ue,C_AE,C_UE,C_BS_hist,lambda_UE,lambda_BS,ue_beams,bs_beams
1415,59.44,42.35,"9.72,13.33,15.31,17.11,18.29,19.33,20.10,20.49,20.95,21.29,21.66,22.04,22.34,22.63,22.99,23.15,23.39,23.57,23.75,23.98,24.16,24.32,24.56,24.65,24.84,24.96,25.17,25.29,25.47,25.64,25.83,25.88,26.04,26.17,26.30,26.37,26.50,26.63,26.72,26.86,26.97,27.06,27.14,27.21,27.32,27.42,27.51,27.66,27.74,27.82,27.89,27.95,28.04,28.13,28.21,28.25,28.30,28.34,28.45,28.50,28.66,28.71,28.77,28.87","0.5626,0.5611,0.5610,0.5604","1.0557,1.0273,0.9770,0.9399,0.0001,0.0001,0.0001,0.0001,0.0000,0.0000,0.0000,0.0000,0.0000,0.0000,0.0000,0.0000,0.0000,0.0000,0.0000,0.0000,0.0000,0.0000,0.0000,0.0000,0.0000,0.0000,0.0000,0.0000,0.0000,0.0000,0.0000,0.0000,0.0000,0.0000,0.0000,0.0000,0.0000,0.0000,0.0000,0.0000,0.0000,0.0000,0.0000,0.0000,0.0000,0.0000,0.0000,0.0000,0.0000,0.0000,0.0000,0.0000,0.0000,0.0000,0.0000,0.0000,0.0000,0.0000,0.0000,0.0000,0.0000,0.0000,0.0000,0.0000","5,5,5,13","40,40,40,40,40,40,40,40,40,40,40,40,40,40,40,40,40,40,40,40,40,40,40,40,40,40,40,40,40,40,40,40,40,40,40,40,40,40,40,40,40,40,40,40,40,40,40,40,40,40,40,40,40,40,40,40,40,40,40,40,40,40,40,40"
1416,72.29,50.99,"10.26,16.58,20.42,22.00,23.28,24.43,25.25,25.97,26.56,27.08,27.52,27.87,28.23,28.43,28.75,29.07,29.41,29.66,29.89,30.08,30.27,30.48,30.75,30.98,31.21,31.41,31.56,31.70,31.82,31.97,32.08,32.32,32.50,32.64,32.78,32.89,32.97,33.08,33.21,33.38,33.53,33.66,33.76,33.84,33.92,34.03,34.14,34.26,34.39,34.50,34.58,34.65,34.72,34.80,34.90,34.99,35.11,35.21,35.31,35.37,35.44,35.47,35.56,35.62","0.4478,0.4476,0.4475,0.4444","1.0088,1.0048,0.9992,0.9863,0.0001,0.0001,0.0001,0.0000,0.0000,0.0000,0.0000,0.0000,0.0000,0.0000,0.0000,0.0000,0.0000,0.0000,0.0000,0.0000,0.0000,0.0000,0.0000,0.0000,0.0000,0.0000,0.0000,0.0000,0.0000,0.0000,0.0000,0.0000,0.0000,0.0000,0.0000,0.0000,0.0000,0.0000,0.0000,0.0000,0.0000,0.0000,0.0000,0.0000,0.0000,0.0000,0.0000,0.0000,0.0000,0.0000,0.0000,0.0000,0.0000,0.0000,0.0000,0.0000,0.0000,0.0000,0.0000,0.0000,0.0000,0.0000,0.0000,0.0000","5,5,5,5","40,54,40,40,40,54,40,40,40,54,54,54,54,40,40,54,54,40,40,40,40,40,54,54,54,54,40,40,40,54,54,40,54,40,54,40,40,40,40,40,40,54,54,54,40,40,40,54,40,54,54,54,40,40,54,54,54,54,40,40,40,24,54,40"
1417,68.93,51.48,"10.96,15.31,18.11,20.05,21.62,22.74,23.57,24.31,24.89,25.40,25.73,26.15,26.31,26.62,26.97,27.28,27.54,27.70,27.68,27.72,27.95,28.35,28.56,28.59,28.71,28.85,29.09,29.22,29.26,29.27,29.42,29.42,29.53,29.59,29.79,29.84,29.90,29.86,29.96,30.20,30.62,30.78,30.83,30.90,30.97,31.18,31.24,31.25,31.33,31.44,31.54,31.63,31.70,31.86,31.88,32.03,32.14,32.23,32.30,32.40,32.50,32.61,32.76,32.93","0.4610,0.4607,0.4606,0.4570","1.0351,1.0254,0.9863,0.9531,0.0001,0.0001,0.0001,0.0000,0.0000,0.0000,0.0000,0.0000,0.0000,0.0000,0.0000,0.0000,0.0000,0.0000,0.0000,0.0000,0.0000,0.0000,0.0000,0.0000,0.0000,0.0000,0.0000,0.0000,0.0000,0.0000,0.0000,0.0000,0.0000,0.0000,0.0000,0.0000,0.0000,0.0000,0.0000,0.0000,0.0000,0.0000,0.0000,0.0000,0.0000,0.0000,0.0000,0.0000,0.0000,0.0000,0.0000,0.0000,0.0000,0.0000,0.0000,0.0000,0.0000,0.0000,0.0000,0.0000,0.0000,0.0000,0.0000,0.0000","4,4,4,4","40,40,40,40,40,40,40,40,40,40,40,40,40,40,40,40,40,40,56,40,40,40,40,24,40,40,40,40,40,56,40,56,40,24,40,56,40,56,56,40,24,40,40,40,24,40,40,56,40,40,40,40,40,40,56,40,24,40,40,40,24,24,40,40"
1418,64.96,54.32,"11.16,19.23,24.65,27.73,28.73,29.67,30.32,30.67,31.37,31.77,32.42,32.96,33.44,33.90,34.17,34.49,34.89,35.25,35.49,35.80,36.04,36.29,36.47,36.58,36.87,37.04,37.26,37.48,37.71,37.89,38.05,38.18,38.39,38.54,38.69,38.86,38.99,39.16,39.28,39.41,39.58,39.69,39.82,39.96,40.08,40.19,40.30,40.41,40.54,40.63,40.73,40.85,40.96,41.05,41.14,41.24,41.35,41.44,41.53,41.64,41.72,41.81,41.88,41.97","0.5397,0.5396,0.5395,0.5361","1.0039,1.0039,1.0019,0.9897,0.0001,0.0001,0.0001,0.0001,0.0000,0.0000,0.0000,0.0000,0.0000,0.0000,0.0000,0.0000,0.0000,0.0000,0.0000,0.0000,0.0000,0.0000,0.0000,0.0000,0.0000,0.0000,0.0000,0.0000,0.0000,0.0000,0.0000,0.0000,0.0000,0.0000,0.0000,0.0000,0.0000,0.0000,0.0000,0.0000,0.0000,0.0000,0.0000,0.0000,0.0000,0.0000,0.0000,0.0000,0.0000,0.0000,0.0000,0.0000,0.0000,0.0000,0.0000,0.0000,0.0000,0.0000,0.0000,0.0000,0.0000,0.0000,0.0000,0.0000","4,4,4,4","32,48,48,32,32,48,48,32,32,32,48,48,48,32,32,48,32,48,48,48,48,32,48,32,32,32,48,48,48,32,32,32,32,48,48,48,48,48,32,32,32,48,48,48,48,32,32,32,32,48,48,48,48,48,32,32,32,48,48,48,48,48,32,32"
1419,53.81,50.08,"11.67,17.66,21.78,23.36,24.49,25.75,26.85,27.93,28.79,29.44,29.88,30.25,30.56,30.81,31.14,31.61,32.11,32.40,32.65,32.89,33.08,33.23,33.43,33.77,34.10,34.29,34.46,34.64,34.77,34.88,35.03,35.29,35.54,35.69,35.82,35.96,36.06,36.14,36.26,36.48,36.68,36.80,36.91,37.02,37.11,37.18,37.28,37.47,37.63,37.73,37.82,37.92,37.99,38.05,38.14,38.32,38.44,38.52,38.60,38.68,38.75,38.81,38.89,39.05","0.6368,0.6366,0.6348,0.6070","1.0293,1.0147,1.0058,0.9502,0.0001,0.0001,0.0001,0.0001,0.0000,0.0000,0.0000,0.0000,0.0000,0.0000,0.0000,0.0000,0.0000,0.0000,0.0000,0.0000,0.0000,0.0000,0.0000,0.0000,0.0000,0.0000,0.0000,0.0000,0.0000,0.0000,0.0000,0.0000,0.0000,0.0000,0.0000,0.0000,0.0000,0.0000,0.0000,0.0000,0.0000,0.0000,0.0000,0.0000,0.0000,0.0000,0.0000,0.0000,0.0000,0.0000,0.0000,0.0000,0.0000,0.0000,0.0000,0.0000,0.0000,0.0000,0.0000,0.0000,0.0000,0.0000,0.0000,0.0000","0,0,0,0","33,49,33,33,33,33,33,33,33,49,49,33,33,33,33,33,33,49,49,33,33,33,33,33,33,49,49,33,33,33,33,33,33,49,49,33,33,33,33,33,33,33,49,33,49,33,33,33,33,33,49,33,49,49,33,33,33,33,49,33,33,49,33,33"
1420,38.38,39.28,"11.50,14.89,16.99,18.47,20.00,21.30,22.33,23.13,23.72,24.21,24.95,25.19,25.48,25.74,26.16,26.61,26.79,27.10,27.36,27.54,27.72,27.94,28.18,28.39,28.61,28.79,28.94,29.05,29.19,29.34,29.50,29.69,29.77,29.92,30.10,30.21,30.21,30.21,30.25,30.39,30.45,30.58,30.56,30.54,30.83,31.07,31.24,31.30,31.30,31.34,31.37,31.49,31.57,31.62,31.73,31.82,31.81,31.83,32.15,32.22,32.26,32.35,32.48,32.57","0.9129,0.9090,0.9058,0.6907","1.0869,1.0801,1.0215,0.8111,0.0001,0.0001,0.0001,0.0001,0.0000,0.0000,0.0000,0.0000,0.0000,0.0000,0.0000,0.0000,0.0000,0.0000,0.0000,0.0000,0.0000,0.0000,0.0000,0.0000,0.0000,0.0000,0.0000,0.0000,0.0000,0.0000,0.0000,0.0000,0.0000,0.0000,0.0000,0.0000,0.0000,0.0000,0.0000,0.0000,0.0000,0.0000,0.0000,0.0000,0.0000,0.0000,0.0000,0.0000,0.0000,0.0000,0.0000,0.0000,0.0000,0.0000,0.0000,0.0000,0.0000,0.0000,0.0000,0.0000,0.0000,0.0000,0.0000,0.0000","0,0,0,0","32,32,32,32,32,32,32,32,32,32,32,32,32,32,32,32,32,32,32,32,32,32,32,32,32,32,32,32,32,32,32,32,32,32,32,32,48,0,32,32,32,32,0,32,32,32,32,32,0,32,32,32,32,32,32,32,48,32,32,32,32,32,32,32"
1421,40.65,41.08,"11.56,15.10,17.21,18.62,20.01,21.31,22.44,23.42,24.00,24.28,24.56,24.85,25.11,25.36,25.70,26.16,26.48,26.64,26.80,26.98,27.14,27.28,27.49,27.80,28.01,28.12,28.24,28.36,28.48,28.57,28.72,28.96,29.12,29.21,29.29,29.39,29.48,29.56,29.68,29.87,30.00,30.07,30.14,30.22,30.29,30.36,30.47,30.64,30.74,30.80,30.86,30.93,30.99,31.05,31.14,31.30,31.39,31.44,31.49,31.55,31.61,31.74,31.82,31.98","0.7334,0.7270,0.7143,0.6778","1.1719,1.1572,1.0293,0.6416,0.0001,0.0001,0.0001,0.0000,0.0000,0.0000,0.0000,0.0000,0.0000,0.0000,0.0000,0.0000,0.0000,0.0000,0.0000,0.0000,0.0000,0.0000,0.0000,0.0000,0.0000,0.0000,0.0000,0.0000,0.0000,0.0000,0.0000,0.0000,0.0000,0.0000,0.0000,0.0000,0.0000,0.0000,0.0000,0.0000,0.0000,0.0000,0.0000,0.0000,0.0000,0.0000,0.0000,0.0000,0.0000,0.0000,0.0000,0.0000,0.0000,0.0000,0.0000,0.0000,0.0000,0.0000,0.0000,0.0000,0.0000,0.0000,0.0000,0.0000","4,4,4,4","33,33,33,33,33,33,33,33,33,33,33,33,33,33,33,33,33,33,33,33,33,33,33,33,33,33,33,33,33,33,33,33,33,33,33,33,33,33,33,33,33,33,33,33,33,33,33,33,33,33,33,33,33,33,33,33,33,33,33,33,33,33,33,33"
1422,52.05,50.23,"10.08,16.91,19.49,21.19,22.56,23.48,24.02,24.79,25.66,26.22,26.89,27.45,27.90,28.22,28.62,28.93,29.38,29.71,30.14,30.30,30.50,30.81,31.09,31.29,31.62,31.94,32.01,32.22,32.34,32.44,32.82,32.95,33.07,33.09,33.20,33.33,33.51,33.61,33.61,33.63,33.74,33.97,34.09,34.12,34.18,34.26,34.32,34.47,34.55,34.59,34.58,34.59,34.64,34.74,34.83,34.94,34.99,35.20,35.33,35.58,35.63,35.70,35.80,35.87","1.0011,1.0000,0.9995,0.9994","1.0049,1.0048,0.9961,0.9946,0.0001,0.0001,0.0001,0.0001,0.0000,0.0000,0.0000,0.0000,0.0000,0.0000,0.0000,0.0000,0.0000,0.0000,0.0000,0.0000,0.0000,0.0000,0.0000,0.0000,0.0000,0.0000,0.0000,0.0000,0.0000,0.0000,0.0000,0.0000,0.0000,0.0000,0.0000,0.0000,0.0000,0.0000,0.0000,0.0000,0.0000,0.0000,0.0000,0.0000,0.0000,0.0000,0.0000,0.0000,0.0000,0.0000,0.0000,0.0000,0.0000,0.0000,0.0000,0.0000,0.0000,0.0000,0.0000,0.0000,0.0000,0.0000,0.0000,0.0000","9,9,9,0","55,33,39,33,33,33,33,33,33,39,55,55,39,55,39,33,33,33,55,39,55,33,33,33,33,55,33,53,39,33,55,39,39,39,39,53,39,39,39,39,33,55,39,39,39,39,53,33,53,39,39,53,39,39,33,55,33,33,33,55,39,39,39,39"
1423,50.24,48.61,"11.17,15.76,18.63,21.05,22.74,24.34,25.48,26.41,27.00,27.45,27.90,28.29,28.62,28.93,29.26,29.71,30.08,30.33,30.61,30.89,31.12,31.30,31.53,31.87,32.11,32.26,32.45,32.64,32.81,32.94,33.11,33.36,33.54,33.67,33.82,33.97,34.10,34.21,34.34,34.56,34.70,34.80,34.91,35.04,35.15,35.24,35.36,35.53,35.65,35.73,35.84,35.95,36.05,36.11,36.22,36.39,36.48,36.55,36.62,36.72,36.80,36.87,36.96,37.10","0.6914,0.6910,0.6908,0.6714","1.0195,1.0058,1.0000,0.9751,0.0001,0.0001,0.0001,0.0000,0.0000,0.0000,0.0000,0.0000,0.0000,0.0000,0.0000,0.0000,0.0000,0.0000,0.0000,0.0000,0.0000,0.0000,0.0000,0.0000,0.0000,0.0000,0.0000,0.0000,0.0000,0.0000,0.0000,0.0000,0.0000,0.0000,0.0000,0.0000,0.0000,0.0000,0.0000,0.0000,0.0000,0.0000,0.0000,0.0000,0.0000,0.0000,0.0000,0.0000,0.0000,0.0000,0.0000,0.0000,0.0000,0.0000,0.0000,0.0000,0.0000,0.0000,0.0000,0.0000,0.0000,0.0000,0.0000,0.0000","1,1,9,1","33,33,33,33,33,33,33,33,33,33,33,33,33,33,33,33,33,33,33,33,33,33,33,33,33,33,33,33,33,33,33,33,33,33,33,33,33,33,33,33,33,33,33,33,33,33,33,33,33,33,33,33,33,33,33,33,33,33,33,33,33,33,33,33"
1424,32.36,32.03,"10.86,12.63,14.20,15.32,16.16,16.85,17.46,17.90,18.09,18.49,18.78,18.97,19.19,19.59,19.66,20.01,20.16,20.29,20.38,20.52,20.71,20.98,21.14,21.35,21.53,21.69,21.75,21.77,21.89,22.10,22.23,22.34,22.35,22.35,22.32,22.35,22.45,22.54,22.62,22.69,22.78,23.08,23.27,23.33,23.42,23.46,23.51,23.67,23.76,23.80,23.84,23.88,23.89,23.91,23.95,24.06,24.17,24.30,24.40,24.48,24.57,24.66,24.75,24.84","1.0663,1.0567,0.9681,0.9096","1.3310,1.2002,1.1045,0.3645,0.0001,0.0001,0.0001,0.0000,0.0000,0.0000,0.0000,0.0000,0.0000,0.0000,0.0000,0.0000,0.0000,0.0000,0.0000,0.0000,0.0000,0.0000,0.0000,0.0000,0.0000,0.0000,0.0000,0.0000,0.0000,0.0000,0.0000,0.0000,0.0000,0.0000,0.0000,0.0000,0.0000,0.0000,0.0000,0.0000,0.0000,0.0000,0.0000,0.0000,0.0000,0.0000,0.0000,0.0000,0.0000,0.0000,0.0000,0.0000,0.0000,0.0000,0.0000,0.0000,0.0000,0.0000,0.0000,0.0000,0.0000,0.0000,0.0000,0.0000","0,0,0,0","33,33,33,33,33,33,33,33,33,33,33,33,33,33,16,33,33,33,33,33,33,33,33,33,33,33,33,16,33,33,33,33,16,0,39,33,33,33,33,33,33,33,33,16,33,33,16,33,33,16,33,16,33,33,33,33,33,33,33,33,33,33,33,33"
1425,31.59,29.87,"10.47,11.63,12.73,13.68,14.47,15.15,15.73,16.25,16.59,16.85,17.04,17.23,17.44,17.69,17.97,18.23,18.38,18.42,18.68,18.89,19.04,19.17,19.34,19.53,19.52,19.53,19.58,19.71,19.83,19.85,19.83,19.81,20.02,20.06,20.10,20.18,20.40,20.57,20.64,20.72,20.90,21.01,21.10,21.18,21.26,21.34,21.43,21.52,21.63,21.73,21.81,21.87,21.92,21.99,22.06,22.14,22.23,22.32,22.36,22.42,22.49,22.55,22.59,22.65","1.0760,1.0595,0.9855,0.8794","1.3535,1.1455,1.1192,0.3816,0.0001,0.0001,0.0001,0.0000,0.0000,0.0000,0.0000,0.0000,0.0000,0.0000,0.0000,0.0000,0.0000,0.0000,0.0000,0.0000,0.0000,0.0000,0.0000,0.0000,0.0000,0.0000,0.0000,0.0000,0.0000,0.0000,0.0000,0.0000,0.0000,0.0000,0.0000,0.0000,0.0000,0.0000,0.0000,0.0000,0.0000,0.0000,0.0000,0.0000,0.0000,0.0000,0.0000,0.0000,0.0000,0.0000,0.0000,0.0000,0.0000,0.0000,0.0000,0.0000,0.0000,0.0000,0.0000,0.0000,0.0000,0.0000,0.0000,0.0000","5,5,5,5","25,25,25,25,25,25,25,25,25,25,25,25,25,25,25,25,25,25,25,25,25,25,25,25,37,31,25,25,25,37,37,37,25,25,25,25,25,25,25,25,25,25,25,25,25,25,25,25,25,25,25,25,25,25,25,25,25,25,25,25,25,25,25,25"
1426,71.31,52.89,"10.72,18.11,23.40,26.06,27.30,27.86,28.51,29.07,29.63,30.19,31.01,31.33,31.63,31.93,32.14,32.34,32.45,32.76,33.36,33.57,33.75,33.91,33.97,34.13,34.19,34.57,35.07,35.34,35.46,35.60,35.74,35.82,35.96,36.13,36.34,36.43,36.52,36.62,36.77,36.86,36.96,36.99,37.10,37.35,37.43,37.50,37.58,37.59,37.64,37.65,37.72,38.01,38.07,38.13,38.18,38.23,38.24,38.26,38.34,38.48,38.55,38.60,38.68,38.74","0.5519,0.5517,0.5517,0.5507","1.0078,1.0019,0.9956,0.9942,0.0001,0.0001,0.0001,0.0001,0.0000,0.0000,0.0000,0.0000,0.0000,0.0000,0.0000,0.0000,0.0000,0.0000,0.0000,0.0000,0.0000,0.0000,0.0000,0.0000,0.0000,0.0000,0.0000,0.0000,0.0000,0.0000,0.0000,0.0000,0.0000,0.0000,0.0000,0.0000,0.0000,0.0000,0.0000,0.0000,0.0000,0.0000,0.0000,0.0000,0.0000,0.0000,0.0000,0.0000,0.0000,0.0000,0.0000,0.0000,0.0000,0.0000,0.0000,0.0000,0.0000,0.0000,0.0000,0.0000,0.0000,0.0000,0.0000,0.0000","9,9,1,9","8,24,24,24,24,8,8,8,8,24,24,8,24,8,8,24,24,8,24,8,8,8,8,24,8,24,24,24,8,8,8,8,24,24,8,24,8,8,8,8,24,41,8,24,8,8,8,41,24,41,8,24,8,8,8,24,24,10,24,8,8,8,8,8"
1427,77.68,54.03,"10.02,17.10,21.79,24.39,24.79,25.42,25.78,26.15,26.79,27.36,27.86,28.29,28.56,28.86,29.01,29.26,29.56,29.92,30.50,30.75,31.11,31.33,31.49,31.55,31.82,32.16,32.38,32.58,32.76,32.98,33.14,33.28,33.47,33.65,33.81,34.04,34.19,34.33,34.45,34.56,34.70,34.83,35.00,35.08,35.17,35.30,35.40,35.47,35.58,35.66,35.81,35.88,36.06,36.14,36.21,36.27,36.27,36.38,36.53,36.59,36.64,36.71,36.77,36.81","0.5363,0.5362,0.5361,0.5360","1.0088,1.0048,0.9941,0.9927,0.0001,0.0001,0.0001,0.0001,0.0000,0.0000,0.0000,0.0000,0.0000,0.0000,0.0000,0.0000,0.0000,0.0000,0.0000,0.0000,0.0000,0.0000,0.0000,0.0000,0.0000,0.0000,0.0000,0.0000,0.0000,0.0000,0.0000,0.0000,0.0000,0.0000,0.0000,0.0000,0.0000,0.0000,0.0000,0.0000,0.0000,0.0000,0.0000,0.0000,0.0000,0.0000,0.0000,0.0000,0.0000,0.0000,0.0000,0.0000,0.0000,0.0000,0.0000,0.0000,0.0000,0.0000,0.0000,0.0000,0.0000,0.0000,0.0000,0.0000","4,4,4,4","9,25,25,25,9,9,9,25,25,25,25,25,9,25,9,25,25,25,25,9,25,9,9,9,25,25,25,25,25,25,9,9,25,25,25,25,9,9,9,9,25,25,25,9,9,25,9,9,25,25,25,9,25,9,9,9,15,25,25,9,9,9,25,9"
1428,45.79,40.45,"11.07,13.27,14.90,16.14,17.21,18.09,18.88,19.57,20.00,20.26,20.43,20.62,20.85,21.06,21.29,21.60,21.91,22.24,22.47,22.66,22.80,22.99,23.17,23.37,23.59,23.79,23.94,24.09,24.27,24.44,24.74,24.75,24.92,25.07,25.19,25.30,25.43,25.55,25.68,25.82,25.95,26.04,26.13,26.21,26.30,26.39,26.49,26.59,26.69,26.76,26.83,26.89,26.96,27.03,27.10,27.19,27.27,27.34,27.40,27.61,27.61,27.70,27.78,27.87","0.6323,0.6279,0.6264,0.6161","1.1299,1.1016,0.9004,0.8687,0.0001,0.0001,0.0001,0.0001,0.0000,0.0000,0.0000,0.0000,0.0000,0.0000,0.0000,0.0000,0.0000,0.0000,0.0000,0.0000,0.0000,0.0000,0.0000,0.0000,0.0000,0.0000,0.0000,0.0000,0.0000,0.0000,0.0000,0.0000,0.0000,0.0000,0.0000,0.0000,0.0000,0.0000,0.0000,0.0000,0.0000,0.0000,0.0000,0.0000,0.0000,0.0000,0.0000,0.0000,0.0000,0.0000,0.0000,0.0000,0.0000,0.0000,0.0000,0.0000,0.0000,0.0000,0.0000,0.0000,0.0000,0.0000,0.0000,0.0000","5,5,5,5","32,32,32,32,32,32,32,32,32,32,32,32,32,32,32,32,32,32,32,32,32,32,32,32,32,32,32,32,32,32,32,32,32,32,32,32,32,32,32,32,32,32,32,32,32,32,32,32,32,32,32,32,32,32,32,32,32,32,32,38,36,32,32,32"
1429,51.03,43.17,"8.94,12.65,14.73,15.81,16.87,17.89,18.58,19.31,19.97,20.57,20.91,21.12,21.31,21.75,22.14,22.37,22.67,23.01,23.41,23.78,24.02,24.22,24.44,24.63,24.77,24.93,25.14,25.31,25.44,25.59,25.72,25.90,26.09,26.19,26.28,26.41,26.57,26.70,26.81,26.97,27.12,27.20,27.28,27.47,27.60,27.72,27.84,27.99,28.09,28.19,28.30,28.42,28.52,28.62,28.72,28.84,28.90,28.96,29.05,29.13,29.20,29.24,29.29,29.28","0.6314,0.6313,0.6269,0.6254","1.0283,1.0107,1.0078,0.9532,0.0001,0.0001,0.0001,0.0001,0.0000,0.0000,0.0000,0.0000,0.0000,0.0000,0.0000,0.0000,0.0000,0.0000,0.0000,0.0000,0.0000,0.0000,0.0000,0.0000,0.0000,0.0000,0.0000,0.0000,0.0000,0.0000,0.0000,0.0000,0.0000,0.0000,0.0000,0.0000,0.0000,0.0000,0.0000,0.0000,0.0000,0.0000,0.0000,0.0000,0.0000,0.0000,0.0000,0.0000,0.0000,0.0000,0.0000,0.0000,0.0000,0.0000,0.0000,0.0000,0.0000,0.0000,0.0000,0.0000,0.0000,0.0000,0.0000,0.0000","5,5,13,5","17,33,17,17,17,17,17,17,17,17,17,33,17,17,17,17,17,17,17,17,17,17,17,17,33,17,17,17,17,17,17,17,33,33,17,17,17,17,17,17,33,33,17,17,17,17,17,17,17,17,17,17,17,17,17,17,17,17,17,17,33,33,17,39"
1430,43.16,37.98,"9.26,10.70,11.98,13.07,13.97,14.75,15.41,15.98,16.42,16.70,16.89,17.06,17.22,17.42,17.66,17.95,18.20,18.36,18.47,18.57,18.66,18.78,18.91,19.11,19.28,19.40,19.51,19.59,19.66,19.78,19.89,20.03,20.18,20.25,20.33,20.41,20.47,20.57,20.68,20.82,20.94,21.02,21.09,21.15,21.21,21.27,21.35,21.46,21.57,21.69,21.80,21.85,21.95,22.03,22.12,22.22,22.31,22.38,22.44,22.49,22.56,22.57,22.62,22.69","0.7007,0.6963,0.6962,0.6856","1.1338,1.0987,1.0205,0.7466,0.0001,0.0001,0.0001,0.0000,0.0000,0.0000,0.0000,0.0000,0.0000,0.0000,0.0000,0.0000,0.0000,0.0000,0.0000,0.0000,0.0000,0.0000,0.0000,0.0000,0.0000,0.0000,0.0000,0.0000,0.0000,0.0000,0.0000,0.0000,0.0000,0.0000,0.0000,0.0000,0.0000,0.0000,0.0000,0.0000,0.0000,0.0000,0.0000,0.0000,0.0000,0.0000,0.0000,0.0000,0.0000,0.0000,0.0000,0.0000,0.0000,0.0000,0.0000,0.0000,0.0000,0.0000,0.0000,0.0000,0.0000,0.0000,0.0000,0.0000","5,12,5,5","33,31,33,33,33,33,33,33,33,33,33,33,33,33,33,33,33,33,33,33,33,33,33,33,33,33,31,31,31,31,17,33,17,31,31,31,31,31,33,33,31,31,31,33,31,31,33,33,33,17,17,31,31,33,33,33,33,33,33,17,31,33,31,33"
1431,49.02,46.33,"11.33,15.76,18.06,19.65,21.22,22.66,23.90,24.92,25.48,26.12,26.62,27.04,27.44,27.87,28.35,28.81,29.25,29.62,29.91,30.15,30.41,30.69,30.99,31.26,31.51,31.74,31.93,32.08,32.23,32.39,32.57,32.74,32.93,33.07,33.19,33.29,33.40,33.52,33.66,33.80,33.93,34.05,34.15,34.24,34.34,34.44,34.56,34.69,34.80,34.92,35.02,35.10,35.19,35.27,35.36,35.45,35.58,35.69,35.79,35.86,35.93,36.00,36.08,36.18","0.7286,0.7284,0.7217,0.7070","1.0459,1.0322,1.0019,0.9199,0.0001,0.0001,0.0001,0.0001,0.0000,0.0000,0.0000,0.0000,0.0000,0.0000,0.0000,0.0000,0.0000,0.0000,0.0000,0.0000,0.0000,0.0000,0.0000,0.0000,0.0000,0.0000,0.0000,0.0000,0.0000,0.0000,0.0000,0.0000,0.0000,0.0000,0.0000,0.0000,0.0000,0.0000,0.0000,0.0000,0.0000,0.0000,0.0000,0.0000,0.0000,0.0000,0.0000,0.0000,0.0000,0.0000,0.0000,0.0000,0.0000,0.0000,0.0000,0.0000,0.0000,0.0000,0.0000,0.0000,0.0000,0.0000,0.0000,0.0000","4,4,4,4","33,33,33,33,33,33,33,33,33,33,33,33,33,33,33,33,33,33,33,33,33,33,33,33,33,33,33,33,33,33,33,33,33,33,33,33,33,33,33,33,33,33,33,33,33,33,33,33,33,33,33,33,33,33,33,33,33,33,33,33,33,33,33,33"
1432,40.68,34.31,"11.97,14.37,16.17,17.49,18.49,19.27,19.85,20.32,20.73,21.00,21.19,21.37,21.56,21.77,22.01,22.27,22.50,22.66,22.78,22.88,22.99,23.12,23.27,23.44,23.60,23.71,23.80,23.88,24.14,24.14,24.14,24.29,24.42,24.51,24.58,24.64,24.71,24.80,24.89,25.01,25.11,25.18,25.24,25.29,25.35,25.41,25.49,25.59,25.67,25.74,25.79,25.84,25.88,25.93,26.00,26.08,26.16,26.21,26.25,26.30,26.33,26.38,26.43,26.51","0.7217,0.7174,0.7001,0.6758","1.2129,1.1719,0.8184,0.7964,0.0001,0.0001,0.0001,0.0001,0.0000,0.0000,0.0000,0.0000,0.0000,0.0000,0.0000,0.0000,0.0000,0.0000,0.0000,0.0000,0.0000,0.0000,0.0000,0.0000,0.0000,0.0000,0.0000,0.0000,0.0000,0.0000,0.0000,0.0000,0.0000,0.0000,0.0000,0.0000,0.0000,0.0000,0.0000,0.0000,0.0000,0.0000,0.0000,0.0000,0.0000,0.0000,0.0000,0.0000,0.0000,0.0000,0.0000,0.0000,0.0000,0.0000,0.0000,0.0000,0.0000,0.0000,0.0000,0.0000,0.0000,0.0000,0.0000,0.0000","0,0,0,0","24,24,24,24,24,24,24,24,24,24,24,24,24,24,24,24,24,24,24,24,24,24,24,24,24,24,24,24,24,28,18,24,24,24,24,24,24,24,24,24,24,24,24,24,24,24,24,24,24,24,24,24,24,24,24,24,24,24,24,24,24,24,24,24"
1433,43.09,34.69,"8.84,9.77,10.41,10.90,11.34,11.75,12.10,12.42,12.66,12.86,13.02,13.14,13.26,13.40,13.55,13.72,13.84,13.95,14.05,14.13,14.19,14.26,14.35,14.46,14.54,14.61,14.67,14.73,14.78,14.83,14.89,14.96,15.01,15.08,15.13,15.17,15.21,15.25,15.29,15.35,15.40,15.49,15.60,15.66,15.72,15.77,15.80,15.86,15.90,16.00,16.09,16.15,16.19,16.22,16.25,16.30,16.32,16.40,16.47,16.52,16.56,16.61,16.64,16.70","0.6065,0.6035,0.5971,0.5528","1.0537,1.0049,0.9962,0.9448,0.0001,0.0001,0.0001,0.0001,0.0000,0.0000,0.0000,0.0000,0.0000,0.0000,0.0000,0.0000,0.0000,0.0000,0.0000,0.0000,0.0000,0.0000,0.0000,0.0000,0.0000,0.0000,0.0000,0.0000,0.0000,0.0000,0.0000,0.0000,0.0000,0.0000,0.0000,0.0000,0.0000,0.0000,0.0000,0.0000,0.0000,0.0000,0.0000,0.0000,0.0000,0.0000,0.0000,0.0000,0.0000,0.0000,0.0000,0.0000,0.0000,0.0000,0.0000,0.0000,0.0000,0.0000,0.0000,0.0000,0.0000,0.0000,0.0000,0.0000","1,9,9,1","33,33,33,33,33,33,33,33,33,33,33,33,33,33,33,33,33,33,33,33,33,33,33,33,17,17,33,33,33,33,33,33,17,17,17,17,33,33,33,33,33,17,33,33,33,33,17,33,17,17,17,33,17,17,17,33,17,17,17,33,17,17,17,17"
1434,69.58,47.40,"11.37,15.49,17.51,19.36,20.94,22.03,22.87,23.93,24.68,25.07,25.40,25.79,26.18,26.48,26.78,27.28,27.76,27.99,28.18,28.41,28.63,28.82,29.00,29.31,29.59,29.73,29.86,30.01,30.15,30.28,30.40,30.63,30.85,30.98,31.08,31.20,31.32,31.41,31.51,31.69,31.88,31.97,32.06,32.16,32.26,32.33,32.40,32.54,32.69,32.78,32.86,32.94,33.02,33.08,33.15,33.27,33.42,33.50,33.56,33.64,33.72,33.79,33.85,33.96","0.4608,0.4607,0.4600,0.4580","1.0264,1.0000,0.9981,0.9751,0.0001,0.0001,0.0001,0.0000,0.0000,0.0000,0.0000,0.0000,0.0000,0.0000,0.0000,0.0000,0.0000,0.0000,0.0000,0.0000,0.0000,0.0000,0.0000,0.0000,0.0000,0.0000,0.0000,0.0000,0.0000,0.0000,0.0000,0.0000,0.0000,0.0000,0.0000,0.0000,0.0000,0.0000,0.0000,0.0000,0.0000,0.0000,0.0000,0.0000,0.0000,0.0000,0.0000,0.0000,0.0000,0.0000,0.0000,0.0000,0.0000,0.0000,0.0000,0.0000,0.0000,0.0000,0.0000,0.0000,0.0000,0.0000,0.0000,0.0000","4,4,13,4","24,24,24,24,24,24,24,24,24,24,24,24,24,24,24,24,24,24,24,24,24,24,24,24,24,24,24,24,24,24,24,24,24,24,24,24,24,24,24,24,24,24,24,24,24,24,24,24,24,24,24,24,24,24,24,24,24,24,24,24,24,24,24,24"
1435,71.24,52.19,"10.58,16.16,20.51,21.96,23.45,25.02,26.35,27.45,29.28,29.98,30.46,30.90,31.33,31.72,32.06,32.44,32.74,33.07,33.35,33.59,33.79,33.98,34.20,34.55,34.86,35.08,35.23,35.38,35.57,35.75,35.92,36.12,36.26,36.43,36.45,36.60,36.73,36.79,36.89,37.00,37.28,37.44,37.55,37.66,37.77,37.88,37.97,38.11,38.23,38.36,38.46,38.56,38.65,38.73,38.81,38.90,39.05,39.18,39.28,39.36,39.44,39.51,39.55,39.63","0.4849,0.4849,0.4847,0.4824","1.0146,1.0000,0.9975,0.9873,0.0001,0.0001,0.0001,0.0000,0.0000,0.0000,0.0000,0.0000,0.0000,0.0000,0.0000,0.0000,0.0000,0.0000,0.0000,0.0000,0.0000,0.0000,0.0000,0.0000,0.0000,0.0000,0.0000,0.0000,0.0000,0.0000,0.0000,0.0000,0.0000,0.0000,0.0000,0.0000,0.0000,0.0000,0.0000,0.0000,0.0000,0.0000,0.0000,0.0000,0.0000,0.0000,0.0000,0.0000,0.0000,0.0000,0.0000,0.0000,0.0000,0.0000,0.0000,0.0000,0.0000,0.0000,0.0000,0.0000,0.0000,0.0000,0.0000,0.0000","5,5,5,5","25,41,25,25,25,25,25,25,25,25,25,25,25,25,25,25,25,25,25,25,25,25,25,25,25,25,25,25,25,25,25,25,25,25,27,25,25,31,25,25,25,25,25,25,25,25,25,25,25,25,25,25,25,25,25,25,25,25,25,25,25,25,31,25"
1436,70.56,47.77,"10.55,14.60,17.48,19.40,21.01,22.25,23.34,24.31,24.87,25.26,25.63,26.07,26.49,26.78,27.19,27.63,27.88,28.21,28.50,28.73,28.95,29.14,29.38,29.65,29.76,29.98,30.18,30.37,30.52,30.68,30.84,31.02,31.09,31.29,31.45,31.61,31.77,31.90,32.03,32.18,32.21,32.27,32.40,32.57,32.56,32.50,32.53,32.81,32.92,33.04,33.19,33.29,33.38,33.45,33.52,33.60,33.65,33.77,33.90,33.99,34.06,34.14,34.21,34.26","0.4726,0.4725,0.4721,0.4716","1.0146,1.0029,0.9961,0.9859,0.0001,0.0001,0.0001,0.0001,0.0000,0.0000,0.0000,0.0000,0.0000,0.0000,0.0000,0.0000,0.0000,0.0000,0.0000,0.0000,0.0000,0.0000,0.0000,0.0000,0.0000,0.0000,0.0000,0.0000,0.0000,0.0000,0.0000,0.0000,0.0000,0.0000,0.0000,0.0000,0.0000,0.0000,0.0000,0.0000,0.0000,0.0000,0.0000,0.0000,0.0000,0.0000,0.0000,0.0000,0.0000,0.0000,0.0000,0.0000,0.0000,0.0000,0.0000,0.0000,0.0000,0.0000,0.0000,0.0000,0.0000,0.0000,0.0000,0.0000","5,5,5,12","25,31,31,31,25,31,25,25,31,31,31,31,31,25,25,25,31,31,31,25,31,25,25,25,25,31,31,31,31,31,25,25,33,31,31,31,31,31,25,25,31,31,31,31,17,17,25,25,25,31,31,33,33,33,33,25,31,31,31,33,33,33,33,33"
1437,73.12,51.35,"11.26,16.72,20.02,22.78,24.66,26.62,28.17,29.24,30.06,31.08,31.60,32.09,32.58,32.99,33.35,33.77,34.02,34.31,34.58,34.80,35.04,35.29,35.56,35.84,36.04,36.25,36.46,36.64,36.80,36.96,37.14,37.32,37.45,37.60,37.76,37.91,38.02,38.15,38.28,38.44,38.55,38.66,38.78,38.89,38.98,39.07,39.18,39.31,39.32,39.38,39.52,39.66,39.66,39.65,39.65,39.64,39.64,39.73,39.75,39.80,39.90,40.02,40.11,40.19","0.5064,0.5062,0.5059,0.5058","1.0059,1.0000,0.9990,0.9951,0.0001,0.0001,0.0000,0.0000,0.0000,0.0000,0.0000,0.0000,0.0000,0.0000,0.0000,0.0000,0.0000,0.0000,0.0000,0.0000,0.0000,0.0000,0.0000,0.0000,0.0000,0.0000,0.0000,0.0000,0.0000,0.0000,0.0000,0.0000,0.0000,0.0000,0.0000,0.0000,0.0000,0.0000,0.0000,0.0000,0.0000,0.0000,0.0000,0.0000,0.0000,0.0000,0.0000,0.0000,0.0000,0.0000,0.0000,0.0000,0.0000,0.0000,0.0000,0.0000,0.0000,0.0000,0.0000,0.0000,0.0000,0.0000,0.0000,0.0000","0,0,0,9","32,32,32,32,32,32,32,32,32,32,32,32,32,32,32,32,32,32,32,32,32,32,32,32,32,32,32,32,32,32,32,32,32,32,32,32,32,32,32,32,32,32,32,32,32,32,32,32,16,32,32,32,16,49,49,1,16,16,16,32,32,32,32,32"
1438,81.20,54.09,"11.24,17.46,21.83,23.70,25.25,26.57,27.74,28.70,29.41,30.02,30.42,30.71,31.04,31.35,31.64,31.99,32.42,32.72,32.96,33.18,33.41,33.58,33.77,34.04,34.36,34.56,34.78,34.97,35.14,35.29,35.42,35.59,35.82,35.98,36.13,36.27,36.40,36.51,36.60,36.74,36.93,37.08,37.17,37.32,37.44,37.53,37.61,37.71,37.87,38.00,38.09,38.20,38.30,38.39,38.47,38.56,38.69,38.80,38.88,38.95,39.04,39.12,39.18,39.25","0.4612,0.4612,0.4609,0.4608","1.0166,1.0049,0.9951,0.9834,0.0001,0.0001,0.0001,0.0001,0.0000,0.0000,0.0000,0.0000,0.0000,0.0000,0.0000,0.0000,0.0000,0.0000,0.0000,0.0000,0.0000,0.0000,0.0000,0.0000,0.0000,0.0000,0.0000,0.0000,0.0000,0.0000,0.0000,0.0000,0.0000,0.0000,0.0000,0.0000,0.0000,0.0000,0.0000,0.0000,0.0000,0.0000,0.0000,0.0000,0.0000,0.0000,0.0000,0.0000,0.0000,0.0000,0.0000,0.0000,0.0000,0.0000,0.0000,0.0000,0.0000,0.0000,0.0000,0.0000,0.0000,0.0000,0.0000,0.0000","4,4,4,4","25,39,25,39,25,31,25,25,25,39,39,31,25,31,25,25,25,31,39,25,25,25,31,25,25,25,39,39,25,25,25,25,25,25,39,31,25,25,25,25,25,25,25,39,25,25,25,25,25,25,25,39,25,25,25,25,25,25,25,25,25,25,25,25"
1439,64.48,53.43,"10.78,17.72,21.28,23.77,25.83,27.37,28.65,29.58,30.19,30.71,31.11,31.44,31.83,32.21,32.65,33.07,33.44,33.77,34.00,34.18,34.41,34.66,34.94,35.23,35.48,35.71,35.88,36.01,36.18,36.37,36.56,36.76,36.96,37.14,37.27,37.37,37.50,37.65,37.79,37.96,38.11,38.26,38.36,38.44,38.56,38.67,38.79,38.92,39.05,39.17,39.26,39.34,39.43,39.53,39.63,39.74,39.84,39.96,40.03,40.09,40.18,40.26,40.35,40.44","0.8005,0.8004,0.8003,0.8002","1.0039,1.0000,1.0000,0.9955,0.0001,0.0001,0.0000,0.0000,0.0000,0.0000,0.0000,0.0000,0.0000,0.0000,0.0000,0.0000,0.0000,0.0000,0.0000,0.0000,0.0000,0.0000,0.0000,0.0000,0.0000,0.0000,0.0000,0.0000,0.0000,0.0000,0.0000,0.0000,0.0000,0.0000,0.0000,0.0000,0.0000,0.0000,0.0000,0.0000,0.0000,0.0000,0.0000,0.0000,0.0000,0.0000,0.0000,0.0000,0.0000,0.0000,0.0000,0.0000,0.0000,0.0000,0.0000,0.0000,0.0000,0.0000,0.0000,0.0000,0.0000,0.0000,0.0000,0.0000","5,5,5,5","31,31,31,31,31,31,31,31,31,31,31,31,31,31,31,31,31,31,31,31,31,31,31,31,31,31,31,31,31,31,31,31,31,31,31,31,31,31,31,31,31,31,31,31,31,31,31,31,31,31,31,31,31,31,31,31,31,31,31,31,31,31,31,31"
1440,62.67,54.10,"9.94,16.71,20.91,24.00,25.54,26.72,27.40,28.15,28.92,29.67,30.12,30.50,30.96,31.39,31.84,32.25,32.64,32.96,33.23,33.46,33.69,33.95,34.27,34.57,34.80,35.03,35.24,35.40,35.56,35.75,35.97,36.19,36.37,36.55,36.70,36.82,36.94,37.08,37.25,37.43,37.55,37.68,37.80,37.90,37.99,38.10,38.24,38.39,38.49,38.59,38.68,38.76,38.84,38.94,39.04,39.17,39.24,39.32,39.41,39.47,39.54,39.62,39.71,39.81","0.8088,0.8087,0.8085,0.8079","1.0019,1.0009,0.9993,0.9980,0.0001,0.0001,0.0001,0.0000,0.0000,0.0000,0.0000,0.0000,0.0000,0.0000,0.0000,0.0000,0.0000,0.0000,0.0000,0.0000,0.0000,0.0000,0.0000,0.0000,0.0000,0.0000,0.0000,0.0000,0.0000,0.0000,0.0000,0.0000,0.0000,0.0000,0.0000,0.0000,0.0000,0.0000,0.0000,0.0000,0.0000,0.0000,0.0000,0.0000,0.0000,0.0000,0.0000,0.0000,0.0000,0.0000,0.0000,0.0000,0.0000,0.0000,0.0000,0.0000,0.0000,0.0000,0.0000,0.0000,0.0000,0.0000,0.0000,0.0000","9,0,0,0","31,31,62,31,31,31,31,31,31,31,31,31,31,31,31,31,31,31,31,31,31,31,31,31,31,31,31,31,31,31,31,31,31,31,25,31,31,31,31,31,31,31,31,31,31,31,31,31,31,31,31,25,31,31,31,31,31,31,31,31,31,31,31,31"
1447,53.31,39.47,"9.87,12.56,13.97,14.79,15.41,15.97,16.51,16.89,17.36,17.64,17.88,18.19,18.44,18.64,18.87,19.20,19.40,19.54,19.64,19.77,19.93,20.07,20.22,20.44,20.59,20.70,20.79,20.89,21.01,21.16,21.32,21.51,21.65,21.73,21.80,21.88,21.97,22.05,22.17,22.33,22.43,22.50,22.54,22.60,22.67,22.73,22.80,22.92,23.02,23.08,23.13,23.18,23.25,23.31,23.37,23.47,23.55,23.60,23.65,23.71,23.77,23.84,23.92,24.04","0.5859,0.5855,0.5848,0.5771","1.0781,1.0127,0.9619,0.9473,0.0001,0.0001,0.0001,0.0001,0.0000,0.0000,0.0000,0.0000,0.0000,0.0000,0.0000,0.0000,0.0000,0.0000,0.0000,0.0000,0.0000,0.0000,0.0000,0.0000,0.0000,0.0000,0.0000,0.0000,0.0000,0.0000,0.0000,0.0000,0.0000,0.0000,0.0000,0.0000,0.0000,0.0000,0.0000,0.0000,0.0000,0.0000,0.0000,0.0000,0.0000,0.0000,0.0000,0.0000,0.0000,0.0000,0.0000,0.0000,0.0000,0.0000,0.0000,0.0000,0.0000,0.0000,0.0000,0.0000,0.0000,0.0000,0.0000,0.0000","5,3,5,13","40,24,40,40,24,24,24,40,40,40,40,40,40,40,40,40,40,40,40,40,40,40,40,40,40,40,40,40,24,24,24,24,40,40,40,40,40,24,24,40,40,40,40,40,40,40,40,40,40,40,40,40,40,40,40,40,40,40,40,40,24,40,40,40"
1448,60.91,43.58,"9.78,13.97,15.78,16.73,17.30,17.87,18.19,18.51,19.12,19.69,20.02,20.28,20.58,20.68,20.96,21.35,21.57,21.84,22.11,22.24,22.46,22.65,22.80,23.04,23.22,23.40,23.56,23.64,23.82,23.93,24.14,24.31,24.44,24.59,24.71,24.89,24.95,25.05,25.18,25.27,25.35,25.48,25.59,25.72,25.80,25.92,26.04,26.12,26.22,26.29,26.38,26.49,26.54,26.62,26.71,26.79,26.87,26.92,27.00,27.13,27.20,27.27,27.33,27.36","0.5034,0.5034,0.5024,0.5015","1.0195,1.0176,1.0088,0.9546,0.0001,0.0001,0.0001,0.0001,0.0000,0.0000,0.0000,0.0000,0.0000,0.0000,0.0000,0.0000,0.0000,0.0000,0.0000,0.0000,0.0000,0.0000,0.0000,0.0000,0.0000,0.0000,0.0000,0.0000,0.0000,0.0000,0.0000,0.0000,0.0000,0.0000,0.0000,0.0000,0.0000,0.0000,0.0000,0.0000,0.0000,0.0000,0.0000,0.0000,0.0000,0.0000,0.0000,0.0000,0.0000,0.0000,0.0000,0.0000,0.0000,0.0000,0.0000,0.0000,0.0000,0.0000,0.0000,0.0000,0.0000,0.0000,0.0000,0.0000","5,13,5,5","15,15,56,56,56,56,56,56,15,15,15,15,56,56,56,56,15,15,56,56,56,56,56,56,15,15,15,56,56,56,56,56,15,15,15,56,56,56,56,56,15,56,15,56,56,56,56,56,15,56,15,56,56,56,56,56,15,56,56,56,56,56,56,56"
1449,37.33,35.26,"10.93,12.76,14.35,15.56,16.53,17.30,17.92,18.49,18.91,19.17,19.38,19.58,19.78,20.01,20.27,20.58,20.82,20.98,21.10,21.23,21.35,21.49,21.65,21.86,22.03,22.15,22.23,22.33,22.42,22.51,22.64,22.80,22.93,23.02,23.09,23.16,23.23,23.31,23.41,23.55,23.65,23.72,23.78,23.84,23.90,23.96,24.04,24.17,24.26,24.31,24.37,24.42,24.47,24.52,24.59,24.70,24.78,24.83,24.87,24.92,24.96,25.01,25.08,25.17","0.8755,0.8735,0.8552,0.7709","1.1582,1.0469,0.9033,0.8916,0.0001,0.0001,0.0001,0.0001,0.0000,0.0000,0.0000,0.0000,0.0000,0.0000,0.0000,0.0000,0.0000,0.0000,0.0000,0.0000,0.0000,0.0000,0.0000,0.0000,0.0000,0.0000,0.0000,0.0000,0.0000,0.0000,0.0000,0.0000,0.0000,0.0000,0.0000,0.0000,0.0000,0.0000,0.0000,0.0000,0.0000,0.0000,0.0000,0.0000,0.0000,0.0000,0.0000,0.0000,0.0000,0.0000,0.0000,0.0000,0.0000,0.0000,0.0000,0.0000,0.0000,0.0000,0.0000,0.0000,0.0000,0.0000,0.0000,0.0000","0,0,9,0","41,41,41,41,41,41,41,41,41,41,41,41,41,41,41,41,41,41,41,41,41,41,41,41,41,41,41,41,41,41,41,41,41,41,41,41,41,41,41,41,41,41,41,41,41,41,41,41,41,41,41,41,41,41,41,41,41,41,41,41,41,41,41,41"
1450,34.29,31.43,"10.71,12.46,14.02,15.23,16.16,16.89,17.44,17.86,18.24,18.50,18.69,18.87,19.07,19.30,19.53,19.84,20.06,20.22,20.33,20.44,20.57,20.70,20.85,21.02,21.17,21.28,21.36,21.44,21.53,21.63,21.74,21.87,21.98,22.07,22.13,22.20,22.26,22.34,22.43,22.54,22.63,22.69,22.75,22.80,22.86,22.91,23.00,23.10,23.17,23.23,23.27,23.31,23.36,23.42,23.48,23.57,23.64,23.69,23.73,23.76,23.80,23.85,23.91,23.99","0.8731,0.8695,0.8082,0.7037","1.3652,1.2432,1.1182,0.2732,0.0001,0.0001,0.0001,0.0000,0.0000,0.0000,0.0000,0.0000,0.0000,0.0000,0.0000,0.0000,0.0000,0.0000,0.0000,0.0000,0.0000,0.0000,0.0000,0.0000,0.0000,0.0000,0.0000,0.0000,0.0000,0.0000,0.0000,0.0000,0.0000,0.0000,0.0000,0.0000,0.0000,0.0000,0.0000,0.0000,0.0000,0.0000,0.0000,0.0000,0.0000,0.0000,0.0000,0.0000,0.0000,0.0000,0.0000,0.0000,0.0000,0.0000,0.0000,0.0000,0.0000,0.0000,0.0000,0.0000,0.0000,0.0000,0.0000,0.0000","5,5,5,5","32,32,32,32,32,32,32,32,32,32,32,32,32,32,32,32,32,32,32,32,32,32,32,32,32,32,32,32,32,32,32,32,32,32,32,32,32,32,32,32,32,32,32,32,32,32,32,32,32,32,32,32,32,32,32,32,32,32,32,32,32,32,32,32"
1451,29.70,27.95,"11.66,13.20,14.62,15.75,16.64,17.35,17.93,18.40,18.79,19.04,19.22,19.37,19.55,19.77,20.01,20.23,20.44,20.59,20.69,20.78,20.89,21.01,21.16,21.31,21.46,21.56,21.63,21.70,21.77,21.86,21.97,22.10,22.19,22.27,22.35,22.38,22.45,22.52,22.60,22.70,22.77,22.85,22.89,22.93,22.99,23.04,23.11,23.18,23.25,23.31,23.36,23.38,23.42,23.44,23.51,23.57,23.63,23.68,23.71,23.74,23.76,23.81,23.86,23.93","0.9922,0.9713,0.8008,0.7373","1.5156,1.4619,1.0215,0.0001,0.0001,0.0001,0.0000,0.0000,0.0000,0.0000,0.0000,0.0000,0.0000,0.0000,0.0000,0.0000,0.0000,0.0000,0.0000,0.0000,0.0000,0.0000,0.0000,0.0000,0.0000,0.0000,0.0000,0.0000,0.0000,0.0000,0.0000,0.0000,0.0000,0.0000,0.0000,0.0000,0.0000,0.0000,0.0000,0.0000,0.0000,0.0000,0.0000,0.0000,0.0000,0.0000,0.0000,0.0000,0.0000,0.0000,0.0000,0.0000,0.0000,0.0000,0.0000,0.0000,0.0000,0.0000,0.0000,0.0000,0.0000,0.0000,0.0000,0.0000","4,4,4,4","33,33,33,33,33,33,33,33,33,33,33,33,33,33,33,33,33,33,33,33,33,33,33,33,33,33,33,33,33,33,33,33,33,33,33,33,33,33,33,33,33,33,33,33,33,33,33,33,33,33,32,33,34,33,33,33,33,33,32,33,33,33,33,33"
1452,59.25,44.74,"10.58,14.81,17.25,19.04,20.29,21.45,22.33,22.58,23.12,23.43,23.88,24.26,24.52,24.85,25.20,25.26,25.56,25.73,25.97,26.19,26.28,26.52,26.78,27.07,27.30,27.49,27.62,27.75,27.89,28.04,28.23,28.41,28.56,28.70,28.80,28.89,29.01,29.11,29.24,29.37,29.49,29.60,29.70,29.79,29.88,29.97,30.09,30.23,30.32,30.40,30.48,30.55,30.62,30.69,30.76,30.85,30.93,31.01,31.09,31.13,31.23,31.32,31.39,31.49","0.6270,0.6260,0.6259,0.6255","1.0420,1.0146,1.0049,0.9385,0.0001,0.0001,0.0001,0.0001,0.0000,0.0000,0.0000,0.0000,0.0000,0.0000,0.0000,0.0000,0.0000,0.0000,0.0000,0.0000,0.0000,0.0000,0.0000,0.0000,0.0000,0.0000,0.0000,0.0000,0.0000,0.0000,0.0000,0.0000,0.0000,0.0000,0.0000,0.0000,0.0000,0.0000,0.0000,0.0000,0.0000,0.0000,0.0000,0.0000,0.0000,0.0000,0.0000,0.0000,0.0000,0.0000,0.0000,0.0000,0.0000,0.0000,0.0000,0.0000,0.0000,0.0000,0.0000,0.0000,0.0000,0.0000,0.0000,0.0000","0,0,0,14","40,40,40,40,40,40,40,40,40,40,40,40,40,40,40,40,40,40,40,40,40,40,40,40,40,40,40,40,40,40,40,40,40,40,40,40,40,40,40,40,40,40,40,40,40,40,40,40,40,40,40,40,40,40,40,40,40,40,40,40,40,40,40,40"
1453,52.36,43.84,"11.59,15.79,17.98,19.62,21.05,22.33,23.48,24.54,25.11,25.38,25.63,25.90,26.13,26.37,26.70,27.19,27.48,27.64,27.78,27.94,28.08,28.22,28.42,28.75,28.94,29.05,29.15,29.26,29.36,29.45,29.60,29.86,30.03,30.13,30.24,30.34,30.44,30.53,30.66,30.87,31.02,31.12,31.22,31.32,31.41,31.49,31.61,31.79,31.93,32.03,32.12,32.21,32.30,32.38,32.48,32.65,32.76,32.86,32.95,33.04,33.11,33.19,33.29,33.45","0.5346,0.5342,0.5240,0.5112","1.2012,1.1699,0.9253,0.7046,0.0001,0.0001,0.0000,0.0000,0.0000,0.0000,0.0000,0.0000,0.0000,0.0000,0.0000,0.0000,0.0000,0.0000,0.0000,0.0000,0.0000,0.0000,0.0000,0.0000,0.0000,0.0000,0.0000,0.0000,0.0000,0.0000,0.0000,0.0000,0.0000,0.0000,0.0000,0.0000,0.0000,0.0000,0.0000,0.0000,0.0000,0.0000,0.0000,0.0000,0.0000,0.0000,0.0000,0.0000,0.0000,0.0000,0.0000,0.0000,0.0000,0.0000,0.0000,0.0000,0.0000,0.0000,0.0000,0.0000,0.0000,0.0000,0.0000,0.0000","4,4,4,4","33,33,33,33,33,33,33,33,33,33,33,33,33,33,33,33,33,33,33,33,33,33,33,33,33,33,33,33,33,33,33,33,33,33,33,33,33,33,33,33,33,33,33,33,33,33,33,33,33,33,33,33,33,33,33,33,33,33,33,33,33,33,33,33"
1454,55.68,41.93,"11.03,15.09,17.13,18.77,20.18,21.35,22.30,23.12,23.66,23.95,24.23,24.52,24.78,25.05,25.37,25.78,26.08,26.26,26.43,26.59,26.75,26.91,27.10,27.38,27.59,27.72,27.83,27.95,28.07,28.18,28.32,28.54,28.69,28.79,28.88,28.97,29.06,29.15,29.26,29.45,29.56,29.64,29.73,29.81,29.88,29.95,30.04,30.21,30.30,30.39,30.49,30.58,30.65,30.73,30.83,30.96,31.07,31.16,31.26,31.36,31.44,31.51,31.61,31.72","0.5103,0.5098,0.5021,0.5000","1.1973,1.1347,0.9883,0.6802,0.0001,0.0001,0.0001,0.0000,0.0000,0.0000,0.0000,0.0000,0.0000,0.0000,0.0000,0.0000,0.0000,0.0000,0.0000,0.0000,0.0000,0.0000,0.0000,0.0000,0.0000,0.0000,0.0000,0.0000,0.0000,0.0000,0.0000,0.0000,0.0000,0.0000,0.0000,0.0000,0.0000,0.0000,0.0000,0.0000,0.0000,0.0000,0.0000,0.0000,0.0000,0.0000,0.0000,0.0000,0.0000,0.0000,0.0000,0.0000,0.0000,0.0000,0.0000,0.0000,0.0000,0.0000,0.0000,0.0000,0.0000,0.0000,0.0000,0.0000","5,5,3,5","33,33,33,33,33,33,33,33,33,33,33,33,33,33,33,33,33,33,33,33,33,33,33,33,33,33,33,33,33,33,33,33,33,33,33,33,33,33,33,33,33,33,33,33,33,33,33,33,33,33,33,33,33,33,33,33,33,33,33,33,33,33,33,33"
1455,54.75,38.77,"9.01,11.24,12.91,13.74,14.52,15.16,15.57,15.96,16.49,16.84,17.15,17.39,17.60,17.87,18.08,18.46,18.73,18.87,19.14,19.27,19.42,19.57,19.77,20.01,20.21,20.32,20.42,20.53,20.65,20.78,20.91,21.06,21.20,21.31,21.39,21.49,21.61,21.72,21.84,21.98,22.08,22.16,22.22,22.31,22.47,22.58,22.69,22.81,22.91,22.97,23.04,23.13,23.27,23.37,23.46,23.55,23.63,23.70,23.78,23.84,23.92,23.99,24.06,24.15","0.5464,0.5435,0.5431,0.5414","1.1113,1.0371,0.9419,0.9096,0.0001,0.0001,0.0001,0.0001,0.0000,0.0000,0.0000,0.0000,0.0000,0.0000,0.0000,0.0000,0.0000,0.0000,0.0000,0.0000,0.0000,0.0000,0.0000,0.0000,0.0000,0.0000,0.0000,0.0000,0.0000,0.0000,0.0000,0.0000,0.0000,0.0000,0.0000,0.0000,0.0000,0.0000,0.0000,0.0000,0.0000,0.0000,0.0000,0.0000,0.0000,0.0000,0.0000,0.0000,0.0000,0.0000,0.0000,0.0000,0.0000,0.0000,0.0000,0.0000,0.0000,0.0000,0.0000,0.0000,0.0000,0.0000,0.0000,0.0000","5,5,5,14","41,39,41,41,41,41,41,39,41,39,39,41,41,41,41,41,41,39,39,41,41,41,41,41,41,41,41,41,41,41,41,41,41,41,41,41,41,41,41,41,41,41,41,39,39,39,41,41,41,41,41,39,39,39,41,41,41,41,41,39,39,39,41,41"
1456,60.53,47.80,"11.83,16.69,19.06,21.21,22.88,24.30,25.45,26.36,26.90,27.26,27.57,27.84,28.16,28.40,28.75,29.26,29.53,29.73,29.99,30.23,30.46,30.66,30.89,31.17,31.39,31.57,31.76,31.92,32.06,32.18,32.34,32.48,32.66,32.68,32.70,32.72,32.74,32.89,33.04,33.23,33.42,33.50,33.60,33.61,33.61,33.62,33.76,33.78,33.78,33.72,33.99,34.11,34.19,34.27,34.38,34.52,34.61,34.68,34.78,34.87,34.95,35.03,35.48,35.61","0.4985,0.4984,0.4941,0.4931","1.0420,1.0264,0.9668,0.9649,0.0001,0.0001,0.0001,0.0000,0.0000,0.0000,0.0000,0.0000,0.0000,0.0000,0.0000,0.0000,0.0000,0.0000,0.0000,0.0000,0.0000,0.0000,0.0000,0.0000,0.0000,0.0000,0.0000,0.0000,0.0000,0.0000,0.0000,0.0000,0.0000,0.0000,0.0000,0.0000,0.0000,0.0000,0.0000,0.0000,0.0000,0.0000,0.0000,0.0000,0.0000,0.0000,0.0000,0.0000,0.0000,0.0000,0.0000,0.0000,0.0000,0.0000,0.0000,0.0000,0.0000,0.0000,0.0000,0.0000,0.0000,0.0000,0.0000,0.0000","4,4,4,4","33,33,33,33,33,33,33,33,33,33,33,33,33,33,33,33,33,33,33,33,33,33,33,33,33,33,33,33,33,33,33,33,33,39,39,39,33,33,33,33,33,33,33,39,39,39,33,39,43,33,33,33,33,33,33,33,33,33,33,33,33,33,33,33"
1457,55.84,49.29,"10.20,15.95,19.30,20.88,22.27,23.55,24.56,25.25,26.08,26.53,26.96,27.37,27.69,27.99,28.35,28.66,29.06,29.30,29.55,29.78,29.98,30.16,30.37,30.62,30.89,31.05,31.22,31.38,31.54,31.67,31.85,32.04,32.23,32.35,32.47,32.60,32.71,32.81,32.94,33.09,33.24,33.33,33.43,33.54,33.63,33.72,33.82,33.95,34.07,34.15,34.24,34.33,34.41,34.49,34.58,34.71,34.81,34.88,34.96,35.04,35.12,35.18,35.28,35.39","0.6379,0.6377,0.6358,0.6323","1.0166,1.0108,1.0107,0.9619,0.0001,0.0001,0.0001,0.0001,0.0000,0.0000,0.0000,0.0000,0.0000,0.0000,0.0000,0.0000,0.0000,0.0000,0.0000,0.0000,0.0000,0.0000,0.0000,0.0000,0.0000,0.0000,0.0000,0.0000,0.0000,0.0000,0.0000,0.0000,0.0000,0.0000,0.0000,0.0000,0.0000,0.0000,0.0000,0.0000,0.0000,0.0000,0.0000,0.0000,0.0000,0.0000,0.0000,0.0000,0.0000,0.0000,0.0000,0.0000,0.0000,0.0000,0.0000,0.0000,0.0000,0.0000,0.0000,0.0000,0.0000,0.0000,0.0000,0.0000","1,1,1,1","40,50,40,40,40,40,40,40,40,40,40,40,40,40,40,40,40,40,40,40,50,40,40,40,40,40,40,40,50,50,40,40,40,40,40,40,50,40,40,40,40,40,40,40,50,40,40,40,40,40,40,40,50,40,40,40,40,40,40,40,50,40,40,40"
1458,40.42,35.69,"10.21,12.20,13.69,14.76,15.73,16.24,16.71,17.27,17.56,17.93,18.24,18.47,18.75,19.11,19.41,19.58,19.81,20.08,20.20,20.45,20.76,20.99,21.18,21.35,21.54,21.72,21.89,22.03,22.20,22.34,22.50,22.62,22.75,22.90,23.03,23.14,23.23,23.33,23.38,23.43,23.46,23.50,23.49,23.49,23.44,23.45,23.76,23.96,24.11,24.26,24.36,24.42,24.54,24.64,24.72,24.78,24.85,24.94,25.04,25.14,25.25,25.32,25.38,25.41","0.7910,0.7882,0.7745,0.7592","1.0537,1.0039,0.9775,0.9653,0.0001,0.0001,0.0001,0.0001,0.0000,0.0000,0.0000,0.0000,0.0000,0.0000,0.0000,0.0000,0.0000,0.0000,0.0000,0.0000,0.0000,0.0000,0.0000,0.0000,0.0000,0.0000,0.0000,0.0000,0.0000,0.0000,0.0000,0.0000,0.0000,0.0000,0.0000,0.0000,0.0000,0.0000,0.0000,0.0000,0.0000,0.0000,0.0000,0.0000,0.0000,0.0000,0.0000,0.0000,0.0000,0.0000,0.0000,0.0000,0.0000,0.0000,0.0000,0.0000,0.0000,0.0000,0.0000,0.0000,0.0000,0.0000,0.0000,0.0000","1,1,9,1","32,32,32,32,32,32,32,32,32,32,32,32,32,49,32,32,32,32,32,49,49,49,49,32,32,32,32,32,49,32,49,32,32,32,32,49,49,49,49,17,17,49,49,17,23,32,32,32,32,32,32,32,32,32,32,32,32,32,32,32,32,32,32,49"
1459,62.18,49.73,"10.03,16.34,18.59,20.16,21.71,23.02,24.00,24.69,25.45,25.93,26.28,26.59,26.91,27.29,27.67,28.03,28.40,28.67,28.88,29.06,29.26,29.49,29.72,29.99,30.23,30.44,30.58,30.71,30.85,31.01,31.19,31.35,31.58,31.72,31.82,31.93,32.04,32.17,32.33,32.49,32.64,32.77,32.86,32.94,33.01,33.13,33.25,33.39,33.52,33.63,33.71,33.77,33.85,33.95,34.06,34.17,34.29,34.38,34.45,34.50,34.57,34.66,34.75,34.85","0.5240,0.5238,0.5224,0.5190","1.0371,1.0244,1.0048,0.9336,0.0001,0.0001,0.0001,0.0001,0.0000,0.0000,0.0000,0.0000,0.0000,0.0000,0.0000,0.0000,0.0000,0.0000,0.0000,0.0000,0.0000,0.0000,0.0000,0.0000,0.0000,0.0000,0.0000,0.0000,0.0000,0.0000,0.0000,0.0000,0.0000,0.0000,0.0000,0.0000,0.0000,0.0000,0.0000,0.0000,0.0000,0.0000,0.0000,0.0000,0.0000,0.0000,0.0000,0.0000,0.0000,0.0000,0.0000,0.0000,0.0000,0.0000,0.0000,0.0000,0.0000,0.0000,0.0000,0.0000,0.0000,0.0000,0.0000,0.0000","0,0,0,0","56,40,56,56,40,56,40,40,40,40,40,40,56,40,40,56,40,40,56,40,40,40,40,56,40,40,40,40,40,40,40,56,40,40,56,40,40,40,40,56,56,40,40,40,40,56,40,40,40,56,40,56,40,40,40,56,40,40,56,40,40,40,40,40"
1460,28.85,27.54,"10.50,11.78,13.02,14.07,14.95,15.66,16.25,16.73,17.11,17.36,17.55,17.71,17.88,18.09,18.32,18.55,18.76,18.91,19.03,19.12,19.22,19.35,19.49,19.65,19.79,19.90,19.98,20.05,20.12,20.21,20.31,20.43,20.54,20.62,20.69,20.74,20.80,20.86,20.94,21.04,21.13,21.20,21.25,21.29,21.33,21.39,21.46,21.54,21.61,21.67,21.72,21.75,21.79,21.84,21.90,21.96,22.02,22.08,22.11,22.14,22.18,22.22,22.28,22.32","1.1796,1.1349,0.8773,0.8087","1.6426,1.5996,0.7573,0.0001,0.0001,0.0001,0.0000,0.0000,0.0000,0.0000,0.0000,0.0000,0.0000,0.0000,0.0000,0.0000,0.0000,0.0000,0.0000,0.0000,0.0000,0.0000,0.0000,0.0000,0.0000,0.0000,0.0000,0.0000,0.0000,0.0000,0.0000,0.0000,0.0000,0.0000,0.0000,0.0000,0.0000,0.0000,0.0000,0.0000,0.0000,0.0000,0.0000,0.0000,0.0000,0.0000,0.0000,0.0000,0.0000,0.0000,0.0000,0.0000,0.0000,0.0000,0.0000,0.0000,0.0000,0.0000,0.0000,0.0000,0.0000,0.0000,0.0000,0.0000","1,1,1,1","25,25,25,25,25,25,25,25,25,25,25,25,25,25,25,25,25,25,25,25,25,25,25,25,25,25,25,25,25,25,25,25,25,25,25,25,25,25,25,25,25,25,25,25,25,25,25,25,25,25,25,25,25,25,25,25,25,25,25,25,25,25,25,25"
1461,59.98,46.65,"10.82,17.25,19.55,21.26,22.39,23.41,24.20,24.90,25.50,25.90,26.29,26.60,26.89,27.28,27.64,27.99,28.34,28.56,28.78,28.97,29.14,29.37,29.61,29.83,30.08,30.23,30.38,30.52,30.64,30.79,30.98,31.15,31.33,31.46,31.56,31.67,31.77,31.89,32.04,32.18,32.32,32.43,32.51,32.60,32.69,32.78,32.90,33.03,33.14,33.24,33.32,33.39,33.46,33.54,33.65,33.76,33.86,33.95,34.02,34.08,34.15,34.22,34.32,34.42","0.4839,0.4838,0.4805,0.4736","1.0381,1.0156,0.9863,0.9600,0.0001,0.0001,0.0001,0.0001,0.0000,0.0000,0.0000,0.0000,0.0000,0.0000,0.0000,0.0000,0.0000,0.0000,0.0000,0.0000,0.0000,0.0000,0.0000,0.0000,0.0000,0.0000,0.0000,0.0000,0.0000,0.0000,0.0000,0.0000,0.0000,0.0000,0.0000,0.0000,0.0000,0.0000,0.0000,0.0000,0.0000,0.0000,0.0000,0.0000,0.0000,0.0000,0.0000,0.0000,0.0000,0.0000,0.0000,0.0000,0.0000,0.0000,0.0000,0.0000,0.0000,0.0000,0.0000,0.0000,0.0000,0.0000,0.0000,0.0000","9,9,9,9","41,41,41,41,41,41,41,41,41,41,41,41,41,41,41,41,41,41,41,41,41,41,41,41,41,41,41,41,41,41,41,41,41,41,41,41,41,41,41,41,41,41,41,41,41,41,41,41,41,41,41,41,41,41,41,41,41,41,41,41,41,41,41,41"
1462,67.27,48.24,"10.81,15.72,19.08,20.46,21.78,22.76,23.52,24.20,24.91,25.35,25.69,26.00,26.24,26.48,26.82,27.13,27.50,27.82,28.06,28.29,28.45,28.58,28.78,28.91,29.31,29.53,29.69,29.81,29.93,30.03,30.18,30.37,30.57,30.60,30.72,30.83,30.93,31.02,31.15,31.18,31.35,31.57,31.67,31.78,31.84,31.92,32.04,32.17,32.29,32.37,32.45,32.55,32.61,32.67,32.75,32.80,32.93,33.03,33.12,33.20,33.41,33.50,33.61,33.73","0.5430,0.5430,0.5426,0.5416","1.0205,1.0078,0.9922,0.9790,0.0001,0.0001,0.0001,0.0001,0.0000,0.0000,0.0000,0.0000,0.0000,0.0000,0.0000,0.0000,0.0000,0.0000,0.0000,0.0000,0.0000,0.0000,0.0000,0.0000,0.0000,0.0000,0.0000,0.0000,0.0000,0.0000,0.0000,0.0000,0.0000,0.0000,0.0000,0.0000,0.0000,0.0000,0.0000,0.0000,0.0000,0.0000,0.0000,0.0000,0.0000,0.0000,0.0000,0.0000,0.0000,0.0000,0.0000,0.0000,0.0000,0.0000,0.0000,0.0000,0.0000,0.0000,0.0000,0.0000,0.0000,0.0000,0.0000,0.0000","13,4,13,4","33,47,33,33,33,33,33,33,47,47,33,33,33,33,33,33,33,47,47,47,33,33,33,33,33,47,47,33,33,33,33,33,33,31,47,47,33,33,33,33,33,33,33,47,33,47,33,33,47,47,47,47,47,47,33,33,33,33,33,47,33,33,33,33"
1463,27.38,28.07,"10.67,11.80,12.87,13.82,14.64,15.34,15.92,16.41,16.78,17.06,17.24,17.40,17.58,17.80,18.03,18.30,18.53,18.70,18.83,18.93,19.04,19.17,19.31,19.51,19.69,19.81,19.91,19.99,20.07,20.16,20.26,20.40,20.56,20.66,20.73,20.80,20.87,20.94,21.03,21.13,21.28,21.36,21.42,21.47,21.57,21.60,21.66,21.76,21.88,21.96,22.02,22.09,22.12,22.18,22.22,22.31,22.41,22.48,22.54,22.58,22.63,22.68,22.72,22.79","1.4160,1.3594,1.2248,0.0001","1.5801,1.5235,0.8955,0.0001,0.0001,0.0001,0.0000,0.0000,0.0000,0.0000,0.0000,0.0000,0.0000,0.0000,0.0000,0.0000,0.0000,0.0000,0.0000,0.0000,0.0000,0.0000,0.0000,0.0000,0.0000,0.0000,0.0000,0.0000,0.0000,0.0000,0.0000,0.0000,0.0000,0.0000,0.0000,0.0000,0.0000,0.0000,0.0000,0.0000,0.0000,0.0000,0.0000,0.0000,0.0000,0.0000,0.0000,0.0000,0.0000,0.0000,0.0000,0.0000,0.0000,0.0000,0.0000,0.0000,0.0000,0.0000,0.0000,0.0000,0.0000,0.0000,0.0000,0.0000","5,12,5,5","24,24,24,24,24,24,24,24,24,24,24,24,24,24,24,24,24,24,24,24,24,24,24,24,24,24,24,24,24,24,24,24,24,24,24,24,24,24,24,24,24,24,24,24,24,24,24,24,24,24,24,24,24,24,24,24,24,24,24,24,24,24,24,24"
1465,52.05,47.50,"10.20,17.46,21.46,23.47,24.39,25.18,25.67,26.21,26.68,27.10,27.50,27.83,28.15,28.40,28.72,28.90,29.18,29.48,29.64,29.84,30.03,30.23,30.41,30.54,30.74,30.84,30.99,31.13,31.26,31.39,31.51,31.66,31.73,31.85,31.98,32.08,32.19,32.29,32.41,32.51,32.61,32.75,32.86,32.96,33.04,33.14,33.25,33.36,33.48,33.58,33.67,33.75,33.82,33.90,33.99,34.08,34.17,34.27,34.35,34.42,34.47,34.55,34.62,34.70","0.8390,0.8389,0.8387,0.8302","1.0478,1.0430,0.9629,0.9473,0.0001,0.0001,0.0001,0.0001,0.0000,0.0000,0.0000,0.0000,0.0000,0.0000,0.0000,0.0000,0.0000,0.0000,0.0000,0.0000,0.0000,0.0000,0.0000,0.0000,0.0000,0.0000,0.0000,0.0000,0.0000,0.0000,0.0000,0.0000,0.0000,0.0000,0.0000,0.0000,0.0000,0.0000,0.0000,0.0000,0.0000,0.0000,0.0000,0.0000,0.0000,0.0000,0.0000,0.0000,0.0000,0.0000,0.0000,0.0000,0.0000,0.0000,0.0000,0.0000,0.0000,0.0000,0.0000,0.0000,0.0000,0.0000,0.0000,0.0000","13,4,13,13","25,29,29,25,25,25,25,25,29,25,25,25,25,25,25,25,29,25,25,25,25,25,25,25,25,25,25,25,25,25,25,25,25,25,25,25,25,25,25,25,25,25,25,25,25,25,25,25,25,25,25,25,25,25,25,25,25,25,25,25,25,25,25,25"
1466,46.09,37.17,"10.27,11.78,13.24,14.39,15.29,16.01,16.59,17.14,17.56,17.81,18.00,18.19,18.38,18.59,18.84,19.14,19.37,19.52,19.64,19.74,19.86,19.99,20.13,20.34,20.51,20.61,20.70,20.78,20.86,20.96,21.07,21.24,21.37,21.45,21.51,21.58,21.65,21.73,21.83,21.97,22.07,22.14,22.20,22.25,22.32,22.44,22.52,22.64,22.74,22.79,22.85,22.90,23.02,23.08,23.18,23.29,23.36,23.43,23.50,23.58,23.61,23.72,23.81,23.89","0.6548,0.6524,0.6420,0.6402","1.1357,1.0879,0.9731,0.8032,0.0001,0.0001,0.0001,0.0001,0.0000,0.0000,0.0000,0.0000,0.0000,0.0000,0.0000,0.0000,0.0000,0.0000,0.0000,0.0000,0.0000,0.0000,0.0000,0.0000,0.0000,0.0000,0.0000,0.0000,0.0000,0.0000,0.0000,0.0000,0.0000,0.0000,0.0000,0.0000,0.0000,0.0000,0.0000,0.0000,0.0000,0.0000,0.0000,0.0000,0.0000,0.0000,0.0000,0.0000,0.0000,0.0000,0.0000,0.0000,0.0000,0.0000,0.0000,0.0000,0.0000,0.0000,0.0000,0.0000,0.0000,0.0000,0.0000,0.0000","0,0,0,9","40,40,40,40,40,40,40,40,40,40,40,40,40,40,40,40,40,40,40,40,40,40,40,40,40,40,40,40,40,40,40,40,40,40,40,40,40,25,25,40,40,25,40,40,25,25,40,40,25,40,25,25,25,40,25,25,40,25,25,25,40,25,25,40"
1467,42.83,34.62,"11.02,13.25,14.76,15.89,16.78,17.49,18.10,18.64,19.03,19.32,19.57,19.80,20.04,20.28,20.54,20.83,21.07,21.25,21.44,21.59,21.76,21.91,22.08,22.28,22.44,22.56,22.69,22.82,22.94,23.07,23.20,23.31,23.43,23.42,23.53,23.62,23.73,23.83,23.84,23.99,24.08,24.10,24.10,24.09,24.10,24.20,24.30,24.31,24.40,24.40,24.47,24.47,24.47,24.48,24.48,24.61,24.61,24.63,24.62,24.63,24.64,24.50,24.60,24.92","0.6855,0.6806,0.6679,0.6563","1.1719,1.0303,0.9463,0.8506,0.0001,0.0001,0.0001,0.0001,0.0000,0.0000,0.0000,0.0000,0.0000,0.0000,0.0000,0.0000,0.0000,0.0000,0.0000,0.0000,0.0000,0.0000,0.0000,0.0000,0.0000,0.0000,0.0000,0.0000,0.0000,0.0000,0.0000,0.0000,0.0000,0.0000,0.0000,0.0000,0.0000,0.0000,0.0000,0.0000,0.0000,0.0000,0.0000,0.0000,0.0000,0.0000,0.0000,0.0000,0.0000,0.0000,0.0000,0.0000,0.0000,0.0000,0.0000,0.0000,0.0000,0.0000,0.0000,0.0000,0.0000,0.0000,0.0000,0.0000","5,5,5,5","32,32,32,32,32,32,32,32,32,32,32,32,32,32,32,32,32,32,32,32,32,32,32,32,32,32,32,32,32,32,32,32,32,26,32,32,32,32,26,32,32,26,26,42,26,32,32,26,32,36,32,42,42,26,26,32,42,26,42,42,26,32,32,32"
1468,43.73,34.72,"9.72,11.06,12.18,13.12,13.90,14.56,15.23,15.85,16.22,16.54,16.74,16.97,17.22,17.48,17.78,18.10,18.33,18.51,18.68,18.84,19.00,19.17,19.34,19.55,19.72,19.86,19.99,20.14,20.24,20.37,20.52,20.67,20.79,20.91,21.01,21.11,21.22,21.31,21.44,21.56,21.67,21.75,21.83,21.91,22.00,22.10,22.20,22.31,22.39,22.45,22.52,22.60,22.66,22.76,22.85,22.95,23.02,23.10,23.15,23.21,23.26,23.34,23.42,23.50","0.6523,0.6479,0.6405,0.6131","1.2344,1.1631,0.8677,0.7348,0.0001,0.0001,0.0001,0.0000,0.0000,0.0000,0.0000,0.0000,0.0000,0.0000,0.0000,0.0000,0.0000,0.0000,0.0000,0.0000,0.0000,0.0000,0.0000,0.0000,0.0000,0.0000,0.0000,0.0000,0.0000,0.0000,0.0000,0.0000,0.0000,0.0000,0.0000,0.0000,0.0000,0.0000,0.0000,0.0000,0.0000,0.0000,0.0000,0.0000,0.0000,0.0000,0.0000,0.0000,0.0000,0.0000,0.0000,0.0000,0.0000,0.0000,0.0000,0.0000,0.0000,0.0000,0.0000,0.0000,0.0000,0.0000,0.0000,0.0000","1,1,1,9","40,24,24,24,24,24,24,24,40,24,24,24,24,24,24,24,24,24,24,24,24,24,24,24,24,24,24,24,24,24,24,24,24,24,24,24,24,24,24,24,24,24,24,24,24,24,24,24,24,24,24,24,24,24,24,24,24,24,24,24,24,24,24,24"
1469,55.84,50.94,"9.77,15.58,19.37,21.57,22.39,23.06,23.54,23.98,24.42,25.11,25.59,26.03,26.46,26.68,27.02,27.26,27.52,27.78,28.13,28.32,28.53,28.77,28.95,29.21,29.31,29.42,29.68,29.85,29.99,30.15,30.29,30.44,30.54,30.66,30.79,31.01,31.13,31.25,31.35,31.44,31.52,31.62,31.73,31.91,32.01,32.10,32.19,32.28,32.35,32.41,32.49,32.58,32.70,32.78,32.85,32.92,33.02,33.08,33.14,33.22,33.33,33.39,33.45,33.51","0.7839,0.7836,0.7835,0.7831","1.0088,1.0068,1.0000,0.9844,0.0001,0.0001,0.0001,0.0000,0.0000,0.0000,0.0000,0.0000,0.0000,0.0000,0.0000,0.0000,0.0000,0.0000,0.0000,0.0000,0.0000,0.0000,0.0000,0.0000,0.0000,0.0000,0.0000,0.0000,0.0000,0.0000,0.0000,0.0000,0.0000,0.0000,0.0000,0.0000,0.0000,0.0000,0.0000,0.0000,0.0000,0.0000,0.0000,0.0000,0.0000,0.0000,0.0000,0.0000,0.0000,0.0000,0.0000,0.0000,0.0000,0.0000,0.0000,0.0000,0.0000,0.0000,0.0000,0.0000,0.0000,0.0000,0.0000,0.0000","4,10,4,12","33,33,55,17,55,17,33,17,55,33,33,55,17,55,17,33,55,17,33,17,55,17,55,33,17,17,33,17,17,55,55,33,55,55,17,33,55,55,55,55,17,17,17,33,55,55,55,33,17,33,55,33,33,55,55,33,17,17,55,33,33,55,55,55"
1470,54.70,47.83,"11.35,17.19,19.39,20.61,21.64,22.67,23.67,24.54,25.88,26.48,26.88,27.26,27.71,28.13,28.54,28.89,29.27,29.57,29.76,29.92,30.10,30.32,30.58,30.83,31.10,31.29,31.43,31.55,31.69,31.87,32.05,32.23,32.43,32.59,32.71,32.80,32.90,33.04,33.20,33.35,33.50,33.63,33.71,33.79,33.88,33.98,34.10,34.22,34.37,34.48,34.55,34.61,34.69,34.78,34.89,34.98,35.11,35.21,35.27,35.33,35.39,35.47,35.55,35.65","0.5557,0.5556,0.5489,0.5459","1.0859,1.0781,0.9350,0.9009,0.0001,0.0001,0.0001,0.0001,0.0000,0.0000,0.0000,0.0000,0.0000,0.0000,0.0000,0.0000,0.0000,0.0000,0.0000,0.0000,0.0000,0.0000,0.0000,0.0000,0.0000,0.0000,0.0000,0.0000,0.0000,0.0000,0.0000,0.0000,0.0000,0.0000,0.0000,0.0000,0.0000,0.0000,0.0000,0.0000,0.0000,0.0000,0.0000,0.0000,0.0000,0.0000,0.0000,0.0000,0.0000,0.0000,0.0000,0.0000,0.0000,0.0000,0.0000,0.0000,0.0000,0.0000,0.0000,0.0000,0.0000,0.0000,0.0000,0.0000","0,0,0,0","25,41,25,25,25,25,25,25,25,25,25,25,25,25,25,25,25,25,25,25,25,25,25,25,25,25,25,25,25,25,25,25,25,25,25,25,25,25,25,25,25,25,25,25,25,25,25,25,25,25,25,25,25,25,25,25,25,25,25,25,25,25,25,25"
1471,52.00,49.83,"12.18,18.27,21.60,23.07,24.22,25.47,26.60,27.58,29.45,30.20,30.71,31.22,31.78,32.30,32.76,33.17,33.62,33.93,34.14,34.32,34.51,34.74,35.01,35.29,35.61,35.83,36.00,36.13,36.28,36.45,36.65,36.84,37.07,37.25,37.38,37.49,37.59,37.73,37.90,38.07,38.26,38.40,38.50,38.59,38.66,38.77,38.89,39.02,39.17,39.30,39.39,39.47,39.54,39.64,39.76,39.87,40.01,40.12,40.19,40.26,40.32,40.39,40.47,40.58","0.5923,0.5922,0.5875,0.5455","1.0450,1.0440,0.9727,0.9385,0.0001,0.0001,0.0001,0.0001,0.0000,0.0000,0.0000,0.0000,0.0000,0.0000,0.0000,0.0000,0.0000,0.0000,0.0000,0.0000,0.0000,0.0000,0.0000,0.0000,0.0000,0.0000,0.0000,0.0000,0.0000,0.0000,0.0000,0.0000,0.0000,0.0000,0.0000,0.0000,0.0000,0.0000,0.0000,0.0000,0.0000,0.0000,0.0000,0.0000,0.0000,0.0000,0.0000,0.0000,0.0000,0.0000,0.0000,0.0000,0.0000,0.0000,0.0000,0.0000,0.0000,0.0000,0.0000,0.0000,0.0000,0.0000,0.0000,0.0000","0,0,0,0","32,16,32,32,32,32,32,32,32,32,32,32,32,32,32,32,32,32,32,32,32,32,32,32,32,32,32,32,32,32,32,32,32,32,32,32,32,32,32,32,32,32,32,32,32,32,32,32,32,32,32,32,32,32,32,32,32,32,32,32,32,32,32,32"
1472,47.58,46.56,"11.24,14.87,17.22,18.75,19.91,20.85,21.69,22.62,24.98,25.81,26.35,26.77,27.27,27.80,28.31,28.80,29.48,29.90,30.18,30.45,30.73,31.06,31.42,31.77,32.12,32.35,32.52,32.65,32.79,32.95,33.15,33.38,33.60,33.75,33.86,33.95,34.03,34.14,34.28,34.44,34.63,34.78,34.88,34.96,35.04,35.15,35.28,35.43,35.61,35.74,35.83,35.91,35.98,36.07,36.19,36.32,36.46,36.57,36.64,36.70,36.76,36.82,36.92,37.02","0.6988,0.6987,0.6914,0.6148","1.0605,1.0547,0.9946,0.8896,0.0001,0.0001,0.0001,0.0001,0.0000,0.0000,0.0000,0.0000,0.0000,0.0000,0.0000,0.0000,0.0000,0.0000,0.0000,0.0000,0.0000,0.0000,0.0000,0.0000,0.0000,0.0000,0.0000,0.0000,0.0000,0.0000,0.0000,0.0000,0.0000,0.0000,0.0000,0.0000,0.0000,0.0000,0.0000,0.0000,0.0000,0.0000,0.0000,0.0000,0.0000,0.0000,0.0000,0.0000,0.0000,0.0000,0.0000,0.0000,0.0000,0.0000,0.0000,0.0000,0.0000,0.0000,0.0000,0.0000,0.0000,0.0000,0.0000,0.0000","1,1,1,1","32,17,32,32,32,32,32,32,32,32,32,32,32,32,32,32,32,32,32,32,32,32,32,32,32,32,32,32,32,32,32,32,32,32,32,32,32,32,32,32,32,32,32,32,32,32,32,32,32,32,32,32,32,32,32,32,32,32,32,32,32,32,32,32"
1473,37.63,32.69,"10.42,11.86,12.61,13.17,13.66,14.21,14.56,14.87,15.16,15.46,15.65,15.84,16.06,16.22,16.10,16.51,16.72,16.92,17.11,17.23,17.39,17.56,17.64,17.77,17.96,18.07,18.15,18.26,18.37,18.55,18.56,18.67,18.79,18.89,19.00,19.05,19.13,19.20,19.29,19.25,19.32,19.34,19.40,19.52,19.59,19.62,19.66,19.70,19.73,19.72,19.70,19.81,19.84,19.91,19.91,19.91,19.94,19.97,19.92,19.98,19.97,20.00,19.99,20.00","0.7710,0.7700,0.7053,0.6847","1.2549,1.1914,0.9409,0.6118,0.0001,0.0001,0.0001,0.0000,0.0000,0.0000,0.0000,0.0000,0.0000,0.0000,0.0000,0.0000,0.0000,0.0000,0.0000,0.0000,0.0000,0.0000,0.0000,0.0000,0.0000,0.0000,0.0000,0.0000,0.0000,0.0000,0.0000,0.0000,0.0000,0.0000,0.0000,0.0000,0.0000,0.0000,0.0000,0.0000,0.0000,0.0000,0.0000,0.0000,0.0000,0.0000,0.0000,0.0000,0.0000,0.0000,0.0000,0.0000,0.0000,0.0000,0.0000,0.0000,0.0000,0.0000,0.0000,0.0000,0.0000,0.0000,0.0000,0.0000","4,4,4,4","25,25,25,25,25,25,25,25,25,25,25,25,25,23,25,25,25,25,25,25,25,25,25,25,25,25,25,25,25,25,25,25,25,25,25,25,25,25,39,25,23,25,25,25,25,27,25,23,27,23,27,25,25,39,23,23,23,39,39,27,23,27,27,25"
1474,70.90,50.79,"11.10,18.29,20.87,22.59,23.74,24.87,25.86,26.46,27.11,27.60,28.19,28.51,29.04,29.55,29.90,30.30,30.55,30.79,31.03,31.30,31.61,31.89,32.09,32.35,32.54,32.72,32.93,33.12,33.30,33.46,33.62,33.81,33.97,34.11,34.24,34.39,34.58,34.72,34.84,34.99,35.11,35.23,35.33,35.43,35.53,35.63,35.74,35.84,35.94,36.03,36.15,36.27,36.41,36.50,36.58,36.67,36.75,36.83,36.89,36.96,37.01,37.09,37.19,37.27","0.4354,0.4352,0.4336,0.4315","1.0048,1.0029,0.9962,0.9961,0.0001,0.0001,0.0001,0.0001,0.0000,0.0000,0.0000,0.0000,0.0000,0.0000,0.0000,0.0000,0.0000,0.0000,0.0000,0.0000,0.0000,0.0000,0.0000,0.0000,0.0000,0.0000,0.0000,0.0000,0.0000,0.0000,0.0000,0.0000,0.0000,0.0000,0.0000,0.0000,0.0000,0.0000,0.0000,0.0000,0.0000,0.0000,0.0000,0.0000,0.0000,0.0000,0.0000,0.0000,0.0000,0.0000,0.0000,0.0000,0.0000,0.0000,0.0000,0.0000,0.0000,0.0000,0.0000,0.0000,0.0000,0.0000,0.0000,0.0000","5,5,5,5","17,17,32,17,32,32,17,17,17,17,17,32,32,32,32,17,17,17,32,32,32,32,32,17,17,17,32,32,32,32,32,17,17,17,32,32,32,32,32,17,17,17,32,17,17,32,32,17,17,17,32,32,32,32,32,17,17,17,17,32,32,32,32,32"
1475,75.82,50.80,"10.70,16.06,18.96,20.44,21.62,22.87,23.95,24.89,25.98,26.57,26.90,27.32,27.71,27.95,28.15,28.38,28.76,29.03,29.24,29.53,29.79,29.96,30.13,30.28,30.57,30.79,31.02,31.26,31.45,31.59,31.69,31.72,31.90,32.04,32.21,32.36,32.52,32.62,32.72,32.83,32.99,33.12,33.24,33.34,33.44,33.52,33.60,33.66,33.68,33.79,33.90,34.01,34.11,34.18,34.26,34.34,34.47,34.57,34.65,34.73,34.80,34.88,34.93,34.99","0.4485,0.4482,0.4481,0.4473","1.0234,1.0166,0.9946,0.9653,0.0001,0.0001,0.0001,0.0001,0.0000,0.0000,0.0000,0.0000,0.0000,0.0000,0.0000,0.0000,0.0000,0.0000,0.0000,0.0000,0.0000,0.0000,0.0000,0.0000,0.0000,0.0000,0.0000,0.0000,0.0000,0.0000,0.0000,0.0000,0.0000,0.0000,0.0000,0.0000,0.0000,0.0000,0.0000,0.0000,0.0000,0.0000,0.0000,0.0000,0.0000,0.0000,0.0000,0.0000,0.0000,0.0000,0.0000,0.0000,0.0000,0.0000,0.0000,0.0000,0.0000,0.0000,0.0000,0.0000,0.0000,0.0000,0.0000,0.0000","5,5,5,5","25,39,25,25,25,25,25,25,25,25,25,39,39,25,25,25,25,39,39,39,39,25,25,25,25,25,39,39,39,25,25,39,25,25,39,39,39,25,25,25,39,25,39,39,25,25,25,25,23,25,39,39,39,25,25,25,39,25,39,25,39,39,25,25"
1476,77.67,52.01,"11.55,17.46,20.86,23.50,25.31,26.99,28.39,29.53,30.60,31.32,31.90,32.44,32.88,33.20,33.53,33.95,34.30,34.55,34.77,35.02,35.24,35.42,35.62,35.92,36.21,36.40,36.56,36.73,36.91,37.05,37.19,37.39,37.59,37.74,37.87,38.00,38.14,38.26,38.36,38.50,38.69,38.82,38.91,39.01,39.12,39.21,39.30,39.42,39.58,39.69,39.79,39.88,39.99,40.08,40.16,40.25,40.39,40.49,40.57,40.64,40.72,40.80,40.87,40.94","0.4468,0.4466,0.4464,0.4460","1.0166,1.0059,0.9907,0.9868,0.0001,0.0001,0.0001,0.0001,0.0000,0.0000,0.0000,0.0000,0.0000,0.0000,0.0000,0.0000,0.0000,0.0000,0.0000,0.0000,0.0000,0.0000,0.0000,0.0000,0.0000,0.0000,0.0000,0.0000,0.0000,0.0000,0.0000,0.0000,0.0000,0.0000,0.0000,0.0000,0.0000,0.0000,0.0000,0.0000,0.0000,0.0000,0.0000,0.0000,0.0000,0.0000,0.0000,0.0000,0.0000,0.0000,0.0000,0.0000,0.0000,0.0000,0.0000,0.0000,0.0000,0.0000,0.0000,0.0000,0.0000,0.0000,0.0000,0.0000","4,4,4,4","32,32,32,32,32,32,32,32,32,32,32,32,32,32,32,32,32,32,32,32,32,32,32,32,32,32,32,32,32,32,32,32,32,32,32,32,32,32,32,32,32,32,32,32,32,32,32,32,32,32,32,32,32,32,32,32,32,32,32,32,32,32,32,32"
1477,69.46,49.89,"12.15,17.90,21.13,23.69,25.23,26.63,27.94,29.04,29.67,30.08,30.45,30.80,31.11,31.37,31.67,32.09,32.50,32.75,32.95,33.15,33.34,33.50,33.67,33.92,34.26,34.44,34.59,34.74,34.88,35.00,35.11,35.28,35.56,35.73,35.84,35.96,36.06,36.16,36.24,36.36,36.59,36.73,36.83,36.93,36.97,37.03,37.10,37.28,37.41,37.48,37.62,37.77,37.90,37.99,38.06,38.12,38.24,38.33,38.45,38.58,38.67,38.76,38.78,38.78","0.5357,0.5357,0.5355,0.5341","1.0517,1.0176,0.9688,0.9614,0.0001,0.0001,0.0001,0.0001,0.0000,0.0000,0.0000,0.0000,0.0000,0.0000,0.0000,0.0000,0.0000,0.0000,0.0000,0.0000,0.0000,0.0000,0.0000,0.0000,0.0000,0.0000,0.0000,0.0000,0.0000,0.0000,0.0000,0.0000,0.0000,0.0000,0.0000,0.0000,0.0000,0.0000,0.0000,0.0000,0.0000,0.0000,0.0000,0.0000,0.0000,0.0000,0.0000,0.0000,0.0000,0.0000,0.0000,0.0000,0.0000,0.0000,0.0000,0.0000,0.0000,0.0000,0.0000,0.0000,0.0000,0.0000,0.0000,0.0000","4,4,4,4","24,24,24,24,24,24,24,24,24,24,24,24,24,24,24,24,24,24,24,24,24,24,24,24,24,24,24,24,24,24,24,24,24,24,24,24,24,24,24,24,24,24,24,24,24,24,24,24,24,24,24,24,24,24,24,24,24,24,24,24,24,24,30,47"
1478,67.97,51.94,"10.02,16.41,19.79,22.29,24.37,25.90,27.10,28.00,28.58,29.04,29.39,29.71,30.05,30.53,30.96,31.22,31.38,31.56,31.76,32.00,32.20,32.41,32.73,33.10,33.30,33.52,33.71,33.87,33.99,34.11,34.29,34.43,34.67,34.79,34.92,35.06,35.18,35.32,35.50,35.78,35.98,36.14,35.82,36.33,36.39,36.52,36.68,36.83,36.90,37.04,37.08,37.17,37.26,37.36,37.48,37.57,37.68,37.79,37.87,37.92,38.00,38.10,38.21,38.36","0.6773,0.6772,0.6771,0.6768","1.0020,1.0009,1.0009,0.9961,0.0001,0.0001,0.0001,0.0000,0.0000,0.0000,0.0000,0.0000,0.0000,0.0000,0.0000,0.0000,0.0000,0.0000,0.0000,0.0000,0.0000,0.0000,0.0000,0.0000,0.0000,0.0000,0.0000,0.0000,0.0000,0.0000,0.0000,0.0000,0.0000,0.0000,0.0000,0.0000,0.0000,0.0000,0.0000,0.0000,0.0000,0.0000,0.0000,0.0000,0.0000,0.0000,0.0000,0.0000,0.0000,0.0000,0.0000,0.0000,0.0000,0.0000,0.0000,0.0000,0.0000,0.0000,0.0000,0.0000,0.0000,0.0000,0.0000,0.0000","1,1,1,8","31,31,31,31,31,31,31,31,31,31,31,31,31,31,31,31,31,33,31,31,33,31,31,31,31,31,31,31,31,33,31,31,31,31,31,31,31,31,31,31,31,31,31,31,33,31,31,31,31,31,33,31,31,31,31,31,31,31,31,31,31,31,31,31"
1479,56.55,46.61,"9.94,15.07,17.54,18.83,19.97,20.92,21.84,22.70,23.39,23.85,24.28,24.67,25.03,25.35,25.65,26.01,26.36,26.59,26.80,27.03,27.22,27.37,27.54,27.84,28.14,28.31,28.49,28.69,28.87,29.02,29.14,29.32,29.54,29.68,29.77,29.87,29.97,30.05,30.15,30.31,30.53,30.64,30.74,30.86,30.97,31.06,31.15,31.23,31.40,31.49,31.55,31.63,31.70,31.77,31.84,31.95,32.10,32.17,32.24,32.30,32.36,32.41,32.47,32.58","0.5655,0.5655,0.5631,0.5605","1.0215,1.0137,0.9932,0.9717,0.0001,0.0001,0.0001,0.0001,0.0000,0.0000,0.0000,0.0000,0.0000,0.0000,0.0000,0.0000,0.0000,0.0000,0.0000,0.0000,0.0000,0.0000,0.0000,0.0000,0.0000,0.0000,0.0000,0.0000,0.0000,0.0000,0.0000,0.0000,0.0000,0.0000,0.0000,0.0000,0.0000,0.0000,0.0000,0.0000,0.0000,0.0000,0.0000,0.0000,0.0000,0.0000,0.0000,0.0000,0.0000,0.0000,0.0000,0.0000,0.0000,0.0000,0.0000,0.0000,0.0000,0.0000,0.0000,0.0000,0.0000,0.0000,0.0000,0.0000","5,5,5,5","17,33,17,17,33,17,17,17,17,33,33,33,33,33,17,17,17,17,17,17,17,17,17,17,17,33,33,33,33,33,17,17,17,17,17,17,17,17,17,17,17,17,33,33,33,33,17,33,17,17,17,33,17,17,17,17,17,17,33,17,17,33,33,17"
1480,44.41,42.90,"9.97,16.08,18.94,20.56,21.81,22.78,23.53,24.14,24.66,25.10,25.47,25.83,26.19,26.54,26.86,27.08,27.38,27.63,27.85,28.05,28.24,28.49,28.69,28.83,29.04,29.21,29.36,29.50,29.66,29.83,29.97,30.08,30.20,30.32,30.45,30.58,30.71,30.82,30.93,31.04,31.17,31.28,31.37,31.47,31.56,31.67,31.76,31.85,31.95,32.03,32.10,32.18,32.27,32.36,32.43,32.51,32.57,32.64,32.71,32.78,32.86,32.93,33.00,33.07","1.0684,1.0684,1.0683,0.6052","1.1006,1.0976,1.0352,0.7671,0.0001,0.0001,0.0001,0.0001,0.0000,0.0000,0.0000,0.0000,0.0000,0.0000,0.0000,0.0000,0.0000,0.0000,0.0000,0.0000,0.0000,0.0000,0.0000,0.0000,0.0000,0.0000,0.0000,0.0000,0.0000,0.0000,0.0000,0.0000,0.0000,0.0000,0.0000,0.0000,0.0000,0.0000,0.0000,0.0000,0.0000,0.0000,0.0000,0.0000,0.0000,0.0000,0.0000,0.0000,0.0000,0.0000,0.0000,0.0000,0.0000,0.0000,0.0000,0.0000,0.0000,0.0000,0.0000,0.0000,0.0000,0.0000,0.0000,0.0000","8,0,8,0","31,31,47,31,31,31,31,31,47,31,47,47,31,31,31,31,31,31,47,31,31,31,31,31,31,47,47,47,31,31,31,31,47,31,31,31,31,31,31,31,31,31,47,47,47,31,31,31,31,47,47,31,31,31,31,31,47,31,31,47,31,47,31,31"
1486,60.73,46.77,"10.84,16.88,20.25,21.85,22.43,22.89,23.41,23.60,24.28,24.84,25.15,25.52,25.85,26.09,26.36,26.47,26.82,27.01,27.24,27.42,27.63,27.76,27.92,27.97,28.31,28.53,28.73,28.86,28.98,29.06,29.17,29.23,29.43,29.54,29.75,29.82,29.89,29.97,30.04,30.10,30.24,30.41,30.57,30.64,30.70,30.75,30.80,30.84,31.02,31.18,31.34,31.40,31.44,31.49,31.52,31.56,31.67,31.79,31.94,31.96,32.00,32.06,32.10,32.13","0.5698,0.5694,0.5683,0.5682","1.0185,1.0156,0.9902,0.9751,0.0001,0.0001,0.0001,0.0001,0.0000,0.0000,0.0000,0.0000,0.0000,0.0000,0.0000,0.0000,0.0000,0.0000,0.0000,0.0000,0.0000,0.0000,0.0000,0.0000,0.0000,0.0000,0.0000,0.0000,0.0000,0.0000,0.0000,0.0000,0.0000,0.0000,0.0000,0.0000,0.0000,0.0000,0.0000,0.0000,0.0000,0.0000,0.0000,0.0000,0.0000,0.0000,0.0000,0.0000,0.0000,0.0000,0.0000,0.0000,0.0000,0.0000,0.0000,0.0000,0.0000,0.0000,0.0000,0.0000,0.0000,0.0000,0.0000,0.0000","4,12,4,4","31,31,31,25,25,25,31,25,31,31,31,31,25,25,31,25,31,31,31,31,25,25,25,25,31,31,31,31,25,25,25,25,31,31,31,25,25,25,25,25,31,31,31,25,25,25,25,25,31,31,31,25,25,25,25,25,31,31,31,25,25,31,25,25"
1487,49.36,38.26,"10.48,13.20,14.57,15.38,16.03,16.64,17.09,17.45,17.81,18.14,18.50,18.94,19.14,19.37,19.59,19.80,20.01,20.15,20.26,20.42,20.64,20.88,20.99,21.02,21.21,21.37,21.41,21.49,21.58,21.62,21.70,21.76,21.83,21.96,22.21,22.35,22.48,22.55,22.63,22.70,22.76,22.76,22.80,22.90,22.98,23.05,23.13,23.23,23.26,23.28,23.38,23.49,23.58,23.64,23.70,23.76,23.75,23.82,23.85,23.85,23.90,23.95,24.01,24.07","0.6246,0.6240,0.6230,0.6093","1.1074,1.0097,0.9463,0.9371,0.0001,0.0001,0.0001,0.0001,0.0000,0.0000,0.0000,0.0000,0.0000,0.0000,0.0000,0.0000,0.0000,0.0000,0.0000,0.0000,0.0000,0.0000,0.0000,0.0000,0.0000,0.0000,0.0000,0.0000,0.0000,0.0000,0.0000,0.0000,0.0000,0.0000,0.0000,0.0000,0.0000,0.0000,0.0000,0.0000,0.0000,0.0000,0.0000,0.0000,0.0000,0.0000,0.0000,0.0000,0.0000,0.0000,0.0000,0.0000,0.0000,0.0000,0.0000,0.0000,0.0000,0.0000,0.0000,0.0000,0.0000,0.0000,0.0000,0.0000","1,8,1,1","32,17,32,32,32,32,32,32,32,17,17,17,32,32,32,32,32,32,17,17,17,17,32,17,32,32,32,17,17,32,32,32,17,17,32,32,17,32,32,32,17,0,17,32,32,17,32,32,32,17,17,17,17,32,32,17,0,32,32,17,17,17,32,32"
1488,61.46,44.32,"9.48,13.35,14.98,15.94,16.78,17.49,18.08,18.67,19.03,19.48,19.99,20.39,20.67,20.97,21.09,21.29,21.58,21.86,22.18,22.41,22.61,22.80,23.05,23.23,23.35,23.51,23.65,23.82,24.01,24.18,24.40,24.55,24.70,24.87,25.05,25.14,25.29,25.42,25.58,25.65,25.75,25.90,26.00,26.15,26.25,26.36,26.49,26.63,26.73,26.81,26.91,26.97,27.11,27.19,27.29,27.35,27.42,27.53,27.64,27.73,27.78,27.88,27.97,28.07","0.5378,0.5376,0.5371,0.5367","1.0322,1.0137,0.9878,0.9658,0.0001,0.0001,0.0001,0.0001,0.0000,0.0000,0.0000,0.0000,0.0000,0.0000,0.0000,0.0000,0.0000,0.0000,0.0000,0.0000,0.0000,0.0000,0.0000,0.0000,0.0000,0.0000,0.0000,0.0000,0.0000,0.0000,0.0000,0.0000,0.0000,0.0000,0.0000,0.0000,0.0000,0.0000,0.0000,0.0000,0.0000,0.0000,0.0000,0.0000,0.0000,0.0000,0.0000,0.0000,0.0000,0.0000,0.0000,0.0000,0.0000,0.0000,0.0000,0.0000,0.0000,0.0000,0.0000,0.0000,0.0000,0.0000,0.0000,0.0000","5,13,5,5","17,15,17,17,17,17,17,17,17,17,17,17,17,17,17,17,17,17,17,17,17,17,17,17,17,17,17,17,17,17,17,17,17,17,17,17,17,17,17,17,17,17,17,17,17,17,17,17,17,17,17,17,17,17,17,17,17,17,17,17,17,17,17,17"
1489,60.00,45.22,"10.30,14.35,15.48,16.37,17.24,17.97,18.66,19.22,19.72,20.09,20.42,20.68,20.97,21.25,21.58,21.88,22.18,22.46,22.58,22.68,22.80,23.17,23.32,23.68,23.83,24.06,24.30,24.52,24.65,24.71,24.89,24.98,25.20,25.32,25.42,25.68,25.81,25.87,25.99,26.06,26.11,26.21,26.35,26.39,26.48,26.56,26.63,26.68,26.81,26.84,27.01,27.05,27.17,27.25,27.29,27.37,27.42,27.48,27.52,27.62,27.66,27.86,27.94,28.05","0.5142,0.5137,0.5132,0.5094","1.0254,1.0146,1.0107,0.9487,0.0001,0.0001,0.0001,0.0001,0.0000,0.0000,0.0000,0.0000,0.0000,0.0000,0.0000,0.0000,0.0000,0.0000,0.0000,0.0000,0.0000,0.0000,0.0000,0.0000,0.0000,0.0000,0.0000,0.0000,0.0000,0.0000,0.0000,0.0000,0.0000,0.0000,0.0000,0.0000,0.0000,0.0000,0.0000,0.0000,0.0000,0.0000,0.0000,0.0000,0.0000,0.0000,0.0000,0.0000,0.0000,0.0000,0.0000,0.0000,0.0000,0.0000,0.0000,0.0000,0.0000,0.0000,0.0000,0.0000,0.0000,0.0000,0.0000,0.0000","4,4,12,4","15,15,31,15,15,15,15,15,15,15,15,15,15,15,15,15,15,15,17,31,31,15,15,15,31,15,31,31,15,31,15,15,15,15,15,31,15,31,15,63,15,31,31,17,15,63,31,63,31,31,31,63,31,15,17,15,15,63,15,31,31,15,63,15"
1490,40.28,36.90,"10.30,12.25,13.76,14.82,15.71,16.47,17.17,17.71,17.96,18.14,18.47,18.77,19.00,19.25,19.56,19.81,20.07,20.37,20.65,20.79,20.97,21.18,21.38,21.57,21.77,21.96,22.06,22.14,22.31,22.46,22.60,22.69,22.79,22.87,22.92,23.04,23.23,23.49,23.79,23.96,24.07,24.18,24.25,24.31,24.40,24.56,24.68,24.78,24.87,24.91,24.97,25.07,25.21,25.30,25.41,25.55,25.61,25.68,25.76,25.85,25.93,26.03,26.14,26.23","0.7564,0.7495,0.7489,0.7405","1.1045,0.9912,0.9858,0.9185,0.0001,0.0001,0.0001,0.0001,0.0000,0.0000,0.0000,0.0000,0.0000,0.0000,0.0000,0.0000,0.0000,0.0000,0.0000,0.0000,0.0000,0.0000,0.0000,0.0000,0.0000,0.0000,0.0000,0.0000,0.0000,0.0000,0.0000,0.0000,0.0000,0.0000,0.0000,0.0000,0.0000,0.0000,0.0000,0.0000,0.0000,0.0000,0.0000,0.0000,0.0000,0.0000,0.0000,0.0000,0.0000,0.0000,0.0000,0.0000,0.0000,0.0000,0.0000,0.0000,0.0000,0.0000,0.0000,0.0000,0.0000,0.0000,0.0000,0.0000","0,0,0,9","40,40,40,40,40,40,40,40,40,40,40,40,40,40,40,40,40,40,40,40,40,40,40,40,40,40,40,40,40,40,40,40,40,40,24,40,40,40,40,40,40,40,40,40,40,40,40,40,40,40,40,40,40,40,40,40,40,40,40,40,40,40,40,40"
1491,34.40,29.53,"10.42,12.12,13.36,14.15,14.90,15.54,16.00,16.39,16.73,16.98,17.19,17.37,17.56,17.80,17.99,18.24,18.44,18.58,18.71,18.81,18.94,19.06,19.15,19.37,19.50,19.59,19.69,19.77,19.88,19.99,20.09,20.19,20.27,20.34,20.41,20.47,20.60,20.64,20.73,20.83,20.90,20.97,21.02,21.11,21.19,21.24,21.31,21.37,21.38,21.44,21.49,21.57,21.65,21.70,21.72,21.74,21.77,21.80,21.87,21.94,22.00,22.05,22.08,22.06","0.8382,0.8341,0.8020,0.6557","1.4854,1.3193,1.0908,0.1041,0.0001,0.0001,0.0001,0.0000,0.0000,0.0000,0.0000,0.0000,0.0000,0.0000,0.0000,0.0000,0.0000,0.0000,0.0000,0.0000,0.0000,0.0000,0.0000,0.0000,0.0000,0.0000,0.0000,0.0000,0.0000,0.0000,0.0000,0.0000,0.0000,0.0000,0.0000,0.0000,0.0000,0.0000,0.0000,0.0000,0.0000,0.0000,0.0000,0.0000,0.0000,0.0000,0.0000,0.0000,0.0000,0.0000,0.0000,0.0000,0.0000,0.0000,0.0000,0.0000,0.0000,0.0000,0.0000,0.0000,0.0000,0.0000,0.0000,0.0000","1,1,1,1","40,40,40,40,40,40,40,40,40,40,40,40,40,40,40,40,40,40,40,40,40,40,40,40,40,40,40,40,40,40,40,40,40,40,40,40,40,40,40,40,40,40,40,40,40,40,40,42,42,40,40,40,40,40,42,24,42,40,40,40,40,40,57,42"
1492,40.46,35.41,"11.12,13.57,15.41,16.68,17.86,18.73,19.33,19.96,20.38,20.71,21.04,21.33,21.60,21.90,22.21,22.53,22.74,22.96,23.15,23.34,23.52,23.72,23.91,24.12,24.29,24.45,24.61,24.77,24.89,25.08,25.24,25.45,25.63,25.78,25.93,26.04,26.14,26.24,26.37,26.54,26.68,26.80,26.88,26.92,26.97,27.06,27.18,27.31,27.41,27.51,27.53,27.53,27.61,27.70,27.80,27.93,27.99,28.00,28.03,28.04,28.04,28.03,28.04,28.16","0.7379,0.7335,0.7286,0.6997","1.2149,1.0313,1.0078,0.7456,0.0001,0.0001,0.0001,0.0000,0.0000,0.0000,0.0000,0.0000,0.0000,0.0000,0.0000,0.0000,0.0000,0.0000,0.0000,0.0000,0.0000,0.0000,0.0000,0.0000,0.0000,0.0000,0.0000,0.0000,0.0000,0.0000,0.0000,0.0000,0.0000,0.0000,0.0000,0.0000,0.0000,0.0000,0.0000,0.0000,0.0000,0.0000,0.0000,0.0000,0.0000,0.0000,0.0000,0.0000,0.0000,0.0000,0.0000,0.0000,0.0000,0.0000,0.0000,0.0000,0.0000,0.0000,0.0000,0.0000,0.0000,0.0000,0.0000,0.0000","5,5,5,5","33,33,33,33,33,33,33,33,33,33,33,33,33,33,33,33,33,33,33,33,33,33,33,33,33,33,33,33,33,33,33,33,33,33,33,33,33,33,33,33,33,33,33,33,33,33,33,33,33,33,33,39,33,33,33,33,33,39,39,39,48,35,39,33"
1493,58.79,40.95,"10.09,13.67,15.67,17.29,18.25,19.15,19.85,20.25,20.71,21.02,21.38,21.67,21.94,22.21,22.52,22.78,23.09,23.34,23.53,23.71,23.88,24.06,24.28,24.54,24.76,24.92,25.07,25.18,25.30,25.44,25.61,25.77,25.90,26.04,26.13,26.23,26.33,26.44,26.55,26.67,26.79,26.90,26.98,27.06,27.14,27.22,27.31,27.39,27.50,27.59,27.68,27.74,27.81,27.86,27.94,28.01,28.09,28.17,28.23,28.29,28.34,28.41,28.47,28.56","0.5777,0.5762,0.5761,0.5757","1.0947,1.0019,1.0009,0.9018,0.0001,0.0001,0.0001,0.0001,0.0000,0.0000,0.0000,0.0000,0.0000,0.0000,0.0000,0.0000,0.0000,0.0000,0.0000,0.0000,0.0000,0.0000,0.0000,0.0000,0.0000,0.0000,0.0000,0.0000,0.0000,0.0000,0.0000,0.0000,0.0000,0.0000,0.0000,0.0000,0.0000,0.0000,0.0000,0.0000,0.0000,0.0000,0.0000,0.0000,0.0000,0.0000,0.0000,0.0000,0.0000,0.0000,0.0000,0.0000,0.0000,0.0000,0.0000,0.0000,0.0000,0.0000,0.0000,0.0000,0.0000,0.0000,0.0000,0.0000","1,1,1,3","40,40,40,40,40,40,40,40,40,40,40,40,40,40,40,40,40,40,40,40,40,40,40,40,40,40,40,40,40,40,40,40,40,40,40,40,40,40,40,40,40,40,40,40,40,40,40,40,40,40,40,40,40,40,40,40,40,40,40,40,40,40,40,40"
1494,54.67,43.47,"11.66,16.04,18.58,20.28,21.37,22.42,23.07,23.35,23.84,24.17,24.55,24.87,25.19,25.42,25.76,26.04,26.31,26.46,26.65,26.82,27.02,27.16,27.32,27.58,27.80,27.90,28.08,28.13,28.20,28.32,28.53,28.65,28.76,28.93,29.06,29.15,29.28,29.45,29.54,29.69,29.81,29.91,30.00,30.06,30.17,30.27,30.36,30.49,30.59,30.73,30.80,30.88,31.02,31.11,31.21,31.32,31.40,31.54,31.60,31.68,31.77,31.88,31.97,32.08","0.8013,0.8004,0.8003,0.8000","1.0654,1.0156,0.9595,0.9595,0.0001,0.0001,0.0001,0.0001,0.0000,0.0000,0.0000,0.0000,0.0000,0.0000,0.0000,0.0000,0.0000,0.0000,0.0000,0.0000,0.0000,0.0000,0.0000,0.0000,0.0000,0.0000,0.0000,0.0000,0.0000,0.0000,0.0000,0.0000,0.0000,0.0000,0.0000,0.0000,0.0000,0.0000,0.0000,0.0000,0.0000,0.0000,0.0000,0.0000,0.0000,0.0000,0.0000,0.0000,0.0000,0.0000,0.0000,0.0000,0.0000,0.0000,0.0000,0.0000,0.0000,0.0000,0.0000,0.0000,0.0000,0.0000,0.0000,0.0000","0,0,0,14","32,32,32,32,32,32,32,32,32,32,32,32,32,32,32,32,32,32,32,32,32,32,32,32,32,32,32,32,32,32,32,32,32,32,32,32,32,32,32,32,32,32,32,32,32,32,32,32,32,32,32,32,32,32,32,32,32,32,32,32,32,32,32,32"
1495,57.53,42.15,"10.24,13.42,15.22,16.73,17.68,18.40,18.86,19.19,19.65,19.99,20.36,20.75,21.09,21.32,21.50,21.82,22.04,22.22,22.39,22.59,22.83,22.97,23.15,23.35,23.53,23.69,23.86,23.99,24.13,24.31,24.40,24.51,24.63,24.75,24.87,24.97,25.08,25.26,25.40,25.53,25.64,25.74,25.84,25.94,26.01,26.04,26.09,26.17,26.22,26.29,26.36,26.43,26.52,26.60,26.63,26.69,26.76,26.83,26.91,26.98,27.07,27.16,27.22,27.29","0.6059,0.6044,0.6041,0.6036","1.0733,1.0195,0.9565,0.9507,0.0001,0.0001,0.0001,0.0001,0.0000,0.0000,0.0000,0.0000,0.0000,0.0000,0.0000,0.0000,0.0000,0.0000,0.0000,0.0000,0.0000,0.0000,0.0000,0.0000,0.0000,0.0000,0.0000,0.0000,0.0000,0.0000,0.0000,0.0000,0.0000,0.0000,0.0000,0.0000,0.0000,0.0000,0.0000,0.0000,0.0000,0.0000,0.0000,0.0000,0.0000,0.0000,0.0000,0.0000,0.0000,0.0000,0.0000,0.0000,0.0000,0.0000,0.0000,0.0000,0.0000,0.0000,0.0000,0.0000,0.0000,0.0000,0.0000,0.0000","0,0,0,14","41,41,41,41,41,39,39,39,41,41,41,41,41,41,41,41,41,41,41,41,39,41,41,41,41,41,41,41,39,39,39,39,41,41,41,41,41,39,39,39,41,41,41,41,41,25,39,39,25,41,41,41,39,39,25,39,41,41,41,41,39,39,39,41"
1496,42.31,41.27,"11.82,16.13,18.36,20.02,21.72,23.15,24.23,25.02,25.58,25.85,26.16,26.46,26.72,27.00,27.34,27.78,28.05,28.22,28.39,28.56,28.73,28.92,29.14,29.43,29.61,29.74,29.87,30.00,30.14,30.30,30.46,30.65,30.80,30.91,31.02,31.14,31.27,31.40,31.52,31.65,31.77,31.87,31.97,32.07,32.19,32.30,32.41,32.50,32.60,32.69,32.78,32.88,32.97,33.07,33.16,33.25,33.34,33.42,33.51,33.69,33.80,33.89,33.99,34.14","0.7221,0.7213,0.7134,0.6226","1.1377,1.0576,1.0029,0.8018,0.0001,0.0001,0.0001,0.0000,0.0000,0.0000,0.0000,0.0000,0.0000,0.0000,0.0000,0.0000,0.0000,0.0000,0.0000,0.0000,0.0000,0.0000,0.0000,0.0000,0.0000,0.0000,0.0000,0.0000,0.0000,0.0000,0.0000,0.0000,0.0000,0.0000,0.0000,0.0000,0.0000,0.0000,0.0000,0.0000,0.0000,0.0000,0.0000,0.0000,0.0000,0.0000,0.0000,0.0000,0.0000,0.0000,0.0000,0.0000,0.0000,0.0000,0.0000,0.0000,0.0000,0.0000,0.0000,0.0000,0.0000,0.0000,0.0000,0.0000","0,0,0,0","32,32,32,32,32,32,32,32,32,32,32,32,32,32,32,32,32,32,32,32,32,32,32,32,32,32,32,32,32,32,32,32,32,32,32,32,32,32,32,32,32,32,32,32,32,32,32,32,32,32,32,32,32,32,32,32,32,32,32,32,32,32,32,32"
1497,52.59,51.09,"11.35,18.22,22.06,23.86,25.43,26.67,27.86,28.69,29.57,30.02,30.39,30.77,31.10,31.38,31.73,31.96,32.28,32.47,32.70,32.92,33.25,33.54,33.79,34.17,34.46,34.64,34.83,35.02,35.20,35.34,35.51,35.74,35.94,36.06,36.18,36.32,36.44,36.54,36.64,36.83,36.97,37.08,37.19,37.31,37.41,37.49,37.60,37.78,37.88,37.97,38.07,38.17,38.26,38.32,38.43,38.62,38.71,38.80,38.89,38.98,39.04,39.11,39.22,39.40","0.6724,0.6723,0.6712,0.6601","1.0107,1.0029,0.9936,0.9927,0.0001,0.0001,0.0001,0.0000,0.0000,0.0000,0.0000,0.0000,0.0000,0.0000,0.0000,0.0000,0.0000,0.0000,0.0000,0.0000,0.0000,0.0000,0.0000,0.0000,0.0000,0.0000,0.0000,0.0000,0.0000,0.0000,0.0000,0.0000,0.0000,0.0000,0.0000,0.0000,0.0000,0.0000,0.0000,0.0000,0.0000,0.0000,0.0000,0.0000,0.0000,0.0000,0.0000,0.0000,0.0000,0.0000,0.0000,0.0000,0.0000,0.0000,0.0000,0.0000,0.0000,0.0000,0.0000,0.0000,0.0000,0.0000,0.0000,0.0000","4,4,4,4","41,57,41,41,41,41,41,41,41,41,41,41,41,41,41,41,41,41,57,41,41,57,41,41,41,41,41,41,41,41,41,41,41,41,41,41,41,41,41,41,41,57,41,41,41,57,41,41,41,41,41,41,41,41,41,41,41,41,41,41,41,41,41,41"
1498,50.67,40.43,"10.00,13.05,14.86,16.54,17.87,18.73,19.70,20.37,20.63,20.99,21.34,21.58,21.82,22.10,22.35,22.66,22.91,23.17,23.38,23.55,23.75,23.98,24.21,24.45,24.64,24.84,25.00,25.16,25.31,25.47,25.64,25.78,25.92,26.06,26.18,26.28,26.39,26.51,26.65,26.78,26.90,26.99,27.06,27.06,27.05,27.20,27.36,27.41,27.60,27.61,27.62,27.71,27.79,27.86,27.96,28.09,28.16,28.24,28.36,28.45,28.52,28.60,28.69,28.77","0.6191,0.6187,0.6132,0.6040","1.0400,1.0137,0.9785,0.9678,0.0001,0.0001,0.0001,0.0001,0.0000,0.0000,0.0000,0.0000,0.0000,0.0000,0.0000,0.0000,0.0000,0.0000,0.0000,0.0000,0.0000,0.0000,0.0000,0.0000,0.0000,0.0000,0.0000,0.0000,0.0000,0.0000,0.0000,0.0000,0.0000,0.0000,0.0000,0.0000,0.0000,0.0000,0.0000,0.0000,0.0000,0.0000,0.0000,0.0000,0.0000,0.0000,0.0000,0.0000,0.0000,0.0000,0.0000,0.0000,0.0000,0.0000,0.0000,0.0000,0.0000,0.0000,0.0000,0.0000,0.0000,0.0000,0.0000,0.0000","5,12,5,5","32,32,32,32,32,32,32,32,32,32,32,32,32,32,32,32,32,32,32,32,32,32,32,32,32,32,32,32,32,32,32,32,32,32,32,32,32,32,32,32,32,32,32,0,0,32,32,32,32,16,48,32,32,32,32,32,32,32,32,32,32,32,32,32"
1499,30.45,28.93,"10.68,12.39,13.89,14.93,15.63,16.17,16.72,17.22,17.56,17.79,17.98,18.16,18.34,18.53,18.72,18.94,19.16,19.33,19.46,19.60,19.72,19.83,19.98,20.14,20.28,20.38,20.47,20.55,20.62,20.70,20.80,20.90,21.00,21.09,21.16,21.28,21.35,21.39,21.46,21.54,21.62,21.71,21.79,21.84,21.93,21.95,21.96,22.01,22.08,22.12,22.19,22.19,22.24,22.29,22.37,22.43,22.52,22.61,22.68,22.74,22.82,22.90,22.92,22.92","1.1231,1.1123,0.9869,0.7783","1.5029,1.2442,0.7422,0.5103,0.0001,0.0001,0.0000,0.0000,0.0000,0.0000,0.0000,0.0000,0.0000,0.0000,0.0000,0.0000,0.0000,0.0000,0.0000,0.0000,0.0000,0.0000,0.0000,0.0000,0.0000,0.0000,0.0000,0.0000,0.0000,0.0000,0.0000,0.0000,0.0000,0.0000,0.0000,0.0000,0.0000,0.0000,0.0000,0.0000,0.0000,0.0000,0.0000,0.0000,0.0000,0.0000,0.0000,0.0000,0.0000,0.0000,0.0000,0.0000,0.0000,0.0000,0.0000,0.0000,0.0000,0.0000,0.0000,0.0000,0.0000,0.0000,0.0000,0.0000","4,4,4,4","33,33,33,33,33,33,33,33,33,33,33,33,33,33,33,33,33,33,33,33,33,33,33,33,33,33,33,33,33,33,33,33,33,33,33,33,33,33,33,33,33,33,33,33,33,16,16,33,33,33,33,33,33,33,33,33,33,33,33,33,33,33,35,33"
1500,68.14,54.03,"11.80,18.97,24.02,25.67,27.54,29.02,30.14,31.04,31.85,32.39,32.83,33.21,33.52,33.78,34.14,34.63,35.14,35.50,35.75,35.98,36.16,36.32,36.52,36.83,37.18,37.40,37.59,37.75,37.88,37.98,38.13,38.35,38.62,38.78,38.92,39.04,39.14,39.22,39.33,39.51,39.73,39.86,39.97,40.07,40.15,40.21,40.31,40.46,40.62,40.73,40.82,40.90,40.97,41.02,41.10,41.22,41.36,41.47,41.55,41.62,41.68,41.73,41.79,41.90","0.5073,0.5073,0.5069,0.5049","1.0117,1.0058,1.0019,0.9800,0.0001,0.0001,0.0001,0.0001,0.0000,0.0000,0.0000,0.0000,0.0000,0.0000,0.0000,0.0000,0.0000,0.0000,0.0000,0.0000,0.0000,0.0000,0.0000,0.0000,0.0000,0.0000,0.0000,0.0000,0.0000,0.0000,0.0000,0.0000,0.0000,0.0000,0.0000,0.0000,0.0000,0.0000,0.0000,0.0000,0.0000,0.0000,0.0000,0.0000,0.0000,0.0000,0.0000,0.0000,0.0000,0.0000,0.0000,0.0000,0.0000,0.0000,0.0000,0.0000,0.0000,0.0000,0.0000,0.0000,0.0000,0.0000,0.0000,0.0000","5,5,5,5","33,49,33,33,33,33,33,33,49,33,49,33,33,33,33,33,33,49,49,33,33,33,33,33,33,49,49,33,33,33,33,33,33,49,49,33,33,33,33,33,33,33,49,33,33,33,33,33,33,49,33,33,33,33,33,33,33,49,49,33,33,33,33,33"
1501,55.48,44.62,"10.23,12.94,14.85,16.29,17.63,18.92,20.03,20.96,21.52,21.78,22.05,22.34,22.59,22.83,23.17,23.62,23.93,24.10,24.28,24.45,24.60,24.75,24.95,25.27,25.48,25.60,25.76,25.89,26.00,26.10,26.24,26.51,26.65,26.76,26.92,27.05,27.13,27.21,27.34,27.56,27.69,27.81,27.94,28.05,28.13,28.21,28.31,28.50,28.62,28.73,28.85,28.96,29.04,29.12,29.22,29.38,29.49,29.60,29.71,29.80,29.88,29.95,30.05,30.19","0.5361,0.5357,0.5340,0.5313","1.0732,1.0439,1.0244,0.8584,0.0001,0.0001,0.0001,0.0001,0.0000,0.0000,0.0000,0.0000,0.0000,0.0000,0.0000,0.0000,0.0000,0.0000,0.0000,0.0000,0.0000,0.0000,0.0000,0.0000,0.0000,0.0000,0.0000,0.0000,0.0000,0.0000,0.0000,0.0000,0.0000,0.0000,0.0000,0.0000,0.0000,0.0000,0.0000,0.0000,0.0000,0.0000,0.0000,0.0000,0.0000,0.0000,0.0000,0.0000,0.0000,0.0000,0.0000,0.0000,0.0000,0.0000,0.0000,0.0000,0.0000,0.0000,0.0000,0.0000,0.0000,0.0000,0.0000,0.0000","8,8,8,8","40,40,40,40,40,40,40,40,40,40,40,40,40,40,40,40,40,40,40,40,40,40,40,40,40,40,40,40,40,40,40,40,40,40,40,40,40,40,40,40,40,40,40,40,40,40,40,40,40,40,40,40,40,40,40,40,40,40,40,40,40,40,40,40"
1502,39.57,37.28,"10.87,12.95,14.77,16.11,17.16,17.99,18.72,19.48,19.98,20.24,20.47,20.70,20.91,21.14,21.44,21.84,22.13,22.28,22.42,22.56,22.70,22.83,23.02,23.30,23.50,23.61,23.70,23.81,23.90,24.00,24.14,24.36,24.51,24.59,24.67,24.75,24.83,24.91,25.01,25.20,25.32,25.39,25.45,25.52,25.59,25.65,25.74,25.91,26.01,26.06,26.11,26.17,26.23,26.28,26.36,26.52,26.60,26.65,26.71,26.77,26.82,26.86,26.94,27.10","0.7422,0.7300,0.7193,0.6680","1.2100,1.1826,0.8652,0.7422,0.0001,0.0001,0.0001,0.0001,0.0000,0.0000,0.0000,0.0000,0.0000,0.0000,0.0000,0.0000,0.0000,0.0000,0.0000,0.0000,0.0000,0.0000,0.0000,0.0000,0.0000,0.0000,0.0000,0.0000,0.0000,0.0000,0.0000,0.0000,0.0000,0.0000,0.0000,0.0000,0.0000,0.0000,0.0000,0.0000,0.0000,0.0000,0.0000,0.0000,0.0000,0.0000,0.0000,0.0000,0.0000,0.0000,0.0000,0.0000,0.0000,0.0000,0.0000,0.0000,0.0000,0.0000,0.0000,0.0000,0.0000,0.0000,0.0000,0.0000","1,1,8,1","32,32,32,32,32,32,32,32,32,32,32,32,32,32,32,32,32,32,32,32,32,32,32,32,32,32,32,32,32,32,32,32,32,32,32,32,32,32,32,32,32,32,32,32,32,32,32,32,32,32,32,32,32,32,32,32,32,32,32,32,32,32,32,32"
1505,65.30,53.76,"10.12,17.14,21.95,25.00,25.90,26.70,27.27,27.88,28.55,29.26,29.68,30.21,30.57,31.02,31.44,31.71,32.01,32.33,32.62,32.88,33.14,33.42,33.65,33.81,34.02,34.28,34.49,34.71,34.89,35.08,35.25,35.40,35.60,35.77,35.96,36.10,36.25,36.39,36.53,36.63,36.75,36.89,37.01,37.13,37.24,37.37,37.47,37.56,37.66,37.77,37.88,37.99,38.08,38.18,38.27,38.35,38.45,38.53,38.62,38.69,38.78,38.85,38.91,38.97","0.7170,0.7169,0.7168,0.7161","1.0028,1.0019,1.0019,0.9927,0.0001,0.0001,0.0001,0.0001,0.0000,0.0000,0.0000,0.0000,0.0000,0.0000,0.0000,0.0000,0.0000,0.0000,0.0000,0.0000,0.0000,0.0000,0.0000,0.0000,0.0000,0.0000,0.0000,0.0000,0.0000,0.0000,0.0000,0.0000,0.0000,0.0000,0.0000,0.0000,0.0000,0.0000,0.0000,0.0000,0.0000,0.0000,0.0000,0.0000,0.0000,0.0000,0.0000,0.0000,0.0000,0.0000,0.0000,0.0000,0.0000,0.0000,0.0000,0.0000,0.0000,0.0000,0.0000,0.0000,0.0000,0.0000,0.0000,0.0000","5,13,5,13","31,31,33,29,31,31,31,31,31,33,33,33,31,33,31,33,33,33,31,31,33,31,31,33,33,31,33,31,31,31,33,31,31,33,33,31,31,33,31,31,33,33,31,31,33,31,31,33,33,31,33,31,33,31,33,31,31,33,31,33,31,31,31,31"
1506,53.97,47.45,"10.15,16.51,20.16,22.05,22.95,23.34,23.67,23.87,24.49,25.04,25.39,25.79,26.18,26.52,26.81,26.90,27.29,27.51,27.77,27.97,28.27,28.56,28.63,28.73,28.91,29.00,29.21,29.35,29.55,29.70,29.77,29.89,29.94,30.02,30.18,30.33,30.48,30.57,30.74,30.81,30.85,30.96,31.11,31.25,31.35,31.44,31.58,31.67,31.76,31.86,32.03,32.14,32.19,32.29,32.36,32.44,32.50,32.64,32.75,32.84,32.89,32.99,33.06,33.13","0.6769,0.6767,0.6763,0.6743","1.0332,0.9993,0.9883,0.9795,0.0001,0.0001,0.0001,0.0000,0.0000,0.0000,0.0000,0.0000,0.0000,0.0000,0.0000,0.0000,0.0000,0.0000,0.0000,0.0000,0.0000,0.0000,0.0000,0.0000,0.0000,0.0000,0.0000,0.0000,0.0000,0.0000,0.0000,0.0000,0.0000,0.0000,0.0000,0.0000,0.0000,0.0000,0.0000,0.0000,0.0000,0.0000,0.0000,0.0000,0.0000,0.0000,0.0000,0.0000,0.0000,0.0000,0.0000,0.0000,0.0000,0.0000,0.0000,0.0000,0.0000,0.0000,0.0000,0.0000,0.0000,0.0000,0.0000,0.0000","9,0,9,9","31,31,31,31,31,31,31,25,31,31,31,31,31,31,31,25,31,31,31,31,31,31,25,31,31,31,31,31,31,31,25,31,25,31,31,31,31,25,31,31,25,31,31,31,25,31,31,31,31,31,31,31,25,31,31,31,31,31,31,31,31,31,31,31"
1507,64.20,51.57,"9.65,16.32,21.05,23.62,24.31,24.96,25.43,25.96,26.68,27.10,27.73,28.15,28.65,28.89,29.24,29.54,29.87,30.20,30.58,30.81,31.04,31.23,31.48,31.62,31.88,32.14,32.45,32.62,32.70,32.88,33.05,33.16,33.38,33.52,33.83,34.02,34.03,34.15,34.28,34.36,34.50,34.61,34.92,35.07,35.17,35.20,35.27,35.31,35.41,35.57,35.82,35.89,35.98,36.02,36.11,36.14,36.22,36.30,36.50,36.57,36.65,36.76,36.87,36.95","0.7231,0.7228,0.7227,0.7226","1.0069,1.0068,1.0019,0.9854,0.0001,0.0001,0.0001,0.0001,0.0000,0.0000,0.0000,0.0000,0.0000,0.0000,0.0000,0.0000,0.0000,0.0000,0.0000,0.0000,0.0000,0.0000,0.0000,0.0000,0.0000,0.0000,0.0000,0.0000,0.0000,0.0000,0.0000,0.0000,0.0000,0.0000,0.0000,0.0000,0.0000,0.0000,0.0000,0.0000,0.0000,0.0000,0.0000,0.0000,0.0000,0.0000,0.0000,0.0000,0.0000,0.0000,0.0000,0.0000,0.0000,0.0000,0.0000,0.0000,0.0000,0.0000,0.0000,0.0000,0.0000,0.0000,0.0000,0.0000","5,12,5,14","25,25,25,25,25,25,25,25,25,25,25,25,25,25,25,25,25,25,25,25,25,25,25,25,25,25,25,25,25,25,25,25,25,25,25,25,25,25,25,25,25,25,25,25,25,25,25,25,25,25,25,25,31,25,25,25,25,25,25,25,25,25,25,25"
1508,29.58,32.56,"10.05,11.82,13.45,14.71,15.65,16.38,16.94,17.35,17.73,17.99,18.18,18.36,18.57,18.79,19.03,19.35,19.57,19.72,19.85,19.96,20.08,20.21,20.36,20.54,20.69,20.80,20.89,20.97,21.06,21.15,21.26,21.39,21.51,21.60,21.66,21.73,21.80,21.87,21.96,22.07,22.17,22.23,22.28,22.34,22.39,22.45,22.53,22.62,22.70,22.76,22.81,22.85,22.90,22.95,23.02,23.10,23.17,23.22,23.26,23.30,23.34,23.39,23.44,23.51","1.3380,1.3273,0.7848,0.5499","1.6524,1.5303,0.8174,0.0001,0.0001,0.0001,0.0001,0.0000,0.0000,0.0000,0.0000,0.0000,0.0000,0.0000,0.0000,0.0000,0.0000,0.0000,0.0000,0.0000,0.0000,0.0000,0.0000,0.0000,0.0000,0.0000,0.0000,0.0000,0.0000,0.0000,0.0000,0.0000,0.0000,0.0000,0.0000,0.0000,0.0000,0.0000,0.0000,0.0000,0.0000,0.0000,0.0000,0.0000,0.0000,0.0000,0.0000,0.0000,0.0000,0.0000,0.0000,0.0000,0.0000,0.0000,0.0000,0.0000,0.0000,0.0000,0.0000,0.0000,0.0000,0.0000,0.0000,0.0000","4,4,4,4","41,41,41,41,41,41,41,41,41,41,41,41,41,41,41,41,41,41,41,41,41,41,41,41,41,41,41,41,41,41,41,41,41,41,41,41,41,41,41,41,41,25,41,41,41,41,41,41,41,41,41,41,41,41,41,41,25,41,41,41,41,25,41,41"
1519,44.22,42.97,"10.25,16.54,20.31,21.16,22.03,22.75,23.40,24.05,24.53,25.01,25.45,25.81,26.10,26.41,26.70,26.98,27.26,27.54,27.80,27.99,28.20,28.40,28.60,28.79,29.00,29.18,29.35,29.50,29.64,29.78,29.92,30.06,30.20,30.34,30.48,30.61,30.71,30.82,30.94,31.06,31.17,31.28,31.39,31.49,31.58,31.68,31.78,31.87,31.97,32.06,32.14,32.23,32.31,32.39,32.48,32.56,32.64,32.71,32.78,32.85,32.92,33.00,33.07,33.14","1.0402,1.0402,1.0400,0.5904","1.1768,1.1045,0.9883,0.7305,0.0001,0.0001,0.0001,0.0000,0.0000,0.0000,0.0000,0.0000,0.0000,0.0000,0.0000,0.0000,0.0000,0.0000,0.0000,0.0000,0.0000,0.0000,0.0000,0.0000,0.0000,0.0000,0.0000,0.0000,0.0000,0.0000,0.0000,0.0000,0.0000,0.0000,0.0000,0.0000,0.0000,0.0000,0.0000,0.0000,0.0000,0.0000,0.0000,0.0000,0.0000,0.0000,0.0000,0.0000,0.0000,0.0000,0.0000,0.0000,0.0000,0.0000,0.0000,0.0000,0.0000,0.0000,0.0000,0.0000,0.0000,0.0000,0.0000,0.0000","5,5,12,5","32,55,32,55,32,32,32,32,32,32,55,32,32,32,32,32,32,55,55,55,32,32,32,32,32,32,55,32,32,32,32,32,32,32,55,55,32,32,32,32,32,32,55,55,32,32,32,32,32,32,55,55,55,32,32,32,32,32,55,55,55,32,32,32"
1520,55.27,41.80,"10.02,12.97,14.38,15.78,16.82,17.64,18.45,19.08,20.02,20.52,21.05,21.59,21.80,22.00,22.38,22.75,23.10,23.36,23.62,23.84,24.02,24.23,24.48,24.69,24.87,25.09,25.32,25.52,25.67,25.80,25.99,26.20,26.36,26.52,26.67,26.81,26.93,27.05,27.19,27.31,27.44,27.56,27.68,27.79,27.87,27.97,28.10,28.23,28.34,28.46,28.58,28.68,28.77,28.86,28.96,29.04,29.13,29.22,29.31,29.37,29.44,29.51,29.61,29.71","0.5791,0.5782,0.5762,0.5747","1.0459,1.0263,0.9663,0.9604,0.0001,0.0001,0.0001,0.0001,0.0000,0.0000,0.0000,0.0000,0.0000,0.0000,0.0000,0.0000,0.0000,0.0000,0.0000,0.0000,0.0000,0.0000,0.0000,0.0000,0.0000,0.0000,0.0000,0.0000,0.0000,0.0000,0.0000,0.0000,0.0000,0.0000,0.0000,0.0000,0.0000,0.0000,0.0000,0.0000,0.0000,0.0000,0.0000,0.0000,0.0000,0.0000,0.0000,0.0000,0.0000,0.0000,0.0000,0.0000,0.0000,0.0000,0.0000,0.0000,0.0000,0.0000,0.0000,0.0000,0.0000,0.0000,0.0000,0.0000","4,4,4,13","40,24,24,24,24,24,24,24,24,24,24,24,24,40,24,24,24,24,24,24,24,24,24,24,24,24,24,24,24,24,24,24,24,24,24,24,24,24,24,24,24,24,24,24,24,24,24,24,24,24,24,24,24,24,24,24,24,24,24,24,24,24,24,24"
1524,63.68,49.96,"11.73,16.92,19.52,21.81,23.49,25.01,26.17,27.18,27.93,28.36,28.75,29.10,29.40,29.63,29.82,30.04,30.32,30.53,30.77,30.97,31.10,31.29,31.58,31.87,32.11,32.30,32.48,32.50,32.66,32.91,33.07,33.30,33.46,33.62,33.79,33.92,34.05,34.21,34.34,34.48,34.62,34.74,34.85,34.94,35.06,35.21,35.31,35.45,35.57,35.68,35.79,35.88,35.99,36.13,36.24,36.35,36.45,36.53,36.62,36.69,36.80,36.92,37.00,37.09","0.5152,0.5151,0.5147,0.5102","1.0107,1.0088,0.9990,0.9815,0.0001,0.0001,0.0001,0.0000,0.0000,0.0000,0.0000,0.0000,0.0000,0.0000,0.0000,0.0000,0.0000,0.0000,0.0000,0.0000,0.0000,0.0000,0.0000,0.0000,0.0000,0.0000,0.0000,0.0000,0.0000,0.0000,0.0000,0.0000,0.0000,0.0000,0.0000,0.0000,0.0000,0.0000,0.0000,0.0000,0.0000,0.0000,0.0000,0.0000,0.0000,0.0000,0.0000,0.0000,0.0000,0.0000,0.0000,0.0000,0.0000,0.0000,0.0000,0.0000,0.0000,0.0000,0.0000,0.0000,0.0000,0.0000,0.0000,0.0000","0,0,0,0","41,41,41,41,41,41,41,41,41,41,41,41,41,41,41,41,41,41,41,41,41,41,47,41,41,41,41,43,41,41,41,41,41,41,41,41,41,41,41,41,41,41,41,41,41,41,41,41,41,41,41,41,41,41,41,41,41,41,41,41,41,41,41,41"
1525,70.88,51.04,"10.78,17.49,21.59,24.27,26.71,28.48,29.58,30.19,30.74,31.19,31.64,32.06,32.51,32.90,33.29,33.63,33.86,34.14,34.37,34.60,34.84,35.09,35.28,35.48,35.60,35.82,35.99,36.14,36.32,36.51,36.66,36.78,36.88,37.03,37.16,37.30,37.43,37.59,37.73,37.82,37.90,38.03,38.13,38.23,38.36,38.49,38.61,38.70,38.78,38.88,38.97,39.03,39.15,39.25,39.36,39.43,39.48,39.58,39.65,39.72,39.79,39.89,39.97,40.03","0.5655,0.5654,0.5653,0.5644","1.0088,1.0059,0.9927,0.9926,0.0001,0.0001,0.0001,0.0001,0.0000,0.0000,0.0000,0.0000,0.0000,0.0000,0.0000,0.0000,0.0000,0.0000,0.0000,0.0000,0.0000,0.0000,0.0000,0.0000,0.0000,0.0000,0.0000,0.0000,0.0000,0.0000,0.0000,0.0000,0.0000,0.0000,0.0000,0.0000,0.0000,0.0000,0.0000,0.0000,0.0000,0.0000,0.0000,0.0000,0.0000,0.0000,0.0000,0.0000,0.0000,0.0000,0.0000,0.0000,0.0000,0.0000,0.0000,0.0000,0.0000,0.0000,0.0000,0.0000,0.0000,0.0000,0.0000,0.0000","1,1,8,1","32,32,32,32,32,32,32,32,32,32,32,32,32,32,32,32,32,32,32,32,32,32,32,32,32,32,32,32,32,32,32,32,32,32,32,32,32,32,32,32,32,32,32,32,32,32,32,32,32,32,32,32,32,32,32,32,32,32,32,32,32,32,32,32"
1526,58.34,42.88,"10.50,15.62,18.13,19.35,19.76,20.27,20.49,20.82,21.13,21.43,21.77,22.04,22.24,22.41,22.59,22.72,22.88,23.06,23.32,23.55,23.63,23.74,23.88,23.99,24.08,24.24,24.35,24.45,24.53,24.64,24.69,24.78,24.84,24.92,25.03,25.17,25.28,25.39,25.46,25.54,25.57,25.65,25.71,25.83,25.89,26.00,26.08,26.11,26.16,26.20,26.25,26.31,26.37,26.48,26.55,26.61,26.66,26.73,26.76,26.80,26.83,26.90,26.94,27.00","0.5991,0.5987,0.5981,0.5943","1.0937,1.0410,0.9326,0.9322,0.0001,0.0001,0.0001,0.0001,0.0000,0.0000,0.0000,0.0000,0.0000,0.0000,0.0000,0.0000,0.0000,0.0000,0.0000,0.0000,0.0000,0.0000,0.0000,0.0000,0.0000,0.0000,0.0000,0.0000,0.0000,0.0000,0.0000,0.0000,0.0000,0.0000,0.0000,0.0000,0.0000,0.0000,0.0000,0.0000,0.0000,0.0000,0.0000,0.0000,0.0000,0.0000,0.0000,0.0000,0.0000,0.0000,0.0000,0.0000,0.0000,0.0000,0.0000,0.0000,0.0000,0.0000,0.0000,0.0000,0.0000,0.0000,0.0000,0.0000","1,9,1,1","16,16,16,16,16,16,16,16,16,16,16,16,16,16,16,16,16,16,16,16,16,16,16,16,16,16,16,16,16,16,16,16,16,16,16,16,16,16,16,16,16,16,16,16,16,16,16,16,16,16,16,16,16,16,16,16,16,16,16,16,16,16,16,16"
1527,49.80,38.74,"9.46,11.94,13.01,13.75,14.34,14.85,15.30,15.67,16.05,16.47,16.72,17.03,17.31,17.53,17.72,17.83,17.95,18.17,18.30,18.48,18.54,18.68,18.83,18.87,18.89,19.06,19.17,19.33,19.41,19.53,19.59,19.68,19.74,19.87,19.97,20.09,20.23,20.27,20.44,20.58,20.61,20.74,20.76,20.85,20.90,20.95,21.02,21.09,21.11,21.19,21.26,21.34,21.38,21.46,21.58,21.66,21.71,21.81,21.88,21.94,21.98,22.01,22.10,22.13","0.6196,0.6190,0.6177,0.6100","1.1114,1.0313,0.9551,0.9028,0.0001,0.0001,0.0001,0.0001,0.0000,0.0000,0.0000,0.0000,0.0000,0.0000,0.0000,0.0000,0.0000,0.0000,0.0000,0.0000,0.0000,0.0000,0.0000,0.0000,0.0000,0.0000,0.0000,0.0000,0.0000,0.0000,0.0000,0.0000,0.0000,0.0000,0.0000,0.0000,0.0000,0.0000,0.0000,0.0000,0.0000,0.0000,0.0000,0.0000,0.0000,0.0000,0.0000,0.0000,0.0000,0.0000,0.0000,0.0000,0.0000,0.0000,0.0000,0.0000,0.0000,0.0000,0.0000,0.0000,0.0000,0.0000,0.0000,0.0000","5,12,5,12","33,23,33,33,17,17,17,17,33,23,33,23,33,33,33,33,17,23,33,23,17,33,33,23,17,23,33,23,17,17,39,33,17,23,33,23,17,33,17,33,17,23,17,23,17,33,33,33,17,23,33,23,17,17,17,17,33,33,33,23,33,23,33,17"
1528,62.53,44.10,"10.42,15.18,17.59,19.09,20.27,20.84,21.80,22.22,22.40,22.86,23.26,23.65,24.00,24.21,24.37,24.59,24.74,25.05,25.27,25.49,25.73,25.91,25.98,26.19,26.40,26.66,26.83,26.95,27.10,27.22,27.30,27.50,27.54,27.66,27.79,28.13,28.23,28.35,28.46,28.60,28.64,28.70,28.78,28.88,29.02,29.14,29.24,29.32,29.46,29.56,29.63,29.75,29.84,29.91,30.02,30.12,30.34,30.46,30.55,30.68,30.78,30.88,30.98,31.07","0.5117,0.5117,0.5112,0.5106","1.0186,1.0117,0.9878,0.9810,0.0001,0.0001,0.0001,0.0001,0.0000,0.0000,0.0000,0.0000,0.0000,0.0000,0.0000,0.0000,0.0000,0.0000,0.0000,0.0000,0.0000,0.0000,0.0000,0.0000,0.0000,0.0000,0.0000,0.0000,0.0000,0.0000,0.0000,0.0000,0.0000,0.0000,0.0000,0.0000,0.0000,0.0000,0.0000,0.0000,0.0000,0.0000,0.0000,0.0000,0.0000,0.0000,0.0000,0.0000,0.0000,0.0000,0.0000,0.0000,0.0000,0.0000,0.0000,0.0000,0.0000,0.0000,0.0000,0.0000,0.0000,0.0000,0.0000,0.0000","5,13,5,5","16,16,16,16,16,16,16,16,16,16,16,16,16,16,16,16,16,16,16,16,16,16,16,16,16,16,16,16,16,16,16,16,16,16,16,16,17,16,16,16,17,16,16,16,16,16,16,16,17,17,16,16,16,16,16,16,16,16,17,16,16,16,16,16"
1529,62.83,46.33,"10.04,14.75,16.78,17.94,18.87,19.55,20.00,20.38,20.87,21.25,21.61,22.01,22.38,22.72,22.95,23.27,23.52,23.81,24.03,24.29,24.47,24.71,24.84,25.12,25.23,25.46,25.63,25.82,25.95,26.10,26.26,26.45,26.54,26.74,26.90,27.02,27.12,27.25,27.35,27.45,27.51,27.65,27.77,27.86,27.94,28.04,28.14,28.22,28.30,28.44,28.55,28.63,28.71,28.78,28.85,29.02,29.16,29.22,29.36,29.41,29.53,29.58,29.57,29.62","0.4845,0.4842,0.4838,0.4811","1.0157,1.0137,1.0029,0.9673,0.0001,0.0001,0.0001,0.0001,0.0000,0.0000,0.0000,0.0000,0.0000,0.0000,0.0000,0.0000,0.0000,0.0000,0.0000,0.0000,0.0000,0.0000,0.0000,0.0000,0.0000,0.0000,0.0000,0.0000,0.0000,0.0000,0.0000,0.0000,0.0000,0.0000,0.0000,0.0000,0.0000,0.0000,0.0000,0.0000,0.0000,0.0000,0.0000,0.0000,0.0000,0.0000,0.0000,0.0000,0.0000,0.0000,0.0000,0.0000,0.0000,0.0000,0.0000,0.0000,0.0000,0.0000,0.0000,0.0000,0.0000,0.0000,0.0000,0.0000","4,4,12,4","8,8,24,24,8,8,22,24,24,8,8,8,8,24,24,8,8,8,8,24,8,8,8,24,24,8,24,8,24,8,24,8,8,8,8,24,8,8,8,24,22,8,24,8,24,8,24,22,24,8,8,8,24,8,8,8,24,22,24,24,8,22,22,24"
1530,40.93,37.30,"11.04,13.76,15.13,16.54,17.48,18.45,19.30,19.62,19.98,20.32,20.69,21.15,21.46,21.72,22.07,22.35,22.58,22.77,22.99,23.26,23.45,23.67,23.93,24.25,24.39,24.54,24.65,24.81,24.99,25.14,25.34,25.51,25.57,25.59,25.63,25.73,25.74,25.84,26.01,26.06,26.21,26.19,26.22,26.28,26.34,26.38,26.41,26.43,26.42,26.43,26.48,26.51,26.54,26.56,26.57,26.59,26.54,26.60,26.69,26.77,26.78,26.78,26.87,27.16","0.7914,0.7872,0.7867,0.7775","1.1377,0.9888,0.9648,0.9087,0.0001,0.0001,0.0001,0.0001,0.0000,0.0000,0.0000,0.0000,0.0000,0.0000,0.0000,0.0000,0.0000,0.0000,0.0000,0.0000,0.0000,0.0000,0.0000,0.0000,0.0000,0.0000,0.0000,0.0000,0.0000,0.0000,0.0000,0.0000,0.0000,0.0000,0.0000,0.0000,0.0000,0.0000,0.0000,0.0000,0.0000,0.0000,0.0000,0.0000,0.0000,0.0000,0.0000,0.0000,0.0000,0.0000,0.0000,0.0000,0.0000,0.0000,0.0000,0.0000,0.0000,0.0000,0.0000,0.0000,0.0000,0.0000,0.0000,0.0000","0,0,0,8","41,33,33,33,33,33,33,33,33,33,33,33,33,33,33,33,33,33,33,33,33,33,33,33,33,33,33,33,33,33,33,33,41,24,24,33,24,33,33,24,33,24,24,24,24,24,24,24,49,24,24,24,24,24,24,24,49,41,41,33,24,24,41,41"
1531,30.67,29.77,"10.92,12.20,12.92,13.57,14.10,14.58,14.99,15.35,15.66,15.86,16.04,16.31,16.60,16.79,17.09,17.27,17.34,17.54,17.72,17.88,17.99,18.16,18.43,18.56,18.69,18.80,18.95,19.04,19.14,19.21,19.32,19.45,19.51,19.67,19.76,19.86,19.91,19.95,20.05,20.16,20.18,20.24,20.35,20.41,20.45,20.42,20.54,20.66,20.68,20.78,20.84,21.06,21.12,21.17,21.23,21.26,21.29,21.36,21.39,21.49,21.54,21.56,21.61,21.65","0.9688,0.9634,0.9191,0.5903","1.3545,1.2520,1.1074,0.2859,0.0001,0.0001,0.0001,0.0000,0.0000,0.0000,0.0000,0.0000,0.0000,0.0000,0.0000,0.0000,0.0000,0.0000,0.0000,0.0000,0.0000,0.0000,0.0000,0.0000,0.0000,0.0000,0.0000,0.0000,0.0000,0.0000,0.0000,0.0000,0.0000,0.0000,0.0000,0.0000,0.0000,0.0000,0.0000,0.0000,0.0000,0.0000,0.0000,0.0000,0.0000,0.0000,0.0000,0.0000,0.0000,0.0000,0.0000,0.0000,0.0000,0.0000,0.0000,0.0000,0.0000,0.0000,0.0000,0.0000,0.0000,0.0000,0.0000,0.0000","0,0,0,8","16,16,16,16,16,16,16,16,16,16,16,32,16,16,32,16,32,32,16,32,32,16,16,16,16,32,32,32,16,32,16,16,16,0,32,32,16,32,16,16,32,32,16,32,32,16,32,16,16,16,16,16,32,16,32,32,32,32,16,16,32,32,32,16"
1532,46.04,39.12,"11.28,14.93,17.72,18.87,19.79,20.64,21.24,21.76,22.18,22.44,22.87,23.17,23.35,23.53,23.87,23.96,24.10,24.27,24.45,24.61,24.77,24.94,25.06,25.12,25.29,25.42,25.51,25.61,25.73,25.82,25.89,25.92,26.14,26.19,26.21,26.31,26.38,26.44,26.55,27.42,27.56,27.63,27.75,27.81,27.87,27.97,28.12,28.15,28.20,28.25,28.30,28.31,28.35,28.38,28.46,28.47,28.48,28.48,28.50,28.57,28.63,28.68,28.71,28.75","0.6625,0.6622,0.6598,0.6408","1.0947,1.0762,1.0332,0.7959,0.0001,0.0001,0.0001,0.0001,0.0000,0.0000,0.0000,0.0000,0.0000,0.0000,0.0000,0.0000,0.0000,0.0000,0.0000,0.0000,0.0000,0.0000,0.0000,0.0000,0.0000,0.0000,0.0000,0.0000,0.0000,0.0000,0.0000,0.0000,0.0000,0.0000,0.0000,0.0000,0.0000,0.0000,0.0000,0.0000,0.0000,0.0000,0.0000,0.0000,0.0000,0.0000,0.0000,0.0000,0.0000,0.0000,0.0000,0.0000,0.0000,0.0000,0.0000,0.0000,0.0000,0.0000,0.0000,0.0000,0.0000,0.0000,0.0000,0.0000","5,5,5,5","33,49,33,33,33,33,33,33,33,49,33,33,49,33,33,49,33,33,33,49,49,33,49,49,33,33,49,49,33,49,49,49,33,49,33,33,33,49,33,33,49,49,33,49,49,33,33,49,49,49,49,49,39,39,33,49,49,1,39,39,39,49,49,49"
1533,54.52,46.91,"10.04,16.71,19.90,21.38,22.24,23.29,23.79,24.11,24.54,24.96,25.18,25.45,25.87,26.60,26.74,27.18,27.46,27.74,27.79,27.87,28.06,28.07,28.47,28.80,29.00,29.21,29.46,29.69,29.89,30.14,30.36,30.45,30.57,30.71,30.84,31.03,31.21,31.36,31.52,31.62,31.68,31.79,31.90,32.02,32.17,32.29,32.42,32.52,32.58,32.68,32.78,32.87,33.03,33.14,33.26,33.34,33.37,33.43,33.50,33.58,33.74,33.82,33.91,33.99","0.5709,0.5707,0.5693,0.5614","1.0205,1.0117,1.0068,0.9615,0.0001,0.0001,0.0001,0.0001,0.0000,0.0000,0.0000,0.0000,0.0000,0.0000,0.0000,0.0000,0.0000,0.0000,0.0000,0.0000,0.0000,0.0000,0.0000,0.0000,0.0000,0.0000,0.0000,0.0000,0.0000,0.0000,0.0000,0.0000,0.0000,0.0000,0.0000,0.0000,0.0000,0.0000,0.0000,0.0000,0.0000,0.0000,0.0000,0.0000,0.0000,0.0000,0.0000,0.0000,0.0000,0.0000,0.0000,0.0000,0.0000,0.0000,0.0000,0.0000,0.0000,0.0000,0.0000,0.0000,0.0000,0.0000,0.0000,0.0000","5,5,5,5","41,41,41,41,41,41,41,41,41,41,57,41,41,41,41,57,41,41,57,41,41,57,41,41,41,41,41,41,41,41,41,41,41,41,41,41,41,41,41,41,57,41,41,41,41,41,41,41,47,41,41,41,41,41,41,41,41,41,41,41,41,41,41,41"
1534,57.56,42.83,"9.81,13.54,15.69,17.29,18.47,19.48,20.28,20.80,21.33,21.63,21.98,22.29,22.62,22.90,23.26,23.51,23.81,23.95,24.12,24.31,24.50,24.67,24.92,25.11,25.30,25.40,25.48,25.61,25.73,25.88,26.05,26.24,26.38,26.46,26.54,26.65,26.75,26.86,27.02,27.18,27.29,27.36,27.44,27.53,27.62,27.71,27.84,27.99,28.08,28.13,28.20,28.27,28.34,28.42,28.51,28.64,28.72,28.77,28.80,28.87,28.90,28.94,29.03,29.14","0.6553,0.6549,0.6547,0.6543","1.0547,1.0381,0.9692,0.9375,0.0001,0.0001,0.0001,0.0001,0.0000,0.0000,0.0000,0.0000,0.0000,0.0000,0.0000,0.0000,0.0000,0.0000,0.0000,0.0000,0.0000,0.0000,0.0000,0.0000,0.0000,0.0000,0.0000,0.0000,0.0000,0.0000,0.0000,0.0000,0.0000,0.0000,0.0000,0.0000,0.0000,0.0000,0.0000,0.0000,0.0000,0.0000,0.0000,0.0000,0.0000,0.0000,0.0000,0.0000,0.0000,0.0000,0.0000,0.0000,0.0000,0.0000,0.0000,0.0000,0.0000,0.0000,0.0000,0.0000,0.0000,0.0000,0.0000,0.0000","5,5,12,5","40,40,40,40,40,40,40,40,40,40,40,40,40,40,40,40,40,40,40,40,40,40,40,40,40,40,24,40,40,40,40,40,40,40,40,40,40,40,40,40,40,40,40,40,40,40,40,40,40,40,40,40,40,40,40,40,40,40,24,40,24,24,40,40"
1535,39.31,34.92,"9.93,13.23,14.59,15.57,15.99,16.51,16.96,17.29,17.68,18.01,18.33,18.66,18.92,19.13,19.36,19.62,19.84,20.03,20.20,20.41,20.57,20.72,20.87,21.04,21.19,21.31,21.36,21.52,21.56,21.69,21.81,21.86,21.93,22.03,22.20,22.28,22.38,22.53,22.55,22.46,22.29,22.16,22.31,22.33,22.44,22.53,22.61,22.78,22.88,23.11,23.25,23.32,23.35,23.41,23.48,23.60,23.64,23.72,23.82,23.88,23.95,23.99,24.04,24.06","0.6900,0.6884,0.6294,0.6032","1.2441,1.2119,0.8374,0.7075,0.0001,0.0001,0.0001,0.0000,0.0000,0.0000,0.0000,0.0000,0.0000,0.0000,0.0000,0.0000,0.0000,0.0000,0.0000,0.0000,0.0000,0.0000,0.0000,0.0000,0.0000,0.0000,0.0000,0.0000,0.0000,0.0000,0.0000,0.0000,0.0000,0.0000,0.0000,0.0000,0.0000,0.0000,0.0000,0.0000,0.0000,0.0000,0.0000,0.0000,0.0000,0.0000,0.0000,0.0000,0.0000,0.0000,0.0000,0.0000,0.0000,0.0000,0.0000,0.0000,0.0000,0.0000,0.0000,0.0000,0.0000,0.0000,0.0000,0.0000","5,5,5,5","40,40,40,40,40,40,40,40,40,40,40,40,40,40,40,40,40,40,40,40,40,40,40,40,40,40,42,40,42,40,40,56,40,40,40,40,40,40,58,56,58,40,56,40,40,40,40,40,56,40,40,58,40,40,40,40,40,40,40,40,40,42,40,40"
1536,52.76,39.43,"10.67,13.83,15.56,16.87,17.91,18.69,19.41,19.89,20.42,20.73,21.06,21.32,21.61,21.85,22.16,22.45,22.73,22.90,23.06,23.21,23.37,23.49,23.67,23.83,24.02,24.14,24.20,24.32,24.41,24.55,24.67,24.86,25.01,25.07,25.17,25.25,25.31,25.39,25.48,25.61,25.73,25.86,26.01,26.02,26.09,26.17,26.16,26.31,26.41,26.58,26.65,26.66,26.72,26.72,26.81,26.83,26.92,27.08,27.14,27.14,27.14,27.15,27.16,27.17","0.5990,0.5967,0.5962,0.5947","1.1211,1.0069,0.9629,0.9092,0.0001,0.0001,0.0001,0.0001,0.0000,0.0000,0.0000,0.0000,0.0000,0.0000,0.0000,0.0000,0.0000,0.0000,0.0000,0.0000,0.0000,0.0000,0.0000,0.0000,0.0000,0.0000,0.0000,0.0000,0.0000,0.0000,0.0000,0.0000,0.0000,0.0000,0.0000,0.0000,0.0000,0.0000,0.0000,0.0000,0.0000,0.0000,0.0000,0.0000,0.0000,0.0000,0.0000,0.0000,0.0000,0.0000,0.0000,0.0000,0.0000,0.0000,0.0000,0.0000,0.0000,0.0000,0.0000,0.0000,0.0000,0.0000,0.0000,0.0000","5,5,12,5","32,32,32,32,32,32,32,32,32,32,32,32,32,32,32,32,32,32,32,32,32,32,32,32,32,32,32,32,32,32,32,32,32,32,32,32,32,32,32,32,32,32,32,38,32,32,32,32,32,32,32,38,32,38,32,32,32,32,32,36,34,34,34,34"
1537,54.82,47.85,"11.22,18.15,22.50,23.83,25.29,26.37,27.06,27.46,28.19,28.67,29.05,29.40,29.65,29.94,30.30,30.57,30.89,31.16,31.38,31.57,31.71,31.86,32.08,32.20,32.37,32.53,32.68,32.79,32.88,32.97,33.12,33.19,33.29,33.39,33.48,33.54,33.65,33.77,33.86,34.10,34.18,34.26,34.33,34.40,34.50,34.60,34.63,34.77,34.85,34.92,34.98,35.07,35.18,35.26,35.28,35.35,35.51,35.58,35.68,35.75,35.83,35.88,35.91,35.94","0.6236,0.6235,0.6226,0.6152","1.0205,1.0068,0.9883,0.9844,0.0001,0.0001,0.0001,0.0000,0.0000,0.0000,0.0000,0.0000,0.0000,0.0000,0.0000,0.0000,0.0000,0.0000,0.0000,0.0000,0.0000,0.0000,0.0000,0.0000,0.0000,0.0000,0.0000,0.0000,0.0000,0.0000,0.0000,0.0000,0.0000,0.0000,0.0000,0.0000,0.0000,0.0000,0.0000,0.0000,0.0000,0.0000,0.0000,0.0000,0.0000,0.0000,0.0000,0.0000,0.0000,0.0000,0.0000,0.0000,0.0000,0.0000,0.0000,0.0000,0.0000,0.0000,0.0000,0.0000,0.0000,0.0000,0.0000,0.0000","5,5,5,5","33,49,33,33,33,33,33,33,49,49,33,33,33,33,33,33,49,49,49,33,49,33,33,33,49,49,49,49,49,33,33,33,49,49,49,49,33,33,33,33,49,49,49,49,33,33,33,33,33,33,33,33,33,33,49,33,33,33,49,33,33,49,49,33"
