ue,C_AE,C_UE,C_BS_hist,lambda_UE,lambda_BS,ue_beams,bs_beams
816,69.79,49.29,"9.96,16.29,18.60,20.13,21.20,22.31,23.06,23.74,24.40,24.94,25.40,25.84,26.19,26.53,26.88,27.20,27.61,27.90,28.17,28.44,28.67,28.92,29.17,29.40,29.69,29.90,30.09,30.29,30.44,30.62,30.82,31.00,31.22,31.38,31.54,31.67,31.79,31.92,32.07,32.22,32.37,32.51,32.63,32.74,32.84,32.95,33.08,33.21,33.34,33.44,33.54,33.64,33.73,33.84,33.95,34.06,34.18,34.27,34.35,34.43,34.51,34.59,34.69,34.79","0.5014,0.5014,0.4996,0.4987","1.0156,1.0068,1.0049,0.9727,0.0001,0.0001,0.0001,0.0001,0.0000,0.0000,0.0000,0.0000,0.0000,0.0000,0.0000,0.0000,0.0000,0.0000,0.0000,0.0000,0.0000,0.0000,0.0000,0.0000,0.0000,0.0000,0.0000,0.0000,0.0000,0.0000,0.0000,0.0000,0.0000,0.0000,0.0000,0.0000,0.0000,0.0000,0.0000,0.0000,0.0000,0.0000,0.0000,0.0000,0.0000,0.0000,0.0000,0.0000,0.0000,0.0000,0.0000,0.0000,0.0000,0.0000,0.0000,0.0000,0.0000,0.0000,0.0000,0.0000,0.0000,0.0000,0.0000,0.0000","0,2,0,0","40,59,57,40,57,40,40,59,40,59,57,59,40,40,59,59,40,57,57,59,40,40,40,59,40,57,59,57,57,40,40,40,40,40,59,59,59,40,59,40,40,57,59,57,57,59,40,59,40,59,57,57,57,40,40,40,40,59,59,57,59,40,59,40"
817,56.69,42.43,"10.85,12.85,14.38,15.43,16.24,16.97,17.58,18.27,18.66,18.94,19.23,19.50,19.66,19.89,20.04,20.28,20.35,20.49,20.75,20.89,21.26,21.38,21.46,21.73,21.94,22.10,22.40,22.46,22.55,22.67,22.79,23.02,23.18,23.32,23.45,23.55,23.68,23.76,23.89,24.02,24.16,24.24,24.37,24.45,24.55,24.60,24.70,24.80,24.91,25.00,25.10,25.16,25.26,25.32,25.41,25.49,25.59,25.67,25.76,25.81,25.90,25.94,26.00,26.08","0.5513,0.5499,0.5479,0.5469","1.0410,1.0234,0.9771,0.9585,0.0001,0.0001,0.0001,0.0001,0.0000,0.0000,0.0000,0.0000,0.0000,0.0000,0.0000,0.0000,0.0000,0.0000,0.0000,0.0000,0.0000,0.0000,0.0000,0.0000,0.0000,0.0000,0.0000,0.0000,0.0000,0.0000,0.0000,0.0000,0.0000,0.0000,0.0000,0.0000,0.0000,0.0000,0.0000,0.0000,0.0000,0.0000,0.0000,0.0000,0.0000,0.0000,0.0000,0.0000,0.0000,0.0000,0.0000,0.0000,0.0000,0.0000,0.0000,0.0000,0.0000,0.0000,0.0000,0.0000,0.0000,0.0000,0.0000,0.0000","4,4,4,4","57,57,57,57,57,57,57,57,57,57,57,57,57,63,63,57,63,57,57,57,57,57,57,57,57,57,57,63,57,57,57,57,57,57,57,57,57,57,57,57,57,57,57,57,57,57,57,57,57,57,57,57,57,57,57,57,57,57,57,57,57,57,57,57"
818,72.75,48.18,"10.20,15.87,18.19,19.33,20.50,21.14,21.78,22.56,23.17,23.47,23.83,24.32,24.67,25.01,25.38,25.60,25.83,26.09,26.38,26.65,26.83,26.98,27.22,27.34,27.52,27.69,27.97,28.23,28.35,28.57,28.63,28.73,28.94,29.10,29.24,29.36,29.46,29.58,29.62,29.80,29.99,30.03,30.14,30.22,30.30,30.34,30.47,30.53,30.61,30.66,30.76,30.80,30.85,30.91,31.00,31.03,31.09,31.18,31.23,31.28,31.47,31.55,31.64,31.64","0.4407,0.4404,0.4392,0.4392","1.0107,1.0049,0.9937,0.9912,0.0001,0.0001,0.0001,0.0001,0.0000,0.0000,0.0000,0.0000,0.0000,0.0000,0.0000,0.0000,0.0000,0.0000,0.0000,0.0000,0.0000,0.0000,0.0000,0.0000,0.0000,0.0000,0.0000,0.0000,0.0000,0.0000,0.0000,0.0000,0.0000,0.0000,0.0000,0.0000,0.0000,0.0000,0.0000,0.0000,0.0000,0.0000,0.0000,0.0000,0.0000,0.0000,0.0000,0.0000,0.0000,0.0000,0.0000,0.0000,0.0000,0.0000,0.0000,0.0000,0.0000,0.0000,0.0000,0.0000,0.0000,0.0000,0.0000,0.0000","1,3,1,1","60,41,60,60,60,41,60,41,41,60,41,60,41,60,41,60,41,60,60,60,41,41,41,60,60,41,60,60,60,41,41,41,60,41,60,41,60,60,41,41,60,12,41,41,41,41,41,41,41,41,41,41,41,41,41,41,41,41,41,41,41,41,41,43"
819,58.06,45.43,"9.30,14.11,16.43,17.97,19.25,20.36,21.23,21.89,22.31,22.85,23.31,23.77,24.15,24.54,24.86,25.22,25.45,25.71,25.99,26.25,26.47,26.66,26.86,27.07,27.26,27.45,27.65,27.83,27.97,28.13,28.30,28.46,28.58,28.74,28.91,29.05,29.16,29.30,29.42,29.57,29.66,29.77,29.88,30.01,30.11,30.21,30.32,30.42,30.48,30.55,30.65,30.77,30.87,30.97,31.05,31.15,31.19,31.26,31.36,31.44,31.53,31.61,31.69,31.76","0.5611,0.5610,0.5601,0.5547","1.0273,0.9931,0.9912,0.9878,0.0001,0.0001,0.0001,0.0001,0.0000,0.0000,0.0000,0.0000,0.0000,0.0000,0.0000,0.0000,0.0000,0.0000,0.0000,0.0000,0.0000,0.0000,0.0000,0.0000,0.0000,0.0000,0.0000,0.0000,0.0000,0.0000,0.0000,0.0000,0.0000,0.0000,0.0000,0.0000,0.0000,0.0000,0.0000,0.0000,0.0000,0.0000,0.0000,0.0000,0.0000,0.0000,0.0000,0.0000,0.0000,0.0000,0.0000,0.0000,0.0000,0.0000,0.0000,0.0000,0.0000,0.0000,0.0000,0.0000,0.0000,0.0000,0.0000,0.0000","10,2,10,2","35,19,19,4,19,19,19,35,4,19,19,19,19,19,19,19,19,19,19,19,4,35,19,19,19,19,19,4,35,4,19,19,19,19,19,19,35,19,19,35,4,19,19,19,19,35,4,19,35,4,19,19,19,19,19,35,4,4,19,19,19,4,19,35"
820,57.38,45.61,"9.41,14.47,17.40,18.67,19.61,20.44,21.18,21.64,22.10,22.56,23.02,23.40,23.89,24.22,24.52,24.74,25.04,25.29,25.61,25.90,26.16,26.41,26.63,26.84,26.99,27.22,27.43,27.63,27.84,28.04,28.22,28.35,28.54,28.71,28.85,29.00,29.14,29.29,29.43,29.53,29.71,29.87,29.98,30.08,30.20,30.30,30.39,30.47,30.64,30.78,30.88,30.96,31.03,31.10,31.17,31.24,31.38,31.51,31.60,31.65,31.72,31.79,31.85,31.90","0.6055,0.6050,0.6049,0.5982","1.0136,1.0098,1.0078,0.9693,0.0001,0.0001,0.0001,0.0001,0.0000,0.0000,0.0000,0.0000,0.0000,0.0000,0.0000,0.0000,0.0000,0.0000,0.0000,0.0000,0.0000,0.0000,0.0000,0.0000,0.0000,0.0000,0.0000,0.0000,0.0000,0.0000,0.0000,0.0000,0.0000,0.0000,0.0000,0.0000,0.0000,0.0000,0.0000,0.0000,0.0000,0.0000,0.0000,0.0000,0.0000,0.0000,0.0000,0.0000,0.0000,0.0000,0.0000,0.0000,0.0000,0.0000,0.0000,0.0000,0.0000,0.0000,0.0000,0.0000,0.0000,0.0000,0.0000,0.0000","9,1,9,1","20,42,20,20,42,20,42,42,20,20,20,20,42,42,20,42,20,20,42,42,20,42,20,20,20,42,42,42,20,20,20,20,42,42,42,20,20,20,20,20,42,42,42,20,20,20,20,20,42,42,42,20,20,20,20,20,42,42,42,42,20,20,20,20"
821,59.22,43.77,"10.36,15.64,17.48,18.78,20.02,21.05,21.88,22.50,22.79,23.25,23.71,24.16,24.55,24.88,25.17,25.41,25.68,25.94,26.17,26.41,26.66,26.91,27.15,27.34,27.50,27.69,27.87,28.05,28.22,28.41,28.57,28.70,28.86,28.99,29.13,29.27,29.42,29.56,29.70,29.83,29.94,30.06,30.18,30.28,30.38,30.48,30.59,30.69,30.79,30.89,30.98,31.08,31.17,31.27,31.36,31.46,31.55,31.63,31.71,31.79,31.85,31.92,32.00,32.10","0.5527,0.5523,0.5522,0.5453","1.0381,0.9946,0.9873,0.9795,0.0001,0.0001,0.0001,0.0001,0.0000,0.0000,0.0000,0.0000,0.0000,0.0000,0.0000,0.0000,0.0000,0.0000,0.0000,0.0000,0.0000,0.0000,0.0000,0.0000,0.0000,0.0000,0.0000,0.0000,0.0000,0.0000,0.0000,0.0000,0.0000,0.0000,0.0000,0.0000,0.0000,0.0000,0.0000,0.0000,0.0000,0.0000,0.0000,0.0000,0.0000,0.0000,0.0000,0.0000,0.0000,0.0000,0.0000,0.0000,0.0000,0.0000,0.0000,0.0000,0.0000,0.0000,0.0000,0.0000,0.0000,0.0000,0.0000,0.0000","13,13,6,13","43,27,43,27,43,27,43,43,27,27,27,43,27,27,27,43,43,43,43,27,43,43,43,43,27,27,43,43,27,27,27,27,43,43,43,27,27,27,43,27,43,43,43,43,43,27,27,27,43,43,43,43,27,27,27,27,43,43,43,43,43,27,27,27"
822,42.24,38.02,"10.41,11.90,13.17,14.25,15.12,15.55,16.44,17.09,17.74,18.21,18.61,18.83,19.03,19.22,19.45,19.72,20.15,20.43,20.61,20.85,20.96,21.14,21.28,21.47,21.74,21.93,22.08,22.20,22.32,22.45,22.56,22.71,22.92,23.08,23.20,23.31,23.42,23.52,23.65,23.75,23.90,24.04,24.14,24.25,24.33,24.43,24.51,24.62,24.76,24.89,24.99,25.07,25.14,25.22,25.28,25.35,25.45,25.54,25.62,25.74,25.79,25.84,25.95,26.00","0.8373,0.8355,0.8278,0.7943","1.0947,1.0342,0.9458,0.9253,0.0001,0.0001,0.0001,0.0001,0.0000,0.0000,0.0000,0.0000,0.0000,0.0000,0.0000,0.0000,0.0000,0.0000,0.0000,0.0000,0.0000,0.0000,0.0000,0.0000,0.0000,0.0000,0.0000,0.0000,0.0000,0.0000,0.0000,0.0000,0.0000,0.0000,0.0000,0.0000,0.0000,0.0000,0.0000,0.0000,0.0000,0.0000,0.0000,0.0000,0.0000,0.0000,0.0000,0.0000,0.0000,0.0000,0.0000,0.0000,0.0000,0.0000,0.0000,0.0000,0.0000,0.0000,0.0000,0.0000,0.0000,0.0000,0.0000,0.0000","9,0,9,2","27,25,27,27,27,27,27,27,25,27,25,27,25,27,27,27,27,27,27,25,27,25,27,25,27,27,25,25,25,25,25,25,27,27,27,25,25,25,25,27,27,25,27,25,25,25,25,25,27,27,25,27,25,25,25,25,27,27,27,25,25,25,25,27"
823,69.80,46.96,"9.24,13.59,15.74,17.23,18.03,18.90,19.55,20.14,20.81,21.35,21.72,22.27,22.67,22.89,23.12,23.38,23.74,24.05,24.27,24.48,24.73,24.90,25.04,25.20,25.39,25.55,25.72,25.87,25.89,26.02,26.28,26.40,26.56,26.73,26.88,27.01,27.11,27.21,27.30,27.38,27.55,27.68,27.81,27.92,28.01,28.07,28.14,28.21,28.34,28.46,28.56,28.64,28.72,28.78,28.83,28.92,29.04,29.15,29.24,29.32,29.39,29.45,29.49,29.56","0.4409,0.4408,0.4402,0.4388","1.0303,1.0039,1.0039,0.9624,0.0001,0.0001,0.0001,0.0001,0.0000,0.0000,0.0000,0.0000,0.0000,0.0000,0.0000,0.0000,0.0000,0.0000,0.0000,0.0000,0.0000,0.0000,0.0000,0.0000,0.0000,0.0000,0.0000,0.0000,0.0000,0.0000,0.0000,0.0000,0.0000,0.0000,0.0000,0.0000,0.0000,0.0000,0.0000,0.0000,0.0000,0.0000,0.0000,0.0000,0.0000,0.0000,0.0000,0.0000,0.0000,0.0000,0.0000,0.0000,0.0000,0.0000,0.0000,0.0000,0.0000,0.0000,0.0000,0.0000,0.0000,0.0000,0.0000,0.0000","5,5,5,14","19,2,25,25,19,19,19,19,2,2,19,25,25,19,19,19,2,2,2,25,25,25,19,19,19,2,2,19,25,25,2,19,19,19,2,2,2,19,19,19,19,19,2,2,2,2,25,19,19,19,2,2,2,2,19,25,19,19,19,2,2,2,2,25"
824,68.64,46.38,"10.90,16.77,20.09,21.91,23.06,23.75,24.49,25.16,25.75,26.21,26.66,27.14,27.39,27.87,28.36,28.61,28.60,28.90,29.23,29.42,29.62,29.85,30.13,30.46,30.46,30.63,30.86,30.99,31.15,31.28,31.48,31.70,31.70,31.87,32.02,32.13,32.25,32.33,32.48,32.61,32.61,32.72,32.86,33.01,33.06,33.18,33.27,33.37,33.38,33.40,33.54,33.68,33.76,33.83,33.93,34.06,34.07,34.11,34.21,34.30,34.43,34.46,34.57,34.68","0.4798,0.4790,0.4789,0.4774","1.0293,1.0117,0.9858,0.9722,0.0001,0.0001,0.0001,0.0001,0.0000,0.0000,0.0000,0.0000,0.0000,0.0000,0.0000,0.0000,0.0000,0.0000,0.0000,0.0000,0.0000,0.0000,0.0000,0.0000,0.0000,0.0000,0.0000,0.0000,0.0000,0.0000,0.0000,0.0000,0.0000,0.0000,0.0000,0.0000,0.0000,0.0000,0.0000,0.0000,0.0000,0.0000,0.0000,0.0000,0.0000,0.0000,0.0000,0.0000,0.0000,0.0000,0.0000,0.0000,0.0000,0.0000,0.0000,0.0000,0.0000,0.0000,0.0000,0.0000,0.0000,0.0000,0.0000,0.0000","1,1,1,1","25,25,25,25,25,25,25,25,25,25,25,25,25,25,25,25,57,25,25,25,25,25,25,25,36,25,25,25,25,25,25,25,41,25,25,25,25,25,25,25,41,25,25,25,25,25,25,25,41,25,25,25,25,25,25,25,36,25,25,25,25,25,25,25"
825,32.41,29.80,"10.46,11.71,12.96,14.00,14.87,15.62,16.25,16.78,17.19,17.45,17.63,17.78,17.95,18.15,18.38,18.63,18.86,19.02,19.14,19.23,19.32,19.44,19.58,19.74,19.90,20.02,20.10,20.17,20.23,20.31,20.42,20.53,20.66,20.75,20.82,20.87,20.92,20.98,21.06,21.15,21.25,21.33,21.39,21.43,21.47,21.52,21.58,21.65,21.74,21.80,21.85,21.89,21.91,21.95,21.99,22.05,22.12,22.17,22.21,22.24,22.26,22.29,22.34,22.39","0.8989,0.8813,0.8086,0.7980","1.5322,1.4980,0.5977,0.3713,0.0001,0.0001,0.0001,0.0000,0.0000,0.0000,0.0000,0.0000,0.0000,0.0000,0.0000,0.0000,0.0000,0.0000,0.0000,0.0000,0.0000,0.0000,0.0000,0.0000,0.0000,0.0000,0.0000,0.0000,0.0000,0.0000,0.0000,0.0000,0.0000,0.0000,0.0000,0.0000,0.0000,0.0000,0.0000,0.0000,0.0000,0.0000,0.0000,0.0000,0.0000,0.0000,0.0000,0.0000,0.0000,0.0000,0.0000,0.0000,0.0000,0.0000,0.0000,0.0000,0.0000,0.0000,0.0000,0.0000,0.0000,0.0000,0.0000,0.0000","0,8,0,0","24,24,24,24,24,24,24,24,24,24,24,24,24,24,24,24,24,24,24,24,24,24,24,24,24,24,24,24,24,24,24,24,24,24,24,24,24,24,24,24,24,24,24,24,24,24,24,24,24,24,24,24,24,24,24,24,24,24,24,24,24,24,24,24"
826,49.09,43.08,"10.90,16.86,19.09,19.94,20.65,21.48,22.16,22.72,23.20,23.74,24.28,24.68,24.96,25.30,25.59,25.83,26.10,26.42,26.65,26.88,27.11,27.32,27.55,27.76,27.98,28.18,28.36,28.54,28.71,28.89,29.04,29.19,29.36,29.51,29.67,29.81,29.94,30.07,30.20,30.34,30.47,30.57,30.69,30.81,30.93,31.03,31.12,31.21,31.29,31.35,31.50,31.59,31.69,31.76,31.86,32.00,32.03,32.08,32.14,32.22,32.29,32.36,32.40,32.43","0.6411,0.6410,0.6377,0.5878","1.0547,1.0479,0.9693,0.9287,0.0001,0.0001,0.0001,0.0001,0.0000,0.0000,0.0000,0.0000,0.0000,0.0000,0.0000,0.0000,0.0000,0.0000,0.0000,0.0000,0.0000,0.0000,0.0000,0.0000,0.0000,0.0000,0.0000,0.0000,0.0000,0.0000,0.0000,0.0000,0.0000,0.0000,0.0000,0.0000,0.0000,0.0000,0.0000,0.0000,0.0000,0.0000,0.0000,0.0000,0.0000,0.0000,0.0000,0.0000,0.0000,0.0000,0.0000,0.0000,0.0000,0.0000,0.0000,0.0000,0.0000,0.0000,0.0000,0.0000,0.0000,0.0000,0.0000,0.0000","0,0,9,0","25,56,25,56,56,25,25,25,25,25,25,25,56,25,25,56,25,25,56,56,25,25,25,25,25,25,25,56,56,25,25,25,25,25,25,56,56,25,25,25,25,25,25,56,56,56,25,25,25,25,25,56,56,56,25,25,56,56,56,56,56,56,56,56"
827,37.05,33.14,"10.89,13.82,15.39,16.66,17.59,18.25,18.73,19.27,19.66,20.03,20.33,20.62,20.93,21.20,21.46,21.76,22.02,22.25,22.43,22.59,22.77,22.95,23.14,23.34,23.49,23.65,23.78,23.90,24.03,24.16,24.30,24.44,24.57,24.69,24.80,24.90,24.99,25.11,25.23,25.33,25.44,25.54,25.62,25.65,25.65,25.74,25.77,25.79,25.86,25.88,25.89,25.94,26.02,26.08,26.16,26.26,26.37,26.46,26.50,26.56,26.65,26.72,26.79,26.87","0.7915,0.7885,0.7734,0.6333","1.2676,1.1152,1.0488,0.5684,0.0001,0.0001,0.0001,0.0000,0.0000,0.0000,0.0000,0.0000,0.0000,0.0000,0.0000,0.0000,0.0000,0.0000,0.0000,0.0000,0.0000,0.0000,0.0000,0.0000,0.0000,0.0000,0.0000,0.0000,0.0000,0.0000,0.0000,0.0000,0.0000,0.0000,0.0000,0.0000,0.0000,0.0000,0.0000,0.0000,0.0000,0.0000,0.0000,0.0000,0.0000,0.0000,0.0000,0.0000,0.0000,0.0000,0.0000,0.0000,0.0000,0.0000,0.0000,0.0000,0.0000,0.0000,0.0000,0.0000,0.0000,0.0000,0.0000,0.0000","0,0,9,0","25,25,25,25,25,25,25,25,25,25,25,25,25,25,25,25,25,25,25,25,25,25,25,25,25,25,25,25,25,25,25,25,25,25,25,25,25,25,25,25,25,25,25,31,31,25,31,31,25,31,31,25,25,25,25,25,25,25,25,25,25,25,25,25"
828,36.60,32.30,"11.45,13.67,15.29,16.33,17.16,17.85,18.40,18.90,19.26,19.53,19.79,19.98,20.20,20.44,20.67,20.92,21.15,21.33,21.48,21.61,21.74,21.89,22.05,22.20,22.35,22.49,22.60,22.69,22.79,22.88,23.01,23.12,23.24,23.35,23.45,23.52,23.57,23.64,23.73,23.83,23.86,23.87,23.92,23.98,24.04,24.13,24.16,24.21,24.21,24.25,24.32,24.39,24.41,24.49,24.50,24.56,24.58,24.61,24.66,24.66,24.70,24.70,24.74,24.81","0.8183,0.8159,0.7949,0.6361","1.3281,1.1768,0.9888,0.5068,0.0001,0.0001,0.0001,0.0000,0.0000,0.0000,0.0000,0.0000,0.0000,0.0000,0.0000,0.0000,0.0000,0.0000,0.0000,0.0000,0.0000,0.0000,0.0000,0.0000,0.0000,0.0000,0.0000,0.0000,0.0000,0.0000,0.0000,0.0000,0.0000,0.0000,0.0000,0.0000,0.0000,0.0000,0.0000,0.0000,0.0000,0.0000,0.0000,0.0000,0.0000,0.0000,0.0000,0.0000,0.0000,0.0000,0.0000,0.0000,0.0000,0.0000,0.0000,0.0000,0.0000,0.0000,0.0000,0.0000,0.0000,0.0000,0.0000,0.0000","4,4,4,4","33,33,33,33,33,33,33,33,33,33,33,33,33,33,33,33,33,33,33,33,33,33,33,33,33,33,33,33,33,33,33,33,33,33,33,33,33,17,33,33,1,17,17,17,33,17,33,17,17,17,17,17,17,17,33,17,1,17,1,17,1,17,17,17"
829,28.52,29.59,"11.04,12.44,13.88,15.09,16.08,16.91,17.61,18.21,18.65,18.91,19.08,19.22,19.38,19.58,19.82,20.10,20.34,20.51,20.61,20.70,20.78,20.90,21.04,21.22,21.39,21.50,21.58,21.64,21.71,21.78,21.88,22.01,22.14,22.23,22.30,22.35,22.39,22.45,22.53,22.63,22.73,22.81,22.86,22.90,22.94,22.98,23.04,23.13,23.21,23.28,23.33,23.37,23.39,23.43,23.48,23.55,23.62,23.70,23.73,23.76,23.76,23.79,23.83,23.88","1.4229,1.4092,1.1679,0.0001","1.4609,1.4336,0.6636,0.4416,0.0001,0.0001,0.0000,0.0000,0.0000,0.0000,0.0000,0.0000,0.0000,0.0000,0.0000,0.0000,0.0000,0.0000,0.0000,0.0000,0.0000,0.0000,0.0000,0.0000,0.0000,0.0000,0.0000,0.0000,0.0000,0.0000,0.0000,0.0000,0.0000,0.0000,0.0000,0.0000,0.0000,0.0000,0.0000,0.0000,0.0000,0.0000,0.0000,0.0000,0.0000,0.0000,0.0000,0.0000,0.0000,0.0000,0.0000,0.0000,0.0000,0.0000,0.0000,0.0000,0.0000,0.0000,0.0000,0.0000,0.0000,0.0000,0.0000,0.0000","4,4,4,4","32,32,32,32,32,32,32,32,32,32,32,32,32,32,32,32,32,32,32,32,32,32,32,32,32,32,32,32,32,32,32,32,32,32,32,32,32,32,32,32,32,32,32,32,32,32,32,32,32,32,32,32,32,32,32,32,32,32,32,32,32,32,32,32"
833,34.62,28.69,"10.28,11.37,12.07,12.56,12.93,13.27,13.60,13.82,14.11,14.31,14.45,14.62,14.75,14.94,15.11,15.25,15.40,15.52,15.65,15.75,15.83,15.96,16.10,16.17,16.26,16.37,16.46,16.55,16.58,16.65,16.73,16.68,16.68,16.74,16.69,16.72,16.69,16.83,16.92,17.03,17.10,17.16,17.29,17.31,17.39,17.43,17.54,17.58,17.65,17.66,17.79,17.86,17.96,17.87,18.08,18.07,18.00,18.07,18.15,18.11,18.21,18.16,18.33,18.28","0.7563,0.7534,0.7123,0.6528","1.0635,1.0605,1.0342,0.8418,0.0001,0.0001,0.0001,0.0001,0.0000,0.0000,0.0000,0.0000,0.0000,0.0000,0.0000,0.0000,0.0000,0.0000,0.0000,0.0000,0.0000,0.0000,0.0000,0.0000,0.0000,0.0000,0.0000,0.0000,0.0000,0.0000,0.0000,0.0000,0.0000,0.0000,0.0000,0.0000,0.0000,0.0000,0.0000,0.0000,0.0000,0.0000,0.0000,0.0000,0.0000,0.0000,0.0000,0.0000,0.0000,0.0000,0.0000,0.0000,0.0000,0.0000,0.0000,0.0000,0.0000,0.0000,0.0000,0.0000,0.0000,0.0000,0.0000,0.0000","4,10,12,4","33,33,33,33,33,33,33,33,33,33,33,33,33,33,33,33,33,33,33,33,33,33,33,33,33,33,33,33,17,33,39,35,39,17,35,17,33,33,33,33,33,33,33,33,33,33,33,33,33,33,33,33,39,39,33,33,33,33,17,33,35,17,33,33"
834,37.37,37.45,"11.21,17.45,20.25,21.39,21.57,22.21,22.59,22.80,23.32,23.79,24.14,24.48,24.72,25.19,25.43,25.62,25.88,26.03,26.31,26.45,26.70,26.73,27.06,27.13,27.22,27.36,27.43,27.61,27.62,27.72,27.85,27.90,27.97,28.08,28.19,28.24,28.25,28.25,28.26,28.26,28.32,28.50,28.56,28.72,28.73,28.80,28.83,28.83,28.91,29.04,29.14,29.24,29.26,29.29,29.29,29.33,29.37,29.58,29.68,29.72,29.73,29.73,29.74,29.75","0.8736,0.8734,0.8434,0.5683","1.3018,0.9224,0.8994,0.8770,0.0001,0.0001,0.0001,0.0001,0.0000,0.0000,0.0000,0.0000,0.0000,0.0000,0.0000,0.0000,0.0000,0.0000,0.0000,0.0000,0.0000,0.0000,0.0000,0.0000,0.0000,0.0000,0.0000,0.0000,0.0000,0.0000,0.0000,0.0000,0.0000,0.0000,0.0000,0.0000,0.0000,0.0000,0.0000,0.0000,0.0000,0.0000,0.0000,0.0000,0.0000,0.0000,0.0000,0.0000,0.0000,0.0000,0.0000,0.0000,0.0000,0.0000,0.0000,0.0000,0.0000,0.0000,0.0000,0.0000,0.0000,0.0000,0.0000,0.0000","13,5,13,5","30,30,30,30,30,30,30,30,30,30,30,30,30,30,30,30,30,30,30,30,30,30,30,30,30,30,30,30,24,30,30,30,30,30,30,30,24,24,24,26,30,30,30,30,28,30,30,28,30,30,30,30,30,30,24,30,30,30,30,30,24,26,24,24"
835,39.24,37.32,"10.90,17.30,19.78,20.79,21.43,22.18,22.47,22.82,23.34,23.70,24.00,24.32,24.67,24.89,25.07,25.28,25.40,25.60,25.85,26.04,26.13,26.25,26.43,26.49,26.60,26.62,26.64,26.75,26.87,26.94,26.97,27.05,27.12,27.22,27.27,27.28,27.30,27.41,27.47,27.53,27.54,27.55,27.63,27.78,27.79,27.79,27.80,27.83,27.84,27.91,28.01,28.05,28.10,28.19,28.20,28.21,28.23,28.26,28.31,28.38,28.44,28.45,28.45,28.48","0.9273,0.9268,0.9249,0.5572","1.1084,1.0820,0.9063,0.9033,0.0001,0.0001,0.0001,0.0001,0.0000,0.0000,0.0000,0.0000,0.0000,0.0000,0.0000,0.0000,0.0000,0.0000,0.0000,0.0000,0.0000,0.0000,0.0000,0.0000,0.0000,0.0000,0.0000,0.0000,0.0000,0.0000,0.0000,0.0000,0.0000,0.0000,0.0000,0.0000,0.0000,0.0000,0.0000,0.0000,0.0000,0.0000,0.0000,0.0000,0.0000,0.0000,0.0000,0.0000,0.0000,0.0000,0.0000,0.0000,0.0000,0.0000,0.0000,0.0000,0.0000,0.0000,0.0000,0.0000,0.0000,0.0000,0.0000,0.0000","13,4,13,4","30,30,30,30,30,30,30,30,30,30,30,30,30,30,30,30,30,30,30,30,30,30,30,30,30,30,24,30,30,30,30,30,30,30,30,24,24,30,30,30,24,24,30,30,30,24,24,30,24,30,30,30,30,30,30,30,30,30,30,30,30,24,24,30"
836,51.55,46.91,"11.36,17.77,21.67,22.95,24.00,24.61,25.25,25.72,26.40,26.81,27.16,27.46,27.88,28.15,28.44,28.71,29.01,29.25,29.44,29.62,29.85,30.04,30.27,30.41,30.58,30.72,30.92,31.08,31.16,31.34,31.51,31.65,31.84,31.94,32.08,32.22,32.31,32.44,32.57,32.68,32.77,32.91,33.02,33.14,33.22,33.35,33.46,33.56,33.65,33.75,33.83,33.93,33.99,34.12,34.22,34.31,34.42,34.50,34.56,34.64,34.71,34.81,34.89,34.97","0.8445,0.8442,0.8441,0.8394","1.0205,1.0137,0.9878,0.9785,0.0001,0.0001,0.0001,0.0001,0.0000,0.0000,0.0000,0.0000,0.0000,0.0000,0.0000,0.0000,0.0000,0.0000,0.0000,0.0000,0.0000,0.0000,0.0000,0.0000,0.0000,0.0000,0.0000,0.0000,0.0000,0.0000,0.0000,0.0000,0.0000,0.0000,0.0000,0.0000,0.0000,0.0000,0.0000,0.0000,0.0000,0.0000,0.0000,0.0000,0.0000,0.0000,0.0000,0.0000,0.0000,0.0000,0.0000,0.0000,0.0000,0.0000,0.0000,0.0000,0.0000,0.0000,0.0000,0.0000,0.0000,0.0000,0.0000,0.0000","5,5,13,5","32,38,32,32,32,32,32,32,32,32,32,32,32,32,32,32,32,32,32,32,32,32,32,32,32,32,32,32,32,32,32,32,32,32,32,32,32,32,32,32,32,32,32,32,32,32,32,32,32,32,32,32,32,32,32,32,32,32,32,32,32,32,32,32"
837,58.53,48.72,"11.16,17.62,21.64,23.09,24.20,24.99,25.55,26.38,27.09,27.68,28.07,28.51,28.84,29.15,29.39,29.65,29.99,30.31,30.56,30.76,30.96,31.17,31.48,31.84,32.04,32.21,32.36,32.47,32.59,32.74,32.93,33.14,33.29,33.43,33.52,33.62,33.73,33.88,34.03,34.17,34.32,34.47,34.58,34.66,34.76,34.91,35.08,35.23,35.32,35.41,35.47,35.53,35.60,35.68,35.78,35.91,35.99,36.05,36.10,36.15,36.23,36.33,36.42,36.51","0.7351,0.7350,0.7348,0.7305","1.0342,1.0039,0.9854,0.9771,0.0001,0.0001,0.0001,0.0001,0.0000,0.0000,0.0000,0.0000,0.0000,0.0000,0.0000,0.0000,0.0000,0.0000,0.0000,0.0000,0.0000,0.0000,0.0000,0.0000,0.0000,0.0000,0.0000,0.0000,0.0000,0.0000,0.0000,0.0000,0.0000,0.0000,0.0000,0.0000,0.0000,0.0000,0.0000,0.0000,0.0000,0.0000,0.0000,0.0000,0.0000,0.0000,0.0000,0.0000,0.0000,0.0000,0.0000,0.0000,0.0000,0.0000,0.0000,0.0000,0.0000,0.0000,0.0000,0.0000,0.0000,0.0000,0.0000,0.0000","9,9,1,9","32,30,32,30,32,32,32,32,32,32,32,30,32,32,32,32,32,32,32,32,32,32,32,32,32,32,32,32,32,32,32,32,32,32,32,32,32,32,32,32,32,32,32,32,32,32,32,32,32,32,32,32,32,32,32,32,32,32,32,32,32,32,32,32"
838,73.36,53.66,"10.79,18.11,23.41,26.08,26.81,27.60,28.40,29.31,30.04,30.57,30.99,31.48,31.89,32.30,32.79,33.21,33.56,33.88,34.12,34.42,34.63,34.86,35.18,35.45,35.67,35.85,36.02,36.24,36.36,36.50,36.73,36.92,37.05,37.19,37.31,37.48,37.56,37.66,37.81,37.97,38.06,38.15,38.25,38.37,38.43,38.52,38.63,38.75,38.84,38.94,39.02,39.11,39.18,39.26,39.34,39.44,39.53,39.64,39.71,39.80,39.88,39.95,40.03,40.11","0.6027,0.6026,0.6026,0.6024","1.0049,1.0000,0.9981,0.9971,0.0001,0.0001,0.0001,0.0000,0.0000,0.0000,0.0000,0.0000,0.0000,0.0000,0.0000,0.0000,0.0000,0.0000,0.0000,0.0000,0.0000,0.0000,0.0000,0.0000,0.0000,0.0000,0.0000,0.0000,0.0000,0.0000,0.0000,0.0000,0.0000,0.0000,0.0000,0.0000,0.0000,0.0000,0.0000,0.0000,0.0000,0.0000,0.0000,0.0000,0.0000,0.0000,0.0000,0.0000,0.0000,0.0000,0.0000,0.0000,0.0000,0.0000,0.0000,0.0000,0.0000,0.0000,0.0000,0.0000,0.0000,0.0000,0.0000,0.0000","9,9,0,9","32,32,62,62,32,32,32,32,32,62,32,62,32,32,32,32,32,62,32,62,32,32,32,32,32,62,32,62,32,32,32,32,32,62,32,62,32,62,32,32,32,62,32,62,32,62,32,32,32,32,32,62,32,62,32,32,32,32,32,32,32,62,32,32"
839,60.46,50.04,"10.31,17.16,20.90,22.92,24.50,25.50,26.34,27.12,27.66,28.13,28.48,28.84,29.25,29.67,29.99,30.33,30.62,30.84,31.06,31.23,31.48,31.69,31.98,32.24,32.52,32.73,32.90,33.08,33.24,33.49,33.68,33.86,34.01,34.15,34.25,34.37,34.49,34.67,34.79,34.92,35.06,35.17,35.27,35.36,35.49,35.61,35.75,35.87,36.01,36.11,36.19,36.28,36.39,36.50,36.63,36.72,36.82,36.90,36.97,37.04,37.13,37.24,37.33,37.41","0.7998,0.7997,0.7993,0.7985","1.0186,1.0097,0.9859,0.9853,0.0001,0.0001,0.0001,0.0001,0.0000,0.0000,0.0000,0.0000,0.0000,0.0000,0.0000,0.0000,0.0000,0.0000,0.0000,0.0000,0.0000,0.0000,0.0000,0.0000,0.0000,0.0000,0.0000,0.0000,0.0000,0.0000,0.0000,0.0000,0.0000,0.0000,0.0000,0.0000,0.0000,0.0000,0.0000,0.0000,0.0000,0.0000,0.0000,0.0000,0.0000,0.0000,0.0000,0.0000,0.0000,0.0000,0.0000,0.0000,0.0000,0.0000,0.0000,0.0000,0.0000,0.0000,0.0000,0.0000,0.0000,0.0000,0.0000,0.0000","9,1,9,1","39,39,39,39,39,39,39,39,39,39,39,39,39,39,39,39,39,39,39,39,39,39,39,39,39,39,39,39,39,39,39,39,39,39,39,39,39,39,39,39,39,39,39,39,39,39,39,39,39,39,39,39,39,39,39,39,39,39,39,39,39,39,39,39"
840,67.87,52.87,"11.33,19.36,25.16,28.20,29.17,30.22,31.37,31.93,32.52,33.23,33.76,34.12,34.53,34.97,35.30,35.61,35.92,36.34,36.56,36.80,37.04,37.32,37.46,37.66,37.87,38.15,38.29,38.45,38.61,38.76,38.88,39.02,39.18,39.36,39.47,39.59,39.70,39.79,39.89,40.00,40.11,40.24,40.34,40.43,40.51,40.58,40.66,40.73,40.83,40.93,41.02,41.10,41.15,41.22,41.29,41.34,41.42,41.51,41.59,41.66,41.71,41.77,41.82,41.87","0.6329,0.6328,0.6327,0.6324","1.0088,1.0019,0.9961,0.9927,0.0001,0.0001,0.0001,0.0000,0.0000,0.0000,0.0000,0.0000,0.0000,0.0000,0.0000,0.0000,0.0000,0.0000,0.0000,0.0000,0.0000,0.0000,0.0000,0.0000,0.0000,0.0000,0.0000,0.0000,0.0000,0.0000,0.0000,0.0000,0.0000,0.0000,0.0000,0.0000,0.0000,0.0000,0.0000,0.0000,0.0000,0.0000,0.0000,0.0000,0.0000,0.0000,0.0000,0.0000,0.0000,0.0000,0.0000,0.0000,0.0000,0.0000,0.0000,0.0000,0.0000,0.0000,0.0000,0.0000,0.0000,0.0000,0.0000,0.0000","9,0,9,0","32,32,32,32,32,32,32,32,32,32,32,32,32,32,32,32,32,32,32,32,32,32,32,32,32,32,32,32,32,32,32,32,32,32,32,32,32,32,32,32,32,32,32,32,32,32,32,32,32,32,32,32,32,32,32,32,32,32,32,32,32,32,32,32"
848,33.33,29.70,"9.39,11.15,12.81,14.39,15.64,16.60,17.32,17.86,18.18,18.45,18.67,18.86,19.08,19.33,19.59,19.83,20.02,20.17,20.30,20.42,20.55,20.68,20.84,20.99,21.12,21.22,21.33,21.40,21.50,21.59,21.69,21.82,21.91,22.00,22.07,22.14,22.22,22.31,22.40,22.49,22.58,22.64,22.70,22.74,22.82,22.89,22.97,23.02,23.11,23.17,23.23,23.29,23.34,23.40,23.47,23.53,23.59,23.66,23.70,23.74,23.80,23.84,23.90,23.96","1.1044,1.0976,1.0918,0.7056","1.3672,1.3536,1.0654,0.2131,0.0001,0.0001,0.0001,0.0000,0.0000,0.0000,0.0000,0.0000,0.0000,0.0000,0.0000,0.0000,0.0000,0.0000,0.0000,0.0000,0.0000,0.0000,0.0000,0.0000,0.0000,0.0000,0.0000,0.0000,0.0000,0.0000,0.0000,0.0000,0.0000,0.0000,0.0000,0.0000,0.0000,0.0000,0.0000,0.0000,0.0000,0.0000,0.0000,0.0000,0.0000,0.0000,0.0000,0.0000,0.0000,0.0000,0.0000,0.0000,0.0000,0.0000,0.0000,0.0000,0.0000,0.0000,0.0000,0.0000,0.0000,0.0000,0.0000,0.0000","12,4,12,12","31,31,31,31,31,31,31,31,31,31,31,31,31,31,31,31,31,31,31,31,31,31,31,31,31,31,31,31,31,31,31,31,31,31,31,31,31,31,31,31,31,30,31,31,31,31,31,31,31,31,31,31,31,31,31,31,31,31,31,31,31,31,31,31"
849,26.88,22.19,"10.73,11.98,12.78,13.36,13.82,14.17,14.45,14.68,14.84,15.00,15.15,15.31,15.47,15.64,15.82,16.01,16.13,16.23,16.32,16.42,16.52,16.64,16.77,16.92,17.01,17.09,17.15,17.22,17.30,17.39,17.50,17.62,17.69,17.75,17.80,17.86,17.92,18.00,18.09,18.20,18.25,18.30,18.35,18.39,18.44,18.51,18.60,18.69,18.74,18.78,18.81,18.85,18.90,18.97,19.04,19.12,19.16,19.20,19.22,19.26,19.31,19.36,19.43,19.51","1.2266,1.1816,1.0769,0.5148","1.6699,1.4336,0.8970,0.0001,0.0001,0.0001,0.0000,0.0000,0.0000,0.0000,0.0000,0.0000,0.0000,0.0000,0.0000,0.0000,0.0000,0.0000,0.0000,0.0000,0.0000,0.0000,0.0000,0.0000,0.0000,0.0000,0.0000,0.0000,0.0000,0.0000,0.0000,0.0000,0.0000,0.0000,0.0000,0.0000,0.0000,0.0000,0.0000,0.0000,0.0000,0.0000,0.0000,0.0000,0.0000,0.0000,0.0000,0.0000,0.0000,0.0000,0.0000,0.0000,0.0000,0.0000,0.0000,0.0000,0.0000,0.0000,0.0000,0.0000,0.0000,0.0000,0.0000,0.0000","11,3,11,11","30,30,30,30,30,30,30,30,30,30,30,30,30,30,30,30,30,30,30,30,30,30,30,30,30,30,30,30,30,30,30,30,30,30,30,30,30,30,30,30,30,30,30,30,30,30,30,30,30,30,30,30,30,30,30,30,30,30,30,30,30,30,30,30"
850,30.87,26.54,"10.33,11.67,12.53,13.25,13.89,14.45,15.01,15.55,15.83,16.03,16.21,16.39,16.60,16.85,17.14,17.45,17.61,17.75,17.86,17.98,18.12,18.30,18.50,18.72,18.84,18.93,19.03,19.13,19.24,19.38,19.54,19.72,19.81,19.89,19.97,20.05,20.15,20.27,20.40,20.54,20.61,20.68,20.75,20.82,20.91,21.01,21.12,21.24,21.30,21.36,21.41,21.48,21.56,21.64,21.75,21.84,21.89,21.95,22.00,22.06,22.13,22.21,22.30,22.38","1.2686,1.2532,1.2474,0.2316","1.2939,1.2383,1.0898,0.3784,0.0001,0.0001,0.0001,0.0000,0.0000,0.0000,0.0000,0.0000,0.0000,0.0000,0.0000,0.0000,0.0000,0.0000,0.0000,0.0000,0.0000,0.0000,0.0000,0.0000,0.0000,0.0000,0.0000,0.0000,0.0000,0.0000,0.0000,0.0000,0.0000,0.0000,0.0000,0.0000,0.0000,0.0000,0.0000,0.0000,0.0000,0.0000,0.0000,0.0000,0.0000,0.0000,0.0000,0.0000,0.0000,0.0000,0.0000,0.0000,0.0000,0.0000,0.0000,0.0000,0.0000,0.0000,0.0000,0.0000,0.0000,0.0000,0.0000,0.0000","8,1,8,8","39,39,39,39,39,39,39,39,39,39,39,39,39,39,39,39,39,39,39,39,39,39,39,39,39,33,33,33,39,39,39,39,39,33,33,39,39,39,39,39,39,33,33,39,39,39,39,39,39,33,33,39,39,39,39,39,39,33,33,39,39,39,39,39"
851,30.29,25.56,"9.55,10.96,11.99,12.88,13.70,14.34,14.76,15.01,15.30,15.48,15.63,15.83,16.06,16.28,16.44,16.54,16.71,16.81,16.90,17.02,17.17,17.29,17.37,17.44,17.53,17.60,17.67,17.77,17.87,17.95,18.00,18.07,18.13,18.17,18.41,18.63,18.80,18.94,19.06,19.15,19.24,19.34,19.46,19.57,19.66,19.74,19.81,19.90,19.96,20.03,20.11,20.19,20.26,20.33,20.40,20.51,20.56,20.64,20.71,20.77,20.83,20.89,20.98,21.10","1.1622,1.1523,1.0901,0.5942","1.2412,1.1025,1.0058,0.6494,0.0001,0.0001,0.0001,0.0000,0.0000,0.0000,0.0000,0.0000,0.0000,0.0000,0.0000,0.0000,0.0000,0.0000,0.0000,0.0000,0.0000,0.0000,0.0000,0.0000,0.0000,0.0000,0.0000,0.0000,0.0000,0.0000,0.0000,0.0000,0.0000,0.0000,0.0000,0.0000,0.0000,0.0000,0.0000,0.0000,0.0000,0.0000,0.0000,0.0000,0.0000,0.0000,0.0000,0.0000,0.0000,0.0000,0.0000,0.0000,0.0000,0.0000,0.0000,0.0000,0.0000,0.0000,0.0000,0.0000,0.0000,0.0000,0.0000,0.0000","15,1,7,15","30,30,30,30,30,30,30,30,30,30,30,30,30,30,30,30,30,30,30,30,30,30,30,30,30,30,30,30,30,30,30,30,30,32,32,32,32,32,32,32,32,32,32,32,32,32,32,30,32,32,30,30,32,32,30,30,32,30,30,32,32,30,30,30"
852,34.55,27.75,"9.80,11.29,12.29,13.08,13.86,14.58,15.19,15.72,16.03,16.24,16.40,16.57,16.76,16.99,17.25,17.53,17.70,17.82,17.92,18.02,18.13,18.28,18.45,18.65,18.75,18.84,18.90,18.98,19.06,19.17,19.31,19.46,19.54,19.60,19.65,19.71,19.78,19.87,19.98,20.10,20.16,20.21,20.25,20.30,20.36,20.44,20.54,20.64,20.69,20.73,20.77,20.81,20.87,20.94,21.02,21.12,21.14,21.18,21.21,21.25,21.30,21.37,21.44,21.52","0.9630,0.9556,0.9277,0.8872","1.2041,1.1290,0.8745,0.7934,0.0001,0.0001,0.0001,0.0001,0.0000,0.0000,0.0000,0.0000,0.0000,0.0000,0.0000,0.0000,0.0000,0.0000,0.0000,0.0000,0.0000,0.0000,0.0000,0.0000,0.0000,0.0000,0.0000,0.0000,0.0000,0.0000,0.0000,0.0000,0.0000,0.0000,0.0000,0.0000,0.0000,0.0000,0.0000,0.0000,0.0000,0.0000,0.0000,0.0000,0.0000,0.0000,0.0000,0.0000,0.0000,0.0000,0.0000,0.0000,0.0000,0.0000,0.0000,0.0000,0.0000,0.0000,0.0000,0.0000,0.0000,0.0000,0.0000,0.0000","15,1,15,15","30,30,30,30,30,30,30,30,30,30,30,30,30,30,30,30,30,30,30,30,30,30,30,30,30,30,30,30,30,30,30,30,30,30,30,30,30,30,30,30,30,30,30,30,30,30,30,30,30,30,30,30,30,30,30,30,30,30,30,30,30,30,30,30"
853,31.93,29.46,"10.27,11.70,12.91,14.01,15.02,15.83,16.46,16.94,17.30,17.50,17.65,17.82,18.04,18.29,18.54,18.78,18.97,19.09,19.19,19.32,19.47,19.63,19.80,19.96,20.08,20.17,20.25,20.35,20.47,20.59,20.71,20.85,20.93,20.99,21.07,21.15,21.25,21.34,21.44,21.58,21.64,21.70,21.77,21.84,21.92,22.00,22.10,22.23,22.28,22.33,22.39,22.45,22.51,22.60,22.68,22.81,22.86,22.91,22.95,23.01,23.08,23.15,23.24,23.36","1.2813,1.2763,1.2468,0.1954","1.3730,1.3320,0.9556,0.3398,0.0001,0.0001,0.0001,0.0000,0.0000,0.0000,0.0000,0.0000,0.0000,0.0000,0.0000,0.0000,0.0000,0.0000,0.0000,0.0000,0.0000,0.0000,0.0000,0.0000,0.0000,0.0000,0.0000,0.0000,0.0000,0.0000,0.0000,0.0000,0.0000,0.0000,0.0000,0.0000,0.0000,0.0000,0.0000,0.0000,0.0000,0.0000,0.0000,0.0000,0.0000,0.0000,0.0000,0.0000,0.0000,0.0000,0.0000,0.0000,0.0000,0.0000,0.0000,0.0000,0.0000,0.0000,0.0000,0.0000,0.0000,0.0000,0.0000,0.0000","11,0,11,11","38,38,38,38,38,38,38,38,38,38,38,38,38,38,38,38,38,38,38,38,38,38,38,38,38,38,38,38,38,38,38,38,38,38,38,38,38,38,38,38,38,38,38,38,38,38,38,38,38,38,38,38,38,38,38,38,38,38,38,38,38,38,38,38"
854,67.83,49.20,"9.30,15.98,18.08,19.79,21.16,22.16,22.90,23.43,24.34,25.00,25.48,25.91,26.26,26.58,26.88,27.14,27.63,27.94,28.20,28.44,28.65,28.84,29.01,29.17,29.46,29.66,29.85,30.02,30.18,30.32,30.43,30.61,30.82,30.97,31.10,31.24,31.37,31.48,31.59,31.76,31.94,32.06,32.17,32.29,32.38,32.46,32.57,32.75,32.89,32.98,33.07,33.17,33.25,33.32,33.42,33.59,33.69,33.77,33.85,33.93,34.00,34.06,34.17,34.33","0.5269,0.5268,0.5264,0.5250","1.0127,1.0117,0.9942,0.9820,0.0001,0.0001,0.0001,0.0001,0.0000,0.0000,0.0000,0.0000,0.0000,0.0000,0.0000,0.0000,0.0000,0.0000,0.0000,0.0000,0.0000,0.0000,0.0000,0.0000,0.0000,0.0000,0.0000,0.0000,0.0000,0.0000,0.0000,0.0000,0.0000,0.0000,0.0000,0.0000,0.0000,0.0000,0.0000,0.0000,0.0000,0.0000,0.0000,0.0000,0.0000,0.0000,0.0000,0.0000,0.0000,0.0000,0.0000,0.0000,0.0000,0.0000,0.0000,0.0000,0.0000,0.0000,0.0000,0.0000,0.0000,0.0000,0.0000,0.0000","10,4,4,4","50,32,32,32,50,32,32,32,32,50,50,32,32,50,32,32,32,50,50,32,50,32,32,32,32,50,50,32,32,50,32,32,32,50,50,32,32,50,32,32,32,50,50,32,50,50,32,32,32,50,32,32,50,50,32,32,32,50,32,32,50,50,32,32"
855,61.41,46.47,"9.50,16.53,18.44,19.45,20.63,21.36,21.84,22.43,23.05,23.40,23.97,24.41,24.82,25.25,25.55,25.70,26.08,26.34,26.63,26.93,27.16,27.44,27.63,27.70,27.96,28.15,28.34,28.55,28.74,28.92,29.08,29.16,29.34,29.50,29.69,29.88,30.04,30.16,30.30,30.42,30.57,30.70,30.83,30.96,31.10,31.19,31.30,31.35,31.48,31.56,31.67,31.80,31.91,31.99,32.08,32.12,32.23,32.33,32.42,32.50,32.59,32.68,32.76,32.82","0.5415,0.5414,0.5405,0.5376","1.0322,1.0205,1.0097,0.9375,0.0001,0.0001,0.0001,0.0001,0.0000,0.0000,0.0000,0.0000,0.0000,0.0000,0.0000,0.0000,0.0000,0.0000,0.0000,0.0000,0.0000,0.0000,0.0000,0.0000,0.0000,0.0000,0.0000,0.0000,0.0000,0.0000,0.0000,0.0000,0.0000,0.0000,0.0000,0.0000,0.0000,0.0000,0.0000,0.0000,0.0000,0.0000,0.0000,0.0000,0.0000,0.0000,0.0000,0.0000,0.0000,0.0000,0.0000,0.0000,0.0000,0.0000,0.0000,0.0000,0.0000,0.0000,0.0000,0.0000,0.0000,0.0000,0.0000,0.0000","1,10,1,1","32,59,32,57,32,32,59,59,32,59,57,57,59,32,32,59,32,59,57,57,59,32,32,57,32,59,59,57,57,32,32,32,32,59,59,57,57,57,32,32,32,59,59,59,57,32,32,59,32,32,59,59,59,32,32,59,32,59,59,59,57,32,32,59"
856,67.03,47.66,"10.10,14.34,16.74,18.37,19.59,20.32,21.10,22.02,22.72,23.16,23.51,23.75,24.03,24.35,24.73,25.18,25.50,25.74,25.95,26.11,26.27,26.47,26.71,26.92,27.22,27.39,27.53,27.64,27.75,27.88,28.04,28.23,28.42,28.53,28.63,28.74,28.89,29.04,29.19,29.40,29.59,29.77,29.91,30.04,30.16,30.29,30.44,30.60,30.79,30.95,31.08,31.19,31.31,31.42,31.55,31.68,31.84,31.99,32.10,32.24,32.37,32.50,32.67,32.77","0.4867,0.4866,0.4857,0.4829","1.0234,1.0156,0.9883,0.9727,0.0001,0.0001,0.0001,0.0001,0.0000,0.0000,0.0000,0.0000,0.0000,0.0000,0.0000,0.0000,0.0000,0.0000,0.0000,0.0000,0.0000,0.0000,0.0000,0.0000,0.0000,0.0000,0.0000,0.0000,0.0000,0.0000,0.0000,0.0000,0.0000,0.0000,0.0000,0.0000,0.0000,0.0000,0.0000,0.0000,0.0000,0.0000,0.0000,0.0000,0.0000,0.0000,0.0000,0.0000,0.0000,0.0000,0.0000,0.0000,0.0000,0.0000,0.0000,0.0000,0.0000,0.0000,0.0000,0.0000,0.0000,0.0000,0.0000,0.0000","4,10,4,4","0,2,0,0,0,0,0,2,0,0,0,0,0,0,2,0,0,2,0,0,0,0,0,0,0,0,0,0,0,0,2,0,0,0,0,2,2,0,0,0,0,0,0,2,2,0,0,0,0,0,0,0,0,0,0,0,0,0,0,0,0,0,0,0"
857,54.45,47.26,"11.29,18.53,20.61,22.04,23.41,24.53,25.63,26.49,27.21,27.65,28.01,28.30,28.63,28.99,29.41,29.85,30.20,30.50,30.68,30.85,31.03,31.25,31.51,31.81,32.06,32.27,32.41,32.53,32.66,32.81,33.01,33.23,33.43,33.59,33.71,33.80,33.89,34.01,34.17,34.35,34.52,34.64,34.74,34.81,34.90,34.99,35.13,35.27,35.41,35.51,35.59,35.65,35.72,35.80,35.91,36.04,36.17,36.26,36.32,36.38,36.44,36.51,36.61,36.72","0.6735,0.6733,0.6670,0.6577","1.0527,1.0478,0.9507,0.9487,0.0001,0.0001,0.0001,0.0001,0.0000,0.0000,0.0000,0.0000,0.0000,0.0000,0.0000,0.0000,0.0000,0.0000,0.0000,0.0000,0.0000,0.0000,0.0000,0.0000,0.0000,0.0000,0.0000,0.0000,0.0000,0.0000,0.0000,0.0000,0.0000,0.0000,0.0000,0.0000,0.0000,0.0000,0.0000,0.0000,0.0000,0.0000,0.0000,0.0000,0.0000,0.0000,0.0000,0.0000,0.0000,0.0000,0.0000,0.0000,0.0000,0.0000,0.0000,0.0000,0.0000,0.0000,0.0000,0.0000,0.0000,0.0000,0.0000,0.0000","5,5,5,5","56,33,56,56,33,56,33,56,33,56,33,33,33,33,56,33,56,33,56,56,56,33,56,33,33,56,56,33,56,56,56,33,56,33,33,33,33,33,56,56,56,56,33,56,33,33,33,33,56,56,56,56,56,56,33,56,33,33,56,33,33,56,33,56"
858,70.77,48.68,"9.54,16.56,19.35,20.88,21.90,22.82,23.69,24.50,25.16,25.54,25.84,26.36,26.71,26.99,27.33,27.71,28.00,28.22,28.41,28.63,28.86,29.06,29.25,29.54,29.74,29.90,30.08,30.41,30.62,30.81,30.95,31.11,31.22,31.32,31.46,31.67,31.82,31.97,32.11,32.21,32.33,32.44,32.56,32.71,32.83,32.95,33.06,33.16,33.31,33.41,33.51,33.60,33.72,33.82,33.91,33.97,34.06,34.21,34.29,34.38,34.48,34.58,34.66,34.73","0.4922,0.4922,0.4918,0.4900","1.0254,0.9965,0.9955,0.9824,0.0001,0.0001,0.0001,0.0001,0.0000,0.0000,0.0000,0.0000,0.0000,0.0000,0.0000,0.0000,0.0000,0.0000,0.0000,0.0000,0.0000,0.0000,0.0000,0.0000,0.0000,0.0000,0.0000,0.0000,0.0000,0.0000,0.0000,0.0000,0.0000,0.0000,0.0000,0.0000,0.0000,0.0000,0.0000,0.0000,0.0000,0.0000,0.0000,0.0000,0.0000,0.0000,0.0000,0.0000,0.0000,0.0000,0.0000,0.0000,0.0000,0.0000,0.0000,0.0000,0.0000,0.0000,0.0000,0.0000,0.0000,0.0000,0.0000,0.0000","1,9,1,9","3,25,3,3,3,25,3,25,25,25,25,3,3,25,25,3,25,3,25,3,3,25,25,3,25,25,3,3,25,25,3,25,25,3,25,3,3,25,25,3,3,25,25,3,25,3,25,25,3,3,25,25,3,25,25,25,3,3,25,3,3,25,25,25"
859,73.61,49.46,"8.95,14.34,17.60,19.43,20.45,21.22,21.81,22.31,22.88,23.58,24.02,24.51,24.90,25.16,25.57,25.80,26.09,26.38,26.67,26.94,27.12,27.34,27.58,27.75,27.96,28.14,28.38,28.64,28.78,29.00,29.16,29.28,29.41,29.60,29.73,29.87,30.05,30.14,30.21,30.27,30.42,30.51,30.66,30.79,30.93,31.13,31.25,31.39,31.46,31.52,31.61,31.69,31.76,31.82,31.89,31.93,32.01,32.04,32.09,32.13,32.19,32.24,32.29,32.33","0.4752,0.4751,0.4743,0.4739","1.0029,0.9991,0.9990,0.9984,0.0001,0.0001,0.0001,0.0000,0.0000,0.0000,0.0000,0.0000,0.0000,0.0000,0.0000,0.0000,0.0000,0.0000,0.0000,0.0000,0.0000,0.0000,0.0000,0.0000,0.0000,0.0000,0.0000,0.0000,0.0000,0.0000,0.0000,0.0000,0.0000,0.0000,0.0000,0.0000,0.0000,0.0000,0.0000,0.0000,0.0000,0.0000,0.0000,0.0000,0.0000,0.0000,0.0000,0.0000,0.0000,0.0000,0.0000,0.0000,0.0000,0.0000,0.0000,0.0000,0.0000,0.0000,0.0000,0.0000,0.0000,0.0000,0.0000,0.0000","14,4,14,4","18,34,3,3,18,3,34,34,18,3,3,18,34,3,18,18,3,34,3,34,3,18,3,34,3,34,18,18,3,18,3,34,3,18,18,3,34,34,34,34,3,3,3,3,18,18,18,3,34,34,3,34,34,34,34,34,18,34,34,34,34,34,34,34"
860,66.83,49.68,"10.44,16.84,20.04,22.11,23.00,23.75,24.55,25.18,25.90,26.34,26.73,27.11,27.54,27.95,28.40,28.72,29.10,29.38,29.65,29.90,30.18,30.38,30.61,30.71,30.90,31.14,31.31,31.51,31.60,31.85,32.08,32.23,32.39,32.55,32.70,32.83,32.94,33.08,33.22,33.33,33.45,33.59,33.70,33.80,33.89,34.00,34.13,34.24,34.33,34.46,34.58,34.66,34.73,34.79,34.89,35.00,35.08,35.18,35.28,35.35,35.41,35.46,35.54,35.63","0.5216,0.5215,0.5204,0.5201","1.0039,1.0019,1.0000,0.9932,0.0001,0.0001,0.0001,0.0000,0.0000,0.0000,0.0000,0.0000,0.0000,0.0000,0.0000,0.0000,0.0000,0.0000,0.0000,0.0000,0.0000,0.0000,0.0000,0.0000,0.0000,0.0000,0.0000,0.0000,0.0000,0.0000,0.0000,0.0000,0.0000,0.0000,0.0000,0.0000,0.0000,0.0000,0.0000,0.0000,0.0000,0.0000,0.0000,0.0000,0.0000,0.0000,0.0000,0.0000,0.0000,0.0000,0.0000,0.0000,0.0000,0.0000,0.0000,0.0000,0.0000,0.0000,0.0000,0.0000,0.0000,0.0000,0.0000,0.0000","5,13,5,13","25,58,19,25,25,58,19,19,25,58,25,58,25,26,19,19,25,25,58,58,58,19,19,19,25,58,25,25,26,26,26,26,25,25,58,58,58,19,25,25,58,25,58,58,26,26,26,25,58,25,25,58,58,25,25,25,58,25,25,58,58,58,25,19"
861,68.67,48.54,"10.36,15.65,18.43,19.50,20.41,21.09,21.76,22.31,23.02,23.58,23.93,24.26,24.48,24.72,25.00,25.32,25.70,26.06,26.27,26.46,26.67,26.80,26.97,27.15,27.52,27.81,28.00,28.06,28.11,28.28,28.39,28.57,28.74,28.96,29.07,29.19,29.23,29.36,29.45,29.55,29.69,29.82,29.92,29.99,30.09,30.19,30.26,30.35,30.47,30.62,30.70,30.79,30.87,30.95,31.01,31.09,31.18,31.31,31.38,31.45,31.53,31.58,31.63,31.68","0.4957,0.4956,0.4944,0.4939","1.0185,1.0010,1.0009,0.9790,0.0001,0.0001,0.0000,0.0000,0.0000,0.0000,0.0000,0.0000,0.0000,0.0000,0.0000,0.0000,0.0000,0.0000,0.0000,0.0000,0.0000,0.0000,0.0000,0.0000,0.0000,0.0000,0.0000,0.0000,0.0000,0.0000,0.0000,0.0000,0.0000,0.0000,0.0000,0.0000,0.0000,0.0000,0.0000,0.0000,0.0000,0.0000,0.0000,0.0000,0.0000,0.0000,0.0000,0.0000,0.0000,0.0000,0.0000,0.0000,0.0000,0.0000,0.0000,0.0000,0.0000,0.0000,0.0000,0.0000,0.0000,0.0000,0.0000,0.0000","5,13,5,5","33,51,33,18,33,33,33,33,51,33,33,33,51,33,33,33,33,51,51,51,33,33,33,33,33,33,33,33,49,33,33,33,49,33,33,33,33,49,33,33,49,33,33,49,33,33,33,33,49,33,51,33,33,33,33,33,49,33,49,33,33,33,33,33"
862,51.80,44.44,"9.81,14.79,17.16,18.45,19.79,20.70,21.23,21.92,22.46,22.90,23.30,23.67,24.10,24.42,24.91,25.27,25.57,25.81,26.08,26.24,26.51,26.76,27.01,27.29,27.41,27.60,27.77,27.98,28.14,28.29,28.48,28.62,28.72,28.86,28.98,29.07,29.26,29.42,29.58,29.72,29.87,29.99,30.09,30.20,30.27,30.39,30.50,30.62,30.65,30.75,30.84,30.92,31.02,31.11,31.23,31.35,31.45,31.50,31.58,31.63,31.70,31.83,31.93,32.04","0.7353,0.7347,0.7334,0.7305","1.0381,0.9956,0.9863,0.9800,0.0001,0.0001,0.0001,0.0001,0.0000,0.0000,0.0000,0.0000,0.0000,0.0000,0.0000,0.0000,0.0000,0.0000,0.0000,0.0000,0.0000,0.0000,0.0000,0.0000,0.0000,0.0000,0.0000,0.0000,0.0000,0.0000,0.0000,0.0000,0.0000,0.0000,0.0000,0.0000,0.0000,0.0000,0.0000,0.0000,0.0000,0.0000,0.0000,0.0000,0.0000,0.0000,0.0000,0.0000,0.0000,0.0000,0.0000,0.0000,0.0000,0.0000,0.0000,0.0000,0.0000,0.0000,0.0000,0.0000,0.0000,0.0000,0.0000,0.0000","5,14,5,14","34,34,18,18,18,34,34,34,34,18,34,18,18,18,18,34,18,34,34,34,34,18,34,18,34,34,34,18,34,34,18,34,34,34,18,34,18,18,34,18,18,18,34,34,34,34,18,18,34,18,34,18,18,34,18,18,18,34,34,34,34,18,18,18"
863,60.43,45.91,"10.99,16.40,19.14,21.03,22.34,23.31,24.17,24.68,25.32,25.70,26.06,26.65,26.94,27.34,27.72,28.09,28.40,28.71,28.95,29.20,29.40,29.63,29.85,30.07,30.26,30.45,30.63,30.80,30.92,31.09,31.23,31.40,31.57,31.71,31.85,31.95,32.05,32.17,32.30,32.44,32.55,32.67,32.77,32.86,32.96,33.05,33.15,33.25,33.34,33.45,33.55,33.65,33.71,33.78,33.88,33.99,34.09,34.21,34.31,34.38,34.43,34.50,34.60,34.69","0.5425,0.5420,0.5411,0.5401","1.0234,0.9956,0.9907,0.9907,0.0001,0.0001,0.0001,0.0001,0.0000,0.0000,0.0000,0.0000,0.0000,0.0000,0.0000,0.0000,0.0000,0.0000,0.0000,0.0000,0.0000,0.0000,0.0000,0.0000,0.0000,0.0000,0.0000,0.0000,0.0000,0.0000,0.0000,0.0000,0.0000,0.0000,0.0000,0.0000,0.0000,0.0000,0.0000,0.0000,0.0000,0.0000,0.0000,0.0000,0.0000,0.0000,0.0000,0.0000,0.0000,0.0000,0.0000,0.0000,0.0000,0.0000,0.0000,0.0000,0.0000,0.0000,0.0000,0.0000,0.0000,0.0000,0.0000,0.0000","9,1,9,1","26,26,26,26,26,26,26,26,26,26,26,26,26,26,26,26,26,26,26,26,26,26,26,26,26,26,26,26,26,26,26,26,26,26,26,26,26,26,26,26,26,26,26,26,26,26,26,26,26,26,26,26,26,26,26,26,26,26,26,26,26,26,26,26"
864,49.67,36.53,"11.41,14.88,16.85,18.14,19.30,20.20,20.87,21.47,21.81,22.11,22.32,22.58,22.83,23.09,23.45,23.83,23.88,24.12,24.30,24.43,24.59,24.73,24.91,25.07,25.32,25.54,25.67,25.82,25.94,26.03,26.11,26.19,26.45,26.67,26.82,26.96,27.05,27.12,27.22,27.32,27.44,27.55,27.64,27.72,27.79,27.85,27.93,28.03,28.11,28.21,28.31,28.39,28.44,28.49,28.57,28.66,28.78,28.85,28.93,28.99,29.05,29.11,29.18,29.24","0.5487,0.5484,0.5416,0.5258","1.2119,0.9883,0.9453,0.8540,0.0001,0.0001,0.0001,0.0001,0.0000,0.0000,0.0000,0.0000,0.0000,0.0000,0.0000,0.0000,0.0000,0.0000,0.0000,0.0000,0.0000,0.0000,0.0000,0.0000,0.0000,0.0000,0.0000,0.0000,0.0000,0.0000,0.0000,0.0000,0.0000,0.0000,0.0000,0.0000,0.0000,0.0000,0.0000,0.0000,0.0000,0.0000,0.0000,0.0000,0.0000,0.0000,0.0000,0.0000,0.0000,0.0000,0.0000,0.0000,0.0000,0.0000,0.0000,0.0000,0.0000,0.0000,0.0000,0.0000,0.0000,0.0000,0.0000,0.0000","8,8,8,8","26,26,26,26,26,26,26,26,26,26,26,26,26,26,26,26,26,26,26,26,26,26,26,26,26,26,26,26,26,26,26,26,26,26,26,26,26,26,26,26,26,26,26,26,26,26,26,26,26,26,26,26,26,26,26,26,26,26,26,26,26,26,26,26"
865,87.67,49.73,"9.76,15.51,19.29,21.37,22.59,23.24,23.76,24.11,24.85,25.35,25.82,26.19,26.39,26.63,26.81,27.15,27.50,27.78,27.99,28.25,28.50,28.64,28.75,29.03,29.24,29.46,29.66,29.75,30.01,30.08,30.18,30.22,30.40,30.56,30.77,30.91,31.05,31.31,31.33,31.22,31.33,31.46,31.60,31.66,31.74,31.87,31.90,32.04,32.01,32.02,32.12,32.34,32.42,32.39,32.55,32.62,32.56,32.60,32.69,32.80,32.84,32.88,32.91,33.03","0.3640,0.3638,0.3637,0.3630","1.0166,1.0117,0.9981,0.9731,0.0001,0.0001,0.0001,0.0001,0.0000,0.0000,0.0000,0.0000,0.0000,0.0000,0.0000,0.0000,0.0000,0.0000,0.0000,0.0000,0.0000,0.0000,0.0000,0.0000,0.0000,0.0000,0.0000,0.0000,0.0000,0.0000,0.0000,0.0000,0.0000,0.0000,0.0000,0.0000,0.0000,0.0000,0.0000,0.0000,0.0000,0.0000,0.0000,0.0000,0.0000,0.0000,0.0000,0.0000,0.0000,0.0000,0.0000,0.0000,0.0000,0.0000,0.0000,0.0000,0.0000,0.0000,0.0000,0.0000,0.0000,0.0000,0.0000,0.0000","8,8,8,8","17,32,32,32,32,32,32,32,17,32,32,32,32,32,32,32,17,17,34,32,32,32,32,32,17,17,17,32,32,32,32,32,17,32,17,17,32,32,17,32,17,17,17,17,32,32,32,32,19,17,17,32,17,32,32,32,32,32,17,17,19,32,17,17"
866,36.47,33.77,"10.90,13.29,15.14,16.41,17.33,18.20,18.93,19.60,20.00,20.48,20.85,21.14,21.38,21.59,21.78,22.00,22.24,22.48,22.68,22.88,23.06,23.22,23.39,23.61,23.73,23.85,23.98,24.10,24.20,24.31,24.42,24.55,24.73,24.84,24.94,25.06,25.14,25.22,25.31,25.42,25.60,25.71,25.79,25.86,25.95,26.02,26.11,26.20,26.27,26.33,26.40,26.46,26.52,26.58,26.66,26.71,26.84,26.93,26.99,27.05,27.11,27.17,27.24,27.29","0.8646,0.8635,0.8114,0.6783","1.2900,1.0928,1.0693,0.5474,0.0001,0.0001,0.0001,0.0000,0.0000,0.0000,0.0000,0.0000,0.0000,0.0000,0.0000,0.0000,0.0000,0.0000,0.0000,0.0000,0.0000,0.0000,0.0000,0.0000,0.0000,0.0000,0.0000,0.0000,0.0000,0.0000,0.0000,0.0000,0.0000,0.0000,0.0000,0.0000,0.0000,0.0000,0.0000,0.0000,0.0000,0.0000,0.0000,0.0000,0.0000,0.0000,0.0000,0.0000,0.0000,0.0000,0.0000,0.0000,0.0000,0.0000,0.0000,0.0000,0.0000,0.0000,0.0000,0.0000,0.0000,0.0000,0.0000,0.0000","5,5,5,5","24,24,24,24,24,24,24,24,24,24,24,24,24,24,24,24,24,24,24,24,24,24,24,24,24,24,24,24,24,24,24,24,24,24,24,24,24,24,24,24,24,24,24,24,24,24,24,24,24,24,24,24,24,24,24,24,24,24,24,24,24,24,24,24"
867,47.93,40.58,"10.27,15.76,16.98,18.18,19.00,19.67,20.30,20.75,21.17,21.55,21.89,22.18,22.45,22.73,23.00,23.26,23.50,23.73,23.94,24.10,24.29,24.48,24.69,24.87,25.08,25.25,25.40,25.53,25.65,25.80,25.94,26.08,26.26,26.38,26.50,26.60,26.69,26.80,26.92,27.03,27.17,27.27,27.37,27.45,27.53,27.63,27.73,27.83,27.94,28.04,28.12,28.20,28.26,28.33,28.44,28.53,28.62,28.70,28.76,28.82,28.88,28.94,29.02,29.11","0.6410,0.6410,0.6378,0.5918","1.0703,1.0439,0.9448,0.9409,0.0001,0.0001,0.0001,0.0001,0.0000,0.0000,0.0000,0.0000,0.0000,0.0000,0.0000,0.0000,0.0000,0.0000,0.0000,0.0000,0.0000,0.0000,0.0000,0.0000,0.0000,0.0000,0.0000,0.0000,0.0000,0.0000,0.0000,0.0000,0.0000,0.0000,0.0000,0.0000,0.0000,0.0000,0.0000,0.0000,0.0000,0.0000,0.0000,0.0000,0.0000,0.0000,0.0000,0.0000,0.0000,0.0000,0.0000,0.0000,0.0000,0.0000,0.0000,0.0000,0.0000,0.0000,0.0000,0.0000,0.0000,0.0000,0.0000,0.0000","4,4,13,4","33,48,48,33,33,48,48,48,33,48,48,33,33,48,48,48,33,48,48,33,33,33,33,48,33,48,48,48,33,48,48,48,33,33,48,48,33,33,48,48,33,48,48,48,33,33,33,48,33,33,48,48,48,48,48,48,33,48,48,33,33,48,33,48"
868,42.41,37.24,"11.76,15.80,17.89,18.97,19.83,20.62,21.18,21.78,22.10,22.64,22.99,23.38,23.71,24.05,24.37,24.40,24.45,25.02,25.18,25.40,25.62,25.85,26.06,26.24,26.41,26.61,26.77,26.93,27.10,27.24,27.43,27.53,27.58,27.69,27.84,27.92,28.06,28.07,28.21,28.22,28.22,28.40,28.39,28.48,28.59,28.78,28.91,29.01,29.08,29.20,29.31,29.42,29.49,29.59,29.70,29.81,29.86,29.86,29.97,30.01,30.03,30.19,30.22,30.37","0.6841,0.6819,0.6733,0.6660","1.1270,1.0527,0.9233,0.8970,0.0001,0.0001,0.0001,0.0001,0.0000,0.0000,0.0000,0.0000,0.0000,0.0000,0.0000,0.0000,0.0000,0.0000,0.0000,0.0000,0.0000,0.0000,0.0000,0.0000,0.0000,0.0000,0.0000,0.0000,0.0000,0.0000,0.0000,0.0000,0.0000,0.0000,0.0000,0.0000,0.0000,0.0000,0.0000,0.0000,0.0000,0.0000,0.0000,0.0000,0.0000,0.0000,0.0000,0.0000,0.0000,0.0000,0.0000,0.0000,0.0000,0.0000,0.0000,0.0000,0.0000,0.0000,0.0000,0.0000,0.0000,0.0000,0.0000,0.0000","4,4,4,4","25,25,25,25,25,25,25,24,25,25,25,25,25,25,25,31,25,25,24,25,25,25,25,25,25,25,25,25,25,25,25,24,25,25,25,25,25,31,25,31,31,25,31,24,24,25,24,25,25,25,25,25,25,25,25,25,25,41,25,25,25,25,25,25"
869,33.90,31.20,"11.63,14.47,16.24,17.27,18.14,18.81,19.27,19.50,19.80,20.10,20.37,20.60,20.82,21.05,21.27,21.53,21.90,22.12,22.26,22.44,22.60,22.76,22.91,23.05,23.16,23.26,23.37,23.41,23.51,23.64,23.72,23.83,23.99,24.11,24.19,24.27,24.45,24.52,24.59,24.69,24.80,24.90,24.97,25.02,25.14,25.18,25.23,25.33,25.37,25.43,25.49,25.51,25.58,25.56,25.65,25.70,25.80,25.89,25.85,25.94,25.92,26.07,26.03,26.12","1.0899,1.0878,1.0439,0.7776","1.4922,1.3389,1.1699,0.0001,0.0001,0.0001,0.0000,0.0000,0.0000,0.0000,0.0000,0.0000,0.0000,0.0000,0.0000,0.0000,0.0000,0.0000,0.0000,0.0000,0.0000,0.0000,0.0000,0.0000,0.0000,0.0000,0.0000,0.0000,0.0000,0.0000,0.0000,0.0000,0.0000,0.0000,0.0000,0.0000,0.0000,0.0000,0.0000,0.0000,0.0000,0.0000,0.0000,0.0000,0.0000,0.0000,0.0000,0.0000,0.0000,0.0000,0.0000,0.0000,0.0000,0.0000,0.0000,0.0000,0.0000,0.0000,0.0000,0.0000,0.0000,0.0000,0.0000,0.0000","4,4,4,4","25,25,25,25,25,25,25,25,25,25,25,25,25,25,25,25,25,25,25,25,25,25,25,25,25,25,25,25,25,25,25,25,25,25,25,25,25,25,25,25,25,25,25,25,25,25,25,25,25,25,31,25,31,25,25,25,25,27,25,31,25,25,25,31"
873,81.29,53.56,"11.54,19.64,25.99,29.95,31.46,32.02,32.68,33.28,33.98,34.60,35.15,35.55,35.81,36.07,36.48,36.85,37.20,37.52,37.78,37.97,38.13,38.27,38.51,38.73,38.93,39.12,39.28,39.38,39.50,39.59,39.76,39.88,40.01,40.13,40.24,40.30,40.39,40.46,40.58,40.66,40.75,40.82,40.90,40.94,41.02,41.07,41.17,41.22,41.29,41.34,41.40,41.46,41.51,41.57,41.63,41.67,41.75,41.78,41.86,41.92,41.95,42.00,42.05,42.10","0.4903,0.4901,0.4900,0.4897","1.0049,1.0000,0.9984,0.9956,0.0001,0.0001,0.0001,0.0000,0.0000,0.0000,0.0000,0.0000,0.0000,0.0000,0.0000,0.0000,0.0000,0.0000,0.0000,0.0000,0.0000,0.0000,0.0000,0.0000,0.0000,0.0000,0.0000,0.0000,0.0000,0.0000,0.0000,0.0000,0.0000,0.0000,0.0000,0.0000,0.0000,0.0000,0.0000,0.0000,0.0000,0.0000,0.0000,0.0000,0.0000,0.0000,0.0000,0.0000,0.0000,0.0000,0.0000,0.0000,0.0000,0.0000,0.0000,0.0000,0.0000,0.0000,0.0000,0.0000,0.0000,0.0000,0.0000,0.0000","4,13,4,4","39,39,39,39,39,39,39,39,39,39,39,39,39,39,39,39,39,39,39,39,39,39,39,39,39,39,39,39,39,39,39,39,39,39,39,39,39,39,39,39,39,39,39,39,39,39,39,39,39,39,39,39,39,39,39,39,39,39,39,39,39,39,39,39"
874,86.09,51.31,"11.19,18.64,24.02,27.10,28.69,29.49,30.17,30.57,31.17,31.77,32.31,32.73,33.15,33.52,33.90,34.14,34.44,34.73,35.02,35.24,35.50,35.70,35.95,36.17,36.35,36.52,36.70,36.80,37.03,37.15,37.36,37.56,37.68,37.80,37.91,37.99,38.16,38.26,38.46,38.61,38.68,38.77,38.83,38.91,39.02,39.12,39.31,39.44,39.49,39.55,39.57,39.64,39.73,39.84,40.04,40.15,40.19,40.23,40.23,40.29,40.37,40.50,40.65,40.75","0.4529,0.4527,0.4526,0.4525","1.0117,0.9993,0.9981,0.9917,0.0001,0.0001,0.0001,0.0000,0.0000,0.0000,0.0000,0.0000,0.0000,0.0000,0.0000,0.0000,0.0000,0.0000,0.0000,0.0000,0.0000,0.0000,0.0000,0.0000,0.0000,0.0000,0.0000,0.0000,0.0000,0.0000,0.0000,0.0000,0.0000,0.0000,0.0000,0.0000,0.0000,0.0000,0.0000,0.0000,0.0000,0.0000,0.0000,0.0000,0.0000,0.0000,0.0000,0.0000,0.0000,0.0000,0.0000,0.0000,0.0000,0.0000,0.0000,0.0000,0.0000,0.0000,0.0000,0.0000,0.0000,0.0000,0.0000,0.0000","4,4,4,12","39,39,39,39,39,39,39,39,39,39,39,39,39,39,39,39,39,39,39,39,39,39,39,39,39,39,39,39,39,39,39,39,39,39,39,39,39,39,39,39,39,39,39,39,39,39,39,39,39,39,39,39,39,39,39,39,39,39,25,39,39,39,39,39"
875,29.54,29.55,"10.61,16.12,17.37,17.72,18.10,18.18,18.27,18.30,18.74,19.09,19.37,19.62,19.76,19.82,19.85,19.96,20.18,20.36,20.47,20.57,20.65,20.73,20.86,20.86,21.00,21.09,21.13,21.19,21.20,21.31,21.34,21.37,21.49,21.56,21.57,21.57,21.63,21.64,21.71,21.75,21.82,21.86,21.91,21.91,21.92,21.94,22.01,22.02,22.06,22.09,22.12,22.13,22.15,22.22,22.24,22.25,22.27,22.29,22.37,22.45,22.46,22.51,22.52,22.54","0.8115,0.8114,0.7172,0.6270","1.2080,1.0557,0.9351,0.8013,0.0001,0.0001,0.0001,0.0001,0.0000,0.0000,0.0000,0.0000,0.0000,0.0000,0.0000,0.0000,0.0000,0.0000,0.0000,0.0000,0.0000,0.0000,0.0000,0.0000,0.0000,0.0000,0.0000,0.0000,0.0000,0.0000,0.0000,0.0000,0.0000,0.0000,0.0000,0.0000,0.0000,0.0000,0.0000,0.0000,0.0000,0.0000,0.0000,0.0000,0.0000,0.0000,0.0000,0.0000,0.0000,0.0000,0.0000,0.0000,0.0000,0.0000,0.0000,0.0000,0.0000,0.0000,0.0000,0.0000,0.0000,0.0000,0.0000,0.0000","5,13,5,13","31,31,31,31,31,31,31,31,31,31,31,31,31,31,31,31,31,31,31,31,31,31,31,47,31,31,31,31,31,31,31,31,31,31,47,47,31,47,31,31,31,31,31,47,47,31,31,31,31,31,31,47,31,31,31,29,31,31,31,31,29,31,27,31"
876,55.41,48.40,"10.48,17.42,21.52,23.47,24.05,24.40,24.71,24.99,25.39,25.90,26.37,26.83,27.26,27.61,27.90,28.11,28.32,28.61,28.85,29.02,29.31,29.60,29.83,29.97,30.13,30.32,30.48,30.70,30.79,30.98,31.11,31.24,31.35,31.48,31.59,31.76,31.82,31.90,32.02,32.09,32.24,32.42,32.52,32.60,32.66,32.74,32.77,32.88,32.97,33.11,33.21,33.27,33.31,33.36,33.38,33.45,33.56,33.63,33.65,33.72,33.79,33.85,33.89,33.96","0.7614,0.7613,0.7610,0.7587","1.0254,1.0029,0.9932,0.9790,0.0001,0.0001,0.0001,0.0001,0.0000,0.0000,0.0000,0.0000,0.0000,0.0000,0.0000,0.0000,0.0000,0.0000,0.0000,0.0000,0.0000,0.0000,0.0000,0.0000,0.0000,0.0000,0.0000,0.0000,0.0000,0.0000,0.0000,0.0000,0.0000,0.0000,0.0000,0.0000,0.0000,0.0000,0.0000,0.0000,0.0000,0.0000,0.0000,0.0000,0.0000,0.0000,0.0000,0.0000,0.0000,0.0000,0.0000,0.0000,0.0000,0.0000,0.0000,0.0000,0.0000,0.0000,0.0000,0.0000,0.0000,0.0000,0.0000,0.0000","9,9,0,9","30,30,30,30,30,30,30,30,30,30,30,30,30,30,30,30,30,30,30,30,30,30,30,30,30,30,30,30,30,30,30,30,30,30,30,30,30,30,30,30,30,30,30,30,30,30,30,30,30,30,30,30,30,30,30,30,30,30,30,30,30,30,30,30"
877,60.14,47.72,"10.65,17.77,22.11,24.18,24.91,25.27,25.46,25.67,26.09,26.58,27.06,27.48,27.84,28.01,28.17,28.54,28.64,28.96,29.33,29.55,29.67,29.93,30.15,30.25,30.40,30.58,30.78,30.91,31.05,31.19,31.38,31.46,31.56,31.68,31.85,32.00,32.11,32.22,32.36,32.46,32.61,32.78,32.93,33.07,33.18,33.24,33.32,33.39,33.50,33.61,33.73,33.87,33.95,34.03,34.09,34.14,34.21,34.30,34.43,34.53,34.60,34.67,34.72,34.75","0.6978,0.6978,0.6977,0.6968","1.0029,1.0009,0.9991,0.9975,0.0001,0.0001,0.0001,0.0001,0.0000,0.0000,0.0000,0.0000,0.0000,0.0000,0.0000,0.0000,0.0000,0.0000,0.0000,0.0000,0.0000,0.0000,0.0000,0.0000,0.0000,0.0000,0.0000,0.0000,0.0000,0.0000,0.0000,0.0000,0.0000,0.0000,0.0000,0.0000,0.0000,0.0000,0.0000,0.0000,0.0000,0.0000,0.0000,0.0000,0.0000,0.0000,0.0000,0.0000,0.0000,0.0000,0.0000,0.0000,0.0000,0.0000,0.0000,0.0000,0.0000,0.0000,0.0000,0.0000,0.0000,0.0000,0.0000,0.0000","8,8,0,8","31,31,31,31,31,31,31,31,31,31,31,31,31,31,31,31,31,31,31,31,31,31,31,31,31,31,31,31,31,31,31,31,31,31,31,31,31,31,31,31,31,31,31,31,31,31,31,31,31,31,31,31,31,31,31,31,31,31,31,31,31,31,31,31"
888,32.25,26.72,"10.17,11.83,12.91,13.71,14.53,15.34,16.02,16.55,16.76,17.01,17.23,17.42,17.60,17.83,18.10,18.36,18.52,18.71,18.88,19.03,19.18,19.36,19.55,19.73,19.85,19.97,20.08,20.18,20.28,20.41,20.55,20.68,20.78,20.88,20.96,21.05,21.14,21.25,21.37,21.46,21.55,21.63,21.71,21.79,21.87,21.96,22.06,22.15,22.21,22.28,22.33,22.39,22.47,22.54,22.62,22.68,22.74,22.80,22.85,22.90,22.97,23.04,23.10,23.15","1.0625,1.0538,1.0312,0.8532","1.3516,1.2871,0.9189,0.4419,0.0001,0.0001,0.0001,0.0000,0.0000,0.0000,0.0000,0.0000,0.0000,0.0000,0.0000,0.0000,0.0000,0.0000,0.0000,0.0000,0.0000,0.0000,0.0000,0.0000,0.0000,0.0000,0.0000,0.0000,0.0000,0.0000,0.0000,0.0000,0.0000,0.0000,0.0000,0.0000,0.0000,0.0000,0.0000,0.0000,0.0000,0.0000,0.0000,0.0000,0.0000,0.0000,0.0000,0.0000,0.0000,0.0000,0.0000,0.0000,0.0000,0.0000,0.0000,0.0000,0.0000,0.0000,0.0000,0.0000,0.0000,0.0000,0.0000,0.0000","11,5,11,11","39,39,39,39,39,39,39,39,39,39,39,39,39,39,39,39,39,39,39,39,39,39,39,39,39,39,39,39,39,39,39,39,39,39,39,39,39,39,39,39,39,39,39,39,39,39,39,39,39,39,39,39,39,39,39,39,39,39,39,39,39,39,39,39"
889,27.16,22.82,"11.30,12.61,13.75,14.89,15.76,16.36,16.73,16.94,17.37,17.56,17.72,17.93,18.17,18.38,18.52,18.61,18.82,18.92,19.02,19.15,19.30,19.41,19.48,19.55,19.67,19.74,19.82,19.92,20.02,20.09,20.14,20.21,20.28,20.34,20.41,20.50,20.57,20.62,20.66,20.75,20.80,20.84,20.92,20.98,21.03,21.07,21.12,21.24,21.28,21.32,21.38,21.44,21.46,21.50,21.57,21.72,21.74,21.80,21.84,21.88,21.90,21.96,22.03,22.18","1.1269,1.0735,0.9999,0.7992","2.0351,1.9648,0.0001,0.0001,0.0001,0.0001,0.0000,0.0000,0.0000,0.0000,0.0000,0.0000,0.0000,0.0000,0.0000,0.0000,0.0000,0.0000,0.0000,0.0000,0.0000,0.0000,0.0000,0.0000,0.0000,0.0000,0.0000,0.0000,0.0000,0.0000,0.0000,0.0000,0.0000,0.0000,0.0000,0.0000,0.0000,0.0000,0.0000,0.0000,0.0000,0.0000,0.0000,0.0000,0.0000,0.0000,0.0000,0.0000,0.0000,0.0000,0.0000,0.0000,0.0000,0.0000,0.0000,0.0000,0.0000,0.0000,0.0000,0.0000,0.0000,0.0000,0.0000,0.0000","11,11,11,11","39,39,39,39,39,39,39,39,39,39,39,39,39,39,39,39,39,39,39,39,39,39,39,39,39,39,39,39,39,39,39,39,39,39,39,39,39,39,39,39,39,39,39,39,39,39,39,39,39,39,39,39,39,39,39,39,39,39,39,39,39,39,39,39"
890,25.22,21.56,"10.45,11.79,12.69,13.37,13.89,14.36,14.81,15.23,15.47,15.66,15.83,15.99,16.17,16.38,16.62,16.85,17.01,17.13,17.23,17.33,17.44,17.57,17.73,17.90,18.01,18.10,18.17,18.24,18.32,18.42,18.54,18.67,18.76,18.82,18.87,18.93,18.99,19.08,19.18,19.28,19.34,19.40,19.44,19.49,19.54,19.62,19.70,19.78,19.84,19.88,19.92,19.96,20.01,20.07,20.15,20.21,20.26,20.30,20.32,20.36,20.41,20.47,20.52,20.59","1.4221,1.3781,1.0409,0.1581","1.8115,1.6758,0.5122,0.0001,0.0001,0.0001,0.0001,0.0000,0.0000,0.0000,0.0000,0.0000,0.0000,0.0000,0.0000,0.0000,0.0000,0.0000,0.0000,0.0000,0.0000,0.0000,0.0000,0.0000,0.0000,0.0000,0.0000,0.0000,0.0000,0.0000,0.0000,0.0000,0.0000,0.0000,0.0000,0.0000,0.0000,0.0000,0.0000,0.0000,0.0000,0.0000,0.0000,0.0000,0.0000,0.0000,0.0000,0.0000,0.0000,0.0000,0.0000,0.0000,0.0000,0.0000,0.0000,0.0000,0.0000,0.0000,0.0000,0.0000,0.0000,0.0000,0.0000,0.0000","8,3,8,8","38,38,38,38,38,38,38,38,38,38,38,38,38,38,38,38,38,38,38,38,38,38,38,38,38,38,38,38,38,38,38,38,38,38,38,38,38,38,38,38,38,38,38,38,38,38,38,38,38,38,38,38,38,38,38,38,38,38,38,38,38,38,38,38"
891,32.81,28.47,"10.14,11.43,12.26,13.00,13.67,14.14,14.51,14.82,15.12,15.47,15.73,15.97,16.20,16.42,16.62,16.78,16.96,17.11,17.26,17.42,17.58,17.72,17.84,17.97,18.09,18.21,18.32,18.44,18.55,18.64,18.75,18.84,18.93,19.03,19.12,19.21,19.29,19.37,19.46,19.53,19.62,19.70,19.78,19.85,19.92,19.99,20.07,20.12,20.19,20.26,20.32,20.39,20.46,20.51,20.58,20.63,20.69,20.76,20.82,20.87,20.93,20.98,21.04,21.07","0.8994,0.8910,0.7875,0.7727","1.2510,1.0146,0.9438,0.7900,0.0001,0.0001,0.0001,0.0001,0.0000,0.0000,0.0000,0.0000,0.0000,0.0000,0.0000,0.0000,0.0000,0.0000,0.0000,0.0000,0.0000,0.0000,0.0000,0.0000,0.0000,0.0000,0.0000,0.0000,0.0000,0.0000,0.0000,0.0000,0.0000,0.0000,0.0000,0.0000,0.0000,0.0000,0.0000,0.0000,0.0000,0.0000,0.0000,0.0000,0.0000,0.0000,0.0000,0.0000,0.0000,0.0000,0.0000,0.0000,0.0000,0.0000,0.0000,0.0000,0.0000,0.0000,0.0000,0.0000,0.0000,0.0000,0.0000,0.0000","11,0,0,11","31,31,31,33,31,31,31,33,33,33,33,31,31,31,33,33,33,33,33,31,31,31,33,33,33,33,31,31,31,31,33,33,33,33,31,31,31,33,33,33,33,31,31,31,31,33,33,33,33,33,31,31,31,33,33,33,33,31,31,31,31,33,33,33"
892,30.01,25.48,"9.94,11.26,12.14,12.81,13.36,13.80,14.13,14.37,14.56,14.69,14.84,15.02,15.20,15.36,15.50,15.61,15.72,15.79,15.89,16.00,16.11,16.20,16.28,16.37,16.43,16.48,16.56,16.64,16.71,16.77,16.84,16.91,16.96,17.01,17.07,17.14,17.19,17.24,17.30,17.38,17.41,17.46,17.52,17.56,17.60,17.65,17.72,17.79,17.83,17.87,17.92,17.95,17.99,18.04,18.10,18.18,18.22,18.26,18.29,18.32,18.36,18.40,18.48,18.54","0.9916,0.9721,0.8891,0.8066","1.3154,1.0791,0.8467,0.7578,0.0001,0.0001,0.0001,0.0000,0.0000,0.0000,0.0000,0.0000,0.0000,0.0000,0.0000,0.0000,0.0000,0.0000,0.0000,0.0000,0.0000,0.0000,0.0000,0.0000,0.0000,0.0000,0.0000,0.0000,0.0000,0.0000,0.0000,0.0000,0.0000,0.0000,0.0000,0.0000,0.0000,0.0000,0.0000,0.0000,0.0000,0.0000,0.0000,0.0000,0.0000,0.0000,0.0000,0.0000,0.0000,0.0000,0.0000,0.0000,0.0000,0.0000,0.0000,0.0000,0.0000,0.0000,0.0000,0.0000,0.0000,0.0000,0.0000,0.0000","15,4,4,4","38,38,38,38,38,38,38,38,38,38,38,38,38,38,38,38,38,38,38,38,38,38,38,38,38,38,38,38,38,38,38,38,38,38,38,38,38,38,38,38,38,38,38,38,38,38,38,38,38,38,38,38,38,38,38,38,38,38,38,38,38,38,38,38"
893,24.12,20.80,"10.39,11.56,12.30,12.85,13.28,13.63,14.01,14.42,14.66,14.84,14.99,15.14,15.30,15.50,15.73,16.00,16.15,16.25,16.34,16.43,16.54,16.67,16.84,17.04,17.14,17.22,17.28,17.34,17.42,17.53,17.67,17.83,17.90,17.96,18.00,18.06,18.13,18.22,18.34,18.48,18.53,18.57,18.61,18.66,18.72,18.80,18.91,19.02,19.07,19.10,19.14,19.18,19.23,19.31,19.40,19.51,19.54,19.57,19.60,19.64,19.69,19.76,19.84,19.93","2.0174,1.9817,0.0001,0.0001","2.0605,1.9404,0.0001,0.0001,0.0001,0.0001,0.0000,0.0000,0.0000,0.0000,0.0000,0.0000,0.0000,0.0000,0.0000,0.0000,0.0000,0.0000,0.0000,0.0000,0.0000,0.0000,0.0000,0.0000,0.0000,0.0000,0.0000,0.0000,0.0000,0.0000,0.0000,0.0000,0.0000,0.0000,0.0000,0.0000,0.0000,0.0000,0.0000,0.0000,0.0000,0.0000,0.0000,0.0000,0.0000,0.0000,0.0000,0.0000,0.0000,0.0000,0.0000,0.0000,0.0000,0.0000,0.0000,0.0000,0.0000,0.0000,0.0000,0.0000,0.0000,0.0000,0.0000,0.0000","6,6,6,6","38,38,38,38,38,38,38,38,38,38,38,38,38,38,38,38,38,38,38,38,38,38,38,38,38,38,38,38,38,38,38,38,38,38,38,38,38,38,38,38,38,38,38,38,38,38,38,38,38,38,38,38,38,38,38,38,38,38,38,38,38,38,38,38"
894,46.29,39.86,"11.18,14.02,15.99,17.10,17.94,18.63,19.19,19.67,20.26,20.66,20.98,21.26,21.58,21.91,22.23,22.57,22.86,23.09,23.27,23.45,23.64,23.86,24.07,24.27,24.45,24.63,24.77,24.89,25.04,25.19,25.36,25.51,25.66,25.77,25.86,25.96,26.09,26.22,26.35,26.47,26.57,26.66,26.74,26.83,26.95,27.05,27.15,27.26,27.33,27.42,27.49,27.57,27.66,27.75,27.83,27.92,27.98,28.04,28.11,28.19,28.27,28.33,28.40,28.47","0.7260,0.7256,0.7150,0.6754","1.0293,1.0195,0.9917,0.9595,0.0001,0.0001,0.0001,0.0001,0.0000,0.0000,0.0000,0.0000,0.0000,0.0000,0.0000,0.0000,0.0000,0.0000,0.0000,0.0000,0.0000,0.0000,0.0000,0.0000,0.0000,0.0000,0.0000,0.0000,0.0000,0.0000,0.0000,0.0000,0.0000,0.0000,0.0000,0.0000,0.0000,0.0000,0.0000,0.0000,0.0000,0.0000,0.0000,0.0000,0.0000,0.0000,0.0000,0.0000,0.0000,0.0000,0.0000,0.0000,0.0000,0.0000,0.0000,0.0000,0.0000,0.0000,0.0000,0.0000,0.0000,0.0000,0.0000,0.0000","13,5,13,13","42,48,42,42,42,42,42,48,48,48,42,48,42,42,48,42,42,48,48,42,42,42,42,42,42,48,48,48,42,42,48,42,42,48,42,48,42,42,48,48,42,48,42,42,42,42,48,48,42,48,42,42,42,42,48,48,48,42,42,42,42,48,48,48"
895,48.75,39.82,"9.75,11.24,12.55,13.59,14.40,15.06,15.69,16.28,16.73,16.96,17.14,17.33,17.52,17.74,17.93,18.18,18.50,18.69,18.86,19.02,19.18,19.33,19.51,19.67,19.83,19.95,20.07,20.18,20.28,20.38,20.50,20.65,20.75,20.82,20.90,20.98,21.05,21.12,21.19,21.26,21.35,21.42,21.48,21.55,21.60,21.63,21.71,21.85,21.92,21.97,21.98,22.00,22.05,22.11,22.16,22.42,22.46,22.46,22.43,22.43,22.61,22.63,22.66,22.66","0.6275,0.6245,0.6240,0.6167","1.0586,1.0361,0.9634,0.9414,0.0001,0.0001,0.0001,0.0001,0.0000,0.0000,0.0000,0.0000,0.0000,0.0000,0.0000,0.0000,0.0000,0.0000,0.0000,0.0000,0.0000,0.0000,0.0000,0.0000,0.0000,0.0000,0.0000,0.0000,0.0000,0.0000,0.0000,0.0000,0.0000,0.0000,0.0000,0.0000,0.0000,0.0000,0.0000,0.0000,0.0000,0.0000,0.0000,0.0000,0.0000,0.0000,0.0000,0.0000,0.0000,0.0000,0.0000,0.0000,0.0000,0.0000,0.0000,0.0000,0.0000,0.0000,0.0000,0.0000,0.0000,0.0000,0.0000,0.0000","5,13,5,5","0,0,0,0,0,0,0,0,0,0,0,0,0,0,0,0,0,0,0,0,0,0,0,0,0,0,0,0,0,0,0,0,0,0,0,0,0,0,0,0,0,0,0,0,0,0,0,0,0,0,49,0,0,0,0,0,55,16,55,0,0,49,55,16"
896,36.57,32.85,"11.37,12.81,14.17,15.28,16.18,16.89,17.49,17.99,18.40,18.67,18.86,19.01,19.19,19.40,19.64,19.91,20.16,20.32,20.43,20.54,20.65,20.77,20.92,21.11,21.28,21.39,21.49,21.58,21.65,21.73,21.83,21.98,22.11,22.20,22.29,22.35,22.41,22.49,22.56,22.67,22.78,22.86,22.91,22.97,23.03,23.08,23.16,23.24,23.35,23.39,23.44,23.49,23.55,23.62,23.65,23.74,23.80,23.85,23.90,23.96,24.01,24.06,24.12,24.17","0.8765,0.8649,0.8642,0.7422","1.2480,1.1240,1.0635,0.5640,0.0001,0.0001,0.0001,0.0000,0.0000,0.0000,0.0000,0.0000,0.0000,0.0000,0.0000,0.0000,0.0000,0.0000,0.0000,0.0000,0.0000,0.0000,0.0000,0.0000,0.0000,0.0000,0.0000,0.0000,0.0000,0.0000,0.0000,0.0000,0.0000,0.0000,0.0000,0.0000,0.0000,0.0000,0.0000,0.0000,0.0000,0.0000,0.0000,0.0000,0.0000,0.0000,0.0000,0.0000,0.0000,0.0000,0.0000,0.0000,0.0000,0.0000,0.0000,0.0000,0.0000,0.0000,0.0000,0.0000,0.0000,0.0000,0.0000,0.0000","1,1,1,1","56,56,56,56,56,56,56,56,56,56,56,56,56,56,56,56,56,56,56,56,56,56,56,56,56,56,56,56,56,56,56,56,56,56,56,56,56,56,56,56,56,56,56,56,56,56,56,56,56,56,56,56,56,56,56,56,56,56,56,56,56,56,56,56"
897,45.24,46.74,"10.46,17.51,19.00,20.62,21.78,22.95,23.86,24.82,25.41,25.90,26.19,26.48,26.76,27.15,27.56,27.94,28.32,28.56,28.79,28.91,29.14,29.31,29.60,29.84,30.09,30.29,30.40,30.54,30.67,30.84,31.01,31.22,31.40,31.53,31.66,31.72,31.85,31.96,32.12,32.28,32.45,32.56,32.62,32.72,32.81,32.92,33.01,33.18,33.28,33.38,33.46,33.49,33.60,33.65,33.79,33.89,34.01,34.09,34.16,34.21,34.32,34.36,34.49,34.56","0.8775,0.8768,0.8691,0.7830","1.0693,1.0606,1.0039,0.8662,0.0001,0.0001,0.0001,0.0001,0.0000,0.0000,0.0000,0.0000,0.0000,0.0000,0.0000,0.0000,0.0000,0.0000,0.0000,0.0000,0.0000,0.0000,0.0000,0.0000,0.0000,0.0000,0.0000,0.0000,0.0000,0.0000,0.0000,0.0000,0.0000,0.0000,0.0000,0.0000,0.0000,0.0000,0.0000,0.0000,0.0000,0.0000,0.0000,0.0000,0.0000,0.0000,0.0000,0.0000,0.0000,0.0000,0.0000,0.0000,0.0000,0.0000,0.0000,0.0000,0.0000,0.0000,0.0000,0.0000,0.0000,0.0000,0.0000,0.0000","5,5,5,5","33,0,33,0,0,33,0,33,0,33,0,33,0,33,0,33,0,33,0,33,0,33,0,0,33,0,33,0,33,0,33,0,0,33,0,33,0,33,0,33,0,0,33,0,33,0,33,0,33,0,48,33,0,33,0,33,33,33,0,0,0,33,0,33"
898,53.31,44.18,"8.94,12.80,14.28,15.25,16.40,17.13,17.82,18.25,18.94,19.32,19.72,19.97,20.25,20.57,20.88,21.16,21.50,21.76,21.98,22.15,22.35,22.54,22.74,22.94,23.15,23.35,23.50,23.71,23.82,23.96,24.10,24.26,24.42,24.57,24.69,24.78,24.93,25.01,25.11,25.24,25.33,25.49,25.59,25.69,25.76,25.85,25.93,26.03,26.12,26.23,26.36,26.43,26.48,26.58,26.65,26.73,26.79,26.90,26.99,27.06,27.15,27.19,27.26,27.34","0.6405,0.6401,0.6358,0.6354","1.0469,1.0049,1.0029,0.9453,0.0001,0.0001,0.0001,0.0001,0.0000,0.0000,0.0000,0.0000,0.0000,0.0000,0.0000,0.0000,0.0000,0.0000,0.0000,0.0000,0.0000,0.0000,0.0000,0.0000,0.0000,0.0000,0.0000,0.0000,0.0000,0.0000,0.0000,0.0000,0.0000,0.0000,0.0000,0.0000,0.0000,0.0000,0.0000,0.0000,0.0000,0.0000,0.0000,0.0000,0.0000,0.0000,0.0000,0.0000,0.0000,0.0000,0.0000,0.0000,0.0000,0.0000,0.0000,0.0000,0.0000,0.0000,0.0000,0.0000,0.0000,0.0000,0.0000,0.0000","9,2,9,0","24,50,24,50,24,24,50,24,24,50,50,50,50,24,24,50,24,24,50,24,50,24,24,24,50,24,24,50,24,50,24,24,24,50,24,24,50,24,24,50,24,50,24,50,50,50,24,24,50,24,50,24,24,50,24,24,50,50,24,24,50,34,50,24"
899,52.76,42.85,"9.48,10.70,12.01,13.15,14.10,14.89,15.54,16.09,16.48,16.74,16.93,17.07,17.22,17.42,17.65,17.90,18.12,18.29,18.40,18.48,18.57,18.68,18.82,19.00,19.18,19.31,19.40,19.48,19.57,19.67,19.79,19.93,20.06,20.17,20.26,20.38,20.45,20.54,20.65,20.79,21.05,21.22,21.34,21.43,21.51,21.62,21.74,21.87,22.04,22.18,22.29,22.39,22.48,22.57,22.65,22.74,22.87,22.98,23.06,23.13,23.20,23.27,23.35,23.44","0.6933,0.6928,0.6895,0.6827","1.0557,1.0127,0.9692,0.9619,0.0001,0.0001,0.0001,0.0001,0.0000,0.0000,0.0000,0.0000,0.0000,0.0000,0.0000,0.0000,0.0000,0.0000,0.0000,0.0000,0.0000,0.0000,0.0000,0.0000,0.0000,0.0000,0.0000,0.0000,0.0000,0.0000,0.0000,0.0000,0.0000,0.0000,0.0000,0.0000,0.0000,0.0000,0.0000,0.0000,0.0000,0.0000,0.0000,0.0000,0.0000,0.0000,0.0000,0.0000,0.0000,0.0000,0.0000,0.0000,0.0000,0.0000,0.0000,0.0000,0.0000,0.0000,0.0000,0.0000,0.0000,0.0000,0.0000,0.0000","8,2,8,0","33,33,33,33,33,33,33,33,33,33,33,33,33,33,33,33,33,33,33,33,33,33,33,33,33,33,33,33,33,33,33,33,33,33,49,49,49,33,17,17,33,49,49,33,33,33,33,33,33,49,33,33,33,33,33,33,33,33,33,33,49,33,33,33"
900,53.51,45.15,"10.06,12.42,13.96,15.41,16.37,17.32,18.02,18.60,19.36,19.79,20.17,20.50,20.79,21.15,21.52,21.83,22.19,22.45,22.66,22.81,22.95,23.21,23.47,23.73,23.97,24.15,24.27,24.41,24.55,24.73,24.90,25.06,25.17,25.20,25.32,25.40,25.45,25.57,25.64,25.68,25.81,25.98,26.09,26.18,26.31,26.40,26.49,26.59,26.73,26.85,26.96,27.07,27.16,27.22,27.29,27.37,27.50,27.61,27.70,27.78,27.85,27.91,27.97,28.03","0.6514,0.6513,0.6484,0.6419","1.0547,1.0293,0.9897,0.9263,0.0001,0.0001,0.0001,0.0001,0.0000,0.0000,0.0000,0.0000,0.0000,0.0000,0.0000,0.0000,0.0000,0.0000,0.0000,0.0000,0.0000,0.0000,0.0000,0.0000,0.0000,0.0000,0.0000,0.0000,0.0000,0.0000,0.0000,0.0000,0.0000,0.0000,0.0000,0.0000,0.0000,0.0000,0.0000,0.0000,0.0000,0.0000,0.0000,0.0000,0.0000,0.0000,0.0000,0.0000,0.0000,0.0000,0.0000,0.0000,0.0000,0.0000,0.0000,0.0000,0.0000,0.0000,0.0000,0.0000,0.0000,0.0000,0.0000,0.0000","4,10,4,4","17,34,17,34,17,17,17,34,34,34,34,34,34,34,34,34,34,34,34,34,34,34,34,34,17,34,17,34,34,34,34,17,17,32,17,17,17,34,17,34,17,34,17,34,34,34,17,17,17,34,34,34,34,34,17,17,34,34,34,34,34,34,34,17"
901,69.23,49.15,"10.94,14.91,17.61,19.12,20.00,21.14,22.00,22.51,23.20,23.77,24.21,24.68,24.97,25.28,25.58,25.83,26.19,26.57,26.86,27.12,27.33,27.51,27.66,27.83,28.01,28.33,28.57,28.76,28.93,29.04,29.17,29.25,29.57,29.79,29.94,30.07,30.18,30.30,30.36,30.45,30.52,30.83,31.00,31.12,31.22,31.30,31.37,31.46,31.57,31.74,31.88,31.98,32.08,32.14,32.23,32.30,32.40,32.52,32.64,32.74,32.82,32.90,32.96,33.01","0.5323,0.5319,0.5318,0.5313","1.0127,1.0019,0.9961,0.9893,0.0001,0.0001,0.0001,0.0001,0.0000,0.0000,0.0000,0.0000,0.0000,0.0000,0.0000,0.0000,0.0000,0.0000,0.0000,0.0000,0.0000,0.0000,0.0000,0.0000,0.0000,0.0000,0.0000,0.0000,0.0000,0.0000,0.0000,0.0000,0.0000,0.0000,0.0000,0.0000,0.0000,0.0000,0.0000,0.0000,0.0000,0.0000,0.0000,0.0000,0.0000,0.0000,0.0000,0.0000,0.0000,0.0000,0.0000,0.0000,0.0000,0.0000,0.0000,0.0000,0.0000,0.0000,0.0000,0.0000,0.0000,0.0000,0.0000,0.0000","5,5,5,13","26,16,26,32,32,26,26,26,16,26,32,32,26,26,26,26,16,26,32,32,32,26,26,26,16,16,26,32,32,32,26,26,16,26,32,16,32,32,32,26,26,26,26,32,32,32,26,26,16,26,26,16,16,16,26,26,16,26,26,16,32,32,32,26"
902,49.75,44.51,"10.91,14.64,17.14,18.47,19.26,20.31,21.01,21.50,22.07,22.67,23.12,23.46,23.79,24.12,24.47,24.74,25.02,25.33,25.61,25.85,26.09,26.30,26.52,26.72,26.94,27.16,27.35,27.52,27.67,27.84,28.00,28.16,28.28,28.49,28.64,28.77,28.92,29.04,29.17,29.30,29.39,29.54,29.68,29.80,29.90,29.97,30.05,30.11,30.18,30.39,30.49,30.58,30.67,30.75,30.87,30.96,31.01,31.14,31.22,31.30,31.37,31.43,31.54,31.61","0.7348,0.7338,0.7330,0.7294","1.0244,1.0049,1.0000,0.9707,0.0001,0.0001,0.0001,0.0000,0.0000,0.0000,0.0000,0.0000,0.0000,0.0000,0.0000,0.0000,0.0000,0.0000,0.0000,0.0000,0.0000,0.0000,0.0000,0.0000,0.0000,0.0000,0.0000,0.0000,0.0000,0.0000,0.0000,0.0000,0.0000,0.0000,0.0000,0.0000,0.0000,0.0000,0.0000,0.0000,0.0000,0.0000,0.0000,0.0000,0.0000,0.0000,0.0000,0.0000,0.0000,0.0000,0.0000,0.0000,0.0000,0.0000,0.0000,0.0000,0.0000,0.0000,0.0000,0.0000,0.0000,0.0000,0.0000,0.0000","5,13,5,13","25,19,25,25,25,25,25,25,19,25,19,25,25,25,25,25,19,25,25,25,25,25,25,25,19,19,25,19,25,25,25,25,19,25,19,25,25,25,25,25,19,25,25,19,19,19,25,25,25,25,19,19,19,25,25,25,19,25,25,19,19,19,25,25"
903,49.49,42.00,"10.52,14.30,16.00,17.03,18.15,18.97,19.60,20.04,20.48,20.90,21.35,21.71,22.04,22.42,22.73,22.95,23.23,23.50,23.77,24.02,24.26,24.48,24.66,24.87,25.03,25.25,25.44,25.60,25.74,25.92,26.09,26.22,26.35,26.50,26.65,26.78,26.91,27.01,27.15,27.25,27.30,27.42,27.55,27.66,27.75,27.84,27.95,28.05,28.14,28.24,28.36,28.46,28.54,28.63,28.72,28.79,28.85,28.93,29.03,29.14,29.20,29.31,29.39,29.47","0.6802,0.6787,0.6778,0.6732","1.0781,1.0068,1.0010,0.9141,0.0001,0.0001,0.0001,0.0000,0.0000,0.0000,0.0000,0.0000,0.0000,0.0000,0.0000,0.0000,0.0000,0.0000,0.0000,0.0000,0.0000,0.0000,0.0000,0.0000,0.0000,0.0000,0.0000,0.0000,0.0000,0.0000,0.0000,0.0000,0.0000,0.0000,0.0000,0.0000,0.0000,0.0000,0.0000,0.0000,0.0000,0.0000,0.0000,0.0000,0.0000,0.0000,0.0000,0.0000,0.0000,0.0000,0.0000,0.0000,0.0000,0.0000,0.0000,0.0000,0.0000,0.0000,0.0000,0.0000,0.0000,0.0000,0.0000,0.0000","4,4,4,4","17,17,1,17,17,17,1,1,17,17,1,1,17,17,17,1,17,17,1,1,17,17,17,1,1,17,17,1,1,17,17,17,1,17,17,17,17,17,17,1,1,1,17,17,17,1,17,17,1,1,17,17,17,17,17,17,17,17,17,17,1,17,17,17"
904,42.21,35.72,"10.43,12.94,14.56,15.76,16.73,17.47,18.02,18.47,18.86,19.17,19.46,19.73,19.99,20.26,20.54,20.84,21.03,21.23,21.39,21.56,21.71,21.86,22.04,22.23,22.35,22.55,22.69,22.87,22.99,23.06,23.22,23.45,23.46,23.58,23.65,23.75,23.83,23.84,23.90,24.00,24.21,24.32,24.42,24.51,24.58,24.63,24.72,24.83,24.94,25.03,25.12,25.19,25.26,25.32,25.39,25.47,25.61,25.71,25.77,25.84,25.90,25.95,26.02,26.10","0.6884,0.6856,0.6781,0.6554","1.2041,1.0430,1.0303,0.7236,0.0001,0.0001,0.0001,0.0000,0.0000,0.0000,0.0000,0.0000,0.0000,0.0000,0.0000,0.0000,0.0000,0.0000,0.0000,0.0000,0.0000,0.0000,0.0000,0.0000,0.0000,0.0000,0.0000,0.0000,0.0000,0.0000,0.0000,0.0000,0.0000,0.0000,0.0000,0.0000,0.0000,0.0000,0.0000,0.0000,0.0000,0.0000,0.0000,0.0000,0.0000,0.0000,0.0000,0.0000,0.0000,0.0000,0.0000,0.0000,0.0000,0.0000,0.0000,0.0000,0.0000,0.0000,0.0000,0.0000,0.0000,0.0000,0.0000,0.0000","9,9,1,9","17,17,17,17,17,17,17,17,17,17,17,17,17,17,17,17,17,17,17,17,17,17,17,17,17,17,17,17,17,17,17,17,33,17,17,17,17,17,17,17,17,17,17,17,17,17,17,17,17,17,17,17,17,17,17,17,17,17,17,17,17,17,17,17"
905,60.60,43.13,"10.61,14.30,16.69,17.88,18.78,19.59,20.23,21.00,21.59,22.04,22.35,22.60,22.81,23.06,23.36,23.68,24.05,24.33,24.61,24.88,25.10,25.26,25.42,25.63,25.82,26.00,26.20,26.37,26.52,26.65,26.77,26.88,27.02,27.15,27.27,27.40,27.55,27.73,27.87,27.98,28.16,28.28,28.38,28.50,28.59,28.68,28.75,28.79,28.90,28.99,29.06,29.14,29.22,29.29,29.34,29.40,29.44,29.55,29.66,29.77,29.90,30.02,30.10,30.17","0.4876,0.4873,0.4860,0.4810","1.0410,1.0381,0.9678,0.9531,0.0001,0.0001,0.0001,0.0001,0.0000,0.0000,0.0000,0.0000,0.0000,0.0000,0.0000,0.0000,0.0000,0.0000,0.0000,0.0000,0.0000,0.0000,0.0000,0.0000,0.0000,0.0000,0.0000,0.0000,0.0000,0.0000,0.0000,0.0000,0.0000,0.0000,0.0000,0.0000,0.0000,0.0000,0.0000,0.0000,0.0000,0.0000,0.0000,0.0000,0.0000,0.0000,0.0000,0.0000,0.0000,0.0000,0.0000,0.0000,0.0000,0.0000,0.0000,0.0000,0.0000,0.0000,0.0000,0.0000,0.0000,0.0000,0.0000,0.0000","0,8,0,8","32,17,32,32,32,32,32,32,17,17,17,32,17,32,32,32,32,32,17,32,17,32,32,32,32,32,17,17,17,17,32,32,32,32,17,17,32,32,32,32,32,32,17,17,17,17,17,17,32,32,32,17,32,17,17,32,17,32,32,32,32,32,32,32"
906,37.14,34.12,"9.66,11.10,12.02,12.82,13.72,14.32,14.88,15.31,15.71,16.06,16.42,16.71,16.98,17.22,17.47,17.72,17.97,18.16,18.39,18.53,18.68,18.87,18.90,18.93,18.85,18.97,19.21,19.37,19.47,19.64,19.77,19.92,20.05,20.20,20.31,20.42,20.54,20.66,20.75,20.89,21.03,21.11,21.18,21.30,21.41,21.48,21.56,21.65,21.71,21.73,21.72,21.68,21.71,21.81,21.78,21.82,22.03,22.12,22.20,22.27,22.34,22.42,22.49,22.58","0.7798,0.7669,0.7628,0.6641","1.1767,1.0810,1.0781,0.6641,0.0001,0.0001,0.0001,0.0000,0.0000,0.0000,0.0000,0.0000,0.0000,0.0000,0.0000,0.0000,0.0000,0.0000,0.0000,0.0000,0.0000,0.0000,0.0000,0.0000,0.0000,0.0000,0.0000,0.0000,0.0000,0.0000,0.0000,0.0000,0.0000,0.0000,0.0000,0.0000,0.0000,0.0000,0.0000,0.0000,0.0000,0.0000,0.0000,0.0000,0.0000,0.0000,0.0000,0.0000,0.0000,0.0000,0.0000,0.0000,0.0000,0.0000,0.0000,0.0000,0.0000,0.0000,0.0000,0.0000,0.0000,0.0000,0.0000,0.0000","0,8,0,8","33,17,17,17,33,17,33,33,33,17,17,17,17,17,17,33,33,17,17,17,17,33,31,31,49,33,33,17,33,17,33,33,33,17,17,17,17,17,17,17,17,33,17,17,17,17,33,33,31,49,49,49,49,33,49,33,33,33,17,17,17,17,33,17"
907,42.03,34.96,"10.57,12.66,13.73,14.59,15.33,15.84,16.33,16.77,17.29,17.61,17.84,18.03,18.42,18.77,19.08,19.21,19.45,19.65,19.76,19.89,20.02,20.32,20.65,20.78,20.92,21.14,21.27,21.42,21.55,21.69,21.84,21.99,22.11,22.23,22.34,22.45,22.54,22.66,22.78,22.90,22.98,23.10,23.19,23.28,23.34,23.45,23.52,23.65,23.72,23.78,23.85,23.93,24.00,24.07,24.13,24.20,24.18,24.18,24.25,24.23,24.37,24.43,24.50,24.50","0.6568,0.6527,0.6450,0.6177","1.1709,1.0313,0.9311,0.8672,0.0001,0.0001,0.0001,0.0001,0.0000,0.0000,0.0000,0.0000,0.0000,0.0000,0.0000,0.0000,0.0000,0.0000,0.0000,0.0000,0.0000,0.0000,0.0000,0.0000,0.0000,0.0000,0.0000,0.0000,0.0000,0.0000,0.0000,0.0000,0.0000,0.0000,0.0000,0.0000,0.0000,0.0000,0.0000,0.0000,0.0000,0.0000,0.0000,0.0000,0.0000,0.0000,0.0000,0.0000,0.0000,0.0000,0.0000,0.0000,0.0000,0.0000,0.0000,0.0000,0.0000,0.0000,0.0000,0.0000,0.0000,0.0000,0.0000,0.0000","5,5,5,5","33,33,16,33,33,33,33,33,33,33,16,33,16,33,33,33,33,16,16,33,16,16,33,16,33,33,33,33,33,33,33,33,33,33,33,16,16,16,33,33,33,33,33,16,33,33,33,33,33,16,16,33,33,33,16,33,0,0,16,0,33,33,16,0"
908,44.64,37.75,"11.04,15.33,17.81,19.05,20.09,20.85,21.48,22.30,22.54,22.63,23.20,23.58,23.88,24.17,24.38,24.74,24.76,24.82,25.06,25.33,25.53,25.64,25.66,25.94,26.15,26.35,26.63,26.76,26.80,27.06,27.30,27.40,27.44,27.50,27.51,27.64,27.97,28.11,28.24,28.30,28.31,28.39,28.46,28.57,28.67,28.75,28.84,28.94,29.00,29.08,29.16,29.17,29.22,29.26,29.31,29.45,29.50,29.53,29.62,29.68,29.69,29.80,29.89,29.95","0.7555,0.7539,0.7520,0.7427","1.1387,1.0391,0.9565,0.8657,0.0001,0.0001,0.0001,0.0000,0.0000,0.0000,0.0000,0.0000,0.0000,0.0000,0.0000,0.0000,0.0000,0.0000,0.0000,0.0000,0.0000,0.0000,0.0000,0.0000,0.0000,0.0000,0.0000,0.0000,0.0000,0.0000,0.0000,0.0000,0.0000,0.0000,0.0000,0.0000,0.0000,0.0000,0.0000,0.0000,0.0000,0.0000,0.0000,0.0000,0.0000,0.0000,0.0000,0.0000,0.0000,0.0000,0.0000,0.0000,0.0000,0.0000,0.0000,0.0000,0.0000,0.0000,0.0000,0.0000,0.0000,0.0000,0.0000,0.0000","5,5,5,5","25,25,25,25,25,25,25,25,25,25,25,25,25,25,25,25,31,25,25,25,25,25,25,25,25,25,25,25,25,25,25,25,25,25,41,25,25,25,25,25,41,25,25,25,25,25,25,25,25,25,25,25,25,25,25,25,25,25,25,25,57,25,25,25"
909,37.82,34.08,"10.55,13.39,14.75,15.75,16.66,17.43,17.95,18.56,19.04,19.36,19.65,19.91,20.21,20.47,20.70,21.02,21.15,21.30,21.49,21.58,21.72,21.85,21.94,22.08,22.24,22.32,22.56,22.69,22.81,22.94,23.07,23.22,23.37,23.49,23.60,23.70,23.78,23.87,23.98,24.08,24.18,24.28,24.38,24.48,24.58,24.64,24.78,24.84,24.94,24.95,25.08,25.18,25.26,25.29,25.35,25.46,25.57,25.62,25.68,25.76,25.83,25.89,25.94,26.00","0.9523,0.9492,0.9454,0.8649","1.2276,1.1953,1.0352,0.5415,0.0001,0.0001,0.0001,0.0000,0.0000,0.0000,0.0000,0.0000,0.0000,0.0000,0.0000,0.0000,0.0000,0.0000,0.0000,0.0000,0.0000,0.0000,0.0000,0.0000,0.0000,0.0000,0.0000,0.0000,0.0000,0.0000,0.0000,0.0000,0.0000,0.0000,0.0000,0.0000,0.0000,0.0000,0.0000,0.0000,0.0000,0.0000,0.0000,0.0000,0.0000,0.0000,0.0000,0.0000,0.0000,0.0000,0.0000,0.0000,0.0000,0.0000,0.0000,0.0000,0.0000,0.0000,0.0000,0.0000,0.0000,0.0000,0.0000,0.0000","1,1,1,1","24,24,24,24,24,24,24,24,24,24,26,24,24,24,24,24,26,26,26,26,26,26,26,24,26,24,24,24,24,24,24,24,24,24,24,24,24,24,24,24,24,24,24,24,24,24,24,24,26,26,24,24,24,26,26,24,24,26,24,24,24,24,26,26"
913,72.86,52.24,"10.81,17.97,22.25,24.85,26.72,28.21,29.16,29.64,30.22,30.71,31.18,31.56,32.05,32.53,33.00,33.24,33.55,33.82,34.09,34.30,34.58,34.86,35.13,35.27,35.47,35.66,35.82,35.96,36.17,36.36,36.54,36.63,36.77,36.90,37.02,37.12,37.27,37.42,37.55,37.62,37.72,37.82,37.90,37.99,38.10,38.21,38.32,38.37,38.45,38.53,38.59,38.66,38.75,38.84,38.93,38.98,39.03,39.09,39.15,39.21,39.28,39.36,39.43,39.47","0.5479,0.5478,0.5474,0.5469","1.0039,1.0038,1.0029,0.9888,0.0001,0.0001,0.0001,0.0001,0.0000,0.0000,0.0000,0.0000,0.0000,0.0000,0.0000,0.0000,0.0000,0.0000,0.0000,0.0000,0.0000,0.0000,0.0000,0.0000,0.0000,0.0000,0.0000,0.0000,0.0000,0.0000,0.0000,0.0000,0.0000,0.0000,0.0000,0.0000,0.0000,0.0000,0.0000,0.0000,0.0000,0.0000,0.0000,0.0000,0.0000,0.0000,0.0000,0.0000,0.0000,0.0000,0.0000,0.0000,0.0000,0.0000,0.0000,0.0000,0.0000,0.0000,0.0000,0.0000,0.0000,0.0000,0.0000,0.0000","5,5,14,5","38,38,38,38,38,38,38,38,38,38,38,38,38,38,38,38,38,38,38,38,38,38,38,38,38,38,38,38,38,38,38,38,38,38,38,38,38,38,38,38,38,38,38,38,38,38,38,38,38,38,38,38,38,38,38,38,38,38,38,38,38,38,38,38"
914,81.25,54.14,"11.00,18.25,23.39,26.37,27.90,28.90,29.64,30.33,30.91,31.37,31.86,32.35,32.60,33.04,33.49,33.75,34.04,34.39,34.66,34.89,35.07,35.35,35.61,35.83,36.02,36.20,36.36,36.51,36.66,36.83,37.01,37.13,37.25,37.38,37.56,37.70,37.86,37.96,38.09,38.15,38.22,38.33,38.46,38.56,38.69,38.78,38.87,38.94,39.02,39.09,39.17,39.24,39.34,39.41,39.48,39.55,39.63,39.68,39.73,39.80,39.89,39.95,39.99,40.05","0.5045,0.5044,0.5043,0.5042","1.0068,1.0019,0.9991,0.9927,0.0001,0.0001,0.0001,0.0001,0.0000,0.0000,0.0000,0.0000,0.0000,0.0000,0.0000,0.0000,0.0000,0.0000,0.0000,0.0000,0.0000,0.0000,0.0000,0.0000,0.0000,0.0000,0.0000,0.0000,0.0000,0.0000,0.0000,0.0000,0.0000,0.0000,0.0000,0.0000,0.0000,0.0000,0.0000,0.0000,0.0000,0.0000,0.0000,0.0000,0.0000,0.0000,0.0000,0.0000,0.0000,0.0000,0.0000,0.0000,0.0000,0.0000,0.0000,0.0000,0.0000,0.0000,0.0000,0.0000,0.0000,0.0000,0.0000,0.0000","9,0,9,9","31,31,31,33,31,31,31,31,31,31,33,31,31,31,31,31,31,33,33,31,33,31,31,31,31,31,33,33,31,31,31,31,31,31,33,33,31,31,31,31,33,31,33,33,31,33,31,31,31,33,33,33,31,33,31,31,31,33,33,31,31,31,33,31"
915,73.99,49.73,"10.98,18.34,22.99,25.63,26.64,27.60,28.00,28.51,29.14,29.64,30.11,30.56,30.91,31.29,31.72,32.04,32.39,32.65,32.84,33.12,33.34,33.56,33.84,34.07,34.30,34.49,34.69,34.95,35.32,35.46,35.52,35.68,35.73,35.82,36.00,36.22,36.32,36.51,36.67,36.73,36.75,36.84,36.93,37.14,37.17,37.26,37.31,37.35,37.36,37.44,37.50,37.58,37.59,37.62,37.66,37.70,37.70,37.77,37.80,37.86,37.89,37.95,37.98,38.01","0.5211,0.5210,0.5204,0.5196","1.0127,1.0098,0.9888,0.9883,0.0001,0.0001,0.0001,0.0001,0.0000,0.0000,0.0000,0.0000,0.0000,0.0000,0.0000,0.0000,0.0000,0.0000,0.0000,0.0000,0.0000,0.0000,0.0000,0.0000,0.0000,0.0000,0.0000,0.0000,0.0000,0.0000,0.0000,0.0000,0.0000,0.0000,0.0000,0.0000,0.0000,0.0000,0.0000,0.0000,0.0000,0.0000,0.0000,0.0000,0.0000,0.0000,0.0000,0.0000,0.0000,0.0000,0.0000,0.0000,0.0000,0.0000,0.0000,0.0000,0.0000,0.0000,0.0000,0.0000,0.0000,0.0000,0.0000,0.0000","8,0,8,0","32,32,32,32,32,32,32,32,32,32,32,32,32,32,32,32,32,32,31,32,32,32,32,32,32,32,32,31,32,32,31,32,25,31,32,32,32,32,32,31,25,31,32,32,31,25,25,31,25,31,25,31,46,25,25,25,25,25,31,25,25,25,31,31"
916,55.23,47.03,"10.93,17.65,20.86,22.24,22.79,23.27,23.51,23.86,24.48,25.03,25.50,25.98,26.28,26.68,26.73,26.85,27.36,27.77,27.94,28.15,28.42,28.70,28.86,28.87,29.13,29.36,29.55,29.55,29.57,29.65,29.91,29.94,30.15,30.34,30.50,30.57,30.68,30.75,30.84,30.86,31.02,31.19,31.23,31.36,31.58,31.74,31.75,31.75,31.87,32.03,32.15,32.22,32.29,32.43,32.45,32.47,32.60,32.74,32.83,32.87,32.92,32.95,32.97,33.06","0.7511,0.7509,0.7506,0.7461","1.0303,0.9971,0.9936,0.9795,0.0001,0.0001,0.0001,0.0001,0.0000,0.0000,0.0000,0.0000,0.0000,0.0000,0.0000,0.0000,0.0000,0.0000,0.0000,0.0000,0.0000,0.0000,0.0000,0.0000,0.0000,0.0000,0.0000,0.0000,0.0000,0.0000,0.0000,0.0000,0.0000,0.0000,0.0000,0.0000,0.0000,0.0000,0.0000,0.0000,0.0000,0.0000,0.0000,0.0000,0.0000,0.0000,0.0000,0.0000,0.0000,0.0000,0.0000,0.0000,0.0000,0.0000,0.0000,0.0000,0.0000,0.0000,0.0000,0.0000,0.0000,0.0000,0.0000,0.0000","9,9,0,9","32,30,30,30,30,30,30,30,32,30,30,30,30,30,30,30,32,30,32,30,30,30,30,16,32,32,32,16,32,30,30,30,32,32,30,30,30,30,30,16,32,30,32,30,30,30,16,16,32,30,32,32,30,30,30,32,32,32,32,32,30,32,32,32"
917,54.80,47.24,"10.88,17.43,21.61,23.11,23.97,24.57,25.12,25.65,26.09,26.52,26.97,27.43,27.79,28.00,28.20,28.43,28.63,28.83,29.12,29.31,29.52,29.62,29.89,30.01,30.23,30.44,30.68,30.78,30.87,31.01,31.12,31.26,31.43,31.61,31.73,31.83,31.91,31.99,32.05,32.13,32.28,32.39,32.41,32.51,32.61,32.70,32.78,32.85,32.97,33.11,33.18,33.22,33.26,33.28,33.33,33.42,33.51,33.65,33.73,33.78,33.85,33.91,33.98,34.03","0.7564,0.7564,0.7562,0.7486","1.0342,1.0039,0.9858,0.9756,0.0001,0.0001,0.0001,0.0001,0.0000,0.0000,0.0000,0.0000,0.0000,0.0000,0.0000,0.0000,0.0000,0.0000,0.0000,0.0000,0.0000,0.0000,0.0000,0.0000,0.0000,0.0000,0.0000,0.0000,0.0000,0.0000,0.0000,0.0000,0.0000,0.0000,0.0000,0.0000,0.0000,0.0000,0.0000,0.0000,0.0000,0.0000,0.0000,0.0000,0.0000,0.0000,0.0000,0.0000,0.0000,0.0000,0.0000,0.0000,0.0000,0.0000,0.0000,0.0000,0.0000,0.0000,0.0000,0.0000,0.0000,0.0000,0.0000,0.0000","9,1,9,1","32,30,32,30,32,32,32,32,32,32,32,30,32,32,32,32,30,32,30,32,32,32,32,32,32,32,30,32,32,32,32,32,30,32,32,32,32,32,32,32,30,30,32,32,32,32,32,32,30,32,32,30,32,32,32,32,32,32,32,32,32,32,32,32"
928,32.93,28.88,"10.16,11.62,12.90,13.97,14.67,15.30,15.85,16.29,16.66,17.04,17.35,17.63,17.88,18.13,18.38,18.61,18.88,19.13,19.35,19.51,19.66,19.82,19.98,20.14,20.33,20.53,20.69,20.81,20.92,21.04,21.17,21.28,21.43,21.58,21.70,21.80,21.88,21.98,22.08,22.16,22.28,22.40,22.49,22.57,22.64,22.72,22.81,22.87,22.97,23.07,23.16,23.23,23.29,23.36,23.43,23.47,23.56,23.65,23.73,23.79,23.85,23.91,23.97,24.00","1.0976,1.0927,1.0695,0.7412","1.2929,1.2256,1.0410,0.4414,0.0001,0.0001,0.0001,0.0000,0.0000,0.0000,0.0000,0.0000,0.0000,0.0000,0.0000,0.0000,0.0000,0.0000,0.0000,0.0000,0.0000,0.0000,0.0000,0.0000,0.0000,0.0000,0.0000,0.0000,0.0000,0.0000,0.0000,0.0000,0.0000,0.0000,0.0000,0.0000,0.0000,0.0000,0.0000,0.0000,0.0000,0.0000,0.0000,0.0000,0.0000,0.0000,0.0000,0.0000,0.0000,0.0000,0.0000,0.0000,0.0000,0.0000,0.0000,0.0000,0.0000,0.0000,0.0000,0.0000,0.0000,0.0000,0.0000,0.0000","12,4,12,12","38,38,32,38,32,38,38,38,32,32,32,38,38,38,38,38,32,32,32,32,38,38,38,38,32,32,32,32,38,38,38,38,32,32,32,32,38,38,38,38,32,32,32,32,32,38,38,38,38,32,32,32,38,38,38,38,38,32,32,32,32,38,38,38"
929,31.11,27.12,"10.58,12.02,12.99,13.92,14.74,15.39,15.88,16.23,16.57,16.91,17.18,17.42,17.64,17.84,18.03,18.21,18.41,18.60,18.76,18.90,19.04,19.18,19.32,19.43,19.56,19.71,19.83,19.95,20.05,20.15,20.26,20.35,20.48,20.59,20.69,20.77,20.86,20.95,21.05,21.13,21.24,21.33,21.42,21.50,21.57,21.66,21.74,21.80,21.90,21.98,22.05,22.12,22.19,22.26,22.32,22.37,22.45,22.52,22.58,22.64,22.70,22.76,22.82,22.85","1.0117,1.0049,0.8763,0.7158","1.3408,1.1855,1.0879,0.3857,0.0001,0.0001,0.0001,0.0000,0.0000,0.0000,0.0000,0.0000,0.0000,0.0000,0.0000,0.0000,0.0000,0.0000,0.0000,0.0000,0.0000,0.0000,0.0000,0.0000,0.0000,0.0000,0.0000,0.0000,0.0000,0.0000,0.0000,0.0000,0.0000,0.0000,0.0000,0.0000,0.0000,0.0000,0.0000,0.0000,0.0000,0.0000,0.0000,0.0000,0.0000,0.0000,0.0000,0.0000,0.0000,0.0000,0.0000,0.0000,0.0000,0.0000,0.0000,0.0000,0.0000,0.0000,0.0000,0.0000,0.0000,0.0000,0.0000,0.0000","12,4,12,12","39,39,39,39,39,39,39,39,33,33,33,39,39,39,39,39,33,33,33,39,39,39,39,39,39,33,33,39,39,39,39,39,39,33,39,39,33,39,39,39,39,39,33,33,39,39,39,39,39,39,39,33,39,39,39,39,39,39,33,33,33,39,39,39"
930,25.45,22.39,"11.29,12.63,13.51,14.27,14.99,15.57,16.00,16.33,16.67,16.87,17.04,17.22,17.44,17.65,17.83,18.00,18.18,18.30,18.40,18.51,18.64,18.77,18.88,19.00,19.12,19.20,19.27,19.36,19.45,19.54,19.62,19.73,19.81,19.88,19.93,20.00,20.07,20.13,20.21,20.31,20.36,20.42,20.47,20.53,20.58,20.65,20.71,20.81,20.85,20.90,20.95,20.99,21.03,21.09,21.15,21.25,21.30,21.34,21.37,21.41,21.45,21.50,21.56,21.68","1.4364,1.3732,1.1903,0.0001","1.9668,1.8633,0.1702,0.0001,0.0001,0.0001,0.0001,0.0000,0.0000,0.0000,0.0000,0.0000,0.0000,0.0000,0.0000,0.0000,0.0000,0.0000,0.0000,0.0000,0.0000,0.0000,0.0000,0.0000,0.0000,0.0000,0.0000,0.0000,0.0000,0.0000,0.0000,0.0000,0.0000,0.0000,0.0000,0.0000,0.0000,0.0000,0.0000,0.0000,0.0000,0.0000,0.0000,0.0000,0.0000,0.0000,0.0000,0.0000,0.0000,0.0000,0.0000,0.0000,0.0000,0.0000,0.0000,0.0000,0.0000,0.0000,0.0000,0.0000,0.0000,0.0000,0.0000,0.0000","11,11,11,11","38,38,38,38,38,38,38,38,38,38,38,38,38,38,38,38,38,38,38,38,38,38,38,38,38,38,38,38,38,38,38,38,38,38,38,38,38,38,38,38,38,38,38,38,38,38,38,38,38,38,38,38,38,38,38,38,38,38,38,38,38,38,38,38"
931,31.45,26.36,"10.16,11.45,12.27,12.96,13.62,14.18,14.63,14.98,15.17,15.43,15.70,15.96,16.20,16.42,16.61,16.77,16.92,17.08,17.23,17.40,17.56,17.70,17.82,17.94,18.05,18.16,18.27,18.39,18.50,18.61,18.70,18.79,18.88,18.97,19.06,19.15,19.23,19.31,19.39,19.47,19.54,19.62,19.69,19.77,19.84,19.90,19.96,20.02,20.09,20.15,20.21,20.27,20.33,20.38,20.44,20.49,20.55,20.61,20.66,20.72,20.78,20.84,20.92,20.99","1.1082,1.0997,1.0159,0.7762","1.3359,1.1787,1.0498,0.4356,0.0001,0.0001,0.0001,0.0000,0.0000,0.0000,0.0000,0.0000,0.0000,0.0000,0.0000,0.0000,0.0000,0.0000,0.0000,0.0000,0.0000,0.0000,0.0000,0.0000,0.0000,0.0000,0.0000,0.0000,0.0000,0.0000,0.0000,0.0000,0.0000,0.0000,0.0000,0.0000,0.0000,0.0000,0.0000,0.0000,0.0000,0.0000,0.0000,0.0000,0.0000,0.0000,0.0000,0.0000,0.0000,0.0000,0.0000,0.0000,0.0000,0.0000,0.0000,0.0000,0.0000,0.0000,0.0000,0.0000,0.0000,0.0000,0.0000,0.0000","12,5,12,12","30,30,30,32,30,32,30,32,32,32,30,30,30,32,30,32,32,32,32,30,30,30,32,32,32,32,30,30,30,30,32,32,32,32,30,30,30,32,32,32,32,32,30,30,30,32,32,32,32,30,30,30,30,32,32,30,32,32,30,30,30,30,30,30"
932,35.79,29.28,"9.26,10.55,11.58,12.44,13.21,13.84,14.27,14.60,14.87,15.19,15.45,15.71,15.98,16.23,16.44,16.62,16.78,16.93,17.08,17.25,17.42,17.56,17.70,17.84,17.95,18.06,18.18,18.30,18.42,18.53,18.64,18.74,18.82,18.91,19.00,19.10,19.20,19.28,19.36,19.44,19.52,19.60,19.67,19.75,19.82,19.90,19.97,20.04,20.11,20.18,20.24,20.31,20.38,20.44,20.50,20.56,20.62,20.67,20.73,20.79,20.84,20.89,20.95,21.00","0.8871,0.8852,0.8309,0.7270","1.2520,1.0693,1.0029,0.6758,0.0001,0.0001,0.0001,0.0000,0.0000,0.0000,0.0000,0.0000,0.0000,0.0000,0.0000,0.0000,0.0000,0.0000,0.0000,0.0000,0.0000,0.0000,0.0000,0.0000,0.0000,0.0000,0.0000,0.0000,0.0000,0.0000,0.0000,0.0000,0.0000,0.0000,0.0000,0.0000,0.0000,0.0000,0.0000,0.0000,0.0000,0.0000,0.0000,0.0000,0.0000,0.0000,0.0000,0.0000,0.0000,0.0000,0.0000,0.0000,0.0000,0.0000,0.0000,0.0000,0.0000,0.0000,0.0000,0.0000,0.0000,0.0000,0.0000,0.0000","10,4,4,12","31,31,31,25,31,31,31,25,25,25,25,31,31,31,25,25,25,25,31,31,31,31,25,25,25,25,31,31,31,31,25,25,25,25,31,31,31,31,25,25,31,31,31,31,31,31,25,25,31,25,31,31,31,25,25,25,31,25,31,31,31,31,25,25"
933,27.95,23.31,"9.66,10.90,11.87,12.71,13.51,14.19,14.69,15.03,15.33,15.53,15.68,15.85,16.06,16.29,16.48,16.61,16.81,16.94,17.04,17.14,17.26,17.39,17.49,17.56,17.70,17.79,17.86,17.94,18.03,18.11,18.17,18.21,18.31,18.38,18.44,18.51,18.57,18.63,18.66,18.69,18.77,18.82,18.87,18.92,18.98,19.01,19.05,19.07,19.13,19.18,19.21,19.26,19.30,19.34,19.36,19.39,19.44,19.47,19.52,19.56,19.60,19.63,19.66,19.68","1.1180,1.0808,0.9938,0.8055","1.4209,1.1397,1.0898,0.3496,0.0001,0.0001,0.0001,0.0000,0.0000,0.0000,0.0000,0.0000,0.0000,0.0000,0.0000,0.0000,0.0000,0.0000,0.0000,0.0000,0.0000,0.0000,0.0000,0.0000,0.0000,0.0000,0.0000,0.0000,0.0000,0.0000,0.0000,0.0000,0.0000,0.0000,0.0000,0.0000,0.0000,0.0000,0.0000,0.0000,0.0000,0.0000,0.0000,0.0000,0.0000,0.0000,0.0000,0.0000,0.0000,0.0000,0.0000,0.0000,0.0000,0.0000,0.0000,0.0000,0.0000,0.0000,0.0000,0.0000,0.0000,0.0000,0.0000,0.0000","15,5,7,7","30,30,30,30,30,30,30,30,30,30,30,30,30,30,30,30,30,30,30,30,30,30,30,30,30,30,30,30,30,30,30,30,30,30,30,30,30,30,30,30,30,30,30,30,30,30,30,30,30,30,30,30,30,30,30,30,30,30,30,30,30,30,30,30"
934,47.86,48.53,"10.74,18.14,20.31,21.87,23.27,24.41,25.31,26.05,26.66,27.11,27.52,27.78,28.13,28.49,28.91,29.23,29.56,29.91,30.09,30.36,30.51,30.78,30.98,31.28,31.48,31.70,31.82,31.95,32.11,32.28,32.48,32.64,32.82,32.96,33.05,33.16,33.23,33.40,33.51,33.69,33.79,33.90,33.98,34.06,34.18,34.22,34.38,34.54,34.67,34.74,34.87,34.89,34.99,35.02,35.19,35.25,35.40,35.47,35.55,35.61,35.63,35.73,35.81,35.93","0.7570,0.7568,0.7519,0.6997","1.0469,1.0410,1.0019,0.9097,0.0001,0.0001,0.0001,0.0001,0.0000,0.0000,0.0000,0.0000,0.0000,0.0000,0.0000,0.0000,0.0000,0.0000,0.0000,0.0000,0.0000,0.0000,0.0000,0.0000,0.0000,0.0000,0.0000,0.0000,0.0000,0.0000,0.0000,0.0000,0.0000,0.0000,0.0000,0.0000,0.0000,0.0000,0.0000,0.0000,0.0000,0.0000,0.0000,0.0000,0.0000,0.0000,0.0000,0.0000,0.0000,0.0000,0.0000,0.0000,0.0000,0.0000,0.0000,0.0000,0.0000,0.0000,0.0000,0.0000,0.0000,0.0000,0.0000,0.0000","0,0,0,0","33,0,33,0,33,0,33,33,0,33,0,0,33,0,33,33,0,33,33,0,0,33,0,33,33,0,33,0,33,0,33,0,33,0,33,1,33,0,33,0,0,33,1,33,0,33,0,33,0,33,0,33,1,33,0,33,0,0,33,1,49,33,0,33"
935,27.85,28.34,"11.37,12.29,13.52,14.44,15.26,15.97,16.59,17.14,17.47,17.68,17.83,17.98,18.16,18.38,18.65,18.93,19.10,19.21,19.30,19.40,19.50,19.64,19.83,20.03,20.13,20.20,20.27,20.33,20.41,20.53,20.67,20.83,20.90,20.95,21.00,21.06,21.13,21.24,21.35,21.48,21.53,21.57,21.62,21.66,21.73,21.82,21.92,22.03,22.07,22.10,22.13,22.18,22.25,22.33,22.41,22.51,22.55,22.56,22.60,22.65,22.71,22.77,22.85,22.92","0.9936,0.9472,0.7569,0.6108","1.8282,1.7305,0.4409,0.0001,0.0001,0.0001,0.0000,0.0000,0.0000,0.0000,0.0000,0.0000,0.0000,0.0000,0.0000,0.0000,0.0000,0.0000,0.0000,0.0000,0.0000,0.0000,0.0000,0.0000,0.0000,0.0000,0.0000,0.0000,0.0000,0.0000,0.0000,0.0000,0.0000,0.0000,0.0000,0.0000,0.0000,0.0000,0.0000,0.0000,0.0000,0.0000,0.0000,0.0000,0.0000,0.0000,0.0000,0.0000,0.0000,0.0000,0.0000,0.0000,0.0000,0.0000,0.0000,0.0000,0.0000,0.0000,0.0000,0.0000,0.0000,0.0000,0.0000,0.0000","9,9,9,9","43,43,43,43,43,43,43,43,43,43,43,43,43,43,43,43,43,43,43,43,43,43,43,43,43,43,43,43,43,43,43,43,43,43,43,43,43,43,43,43,43,43,43,43,43,43,43,43,43,43,43,43,43,43,43,43,43,43,43,43,43,43,43,43"
936,100.96,52.35,"10.37,16.44,20.83,23.29,24.18,24.90,25.30,25.51,25.96,26.54,27.04,27.49,27.88,28.20,28.46,28.53,28.75,28.88,29.09,29.40,29.64,29.84,29.96,30.01,30.14,30.23,30.35,30.53,30.72,30.87,30.94,31.09,31.21,31.36,31.47,31.65,31.72,30.80,31.90,30.71,30.86,30.98,31.12,31.38,31.52,31.39,31.29,31.48,31.77,31.75,31.74,31.67,31.80,31.76,31.77,31.73,31.77,31.81,31.83,31.92,31.78,31.80,31.91,31.94","0.3332,0.3332,0.3332,0.3330","1.0059,1.0049,1.0009,0.9873,0.0001,0.0001,0.0001,0.0000,0.0000,0.0000,0.0000,0.0000,0.0000,0.0000,0.0000,0.0000,0.0000,0.0000,0.0000,0.0000,0.0000,0.0000,0.0000,0.0000,0.0000,0.0000,0.0000,0.0000,0.0000,0.0000,0.0000,0.0000,0.0000,0.0000,0.0000,0.0000,0.0000,0.0000,0.0000,0.0000,0.0000,0.0000,0.0000,0.0000,0.0000,0.0000,0.0000,0.0000,0.0000,0.0000,0.0000,0.0000,0.0000,0.0000,0.0000,0.0000,0.0000,0.0000,0.0000,0.0000,0.0000,0.0000,0.0000,0.0000","13,13,13,5","42,42,10,42,42,42,42,10,42,42,10,10,42,42,42,58,42,42,42,10,42,42,58,26,42,58,42,10,10,42,58,42,42,42,58,10,58,58,26,26,26,26,58,10,10,10,58,26,42,10,10,42,58,26,10,10,58,26,42,42,10,26,10,26"
937,34.63,33.67,"10.78,12.55,14.17,15.38,16.29,17.02,17.66,18.27,18.71,18.97,19.18,19.37,19.56,19.77,20.02,20.31,20.57,20.73,20.86,20.97,21.09,21.21,21.36,21.55,21.74,21.85,21.94,22.03,22.11,22.21,22.30,22.44,22.61,22.69,22.76,22.83,22.90,22.96,23.05,23.15,23.27,23.36,23.42,23.48,23.54,23.60,23.64,23.74,23.85,23.91,23.97,24.02,24.06,24.11,24.16,24.24,24.35,24.40,24.45,24.48,24.53,24.56,24.60,24.66","0.7993,0.7944,0.6724,0.6508","1.4775,1.3408,0.9057,0.2761,0.0001,0.0001,0.0001,0.0000,0.0000,0.0000,0.0000,0.0000,0.0000,0.0000,0.0000,0.0000,0.0000,0.0000,0.0000,0.0000,0.0000,0.0000,0.0000,0.0000,0.0000,0.0000,0.0000,0.0000,0.0000,0.0000,0.0000,0.0000,0.0000,0.0000,0.0000,0.0000,0.0000,0.0000,0.0000,0.0000,0.0000,0.0000,0.0000,0.0000,0.0000,0.0000,0.0000,0.0000,0.0000,0.0000,0.0000,0.0000,0.0000,0.0000,0.0000,0.0000,0.0000,0.0000,0.0000,0.0000,0.0000,0.0000,0.0000,0.0000","5,5,5,5","33,33,33,33,33,33,33,33,33,33,33,33,33,33,33,33,33,33,33,33,33,33,33,33,33,33,33,33,33,33,33,33,33,33,33,33,33,33,17,33,33,33,33,17,33,33,33,33,33,33,33,17,33,33,33,17,33,17,17,17,33,17,17,33"
938,53.56,44.71,"9.13,13.69,15.43,16.55,17.68,18.68,19.44,20.16,20.62,20.96,21.32,21.66,22.08,22.42,22.73,22.97,23.23,23.48,23.66,23.80,23.90,24.06,24.21,24.38,24.52,24.72,24.91,25.12,25.30,25.43,25.56,25.72,25.93,26.07,26.18,26.29,26.42,26.54,26.64,26.75,26.89,27.00,27.09,27.16,27.22,27.28,27.36,27.44,27.56,27.69,27.80,27.92,28.06,28.19,28.30,28.38,28.48,28.57,28.64,28.69,28.75,28.80,28.85,28.93","0.6417,0.6415,0.6396,0.6371","1.0361,1.0088,0.9907,0.9649,0.0001,0.0001,0.0001,0.0001,0.0000,0.0000,0.0000,0.0000,0.0000,0.0000,0.0000,0.0000,0.0000,0.0000,0.0000,0.0000,0.0000,0.0000,0.0000,0.0000,0.0000,0.0000,0.0000,0.0000,0.0000,0.0000,0.0000,0.0000,0.0000,0.0000,0.0000,0.0000,0.0000,0.0000,0.0000,0.0000,0.0000,0.0000,0.0000,0.0000,0.0000,0.0000,0.0000,0.0000,0.0000,0.0000,0.0000,0.0000,0.0000,0.0000,0.0000,0.0000,0.0000,0.0000,0.0000,0.0000,0.0000,0.0000,0.0000,0.0000","0,14,0,0","17,50,17,17,50,17,50,17,17,17,50,50,17,17,17,17,50,17,17,17,17,17,17,50,50,50,50,50,50,17,17,17,17,17,17,50,50,50,17,17,17,17,17,17,33,33,17,17,50,50,50,50,50,50,50,17,17,17,17,17,50,50,33,17"
939,49.66,42.25,"9.55,13.90,15.18,16.22,17.32,18.19,18.88,19.52,20.03,20.40,20.70,20.95,21.34,22.00,22.35,22.60,22.85,23.06,23.30,23.63,23.95,24.21,24.46,24.60,24.85,25.05,25.24,25.44,25.63,25.80,25.96,26.06,26.20,26.34,26.50,26.66,26.81,26.96,27.10,27.16,27.26,27.36,27.47,27.60,27.72,27.84,27.93,27.99,28.07,28.17,28.26,28.35,28.46,28.56,28.65,28.71,28.75,28.82,28.91,29.01,29.10,29.18,29.23,29.30","0.7162,0.7157,0.7145,0.7052","1.0459,1.0400,0.9824,0.9316,0.0001,0.0001,0.0001,0.0001,0.0000,0.0000,0.0000,0.0000,0.0000,0.0000,0.0000,0.0000,0.0000,0.0000,0.0000,0.0000,0.0000,0.0000,0.0000,0.0000,0.0000,0.0000,0.0000,0.0000,0.0000,0.0000,0.0000,0.0000,0.0000,0.0000,0.0000,0.0000,0.0000,0.0000,0.0000,0.0000,0.0000,0.0000,0.0000,0.0000,0.0000,0.0000,0.0000,0.0000,0.0000,0.0000,0.0000,0.0000,0.0000,0.0000,0.0000,0.0000,0.0000,0.0000,0.0000,0.0000,0.0000,0.0000,0.0000,0.0000","13,5,13,5","58,43,58,43,58,58,43,43,43,43,43,43,58,58,43,58,43,43,58,58,58,43,43,43,58,58,58,58,58,43,43,58,43,58,58,58,58,43,43,58,43,58,58,58,58,43,58,58,43,58,58,58,43,58,43,58,43,58,58,58,43,58,58,43"
940,55.35,45.52,"10.99,15.30,17.30,18.17,19.12,20.20,21.03,21.62,22.36,22.84,23.18,23.53,23.91,24.24,24.56,24.91,25.32,25.64,25.86,26.04,26.19,26.38,26.58,26.82,27.08,27.28,27.49,27.61,27.70,27.80,27.93,28.11,28.23,28.37,28.54,28.64,28.70,28.81,28.92,29.05,29.22,29.35,29.46,29.57,29.64,29.75,29.94,30.06,30.25,30.41,30.52,30.62,30.74,30.84,30.95,31.05,31.20,31.32,31.42,31.51,31.58,31.65,31.72,31.80","0.6187,0.6182,0.6173,0.6162","1.0371,1.0127,1.0059,0.9443,0.0001,0.0001,0.0001,0.0001,0.0000,0.0000,0.0000,0.0000,0.0000,0.0000,0.0000,0.0000,0.0000,0.0000,0.0000,0.0000,0.0000,0.0000,0.0000,0.0000,0.0000,0.0000,0.0000,0.0000,0.0000,0.0000,0.0000,0.0000,0.0000,0.0000,0.0000,0.0000,0.0000,0.0000,0.0000,0.0000,0.0000,0.0000,0.0000,0.0000,0.0000,0.0000,0.0000,0.0000,0.0000,0.0000,0.0000,0.0000,0.0000,0.0000,0.0000,0.0000,0.0000,0.0000,0.0000,0.0000,0.0000,0.0000,0.0000,0.0000","9,9,9,9","25,10,25,25,10,25,25,25,10,10,25,10,10,10,25,25,25,10,10,25,25,10,25,25,25,25,10,10,25,25,10,25,25,10,10,10,25,25,25,25,25,25,10,10,25,10,10,25,10,10,10,10,10,10,25,25,25,10,10,10,10,25,10,25"
941,54.76,45.66,"10.54,14.75,17.58,18.79,19.69,20.75,21.62,22.26,22.92,23.34,23.73,24.11,24.45,24.72,25.10,25.31,25.62,25.91,26.15,26.37,26.63,26.90,27.10,27.50,27.84,28.07,28.23,28.40,28.57,28.77,28.93,29.21,29.47,29.65,29.79,29.92,30.04,30.16,30.29,30.47,30.62,30.76,30.88,30.98,31.07,31.18,31.29,31.40,31.50,31.61,31.71,31.79,31.87,31.95,32.04,32.14,32.23,32.33,32.41,32.48,32.55,32.63,32.69,32.76","0.6816,0.6811,0.6806,0.6787","1.0264,1.0117,1.0000,0.9629,0.0001,0.0001,0.0001,0.0000,0.0000,0.0000,0.0000,0.0000,0.0000,0.0000,0.0000,0.0000,0.0000,0.0000,0.0000,0.0000,0.0000,0.0000,0.0000,0.0000,0.0000,0.0000,0.0000,0.0000,0.0000,0.0000,0.0000,0.0000,0.0000,0.0000,0.0000,0.0000,0.0000,0.0000,0.0000,0.0000,0.0000,0.0000,0.0000,0.0000,0.0000,0.0000,0.0000,0.0000,0.0000,0.0000,0.0000,0.0000,0.0000,0.0000,0.0000,0.0000,0.0000,0.0000,0.0000,0.0000,0.0000,0.0000,0.0000,0.0000","9,9,9,9","17,2,17,17,17,17,17,17,17,17,2,2,17,17,17,17,17,17,17,2,2,17,17,17,17,17,17,2,2,17,17,17,17,17,17,2,2,17,2,17,17,17,17,2,2,2,2,17,17,17,17,17,2,2,2,2,17,17,17,17,17,2,2,2"
942,51.68,40.46,"10.60,16.00,17.42,19.16,19.69,20.72,21.26,21.85,22.37,22.71,22.99,23.28,23.51,23.85,24.13,24.44,24.66,24.88,25.08,25.34,25.55,25.80,26.00,26.21,26.36,26.56,26.70,26.85,26.99,27.13,27.27,27.40,27.52,27.66,27.79,27.91,28.02,28.13,28.25,28.36,28.45,28.57,28.68,28.78,28.88,28.99,29.08,29.18,29.26,29.35,29.43,29.52,29.60,29.68,29.76,29.85,29.92,30.01,30.08,30.16,30.23,30.30,30.36,30.43","0.6436,0.6432,0.6420,0.6371","1.0742,1.0322,0.9717,0.9214,0.0001,0.0001,0.0001,0.0001,0.0000,0.0000,0.0000,0.0000,0.0000,0.0000,0.0000,0.0000,0.0000,0.0000,0.0000,0.0000,0.0000,0.0000,0.0000,0.0000,0.0000,0.0000,0.0000,0.0000,0.0000,0.0000,0.0000,0.0000,0.0000,0.0000,0.0000,0.0000,0.0000,0.0000,0.0000,0.0000,0.0000,0.0000,0.0000,0.0000,0.0000,0.0000,0.0000,0.0000,0.0000,0.0000,0.0000,0.0000,0.0000,0.0000,0.0000,0.0000,0.0000,0.0000,0.0000,0.0000,0.0000,0.0000,0.0000,0.0000","8,8,8,8","18,18,18,18,18,18,18,18,18,18,18,18,18,18,18,18,18,18,18,18,18,18,18,18,18,18,18,18,18,18,18,18,18,18,18,18,18,18,18,18,18,18,18,24,18,18,18,18,18,18,24,18,18,18,18,18,18,18,18,24,18,18,18,18"
943,47.89,39.40,"10.79,14.38,16.09,16.94,17.80,18.67,19.32,19.82,20.21,20.67,21.00,21.36,21.63,21.99,22.38,22.63,22.81,23.12,23.34,23.58,23.79,23.99,24.21,24.40,24.56,24.75,24.94,25.09,25.24,25.36,25.53,25.61,25.70,25.80,25.91,26.07,26.24,26.31,26.39,26.38,26.52,26.74,26.82,26.88,26.93,27.05,27.21,27.51,27.60,27.76,27.85,27.94,28.01,28.04,28.15,28.27,28.28,28.31,28.37,28.45,28.53,28.58,28.62,28.65","0.5947,0.5934,0.5855,0.5846","1.1074,1.0712,0.9238,0.8975,0.0001,0.0001,0.0001,0.0001,0.0000,0.0000,0.0000,0.0000,0.0000,0.0000,0.0000,0.0000,0.0000,0.0000,0.0000,0.0000,0.0000,0.0000,0.0000,0.0000,0.0000,0.0000,0.0000,0.0000,0.0000,0.0000,0.0000,0.0000,0.0000,0.0000,0.0000,0.0000,0.0000,0.0000,0.0000,0.0000,0.0000,0.0000,0.0000,0.0000,0.0000,0.0000,0.0000,0.0000,0.0000,0.0000,0.0000,0.0000,0.0000,0.0000,0.0000,0.0000,0.0000,0.0000,0.0000,0.0000,0.0000,0.0000,0.0000,0.0000","9,9,9,1","17,17,17,17,17,17,17,17,17,17,17,17,17,17,17,17,17,17,17,17,17,17,17,17,17,17,17,17,17,17,17,17,17,17,17,17,17,17,17,19,17,17,17,17,19,17,17,17,17,17,17,17,17,19,17,17,33,19,17,17,17,19,19,19"
944,40.98,38.50,"11.26,13.82,15.68,16.94,18.06,19.03,19.83,20.66,21.10,21.39,21.61,21.84,22.07,22.32,22.56,22.88,23.18,23.38,23.51,23.63,23.78,23.92,24.11,24.34,24.48,24.65,24.79,24.91,25.02,25.14,25.27,25.45,25.55,25.67,25.75,25.83,25.89,25.96,26.02,26.07,26.18,26.33,26.46,26.56,26.61,26.71,26.81,26.88,27.05,27.16,27.23,27.34,27.41,27.51,27.61,27.68,27.87,27.99,28.06,28.10,28.17,28.24,28.30,28.35","0.6880,0.6856,0.6578,0.6538","1.1650,1.0586,0.9688,0.8076,0.0001,0.0001,0.0001,0.0001,0.0000,0.0000,0.0000,0.0000,0.0000,0.0000,0.0000,0.0000,0.0000,0.0000,0.0000,0.0000,0.0000,0.0000,0.0000,0.0000,0.0000,0.0000,0.0000,0.0000,0.0000,0.0000,0.0000,0.0000,0.0000,0.0000,0.0000,0.0000,0.0000,0.0000,0.0000,0.0000,0.0000,0.0000,0.0000,0.0000,0.0000,0.0000,0.0000,0.0000,0.0000,0.0000,0.0000,0.0000,0.0000,0.0000,0.0000,0.0000,0.0000,0.0000,0.0000,0.0000,0.0000,0.0000,0.0000,0.0000","5,5,5,5","26,26,26,26,26,26,26,26,26,26,26,26,26,26,26,26,26,26,26,26,26,26,26,26,26,26,26,26,26,26,26,26,26,26,26,26,26,26,26,26,26,26,26,26,26,26,26,26,26,26,26,26,26,26,26,26,26,26,26,26,26,26,26,26"
945,54.54,41.00,"11.20,15.57,17.62,19.21,20.47,21.31,21.92,22.65,23.02,23.27,23.49,23.73,23.95,24.20,24.30,24.69,24.94,25.17,25.21,25.32,25.43,25.46,25.58,25.76,25.95,26.10,26.19,26.31,26.46,26.60,26.75,26.90,26.94,27.06,27.67,27.80,27.87,27.91,27.93,28.02,28.32,28.46,28.60,28.78,28.90,28.92,28.96,28.97,29.07,29.29,29.53,29.69,29.82,29.90,29.91,29.91,29.94,30.05,30.19,30.26,30.30,30.34,30.34,30.33","0.5289,0.5288,0.5262,0.5205","1.0977,1.0810,0.9761,0.8452,0.0001,0.0001,0.0001,0.0001,0.0000,0.0000,0.0000,0.0000,0.0000,0.0000,0.0000,0.0000,0.0000,0.0000,0.0000,0.0000,0.0000,0.0000,0.0000,0.0000,0.0000,0.0000,0.0000,0.0000,0.0000,0.0000,0.0000,0.0000,0.0000,0.0000,0.0000,0.0000,0.0000,0.0000,0.0000,0.0000,0.0000,0.0000,0.0000,0.0000,0.0000,0.0000,0.0000,0.0000,0.0000,0.0000,0.0000,0.0000,0.0000,0.0000,0.0000,0.0000,0.0000,0.0000,0.0000,0.0000,0.0000,0.0000,0.0000,0.0000","4,4,4,4","25,25,25,25,25,25,25,25,25,25,25,25,25,25,25,25,25,25,9,25,25,9,25,25,25,25,25,25,25,25,25,25,25,25,25,25,25,41,31,25,25,25,25,25,25,9,25,31,25,25,25,25,25,25,25,9,31,25,25,25,25,25,31,9"
946,57.91,43.23,"10.85,15.63,17.82,18.95,19.70,20.48,21.22,22.08,22.78,23.12,23.39,23.60,23.80,23.97,24.19,24.52,25.02,25.29,25.53,25.68,25.78,25.88,26.01,26.16,26.49,26.66,26.80,26.94,27.04,27.13,27.21,27.36,27.49,27.57,27.62,27.72,27.81,27.86,27.92,28.05,28.24,28.38,28.47,28.56,28.62,28.67,29.00,29.12,29.23,29.33,29.41,29.49,29.56,29.62,29.66,29.76,29.92,30.04,30.19,30.37,30.53,30.67,30.79,30.90","0.5176,0.5175,0.5156,0.5133","1.0303,1.0195,1.0107,0.9399,0.0001,0.0001,0.0001,0.0001,0.0000,0.0000,0.0000,0.0000,0.0000,0.0000,0.0000,0.0000,0.0000,0.0000,0.0000,0.0000,0.0000,0.0000,0.0000,0.0000,0.0000,0.0000,0.0000,0.0000,0.0000,0.0000,0.0000,0.0000,0.0000,0.0000,0.0000,0.0000,0.0000,0.0000,0.0000,0.0000,0.0000,0.0000,0.0000,0.0000,0.0000,0.0000,0.0000,0.0000,0.0000,0.0000,0.0000,0.0000,0.0000,0.0000,0.0000,0.0000,0.0000,0.0000,0.0000,0.0000,0.0000,0.0000,0.0000,0.0000","5,5,13,5","32,17,32,32,32,32,32,32,17,17,17,32,32,32,32,32,32,32,17,17,17,32,32,32,32,32,17,17,32,32,17,32,17,32,17,17,17,17,32,32,32,32,17,17,17,17,32,32,32,32,17,17,17,17,32,32,32,32,32,32,32,32,32,32"
947,47.29,40.25,"10.08,14.79,16.51,18.01,18.77,19.50,20.05,20.70,21.22,21.61,21.94,22.20,22.48,22.80,23.04,23.44,23.79,24.00,24.21,24.36,24.52,24.72,24.90,25.14,25.42,25.57,25.73,25.84,25.95,26.09,26.24,26.39,26.64,26.75,26.88,26.96,27.05,27.15,27.27,27.39,27.61,27.70,27.80,27.88,27.95,28.03,28.14,28.23,28.42,28.51,28.61,28.67,28.73,28.80,28.89,28.96,29.14,29.21,29.29,29.36,29.41,29.47,29.54,29.62","0.7076,0.7074,0.7020,0.6827","1.0576,1.0342,0.9736,0.9346,0.0001,0.0001,0.0001,0.0001,0.0000,0.0000,0.0000,0.0000,0.0000,0.0000,0.0000,0.0000,0.0000,0.0000,0.0000,0.0000,0.0000,0.0000,0.0000,0.0000,0.0000,0.0000,0.0000,0.0000,0.0000,0.0000,0.0000,0.0000,0.0000,0.0000,0.0000,0.0000,0.0000,0.0000,0.0000,0.0000,0.0000,0.0000,0.0000,0.0000,0.0000,0.0000,0.0000,0.0000,0.0000,0.0000,0.0000,0.0000,0.0000,0.0000,0.0000,0.0000,0.0000,0.0000,0.0000,0.0000,0.0000,0.0000,0.0000,0.0000","1,1,1,9","33,33,33,33,33,33,33,33,33,33,33,33,33,33,33,33,33,33,33,33,33,33,33,33,33,33,33,33,33,33,33,33,33,33,33,33,33,33,33,33,33,33,33,33,33,33,33,33,33,33,33,33,33,33,33,33,33,33,33,33,33,33,33,33"
948,32.60,30.14,"10.85,12.65,14.25,15.47,16.40,17.11,17.68,18.13,18.53,18.80,18.97,19.12,19.26,19.41,19.60,20.09,20.28,20.58,20.81,21.00,21.16,21.31,21.47,21.64,21.82,21.99,22.15,22.28,22.40,22.52,22.64,22.76,22.90,23.01,23.15,23.24,23.33,23.40,23.49,23.59,23.68,23.78,23.84,23.93,23.99,24.05,24.11,24.20,24.26,24.34,24.38,24.45,24.49,24.55,24.64,24.66,24.75,24.81,24.84,24.84,24.88,24.92,24.98,25.01","1.0489,1.0469,0.9598,0.6358","1.5371,1.2324,1.2305,0.0001,0.0001,0.0001,0.0000,0.0000,0.0000,0.0000,0.0000,0.0000,0.0000,0.0000,0.0000,0.0000,0.0000,0.0000,0.0000,0.0000,0.0000,0.0000,0.0000,0.0000,0.0000,0.0000,0.0000,0.0000,0.0000,0.0000,0.0000,0.0000,0.0000,0.0000,0.0000,0.0000,0.0000,0.0000,0.0000,0.0000,0.0000,0.0000,0.0000,0.0000,0.0000,0.0000,0.0000,0.0000,0.0000,0.0000,0.0000,0.0000,0.0000,0.0000,0.0000,0.0000,0.0000,0.0000,0.0000,0.0000,0.0000,0.0000,0.0000,0.0000","1,1,1,1","24,24,24,24,24,24,24,24,24,24,24,24,24,24,24,24,24,24,24,24,24,24,24,24,24,24,24,24,24,24,24,24,24,24,24,24,24,24,24,24,24,24,24,24,24,24,24,24,24,24,24,24,24,24,24,24,24,24,41,24,41,24,24,24"
949,49.08,41.01,"11.25,15.92,17.79,18.94,19.86,20.55,20.90,21.37,21.90,22.23,22.45,23.03,23.40,23.75,23.91,23.93,24.21,24.55,24.86,25.03,25.21,25.41,25.60,25.89,26.11,26.31,26.47,26.58,26.71,26.82,26.97,27.07,27.18,27.29,27.37,27.43,27.47,27.72,27.79,28.03,28.17,28.32,28.41,28.54,28.69,28.78,28.87,28.95,29.05,29.13,29.26,29.31,29.46,29.58,29.59,29.59,29.69,29.76,29.89,29.99,30.06,30.11,30.14,30.17","0.6534,0.6532,0.6470,0.6327","1.0547,1.0332,0.9971,0.9145,0.0001,0.0001,0.0001,0.0001,0.0000,0.0000,0.0000,0.0000,0.0000,0.0000,0.0000,0.0000,0.0000,0.0000,0.0000,0.0000,0.0000,0.0000,0.0000,0.0000,0.0000,0.0000,0.0000,0.0000,0.0000,0.0000,0.0000,0.0000,0.0000,0.0000,0.0000,0.0000,0.0000,0.0000,0.0000,0.0000,0.0000,0.0000,0.0000,0.0000,0.0000,0.0000,0.0000,0.0000,0.0000,0.0000,0.0000,0.0000,0.0000,0.0000,0.0000,0.0000,0.0000,0.0000,0.0000,0.0000,0.0000,0.0000,0.0000,0.0000","4,4,4,4","25,57,25,25,25,25,25,25,57,57,25,25,25,25,25,31,25,25,25,25,25,25,25,25,57,25,57,57,25,25,25,25,57,57,57,57,57,25,25,25,25,25,25,25,25,25,25,25,25,57,25,25,25,25,31,57,25,57,25,25,25,25,25,57"
950,44.10,39.13,"10.86,12.94,14.45,15.48,16.40,17.22,17.95,18.45,19.01,19.46,19.84,20.16,20.41,20.67,20.94,21.20,21.54,21.78,21.98,22.17,22.33,22.48,22.65,22.83,23.04,23.16,23.34,23.34,23.36,23.36,23.37,23.45,23.63,23.82,23.97,24.06,24.20,24.29,24.40,24.52,24.65,24.76,24.87,24.95,25.04,25.13,25.22,25.32,25.42,25.51,25.59,25.67,25.75,25.82,25.90,25.98,26.07,26.15,26.21,26.29,26.35,26.41,26.48,26.55","0.6338,0.6288,0.6273,0.6035","1.1240,1.0635,1.0098,0.8017,0.0001,0.0001,0.0001,0.0001,0.0000,0.0000,0.0000,0.0000,0.0000,0.0000,0.0000,0.0000,0.0000,0.0000,0.0000,0.0000,0.0000,0.0000,0.0000,0.0000,0.0000,0.0000,0.0000,0.0000,0.0000,0.0000,0.0000,0.0000,0.0000,0.0000,0.0000,0.0000,0.0000,0.0000,0.0000,0.0000,0.0000,0.0000,0.0000,0.0000,0.0000,0.0000,0.0000,0.0000,0.0000,0.0000,0.0000,0.0000,0.0000,0.0000,0.0000,0.0000,0.0000,0.0000,0.0000,0.0000,0.0000,0.0000,0.0000,0.0000","0,0,0,0","32,26,32,32,32,32,32,32,32,26,26,26,26,32,32,32,32,32,26,26,26,32,32,32,32,26,32,48,48,48,48,32,32,32,32,26,26,32,32,32,32,32,32,26,26,26,32,32,32,32,26,26,26,26,26,32,32,32,32,26,26,26,32,26"
953,88.84,54.09,"11.04,18.05,23.09,26.61,27.93,29.18,29.94,30.79,31.35,32.06,32.53,32.84,33.01,33.43,33.85,34.34,34.71,35.11,35.35,35.50,35.68,35.92,36.17,36.38,36.64,36.86,37.00,37.11,37.24,37.40,37.57,37.69,37.86,38.00,38.10,38.18,38.26,38.38,38.50,38.58,38.70,38.81,38.88,38.94,38.99,39.07,39.16,39.23,39.32,39.40,39.46,39.50,39.56,39.62,39.68,39.74,39.82,39.89,39.95,40.12,40.22,40.31,40.36,40.40","0.4304,0.4304,0.4304,0.4300","1.0058,1.0029,0.9961,0.9951,0.0001,0.0001,0.0001,0.0001,0.0000,0.0000,0.0000,0.0000,0.0000,0.0000,0.0000,0.0000,0.0000,0.0000,0.0000,0.0000,0.0000,0.0000,0.0000,0.0000,0.0000,0.0000,0.0000,0.0000,0.0000,0.0000,0.0000,0.0000,0.0000,0.0000,0.0000,0.0000,0.0000,0.0000,0.0000,0.0000,0.0000,0.0000,0.0000,0.0000,0.0000,0.0000,0.0000,0.0000,0.0000,0.0000,0.0000,0.0000,0.0000,0.0000,0.0000,0.0000,0.0000,0.0000,0.0000,0.0000,0.0000,0.0000,0.0000,0.0000","9,9,9,9","24,24,38,24,24,24,24,24,24,24,24,24,38,24,24,24,24,24,24,24,24,24,24,24,24,24,24,24,24,24,24,24,24,24,24,24,24,24,24,38,24,24,24,38,24,24,38,38,24,24,24,38,24,24,38,24,24,24,24,24,24,24,24,24"
954,82.32,52.53,"11.01,18.98,24.88,28.59,29.50,29.76,30.00,30.32,31.07,31.57,32.07,32.60,33.20,33.55,33.73,33.92,34.35,34.61,34.88,35.20,35.46,35.72,35.87,36.01,36.29,36.47,36.64,36.85,37.03,37.21,37.35,37.45,37.64,37.77,37.90,38.07,38.20,38.34,38.45,38.52,38.66,38.77,38.88,39.01,39.11,39.22,39.29,39.34,39.46,39.54,39.64,39.73,39.81,39.90,39.97,40.01,40.10,40.18,40.26,40.34,40.41,40.47,40.53,40.56","0.4593,0.4591,0.4590,0.4588","1.0058,1.0029,0.9961,0.9951,0.0001,0.0001,0.0001,0.0001,0.0000,0.0000,0.0000,0.0000,0.0000,0.0000,0.0000,0.0000,0.0000,0.0000,0.0000,0.0000,0.0000,0.0000,0.0000,0.0000,0.0000,0.0000,0.0000,0.0000,0.0000,0.0000,0.0000,0.0000,0.0000,0.0000,0.0000,0.0000,0.0000,0.0000,0.0000,0.0000,0.0000,0.0000,0.0000,0.0000,0.0000,0.0000,0.0000,0.0000,0.0000,0.0000,0.0000,0.0000,0.0000,0.0000,0.0000,0.0000,0.0000,0.0000,0.0000,0.0000,0.0000,0.0000,0.0000,0.0000","9,1,9,1","32,32,32,32,32,32,32,32,32,32,32,32,32,32,32,32,32,32,32,32,32,32,32,32,32,32,32,32,32,32,32,32,32,32,32,32,32,32,32,32,32,32,32,32,32,32,32,32,32,32,32,32,32,32,32,32,32,32,32,32,32,32,32,32"
955,50.97,40.96,"11.26,14.18,16.11,17.32,18.57,19.70,20.46,20.73,21.64,21.96,22.24,22.52,22.85,23.11,23.31,23.40,24.09,24.39,24.44,24.56,24.79,24.92,24.97,25.04,25.54,25.83,25.83,25.88,26.06,26.13,26.15,26.29,26.70,26.85,26.87,26.95,27.09,27.11,27.12,27.29,27.59,27.69,27.72,27.82,27.91,27.91,27.93,28.14,28.35,28.42,28.47,28.55,28.60,28.61,28.66,28.87,29.05,29.10,29.14,29.22,29.26,29.26,29.33,29.54","0.8067,0.8057,0.8047,0.8040","1.0586,1.0459,0.9614,0.9341,0.0001,0.0001,0.0001,0.0001,0.0000,0.0000,0.0000,0.0000,0.0000,0.0000,0.0000,0.0000,0.0000,0.0000,0.0000,0.0000,0.0000,0.0000,0.0000,0.0000,0.0000,0.0000,0.0000,0.0000,0.0000,0.0000,0.0000,0.0000,0.0000,0.0000,0.0000,0.0000,0.0000,0.0000,0.0000,0.0000,0.0000,0.0000,0.0000,0.0000,0.0000,0.0000,0.0000,0.0000,0.0000,0.0000,0.0000,0.0000,0.0000,0.0000,0.0000,0.0000,0.0000,0.0000,0.0000,0.0000,0.0000,0.0000,0.0000,0.0000","4,4,10,4","32,32,32,32,32,32,32,32,32,32,32,32,32,32,32,32,32,32,32,32,32,32,32,32,32,32,25,32,32,32,38,32,32,32,32,32,32,32,25,32,32,32,32,32,32,38,38,32,32,32,32,32,32,38,32,32,32,32,32,32,32,38,32,32"
956,55.21,46.78,"9.88,14.35,17.18,19.09,20.37,21.47,22.31,22.61,23.25,23.70,24.26,24.74,25.10,25.52,25.84,25.99,26.37,26.63,26.96,27.23,27.43,27.68,27.90,27.97,28.23,28.41,28.63,28.81,28.95,29.14,29.30,29.33,29.52,29.64,29.81,29.95,30.06,30.21,30.32,30.37,30.50,30.60,30.73,30.85,30.94,31.07,31.16,31.53,31.63,31.81,31.92,32.02,32.11,32.23,32.31,32.54,32.64,32.74,32.83,32.90,32.99,33.09,33.17,33.27","0.7623,0.7619,0.7617,0.7597","1.0146,1.0108,1.0019,0.9727,0.0001,0.0001,0.0001,0.0001,0.0000,0.0000,0.0000,0.0000,0.0000,0.0000,0.0000,0.0000,0.0000,0.0000,0.0000,0.0000,0.0000,0.0000,0.0000,0.0000,0.0000,0.0000,0.0000,0.0000,0.0000,0.0000,0.0000,0.0000,0.0000,0.0000,0.0000,0.0000,0.0000,0.0000,0.0000,0.0000,0.0000,0.0000,0.0000,0.0000,0.0000,0.0000,0.0000,0.0000,0.0000,0.0000,0.0000,0.0000,0.0000,0.0000,0.0000,0.0000,0.0000,0.0000,0.0000,0.0000,0.0000,0.0000,0.0000,0.0000","9,0,9,0","24,24,24,24,24,24,24,24,24,24,24,24,24,24,24,24,24,24,24,24,24,24,24,24,24,24,24,24,24,24,24,24,24,24,24,24,24,24,24,24,24,24,24,24,24,24,24,24,24,24,24,24,24,24,24,24,24,24,24,24,24,24,24,24"
957,37.71,37.18,"10.28,15.08,16.91,18.00,18.66,19.19,19.63,19.97,20.38,20.66,20.95,21.40,21.58,22.01,22.28,22.45,22.67,22.82,23.05,23.18,23.30,23.51,23.69,23.81,24.01,24.10,24.28,24.39,24.57,24.69,24.78,24.86,25.01,25.06,25.20,25.30,25.46,25.57,25.68,25.73,25.83,25.95,26.06,26.14,26.24,26.30,26.34,26.37,26.40,26.53,26.63,26.66,26.72,26.74,26.82,26.84,26.93,27.02,27.05,27.11,27.14,27.26,27.29,27.33","0.9679,0.9677,0.9093,0.6727","1.3311,0.9307,0.8877,0.8506,0.0001,0.0001,0.0001,0.0001,0.0000,0.0000,0.0000,0.0000,0.0000,0.0000,0.0000,0.0000,0.0000,0.0000,0.0000,0.0000,0.0000,0.0000,0.0000,0.0000,0.0000,0.0000,0.0000,0.0000,0.0000,0.0000,0.0000,0.0000,0.0000,0.0000,0.0000,0.0000,0.0000,0.0000,0.0000,0.0000,0.0000,0.0000,0.0000,0.0000,0.0000,0.0000,0.0000,0.0000,0.0000,0.0000,0.0000,0.0000,0.0000,0.0000,0.0000,0.0000,0.0000,0.0000,0.0000,0.0000,0.0000,0.0000,0.0000,0.0000","4,10,4,4","30,24,30,24,24,30,30,30,30,30,30,24,24,30,30,24,30,30,24,30,30,30,24,24,30,30,24,24,30,30,24,30,30,30,24,30,30,30,24,24,30,30,24,30,24,30,30,30,24,30,30,24,30,30,30,30,30,30,30,24,30,30,30,24"
968,27.03,24.55,"10.20,11.60,12.52,13.26,14.09,14.88,15.57,16.15,16.48,16.73,16.91,17.07,17.26,17.49,17.76,18.05,18.23,18.38,18.49,18.58,18.69,18.83,19.00,19.19,19.32,19.42,19.50,19.56,19.64,19.75,19.87,20.02,20.11,20.19,20.24,20.30,20.36,20.45,20.55,20.66,20.74,20.79,20.84,20.88,20.94,21.01,21.10,21.19,21.25,21.30,21.33,21.38,21.42,21.48,21.56,21.63,21.68,21.73,21.76,21.79,21.84,21.89,21.95,22.02","1.4550,1.4413,1.1035,0.0001","1.6455,1.6191,0.7349,0.0001,0.0001,0.0001,0.0001,0.0000,0.0000,0.0000,0.0000,0.0000,0.0000,0.0000,0.0000,0.0000,0.0000,0.0000,0.0000,0.0000,0.0000,0.0000,0.0000,0.0000,0.0000,0.0000,0.0000,0.0000,0.0000,0.0000,0.0000,0.0000,0.0000,0.0000,0.0000,0.0000,0.0000,0.0000,0.0000,0.0000,0.0000,0.0000,0.0000,0.0000,0.0000,0.0000,0.0000,0.0000,0.0000,0.0000,0.0000,0.0000,0.0000,0.0000,0.0000,0.0000,0.0000,0.0000,0.0000,0.0000,0.0000,0.0000,0.0000,0.0000","8,8,8,8","31,31,31,31,31,31,31,31,31,31,31,31,31,31,31,31,31,31,31,31,31,31,31,31,31,31,31,31,31,31,31,31,31,31,31,31,31,31,31,31,31,31,31,31,31,31,31,31,31,31,31,31,31,31,31,31,31,31,31,31,31,31,31,31"
969,25.59,21.84,"9.11,10.57,11.69,12.57,13.26,13.77,14.11,14.31,14.48,14.63,14.79,15.00,15.22,15.42,15.56,15.65,15.78,15.87,15.97,16.10,16.24,16.36,16.44,16.51,16.59,16.66,16.74,16.84,16.94,17.02,17.07,17.14,17.20,17.25,17.33,17.41,17.48,17.53,17.59,17.65,17.69,17.74,17.81,17.87,17.93,17.98,18.02,18.10,18.13,18.18,18.24,18.29,18.33,18.37,18.42,18.50,18.54,18.59,18.64,18.68,18.72,18.75,18.81,18.89","1.1621,1.0517,0.9500,0.8355","1.6953,1.4756,0.8296,0.0001,0.0001,0.0001,0.0001,0.0000,0.0000,0.0000,0.0000,0.0000,0.0000,0.0000,0.0000,0.0000,0.0000,0.0000,0.0000,0.0000,0.0000,0.0000,0.0000,0.0000,0.0000,0.0000,0.0000,0.0000,0.0000,0.0000,0.0000,0.0000,0.0000,0.0000,0.0000,0.0000,0.0000,0.0000,0.0000,0.0000,0.0000,0.0000,0.0000,0.0000,0.0000,0.0000,0.0000,0.0000,0.0000,0.0000,0.0000,0.0000,0.0000,0.0000,0.0000,0.0000,0.0000,0.0000,0.0000,0.0000,0.0000,0.0000,0.0000,0.0000","8,8,8,8","30,30,30,30,30,30,30,30,30,30,30,30,30,30,30,30,30,30,30,30,30,30,30,30,30,30,30,30,30,30,30,30,30,30,30,30,30,30,30,30,30,30,30,30,30,30,30,30,30,30,30,30,30,30,30,30,30,30,30,30,30,30,30,30"
970,24.58,21.60,"11.42,12.59,13.32,13.86,14.26,14.58,14.86,15.15,15.37,15.55,15.71,15.86,16.01,16.19,16.37,16.57,16.73,16.84,16.93,17.02,17.12,17.24,17.37,17.52,17.64,17.72,17.78,17.85,17.92,18.01,18.11,18.24,18.32,18.39,18.44,18.49,18.55,18.61,18.71,18.82,18.88,18.94,18.97,19.01,19.06,19.12,19.20,19.30,19.35,19.39,19.43,19.47,19.50,19.57,19.63,19.72,19.77,19.80,19.83,19.86,19.90,19.94,20.01,20.09","1.4531,1.3223,1.2246,0.0001","1.7148,1.4961,0.7891,0.0001,0.0001,0.0001,0.0000,0.0000,0.0000,0.0000,0.0000,0.0000,0.0000,0.0000,0.0000,0.0000,0.0000,0.0000,0.0000,0.0000,0.0000,0.0000,0.0000,0.0000,0.0000,0.0000,0.0000,0.0000,0.0000,0.0000,0.0000,0.0000,0.0000,0.0000,0.0000,0.0000,0.0000,0.0000,0.0000,0.0000,0.0000,0.0000,0.0000,0.0000,0.0000,0.0000,0.0000,0.0000,0.0000,0.0000,0.0000,0.0000,0.0000,0.0000,0.0000,0.0000,0.0000,0.0000,0.0000,0.0000,0.0000,0.0000,0.0000,0.0000","12,4,12,12","39,39,39,39,39,39,39,39,39,39,39,39,39,39,39,39,39,39,39,39,39,39,39,39,39,39,39,39,39,39,39,39,39,39,39,39,39,39,39,39,39,39,39,39,39,39,39,39,39,39,39,39,39,39,39,39,39,39,39,39,39,39,39,39"
971,24.67,21.06,"10.57,11.79,12.56,13.13,13.57,13.91,14.17,14.37,14.49,14.62,14.77,14.93,15.08,15.22,15.35,15.47,15.57,15.65,15.74,15.84,15.94,16.04,16.14,16.24,16.31,16.37,16.43,16.51,16.59,16.67,16.75,16.85,16.91,16.94,17.00,17.07,17.13,17.20,17.28,17.38,17.42,17.45,17.51,17.56,17.62,17.68,17.76,17.87,17.89,17.93,17.98,18.03,18.09,18.14,18.21,18.33,18.35,18.38,18.43,18.48,18.52,18.58,18.65,18.76","1.4364,1.2908,1.2726,0.0001","1.7862,1.5002,0.7139,0.0001,0.0001,0.0001,0.0000,0.0000,0.0000,0.0000,0.0000,0.0000,0.0000,0.0000,0.0000,0.0000,0.0000,0.0000,0.0000,0.0000,0.0000,0.0000,0.0000,0.0000,0.0000,0.0000,0.0000,0.0000,0.0000,0.0000,0.0000,0.0000,0.0000,0.0000,0.0000,0.0000,0.0000,0.0000,0.0000,0.0000,0.0000,0.0000,0.0000,0.0000,0.0000,0.0000,0.0000,0.0000,0.0000,0.0000,0.0000,0.0000,0.0000,0.0000,0.0000,0.0000,0.0000,0.0000,0.0000,0.0000,0.0000,0.0000,0.0000,0.0000","12,5,12,12","30,30,30,30,30,30,30,30,30,30,30,30,30,30,30,30,30,30,30,30,30,30,30,30,30,30,30,30,30,30,30,30,30,30,30,30,30,30,30,30,30,30,30,30,30,30,30,30,30,30,30,30,30,30,30,30,30,30,30,30,30,30,30,30"
972,38.70,31.33,"10.36,11.68,12.56,13.23,13.92,14.76,15.55,16.21,16.47,16.70,16.89,17.05,17.24,17.50,17.82,18.15,18.30,18.43,18.53,18.63,18.75,18.92,19.13,19.34,19.45,19.53,19.61,19.68,19.77,19.90,20.06,20.21,20.29,20.36,20.41,20.47,20.55,20.65,20.78,20.90,20.96,21.01,21.05,21.11,21.18,21.27,21.37,21.47,21.52,21.56,21.59,21.64,21.70,21.79,21.87,21.95,21.99,22.02,22.04,22.09,22.15,22.23,22.29,22.36","0.8443,0.8416,0.8279,0.7778","1.1367,1.0996,0.9478,0.8159,0.0001,0.0001,0.0001,0.0000,0.0000,0.0000,0.0000,0.0000,0.0000,0.0000,0.0000,0.0000,0.0000,0.0000,0.0000,0.0000,0.0000,0.0000,0.0000,0.0000,0.0000,0.0000,0.0000,0.0000,0.0000,0.0000,0.0000,0.0000,0.0000,0.0000,0.0000,0.0000,0.0000,0.0000,0.0000,0.0000,0.0000,0.0000,0.0000,0.0000,0.0000,0.0000,0.0000,0.0000,0.0000,0.0000,0.0000,0.0000,0.0000,0.0000,0.0000,0.0000,0.0000,0.0000,0.0000,0.0000,0.0000,0.0000,0.0000,0.0000","8,0,8,8","30,30,30,30,30,30,30,30,30,30,30,30,30,30,30,30,30,30,30,30,30,30,30,30,30,30,30,30,30,30,30,30,30,30,30,30,30,30,30,30,30,30,30,30,30,30,30,30,30,30,30,30,30,30,30,30,30,30,30,30,30,30,30,30"
973,40.33,35.10,"9.21,13.33,15.19,16.23,17.07,17.86,18.45,18.88,19.29,19.63,19.89,20.22,20.53,20.81,21.05,21.26,21.44,21.61,21.78,21.97,22.15,22.33,22.49,22.63,22.76,22.88,23.01,23.16,23.29,23.41,23.53,23.63,23.73,23.83,23.94,24.06,24.16,24.24,24.33,24.42,24.50,24.59,24.68,24.76,24.84,24.90,24.98,25.05,25.13,25.20,25.28,25.34,25.39,25.45,25.51,25.57,25.63,25.69,25.75,25.81,25.85,25.90,25.95,26.00","0.8159,0.8155,0.7620,0.7496","1.1251,1.0430,0.9214,0.9111,0.0001,0.0001,0.0001,0.0001,0.0000,0.0000,0.0000,0.0000,0.0000,0.0000,0.0000,0.0000,0.0000,0.0000,0.0000,0.0000,0.0000,0.0000,0.0000,0.0000,0.0000,0.0000,0.0000,0.0000,0.0000,0.0000,0.0000,0.0000,0.0000,0.0000,0.0000,0.0000,0.0000,0.0000,0.0000,0.0000,0.0000,0.0000,0.0000,0.0000,0.0000,0.0000,0.0000,0.0000,0.0000,0.0000,0.0000,0.0000,0.0000,0.0000,0.0000,0.0000,0.0000,0.0000,0.0000,0.0000,0.0000,0.0000,0.0000,0.0000","11,0,11,0","31,57,31,31,57,31,57,31,57,57,57,31,31,57,31,57,57,57,31,31,31,57,57,57,57,57,31,31,31,57,57,57,57,57,31,31,31,31,57,57,57,57,31,31,31,57,57,57,57,31,31,31,31,57,57,57,57,57,31,31,31,57,57,57"
974,40.88,38.54,"11.28,12.63,13.81,14.78,15.70,16.47,17.11,17.64,18.04,18.28,18.45,18.61,18.81,19.07,19.33,19.59,19.82,19.96,20.10,20.23,20.39,20.53,20.70,20.80,20.94,21.05,21.14,21.27,21.36,21.49,21.63,21.69,21.81,21.92,22.01,22.10,22.18,22.28,22.43,22.70,22.83,22.91,23.03,23.13,23.19,23.31,23.43,23.68,23.77,23.87,23.97,24.08,24.15,24.24,24.35,24.51,24.59,24.67,24.78,24.88,24.91,24.97,25.09,25.11","0.8798,0.8760,0.8738,0.8608","1.0654,1.0224,1.0107,0.9018,0.0001,0.0001,0.0001,0.0001,0.0000,0.0000,0.0000,0.0000,0.0000,0.0000,0.0000,0.0000,0.0000,0.0000,0.0000,0.0000,0.0000,0.0000,0.0000,0.0000,0.0000,0.0000,0.0000,0.0000,0.0000,0.0000,0.0000,0.0000,0.0000,0.0000,0.0000,0.0000,0.0000,0.0000,0.0000,0.0000,0.0000,0.0000,0.0000,0.0000,0.0000,0.0000,0.0000,0.0000,0.0000,0.0000,0.0000,0.0000,0.0000,0.0000,0.0000,0.0000,0.0000,0.0000,0.0000,0.0000,0.0000,0.0000,0.0000,0.0000","4,4,12,4","56,56,56,56,56,56,56,56,56,56,56,56,56,56,56,56,56,56,56,56,56,56,56,56,56,56,56,56,56,56,56,56,56,56,56,56,56,56,56,56,56,56,56,56,56,56,56,56,56,56,56,56,56,56,56,56,56,56,56,56,56,56,56,2"
975,28.01,29.21,"10.75,12.57,14.21,15.47,16.45,17.23,17.87,18.39,18.75,19.03,19.19,19.34,19.53,19.76,20.01,20.25,20.44,20.59,20.70,20.79,20.90,21.03,21.19,21.35,21.49,21.59,21.67,21.73,21.81,21.90,22.02,22.15,22.25,22.33,22.39,22.44,22.50,22.58,22.67,22.78,22.86,22.92,22.97,23.01,23.06,23.13,23.21,23.30,23.37,23.42,23.46,23.50,23.54,23.59,23.67,23.75,23.81,23.85,23.89,23.92,23.96,24.01,24.07,24.15","1.7422,1.7352,0.5221,0.0001","1.4453,1.4180,1.1367,0.0001,0.0001,0.0001,0.0000,0.0000,0.0000,0.0000,0.0000,0.0000,0.0000,0.0000,0.0000,0.0000,0.0000,0.0000,0.0000,0.0000,0.0000,0.0000,0.0000,0.0000,0.0000,0.0000,0.0000,0.0000,0.0000,0.0000,0.0000,0.0000,0.0000,0.0000,0.0000,0.0000,0.0000,0.0000,0.0000,0.0000,0.0000,0.0000,0.0000,0.0000,0.0000,0.0000,0.0000,0.0000,0.0000,0.0000,0.0000,0.0000,0.0000,0.0000,0.0000,0.0000,0.0000,0.0000,0.0000,0.0000,0.0000,0.0000,0.0000,0.0000","1,1,1,1","32,32,32,32,32,32,32,32,32,32,32,32,32,32,32,32,32,32,32,32,32,32,32,32,32,32,32,32,32,32,32,32,32,32,32,32,32,32,32,32,32,32,32,32,32,32,32,32,32,32,32,32,32,32,32,32,32,32,32,32,32,32,32,32"
976,49.12,38.82,"11.66,13.28,14.52,15.51,16.43,17.22,17.86,18.42,18.83,19.07,19.25,19.40,19.57,19.80,20.05,20.37,20.58,20.73,20.87,20.97,21.07,21.19,21.35,21.58,21.71,21.82,21.89,21.96,22.04,22.19,22.36,22.48,22.58,22.69,22.76,22.84,22.90,22.97,23.10,23.20,23.30,23.36,23.42,23.47,23.53,23.59,23.70,23.73,23.79,23.85,23.86,23.87,23.90,23.97,24.00,24.18,24.19,24.23,24.24,24.44,24.54,24.65,24.78,24.91","0.4971,0.4916,0.4814,0.4786","1.0361,1.0293,0.9815,0.9536,0.0001,0.0001,0.0001,0.0000,0.0000,0.0000,0.0000,0.0000,0.0000,0.0000,0.0000,0.0000,0.0000,0.0000,0.0000,0.0000,0.0000,0.0000,0.0000,0.0000,0.0000,0.0000,0.0000,0.0000,0.0000,0.0000,0.0000,0.0000,0.0000,0.0000,0.0000,0.0000,0.0000,0.0000,0.0000,0.0000,0.0000,0.0000,0.0000,0.0000,0.0000,0.0000,0.0000,0.0000,0.0000,0.0000,0.0000,0.0000,0.0000,0.0000,0.0000,0.0000,0.0000,0.0000,0.0000,0.0000,0.0000,0.0000,0.0000,0.0000","0,0,0,0","56,56,56,56,56,56,56,56,56,56,56,56,56,56,56,56,56,56,56,56,56,56,56,56,56,56,56,56,56,56,56,56,56,56,56,56,56,56,56,56,56,56,56,56,56,56,56,56,56,56,8,56,56,56,56,56,56,56,24,56,56,56,56,56"
977,41.67,40.22,"9.06,10.56,11.94,13.06,13.95,14.65,15.22,15.85,16.32,16.60,16.82,17.04,17.25,17.47,17.72,18.07,18.37,18.54,18.68,18.81,18.94,19.07,19.22,19.45,19.68,19.82,19.91,20.00,20.10,20.19,20.30,20.46,20.66,20.77,20.84,20.92,20.99,21.07,21.15,21.27,21.44,21.53,21.60,21.66,21.73,21.79,21.85,21.94,22.10,22.18,22.24,22.29,22.35,22.40,22.45,22.52,22.66,22.74,22.79,22.84,22.89,22.93,22.97,23.03","0.8463,0.8457,0.8438,0.6572","1.1767,1.1035,1.0625,0.6572,0.0001,0.0001,0.0001,0.0000,0.0000,0.0000,0.0000,0.0000,0.0000,0.0000,0.0000,0.0000,0.0000,0.0000,0.0000,0.0000,0.0000,0.0000,0.0000,0.0000,0.0000,0.0000,0.0000,0.0000,0.0000,0.0000,0.0000,0.0000,0.0000,0.0000,0.0000,0.0000,0.0000,0.0000,0.0000,0.0000,0.0000,0.0000,0.0000,0.0000,0.0000,0.0000,0.0000,0.0000,0.0000,0.0000,0.0000,0.0000,0.0000,0.0000,0.0000,0.0000,0.0000,0.0000,0.0000,0.0000,0.0000,0.0000,0.0000,0.0000","0,8,8,0","16,18,16,16,16,16,16,18,16,16,16,18,16,16,16,18,18,16,16,18,16,18,16,18,18,16,16,16,18,16,16,18,18,16,18,16,18,16,16,18,18,16,18,16,18,16,16,18,18,16,18,16,18,16,16,16,18,16,18,16,18,16,16,18"
978,53.84,44.89,"10.35,17.31,19.38,20.64,21.69,22.58,23.43,24.07,24.50,25.01,25.45,25.75,26.01,26.28,26.62,26.99,27.33,27.58,27.76,27.91,28.06,28.24,28.50,28.74,28.94,29.09,29.22,29.38,29.49,29.62,29.77,29.94,30.10,30.22,30.33,30.45,30.54,30.64,30.75,30.87,31.04,31.16,31.25,31.32,31.44,31.52,31.61,31.72,31.83,31.93,32.00,32.06,32.15,32.27,32.34,32.42,32.51,32.60,32.67,32.69,32.74,32.84,32.95,33.02","0.6822,0.6820,0.6803,0.6782","1.0332,1.0274,0.9868,0.9516,0.0001,0.0001,0.0001,0.0001,0.0000,0.0000,0.0000,0.0000,0.0000,0.0000,0.0000,0.0000,0.0000,0.0000,0.0000,0.0000,0.0000,0.0000,0.0000,0.0000,0.0000,0.0000,0.0000,0.0000,0.0000,0.0000,0.0000,0.0000,0.0000,0.0000,0.0000,0.0000,0.0000,0.0000,0.0000,0.0000,0.0000,0.0000,0.0000,0.0000,0.0000,0.0000,0.0000,0.0000,0.0000,0.0000,0.0000,0.0000,0.0000,0.0000,0.0000,0.0000,0.0000,0.0000,0.0000,0.0000,0.0000,0.0000,0.0000,0.0000","9,9,9,9","25,58,25,25,25,58,25,25,25,58,58,58,25,58,58,25,25,25,25,25,25,58,58,25,25,25,58,58,25,25,25,58,25,25,25,58,58,25,25,25,58,58,25,25,58,58,25,25,25,25,25,25,58,58,25,25,25,58,58,25,25,58,58,25"
979,60.89,47.94,"10.42,13.28,15.18,15.97,16.92,17.60,18.29,19.04,19.59,20.14,20.49,20.82,21.13,21.37,21.70,22.00,22.29,22.56,22.82,23.04,23.27,23.38,23.55,23.75,24.02,24.15,24.31,24.54,24.61,24.80,24.90,25.02,25.10,25.26,25.39,25.50,25.67,25.73,25.84,25.95,26.06,26.13,26.23,26.38,26.42,26.58,26.66,26.70,26.82,26.85,27.00,27.15,27.24,27.34,27.40,27.47,27.60,27.68,27.74,27.73,27.78,27.76,27.79,27.79","0.5874,0.5870,0.5865,0.5830","1.0264,1.0146,1.0039,0.9546,0.0001,0.0001,0.0001,0.0001,0.0000,0.0000,0.0000,0.0000,0.0000,0.0000,0.0000,0.0000,0.0000,0.0000,0.0000,0.0000,0.0000,0.0000,0.0000,0.0000,0.0000,0.0000,0.0000,0.0000,0.0000,0.0000,0.0000,0.0000,0.0000,0.0000,0.0000,0.0000,0.0000,0.0000,0.0000,0.0000,0.0000,0.0000,0.0000,0.0000,0.0000,0.0000,0.0000,0.0000,0.0000,0.0000,0.0000,0.0000,0.0000,0.0000,0.0000,0.0000,0.0000,0.0000,0.0000,0.0000,0.0000,0.0000,0.0000,0.0000","4,4,10,4","26,16,26,16,26,26,26,26,16,16,16,16,26,16,26,26,26,16,16,26,16,16,26,26,16,16,16,16,26,16,26,26,16,16,16,26,16,16,16,16,16,26,16,16,16,16,26,16,16,16,26,16,16,16,16,16,16,16,16,32,16,32,16,32"
980,54.08,44.72,"11.12,13.69,15.85,17.00,17.78,18.66,19.47,20.23,20.96,21.21,21.53,21.78,22.36,22.59,22.94,23.28,23.56,23.81,23.96,24.25,24.38,24.54,24.72,24.88,25.13,25.52,25.75,25.91,26.01,26.14,26.32,26.50,26.62,26.73,26.87,26.96,27.05,27.14,27.20,27.35,27.53,27.63,27.81,28.00,28.10,28.19,28.29,28.41,28.47,28.63,28.75,28.84,28.95,29.01,29.10,29.19,29.35,29.48,29.59,29.67,29.75,29.81,29.88,29.97","0.6528,0.6524,0.6495,0.6490","1.0459,1.0273,0.9751,0.9512,0.0001,0.0001,0.0001,0.0001,0.0000,0.0000,0.0000,0.0000,0.0000,0.0000,0.0000,0.0000,0.0000,0.0000,0.0000,0.0000,0.0000,0.0000,0.0000,0.0000,0.0000,0.0000,0.0000,0.0000,0.0000,0.0000,0.0000,0.0000,0.0000,0.0000,0.0000,0.0000,0.0000,0.0000,0.0000,0.0000,0.0000,0.0000,0.0000,0.0000,0.0000,0.0000,0.0000,0.0000,0.0000,0.0000,0.0000,0.0000,0.0000,0.0000,0.0000,0.0000,0.0000,0.0000,0.0000,0.0000,0.0000,0.0000,0.0000,0.0000","5,5,5,13","25,57,25,25,25,25,25,25,25,57,57,57,57,25,57,25,57,57,57,57,57,57,25,25,25,25,57,57,9,57,25,25,57,57,57,57,57,57,57,25,25,57,25,25,57,57,25,25,57,25,25,25,57,57,25,25,25,25,25,25,57,25,25,25"
981,61.25,47.40,"10.62,15.39,18.31,20.25,21.62,22.31,23.12,23.67,24.25,24.55,24.94,25.21,25.76,26.20,26.59,26.89,27.18,27.48,27.77,28.04,28.30,28.54,28.78,29.00,29.16,29.35,29.51,29.67,29.81,29.98,30.15,30.34,30.44,30.60,30.68,30.83,30.90,31.03,31.04,31.11,31.30,31.60,31.67,31.77,31.91,31.95,32.11,32.22,32.27,32.31,32.35,32.40,32.41,32.43,32.42,32.55,32.57,32.57,32.64,32.70,32.75,32.82,32.85,32.92","0.5796,0.5792,0.5791,0.5775","1.0166,1.0098,0.9922,0.9815,0.0001,0.0001,0.0001,0.0001,0.0000,0.0000,0.0000,0.0000,0.0000,0.0000,0.0000,0.0000,0.0000,0.0000,0.0000,0.0000,0.0000,0.0000,0.0000,0.0000,0.0000,0.0000,0.0000,0.0000,0.0000,0.0000,0.0000,0.0000,0.0000,0.0000,0.0000,0.0000,0.0000,0.0000,0.0000,0.0000,0.0000,0.0000,0.0000,0.0000,0.0000,0.0000,0.0000,0.0000,0.0000,0.0000,0.0000,0.0000,0.0000,0.0000,0.0000,0.0000,0.0000,0.0000,0.0000,0.0000,0.0000,0.0000,0.0000,0.0000","8,0,8,0","25,25,9,25,25,9,9,25,25,25,25,25,25,25,25,25,25,25,9,9,25,25,25,25,25,25,9,25,25,25,9,9,25,25,25,25,9,25,25,25,25,25,25,25,9,9,25,9,9,25,9,9,57,9,41,9,57,57,9,9,9,9,9,25"
982,59.25,42.88,"10.96,15.01,16.61,17.78,18.66,19.39,19.98,20.43,21.00,21.40,21.78,22.09,22.31,22.56,22.81,23.05,23.41,23.66,23.86,24.07,24.23,24.39,24.56,24.73,24.93,25.10,25.24,25.38,25.51,25.64,25.74,25.86,26.04,26.20,26.28,26.42,26.53,26.70,26.86,27.02,27.04,27.03,27.17,27.29,27.41,27.42,27.48,27.48,27.62,27.62,27.64,27.84,27.96,28.04,28.10,28.22,28.31,28.40,28.49,28.57,28.65,28.71,28.77,28.80","0.5254,0.5249,0.5235,0.5185","1.0723,1.0527,0.9390,0.9360,0.0001,0.0001,0.0001,0.0001,0.0000,0.0000,0.0000,0.0000,0.0000,0.0000,0.0000,0.0000,0.0000,0.0000,0.0000,0.0000,0.0000,0.0000,0.0000,0.0000,0.0000,0.0000,0.0000,0.0000,0.0000,0.0000,0.0000,0.0000,0.0000,0.0000,0.0000,0.0000,0.0000,0.0000,0.0000,0.0000,0.0000,0.0000,0.0000,0.0000,0.0000,0.0000,0.0000,0.0000,0.0000,0.0000,0.0000,0.0000,0.0000,0.0000,0.0000,0.0000,0.0000,0.0000,0.0000,0.0000,0.0000,0.0000,0.0000,0.0000","9,9,9,9","11,1,1,11,1,11,11,11,1,1,1,1,1,11,11,11,11,11,1,1,1,1,11,11,11,11,1,1,1,1,11,11,11,11,11,1,1,11,11,11,1,13,1,17,1,17,1,13,17,1,1,11,11,1,1,11,1,1,1,1,1,1,1,1"
