ue,C_AE,C_UE,C_BS_hist,lambda_UE,lambda_BS,ue_beams,bs_beams
492,23.81,20.59,"10.24,11.62,12.54,13.24,13.77,14.15,14.41,14.58,14.66,14.79,14.96,15.15,15.34,15.49,15.62,15.70,15.77,15.85,15.96,16.08,16.21,16.32,16.42,16.48,16.53,16.59,16.67,16.77,16.88,16.98,17.05,17.10,17.13,17.18,17.25,17.34,17.44,17.52,17.59,17.63,17.66,17.70,17.78,17.86,17.95,18.03,18.08,18.12,18.15,18.20,18.26,18.35,18.43,18.51,18.56,18.60,18.63,18.67,18.74,18.82,18.90,18.98,19.03,19.07","1.4601,1.3112,1.2284,0.0001","2.1387,1.8604,0.0001,0.0001,0.0001,0.0001,0.0000,0.0000,0.0000,0.0000,0.0000,0.0000,0.0000,0.0000,0.0000,0.0000,0.0000,0.0000,0.0000,0.0000,0.0000,0.0000,0.0000,0.0000,0.0000,0.0000,0.0000,0.0000,0.0000,0.0000,0.0000,0.0000,0.0000,0.0000,0.0000,0.0000,0.0000,0.0000,0.0000,0.0000,0.0000,0.0000,0.0000,0.0000,0.0000,0.0000,0.0000,0.0000,0.0000,0.0000,0.0000,0.0000,0.0000,0.0000,0.0000,0.0000,0.0000,0.0000,0.0000,0.0000,0.0000,0.0000,0.0000,0.0000","8,8,8,8","14,14,14,14,14,14,14,14,14,14,14,14,14,14,14,14,14,14,14,14,14,14,14,14,14,14,14,14,14,14,14,14,14,14,14,14,14,14,14,14,14,14,14,14,14,14,14,14,14,14,14,14,14,14,14,14,14,14,14,14,14,14,14,14"
493,23.70,20.20,"11.05,12.27,13.01,13.52,13.89,14.14,14.32,14.43,14.57,14.73,14.91,15.08,15.22,15.34,15.43,15.50,15.58,15.67,15.78,15.89,15.99,16.06,16.13,16.21,16.27,16.34,16.42,16.51,16.59,16.65,16.70,16.76,16.82,16.88,16.95,17.03,17.10,17.16,17.20,17.24,17.31,17.37,17.43,17.49,17.57,17.62,17.67,17.70,17.78,17.83,17.89,17.96,18.02,18.07,18.12,18.15,18.22,18.27,18.32,18.39,18.46,18.51,18.56,18.59","1.3478,1.2383,0.8613,0.4036","1.8799,1.0782,0.5869,0.4548,0.0001,0.0001,0.0000,0.0000,0.0000,0.0000,0.0000,0.0000,0.0000,0.0000,0.0000,0.0000,0.0000,0.0000,0.0000,0.0000,0.0000,0.0000,0.0000,0.0000,0.0000,0.0000,0.0000,0.0000,0.0000,0.0000,0.0000,0.0000,0.0000,0.0000,0.0000,0.0000,0.0000,0.0000,0.0000,0.0000,0.0000,0.0000,0.0000,0.0000,0.0000,0.0000,0.0000,0.0000,0.0000,0.0000,0.0000,0.0000,0.0000,0.0000,0.0000,0.0000,0.0000,0.0000,0.0000,0.0000,0.0000,0.0000,0.0000,0.0000","8,0,8,0","15,15,15,15,15,15,15,15,15,15,15,15,15,15,15,15,15,15,15,15,15,15,15,15,15,15,15,15,15,15,15,15,15,15,15,15,15,15,15,15,15,15,15,15,15,15,15,15,15,15,15,15,15,15,15,15,15,15,15,15,15,15,15,15"
494,22.43,19.32,"10.30,11.55,12.33,12.88,13.28,13.55,13.74,13.85,13.98,14.13,14.31,14.48,14.63,14.76,14.85,14.91,14.97,15.06,15.16,15.27,15.38,15.46,15.52,15.57,15.63,15.69,15.77,15.86,15.94,16.00,16.05,16.09,16.15,16.20,16.26,16.35,16.41,16.46,16.50,16.54,16.59,16.63,16.69,16.76,16.81,16.85,16.89,16.93,16.98,17.03,17.08,17.14,17.18,17.22,17.25,17.30,17.34,17.39,17.44,17.49,17.53,17.57,17.60,17.66","1.7950,1.6572,0.5474,0.0001","2.2559,1.7197,0.0240,0.0001,0.0001,0.0001,0.0001,0.0000,0.0000,0.0000,0.0000,0.0000,0.0000,0.0000,0.0000,0.0000,0.0000,0.0000,0.0000,0.0000,0.0000,0.0000,0.0000,0.0000,0.0000,0.0000,0.0000,0.0000,0.0000,0.0000,0.0000,0.0000,0.0000,0.0000,0.0000,0.0000,0.0000,0.0000,0.0000,0.0000,0.0000,0.0000,0.0000,0.0000,0.0000,0.0000,0.0000,0.0000,0.0000,0.0000,0.0000,0.0000,0.0000,0.0000,0.0000,0.0000,0.0000,0.0000,0.0000,0.0000,0.0000,0.0000,0.0000,0.0000","12,4,12,4","15,15,15,15,15,15,15,15,15,15,15,15,15,15,15,15,15,15,15,15,15,15,15,15,15,15,15,15,15,15,15,15,15,15,15,15,15,15,15,15,15,15,15,15,15,15,15,15,15,15,15,15,15,15,15,15,15,15,15,15,15,15,15,15"
495,21.29,20.11,"12.53,13.65,14.32,14.80,15.14,15.40,15.58,15.71,15.88,16.05,16.22,16.38,16.52,16.64,16.73,16.81,16.89,16.99,17.09,17.20,17.29,17.37,17.45,17.51,17.59,17.67,17.76,17.83,17.90,17.96,18.02,18.08,18.16,18.22,18.30,18.35,18.41,18.46,18.52,18.56,18.64,18.68,18.73,18.79,18.85,18.88,18.93,18.95,19.03,19.06,19.11,19.16,19.19,19.23,19.27,19.28,19.36,19.39,19.46,19.48,19.50,19.53,19.57,19.61","1.8211,1.4439,0.7340,0.0001","2.3731,1.6270,0.0002,0.0001,0.0001,0.0001,0.0001,0.0000,0.0000,0.0000,0.0000,0.0000,0.0000,0.0000,0.0000,0.0000,0.0000,0.0000,0.0000,0.0000,0.0000,0.0000,0.0000,0.0000,0.0000,0.0000,0.0000,0.0000,0.0000,0.0000,0.0000,0.0000,0.0000,0.0000,0.0000,0.0000,0.0000,0.0000,0.0000,0.0000,0.0000,0.0000,0.0000,0.0000,0.0000,0.0000,0.0000,0.0000,0.0000,0.0000,0.0000,0.0000,0.0000,0.0000,0.0000,0.0000,0.0000,0.0000,0.0000,0.0000,0.0000,0.0000,0.0000,0.0000","11,11,11,11","7,7,7,7,7,7,7,7,7,7,7,7,7,7,7,7,7,7,7,7,7,7,7,7,7,7,7,7,7,7,7,7,7,7,7,7,7,7,7,7,7,7,7,7,7,7,7,7,7,7,7,7,7,7,7,7,7,7,7,7,7,7,7,7"
496,22.06,19.93,"12.44,13.55,14.21,14.66,14.98,15.20,15.35,15.45,15.63,15.82,16.00,16.17,16.31,16.42,16.50,16.57,16.65,16.76,16.86,16.96,17.05,17.13,17.19,17.24,17.30,17.37,17.44,17.52,17.58,17.64,17.70,17.76,17.82,17.86,17.93,17.99,18.04,18.10,18.14,18.20,18.24,18.28,18.32,18.35,18.41,18.44,18.50,18.53,18.58,18.61,18.64,18.69,18.71,18.74,18.81,18.85,18.88,18.90,18.94,18.96,19.00,19.01,19.05,19.09","1.6904,1.4298,0.8801,0.0001","2.4921,1.5088,0.0002,0.0001,0.0001,0.0001,0.0000,0.0000,0.0000,0.0000,0.0000,0.0000,0.0000,0.0000,0.0000,0.0000,0.0000,0.0000,0.0000,0.0000,0.0000,0.0000,0.0000,0.0000,0.0000,0.0000,0.0000,0.0000,0.0000,0.0000,0.0000,0.0000,0.0000,0.0000,0.0000,0.0000,0.0000,0.0000,0.0000,0.0000,0.0000,0.0000,0.0000,0.0000,0.0000,0.0000,0.0000,0.0000,0.0000,0.0000,0.0000,0.0000,0.0000,0.0000,0.0000,0.0000,0.0000,0.0000,0.0000,0.0000,0.0000,0.0000,0.0000,0.0000","11,11,11,11","62,62,62,62,62,62,62,62,62,62,62,62,62,62,62,62,62,62,62,62,62,62,62,62,62,62,62,62,62,62,62,62,62,62,62,62,62,62,62,62,62,62,62,62,62,62,62,62,62,62,62,62,62,62,62,62,62,62,62,62,62,62,62,62"
497,25.16,20.93,"10.98,12.21,12.95,13.44,13.77,13.99,14.14,14.38,14.57,14.79,15.01,15.21,15.38,15.54,15.71,15.91,16.01,16.13,16.26,16.39,16.52,16.63,16.75,16.89,16.95,17.03,17.12,17.22,17.32,17.42,17.51,17.61,17.66,17.71,17.76,17.84,17.93,18.03,18.11,18.19,18.24,18.27,18.31,18.37,18.45,18.53,18.61,18.68,18.73,18.76,18.79,18.84,18.91,18.99,19.07,19.14,19.20,19.22,19.25,19.29,19.36,19.43,19.52,19.60","1.4315,1.3633,1.2051,0.0001","1.7725,1.5205,0.7070,0.0001,0.0001,0.0001,0.0000,0.0000,0.0000,0.0000,0.0000,0.0000,0.0000,0.0000,0.0000,0.0000,0.0000,0.0000,0.0000,0.0000,0.0000,0.0000,0.0000,0.0000,0.0000,0.0000,0.0000,0.0000,0.0000,0.0000,0.0000,0.0000,0.0000,0.0000,0.0000,0.0000,0.0000,0.0000,0.0000,0.0000,0.0000,0.0000,0.0000,0.0000,0.0000,0.0000,0.0000,0.0000,0.0000,0.0000,0.0000,0.0000,0.0000,0.0000,0.0000,0.0000,0.0000,0.0000,0.0000,0.0000,0.0000,0.0000,0.0000,0.0000","12,4,10,12","62,62,62,62,62,62,62,62,62,62,62,62,62,62,62,62,62,62,62,62,62,62,62,62,62,62,62,62,62,62,62,62,62,62,62,62,62,62,62,62,62,62,62,62,62,62,62,62,62,62,62,62,62,62,62,62,62,62,62,62,62,62,62,62"
498,29.06,24.16,"10.49,11.67,12.38,12.86,13.19,13.42,13.57,13.66,13.84,14.06,14.28,14.48,14.67,14.82,14.93,15.00,15.09,15.23,15.38,15.52,15.65,15.75,15.84,15.90,15.98,16.09,16.21,16.32,16.41,16.49,16.56,16.61,16.69,16.78,16.87,16.96,17.04,17.11,17.16,17.20,17.27,17.36,17.44,17.51,17.58,17.63,17.67,17.70,17.78,17.85,17.93,17.99,18.05,18.10,18.13,18.16,18.22,18.30,18.37,18.43,18.48,18.51,18.55,18.57","1.0859,1.0518,0.9940,0.8687","1.4463,1.0566,0.9795,0.5176,0.0001,0.0001,0.0001,0.0000,0.0000,0.0000,0.0000,0.0000,0.0000,0.0000,0.0000,0.0000,0.0000,0.0000,0.0000,0.0000,0.0000,0.0000,0.0000,0.0000,0.0000,0.0000,0.0000,0.0000,0.0000,0.0000,0.0000,0.0000,0.0000,0.0000,0.0000,0.0000,0.0000,0.0000,0.0000,0.0000,0.0000,0.0000,0.0000,0.0000,0.0000,0.0000,0.0000,0.0000,0.0000,0.0000,0.0000,0.0000,0.0000,0.0000,0.0000,0.0000,0.0000,0.0000,0.0000,0.0000,0.0000,0.0000,0.0000,0.0000","12,4,12,4","55,55,55,55,55,55,55,55,55,55,55,55,55,55,55,55,55,55,55,55,55,55,55,55,55,55,55,55,55,55,55,55,55,55,55,55,55,55,55,55,55,55,55,55,55,55,55,55,55,55,55,55,55,55,55,55,55,55,55,55,55,55,55,55"
506,71.96,48.85,"10.02,15.36,18.71,20.81,22.50,23.42,24.61,25.45,26.03,26.32,26.67,27.00,27.26,27.61,27.94,28.37,28.70,28.88,29.07,29.30,29.46,29.70,29.90,30.19,30.44,30.57,30.71,30.89,31.02,31.21,31.35,31.56,31.75,31.85,31.95,32.08,32.18,32.32,32.41,32.57,32.73,32.82,32.89,32.99,33.07,33.19,33.27,33.39,33.54,33.63,33.68,33.76,33.84,33.95,34.02,34.12,34.25,34.34,34.38,34.44,34.51,34.60,34.68,34.77","0.4363,0.4363,0.4355,0.4345","1.0264,1.0137,0.9854,0.9741,0.0001,0.0001,0.0001,0.0001,0.0000,0.0000,0.0000,0.0000,0.0000,0.0000,0.0000,0.0000,0.0000,0.0000,0.0000,0.0000,0.0000,0.0000,0.0000,0.0000,0.0000,0.0000,0.0000,0.0000,0.0000,0.0000,0.0000,0.0000,0.0000,0.0000,0.0000,0.0000,0.0000,0.0000,0.0000,0.0000,0.0000,0.0000,0.0000,0.0000,0.0000,0.0000,0.0000,0.0000,0.0000,0.0000,0.0000,0.0000,0.0000,0.0000,0.0000,0.0000,0.0000,0.0000,0.0000,0.0000,0.0000,0.0000,0.0000,0.0000","9,0,9,0","24,24,24,24,24,24,24,24,24,24,24,24,24,24,24,24,24,24,24,24,24,24,24,24,24,24,24,24,24,24,24,24,24,24,24,24,24,24,24,24,24,24,24,24,24,24,24,24,24,24,24,24,24,24,24,24,24,24,24,24,24,24,24,24"
507,39.38,34.15,"10.50,14.22,16.06,17.07,17.89,18.55,19.03,19.45,19.90,20.25,20.58,20.91,21.26,21.57,21.84,22.08,22.28,22.47,22.69,22.91,23.15,23.36,23.54,23.69,23.81,23.95,24.11,24.28,24.45,24.62,24.75,24.86,24.95,25.06,25.18,25.30,25.43,25.57,25.68,25.78,25.86,25.96,26.05,26.15,26.25,26.36,26.47,26.57,26.64,26.71,26.80,26.88,26.97,27.06,27.16,27.25,27.31,27.37,27.44,27.52,27.60,27.68,27.77,27.84","0.8583,0.8565,0.8223,0.8067","1.1894,1.0566,0.9350,0.8194,0.0001,0.0001,0.0001,0.0001,0.0000,0.0000,0.0000,0.0000,0.0000,0.0000,0.0000,0.0000,0.0000,0.0000,0.0000,0.0000,0.0000,0.0000,0.0000,0.0000,0.0000,0.0000,0.0000,0.0000,0.0000,0.0000,0.0000,0.0000,0.0000,0.0000,0.0000,0.0000,0.0000,0.0000,0.0000,0.0000,0.0000,0.0000,0.0000,0.0000,0.0000,0.0000,0.0000,0.0000,0.0000,0.0000,0.0000,0.0000,0.0000,0.0000,0.0000,0.0000,0.0000,0.0000,0.0000,0.0000,0.0000,0.0000,0.0000,0.0000","15,4,15,4","32,46,32,32,32,32,32,32,32,32,32,32,32,32,32,32,32,32,32,32,32,32,32,32,32,32,32,32,32,32,32,32,32,32,32,32,32,32,32,32,32,32,32,32,32,32,32,32,32,32,32,32,32,32,32,32,32,32,32,32,32,32,32,32"
508,29.13,26.09,"11.36,12.64,13.42,13.93,14.31,14.71,15.03,15.29,15.46,15.69,15.91,16.16,16.41,16.61,16.78,16.97,17.05,17.17,17.32,17.52,17.70,17.85,17.96,18.06,18.13,18.21,18.31,18.44,18.58,18.71,18.81,18.90,18.96,19.03,19.09,19.19,19.32,19.42,19.52,19.60,19.66,19.71,19.77,19.85,19.95,20.05,20.12,20.19,20.26,20.31,20.36,20.43,20.51,20.59,20.67,20.72,20.81,20.86,20.91,20.97,21.02,21.10,21.17,21.23","1.3213,1.3134,1.2050,0.1603","1.3818,1.1914,0.9512,0.4751,0.0001,0.0001,0.0001,0.0000,0.0000,0.0000,0.0000,0.0000,0.0000,0.0000,0.0000,0.0000,0.0000,0.0000,0.0000,0.0000,0.0000,0.0000,0.0000,0.0000,0.0000,0.0000,0.0000,0.0000,0.0000,0.0000,0.0000,0.0000,0.0000,0.0000,0.0000,0.0000,0.0000,0.0000,0.0000,0.0000,0.0000,0.0000,0.0000,0.0000,0.0000,0.0000,0.0000,0.0000,0.0000,0.0000,0.0000,0.0000,0.0000,0.0000,0.0000,0.0000,0.0000,0.0000,0.0000,0.0000,0.0000,0.0000,0.0000,0.0000","15,13,15,15","38,38,38,38,32,32,32,32,38,38,38,32,32,32,32,32,38,38,32,32,32,32,32,38,38,38,32,32,32,32,32,38,38,38,38,32,32,32,32,32,32,32,32,32,32,32,38,32,38,32,32,32,32,32,32,32,38,38,32,32,32,32,32,32"
509,42.35,39.78,"9.09,13.92,15.56,16.75,17.80,18.46,19.03,19.47,19.93,20.43,20.80,21.14,21.43,21.71,21.96,22.19,22.49,22.75,22.98,23.19,23.37,23.55,23.72,23.86,24.08,24.26,24.44,24.60,24.74,24.87,24.99,25.11,25.29,25.43,25.57,25.68,25.81,25.91,26.01,26.11,26.25,26.38,26.48,26.58,26.67,26.77,26.85,26.94,27.05,27.16,27.25,27.33,27.42,27.49,27.57,27.65,27.74,27.84,27.92,27.99,28.07,28.14,28.21,28.26","0.9049,0.9042,0.8702,0.7416","1.1641,1.1338,1.0811,0.6211,0.0001,0.0001,0.0001,0.0000,0.0000,0.0000,0.0000,0.0000,0.0000,0.0000,0.0000,0.0000,0.0000,0.0000,0.0000,0.0000,0.0000,0.0000,0.0000,0.0000,0.0000,0.0000,0.0000,0.0000,0.0000,0.0000,0.0000,0.0000,0.0000,0.0000,0.0000,0.0000,0.0000,0.0000,0.0000,0.0000,0.0000,0.0000,0.0000,0.0000,0.0000,0.0000,0.0000,0.0000,0.0000,0.0000,0.0000,0.0000,0.0000,0.0000,0.0000,0.0000,0.0000,0.0000,0.0000,0.0000,0.0000,0.0000,0.0000,0.0000","9,15,1,9","34,40,34,40,34,34,34,34,34,40,40,40,40,34,34,34,34,40,34,40,34,34,34,34,34,34,40,40,40,34,34,34,34,34,40,40,40,34,34,34,34,34,34,40,34,34,34,34,34,34,34,34,40,34,40,34,34,34,34,40,40,40,40,40"
514,95.80,54.44,"10.81,17.88,22.88,26.44,27.64,28.45,29.13,29.82,30.52,31.19,31.75,32.09,32.36,32.67,33.09,33.44,33.81,34.19,34.49,34.68,34.83,35.03,35.26,35.49,35.72,35.98,36.16,36.29,36.39,36.57,36.70,36.86,37.02,37.21,37.33,37.43,37.50,37.65,37.73,37.85,37.97,38.13,38.22,38.30,38.37,38.48,38.55,38.62,38.73,38.86,38.94,39.02,39.09,39.17,39.23,39.31,39.43,39.56,39.69,39.83,39.95,40.07,40.18,40.29","0.3781,0.3780,0.3779,0.3778","1.0059,1.0010,0.9965,0.9961,0.0001,0.0001,0.0001,0.0000,0.0000,0.0000,0.0000,0.0000,0.0000,0.0000,0.0000,0.0000,0.0000,0.0000,0.0000,0.0000,0.0000,0.0000,0.0000,0.0000,0.0000,0.0000,0.0000,0.0000,0.0000,0.0000,0.0000,0.0000,0.0000,0.0000,0.0000,0.0000,0.0000,0.0000,0.0000,0.0000,0.0000,0.0000,0.0000,0.0000,0.0000,0.0000,0.0000,0.0000,0.0000,0.0000,0.0000,0.0000,0.0000,0.0000,0.0000,0.0000,0.0000,0.0000,0.0000,0.0000,0.0000,0.0000,0.0000,0.0000","4,4,13,4","33,31,31,33,33,33,31,33,33,31,31,33,33,33,31,33,33,31,31,33,33,31,31,33,33,31,31,33,33,31,31,33,33,31,31,33,33,31,33,33,33,31,33,33,33,31,33,33,33,31,33,33,33,31,33,33,33,33,33,33,33,33,33,33"
515,97.80,54.78,"10.52,18.31,24.15,28.00,29.42,30.26,30.97,31.64,32.25,32.81,33.27,33.78,34.16,34.55,34.94,35.30,35.60,35.89,36.13,36.40,36.63,36.83,37.06,37.27,37.44,37.62,37.78,37.95,38.09,38.22,38.37,38.49,38.61,38.73,38.84,38.96,39.05,39.14,39.24,39.32,39.40,39.49,39.57,39.65,39.72,39.79,39.85,39.91,39.96,40.02,40.08,40.14,40.20,40.24,40.29,40.33,40.38,40.42,40.47,40.51,40.55,40.59,40.63,40.66","0.3766,0.3765,0.3764,0.3764","1.0049,1.0019,0.9975,0.9955,0.0001,0.0001,0.0001,0.0000,0.0000,0.0000,0.0000,0.0000,0.0000,0.0000,0.0000,0.0000,0.0000,0.0000,0.0000,0.0000,0.0000,0.0000,0.0000,0.0000,0.0000,0.0000,0.0000,0.0000,0.0000,0.0000,0.0000,0.0000,0.0000,0.0000,0.0000,0.0000,0.0000,0.0000,0.0000,0.0000,0.0000,0.0000,0.0000,0.0000,0.0000,0.0000,0.0000,0.0000,0.0000,0.0000,0.0000,0.0000,0.0000,0.0000,0.0000,0.0000,0.0000,0.0000,0.0000,0.0000,0.0000,0.0000,0.0000,0.0000","5,5,13,5","39,39,39,39,39,39,39,39,39,39,39,39,39,39,39,39,39,39,39,39,39,39,39,39,39,39,39,39,39,39,39,39,39,39,39,39,39,39,39,39,39,39,39,39,39,39,39,39,39,39,39,39,39,39,39,39,39,39,39,39,39,39,39,39"
516,98.70,54.82,"10.59,18.30,23.62,27.04,28.36,29.12,29.89,30.48,31.25,31.89,32.26,32.70,32.99,33.34,33.76,34.14,34.54,34.87,35.06,35.31,35.46,35.64,35.92,36.18,36.43,36.63,36.77,36.94,37.05,37.16,37.35,37.54,37.71,37.84,37.94,38.08,38.15,38.23,38.37,38.50,38.65,38.74,38.82,38.94,39.00,39.06,39.16,39.27,39.40,39.47,39.55,39.65,39.71,39.77,39.84,39.93,40.04,40.12,40.19,40.27,40.33,40.38,40.45,40.51","0.3692,0.3692,0.3691,0.3690","1.0049,1.0019,0.9975,0.9955,0.0001,0.0001,0.0001,0.0000,0.0000,0.0000,0.0000,0.0000,0.0000,0.0000,0.0000,0.0000,0.0000,0.0000,0.0000,0.0000,0.0000,0.0000,0.0000,0.0000,0.0000,0.0000,0.0000,0.0000,0.0000,0.0000,0.0000,0.0000,0.0000,0.0000,0.0000,0.0000,0.0000,0.0000,0.0000,0.0000,0.0000,0.0000,0.0000,0.0000,0.0000,0.0000,0.0000,0.0000,0.0000,0.0000,0.0000,0.0000,0.0000,0.0000,0.0000,0.0000,0.0000,0.0000,0.0000,0.0000,0.0000,0.0000,0.0000,0.0000","5,5,13,5","24,24,24,24,24,24,24,24,24,24,24,24,24,24,24,24,24,24,24,24,24,24,24,24,24,24,24,24,24,24,24,24,24,24,24,24,24,24,24,24,24,24,24,24,24,24,24,24,24,24,24,24,24,24,24,24,24,24,24,24,24,24,24,24"
517,100.62,54.92,"11.26,19.87,26.23,30.50,31.99,32.61,33.48,33.86,34.66,35.15,35.58,36.12,36.38,36.73,37.14,37.39,37.75,37.97,38.20,38.40,38.64,38.78,39.00,39.14,39.35,39.45,39.60,39.72,39.85,39.96,40.02,40.15,40.29,40.34,40.40,40.46,40.57,40.61,40.68,40.72,40.90,40.90,40.91,40.98,41.00,41.05,41.11,41.16,41.22,41.25,41.28,41.33,41.33,41.34,41.37,41.41,41.43,41.46,41.53,41.53,41.51,41.54,41.56,41.54","0.3607,0.3606,0.3605,0.3603","1.0039,1.0019,0.9984,0.9956,0.0001,0.0001,0.0001,0.0001,0.0000,0.0000,0.0000,0.0000,0.0000,0.0000,0.0000,0.0000,0.0000,0.0000,0.0000,0.0000,0.0000,0.0000,0.0000,0.0000,0.0000,0.0000,0.0000,0.0000,0.0000,0.0000,0.0000,0.0000,0.0000,0.0000,0.0000,0.0000,0.0000,0.0000,0.0000,0.0000,0.0000,0.0000,0.0000,0.0000,0.0000,0.0000,0.0000,0.0000,0.0000,0.0000,0.0000,0.0000,0.0000,0.0000,0.0000,0.0000,0.0000,0.0000,0.0000,0.0000,0.0000,0.0000,0.0000,0.0000","9,1,9,1","32,32,32,32,32,32,32,32,32,32,32,32,32,32,32,32,32,32,32,32,32,32,32,32,32,32,32,32,32,32,32,32,32,32,32,32,32,32,32,32,32,42,42,32,32,32,32,32,32,32,26,32,32,38,32,32,32,32,32,42,26,42,38,38"
518,27.71,30.29,"10.24,11.45,12.69,13.74,14.62,15.35,15.98,16.51,16.92,17.18,17.35,17.49,17.64,17.84,18.08,18.34,18.57,18.73,18.84,18.92,19.01,19.12,19.26,19.44,19.59,19.71,19.79,19.84,19.89,19.98,20.08,20.20,20.32,20.41,20.48,20.52,20.56,20.62,20.70,20.80,20.90,20.97,21.03,21.07,21.10,21.15,21.21,21.29,21.38,21.44,21.49,21.52,21.55,21.59,21.65,21.71,21.79,21.85,21.89,21.92,21.94,21.98,22.03,22.08","1.5136,1.4971,0.9893,0.0001","1.8349,1.6728,0.4929,0.0001,0.0001,0.0001,0.0001,0.0000,0.0000,0.0000,0.0000,0.0000,0.0000,0.0000,0.0000,0.0000,0.0000,0.0000,0.0000,0.0000,0.0000,0.0000,0.0000,0.0000,0.0000,0.0000,0.0000,0.0000,0.0000,0.0000,0.0000,0.0000,0.0000,0.0000,0.0000,0.0000,0.0000,0.0000,0.0000,0.0000,0.0000,0.0000,0.0000,0.0000,0.0000,0.0000,0.0000,0.0000,0.0000,0.0000,0.0000,0.0000,0.0000,0.0000,0.0000,0.0000,0.0000,0.0000,0.0000,0.0000,0.0000,0.0000,0.0000,0.0000","4,4,4,4","25,25,25,25,25,25,25,25,25,25,25,25,25,25,25,25,25,25,25,25,25,25,25,25,25,25,25,25,25,25,25,25,25,25,25,25,25,25,25,25,25,25,25,25,25,25,25,25,25,25,25,25,25,25,25,25,25,25,25,25,25,25,25,25"
519,96.26,52.15,"10.31,17.37,22.39,25.32,26.38,26.81,27.22,27.36,28.17,28.66,29.13,29.56,29.96,30.31,30.52,30.75,31.10,31.28,31.52,31.76,32.06,32.31,32.52,32.66,32.73,32.99,33.17,33.34,33.54,33.73,33.88,33.98,34.05,34.22,34.37,34.50,34.64,34.80,34.92,34.99,35.04,35.18,35.31,35.41,35.53,35.66,35.75,35.80,35.86,35.97,36.07,36.16,36.26,36.36,36.44,36.48,36.53,36.62,36.71,36.80,36.87,36.96,37.04,37.08","0.3763,0.3762,0.3760,0.3759","1.0058,1.0049,0.9956,0.9932,0.0001,0.0001,0.0001,0.0001,0.0000,0.0000,0.0000,0.0000,0.0000,0.0000,0.0000,0.0000,0.0000,0.0000,0.0000,0.0000,0.0000,0.0000,0.0000,0.0000,0.0000,0.0000,0.0000,0.0000,0.0000,0.0000,0.0000,0.0000,0.0000,0.0000,0.0000,0.0000,0.0000,0.0000,0.0000,0.0000,0.0000,0.0000,0.0000,0.0000,0.0000,0.0000,0.0000,0.0000,0.0000,0.0000,0.0000,0.0000,0.0000,0.0000,0.0000,0.0000,0.0000,0.0000,0.0000,0.0000,0.0000,0.0000,0.0000,0.0000","4,4,10,4","24,24,24,24,24,24,24,24,24,24,24,24,24,24,24,24,24,24,24,24,24,24,24,24,24,24,24,24,24,24,24,24,24,24,24,24,24,24,24,24,24,24,24,24,24,24,24,24,24,24,24,24,24,24,24,24,24,24,24,24,24,24,24,24"
520,35.29,33.17,"9.70,11.06,12.24,13.30,14.18,14.91,15.51,16.01,16.40,16.65,16.84,17.00,17.17,17.39,17.64,17.89,18.10,18.26,18.42,18.52,18.63,18.78,18.94,19.11,19.26,19.38,19.50,19.56,19.62,19.68,19.87,19.89,20.00,19.98,20.17,20.24,20.33,20.42,20.52,20.63,20.73,20.81,20.91,20.97,21.04,21.12,21.20,21.30,21.38,21.45,21.52,21.57,21.65,21.71,21.76,21.86,21.94,21.97,22.05,22.10,22.15,22.21,22.27,22.37","0.7231,0.7103,0.6407,0.6283","1.2627,1.1914,0.9375,0.6089,0.0001,0.0001,0.0001,0.0000,0.0000,0.0000,0.0000,0.0000,0.0000,0.0000,0.0000,0.0000,0.0000,0.0000,0.0000,0.0000,0.0000,0.0000,0.0000,0.0000,0.0000,0.0000,0.0000,0.0000,0.0000,0.0000,0.0000,0.0000,0.0000,0.0000,0.0000,0.0000,0.0000,0.0000,0.0000,0.0000,0.0000,0.0000,0.0000,0.0000,0.0000,0.0000,0.0000,0.0000,0.0000,0.0000,0.0000,0.0000,0.0000,0.0000,0.0000,0.0000,0.0000,0.0000,0.0000,0.0000,0.0000,0.0000,0.0000,0.0000","5,5,5,5","24,24,24,24,24,24,24,24,24,24,24,24,24,24,24,24,24,24,24,24,24,24,24,24,24,24,24,40,24,40,24,56,24,40,40,24,24,24,24,24,24,24,24,24,24,24,24,24,24,24,24,24,24,24,24,24,24,24,24,24,24,24,24,24"
521,40.32,36.60,"10.05,12.03,13.48,14.41,15.41,16.16,16.78,17.25,17.61,17.92,18.18,18.48,18.84,19.24,19.59,19.87,20.07,20.26,20.40,20.56,20.77,21.02,21.26,21.45,21.58,21.71,21.83,21.95,22.11,22.29,22.47,22.60,22.70,22.82,22.92,23.03,23.15,23.30,23.44,23.55,23.64,23.73,23.81,23.89,23.99,24.10,24.22,24.31,24.40,24.47,24.54,24.61,24.69,24.78,24.88,24.96,25.03,25.09,25.16,25.22,25.29,25.36,25.44,25.51","0.9414,0.9409,0.9255,0.8740","1.0557,1.0000,0.9981,0.9463,0.0001,0.0001,0.0001,0.0000,0.0000,0.0000,0.0000,0.0000,0.0000,0.0000,0.0000,0.0000,0.0000,0.0000,0.0000,0.0000,0.0000,0.0000,0.0000,0.0000,0.0000,0.0000,0.0000,0.0000,0.0000,0.0000,0.0000,0.0000,0.0000,0.0000,0.0000,0.0000,0.0000,0.0000,0.0000,0.0000,0.0000,0.0000,0.0000,0.0000,0.0000,0.0000,0.0000,0.0000,0.0000,0.0000,0.0000,0.0000,0.0000,0.0000,0.0000,0.0000,0.0000,0.0000,0.0000,0.0000,0.0000,0.0000,0.0000,0.0000","12,4,12,4","31,31,31,31,31,31,25,25,31,31,31,31,31,31,31,25,31,31,31,31,31,31,31,25,31,31,25,25,31,31,31,25,25,31,31,25,31,31,31,31,25,31,31,31,31,31,31,31,25,25,25,25,31,31,31,31,25,25,31,25,31,31,31,31"
522,30.10,25.35,"10.79,12.19,13.09,13.98,14.78,15.42,15.93,16.35,16.62,16.84,17.04,17.23,17.44,17.64,17.82,17.99,18.10,18.20,18.32,18.43,18.55,18.66,18.76,18.83,18.89,18.95,19.03,19.11,19.20,19.27,19.33,19.36,19.40,19.45,19.51,19.58,19.63,19.69,19.73,19.77,19.81,19.87,19.92,19.97,20.02,20.07,20.12,20.18,20.26,20.32,20.37,20.41,20.45,20.50,20.60,20.71,20.82,20.91,20.95,20.99,21.02,21.09,21.20,21.36","1.0557,1.0193,1.0067,0.9185","1.5147,1.4600,1.0264,0.0001,0.0001,0.0001,0.0000,0.0000,0.0000,0.0000,0.0000,0.0000,0.0000,0.0000,0.0000,0.0000,0.0000,0.0000,0.0000,0.0000,0.0000,0.0000,0.0000,0.0000,0.0000,0.0000,0.0000,0.0000,0.0000,0.0000,0.0000,0.0000,0.0000,0.0000,0.0000,0.0000,0.0000,0.0000,0.0000,0.0000,0.0000,0.0000,0.0000,0.0000,0.0000,0.0000,0.0000,0.0000,0.0000,0.0000,0.0000,0.0000,0.0000,0.0000,0.0000,0.0000,0.0000,0.0000,0.0000,0.0000,0.0000,0.0000,0.0000,0.0000","15,1,15,15","23,23,23,23,23,23,23,23,23,23,23,23,23,23,23,23,23,23,23,23,23,23,23,23,23,23,23,23,23,23,23,23,23,23,23,23,23,23,23,23,23,23,23,23,23,23,23,23,23,23,23,23,23,23,23,23,23,23,23,23,23,23,23,23"
523,25.75,23.98,"10.18,11.82,13.01,14.15,15.09,15.83,16.39,16.78,17.13,17.35,17.53,17.72,17.95,18.19,18.43,18.63,18.80,18.92,19.03,19.14,19.28,19.43,19.59,19.73,19.83,19.91,19.98,20.07,20.17,20.28,20.40,20.52,20.58,20.65,20.70,20.78,20.85,20.94,21.04,21.16,21.19,21.24,21.29,21.35,21.41,21.49,21.59,21.68,21.72,21.77,21.81,21.85,21.92,21.98,22.06,22.15,22.19,22.22,22.27,22.31,22.36,22.41,22.47,22.58","1.4567,1.4305,1.1115,0.0001","2.0156,1.9834,0.0001,0.0001,0.0001,0.0001,0.0000,0.0000,0.0000,0.0000,0.0000,0.0000,0.0000,0.0000,0.0000,0.0000,0.0000,0.0000,0.0000,0.0000,0.0000,0.0000,0.0000,0.0000,0.0000,0.0000,0.0000,0.0000,0.0000,0.0000,0.0000,0.0000,0.0000,0.0000,0.0000,0.0000,0.0000,0.0000,0.0000,0.0000,0.0000,0.0000,0.0000,0.0000,0.0000,0.0000,0.0000,0.0000,0.0000,0.0000,0.0000,0.0000,0.0000,0.0000,0.0000,0.0000,0.0000,0.0000,0.0000,0.0000,0.0000,0.0000,0.0000,0.0000","15,15,15,15","23,23,23,23,23,23,23,23,23,23,23,23,23,23,23,23,23,23,23,23,23,23,23,23,23,23,23,23,23,23,23,23,23,23,23,23,23,23,23,23,23,23,23,23,23,23,23,23,23,23,23,23,23,23,23,23,23,23,23,23,23,23,23,23"
524,29.29,24.98,"9.76,11.52,13.04,14.14,14.84,15.29,15.67,16.16,16.58,16.77,16.96,17.23,17.48,17.69,17.90,18.21,18.43,18.53,18.65,18.81,18.98,19.12,19.28,19.53,19.65,19.71,19.80,19.92,20.05,20.17,20.30,20.49,20.57,20.62,20.69,20.79,20.89,20.99,21.10,21.26,21.31,21.34,21.40,21.48,21.57,21.65,21.74,21.88,21.91,21.94,21.99,22.07,22.13,22.20,22.28,22.39,22.41,22.43,22.48,22.55,22.61,22.65,22.73,22.81","1.3446,1.3302,1.3009,0.0245","2.0078,1.9912,0.0001,0.0001,0.0001,0.0001,0.0000,0.0000,0.0000,0.0000,0.0000,0.0000,0.0000,0.0000,0.0000,0.0000,0.0000,0.0000,0.0000,0.0000,0.0000,0.0000,0.0000,0.0000,0.0000,0.0000,0.0000,0.0000,0.0000,0.0000,0.0000,0.0000,0.0000,0.0000,0.0000,0.0000,0.0000,0.0000,0.0000,0.0000,0.0000,0.0000,0.0000,0.0000,0.0000,0.0000,0.0000,0.0000,0.0000,0.0000,0.0000,0.0000,0.0000,0.0000,0.0000,0.0000,0.0000,0.0000,0.0000,0.0000,0.0000,0.0000,0.0000,0.0000","12,12,12,12","16,16,16,16,16,16,16,16,16,16,16,16,16,16,16,16,16,16,16,16,16,16,16,16,16,16,16,16,16,16,16,16,16,16,16,16,16,16,16,16,16,16,16,16,16,16,16,16,16,16,16,16,16,16,16,16,16,16,16,16,16,16,16,16"
525,27.78,23.63,"9.65,11.24,12.51,13.68,14.60,15.30,15.81,16.18,16.62,16.87,17.05,17.24,17.46,17.70,17.91,18.09,18.34,18.48,18.59,18.70,18.83,18.98,19.11,19.22,19.38,19.48,19.55,19.63,19.73,19.82,19.92,20.02,20.13,20.20,20.27,20.34,20.41,20.49,20.58,20.74,20.82,20.89,20.95,21.01,21.06,21.13,21.23,21.41,21.47,21.53,21.59,21.63,21.68,21.74,21.84,22.03,22.08,22.13,22.17,22.22,22.26,22.31,22.41,22.60","1.3690,1.3476,1.2832,0.0001","1.4482,1.3936,1.1582,0.0001,0.0001,0.0001,0.0000,0.0000,0.0000,0.0000,0.0000,0.0000,0.0000,0.0000,0.0000,0.0000,0.0000,0.0000,0.0000,0.0000,0.0000,0.0000,0.0000,0.0000,0.0000,0.0000,0.0000,0.0000,0.0000,0.0000,0.0000,0.0000,0.0000,0.0000,0.0000,0.0000,0.0000,0.0000,0.0000,0.0000,0.0000,0.0000,0.0000,0.0000,0.0000,0.0000,0.0000,0.0000,0.0000,0.0000,0.0000,0.0000,0.0000,0.0000,0.0000,0.0000,0.0000,0.0000,0.0000,0.0000,0.0000,0.0000,0.0000,0.0000","3,11,3,11","23,23,23,23,23,23,23,23,23,23,23,23,23,23,23,23,23,23,23,23,23,23,23,23,23,23,23,23,23,23,23,23,23,23,23,23,23,23,23,23,23,23,23,23,23,23,23,23,23,23,23,23,23,23,23,23,23,23,23,23,23,23,23,23"
526,32.90,28.94,"10.82,12.06,12.87,13.59,14.36,15.03,15.57,15.95,16.24,16.48,16.69,16.89,17.12,17.37,17.62,17.83,17.98,18.11,18.24,18.36,18.50,18.66,18.83,18.97,19.07,19.16,19.25,19.34,19.44,19.55,19.68,19.79,19.86,19.92,19.99,20.06,20.14,20.24,20.34,20.44,20.49,20.54,20.64,20.74,20.84,20.93,21.02,21.11,21.20,21.29,21.38,21.46,21.54,21.61,21.69,21.76,21.84,21.92,21.99,22.05,22.11,22.18,22.25,22.31","1.1465,1.1407,1.1270,0.5859","1.1602,1.1055,1.0820,0.6518,0.0001,0.0001,0.0001,0.0000,0.0000,0.0000,0.0000,0.0000,0.0000,0.0000,0.0000,0.0000,0.0000,0.0000,0.0000,0.0000,0.0000,0.0000,0.0000,0.0000,0.0000,0.0000,0.0000,0.0000,0.0000,0.0000,0.0000,0.0000,0.0000,0.0000,0.0000,0.0000,0.0000,0.0000,0.0000,0.0000,0.0000,0.0000,0.0000,0.0000,0.0000,0.0000,0.0000,0.0000,0.0000,0.0000,0.0000,0.0000,0.0000,0.0000,0.0000,0.0000,0.0000,0.0000,0.0000,0.0000,0.0000,0.0000,0.0000,0.0000","11,0,11,0","31,31,31,31,31,31,31,31,31,31,31,31,31,31,31,31,31,31,31,31,31,31,31,31,31,31,31,31,31,31,31,31,31,31,31,31,31,31,31,31,31,8,8,8,8,31,31,31,8,8,8,8,31,31,31,31,8,8,8,8,31,31,31,31"
527,32.96,27.50,"8.88,10.55,11.63,12.46,13.00,13.33,13.51,13.60,13.70,13.90,14.17,14.47,14.75,14.94,15.05,15.11,15.18,15.29,15.45,15.65,15.83,15.98,16.09,16.14,16.20,16.28,16.39,16.53,16.68,16.82,16.93,17.00,17.04,17.10,17.19,17.30,17.41,17.53,17.63,17.71,17.75,17.79,17.86,17.94,18.04,18.14,18.24,18.32,18.35,18.39,18.44,18.51,18.58,18.67,18.76,18.84,18.87,18.90,18.93,18.99,19.06,19.13,19.21,19.29","1.0588,1.0566,1.0145,0.5792","1.3906,1.1865,0.9312,0.4910,0.0001,0.0001,0.0001,0.0000,0.0000,0.0000,0.0000,0.0000,0.0000,0.0000,0.0000,0.0000,0.0000,0.0000,0.0000,0.0000,0.0000,0.0000,0.0000,0.0000,0.0000,0.0000,0.0000,0.0000,0.0000,0.0000,0.0000,0.0000,0.0000,0.0000,0.0000,0.0000,0.0000,0.0000,0.0000,0.0000,0.0000,0.0000,0.0000,0.0000,0.0000,0.0000,0.0000,0.0000,0.0000,0.0000,0.0000,0.0000,0.0000,0.0000,0.0000,0.0000,0.0000,0.0000,0.0000,0.0000,0.0000,0.0000,0.0000,0.0000","15,5,15,7","24,24,24,24,24,24,24,24,24,24,24,24,24,24,24,24,24,24,24,24,24,24,24,24,24,24,24,24,24,24,24,24,24,24,24,24,24,24,24,24,24,24,24,24,24,24,24,24,24,24,24,24,24,24,24,24,24,24,24,24,24,24,24,24"
528,24.40,21.05,"9.57,10.92,11.76,12.36,12.78,13.08,13.28,13.40,13.53,13.70,13.90,14.11,14.29,14.45,14.58,14.68,14.75,14.85,14.98,15.13,15.28,15.43,15.54,15.62,15.67,15.73,15.83,15.94,16.07,16.20,16.31,16.37,16.41,16.46,16.52,16.62,16.72,16.84,16.93,16.98,17.03,17.07,17.12,17.18,17.27,17.37,17.45,17.49,17.56,17.61,17.64,17.69,17.76,17.84,17.90,17.93,18.02,18.07,18.11,18.15,18.20,18.26,18.30,18.33","1.4678,1.3976,1.1348,0.0001","1.9375,1.7871,0.2759,0.0001,0.0001,0.0001,0.0000,0.0000,0.0000,0.0000,0.0000,0.0000,0.0000,0.0000,0.0000,0.0000,0.0000,0.0000,0.0000,0.0000,0.0000,0.0000,0.0000,0.0000,0.0000,0.0000,0.0000,0.0000,0.0000,0.0000,0.0000,0.0000,0.0000,0.0000,0.0000,0.0000,0.0000,0.0000,0.0000,0.0000,0.0000,0.0000,0.0000,0.0000,0.0000,0.0000,0.0000,0.0000,0.0000,0.0000,0.0000,0.0000,0.0000,0.0000,0.0000,0.0000,0.0000,0.0000,0.0000,0.0000,0.0000,0.0000,0.0000,0.0000","8,0,8,8","22,22,22,22,22,22,22,22,22,22,22,22,22,22,22,22,22,22,22,22,22,22,22,15,22,22,22,22,22,22,22,15,22,22,22,22,22,22,22,22,22,22,22,22,22,22,22,22,22,22,22,22,22,22,22,22,22,22,22,22,22,22,22,22"
529,24.72,22.70,"10.74,12.00,12.78,13.32,13.70,14.05,14.37,14.59,14.93,15.22,15.43,15.62,15.81,16.02,16.22,16.37,16.61,16.80,16.96,17.07,17.18,17.31,17.44,17.56,17.73,17.89,18.01,18.09,18.17,18.26,18.36,18.45,18.58,18.70,18.80,18.87,18.93,18.99,19.06,19.13,19.23,19.33,19.42,19.47,19.51,19.56,19.62,19.67,19.75,19.82,19.90,19.95,19.98,20.01,20.05,20.10,20.15,20.21,20.27,20.31,20.35,20.37,20.40,20.43","1.5763,1.5431,0.8803,0.0001","2.0312,1.9688,0.0001,0.0001,0.0001,0.0001,0.0000,0.0000,0.0000,0.0000,0.0000,0.0000,0.0000,0.0000,0.0000,0.0000,0.0000,0.0000,0.0000,0.0000,0.0000,0.0000,0.0000,0.0000,0.0000,0.0000,0.0000,0.0000,0.0000,0.0000,0.0000,0.0000,0.0000,0.0000,0.0000,0.0000,0.0000,0.0000,0.0000,0.0000,0.0000,0.0000,0.0000,0.0000,0.0000,0.0000,0.0000,0.0000,0.0000,0.0000,0.0000,0.0000,0.0000,0.0000,0.0000,0.0000,0.0000,0.0000,0.0000,0.0000,0.0000,0.0000,0.0000,0.0000","11,11,11,11","15,15,15,15,15,15,15,15,15,15,15,15,15,15,15,15,15,15,15,15,15,15,15,15,15,15,15,15,15,15,15,15,15,15,15,15,15,15,15,15,15,15,15,15,15,15,15,15,15,15,15,15,31,15,15,15,15,15,15,15,15,15,15,31"
530,30.98,26.03,"9.74,11.19,12.12,12.79,13.29,13.75,14.13,14.44,14.68,14.89,15.12,15.37,15.64,15.90,16.13,16.31,16.42,16.53,16.68,16.87,17.07,17.28,17.46,17.60,17.65,17.73,17.84,17.99,18.17,18.36,18.52,18.64,18.67,18.73,18.82,18.95,19.11,19.27,19.42,19.53,19.55,19.62,19.71,19.83,19.97,20.11,20.23,20.34,20.40,20.47,20.56,20.67,20.78,20.90,20.99,21.09,21.16,21.23,21.31,21.40,21.49,21.58,21.66,21.74","1.1250,1.1192,1.0715,0.6834","1.4405,1.4238,1.1348,0.0001,0.0001,0.0001,0.0000,0.0000,0.0000,0.0000,0.0000,0.0000,0.0000,0.0000,0.0000,0.0000,0.0000,0.0000,0.0000,0.0000,0.0000,0.0000,0.0000,0.0000,0.0000,0.0000,0.0000,0.0000,0.0000,0.0000,0.0000,0.0000,0.0000,0.0000,0.0000,0.0000,0.0000,0.0000,0.0000,0.0000,0.0000,0.0000,0.0000,0.0000,0.0000,0.0000,0.0000,0.0000,0.0000,0.0000,0.0000,0.0000,0.0000,0.0000,0.0000,0.0000,0.0000,0.0000,0.0000,0.0000,0.0000,0.0000,0.0000,0.0000","15,15,15,7","14,14,14,14,14,14,14,14,14,14,14,14,14,14,14,31,14,14,14,14,14,14,14,14,14,14,14,14,14,14,14,14,14,14,14,14,14,14,14,14,14,14,14,14,14,14,14,14,14,14,14,14,14,14,14,14,14,14,14,14,14,14,14,14"
531,24.60,21.66,"11.12,12.37,13.16,13.71,14.11,14.39,14.58,14.71,14.89,15.12,15.33,15.54,15.72,15.88,16.03,16.17,16.43,16.65,16.83,16.98,17.09,17.20,17.30,17.42,17.67,17.89,18.06,18.19,18.28,18.35,18.42,18.49,18.71,18.90,19.06,19.17,19.26,19.31,19.35,19.40,19.56,19.71,19.85,19.95,20.02,20.06,20.10,20.13,20.24,20.35,20.46,20.53,20.59,20.63,20.66,20.68,20.74,20.82,20.88,20.94,20.98,21.02,21.03,21.05","1.4179,1.3464,1.1464,0.0890","2.0605,1.9385,0.0001,0.0001,0.0001,0.0001,0.0000,0.0000,0.0000,0.0000,0.0000,0.0000,0.0000,0.0000,0.0000,0.0000,0.0000,0.0000,0.0000,0.0000,0.0000,0.0000,0.0000,0.0000,0.0000,0.0000,0.0000,0.0000,0.0000,0.0000,0.0000,0.0000,0.0000,0.0000,0.0000,0.0000,0.0000,0.0000,0.0000,0.0000,0.0000,0.0000,0.0000,0.0000,0.0000,0.0000,0.0000,0.0000,0.0000,0.0000,0.0000,0.0000,0.0000,0.0000,0.0000,0.0000,0.0000,0.0000,0.0000,0.0000,0.0000,0.0000,0.0000,0.0000","8,8,8,8","23,23,23,23,23,23,23,23,23,23,23,23,23,23,23,23,23,23,23,23,23,23,23,23,23,23,23,23,23,23,23,23,23,23,23,23,23,23,23,23,23,23,23,23,23,23,23,23,23,23,23,23,23,23,23,23,23,23,23,23,23,23,23,23"
532,20.45,19.58,"11.56,12.85,13.65,14.21,14.60,14.87,15.06,15.19,15.32,15.48,15.66,15.85,16.00,16.13,16.22,16.29,16.35,16.45,16.55,16.66,16.76,16.84,16.90,16.95,16.99,17.06,17.13,17.20,17.28,17.33,17.38,17.42,17.45,17.49,17.56,17.61,17.65,17.70,17.75,17.77,17.79,17.83,17.87,17.92,17.95,18.00,18.03,18.04,18.07,18.10,18.13,18.16,18.19,18.26,18.30,18.32,18.34,18.35,18.40,18.44,18.49,18.55,18.61,18.66","2.0293,1.3248,0.6466,0.0001","2.5586,1.4424,0.0001,0.0001,0.0001,0.0001,0.0000,0.0000,0.0000,0.0000,0.0000,0.0000,0.0000,0.0000,0.0000,0.0000,0.0000,0.0000,0.0000,0.0000,0.0000,0.0000,0.0000,0.0000,0.0000,0.0000,0.0000,0.0000,0.0000,0.0000,0.0000,0.0000,0.0000,0.0000,0.0000,0.0000,0.0000,0.0000,0.0000,0.0000,0.0000,0.0000,0.0000,0.0000,0.0000,0.0000,0.0000,0.0000,0.0000,0.0000,0.0000,0.0000,0.0000,0.0000,0.0000,0.0000,0.0000,0.0000,0.0000,0.0000,0.0000,0.0000,0.0000,0.0000","15,15,15,15","14,14,14,14,14,14,14,14,14,14,14,14,14,14,14,14,14,14,14,14,14,14,14,14,14,14,14,14,14,14,14,14,14,14,14,14,14,14,14,14,14,14,14,14,14,14,14,14,14,14,14,14,14,14,14,14,14,14,14,14,14,14,14,14"
533,26.46,22.26,"10.18,11.34,12.05,12.53,12.86,13.09,13.24,13.34,13.55,13.77,13.97,14.16,14.32,14.48,14.62,14.74,14.89,15.03,15.16,15.28,15.39,15.51,15.62,15.73,15.84,15.95,16.04,16.12,16.21,16.30,16.39,16.48,16.57,16.65,16.72,16.78,16.85,16.92,17.00,17.07,17.14,17.20,17.26,17.31,17.36,17.42,17.49,17.57,17.63,17.69,17.75,17.80,17.85,17.92,17.99,18.07,18.13,18.19,18.24,18.30,18.35,18.41,18.48,18.56","1.1700,1.1114,1.0479,0.6709","1.4931,1.3340,1.1728,0.0001,0.0001,0.0001,0.0000,0.0000,0.0000,0.0000,0.0000,0.0000,0.0000,0.0000,0.0000,0.0000,0.0000,0.0000,0.0000,0.0000,0.0000,0.0000,0.0000,0.0000,0.0000,0.0000,0.0000,0.0000,0.0000,0.0000,0.0000,0.0000,0.0000,0.0000,0.0000,0.0000,0.0000,0.0000,0.0000,0.0000,0.0000,0.0000,0.0000,0.0000,0.0000,0.0000,0.0000,0.0000,0.0000,0.0000,0.0000,0.0000,0.0000,0.0000,0.0000,0.0000,0.0000,0.0000,0.0000,0.0000,0.0000,0.0000,0.0000,0.0000","12,7,12,12","6,6,6,6,6,6,6,6,6,6,6,6,6,6,6,6,6,6,6,6,6,6,6,6,6,6,6,6,6,6,6,6,6,6,6,6,6,6,6,6,6,6,6,6,6,6,6,6,6,6,6,6,6,6,6,6,6,6,6,6,6,6,6,6"
534,24.15,20.22,"10.70,11.82,12.51,13.00,13.38,13.67,13.89,14.11,14.30,14.48,14.67,14.84,15.00,15.16,15.33,15.51,15.61,15.72,15.83,15.93,16.04,16.15,16.26,16.38,16.45,16.51,16.59,16.66,16.74,16.81,16.89,16.97,17.03,17.08,17.13,17.19,17.25,17.30,17.36,17.42,17.48,17.52,17.57,17.61,17.66,17.70,17.75,17.81,17.88,17.94,17.98,18.03,18.08,18.15,18.22,18.32,18.41,18.47,18.52,18.56,18.62,18.69,18.78,18.88","1.3643,1.2512,1.1102,0.2746","1.6865,1.2832,1.0303,0.0001,0.0001,0.0001,0.0000,0.0000,0.0000,0.0000,0.0000,0.0000,0.0000,0.0000,0.0000,0.0000,0.0000,0.0000,0.0000,0.0000,0.0000,0.0000,0.0000,0.0000,0.0000,0.0000,0.0000,0.0000,0.0000,0.0000,0.0000,0.0000,0.0000,0.0000,0.0000,0.0000,0.0000,0.0000,0.0000,0.0000,0.0000,0.0000,0.0000,0.0000,0.0000,0.0000,0.0000,0.0000,0.0000,0.0000,0.0000,0.0000,0.0000,0.0000,0.0000,0.0000,0.0000,0.0000,0.0000,0.0000,0.0000,0.0000,0.0000,0.0000","12,10,10,12","6,6,6,6,6,6,6,6,6,6,6,6,6,6,6,6,6,6,6,6,6,6,6,6,6,6,6,6,6,6,6,6,6,6,6,6,6,6,6,6,6,6,6,6,6,6,6,6,6,6,6,6,6,6,6,6,6,6,6,6,6,6,6,6"
535,22.43,20.04,"10.16,11.33,12.04,12.55,12.93,13.22,13.43,13.59,13.74,13.91,14.09,14.25,14.40,14.54,14.64,14.73,14.81,14.90,15.01,15.11,15.20,15.29,15.36,15.42,15.48,15.54,15.61,15.69,15.75,15.82,15.88,15.93,15.97,16.02,16.07,16.14,16.21,16.28,16.35,16.41,16.44,16.48,16.53,16.59,16.65,16.73,16.79,16.85,16.88,16.91,16.95,17.01,17.06,17.13,17.19,17.26,17.27,17.30,17.34,17.38,17.43,17.49,17.54,17.59","1.6995,1.5447,0.7007,0.0561","2.1934,1.8057,0.0001,0.0001,0.0001,0.0001,0.0000,0.0000,0.0000,0.0000,0.0000,0.0000,0.0000,0.0000,0.0000,0.0000,0.0000,0.0000,0.0000,0.0000,0.0000,0.0000,0.0000,0.0000,0.0000,0.0000,0.0000,0.0000,0.0000,0.0000,0.0000,0.0000,0.0000,0.0000,0.0000,0.0000,0.0000,0.0000,0.0000,0.0000,0.0000,0.0000,0.0000,0.0000,0.0000,0.0000,0.0000,0.0000,0.0000,0.0000,0.0000,0.0000,0.0000,0.0000,0.0000,0.0000,0.0000,0.0000,0.0000,0.0000,0.0000,0.0000,0.0000,0.0000","15,7,15,7","15,15,15,15,15,15,15,15,15,15,15,15,15,15,15,15,15,15,15,15,15,15,15,15,15,15,15,15,15,15,15,15,15,15,15,15,15,15,15,15,15,15,15,15,15,15,15,15,15,15,15,15,15,15,15,15,15,15,15,15,15,15,15,15"
536,21.53,18.31,"8.69,10.07,10.99,11.68,12.20,12.58,12.86,13.04,13.13,13.26,13.43,13.61,13.79,13.94,14.06,14.15,14.21,14.28,14.38,14.49,14.60,14.70,14.77,14.82,14.86,14.92,14.99,15.07,15.15,15.22,15.26,15.30,15.33,15.39,15.44,15.51,15.57,15.62,15.65,15.68,15.72,15.78,15.84,15.90,15.94,15.97,16.01,16.03,16.09,16.15,16.20,16.25,16.28,16.31,16.34,16.36,16.42,16.48,16.53,16.57,16.59,16.61,16.63,16.66","1.7217,1.4119,0.7494,0.1167","2.3613,1.6377,0.0001,0.0001,0.0001,0.0001,0.0000,0.0000,0.0000,0.0000,0.0000,0.0000,0.0000,0.0000,0.0000,0.0000,0.0000,0.0000,0.0000,0.0000,0.0000,0.0000,0.0000,0.0000,0.0000,0.0000,0.0000,0.0000,0.0000,0.0000,0.0000,0.0000,0.0000,0.0000,0.0000,0.0000,0.0000,0.0000,0.0000,0.0000,0.0000,0.0000,0.0000,0.0000,0.0000,0.0000,0.0000,0.0000,0.0000,0.0000,0.0000,0.0000,0.0000,0.0000,0.0000,0.0000,0.0000,0.0000,0.0000,0.0000,0.0000,0.0000,0.0000,0.0000","12,6,12,6","63,63,63,63,63,63,63,63,63,63,63,63,63,63,63,63,63,63,63,63,63,63,63,63,63,63,63,63,63,63,63,63,63,63,63,63,63,63,63,63,63,63,63,63,63,63,63,63,63,63,63,63,63,63,63,63,63,63,63,63,63,63,63,63"
537,23.35,19.54,"10.52,11.85,12.64,13.14,13.45,13.63,13.73,13.78,13.93,14.12,14.34,14.53,14.69,14.79,14.84,14.88,14.94,15.04,15.16,15.28,15.39,15.46,15.51,15.53,15.57,15.62,15.71,15.79,15.87,15.93,15.98,16.01,16.04,16.08,16.14,16.20,16.27,16.32,16.36,16.39,16.42,16.45,16.50,16.55,16.60,16.64,16.68,16.71,16.74,16.78,16.80,16.84,16.89,16.93,16.95,16.99,17.02,17.04,17.07,17.10,17.13,17.16,17.19,17.21","1.3240,1.0908,1.0500,0.5356","2.2480,1.1367,0.6147,0.0001,0.0001,0.0001,0.0001,0.0000,0.0000,0.0000,0.0000,0.0000,0.0000,0.0000,0.0000,0.0000,0.0000,0.0000,0.0000,0.0000,0.0000,0.0000,0.0000,0.0000,0.0000,0.0000,0.0000,0.0000,0.0000,0.0000,0.0000,0.0000,0.0000,0.0000,0.0000,0.0000,0.0000,0.0000,0.0000,0.0000,0.0000,0.0000,0.0000,0.0000,0.0000,0.0000,0.0000,0.0000,0.0000,0.0000,0.0000,0.0000,0.0000,0.0000,0.0000,0.0000,0.0000,0.0000,0.0000,0.0000,0.0000,0.0000,0.0000,0.0000","15,4,4,4","63,63,63,63,63,63,63,63,63,63,63,63,63,63,63,63,63,63,63,63,63,63,63,63,63,63,63,63,63,63,63,63,63,63,63,63,63,63,63,63,63,63,63,63,63,63,63,63,63,63,63,63,63,63,63,63,63,63,63,63,63,63,63,63"
538,28.69,22.87,"10.33,11.52,12.26,12.79,13.19,13.50,13.73,13.90,14.03,14.18,14.34,14.50,14.64,14.77,14.87,14.96,15.03,15.11,15.20,15.30,15.39,15.47,15.53,15.59,15.64,15.70,15.76,15.83,15.89,15.95,16.00,16.04,16.07,16.12,16.17,16.22,16.27,16.30,16.35,16.38,16.41,16.45,16.48,16.52,16.56,16.60,16.62,16.65,16.67,16.70,16.73,16.76,16.79,16.82,16.84,16.86,16.88,16.90,16.93,16.96,16.98,17.01,17.03,17.03","0.9238,0.8769,0.8178,0.6697","1.7969,1.0771,0.6177,0.5073,0.0001,0.0001,0.0001,0.0000,0.0000,0.0000,0.0000,0.0000,0.0000,0.0000,0.0000,0.0000,0.0000,0.0000,0.0000,0.0000,0.0000,0.0000,0.0000,0.0000,0.0000,0.0000,0.0000,0.0000,0.0000,0.0000,0.0000,0.0000,0.0000,0.0000,0.0000,0.0000,0.0000,0.0000,0.0000,0.0000,0.0000,0.0000,0.0000,0.0000,0.0000,0.0000,0.0000,0.0000,0.0000,0.0000,0.0000,0.0000,0.0000,0.0000,0.0000,0.0000,0.0000,0.0000,0.0000,0.0000,0.0000,0.0000,0.0000,0.0000","11,5,5,5","62,62,62,62,62,62,62,62,62,62,62,62,62,62,62,62,62,62,62,62,62,62,62,62,62,62,62,62,62,62,62,62,62,62,62,62,62,62,62,62,62,62,62,62,62,62,62,62,62,62,62,62,62,62,62,62,62,62,62,62,62,62,62,62"
539,43.12,34.60,"9.87,10.98,11.64,12.09,12.41,12.65,12.82,12.94,13.11,13.29,13.47,13.65,13.82,13.95,14.06,14.15,14.24,14.36,14.48,14.61,14.71,14.81,14.88,14.94,15.00,15.08,15.17,15.26,15.36,15.44,15.50,15.55,15.60,15.66,15.73,15.80,15.88,15.94,15.98,16.03,16.06,16.10,16.15,16.21,16.27,16.32,16.36,16.40,16.43,16.46,16.50,16.55,16.60,16.64,16.68,16.70,16.73,16.75,16.79,16.82,16.86,16.89,16.92,16.94","0.6842,0.6835,0.6759,0.6352","1.1211,1.0322,0.9302,0.9165,0.0001,0.0001,0.0001,0.0001,0.0000,0.0000,0.0000,0.0000,0.0000,0.0000,0.0000,0.0000,0.0000,0.0000,0.0000,0.0000,0.0000,0.0000,0.0000,0.0000,0.0000,0.0000,0.0000,0.0000,0.0000,0.0000,0.0000,0.0000,0.0000,0.0000,0.0000,0.0000,0.0000,0.0000,0.0000,0.0000,0.0000,0.0000,0.0000,0.0000,0.0000,0.0000,0.0000,0.0000,0.0000,0.0000,0.0000,0.0000,0.0000,0.0000,0.0000,0.0000,0.0000,0.0000,0.0000,0.0000,0.0000,0.0000,0.0000,0.0000","11,9,1,9","62,62,62,62,62,62,62,62,62,62,62,62,62,62,62,62,62,62,62,62,62,62,62,62,62,62,62,62,62,62,62,62,62,62,62,62,62,62,62,62,62,62,62,62,62,62,62,62,62,62,62,62,62,62,62,62,63,62,63,62,62,62,62,62"
540,41.00,32.88,"10.51,11.73,12.46,12.95,13.26,13.46,13.58,13.63,13.78,13.97,14.17,14.35,14.49,14.60,14.66,14.70,14.77,14.86,14.97,15.08,15.18,15.26,15.31,15.35,15.40,15.51,15.62,15.72,15.81,15.88,15.93,15.96,16.09,16.23,16.33,16.41,16.49,16.55,16.60,16.63,16.72,16.82,16.90,16.97,17.04,17.09,17.14,17.17,17.24,17.31,17.38,17.44,17.50,17.55,17.59,17.62,17.67,17.73,17.79,17.84,17.89,17.93,17.96,17.99","0.7763,0.7753,0.7627,0.7062","1.2501,0.9732,0.9502,0.8262,0.0001,0.0001,0.0001,0.0000,0.0000,0.0000,0.0000,0.0000,0.0000,0.0000,0.0000,0.0000,0.0000,0.0000,0.0000,0.0000,0.0000,0.0000,0.0000,0.0000,0.0000,0.0000,0.0000,0.0000,0.0000,0.0000,0.0000,0.0000,0.0000,0.0000,0.0000,0.0000,0.0000,0.0000,0.0000,0.0000,0.0000,0.0000,0.0000,0.0000,0.0000,0.0000,0.0000,0.0000,0.0000,0.0000,0.0000,0.0000,0.0000,0.0000,0.0000,0.0000,0.0000,0.0000,0.0000,0.0000,0.0000,0.0000,0.0000,0.0000","11,5,13,5","46,46,46,46,46,46,46,46,46,46,46,46,46,46,46,46,46,46,46,46,46,46,46,30,30,30,30,30,46,46,46,46,30,30,30,30,46,46,46,46,30,30,30,30,46,46,46,46,30,30,30,30,46,46,46,46,30,30,30,30,46,46,46,46"
541,43.93,34.15,"10.70,11.83,12.49,12.91,13.18,13.35,13.45,13.56,13.77,14.00,14.21,14.38,14.53,14.72,14.92,15.06,15.16,15.29,15.43,15.56,15.69,15.83,15.96,16.06,16.13,16.22,16.32,16.41,16.52,16.62,16.72,16.83,16.89,16.96,17.03,17.11,17.19,17.29,17.40,17.51,17.56,17.62,17.67,17.72,17.78,17.86,17.95,18.05,18.09,18.13,18.17,18.21,18.26,18.32,18.40,18.49,18.52,18.56,18.59,18.62,18.65,18.70,18.77,18.85","0.6308,0.6303,0.6216,0.5947","1.2207,0.9643,0.9556,0.8594,0.0001,0.0001,0.0001,0.0001,0.0000,0.0000,0.0000,0.0000,0.0000,0.0000,0.0000,0.0000,0.0000,0.0000,0.0000,0.0000,0.0000,0.0000,0.0000,0.0000,0.0000,0.0000,0.0000,0.0000,0.0000,0.0000,0.0000,0.0000,0.0000,0.0000,0.0000,0.0000,0.0000,0.0000,0.0000,0.0000,0.0000,0.0000,0.0000,0.0000,0.0000,0.0000,0.0000,0.0000,0.0000,0.0000,0.0000,0.0000,0.0000,0.0000,0.0000,0.0000,0.0000,0.0000,0.0000,0.0000,0.0000,0.0000,0.0000,0.0000","8,10,8,1","55,55,55,55,55,55,55,22,55,55,55,55,22,22,22,22,55,55,55,55,22,22,22,22,55,55,55,55,55,22,55,55,55,55,55,55,55,55,55,55,55,55,55,55,55,55,55,55,55,55,55,55,55,22,55,55,55,55,55,55,55,22,55,55"
542,44.78,33.61,"11.39,12.49,13.11,13.51,13.77,14.00,14.23,14.43,14.91,15.22,15.43,15.60,15.75,15.90,16.05,16.17,16.52,16.76,16.91,17.02,17.12,17.21,17.30,17.38,17.65,17.86,17.99,18.08,18.15,18.21,18.27,18.33,18.55,18.72,18.84,18.92,18.98,19.03,19.07,19.11,19.29,19.44,19.54,19.62,19.68,19.72,19.75,19.79,19.92,20.05,20.14,20.22,20.26,20.30,20.34,20.37,20.46,20.56,20.66,20.72,20.77,20.81,20.83,20.86","0.6377,0.6368,0.6192,0.6065","1.1367,1.0498,0.9263,0.8877,0.0001,0.0001,0.0001,0.0001,0.0000,0.0000,0.0000,0.0000,0.0000,0.0000,0.0000,0.0000,0.0000,0.0000,0.0000,0.0000,0.0000,0.0000,0.0000,0.0000,0.0000,0.0000,0.0000,0.0000,0.0000,0.0000,0.0000,0.0000,0.0000,0.0000,0.0000,0.0000,0.0000,0.0000,0.0000,0.0000,0.0000,0.0000,0.0000,0.0000,0.0000,0.0000,0.0000,0.0000,0.0000,0.0000,0.0000,0.0000,0.0000,0.0000,0.0000,0.0000,0.0000,0.0000,0.0000,0.0000,0.0000,0.0000,0.0000,0.0000","15,4,6,4","46,46,46,46,46,46,46,46,46,46,46,46,46,46,46,46,46,46,46,46,46,46,46,46,46,46,46,46,46,46,46,46,46,46,46,46,46,46,46,46,46,46,46,46,46,46,46,46,46,46,46,46,46,46,46,46,46,46,46,46,46,46,46,46"
543,41.52,32.43,"10.44,11.56,12.59,13.35,13.96,14.40,14.76,15.02,15.30,15.57,15.83,16.08,16.32,16.54,16.73,16.89,17.03,17.18,17.34,17.49,17.64,17.77,17.89,18.01,18.09,18.19,18.30,18.41,18.52,18.61,18.69,18.78,18.84,18.91,18.99,19.08,19.16,19.24,19.31,19.37,19.42,19.47,19.53,19.60,19.66,19.73,19.78,19.83,19.87,19.91,19.96,20.02,20.08,20.13,20.18,20.23,20.27,20.32,20.38,20.44,20.49,20.54,20.59,20.63","0.6939,0.6929,0.6670,0.6475","1.1621,1.0918,0.9448,0.8017,0.0001,0.0001,0.0001,0.0000,0.0000,0.0000,0.0000,0.0000,0.0000,0.0000,0.0000,0.0000,0.0000,0.0000,0.0000,0.0000,0.0000,0.0000,0.0000,0.0000,0.0000,0.0000,0.0000,0.0000,0.0000,0.0000,0.0000,0.0000,0.0000,0.0000,0.0000,0.0000,0.0000,0.0000,0.0000,0.0000,0.0000,0.0000,0.0000,0.0000,0.0000,0.0000,0.0000,0.0000,0.0000,0.0000,0.0000,0.0000,0.0000,0.0000,0.0000,0.0000,0.0000,0.0000,0.0000,0.0000,0.0000,0.0000,0.0000,0.0000","12,10,4,4","38,38,38,38,32,32,32,32,38,38,38,38,38,32,32,32,38,38,38,38,38,38,32,32,38,38,38,38,32,38,32,32,38,38,38,38,38,32,38,32,38,38,38,38,38,38,38,32,38,32,32,38,32,38,32,32,32,32,32,32,32,32,38,32"
544,45.08,35.51,"10.93,12.36,13.42,14.28,14.74,15.23,15.55,15.84,16.12,16.39,16.71,16.96,17.24,17.42,17.67,17.78,17.91,18.11,18.27,18.46,18.60,18.78,18.81,19.04,19.18,19.28,19.42,19.53,19.64,19.74,19.86,19.87,19.93,20.04,20.11,20.16,20.24,20.33,20.39,20.49,20.59,20.65,20.73,20.80,20.89,20.96,21.05,21.12,21.16,21.23,21.32,21.40,21.49,21.57,21.64,21.70,21.76,21.83,21.91,21.99,22.05,22.12,22.21,22.29","0.6367,0.6358,0.6324,0.5855","1.0860,1.0469,0.9590,0.9092,0.0001,0.0001,0.0001,0.0001,0.0000,0.0000,0.0000,0.0000,0.0000,0.0000,0.0000,0.0000,0.0000,0.0000,0.0000,0.0000,0.0000,0.0000,0.0000,0.0000,0.0000,0.0000,0.0000,0.0000,0.0000,0.0000,0.0000,0.0000,0.0000,0.0000,0.0000,0.0000,0.0000,0.0000,0.0000,0.0000,0.0000,0.0000,0.0000,0.0000,0.0000,0.0000,0.0000,0.0000,0.0000,0.0000,0.0000,0.0000,0.0000,0.0000,0.0000,0.0000,0.0000,0.0000,0.0000,0.0000,0.0000,0.0000,0.0000,0.0000","8,0,0,8","38,38,38,32,38,32,38,32,38,38,32,38,32,38,32,38,38,32,38,32,38,32,38,32,32,38,32,38,38,38,32,44,38,32,38,38,38,32,38,32,32,38,32,32,32,32,32,32,32,32,32,32,32,32,32,38,38,32,32,38,32,32,32,38"
545,51.61,41.53,"10.32,13.28,14.63,15.54,16.32,16.94,17.39,17.78,18.13,18.52,18.92,19.32,19.68,19.97,20.23,20.43,20.61,20.90,21.19,21.45,21.68,21.90,22.09,22.26,22.45,22.63,22.80,22.98,23.15,23.31,23.47,23.61,23.75,23.89,24.03,24.17,24.31,24.44,24.56,24.68,24.78,24.89,24.99,25.11,25.22,25.34,25.44,25.54,25.63,25.73,25.82,25.91,26.01,26.10,26.19,26.28,26.36,26.44,26.52,26.60,26.69,26.77,26.85,26.93","0.6744,0.6739,0.6726,0.6694","1.0332,1.0020,0.9902,0.9746,0.0001,0.0001,0.0001,0.0001,0.0000,0.0000,0.0000,0.0000,0.0000,0.0000,0.0000,0.0000,0.0000,0.0000,0.0000,0.0000,0.0000,0.0000,0.0000,0.0000,0.0000,0.0000,0.0000,0.0000,0.0000,0.0000,0.0000,0.0000,0.0000,0.0000,0.0000,0.0000,0.0000,0.0000,0.0000,0.0000,0.0000,0.0000,0.0000,0.0000,0.0000,0.0000,0.0000,0.0000,0.0000,0.0000,0.0000,0.0000,0.0000,0.0000,0.0000,0.0000,0.0000,0.0000,0.0000,0.0000,0.0000,0.0000,0.0000,0.0000","8,0,10,0","46,34,46,40,34,34,40,40,46,46,34,40,40,34,34,40,40,40,46,46,40,34,40,40,40,40,46,34,46,34,40,40,40,40,40,46,34,34,40,40,40,40,40,46,46,34,40,40,40,40,34,34,46,34,40,40,40,40,40,34,46,34,40,40"
546,52.55,39.38,"10.10,13.61,14.82,15.70,16.60,17.38,17.94,18.39,18.78,19.33,19.78,20.14,20.48,20.79,21.06,21.30,21.52,21.76,22.01,22.25,22.46,22.67,22.86,23.01,23.22,23.40,23.55,23.71,23.86,24.00,24.12,24.28,24.37,24.45,24.60,24.75,24.88,25.00,25.11,25.22,25.32,25.41,25.52,25.63,25.75,25.84,25.94,26.03,26.10,26.17,26.26,26.37,26.48,26.57,26.64,26.73,26.80,26.87,26.94,27.04,27.12,27.20,27.27,27.33","0.6089,0.6085,0.6078,0.5976","1.0732,1.0186,1.0058,0.9033,0.0001,0.0001,0.0001,0.0001,0.0000,0.0000,0.0000,0.0000,0.0000,0.0000,0.0000,0.0000,0.0000,0.0000,0.0000,0.0000,0.0000,0.0000,0.0000,0.0000,0.0000,0.0000,0.0000,0.0000,0.0000,0.0000,0.0000,0.0000,0.0000,0.0000,0.0000,0.0000,0.0000,0.0000,0.0000,0.0000,0.0000,0.0000,0.0000,0.0000,0.0000,0.0000,0.0000,0.0000,0.0000,0.0000,0.0000,0.0000,0.0000,0.0000,0.0000,0.0000,0.0000,0.0000,0.0000,0.0000,0.0000,0.0000,0.0000,0.0000","11,1,1,9","38,34,38,32,32,32,32,32,32,32,38,32,32,32,32,32,32,32,38,38,32,32,32,34,32,32,38,38,32,32,34,34,32,38,32,32,32,32,32,34,32,32,32,32,32,38,32,34,32,32,32,32,32,32,32,34,32,32,32,32,32,38,38,32"
547,40.30,34.16,"10.26,11.54,12.39,13.07,13.56,13.99,14.36,14.69,14.92,15.18,15.45,15.68,15.93,16.16,16.37,16.55,16.66,16.81,16.99,17.23,17.44,17.63,17.78,17.92,18.03,18.14,18.28,18.45,18.61,18.75,18.87,18.99,19.08,19.17,19.28,19.40,19.51,19.61,19.70,19.79,19.87,19.94,20.04,20.14,20.24,20.33,20.40,20.46,20.52,20.58,20.65,20.73,20.84,20.92,20.99,21.03,21.08,21.13,21.19,21.26,21.35,21.42,21.48,21.53","0.8442,0.8433,0.8221,0.7967","1.0742,1.0293,0.9824,0.9145,0.0001,0.0001,0.0001,0.0001,0.0000,0.0000,0.0000,0.0000,0.0000,0.0000,0.0000,0.0000,0.0000,0.0000,0.0000,0.0000,0.0000,0.0000,0.0000,0.0000,0.0000,0.0000,0.0000,0.0000,0.0000,0.0000,0.0000,0.0000,0.0000,0.0000,0.0000,0.0000,0.0000,0.0000,0.0000,0.0000,0.0000,0.0000,0.0000,0.0000,0.0000,0.0000,0.0000,0.0000,0.0000,0.0000,0.0000,0.0000,0.0000,0.0000,0.0000,0.0000,0.0000,0.0000,0.0000,0.0000,0.0000,0.0000,0.0000,0.0000","12,5,12,5","46,46,31,31,46,31,31,31,46,46,46,31,31,31,31,31,46,46,31,31,31,31,31,31,46,46,31,31,31,31,31,31,46,31,31,31,31,31,31,31,46,46,31,31,31,31,31,31,46,46,46,31,31,31,31,46,46,46,46,46,31,31,31,31"
548,29.68,24.82,"11.06,12.29,13.02,13.51,13.83,14.04,14.16,14.21,14.35,14.53,14.71,14.89,15.03,15.13,15.19,15.24,15.31,15.40,15.50,15.61,15.71,15.78,15.84,15.92,15.98,16.03,16.10,16.19,16.27,16.33,16.37,16.45,16.51,16.55,16.60,16.67,16.73,16.78,16.83,16.89,16.95,16.99,17.02,17.08,17.14,17.18,17.22,17.27,17.35,17.38,17.41,17.45,17.51,17.55,17.58,17.63,17.71,17.74,17.77,17.81,17.86,17.90,17.93,17.96","0.9453,0.8678,0.8491,0.7721","1.4561,1.2705,0.8980,0.3750,0.0001,0.0001,0.0001,0.0000,0.0000,0.0000,0.0000,0.0000,0.0000,0.0000,0.0000,0.0000,0.0000,0.0000,0.0000,0.0000,0.0000,0.0000,0.0000,0.0000,0.0000,0.0000,0.0000,0.0000,0.0000,0.0000,0.0000,0.0000,0.0000,0.0000,0.0000,0.0000,0.0000,0.0000,0.0000,0.0000,0.0000,0.0000,0.0000,0.0000,0.0000,0.0000,0.0000,0.0000,0.0000,0.0000,0.0000,0.0000,0.0000,0.0000,0.0000,0.0000,0.0000,0.0000,0.0000,0.0000,0.0000,0.0000,0.0000,0.0000","12,4,12,4","47,47,47,47,47,47,47,47,47,47,47,47,47,47,47,47,47,47,47,47,47,47,47,47,47,47,47,47,47,47,47,47,47,47,47,47,47,47,47,47,47,47,47,47,47,47,47,47,47,47,47,47,47,47,47,47,47,47,47,47,47,47,47,47"
549,27.35,24.47,"10.74,11.81,12.45,12.89,13.21,13.44,13.62,13.75,13.91,14.07,14.23,14.37,14.50,14.60,14.69,14.76,14.85,14.96,15.06,15.16,15.27,15.36,15.43,15.49,15.58,15.69,15.80,15.90,15.99,16.08,16.14,16.19,16.25,16.32,16.40,16.49,16.57,16.64,16.71,16.76,16.81,16.86,16.91,16.98,17.04,17.11,17.17,17.23,17.27,17.31,17.36,17.41,17.46,17.51,17.57,17.62,17.66,17.70,17.75,17.79,17.84,17.89,17.93,17.98","1.3947,1.3711,1.2340,0.0001","1.4424,1.1182,1.0742,0.3652,0.0001,0.0001,0.0001,0.0000,0.0000,0.0000,0.0000,0.0000,0.0000,0.0000,0.0000,0.0000,0.0000,0.0000,0.0000,0.0000,0.0000,0.0000,0.0000,0.0000,0.0000,0.0000,0.0000,0.0000,0.0000,0.0000,0.0000,0.0000,0.0000,0.0000,0.0000,0.0000,0.0000,0.0000,0.0000,0.0000,0.0000,0.0000,0.0000,0.0000,0.0000,0.0000,0.0000,0.0000,0.0000,0.0000,0.0000,0.0000,0.0000,0.0000,0.0000,0.0000,0.0000,0.0000,0.0000,0.0000,0.0000,0.0000,0.0000,0.0000","12,5,12,12","46,46,46,46,46,46,46,46,46,46,46,46,46,46,46,46,40,40,40,40,40,40,46,46,40,40,40,40,40,40,40,46,46,40,40,40,40,40,40,40,46,46,40,40,40,40,40,40,46,46,40,40,40,40,40,40,46,46,40,40,40,40,40,40"
550,47.73,41.98,"10.58,17.88,19.11,20.67,21.76,22.59,23.27,23.85,24.51,25.10,25.55,25.92,26.20,26.44,26.70,27.03,27.52,27.81,28.08,28.33,28.53,28.69,28.85,29.06,29.37,29.58,29.76,29.92,30.09,30.22,30.34,30.49,30.73,30.89,31.01,31.15,31.28,31.40,31.49,31.61,31.81,31.94,32.04,32.14,32.25,32.35,32.44,32.52,32.70,32.81,32.90,32.98,33.07,33.16,33.23,33.30,33.48,33.58,33.64,33.73,33.81,33.89,33.96,34.03","0.7350,0.7344,0.6915,0.6864","1.0976,1.0733,1.0361,0.7930,0.0001,0.0001,0.0001,0.0000,0.0000,0.0000,0.0000,0.0000,0.0000,0.0000,0.0000,0.0000,0.0000,0.0000,0.0000,0.0000,0.0000,0.0000,0.0000,0.0000,0.0000,0.0000,0.0000,0.0000,0.0000,0.0000,0.0000,0.0000,0.0000,0.0000,0.0000,0.0000,0.0000,0.0000,0.0000,0.0000,0.0000,0.0000,0.0000,0.0000,0.0000,0.0000,0.0000,0.0000,0.0000,0.0000,0.0000,0.0000,0.0000,0.0000,0.0000,0.0000,0.0000,0.0000,0.0000,0.0000,0.0000,0.0000,0.0000,0.0000","8,8,1,1","39,33,39,33,33,33,33,33,33,39,39,39,33,33,33,33,33,33,39,39,39,33,33,33,33,33,39,33,39,39,33,33,33,33,39,33,33,39,39,33,33,33,39,33,33,33,39,33,33,33,39,39,39,39,39,33,33,33,33,33,33,33,39,33"
551,29.04,25.23,"8.86,10.19,11.16,12.15,12.80,13.26,13.61,13.86,14.15,14.47,14.78,15.04,15.25,15.44,15.60,15.74,15.87,16.05,16.24,16.40,16.54,16.66,16.76,16.85,16.93,17.05,17.18,17.32,17.43,17.52,17.59,17.65,17.71,17.79,17.90,18.00,18.10,18.18,18.24,18.29,18.31,18.36,18.44,18.53,18.61,18.69,18.74,18.78,18.80,18.85,18.90,18.98,19.05,19.12,19.17,19.21,19.23,19.26,19.31,19.37,19.43,19.49,19.53,19.57","1.5116,1.5088,0.9788,0.0001","1.5215,1.4492,1.0293,0.0001,0.0001,0.0001,0.0001,0.0000,0.0000,0.0000,0.0000,0.0000,0.0000,0.0000,0.0000,0.0000,0.0000,0.0000,0.0000,0.0000,0.0000,0.0000,0.0000,0.0000,0.0000,0.0000,0.0000,0.0000,0.0000,0.0000,0.0000,0.0000,0.0000,0.0000,0.0000,0.0000,0.0000,0.0000,0.0000,0.0000,0.0000,0.0000,0.0000,0.0000,0.0000,0.0000,0.0000,0.0000,0.0000,0.0000,0.0000,0.0000,0.0000,0.0000,0.0000,0.0000,0.0000,0.0000,0.0000,0.0000,0.0000,0.0000,0.0000,0.0000","3,5,3,5","40,40,46,40,40,24,24,24,40,40,40,40,40,24,24,24,40,40,40,40,40,24,24,24,24,40,40,40,40,40,24,24,24,24,40,40,40,40,24,24,24,24,40,40,40,40,24,24,24,40,40,40,40,40,24,24,24,24,40,40,40,40,40,24"
552,46.77,45.42,"11.01,17.16,20.10,21.51,22.56,23.78,24.69,25.44,26.14,26.67,27.14,27.52,27.86,28.18,28.48,28.85,29.32,29.59,29.87,30.12,30.37,30.55,30.73,30.96,31.28,31.48,31.67,31.86,32.04,32.18,32.30,32.46,32.71,32.87,33.01,33.16,33.31,33.43,33.52,33.65,33.86,34.00,34.11,34.23,34.35,34.46,34.54,34.64,34.83,34.94,35.03,35.13,35.23,35.33,35.41,35.49,35.65,35.75,35.82,35.91,36.00,36.09,36.16,36.23","0.7915,0.7909,0.7711,0.6098","1.0508,1.0410,1.0185,0.8897,0.0001,0.0001,0.0001,0.0001,0.0000,0.0000,0.0000,0.0000,0.0000,0.0000,0.0000,0.0000,0.0000,0.0000,0.0000,0.0000,0.0000,0.0000,0.0000,0.0000,0.0000,0.0000,0.0000,0.0000,0.0000,0.0000,0.0000,0.0000,0.0000,0.0000,0.0000,0.0000,0.0000,0.0000,0.0000,0.0000,0.0000,0.0000,0.0000,0.0000,0.0000,0.0000,0.0000,0.0000,0.0000,0.0000,0.0000,0.0000,0.0000,0.0000,0.0000,0.0000,0.0000,0.0000,0.0000,0.0000,0.0000,0.0000,0.0000,0.0000","5,15,5,5","33,47,33,33,47,33,33,33,33,47,47,33,47,33,33,33,33,33,47,47,33,33,33,33,33,33,47,47,33,33,33,33,33,33,47,47,33,47,33,33,33,33,33,47,33,47,33,33,33,33,33,47,33,47,33,33,33,33,33,47,33,47,33,33"
558,28.34,30.71,"11.56,13.43,15.10,16.39,17.41,18.22,18.88,19.42,19.87,20.13,20.31,20.45,20.63,20.84,21.09,21.32,21.55,21.72,21.83,21.91,22.00,22.12,22.27,22.43,22.59,22.71,22.79,22.85,22.92,23.00,23.10,23.22,23.36,23.45,23.51,23.57,23.61,23.68,23.76,23.85,23.96,24.05,24.10,24.14,24.19,24.23,24.30,24.37,24.47,24.54,24.59,24.62,24.66,24.70,24.76,24.83,24.92,24.97,25.02,25.05,25.08,25.12,25.16,25.23","1.2208,1.2010,0.6850,0.4878","1.5185,1.4893,0.9927,0.0001,0.0001,0.0001,0.0001,0.0000,0.0000,0.0000,0.0000,0.0000,0.0000,0.0000,0.0000,0.0000,0.0000,0.0000,0.0000,0.0000,0.0000,0.0000,0.0000,0.0000,0.0000,0.0000,0.0000,0.0000,0.0000,0.0000,0.0000,0.0000,0.0000,0.0000,0.0000,0.0000,0.0000,0.0000,0.0000,0.0000,0.0000,0.0000,0.0000,0.0000,0.0000,0.0000,0.0000,0.0000,0.0000,0.0000,0.0000,0.0000,0.0000,0.0000,0.0000,0.0000,0.0000,0.0000,0.0000,0.0000,0.0000,0.0000,0.0000,0.0000","4,4,4,4","32,32,32,32,32,32,32,32,32,32,32,32,32,32,32,32,32,32,32,32,32,32,32,32,32,32,32,32,32,32,32,32,32,32,32,32,32,32,32,32,32,32,32,32,32,32,32,32,32,32,32,32,32,32,32,32,32,32,32,32,32,32,32,32"
559,27.19,29.50,"11.48,13.23,14.84,16.11,17.12,17.93,18.57,19.08,19.49,19.76,19.95,20.08,20.24,20.47,20.71,20.94,21.15,21.32,21.43,21.52,21.61,21.73,21.88,22.03,22.18,22.30,22.39,22.45,22.52,22.60,22.71,22.82,22.94,23.04,23.10,23.16,23.21,23.28,23.35,23.45,23.55,23.63,23.68,23.73,23.77,23.82,23.89,23.97,24.06,24.12,24.18,24.21,24.26,24.30,24.35,24.42,24.49,24.56,24.60,24.63,24.67,24.70,24.74,24.81","1.6505,1.6355,0.7134,0.0001","1.4814,1.4434,1.0752,0.0001,0.0001,0.0001,0.0001,0.0000,0.0000,0.0000,0.0000,0.0000,0.0000,0.0000,0.0000,0.0000,0.0000,0.0000,0.0000,0.0000,0.0000,0.0000,0.0000,0.0000,0.0000,0.0000,0.0000,0.0000,0.0000,0.0000,0.0000,0.0000,0.0000,0.0000,0.0000,0.0000,0.0000,0.0000,0.0000,0.0000,0.0000,0.0000,0.0000,0.0000,0.0000,0.0000,0.0000,0.0000,0.0000,0.0000,0.0000,0.0000,0.0000,0.0000,0.0000,0.0000,0.0000,0.0000,0.0000,0.0000,0.0000,0.0000,0.0000,0.0000","4,4,4,4","32,32,32,32,32,32,32,32,32,32,32,32,32,32,32,32,32,32,32,32,32,32,32,32,32,32,32,32,32,32,32,32,32,32,32,32,32,32,32,32,32,32,32,32,32,32,32,32,32,32,32,32,32,32,32,32,32,32,32,32,32,32,32,32"
560,29.87,28.72,"10.95,13.62,15.43,16.59,17.35,17.99,18.63,19.20,19.61,19.88,20.11,20.34,20.55,20.76,21.01,21.28,21.51,21.67,21.80,21.94,22.06,22.19,22.34,22.53,22.69,22.80,22.90,23.02,23.10,23.18,23.29,23.44,23.56,23.66,23.74,23.81,23.88,23.97,24.03,24.14,24.25,24.33,24.38,24.45,24.49,24.58,24.62,24.71,24.81,24.87,24.92,24.97,25.04,25.07,25.13,25.18,25.28,25.36,25.39,25.41,25.47,25.52,25.56,25.59","1.3406,1.3366,0.9347,0.3882","1.5195,1.4190,1.0625,0.0001,0.0001,0.0001,0.0000,0.0000,0.0000,0.0000,0.0000,0.0000,0.0000,0.0000,0.0000,0.0000,0.0000,0.0000,0.0000,0.0000,0.0000,0.0000,0.0000,0.0000,0.0000,0.0000,0.0000,0.0000,0.0000,0.0000,0.0000,0.0000,0.0000,0.0000,0.0000,0.0000,0.0000,0.0000,0.0000,0.0000,0.0000,0.0000,0.0000,0.0000,0.0000,0.0000,0.0000,0.0000,0.0000,0.0000,0.0000,0.0000,0.0000,0.0000,0.0000,0.0000,0.0000,0.0000,0.0000,0.0000,0.0000,0.0000,0.0000,0.0000","5,5,5,5","32,32,32,32,32,32,32,32,32,32,32,32,32,32,32,32,32,32,32,32,32,32,32,32,32,32,32,32,32,32,32,32,32,32,32,32,32,32,32,32,33,32,33,32,32,32,32,32,32,33,32,32,33,33,33,32,32,32,33,32,33,32,33,32"
561,37.26,33.28,"11.43,12.89,14.11,14.97,15.83,16.54,17.07,17.44,17.80,18.15,18.48,18.80,19.10,19.37,19.62,19.82,20.04,20.28,20.50,20.69,20.87,21.04,21.21,21.35,21.52,21.69,21.84,21.98,22.11,22.24,22.36,22.47,22.59,22.73,22.84,22.95,23.05,23.15,23.25,23.33,23.43,23.54,23.63,23.72,23.79,23.88,23.96,24.03,24.11,24.20,24.27,24.34,24.41,24.47,24.54,24.60,24.67,24.75,24.81,24.87,24.91,24.97,25.04,25.07","1.0596,1.0584,1.0333,0.8481","1.1631,1.1123,1.0478,0.6772,0.0001,0.0001,0.0001,0.0000,0.0000,0.0000,0.0000,0.0000,0.0000,0.0000,0.0000,0.0000,0.0000,0.0000,0.0000,0.0000,0.0000,0.0000,0.0000,0.0000,0.0000,0.0000,0.0000,0.0000,0.0000,0.0000,0.0000,0.0000,0.0000,0.0000,0.0000,0.0000,0.0000,0.0000,0.0000,0.0000,0.0000,0.0000,0.0000,0.0000,0.0000,0.0000,0.0000,0.0000,0.0000,0.0000,0.0000,0.0000,0.0000,0.0000,0.0000,0.0000,0.0000,0.0000,0.0000,0.0000,0.0000,0.0000,0.0000,0.0000","12,4,12,12","31,31,31,31,31,31,31,31,25,31,25,31,31,31,31,31,25,31,31,31,31,31,31,31,25,31,25,31,31,31,31,31,25,31,31,31,31,31,31,31,25,31,31,25,31,31,31,31,25,25,25,25,31,31,31,31,31,31,25,25,31,31,31,31"
562,38.64,34.09,"10.55,13.92,15.12,16.20,16.79,17.28,17.60,18.10,18.43,18.74,19.05,19.34,19.61,19.84,20.06,20.27,20.44,20.62,20.80,20.97,21.11,21.27,21.41,21.57,21.68,21.80,21.94,22.08,22.20,22.31,22.42,22.53,22.63,22.72,22.82,22.92,23.01,23.10,23.19,23.28,23.37,23.44,23.51,23.59,23.67,23.74,23.82,23.90,23.97,24.03,24.09,24.15,24.21,24.28,24.34,24.42,24.48,24.52,24.56,24.61,24.66,24.72,24.78,24.86","0.9009,0.8998,0.8677,0.8472","1.1045,1.0127,0.9775,0.9053,0.0001,0.0001,0.0001,0.0001,0.0000,0.0000,0.0000,0.0000,0.0000,0.0000,0.0000,0.0000,0.0000,0.0000,0.0000,0.0000,0.0000,0.0000,0.0000,0.0000,0.0000,0.0000,0.0000,0.0000,0.0000,0.0000,0.0000,0.0000,0.0000,0.0000,0.0000,0.0000,0.0000,0.0000,0.0000,0.0000,0.0000,0.0000,0.0000,0.0000,0.0000,0.0000,0.0000,0.0000,0.0000,0.0000,0.0000,0.0000,0.0000,0.0000,0.0000,0.0000,0.0000,0.0000,0.0000,0.0000,0.0000,0.0000,0.0000,0.0000","0,8,0,0","16,48,16,48,48,16,48,48,16,16,48,16,48,48,48,48,16,16,16,16,48,48,48,48,48,48,16,16,16,48,48,48,48,48,16,16,16,48,48,48,48,48,16,16,16,48,48,48,48,48,16,16,16,48,48,48,48,48,48,16,39,48,48,48"
563,27.71,24.06,"11.98,13.14,13.86,14.38,14.76,15.05,15.26,15.41,15.55,15.72,15.89,16.06,16.22,16.35,16.48,16.62,16.73,16.84,16.95,17.06,17.17,17.27,17.36,17.47,17.56,17.64,17.73,17.82,17.90,17.97,18.04,18.14,18.22,18.28,18.34,18.41,18.48,18.54,18.59,18.66,18.74,18.80,18.85,18.90,18.94,18.99,19.05,19.09,19.17,19.23,19.25,19.30,19.33,19.35,19.38,19.43,19.53,19.57,19.61,19.64,19.66,19.70,19.73,19.78","1.2285,1.1994,1.1271,0.4448","1.5684,1.2325,1.1709,0.0279,0.0001,0.0001,0.0001,0.0000,0.0000,0.0000,0.0000,0.0000,0.0000,0.0000,0.0000,0.0000,0.0000,0.0000,0.0000,0.0000,0.0000,0.0000,0.0000,0.0000,0.0000,0.0000,0.0000,0.0000,0.0000,0.0000,0.0000,0.0000,0.0000,0.0000,0.0000,0.0000,0.0000,0.0000,0.0000,0.0000,0.0000,0.0000,0.0000,0.0000,0.0000,0.0000,0.0000,0.0000,0.0000,0.0000,0.0000,0.0000,0.0000,0.0000,0.0000,0.0000,0.0000,0.0000,0.0000,0.0000,0.0000,0.0000,0.0000,0.0000","12,12,12,12","24,24,24,24,24,24,24,24,24,24,24,24,24,24,24,24,24,24,24,24,24,24,24,24,24,24,24,24,24,24,24,24,24,24,24,24,24,24,24,24,24,24,24,24,24,24,24,24,24,24,24,24,30,24,24,24,24,24,24,24,24,24,24,24"
564,24.18,21.12,"10.31,11.59,12.46,13.13,13.62,13.97,14.30,14.57,14.74,14.93,15.13,15.32,15.51,15.71,15.89,16.03,16.12,16.23,16.35,16.46,16.58,16.70,16.81,16.89,16.94,17.02,17.11,17.19,17.27,17.36,17.44,17.48,17.53,17.59,17.66,17.72,17.79,17.86,17.92,17.96,18.01,18.07,18.13,18.18,18.23,18.29,18.36,18.41,18.47,18.54,18.59,18.63,18.67,18.74,18.80,18.86,18.95,19.03,19.08,19.10,19.15,19.21,19.28,19.35","1.4885,1.4161,1.0955,0.0001","1.7470,1.5781,0.6753,0.0001,0.0001,0.0001,0.0000,0.0000,0.0000,0.0000,0.0000,0.0000,0.0000,0.0000,0.0000,0.0000,0.0000,0.0000,0.0000,0.0000,0.0000,0.0000,0.0000,0.0000,0.0000,0.0000,0.0000,0.0000,0.0000,0.0000,0.0000,0.0000,0.0000,0.0000,0.0000,0.0000,0.0000,0.0000,0.0000,0.0000,0.0000,0.0000,0.0000,0.0000,0.0000,0.0000,0.0000,0.0000,0.0000,0.0000,0.0000,0.0000,0.0000,0.0000,0.0000,0.0000,0.0000,0.0000,0.0000,0.0000,0.0000,0.0000,0.0000,0.0000","0,11,0,0","23,23,23,23,23,23,23,23,23,23,23,23,23,23,23,23,23,23,23,23,23,23,23,23,23,23,23,23,23,23,23,23,23,23,23,23,23,23,23,23,23,23,23,23,23,23,23,23,23,23,23,23,23,23,23,23,23,23,23,23,23,23,23,23"
565,25.27,22.74,"9.84,11.31,12.29,13.22,14.00,14.59,15.05,15.46,15.83,16.06,16.27,16.49,16.73,16.95,17.16,17.38,17.60,17.74,17.86,18.00,18.14,18.28,18.42,18.58,18.73,18.83,18.91,19.01,19.11,19.21,19.32,19.44,19.56,19.63,19.70,19.77,19.84,19.92,20.01,20.11,20.19,20.25,20.30,20.36,20.43,20.49,20.55,20.65,20.71,20.76,20.80,20.85,20.89,20.94,21.00,21.08,21.13,21.17,21.20,21.24,21.28,21.32,21.37,21.43","1.6368,1.6172,0.7455,0.0001","2.0215,1.9785,0.0001,0.0001,0.0001,0.0001,0.0000,0.0000,0.0000,0.0000,0.0000,0.0000,0.0000,0.0000,0.0000,0.0000,0.0000,0.0000,0.0000,0.0000,0.0000,0.0000,0.0000,0.0000,0.0000,0.0000,0.0000,0.0000,0.0000,0.0000,0.0000,0.0000,0.0000,0.0000,0.0000,0.0000,0.0000,0.0000,0.0000,0.0000,0.0000,0.0000,0.0000,0.0000,0.0000,0.0000,0.0000,0.0000,0.0000,0.0000,0.0000,0.0000,0.0000,0.0000,0.0000,0.0000,0.0000,0.0000,0.0000,0.0000,0.0000,0.0000,0.0000,0.0000","0,8,0,0","23,23,23,23,23,23,23,23,23,23,23,23,23,23,23,23,23,23,23,23,23,23,23,23,23,23,23,23,23,23,23,23,23,23,23,23,23,23,23,23,23,23,23,23,23,23,23,23,23,23,23,23,23,23,23,23,23,23,23,23,23,23,23,23"
566,32.90,26.93,"9.79,10.96,11.72,12.30,12.73,13.01,13.17,13.31,13.63,13.88,14.08,14.30,14.50,14.64,14.74,14.84,15.06,15.23,15.36,15.49,15.61,15.70,15.76,15.83,16.00,16.12,16.22,16.31,16.41,16.48,16.53,16.60,16.72,16.81,16.90,17.00,17.08,17.14,17.19,17.25,17.34,17.42,17.51,17.60,17.68,17.73,17.78,17.82,17.90,17.97,18.06,18.15,18.22,18.27,18.31,18.35,18.42,18.49,18.58,18.68,18.74,18.79,18.82,18.84","1.0615,1.0575,1.0247,0.8564","1.1133,1.0225,0.9888,0.8760,0.0001,0.0001,0.0001,0.0001,0.0000,0.0000,0.0000,0.0000,0.0000,0.0000,0.0000,0.0000,0.0000,0.0000,0.0000,0.0000,0.0000,0.0000,0.0000,0.0000,0.0000,0.0000,0.0000,0.0000,0.0000,0.0000,0.0000,0.0000,0.0000,0.0000,0.0000,0.0000,0.0000,0.0000,0.0000,0.0000,0.0000,0.0000,0.0000,0.0000,0.0000,0.0000,0.0000,0.0000,0.0000,0.0000,0.0000,0.0000,0.0000,0.0000,0.0000,0.0000,0.0000,0.0000,0.0000,0.0000,0.0000,0.0000,0.0000,0.0000","11,5,3,11","16,16,16,16,16,16,16,16,16,16,16,16,16,16,16,16,16,16,16,16,16,16,16,16,16,16,16,16,16,16,16,16,16,16,16,16,16,16,16,16,16,16,16,16,16,16,16,16,16,16,16,16,16,16,16,16,16,16,16,16,16,16,16,16"
567,32.30,27.93,"9.04,10.34,11.27,12.05,12.81,13.37,13.74,13.99,14.14,14.34,14.58,14.83,15.10,15.34,15.52,15.66,15.75,15.88,16.03,16.20,16.37,16.53,16.66,16.77,16.86,16.96,17.08,17.20,17.33,17.46,17.57,17.68,17.76,17.85,17.94,18.04,18.14,18.25,18.35,18.46,18.53,18.60,18.68,18.76,18.85,18.94,19.04,19.14,19.20,19.26,19.32,19.39,19.47,19.55,19.64,19.74,19.79,19.84,19.89,19.95,20.02,20.09,20.18,20.27","1.0235,1.0187,0.9588,0.8161","1.1836,1.1172,0.9946,0.7046,0.0001,0.0001,0.0001,0.0001,0.0000,0.0000,0.0000,0.0000,0.0000,0.0000,0.0000,0.0000,0.0000,0.0000,0.0000,0.0000,0.0000,0.0000,0.0000,0.0000,0.0000,0.0000,0.0000,0.0000,0.0000,0.0000,0.0000,0.0000,0.0000,0.0000,0.0000,0.0000,0.0000,0.0000,0.0000,0.0000,0.0000,0.0000,0.0000,0.0000,0.0000,0.0000,0.0000,0.0000,0.0000,0.0000,0.0000,0.0000,0.0000,0.0000,0.0000,0.0000,0.0000,0.0000,0.0000,0.0000,0.0000,0.0000,0.0000,0.0000","8,0,8,0","30,24,24,24,24,24,24,24,24,24,24,24,24,24,24,24,24,24,24,24,24,24,24,24,24,24,24,24,24,24,24,24,24,24,24,24,24,24,24,24,24,24,24,24,24,24,24,24,24,24,24,24,24,24,24,24,24,24,24,24,24,24,24,24"
568,22.44,21.12,"10.32,12.13,13.32,14.16,14.77,15.19,15.47,15.67,15.92,16.06,16.24,16.46,16.68,16.86,17.01,17.16,17.32,17.40,17.52,17.65,17.78,17.90,18.00,18.14,18.24,18.30,18.38,18.48,18.58,18.66,18.75,18.87,18.95,19.00,19.05,19.13,19.20,19.27,19.34,19.47,19.52,19.55,19.61,19.66,19.72,19.77,19.83,19.97,19.99,20.01,20.06,20.12,20.15,20.21,20.27,20.40,20.43,20.44,20.47,20.53,20.56,20.59,20.66,20.80","1.6573,1.4949,0.8475,0.0001","2.1269,1.8721,0.0001,0.0001,0.0001,0.0001,0.0000,0.0000,0.0000,0.0000,0.0000,0.0000,0.0000,0.0000,0.0000,0.0000,0.0000,0.0000,0.0000,0.0000,0.0000,0.0000,0.0000,0.0000,0.0000,0.0000,0.0000,0.0000,0.0000,0.0000,0.0000,0.0000,0.0000,0.0000,0.0000,0.0000,0.0000,0.0000,0.0000,0.0000,0.0000,0.0000,0.0000,0.0000,0.0000,0.0000,0.0000,0.0000,0.0000,0.0000,0.0000,0.0000,0.0000,0.0000,0.0000,0.0000,0.0000,0.0000,0.0000,0.0000,0.0000,0.0000,0.0000,0.0000","12,12,12,12","23,23,23,23,23,23,23,23,23,23,23,23,23,23,23,23,23,23,23,23,23,23,23,23,23,23,23,23,23,23,23,23,23,23,23,23,23,23,23,23,23,23,23,23,23,23,23,23,23,23,23,23,23,23,23,23,23,23,23,23,23,23,23,23"
569,22.31,20.16,"12.74,13.86,14.53,15.00,15.35,15.60,15.79,15.93,16.09,16.26,16.42,16.57,16.71,16.83,16.92,17.00,17.11,17.21,17.31,17.41,17.51,17.60,17.67,17.74,17.83,17.91,18.00,18.07,18.15,18.21,18.26,18.32,18.40,18.48,18.55,18.62,18.67,18.72,18.78,18.81,18.88,18.96,19.02,19.09,19.13,19.15,19.20,19.24,19.32,19.38,19.44,19.48,19.51,19.56,19.59,19.66,19.72,19.76,19.80,19.83,19.88,19.91,19.95,20.01","1.4912,1.2539,0.8540,0.4010","2.3282,1.6709,0.0002,0.0001,0.0001,0.0001,0.0000,0.0000,0.0000,0.0000,0.0000,0.0000,0.0000,0.0000,0.0000,0.0000,0.0000,0.0000,0.0000,0.0000,0.0000,0.0000,0.0000,0.0000,0.0000,0.0000,0.0000,0.0000,0.0000,0.0000,0.0000,0.0000,0.0000,0.0000,0.0000,0.0000,0.0000,0.0000,0.0000,0.0000,0.0000,0.0000,0.0000,0.0000,0.0000,0.0000,0.0000,0.0000,0.0000,0.0000,0.0000,0.0000,0.0000,0.0000,0.0000,0.0000,0.0000,0.0000,0.0000,0.0000,0.0000,0.0000,0.0000,0.0000","15,15,15,15","23,23,23,23,23,23,23,23,23,23,23,23,23,23,23,23,23,23,23,23,23,23,23,23,23,23,23,23,23,23,23,23,23,23,23,23,23,23,23,23,23,23,23,23,23,23,23,23,23,23,23,23,23,23,23,23,23,23,23,23,23,23,23,23"
570,25.71,23.16,"9.71,11.09,12.09,12.85,13.42,13.84,14.12,14.30,14.42,14.56,14.75,14.99,15.23,15.42,15.55,15.64,15.72,15.82,15.97,16.16,16.33,16.46,16.55,16.62,16.68,16.77,16.92,17.08,17.23,17.33,17.39,17.47,17.53,17.63,17.77,17.92,18.03,18.12,18.18,18.27,18.33,18.44,18.57,18.69,18.79,18.85,18.91,19.01,19.08,19.18,19.30,19.40,19.47,19.53,19.60,19.68,19.76,19.85,19.96,20.04,20.10,20.14,20.21,20.28","1.2530,1.2188,0.8667,0.6611","2.0273,1.9737,0.0001,0.0001,0.0001,0.0001,0.0000,0.0000,0.0000,0.0000,0.0000,0.0000,0.0000,0.0000,0.0000,0.0000,0.0000,0.0000,0.0000,0.0000,0.0000,0.0000,0.0000,0.0000,0.0000,0.0000,0.0000,0.0000,0.0000,0.0000,0.0000,0.0000,0.0000,0.0000,0.0000,0.0000,0.0000,0.0000,0.0000,0.0000,0.0000,0.0000,0.0000,0.0000,0.0000,0.0000,0.0000,0.0000,0.0000,0.0000,0.0000,0.0000,0.0000,0.0000,0.0000,0.0000,0.0000,0.0000,0.0000,0.0000,0.0000,0.0000,0.0000,0.0000","11,11,11,11","15,15,15,15,15,15,15,15,15,15,15,15,15,15,15,15,15,15,15,15,15,15,15,15,15,15,15,15,15,15,15,15,15,15,15,15,15,15,15,15,15,15,15,15,15,15,15,15,15,15,15,15,15,15,15,15,15,15,15,15,15,15,15,15"
571,25.31,23.93,"11.44,12.81,13.71,14.64,15.49,16.19,16.72,17.12,17.44,17.64,17.81,18.01,18.26,18.53,18.79,19.02,19.16,19.26,19.36,19.49,19.65,19.84,20.03,20.20,20.27,20.34,20.41,20.51,20.64,20.79,20.94,21.09,21.13,21.18,21.24,21.33,21.43,21.56,21.70,21.83,21.85,21.90,21.95,22.02,22.11,22.23,22.35,22.47,22.51,22.53,22.58,22.64,22.72,22.82,22.92,23.03,23.06,23.09,23.13,23.19,23.25,23.34,23.42,23.55","1.5449,1.5192,0.9351,0.0001","2.0175,1.9833,0.0001,0.0001,0.0001,0.0001,0.0000,0.0000,0.0000,0.0000,0.0000,0.0000,0.0000,0.0000,0.0000,0.0000,0.0000,0.0000,0.0000,0.0000,0.0000,0.0000,0.0000,0.0000,0.0000,0.0000,0.0000,0.0000,0.0000,0.0000,0.0000,0.0000,0.0000,0.0000,0.0000,0.0000,0.0000,0.0000,0.0000,0.0000,0.0000,0.0000,0.0000,0.0000,0.0000,0.0000,0.0000,0.0000,0.0000,0.0000,0.0000,0.0000,0.0000,0.0000,0.0000,0.0000,0.0000,0.0000,0.0000,0.0000,0.0000,0.0000,0.0000,0.0000","11,11,11,11","23,23,23,23,23,23,23,23,23,23,23,23,23,23,23,23,23,23,23,23,23,23,23,23,23,23,23,23,23,23,23,23,23,23,23,23,23,23,23,23,23,23,23,23,23,23,23,23,23,23,23,23,23,23,23,23,23,23,23,23,23,23,23,23"
572,26.31,23.74,"10.23,12.00,13.19,14.05,14.65,15.31,15.98,16.39,16.46,16.74,17.10,17.38,17.60,17.87,18.16,18.34,18.41,18.63,18.87,19.04,19.17,19.33,19.49,19.59,19.67,19.85,20.03,20.15,20.24,20.35,20.45,20.50,20.58,20.75,20.88,20.98,21.04,21.12,21.18,21.22,21.30,21.43,21.55,21.61,21.66,21.71,21.77,21.77,21.86,21.97,22.06,22.11,22.15,22.20,22.22,22.23,22.30,22.40,22.47,22.50,22.53,22.58,22.59,22.60","1.3056,1.2693,1.1512,0.2729","2.0215,1.9785,0.0001,0.0001,0.0001,0.0001,0.0000,0.0000,0.0000,0.0000,0.0000,0.0000,0.0000,0.0000,0.0000,0.0000,0.0000,0.0000,0.0000,0.0000,0.0000,0.0000,0.0000,0.0000,0.0000,0.0000,0.0000,0.0000,0.0000,0.0000,0.0000,0.0000,0.0000,0.0000,0.0000,0.0000,0.0000,0.0000,0.0000,0.0000,0.0000,0.0000,0.0000,0.0000,0.0000,0.0000,0.0000,0.0000,0.0000,0.0000,0.0000,0.0000,0.0000,0.0000,0.0000,0.0000,0.0000,0.0000,0.0000,0.0000,0.0000,0.0000,0.0000,0.0000","11,11,11,11","22,22,22,22,22,22,22,22,22,22,22,22,22,22,22,22,22,22,22,22,22,22,22,22,22,22,22,22,22,22,22,22,22,22,22,22,22,22,22,22,22,22,22,22,22,22,22,22,22,22,22,22,22,22,22,8,22,22,22,22,22,22,22,12"
573,27.95,25.17,"11.26,12.58,13.39,14.13,14.88,15.52,16.02,16.39,16.75,17.02,17.23,17.45,17.70,17.97,18.23,18.45,18.64,18.80,18.93,19.06,19.22,19.39,19.58,19.75,19.87,19.98,20.07,20.16,20.27,20.41,20.55,20.69,20.78,20.85,20.91,20.98,21.07,21.17,21.29,21.41,21.47,21.52,21.57,21.62,21.68,21.77,21.87,21.97,22.01,22.04,22.08,22.12,22.17,22.24,22.32,22.40,22.43,22.46,22.49,22.53,22.55,22.61,22.68,22.76","1.1359,1.1191,0.8888,0.8370","2.0078,1.9912,0.0001,0.0001,0.0001,0.0001,0.0000,0.0000,0.0000,0.0000,0.0000,0.0000,0.0000,0.0000,0.0000,0.0000,0.0000,0.0000,0.0000,0.0000,0.0000,0.0000,0.0000,0.0000,0.0000,0.0000,0.0000,0.0000,0.0000,0.0000,0.0000,0.0000,0.0000,0.0000,0.0000,0.0000,0.0000,0.0000,0.0000,0.0000,0.0000,0.0000,0.0000,0.0000,0.0000,0.0000,0.0000,0.0000,0.0000,0.0000,0.0000,0.0000,0.0000,0.0000,0.0000,0.0000,0.0000,0.0000,0.0000,0.0000,0.0000,0.0000,0.0000,0.0000","11,11,11,11","23,23,23,23,23,23,23,23,23,23,23,23,23,23,23,23,23,23,23,23,23,23,23,23,23,23,23,23,23,23,23,23,23,23,23,23,23,23,23,23,23,23,23,23,23,23,23,23,23,23,23,23,23,23,23,23,23,23,23,23,23,23,23,23"
574,23.23,20.01,"10.24,11.30,11.92,12.36,12.68,12.93,13.11,13.26,13.45,13.63,13.80,13.96,14.09,14.21,14.31,14.38,14.48,14.58,14.68,14.78,14.87,14.95,15.01,15.07,15.13,15.20,15.27,15.34,15.40,15.46,15.51,15.56,15.60,15.64,15.70,15.75,15.80,15.85,15.90,15.94,15.99,16.04,16.10,16.16,16.21,16.27,16.33,16.38,16.44,16.49,16.55,16.61,16.67,16.73,16.79,16.85,16.90,16.96,17.01,17.07,17.13,17.19,17.25,17.30","1.5137,1.3673,1.1194,0.0001","1.7725,1.4346,0.7934,0.0001,0.0001,0.0001,0.0000,0.0000,0.0000,0.0000,0.0000,0.0000,0.0000,0.0000,0.0000,0.0000,0.0000,0.0000,0.0000,0.0000,0.0000,0.0000,0.0000,0.0000,0.0000,0.0000,0.0000,0.0000,0.0000,0.0000,0.0000,0.0000,0.0000,0.0000,0.0000,0.0000,0.0000,0.0000,0.0000,0.0000,0.0000,0.0000,0.0000,0.0000,0.0000,0.0000,0.0000,0.0000,0.0000,0.0000,0.0000,0.0000,0.0000,0.0000,0.0000,0.0000,0.0000,0.0000,0.0000,0.0000,0.0000,0.0000,0.0000,0.0000","7,12,12,7","7,7,7,7,7,7,7,7,7,7,7,7,7,7,7,7,7,7,7,7,7,7,7,7,7,7,7,7,7,7,7,7,7,7,7,7,7,7,7,7,7,7,7,7,7,7,7,7,7,7,7,7,7,7,7,7,7,7,7,7,7,7,7,7"
575,24.67,20.83,"9.13,10.88,12.02,12.83,13.42,13.84,14.11,14.28,14.35,14.48,14.66,14.87,15.08,15.25,15.38,15.46,15.56,15.66,15.77,15.90,16.05,16.16,16.24,16.32,16.41,16.49,16.58,16.70,16.82,16.91,16.99,17.09,17.16,17.23,17.32,17.43,17.55,17.64,17.72,17.81,17.86,17.93,18.02,18.14,18.24,18.33,18.40,18.47,18.51,18.58,18.68,18.79,18.88,18.96,19.02,19.08,19.12,19.19,19.29,19.39,19.48,19.55,19.60,19.66","1.2626,1.1691,1.0037,0.5654","1.7353,1.5391,0.7256,0.0001,0.0001,0.0001,0.0000,0.0000,0.0000,0.0000,0.0000,0.0000,0.0000,0.0000,0.0000,0.0000,0.0000,0.0000,0.0000,0.0000,0.0000,0.0000,0.0000,0.0000,0.0000,0.0000,0.0000,0.0000,0.0000,0.0000,0.0000,0.0000,0.0000,0.0000,0.0000,0.0000,0.0000,0.0000,0.0000,0.0000,0.0000,0.0000,0.0000,0.0000,0.0000,0.0000,0.0000,0.0000,0.0000,0.0000,0.0000,0.0000,0.0000,0.0000,0.0000,0.0000,0.0000,0.0000,0.0000,0.0000,0.0000,0.0000,0.0000,0.0000","15,6,15,15","14,14,14,14,14,14,14,14,14,14,14,14,14,14,14,14,14,14,14,14,14,14,14,14,14,14,14,14,14,14,14,14,14,14,14,14,14,14,14,14,14,14,14,14,14,14,14,14,14,14,14,14,14,14,14,14,14,14,14,14,14,14,14,14"
576,23.14,20.54,"11.19,12.28,12.92,13.34,13.64,13.84,13.99,14.10,14.29,14.49,14.68,14.85,14.99,15.12,15.24,15.36,15.46,15.57,15.69,15.81,15.92,16.01,16.10,16.20,16.26,16.34,16.41,16.50,16.59,16.67,16.75,16.82,16.88,16.92,16.98,17.04,17.12,17.19,17.26,17.32,17.39,17.43,17.47,17.51,17.57,17.64,17.71,17.76,17.84,17.89,17.92,17.95,18.00,18.04,18.11,18.16,18.26,18.32,18.35,18.37,18.39,18.44,18.49,18.55","1.5448,1.4005,1.0548,0.0001","2.1407,1.8603,0.0001,0.0001,0.0001,0.0001,0.0000,0.0000,0.0000,0.0000,0.0000,0.0000,0.0000,0.0000,0.0000,0.0000,0.0000,0.0000,0.0000,0.0000,0.0000,0.0000,0.0000,0.0000,0.0000,0.0000,0.0000,0.0000,0.0000,0.0000,0.0000,0.0000,0.0000,0.0000,0.0000,0.0000,0.0000,0.0000,0.0000,0.0000,0.0000,0.0000,0.0000,0.0000,0.0000,0.0000,0.0000,0.0000,0.0000,0.0000,0.0000,0.0000,0.0000,0.0000,0.0000,0.0000,0.0000,0.0000,0.0000,0.0000,0.0000,0.0000,0.0000,0.0000","10,10,10,10","7,7,7,7,7,7,7,7,7,7,7,7,7,7,7,7,7,7,7,7,7,7,7,7,7,7,7,7,7,7,7,7,7,7,7,7,7,7,7,7,7,7,7,7,7,7,7,7,7,7,7,7,7,7,7,7,7,7,7,5,7,7,7,7"
577,24.69,21.26,"12.00,13.24,14.01,14.56,14.97,15.27,15.50,15.65,15.77,15.93,16.10,16.26,16.41,16.55,16.64,16.73,16.83,16.91,17.01,17.12,17.22,17.32,17.41,17.49,17.57,17.63,17.70,17.78,17.86,17.94,18.02,18.10,18.17,18.21,18.28,18.33,18.39,18.47,18.54,18.62,18.67,18.70,18.75,18.80,18.86,18.92,18.98,19.06,19.10,19.12,19.17,19.19,19.24,19.29,19.35,19.44,19.45,19.48,19.52,19.54,19.58,19.63,19.69,19.75","1.2265,1.1543,0.7924,0.6099","1.9072,1.1934,0.8999,0.0001,0.0001,0.0001,0.0000,0.0000,0.0000,0.0000,0.0000,0.0000,0.0000,0.0000,0.0000,0.0000,0.0000,0.0000,0.0000,0.0000,0.0000,0.0000,0.0000,0.0000,0.0000,0.0000,0.0000,0.0000,0.0000,0.0000,0.0000,0.0000,0.0000,0.0000,0.0000,0.0000,0.0000,0.0000,0.0000,0.0000,0.0000,0.0000,0.0000,0.0000,0.0000,0.0000,0.0000,0.0000,0.0000,0.0000,0.0000,0.0000,0.0000,0.0000,0.0000,0.0000,0.0000,0.0000,0.0000,0.0000,0.0000,0.0000,0.0000,0.0000","11,1,11,11","62,62,62,62,62,62,62,62,62,62,62,62,62,62,62,62,62,62,62,62,62,62,62,62,62,62,62,62,62,62,62,62,62,62,62,62,62,62,62,62,62,62,62,62,62,62,62,62,62,62,62,62,62,62,62,62,62,62,62,62,62,62,62,62"
578,30.47,25.13,"10.99,12.11,12.78,13.25,13.58,13.82,13.98,14.09,14.25,14.42,14.59,14.75,14.89,15.00,15.09,15.15,15.23,15.32,15.42,15.51,15.60,15.68,15.74,15.78,15.83,15.89,15.95,16.02,16.09,16.14,16.19,16.22,16.26,16.30,16.35,16.40,16.45,16.50,16.55,16.57,16.59,16.62,16.66,16.70,16.75,16.78,16.81,16.83,16.85,16.88,16.90,16.94,16.97,17.00,17.04,17.06,17.08,17.10,17.13,17.16,17.19,17.22,17.27,17.30","0.9541,0.9463,0.8316,0.6561","1.7871,1.0869,0.7432,0.3831,0.0001,0.0001,0.0001,0.0000,0.0000,0.0000,0.0000,0.0000,0.0000,0.0000,0.0000,0.0000,0.0000,0.0000,0.0000,0.0000,0.0000,0.0000,0.0000,0.0000,0.0000,0.0000,0.0000,0.0000,0.0000,0.0000,0.0000,0.0000,0.0000,0.0000,0.0000,0.0000,0.0000,0.0000,0.0000,0.0000,0.0000,0.0000,0.0000,0.0000,0.0000,0.0000,0.0000,0.0000,0.0000,0.0000,0.0000,0.0000,0.0000,0.0000,0.0000,0.0000,0.0000,0.0000,0.0000,0.0000,0.0000,0.0000,0.0000,0.0000","10,4,12,4","54,54,54,54,54,54,54,54,54,54,54,54,54,54,54,54,54,54,54,54,54,54,54,54,54,54,54,54,54,54,54,54,54,54,54,54,54,54,54,54,54,54,54,54,54,54,54,54,54,54,54,54,54,54,54,54,54,54,54,54,54,54,54,54"
579,37.76,31.28,"10.69,11.80,12.45,12.89,13.19,13.41,13.55,13.65,13.83,14.02,14.20,14.36,14.50,14.60,14.68,14.73,14.82,14.92,15.02,15.12,15.21,15.29,15.35,15.45,15.51,15.57,15.67,15.79,15.92,16.04,16.13,16.21,16.25,16.31,16.39,16.49,16.58,16.66,16.73,16.78,16.81,16.86,16.92,17.00,17.07,17.13,17.19,17.23,17.26,17.30,17.36,17.41,17.47,17.52,17.57,17.61,17.64,17.67,17.72,17.76,17.81,17.85,17.89,17.93","0.8546,0.8535,0.8341,0.6822","1.3564,1.0185,1.0029,0.6216,0.0001,0.0001,0.0001,0.0000,0.0000,0.0000,0.0000,0.0000,0.0000,0.0000,0.0000,0.0000,0.0000,0.0000,0.0000,0.0000,0.0000,0.0000,0.0000,0.0000,0.0000,0.0000,0.0000,0.0000,0.0000,0.0000,0.0000,0.0000,0.0000,0.0000,0.0000,0.0000,0.0000,0.0000,0.0000,0.0000,0.0000,0.0000,0.0000,0.0000,0.0000,0.0000,0.0000,0.0000,0.0000,0.0000,0.0000,0.0000,0.0000,0.0000,0.0000,0.0000,0.0000,0.0000,0.0000,0.0000,0.0000,0.0000,0.0000,0.0000","10,8,0,10","53,53,53,53,53,53,53,53,53,53,53,53,53,53,53,53,53,53,53,53,53,53,49,49,53,53,49,49,49,49,49,49,53,49,49,49,49,49,49,49,53,53,49,49,49,53,53,53,49,49,49,49,53,53,53,53,49,49,49,49,49,53,53,53"
580,46.98,38.51,"9.85,11.10,12.15,12.71,13.16,13.49,13.71,13.89,14.24,14.57,14.86,15.12,15.33,15.56,15.72,15.87,16.05,16.23,16.41,16.58,16.75,16.91,17.03,17.12,17.25,17.37,17.53,17.67,17.83,17.94,18.04,18.11,18.19,18.28,18.38,18.50,18.61,18.71,18.81,18.87,18.91,19.01,19.08,19.18,19.27,19.36,19.43,19.49,19.52,19.61,19.66,19.74,19.82,19.89,19.95,20.01,20.06,20.12,20.16,20.23,20.28,20.34,20.40,20.46","0.7300,0.7298,0.7252,0.7237","1.0889,1.0029,0.9629,0.9443,0.0001,0.0001,0.0001,0.0001,0.0000,0.0000,0.0000,0.0000,0.0000,0.0000,0.0000,0.0000,0.0000,0.0000,0.0000,0.0000,0.0000,0.0000,0.0000,0.0000,0.0000,0.0000,0.0000,0.0000,0.0000,0.0000,0.0000,0.0000,0.0000,0.0000,0.0000,0.0000,0.0000,0.0000,0.0000,0.0000,0.0000,0.0000,0.0000,0.0000,0.0000,0.0000,0.0000,0.0000,0.0000,0.0000,0.0000,0.0000,0.0000,0.0000,0.0000,0.0000,0.0000,0.0000,0.0000,0.0000,0.0000,0.0000,0.0000,0.0000","11,5,13,5","45,41,45,41,45,41,41,41,45,45,45,41,45,41,41,41,41,45,47,47,41,41,41,41,41,47,41,47,41,47,41,41,41,47,41,47,41,47,41,47,47,41,47,41,47,47,45,41,47,41,47,41,47,41,47,41,41,41,41,41,47,47,47,41"
581,41.52,34.48,"10.56,11.74,12.43,12.85,13.12,13.31,13.55,13.85,14.06,14.30,14.55,14.76,14.99,15.16,15.34,15.48,15.58,15.71,15.87,16.01,16.16,16.30,16.45,16.57,16.62,16.70,16.80,16.91,17.03,17.15,17.26,17.36,17.39,17.45,17.53,17.62,17.71,17.81,17.91,18.00,18.02,18.05,18.11,18.18,18.25,18.34,18.42,18.49,18.51,18.53,18.57,18.63,18.69,18.76,18.83,18.89,18.91,18.93,18.96,19.00,19.05,19.11,19.17,19.23","0.7568,0.7559,0.7482,0.6837","1.0957,1.0313,1.0000,0.8730,0.0001,0.0001,0.0001,0.0000,0.0000,0.0000,0.0000,0.0000,0.0000,0.0000,0.0000,0.0000,0.0000,0.0000,0.0000,0.0000,0.0000,0.0000,0.0000,0.0000,0.0000,0.0000,0.0000,0.0000,0.0000,0.0000,0.0000,0.0000,0.0000,0.0000,0.0000,0.0000,0.0000,0.0000,0.0000,0.0000,0.0000,0.0000,0.0000,0.0000,0.0000,0.0000,0.0000,0.0000,0.0000,0.0000,0.0000,0.0000,0.0000,0.0000,0.0000,0.0000,0.0000,0.0000,0.0000,0.0000,0.0000,0.0000,0.0000,0.0000","6,4,12,4","54,54,54,54,54,22,22,22,54,54,54,54,22,22,22,22,54,54,54,54,22,22,22,22,54,54,54,54,22,22,22,22,54,54,54,54,22,22,22,22,22,54,54,54,54,22,22,22,54,54,54,54,22,22,22,22,22,54,54,54,54,22,22,22"
582,42.51,33.92,"9.24,11.84,13.11,13.95,14.49,14.91,15.27,15.62,15.98,16.32,16.62,16.87,17.11,17.33,17.52,17.70,17.85,18.03,18.21,18.37,18.51,18.64,18.77,18.91,18.99,19.13,19.26,19.39,19.51,19.61,19.70,19.83,19.89,19.96,20.05,20.14,20.23,20.32,20.41,20.52,20.57,20.66,20.74,20.82,20.89,20.96,21.04,21.14,21.16,21.20,21.25,21.31,21.37,21.43,21.52,21.61,21.62,21.65,21.70,21.74,21.80,21.85,21.90,21.94","0.7144,0.7140,0.6906,0.6782","1.2178,1.0791,0.9229,0.7798,0.0001,0.0001,0.0001,0.0001,0.0000,0.0000,0.0000,0.0000,0.0000,0.0000,0.0000,0.0000,0.0000,0.0000,0.0000,0.0000,0.0000,0.0000,0.0000,0.0000,0.0000,0.0000,0.0000,0.0000,0.0000,0.0000,0.0000,0.0000,0.0000,0.0000,0.0000,0.0000,0.0000,0.0000,0.0000,0.0000,0.0000,0.0000,0.0000,0.0000,0.0000,0.0000,0.0000,0.0000,0.0000,0.0000,0.0000,0.0000,0.0000,0.0000,0.0000,0.0000,0.0000,0.0000,0.0000,0.0000,0.0000,0.0000,0.0000,0.0000","7,5,12,5","39,33,54,33,33,54,33,33,54,54,39,39,33,33,33,33,33,54,39,54,39,33,33,33,33,33,33,39,39,39,33,33,33,39,54,39,39,33,33,33,33,33,33,54,54,39,33,33,54,33,33,54,39,54,33,33,54,54,33,33,54,54,54,39"
583,40.30,32.64,"10.46,11.55,12.20,12.80,13.22,13.49,13.66,13.77,14.01,14.25,14.52,14.79,15.02,15.18,15.29,15.37,15.48,15.61,15.77,15.94,16.10,16.22,16.31,16.37,16.44,16.52,16.63,16.75,16.87,16.97,17.04,17.10,17.14,17.20,17.28,17.37,17.47,17.56,17.62,17.65,17.69,17.73,17.80,17.86,17.94,18.03,18.08,18.11,18.14,18.17,18.22,18.29,18.32,18.39,18.45,18.51,18.51,18.54,18.58,18.63,18.68,18.74,18.77,18.82","0.7730,0.7724,0.7482,0.6534","1.3359,1.1397,0.8633,0.6612,0.0001,0.0001,0.0001,0.0000,0.0000,0.0000,0.0000,0.0000,0.0000,0.0000,0.0000,0.0000,0.0000,0.0000,0.0000,0.0000,0.0000,0.0000,0.0000,0.0000,0.0000,0.0000,0.0000,0.0000,0.0000,0.0000,0.0000,0.0000,0.0000,0.0000,0.0000,0.0000,0.0000,0.0000,0.0000,0.0000,0.0000,0.0000,0.0000,0.0000,0.0000,0.0000,0.0000,0.0000,0.0000,0.0000,0.0000,0.0000,0.0000,0.0000,0.0000,0.0000,0.0000,0.0000,0.0000,0.0000,0.0000,0.0000,0.0000,0.0000","15,4,13,4","39,39,39,39,39,39,39,39,39,39,39,39,39,39,39,39,39,39,39,39,39,39,39,39,39,39,39,39,39,39,39,39,39,39,39,39,39,39,39,39,39,39,39,39,39,39,39,39,39,39,39,39,39,39,39,39,39,39,39,39,39,39,39,39"
584,39.20,34.05,"10.60,13.23,14.48,15.14,15.72,16.13,16.49,16.80,17.10,17.40,17.71,17.97,18.21,18.42,18.63,18.80,18.96,19.12,19.29,19.45,19.60,19.74,19.88,20.00,20.11,20.22,20.34,20.45,20.56,20.67,20.77,20.86,20.94,21.04,21.12,21.21,21.30,21.38,21.46,21.54,21.60,21.67,21.75,21.82,21.89,21.96,22.02,22.09,22.15,22.20,22.26,22.32,22.38,22.44,22.50,22.56,22.60,22.65,22.71,22.76,22.81,22.86,22.91,22.96","0.8536,0.8530,0.7846,0.7446","1.3213,1.2501,1.1133,0.3159,0.0001,0.0001,0.0001,0.0000,0.0000,0.0000,0.0000,0.0000,0.0000,0.0000,0.0000,0.0000,0.0000,0.0000,0.0000,0.0000,0.0000,0.0000,0.0000,0.0000,0.0000,0.0000,0.0000,0.0000,0.0000,0.0000,0.0000,0.0000,0.0000,0.0000,0.0000,0.0000,0.0000,0.0000,0.0000,0.0000,0.0000,0.0000,0.0000,0.0000,0.0000,0.0000,0.0000,0.0000,0.0000,0.0000,0.0000,0.0000,0.0000,0.0000,0.0000,0.0000,0.0000,0.0000,0.0000,0.0000,0.0000,0.0000,0.0000,0.0000","11,9,1,9","38,38,38,38,38,38,38,38,38,38,38,38,38,38,38,38,38,38,38,38,38,38,38,38,38,38,38,38,38,38,38,38,38,38,38,38,38,38,38,38,38,38,38,38,38,38,38,38,38,38,38,38,38,38,38,38,38,38,38,38,38,38,38,38"
585,43.90,36.19,"11.42,14.81,15.93,16.80,17.37,18.04,18.39,18.82,19.23,19.63,19.97,20.25,20.56,20.86,21.15,21.35,21.53,21.76,21.98,22.19,22.38,22.59,22.78,22.94,23.06,23.22,23.38,23.52,23.67,23.81,23.95,24.08,24.17,24.27,24.40,24.52,24.64,24.74,24.86,24.97,25.04,25.15,25.25,25.35,25.45,25.55,25.64,25.73,25.82,25.90,25.97,26.06,26.14,26.23,26.30,26.38,26.41,26.48,26.56,26.64,26.71,26.78,26.85,26.91","0.7354,0.7342,0.7324,0.6313","1.1992,1.0312,1.0186,0.7510,0.0001,0.0001,0.0001,0.0000,0.0000,0.0000,0.0000,0.0000,0.0000,0.0000,0.0000,0.0000,0.0000,0.0000,0.0000,0.0000,0.0000,0.0000,0.0000,0.0000,0.0000,0.0000,0.0000,0.0000,0.0000,0.0000,0.0000,0.0000,0.0000,0.0000,0.0000,0.0000,0.0000,0.0000,0.0000,0.0000,0.0000,0.0000,0.0000,0.0000,0.0000,0.0000,0.0000,0.0000,0.0000,0.0000,0.0000,0.0000,0.0000,0.0000,0.0000,0.0000,0.0000,0.0000,0.0000,0.0000,0.0000,0.0000,0.0000,0.0000","12,4,4,12","39,33,39,33,39,33,33,33,33,39,39,39,33,33,33,33,39,33,33,39,33,33,33,33,39,33,39,33,33,39,33,33,39,33,33,39,39,33,33,33,33,33,33,39,39,33,33,33,33,33,33,39,39,39,39,33,39,33,33,33,33,39,33,33"
586,50.31,40.68,"10.69,16.82,19.68,21.06,22.18,22.96,23.41,23.64,24.12,24.62,25.09,25.63,26.01,26.40,26.66,26.72,26.90,27.19,27.50,27.78,28.02,28.22,28.33,28.52,28.69,28.87,29.06,29.25,29.42,29.56,29.76,29.86,29.96,30.11,30.29,30.45,30.61,30.75,30.84,30.89,31.01,31.16,31.30,31.42,31.54,31.64,31.72,31.83,31.93,32.05,32.15,32.26,32.35,32.44,32.53,32.58,32.66,32.77,32.87,32.95,33.04,33.12,33.18,33.24","0.6939,0.6938,0.6927,0.6563","1.0889,1.0547,0.9761,0.8799,0.0001,0.0001,0.0001,0.0001,0.0000,0.0000,0.0000,0.0000,0.0000,0.0000,0.0000,0.0000,0.0000,0.0000,0.0000,0.0000,0.0000,0.0000,0.0000,0.0000,0.0000,0.0000,0.0000,0.0000,0.0000,0.0000,0.0000,0.0000,0.0000,0.0000,0.0000,0.0000,0.0000,0.0000,0.0000,0.0000,0.0000,0.0000,0.0000,0.0000,0.0000,0.0000,0.0000,0.0000,0.0000,0.0000,0.0000,0.0000,0.0000,0.0000,0.0000,0.0000,0.0000,0.0000,0.0000,0.0000,0.0000,0.0000,0.0000,0.0000","12,4,4,4","39,25,25,25,39,25,25,25,39,39,25,25,39,25,25,39,25,25,39,39,25,25,39,25,25,25,39,39,39,25,25,25,25,25,25,25,39,25,39,39,25,25,25,39,39,39,39,25,25,25,25,25,39,39,25,39,25,25,25,25,25,39,39,39"
587,38.05,32.62,"11.09,14.78,15.94,16.70,17.32,17.77,18.14,18.44,18.77,19.10,19.43,19.70,19.96,20.17,20.35,20.52,20.70,20.88,21.07,21.24,21.39,21.53,21.66,21.77,21.91,22.04,22.17,22.29,22.41,22.51,22.61,22.70,22.80,22.91,23.00,23.10,23.19,23.27,23.35,23.43,23.51,23.59,23.67,23.75,23.83,23.90,23.96,24.03,24.09,24.16,24.23,24.30,24.36,24.42,24.48,24.54,24.60,24.66,24.72,24.77,24.83,24.88,24.94,24.99","0.8621,0.8618,0.7898,0.6928","1.2724,1.1670,0.9429,0.6177,0.0001,0.0001,0.0001,0.0000,0.0000,0.0000,0.0000,0.0000,0.0000,0.0000,0.0000,0.0000,0.0000,0.0000,0.0000,0.0000,0.0000,0.0000,0.0000,0.0000,0.0000,0.0000,0.0000,0.0000,0.0000,0.0000,0.0000,0.0000,0.0000,0.0000,0.0000,0.0000,0.0000,0.0000,0.0000,0.0000,0.0000,0.0000,0.0000,0.0000,0.0000,0.0000,0.0000,0.0000,0.0000,0.0000,0.0000,0.0000,0.0000,0.0000,0.0000,0.0000,0.0000,0.0000,0.0000,0.0000,0.0000,0.0000,0.0000,0.0000","12,5,5,12","38,34,38,34,38,34,34,38,38,34,38,38,34,34,38,34,34,38,38,38,34,38,34,34,34,34,38,38,38,38,34,34,34,34,38,38,38,38,34,34,34,34,34,38,38,38,34,34,34,34,34,38,38,38,38,34,34,34,34,38,38,38,34,34"
588,29.16,23.62,"10.72,11.84,12.51,12.96,13.27,13.49,13.64,13.82,14.06,14.26,14.44,14.60,14.74,14.88,15.02,15.20,15.37,15.51,15.62,15.72,15.81,15.89,15.99,16.12,16.25,16.36,16.44,16.52,16.58,16.65,16.72,16.82,16.93,17.02,17.09,17.15,17.20,17.25,17.30,17.38,17.48,17.55,17.61,17.66,17.71,17.75,17.79,17.85,17.95,18.02,18.07,18.11,18.15,18.19,18.22,18.27,18.36,18.43,18.47,18.51,18.55,18.58,18.61,18.65","1.0889,1.0401,1.0236,0.8012","1.4824,1.3516,0.8809,0.2861,0.0001,0.0001,0.0001,0.0000,0.0000,0.0000,0.0000,0.0000,0.0000,0.0000,0.0000,0.0000,0.0000,0.0000,0.0000,0.0000,0.0000,0.0000,0.0000,0.0000,0.0000,0.0000,0.0000,0.0000,0.0000,0.0000,0.0000,0.0000,0.0000,0.0000,0.0000,0.0000,0.0000,0.0000,0.0000,0.0000,0.0000,0.0000,0.0000,0.0000,0.0000,0.0000,0.0000,0.0000,0.0000,0.0000,0.0000,0.0000,0.0000,0.0000,0.0000,0.0000,0.0000,0.0000,0.0000,0.0000,0.0000,0.0000,0.0000,0.0000","11,3,11,11","46,46,46,46,46,46,46,46,46,46,46,46,46,46,46,46,46,46,46,46,46,46,46,46,46,46,46,46,46,46,46,46,46,46,46,46,46,46,46,46,46,46,46,46,46,46,46,46,46,46,46,46,46,46,46,46,46,46,46,46,46,46,46,46"
589,29.89,25.31,"11.39,12.61,13.35,13.84,14.18,14.49,14.78,15.09,15.34,15.58,15.80,16.01,16.21,16.40,16.55,16.74,16.90,17.05,17.18,17.31,17.43,17.55,17.66,17.74,17.84,17.95,18.04,18.12,18.21,18.30,18.39,18.47,18.54,18.62,18.71,18.80,18.87,18.96,19.05,19.15,19.26,19.35,19.43,19.51,19.59,19.66,19.75,19.83,19.93,20.02,20.10,20.17,20.24,20.30,20.37,20.43,20.51,20.58,20.66,20.73,20.79,20.85,20.91,20.96","1.2664,1.2518,1.2266,0.2551","1.3623,1.2930,1.1582,0.1865,0.0001,0.0001,0.0001,0.0000,0.0000,0.0000,0.0000,0.0000,0.0000,0.0000,0.0000,0.0000,0.0000,0.0000,0.0000,0.0000,0.0000,0.0000,0.0000,0.0000,0.0000,0.0000,0.0000,0.0000,0.0000,0.0000,0.0000,0.0000,0.0000,0.0000,0.0000,0.0000,0.0000,0.0000,0.0000,0.0000,0.0000,0.0000,0.0000,0.0000,0.0000,0.0000,0.0000,0.0000,0.0000,0.0000,0.0000,0.0000,0.0000,0.0000,0.0000,0.0000,0.0000,0.0000,0.0000,0.0000,0.0000,0.0000,0.0000,0.0000","12,12,12,5","38,38,38,38,38,38,32,32,32,38,38,38,38,38,38,32,32,32,38,38,38,38,38,38,32,32,32,38,38,38,38,38,38,32,32,32,32,32,32,32,32,32,32,32,32,32,32,32,32,32,32,32,32,32,32,32,32,32,32,32,32,32,32,32"
590,44.51,40.39,"10.69,17.58,19.14,20.38,21.31,22.19,22.95,23.56,24.25,24.71,25.07,25.40,25.69,25.94,26.18,26.44,26.81,27.10,27.32,27.53,27.73,27.91,28.07,28.21,28.45,28.66,28.83,28.98,29.13,29.28,29.41,29.53,29.68,29.84,29.97,30.09,30.21,30.33,30.44,30.55,30.67,30.78,30.88,30.98,31.07,31.17,31.27,31.37,31.46,31.55,31.63,31.72,31.79,31.87,31.95,32.04,32.12,32.20,32.27,32.33,32.40,32.47,32.54,32.61","0.8164,0.8160,0.7694,0.7053","1.1972,1.1611,1.1182,0.5239,0.0001,0.0001,0.0001,0.0000,0.0000,0.0000,0.0000,0.0000,0.0000,0.0000,0.0000,0.0000,0.0000,0.0000,0.0000,0.0000,0.0000,0.0000,0.0000,0.0000,0.0000,0.0000,0.0000,0.0000,0.0000,0.0000,0.0000,0.0000,0.0000,0.0000,0.0000,0.0000,0.0000,0.0000,0.0000,0.0000,0.0000,0.0000,0.0000,0.0000,0.0000,0.0000,0.0000,0.0000,0.0000,0.0000,0.0000,0.0000,0.0000,0.0000,0.0000,0.0000,0.0000,0.0000,0.0000,0.0000,0.0000,0.0000,0.0000,0.0000","15,4,4,15","32,38,32,32,32,32,32,32,32,32,32,32,32,32,32,32,32,32,32,32,32,32,32,32,32,32,32,32,32,32,32,32,32,32,32,32,32,32,32,32,32,32,32,32,32,32,32,32,32,32,32,32,32,32,32,32,32,32,32,32,32,32,32,32"
591,24.75,22.23,"11.46,12.54,13.19,13.63,13.96,14.21,14.39,14.53,14.70,14.88,15.05,15.21,15.36,15.50,15.63,15.74,15.83,15.94,16.05,16.15,16.25,16.34,16.44,16.53,16.61,16.67,16.75,16.83,16.89,16.95,17.03,17.12,17.16,17.22,17.28,17.34,17.40,17.44,17.50,17.56,17.62,17.67,17.72,17.78,17.83,17.88,17.93,17.99,18.05,18.11,18.16,18.21,18.26,18.30,18.35,18.40,18.47,18.53,18.58,18.60,18.64,18.68,18.72,18.77","1.2550,1.1329,0.9544,0.6576","1.6533,1.2598,0.9839,0.1029,0.0001,0.0001,0.0001,0.0001,0.0000,0.0000,0.0000,0.0000,0.0000,0.0000,0.0000,0.0000,0.0000,0.0000,0.0000,0.0000,0.0000,0.0000,0.0000,0.0000,0.0000,0.0000,0.0000,0.0000,0.0000,0.0000,0.0000,0.0000,0.0000,0.0000,0.0000,0.0000,0.0000,0.0000,0.0000,0.0000,0.0000,0.0000,0.0000,0.0000,0.0000,0.0000,0.0000,0.0000,0.0000,0.0000,0.0000,0.0000,0.0000,0.0000,0.0000,0.0000,0.0000,0.0000,0.0000,0.0000,0.0000,0.0000,0.0000,0.0000","12,4,12,12","32,32,32,32,32,32,32,32,32,32,32,32,32,32,32,32,38,32,32,32,32,32,32,32,38,38,32,32,32,32,32,32,38,38,32,32,32,38,32,32,38,32,32,32,32,32,32,32,32,32,32,32,32,32,32,32,32,32,32,32,32,32,32,32"
592,36.27,32.95,"10.53,12.90,14.23,15.06,15.70,16.21,16.69,17.12,17.62,18.00,18.31,18.56,18.78,18.98,19.18,19.38,19.67,19.90,20.09,20.25,20.39,20.51,20.62,20.74,20.94,21.13,21.28,21.40,21.51,21.61,21.70,21.80,21.98,22.14,22.28,22.39,22.50,22.61,22.71,22.82,22.98,23.12,23.23,23.34,23.43,23.52,23.62,23.73,23.86,23.97,24.06,24.16,24.23,24.30,24.40,24.49,24.59,24.70,24.77,24.85,24.91,24.97,25.05,25.13","1.0146,1.0136,0.9756,0.7080","1.2285,1.1719,1.0537,0.5459,0.0001,0.0001,0.0001,0.0000,0.0000,0.0000,0.0000,0.0000,0.0000,0.0000,0.0000,0.0000,0.0000,0.0000,0.0000,0.0000,0.0000,0.0000,0.0000,0.0000,0.0000,0.0000,0.0000,0.0000,0.0000,0.0000,0.0000,0.0000,0.0000,0.0000,0.0000,0.0000,0.0000,0.0000,0.0000,0.0000,0.0000,0.0000,0.0000,0.0000,0.0000,0.0000,0.0000,0.0000,0.0000,0.0000,0.0000,0.0000,0.0000,0.0000,0.0000,0.0000,0.0000,0.0000,0.0000,0.0000,0.0000,0.0000,0.0000,0.0000","12,4,12,12","40,46,40,40,40,24,24,24,40,40,40,40,40,40,24,24,40,40,40,40,40,40,40,24,40,40,40,24,40,40,40,40,40,40,40,24,40,40,40,40,40,40,40,24,40,24,40,40,40,40,40,40,24,40,40,40,40,40,40,24,40,40,24,40"
595,54.21,41.19,"11.26,14.17,16.34,17.08,18.00,18.53,19.34,19.91,20.44,20.83,21.16,21.42,21.70,22.02,22.29,22.55,22.96,23.22,23.41,23.56,23.71,23.89,24.07,24.24,24.50,24.68,24.81,24.92,25.02,25.15,25.27,25.40,25.63,25.78,25.89,25.97,26.08,26.18,26.30,26.39,26.57,26.68,26.77,26.83,26.92,27.02,27.12,27.21,27.31,27.42,27.52,27.58,27.67,27.75,27.81,27.89,27.96,28.06,28.18,28.27,28.34,28.40,28.43,28.53","0.6303,0.6299,0.6284,0.6185","1.0459,1.0420,0.9878,0.9233,0.0001,0.0001,0.0001,0.0001,0.0000,0.0000,0.0000,0.0000,0.0000,0.0000,0.0000,0.0000,0.0000,0.0000,0.0000,0.0000,0.0000,0.0000,0.0000,0.0000,0.0000,0.0000,0.0000,0.0000,0.0000,0.0000,0.0000,0.0000,0.0000,0.0000,0.0000,0.0000,0.0000,0.0000,0.0000,0.0000,0.0000,0.0000,0.0000,0.0000,0.0000,0.0000,0.0000,0.0000,0.0000,0.0000,0.0000,0.0000,0.0000,0.0000,0.0000,0.0000,0.0000,0.0000,0.0000,0.0000,0.0000,0.0000,0.0000,0.0000","0,10,0,0","32,38,32,32,32,32,32,32,32,32,32,32,32,32,32,32,38,32,32,32,32,32,32,32,32,32,32,32,32,32,32,32,32,32,32,32,32,32,32,32,32,32,32,38,32,32,32,32,32,32,38,32,32,32,32,32,32,38,32,32,32,32,32,32"
601,37.00,31.29,"8.92,10.68,12.80,13.82,14.50,15.06,15.47,15.74,15.90,16.18,16.54,16.90,17.20,17.46,17.65,17.80,17.97,18.11,18.30,18.51,18.70,18.85,18.97,19.07,19.18,19.28,19.41,19.56,19.70,19.81,19.90,20.00,20.09,20.16,20.25,20.36,20.46,20.55,20.64,20.72,20.79,20.84,20.91,21.00,21.07,21.13,21.21,21.28,21.34,21.39,21.44,21.51,21.58,21.65,21.71,21.79,21.84,21.89,21.93,22.00,22.06,22.12,22.19,22.27","1.0079,1.0076,0.9547,0.8789","1.2207,1.1054,1.0615,0.6118,0.0001,0.0001,0.0001,0.0000,0.0000,0.0000,0.0000,0.0000,0.0000,0.0000,0.0000,0.0000,0.0000,0.0000,0.0000,0.0000,0.0000,0.0000,0.0000,0.0000,0.0000,0.0000,0.0000,0.0000,0.0000,0.0000,0.0000,0.0000,0.0000,0.0000,0.0000,0.0000,0.0000,0.0000,0.0000,0.0000,0.0000,0.0000,0.0000,0.0000,0.0000,0.0000,0.0000,0.0000,0.0000,0.0000,0.0000,0.0000,0.0000,0.0000,0.0000,0.0000,0.0000,0.0000,0.0000,0.0000,0.0000,0.0000,0.0000,0.0000","3,5,3,3","39,55,39,39,55,55,55,55,55,39,39,39,39,55,55,55,55,55,39,39,39,55,55,55,55,55,39,39,39,39,55,55,55,55,39,39,39,39,55,55,55,39,39,39,39,39,39,55,55,55,39,39,39,39,39,39,55,55,39,39,39,39,39,39"
602,21.41,19.18,"9.91,11.27,12.14,12.75,13.18,13.49,13.69,13.82,13.92,14.07,14.25,14.43,14.59,14.72,14.82,14.88,14.94,15.02,15.12,15.23,15.33,15.42,15.48,15.53,15.58,15.64,15.71,15.79,15.86,15.92,15.98,16.03,16.07,16.12,16.18,16.24,16.29,16.34,16.39,16.43,16.47,16.50,16.55,16.60,16.64,16.68,16.73,16.75,16.79,16.82,16.85,16.90,16.93,16.97,17.00,17.04,17.06,17.08,17.12,17.15,17.18,17.21,17.24,17.28","2.1327,1.8671,0.0001,0.0001","2.3555,1.6456,0.0002,0.0001,0.0001,0.0001,0.0000,0.0000,0.0000,0.0000,0.0000,0.0000,0.0000,0.0000,0.0000,0.0000,0.0000,0.0000,0.0000,0.0000,0.0000,0.0000,0.0000,0.0000,0.0000,0.0000,0.0000,0.0000,0.0000,0.0000,0.0000,0.0000,0.0000,0.0000,0.0000,0.0000,0.0000,0.0000,0.0000,0.0000,0.0000,0.0000,0.0000,0.0000,0.0000,0.0000,0.0000,0.0000,0.0000,0.0000,0.0000,0.0000,0.0000,0.0000,0.0000,0.0000,0.0000,0.0000,0.0000,0.0000,0.0000,0.0000,0.0000,0.0000","0,0,8,8","39,39,39,39,39,39,39,39,39,39,39,39,39,39,39,39,39,39,39,39,39,39,39,39,39,39,39,39,39,39,39,39,39,39,39,39,39,39,39,39,39,39,39,39,39,39,39,39,39,39,39,39,39,39,39,39,39,39,39,39,39,39,39,39"
603,23.39,20.31,"10.10,11.54,12.47,13.14,13.63,13.98,14.22,14.41,14.50,14.64,14.82,15.00,15.16,15.32,15.48,15.66,15.72,15.80,15.91,16.02,16.12,16.22,16.34,16.48,16.52,16.58,16.66,16.74,16.81,16.88,16.96,17.08,17.11,17.16,17.22,17.28,17.34,17.40,17.46,17.55,17.61,17.67,17.71,17.76,17.82,17.87,17.92,17.99,18.08,18.13,18.17,18.21,18.27,18.33,18.38,18.43,18.52,18.56,18.60,18.64,18.70,18.76,18.81,18.87","1.4912,1.3383,1.1702,0.0001","1.6885,1.2481,1.0635,0.0001,0.0001,0.0001,0.0000,0.0000,0.0000,0.0000,0.0000,0.0000,0.0000,0.0000,0.0000,0.0000,0.0000,0.0000,0.0000,0.0000,0.0000,0.0000,0.0000,0.0000,0.0000,0.0000,0.0000,0.0000,0.0000,0.0000,0.0000,0.0000,0.0000,0.0000,0.0000,0.0000,0.0000,0.0000,0.0000,0.0000,0.0000,0.0000,0.0000,0.0000,0.0000,0.0000,0.0000,0.0000,0.0000,0.0000,0.0000,0.0000,0.0000,0.0000,0.0000,0.0000,0.0000,0.0000,0.0000,0.0000,0.0000,0.0000,0.0000,0.0000","0,8,8,0","24,24,24,24,24,24,24,24,24,24,24,24,24,24,24,24,24,24,24,24,24,24,24,24,24,24,24,24,24,24,24,24,24,24,24,24,24,24,24,24,24,24,24,24,24,24,24,24,24,24,24,24,24,24,24,24,24,24,24,24,24,24,24,24"
604,25.11,22.01,"7.76,9.47,10.65,11.51,12.13,12.56,12.85,13.04,13.10,13.22,13.40,13.61,13.81,13.98,14.11,14.19,14.24,14.31,14.42,14.55,14.69,14.81,14.89,14.95,15.01,15.10,15.23,15.38,15.52,15.62,15.69,15.75,15.86,15.97,16.10,16.23,16.36,16.45,16.52,16.57,16.70,16.81,16.92,17.03,17.13,17.22,17.28,17.33,17.45,17.55,17.64,17.72,17.80,17.87,17.93,17.98,18.08,18.17,18.23,18.30,18.35,18.41,18.46,18.51","1.4719,1.4337,1.0938,0.0001","1.7841,1.7051,0.5112,0.0001,0.0001,0.0000,0.0000,0.0000,0.0000,0.0000,0.0000,0.0000,0.0000,0.0000,0.0000,0.0000,0.0000,0.0000,0.0000,0.0000,0.0000,0.0000,0.0000,0.0000,0.0000,0.0000,0.0000,0.0000,0.0000,0.0000,0.0000,0.0000,0.0000,0.0000,0.0000,0.0000,0.0000,0.0000,0.0000,0.0000,0.0000,0.0000,0.0000,0.0000,0.0000,0.0000,0.0000,0.0000,0.0000,0.0000,0.0000,0.0000,0.0000,0.0000,0.0000,0.0000,0.0000,0.0000,0.0000,0.0000,0.0000,0.0000,0.0000,0.0000","0,11,0,0","16,16,16,16,16,16,16,16,16,16,16,16,16,16,16,16,16,16,16,16,16,16,16,16,16,16,16,16,16,16,16,32,16,16,16,16,16,16,16,16,16,16,16,16,16,16,16,16,16,16,16,16,16,16,16,16,16,16,16,16,16,16,16,16"
605,31.05,28.00,"9.96,11.25,12.08,12.69,13.18,13.67,14.12,14.44,14.62,14.85,15.14,15.41,15.65,15.85,16.05,16.21,16.32,16.47,16.62,16.78,16.93,17.06,17.18,17.28,17.36,17.46,17.57,17.68,17.80,17.90,17.97,18.04,18.11,18.19,18.27,18.36,18.44,18.51,18.57,18.65,18.71,18.77,18.84,18.91,18.98,19.05,19.13,19.25,19.31,19.36,19.42,19.47,19.54,19.61,19.71,19.83,19.88,19.92,19.97,20.02,20.08,20.14,20.25,20.37","1.3605,1.3565,1.2830,0.0001","1.1777,1.1172,0.9346,0.7710,0.0001,0.0001,0.0001,0.0001,0.0000,0.0000,0.0000,0.0000,0.0000,0.0000,0.0000,0.0000,0.0000,0.0000,0.0000,0.0000,0.0000,0.0000,0.0000,0.0000,0.0000,0.0000,0.0000,0.0000,0.0000,0.0000,0.0000,0.0000,0.0000,0.0000,0.0000,0.0000,0.0000,0.0000,0.0000,0.0000,0.0000,0.0000,0.0000,0.0000,0.0000,0.0000,0.0000,0.0000,0.0000,0.0000,0.0000,0.0000,0.0000,0.0000,0.0000,0.0000,0.0000,0.0000,0.0000,0.0000,0.0000,0.0000,0.0000,0.0000","11,0,0,0","23,23,23,23,7,7,23,7,7,7,23,23,23,23,7,7,7,7,23,23,23,23,7,7,7,7,7,23,23,23,7,23,7,23,23,7,23,23,23,23,23,7,7,7,23,23,23,23,23,7,23,23,23,23,23,23,23,7,7,23,23,23,23,23"
606,32.91,29.41,"10.16,11.62,12.57,13.31,13.95,14.58,15.18,15.66,15.86,16.08,16.28,16.48,16.73,17.02,17.33,17.58,17.69,17.81,17.94,18.08,18.27,18.49,18.71,18.89,18.96,19.04,19.13,19.25,19.40,19.59,19.77,19.92,19.97,20.03,20.10,20.20,20.34,20.51,20.66,20.79,20.83,20.88,20.95,21.04,21.16,21.31,21.45,21.55,21.59,21.63,21.69,21.78,21.89,22.01,22.14,22.22,22.27,22.30,22.36,22.44,22.54,22.64,22.75,22.83","1.0733,1.0651,1.0546,0.8062","1.2852,1.2579,1.1513,0.3059,0.0001,0.0001,0.0001,0.0000,0.0000,0.0000,0.0000,0.0000,0.0000,0.0000,0.0000,0.0000,0.0000,0.0000,0.0000,0.0000,0.0000,0.0000,0.0000,0.0000,0.0000,0.0000,0.0000,0.0000,0.0000,0.0000,0.0000,0.0000,0.0000,0.0000,0.0000,0.0000,0.0000,0.0000,0.0000,0.0000,0.0000,0.0000,0.0000,0.0000,0.0000,0.0000,0.0000,0.0000,0.0000,0.0000,0.0000,0.0000,0.0000,0.0000,0.0000,0.0000,0.0000,0.0000,0.0000,0.0000,0.0000,0.0000,0.0000,0.0000","12,4,12,12","24,24,24,24,24,24,24,24,24,24,24,24,24,24,24,24,24,24,24,24,24,24,24,24,24,24,24,24,24,24,24,24,24,24,24,24,24,24,24,24,24,24,24,24,24,24,24,24,24,24,24,24,24,24,24,24,24,24,24,24,24,24,24,24"
607,24.75,22.45,"11.34,12.70,13.60,14.27,14.78,15.18,15.55,16.00,16.26,16.52,16.75,16.95,17.11,17.29,17.48,17.71,17.95,18.16,18.33,18.47,18.57,18.67,18.78,18.90,19.11,19.29,19.44,19.55,19.62,19.69,19.75,19.82,20.03,20.20,20.33,20.41,20.46,20.51,20.55,20.58,20.78,20.92,21.04,21.10,21.15,21.18,21.21,21.24,21.40,21.54,21.63,21.71,21.71,21.74,21.76,21.78,21.95,22.04,22.14,22.19,22.20,22.22,22.24,22.25","1.2617,1.1867,0.8641,0.6881","2.0488,1.9511,0.0001,0.0001,0.0001,0.0001,0.0000,0.0000,0.0000,0.0000,0.0000,0.0000,0.0000,0.0000,0.0000,0.0000,0.0000,0.0000,0.0000,0.0000,0.0000,0.0000,0.0000,0.0000,0.0000,0.0000,0.0000,0.0000,0.0000,0.0000,0.0000,0.0000,0.0000,0.0000,0.0000,0.0000,0.0000,0.0000,0.0000,0.0000,0.0000,0.0000,0.0000,0.0000,0.0000,0.0000,0.0000,0.0000,0.0000,0.0000,0.0000,0.0000,0.0000,0.0000,0.0000,0.0000,0.0000,0.0000,0.0000,0.0000,0.0000,0.0000,0.0000,0.0000","12,12,12,12","31,31,31,31,31,31,31,31,31,31,31,31,31,31,31,31,31,31,31,31,31,31,31,31,31,31,31,31,31,31,31,31,31,31,31,31,31,31,31,31,31,31,31,31,31,31,31,31,31,31,31,31,31,31,31,31,31,31,31,31,31,31,14,47"
608,22.39,19.70,"11.29,12.49,13.24,13.81,14.24,14.59,14.86,15.06,15.18,15.32,15.47,15.63,15.79,15.94,16.07,16.17,16.28,16.37,16.47,16.58,16.70,16.81,16.89,16.95,17.07,17.13,17.20,17.29,17.39,17.48,17.54,17.59,17.68,17.73,17.78,17.87,17.95,18.02,18.07,18.11,18.17,18.21,18.26,18.33,18.40,18.46,18.50,18.54,18.59,18.62,18.67,18.74,18.78,18.83,18.87,18.94,18.97,19.02,19.06,19.11,19.14,19.19,19.23,19.31","1.5712,1.3221,1.1065,0.0001","1.9151,1.2481,0.8365,0.0001,0.0001,0.0001,0.0000,0.0000,0.0000,0.0000,0.0000,0.0000,0.0000,0.0000,0.0000,0.0000,0.0000,0.0000,0.0000,0.0000,0.0000,0.0000,0.0000,0.0000,0.0000,0.0000,0.0000,0.0000,0.0000,0.0000,0.0000,0.0000,0.0000,0.0000,0.0000,0.0000,0.0000,0.0000,0.0000,0.0000,0.0000,0.0000,0.0000,0.0000,0.0000,0.0000,0.0000,0.0000,0.0000,0.0000,0.0000,0.0000,0.0000,0.0000,0.0000,0.0000,0.0000,0.0000,0.0000,0.0000,0.0000,0.0000,0.0000,0.0000","11,0,11,11","31,31,31,31,31,31,31,31,31,31,31,31,31,31,31,31,31,31,31,31,31,31,31,31,31,31,31,31,31,31,31,31,31,31,31,31,31,31,31,31,31,31,31,31,31,31,31,31,31,31,31,31,31,31,31,31,31,31,31,31,31,31,31,31"
609,22.86,20.89,"10.29,11.93,13.08,13.97,14.63,15.12,15.45,15.66,15.77,15.88,16.04,16.24,16.45,16.63,16.78,16.91,17.05,17.13,17.22,17.35,17.48,17.59,17.69,17.80,17.91,17.97,18.04,18.14,18.24,18.32,18.39,18.48,18.57,18.62,18.67,18.76,18.84,18.90,18.97,19.04,19.11,19.15,19.20,19.27,19.35,19.38,19.43,19.51,19.55,19.59,19.64,19.70,19.77,19.81,19.85,19.91,19.95,19.98,20.02,20.10,20.14,20.17,20.21,20.27","1.7061,1.5998,0.6942,0.0001","2.1739,1.8252,0.0001,0.0001,0.0001,0.0001,0.0000,0.0000,0.0000,0.0000,0.0000,0.0000,0.0000,0.0000,0.0000,0.0000,0.0000,0.0000,0.0000,0.0000,0.0000,0.0000,0.0000,0.0000,0.0000,0.0000,0.0000,0.0000,0.0000,0.0000,0.0000,0.0000,0.0000,0.0000,0.0000,0.0000,0.0000,0.0000,0.0000,0.0000,0.0000,0.0000,0.0000,0.0000,0.0000,0.0000,0.0000,0.0000,0.0000,0.0000,0.0000,0.0000,0.0000,0.0000,0.0000,0.0000,0.0000,0.0000,0.0000,0.0000,0.0000,0.0000,0.0000,0.0000","15,15,15,15","23,23,23,23,23,23,23,23,23,23,23,23,23,23,23,23,23,23,23,23,23,23,23,23,23,23,23,23,23,23,23,23,23,23,23,23,23,23,23,23,23,23,23,23,23,23,23,23,23,23,23,23,23,23,23,23,23,23,23,23,23,23,23,23"
