ue,C_AE,C_UE,C_BS_hist,lambda_UE,lambda_BS,ue_beams,bs_beams
313,27.89,24.01,"12.22,13.46,14.21,14.73,15.33,15.96,16.56,17.09,17.45,17.71,17.87,18.00,18.09,18.31,18.49,18.73,18.92,19.08,19.16,19.30,19.36,19.51,19.63,19.79,19.92,20.03,20.15,20.20,20.27,20.36,20.45,20.57,20.68,20.76,20.84,20.89,20.96,21.02,21.11,21.19,21.28,21.33,21.41,21.46,21.52,21.58,21.63,21.71,21.80,21.86,21.91,21.92,21.95,21.95,22.01,22.02,22.10,22.16,22.21,22.25,22.30,22.34,22.35,22.40","1.3702,1.3419,1.2893,0.0001","1.5625,1.5156,0.9214,0.0001,0.0001,0.0001,0.0001,0.0000,0.0000,0.0000,0.0000,0.0000,0.0000,0.0000,0.0000,0.0000,0.0000,0.0000,0.0000,0.0000,0.0000,0.0000,0.0000,0.0000,0.0000,0.0000,0.0000,0.0000,0.0000,0.0000,0.0000,0.0000,0.0000,0.0000,0.0000,0.0000,0.0000,0.0000,0.0000,0.0000,0.0000,0.0000,0.0000,0.0000,0.0000,0.0000,0.0000,0.0000,0.0000,0.0000,0.0000,0.0000,0.0000,0.0000,0.0000,0.0000,0.0000,0.0000,0.0000,0.0000,0.0000,0.0000,0.0000,0.0000","12,12,12,12","32,32,32,32,32,32,32,32,32,32,32,32,32,32,32,32,32,32,32,32,32,32,32,32,32,32,32,32,32,32,32,32,32,32,32,32,32,32,32,32,32,32,32,32,32,32,32,32,32,32,32,46,32,42,32,46,32,32,32,32,32,32,46,32"
314,26.09,23.42,"11.62,12.78,13.79,14.44,14.91,15.31,15.58,15.77,15.96,16.21,16.48,16.71,16.94,17.13,17.28,17.36,17.45,17.60,17.75,17.91,18.06,18.18,18.27,18.34,18.42,18.48,18.62,18.74,18.86,18.95,19.03,19.05,19.11,19.19,19.26,19.30,19.40,19.54,19.55,19.56,19.61,19.67,19.74,19.82,19.90,19.93,19.99,20.06,20.11,20.16,20.22,20.29,20.35,20.44,20.45,20.51,20.56,20.57,20.62,20.67,20.74,20.74,20.81,20.83","1.4512,1.4168,1.1317,0.0001","1.5029,1.2734,0.8491,0.3753,0.0001,0.0001,0.0001,0.0000,0.0000,0.0000,0.0000,0.0000,0.0000,0.0000,0.0000,0.0000,0.0000,0.0000,0.0000,0.0000,0.0000,0.0000,0.0000,0.0000,0.0000,0.0000,0.0000,0.0000,0.0000,0.0000,0.0000,0.0000,0.0000,0.0000,0.0000,0.0000,0.0000,0.0000,0.0000,0.0000,0.0000,0.0000,0.0000,0.0000,0.0000,0.0000,0.0000,0.0000,0.0000,0.0000,0.0000,0.0000,0.0000,0.0000,0.0000,0.0000,0.0000,0.0000,0.0000,0.0000,0.0000,0.0000,0.0000,0.0000","0,8,0,0","32,32,32,32,32,32,32,32,32,32,32,32,32,32,32,32,32,32,32,32,32,32,32,32,32,32,32,32,32,32,32,38,32,32,32,32,32,32,38,38,32,32,32,32,32,32,38,32,32,32,32,32,32,32,38,32,32,38,32,32,32,36,32,38"
315,45.36,37.27,"9.90,11.88,12.94,14.11,15.16,15.85,16.63,17.23,17.69,18.07,18.38,18.64,18.88,19.16,19.47,19.77,20.04,20.28,20.47,20.63,20.79,20.96,21.15,21.34,21.54,21.71,21.84,21.96,22.08,22.20,22.33,22.47,22.63,22.76,22.87,22.96,23.05,23.15,23.25,23.35,23.48,23.61,23.68,23.78,23.89,24.00,24.11,24.22,24.33,24.47,24.58,24.69,24.79,24.88,24.98,25.07,25.17,25.31,25.40,25.53,25.62,25.68,25.77,25.83","0.6499,0.6475,0.6318,0.6291","1.0957,1.0352,0.9376,0.9316,0.0001,0.0001,0.0001,0.0001,0.0000,0.0000,0.0000,0.0000,0.0000,0.0000,0.0000,0.0000,0.0000,0.0000,0.0000,0.0000,0.0000,0.0000,0.0000,0.0000,0.0000,0.0000,0.0000,0.0000,0.0000,0.0000,0.0000,0.0000,0.0000,0.0000,0.0000,0.0000,0.0000,0.0000,0.0000,0.0000,0.0000,0.0000,0.0000,0.0000,0.0000,0.0000,0.0000,0.0000,0.0000,0.0000,0.0000,0.0000,0.0000,0.0000,0.0000,0.0000,0.0000,0.0000,0.0000,0.0000,0.0000,0.0000,0.0000,0.0000","1,8,1,1","24,24,24,24,24,24,24,24,24,24,24,24,24,24,24,24,24,24,24,24,24,24,24,24,24,24,24,24,24,24,24,24,24,24,24,24,24,24,24,24,24,24,24,24,24,24,24,24,24,24,24,24,24,24,24,24,24,24,24,24,24,24,24,24"
316,55.73,42.32,"11.09,15.48,17.99,19.51,20.98,22.14,23.20,24.11,24.66,25.05,25.40,25.76,26.16,26.39,26.76,27.15,27.43,27.62,27.79,27.88,27.98,28.07,28.49,28.72,28.95,29.03,29.31,29.37,29.60,29.68,29.86,29.98,30.10,30.22,30.35,30.41,30.54,30.55,30.56,30.65,30.73,30.74,30.75,30.65,30.76,30.84,30.93,31.05,31.26,31.36,31.47,31.60,31.71,31.79,31.89,32.00,32.19,32.29,32.41,32.51,32.62,32.70,32.79,32.90","0.5346,0.5338,0.5332,0.5185","1.0146,1.0078,0.9927,0.9854,0.0001,0.0001,0.0001,0.0000,0.0000,0.0000,0.0000,0.0000,0.0000,0.0000,0.0000,0.0000,0.0000,0.0000,0.0000,0.0000,0.0000,0.0000,0.0000,0.0000,0.0000,0.0000,0.0000,0.0000,0.0000,0.0000,0.0000,0.0000,0.0000,0.0000,0.0000,0.0000,0.0000,0.0000,0.0000,0.0000,0.0000,0.0000,0.0000,0.0000,0.0000,0.0000,0.0000,0.0000,0.0000,0.0000,0.0000,0.0000,0.0000,0.0000,0.0000,0.0000,0.0000,0.0000,0.0000,0.0000,0.0000,0.0000,0.0000,0.0000","0,0,8,0","32,32,32,32,32,32,32,32,32,32,32,32,32,32,32,32,32,32,32,32,32,32,32,32,32,32,32,32,32,32,32,32,32,32,32,32,32,34,34,32,32,34,34,32,32,32,32,32,32,32,32,32,32,32,32,32,32,32,32,32,32,32,32,32"
317,38.96,35.64,"11.79,16.08,17.51,18.22,19.06,19.65,20.33,21.02,21.53,21.93,22.24,22.54,22.84,23.16,23.50,23.81,24.12,24.38,24.58,24.74,24.93,25.10,25.30,25.52,25.77,25.96,26.10,26.23,26.35,26.48,26.63,26.81,26.99,27.14,27.26,27.36,27.45,27.56,27.68,27.81,27.96,28.08,28.17,28.26,28.33,28.41,28.51,28.63,28.76,28.86,28.94,29.01,29.07,29.15,29.22,29.33,29.42,29.53,29.60,29.66,29.72,29.78,29.84,29.92","0.9883,0.9876,0.9731,0.8263","1.0752,1.0244,1.0166,0.8838,0.0001,0.0001,0.0001,0.0001,0.0000,0.0000,0.0000,0.0000,0.0000,0.0000,0.0000,0.0000,0.0000,0.0000,0.0000,0.0000,0.0000,0.0000,0.0000,0.0000,0.0000,0.0000,0.0000,0.0000,0.0000,0.0000,0.0000,0.0000,0.0000,0.0000,0.0000,0.0000,0.0000,0.0000,0.0000,0.0000,0.0000,0.0000,0.0000,0.0000,0.0000,0.0000,0.0000,0.0000,0.0000,0.0000,0.0000,0.0000,0.0000,0.0000,0.0000,0.0000,0.0000,0.0000,0.0000,0.0000,0.0000,0.0000,0.0000,0.0000","0,8,0,8","39,33,39,39,33,33,39,39,39,39,33,39,33,39,39,39,39,33,33,39,33,39,39,39,39,39,33,33,33,33,39,39,39,39,39,39,33,33,39,39,39,33,39,33,33,33,39,39,39,39,33,39,33,39,39,39,39,33,33,33,33,33,39,39"
318,35.22,33.10,"11.11,14.67,15.98,16.70,17.45,18.05,18.51,18.91,19.30,19.74,20.14,20.45,20.71,20.96,21.20,21.41,21.69,21.94,22.13,22.31,22.48,22.63,22.78,22.93,23.13,23.30,23.44,23.58,23.71,23.81,23.93,24.04,24.19,24.32,24.42,24.53,24.63,24.72,24.82,24.91,25.02,25.13,25.21,25.30,25.38,25.45,25.54,25.61,25.71,25.79,25.86,25.94,26.01,26.08,26.14,26.21,26.29,26.37,26.44,26.49,26.56,26.62,26.67,26.73","1.0761,1.0752,0.9942,0.7618","1.2587,1.2031,1.0693,0.4688,0.0001,0.0001,0.0001,0.0000,0.0000,0.0000,0.0000,0.0000,0.0000,0.0000,0.0000,0.0000,0.0000,0.0000,0.0000,0.0000,0.0000,0.0000,0.0000,0.0000,0.0000,0.0000,0.0000,0.0000,0.0000,0.0000,0.0000,0.0000,0.0000,0.0000,0.0000,0.0000,0.0000,0.0000,0.0000,0.0000,0.0000,0.0000,0.0000,0.0000,0.0000,0.0000,0.0000,0.0000,0.0000,0.0000,0.0000,0.0000,0.0000,0.0000,0.0000,0.0000,0.0000,0.0000,0.0000,0.0000,0.0000,0.0000,0.0000,0.0000","0,8,0,0","47,33,47,33,33,33,33,33,33,47,47,47,47,33,33,33,33,33,47,47,47,33,33,33,33,33,33,47,47,33,33,33,33,33,33,47,47,47,33,33,33,33,33,47,47,33,33,33,33,33,33,47,47,47,33,33,33,33,33,47,47,47,33,33"
319,49.89,45.94,"10.07,17.65,20.13,22.15,23.44,24.48,25.23,25.95,26.44,26.93,27.33,27.69,28.01,28.33,28.63,28.94,29.21,29.46,29.69,29.91,30.11,30.30,30.45,30.64,30.81,30.99,31.13,31.28,31.44,31.57,31.67,31.80,31.93,32.20,32.40,32.58,32.75,32.91,33.07,33.20,33.33,33.47,33.63,33.77,33.92,34.07,34.21,34.34,34.43,34.55,34.69,34.83,34.97,35.10,35.22,35.36,35.42,35.51,35.65,35.77,35.89,35.98,36.09,36.22","0.8126,0.8120,0.8103,0.7255","1.0322,1.0205,0.9971,0.9507,0.0001,0.0001,0.0001,0.0000,0.0000,0.0000,0.0000,0.0000,0.0000,0.0000,0.0000,0.0000,0.0000,0.0000,0.0000,0.0000,0.0000,0.0000,0.0000,0.0000,0.0000,0.0000,0.0000,0.0000,0.0000,0.0000,0.0000,0.0000,0.0000,0.0000,0.0000,0.0000,0.0000,0.0000,0.0000,0.0000,0.0000,0.0000,0.0000,0.0000,0.0000,0.0000,0.0000,0.0000,0.0000,0.0000,0.0000,0.0000,0.0000,0.0000,0.0000,0.0000,0.0000,0.0000,0.0000,0.0000,0.0000,0.0000,0.0000,0.0000","12,4,4,4","40,40,24,24,24,24,24,24,24,24,24,24,40,24,24,24,24,24,40,40,24,24,40,24,24,24,24,24,24,24,40,24,24,24,24,24,24,24,24,24,24,24,24,24,24,24,24,24,24,24,24,24,24,24,24,24,40,24,24,24,24,24,24,24"
320,52.63,47.32,"11.27,19.90,22.61,24.73,26.01,27.09,28.18,29.26,29.86,30.35,30.76,31.18,31.54,31.89,32.22,32.67,33.04,33.32,33.54,33.80,34.03,34.26,34.45,34.71,35.00,35.20,35.35,35.53,35.71,35.88,36.03,36.20,36.45,36.61,36.73,36.87,37.02,37.17,37.28,37.41,37.65,37.80,37.90,38.01,38.14,38.29,38.40,38.51,38.73,38.88,38.98,39.10,39.21,39.35,39.47,39.58,39.76,39.89,39.99,40.09,40.19,40.30,40.40,40.52","0.7228,0.7222,0.7207,0.6719","1.0264,1.0205,0.9985,0.9551,0.0001,0.0001,0.0001,0.0000,0.0000,0.0000,0.0000,0.0000,0.0000,0.0000,0.0000,0.0000,0.0000,0.0000,0.0000,0.0000,0.0000,0.0000,0.0000,0.0000,0.0000,0.0000,0.0000,0.0000,0.0000,0.0000,0.0000,0.0000,0.0000,0.0000,0.0000,0.0000,0.0000,0.0000,0.0000,0.0000,0.0000,0.0000,0.0000,0.0000,0.0000,0.0000,0.0000,0.0000,0.0000,0.0000,0.0000,0.0000,0.0000,0.0000,0.0000,0.0000,0.0000,0.0000,0.0000,0.0000,0.0000,0.0000,0.0000,0.0000","1,1,15,1","32,32,32,32,32,32,32,32,32,32,32,32,32,32,32,32,32,32,32,32,32,32,32,32,32,32,32,32,32,32,32,32,32,32,32,32,32,32,32,32,32,32,32,32,32,32,32,32,32,32,32,32,32,32,32,32,32,32,32,32,32,32,32,32"
328,34.86,30.41,"9.63,11.50,13.08,14.26,14.93,15.44,15.84,16.19,16.42,16.73,17.08,17.42,17.71,17.96,18.17,18.32,18.47,18.63,18.82,19.03,19.21,19.37,19.50,19.60,19.70,19.82,19.96,20.11,20.25,20.36,20.46,20.53,20.61,20.70,20.80,20.92,21.02,21.11,21.19,21.24,21.31,21.39,21.47,21.55,21.64,21.71,21.78,21.83,21.89,21.95,22.01,22.07,22.14,22.21,22.28,22.33,22.39,22.45,22.51,22.56,22.61,22.67,22.74,22.80","0.9765,0.9748,0.9107,0.8734","1.1514,0.9834,0.9605,0.9048,0.0001,0.0001,0.0001,0.0001,0.0000,0.0000,0.0000,0.0000,0.0000,0.0000,0.0000,0.0000,0.0000,0.0000,0.0000,0.0000,0.0000,0.0000,0.0000,0.0000,0.0000,0.0000,0.0000,0.0000,0.0000,0.0000,0.0000,0.0000,0.0000,0.0000,0.0000,0.0000,0.0000,0.0000,0.0000,0.0000,0.0000,0.0000,0.0000,0.0000,0.0000,0.0000,0.0000,0.0000,0.0000,0.0000,0.0000,0.0000,0.0000,0.0000,0.0000,0.0000,0.0000,0.0000,0.0000,0.0000,0.0000,0.0000,0.0000,0.0000","0,8,0,0","16,0,16,0,0,0,0,0,0,0,0,0,16,0,0,0,0,0,16,0,16,0,0,0,0,0,0,0,16,0,0,0,0,0,0,0,16,0,0,0,0,0,0,0,16,0,16,0,0,0,0,0,16,16,16,0,0,16,16,16,16,16,0,0"
329,34.03,29.70,"8.73,10.46,12.11,13.26,14.04,14.61,15.02,15.36,15.60,15.86,16.14,16.46,16.77,17.03,17.24,17.42,17.57,17.72,17.88,18.06,18.25,18.42,18.56,18.67,18.77,18.89,19.00,19.12,19.25,19.37,19.46,19.54,19.63,19.72,19.81,19.90,19.99,20.08,20.15,20.21,20.27,20.35,20.42,20.49,20.56,20.62,20.68,20.73,20.77,20.83,20.88,20.94,20.99,21.04,21.09,21.12,21.16,21.20,21.24,21.29,21.33,21.37,21.40,21.43","0.9867,0.9853,0.9263,0.7320","1.1221,1.0703,0.9893,0.8189,0.0001,0.0001,0.0000,0.0000,0.0000,0.0000,0.0000,0.0000,0.0000,0.0000,0.0000,0.0000,0.0000,0.0000,0.0000,0.0000,0.0000,0.0000,0.0000,0.0000,0.0000,0.0000,0.0000,0.0000,0.0000,0.0000,0.0000,0.0000,0.0000,0.0000,0.0000,0.0000,0.0000,0.0000,0.0000,0.0000,0.0000,0.0000,0.0000,0.0000,0.0000,0.0000,0.0000,0.0000,0.0000,0.0000,0.0000,0.0000,0.0000,0.0000,0.0000,0.0000,0.0000,0.0000,0.0000,0.0000,0.0000,0.0000,0.0000,0.0000","15,4,4,4","8,8,8,8,8,8,8,8,8,8,8,8,8,8,8,8,8,8,8,8,8,8,8,8,8,8,8,8,8,8,8,8,8,8,8,8,8,8,8,8,8,8,8,8,8,8,8,8,8,8,8,8,8,8,8,8,8,8,8,8,8,8,8,8"
330,35.60,29.59,"10.79,11.95,12.69,13.42,14.02,14.47,14.78,14.99,15.22,15.48,15.76,16.03,16.27,16.46,16.62,16.73,16.85,17.00,17.16,17.33,17.50,17.64,17.75,17.84,17.94,18.05,18.16,18.30,18.44,18.59,18.72,18.83,18.94,19.05,19.17,19.30,19.44,19.60,19.72,19.85,19.96,20.05,20.16,20.28,20.41,20.54,20.67,20.78,20.87,20.96,21.04,21.13,21.20,21.38,21.49,21.58,21.61,21.65,21.72,21.80,21.94,21.97,22.05,22.22","0.9072,0.9052,0.8682,0.7984","1.1025,1.0508,0.9434,0.9033,0.0001,0.0001,0.0001,0.0000,0.0000,0.0000,0.0000,0.0000,0.0000,0.0000,0.0000,0.0000,0.0000,0.0000,0.0000,0.0000,0.0000,0.0000,0.0000,0.0000,0.0000,0.0000,0.0000,0.0000,0.0000,0.0000,0.0000,0.0000,0.0000,0.0000,0.0000,0.0000,0.0000,0.0000,0.0000,0.0000,0.0000,0.0000,0.0000,0.0000,0.0000,0.0000,0.0000,0.0000,0.0000,0.0000,0.0000,0.0000,0.0000,0.0000,0.0000,0.0000,0.0000,0.0000,0.0000,0.0000,0.0000,0.0000,0.0000,0.0000","0,11,0,11","7,7,7,7,7,7,7,7,7,7,7,7,7,7,7,7,7,7,7,7,7,7,7,7,7,7,7,7,7,7,7,7,7,7,7,7,7,7,7,7,7,7,7,7,7,7,7,7,7,7,7,7,7,7,7,7,23,7,7,7,7,7,7,7"
331,24.38,21.04,"10.59,12.03,13.03,13.76,14.30,14.66,14.89,15.02,15.12,15.28,15.46,15.68,15.89,16.05,16.16,16.25,16.37,16.47,16.59,16.73,16.87,16.97,17.04,17.12,17.22,17.30,17.38,17.49,17.59,17.66,17.72,17.80,17.87,17.94,18.01,18.10,18.18,18.25,18.30,18.39,18.45,18.50,18.59,18.68,18.75,18.81,18.86,18.95,19.02,19.09,19.17,19.26,19.33,19.39,19.44,19.53,19.61,19.70,19.77,19.86,19.92,19.97,20.03,20.11","1.3204,1.2454,0.9316,0.5035","1.6641,1.1788,1.1572,0.0001,0.0001,0.0001,0.0000,0.0000,0.0000,0.0000,0.0000,0.0000,0.0000,0.0000,0.0000,0.0000,0.0000,0.0000,0.0000,0.0000,0.0000,0.0000,0.0000,0.0000,0.0000,0.0000,0.0000,0.0000,0.0000,0.0000,0.0000,0.0000,0.0000,0.0000,0.0000,0.0000,0.0000,0.0000,0.0000,0.0000,0.0000,0.0000,0.0000,0.0000,0.0000,0.0000,0.0000,0.0000,0.0000,0.0000,0.0000,0.0000,0.0000,0.0000,0.0000,0.0000,0.0000,0.0000,0.0000,0.0000,0.0000,0.0000,0.0000,0.0000","12,7,12,12","7,7,7,7,7,7,7,7,7,7,7,7,7,7,7,7,7,7,7,7,7,7,7,7,7,7,7,7,7,7,7,7,7,7,7,7,7,7,7,7,7,7,7,7,7,7,7,7,7,7,7,7,7,7,7,7,7,7,7,7,7,7,7,7"
332,26.39,22.48,"8.79,10.34,11.37,12.09,12.58,12.90,13.15,13.36,13.53,13.74,13.96,14.19,14.42,14.65,14.85,15.02,15.13,15.26,15.40,15.54,15.69,15.85,16.02,16.16,16.24,16.33,16.42,16.52,16.63,16.76,16.90,17.03,17.09,17.15,17.22,17.29,17.38,17.48,17.60,17.72,17.76,17.81,17.87,17.92,17.98,18.06,18.16,18.26,18.30,18.35,18.39,18.43,18.47,18.53,18.61,18.70,18.73,18.77,18.80,18.83,18.86,18.91,18.96,19.04","1.3994,1.3683,1.2321,0.0001","1.5674,1.4912,0.9409,0.0001,0.0001,0.0001,0.0000,0.0000,0.0000,0.0000,0.0000,0.0000,0.0000,0.0000,0.0000,0.0000,0.0000,0.0000,0.0000,0.0000,0.0000,0.0000,0.0000,0.0000,0.0000,0.0000,0.0000,0.0000,0.0000,0.0000,0.0000,0.0000,0.0000,0.0000,0.0000,0.0000,0.0000,0.0000,0.0000,0.0000,0.0000,0.0000,0.0000,0.0000,0.0000,0.0000,0.0000,0.0000,0.0000,0.0000,0.0000,0.0000,0.0000,0.0000,0.0000,0.0000,0.0000,0.0000,0.0000,0.0000,0.0000,0.0000,0.0000,0.0000","8,0,8,0","8,8,8,8,8,8,8,8,8,8,8,8,8,8,8,8,8,8,8,8,8,8,8,8,8,8,8,8,8,8,8,8,8,8,8,8,8,8,8,8,8,8,8,8,8,8,8,8,8,8,8,8,8,8,8,8,8,8,8,8,8,8,8,8"
333,26.98,22.82,"9.43,11.15,12.25,13.03,13.61,14.10,14.52,14.85,15.08,15.28,15.48,15.71,15.95,16.21,16.45,16.66,16.80,16.92,17.05,17.18,17.34,17.51,17.68,17.83,17.93,18.01,18.10,18.20,18.31,18.44,18.56,18.68,18.75,18.82,18.89,18.95,19.03,19.13,19.23,19.33,19.38,19.44,19.48,19.54,19.60,19.68,19.77,19.85,19.89,19.93,19.95,20.00,20.05,20.12,20.20,20.28,20.31,20.32,20.35,20.38,20.42,20.49,20.57,20.65","1.0967,1.0429,0.9887,0.6730","2.0370,1.9619,0.0001,0.0001,0.0001,0.0001,0.0000,0.0000,0.0000,0.0000,0.0000,0.0000,0.0000,0.0000,0.0000,0.0000,0.0000,0.0000,0.0000,0.0000,0.0000,0.0000,0.0000,0.0000,0.0000,0.0000,0.0000,0.0000,0.0000,0.0000,0.0000,0.0000,0.0000,0.0000,0.0000,0.0000,0.0000,0.0000,0.0000,0.0000,0.0000,0.0000,0.0000,0.0000,0.0000,0.0000,0.0000,0.0000,0.0000,0.0000,0.0000,0.0000,0.0000,0.0000,0.0000,0.0000,0.0000,0.0000,0.0000,0.0000,0.0000,0.0000,0.0000,0.0000","12,12,12,12","63,63,63,63,63,63,63,63,63,63,63,63,63,63,63,63,63,63,63,63,63,63,63,63,63,63,63,63,63,63,63,63,63,63,63,63,63,63,63,63,63,63,63,63,63,63,63,63,63,15,63,63,63,63,63,63,63,15,63,63,63,63,63,63"
334,23.63,20.68,"9.55,10.93,11.87,12.58,13.10,13.46,13.70,13.83,13.93,14.06,14.24,14.43,14.62,14.77,14.87,14.94,14.99,15.07,15.17,15.29,15.40,15.49,15.56,15.61,15.64,15.70,15.77,15.86,15.94,16.01,16.07,16.11,16.14,16.18,16.24,16.31,16.38,16.45,16.50,16.54,16.57,16.60,16.66,16.72,16.79,16.85,16.92,16.96,16.98,17.01,17.06,17.12,17.19,17.26,17.32,17.37,17.39,17.42,17.46,17.52,17.59,17.65,17.71,17.75","1.5187,1.4354,0.9468,0.0987","1.7539,1.3994,0.8462,0.0001,0.0001,0.0001,0.0000,0.0000,0.0000,0.0000,0.0000,0.0000,0.0000,0.0000,0.0000,0.0000,0.0000,0.0000,0.0000,0.0000,0.0000,0.0000,0.0000,0.0000,0.0000,0.0000,0.0000,0.0000,0.0000,0.0000,0.0000,0.0000,0.0000,0.0000,0.0000,0.0000,0.0000,0.0000,0.0000,0.0000,0.0000,0.0000,0.0000,0.0000,0.0000,0.0000,0.0000,0.0000,0.0000,0.0000,0.0000,0.0000,0.0000,0.0000,0.0000,0.0000,0.0000,0.0000,0.0000,0.0000,0.0000,0.0000,0.0000,0.0000","12,7,12,12","56,56,56,56,56,56,56,56,56,56,56,56,56,56,56,56,56,56,56,56,56,56,56,56,56,56,56,56,56,56,56,56,56,56,56,56,56,56,56,56,56,56,56,56,56,56,56,56,56,56,56,56,56,56,56,56,56,56,56,56,56,56,56,56"
335,23.28,20.75,"12.07,13.38,14.19,14.74,15.11,15.36,15.50,15.65,15.83,16.05,16.27,16.47,16.64,16.79,16.93,17.06,17.15,17.27,17.41,17.54,17.67,17.77,17.86,17.95,18.00,18.07,18.16,18.26,18.36,18.45,18.53,18.59,18.63,18.67,18.73,18.80,18.90,18.98,19.04,19.11,19.16,19.19,19.23,19.28,19.35,19.43,19.51,19.54,19.62,19.69,19.72,19.78,19.81,19.88,19.95,20.00,20.09,20.15,20.20,20.25,20.27,20.31,20.38,20.43","1.6816,1.5979,0.7201,0.0001","2.1757,1.8242,0.0001,0.0001,0.0001,0.0001,0.0000,0.0000,0.0000,0.0000,0.0000,0.0000,0.0000,0.0000,0.0000,0.0000,0.0000,0.0000,0.0000,0.0000,0.0000,0.0000,0.0000,0.0000,0.0000,0.0000,0.0000,0.0000,0.0000,0.0000,0.0000,0.0000,0.0000,0.0000,0.0000,0.0000,0.0000,0.0000,0.0000,0.0000,0.0000,0.0000,0.0000,0.0000,0.0000,0.0000,0.0000,0.0000,0.0000,0.0000,0.0000,0.0000,0.0000,0.0000,0.0000,0.0000,0.0000,0.0000,0.0000,0.0000,0.0000,0.0000,0.0000,0.0000","12,12,12,12","63,63,63,63,63,63,63,63,63,63,63,63,63,63,63,63,63,63,63,63,63,63,63,63,63,63,63,63,63,63,63,63,63,63,63,63,63,63,63,63,63,63,63,63,63,63,63,63,63,63,63,63,63,63,63,63,63,63,63,63,63,63,63,63"
336,22.03,19.85,"12.13,13.34,14.09,14.63,15.03,15.33,15.54,15.69,15.83,15.99,16.17,16.34,16.50,16.63,16.73,16.81,16.88,16.97,17.07,17.17,17.27,17.35,17.42,17.47,17.53,17.58,17.66,17.74,17.81,17.87,17.93,17.96,18.01,18.05,18.12,18.19,18.26,18.32,18.39,18.42,18.49,18.52,18.59,18.63,18.70,18.77,18.83,18.90,18.95,18.98,19.05,19.10,19.17,19.23,19.28,19.35,19.43,19.45,19.51,19.57,19.61,19.67,19.74,19.82","1.6953,1.4596,0.8442,0.0001","2.3828,1.6181,0.0001,0.0001,0.0001,0.0001,0.0000,0.0000,0.0000,0.0000,0.0000,0.0000,0.0000,0.0000,0.0000,0.0000,0.0000,0.0000,0.0000,0.0000,0.0000,0.0000,0.0000,0.0000,0.0000,0.0000,0.0000,0.0000,0.0000,0.0000,0.0000,0.0000,0.0000,0.0000,0.0000,0.0000,0.0000,0.0000,0.0000,0.0000,0.0000,0.0000,0.0000,0.0000,0.0000,0.0000,0.0000,0.0000,0.0000,0.0000,0.0000,0.0000,0.0000,0.0000,0.0000,0.0000,0.0000,0.0000,0.0000,0.0000,0.0000,0.0000,0.0000,0.0000","12,12,12,12","63,63,63,63,63,63,63,63,63,63,63,63,63,63,63,63,63,63,63,63,63,63,63,63,63,63,63,63,63,63,63,63,63,63,63,63,63,63,63,63,63,63,63,63,63,63,63,63,63,63,63,63,63,63,63,63,63,63,63,63,63,63,63,63"
337,24.54,21.20,"9.98,11.21,11.97,12.51,12.90,13.17,13.36,13.49,13.65,13.85,14.04,14.23,14.40,14.55,14.70,14.84,14.96,15.09,15.21,15.33,15.44,15.55,15.67,15.79,15.90,15.99,16.08,16.16,16.24,16.33,16.43,16.53,16.61,16.68,16.75,16.81,16.87,16.94,17.01,17.09,17.17,17.22,17.27,17.32,17.36,17.42,17.48,17.55,17.61,17.66,17.70,17.73,17.77,17.81,17.86,17.92,17.97,18.01,18.04,18.06,18.09,18.12,18.17,18.21","1.5515,1.5004,0.9483,0.0001","1.7129,1.3457,0.9419,0.0001,0.0001,0.0001,0.0000,0.0000,0.0000,0.0000,0.0000,0.0000,0.0000,0.0000,0.0000,0.0000,0.0000,0.0000,0.0000,0.0000,0.0000,0.0000,0.0000,0.0000,0.0000,0.0000,0.0000,0.0000,0.0000,0.0000,0.0000,0.0000,0.0000,0.0000,0.0000,0.0000,0.0000,0.0000,0.0000,0.0000,0.0000,0.0000,0.0000,0.0000,0.0000,0.0000,0.0000,0.0000,0.0000,0.0000,0.0000,0.0000,0.0000,0.0000,0.0000,0.0000,0.0000,0.0000,0.0000,0.0000,0.0000,0.0000,0.0000,0.0000","11,3,11,3","62,62,62,62,62,62,62,62,62,62,62,62,62,62,62,62,62,62,62,62,62,62,56,62,62,62,62,62,62,62,62,56,62,56,62,62,62,56,56,62,56,62,62,62,56,62,62,62,56,62,56,62,56,62,56,56,56,56,56,56,62,62,62,62"
338,23.98,21.72,"9.45,10.66,11.43,11.99,12.40,12.70,12.92,13.07,13.21,13.38,13.57,13.75,13.92,14.06,14.17,14.24,14.32,14.42,14.53,14.64,14.74,14.84,14.91,14.96,15.01,15.08,15.15,15.23,15.31,15.37,15.43,15.46,15.50,15.55,15.61,15.66,15.72,15.77,15.81,15.84,15.87,15.90,15.94,15.99,16.03,16.07,16.10,16.12,16.14,16.16,16.20,16.23,16.25,16.29,16.30,16.32,16.33,16.36,16.37,16.40,16.42,16.44,16.45,16.47","1.7307,1.6733,0.5970,0.0001","2.2246,1.5840,0.1902,0.0001,0.0001,0.0001,0.0000,0.0000,0.0000,0.0000,0.0000,0.0000,0.0000,0.0000,0.0000,0.0000,0.0000,0.0000,0.0000,0.0000,0.0000,0.0000,0.0000,0.0000,0.0000,0.0000,0.0000,0.0000,0.0000,0.0000,0.0000,0.0000,0.0000,0.0000,0.0000,0.0000,0.0000,0.0000,0.0000,0.0000,0.0000,0.0000,0.0000,0.0000,0.0000,0.0000,0.0000,0.0000,0.0000,0.0000,0.0000,0.0000,0.0000,0.0000,0.0000,0.0000,0.0000,0.0000,0.0000,0.0000,0.0000,0.0000,0.0000,0.0000","12,4,12,4","62,62,48,48,48,48,48,62,62,62,48,48,48,48,62,62,62,62,48,48,48,48,48,48,62,62,62,48,48,62,48,48,48,48,62,48,48,62,62,62,48,48,62,62,48,62,62,62,48,48,48,62,62,62,48,48,48,48,48,48,62,62,62,62"
346,28.16,28.48,"11.54,13.36,14.98,16.21,17.17,17.92,18.54,19.06,19.46,19.73,19.92,20.09,20.26,20.47,20.71,20.94,21.16,21.32,21.44,21.54,21.63,21.75,21.89,22.05,22.21,22.33,22.41,22.49,22.56,22.64,22.74,22.85,22.99,23.08,23.15,23.20,23.26,23.33,23.40,23.49,23.70,23.78,23.84,23.90,23.94,23.99,24.04,24.13,24.22,24.30,24.35,24.39,24.43,24.48,24.53,24.59,24.69,24.75,24.79,24.83,24.87,24.91,24.95,25.00","1.4874,1.4555,1.0575,0.0001","1.8057,1.6982,0.4966,0.0001,0.0001,0.0001,0.0001,0.0000,0.0000,0.0000,0.0000,0.0000,0.0000,0.0000,0.0000,0.0000,0.0000,0.0000,0.0000,0.0000,0.0000,0.0000,0.0000,0.0000,0.0000,0.0000,0.0000,0.0000,0.0000,0.0000,0.0000,0.0000,0.0000,0.0000,0.0000,0.0000,0.0000,0.0000,0.0000,0.0000,0.0000,0.0000,0.0000,0.0000,0.0000,0.0000,0.0000,0.0000,0.0000,0.0000,0.0000,0.0000,0.0000,0.0000,0.0000,0.0000,0.0000,0.0000,0.0000,0.0000,0.0000,0.0000,0.0000,0.0000","5,5,5,5","33,33,33,33,33,33,33,33,33,33,33,33,33,33,33,33,33,33,33,33,33,33,33,33,33,33,33,33,33,33,33,33,33,33,33,33,33,33,33,33,33,33,33,33,33,33,33,33,33,33,33,33,33,33,33,33,33,33,33,33,33,33,33,33"
347,55.49,45.42,"11.71,15.78,17.78,19.81,21.48,22.72,24.00,25.43,26.15,26.47,26.81,27.11,27.43,27.74,28.05,28.60,29.02,29.20,29.41,29.58,29.76,29.95,30.13,30.44,30.75,30.88,31.01,31.14,31.27,31.40,31.52,31.73,31.98,32.08,32.18,32.28,32.37,32.48,32.56,32.72,32.94,33.02,33.11,33.18,33.26,33.34,33.36,33.47,33.49,33.51,33.51,33.52,33.52,33.51,33.52,33.53,33.56,33.63,33.72,33.81,33.87,33.94,34.00,34.08","0.5465,0.5445,0.5440,0.5429","1.0498,1.0254,0.9673,0.9575,0.0001,0.0001,0.0001,0.0001,0.0000,0.0000,0.0000,0.0000,0.0000,0.0000,0.0000,0.0000,0.0000,0.0000,0.0000,0.0000,0.0000,0.0000,0.0000,0.0000,0.0000,0.0000,0.0000,0.0000,0.0000,0.0000,0.0000,0.0000,0.0000,0.0000,0.0000,0.0000,0.0000,0.0000,0.0000,0.0000,0.0000,0.0000,0.0000,0.0000,0.0000,0.0000,0.0000,0.0000,0.0000,0.0000,0.0000,0.0000,0.0000,0.0000,0.0000,0.0000,0.0000,0.0000,0.0000,0.0000,0.0000,0.0000,0.0000,0.0000","5,5,5,5","33,33,33,33,33,33,33,33,33,33,33,33,33,33,33,33,33,33,33,33,33,33,33,33,33,33,33,33,33,33,33,33,33,33,33,33,33,33,33,33,33,33,33,33,33,33,39,33,39,39,37,35,37,37,35,35,39,33,33,33,33,33,33,33"
348,45.27,38.53,"10.84,12.67,14.28,15.48,16.46,17.33,18.00,18.70,19.61,20.23,20.68,21.10,21.45,21.76,22.04,22.35,22.63,22.87,23.07,23.22,23.37,23.56,23.71,23.86,24.08,24.27,24.45,24.61,24.79,24.91,25.01,25.13,25.30,25.42,25.59,25.71,25.79,25.92,26.02,26.15,26.22,26.34,26.52,26.66,26.78,26.89,26.98,27.05,27.17,27.28,27.31,27.38,27.39,27.42,27.39,27.40,27.52,27.66,27.73,27.77,27.75,27.80,27.89,27.96","0.6372,0.6338,0.6250,0.6244","1.0810,1.0498,1.0117,0.8574,0.0001,0.0001,0.0001,0.0001,0.0000,0.0000,0.0000,0.0000,0.0000,0.0000,0.0000,0.0000,0.0000,0.0000,0.0000,0.0000,0.0000,0.0000,0.0000,0.0000,0.0000,0.0000,0.0000,0.0000,0.0000,0.0000,0.0000,0.0000,0.0000,0.0000,0.0000,0.0000,0.0000,0.0000,0.0000,0.0000,0.0000,0.0000,0.0000,0.0000,0.0000,0.0000,0.0000,0.0000,0.0000,0.0000,0.0000,0.0000,0.0000,0.0000,0.0000,0.0000,0.0000,0.0000,0.0000,0.0000,0.0000,0.0000,0.0000,0.0000","0,0,0,9","25,25,25,25,25,25,25,25,25,25,25,25,25,25,25,25,25,25,25,25,25,25,25,25,25,25,25,25,25,25,25,25,25,25,25,25,25,25,25,25,25,25,25,25,25,25,25,25,25,25,31,25,27,31,27,31,25,25,25,25,29,25,25,25"
349,50.03,49.74,"12.13,18.38,21.00,23.54,25.50,26.99,28.39,29.64,30.54,30.96,31.71,32.29,32.72,33.09,33.52,33.96,34.33,34.61,34.84,35.10,35.34,35.55,35.78,36.06,36.32,36.51,36.68,36.86,37.04,37.20,37.37,37.58,37.78,37.94,38.08,38.24,38.39,38.51,38.65,38.82,38.98,39.09,39.19,39.31,39.42,39.52,39.62,39.76,39.90,40.01,40.10,40.21,40.32,40.40,40.50,40.62,40.74,40.82,40.90,40.98,41.07,41.14,41.22,41.33","0.7721,0.7720,0.7714,0.7231","1.0107,1.0009,0.9941,0.9937,0.0001,0.0001,0.0001,0.0001,0.0000,0.0000,0.0000,0.0000,0.0000,0.0000,0.0000,0.0000,0.0000,0.0000,0.0000,0.0000,0.0000,0.0000,0.0000,0.0000,0.0000,0.0000,0.0000,0.0000,0.0000,0.0000,0.0000,0.0000,0.0000,0.0000,0.0000,0.0000,0.0000,0.0000,0.0000,0.0000,0.0000,0.0000,0.0000,0.0000,0.0000,0.0000,0.0000,0.0000,0.0000,0.0000,0.0000,0.0000,0.0000,0.0000,0.0000,0.0000,0.0000,0.0000,0.0000,0.0000,0.0000,0.0000,0.0000,0.0000","4,4,4,4","33,33,33,33,33,33,33,33,33,33,33,33,33,33,33,33,33,33,33,33,33,33,33,33,33,33,33,33,33,33,33,33,33,33,33,33,33,33,33,33,33,33,33,33,33,33,33,33,33,33,33,33,33,33,33,33,33,33,33,33,33,33,33,33"
350,72.45,48.51,"10.58,15.97,19.52,21.52,22.42,23.25,24.12,25.05,25.63,26.15,26.43,26.79,27.21,27.52,27.80,28.14,28.42,28.69,28.88,29.13,29.31,29.44,29.58,29.71,29.92,30.10,30.26,30.41,30.50,30.58,30.70,30.85,31.06,31.23,31.35,31.44,31.50,31.62,31.72,31.85,32.03,32.17,32.24,32.28,32.33,32.42,32.47,32.57,32.72,32.84,32.90,32.98,33.07,33.13,33.21,33.29,33.40,33.51,33.58,33.63,33.66,33.70,33.75,33.81","0.4271,0.4262,0.4261,0.4257","1.0264,0.9993,0.9961,0.9785,0.0001,0.0001,0.0001,0.0000,0.0000,0.0000,0.0000,0.0000,0.0000,0.0000,0.0000,0.0000,0.0000,0.0000,0.0000,0.0000,0.0000,0.0000,0.0000,0.0000,0.0000,0.0000,0.0000,0.0000,0.0000,0.0000,0.0000,0.0000,0.0000,0.0000,0.0000,0.0000,0.0000,0.0000,0.0000,0.0000,0.0000,0.0000,0.0000,0.0000,0.0000,0.0000,0.0000,0.0000,0.0000,0.0000,0.0000,0.0000,0.0000,0.0000,0.0000,0.0000,0.0000,0.0000,0.0000,0.0000,0.0000,0.0000,0.0000,0.0000","0,9,0,0","25,39,25,39,39,25,25,25,25,39,39,39,25,25,25,25,25,39,39,25,25,39,25,25,39,39,25,25,39,39,25,25,25,39,39,39,39,25,25,25,25,39,39,39,41,25,41,25,25,39,39,25,25,25,25,25,39,25,25,25,39,41,25,25"
351,24.74,21.12,"11.05,12.36,13.16,13.70,14.07,14.30,14.43,14.54,14.73,14.93,15.12,15.29,15.41,15.55,15.68,15.77,15.92,16.04,16.15,16.26,16.35,16.45,16.55,16.63,16.75,16.85,16.95,17.02,17.08,17.17,17.22,17.30,17.39,17.50,17.57,17.63,17.68,17.74,17.80,17.86,17.95,18.04,18.09,18.15,18.20,18.25,18.28,18.34,18.43,18.50,18.57,18.61,18.65,18.70,18.74,18.78,18.86,18.92,18.98,19.03,19.07,19.11,19.13,19.17","1.4708,1.4062,1.1231,0.0001","1.6982,1.4043,0.8975,0.0001,0.0001,0.0001,0.0001,0.0000,0.0000,0.0000,0.0000,0.0000,0.0000,0.0000,0.0000,0.0000,0.0000,0.0000,0.0000,0.0000,0.0000,0.0000,0.0000,0.0000,0.0000,0.0000,0.0000,0.0000,0.0000,0.0000,0.0000,0.0000,0.0000,0.0000,0.0000,0.0000,0.0000,0.0000,0.0000,0.0000,0.0000,0.0000,0.0000,0.0000,0.0000,0.0000,0.0000,0.0000,0.0000,0.0000,0.0000,0.0000,0.0000,0.0000,0.0000,0.0000,0.0000,0.0000,0.0000,0.0000,0.0000,0.0000,0.0000,0.0000","3,11,3,3","32,32,32,32,32,32,32,32,32,32,32,32,32,32,32,32,32,32,32,32,32,32,32,32,32,32,32,32,32,32,32,32,32,32,32,32,32,32,32,32,32,32,32,32,32,32,32,32,32,32,32,32,32,32,32,32,32,32,32,32,32,32,32,32"
352,25.44,22.48,"11.38,12.67,13.40,13.90,14.25,14.47,14.71,15.12,15.31,15.47,15.73,15.96,16.17,16.30,16.49,16.75,16.87,16.97,17.11,17.27,17.42,17.54,17.65,17.81,17.92,17.99,18.08,18.20,18.34,18.43,18.53,18.64,18.74,18.79,18.86,18.96,19.07,19.15,19.23,19.32,19.41,19.47,19.51,19.60,19.69,19.77,19.84,19.91,20.01,20.06,20.10,20.16,20.24,20.31,20.38,20.44,20.54,20.59,20.63,20.67,20.74,20.81,20.87,20.88","1.4307,1.3726,1.1964,0.0001","1.5498,1.4365,1.0137,0.0001,0.0001,0.0001,0.0000,0.0000,0.0000,0.0000,0.0000,0.0000,0.0000,0.0000,0.0000,0.0000,0.0000,0.0000,0.0000,0.0000,0.0000,0.0000,0.0000,0.0000,0.0000,0.0000,0.0000,0.0000,0.0000,0.0000,0.0000,0.0000,0.0000,0.0000,0.0000,0.0000,0.0000,0.0000,0.0000,0.0000,0.0000,0.0000,0.0000,0.0000,0.0000,0.0000,0.0000,0.0000,0.0000,0.0000,0.0000,0.0000,0.0000,0.0000,0.0000,0.0000,0.0000,0.0000,0.0000,0.0000,0.0000,0.0000,0.0000,0.0000","0,11,0,0","32,32,32,32,32,32,32,32,32,32,32,32,32,32,32,32,32,32,32,32,32,32,32,32,32,32,32,32,32,32,32,32,32,32,32,32,32,32,32,32,32,32,32,32,32,32,32,32,32,32,32,32,32,32,32,32,32,32,32,32,32,32,32,38"
353,25.58,22.61,"11.44,12.70,13.46,13.97,14.31,14.53,14.66,14.72,14.86,15.04,15.23,15.41,15.55,15.66,15.76,15.89,15.99,16.10,16.23,16.34,16.44,16.51,16.58,16.68,16.78,16.87,16.96,17.05,17.12,17.18,17.23,17.29,17.41,17.48,17.56,17.63,17.69,17.75,17.78,17.82,17.94,18.02,18.08,18.14,18.20,18.25,18.27,18.30,18.42,18.50,18.57,18.61,18.67,18.71,18.73,18.75,18.89,18.97,19.02,19.07,19.12,19.15,19.19,19.20","1.4256,1.3720,1.2020,0.0001","1.5459,1.2901,0.8838,0.2808,0.0001,0.0001,0.0001,0.0000,0.0000,0.0000,0.0000,0.0000,0.0000,0.0000,0.0000,0.0000,0.0000,0.0000,0.0000,0.0000,0.0000,0.0000,0.0000,0.0000,0.0000,0.0000,0.0000,0.0000,0.0000,0.0000,0.0000,0.0000,0.0000,0.0000,0.0000,0.0000,0.0000,0.0000,0.0000,0.0000,0.0000,0.0000,0.0000,0.0000,0.0000,0.0000,0.0000,0.0000,0.0000,0.0000,0.0000,0.0000,0.0000,0.0000,0.0000,0.0000,0.0000,0.0000,0.0000,0.0000,0.0000,0.0000,0.0000,0.0000","12,5,12,12","47,47,47,47,47,47,47,47,47,47,47,47,47,47,47,47,47,47,47,47,47,47,47,47,47,47,47,47,47,47,47,47,47,47,47,47,47,47,47,47,47,47,47,47,47,47,47,47,47,47,47,47,47,47,47,47,47,47,47,47,47,47,47,47"
354,59.08,43.31,"11.44,15.20,17.51,18.99,20.41,21.64,22.82,23.84,24.33,24.82,25.18,25.55,25.86,26.17,26.50,26.90,27.13,27.46,27.69,27.84,28.04,28.24,28.41,28.63,28.66,29.06,29.19,29.19,29.22,29.22,29.39,29.65,29.88,29.99,30.13,30.18,30.30,30.40,30.49,30.60,30.62,30.78,30.91,31.08,31.21,31.42,31.57,31.69,31.70,31.84,31.95,32.08,32.28,32.44,32.60,32.71,32.71,32.77,32.95,32.96,33.07,33.17,33.30,33.36","0.5020,0.5000,0.4980,0.4978","1.0449,0.9991,0.9981,0.9580,0.0001,0.0001,0.0001,0.0000,0.0000,0.0000,0.0000,0.0000,0.0000,0.0000,0.0000,0.0000,0.0000,0.0000,0.0000,0.0000,0.0000,0.0000,0.0000,0.0000,0.0000,0.0000,0.0000,0.0000,0.0000,0.0000,0.0000,0.0000,0.0000,0.0000,0.0000,0.0000,0.0000,0.0000,0.0000,0.0000,0.0000,0.0000,0.0000,0.0000,0.0000,0.0000,0.0000,0.0000,0.0000,0.0000,0.0000,0.0000,0.0000,0.0000,0.0000,0.0000,0.0000,0.0000,0.0000,0.0000,0.0000,0.0000,0.0000,0.0000","4,4,4,12","32,32,32,32,32,32,32,32,32,32,32,32,32,32,32,32,32,32,32,32,32,32,32,32,32,32,32,26,32,32,32,32,32,32,32,32,32,32,32,32,32,32,32,32,32,32,32,32,32,32,32,32,32,32,32,32,26,32,32,26,32,32,32,32"
355,63.16,44.73,"10.91,14.76,17.98,19.36,20.42,21.49,22.66,23.73,24.49,25.21,25.53,25.83,26.12,26.36,26.65,27.08,27.52,27.81,28.00,28.17,28.34,28.49,28.64,28.90,29.19,29.37,29.49,29.59,29.69,29.79,29.87,30.04,30.26,30.39,30.49,30.55,30.61,30.68,30.75,30.87,31.05,31.15,31.22,31.28,31.32,31.52,31.62,31.68,31.82,31.95,32.08,32.20,32.30,32.39,32.50,32.62,32.75,32.87,32.99,33.10,33.19,33.29,33.39,33.51","0.4888,0.4878,0.4872,0.4863","1.0313,1.0117,0.9868,0.9697,0.0001,0.0001,0.0001,0.0000,0.0000,0.0000,0.0000,0.0000,0.0000,0.0000,0.0000,0.0000,0.0000,0.0000,0.0000,0.0000,0.0000,0.0000,0.0000,0.0000,0.0000,0.0000,0.0000,0.0000,0.0000,0.0000,0.0000,0.0000,0.0000,0.0000,0.0000,0.0000,0.0000,0.0000,0.0000,0.0000,0.0000,0.0000,0.0000,0.0000,0.0000,0.0000,0.0000,0.0000,0.0000,0.0000,0.0000,0.0000,0.0000,0.0000,0.0000,0.0000,0.0000,0.0000,0.0000,0.0000,0.0000,0.0000,0.0000,0.0000","5,5,12,5","33,39,33,33,33,33,33,33,33,39,39,33,39,39,33,33,33,39,39,33,39,39,33,33,33,39,39,33,33,39,33,33,33,39,39,33,39,39,39,33,33,33,39,33,33,33,39,24,33,33,33,33,33,33,33,33,33,33,33,33,33,33,33,33"
356,64.12,45.06,"10.15,15.26,17.53,19.70,21.39,22.57,23.58,24.63,25.31,25.69,26.08,26.43,26.80,27.12,27.38,27.86,28.21,28.42,28.64,28.84,29.04,29.25,29.40,29.67,29.88,30.03,30.17,30.31,30.44,30.59,30.69,30.86,31.00,31.11,31.21,31.31,31.41,31.52,31.61,31.72,31.82,31.91,31.98,32.05,32.12,32.22,32.30,32.38,32.47,32.56,32.61,32.67,32.73,32.81,32.89,32.95,33.07,33.16,33.21,33.26,33.31,33.39,33.47,33.54","0.4768,0.4765,0.4747,0.4734","1.0215,1.0078,0.9873,0.9830,0.0001,0.0001,0.0001,0.0001,0.0000,0.0000,0.0000,0.0000,0.0000,0.0000,0.0000,0.0000,0.0000,0.0000,0.0000,0.0000,0.0000,0.0000,0.0000,0.0000,0.0000,0.0000,0.0000,0.0000,0.0000,0.0000,0.0000,0.0000,0.0000,0.0000,0.0000,0.0000,0.0000,0.0000,0.0000,0.0000,0.0000,0.0000,0.0000,0.0000,0.0000,0.0000,0.0000,0.0000,0.0000,0.0000,0.0000,0.0000,0.0000,0.0000,0.0000,0.0000,0.0000,0.0000,0.0000,0.0000,0.0000,0.0000,0.0000,0.0000","5,5,5,13","33,33,33,33,33,33,33,33,33,33,33,33,33,33,33,33,33,33,33,33,33,33,33,33,33,33,33,33,33,33,33,33,33,33,33,33,33,33,33,33,33,33,33,33,33,33,33,33,33,33,33,33,33,33,33,33,33,33,33,33,33,33,33,33"
357,27.14,25.65,"11.64,12.77,13.47,14.34,15.26,16.07,16.74,17.27,17.72,18.00,18.18,18.33,18.51,18.72,18.96,19.21,19.46,19.64,19.76,19.85,19.94,20.06,20.21,20.37,20.55,20.68,20.77,20.83,20.90,20.98,21.08,21.21,21.34,21.44,21.51,21.56,21.61,21.68,21.76,21.85,21.96,22.04,22.10,22.15,22.18,22.23,22.30,22.38,22.47,22.54,22.59,22.63,22.67,22.71,22.75,22.82,22.89,22.96,23.00,23.05,23.07,23.10,23.16,23.21","1.3720,1.3633,0.8372,0.4278","1.8936,1.8819,0.2242,0.0001,0.0001,0.0001,0.0001,0.0000,0.0000,0.0000,0.0000,0.0000,0.0000,0.0000,0.0000,0.0000,0.0000,0.0000,0.0000,0.0000,0.0000,0.0000,0.0000,0.0000,0.0000,0.0000,0.0000,0.0000,0.0000,0.0000,0.0000,0.0000,0.0000,0.0000,0.0000,0.0000,0.0000,0.0000,0.0000,0.0000,0.0000,0.0000,0.0000,0.0000,0.0000,0.0000,0.0000,0.0000,0.0000,0.0000,0.0000,0.0000,0.0000,0.0000,0.0000,0.0000,0.0000,0.0000,0.0000,0.0000,0.0000,0.0000,0.0000,0.0000","12,12,12,12","47,47,47,47,47,47,47,47,47,47,47,47,47,47,47,47,47,47,47,47,47,47,47,47,47,47,47,47,47,47,47,47,47,47,47,47,47,47,47,47,47,47,47,47,47,47,47,47,47,47,47,47,47,47,47,47,47,47,47,47,47,47,47,47"
358,25.75,21.71,"11.41,12.83,13.73,14.33,14.72,14.94,15.10,15.35,15.55,15.73,15.95,16.20,16.39,16.52,16.65,16.85,16.99,17.07,17.18,17.31,17.42,17.51,17.60,17.72,17.84,17.89,17.97,18.07,18.18,18.24,18.30,18.39,18.49,18.55,18.61,18.67,18.77,18.82,18.88,18.96,19.04,19.09,19.13,19.20,19.28,19.32,19.38,19.43,19.51,19.55,19.59,19.65,19.72,19.76,19.81,19.85,19.92,19.96,20.00,20.04,20.10,20.14,20.17,20.22","1.1574,1.1025,0.9057,0.7079","1.6895,1.4707,0.8394,0.0001,0.0001,0.0001,0.0001,0.0000,0.0000,0.0000,0.0000,0.0000,0.0000,0.0000,0.0000,0.0000,0.0000,0.0000,0.0000,0.0000,0.0000,0.0000,0.0000,0.0000,0.0000,0.0000,0.0000,0.0000,0.0000,0.0000,0.0000,0.0000,0.0000,0.0000,0.0000,0.0000,0.0000,0.0000,0.0000,0.0000,0.0000,0.0000,0.0000,0.0000,0.0000,0.0000,0.0000,0.0000,0.0000,0.0000,0.0000,0.0000,0.0000,0.0000,0.0000,0.0000,0.0000,0.0000,0.0000,0.0000,0.0000,0.0000,0.0000,0.0000","3,3,3,3","32,32,32,32,32,32,32,32,32,32,32,32,32,32,32,32,32,32,32,32,32,32,32,32,32,32,32,32,32,32,32,32,32,32,32,32,32,32,32,32,32,32,32,32,32,32,32,32,32,32,32,32,32,32,32,32,32,32,32,32,32,32,32,32"
359,39.79,35.66,"11.39,17.34,18.75,19.82,20.59,21.35,21.91,22.47,22.94,23.41,23.76,24.05,24.34,24.69,25.03,25.40,25.70,25.99,26.20,26.38,26.55,26.77,26.99,27.26,27.48,27.69,27.84,27.98,28.10,28.25,28.42,28.62,28.81,28.98,29.10,29.21,29.30,29.42,29.55,29.71,29.87,30.01,30.12,30.20,30.29,30.37,30.48,30.63,30.76,30.87,30.97,31.05,31.11,31.19,31.29,31.40,31.52,31.62,31.71,31.78,31.83,31.91,31.98,32.08","0.9259,0.9256,0.9079,0.8352","1.0586,1.0127,0.9658,0.9634,0.0001,0.0001,0.0001,0.0001,0.0000,0.0000,0.0000,0.0000,0.0000,0.0000,0.0000,0.0000,0.0000,0.0000,0.0000,0.0000,0.0000,0.0000,0.0000,0.0000,0.0000,0.0000,0.0000,0.0000,0.0000,0.0000,0.0000,0.0000,0.0000,0.0000,0.0000,0.0000,0.0000,0.0000,0.0000,0.0000,0.0000,0.0000,0.0000,0.0000,0.0000,0.0000,0.0000,0.0000,0.0000,0.0000,0.0000,0.0000,0.0000,0.0000,0.0000,0.0000,0.0000,0.0000,0.0000,0.0000,0.0000,0.0000,0.0000,0.0000","12,5,12,5","32,32,32,32,32,32,32,32,32,32,32,32,32,32,32,32,32,32,32,32,32,32,32,32,32,32,32,32,32,32,32,32,32,32,32,32,32,32,32,32,32,32,32,32,32,32,32,32,32,32,32,32,32,32,32,32,32,32,32,32,32,32,32,32"
360,38.52,32.39,"11.49,16.89,18.25,18.98,19.73,20.31,20.78,21.13,21.48,21.87,22.18,22.46,22.73,23.00,23.24,23.43,23.62,23.84,24.03,24.19,24.35,24.53,24.69,24.84,24.98,25.15,25.28,25.40,25.52,25.65,25.78,25.91,26.03,26.17,26.27,26.37,26.46,26.55,26.66,26.78,26.89,27.00,27.09,27.17,27.24,27.33,27.42,27.52,27.62,27.72,27.79,27.87,27.93,28.00,28.09,28.18,28.27,28.35,28.43,28.49,28.54,28.60,28.67,28.76","0.9141,0.9133,0.8777,0.8030","1.1826,1.1260,0.9531,0.7388,0.0001,0.0001,0.0001,0.0001,0.0000,0.0000,0.0000,0.0000,0.0000,0.0000,0.0000,0.0000,0.0000,0.0000,0.0000,0.0000,0.0000,0.0000,0.0000,0.0000,0.0000,0.0000,0.0000,0.0000,0.0000,0.0000,0.0000,0.0000,0.0000,0.0000,0.0000,0.0000,0.0000,0.0000,0.0000,0.0000,0.0000,0.0000,0.0000,0.0000,0.0000,0.0000,0.0000,0.0000,0.0000,0.0000,0.0000,0.0000,0.0000,0.0000,0.0000,0.0000,0.0000,0.0000,0.0000,0.0000,0.0000,0.0000,0.0000,0.0000","3,1,3,1","32,32,32,32,32,32,32,32,32,32,32,32,32,32,32,32,32,32,32,32,32,32,32,32,32,32,32,32,32,32,32,32,32,32,32,32,32,32,32,32,32,32,32,32,32,32,32,32,32,32,32,32,32,32,32,32,32,32,32,32,32,32,32,32"
368,38.00,33.56,"8.08,10.20,12.21,13.68,14.66,15.46,16.07,16.47,16.80,17.09,17.39,17.73,18.09,18.45,18.77,19.00,19.19,19.36,19.54,19.74,19.98,20.22,20.45,20.61,20.72,20.83,20.96,21.11,21.29,21.48,21.66,21.79,21.90,21.99,22.09,22.21,22.31,22.47,22.66,22.81,22.86,22.94,23.01,23.11,23.23,23.36,23.49,23.60,23.65,23.70,23.78,23.86,23.96,24.06,24.17,24.25,24.29,24.35,24.41,24.48,24.57,24.65,24.74,24.80","0.9155,0.9140,0.9039,0.8385","1.1299,1.0937,0.9580,0.8189,0.0001,0.0001,0.0001,0.0000,0.0000,0.0000,0.0000,0.0000,0.0000,0.0000,0.0000,0.0000,0.0000,0.0000,0.0000,0.0000,0.0000,0.0000,0.0000,0.0000,0.0000,0.0000,0.0000,0.0000,0.0000,0.0000,0.0000,0.0000,0.0000,0.0000,0.0000,0.0000,0.0000,0.0000,0.0000,0.0000,0.0000,0.0000,0.0000,0.0000,0.0000,0.0000,0.0000,0.0000,0.0000,0.0000,0.0000,0.0000,0.0000,0.0000,0.0000,0.0000,0.0000,0.0000,0.0000,0.0000,0.0000,0.0000,0.0000,0.0000","12,4,12,4","8,8,8,8,8,8,8,8,8,8,8,8,8,8,8,8,8,8,8,8,8,8,8,8,8,8,8,8,8,8,8,8,8,8,8,8,8,8,8,8,8,8,8,8,8,8,8,8,8,8,8,8,8,8,8,8,8,8,8,8,8,8,8,8"
369,34.80,30.52,"10.32,11.78,13.32,14.60,15.49,16.02,16.46,16.87,17.22,17.51,17.82,18.18,18.53,18.83,19.08,19.32,19.49,19.66,19.84,20.07,20.31,20.51,20.67,20.82,20.91,21.02,21.15,21.31,21.49,21.66,21.79,21.90,21.95,22.03,22.12,22.24,22.38,22.53,22.65,22.75,22.80,22.85,22.93,23.02,23.14,23.26,23.38,23.49,23.55,23.57,23.62,23.69,23.79,23.90,24.01,24.12,24.17,24.22,24.27,24.32,24.40,24.47,24.58,24.69","0.9599,0.9580,0.9263,0.6791","1.2510,1.1972,1.1054,0.4465,0.0001,0.0001,0.0000,0.0000,0.0000,0.0000,0.0000,0.0000,0.0000,0.0000,0.0000,0.0000,0.0000,0.0000,0.0000,0.0000,0.0000,0.0000,0.0000,0.0000,0.0000,0.0000,0.0000,0.0000,0.0000,0.0000,0.0000,0.0000,0.0000,0.0000,0.0000,0.0000,0.0000,0.0000,0.0000,0.0000,0.0000,0.0000,0.0000,0.0000,0.0000,0.0000,0.0000,0.0000,0.0000,0.0000,0.0000,0.0000,0.0000,0.0000,0.0000,0.0000,0.0000,0.0000,0.0000,0.0000,0.0000,0.0000,0.0000,0.0000","12,4,12,12","8,8,8,8,8,8,8,8,8,8,8,8,8,8,8,8,8,8,8,8,8,8,8,8,8,8,8,8,8,8,8,8,8,8,8,8,8,8,8,8,8,8,8,8,8,8,8,8,8,8,8,8,8,8,8,8,8,8,8,8,8,8,8,8"
370,25.85,22.41,"9.55,11.01,11.97,12.65,13.12,13.44,13.64,13.75,13.92,14.09,14.29,14.54,14.78,14.98,15.12,15.23,15.35,15.45,15.57,15.73,15.91,16.06,16.17,16.28,16.37,16.43,16.53,16.65,16.79,16.91,17.01,17.11,17.17,17.22,17.30,17.40,17.51,17.61,17.70,17.80,17.84,17.88,17.94,18.02,18.10,18.19,18.27,18.37,18.39,18.42,18.48,18.54,18.61,18.67,18.75,18.84,18.86,18.88,18.92,18.97,19.03,19.09,19.15,19.23","1.3826,1.3437,1.1814,0.0919","1.7695,1.6738,0.3796,0.1764,0.0001,0.0001,0.0001,0.0000,0.0000,0.0000,0.0000,0.0000,0.0000,0.0000,0.0000,0.0000,0.0000,0.0000,0.0000,0.0000,0.0000,0.0000,0.0000,0.0000,0.0000,0.0000,0.0000,0.0000,0.0000,0.0000,0.0000,0.0000,0.0000,0.0000,0.0000,0.0000,0.0000,0.0000,0.0000,0.0000,0.0000,0.0000,0.0000,0.0000,0.0000,0.0000,0.0000,0.0000,0.0000,0.0000,0.0000,0.0000,0.0000,0.0000,0.0000,0.0000,0.0000,0.0000,0.0000,0.0000,0.0000,0.0000,0.0000,0.0000","8,0,8,0","7,7,7,7,7,7,7,7,7,7,7,7,7,7,7,7,7,7,7,7,7,7,7,7,7,7,7,7,7,7,7,7,7,7,7,7,7,7,7,7,7,7,7,7,7,7,7,7,7,23,7,7,7,7,7,7,7,7,7,7,7,23,7,7"
371,27.91,24.43,"9.61,10.85,11.73,12.43,13.00,13.44,13.79,14.05,14.24,14.43,14.61,14.82,15.06,15.30,15.50,15.64,15.83,15.97,16.13,16.31,16.52,16.70,16.84,16.94,17.09,17.23,17.39,17.57,17.74,17.89,17.99,18.10,18.22,18.35,18.49,18.64,18.78,18.89,18.99,19.09,19.21,19.32,19.46,19.58,19.70,19.79,19.88,19.96,20.08,20.20,20.33,20.44,20.54,20.62,20.67,20.73,20.87,21.00,21.12,21.22,21.30,21.37,21.42,21.45","1.2461,1.2256,1.1563,0.3728","1.4277,1.3574,1.2148,0.0001,0.0001,0.0001,0.0000,0.0000,0.0000,0.0000,0.0000,0.0000,0.0000,0.0000,0.0000,0.0000,0.0000,0.0000,0.0000,0.0000,0.0000,0.0000,0.0000,0.0000,0.0000,0.0000,0.0000,0.0000,0.0000,0.0000,0.0000,0.0000,0.0000,0.0000,0.0000,0.0000,0.0000,0.0000,0.0000,0.0000,0.0000,0.0000,0.0000,0.0000,0.0000,0.0000,0.0000,0.0000,0.0000,0.0000,0.0000,0.0000,0.0000,0.0000,0.0000,0.0000,0.0000,0.0000,0.0000,0.0000,0.0000,0.0000,0.0000,0.0000","12,4,12,12","8,8,8,8,8,8,8,8,8,8,8,8,8,8,8,8,8,8,8,8,8,8,8,8,8,8,8,8,8,8,8,8,8,8,8,8,8,8,8,8,8,8,8,8,8,8,8,8,8,8,8,8,8,8,8,8,8,8,8,8,8,8,8,8"
372,22.81,19.98,"11.30,12.47,13.19,13.69,14.05,14.31,14.49,14.62,14.77,14.94,15.12,15.29,15.44,15.57,15.68,15.79,15.88,15.98,16.08,16.18,16.28,16.38,16.45,16.52,16.58,16.64,16.72,16.79,16.86,16.92,16.98,17.03,17.07,17.13,17.18,17.24,17.29,17.34,17.38,17.43,17.47,17.52,17.56,17.60,17.65,17.68,17.73,17.78,17.84,17.89,17.94,17.98,18.03,18.08,18.13,18.21,18.30,18.36,18.41,18.47,18.52,18.58,18.66,18.74","1.4132,1.2040,0.9630,0.4196","1.8926,1.0400,0.6577,0.4094,0.0001,0.0001,0.0000,0.0000,0.0000,0.0000,0.0000,0.0000,0.0000,0.0000,0.0000,0.0000,0.0000,0.0000,0.0000,0.0000,0.0000,0.0000,0.0000,0.0000,0.0000,0.0000,0.0000,0.0000,0.0000,0.0000,0.0000,0.0000,0.0000,0.0000,0.0000,0.0000,0.0000,0.0000,0.0000,0.0000,0.0000,0.0000,0.0000,0.0000,0.0000,0.0000,0.0000,0.0000,0.0000,0.0000,0.0000,0.0000,0.0000,0.0000,0.0000,0.0000,0.0000,0.0000,0.0000,0.0000,0.0000,0.0000,0.0000,0.0000","8,0,0,8","7,7,7,7,7,7,7,7,7,7,7,7,7,7,7,7,7,7,7,7,7,7,7,7,7,7,7,7,7,7,7,7,7,7,7,7,7,7,7,7,7,7,7,7,7,7,7,7,7,7,7,7,7,7,7,7,7,7,7,7,7,7,7,7"
373,23.99,20.94,"11.04,12.13,12.76,13.19,13.50,13.73,13.89,14.01,14.24,14.46,14.64,14.81,14.95,15.09,15.23,15.37,15.55,15.70,15.82,15.92,16.01,16.11,16.21,16.33,16.47,16.59,16.68,16.75,16.82,16.89,16.97,17.06,17.17,17.27,17.35,17.41,17.46,17.51,17.57,17.65,17.74,17.81,17.88,17.92,17.97,18.01,18.05,18.11,18.18,18.24,18.30,18.34,18.37,18.40,18.44,18.49,18.55,18.60,18.64,18.67,18.69,18.72,18.75,18.78","1.4807,1.3762,1.1444,0.0001","2.0996,1.9004,0.0001,0.0001,0.0001,0.0001,0.0000,0.0000,0.0000,0.0000,0.0000,0.0000,0.0000,0.0000,0.0000,0.0000,0.0000,0.0000,0.0000,0.0000,0.0000,0.0000,0.0000,0.0000,0.0000,0.0000,0.0000,0.0000,0.0000,0.0000,0.0000,0.0000,0.0000,0.0000,0.0000,0.0000,0.0000,0.0000,0.0000,0.0000,0.0000,0.0000,0.0000,0.0000,0.0000,0.0000,0.0000,0.0000,0.0000,0.0000,0.0000,0.0000,0.0000,0.0000,0.0000,0.0000,0.0000,0.0000,0.0000,0.0000,0.0000,0.0000,0.0000,0.0000","11,3,11,11","0,0,0,0,0,0,0,0,0,0,0,0,0,0,0,0,0,0,0,0,0,0,0,0,0,0,0,0,0,0,0,0,0,0,0,0,0,0,0,0,0,0,0,0,0,0,0,0,0,0,0,0,0,0,0,0,0,0,0,0,0,0,0,0"
374,23.27,22.50,"10.63,11.93,12.76,13.36,13.79,14.09,14.30,14.50,14.73,14.95,15.21,15.49,15.75,15.94,16.09,16.25,16.42,16.57,16.74,16.93,17.10,17.23,17.33,17.44,17.57,17.69,17.82,17.96,18.07,18.17,18.24,18.33,18.43,18.52,18.62,18.72,18.81,18.88,18.94,19.00,19.09,19.16,19.25,19.31,19.39,19.43,19.46,19.53,19.61,19.66,19.72,19.78,19.82,19.85,19.89,19.94,20.01,20.06,20.09,20.14,20.17,20.19,20.22,20.28","2.0332,1.9672,0.0001,0.0001","2.0430,1.9561,0.0001,0.0001,0.0001,0.0001,0.0000,0.0000,0.0000,0.0000,0.0000,0.0000,0.0000,0.0000,0.0000,0.0000,0.0000,0.0000,0.0000,0.0000,0.0000,0.0000,0.0000,0.0000,0.0000,0.0000,0.0000,0.0000,0.0000,0.0000,0.0000,0.0000,0.0000,0.0000,0.0000,0.0000,0.0000,0.0000,0.0000,0.0000,0.0000,0.0000,0.0000,0.0000,0.0000,0.0000,0.0000,0.0000,0.0000,0.0000,0.0000,0.0000,0.0000,0.0000,0.0000,0.0000,0.0000,0.0000,0.0000,0.0000,0.0000,0.0000,0.0000,0.0000","12,12,12,12","6,6,6,6,6,6,0,0,0,0,0,0,0,0,0,0,0,0,0,0,0,0,0,0,0,0,0,0,0,0,0,0,0,0,0,0,0,0,0,0,0,0,0,0,0,6,0,0,0,0,0,0,6,0,0,0,0,0,6,0,0,6,0,0"
375,23.58,21.76,"11.48,12.56,13.19,13.61,13.91,14.13,14.28,14.39,14.58,14.77,14.95,15.11,15.24,15.35,15.43,15.49,15.59,15.70,15.81,15.92,16.01,16.09,16.15,16.21,16.32,16.44,16.55,16.65,16.72,16.78,16.83,16.87,17.00,17.12,17.23,17.32,17.39,17.45,17.50,17.53,17.64,17.76,17.86,17.95,18.02,18.09,18.13,18.16,18.26,18.36,18.45,18.55,18.62,18.67,18.70,18.72,18.82,18.91,18.99,19.07,19.14,19.20,19.23,19.28","1.6701,1.6057,0.7245,0.0000","2.0742,1.9248,0.0001,0.0001,0.0001,0.0000,0.0000,0.0000,0.0000,0.0000,0.0000,0.0000,0.0000,0.0000,0.0000,0.0000,0.0000,0.0000,0.0000,0.0000,0.0000,0.0000,0.0000,0.0000,0.0000,0.0000,0.0000,0.0000,0.0000,0.0000,0.0000,0.0000,0.0000,0.0000,0.0000,0.0000,0.0000,0.0000,0.0000,0.0000,0.0000,0.0000,0.0000,0.0000,0.0000,0.0000,0.0000,0.0000,0.0000,0.0000,0.0000,0.0000,0.0000,0.0000,0.0000,0.0000,0.0000,0.0000,0.0000,0.0000,0.0000,0.0000,0.0000,0.0000","12,12,12,12","62,62,62,62,62,62,62,62,62,62,62,62,62,62,62,62,62,62,62,62,62,62,62,62,62,62,62,62,62,62,62,62,62,62,62,62,62,62,62,62,62,62,62,62,62,62,62,62,62,62,62,62,62,0,62,62,62,62,62,62,62,62,62,62"
376,22.13,19.33,"11.49,12.66,13.36,13.85,14.21,14.47,14.66,14.78,14.95,15.14,15.33,15.51,15.66,15.79,15.89,15.98,16.10,16.22,16.34,16.46,16.56,16.66,16.76,16.86,16.98,17.09,17.18,17.26,17.33,17.41,17.49,17.58,17.69,17.78,17.85,17.92,17.97,18.03,18.09,18.16,18.26,18.33,18.39,18.43,18.48,18.52,18.57,18.63,18.70,18.75,18.81,18.84,18.87,18.90,18.94,18.99,19.05,19.08,19.12,19.15,19.18,19.21,19.24,19.25","2.0450,1.8906,0.0645,0.0001","2.3105,1.6895,0.0002,0.0001,0.0001,0.0001,0.0001,0.0000,0.0000,0.0000,0.0000,0.0000,0.0000,0.0000,0.0000,0.0000,0.0000,0.0000,0.0000,0.0000,0.0000,0.0000,0.0000,0.0000,0.0000,0.0000,0.0000,0.0000,0.0000,0.0000,0.0000,0.0000,0.0000,0.0000,0.0000,0.0000,0.0000,0.0000,0.0000,0.0000,0.0000,0.0000,0.0000,0.0000,0.0000,0.0000,0.0000,0.0000,0.0000,0.0000,0.0000,0.0000,0.0000,0.0000,0.0000,0.0000,0.0000,0.0000,0.0000,0.0000,0.0000,0.0000,0.0000,0.0000","8,0,8,8","63,63,63,63,63,63,63,63,63,63,63,63,63,63,63,63,63,63,63,63,63,63,63,63,63,63,63,63,63,63,63,63,63,63,63,63,63,63,63,63,63,63,63,63,63,63,63,63,63,63,63,63,63,63,63,63,63,63,63,63,63,63,63,63"
377,23.05,20.26,"9.80,11.18,12.02,12.59,12.97,13.22,13.36,13.44,13.55,13.72,13.92,14.11,14.27,14.40,14.47,14.51,14.57,14.66,14.77,14.89,14.99,15.07,15.13,15.16,15.20,15.25,15.33,15.41,15.49,15.55,15.59,15.62,15.64,15.68,15.74,15.80,15.86,15.91,15.94,15.96,15.98,16.01,16.05,16.10,16.14,16.19,16.22,16.23,16.25,16.27,16.30,16.34,16.37,16.41,16.43,16.45,16.46,16.47,16.49,16.52,16.55,16.58,16.60,16.61","1.8622,1.7575,0.3799,0.0002","2.4669,1.5332,0.0002,0.0001,0.0001,0.0001,0.0000,0.0000,0.0000,0.0000,0.0000,0.0000,0.0000,0.0000,0.0000,0.0000,0.0000,0.0000,0.0000,0.0000,0.0000,0.0000,0.0000,0.0000,0.0000,0.0000,0.0000,0.0000,0.0000,0.0000,0.0000,0.0000,0.0000,0.0000,0.0000,0.0000,0.0000,0.0000,0.0000,0.0000,0.0000,0.0000,0.0000,0.0000,0.0000,0.0000,0.0000,0.0000,0.0000,0.0000,0.0000,0.0000,0.0000,0.0000,0.0000,0.0000,0.0000,0.0000,0.0000,0.0000,0.0000,0.0000,0.0000,0.0000","11,3,11,3","54,54,54,54,54,54,54,54,54,54,54,54,54,54,54,54,54,54,54,54,54,54,54,54,54,54,54,54,54,54,54,54,54,54,54,54,54,54,54,54,54,54,54,54,54,54,54,54,54,54,54,54,54,54,54,7,7,54,54,54,54,54,54,48"
378,22.88,20.24,"11.33,12.49,13.16,13.60,13.89,14.08,14.21,14.30,14.48,14.69,14.89,15.07,15.21,15.32,15.39,15.44,15.53,15.63,15.75,15.86,15.96,16.04,16.10,16.14,16.19,16.25,16.33,16.41,16.49,16.55,16.60,16.63,16.66,16.71,16.76,16.81,16.88,16.93,16.97,17.00,17.02,17.04,17.09,17.12,17.16,17.22,17.25,17.27,17.29,17.30,17.34,17.36,17.39,17.43,17.45,17.47,17.49,17.50,17.52,17.54,17.55,17.59,17.61,17.63","2.0621,1.9383,0.0002,0.0001","2.4199,1.5811,0.0002,0.0001,0.0001,0.0001,0.0001,0.0000,0.0000,0.0000,0.0000,0.0000,0.0000,0.0000,0.0000,0.0000,0.0000,0.0000,0.0000,0.0000,0.0000,0.0000,0.0000,0.0000,0.0000,0.0000,0.0000,0.0000,0.0000,0.0000,0.0000,0.0000,0.0000,0.0000,0.0000,0.0000,0.0000,0.0000,0.0000,0.0000,0.0000,0.0000,0.0000,0.0000,0.0000,0.0000,0.0000,0.0000,0.0000,0.0000,0.0000,0.0000,0.0000,0.0000,0.0000,0.0000,0.0000,0.0000,0.0000,0.0000,0.0000,0.0000,0.0000,0.0000","11,3,11,1","63,63,63,63,63,63,63,63,63,63,63,63,63,63,63,63,63,63,63,63,63,63,63,63,63,63,63,63,63,63,63,63,63,63,63,63,63,63,63,63,63,63,63,63,63,63,63,63,63,63,63,63,63,63,63,63,63,63,63,63,63,63,63,63"
386,37.89,39.58,"11.78,15.83,18.27,19.88,20.91,21.94,22.46,23.62,24.01,24.37,24.65,25.04,25.30,25.64,25.92,26.46,26.63,26.86,27.00,27.23,27.39,27.61,27.80,28.09,28.19,28.36,28.49,28.61,28.74,28.89,29.06,29.23,29.36,29.48,29.64,29.75,29.85,29.96,30.09,30.18,30.37,30.46,30.59,30.67,30.76,30.84,30.95,31.03,31.25,31.32,31.42,31.49,31.55,31.62,31.72,31.79,32.05,32.13,32.20,32.26,32.30,32.37,32.47,32.54","0.9425,0.9399,0.9344,0.6249","1.1484,1.0742,0.9854,0.7925,0.0001,0.0001,0.0001,0.0000,0.0000,0.0000,0.0000,0.0000,0.0000,0.0000,0.0000,0.0000,0.0000,0.0000,0.0000,0.0000,0.0000,0.0000,0.0000,0.0000,0.0000,0.0000,0.0000,0.0000,0.0000,0.0000,0.0000,0.0000,0.0000,0.0000,0.0000,0.0000,0.0000,0.0000,0.0000,0.0000,0.0000,0.0000,0.0000,0.0000,0.0000,0.0000,0.0000,0.0000,0.0000,0.0000,0.0000,0.0000,0.0000,0.0000,0.0000,0.0000,0.0000,0.0000,0.0000,0.0000,0.0000,0.0000,0.0000,0.0000","4,4,4,4","33,33,33,33,33,33,33,33,33,33,33,33,33,33,33,33,33,33,33,33,33,33,33,33,33,33,33,33,33,33,33,33,33,33,33,33,33,33,33,33,33,33,33,33,33,33,33,33,33,33,33,33,33,33,33,33,33,33,33,33,33,33,33,33"
387,39.70,39.05,"11.72,15.88,18.46,20.16,21.15,22.06,22.66,23.76,24.23,24.62,24.99,25.39,25.66,25.96,26.21,26.68,26.93,27.18,27.37,27.62,27.79,27.97,28.14,28.39,28.55,28.74,28.88,29.05,29.18,29.30,29.43,29.59,29.71,29.86,29.97,30.09,30.21,30.31,30.41,30.52,30.63,30.75,30.85,30.94,31.05,31.12,31.21,31.30,31.42,31.51,31.60,31.67,31.77,31.84,31.91,31.99,32.14,32.22,32.30,32.36,32.44,32.51,32.57,32.64","0.9000,0.8964,0.8920,0.6978","1.1494,1.1221,1.0537,0.6753,0.0001,0.0001,0.0001,0.0000,0.0000,0.0000,0.0000,0.0000,0.0000,0.0000,0.0000,0.0000,0.0000,0.0000,0.0000,0.0000,0.0000,0.0000,0.0000,0.0000,0.0000,0.0000,0.0000,0.0000,0.0000,0.0000,0.0000,0.0000,0.0000,0.0000,0.0000,0.0000,0.0000,0.0000,0.0000,0.0000,0.0000,0.0000,0.0000,0.0000,0.0000,0.0000,0.0000,0.0000,0.0000,0.0000,0.0000,0.0000,0.0000,0.0000,0.0000,0.0000,0.0000,0.0000,0.0000,0.0000,0.0000,0.0000,0.0000,0.0000","5,5,5,5","33,33,33,33,33,33,33,33,33,33,33,33,33,33,33,33,33,33,33,33,33,33,33,33,33,33,33,33,33,33,33,33,33,33,33,33,33,33,33,33,33,33,33,33,33,33,33,33,33,33,33,33,33,33,33,33,33,33,33,33,33,33,33,33"
388,38.88,34.92,"11.63,14.04,15.76,16.99,17.95,18.88,19.62,20.41,20.90,21.17,21.41,21.67,21.90,22.16,22.45,22.83,23.09,23.25,23.40,23.57,23.72,23.88,24.05,24.28,24.44,24.54,24.64,24.76,24.86,24.96,25.08,25.21,25.30,25.32,25.38,25.42,25.51,25.62,25.78,25.98,26.16,26.25,26.33,26.45,26.53,26.53,26.64,26.76,26.76,26.84,26.84,26.90,26.99,27.00,27.07,27.16,27.16,27.24,27.30,27.34,27.41,27.41,27.48,27.56","0.7373,0.7316,0.7153,0.7086","1.2432,1.1318,0.8560,0.7686,0.0001,0.0001,0.0001,0.0000,0.0000,0.0000,0.0000,0.0000,0.0000,0.0000,0.0000,0.0000,0.0000,0.0000,0.0000,0.0000,0.0000,0.0000,0.0000,0.0000,0.0000,0.0000,0.0000,0.0000,0.0000,0.0000,0.0000,0.0000,0.0000,0.0000,0.0000,0.0000,0.0000,0.0000,0.0000,0.0000,0.0000,0.0000,0.0000,0.0000,0.0000,0.0000,0.0000,0.0000,0.0000,0.0000,0.0000,0.0000,0.0000,0.0000,0.0000,0.0000,0.0000,0.0000,0.0000,0.0000,0.0000,0.0000,0.0000,0.0000","4,4,4,4","32,32,32,32,32,32,32,32,32,32,32,32,32,32,32,32,32,32,32,32,32,32,32,32,32,32,32,32,32,32,32,32,32,32,32,32,32,32,32,32,32,32,32,32,32,38,32,32,38,32,42,32,32,26,32,32,38,32,32,32,32,42,32,32"
389,35.01,33.77,"11.40,13.59,15.35,16.63,17.61,18.36,19.07,19.72,20.20,20.47,20.70,20.92,21.14,21.35,21.62,21.95,22.23,22.40,22.53,22.67,22.80,22.93,23.09,23.30,23.50,23.63,23.72,23.82,23.92,24.01,24.12,24.28,24.43,24.53,24.61,24.68,24.76,24.83,24.92,25.04,25.18,25.25,25.32,25.38,25.45,25.50,25.57,25.68,25.79,25.87,25.92,25.97,26.02,26.08,26.14,26.22,26.33,26.39,26.44,26.49,26.54,26.58,26.63,26.71","0.7841,0.7773,0.7218,0.6206","1.4326,1.3721,0.8921,0.3037,0.0001,0.0001,0.0001,0.0000,0.0000,0.0000,0.0000,0.0000,0.0000,0.0000,0.0000,0.0000,0.0000,0.0000,0.0000,0.0000,0.0000,0.0000,0.0000,0.0000,0.0000,0.0000,0.0000,0.0000,0.0000,0.0000,0.0000,0.0000,0.0000,0.0000,0.0000,0.0000,0.0000,0.0000,0.0000,0.0000,0.0000,0.0000,0.0000,0.0000,0.0000,0.0000,0.0000,0.0000,0.0000,0.0000,0.0000,0.0000,0.0000,0.0000,0.0000,0.0000,0.0000,0.0000,0.0000,0.0000,0.0000,0.0000,0.0000,0.0000","4,4,4,12","32,32,32,32,32,32,32,32,32,32,32,32,32,32,32,32,32,32,32,32,32,32,32,32,32,32,32,32,32,32,32,32,32,32,32,32,32,32,32,32,32,32,32,32,32,32,32,32,32,32,32,32,32,32,32,32,32,32,32,32,32,32,32,32"
390,45.60,40.12,"11.02,14.21,16.00,16.89,17.76,18.44,19.06,19.61,19.96,20.38,20.89,21.29,21.64,21.97,22.22,22.45,22.68,22.94,23.23,23.49,23.73,23.92,24.11,24.28,24.39,24.55,24.73,24.90,25.08,25.24,25.38,25.49,25.58,25.69,25.82,25.95,26.09,26.21,26.30,26.38,26.49,26.59,26.69,26.80,26.91,27.01,27.10,27.19,27.25,27.32,27.40,27.50,27.59,27.67,27.76,27.82,27.86,27.92,27.98,28.06,28.14,28.22,28.28,28.33","0.7967,0.7960,0.7948,0.7405","1.0732,1.0478,1.0030,0.8750,0.0001,0.0001,0.0001,0.0001,0.0000,0.0000,0.0000,0.0000,0.0000,0.0000,0.0000,0.0000,0.0000,0.0000,0.0000,0.0000,0.0000,0.0000,0.0000,0.0000,0.0000,0.0000,0.0000,0.0000,0.0000,0.0000,0.0000,0.0000,0.0000,0.0000,0.0000,0.0000,0.0000,0.0000,0.0000,0.0000,0.0000,0.0000,0.0000,0.0000,0.0000,0.0000,0.0000,0.0000,0.0000,0.0000,0.0000,0.0000,0.0000,0.0000,0.0000,0.0000,0.0000,0.0000,0.0000,0.0000,0.0000,0.0000,0.0000,0.0000","12,4,12,4","47,47,56,56,47,47,56,56,56,47,47,47,56,56,56,56,56,47,47,47,47,56,56,56,47,47,47,47,47,56,56,56,47,56,47,47,47,47,47,56,56,56,47,47,47,47,56,56,56,47,47,47,47,56,56,56,47,56,47,47,47,47,47,47"
391,44.32,41.11,"11.61,19.89,21.75,23.22,24.30,25.19,25.77,26.21,26.63,27.10,27.49,27.86,28.20,28.54,28.85,29.13,29.37,29.63,29.86,30.09,30.31,30.51,30.71,30.90,31.08,31.25,31.42,31.58,31.74,31.90,32.05,32.19,32.33,32.45,32.59,32.71,32.83,32.96,33.08,33.20,33.31,33.42,33.51,33.62,33.74,33.83,33.92,34.03,34.14,34.21,34.28,34.38,34.49,34.57,34.65,34.74,34.84,34.90,34.98,35.06,35.12,35.21,35.28,35.38","0.7804,0.7801,0.7593,0.6421","1.1465,1.1133,1.0049,0.7353,0.0001,0.0001,0.0001,0.0001,0.0000,0.0000,0.0000,0.0000,0.0000,0.0000,0.0000,0.0000,0.0000,0.0000,0.0000,0.0000,0.0000,0.0000,0.0000,0.0000,0.0000,0.0000,0.0000,0.0000,0.0000,0.0000,0.0000,0.0000,0.0000,0.0000,0.0000,0.0000,0.0000,0.0000,0.0000,0.0000,0.0000,0.0000,0.0000,0.0000,0.0000,0.0000,0.0000,0.0000,0.0000,0.0000,0.0000,0.0000,0.0000,0.0000,0.0000,0.0000,0.0000,0.0000,0.0000,0.0000,0.0000,0.0000,0.0000,0.0000","12,12,4,12","32,32,32,32,32,32,32,32,32,32,32,32,32,32,32,32,32,32,32,32,32,32,32,32,32,32,32,32,32,32,32,32,32,32,32,32,32,32,32,32,32,32,32,32,32,32,32,32,32,32,32,32,32,32,32,32,32,32,32,32,32,32,32,32"
392,70.19,48.13,"10.59,16.09,20.19,22.72,23.87,24.74,25.55,26.32,26.99,27.35,27.68,28.06,28.54,29.06,29.52,30.16,30.49,30.67,30.84,31.04,31.34,31.62,31.85,32.20,32.42,32.53,32.64,32.77,32.98,33.17,33.30,33.53,33.69,33.78,33.85,33.95,34.11,34.24,34.33,34.49,34.63,34.70,34.76,34.84,34.96,35.06,35.13,35.25,35.39,35.47,35.51,35.58,35.70,35.77,35.83,35.94,36.08,36.16,36.22,36.28,36.38,36.46,36.51,36.61","0.4478,0.4473,0.4470,0.4467","1.0146,1.0039,0.9975,0.9844,0.0001,0.0001,0.0001,0.0001,0.0000,0.0000,0.0000,0.0000,0.0000,0.0000,0.0000,0.0000,0.0000,0.0000,0.0000,0.0000,0.0000,0.0000,0.0000,0.0000,0.0000,0.0000,0.0000,0.0000,0.0000,0.0000,0.0000,0.0000,0.0000,0.0000,0.0000,0.0000,0.0000,0.0000,0.0000,0.0000,0.0000,0.0000,0.0000,0.0000,0.0000,0.0000,0.0000,0.0000,0.0000,0.0000,0.0000,0.0000,0.0000,0.0000,0.0000,0.0000,0.0000,0.0000,0.0000,0.0000,0.0000,0.0000,0.0000,0.0000","5,12,5,12","33,39,33,39,33,39,39,33,33,33,33,33,39,39,33,33,33,33,33,33,39,39,33,33,33,33,33,33,39,39,33,33,33,33,33,33,39,39,33,33,33,33,33,39,39,39,33,33,33,33,33,39,39,39,33,33,33,33,33,39,39,39,33,33"
393,75.99,51.75,"10.65,15.71,20.12,22.12,23.69,24.70,25.29,26.28,26.90,27.40,27.84,28.32,28.70,28.98,29.33,29.76,30.07,30.36,30.64,30.94,31.19,31.36,31.55,31.83,32.03,32.22,32.41,32.62,32.79,32.92,33.04,33.23,33.37,33.51,33.67,33.81,33.95,34.05,34.15,34.28,34.39,34.51,34.64,34.75,34.87,34.96,35.04,35.14,35.24,35.34,35.42,35.51,35.64,35.71,35.77,35.82,35.87,35.97,36.02,36.10,36.22,36.28,36.31,36.33","0.4341,0.4340,0.4335,0.4329","1.0058,1.0019,0.9993,0.9927,0.0001,0.0001,0.0001,0.0000,0.0000,0.0000,0.0000,0.0000,0.0000,0.0000,0.0000,0.0000,0.0000,0.0000,0.0000,0.0000,0.0000,0.0000,0.0000,0.0000,0.0000,0.0000,0.0000,0.0000,0.0000,0.0000,0.0000,0.0000,0.0000,0.0000,0.0000,0.0000,0.0000,0.0000,0.0000,0.0000,0.0000,0.0000,0.0000,0.0000,0.0000,0.0000,0.0000,0.0000,0.0000,0.0000,0.0000,0.0000,0.0000,0.0000,0.0000,0.0000,0.0000,0.0000,0.0000,0.0000,0.0000,0.0000,0.0000,0.0000","0,0,9,0","25,31,25,31,25,25,25,25,25,31,25,31,25,25,25,25,25,31,31,31,25,25,25,25,25,25,31,31,25,25,25,25,25,25,31,31,25,25,25,25,25,25,31,31,31,25,25,25,25,25,31,31,31,25,25,25,31,25,31,31,31,31,25,31"
394,72.72,48.74,"10.65,15.69,19.86,21.73,23.21,24.05,25.06,26.12,26.75,27.38,27.77,28.20,28.52,28.75,29.00,29.36,29.71,30.07,30.27,30.51,30.72,30.86,30.96,31.15,31.35,31.59,31.73,31.88,32.05,32.16,32.22,32.31,32.45,32.62,32.73,32.85,32.98,33.09,33.15,33.18,33.42,33.64,33.82,34.00,34.16,34.30,34.43,34.59,34.74,34.86,34.99,35.12,35.25,35.38,35.52,35.64,35.77,35.88,36.00,36.12,36.24,36.35,36.47,36.59","0.4558,0.4553,0.4553,0.4548","1.0127,1.0049,0.9975,0.9849,0.0001,0.0001,0.0001,0.0000,0.0000,0.0000,0.0000,0.0000,0.0000,0.0000,0.0000,0.0000,0.0000,0.0000,0.0000,0.0000,0.0000,0.0000,0.0000,0.0000,0.0000,0.0000,0.0000,0.0000,0.0000,0.0000,0.0000,0.0000,0.0000,0.0000,0.0000,0.0000,0.0000,0.0000,0.0000,0.0000,0.0000,0.0000,0.0000,0.0000,0.0000,0.0000,0.0000,0.0000,0.0000,0.0000,0.0000,0.0000,0.0000,0.0000,0.0000,0.0000,0.0000,0.0000,0.0000,0.0000,0.0000,0.0000,0.0000,0.0000","5,5,13,5","33,31,33,31,33,33,33,33,33,31,33,33,33,33,33,33,31,31,31,33,33,33,33,33,31,31,31,33,33,33,33,33,31,31,31,33,33,33,33,33,33,33,33,33,33,33,33,33,33,33,33,33,33,33,33,33,31,33,33,33,33,33,33,33"
395,74.31,46.77,"9.80,14.31,17.18,19.11,20.88,21.88,22.97,24.21,24.92,25.30,25.68,26.01,26.34,26.66,27.00,27.53,27.94,28.14,28.35,28.54,28.71,28.92,29.10,29.39,29.69,29.82,29.96,30.09,30.21,30.34,30.47,30.64,30.88,30.98,31.07,31.19,31.27,31.37,31.46,31.58,31.78,31.86,31.94,32.04,32.12,32.18,32.26,32.35,32.53,32.62,32.68,32.78,32.85,32.90,32.98,33.06,33.23,33.33,33.39,33.47,33.54,33.56,33.60,33.64","0.4433,0.4429,0.4428,0.4426","1.0156,1.0049,0.9907,0.9883,0.0001,0.0001,0.0001,0.0001,0.0000,0.0000,0.0000,0.0000,0.0000,0.0000,0.0000,0.0000,0.0000,0.0000,0.0000,0.0000,0.0000,0.0000,0.0000,0.0000,0.0000,0.0000,0.0000,0.0000,0.0000,0.0000,0.0000,0.0000,0.0000,0.0000,0.0000,0.0000,0.0000,0.0000,0.0000,0.0000,0.0000,0.0000,0.0000,0.0000,0.0000,0.0000,0.0000,0.0000,0.0000,0.0000,0.0000,0.0000,0.0000,0.0000,0.0000,0.0000,0.0000,0.0000,0.0000,0.0000,0.0000,0.0000,0.0000,0.0000","1,1,10,8","24,24,24,24,24,24,24,24,24,24,24,24,24,24,24,24,24,24,24,24,24,24,24,24,24,24,24,24,24,24,24,24,24,24,24,24,24,24,24,24,24,24,24,24,24,24,24,24,24,24,24,24,24,24,24,24,24,24,24,24,24,24,24,24"
396,34.81,34.31,"10.65,12.13,13.72,15.00,16.02,16.84,17.58,18.24,18.71,18.99,19.23,19.47,19.67,19.87,20.15,20.49,20.74,20.89,21.04,21.18,21.29,21.40,21.58,21.83,22.00,22.11,22.20,22.30,22.40,22.51,22.65,22.85,22.99,23.08,23.16,23.23,23.33,23.44,23.58,23.73,23.87,23.94,24.02,24.11,24.17,24.27,24.40,24.52,24.64,24.73,24.81,24.88,24.95,25.03,25.14,25.23,25.37,25.42,25.49,25.56,25.62,25.69,25.77,25.85","0.8446,0.8309,0.8036,0.7198","1.3379,1.2529,1.0684,0.3408,0.0001,0.0001,0.0000,0.0000,0.0000,0.0000,0.0000,0.0000,0.0000,0.0000,0.0000,0.0000,0.0000,0.0000,0.0000,0.0000,0.0000,0.0000,0.0000,0.0000,0.0000,0.0000,0.0000,0.0000,0.0000,0.0000,0.0000,0.0000,0.0000,0.0000,0.0000,0.0000,0.0000,0.0000,0.0000,0.0000,0.0000,0.0000,0.0000,0.0000,0.0000,0.0000,0.0000,0.0000,0.0000,0.0000,0.0000,0.0000,0.0000,0.0000,0.0000,0.0000,0.0000,0.0000,0.0000,0.0000,0.0000,0.0000,0.0000,0.0000","4,4,4,4","33,33,33,33,33,33,33,33,33,33,33,33,33,33,33,33,33,33,33,33,33,33,33,33,33,33,33,33,33,33,33,33,33,33,33,33,33,33,33,33,33,33,33,33,33,33,33,33,33,33,33,33,33,33,33,33,33,33,33,33,33,33,33,33"
397,39.15,36.82,"10.81,16.78,18.63,19.40,20.50,21.14,21.64,22.03,22.41,22.79,23.14,23.47,23.77,24.04,24.29,24.47,24.69,24.90,25.11,25.30,25.49,25.66,25.84,25.99,26.17,26.33,26.47,26.62,26.75,26.89,27.03,27.17,27.31,27.44,27.56,27.67,27.77,27.88,28.00,28.11,28.24,28.34,28.46,28.54,28.62,28.71,28.81,28.91,29.01,29.11,29.20,29.28,29.35,29.44,29.52,29.61,29.70,29.79,29.86,29.94,29.99,30.06,30.14,30.22","0.9639,0.9637,0.9370,0.7865","1.0732,1.0293,0.9536,0.9439,0.0001,0.0001,0.0001,0.0001,0.0000,0.0000,0.0000,0.0000,0.0000,0.0000,0.0000,0.0000,0.0000,0.0000,0.0000,0.0000,0.0000,0.0000,0.0000,0.0000,0.0000,0.0000,0.0000,0.0000,0.0000,0.0000,0.0000,0.0000,0.0000,0.0000,0.0000,0.0000,0.0000,0.0000,0.0000,0.0000,0.0000,0.0000,0.0000,0.0000,0.0000,0.0000,0.0000,0.0000,0.0000,0.0000,0.0000,0.0000,0.0000,0.0000,0.0000,0.0000,0.0000,0.0000,0.0000,0.0000,0.0000,0.0000,0.0000,0.0000","0,0,8,0","47,24,24,24,24,24,24,24,24,24,24,24,24,24,24,24,24,24,24,24,24,24,24,24,24,24,24,24,24,24,24,24,24,24,24,24,24,24,24,24,24,24,24,24,24,24,24,24,24,24,24,24,24,24,24,24,24,24,24,24,24,24,24,24"
398,26.16,24.06,"10.91,12.19,12.98,13.50,13.97,14.47,14.91,15.26,15.60,15.86,16.07,16.24,16.43,16.61,16.81,16.99,17.20,17.33,17.43,17.51,17.57,17.63,17.77,17.85,17.99,18.09,18.17,18.27,18.32,18.41,18.50,18.60,18.72,18.80,18.87,18.92,18.97,19.04,19.12,19.20,19.29,19.36,19.42,19.47,19.51,19.57,19.63,19.70,19.78,19.84,19.89,19.94,19.98,20.02,20.08,20.14,20.20,20.26,20.31,20.35,20.38,20.42,20.47,20.52","1.3855,1.3693,0.8159,0.4289","1.5157,1.4687,1.0156,0.0001,0.0001,0.0001,0.0000,0.0000,0.0000,0.0000,0.0000,0.0000,0.0000,0.0000,0.0000,0.0000,0.0000,0.0000,0.0000,0.0000,0.0000,0.0000,0.0000,0.0000,0.0000,0.0000,0.0000,0.0000,0.0000,0.0000,0.0000,0.0000,0.0000,0.0000,0.0000,0.0000,0.0000,0.0000,0.0000,0.0000,0.0000,0.0000,0.0000,0.0000,0.0000,0.0000,0.0000,0.0000,0.0000,0.0000,0.0000,0.0000,0.0000,0.0000,0.0000,0.0000,0.0000,0.0000,0.0000,0.0000,0.0000,0.0000,0.0000,0.0000","0,0,0,0","40,40,40,40,40,40,40,40,40,40,40,40,40,40,40,40,40,40,40,40,38,38,40,40,40,40,40,24,40,40,40,40,40,40,40,40,40,40,40,40,40,40,40,40,40,40,40,40,40,40,40,40,40,40,40,40,40,40,40,40,40,40,40,40"
399,41.04,39.88,"11.47,18.07,19.07,20.29,21.15,21.80,22.35,22.78,23.16,23.55,23.88,24.20,24.49,24.77,25.04,25.27,25.49,25.70,25.90,26.09,26.27,26.45,26.63,26.79,26.94,27.09,27.24,27.38,27.51,27.64,27.79,27.93,28.08,28.22,28.34,28.44,28.54,28.65,28.78,28.90,29.04,29.16,29.25,29.34,29.42,29.52,29.62,29.73,29.85,29.97,30.04,30.13,30.19,30.26,30.35,30.46,30.57,30.67,30.74,30.81,30.87,30.94,31.02,31.10","0.9165,0.9161,0.8681,0.8281","1.1113,1.0996,1.0576,0.7309,0.0001,0.0001,0.0001,0.0000,0.0000,0.0000,0.0000,0.0000,0.0000,0.0000,0.0000,0.0000,0.0000,0.0000,0.0000,0.0000,0.0000,0.0000,0.0000,0.0000,0.0000,0.0000,0.0000,0.0000,0.0000,0.0000,0.0000,0.0000,0.0000,0.0000,0.0000,0.0000,0.0000,0.0000,0.0000,0.0000,0.0000,0.0000,0.0000,0.0000,0.0000,0.0000,0.0000,0.0000,0.0000,0.0000,0.0000,0.0000,0.0000,0.0000,0.0000,0.0000,0.0000,0.0000,0.0000,0.0000,0.0000,0.0000,0.0000,0.0000","12,4,12,4","39,39,39,39,39,39,39,25,39,39,39,39,39,39,39,25,39,39,39,39,39,39,39,25,39,39,39,39,39,39,39,39,39,39,39,39,39,39,39,39,39,39,39,39,39,39,39,39,39,39,39,39,39,39,39,39,39,39,39,39,39,39,39,39"
400,53.20,48.22,"10.56,18.78,23.07,24.66,26.28,27.54,28.48,29.24,29.82,30.31,30.74,31.20,31.63,31.99,32.38,32.75,33.08,33.35,33.60,33.87,34.12,34.34,34.59,34.84,35.06,35.23,35.42,35.61,35.79,35.95,36.12,36.32,36.48,36.61,36.75,36.92,37.05,37.18,37.32,37.47,37.59,37.70,37.81,37.95,38.06,38.16,38.28,38.42,38.51,38.59,38.70,38.81,38.91,39.00,39.11,39.23,39.29,39.37,39.47,39.57,39.66,39.74,39.84,39.94","0.7608,0.7604,0.7603,0.7412","1.0176,1.0029,0.9941,0.9849,0.0001,0.0001,0.0001,0.0001,0.0000,0.0000,0.0000,0.0000,0.0000,0.0000,0.0000,0.0000,0.0000,0.0000,0.0000,0.0000,0.0000,0.0000,0.0000,0.0000,0.0000,0.0000,0.0000,0.0000,0.0000,0.0000,0.0000,0.0000,0.0000,0.0000,0.0000,0.0000,0.0000,0.0000,0.0000,0.0000,0.0000,0.0000,0.0000,0.0000,0.0000,0.0000,0.0000,0.0000,0.0000,0.0000,0.0000,0.0000,0.0000,0.0000,0.0000,0.0000,0.0000,0.0000,0.0000,0.0000,0.0000,0.0000,0.0000,0.0000","12,4,12,4","24,24,24,24,24,24,24,24,24,24,24,24,24,24,24,24,24,24,24,24,24,24,24,24,24,24,24,24,24,24,24,24,24,24,24,24,24,24,24,24,24,24,24,24,24,24,24,24,24,24,24,24,24,24,24,24,24,24,24,24,24,24,24,24"
408,31.58,26.60,"9.65,10.79,11.50,12.02,12.42,12.72,12.96,13.13,13.29,13.48,13.67,13.86,14.04,14.20,14.34,14.44,14.54,14.66,14.81,14.96,15.09,15.20,15.30,15.38,15.54,15.71,15.87,16.01,16.13,16.22,16.30,16.36,16.54,16.71,16.86,16.99,17.10,17.18,17.24,17.28,17.44,17.59,17.72,17.84,17.94,18.00,18.06,18.10,18.22,18.34,18.45,18.55,18.63,18.70,18.75,18.78,18.87,18.97,19.06,19.14,19.21,19.27,19.31,19.35","1.1885,1.1836,1.1484,0.4791","1.1797,1.0557,1.0469,0.7173,0.0001,0.0001,0.0000,0.0000,0.0000,0.0000,0.0000,0.0000,0.0000,0.0000,0.0000,0.0000,0.0000,0.0000,0.0000,0.0000,0.0000,0.0000,0.0000,0.0000,0.0000,0.0000,0.0000,0.0000,0.0000,0.0000,0.0000,0.0000,0.0000,0.0000,0.0000,0.0000,0.0000,0.0000,0.0000,0.0000,0.0000,0.0000,0.0000,0.0000,0.0000,0.0000,0.0000,0.0000,0.0000,0.0000,0.0000,0.0000,0.0000,0.0000,0.0000,0.0000,0.0000,0.0000,0.0000,0.0000,0.0000,0.0000,0.0000,0.0000","11,5,3,11","16,16,16,16,16,16,16,16,16,16,16,16,16,16,16,16,16,16,16,16,16,16,16,16,16,16,16,16,16,16,16,16,16,16,16,16,16,16,16,16,16,16,16,16,16,16,16,7,16,16,16,16,16,16,16,7,16,16,16,16,16,16,7,7"
409,30.34,27.07,"9.47,11.05,12.51,13.65,14.43,14.96,15.30,15.54,15.69,15.92,16.19,16.51,16.81,17.06,17.24,17.39,17.50,17.64,17.80,17.99,18.17,18.34,18.49,18.61,18.70,18.81,18.92,19.05,19.18,19.31,19.44,19.55,19.61,19.69,19.78,19.88,19.99,20.09,20.19,20.30,20.34,20.41,20.48,20.55,20.63,20.70,20.80,20.90,20.93,20.97,21.03,21.08,21.15,21.21,21.29,21.39,21.40,21.45,21.48,21.53,21.60,21.64,21.71,21.79","1.3693,1.3651,1.2649,0.0001","1.4394,1.1513,1.1465,0.2625,0.0001,0.0001,0.0000,0.0000,0.0000,0.0000,0.0000,0.0000,0.0000,0.0000,0.0000,0.0000,0.0000,0.0000,0.0000,0.0000,0.0000,0.0000,0.0000,0.0000,0.0000,0.0000,0.0000,0.0000,0.0000,0.0000,0.0000,0.0000,0.0000,0.0000,0.0000,0.0000,0.0000,0.0000,0.0000,0.0000,0.0000,0.0000,0.0000,0.0000,0.0000,0.0000,0.0000,0.0000,0.0000,0.0000,0.0000,0.0000,0.0000,0.0000,0.0000,0.0000,0.0000,0.0000,0.0000,0.0000,0.0000,0.0000,0.0000,0.0000","8,0,8,0","8,8,8,8,8,8,8,8,8,8,8,8,8,8,8,8,8,8,8,8,8,8,8,8,8,8,8,8,8,8,8,8,8,8,8,8,8,8,8,8,8,8,8,8,8,8,8,8,8,8,8,8,8,8,8,8,8,8,8,8,8,8,8,8"
410,22.70,20.06,"9.92,11.30,12.18,12.79,13.23,13.52,13.71,13.81,13.92,14.08,14.27,14.46,14.64,14.78,14.89,14.98,15.08,15.19,15.31,15.43,15.55,15.66,15.77,15.88,15.97,16.05,16.14,16.22,16.31,16.40,16.50,16.60,16.67,16.74,16.80,16.87,16.93,17.01,17.10,17.18,17.24,17.29,17.34,17.39,17.44,17.50,17.57,17.65,17.69,17.73,17.77,17.80,17.85,17.90,17.96,18.01,18.05,18.08,18.11,18.14,18.17,18.21,18.25,18.30","1.9471,1.8446,0.2084,0.0001","2.1465,1.8535,0.0002,0.0001,0.0001,0.0001,0.0000,0.0000,0.0000,0.0000,0.0000,0.0000,0.0000,0.0000,0.0000,0.0000,0.0000,0.0000,0.0000,0.0000,0.0000,0.0000,0.0000,0.0000,0.0000,0.0000,0.0000,0.0000,0.0000,0.0000,0.0000,0.0000,0.0000,0.0000,0.0000,0.0000,0.0000,0.0000,0.0000,0.0000,0.0000,0.0000,0.0000,0.0000,0.0000,0.0000,0.0000,0.0000,0.0000,0.0000,0.0000,0.0000,0.0000,0.0000,0.0000,0.0000,0.0000,0.0000,0.0000,0.0000,0.0000,0.0000,0.0000,0.0000","12,7,12,7","8,8,8,8,8,8,8,8,8,8,8,8,8,8,8,8,8,8,8,8,8,8,8,8,8,8,8,8,8,8,8,8,8,8,8,8,8,8,8,8,8,8,8,8,8,8,8,8,8,8,8,8,8,8,8,8,8,8,8,8,8,8,8,8"
411,26.43,23.54,"11.87,13.09,13.87,14.44,15.10,15.79,16.42,16.96,17.44,17.74,17.95,18.13,18.31,18.53,18.78,19.06,19.36,19.58,19.72,19.84,19.94,20.07,20.22,20.40,20.62,20.79,20.90,20.98,21.06,21.14,21.24,21.36,21.54,21.67,21.77,21.83,21.88,21.94,22.01,22.10,22.25,22.34,22.42,22.47,22.51,22.56,22.62,22.68,22.78,22.86,22.93,22.99,23.00,23.03,23.06,23.11,23.20,23.25,23.31,23.36,23.36,23.38,23.41,23.44","1.1983,1.1681,0.9210,0.7118","2.0215,1.9775,0.0001,0.0001,0.0001,0.0001,0.0000,0.0000,0.0000,0.0000,0.0000,0.0000,0.0000,0.0000,0.0000,0.0000,0.0000,0.0000,0.0000,0.0000,0.0000,0.0000,0.0000,0.0000,0.0000,0.0000,0.0000,0.0000,0.0000,0.0000,0.0000,0.0000,0.0000,0.0000,0.0000,0.0000,0.0000,0.0000,0.0000,0.0000,0.0000,0.0000,0.0000,0.0000,0.0000,0.0000,0.0000,0.0000,0.0000,0.0000,0.0000,0.0000,0.0000,0.0000,0.0000,0.0000,0.0000,0.0000,0.0000,0.0000,0.0000,0.0000,0.0000,0.0000","12,12,12,12","15,15,15,15,15,15,15,15,15,15,15,15,15,15,15,15,15,15,15,15,15,15,15,15,15,15,15,15,15,15,15,15,15,15,15,15,15,15,15,15,15,15,15,15,15,15,15,15,15,15,15,15,15,15,15,15,15,15,15,15,15,15,15,15"
412,25.45,21.59,"11.14,12.30,13.02,13.54,13.93,14.22,14.45,14.61,14.75,14.91,15.08,15.24,15.40,15.54,15.68,15.84,15.93,16.04,16.15,16.25,16.36,16.46,16.59,16.74,16.82,16.92,17.02,17.12,17.21,17.29,17.40,17.54,17.65,17.75,17.84,17.94,18.02,18.10,18.19,18.31,18.43,18.52,18.61,18.68,18.76,18.84,18.92,19.03,19.14,19.22,19.30,19.37,19.44,19.51,19.59,19.68,19.78,19.86,19.93,19.99,20.05,20.12,20.19,20.28","1.2806,1.2040,1.1386,0.3768","1.5761,1.3174,1.1064,0.0001,0.0001,0.0001,0.0000,0.0000,0.0000,0.0000,0.0000,0.0000,0.0000,0.0000,0.0000,0.0000,0.0000,0.0000,0.0000,0.0000,0.0000,0.0000,0.0000,0.0000,0.0000,0.0000,0.0000,0.0000,0.0000,0.0000,0.0000,0.0000,0.0000,0.0000,0.0000,0.0000,0.0000,0.0000,0.0000,0.0000,0.0000,0.0000,0.0000,0.0000,0.0000,0.0000,0.0000,0.0000,0.0000,0.0000,0.0000,0.0000,0.0000,0.0000,0.0000,0.0000,0.0000,0.0000,0.0000,0.0000,0.0000,0.0000,0.0000,0.0000","8,0,8,8","7,7,7,7,7,7,7,7,7,7,7,7,7,7,7,7,7,7,7,7,7,7,7,7,7,7,7,7,7,7,7,7,7,7,7,7,7,7,7,7,7,7,7,7,7,7,7,7,7,7,7,7,7,7,7,7,7,7,7,7,7,7,7,7"
413,23.67,20.99,"9.93,11.19,11.99,12.56,12.97,13.28,13.49,13.65,13.79,13.95,14.12,14.30,14.46,14.61,14.74,14.89,15.00,15.11,15.21,15.32,15.43,15.53,15.63,15.75,15.84,15.91,15.99,16.07,16.15,16.23,16.31,16.40,16.48,16.54,16.60,16.66,16.73,16.79,16.85,16.93,17.00,17.05,17.09,17.14,17.19,17.25,17.30,17.38,17.44,17.48,17.52,17.55,17.59,17.63,17.69,17.76,17.82,17.85,17.88,17.90,17.94,17.98,18.03,18.09","1.5213,1.4225,1.0547,0.0001","2.0957,1.9043,0.0001,0.0001,0.0001,0.0001,0.0000,0.0000,0.0000,0.0000,0.0000,0.0000,0.0000,0.0000,0.0000,0.0000,0.0000,0.0000,0.0000,0.0000,0.0000,0.0000,0.0000,0.0000,0.0000,0.0000,0.0000,0.0000,0.0000,0.0000,0.0000,0.0000,0.0000,0.0000,0.0000,0.0000,0.0000,0.0000,0.0000,0.0000,0.0000,0.0000,0.0000,0.0000,0.0000,0.0000,0.0000,0.0000,0.0000,0.0000,0.0000,0.0000,0.0000,0.0000,0.0000,0.0000,0.0000,0.0000,0.0000,0.0000,0.0000,0.0000,0.0000,0.0000","8,8,8,8","14,14,14,14,14,14,14,14,14,14,14,14,14,14,14,14,14,14,14,14,14,14,14,14,14,14,14,14,14,14,14,14,14,14,14,14,14,14,14,14,14,14,14,14,14,14,14,14,14,14,14,14,14,14,14,14,14,14,14,14,14,14,14,14"
414,25.49,22.22,"11.40,12.69,13.51,14.10,14.52,14.83,15.12,15.40,15.64,15.85,16.05,16.25,16.46,16.68,16.90,17.12,17.27,17.39,17.51,17.63,17.77,17.93,18.11,18.27,18.37,18.45,18.53,18.62,18.73,18.86,19.00,19.15,19.21,19.28,19.36,19.45,19.55,19.67,19.81,19.94,20.06,20.14,20.22,20.30,20.39,20.50,20.62,20.75,20.88,20.96,21.02,21.09,21.16,21.26,21.37,21.50,21.61,21.67,21.73,21.78,21.84,21.93,22.04,22.14","1.4402,1.4034,1.1561,0.0001","1.5410,1.3896,1.0684,0.0001,0.0001,0.0000,0.0000,0.0000,0.0000,0.0000,0.0000,0.0000,0.0000,0.0000,0.0000,0.0000,0.0000,0.0000,0.0000,0.0000,0.0000,0.0000,0.0000,0.0000,0.0000,0.0000,0.0000,0.0000,0.0000,0.0000,0.0000,0.0000,0.0000,0.0000,0.0000,0.0000,0.0000,0.0000,0.0000,0.0000,0.0000,0.0000,0.0000,0.0000,0.0000,0.0000,0.0000,0.0000,0.0000,0.0000,0.0000,0.0000,0.0000,0.0000,0.0000,0.0000,0.0000,0.0000,0.0000,0.0000,0.0000,0.0000,0.0000,0.0000","11,3,11,11","7,7,7,7,7,7,7,7,7,7,7,7,7,7,7,7,7,7,7,7,7,7,7,7,7,7,7,7,7,7,7,7,7,7,7,7,7,7,7,7,7,7,7,7,7,7,7,7,7,7,7,7,7,7,7,7,7,7,7,7,7,7,7,7"
415,23.24,19.53,"11.20,12.34,13.04,13.55,13.93,14.22,14.44,14.62,14.77,14.93,15.10,15.26,15.40,15.53,15.63,15.72,15.80,15.89,15.99,16.08,16.17,16.25,16.32,16.38,16.43,16.49,16.57,16.63,16.70,16.76,16.80,16.84,16.89,16.94,16.99,17.04,17.10,17.15,17.20,17.26,17.29,17.33,17.37,17.41,17.47,17.51,17.57,17.63,17.66,17.69,17.73,17.78,17.83,17.87,17.94,18.00,18.01,18.04,18.09,18.14,18.19,18.23,18.29,18.33","1.3525,1.1809,0.8530,0.6132","2.2442,1.3359,0.4189,0.0001,0.0001,0.0001,0.0001,0.0000,0.0000,0.0000,0.0000,0.0000,0.0000,0.0000,0.0000,0.0000,0.0000,0.0000,0.0000,0.0000,0.0000,0.0000,0.0000,0.0000,0.0000,0.0000,0.0000,0.0000,0.0000,0.0000,0.0000,0.0000,0.0000,0.0000,0.0000,0.0000,0.0000,0.0000,0.0000,0.0000,0.0000,0.0000,0.0000,0.0000,0.0000,0.0000,0.0000,0.0000,0.0000,0.0000,0.0000,0.0000,0.0000,0.0000,0.0000,0.0000,0.0000,0.0000,0.0000,0.0000,0.0000,0.0000,0.0000,0.0000","8,3,8,8","63,63,63,63,63,63,63,63,63,63,63,63,63,63,63,63,63,63,63,63,63,63,63,63,63,63,63,63,63,63,63,63,63,63,63,63,63,63,63,63,63,63,63,63,63,63,63,63,63,63,63,63,63,63,63,63,63,63,63,63,63,63,63,63"
416,20.03,18.72,"11.53,12.63,13.30,13.77,14.12,14.39,14.60,14.76,14.92,15.09,15.25,15.40,15.54,15.66,15.76,15.85,15.93,16.02,16.11,16.21,16.29,16.37,16.44,16.49,16.55,16.61,16.68,16.74,16.80,16.86,16.92,16.95,17.00,17.04,17.09,17.15,17.18,17.23,17.27,17.31,17.34,17.36,17.40,17.45,17.48,17.53,17.55,17.57,17.59,17.63,17.65,17.68,17.72,17.74,17.77,17.78,17.81,17.82,17.85,17.87,17.89,17.91,17.95,17.96","2.4585,1.5400,0.0001,0.0001","4.0000,0.0000,0.0000,0.0000,0.0000,0.0000,0.0000,0.0000,0.0000,0.0000,0.0000,0.0000,0.0000,0.0000,0.0000,0.0000,0.0000,0.0000,0.0000,0.0000,0.0000,0.0000,0.0000,0.0000,0.0000,0.0000,0.0000,0.0000,0.0000,0.0000,0.0000,0.0000,0.0000,0.0000,0.0000,0.0000,0.0000,0.0000,0.0000,0.0000,0.0000,0.0000,0.0000,0.0000,0.0000,0.0000,0.0000,0.0000,0.0000,0.0000,0.0000,0.0000,0.0000,0.0000,0.0000,0.0000,0.0000,0.0000,0.0000,0.0000,0.0000,0.0000,0.0000,0.0000","12,12,12,12","62,62,62,62,62,62,62,62,62,62,62,62,62,62,62,62,62,62,62,62,62,62,62,62,62,62,62,62,62,62,62,62,62,62,62,62,62,62,62,62,62,62,62,62,62,62,62,62,62,62,62,62,62,62,62,62,62,62,62,62,62,62,62,62"
417,25.72,21.43,"10.56,11.80,12.57,13.11,13.50,13.78,13.98,14.11,14.25,14.43,14.63,14.81,14.99,15.15,15.29,15.41,15.55,15.69,15.82,15.95,16.08,16.21,16.34,16.46,16.58,16.68,16.77,16.87,16.97,17.08,17.20,17.32,17.40,17.47,17.54,17.61,17.68,17.77,17.88,17.98,18.04,18.09,18.14,18.18,18.24,18.31,18.39,18.47,18.52,18.56,18.59,18.63,18.67,18.72,18.78,18.85,18.90,18.93,18.96,18.98,19.00,19.04,19.08,19.13","1.4317,1.3883,1.1797,0.0001","1.5732,1.2324,1.0439,0.1504,0.0001,0.0001,0.0001,0.0000,0.0000,0.0000,0.0000,0.0000,0.0000,0.0000,0.0000,0.0000,0.0000,0.0000,0.0000,0.0000,0.0000,0.0000,0.0000,0.0000,0.0000,0.0000,0.0000,0.0000,0.0000,0.0000,0.0000,0.0000,0.0000,0.0000,0.0000,0.0000,0.0000,0.0000,0.0000,0.0000,0.0000,0.0000,0.0000,0.0000,0.0000,0.0000,0.0000,0.0000,0.0000,0.0000,0.0000,0.0000,0.0000,0.0000,0.0000,0.0000,0.0000,0.0000,0.0000,0.0000,0.0000,0.0000,0.0000,0.0000","12,7,12,12","55,55,55,55,55,55,55,55,55,55,55,55,55,55,55,55,55,55,55,55,55,55,55,55,55,55,55,55,55,55,55,55,55,55,55,55,55,55,55,55,55,55,55,55,55,55,55,55,55,55,55,55,55,55,55,55,55,55,55,55,55,55,55,55"
418,26.52,22.23,"11.12,12.37,13.12,13.61,13.92,14.12,14.29,14.62,14.78,15.00,15.25,15.46,15.62,15.76,15.94,16.18,16.26,16.37,16.52,16.67,16.79,16.89,16.99,17.15,17.21,17.27,17.37,17.49,17.59,17.68,17.75,17.85,17.92,17.97,18.03,18.12,18.21,18.29,18.35,18.42,18.51,18.56,18.59,18.66,18.74,18.82,18.88,18.92,19.02,19.07,19.10,19.14,19.20,19.28,19.34,19.39,19.48,19.54,19.56,19.59,19.64,19.71,19.77,19.82","1.4112,1.3799,1.2090,0.0001","1.6328,1.2754,1.0918,0.0001,0.0001,0.0001,0.0000,0.0000,0.0000,0.0000,0.0000,0.0000,0.0000,0.0000,0.0000,0.0000,0.0000,0.0000,0.0000,0.0000,0.0000,0.0000,0.0000,0.0000,0.0000,0.0000,0.0000,0.0000,0.0000,0.0000,0.0000,0.0000,0.0000,0.0000,0.0000,0.0000,0.0000,0.0000,0.0000,0.0000,0.0000,0.0000,0.0000,0.0000,0.0000,0.0000,0.0000,0.0000,0.0000,0.0000,0.0000,0.0000,0.0000,0.0000,0.0000,0.0000,0.0000,0.0000,0.0000,0.0000,0.0000,0.0000,0.0000,0.0000","12,4,12,4","55,55,55,55,55,55,55,55,55,55,55,55,55,55,55,55,55,55,55,55,55,55,55,55,55,55,55,55,55,55,55,55,55,55,55,55,55,55,55,55,55,55,55,55,55,55,55,55,55,55,55,55,55,55,55,55,55,55,55,55,55,55,55,55"
426,76.61,52.47,"11.65,19.13,23.40,26.10,28.25,29.97,31.14,31.86,32.47,32.91,33.39,33.81,34.26,34.65,35.06,35.47,35.80,36.06,36.33,36.59,36.84,37.08,37.32,37.59,37.82,38.01,38.19,38.38,38.56,38.73,38.90,39.10,39.27,39.42,39.56,39.71,39.84,39.98,40.11,40.27,40.40,40.52,40.63,40.76,40.87,40.98,41.09,41.21,41.32,41.43,41.52,41.63,41.72,41.82,41.91,42.02,42.11,42.20,42.28,42.38,42.45,42.53,42.61,42.70","0.4590,0.4589,0.4587,0.4585","1.0010,1.0001,0.9993,0.9993,0.0001,0.0000,0.0000,0.0000,0.0000,0.0000,0.0000,0.0000,0.0000,0.0000,0.0000,0.0000,0.0000,0.0000,0.0000,0.0000,0.0000,0.0000,0.0000,0.0000,0.0000,0.0000,0.0000,0.0000,0.0000,0.0000,0.0000,0.0000,0.0000,0.0000,0.0000,0.0000,0.0000,0.0000,0.0000,0.0000,0.0000,0.0000,0.0000,0.0000,0.0000,0.0000,0.0000,0.0000,0.0000,0.0000,0.0000,0.0000,0.0000,0.0000,0.0000,0.0000,0.0000,0.0000,0.0000,0.0000,0.0000,0.0000,0.0000,0.0000","0,0,0,9","33,33,33,33,33,33,33,33,33,33,33,33,33,33,33,33,33,33,33,33,33,33,33,33,33,33,33,33,33,33,33,33,33,33,33,33,33,33,33,33,33,33,33,33,33,33,33,33,33,33,33,33,33,33,33,33,33,33,33,33,33,33,33,33"
427,42.59,40.86,"10.70,14.25,16.43,18.10,19.11,20.18,20.62,21.48,21.91,22.28,22.53,22.86,23.14,23.59,23.92,24.27,24.51,24.74,24.87,25.07,25.29,25.54,25.78,26.01,26.23,26.41,26.58,26.72,26.89,27.08,27.29,27.47,27.66,27.78,27.89,28.00,28.15,28.29,28.47,28.60,28.72,28.82,28.93,29.00,29.12,29.21,29.34,29.45,29.56,29.65,29.76,29.83,29.93,30.03,30.16,30.26,30.33,30.41,30.51,30.56,30.65,30.72,30.82,30.91","0.8520,0.8495,0.8481,0.8154","1.0566,1.0196,0.9629,0.9614,0.0001,0.0001,0.0001,0.0001,0.0000,0.0000,0.0000,0.0000,0.0000,0.0000,0.0000,0.0000,0.0000,0.0000,0.0000,0.0000,0.0000,0.0000,0.0000,0.0000,0.0000,0.0000,0.0000,0.0000,0.0000,0.0000,0.0000,0.0000,0.0000,0.0000,0.0000,0.0000,0.0000,0.0000,0.0000,0.0000,0.0000,0.0000,0.0000,0.0000,0.0000,0.0000,0.0000,0.0000,0.0000,0.0000,0.0000,0.0000,0.0000,0.0000,0.0000,0.0000,0.0000,0.0000,0.0000,0.0000,0.0000,0.0000,0.0000,0.0000","5,5,5,5","25,25,25,25,25,25,25,25,25,25,25,25,25,25,25,25,25,25,25,25,25,25,25,25,25,25,25,25,25,25,25,25,25,25,25,25,25,25,25,25,25,25,25,25,25,25,25,25,25,25,25,25,25,25,25,25,25,25,25,25,25,25,25,25"
428,31.47,30.49,"10.88,12.34,13.67,14.64,15.42,16.15,16.81,17.38,17.81,18.09,18.28,18.45,18.64,18.86,19.11,19.39,19.63,19.82,19.95,20.06,20.17,20.30,20.47,20.66,20.73,20.80,20.92,21.00,21.03,21.05,21.08,21.15,21.17,21.21,21.26,21.30,21.32,21.35,21.38,21.49,21.56,21.70,21.85,21.97,22.04,22.11,22.21,22.32,22.44,22.54,22.63,22.68,22.74,22.81,22.88,22.97,23.06,23.15,23.22,23.28,23.33,23.38,23.45,23.52","1.0390,1.0296,0.9508,0.6675","1.4277,1.2461,1.2090,0.1164,0.0001,0.0001,0.0001,0.0000,0.0000,0.0000,0.0000,0.0000,0.0000,0.0000,0.0000,0.0000,0.0000,0.0000,0.0000,0.0000,0.0000,0.0000,0.0000,0.0000,0.0000,0.0000,0.0000,0.0000,0.0000,0.0000,0.0000,0.0000,0.0000,0.0000,0.0000,0.0000,0.0000,0.0000,0.0000,0.0000,0.0000,0.0000,0.0000,0.0000,0.0000,0.0000,0.0000,0.0000,0.0000,0.0000,0.0000,0.0000,0.0000,0.0000,0.0000,0.0000,0.0000,0.0000,0.0000,0.0000,0.0000,0.0000,0.0000,0.0000","1,1,8,1","33,33,33,33,33,33,33,33,33,33,33,33,33,33,33,33,33,33,33,33,33,33,33,33,33,17,33,17,17,17,17,33,17,17,17,17,17,17,17,33,33,33,33,33,33,33,33,33,33,33,33,33,33,33,33,33,33,33,33,33,33,33,33,33"
429,24.22,22.62,"11.62,12.83,13.58,14.09,14.44,14.77,15.08,15.34,15.62,15.86,16.07,16.26,16.44,16.63,16.81,16.97,17.15,17.31,17.45,17.56,17.67,17.79,17.91,18.03,18.16,18.28,18.38,18.46,18.54,18.62,18.71,18.80,18.90,19.00,19.08,19.15,19.21,19.27,19.35,19.42,19.50,19.58,19.65,19.71,19.76,19.81,19.86,19.93,19.99,20.06,20.12,20.17,20.21,20.25,20.30,20.34,20.41,20.46,20.52,20.56,20.60,20.63,20.67,20.72","1.5145,1.4442,1.0420,0.0001","2.0449,1.9551,0.0001,0.0001,0.0001,0.0001,0.0000,0.0000,0.0000,0.0000,0.0000,0.0000,0.0000,0.0000,0.0000,0.0000,0.0000,0.0000,0.0000,0.0000,0.0000,0.0000,0.0000,0.0000,0.0000,0.0000,0.0000,0.0000,0.0000,0.0000,0.0000,0.0000,0.0000,0.0000,0.0000,0.0000,0.0000,0.0000,0.0000,0.0000,0.0000,0.0000,0.0000,0.0000,0.0000,0.0000,0.0000,0.0000,0.0000,0.0000,0.0000,0.0000,0.0000,0.0000,0.0000,0.0000,0.0000,0.0000,0.0000,0.0000,0.0000,0.0000,0.0000,0.0000","15,15,15,15","32,32,32,32,32,32,32,32,32,32,32,32,32,32,32,32,32,32,32,32,32,32,32,32,32,32,32,32,32,32,32,32,32,32,32,32,32,32,32,32,32,32,32,32,32,32,32,32,32,32,32,32,32,32,32,32,32,32,32,32,32,32,32,32"
430,36.63,32.15,"11.49,15.17,16.86,17.67,18.36,18.89,19.40,20.08,20.55,20.93,21.31,21.58,21.87,22.17,22.45,22.80,23.09,23.34,23.55,23.73,23.90,24.07,24.25,24.49,24.71,24.90,25.05,25.17,25.29,25.41,25.54,25.72,25.91,26.06,26.18,26.28,26.37,26.46,26.57,26.70,26.86,26.99,27.08,27.17,27.24,27.32,27.41,27.51,27.65,27.76,27.85,27.92,27.98,28.05,28.11,28.20,28.33,28.43,28.51,28.57,28.63,28.68,28.74,28.81","1.0928,1.0917,1.0751,0.7396","1.1611,1.1240,0.9965,0.7183,0.0001,0.0001,0.0001,0.0000,0.0000,0.0000,0.0000,0.0000,0.0000,0.0000,0.0000,0.0000,0.0000,0.0000,0.0000,0.0000,0.0000,0.0000,0.0000,0.0000,0.0000,0.0000,0.0000,0.0000,0.0000,0.0000,0.0000,0.0000,0.0000,0.0000,0.0000,0.0000,0.0000,0.0000,0.0000,0.0000,0.0000,0.0000,0.0000,0.0000,0.0000,0.0000,0.0000,0.0000,0.0000,0.0000,0.0000,0.0000,0.0000,0.0000,0.0000,0.0000,0.0000,0.0000,0.0000,0.0000,0.0000,0.0000,0.0000,0.0000","15,5,15,15","32,32,32,32,32,32,32,32,32,32,32,32,32,32,32,32,32,32,32,32,32,32,32,32,32,32,32,32,32,32,32,32,32,32,32,32,32,32,32,32,32,32,32,32,32,32,32,32,32,32,32,32,32,32,32,32,32,32,32,32,32,32,32,32"
431,79.96,51.03,"10.76,17.15,21.70,24.56,27.07,28.49,29.28,30.36,31.13,31.55,32.00,32.38,32.74,33.04,33.38,33.90,34.33,34.55,34.78,34.99,35.18,35.37,35.56,35.84,36.13,36.27,36.42,36.55,36.69,36.81,36.93,37.11,37.32,37.43,37.53,37.63,37.73,37.82,37.90,38.02,38.18,38.28,38.36,38.43,38.51,38.58,38.64,38.72,38.87,38.97,39.02,39.08,39.15,39.21,39.26,39.32,39.47,39.56,39.62,39.67,39.73,39.78,39.83,39.88","0.4248,0.4247,0.4245,0.4244","1.0068,0.9991,0.9971,0.9971,0.0001,0.0001,0.0001,0.0001,0.0000,0.0000,0.0000,0.0000,0.0000,0.0000,0.0000,0.0000,0.0000,0.0000,0.0000,0.0000,0.0000,0.0000,0.0000,0.0000,0.0000,0.0000,0.0000,0.0000,0.0000,0.0000,0.0000,0.0000,0.0000,0.0000,0.0000,0.0000,0.0000,0.0000,0.0000,0.0000,0.0000,0.0000,0.0000,0.0000,0.0000,0.0000,0.0000,0.0000,0.0000,0.0000,0.0000,0.0000,0.0000,0.0000,0.0000,0.0000,0.0000,0.0000,0.0000,0.0000,0.0000,0.0000,0.0000,0.0000","1,9,1,9","32,32,32,32,32,32,32,32,32,32,32,32,32,32,32,32,32,32,32,32,32,32,32,32,32,32,32,32,32,32,32,32,32,32,32,32,32,32,32,32,32,32,32,32,32,32,32,32,32,32,32,32,32,32,32,32,32,32,32,32,32,32,32,32"
432,82.48,52.70,"11.74,18.07,21.66,24.23,26.46,28.09,29.52,30.93,31.68,32.04,32.45,32.81,33.19,33.55,33.87,34.45,34.86,35.08,35.30,35.51,35.71,35.94,36.11,36.42,36.69,36.86,36.99,37.13,37.27,37.43,37.55,37.74,37.94,38.08,38.17,38.27,38.36,38.49,38.59,38.70,38.88,39.01,39.08,39.15,39.22,39.33,39.43,39.51,39.69,39.82,39.88,39.93,39.99,40.10,40.20,40.27,40.48,40.61,40.67,40.73,40.79,40.90,41.00,41.08","0.4249,0.4246,0.4245,0.4243","1.0019,1.0010,1.0009,0.9961,0.0001,0.0001,0.0001,0.0000,0.0000,0.0000,0.0000,0.0000,0.0000,0.0000,0.0000,0.0000,0.0000,0.0000,0.0000,0.0000,0.0000,0.0000,0.0000,0.0000,0.0000,0.0000,0.0000,0.0000,0.0000,0.0000,0.0000,0.0000,0.0000,0.0000,0.0000,0.0000,0.0000,0.0000,0.0000,0.0000,0.0000,0.0000,0.0000,0.0000,0.0000,0.0000,0.0000,0.0000,0.0000,0.0000,0.0000,0.0000,0.0000,0.0000,0.0000,0.0000,0.0000,0.0000,0.0000,0.0000,0.0000,0.0000,0.0000,0.0000","0,0,8,0","33,33,33,33,33,33,33,33,33,33,33,33,33,33,33,33,33,33,33,33,33,33,33,33,33,33,33,33,33,33,33,33,33,33,33,33,33,33,33,33,33,33,33,33,33,33,33,33,33,33,33,33,33,33,33,33,33,33,33,33,33,33,33,33"
433,80.35,50.00,"9.78,15.14,19.01,21.34,22.55,23.29,23.94,25.04,25.76,26.38,26.84,27.20,27.53,27.78,28.08,28.57,28.97,29.31,29.55,29.76,29.96,30.11,30.26,30.54,30.81,31.04,31.20,31.34,31.47,31.57,31.66,31.85,32.05,32.21,32.33,32.43,32.52,32.60,32.67,32.79,32.96,33.09,33.18,33.25,33.34,33.40,33.45,33.54,33.71,33.81,33.88,33.94,34.02,34.08,34.13,34.21,34.38,34.47,34.54,34.61,34.68,34.74,34.79,34.86","0.4217,0.4214,0.4213,0.4212","1.0088,0.9981,0.9971,0.9961,0.0001,0.0001,0.0001,0.0001,0.0000,0.0000,0.0000,0.0000,0.0000,0.0000,0.0000,0.0000,0.0000,0.0000,0.0000,0.0000,0.0000,0.0000,0.0000,0.0000,0.0000,0.0000,0.0000,0.0000,0.0000,0.0000,0.0000,0.0000,0.0000,0.0000,0.0000,0.0000,0.0000,0.0000,0.0000,0.0000,0.0000,0.0000,0.0000,0.0000,0.0000,0.0000,0.0000,0.0000,0.0000,0.0000,0.0000,0.0000,0.0000,0.0000,0.0000,0.0000,0.0000,0.0000,0.0000,0.0000,0.0000,0.0000,0.0000,0.0000","5,5,13,5","25,31,25,31,25,25,25,25,25,31,31,25,25,25,25,25,25,31,31,25,25,25,25,25,25,31,31,25,25,25,25,25,25,31,31,25,25,25,25,25,25,31,31,25,25,25,25,25,25,31,31,25,25,25,25,25,25,25,25,25,25,25,25,25"
434,78.49,50.95,"10.81,17.18,21.77,24.72,25.87,27.03,27.91,28.59,29.20,29.60,30.06,30.52,30.95,31.32,31.73,32.26,32.62,32.89,33.15,33.40,33.64,33.84,34.04,34.33,34.58,34.76,34.95,35.10,35.26,35.40,35.52,35.72,35.91,36.06,36.20,36.31,36.43,36.53,36.62,36.74,36.90,37.04,37.16,37.25,37.34,37.42,37.49,37.57,37.73,37.87,37.98,38.06,38.12,38.20,38.26,38.33,38.48,38.62,38.72,38.79,38.84,38.91,38.97,39.02","0.4382,0.4381,0.4380,0.4375","1.0088,0.9993,0.9984,0.9932,0.0001,0.0001,0.0001,0.0000,0.0000,0.0000,0.0000,0.0000,0.0000,0.0000,0.0000,0.0000,0.0000,0.0000,0.0000,0.0000,0.0000,0.0000,0.0000,0.0000,0.0000,0.0000,0.0000,0.0000,0.0000,0.0000,0.0000,0.0000,0.0000,0.0000,0.0000,0.0000,0.0000,0.0000,0.0000,0.0000,0.0000,0.0000,0.0000,0.0000,0.0000,0.0000,0.0000,0.0000,0.0000,0.0000,0.0000,0.0000,0.0000,0.0000,0.0000,0.0000,0.0000,0.0000,0.0000,0.0000,0.0000,0.0000,0.0000,0.0000","5,5,12,5","33,39,33,39,33,39,39,33,33,39,39,39,33,33,33,33,33,39,39,39,33,33,33,33,33,33,39,39,33,33,33,33,33,33,39,33,33,33,33,33,33,33,39,39,33,33,33,33,33,33,39,39,33,33,33,33,33,33,39,39,33,33,33,33"
435,77.97,51.18,"11.95,19.12,23.60,26.27,28.28,29.54,30.52,31.85,32.66,33.04,33.40,33.74,34.11,34.41,34.76,35.33,35.79,36.00,36.21,36.41,36.61,36.78,37.00,37.30,37.61,37.77,37.90,38.05,38.18,38.29,38.45,38.63,38.86,38.99,39.09,39.10,39.10,39.03,39.31,39.31,39.50,39.62,39.71,39.71,39.79,39.86,39.97,40.05,40.24,40.36,40.43,40.49,40.56,40.57,40.57,40.57,40.78,40.90,40.98,41.05,41.12,41.12,41.12,41.13","0.4290,0.4289,0.4283,0.4282","1.0186,1.0156,0.9927,0.9732,0.0001,0.0001,0.0001,0.0001,0.0000,0.0000,0.0000,0.0000,0.0000,0.0000,0.0000,0.0000,0.0000,0.0000,0.0000,0.0000,0.0000,0.0000,0.0000,0.0000,0.0000,0.0000,0.0000,0.0000,0.0000,0.0000,0.0000,0.0000,0.0000,0.0000,0.0000,0.0000,0.0000,0.0000,0.0000,0.0000,0.0000,0.0000,0.0000,0.0000,0.0000,0.0000,0.0000,0.0000,0.0000,0.0000,0.0000,0.0000,0.0000,0.0000,0.0000,0.0000,0.0000,0.0000,0.0000,0.0000,0.0000,0.0000,0.0000,0.0000","4,4,4,12","32,32,32,32,32,32,32,32,32,32,32,32,32,32,32,32,32,32,32,32,32,32,32,32,32,32,32,32,32,32,32,32,32,32,32,42,38,32,32,26,32,32,32,38,32,32,32,32,32,32,32,32,32,38,26,38,32,32,32,32,32,26,38,26"
436,28.63,25.10,"11.44,12.55,13.21,13.67,14.02,14.43,14.88,15.33,15.71,15.95,16.13,16.28,16.43,16.61,16.82,17.06,17.29,17.45,17.57,17.65,17.74,17.85,17.98,18.13,18.31,18.41,18.48,18.53,18.59,18.65,18.74,18.85,18.99,19.08,19.14,19.18,19.20,19.25,19.32,19.41,19.52,19.60,19.65,19.70,19.74,19.78,19.83,19.89,19.98,20.05,20.11,20.15,20.18,20.21,20.25,20.29,20.39,20.45,20.50,20.54,20.57,20.60,20.64,20.68","1.0976,1.0790,0.9389,0.7716","1.4228,1.3633,0.6089,0.6055,0.0001,0.0001,0.0000,0.0000,0.0000,0.0000,0.0000,0.0000,0.0000,0.0000,0.0000,0.0000,0.0000,0.0000,0.0000,0.0000,0.0000,0.0000,0.0000,0.0000,0.0000,0.0000,0.0000,0.0000,0.0000,0.0000,0.0000,0.0000,0.0000,0.0000,0.0000,0.0000,0.0000,0.0000,0.0000,0.0000,0.0000,0.0000,0.0000,0.0000,0.0000,0.0000,0.0000,0.0000,0.0000,0.0000,0.0000,0.0000,0.0000,0.0000,0.0000,0.0000,0.0000,0.0000,0.0000,0.0000,0.0000,0.0000,0.0000,0.0000","12,12,12,12","40,40,40,40,40,40,40,40,40,40,40,40,40,40,40,40,40,40,40,40,40,40,40,40,40,40,40,40,40,40,40,40,40,40,40,40,40,40,40,40,40,40,40,40,40,40,40,40,40,40,40,40,40,40,40,40,40,40,40,40,40,40,40,40"
437,43.07,41.51,"11.28,19.48,21.05,22.59,23.69,24.62,25.41,26.00,26.46,26.92,27.28,27.57,27.87,28.19,28.51,28.79,29.06,29.33,29.52,29.70,29.89,30.08,30.27,30.46,30.66,30.84,30.98,31.11,31.24,31.37,31.52,31.67,31.82,31.96,32.07,32.16,32.26,32.38,32.48,32.60,32.73,32.84,32.93,33.01,33.09,33.17,33.27,33.38,33.48,33.56,33.63,33.70,33.77,33.85,33.93,34.02,34.08,34.16,34.22,34.29,34.37,34.41,34.48,34.55","0.9014,0.9009,0.8612,0.7809","1.3193,1.3076,1.2470,0.1263,0.0001,0.0001,0.0001,0.0000,0.0000,0.0000,0.0000,0.0000,0.0000,0.0000,0.0000,0.0000,0.0000,0.0000,0.0000,0.0000,0.0000,0.0000,0.0000,0.0000,0.0000,0.0000,0.0000,0.0000,0.0000,0.0000,0.0000,0.0000,0.0000,0.0000,0.0000,0.0000,0.0000,0.0000,0.0000,0.0000,0.0000,0.0000,0.0000,0.0000,0.0000,0.0000,0.0000,0.0000,0.0000,0.0000,0.0000,0.0000,0.0000,0.0000,0.0000,0.0000,0.0000,0.0000,0.0000,0.0000,0.0000,0.0000,0.0000,0.0000","3,3,5,3","32,32,32,32,32,32,32,32,32,32,32,32,32,32,32,32,32,32,32,32,32,32,32,32,32,32,32,32,32,32,32,32,32,32,32,32,32,32,32,32,32,32,32,32,32,32,32,32,32,32,32,32,32,32,32,32,32,32,32,32,32,32,32,32"
438,25.60,21.44,"11.62,12.99,13.83,14.40,14.77,15.00,15.17,15.38,15.57,15.78,15.98,16.17,16.34,16.50,16.67,16.85,16.98,17.11,17.23,17.34,17.44,17.55,17.68,17.81,17.90,18.00,18.08,18.17,18.24,18.33,18.42,18.52,18.60,18.67,18.74,18.81,18.87,18.94,19.01,19.09,19.17,19.24,19.30,19.36,19.41,19.46,19.53,19.61,19.69,19.75,19.80,19.85,19.90,19.95,20.00,20.07,20.15,20.21,20.25,20.30,20.34,20.38,20.43,20.49","1.0869,1.0294,0.7568,0.5922","1.5205,1.2227,0.7617,0.4951,0.0001,0.0001,0.0000,0.0000,0.0000,0.0000,0.0000,0.0000,0.0000,0.0000,0.0000,0.0000,0.0000,0.0000,0.0000,0.0000,0.0000,0.0000,0.0000,0.0000,0.0000,0.0000,0.0000,0.0000,0.0000,0.0000,0.0000,0.0000,0.0000,0.0000,0.0000,0.0000,0.0000,0.0000,0.0000,0.0000,0.0000,0.0000,0.0000,0.0000,0.0000,0.0000,0.0000,0.0000,0.0000,0.0000,0.0000,0.0000,0.0000,0.0000,0.0000,0.0000,0.0000,0.0000,0.0000,0.0000,0.0000,0.0000,0.0000,0.0000","15,4,15,15","39,39,39,39,39,39,39,39,39,39,39,39,39,39,39,39,39,39,39,39,39,39,39,39,39,39,39,39,39,39,39,39,39,39,39,39,39,39,39,39,39,39,39,39,39,39,39,39,39,39,39,39,39,39,39,39,39,39,39,39,39,39,39,39"
439,25.44,22.25,"10.72,12.03,12.83,13.37,13.74,13.98,14.13,14.29,14.49,14.69,14.89,15.08,15.25,15.41,15.56,15.71,15.85,15.98,16.10,16.21,16.32,16.43,16.54,16.65,16.76,16.86,16.95,17.03,17.11,17.19,17.27,17.36,17.45,17.53,17.60,17.66,17.71,17.77,17.82,17.89,17.96,18.02,18.07,18.12,18.15,18.19,18.25,18.30,18.37,18.40,18.45,18.48,18.46,18.49,18.53,18.59,18.64,18.68,18.72,18.76,18.79,18.82,18.86,18.90","1.2501,1.2002,0.8970,0.6307","1.6455,1.5537,0.8003,0.0001,0.0001,0.0001,0.0000,0.0000,0.0000,0.0000,0.0000,0.0000,0.0000,0.0000,0.0000,0.0000,0.0000,0.0000,0.0000,0.0000,0.0000,0.0000,0.0000,0.0000,0.0000,0.0000,0.0000,0.0000,0.0000,0.0000,0.0000,0.0000,0.0000,0.0000,0.0000,0.0000,0.0000,0.0000,0.0000,0.0000,0.0000,0.0000,0.0000,0.0000,0.0000,0.0000,0.0000,0.0000,0.0000,0.0000,0.0000,0.0000,0.0000,0.0000,0.0000,0.0000,0.0000,0.0000,0.0000,0.0000,0.0000,0.0000,0.0000,0.0000","15,15,15,15","40,40,40,40,40,40,40,40,40,40,40,40,40,40,40,40,40,40,40,40,40,40,40,40,40,40,40,40,40,40,40,40,40,40,40,40,40,40,40,40,40,40,40,40,40,40,40,40,40,38,40,40,40,40,40,40,40,40,40,40,40,40,40,40"
440,27.32,23.93,"11.91,13.20,14.00,14.60,15.13,15.55,15.97,16.42,16.72,16.95,17.17,17.36,17.53,17.70,17.80,18.03,18.22,18.33,18.44,18.57,18.68,18.82,18.92,19.07,19.21,19.30,19.38,19.47,19.56,19.64,19.72,19.83,19.94,20.01,20.08,20.15,20.23,20.27,20.36,20.44,20.54,20.60,20.66,20.72,20.78,20.85,20.90,20.97,21.06,21.11,21.16,21.22,21.27,21.32,21.37,21.40,21.44,21.53,21.57,21.62,21.67,21.71,21.76,21.81","1.1200,1.0840,0.9561,0.8002","1.4736,1.4101,1.1162,0.0001,0.0001,0.0001,0.0000,0.0000,0.0000,0.0000,0.0000,0.0000,0.0000,0.0000,0.0000,0.0000,0.0000,0.0000,0.0000,0.0000,0.0000,0.0000,0.0000,0.0000,0.0000,0.0000,0.0000,0.0000,0.0000,0.0000,0.0000,0.0000,0.0000,0.0000,0.0000,0.0000,0.0000,0.0000,0.0000,0.0000,0.0000,0.0000,0.0000,0.0000,0.0000,0.0000,0.0000,0.0000,0.0000,0.0000,0.0000,0.0000,0.0000,0.0000,0.0000,0.0000,0.0000,0.0000,0.0000,0.0000,0.0000,0.0000,0.0000,0.0000","0,8,0,0","39,39,39,39,39,39,39,39,39,39,39,39,39,39,39,39,39,39,39,39,39,39,39,39,39,39,39,39,39,39,39,39,39,39,39,39,39,39,39,39,39,39,39,39,39,39,39,39,39,39,39,39,39,39,39,47,39,39,39,39,39,39,39,39"
441,38.77,34.25,"9.68,13.04,14.84,15.80,16.51,17.16,17.56,18.03,18.47,18.82,19.13,19.45,19.73,20.00,20.24,20.45,20.65,20.83,21.04,21.27,21.47,21.63,21.77,21.92,22.06,22.19,22.33,22.48,22.62,22.74,22.84,22.95,23.05,23.16,23.28,23.42,23.54,23.64,23.73,23.82,23.95,24.07,24.20,24.31,24.40,24.48,24.55,24.63,24.74,24.85,24.95,25.04,25.11,25.17,25.24,25.31,25.41,25.50,25.58,25.66,25.73,25.78,25.85,25.92","0.8799,0.8788,0.8393,0.8203","1.1026,0.9780,0.9653,0.9541,0.0001,0.0001,0.0001,0.0000,0.0000,0.0000,0.0000,0.0000,0.0000,0.0000,0.0000,0.0000,0.0000,0.0000,0.0000,0.0000,0.0000,0.0000,0.0000,0.0000,0.0000,0.0000,0.0000,0.0000,0.0000,0.0000,0.0000,0.0000,0.0000,0.0000,0.0000,0.0000,0.0000,0.0000,0.0000,0.0000,0.0000,0.0000,0.0000,0.0000,0.0000,0.0000,0.0000,0.0000,0.0000,0.0000,0.0000,0.0000,0.0000,0.0000,0.0000,0.0000,0.0000,0.0000,0.0000,0.0000,0.0000,0.0000,0.0000,0.0000","12,4,12,4","23,48,23,23,48,23,23,48,48,48,23,23,23,48,48,48,48,48,23,23,23,23,48,48,48,48,23,23,23,23,48,48,48,48,23,23,23,23,23,23,23,23,23,23,23,23,23,23,23,23,23,23,23,23,48,23,23,23,23,23,23,23,23,23"
442,25.92,22.96,"10.90,12.22,13.06,13.66,14.09,14.40,14.64,14.95,15.13,15.31,15.50,15.69,15.88,16.09,16.31,16.56,16.66,16.77,16.88,16.99,17.13,17.28,17.45,17.63,17.70,17.77,17.85,17.94,18.04,18.17,18.30,18.45,18.51,18.55,18.60,18.69,18.79,18.90,19.01,19.12,19.19,19.26,19.33,19.41,19.50,19.60,19.71,19.81,19.88,19.94,20.01,20.08,20.18,20.27,20.37,20.46,20.50,20.55,20.59,20.68,20.76,20.86,20.95,21.03","1.4273,1.3987,1.1739,0.0001","1.5303,1.4297,1.0400,0.0001,0.0001,0.0001,0.0000,0.0000,0.0000,0.0000,0.0000,0.0000,0.0000,0.0000,0.0000,0.0000,0.0000,0.0000,0.0000,0.0000,0.0000,0.0000,0.0000,0.0000,0.0000,0.0000,0.0000,0.0000,0.0000,0.0000,0.0000,0.0000,0.0000,0.0000,0.0000,0.0000,0.0000,0.0000,0.0000,0.0000,0.0000,0.0000,0.0000,0.0000,0.0000,0.0000,0.0000,0.0000,0.0000,0.0000,0.0000,0.0000,0.0000,0.0000,0.0000,0.0000,0.0000,0.0000,0.0000,0.0000,0.0000,0.0000,0.0000,0.0000","12,4,12,12","16,16,16,16,16,16,16,16,16,16,16,16,16,16,16,16,16,16,16,16,16,16,16,16,16,16,16,16,16,16,16,16,16,16,16,16,16,16,16,16,16,16,16,16,16,16,16,16,16,16,16,16,16,16,16,16,16,16,16,16,16,16,16,16"
443,24.63,22.24,"11.62,12.91,13.74,14.34,14.80,15.17,15.51,15.85,16.16,16.37,16.55,16.74,16.93,17.13,17.34,17.58,17.81,17.95,18.06,18.18,18.30,18.43,18.58,18.76,18.93,19.04,19.12,19.20,19.29,19.39,19.50,19.64,19.76,19.85,19.92,19.98,20.04,20.11,20.19,20.33,20.41,20.47,20.52,20.58,20.62,20.68,20.73,20.84,20.91,20.96,21.00,21.03,21.07,21.11,21.16,21.24,21.29,21.32,21.34,21.35,21.36,21.40,21.43,21.49","1.4540,1.3895,1.1553,0.0001","2.0625,1.9385,0.0001,0.0001,0.0001,0.0001,0.0000,0.0000,0.0000,0.0000,0.0000,0.0000,0.0000,0.0000,0.0000,0.0000,0.0000,0.0000,0.0000,0.0000,0.0000,0.0000,0.0000,0.0000,0.0000,0.0000,0.0000,0.0000,0.0000,0.0000,0.0000,0.0000,0.0000,0.0000,0.0000,0.0000,0.0000,0.0000,0.0000,0.0000,0.0000,0.0000,0.0000,0.0000,0.0000,0.0000,0.0000,0.0000,0.0000,0.0000,0.0000,0.0000,0.0000,0.0000,0.0000,0.0000,0.0000,0.0000,0.0000,0.0000,0.0000,0.0000,0.0000,0.0000","12,12,12,12","23,23,23,23,23,23,23,23,23,23,23,23,23,23,23,23,23,23,23,23,23,23,23,23,23,23,23,23,23,23,23,23,23,23,23,23,23,23,23,23,23,23,23,23,23,23,23,23,23,23,23,23,23,23,23,23,23,23,21,23,23,23,23,23"
444,35.59,31.50,"9.10,10.74,11.88,12.75,13.44,13.92,14.24,14.49,14.73,14.95,15.14,15.35,15.59,15.80,15.99,16.14,16.32,16.46,16.60,16.74,16.89,17.03,17.15,17.26,17.39,17.50,17.62,17.74,17.85,17.95,18.04,18.12,18.22,18.32,18.41,18.51,18.60,18.68,18.75,18.81,18.89,18.97,19.05,19.12,19.19,19.25,19.31,19.36,19.43,19.49,19.55,19.62,19.68,19.73,19.77,19.82,19.87,19.92,19.98,20.03,20.08,20.13,20.16,20.21","0.9452,0.9444,0.8505,0.7429","1.2881,1.2022,0.9326,0.5776,0.0001,0.0001,0.0001,0.0000,0.0000,0.0000,0.0000,0.0000,0.0000,0.0000,0.0000,0.0000,0.0000,0.0000,0.0000,0.0000,0.0000,0.0000,0.0000,0.0000,0.0000,0.0000,0.0000,0.0000,0.0000,0.0000,0.0000,0.0000,0.0000,0.0000,0.0000,0.0000,0.0000,0.0000,0.0000,0.0000,0.0000,0.0000,0.0000,0.0000,0.0000,0.0000,0.0000,0.0000,0.0000,0.0000,0.0000,0.0000,0.0000,0.0000,0.0000,0.0000,0.0000,0.0000,0.0000,0.0000,0.0000,0.0000,0.0000,0.0000","0,8,0,0","31,31,31,31,31,31,31,31,31,31,31,31,31,31,31,31,31,31,31,31,31,31,31,31,31,31,47,47,31,31,31,31,31,31,47,47,47,31,31,31,31,31,47,47,31,47,31,31,31,31,47,47,47,31,31,31,31,31,47,47,47,47,47,31"
445,34.10,28.35,"8.37,10.26,11.44,12.26,12.82,13.20,13.43,13.56,13.62,13.74,13.93,14.14,14.33,14.49,14.59,14.65,14.69,14.78,14.89,15.01,15.13,15.24,15.32,15.38,15.45,15.53,15.61,15.70,15.79,15.87,15.94,16.00,16.09,16.16,16.23,16.29,16.36,16.43,16.50,16.56,16.64,16.70,16.75,16.80,16.86,16.92,16.98,17.04,17.12,17.17,17.21,17.25,17.30,17.35,17.41,17.46,17.53,17.57,17.60,17.63,17.67,17.72,17.77,17.83","1.0859,1.0839,0.9620,0.8687","1.4766,1.3037,0.9717,0.2479,0.0001,0.0001,0.0001,0.0000,0.0000,0.0000,0.0000,0.0000,0.0000,0.0000,0.0000,0.0000,0.0000,0.0000,0.0000,0.0000,0.0000,0.0000,0.0000,0.0000,0.0000,0.0000,0.0000,0.0000,0.0000,0.0000,0.0000,0.0000,0.0000,0.0000,0.0000,0.0000,0.0000,0.0000,0.0000,0.0000,0.0000,0.0000,0.0000,0.0000,0.0000,0.0000,0.0000,0.0000,0.0000,0.0000,0.0000,0.0000,0.0000,0.0000,0.0000,0.0000,0.0000,0.0000,0.0000,0.0000,0.0000,0.0000,0.0000,0.0000","15,1,9,1","16,16,16,16,16,16,16,16,16,16,16,16,16,16,16,16,16,16,16,16,16,16,16,16,16,16,16,16,16,16,16,16,16,16,16,16,16,16,16,16,16,16,16,16,16,16,16,16,16,16,16,16,16,16,16,16,16,16,16,16,16,16,16,16"
446,38.28,34.48,"10.05,13.00,14.42,15.17,15.84,16.42,16.84,17.18,17.51,17.90,18.27,18.59,18.85,19.11,19.34,19.53,19.75,19.95,20.15,20.35,20.53,20.68,20.81,20.93,21.09,21.23,21.37,21.51,21.64,21.75,21.85,21.94,22.07,22.18,22.29,22.43,22.56,22.67,22.76,22.84,22.99,23.17,23.34,23.49,23.62,23.72,23.79,23.86,24.01,24.17,24.31,24.44,24.54,24.61,24.69,24.75,24.88,25.01,25.12,25.23,25.32,25.39,25.44,25.49","1.0087,1.0078,0.9891,0.8574","1.1055,1.0488,0.9707,0.8745,0.0001,0.0001,0.0001,0.0000,0.0000,0.0000,0.0000,0.0000,0.0000,0.0000,0.0000,0.0000,0.0000,0.0000,0.0000,0.0000,0.0000,0.0000,0.0000,0.0000,0.0000,0.0000,0.0000,0.0000,0.0000,0.0000,0.0000,0.0000,0.0000,0.0000,0.0000,0.0000,0.0000,0.0000,0.0000,0.0000,0.0000,0.0000,0.0000,0.0000,0.0000,0.0000,0.0000,0.0000,0.0000,0.0000,0.0000,0.0000,0.0000,0.0000,0.0000,0.0000,0.0000,0.0000,0.0000,0.0000,0.0000,0.0000,0.0000,0.0000","0,8,0,8","31,56,31,31,56,56,56,56,56,31,31,31,31,56,56,56,56,56,31,31,31,56,56,56,56,56,31,31,31,56,56,56,56,56,31,31,31,31,56,56,31,31,31,31,31,31,31,56,31,31,31,31,31,31,56,56,31,31,31,31,31,56,31,56"
447,34.56,28.58,"9.18,10.72,11.74,12.61,13.25,13.70,14.12,14.43,14.72,14.96,15.17,15.40,15.66,15.92,16.14,16.33,16.55,16.70,16.84,17.00,17.17,17.35,17.50,17.64,17.80,17.92,18.03,18.15,18.28,18.41,18.53,18.64,18.76,18.86,18.94,19.04,19.14,19.24,19.34,19.44,19.54,19.62,19.69,19.77,19.85,19.93,20.01,20.10,20.18,20.24,20.31,20.37,20.43,20.50,20.57,20.66,20.73,20.79,20.84,20.89,20.93,20.99,21.06,21.14","0.9057,0.9025,0.8770,0.7291","1.0967,1.0283,0.9961,0.8794,0.0001,0.0001,0.0001,0.0001,0.0000,0.0000,0.0000,0.0000,0.0000,0.0000,0.0000,0.0000,0.0000,0.0000,0.0000,0.0000,0.0000,0.0000,0.0000,0.0000,0.0000,0.0000,0.0000,0.0000,0.0000,0.0000,0.0000,0.0000,0.0000,0.0000,0.0000,0.0000,0.0000,0.0000,0.0000,0.0000,0.0000,0.0000,0.0000,0.0000,0.0000,0.0000,0.0000,0.0000,0.0000,0.0000,0.0000,0.0000,0.0000,0.0000,0.0000,0.0000,0.0000,0.0000,0.0000,0.0000,0.0000,0.0000,0.0000,0.0000","8,0,0,0","16,16,16,16,16,16,16,16,16,16,16,16,16,16,16,16,16,16,16,16,16,16,16,16,16,16,16,16,16,16,16,16,16,16,16,16,16,16,16,16,16,16,16,16,16,16,16,16,16,16,16,16,16,16,16,16,16,16,16,16,16,16,16,16"
448,32.18,27.74,"10.58,12.03,12.96,13.78,14.57,15.20,15.66,15.95,16.30,16.55,16.75,16.96,17.20,17.46,17.70,17.87,18.05,18.19,18.30,18.43,18.57,18.73,18.90,19.01,19.12,19.21,19.30,19.38,19.48,19.59,19.71,19.80,19.87,19.93,20.00,20.06,20.13,20.21,20.29,20.36,20.41,20.46,20.50,20.55,20.61,20.66,20.73,20.78,20.80,20.85,20.90,20.93,20.96,21.01,21.05,21.09,21.12,21.15,21.18,21.21,21.24,21.27,21.29,21.33","1.1249,1.1221,1.0792,0.6742","1.3174,1.1992,0.9844,0.4986,0.0001,0.0001,0.0000,0.0000,0.0000,0.0000,0.0000,0.0000,0.0000,0.0000,0.0000,0.0000,0.0000,0.0000,0.0000,0.0000,0.0000,0.0000,0.0000,0.0000,0.0000,0.0000,0.0000,0.0000,0.0000,0.0000,0.0000,0.0000,0.0000,0.0000,0.0000,0.0000,0.0000,0.0000,0.0000,0.0000,0.0000,0.0000,0.0000,0.0000,0.0000,0.0000,0.0000,0.0000,0.0000,0.0000,0.0000,0.0000,0.0000,0.0000,0.0000,0.0000,0.0000,0.0000,0.0000,0.0000,0.0000,0.0000,0.0000,0.0000","11,0,0,0","23,23,23,23,23,23,23,23,23,23,23,23,23,23,23,23,23,23,23,23,23,23,23,23,23,23,23,23,23,23,23,23,23,23,23,23,23,23,23,23,23,23,23,23,23,23,23,23,23,23,23,23,23,23,23,23,23,23,23,23,23,23,23,23"
449,25.82,22.81,"10.97,12.24,13.03,13.72,14.47,15.16,15.74,16.22,16.63,16.92,17.13,17.32,17.52,17.75,17.99,18.22,18.44,18.61,18.74,18.86,18.98,19.12,19.27,19.43,19.57,19.69,19.78,19.86,19.95,20.05,20.16,20.29,20.39,20.47,20.53,20.60,20.67,20.74,20.84,20.94,21.02,21.08,21.13,21.17,21.22,21.28,21.36,21.45,21.51,21.56,21.60,21.63,21.67,21.72,21.79,21.86,21.93,21.97,22.00,22.03,22.05,22.09,22.15,22.21","1.4317,1.4102,0.9839,0.1743","2.0235,1.9776,0.0001,0.0001,0.0001,0.0001,0.0000,0.0000,0.0000,0.0000,0.0000,0.0000,0.0000,0.0000,0.0000,0.0000,0.0000,0.0000,0.0000,0.0000,0.0000,0.0000,0.0000,0.0000,0.0000,0.0000,0.0000,0.0000,0.0000,0.0000,0.0000,0.0000,0.0000,0.0000,0.0000,0.0000,0.0000,0.0000,0.0000,0.0000,0.0000,0.0000,0.0000,0.0000,0.0000,0.0000,0.0000,0.0000,0.0000,0.0000,0.0000,0.0000,0.0000,0.0000,0.0000,0.0000,0.0000,0.0000,0.0000,0.0000,0.0000,0.0000,0.0000,0.0000","11,0,11,11","23,23,23,23,23,23,23,23,23,23,23,23,23,23,23,23,23,23,23,23,23,23,23,23,23,23,23,23,23,23,23,23,23,23,23,23,23,23,23,23,23,23,23,23,23,23,23,23,23,23,23,23,23,23,23,23,23,23,23,23,23,23,23,23"
450,25.98,22.91,"10.92,12.26,13.11,13.75,14.38,14.96,15.47,15.90,16.25,16.48,16.66,16.86,17.07,17.32,17.59,17.86,18.03,18.16,18.27,18.39,18.53,18.70,18.89,19.09,19.20,19.28,19.36,19.44,19.55,19.68,19.83,20.00,20.07,20.12,20.18,20.25,20.34,20.44,20.58,20.72,20.77,20.80,20.84,20.90,20.97,21.06,21.17,21.30,21.32,21.34,21.39,21.44,21.50,21.59,21.67,21.78,21.83,21.88,21.93,21.97,22.02,22.09,22.18,22.27","1.3634,1.3300,1.1386,0.1683","1.7295,1.6689,0.6011,0.0001,0.0001,0.0001,0.0000,0.0000,0.0000,0.0000,0.0000,0.0000,0.0000,0.0000,0.0000,0.0000,0.0000,0.0000,0.0000,0.0000,0.0000,0.0000,0.0000,0.0000,0.0000,0.0000,0.0000,0.0000,0.0000,0.0000,0.0000,0.0000,0.0000,0.0000,0.0000,0.0000,0.0000,0.0000,0.0000,0.0000,0.0000,0.0000,0.0000,0.0000,0.0000,0.0000,0.0000,0.0000,0.0000,0.0000,0.0000,0.0000,0.0000,0.0000,0.0000,0.0000,0.0000,0.0000,0.0000,0.0000,0.0000,0.0000,0.0000,0.0000","11,0,11,11","15,15,15,15,15,15,15,15,15,15,15,15,15,15,15,15,15,15,15,15,15,15,15,15,15,15,15,15,15,15,15,15,15,15,15,15,15,15,15,15,15,15,15,15,15,15,15,15,15,15,15,15,15,15,15,15,15,15,15,15,15,15,15,15"
451,24.96,21.58,"12.28,13.46,14.16,14.64,15.01,15.52,16.04,16.50,16.77,17.02,17.23,17.41,17.57,17.74,17.92,18.11,18.22,18.34,18.47,18.59,18.68,18.77,18.86,18.95,19.00,19.06,19.15,19.24,19.32,19.38,19.43,19.48,19.52,19.57,19.62,19.70,19.77,19.83,19.89,19.91,19.96,20.03,20.07,20.13,20.20,20.26,20.32,20.38,20.47,20.54,20.59,20.65,20.70,20.78,20.86,20.93,21.05,21.13,21.20,21.23,21.29,21.35,21.44,21.52","1.2216,1.1387,0.9322,0.7069","2.0703,1.9307,0.0001,0.0001,0.0001,0.0001,0.0000,0.0000,0.0000,0.0000,0.0000,0.0000,0.0000,0.0000,0.0000,0.0000,0.0000,0.0000,0.0000,0.0000,0.0000,0.0000,0.0000,0.0000,0.0000,0.0000,0.0000,0.0000,0.0000,0.0000,0.0000,0.0000,0.0000,0.0000,0.0000,0.0000,0.0000,0.0000,0.0000,0.0000,0.0000,0.0000,0.0000,0.0000,0.0000,0.0000,0.0000,0.0000,0.0000,0.0000,0.0000,0.0000,0.0000,0.0000,0.0000,0.0000,0.0000,0.0000,0.0000,0.0000,0.0000,0.0000,0.0000,0.0000","11,11,11,11","15,15,15,15,15,15,15,15,15,15,15,15,15,15,15,15,15,15,15,15,15,15,15,15,15,15,15,15,15,15,15,15,15,15,15,15,15,15,15,15,15,15,15,15,15,15,15,15,15,15,15,15,15,15,15,15,15,15,15,15,15,15,15,15"
452,26.01,23.05,"10.45,11.89,12.84,13.54,14.04,14.41,14.66,14.90,15.07,15.24,15.47,15.73,15.94,16.10,16.25,16.50,16.68,16.82,17.00,17.19,17.35,17.46,17.56,17.74,17.90,18.04,18.20,18.35,18.48,18.57,18.64,18.77,18.92,19.04,19.18,19.32,19.41,19.48,19.55,19.64,19.78,19.90,20.01,20.12,20.21,20.27,20.32,20.40,20.51,20.62,20.72,20.81,20.89,20.95,20.99,21.04,21.15,21.24,21.33,21.42,21.47,21.53,21.55,21.61","1.2510,1.2217,0.8561,0.6719","2.0273,1.9716,0.0001,0.0001,0.0001,0.0001,0.0000,0.0000,0.0000,0.0000,0.0000,0.0000,0.0000,0.0000,0.0000,0.0000,0.0000,0.0000,0.0000,0.0000,0.0000,0.0000,0.0000,0.0000,0.0000,0.0000,0.0000,0.0000,0.0000,0.0000,0.0000,0.0000,0.0000,0.0000,0.0000,0.0000,0.0000,0.0000,0.0000,0.0000,0.0000,0.0000,0.0000,0.0000,0.0000,0.0000,0.0000,0.0000,0.0000,0.0000,0.0000,0.0000,0.0000,0.0000,0.0000,0.0000,0.0000,0.0000,0.0000,0.0000,0.0000,0.0000,0.0000,0.0000","12,12,12,12","7,7,7,7,7,7,7,7,7,7,7,7,7,7,7,7,7,7,7,7,7,7,7,7,7,7,7,7,7,7,7,7,7,7,7,7,7,7,7,7,7,7,7,7,7,7,7,7,7,7,7,7,7,7,7,7,7,7,7,7,7,7,7,7"
453,23.73,20.70,"11.59,12.76,13.47,13.95,14.30,14.54,14.71,14.81,14.99,15.18,15.38,15.56,15.71,15.84,15.95,16.05,16.20,16.35,16.48,16.59,16.70,16.80,16.90,16.99,17.13,17.25,17.34,17.43,17.51,17.59,17.66,17.74,17.86,17.96,18.04,18.11,18.17,18.22,18.29,18.35,18.45,18.53,18.60,18.65,18.69,18.74,18.78,18.83,18.92,19.00,19.05,19.11,19.15,19.21,19.25,19.30,19.39,19.45,19.52,19.58,19.63,19.68,19.72,19.77","1.3457,1.1984,1.0605,0.3953","1.7451,1.3408,0.9140,0.0001,0.0001,0.0001,0.0000,0.0000,0.0000,0.0000,0.0000,0.0000,0.0000,0.0000,0.0000,0.0000,0.0000,0.0000,0.0000,0.0000,0.0000,0.0000,0.0000,0.0000,0.0000,0.0000,0.0000,0.0000,0.0000,0.0000,0.0000,0.0000,0.0000,0.0000,0.0000,0.0000,0.0000,0.0000,0.0000,0.0000,0.0000,0.0000,0.0000,0.0000,0.0000,0.0000,0.0000,0.0000,0.0000,0.0000,0.0000,0.0000,0.0000,0.0000,0.0000,0.0000,0.0000,0.0000,0.0000,0.0000,0.0000,0.0000,0.0000,0.0000","11,3,11,11","15,15,15,15,15,15,15,15,15,15,15,15,15,15,15,15,15,15,15,15,15,15,15,15,15,15,15,15,15,15,15,15,15,15,15,15,15,15,15,15,15,15,15,15,15,15,15,15,15,15,15,15,15,15,15,15,15,15,15,15,15,15,15,15"
454,21.88,19.56,"10.43,11.56,12.26,12.75,13.12,13.39,13.58,13.71,13.86,14.03,14.20,14.37,14.51,14.64,14.73,14.80,14.88,14.97,15.07,15.17,15.26,15.35,15.41,15.46,15.51,15.57,15.64,15.71,15.77,15.84,15.89,15.92,15.96,16.00,16.05,16.11,16.16,16.20,16.25,16.28,16.30,16.33,16.38,16.41,16.46,16.49,16.52,16.55,16.57,16.59,16.62,16.65,16.69,16.72,16.74,16.77,16.79,16.82,16.85,16.88,16.92,16.96,16.98,17.01","1.6218,1.2725,1.1055,0.0001","2.3457,1.6552,0.0001,0.0001,0.0001,0.0001,0.0000,0.0000,0.0000,0.0000,0.0000,0.0000,0.0000,0.0000,0.0000,0.0000,0.0000,0.0000,0.0000,0.0000,0.0000,0.0000,0.0000,0.0000,0.0000,0.0000,0.0000,0.0000,0.0000,0.0000,0.0000,0.0000,0.0000,0.0000,0.0000,0.0000,0.0000,0.0000,0.0000,0.0000,0.0000,0.0000,0.0000,0.0000,0.0000,0.0000,0.0000,0.0000,0.0000,0.0000,0.0000,0.0000,0.0000,0.0000,0.0000,0.0000,0.0000,0.0000,0.0000,0.0000,0.0000,0.0000,0.0000,0.0000","8,8,8,8","14,14,14,14,14,14,14,14,14,14,14,14,14,14,14,14,14,14,14,14,14,14,14,14,14,14,14,14,14,14,14,14,14,14,14,14,14,14,14,14,14,14,14,14,14,14,14,14,14,14,14,14,14,14,14,14,14,14,14,14,14,14,14,14"
455,24.45,20.84,"10.60,11.95,12.82,13.44,13.91,14.25,14.49,14.65,14.75,14.91,15.08,15.26,15.43,15.59,15.75,15.91,16.04,16.17,16.28,16.39,16.50,16.63,16.77,16.92,17.05,17.15,17.23,17.31,17.39,17.49,17.62,17.75,17.85,17.91,17.97,18.04,18.11,18.20,18.29,18.40,18.47,18.52,18.56,18.61,18.67,18.74,18.82,18.89,18.95,18.98,19.02,19.07,19.11,19.16,19.22,19.27,19.31,19.33,19.36,19.39,19.43,19.48,19.51,19.54","1.4484,1.3650,1.1865,0.0001","2.1152,1.8838,0.0001,0.0001,0.0001,0.0001,0.0000,0.0000,0.0000,0.0000,0.0000,0.0000,0.0000,0.0000,0.0000,0.0000,0.0000,0.0000,0.0000,0.0000,0.0000,0.0000,0.0000,0.0000,0.0000,0.0000,0.0000,0.0000,0.0000,0.0000,0.0000,0.0000,0.0000,0.0000,0.0000,0.0000,0.0000,0.0000,0.0000,0.0000,0.0000,0.0000,0.0000,0.0000,0.0000,0.0000,0.0000,0.0000,0.0000,0.0000,0.0000,0.0000,0.0000,0.0000,0.0000,0.0000,0.0000,0.0000,0.0000,0.0000,0.0000,0.0000,0.0000,0.0000","8,8,8,8","63,63,63,63,63,63,63,63,63,63,63,63,63,63,63,63,63,63,63,63,63,63,63,63,63,63,63,63,63,63,63,63,63,63,63,63,63,63,63,63,63,63,63,63,63,63,63,63,63,63,63,63,63,63,63,63,63,63,63,63,63,63,63,63"
456,28.49,23.17,"10.89,12.47,13.43,14.19,14.83,15.33,15.75,16.13,16.49,16.77,17.02,17.27,17.51,17.73,17.94,18.14,18.36,18.52,18.67,18.82,18.97,19.12,19.27,19.41,19.55,19.67,19.77,19.88,19.99,20.10,20.20,20.32,20.42,20.50,20.57,20.65,20.75,20.84,20.92,21.00,21.07,21.13,21.19,21.25,21.31,21.40,21.47,21.55,21.62,21.66,21.70,21.77,21.84,21.89,21.97,22.06,22.12,22.16,22.21,22.25,22.32,22.38,22.46,22.53","1.1103,1.0901,0.9746,0.8246","1.5869,1.5352,0.8769,0.0001,0.0001,0.0001,0.0000,0.0000,0.0000,0.0000,0.0000,0.0000,0.0000,0.0000,0.0000,0.0000,0.0000,0.0000,0.0000,0.0000,0.0000,0.0000,0.0000,0.0000,0.0000,0.0000,0.0000,0.0000,0.0000,0.0000,0.0000,0.0000,0.0000,0.0000,0.0000,0.0000,0.0000,0.0000,0.0000,0.0000,0.0000,0.0000,0.0000,0.0000,0.0000,0.0000,0.0000,0.0000,0.0000,0.0000,0.0000,0.0000,0.0000,0.0000,0.0000,0.0000,0.0000,0.0000,0.0000,0.0000,0.0000,0.0000,0.0000,0.0000","12,10,12,12","63,63,63,63,63,63,63,63,63,63,63,63,63,63,63,63,63,63,63,63,63,63,63,63,63,63,63,63,63,63,63,63,63,63,63,63,63,63,63,63,63,63,63,63,63,63,63,63,63,63,63,63,63,63,63,63,63,63,63,63,63,63,63,63"
457,24.42,20.55,"10.21,11.51,12.32,12.90,13.32,13.61,13.81,13.94,14.07,14.23,14.42,14.61,14.78,14.91,15.01,15.08,15.15,15.24,15.35,15.46,15.57,15.66,15.73,15.77,15.82,15.88,15.96,16.04,16.11,16.18,16.23,16.27,16.31,16.37,16.44,16.52,16.59,16.65,16.70,16.74,16.79,16.87,16.94,17.03,17.10,17.16,17.20,17.25,17.31,17.39,17.47,17.54,17.61,17.65,17.69,17.75,17.81,17.88,17.97,18.03,18.09,18.12,18.15,18.19","1.4543,1.3358,1.2100,0.0001","1.8066,1.0996,1.0938,0.0001,0.0001,0.0001,0.0000,0.0000,0.0000,0.0000,0.0000,0.0000,0.0000,0.0000,0.0000,0.0000,0.0000,0.0000,0.0000,0.0000,0.0000,0.0000,0.0000,0.0000,0.0000,0.0000,0.0000,0.0000,0.0000,0.0000,0.0000,0.0000,0.0000,0.0000,0.0000,0.0000,0.0000,0.0000,0.0000,0.0000,0.0000,0.0000,0.0000,0.0000,0.0000,0.0000,0.0000,0.0000,0.0000,0.0000,0.0000,0.0000,0.0000,0.0000,0.0000,0.0000,0.0000,0.0000,0.0000,0.0000,0.0000,0.0000,0.0000,0.0000","12,4,12,4","62,62,62,62,62,62,62,62,62,62,62,62,62,62,62,62,62,62,62,62,62,62,62,62,62,62,62,62,62,62,62,62,62,62,62,62,62,62,62,62,62,62,62,62,62,62,62,62,62,62,62,62,62,62,62,62,62,62,62,62,62,62,62,62"
458,26.49,21.92,"10.67,11.99,12.81,13.35,13.72,13.99,14.26,14.46,14.73,14.99,15.22,15.43,15.66,15.90,16.13,16.31,16.48,16.64,16.78,16.91,17.06,17.23,17.41,17.56,17.68,17.79,17.89,17.98,18.09,18.22,18.36,18.48,18.56,18.65,18.71,18.78,18.86,18.97,19.08,19.18,19.24,19.30,19.35,19.40,19.46,19.54,19.63,19.71,19.76,19.80,19.83,19.87,19.92,19.98,20.05,20.12,20.15,20.17,20.20,20.23,20.26,20.31,20.37,20.42","1.4052,1.3698,1.2247,0.0001","1.5937,1.3642,1.0420,0.0001,0.0001,0.0001,0.0000,0.0000,0.0000,0.0000,0.0000,0.0000,0.0000,0.0000,0.0000,0.0000,0.0000,0.0000,0.0000,0.0000,0.0000,0.0000,0.0000,0.0000,0.0000,0.0000,0.0000,0.0000,0.0000,0.0000,0.0000,0.0000,0.0000,0.0000,0.0000,0.0000,0.0000,0.0000,0.0000,0.0000,0.0000,0.0000,0.0000,0.0000,0.0000,0.0000,0.0000,0.0000,0.0000,0.0000,0.0000,0.0000,0.0000,0.0000,0.0000,0.0000,0.0000,0.0000,0.0000,0.0000,0.0000,0.0000,0.0000,0.0000","12,7,12,7","55,55,55,55,55,55,55,55,55,55,55,55,55,55,55,55,55,55,55,55,55,55,55,55,55,55,55,55,55,55,55,55,55,55,55,55,55,55,55,55,55,55,55,55,55,55,55,55,55,55,55,55,55,55,55,55,55,55,55,55,55,55,55,55"
466,70.80,48.67,"10.22,15.40,18.93,20.98,22.48,23.29,24.41,25.22,25.82,26.17,26.59,26.96,27.35,27.70,28.08,28.58,28.92,29.11,29.34,29.56,29.78,29.98,30.21,30.52,30.76,30.91,31.04,31.18,31.34,31.48,31.64,31.86,32.05,32.16,32.25,32.36,32.47,32.58,32.71,32.87,33.03,33.13,33.20,33.28,33.37,33.46,33.56,33.69,33.84,33.93,33.99,34.06,34.14,34.21,34.31,34.41,34.55,34.65,34.70,34.76,34.83,34.91,35.00,35.09","0.4639,0.4637,0.4631,0.4621","1.0117,1.0029,0.9971,0.9883,0.0001,0.0001,0.0001,0.0001,0.0000,0.0000,0.0000,0.0000,0.0000,0.0000,0.0000,0.0000,0.0000,0.0000,0.0000,0.0000,0.0000,0.0000,0.0000,0.0000,0.0000,0.0000,0.0000,0.0000,0.0000,0.0000,0.0000,0.0000,0.0000,0.0000,0.0000,0.0000,0.0000,0.0000,0.0000,0.0000,0.0000,0.0000,0.0000,0.0000,0.0000,0.0000,0.0000,0.0000,0.0000,0.0000,0.0000,0.0000,0.0000,0.0000,0.0000,0.0000,0.0000,0.0000,0.0000,0.0000,0.0000,0.0000,0.0000,0.0000","9,0,9,9","25,24,25,24,24,25,24,25,25,24,24,24,24,25,24,25,25,25,24,24,24,25,24,25,25,25,24,24,24,25,24,25,25,25,24,24,24,25,24,25,25,25,24,24,24,25,24,25,25,25,24,24,24,25,24,25,25,25,25,24,24,25,24,25"
467,54.88,51.32,"11.55,17.83,20.69,23.50,25.41,27.09,28.44,29.44,29.78,29.92,30.39,30.71,31.00,31.55,32.08,32.44,32.58,32.83,33.15,33.45,33.81,34.14,34.32,34.43,34.64,34.90,35.05,35.19,35.41,35.62,35.77,35.94,36.00,36.07,36.17,36.35,36.54,36.76,36.97,37.16,37.22,37.37,37.43,37.51,37.67,37.83,37.90,37.96,38.03,38.19,38.25,38.30,38.36,38.50,38.65,38.76,38.81,38.86,38.90,38.97,39.02,39.15,39.20,39.24","0.6320,0.6319,0.6305,0.6246","1.0175,1.0068,0.9991,0.9770,0.0001,0.0001,0.0001,0.0001,0.0000,0.0000,0.0000,0.0000,0.0000,0.0000,0.0000,0.0000,0.0000,0.0000,0.0000,0.0000,0.0000,0.0000,0.0000,0.0000,0.0000,0.0000,0.0000,0.0000,0.0000,0.0000,0.0000,0.0000,0.0000,0.0000,0.0000,0.0000,0.0000,0.0000,0.0000,0.0000,0.0000,0.0000,0.0000,0.0000,0.0000,0.0000,0.0000,0.0000,0.0000,0.0000,0.0000,0.0000,0.0000,0.0000,0.0000,0.0000,0.0000,0.0000,0.0000,0.0000,0.0000,0.0000,0.0000,0.0000","4,4,4,4","24,24,24,24,24,24,24,24,24,40,24,24,24,24,24,24,40,24,24,24,24,24,24,40,24,24,24,24,24,24,24,24,40,40,24,24,24,24,24,24,24,24,40,24,24,24,24,40,24,24,40,40,40,24,24,24,40,40,40,24,40,24,40,40"
468,57.44,44.99,"9.31,15.57,17.54,18.79,20.04,20.90,21.45,21.92,22.62,23.25,23.75,24.14,24.44,24.84,25.13,25.39,25.67,25.98,26.30,26.58,26.91,27.18,27.35,27.54,27.77,27.98,28.18,28.38,28.56,28.72,28.88,28.99,29.12,29.27,29.45,29.60,29.75,29.89,30.03,30.15,30.28,30.41,30.53,30.66,30.78,30.88,30.99,31.07,31.15,31.26,31.38,31.47,31.57,31.66,31.77,31.85,31.95,32.04,32.13,32.23,32.33,32.41,32.51,32.58","0.6357,0.6356,0.6333,0.6309","1.0303,1.0107,0.9942,0.9653,0.0001,0.0001,0.0001,0.0001,0.0000,0.0000,0.0000,0.0000,0.0000,0.0000,0.0000,0.0000,0.0000,0.0000,0.0000,0.0000,0.0000,0.0000,0.0000,0.0000,0.0000,0.0000,0.0000,0.0000,0.0000,0.0000,0.0000,0.0000,0.0000,0.0000,0.0000,0.0000,0.0000,0.0000,0.0000,0.0000,0.0000,0.0000,0.0000,0.0000,0.0000,0.0000,0.0000,0.0000,0.0000,0.0000,0.0000,0.0000,0.0000,0.0000,0.0000,0.0000,0.0000,0.0000,0.0000,0.0000,0.0000,0.0000,0.0000,0.0000","15,1,1,1","47,41,24,24,24,24,47,24,24,47,47,47,47,24,24,24,41,24,24,24,24,24,24,24,24,24,47,47,47,24,24,24,41,24,24,47,24,24,24,24,24,24,24,47,47,24,24,24,41,24,24,47,47,24,24,24,24,24,24,24,24,47,24,24"
469,44.55,42.26,"9.84,17.47,18.79,19.91,21.12,21.91,22.51,22.99,23.53,24.06,24.51,24.87,25.13,25.40,25.67,25.91,26.30,26.58,26.81,27.03,27.20,27.36,27.53,27.69,27.94,28.15,28.30,28.44,28.58,28.69,28.81,28.93,29.08,29.24,29.36,29.48,29.60,29.69,29.79,29.89,30.04,30.16,30.26,30.36,30.45,30.53,30.62,30.70,30.83,30.93,31.01,31.09,31.18,31.25,31.32,31.39,31.51,31.59,31.66,31.73,31.80,31.88,31.94,32.00","0.8458,0.8456,0.8071,0.7769","1.1455,1.1328,1.0850,0.6367,0.0001,0.0001,0.0001,0.0000,0.0000,0.0000,0.0000,0.0000,0.0000,0.0000,0.0000,0.0000,0.0000,0.0000,0.0000,0.0000,0.0000,0.0000,0.0000,0.0000,0.0000,0.0000,0.0000,0.0000,0.0000,0.0000,0.0000,0.0000,0.0000,0.0000,0.0000,0.0000,0.0000,0.0000,0.0000,0.0000,0.0000,0.0000,0.0000,0.0000,0.0000,0.0000,0.0000,0.0000,0.0000,0.0000,0.0000,0.0000,0.0000,0.0000,0.0000,0.0000,0.0000,0.0000,0.0000,0.0000,0.0000,0.0000,0.0000,0.0000","5,12,5,12","25,39,25,39,25,25,25,25,25,39,39,39,39,25,25,25,25,25,39,39,39,25,25,25,25,25,39,39,39,25,25,25,25,25,25,39,39,39,25,25,25,25,25,39,39,39,25,25,25,25,25,25,39,25,25,25,25,25,25,25,39,39,25,25"
470,34.38,32.60,"10.43,12.14,13.60,14.74,15.60,16.29,16.85,17.40,17.82,18.07,18.28,18.47,18.68,18.89,19.13,19.42,19.66,19.82,19.95,20.06,20.18,20.30,20.45,20.64,20.81,20.92,21.01,21.10,21.18,21.27,21.37,21.52,21.65,21.73,21.80,21.87,21.93,22.00,22.08,22.19,22.30,22.37,22.42,22.48,22.53,22.59,22.66,22.75,22.84,22.91,22.95,23.00,23.05,23.10,23.15,23.23,23.32,23.37,23.42,23.46,23.50,23.54,23.59,23.68","0.8160,0.8090,0.7774,0.6445","1.4570,1.3818,0.8477,0.3142,0.0001,0.0001,0.0001,0.0000,0.0000,0.0000,0.0000,0.0000,0.0000,0.0000,0.0000,0.0000,0.0000,0.0000,0.0000,0.0000,0.0000,0.0000,0.0000,0.0000,0.0000,0.0000,0.0000,0.0000,0.0000,0.0000,0.0000,0.0000,0.0000,0.0000,0.0000,0.0000,0.0000,0.0000,0.0000,0.0000,0.0000,0.0000,0.0000,0.0000,0.0000,0.0000,0.0000,0.0000,0.0000,0.0000,0.0000,0.0000,0.0000,0.0000,0.0000,0.0000,0.0000,0.0000,0.0000,0.0000,0.0000,0.0000,0.0000,0.0000","0,0,9,0","24,24,24,24,24,24,24,24,24,24,24,24,24,24,24,24,24,24,24,24,24,24,24,24,24,24,24,24,24,24,24,24,24,24,24,24,24,24,24,24,24,24,24,24,24,24,24,24,24,24,24,24,24,24,24,24,24,24,24,24,24,24,24,24"
471,85.22,52.42,"10.36,17.01,21.64,24.35,26.35,27.30,28.23,28.78,29.37,29.88,30.30,30.81,31.17,31.55,31.99,32.29,32.57,32.84,33.07,33.33,33.56,33.79,34.04,34.22,34.39,34.57,34.73,34.89,35.05,35.21,35.37,35.50,35.62,35.74,35.86,35.98,36.10,36.22,36.34,36.44,36.52,36.62,36.71,36.81,36.91,37.01,37.10,37.18,37.26,37.33,37.41,37.50,37.59,37.67,37.75,37.83,37.90,37.97,38.05,38.13,38.20,38.28,38.36,38.43","0.4180,0.4180,0.4177,0.4176","1.0049,1.0010,0.9975,0.9961,0.0001,0.0001,0.0001,0.0000,0.0000,0.0000,0.0000,0.0000,0.0000,0.0000,0.0000,0.0000,0.0000,0.0000,0.0000,0.0000,0.0000,0.0000,0.0000,0.0000,0.0000,0.0000,0.0000,0.0000,0.0000,0.0000,0.0000,0.0000,0.0000,0.0000,0.0000,0.0000,0.0000,0.0000,0.0000,0.0000,0.0000,0.0000,0.0000,0.0000,0.0000,0.0000,0.0000,0.0000,0.0000,0.0000,0.0000,0.0000,0.0000,0.0000,0.0000,0.0000,0.0000,0.0000,0.0000,0.0000,0.0000,0.0000,0.0000,0.0000","4,12,4,12","24,24,24,24,24,24,24,24,24,24,24,24,24,24,24,24,24,24,24,24,24,24,24,24,24,24,24,24,24,24,24,24,24,24,24,24,24,24,24,24,24,24,24,24,24,24,24,24,24,24,24,24,24,24,24,24,24,24,24,24,24,24,24,24"
472,85.24,52.60,"10.43,17.32,21.88,24.42,26.44,27.40,28.36,28.95,29.49,30.05,30.48,30.98,31.33,31.68,32.13,32.47,32.72,33.04,33.27,33.53,33.75,33.96,34.20,34.41,34.56,34.76,34.93,35.10,35.25,35.40,35.55,35.69,35.79,35.94,36.06,36.18,36.31,36.42,36.53,36.62,36.70,36.82,36.91,37.01,37.10,37.19,37.28,37.35,37.42,37.52,37.61,37.68,37.76,37.85,37.91,37.97,38.04,38.14,38.21,38.29,38.35,38.42,38.48,38.53","0.4153,0.4151,0.4150,0.4148","1.0058,1.0019,1.0009,0.9912,0.0001,0.0001,0.0001,0.0001,0.0000,0.0000,0.0000,0.0000,0.0000,0.0000,0.0000,0.0000,0.0000,0.0000,0.0000,0.0000,0.0000,0.0000,0.0000,0.0000,0.0000,0.0000,0.0000,0.0000,0.0000,0.0000,0.0000,0.0000,0.0000,0.0000,0.0000,0.0000,0.0000,0.0000,0.0000,0.0000,0.0000,0.0000,0.0000,0.0000,0.0000,0.0000,0.0000,0.0000,0.0000,0.0000,0.0000,0.0000,0.0000,0.0000,0.0000,0.0000,0.0000,0.0000,0.0000,0.0000,0.0000,0.0000,0.0000,0.0000","0,8,0,8","24,24,24,24,24,24,24,24,24,24,24,24,24,24,24,24,24,24,24,24,24,24,24,24,24,24,24,24,24,24,24,24,24,24,24,24,24,24,24,24,24,24,24,24,24,24,24,24,24,24,24,24,24,24,24,24,24,24,24,24,24,24,24,24"
473,91.77,53.18,"10.42,18.03,23.44,26.78,28.25,28.88,29.56,30.08,30.73,31.28,31.76,32.27,32.65,33.01,33.42,33.77,34.10,34.37,34.63,34.92,35.15,35.36,35.61,35.84,36.05,36.22,36.39,36.57,36.74,36.89,37.06,37.21,37.36,37.48,37.60,37.73,37.87,37.98,38.10,38.21,38.33,38.41,38.51,38.60,38.71,38.81,38.90,38.98,39.06,39.14,39.22,39.29,39.37,39.45,39.54,39.60,39.66,39.72,39.80,39.85,39.92,40.00,40.06,40.10","0.3839,0.3838,0.3838,0.3837","1.0068,1.0039,0.9961,0.9932,0.0001,0.0001,0.0001,0.0001,0.0000,0.0000,0.0000,0.0000,0.0000,0.0000,0.0000,0.0000,0.0000,0.0000,0.0000,0.0000,0.0000,0.0000,0.0000,0.0000,0.0000,0.0000,0.0000,0.0000,0.0000,0.0000,0.0000,0.0000,0.0000,0.0000,0.0000,0.0000,0.0000,0.0000,0.0000,0.0000,0.0000,0.0000,0.0000,0.0000,0.0000,0.0000,0.0000,0.0000,0.0000,0.0000,0.0000,0.0000,0.0000,0.0000,0.0000,0.0000,0.0000,0.0000,0.0000,0.0000,0.0000,0.0000,0.0000,0.0000","4,4,13,4","39,39,39,39,39,39,39,39,39,39,39,39,39,39,39,39,39,39,39,39,39,39,39,39,39,39,39,39,39,39,39,39,39,39,39,39,39,39,39,39,39,39,39,39,39,39,39,39,39,39,39,39,39,39,39,39,39,39,39,39,39,39,39,39"
474,83.77,52.26,"11.30,19.05,24.22,27.18,29.31,30.47,31.76,32.42,33.06,33.58,34.03,34.52,34.90,35.26,35.71,36.03,36.36,36.65,36.86,37.14,37.39,37.60,37.83,38.03,38.24,38.44,38.57,38.75,38.93,39.08,39.21,39.34,39.50,39.67,39.76,39.87,40.01,40.13,40.22,40.31,40.44,40.59,40.68,40.75,40.85,40.95,41.04,41.11,41.23,41.35,41.44,41.51,41.57,41.65,41.74,41.81,41.90,42.02,42.09,42.16,42.22,42.28,42.36,42.42","0.4199,0.4198,0.4196,0.4194","1.0048,1.0000,0.9991,0.9956,0.0001,0.0001,0.0001,0.0000,0.0000,0.0000,0.0000,0.0000,0.0000,0.0000,0.0000,0.0000,0.0000,0.0000,0.0000,0.0000,0.0000,0.0000,0.0000,0.0000,0.0000,0.0000,0.0000,0.0000,0.0000,0.0000,0.0000,0.0000,0.0000,0.0000,0.0000,0.0000,0.0000,0.0000,0.0000,0.0000,0.0000,0.0000,0.0000,0.0000,0.0000,0.0000,0.0000,0.0000,0.0000,0.0000,0.0000,0.0000,0.0000,0.0000,0.0000,0.0000,0.0000,0.0000,0.0000,0.0000,0.0000,0.0000,0.0000,0.0000","5,12,5,5","32,32,32,32,32,32,32,32,32,32,32,32,32,32,32,32,32,32,32,32,32,32,32,32,32,32,32,32,32,32,32,32,32,32,32,32,32,32,32,32,32,32,32,32,32,32,32,32,32,32,32,32,32,32,32,32,32,32,32,32,32,32,32,32"
475,89.00,54.08,"10.73,18.38,23.94,27.59,28.88,29.84,30.72,31.33,32.00,32.63,33.16,33.63,33.94,34.28,34.66,35.00,35.40,35.75,36.03,36.33,36.52,36.70,36.91,37.11,37.38,37.60,37.79,37.99,38.14,38.26,38.38,38.52,38.69,38.87,39.01,39.16,39.28,39.38,39.46,39.55,39.68,39.81,39.92,40.03,40.13,40.21,40.27,40.33,40.42,40.52,40.61,40.70,40.79,40.85,40.91,40.95,41.02,41.10,41.17,41.24,41.32,41.37,41.42,41.47","0.4080,0.4080,0.4079,0.4076","1.0029,1.0019,1.0009,0.9936,0.0001,0.0001,0.0001,0.0001,0.0000,0.0000,0.0000,0.0000,0.0000,0.0000,0.0000,0.0000,0.0000,0.0000,0.0000,0.0000,0.0000,0.0000,0.0000,0.0000,0.0000,0.0000,0.0000,0.0000,0.0000,0.0000,0.0000,0.0000,0.0000,0.0000,0.0000,0.0000,0.0000,0.0000,0.0000,0.0000,0.0000,0.0000,0.0000,0.0000,0.0000,0.0000,0.0000,0.0000,0.0000,0.0000,0.0000,0.0000,0.0000,0.0000,0.0000,0.0000,0.0000,0.0000,0.0000,0.0000,0.0000,0.0000,0.0000,0.0000","5,12,5,5","33,39,39,33,33,39,33,33,39,39,39,33,33,39,33,33,39,39,39,33,33,39,33,33,39,39,39,33,33,33,33,33,39,39,39,33,33,33,33,33,39,39,39,33,33,33,33,33,39,39,39,33,33,33,33,33,39,39,39,33,33,33,33,33"
476,93.02,53.37,"11.73,20.46,25.80,28.60,30.79,31.58,32.67,33.29,33.98,34.54,34.90,35.23,35.58,35.95,36.51,36.91,37.25,37.54,37.76,37.94,38.13,38.34,38.68,38.95,39.17,39.34,39.41,39.62,39.69,39.89,40.12,40.31,40.46,40.58,40.68,40.79,40.88,40.99,41.15,41.30,41.41,41.56,41.69,41.77,41.84,41.91,41.97,42.06,42.16,42.28,42.42,42.49,42.55,42.60,42.61,42.71,42.80,42.87,42.98,43.07,43.15,43.17,43.25,43.31","0.3912,0.3912,0.3911,0.3910","1.0078,1.0059,0.9942,0.9917,0.0001,0.0001,0.0001,0.0001,0.0000,0.0000,0.0000,0.0000,0.0000,0.0000,0.0000,0.0000,0.0000,0.0000,0.0000,0.0000,0.0000,0.0000,0.0000,0.0000,0.0000,0.0000,0.0000,0.0000,0.0000,0.0000,0.0000,0.0000,0.0000,0.0000,0.0000,0.0000,0.0000,0.0000,0.0000,0.0000,0.0000,0.0000,0.0000,0.0000,0.0000,0.0000,0.0000,0.0000,0.0000,0.0000,0.0000,0.0000,0.0000,0.0000,0.0000,0.0000,0.0000,0.0000,0.0000,0.0000,0.0000,0.0000,0.0000,0.0000","4,4,4,4","32,32,32,32,32,32,32,32,32,32,32,32,32,32,32,32,32,32,32,32,32,32,32,32,32,32,32,32,32,32,32,32,32,32,32,32,32,32,32,32,32,32,32,32,32,32,32,32,32,32,32,32,32,32,32,32,32,32,32,32,32,32,32,32"
477,93.59,54.43,"10.50,18.30,23.94,27.14,29.29,30.08,31.03,31.53,32.13,32.60,33.11,33.59,34.04,34.41,34.91,35.20,35.49,35.74,36.01,36.27,36.52,36.76,37.03,37.22,37.40,37.55,37.73,37.89,38.05,38.21,38.39,38.52,38.63,38.73,38.84,38.96,39.08,39.20,39.31,39.40,39.48,39.55,39.63,39.71,39.80,39.88,39.97,40.02,40.08,40.13,40.19,40.26,40.31,40.37,40.45,40.48,40.51,40.55,40.59,40.65,40.69,40.72,40.77,40.80","0.3846,0.3845,0.3845,0.3844","1.0039,1.0029,0.9966,0.9965,0.0001,0.0001,0.0001,0.0001,0.0000,0.0000,0.0000,0.0000,0.0000,0.0000,0.0000,0.0000,0.0000,0.0000,0.0000,0.0000,0.0000,0.0000,0.0000,0.0000,0.0000,0.0000,0.0000,0.0000,0.0000,0.0000,0.0000,0.0000,0.0000,0.0000,0.0000,0.0000,0.0000,0.0000,0.0000,0.0000,0.0000,0.0000,0.0000,0.0000,0.0000,0.0000,0.0000,0.0000,0.0000,0.0000,0.0000,0.0000,0.0000,0.0000,0.0000,0.0000,0.0000,0.0000,0.0000,0.0000,0.0000,0.0000,0.0000,0.0000","4,4,12,4","39,39,39,39,39,39,39,39,39,39,39,39,39,39,39,39,39,39,39,39,39,39,39,39,39,39,39,39,39,39,39,39,39,39,39,39,39,39,39,39,39,39,39,39,39,39,39,39,39,39,39,39,39,39,39,25,39,39,39,39,39,39,39,39"
478,94.70,53.61,"10.70,18.54,24.05,27.38,29.55,30.32,30.95,31.47,32.10,32.63,33.10,33.58,34.02,34.39,34.81,35.11,35.41,35.68,35.94,36.19,36.43,36.67,36.94,37.14,37.34,37.49,37.67,37.83,37.99,38.15,38.35,38.49,38.63,38.74,38.87,38.98,39.10,39.22,39.37,39.46,39.57,39.66,39.75,39.84,39.93,40.02,40.14,40.20,40.30,40.36,40.45,40.52,40.59,40.67,40.75,40.80,40.87,40.94,40.99,41.05,41.11,41.17,41.24,41.28","0.3802,0.3801,0.3800,0.3799","1.0039,1.0019,0.9971,0.9970,0.0001,0.0001,0.0001,0.0001,0.0000,0.0000,0.0000,0.0000,0.0000,0.0000,0.0000,0.0000,0.0000,0.0000,0.0000,0.0000,0.0000,0.0000,0.0000,0.0000,0.0000,0.0000,0.0000,0.0000,0.0000,0.0000,0.0000,0.0000,0.0000,0.0000,0.0000,0.0000,0.0000,0.0000,0.0000,0.0000,0.0000,0.0000,0.0000,0.0000,0.0000,0.0000,0.0000,0.0000,0.0000,0.0000,0.0000,0.0000,0.0000,0.0000,0.0000,0.0000,0.0000,0.0000,0.0000,0.0000,0.0000,0.0000,0.0000,0.0000","5,12,5,5","39,39,39,39,39,39,39,39,39,39,39,39,39,39,39,39,39,39,39,39,39,39,39,39,39,39,39,39,39,39,39,39,39,39,39,39,39,39,39,39,39,39,39,39,39,39,39,39,39,39,39,39,39,39,39,39,39,39,39,39,39,39,39,39"
479,43.85,39.67,"9.13,15.51,17.33,18.37,19.20,19.89,20.47,20.97,21.43,22.00,22.51,22.95,23.28,23.52,23.78,24.03,24.33,24.55,24.79,25.04,25.24,25.40,25.56,25.73,25.93,26.08,26.24,26.40,26.55,26.67,26.80,26.94,27.08,27.20,27.31,27.43,27.53,27.63,27.74,27.84,27.97,28.06,28.15,28.24,28.33,28.41,28.49,28.59,28.68,28.77,28.84,28.92,29.00,29.08,29.15,29.23,29.32,29.38,29.44,29.51,29.59,29.64,29.71,29.79","0.8207,0.8203,0.7847,0.7032","1.1367,1.1240,1.0791,0.6592,0.0001,0.0001,0.0001,0.0000,0.0000,0.0000,0.0000,0.0000,0.0000,0.0000,0.0000,0.0000,0.0000,0.0000,0.0000,0.0000,0.0000,0.0000,0.0000,0.0000,0.0000,0.0000,0.0000,0.0000,0.0000,0.0000,0.0000,0.0000,0.0000,0.0000,0.0000,0.0000,0.0000,0.0000,0.0000,0.0000,0.0000,0.0000,0.0000,0.0000,0.0000,0.0000,0.0000,0.0000,0.0000,0.0000,0.0000,0.0000,0.0000,0.0000,0.0000,0.0000,0.0000,0.0000,0.0000,0.0000,0.0000,0.0000,0.0000,0.0000","15,1,1,1","47,25,47,25,25,25,25,25,25,47,47,47,47,25,25,25,25,25,47,47,47,25,25,25,25,25,47,47,47,47,25,25,25,25,47,47,47,25,25,25,25,25,47,47,47,25,25,25,25,25,25,47,47,47,25,25,25,25,25,47,47,47,25,25"
480,95.49,52.80,"10.16,17.10,22.10,25.07,25.91,27.04,28.01,28.65,29.30,29.94,30.52,30.89,31.23,31.63,32.08,32.44,32.74,33.09,33.40,33.64,33.85,34.09,34.35,34.59,34.77,35.00,35.22,35.39,35.54,35.71,35.89,36.06,36.19,36.36,36.52,36.66,36.76,36.89,37.03,37.16,37.26,37.39,37.52,37.63,37.71,37.82,37.93,38.03,38.12,38.23,38.33,38.42,38.50,38.58,38.68,38.77,38.85,38.94,39.03,39.11,39.17,39.25,39.33,39.41","0.3738,0.3738,0.3737,0.3735","1.0068,1.0000,0.9991,0.9936,0.0001,0.0001,0.0001,0.0000,0.0000,0.0000,0.0000,0.0000,0.0000,0.0000,0.0000,0.0000,0.0000,0.0000,0.0000,0.0000,0.0000,0.0000,0.0000,0.0000,0.0000,0.0000,0.0000,0.0000,0.0000,0.0000,0.0000,0.0000,0.0000,0.0000,0.0000,0.0000,0.0000,0.0000,0.0000,0.0000,0.0000,0.0000,0.0000,0.0000,0.0000,0.0000,0.0000,0.0000,0.0000,0.0000,0.0000,0.0000,0.0000,0.0000,0.0000,0.0000,0.0000,0.0000,0.0000,0.0000,0.0000,0.0000,0.0000,0.0000","1,9,9,1","33,33,33,31,33,33,33,33,33,33,33,33,33,33,33,33,33,33,33,33,33,33,33,33,33,33,33,33,33,33,33,33,33,33,33,33,33,33,33,33,33,33,33,33,33,33,33,33,33,33,33,33,33,33,33,33,33,33,33,33,33,33,33,33"
481,42.23,33.19,"9.64,12.59,14.33,15.27,15.97,16.65,17.11,17.45,17.77,18.09,18.46,18.82,19.13,19.38,19.62,19.82,20.04,20.23,20.43,20.65,20.84,20.99,21.14,21.28,21.44,21.58,21.72,21.87,22.01,22.11,22.23,22.33,22.46,22.56,22.67,22.78,22.89,22.97,23.06,23.15,23.25,23.34,23.42,23.52,23.60,23.68,23.79,23.91,23.99,24.06,24.13,24.21,24.28,24.38,24.48,24.58,24.65,24.72,24.77,24.83,24.89,24.96,25.05,25.12","0.7657,0.7651,0.7458,0.7261","1.1103,1.0381,0.9804,0.8711,0.0001,0.0001,0.0001,0.0001,0.0000,0.0000,0.0000,0.0000,0.0000,0.0000,0.0000,0.0000,0.0000,0.0000,0.0000,0.0000,0.0000,0.0000,0.0000,0.0000,0.0000,0.0000,0.0000,0.0000,0.0000,0.0000,0.0000,0.0000,0.0000,0.0000,0.0000,0.0000,0.0000,0.0000,0.0000,0.0000,0.0000,0.0000,0.0000,0.0000,0.0000,0.0000,0.0000,0.0000,0.0000,0.0000,0.0000,0.0000,0.0000,0.0000,0.0000,0.0000,0.0000,0.0000,0.0000,0.0000,0.0000,0.0000,0.0000,0.0000","3,9,3,1","23,48,23,23,48,48,48,48,48,23,23,23,23,48,48,48,48,48,23,23,23,48,48,48,48,48,23,23,23,48,48,48,48,48,23,23,23,48,48,48,48,48,23,23,23,23,23,23,48,48,23,23,23,23,23,23,48,23,23,23,23,23,23,23"
482,39.06,34.13,"10.83,12.14,12.96,13.53,13.99,14.51,14.88,15.14,15.35,15.61,15.89,16.15,16.37,16.58,16.76,16.91,17.02,17.17,17.34,17.51,17.66,17.80,17.98,18.23,18.37,18.49,18.61,18.71,18.82,18.96,19.12,19.29,19.41,19.52,19.60,19.69,19.78,19.88,19.99,20.11,20.22,20.31,20.37,20.45,20.53,20.62,20.70,20.78,20.86,20.94,21.00,21.05,21.09,21.19,21.26,21.32,21.38,21.44,21.49,21.55,21.58,21.59,21.65,21.71","0.8252,0.8243,0.7877,0.7654","1.1074,1.0000,0.9936,0.8989,0.0001,0.0001,0.0001,0.0000,0.0000,0.0000,0.0000,0.0000,0.0000,0.0000,0.0000,0.0000,0.0000,0.0000,0.0000,0.0000,0.0000,0.0000,0.0000,0.0000,0.0000,0.0000,0.0000,0.0000,0.0000,0.0000,0.0000,0.0000,0.0000,0.0000,0.0000,0.0000,0.0000,0.0000,0.0000,0.0000,0.0000,0.0000,0.0000,0.0000,0.0000,0.0000,0.0000,0.0000,0.0000,0.0000,0.0000,0.0000,0.0000,0.0000,0.0000,0.0000,0.0000,0.0000,0.0000,0.0000,0.0000,0.0000,0.0000,0.0000","0,11,0,0","23,23,23,23,25,25,25,25,23,23,23,23,25,25,25,25,23,23,23,23,23,23,23,23,23,23,23,23,23,23,23,23,23,23,23,25,25,23,23,23,23,23,23,25,25,25,23,23,23,23,23,23,25,25,25,23,23,23,23,25,23,39,25,25"
483,38.39,33.17,"10.36,13.27,14.73,15.64,16.45,16.97,17.46,17.86,18.20,18.60,18.97,19.30,19.58,19.85,20.10,20.32,20.57,20.77,20.99,21.20,21.39,21.55,21.70,21.85,22.02,22.16,22.32,22.47,22.61,22.72,22.84,22.96,23.09,23.20,23.30,23.41,23.51,23.60,23.69,23.79,23.88,23.97,24.05,24.14,24.22,24.29,24.37,24.51,24.59,24.67,24.73,24.79,24.86,24.94,25.04,25.19,25.27,25.34,25.38,25.43,25.49,25.55,25.63,25.77","1.0079,1.0068,0.9750,0.9379","1.1377,1.0762,0.9424,0.8428,0.0001,0.0001,0.0001,0.0001,0.0000,0.0000,0.0000,0.0000,0.0000,0.0000,0.0000,0.0000,0.0000,0.0000,0.0000,0.0000,0.0000,0.0000,0.0000,0.0000,0.0000,0.0000,0.0000,0.0000,0.0000,0.0000,0.0000,0.0000,0.0000,0.0000,0.0000,0.0000,0.0000,0.0000,0.0000,0.0000,0.0000,0.0000,0.0000,0.0000,0.0000,0.0000,0.0000,0.0000,0.0000,0.0000,0.0000,0.0000,0.0000,0.0000,0.0000,0.0000,0.0000,0.0000,0.0000,0.0000,0.0000,0.0000,0.0000,0.0000","0,11,0,9","23,48,23,48,23,48,48,48,48,23,23,23,23,48,48,48,48,48,23,23,23,48,48,48,48,48,23,23,23,23,48,48,48,48,23,23,23,48,48,48,48,48,23,23,23,23,23,23,48,48,23,23,23,23,23,23,48,48,23,23,23,23,23,23"
