ue,C_AE,C_UE,C_BS_hist,lambda_UE,lambda_BS,ue_beams,bs_beams
12,26.91,23.60,"11.15,12.29,12.96,13.42,13.73,13.94,14.08,14.17,14.34,14.53,14.71,14.88,15.01,15.12,15.20,15.25,15.33,15.44,15.55,15.66,15.76,15.85,15.94,16.02,16.09,16.16,16.25,16.34,16.43,16.52,16.60,16.66,16.71,16.77,16.84,16.92,17.00,17.07,17.13,17.19,17.22,17.27,17.32,17.39,17.45,17.51,17.56,17.61,17.64,17.68,17.72,17.77,17.83,17.87,17.92,17.95,17.98,18.02,18.06,18.10,18.14,18.18,18.22,18.25","1.5225,1.5123,0.8047,0.1604","1.8056,1.6162,0.5781,0.0001,0.0001,0.0001,0.0000,0.0000,0.0000,0.0000,0.0000,0.0000,0.0000,0.0000,0.0000,0.0000,0.0000,0.0000,0.0000,0.0000,0.0000,0.0000,0.0000,0.0000,0.0000,0.0000,0.0000,0.0000,0.0000,0.0000,0.0000,0.0000,0.0000,0.0000,0.0000,0.0000,0.0000,0.0000,0.0000,0.0000,0.0000,0.0000,0.0000,0.0000,0.0000,0.0000,0.0000,0.0000,0.0000,0.0000,0.0000,0.0000,0.0000,0.0000,0.0000,0.0000,0.0000,0.0000,0.0000,0.0000,0.0000,0.0000,0.0000,0.0000","3,8,1,3","63,63,63,63,63,63,63,63,63,63,63,63,63,63,63,63,63,63,63,63,63,57,57,57,63,63,63,57,57,57,57,57,63,63,63,63,63,57,57,57,57,63,63,63,63,63,57,57,57,57,57,63,63,63,63,57,57,57,57,57,63,63,57,63"
13,27.75,23.87,"10.50,12.33,13.36,14.13,14.71,15.11,15.41,15.61,15.85,16.13,16.43,16.72,16.98,17.20,17.36,17.50,17.63,17.79,17.96,18.14,18.31,18.45,18.56,18.65,18.75,18.85,18.97,19.10,19.22,19.33,19.40,19.47,19.53,19.62,19.70,19.79,19.88,19.97,20.03,20.09,20.13,20.19,20.26,20.33,20.40,20.47,20.52,20.56,20.60,20.64,20.70,20.75,20.81,20.86,20.90,20.93,20.96,21.00,21.04,21.09,21.14,21.18,21.22,21.24","1.4746,1.4681,1.0577,0.0001","1.9805,1.4980,0.5220,0.0001,0.0001,0.0001,0.0000,0.0000,0.0000,0.0000,0.0000,0.0000,0.0000,0.0000,0.0000,0.0000,0.0000,0.0000,0.0000,0.0000,0.0000,0.0000,0.0000,0.0000,0.0000,0.0000,0.0000,0.0000,0.0000,0.0000,0.0000,0.0000,0.0000,0.0000,0.0000,0.0000,0.0000,0.0000,0.0000,0.0000,0.0000,0.0000,0.0000,0.0000,0.0000,0.0000,0.0000,0.0000,0.0000,0.0000,0.0000,0.0000,0.0000,0.0000,0.0000,0.0000,0.0000,0.0000,0.0000,0.0000,0.0000,0.0000,0.0000,0.0000","3,8,1,3","0,0,0,0,0,0,0,0,0,0,0,0,0,0,0,0,0,0,0,0,0,0,0,0,0,0,0,0,0,0,0,0,0,0,0,0,0,0,0,0,0,0,0,0,0,0,0,0,0,0,0,0,0,0,0,0,0,0,0,0,0,0,0,0"
14,28.65,24.93,"10.26,12.08,13.27,14.06,14.71,15.14,15.48,15.71,15.90,16.14,16.45,16.74,17.01,17.23,17.39,17.51,17.63,17.78,17.96,18.12,18.27,18.41,18.52,18.64,18.72,18.82,18.94,19.06,19.13,19.28,19.37,19.44,19.51,19.57,19.65,19.74,19.83,19.91,19.97,20.03,20.07,20.13,20.19,20.24,20.33,20.35,20.38,20.38,20.41,20.45,20.56,20.50,20.55,20.56,20.57,20.65,20.67,20.70,20.73,20.76,20.78,20.80,20.87,20.87","1.1933,1.1866,0.8629,0.7574","1.3291,1.1436,0.7988,0.7285,0.0001,0.0001,0.0001,0.0000,0.0000,0.0000,0.0000,0.0000,0.0000,0.0000,0.0000,0.0000,0.0000,0.0000,0.0000,0.0000,0.0000,0.0000,0.0000,0.0000,0.0000,0.0000,0.0000,0.0000,0.0000,0.0000,0.0000,0.0000,0.0000,0.0000,0.0000,0.0000,0.0000,0.0000,0.0000,0.0000,0.0000,0.0000,0.0000,0.0000,0.0000,0.0000,0.0000,0.0000,0.0000,0.0000,0.0000,0.0000,0.0000,0.0000,0.0000,0.0000,0.0000,0.0000,0.0000,0.0000,0.0000,0.0000,0.0000,0.0000","15,4,15,15","0,0,0,0,0,0,0,0,0,0,0,0,0,0,0,0,0,0,0,0,0,0,0,0,0,0,0,0,0,0,0,0,0,0,0,0,0,0,0,0,0,0,0,0,0,0,0,62,0,0,0,0,0,0,62,0,0,0,0,0,0,0,0,62"
15,22.71,19.40,"11.26,12.49,13.22,13.69,13.98,14.14,14.22,14.30,14.54,14.80,15.05,15.27,15.45,15.60,15.71,15.80,15.94,16.09,16.24,16.39,16.52,16.63,16.71,16.78,16.86,16.95,17.06,17.16,17.26,17.35,17.42,17.47,17.52,17.58,17.65,17.73,17.81,17.87,17.93,17.98,18.01,18.05,18.09,18.15,18.21,18.27,18.31,18.36,18.38,18.41,18.45,18.48,18.52,18.56,18.60,18.64,18.67,18.69,18.72,18.75,18.78,18.80,18.84,18.87","1.6687,1.5420,0.7891,0.0001","2.2461,1.7549,0.0002,0.0001,0.0001,0.0001,0.0001,0.0000,0.0000,0.0000,0.0000,0.0000,0.0000,0.0000,0.0000,0.0000,0.0000,0.0000,0.0000,0.0000,0.0000,0.0000,0.0000,0.0000,0.0000,0.0000,0.0000,0.0000,0.0000,0.0000,0.0000,0.0000,0.0000,0.0000,0.0000,0.0000,0.0000,0.0000,0.0000,0.0000,0.0000,0.0000,0.0000,0.0000,0.0000,0.0000,0.0000,0.0000,0.0000,0.0000,0.0000,0.0000,0.0000,0.0000,0.0000,0.0000,0.0000,0.0000,0.0000,0.0000,0.0000,0.0000,0.0000,0.0000","3,8,3,8","56,56,56,56,56,56,56,56,63,63,63,63,63,63,63,63,56,63,63,63,63,56,63,63,63,63,63,63,56,56,63,63,63,63,63,63,63,63,56,63,63,63,63,63,63,63,56,63,63,63,56,63,56,63,63,63,56,56,56,56,56,56,63,63"
16,24.26,21.57,"11.28,12.43,13.08,13.49,13.75,13.92,14.05,14.21,14.51,14.78,15.00,15.19,15.35,15.51,15.66,15.80,16.02,16.21,16.35,16.47,16.58,16.70,16.81,16.92,17.08,17.23,17.35,17.43,17.51,17.60,17.69,17.77,17.89,18.01,18.10,18.18,18.24,18.30,18.37,18.44,18.53,18.62,18.70,18.76,18.81,18.85,18.91,18.97,19.04,19.11,19.17,19.22,19.26,19.29,19.33,19.37,19.44,19.49,19.54,19.57,19.61,19.63,19.66,19.70","2.0154,1.9832,0.0001,0.0001","2.0606,1.9385,0.0001,0.0001,0.0001,0.0001,0.0000,0.0000,0.0000,0.0000,0.0000,0.0000,0.0000,0.0000,0.0000,0.0000,0.0000,0.0000,0.0000,0.0000,0.0000,0.0000,0.0000,0.0000,0.0000,0.0000,0.0000,0.0000,0.0000,0.0000,0.0000,0.0000,0.0000,0.0000,0.0000,0.0000,0.0000,0.0000,0.0000,0.0000,0.0000,0.0000,0.0000,0.0000,0.0000,0.0000,0.0000,0.0000,0.0000,0.0000,0.0000,0.0000,0.0000,0.0000,0.0000,0.0000,0.0000,0.0000,0.0000,0.0000,0.0000,0.0000,0.0000,0.0000","15,7,15,15","48,48,48,48,48,48,48,48,48,48,48,48,48,48,48,48,48,48,48,48,48,48,48,48,48,48,48,48,48,48,48,48,48,48,48,48,48,48,48,48,48,48,48,48,48,48,48,48,48,48,48,48,48,48,48,48,48,48,48,48,48,48,48,48"
17,38.88,35.73,"10.72,17.05,18.38,19.37,20.21,20.81,21.29,21.65,21.98,22.34,22.69,23.00,23.31,23.58,23.82,24.02,24.22,24.42,24.62,24.82,25.00,25.17,25.33,25.48,25.62,25.76,25.90,26.05,26.18,26.30,26.42,26.53,26.64,26.75,26.87,26.97,27.07,27.17,27.26,27.35,27.44,27.53,27.63,27.71,27.79,27.87,27.94,28.01,28.07,28.15,28.23,28.29,28.36,28.42,28.47,28.53,28.60,28.67,28.74,28.80,28.85,28.92,28.97,29.02","0.9287,0.9282,0.8834,0.7775","1.1777,1.1260,0.8745,0.8218,0.0001,0.0001,0.0001,0.0001,0.0000,0.0000,0.0000,0.0000,0.0000,0.0000,0.0000,0.0000,0.0000,0.0000,0.0000,0.0000,0.0000,0.0000,0.0000,0.0000,0.0000,0.0000,0.0000,0.0000,0.0000,0.0000,0.0000,0.0000,0.0000,0.0000,0.0000,0.0000,0.0000,0.0000,0.0000,0.0000,0.0000,0.0000,0.0000,0.0000,0.0000,0.0000,0.0000,0.0000,0.0000,0.0000,0.0000,0.0000,0.0000,0.0000,0.0000,0.0000,0.0000,0.0000,0.0000,0.0000,0.0000,0.0000,0.0000,0.0000","12,5,12,5","56,56,56,56,56,56,56,56,56,56,56,56,56,56,56,56,56,56,56,56,56,56,56,56,56,56,56,56,56,56,56,56,56,56,56,56,56,56,56,56,56,56,56,56,56,56,56,56,56,56,56,56,56,56,56,56,56,56,56,56,56,56,56,56"
18,50.02,42.59,"9.73,17.51,20.54,22.33,23.72,24.56,25.20,25.78,26.14,26.61,27.08,27.53,28.03,28.37,28.71,28.99,29.18,29.45,29.72,29.99,30.32,30.54,30.77,30.95,31.10,31.28,31.44,31.64,31.87,32.04,32.21,32.35,32.44,32.58,32.72,32.87,33.04,33.16,33.30,33.40,33.48,33.57,33.66,33.79,33.91,34.02,34.12,34.24,34.25,34.32,34.38,34.42,34.50,34.57,34.68,34.72,34.77,34.83,34.87,34.92,35.00,35.07,35.15,35.18","0.7583,0.7578,0.7576,0.6411","1.0811,1.0078,0.9712,0.9394,0.0001,0.0001,0.0001,0.0001,0.0000,0.0000,0.0000,0.0000,0.0000,0.0000,0.0000,0.0000,0.0000,0.0000,0.0000,0.0000,0.0000,0.0000,0.0000,0.0000,0.0000,0.0000,0.0000,0.0000,0.0000,0.0000,0.0000,0.0000,0.0000,0.0000,0.0000,0.0000,0.0000,0.0000,0.0000,0.0000,0.0000,0.0000,0.0000,0.0000,0.0000,0.0000,0.0000,0.0000,0.0000,0.0000,0.0000,0.0000,0.0000,0.0000,0.0000,0.0000,0.0000,0.0000,0.0000,0.0000,0.0000,0.0000,0.0000,0.0000","3,8,1,1","48,48,48,48,48,48,16,16,48,48,48,48,48,48,16,16,48,48,48,48,48,48,48,16,48,48,48,48,48,48,48,16,48,48,48,48,48,48,48,16,48,48,48,48,48,48,48,16,48,48,16,24,48,16,16,16,48,48,16,48,16,48,16,16"
26,66.85,48.67,"10.18,15.56,18.84,20.96,22.44,23.48,23.95,24.21,24.94,25.36,25.89,26.34,26.68,26.99,27.34,27.54,27.92,28.14,28.44,28.70,28.90,29.07,29.30,29.42,29.66,29.82,30.02,30.19,30.34,30.46,30.62,30.70,30.86,30.98,31.13,31.26,31.37,31.47,31.59,31.65,31.77,31.87,31.99,32.08,32.18,32.27,32.36,32.41,32.51,32.59,32.69,32.78,32.86,32.94,33.02,33.07,33.16,33.23,33.31,33.39,33.47,33.55,33.62,33.68","0.5142,0.5137,0.5137,0.5136","1.0098,1.0098,0.9936,0.9863,0.0001,0.0001,0.0001,0.0001,0.0000,0.0000,0.0000,0.0000,0.0000,0.0000,0.0000,0.0000,0.0000,0.0000,0.0000,0.0000,0.0000,0.0000,0.0000,0.0000,0.0000,0.0000,0.0000,0.0000,0.0000,0.0000,0.0000,0.0000,0.0000,0.0000,0.0000,0.0000,0.0000,0.0000,0.0000,0.0000,0.0000,0.0000,0.0000,0.0000,0.0000,0.0000,0.0000,0.0000,0.0000,0.0000,0.0000,0.0000,0.0000,0.0000,0.0000,0.0000,0.0000,0.0000,0.0000,0.0000,0.0000,0.0000,0.0000,0.0000","5,5,5,13","24,24,24,24,24,24,24,24,24,24,24,24,24,24,24,24,24,24,24,24,24,24,24,24,24,24,24,24,24,24,24,24,24,24,24,24,24,24,24,24,24,24,24,24,24,24,24,24,24,24,24,24,24,24,24,24,24,24,24,24,24,24,24,24"
27,74.72,50.22,"10.68,16.92,21.13,23.70,24.58,25.21,25.69,26.01,26.71,27.26,27.73,28.14,28.47,28.72,29.03,29.25,29.65,29.91,30.22,30.50,30.72,30.88,31.10,31.25,31.49,31.68,31.91,32.09,32.25,32.36,32.51,32.64,32.82,32.96,33.14,33.27,33.39,33.48,33.60,33.69,33.83,33.95,34.09,34.20,34.29,34.37,34.47,34.56,34.68,34.78,34.90,34.99,35.07,35.14,35.23,35.31,35.42,35.50,35.60,35.68,35.75,35.82,35.90,35.99","0.4643,0.4642,0.4639,0.4638","1.0058,1.0010,0.9974,0.9961,0.0001,0.0001,0.0001,0.0001,0.0000,0.0000,0.0000,0.0000,0.0000,0.0000,0.0000,0.0000,0.0000,0.0000,0.0000,0.0000,0.0000,0.0000,0.0000,0.0000,0.0000,0.0000,0.0000,0.0000,0.0000,0.0000,0.0000,0.0000,0.0000,0.0000,0.0000,0.0000,0.0000,0.0000,0.0000,0.0000,0.0000,0.0000,0.0000,0.0000,0.0000,0.0000,0.0000,0.0000,0.0000,0.0000,0.0000,0.0000,0.0000,0.0000,0.0000,0.0000,0.0000,0.0000,0.0000,0.0000,0.0000,0.0000,0.0000,0.0000","5,5,13,5","31,31,32,31,31,31,31,31,32,32,32,32,32,32,32,31,31,32,32,32,31,31,31,31,32,32,32,32,32,32,31,31,32,32,32,32,31,31,31,31,32,32,32,32,32,31,31,31,32,32,32,32,31,31,31,31,32,32,32,32,31,31,31,31"
28,74.62,48.98,"10.43,16.37,20.34,22.73,23.83,24.36,24.81,25.20,25.92,26.53,26.87,27.28,27.64,27.88,28.31,28.58,28.97,29.32,29.54,29.78,30.04,30.20,30.46,30.65,30.92,31.15,31.32,31.49,31.67,31.80,31.98,32.13,32.33,32.50,32.64,32.79,32.92,33.03,33.16,33.29,33.45,33.59,33.71,33.84,33.93,34.03,34.13,34.24,34.38,34.50,34.60,34.72,34.79,34.88,34.96,35.07,35.19,35.29,35.38,35.48,35.55,35.62,35.69,35.80","0.4495,0.4492,0.4490,0.4487","1.0108,1.0049,0.9981,0.9868,0.0001,0.0001,0.0001,0.0001,0.0000,0.0000,0.0000,0.0000,0.0000,0.0000,0.0000,0.0000,0.0000,0.0000,0.0000,0.0000,0.0000,0.0000,0.0000,0.0000,0.0000,0.0000,0.0000,0.0000,0.0000,0.0000,0.0000,0.0000,0.0000,0.0000,0.0000,0.0000,0.0000,0.0000,0.0000,0.0000,0.0000,0.0000,0.0000,0.0000,0.0000,0.0000,0.0000,0.0000,0.0000,0.0000,0.0000,0.0000,0.0000,0.0000,0.0000,0.0000,0.0000,0.0000,0.0000,0.0000,0.0000,0.0000,0.0000,0.0000","5,5,14,5","31,31,31,31,31,31,31,31,31,31,31,31,31,31,31,31,31,31,31,31,31,31,31,31,31,31,31,31,31,31,31,31,31,31,31,31,31,31,31,31,31,31,31,31,31,31,31,31,31,31,31,31,31,31,31,31,31,31,31,31,31,31,31,31"
29,73.56,49.55,"11.06,16.94,20.73,22.96,23.95,24.62,25.58,25.96,26.63,26.90,27.28,27.60,28.03,28.31,28.86,29.19,29.58,29.76,29.98,30.10,30.40,30.55,30.94,31.19,31.47,31.64,31.76,31.80,32.05,32.16,32.43,32.57,32.76,32.98,32.99,33.01,33.08,33.20,33.37,33.66,33.80,33.96,33.96,33.96,33.97,34.17,34.25,34.37,34.50,34.66,34.73,34.76,34.76,34.89,34.92,35.07,35.17,35.43,35.44,35.44,35.45,35.50,35.54,35.59","0.4476,0.4473,0.4473,0.4470","1.0097,1.0049,0.9932,0.9917,0.0001,0.0001,0.0001,0.0001,0.0000,0.0000,0.0000,0.0000,0.0000,0.0000,0.0000,0.0000,0.0000,0.0000,0.0000,0.0000,0.0000,0.0000,0.0000,0.0000,0.0000,0.0000,0.0000,0.0000,0.0000,0.0000,0.0000,0.0000,0.0000,0.0000,0.0000,0.0000,0.0000,0.0000,0.0000,0.0000,0.0000,0.0000,0.0000,0.0000,0.0000,0.0000,0.0000,0.0000,0.0000,0.0000,0.0000,0.0000,0.0000,0.0000,0.0000,0.0000,0.0000,0.0000,0.0000,0.0000,0.0000,0.0000,0.0000,0.0000","9,9,9,1","31,31,31,31,31,31,31,31,31,31,31,31,31,31,31,31,31,31,31,31,31,31,31,31,31,31,31,31,31,31,31,31,31,31,63,31,31,31,31,31,31,31,63,63,63,31,31,31,31,31,31,31,63,31,31,31,31,31,47,63,8,63,47,63"
31,80.95,49.64,"10.85,16.52,19.96,22.45,23.30,23.91,24.58,24.77,25.36,25.92,26.38,26.90,27.28,27.58,28.03,28.20,28.47,28.77,29.03,29.34,29.58,29.79,30.07,30.18,30.30,30.52,30.73,30.92,31.11,31.30,31.48,31.56,31.68,31.78,31.95,32.09,32.26,32.42,32.53,32.60,32.70,32.75,32.90,33.01,33.16,33.28,33.37,33.43,33.50,33.55,33.66,33.76,33.88,33.97,34.04,34.05,34.16,34.24,34.34,34.44,34.54,34.62,34.69,34.73","0.3963,0.3959,0.3958,0.3955","1.0137,1.0029,0.9965,0.9868,0.0001,0.0001,0.0001,0.0001,0.0000,0.0000,0.0000,0.0000,0.0000,0.0000,0.0000,0.0000,0.0000,0.0000,0.0000,0.0000,0.0000,0.0000,0.0000,0.0000,0.0000,0.0000,0.0000,0.0000,0.0000,0.0000,0.0000,0.0000,0.0000,0.0000,0.0000,0.0000,0.0000,0.0000,0.0000,0.0000,0.0000,0.0000,0.0000,0.0000,0.0000,0.0000,0.0000,0.0000,0.0000,0.0000,0.0000,0.0000,0.0000,0.0000,0.0000,0.0000,0.0000,0.0000,0.0000,0.0000,0.0000,0.0000,0.0000,0.0000","9,9,9,0","32,32,0,32,32,32,32,32,32,0,0,32,32,32,32,32,32,0,32,32,32,32,32,32,0,0,32,32,32,32,32,32,0,0,32,32,32,32,32,32,0,0,32,32,32,32,32,32,0,32,32,0,32,32,32,0,0,32,32,0,32,32,32,32"
32,41.94,34.23,"9.52,11.50,12.49,13.14,13.89,14.49,14.96,15.24,15.65,16.08,16.29,16.45,16.62,16.85,17.13,17.65,17.82,17.95,18.02,18.19,18.45,18.65,18.81,18.98,19.21,19.41,19.48,19.52,19.51,19.48,19.45,19.44,19.53,19.75,19.86,20.04,20.13,20.28,20.45,20.47,20.69,20.78,20.93,21.06,21.14,21.22,21.40,21.50,21.56,21.65,21.78,21.88,21.97,22.06,22.18,22.26,22.32,22.44,22.54,22.62,22.71,22.79,22.85,22.92","0.6372,0.6329,0.6177,0.5664","1.1719,1.0557,0.9917,0.7808,0.0001,0.0001,0.0001,0.0000,0.0000,0.0000,0.0000,0.0000,0.0000,0.0000,0.0000,0.0000,0.0000,0.0000,0.0000,0.0000,0.0000,0.0000,0.0000,0.0000,0.0000,0.0000,0.0000,0.0000,0.0000,0.0000,0.0000,0.0000,0.0000,0.0000,0.0000,0.0000,0.0000,0.0000,0.0000,0.0000,0.0000,0.0000,0.0000,0.0000,0.0000,0.0000,0.0000,0.0000,0.0000,0.0000,0.0000,0.0000,0.0000,0.0000,0.0000,0.0000,0.0000,0.0000,0.0000,0.0000,0.0000,0.0000,0.0000,0.0000","0,14,0,8","32,32,32,32,32,32,32,32,32,32,17,32,17,32,32,32,32,17,17,32,32,32,32,17,32,32,17,17,1,1,1,1,17,17,32,32,32,32,32,32,17,32,32,32,32,32,32,32,17,32,32,32,32,32,32,32,32,32,32,32,32,32,32,32"
33,38.33,32.42,"10.82,12.66,13.81,14.50,15.64,16.27,16.46,17.04,17.51,17.88,18.25,18.50,18.68,19.06,19.31,19.57,19.63,19.66,19.84,20.05,20.59,20.72,20.91,21.05,21.25,21.39,21.54,21.68,21.79,21.92,22.07,22.18,22.33,22.47,22.53,22.63,22.76,22.88,22.95,23.10,23.18,23.28,23.38,23.48,23.55,23.62,23.73,23.83,23.86,23.86,23.87,23.91,23.96,24.06,24.06,24.05,24.22,24.27,24.38,24.45,24.53,24.57,24.63,24.73","0.7954,0.7890,0.7823,0.7325","1.2432,1.1162,0.9756,0.6650,0.0001,0.0001,0.0001,0.0000,0.0000,0.0000,0.0000,0.0000,0.0000,0.0000,0.0000,0.0000,0.0000,0.0000,0.0000,0.0000,0.0000,0.0000,0.0000,0.0000,0.0000,0.0000,0.0000,0.0000,0.0000,0.0000,0.0000,0.0000,0.0000,0.0000,0.0000,0.0000,0.0000,0.0000,0.0000,0.0000,0.0000,0.0000,0.0000,0.0000,0.0000,0.0000,0.0000,0.0000,0.0000,0.0000,0.0000,0.0000,0.0000,0.0000,0.0000,0.0000,0.0000,0.0000,0.0000,0.0000,0.0000,0.0000,0.0000,0.0000","1,1,1,9","24,24,24,24,24,24,24,24,24,24,24,24,24,24,24,24,24,24,24,24,24,24,24,24,24,24,24,24,24,24,24,24,24,24,24,24,24,24,24,24,24,24,24,24,24,24,24,24,1,7,7,24,24,24,7,24,24,24,24,24,24,24,24,24"
52,28.20,25.26,"10.70,11.99,12.79,13.34,13.73,14.01,14.24,14.61,14.78,14.99,15.22,15.46,15.71,15.93,16.13,16.29,16.41,16.57,16.73,16.90,17.05,17.20,17.33,17.45,17.52,17.63,17.74,17.85,17.96,18.06,18.16,18.25,18.30,18.37,18.45,18.54,18.62,18.70,18.77,18.83,18.87,18.92,18.98,19.04,19.10,19.16,19.21,19.26,19.28,19.32,19.35,19.39,19.44,19.48,19.53,19.56,19.52,19.61,19.60,19.63,19.62,19.61,19.64,19.77","1.2188,1.2101,0.9526,0.5601","1.3877,1.1465,0.8081,0.6587,0.0001,0.0001,0.0001,0.0000,0.0000,0.0000,0.0000,0.0000,0.0000,0.0000,0.0000,0.0000,0.0000,0.0000,0.0000,0.0000,0.0000,0.0000,0.0000,0.0000,0.0000,0.0000,0.0000,0.0000,0.0000,0.0000,0.0000,0.0000,0.0000,0.0000,0.0000,0.0000,0.0000,0.0000,0.0000,0.0000,0.0000,0.0000,0.0000,0.0000,0.0000,0.0000,0.0000,0.0000,0.0000,0.0000,0.0000,0.0000,0.0000,0.0000,0.0000,0.0000,0.0000,0.0000,0.0000,0.0000,0.0000,0.0000,0.0000,0.0000","0,8,0,0","63,63,63,63,63,63,8,8,63,63,63,8,8,8,8,8,63,63,63,63,63,8,8,8,63,63,63,63,63,8,8,8,63,63,63,63,63,8,8,8,63,63,63,63,63,63,8,8,63,63,8,63,63,63,8,8,63,63,57,40,8,8,8,8"
53,22.09,19.09,"10.64,11.90,12.69,13.25,13.64,13.92,14.09,14.19,14.33,14.51,14.71,14.91,15.08,15.21,15.30,15.36,15.43,15.53,15.65,15.77,15.88,15.97,16.04,16.09,16.16,16.24,16.33,16.41,16.49,16.57,16.65,16.72,16.80,16.87,16.94,17.01,17.06,17.12,17.20,17.27,17.33,17.39,17.45,17.49,17.54,17.59,17.64,17.69,17.76,17.80,17.84,17.88,17.91,17.94,17.98,18.02,18.06,18.10,18.13,18.16,18.18,18.20,18.23,18.25","2.0797,1.9214,0.0001,0.0001","2.3535,1.6455,0.0002,0.0001,0.0001,0.0001,0.0000,0.0000,0.0000,0.0000,0.0000,0.0000,0.0000,0.0000,0.0000,0.0000,0.0000,0.0000,0.0000,0.0000,0.0000,0.0000,0.0000,0.0000,0.0000,0.0000,0.0000,0.0000,0.0000,0.0000,0.0000,0.0000,0.0000,0.0000,0.0000,0.0000,0.0000,0.0000,0.0000,0.0000,0.0000,0.0000,0.0000,0.0000,0.0000,0.0000,0.0000,0.0000,0.0000,0.0000,0.0000,0.0000,0.0000,0.0000,0.0000,0.0000,0.0000,0.0000,0.0000,0.0000,0.0000,0.0000,0.0000,0.0000","3,8,3,8","63,63,63,63,63,63,63,63,63,63,63,63,63,63,63,63,63,63,63,63,63,63,63,63,63,63,63,63,63,63,63,63,63,63,63,63,63,63,63,63,63,63,63,63,63,63,63,63,63,63,63,63,63,63,63,63,63,63,63,63,63,63,63,63"
54,24.76,21.77,"10.71,11.99,12.80,13.36,13.86,14.36,14.83,15.23,15.57,15.81,16.00,16.19,16.40,16.63,16.88,17.12,17.32,17.46,17.58,17.69,17.82,17.98,18.15,18.33,18.46,18.55,18.64,18.72,18.81,18.93,19.06,19.21,19.30,19.37,19.43,19.49,19.56,19.66,19.76,19.88,19.95,20.00,20.04,20.09,20.15,20.22,20.32,20.42,20.46,20.50,20.53,20.57,20.62,20.68,20.76,20.85,20.89,20.91,20.94,20.96,21.00,21.05,21.13,21.20","2.0120,1.9879,0.0001,0.0001","2.0371,1.9629,0.0001,0.0001,0.0001,0.0001,0.0000,0.0000,0.0000,0.0000,0.0000,0.0000,0.0000,0.0000,0.0000,0.0000,0.0000,0.0000,0.0000,0.0000,0.0000,0.0000,0.0000,0.0000,0.0000,0.0000,0.0000,0.0000,0.0000,0.0000,0.0000,0.0000,0.0000,0.0000,0.0000,0.0000,0.0000,0.0000,0.0000,0.0000,0.0000,0.0000,0.0000,0.0000,0.0000,0.0000,0.0000,0.0000,0.0000,0.0000,0.0000,0.0000,0.0000,0.0000,0.0000,0.0000,0.0000,0.0000,0.0000,0.0000,0.0000,0.0000,0.0000,0.0000","3,11,3,11","63,63,63,63,63,63,63,63,63,63,63,63,63,63,63,63,63,63,63,63,63,63,63,63,63,63,63,63,63,63,63,63,63,63,63,63,63,63,63,63,63,63,63,63,63,63,63,63,63,63,63,63,63,63,63,63,63,63,63,63,63,63,63,63"
55,22.03,19.68,"11.05,12.41,13.27,13.86,14.27,14.54,14.69,14.78,14.89,15.05,15.25,15.44,15.61,15.75,15.87,15.95,16.04,16.16,16.28,16.40,16.51,16.62,16.72,16.79,16.87,16.97,17.06,17.14,17.22,17.31,17.39,17.44,17.51,17.59,17.67,17.73,17.79,17.86,17.93,17.97,18.04,18.11,18.16,18.22,18.27,18.31,18.38,18.42,18.47,18.53,18.58,18.62,18.66,18.70,18.75,18.78,18.84,18.90,18.93,18.96,19.00,19.04,19.08,19.11","2.0838,1.9166,0.0002,0.0001","2.2246,1.7744,0.0002,0.0001,0.0001,0.0001,0.0000,0.0000,0.0000,0.0000,0.0000,0.0000,0.0000,0.0000,0.0000,0.0000,0.0000,0.0000,0.0000,0.0000,0.0000,0.0000,0.0000,0.0000,0.0000,0.0000,0.0000,0.0000,0.0000,0.0000,0.0000,0.0000,0.0000,0.0000,0.0000,0.0000,0.0000,0.0000,0.0000,0.0000,0.0000,0.0000,0.0000,0.0000,0.0000,0.0000,0.0000,0.0000,0.0000,0.0000,0.0000,0.0000,0.0000,0.0000,0.0000,0.0000,0.0000,0.0000,0.0000,0.0000,0.0000,0.0000,0.0000,0.0000","0,8,0,8","63,63,63,63,63,63,63,63,63,63,63,63,63,63,63,63,63,63,63,63,63,63,63,63,63,63,63,63,63,63,63,63,63,63,63,63,63,63,63,63,63,63,63,63,63,63,63,63,63,63,63,63,63,63,63,63,63,63,63,63,63,63,63,63"
56,24.47,21.51,"10.10,11.62,12.64,13.36,13.87,14.35,14.77,15.12,15.42,15.67,15.89,16.10,16.32,16.54,16.77,16.99,17.18,17.34,17.48,17.61,17.74,17.88,18.04,18.19,18.33,18.45,18.55,18.65,18.73,18.84,18.95,19.07,19.17,19.27,19.35,19.41,19.49,19.56,19.65,19.74,19.83,19.90,19.96,20.01,20.07,20.13,20.19,20.27,20.33,20.39,20.45,20.49,20.53,20.57,20.63,20.68,20.74,20.78,20.82,20.86,20.89,20.92,20.97,21.01","2.0136,1.9852,0.0001,0.0001","2.0449,1.9550,0.0001,0.0001,0.0001,0.0001,0.0000,0.0000,0.0000,0.0000,0.0000,0.0000,0.0000,0.0000,0.0000,0.0000,0.0000,0.0000,0.0000,0.0000,0.0000,0.0000,0.0000,0.0000,0.0000,0.0000,0.0000,0.0000,0.0000,0.0000,0.0000,0.0000,0.0000,0.0000,0.0000,0.0000,0.0000,0.0000,0.0000,0.0000,0.0000,0.0000,0.0000,0.0000,0.0000,0.0000,0.0000,0.0000,0.0000,0.0000,0.0000,0.0000,0.0000,0.0000,0.0000,0.0000,0.0000,0.0000,0.0000,0.0000,0.0000,0.0000,0.0000,0.0000","3,11,3,11","63,63,63,63,63,63,63,63,63,63,63,63,63,63,63,63,63,63,63,63,63,63,63,63,63,63,63,63,63,63,63,63,63,63,63,63,63,63,63,63,63,63,63,63,63,63,63,63,63,63,63,63,63,63,63,63,63,63,63,63,63,63,63,63"
57,31.91,28.48,"8.13,11.42,12.86,13.96,14.78,15.38,15.86,16.22,16.44,16.74,17.03,17.36,17.68,17.98,18.23,18.43,18.57,18.74,18.91,19.12,19.31,19.50,19.66,19.81,19.90,20.03,20.16,20.31,20.45,20.58,20.70,20.81,20.92,21.05,21.16,21.28,21.37,21.46,21.55,21.64,21.76,21.85,21.94,22.03,22.10,22.17,22.23,22.29,22.39,22.47,22.54,22.61,22.67,22.72,22.76,22.80,22.87,22.93,23.01,23.07,23.12,23.16,23.20,23.22","1.2461,1.2403,1.2138,0.2998","1.1875,1.0840,0.9790,0.7495,0.0001,0.0001,0.0001,0.0000,0.0000,0.0000,0.0000,0.0000,0.0000,0.0000,0.0000,0.0000,0.0000,0.0000,0.0000,0.0000,0.0000,0.0000,0.0000,0.0000,0.0000,0.0000,0.0000,0.0000,0.0000,0.0000,0.0000,0.0000,0.0000,0.0000,0.0000,0.0000,0.0000,0.0000,0.0000,0.0000,0.0000,0.0000,0.0000,0.0000,0.0000,0.0000,0.0000,0.0000,0.0000,0.0000,0.0000,0.0000,0.0000,0.0000,0.0000,0.0000,0.0000,0.0000,0.0000,0.0000,0.0000,0.0000,0.0000,0.0000","12,4,4,4","48,48,48,48,48,48,48,48,48,48,48,48,48,48,48,48,48,48,48,48,48,48,48,48,48,48,48,48,48,48,48,48,48,48,48,48,48,48,48,48,48,48,48,48,48,48,48,48,48,48,48,48,48,48,48,48,48,48,48,48,48,48,48,48"
58,39.61,36.14,"11.53,14.62,15.71,16.48,17.15,17.70,18.15,18.57,18.96,19.39,19.70,19.99,20.29,20.57,20.84,21.04,21.26,21.51,21.69,21.88,22.07,22.26,22.43,22.57,22.72,22.87,23.02,23.15,23.29,23.43,23.57,23.67,23.77,23.88,23.97,24.09,24.20,24.31,24.42,24.50,24.59,24.66,24.74,24.83,24.93,25.02,25.10,25.17,25.24,25.31,25.37,25.45,25.52,25.59,25.67,25.73,25.79,25.84,25.89,25.95,26.01,26.08,26.14,26.19","1.0987,1.0979,1.0927,0.7104","1.0371,1.0205,1.0098,0.9326,0.0001,0.0001,0.0001,0.0001,0.0000,0.0000,0.0000,0.0000,0.0000,0.0000,0.0000,0.0000,0.0000,0.0000,0.0000,0.0000,0.0000,0.0000,0.0000,0.0000,0.0000,0.0000,0.0000,0.0000,0.0000,0.0000,0.0000,0.0000,0.0000,0.0000,0.0000,0.0000,0.0000,0.0000,0.0000,0.0000,0.0000,0.0000,0.0000,0.0000,0.0000,0.0000,0.0000,0.0000,0.0000,0.0000,0.0000,0.0000,0.0000,0.0000,0.0000,0.0000,0.0000,0.0000,0.0000,0.0000,0.0000,0.0000,0.0000,0.0000","0,8,0,0","48,48,48,48,48,48,48,48,48,48,48,48,48,48,48,48,48,48,48,48,48,48,48,48,48,48,48,48,48,48,48,48,48,48,48,48,48,48,48,48,48,48,48,48,48,48,48,48,48,48,48,48,48,48,48,48,48,48,48,48,48,48,48,48"
66,62.53,48.45,"11.43,18.04,21.94,24.00,25.87,27.00,27.74,28.43,29.09,29.60,30.05,30.49,30.81,31.06,31.34,31.70,32.05,32.33,32.58,32.83,33.01,33.12,33.28,33.52,33.74,33.94,34.09,34.26,34.38,34.43,34.55,34.73,34.90,35.04,35.15,35.27,35.35,35.38,35.48,35.62,35.76,35.87,35.95,36.06,36.11,36.14,36.23,36.36,36.48,36.57,36.64,36.73,36.73,36.78,36.86,36.99,37.09,37.09,37.09,37.18,37.22,37.29,37.37,37.52","0.5630,0.5629,0.5624,0.5616","1.0078,1.0029,1.0019,0.9878,0.0001,0.0001,0.0001,0.0001,0.0000,0.0000,0.0000,0.0000,0.0000,0.0000,0.0000,0.0000,0.0000,0.0000,0.0000,0.0000,0.0000,0.0000,0.0000,0.0000,0.0000,0.0000,0.0000,0.0000,0.0000,0.0000,0.0000,0.0000,0.0000,0.0000,0.0000,0.0000,0.0000,0.0000,0.0000,0.0000,0.0000,0.0000,0.0000,0.0000,0.0000,0.0000,0.0000,0.0000,0.0000,0.0000,0.0000,0.0000,0.0000,0.0000,0.0000,0.0000,0.0000,0.0000,0.0000,0.0000,0.0000,0.0000,0.0000,0.0000","5,5,5,13","39,39,39,39,39,39,39,39,39,39,39,39,39,39,39,39,39,39,39,39,39,39,39,39,39,39,39,39,39,39,39,39,39,39,39,39,39,39,39,39,39,39,39,39,39,39,39,39,39,39,39,39,37,39,39,39,39,16,37,39,39,39,39,39"
67,69.78,48.31,"10.08,14.88,18.16,19.81,21.44,22.33,23.00,23.53,24.20,24.66,25.12,25.59,26.00,26.33,26.68,26.97,27.33,27.58,27.86,28.15,28.41,28.58,28.79,28.98,29.21,29.36,29.58,29.80,29.97,30.08,30.22,30.36,30.53,30.64,30.81,30.99,31.11,31.19,31.28,31.40,31.52,31.62,31.75,31.89,31.98,32.04,32.12,32.20,32.31,32.40,32.51,32.63,32.69,32.74,32.81,32.89,32.96,33.05,33.16,33.25,33.31,33.36,33.42,33.51","0.5191,0.5185,0.5185,0.5175","1.0127,1.0078,0.9932,0.9863,0.0001,0.0001,0.0001,0.0001,0.0000,0.0000,0.0000,0.0000,0.0000,0.0000,0.0000,0.0000,0.0000,0.0000,0.0000,0.0000,0.0000,0.0000,0.0000,0.0000,0.0000,0.0000,0.0000,0.0000,0.0000,0.0000,0.0000,0.0000,0.0000,0.0000,0.0000,0.0000,0.0000,0.0000,0.0000,0.0000,0.0000,0.0000,0.0000,0.0000,0.0000,0.0000,0.0000,0.0000,0.0000,0.0000,0.0000,0.0000,0.0000,0.0000,0.0000,0.0000,0.0000,0.0000,0.0000,0.0000,0.0000,0.0000,0.0000,0.0000","8,8,8,14","32,30,32,30,32,32,32,32,32,32,30,30,32,32,32,32,32,32,30,32,32,32,32,32,32,32,30,32,32,32,32,32,32,32,30,32,32,32,32,32,32,30,30,32,32,32,32,32,32,30,32,32,30,32,32,32,32,30,32,32,30,32,32,32"
68,68.98,50.35,"10.67,15.92,19.03,20.72,22.21,23.03,23.67,24.15,24.77,25.20,25.66,26.06,26.43,26.75,27.13,27.40,27.76,28.01,28.27,28.50,28.74,28.93,29.17,29.35,29.60,29.78,29.96,30.12,30.29,30.42,30.58,30.73,30.91,31.05,31.18,31.32,31.44,31.54,31.66,31.78,31.92,32.04,32.15,32.27,32.36,32.44,32.54,32.64,32.76,32.86,32.96,33.06,33.14,33.21,33.29,33.39,33.48,33.58,33.66,33.76,33.82,33.88,33.96,34.04","0.4995,0.4993,0.4990,0.4983","1.0185,1.0019,0.9922,0.9868,0.0001,0.0001,0.0001,0.0001,0.0000,0.0000,0.0000,0.0000,0.0000,0.0000,0.0000,0.0000,0.0000,0.0000,0.0000,0.0000,0.0000,0.0000,0.0000,0.0000,0.0000,0.0000,0.0000,0.0000,0.0000,0.0000,0.0000,0.0000,0.0000,0.0000,0.0000,0.0000,0.0000,0.0000,0.0000,0.0000,0.0000,0.0000,0.0000,0.0000,0.0000,0.0000,0.0000,0.0000,0.0000,0.0000,0.0000,0.0000,0.0000,0.0000,0.0000,0.0000,0.0000,0.0000,0.0000,0.0000,0.0000,0.0000,0.0000,0.0000","9,9,9,9","24,30,30,24,30,30,24,24,24,30,30,30,30,30,24,24,24,30,30,30,30,30,24,24,24,30,30,30,30,24,24,24,24,30,30,30,30,24,24,24,24,30,30,30,30,24,24,24,24,30,30,30,24,24,24,24,24,30,30,24,24,24,24,24"
69,70.44,47.29,"9.90,13.99,16.29,17.61,18.73,19.62,20.42,21.06,21.73,22.13,22.46,22.79,23.10,23.41,23.73,24.13,24.49,24.71,24.91,25.10,25.30,25.50,25.68,25.96,26.19,26.34,26.49,26.63,26.77,26.91,27.05,27.26,27.43,27.54,27.65,27.76,27.87,27.99,28.09,28.27,28.40,28.49,28.58,28.67,28.77,28.86,28.95,29.11,29.21,29.29,29.37,29.44,29.53,29.61,29.69,29.84,29.93,30.00,30.06,30.13,30.20,30.28,30.35,30.50","0.4726,0.4723,0.4719,0.4718","1.0195,1.0127,0.9892,0.9790,0.0001,0.0001,0.0001,0.0001,0.0000,0.0000,0.0000,0.0000,0.0000,0.0000,0.0000,0.0000,0.0000,0.0000,0.0000,0.0000,0.0000,0.0000,0.0000,0.0000,0.0000,0.0000,0.0000,0.0000,0.0000,0.0000,0.0000,0.0000,0.0000,0.0000,0.0000,0.0000,0.0000,0.0000,0.0000,0.0000,0.0000,0.0000,0.0000,0.0000,0.0000,0.0000,0.0000,0.0000,0.0000,0.0000,0.0000,0.0000,0.0000,0.0000,0.0000,0.0000,0.0000,0.0000,0.0000,0.0000,0.0000,0.0000,0.0000,0.0000","10,8,1,10","32,38,32,32,32,32,32,32,32,32,32,32,32,32,32,32,32,32,32,32,32,32,32,32,32,32,32,32,32,32,32,32,32,32,32,32,32,32,32,32,32,32,32,32,32,32,32,32,32,32,32,32,32,32,32,32,32,32,32,32,32,32,32,32"
72,32.26,27.89,"11.54,12.87,14.10,15.15,16.03,16.76,17.35,17.83,18.23,18.49,18.67,18.81,18.97,19.18,19.41,19.64,19.86,20.03,20.14,20.23,20.31,20.43,20.56,20.72,20.87,20.99,21.08,21.13,21.19,21.26,21.36,21.48,21.58,21.68,21.75,21.80,21.84,21.89,21.97,22.06,22.15,22.22,22.28,22.32,22.37,22.42,22.46,22.53,22.61,22.68,22.73,22.76,22.79,22.83,22.88,22.93,23.00,23.06,23.11,23.14,23.17,23.19,23.23,23.26","0.8911,0.8673,0.8026,0.8012","1.6669,1.5655,0.7007,0.0661,0.0001,0.0001,0.0001,0.0000,0.0000,0.0000,0.0000,0.0000,0.0000,0.0000,0.0000,0.0000,0.0000,0.0000,0.0000,0.0000,0.0000,0.0000,0.0000,0.0000,0.0000,0.0000,0.0000,0.0000,0.0000,0.0000,0.0000,0.0000,0.0000,0.0000,0.0000,0.0000,0.0000,0.0000,0.0000,0.0000,0.0000,0.0000,0.0000,0.0000,0.0000,0.0000,0.0000,0.0000,0.0000,0.0000,0.0000,0.0000,0.0000,0.0000,0.0000,0.0000,0.0000,0.0000,0.0000,0.0000,0.0000,0.0000,0.0000,0.0000","4,4,4,4","24,24,24,24,24,24,24,24,24,24,24,24,24,24,24,24,24,24,24,24,24,24,24,24,24,24,24,24,24,24,24,24,24,24,24,24,24,24,24,24,24,24,24,24,24,24,24,24,24,24,24,24,24,24,24,24,24,24,24,24,24,24,24,24"
92,28.48,23.98,"11.47,12.58,13.23,13.68,14.02,14.26,14.41,14.51,14.76,15.01,15.27,15.50,15.70,15.85,15.96,16.03,16.15,16.31,16.46,16.62,16.76,16.88,16.96,17.02,17.10,17.20,17.30,17.42,17.53,17.62,17.69,17.75,17.79,17.86,17.94,18.02,18.11,18.18,18.24,18.29,18.32,18.36,18.42,18.49,18.55,18.61,18.67,18.70,18.72,18.76,18.80,18.85,18.90,18.96,19.00,19.03,19.05,19.08,19.11,19.16,19.20,19.24,19.27,19.30","1.2276,1.2205,0.7993,0.7519","1.9619,1.5205,0.4414,0.0763,0.0001,0.0001,0.0000,0.0000,0.0000,0.0000,0.0000,0.0000,0.0000,0.0000,0.0000,0.0000,0.0000,0.0000,0.0000,0.0000,0.0000,0.0000,0.0000,0.0000,0.0000,0.0000,0.0000,0.0000,0.0000,0.0000,0.0000,0.0000,0.0000,0.0000,0.0000,0.0000,0.0000,0.0000,0.0000,0.0000,0.0000,0.0000,0.0000,0.0000,0.0000,0.0000,0.0000,0.0000,0.0000,0.0000,0.0000,0.0000,0.0000,0.0000,0.0000,0.0000,0.0000,0.0000,0.0000,0.0000,0.0000,0.0000,0.0000,0.0000","15,1,1,15","7,7,7,7,7,7,7,7,7,7,7,7,7,7,7,7,7,7,7,7,7,7,7,7,7,7,7,7,7,7,7,7,7,7,7,7,7,7,7,7,7,7,7,7,7,57,7,7,57,7,57,57,57,7,7,7,57,57,7,57,7,7,57,57"
93,29.82,24.57,"10.04,11.96,13.27,14.03,14.62,15.04,15.31,15.50,15.73,16.01,16.34,16.64,16.90,17.10,17.25,17.34,17.46,17.62,17.80,17.99,18.16,18.29,18.39,18.45,18.52,18.62,18.75,18.88,19.01,19.11,19.18,19.22,19.28,19.35,19.44,19.54,19.64,19.73,19.77,19.84,19.87,19.93,19.99,20.08,20.16,20.26,20.32,20.36,20.39,20.43,20.50,20.59,20.67,20.76,20.83,20.87,20.90,20.94,21.00,21.08,21.17,21.25,21.47,21.53","1.3602,1.3525,1.2872,0.0001","1.5235,1.1543,1.0938,0.2290,0.0001,0.0001,0.0001,0.0000,0.0000,0.0000,0.0000,0.0000,0.0000,0.0000,0.0000,0.0000,0.0000,0.0000,0.0000,0.0000,0.0000,0.0000,0.0000,0.0000,0.0000,0.0000,0.0000,0.0000,0.0000,0.0000,0.0000,0.0000,0.0000,0.0000,0.0000,0.0000,0.0000,0.0000,0.0000,0.0000,0.0000,0.0000,0.0000,0.0000,0.0000,0.0000,0.0000,0.0000,0.0000,0.0000,0.0000,0.0000,0.0000,0.0000,0.0000,0.0000,0.0000,0.0000,0.0000,0.0000,0.0000,0.0000,0.0000,0.0000","3,8,1,8","0,0,0,0,0,0,0,0,0,0,0,0,0,0,0,0,0,0,0,0,0,0,0,0,0,0,0,0,0,0,0,0,0,0,0,0,0,0,0,0,0,0,0,0,0,0,0,0,0,0,0,0,0,0,0,0,0,0,0,0,0,0,0,0"
94,24.72,21.95,"11.03,12.26,13.02,13.53,13.89,14.12,14.33,14.60,14.88,15.12,15.31,15.49,15.66,15.83,16.01,16.21,16.40,16.55,16.68,16.79,16.89,17.00,17.12,17.26,17.41,17.52,17.62,17.70,17.77,17.85,17.94,18.04,18.16,18.26,18.33,18.40,18.45,18.51,18.58,18.66,18.77,18.84,18.90,18.96,19.00,19.05,19.10,19.16,19.25,19.32,19.38,19.42,19.46,19.49,19.54,19.58,19.66,19.72,19.77,19.80,19.84,19.87,19.90,19.94","1.5254,1.4854,0.9893,0.0001","1.9903,1.8916,0.1180,0.0001,0.0001,0.0001,0.0001,0.0000,0.0000,0.0000,0.0000,0.0000,0.0000,0.0000,0.0000,0.0000,0.0000,0.0000,0.0000,0.0000,0.0000,0.0000,0.0000,0.0000,0.0000,0.0000,0.0000,0.0000,0.0000,0.0000,0.0000,0.0000,0.0000,0.0000,0.0000,0.0000,0.0000,0.0000,0.0000,0.0000,0.0000,0.0000,0.0000,0.0000,0.0000,0.0000,0.0000,0.0000,0.0000,0.0000,0.0000,0.0000,0.0000,0.0000,0.0000,0.0000,0.0000,0.0000,0.0000,0.0000,0.0000,0.0000,0.0000,0.0000","15,7,15,15","0,0,0,0,0,0,0,0,0,0,0,0,0,0,0,0,0,0,0,0,0,0,0,0,0,0,0,0,0,0,0,0,0,0,0,0,0,0,0,0,0,0,0,0,0,0,0,0,0,0,0,0,0,0,0,0,0,0,0,0,0,0,0,0"
95,22.20,19.91,"9.90,11.20,12.01,12.57,12.95,13.20,13.35,13.42,13.55,13.73,13.92,14.12,14.28,14.41,14.49,14.53,14.59,14.68,14.80,14.92,15.02,15.11,15.16,15.20,15.24,15.30,15.37,15.46,15.54,15.60,15.64,15.67,15.70,15.74,15.79,15.86,15.91,15.97,16.00,16.02,16.04,16.07,16.11,16.16,16.21,16.25,16.28,16.30,16.31,16.34,16.37,16.41,16.46,16.51,16.55,16.58,16.60,16.62,16.65,16.69,16.74,16.80,16.85,16.89","1.8602,1.6973,0.4422,0.0001","1.9277,1.0966,0.9756,0.0001,0.0001,0.0001,0.0000,0.0000,0.0000,0.0000,0.0000,0.0000,0.0000,0.0000,0.0000,0.0000,0.0000,0.0000,0.0000,0.0000,0.0000,0.0000,0.0000,0.0000,0.0000,0.0000,0.0000,0.0000,0.0000,0.0000,0.0000,0.0000,0.0000,0.0000,0.0000,0.0000,0.0000,0.0000,0.0000,0.0000,0.0000,0.0000,0.0000,0.0000,0.0000,0.0000,0.0000,0.0000,0.0000,0.0000,0.0000,0.0000,0.0000,0.0000,0.0000,0.0000,0.0000,0.0000,0.0000,0.0000,0.0000,0.0000,0.0000,0.0000","0,8,0,8","0,0,0,0,0,0,0,55,0,0,0,0,0,0,0,55,0,0,0,0,0,0,55,55,55,0,0,0,0,0,0,0,55,0,0,55,0,0,0,55,0,55,0,0,0,0,0,0,0,0,0,0,0,0,55,0,55,0,0,55,55,55,55,0"
96,27.09,24.50,"10.34,12.15,13.39,14.20,14.88,15.34,15.65,15.88,16.08,16.34,16.64,16.93,17.22,17.44,17.61,17.72,17.84,17.96,18.13,18.31,18.49,18.63,18.74,18.83,18.90,19.04,19.15,19.28,19.42,19.48,19.57,19.69,19.75,19.82,19.92,20.01,20.10,20.19,20.26,20.31,20.38,20.42,20.50,20.57,20.65,20.70,20.78,20.81,20.85,20.90,20.96,20.99,21.05,21.09,21.15,21.17,21.21,21.26,21.29,21.35,21.39,21.44,21.47,21.50","1.4033,1.3789,1.2175,0.0001","1.8115,1.4707,0.4417,0.2764,0.0001,0.0001,0.0001,0.0000,0.0000,0.0000,0.0000,0.0000,0.0000,0.0000,0.0000,0.0000,0.0000,0.0000,0.0000,0.0000,0.0000,0.0000,0.0000,0.0000,0.0000,0.0000,0.0000,0.0000,0.0000,0.0000,0.0000,0.0000,0.0000,0.0000,0.0000,0.0000,0.0000,0.0000,0.0000,0.0000,0.0000,0.0000,0.0000,0.0000,0.0000,0.0000,0.0000,0.0000,0.0000,0.0000,0.0000,0.0000,0.0000,0.0000,0.0000,0.0000,0.0000,0.0000,0.0000,0.0000,0.0000,0.0000,0.0000,0.0000","0,0,0,0","48,48,48,48,48,48,48,48,48,48,48,48,48,48,48,48,48,48,48,48,48,48,48,48,48,48,48,48,48,48,48,48,48,48,48,48,48,48,48,48,48,48,48,48,48,48,48,48,48,48,48,0,48,48,48,48,48,48,48,48,48,48,48,48"
97,32.29,27.79,"9.11,12.18,13.53,14.45,15.16,15.60,15.92,16.16,16.42,16.75,17.07,17.38,17.67,17.92,18.11,18.25,18.40,18.58,18.76,18.94,19.12,19.29,19.42,19.52,19.62,19.74,19.86,19.98,20.11,20.23,20.33,20.41,20.49,20.56,20.65,20.74,20.84,20.94,21.02,21.09,21.13,21.19,21.24,21.31,21.39,21.48,21.55,21.62,21.64,21.65,21.69,21.75,21.82,21.90,21.97,22.04,22.05,22.07,22.11,22.17,22.23,22.32,22.43,22.49","1.3455,1.3417,1.3135,0.0001","1.4463,1.1601,1.0762,0.3174,0.0001,0.0001,0.0001,0.0000,0.0000,0.0000,0.0000,0.0000,0.0000,0.0000,0.0000,0.0000,0.0000,0.0000,0.0000,0.0000,0.0000,0.0000,0.0000,0.0000,0.0000,0.0000,0.0000,0.0000,0.0000,0.0000,0.0000,0.0000,0.0000,0.0000,0.0000,0.0000,0.0000,0.0000,0.0000,0.0000,0.0000,0.0000,0.0000,0.0000,0.0000,0.0000,0.0000,0.0000,0.0000,0.0000,0.0000,0.0000,0.0000,0.0000,0.0000,0.0000,0.0000,0.0000,0.0000,0.0000,0.0000,0.0000,0.0000,0.0000","15,5,5,5","48,48,48,48,48,48,48,48,48,48,48,48,48,48,48,48,48,48,48,48,48,48,48,48,48,48,48,48,48,48,48,48,48,48,48,48,48,48,48,48,48,48,48,48,48,48,48,48,48,48,48,48,48,48,48,48,48,48,48,48,48,48,48,48"
98,32.78,29.90,"10.72,11.94,13.16,14.07,14.64,15.16,15.56,15.86,16.10,16.38,16.67,16.94,17.20,17.43,17.62,17.77,17.90,18.06,18.24,18.41,18.58,18.72,18.85,18.96,19.04,19.14,19.27,19.39,19.50,19.61,19.70,19.78,19.84,19.92,20.01,20.10,20.18,20.26,20.34,20.39,20.41,20.46,20.53,20.60,20.69,20.73,20.78,20.81,20.85,20.89,20.95,21.00,21.06,21.11,21.14,21.17,21.19,21.23,21.28,21.33,21.37,21.41,21.43,21.45","1.4934,1.4931,1.0135,0.0001","1.6719,1.4824,0.8452,0.0001,0.0001,0.0001,0.0000,0.0000,0.0000,0.0000,0.0000,0.0000,0.0000,0.0000,0.0000,0.0000,0.0000,0.0000,0.0000,0.0000,0.0000,0.0000,0.0000,0.0000,0.0000,0.0000,0.0000,0.0000,0.0000,0.0000,0.0000,0.0000,0.0000,0.0000,0.0000,0.0000,0.0000,0.0000,0.0000,0.0000,0.0000,0.0000,0.0000,0.0000,0.0000,0.0000,0.0000,0.0000,0.0000,0.0000,0.0000,0.0000,0.0000,0.0000,0.0000,0.0000,0.0000,0.0000,0.0000,0.0000,0.0000,0.0000,0.0000,0.0000","0,8,0,8","63,63,15,63,63,15,15,15,63,63,63,63,15,15,15,15,63,63,63,63,63,15,15,15,63,63,63,63,63,15,15,15,63,63,63,63,63,15,15,63,63,63,63,63,15,15,63,63,63,63,15,15,63,63,63,63,63,63,15,15,63,63,63,63"
106,65.14,48.93,"11.51,17.99,21.62,23.73,25.72,27.08,27.83,28.36,28.96,29.49,29.93,30.42,30.76,31.09,31.43,31.70,32.00,32.29,32.54,32.83,33.03,33.21,33.40,33.56,33.76,33.96,34.13,34.33,34.47,34.58,34.71,34.82,34.96,35.12,35.25,35.41,35.52,35.59,35.68,35.76,35.88,36.01,36.12,36.26,36.34,36.39,36.47,36.53,36.63,36.75,36.86,36.98,37.04,37.09,37.15,37.16,37.26,37.37,37.47,37.60,37.65,37.70,37.75,37.80","0.5484,0.5479,0.5478,0.5464","1.0146,1.0068,1.0049,0.9742,0.0001,0.0001,0.0001,0.0001,0.0000,0.0000,0.0000,0.0000,0.0000,0.0000,0.0000,0.0000,0.0000,0.0000,0.0000,0.0000,0.0000,0.0000,0.0000,0.0000,0.0000,0.0000,0.0000,0.0000,0.0000,0.0000,0.0000,0.0000,0.0000,0.0000,0.0000,0.0000,0.0000,0.0000,0.0000,0.0000,0.0000,0.0000,0.0000,0.0000,0.0000,0.0000,0.0000,0.0000,0.0000,0.0000,0.0000,0.0000,0.0000,0.0000,0.0000,0.0000,0.0000,0.0000,0.0000,0.0000,0.0000,0.0000,0.0000,0.0000","5,5,5,5","39,39,39,39,39,39,39,39,39,39,39,39,39,39,39,39,39,39,39,39,39,39,39,39,39,39,39,39,39,39,39,39,39,39,39,39,39,39,39,39,39,39,39,39,39,39,39,39,39,39,39,39,39,39,39,33,39,39,39,39,39,39,39,39"
107,70.12,49.51,"10.23,15.67,19.51,21.76,23.14,23.92,24.41,24.78,25.50,26.03,26.61,27.13,27.48,27.79,28.08,28.31,28.73,29.01,29.37,29.66,29.86,30.02,30.20,30.35,30.63,30.83,31.08,31.27,31.40,31.51,31.62,31.73,31.95,32.11,32.29,32.43,32.52,32.60,32.67,32.76,32.93,33.06,33.20,33.32,33.40,33.45,33.50,33.58,33.71,33.83,33.93,34.04,34.10,34.15,34.19,34.26,34.37,34.47,34.56,34.65,34.70,34.74,34.74,34.81","0.5195,0.5191,0.5190,0.5181","1.0117,1.0049,0.9951,0.9883,0.0001,0.0001,0.0001,0.0001,0.0000,0.0000,0.0000,0.0000,0.0000,0.0000,0.0000,0.0000,0.0000,0.0000,0.0000,0.0000,0.0000,0.0000,0.0000,0.0000,0.0000,0.0000,0.0000,0.0000,0.0000,0.0000,0.0000,0.0000,0.0000,0.0000,0.0000,0.0000,0.0000,0.0000,0.0000,0.0000,0.0000,0.0000,0.0000,0.0000,0.0000,0.0000,0.0000,0.0000,0.0000,0.0000,0.0000,0.0000,0.0000,0.0000,0.0000,0.0000,0.0000,0.0000,0.0000,0.0000,0.0000,0.0000,0.0000,0.0000","13,4,4,13","32,38,32,38,32,32,32,32,32,38,38,38,32,32,32,32,32,38,38,38,32,32,32,32,32,38,38,38,32,32,32,32,32,38,38,38,32,32,32,32,32,38,38,32,32,32,32,32,32,38,38,32,32,32,32,32,32,38,38,32,32,32,7,32"
108,70.06,50.92,"11.58,18.23,22.36,24.62,26.48,27.31,27.69,28.02,28.74,29.03,29.38,29.77,30.20,30.57,30.95,31.34,31.74,31.93,32.11,32.37,32.56,32.85,33.09,33.33,33.60,33.75,33.87,34.06,34.20,34.39,34.57,34.75,34.94,35.06,35.16,35.31,35.41,35.55,35.69,35.83,35.97,36.08,36.17,36.29,36.37,36.49,36.60,36.72,36.84,36.93,37.01,37.12,37.18,37.29,37.38,37.48,37.58,37.67,37.74,37.83,37.89,37.98,38.06,38.16","0.4888,0.4886,0.4884,0.4879","1.0176,1.0127,0.9864,0.9839,0.0001,0.0001,0.0001,0.0001,0.0000,0.0000,0.0000,0.0000,0.0000,0.0000,0.0000,0.0000,0.0000,0.0000,0.0000,0.0000,0.0000,0.0000,0.0000,0.0000,0.0000,0.0000,0.0000,0.0000,0.0000,0.0000,0.0000,0.0000,0.0000,0.0000,0.0000,0.0000,0.0000,0.0000,0.0000,0.0000,0.0000,0.0000,0.0000,0.0000,0.0000,0.0000,0.0000,0.0000,0.0000,0.0000,0.0000,0.0000,0.0000,0.0000,0.0000,0.0000,0.0000,0.0000,0.0000,0.0000,0.0000,0.0000,0.0000,0.0000","9,9,9,9","31,31,31,31,31,31,31,31,31,31,31,31,31,31,31,31,31,31,31,31,31,31,31,31,31,31,31,31,31,31,31,31,31,31,31,31,31,31,31,31,31,31,31,31,31,31,31,31,31,31,31,31,31,31,31,31,31,31,31,31,31,31,31,31"
109,67.94,49.15,"10.20,15.74,19.95,22.13,22.91,23.42,23.79,24.56,25.23,25.92,26.24,26.65,27.09,27.35,27.76,27.98,28.29,28.65,28.84,29.10,29.24,29.43,29.68,29.80,29.99,30.26,30.37,30.53,30.79,30.93,31.08,31.14,31.30,31.38,31.48,31.65,31.84,31.93,32.04,32.08,32.20,32.34,32.42,32.49,32.65,32.72,32.80,32.81,32.92,33.04,33.11,33.19,33.32,33.40,33.46,33.49,33.57,33.67,33.72,33.81,33.92,33.99,34.06,34.12","0.5035,0.5034,0.5029,0.5029","1.0146,1.0000,0.9974,0.9874,0.0001,0.0001,0.0001,0.0000,0.0000,0.0000,0.0000,0.0000,0.0000,0.0000,0.0000,0.0000,0.0000,0.0000,0.0000,0.0000,0.0000,0.0000,0.0000,0.0000,0.0000,0.0000,0.0000,0.0000,0.0000,0.0000,0.0000,0.0000,0.0000,0.0000,0.0000,0.0000,0.0000,0.0000,0.0000,0.0000,0.0000,0.0000,0.0000,0.0000,0.0000,0.0000,0.0000,0.0000,0.0000,0.0000,0.0000,0.0000,0.0000,0.0000,0.0000,0.0000,0.0000,0.0000,0.0000,0.0000,0.0000,0.0000,0.0000,0.0000","13,4,13,13","38,0,38,0,38,38,0,0,38,0,38,0,38,38,0,0,38,0,38,0,32,38,0,0,38,0,0,0,38,38,0,0,38,38,0,0,38,38,0,0,38,0,0,38,38,0,0,0,38,0,0,38,38,0,0,0,38,0,0,38,38,0,0,0"
112,34.71,30.57,"9.58,10.50,11.58,12.40,13.08,13.63,14.11,14.53,14.89,15.14,15.32,15.48,15.65,15.85,16.07,16.32,16.54,16.70,16.81,16.91,17.02,17.14,17.27,17.45,17.60,17.72,17.82,17.89,17.97,18.05,18.14,18.28,18.41,18.51,18.57,18.63,18.70,18.76,18.83,18.93,19.05,19.13,19.17,19.24,19.29,19.34,19.39,19.48,19.59,19.66,19.71,19.76,19.80,19.84,19.90,19.96,20.07,20.11,20.15,20.22,20.23,20.27,20.32,20.37","0.8554,0.8448,0.7993,0.7833","1.2871,1.1230,0.9605,0.6299,0.0001,0.0001,0.0001,0.0000,0.0000,0.0000,0.0000,0.0000,0.0000,0.0000,0.0000,0.0000,0.0000,0.0000,0.0000,0.0000,0.0000,0.0000,0.0000,0.0000,0.0000,0.0000,0.0000,0.0000,0.0000,0.0000,0.0000,0.0000,0.0000,0.0000,0.0000,0.0000,0.0000,0.0000,0.0000,0.0000,0.0000,0.0000,0.0000,0.0000,0.0000,0.0000,0.0000,0.0000,0.0000,0.0000,0.0000,0.0000,0.0000,0.0000,0.0000,0.0000,0.0000,0.0000,0.0000,0.0000,0.0000,0.0000,0.0000,0.0000","5,5,5,12","32,32,32,32,32,32,32,32,32,32,32,32,32,32,32,32,32,32,16,32,32,32,32,32,32,32,32,32,32,32,32,32,32,32,32,32,16,16,32,16,32,16,32,16,32,16,32,32,32,32,16,32,16,32,32,16,16,32,32,16,16,32,32,32"
113,74.74,53.63,"10.33,17.49,22.36,25.21,26.28,27.13,27.82,28.59,29.20,29.70,30.20,30.89,31.27,31.68,32.06,32.52,32.80,33.04,33.28,33.58,33.77,33.98,34.18,34.45,34.56,34.67,34.80,34.96,35.05,35.14,35.28,35.44,35.54,35.64,35.74,35.88,35.97,36.05,36.19,36.32,36.40,36.50,36.61,36.75,36.86,36.92,37.04,37.11,37.18,37.24,37.30,37.40,37.49,37.56,37.66,37.71,37.78,37.85,37.91,38.02,38.13,38.23,38.31,38.36","0.5777,0.5776,0.5775,0.5772","1.0058,1.0000,0.9966,0.9965,0.0001,0.0001,0.0001,0.0000,0.0000,0.0000,0.0000,0.0000,0.0000,0.0000,0.0000,0.0000,0.0000,0.0000,0.0000,0.0000,0.0000,0.0000,0.0000,0.0000,0.0000,0.0000,0.0000,0.0000,0.0000,0.0000,0.0000,0.0000,0.0000,0.0000,0.0000,0.0000,0.0000,0.0000,0.0000,0.0000,0.0000,0.0000,0.0000,0.0000,0.0000,0.0000,0.0000,0.0000,0.0000,0.0000,0.0000,0.0000,0.0000,0.0000,0.0000,0.0000,0.0000,0.0000,0.0000,0.0000,0.0000,0.0000,0.0000,0.0000","0,8,8,0","7,7,7,25,7,7,7,7,7,7,7,7,7,7,7,7,7,7,7,7,7,7,7,7,7,7,7,7,7,7,7,7,5,5,5,7,7,5,7,7,5,5,5,7,7,5,7,7,7,5,7,7,7,7,7,7,7,7,7,7,7,7,7,7"
132,28.24,24.77,"10.78,12.44,13.90,14.79,15.38,15.84,16.17,16.37,16.56,16.82,17.13,17.45,17.71,17.93,18.09,18.19,18.31,18.46,18.64,18.80,18.97,19.11,19.22,19.29,19.41,19.51,19.64,19.77,19.89,19.97,20.06,20.09,20.14,20.23,20.32,20.42,20.52,20.60,20.67,20.70,20.72,20.78,20.81,20.91,20.99,21.05,21.13,21.15,21.17,21.19,21.25,21.30,21.37,21.42,21.46,21.52,21.59,21.63,21.67,21.71,21.76,21.81,21.84,21.87","1.1874,1.1757,0.9797,0.4464","1.3916,1.2442,0.7861,0.5781,0.0001,0.0001,0.0001,0.0000,0.0000,0.0000,0.0000,0.0000,0.0000,0.0000,0.0000,0.0000,0.0000,0.0000,0.0000,0.0000,0.0000,0.0000,0.0000,0.0000,0.0000,0.0000,0.0000,0.0000,0.0000,0.0000,0.0000,0.0000,0.0000,0.0000,0.0000,0.0000,0.0000,0.0000,0.0000,0.0000,0.0000,0.0000,0.0000,0.0000,0.0000,0.0000,0.0000,0.0000,0.0000,0.0000,0.0000,0.0000,0.0000,0.0000,0.0000,0.0000,0.0000,0.0000,0.0000,0.0000,0.0000,0.0000,0.0000,0.0000","12,4,12,4","0,0,0,0,0,0,0,0,0,0,0,0,0,0,0,0,0,0,0,0,0,0,0,0,0,0,0,0,0,0,0,6,0,0,0,0,0,0,0,0,58,0,0,0,0,0,0,0,0,0,0,0,0,0,0,0,0,0,0,0,0,0,0,0"
133,26.04,21.91,"10.10,11.49,12.42,13.09,13.57,13.90,14.11,14.25,14.41,14.61,14.81,15.02,15.21,15.38,15.52,15.65,15.82,15.96,16.10,16.23,16.36,16.49,16.61,16.73,16.85,16.95,17.06,17.17,17.30,17.42,17.54,17.66,17.75,17.84,17.95,18.06,18.17,18.28,18.40,18.52,18.60,18.67,18.75,18.85,18.95,19.05,19.16,19.27,19.34,19.40,19.47,19.55,19.64,19.72,19.81,19.91,19.98,20.03,20.10,20.17,20.25,20.32,20.41,20.51","1.2901,1.2275,1.1796,0.3018","1.5762,1.4443,0.9790,0.0001,0.0001,0.0001,0.0000,0.0000,0.0000,0.0000,0.0000,0.0000,0.0000,0.0000,0.0000,0.0000,0.0000,0.0000,0.0000,0.0000,0.0000,0.0000,0.0000,0.0000,0.0000,0.0000,0.0000,0.0000,0.0000,0.0000,0.0000,0.0000,0.0000,0.0000,0.0000,0.0000,0.0000,0.0000,0.0000,0.0000,0.0000,0.0000,0.0000,0.0000,0.0000,0.0000,0.0000,0.0000,0.0000,0.0000,0.0000,0.0000,0.0000,0.0000,0.0000,0.0000,0.0000,0.0000,0.0000,0.0000,0.0000,0.0000,0.0000,0.0000","3,11,3,3","7,7,7,7,7,7,7,7,7,7,7,7,7,7,7,7,7,7,7,7,7,7,7,7,7,7,7,7,7,7,7,7,7,7,7,7,7,7,7,7,7,7,7,7,7,7,7,7,7,7,7,7,7,7,7,7,7,7,7,7,7,7,7,7"
134,24.85,21.19,"10.64,11.90,12.66,13.17,13.53,13.76,13.90,13.98,14.14,14.34,14.55,14.75,14.92,15.04,15.12,15.17,15.26,15.39,15.53,15.67,15.80,15.89,15.97,16.03,16.12,16.25,16.39,16.53,16.64,16.73,16.80,16.86,16.94,17.06,17.19,17.33,17.44,17.53,17.60,17.65,17.72,17.83,17.95,18.07,18.18,18.26,18.33,18.37,18.44,18.53,18.63,18.73,18.83,18.91,18.97,19.01,19.07,19.14,19.22,19.31,19.39,19.47,19.51,19.57","1.4307,1.3753,1.1268,0.0669","1.7734,1.6260,0.6001,0.0001,0.0001,0.0000,0.0000,0.0000,0.0000,0.0000,0.0000,0.0000,0.0000,0.0000,0.0000,0.0000,0.0000,0.0000,0.0000,0.0000,0.0000,0.0000,0.0000,0.0000,0.0000,0.0000,0.0000,0.0000,0.0000,0.0000,0.0000,0.0000,0.0000,0.0000,0.0000,0.0000,0.0000,0.0000,0.0000,0.0000,0.0000,0.0000,0.0000,0.0000,0.0000,0.0000,0.0000,0.0000,0.0000,0.0000,0.0000,0.0000,0.0000,0.0000,0.0000,0.0000,0.0000,0.0000,0.0000,0.0000,0.0000,0.0000,0.0000,0.0000","3,11,3,3","7,7,7,7,7,7,7,7,7,7,7,7,7,7,7,7,7,7,7,7,7,7,7,7,7,7,7,7,7,7,7,7,7,7,7,7,7,7,7,7,7,7,7,7,7,7,7,7,7,7,7,7,7,7,7,7,7,7,7,7,7,7,7,7"
135,30.76,27.01,"11.33,12.58,13.33,13.85,14.20,14.45,14.68,14.86,15.14,15.38,15.58,15.79,16.02,16.24,16.45,16.61,16.79,16.92,17.03,17.15,17.31,17.49,17.66,17.82,17.94,18.02,18.11,18.21,18.33,18.48,18.64,18.78,18.86,18.92,18.98,19.07,19.18,19.30,19.44,19.57,19.62,19.66,19.70,19.77,19.87,19.98,20.10,20.21,20.25,20.30,20.35,20.41,20.49,20.58,20.68,20.78,20.83,20.88,20.93,20.98,21.04,21.12,21.21,21.29","1.0235,1.0069,0.9854,0.6488","1.2265,1.0264,0.9414,0.8057,0.0001,0.0001,0.0001,0.0001,0.0000,0.0000,0.0000,0.0000,0.0000,0.0000,0.0000,0.0000,0.0000,0.0000,0.0000,0.0000,0.0000,0.0000,0.0000,0.0000,0.0000,0.0000,0.0000,0.0000,0.0000,0.0000,0.0000,0.0000,0.0000,0.0000,0.0000,0.0000,0.0000,0.0000,0.0000,0.0000,0.0000,0.0000,0.0000,0.0000,0.0000,0.0000,0.0000,0.0000,0.0000,0.0000,0.0000,0.0000,0.0000,0.0000,0.0000,0.0000,0.0000,0.0000,0.0000,0.0000,0.0000,0.0000,0.0000,0.0000","0,8,0,8","63,63,63,63,63,63,63,63,63,63,63,63,63,63,63,63,63,63,63,63,63,63,63,63,63,63,63,63,63,63,63,63,63,63,63,63,63,63,63,63,63,57,57,63,63,63,63,63,57,57,57,63,63,63,63,63,57,57,57,57,63,63,63,63"
136,28.56,23.73,"8.98,10.74,11.92,12.67,13.27,13.65,13.90,14.09,14.30,14.60,14.91,15.22,15.49,15.71,15.87,16.00,16.12,16.28,16.47,16.66,16.83,16.98,17.10,17.19,17.27,17.39,17.52,17.65,17.78,17.89,17.98,18.05,18.11,18.19,18.29,18.39,18.49,18.58,18.65,18.71,18.75,18.81,18.89,18.96,19.04,19.11,19.17,19.21,19.24,19.29,19.35,19.41,19.47,19.52,19.57,19.61,19.63,19.68,19.72,19.77,19.81,19.86,19.91,19.96","1.3692,1.3545,1.2774,0.0001","1.5156,1.0215,0.9458,0.5171,0.0001,0.0001,0.0001,0.0000,0.0000,0.0000,0.0000,0.0000,0.0000,0.0000,0.0000,0.0000,0.0000,0.0000,0.0000,0.0000,0.0000,0.0000,0.0000,0.0000,0.0000,0.0000,0.0000,0.0000,0.0000,0.0000,0.0000,0.0000,0.0000,0.0000,0.0000,0.0000,0.0000,0.0000,0.0000,0.0000,0.0000,0.0000,0.0000,0.0000,0.0000,0.0000,0.0000,0.0000,0.0000,0.0000,0.0000,0.0000,0.0000,0.0000,0.0000,0.0000,0.0000,0.0000,0.0000,0.0000,0.0000,0.0000,0.0000,0.0000","15,1,1,1","48,48,48,48,48,48,48,48,48,48,48,48,48,48,48,48,48,48,48,48,48,48,48,48,48,48,48,48,48,48,48,48,48,48,48,48,48,48,48,48,48,48,48,48,48,48,48,48,48,48,48,48,48,48,48,48,48,48,48,48,48,48,48,48"
137,25.18,22.33,"10.44,11.76,12.70,13.38,13.82,14.08,14.36,14.68,14.87,15.05,15.27,15.50,15.70,15.89,16.10,16.29,16.44,16.55,16.69,16.84,16.97,17.09,17.20,17.31,17.45,17.56,17.66,17.78,17.89,17.96,18.02,18.08,18.23,18.34,18.43,18.52,18.61,18.67,18.71,18.74,18.89,19.00,19.08,19.15,19.23,19.28,19.31,19.34,19.46,19.57,19.63,19.69,19.76,19.81,19.84,19.87,19.97,20.05,20.10,20.15,20.20,20.26,20.29,20.33","1.5655,1.5351,0.8988,0.0001","1.5264,1.1895,1.0488,0.2351,0.0001,0.0001,0.0001,0.0000,0.0000,0.0000,0.0000,0.0000,0.0000,0.0000,0.0000,0.0000,0.0000,0.0000,0.0000,0.0000,0.0000,0.0000,0.0000,0.0000,0.0000,0.0000,0.0000,0.0000,0.0000,0.0000,0.0000,0.0000,0.0000,0.0000,0.0000,0.0000,0.0000,0.0000,0.0000,0.0000,0.0000,0.0000,0.0000,0.0000,0.0000,0.0000,0.0000,0.0000,0.0000,0.0000,0.0000,0.0000,0.0000,0.0000,0.0000,0.0000,0.0000,0.0000,0.0000,0.0000,0.0000,0.0000,0.0000,0.0000","15,4,15,4","63,63,63,63,63,63,63,63,63,63,63,63,63,63,63,63,63,63,63,63,63,63,63,63,63,63,63,63,63,63,63,63,63,63,63,63,63,63,63,63,63,63,63,63,63,63,63,63,63,63,63,63,63,63,63,63,63,63,63,63,63,63,63,63"
138,34.75,30.34,"9.95,13.92,15.93,16.97,17.59,18.23,18.76,19.15,19.43,19.72,20.05,20.36,20.63,20.87,21.08,21.27,21.42,21.57,21.75,21.94,22.12,22.25,22.38,22.51,22.61,22.71,22.84,22.98,23.12,23.23,23.31,23.40,23.48,23.56,23.65,23.76,23.86,23.94,24.01,24.07,24.14,24.20,24.27,24.35,24.42,24.49,24.54,24.59,24.65,24.70,24.76,24.82,24.88,24.93,24.97,25.01,25.05,25.10,25.14,25.19,25.25,25.28,25.32,25.35","1.3790,1.3780,1.2428,0.0001","1.5410,1.2988,0.8701,0.2895,0.0001,0.0001,0.0000,0.0000,0.0000,0.0000,0.0000,0.0000,0.0000,0.0000,0.0000,0.0000,0.0000,0.0000,0.0000,0.0000,0.0000,0.0000,0.0000,0.0000,0.0000,0.0000,0.0000,0.0000,0.0000,0.0000,0.0000,0.0000,0.0000,0.0000,0.0000,0.0000,0.0000,0.0000,0.0000,0.0000,0.0000,0.0000,0.0000,0.0000,0.0000,0.0000,0.0000,0.0000,0.0000,0.0000,0.0000,0.0000,0.0000,0.0000,0.0000,0.0000,0.0000,0.0000,0.0000,0.0000,0.0000,0.0000,0.0000,0.0000","0,8,0,8","56,8,56,56,56,8,8,8,8,56,56,56,56,8,8,8,8,56,56,56,56,8,8,8,8,8,56,56,56,56,8,8,8,8,56,56,56,56,8,8,8,8,56,56,56,56,8,8,8,8,56,56,56,56,8,8,8,8,8,56,56,56,8,8"
146,78.47,48.24,"9.68,16.19,20.37,22.68,23.51,24.17,24.71,25.27,26.00,26.49,26.99,27.31,27.65,27.98,28.33,28.63,29.03,29.27,29.54,29.74,29.94,30.12,30.35,30.46,30.79,30.94,31.13,31.26,31.40,31.53,31.69,31.81,32.00,32.11,32.25,32.37,32.47,32.57,32.70,32.78,32.93,32.97,33.08,33.18,33.27,33.35,33.46,33.53,33.65,33.74,33.83,33.92,34.00,34.08,34.13,34.25,34.35,34.43,34.52,34.60,34.68,34.75,34.86,34.92","0.4376,0.4375,0.4370,0.4370","1.0078,1.0039,1.0000,0.9888,0.0001,0.0001,0.0001,0.0000,0.0000,0.0000,0.0000,0.0000,0.0000,0.0000,0.0000,0.0000,0.0000,0.0000,0.0000,0.0000,0.0000,0.0000,0.0000,0.0000,0.0000,0.0000,0.0000,0.0000,0.0000,0.0000,0.0000,0.0000,0.0000,0.0000,0.0000,0.0000,0.0000,0.0000,0.0000,0.0000,0.0000,0.0000,0.0000,0.0000,0.0000,0.0000,0.0000,0.0000,0.0000,0.0000,0.0000,0.0000,0.0000,0.0000,0.0000,0.0000,0.0000,0.0000,0.0000,0.0000,0.0000,0.0000,0.0000,0.0000","0,6,0,6","31,31,31,31,31,31,31,31,31,31,31,31,31,31,31,31,31,31,31,31,31,31,31,31,31,31,31,31,31,31,31,31,31,31,31,31,31,31,31,31,31,47,31,31,31,31,31,31,31,31,31,31,31,31,31,31,31,31,31,31,31,31,31,31"
147,80.13,49.24,"10.32,16.75,20.43,22.56,23.67,24.51,24.89,25.50,26.07,26.71,27.10,27.37,27.79,28.16,28.44,28.83,29.13,29.49,29.73,29.88,30.11,30.30,30.50,30.75,30.96,31.21,31.38,31.47,31.62,31.76,31.90,32.07,32.24,32.42,32.55,32.61,32.72,32.81,32.92,33.05,33.19,33.34,33.43,33.48,33.55,33.63,33.72,33.82,33.95,34.07,34.14,34.19,34.24,34.30,34.37,34.47,34.52,34.62,34.68,34.84,34.91,34.99,35.10,35.17","0.4390,0.4389,0.4388,0.4382","1.0107,1.0058,0.9951,0.9883,0.0001,0.0001,0.0001,0.0001,0.0000,0.0000,0.0000,0.0000,0.0000,0.0000,0.0000,0.0000,0.0000,0.0000,0.0000,0.0000,0.0000,0.0000,0.0000,0.0000,0.0000,0.0000,0.0000,0.0000,0.0000,0.0000,0.0000,0.0000,0.0000,0.0000,0.0000,0.0000,0.0000,0.0000,0.0000,0.0000,0.0000,0.0000,0.0000,0.0000,0.0000,0.0000,0.0000,0.0000,0.0000,0.0000,0.0000,0.0000,0.0000,0.0000,0.0000,0.0000,0.0000,0.0000,0.0000,0.0000,0.0000,0.0000,0.0000,0.0000","8,0,8,0","24,24,24,24,24,24,24,24,24,24,24,24,24,24,24,24,24,24,24,24,24,24,24,24,24,24,24,24,24,24,24,24,24,24,24,24,24,24,24,24,24,24,24,24,24,24,24,24,24,24,24,24,24,24,24,30,24,24,24,24,24,24,24,24"
148,79.02,50.63,"11.09,18.96,23.97,26.68,27.30,27.81,28.39,28.76,29.48,30.00,30.43,31.07,31.54,31.78,32.08,32.38,32.59,33.00,33.27,33.65,33.91,34.09,34.31,34.50,34.65,34.91,35.10,35.35,35.53,35.68,35.84,35.98,36.08,36.29,36.42,36.61,36.75,36.87,37.00,37.11,37.20,37.36,37.46,37.60,37.72,37.83,37.94,38.03,38.10,38.23,38.31,38.43,38.53,38.63,38.73,38.81,38.87,38.98,39.05,39.15,39.24,39.33,39.42,39.49","0.4346,0.4346,0.4341,0.4338","1.0146,1.0049,0.9961,0.9844,0.0001,0.0001,0.0001,0.0001,0.0000,0.0000,0.0000,0.0000,0.0000,0.0000,0.0000,0.0000,0.0000,0.0000,0.0000,0.0000,0.0000,0.0000,0.0000,0.0000,0.0000,0.0000,0.0000,0.0000,0.0000,0.0000,0.0000,0.0000,0.0000,0.0000,0.0000,0.0000,0.0000,0.0000,0.0000,0.0000,0.0000,0.0000,0.0000,0.0000,0.0000,0.0000,0.0000,0.0000,0.0000,0.0000,0.0000,0.0000,0.0000,0.0000,0.0000,0.0000,0.0000,0.0000,0.0000,0.0000,0.0000,0.0000,0.0000,0.0000","5,13,5,13","39,39,39,39,39,39,39,39,39,39,39,39,39,39,39,39,39,39,39,39,39,39,39,39,39,39,39,39,39,39,39,39,39,39,39,39,39,39,39,39,39,39,39,39,39,39,39,39,39,39,39,39,39,39,39,39,39,39,39,39,39,39,39,39"
149,68.94,48.84,"10.03,15.41,18.88,20.98,22.19,22.77,23.23,23.55,24.16,24.64,25.07,25.50,25.83,26.23,26.53,26.74,27.04,27.27,27.50,27.71,27.86,28.02,28.26,28.45,28.67,28.82,28.98,29.20,29.33,29.42,29.57,29.71,29.85,29.99,30.12,30.27,30.39,30.43,30.53,30.67,30.77,30.87,30.99,31.09,31.16,31.20,31.26,31.37,31.46,31.54,31.62,31.75,31.83,31.85,31.92,32.02,32.09,32.17,32.24,32.36,32.40,32.40,32.45,32.56","0.5181,0.5180,0.5177,0.5176","1.0068,1.0020,0.9981,0.9937,0.0001,0.0001,0.0001,0.0001,0.0000,0.0000,0.0000,0.0000,0.0000,0.0000,0.0000,0.0000,0.0000,0.0000,0.0000,0.0000,0.0000,0.0000,0.0000,0.0000,0.0000,0.0000,0.0000,0.0000,0.0000,0.0000,0.0000,0.0000,0.0000,0.0000,0.0000,0.0000,0.0000,0.0000,0.0000,0.0000,0.0000,0.0000,0.0000,0.0000,0.0000,0.0000,0.0000,0.0000,0.0000,0.0000,0.0000,0.0000,0.0000,0.0000,0.0000,0.0000,0.0000,0.0000,0.0000,0.0000,0.0000,0.0000,0.0000,0.0000","14,0,8,8","31,31,31,31,31,15,63,63,31,31,31,31,31,63,15,15,31,31,31,31,31,15,63,63,31,31,31,31,31,63,63,63,31,31,31,31,31,63,15,63,31,31,31,31,47,15,63,15,31,31,31,31,31,63,63,15,31,31,31,31,31,15,15,63"
153,59.99,48.58,"10.03,16.18,19.45,21.24,22.77,23.59,24.54,25.17,25.78,26.27,26.71,27.14,27.51,27.88,28.34,28.68,29.02,29.28,29.52,29.76,29.98,30.21,30.47,30.69,30.91,31.08,31.24,31.41,31.57,31.72,31.89,32.04,32.18,32.30,32.43,32.56,32.67,32.78,32.89,33.02,33.10,33.20,33.32,33.41,33.48,33.57,33.68,33.78,33.82,33.94,34.03,34.11,34.23,34.31,34.37,34.48,34.56,34.59,34.72,34.83,34.91,34.99,35.07,35.15","0.6803,0.6802,0.6800,0.6793","1.0058,1.0020,1.0009,0.9917,0.0001,0.0001,0.0001,0.0001,0.0000,0.0000,0.0000,0.0000,0.0000,0.0000,0.0000,0.0000,0.0000,0.0000,0.0000,0.0000,0.0000,0.0000,0.0000,0.0000,0.0000,0.0000,0.0000,0.0000,0.0000,0.0000,0.0000,0.0000,0.0000,0.0000,0.0000,0.0000,0.0000,0.0000,0.0000,0.0000,0.0000,0.0000,0.0000,0.0000,0.0000,0.0000,0.0000,0.0000,0.0000,0.0000,0.0000,0.0000,0.0000,0.0000,0.0000,0.0000,0.0000,0.0000,0.0000,0.0000,0.0000,0.0000,0.0000,0.0000","1,8,1,8","7,7,7,7,7,7,7,7,7,7,7,7,7,7,7,7,7,7,7,7,7,7,7,7,7,7,7,7,7,7,7,7,7,7,7,7,7,7,7,7,7,7,7,7,7,7,7,7,7,7,7,7,7,7,7,7,7,7,7,7,7,7,7,7"
172,29.33,26.28,"11.99,13.14,13.82,14.28,14.61,14.87,15.18,15.52,15.91,16.21,16.44,16.63,16.79,16.95,17.12,17.32,17.60,17.82,17.99,18.12,18.23,18.32,18.42,18.54,18.75,18.94,19.08,19.19,19.28,19.35,19.42,19.50,19.67,19.82,19.94,20.04,20.12,20.19,20.24,20.29,20.43,20.56,20.65,20.75,20.82,20.88,20.91,20.95,21.06,21.16,21.27,21.35,21.42,21.46,21.51,21.56,21.64,21.73,21.80,21.87,21.94,21.99,22.03,22.07","1.2880,1.2753,1.2246,0.2114","1.3223,1.2383,1.0635,0.3757,0.0001,0.0001,0.0001,0.0000,0.0000,0.0000,0.0000,0.0000,0.0000,0.0000,0.0000,0.0000,0.0000,0.0000,0.0000,0.0000,0.0000,0.0000,0.0000,0.0000,0.0000,0.0000,0.0000,0.0000,0.0000,0.0000,0.0000,0.0000,0.0000,0.0000,0.0000,0.0000,0.0000,0.0000,0.0000,0.0000,0.0000,0.0000,0.0000,0.0000,0.0000,0.0000,0.0000,0.0000,0.0000,0.0000,0.0000,0.0000,0.0000,0.0000,0.0000,0.0000,0.0000,0.0000,0.0000,0.0000,0.0000,0.0000,0.0000,0.0000","15,5,15,15","7,7,7,7,7,7,7,7,7,7,7,7,7,7,7,7,7,7,7,7,7,7,7,7,7,7,7,7,7,7,7,7,7,7,7,7,7,7,7,7,7,7,7,7,7,57,57,7,7,7,7,7,7,57,57,57,7,7,7,7,7,57,57,57"
173,23.99,20.80,"10.02,11.47,12.48,13.33,14.03,14.50,14.76,14.90,15.22,15.40,15.58,15.82,16.07,16.27,16.39,16.47,16.66,16.76,16.87,17.02,17.18,17.30,17.37,17.44,17.56,17.62,17.70,17.82,17.93,18.02,18.07,18.15,18.22,18.26,18.33,18.43,18.51,18.57,18.62,18.70,18.75,18.79,18.84,18.93,18.99,19.04,19.10,19.19,19.21,19.24,19.30,19.37,19.43,19.46,19.52,19.62,19.64,19.68,19.72,19.80,19.84,19.88,19.93,20.05","1.6191,1.5697,0.6758,0.1351","2.0879,1.9121,0.0001,0.0001,0.0001,0.0001,0.0000,0.0000,0.0000,0.0000,0.0000,0.0000,0.0000,0.0000,0.0000,0.0000,0.0000,0.0000,0.0000,0.0000,0.0000,0.0000,0.0000,0.0000,0.0000,0.0000,0.0000,0.0000,0.0000,0.0000,0.0000,0.0000,0.0000,0.0000,0.0000,0.0000,0.0000,0.0000,0.0000,0.0000,0.0000,0.0000,0.0000,0.0000,0.0000,0.0000,0.0000,0.0000,0.0000,0.0000,0.0000,0.0000,0.0000,0.0000,0.0000,0.0000,0.0000,0.0000,0.0000,0.0000,0.0000,0.0000,0.0000,0.0000","12,7,12,7","7,7,7,7,7,7,7,7,7,7,7,7,7,7,7,7,7,7,7,7,7,7,7,7,7,7,7,7,7,7,7,7,7,7,7,7,7,7,7,7,7,7,7,7,7,7,7,7,7,63,7,7,7,63,7,7,7,7,7,7,7,63,7,7"
174,28.22,24.91,"10.32,11.97,12.99,13.67,14.14,14.48,14.72,14.89,15.15,15.39,15.64,15.90,16.15,16.36,16.52,16.63,16.79,16.91,17.06,17.23,17.41,17.59,17.72,17.82,17.91,18.00,18.11,18.24,18.39,18.53,18.66,18.75,18.80,18.87,18.94,19.03,19.15,19.28,19.40,19.48,19.52,19.57,19.63,19.70,19.80,19.90,20.01,20.10,20.14,20.19,20.24,20.30,20.37,20.46,20.55,20.64,20.68,20.72,20.77,20.81,20.87,20.95,21.03,21.11","1.1503,1.1143,1.0919,0.4534","1.4219,1.2402,1.1767,0.1616,0.0001,0.0001,0.0001,0.0000,0.0000,0.0000,0.0000,0.0000,0.0000,0.0000,0.0000,0.0000,0.0000,0.0000,0.0000,0.0000,0.0000,0.0000,0.0000,0.0000,0.0000,0.0000,0.0000,0.0000,0.0000,0.0000,0.0000,0.0000,0.0000,0.0000,0.0000,0.0000,0.0000,0.0000,0.0000,0.0000,0.0000,0.0000,0.0000,0.0000,0.0000,0.0000,0.0000,0.0000,0.0000,0.0000,0.0000,0.0000,0.0000,0.0000,0.0000,0.0000,0.0000,0.0000,0.0000,0.0000,0.0000,0.0000,0.0000,0.0000","0,0,11,0","63,63,63,63,63,63,63,63,63,63,63,63,63,63,63,63,63,63,63,63,63,63,63,63,63,63,63,63,63,63,63,63,63,63,63,63,63,63,63,63,63,57,57,63,63,63,63,63,57,57,57,63,63,63,63,63,57,57,57,57,63,63,63,63"
175,27.09,24.87,"11.07,12.54,13.83,14.59,15.09,15.51,15.81,15.99,16.28,16.59,16.92,17.23,17.49,17.70,17.87,17.99,18.11,18.28,18.49,18.67,18.84,18.99,19.11,19.20,19.31,19.39,19.55,19.67,19.78,19.90,19.99,20.06,20.17,20.25,20.34,20.43,20.53,20.57,20.62,20.69,20.76,20.81,20.89,20.97,21.03,21.10,21.16,21.20,21.24,21.29,21.35,21.39,21.41,21.46,21.47,21.51,21.55,21.55,21.56,21.60,21.49,21.63,21.47,21.52","1.3095,1.2939,0.9366,0.4602","1.3789,1.2432,0.7568,0.6211,0.0001,0.0001,0.0000,0.0000,0.0000,0.0000,0.0000,0.0000,0.0000,0.0000,0.0000,0.0000,0.0000,0.0000,0.0000,0.0000,0.0000,0.0000,0.0000,0.0000,0.0000,0.0000,0.0000,0.0000,0.0000,0.0000,0.0000,0.0000,0.0000,0.0000,0.0000,0.0000,0.0000,0.0000,0.0000,0.0000,0.0000,0.0000,0.0000,0.0000,0.0000,0.0000,0.0000,0.0000,0.0000,0.0000,0.0000,0.0000,0.0000,0.0000,0.0000,0.0000,0.0000,0.0000,0.0000,0.0000,0.0000,0.0000,0.0000,0.0000","0,0,0,0","56,56,56,56,56,56,56,56,56,56,56,56,56,56,56,56,56,56,56,56,56,56,56,56,56,56,56,56,56,56,56,56,56,56,56,56,56,7,56,56,56,56,56,56,56,56,56,56,56,56,56,56,62,56,7,56,56,55,55,56,62,55,55,62"
176,22.73,20.11,"10.18,11.52,12.35,12.92,13.31,13.56,13.73,13.84,13.97,14.14,14.35,14.55,14.71,14.84,14.97,15.12,15.19,15.29,15.41,15.54,15.65,15.74,15.84,15.96,16.02,16.09,16.17,16.26,16.35,16.42,16.49,16.57,16.64,16.69,16.74,16.82,16.89,16.95,17.00,17.06,17.14,17.18,17.23,17.28,17.35,17.40,17.45,17.48,17.56,17.61,17.65,17.69,17.74,17.81,17.85,17.88,17.95,17.99,18.03,18.06,18.10,18.16,18.21,18.24","1.8721,1.7688,0.3593,0.0001","2.1465,1.8535,0.0001,0.0001,0.0001,0.0001,0.0000,0.0000,0.0000,0.0000,0.0000,0.0000,0.0000,0.0000,0.0000,0.0000,0.0000,0.0000,0.0000,0.0000,0.0000,0.0000,0.0000,0.0000,0.0000,0.0000,0.0000,0.0000,0.0000,0.0000,0.0000,0.0000,0.0000,0.0000,0.0000,0.0000,0.0000,0.0000,0.0000,0.0000,0.0000,0.0000,0.0000,0.0000,0.0000,0.0000,0.0000,0.0000,0.0000,0.0000,0.0000,0.0000,0.0000,0.0000,0.0000,0.0000,0.0000,0.0000,0.0000,0.0000,0.0000,0.0000,0.0000,0.0000","12,4,12,4","55,55,55,55,55,55,55,55,55,55,55,55,55,55,55,55,55,55,55,55,55,55,55,55,55,55,55,55,55,55,55,55,55,55,55,55,55,55,55,55,55,55,55,55,55,55,55,55,55,55,55,55,55,55,55,55,55,55,55,55,55,55,55,55"
177,24.20,21.64,"10.47,11.81,12.65,13.24,13.65,13.94,14.13,14.28,14.47,14.68,14.87,15.06,15.24,15.41,15.57,15.73,15.90,16.04,16.17,16.28,16.39,16.51,16.63,16.76,16.90,17.01,17.10,17.19,17.27,17.35,17.44,17.55,17.66,17.75,17.82,17.88,17.94,18.00,18.08,18.16,18.25,18.32,18.38,18.43,18.47,18.52,18.58,18.65,18.72,18.78,18.82,18.86,18.90,18.94,18.98,19.04,19.08,19.13,19.18,19.20,19.24,19.27,19.30,19.34","1.6807,1.6347,0.6843,0.0001","1.6357,1.1846,1.1807,0.0001,0.0001,0.0001,0.0001,0.0000,0.0000,0.0000,0.0000,0.0000,0.0000,0.0000,0.0000,0.0000,0.0000,0.0000,0.0000,0.0000,0.0000,0.0000,0.0000,0.0000,0.0000,0.0000,0.0000,0.0000,0.0000,0.0000,0.0000,0.0000,0.0000,0.0000,0.0000,0.0000,0.0000,0.0000,0.0000,0.0000,0.0000,0.0000,0.0000,0.0000,0.0000,0.0000,0.0000,0.0000,0.0000,0.0000,0.0000,0.0000,0.0000,0.0000,0.0000,0.0000,0.0000,0.0000,0.0000,0.0000,0.0000,0.0000,0.0000,0.0000","0,8,0,8","56,56,56,56,56,56,56,56,56,56,56,56,56,56,56,56,56,56,56,56,56,56,56,56,56,56,56,56,56,56,56,56,56,56,56,56,56,56,56,56,56,56,56,56,56,56,56,56,56,56,56,56,56,56,56,56,56,56,56,56,56,56,56,56"
178,22.87,20.11,"11.06,12.24,12.97,13.49,13.88,14.16,14.36,14.50,14.65,14.82,14.99,15.16,15.31,15.44,15.54,15.63,15.71,15.80,15.91,16.01,16.13,16.24,16.36,16.48,16.53,16.59,16.67,16.76,16.87,16.99,17.11,17.22,17.26,17.31,17.38,17.46,17.56,17.68,17.79,17.90,17.94,17.97,18.03,18.11,18.20,18.31,18.42,18.52,18.55,18.58,18.62,18.70,18.79,18.89,18.99,19.09,19.10,19.13,19.18,19.23,19.32,19.41,19.50,19.59","2.0451,1.9551,0.0001,0.0001","2.1367,1.8642,0.0001,0.0001,0.0001,0.0001,0.0000,0.0000,0.0000,0.0000,0.0000,0.0000,0.0000,0.0000,0.0000,0.0000,0.0000,0.0000,0.0000,0.0000,0.0000,0.0000,0.0000,0.0000,0.0000,0.0000,0.0000,0.0000,0.0000,0.0000,0.0000,0.0000,0.0000,0.0000,0.0000,0.0000,0.0000,0.0000,0.0000,0.0000,0.0000,0.0000,0.0000,0.0000,0.0000,0.0000,0.0000,0.0000,0.0000,0.0000,0.0000,0.0000,0.0000,0.0000,0.0000,0.0000,0.0000,0.0000,0.0000,0.0000,0.0000,0.0000,0.0000,0.0000","3,11,3,11","55,55,55,55,55,55,55,55,55,55,55,55,55,55,55,55,55,55,55,55,55,55,55,55,55,55,55,55,55,55,55,55,55,55,55,55,55,55,55,55,55,55,55,55,55,55,55,55,55,55,55,55,55,55,55,55,55,55,55,55,55,55,55,55"
186,77.52,50.98,"10.92,18.49,23.09,25.92,27.29,28.55,29.42,30.15,30.87,31.46,31.76,32.06,32.46,32.88,33.33,33.74,34.15,34.46,34.63,34.80,35.00,35.22,35.50,35.76,36.05,36.25,36.38,36.48,36.61,36.74,36.94,37.12,37.34,37.49,37.58,37.66,37.74,37.83,37.98,38.12,38.29,38.41,38.48,38.53,38.59,38.66,38.77,38.88,39.03,39.12,39.17,39.21,39.26,39.31,39.40,39.49,39.61,39.70,39.74,39.77,39.81,39.84,39.92,40.00","0.4525,0.4524,0.4521,0.4520","1.0029,1.0000,0.9985,0.9984,0.0001,0.0001,0.0001,0.0000,0.0000,0.0000,0.0000,0.0000,0.0000,0.0000,0.0000,0.0000,0.0000,0.0000,0.0000,0.0000,0.0000,0.0000,0.0000,0.0000,0.0000,0.0000,0.0000,0.0000,0.0000,0.0000,0.0000,0.0000,0.0000,0.0000,0.0000,0.0000,0.0000,0.0000,0.0000,0.0000,0.0000,0.0000,0.0000,0.0000,0.0000,0.0000,0.0000,0.0000,0.0000,0.0000,0.0000,0.0000,0.0000,0.0000,0.0000,0.0000,0.0000,0.0000,0.0000,0.0000,0.0000,0.0000,0.0000,0.0000","8,0,8,0","32,32,32,32,32,32,32,32,32,32,32,32,32,32,32,32,32,32,32,32,32,32,32,32,32,32,32,32,32,32,32,32,32,32,32,32,32,32,32,32,32,32,32,32,32,32,32,32,32,32,32,32,32,32,32,32,32,32,32,32,32,32,32,32"
187,79.40,50.25,"10.43,16.40,20.51,22.77,24.22,25.04,25.64,26.21,26.91,27.47,27.92,28.47,28.80,29.10,29.42,29.73,30.17,30.49,30.73,31.05,31.25,31.43,31.61,31.79,32.09,32.30,32.46,32.67,32.83,32.96,33.07,33.19,33.39,33.55,33.66,33.82,33.96,34.05,34.13,34.21,34.35,34.46,34.56,34.71,34.84,34.91,34.96,35.00,35.12,35.19,35.29,35.44,35.56,35.63,35.67,35.70,35.82,35.87,35.96,36.13,36.25,36.33,36.38,36.42","0.4562,0.4561,0.4560,0.4555","1.0127,1.0098,0.9966,0.9810,0.0001,0.0001,0.0001,0.0001,0.0000,0.0000,0.0000,0.0000,0.0000,0.0000,0.0000,0.0000,0.0000,0.0000,0.0000,0.0000,0.0000,0.0000,0.0000,0.0000,0.0000,0.0000,0.0000,0.0000,0.0000,0.0000,0.0000,0.0000,0.0000,0.0000,0.0000,0.0000,0.0000,0.0000,0.0000,0.0000,0.0000,0.0000,0.0000,0.0000,0.0000,0.0000,0.0000,0.0000,0.0000,0.0000,0.0000,0.0000,0.0000,0.0000,0.0000,0.0000,0.0000,0.0000,0.0000,0.0000,0.0000,0.0000,0.0000,0.0000","8,8,8,10","32,38,32,38,32,32,32,32,38,32,32,38,32,32,32,32,38,32,32,38,32,32,32,32,38,32,32,38,32,32,32,32,38,32,32,38,32,32,32,32,38,32,38,32,32,32,32,32,32,32,38,32,32,32,32,32,32,32,32,32,32,32,32,32"
188,73.64,53.04,"11.21,17.30,21.55,23.74,25.64,26.65,27.44,28.06,28.72,29.20,29.66,30.26,30.66,31.00,31.36,31.65,31.99,32.23,32.51,32.87,33.15,33.33,33.54,33.74,33.99,34.13,34.34,34.57,34.77,34.89,35.04,35.18,35.37,35.46,35.63,35.82,35.96,36.04,36.16,36.28,36.43,36.49,36.63,36.80,36.88,36.97,37.07,37.16,37.29,37.34,37.45,37.59,37.65,37.72,37.81,37.91,38.01,38.05,38.17,38.26,38.37,38.51,38.59,38.75","0.4931,0.4929,0.4928,0.4919","1.0059,1.0039,0.9951,0.9946,0.0001,0.0001,0.0001,0.0001,0.0000,0.0000,0.0000,0.0000,0.0000,0.0000,0.0000,0.0000,0.0000,0.0000,0.0000,0.0000,0.0000,0.0000,0.0000,0.0000,0.0000,0.0000,0.0000,0.0000,0.0000,0.0000,0.0000,0.0000,0.0000,0.0000,0.0000,0.0000,0.0000,0.0000,0.0000,0.0000,0.0000,0.0000,0.0000,0.0000,0.0000,0.0000,0.0000,0.0000,0.0000,0.0000,0.0000,0.0000,0.0000,0.0000,0.0000,0.0000,0.0000,0.0000,0.0000,0.0000,0.0000,0.0000,0.0000,0.0000","9,9,9,9","32,30,32,30,32,32,32,32,32,32,32,30,32,32,32,32,32,32,30,30,32,32,32,32,32,32,30,30,32,32,32,32,32,32,30,32,32,30,32,32,32,32,30,32,32,30,32,32,32,30,30,32,30,30,32,32,32,30,32,32,32,32,32,32"
189,78.15,51.74,"11.16,17.37,21.77,25.08,26.37,27.32,28.03,28.44,29.09,29.48,30.35,30.58,30.90,31.29,31.61,31.69,32.01,32.29,32.68,32.84,33.14,33.39,33.60,33.69,33.90,34.07,34.29,34.48,34.69,34.87,35.01,35.09,35.25,35.37,35.53,35.68,35.84,35.98,36.09,36.13,36.25,36.36,36.45,36.58,36.73,36.84,36.93,36.95,37.05,37.14,37.21,37.33,37.47,37.57,37.64,37.65,37.73,37.81,37.88,37.99,38.11,38.21,38.27,38.27","0.4390,0.4387,0.4386,0.4384","1.0176,1.0029,0.9897,0.9893,0.0001,0.0001,0.0001,0.0001,0.0000,0.0000,0.0000,0.0000,0.0000,0.0000,0.0000,0.0000,0.0000,0.0000,0.0000,0.0000,0.0000,0.0000,0.0000,0.0000,0.0000,0.0000,0.0000,0.0000,0.0000,0.0000,0.0000,0.0000,0.0000,0.0000,0.0000,0.0000,0.0000,0.0000,0.0000,0.0000,0.0000,0.0000,0.0000,0.0000,0.0000,0.0000,0.0000,0.0000,0.0000,0.0000,0.0000,0.0000,0.0000,0.0000,0.0000,0.0000,0.0000,0.0000,0.0000,0.0000,0.0000,0.0000,0.0000,0.0000","13,5,5,5","39,39,7,39,39,39,39,39,39,39,7,39,7,39,39,7,39,39,7,39,39,39,39,7,39,39,7,39,39,39,39,7,39,39,7,39,7,39,39,7,39,39,7,39,7,39,39,7,39,39,39,39,7,39,39,7,39,39,39,39,7,39,39,1"
193,57.92,49.68,"9.92,16.15,19.77,21.26,22.64,23.24,23.98,24.43,24.97,25.58,26.02,26.40,26.75,27.05,27.45,27.68,28.16,28.45,28.71,28.92,29.11,29.29,29.55,29.79,29.97,30.17,30.34,30.47,30.58,30.70,30.88,31.04,31.17,31.31,31.42,31.47,31.59,31.68,31.80,31.92,32.04,32.11,32.19,32.25,32.27,32.33,32.42,32.46,32.48,32.55,32.62,32.73,32.77,32.81,32.85,32.94,33.03,33.15,33.26,33.36,33.42,33.46,33.52,33.61","0.7304,0.7303,0.7302,0.7296","1.0127,1.0107,0.9926,0.9839,0.0001,0.0001,0.0001,0.0001,0.0000,0.0000,0.0000,0.0000,0.0000,0.0000,0.0000,0.0000,0.0000,0.0000,0.0000,0.0000,0.0000,0.0000,0.0000,0.0000,0.0000,0.0000,0.0000,0.0000,0.0000,0.0000,0.0000,0.0000,0.0000,0.0000,0.0000,0.0000,0.0000,0.0000,0.0000,0.0000,0.0000,0.0000,0.0000,0.0000,0.0000,0.0000,0.0000,0.0000,0.0000,0.0000,0.0000,0.0000,0.0000,0.0000,0.0000,0.0000,0.0000,0.0000,0.0000,0.0000,0.0000,0.0000,0.0000,0.0000","5,12,5,12","15,15,17,15,15,15,15,15,17,17,15,15,15,15,15,15,17,17,15,15,15,15,15,15,15,17,15,15,15,15,15,15,15,17,15,15,15,15,15,15,15,15,15,15,1,15,15,1,63,17,17,17,17,1,1,15,17,17,17,17,17,15,15,15"
212,23.36,19.71,"10.57,11.83,12.62,13.18,13.60,13.90,14.12,14.26,14.45,14.62,14.81,15.01,15.20,15.38,15.50,15.58,15.70,15.80,15.91,16.04,16.17,16.28,16.37,16.42,16.48,16.55,16.63,16.73,16.82,16.91,16.96,17.00,17.04,17.09,17.15,17.23,17.31,17.37,17.41,17.44,17.47,17.51,17.57,17.63,17.69,17.73,17.77,17.82,17.84,17.88,17.93,17.98,18.02,18.05,18.08,18.16,18.18,18.22,18.26,18.31,18.33,18.36,18.41,18.49","1.4149,1.3107,0.6533,0.3943","2.2129,1.7461,0.0400,0.0001,0.0001,0.0001,0.0001,0.0000,0.0000,0.0000,0.0000,0.0000,0.0000,0.0000,0.0000,0.0000,0.0000,0.0000,0.0000,0.0000,0.0000,0.0000,0.0000,0.0000,0.0000,0.0000,0.0000,0.0000,0.0000,0.0000,0.0000,0.0000,0.0000,0.0000,0.0000,0.0000,0.0000,0.0000,0.0000,0.0000,0.0000,0.0000,0.0000,0.0000,0.0000,0.0000,0.0000,0.0000,0.0000,0.0000,0.0000,0.0000,0.0000,0.0000,0.0000,0.0000,0.0000,0.0000,0.0000,0.0000,0.0000,0.0000,0.0000,0.0000","3,8,3,8","0,0,0,0,0,0,0,0,0,0,0,0,0,0,0,0,0,0,0,0,0,0,0,0,0,0,0,0,0,0,0,0,0,0,0,0,0,0,0,0,0,0,0,0,0,0,0,0,0,0,0,0,0,0,0,0,0,0,0,0,0,0,0,0"
213,25.55,21.35,"10.61,11.81,12.55,13.08,13.48,13.77,13.99,14.14,14.28,14.45,14.62,14.79,14.94,15.07,15.17,15.25,15.33,15.42,15.52,15.62,15.72,15.80,15.87,15.92,15.97,16.04,16.11,16.18,16.25,16.31,16.37,16.41,16.45,16.50,16.55,16.61,16.67,16.73,16.77,16.80,16.83,16.87,16.92,16.96,17.01,17.06,17.10,17.11,17.15,17.21,17.25,17.29,17.36,17.41,17.44,17.47,17.52,17.59,17.64,17.70,17.75,17.80,17.84,17.87","1.2267,1.1688,0.9317,0.5515","1.8926,1.3594,0.7485,0.0001,0.0001,0.0001,0.0000,0.0000,0.0000,0.0000,0.0000,0.0000,0.0000,0.0000,0.0000,0.0000,0.0000,0.0000,0.0000,0.0000,0.0000,0.0000,0.0000,0.0000,0.0000,0.0000,0.0000,0.0000,0.0000,0.0000,0.0000,0.0000,0.0000,0.0000,0.0000,0.0000,0.0000,0.0000,0.0000,0.0000,0.0000,0.0000,0.0000,0.0000,0.0000,0.0000,0.0000,0.0000,0.0000,0.0000,0.0000,0.0000,0.0000,0.0000,0.0000,0.0000,0.0000,0.0000,0.0000,0.0000,0.0000,0.0000,0.0000,0.0000","3,1,3,3","63,63,63,63,63,63,63,63,63,63,63,63,63,63,63,63,63,63,63,63,63,63,63,63,63,63,63,63,63,63,63,63,63,63,63,63,63,63,63,63,63,63,63,63,63,63,63,63,63,63,63,63,63,63,63,63,63,63,63,63,63,63,63,63"
214,23.78,20.75,"11.63,12.81,13.50,13.96,14.27,14.47,14.65,14.82,15.10,15.33,15.53,15.71,15.88,16.06,16.23,16.39,16.57,16.72,16.84,16.95,17.06,17.19,17.32,17.45,17.58,17.69,17.77,17.85,17.93,18.03,18.14,18.25,18.34,18.43,18.50,18.56,18.62,18.69,18.78,18.88,18.95,19.02,19.07,19.12,19.17,19.23,19.30,19.39,19.45,19.50,19.54,19.59,19.62,19.67,19.73,19.81,19.86,19.90,19.94,19.97,20.01,20.04,20.09,20.17","1.6250,1.5616,0.8129,0.0001","2.0918,1.9092,0.0001,0.0001,0.0001,0.0001,0.0000,0.0000,0.0000,0.0000,0.0000,0.0000,0.0000,0.0000,0.0000,0.0000,0.0000,0.0000,0.0000,0.0000,0.0000,0.0000,0.0000,0.0000,0.0000,0.0000,0.0000,0.0000,0.0000,0.0000,0.0000,0.0000,0.0000,0.0000,0.0000,0.0000,0.0000,0.0000,0.0000,0.0000,0.0000,0.0000,0.0000,0.0000,0.0000,0.0000,0.0000,0.0000,0.0000,0.0000,0.0000,0.0000,0.0000,0.0000,0.0000,0.0000,0.0000,0.0000,0.0000,0.0000,0.0000,0.0000,0.0000,0.0000","0,8,0,8","63,63,63,63,63,63,63,63,63,63,63,63,63,63,63,63,63,63,63,63,63,63,63,63,63,63,63,63,63,63,63,63,63,63,63,63,63,63,63,63,63,63,63,63,63,63,63,63,63,63,63,63,63,63,63,63,63,63,63,63,63,63,63,63"
215,21.95,19.57,"9.89,11.06,11.78,12.29,12.68,12.97,13.19,13.36,13.51,13.68,13.85,14.01,14.16,14.29,14.40,14.48,14.57,14.66,14.76,14.86,14.96,15.04,15.11,15.17,15.24,15.31,15.39,15.46,15.53,15.59,15.65,15.71,15.78,15.85,15.92,15.97,16.02,16.07,16.11,16.16,16.23,16.29,16.34,16.38,16.42,16.46,16.50,16.52,16.59,16.64,16.68,16.71,16.74,16.77,16.79,16.82,16.87,16.91,16.95,16.98,17.01,17.03,17.05,17.07","1.7578,1.5432,0.6992,0.0001","2.2226,1.7783,0.0002,0.0001,0.0001,0.0001,0.0000,0.0000,0.0000,0.0000,0.0000,0.0000,0.0000,0.0000,0.0000,0.0000,0.0000,0.0000,0.0000,0.0000,0.0000,0.0000,0.0000,0.0000,0.0000,0.0000,0.0000,0.0000,0.0000,0.0000,0.0000,0.0000,0.0000,0.0000,0.0000,0.0000,0.0000,0.0000,0.0000,0.0000,0.0000,0.0000,0.0000,0.0000,0.0000,0.0000,0.0000,0.0000,0.0000,0.0000,0.0000,0.0000,0.0000,0.0000,0.0000,0.0000,0.0000,0.0000,0.0000,0.0000,0.0000,0.0000,0.0000,0.0000","0,11,0,11","0,0,0,0,0,0,0,0,0,0,0,0,0,0,0,0,0,0,0,0,0,0,0,0,0,0,0,0,0,0,0,0,0,0,0,0,0,0,0,0,0,0,0,0,0,0,0,0,0,0,0,0,0,0,0,0,0,0,0,0,0,0,0,0"
216,22.39,19.68,"10.69,11.92,12.67,13.17,13.50,13.71,13.83,13.89,14.04,14.23,14.43,14.61,14.77,14.87,14.94,14.98,15.05,15.14,15.26,15.37,15.47,15.55,15.60,15.64,15.67,15.73,15.81,15.89,15.97,16.03,16.07,16.10,16.12,16.17,16.22,16.28,16.34,16.39,16.43,16.45,16.48,16.51,16.54,16.59,16.64,16.68,16.72,16.76,16.78,16.80,16.83,16.86,16.90,16.94,16.98,17.02,17.04,17.06,17.09,17.12,17.16,17.18,17.22,17.26","1.6532,1.5027,0.5390,0.3055","2.1250,1.3662,0.5088,0.0001,0.0001,0.0001,0.0001,0.0000,0.0000,0.0000,0.0000,0.0000,0.0000,0.0000,0.0000,0.0000,0.0000,0.0000,0.0000,0.0000,0.0000,0.0000,0.0000,0.0000,0.0000,0.0000,0.0000,0.0000,0.0000,0.0000,0.0000,0.0000,0.0000,0.0000,0.0000,0.0000,0.0000,0.0000,0.0000,0.0000,0.0000,0.0000,0.0000,0.0000,0.0000,0.0000,0.0000,0.0000,0.0000,0.0000,0.0000,0.0000,0.0000,0.0000,0.0000,0.0000,0.0000,0.0000,0.0000,0.0000,0.0000,0.0000,0.0000,0.0000","12,12,4,12","48,48,48,48,48,48,48,48,48,48,48,48,48,48,48,48,48,48,48,48,48,48,48,48,48,48,48,48,48,48,48,48,48,48,48,48,48,48,48,48,48,48,48,48,48,48,48,48,48,48,48,48,48,48,48,48,48,48,48,48,48,48,48,48"
217,23.40,21.28,"11.43,12.66,13.40,13.89,14.23,14.46,14.60,14.68,14.83,15.01,15.20,15.38,15.53,15.64,15.71,15.76,15.83,15.92,16.03,16.14,16.24,16.32,16.38,16.41,16.45,16.51,16.58,16.67,16.74,16.80,16.84,16.87,16.90,16.93,16.99,17.05,17.11,17.15,17.19,17.22,17.24,17.26,17.31,17.35,17.40,17.45,17.47,17.50,17.51,17.54,17.57,17.62,17.65,17.68,17.72,17.74,17.77,17.78,17.83,17.86,17.90,17.94,17.96,17.99","2.0367,1.9634,0.0001,0.0001","2.2715,1.4209,0.3079,0.0001,0.0001,0.0001,0.0000,0.0000,0.0000,0.0000,0.0000,0.0000,0.0000,0.0000,0.0000,0.0000,0.0000,0.0000,0.0000,0.0000,0.0000,0.0000,0.0000,0.0000,0.0000,0.0000,0.0000,0.0000,0.0000,0.0000,0.0000,0.0000,0.0000,0.0000,0.0000,0.0000,0.0000,0.0000,0.0000,0.0000,0.0000,0.0000,0.0000,0.0000,0.0000,0.0000,0.0000,0.0000,0.0000,0.0000,0.0000,0.0000,0.0000,0.0000,0.0000,0.0000,0.0000,0.0000,0.0000,0.0000,0.0000,0.0000,0.0000,0.0000","15,4,15,4","63,63,63,63,63,63,63,63,63,63,63,63,63,63,63,63,63,63,63,63,63,63,63,63,63,63,63,63,63,63,63,63,63,63,63,63,63,63,63,63,63,63,63,63,63,63,63,63,63,63,63,63,63,63,63,63,63,63,63,63,63,63,63,63"
218,23.84,21.72,"10.75,12.10,12.96,13.56,13.97,14.24,14.41,14.51,14.63,14.80,15.01,15.21,15.38,15.51,15.60,15.67,15.73,15.83,15.95,16.07,16.19,16.28,16.36,16.43,16.48,16.55,16.63,16.72,16.80,16.88,16.94,17.00,17.05,17.10,17.16,17.23,17.30,17.36,17.41,17.44,17.50,17.54,17.58,17.63,17.69,17.75,17.79,17.82,17.87,17.90,17.94,17.98,18.03,18.07,18.12,18.16,18.20,18.23,18.25,18.28,18.33,18.39,18.44,18.48","1.8984,1.8438,0.2585,0.0002","1.9600,1.5508,0.4895,0.0001,0.0001,0.0001,0.0000,0.0000,0.0000,0.0000,0.0000,0.0000,0.0000,0.0000,0.0000,0.0000,0.0000,0.0000,0.0000,0.0000,0.0000,0.0000,0.0000,0.0000,0.0000,0.0000,0.0000,0.0000,0.0000,0.0000,0.0000,0.0000,0.0000,0.0000,0.0000,0.0000,0.0000,0.0000,0.0000,0.0000,0.0000,0.0000,0.0000,0.0000,0.0000,0.0000,0.0000,0.0000,0.0000,0.0000,0.0000,0.0000,0.0000,0.0000,0.0000,0.0000,0.0000,0.0000,0.0000,0.0000,0.0000,0.0000,0.0000,0.0000","0,8,0,8","55,55,55,55,55,55,55,55,55,55,55,55,55,55,55,55,55,55,55,55,55,55,55,55,55,55,55,55,55,55,55,55,55,55,55,55,55,55,55,55,55,55,55,55,55,55,55,55,55,55,55,55,55,55,55,55,55,55,55,55,55,55,55,55"
226,75.31,53.02,"11.81,19.29,24.55,27.67,29.66,30.69,31.36,32.20,33.03,33.55,33.96,34.44,34.71,35.03,35.34,35.81,36.24,36.54,36.76,37.04,37.19,37.38,37.57,37.86,38.13,38.35,38.49,38.69,38.79,38.92,39.06,39.26,39.44,39.62,39.71,39.86,39.94,40.04,40.16,40.30,40.43,40.58,40.65,40.77,40.83,40.91,41.01,41.13,41.23,41.35,41.41,41.51,41.56,41.63,41.72,41.82,41.91,42.00,42.06,42.14,42.19,42.24,42.32,42.42","0.4691,0.4690,0.4688,0.4683","1.0050,1.0039,1.0000,0.9907,0.0001,0.0001,0.0001,0.0000,0.0000,0.0000,0.0000,0.0000,0.0000,0.0000,0.0000,0.0000,0.0000,0.0000,0.0000,0.0000,0.0000,0.0000,0.0000,0.0000,0.0000,0.0000,0.0000,0.0000,0.0000,0.0000,0.0000,0.0000,0.0000,0.0000,0.0000,0.0000,0.0000,0.0000,0.0000,0.0000,0.0000,0.0000,0.0000,0.0000,0.0000,0.0000,0.0000,0.0000,0.0000,0.0000,0.0000,0.0000,0.0000,0.0000,0.0000,0.0000,0.0000,0.0000,0.0000,0.0000,0.0000,0.0000,0.0000,0.0000","5,5,5,5","39,39,39,39,39,39,39,39,39,39,39,39,39,39,39,39,39,39,39,39,39,39,39,39,39,39,39,39,39,39,39,39,39,39,39,39,39,39,39,39,39,39,39,39,39,39,39,39,39,39,39,39,39,39,39,39,39,39,39,39,39,39,39,39"
227,80.35,53.36,"11.75,19.21,24.53,27.73,29.80,30.95,31.56,32.11,32.90,33.40,33.83,34.32,34.63,34.93,35.28,35.62,36.03,36.30,36.53,36.80,36.98,37.21,37.44,37.59,37.83,38.00,38.17,38.35,38.54,38.71,38.86,38.97,39.14,39.25,39.41,39.54,39.68,39.80,39.91,40.00,40.13,40.24,40.35,40.46,40.57,40.66,40.75,40.83,40.94,41.02,41.12,41.21,41.29,41.37,41.44,41.52,41.61,41.69,41.77,41.85,41.92,41.98,42.05,42.12","0.4512,0.4510,0.4509,0.4505","1.0068,1.0068,1.0049,0.9814,0.0001,0.0001,0.0001,0.0001,0.0000,0.0000,0.0000,0.0000,0.0000,0.0000,0.0000,0.0000,0.0000,0.0000,0.0000,0.0000,0.0000,0.0000,0.0000,0.0000,0.0000,0.0000,0.0000,0.0000,0.0000,0.0000,0.0000,0.0000,0.0000,0.0000,0.0000,0.0000,0.0000,0.0000,0.0000,0.0000,0.0000,0.0000,0.0000,0.0000,0.0000,0.0000,0.0000,0.0000,0.0000,0.0000,0.0000,0.0000,0.0000,0.0000,0.0000,0.0000,0.0000,0.0000,0.0000,0.0000,0.0000,0.0000,0.0000,0.0000","5,5,5,5","39,39,39,39,39,39,39,39,39,39,39,39,39,39,39,39,39,39,39,39,39,39,39,39,39,39,39,39,39,39,39,39,39,39,39,39,39,39,39,39,39,39,39,39,39,39,39,39,39,39,39,39,39,39,39,39,39,39,39,39,39,39,39,39"
228,89.13,51.58,"11.10,18.09,22.83,25.69,27.64,28.72,29.35,30.01,30.79,31.26,31.68,32.03,32.41,32.67,33.09,33.54,33.93,34.18,34.42,34.59,34.82,35.01,35.25,35.53,35.78,35.94,36.10,36.22,36.38,36.52,36.68,36.88,37.05,37.17,37.30,37.39,37.51,37.62,37.74,37.88,38.03,38.12,38.22,38.29,38.39,38.47,38.57,38.70,38.82,38.89,38.98,39.06,39.15,39.23,39.31,39.40,39.49,39.56,39.65,39.74,39.82,39.89,39.96,40.03","0.4111,0.4109,0.4109,0.4108","1.0049,1.0020,1.0009,0.9922,0.0001,0.0001,0.0001,0.0001,0.0000,0.0000,0.0000,0.0000,0.0000,0.0000,0.0000,0.0000,0.0000,0.0000,0.0000,0.0000,0.0000,0.0000,0.0000,0.0000,0.0000,0.0000,0.0000,0.0000,0.0000,0.0000,0.0000,0.0000,0.0000,0.0000,0.0000,0.0000,0.0000,0.0000,0.0000,0.0000,0.0000,0.0000,0.0000,0.0000,0.0000,0.0000,0.0000,0.0000,0.0000,0.0000,0.0000,0.0000,0.0000,0.0000,0.0000,0.0000,0.0000,0.0000,0.0000,0.0000,0.0000,0.0000,0.0000,0.0000","8,0,8,8","39,39,39,39,39,39,39,39,39,39,39,39,39,39,39,39,39,39,39,39,39,39,39,39,39,39,39,39,39,39,39,39,39,39,39,39,39,39,39,39,39,39,39,39,39,39,39,39,39,39,39,39,39,39,39,39,39,39,39,39,39,39,39,39"
229,39.43,33.80,"11.04,12.58,13.94,15.00,15.76,16.38,16.96,17.46,17.74,18.08,18.39,18.60,18.81,19.01,19.17,19.42,19.74,20.13,20.33,20.43,20.43,20.44,20.39,20.51,20.93,21.19,21.35,21.52,21.70,21.87,22.03,22.19,22.35,22.45,22.54,22.64,22.74,22.82,22.93,23.04,23.19,23.32,23.46,23.54,23.66,23.75,23.85,23.90,23.97,24.08,24.17,24.19,24.30,24.36,24.46,24.52,24.63,24.68,24.75,24.80,24.90,24.91,24.99,25.06","0.6870,0.6719,0.6641,0.6553","1.1211,1.0029,0.9834,0.8926,0.0001,0.0001,0.0001,0.0001,0.0000,0.0000,0.0000,0.0000,0.0000,0.0000,0.0000,0.0000,0.0000,0.0000,0.0000,0.0000,0.0000,0.0000,0.0000,0.0000,0.0000,0.0000,0.0000,0.0000,0.0000,0.0000,0.0000,0.0000,0.0000,0.0000,0.0000,0.0000,0.0000,0.0000,0.0000,0.0000,0.0000,0.0000,0.0000,0.0000,0.0000,0.0000,0.0000,0.0000,0.0000,0.0000,0.0000,0.0000,0.0000,0.0000,0.0000,0.0000,0.0000,0.0000,0.0000,0.0000,0.0000,0.0000,0.0000,0.0000","5,5,5,5","24,24,24,24,24,24,24,24,24,24,24,24,24,24,24,24,24,24,24,24,30,30,24,24,24,24,24,24,24,24,24,24,24,24,24,24,24,24,24,24,24,24,24,24,24,24,24,24,24,24,24,24,24,24,24,24,24,24,24,24,24,24,24,24"
230,38.35,35.01,"11.64,13.38,14.90,16.13,17.08,17.85,18.58,19.25,19.58,20.00,20.40,20.63,20.95,21.21,21.39,21.81,21.85,22.28,22.60,22.79,22.94,23.06,23.13,23.34,23.36,23.37,23.45,23.59,23.77,23.97,24.09,24.10,24.18,24.38,24.42,24.48,24.57,24.73,24.87,25.02,25.30,25.49,25.65,25.70,25.78,25.92,26.04,26.17,26.29,26.38,26.50,26.51,26.56,26.66,26.75,26.83,26.91,27.02,27.13,27.18,27.23,27.32,27.43,27.51","0.7333,0.7212,0.7174,0.6902","1.2412,1.0947,0.9936,0.6704,0.0001,0.0001,0.0001,0.0000,0.0000,0.0000,0.0000,0.0000,0.0000,0.0000,0.0000,0.0000,0.0000,0.0000,0.0000,0.0000,0.0000,0.0000,0.0000,0.0000,0.0000,0.0000,0.0000,0.0000,0.0000,0.0000,0.0000,0.0000,0.0000,0.0000,0.0000,0.0000,0.0000,0.0000,0.0000,0.0000,0.0000,0.0000,0.0000,0.0000,0.0000,0.0000,0.0000,0.0000,0.0000,0.0000,0.0000,0.0000,0.0000,0.0000,0.0000,0.0000,0.0000,0.0000,0.0000,0.0000,0.0000,0.0000,0.0000,0.0000","4,4,4,4","24,24,24,24,24,24,24,24,24,24,24,24,24,24,24,24,24,24,24,24,24,24,24,24,34,34,24,24,24,24,24,34,24,24,24,24,24,24,24,24,24,24,24,24,24,24,24,24,24,24,24,24,24,24,24,24,24,24,24,24,24,24,24,24"
231,38.97,33.88,"11.09,12.67,14.11,15.23,16.06,16.81,17.60,18.37,18.71,19.19,19.59,19.85,20.15,20.16,20.34,20.88,20.95,20.97,21.43,21.73,21.96,22.15,22.31,22.51,22.68,22.83,22.95,23.04,23.16,23.27,23.40,23.55,23.70,23.86,24.00,24.14,24.24,24.34,24.43,24.52,24.63,24.64,24.64,24.68,24.82,24.90,24.92,24.92,24.92,24.92,24.91,25.01,25.13,25.19,25.18,25.22,25.36,25.43,25.47,25.53,25.64,25.74,25.80,25.86","0.7065,0.6983,0.6928,0.6639","1.2314,1.0635,1.0381,0.6675,0.0001,0.0001,0.0001,0.0000,0.0000,0.0000,0.0000,0.0000,0.0000,0.0000,0.0000,0.0000,0.0000,0.0000,0.0000,0.0000,0.0000,0.0000,0.0000,0.0000,0.0000,0.0000,0.0000,0.0000,0.0000,0.0000,0.0000,0.0000,0.0000,0.0000,0.0000,0.0000,0.0000,0.0000,0.0000,0.0000,0.0000,0.0000,0.0000,0.0000,0.0000,0.0000,0.0000,0.0000,0.0000,0.0000,0.0000,0.0000,0.0000,0.0000,0.0000,0.0000,0.0000,0.0000,0.0000,0.0000,0.0000,0.0000,0.0000,0.0000","5,5,5,5","24,24,24,24,24,24,24,24,24,24,24,24,24,24,24,24,24,24,24,24,24,24,24,24,24,24,24,24,24,24,24,24,24,24,24,24,24,24,24,24,24,28,28,24,24,24,30,26,26,28,26,24,24,24,28,24,24,24,24,24,24,24,24,24"
232,82.53,49.51,"10.31,15.86,19.41,21.73,22.65,23.48,23.97,24.42,25.17,25.67,26.14,26.63,27.08,27.38,27.41,27.58,27.99,28.29,28.59,28.85,29.04,29.26,29.45,29.60,29.92,30.10,30.30,30.52,30.70,30.87,31.01,31.13,31.36,31.48,31.65,31.89,32.05,32.16,32.28,32.38,32.56,32.68,32.77,32.96,33.12,33.20,33.29,33.39,33.53,33.64,33.75,33.87,33.98,34.06,34.14,34.21,34.34,34.44,34.55,34.61,34.70,34.79,34.86,34.93","0.4076,0.4075,0.4074,0.4063","1.0117,1.0059,0.9984,0.9844,0.0001,0.0001,0.0001,0.0001,0.0000,0.0000,0.0000,0.0000,0.0000,0.0000,0.0000,0.0000,0.0000,0.0000,0.0000,0.0000,0.0000,0.0000,0.0000,0.0000,0.0000,0.0000,0.0000,0.0000,0.0000,0.0000,0.0000,0.0000,0.0000,0.0000,0.0000,0.0000,0.0000,0.0000,0.0000,0.0000,0.0000,0.0000,0.0000,0.0000,0.0000,0.0000,0.0000,0.0000,0.0000,0.0000,0.0000,0.0000,0.0000,0.0000,0.0000,0.0000,0.0000,0.0000,0.0000,0.0000,0.0000,0.0000,0.0000,0.0000","1,9,9,1","33,39,33,7,33,33,33,33,33,39,7,7,39,33,7,39,33,39,7,7,33,33,33,39,33,33,7,39,39,33,33,33,33,33,7,39,7,33,33,33,33,33,39,39,7,33,33,33,33,33,39,39,7,7,33,33,33,33,39,39,7,7,33,33"
233,45.98,39.89,"9.77,11.32,12.77,13.84,14.67,15.30,15.79,16.19,16.57,16.83,17.04,17.24,17.45,17.66,17.89,18.11,18.32,18.48,18.60,18.72,18.84,18.97,19.11,19.27,19.42,19.54,19.64,19.73,19.83,19.93,20.03,20.17,20.28,20.37,20.45,20.54,20.61,20.69,20.78,20.88,20.98,21.06,21.13,21.19,21.26,21.32,21.39,21.49,21.56,21.63,21.69,21.75,21.79,21.86,21.91,22.01,22.08,22.12,22.17,22.10,22.22,22.27,22.24,22.34","0.6354,0.6338,0.6323,0.6093","1.0596,1.0576,1.0019,0.8809,0.0001,0.0001,0.0001,0.0001,0.0000,0.0000,0.0000,0.0000,0.0000,0.0000,0.0000,0.0000,0.0000,0.0000,0.0000,0.0000,0.0000,0.0000,0.0000,0.0000,0.0000,0.0000,0.0000,0.0000,0.0000,0.0000,0.0000,0.0000,0.0000,0.0000,0.0000,0.0000,0.0000,0.0000,0.0000,0.0000,0.0000,0.0000,0.0000,0.0000,0.0000,0.0000,0.0000,0.0000,0.0000,0.0000,0.0000,0.0000,0.0000,0.0000,0.0000,0.0000,0.0000,0.0000,0.0000,0.0000,0.0000,0.0000,0.0000,0.0000","1,1,1,1","49,49,49,49,49,49,49,49,49,49,49,49,49,49,49,49,49,49,49,49,49,49,49,49,49,49,49,49,49,49,49,49,49,49,49,49,49,49,49,49,49,49,49,49,49,49,49,49,49,49,49,49,49,49,49,49,49,49,49,55,55,55,55,1"
234,50.10,40.62,"11.05,15.20,17.20,18.65,19.77,20.61,21.37,21.95,22.50,22.95,23.25,23.59,23.86,24.14,24.47,24.80,25.10,25.36,25.54,25.74,25.91,26.09,26.28,26.48,26.68,26.87,26.99,27.13,27.25,27.39,27.51,27.65,27.80,27.95,28.02,28.15,28.25,28.35,28.44,28.55,28.67,28.79,28.92,28.95,29.04,29.12,29.29,29.39,29.50,29.61,29.69,29.73,29.80,29.88,30.01,30.09,30.19,30.28,30.35,30.40,30.46,30.53,30.63,30.71","0.6796,0.6788,0.6787,0.6680","1.1162,1.0322,1.0029,0.8491,0.0001,0.0001,0.0001,0.0001,0.0000,0.0000,0.0000,0.0000,0.0000,0.0000,0.0000,0.0000,0.0000,0.0000,0.0000,0.0000,0.0000,0.0000,0.0000,0.0000,0.0000,0.0000,0.0000,0.0000,0.0000,0.0000,0.0000,0.0000,0.0000,0.0000,0.0000,0.0000,0.0000,0.0000,0.0000,0.0000,0.0000,0.0000,0.0000,0.0000,0.0000,0.0000,0.0000,0.0000,0.0000,0.0000,0.0000,0.0000,0.0000,0.0000,0.0000,0.0000,0.0000,0.0000,0.0000,0.0000,0.0000,0.0000,0.0000,0.0000","5,5,12,5","32,32,32,32,32,32,32,32,32,32,32,32,32,32,32,32,32,32,32,32,32,32,32,32,32,32,32,32,32,32,32,32,32,32,32,32,32,32,32,32,32,32,32,32,32,32,32,32,32,32,32,32,32,32,32,32,32,32,32,32,32,32,32,32"
235,34.27,30.65,"11.33,14.01,15.41,16.12,16.64,17.12,17.52,17.85,18.19,18.57,18.92,19.20,19.45,19.67,19.88,20.08,20.31,20.52,20.71,20.89,21.05,21.19,21.33,21.47,21.64,21.78,21.91,22.03,22.14,22.24,22.34,22.46,22.58,22.70,22.79,22.89,22.98,23.06,23.14,23.23,23.33,23.42,23.49,23.57,23.65,23.72,23.78,23.86,23.94,24.02,24.09,24.15,24.22,24.28,24.33,24.40,24.47,24.54,24.61,24.69,24.77,24.84,24.89,24.94","1.0323,1.0291,0.9552,0.8545","1.1934,1.0752,0.8881,0.8428,0.0001,0.0001,0.0001,0.0001,0.0000,0.0000,0.0000,0.0000,0.0000,0.0000,0.0000,0.0000,0.0000,0.0000,0.0000,0.0000,0.0000,0.0000,0.0000,0.0000,0.0000,0.0000,0.0000,0.0000,0.0000,0.0000,0.0000,0.0000,0.0000,0.0000,0.0000,0.0000,0.0000,0.0000,0.0000,0.0000,0.0000,0.0000,0.0000,0.0000,0.0000,0.0000,0.0000,0.0000,0.0000,0.0000,0.0000,0.0000,0.0000,0.0000,0.0000,0.0000,0.0000,0.0000,0.0000,0.0000,0.0000,0.0000,0.0000,0.0000","15,4,4,15","39,33,39,39,33,33,33,33,33,39,39,39,39,33,33,33,33,33,39,39,39,39,33,33,33,33,39,39,39,39,33,33,33,33,33,39,39,39,33,33,33,33,33,39,39,39,33,33,33,33,33,39,39,39,33,33,33,33,39,39,39,39,39,33"
236,37.49,34.06,"10.45,13.20,14.85,15.54,16.36,17.03,17.58,18.02,18.43,18.86,19.28,19.62,19.92,20.20,20.48,20.71,20.99,21.24,21.46,21.67,21.87,22.04,22.22,22.40,22.61,22.78,22.93,23.09,23.23,23.36,23.49,23.64,23.81,23.94,24.06,24.18,24.30,24.41,24.50,24.62,24.76,24.88,24.97,25.07,25.18,25.27,25.35,25.44,25.57,25.67,25.75,25.84,25.93,26.01,26.08,26.16,26.27,26.36,26.43,26.51,26.59,26.66,26.72,26.79","0.9433,0.9402,0.9208,0.7950","1.1357,1.0635,1.0293,0.7715,0.0001,0.0001,0.0001,0.0001,0.0000,0.0000,0.0000,0.0000,0.0000,0.0000,0.0000,0.0000,0.0000,0.0000,0.0000,0.0000,0.0000,0.0000,0.0000,0.0000,0.0000,0.0000,0.0000,0.0000,0.0000,0.0000,0.0000,0.0000,0.0000,0.0000,0.0000,0.0000,0.0000,0.0000,0.0000,0.0000,0.0000,0.0000,0.0000,0.0000,0.0000,0.0000,0.0000,0.0000,0.0000,0.0000,0.0000,0.0000,0.0000,0.0000,0.0000,0.0000,0.0000,0.0000,0.0000,0.0000,0.0000,0.0000,0.0000,0.0000","0,9,9,0","40,33,40,40,33,33,33,33,33,33,40,40,40,33,33,33,33,33,40,40,40,33,33,33,33,33,40,40,33,40,33,33,33,33,40,40,33,33,33,33,33,33,40,33,33,40,33,33,33,33,33,40,33,40,40,33,33,33,33,33,33,40,40,33"
237,45.88,43.71,"11.28,19.56,21.45,22.94,23.96,24.80,25.34,25.75,26.23,26.64,27.01,27.39,27.73,28.08,28.45,28.67,29.00,29.26,29.49,29.70,29.90,30.15,30.40,30.58,30.81,31.02,31.18,31.36,31.49,31.65,31.85,32.01,32.19,32.35,32.48,32.60,32.73,32.86,33.00,33.12,33.28,33.41,33.53,33.64,33.72,33.83,33.93,34.06,34.19,34.29,34.39,34.50,34.57,34.67,34.77,34.86,34.99,35.08,35.16,35.25,35.32,35.39,35.48,35.55","0.8335,0.8330,0.8146,0.7775","1.0420,1.0107,0.9868,0.9605,0.0001,0.0001,0.0001,0.0001,0.0000,0.0000,0.0000,0.0000,0.0000,0.0000,0.0000,0.0000,0.0000,0.0000,0.0000,0.0000,0.0000,0.0000,0.0000,0.0000,0.0000,0.0000,0.0000,0.0000,0.0000,0.0000,0.0000,0.0000,0.0000,0.0000,0.0000,0.0000,0.0000,0.0000,0.0000,0.0000,0.0000,0.0000,0.0000,0.0000,0.0000,0.0000,0.0000,0.0000,0.0000,0.0000,0.0000,0.0000,0.0000,0.0000,0.0000,0.0000,0.0000,0.0000,0.0000,0.0000,0.0000,0.0000,0.0000,0.0000","0,0,0,0","40,40,40,40,40,40,40,24,40,40,40,40,40,40,40,40,40,40,40,40,40,40,40,40,40,40,40,40,40,40,40,40,40,40,40,40,40,40,24,40,40,40,40,40,40,40,40,40,40,40,40,40,40,40,40,40,40,40,40,24,40,40,40,40"
238,49.61,46.34,"9.78,17.26,19.57,21.61,22.97,24.03,24.76,25.42,25.96,26.44,26.85,27.25,27.61,27.95,28.26,28.61,28.93,29.21,29.43,29.66,29.89,30.10,30.28,30.52,30.77,30.95,31.10,31.26,31.43,31.59,31.72,31.89,32.09,32.23,32.34,32.48,32.60,32.72,32.83,32.96,33.14,33.25,33.34,33.45,33.55,33.66,33.73,33.85,33.99,34.09,34.17,34.25,34.34,34.42,34.50,34.59,34.72,34.81,34.87,34.94,35.03,35.10,35.17,35.24","0.7808,0.7797,0.7789,0.6968","1.0430,1.0371,1.0195,0.8995,0.0001,0.0001,0.0001,0.0001,0.0000,0.0000,0.0000,0.0000,0.0000,0.0000,0.0000,0.0000,0.0000,0.0000,0.0000,0.0000,0.0000,0.0000,0.0000,0.0000,0.0000,0.0000,0.0000,0.0000,0.0000,0.0000,0.0000,0.0000,0.0000,0.0000,0.0000,0.0000,0.0000,0.0000,0.0000,0.0000,0.0000,0.0000,0.0000,0.0000,0.0000,0.0000,0.0000,0.0000,0.0000,0.0000,0.0000,0.0000,0.0000,0.0000,0.0000,0.0000,0.0000,0.0000,0.0000,0.0000,0.0000,0.0000,0.0000,0.0000","3,3,5,5","40,40,40,40,24,24,24,24,24,40,40,40,40,40,40,24,24,40,40,40,40,40,40,24,24,24,40,40,40,40,40,24,24,40,40,40,40,40,24,24,24,24,40,40,40,40,24,40,24,24,40,40,24,40,24,24,24,40,40,40,40,40,40,24"
239,35.12,32.62,"12.00,15.62,17.53,18.54,19.13,19.79,20.36,20.76,21.21,21.60,21.97,22.28,22.59,22.94,23.24,23.49,23.72,23.97,24.18,24.37,24.57,24.80,25.01,25.19,25.36,25.54,25.68,25.82,25.96,26.14,26.31,26.45,26.58,26.72,26.83,26.94,27.05,27.20,27.33,27.46,27.57,27.68,27.77,27.85,27.95,28.07,28.20,28.31,28.40,28.49,28.57,28.64,28.72,28.83,28.94,29.04,29.13,29.21,29.27,29.33,29.40,29.49,29.59,29.69","1.1005,1.0986,1.0421,0.7588","1.1250,1.0742,0.9287,0.8716,0.0001,0.0001,0.0001,0.0001,0.0000,0.0000,0.0000,0.0000,0.0000,0.0000,0.0000,0.0000,0.0000,0.0000,0.0000,0.0000,0.0000,0.0000,0.0000,0.0000,0.0000,0.0000,0.0000,0.0000,0.0000,0.0000,0.0000,0.0000,0.0000,0.0000,0.0000,0.0000,0.0000,0.0000,0.0000,0.0000,0.0000,0.0000,0.0000,0.0000,0.0000,0.0000,0.0000,0.0000,0.0000,0.0000,0.0000,0.0000,0.0000,0.0000,0.0000,0.0000,0.0000,0.0000,0.0000,0.0000,0.0000,0.0000,0.0000,0.0000","0,8,0,0","39,32,32,32,32,32,32,32,32,32,32,32,32,32,32,32,32,32,32,32,32,32,32,32,32,32,32,32,32,32,32,32,32,32,32,32,32,32,32,32,32,32,32,32,32,32,32,32,32,32,32,32,32,32,32,32,32,32,32,32,32,32,32,32"
240,34.61,31.82,"12.10,16.40,17.74,18.01,18.88,19.46,19.93,20.26,20.63,21.02,21.35,21.63,21.91,22.17,22.42,22.61,22.83,23.07,23.27,23.44,23.60,23.78,23.95,24.10,24.28,24.46,24.59,24.72,24.84,24.97,25.10,25.23,25.38,25.52,25.63,25.73,25.82,25.93,26.03,26.14,26.26,26.38,26.48,26.56,26.64,26.72,26.80,26.90,27.01,27.12,27.20,27.27,27.34,27.41,27.48,27.56,27.66,27.75,27.83,27.90,27.95,28.01,28.07,28.14","1.0470,1.0460,0.9534,0.5986","1.2187,1.1621,0.9053,0.7134,0.0001,0.0001,0.0001,0.0001,0.0000,0.0000,0.0000,0.0000,0.0000,0.0000,0.0000,0.0000,0.0000,0.0000,0.0000,0.0000,0.0000,0.0000,0.0000,0.0000,0.0000,0.0000,0.0000,0.0000,0.0000,0.0000,0.0000,0.0000,0.0000,0.0000,0.0000,0.0000,0.0000,0.0000,0.0000,0.0000,0.0000,0.0000,0.0000,0.0000,0.0000,0.0000,0.0000,0.0000,0.0000,0.0000,0.0000,0.0000,0.0000,0.0000,0.0000,0.0000,0.0000,0.0000,0.0000,0.0000,0.0000,0.0000,0.0000,0.0000","0,11,0,0","32,32,32,32,32,32,32,32,32,32,32,32,32,32,32,32,32,32,32,32,32,32,32,32,32,32,32,32,32,32,32,32,32,32,32,32,32,32,32,32,32,32,32,32,32,32,32,32,32,32,32,32,32,32,32,32,32,32,32,32,32,32,32,32"
248,35.59,30.26,"9.45,12.55,14.53,15.64,16.29,16.70,16.95,17.10,17.45,17.74,18.12,18.46,18.79,19.03,19.22,19.28,19.48,19.69,19.93,20.16,20.36,20.54,20.67,20.74,20.91,21.09,21.26,21.43,21.57,21.70,21.76,21.82,21.97,22.10,22.24,22.37,22.48,22.58,22.63,22.67,22.79,22.85,22.95,23.04,23.12,23.19,23.23,23.27,23.36,23.43,23.51,23.58,23.64,23.70,23.75,23.81,23.87,23.92,23.99,24.05,24.11,24.15,24.20,24.24","1.0030,1.0018,0.9570,0.6969","1.2246,1.1260,1.1152,0.5337,0.0001,0.0001,0.0001,0.0000,0.0000,0.0000,0.0000,0.0000,0.0000,0.0000,0.0000,0.0000,0.0000,0.0000,0.0000,0.0000,0.0000,0.0000,0.0000,0.0000,0.0000,0.0000,0.0000,0.0000,0.0000,0.0000,0.0000,0.0000,0.0000,0.0000,0.0000,0.0000,0.0000,0.0000,0.0000,0.0000,0.0000,0.0000,0.0000,0.0000,0.0000,0.0000,0.0000,0.0000,0.0000,0.0000,0.0000,0.0000,0.0000,0.0000,0.0000,0.0000,0.0000,0.0000,0.0000,0.0000,0.0000,0.0000,0.0000,0.0000","3,5,3,3","0,0,0,0,0,0,0,0,0,0,0,0,0,0,0,16,0,0,0,0,0,0,0,16,0,0,0,0,0,0,16,16,0,0,0,0,0,0,16,16,0,0,0,0,0,0,0,0,0,0,0,0,0,0,0,0,0,0,0,0,0,0,0,0"
249,36.24,31.86,"10.33,13.15,15.11,16.33,17.09,17.58,18.04,18.45,18.76,19.06,19.34,19.65,19.94,20.20,20.45,20.70,20.88,21.07,21.23,21.40,21.58,21.75,21.92,22.11,22.22,22.35,22.47,22.58,22.71,22.83,22.95,23.10,23.16,23.26,23.36,23.44,23.54,23.63,23.71,23.83,23.88,23.95,24.02,24.09,24.16,24.23,24.31,24.40,24.47,24.67,24.73,24.78,24.85,24.87,24.94,25.04,25.08,25.16,25.19,25.24,25.28,25.35,25.42,25.51","0.9565,0.9557,0.9091,0.8404","1.1836,1.0244,0.9184,0.8735,0.0001,0.0001,0.0001,0.0001,0.0000,0.0000,0.0000,0.0000,0.0000,0.0000,0.0000,0.0000,0.0000,0.0000,0.0000,0.0000,0.0000,0.0000,0.0000,0.0000,0.0000,0.0000,0.0000,0.0000,0.0000,0.0000,0.0000,0.0000,0.0000,0.0000,0.0000,0.0000,0.0000,0.0000,0.0000,0.0000,0.0000,0.0000,0.0000,0.0000,0.0000,0.0000,0.0000,0.0000,0.0000,0.0000,0.0000,0.0000,0.0000,0.0000,0.0000,0.0000,0.0000,0.0000,0.0000,0.0000,0.0000,0.0000,0.0000,0.0000","15,4,4,15","0,0,0,0,0,0,0,0,0,0,0,0,0,0,0,0,0,0,0,0,0,0,0,0,0,0,0,0,0,0,0,0,0,0,0,0,0,0,0,0,0,0,0,0,0,0,0,0,0,0,0,0,0,16,0,0,0,0,0,0,0,0,0,0"
250,37.42,30.57,"9.08,11.52,13.80,14.87,15.54,16.14,16.62,17.01,17.27,17.55,17.94,18.34,18.66,18.90,19.10,19.29,19.44,19.60,19.79,20.01,20.20,20.35,20.47,20.59,20.70,20.80,20.93,21.08,21.21,21.31,21.41,21.50,21.59,21.68,21.77,21.88,21.98,22.05,22.11,22.19,22.25,22.31,22.38,22.47,22.57,22.64,22.69,22.75,22.82,22.92,23.05,23.18,23.27,23.32,23.36,23.42,23.49,23.60,23.72,23.83,23.91,23.96,23.99,24.03","0.9258,0.9248,0.8807,0.8589","1.2295,0.9526,0.9360,0.8823,0.0001,0.0001,0.0001,0.0000,0.0000,0.0000,0.0000,0.0000,0.0000,0.0000,0.0000,0.0000,0.0000,0.0000,0.0000,0.0000,0.0000,0.0000,0.0000,0.0000,0.0000,0.0000,0.0000,0.0000,0.0000,0.0000,0.0000,0.0000,0.0000,0.0000,0.0000,0.0000,0.0000,0.0000,0.0000,0.0000,0.0000,0.0000,0.0000,0.0000,0.0000,0.0000,0.0000,0.0000,0.0000,0.0000,0.0000,0.0000,0.0000,0.0000,0.0000,0.0000,0.0000,0.0000,0.0000,0.0000,0.0000,0.0000,0.0000,0.0000","3,8,1,8","15,57,15,15,57,15,57,57,57,57,15,15,15,15,57,57,57,57,15,15,15,15,57,57,57,57,15,15,15,15,57,57,57,57,15,15,15,15,57,57,57,57,15,15,15,15,57,57,15,15,15,15,15,15,57,57,15,15,15,15,15,15,15,15"
251,37.15,32.75,"10.34,11.66,12.48,13.19,13.79,14.24,14.54,14.74,14.95,15.18,15.44,15.72,16.00,16.22,16.38,16.48,16.60,16.74,16.91,17.09,17.26,17.40,17.50,17.57,17.66,17.76,17.88,18.01,18.13,18.23,18.31,18.38,18.45,18.54,18.63,18.72,18.80,18.89,18.97,19.04,19.11,19.17,19.24,19.31,19.38,19.45,19.52,19.59,19.64,19.70,19.76,19.81,19.87,19.93,19.98,20.04,20.09,20.13,20.18,20.23,20.27,20.32,20.37,20.42","0.8492,0.8482,0.8031,0.7075","1.0937,1.0684,0.9688,0.8692,0.0001,0.0001,0.0001,0.0001,0.0000,0.0000,0.0000,0.0000,0.0000,0.0000,0.0000,0.0000,0.0000,0.0000,0.0000,0.0000,0.0000,0.0000,0.0000,0.0000,0.0000,0.0000,0.0000,0.0000,0.0000,0.0000,0.0000,0.0000,0.0000,0.0000,0.0000,0.0000,0.0000,0.0000,0.0000,0.0000,0.0000,0.0000,0.0000,0.0000,0.0000,0.0000,0.0000,0.0000,0.0000,0.0000,0.0000,0.0000,0.0000,0.0000,0.0000,0.0000,0.0000,0.0000,0.0000,0.0000,0.0000,0.0000,0.0000,0.0000","0,8,0,8","15,15,15,15,15,15,15,63,63,15,15,15,15,15,15,63,63,63,15,15,15,15,15,15,63,63,15,15,15,15,15,15,15,15,15,15,15,15,15,15,15,15,15,15,15,15,15,15,15,15,15,63,15,15,15,15,15,15,15,15,63,15,15,15"
252,27.84,22.98,"12.79,13.90,14.54,14.98,15.28,15.50,15.64,15.73,15.92,16.12,16.31,16.50,16.66,16.78,16.86,16.94,17.18,17.41,17.63,17.82,17.97,18.08,18.15,18.21,18.46,18.68,18.87,19.04,19.19,19.29,19.36,19.41,19.60,19.78,19.93,20.08,20.22,20.31,20.37,20.41,20.56,20.69,20.82,20.96,21.05,21.16,21.23,21.26,21.37,21.46,21.57,21.67,21.78,21.87,21.93,21.99,22.05,22.15,22.22,22.33,22.41,22.49,22.56,22.61","1.1055,1.0615,1.0225,0.7164","1.7949,1.7031,0.5024,0.0001,0.0001,0.0000,0.0000,0.0000,0.0000,0.0000,0.0000,0.0000,0.0000,0.0000,0.0000,0.0000,0.0000,0.0000,0.0000,0.0000,0.0000,0.0000,0.0000,0.0000,0.0000,0.0000,0.0000,0.0000,0.0000,0.0000,0.0000,0.0000,0.0000,0.0000,0.0000,0.0000,0.0000,0.0000,0.0000,0.0000,0.0000,0.0000,0.0000,0.0000,0.0000,0.0000,0.0000,0.0000,0.0000,0.0000,0.0000,0.0000,0.0000,0.0000,0.0000,0.0000,0.0000,0.0000,0.0000,0.0000,0.0000,0.0000,0.0000,0.0000","12,12,12,12","7,7,7,7,7,7,7,7,7,7,7,7,7,7,7,7,7,7,7,7,7,7,7,7,7,7,7,7,7,7,7,7,7,7,7,7,7,7,7,7,7,7,7,7,7,7,7,7,7,7,7,7,7,7,7,7,7,7,7,7,7,7,7,7"
253,24.54,21.75,"9.92,11.31,12.19,12.81,13.25,13.57,13.79,13.94,14.07,14.27,14.47,14.66,14.84,15.00,15.14,15.27,15.44,15.60,15.75,15.87,15.98,16.09,16.20,16.30,16.45,16.59,16.71,16.80,16.88,16.96,17.04,17.11,17.24,17.36,17.46,17.53,17.59,17.65,17.70,17.75,17.86,17.96,18.04,18.10,18.15,18.18,18.22,18.26,18.35,18.43,18.50,18.56,18.60,18.63,18.65,18.67,18.75,18.82,18.89,18.95,18.99,19.02,19.03,19.05","1.3759,1.3222,0.8970,0.4050","1.8769,1.7451,0.3777,0.0001,0.0001,0.0001,0.0001,0.0000,0.0000,0.0000,0.0000,0.0000,0.0000,0.0000,0.0000,0.0000,0.0000,0.0000,0.0000,0.0000,0.0000,0.0000,0.0000,0.0000,0.0000,0.0000,0.0000,0.0000,0.0000,0.0000,0.0000,0.0000,0.0000,0.0000,0.0000,0.0000,0.0000,0.0000,0.0000,0.0000,0.0000,0.0000,0.0000,0.0000,0.0000,0.0000,0.0000,0.0000,0.0000,0.0000,0.0000,0.0000,0.0000,0.0000,0.0000,0.0000,0.0000,0.0000,0.0000,0.0000,0.0000,0.0000,0.0000,0.0000","15,7,15,15","56,56,56,56,56,56,56,56,56,56,56,56,56,56,56,56,56,56,56,56,56,56,56,56,56,56,56,56,56,56,56,56,56,56,56,56,56,56,56,56,56,56,56,56,56,56,56,56,56,56,56,56,56,56,56,56,56,56,56,56,56,56,56,56"
254,21.59,18.84,"10.95,12.17,12.93,13.47,13.87,14.17,14.39,14.56,14.69,14.85,15.01,15.18,15.33,15.46,15.56,15.65,15.72,15.80,15.90,16.00,16.09,16.18,16.25,16.30,16.35,16.41,16.47,16.55,16.61,16.68,16.73,16.78,16.82,16.87,16.92,16.99,17.05,17.12,17.17,17.23,17.26,17.30,17.34,17.39,17.45,17.51,17.56,17.62,17.66,17.69,17.73,17.77,17.82,17.87,17.92,17.98,18.03,18.05,18.08,18.12,18.16,18.20,18.24,18.31","1.7097,1.4162,0.6846,0.1878","2.4375,1.5635,0.0001,0.0001,0.0001,0.0001,0.0000,0.0000,0.0000,0.0000,0.0000,0.0000,0.0000,0.0000,0.0000,0.0000,0.0000,0.0000,0.0000,0.0000,0.0000,0.0000,0.0000,0.0000,0.0000,0.0000,0.0000,0.0000,0.0000,0.0000,0.0000,0.0000,0.0000,0.0000,0.0000,0.0000,0.0000,0.0000,0.0000,0.0000,0.0000,0.0000,0.0000,0.0000,0.0000,0.0000,0.0000,0.0000,0.0000,0.0000,0.0000,0.0000,0.0000,0.0000,0.0000,0.0000,0.0000,0.0000,0.0000,0.0000,0.0000,0.0000,0.0000,0.0000","3,11,11,3","63,63,63,63,7,7,7,7,7,63,63,63,63,7,7,63,7,63,7,7,7,63,63,7,63,7,7,7,7,7,63,7,63,63,7,63,7,63,7,63,63,63,7,7,63,7,7,7,63,63,7,7,7,7,7,7,63,63,63,63,63,7,63,7"
255,26.72,22.65,"9.30,10.72,11.64,12.28,12.72,12.99,13.23,13.50,13.73,13.97,14.22,14.46,14.67,14.86,15.06,15.26,15.41,15.56,15.72,15.87,16.01,16.13,16.25,16.39,16.50,16.60,16.70,16.80,16.88,16.96,17.05,17.15,17.23,17.28,17.35,17.40,17.46,17.51,17.56,17.61,17.68,17.69,17.74,17.79,17.83,17.87,17.90,17.95,17.98,18.02,18.06,18.10,18.13,18.16,18.17,18.21,18.25,18.28,18.31,18.34,18.36,18.38,18.41,18.44","1.1319,1.1048,0.8266,0.5879","1.5302,1.2949,1.1748,0.0001,0.0001,0.0001,0.0000,0.0000,0.0000,0.0000,0.0000,0.0000,0.0000,0.0000,0.0000,0.0000,0.0000,0.0000,0.0000,0.0000,0.0000,0.0000,0.0000,0.0000,0.0000,0.0000,0.0000,0.0000,0.0000,0.0000,0.0000,0.0000,0.0000,0.0000,0.0000,0.0000,0.0000,0.0000,0.0000,0.0000,0.0000,0.0000,0.0000,0.0000,0.0000,0.0000,0.0000,0.0000,0.0000,0.0000,0.0000,0.0000,0.0000,0.0000,0.0000,0.0000,0.0000,0.0000,0.0000,0.0000,0.0000,0.0000,0.0000,0.0000","0,11,0,11","0,0,0,0,0,0,0,0,0,0,0,0,0,0,0,0,0,0,0,0,0,0,0,0,0,0,0,0,0,0,0,0,0,62,62,62,62,62,62,62,0,60,62,62,62,62,62,62,62,62,62,62,62,62,48,62,0,62,62,62,62,62,62,62"
256,20.18,19.13,"10.75,11.95,12.71,13.26,13.67,13.98,14.19,14.33,14.46,14.62,14.80,14.98,15.15,15.28,15.39,15.46,15.53,15.62,15.72,15.83,15.94,16.03,16.10,16.14,16.19,16.25,16.33,16.41,16.48,16.54,16.60,16.63,16.66,16.71,16.77,16.82,16.88,16.93,16.97,16.99,17.02,17.06,17.10,17.15,17.19,17.22,17.24,17.27,17.29,17.32,17.35,17.37,17.41,17.44,17.46,17.48,17.49,17.51,17.53,17.55,17.57,17.58,17.60,17.62","2.1249,1.0527,0.8213,0.0001","3.9999,0.0000,0.0000,0.0000,0.0000,0.0000,0.0000,0.0000,0.0000,0.0000,0.0000,0.0000,0.0000,0.0000,0.0000,0.0000,0.0000,0.0000,0.0000,0.0000,0.0000,0.0000,0.0000,0.0000,0.0000,0.0000,0.0000,0.0000,0.0000,0.0000,0.0000,0.0000,0.0000,0.0000,0.0000,0.0000,0.0000,0.0000,0.0000,0.0000,0.0000,0.0000,0.0000,0.0000,0.0000,0.0000,0.0000,0.0000,0.0000,0.0000,0.0000,0.0000,0.0000,0.0000,0.0000,0.0000,0.0000,0.0000,0.0000,0.0000,0.0000,0.0000,0.0000,0.0000","15,15,15,15","7,7,7,7,7,7,7,7,7,7,7,7,7,7,7,7,7,7,7,7,7,7,7,7,7,7,7,7,7,7,7,7,7,7,7,7,7,7,7,7,7,7,7,7,7,7,7,7,7,7,7,7,7,7,48,7,7,7,48,7,48,7,7,7"
257,24.19,21.71,"10.80,11.99,12.70,13.18,13.50,13.70,13.81,13.87,14.08,14.31,14.54,14.74,14.91,15.03,15.11,15.17,15.27,15.41,15.57,15.74,15.90,16.03,16.12,16.18,16.25,16.35,16.47,16.62,16.77,16.90,17.01,17.07,17.13,17.19,17.29,17.41,17.54,17.67,17.77,17.84,17.90,17.96,18.04,18.12,18.23,18.34,18.44,18.51,18.59,18.65,18.71,18.78,18.86,18.95,19.04,19.11,19.19,19.26,19.32,19.37,19.44,19.51,19.58,19.63","1.6467,1.5974,0.7555,0.0001","1.6231,1.2373,1.1396,0.0001,0.0001,0.0001,0.0000,0.0000,0.0000,0.0000,0.0000,0.0000,0.0000,0.0000,0.0000,0.0000,0.0000,0.0000,0.0000,0.0000,0.0000,0.0000,0.0000,0.0000,0.0000,0.0000,0.0000,0.0000,0.0000,0.0000,0.0000,0.0000,0.0000,0.0000,0.0000,0.0000,0.0000,0.0000,0.0000,0.0000,0.0000,0.0000,0.0000,0.0000,0.0000,0.0000,0.0000,0.0000,0.0000,0.0000,0.0000,0.0000,0.0000,0.0000,0.0000,0.0000,0.0000,0.0000,0.0000,0.0000,0.0000,0.0000,0.0000,0.0000","11,0,0,11","55,55,55,55,55,55,55,55,55,55,55,55,55,55,55,55,55,55,55,55,55,55,55,55,55,55,55,55,55,55,55,55,55,55,55,55,55,55,55,55,55,55,55,55,55,55,55,55,55,55,55,55,55,55,55,55,55,55,55,55,55,55,55,55"
258,24.87,22.65,"10.37,11.77,12.61,13.15,13.47,13.64,13.70,13.72,13.84,14.03,14.26,14.47,14.63,14.72,14.77,14.78,14.83,14.92,15.05,15.17,15.28,15.34,15.38,15.39,15.42,15.47,15.55,15.64,15.72,15.79,15.83,15.84,15.86,15.89,15.95,16.02,16.10,16.16,16.19,16.21,16.22,16.24,16.28,16.34,16.40,16.45,16.48,16.51,16.53,16.54,16.58,16.62,16.67,16.72,16.76,16.79,16.81,16.83,16.84,16.88,16.92,16.97,17.01,17.05","1.8983,1.8721,0.2293,0.0001","2.1269,1.4531,0.4204,0.0001,0.0001,0.0001,0.0001,0.0000,0.0000,0.0000,0.0000,0.0000,0.0000,0.0000,0.0000,0.0000,0.0000,0.0000,0.0000,0.0000,0.0000,0.0000,0.0000,0.0000,0.0000,0.0000,0.0000,0.0000,0.0000,0.0000,0.0000,0.0000,0.0000,0.0000,0.0000,0.0000,0.0000,0.0000,0.0000,0.0000,0.0000,0.0000,0.0000,0.0000,0.0000,0.0000,0.0000,0.0000,0.0000,0.0000,0.0000,0.0000,0.0000,0.0000,0.0000,0.0000,0.0000,0.0000,0.0000,0.0000,0.0000,0.0000,0.0000,0.0000","11,0,0,11","56,56,56,56,56,56,56,56,56,56,56,56,56,56,56,56,56,56,56,56,56,56,56,56,56,56,56,56,56,56,56,56,56,56,56,56,56,56,56,56,56,56,56,56,56,56,56,56,56,56,56,56,56,56,56,56,56,54,56,56,56,56,56,56"
266,84.33,54.21,"10.29,16.68,21.04,24.64,25.93,27.38,28.32,29.12,29.82,30.35,30.97,31.40,31.79,32.19,32.59,33.10,33.51,33.76,34.08,34.33,34.54,34.78,34.99,35.30,35.58,35.75,35.96,36.13,36.27,36.43,36.57,36.78,36.98,37.11,37.26,37.39,37.49,37.61,37.71,37.86,38.02,38.12,38.23,38.34,38.42,38.50,38.58,38.69,38.82,38.90,38.99,39.10,39.17,39.22,39.28,39.37,39.48,39.54,39.62,39.74,39.82,39.87,39.93,40.05","0.4254,0.4253,0.4252,0.4250","1.0029,1.0019,0.9985,0.9966,0.0001,0.0001,0.0001,0.0001,0.0000,0.0000,0.0000,0.0000,0.0000,0.0000,0.0000,0.0000,0.0000,0.0000,0.0000,0.0000,0.0000,0.0000,0.0000,0.0000,0.0000,0.0000,0.0000,0.0000,0.0000,0.0000,0.0000,0.0000,0.0000,0.0000,0.0000,0.0000,0.0000,0.0000,0.0000,0.0000,0.0000,0.0000,0.0000,0.0000,0.0000,0.0000,0.0000,0.0000,0.0000,0.0000,0.0000,0.0000,0.0000,0.0000,0.0000,0.0000,0.0000,0.0000,0.0000,0.0000,0.0000,0.0000,0.0000,0.0000","5,5,5,13","24,24,30,24,24,24,24,24,24,24,24,24,24,24,24,24,24,24,24,24,24,24,24,24,24,24,24,24,24,24,24,24,24,24,24,24,24,24,24,24,24,24,24,24,24,24,24,24,24,24,24,24,24,24,24,24,24,24,24,24,24,24,24,24"
