ue,C_AE,C_UE,C_BS_hist,lambda_UE,lambda_BS,ue_beams,bs_beams
651,28.53,24.81,"10.52,11.88,12.77,13.67,14.60,15.38,16.01,16.55,16.89,17.14,17.34,17.55,17.81,18.11,18.43,18.74,18.92,19.06,19.18,19.31,19.48,19.68,19.90,20.12,20.24,20.33,20.41,20.50,20.63,20.79,20.95,21.13,21.20,21.26,21.32,21.40,21.50,21.62,21.76,21.89,21.95,21.99,22.03,22.09,22.17,22.27,22.38,22.48,22.53,22.55,22.59,22.64,22.71,22.79,22.88,22.96,22.98,23.00,23.03,23.08,23.14,23.20,23.27,23.33","1.1739,1.1658,0.9606,0.6162","1.9815,1.9668,0.0513,0.0001,0.0001,0.0001,0.0001,0.0000,0.0000,0.0000,0.0000,0.0000,0.0000,0.0000,0.0000,0.0000,0.0000,0.0000,0.0000,0.0000,0.0000,0.0000,0.0000,0.0000,0.0000,0.0000,0.0000,0.0000,0.0000,0.0000,0.0000,0.0000,0.0000,0.0000,0.0000,0.0000,0.0000,0.0000,0.0000,0.0000,0.0000,0.0000,0.0000,0.0000,0.0000,0.0000,0.0000,0.0000,0.0000,0.0000,0.0000,0.0000,0.0000,0.0000,0.0000,0.0000,0.0000,0.0000,0.0000,0.0000,0.0000,0.0000,0.0000,0.0000","8,8,8,8","30,30,30,30,30,30,30,30,30,30,30,30,30,30,30,30,30,30,30,30,30,30,30,30,30,30,30,30,30,30,30,30,30,30,30,30,30,30,30,30,30,30,30,30,30,30,30,30,30,30,30,30,30,30,30,30,30,30,30,30,30,30,30,30"
652,25.00,21.10,"11.18,12.40,13.22,13.84,14.47,15.03,15.41,15.61,15.92,16.13,16.29,16.50,16.76,17.00,17.15,17.23,17.41,17.52,17.62,17.76,17.93,18.06,18.14,18.20,18.31,18.37,18.45,18.56,18.68,18.76,18.81,18.89,18.94,18.99,19.06,19.15,19.23,19.28,19.34,19.43,19.46,19.51,19.57,19.64,19.68,19.73,19.78,19.91,19.93,19.97,20.03,20.08,20.11,20.15,20.24,20.36,20.38,20.42,20.47,20.49,20.53,20.59,20.68,20.78","1.3038,1.2177,1.1276,0.3504","2.0898,1.9112,0.0001,0.0001,0.0001,0.0001,0.0000,0.0000,0.0000,0.0000,0.0000,0.0000,0.0000,0.0000,0.0000,0.0000,0.0000,0.0000,0.0000,0.0000,0.0000,0.0000,0.0000,0.0000,0.0000,0.0000,0.0000,0.0000,0.0000,0.0000,0.0000,0.0000,0.0000,0.0000,0.0000,0.0000,0.0000,0.0000,0.0000,0.0000,0.0000,0.0000,0.0000,0.0000,0.0000,0.0000,0.0000,0.0000,0.0000,0.0000,0.0000,0.0000,0.0000,0.0000,0.0000,0.0000,0.0000,0.0000,0.0000,0.0000,0.0000,0.0000,0.0000,0.0000","8,8,8,8","22,22,22,22,22,22,22,22,22,22,22,22,22,22,22,22,22,22,22,22,22,22,22,22,22,22,22,22,22,22,22,22,22,22,22,22,22,22,22,22,22,22,22,22,22,22,22,22,22,22,22,22,22,22,22,22,22,22,22,22,22,22,22,22"
653,23.63,23.33,"10.37,11.78,12.72,13.42,13.96,14.36,14.65,14.85,14.96,15.10,15.28,15.49,15.71,15.91,16.11,16.31,16.39,16.50,16.65,16.82,17.00,17.18,17.34,17.51,17.59,17.70,17.84,17.99,18.13,18.27,18.41,18.53,18.61,18.72,18.83,18.96,19.08,19.19,19.29,19.39,19.47,19.55,19.66,19.76,19.86,19.96,20.05,20.12,20.18,20.26,20.36,20.45,20.53,20.62,20.70,20.76,20.81,20.89,20.97,21.05,21.13,21.20,21.27,21.33","1.6210,1.5596,0.4744,0.3457","2.0313,1.9678,0.0001,0.0001,0.0001,0.0000,0.0000,0.0000,0.0000,0.0000,0.0000,0.0000,0.0000,0.0000,0.0000,0.0000,0.0000,0.0000,0.0000,0.0000,0.0000,0.0000,0.0000,0.0000,0.0000,0.0000,0.0000,0.0000,0.0000,0.0000,0.0000,0.0000,0.0000,0.0000,0.0000,0.0000,0.0000,0.0000,0.0000,0.0000,0.0000,0.0000,0.0000,0.0000,0.0000,0.0000,0.0000,0.0000,0.0000,0.0000,0.0000,0.0000,0.0000,0.0000,0.0000,0.0000,0.0000,0.0000,0.0000,0.0000,0.0000,0.0000,0.0000,0.0000","11,11,11,11","23,23,23,23,23,23,23,23,23,23,23,23,23,23,23,23,23,23,23,23,23,23,23,23,23,23,23,23,23,23,23,23,23,23,23,23,23,23,23,23,23,23,23,23,23,23,23,23,23,23,23,23,23,23,23,23,23,23,23,23,23,23,23,23"
654,20.98,18.70,"9.91,11.04,11.75,12.28,12.70,13.04,13.31,13.53,13.68,13.83,13.98,14.14,14.28,14.42,14.54,14.65,14.73,14.82,14.91,15.01,15.10,15.18,15.26,15.33,15.38,15.45,15.51,15.58,15.64,15.70,15.76,15.80,15.85,15.90,15.95,16.00,16.05,16.09,16.13,16.16,16.20,16.24,16.27,16.32,16.35,16.38,16.42,16.44,16.47,16.50,16.53,16.56,16.58,16.60,16.63,16.65,16.69,16.73,16.76,16.79,16.81,16.84,16.86,16.89","1.8066,1.3544,0.5161,0.3225","2.4844,1.5156,0.0002,0.0001,0.0001,0.0001,0.0001,0.0000,0.0000,0.0000,0.0000,0.0000,0.0000,0.0000,0.0000,0.0000,0.0000,0.0000,0.0000,0.0000,0.0000,0.0000,0.0000,0.0000,0.0000,0.0000,0.0000,0.0000,0.0000,0.0000,0.0000,0.0000,0.0000,0.0000,0.0000,0.0000,0.0000,0.0000,0.0000,0.0000,0.0000,0.0000,0.0000,0.0000,0.0000,0.0000,0.0000,0.0000,0.0000,0.0000,0.0000,0.0000,0.0000,0.0000,0.0000,0.0000,0.0000,0.0000,0.0000,0.0000,0.0000,0.0000,0.0000,0.0000","6,6,8,8","13,13,13,13,13,13,13,13,13,13,13,13,13,13,13,13,13,13,13,13,13,13,13,13,13,13,13,13,13,13,13,13,13,13,13,13,13,13,13,13,13,13,13,13,13,13,13,13,13,13,13,13,13,13,13,13,13,13,13,13,13,13,13,13"
655,21.23,20.34,"12.02,13.18,13.90,14.41,14.79,15.07,15.27,15.41,15.55,15.71,15.88,16.04,16.19,16.31,16.42,16.50,16.61,16.71,16.81,16.92,17.01,17.10,17.18,17.27,17.36,17.44,17.52,17.59,17.66,17.73,17.79,17.87,17.97,18.03,18.10,18.15,18.21,18.25,18.31,18.37,18.44,18.50,18.56,18.61,18.65,18.69,18.73,18.77,18.86,18.91,18.95,18.99,19.03,19.06,19.10,19.14,19.21,19.26,19.29,19.32,19.34,19.37,19.40,19.43","1.6798,1.2608,0.6676,0.3916","2.2812,1.7187,0.0002,0.0001,0.0001,0.0001,0.0001,0.0000,0.0000,0.0000,0.0000,0.0000,0.0000,0.0000,0.0000,0.0000,0.0000,0.0000,0.0000,0.0000,0.0000,0.0000,0.0000,0.0000,0.0000,0.0000,0.0000,0.0000,0.0000,0.0000,0.0000,0.0000,0.0000,0.0000,0.0000,0.0000,0.0000,0.0000,0.0000,0.0000,0.0000,0.0000,0.0000,0.0000,0.0000,0.0000,0.0000,0.0000,0.0000,0.0000,0.0000,0.0000,0.0000,0.0000,0.0000,0.0000,0.0000,0.0000,0.0000,0.0000,0.0000,0.0000,0.0000,0.0000","7,7,7,7","13,13,13,13,13,13,13,13,13,13,13,13,13,13,13,13,13,13,13,13,13,13,13,13,13,13,13,13,13,13,13,13,13,13,13,13,13,13,13,13,13,13,13,13,13,13,13,13,13,13,13,13,13,13,13,13,13,13,13,13,15,13,13,13"
656,21.69,19.94,"11.42,12.55,13.24,13.73,14.10,14.40,14.63,14.81,14.96,15.12,15.28,15.43,15.57,15.69,15.80,15.89,15.97,16.06,16.15,16.24,16.33,16.41,16.48,16.54,16.60,16.66,16.72,16.79,16.85,16.91,16.96,17.00,17.04,17.09,17.14,17.19,17.23,17.28,17.33,17.38,17.41,17.45,17.49,17.54,17.59,17.64,17.70,17.77,17.78,17.82,17.86,17.90,17.96,18.02,18.08,18.14,18.15,18.19,18.23,18.29,18.32,18.40,18.45,18.50","1.6640,1.2546,1.0810,0.0001","2.3301,1.6709,0.0001,0.0001,0.0001,0.0001,0.0000,0.0000,0.0000,0.0000,0.0000,0.0000,0.0000,0.0000,0.0000,0.0000,0.0000,0.0000,0.0000,0.0000,0.0000,0.0000,0.0000,0.0000,0.0000,0.0000,0.0000,0.0000,0.0000,0.0000,0.0000,0.0000,0.0000,0.0000,0.0000,0.0000,0.0000,0.0000,0.0000,0.0000,0.0000,0.0000,0.0000,0.0000,0.0000,0.0000,0.0000,0.0000,0.0000,0.0000,0.0000,0.0000,0.0000,0.0000,0.0000,0.0000,0.0000,0.0000,0.0000,0.0000,0.0000,0.0000,0.0000,0.0000","6,6,6,6","14,14,14,14,14,14,14,14,14,14,14,14,14,14,14,14,14,14,14,14,14,14,14,14,14,14,14,14,14,14,14,14,14,14,14,14,14,14,14,14,14,14,14,14,14,14,14,14,14,14,14,14,14,14,14,14,14,14,14,14,14,14,14,14"
657,23.89,21.04,"11.67,12.83,13.53,13.99,14.32,14.53,14.68,14.76,14.92,15.11,15.29,15.46,15.60,15.71,15.78,15.83,15.91,16.01,16.11,16.22,16.31,16.38,16.44,16.48,16.53,16.60,16.67,16.74,16.81,16.89,16.95,17.00,17.03,17.09,17.15,17.20,17.26,17.32,17.40,17.44,17.47,17.51,17.55,17.59,17.63,17.70,17.76,17.81,17.84,17.86,17.90,17.93,17.97,18.02,18.08,18.13,18.14,18.17,18.19,18.22,18.27,18.30,18.35,18.41","1.4882,1.3594,1.1535,0.0001","1.8428,1.0967,1.0605,0.0001,0.0001,0.0001,0.0001,0.0000,0.0000,0.0000,0.0000,0.0000,0.0000,0.0000,0.0000,0.0000,0.0000,0.0000,0.0000,0.0000,0.0000,0.0000,0.0000,0.0000,0.0000,0.0000,0.0000,0.0000,0.0000,0.0000,0.0000,0.0000,0.0000,0.0000,0.0000,0.0000,0.0000,0.0000,0.0000,0.0000,0.0000,0.0000,0.0000,0.0000,0.0000,0.0000,0.0000,0.0000,0.0000,0.0000,0.0000,0.0000,0.0000,0.0000,0.0000,0.0000,0.0000,0.0000,0.0000,0.0000,0.0000,0.0000,0.0000,0.0000","7,5,7,7","6,6,6,6,6,6,6,6,6,6,6,6,6,6,6,6,6,6,6,6,6,6,6,6,6,6,6,6,6,6,6,6,6,6,6,6,6,6,6,6,6,6,6,6,6,6,6,6,6,6,6,6,6,6,6,6,6,6,6,6,6,6,6,6"
658,28.21,24.30,"11.33,12.38,13.00,13.43,13.74,13.98,14.17,14.30,14.49,14.66,14.82,14.97,15.10,15.21,15.30,15.37,15.46,15.56,15.65,15.74,15.82,15.90,15.96,16.01,16.07,16.13,16.19,16.26,16.32,16.37,16.42,16.47,16.51,16.55,16.60,16.64,16.69,16.73,16.77,16.81,16.84,16.88,16.91,16.95,16.98,17.02,17.05,17.08,17.10,17.13,17.16,17.18,17.22,17.26,17.30,17.33,17.36,17.38,17.40,17.44,17.48,17.52,17.57,17.62","1.1358,1.1104,1.0091,0.7447","1.6396,1.1250,0.8130,0.4219,0.0001,0.0001,0.0001,0.0000,0.0000,0.0000,0.0000,0.0000,0.0000,0.0000,0.0000,0.0000,0.0000,0.0000,0.0000,0.0000,0.0000,0.0000,0.0000,0.0000,0.0000,0.0000,0.0000,0.0000,0.0000,0.0000,0.0000,0.0000,0.0000,0.0000,0.0000,0.0000,0.0000,0.0000,0.0000,0.0000,0.0000,0.0000,0.0000,0.0000,0.0000,0.0000,0.0000,0.0000,0.0000,0.0000,0.0000,0.0000,0.0000,0.0000,0.0000,0.0000,0.0000,0.0000,0.0000,0.0000,0.0000,0.0000,0.0000,0.0000","7,5,7,5","62,62,62,62,62,62,62,62,62,62,62,62,62,62,62,62,62,62,62,62,62,62,62,62,62,62,62,62,62,62,62,62,62,62,62,62,62,62,62,62,62,62,62,62,62,62,62,62,62,62,62,62,62,62,62,62,62,62,62,62,62,62,62,62"
659,43.95,35.21,"10.37,11.35,11.89,12.24,12.48,12.68,13.06,13.37,13.67,13.92,14.14,14.33,14.56,14.78,14.96,15.10,15.26,15.42,15.57,15.70,15.84,15.98,16.10,16.20,16.29,16.39,16.50,16.60,16.70,16.80,16.89,16.96,17.02,17.09,17.16,17.24,17.32,17.40,17.47,17.54,17.59,17.67,17.76,17.83,17.90,17.97,18.04,18.10,18.20,18.28,18.36,18.42,18.47,18.53,18.59,18.64,18.73,18.80,18.87,18.92,18.96,19.00,19.05,19.10","0.8560,0.8554,0.8487,0.8423","1.1377,1.0244,0.9360,0.9018,0.0001,0.0001,0.0001,0.0001,0.0000,0.0000,0.0000,0.0000,0.0000,0.0000,0.0000,0.0000,0.0000,0.0000,0.0000,0.0000,0.0000,0.0000,0.0000,0.0000,0.0000,0.0000,0.0000,0.0000,0.0000,0.0000,0.0000,0.0000,0.0000,0.0000,0.0000,0.0000,0.0000,0.0000,0.0000,0.0000,0.0000,0.0000,0.0000,0.0000,0.0000,0.0000,0.0000,0.0000,0.0000,0.0000,0.0000,0.0000,0.0000,0.0000,0.0000,0.0000,0.0000,0.0000,0.0000,0.0000,0.0000,0.0000,0.0000,0.0000","10,8,0,0","54,54,54,54,54,48,48,48,54,54,54,48,48,48,48,48,54,54,54,54,48,48,48,48,54,54,54,54,48,48,48,48,54,54,54,54,48,48,48,48,48,48,48,48,54,54,54,48,48,48,48,48,54,54,54,48,48,48,48,48,54,54,54,54"
660,38.44,32.18,"11.47,12.49,13.07,13.46,13.73,13.91,14.04,14.18,14.41,14.63,14.82,14.98,15.10,15.21,15.32,15.48,15.60,15.73,15.86,15.98,16.08,16.15,16.21,16.31,16.40,16.49,16.59,16.68,16.77,16.83,16.88,16.94,17.02,17.10,17.17,17.26,17.33,17.41,17.45,17.50,17.59,17.66,17.72,17.80,17.87,17.94,17.99,18.03,18.15,18.22,18.28,18.34,18.40,18.46,18.52,18.57,18.70,18.77,18.82,18.87,18.93,18.99,19.04,19.09","0.8985,0.8978,0.8768,0.7623","1.1602,1.0830,0.8799,0.8770,0.0001,0.0001,0.0001,0.0001,0.0000,0.0000,0.0000,0.0000,0.0000,0.0000,0.0000,0.0000,0.0000,0.0000,0.0000,0.0000,0.0000,0.0000,0.0000,0.0000,0.0000,0.0000,0.0000,0.0000,0.0000,0.0000,0.0000,0.0000,0.0000,0.0000,0.0000,0.0000,0.0000,0.0000,0.0000,0.0000,0.0000,0.0000,0.0000,0.0000,0.0000,0.0000,0.0000,0.0000,0.0000,0.0000,0.0000,0.0000,0.0000,0.0000,0.0000,0.0000,0.0000,0.0000,0.0000,0.0000,0.0000,0.0000,0.0000,0.0000","6,8,0,6","54,54,54,54,54,54,54,54,54,54,54,54,54,54,54,54,54,54,54,54,54,54,54,54,54,54,54,54,54,54,54,54,54,54,54,54,54,54,54,54,54,54,54,54,54,54,54,54,54,54,54,54,54,54,54,54,54,54,54,54,54,54,54,54"
661,46.08,37.08,"10.47,11.48,12.06,12.47,12.84,13.14,13.35,13.54,13.91,14.25,14.54,14.79,14.99,15.17,15.31,15.42,15.58,15.75,15.93,16.09,16.23,16.36,16.46,16.56,16.65,16.76,16.87,16.99,17.10,17.20,17.29,17.37,17.46,17.55,17.64,17.73,17.83,17.91,17.99,18.07,18.15,18.23,18.31,18.38,18.45,18.53,18.60,18.66,18.74,18.81,18.87,18.92,18.99,19.05,19.11,19.17,19.23,19.29,19.35,19.39,19.44,19.49,19.54,19.59","0.7490,0.7483,0.7447,0.7346","1.1045,0.9975,0.9619,0.9365,0.0001,0.0001,0.0001,0.0001,0.0000,0.0000,0.0000,0.0000,0.0000,0.0000,0.0000,0.0000,0.0000,0.0000,0.0000,0.0000,0.0000,0.0000,0.0000,0.0000,0.0000,0.0000,0.0000,0.0000,0.0000,0.0000,0.0000,0.0000,0.0000,0.0000,0.0000,0.0000,0.0000,0.0000,0.0000,0.0000,0.0000,0.0000,0.0000,0.0000,0.0000,0.0000,0.0000,0.0000,0.0000,0.0000,0.0000,0.0000,0.0000,0.0000,0.0000,0.0000,0.0000,0.0000,0.0000,0.0000,0.0000,0.0000,0.0000,0.0000","10,8,0,8","53,53,53,55,55,55,55,55,53,53,53,53,55,55,55,55,53,53,53,53,53,55,55,55,53,53,53,53,53,55,55,55,55,55,55,53,53,53,55,55,55,55,55,53,53,53,53,55,55,55,55,55,53,53,53,53,55,55,55,55,53,53,53,53"
662,46.00,37.08,"10.68,12.18,13.18,13.82,14.30,14.63,14.89,15.08,15.50,15.85,16.14,16.38,16.57,16.77,16.93,17.06,17.30,17.50,17.69,17.85,17.99,18.11,18.21,18.32,18.44,18.57,18.70,18.82,18.93,19.02,19.12,19.20,19.27,19.35,19.44,19.53,19.62,19.70,19.77,19.84,19.88,19.94,20.01,20.08,20.15,20.21,20.27,20.33,20.37,20.42,20.48,20.53,20.60,20.65,20.70,20.76,20.79,20.83,20.88,20.92,20.97,21.03,21.08,21.13","0.8170,0.8164,0.8146,0.7963","1.1094,1.0400,1.0225,0.8276,0.0001,0.0001,0.0001,0.0001,0.0000,0.0000,0.0000,0.0000,0.0000,0.0000,0.0000,0.0000,0.0000,0.0000,0.0000,0.0000,0.0000,0.0000,0.0000,0.0000,0.0000,0.0000,0.0000,0.0000,0.0000,0.0000,0.0000,0.0000,0.0000,0.0000,0.0000,0.0000,0.0000,0.0000,0.0000,0.0000,0.0000,0.0000,0.0000,0.0000,0.0000,0.0000,0.0000,0.0000,0.0000,0.0000,0.0000,0.0000,0.0000,0.0000,0.0000,0.0000,0.0000,0.0000,0.0000,0.0000,0.0000,0.0000,0.0000,0.0000","11,5,5,13","38,22,38,22,38,22,22,22,38,38,38,22,38,22,22,22,38,38,38,38,38,22,38,22,38,38,38,38,38,38,22,22,38,38,38,38,38,38,22,22,22,38,38,38,38,38,38,22,22,22,38,38,38,38,38,22,22,22,22,38,38,38,38,38"
663,44.83,38.09,"12.08,13.43,14.95,16.10,16.92,17.47,17.87,18.34,18.84,19.14,19.40,19.68,19.95,20.20,20.48,20.80,21.10,21.28,21.44,21.62,21.78,21.94,22.12,22.34,22.56,22.69,22.81,22.94,23.07,23.18,23.31,23.48,23.65,23.76,23.85,23.95,24.06,24.15,24.26,24.39,24.52,24.61,24.69,24.78,24.87,24.95,25.04,25.15,25.25,25.32,25.38,25.45,25.53,25.59,25.67,25.76,25.83,25.89,25.94,26.01,26.07,26.14,26.21,26.28","0.7577,0.7574,0.7519,0.7051","1.0693,1.0313,1.0019,0.8970,0.0001,0.0001,0.0001,0.0001,0.0000,0.0000,0.0000,0.0000,0.0000,0.0000,0.0000,0.0000,0.0000,0.0000,0.0000,0.0000,0.0000,0.0000,0.0000,0.0000,0.0000,0.0000,0.0000,0.0000,0.0000,0.0000,0.0000,0.0000,0.0000,0.0000,0.0000,0.0000,0.0000,0.0000,0.0000,0.0000,0.0000,0.0000,0.0000,0.0000,0.0000,0.0000,0.0000,0.0000,0.0000,0.0000,0.0000,0.0000,0.0000,0.0000,0.0000,0.0000,0.0000,0.0000,0.0000,0.0000,0.0000,0.0000,0.0000,0.0000","11,5,5,11","38,38,38,38,38,38,38,38,38,38,38,38,38,38,38,38,38,38,38,38,38,38,38,38,38,38,38,38,38,38,38,38,38,38,38,38,38,38,38,38,38,38,38,38,38,38,38,38,38,38,38,38,38,38,38,38,38,38,38,38,38,38,38,38"
664,66.71,51.61,"10.68,17.91,21.17,23.16,25.03,26.53,27.61,28.35,29.33,29.85,30.27,31.05,31.46,31.69,31.83,32.02,32.30,32.55,32.84,33.09,33.30,33.63,33.94,34.05,34.14,34.36,34.66,34.84,35.00,35.26,35.51,35.68,35.74,35.82,35.93,36.05,36.27,36.43,36.52,36.58,36.75,36.93,37.06,37.19,37.32,37.43,37.52,37.62,37.63,37.66,37.78,37.94,38.02,38.11,38.20,38.34,38.41,38.44,38.49,38.55,38.62,38.71,38.81,38.88","0.5210,0.5206,0.5205,0.5190","1.0087,1.0010,0.9955,0.9946,0.0001,0.0001,0.0001,0.0000,0.0000,0.0000,0.0000,0.0000,0.0000,0.0000,0.0000,0.0000,0.0000,0.0000,0.0000,0.0000,0.0000,0.0000,0.0000,0.0000,0.0000,0.0000,0.0000,0.0000,0.0000,0.0000,0.0000,0.0000,0.0000,0.0000,0.0000,0.0000,0.0000,0.0000,0.0000,0.0000,0.0000,0.0000,0.0000,0.0000,0.0000,0.0000,0.0000,0.0000,0.0000,0.0000,0.0000,0.0000,0.0000,0.0000,0.0000,0.0000,0.0000,0.0000,0.0000,0.0000,0.0000,0.0000,0.0000,0.0000","11,5,5,5","38,24,24,24,24,24,24,24,38,38,38,24,24,38,38,24,24,24,38,38,38,24,24,24,38,24,24,38,38,24,24,24,38,38,38,38,24,24,38,38,24,24,24,24,24,38,38,24,38,38,24,24,38,38,24,24,24,38,38,38,38,24,24,38"
665,66.06,51.57,"10.83,18.88,23.07,24.79,26.59,27.81,28.73,29.53,30.18,30.74,31.26,32.14,32.50,32.73,32.88,32.96,33.14,33.78,34.16,34.40,34.72,35.08,35.40,35.69,35.84,36.09,36.32,36.54,36.72,36.92,37.11,37.24,37.45,37.68,37.82,37.97,38.10,38.27,38.42,38.55,38.66,38.82,39.00,39.16,39.28,39.40,39.52,39.68,39.76,39.88,40.01,40.13,40.24,40.35,40.44,40.53,40.63,40.73,40.82,40.89,40.98,41.07,41.15,41.25","0.5889,0.5888,0.5888,0.5878","1.0078,1.0029,0.9975,0.9917,0.0001,0.0001,0.0001,0.0001,0.0000,0.0000,0.0000,0.0000,0.0000,0.0000,0.0000,0.0000,0.0000,0.0000,0.0000,0.0000,0.0000,0.0000,0.0000,0.0000,0.0000,0.0000,0.0000,0.0000,0.0000,0.0000,0.0000,0.0000,0.0000,0.0000,0.0000,0.0000,0.0000,0.0000,0.0000,0.0000,0.0000,0.0000,0.0000,0.0000,0.0000,0.0000,0.0000,0.0000,0.0000,0.0000,0.0000,0.0000,0.0000,0.0000,0.0000,0.0000,0.0000,0.0000,0.0000,0.0000,0.0000,0.0000,0.0000,0.0000","4,15,4,4","33,39,33,33,33,33,33,33,39,39,33,33,39,39,39,39,33,33,33,33,33,33,33,33,33,33,33,39,39,33,33,33,33,33,39,39,33,33,33,33,33,33,33,33,39,39,33,33,33,33,33,33,33,39,39,33,33,33,33,33,39,39,33,33"
666,44.61,38.88,"10.63,16.32,17.54,18.82,19.34,20.05,20.68,21.24,21.66,22.09,22.46,22.75,23.13,23.43,23.79,23.98,24.12,24.44,24.71,24.93,25.11,25.32,25.56,25.77,25.90,26.10,26.29,26.46,26.61,26.77,26.97,27.11,27.16,27.33,27.48,27.60,27.73,27.85,28.00,28.14,28.19,28.32,28.46,28.56,28.67,28.77,28.90,29.00,29.02,29.15,29.26,29.34,29.43,29.51,29.63,29.71,29.76,29.84,29.94,30.01,30.09,30.16,30.26,30.32","0.7662,0.7658,0.7552,0.6996","1.1163,1.0596,0.9351,0.8887,0.0001,0.0001,0.0001,0.0001,0.0000,0.0000,0.0000,0.0000,0.0000,0.0000,0.0000,0.0000,0.0000,0.0000,0.0000,0.0000,0.0000,0.0000,0.0000,0.0000,0.0000,0.0000,0.0000,0.0000,0.0000,0.0000,0.0000,0.0000,0.0000,0.0000,0.0000,0.0000,0.0000,0.0000,0.0000,0.0000,0.0000,0.0000,0.0000,0.0000,0.0000,0.0000,0.0000,0.0000,0.0000,0.0000,0.0000,0.0000,0.0000,0.0000,0.0000,0.0000,0.0000,0.0000,0.0000,0.0000,0.0000,0.0000,0.0000,0.0000","12,5,12,5","46,25,46,25,46,25,25,25,25,46,46,46,25,25,25,25,46,25,25,46,46,25,25,25,25,25,25,46,46,25,25,25,46,25,25,46,46,25,25,25,25,25,25,46,46,25,25,25,46,25,25,25,46,46,25,25,25,25,25,46,46,46,25,25"
667,43.89,36.27,"10.34,14.09,15.21,16.17,16.91,17.47,18.07,18.54,18.88,19.23,19.55,19.84,20.10,20.41,20.70,20.88,21.06,21.25,21.47,21.66,21.84,22.06,22.24,22.43,22.55,22.69,22.84,22.99,23.14,23.27,23.42,23.56,23.65,23.76,23.88,24.00,24.11,24.23,24.35,24.46,24.53,24.61,24.71,24.80,24.90,25.00,25.09,25.19,25.24,25.31,25.40,25.49,25.56,25.65,25.73,25.82,25.87,25.93,26.00,26.07,26.15,26.21,26.28,26.36","0.7871,0.7867,0.7777,0.7356","1.1523,1.0400,0.9145,0.8936,0.0001,0.0001,0.0001,0.0001,0.0000,0.0000,0.0000,0.0000,0.0000,0.0000,0.0000,0.0000,0.0000,0.0000,0.0000,0.0000,0.0000,0.0000,0.0000,0.0000,0.0000,0.0000,0.0000,0.0000,0.0000,0.0000,0.0000,0.0000,0.0000,0.0000,0.0000,0.0000,0.0000,0.0000,0.0000,0.0000,0.0000,0.0000,0.0000,0.0000,0.0000,0.0000,0.0000,0.0000,0.0000,0.0000,0.0000,0.0000,0.0000,0.0000,0.0000,0.0000,0.0000,0.0000,0.0000,0.0000,0.0000,0.0000,0.0000,0.0000","11,1,9,1","38,34,32,32,38,38,32,32,38,32,32,38,38,32,32,32,38,32,32,32,32,32,32,32,38,32,32,32,32,32,32,32,38,32,32,38,38,32,32,32,38,38,32,32,32,32,32,32,38,32,32,32,32,32,32,32,38,32,32,32,38,38,32,32"
668,58.51,49.58,"10.85,18.70,23.51,24.84,26.34,27.63,28.63,29.36,30.04,30.89,31.51,31.95,32.30,32.58,32.93,33.26,33.66,33.96,34.27,34.55,34.81,34.98,35.20,35.41,35.61,35.81,36.03,36.23,36.41,36.54,36.71,36.86,36.94,37.08,37.26,37.41,37.53,37.64,37.79,37.93,37.96,38.10,38.27,38.38,38.49,38.60,38.74,38.88,38.90,39.05,39.21,39.35,39.48,39.60,39.69,39.80,39.86,39.96,40.11,40.24,40.34,40.43,40.50,40.60","0.5875,0.5874,0.5869,0.5591","1.0127,1.0108,1.0029,0.9736,0.0001,0.0001,0.0001,0.0000,0.0000,0.0000,0.0000,0.0000,0.0000,0.0000,0.0000,0.0000,0.0000,0.0000,0.0000,0.0000,0.0000,0.0000,0.0000,0.0000,0.0000,0.0000,0.0000,0.0000,0.0000,0.0000,0.0000,0.0000,0.0000,0.0000,0.0000,0.0000,0.0000,0.0000,0.0000,0.0000,0.0000,0.0000,0.0000,0.0000,0.0000,0.0000,0.0000,0.0000,0.0000,0.0000,0.0000,0.0000,0.0000,0.0000,0.0000,0.0000,0.0000,0.0000,0.0000,0.0000,0.0000,0.0000,0.0000,0.0000","8,8,8,8","33,47,33,33,33,33,33,33,33,47,47,47,33,33,33,33,33,33,47,33,47,47,33,33,33,33,33,47,47,47,33,33,33,33,33,47,47,47,33,33,47,33,33,33,47,33,33,33,47,33,33,33,33,33,33,33,33,33,33,33,47,47,47,33"
669,55.91,48.31,"11.51,17.88,23.42,25.00,26.56,27.56,28.18,28.48,29.25,29.83,30.42,30.87,31.29,31.73,31.94,32.07,32.49,32.83,33.17,33.45,33.69,33.95,34.11,34.21,34.43,34.64,34.88,35.08,35.25,35.45,35.56,35.64,35.75,35.89,36.06,36.20,36.33,36.49,36.57,36.64,36.69,36.79,36.95,37.04,37.14,37.30,37.37,37.42,37.45,37.54,37.69,37.77,37.84,38.01,38.11,38.16,38.18,38.26,38.43,38.49,38.57,38.72,38.86,38.95","0.6524,0.6523,0.6519,0.6313","1.0234,1.0096,0.9956,0.9712,0.0001,0.0001,0.0001,0.0001,0.0000,0.0000,0.0000,0.0000,0.0000,0.0000,0.0000,0.0000,0.0000,0.0000,0.0000,0.0000,0.0000,0.0000,0.0000,0.0000,0.0000,0.0000,0.0000,0.0000,0.0000,0.0000,0.0000,0.0000,0.0000,0.0000,0.0000,0.0000,0.0000,0.0000,0.0000,0.0000,0.0000,0.0000,0.0000,0.0000,0.0000,0.0000,0.0000,0.0000,0.0000,0.0000,0.0000,0.0000,0.0000,0.0000,0.0000,0.0000,0.0000,0.0000,0.0000,0.0000,0.0000,0.0000,0.0000,0.0000","5,15,5,5","33,39,33,33,33,33,39,39,33,39,33,39,33,33,39,39,33,33,33,39,33,33,39,39,33,33,33,39,39,33,39,39,33,33,33,39,39,33,39,39,39,33,33,39,39,33,39,39,39,33,33,39,39,33,33,39,39,33,33,39,33,33,33,33"
678,56.66,49.51,"10.01,16.69,20.87,22.65,24.12,25.15,25.90,26.46,27.14,27.67,28.15,28.59,29.07,29.42,29.72,30.01,30.38,30.70,30.97,31.24,31.48,31.71,31.93,32.13,32.38,32.59,32.77,32.95,33.12,33.29,33.46,33.61,33.79,33.95,34.08,34.22,34.35,34.49,34.63,34.75,34.90,35.02,35.12,35.23,35.33,35.45,35.57,35.67,35.78,35.89,35.97,36.06,36.14,36.25,36.35,36.43,36.53,36.61,36.68,36.75,36.83,36.92,37.01,37.08","0.8043,0.8041,0.8039,0.8032","1.0127,1.0058,0.9946,0.9863,0.0001,0.0001,0.0001,0.0001,0.0000,0.0000,0.0000,0.0000,0.0000,0.0000,0.0000,0.0000,0.0000,0.0000,0.0000,0.0000,0.0000,0.0000,0.0000,0.0000,0.0000,0.0000,0.0000,0.0000,0.0000,0.0000,0.0000,0.0000,0.0000,0.0000,0.0000,0.0000,0.0000,0.0000,0.0000,0.0000,0.0000,0.0000,0.0000,0.0000,0.0000,0.0000,0.0000,0.0000,0.0000,0.0000,0.0000,0.0000,0.0000,0.0000,0.0000,0.0000,0.0000,0.0000,0.0000,0.0000,0.0000,0.0000,0.0000,0.0000","13,5,13,5","38,24,38,38,38,24,24,24,38,38,38,24,38,24,24,24,38,38,38,38,38,24,24,24,38,38,38,38,24,24,24,24,38,38,38,38,24,24,24,24,38,38,38,38,24,24,24,24,38,38,38,24,24,24,24,24,38,38,24,38,24,24,24,24"
679,66.78,50.90,"10.31,16.41,20.49,22.31,24.20,25.33,26.23,27.02,27.56,28.15,28.71,29.05,29.46,29.95,30.40,30.74,31.06,31.38,31.67,31.86,32.08,32.38,32.66,32.89,33.09,33.32,33.50,33.63,33.78,34.00,34.19,34.36,34.51,34.67,34.80,34.90,35.02,35.19,35.34,35.48,35.59,35.70,35.80,35.88,35.98,36.13,36.24,36.37,36.46,36.53,36.59,36.64,36.74,36.85,36.95,37.11,37.15,37.16,37.15,37.19,37.26,37.36,37.46,37.69","0.5899,0.5898,0.5897,0.5869","1.0166,1.0049,0.9991,0.9800,0.0001,0.0001,0.0001,0.0001,0.0000,0.0000,0.0000,0.0000,0.0000,0.0000,0.0000,0.0000,0.0000,0.0000,0.0000,0.0000,0.0000,0.0000,0.0000,0.0000,0.0000,0.0000,0.0000,0.0000,0.0000,0.0000,0.0000,0.0000,0.0000,0.0000,0.0000,0.0000,0.0000,0.0000,0.0000,0.0000,0.0000,0.0000,0.0000,0.0000,0.0000,0.0000,0.0000,0.0000,0.0000,0.0000,0.0000,0.0000,0.0000,0.0000,0.0000,0.0000,0.0000,0.0000,0.0000,0.0000,0.0000,0.0000,0.0000,0.0000","13,5,13,5","38,24,38,24,38,24,24,24,24,24,24,24,24,24,24,24,24,24,24,24,24,24,24,24,24,24,24,24,24,24,24,24,24,24,24,24,38,24,24,24,24,24,24,24,24,24,24,24,24,24,24,24,24,24,24,24,24,24,40,24,24,24,24,24"
680,69.10,48.97,"10.22,16.73,20.24,22.22,24.03,25.05,25.85,26.70,27.42,27.86,28.27,28.66,29.01,29.40,29.74,30.20,30.61,30.85,31.09,31.31,31.51,31.74,31.96,32.25,32.53,32.69,32.86,33.01,33.15,33.32,33.48,33.68,33.89,34.00,34.13,34.25,34.35,34.48,34.60,34.74,34.91,34.99,35.10,35.19,35.28,35.37,35.48,35.58,35.71,35.78,35.88,35.94,36.02,36.10,36.19,36.26,36.37,36.43,36.51,36.55,36.64,36.70,36.78,36.82","0.5880,0.5879,0.5873,0.5870","1.0137,1.0107,0.9912,0.9849,0.0001,0.0001,0.0001,0.0001,0.0000,0.0000,0.0000,0.0000,0.0000,0.0000,0.0000,0.0000,0.0000,0.0000,0.0000,0.0000,0.0000,0.0000,0.0000,0.0000,0.0000,0.0000,0.0000,0.0000,0.0000,0.0000,0.0000,0.0000,0.0000,0.0000,0.0000,0.0000,0.0000,0.0000,0.0000,0.0000,0.0000,0.0000,0.0000,0.0000,0.0000,0.0000,0.0000,0.0000,0.0000,0.0000,0.0000,0.0000,0.0000,0.0000,0.0000,0.0000,0.0000,0.0000,0.0000,0.0000,0.0000,0.0000,0.0000,0.0000","5,14,5,12","24,24,24,24,24,24,24,24,24,24,24,24,24,24,24,24,24,24,24,24,24,24,24,24,24,24,24,24,24,24,24,24,24,24,24,24,24,24,24,24,24,24,24,24,24,24,24,24,24,24,24,24,24,24,24,24,24,24,24,24,24,24,24,24"
681,27.69,24.28,"9.90,11.73,13.47,14.80,15.72,16.29,16.60,16.76,17.24,17.45,17.62,17.84,18.09,18.29,18.41,18.49,18.74,18.85,18.95,19.08,19.23,19.34,19.41,19.48,19.62,19.69,19.77,19.87,19.97,20.04,20.09,20.18,20.26,20.30,20.37,20.43,20.50,20.54,20.56,20.65,20.69,20.75,20.79,20.84,20.85,20.81,20.87,20.99,21.00,21.01,21.06,21.11,21.17,21.18,21.23,21.33,21.37,21.39,21.45,21.48,21.51,21.51,21.54,21.71","1.2295,1.2041,1.1103,0.4560","1.7246,1.6875,0.5879,0.0001,0.0001,0.0001,0.0001,0.0000,0.0000,0.0000,0.0000,0.0000,0.0000,0.0000,0.0000,0.0000,0.0000,0.0000,0.0000,0.0000,0.0000,0.0000,0.0000,0.0000,0.0000,0.0000,0.0000,0.0000,0.0000,0.0000,0.0000,0.0000,0.0000,0.0000,0.0000,0.0000,0.0000,0.0000,0.0000,0.0000,0.0000,0.0000,0.0000,0.0000,0.0000,0.0000,0.0000,0.0000,0.0000,0.0000,0.0000,0.0000,0.0000,0.0000,0.0000,0.0000,0.0000,0.0000,0.0000,0.0000,0.0000,0.0000,0.0000,0.0000","12,12,12,12","32,32,32,32,32,32,32,32,32,32,32,32,32,32,32,32,32,32,32,32,32,32,32,32,32,32,32,32,32,32,32,32,32,32,32,32,32,32,38,32,32,32,32,16,16,38,16,32,38,32,32,32,32,32,32,32,32,32,32,16,32,26,32,32"
682,25.75,23.61,"10.46,11.72,12.53,13.11,13.67,14.23,14.74,15.19,15.60,15.87,16.07,16.25,16.43,16.62,16.83,17.06,17.32,17.50,17.64,17.76,17.86,17.97,18.09,18.23,18.43,18.57,18.69,18.78,18.85,18.92,19.00,19.10,19.26,19.38,19.47,19.54,19.60,19.65,19.71,19.78,19.91,20.02,20.10,20.16,20.21,20.25,20.29,20.34,20.45,20.54,20.62,20.67,20.71,20.74,20.77,20.81,20.90,20.99,21.06,21.10,21.13,21.15,21.18,21.21","1.5626,1.5459,0.8910,0.0001","2.0137,1.9853,0.0001,0.0001,0.0001,0.0001,0.0000,0.0000,0.0000,0.0000,0.0000,0.0000,0.0000,0.0000,0.0000,0.0000,0.0000,0.0000,0.0000,0.0000,0.0000,0.0000,0.0000,0.0000,0.0000,0.0000,0.0000,0.0000,0.0000,0.0000,0.0000,0.0000,0.0000,0.0000,0.0000,0.0000,0.0000,0.0000,0.0000,0.0000,0.0000,0.0000,0.0000,0.0000,0.0000,0.0000,0.0000,0.0000,0.0000,0.0000,0.0000,0.0000,0.0000,0.0000,0.0000,0.0000,0.0000,0.0000,0.0000,0.0000,0.0000,0.0000,0.0000,0.0000","0,0,0,0","32,32,32,32,32,32,32,32,32,32,32,32,32,32,32,32,32,32,32,32,32,32,32,32,32,32,32,32,32,32,32,32,32,32,32,32,32,32,32,32,32,32,32,32,32,32,32,32,32,32,32,32,32,32,32,32,32,32,32,32,32,32,32,32"
683,23.90,21.42,"10.51,11.79,12.60,13.18,13.61,13.93,14.18,14.44,14.64,14.82,14.99,15.16,15.34,15.53,15.73,15.94,16.07,16.18,16.28,16.38,16.50,16.63,16.79,16.96,17.05,17.13,17.20,17.27,17.36,17.47,17.60,17.74,17.81,17.86,17.91,17.97,18.04,18.14,18.26,18.38,18.43,18.47,18.51,18.56,18.63,18.72,18.81,18.91,18.96,18.99,19.03,19.07,19.13,19.20,19.28,19.38,19.41,19.44,19.47,19.51,19.56,19.63,19.71,19.79","2.0212,1.9780,0.0001,0.0001","2.0586,1.9405,0.0001,0.0001,0.0001,0.0001,0.0001,0.0000,0.0000,0.0000,0.0000,0.0000,0.0000,0.0000,0.0000,0.0000,0.0000,0.0000,0.0000,0.0000,0.0000,0.0000,0.0000,0.0000,0.0000,0.0000,0.0000,0.0000,0.0000,0.0000,0.0000,0.0000,0.0000,0.0000,0.0000,0.0000,0.0000,0.0000,0.0000,0.0000,0.0000,0.0000,0.0000,0.0000,0.0000,0.0000,0.0000,0.0000,0.0000,0.0000,0.0000,0.0000,0.0000,0.0000,0.0000,0.0000,0.0000,0.0000,0.0000,0.0000,0.0000,0.0000,0.0000,0.0000","0,8,0,0","24,24,24,24,24,24,24,24,24,24,24,24,24,24,24,24,24,24,24,24,24,24,24,24,24,24,24,24,24,24,24,24,24,24,24,24,24,24,24,24,24,24,24,24,24,24,24,24,24,24,24,24,24,24,24,24,24,24,24,24,24,24,24,24"
684,38.11,32.25,"9.73,11.30,12.80,14.10,14.92,15.56,16.05,16.43,17.11,17.61,17.98,18.25,18.49,18.73,18.96,19.18,19.46,19.74,19.98,20.18,20.33,20.48,20.64,20.80,21.01,21.18,21.34,21.47,21.59,21.70,21.82,21.95,22.11,22.24,22.35,22.46,22.55,22.64,22.75,22.85,22.97,23.07,23.16,23.25,23.36,23.46,23.58,23.68,23.77,23.85,23.92,24.01,24.11,24.21,24.31,24.41,24.48,24.55,24.61,24.68,24.76,24.85,24.94,25.03","0.9004,0.8975,0.8869,0.8634","1.1523,1.0967,1.0010,0.7490,0.0001,0.0001,0.0000,0.0000,0.0000,0.0000,0.0000,0.0000,0.0000,0.0000,0.0000,0.0000,0.0000,0.0000,0.0000,0.0000,0.0000,0.0000,0.0000,0.0000,0.0000,0.0000,0.0000,0.0000,0.0000,0.0000,0.0000,0.0000,0.0000,0.0000,0.0000,0.0000,0.0000,0.0000,0.0000,0.0000,0.0000,0.0000,0.0000,0.0000,0.0000,0.0000,0.0000,0.0000,0.0000,0.0000,0.0000,0.0000,0.0000,0.0000,0.0000,0.0000,0.0000,0.0000,0.0000,0.0000,0.0000,0.0000,0.0000,0.0000","15,1,15,1","39,39,0,39,39,39,39,39,0,0,0,39,39,39,39,39,39,0,0,0,39,39,39,39,39,0,0,0,39,39,39,39,39,39,0,0,0,39,39,39,39,39,0,0,0,0,0,39,39,39,0,0,0,0,0,39,39,39,39,0,0,0,0,39"
685,34.58,29.38,"8.68,10.57,11.81,12.76,13.44,13.99,14.52,15.04,15.26,15.50,15.76,16.01,16.24,16.48,16.75,17.04,17.21,17.40,17.60,17.76,17.91,18.06,18.23,18.40,18.55,18.71,18.86,18.98,19.10,19.20,19.32,19.46,19.58,19.72,19.82,19.92,20.00,20.10,20.19,20.27,20.39,20.50,20.59,20.65,20.72,20.79,20.86,20.92,21.03,21.11,21.19,21.23,21.29,21.35,21.38,21.42,21.53,21.56,21.61,21.67,21.68,21.72,21.75,21.75","1.0458,1.0431,1.0130,0.8976","1.0908,1.0293,0.9824,0.8975,0.0001,0.0001,0.0001,0.0001,0.0000,0.0000,0.0000,0.0000,0.0000,0.0000,0.0000,0.0000,0.0000,0.0000,0.0000,0.0000,0.0000,0.0000,0.0000,0.0000,0.0000,0.0000,0.0000,0.0000,0.0000,0.0000,0.0000,0.0000,0.0000,0.0000,0.0000,0.0000,0.0000,0.0000,0.0000,0.0000,0.0000,0.0000,0.0000,0.0000,0.0000,0.0000,0.0000,0.0000,0.0000,0.0000,0.0000,0.0000,0.0000,0.0000,0.0000,0.0000,0.0000,0.0000,0.0000,0.0000,0.0000,0.0000,0.0000,0.0000","12,5,12,12","24,24,24,24,24,24,24,24,24,24,24,24,24,24,24,24,24,24,24,24,24,24,24,24,24,24,24,24,24,24,24,24,24,24,24,24,24,24,24,24,24,24,24,24,24,24,24,24,24,24,24,24,24,24,32,24,24,32,24,24,30,24,30,30"
686,25.03,22.31,"9.83,11.33,12.32,13.03,13.55,13.93,14.30,14.65,14.86,15.09,15.30,15.50,15.69,15.89,16.11,16.32,16.47,16.63,16.77,16.89,17.00,17.13,17.26,17.40,17.53,17.65,17.75,17.84,17.92,18.01,18.10,18.20,18.31,18.41,18.49,18.56,18.62,18.68,18.76,18.83,18.92,19.00,19.07,19.13,19.17,19.23,19.29,19.34,19.42,19.49,19.54,19.59,19.63,19.67,19.72,19.76,19.83,19.89,19.94,19.97,20.01,20.04,20.08,20.11","1.5508,1.5225,0.9264,0.0001","1.9443,1.8633,0.1924,0.0001,0.0001,0.0001,0.0001,0.0000,0.0000,0.0000,0.0000,0.0000,0.0000,0.0000,0.0000,0.0000,0.0000,0.0000,0.0000,0.0000,0.0000,0.0000,0.0000,0.0000,0.0000,0.0000,0.0000,0.0000,0.0000,0.0000,0.0000,0.0000,0.0000,0.0000,0.0000,0.0000,0.0000,0.0000,0.0000,0.0000,0.0000,0.0000,0.0000,0.0000,0.0000,0.0000,0.0000,0.0000,0.0000,0.0000,0.0000,0.0000,0.0000,0.0000,0.0000,0.0000,0.0000,0.0000,0.0000,0.0000,0.0000,0.0000,0.0000,0.0000","12,4,12,12","30,24,24,24,24,24,24,24,24,24,24,24,24,24,24,24,24,24,24,24,24,24,24,24,24,24,24,24,24,24,24,24,24,24,24,24,24,24,24,24,24,24,24,24,24,24,24,24,24,24,24,24,24,24,24,24,24,24,24,24,24,24,24,24"
687,27.93,25.31,"10.07,11.47,12.38,13.14,14.04,14.85,15.51,15.98,16.29,16.55,16.74,16.92,17.13,17.39,17.67,17.91,18.07,18.22,18.33,18.44,18.56,18.73,18.91,19.08,19.19,19.29,19.36,19.44,19.53,19.66,19.79,19.93,20.01,20.08,20.13,20.19,20.27,20.37,20.48,20.59,20.64,20.70,20.74,20.79,20.85,20.94,21.04,21.13,21.17,21.22,21.25,21.29,21.35,21.42,21.50,21.58,21.62,21.66,21.68,21.72,21.76,21.83,21.91,21.98","1.3564,1.3465,1.0957,0.2020","1.5723,1.5508,0.8770,0.0001,0.0001,0.0001,0.0001,0.0000,0.0000,0.0000,0.0000,0.0000,0.0000,0.0000,0.0000,0.0000,0.0000,0.0000,0.0000,0.0000,0.0000,0.0000,0.0000,0.0000,0.0000,0.0000,0.0000,0.0000,0.0000,0.0000,0.0000,0.0000,0.0000,0.0000,0.0000,0.0000,0.0000,0.0000,0.0000,0.0000,0.0000,0.0000,0.0000,0.0000,0.0000,0.0000,0.0000,0.0000,0.0000,0.0000,0.0000,0.0000,0.0000,0.0000,0.0000,0.0000,0.0000,0.0000,0.0000,0.0000,0.0000,0.0000,0.0000,0.0000","8,8,8,8","30,30,30,30,30,30,30,30,30,30,30,30,30,30,30,30,30,30,30,30,30,30,30,30,30,30,30,30,30,30,30,30,30,30,30,30,30,30,30,30,30,30,30,30,30,30,30,30,30,30,30,30,30,30,30,30,30,30,30,30,30,30,30,30"
688,24.49,21.76,"11.43,12.70,13.57,14.35,15.17,15.85,16.34,16.68,16.94,17.14,17.30,17.49,17.71,17.93,18.12,18.26,18.37,18.46,18.56,18.67,18.80,18.93,19.03,19.10,19.16,19.22,19.29,19.37,19.46,19.54,19.60,19.66,19.70,19.74,19.80,19.87,19.93,19.99,20.05,20.12,20.15,20.20,20.23,20.30,20.35,20.40,20.46,20.57,20.61,20.66,20.70,20.75,20.79,20.86,20.94,21.07,21.13,21.18,21.22,21.26,21.30,21.37,21.49,21.63","1.4415,1.3526,1.2063,0.0001","2.0664,1.9336,0.0001,0.0001,0.0001,0.0001,0.0000,0.0000,0.0000,0.0000,0.0000,0.0000,0.0000,0.0000,0.0000,0.0000,0.0000,0.0000,0.0000,0.0000,0.0000,0.0000,0.0000,0.0000,0.0000,0.0000,0.0000,0.0000,0.0000,0.0000,0.0000,0.0000,0.0000,0.0000,0.0000,0.0000,0.0000,0.0000,0.0000,0.0000,0.0000,0.0000,0.0000,0.0000,0.0000,0.0000,0.0000,0.0000,0.0000,0.0000,0.0000,0.0000,0.0000,0.0000,0.0000,0.0000,0.0000,0.0000,0.0000,0.0000,0.0000,0.0000,0.0000,0.0000","11,11,11,11","31,31,31,31,31,31,31,31,31,31,31,31,31,31,31,31,31,31,31,31,31,31,31,31,31,31,31,31,31,31,31,31,31,31,31,31,31,31,31,31,31,31,31,31,31,31,31,31,31,31,31,31,31,31,31,31,31,31,31,31,31,31,31,31"
689,27.77,26.41,"5.83,10.34,13.19,15.11,16.48,17.45,18.14,18.62,18.95,19.26,19.54,19.79,20.06,20.33,20.59,20.81,20.99,21.18,21.35,21.51,21.66,21.82,21.98,22.11,22.24,22.38,22.51,22.62,22.73,22.83,22.94,23.04,23.14,23.25,23.35,23.43,23.51,23.59,23.67,23.74,23.83,23.91,23.99,24.06,24.10,24.17,24.23,24.29,24.35,24.42,24.48,24.53,24.57,24.62,24.67,24.72,24.78,24.83,24.88,24.91,24.94,24.97,25.03,25.06","1.8773,1.8741,0.2489,0.0001","2.0018,1.9982,0.0001,0.0001,0.0001,0.0001,0.0000,0.0000,0.0000,0.0000,0.0000,0.0000,0.0000,0.0000,0.0000,0.0000,0.0000,0.0000,0.0000,0.0000,0.0000,0.0000,0.0000,0.0000,0.0000,0.0000,0.0000,0.0000,0.0000,0.0000,0.0000,0.0000,0.0000,0.0000,0.0000,0.0000,0.0000,0.0000,0.0000,0.0000,0.0000,0.0000,0.0000,0.0000,0.0000,0.0000,0.0000,0.0000,0.0000,0.0000,0.0000,0.0000,0.0000,0.0000,0.0000,0.0000,0.0000,0.0000,0.0000,0.0000,0.0000,0.0000,0.0000,0.0000","12,12,12,12","23,30,30,30,30,30,30,30,30,30,30,30,30,30,30,30,30,30,30,30,30,30,30,30,30,30,30,30,30,30,30,30,30,30,30,30,30,30,30,30,30,30,30,30,30,30,30,30,30,30,30,30,30,30,30,30,30,30,30,30,30,30,30,30"
690,25.54,21.59,"9.01,10.57,11.64,12.43,13.01,13.41,13.68,13.86,13.93,14.05,14.22,14.42,14.62,14.80,14.94,15.06,15.15,15.23,15.34,15.47,15.62,15.75,15.86,15.96,16.04,16.10,16.18,16.28,16.41,16.52,16.61,16.69,16.76,16.81,16.87,16.96,17.07,17.17,17.24,17.31,17.37,17.40,17.46,17.55,17.64,17.73,17.79,17.84,17.90,17.93,17.98,18.06,18.15,18.22,18.27,18.31,18.36,18.39,18.44,18.51,18.59,18.65,18.70,18.73","1.4121,1.3600,1.2287,0.0001","1.6484,1.5117,0.8403,0.0001,0.0001,0.0001,0.0001,0.0000,0.0000,0.0000,0.0000,0.0000,0.0000,0.0000,0.0000,0.0000,0.0000,0.0000,0.0000,0.0000,0.0000,0.0000,0.0000,0.0000,0.0000,0.0000,0.0000,0.0000,0.0000,0.0000,0.0000,0.0000,0.0000,0.0000,0.0000,0.0000,0.0000,0.0000,0.0000,0.0000,0.0000,0.0000,0.0000,0.0000,0.0000,0.0000,0.0000,0.0000,0.0000,0.0000,0.0000,0.0000,0.0000,0.0000,0.0000,0.0000,0.0000,0.0000,0.0000,0.0000,0.0000,0.0000,0.0000,0.0000","8,3,8,8","22,22,22,22,22,22,22,22,22,22,22,22,22,22,22,22,22,22,22,22,22,22,22,22,22,22,22,22,22,22,22,22,22,22,22,22,22,22,22,22,22,22,22,22,22,22,22,22,22,22,22,22,22,22,22,22,22,22,22,22,22,22,22,22"
691,26.36,21.88,"9.74,11.06,11.94,12.60,13.11,13.51,13.83,14.07,14.20,14.34,14.49,14.67,14.87,15.08,15.29,15.49,15.57,15.65,15.75,15.88,16.03,16.21,16.40,16.58,16.63,16.69,16.77,16.88,17.02,17.18,17.34,17.50,17.54,17.59,17.67,17.76,17.89,18.02,18.16,18.30,18.33,18.38,18.46,18.55,18.65,18.77,18.89,19.00,19.03,19.08,19.15,19.23,19.33,19.41,19.51,19.60,19.64,19.69,19.75,19.82,19.90,19.98,20.05,20.12","1.3868,1.3546,1.2024,0.0557","2.0429,1.9561,0.0001,0.0001,0.0001,0.0001,0.0000,0.0000,0.0000,0.0000,0.0000,0.0000,0.0000,0.0000,0.0000,0.0000,0.0000,0.0000,0.0000,0.0000,0.0000,0.0000,0.0000,0.0000,0.0000,0.0000,0.0000,0.0000,0.0000,0.0000,0.0000,0.0000,0.0000,0.0000,0.0000,0.0000,0.0000,0.0000,0.0000,0.0000,0.0000,0.0000,0.0000,0.0000,0.0000,0.0000,0.0000,0.0000,0.0000,0.0000,0.0000,0.0000,0.0000,0.0000,0.0000,0.0000,0.0000,0.0000,0.0000,0.0000,0.0000,0.0000,0.0000,0.0000","12,12,12,12","22,22,22,22,22,22,22,22,22,22,22,22,22,22,22,22,22,22,22,22,22,22,22,22,22,22,22,22,22,22,22,22,22,22,22,22,22,22,22,22,22,22,22,22,22,22,22,22,22,22,22,22,22,22,22,22,22,22,22,22,22,22,22,22"
692,24.36,22.16,"9.25,10.97,12.19,13.13,13.87,14.41,14.85,15.37,15.69,15.87,16.08,16.33,16.58,16.78,16.98,17.27,17.52,17.66,17.80,17.96,18.11,18.23,18.35,18.55,18.75,18.86,18.96,19.08,19.18,19.27,19.34,19.49,19.65,19.74,19.82,19.91,19.98,20.04,20.10,20.20,20.32,20.41,20.46,20.53,20.59,20.63,20.67,20.74,20.85,20.91,20.95,21.01,21.05,21.08,21.10,21.15,21.24,21.29,21.33,21.37,21.39,21.41,21.43,21.46","1.5549,1.5134,0.6787,0.2530","2.0410,1.9600,0.0001,0.0001,0.0001,0.0001,0.0000,0.0000,0.0000,0.0000,0.0000,0.0000,0.0000,0.0000,0.0000,0.0000,0.0000,0.0000,0.0000,0.0000,0.0000,0.0000,0.0000,0.0000,0.0000,0.0000,0.0000,0.0000,0.0000,0.0000,0.0000,0.0000,0.0000,0.0000,0.0000,0.0000,0.0000,0.0000,0.0000,0.0000,0.0000,0.0000,0.0000,0.0000,0.0000,0.0000,0.0000,0.0000,0.0000,0.0000,0.0000,0.0000,0.0000,0.0000,0.0000,0.0000,0.0000,0.0000,0.0000,0.0000,0.0000,0.0000,0.0000,0.0000","15,15,15,15","30,30,30,30,30,30,30,30,30,30,30,30,30,30,30,30,30,30,30,30,30,30,30,30,30,30,30,30,30,30,30,30,30,30,30,30,30,30,30,30,30,30,30,30,30,30,30,30,30,30,30,30,30,30,30,30,30,30,30,30,30,30,30,30"
693,26.51,24.75,"10.09,11.33,12.15,12.78,13.52,14.39,15.21,15.93,16.20,16.44,16.63,16.80,16.99,17.26,17.60,17.96,18.12,18.25,18.36,18.46,18.58,18.76,18.98,19.22,19.33,19.42,19.49,19.56,19.66,19.80,19.97,20.14,20.22,20.28,20.34,20.40,20.49,20.60,20.74,20.86,20.92,20.97,21.01,21.07,21.14,21.25,21.35,21.44,21.49,21.53,21.56,21.61,21.68,21.77,21.85,21.92,21.95,21.98,22.01,22.07,22.13,22.20,22.26,22.31","1.7578,1.7513,0.4094,0.0817","2.0058,1.9931,0.0001,0.0001,0.0001,0.0001,0.0000,0.0000,0.0000,0.0000,0.0000,0.0000,0.0000,0.0000,0.0000,0.0000,0.0000,0.0000,0.0000,0.0000,0.0000,0.0000,0.0000,0.0000,0.0000,0.0000,0.0000,0.0000,0.0000,0.0000,0.0000,0.0000,0.0000,0.0000,0.0000,0.0000,0.0000,0.0000,0.0000,0.0000,0.0000,0.0000,0.0000,0.0000,0.0000,0.0000,0.0000,0.0000,0.0000,0.0000,0.0000,0.0000,0.0000,0.0000,0.0000,0.0000,0.0000,0.0000,0.0000,0.0000,0.0000,0.0000,0.0000,0.0000","10,10,10,10","21,21,21,21,21,21,21,21,21,21,21,21,21,21,21,21,21,21,21,21,21,21,21,21,21,21,21,21,21,21,21,21,21,21,21,21,21,21,21,21,21,21,21,21,21,21,21,21,21,21,21,21,21,21,21,21,21,23,21,21,21,21,21,21"
694,38.59,35.41,"11.39,12.64,13.89,14.96,15.87,16.65,17.30,17.84,18.23,18.46,18.61,18.76,18.94,19.16,19.42,19.69,19.89,20.02,20.11,20.19,20.30,20.44,20.61,20.79,20.92,21.00,21.06,21.12,21.20,21.31,21.44,21.59,21.67,21.73,21.78,21.82,21.88,21.97,22.07,22.18,22.25,22.29,22.32,22.36,22.42,22.48,22.56,22.64,22.68,22.70,22.73,22.76,22.81,22.87,22.94,23.02,23.05,23.08,23.11,23.15,23.20,23.26,23.33,23.41","0.7827,0.7794,0.7745,0.6665","1.2480,1.1563,1.0888,0.5063,0.0001,0.0001,0.0001,0.0000,0.0000,0.0000,0.0000,0.0000,0.0000,0.0000,0.0000,0.0000,0.0000,0.0000,0.0000,0.0000,0.0000,0.0000,0.0000,0.0000,0.0000,0.0000,0.0000,0.0000,0.0000,0.0000,0.0000,0.0000,0.0000,0.0000,0.0000,0.0000,0.0000,0.0000,0.0000,0.0000,0.0000,0.0000,0.0000,0.0000,0.0000,0.0000,0.0000,0.0000,0.0000,0.0000,0.0000,0.0000,0.0000,0.0000,0.0000,0.0000,0.0000,0.0000,0.0000,0.0000,0.0000,0.0000,0.0000,0.0000","9,9,9,1","50,50,50,50,50,50,50,50,50,50,50,50,50,50,50,50,50,50,50,50,50,50,50,50,50,50,50,50,50,50,50,50,50,50,50,50,50,50,50,50,50,50,50,50,50,50,50,50,50,50,50,50,50,50,50,50,50,50,50,50,50,50,50,50"
695,40.38,35.95,"10.98,12.50,13.68,14.77,15.60,16.29,16.93,17.61,18.04,18.28,18.55,18.90,19.21,19.61,19.99,20.17,20.36,20.58,20.78,20.94,21.11,21.29,21.53,21.73,21.99,22.14,22.27,22.40,22.52,22.68,22.84,22.98,23.12,23.24,23.35,23.45,23.54,23.65,23.78,23.82,23.93,24.01,24.11,24.20,24.30,24.39,24.51,24.56,24.65,24.73,24.79,24.86,24.93,25.02,25.12,25.14,25.21,25.27,25.34,25.40,25.47,25.56,25.65,25.68","0.7759,0.7735,0.7700,0.7061","1.2061,1.1201,1.0996,0.5742,0.0001,0.0001,0.0001,0.0000,0.0000,0.0000,0.0000,0.0000,0.0000,0.0000,0.0000,0.0000,0.0000,0.0000,0.0000,0.0000,0.0000,0.0000,0.0000,0.0000,0.0000,0.0000,0.0000,0.0000,0.0000,0.0000,0.0000,0.0000,0.0000,0.0000,0.0000,0.0000,0.0000,0.0000,0.0000,0.0000,0.0000,0.0000,0.0000,0.0000,0.0000,0.0000,0.0000,0.0000,0.0000,0.0000,0.0000,0.0000,0.0000,0.0000,0.0000,0.0000,0.0000,0.0000,0.0000,0.0000,0.0000,0.0000,0.0000,0.0000","13,13,13,4","51,51,51,51,51,51,57,57,51,51,57,57,57,51,51,51,57,57,57,57,57,51,51,51,51,51,51,57,57,51,51,51,51,57,57,51,57,51,51,57,51,51,57,57,57,51,51,57,51,51,57,51,57,51,51,57,51,57,57,57,57,51,51,57"
696,41.94,36.61,"10.32,11.99,13.10,14.10,14.91,15.76,16.32,17.02,17.42,17.73,17.97,18.23,18.50,18.79,19.10,19.40,19.59,19.69,19.81,19.82,19.95,20.15,20.65,20.84,20.92,21.09,21.29,21.39,21.49,21.65,21.85,22.00,22.08,22.18,22.30,22.39,22.48,22.59,22.75,22.88,22.96,23.03,23.12,23.20,23.27,23.37,23.50,23.62,23.68,23.74,23.81,23.88,23.96,24.03,24.14,24.24,24.31,24.36,24.41,24.47,24.53,24.61,24.70,24.80","0.7796,0.7788,0.7583,0.7472","1.1787,1.0742,1.0488,0.6987,0.0001,0.0001,0.0001,0.0000,0.0000,0.0000,0.0000,0.0000,0.0000,0.0000,0.0000,0.0000,0.0000,0.0000,0.0000,0.0000,0.0000,0.0000,0.0000,0.0000,0.0000,0.0000,0.0000,0.0000,0.0000,0.0000,0.0000,0.0000,0.0000,0.0000,0.0000,0.0000,0.0000,0.0000,0.0000,0.0000,0.0000,0.0000,0.0000,0.0000,0.0000,0.0000,0.0000,0.0000,0.0000,0.0000,0.0000,0.0000,0.0000,0.0000,0.0000,0.0000,0.0000,0.0000,0.0000,0.0000,0.0000,0.0000,0.0000,0.0000","2,0,9,9","59,59,59,59,59,59,59,59,59,59,59,59,59,59,59,59,59,59,59,59,59,59,59,59,59,59,59,59,59,59,59,59,59,59,59,59,59,59,59,59,59,59,59,59,59,59,59,59,59,59,59,59,59,59,59,59,59,59,59,59,59,59,59,59"
697,52.77,40.98,"9.51,13.07,15.10,16.13,16.93,17.50,17.95,18.52,19.04,19.35,19.65,19.94,20.17,20.43,20.73,20.94,21.21,21.36,21.53,21.69,21.90,22.08,22.26,22.38,22.55,22.68,22.86,23.07,23.20,23.35,23.56,23.71,23.82,23.91,23.99,24.09,24.24,24.36,24.46,24.56,24.64,24.74,24.81,24.87,24.94,25.02,25.10,25.18,25.25,25.32,25.38,25.45,25.51,25.58,25.66,25.72,25.78,25.84,25.89,25.96,26.02,26.11,26.20,26.27","0.6109,0.6103,0.6099,0.5953","1.0771,1.0254,1.0137,0.8838,0.0001,0.0001,0.0001,0.0001,0.0000,0.0000,0.0000,0.0000,0.0000,0.0000,0.0000,0.0000,0.0000,0.0000,0.0000,0.0000,0.0000,0.0000,0.0000,0.0000,0.0000,0.0000,0.0000,0.0000,0.0000,0.0000,0.0000,0.0000,0.0000,0.0000,0.0000,0.0000,0.0000,0.0000,0.0000,0.0000,0.0000,0.0000,0.0000,0.0000,0.0000,0.0000,0.0000,0.0000,0.0000,0.0000,0.0000,0.0000,0.0000,0.0000,0.0000,0.0000,0.0000,0.0000,0.0000,0.0000,0.0000,0.0000,0.0000,0.0000","1,9,1,9","48,16,48,48,16,16,48,48,48,48,48,48,48,48,48,48,48,48,48,16,16,16,48,48,48,16,16,16,16,16,16,16,48,48,48,16,16,16,48,48,16,16,48,48,48,48,48,16,48,48,48,16,16,48,48,48,48,16,16,16,16,16,16,16"
698,61.00,47.76,"8.65,13.67,15.98,17.33,18.15,18.81,19.31,19.94,20.47,20.90,21.20,21.49,21.74,21.96,22.21,22.52,22.82,23.00,23.20,23.38,23.53,23.71,24.02,24.23,24.49,24.71,24.81,24.94,25.09,25.23,25.33,25.50,25.64,25.73,25.86,25.95,26.05,26.16,26.34,26.53,26.66,26.80,26.88,26.99,27.18,27.28,26.96,27.08,27.19,27.67,27.74,27.84,27.90,27.96,27.60,27.68,28.19,28.27,28.34,28.41,28.50,28.60,28.68,28.24","0.5602,0.5601,0.5600,0.5581","1.0088,1.0010,0.9975,0.9932,0.0001,0.0001,0.0001,0.0001,0.0000,0.0000,0.0000,0.0000,0.0000,0.0000,0.0000,0.0000,0.0000,0.0000,0.0000,0.0000,0.0000,0.0000,0.0000,0.0000,0.0000,0.0000,0.0000,0.0000,0.0000,0.0000,0.0000,0.0000,0.0000,0.0000,0.0000,0.0000,0.0000,0.0000,0.0000,0.0000,0.0000,0.0000,0.0000,0.0000,0.0000,0.0000,0.0000,0.0000,0.0000,0.0000,0.0000,0.0000,0.0000,0.0000,0.0000,0.0000,0.0000,0.0000,0.0000,0.0000,0.0000,0.0000,0.0000,0.0000","14,5,12,5","3,17,17,17,17,3,3,17,3,3,3,17,17,17,3,3,17,3,17,3,3,17,17,17,17,17,19,17,17,23,3,23,23,23,3,17,17,17,17,23,23,17,23,17,17,23,17,17,19,17,17,3,23,23,3,17,19,23,17,3,17,17,23,3"
699,45.34,40.49,"9.18,12.47,13.60,14.61,15.69,15.86,16.68,16.75,17.23,17.60,17.92,18.18,18.45,18.72,19.05,19.37,19.67,19.85,20.07,20.21,20.38,20.59,20.79,21.01,21.21,21.35,21.52,21.62,21.74,21.88,22.04,22.20,22.34,22.46,22.59,22.67,22.76,22.87,23.00,23.11,23.19,23.31,23.41,23.47,23.54,23.61,23.73,23.81,23.85,23.97,24.05,24.08,24.14,24.17,24.28,24.33,24.39,24.53,24.59,24.65,24.73,24.80,24.88,24.96","0.8346,0.8340,0.8336,0.8045","1.0644,1.0098,0.9722,0.9532,0.0001,0.0001,0.0001,0.0001,0.0000,0.0000,0.0000,0.0000,0.0000,0.0000,0.0000,0.0000,0.0000,0.0000,0.0000,0.0000,0.0000,0.0000,0.0000,0.0000,0.0000,0.0000,0.0000,0.0000,0.0000,0.0000,0.0000,0.0000,0.0000,0.0000,0.0000,0.0000,0.0000,0.0000,0.0000,0.0000,0.0000,0.0000,0.0000,0.0000,0.0000,0.0000,0.0000,0.0000,0.0000,0.0000,0.0000,0.0000,0.0000,0.0000,0.0000,0.0000,0.0000,0.0000,0.0000,0.0000,0.0000,0.0000,0.0000,0.0000","8,0,14,0","9,57,57,9,57,57,57,9,57,9,57,9,57,57,9,9,57,9,57,9,57,57,57,9,57,57,57,9,57,57,57,9,57,57,57,9,57,57,57,9,57,57,57,57,57,57,57,57,57,57,57,57,57,57,57,57,9,57,9,9,9,9,57,9"
700,39.01,36.41,"10.03,12.95,14.67,15.65,16.69,17.60,18.11,18.41,18.91,19.20,19.45,19.73,20.04,20.34,20.57,20.73,21.01,21.19,21.33,21.50,21.68,21.87,22.02,22.16,22.35,22.47,22.59,22.71,22.85,22.97,23.08,23.21,23.34,23.45,23.56,23.66,23.76,23.85,23.94,24.07,24.17,24.28,24.38,24.48,24.54,24.63,24.70,24.81,24.90,25.01,25.10,25.18,25.24,25.29,25.36,25.48,25.56,25.66,25.75,25.82,25.87,25.92,25.98,26.07","0.9195,0.9187,0.9086,0.8360","1.0840,1.0713,1.0566,0.7876,0.0001,0.0001,0.0001,0.0001,0.0000,0.0000,0.0000,0.0000,0.0000,0.0000,0.0000,0.0000,0.0000,0.0000,0.0000,0.0000,0.0000,0.0000,0.0000,0.0000,0.0000,0.0000,0.0000,0.0000,0.0000,0.0000,0.0000,0.0000,0.0000,0.0000,0.0000,0.0000,0.0000,0.0000,0.0000,0.0000,0.0000,0.0000,0.0000,0.0000,0.0000,0.0000,0.0000,0.0000,0.0000,0.0000,0.0000,0.0000,0.0000,0.0000,0.0000,0.0000,0.0000,0.0000,0.0000,0.0000,0.0000,0.0000,0.0000,0.0000","8,0,8,0","25,25,25,25,25,25,25,25,25,25,25,25,25,25,25,25,25,25,25,25,25,25,25,25,25,25,25,25,25,25,25,25,25,25,25,25,25,25,25,25,25,25,25,25,25,25,25,25,25,25,25,25,25,25,25,25,25,25,25,25,25,25,25,25"
701,50.64,39.86,"10.41,14.27,16.04,17.10,18.04,18.78,19.29,19.71,20.05,20.35,20.63,20.90,21.16,21.42,21.66,21.88,22.05,22.21,22.36,22.52,22.66,22.81,22.96,23.09,23.20,23.33,23.44,23.56,23.65,23.76,23.87,23.98,24.08,24.17,24.28,24.36,24.47,24.55,24.64,24.73,24.82,24.89,24.97,25.03,25.10,25.17,25.24,25.33,25.40,25.45,25.52,25.58,25.65,25.71,25.77,25.83,25.85,25.92,25.92,25.97,26.00,26.02,26.28,26.34","0.6231,0.6231,0.6206,0.6084","1.0498,1.0420,0.9727,0.9351,0.0001,0.0001,0.0001,0.0001,0.0000,0.0000,0.0000,0.0000,0.0000,0.0000,0.0000,0.0000,0.0000,0.0000,0.0000,0.0000,0.0000,0.0000,0.0000,0.0000,0.0000,0.0000,0.0000,0.0000,0.0000,0.0000,0.0000,0.0000,0.0000,0.0000,0.0000,0.0000,0.0000,0.0000,0.0000,0.0000,0.0000,0.0000,0.0000,0.0000,0.0000,0.0000,0.0000,0.0000,0.0000,0.0000,0.0000,0.0000,0.0000,0.0000,0.0000,0.0000,0.0000,0.0000,0.0000,0.0000,0.0000,0.0000,0.0000,0.0000","5,5,5,13","24,24,24,24,24,24,24,24,24,24,24,24,24,24,24,24,24,24,24,24,24,26,26,24,24,24,24,24,24,24,24,24,24,24,24,24,24,24,24,24,24,24,24,24,24,24,26,26,24,24,24,24,26,26,26,26,26,24,8,26,26,26,26,24"
702,55.08,44.60,"11.26,16.53,19.15,20.93,21.93,22.56,22.87,23.37,23.89,24.47,24.76,25.37,25.70,25.99,26.29,26.40,26.70,26.86,27.07,27.31,27.49,27.71,27.89,28.05,28.14,28.28,28.45,28.66,28.81,29.00,29.19,29.32,29.42,29.54,29.74,29.87,30.01,30.15,30.28,30.36,30.45,30.56,30.70,30.79,30.87,30.98,31.07,31.12,31.18,31.31,31.40,31.47,31.55,31.64,31.71,31.78,31.88,31.97,32.05,32.11,32.18,32.26,32.31,32.39","0.6953,0.6952,0.6949,0.6919","1.0498,1.0156,0.9824,0.9516,0.0001,0.0001,0.0001,0.0001,0.0000,0.0000,0.0000,0.0000,0.0000,0.0000,0.0000,0.0000,0.0000,0.0000,0.0000,0.0000,0.0000,0.0000,0.0000,0.0000,0.0000,0.0000,0.0000,0.0000,0.0000,0.0000,0.0000,0.0000,0.0000,0.0000,0.0000,0.0000,0.0000,0.0000,0.0000,0.0000,0.0000,0.0000,0.0000,0.0000,0.0000,0.0000,0.0000,0.0000,0.0000,0.0000,0.0000,0.0000,0.0000,0.0000,0.0000,0.0000,0.0000,0.0000,0.0000,0.0000,0.0000,0.0000,0.0000,0.0000","4,4,4,4","17,17,49,17,17,17,17,17,17,17,49,49,17,17,17,49,17,49,49,17,17,17,17,17,49,49,17,17,17,17,17,17,49,49,17,17,17,17,17,17,49,17,49,49,17,17,17,17,49,17,17,49,17,17,17,17,17,17,49,49,17,17,17,17"
703,54.59,44.00,"9.55,14.62,17.17,18.33,19.36,20.19,20.79,21.36,21.80,22.17,22.62,23.03,23.40,23.72,24.06,24.35,24.57,24.80,25.10,25.36,25.63,25.84,26.05,26.23,26.39,26.54,26.73,26.94,27.12,27.27,27.40,27.51,27.62,27.74,27.90,28.05,28.22,28.33,28.44,28.51,28.59,28.70,28.83,28.96,29.08,29.18,29.27,29.33,29.41,29.50,29.62,29.72,29.83,29.93,30.01,30.07,30.14,30.24,30.37,30.47,30.56,30.64,30.72,30.77","0.6358,0.6352,0.6347,0.6197","1.0576,1.0225,1.0137,0.9063,0.0001,0.0001,0.0001,0.0001,0.0000,0.0000,0.0000,0.0000,0.0000,0.0000,0.0000,0.0000,0.0000,0.0000,0.0000,0.0000,0.0000,0.0000,0.0000,0.0000,0.0000,0.0000,0.0000,0.0000,0.0000,0.0000,0.0000,0.0000,0.0000,0.0000,0.0000,0.0000,0.0000,0.0000,0.0000,0.0000,0.0000,0.0000,0.0000,0.0000,0.0000,0.0000,0.0000,0.0000,0.0000,0.0000,0.0000,0.0000,0.0000,0.0000,0.0000,0.0000,0.0000,0.0000,0.0000,0.0000,0.0000,0.0000,0.0000,0.0000","1,9,1,9","26,48,16,16,48,48,48,26,16,16,48,16,48,26,16,26,16,16,16,48,16,48,16,16,16,16,16,48,16,16,26,26,16,48,48,16,48,16,16,26,16,48,48,48,16,16,16,16,48,48,48,16,48,16,16,26,48,48,48,48,48,26,16,26"
704,45.13,39.11,"11.18,15.83,17.97,19.45,20.58,21.58,22.50,22.99,23.39,23.78,24.18,24.34,24.75,24.97,25.36,25.69,25.83,25.92,26.10,26.32,26.56,26.79,27.04,27.05,27.24,27.25,27.27,27.28,27.49,27.51,27.52,27.53,27.55,27.64,27.82,27.98,28.12,28.15,28.17,28.20,28.39,28.50,28.60,28.69,28.72,28.82,28.87,28.95,29.03,29.13,29.25,29.37,29.51,29.62,29.76,29.87,29.96,30.09,30.22,30.35,30.46,30.57,30.68,30.77","0.7242,0.7240,0.7061,0.7016","1.0625,1.0566,0.9922,0.8891,0.0001,0.0001,0.0001,0.0001,0.0000,0.0000,0.0000,0.0000,0.0000,0.0000,0.0000,0.0000,0.0000,0.0000,0.0000,0.0000,0.0000,0.0000,0.0000,0.0000,0.0000,0.0000,0.0000,0.0000,0.0000,0.0000,0.0000,0.0000,0.0000,0.0000,0.0000,0.0000,0.0000,0.0000,0.0000,0.0000,0.0000,0.0000,0.0000,0.0000,0.0000,0.0000,0.0000,0.0000,0.0000,0.0000,0.0000,0.0000,0.0000,0.0000,0.0000,0.0000,0.0000,0.0000,0.0000,0.0000,0.0000,0.0000,0.0000,0.0000","9,1,9,9","25,25,25,25,25,25,25,25,25,25,25,25,25,25,25,25,25,25,25,25,25,25,25,27,25,27,27,27,25,27,27,27,27,25,25,25,25,27,27,27,25,25,25,25,27,25,25,25,25,25,25,25,25,25,25,25,25,25,25,25,25,25,25,25"
705,44.29,40.04,"10.57,15.20,17.33,19.20,20.33,21.10,21.81,22.21,22.67,23.08,23.38,23.67,24.01,24.36,24.65,25.18,25.19,25.26,25.51,25.68,25.72,26.20,26.61,26.74,26.89,27.05,27.21,27.46,27.55,27.70,27.93,28.24,28.42,28.57,28.73,28.86,28.94,29.12,29.31,29.48,29.60,29.75,29.88,29.98,30.10,30.20,30.30,30.39,30.49,30.62,30.71,30.81,30.89,30.97,31.06,31.14,31.21,31.26,31.30,31.36,31.46,31.58,31.68,31.76","0.7945,0.7939,0.7847,0.7485","1.0742,1.0547,0.9526,0.9189,0.0001,0.0001,0.0001,0.0001,0.0000,0.0000,0.0000,0.0000,0.0000,0.0000,0.0000,0.0000,0.0000,0.0000,0.0000,0.0000,0.0000,0.0000,0.0000,0.0000,0.0000,0.0000,0.0000,0.0000,0.0000,0.0000,0.0000,0.0000,0.0000,0.0000,0.0000,0.0000,0.0000,0.0000,0.0000,0.0000,0.0000,0.0000,0.0000,0.0000,0.0000,0.0000,0.0000,0.0000,0.0000,0.0000,0.0000,0.0000,0.0000,0.0000,0.0000,0.0000,0.0000,0.0000,0.0000,0.0000,0.0000,0.0000,0.0000,0.0000","0,0,8,0","24,24,24,24,24,24,24,24,24,24,24,24,24,24,24,24,28,26,24,24,24,24,24,24,24,24,24,24,24,24,24,24,24,24,24,24,24,24,24,24,24,24,24,24,24,24,24,24,24,24,24,24,24,24,24,24,24,24,24,24,24,24,24,24"
706,40.66,35.77,"10.27,12.90,14.27,15.32,15.98,16.92,17.44,17.86,18.29,18.73,19.07,19.37,19.62,19.86,20.10,20.35,20.62,20.84,21.06,21.24,21.41,21.57,21.72,21.87,22.05,22.22,22.39,22.53,22.65,22.76,22.89,23.01,23.14,23.26,23.38,23.49,23.59,23.69,23.78,23.89,24.04,24.14,24.25,24.35,24.38,24.56,24.68,24.74,24.82,24.92,25.03,25.11,25.20,25.32,25.44,25.52,25.56,25.65,25.76,25.83,25.91,25.97,26.00,26.08","0.7685,0.7670,0.7570,0.7115","1.1592,1.0557,1.0234,0.7622,0.0001,0.0001,0.0001,0.0000,0.0000,0.0000,0.0000,0.0000,0.0000,0.0000,0.0000,0.0000,0.0000,0.0000,0.0000,0.0000,0.0000,0.0000,0.0000,0.0000,0.0000,0.0000,0.0000,0.0000,0.0000,0.0000,0.0000,0.0000,0.0000,0.0000,0.0000,0.0000,0.0000,0.0000,0.0000,0.0000,0.0000,0.0000,0.0000,0.0000,0.0000,0.0000,0.0000,0.0000,0.0000,0.0000,0.0000,0.0000,0.0000,0.0000,0.0000,0.0000,0.0000,0.0000,0.0000,0.0000,0.0000,0.0000,0.0000,0.0000","0,8,0,8","33,33,33,33,33,33,33,33,33,17,17,33,33,33,33,33,33,33,17,17,33,33,33,33,33,33,33,17,17,33,33,33,33,33,17,33,33,33,33,33,33,33,33,17,33,33,33,33,17,33,33,17,33,33,33,33,33,33,33,17,33,33,17,33"
707,38.84,35.18,"10.14,12.31,14.10,15.33,16.35,17.16,17.83,18.52,19.00,19.35,19.55,19.78,20.02,20.24,20.44,20.71,21.15,21.46,21.69,21.90,22.07,22.23,22.39,22.56,22.83,23.07,23.26,23.43,23.58,23.70,23.83,24.02,24.19,24.32,24.47,24.63,24.76,24.86,24.98,25.14,25.27,25.38,25.48,25.59,25.69,25.77,25.86,25.98,26.08,26.17,26.25,26.32,26.39,26.45,26.53,26.60,26.69,26.77,26.83,26.89,26.94,26.99,27.04,27.10","0.8775,0.8759,0.8605,0.7183","1.2510,1.0957,1.0742,0.5786,0.0001,0.0001,0.0001,0.0000,0.0000,0.0000,0.0000,0.0000,0.0000,0.0000,0.0000,0.0000,0.0000,0.0000,0.0000,0.0000,0.0000,0.0000,0.0000,0.0000,0.0000,0.0000,0.0000,0.0000,0.0000,0.0000,0.0000,0.0000,0.0000,0.0000,0.0000,0.0000,0.0000,0.0000,0.0000,0.0000,0.0000,0.0000,0.0000,0.0000,0.0000,0.0000,0.0000,0.0000,0.0000,0.0000,0.0000,0.0000,0.0000,0.0000,0.0000,0.0000,0.0000,0.0000,0.0000,0.0000,0.0000,0.0000,0.0000,0.0000","1,1,1,1","24,24,24,24,24,24,24,24,24,24,24,24,24,24,24,24,24,24,24,24,24,24,24,24,24,24,24,24,24,24,24,24,24,24,24,24,24,24,24,24,24,24,24,24,24,24,24,24,24,24,24,24,24,24,24,24,24,24,24,24,24,24,24,24"
708,37.94,37.13,"11.85,15.43,17.54,18.95,20.20,21.29,22.22,23.17,23.81,24.10,24.29,24.50,24.73,24.95,25.20,25.58,25.96,26.15,26.26,26.36,26.51,26.69,26.84,27.06,27.29,27.49,27.59,27.72,27.88,28.02,28.21,28.41,28.54,28.75,28.92,29.06,29.19,29.32,29.44,29.58,29.72,29.85,29.97,30.08,30.20,30.30,30.40,30.53,30.64,30.75,30.84,30.94,31.04,31.14,31.22,31.34,31.44,31.52,31.61,31.69,31.78,31.87,31.96,32.05","1.0431,1.0420,1.0217,0.8935","1.2519,1.1406,1.1241,0.4829,0.0001,0.0001,0.0000,0.0000,0.0000,0.0000,0.0000,0.0000,0.0000,0.0000,0.0000,0.0000,0.0000,0.0000,0.0000,0.0000,0.0000,0.0000,0.0000,0.0000,0.0000,0.0000,0.0000,0.0000,0.0000,0.0000,0.0000,0.0000,0.0000,0.0000,0.0000,0.0000,0.0000,0.0000,0.0000,0.0000,0.0000,0.0000,0.0000,0.0000,0.0000,0.0000,0.0000,0.0000,0.0000,0.0000,0.0000,0.0000,0.0000,0.0000,0.0000,0.0000,0.0000,0.0000,0.0000,0.0000,0.0000,0.0000,0.0000,0.0000","5,5,5,5","33,33,33,33,33,33,33,33,33,33,33,33,33,33,33,33,33,33,33,33,33,33,33,33,33,33,33,33,33,33,33,33,33,33,33,33,33,33,33,33,33,33,33,33,33,33,33,33,33,33,33,33,33,33,33,33,33,33,33,33,33,33,33,33"
709,34.39,32.05,"10.59,12.48,13.95,15.03,15.96,16.66,17.22,17.74,18.20,18.48,18.69,18.91,19.19,19.42,19.70,19.97,20.19,20.29,20.47,20.72,20.93,21.07,21.25,21.43,21.62,21.75,21.86,22.02,22.13,22.26,22.36,22.48,22.60,22.67,22.70,22.78,22.89,23.02,23.00,23.05,23.38,23.47,23.55,23.60,23.68,23.89,23.96,24.04,24.17,24.24,24.30,24.43,24.47,24.56,24.59,24.72,24.81,24.90,24.94,25.02,25.09,25.13,25.20,25.30","0.9073,0.8980,0.8554,0.8227","1.2705,1.2051,0.9336,0.5903,0.0001,0.0001,0.0001,0.0000,0.0000,0.0000,0.0000,0.0000,0.0000,0.0000,0.0000,0.0000,0.0000,0.0000,0.0000,0.0000,0.0000,0.0000,0.0000,0.0000,0.0000,0.0000,0.0000,0.0000,0.0000,0.0000,0.0000,0.0000,0.0000,0.0000,0.0000,0.0000,0.0000,0.0000,0.0000,0.0000,0.0000,0.0000,0.0000,0.0000,0.0000,0.0000,0.0000,0.0000,0.0000,0.0000,0.0000,0.0000,0.0000,0.0000,0.0000,0.0000,0.0000,0.0000,0.0000,0.0000,0.0000,0.0000,0.0000,0.0000","0,0,8,0","25,25,25,25,25,25,25,25,25,25,25,25,25,25,25,25,25,25,25,25,25,25,25,25,25,25,25,25,25,25,25,25,25,25,25,25,25,25,57,25,25,25,25,25,25,25,25,25,25,25,25,25,25,25,25,25,25,25,25,25,25,25,25,25"
712,32.17,32.32,"10.57,16.51,18.44,19.38,20.10,20.91,21.27,21.68,22.00,22.28,22.58,22.86,23.10,23.29,23.48,23.74,23.91,24.07,24.23,24.39,24.53,24.64,24.77,24.95,25.07,25.17,25.29,25.40,25.50,25.58,25.68,25.81,25.90,25.98,26.07,26.16,26.23,26.29,26.37,26.47,26.54,26.61,26.68,26.74,26.81,26.85,26.92,27.00,27.05,27.11,27.17,27.23,27.27,27.31,27.38,27.43,27.48,27.53,27.58,27.63,27.66,27.70,27.75,27.79","1.1710,1.1709,0.8965,0.4680","1.4648,1.3437,0.8799,0.3110,0.0001,0.0001,0.0001,0.0000,0.0000,0.0000,0.0000,0.0000,0.0000,0.0000,0.0000,0.0000,0.0000,0.0000,0.0000,0.0000,0.0000,0.0000,0.0000,0.0000,0.0000,0.0000,0.0000,0.0000,0.0000,0.0000,0.0000,0.0000,0.0000,0.0000,0.0000,0.0000,0.0000,0.0000,0.0000,0.0000,0.0000,0.0000,0.0000,0.0000,0.0000,0.0000,0.0000,0.0000,0.0000,0.0000,0.0000,0.0000,0.0000,0.0000,0.0000,0.0000,0.0000,0.0000,0.0000,0.0000,0.0000,0.0000,0.0000,0.0000","9,1,1,9","39,39,39,39,39,39,39,39,39,39,39,39,39,39,39,39,39,39,39,39,39,39,39,39,39,39,39,39,39,39,39,39,39,39,39,39,39,39,39,39,39,39,39,39,39,39,39,39,39,39,39,39,39,39,39,39,39,39,39,39,39,39,39,39"
713,41.53,38.59,"9.81,14.97,17.19,18.19,18.99,19.65,20.08,20.42,20.81,21.26,21.54,21.89,22.21,22.44,22.66,22.86,23.03,23.28,23.43,23.69,23.85,23.97,24.07,24.12,24.30,24.44,24.62,24.77,24.92,25.05,25.13,25.20,25.30,25.39,25.51,25.61,25.70,25.79,25.86,25.92,25.99,26.07,26.16,26.24,26.33,26.42,26.49,26.57,26.62,26.69,26.75,26.81,26.88,26.95,27.01,27.08,27.13,27.19,27.24,27.30,27.35,27.40,27.45,27.51","0.8649,0.8648,0.8645,0.6548","1.1728,1.0108,0.9321,0.8838,0.0001,0.0001,0.0001,0.0001,0.0000,0.0000,0.0000,0.0000,0.0000,0.0000,0.0000,0.0000,0.0000,0.0000,0.0000,0.0000,0.0000,0.0000,0.0000,0.0000,0.0000,0.0000,0.0000,0.0000,0.0000,0.0000,0.0000,0.0000,0.0000,0.0000,0.0000,0.0000,0.0000,0.0000,0.0000,0.0000,0.0000,0.0000,0.0000,0.0000,0.0000,0.0000,0.0000,0.0000,0.0000,0.0000,0.0000,0.0000,0.0000,0.0000,0.0000,0.0000,0.0000,0.0000,0.0000,0.0000,0.0000,0.0000,0.0000,0.0000","10,4,10,4","22,22,22,22,22,22,22,22,22,22,22,22,22,22,22,22,22,22,22,22,22,22,22,22,22,22,22,22,22,22,22,22,22,22,22,22,22,22,22,22,22,22,22,22,22,22,22,22,22,22,22,22,22,22,22,22,22,22,22,22,22,22,22,22"
717,76.96,52.60,"11.01,18.13,22.39,24.96,26.91,28.25,29.22,29.85,30.46,30.90,31.35,31.74,32.21,32.63,33.12,33.43,33.76,34.00,34.24,34.46,34.73,34.98,35.27,35.45,35.65,35.81,35.97,36.12,36.31,36.48,36.68,36.79,36.93,37.04,37.15,37.26,37.40,37.54,37.69,37.76,37.85,37.93,38.01,38.11,38.22,38.33,38.45,38.49,38.56,38.62,38.68,38.77,38.87,38.96,39.05,39.09,39.14,39.19,39.25,39.33,39.41,39.50,39.58,39.60","0.4925,0.4923,0.4922,0.4919","1.0058,1.0019,1.0000,0.9922,0.0001,0.0001,0.0000,0.0000,0.0000,0.0000,0.0000,0.0000,0.0000,0.0000,0.0000,0.0000,0.0000,0.0000,0.0000,0.0000,0.0000,0.0000,0.0000,0.0000,0.0000,0.0000,0.0000,0.0000,0.0000,0.0000,0.0000,0.0000,0.0000,0.0000,0.0000,0.0000,0.0000,0.0000,0.0000,0.0000,0.0000,0.0000,0.0000,0.0000,0.0000,0.0000,0.0000,0.0000,0.0000,0.0000,0.0000,0.0000,0.0000,0.0000,0.0000,0.0000,0.0000,0.0000,0.0000,0.0000,0.0000,0.0000,0.0000,0.0000","9,9,9,1","38,38,38,38,38,38,38,38,38,38,38,38,38,38,38,38,38,38,38,38,38,38,38,38,38,38,38,38,38,38,38,38,38,38,38,38,38,38,38,38,38,38,38,38,38,38,38,38,38,38,38,38,38,38,38,38,38,38,38,38,38,38,38,38"
718,50.71,47.63,"10.40,16.01,18.92,20.68,22.27,23.45,24.46,25.17,25.72,26.16,26.62,27.07,27.42,27.80,28.19,28.50,28.79,29.03,29.32,29.58,29.78,30.00,30.25,30.46,30.63,30.82,31.03,31.20,31.34,31.48,31.64,31.92,32.06,32.23,32.39,32.54,32.66,32.77,32.94,33.15,33.29,33.43,33.57,33.69,33.80,33.90,34.03,34.15,34.23,34.32,34.43,34.52,34.59,34.70,34.81,34.90,35.09,35.22,35.33,35.42,35.54,35.67,35.81,35.93","0.9327,0.9321,0.9321,0.9285","1.0283,1.0156,0.9883,0.9678,0.0001,0.0001,0.0000,0.0000,0.0000,0.0000,0.0000,0.0000,0.0000,0.0000,0.0000,0.0000,0.0000,0.0000,0.0000,0.0000,0.0000,0.0000,0.0000,0.0000,0.0000,0.0000,0.0000,0.0000,0.0000,0.0000,0.0000,0.0000,0.0000,0.0000,0.0000,0.0000,0.0000,0.0000,0.0000,0.0000,0.0000,0.0000,0.0000,0.0000,0.0000,0.0000,0.0000,0.0000,0.0000,0.0000,0.0000,0.0000,0.0000,0.0000,0.0000,0.0000,0.0000,0.0000,0.0000,0.0000,0.0000,0.0000,0.0000,0.0000","5,14,5,14","31,31,31,31,31,31,31,31,31,31,31,31,31,31,31,31,31,31,31,31,31,31,31,31,31,31,31,31,31,31,31,31,31,31,31,31,31,31,31,31,31,31,31,31,31,31,31,31,30,31,31,30,30,31,31,31,31,31,31,31,31,31,31,31"
719,52.27,42.08,"10.61,14.39,16.33,17.45,18.15,18.99,19.53,19.89,20.48,20.94,21.27,21.57,21.87,22.19,22.53,22.82,22.99,23.23,23.40,23.64,23.88,24.04,24.22,24.52,24.74,24.93,25.08,25.22,25.39,25.56,25.71,25.82,25.97,26.10,26.23,26.34,26.42,26.56,26.66,26.78,26.90,27.01,27.12,27.20,27.31,27.33,27.49,27.59,27.67,27.77,27.85,27.90,28.00,28.02,28.13,28.24,28.31,28.40,28.47,28.54,28.60,28.69,28.76,28.84","0.6010,0.6000,0.5991,0.5967","1.0635,1.0313,1.0234,0.8823,0.0001,0.0001,0.0001,0.0001,0.0000,0.0000,0.0000,0.0000,0.0000,0.0000,0.0000,0.0000,0.0000,0.0000,0.0000,0.0000,0.0000,0.0000,0.0000,0.0000,0.0000,0.0000,0.0000,0.0000,0.0000,0.0000,0.0000,0.0000,0.0000,0.0000,0.0000,0.0000,0.0000,0.0000,0.0000,0.0000,0.0000,0.0000,0.0000,0.0000,0.0000,0.0000,0.0000,0.0000,0.0000,0.0000,0.0000,0.0000,0.0000,0.0000,0.0000,0.0000,0.0000,0.0000,0.0000,0.0000,0.0000,0.0000,0.0000,0.0000","0,0,8,0","33,39,33,33,33,33,33,39,39,39,39,33,39,39,39,33,39,39,33,33,33,33,33,33,33,39,33,39,39,39,33,33,33,39,33,39,39,39,39,33,39,33,33,39,39,39,39,33,39,39,39,39,39,39,39,39,39,33,39,33,39,39,33,33"
721,27.86,24.88,"10.10,11.47,12.50,13.68,14.73,15.58,16.27,16.82,17.20,17.44,17.61,17.79,17.99,18.24,18.52,18.80,18.99,19.13,19.23,19.33,19.46,19.61,19.79,19.99,20.11,20.20,20.27,20.35,20.44,20.56,20.69,20.85,20.93,20.99,21.05,21.11,21.18,21.28,21.39,21.52,21.58,21.63,21.67,21.72,21.79,21.86,21.96,22.07,22.12,22.15,22.19,22.23,22.29,22.36,22.44,22.54,22.57,22.60,22.63,22.67,22.71,22.78,22.86,22.93","1.4677,1.4621,1.0703,0.0001","2.0057,1.9942,0.0001,0.0001,0.0001,0.0001,0.0000,0.0000,0.0000,0.0000,0.0000,0.0000,0.0000,0.0000,0.0000,0.0000,0.0000,0.0000,0.0000,0.0000,0.0000,0.0000,0.0000,0.0000,0.0000,0.0000,0.0000,0.0000,0.0000,0.0000,0.0000,0.0000,0.0000,0.0000,0.0000,0.0000,0.0000,0.0000,0.0000,0.0000,0.0000,0.0000,0.0000,0.0000,0.0000,0.0000,0.0000,0.0000,0.0000,0.0000,0.0000,0.0000,0.0000,0.0000,0.0000,0.0000,0.0000,0.0000,0.0000,0.0000,0.0000,0.0000,0.0000,0.0000","3,3,3,3","32,32,32,32,32,32,32,32,32,32,32,32,32,32,32,32,32,32,32,32,32,32,32,32,32,32,32,32,32,32,32,32,32,32,32,32,32,32,32,32,32,32,32,32,32,32,32,32,32,32,32,32,32,32,32,32,32,32,32,32,32,32,32,32"
722,26.39,22.28,"9.65,11.11,12.07,12.76,13.29,13.77,14.16,14.46,14.71,14.93,15.13,15.33,15.54,15.76,15.96,16.12,16.28,16.41,16.53,16.65,16.78,16.91,17.05,17.16,17.27,17.37,17.46,17.54,17.63,17.73,17.83,17.92,18.00,18.08,18.15,18.22,18.28,18.36,18.43,18.51,18.58,18.65,18.71,18.76,18.80,18.87,18.94,19.01,19.07,19.12,19.17,19.21,19.25,19.30,19.37,19.44,19.50,19.54,19.58,19.63,19.68,19.74,19.81,19.89","1.3868,1.3456,1.2674,0.0001","1.5860,1.4990,0.9151,0.0001,0.0001,0.0001,0.0000,0.0000,0.0000,0.0000,0.0000,0.0000,0.0000,0.0000,0.0000,0.0000,0.0000,0.0000,0.0000,0.0000,0.0000,0.0000,0.0000,0.0000,0.0000,0.0000,0.0000,0.0000,0.0000,0.0000,0.0000,0.0000,0.0000,0.0000,0.0000,0.0000,0.0000,0.0000,0.0000,0.0000,0.0000,0.0000,0.0000,0.0000,0.0000,0.0000,0.0000,0.0000,0.0000,0.0000,0.0000,0.0000,0.0000,0.0000,0.0000,0.0000,0.0000,0.0000,0.0000,0.0000,0.0000,0.0000,0.0000,0.0000","3,11,3,3","32,32,32,32,32,32,32,32,32,32,32,32,32,32,32,32,32,32,32,32,32,32,32,32,32,32,32,32,32,32,32,32,32,32,32,32,32,32,32,32,32,32,32,32,32,32,32,32,32,32,32,32,32,32,32,32,32,32,32,32,32,32,32,32"
723,28.33,25.49,"12.09,13.23,13.93,14.44,14.84,15.15,15.49,15.83,16.10,16.31,16.47,16.62,16.79,16.97,17.18,17.39,17.56,17.69,17.80,17.89,17.98,18.10,18.24,18.38,18.51,18.61,18.68,18.75,18.82,18.90,19.00,19.12,19.22,19.29,19.36,19.40,19.45,19.53,19.60,19.69,19.78,19.84,19.88,19.93,19.96,20.03,20.09,20.16,20.24,20.30,20.33,20.38,20.42,20.44,20.51,20.58,20.66,20.69,20.73,20.75,20.79,20.83,20.89,20.96","1.3410,1.3281,1.1975,0.1349","1.3341,1.1367,1.0566,0.4727,0.0001,0.0001,0.0001,0.0000,0.0000,0.0000,0.0000,0.0000,0.0000,0.0000,0.0000,0.0000,0.0000,0.0000,0.0000,0.0000,0.0000,0.0000,0.0000,0.0000,0.0000,0.0000,0.0000,0.0000,0.0000,0.0000,0.0000,0.0000,0.0000,0.0000,0.0000,0.0000,0.0000,0.0000,0.0000,0.0000,0.0000,0.0000,0.0000,0.0000,0.0000,0.0000,0.0000,0.0000,0.0000,0.0000,0.0000,0.0000,0.0000,0.0000,0.0000,0.0000,0.0000,0.0000,0.0000,0.0000,0.0000,0.0000,0.0000,0.0000","12,12,12,12","39,39,39,39,39,39,39,39,39,39,39,39,39,39,39,39,39,39,39,39,39,39,39,39,39,39,39,39,39,39,39,39,39,39,39,39,39,39,39,39,39,39,39,39,39,39,39,39,39,39,39,39,39,39,39,39,39,39,39,39,39,39,39,39"
724,34.13,29.10,"10.55,12.02,12.98,13.66,14.18,14.77,15.38,15.95,16.13,16.34,16.55,16.74,16.94,17.18,17.43,17.69,17.80,17.92,18.04,18.17,18.31,18.46,18.63,18.79,18.88,18.97,19.06,19.16,19.27,19.39,19.52,19.64,19.71,19.78,19.85,19.93,20.03,20.13,20.23,20.32,20.40,20.46,20.52,20.58,20.67,20.76,20.85,20.92,20.99,21.05,21.09,21.15,21.22,21.31,21.39,21.45,21.53,21.58,21.63,21.68,21.75,21.83,21.90,21.95","1.0420,1.0400,1.0145,0.6534","1.3223,1.2412,0.9805,0.4556,0.0001,0.0001,0.0001,0.0000,0.0000,0.0000,0.0000,0.0000,0.0000,0.0000,0.0000,0.0000,0.0000,0.0000,0.0000,0.0000,0.0000,0.0000,0.0000,0.0000,0.0000,0.0000,0.0000,0.0000,0.0000,0.0000,0.0000,0.0000,0.0000,0.0000,0.0000,0.0000,0.0000,0.0000,0.0000,0.0000,0.0000,0.0000,0.0000,0.0000,0.0000,0.0000,0.0000,0.0000,0.0000,0.0000,0.0000,0.0000,0.0000,0.0000,0.0000,0.0000,0.0000,0.0000,0.0000,0.0000,0.0000,0.0000,0.0000,0.0000","3,3,3,3","31,31,31,31,31,31,31,31,31,31,31,31,31,31,31,31,31,31,31,31,31,31,31,31,31,31,31,31,31,31,31,31,31,31,31,31,31,31,31,31,31,31,31,31,31,31,31,31,31,31,40,40,31,31,31,31,31,31,31,40,31,31,31,31"
725,30.71,28.26,"11.40,12.75,13.61,14.24,14.70,15.03,15.41,15.79,15.94,16.13,16.32,16.50,16.69,16.94,17.20,17.43,17.53,17.64,17.75,17.86,18.00,18.17,18.36,18.52,18.61,18.71,18.83,18.94,19.06,19.21,19.36,19.48,19.56,19.65,19.74,19.82,19.93,20.06,20.18,20.28,20.34,20.41,20.48,20.56,20.65,20.77,20.87,20.94,21.00,21.05,21.12,21.18,21.27,21.37,21.46,21.51,21.56,21.61,21.66,21.71,21.80,21.89,21.97,22.01","1.3241,1.3212,1.2260,0.1295","1.1738,1.0918,1.0420,0.6919,0.0001,0.0001,0.0001,0.0000,0.0000,0.0000,0.0000,0.0000,0.0000,0.0000,0.0000,0.0000,0.0000,0.0000,0.0000,0.0000,0.0000,0.0000,0.0000,0.0000,0.0000,0.0000,0.0000,0.0000,0.0000,0.0000,0.0000,0.0000,0.0000,0.0000,0.0000,0.0000,0.0000,0.0000,0.0000,0.0000,0.0000,0.0000,0.0000,0.0000,0.0000,0.0000,0.0000,0.0000,0.0000,0.0000,0.0000,0.0000,0.0000,0.0000,0.0000,0.0000,0.0000,0.0000,0.0000,0.0000,0.0000,0.0000,0.0000,0.0000","12,4,12,12","31,31,31,31,31,31,31,31,31,31,31,31,31,31,31,31,31,31,31,31,31,31,31,31,63,63,63,63,31,31,31,31,63,63,63,63,31,31,31,31,31,63,63,31,31,31,31,31,31,31,63,31,31,31,31,31,31,63,31,31,31,31,31,31"
726,27.60,23.86,"10.73,12.01,12.88,13.69,14.63,15.43,16.05,16.49,16.76,16.98,17.16,17.35,17.60,17.89,18.18,18.42,18.55,18.67,18.77,18.88,19.04,19.24,19.44,19.61,19.69,19.76,19.83,19.92,20.05,20.20,20.36,20.50,20.55,20.60,20.66,20.73,20.85,20.97,21.11,21.22,21.25,21.29,21.34,21.41,21.50,21.62,21.73,21.83,21.86,21.89,21.93,21.99,22.08,22.18,22.28,22.36,22.38,22.41,22.45,22.50,22.58,22.67,22.76,22.84","1.4013,1.3893,1.2087,0.0001","2.0117,1.9883,0.0001,0.0001,0.0001,0.0001,0.0000,0.0000,0.0000,0.0000,0.0000,0.0000,0.0000,0.0000,0.0000,0.0000,0.0000,0.0000,0.0000,0.0000,0.0000,0.0000,0.0000,0.0000,0.0000,0.0000,0.0000,0.0000,0.0000,0.0000,0.0000,0.0000,0.0000,0.0000,0.0000,0.0000,0.0000,0.0000,0.0000,0.0000,0.0000,0.0000,0.0000,0.0000,0.0000,0.0000,0.0000,0.0000,0.0000,0.0000,0.0000,0.0000,0.0000,0.0000,0.0000,0.0000,0.0000,0.0000,0.0000,0.0000,0.0000,0.0000,0.0000,0.0000","11,11,11,11","39,39,39,39,39,39,39,39,39,39,39,39,39,39,39,39,39,39,39,39,39,39,39,39,39,39,39,39,39,39,39,39,39,39,39,39,39,39,39,39,39,39,39,39,39,39,39,39,39,39,39,39,39,39,39,39,39,39,39,39,39,39,39,39"
727,28.30,23.49,"11.72,13.02,14.20,15.33,16.12,16.61,16.86,17.09,17.68,17.90,18.06,18.28,18.52,18.70,18.80,18.95,19.29,19.42,19.52,19.65,19.79,19.90,19.97,20.09,20.31,20.40,20.48,20.59,20.70,20.78,20.83,20.95,21.09,21.16,21.23,21.32,21.41,21.48,21.54,21.64,21.75,21.80,21.88,21.97,22.04,22.09,22.14,22.24,22.31,22.35,22.43,22.52,22.61,22.65,22.69,22.75,22.82,22.88,22.94,23.05,23.10,23.14,23.18,23.25","1.0938,1.0626,0.9524,0.8912","2.0215,1.9785,0.0001,0.0001,0.0001,0.0001,0.0000,0.0000,0.0000,0.0000,0.0000,0.0000,0.0000,0.0000,0.0000,0.0000,0.0000,0.0000,0.0000,0.0000,0.0000,0.0000,0.0000,0.0000,0.0000,0.0000,0.0000,0.0000,0.0000,0.0000,0.0000,0.0000,0.0000,0.0000,0.0000,0.0000,0.0000,0.0000,0.0000,0.0000,0.0000,0.0000,0.0000,0.0000,0.0000,0.0000,0.0000,0.0000,0.0000,0.0000,0.0000,0.0000,0.0000,0.0000,0.0000,0.0000,0.0000,0.0000,0.0000,0.0000,0.0000,0.0000,0.0000,0.0000","12,12,12,12","31,31,31,31,31,31,31,31,31,31,31,31,31,31,31,31,31,31,31,31,31,31,31,31,31,31,31,31,31,31,31,31,31,31,31,31,31,31,31,31,31,31,31,31,31,31,31,31,31,31,31,31,31,31,31,31,31,31,31,31,31,31,31,31"
728,25.86,25.19,"10.49,11.92,12.84,13.75,14.66,15.42,16.01,16.44,16.82,17.10,17.31,17.50,17.70,17.93,18.16,18.37,18.59,18.77,18.90,19.01,19.13,19.26,19.40,19.54,19.70,19.82,19.92,20.01,20.08,20.18,20.28,20.38,20.50,20.60,20.68,20.75,20.81,20.87,20.95,21.03,21.13,21.21,21.28,21.33,21.38,21.43,21.49,21.56,21.64,21.71,21.77,21.81,21.85,21.89,21.94,22.00,22.07,22.12,22.18,22.21,22.24,22.28,22.33,22.37","2.0059,1.9942,0.0001,0.0001","2.0078,1.9922,0.0001,0.0001,0.0001,0.0001,0.0000,0.0000,0.0000,0.0000,0.0000,0.0000,0.0000,0.0000,0.0000,0.0000,0.0000,0.0000,0.0000,0.0000,0.0000,0.0000,0.0000,0.0000,0.0000,0.0000,0.0000,0.0000,0.0000,0.0000,0.0000,0.0000,0.0000,0.0000,0.0000,0.0000,0.0000,0.0000,0.0000,0.0000,0.0000,0.0000,0.0000,0.0000,0.0000,0.0000,0.0000,0.0000,0.0000,0.0000,0.0000,0.0000,0.0000,0.0000,0.0000,0.0000,0.0000,0.0000,0.0000,0.0000,0.0000,0.0000,0.0000,0.0000","15,15,15,15","38,38,38,38,38,38,38,38,38,38,38,38,38,38,38,38,38,38,38,38,38,38,38,38,38,38,38,38,38,38,38,38,38,38,38,38,38,38,38,38,38,38,38,38,38,38,38,38,38,38,38,38,38,38,38,38,38,38,38,38,38,38,38,38"
729,29.50,25.29,"9.98,11.44,12.41,13.45,14.51,15.47,16.31,17.02,17.38,17.66,17.87,18.05,18.24,18.49,18.79,19.13,19.34,19.51,19.63,19.74,19.86,20.01,20.19,20.41,20.56,20.68,20.77,20.84,20.93,21.04,21.18,21.33,21.45,21.53,21.59,21.66,21.73,21.81,21.91,22.02,22.12,22.19,22.24,22.28,22.34,22.40,22.48,22.57,22.64,22.69,22.73,22.77,22.81,22.87,22.93,22.99,23.05,23.09,23.13,23.15,23.19,23.24,23.28,23.33","1.3635,1.3562,1.2806,0.0001","2.0057,1.9950,0.0001,0.0001,0.0001,0.0001,0.0000,0.0000,0.0000,0.0000,0.0000,0.0000,0.0000,0.0000,0.0000,0.0000,0.0000,0.0000,0.0000,0.0000,0.0000,0.0000,0.0000,0.0000,0.0000,0.0000,0.0000,0.0000,0.0000,0.0000,0.0000,0.0000,0.0000,0.0000,0.0000,0.0000,0.0000,0.0000,0.0000,0.0000,0.0000,0.0000,0.0000,0.0000,0.0000,0.0000,0.0000,0.0000,0.0000,0.0000,0.0000,0.0000,0.0000,0.0000,0.0000,0.0000,0.0000,0.0000,0.0000,0.0000,0.0000,0.0000,0.0000,0.0000","12,12,12,12","39,39,39,39,39,39,39,39,39,39,39,39,39,39,39,39,39,39,39,39,39,39,39,39,39,39,39,39,39,39,39,39,39,39,39,39,39,39,39,39,39,39,39,39,39,39,39,39,39,39,39,39,39,39,39,39,39,39,39,39,39,39,39,39"
730,25.02,22.26,"11.15,12.46,13.32,13.97,14.45,14.80,15.09,15.37,15.55,15.71,15.88,16.05,16.25,16.47,16.70,16.92,17.04,17.13,17.23,17.33,17.47,17.65,17.82,18.01,18.09,18.14,18.22,18.30,18.42,18.57,18.71,18.87,18.92,18.96,19.02,19.09,19.20,19.34,19.46,19.59,19.63,19.68,19.73,19.81,19.92,20.04,20.14,20.24,20.31,20.35,20.41,20.49,20.58,20.69,20.78,20.86,20.93,20.98,21.04,21.11,21.21,21.30,21.37,21.44","1.4866,1.4481,1.0658,0.0001","1.6777,1.5733,0.7485,0.0001,0.0001,0.0001,0.0000,0.0000,0.0000,0.0000,0.0000,0.0000,0.0000,0.0000,0.0000,0.0000,0.0000,0.0000,0.0000,0.0000,0.0000,0.0000,0.0000,0.0000,0.0000,0.0000,0.0000,0.0000,0.0000,0.0000,0.0000,0.0000,0.0000,0.0000,0.0000,0.0000,0.0000,0.0000,0.0000,0.0000,0.0000,0.0000,0.0000,0.0000,0.0000,0.0000,0.0000,0.0000,0.0000,0.0000,0.0000,0.0000,0.0000,0.0000,0.0000,0.0000,0.0000,0.0000,0.0000,0.0000,0.0000,0.0000,0.0000,0.0000","15,7,15,15","30,30,30,30,30,30,30,30,30,30,30,30,30,30,30,30,30,30,30,30,30,30,30,30,30,30,30,30,30,30,30,30,30,30,30,30,30,30,30,30,30,30,30,30,30,30,30,30,30,30,30,30,30,30,30,30,30,30,30,30,30,30,30,30"
731,26.85,25.64,"9.84,11.21,12.12,13.10,14.17,15.16,16.02,16.75,17.11,17.36,17.55,17.72,17.91,18.17,18.49,18.84,19.04,19.19,19.30,19.40,19.52,19.68,19.88,20.12,20.26,20.36,20.44,20.51,20.59,20.71,20.87,21.04,21.14,21.21,21.27,21.32,21.39,21.49,21.61,21.74,21.82,21.87,21.91,21.96,22.02,22.10,22.19,22.30,22.35,22.39,22.43,22.47,22.52,22.59,22.66,22.74,22.78,22.81,22.84,22.88,22.92,22.98,23.04,23.10","2.0020,1.9970,0.0001,0.0001","2.0038,1.9961,0.0001,0.0001,0.0001,0.0001,0.0000,0.0000,0.0000,0.0000,0.0000,0.0000,0.0000,0.0000,0.0000,0.0000,0.0000,0.0000,0.0000,0.0000,0.0000,0.0000,0.0000,0.0000,0.0000,0.0000,0.0000,0.0000,0.0000,0.0000,0.0000,0.0000,0.0000,0.0000,0.0000,0.0000,0.0000,0.0000,0.0000,0.0000,0.0000,0.0000,0.0000,0.0000,0.0000,0.0000,0.0000,0.0000,0.0000,0.0000,0.0000,0.0000,0.0000,0.0000,0.0000,0.0000,0.0000,0.0000,0.0000,0.0000,0.0000,0.0000,0.0000,0.0000","15,15,15,15","22,22,22,22,22,22,22,22,22,22,22,22,22,22,22,22,22,22,22,22,22,22,22,22,22,22,22,22,22,22,22,22,22,22,22,22,22,22,22,22,22,22,22,22,22,22,22,22,38,22,22,22,22,22,22,22,22,22,22,22,22,22,22,22"
732,25.40,21.47,"10.26,11.47,12.25,12.82,13.27,13.62,13.89,14.09,14.20,14.34,14.50,14.66,14.81,14.95,15.07,15.16,15.23,15.31,15.40,15.49,15.59,15.67,15.75,15.81,15.86,15.93,16.01,16.09,16.17,16.24,16.30,16.35,16.42,16.48,16.56,16.64,16.72,16.79,16.84,16.89,16.97,17.05,17.13,17.20,17.28,17.35,17.41,17.45,17.54,17.63,17.71,17.79,17.85,17.92,17.98,18.03,18.13,18.21,18.29,18.36,18.43,18.49,18.55,18.61","1.1074,1.0060,0.9160,0.6112","1.8320,1.6016,0.3428,0.2233,0.0001,0.0001,0.0001,0.0000,0.0000,0.0000,0.0000,0.0000,0.0000,0.0000,0.0000,0.0000,0.0000,0.0000,0.0000,0.0000,0.0000,0.0000,0.0000,0.0000,0.0000,0.0000,0.0000,0.0000,0.0000,0.0000,0.0000,0.0000,0.0000,0.0000,0.0000,0.0000,0.0000,0.0000,0.0000,0.0000,0.0000,0.0000,0.0000,0.0000,0.0000,0.0000,0.0000,0.0000,0.0000,0.0000,0.0000,0.0000,0.0000,0.0000,0.0000,0.0000,0.0000,0.0000,0.0000,0.0000,0.0000,0.0000,0.0000,0.0000","8,8,8,8","31,31,31,31,31,31,31,31,31,31,31,31,31,31,31,31,31,31,31,31,31,31,31,31,31,31,31,31,31,31,31,31,31,31,31,31,31,31,31,31,31,31,31,31,31,31,31,31,31,31,31,31,31,31,31,31,31,31,31,31,31,31,31,31"
733,24.80,21.27,"8.18,9.91,11.12,12.03,12.74,13.26,13.63,13.90,14.03,14.13,14.29,14.50,14.72,14.91,15.06,15.22,15.29,15.36,15.47,15.62,15.76,15.87,15.97,16.10,16.15,16.21,16.32,16.44,16.54,16.62,16.70,16.81,16.86,16.94,17.04,17.14,17.21,17.28,17.35,17.45,17.52,17.60,17.69,17.77,17.83,17.89,17.95,18.06,18.13,18.21,18.29,18.35,18.40,18.44,18.51,18.62,18.70,18.78,18.84,18.89,18.93,18.96,19.03,19.14","1.2619,1.2097,0.7152,0.5909","2.0625,1.9374,0.0001,0.0001,0.0001,0.0001,0.0000,0.0000,0.0000,0.0000,0.0000,0.0000,0.0000,0.0000,0.0000,0.0000,0.0000,0.0000,0.0000,0.0000,0.0000,0.0000,0.0000,0.0000,0.0000,0.0000,0.0000,0.0000,0.0000,0.0000,0.0000,0.0000,0.0000,0.0000,0.0000,0.0000,0.0000,0.0000,0.0000,0.0000,0.0000,0.0000,0.0000,0.0000,0.0000,0.0000,0.0000,0.0000,0.0000,0.0000,0.0000,0.0000,0.0000,0.0000,0.0000,0.0000,0.0000,0.0000,0.0000,0.0000,0.0000,0.0000,0.0000,0.0000","6,6,8,8","29,29,29,29,29,29,29,29,29,29,29,29,29,29,29,29,29,29,29,29,29,29,29,29,29,29,29,29,29,29,29,29,29,29,29,29,29,29,29,29,29,29,29,29,29,29,29,29,29,29,29,29,29,29,29,29,29,29,29,29,29,29,29,29"
734,33.43,30.93,"10.86,11.98,13.11,14.15,15.06,15.85,16.55,17.16,17.50,17.71,17.85,18.00,18.19,18.43,18.71,19.02,19.19,19.30,19.39,19.47,19.59,19.75,19.94,20.16,20.27,20.33,20.39,20.46,20.55,20.68,20.83,21.00,21.07,21.12,21.16,21.22,21.30,21.41,21.53,21.67,21.72,21.76,21.80,21.85,21.93,22.02,22.12,22.24,22.28,22.31,22.34,22.40,22.46,22.54,22.63,22.70,22.73,22.76,22.80,22.84,22.90,22.97,23.04,23.12","0.8031,0.7817,0.7754,0.5838","1.4004,1.2754,0.7388,0.5850,0.0001,0.0001,0.0000,0.0000,0.0000,0.0000,0.0000,0.0000,0.0000,0.0000,0.0000,0.0000,0.0000,0.0000,0.0000,0.0000,0.0000,0.0000,0.0000,0.0000,0.0000,0.0000,0.0000,0.0000,0.0000,0.0000,0.0000,0.0000,0.0000,0.0000,0.0000,0.0000,0.0000,0.0000,0.0000,0.0000,0.0000,0.0000,0.0000,0.0000,0.0000,0.0000,0.0000,0.0000,0.0000,0.0000,0.0000,0.0000,0.0000,0.0000,0.0000,0.0000,0.0000,0.0000,0.0000,0.0000,0.0000,0.0000,0.0000,0.0000","14,14,4,14","51,51,51,51,51,51,51,51,51,51,51,51,51,51,51,51,51,51,51,51,51,51,51,51,51,51,51,51,51,51,51,51,51,51,51,51,51,51,51,51,51,51,51,51,51,51,51,51,51,51,51,51,51,51,51,51,51,51,51,51,51,51,51,51"
735,45.77,40.43,"9.32,10.52,11.59,12.51,13.34,14.09,14.73,15.27,15.65,15.88,16.05,16.21,16.41,16.65,16.92,17.24,17.42,17.55,17.66,17.76,17.89,18.05,18.27,18.55,18.67,18.76,18.85,18.93,19.03,19.16,19.35,19.62,19.71,19.78,19.86,19.93,20.01,20.14,20.31,20.55,20.63,20.70,20.76,20.82,20.90,21.02,21.17,21.39,21.45,21.51,21.57,21.63,21.71,21.81,21.96,22.15,22.21,22.27,22.32,22.37,22.44,22.54,22.67,22.84","0.6636,0.6612,0.6607,0.6519","1.0449,1.0059,0.9829,0.9663,0.0001,0.0001,0.0001,0.0001,0.0000,0.0000,0.0000,0.0000,0.0000,0.0000,0.0000,0.0000,0.0000,0.0000,0.0000,0.0000,0.0000,0.0000,0.0000,0.0000,0.0000,0.0000,0.0000,0.0000,0.0000,0.0000,0.0000,0.0000,0.0000,0.0000,0.0000,0.0000,0.0000,0.0000,0.0000,0.0000,0.0000,0.0000,0.0000,0.0000,0.0000,0.0000,0.0000,0.0000,0.0000,0.0000,0.0000,0.0000,0.0000,0.0000,0.0000,0.0000,0.0000,0.0000,0.0000,0.0000,0.0000,0.0000,0.0000,0.0000","9,1,1,9","43,58,58,58,43,43,43,43,43,43,43,43,43,43,43,43,43,43,58,58,43,43,43,43,43,43,43,43,43,43,43,43,43,43,58,58,43,43,43,43,43,58,58,58,43,43,43,43,43,43,43,43,43,43,43,43,43,58,58,43,43,43,43,43"
736,50.60,39.15,"10.64,11.91,13.17,14.25,15.16,15.94,16.60,17.16,17.48,17.69,17.85,18.02,18.22,18.47,18.75,19.04,19.20,19.31,19.41,19.50,19.63,19.79,19.98,20.18,20.27,20.35,20.41,20.49,20.59,20.72,20.86,21.00,21.06,21.11,21.17,21.24,21.32,21.42,21.53,21.71,21.76,21.80,21.85,21.90,21.98,22.07,22.19,22.34,22.37,22.42,22.46,22.52,22.59,22.68,22.79,22.91,22.95,23.00,23.06,23.12,23.18,23.28,23.36,23.47","0.5908,0.5888,0.5873,0.5781","1.0869,1.0342,1.0020,0.8774,0.0001,0.0001,0.0001,0.0001,0.0000,0.0000,0.0000,0.0000,0.0000,0.0000,0.0000,0.0000,0.0000,0.0000,0.0000,0.0000,0.0000,0.0000,0.0000,0.0000,0.0000,0.0000,0.0000,0.0000,0.0000,0.0000,0.0000,0.0000,0.0000,0.0000,0.0000,0.0000,0.0000,0.0000,0.0000,0.0000,0.0000,0.0000,0.0000,0.0000,0.0000,0.0000,0.0000,0.0000,0.0000,0.0000,0.0000,0.0000,0.0000,0.0000,0.0000,0.0000,0.0000,0.0000,0.0000,0.0000,0.0000,0.0000,0.0000,0.0000","1,8,1,1","59,59,59,59,59,59,59,59,59,59,59,59,59,59,59,59,59,59,59,59,59,59,59,59,59,59,59,59,59,59,59,59,59,59,59,59,59,59,59,59,59,59,59,59,59,59,59,59,59,59,59,59,59,59,59,59,59,59,59,59,59,59,59,59"
737,44.14,36.99,"9.72,11.59,12.74,13.71,14.53,15.18,15.72,16.18,16.64,17.05,17.36,17.55,17.75,17.97,18.22,18.46,18.70,18.85,18.95,19.10,19.21,19.31,19.48,19.59,19.60,19.75,19.87,19.97,20.08,20.19,20.36,20.49,20.59,20.69,20.76,20.86,20.94,21.02,21.10,21.20,21.29,21.37,21.44,21.49,21.57,21.65,21.73,21.86,21.93,22.00,22.05,22.09,22.15,22.22,22.28,22.35,22.41,22.45,22.49,22.54,22.60,22.69,22.75,22.81","0.7177,0.7163,0.7160,0.6510","1.2022,0.9810,0.9663,0.8511,0.0001,0.0001,0.0001,0.0001,0.0000,0.0000,0.0000,0.0000,0.0000,0.0000,0.0000,0.0000,0.0000,0.0000,0.0000,0.0000,0.0000,0.0000,0.0000,0.0000,0.0000,0.0000,0.0000,0.0000,0.0000,0.0000,0.0000,0.0000,0.0000,0.0000,0.0000,0.0000,0.0000,0.0000,0.0000,0.0000,0.0000,0.0000,0.0000,0.0000,0.0000,0.0000,0.0000,0.0000,0.0000,0.0000,0.0000,0.0000,0.0000,0.0000,0.0000,0.0000,0.0000,0.0000,0.0000,0.0000,0.0000,0.0000,0.0000,0.0000","5,13,5,5","48,16,48,0,48,48,48,48,48,16,16,48,16,16,48,48,48,48,0,48,48,48,16,0,32,48,48,16,48,16,16,48,0,48,48,16,16,0,48,48,0,16,48,48,16,16,16,16,48,0,48,48,16,16,48,16,0,0,48,48,16,16,48,0"
738,66.44,49.07,"9.66,15.04,19.18,21.27,22.01,23.14,23.65,24.42,24.88,25.33,25.72,26.07,26.57,26.79,27.23,27.40,27.75,28.03,28.24,28.52,28.73,28.99,29.18,29.36,29.61,29.82,30.05,30.20,30.34,30.49,30.68,30.83,30.96,31.13,31.26,31.40,31.55,31.66,31.87,31.98,32.11,32.24,32.36,32.48,32.56,32.70,32.80,32.88,32.98,33.07,33.19,33.28,33.37,33.44,33.52,33.63,33.71,33.83,33.92,33.99,34.05,34.11,34.23,34.30","0.5391,0.5390,0.5389,0.5377","1.0254,1.0010,0.9878,0.9853,0.0001,0.0001,0.0001,0.0000,0.0000,0.0000,0.0000,0.0000,0.0000,0.0000,0.0000,0.0000,0.0000,0.0000,0.0000,0.0000,0.0000,0.0000,0.0000,0.0000,0.0000,0.0000,0.0000,0.0000,0.0000,0.0000,0.0000,0.0000,0.0000,0.0000,0.0000,0.0000,0.0000,0.0000,0.0000,0.0000,0.0000,0.0000,0.0000,0.0000,0.0000,0.0000,0.0000,0.0000,0.0000,0.0000,0.0000,0.0000,0.0000,0.0000,0.0000,0.0000,0.0000,0.0000,0.0000,0.0000,0.0000,0.0000,0.0000,0.0000","4,13,4,13","16,4,48,16,4,16,4,16,48,16,4,4,16,4,16,4,16,16,48,16,48,16,4,4,16,48,16,48,4,4,4,16,48,16,48,48,16,4,16,4,16,48,48,16,4,16,4,4,16,0,16,48,16,4,4,16,48,16,48,48,4,4,16,4"
739,51.62,44.16,"9.89,14.76,16.61,17.70,18.71,19.86,20.60,21.26,21.73,22.25,22.55,22.74,23.16,23.55,23.91,24.21,24.51,24.78,24.94,25.06,25.20,25.35,25.59,25.89,26.04,26.21,26.34,26.44,26.55,26.66,26.78,26.91,27.05,27.21,27.32,27.39,27.49,27.55,27.62,27.71,27.80,27.93,28.02,28.09,28.17,28.24,28.31,28.36,28.44,28.54,28.64,28.68,28.74,28.82,28.84,28.88,28.97,29.12,29.22,29.28,29.33,29.41,29.46,29.45","0.6974,0.6972,0.6963,0.6918","1.0400,1.0381,0.9722,0.9502,0.0001,0.0001,0.0001,0.0000,0.0000,0.0000,0.0000,0.0000,0.0000,0.0000,0.0000,0.0000,0.0000,0.0000,0.0000,0.0000,0.0000,0.0000,0.0000,0.0000,0.0000,0.0000,0.0000,0.0000,0.0000,0.0000,0.0000,0.0000,0.0000,0.0000,0.0000,0.0000,0.0000,0.0000,0.0000,0.0000,0.0000,0.0000,0.0000,0.0000,0.0000,0.0000,0.0000,0.0000,0.0000,0.0000,0.0000,0.0000,0.0000,0.0000,0.0000,0.0000,0.0000,0.0000,0.0000,0.0000,0.0000,0.0000,0.0000,0.0000","0,8,0,0","9,57,9,57,57,25,57,57,9,57,9,57,9,57,57,57,9,57,9,9,57,9,57,57,57,57,9,9,9,57,57,57,9,57,57,9,9,57,25,57,57,57,9,57,9,9,57,57,57,57,9,57,9,9,25,57,57,57,57,57,9,9,9,57"
740,48.70,41.42,"10.55,14.67,16.55,17.54,18.54,19.21,19.88,20.47,20.98,21.39,21.80,22.04,22.36,22.66,23.10,23.42,23.67,23.90,24.13,24.33,24.48,24.65,24.89,25.13,25.23,25.29,25.44,25.62,25.78,26.02,26.24,26.33,26.41,26.61,26.75,26.79,26.94,27.02,27.08,27.05,27.33,27.42,27.48,27.55,27.57,27.73,27.76,27.94,27.97,28.13,28.23,28.31,28.38,28.41,28.40,28.56,28.59,28.70,28.72,28.79,28.85,28.90,29.00,29.09","0.7358,0.7354,0.7329,0.7191","1.0938,1.0244,0.9761,0.9058,0.0001,0.0001,0.0001,0.0001,0.0000,0.0000,0.0000,0.0000,0.0000,0.0000,0.0000,0.0000,0.0000,0.0000,0.0000,0.0000,0.0000,0.0000,0.0000,0.0000,0.0000,0.0000,0.0000,0.0000,0.0000,0.0000,0.0000,0.0000,0.0000,0.0000,0.0000,0.0000,0.0000,0.0000,0.0000,0.0000,0.0000,0.0000,0.0000,0.0000,0.0000,0.0000,0.0000,0.0000,0.0000,0.0000,0.0000,0.0000,0.0000,0.0000,0.0000,0.0000,0.0000,0.0000,0.0000,0.0000,0.0000,0.0000,0.0000,0.0000","4,4,12,4","16,16,16,16,16,16,16,16,16,16,16,16,16,16,16,16,16,16,16,16,16,16,16,16,16,16,16,16,16,16,16,18,18,16,16,16,16,16,16,20,16,16,18,18,18,16,18,16,16,16,16,16,16,16,22,16,18,18,16,16,16,18,16,16"
741,69.51,45.66,"9.83,14.41,16.80,17.99,19.11,19.92,20.87,21.88,22.55,23.07,23.46,23.82,24.14,24.33,24.61,25.04,25.35,25.65,25.90,26.10,26.28,26.42,26.56,26.78,26.94,27.14,27.31,27.43,27.55,27.69,27.77,27.84,27.97,28.07,28.14,28.27,28.34,28.44,28.56,28.65,28.71,28.76,28.84,28.88,28.93,29.02,29.16,29.29,29.27,29.35,29.37,29.43,29.46,29.53,29.64,29.76,29.80,29.83,29.87,29.91,29.95,29.97,30.01,30.15","0.4795,0.4792,0.4783,0.4769","1.0234,1.0215,0.9819,0.9737,0.0001,0.0001,0.0001,0.0000,0.0000,0.0000,0.0000,0.0000,0.0000,0.0000,0.0000,0.0000,0.0000,0.0000,0.0000,0.0000,0.0000,0.0000,0.0000,0.0000,0.0000,0.0000,0.0000,0.0000,0.0000,0.0000,0.0000,0.0000,0.0000,0.0000,0.0000,0.0000,0.0000,0.0000,0.0000,0.0000,0.0000,0.0000,0.0000,0.0000,0.0000,0.0000,0.0000,0.0000,0.0000,0.0000,0.0000,0.0000,0.0000,0.0000,0.0000,0.0000,0.0000,0.0000,0.0000,0.0000,0.0000,0.0000,0.0000,0.0000","5,5,5,12","24,57,24,24,24,24,24,24,57,57,57,24,24,24,24,24,57,24,57,57,24,24,24,24,57,57,57,24,57,24,24,26,57,57,57,24,24,24,24,24,57,57,57,26,26,24,24,24,57,57,57,57,57,24,24,24,57,57,57,57,57,26,24,24"
742,47.78,40.83,"10.42,13.58,15.68,17.10,18.43,19.57,20.65,21.87,22.34,22.60,22.83,23.08,23.34,23.56,23.77,24.25,24.54,24.69,24.85,25.05,25.22,25.34,25.45,25.70,25.89,26.09,26.25,26.40,26.55,26.66,26.75,26.91,27.02,27.16,27.27,27.38,27.49,27.58,27.65,27.77,27.83,27.91,27.97,28.04,28.12,28.19,28.24,28.32,28.35,28.41,28.44,28.49,28.55,28.60,28.64,28.71,28.78,28.87,28.94,29.00,29.07,29.14,29.20,29.28","0.6577,0.6568,0.6561,0.6338","1.0664,1.0235,0.9648,0.9458,0.0001,0.0001,0.0001,0.0000,0.0000,0.0000,0.0000,0.0000,0.0000,0.0000,0.0000,0.0000,0.0000,0.0000,0.0000,0.0000,0.0000,0.0000,0.0000,0.0000,0.0000,0.0000,0.0000,0.0000,0.0000,0.0000,0.0000,0.0000,0.0000,0.0000,0.0000,0.0000,0.0000,0.0000,0.0000,0.0000,0.0000,0.0000,0.0000,0.0000,0.0000,0.0000,0.0000,0.0000,0.0000,0.0000,0.0000,0.0000,0.0000,0.0000,0.0000,0.0000,0.0000,0.0000,0.0000,0.0000,0.0000,0.0000,0.0000,0.0000","4,4,12,4","16,16,16,16,16,16,16,16,16,16,16,16,16,16,16,16,16,16,16,16,16,16,16,16,16,16,16,16,16,16,16,16,16,16,16,16,16,16,16,16,16,16,16,16,16,16,16,16,16,16,16,16,16,16,16,16,16,16,16,16,16,16,16,16"
743,53.47,43.26,"10.85,15.65,18.70,20.03,21.18,22.20,23.07,23.86,24.47,24.95,25.30,25.57,25.86,26.15,26.47,26.89,27.25,27.56,27.78,27.94,28.11,28.26,28.45,28.73,29.00,29.20,29.37,29.50,29.60,29.70,29.83,30.03,30.22,30.37,30.51,30.62,30.70,30.77,30.86,31.02,31.16,31.29,31.40,31.49,31.56,31.62,31.67,31.80,31.93,32.04,32.13,32.21,32.27,32.32,32.36,32.47,32.57,32.69,32.77,32.84,32.90,32.94,32.98,33.08","0.6173,0.6166,0.6158,0.6031","1.0683,1.0264,1.0254,0.8804,0.0001,0.0001,0.0001,0.0001,0.0000,0.0000,0.0000,0.0000,0.0000,0.0000,0.0000,0.0000,0.0000,0.0000,0.0000,0.0000,0.0000,0.0000,0.0000,0.0000,0.0000,0.0000,0.0000,0.0000,0.0000,0.0000,0.0000,0.0000,0.0000,0.0000,0.0000,0.0000,0.0000,0.0000,0.0000,0.0000,0.0000,0.0000,0.0000,0.0000,0.0000,0.0000,0.0000,0.0000,0.0000,0.0000,0.0000,0.0000,0.0000,0.0000,0.0000,0.0000,0.0000,0.0000,0.0000,0.0000,0.0000,0.0000,0.0000,0.0000","1,9,1,9","25,56,25,25,25,25,25,25,56,25,56,25,25,25,25,25,25,56,56,56,25,25,25,25,25,25,56,56,25,25,25,25,25,25,56,56,56,25,25,25,25,25,56,56,56,56,25,25,25,25,56,56,56,56,25,25,25,25,25,56,56,56,25,25"
744,49.81,42.78,"10.01,16.02,17.28,18.37,19.12,19.75,20.51,20.98,21.53,21.94,22.18,22.46,22.77,23.04,23.37,23.66,23.98,24.23,24.39,24.57,24.87,25.23,25.45,25.59,25.84,26.01,26.17,26.38,26.54,26.75,26.93,27.12,27.16,27.29,27.42,27.51,27.70,27.83,27.97,28.12,28.28,28.39,28.48,28.55,28.59,28.75,28.86,28.98,29.09,29.19,29.25,29.33,29.44,29.55,29.65,29.74,29.83,29.91,29.96,30.06,30.14,30.23,30.32,30.41","0.6367,0.6361,0.6332,0.6020","1.0625,1.0332,0.9561,0.9483,0.0001,0.0001,0.0001,0.0001,0.0000,0.0000,0.0000,0.0000,0.0000,0.0000,0.0000,0.0000,0.0000,0.0000,0.0000,0.0000,0.0000,0.0000,0.0000,0.0000,0.0000,0.0000,0.0000,0.0000,0.0000,0.0000,0.0000,0.0000,0.0000,0.0000,0.0000,0.0000,0.0000,0.0000,0.0000,0.0000,0.0000,0.0000,0.0000,0.0000,0.0000,0.0000,0.0000,0.0000,0.0000,0.0000,0.0000,0.0000,0.0000,0.0000,0.0000,0.0000,0.0000,0.0000,0.0000,0.0000,0.0000,0.0000,0.0000,0.0000","4,4,12,4","33,48,16,48,48,16,48,48,48,48,48,16,16,48,48,16,48,48,33,33,16,16,48,16,48,48,48,16,48,16,48,48,48,16,16,33,16,16,48,48,48,48,48,33,33,16,48,16,48,48,48,16,16,16,48,48,48,48,48,16,33,16,16,48"
745,34.55,33.92,"9.10,10.26,11.33,12.27,13.08,13.78,14.38,14.87,15.27,15.53,15.71,15.86,16.02,16.21,16.44,16.68,16.90,17.07,17.18,17.27,17.36,17.48,17.62,17.78,17.93,18.06,18.14,18.20,18.27,18.34,18.45,18.56,18.69,18.78,18.85,18.91,18.96,19.01,19.09,19.18,19.28,19.36,19.42,19.47,19.51,19.56,19.63,19.70,19.79,19.87,19.94,20.00,20.07,20.13,20.22,20.31,20.41,20.49,20.56,20.62,20.67,20.72,20.79,20.85","0.7822,0.7707,0.7168,0.7073","1.2139,1.1660,0.9126,0.7075,0.0001,0.0001,0.0001,0.0000,0.0000,0.0000,0.0000,0.0000,0.0000,0.0000,0.0000,0.0000,0.0000,0.0000,0.0000,0.0000,0.0000,0.0000,0.0000,0.0000,0.0000,0.0000,0.0000,0.0000,0.0000,0.0000,0.0000,0.0000,0.0000,0.0000,0.0000,0.0000,0.0000,0.0000,0.0000,0.0000,0.0000,0.0000,0.0000,0.0000,0.0000,0.0000,0.0000,0.0000,0.0000,0.0000,0.0000,0.0000,0.0000,0.0000,0.0000,0.0000,0.0000,0.0000,0.0000,0.0000,0.0000,0.0000,0.0000,0.0000","0,9,9,0","17,32,32,32,32,32,32,32,17,17,17,17,17,17,17,17,32,32,32,17,32,17,17,32,17,17,17,17,17,17,17,17,32,32,17,32,17,32,17,17,17,17,32,32,32,32,17,32,32,32,32,32,32,32,32,32,32,32,32,32,32,32,32,32"
746,36.60,33.39,"11.33,14.75,16.11,17.09,17.80,18.21,18.92,19.64,20.00,20.29,20.56,20.87,21.11,21.33,21.59,21.83,22.08,22.26,22.46,22.64,22.77,22.93,23.05,23.32,23.50,23.62,23.74,23.85,23.99,24.10,24.23,24.36,24.51,24.61,24.71,24.84,24.91,25.00,25.08,25.20,25.37,25.44,25.52,25.60,25.66,25.76,25.86,25.92,26.03,26.14,26.18,26.26,26.37,26.41,26.46,26.52,26.66,26.74,26.79,26.87,26.91,26.98,27.02,27.09","0.8344,0.8325,0.8091,0.6787","1.3154,1.0430,0.9893,0.6524,0.0001,0.0001,0.0001,0.0000,0.0000,0.0000,0.0000,0.0000,0.0000,0.0000,0.0000,0.0000,0.0000,0.0000,0.0000,0.0000,0.0000,0.0000,0.0000,0.0000,0.0000,0.0000,0.0000,0.0000,0.0000,0.0000,0.0000,0.0000,0.0000,0.0000,0.0000,0.0000,0.0000,0.0000,0.0000,0.0000,0.0000,0.0000,0.0000,0.0000,0.0000,0.0000,0.0000,0.0000,0.0000,0.0000,0.0000,0.0000,0.0000,0.0000,0.0000,0.0000,0.0000,0.0000,0.0000,0.0000,0.0000,0.0000,0.0000,0.0000","4,4,12,4","25,25,25,25,25,25,25,25,25,25,25,25,25,25,25,25,25,25,25,25,25,25,25,25,25,25,25,25,25,25,25,25,25,25,25,25,25,25,25,25,25,25,25,25,25,25,25,25,25,25,25,25,25,25,25,25,25,25,25,25,25,25,25,25"
747,38.14,35.84,"11.04,13.93,16.02,17.45,18.53,19.54,20.46,21.33,21.85,22.24,22.50,22.76,23.03,23.26,23.48,23.75,24.16,24.52,24.80,25.03,25.24,25.41,25.57,25.72,25.96,26.21,26.43,26.61,26.78,26.94,27.07,27.17,27.34,27.52,27.67,27.78,27.91,28.07,28.18,28.23,28.36,28.45,28.54,28.67,28.77,28.82,28.91,29.08,29.17,29.23,29.31,29.40,29.46,29.51,29.57,29.67,29.75,29.82,29.88,29.95,30.00,30.04,30.09,30.18","1.0438,1.0429,1.0194,0.8929","1.2363,1.1358,1.0957,0.5317,0.0001,0.0001,0.0001,0.0000,0.0000,0.0000,0.0000,0.0000,0.0000,0.0000,0.0000,0.0000,0.0000,0.0000,0.0000,0.0000,0.0000,0.0000,0.0000,0.0000,0.0000,0.0000,0.0000,0.0000,0.0000,0.0000,0.0000,0.0000,0.0000,0.0000,0.0000,0.0000,0.0000,0.0000,0.0000,0.0000,0.0000,0.0000,0.0000,0.0000,0.0000,0.0000,0.0000,0.0000,0.0000,0.0000,0.0000,0.0000,0.0000,0.0000,0.0000,0.0000,0.0000,0.0000,0.0000,0.0000,0.0000,0.0000,0.0000,0.0000","0,0,0,0","25,25,25,25,25,25,25,25,25,25,25,25,25,25,25,25,25,25,25,25,25,25,25,25,25,25,25,25,25,25,25,25,25,25,25,25,25,25,25,25,25,25,25,25,25,25,25,25,25,25,25,25,25,25,25,25,25,25,25,25,25,25,25,25"
748,36.34,35.79,"11.06,14.15,15.92,17.14,18.19,18.87,19.41,20.00,20.38,20.74,21.01,21.35,21.66,21.95,22.28,22.57,22.85,23.08,23.28,23.46,23.65,23.80,23.98,24.16,24.32,24.50,24.63,24.78,24.92,25.04,25.20,25.35,25.53,25.66,25.80,25.91,26.01,26.11,26.20,26.31,26.37,26.50,26.57,26.68,26.77,26.84,26.92,27.03,27.11,27.21,27.30,27.39,27.48,27.55,27.63,27.71,27.74,27.84,27.90,27.96,28.02,28.08,28.13,28.20","1.0117,1.0097,0.9941,0.7612","1.1982,1.1230,1.0371,0.6416,0.0001,0.0001,0.0001,0.0000,0.0000,0.0000,0.0000,0.0000,0.0000,0.0000,0.0000,0.0000,0.0000,0.0000,0.0000,0.0000,0.0000,0.0000,0.0000,0.0000,0.0000,0.0000,0.0000,0.0000,0.0000,0.0000,0.0000,0.0000,0.0000,0.0000,0.0000,0.0000,0.0000,0.0000,0.0000,0.0000,0.0000,0.0000,0.0000,0.0000,0.0000,0.0000,0.0000,0.0000,0.0000,0.0000,0.0000,0.0000,0.0000,0.0000,0.0000,0.0000,0.0000,0.0000,0.0000,0.0000,0.0000,0.0000,0.0000,0.0000","4,4,12,4","33,33,33,33,33,33,33,33,33,33,33,33,33,33,33,33,33,33,33,33,33,33,33,33,33,33,33,33,33,33,33,33,33,33,33,33,33,33,33,33,33,33,33,33,33,33,33,33,17,33,33,33,33,33,33,33,17,33,33,33,33,33,33,33"
749,29.88,30.50,"10.80,12.61,14.27,15.54,16.54,17.32,17.96,18.47,18.88,19.16,19.35,19.51,19.69,19.91,20.15,20.37,20.57,20.74,20.86,20.95,21.05,21.17,21.31,21.45,21.60,21.72,21.81,21.88,21.95,22.03,22.13,22.24,22.36,22.45,22.53,22.58,22.64,22.70,22.78,22.86,22.97,23.04,23.11,23.16,23.20,23.25,23.31,23.38,23.48,23.55,23.60,23.64,23.68,23.73,23.78,23.83,23.92,23.98,24.03,24.07,24.11,24.14,24.18,24.24","1.4288,1.4169,1.1542,0.0001","1.7676,1.7079,0.5239,0.0001,0.0001,0.0001,0.0001,0.0000,0.0000,0.0000,0.0000,0.0000,0.0000,0.0000,0.0000,0.0000,0.0000,0.0000,0.0000,0.0000,0.0000,0.0000,0.0000,0.0000,0.0000,0.0000,0.0000,0.0000,0.0000,0.0000,0.0000,0.0000,0.0000,0.0000,0.0000,0.0000,0.0000,0.0000,0.0000,0.0000,0.0000,0.0000,0.0000,0.0000,0.0000,0.0000,0.0000,0.0000,0.0000,0.0000,0.0000,0.0000,0.0000,0.0000,0.0000,0.0000,0.0000,0.0000,0.0000,0.0000,0.0000,0.0000,0.0000,0.0000","5,5,5,5","24,24,24,24,24,24,24,24,24,24,24,24,24,24,24,24,24,24,24,24,24,24,24,24,24,24,24,24,24,24,24,24,24,24,24,24,24,24,24,24,24,24,24,24,24,24,24,24,24,24,24,24,24,24,24,24,24,24,24,24,24,24,24,24"
753,55.80,46.26,"11.06,18.04,22.16,23.94,24.83,25.30,25.72,26.20,26.69,26.96,27.35,27.54,27.86,28.14,28.35,28.71,28.91,29.04,29.29,29.47,29.58,29.75,29.99,30.12,30.30,30.44,30.55,30.74,30.84,30.89,31.09,31.13,31.24,31.35,31.40,31.54,31.66,31.78,31.89,31.94,32.01,32.05,32.20,32.31,32.42,32.54,32.64,32.65,32.68,32.81,32.92,32.99,33.08,33.15,33.23,33.28,33.31,33.41,33.47,33.61,33.66,33.74,33.80,33.85","0.7353,0.7350,0.7349,0.7323","1.0146,1.0039,0.9907,0.9907,0.0001,0.0001,0.0001,0.0001,0.0000,0.0000,0.0000,0.0000,0.0000,0.0000,0.0000,0.0000,0.0000,0.0000,0.0000,0.0000,0.0000,0.0000,0.0000,0.0000,0.0000,0.0000,0.0000,0.0000,0.0000,0.0000,0.0000,0.0000,0.0000,0.0000,0.0000,0.0000,0.0000,0.0000,0.0000,0.0000,0.0000,0.0000,0.0000,0.0000,0.0000,0.0000,0.0000,0.0000,0.0000,0.0000,0.0000,0.0000,0.0000,0.0000,0.0000,0.0000,0.0000,0.0000,0.0000,0.0000,0.0000,0.0000,0.0000,0.0000","9,1,9,1","31,31,31,31,31,31,31,31,31,31,31,31,31,31,31,31,31,31,31,31,31,31,31,31,31,31,31,31,31,31,31,31,31,31,31,31,31,31,31,31,31,31,31,31,31,31,31,25,31,31,31,31,31,31,31,31,31,31,31,31,31,31,31,31"
757,63.96,48.76,"11.35,17.58,21.89,23.83,24.54,25.11,25.59,25.92,26.57,27.01,27.35,27.78,28.16,28.57,28.96,29.23,29.54,29.80,30.02,30.27,30.50,30.79,31.03,31.04,31.26,31.46,31.62,31.84,32.01,32.19,32.39,32.43,32.63,32.78,32.92,33.08,33.23,33.36,33.46,33.57,33.69,33.77,33.88,33.99,34.11,34.23,34.31,34.39,34.49,34.57,34.67,34.79,34.90,34.99,35.07,35.11,35.20,35.27,35.36,35.46,35.57,35.63,35.69,35.71","0.6710,0.6709,0.6704,0.6689","1.0039,1.0039,1.0029,0.9893,0.0001,0.0001,0.0001,0.0001,0.0000,0.0000,0.0000,0.0000,0.0000,0.0000,0.0000,0.0000,0.0000,0.0000,0.0000,0.0000,0.0000,0.0000,0.0000,0.0000,0.0000,0.0000,0.0000,0.0000,0.0000,0.0000,0.0000,0.0000,0.0000,0.0000,0.0000,0.0000,0.0000,0.0000,0.0000,0.0000,0.0000,0.0000,0.0000,0.0000,0.0000,0.0000,0.0000,0.0000,0.0000,0.0000,0.0000,0.0000,0.0000,0.0000,0.0000,0.0000,0.0000,0.0000,0.0000,0.0000,0.0000,0.0000,0.0000,0.0000","4,4,13,4","32,30,32,30,32,32,30,30,32,32,32,32,32,30,30,30,32,32,32,32,32,30,30,26,32,32,32,32,32,30,30,30,32,32,32,32,32,32,30,30,32,32,32,32,32,32,30,30,32,32,32,32,32,32,30,30,32,32,32,32,32,32,30,30"
758,52.46,42.15,"11.03,15.32,17.57,18.86,19.83,20.46,20.89,21.75,22.22,22.55,22.99,23.36,23.64,23.89,24.20,24.54,24.80,24.99,25.24,25.45,25.55,25.78,26.05,26.30,26.42,26.51,26.63,26.69,26.76,26.93,27.04,27.15,27.20,27.21,27.38,27.58,27.75,27.94,28.06,28.21,28.23,28.30,28.36,28.41,28.46,28.51,28.59,28.62,28.64,28.71,28.75,28.79,28.86,28.87,28.96,28.97,29.00,29.03,29.10,29.10,29.17,29.18,29.24,29.25","0.5474,0.5458,0.5448,0.5406","1.0459,0.9975,0.9946,0.9614,0.0001,0.0001,0.0001,0.0001,0.0000,0.0000,0.0000,0.0000,0.0000,0.0000,0.0000,0.0000,0.0000,0.0000,0.0000,0.0000,0.0000,0.0000,0.0000,0.0000,0.0000,0.0000,0.0000,0.0000,0.0000,0.0000,0.0000,0.0000,0.0000,0.0000,0.0000,0.0000,0.0000,0.0000,0.0000,0.0000,0.0000,0.0000,0.0000,0.0000,0.0000,0.0000,0.0000,0.0000,0.0000,0.0000,0.0000,0.0000,0.0000,0.0000,0.0000,0.0000,0.0000,0.0000,0.0000,0.0000,0.0000,0.0000,0.0000,0.0000","5,5,5,5","24,24,24,24,24,24,24,24,24,24,24,24,24,24,24,24,24,24,24,40,40,24,24,24,24,40,40,40,40,24,40,24,40,40,24,24,24,24,24,24,40,40,40,40,40,40,24,40,34,40,40,40,40,40,40,34,40,40,40,8,40,40,40,34"
759,53.31,49.17,"11.41,18.40,22.31,24.23,25.03,25.57,25.96,26.16,26.75,27.19,27.47,27.75,28.02,28.25,28.36,28.41,28.78,28.98,29.16,29.37,29.61,29.71,29.93,30.14,30.28,30.49,30.51,30.72,30.93,31.07,31.21,31.60,31.75,31.90,32.14,32.25,32.34,32.49,32.54,32.58,32.68,32.71,32.86,33.03,33.04,33.10,33.20,33.27,33.47,33.52,33.53,33.66,33.72,33.88,33.91,33.94,34.02,34.12,34.12,34.24,34.30,34.38,34.47,34.49","0.8536,0.8535,0.8534,0.8530","1.0254,1.0019,0.9961,0.9761,0.0001,0.0001,0.0001,0.0001,0.0000,0.0000,0.0000,0.0000,0.0000,0.0000,0.0000,0.0000,0.0000,0.0000,0.0000,0.0000,0.0000,0.0000,0.0000,0.0000,0.0000,0.0000,0.0000,0.0000,0.0000,0.0000,0.0000,0.0000,0.0000,0.0000,0.0000,0.0000,0.0000,0.0000,0.0000,0.0000,0.0000,0.0000,0.0000,0.0000,0.0000,0.0000,0.0000,0.0000,0.0000,0.0000,0.0000,0.0000,0.0000,0.0000,0.0000,0.0000,0.0000,0.0000,0.0000,0.0000,0.0000,0.0000,0.0000,0.0000","5,5,5,13","39,39,39,39,39,39,39,39,39,39,39,39,39,39,39,39,30,30,39,39,39,39,39,39,39,39,39,39,39,39,39,39,30,39,39,39,39,39,39,39,30,39,39,39,33,39,39,39,39,39,33,39,30,39,30,30,30,39,33,39,39,39,39,30"
767,75.06,51.42,"10.17,16.64,20.80,23.20,24.07,24.71,25.26,25.62,26.18,26.53,26.97,27.36,27.72,28.04,28.30,28.66,28.96,29.14,29.40,29.59,29.78,29.94,30.13,30.35,30.57,30.71,31.01,31.16,31.33,31.46,31.61,31.77,31.92,32.11,32.27,32.42,32.54,32.64,32.76,32.89,33.01,33.24,33.35,33.46,33.55,33.63,33.73,33.83,33.93,34.02,34.12,34.21,34.29,34.37,34.46,34.54,34.63,34.73,34.85,34.94,35.01,35.08,35.16,35.24","0.4714,0.4712,0.4711,0.4707","1.0088,1.0059,0.9961,0.9897,0.0001,0.0001,0.0001,0.0001,0.0000,0.0000,0.0000,0.0000,0.0000,0.0000,0.0000,0.0000,0.0000,0.0000,0.0000,0.0000,0.0000,0.0000,0.0000,0.0000,0.0000,0.0000,0.0000,0.0000,0.0000,0.0000,0.0000,0.0000,0.0000,0.0000,0.0000,0.0000,0.0000,0.0000,0.0000,0.0000,0.0000,0.0000,0.0000,0.0000,0.0000,0.0000,0.0000,0.0000,0.0000,0.0000,0.0000,0.0000,0.0000,0.0000,0.0000,0.0000,0.0000,0.0000,0.0000,0.0000,0.0000,0.0000,0.0000,0.0000","9,0,9,0","8,8,56,8,8,8,8,8,8,8,8,8,8,8,8,8,56,8,56,56,8,8,8,8,8,8,56,8,8,8,8,8,8,56,8,8,8,8,8,8,8,56,8,8,8,8,8,8,8,8,56,8,8,8,8,8,8,56,56,8,8,8,8,8"
768,26.50,25.40,"9.47,11.17,12.71,14.11,15.20,16.03,16.67,17.17,17.53,17.77,17.96,18.15,18.38,18.63,18.89,19.14,19.33,19.46,19.58,19.69,19.82,19.97,20.14,20.32,20.44,20.53,20.61,20.69,20.79,20.90,21.03,21.16,21.25,21.32,21.38,21.44,21.52,21.61,21.72,21.83,21.89,21.94,21.99,22.04,22.12,22.19,22.27,22.38,22.42,22.46,22.50,22.55,22.61,22.67,22.75,22.83,22.87,22.90,22.94,22.97,23.03,23.09,23.15,23.23","1.9312,1.9249,0.1434,0.0001","2.0059,1.9950,0.0001,0.0001,0.0001,0.0001,0.0000,0.0000,0.0000,0.0000,0.0000,0.0000,0.0000,0.0000,0.0000,0.0000,0.0000,0.0000,0.0000,0.0000,0.0000,0.0000,0.0000,0.0000,0.0000,0.0000,0.0000,0.0000,0.0000,0.0000,0.0000,0.0000,0.0000,0.0000,0.0000,0.0000,0.0000,0.0000,0.0000,0.0000,0.0000,0.0000,0.0000,0.0000,0.0000,0.0000,0.0000,0.0000,0.0000,0.0000,0.0000,0.0000,0.0000,0.0000,0.0000,0.0000,0.0000,0.0000,0.0000,0.0000,0.0000,0.0000,0.0000,0.0000","11,11,11,11","38,38,38,38,38,38,38,38,38,38,38,38,38,38,38,38,38,38,38,38,38,38,38,38,38,38,38,38,38,38,38,38,38,38,38,38,38,38,38,38,38,38,38,38,38,38,38,38,38,38,38,38,38,38,38,38,38,38,38,38,38,38,38,38"
769,21.95,18.96,"10.27,11.47,12.22,12.77,13.19,13.51,13.76,13.94,14.06,14.20,14.35,14.50,14.64,14.77,14.88,14.96,15.03,15.11,15.19,15.28,15.37,15.44,15.51,15.57,15.61,15.67,15.73,15.79,15.85,15.91,15.96,16.01,16.06,16.10,16.15,16.20,16.25,16.30,16.35,16.41,16.46,16.50,16.54,16.58,16.62,16.66,16.72,16.78,16.82,16.85,16.90,16.93,16.97,17.01,17.06,17.12,17.16,17.19,17.23,17.25,17.28,17.33,17.38,17.44","2.0878,1.9121,0.0001,0.0001","2.3301,1.6699,0.0002,0.0001,0.0001,0.0001,0.0000,0.0000,0.0000,0.0000,0.0000,0.0000,0.0000,0.0000,0.0000,0.0000,0.0000,0.0000,0.0000,0.0000,0.0000,0.0000,0.0000,0.0000,0.0000,0.0000,0.0000,0.0000,0.0000,0.0000,0.0000,0.0000,0.0000,0.0000,0.0000,0.0000,0.0000,0.0000,0.0000,0.0000,0.0000,0.0000,0.0000,0.0000,0.0000,0.0000,0.0000,0.0000,0.0000,0.0000,0.0000,0.0000,0.0000,0.0000,0.0000,0.0000,0.0000,0.0000,0.0000,0.0000,0.0000,0.0000,0.0000,0.0000","8,8,3,3","38,38,38,38,38,38,38,38,38,38,38,38,38,38,38,38,38,38,38,38,38,38,38,38,38,38,38,38,38,38,38,38,38,38,38,38,38,38,38,38,38,38,38,38,38,38,38,38,38,38,38,38,38,38,38,38,38,38,38,38,38,38,38,38"
770,23.25,22.55,"11.77,13.03,13.84,14.44,14.90,15.30,15.76,16.22,16.47,16.70,16.88,17.05,17.23,17.45,17.71,17.99,18.16,18.29,18.41,18.51,18.62,18.77,18.95,19.15,19.27,19.37,19.45,19.52,19.61,19.71,19.85,20.00,20.10,20.17,20.23,20.29,20.36,20.45,20.55,20.66,20.74,20.79,20.85,20.90,20.95,21.02,21.11,21.19,21.25,21.31,21.34,21.38,21.43,21.49,21.56,21.64,21.67,21.70,21.73,21.77,21.83,21.86,21.92,21.97","2.0330,1.9656,0.0001,0.0001","2.0507,1.9493,0.0001,0.0001,0.0001,0.0001,0.0000,0.0000,0.0000,0.0000,0.0000,0.0000,0.0000,0.0000,0.0000,0.0000,0.0000,0.0000,0.0000,0.0000,0.0000,0.0000,0.0000,0.0000,0.0000,0.0000,0.0000,0.0000,0.0000,0.0000,0.0000,0.0000,0.0000,0.0000,0.0000,0.0000,0.0000,0.0000,0.0000,0.0000,0.0000,0.0000,0.0000,0.0000,0.0000,0.0000,0.0000,0.0000,0.0000,0.0000,0.0000,0.0000,0.0000,0.0000,0.0000,0.0000,0.0000,0.0000,0.0000,0.0000,0.0000,0.0000,0.0000,0.0000","11,11,11,11","30,30,30,30,30,30,30,30,30,30,30,30,30,30,30,30,30,30,30,30,30,30,30,30,30,30,30,30,30,30,30,30,30,30,30,30,30,30,30,30,30,30,30,30,30,30,30,30,30,30,30,30,30,30,30,30,30,30,30,30,30,30,30,30"
771,22.58,21.32,"11.05,12.43,13.35,14.03,14.57,14.97,15.27,15.49,15.60,15.73,15.89,16.06,16.25,16.42,16.57,16.69,16.83,16.92,17.02,17.14,17.26,17.37,17.48,17.58,17.69,17.76,17.84,17.92,18.01,18.10,18.18,18.27,18.35,18.41,18.48,18.54,18.61,18.68,18.74,18.84,18.90,18.94,18.99,19.04,19.09,19.15,19.20,19.30,19.34,19.37,19.41,19.46,19.50,19.52,19.59,19.68,19.71,19.74,19.78,19.80,19.84,19.87,19.90,19.99","1.5412,1.2724,1.1851,0.0001","2.1387,1.8623,0.0002,0.0001,0.0001,0.0001,0.0000,0.0000,0.0000,0.0000,0.0000,0.0000,0.0000,0.0000,0.0000,0.0000,0.0000,0.0000,0.0000,0.0000,0.0000,0.0000,0.0000,0.0000,0.0000,0.0000,0.0000,0.0000,0.0000,0.0000,0.0000,0.0000,0.0000,0.0000,0.0000,0.0000,0.0000,0.0000,0.0000,0.0000,0.0000,0.0000,0.0000,0.0000,0.0000,0.0000,0.0000,0.0000,0.0000,0.0000,0.0000,0.0000,0.0000,0.0000,0.0000,0.0000,0.0000,0.0000,0.0000,0.0000,0.0000,0.0000,0.0000,0.0000","11,11,11,11","31,31,31,31,31,31,31,31,31,31,31,31,31,31,31,31,31,31,31,31,31,31,31,31,31,31,31,31,31,31,31,31,31,31,31,31,31,31,31,31,31,31,31,31,31,31,31,31,31,31,31,31,31,31,31,31,31,31,31,31,31,31,31,31"
772,24.68,21.30,"9.12,10.88,12.10,13.00,13.71,14.35,14.88,15.29,15.52,15.72,15.90,16.08,16.29,16.53,16.76,16.97,17.13,17.25,17.36,17.46,17.59,17.74,17.90,18.03,18.14,18.22,18.30,18.38,18.47,18.59,18.69,18.79,18.87,18.93,18.99,19.05,19.13,19.22,19.31,19.42,19.49,19.55,19.60,19.66,19.73,19.81,19.92,20.05,20.11,20.16,20.21,20.26,20.33,20.41,20.52,20.65,20.72,20.76,20.80,20.85,20.91,21.01,21.12,21.23","1.4367,1.3594,1.2042,0.0001","1.5733,1.4082,1.0186,0.0001,0.0001,0.0001,0.0000,0.0000,0.0000,0.0000,0.0000,0.0000,0.0000,0.0000,0.0000,0.0000,0.0000,0.0000,0.0000,0.0000,0.0000,0.0000,0.0000,0.0000,0.0000,0.0000,0.0000,0.0000,0.0000,0.0000,0.0000,0.0000,0.0000,0.0000,0.0000,0.0000,0.0000,0.0000,0.0000,0.0000,0.0000,0.0000,0.0000,0.0000,0.0000,0.0000,0.0000,0.0000,0.0000,0.0000,0.0000,0.0000,0.0000,0.0000,0.0000,0.0000,0.0000,0.0000,0.0000,0.0000,0.0000,0.0000,0.0000,0.0000","15,6,6,15","30,30,30,30,30,30,30,30,30,30,30,30,30,30,30,30,30,30,30,30,30,30,30,30,30,30,30,30,30,30,30,30,30,30,30,30,30,30,30,30,30,30,30,30,30,30,30,30,30,30,30,30,30,30,30,30,30,30,30,30,30,30,30,30"
773,24.20,20.58,"9.59,11.05,12.07,12.90,13.57,14.08,14.45,14.69,14.74,14.84,14.97,15.14,15.32,15.50,15.64,15.74,15.78,15.84,15.93,16.04,16.16,16.26,16.35,16.41,16.45,16.50,16.57,16.66,16.75,16.82,16.87,16.93,16.97,17.01,17.09,17.16,17.22,17.28,17.33,17.38,17.42,17.47,17.53,17.60,17.65,17.70,17.74,17.83,17.87,17.93,17.98,18.04,18.07,18.12,18.18,18.28,18.33,18.38,18.43,18.47,18.51,18.56,18.63,18.74","1.2646,1.0705,1.0135,0.6518","1.8642,1.0957,1.0400,0.0001,0.0001,0.0001,0.0000,0.0000,0.0000,0.0000,0.0000,0.0000,0.0000,0.0000,0.0000,0.0000,0.0000,0.0000,0.0000,0.0000,0.0000,0.0000,0.0000,0.0000,0.0000,0.0000,0.0000,0.0000,0.0000,0.0000,0.0000,0.0000,0.0000,0.0000,0.0000,0.0000,0.0000,0.0000,0.0000,0.0000,0.0000,0.0000,0.0000,0.0000,0.0000,0.0000,0.0000,0.0000,0.0000,0.0000,0.0000,0.0000,0.0000,0.0000,0.0000,0.0000,0.0000,0.0000,0.0000,0.0000,0.0000,0.0000,0.0000,0.0000","6,6,4,4","30,30,30,30,30,30,30,30,30,30,30,30,30,30,30,30,30,30,30,30,30,30,30,30,30,30,30,30,30,30,30,30,30,30,30,30,30,30,30,30,30,30,30,30,30,30,30,30,30,30,30,30,30,30,30,30,30,30,30,30,30,30,30,30"
774,45.88,40.96,"11.12,12.34,13.59,14.68,15.61,16.39,17.06,17.64,18.12,18.69,19.06,19.31,19.52,19.78,20.06,20.36,20.63,20.89,21.11,21.28,21.41,21.58,21.77,21.98,22.15,22.30,22.45,22.56,22.66,22.79,22.94,23.09,23.22,23.32,23.40,23.49,23.58,23.70,23.83,23.97,24.07,24.13,24.22,24.34,24.46,24.56,24.67,24.80,24.86,24.91,25.02,25.13,25.21,25.31,25.40,25.52,25.57,25.62,25.72,25.81,25.88,25.96,26.06,26.16","0.6254,0.6245,0.6160,0.6103","1.1308,1.0791,0.9888,0.8018,0.0001,0.0001,0.0001,0.0000,0.0000,0.0000,0.0000,0.0000,0.0000,0.0000,0.0000,0.0000,0.0000,0.0000,0.0000,0.0000,0.0000,0.0000,0.0000,0.0000,0.0000,0.0000,0.0000,0.0000,0.0000,0.0000,0.0000,0.0000,0.0000,0.0000,0.0000,0.0000,0.0000,0.0000,0.0000,0.0000,0.0000,0.0000,0.0000,0.0000,0.0000,0.0000,0.0000,0.0000,0.0000,0.0000,0.0000,0.0000,0.0000,0.0000,0.0000,0.0000,0.0000,0.0000,0.0000,0.0000,0.0000,0.0000,0.0000,0.0000","13,4,13,13","42,42,42,42,42,42,42,42,48,48,48,48,42,42,42,42,42,48,48,48,42,42,42,42,42,48,48,48,42,42,42,42,42,42,48,48,48,42,42,42,42,42,48,48,48,42,42,42,42,48,48,48,48,42,42,42,42,48,48,48,42,42,42,42"
775,48.22,37.68,"10.86,12.04,13.19,14.20,15.05,15.78,16.39,16.92,17.24,17.44,17.59,17.75,17.95,18.20,18.47,18.74,18.89,18.99,19.11,19.35,19.54,19.71,19.90,20.10,20.20,20.39,20.55,20.73,20.89,21.04,21.19,21.34,21.46,21.53,21.67,21.79,21.93,22.05,22.17,22.28,22.39,22.47,22.55,22.66,22.77,22.87,22.97,23.12,23.18,23.28,23.31,23.39,23.48,23.62,23.73,23.83,23.91,23.98,24.05,24.11,24.19,24.28,24.38,24.40","0.5561,0.5503,0.5479,0.5415","1.0703,1.0039,1.0019,0.9238,0.0001,0.0001,0.0001,0.0001,0.0000,0.0000,0.0000,0.0000,0.0000,0.0000,0.0000,0.0000,0.0000,0.0000,0.0000,0.0000,0.0000,0.0000,0.0000,0.0000,0.0000,0.0000,0.0000,0.0000,0.0000,0.0000,0.0000,0.0000,0.0000,0.0000,0.0000,0.0000,0.0000,0.0000,0.0000,0.0000,0.0000,0.0000,0.0000,0.0000,0.0000,0.0000,0.0000,0.0000,0.0000,0.0000,0.0000,0.0000,0.0000,0.0000,0.0000,0.0000,0.0000,0.0000,0.0000,0.0000,0.0000,0.0000,0.0000,0.0000","14,4,14,4","51,51,51,51,51,51,51,51,51,51,51,51,51,51,51,51,51,51,56,56,51,51,51,51,51,56,56,51,56,51,51,51,56,51,56,56,51,51,51,51,56,56,56,51,51,51,51,51,51,56,56,56,51,51,51,51,56,56,56,51,51,51,51,56"
776,73.07,52.98,"10.60,17.38,21.00,23.42,25.32,26.48,27.27,27.87,28.51,29.25,29.84,30.26,30.55,30.85,31.16,31.49,31.97,32.34,32.68,33.00,33.17,33.34,33.57,33.74,34.05,34.30,34.59,34.83,35.00,35.12,35.25,35.41,35.61,35.78,35.97,36.15,36.31,36.43,36.54,36.65,36.80,36.92,37.06,37.20,37.33,37.45,37.54,37.63,37.75,37.86,37.98,38.12,38.23,38.32,38.41,38.48,38.58,38.65,38.73,38.83,38.93,39.03,39.11,39.18","0.4727,0.4726,0.4721,0.4718","1.0068,1.0049,0.9990,0.9897,0.0001,0.0001,0.0001,0.0001,0.0000,0.0000,0.0000,0.0000,0.0000,0.0000,0.0000,0.0000,0.0000,0.0000,0.0000,0.0000,0.0000,0.0000,0.0000,0.0000,0.0000,0.0000,0.0000,0.0000,0.0000,0.0000,0.0000,0.0000,0.0000,0.0000,0.0000,0.0000,0.0000,0.0000,0.0000,0.0000,0.0000,0.0000,0.0000,0.0000,0.0000,0.0000,0.0000,0.0000,0.0000,0.0000,0.0000,0.0000,0.0000,0.0000,0.0000,0.0000,0.0000,0.0000,0.0000,0.0000,0.0000,0.0000,0.0000,0.0000","4,4,4,4","0,33,33,0,33,0,0,0,33,33,33,33,33,0,0,0,0,33,33,33,33,0,0,0,0,33,33,33,33,0,0,0,0,33,33,33,33,33,0,0,0,0,33,33,33,33,33,0,0,33,33,33,33,33,0,0,0,0,33,33,33,33,33,0"
777,63.85,46.77,"10.44,12.04,13.81,15.21,16.32,17.23,18.00,18.67,19.70,20.31,20.72,21.01,21.25,21.44,21.62,21.80,22.27,22.60,22.86,23.09,23.33,23.55,23.74,23.88,24.15,24.39,24.58,24.75,24.90,25.05,25.20,25.36,25.51,25.64,25.76,25.88,26.01,26.16,26.30,26.42,26.53,26.62,26.72,26.81,26.91,27.02,27.12,27.22,27.31,27.40,27.49,27.59,27.68,27.78,27.87,27.95,28.05,28.15,28.25,28.34,28.42,28.49,28.57,28.65","0.5504,0.5503,0.5498,0.5479","1.0400,1.0381,0.9888,0.9331,0.0001,0.0001,0.0001,0.0000,0.0000,0.0000,0.0000,0.0000,0.0000,0.0000,0.0000,0.0000,0.0000,0.0000,0.0000,0.0000,0.0000,0.0000,0.0000,0.0000,0.0000,0.0000,0.0000,0.0000,0.0000,0.0000,0.0000,0.0000,0.0000,0.0000,0.0000,0.0000,0.0000,0.0000,0.0000,0.0000,0.0000,0.0000,0.0000,0.0000,0.0000,0.0000,0.0000,0.0000,0.0000,0.0000,0.0000,0.0000,0.0000,0.0000,0.0000,0.0000,0.0000,0.0000,0.0000,0.0000,0.0000,0.0000,0.0000,0.0000","1,9,1,1","59,59,59,59,59,59,59,59,59,59,59,59,59,59,59,59,59,59,59,59,59,59,1,1,59,59,59,59,59,59,1,59,59,59,59,59,1,1,1,1,59,59,59,59,59,1,1,59,59,59,59,59,59,59,1,1,59,59,59,59,59,1,1,1"
778,63.67,50.10,"8.86,14.85,16.44,17.58,18.81,20.01,21.12,22.16,23.31,23.92,24.38,24.69,24.95,25.22,25.54,25.92,26.61,27.05,27.41,27.66,27.86,28.01,28.20,28.44,28.86,29.20,29.49,29.71,29.88,30.01,30.12,30.26,30.57,30.84,31.10,31.29,31.44,31.57,31.68,31.77,32.00,32.22,32.43,32.56,32.71,32.82,32.93,33.02,33.20,33.40,33.54,33.69,33.80,33.89,33.99,34.08,34.22,34.37,34.50,34.62,34.71,34.79,34.86,34.93","0.5679,0.5678,0.5669,0.5664","1.0098,1.0049,1.0040,0.9810,0.0001,0.0001,0.0001,0.0000,0.0000,0.0000,0.0000,0.0000,0.0000,0.0000,0.0000,0.0000,0.0000,0.0000,0.0000,0.0000,0.0000,0.0000,0.0000,0.0000,0.0000,0.0000,0.0000,0.0000,0.0000,0.0000,0.0000,0.0000,0.0000,0.0000,0.0000,0.0000,0.0000,0.0000,0.0000,0.0000,0.0000,0.0000,0.0000,0.0000,0.0000,0.0000,0.0000,0.0000,0.0000,0.0000,0.0000,0.0000,0.0000,0.0000,0.0000,0.0000,0.0000,0.0000,0.0000,0.0000,0.0000,0.0000,0.0000,0.0000","10,2,10,2","3,18,3,18,3,35,3,35,3,35,3,3,35,3,35,3,3,35,3,3,3,3,35,35,3,35,3,3,3,3,3,35,35,35,3,3,3,3,3,3,35,35,35,35,3,3,3,3,35,35,35,3,3,3,3,3,35,35,35,35,3,3,3,3"
779,65.85,47.83,"10.40,14.16,17.68,18.99,20.45,21.56,22.38,22.66,23.53,24.29,24.77,25.15,25.45,25.86,26.20,26.60,26.90,27.19,27.54,27.81,28.00,28.23,28.37,28.54,28.72,28.88,29.11,29.31,29.46,29.56,29.62,29.69,29.73,29.75,29.79,29.83,29.88,29.89,29.91,29.93,30.00,30.00,30.10,30.32,30.53,30.70,30.83,30.89,30.97,31.11,31.28,31.42,31.55,31.60,31.71,31.84,31.88,31.98,32.10,32.23,32.35,32.46,32.56,32.68","0.5375,0.5372,0.5369,0.5366","1.0146,1.0010,0.9956,0.9883,0.0001,0.0001,0.0001,0.0000,0.0000,0.0000,0.0000,0.0000,0.0000,0.0000,0.0000,0.0000,0.0000,0.0000,0.0000,0.0000,0.0000,0.0000,0.0000,0.0000,0.0000,0.0000,0.0000,0.0000,0.0000,0.0000,0.0000,0.0000,0.0000,0.0000,0.0000,0.0000,0.0000,0.0000,0.0000,0.0000,0.0000,0.0000,0.0000,0.0000,0.0000,0.0000,0.0000,0.0000,0.0000,0.0000,0.0000,0.0000,0.0000,0.0000,0.0000,0.0000,0.0000,0.0000,0.0000,0.0000,0.0000,0.0000,0.0000,0.0000","9,9,9,1","19,17,19,19,19,19,19,19,19,17,17,17,17,19,19,19,19,17,19,19,17,19,19,17,17,17,19,17,17,17,17,19,17,3,3,3,17,17,17,3,17,17,19,17,17,17,17,17,17,19,19,19,17,17,19,19,17,19,19,19,19,19,19,19"
780,62.04,46.00,"10.80,16.12,18.07,20.00,21.22,22.37,23.51,24.29,25.32,25.80,26.15,26.52,26.80,27.16,27.55,27.59,27.78,27.88,28.26,28.49,28.66,28.80,29.08,29.42,29.71,30.08,30.22,30.44,30.57,30.71,30.76,30.87,31.00,31.04,31.33,31.34,31.48,31.45,31.77,31.88,32.08,32.23,32.26,32.48,32.50,32.61,32.80,32.96,33.06,33.20,33.41,33.46,33.47,33.69,33.71,33.75,33.87,33.89,33.95,33.97,33.99,34.01,34.19,34.32","0.5348,0.5347,0.5341,0.5313","1.0459,1.0049,0.9853,0.9644,0.0001,0.0001,0.0001,0.0000,0.0000,0.0000,0.0000,0.0000,0.0000,0.0000,0.0000,0.0000,0.0000,0.0000,0.0000,0.0000,0.0000,0.0000,0.0000,0.0000,0.0000,0.0000,0.0000,0.0000,0.0000,0.0000,0.0000,0.0000,0.0000,0.0000,0.0000,0.0000,0.0000,0.0000,0.0000,0.0000,0.0000,0.0000,0.0000,0.0000,0.0000,0.0000,0.0000,0.0000,0.0000,0.0000,0.0000,0.0000,0.0000,0.0000,0.0000,0.0000,0.0000,0.0000,0.0000,0.0000,0.0000,0.0000,0.0000,0.0000","9,1,9,1","19,19,19,19,19,19,19,19,19,19,19,19,19,19,19,35,19,19,19,19,19,19,19,19,19,19,19,19,19,19,19,19,19,51,19,35,19,51,19,19,19,19,35,19,19,19,19,19,19,19,19,19,35,19,19,35,19,35,19,35,35,35,19,19"
781,57.60,43.17,"10.43,14.96,17.04,17.96,18.54,19.02,19.55,19.90,20.42,20.82,21.21,21.56,21.85,22.05,22.26,22.55,22.79,22.99,23.21,23.46,23.68,23.78,24.05,24.19,24.39,24.60,24.68,24.80,24.98,25.23,25.37,25.49,25.67,25.87,25.88,25.88,26.05,26.18,26.47,26.52,26.56,26.62,26.67,26.80,26.92,27.09,27.23,27.29,27.40,27.42,27.57,27.70,27.81,27.90,27.95,28.01,28.11,28.29,28.38,28.44,28.50,28.59,28.68,28.77","0.5811,0.5806,0.5800,0.5787","1.0283,1.0244,0.9878,0.9590,0.0001,0.0001,0.0001,0.0001,0.0000,0.0000,0.0000,0.0000,0.0000,0.0000,0.0000,0.0000,0.0000,0.0000,0.0000,0.0000,0.0000,0.0000,0.0000,0.0000,0.0000,0.0000,0.0000,0.0000,0.0000,0.0000,0.0000,0.0000,0.0000,0.0000,0.0000,0.0000,0.0000,0.0000,0.0000,0.0000,0.0000,0.0000,0.0000,0.0000,0.0000,0.0000,0.0000,0.0000,0.0000,0.0000,0.0000,0.0000,0.0000,0.0000,0.0000,0.0000,0.0000,0.0000,0.0000,0.0000,0.0000,0.0000,0.0000,0.0000","4,4,4,12","16,48,16,26,48,16,26,48,16,48,48,48,16,48,26,16,48,48,48,48,48,16,26,26,48,48,48,26,16,26,26,16,48,48,0,0,16,26,16,48,48,26,48,26,26,26,26,26,48,26,48,16,26,16,26,16,48,48,48,16,26,16,26,26"
782,56.84,39.49,"9.76,13.23,15.10,16.04,16.79,17.44,18.12,18.56,18.95,19.37,19.78,20.06,20.34,20.65,20.93,21.15,21.37,21.60,21.82,22.01,22.16,22.32,22.48,22.63,22.77,22.94,23.10,23.27,23.38,23.49,23.60,23.71,23.82,23.94,24.04,24.18,24.30,24.40,24.48,24.57,24.65,24.73,24.83,24.88,25.03,25.12,25.19,25.26,25.31,25.34,25.34,25.48,25.50,25.62,25.67,25.69,25.74,25.78,25.87,25.93,25.99,26.04,26.10,26.16","0.5122,0.5112,0.5073,0.5069","1.0469,1.0410,1.0000,0.9121,0.0001,0.0001,0.0001,0.0000,0.0000,0.0000,0.0000,0.0000,0.0000,0.0000,0.0000,0.0000,0.0000,0.0000,0.0000,0.0000,0.0000,0.0000,0.0000,0.0000,0.0000,0.0000,0.0000,0.0000,0.0000,0.0000,0.0000,0.0000,0.0000,0.0000,0.0000,0.0000,0.0000,0.0000,0.0000,0.0000,0.0000,0.0000,0.0000,0.0000,0.0000,0.0000,0.0000,0.0000,0.0000,0.0000,0.0000,0.0000,0.0000,0.0000,0.0000,0.0000,0.0000,0.0000,0.0000,0.0000,0.0000,0.0000,0.0000,0.0000","0,0,0,0","16,18,18,18,18,18,16,16,16,18,18,18,18,18,16,16,16,18,18,18,16,18,16,16,16,18,18,18,18,16,16,16,16,16,18,18,18,18,16,16,16,16,18,18,18,18,18,16,16,33,33,33,33,18,16,30,18,16,16,16,16,16,16,16"
783,61.11,46.27,"11.15,15.50,17.84,19.15,20.38,21.26,22.01,22.54,23.05,23.54,23.89,24.23,24.54,24.99,25.32,25.57,25.84,26.11,26.36,26.58,26.77,27.00,27.20,27.35,27.54,27.70,27.92,28.06,28.19,28.31,28.44,28.54,28.61,28.70,28.86,28.96,29.05,29.09,29.17,29.25,29.27,29.34,29.44,29.53,29.64,29.71,29.79,29.84,29.92,30.02,30.11,30.14,30.25,30.37,30.46,30.52,30.58,30.69,30.79,30.86,30.87,30.94,30.99,31.04","0.5431,0.5430,0.5425,0.5391","1.0322,1.0205,0.9746,0.9731,0.0001,0.0001,0.0001,0.0001,0.0000,0.0000,0.0000,0.0000,0.0000,0.0000,0.0000,0.0000,0.0000,0.0000,0.0000,0.0000,0.0000,0.0000,0.0000,0.0000,0.0000,0.0000,0.0000,0.0000,0.0000,0.0000,0.0000,0.0000,0.0000,0.0000,0.0000,0.0000,0.0000,0.0000,0.0000,0.0000,0.0000,0.0000,0.0000,0.0000,0.0000,0.0000,0.0000,0.0000,0.0000,0.0000,0.0000,0.0000,0.0000,0.0000,0.0000,0.0000,0.0000,0.0000,0.0000,0.0000,0.0000,0.0000,0.0000,0.0000","0,0,9,0","1,17,1,17,1,17,1,1,1,17,1,17,1,17,1,1,1,17,17,1,1,17,1,1,1,1,17,1,1,1,1,1,1,17,17,17,17,17,17,1,17,17,17,17,17,17,17,17,17,17,1,17,1,17,17,17,17,17,1,1,17,17,17,17"
784,31.64,32.80,"9.81,16.14,18.03,18.83,19.25,19.67,20.01,20.27,20.52,20.92,21.12,21.46,21.67,21.95,22.09,22.18,22.27,22.41,22.52,22.69,22.89,22.97,23.13,23.20,23.26,23.38,23.46,23.62,23.77,23.86,23.95,24.00,24.07,24.14,24.22,24.33,24.44,24.50,24.56,24.61,24.66,24.70,24.81,24.89,24.98,25.05,25.11,25.12,25.15,25.21,25.26,25.32,25.39,25.37,25.42,25.47,25.40,25.49,25.50,25.53,25.60,25.67,25.67,25.72","0.9673,0.9670,0.8111,0.6444","1.0000,1.0000,1.0000,1.0000,0.0000,0.0000,0.0000,0.0000,0.0000,0.0000,0.0000,0.0000,0.0000,0.0000,0.0000,0.0000,0.0000,0.0000,0.0000,0.0000,0.0000,0.0000,0.0000,0.0000,0.0000,0.0000,0.0000,0.0000,0.0000,0.0000,0.0000,0.0000,0.0000,0.0000,0.0000,0.0000,0.0000,0.0000,0.0000,0.0000,0.0000,0.0000,0.0000,0.0000,0.0000,0.0000,0.0000,0.0000,0.0000,0.0000,0.0000,0.0000,0.0000,0.0000,0.0000,0.0000,0.0000,0.0000,0.0000,0.0000,0.0000,0.0000,0.0000,0.0000","4,4,4,4","42,25,42,25,25,42,42,42,42,42,42,25,25,42,42,42,25,42,25,25,42,25,25,42,42,25,25,25,25,25,25,25,42,25,42,42,25,25,25,25,42,42,42,42,25,25,25,58,25,42,25,42,25,42,9,25,58,25,58,42,25,25,58,25"
785,43.07,39.87,"9.92,15.44,16.65,17.63,18.31,18.97,19.56,20.08,20.61,21.10,21.44,21.68,21.90,22.17,22.50,22.76,23.01,23.25,23.35,23.57,23.73,23.93,24.13,24.32,24.52,24.68,24.82,24.96,25.09,25.23,25.39,25.56,25.71,25.85,25.95,26.06,26.16,26.27,26.40,26.54,26.66,26.78,26.87,26.96,27.04,27.13,27.24,27.36,27.44,27.56,27.63,27.71,27.78,27.86,27.95,28.04,28.12,28.19,28.28,28.32,28.39,28.46,28.53,28.62","0.7955,0.7953,0.7681,0.7505","1.0801,1.0381,1.0058,0.8765,0.0001,0.0001,0.0001,0.0001,0.0000,0.0000,0.0000,0.0000,0.0000,0.0000,0.0000,0.0000,0.0000,0.0000,0.0000,0.0000,0.0000,0.0000,0.0000,0.0000,0.0000,0.0000,0.0000,0.0000,0.0000,0.0000,0.0000,0.0000,0.0000,0.0000,0.0000,0.0000,0.0000,0.0000,0.0000,0.0000,0.0000,0.0000,0.0000,0.0000,0.0000,0.0000,0.0000,0.0000,0.0000,0.0000,0.0000,0.0000,0.0000,0.0000,0.0000,0.0000,0.0000,0.0000,0.0000,0.0000,0.0000,0.0000,0.0000,0.0000","5,5,12,5","48,32,48,48,48,48,48,48,48,32,32,32,32,32,32,32,48,32,16,48,48,32,48,32,48,32,32,48,32,48,32,48,48,32,32,48,32,48,32,48,48,32,32,48,32,48,32,48,48,32,32,48,32,48,32,48,32,48,32,26,48,32,48,32"
