ue_idx,pl,snr_ul,snr_dl,c_ae,c_ue,c_bs,ue_beams,bs_beams,unique_ue_beams,n_eff_ue_beams,unique_bs_beams,n_eff_bs_beams,rho_azi,rho_zen,rho_2d_euc
12,-78.6,25.4,44.4,38.32,33.23,44.96,"[12, 4, 12, 4]","[63, 57, 63, 57, 63, 63, 63, 63, 63, 63, 15, 57, 57, 63, 63, 63, 63, 57, 15, 40, 57, 57, 63, 63, 57, 57, 15, 57, 63, 15, 63, 57, 15, 63, 63, 63, 40, 63, 40, 40, 15, 63, 15, 57, 15, 57, 63, 57, 63, 57, 57, 40, 15, 40, 63, 63, 57, 63, 40, 40, 15, 57, 63, 63]",2,2.0,4,3.220125786163522,1.7038223325193025,11.357344317483841,3.3699340802487154
13,-80.6,23.4,42.4,35.6,29.72,42.09,"[3, 5, 11, 5]","[63, 57, 63, 63, 57, 57, 57, 57, 63, 57, 63, 63, 63, 63, 57, 57, 63, 57, 63, 63, 63, 63, 63, 57, 63, 57, 63, 63, 63, 63, 63, 57, 63, 63, 63, 63, 63, 57, 57, 63, 57, 55, 63, 57, 55, 63, 63, 57, 55, 57, 63, 57, 55, 63, 63, 63, 6, 55, 63, 57, 55, 55, 6, 63]",3,2.6666666666666665,4,2.441001191895113,1.299488425700374,9.850224141396296,2.576651368845373
14,-82.7,21.3,40.3,34.96,29.79,42.4,"[15, 4, 15, 15]","[63, 63, 57, 63, 63, 63, 63, 63, 57, 57, 57, 63, 63, 63, 63, 63, 63, 57, 57, 63, 63, 63, 63, 57, 63, 59, 57, 59, 63, 63, 63, 63, 63, 57, 59, 59, 57, 61, 57, 63, 61, 63, 61, 57, 63, 61, 57, 63, 63, 63, 57, 57, 59, 61, 61, 63, 57, 59, 63, 57, 59, 63, 59, 63]",2,1.6,4,2.7713125845737485,1.2024882679318907,8.952555538875547,2.3835712953746206
15,-84.8,19.2,38.2,25.38,21.4,36.6,"[3, 8, 3, 3]","[63, 63, 63, 63, 63, 63, 63, 63, 63, 63, 63, 63, 63, 63, 63, 63, 63, 63, 63, 63, 63, 63, 63, 63, 63, 63, 53, 63, 63, 63, 63, 63, 53, 59, 53, 63, 57, 57, 63, 63, 63, 63, 63, 53, 53, 57, 57, 57, 63, 59, 63, 59, 63, 53, 57, 63, 59, 57, 59, 53, 63, 57, 53, 57]",2,1.6,4,2.1178903826266806,1.497958762561785,5.354940245697038,2.8851599722130774
16,-83.9,20.1,39.1,27.12,24.19,36.98,"[15, 7, 15, 15]","[48, 48, 48, 48, 48, 48, 48, 48, 48, 48, 48, 48, 48, 48, 48, 48, 48, 48, 48, 48, 48, 48, 48, 48, 48, 48, 48, 48, 48, 48, 48, 54, 0, 48, 0, 48, 54, 48, 39, 0, 0, 39, 0, 48, 0, 48, 0, 0, 48, 54, 39, 48, 48, 0, 39, 54, 54, 0, 39, 39, 48, 48, 39, 48]",2,1.6,4,2.113519091847265,2.919776812213074,6.383723655712168,5.310452055754165
17,-85.8,18.2,37.2,42.12,38.57,53.29,"[12, 5, 12, 5]","[56, 56, 56, 56, 56, 56, 56, 56, 56, 56, 56, 56, 56, 56, 56, 56, 56, 56, 56, 56, 56, 56, 56, 56, 56, 56, 56, 56, 56, 56, 56, 56, 56, 56, 56, 62, 56, 56, 56, 56, 56, 56, 56, 56, 56, 56, 56, 56, 56, 56, 56, 56, 56, 56, 56, 56, 56, 56, 56, 47, 56, 56, 62, 56]",2,2.0,3,1.099302200751476,0.9970748434250782,4.918397890181615,1.9543943346977586
18,-90.4,13.6,32.6,45.97,39.55,55.88,"[3, 8, 1, 1]","[48, 48, 16, 48, 48, 48, 48, 16, 48, 48, 48, 48, 48, 16, 16, 16, 48, 48, 48, 48, 48, 48, 16, 16, 48, 48, 48, 48, 48, 48, 48, 16, 48, 48, 48, 48, 48, 48, 48, 16, 48, 48, 48, 48, 48, 48, 16, 16, 48, 48, 48, 48, 48, 48, 16, 16, 48, 48, 48, 16, 48, 48, 16, 16]",3,2.6666666666666665,2,1.6,1.490366898599147,8.336086697006017,2.9342080584061767
26,-154.8,-50.8,-31.8,0.16,0.16,1.61,"[9, 9, 9, 9]","[32, 32, 32, 32, 32, 32, 32, 32, 32, 32, 32, 32, 32, 32, 32, 32, 32, 32, 32, 32, 32, 32, 32, 32, 32, 32, 32, 32, 32, 32, 32, 32, 32, 32, 32, 32, 32, 32, 32, 32, 32, 32, 32, 32, 32, 32, 32, 32, 32, 32, 32, 32, 32, 32, 32, 32, 32, 32, 32, 32, 32, 32, 32, 32]",1,1.0,1,1.0,0.41970145633870515,2.4282429180364637,0.827138768025948
27,-154.9,-50.9,-31.9,0.16,0.08,1.43,"[8, 8, 8, 8]","[39, 39, 39, 39, 39, 39, 39, 39, 39, 39, 39, 39, 39, 39, 39, 39, 39, 39, 39, 39, 39, 39, 39, 39, 39, 39, 39, 39, 39, 39, 39, 39, 39, 39, 39, 39, 39, 39, 39, 39, 39, 39, 39, 39, 39, 39, 39, 39, 39, 39, 39, 39, 39, 39, 39, 39, 39, 39, 39, 39, 39, 39, 39, 39]",1,1.0,1,1.0,0.427727342128363,2.960364168428787,0.8466629353379924
28,-154.4,-50.4,-31.4,0.18,0.1,1.51,"[10, 10, 10, 10]","[39, 39, 39, 39, 39, 39, 39, 39, 39, 39, 39, 39, 39, 39, 39, 39, 39, 39, 39, 39, 39, 39, 39, 39, 39, 39, 39, 39, 39, 39, 39, 39, 39, 39, 39, 39, 39, 39, 39, 39, 39, 39, 39, 39, 39, 39, 39, 39, 39, 39, 39, 39, 39, 39, 39, 39, 39, 39, 39, 39, 39, 39, 39, 39]",1,1.0,1,1.0,0.15412940667938382,1.4566832987454406,0.3065476233633393
29,-154.8,-50.8,-31.8,0.16,0.16,1.56,"[9, 9, 9, 9]","[31, 31, 31, 31, 31, 31, 31, 31, 31, 31, 31, 31, 31, 31, 31, 31, 31, 31, 31, 31, 31, 31, 31, 31, 31, 31, 31, 31, 31, 31, 31, 31, 31, 31, 31, 31, 31, 31, 31, 31, 31, 31, 31, 31, 31, 31, 31, 31, 31, 31, 31, 31, 31, 31, 31, 31, 31, 31, 31, 31, 31, 31, 31, 31]",1,1.0,1,1.0,0.28337641369537026,2.2254554315400643,0.5622132971624526
31,-154.8,-50.8,-31.8,0.15,0.12,1.42,"[13, 13, 13, 13]","[31, 31, 31, 31, 31, 31, 31, 31, 31, 31, 31, 31, 31, 31, 31, 31, 31, 31, 31, 31, 31, 31, 31, 31, 31, 31, 31, 31, 31, 31, 31, 31, 31, 31, 31, 31, 31, 31, 31, 31, 31, 31, 31, 31, 31, 31, 31, 31, 31, 31, 31, 31, 31, 31, 31, 31, 31, 31, 31, 31, 31, 31, 31, 31]",1,1.0,1,1.0,0.20999841694745922,2.6637319376546307,0.4186977165843689
32,-129.9,-25.9,-6.9,4.95,5.27,9.02,"[0, 0, 0, 0]","[32, 32, 32, 32, 32, 32, 32, 32, 32, 32, 32, 32, 32, 32, 32, 32, 32, 32, 32, 32, 32, 32, 32, 32, 32, 32, 32, 32, 32, 32, 32, 32, 32, 32, 32, 32, 32, 32, 32, 32, 32, 32, 32, 32, 32, 32, 32, 32, 32, 32, 32, 32, 32, 32, 32, 32, 32, 32, 32, 32, 32, 32, 32, 32]",1,1.0,1,1.0,7.699566294705953,5.71841427858537,9.181564984643783
33,-131.1,-27.1,-8.1,4.55,1.93,6.38,"[8, 8, 8, 8]","[24, 24, 24, 24, 24, 24, 24, 24, 24, 24, 24, 24, 24, 24, 24, 24, 24, 24, 24, 24, 24, 24, 24, 24, 24, 24, 24, 24, 24, 24, 24, 24, 24, 24, 24, 24, 24, 24, 24, 24, 24, 24, 24, 24, 24, 24, 24, 24, 24, 24, 24, 24, 24, 24, 24, 24, 24, 24, 24, 24, 24, 24, 24, 24]",1,1.0,1,1.0,3.1968972390544383,6.290075811290279,5.6998627637433605
52,-78.7,25.3,44.3,40.93,34.79,48.43,"[0, 8, 0, 8]","[63, 1, 63, 1, 1, 63, 15, 1, 1, 1, 63, 63, 63, 63, 63, 63, 63, 1, 63, 47, 63, 63, 1, 63, 63, 1, 63, 1, 1, 63, 15, 63, 1, 1, 47, 63, 47, 63, 15, 1, 1, 47, 1, 1, 63, 1, 1, 15, 47, 1, 63, 63, 15, 63, 15, 15, 15, 1, 1, 47, 1, 63, 63, 63]",2,2.0,4,3.01620029455081,0.19402384175118692,5.336830271537727,0.38779148991121115
53,-79.4,24.6,43.6,29.36,24.72,39.95,"[3, 8, 3, 8]","[56, 56, 56, 56, 56, 56, 56, 56, 56, 56, 56, 56, 56, 56, 56, 56, 56, 8, 56, 8, 62, 56, 56, 56, 56, 62, 8, 56, 56, 56, 56, 56, 56, 56, 56, 56, 8, 56, 56, 56, 6, 56, 62, 56, 56, 8, 8, 62, 56, 56, 62, 62, 6, 56, 62, 56, 6, 56, 56, 56, 8, 8, 6, 56]",2,2.0,4,1.9015784586815228,0.21361612044331688,6.053594885650944,0.42696649288721567
54,-79.9,24.1,43.1,30.42,27.54,39.65,"[0, 8, 0, 8]","[0, 0, 0, 0, 0, 0, 0, 0, 0, 0, 0, 0, 0, 0, 0, 0, 0, 48, 55, 0, 0, 0, 62, 0, 0, 55, 0, 0, 48, 0, 0, 55, 0, 0, 55, 62, 0, 55, 48, 0, 48, 48, 0, 0, 55, 55, 48, 55, 48, 0, 55, 62, 48, 48, 62, 48, 62, 48, 62, 48, 62, 62, 48, 55]",2,2.0,4,2.880450070323488,1.5401560791600897,8.720444938475863,3.0333660868420824
55,-83.5,20.5,39.5,25.12,22.01,32.55,"[3, 11, 3, 11]","[48, 48, 48, 48, 48, 48, 48, 48, 48, 48, 48, 48, 48, 48, 48, 48, 0, 0, 48, 48, 0, 48, 48, 0, 48, 48, 48, 0, 0, 62, 48, 0, 62, 48, 0, 48, 48, 32, 0, 0, 48, 0, 0, 32, 32, 0, 62, 48, 48, 62, 0, 48, 32, 0, 62, 62, 0, 0, 62, 48, 48, 48, 62, 48]",2,2.0,4,2.5696361355081554,1.5566518317517517,6.228972800413968,3.0204156591192777
56,-84.9,19.1,38.1,26.48,23.5,36.48,"[3, 11, 3, 11]","[63, 63, 63, 63, 63, 63, 63, 63, 63, 63, 63, 63, 63, 63, 63, 63, 63, 63, 63, 63, 63, 63, 63, 63, 63, 63, 63, 49, 63, 49, 63, 63, 63, 63, 61, 63, 63, 62, 63, 62, 62, 62, 62, 49, 62, 62, 63, 61, 62, 61, 62, 61, 63, 63, 63, 63, 61, 61, 62, 49, 61, 49, 61, 49]",2,2.0,4,2.2755555555555556,1.2871135019472788,4.4172825120305745,2.4714474173281653
57,-87.1,16.9,35.9,32.82,29.3,44.86,"[12, 4, 4, 4]","[48, 48, 48, 48, 48, 48, 48, 48, 48, 48, 48, 48, 48, 48, 48, 48, 48, 48, 48, 48, 48, 48, 48, 48, 48, 48, 48, 48, 48, 48, 48, 48, 48, 48, 48, 48, 48, 48, 48, 48, 48, 48, 48, 48, 48, 48, 48, 48, 48, 48, 48, 48, 48, 48, 48, 50, 48, 48, 48, 48, 48, 54, 0, 48]",2,1.6,4,1.099892588614393,0.5916274278958471,4.5754490651650706,1.1734853458222478
58,-87.0,17.0,36.0,40.75,37.07,46.85,"[0, 8, 0, 0]","[48, 48, 48, 48, 48, 48, 48, 48, 48, 48, 48, 48, 48, 48, 48, 48, 48, 48, 48, 48, 48, 48, 48, 48, 48, 48, 48, 48, 48, 48, 48, 48, 48, 0, 0, 48, 0, 48, 48, 48, 48, 48, 0, 0, 0, 48, 48, 48, 48, 48, 48, 0, 0, 50, 48, 50, 48, 48, 0, 0, 0, 0, 54, 50]",2,1.6,4,1.6663954434499593,0.9865325964637937,9.723017381040208,1.962986721690085
66,-154.5,-50.5,-31.5,0.18,0.18,2.16,"[9, 9, 9, 9]","[39, 39, 39, 39, 39, 39, 39, 39, 39, 39, 39, 39, 39, 39, 39, 39, 39, 39, 39, 39, 39, 39, 39, 39, 39, 39, 39, 39, 39, 39, 39, 39, 39, 39, 39, 39, 39, 39, 39, 39, 39, 39, 39, 39, 39, 39, 39, 39, 39, 39, 39, 39, 39, 39, 39, 39, 39, 39, 39, 39, 39, 39, 39, 39]",1,1.0,1,1.0,0.744287860973869,4.362339378398602,1.4673713033438314
67,-155.3,-51.3,-32.3,0.14,0.08,1.01,"[13, 13, 13, 13]","[31, 31, 31, 31, 31, 31, 31, 31, 31, 31, 31, 31, 31, 31, 31, 31, 31, 31, 31, 31, 31, 31, 31, 31, 31, 31, 31, 31, 31, 31, 31, 31, 31, 31, 31, 31, 31, 31, 31, 31, 31, 31, 31, 31, 31, 31, 31, 31, 31, 31, 31, 31, 31, 31, 31, 31, 31, 31, 31, 31, 31, 31, 31, 31]",1,1.0,1,1.0,0.6208778641498438,3.904212334717591,1.226345530049135
68,-154.8,-50.8,-31.8,0.16,0.17,1.36,"[9, 9, 9, 9]","[24, 24, 24, 24, 24, 24, 24, 24, 24, 24, 24, 24, 24, 24, 24, 24, 24, 24, 24, 24, 24, 24, 24, 24, 24, 24, 24, 24, 24, 24, 24, 24, 24, 24, 24, 24, 24, 24, 24, 24, 24, 24, 24, 24, 24, 24, 24, 24, 24, 24, 24, 24, 24, 24, 24, 24, 24, 24, 24, 24, 24, 24, 24, 24]",1,1.0,1,1.0,0.35364977854242985,2.2309143257467565,0.6985766342430799
69,-155.5,-51.5,-32.5,0.14,0.08,0.81,"[10, 10, 10, 10]","[38, 38, 24, 24, 24, 24, 24, 24, 24, 24, 24, 24, 24, 24, 24, 24, 24, 24, 24, 24, 24, 24, 24, 24, 24, 24, 24, 24, 24, 24, 24, 24, 24, 24, 24, 24, 24, 24, 24, 24, 24, 24, 24, 24, 24, 24, 24, 24, 24, 24, 24, 24, 24, 24, 24, 24, 24, 24, 24, 24, 24, 24, 24, 24]",1,1.0,2,1.0644490644490645,0.45597077819252657,3.3109336576912414,0.9034147666807274
72,-129.2,-25.2,-6.2,5.09,5.28,9.23,"[4, 4, 4, 4]","[16, 16, 16, 16, 16, 16, 16, 16, 16, 16, 16, 16, 16, 16, 16, 16, 16, 16, 16, 16, 16, 16, 16, 16, 16, 16, 16, 16, 16, 16, 16, 16, 16, 16, 16, 16, 16, 16, 16, 16, 16, 16, 16, 16, 16, 16, 16, 16, 16, 16, 16, 16, 16, 16, 16, 16, 16, 16, 16, 16, 16, 16, 16, 16]",1,1.0,1,1.0,3.429562238466333,6.975794881617658,6.155439216286714
92,-78.7,25.3,44.3,41.4,33.31,46.54,"[15, 1, 9, 15]","[56, 56, 56, 56, 56, 56, 56, 56, 56, 15, 15, 56, 56, 56, 56, 56, 56, 56, 56, 56, 56, 56, 56, 56, 56, 56, 56, 56, 56, 56, 56, 56, 40, 15, 56, 40, 40, 56, 56, 40, 56, 15, 15, 56, 56, 62, 56, 40, 40, 15, 62, 15, 15, 56, 56, 56, 56, 62, 62, 62, 56, 40, 15, 62]",3,2.6666666666666665,4,2.122279792746114,0.38580695986498836,11.69050328071928,0.7711940745350233
93,-78.9,25.1,44.1,40.6,33.02,50.0,"[15, 1, 9, 7]","[0, 0, 0, 0, 0, 0, 0, 0, 0, 0, 55, 0, 0, 0, 0, 0, 0, 0, 0, 0, 0, 0, 0, 0, 23, 0, 55, 0, 0, 0, 0, 0, 0, 23, 55, 0, 0, 0, 0, 6, 0, 55, 23, 0, 55, 0, 0, 0, 0, 6, 0, 55, 0, 0, 0, 55, 6, 23, 23, 23, 55, 0, 6, 0]",4,4.0,4,1.8351254480286738,0.17311427652249714,5.884882238702566,0.3460788463054075
94,-81.8,22.2,41.2,30.95,26.96,41.04,"[0, 8, 0, 0]","[0, 0, 0, 0, 0, 0, 0, 0, 0, 0, 0, 0, 0, 0, 0, 0, 0, 0, 0, 0, 0, 55, 0, 0, 0, 23, 0, 55, 55, 23, 0, 0, 0, 23, 0, 0, 55, 55, 55, 55, 0, 0, 6, 0, 6, 55, 55, 0, 0, 23, 23, 0, 6, 23, 0, 23, 0, 0, 23, 55, 23, 55, 23, 6]",2,1.6,4,2.3299203640500568,0.83220198777522,5.793342434419085,1.6474929703148369
95,-83.0,21.0,40.0,26.38,22.52,34.26,"[15, 7, 15, 15]","[7, 7, 7, 7, 7, 7, 7, 7, 7, 55, 7, 7, 7, 7, 7, 55, 55, 7, 7, 55, 7, 7, 7, 55, 7, 55, 55, 7, 55, 7, 7, 7, 55, 6, 55, 55, 7, 7, 7, 55, 23, 6, 7, 7, 7, 7, 7, 6, 23, 7, 7, 7, 7, 55, 7, 55, 55, 23, 7, 23, 55, 6, 7, 7]",2,1.6,4,2.169491525423729,1.4503026610532528,6.196064097665293,2.8242689301852995
96,-82.7,21.3,40.3,32.48,29.0,44.74,"[0, 0, 0, 11]","[56, 56, 56, 56, 56, 56, 7, 56, 48, 48, 56, 56, 56, 56, 56, 56, 56, 48, 48, 56, 56, 56, 56, 48, 56, 56, 56, 56, 56, 48, 56, 48, 54, 56, 7, 56, 56, 56, 56, 48, 54, 56, 7, 56, 56, 56, 7, 48, 56, 48, 7, 56, 7, 56, 7, 56, 7, 7, 56, 54, 54, 48, 54, 7]",2,1.6,4,2.4236686390532545,0.6654770216729895,4.945712858888417,1.3190664902911435
97,-88.8,15.2,34.2,31.47,26.98,36.67,"[15, 5, 5, 5]","[55, 55, 55, 55, 55, 55, 55, 55, 55, 55, 55, 55, 55, 55, 55, 55, 55, 55, 55, 55, 55, 55, 55, 55, 55, 55, 55, 55, 55, 55, 55, 55, 55, 55, 55, 55, 55, 55, 55, 55, 55, 55, 55, 58, 55, 55, 55, 55, 55, 55, 7, 58, 55, 55, 55, 55, 58, 39, 55, 55, 55, 55, 55, 55]",2,1.6,4,1.172966781214204,0.3701998104562252,2.9683496850002795,0.73470784291478
98,-86.3,17.7,36.7,34.3,31.03,40.32,"[0, 8, 0, 8]","[48, 16, 48, 16, 48, 16, 16, 16, 16, 48, 48, 48, 48, 16, 16, 16, 16, 48, 48, 48, 48, 16, 16, 16, 16, 16, 48, 48, 48, 16, 16, 16, 16, 48, 48, 48, 16, 48, 48, 48, 48, 48, 7, 48, 16, 7, 48, 16, 48, 54, 48, 16, 16, 54, 48, 16, 54, 54, 7, 16, 48, 7, 16, 48]",2,2.0,4,2.5568039950062422,4.57210724048373,14.07388223754501,8.696805376859437
106,-155.3,-51.3,-32.3,0.15,0.04,1.06,"[4, 4, 4, 4]","[39, 39, 39, 39, 39, 39, 39, 39, 39, 39, 39, 39, 39, 39, 39, 39, 39, 39, 39, 39, 39, 39, 39, 39, 39, 39, 39, 39, 39, 39, 39, 39, 39, 39, 39, 39, 39, 39, 39, 39, 39, 39, 39, 39, 39, 39, 39, 39, 39, 39, 39, 39, 39, 39, 39, 39, 39, 39, 39, 39, 39, 39, 39, 39]",1,1.0,1,1.0,0.5494844966062813,3.360097082869773,1.0845625434151676
107,-155.2,-51.2,-32.2,0.15,0.08,0.87,"[5, 5, 5, 5]","[24, 24, 24, 24, 24, 24, 24, 24, 24, 24, 24, 24, 24, 24, 24, 24, 24, 24, 24, 24, 24, 24, 24, 24, 24, 24, 24, 24, 24, 24, 24, 24, 24, 24, 24, 24, 24, 24, 24, 24, 24, 24, 24, 24, 24, 24, 24, 24, 24, 24, 24, 24, 24, 24, 24, 24, 24, 24, 24, 24, 24, 24, 24, 24]",1,1.0,1,1.0,0.6170114886337579,3.985825612822828,1.2194977745375593
108,-155.0,-51.0,-32.0,0.15,0.09,1.0,"[10, 10, 10, 10]","[31, 31, 31, 31, 31, 31, 32, 32, 31, 31, 31, 31, 31, 31, 32, 32, 31, 31, 32, 31, 31, 31, 32, 32, 32, 32, 32, 31, 31, 32, 32, 32, 32, 32, 32, 31, 31, 32, 32, 32, 32, 32, 32, 31, 31, 32, 32, 32, 32, 32, 32, 31, 31, 31, 32, 31, 32, 32, 32, 31, 31, 31, 31, 32]",1,1.0,2,1.9980487804878049,0.40284319488359827,2.6605444840421115,0.7966065776190362
109,-158.3,-54.3,-35.3,0.07,0.06,1.06,"[9, 9, 9, 9]","[31, 31, 31, 31, 31, 31, 31, 31, 31, 31, 31, 31, 31, 31, 31, 31, 31, 31, 31, 31, 31, 31, 31, 31, 31, 31, 31, 31, 31, 31, 31, 31, 31, 31, 31, 31, 31, 31, 31, 31, 31, 31, 31, 31, 31, 31, 31, 31, 31, 31, 31, 31, 31, 31, 31, 31, 31, 31, 31, 31, 31, 31, 31, 31]",1,1.0,1,1.0,0.5107384600585623,3.136891795846313,1.0082009838561
112,-131.9,-27.9,-8.9,4.29,4.43,9.68,"[4, 4, 4, 4]","[24, 24, 24, 24, 24, 24, 24, 24, 24, 24, 24, 24, 24, 24, 24, 24, 24, 24, 24, 24, 24, 24, 24, 24, 24, 24, 24, 24, 24, 24, 24, 24, 24, 24, 24, 24, 24, 24, 24, 24, 24, 24, 24, 24, 24, 24, 24, 24, 24, 24, 24, 24, 24, 24, 24, 24, 24, 24, 24, 24, 24, 24, 24, 24]",1,1.0,1,1.0,7.474082062619781,6.3562412555842265,9.684048207115385
113,-164.4,-60.4,-41.4,0.01,0.01,0.14,"[5, 5, 5, 5]","[7, 7, 7, 7, 7, 7, 7, 7, 7, 7, 7, 7, 7, 7, 7, 7, 7, 7, 7, 7, 7, 7, 7, 7, 7, 7, 7, 7, 7, 7, 7, 7, 7, 7, 7, 7, 7, 7, 7, 7, 7, 7, 7, 7, 7, 7, 7, 7, 7, 7, 7, 7, 7, 7, 7, 7, 7, 7, 7, 7, 7, 7, 7, 7]",1,1.0,1,1.0,0.181132192379613,1.3266937454972243,0.35893452963188066
132,-76.8,27.2,46.2,45.0,36.66,54.69,"[12, 4, 12, 4]","[0, 0, 0, 0, 0, 0, 0, 0, 0, 58, 6, 0, 0, 0, 0, 0, 0, 6, 0, 0, 58, 0, 0, 0, 0, 0, 0, 0, 0, 0, 4, 58, 6, 6, 58, 0, 4, 4, 0, 6, 0, 0, 58, 0, 0, 0, 0, 0, 0, 58, 6, 0, 6, 4, 58, 0, 6, 4, 0, 0, 6, 6, 6, 0]",2,2.0,4,2.183368869936034,0.14604814163578014,4.496956340709087,0.29194235890637815
133,-80.4,23.6,42.6,35.32,28.93,45.43,"[3, 11, 3, 3]","[7, 7, 7, 7, 7, 7, 7, 7, 7, 7, 7, 7, 7, 7, 7, 7, 7, 7, 7, 7, 7, 7, 7, 55, 7, 7, 7, 23, 7, 1, 7, 7, 7, 23, 7, 7, 55, 55, 55, 55, 55, 23, 23, 1, 7, 7, 23, 7, 7, 55, 23, 7, 1, 7, 55, 7, 23, 7, 23, 23, 55, 55, 7, 23]",2,1.6,4,2.1671957671957673,0.2077742414346621,5.169477535598043,0.41521324272496335
134,-80.6,23.4,42.4,32.83,27.54,44.22,"[3, 11, 3, 3]","[63, 63, 63, 63, 63, 63, 63, 63, 63, 63, 63, 63, 63, 63, 63, 63, 63, 63, 63, 63, 63, 63, 0, 63, 63, 63, 63, 63, 0, 0, 63, 63, 48, 0, 63, 48, 48, 63, 48, 48, 0, 63, 0, 6, 48, 63, 48, 48, 0, 63, 48, 0, 0, 0, 6, 48, 6, 63, 0, 6, 0, 6, 63, 63]",2,1.6,4,2.5006105006105006,1.3404297697056768,6.4594984794811685,2.6249381451946183
135,-81.8,22.2,41.2,40.06,33.73,44.37,"[0, 8, 0, 8]","[7, 7, 23, 23, 7, 7, 7, 7, 7, 7, 23, 23, 7, 7, 55, 55, 7, 7, 23, 55, 55, 55, 55, 55, 7, 7, 55, 55, 55, 55, 55, 7, 55, 23, 7, 55, 55, 55, 55, 55, 23, 7, 23, 7, 55, 55, 55, 7, 23, 39, 55, 39, 7, 23, 55, 39, 23, 23, 55, 7, 55, 23, 39, 55]",2,2.0,4,3.1459293394777266,0.6405728527969174,3.9492279272499844,1.2646179731496903
136,-83.8,20.2,39.2,32.83,27.53,42.32,"[15, 1, 1, 7]","[48, 48, 48, 48, 48, 48, 48, 48, 48, 48, 48, 48, 48, 48, 48, 48, 48, 48, 48, 48, 48, 48, 48, 48, 48, 48, 48, 48, 48, 48, 48, 48, 48, 54, 48, 48, 48, 48, 48, 48, 48, 48, 48, 48, 48, 48, 48, 48, 48, 54, 48, 0, 48, 54, 48, 48, 54, 0, 48, 48, 48, 48, 48, 48]",3,2.6666666666666665,3,1.210401891252955,0.47371027436652086,3.537921732183829,0.9390404347508958
137,-85.9,18.1,37.1,27.0,23.72,34.38,"[15, 4, 15, 4]","[56, 56, 56, 56, 56, 56, 56, 56, 56, 56, 56, 56, 56, 56, 56, 56, 56, 56, 56, 56, 48, 56, 56, 56, 56, 56, 56, 56, 0, 56, 0, 0, 48, 56, 62, 48, 56, 0, 48, 62, 48, 56, 0, 56, 62, 0, 0, 56, 56, 56, 62, 0, 48, 62, 0, 62, 48, 56, 62, 0, 56, 56, 48, 48]",2,2.0,4,2.4468339307048983,2.1941347134261875,3.225126446870231,3.6282275998605553
138,-87.6,16.4,35.4,35.13,30.67,41.11,"[12, 4, 12, 4]","[56, 8, 56, 56, 8, 8, 8, 8, 8, 56, 56, 56, 56, 8, 8, 8, 8, 8, 56, 56, 56, 56, 8, 8, 8, 8, 56, 56, 56, 56, 8, 8, 40, 8, 8, 40, 56, 56, 56, 56, 56, 56, 56, 56, 56, 56, 8, 54, 56, 56, 56, 56, 56, 56, 56, 56, 56, 56, 56, 56, 8, 56, 56, 56]",2,2.0,4,2.0019550342130987,3.0498967902842358,8.759619795888648,5.760608255188233
146,-152.3,-48.3,-29.3,0.22,0.12,1.11,"[8, 8, 8, 8]","[31, 31, 31, 31, 25, 31, 31, 31, 31, 31, 31, 31, 25, 31, 31, 31, 31, 31, 31, 31, 25, 31, 31, 31, 31, 31, 31, 31, 25, 31, 31, 31, 31, 31, 31, 31, 25, 31, 31, 31, 31, 31, 31, 31, 25, 31, 31, 31, 31, 31, 31, 31, 31, 31, 31, 31, 31, 31, 31, 31, 31, 31, 31, 31]",1,1.0,2,1.204705882352941,1.7818261273009044,4.680882659587998,3.3305128494147582
147,-151.8,-47.8,-28.8,0.26,0.13,1.22,"[8, 8, 8, 8]","[31, 31, 31, 31, 31, 31, 31, 31, 31, 31, 31, 31, 31, 31, 31, 31, 31, 31, 31, 31, 31, 31, 31, 31, 31, 31, 31, 31, 31, 31, 31, 31, 31, 31, 31, 31, 31, 31, 31, 31, 31, 31, 31, 31, 31, 31, 31, 31, 31, 31, 31, 31, 31, 31, 31, 31, 31, 31, 31, 31, 31, 31, 31, 31]",1,1.0,1,1.0,0.4327953973061667,3.090807822818831,0.8572275649015955
148,-152.5,-48.5,-29.5,0.21,0.18,2.41,"[4, 4, 4, 4]","[32, 32, 32, 32, 32, 32, 32, 32, 32, 32, 32, 32, 32, 32, 32, 32, 32, 32, 32, 32, 32, 32, 32, 32, 32, 32, 32, 32, 32, 32, 32, 32, 32, 32, 32, 32, 32, 32, 32, 32, 32, 32, 32, 32, 32, 32, 32, 32, 32, 32, 32, 32, 32, 32, 32, 32, 32, 32, 32, 32, 32, 32, 32, 32]",1,1.0,1,1.0,0.25959079460706874,2.172871288256913,0.515515685651003
149,-159.3,-55.3,-36.3,0.05,0.03,0.56,"[10, 10, 10, 10]","[38, 38, 38, 38, 38, 38, 38, 38, 38, 38, 38, 38, 38, 38, 38, 38, 38, 38, 38, 38, 38, 38, 38, 38, 38, 38, 38, 38, 38, 38, 38, 38, 38, 38, 38, 38, 38, 38, 38, 38, 38, 38, 38, 38, 38, 38, 38, 38, 38, 38, 38, 38, 38, 38, 38, 38, 38, 38, 38, 38, 38, 38, 38, 38]",1,1.0,1,1.0,0.47882226676775136,3.1615146360874458,0.9468466506932642
153,-165.8,-61.8,-42.8,0.01,0.01,0.07,"[1, 1, 1, 1]","[0, 0, 0, 0, 0, 0, 0, 0, 0, 0, 0, 0, 0, 0, 0, 0, 0, 0, 0, 0, 0, 0, 0, 0, 0, 0, 0, 0, 0, 0, 0, 0, 0, 0, 0, 0, 0, 0, 0, 0, 0, 0, 0, 0, 0, 0, 0, 0, 0, 0, 0, 0, 0, 0, 0, 0, 0, 0, 0, 0, 0, 0, 0, 0]",1,1.0,1,1.0,0.15424152212030076,0.8649324880638901,0.30369200985555767
172,-74.7,29.3,48.3,49.42,40.64,56.44,"[12, 5, 12, 5]","[7, 57, 7, 7, 7, 7, 7, 7, 7, 57, 24, 57, 7, 57, 57, 7, 7, 7, 57, 57, 31, 7, 57, 57, 7, 7, 31, 7, 57, 57, 7, 57, 31, 7, 31, 57, 7, 57, 7, 7, 24, 24, 7, 24, 57, 57, 7, 31, 31, 24, 24, 57, 24, 7, 7, 31, 7, 7, 57, 24, 7, 24, 24, 24]",2,2.0,4,3.2050078247261347,0.1281632644800808,4.484243628959481,0.2562219013480334
173,-78.1,25.9,44.9,35.4,28.65,46.98,"[15, 7, 15, 15]","[63, 63, 63, 63, 63, 63, 63, 63, 63, 63, 0, 0, 63, 63, 63, 0, 63, 63, 63, 63, 0, 62, 63, 15, 0, 62, 63, 62, 63, 62, 15, 62, 15, 0, 0, 63, 63, 62, 63, 63, 62, 62, 15, 63, 63, 62, 62, 63, 0, 0, 62, 15, 63, 0, 63, 63, 63, 62, 15, 0, 63, 62, 15, 15]",2,1.6,4,2.972423802612482,0.24626663784776914,6.8610083480056945,0.4922163032927874
174,-79.6,24.4,43.4,39.93,32.1,49.02,"[3, 8, 3, 8]","[56, 56, 56, 56, 56, 56, 56, 56, 56, 56, 56, 56, 56, 56, 56, 56, 56, 6, 6, 6, 56, 4, 56, 56, 56, 6, 56, 56, 4, 6, 56, 56, 56, 56, 58, 56, 6, 56, 6, 6, 6, 58, 6, 56, 6, 4, 56, 56, 4, 56, 58, 58, 56, 58, 58, 58, 56, 56, 58, 56, 56, 58, 4, 58]",2,2.0,4,2.4236686390532545,0.27855995616171136,4.826010280046167,0.5561941573948888
175,-82.4,21.6,40.6,33.61,29.2,44.06,"[0, 0, 0, 8]","[56, 56, 56, 56, 56, 7, 56, 56, 56, 7, 56, 56, 56, 56, 56, 56, 56, 56, 56, 56, 56, 56, 56, 56, 56, 56, 7, 56, 56, 56, 62, 56, 7, 7, 7, 54, 56, 56, 56, 62, 7, 7, 56, 56, 54, 7, 56, 56, 54, 62, 54, 7, 62, 56, 62, 54, 54, 56, 7, 7, 56, 56, 62, 62]",2,1.6,4,2.3405714285714287,0.5063057777407152,4.541677255959343,1.0063773515421968
176,-83.9,20.1,39.1,25.99,22.73,37.18,"[15, 4, 15, 4]","[63, 63, 63, 63, 63, 63, 63, 63, 63, 63, 63, 63, 63, 63, 63, 63, 51, 63, 63, 63, 63, 57, 63, 63, 63, 51, 63, 63, 63, 51, 63, 63, 51, 51, 63, 63, 63, 51, 61, 61, 63, 63, 61, 61, 61, 61, 57, 61, 63, 61, 51, 61, 63, 63, 51, 63, 61, 63, 63, 51, 63, 61, 51, 63]",2,2.0,4,2.14900314795383,0.7967377966323227,4.902827525915712,1.5728430033220229
177,-83.5,20.5,39.5,27.97,24.54,36.92,"[0, 8, 0, 8]","[55, 55, 55, 55, 55, 55, 55, 55, 55, 55, 55, 55, 55, 56, 55, 55, 56, 55, 56, 55, 55, 56, 55, 55, 55, 56, 7, 55, 55, 55, 55, 56, 56, 56, 62, 7, 7, 55, 55, 55, 56, 55, 55, 62, 62, 62, 55, 55, 56, 56, 7, 55, 55, 55, 55, 55, 56, 55, 62, 7, 55, 56, 56, 62]",2,2.0,4,2.303712035995501,1.9988364099101559,4.957266758032256,3.7076235116565086
178,-87.0,17.0,36.0,23.51,20.73,31.91,"[3, 11, 3, 11]","[55, 55, 55, 55, 55, 55, 55, 55, 55, 55, 55, 55, 55, 55, 55, 55, 55, 55, 55, 55, 55, 55, 55, 55, 49, 55, 55, 55, 55, 55, 55, 55, 0, 32, 55, 49, 55, 55, 49, 49, 49, 55, 55, 49, 55, 49, 55, 49, 49, 49, 0, 32, 55, 32, 55, 55, 49, 0, 49, 32, 55, 49, 55, 32]",2,2.0,4,1.996101364522417,1.7048504101132125,8.472060739201662,3.3426923762081957
186,-151.9,-47.9,-28.9,0.23,0.18,1.6,"[4, 4, 4, 4]","[24, 24, 24, 24, 24, 24, 24, 24, 24, 24, 24, 24, 24, 24, 24, 24, 24, 24, 24, 24, 24, 24, 24, 24, 24, 24, 24, 24, 24, 24, 24, 24, 24, 24, 24, 24, 24, 24, 24, 24, 24, 24, 24, 24, 24, 24, 24, 24, 24, 24, 24, 24, 24, 24, 24, 24, 24, 24, 24, 24, 24, 24, 24, 24]",1,1.0,1,1.0,1.4165821779892847,3.8221262233360638,2.656574478633222
187,-155.6,-51.6,-32.6,0.13,0.13,0.97,"[9, 9, 9, 9]","[24, 24, 24, 24, 24, 24, 24, 24, 24, 24, 24, 24, 24, 24, 24, 24, 24, 24, 24, 24, 24, 24, 24, 24, 24, 24, 24, 24, 24, 24, 24, 24, 24, 24, 24, 24, 24, 24, 24, 24, 24, 24, 24, 24, 24, 24, 24, 24, 24, 24, 24, 24, 24, 24, 24, 24, 24, 24, 24, 24, 24, 24, 24, 24]",1,1.0,1,1.0,1.4123527519200594,4.358897328480645,2.6871673122232282
188,-156.7,-52.7,-33.7,0.1,0.1,0.77,"[9, 9, 9, 9]","[24, 24, 24, 24, 24, 24, 24, 24, 24, 24, 24, 24, 24, 24, 24, 24, 24, 24, 24, 24, 24, 24, 24, 24, 24, 24, 24, 24, 24, 24, 24, 24, 24, 24, 24, 24, 24, 24, 24, 24, 24, 24, 24, 24, 24, 24, 24, 24, 24, 24, 24, 24, 24, 24, 24, 24, 24, 24, 24, 24, 24, 24, 24, 24]",1,1.0,1,1.0,1.366714614615662,3.9667506954969163,2.584337030117645
189,-159.9,-55.9,-36.9,0.04,0.03,1.02,"[13, 13, 13, 13]","[39, 39, 39, 39, 39, 39, 39, 39, 39, 39, 39, 39, 39, 39, 39, 39, 39, 39, 39, 39, 39, 39, 39, 39, 39, 39, 39, 39, 39, 39, 39, 39, 39, 39, 39, 39, 39, 39, 39, 39, 39, 39, 39, 39, 39, 39, 39, 39, 39, 39, 39, 39, 39, 39, 39, 39, 39, 39, 39, 39, 39, 39, 39, 39]",1,1.0,1,1.0,0.5392006450525715,3.4330578912577994,1.0653412824208628
193,-165.9,-61.9,-42.9,0.01,0.01,0.12,"[0, 0, 0, 0]","[15, 15, 15, 15, 15, 15, 15, 15, 15, 15, 15, 15, 15, 15, 15, 15, 15, 15, 15, 15, 15, 15, 15, 15, 15, 15, 15, 15, 15, 15, 15, 15, 15, 15, 15, 15, 15, 15, 15, 15, 15, 15, 15, 15, 15, 15, 15, 15, 15, 15, 15, 15, 15, 15, 15, 15, 15, 15, 15, 15, 15, 15, 15, 15]",1,1.0,1,1.0,0.21920989471444038,1.8715898296086537,0.43544320204577114
212,-76.5,27.5,46.5,38.7,31.37,46.9,"[15, 7, 9, 15]","[0, 0, 0, 0, 0, 0, 0, 0, 0, 0, 0, 0, 0, 0, 0, 6, 0, 0, 0, 6, 0, 6, 0, 0, 2, 0, 60, 2, 6, 0, 0, 0, 2, 0, 0, 6, 2, 0, 6, 6, 0, 60, 0, 0, 0, 0, 6, 0, 6, 2, 0, 6, 60, 0, 2, 6, 0, 0, 2, 0, 0, 60, 0, 60]",3,2.6666666666666665,4,2.183368869936034,0.14603424369332954,3.789766101330608,0.2918518886177838
213,-76.2,27.8,46.8,42.45,33.49,51.3,"[3, 5, 11, 3]","[7, 48, 7, 7, 48, 7, 7, 48, 48, 7, 7, 48, 48, 7, 7, 7, 48, 7, 48, 55, 7, 7, 7, 7, 7, 7, 7, 7, 7, 7, 48, 7, 1, 7, 1, 55, 48, 7, 48, 7, 48, 7, 7, 55, 48, 48, 7, 7, 48, 55, 48, 1, 1, 55, 7, 1, 7, 48, 7, 7, 48, 55, 55, 48]",3,2.6666666666666665,4,2.6876640419947506,0.22910078220407204,5.872792685413561,0.45785331127533696
214,-78.5,25.5,44.5,32.63,27.22,41.84,"[15, 4, 15, 13]","[63, 63, 63, 63, 63, 63, 63, 63, 63, 63, 63, 63, 63, 63, 63, 63, 40, 63, 40, 57, 63, 57, 57, 40, 63, 15, 15, 15, 57, 63, 63, 63, 57, 63, 40, 63, 57, 40, 63, 15, 15, 15, 57, 57, 40, 63, 63, 40, 57, 63, 63, 57, 15, 40, 15, 63, 57, 15, 63, 40, 63, 63, 63, 63]",3,2.6666666666666665,4,2.716180371352785,0.8547668101844892,6.738433233537004,1.695943533047032
215,-79.4,24.6,43.6,29.59,25.11,37.89,"[0, 11, 0, 11]","[56, 56, 56, 56, 56, 56, 56, 56, 56, 56, 56, 56, 56, 56, 56, 56, 56, 56, 54, 56, 56, 56, 56, 6, 56, 56, 56, 6, 6, 6, 6, 56, 54, 60, 56, 60, 60, 56, 6, 56, 6, 56, 54, 56, 54, 56, 6, 56, 6, 56, 6, 60, 54, 56, 54, 6, 56, 56, 56, 6, 6, 54, 6, 54]",2,2.0,4,2.3813953488372093,0.9472193809409218,9.800590760797483,1.8856522280698067
216,-82.0,22.0,41.0,28.17,24.2,40.01,"[12, 4, 12, 12]","[56, 56, 56, 56, 56, 56, 56, 56, 56, 56, 56, 56, 56, 56, 56, 56, 56, 56, 62, 56, 48, 56, 56, 56, 56, 48, 48, 56, 56, 62, 56, 48, 58, 56, 56, 56, 56, 56, 48, 62, 56, 48, 56, 56, 48, 48, 48, 56, 62, 58, 48, 58, 58, 62, 56, 58, 56, 56, 56, 58, 62, 62, 56, 58]",2,1.6,4,2.278086763070078,1.3251314002258872,3.937533984415705,2.5118344326149966
217,-83.5,20.5,39.5,26.49,24.22,31.41,"[15, 4, 15, 4]","[48, 48, 48, 48, 48, 0, 48, 0, 0, 48, 48, 48, 48, 48, 0, 48, 0, 0, 48, 0, 48, 54, 48, 0, 48, 0, 0, 54, 0, 58, 0, 48, 58, 58, 48, 48, 48, 48, 48, 0, 0, 0, 0, 54, 0, 0, 58, 58, 0, 0, 0, 48, 48, 48, 0, 48, 48, 54, 0, 54, 48, 0, 58, 48]",2,2.0,4,2.7713125845737485,2.1001845974297195,5.275570602772875,3.902501559409771
218,-85.8,18.2,37.2,25.46,23.12,32.3,"[12, 4, 12, 4]","[55, 55, 55, 55, 55, 55, 55, 55, 55, 55, 55, 55, 55, 55, 55, 55, 55, 55, 55, 55, 55, 55, 55, 55, 55, 0, 0, 55, 0, 55, 55, 39, 55, 7, 0, 7, 55, 0, 55, 55, 7, 55, 0, 0, 0, 39, 55, 39, 7, 55, 7, 0, 0, 0, 39, 55, 0, 55, 39, 39, 0, 39, 7, 39]",2,2.0,4,2.5006105006105006,2.1965294490075724,5.930182585575658,4.119548085167002
226,-155.4,-51.4,-32.4,0.12,0.07,1.07,"[8, 8, 8, 8]","[32, 32, 32, 32, 32, 32, 32, 32, 32, 32, 32, 32, 32, 32, 32, 32, 32, 32, 32, 32, 32, 32, 32, 32, 32, 32, 32, 32, 32, 32, 32, 32, 32, 32, 32, 32, 32, 32, 32, 32, 32, 32, 32, 32, 32, 32, 32, 32, 32, 32, 32, 32, 32, 32, 32, 32, 32, 32, 32, 32, 32, 32, 32, 32]",1,1.0,1,1.0,1.704362890470828,4.636976471453561,3.1994480483402366
227,-155.0,-51.0,-32.0,0.13,0.08,1.48,"[5, 5, 5, 5]","[39, 39, 39, 39, 39, 39, 39, 39, 39, 39, 39, 39, 39, 39, 39, 39, 39, 39, 39, 39, 39, 39, 39, 39, 39, 39, 39, 39, 39, 39, 39, 39, 39, 39, 39, 39, 39, 39, 39, 39, 39, 39, 39, 39, 39, 39, 39, 39, 39, 39, 39, 39, 39, 39, 39, 39, 39, 39, 39, 39, 39, 39, 39, 39]",1,1.0,1,1.0,1.496903186093564,4.785451868254649,2.8572817403938053
228,-155.2,-51.2,-32.2,0.12,0.06,0.68,"[8, 8, 8, 8]","[24, 24, 24, 24, 24, 24, 24, 24, 24, 24, 24, 24, 24, 24, 24, 24, 24, 24, 24, 24, 24, 24, 24, 24, 24, 24, 24, 24, 24, 24, 24, 24, 24, 24, 24, 24, 24, 24, 24, 24, 24, 24, 24, 24, 24, 24, 24, 24, 24, 24, 24, 24, 24, 24, 24, 24, 24, 24, 24, 24, 24, 24, 24, 24]",1,1.0,1,1.0,1.6267402103642608,3.682352399577093,2.9760182439033103
229,-128.2,-24.2,-5.2,5.58,5.73,9.49,"[0, 0, 0, 0]","[17, 17, 17, 17, 17, 17, 17, 17, 17, 17, 17, 17, 17, 17, 17, 17, 17, 17, 17, 17, 17, 17, 17, 17, 17, 17, 17, 17, 17, 17, 17, 17, 17, 17, 17, 17, 17, 17, 17, 17, 17, 17, 17, 17, 17, 17, 17, 17, 17, 17, 17, 17, 17, 17, 17, 17, 17, 17, 17, 17, 17, 17, 17, 17]",1,1.0,1,1.0,9.432928580803964,4.64651784277038,8.336523269542017
230,-130.2,-26.2,-7.2,4.83,5.02,9.14,"[4, 4, 4, 4]","[16, 16, 16, 16, 16, 16, 16, 16, 16, 16, 16, 16, 16, 16, 16, 16, 16, 16, 16, 16, 16, 16, 16, 16, 16, 16, 16, 16, 16, 16, 16, 16, 16, 16, 16, 16, 16, 16, 16, 16, 16, 16, 16, 16, 16, 16, 16, 16, 16, 16, 16, 16, 16, 16, 16, 16, 16, 16, 16, 16, 16, 16, 16, 16]",1,1.0,1,1.0,10.488256129495884,7.4055445878764745,12.099058927600097
231,-129.6,-25.6,-6.6,5.0,5.29,9.48,"[0, 0, 0, 0]","[32, 32, 32, 32, 32, 32, 32, 32, 32, 32, 32, 32, 32, 32, 32, 32, 32, 32, 32, 32, 32, 32, 32, 32, 32, 32, 32, 32, 32, 32, 32, 32, 32, 32, 32, 32, 32, 32, 32, 32, 32, 32, 32, 32, 32, 32, 32, 32, 32, 32, 32, 32, 32, 32, 32, 32, 32, 32, 32, 32, 32, 32, 32, 32]",1,1.0,1,1.0,6.394942977207416,4.4468179565657975,7.301815686666941
232,-154.9,-50.9,-31.9,0.15,0.14,1.43,"[0, 0, 0, 0]","[25, 25, 25, 25, 25, 25, 25, 25, 25, 25, 25, 25, 25, 25, 25, 25, 25, 25, 25, 25, 25, 25, 25, 25, 25, 25, 25, 25, 25, 25, 25, 25, 25, 25, 25, 25, 25, 25, 25, 25, 25, 25, 25, 25, 25, 25, 25, 25, 25, 25, 25, 25, 25, 25, 25, 25, 25, 25, 25, 25, 25, 25, 25, 25]",1,1.0,1,1.0,0.1327240521788173,1.2901628924794735,0.2640545327212846
233,-131.4,-27.4,-8.4,4.45,4.16,10.51,"[1, 1, 1, 1]","[56, 56, 56, 56, 56, 56, 56, 56, 56, 56, 56, 56, 56, 56, 56, 56, 56, 56, 56, 56, 56, 56, 56, 56, 56, 56, 56, 56, 56, 56, 56, 56, 56, 56, 56, 56, 56, 56, 56, 56, 56, 56, 56, 56, 56, 56, 56, 56, 56, 56, 56, 56, 56, 56, 56, 56, 56, 56, 56, 56, 56, 56, 56, 56]",1,1.0,1,1.0,0.15620378889875802,1.6397764182105874,0.31099970976571684
234,-149.3,-45.3,-26.3,0.51,0.49,2.82,"[4, 4, 4, 4]","[25, 25, 25, 25, 25, 25, 25, 25, 25, 25, 25, 25, 25, 25, 25, 25, 25, 25, 25, 25, 25, 25, 25, 25, 25, 25, 25, 25, 25, 25, 25, 25, 25, 25, 25, 25, 25, 25, 25, 25, 25, 25, 25, 25, 25, 25, 25, 25, 25, 25, 25, 25, 25, 25, 25, 25, 25, 25, 25, 25, 25, 25, 25, 25]",1,1.0,1,1.0,1.5786270410274328,8.01398523738264,3.097725976030424
235,-108.6,-4.6,14.4,15.78,14.01,20.48,"[12, 12, 4, 4]","[47, 47, 47, 47, 47, 47, 47, 47, 47, 47, 47, 41, 41, 41, 41, 41, 47, 47, 41, 41, 41, 47, 41, 41, 47, 47, 47, 47, 41, 41, 41, 41, 47, 47, 47, 47, 41, 41, 41, 47, 41, 41, 47, 47, 47, 41, 41, 47, 41, 41, 41, 47, 47, 47, 41, 41, 41, 41, 41, 47, 47, 47, 41, 41]",2,2.0,2,1.9980487804878049,4.1878643202891155,7.339338475571666,7.2747479420262415
236,-109.9,-5.9,13.1,15.32,12.55,22.42,"[0, 0, 9, 11]","[40, 40, 40, 40, 40, 40, 40, 40, 33, 33, 33, 40, 40, 40, 33, 33, 33, 33, 40, 40, 40, 33, 33, 33, 33, 33, 40, 40, 40, 33, 33, 33, 33, 33, 40, 40, 40, 33, 33, 33, 33, 33, 33, 40, 40, 40, 33, 33, 33, 33, 33, 40, 40, 40, 33, 33, 33, 33, 33, 40, 40, 40, 33, 33]",3,2.6666666666666665,2,1.9825750242013553,4.135188632329142,7.626962994837267,7.270511969439135
237,-109.8,-5.8,13.2,19.89,20.1,32.19,"[0, 0, 0, 0]","[40, 40, 40, 40, 40, 40, 40, 40, 40, 40, 40, 40, 40, 40, 40, 40, 40, 40, 40, 40, 40, 40, 40, 40, 40, 40, 40, 40, 40, 40, 40, 24, 40, 40, 40, 40, 40, 40, 40, 24, 40, 40, 40, 40, 40, 40, 40, 40, 40, 40, 40, 40, 40, 40, 40, 40, 40, 40, 40, 40, 40, 40, 40, 40]",1,1.0,2,1.0644490644490645,1.0637375043097435,5.100857973814629,2.082670021673459
238,-111.3,-7.3,11.7,21.23,19.56,31.34,"[15, 4, 4, 4]","[40, 40, 40, 40, 40, 40, 24, 24, 24, 40, 40, 40, 40, 40, 24, 24, 24, 40, 40, 40, 40, 40, 40, 24, 24, 40, 40, 40, 40, 40, 40, 24, 24, 40, 40, 40, 40, 40, 40, 24, 24, 24, 40, 40, 40, 40, 40, 24, 24, 24, 40, 40, 40, 40, 40, 24, 24, 24, 40, 40, 40, 40, 40, 24]",2,1.6,2,1.7534246575342465,2.09220128209912,7.043370791643357,4.011177815844994
239,-113.9,-9.9,9.1,13.42,11.7,18.13,"[0, 0, 8, 8]","[47, 47, 47, 47, 47, 47, 47, 47, 47, 47, 47, 41, 41, 41, 41, 41, 47, 47, 47, 41, 41, 41, 41, 41, 47, 47, 47, 47, 47, 41, 41, 41, 47, 47, 47, 47, 41, 41, 41, 41, 47, 47, 47, 47, 47, 41, 41, 41, 41, 47, 47, 47, 47, 41, 41, 41, 41, 41, 47, 41, 47, 47, 41, 41]",2,2.0,2,1.9825750242013553,4.006783493253581,8.967374994766555,7.316430927099856
240,-115.4,-11.4,7.6,12.65,9.85,18.18,"[3, 3, 3, 8]","[39, 39, 39, 39, 39, 39, 39, 39, 39, 39, 39, 39, 33, 33, 33, 33, 39, 39, 39, 33, 33, 33, 33, 33, 39, 39, 39, 39, 33, 33, 33, 33, 39, 39, 39, 39, 33, 33, 33, 39, 39, 39, 39, 39, 33, 33, 33, 33, 39, 39, 39, 39, 39, 33, 33, 33, 39, 39, 39, 39, 33, 33, 33, 33]",2,1.6,2,1.9523355576739752,5.118246688309088,10.730110060739403,9.239225733050018
248,-72.4,31.6,50.6,61.96,50.26,64.65,"[3, 5, 3, 5]","[0, 0, 0, 0, 0, 0, 0, 0, 0, 0, 0, 0, 0, 0, 0, 0, 0, 0, 0, 0, 0, 0, 0, 0, 0, 0, 0, 16, 0, 0, 0, 16, 16, 0, 0, 0, 0, 6, 0, 48, 16, 6, 0, 16, 16, 6, 16, 16, 6, 48, 16, 6, 48, 6, 0, 48, 48, 48, 48, 0, 48, 16, 0, 6]",2,2.0,4,2.362168396770473,0.3441180474696829,10.5285937835904,0.6878687840293548
249,-72.5,31.5,50.5,65.33,51.96,66.11,"[15, 4, 4, 15]","[8, 56, 8, 56, 8, 56, 8, 56, 8, 8, 8, 8, 8, 8, 8, 8, 56, 56, 8, 56, 8, 6, 8, 8, 10, 6, 8, 10, 6, 56, 10, 8, 8, 10, 56, 56, 6, 8, 10, 10, 8, 56, 56, 10, 10, 8, 6, 8, 56, 10, 6, 8, 10, 56, 56, 10, 10, 56, 6, 8, 56, 8, 6, 56]",2,2.0,4,3.390728476821192,0.48738106162904477,13.413031645973755,0.9741192546037888
250,-73.3,30.7,49.7,67.45,49.43,62.43,"[3, 8, 1, 8]","[7, 56, 7, 56, 7, 56, 56, 8, 8, 7, 7, 7, 7, 8, 7, 56, 56, 7, 7, 8, 56, 8, 7, 8, 8, 8, 56, 7, 56, 8, 8, 6, 6, 7, 7, 7, 56, 56, 7, 7, 7, 56, 56, 8, 8, 8, 8, 56, 6, 7, 7, 8, 6, 8, 6, 8, 7, 8, 7, 7, 56, 8, 6, 7]",3,2.6666666666666665,4,3.4190317195325544,0.20960847933208718,5.1917272945413915,0.4188757089778851
251,-74.5,29.5,48.5,63.65,50.12,59.09,"[0, 8, 0, 8]","[15, 63, 15, 15, 15, 15, 63, 63, 63, 63, 63, 63, 63, 63, 15, 15, 63, 63, 15, 63, 63, 15, 31, 15, 63, 63, 63, 31, 63, 15, 47, 63, 47, 47, 63, 15, 63, 63, 63, 31, 63, 15, 63, 47, 31, 15, 31, 15, 31, 63, 31, 63, 31, 47, 15, 63, 15, 15, 15, 47, 31, 47, 47, 63]",2,2.0,4,3.1751937984496124,0.22264425350028527,5.790454819350757,0.4449597099671654
252,-74.3,29.7,48.7,50.15,38.96,54.67,"[12, 5, 12, 7]","[15, 56, 56, 56, 15, 15, 56, 15, 56, 15, 15, 56, 15, 56, 15, 15, 15, 15, 15, 15, 56, 56, 56, 56, 15, 15, 62, 56, 31, 31, 56, 31, 56, 56, 56, 62, 15, 31, 56, 62, 56, 62, 15, 15, 56, 62, 15, 15, 62, 31, 31, 56, 56, 15, 56, 62, 62, 31, 56, 62, 15, 31, 31, 56]",3,2.6666666666666665,4,3.351882160392799,0.205407686338392,5.50320743175805,0.41052950515667197
253,-76.0,28.0,47.0,39.5,32.36,46.03,"[15, 7, 15, 15]","[56, 56, 56, 56, 56, 56, 56, 56, 56, 56, 56, 56, 56, 56, 56, 56, 56, 56, 8, 8, 56, 62, 62, 62, 56, 62, 2, 2, 56, 8, 2, 2, 8, 56, 56, 62, 62, 56, 56, 56, 56, 62, 8, 62, 2, 62, 62, 56, 8, 56, 8, 56, 2, 8, 62, 62, 62, 2, 2, 8, 62, 2, 2, 62]",2,1.6,4,3.1362940275650844,0.2020762395599965,5.784987510389859,0.40390613415763715
254,-75.9,28.1,47.1,34.7,28.14,43.12,"[3, 8, 8, 3]","[56, 56, 56, 56, 56, 56, 56, 56, 56, 56, 56, 56, 56, 56, 56, 56, 56, 56, 6, 6, 56, 56, 6, 56, 15, 15, 15, 56, 6, 56, 6, 56, 56, 56, 6, 2, 15, 15, 15, 15, 2, 56, 2, 6, 6, 6, 56, 56, 56, 2, 2, 56, 6, 15, 2, 2, 15, 15, 2, 6, 6, 6, 6, 56]",2,2.0,4,2.959537572254335,1.3277919676161092,7.907537205087667,2.618919888127811
255,-78.6,25.4,44.4,40.11,30.99,48.67,"[15, 7, 15, 15]","[63, 63, 63, 63, 63, 63, 63, 63, 63, 63, 63, 63, 63, 63, 63, 63, 63, 63, 63, 15, 63, 63, 15, 63, 63, 63, 31, 57, 15, 15, 63, 63, 63, 57, 63, 31, 57, 15, 63, 63, 15, 63, 63, 15, 15, 63, 63, 57, 63, 63, 63, 57, 31, 63, 57, 63, 31, 57, 57, 31, 15, 31, 15, 63]",2,1.6,4,2.2755555555555556,2.4030137829013647,4.298846293204307,4.19509231115303
256,-80.3,23.7,42.7,26.11,23.04,31.69,"[15, 15, 15, 15]","[48, 48, 48, 48, 48, 48, 48, 48, 48, 48, 48, 48, 0, 48, 48, 0, 48, 0, 0, 6, 6, 0, 6, 54, 0, 0, 48, 0, 6, 0, 48, 6, 48, 6, 6, 0, 54, 54, 6, 48, 48, 48, 54, 54, 6, 0, 48, 54, 6, 6, 48, 54, 0, 48, 48, 54, 48, 0, 48, 0, 54, 0, 54, 54]",1,1.0,4,3.4247491638795986,2.233500333729268,8.140184153441437,4.307788714088098
257,-82.3,21.7,40.7,29.58,25.43,37.57,"[11, 0, 0, 11]","[55, 55, 55, 16, 16, 16, 16, 55, 55, 55, 55, 55, 55, 55, 55, 55, 55, 55, 55, 55, 55, 55, 55, 55, 16, 55, 16, 32, 55, 55, 55, 32, 32, 55, 55, 16, 7, 16, 55, 7, 16, 55, 55, 32, 55, 16, 55, 55, 55, 7, 55, 16, 16, 16, 55, 55, 16, 55, 32, 16, 16, 16, 55, 55]",2,2.0,4,2.2212581344902387,5.1858699908810175,4.550024974857194,6.840380935203068
258,-88.0,16.0,35.0,24.85,22.64,31.26,"[11, 0, 0, 11]","[55, 55, 55, 55, 55, 23, 23, 23, 55, 55, 55, 55, 23, 23, 23, 23, 55, 55, 55, 55, 55, 55, 55, 55, 55, 55, 23, 23, 55, 55, 55, 55, 7, 39, 55, 23, 55, 7, 55, 55, 23, 23, 55, 55, 39, 55, 55, 55, 23, 23, 55, 55, 23, 55, 55, 55, 7, 7, 23, 55, 39, 55, 23, 39]",2,2.0,4,2.223669923995657,7.66564219702097,2.9967398514899535,5.582090958274774
266,-153.5,-49.5,-30.5,0.11,0.1,0.81,"[9, 9, 9, 9]","[24, 24, 24, 24, 24, 30, 24, 24, 30, 24, 24, 24, 24, 30, 24, 24, 30, 24, 24, 24, 24, 30, 30, 24, 30, 24, 24, 24, 24, 24, 30, 24, 30, 24, 24, 24, 24, 24, 30, 24, 30, 30, 24, 24, 24, 24, 30, 30, 24, 30, 24, 24, 24, 24, 30, 30, 24, 30, 30, 24, 24, 24, 24, 30]",1,1.0,2,1.7534246575342465,1.5343746344254736,4.283325557672921,2.8889824565065285
267,-152.4,-48.4,-29.4,0.15,0.11,1.84,"[4, 4, 4, 4]","[32, 32, 32, 32, 32, 32, 32, 32, 32, 32, 32, 32, 32, 32, 32, 32, 32, 32, 32, 32, 32, 32, 32, 32, 32, 32, 32, 32, 32, 32, 32, 32, 32, 32, 32, 32, 32, 32, 32, 32, 32, 32, 32, 32, 32, 32, 32, 32, 32, 32, 32, 32, 32, 32, 32, 32, 32, 32, 32, 32, 32, 32, 32, 32]",1,1.0,1,1.0,1.2885887973120855,4.101376773761454,2.458682439122705
268,-152.2,-48.2,-29.2,0.2,0.12,1.97,"[1, 1, 1, 1]","[32, 32, 32, 32, 32, 32, 32, 32, 32, 32, 32, 32, 32, 32, 32, 32, 32, 32, 32, 32, 32, 32, 32, 32, 32, 32, 32, 32, 32, 32, 32, 32, 32, 32, 32, 32, 32, 32, 32, 32, 32, 32, 32, 32, 32, 32, 32, 32, 32, 32, 32, 32, 32, 32, 32, 32, 32, 32, 32, 32, 32, 32, 32, 32]",1,1.0,1,1.0,1.5771281236772605,3.0819385329511055,2.807951726976679
269,-132.0,-28.0,-9.0,4.38,3.98,7.55,"[5, 5, 5, 5]","[17, 17, 17, 17, 17, 17, 17, 17, 17, 17, 17, 17, 17, 17, 17, 17, 17, 17, 17, 17, 17, 17, 17, 17, 17, 17, 17, 17, 17, 17, 17, 17, 17, 17, 17, 17, 17, 17, 17, 17, 17, 17, 17, 17, 17, 17, 17, 17, 17, 32, 32, 17, 17, 17, 17, 17, 17, 17, 17, 17, 17, 17, 17, 17]",1,1.0,2,1.0644490644490645,5.7572422839075905,3.310772735848019,5.740105075791511
270,-126.8,-22.8,-3.8,6.03,5.64,9.55,"[5, 5, 5, 5]","[16, 16, 32, 32, 32, 32, 32, 32, 16, 16, 16, 16, 16, 16, 16, 16, 32, 32, 32, 32, 32, 32, 32, 32, 16, 16, 16, 16, 16, 16, 16, 16, 32, 32, 32, 32, 32, 32, 32, 32, 16, 16, 16, 16, 16, 16, 16, 16, 32, 32, 32, 32, 32, 32, 32, 32, 16, 16, 16, 16, 16, 16, 16, 16]",1,1.0,2,1.9922178988326849,11.29653422763622,4.189839633851524,7.856687927555378
271,-150.9,-46.9,-27.9,0.37,0.2,1.84,"[5, 5, 5, 5]","[24, 24, 24, 24, 24, 24, 24, 24, 24, 24, 24, 24, 24, 24, 24, 24, 24, 24, 24, 24, 24, 24, 24, 24, 24, 24, 24, 24, 24, 24, 24, 24, 24, 24, 24, 24, 24, 24, 24, 24, 24, 24, 24, 24, 24, 24, 24, 24, 24, 24, 24, 24, 24, 24, 24, 24, 24, 24, 24, 24, 24, 24, 24, 24]",1,1.0,1,1.0,1.0032544952207756,2.5011173562224496,1.8622751147219119
272,-146.6,-42.6,-23.6,0.81,0.74,3.6,"[4, 4, 4, 4]","[24, 24, 24, 24, 24, 24, 24, 24, 24, 24, 24, 24, 24, 24, 24, 24, 24, 24, 24, 24, 24, 24, 24, 24, 24, 24, 24, 24, 24, 24, 24, 24, 24, 24, 24, 24, 24, 24, 24, 24, 24, 24, 24, 24, 24, 24, 24, 24, 24, 24, 24, 24, 24, 24, 24, 24, 24, 24, 24, 24, 24, 24, 24, 24]",1,1.0,1,1.0,0.5314043248784573,3.421831292299701,1.0502197433081586
273,-147.0,-43.0,-24.0,0.76,0.56,3.14,"[1, 1, 1, 1]","[24, 24, 24, 24, 24, 24, 24, 24, 24, 24, 24, 24, 24, 24, 24, 24, 24, 24, 24, 24, 24, 24, 24, 24, 24, 24, 24, 24, 24, 24, 24, 24, 24, 24, 24, 24, 24, 24, 24, 24, 24, 24, 24, 24, 24, 24, 24, 24, 24, 24, 24, 24, 24, 24, 24, 24, 24, 24, 24, 24, 24, 24, 24, 24]",1,1.0,1,1.0,0.8953454909239773,4.964753556841555,1.7622635275918141
274,-109.4,-5.4,13.6,12.34,11.77,21.93,"[0, 0, 0, 0]","[32, 32, 32, 32, 32, 32, 32, 32, 32, 32, 32, 32, 32, 32, 32, 32, 32, 32, 32, 32, 32, 32, 32, 32, 32, 32, 32, 32, 32, 32, 32, 32, 32, 32, 32, 32, 32, 32, 32, 32, 32, 32, 32, 32, 32, 32, 32, 32, 32, 32, 32, 32, 32, 32, 32, 32, 32, 32, 32, 32, 32, 32, 32, 32]",1,1.0,1,1.0,2.567627869261688,4.382798455790665,4.430879725169535
275,-109.7,-5.7,13.3,12.38,11.54,20.02,"[15, 15, 15, 15]","[47, 47, 47, 47, 47, 47, 47, 47, 47, 47, 47, 47, 47, 47, 47, 47, 47, 47, 47, 47, 47, 47, 47, 47, 47, 47, 47, 47, 47, 47, 47, 47, 47, 47, 47, 47, 47, 47, 47, 47, 47, 47, 47, 47, 47, 47, 47, 47, 47, 47, 47, 47, 47, 47, 47, 47, 47, 47, 47, 47, 47, 47, 47, 47]",1,1.0,1,1.0,3.467052780549242,6.971265083935078,6.208657337616074
276,-113.1,-9.1,9.9,14.64,12.6,21.31,"[15, 4, 15, 4]","[39, 39, 39, 39, 39, 39, 25, 25, 39, 39, 39, 25, 25, 25, 25, 25, 39, 39, 39, 39, 39, 39, 25, 25, 25, 25, 39, 39, 39, 39, 25, 25, 25, 25, 39, 39, 39, 39, 25, 25, 25, 25, 39, 39, 39, 39, 25, 25, 25, 25, 39, 39, 39, 39, 25, 25, 25, 25, 25, 39, 39, 39, 39, 25]",2,2.0,2,1.9825750242013553,2.902267456095235,6.985549557465439,5.360311892726693
277,-112.8,-8.8,10.2,14.71,12.08,20.35,"[3, 3, 5, 5]","[40, 40, 40, 40, 40, 24, 24, 24, 24, 24, 40, 40, 24, 24, 24, 24, 40, 24, 24, 40, 24, 24, 24, 24, 24, 24, 24, 40, 40, 24, 24, 24, 24, 24, 24, 40, 40, 24, 24, 24, 24, 24, 24, 40, 40, 24, 24, 24, 24, 24, 24, 40, 40, 24, 24, 24, 24, 24, 24, 24, 40, 24, 24, 24]",2,2.0,2,1.678688524590164,3.2391947021723695,8.060154658062698,6.0111340230755586
278,-112.1,-8.1,10.9,20.21,16.77,33.34,"[15, 5, 5, 5]","[32, 32, 32, 32, 32, 32, 32, 32, 32, 32, 32, 32, 32, 32, 32, 32, 32, 32, 32, 32, 32, 32, 32, 32, 32, 32, 32, 32, 32, 32, 32, 32, 32, 32, 32, 32, 32, 32, 32, 32, 32, 32, 32, 32, 32, 32, 32, 32, 32, 32, 32, 32, 32, 32, 32, 32, 32, 32, 32, 32, 32, 32, 32, 32]",2,1.6,1,1.0,1.3894135882666636,5.547085836887071,2.6955559751916733
279,-114.6,-10.6,8.4,13.51,11.7,22.52,"[12, 12, 4, 4]","[32, 32, 32, 32, 32, 32, 32, 32, 32, 32, 32, 32, 32, 32, 32, 32, 32, 32, 32, 32, 32, 32, 32, 32, 32, 32, 32, 32, 32, 32, 32, 32, 32, 32, 32, 32, 32, 32, 32, 32, 32, 32, 32, 32, 32, 32, 32, 32, 32, 32, 32, 32, 32, 32, 32, 32, 32, 32, 32, 32, 32, 32, 32, 32]",2,2.0,1,1.0,3.2469797281261625,6.555808299366563,5.819312519371189
280,-116.1,-12.1,6.9,12.49,10.48,20.97,"[12, 12, 5, 5]","[32, 32, 32, 32, 32, 32, 32, 32, 32, 32, 32, 32, 32, 32, 32, 32, 32, 32, 32, 32, 32, 32, 32, 32, 32, 32, 32, 32, 32, 32, 32, 32, 32, 32, 32, 32, 32, 32, 32, 32, 32, 32, 32, 32, 32, 32, 32, 32, 32, 32, 32, 32, 32, 32, 32, 32, 32, 32, 32, 32, 32, 32, 32, 32]",2,2.0,1,1.0,3.8167342462949962,9.099920209045505,7.039365546658799
283,-100.5,3.5,22.5,24.71,26.14,37.43,"[0, 0, 0, 0]","[56, 56, 56, 56, 56, 56, 56, 56, 56, 56, 56, 56, 56, 56, 56, 56, 56, 56, 56, 56, 56, 56, 56, 56, 56, 56, 56, 56, 56, 56, 56, 56, 56, 56, 56, 56, 56, 56, 56, 56, 56, 56, 56, 56, 56, 56, 56, 56, 56, 56, 56, 56, 56, 56, 56, 56, 56, 56, 56, 56, 56, 56, 56, 56]",1,1.0,1,1.0,0.5737520602654359,2.529479086669605,1.1190768655991827
288,-70.0,34.0,53.0,73.73,54.4,78.54,"[15, 4, 4, 15]","[7, 23, 7, 23, 7, 7, 7, 23, 7, 7, 7, 7, 7, 7, 7, 7, 7, 23, 7, 39, 55, 7, 55, 23, 55, 23, 7, 23, 7, 39, 55, 7, 23, 7, 23, 39, 55, 55, 39, 39, 55, 55, 7, 23, 55, 7, 7, 39, 7, 55, 39, 23, 23, 7, 7, 7, 39, 39, 23, 55, 23, 55, 55, 7]",2,2.0,4,3.330081300813008,0.2582113188591146,8.858580708483828,0.5162033971568049
289,-74.2,29.8,48.8,72.35,55.29,69.59,"[15, 4, 15, 4]","[15, 57, 15, 57, 15, 57, 57, 15, 15, 57, 15, 15, 15, 15, 15, 15, 57, 57, 15, 57, 57, 57, 57, 15, 15, 9, 9, 57, 15, 57, 15, 63, 15, 15, 9, 15, 57, 15, 57, 9, 9, 9, 15, 63, 63, 9, 57, 63, 15, 63, 9, 63, 15, 9, 57, 63, 57, 15, 15, 15, 57, 9, 9, 57]",2,2.0,4,3.287319422150883,0.27167939118285134,7.8964944543183,0.5430374784138826
290,-70.7,33.3,52.3,68.55,52.48,71.93,"[15, 4, 15, 4]","[0, 0, 0, 0, 0, 0, 0, 0, 0, 0, 0, 0, 0, 0, 0, 0, 0, 0, 55, 6, 0, 6, 0, 0, 0, 6, 6, 0, 0, 23, 0, 55, 23, 0, 55, 23, 23, 23, 55, 6, 55, 55, 0, 6, 23, 0, 55, 55, 55, 0, 0, 55, 55, 6, 23, 6, 23, 0, 55, 0, 23, 55, 0, 6]",2,2.0,4,2.8845070422535213,0.23507424814656291,7.120538525708424,0.46989249941917866
291,-70.8,33.2,52.2,55.51,43.04,89.35,"[3, 8, 3, 8]","[15, 15, 15, 56, 15, 15, 15, 56, 15, 15, 56, 15, 56, 15, 15, 8, 8, 8, 6, 8, 56, 15, 8, 15, 56, 8, 8, 6, 56, 6, 56, 6, 56, 6, 6, 8, 56, 6, 56, 56, 8, 15, 8, 15, 6, 56, 56, 8, 15, 8, 15, 15, 56, 8, 15, 6, 56, 6, 8, 15, 56, 15, 56, 15]",2,2.0,4,3.710144927536232,0.16875750867728048,4.551504372244326,0.3372832608711361
292,-71.8,32.2,51.2,44.96,36.9,65.16,"[8, 0, 8, 0]","[0, 0, 0, 0, 0, 0, 6, 0, 0, 56, 0, 56, 0, 56, 8, 8, 0, 56, 0, 0, 6, 0, 0, 6, 56, 56, 6, 56, 6, 8, 0, 0, 6, 56, 56, 56, 6, 6, 0, 6, 6, 56, 56, 0, 8, 56, 8, 6, 6, 6, 56, 56, 56, 56, 0, 6, 0, 0, 56, 6, 6, 0, 56, 6]",2,2.0,4,3.4019933554817277,0.19330228833812305,5.560505793264937,0.38637118305838386
293,-75.3,28.7,47.7,37.0,29.82,64.87,"[15, 7, 15, 15]","[7, 7, 7, 7, 7, 7, 7, 7, 7, 7, 7, 7, 7, 7, 7, 7, 7, 55, 5, 5, 7, 7, 7, 7, 1, 1, 7, 7, 1, 55, 5, 55, 55, 5, 55, 7, 1, 55, 1, 7, 55, 7, 7, 5, 55, 5, 1, 5, 55, 7, 7, 55, 7, 7, 55, 55, 1, 55, 7, 1, 5, 5, 7, 1]",2,1.6,4,2.8845070422535213,0.23082825377766045,5.916416412535378,0.461305550499434
294,-75.7,28.3,47.3,37.49,30.08,44.69,"[11, 3, 11, 3]","[56, 56, 56, 56, 56, 56, 56, 56, 56, 56, 56, 56, 56, 56, 56, 56, 56, 56, 56, 56, 56, 56, 56, 8, 56, 6, 58, 56, 56, 6, 56, 58, 58, 6, 6, 8, 6, 58, 56, 8, 56, 6, 56, 6, 8, 58, 58, 58, 6, 6, 6, 58, 6, 56, 56, 56, 6, 6, 6, 6, 56, 58, 8, 58]",2,2.0,4,2.7197875166002654,0.15434087137144553,4.144505729978348,0.3084679239225293
295,-79.2,24.8,43.8,39.68,30.91,49.7,"[12, 7, 12, 12]","[63, 63, 63, 63, 63, 63, 8, 63, 8, 63, 63, 63, 14, 63, 63, 63, 8, 63, 63, 8, 8, 63, 63, 63, 63, 63, 63, 63, 8, 63, 63, 63, 63, 63, 8, 63, 63, 8, 63, 63, 63, 8, 63, 8, 8, 8, 31, 31, 63, 8, 8, 63, 63, 14, 63, 63, 8, 14, 14, 31, 8, 63, 63, 31]",2,1.6,4,2.169491525423729,0.0962437573973542,2.304801645237362,0.1923199112944324
296,-79.5,24.5,43.5,30.57,25.79,38.69,"[11, 0, 0, 11]","[56, 56, 56, 56, 56, 56, 56, 56, 56, 56, 56, 56, 56, 56, 56, 56, 56, 56, 56, 56, 56, 56, 56, 56, 56, 56, 62, 56, 58, 62, 62, 62, 62, 56, 58, 4, 56, 58, 4, 56, 56, 58, 58, 58, 56, 58, 58, 4, 58, 58, 56, 62, 56, 58, 56, 62, 4, 56, 4, 56, 4, 56, 62, 4]",2,2.0,4,2.441001191895113,5.683624864119714,7.695070228349203,9.143562683261308
297,-83.8,20.2,39.2,31.42,26.25,39.9,"[12, 7, 12, 5]","[63, 63, 63, 63, 63, 63, 63, 63, 63, 63, 63, 8, 8, 63, 63, 63, 8, 8, 8, 8, 8, 63, 8, 63, 63, 63, 63, 63, 8, 8, 63, 63, 8, 31, 63, 63, 63, 63, 63, 63, 47, 63, 8, 8, 8, 47, 63, 63, 63, 31, 47, 8, 63, 8, 63, 63, 63, 8, 8, 8, 63, 47, 47, 63]",3,2.6666666666666665,4,2.2333696837513632,6.099912688602329,2.5505836315906842,4.706313613507102
298,-84.9,19.1,38.1,27.18,23.94,31.81,"[12, 4, 12, 4]","[48, 48, 48, 48, 48, 48, 48, 48, 48, 48, 48, 48, 48, 48, 48, 48, 54, 52, 48, 48, 48, 54, 48, 54, 48, 54, 54, 50, 48, 54, 48, 54, 54, 54, 54, 48, 48, 52, 48, 54, 52, 54, 52, 48, 48, 52, 54, 54, 50, 48, 48, 50, 48, 54, 52, 48, 54, 50, 54, 48, 48, 52, 52, 50]",2,2.0,4,2.6701434159061277,6.220695011589661,3.4335057031249203,6.012030329194437
306,-152.0,-48.0,-29.0,0.15,0.08,0.93,"[1, 1, 1, 1]","[39, 39, 39, 39, 39, 39, 39, 39, 39, 39, 39, 39, 39, 39, 39, 39, 39, 39, 39, 39, 39, 39, 39, 39, 39, 39, 39, 39, 39, 39, 39, 39, 39, 39, 39, 39, 39, 39, 39, 39, 39, 39, 39, 39, 39, 39, 39, 39, 39, 39, 39, 39, 39, 39, 39, 39, 39, 39, 39, 39, 39, 39, 39, 39]",1,1.0,1,1.0,1.4592755991153101,4.538608065268123,2.7784660977153646
307,-134.8,-30.8,-11.8,3.41,3.07,8.91,"[1, 1, 1, 1]","[33, 33, 33, 33, 33, 33, 33, 33, 33, 33, 33, 33, 33, 33, 33, 33, 33, 33, 33, 33, 33, 33, 33, 33, 33, 33, 33, 33, 33, 33, 33, 33, 33, 33, 33, 33, 33, 33, 33, 33, 33, 33, 33, 33, 33, 33, 33, 33, 33, 33, 33, 33, 33, 33, 33, 33, 33, 33, 33, 33, 33, 33, 33, 33]",1,1.0,1,1.0,7.655794816232383,6.638630718679196,10.031141075239585
308,-116.1,-12.1,6.9,9.57,9.94,16.44,"[4, 4, 4, 4]","[25, 25, 25, 25, 25, 25, 25, 25, 25, 25, 25, 25, 25, 25, 25, 25, 25, 25, 25, 25, 25, 25, 25, 25, 25, 25, 25, 25, 25, 25, 25, 25, 25, 25, 25, 25, 25, 25, 25, 25, 25, 25, 25, 25, 25, 25, 25, 25, 25, 25, 25, 25, 25, 25, 25, 25, 25, 25, 25, 25, 25, 25, 25, 25]",1,1.0,1,1.0,11.880731347063055,3.4620745516596823,6.647655018632862
309,-114.7,-10.7,8.3,12.42,12.04,21.03,"[5, 5, 5, 5]","[32, 32, 32, 32, 32, 32, 32, 32, 32, 32, 32, 32, 32, 32, 32, 32, 32, 32, 32, 32, 32, 32, 32, 32, 32, 32, 32, 32, 32, 32, 32, 32, 32, 32, 32, 32, 32, 32, 32, 32, 32, 32, 32, 32, 32, 32, 32, 32, 34, 32, 32, 32, 32, 32, 32, 32, 32, 32, 32, 32, 32, 32, 32, 32]",1,1.0,2,1.0317380352644836,0.4519851912289041,8.356742592933545,0.9026510720068042
310,-130.5,-26.5,-7.5,4.77,4.48,9.44,"[1, 1, 1, 1]","[32, 32, 32, 32, 32, 32, 32, 32, 32, 32, 32, 32, 32, 32, 32, 32, 32, 32, 32, 32, 32, 32, 32, 32, 17, 17, 32, 17, 17, 17, 32, 17, 17, 32, 32, 32, 17, 32, 32, 32, 17, 32, 32, 32, 17, 17, 32, 32, 17, 32, 32, 17, 17, 32, 32, 32, 32, 32, 32, 32, 17, 17, 32, 32]",1,1.0,2,1.6,7.179822965604174,4.7996509619227155,7.980374137697578
311,-147.6,-43.6,-24.6,0.69,0.71,3.37,"[0, 0, 0, 0]","[24, 24, 24, 24, 24, 24, 24, 24, 24, 24, 24, 24, 24, 24, 24, 24, 24, 24, 24, 24, 24, 24, 24, 24, 24, 24, 24, 24, 24, 24, 24, 24, 24, 24, 24, 24, 24, 24, 24, 24, 24, 24, 24, 24, 24, 24, 24, 24, 24, 24, 24, 24, 24, 24, 24, 24, 24, 24, 24, 24, 24, 24, 24, 24]",1,1.0,1,1.0,0.5405693810490918,3.352027476306106,1.0673486579122213
312,-147.5,-43.5,-24.5,0.71,0.62,3.82,"[4, 4, 4, 4]","[33, 33, 33, 33, 33, 33, 33, 33, 33, 33, 33, 33, 33, 33, 33, 33, 33, 33, 33, 33, 33, 33, 33, 33, 33, 33, 33, 33, 33, 33, 33, 33, 33, 33, 33, 33, 33, 33, 33, 33, 33, 33, 33, 33, 33, 33, 33, 33, 33, 33, 33, 33, 33, 33, 33, 33, 33, 33, 33, 33, 33, 33, 33, 33]",1,1.0,1,1.0,0.8270909167284336,4.6749070942413,1.6288852563315217
313,-107.8,-3.8,15.2,12.81,12.58,22.01,"[12, 12, 12, 12]","[32, 32, 32, 32, 32, 32, 32, 32, 32, 32, 32, 32, 32, 32, 32, 32, 32, 32, 32, 32, 32, 32, 32, 32, 32, 32, 32, 32, 32, 32, 32, 32, 32, 32, 32, 32, 32, 32, 32, 32, 32, 32, 32, 32, 32, 32, 32, 32, 32, 32, 32, 32, 32, 32, 32, 32, 32, 32, 32, 32, 32, 32, 32, 32]",1,1.0,1,1.0,3.8129586749182125,6.698948797757342,6.62753877697154
314,-110.2,-6.2,12.8,12.0,11.39,18.06,"[0, 0, 0, 0]","[32, 32, 32, 32, 32, 32, 32, 32, 32, 32, 32, 32, 32, 32, 32, 32, 32, 32, 32, 32, 32, 32, 32, 32, 32, 32, 32, 32, 32, 32, 32, 32, 32, 32, 32, 32, 32, 32, 32, 32, 38, 32, 32, 32, 32, 32, 32, 38, 15, 38, 32, 32, 32, 32, 38, 32, 38, 32, 32, 32, 32, 32, 32, 38]",1,1.0,3,1.2465003043213634,3.212185676225332,7.3608141683848,5.888132427028044
315,-145.1,-41.1,-22.1,1.04,1.07,4.04,"[4, 4, 4, 4]","[25, 25, 25, 25, 25, 25, 25, 25, 25, 25, 25, 25, 25, 25, 25, 25, 25, 25, 25, 25, 25, 25, 25, 25, 25, 25, 25, 25, 25, 25, 25, 25, 25, 25, 25, 25, 25, 25, 25, 25, 25, 25, 25, 25, 25, 25, 25, 25, 25, 25, 25, 25, 25, 25, 25, 25, 25, 25, 25, 25, 25, 25, 25, 25]",1,1.0,1,1.0,0.9804628294486177,4.774259995411668,1.9208387312752933
316,-145.4,-41.4,-22.4,1.01,1.01,3.87,"[4, 4, 4, 4]","[25, 25, 25, 25, 25, 25, 25, 25, 25, 25, 25, 25, 25, 25, 25, 25, 25, 25, 25, 25, 25, 25, 25, 25, 25, 25, 25, 25, 25, 25, 25, 25, 25, 25, 25, 25, 25, 25, 25, 25, 25, 25, 25, 25, 25, 25, 25, 25, 25, 25, 25, 25, 25, 25, 25, 25, 25, 25, 25, 25, 25, 25, 25, 25]",1,1.0,1,1.0,0.2241484829969704,1.575004961909054,0.44382491323565954
317,-114.1,-10.1,8.9,14.28,12.54,21.83,"[12, 4, 12, 4]","[39, 39, 39, 39, 39, 39, 25, 25, 39, 39, 39, 25, 25, 25, 25, 25, 39, 39, 39, 39, 39, 25, 25, 25, 25, 39, 39, 39, 39, 25, 39, 25, 25, 39, 39, 39, 39, 39, 25, 25, 25, 39, 39, 39, 39, 39, 39, 39, 39, 39, 39, 39, 39, 39, 39, 39, 39, 39, 39, 25, 39, 39, 39, 39]",2,2.0,2,1.678688524590164,1.9573805991540614,8.105201157433871,3.805367662340762
318,-113.3,-9.3,9.7,14.12,12.1,20.03,"[0, 0, 0, 0]","[47, 47, 47, 47, 47, 47, 47, 33, 47, 47, 33, 33, 33, 33, 47, 63, 33, 47, 33, 47, 33, 33, 33, 33, 33, 47, 47, 33, 33, 33, 33, 33, 33, 47, 47, 47, 47, 33, 33, 33, 33, 33, 47, 47, 47, 33, 33, 33, 33, 33, 33, 47, 47, 47, 33, 33, 33, 33, 33, 47, 47, 47, 33, 33]",1,1.0,3,2.0217176702862782,2.0842944645462462,7.721097317209037,4.024529686945922
319,-113.5,-9.5,9.5,18.54,14.95,25.45,"[3, 3, 3, 3]","[40, 40, 40, 40, 40, 40, 24, 24, 24, 40, 40, 40, 40, 24, 24, 24, 24, 24, 40, 40, 40, 40, 24, 24, 24, 24, 40, 40, 40, 40, 24, 24, 24, 24, 38, 40, 24, 38, 38, 40, 38, 56, 40, 40, 40, 24, 24, 24, 24, 24, 24, 24, 24, 24, 24, 24, 24, 24, 24, 24, 24, 24, 24, 24]",1,1.0,4,2.223669923995657,1.8588710948464884,6.220009740911794,3.562073325833453
320,-113.2,-9.2,9.8,18.99,15.89,32.83,"[1, 1, 15, 1]","[32, 32, 32, 32, 32, 32, 32, 32, 32, 32, 32, 32, 32, 32, 32, 32, 32, 32, 32, 32, 32, 32, 32, 32, 32, 32, 32, 32, 32, 32, 32, 32, 32, 32, 32, 32, 32, 32, 32, 32, 32, 32, 32, 32, 32, 32, 32, 32, 32, 32, 32, 32, 32, 32, 32, 32, 32, 32, 32, 32, 32, 32, 32, 32]",2,1.6,1,1.0,2.18741184456061,8.54966517970911,4.238306717228646
328,-69.2,34.8,53.8,70.98,54.98,74.27,"[12, 5, 12, 5]","[8, 8, 8, 8, 8, 8, 8, 8, 8, 8, 6, 8, 12, 8, 6, 8, 12, 8, 8, 22, 22, 12, 12, 8, 6, 8, 8, 8, 22, 6, 12, 8, 22, 6, 12, 12, 22, 6, 8, 8, 12, 8, 12, 8, 6, 6, 12, 12, 6, 8, 6, 8, 12, 8, 8, 8, 6, 12, 8, 8, 22, 8, 12, 22]",2,2.0,4,2.9467625899280576,0.16877453321666752,5.91205857288976,0.3374116059268052
329,-70.1,33.9,52.9,69.58,52.2,74.53,"[15, 5, 5, 15]","[8, 8, 8, 8, 8, 8, 8, 8, 8, 14, 8, 2, 8, 8, 8, 2, 8, 14, 2, 18, 14, 8, 14, 8, 14, 18, 14, 2, 8, 2, 18, 2, 14, 8, 8, 18, 2, 14, 2, 18, 8, 2, 8, 14, 8, 14, 14, 2, 2, 2, 14, 8, 2, 8, 8, 14, 2, 18, 18, 8, 14, 2, 18, 18]",2,2.0,4,3.4770797962648556,0.19669901226408873,7.818230456264985,0.3932735777986742
330,-69.4,34.6,53.6,73.35,53.53,89.79,"[0, 11, 0, 11]","[7, 7, 7, 7, 7, 7, 7, 7, 7, 7, 7, 7, 7, 7, 7, 55, 39, 23, 7, 39, 7, 7, 23, 23, 7, 7, 7, 23, 55, 23, 23, 39, 7, 23, 55, 7, 55, 23, 23, 7, 39, 7, 39, 23, 55, 55, 7, 7, 39, 39, 7, 23, 39, 7, 23, 23, 23, 55, 55, 7, 23, 39, 7, 39]",2,2.0,4,3.034074074074074,0.12459927165439315,4.320179537580026,0.24909496422069066
331,-72.0,32.0,51.0,48.99,37.87,64.71,"[12, 7, 12, 5]","[7, 7, 7, 7, 7, 7, 7, 7, 7, 7, 7, 7, 56, 56, 7, 56, 56, 23, 7, 23, 56, 7, 23, 56, 56, 56, 23, 7, 7, 55, 55, 56, 55, 56, 7, 56, 55, 55, 55, 56, 55, 23, 7, 23, 56, 55, 56, 23, 55, 7, 55, 55, 23, 7, 55, 7, 23, 23, 7, 56, 7, 7, 56, 23]",3,2.6666666666666665,4,3.574171029668412,0.17304910622722952,4.548610887703874,0.34584801701985807
332,-72.3,31.7,50.7,47.17,38.88,55.98,"[8, 0, 8, 0]","[8, 8, 8, 8, 8, 8, 8, 8, 8, 8, 8, 8, 8, 8, 8, 8, 8, 8, 56, 14, 8, 56, 56, 8, 56, 14, 8, 2, 8, 8, 8, 8, 2, 8, 14, 56, 56, 8, 2, 14, 8, 2, 56, 56, 2, 8, 14, 14, 2, 14, 2, 56, 56, 14, 14, 2, 8, 8, 14, 56, 2, 2, 8, 14]",2,2.0,4,2.998535871156662,0.16809665992009873,5.145133096014752,0.3360140379088021
333,-74.2,29.8,48.8,48.92,38.96,54.09,"[12, 4, 12, 4]","[0, 0, 0, 0, 0, 0, 0, 0, 0, 0, 0, 0, 6, 0, 0, 0, 0, 0, 6, 0, 0, 6, 58, 0, 0, 58, 60, 0, 6, 58, 6, 6, 6, 60, 60, 58, 0, 6, 6, 60, 6, 6, 6, 60, 60, 0, 0, 6, 58, 0, 6, 58, 6, 0, 6, 6, 0, 58, 60, 60, 0, 6, 6, 6]",2,2.0,4,3.0251107828655837,0.192994939999937,4.004380194073887,0.3855423611197435
334,-73.8,30.2,49.2,40.65,34.1,50.64,"[12, 4, 12, 12]","[56, 56, 56, 56, 56, 56, 56, 56, 56, 15, 56, 15, 56, 62, 15, 15, 56, 15, 62, 15, 62, 56, 15, 15, 56, 62, 56, 62, 62, 56, 62, 56, 56, 58, 58, 56, 15, 56, 62, 56, 58, 58, 58, 15, 15, 56, 15, 15, 15, 58, 15, 58, 56, 62, 15, 58, 58, 56, 62, 56, 58, 15, 15, 58]",2,1.6,4,3.500854700854701,0.19152629075722896,4.300166724228786,0.382673206221033
335,-77.9,26.1,45.1,33.89,28.23,42.43,"[12, 4, 12, 12]","[56, 56, 56, 56, 56, 56, 56, 56, 56, 56, 56, 56, 56, 56, 56, 56, 62, 62, 56, 62, 56, 56, 56, 56, 62, 62, 56, 62, 56, 62, 60, 58, 58, 60, 62, 62, 56, 58, 62, 56, 56, 56, 62, 62, 62, 60, 58, 56, 60, 60, 58, 62, 60, 56, 56, 56, 62, 56, 62, 62, 62, 56, 56, 58]",2,1.6,4,2.6391752577319587,0.09826150817555795,2.0986698683368186,0.19630796177099205
336,-82.1,21.9,40.9,27.13,23.42,33.54,"[12, 12, 12, 12]","[7, 7, 7, 7, 7, 7, 7, 7, 7, 7, 7, 7, 7, 7, 7, 7, 7, 7, 7, 7, 7, 7, 7, 48, 7, 7, 7, 54, 7, 7, 48, 7, 7, 39, 54, 7, 54, 7, 48, 7, 39, 7, 39, 7, 39, 7, 7, 7, 48, 48, 54, 7, 39, 54, 48, 54, 54, 54, 7, 39, 39, 7, 39, 7]",1,1.0,4,2.12448132780083,6.405383090598131,4.928082703257047,7.8117233376236275
337,-82.7,21.3,40.3,29.47,24.68,38.37,"[11, 3, 11, 3]","[63, 63, 63, 63, 63, 63, 63, 63, 63, 63, 63, 63, 63, 63, 63, 63, 63, 63, 63, 63, 6, 7, 63, 63, 63, 63, 7, 55, 7, 63, 63, 55, 7, 55, 63, 63, 55, 6, 63, 63, 63, 7, 7, 7, 55, 63, 55, 55, 7, 63, 63, 63, 6, 7, 63, 55, 6, 63, 6, 7, 55, 55, 63, 7]",2,2.0,4,2.4236686390532545,5.972880580433333,4.460993105937916,7.148298289168605
338,-86.0,18.0,37.0,25.54,23.0,31.93,"[12, 4, 12, 4]","[55, 55, 55, 55, 55, 55, 55, 55, 55, 55, 55, 55, 55, 55, 55, 55, 55, 55, 55, 55, 55, 48, 55, 55, 55, 55, 55, 55, 55, 54, 55, 55, 55, 54, 48, 48, 48, 48, 48, 48, 55, 54, 60, 48, 48, 48, 55, 55, 55, 55, 54, 55, 48, 55, 55, 55, 60, 55, 54, 55, 60, 55, 54, 48]",2,2.0,4,2.0098135426889105,1.9690981969243544,4.7965112230217954,3.643149229463703
346,-103.8,0.2,19.2,16.34,17.94,27.27,"[5, 5, 5, 5]","[33, 33, 33, 33, 33, 33, 33, 33, 33, 33, 33, 33, 33, 33, 33, 33, 33, 33, 33, 33, 33, 33, 33, 33, 33, 33, 33, 33, 33, 33, 33, 33, 33, 33, 33, 33, 33, 33, 33, 33, 33, 33, 33, 33, 33, 33, 33, 33, 33, 33, 33, 33, 33, 33, 33, 33, 33, 33, 33, 33, 33, 33, 33, 33]",1,1.0,1,1.0,17.714816805286176,9.986014675051349,17.398131438897373
347,-135.2,-31.2,-12.2,3.22,3.52,9.88,"[4, 4, 4, 4]","[33, 33, 33, 33, 33, 33, 33, 33, 33, 33, 33, 33, 33, 33, 33, 33, 33, 33, 33, 33, 33, 33, 33, 33, 33, 33, 33, 33, 33, 33, 33, 33, 33, 33, 33, 33, 33, 33, 33, 33, 33, 33, 33, 33, 33, 33, 33, 33, 33, 33, 33, 33, 33, 33, 33, 33, 33, 33, 33, 33, 33, 33, 33, 33]",1,1.0,1,1.0,8.146571073701992,8.074690919413639,11.469826519729098
348,-128.0,-24.0,-5.0,5.53,5.32,9.61,"[5, 5, 5, 5]","[16, 16, 16, 16, 16, 16, 16, 16, 16, 16, 16, 16, 16, 16, 16, 16, 16, 16, 16, 16, 16, 16, 16, 16, 16, 16, 16, 16, 16, 16, 16, 16, 16, 16, 16, 16, 16, 16, 16, 16, 16, 16, 16, 16, 16, 16, 16, 16, 16, 16, 16, 16, 16, 16, 16, 16, 16, 16, 16, 16, 16, 16, 16, 16]",1,1.0,1,1.0,2.637435841621929,4.8643989330106265,4.63713265585178
349,-115.9,-11.9,7.1,16.25,15.2,28.7,"[5, 5, 5, 5]","[33, 33, 33, 33, 33, 33, 33, 33, 33, 33, 33, 33, 33, 33, 33, 33, 33, 33, 33, 33, 33, 33, 33, 33, 33, 33, 33, 33, 33, 33, 33, 33, 33, 33, 33, 33, 33, 33, 33, 33, 33, 33, 33, 33, 33, 33, 33, 33, 33, 33, 33, 33, 33, 33, 33, 33, 33, 33, 33, 33, 33, 33, 33, 33]",1,1.0,1,1.0,0.5468344446891982,7.333979782628934,1.0906414048101474
350,-148.3,-44.3,-25.3,0.59,0.4,2.67,"[1, 1, 1, 1]","[24, 24, 24, 24, 24, 24, 24, 24, 24, 24, 24, 24, 24, 24, 24, 24, 24, 24, 24, 24, 24, 24, 24, 24, 24, 24, 24, 24, 24, 24, 24, 24, 24, 24, 24, 24, 24, 24, 24, 24, 24, 24, 24, 24, 24, 24, 24, 24, 24, 24, 24, 24, 24, 24, 24, 24, 24, 24, 24, 24, 24, 24, 24, 24]",1,1.0,1,1.0,0.5273312898402197,3.3868023320892457,1.0421063033325408
351,-108.6,-4.6,14.4,12.46,11.55,18.23,"[3, 3, 3, 3]","[32, 32, 32, 32, 32, 32, 32, 32, 32, 32, 32, 32, 32, 32, 32, 32, 32, 32, 32, 32, 32, 32, 32, 32, 32, 32, 32, 32, 32, 32, 32, 32, 32, 32, 32, 32, 32, 32, 32, 32, 32, 32, 32, 32, 32, 32, 32, 32, 32, 32, 32, 32, 32, 32, 32, 32, 32, 32, 32, 32, 32, 32, 32, 32]",1,1.0,1,1.0,3.8835166825751757,5.352616937579245,6.286669404512358
352,-107.0,-3.0,16.0,13.0,12.58,21.23,"[15, 15, 15, 15]","[32, 32, 32, 32, 32, 32, 32, 32, 32, 32, 32, 32, 32, 32, 32, 32, 32, 32, 32, 32, 32, 32, 32, 32, 32, 32, 32, 32, 32, 32, 32, 32, 32, 32, 32, 32, 32, 32, 32, 32, 32, 32, 32, 32, 32, 32, 32, 32, 32, 32, 32, 32, 32, 32, 32, 32, 32, 32, 38, 32, 32, 32, 32, 32]",1,1.0,2,1.0317380352644836,3.973864935338993,6.307112025557731,6.724322012699258
353,-109.9,-5.9,13.1,12.04,11.86,17.99,"[12, 12, 12, 12]","[47, 47, 47, 47, 47, 47, 47, 47, 47, 47, 47, 47, 47, 47, 47, 47, 47, 47, 47, 47, 47, 47, 47, 47, 47, 47, 47, 47, 47, 47, 47, 47, 47, 47, 47, 47, 47, 47, 47, 47, 47, 47, 47, 47, 47, 47, 47, 47, 47, 47, 47, 47, 47, 47, 47, 47, 47, 47, 47, 47, 47, 47, 47, 47]",1,1.0,1,1.0,2.8523940675265074,5.025575865526148,4.961356854651909
354,-145.9,-41.9,-22.9,0.92,0.68,3.28,"[1, 1, 1, 1]","[25, 25, 25, 25, 25, 25, 25, 25, 25, 25, 25, 25, 25, 25, 25, 25, 25, 25, 25, 25, 25, 25, 25, 25, 25, 25, 25, 25, 25, 25, 25, 25, 25, 25, 25, 25, 25, 25, 25, 25, 25, 25, 25, 25, 25, 25, 25, 25, 25, 25, 25, 25, 25, 25, 25, 25, 25, 25, 25, 25, 25, 25, 25, 25]",1,1.0,1,1.0,0.7610142278343045,3.3283178567940053,1.4837376067464008
355,-147.1,-43.1,-24.1,0.73,0.55,3.03,"[5, 5, 5, 5]","[25, 25, 25, 25, 25, 25, 25, 25, 25, 25, 25, 25, 25, 25, 25, 25, 25, 25, 25, 25, 25, 25, 25, 25, 25, 25, 25, 25, 25, 25, 25, 25, 25, 25, 25, 25, 25, 25, 25, 25, 25, 25, 25, 25, 25, 25, 25, 25, 25, 25, 25, 25, 25, 25, 25, 25, 25, 25, 25, 25, 25, 25, 25, 25]",1,1.0,1,1.0,0.6869492704644855,4.556560800219206,1.3585462756349367
356,-142.8,-38.8,-19.8,1.37,1.54,5.72,"[0, 0, 0, 0]","[33, 33, 33, 33, 33, 33, 33, 33, 33, 33, 33, 33, 33, 33, 33, 33, 33, 33, 33, 33, 33, 33, 33, 33, 33, 33, 33, 33, 33, 33, 33, 33, 33, 33, 33, 33, 33, 33, 33, 33, 33, 33, 33, 33, 33, 33, 33, 33, 33, 33, 33, 33, 33, 33, 33, 33, 33, 33, 33, 33, 33, 33, 33, 33]",1,1.0,1,1.0,0.6429969154451411,4.891296255322937,1.2750241489263383
357,-114.3,-10.3,8.7,10.58,10.14,17.94,"[0, 0, 0, 0]","[47, 47, 47, 47, 47, 47, 47, 47, 47, 47, 47, 47, 47, 47, 47, 47, 47, 47, 47, 47, 47, 47, 47, 47, 47, 47, 47, 47, 47, 47, 47, 47, 47, 47, 47, 47, 47, 47, 47, 47, 47, 47, 47, 47, 47, 47, 47, 47, 47, 47, 47, 47, 47, 47, 47, 47, 47, 47, 47, 47, 47, 47, 47, 47]",1,1.0,1,1.0,2.9883854933353216,8.373195775580225,5.6290103236232065
358,-116.4,-12.4,6.6,9.87,9.27,14.38,"[15, 15, 15, 15]","[47, 47, 47, 47, 47, 47, 47, 47, 47, 47, 47, 47, 47, 47, 47, 47, 47, 47, 47, 47, 47, 47, 47, 47, 47, 47, 47, 47, 47, 47, 47, 47, 47, 47, 47, 47, 47, 47, 47, 47, 47, 47, 47, 47, 47, 47, 47, 47, 47, 47, 47, 47, 47, 47, 47, 47, 47, 47, 47, 47, 47, 47, 47, 47]",1,1.0,1,1.0,3.045424225507834,3.792151905712907,4.74899613321891
359,-115.7,-11.7,7.3,13.29,11.54,22.26,"[12, 12, 4, 4]","[32, 32, 32, 32, 32, 32, 32, 32, 32, 32, 32, 32, 32, 32, 32, 32, 32, 32, 32, 32, 32, 32, 32, 32, 32, 32, 32, 32, 32, 32, 32, 32, 32, 32, 32, 32, 32, 32, 32, 32, 32, 32, 32, 32, 32, 32, 32, 32, 32, 32, 32, 32, 32, 32, 32, 32, 32, 32, 32, 32, 32, 32, 32, 32]",2,2.0,1,1.0,1.5830341655791098,6.6081807077620995,3.0789540859033093
360,-117.7,-13.7,5.3,11.98,10.71,21.16,"[0, 0, 0, 0]","[32, 32, 32, 32, 32, 32, 32, 32, 32, 32, 32, 32, 32, 32, 32, 32, 32, 32, 32, 32, 32, 32, 32, 32, 32, 32, 32, 32, 32, 32, 32, 32, 32, 32, 32, 32, 32, 32, 32, 32, 32, 32, 32, 32, 32, 32, 32, 32, 32, 32, 32, 32, 32, 32, 32, 32, 32, 32, 32, 32, 32, 32, 32, 32]",1,1.0,1,1.0,1.6485816352887928,9.757550841595894,3.2510876375101345
368,-70.7,33.3,52.3,71.28,56.29,82.51,"[12, 4, 12, 4]","[15, 56, 15, 56, 15, 56, 15, 56, 15, 15, 15, 15, 15, 15, 56, 56, 31, 9, 9, 9, 15, 15, 31, 31, 31, 15, 56, 31, 56, 31, 56, 9, 9, 56, 56, 15, 9, 15, 15, 15, 15, 9, 15, 31, 15, 9, 15, 56, 15, 15, 15, 56, 15, 9, 31, 9, 56, 9, 9, 56, 31, 15, 15, 9]",2,2.0,4,3.4019933554817277,0.25657130906696624,8.169627237407582,0.512889747339672
369,-71.7,32.3,51.3,63.77,51.26,73.59,"[12, 4, 12, 4]","[15, 56, 15, 15, 56, 15, 56, 15, 15, 56, 15, 56, 15, 15, 56, 56, 56, 9, 56, 9, 15, 56, 9, 15, 13, 15, 56, 56, 15, 56, 56, 56, 56, 9, 15, 15, 15, 15, 9, 15, 15, 56, 13, 15, 15, 13, 15, 9, 56, 15, 9, 15, 13, 9, 15, 13, 15, 15, 56, 13, 9, 13, 9, 9]",2,2.0,4,3.250793650793651,0.17128301296563325,3.895852941672085,0.3422354214604606
370,-70.7,33.3,52.3,52.38,39.39,73.65,"[15, 15, 5, 15]","[23, 23, 23, 23, 23, 23, 23, 23, 23, 23, 23, 23, 23, 0, 0, 0, 39, 0, 6, 0, 0, 0, 6, 23, 23, 39, 6, 6, 39, 6, 0, 23, 0, 23, 23, 39, 23, 0, 23, 6, 6, 23, 6, 23, 39, 23, 6, 6, 0, 0, 39, 6, 23, 23, 6, 23, 0, 6, 0, 39, 6, 0, 0, 23]",2,1.6,4,3.330081300813008,0.2811721572163624,6.118639911210391,0.5617514983405071
371,-71.0,33.0,52.0,53.6,42.85,79.32,"[12, 4, 12, 4]","[8, 8, 8, 8, 8, 8, 8, 8, 8, 8, 8, 8, 8, 8, 8, 8, 8, 8, 8, 8, 8, 8, 8, 8, 10, 8, 4, 14, 8, 8, 8, 8, 4, 4, 14, 10, 4, 10, 14, 4, 8, 8, 4, 8, 8, 8, 4, 14, 8, 8, 8, 8, 14, 10, 14, 4, 8, 14, 10, 14, 4, 8, 14, 10]",2,2.0,4,2.278086763070078,0.1495772639587925,4.496578870176796,0.29898915206969046
372,-71.2,32.8,51.8,46.42,36.76,63.79,"[12, 7, 12, 5]","[0, 0, 0, 0, 0, 0, 0, 0, 0, 0, 0, 0, 0, 0, 0, 0, 0, 6, 6, 6, 0, 0, 6, 4, 2, 2, 6, 2, 0, 0, 0, 4, 4, 6, 2, 0, 0, 6, 0, 0, 0, 4, 4, 6, 4, 6, 6, 4, 0, 2, 6, 0, 0, 6, 6, 4, 0, 0, 0, 0, 6, 0, 0, 2]",3,2.6666666666666665,4,2.5728643216080402,0.17662278524605565,5.533693701831788,0.35306577521309496
373,-70.3,33.7,52.7,46.53,37.51,57.86,"[11, 3, 11, 5]","[0, 0, 0, 0, 0, 0, 0, 14, 0, 14, 4, 0, 0, 0, 0, 0, 0, 14, 0, 62, 14, 14, 4, 4, 4, 62, 14, 0, 4, 0, 14, 0, 0, 62, 14, 62, 14, 62, 62, 4, 14, 4, 4, 14, 4, 4, 62, 4, 14, 0, 14, 62, 4, 14, 4, 14, 0, 4, 62, 14, 62, 14, 4, 14]",3,2.6666666666666665,4,3.757798165137615,0.14561517476886096,4.168184260967927,0.291052796222673
374,-73.0,31.0,50.0,37.85,32.62,47.66,"[12, 12, 12, 12]","[62, 56, 56, 56, 56, 56, 56, 56, 56, 8, 56, 56, 62, 56, 56, 14, 56, 56, 8, 62, 56, 56, 62, 8, 8, 56, 56, 62, 8, 8, 62, 8, 8, 62, 14, 8, 8, 8, 56, 8, 62, 62, 62, 56, 8, 8, 8, 8, 62, 8, 14, 62, 56, 14, 14, 8, 8, 56, 62, 56, 14, 14, 62, 56]",1,1.0,4,3.4653130287648053,0.1442424592936658,3.6986620217210247,0.2882657920279918
375,-75.8,28.2,47.2,36.51,30.14,44.48,"[12, 12, 12, 4]","[62, 62, 62, 62, 62, 62, 62, 62, 62, 62, 0, 62, 62, 62, 62, 0, 58, 62, 62, 62, 62, 0, 62, 0, 58, 0, 58, 4, 62, 0, 62, 62, 58, 0, 4, 62, 62, 4, 0, 58, 0, 0, 0, 58, 58, 4, 58, 62, 62, 62, 62, 58, 58, 4, 4, 58, 58, 0, 58, 58, 4, 0, 0, 4]",2,1.6,4,3.303225806451613,0.08672466963828396,1.7904057806626714,0.17324621510666666
376,-78.5,25.5,44.5,31.01,25.6,43.12,"[8, 3, 8, 8]","[63, 63, 63, 63, 63, 63, 63, 63, 63, 63, 63, 61, 47, 63, 63, 63, 63, 63, 57, 61, 63, 63, 63, 63, 63, 63, 63, 47, 63, 47, 57, 57, 63, 63, 63, 63, 47, 63, 57, 63, 57, 61, 63, 63, 57, 63, 57, 47, 47, 47, 47, 61, 61, 47, 47, 47, 63, 63, 61, 61, 57, 57, 47, 47]",2,1.6,4,2.6876640419947506,7.4591871360847275,7.240006413001559,10.390433415910058
377,-81.7,22.3,41.3,28.26,24.31,32.43,"[11, 3, 11, 3]","[62, 62, 62, 62, 62, 62, 62, 62, 62, 62, 62, 62, 62, 62, 62, 62, 62, 62, 62, 62, 62, 60, 56, 62, 62, 56, 60, 62, 58, 62, 56, 56, 56, 58, 56, 58, 56, 62, 60, 58, 56, 62, 62, 58, 58, 62, 58, 62, 60, 56, 56, 56, 62, 56, 62, 60, 56, 58, 56, 56, 58, 62, 58, 62]",2,2.0,4,2.7197875166002654,9.447238396679364,3.7277169809156865,6.935075810921634
378,-84.3,19.7,38.7,25.25,22.54,28.5,"[11, 3, 1, 11]","[62, 62, 62, 62, 62, 62, 62, 62, 62, 62, 62, 62, 62, 62, 62, 62, 62, 62, 62, 62, 62, 62, 62, 62, 48, 62, 62, 48, 62, 62, 62, 62, 62, 62, 62, 52, 52, 46, 52, 46, 46, 48, 46, 62, 62, 62, 48, 46, 62, 62, 48, 62, 62, 52, 52, 46, 46, 62, 52, 46, 62, 48, 62, 62]",3,2.6666666666666665,4,1.9768339768339769,2.9729552064303197,5.796291197837266,5.29059027252352
386,-103.9,0.1,19.1,20.52,21.38,35.39,"[0, 0, 0, 0]","[33, 33, 33, 33, 33, 33, 33, 33, 33, 33, 33, 33, 33, 33, 33, 33, 33, 33, 33, 33, 33, 33, 33, 33, 33, 33, 33, 33, 33, 33, 33, 33, 33, 33, 33, 33, 33, 33, 33, 33, 33, 33, 33, 33, 33, 33, 33, 33, 33, 33, 33, 33, 33, 33, 33, 33, 33, 33, 33, 33, 33, 33, 33, 33]",1,1.0,1,1.0,2.971876893967824,6.023676790100095,5.330324436635656
387,-104.3,-0.3,18.7,20.74,21.33,36.44,"[0, 0, 0, 0]","[33, 33, 33, 33, 33, 33, 33, 33, 33, 33, 33, 33, 33, 33, 33, 33, 33, 33, 33, 33, 33, 33, 33, 33, 33, 33, 33, 33, 33, 33, 33, 33, 33, 33, 33, 33, 33, 33, 33, 33, 33, 33, 33, 33, 33, 33, 33, 33, 33, 33, 33, 33, 33, 33, 33, 33, 33, 33, 33, 33, 33, 33, 33, 33]",1,1.0,1,1.0,1.9481041715516216,4.125423062062785,3.5231451691663174
388,-124.0,-20.0,-1.0,6.8,6.05,11.62,"[5, 5, 5, 5]","[24, 24, 24, 24, 24, 24, 24, 24, 24, 24, 24, 24, 24, 24, 24, 24, 24, 24, 24, 24, 24, 24, 24, 24, 24, 24, 24, 24, 24, 24, 24, 24, 24, 24, 24, 24, 24, 24, 24, 24, 24, 24, 24, 24, 24, 24, 24, 24, 24, 24, 24, 24, 24, 24, 24, 24, 24, 24, 24, 24, 24, 24, 24, 24]",1,1.0,1,1.0,4.878482309146779,6.427995287847672,7.772082023477556
389,-122.0,-18.0,1.0,7.56,7.39,14.78,"[1, 1, 1, 1]","[33, 33, 33, 33, 33, 33, 33, 33, 33, 33, 33, 33, 33, 33, 33, 33, 33, 33, 33, 33, 33, 33, 33, 33, 33, 33, 33, 33, 33, 33, 33, 33, 33, 33, 33, 33, 33, 33, 33, 33, 33, 33, 33, 33, 33, 33, 33, 33, 33, 33, 33, 33, 33, 33, 33, 33, 33, 33, 33, 33, 33, 33, 33, 33]",1,1.0,1,1.0,0.7666511474271878,4.18642909266424,1.508221170907924
390,-108.2,-4.2,14.8,20.21,18.16,27.94,"[0, 8, 0, 0]","[47, 47, 47, 47, 47, 47, 47, 56, 56, 56, 47, 47, 56, 56, 56, 56, 56, 47, 47, 47, 56, 56, 56, 56, 47, 47, 47, 47, 47, 56, 56, 56, 47, 56, 56, 47, 47, 56, 47, 47, 56, 56, 47, 47, 47, 47, 56, 56, 56, 47, 47, 47, 47, 47, 56, 56, 47, 47, 56, 47, 47, 56, 47, 47]",2,1.6,2,1.9523355576739752,0.7892130205799807,3.298666373246721,1.5351015760342896
391,-108.5,-4.5,14.5,20.76,18.81,30.85,"[3, 3, 3, 3]","[39, 39, 39, 39, 39, 33, 33, 33, 33, 39, 39, 39, 39, 39, 33, 33, 33, 39, 39, 39, 39, 39, 33, 33, 33, 33, 39, 39, 39, 39, 33, 33, 33, 33, 39, 39, 39, 39, 33, 39, 33, 33, 39, 39, 39, 39, 33, 33, 33, 33, 39, 39, 39, 39, 33, 33, 33, 33, 33, 39, 39, 39, 33, 33]",1,1.0,2,1.9825750242013553,2.610711334904175,4.191571221365475,4.432039082615645
392,-149.7,-45.7,-26.7,0.45,0.45,3.35,"[0, 0, 0, 0]","[33, 33, 33, 33, 33, 33, 33, 33, 33, 33, 33, 33, 33, 33, 33, 33, 33, 33, 33, 33, 33, 33, 33, 33, 33, 33, 33, 33, 33, 33, 33, 33, 33, 33, 33, 33, 33, 33, 33, 33, 33, 33, 33, 33, 33, 33, 33, 33, 33, 33, 33, 33, 33, 33, 33, 33, 33, 33, 33, 33, 33, 33, 33, 33]",1,1.0,1,1.0,0.48828446737744297,2.3768571454328726,0.9565921656602862
393,-147.6,-43.6,-24.6,0.61,0.36,3.08,"[5, 5, 5, 5]","[33, 33, 33, 33, 33, 33, 33, 33, 33, 33, 33, 33, 33, 33, 33, 33, 33, 33, 33, 33, 33, 33, 33, 33, 33, 33, 33, 33, 33, 33, 33, 33, 33, 33, 33, 33, 33, 33, 33, 33, 33, 33, 33, 33, 33, 33, 33, 33, 33, 33, 33, 33, 33, 33, 33, 33, 33, 33, 33, 33, 33, 33, 33, 33]",1,1.0,1,1.0,0.17394383473567804,1.0153495159779988,0.34289235557621733
394,-149.9,-45.9,-26.9,0.43,0.25,1.97,"[5, 5, 5, 5]","[25, 25, 25, 25, 25, 25, 25, 25, 25, 25, 25, 25, 25, 25, 25, 25, 25, 25, 25, 25, 25, 25, 25, 25, 25, 25, 25, 25, 25, 25, 25, 25, 25, 25, 25, 25, 25, 25, 25, 25, 25, 25, 25, 25, 25, 25, 25, 25, 25, 25, 25, 25, 25, 25, 25, 25, 25, 25, 25, 25, 25, 25, 25, 25]",1,1.0,1,1.0,0.6742948733413598,4.16738791692405,1.3312758448527469
395,-150.4,-46.4,-27.4,0.39,0.36,2.35,"[0, 0, 0, 0]","[25, 25, 25, 25, 25, 25, 25, 25, 25, 25, 25, 25, 25, 25, 25, 25, 25, 25, 25, 25, 25, 25, 25, 25, 25, 25, 25, 25, 25, 25, 25, 25, 25, 25, 25, 25, 25, 25, 25, 25, 25, 25, 25, 25, 25, 25, 25, 25, 25, 25, 25, 25, 25, 25, 25, 25, 25, 25, 25, 25, 25, 25, 25, 25]",1,1.0,1,1.0,0.9225140212404539,6.2140850332477555,1.8250267759235625
396,-122.0,-18.0,1.0,7.33,7.28,13.7,"[1, 1, 1, 1]","[24, 24, 24, 24, 24, 24, 24, 24, 24, 24, 24, 24, 24, 24, 24, 24, 24, 24, 24, 24, 24, 24, 24, 24, 24, 24, 24, 24, 24, 24, 24, 24, 24, 24, 24, 24, 24, 24, 24, 24, 24, 24, 24, 24, 24, 24, 24, 24, 24, 24, 24, 24, 24, 24, 24, 24, 24, 24, 24, 24, 24, 24, 24, 24]",1,1.0,1,1.0,0.24353444133978464,1.879945141380099,0.4830327416460935
397,-113.4,-9.4,9.6,15.46,13.56,22.41,"[3, 3, 3, 3]","[47, 47, 47, 24, 24, 24, 24, 24, 47, 24, 24, 24, 24, 24, 24, 24, 24, 24, 24, 24, 24, 24, 24, 24, 24, 24, 24, 24, 24, 24, 24, 24, 24, 24, 24, 24, 24, 24, 24, 24, 24, 24, 24, 24, 24, 24, 24, 24, 24, 24, 24, 24, 24, 24, 24, 24, 24, 24, 24, 24, 24, 24, 24, 24]",1,1.0,2,1.1327433628318584,2.7186828008270165,4.54706059091045,4.666822777883586
398,-116.7,-12.7,6.3,9.77,8.96,16.13,"[3, 3, 3, 3]","[32, 32, 32, 32, 32, 32, 32, 32, 32, 32, 32, 32, 32, 32, 32, 32, 32, 32, 32, 32, 32, 32, 32, 32, 32, 32, 32, 32, 32, 32, 32, 32, 32, 32, 32, 32, 32, 32, 32, 32, 32, 32, 32, 32, 32, 32, 32, 32, 32, 32, 32, 32, 32, 32, 32, 32, 32, 32, 32, 32, 32, 32, 32, 32]",1,1.0,1,1.0,2.4544913575354323,4.375297011884603,4.2813115447214996
399,-115.8,-11.8,7.2,14.75,14.43,23.87,"[0, 0, 0, 0]","[39, 39, 39, 39, 39, 39, 39, 39, 39, 39, 39, 39, 39, 39, 39, 25, 39, 39, 39, 39, 39, 39, 39, 39, 39, 39, 39, 39, 39, 39, 39, 39, 39, 39, 39, 39, 39, 39, 39, 39, 39, 39, 39, 39, 39, 39, 39, 39, 25, 39, 39, 39, 39, 39, 39, 39, 25, 39, 39, 39, 39, 39, 39, 39]",1,1.0,2,1.098123324396783,3.7250858835833296,7.222711788432403,6.621409449327421
400,-115.9,-11.9,7.1,17.6,15.2,29.08,"[12, 4, 12, 4]","[24, 24, 24, 24, 24, 24, 24, 24, 24, 24, 24, 24, 24, 24, 24, 24, 24, 24, 24, 24, 24, 24, 24, 24, 24, 24, 24, 24, 24, 24, 24, 24, 24, 24, 24, 24, 24, 24, 24, 24, 24, 24, 24, 24, 24, 24, 24, 24, 24, 24, 24, 24, 24, 24, 24, 24, 24, 24, 24, 24, 24, 24, 24, 24]",2,2.0,1,1.0,1.2108579239256245,7.055114799674249,2.3868175681042403
408,-68.0,36.0,55.0,64.41,50.27,96.08,"[11, 5, 3, 11]","[16, 7, 16, 7, 16, 16, 16, 16, 16, 16, 16, 16, 16, 7, 16, 16, 16, 16, 7, 7, 22, 7, 22, 22, 18, 16, 16, 22, 16, 16, 16, 16, 7, 18, 7, 16, 18, 16, 18, 22, 18, 22, 18, 18, 7, 7, 16, 7, 16, 22, 7, 7, 16, 22, 22, 16, 16, 7, 16, 7, 16, 7, 18, 16]",3,2.6666666666666665,4,3.0073421439060204,0.21048603665839782,4.478688222521601,0.4205079327752869
409,-66.9,37.1,56.1,61.66,51.78,105.3,"[12, 4, 12, 4]","[8, 8, 14, 8, 8, 8, 8, 8, 8, 10, 12, 8, 14, 8, 14, 8, 12, 14, 10, 8, 8, 8, 10, 12, 14, 12, 8, 12, 8, 8, 8, 14, 8, 8, 10, 14, 10, 14, 10, 10, 12, 10, 8, 8, 12, 10, 8, 8, 8, 8, 8, 12, 8, 12, 10, 14, 8, 12, 12, 14, 14, 12, 14, 12]",2,2.0,4,3.266347687400319,0.19839848315841288,5.855726117162171,0.3965694147538747
410,-67.6,36.4,55.4,49.7,39.87,130.41,"[15, 4, 15, 4]","[8, 8, 8, 8, 8, 8, 8, 8, 8, 8, 8, 10, 14, 8, 8, 8, 14, 12, 8, 10, 14, 8, 14, 14, 14, 14, 14, 8, 10, 8, 12, 8, 8, 14, 12, 10, 8, 8, 12, 14, 8, 8, 8, 14, 10, 8, 10, 10, 10, 8, 10, 14, 8, 8, 8, 8, 12, 14, 8, 8, 8, 8, 14, 14]",2,2.0,4,2.632390745501285,0.19909284100327287,5.564705228052489,0.3979310776039176
411,-69.1,34.9,53.9,55.78,43.27,103.16,"[12, 12, 7, 12]","[8, 8, 8, 8, 14, 8, 8, 14, 2, 8, 14, 8, 8, 8, 8, 8, 2, 12, 8, 12, 14, 8, 8, 8, 8, 14, 2, 8, 8, 8, 2, 2, 8, 8, 2, 2, 2, 12, 12, 14, 14, 8, 8, 14, 8, 12, 8, 12, 14, 2, 2, 2, 8, 12, 2, 14, 14, 12, 8, 12, 8, 8, 8, 14]",2,1.6,4,3.079699248120301,0.1455477175338673,3.6192905327264877,0.2908603403137178
412,-69.9,34.1,53.1,51.73,40.91,76.97,"[15, 7, 15, 9]","[14, 8, 8, 14, 8, 14, 8, 8, 14, 14, 8, 8, 14, 12, 8, 14, 14, 14, 8, 14, 8, 12, 12, 8, 14, 63, 14, 8, 8, 8, 14, 8, 14, 12, 8, 8, 63, 63, 12, 12, 8, 63, 12, 14, 63, 8, 12, 8, 8, 12, 14, 14, 12, 63, 14, 8, 63, 63, 14, 8, 12, 12, 14, 12]",3,2.6666666666666665,4,3.5249569707401034,0.1901835598877715,4.749201525866295,0.3800625016321956
413,-71.0,33.0,52.0,46.66,36.29,54.55,"[8, 3, 8, 3]","[6, 6, 6, 6, 6, 6, 6, 6, 6, 6, 8, 8, 6, 6, 6, 6, 2, 56, 8, 8, 2, 8, 2, 6, 2, 56, 8, 56, 8, 2, 2, 6, 2, 56, 56, 8, 56, 6, 8, 6, 6, 56, 2, 6, 6, 2, 6, 56, 56, 2, 8, 8, 56, 2, 6, 6, 56, 2, 6, 8, 6, 8, 8, 6]",2,2.0,4,3.4420168067226893,0.1728468619827793,4.633438939635823,0.3454534400924278
414,-73.7,30.3,49.3,41.81,36.03,56.82,"[11, 0, 11, 11]","[63, 63, 63, 63, 63, 63, 63, 63, 15, 15, 15, 63, 63, 63, 63, 63, 15, 63, 63, 31, 63, 15, 15, 47, 15, 63, 31, 47, 31, 63, 47, 63, 31, 47, 63, 15, 47, 47, 47, 31, 63, 63, 47, 15, 31, 15, 31, 47, 15, 63, 63, 47, 63, 63, 47, 31, 31, 15, 31, 63, 31, 63, 15, 31]",2,1.6,4,3.3628899835796386,1.4387989535561738,5.088417871888027,2.7690301478016197
415,-75.0,29.0,48.0,40.19,31.22,48.88,"[8, 3, 8, 10]","[63, 63, 63, 63, 63, 63, 63, 63, 63, 63, 15, 63, 63, 47, 63, 63, 63, 47, 63, 63, 63, 31, 63, 47, 63, 47, 63, 15, 63, 63, 63, 31, 47, 63, 63, 63, 63, 47, 63, 47, 15, 63, 47, 47, 31, 31, 63, 63, 63, 47, 63, 47, 15, 47, 15, 31, 63, 31, 47, 63, 63, 63, 63, 47]",3,2.6666666666666665,4,2.303712035995501,0.09402896262691786,1.7440703700974907,0.18778520874833518
416,-77.1,26.9,45.9,27.52,24.11,35.5,"[12, 12, 10, 12]","[62, 62, 62, 62, 62, 62, 62, 62, 62, 62, 62, 62, 62, 62, 62, 62, 48, 0, 62, 62, 48, 62, 4, 62, 48, 48, 48, 4, 62, 62, 0, 62, 62, 4, 4, 48, 4, 0, 4, 48, 48, 0, 0, 4, 4, 62, 62, 62, 62, 0, 0, 0, 62, 4, 48, 0, 0, 62, 4, 4, 62, 62, 62, 48]",2,1.6,4,2.9049645390070924,2.173565102224471,10.77432728270273,4.26128367708984
417,-82.3,21.7,40.7,31.19,26.31,36.52,"[15, 7, 15, 15]","[62, 62, 62, 62, 62, 62, 62, 62, 62, 62, 62, 62, 62, 62, 62, 62, 62, 62, 62, 56, 56, 62, 62, 60, 58, 58, 62, 62, 62, 60, 62, 56, 62, 56, 58, 62, 58, 62, 60, 62, 62, 62, 56, 56, 62, 56, 56, 62, 56, 56, 60, 58, 58, 56, 58, 58, 60, 60, 56, 56, 56, 58, 58, 62]",2,1.6,4,2.752688172043011,2.0463363161354393,4.182613976140007,3.676271737492101
418,-85.0,19.0,38.0,29.3,24.37,33.79,"[15, 7, 15, 1]","[54, 54, 54, 54, 54, 54, 54, 54, 54, 54, 54, 54, 54, 54, 54, 54, 54, 54, 54, 54, 54, 54, 54, 54, 54, 48, 46, 54, 54, 54, 54, 54, 54, 7, 7, 54, 7, 48, 7, 46, 54, 48, 54, 54, 54, 48, 54, 48, 54, 7, 54, 54, 48, 54, 48, 7, 7, 46, 7, 54, 54, 46, 46, 48]",3,2.6666666666666665,4,2.045954045954046,1.581675905101,3.90628911798611,2.932112960859672
426,-144.4,-40.4,-21.4,0.94,0.57,4.23,"[1, 8, 1, 8]","[33, 33, 33, 33, 33, 33, 33, 33, 33, 33, 33, 33, 33, 33, 33, 33, 33, 33, 33, 33, 33, 33, 33, 33, 33, 33, 33, 33, 33, 33, 33, 33, 33, 33, 33, 33, 33, 33, 33, 33, 33, 33, 33, 33, 33, 33, 33, 33, 33, 33, 33, 33, 33, 33, 33, 33, 33, 33, 33, 33, 33, 33, 33, 33]",2,2.0,1,1.0,0.847862292408429,4.0800727678975806,1.6602558701578742
427,-103.9,0.1,19.1,21.66,21.31,34.6,"[5, 5, 5, 5]","[25, 25, 25, 25, 25, 25, 25, 25, 25, 25, 25, 25, 25, 25, 25, 25, 25, 25, 25, 25, 25, 25, 25, 25, 25, 25, 25, 25, 25, 25, 25, 25, 25, 25, 25, 25, 25, 25, 25, 25, 25, 25, 25, 25, 25, 25, 25, 25, 25, 25, 25, 25, 25, 25, 25, 25, 25, 25, 25, 25, 25, 25, 25, 25]",1,1.0,1,1.0,0.6434959766302025,3.473290458043977,1.2654568427957535
428,-102.4,1.6,20.6,17.59,18.9,27.49,"[5, 5, 5, 5]","[24, 24, 24, 24, 24, 24, 24, 24, 24, 24, 24, 24, 24, 24, 24, 24, 24, 24, 24, 24, 24, 24, 24, 24, 24, 24, 24, 24, 24, 24, 24, 24, 24, 24, 24, 24, 24, 24, 24, 24, 24, 24, 24, 24, 24, 24, 24, 24, 24, 24, 24, 24, 24, 24, 24, 24, 24, 24, 24, 24, 24, 24, 24, 24]",1,1.0,1,1.0,0.7924684713673307,3.854045769625217,1.5524580802470243
429,-105.7,-1.7,17.3,13.44,12.33,19.55,"[3, 3, 3, 3]","[32, 32, 32, 32, 32, 32, 32, 32, 32, 32, 32, 32, 32, 32, 32, 32, 32, 32, 32, 32, 32, 32, 32, 32, 32, 32, 32, 32, 32, 32, 32, 32, 32, 32, 32, 32, 32, 32, 32, 32, 32, 32, 32, 32, 32, 32, 32, 32, 32, 32, 32, 32, 32, 32, 32, 32, 32, 32, 32, 32, 32, 32, 32, 32]",1,1.0,1,1.0,4.833248966276553,6.47977579957058,7.748429565962577
430,-108.2,-4.2,14.8,17.18,14.15,26.51,"[3, 11, 3, 3]","[32, 32, 32, 32, 32, 32, 32, 32, 32, 32, 32, 32, 32, 32, 32, 32, 32, 32, 32, 32, 32, 32, 32, 32, 32, 32, 32, 32, 32, 32, 32, 32, 32, 32, 32, 32, 32, 32, 32, 32, 32, 32, 32, 32, 32, 32, 32, 32, 32, 32, 32, 32, 32, 32, 32, 32, 32, 32, 32, 32, 32, 32, 32, 32]",2,1.6,1,1.0,2.973497595458999,6.194677084850997,5.361335529243664
431,-150.3,-46.3,-27.3,0.37,0.19,2.29,"[5, 5, 5, 5]","[33, 33, 33, 33, 33, 33, 33, 33, 33, 33, 33, 33, 33, 33, 33, 33, 33, 33, 33, 33, 33, 33, 33, 33, 33, 33, 33, 33, 33, 33, 33, 33, 33, 33, 33, 33, 33, 33, 33, 33, 33, 33, 33, 33, 33, 33, 33, 33, 33, 33, 33, 33, 33, 33, 33, 33, 33, 33, 33, 33, 33, 33, 33, 33]",1,1.0,1,1.0,0.25752242622925486,1.7344116928475155,0.509459744646284
432,-147.8,-43.8,-24.8,0.52,0.41,3.74,"[4, 4, 4, 4]","[33, 33, 33, 33, 33, 33, 33, 33, 33, 33, 33, 33, 33, 33, 33, 33, 33, 33, 33, 33, 33, 33, 33, 33, 33, 33, 33, 33, 33, 33, 33, 33, 33, 33, 33, 33, 33, 33, 33, 33, 33, 33, 33, 33, 33, 33, 33, 33, 33, 33, 33, 33, 33, 33, 33, 33, 33, 33, 33, 33, 33, 33, 33, 33]",1,1.0,1,1.0,6.329805557383875,3.7145456072862064,6.407307989566026
433,-151.0,-47.0,-28.0,0.34,0.17,1.58,"[5, 5, 5, 5]","[25, 25, 25, 25, 25, 25, 25, 25, 25, 25, 25, 25, 25, 25, 25, 25, 25, 25, 25, 25, 25, 25, 25, 25, 25, 25, 25, 25, 25, 25, 25, 25, 25, 25, 25, 25, 25, 25, 25, 25, 25, 25, 25, 25, 25, 25, 25, 25, 25, 25, 25, 25, 25, 25, 25, 25, 25, 25, 25, 25, 25, 25, 25, 25]",1,1.0,1,1.0,0.23042881381001326,1.3148922066878654,0.45393987600683716
434,-152.2,-48.2,-29.2,0.24,0.13,1.46,"[5, 5, 5, 5]","[24, 24, 24, 24, 24, 24, 24, 24, 24, 24, 24, 24, 24, 24, 24, 24, 24, 24, 24, 24, 24, 24, 24, 24, 24, 24, 24, 24, 24, 24, 24, 24, 24, 24, 24, 24, 24, 24, 24, 24, 24, 24, 24, 24, 24, 24, 24, 24, 24, 24, 24, 24, 24, 24, 24, 24, 24, 24, 24, 24, 24, 24, 24, 24]",1,1.0,1,1.0,0.7207024023485354,4.704889571100561,1.424785719219105
435,-150.8,-46.8,-27.8,0.24,0.23,2.7,"[0, 0, 0, 0]","[24, 24, 24, 24, 24, 24, 24, 24, 24, 24, 24, 24, 24, 24, 24, 24, 24, 24, 24, 24, 24, 24, 24, 24, 24, 24, 24, 24, 24, 24, 24, 24, 24, 24, 24, 24, 24, 24, 24, 24, 24, 24, 24, 24, 24, 24, 24, 24, 24, 24, 24, 24, 24, 24, 24, 24, 24, 24, 24, 24, 24, 24, 24, 24]",1,1.0,1,1.0,0.1345542316463377,0.9865945554102239,0.2666401105108781
436,-114.6,-10.6,8.4,10.47,9.63,15.04,"[3, 3, 3, 3]","[40, 40, 40, 40, 40, 40, 40, 40, 40, 40, 40, 40, 40, 40, 40, 40, 40, 40, 40, 40, 40, 40, 40, 40, 40, 40, 40, 40, 40, 40, 40, 40, 40, 40, 40, 40, 40, 40, 40, 40, 40, 40, 40, 40, 40, 40, 40, 40, 40, 40, 40, 40, 40, 40, 40, 40, 40, 40, 40, 40, 40, 40, 40, 40]",1,1.0,1,1.0,4.117781066766575,8.286611437267998,7.375175174242465
437,-113.5,-9.5,9.5,16.98,15.26,28.8,"[3, 3, 3, 1]","[32, 32, 32, 32, 32, 32, 32, 32, 32, 32, 32, 32, 32, 32, 32, 32, 32, 32, 32, 32, 32, 32, 32, 32, 32, 32, 32, 32, 32, 32, 32, 32, 32, 32, 32, 32, 32, 32, 32, 32, 32, 32, 32, 32, 32, 32, 32, 32, 32, 32, 32, 32, 32, 32, 32, 32, 32, 32, 32, 32, 32, 32, 32, 32]",2,1.6,1,1.0,1.3525162526442813,3.510769037828813,2.5241949150464102
438,-118.9,-14.9,4.1,9.04,8.59,13.4,"[0, 0, 0, 0]","[40, 40, 40, 40, 40, 40, 40, 40, 40, 40, 40, 40, 40, 40, 40, 40, 40, 40, 40, 40, 40, 40, 40, 40, 40, 40, 40, 40, 40, 40, 40, 40, 40, 40, 40, 40, 40, 40, 40, 40, 40, 40, 40, 40, 40, 40, 40, 40, 40, 40, 40, 40, 40, 40, 40, 40, 40, 40, 40, 40, 40, 40, 40, 40]",1,1.0,1,1.0,1.4489771855167535,2.3417046910486623,2.4643354621453195
439,-117.6,-13.6,5.4,9.5,8.9,13.69,"[15, 15, 15, 15]","[40, 40, 40, 40, 40, 40, 40, 40, 40, 40, 40, 40, 40, 40, 40, 40, 40, 40, 40, 40, 40, 40, 40, 40, 40, 40, 40, 40, 40, 40, 40, 40, 40, 40, 40, 40, 40, 40, 40, 40, 40, 40, 40, 40, 40, 40, 40, 40, 40, 40, 40, 40, 40, 40, 40, 40, 40, 40, 40, 40, 40, 40, 40, 40]",1,1.0,1,1.0,5.261045747846744,6.018795590176332,7.922202480785113
440,-119.3,-15.3,3.7,8.92,8.54,14.92,"[0, 0, 0, 0]","[39, 39, 39, 39, 39, 39, 39, 39, 39, 39, 39, 39, 39, 39, 39, 39, 39, 39, 39, 39, 39, 39, 39, 39, 39, 39, 39, 39, 39, 39, 39, 39, 39, 39, 39, 39, 39, 39, 39, 39, 39, 39, 39, 39, 39, 39, 39, 39, 39, 39, 39, 39, 39, 39, 39, 39, 39, 39, 39, 39, 39, 39, 39, 39]",1,1.0,1,1.0,5.642365214677401,4.938013900199279,7.431851911309906
441,-69.3,34.7,53.7,71.89,58.82,94.28,"[12, 4, 12, 4]","[24, 48, 24, 48, 24, 48, 24, 48, 48, 48, 23, 24, 24, 48, 24, 23, 48, 23, 24, 24, 23, 24, 48, 48, 23, 48, 48, 32, 24, 48, 48, 32, 48, 32, 48, 24, 23, 23, 32, 24, 23, 32, 23, 24, 48, 24, 48, 48, 23, 48, 23, 23, 23, 48, 24, 24, 24, 23, 23, 24, 24, 24, 32, 24]",2,2.0,4,3.45362563237774,1.843806719206115,10.970770309633409,3.636611269872666
442,-70.5,33.5,52.5,46.61,39.63,83.83,"[12, 4, 12, 12]","[24, 24, 24, 24, 24, 24, 24, 24, 24, 24, 26, 24, 24, 24, 30, 24, 24, 15, 24, 30, 30, 26, 26, 24, 15, 24, 15, 30, 26, 24, 24, 26, 30, 30, 30, 15, 26, 15, 15, 30, 30, 26, 26, 24, 24, 15, 30, 15, 26, 24, 30, 26, 26, 24, 30, 30, 15, 24, 15, 24, 26, 30, 30, 15]",2,1.6,4,3.5128644939965694,0.661761724199672,5.427337251316824,1.313793255707965
443,-70.1,33.9,52.9,45.34,38.27,83.57,"[0, 8, 0, 8]","[23, 23, 23, 23, 23, 23, 23, 23, 23, 17, 23, 7, 7, 23, 23, 23, 23, 23, 17, 17, 17, 23, 23, 7, 23, 23, 17, 17, 17, 39, 39, 7, 23, 7, 23, 7, 7, 23, 23, 23, 23, 17, 7, 17, 17, 7, 39, 23, 23, 7, 7, 23, 7, 39, 23, 7, 23, 23, 17, 17, 39, 23, 7, 17]",2,2.0,4,2.896746817538897,0.6983738970833525,6.824356221267417,1.389490984133186
444,-68.6,35.4,54.4,66.6,56.66,73.4,"[0, 8, 0, 8]","[31, 63, 31, 31, 47, 31, 31, 47, 31, 47, 47, 47, 47, 47, 31, 15, 31, 15, 15, 15, 63, 47, 31, 47, 47, 31, 47, 31, 31, 31, 31, 47, 63, 15, 47, 15, 15, 63, 15, 31, 31, 15, 15, 47, 47, 63, 63, 31, 63, 47, 63, 15, 47, 31, 47, 63, 31, 31, 63, 31, 47, 31, 63, 15]",2,2.0,4,3.69009009009009,1.1485858842446708,5.814763993009184,2.25362668618531
445,-67.1,36.9,55.9,69.79,54.74,77.77,"[15, 1, 9, 1]","[31, 56, 31, 56, 31, 56, 56, 56, 31, 56, 31, 31, 31, 31, 56, 56, 31, 56, 31, 31, 47, 31, 47, 56, 56, 56, 56, 56, 31, 15, 56, 47, 31, 31, 31, 56, 56, 31, 15, 56, 31, 47, 15, 56, 47, 56, 56, 15, 15, 47, 15, 15, 47, 31, 31, 31, 31, 47, 47, 56, 47, 31, 15, 47]",3,2.6666666666666665,4,3.4190317195325544,1.2997152689292648,5.289604076645842,2.524344812129325
446,-68.5,35.5,54.5,68.98,60.1,78.61,"[0, 8, 0, 8]","[24, 8, 24, 8, 24, 8, 24, 24, 24, 24, 24, 8, 8, 8, 24, 24, 24, 24, 22, 8, 24, 8, 24, 24, 22, 8, 8, 24, 8, 8, 22, 8, 22, 8, 8, 22, 8, 8, 8, 18, 24, 18, 18, 18, 18, 8, 18, 18, 24, 24, 18, 18, 24, 24, 22, 8, 24, 8, 22, 24, 24, 18, 18, 22]",2,2.0,4,3.4076539101497505,1.6942216361692413,8.636074039890639,3.3250624339654453
447,-68.7,35.3,54.3,71.5,52.93,104.64,"[8, 0, 0, 8]","[23, 0, 23, 0, 23, 23, 23, 23, 23, 0, 23, 0, 23, 0, 0, 23, 23, 0, 21, 0, 17, 0, 23, 17, 17, 23, 23, 21, 17, 0, 23, 17, 21, 21, 17, 17, 0, 17, 17, 17, 23, 23, 0, 0, 23, 23, 23, 17, 21, 21, 23, 23, 23, 23, 17, 23, 23, 23, 23, 21, 21, 23, 0, 0]",2,2.0,4,3.2150706436420724,0.2193690444506586,5.948297274838882,0.4384400328323342
448,-68.7,35.3,54.3,61.11,51.65,100.96,"[15, 4, 15, 4]","[8, 8, 22, 8, 8, 8, 8, 8, 8, 8, 8, 22, 8, 24, 8, 8, 22, 8, 8, 8, 63, 63, 8, 8, 24, 24, 22, 22, 24, 24, 8, 24, 22, 22, 24, 8, 63, 8, 24, 63, 63, 8, 24, 24, 8, 8, 22, 24, 22, 8, 22, 8, 22, 63, 8, 24, 63, 8, 8, 22, 22, 63, 24, 8]",2,2.0,4,3.1459293394777266,0.08818099017356731,2.5605759448571144,0.17625749304763938
449,-68.4,35.6,54.6,54.14,44.02,114.52,"[11, 0, 11, 0]","[23, 23, 23, 23, 23, 23, 23, 55, 23, 23, 39, 23, 23, 23, 55, 23, 23, 23, 23, 23, 7, 55, 39, 7, 55, 23, 23, 39, 23, 39, 55, 55, 23, 39, 55, 23, 39, 23, 23, 39, 23, 55, 23, 55, 7, 7, 23, 7, 39, 23, 39, 23, 7, 23, 39, 39, 39, 39, 23, 23, 23, 23, 39, 23]",2,2.0,4,2.6631989596879064,0.18302838545037184,3.7862339842997366,0.3656298178548475
450,-68.3,35.7,54.7,54.33,44.22,91.12,"[11, 0, 11, 0]","[14, 16, 14, 14, 0, 16, 16, 16, 14, 0, 16, 14, 0, 14, 16, 16, 14, 10, 16, 14, 14, 0, 0, 10, 16, 16, 14, 14, 0, 14, 0, 14, 14, 16, 10, 14, 14, 10, 0, 14, 14, 16, 14, 10, 0, 10, 10, 10, 0, 16, 0, 14, 14, 16, 14, 16, 10, 0, 14, 14, 14, 0, 14, 16]",2,2.0,4,3.4653130287648053,0.1144460034812408,4.277238346432735,0.22881011488812855
451,-69.0,35.0,54.0,53.79,41.62,136.52,"[15, 15, 7, 15]","[7, 7, 7, 7, 7, 7, 7, 22, 8, 8, 6, 8, 6, 22, 7, 8, 6, 8, 7, 7, 8, 8, 22, 8, 6, 6, 22, 8, 6, 6, 7, 7, 7, 7, 7, 6, 7, 22, 6, 8, 22, 7, 8, 22, 8, 7, 22, 7, 7, 8, 7, 8, 8, 22, 7, 7, 7, 7, 22, 22, 8, 6, 8, 7]",2,1.6,4,3.45362563237774,0.1693161313954011,4.29172949233909,0.33836903985626504
452,-69.7,34.3,53.3,53.21,41.62,105.46,"[12, 12, 7, 12]","[7, 7, 7, 7, 7, 22, 0, 7, 7, 7, 0, 7, 7, 0, 0, 7, 6, 6, 22, 7, 7, 22, 0, 22, 22, 7, 22, 22, 22, 0, 6, 7, 6, 7, 7, 6, 22, 6, 7, 7, 0, 6, 7, 7, 0, 7, 22, 6, 0, 0, 6, 7, 0, 6, 0, 0, 0, 7, 7, 6, 0, 0, 6, 22]",2,1.6,4,3.574171029668412,0.17717230273023915,4.534831410416957,0.3540744782317251
453,-71.9,32.1,51.1,45.62,36.67,56.51,"[12, 7, 12, 5]","[14, 14, 14, 14, 14, 14, 14, 14, 14, 14, 14, 14, 14, 14, 14, 14, 14, 12, 14, 14, 0, 0, 62, 14, 0, 14, 14, 14, 62, 14, 14, 14, 14, 14, 62, 62, 12, 0, 0, 0, 0, 12, 0, 0, 62, 62, 14, 0, 12, 12, 14, 12, 14, 62, 62, 14, 62, 14, 14, 14, 14, 0, 14, 62]",3,2.6666666666666665,4,2.5190651906519066,0.227158762099479,5.0279063591185835,0.4538545573653128
454,-70.0,34.0,53.0,40.17,34.29,96.82,"[8, 0, 8, 8]","[6, 6, 6, 6, 6, 6, 6, 6, 6, 6, 0, 6, 6, 6, 0, 0, 0, 2, 4, 4, 6, 0, 2, 4, 4, 6, 4, 6, 6, 0, 6, 2, 2, 6, 0, 0, 0, 0, 0, 0, 4, 4, 6, 6, 6, 6, 0, 0, 6, 6, 2, 4, 0, 6, 0, 6, 0, 6, 0, 0, 6, 0, 6, 2]",2,1.6,4,2.9257142857142857,2.153897553034745,5.925375159539735,4.048609597147544
455,-74.0,30.0,49.0,38.65,33.44,61.06,"[8, 0, 8, 8]","[7, 7, 7, 7, 7, 7, 7, 7, 7, 7, 7, 7, 7, 7, 55, 7, 7, 5, 31, 7, 7, 7, 5, 55, 7, 55, 5, 7, 5, 31, 31, 55, 7, 31, 31, 5, 7, 31, 55, 7, 5, 31, 31, 55, 31, 5, 7, 31, 55, 7, 55, 7, 5, 5, 55, 55, 7, 7, 55, 7, 5, 7, 7, 7]",2,1.6,4,2.9049645390070924,0.10374369787366367,1.7353144899031936,0.20711759606930788
456,-76.3,27.7,46.7,43.43,36.39,55.87,"[12, 10, 12, 4]","[63, 63, 63, 63, 63, 63, 63, 63, 63, 63, 63, 56, 63, 63, 63, 63, 63, 63, 63, 63, 56, 56, 62, 63, 63, 62, 5, 62, 63, 63, 62, 63, 63, 63, 63, 56, 63, 56, 62, 62, 63, 5, 5, 5, 56, 63, 5, 62, 62, 56, 63, 56, 62, 56, 5, 5, 62, 63, 62, 5, 63, 56, 5, 63]",3,2.6666666666666665,4,2.809327846364883,1.6441599855370557,3.609688275865852,2.9925158450549163
457,-78.8,25.2,44.2,34.14,28.82,41.82,"[12, 4, 12, 12]","[62, 62, 62, 62, 62, 56, 56, 56, 62, 62, 56, 62, 56, 62, 56, 56, 62, 62, 62, 56, 62, 56, 56, 62, 62, 62, 62, 56, 62, 56, 56, 60, 62, 60, 62, 62, 58, 62, 62, 56, 62, 60, 62, 56, 62, 58, 58, 56, 62, 60, 62, 58, 62, 60, 62, 58, 56, 60, 62, 56, 56, 62, 56, 62]",2,1.6,4,2.6425806451612903,1.0684451097119347,3.2100232929286245,2.0275279693875503
458,-83.2,20.8,39.8,31.12,26.12,36.36,"[12, 7, 5, 12]","[55, 55, 55, 55, 55, 55, 55, 55, 55, 55, 55, 55, 55, 55, 55, 55, 55, 55, 55, 55, 55, 55, 55, 55, 55, 55, 7, 7, 7, 7, 55, 55, 53, 55, 39, 55, 55, 39, 39, 55, 55, 53, 39, 7, 7, 53, 55, 39, 7, 39, 53, 7, 7, 39, 55, 7, 55, 55, 39, 53, 39, 7, 39, 39]",3,2.6666666666666665,4,2.5036674816625917,1.767622201512594,3.5238163161889964,3.159966446672454
466,-142.5,-38.5,-19.5,1.43,1.45,4.49,"[5, 5, 5, 5]","[24, 24, 24, 24, 24, 24, 24, 24, 24, 24, 24, 24, 24, 24, 24, 24, 24, 24, 24, 24, 24, 24, 24, 24, 24, 24, 24, 24, 24, 24, 24, 24, 24, 24, 24, 24, 24, 24, 24, 24, 24, 24, 24, 24, 24, 24, 24, 24, 24, 24, 24, 24, 24, 24, 24, 24, 24, 24, 24, 24, 24, 24, 24, 24]",1,1.0,1,1.0,1.4962453143704484,5.847544255400811,2.8990899297328174
467,-122.1,-18.1,0.9,10.77,10.11,19.51,"[1, 1, 1, 1]","[24, 24, 24, 24, 24, 24, 24, 24, 24, 24, 24, 24, 24, 24, 24, 24, 24, 24, 24, 24, 24, 24, 24, 24, 24, 24, 24, 24, 24, 24, 24, 24, 24, 24, 24, 24, 24, 24, 24, 24, 24, 24, 24, 24, 24, 24, 24, 40, 40, 24, 24, 24, 24, 24, 24, 24, 24, 24, 24, 24, 24, 24, 24, 24]",1,1.0,2,1.0644490644490645,0.41098038338114956,3.4315427852195732,0.8161284270139654
468,-101.4,2.6,21.6,33.15,27.4,39.54,"[15, 1, 1, 1]","[47, 41, 47, 24, 24, 24, 41, 41, 24, 24, 47, 47, 47, 24, 24, 24, 24, 24, 24, 47, 24, 24, 24, 24, 24, 24, 47, 47, 47, 24, 24, 24, 41, 24, 24, 24, 24, 24, 24, 24, 24, 24, 24, 47, 47, 47, 24, 24, 41, 24, 24, 24, 24, 47, 24, 24, 24, 24, 24, 24, 47, 47, 24, 24]",2,1.6,3,1.8737419945105216,1.755347181460464,4.957619496106181,3.30937614811394
469,-100.7,3.3,22.3,27.52,26.01,38.2,"[5, 12, 5, 5]","[25, 39, 39, 25, 25, 25, 25, 25, 25, 39, 39, 39, 39, 25, 25, 25, 25, 25, 39, 39, 39, 25, 25, 25, 25, 25, 25, 39, 39, 39, 25, 25, 25, 25, 25, 39, 39, 25, 25, 25, 25, 25, 25, 39, 39, 39, 25, 25, 25, 25, 25, 25, 39, 39, 25, 25, 25, 25, 25, 25, 39, 39, 25, 25]",2,1.6,2,1.788646288209607,6.031079059273802,8.832773772835495,9.961498273645313
470,-122.0,-18.0,1.0,7.55,7.97,14.08,"[0, 0, 0, 0]","[24, 24, 24, 24, 24, 24, 24, 24, 24, 24, 24, 24, 24, 24, 24, 24, 24, 24, 24, 24, 24, 24, 24, 24, 24, 24, 24, 24, 24, 24, 24, 24, 24, 24, 24, 24, 24, 24, 24, 24, 24, 24, 24, 24, 24, 24, 24, 24, 24, 24, 24, 24, 24, 24, 24, 24, 24, 24, 24, 24, 24, 24, 24, 24]",1,1.0,1,1.0,15.350378230343741,5.236535575733166,9.91218754220814
471,-152.3,-48.3,-29.3,0.21,0.17,2.11,"[4, 4, 4, 4]","[32, 32, 32, 32, 32, 32, 32, 32, 32, 32, 32, 32, 32, 32, 32, 32, 32, 32, 32, 32, 32, 32, 32, 32, 32, 32, 32, 32, 32, 32, 32, 32, 32, 32, 32, 32, 32, 32, 32, 32, 32, 32, 32, 32, 32, 32, 32, 32, 32, 32, 32, 32, 32, 32, 32, 32, 32, 32, 32, 32, 32, 32, 32, 32]",1,1.0,1,1.0,3.234008152688572,2.9787644040775594,4.381982076773547
472,-151.9,-47.9,-28.9,0.24,0.19,1.75,"[4, 4, 4, 4]","[24, 24, 24, 24, 24, 24, 24, 24, 24, 24, 24, 24, 24, 24, 24, 24, 24, 24, 24, 24, 24, 24, 24, 24, 24, 24, 24, 24, 24, 24, 24, 24, 24, 24, 24, 24, 24, 24, 24, 24, 24, 24, 24, 24, 24, 24, 24, 24, 24, 24, 24, 24, 24, 24, 24, 24, 24, 24, 24, 24, 24, 24, 24, 24]",1,1.0,1,1.0,2.3276910049711046,2.11951946192163,3.134330370721052
473,-151.8,-47.8,-28.8,0.22,0.13,1.95,"[1, 1, 1, 1]","[33, 33, 33, 33, 33, 33, 33, 33, 33, 33, 33, 33, 33, 33, 33, 33, 33, 33, 33, 33, 33, 33, 33, 33, 33, 33, 33, 33, 33, 33, 33, 33, 33, 33, 33, 33, 33, 33, 33, 33, 33, 33, 33, 33, 33, 33, 33, 33, 33, 33, 33, 33, 33, 33, 33, 33, 33, 33, 33, 33, 33, 33, 33, 33]",1,1.0,1,1.0,2.2121753237117376,2.1482429004286807,3.082287181552099
474,-152.1,-48.1,-29.1,0.22,0.13,1.93,"[5, 5, 5, 5]","[33, 33, 33, 33, 33, 33, 33, 33, 33, 33, 33, 33, 33, 33, 33, 33, 33, 33, 33, 33, 33, 33, 33, 33, 33, 33, 33, 33, 33, 33, 33, 33, 33, 33, 33, 33, 33, 33, 33, 33, 33, 33, 33, 33, 33, 33, 33, 33, 33, 33, 33, 33, 33, 33, 33, 33, 33, 33, 33, 33, 33, 33, 33, 33]",1,1.0,1,1.0,0.1814796940828121,0.9276461763156038,0.35620685673079605
475,-154.2,-50.2,-31.2,0.09,0.08,0.98,"[0, 0, 0, 0]","[40, 25, 25, 25, 25, 25, 25, 25, 25, 25, 25, 25, 25, 25, 25, 25, 25, 25, 25, 25, 25, 25, 25, 25, 25, 25, 25, 25, 25, 25, 25, 25, 25, 25, 25, 25, 25, 25, 25, 25, 25, 25, 25, 25, 25, 25, 25, 25, 25, 25, 25, 25, 25, 25, 25, 25, 25, 25, 25, 25, 25, 25, 25, 25]",1,1.0,2,1.0317380352644836,0.3394100671747809,1.9810272732307042,0.6690711741780163
476,-156.0,-52.0,-33.0,0.06,0.05,0.84,"[0, 0, 0, 0]","[24, 24, 24, 24, 24, 24, 24, 24, 24, 24, 24, 24, 24, 24, 24, 24, 24, 24, 24, 24, 24, 24, 24, 24, 24, 24, 24, 24, 24, 24, 24, 24, 24, 24, 24, 24, 24, 24, 24, 24, 24, 24, 24, 24, 24, 24, 24, 24, 24, 24, 24, 24, 24, 24, 24, 24, 24, 24, 24, 24, 24, 24, 24, 24]",1,1.0,1,1.0,0.310015840830172,2.120928818666368,0.6135122839313909
477,-156.2,-52.2,-33.2,0.07,0.04,1.02,"[1, 1, 1, 1]","[33, 33, 33, 33, 33, 33, 33, 33, 33, 33, 33, 33, 33, 33, 33, 33, 33, 33, 33, 33, 33, 33, 33, 33, 33, 33, 33, 33, 33, 33, 33, 33, 33, 33, 33, 33, 33, 33, 33, 33, 33, 33, 33, 33, 33, 33, 33, 33, 33, 33, 33, 33, 33, 33, 33, 33, 33, 33, 33, 33, 33, 33, 33, 33]",1,1.0,1,1.0,0.5835138519181594,3.991668098352117,1.1547546837093758
478,-156.7,-52.7,-33.7,0.06,0.03,0.83,"[5, 5, 5, 12]","[32, 32, 32, 32, 32, 32, 32, 32, 32, 32, 32, 32, 32, 32, 32, 32, 32, 32, 32, 32, 32, 32, 32, 32, 32, 32, 32, 32, 32, 32, 32, 32, 32, 32, 32, 32, 32, 32, 32, 32, 32, 32, 32, 32, 32, 32, 32, 32, 32, 32, 32, 32, 32, 32, 32, 32, 32, 32, 32, 32, 32, 32, 32, 32]",2,1.6,1,1.0,0.16700534683730126,1.3004286796140965,0.33128995851119236
479,-115.4,-11.4,7.6,15.85,14.28,23.42,"[12, 4, 12, 4]","[47, 47, 47, 25, 47, 25, 25, 25, 25, 47, 47, 47, 47, 25, 25, 25, 25, 25, 47, 47, 47, 25, 25, 25, 25, 25, 47, 47, 47, 25, 25, 25, 25, 25, 47, 47, 47, 47, 25, 25, 25, 25, 25, 47, 47, 47, 25, 25, 25, 25, 25, 47, 47, 47, 25, 25, 25, 25, 25, 47, 47, 47, 25, 25]",2,2.0,2,1.9523355576739752,3.47718999419191,4.94426862783233,5.688478976410288
480,-156.7,-52.7,-33.7,0.08,0.05,1.29,"[4, 4, 4, 4]","[32, 32, 32, 32, 32, 32, 32, 32, 32, 32, 32, 32, 32, 32, 32, 32, 32, 32, 32, 32, 32, 32, 32, 32, 32, 32, 32, 32, 32, 32, 32, 32, 32, 32, 32, 32, 32, 32, 32, 32, 32, 32, 32, 32, 32, 32, 32, 32, 32, 32, 32, 32, 32, 32, 32, 32, 32, 32, 32, 32, 32, 32, 32, 32]",1,1.0,1,1.0,0.25041512321384135,1.3406210680174038,0.49231528331570584
481,-70.1,33.9,52.9,78.25,56.68,70.35,"[3, 9, 3, 1]","[24, 40, 24, 40, 24, 24, 40, 24, 40, 24, 24, 40, 40, 40, 24, 40, 24, 24, 40, 24, 24, 24, 24, 24, 24, 24, 40, 24, 29, 40, 29, 40, 24, 29, 40, 30, 30, 24, 30, 40, 40, 29, 29, 30, 40, 40, 29, 29, 29, 40, 24, 29, 40, 40, 30, 30, 29, 40, 29, 24, 29, 24, 29, 30]",3,2.6666666666666665,4,3.4478114478114477,1.6835578306224066,7.434983314734015,3.2839769502042127
482,-69.7,34.3,53.3,74.67,57.72,74.76,"[12, 5, 12, 5]","[23, 25, 23, 7, 23, 23, 23, 7, 25, 23, 7, 7, 25, 25, 23, 23, 23, 23, 7, 25, 7, 7, 25, 7, 23, 7, 7, 25, 25, 25, 23, 25, 7, 25, 23, 7, 25, 7, 7, 25, 23, 39, 7, 7, 7, 39, 23, 7, 39, 7, 23, 23, 23, 23, 23, 39, 25, 39, 7, 7, 7, 23, 7, 39]",2,2.0,4,3.4076539101497505,1.4925200348093508,8.22665423328382,2.9370941836012032
483,-68.8,35.2,54.2,69.53,58.24,78.5,"[0, 11, 0, 9]","[23, 48, 23, 48, 23, 48, 48, 23, 48, 23, 48, 23, 48, 23, 48, 48, 23, 23, 32, 32, 28, 23, 23, 48, 48, 48, 48, 23, 32, 23, 32, 28, 23, 32, 48, 28, 28, 23, 23, 28, 32, 32, 28, 48, 48, 48, 23, 28, 23, 23, 28, 28, 48, 48, 28, 32, 32, 23, 48, 23, 48, 48, 32, 32]",3,2.6666666666666665,4,3.574171029668412,1.2843710811828357,8.69417125614071,2.541163263012032
484,-67.7,36.3,55.3,68.64,56.7,105.3,"[0, 8, 0, 8]","[24, 24, 24, 24, 24, 24, 24, 24, 24, 24, 26, 24, 24, 22, 24, 24, 24, 24, 24, 8, 8, 22, 24, 24, 8, 24, 22, 22, 8, 24, 26, 8, 22, 24, 24, 24, 26, 24, 24, 24, 8, 24, 8, 26, 24, 8, 8, 24, 8, 22, 24, 26, 26, 24, 22, 24, 22, 8, 24, 24, 26, 26, 24, 24]",2,2.0,4,2.5315203955500616,1.7175499404588286,5.843677115236316,3.295696202329275
485,-69.8,34.2,53.2,66.11,55.94,70.21,"[12, 4, 12, 4]","[24, 56, 24, 56, 24, 56, 24, 56, 56, 24, 56, 24, 24, 24, 56, 24, 56, 24, 24, 22, 8, 22, 24, 56, 8, 24, 22, 24, 22, 22, 56, 56, 24, 8, 24, 56, 24, 24, 22, 22, 22, 22, 8, 56, 56, 56, 56, 56, 8, 22, 22, 22, 56, 8, 56, 56, 24, 56, 22, 56, 22, 56, 24, 22]",2,2.0,4,3.4420168067226893,2.147966766442531,8.646437933031105,4.1692109480933315
486,-69.3,34.7,53.7,48.0,40.73,107.85,"[12, 12, 4, 12]","[23, 23, 23, 23, 23, 23, 32, 23, 23, 21, 17, 23, 23, 17, 32, 32, 17, 23, 21, 17, 23, 23, 23, 32, 21, 23, 17, 32, 23, 21, 17, 17, 23, 32, 21, 23, 32, 32, 21, 23, 17, 21, 23, 23, 32, 21, 23, 21, 23, 23, 17, 23, 23, 32, 21, 32, 23, 23, 17, 32, 23, 21, 21, 23]",2,1.6,4,3.1801242236024843,2.161960500474872,3.9277253553487474,3.7879911394616697
487,-68.8,35.2,54.2,63.32,54.21,105.67,"[12, 4, 12, 4]","[16, 16, 22, 16, 16, 16, 16, 16, 16, 22, 16, 16, 22, 16, 22, 16, 16, 20, 16, 20, 20, 16, 22, 20, 16, 18, 18, 20, 16, 22, 16, 20, 22, 18, 22, 16, 22, 16, 20, 22, 20, 22, 22, 20, 22, 16, 16, 18, 20, 16, 22, 16, 16, 18, 22, 20, 16, 22, 22, 16, 22, 18, 16, 16]",2,2.0,4,3.098335854765507,0.601965631556441,3.72806286141351,1.1885370952181693
488,-68.7,35.3,54.3,70.8,55.31,101.44,"[8, 0, 8, 0]","[23, 23, 58, 23, 23, 23, 23, 23, 23, 23, 58, 23, 58, 58, 58, 23, 23, 58, 23, 58, 28, 26, 28, 26, 23, 58, 58, 23, 58, 26, 28, 58, 23, 58, 23, 28, 58, 58, 28, 26, 28, 26, 23, 28, 26, 23, 58, 26, 23, 23, 23, 23, 23, 58, 26, 28, 28, 26, 23, 26, 23, 58, 23, 23]",2,2.0,4,3.266347687400319,0.10202509986130645,3.0417349630742367,0.2039355132796866
489,-65.3,38.7,57.7,50.67,43.86,129.79,"[15, 7, 15, 5]","[14, 8, 8, 8, 8, 8, 8, 8, 8, 8, 8, 8, 8, 14, 30, 24, 24, 30, 14, 14, 30, 8, 14, 24, 24, 30, 24, 30, 30, 8, 24, 14, 24, 8, 8, 8, 8, 14, 30, 30, 14, 8, 8, 30, 8, 14, 30, 24, 24, 8, 14, 8, 8, 30, 30, 8, 14, 8, 14, 30, 24, 24, 8, 8]",3,2.6666666666666665,4,3.3628899835796386,0.11463214991434213,3.9130847065759444,0.2291659889902667
490,-66.7,37.3,56.3,53.53,45.45,122.0,"[8, 3, 8, 8]","[23, 23, 23, 23, 23, 23, 23, 23, 23, 7, 54, 23, 39, 23, 23, 23, 23, 39, 54, 23, 23, 7, 7, 23, 54, 7, 23, 54, 39, 23, 7, 7, 54, 23, 54, 7, 39, 54, 54, 54, 23, 54, 23, 23, 39, 39, 23, 54, 7, 23, 23, 7, 23, 7, 23, 39, 23, 54, 54, 39, 23, 39, 7, 7]",2,1.6,4,3.1653786707882534,0.1381651253797801,4.6296249564146486,0.2762072766457007
491,-68.1,35.9,54.9,50.53,40.49,111.45,"[11, 3, 11, 5]","[23, 23, 23, 23, 23, 23, 23, 23, 23, 23, 23, 23, 23, 7, 7, 7, 39, 23, 39, 23, 23, 7, 23, 7, 39, 39, 39, 7, 39, 23, 7, 23, 23, 39, 39, 23, 39, 23, 39, 7, 23, 23, 23, 7, 55, 23, 55, 39, 23, 39, 23, 7, 7, 55, 55, 7, 55, 55, 23, 39, 23, 7, 23, 7]",3,2.6666666666666665,4,3.0073421439060204,0.16051146646739203,4.620625121533287,0.3208294138161594
492,-65.9,38.1,57.1,53.5,43.31,130.29,"[8, 0, 8, 10]","[14, 14, 14, 14, 14, 14, 14, 14, 14, 8, 10, 14, 14, 12, 14, 10, 12, 8, 8, 12, 14, 14, 14, 10, 8, 10, 14, 12, 14, 10, 8, 10, 14, 10, 10, 14, 10, 14, 14, 14, 14, 8, 10, 14, 14, 14, 10, 12, 8, 14, 14, 10, 8, 12, 12, 14, 10, 10, 12, 14, 12, 8, 14, 12]",3,2.6666666666666665,4,3.0612855007473843,0.11111488576333366,2.851692145899075,0.22206126478689506
493,-71.3,32.7,51.7,48.37,38.01,64.27,"[8, 0, 8, 0]","[7, 7, 7, 7, 7, 7, 7, 7, 23, 23, 7, 23, 7, 7, 23, 7, 7, 7, 7, 7, 55, 7, 7, 23, 39, 23, 23, 55, 7, 7, 39, 55, 39, 7, 23, 23, 55, 7, 23, 55, 55, 39, 55, 7, 7, 23, 7, 39, 55, 39, 23, 55, 23, 55, 23, 23, 55, 55, 39, 39, 23, 7, 7, 55]",2,2.0,4,3.3628899835796386,0.1994545881627085,4.217064546788387,0.39846374197824336
494,-70.8,33.2,52.2,40.35,34.01,53.71,"[12, 4, 10, 12]","[15, 15, 15, 15, 15, 15, 15, 15, 62, 15, 15, 47, 15, 15, 62, 15, 15, 62, 47, 62, 62, 62, 15, 15, 47, 30, 62, 47, 47, 30, 15, 30, 47, 15, 47, 15, 62, 15, 30, 47, 30, 30, 15, 15, 15, 15, 15, 30, 62, 15, 47, 47, 62, 62, 62, 47, 62, 62, 15, 47, 62, 15, 15, 15]",3,2.6666666666666665,4,3.1077389984825494,0.14940177936528076,2.501447404198514,0.29827203269948216
495,-72.2,31.8,50.8,37.29,31.57,72.61,"[11, 3, 11, 11]","[7, 7, 7, 7, 7, 7, 7, 7, 5, 5, 7, 1, 7, 59, 59, 7, 59, 5, 1, 5, 59, 59, 5, 59, 59, 1, 59, 1, 7, 7, 1, 5, 1, 7, 1, 1, 59, 59, 1, 7, 1, 7, 5, 5, 7, 7, 1, 1, 7, 7, 59, 7, 7, 7, 5, 1, 7, 7, 59, 7, 7, 7, 7, 5]",2,1.6,4,3.266347687400319,0.11495073708695784,1.735256008443797,0.22939868991409718
496,-74.8,29.2,48.2,35.68,30.77,46.73,"[11, 5, 11, 11]","[6, 6, 6, 6, 6, 6, 6, 6, 6, 6, 22, 56, 56, 56, 6, 6, 6, 6, 6, 56, 56, 56, 6, 6, 6, 22, 56, 54, 56, 56, 56, 6, 6, 6, 6, 6, 56, 6, 6, 22, 54, 6, 54, 54, 22, 6, 56, 56, 56, 54, 22, 54, 54, 6, 56, 22, 54, 6, 56, 54, 22, 56, 6, 6]",2,1.6,4,2.9681159420289855,1.0180544695440326,3.9007539745964315,1.9701166211398948
497,-78.5,25.5,44.5,34.97,30.23,47.59,"[11, 3, 5, 11]","[63, 63, 63, 63, 63, 63, 63, 63, 63, 57, 57, 57, 63, 63, 63, 63, 63, 57, 63, 63, 57, 57, 63, 63, 59, 57, 63, 61, 63, 63, 63, 63, 59, 57, 59, 59, 59, 59, 59, 59, 61, 57, 63, 63, 61, 63, 57, 63, 61, 57, 63, 61, 63, 61, 63, 61, 59, 59, 63, 63, 63, 59, 57, 61]",3,2.6666666666666665,4,2.8885754583921015,1.083626921372142,3.3741041300955392,2.063449010961973
498,-84.5,19.5,38.5,33.42,27.53,39.48,"[12, 4, 12, 4]","[55, 55, 55, 55, 55, 55, 55, 55, 55, 55, 57, 55, 55, 55, 55, 55, 55, 55, 57, 55, 55, 57, 57, 57, 55, 55, 55, 55, 55, 57, 57, 55, 55, 55, 55, 55, 55, 57, 57, 55, 55, 57, 55, 55, 55, 57, 7, 61, 55, 61, 55, 7, 7, 61, 61, 55, 55, 61, 55, 61, 7, 55, 57, 55]",2,2.0,4,2.089795918367347,0.9606413621304992,3.219245295337699,1.841060944698354
506,-142.4,-38.4,-19.4,1.42,1.07,4.98,"[9, 9, 9, 9]","[32, 32, 32, 32, 32, 32, 32, 32, 32, 32, 32, 32, 32, 32, 32, 32, 32, 32, 32, 32, 32, 32, 32, 32, 32, 32, 32, 32, 32, 32, 32, 32, 32, 32, 32, 32, 32, 32, 32, 32, 32, 32, 32, 32, 32, 32, 32, 32, 32, 32, 32, 32, 32, 32, 32, 32, 32, 32, 32, 32, 32, 32, 32, 32]",1,1.0,1,1.0,0.7694852519824654,2.773564066024208,1.4829564471009193
507,-106.8,-2.8,16.2,17.7,15.79,25.31,"[15, 4, 15, 4]","[47, 47, 47, 47, 47, 24, 24, 24, 47, 47, 47, 24, 24, 24, 24, 24, 47, 47, 47, 47, 47, 24, 24, 24, 24, 24, 47, 47, 47, 47, 24, 24, 24, 24, 47, 47, 47, 47, 24, 24, 24, 24, 47, 47, 47, 47, 47, 47, 24, 24, 24, 47, 47, 47, 47, 47, 24, 24, 24, 47, 47, 47, 47, 47]",2,2.0,2,1.9523355576739752,2.977894042705416,4.080376887596273,4.810851079328215
508,-110.2,-6.2,12.8,12.66,10.9,17.83,"[8, 8, 8, 8]","[38, 38, 38, 38, 38, 38, 38, 38, 38, 38, 38, 38, 38, 38, 38, 38, 38, 38, 38, 38, 38, 38, 38, 38, 38, 38, 38, 38, 38, 32, 32, 32, 38, 38, 32, 32, 32, 32, 32, 32, 32, 32, 32, 32, 32, 32, 32, 32, 32, 32, 32, 32, 32, 32, 32, 32, 32, 32, 32, 32, 32, 32, 32, 32]",1,1.0,2,1.9980487804878049,4.707959134193523,5.230928245166246,6.998714625881375
509,-100.8,3.2,22.2,27.01,23.37,33.11,"[9, 11, 9, 9]","[34, 40, 34, 40, 34, 34, 34, 34, 34, 40, 40, 40, 40, 34, 34, 34, 34, 40, 40, 40, 40, 34, 34, 34, 34, 34, 40, 40, 40, 34, 34, 34, 34, 34, 40, 40, 40, 34, 34, 34, 34, 34, 34, 40, 40, 40, 34, 24, 34, 34, 34, 40, 40, 34, 34, 34, 24, 34, 34, 34, 40, 34, 34, 34]",2,1.6,3,1.9616858237547892,6.667339275900692,5.446707136822048,8.436237104535094
514,-154.8,-50.8,-31.8,0.09,0.05,0.6,"[9, 9, 9, 9]","[39, 39, 39, 39, 39, 39, 39, 39, 39, 39, 39, 39, 39, 39, 39, 39, 39, 39, 39, 39, 39, 39, 39, 39, 39, 39, 39, 39, 39, 39, 39, 39, 39, 39, 39, 39, 39, 39, 39, 39, 39, 39, 39, 39, 39, 39, 39, 39, 39, 39, 39, 39, 39, 39, 39, 39, 39, 39, 39, 39, 39, 39, 39, 39]",1,1.0,1,1.0,1.843349913977783,1.7593408773846095,2.545409959632801
515,-155.6,-51.6,-32.6,0.06,0.04,1.13,"[5, 5, 5, 5]","[33, 33, 33, 33, 33, 33, 33, 33, 33, 33, 33, 33, 33, 33, 33, 33, 33, 33, 33, 33, 33, 33, 33, 33, 33, 33, 33, 33, 33, 33, 33, 33, 33, 33, 33, 33, 33, 33, 33, 33, 33, 33, 33, 33, 33, 33, 33, 33, 33, 33, 33, 33, 33, 33, 33, 33, 33, 33, 33, 33, 33, 33, 33, 33]",1,1.0,1,1.0,1.4857902190381704,1.4934246083924625,2.106602256930697
516,-155.0,-51.0,-32.0,0.07,0.05,0.54,"[9, 9, 9, 9]","[24, 24, 24, 24, 24, 24, 24, 24, 24, 24, 24, 24, 24, 24, 24, 24, 24, 24, 24, 24, 24, 24, 24, 24, 24, 24, 24, 24, 24, 24, 24, 24, 24, 24, 24, 24, 24, 24, 24, 24, 24, 24, 24, 24, 24, 24, 24, 24, 24, 24, 24, 24, 24, 24, 24, 24, 24, 24, 24, 24, 24, 24, 24, 24]",1,1.0,1,1.0,1.2516461754330248,1.2705588209606256,1.7833178432058507
517,-156.5,-52.5,-33.5,0.05,0.05,1.2,"[0, 0, 0, 0]","[33, 33, 33, 33, 33, 33, 33, 33, 33, 33, 33, 33, 33, 33, 33, 33, 33, 33, 33, 33, 33, 33, 33, 33, 33, 33, 33, 33, 33, 33, 33, 33, 33, 33, 33, 33, 33, 33, 33, 33, 33, 33, 33, 33, 33, 33, 33, 33, 33, 33, 33, 33, 33, 33, 33, 33, 33, 33, 33, 33, 33, 33, 33, 33]",1,1.0,1,1.0,0.6683129552445148,1.3843964108389075,1.2037062154327498
518,-110.3,-6.3,12.7,12.64,14.79,20.06,"[4, 4, 4, 4]","[25, 25, 25, 25, 25, 25, 25, 25, 25, 25, 25, 25, 25, 25, 25, 25, 25, 25, 25, 25, 25, 25, 25, 25, 25, 25, 25, 25, 25, 25, 25, 25, 25, 25, 25, 25, 25, 25, 25, 25, 25, 25, 25, 25, 25, 25, 25, 25, 25, 25, 25, 25, 25, 25, 25, 25, 25, 25, 25, 25, 25, 25, 25, 25]",1,1.0,1,1.0,12.788135923143543,6.716389477784776,11.892352121139696
519,-158.3,-54.3,-35.3,0.05,0.03,0.65,"[4, 4, 4, 4]","[32, 32, 32, 32, 32, 32, 32, 32, 32, 32, 32, 32, 32, 32, 32, 32, 32, 32, 32, 32, 32, 32, 32, 32, 32, 32, 32, 32, 32, 32, 32, 32, 32, 32, 32, 32, 32, 32, 32, 32, 32, 32, 32, 32, 32, 32, 32, 32, 32, 32, 32, 32, 32, 32, 32, 32, 32, 32, 32, 32, 32, 32, 32, 32]",1,1.0,1,1.0,1.412104703029937,1.322776148519137,1.9307600208293438
520,-125.7,-21.7,-2.7,6.25,6.39,11.28,"[4, 4, 4, 4]","[25, 25, 25, 25, 25, 25, 25, 25, 25, 25, 25, 25, 25, 25, 25, 25, 25, 25, 25, 25, 25, 25, 25, 25, 25, 25, 25, 25, 25, 25, 25, 25, 25, 25, 25, 25, 25, 25, 25, 25, 25, 25, 25, 25, 25, 25, 25, 25, 25, 25, 25, 25, 25, 25, 25, 25, 25, 25, 25, 25, 25, 25, 25, 25]",1,1.0,1,1.0,7.550941550557241,4.890109376317367,8.209093600133393
521,-71.6,32.4,51.4,68.02,58.28,73.96,"[12, 4, 12, 4]","[31, 31, 31, 31, 25, 31, 25, 25, 25, 25, 25, 25, 31, 31, 25, 31, 31, 25, 25, 27, 25, 25, 31, 25, 31, 25, 31, 31, 27, 31, 29, 31, 27, 31, 29, 31, 29, 29, 27, 31, 31, 25, 31, 31, 25, 29, 25, 29, 25, 25, 27, 27, 29, 25, 31, 27, 29, 31, 27, 31, 25, 31, 27, 27]",2,2.0,4,3.330081300813008,1.3886053962708114,5.941380963316141,2.704332172012762
522,-69.6,34.4,53.4,57.65,47.19,82.76,"[15, 1, 15, 1]","[16, 16, 0, 16, 16, 0, 16, 16, 16, 0, 0, 16, 0, 16, 16, 30, 0, 0, 30, 16, 30, 32, 32, 16, 0, 0, 16, 32, 16, 0, 30, 0, 0, 16, 30, 16, 0, 30, 16, 16, 16, 32, 32, 30, 16, 0, 32, 16, 32, 32, 0, 16, 0, 32, 16, 16, 16, 16, 16, 32, 0, 0, 16, 32]",2,2.0,4,3.2050078247261347,1.5581415789822404,5.073149449175784,2.978944318280166
523,-68.4,35.6,54.6,47.21,42.65,150.81,"[12, 12, 4, 12]","[31, 31, 31, 31, 31, 31, 31, 31, 31, 17, 15, 17, 21, 31, 17, 21, 17, 21, 17, 21, 17, 31, 31, 31, 31, 15, 31, 21, 31, 17, 31, 17, 17, 31, 31, 31, 17, 21, 31, 31, 31, 31, 21, 31, 31, 31, 31, 31, 15, 21, 31, 31, 15, 31, 31, 17, 31, 31, 31, 21, 31, 31, 31, 21]",2,1.6,4,2.3299203640500568,10.478488562833569,6.120794959043201,10.570362101928735
524,-70.6,33.4,52.4,51.52,44.13,92.35,"[12, 12, 4, 12]","[16, 16, 16, 16, 16, 16, 16, 16, 16, 16, 22, 16, 16, 39, 16, 16, 16, 16, 39, 39, 16, 16, 22, 16, 22, 18, 18, 22, 22, 16, 22, 39, 16, 18, 16, 39, 16, 18, 16, 39, 22, 16, 18, 39, 16, 22, 22, 18, 18, 39, 39, 16, 16, 22, 16, 39, 39, 39, 16, 18, 16, 22, 16, 39]",2,1.6,4,2.972423802612482,7.406240464982887,5.659424332925233,8.993659740413646
525,-68.4,35.6,54.6,48.99,42.17,141.5,"[3, 8, 3, 8]","[31, 31, 31, 31, 31, 31, 31, 31, 31, 16, 16, 16, 31, 31, 63, 31, 16, 16, 8, 16, 16, 63, 8, 31, 8, 16, 8, 31, 8, 16, 31, 31, 16, 16, 31, 31, 16, 16, 31, 63, 8, 8, 16, 31, 31, 31, 16, 16, 16, 8, 16, 31, 16, 16, 31, 31, 31, 31, 8, 63, 16, 31, 31, 63]",2,2.0,4,2.951008645533141,8.99839579950298,5.998474978799058,9.9822989828324
526,-67.1,36.9,55.9,66.23,55.64,176.07,"[15, 4, 15, 4]","[31, 31, 31, 31, 16, 16, 31, 31, 31, 16, 31, 16, 16, 16, 16, 16, 16, 31, 31, 47, 16, 31, 47, 47, 31, 47, 31, 31, 14, 16, 47, 14, 16, 31, 31, 31, 47, 31, 16, 31, 14, 16, 31, 31, 47, 31, 31, 14, 16, 31, 31, 31, 16, 16, 16, 31, 31, 16, 16, 16, 16, 47, 31, 31]",2,2.0,4,2.797814207650273,0.7728501501112355,3.336086441070512,1.5058211090302072
527,-68.8,35.2,54.2,65.62,50.62,70.75,"[11, 5, 3, 11]","[24, 8, 24, 24, 24, 8, 24, 24, 24, 8, 24, 24, 8, 24, 8, 30, 30, 24, 8, 8, 24, 18, 24, 24, 30, 24, 8, 24, 24, 30, 8, 18, 30, 30, 24, 24, 18, 30, 8, 8, 30, 8, 18, 24, 8, 18, 30, 30, 30, 24, 18, 24, 8, 8, 30, 18, 18, 30, 8, 18, 8, 18, 30, 18]",3,2.6666666666666665,4,3.757798165137615,0.6050370590702068,3.225704975495944,1.1893336750122145
528,-69.3,34.7,53.7,44.85,38.62,82.64,"[8, 0, 8, 0]","[16, 16, 16, 16, 16, 16, 16, 22, 22, 22, 16, 16, 16, 16, 18, 22, 18, 16, 16, 22, 16, 18, 22, 16, 20, 16, 16, 18, 16, 18, 22, 22, 18, 16, 16, 20, 22, 20, 16, 22, 18, 20, 16, 22, 18, 16, 18, 22, 18, 20, 20, 18, 20, 16, 18, 20, 22, 16, 22, 16, 16, 20, 20, 16]",2,2.0,4,3.34640522875817,0.6762561175003488,4.575960289225796,1.3379802302072172
529,-67.1,36.9,55.9,51.11,41.75,208.67,"[11, 11, 3, 11]","[23, 23, 23, 23, 23, 23, 23, 23, 31, 15, 15, 23, 63, 15, 63, 23, 23, 23, 63, 23, 63, 15, 31, 23, 15, 23, 23, 15, 31, 23, 15, 15, 23, 31, 23, 23, 63, 31, 31, 23, 23, 31, 31, 31, 15, 23, 15, 23, 15, 15, 23, 15, 15, 23, 23, 31, 23, 15, 15, 15, 23, 31, 23, 23]",2,1.6,4,2.9340974212034383,0.07018500117423247,2.8557423007073695,0.14032762846984237
530,-70.2,33.8,52.8,57.57,47.83,65.14,"[8, 0, 8, 0]","[14, 14, 14, 14, 14, 14, 14, 14, 14, 14, 14, 14, 14, 14, 30, 8, 14, 30, 14, 14, 14, 8, 24, 24, 14, 8, 8, 30, 24, 24, 24, 14, 8, 14, 24, 24, 24, 14, 8, 14, 14, 14, 14, 30, 8, 24, 30, 8, 30, 14, 14, 8, 14, 8, 8, 24, 8, 30, 14, 8, 8, 8, 8, 14]",2,2.0,4,2.998535871156662,0.16643378474518317,3.7818742379788475,0.33254569983979104
531,-65.7,38.3,57.3,55.26,43.33,213.74,"[15, 15, 7, 15]","[23, 23, 23, 23, 23, 23, 23, 23, 39, 39, 23, 23, 23, 55, 7, 55, 23, 23, 39, 23, 23, 39, 39, 55, 23, 23, 7, 23, 23, 7, 39, 39, 23, 23, 23, 23, 23, 23, 23, 23, 23, 39, 23, 23, 23, 23, 55, 55, 23, 39, 23, 23, 23, 23, 23, 55, 23, 7, 23, 23, 23, 23, 55, 23]",2,1.6,4,1.967339097022094,0.14936014494749256,3.894509220579055,0.2985008477966512
532,-65.2,38.8,57.8,48.19,40.61,162.95,"[15, 4, 15, 4]","[14, 14, 14, 14, 0, 14, 14, 14, 0, 10, 0, 14, 0, 14, 10, 0, 10, 14, 0, 14, 0, 16, 0, 14, 14, 14, 0, 0, 10, 16, 0, 16, 14, 14, 14, 16, 14, 14, 14, 0, 14, 10, 16, 0, 14, 14, 14, 14, 14, 14, 14, 14, 14, 14, 16, 10, 16, 14, 14, 14, 14, 14, 0, 14]",2,2.0,4,2.4824242424242424,0.14414184522052054,3.86020473028544,0.2880829218880636
533,-66.8,37.2,56.2,58.18,47.18,139.58,"[15, 7, 15, 7]","[6, 6, 6, 6, 23, 23, 23, 23, 23, 6, 0, 6, 0, 23, 23, 23, 6, 23, 6, 6, 55, 55, 55, 6, 6, 23, 55, 23, 6, 6, 0, 23, 55, 23, 23, 6, 55, 0, 6, 23, 23, 23, 0, 23, 6, 6, 6, 23, 23, 55, 0, 6, 6, 23, 23, 0, 23, 6, 0, 6, 6, 55, 23, 6]",2,2.0,4,3.2,0.17084278346828288,3.4957153890667643,0.34127824232092646
534,-67.9,36.1,55.1,48.05,41.1,84.82,"[12, 4, 12, 6]","[6, 6, 6, 6, 6, 6, 6, 6, 22, 6, 22, 6, 8, 22, 8, 6, 22, 6, 8, 8, 6, 8, 8, 22, 6, 22, 22, 6, 6, 22, 8, 22, 6, 6, 54, 54, 6, 8, 22, 22, 54, 6, 8, 6, 6, 6, 54, 6, 6, 54, 54, 6, 54, 54, 8, 54, 6, 6, 54, 8, 6, 6, 8, 22]",3,2.6666666666666665,4,3.1801242236024843,0.08178260901338662,1.3779960204423582,0.16327791412813983
535,-68.8,35.2,54.2,46.65,37.53,110.79,"[15, 7, 15, 1]","[7, 7, 7, 7, 7, 7, 7, 7, 7, 7, 1, 7, 1, 7, 5, 7, 7, 3, 3, 7, 1, 7, 3, 7, 7, 7, 3, 3, 7, 1, 5, 5, 5, 5, 1, 7, 7, 7, 3, 7, 7, 3, 7, 1, 7, 7, 7, 1, 3, 3, 5, 7, 1, 3, 5, 7, 5, 3, 7, 7, 7, 7, 7, 1]",3,2.6666666666666665,4,2.6222791293213827,0.25116093699418,3.1822667829809057,0.5007646183642842
536,-74.4,29.6,48.6,38.41,29.96,42.14,"[8, 0, 8, 8]","[7, 7, 7, 7, 7, 7, 7, 7, 7, 7, 7, 7, 7, 7, 7, 7, 7, 7, 7, 5, 54, 7, 7, 7, 1, 5, 5, 7, 54, 54, 1, 7, 1, 1, 1, 7, 5, 1, 54, 1, 1, 1, 1, 1, 7, 7, 7, 5, 54, 7, 7, 54, 7, 7, 54, 54, 7, 54, 7, 7, 54, 7, 54, 5]",2,1.6,4,2.602287166454892,3.0610635717614403,6.959036132149192,5.603945796180433
537,-77.6,26.4,45.4,37.11,28.84,39.62,"[8, 8, 0, 8]","[6, 6, 6, 6, 6, 6, 6, 6, 6, 54, 6, 54, 6, 6, 6, 6, 6, 38, 54, 54, 54, 54, 6, 54, 6, 6, 54, 22, 6, 6, 54, 54, 38, 54, 6, 6, 38, 6, 6, 6, 22, 38, 22, 6, 22, 6, 6, 54, 38, 22, 54, 38, 22, 54, 38, 38, 54, 6, 22, 54, 22, 54, 38, 54]",2,1.6,4,3.1267175572519084,3.3328528378094426,4.841587229938971,5.490563764553421
538,-81.5,22.5,41.5,40.23,29.22,35.1,"[11, 5, 5, 5]","[55, 55, 55, 55, 49, 55, 49, 55, 49, 55, 55, 55, 55, 49, 49, 49, 49, 49, 55, 55, 49, 49, 55, 49, 49, 49, 55, 55, 7, 55, 55, 55, 55, 55, 53, 7, 55, 7, 7, 53, 55, 53, 55, 49, 7, 55, 7, 53, 53, 53, 49, 53, 55, 55, 7, 49, 55, 49, 53, 49, 55, 55, 53, 49]",2,1.6,4,3.075075075075075,3.174804818602348,5.04608227558985,5.374380297143323
539,-90.4,13.6,32.6,38.62,31.51,32.59,"[11, 9, 1, 9]","[62, 62, 62, 15, 15, 62, 15, 15, 15, 62, 62, 15, 15, 62, 15, 15, 15, 62, 62, 15, 15, 15, 15, 15, 15, 62, 62, 15, 62, 15, 15, 15, 15, 15, 62, 62, 62, 15, 15, 15, 62, 15, 62, 62, 15, 15, 15, 15, 62, 15, 62, 62, 62, 15, 46, 15, 62, 15, 15, 62, 62, 46, 62, 62]",3,2.6666666666666665,3,2.0919305413687437,7.191738943688219,3.5523783615625963,6.370021624800461
540,-91.0,13.0,32.0,36.05,29.07,30.0,"[11, 5, 13, 5]","[54, 54, 54, 54, 54, 54, 40, 40, 54, 54, 54, 40, 40, 40, 40, 40, 54, 54, 54, 40, 40, 40, 40, 40, 54, 54, 54, 54, 40, 40, 40, 40, 54, 54, 54, 40, 40, 40, 40, 40, 40, 38, 54, 40, 54, 40, 40, 40, 54, 40, 40, 54, 40, 40, 40, 54, 40, 40, 40, 54, 54, 54, 40, 54]",3,2.6666666666666665,3,2.0378109452736317,5.452737330606285,3.878491763293318,6.321053147205993
541,-94.4,9.6,28.6,32.35,26.31,31.8,"[8, 10, 8, 1]","[55, 55, 55, 55, 55, 22, 22, 22, 55, 55, 55, 22, 55, 22, 55, 55, 55, 55, 55, 22, 22, 55, 55, 55, 55, 55, 22, 22, 22, 22, 22, 55, 55, 55, 55, 22, 22, 22, 55, 55, 55, 55, 55, 22, 22, 22, 55, 55, 55, 55, 55, 22, 22, 22, 55, 55, 55, 55, 55, 22, 22, 22, 22, 55]",3,2.6666666666666665,2,1.9086672879776327,3.1517923500479177,3.103105570491023,4.42247879380342
542,-96.1,7.9,26.9,30.16,23.69,29.34,"[15, 4, 6, 4]","[39, 39, 39, 39, 39, 39, 39, 39, 39, 39, 39, 39, 39, 39, 39, 39, 39, 39, 39, 39, 39, 39, 39, 39, 39, 39, 39, 39, 39, 39, 39, 39, 39, 39, 39, 39, 39, 39, 39, 39, 39, 39, 39, 39, 39, 39, 39, 39, 39, 39, 39, 55, 39, 39, 39, 55, 39, 55, 6, 39, 6, 45, 6, 39]",3,2.6666666666666665,4,1.2533659730722153,4.3666231598208345,6.0023147916765165,7.062161940001928
543,-99.1,4.9,23.9,24.94,20.62,27.2,"[12, 10, 4, 12]","[38, 38, 38, 38, 38, 32, 32, 32, 38, 38, 38, 38, 32, 32, 32, 32, 38, 38, 38, 38, 32, 38, 32, 32, 38, 38, 32, 38, 32, 38, 38, 32, 38, 32, 32, 32, 38, 32, 38, 32, 38, 32, 32, 32, 38, 38, 32, 32, 32, 38, 32, 32, 32, 38, 32, 32, 38, 32, 32, 32, 32, 38, 38, 32]",3,2.6666666666666665,2,1.9922178988326849,5.185400603925372,8.161793661587506,8.753556827260857
544,-98.4,5.6,24.6,28.37,23.35,30.97,"[8, 10, 8, 1]","[38, 38, 38, 32, 32, 32, 38, 32, 38, 38, 38, 32, 32, 32, 32, 32, 38, 38, 32, 32, 32, 32, 32, 32, 32, 38, 38, 32, 32, 32, 32, 32, 38, 38, 32, 32, 32, 32, 32, 32, 38, 38, 32, 32, 38, 38, 32, 32, 38, 38, 32, 32, 32, 38, 32, 32, 32, 38, 32, 38, 32, 38, 38, 32]",3,2.6666666666666665,2,1.8823529411764706,2.1677651321692286,4.908122837606683,3.9659322892000572
545,-102.3,1.7,20.7,28.32,22.34,30.88,"[8, 0, 0, 0]","[47, 47, 47, 47, 47, 40, 40, 40, 40, 47, 40, 47, 40, 40, 40, 40, 40, 40, 40, 47, 47, 40, 40, 40, 40, 40, 40, 47, 47, 40, 40, 40, 40, 40, 40, 47, 47, 40, 40, 40, 40, 40, 40, 47, 47, 40, 40, 40, 40, 40, 40, 40, 47, 40, 40, 40, 40, 40, 40, 40, 47, 40, 40, 40]",2,1.6,2,1.6397117694155323,2.9397833827024984,5.789185922571003,5.242373684803765
546,-104.8,-0.8,18.2,25.0,19.64,29.48,"[11, 1, 1, 1]","[38, 38, 38, 34, 34, 34, 34, 34, 38, 38, 32, 32, 32, 32, 32, 32, 32, 32, 32, 38, 32, 32, 32, 32, 32, 38, 32, 32, 32, 32, 32, 32, 34, 32, 32, 38, 32, 32, 32, 34, 32, 32, 38, 32, 32, 32, 32, 34, 34, 32, 32, 38, 32, 32, 32, 34, 32, 34, 34, 32, 38, 38, 32, 32]",2,1.6,3,2.169491525423729,2.792121545806579,7.906329582931147,5.26554180732026
547,-107.5,-3.5,15.5,16.79,14.6,21.2,"[15, 5, 15, 5]","[46, 46, 46, 46, 46, 46, 46, 46, 46, 46, 46, 46, 46, 46, 46, 46, 46, 46, 46, 46, 46, 46, 31, 31, 46, 46, 31, 31, 31, 31, 31, 31, 31, 31, 31, 31, 31, 31, 31, 31, 31, 31, 31, 31, 31, 31, 31, 31, 46, 31, 31, 31, 31, 31, 31, 31, 31, 31, 31, 31, 31, 31, 31, 31]",2,2.0,2,1.9086672879776327,1.4027395834774563,2.8844050614330277,2.522951995377331
548,-109.7,-5.7,13.3,12.12,11.2,16.89,"[11, 11, 11, 11]","[47, 47, 47, 47, 47, 47, 47, 47, 47, 47, 47, 47, 47, 47, 47, 47, 47, 47, 47, 47, 47, 47, 47, 47, 47, 47, 47, 47, 47, 47, 47, 47, 47, 47, 47, 47, 47, 47, 47, 47, 47, 47, 47, 47, 47, 47, 47, 47, 47, 47, 47, 47, 47, 47, 47, 47, 47, 47, 47, 47, 47, 47, 47, 47]",1,1.0,1,1.0,4.300112847930339,4.27750530787986,6.065228764790531
549,-110.4,-6.4,12.6,11.99,11.59,16.16,"[12, 12, 12, 12]","[46, 46, 46, 46, 46, 46, 46, 46, 46, 46, 46, 46, 46, 46, 46, 46, 46, 46, 46, 46, 46, 46, 46, 46, 46, 46, 46, 46, 46, 46, 46, 46, 46, 46, 46, 46, 46, 46, 46, 46, 46, 46, 46, 46, 46, 46, 46, 46, 46, 46, 46, 46, 46, 46, 46, 46, 46, 46, 46, 46, 46, 46, 46, 46]",1,1.0,1,1.0,6.7007187063992335,8.008472414774335,10.278212242424386
550,-109.2,-5.2,13.8,20.23,17.24,30.91,"[8, 8, 1, 3]","[39, 33, 39, 33, 39, 33, 33, 33, 33, 39, 39, 39, 33, 33, 33, 33, 33, 33, 39, 39, 39, 33, 33, 33, 33, 33, 39, 39, 39, 39, 33, 33, 33, 33, 33, 39, 39, 33, 33, 33, 33, 33, 33, 39, 39, 33, 33, 33, 33, 33, 33, 39, 33, 39, 33, 33, 33, 33, 33, 33, 33, 39, 39, 33]",3,2.6666666666666665,2,1.788646288209607,1.528140871439803,3.6454751041261675,2.818653135887148
551,-113.2,-9.2,9.8,12.18,9.8,16.08,"[3, 3, 3, 3]","[39, 39, 39, 39, 39, 39, 39, 39, 39, 39, 39, 39, 39, 39, 39, 39, 39, 39, 39, 39, 39, 39, 39, 39, 39, 39, 39, 39, 39, 39, 39, 39, 39, 39, 39, 39, 39, 39, 39, 39, 39, 39, 39, 39, 39, 39, 39, 39, 39, 39, 39, 39, 39, 39, 39, 39, 40, 39, 39, 39, 39, 39, 39, 39]",1,1.0,2,1.0317380352644836,7.290503126673455,5.127149457000525,8.387766328019197
552,-110.5,-6.5,12.5,19.93,18.32,28.87,"[4, 15, 4, 15]","[25, 47, 47, 25, 25, 25, 25, 25, 25, 47, 47, 47, 47, 25, 25, 25, 25, 25, 47, 47, 47, 25, 25, 25, 25, 25, 25, 47, 47, 25, 25, 25, 25, 25, 47, 47, 47, 47, 25, 25, 25, 25, 25, 47, 47, 47, 25, 25, 25, 25, 25, 47, 47, 47, 25, 25, 25, 25, 25, 25, 47, 25, 25, 25]",2,2.0,2,1.8220640569395017,7.183467471065065,12.027376909510346,12.334431816423082
558,-114.4,-10.4,8.6,10.61,11.87,18.83,"[4, 4, 4, 4]","[24, 24, 24, 24, 24, 24, 24, 24, 24, 24, 24, 24, 24, 24, 24, 24, 24, 24, 24, 24, 24, 24, 24, 24, 24, 24, 24, 24, 24, 24, 24, 24, 24, 24, 24, 24, 24, 24, 24, 24, 24, 24, 24, 24, 24, 24, 24, 24, 24, 24, 24, 24, 24, 24, 24, 24, 24, 24, 24, 24, 24, 24, 24, 24]",1,1.0,1,1.0,16.773935684319692,9.621780791764008,16.692346240502395
559,-109.8,-5.8,13.2,12.89,14.7,22.98,"[4, 4, 4, 4]","[32, 32, 32, 32, 32, 32, 32, 32, 32, 32, 32, 32, 32, 32, 32, 32, 32, 32, 32, 32, 32, 32, 32, 32, 32, 32, 32, 32, 32, 32, 32, 32, 32, 32, 32, 32, 32, 32, 32, 32, 32, 32, 32, 32, 32, 32, 32, 32, 32, 32, 32, 32, 32, 32, 32, 32, 32, 32, 32, 32, 32, 32, 32, 32]",1,1.0,1,1.0,15.08947403571094,6.5741481108076245,12.053959868703437
560,-108.9,-4.9,14.1,14.87,15.43,25.6,"[4, 4, 4, 4]","[32, 32, 32, 32, 32, 32, 32, 32, 32, 32, 32, 32, 32, 32, 32, 32, 32, 32, 32, 32, 32, 32, 32, 32, 32, 32, 32, 32, 32, 32, 32, 32, 32, 32, 32, 32, 32, 32, 32, 32, 32, 32, 32, 32, 32, 32, 32, 32, 32, 32, 32, 32, 32, 32, 32, 32, 32, 32, 32, 32, 32, 32, 32, 32]",1,1.0,1,1.0,13.860321742539188,4.854620603458619,9.163425069848275
561,-70.9,33.1,52.1,65.26,55.73,73.56,"[12, 5, 12, 5]","[31, 25, 31, 31, 31, 25, 31, 31, 25, 31, 31, 25, 31, 31, 25, 25, 31, 25, 31, 25, 29, 25, 25, 25, 25, 27, 31, 25, 27, 29, 31, 29, 25, 29, 27, 27, 31, 27, 25, 31, 31, 31, 25, 27, 29, 27, 27, 31, 29, 31, 27, 27, 29, 29, 27, 29, 31, 27, 27, 31, 25, 31, 29, 29]",2,2.0,4,3.696750902527076,0.9871572321064608,5.79215392130924,1.9462509885018966
562,-68.8,35.2,54.2,75.23,59.16,96.83,"[0, 8, 0, 0]","[31, 48, 0, 31, 31, 31, 48, 48, 48, 31, 48, 31, 31, 48, 31, 48, 31, 48, 48, 31, 48, 48, 0, 31, 32, 32, 0, 32, 31, 32, 0, 48, 32, 0, 31, 48, 0, 48, 31, 0, 48, 48, 48, 0, 31, 48, 31, 0, 31, 0, 32, 48, 32, 48, 31, 0, 32, 32, 31, 31, 48, 31, 32, 0]",2,1.6,4,3.6376554174067497,0.9138869914857763,7.920912577463802,1.8157286899299854
563,-70.8,33.2,52.2,53.11,45.7,80.18,"[0, 0, 11, 0]","[24, 24, 24, 24, 24, 24, 24, 24, 30, 28, 24, 24, 24, 24, 24, 24, 24, 24, 28, 24, 28, 30, 24, 24, 24, 24, 26, 24, 24, 24, 28, 24, 26, 26, 26, 30, 26, 24, 26, 26, 26, 26, 28, 24, 28, 24, 28, 30, 24, 24, 24, 24, 30, 24, 24, 28, 30, 28, 26, 30, 28, 30, 28, 26]",2,1.6,4,2.801641586867305,1.0204858583978804,5.420067063106464,2.005730683724517
564,-70.2,33.8,52.8,43.0,37.92,78.82,"[12, 12, 4, 12]","[16, 16, 16, 16, 16, 16, 16, 32, 16, 32, 38, 16, 38, 16, 16, 32, 16, 22, 16, 22, 32, 16, 16, 16, 22, 16, 22, 32, 38, 22, 38, 16, 38, 16, 22, 32, 38, 16, 38, 32, 16, 32, 38, 22, 22, 22, 32, 16, 16, 22, 16, 38, 16, 32, 38, 32, 32, 16, 38, 38, 16, 16, 38, 16]",2,1.6,4,3.266347687400319,9.188223728180484,6.40853259390897,10.512617055680746
565,-68.3,35.7,54.7,45.57,40.35,91.77,"[0, 8, 0, 8]","[16, 16, 16, 16, 16, 16, 16, 16, 16, 39, 39, 16, 22, 16, 22, 16, 16, 39, 16, 39, 7, 16, 22, 39, 39, 16, 16, 7, 39, 16, 16, 7, 7, 39, 7, 22, 22, 16, 22, 39, 22, 39, 16, 39, 39, 39, 39, 16, 16, 22, 22, 22, 39, 16, 22, 39, 39, 7, 39, 39, 16, 39, 22, 16]",2,2.0,4,3.261146496815287,6.249249089127789,5.228800260201099,8.020421854372493
566,-68.6,35.4,54.4,63.73,51.55,69.26,"[11, 5, 3, 11]","[16, 16, 16, 16, 16, 16, 16, 22, 16, 16, 22, 16, 32, 39, 16, 22, 16, 39, 16, 32, 16, 39, 32, 22, 22, 22, 32, 32, 32, 22, 22, 39, 22, 22, 32, 22, 16, 32, 39, 32, 16, 39, 16, 22, 22, 16, 32, 39, 16, 32, 22, 32, 32, 22, 32, 32, 16, 39, 16, 32, 32, 16, 16, 16]",3,2.6666666666666665,4,3.5493934142114383,0.5898939809334112,1.9911721754394118,1.1311913077791558
567,-68.2,35.8,54.8,66.2,52.93,92.05,"[8, 0, 8, 0]","[30, 24, 24, 24, 24, 30, 24, 24, 24, 24, 24, 24, 24, 24, 24, 24, 26, 24, 26, 30, 26, 24, 28, 24, 28, 28, 30, 26, 26, 26, 30, 26, 24, 28, 28, 28, 28, 30, 26, 28, 24, 30, 24, 24, 26, 28, 24, 24, 30, 30, 28, 30, 30, 24, 26, 28, 26, 26, 24, 28, 30, 30, 26, 26]",2,2.0,4,3.6119929453262785,0.6212679182614491,3.2116509331673426,1.2199208724764332
568,-67.3,36.7,55.7,43.44,38.26,117.34,"[11, 3, 11, 11]","[23, 23, 23, 23, 23, 23, 23, 23, 23, 23, 39, 23, 63, 39, 63, 39, 63, 7, 7, 39, 23, 23, 23, 23, 39, 63, 7, 63, 63, 7, 39, 23, 63, 23, 7, 23, 7, 63, 23, 23, 39, 39, 7, 23, 23, 7, 39, 63, 7, 39, 39, 23, 23, 7, 23, 7, 39, 39, 23, 63, 7, 23, 23, 39]",2,1.6,4,3.34640522875817,9.673706641236489,5.3808495333271,9.404705483580308
569,-64.3,39.7,58.7,54.14,44.37,259.83,"[15, 7, 15, 1]","[23, 23, 23, 23, 47, 31, 23, 23, 31, 23, 31, 23, 23, 23, 31, 31, 23, 31, 31, 23, 23, 31, 31, 47, 23, 31, 31, 23, 23, 47, 23, 31, 23, 23, 31, 15, 15, 15, 23, 31, 23, 23, 31, 23, 23, 47, 23, 15, 31, 15, 23, 23, 23, 23, 23, 31, 31, 31, 15, 23, 23, 15, 47, 31]",3,2.6666666666666665,4,2.734312416555407,0.14671876362576447,4.866459449471073,0.2933042565100969
570,-67.7,36.3,55.3,55.61,42.84,115.76,"[11, 11, 3, 11]","[30, 14, 30, 30, 30, 30, 30, 30, 14, 14, 30, 14, 30, 14, 8, 30, 14, 14, 14, 14, 24, 8, 24, 14, 14, 14, 24, 8, 30, 24, 30, 14, 14, 8, 8, 24, 30, 14, 30, 8, 24, 14, 24, 24, 30, 14, 30, 8, 14, 30, 24, 14, 30, 14, 14, 14, 30, 30, 24, 24, 24, 24, 30, 14]",2,1.6,4,3.4478114478114477,0.14314808252251474,4.6015844895904205,0.2861577361563516
571,-65.5,38.5,57.5,55.61,45.82,170.5,"[8, 8, 0, 8]","[22, 22, 22, 22, 22, 22, 22, 18, 22, 24, 24, 8, 22, 22, 24, 22, 24, 22, 18, 24, 18, 8, 22, 8, 22, 22, 24, 22, 8, 18, 22, 18, 22, 22, 22, 24, 22, 18, 22, 22, 22, 22, 22, 22, 8, 22, 22, 22, 22, 22, 22, 22, 18, 18, 22, 22, 22, 22, 22, 22, 8, 8, 24, 18]",2,1.6,4,2.2831661092530657,0.11388926172837499,3.056107133041574,0.22762052271625077
572,-67.3,36.7,55.7,56.39,44.64,97.72,"[12, 10, 12, 4]","[15, 15, 15, 15, 15, 15, 15, 15, 15, 31, 15, 15, 31, 15, 31, 15, 31, 63, 63, 15, 13, 31, 31, 31, 15, 15, 15, 31, 13, 15, 13, 15, 63, 63, 31, 15, 63, 13, 15, 31, 31, 13, 31, 13, 13, 15, 31, 15, 15, 15, 31, 63, 63, 31, 15, 13, 15, 63, 63, 63, 63, 15, 13, 31]",3,2.6666666666666665,4,3.2979066022544283,0.21809741489111606,4.254939306105594,0.43562294298826054
573,-68.4,35.6,54.6,59.8,45.24,75.76,"[12, 12, 4, 12]","[23, 23, 23, 23, 7, 7, 23, 23, 7, 23, 23, 7, 7, 23, 23, 7, 23, 23, 23, 7, 7, 23, 23, 38, 23, 23, 21, 23, 7, 21, 38, 21, 21, 23, 23, 38, 7, 7, 21, 38, 38, 23, 21, 38, 21, 23, 21, 21, 38, 21, 7, 21, 23, 23, 38, 21, 38, 23, 38, 21, 23, 23, 23, 38]",2,1.6,4,3.3628899835796386,0.17833419542626316,3.139951669610002,0.3560945270557664
574,-66.5,37.5,56.5,49.82,42.05,132.9,"[11, 3, 11, 1]","[7, 7, 7, 7, 7, 7, 23, 7, 7, 23, 7, 7, 23, 7, 23, 23, 7, 7, 13, 13, 13, 7, 13, 7, 7, 9, 7, 23, 13, 9, 9, 9, 7, 7, 23, 13, 23, 13, 23, 9, 13, 9, 23, 7, 9, 13, 13, 13, 13, 13, 23, 23, 7, 23, 9, 23, 7, 23, 7, 9, 13, 23, 23, 9]",3,2.6666666666666665,4,3.6768402154398565,0.10820608738862321,1.8219955030142054,0.21603153558208604
575,-70.4,33.6,52.6,49.99,39.76,84.47,"[15, 6, 15, 4]","[6, 6, 6, 6, 6, 6, 6, 6, 6, 6, 6, 23, 38, 6, 6, 6, 6, 6, 38, 23, 6, 38, 23, 6, 6, 38, 6, 6, 6, 21, 23, 38, 21, 38, 6, 21, 21, 38, 23, 38, 6, 23, 6, 21, 21, 23, 6, 6, 6, 6, 21, 21, 21, 6, 6, 21, 21, 6, 6, 6, 21, 21, 6, 38]",3,2.6666666666666665,4,2.6876640419947506,0.14108040003850314,1.6654683522538907,0.28115387379902657
576,-72.1,31.9,50.9,43.32,34.66,46.34,"[15, 4, 15, 4]","[62, 62, 62, 62, 62, 62, 62, 62, 62, 62, 30, 62, 62, 14, 62, 30, 62, 62, 14, 46, 30, 62, 62, 14, 30, 46, 62, 14, 62, 14, 46, 14, 30, 14, 62, 46, 14, 62, 30, 14, 14, 46, 46, 62, 62, 30, 62, 30, 62, 14, 14, 62, 46, 62, 62, 62, 30, 30, 30, 62, 62, 14, 30, 62]",2,2.0,4,2.9552669552669553,1.7494380290542813,3.302767148344419,3.091910391978461
577,-79.0,25.0,44.0,37.93,29.34,39.75,"[11, 1, 11, 11]","[62, 62, 62, 62, 62, 62, 62, 62, 62, 62, 6, 62, 62, 62, 62, 6, 62, 6, 6, 6, 54, 54, 6, 54, 22, 62, 6, 22, 6, 62, 22, 22, 54, 62, 62, 54, 22, 62, 54, 6, 6, 62, 54, 6, 54, 62, 6, 54, 62, 62, 22, 62, 54, 62, 22, 54, 54, 54, 6, 22, 54, 22, 22, 6]",2,1.6,4,3.506849315068493,1.7589394408398111,2.018040468592189,2.6519271293433717
578,-85.9,18.1,37.1,33.63,27.45,31.93,"[10, 4, 12, 4]","[53, 53, 53, 53, 53, 53, 55, 55, 55, 55, 55, 55, 55, 55, 55, 55, 55, 55, 55, 55, 55, 55, 55, 55, 55, 55, 53, 53, 53, 55, 53, 53, 53, 55, 53, 55, 55, 55, 53, 55, 59, 53, 53, 53, 55, 55, 55, 55, 53, 53, 53, 55, 55, 55, 55, 55, 5, 53, 53, 59, 53, 55, 53, 53]",3,2.6666666666666665,4,2.12668743509865,11.672836778007618,3.9993420452978063,7.566874188868267
579,-89.1,14.9,33.9,36.06,29.99,35.37,"[10, 8, 0, 10]","[53, 53, 53, 49, 49, 49, 49, 49, 53, 53, 49, 53, 49, 49, 49, 53, 49, 49, 53, 53, 53, 53, 53, 53, 49, 49, 49, 53, 53, 49, 49, 53, 49, 49, 53, 53, 49, 53, 53, 53, 49, 49, 49, 49, 53, 49, 49, 53, 53, 49, 49, 53, 53, 53, 53, 49, 53, 49, 53, 49, 49, 53, 53, 53]",3,2.6666666666666665,2,1.9980487804878049,0.19451684730452634,1.1358240363803829,0.38345127260229483
580,-94.6,9.4,28.4,36.08,29.86,34.19,"[11, 5, 13, 5]","[45, 45, 41, 45, 41, 41, 41, 41, 41, 45, 47, 41, 41, 41, 41, 41, 47, 41, 47, 41, 41, 47, 41, 41, 41, 41, 41, 41, 41, 41, 41, 41, 47, 47, 41, 41, 41, 41, 41, 41, 41, 41, 41, 41, 41, 47, 41, 47, 41, 41, 41, 41, 41, 45, 45, 47, 41, 41, 41, 41, 41, 47, 45, 47]",3,2.6666666666666665,3,1.7917760279965005,0.8495112719102597,1.2105138313302524,1.3907312120822175
581,-95.2,8.8,27.8,30.74,25.71,30.76,"[6, 4, 12, 4]","[54, 54, 54, 54, 54, 22, 22, 22, 54, 54, 54, 22, 22, 22, 22, 22, 54, 54, 54, 22, 22, 22, 22, 22, 54, 54, 54, 22, 22, 22, 22, 22, 54, 54, 54, 22, 22, 22, 22, 22, 54, 54, 54, 54, 22, 22, 22, 22, 54, 54, 54, 54, 22, 22, 22, 22, 54, 54, 54, 54, 22, 54, 22, 22]",3,2.6666666666666665,2,1.9922178988326849,0.28363031648610854,1.5410439089745822,0.5578901508964397
582,-99.0,5.0,24.0,26.01,21.45,23.55,"[7, 5, 7, 5]","[47, 47, 47, 47, 47, 47, 47, 47, 47, 47, 47, 47, 47, 47, 39, 39, 39, 39, 39, 54, 39, 39, 39, 39, 54, 54, 39, 39, 39, 39, 39, 39, 54, 39, 39, 39, 39, 39, 39, 39, 39, 39, 39, 39, 39, 39, 39, 39, 39, 47, 47, 47, 39, 47, 39, 39, 39, 47, 47, 47, 47, 47, 47, 54]",2,2.0,3,2.24315443592552,1.878408091148459,3.0538019163120786,3.199923396972626
583,-100.1,3.9,22.9,24.73,20.97,25.49,"[15, 4, 4, 15]","[47, 47, 47, 47, 47, 47, 47, 47, 47, 47, 47, 47, 47, 47, 47, 39, 47, 47, 47, 39, 39, 39, 39, 39, 39, 39, 39, 39, 39, 39, 39, 39, 39, 39, 39, 39, 39, 39, 39, 39, 39, 39, 39, 39, 39, 39, 39, 39, 39, 39, 39, 39, 39, 39, 39, 39, 47, 47, 39, 39, 39, 39, 39, 47]",2,2.0,2,1.788646288209607,1.2738807119344737,2.7069949102996986,2.3052619376326047
584,-102.8,1.2,20.2,22.48,19.58,22.06,"[12, 4, 10, 4]","[46, 46, 46, 46, 46, 46, 46, 46, 46, 46, 40, 40, 40, 46, 46, 46, 46, 40, 40, 40, 40, 46, 46, 46, 46, 46, 40, 40, 40, 46, 46, 46, 46, 46, 40, 40, 40, 46, 40, 46, 46, 46, 40, 40, 40, 40, 46, 46, 46, 46, 46, 40, 40, 40, 46, 46, 46, 40, 54, 40, 46, 40, 40, 40]",3,2.6666666666666665,3,2.0019550342130987,1.0530128093362119,2.5888549009377697,1.9508230714387758
585,-101.9,2.1,21.1,25.53,20.37,31.58,"[11, 9, 1, 1]","[39, 39, 33, 33, 39, 33, 33, 33, 39, 33, 39, 33, 33, 33, 33, 33, 33, 39, 39, 39, 33, 33, 33, 33, 39, 33, 33, 39, 33, 33, 33, 33, 33, 33, 39, 39, 39, 33, 33, 33, 33, 39, 33, 39, 39, 33, 33, 33, 33, 33, 33, 33, 39, 39, 33, 33, 33, 33, 33, 33, 39, 39, 39, 33]",3,2.6666666666666665,2,1.788646288209607,1.5528314766964233,4.690588007791019,2.9483016220300886
586,-107.8,-3.8,15.2,22.89,19.5,32.38,"[12, 4, 4, 4]","[39, 25, 39, 25, 39, 25, 25, 25, 39, 39, 25, 25, 25, 25, 25, 25, 39, 25, 39, 39, 25, 25, 25, 25, 25, 39, 39, 25, 39, 25, 25, 25, 39, 39, 25, 39, 39, 25, 25, 25, 25, 25, 39, 39, 25, 25, 25, 25, 25, 39, 25, 25, 39, 39, 25, 25, 39, 25, 25, 39, 39, 39, 25, 25]",2,1.6,2,1.8823529411764706,1.55218632487634,5.067829470507466,2.968268177052159
587,-108.0,-4.0,15.0,18.42,16.18,25.06,"[12, 4, 12, 4]","[38, 38, 38, 32, 32, 32, 32, 32, 38, 38, 38, 32, 32, 32, 32, 32, 38, 32, 32, 32, 32, 32, 32, 32, 32, 32, 32, 38, 38, 38, 32, 32, 32, 32, 32, 32, 32, 38, 32, 32, 32, 32, 32, 32, 38, 38, 32, 32, 32, 32, 32, 32, 32, 38, 38, 32, 32, 32, 32, 32, 32, 38, 32, 32]",2,2.0,2,1.6,1.8070899197556376,7.293703086684645,3.508110416495023
588,-111.1,-7.1,11.9,11.64,10.85,16.38,"[11, 11, 11, 11]","[46, 46, 46, 46, 46, 46, 46, 46, 46, 46, 46, 46, 46, 46, 46, 46, 46, 46, 46, 46, 46, 46, 46, 46, 46, 46, 46, 46, 46, 46, 46, 46, 46, 46, 46, 46, 46, 46, 46, 46, 46, 46, 46, 46, 46, 46, 46, 46, 46, 46, 46, 46, 46, 46, 46, 46, 46, 46, 46, 46, 46, 46, 46, 46]",1,1.0,1,1.0,9.330317455276072,6.770428074243231,10.959497506654206
589,-112.2,-8.2,10.8,11.31,10.99,20.86,"[12, 12, 12, 12]","[39, 39, 39, 39, 39, 39, 39, 39, 39, 39, 39, 39, 39, 39, 39, 39, 39, 39, 39, 39, 39, 39, 39, 39, 39, 39, 39, 39, 39, 39, 39, 39, 39, 39, 39, 39, 39, 39, 39, 39, 39, 39, 39, 39, 39, 39, 39, 39, 39, 39, 39, 39, 39, 39, 39, 39, 39, 39, 39, 39, 39, 39, 39, 39]",1,1.0,1,1.0,4.708547751563649,4.917217151845654,6.801646970863916
590,-110.2,-6.2,12.8,19.55,16.89,28.74,"[15, 1, 1, 15]","[32, 38, 32, 32, 32, 32, 33, 33, 32, 32, 32, 32, 32, 33, 33, 33, 32, 32, 32, 32, 32, 32, 33, 33, 32, 32, 32, 32, 32, 32, 33, 33, 32, 32, 32, 32, 32, 32, 32, 33, 33, 32, 32, 32, 32, 32, 32, 33, 33, 33, 32, 32, 32, 32, 32, 33, 33, 33, 32, 32, 32, 32, 32, 33]",2,2.0,3,1.7429787234042553,1.9743146305344328,4.469149879475907,3.6118855588621703
591,-113.2,-9.2,9.8,10.93,9.79,15.46,"[0, 0, 0, 0]","[32, 32, 32, 32, 32, 32, 32, 32, 32, 32, 32, 32, 32, 32, 32, 32, 32, 32, 32, 32, 32, 32, 32, 32, 32, 32, 32, 32, 32, 32, 32, 32, 32, 32, 32, 32, 32, 32, 32, 32, 32, 32, 32, 32, 32, 32, 32, 32, 32, 32, 32, 32, 32, 32, 32, 32, 32, 32, 32, 32, 32, 32, 32, 32]",1,1.0,1,1.0,7.545381954120345,6.412913939759551,9.772924831799196
592,-116.0,-12.0,7.0,12.74,10.91,17.31,"[12, 12, 4, 4]","[31, 31, 31, 31, 31, 31, 31, 31, 31, 31, 31, 31, 31, 31, 31, 31, 40, 40, 40, 40, 40, 40, 40, 40, 40, 40, 40, 40, 40, 40, 40, 40, 40, 40, 40, 40, 40, 40, 40, 40, 40, 40, 40, 40, 40, 40, 40, 40, 40, 40, 40, 40, 40, 40, 40, 40, 40, 40, 40, 31, 31, 40, 40, 40]",2,2.0,2,1.678688524590164,2.6188633002193016,6.28273386084524,4.834535595422866
595,-162.7,-58.7,-39.7,0.03,0.02,0.65,"[4, 4, 4, 4]","[32, 32, 32, 32, 32, 32, 32, 32, 32, 32, 32, 32, 32, 32, 32, 32, 32, 32, 32, 32, 32, 32, 32, 32, 32, 32, 32, 32, 32, 32, 32, 32, 32, 32, 32, 32, 32, 32, 32, 32, 32, 32, 32, 32, 32, 32, 32, 32, 32, 32, 32, 32, 32, 32, 32, 32, 32, 32, 32, 32, 32, 32, 32, 32]",1,1.0,1,1.0,2.3316167520128355,0.9839186836930688,1.813020221198944
601,-72.3,31.7,50.7,62.9,51.91,68.58,"[3, 5, 3, 5]","[39, 48, 39, 48, 39, 48, 48, 48, 48, 48, 39, 39, 39, 39, 48, 48, 32, 48, 39, 32, 39, 39, 39, 39, 48, 48, 48, 39, 39, 32, 39, 39, 48, 48, 32, 48, 39, 48, 32, 39, 32, 48, 32, 48, 39, 39, 39, 32, 32, 48, 48, 39, 39, 39, 32, 48, 32, 48, 48, 23, 23, 23, 48, 23]",2,2.0,4,3.0612855007473843,0.7491693995463896,4.510191308659334,1.4780864765427015
602,-71.2,32.8,51.8,36.27,31.54,64.71,"[12, 4, 12, 12]","[39, 39, 39, 39, 39, 39, 39, 23, 39, 23, 39, 39, 23, 23, 23, 0, 39, 39, 23, 39, 39, 48, 0, 48, 23, 0, 0, 23, 48, 23, 48, 0, 48, 39, 23, 0, 48, 39, 23, 0, 23, 48, 23, 48, 48, 0, 39, 0, 48, 48, 0, 0, 0, 39, 39, 23, 23, 23, 39, 23, 23, 48, 39, 39]",2,1.6,4,3.7372262773722627,7.827728589242489,6.305173739557397,9.820661707693127
603,-69.7,34.3,53.3,44.12,38.82,66.78,"[0, 11, 0, 0]","[23, 23, 23, 23, 23, 23, 23, 32, 23, 38, 23, 23, 55, 23, 23, 23, 32, 32, 32, 32, 38, 32, 38, 32, 55, 55, 23, 32, 32, 23, 32, 38, 23, 23, 32, 23, 23, 55, 32, 32, 23, 23, 38, 55, 23, 55, 38, 55, 55, 55, 55, 38, 32, 23, 23, 32, 32, 32, 38, 38, 55, 32, 38, 38]",2,1.6,4,3.586690017513135,0.06670717517753935,3.4937088742852,0.13339003808572003
604,-69.9,34.1,53.1,44.5,38.43,77.08,"[3, 11, 3, 11]","[39, 39, 39, 39, 39, 39, 39, 39, 16, 16, 16, 39, 39, 39, 39, 16, 39, 39, 22, 22, 0, 39, 39, 39, 16, 0, 22, 16, 39, 16, 16, 16, 0, 0, 16, 0, 39, 39, 22, 39, 0, 39, 0, 39, 16, 0, 16, 16, 22, 0, 16, 39, 16, 22, 16, 39, 0, 22, 39, 16, 39, 39, 16, 0]",2,2.0,4,3.2050078247261347,4.465132097167371,3.4430852655139264,5.453201124617191
605,-69.2,34.8,53.8,57.61,47.83,63.45,"[11, 5, 3, 11]","[23, 7, 23, 23, 23, 7, 23, 23, 32, 7, 7, 7, 23, 23, 23, 23, 7, 23, 32, 7, 32, 32, 7, 7, 38, 23, 7, 38, 23, 32, 23, 7, 32, 7, 32, 38, 7, 38, 7, 7, 7, 38, 32, 38, 7, 38, 7, 7, 38, 38, 32, 23, 38, 38, 23, 38, 32, 23, 38, 38, 7, 23, 7, 7]",3,2.6666666666666665,4,3.710144927536232,0.5765312724809404,3.512183168269448,1.1378345035230293
606,-67.3,36.7,55.7,62.63,54.92,132.19,"[12, 4, 12, 4]","[23, 7, 23, 23, 23, 23, 23, 23, 7, 7, 7, 7, 23, 23, 23, 23, 55, 7, 55, 23, 39, 7, 23, 55, 23, 23, 23, 23, 23, 55, 7, 7, 7, 55, 39, 23, 23, 7, 23, 23, 39, 39, 39, 39, 39, 23, 39, 39, 23, 23, 39, 23, 23, 55, 7, 7, 55, 55, 23, 55, 7, 55, 23, 23]",2,2.0,4,3.1604938271604937,0.9680810188620683,4.560216879929164,1.893955488117235
607,-67.9,36.1,55.1,52.17,42.36,91.97,"[12, 12, 4, 4]","[24, 22, 24, 24, 24, 24, 24, 24, 24, 24, 38, 24, 24, 22, 24, 24, 24, 28, 24, 22, 22, 24, 28, 24, 28, 24, 22, 38, 28, 38, 22, 28, 28, 24, 28, 22, 38, 24, 38, 24, 28, 24, 38, 28, 38, 24, 28, 28, 24, 28, 24, 24, 38, 38, 38, 38, 24, 28, 22, 22, 28, 24, 28, 24]",2,2.0,4,3.230283911671924,1.057709857559,4.876833410904415,2.067355370684565
608,-66.7,37.3,56.3,43.69,39.31,139.22,"[12, 7, 12, 12]","[22, 22, 22, 22, 16, 22, 22, 22, 22, 16, 28, 16, 22, 16, 38, 16, 22, 16, 28, 38, 16, 16, 22, 16, 38, 28, 16, 22, 16, 38, 16, 22, 22, 28, 22, 16, 22, 22, 28, 28, 16, 22, 28, 22, 16, 16, 16, 16, 16, 22, 38, 16, 22, 28, 38, 28, 22, 28, 16, 16, 22, 16, 38, 38]",2,1.6,4,3.351882160392799,9.339288162940246,8.393671013309419,12.4856999766689
609,-65.9,38.1,57.1,45.0,39.39,210.63,"[15, 4, 15, 15]","[22, 22, 22, 22, 22, 22, 22, 22, 15, 24, 15, 30, 30, 30, 24, 22, 15, 30, 15, 30, 30, 15, 30, 22, 24, 24, 22, 22, 15, 30, 30, 30, 15, 22, 30, 22, 22, 22, 22, 22, 24, 30, 22, 24, 22, 30, 24, 30, 22, 22, 22, 22, 30, 30, 30, 22, 22, 30, 24, 30, 15, 30, 24, 30]",2,1.6,4,3.2456418383518226,11.028398746651781,5.563979971449123,9.935146966396575
610,-65.3,38.7,57.7,57.74,49.57,132.58,"[12, 4, 4, 12]","[22, 22, 22, 22, 22, 22, 22, 22, 22, 18, 16, 22, 16, 16, 16, 22, 22, 18, 18, 22, 20, 16, 22, 20, 18, 16, 20, 22, 16, 16, 18, 18, 22, 22, 22, 16, 18, 22, 22, 22, 18, 20, 22, 16, 22, 22, 22, 18, 20, 22, 22, 22, 18, 22, 22, 22, 22, 16, 18, 20, 22, 22, 18, 16]",2,2.0,4,2.7675675675675677,0.13245988875605647,4.31898300500419,0.2647952733339027
611,-66.6,37.4,56.4,47.54,40.12,107.05,"[8, 8, 8, 0]","[31, 31, 31, 31, 31, 31, 31, 31, 31, 47, 63, 63, 63, 63, 47, 63, 31, 31, 14, 31, 31, 63, 63, 14, 47, 14, 31, 31, 14, 14, 47, 47, 14, 47, 31, 31, 63, 31, 63, 63, 63, 47, 31, 31, 47, 31, 31, 47, 14, 63, 31, 31, 31, 31, 47, 31, 31, 31, 31, 63, 31, 31, 31, 31]",2,1.6,4,2.778833107191316,0.18494915503410023,4.642986290152316,0.3696051898412335
612,-65.6,38.4,57.4,51.71,44.71,152.07,"[8, 8, 6, 8]","[22, 22, 22, 22, 22, 22, 22, 22, 16, 10, 16, 22, 12, 16, 12, 22, 22, 10, 22, 22, 16, 22, 22, 16, 12, 22, 16, 10, 22, 12, 22, 10, 22, 12, 12, 22, 10, 10, 22, 22, 22, 16, 22, 10, 16, 22, 12, 22, 22, 22, 16, 12, 10, 12, 12, 12, 22, 22, 10, 16, 22, 22, 22, 16]",2,1.6,4,2.9008498583569406,0.07436255283537269,1.785436478020428,0.14859627790017513
613,-63.8,40.2,59.2,50.62,46.42,186.22,"[11, 3, 11, 5]","[23, 23, 23, 23, 23, 23, 21, 23, 23, 23, 23, 17, 6, 6, 17, 23, 6, 23, 21, 23, 23, 6, 23, 23, 17, 17, 6, 6, 17, 23, 23, 17, 6, 23, 23, 6, 23, 23, 23, 17, 6, 23, 21, 23, 17, 21, 17, 6, 21, 6, 21, 21, 6, 6, 23, 6, 21, 6, 23, 21, 23, 21, 21, 21]",3,2.6666666666666665,4,3.319286871961102,1.0305624432033131,3.6953178775820374,1.9853636861460127
614,-69.4,34.6,53.6,54.67,43.2,75.75,"[7, 12, 7, 7]","[6, 6, 6, 6, 6, 6, 6, 6, 6, 6, 6, 23, 23, 6, 23, 23, 21, 21, 21, 21, 11, 23, 6, 6, 23, 21, 11, 6, 21, 6, 11, 21, 21, 23, 6, 6, 21, 21, 6, 6, 11, 21, 6, 23, 23, 11, 21, 23, 11, 6, 21, 23, 6, 21, 6, 11, 11, 23, 6, 6, 6, 6, 23, 23]",2,1.6,4,3.303225806451613,0.10264140851563855,1.5560012013069593,0.20483763928917648
615,-69.2,34.8,53.8,47.12,39.18,77.91,"[6, 12, 4, 6]","[6, 6, 6, 6, 6, 6, 6, 6, 22, 6, 6, 6, 6, 22, 6, 6, 54, 54, 38, 38, 6, 38, 38, 6, 6, 22, 54, 22, 22, 6, 54, 6, 6, 6, 38, 22, 54, 38, 54, 54, 38, 38, 22, 6, 6, 22, 6, 54, 22, 6, 38, 6, 38, 6, 54, 54, 6, 38, 22, 54, 54, 6, 6, 54]",3,2.6666666666666665,4,3.1751937984496124,0.17061672913689882,1.6566097070230592,0.33943795536134086
616,-73.4,30.6,49.6,46.41,38.0,64.07,"[7, 15, 7, 1]","[6, 6, 6, 6, 6, 6, 6, 6, 6, 6, 12, 6, 6, 6, 6, 6, 6, 29, 6, 29, 6, 31, 12, 31, 6, 12, 31, 29, 29, 12, 29, 31, 6, 31, 6, 12, 31, 6, 6, 31, 31, 6, 29, 29, 31, 6, 29, 6, 29, 29, 31, 31, 31, 6, 29, 6, 29, 12, 29, 31, 31, 12, 12, 6]",3,2.6666666666666665,4,3.2251968503937007,1.1708389722597181,2.400134367127291,2.1046118309245485
617,-76.8,27.2,46.2,37.2,30.35,39.87,"[7, 5, 7, 7]","[5, 5, 5, 5, 5, 5, 5, 5, 5, 5, 5, 5, 5, 5, 5, 59, 5, 5, 5, 5, 59, 59, 59, 7, 59, 59, 59, 59, 59, 59, 5, 59, 53, 5, 59, 59, 59, 59, 59, 59, 5, 53, 59, 5, 53, 59, 7, 5, 5, 53, 59, 59, 53, 5, 5, 53, 5, 5, 5, 5, 5, 59, 5, 5]",2,1.6,4,2.4380952380952383,5.423943594480356,4.125984215470758,6.56769552811607
618,-86.1,17.9,36.9,31.18,25.46,33.48,"[11, 0, 11, 11]","[53, 53, 53, 53, 53, 53, 53, 53, 53, 53, 53, 53, 53, 53, 53, 53, 53, 53, 53, 53, 53, 53, 5, 55, 53, 53, 53, 53, 55, 53, 53, 55, 5, 53, 53, 55, 53, 53, 37, 53, 53, 53, 53, 37, 5, 53, 5, 5, 37, 53, 53, 55, 55, 55, 5, 53, 53, 53, 53, 55, 5, 5, 53, 55]",2,1.6,4,1.9598086124401914,6.858216257774583,3.7797818934099037,6.620643084879474
619,-90.4,13.6,32.6,34.54,29.45,25.92,"[11, 9, 0, 0]","[53, 53, 53, 53, 53, 53, 53, 53, 53, 53, 53, 53, 53, 53, 53, 53, 53, 53, 53, 53, 53, 53, 53, 53, 53, 53, 53, 53, 53, 53, 53, 53, 49, 53, 53, 49, 53, 63, 49, 63, 47, 53, 53, 49, 47, 47, 49, 53, 63, 53, 53, 49, 49, 63, 49, 63, 53, 63, 53, 49, 53, 47, 63, 47]",3,2.6666666666666665,4,2.0439121756487024,3.0583656425575705,1.2688485152004954,2.3439753649137196
620,-92.5,11.5,30.5,36.55,29.2,32.58,"[11, 5, 13, 5]","[54, 54, 54, 22, 22, 22, 22, 22, 54, 54, 54, 22, 22, 22, 22, 22, 54, 54, 54, 54, 22, 22, 22, 22, 54, 54, 54, 54, 54, 22, 22, 22, 54, 54, 54, 22, 54, 54, 54, 54, 54, 54, 54, 54, 54, 54, 54, 54, 54, 54, 54, 54, 54, 54, 54, 54, 54, 54, 54, 54, 54, 54, 54, 54]",3,2.6666666666666665,2,1.678688524590164,1.316023947876192,1.5814645955436317,2.02316698043843
621,-94.2,9.8,28.8,34.45,28.36,29.63,"[7, 5, 12, 5]","[54, 54, 54, 22, 22, 22, 22, 22, 54, 54, 54, 22, 22, 22, 22, 22, 54, 22, 54, 22, 22, 22, 22, 22, 54, 54, 54, 22, 22, 54, 22, 54, 22, 22, 22, 22, 54, 54, 54, 38, 54, 38, 22, 38, 22, 54, 54, 38, 54, 38, 22, 22, 54, 38, 54, 38, 54, 22, 54, 54, 54, 54, 38, 54]",3,2.6666666666666665,3,2.5098039215686274,0.29899289740110374,1.234387562050031,0.5811797752359747
622,-99.7,4.3,23.3,23.57,21.28,23.62,"[8, 6, 8, 8]","[45, 45, 45, 45, 45, 45, 45, 45, 45, 45, 45, 45, 45, 45, 41, 41, 45, 45, 45, 41, 41, 41, 41, 41, 45, 45, 45, 41, 41, 41, 41, 41, 41, 41, 41, 41, 41, 41, 41, 41, 41, 41, 41, 45, 45, 45, 45, 41, 45, 47, 41, 47, 47, 45, 45, 41, 47, 47, 47, 41, 47, 47, 47, 45]",2,1.6,3,2.5696361355081554,1.1214664514409927,1.7583519205660056,1.8910499031875785
623,-102.6,1.4,20.4,24.63,20.5,27.94,"[11, 9, 11, 0]","[47, 47, 33, 33, 47, 33, 33, 33, 47, 47, 47, 33, 47, 47, 33, 33, 33, 33, 47, 47, 33, 33, 33, 33, 33, 33, 47, 47, 47, 33, 33, 33, 33, 33, 33, 47, 47, 47, 33, 33, 47, 33, 47, 47, 47, 33, 33, 33, 47, 33, 33, 33, 47, 47, 33, 33, 33, 33, 33, 33, 33, 47, 47, 47]",3,2.6666666666666665,2,1.9320754716981132,1.1200176521687575,2.5790179995979137,2.054646230418703
624,-103.2,0.8,19.8,24.53,20.02,27.02,"[8, 10, 8, 1]","[46, 46, 46, 32, 32, 32, 32, 32, 46, 46, 46, 46, 32, 32, 32, 32, 32, 46, 32, 46, 46, 32, 32, 32, 32, 32, 46, 46, 46, 46, 46, 46, 32, 32, 46, 46, 46, 32, 32, 32, 32, 32, 46, 46, 46, 32, 32, 46, 46, 46, 46, 46, 46, 46, 32, 46, 46, 32, 32, 32, 32, 32, 32, 32]",3,2.6666666666666665,2,1.9980487804878049,0.8551067869209579,2.3620695408411665,1.6080827213608349
625,-106.4,-2.4,16.6,23.96,20.03,30.07,"[8, 10, 8, 1]","[39, 39, 32, 32, 39, 32, 32, 32, 32, 39, 39, 32, 32, 32, 32, 32, 32, 39, 39, 39, 32, 32, 32, 32, 32, 32, 39, 39, 39, 32, 32, 32, 32, 32, 32, 39, 39, 32, 32, 32, 32, 32, 32, 39, 39, 32, 32, 32, 32, 32, 32, 39, 39, 39, 32, 32, 32, 32, 32, 32, 39, 39, 32, 32]",3,2.6666666666666665,2,1.7534246575342465,0.9259472036124797,2.7954006484325538,1.757962417642987
626,-109.3,-5.3,13.7,22.38,19.01,30.17,"[12, 4, 4, 4]","[38, 38, 24, 24, 24, 24, 38, 24, 38, 38, 24, 24, 24, 24, 24, 24, 38, 38, 38, 24, 24, 24, 24, 38, 38, 38, 38, 24, 38, 24, 24, 24, 38, 24, 24, 38, 38, 24, 24, 24, 24, 24, 38, 38, 38, 38, 24, 24, 24, 38, 38, 24, 38, 38, 24, 24, 38, 24, 24, 24, 38, 38, 24, 24]",2,1.6,2,1.9523355576739752,0.6495220835409661,2.1606192248666733,1.244046679655608
627,-109.7,-5.7,13.3,18.56,16.42,24.45,"[8, 1, 8, 8]","[38, 38, 38, 34, 32, 32, 32, 32, 38, 38, 32, 32, 38, 38, 32, 32, 32, 38, 38, 38, 38, 32, 32, 32, 32, 32, 32, 38, 38, 32, 32, 32, 32, 32, 32, 38, 38, 38, 32, 32, 32, 32, 32, 38, 38, 38, 32, 32, 32, 32, 32, 32, 38, 38, 32, 32, 32, 32, 32, 32, 38, 38, 38, 32]",2,1.6,3,1.9523355576739752,0.9317613830788188,4.3438167661221705,1.8220759362843473
628,-106.0,-2.0,17.0,27.27,25.1,36.48,"[4, 12, 4, 4]","[41, 47, 47, 41, 24, 24, 24, 24, 24, 47, 47, 47, 24, 24, 24, 24, 41, 41, 47, 47, 47, 24, 24, 24, 41, 24, 24, 24, 24, 24, 24, 24, 41, 24, 24, 47, 24, 24, 24, 24, 41, 24, 24, 47, 24, 24, 24, 24, 41, 24, 24, 47, 24, 24, 24, 24, 41, 41, 24, 47, 24, 24, 24, 24]",2,1.6,3,2.039840637450199,0.8923861278250895,3.5637406509314187,1.731317432337331
629,-106.4,-2.4,16.6,21.81,19.75,30.07,"[4, 12, 4, 12]","[34, 46, 34, 46, 46, 34, 34, 34, 34, 34, 46, 46, 34, 34, 34, 34, 34, 34, 34, 46, 46, 34, 34, 34, 34, 34, 34, 46, 46, 34, 34, 34, 34, 34, 34, 46, 46, 34, 34, 34, 34, 34, 34, 46, 46, 46, 34, 34, 34, 34, 34, 34, 46, 34, 34, 34, 34, 34, 34, 34, 46, 34, 34, 34]",2,2.0,2,1.6,5.826749583549304,7.771861360358191,9.32403524412377
630,-152.4,-48.4,-29.4,0.26,0.2,2.67,"[4, 4, 4, 4]","[33, 33, 33, 33, 33, 33, 33, 33, 33, 33, 33, 33, 33, 33, 33, 33, 33, 33, 33, 33, 33, 33, 33, 33, 33, 33, 33, 33, 33, 33, 33, 33, 33, 33, 33, 33, 33, 33, 33, 33, 33, 33, 33, 33, 33, 33, 33, 33, 33, 33, 33, 33, 33, 33, 33, 33, 33, 33, 33, 33, 33, 33, 33, 33]",1,1.0,1,1.0,1.0868928265904727,1.4706101441840564,1.7481519510188217
631,-133.9,-29.9,-10.9,3.62,3.25,6.62,"[1, 1, 1, 1]","[24, 24, 24, 24, 24, 24, 24, 24, 24, 24, 24, 24, 24, 24, 24, 24, 24, 24, 24, 24, 24, 24, 24, 24, 24, 24, 24, 24, 24, 24, 24, 24, 24, 24, 24, 24, 24, 24, 24, 24, 24, 24, 24, 24, 24, 24, 24, 24, 24, 24, 24, 24, 24, 24, 24, 24, 24, 24, 24, 24, 24, 24, 24, 24]",1,1.0,1,1.0,3.211048526875102,4.37202126074209,5.176043569435012
632,-164.0,-60.0,-41.0,0.01,0.01,0.08,"[4, 4, 4, 4]","[32, 32, 32, 32, 32, 32, 32, 32, 32, 32, 32, 32, 32, 32, 32, 32, 32, 32, 32, 32, 32, 32, 32, 32, 32, 32, 32, 32, 32, 32, 32, 32, 32, 34, 32, 32, 34, 32, 32, 34, 32, 32, 34, 32, 32, 34, 32, 32, 34, 32, 32, 34, 32, 32, 34, 32, 32, 34, 32, 32, 34, 32, 32, 32]",1,1.0,2,1.3580901856763925,0.8569516139132828,1.0781744893549872,1.3417189924567068
633,-138.9,-34.9,-15.9,2.4,2.5,6.62,"[4, 4, 4, 4]","[32, 32, 32, 32, 32, 32, 32, 32, 32, 32, 32, 32, 32, 32, 32, 32, 32, 32, 32, 32, 32, 32, 32, 32, 32, 32, 32, 32, 32, 32, 32, 32, 32, 32, 32, 32, 32, 32, 32, 32, 32, 32, 32, 32, 32, 32, 32, 32, 32, 32, 32, 32, 32, 32, 32, 32, 32, 32, 32, 32, 32, 32, 32, 32]",1,1.0,1,1.0,5.93671834909249,3.5516437309890967,6.095719056814573
634,-167.4,-63.4,-44.4,0.01,0.01,0.04,"[4, 4, 4, 4]","[33, 33, 33, 33, 33, 33, 33, 33, 33, 33, 33, 33, 33, 33, 33, 33, 33, 33, 33, 33, 33, 33, 33, 33, 33, 33, 33, 33, 33, 33, 33, 33, 33, 33, 33, 33, 33, 33, 33, 33, 33, 33, 33, 33, 33, 33, 33, 33, 33, 33, 31, 33, 33, 33, 33, 33, 31, 33, 33, 33, 33, 33, 33, 33]",1,1.0,2,1.0644490644490645,11.873641264090619,4.170379977209805,7.869472968719554
641,-70.9,33.1,52.1,47.18,41.87,75.94,"[12, 4, 12, 4]","[39, 39, 39, 39, 39, 39, 39, 39, 23, 39, 23, 39, 39, 39, 23, 39, 23, 39, 39, 39, 55, 55, 39, 39, 7, 55, 39, 23, 23, 55, 39, 39, 55, 23, 39, 7, 7, 55, 23, 7, 39, 55, 23, 39, 23, 55, 7, 39, 7, 39, 39, 39, 23, 39, 55, 55, 55, 39, 55, 23, 39, 39, 55, 7]",2,2.0,4,2.9552669552669553,0.17935493078811918,5.473711018524759,0.3585174519955938
642,-70.7,33.3,52.3,48.93,39.91,76.23,"[15, 15, 1, 15]","[32, 32, 32, 32, 32, 32, 16, 32, 32, 16, 22, 32, 32, 32, 32, 32, 22, 38, 32, 32, 32, 32, 38, 38, 32, 16, 38, 22, 38, 32, 38, 38, 32, 32, 22, 38, 22, 38, 38, 38, 32, 32, 22, 38, 32, 16, 22, 32, 32, 22, 22, 38, 22, 38, 32, 32, 22, 32, 16, 38, 32, 32, 38, 22]",2,1.6,4,2.9552669552669553,0.18382978099108485,5.416364959209314,0.367447990675188
643,-69.2,34.8,53.8,61.67,47.17,106.2,"[3, 3, 3, 8]","[31, 31, 31, 31, 31, 25, 25, 25, 29, 31, 25, 25, 25, 31, 31, 31, 31, 31, 25, 25, 27, 31, 29, 27, 25, 25, 31, 25, 25, 27, 31, 31, 31, 25, 31, 29, 31, 31, 25, 31, 31, 31, 31, 31, 31, 31, 31, 25, 31, 29, 25, 29, 31, 29, 31, 29, 27, 31, 29, 31, 31, 29, 29, 29]",2,1.6,4,2.7638326585695006,0.15394639731895438,4.0082271307523945,0.30766595247349476
644,-70.9,33.1,52.1,46.88,41.23,76.62,"[0, 8, 0, 8]","[39, 39, 39, 39, 39, 39, 39, 39, 39, 23, 39, 39, 39, 23, 39, 39, 39, 0, 23, 48, 48, 39, 23, 23, 23, 48, 0, 48, 39, 0, 39, 48, 39, 0, 0, 48, 23, 0, 39, 23, 23, 23, 23, 48, 39, 48, 0, 39, 23, 23, 48, 39, 39, 48, 39, 39, 39, 0, 39, 39, 23, 48, 0, 23]",2,2.0,4,3.230283911671924,5.754995144802567,6.016787399543289,8.317733893093287
645,-70.5,33.5,52.5,65.44,54.59,78.01,"[11, 0, 0, 11]","[24, 24, 30, 24, 24, 24, 30, 30, 26, 24, 30, 24, 30, 24, 24, 24, 24, 24, 30, 24, 24, 24, 24, 24, 28, 24, 24, 26, 26, 24, 28, 24, 28, 26, 28, 28, 28, 24, 26, 24, 26, 24, 26, 30, 28, 28, 30, 30, 24, 30, 28, 26, 28, 24, 24, 28, 26, 24, 30, 24, 26, 28, 30, 30]",2,2.0,4,3.266347687400319,0.5369928716962596,2.476560552653128,1.0495956061148857
646,-69.8,34.2,53.2,63.69,51.09,72.17,"[8, 1, 3, 8]","[24, 30, 24, 30, 24, 30, 24, 24, 30, 30, 24, 24, 24, 24, 24, 30, 24, 24, 24, 24, 24, 24, 30, 24, 24, 24, 30, 24, 24, 30, 30, 28, 24, 30, 30, 28, 24, 28, 24, 30, 28, 30, 24, 30, 30, 30, 18, 28, 24, 30, 30, 24, 30, 28, 30, 28, 30, 30, 18, 24, 24, 24, 24, 24]",3,2.6666666666666665,4,2.5504358655043586,0.5465900870816492,2.6439983010572643,1.0705437333750782
647,-69.3,34.7,53.7,48.33,39.08,107.69,"[11, 11, 11, 11]","[23, 23, 23, 23, 23, 23, 23, 23, 16, 23, 38, 23, 16, 23, 38, 22, 23, 23, 22, 38, 23, 16, 38, 16, 16, 23, 38, 38, 16, 16, 16, 23, 22, 16, 16, 16, 23, 23, 23, 16, 22, 22, 22, 16, 38, 23, 22, 16, 22, 16, 38, 16, 22, 22, 38, 16, 22, 16, 23, 23, 22, 23, 22, 23]",1,1.0,4,3.5617391304347827,1.4171301547416955,6.504084067963177,2.769289154619943
648,-67.9,36.1,55.1,48.32,41.57,113.65,"[12, 12, 10, 12]","[31, 31, 31, 31, 31, 31, 31, 31, 31, 63, 47, 31, 47, 31, 31, 31, 47, 63, 47, 63, 47, 31, 63, 31, 15, 63, 31, 47, 47, 15, 15, 47, 63, 15, 47, 63, 31, 47, 31, 31, 47, 31, 31, 63, 63, 15, 47, 31, 31, 63, 31, 15, 31, 47, 47, 31, 15, 31, 31, 31, 15, 63, 47, 47]",2,1.6,4,3.1950078003120126,2.160687934280786,5.940177386452087,4.061063717857486
649,-68.7,35.3,54.3,43.31,38.77,112.6,"[11, 11, 3, 11]","[31, 31, 31, 31, 31, 31, 31, 31, 47, 47, 15, 47, 29, 31, 31, 31, 29, 47, 31, 29, 47, 29, 47, 29, 29, 47, 29, 15, 47, 15, 15, 47, 31, 31, 29, 31, 15, 29, 47, 31, 31, 31, 29, 31, 31, 15, 31, 29, 31, 31, 47, 15, 31, 31, 31, 31, 31, 31, 31, 31, 29, 15, 31, 47]",2,1.6,4,2.9767441860465116,5.256859156070029,5.362035449931796,7.507587523146428
650,-66.2,37.8,56.8,47.89,43.67,177.86,"[15, 7, 15, 15]","[22, 22, 22, 22, 22, 22, 22, 22, 22, 22, 38, 38, 38, 16, 28, 38, 38, 22, 22, 22, 22, 22, 22, 16, 16, 22, 38, 22, 28, 16, 16, 38, 16, 22, 16, 28, 22, 38, 38, 16, 38, 28, 28, 38, 22, 22, 22, 22, 28, 22, 22, 38, 22, 38, 22, 22, 38, 22, 16, 22, 22, 16, 22, 22]",2,1.6,4,2.752688172043011,1.1126167858934235,6.064687220045178,2.188705830047736
651,-68.2,35.8,54.8,58.2,46.36,144.42,"[11, 11, 3, 11]","[31, 31, 31, 31, 31, 31, 31, 31, 31, 47, 31, 15, 21, 21, 31, 47, 31, 21, 21, 21, 15, 21, 31, 15, 15, 31, 15, 21, 15, 47, 21, 47, 15, 15, 21, 31, 47, 15, 15, 31, 31, 31, 15, 31, 31, 31, 15, 31, 31, 31, 31, 31, 15, 47, 21, 31, 31, 31, 31, 21, 31, 21, 31, 31]",2,1.6,4,2.8484005563282335,0.16113237984618667,4.325632724631695,0.32204140375847135
652,-66.2,37.8,56.8,55.94,45.39,119.55,"[8, 8, 6, 8]","[30, 30, 30, 30, 30, 30, 30, 30, 14, 30, 14, 14, 30, 62, 62, 14, 30, 46, 46, 46, 14, 46, 62, 14, 14, 14, 62, 62, 46, 30, 46, 62, 46, 30, 30, 62, 14, 30, 62, 30, 30, 14, 30, 14, 62, 14, 30, 14, 62, 14, 14, 46, 46, 14, 30, 62, 14, 62, 14, 14, 30, 14, 30, 62]",2,1.6,4,3.6119929453262785,0.12417536760403938,2.6811566520974153,0.24808480724906148
653,-67.8,36.2,55.2,48.12,39.07,95.17,"[6, 12, 6, 6]","[14, 30, 30, 14, 14, 14, 14, 14, 14, 14, 62, 14, 30, 14, 30, 14, 14, 47, 30, 14, 14, 14, 62, 14, 14, 14, 14, 30, 14, 14, 14, 30, 14, 14, 47, 30, 62, 47, 30, 47, 14, 62, 14, 30, 14, 47, 30, 62, 62, 47, 62, 14, 62, 14, 47, 14, 14, 30, 14, 14, 14, 30, 14, 14]",2,1.6,4,2.5956907477820024,0.1350207450312889,2.2831366380857916,0.2695705123451543
654,-65.6,38.4,57.4,46.43,40.37,211.53,"[11, 11, 0, 11]","[14, 14, 14, 14, 14, 14, 7, 14, 7, 29, 29, 7, 7, 14, 14, 14, 23, 7, 29, 29, 29, 14, 7, 14, 14, 14, 23, 14, 23, 29, 14, 14, 23, 7, 29, 14, 23, 23, 14, 14, 14, 14, 14, 23, 14, 14, 14, 14, 23, 14, 23, 23, 23, 14, 14, 14, 14, 14, 29, 14, 23, 29, 14, 14]",2,1.6,4,2.608917197452229,0.10926313442913847,1.4536150946862405,0.21791153583735115
655,-67.0,37.0,56.0,46.28,37.99,130.25,"[7, 7, 15, 7]","[5, 5, 5, 21, 5, 15, 5, 21, 5, 21, 15, 5, 5, 21, 15, 15, 53, 5, 53, 21, 53, 5, 15, 5, 15, 5, 21, 21, 5, 53, 15, 5, 15, 15, 21, 53, 21, 15, 5, 15, 5, 21, 21, 53, 21, 5, 21, 15, 21, 21, 5, 5, 5, 15, 15, 21, 15, 53, 21, 15, 21, 15, 5, 5]",2,1.6,4,3.574171029668412,1.3253911375736342,3.4790996474270686,2.477118823907182
656,-72.6,31.4,50.4,38.21,32.98,79.4,"[6, 4, 6, 6]","[13, 13, 13, 13, 13, 13, 14, 13, 13, 14, 14, 14, 14, 14, 13, 61, 61, 13, 61, 61, 14, 13, 13, 61, 13, 29, 61, 29, 14, 13, 14, 61, 61, 14, 14, 29, 29, 14, 13, 61, 61, 14, 13, 61, 29, 13, 29, 13, 13, 14, 61, 14, 13, 29, 61, 29, 13, 14, 13, 14, 61, 14, 14, 14]",2,1.6,4,3.5804195804195804,0.09710843527903375,0.7199281734599605,0.19247379939231193
657,-79.0,25.0,44.0,33.26,28.92,41.08,"[7, 5, 7, 7]","[6, 6, 6, 6, 6, 6, 6, 56, 60, 6, 60, 56, 56, 6, 56, 56, 6, 6, 56, 56, 6, 6, 56, 56, 6, 60, 6, 6, 56, 6, 6, 56, 6, 6, 60, 56, 6, 2, 60, 6, 2, 2, 6, 2, 60, 56, 2, 6, 2, 6, 2, 56, 2, 6, 6, 56, 56, 60, 6, 56, 2, 2, 2, 6]",2,1.6,4,3.1507692307692308,2.5460747267344193,2.9148036512010216,3.8350865599366655
658,-85.1,18.9,37.9,31.9,27.07,33.48,"[7, 5, 7, 5]","[53, 53, 53, 53, 53, 53, 53, 53, 53, 53, 53, 53, 53, 53, 53, 53, 53, 53, 53, 53, 53, 53, 53, 53, 53, 53, 54, 54, 5, 53, 53, 53, 5, 38, 5, 54, 5, 53, 53, 54, 5, 53, 54, 53, 38, 53, 53, 5, 5, 53, 53, 53, 5, 38, 53, 5, 38, 53, 54, 38, 38, 53, 54, 38]",2,2.0,4,2.2021505376344086,3.849349420347237,3.7332640308695217,5.359832643302221
659,-92.1,11.9,30.9,38.02,30.0,34.66,"[10, 8, 0, 0]","[54, 54, 54, 48, 48, 48, 48, 48, 54, 48, 48, 54, 48, 48, 48, 48, 48, 48, 54, 54, 54, 48, 48, 48, 48, 48, 54, 54, 54, 48, 48, 48, 48, 48, 48, 48, 48, 48, 48, 48, 48, 48, 48, 48, 48, 48, 48, 48, 48, 48, 48, 48, 48, 48, 48, 54, 48, 48, 48, 48, 48, 48, 48, 54]",3,2.6666666666666665,2,1.4787003610108302,1.413793978772795,0.8047858989886146,1.398817460605614
660,-94.3,9.7,28.7,30.08,25.72,31.6,"[6, 8, 6, 0]","[46, 46, 46, 46, 40, 40, 40, 40, 46, 46, 46, 46, 40, 40, 40, 40, 46, 46, 46, 46, 40, 40, 40, 46, 46, 46, 46, 46, 40, 40, 40, 46, 46, 46, 46, 46, 46, 46, 40, 46, 46, 46, 40, 40, 46, 46, 46, 40, 46, 46, 46, 46, 40, 40, 46, 40, 46, 46, 46, 46, 40, 46, 40, 46]",3,2.6666666666666665,2,1.8533936651583711,0.27123898688726555,0.8713526952892341,0.517963220635211
661,-97.8,6.2,25.2,31.5,25.1,28.81,"[6, 8, 0, 8]","[53, 53, 53, 53, 53, 55, 55, 55, 53, 53, 53, 55, 55, 55, 55, 55, 55, 55, 53, 53, 53, 55, 55, 55, 55, 55, 55, 53, 53, 53, 55, 55, 55, 55, 55, 53, 53, 53, 55, 55, 55, 55, 55, 53, 53, 55, 55, 55, 55, 53, 53, 53, 53, 53, 53, 53, 53, 53, 53, 53, 53, 53, 55, 55]",3,2.6666666666666665,2,2.0,0.3074328024933579,1.1034610048119031,0.5923070713565889
662,-101.5,2.5,21.5,27.78,23.09,27.72,"[11, 5, 5, 5]","[38, 38, 38, 22, 22, 22, 22, 38, 38, 38, 38, 22, 22, 22, 22, 22, 38, 38, 38, 55, 55, 55, 55, 55, 55, 55, 55, 55, 38, 55, 55, 55, 55, 38, 38, 38, 38, 38, 55, 55, 55, 55, 55, 55, 53, 38, 53, 53, 38, 53, 38, 53, 38, 53, 53, 38, 53, 53, 38, 53, 38, 53, 53, 38]",2,1.6,4,3.5249569707401034,0.8018770103167053,1.7253446275913042,1.4543538234956317
663,-104.3,-0.3,18.7,23.58,19.48,26.96,"[11, 9, 11, 1]","[38, 38, 38, 38, 38, 38, 38, 38, 38, 38, 38, 38, 38, 38, 38, 38, 38, 38, 38, 38, 38, 38, 38, 38, 38, 38, 38, 38, 38, 38, 38, 38, 38, 38, 38, 38, 38, 38, 38, 38, 38, 38, 38, 38, 38, 38, 38, 38, 38, 38, 38, 38, 38, 38, 38, 38, 38, 38, 38, 38, 38, 38, 38, 38]",3,2.6666666666666665,1,1.0,0.9943544519991594,2.2533187814476503,1.8194326442978332
664,-105.6,-1.6,17.4,31.94,28.44,41.6,"[11, 5, 5, 5]","[38, 24, 38, 24, 24, 24, 24, 24, 38, 38, 24, 24, 38, 38, 24, 24, 24, 38, 38, 38, 24, 24, 24, 24, 38, 24, 24, 24, 24, 38, 38, 24, 24, 38, 24, 24, 24, 24, 24, 38, 24, 24, 24, 24, 38, 24, 24, 24, 38, 38, 38, 38, 24, 24, 38, 38, 24, 24, 24, 24, 24, 24, 24, 24]",2,1.6,2,1.788646288209607,0.825169761256144,1.9907113444081452,1.5245550739112463
665,-106.6,-2.6,16.4,30.79,27.02,41.77,"[4, 15, 4, 4]","[33, 39, 33, 33, 33, 33, 33, 33, 39, 39, 33, 33, 39, 39, 39, 39, 33, 33, 33, 33, 33, 33, 33, 33, 33, 33, 33, 39, 39, 33, 33, 33, 33, 33, 39, 39, 39, 33, 33, 33, 33, 33, 33, 33, 39, 33, 33, 33, 33, 33, 33, 33, 33, 39, 39, 33, 33, 33, 33, 33, 39, 39, 33, 33]",2,1.6,2,1.6397117694155323,0.7449767409065208,1.776676958335309,1.3740491635522591
666,-109.8,-5.8,13.2,18.65,16.49,25.94,"[11, 5, 11, 5]","[47, 47, 33, 33, 47, 33, 33, 33, 47, 47, 47, 33, 33, 33, 33, 33, 33, 47, 47, 47, 47, 33, 33, 33, 33, 33, 47, 47, 47, 33, 33, 33, 33, 33, 47, 47, 47, 47, 33, 33, 33, 33, 33, 47, 47, 47, 33, 33, 33, 33, 33, 47, 47, 47, 33, 33, 33, 33, 33, 33, 47, 47, 33, 33]",2,2.0,2,1.9086672879776327,1.103098663997713,3.8473867116602087,2.12075076187175
667,-110.8,-6.8,12.2,17.68,14.41,22.76,"[11, 1, 11, 9]","[38, 38, 38, 38, 32, 32, 32, 32, 38, 38, 38, 38, 32, 32, 32, 32, 38, 32, 32, 32, 32, 32, 32, 32, 38, 38, 38, 32, 32, 38, 32, 32, 38, 38, 32, 32, 38, 38, 32, 32, 38, 32, 32, 32, 38, 38, 32, 32, 38, 32, 32, 32, 32, 32, 32, 32, 38, 32, 32, 32, 32, 32, 38, 32]",3,2.6666666666666665,2,1.8533936651583711,0.6197627048672826,3.512220438587787,1.2206666770036847
668,-107.8,-3.8,15.2,25.9,23.68,39.47,"[8, 8, 8, 8]","[33, 47, 33, 33, 47, 33, 33, 33, 33, 47, 47, 33, 33, 33, 33, 33, 33, 33, 47, 47, 47, 47, 33, 33, 33, 33, 33, 33, 47, 47, 33, 33, 33, 33, 33, 47, 47, 47, 33, 33, 47, 33, 33, 33, 47, 33, 33, 33, 47, 33, 33, 33, 33, 33, 33, 33, 33, 33, 33, 33, 47, 47, 47, 33]",1,1.0,2,1.7166806370494552,1.062113892585291,4.9110700582474855,2.0762275411658697
669,-107.5,-3.5,15.5,25.28,22.22,37.73,"[5, 11, 5, 5]","[33, 33, 33, 39, 33, 33, 39, 39, 33, 39, 33, 33, 39, 33, 39, 39, 33, 33, 33, 39, 33, 33, 39, 39, 33, 33, 33, 39, 39, 33, 39, 39, 39, 33, 33, 39, 39, 33, 39, 39, 39, 33, 33, 39, 39, 33, 33, 39, 39, 39, 33, 33, 33, 33, 33, 39, 39, 39, 33, 33, 33, 33, 33, 33]",2,1.6,2,1.9692307692307693,1.2487951334076595,6.873092949286219,2.457357891868179
678,-167.7,-63.7,-44.7,0.01,0.01,0.05,"[13, 13, 13, 13]","[30, 30, 24, 30, 30, 24, 30, 30, 30, 30, 24, 30, 30, 24, 30, 30, 30, 30, 24, 30, 30, 24, 30, 30, 30, 30, 24, 30, 30, 24, 30, 30, 30, 30, 24, 30, 30, 24, 30, 30, 30, 30, 24, 30, 30, 24, 30, 30, 30, 30, 24, 30, 30, 24, 30, 30, 30, 30, 24, 30, 30, 24, 30, 30]",1,1.0,2,1.6,4.072154800537679,3.8769661791518732,5.615795597446154
679,-165.9,-61.9,-42.9,0.01,0.01,0.28,"[13, 13, 13, 13]","[39, 39, 39, 39, 39, 39, 39, 39, 39, 39, 39, 39, 39, 39, 39, 39, 39, 39, 39, 39, 39, 39, 39, 39, 39, 39, 39, 39, 39, 39, 39, 39, 39, 39, 39, 39, 39, 39, 39, 39, 39, 39, 39, 39, 39, 39, 39, 39, 39, 39, 39, 39, 39, 39, 39, 39, 39, 39, 39, 39, 39, 39, 39, 39]",1,1.0,1,1.0,0.5322393994435736,6.695217457414112,1.0611311552319729
680,-164.8,-60.8,-41.8,0.01,0.01,0.16,"[1, 1, 1, 1]","[24, 24, 24, 24, 24, 24, 24, 24, 24, 24, 24, 24, 24, 24, 24, 24, 24, 24, 24, 24, 24, 24, 24, 24, 24, 24, 24, 24, 24, 24, 24, 24, 24, 24, 24, 24, 24, 24, 24, 24, 24, 24, 24, 24, 24, 24, 24, 24, 24, 24, 24, 24, 24, 24, 24, 24, 24, 24, 24, 24, 24, 24, 24, 24]",1,1.0,1,1.0,0.9157839744763111,9.092209006775231,1.8223475192350358
681,-73.9,30.1,49.1,45.94,40.46,59.42,"[0, 8, 0, 8]","[32, 32, 32, 32, 32, 32, 32, 32, 32, 32, 32, 32, 32, 32, 32, 32, 32, 32, 32, 30, 32, 32, 32, 32, 32, 26, 16, 32, 16, 30, 26, 16, 26, 32, 26, 30, 26, 16, 26, 32, 32, 16, 32, 30, 32, 30, 32, 30, 30, 32, 32, 26, 32, 26, 30, 32, 26, 32, 30, 30, 32, 26, 32, 30]",2,2.0,4,2.4236686390532545,0.144162672818084,5.028538472296886,0.28820693047469736
682,-74.0,30.0,49.0,39.9,34.96,48.98,"[3, 3, 11, 3]","[32, 32, 32, 32, 32, 32, 32, 32, 32, 32, 30, 32, 32, 32, 23, 32, 32, 32, 32, 16, 23, 16, 30, 32, 30, 23, 23, 32, 16, 30, 32, 16, 23, 23, 23, 23, 23, 16, 32, 23, 32, 23, 32, 23, 30, 32, 23, 32, 32, 30, 32, 32, 16, 23, 30, 30, 30, 16, 23, 16, 30, 30, 23, 16]",2,1.6,4,3.2979066022544283,7.402962856082199,6.479975959991806,9.751801662841995
683,-73.3,30.7,49.7,37.68,33.14,47.37,"[0, 8, 0, 8]","[32, 32, 32, 32, 32, 32, 32, 32, 32, 32, 32, 32, 32, 32, 32, 32, 16, 38, 16, 32, 32, 32, 38, 32, 32, 38, 16, 32, 38, 38, 38, 32, 55, 16, 55, 16, 16, 16, 16, 16, 16, 55, 55, 55, 32, 16, 55, 55, 55, 32, 38, 38, 32, 16, 32, 16, 16, 32, 16, 16, 32, 16, 32, 16]",2,2.0,4,3.029585798816568,9.590256528822035,7.66508705217341,11.975189349313963
684,-71.9,32.1,51.1,66.41,53.38,76.11,"[15, 1, 15, 1]","[39, 0, 39, 0, 39, 0, 39, 0, 0, 39, 0, 39, 39, 0, 39, 39, 39, 23, 23, 48, 23, 23, 39, 39, 23, 48, 0, 23, 39, 39, 23, 39, 0, 0, 39, 39, 23, 39, 23, 0, 23, 23, 23, 23, 23, 23, 48, 0, 48, 48, 48, 39, 0, 48, 0, 0, 39, 48, 48, 23, 48, 0, 0, 48]",2,2.0,4,3.8424015009380863,0.631603514363135,3.8189623958050647,1.246277560002612
685,-72.7,31.3,50.3,59.94,46.98,60.47,"[8, 1, 8, 3]","[39, 24, 24, 39, 24, 24, 24, 24, 24, 39, 24, 24, 24, 24, 24, 39, 24, 39, 24, 24, 26, 24, 30, 39, 24, 24, 24, 39, 24, 39, 24, 30, 39, 30, 24, 26, 26, 26, 26, 39, 24, 39, 30, 30, 39, 30, 24, 30, 24, 30, 39, 30, 30, 26, 24, 39, 39, 30, 39, 39, 39, 30, 30, 39]",3,2.6666666666666665,4,3.2979066022544283,0.16874752098289966,3.3754881092565907,0.3370740964109876
686,-71.6,32.4,51.4,41.68,37.17,70.72,"[12, 4, 12, 12]","[39, 39, 39, 39, 39, 39, 39, 39, 39, 55, 55, 39, 55, 39, 23, 39, 39, 55, 55, 39, 55, 55, 7, 23, 39, 7, 55, 23, 55, 7, 7, 39, 39, 39, 39, 23, 7, 55, 39, 23, 55, 39, 23, 39, 39, 7, 7, 7, 23, 55, 39, 55, 23, 39, 7, 7, 39, 7, 55, 55, 55, 55, 55, 7]",2,1.6,4,3.390728476821192,8.795834958939556,5.50713257999232,9.335431181033423
687,-69.2,34.8,53.8,51.59,44.71,96.56,"[8, 8, 8, 0]","[30, 30, 30, 30, 24, 30, 30, 24, 26, 26, 26, 30, 30, 24, 30, 30, 30, 24, 30, 30, 28, 30, 30, 24, 28, 24, 26, 24, 24, 24, 24, 24, 26, 30, 30, 24, 28, 24, 28, 26, 30, 24, 26, 26, 28, 28, 30, 24, 24, 30, 24, 30, 28, 26, 24, 26, 30, 30, 30, 24, 26, 26, 30, 30]",2,1.6,4,3.330081300813008,2.156699178701808,8.072989326247754,4.16725431295893
688,-69.6,34.4,53.4,46.07,41.51,132.0,"[15, 15, 7, 15]","[39, 23, 23, 39, 23, 39, 39, 39, 23, 23, 39, 7, 23, 23, 39, 39, 39, 39, 39, 39, 23, 23, 7, 39, 23, 23, 7, 7, 23, 39, 39, 23, 7, 39, 39, 39, 7, 23, 39, 23, 39, 55, 39, 7, 7, 39, 39, 23, 23, 55, 39, 39, 39, 23, 23, 23, 23, 7, 39, 39, 23, 23, 39, 39]",2,1.6,4,2.7054161162483488,5.817348604993268,6.118887526493861,8.432116809782432
689,-69.9,34.1,53.1,46.45,40.92,71.16,"[12, 12, 7, 12]","[32, 22, 22, 22, 22, 22, 38, 22, 38, 22, 16, 38, 38, 32, 22, 22, 16, 16, 22, 38, 32, 22, 16, 16, 16, 32, 16, 38, 38, 32, 16, 22, 16, 32, 22, 16, 22, 38, 32, 32, 32, 22, 22, 16, 16, 38, 16, 32, 16, 38, 16, 32, 16, 16, 22, 38, 22, 22, 32, 38, 32, 16, 32, 32]",2,1.6,4,3.886148007590133,1.1746202595684812,3.523944944538257,2.228690566551777
690,-67.0,37.0,56.0,46.14,43.16,149.27,"[11, 3, 11, 11]","[23, 23, 23, 23, 23, 23, 23, 23, 39, 39, 39, 7, 7, 7, 23, 23, 23, 7, 39, 55, 7, 23, 23, 7, 7, 7, 55, 23, 55, 39, 7, 55, 23, 7, 23, 39, 55, 23, 23, 23, 23, 23, 39, 7, 23, 39, 7, 7, 23, 39, 39, 55, 39, 23, 39, 39, 23, 55, 23, 23, 23, 23, 23, 39]",2,1.6,4,3.1171993911719937,1.6368476486727037,6.988797529504513,3.187439804414077
691,-68.6,35.4,54.4,53.24,43.3,100.75,"[15, 15, 15, 4]","[31, 31, 31, 31, 31, 31, 31, 29, 31, 31, 27, 25, 31, 31, 31, 31, 31, 29, 25, 31, 25, 25, 31, 29, 25, 29, 29, 27, 25, 31, 29, 25, 25, 25, 25, 31, 27, 29, 25, 27, 27, 29, 27, 25, 25, 31, 31, 31, 31, 27, 29, 31, 31, 31, 29, 27, 31, 31, 25, 27, 27, 31, 27, 25]",2,1.6,4,3.330081300813008,0.13343885461967958,3.1759070976737314,0.26664245536060566
692,-66.1,37.9,56.9,58.75,45.72,142.31,"[8, 8, 8, 8]","[23, 23, 23, 23, 23, 23, 23, 23, 19, 21, 23, 21, 17, 23, 19, 21, 19, 17, 17, 23, 23, 19, 21, 17, 19, 19, 23, 21, 21, 21, 17, 21, 21, 23, 17, 23, 19, 19, 17, 23, 23, 23, 17, 21, 21, 23, 17, 23, 23, 23, 21, 21, 23, 23, 19, 23, 23, 21, 17, 19, 23, 17, 21, 23]",1,1.0,4,3.330081300813008,0.11635814452962202,2.785011484659828,0.23251344221119924
693,-65.8,38.2,57.2,54.0,44.97,193.03,"[11, 11, 11, 11]","[29, 31, 29, 29, 29, 31, 29, 29, 31, 15, 31, 29, 15, 29, 29, 15, 15, 15, 15, 29, 13, 31, 29, 31, 13, 13, 13, 29, 31, 29, 29, 31, 29, 29, 15, 29, 29, 13, 31, 13, 31, 31, 13, 15, 13, 31, 31, 31, 15, 31, 31, 15, 31, 29, 13, 29, 31, 13, 31, 29, 13, 29, 15, 29]",1,1.0,4,3.618374558303887,0.10040125045621066,1.8103370370492349,0.20049439640870195
694,-96.3,7.7,26.7,26.95,25.61,30.51,"[14, 0, 14, 14]","[58, 58, 58, 58, 58, 58, 58, 58, 58, 58, 58, 58, 58, 58, 58, 58, 58, 58, 58, 58, 58, 58, 58, 58, 42, 58, 42, 58, 42, 42, 58, 58, 58, 58, 58, 58, 58, 58, 58, 58, 58, 58, 58, 58, 58, 58, 58, 58, 58, 58, 58, 58, 58, 58, 58, 58, 58, 58, 58, 58, 58, 58, 58, 58]",2,1.6,2,1.1327433628318584,0.11104467867915208,1.497057499975451,0.22148090204440876
695,-99.5,4.5,23.5,24.84,23.47,33.97,"[13, 13, 13, 13]","[58, 58, 58, 58, 58, 58, 58, 58, 58, 58, 56, 56, 56, 58, 58, 58, 58, 56, 56, 56, 58, 58, 58, 58, 58, 56, 56, 56, 56, 58, 58, 58, 58, 56, 56, 56, 56, 58, 58, 58, 50, 58, 56, 56, 56, 56, 58, 58, 58, 58, 58, 56, 56, 58, 58, 58, 58, 58, 56, 56, 58, 58, 58, 58]",1,1.0,3,1.8910433979686057,0.10342045938130373,1.0322579116092576,0.20581056019119878
696,-103.1,0.9,19.9,20.94,20.11,24.95,"[13, 13, 5, 13]","[2, 2, 2, 2, 2, 2, 2, 2, 2, 2, 2, 2, 2, 2, 2, 2, 2, 2, 2, 51, 51, 51, 2, 2, 51, 51, 51, 51, 51, 51, 2, 51, 51, 51, 51, 51, 51, 51, 51, 2, 51, 51, 51, 51, 51, 51, 2, 2, 51, 51, 51, 51, 51, 51, 2, 51, 51, 51, 51, 51, 51, 51, 51, 51]",2,1.6,2,1.9320754716981132,0.15485939668872578,0.9953443162528489,0.30603693007232075
697,-122.5,-18.5,0.5,8.5,7.23,14.54,"[5, 5, 5, 5]","[56, 56, 56, 56, 56, 56, 56, 56, 56, 56, 56, 56, 56, 56, 56, 56, 56, 56, 56, 56, 56, 56, 56, 56, 56, 56, 56, 56, 56, 56, 56, 56, 56, 56, 56, 56, 56, 56, 56, 56, 56, 56, 56, 56, 56, 56, 56, 56, 56, 56, 56, 56, 56, 56, 56, 56, 56, 56, 56, 56, 56, 56, 56, 56]",1,1.0,1,1.0,0.09403090607694271,3.3468437436464447,0.18798763264146418
698,-116.4,-12.4,6.6,17.82,16.18,25.81,"[0, 2, 0, 0]","[56, 56, 11, 11, 11, 56, 56, 56, 56, 56, 11, 11, 11, 56, 56, 56, 56, 56, 11, 11, 11, 56, 56, 56, 56, 56, 11, 11, 11, 11, 56, 56, 56, 56, 11, 11, 11, 11, 56, 56, 56, 56, 11, 11, 11, 11, 56, 56, 56, 56, 15, 15, 11, 11, 56, 56, 56, 56, 15, 15, 11, 11, 56, 56]",2,1.6,3,2.195069667738478,0.8464418630301787,0.5539262377175084,0.9269962601799294
699,-107.1,-3.1,15.9,21.39,19.13,25.73,"[4, 13, 4, 4]","[9, 9, 9, 57, 57, 57, 57, 57, 9, 57, 57, 57, 9, 57, 9, 9, 9, 57, 9, 57, 24, 57, 9, 9, 57, 57, 9, 57, 9, 57, 9, 9, 57, 57, 9, 57, 9, 57, 57, 9, 57, 9, 57, 9, 57, 9, 57, 9, 57, 24, 57, 9, 57, 57, 9, 9, 26, 9, 57, 57, 57, 9, 57, 9]",2,1.6,4,2.1810436634717787,0.8011237529116295,0.5761891956465326,0.9355377860351375
700,-108.6,-4.6,14.4,17.02,14.71,23.86,"[9, 1, 1, 9]","[25, 25, 25, 25, 25, 25, 25, 25, 25, 25, 25, 25, 25, 25, 25, 25, 25, 25, 25, 25, 25, 25, 25, 25, 25, 25, 25, 25, 25, 25, 25, 25, 25, 25, 25, 25, 25, 25, 25, 25, 25, 25, 25, 25, 25, 25, 25, 25, 25, 25, 25, 25, 25, 25, 25, 25, 25, 25, 25, 25, 25, 25, 25, 25]",2,2.0,1,1.0,0.11823648610345142,2.6985839030661603,0.23624632104050705
701,-109.9,-5.9,13.1,18.85,17.28,24.58,"[5, 5, 5, 5]","[24, 24, 24, 24, 24, 24, 24, 24, 24, 24, 24, 24, 24, 24, 24, 24, 24, 24, 24, 24, 24, 24, 24, 24, 24, 24, 24, 24, 24, 24, 24, 24, 24, 24, 24, 24, 24, 24, 24, 24, 24, 24, 24, 24, 24, 24, 24, 24, 24, 24, 24, 24, 24, 24, 24, 24, 24, 24, 24, 24, 24, 24, 24, 24]",1,1.0,1,1.0,0.6206869099071161,1.0839855216475176,1.0772716501345927
702,-112.0,-8.0,11.0,19.12,17.69,26.92,"[4, 4, 4, 4]","[17, 17, 17, 17, 17, 17, 17, 17, 17, 17, 17, 17, 17, 17, 17, 17, 17, 17, 17, 17, 17, 17, 17, 17, 17, 17, 17, 17, 17, 17, 17, 17, 17, 17, 17, 17, 17, 17, 17, 17, 17, 17, 17, 17, 17, 17, 17, 17, 17, 17, 17, 17, 17, 17, 17, 17, 17, 17, 17, 17, 17, 17, 17, 17]",1,1.0,1,1.0,0.6183204856376303,3.0692517305472933,1.2122855114258544
703,-115.0,-11.0,8.0,16.01,14.1,22.4,"[0, 9, 0, 9]","[26, 26, 26, 16, 16, 16, 16, 16, 16, 16, 16, 16, 16, 16, 26, 26, 16, 16, 16, 16, 16, 16, 16, 26, 26, 26, 16, 16, 16, 16, 26, 26, 16, 16, 16, 16, 16, 16, 26, 26, 16, 16, 16, 16, 16, 26, 16, 26, 16, 16, 16, 16, 16, 26, 26, 16, 16, 16, 16, 16, 26, 26, 26, 16]",2,2.0,2,1.7166806370494552,0.42971603416802157,1.5250504486321939,0.8272205159930411
704,-116.7,-12.7,6.3,12.87,13.27,23.62,"[4, 4, 4, 4]","[25, 25, 25, 25, 25, 25, 25, 25, 25, 25, 25, 25, 25, 25, 25, 25, 25, 25, 25, 25, 25, 25, 25, 25, 25, 25, 25, 25, 25, 25, 25, 25, 25, 25, 25, 25, 25, 25, 25, 25, 25, 25, 25, 25, 25, 25, 25, 25, 25, 25, 25, 25, 25, 25, 25, 25, 25, 25, 25, 25, 25, 25, 25, 25]",1,1.0,1,1.0,0.8878025787902216,2.711375576193429,1.6874484693015022
705,-116.0,-12.0,7.0,13.6,14.17,23.36,"[4, 4, 4, 4]","[24, 24, 24, 24, 24, 24, 24, 24, 24, 24, 24, 24, 24, 24, 24, 24, 24, 24, 24, 24, 24, 24, 24, 24, 24, 24, 24, 24, 24, 24, 24, 24, 24, 24, 24, 24, 24, 24, 24, 24, 24, 24, 24, 24, 24, 24, 24, 24, 24, 24, 24, 24, 24, 24, 24, 24, 24, 24, 24, 24, 24, 24, 24, 24]",1,1.0,1,1.0,3.22035017317738,5.384268660872992,5.527474284338503
706,-118.1,-14.1,4.9,9.78,8.61,14.34,"[1, 1, 1, 1]","[32, 32, 32, 32, 32, 32, 32, 32, 32, 32, 32, 32, 32, 32, 32, 32, 32, 32, 32, 32, 32, 32, 32, 32, 32, 32, 32, 17, 17, 32, 32, 32, 32, 32, 17, 17, 17, 17, 32, 32, 32, 32, 17, 17, 17, 17, 32, 32, 32, 32, 17, 17, 17, 17, 32, 32, 32, 32, 17, 17, 17, 17, 32, 32]",1,1.0,2,1.678688524590164,1.0816608465828428,3.250305283438229,2.052643054453103
707,-101.4,2.6,21.6,22.53,22.47,33.36,"[0, 0, 0, 0]","[24, 24, 24, 24, 24, 24, 24, 24, 24, 24, 24, 24, 24, 24, 24, 24, 24, 24, 24, 24, 24, 24, 24, 24, 24, 24, 24, 24, 24, 24, 24, 24, 24, 24, 24, 24, 24, 24, 24, 24, 24, 24, 24, 24, 24, 24, 24, 24, 24, 24, 24, 24, 24, 24, 24, 24, 24, 24, 24, 24, 24, 24, 24, 24]",1,1.0,1,1.0,0.2659406574160571,4.6044087490513546,0.530996359119765
708,-102.4,1.6,20.6,21.7,21.32,34.65,"[1, 1, 1, 1]","[33, 33, 33, 33, 33, 33, 33, 33, 33, 33, 33, 33, 33, 33, 33, 33, 33, 33, 33, 33, 33, 33, 33, 33, 33, 33, 33, 33, 33, 33, 33, 33, 33, 33, 33, 33, 33, 33, 33, 33, 33, 33, 33, 33, 33, 33, 33, 33, 33, 33, 33, 33, 33, 33, 33, 33, 33, 33, 33, 33, 33, 33, 33, 33]",1,1.0,1,1.0,2.3919757054979547,8.71050741886342,4.613173686454768
709,-123.8,-19.8,-0.8,7.02,6.57,13.58,"[0, 0, 0, 0]","[33, 33, 33, 33, 33, 33, 33, 33, 33, 33, 33, 33, 33, 33, 33, 33, 33, 33, 33, 33, 33, 33, 33, 33, 33, 33, 33, 33, 33, 33, 33, 33, 33, 33, 33, 33, 33, 33, 33, 33, 33, 33, 33, 33, 33, 33, 33, 33, 33, 33, 33, 33, 33, 33, 33, 33, 33, 33, 33, 33, 33, 33, 33, 33]",1,1.0,1,1.0,1.546536746788013,4.059088151319698,2.8903877279819263
712,-173.2,-69.2,-50.2,0.0,0.0,0.03,"[9, 9, 9, 9]","[31, 31, 31, 33, 31, 31, 31, 33, 31, 31, 31, 33, 31, 31, 31, 33, 31, 31, 31, 31, 31, 31, 31, 31, 31, 31, 31, 31, 31, 31, 31, 31, 31, 31, 31, 31, 31, 31, 31, 31, 31, 31, 31, 31, 31, 31, 31, 31, 31, 31, 31, 31, 31, 31, 31, 31, 31, 31, 31, 31, 31, 31, 31, 31]",1,1.0,2,1.1327433628318584,5.42778977444412,5.546692379371738,7.758764453621977
713,-167.9,-63.9,-44.9,0.01,0.0,0.05,"[10, 10, 10, 10]","[31, 31, 31, 31, 31, 31, 31, 31, 31, 31, 31, 31, 31, 31, 31, 31, 31, 31, 31, 31, 31, 31, 31, 31, 31, 31, 31, 31, 31, 31, 31, 31, 31, 31, 31, 31, 31, 31, 31, 31, 31, 31, 31, 31, 31, 31, 31, 31, 31, 31, 31, 31, 31, 31, 31, 31, 31, 31, 31, 31, 31, 31, 31, 31]",1,1.0,1,1.0,4.319709112867191,10.029321993361402,7.934727242607535
717,-162.5,-58.5,-39.5,0.02,0.01,0.09,"[8, 8, 8, 8]","[30, 30, 24, 24, 30, 30, 24, 24, 30, 30, 24, 24, 30, 30, 24, 24, 30, 30, 24, 24, 30, 30, 24, 24, 30, 30, 24, 24, 30, 30, 24, 24, 30, 24, 24, 24, 30, 30, 24, 24, 30, 24, 24, 30, 30, 24, 24, 24, 30, 24, 24, 30, 30, 24, 24, 24, 30, 24, 24, 30, 30, 24, 24, 24]",1,1.0,2,1.9692307692307693,9.62849278765787,13.369832820504856,15.626478440662341
718,-167.5,-63.5,-44.5,0.01,0.0,0.09,"[8, 8, 8, 8]","[31, 31, 31, 31, 31, 31, 31, 31, 31, 31, 31, 31, 31, 31, 31, 31, 31, 31, 31, 31, 31, 31, 31, 31, 31, 31, 31, 31, 31, 31, 31, 31, 31, 31, 31, 31, 31, 31, 31, 31, 31, 31, 31, 31, 31, 31, 31, 31, 31, 31, 31, 31, 31, 31, 31, 31, 31, 31, 31, 31, 31, 31, 31, 31]",1,1.0,1,1.0,3.060155550201965,9.076363707433618,5.799550730187847
719,-147.7,-43.7,-24.7,0.68,0.48,2.91,"[1, 1, 1, 1]","[33, 33, 33, 33, 33, 33, 33, 33, 33, 33, 33, 33, 33, 33, 33, 33, 33, 33, 33, 33, 33, 33, 33, 33, 33, 33, 33, 33, 33, 33, 33, 33, 33, 33, 33, 33, 33, 33, 33, 33, 33, 33, 33, 33, 33, 33, 33, 33, 33, 33, 33, 33, 33, 33, 33, 33, 33, 33, 33, 33, 33, 33, 33, 33]",1,1.0,1,1.0,1.3896691174713658,1.6732743970584563,2.1381138824229073
721,-74.2,29.8,48.8,42.1,36.83,64.16,"[3, 3, 11, 3]","[31, 31, 31, 31, 31, 31, 31, 31, 31, 24, 31, 24, 31, 24, 31, 24, 38, 31, 24, 31, 38, 31, 47, 31, 24, 47, 38, 38, 47, 47, 31, 24, 24, 24, 47, 31, 24, 31, 47, 38, 47, 31, 38, 24, 31, 24, 31, 31, 38, 47, 31, 31, 24, 38, 38, 47, 24, 24, 47, 31, 38, 47, 31, 24]",2,1.6,4,3.396351575456053,9.69633973660482,7.719421264397641,12.078554995966886
722,-74.7,29.3,48.3,40.27,34.95,60.45,"[3, 11, 3, 11]","[39, 39, 39, 39, 39, 39, 39, 39, 39, 39, 32, 39, 39, 39, 39, 39, 39, 39, 32, 39, 32, 39, 39, 39, 39, 38, 39, 39, 39, 32, 39, 39, 32, 39, 32, 32, 38, 32, 38, 39, 23, 38, 23, 39, 38, 32, 38, 38, 39, 38, 32, 23, 23, 38, 38, 23, 32, 39, 32, 32, 32, 38, 23, 38]",2,2.0,4,2.9257142857142857,5.215469411172838,5.120160415154166,7.307461788547702
723,-73.1,30.9,49.9,47.63,41.72,59.36,"[12, 4, 12, 12]","[31, 63, 31, 31, 31, 31, 31, 63, 63, 15, 15, 63, 63, 63, 31, 31, 31, 31, 47, 15, 63, 15, 63, 63, 47, 63, 31, 63, 63, 47, 47, 31, 15, 15, 15, 47, 47, 31, 47, 15, 15, 15, 63, 63, 63, 15, 47, 31, 47, 63, 47, 47, 47, 63, 63, 47, 63, 47, 47, 63, 15, 31, 47, 15]",2,1.6,4,3.900952380952381,0.9627534701951082,6.3703737467682195,1.9038870901346487
724,-72.9,31.1,50.1,59.36,46.41,71.82,"[3, 3, 3, 3]","[31, 31, 31, 31, 31, 31, 31, 31, 32, 32, 31, 32, 31, 31, 38, 31, 23, 31, 23, 32, 31, 31, 31, 32, 31, 23, 32, 23, 32, 23, 32, 38, 23, 23, 23, 38, 32, 38, 38, 23, 23, 32, 23, 38, 38, 23, 31, 38, 31, 32, 38, 23, 23, 31, 38, 38, 23, 38, 38, 31, 32, 32, 38, 31]",1,1.0,4,3.813780260707635,0.4049143895298351,2.553916723448827,0.7998384134792725
725,-71.4,32.6,51.6,55.15,47.46,74.65,"[12, 4, 12, 12]","[31, 63, 31, 31, 31, 31, 31, 63, 63, 63, 31, 63, 47, 63, 31, 15, 47, 63, 63, 15, 31, 15, 63, 47, 15, 63, 47, 15, 47, 47, 15, 47, 63, 15, 47, 31, 47, 63, 15, 31, 47, 47, 31, 15, 31, 47, 15, 31, 31, 63, 31, 31, 31, 15, 31, 31, 31, 15, 63, 47, 63, 47, 63, 15]",2,1.6,4,3.8568738229755177,0.5747977911418941,3.801782205607857,1.1366773803560337
726,-71.7,32.3,51.3,45.41,39.71,89.59,"[8, 8, 0, 8]","[31, 31, 31, 31, 31, 31, 31, 31, 31, 31, 31, 31, 31, 31, 47, 31, 47, 47, 31, 31, 63, 15, 31, 15, 63, 31, 31, 63, 47, 15, 15, 63, 47, 31, 47, 31, 31, 31, 31, 15, 31, 47, 63, 63, 15, 47, 31, 47, 15, 47, 31, 63, 15, 47, 15, 31, 15, 31, 31, 31, 15, 31, 47, 47]",2,1.6,4,2.8683473389355743,1.5413207732272562,4.253884770283631,2.898257986530393
727,-69.5,34.5,53.5,52.95,44.59,116.85,"[15, 15, 4, 4]","[39, 39, 39, 39, 39, 39, 39, 39, 39, 39, 38, 39, 38, 38, 39, 38, 55, 39, 39, 38, 55, 38, 39, 39, 38, 55, 55, 23, 38, 39, 55, 55, 39, 39, 38, 39, 23, 39, 38, 38, 23, 39, 39, 39, 38, 38, 39, 55, 39, 38, 39, 38, 23, 55, 55, 38, 55, 55, 38, 39, 39, 39, 39, 39]",2,2.0,4,2.8248275862068963,4.391158625604979,8.882715929695882,7.87285962130592
728,-69.4,34.6,53.6,42.5,37.13,92.05,"[12, 12, 12, 4]","[30, 30, 30, 30, 30, 30, 30, 30, 30, 30, 28, 32, 30, 30, 28, 28, 32, 30, 30, 28, 32, 32, 30, 30, 16, 30, 30, 16, 32, 28, 16, 16, 16, 30, 28, 32, 16, 16, 32, 16, 16, 30, 28, 30, 30, 32, 28, 16, 30, 28, 28, 30, 32, 30, 32, 32, 32, 32, 32, 16, 16, 32, 28, 16]",2,1.6,4,3.592982456140351,3.6873543409762637,6.000682213220483,6.283241915769242
729,-69.0,35.0,54.0,48.98,43.82,131.9,"[12, 12, 4, 12]","[39, 39, 39, 39, 39, 39, 39, 39, 39, 32, 38, 39, 39, 39, 38, 38, 39, 32, 38, 22, 38, 39, 39, 38, 32, 39, 39, 39, 39, 22, 32, 22, 32, 32, 39, 38, 22, 38, 39, 38, 22, 38, 39, 39, 39, 38, 38, 38, 32, 22, 22, 39, 32, 38, 38, 38, 38, 22, 22, 22, 39, 32, 39, 38]",2,1.6,4,3.319286871961102,1.6531547112239307,7.194584496221657,3.222337437472656
730,-66.9,37.1,56.1,46.53,42.04,152.58,"[15, 7, 15, 15]","[39, 39, 39, 39, 39, 39, 39, 23, 39, 23, 39, 7, 23, 54, 23, 7, 23, 39, 39, 7, 7, 54, 23, 39, 39, 54, 7, 7, 23, 39, 54, 54, 7, 39, 7, 39, 23, 39, 7, 23, 7, 23, 39, 39, 23, 23, 39, 7, 39, 39, 39, 39, 39, 39, 23, 54, 23, 23, 39, 39, 39, 23, 39, 23]",2,1.6,4,3.0430906389301633,1.2105699845186668,6.745305176767522,2.3830660884421997
731,-68.0,36.0,55.0,43.92,39.66,170.69,"[12, 7, 12, 12]","[30, 30, 30, 30, 31, 30, 30, 30, 23, 38, 30, 30, 38, 38, 38, 23, 23, 31, 38, 31, 23, 31, 30, 30, 30, 30, 31, 23, 23, 38, 30, 30, 23, 30, 38, 23, 30, 23, 23, 31, 31, 30, 30, 23, 31, 30, 30, 38, 30, 23, 23, 31, 31, 31, 31, 31, 23, 30, 30, 38, 30, 30, 30, 31]",2,1.6,4,3.4076539101497505,0.47947871372868756,4.284337282518147,0.9530078745798253
732,-69.3,34.7,53.7,57.69,42.78,99.39,"[8, 8, 8, 0]","[30, 30, 30, 30, 30, 30, 30, 30, 30, 30, 30, 30, 30, 62, 30, 15, 15, 24, 15, 30, 15, 62, 15, 30, 30, 24, 30, 24, 15, 24, 15, 30, 24, 30, 24, 62, 30, 30, 24, 24, 30, 24, 30, 30, 15, 62, 15, 30, 62, 62, 30, 30, 24, 15, 24, 62, 30, 30, 62, 30, 30, 30, 62, 30]",2,1.6,4,2.809327846364883,0.10817417095036709,2.4137478519544615,0.2161314050508121
733,-69.2,34.8,53.8,52.73,40.15,87.09,"[10, 10, 10, 0]","[21, 21, 21, 21, 21, 21, 21, 21, 31, 31, 31, 23, 21, 21, 31, 23, 38, 23, 21, 38, 23, 23, 21, 21, 31, 23, 31, 23, 31, 21, 31, 31, 38, 21, 23, 21, 23, 31, 31, 31, 31, 31, 38, 31, 31, 23, 23, 23, 38, 38, 38, 23, 23, 21, 23, 23, 31, 21, 23, 38, 23, 21, 38, 23]",2,1.6,4,3.750915750915751,0.14277333872975495,2.599273193805953,0.28511688765083043
734,-98.5,5.5,24.5,20.8,20.84,28.36,"[10, 10, 10, 10]","[51, 51, 51, 51, 51, 51, 51, 51, 51, 51, 51, 51, 51, 51, 51, 51, 51, 51, 51, 51, 51, 51, 51, 51, 51, 51, 51, 51, 51, 51, 51, 51, 51, 51, 51, 51, 51, 51, 51, 51, 51, 51, 51, 51, 51, 51, 51, 51, 51, 51, 51, 51, 51, 51, 51, 51, 51, 51, 51, 51, 51, 51, 51, 51]",1,1.0,1,1.0,0.06977698708842044,0.9327524749968974,0.13916512096953768
735,-99.1,4.9,23.9,28.63,24.61,29.67,"[9, 0, 2, 9]","[43, 43, 43, 43, 43, 43, 43, 43, 43, 43, 43, 43, 43, 43, 43, 43, 43, 58, 58, 58, 58, 43, 43, 43, 43, 43, 43, 43, 43, 58, 58, 58, 43, 43, 43, 43, 43, 43, 43, 43, 58, 58, 58, 58, 43, 43, 58, 58, 58, 43, 43, 43, 43, 58, 58, 43, 43, 58, 58, 58, 43, 43, 43, 43]",3,2.6666666666666665,2,1.7166806370494552,0.13300477027899993,0.5224161360338401,0.25778601283358393
736,-108.8,-4.8,14.2,17.12,14.82,21.56,"[2, 4, 2, 2]","[60, 60, 60, 60, 60, 60, 60, 60, 60, 60, 60, 60, 60, 60, 60, 60, 60, 60, 60, 60, 60, 60, 60, 60, 60, 60, 60, 60, 60, 60, 60, 60, 60, 60, 60, 60, 60, 60, 60, 60, 60, 60, 60, 60, 60, 60, 60, 60, 60, 60, 60, 60, 60, 60, 60, 60, 60, 60, 60, 60, 60, 60, 60, 60]",2,1.6,1,1.0,0.09750544804638671,0.6874175692193256,0.19307825268793674
737,-120.2,-16.2,2.8,8.59,8.17,15.63,"[5, 5, 5, 5]","[56, 56, 56, 56, 56, 56, 56, 56, 56, 56, 56, 56, 56, 56, 56, 56, 56, 56, 56, 56, 56, 56, 56, 56, 56, 56, 56, 56, 56, 56, 56, 56, 56, 56, 56, 56, 56, 56, 56, 56, 56, 56, 56, 56, 56, 56, 56, 56, 56, 56, 56, 56, 56, 56, 56, 56, 56, 56, 56, 56, 56, 56, 56, 56]",1,1.0,1,1.0,0.10762619397758189,4.031492485495381,0.21517572418485967
738,-116.8,-12.8,6.2,17.7,14.16,23.49,"[4, 13, 4, 4]","[56, 56, 8, 8, 8, 8, 8, 8, 56, 56, 8, 8, 8, 8, 8, 8, 56, 56, 4, 4, 4, 4, 4, 4, 56, 8, 4, 4, 4, 4, 8, 8, 56, 8, 8, 4, 4, 4, 8, 8, 56, 8, 8, 8, 4, 4, 4, 8, 56, 8, 8, 8, 4, 4, 8, 4, 56, 56, 8, 8, 8, 4, 8, 4]",2,1.6,3,2.6494178525226393,1.3500905177049547,0.8038845232362357,1.381427914318282
739,-107.7,-3.7,15.3,21.49,19.24,27.51,"[5, 5, 5, 5]","[9, 9, 57, 57, 57, 9, 9, 9, 9, 57, 57, 57, 57, 57, 57, 9, 9, 57, 57, 9, 57, 57, 57, 9, 9, 57, 57, 9, 57, 57, 57, 57, 9, 57, 57, 9, 9, 57, 57, 57, 9, 57, 57, 9, 9, 57, 57, 57, 57, 57, 57, 9, 9, 9, 57, 57, 57, 57, 57, 57, 57, 9, 57, 9]",1,1.0,2,1.8533936651583711,0.3883083465396563,1.8064705765930011,0.7592735414899294
740,-108.2,-4.2,14.8,19.33,16.4,26.45,"[1, 8, 1, 1]","[17, 17, 17, 17, 17, 17, 17, 17, 17, 17, 17, 17, 17, 17, 17, 17, 17, 17, 17, 49, 49, 49, 17, 17, 49, 49, 49, 49, 49, 17, 17, 17, 49, 49, 49, 49, 49, 49, 17, 17, 49, 49, 49, 49, 17, 49, 49, 17, 17, 49, 49, 49, 49, 17, 17, 17, 49, 49, 49, 49, 49, 17, 17, 17]",2,1.6,2,1.9825750242013553,0.4434542444427654,0.5958053391379933,0.7114707209437503
741,-113.9,-9.9,9.1,17.25,15.33,24.52,"[5, 5, 5, 5]","[25, 25, 25, 25, 25, 25, 25, 25, 25, 25, 25, 25, 25, 25, 25, 25, 25, 25, 25, 25, 25, 25, 25, 25, 25, 25, 57, 57, 57, 57, 57, 57, 57, 57, 57, 57, 57, 57, 57, 57, 57, 57, 57, 57, 57, 57, 57, 25, 57, 9, 57, 57, 57, 25, 25, 25, 25, 63, 57, 57, 57, 57, 25, 25]",1,1.0,4,2.12008281573499,0.35788138439260025,0.7503768434921774,0.6460469816925709
742,-114.0,-10.0,9.0,14.42,14.04,24.32,"[4, 4, 4, 4]","[25, 25, 25, 25, 25, 25, 25, 25, 25, 25, 25, 25, 25, 25, 25, 25, 25, 25, 25, 25, 25, 25, 25, 25, 25, 25, 25, 25, 25, 25, 25, 25, 25, 25, 25, 25, 25, 25, 25, 25, 25, 25, 25, 25, 25, 25, 25, 25, 25, 25, 25, 25, 25, 25, 25, 25, 25, 25, 25, 25, 25, 25, 25, 25]",1,1.0,1,1.0,14.04271690675621,7.791915691055528,13.626669867142972
743,-114.3,-10.3,8.7,16.12,13.94,26.09,"[0, 9, 0, 0]","[25, 25, 25, 25, 25, 25, 25, 25, 25, 25, 25, 25, 25, 25, 25, 25, 25, 25, 25, 25, 25, 25, 25, 25, 25, 25, 25, 25, 25, 25, 25, 25, 25, 25, 25, 25, 25, 25, 25, 25, 25, 25, 25, 25, 25, 25, 25, 25, 25, 25, 25, 25, 25, 25, 25, 25, 25, 25, 25, 25, 25, 25, 25, 25]",2,1.6,1,1.0,0.35106617658915956,1.2659228153864432,0.6765968459330972
744,-116.8,-12.8,6.2,13.06,13.14,20.17,"[4, 4, 4, 4]","[33, 33, 33, 48, 48, 48, 48, 48, 33, 33, 33, 48, 48, 48, 48, 48, 33, 33, 33, 48, 33, 48, 48, 48, 33, 48, 33, 48, 33, 48, 48, 48, 48, 33, 48, 33, 33, 48, 48, 48, 48, 33, 48, 48, 33, 48, 48, 48, 33, 48, 33, 48, 33, 33, 48, 48, 48, 33, 48, 33, 33, 33, 48, 48]",1,1.0,2,1.9320754716981132,0.3896917640957705,2.0002687886865957,0.7650010300377704
745,-119.2,-15.2,3.8,8.44,9.01,14.51,"[5, 5, 5, 5]","[17, 17, 17, 17, 17, 17, 17, 17, 17, 17, 17, 17, 17, 17, 17, 17, 17, 17, 17, 17, 17, 17, 17, 17, 17, 17, 17, 17, 17, 17, 17, 17, 17, 17, 17, 17, 17, 17, 17, 17, 17, 17, 17, 17, 17, 17, 17, 17, 17, 17, 17, 32, 17, 17, 17, 17, 17, 17, 17, 32, 17, 17, 17, 17]",1,1.0,2,1.0644490644490645,0.6806149841275023,2.6342791743431246,1.317951095454348
746,-119.2,-15.2,3.8,8.7,8.74,15.5,"[5, 5, 5, 5]","[24, 24, 24, 24, 24, 24, 24, 24, 24, 24, 24, 24, 24, 24, 24, 24, 24, 24, 24, 24, 24, 24, 24, 24, 24, 24, 24, 24, 24, 24, 24, 24, 24, 24, 24, 24, 24, 24, 24, 24, 24, 24, 24, 24, 24, 24, 24, 24, 30, 24, 24, 24, 24, 24, 24, 24, 24, 24, 24, 24, 24, 24, 24, 24]",1,1.0,2,1.0317380352644836,2.7740827388929996,6.657237970915084,5.121319719280221
747,-103.9,0.1,19.1,20.52,20.31,33.16,"[0, 0, 0, 0]","[25, 25, 25, 25, 25, 25, 25, 25, 25, 25, 25, 25, 25, 25, 25, 25, 25, 25, 25, 25, 25, 25, 25, 25, 25, 25, 25, 25, 25, 25, 25, 25, 25, 25, 25, 25, 25, 25, 25, 25, 25, 25, 25, 25, 25, 25, 25, 25, 25, 25, 25, 25, 25, 25, 25, 25, 25, 25, 25, 25, 25, 25, 25, 25]",1,1.0,1,1.0,1.8204999355576241,5.384061399085567,3.4491628079764522
748,-119.8,-15.8,3.2,8.95,8.49,15.49,"[0, 0, 0, 0]","[32, 32, 32, 32, 32, 32, 32, 32, 32, 32, 32, 32, 32, 32, 32, 32, 32, 32, 32, 32, 32, 32, 32, 32, 32, 32, 32, 32, 32, 32, 32, 32, 32, 32, 32, 32, 32, 32, 32, 32, 32, 32, 32, 32, 32, 32, 32, 32, 32, 32, 32, 32, 32, 32, 32, 32, 32, 32, 32, 32, 32, 32, 32, 32]",1,1.0,1,1.0,3.0425088831230505,5.3847748600066,5.297836815114226
749,-104.1,-0.1,18.9,17.22,17.93,25.31,"[0, 0, 0, 0]","[24, 24, 24, 24, 24, 24, 24, 24, 24, 24, 24, 24, 24, 24, 24, 24, 24, 24, 24, 24, 24, 24, 24, 24, 24, 24, 24, 24, 24, 24, 24, 24, 24, 24, 24, 24, 24, 24, 24, 24, 24, 24, 24, 24, 24, 24, 24, 24, 24, 24, 24, 24, 24, 24, 24, 24, 24, 24, 24, 24, 24, 24, 24, 24]",1,1.0,1,1.0,11.886146842943784,6.250654822623797,11.064635678038591
753,-165.6,-61.6,-42.6,0.01,0.01,0.06,"[9, 9, 9, 9]","[39, 39, 39, 39, 39, 39, 39, 39, 39, 39, 39, 39, 39, 39, 39, 39, 39, 39, 39, 39, 39, 39, 39, 39, 39, 25, 39, 39, 39, 39, 39, 39, 39, 25, 39, 39, 39, 39, 39, 39, 39, 25, 39, 39, 39, 39, 39, 39, 39, 25, 39, 39, 39, 39, 39, 25, 39, 39, 39, 39, 39, 39, 39, 39]",1,1.0,2,1.168282943525385,14.051483886737648,8.054109039569582,13.97525976991432
757,-164.9,-60.9,-41.9,0.01,0.01,0.31,"[4, 4, 4, 4]","[32, 32, 32, 32, 32, 32, 32, 32, 32, 32, 32, 32, 32, 32, 32, 32, 32, 32, 32, 32, 32, 32, 32, 32, 32, 32, 32, 32, 32, 32, 32, 32, 32, 32, 32, 32, 32, 32, 32, 32, 32, 32, 32, 32, 32, 32, 32, 32, 32, 32, 32, 32, 32, 32, 32, 32, 32, 32, 32, 32, 32, 32, 32, 32]",1,1.0,1,1.0,14.320232640492444,7.657772604646889,13.505752524681252
758,-145.1,-41.1,-22.1,1.07,0.98,4.37,"[4, 4, 4, 4]","[32, 32, 32, 32, 32, 32, 32, 32, 32, 32, 32, 32, 32, 32, 32, 32, 32, 32, 32, 32, 32, 32, 32, 32, 32, 32, 32, 32, 32, 32, 32, 32, 32, 32, 32, 32, 32, 32, 32, 32, 32, 32, 32, 32, 32, 32, 32, 32, 32, 32, 32, 32, 32, 32, 32, 32, 32, 32, 32, 32, 32, 32, 32, 32]",1,1.0,1,1.0,3.486483707987587,1.8897089113325585,3.322733901741316
759,-166.7,-62.7,-43.7,0.01,0.01,0.13,"[9, 9, 4, 4]","[24, 24, 24, 24, 24, 24, 24, 24, 24, 24, 24, 24, 24, 24, 24, 24, 24, 24, 24, 24, 24, 24, 24, 24, 24, 24, 24, 24, 24, 24, 24, 24, 24, 24, 24, 24, 24, 24, 24, 24, 24, 24, 24, 24, 24, 24, 24, 24, 24, 24, 24, 24, 24, 24, 24, 24, 24, 24, 24, 24, 24, 24, 24, 24]",2,2.0,1,1.0,2.767306888227327,7.01448064697773,5.148442615656349
767,-134.5,-30.5,-11.5,3.7,2.85,7.21,"[9, 9, 9, 9]","[8, 8, 8, 8, 8, 8, 8, 8, 8, 8, 8, 8, 8, 8, 8, 8, 8, 8, 8, 8, 8, 8, 8, 8, 8, 8, 8, 8, 8, 8, 8, 8, 8, 8, 8, 8, 8, 8, 8, 8, 8, 8, 8, 8, 8, 8, 8, 8, 8, 8, 8, 8, 8, 8, 8, 8, 8, 8, 8, 8, 8, 8, 8, 8]",1,1.0,1,1.0,4.0010185499199755,5.45652403835133,6.453126556241962
768,-73.4,30.6,49.6,40.46,34.91,49.45,"[8, 8, 8, 0]","[30, 30, 30, 30, 30, 30, 30, 30, 30, 30, 24, 47, 30, 30, 30, 47, 28, 28, 28, 24, 24, 28, 28, 30, 24, 24, 28, 30, 47, 30, 30, 24, 30, 47, 47, 47, 30, 24, 30, 30, 47, 24, 28, 47, 47, 28, 30, 30, 30, 47, 47, 24, 28, 28, 24, 30, 28, 28, 28, 28, 47, 30, 47, 30]",2,1.6,4,3.4304857621440537,0.8762421080117998,4.100720421520034,1.7137956731244586
769,-70.5,33.5,52.5,38.43,33.67,80.15,"[12, 7, 12, 12]","[38, 38, 38, 38, 38, 38, 38, 38, 38, 38, 38, 38, 38, 36, 32, 38, 23, 23, 32, 23, 36, 38, 36, 38, 23, 23, 23, 36, 38, 38, 23, 36, 36, 38, 36, 38, 23, 36, 32, 38, 38, 38, 32, 36, 23, 36, 38, 38, 38, 23, 38, 36, 36, 38, 38, 38, 38, 38, 36, 38, 23, 36, 32, 36]",2,1.6,4,2.8054794520547945,1.3767810277420174,10.007797389526205,2.7278695806127624
770,-71.7,32.3,51.3,38.17,33.27,106.83,"[11, 11, 11, 11]","[31, 31, 31, 31, 31, 31, 31, 31, 31, 25, 29, 29, 27, 29, 31, 29, 31, 25, 31, 29, 31, 29, 31, 31, 29, 31, 27, 29, 31, 25, 27, 29, 31, 31, 31, 31, 27, 31, 31, 31, 27, 31, 29, 27, 31, 25, 31, 29, 25, 25, 25, 29, 31, 29, 27, 29, 27, 31, 27, 27, 27, 25, 29, 31]",1,1.0,4,3.1267175572519084,0.64455753374083,5.744624775335235,1.2810763896693487
771,-70.2,33.8,52.8,41.94,35.24,55.03,"[8, 6, 8, 8]","[31, 31, 31, 31, 31, 31, 31, 31, 29, 31, 31, 31, 31, 31, 31, 27, 31, 29, 31, 25, 25, 29, 27, 31, 31, 25, 25, 31, 29, 25, 29, 25, 31, 25, 27, 29, 29, 25, 29, 31, 31, 29, 25, 31, 31, 29, 29, 31, 27, 27, 27, 27, 27, 31, 31, 29, 27, 31, 29, 25, 27, 29, 27, 27]",2,1.6,4,3.34640522875817,0.9057499312219264,5.795495506578725,1.7897740644720903
772,-71.0,33.0,52.0,43.47,37.72,108.87,"[11, 2, 11, 11]","[31, 31, 31, 31, 31, 31, 31, 22, 31, 22, 22, 22, 31, 37, 21, 31, 21, 21, 22, 22, 21, 37, 21, 22, 22, 22, 22, 21, 31, 21, 22, 22, 22, 22, 31, 22, 22, 31, 37, 22, 31, 31, 22, 31, 37, 22, 22, 22, 31, 22, 22, 21, 22, 31, 22, 37, 22, 31, 22, 21, 22, 37, 37, 31]",2,1.6,4,3.1171993911719937,0.935885846934069,4.87404571068354,1.8381918559053088
773,-71.3,32.7,51.7,50.06,37.09,74.95,"[6, 6, 6, 4]","[30, 30, 30, 30, 30, 30, 30, 30, 30, 30, 21, 30, 30, 30, 37, 30, 5, 37, 21, 30, 37, 5, 37, 37, 37, 30, 5, 5, 21, 30, 37, 21, 37, 21, 37, 37, 21, 37, 21, 21, 30, 30, 5, 37, 30, 37, 30, 5, 30, 21, 30, 21, 21, 37, 5, 21, 21, 37, 30, 30, 37, 30, 21, 37]",2,1.6,4,3.3851239669421487,0.07795430674054268,1.5904958130719509,0.15572168577206535
774,-103.2,0.8,19.8,22.62,22.31,26.82,"[13, 4, 13, 13]","[42, 42, 42, 42, 42, 42, 42, 42, 42, 42, 42, 42, 42, 42, 42, 42, 42, 42, 42, 42, 42, 42, 42, 42, 42, 42, 42, 42, 42, 42, 42, 42, 42, 42, 42, 42, 42, 42, 42, 42, 42, 42, 42, 42, 42, 42, 42, 42, 42, 42, 42, 42, 42, 42, 42, 42, 42, 40, 40, 40, 40, 42, 42, 42]",2,1.6,2,1.1327433628318584,0.14990997914197232,0.822185600751713,0.29495717384079745
775,-103.7,0.3,19.3,20.33,18.02,24.55,"[13, 13, 13, 13]","[52, 52, 52, 52, 52, 52, 52, 52, 52, 52, 52, 52, 52, 52, 52, 52, 52, 52, 52, 52, 52, 52, 52, 52, 52, 52, 52, 52, 52, 52, 52, 52, 52, 52, 52, 52, 52, 52, 52, 52, 52, 52, 52, 52, 52, 52, 52, 52, 52, 52, 52, 52, 52, 52, 52, 52, 52, 52, 52, 52, 52, 52, 52, 52]",1,1.0,1,1.0,0.04240405313831854,0.44241649508956954,0.08442122317098581
776,-120.5,-16.5,2.5,12.49,10.36,19.57,"[1, 9, 9, 1]","[0, 0, 0, 0, 0, 33, 33, 33, 0, 0, 0, 33, 33, 33, 0, 0, 0, 0, 33, 33, 33, 33, 0, 0, 0, 0, 33, 33, 33, 0, 0, 0, 0, 0, 33, 33, 33, 33, 0, 0, 0, 0, 33, 33, 33, 33, 33, 33, 0, 0, 33, 33, 33, 33, 0, 0, 0, 0, 33, 33, 33, 33, 0, 0]",2,2.0,2,1.9980487804878049,0.5115300306210031,2.263187066468067,0.9978885006843033
777,-114.3,-10.3,8.7,17.71,15.35,21.93,"[1, 9, 1, 1]","[59, 59, 59, 59, 59, 59, 59, 59, 59, 59, 59, 59, 59, 59, 59, 59, 59, 59, 59, 59, 59, 59, 59, 59, 59, 59, 59, 59, 59, 59, 59, 59, 59, 59, 59, 59, 59, 59, 59, 59, 59, 59, 59, 59, 59, 59, 59, 59, 59, 59, 59, 59, 59, 59, 59, 59, 59, 59, 59, 59, 59, 59, 59, 59]",2,1.6,1,1.0,0.49133514094694497,2.0906022984025707,0.9566063714160346
778,-106.1,-2.1,16.9,29.84,26.16,36.03,"[10, 2, 10, 2]","[3, 18, 3, 18, 3, 18, 3, 35, 3, 35, 3, 3, 35, 3, 35, 3, 3, 3, 35, 3, 3, 3, 35, 35, 3, 35, 3, 3, 3, 3, 3, 35, 35, 35, 3, 3, 3, 3, 3, 3, 35, 35, 35, 35, 3, 3, 3, 3, 35, 35, 35, 3, 3, 3, 3, 3, 35, 35, 35, 35, 3, 3, 3, 3]",2,2.0,3,2.0337636544190665,0.30583273967040636,0.616012447587549,0.5478612611259663
779,-106.1,-2.1,16.9,29.57,24.01,31.85,"[9, 9, 9, 1]","[19, 19, 19, 19, 19, 19, 19, 19, 19, 19, 19, 19, 19, 19, 19, 19, 19, 19, 19, 19, 19, 19, 19, 19, 19, 19, 19, 19, 19, 19, 19, 19, 19, 19, 19, 19, 19, 19, 19, 19, 19, 19, 19, 3, 3, 19, 19, 19, 19, 3, 3, 3, 3, 19, 19, 19, 19, 19, 19, 19, 19, 19, 19, 19]",2,1.6,2,1.204705882352941,0.46268258536716766,1.9604658246506972,0.9006231059294608
780,-107.7,-3.7,15.3,24.98,21.14,32.5,"[9, 1, 9, 9]","[19, 19, 19, 19, 19, 19, 19, 19, 19, 19, 19, 19, 19, 19, 19, 19, 19, 19, 19, 19, 19, 19, 19, 19, 19, 19, 19, 19, 19, 19, 19, 35, 19, 19, 19, 19, 19, 19, 19, 19, 19, 19, 19, 19, 19, 19, 19, 51, 19, 19, 19, 19, 19, 19, 19, 19, 19, 19, 19, 19, 19, 19, 19, 19]",2,1.6,3,1.0650026001040043,0.4327557157885445,1.200522170606296,0.8142260244151005
781,-113.0,-9.0,10.0,18.45,15.28,22.87,"[5, 5, 5, 5]","[16, 16, 16, 16, 48, 48, 48, 16, 16, 16, 48, 48, 48, 48, 16, 16, 16, 16, 48, 48, 48, 16, 16, 16, 16, 16, 48, 48, 48, 16, 16, 16, 16, 16, 48, 48, 48, 16, 16, 26, 16, 16, 48, 48, 48, 16, 41, 41, 48, 48, 48, 48, 26, 48, 26, 26, 26, 26, 26, 26, 26, 26, 26, 26]",1,1.0,4,2.9257142857142857,0.3552367558915773,0.7739314558002591,0.6457026306753986
782,-132.4,-28.4,-9.4,4.2,3.37,7.96,"[8, 8, 8, 8]","[25, 25, 25, 25, 25, 25, 25, 25, 25, 25, 25, 25, 25, 25, 25, 25, 25, 25, 25, 25, 25, 25, 25, 25, 25, 25, 25, 25, 25, 25, 25, 25, 25, 25, 25, 25, 25, 25, 25, 25, 25, 25, 25, 25, 25, 25, 25, 25, 25, 25, 25, 25, 25, 25, 25, 25, 25, 25, 25, 25, 25, 25, 25, 25]",1,1.0,1,1.0,0.33354896739483897,1.118686638148547,0.6392865616340251
783,-141.9,-37.9,-18.9,1.59,1.47,4.26,"[0, 0, 0, 0]","[9, 9, 9, 9, 9, 9, 9, 9, 9, 9, 9, 9, 9, 9, 9, 9, 9, 9, 9, 9, 9, 9, 9, 9, 9, 9, 9, 9, 9, 9, 9, 9, 9, 9, 9, 9, 9, 9, 9, 9, 9, 9, 9, 9, 9, 9, 9, 9, 9, 9, 9, 9, 9, 9, 9, 9, 9, 9, 9, 9, 9, 9, 9, 9]",1,1.0,1,1.0,0.8599087246803353,1.1596373287224608,1.3814483749156037
784,-175.9,-71.9,-52.9,0.0,0.0,0.01,"[4, 4, 4, 4]","[59, 59, 59, 59, 59, 59, 59, 59, 59, 59, 59, 59, 59, 59, 59, 59, 59, 59, 59, 59, 59, 59, 59, 59, 59, 59, 59, 59, 59, 59, 59, 59, 59, 59, 59, 59, 59, 59, 59, 59, 59, 59, 59, 59, 59, 59, 59, 43, 59, 59, 59, 59, 59, 59, 59, 59, 59, 59, 59, 59, 59, 59, 59, 59]",1,1.0,2,1.0317380352644836,8.829759055797057,6.320425626937153,10.27887034527235
785,-115.1,-11.1,7.9,14.54,13.84,21.63,"[5, 5, 5, 5]","[25, 25, 25, 25, 25, 25, 25, 25, 25, 25, 25, 25, 25, 25, 25, 25, 25, 25, 25, 25, 25, 25, 25, 25, 25, 25, 25, 25, 25, 25, 25, 25, 25, 25, 25, 25, 25, 25, 25, 25, 25, 25, 25, 25, 57, 57, 57, 57, 25, 25, 57, 57, 57, 57, 57, 25, 25, 25, 57, 57, 57, 57, 25, 25]",1,1.0,2,1.4787003610108302,0.21634303866617915,1.649295742634759,0.42901096216656465
786,-120.0,-16.0,3.0,8.61,8.7,17.02,"[4, 4, 4, 4]","[25, 25, 25, 25, 25, 25, 25, 25, 25, 25, 25, 25, 25, 25, 25, 25, 25, 25, 25, 25, 25, 25, 25, 25, 25, 25, 25, 25, 25, 25, 25, 25, 25, 25, 25, 25, 25, 25, 25, 25, 25, 25, 25, 25, 25, 25, 25, 25, 25, 25, 25, 25, 25, 25, 25, 25, 25, 25, 25, 25, 25, 25, 25, 25]",1,1.0,1,1.0,1.5481348101552959,3.356088748952305,2.8115513186443293
787,-119.4,-15.4,3.6,8.81,8.98,15.85,"[5, 5, 5, 5]","[33, 33, 33, 33, 33, 33, 33, 33, 33, 33, 33, 33, 33, 33, 33, 33, 33, 33, 33, 33, 33, 33, 33, 33, 33, 33, 33, 33, 33, 33, 33, 33, 33, 33, 33, 33, 33, 33, 33, 33, 33, 33, 33, 33, 33, 33, 33, 33, 33, 33, 33, 16, 33, 33, 33, 33, 33, 33, 16, 16, 16, 33, 33, 33]",1,1.0,2,1.1327433628318584,1.8313945467345372,5.268068163319956,3.4596916034289573
788,-102.9,1.1,20.1,17.98,18.87,27.78,"[5, 5, 5, 5]","[24, 24, 24, 24, 24, 24, 24, 24, 24, 24, 24, 24, 24, 24, 24, 24, 24, 24, 24, 24, 24, 24, 24, 24, 24, 24, 24, 24, 24, 24, 24, 24, 24, 24, 24, 24, 24, 24, 24, 24, 24, 24, 24, 24, 24, 24, 24, 24, 24, 24, 24, 24, 24, 24, 24, 24, 24, 24, 24, 24, 24, 24, 24, 24]",1,1.0,1,1.0,2.2736804013056005,8.750814798864358,4.401225654362008
789,-120.1,-16.1,2.9,8.22,8.07,16.03,"[0, 0, 0, 0]","[33, 33, 33, 33, 33, 33, 33, 33, 33, 33, 33, 33, 33, 33, 33, 33, 33, 33, 33, 33, 33, 33, 33, 33, 33, 33, 33, 33, 33, 33, 33, 33, 33, 33, 33, 33, 33, 33, 33, 33, 33, 33, 33, 33, 33, 33, 33, 33, 33, 33, 33, 33, 33, 33, 33, 33, 33, 33, 33, 33, 33, 33, 33, 33]",1,1.0,1,1.0,4.044514811243964,4.538977387169529,6.039291897647299
790,-159.2,-55.2,-36.2,0.06,0.05,0.38,"[4, 4, 4, 4]","[17, 17, 17, 17, 17, 17, 17, 17, 17, 17, 17, 17, 17, 17, 17, 17, 17, 17, 17, 17, 17, 17, 17, 17, 17, 17, 17, 17, 17, 17, 17, 17, 17, 17, 17, 17, 17, 17, 17, 17, 17, 17, 17, 17, 17, 17, 17, 17, 17, 17, 17, 17, 17, 17, 17, 17, 17, 17, 17, 17, 17, 17, 17, 17]",1,1.0,1,1.0,0.2809888007617941,1.375999630470653,0.5506144031722605
791,-132.2,-28.2,-9.2,4.13,4.14,9.48,"[0, 0, 0, 0]","[33, 33, 33, 33, 33, 33, 33, 33, 33, 33, 33, 33, 33, 33, 33, 33, 33, 33, 33, 33, 33, 33, 33, 33, 33, 33, 33, 33, 33, 33, 33, 33, 33, 33, 33, 33, 33, 33, 33, 33, 33, 33, 33, 33, 33, 33, 33, 33, 33, 33, 33, 33, 33, 33, 33, 33, 33, 33, 33, 33, 33, 33, 33, 33]",1,1.0,1,1.0,2.3395705017317208,4.798705640018937,4.205899874142907
792,-162.0,-58.0,-39.0,0.02,0.02,0.47,"[5, 5, 5, 5]","[39, 39, 39, 39, 39, 39, 39, 39, 39, 39, 39, 39, 39, 39, 39, 39, 39, 39, 39, 39, 39, 39, 39, 39, 39, 39, 39, 39, 39, 39, 39, 39, 39, 39, 39, 39, 39, 39, 39, 39, 39, 39, 39, 39, 39, 39, 39, 39, 39, 39, 39, 39, 39, 39, 39, 39, 39, 39, 39, 39, 39, 39, 39, 39]",1,1.0,1,1.0,0.1561766924856261,1.4807302763886716,0.31063035983256637
793,,,,0.0,0.0,0.0,"[0, 0, 0, 0]","[0, 0, 0, 0, 0, 0, 0, 0, 0, 0, 0, 0, 0, 0, 0, 0, 0, 0, 0, 0, 0, 0, 0, 0, 0, 0, 0, 0, 0, 0, 0, 0, 0, 0, 0, 0, 0, 0, 0, 0, 0, 0, 0, 0, 0, 0, 0, 0, 0, 0, 0, 0, 0, 0, 0, 0, 0, 0, 0, 0, 0, 0, 0, 0]",1,1.0,1,1.0,0.7810109743959075,5.973045008102031,1.5488377385690928
794,-172.5,-68.5,-49.5,0.0,0.0,0.01,"[10, 8, 10, 10]","[30, 30, 30, 30, 30, 30, 30, 30, 30, 30, 30, 30, 30, 30, 30, 30, 30, 30, 30, 30, 30, 30, 30, 28, 30, 30, 30, 30, 30, 30, 30, 30, 30, 30, 28, 30, 30, 28, 30, 30, 30, 30, 30, 30, 30, 30, 30, 30, 30, 30, 30, 30, 30, 30, 30, 30, 30, 30, 30, 30, 30, 30, 24, 30]",2,1.6,3,1.1346260387811635,3.4194666007209875,5.462928673724355,5.796952892290221
795,-169.7,-65.7,-46.7,0.01,0.0,0.01,"[4, 4, 4, 4]","[38, 38, 38, 38, 38, 38, 38, 22, 38, 38, 38, 38, 38, 38, 38, 38, 38, 38, 38, 38, 38, 38, 38, 38, 38, 38, 38, 38, 38, 38, 38, 38, 38, 38, 38, 38, 38, 38, 38, 38, 38, 38, 38, 38, 38, 38, 38, 38, 38, 38, 38, 38, 38, 38, 22, 38, 38, 38, 22, 38, 38, 38, 22, 38]",1,1.0,2,1.1327433628318584,17.019366257472164,10.975230251910673,18.447369824012938
796,-118.5,-14.5,4.5,9.13,8.89,17.13,"[1, 1, 1, 1]","[32, 32, 32, 32, 32, 32, 32, 32, 32, 32, 32, 32, 32, 32, 32, 32, 32, 32, 32, 32, 32, 32, 32, 32, 32, 32, 32, 32, 32, 32, 32, 32, 32, 32, 32, 32, 32, 32, 32, 32, 32, 32, 32, 32, 32, 32, 32, 32, 32, 32, 32, 32, 32, 32, 32, 32, 32, 32, 32, 32, 32, 32, 32, 32]",1,1.0,1,1.0,5.519284788046421,3.804870345397214,6.265249006052225
797,-118.8,-14.8,4.2,8.74,9.22,18.69,"[0, 0, 0, 0]","[32, 32, 32, 32, 32, 32, 32, 32, 32, 32, 32, 32, 32, 32, 32, 32, 32, 32, 32, 32, 32, 32, 32, 32, 32, 32, 32, 32, 32, 32, 32, 32, 32, 32, 32, 32, 32, 32, 32, 32, 32, 32, 32, 32, 32, 32, 32, 32, 32, 32, 32, 32, 32, 32, 32, 32, 32, 32, 32, 32, 32, 32, 32, 32]",1,1.0,1,1.0,1.4477400009085089,7.615841577124891,2.8445403342040367
798,-167.3,-63.3,-44.3,0.01,0.01,0.19,"[4, 4, 4, 4]","[32, 32, 32, 32, 32, 32, 32, 32, 32, 32, 32, 32, 32, 32, 32, 32, 32, 32, 32, 32, 32, 32, 32, 32, 32, 32, 32, 32, 32, 32, 32, 32, 32, 32, 32, 32, 32, 32, 32, 32, 32, 32, 32, 32, 32, 32, 32, 32, 32, 32, 32, 32, 32, 32, 32, 32, 32, 32, 32, 32, 32, 32, 32, 32]",1,1.0,1,1.0,1.2312164712291969,5.831311378750008,2.4093152979154953
799,-172.9,-68.9,-49.9,0.0,0.0,0.01,"[8, 8, 8, 8]","[38, 38, 38, 38, 38, 38, 38, 38, 38, 38, 38, 38, 38, 38, 38, 38, 38, 38, 38, 38, 38, 38, 38, 38, 38, 38, 38, 38, 38, 38, 38, 38, 38, 38, 38, 38, 38, 38, 38, 38, 38, 38, 38, 38, 38, 38, 38, 38, 38, 38, 38, 38, 38, 38, 38, 38, 38, 38, 38, 38, 38, 38, 38, 38]",1,1.0,1,1.0,2.9245562109478755,5.490891102279887,5.162510716951965
808,-73.9,30.1,49.1,49.21,42.51,54.37,"[12, 12, 4, 12]","[38, 38, 38, 24, 38, 38, 38, 24, 38, 24, 38, 38, 38, 38, 38, 38, 38, 24, 28, 24, 24, 24, 38, 24, 24, 28, 24, 24, 38, 24, 28, 34, 38, 28, 24, 24, 38, 38, 28, 34, 38, 28, 34, 34, 34, 38, 38, 38, 28, 24, 38, 34, 34, 34, 28, 34, 38, 38, 38, 34, 28, 34, 38, 38]",2,1.6,4,3.230283911671924,1.688042670127542,4.918071560811726,3.1932262039630572
809,-76.3,27.7,46.7,47.4,40.97,58.92,"[11, 0, 11, 0]","[30, 32, 30, 30, 30, 30, 30, 30, 32, 32, 32, 32, 30, 30, 30, 30, 30, 30, 32, 30, 32, 30, 46, 30, 30, 46, 30, 30, 30, 30, 32, 30, 30, 23, 30, 46, 30, 30, 46, 46, 32, 30, 23, 30, 30, 30, 32, 32, 30, 46, 32, 23, 32, 32, 32, 32, 46, 23, 46, 30, 30, 30, 30, 30]",2,2.0,4,2.5098039215686274,1.2376916903247575,5.341575992276838,2.4114942293074035
810,-74.1,29.9,48.9,48.9,40.99,56.49,"[11, 0, 11, 0]","[30, 32, 30, 30, 30, 32, 30, 32, 32, 30, 30, 32, 32, 30, 32, 30, 30, 32, 32, 30, 30, 32, 32, 30, 46, 32, 32, 32, 30, 46, 55, 55, 32, 30, 32, 32, 46, 46, 30, 30, 32, 46, 30, 32, 32, 30, 32, 55, 55, 32, 55, 55, 32, 30, 46, 55, 30, 55, 55, 30, 30, 30, 32, 30]",2,2.0,4,3.1077389984825494,1.7157058099888691,6.44874075387337,3.316056011877908
811,-76.5,27.5,46.5,47.33,39.52,51.56,"[10, 4, 12, 4]","[38, 38, 38, 38, 38, 38, 38, 38, 38, 38, 38, 38, 38, 38, 38, 38, 22, 55, 38, 38, 38, 22, 38, 38, 38, 22, 38, 22, 22, 55, 22, 38, 38, 38, 22, 38, 38, 7, 22, 38, 38, 38, 38, 22, 7, 38, 38, 55, 7, 7, 38, 22, 22, 38, 55, 7, 55, 38, 7, 22, 38, 22, 22, 22]",3,2.6666666666666665,4,2.3676300578034684,1.0766279599987578,2.2049952893859723,1.9349254732325716
812,-73.6,30.4,49.4,56.86,42.57,61.11,"[10, 0, 8, 10]","[30, 30, 30, 30, 30, 30, 30, 30, 30, 46, 30, 30, 46, 30, 30, 30, 30, 46, 30, 14, 46, 30, 62, 30, 62, 30, 46, 30, 46, 30, 30, 30, 14, 30, 30, 14, 62, 30, 46, 14, 30, 30, 14, 46, 14, 14, 30, 46, 62, 46, 30, 46, 30, 62, 14, 62, 46, 62, 14, 62, 62, 62, 46, 30]",3,2.6666666666666665,4,2.981077147016012,1.6877298750219059,4.726192690064829,3.1788536898251425
813,-74.7,29.3,48.3,45.05,37.04,49.83,"[10, 4, 12, 4]","[30, 24, 30, 30, 30, 24, 30, 24, 30, 28, 30, 24, 24, 30, 30, 30, 30, 30, 24, 24, 24, 30, 30, 30, 30, 30, 14, 14, 30, 30, 30, 30, 28, 14, 30, 24, 30, 30, 30, 30, 30, 14, 24, 30, 30, 30, 28, 30, 30, 14, 30, 28, 24, 28, 30, 28, 30, 28, 30, 14, 24, 24, 30, 24]",3,2.6666666666666665,4,2.4824242424242424,1.93121476208491,3.2086329015796125,3.3092568242994567
814,-103.6,0.4,19.4,27.94,25.56,35.85,"[0, 14, 0, 0]","[33, 51, 33, 33, 33, 33, 33, 33, 51, 33, 51, 51, 51, 33, 33, 33, 33, 33, 33, 35, 51, 33, 33, 33, 33, 33, 33, 51, 51, 33, 33, 33, 33, 33, 33, 51, 51, 33, 33, 33, 33, 33, 33, 51, 51, 33, 33, 33, 33, 33, 33, 51, 51, 33, 33, 33, 33, 33, 33, 51, 51, 33, 33, 33]",2,1.6,3,1.6609894566098946,0.4437947577292608,1.0546155589625985,0.8181043206047276
815,-102.5,1.5,20.5,34.84,30.19,39.92,"[5, 5, 13, 5]","[33, 51, 33, 33, 1, 1, 33, 33, 51, 33, 51, 1, 33, 33, 33, 33, 51, 33, 1, 1, 33, 33, 33, 33, 51, 33, 1, 1, 33, 33, 33, 33, 33, 33, 1, 1, 33, 33, 33, 33, 33, 33, 1, 1, 1, 33, 33, 33, 33, 33, 1, 1, 1, 33, 33, 33, 33, 33, 1, 1, 1, 33, 33, 33]",2,1.6,3,2.017733990147783,0.46414430032457565,0.8555986091351956,0.8159589511899225
816,-103.1,0.9,19.9,35.45,29.27,39.73,"[0, 2, 0, 0]","[40, 59, 59, 40, 40, 40, 40, 59, 40, 59, 59, 57, 57, 40, 57, 59, 40, 57, 59, 57, 40, 40, 40, 59, 40, 59, 57, 57, 57, 40, 40, 40, 40, 59, 59, 57, 59, 59, 40, 40, 40, 40, 59, 57, 59, 59, 40, 40, 40, 59, 57, 57, 59, 59, 40, 40, 40, 59, 57, 57, 57, 59, 40, 40]",2,1.6,3,2.8248275862068963,0.22168529642427084,0.5150018781117534,0.40724358167306
817,-101.7,2.3,21.3,29.22,25.02,32.27,"[4, 4, 4, 4]","[57, 57, 57, 57, 57, 57, 57, 57, 57, 57, 57, 57, 57, 57, 57, 57, 59, 59, 59, 59, 57, 59, 57, 57, 59, 59, 59, 57, 59, 57, 57, 57, 57, 59, 59, 59, 59, 59, 57, 57, 59, 59, 59, 59, 57, 59, 59, 59, 57, 59, 59, 57, 59, 59, 59, 63, 57, 57, 59, 59, 59, 59, 61, 63]",1,1.0,4,2.195069667738478,0.09704487951721735,0.6899838924756311,0.1921980501735067
818,-117.9,-13.9,5.1,13.58,12.1,19.71,"[1, 3, 1, 1]","[60, 60, 60, 60, 41, 41, 41, 60, 60, 60, 41, 41, 41, 41, 60, 60, 60, 41, 41, 41, 60, 60, 60, 41, 41, 41, 60, 60, 60, 41, 41, 41, 60, 60, 60, 41, 41, 41, 60, 60, 60, 41, 41, 41, 60, 60, 41, 41, 41, 41, 60, 60, 60, 41, 41, 41, 41, 60, 60, 41, 41, 41, 41, 43]",2,1.6,3,2.05005005005005,0.6649990817458861,0.795442085375207,1.0203874123825594
819,-110.7,-6.7,12.3,20.34,17.34,27.39,"[10, 2, 10, 2]","[35, 35, 19, 19, 19, 19, 19, 19, 19, 19, 19, 35, 35, 19, 19, 19, 19, 19, 4, 19, 4, 19, 35, 19, 4, 19, 19, 19, 19, 4, 35, 19, 35, 19, 19, 19, 19, 19, 19, 19, 35, 4, 19, 19, 19, 19, 4, 19, 4, 19, 19, 19, 19, 19, 4, 35, 4, 4, 19, 19, 19, 19, 19, 4]",2,2.0,3,1.9158091674462114,0.8791573055052986,3.3417584753010825,1.7004529464183564
820,-114.7,-10.7,8.3,16.57,13.94,23.14,"[9, 1, 1, 9]","[20, 20, 20, 20, 20, 20, 20, 20, 20, 20, 20, 20, 20, 20, 20, 20, 20, 20, 20, 20, 20, 20, 20, 20, 20, 20, 20, 20, 20, 20, 20, 20, 20, 20, 20, 20, 20, 20, 20, 20, 20, 20, 20, 20, 20, 20, 20, 20, 20, 20, 20, 20, 20, 20, 20, 20, 20, 20, 20, 20, 20, 20, 20, 20]",2,2.0,1,1.0,0.27455739598650547,1.0655477597197012,0.5317463986782082
821,-114.4,-10.4,8.6,16.04,13.61,20.97,"[9, 9, 9, 9]","[43, 43, 43, 43, 43, 43, 43, 43, 43, 43, 43, 43, 43, 43, 43, 43, 43, 43, 43, 43, 43, 43, 43, 43, 43, 43, 43, 43, 43, 43, 43, 43, 43, 43, 43, 43, 43, 27, 27, 43, 43, 43, 43, 43, 43, 43, 43, 43, 43, 43, 43, 43, 43, 43, 43, 43, 43, 43, 43, 43, 43, 43, 43, 43]",1,1.0,2,1.0644490644490645,0.21830687557535813,1.087026477915513,0.4280665943751301
822,-124.2,-20.2,-1.2,6.71,6.63,12.41,"[14, 14, 14, 14]","[18, 18, 18, 18, 18, 18, 18, 18, 18, 18, 18, 18, 18, 18, 18, 18, 18, 18, 18, 18, 18, 18, 18, 18, 18, 18, 18, 18, 18, 18, 18, 18, 18, 18, 18, 18, 18, 18, 18, 18, 18, 18, 18, 18, 18, 18, 18, 18, 18, 18, 18, 18, 18, 18, 18, 18, 18, 18, 18, 18, 18, 18, 18, 18]",1,1.0,1,1.0,3.6020420971326903,6.165753510030463,6.220384374717303
823,-124.4,-20.4,-1.4,8.19,6.75,11.69,"[13, 13, 13, 5]","[19, 19, 19, 19, 19, 19, 19, 19, 19, 19, 19, 19, 19, 19, 19, 19, 19, 19, 19, 19, 19, 19, 19, 19, 19, 19, 19, 19, 19, 19, 19, 19, 19, 19, 19, 19, 19, 19, 19, 19, 19, 19, 19, 19, 19, 19, 19, 19, 19, 19, 19, 19, 19, 19, 19, 19, 19, 19, 19, 19, 19, 19, 19, 19]",2,1.6,1,1.0,0.42401561112272435,0.9555112010589338,0.7751381121417807
824,-130.8,-26.8,-7.8,4.53,3.99,10.39,"[1, 1, 1, 1]","[25, 25, 25, 25, 25, 25, 25, 25, 25, 25, 25, 25, 25, 25, 25, 25, 25, 25, 25, 25, 25, 25, 25, 25, 25, 25, 25, 25, 25, 25, 25, 25, 57, 25, 25, 25, 25, 25, 25, 25, 36, 41, 25, 25, 25, 25, 25, 25, 41, 41, 25, 25, 25, 25, 25, 25, 41, 25, 25, 25, 25, 25, 25, 25]",1,1.0,4,1.2111176818450622,1.2701849047961193,3.9707891824242263,2.4195922501967475
825,-117.4,-13.4,5.6,9.0,9.45,14.79,"[5, 5, 5, 5]","[32, 32, 32, 32, 32, 32, 32, 32, 32, 32, 32, 32, 32, 32, 32, 32, 32, 32, 32, 32, 32, 32, 32, 32, 32, 32, 32, 32, 32, 32, 32, 32, 32, 32, 32, 32, 32, 32, 32, 32, 32, 32, 32, 32, 32, 32, 32, 32, 32, 32, 32, 32, 32, 32, 32, 32, 32, 32, 32, 32, 32, 32, 32, 32]",1,1.0,1,1.0,2.1550998200631577,6.611107290815635,4.097962559997236
826,-118.2,-14.2,4.8,12.36,11.28,18.35,"[1, 1, 1, 1]","[48, 48, 48, 32, 32, 32, 32, 32, 48, 48, 48, 48, 32, 48, 48, 48, 48, 48, 48, 48, 48, 48, 48, 48, 48, 48, 48, 32, 48, 48, 48, 48, 48, 48, 48, 32, 32, 48, 48, 48, 48, 48, 48, 32, 32, 48, 48, 48, 48, 48, 32, 32, 48, 48, 48, 48, 48, 48, 32, 32, 48, 48, 48, 48]",1,1.0,2,1.5597867479055598,0.3742539763371235,3.651667113947225,0.7446075276641367
827,-118.3,-14.3,4.7,9.15,9.53,17.77,"[4, 4, 4, 4]","[25, 25, 25, 25, 25, 25, 25, 25, 25, 25, 25, 25, 25, 25, 25, 25, 25, 25, 25, 25, 25, 25, 25, 25, 25, 25, 25, 25, 25, 25, 25, 25, 25, 25, 25, 25, 25, 25, 25, 25, 25, 25, 25, 25, 25, 25, 25, 25, 25, 25, 25, 25, 25, 25, 25, 25, 25, 25, 25, 25, 25, 25, 25, 25]",1,1.0,1,1.0,1.8140244902692602,4.609410798900402,3.3760176094113277
828,-120.2,-16.2,2.8,8.44,7.81,14.84,"[1, 1, 1, 1]","[33, 33, 33, 33, 33, 33, 33, 33, 33, 33, 33, 33, 33, 33, 33, 33, 33, 33, 33, 33, 33, 33, 33, 33, 33, 33, 33, 33, 33, 33, 33, 33, 33, 33, 33, 33, 33, 33, 33, 33, 33, 33, 33, 33, 33, 33, 33, 33, 33, 33, 33, 33, 33, 33, 33, 33, 33, 33, 33, 33, 33, 33, 33, 33]",1,1.0,1,1.0,1.9304063103809692,6.221830935308216,3.6874086780585755
829,-121.2,-17.2,1.8,7.6,8.0,14.63,"[5, 5, 5, 5]","[32, 32, 32, 32, 32, 32, 32, 32, 32, 32, 32, 32, 32, 32, 32, 32, 32, 32, 32, 32, 32, 32, 32, 32, 32, 32, 32, 32, 32, 32, 32, 32, 32, 32, 32, 32, 32, 32, 32, 32, 32, 32, 32, 32, 32, 32, 32, 32, 32, 32, 32, 32, 32, 32, 32, 32, 32, 32, 32, 32, 32, 32, 32, 32]",1,1.0,1,1.0,3.0443030818886094,8.211601942892363,5.708910317930895
833,-148.7,-44.7,-25.7,0.6,0.41,2.69,"[1, 1, 1, 1]","[25, 25, 25, 25, 25, 25, 25, 25, 25, 25, 25, 25, 25, 25, 25, 25, 25, 25, 25, 25, 25, 25, 25, 25, 25, 25, 25, 25, 25, 25, 25, 25, 25, 25, 25, 25, 25, 25, 25, 25, 25, 25, 25, 25, 25, 25, 25, 25, 25, 25, 25, 25, 25, 25, 25, 25, 25, 25, 25, 25, 25, 25, 25, 25]",1,1.0,1,1.0,1.7471297088459632,0.8479876423424766,1.525755716381872
834,-170.1,-66.1,-47.1,0.01,0.0,0.03,"[13, 13, 13, 13]","[30, 30, 30, 30, 30, 30, 30, 30, 30, 30, 30, 30, 30, 30, 30, 30, 30, 30, 30, 30, 30, 30, 30, 30, 30, 30, 30, 30, 30, 30, 30, 30, 30, 30, 30, 30, 30, 30, 30, 30, 30, 30, 30, 30, 30, 30, 30, 30, 30, 30, 30, 30, 30, 30, 24, 30, 30, 30, 30, 30, 30, 30, 30, 30]",1,1.0,2,1.0317380352644836,21.54780940030131,12.125162678252888,21.134095813348456
835,-169.3,-65.3,-46.3,0.01,0.0,0.03,"[5, 5, 5, 5]","[31, 31, 31, 31, 31, 31, 31, 31, 31, 31, 31, 31, 31, 29, 31, 31, 31, 31, 31, 31, 31, 31, 31, 31, 31, 31, 31, 31, 31, 31, 31, 31, 31, 31, 31, 31, 31, 31, 31, 31, 31, 31, 31, 31, 31, 31, 31, 31, 31, 31, 29, 31, 31, 31, 31, 31, 31, 31, 31, 31, 31, 31, 31, 31]",1,1.0,2,1.0644490644490645,20.307124419920033,10.975291583467008,19.310680538914177
836,-166.6,-62.6,-43.6,0.01,0.01,0.22,"[4, 4, 4, 4]","[32, 32, 32, 32, 32, 32, 32, 32, 32, 32, 32, 32, 32, 32, 32, 32, 32, 32, 32, 32, 32, 32, 32, 32, 32, 32, 32, 32, 32, 32, 32, 32, 32, 32, 32, 32, 32, 32, 32, 32, 32, 32, 32, 32, 32, 32, 32, 32, 32, 32, 32, 32, 32, 32, 32, 32, 32, 32, 32, 32, 32, 32, 32, 32]",1,1.0,1,1.0,20.91862413184941,8.255407711351351,15.358108542089452
837,-165.4,-61.4,-42.4,0.01,0.0,0.11,"[8, 8, 8, 8]","[31, 31, 31, 31, 31, 31, 31, 31, 31, 31, 31, 31, 31, 31, 31, 31, 31, 31, 31, 31, 31, 31, 31, 31, 31, 31, 31, 31, 31, 31, 31, 31, 31, 31, 31, 31, 31, 31, 31, 31, 31, 31, 31, 31, 31, 31, 31, 31, 31, 31, 31, 31, 31, 31, 31, 31, 31, 31, 31, 31, 31, 31, 31, 31]",1,1.0,1,1.0,13.66216942820037,6.621031671917879,11.91643970448486
838,-165.4,-61.4,-42.4,0.01,0.01,0.32,"[4, 4, 4, 4]","[32, 32, 32, 32, 32, 32, 32, 32, 32, 32, 32, 32, 32, 32, 32, 32, 32, 32, 32, 32, 32, 32, 32, 32, 32, 32, 32, 32, 32, 32, 32, 32, 32, 32, 32, 32, 32, 32, 32, 32, 32, 32, 32, 32, 32, 32, 32, 32, 32, 32, 32, 32, 32, 32, 32, 32, 32, 32, 32, 32, 32, 32, 32, 32]",1,1.0,1,1.0,1.941946011114002,3.031346965575419,3.270368039705365
839,-168.1,-64.1,-45.1,0.01,0.0,0.07,"[1, 1, 1, 1]","[32, 32, 32, 32, 32, 32, 32, 32, 32, 32, 32, 32, 32, 32, 32, 32, 32, 32, 32, 32, 32, 32, 32, 32, 32, 32, 32, 32, 32, 32, 32, 32, 32, 32, 32, 32, 32, 32, 32, 32, 32, 32, 32, 32, 32, 32, 32, 32, 32, 32, 32, 32, 32, 32, 32, 32, 32, 32, 32, 32, 32, 32, 32, 32]",1,1.0,1,1.0,3.3378706499079693,8.68172559216164,6.231075454625565
840,-164.5,-60.5,-41.5,0.01,0.01,0.13,"[0, 0, 0, 0]","[24, 24, 24, 24, 24, 24, 24, 24, 24, 24, 24, 24, 24, 24, 24, 24, 24, 24, 24, 24, 24, 24, 24, 24, 24, 24, 24, 24, 24, 24, 24, 24, 24, 24, 24, 24, 24, 24, 24, 24, 24, 24, 24, 24, 24, 24, 24, 24, 24, 24, 24, 24, 24, 24, 24, 24, 24, 24, 24, 24, 24, 24, 24, 24]",1,1.0,1,1.0,5.059272791943799,7.292240657247569,8.313623471429
848,-76.4,27.6,46.6,50.01,43.18,57.25,"[12, 4, 12, 4]","[31, 31, 31, 31, 47, 31, 31, 31, 47, 47, 31, 31, 47, 47, 31, 31, 31, 31, 31, 31, 31, 31, 31, 31, 31, 47, 31, 31, 14, 31, 31, 31, 31, 47, 14, 31, 47, 31, 47, 63, 47, 63, 14, 47, 14, 31, 31, 63, 14, 31, 31, 31, 63, 47, 14, 63, 31, 31, 47, 63, 14, 47, 31, 31]",2,2.0,4,2.4824242424242424,6.0072375518838586,4.468341797516573,7.170539448013516
849,-75.3,28.7,47.7,44.06,36.81,50.86,"[11, 0, 11, 0]","[39, 33, 39, 39, 39, 39, 39, 39, 33, 39, 39, 33, 33, 33, 39, 33, 33, 39, 33, 39, 39, 33, 39, 33, 39, 37, 33, 33, 33, 33, 33, 33, 39, 22, 39, 22, 39, 39, 37, 39, 33, 39, 37, 39, 37, 22, 39, 39, 37, 39, 37, 39, 37, 37, 22, 37, 22, 39, 37, 22, 39, 22, 22, 22]",2,2.0,4,3.266347687400319,8.066104193176827,5.396911935614056,8.970977435207184
850,-76.8,27.2,46.2,45.32,37.7,52.73,"[8, 1, 8, 8]","[39, 33, 39, 39, 39, 39, 39, 33, 33, 39, 33, 39, 33, 39, 39, 39, 39, 33, 39, 39, 39, 33, 39, 39, 33, 39, 33, 39, 33, 22, 33, 39, 33, 39, 22, 39, 33, 37, 39, 22, 22, 39, 33, 33, 37, 22, 33, 33, 33, 39, 22, 39, 22, 22, 39, 22, 37, 37, 37, 22, 39, 37, 22, 37]",2,1.6,4,3.2050078247261347,6.383591898527618,4.393562926231802,7.238395197741897
851,-79.2,24.8,43.8,42.2,36.1,51.79,"[8, 0, 8, 0]","[39, 33, 39, 39, 39, 39, 33, 33, 39, 33, 33, 39, 39, 39, 33, 33, 33, 33, 33, 33, 39, 39, 33, 33, 39, 33, 33, 39, 39, 33, 33, 39, 33, 39, 33, 33, 33, 39, 39, 33, 37, 33, 39, 37, 39, 33, 33, 39, 33, 37, 39, 39, 37, 22, 39, 39, 37, 39, 39, 39, 22, 22, 39, 33]",2,2.0,4,2.5536159600997506,6.993350067286439,4.4984807334746355,7.566693778513005
852,-79.3,24.7,43.7,47.78,38.79,47.71,"[15, 1, 15, 15]","[31, 31, 31, 31, 31, 31, 31, 25, 25, 25, 25, 25, 31, 31, 31, 31, 31, 25, 29, 25, 31, 31, 25, 31, 31, 25, 31, 25, 31, 31, 31, 31, 31, 29, 31, 25, 31, 29, 25, 31, 29, 25, 46, 31, 29, 25, 31, 31, 31, 25, 29, 29, 31, 31, 25, 29, 31, 31, 25, 29, 29, 29, 31, 25]",2,1.6,4,2.5568039950062422,4.416096105069249,6.4281354474000025,7.279812921200565
853,-80.5,23.5,42.5,41.36,36.9,45.8,"[11, 0, 11, 11]","[30, 30, 30, 30, 30, 30, 30, 30, 30, 46, 30, 46, 30, 30, 30, 30, 30, 14, 46, 46, 30, 30, 46, 46, 30, 46, 14, 46, 62, 30, 30, 30, 30, 30, 62, 14, 46, 30, 46, 62, 30, 30, 46, 14, 46, 14, 46, 46, 62, 30, 46, 46, 46, 62, 62, 46, 46, 46, 30, 62, 46, 14, 46, 14]",2,1.6,4,2.998535871156662,5.809953090324122,4.383813536232173,6.998836837820766
854,-99.3,4.7,23.7,42.71,34.26,44.05,"[10, 4, 4, 4]","[50, 32, 32, 32, 50, 32, 32, 32, 32, 50, 50, 32, 32, 50, 32, 32, 32, 50, 50, 32, 50, 32, 32, 32, 32, 50, 50, 32, 32, 50, 32, 32, 32, 50, 50, 32, 32, 50, 32, 32, 32, 32, 50, 32, 50, 50, 32, 32, 32, 50, 50, 32, 50, 50, 32, 32, 32, 50, 32, 32, 50, 50, 32, 32]",2,1.6,2,1.8823529411764706,0.31667806944598514,1.3942136597197996,0.6176244377645922
855,-101.8,2.2,21.2,34.23,28.32,38.43,"[1, 10, 1, 1]","[32, 59, 59, 32, 32, 32, 59, 59, 32, 59, 32, 32, 32, 59, 59, 59, 32, 59, 32, 32, 32, 59, 59, 59, 32, 59, 32, 32, 32, 59, 59, 59, 59, 32, 59, 32, 32, 59, 59, 57, 32, 59, 57, 32, 59, 57, 59, 59, 32, 32, 32, 59, 32, 57, 57, 57, 32, 32, 59, 57, 32, 32, 57, 32]",2,1.6,3,2.497560975609756,0.5058505056030458,1.034569102625273,0.9088751625601947
856,-105.2,-1.2,17.8,30.31,24.98,34.96,"[4, 10, 4, 4]","[0, 0, 2, 0, 0, 0, 0, 0, 2, 0, 2, 2, 0, 0, 0, 0, 0, 0, 2, 2, 2, 0, 0, 0, 0, 0, 0, 0, 2, 0, 0, 0, 0, 0, 0, 0, 0, 0, 0, 0, 0, 0, 0, 0, 0, 0, 0, 0, 0, 0, 0, 0, 0, 0, 0, 0, 0, 0, 0, 0, 0, 0, 0, 0]",2,1.6,2,1.28,0.8004170804613683,1.1042369216831298,1.2961383343502184
857,-101.6,2.4,21.4,31.08,29.69,43.26,"[5, 5, 5, 5]","[56, 33, 56, 56, 33, 56, 33, 56, 33, 56, 33, 33, 33, 33, 56, 33, 56, 33, 56, 56, 56, 33, 56, 33, 56, 33, 33, 56, 56, 56, 33, 56, 56, 33, 33, 33, 33, 33, 56, 33, 56, 56, 56, 33, 56, 33, 56, 33, 33, 56, 56, 56, 33, 56, 33, 56, 33, 56, 56, 33, 33, 33, 56, 33]",1,1.0,2,2.0,0.1443493246579456,3.2419037649758646,0.28841289101688816
858,-110.5,-6.5,12.5,23.8,19.11,27.6,"[1, 1, 1, 1]","[3, 33, 33, 3, 3, 33, 3, 33, 3, 33, 3, 3, 3, 33, 33, 3, 33, 3, 33, 3, 3, 33, 33, 3, 33, 3, 33, 33, 3, 33, 3, 3, 3, 33, 33, 33, 3, 18, 33, 3, 33, 3, 33, 33, 3, 3, 33, 33, 33, 33, 3, 33, 3, 3, 33, 33, 33, 33, 3, 33, 33, 3, 33, 3]",1,1.0,3,2.05005005005005,0.6373786991557595,1.8302406247716694,1.203846376692127
859,-110.6,-6.6,12.4,24.87,20.04,28.48,"[14, 4, 14, 4]","[3, 34, 34, 3, 3, 3, 34, 34, 3, 3, 34, 3, 34, 3, 34, 3, 34, 3, 34, 3, 3, 34, 3, 34, 34, 34, 3, 3, 34, 3, 3, 3, 3, 3, 3, 34, 34, 34, 3, 3, 3, 34, 34, 34, 3, 3, 3, 3, 34, 34, 34, 3, 3, 3, 3, 3, 3, 3, 32, 34, 34, 34, 3, 3]",2,2.0,3,2.0019550342130987,0.35571664596868696,1.1063504249955618,0.6772862612346785
860,-110.2,-6.2,12.8,24.05,20.78,31.74,"[5, 13, 5, 13]","[25, 58, 58, 25, 25, 25, 58, 26, 25, 25, 58, 58, 58, 25, 25, 26, 25, 25, 58, 58, 26, 26, 26, 26, 25, 25, 26, 26, 58, 26, 26, 26, 25, 25, 26, 58, 26, 26, 26, 26, 58, 25, 58, 26, 26, 26, 26, 26, 25, 25, 58, 26, 26, 26, 26, 26, 58, 25, 25, 58, 26, 26, 26, 26]",2,2.0,3,2.756393001345895,0.30612252187986105,1.0580201174493373,0.5881224499961271
861,-109.0,-5.0,14.0,25.26,21.29,29.29,"[5, 13, 5, 5]","[33, 33, 51, 51, 33, 33, 33, 33, 51, 33, 51, 33, 33, 33, 33, 33, 33, 51, 51, 33, 33, 33, 33, 33, 33, 33, 33, 33, 49, 33, 33, 33, 49, 33, 33, 33, 33, 49, 33, 33, 49, 33, 33, 33, 33, 51, 33, 33, 49, 33, 33, 33, 33, 51, 33, 33, 49, 33, 49, 33, 33, 33, 33, 33]",2,1.6,3,1.6292760540970566,0.21448318991031898,0.7752173188365552,0.4134341553633844
862,-110.5,-6.5,12.5,19.21,17.68,27.95,"[5, 14, 5, 5]","[34, 34, 34, 34, 34, 34, 34, 34, 34, 34, 34, 34, 34, 34, 34, 34, 34, 34, 34, 34, 34, 34, 34, 34, 34, 34, 34, 34, 34, 34, 34, 34, 34, 34, 34, 34, 34, 34, 34, 34, 34, 34, 34, 34, 34, 34, 34, 34, 34, 34, 34, 34, 34, 34, 34, 34, 34, 34, 34, 34, 34, 34, 34, 34]",2,1.6,1,1.0,1.8767291362104193,2.9004249227146373,3.151299679603796
863,-108.8,-4.8,14.2,22.14,19.08,32.22,"[9, 1, 9, 9]","[26, 26, 26, 26, 26, 26, 26, 26, 26, 26, 26, 26, 26, 26, 26, 26, 26, 26, 26, 26, 26, 26, 26, 26, 26, 26, 26, 26, 26, 26, 26, 26, 26, 26, 26, 26, 26, 26, 26, 26, 26, 26, 26, 26, 26, 26, 26, 26, 26, 26, 26, 26, 26, 26, 26, 26, 26, 26, 26, 26, 26, 26, 26, 26]",2,1.6,1,1.0,0.9601951370509997,1.9518419264220808,1.7231667324924769
864,-109.7,-5.7,13.3,16.1,15.2,23.38,"[8, 8, 8, 8]","[18, 18, 18, 18, 34, 34, 34, 34, 18, 18, 18, 18, 18, 18, 34, 34, 34, 34, 34, 18, 34, 34, 34, 34, 34, 18, 18, 34, 34, 34, 34, 34, 18, 18, 34, 34, 34, 34, 34, 34, 34, 18, 18, 18, 34, 34, 34, 34, 34, 18, 18, 34, 34, 34, 34, 34, 49, 18, 18, 18, 18, 18, 34, 34]",1,1.0,3,1.978743961352657,1.910858362181826,4.486825635013745,3.5161266826687863
865,-145.4,-41.4,-22.4,0.92,0.77,4.52,"[5, 5, 5, 5]","[26, 26, 26, 26, 26, 26, 26, 26, 26, 26, 26, 26, 26, 26, 26, 26, 26, 26, 26, 26, 26, 26, 26, 26, 26, 26, 26, 26, 26, 26, 26, 26, 26, 26, 26, 26, 26, 26, 26, 26, 26, 26, 26, 26, 26, 26, 26, 26, 26, 26, 26, 26, 26, 26, 26, 26, 26, 26, 26, 26, 26, 26, 26, 26]",1,1.0,1,1.0,12.422492213559696,5.417177510209943,9.931151991999586
866,-106.1,-2.1,16.9,17.54,17.32,27.45,"[0, 0, 0, 0]","[24, 24, 24, 24, 24, 24, 24, 24, 24, 24, 24, 24, 24, 24, 24, 24, 24, 24, 24, 24, 24, 24, 24, 24, 24, 24, 24, 24, 24, 24, 24, 24, 24, 24, 24, 24, 24, 24, 24, 24, 24, 24, 24, 24, 24, 24, 24, 24, 24, 24, 24, 24, 24, 24, 24, 24, 24, 24, 24, 24, 24, 24, 24, 24]",1,1.0,1,1.0,0.27666031354975623,1.6059797392247441,0.5452886355578729
867,-117.7,-13.7,5.3,12.25,12.11,19.08,"[4, 4, 4, 4]","[32, 32, 32, 48, 48, 48, 48, 48, 32, 32, 48, 48, 48, 48, 48, 48, 32, 48, 48, 48, 48, 48, 48, 48, 48, 48, 48, 16, 48, 32, 48, 48, 32, 48, 48, 48, 32, 48, 48, 48, 32, 48, 48, 16, 48, 48, 48, 48, 32, 48, 48, 32, 48, 48, 48, 48, 32, 48, 48, 32, 48, 48, 48, 48]",1,1.0,3,1.6357827476038338,0.29845289020574983,3.00593892581597,0.5939851910074233
868,-120.4,-16.4,2.6,8.33,8.66,15.35,"[4, 4, 4, 4]","[32, 32, 32, 32, 32, 32, 32, 32, 32, 32, 32, 32, 32, 32, 32, 32, 32, 32, 32, 32, 16, 32, 32, 32, 16, 32, 32, 32, 32, 32, 32, 32, 16, 32, 32, 16, 16, 32, 32, 32, 32, 32, 32, 16, 16, 32, 32, 32, 32, 32, 32, 16, 16, 32, 32, 32, 32, 32, 32, 16, 16, 16, 32, 32]",1,1.0,2,1.4382022471910112,0.20121547438184315,1.508467761831869,0.39889778938637144
869,-122.1,-18.1,0.9,7.53,7.55,14.81,"[5, 5, 5, 5]","[25, 25, 25, 25, 25, 25, 25, 25, 25, 25, 25, 25, 25, 25, 25, 25, 25, 25, 25, 25, 25, 25, 25, 25, 25, 25, 25, 25, 25, 25, 25, 25, 25, 25, 25, 25, 25, 25, 25, 25, 25, 25, 25, 25, 25, 25, 25, 25, 25, 25, 25, 25, 25, 25, 25, 25, 25, 25, 25, 25, 25, 25, 25, 25]",1,1.0,1,1.0,1.00041427941267,5.263885375342088,1.965643993458609
873,-163.0,-59.0,-40.0,0.02,0.01,0.16,"[8, 8, 8, 8]","[32, 32, 38, 32, 32, 38, 32, 32, 32, 32, 38, 32, 32, 38, 32, 32, 32, 38, 38, 32, 38, 38, 32, 38, 32, 38, 38, 32, 38, 38, 32, 38, 32, 38, 32, 32, 38, 32, 32, 38, 32, 38, 32, 32, 38, 32, 32, 38, 32, 38, 32, 32, 38, 32, 32, 38, 38, 38, 32, 38, 38, 32, 32, 38]",1,1.0,2,1.9692307692307693,9.192296484988285,11.821532320514914,14.513245086338873
874,-164.4,-60.4,-41.4,0.01,0.01,0.09,"[10, 10, 10, 10]","[32, 32, 32, 32, 32, 32, 32, 32, 32, 32, 32, 32, 32, 32, 32, 32, 32, 32, 32, 32, 32, 32, 32, 32, 32, 32, 32, 32, 32, 32, 32, 32, 32, 32, 32, 32, 32, 32, 32, 32, 32, 32, 32, 32, 32, 32, 32, 32, 32, 32, 32, 32, 32, 32, 32, 32, 32, 32, 32, 32, 32, 32, 32, 32]",1,1.0,1,1.0,4.437532591511276,5.352265117219944,6.832236093984703
875,-169.6,-65.6,-46.6,0.01,0.0,0.04,"[8, 8, 8, 8]","[30, 30, 30, 30, 30, 30, 30, 30, 30, 30, 30, 30, 30, 30, 30, 30, 30, 30, 30, 30, 30, 30, 30, 30, 30, 30, 30, 30, 30, 30, 30, 30, 30, 30, 30, 30, 30, 30, 30, 30, 30, 30, 30, 30, 30, 30, 30, 30, 30, 30, 30, 30, 30, 30, 30, 30, 30, 30, 30, 30, 30, 30, 30, 30]",1,1.0,1,1.0,0.43426700786277195,1.4530721523354295,0.8321650630801591
876,-166.5,-62.5,-43.5,0.01,0.01,0.18,"[9, 9, 9, 9]","[39, 39, 39, 39, 39, 39, 39, 39, 39, 39, 39, 39, 39, 39, 39, 39, 39, 39, 39, 39, 39, 39, 39, 39, 39, 39, 39, 39, 39, 39, 39, 39, 39, 39, 39, 39, 39, 39, 39, 39, 39, 39, 39, 39, 39, 39, 39, 39, 39, 39, 39, 39, 39, 39, 39, 39, 39, 39, 39, 39, 39, 39, 39, 39]",1,1.0,1,1.0,17.212182618163233,7.747748838462372,14.129981143204157
877,-166.7,-62.7,-43.7,0.01,0.01,0.1,"[4, 4, 4, 4]","[31, 31, 31, 31, 31, 31, 31, 31, 31, 31, 31, 31, 31, 31, 31, 31, 31, 31, 31, 31, 31, 31, 31, 31, 31, 31, 31, 31, 31, 31, 31, 31, 31, 31, 31, 31, 31, 31, 31, 31, 31, 31, 31, 31, 31, 31, 31, 31, 31, 31, 31, 31, 31, 31, 31, 31, 31, 31, 31, 31, 31, 31, 31, 31]",1,1.0,1,1.0,14.013960730009202,4.936240045203537,9.311708434863615
888,-80.1,23.9,42.9,43.41,35.49,52.88,"[11, 5, 11, 3]","[39, 33, 39, 39, 39, 39, 39, 39, 39, 33, 39, 39, 39, 39, 39, 39, 39, 39, 33, 39, 33, 37, 22, 39, 39, 33, 33, 39, 39, 39, 22, 39, 37, 39, 33, 37, 22, 37, 22, 39, 39, 22, 33, 37, 39, 37, 22, 39, 39, 37, 39, 33, 33, 39, 22, 39, 39, 33, 22, 37, 22, 37, 22, 37]",3,2.6666666666666665,4,2.9049645390070924,7.930535169912656,5.251743571513105,8.757368629162759
889,-81.3,22.7,41.7,35.43,29.6,46.13,"[11, 11, 0, 11]","[38, 38, 38, 38, 38, 38, 38, 38, 38, 38, 38, 38, 38, 38, 38, 38, 38, 24, 38, 38, 38, 38, 38, 38, 38, 38, 34, 38, 24, 40, 38, 38, 38, 34, 40, 34, 38, 40, 38, 38, 34, 40, 34, 24, 24, 34, 38, 40, 38, 34, 34, 34, 38, 38, 34, 38, 24, 34, 38, 40, 24, 34, 38, 40]",2,1.6,4,2.3405714285714287,3.161216887678613,3.547463097319903,4.720211874352365
890,-82.2,21.8,40.8,31.49,26.57,43.55,"[8, 3, 8, 8]","[39, 39, 39, 39, 39, 39, 39, 39, 39, 39, 39, 39, 39, 39, 39, 39, 39, 39, 39, 39, 33, 33, 33, 39, 39, 33, 35, 33, 39, 33, 33, 39, 39, 33, 37, 33, 33, 39, 39, 39, 39, 33, 37, 35, 33, 37, 33, 35, 33, 39, 37, 37, 35, 37, 39, 39, 33, 35, 37, 39, 39, 35, 33, 37]",2,1.6,4,2.708994708994709,3.5517709795607804,3.1536366226260655,4.716417370287256
891,-83.1,20.9,39.9,40.29,34.57,48.14,"[11, 0, 0, 11]","[30, 39, 39, 39, 39, 39, 39, 39, 39, 39, 39, 39, 39, 39, 39, 39, 39, 39, 39, 39, 39, 39, 39, 30, 30, 39, 39, 39, 39, 39, 39, 30, 39, 30, 39, 46, 39, 46, 39, 39, 39, 30, 39, 39, 46, 39, 39, 39, 39, 30, 46, 37, 46, 39, 30, 30, 37, 30, 39, 30, 30, 30, 37, 37]",2,2.0,4,2.0749746707193517,3.9723599606243245,4.206892001896382,5.776475031707385
892,-85.6,18.4,37.4,33.32,28.21,36.34,"[15, 4, 4, 4]","[38, 38, 38, 38, 38, 38, 38, 38, 38, 38, 38, 38, 38, 38, 38, 38, 38, 38, 38, 38, 38, 38, 38, 38, 38, 38, 38, 38, 38, 38, 38, 38, 22, 54, 38, 38, 38, 6, 38, 38, 38, 54, 6, 22, 38, 38, 38, 38, 6, 22, 22, 6, 38, 38, 22, 22, 6, 22, 6, 6, 6, 6, 54, 38]",2,1.6,4,1.8927911275415896,3.734028045121845,4.046737781520121,5.488514621203932
893,-88.1,15.9,34.9,24.0,20.71,32.36,"[6, 6, 6, 6]","[30, 30, 30, 30, 30, 30, 30, 30, 30, 30, 30, 30, 30, 30, 30, 30, 30, 30, 30, 38, 30, 30, 30, 30, 30, 38, 30, 38, 38, 30, 30, 30, 38, 30, 30, 38, 62, 30, 30, 45, 30, 45, 38, 38, 38, 45, 30, 38, 45, 30, 38, 45, 45, 38, 62, 38, 30, 38, 30, 62, 30, 62, 38, 30]",1,1.0,4,2.278086763070078,8.574103301037912,9.289106212010392,12.60086976347942
894,-121.0,-17.0,2.0,10.05,8.24,14.78,"[13, 13, 13, 5]","[42, 42, 42, 42, 42, 42, 42, 42, 42, 42, 42, 42, 42, 42, 42, 42, 42, 42, 42, 42, 42, 42, 42, 42, 42, 42, 42, 42, 42, 42, 42, 42, 42, 42, 42, 42, 42, 42, 42, 42, 42, 42, 42, 42, 42, 42, 42, 42, 42, 42, 42, 42, 42, 42, 42, 42, 42, 42, 42, 42, 42, 42, 42, 42]",2,1.6,1,1.0,10.314459042340967,5.145922234137116,9.209340312412559
895,-103.1,0.9,19.9,22.98,20.55,28.13,"[4, 4, 4, 4]","[0, 0, 0, 0, 0, 0, 0, 0, 0, 0, 0, 0, 0, 0, 0, 0, 0, 0, 0, 0, 0, 0, 0, 0, 0, 0, 0, 0, 0, 0, 0, 0, 0, 0, 0, 0, 0, 0, 0, 0, 0, 0, 0, 0, 0, 0, 0, 0, 0, 0, 49, 16, 49, 0, 0, 0, 55, 16, 55, 55, 55, 49, 49, 0]",1,1.0,4,1.3875338753387534,0.8796031726507837,2.5940531872663875,1.666032919373033
896,-105.5,-1.5,17.5,16.37,16.2,23.3,"[5, 5, 5, 5]","[57, 57, 57, 57, 57, 57, 57, 57, 57, 57, 57, 57, 57, 57, 57, 57, 57, 57, 57, 57, 57, 57, 57, 57, 57, 57, 57, 57, 57, 57, 57, 57, 57, 57, 57, 57, 57, 57, 57, 57, 57, 57, 57, 57, 57, 57, 57, 57, 57, 57, 57, 57, 57, 57, 57, 57, 57, 57, 57, 57, 57, 57, 57, 57]",1,1.0,1,1.0,0.4162465365622573,1.7834818569153577,0.8107059239853613
897,-101.6,2.4,21.4,27.97,29.17,41.1,"[5, 5, 5, 5]","[33, 0, 33, 0, 0, 33, 0, 33, 0, 33, 33, 0, 33, 0, 0, 33, 0, 33, 0, 33, 0, 33, 0, 33, 0, 0, 33, 0, 33, 0, 33, 33, 33, 33, 33, 33, 0, 0, 33, 33, 0, 33, 0, 33, 0, 0, 33, 33, 33, 0, 33, 0, 0, 0, 0, 33, 0, 0, 0, 0, 0, 33, 0, 0]",1,1.0,2,1.9922178988326849,0.2010735954633156,0.7863646344676286,0.3896119250407237
898,-112.8,-8.8,10.2,17.38,15.04,25.2,"[4, 2, 4, 2]","[25, 25, 25, 25, 25, 60, 60, 25, 25, 25, 25, 60, 60, 25, 25, 60, 25, 60, 60, 60, 25, 25, 25, 25, 25, 60, 60, 60, 60, 25, 25, 25, 25, 25, 25, 60, 60, 25, 25, 25, 25, 25, 60, 60, 25, 25, 60, 25, 25, 25, 60, 60, 60, 25, 25, 25, 25, 25, 25, 60, 60, 25, 25, 25]",2,2.0,2,1.8220640569395017,0.694512011539418,2.627870634064061,1.3429158392211566
899,-112.5,-8.5,10.5,16.86,15.18,22.68,"[9, 9, 9, 9]","[17, 17, 3, 3, 3, 17, 17, 17, 3, 17, 3, 17, 3, 17, 17, 17, 3, 17, 3, 3, 17, 17, 17, 32, 17, 17, 3, 3, 3, 17, 17, 3, 17, 3, 3, 17, 17, 17, 34, 3, 32, 3, 34, 34, 17, 17, 34, 3, 32, 3, 32, 34, 17, 17, 3, 17, 3, 32, 32, 3, 17, 17, 17, 32]",1,1.0,4,2.809327846364883,0.3557015662254958,1.914439406516889,0.6994328653009312
900,-112.0,-8.0,11.0,17.76,17.42,22.5,"[5, 13, 5, 5]","[17, 17, 17, 17, 17, 17, 17, 17, 17, 17, 17, 17, 17, 17, 17, 17, 17, 17, 17, 17, 17, 17, 17, 17, 17, 17, 17, 17, 17, 17, 17, 17, 17, 17, 17, 17, 34, 34, 34, 34, 17, 34, 34, 17, 17, 34, 34, 34, 17, 17, 34, 34, 17, 17, 17, 34, 32, 34, 17, 34, 17, 17, 34, 34]",2,1.6,3,1.6609894566098946,0.2988042850332333,1.2763063929639455,0.5818748616047512
901,-110.5,-6.5,12.5,23.55,19.65,29.14,"[5, 5, 5, 5]","[26, 26, 26, 26, 26, 26, 26, 26, 26, 26, 16, 16, 16, 26, 26, 26, 26, 26, 16, 16, 16, 26, 26, 26, 26, 16, 16, 16, 16, 16, 26, 26, 26, 16, 16, 16, 16, 16, 16, 26, 16, 16, 26, 16, 16, 16, 26, 16, 16, 16, 16, 16, 16, 16, 16, 26, 16, 26, 26, 26, 26, 16, 16, 26]",1,1.0,2,1.9980487804878049,0.22285132479064498,1.0594884645890368,0.4361587295811908
902,-110.6,-6.6,12.4,18.39,16.2,26.32,"[5, 13, 5, 5]","[25, 25, 25, 25, 25, 25, 25, 25, 25, 25, 19, 19, 19, 25, 25, 25, 25, 25, 19, 19, 19, 19, 25, 25, 25, 25, 25, 19, 19, 19, 25, 25, 25, 25, 19, 19, 19, 19, 25, 25, 25, 25, 19, 19, 19, 19, 19, 19, 25, 19, 19, 19, 19, 19, 25, 25, 19, 19, 19, 19, 19, 25, 25, 25]",2,1.6,2,1.9922178988326849,2.895355520631626,2.8057112029357674,4.029768071562481
903,-109.3,-5.3,13.7,17.83,15.71,24.18,"[8, 8, 8, 8]","[17, 17, 17, 17, 17, 17, 17, 17, 17, 17, 17, 17, 17, 17, 17, 17, 27, 17, 17, 17, 17, 17, 17, 17, 27, 17, 17, 17, 17, 17, 17, 17, 27, 17, 17, 17, 17, 17, 17, 17, 27, 17, 17, 17, 17, 17, 17, 17, 33, 27, 17, 17, 17, 27, 27, 27, 17, 27, 17, 17, 17, 17, 17, 17]",1,1.0,3,1.3662441627751833,1.233734023264741,1.8178522076337396,2.0416701200005574
904,-109.4,-5.4,13.6,14.56,13.76,23.04,"[4, 4, 4, 4]","[17, 17, 17, 17, 17, 17, 17, 17, 17, 17, 17, 17, 17, 17, 17, 17, 17, 17, 17, 17, 17, 17, 29, 17, 17, 17, 17, 17, 17, 17, 17, 17, 33, 17, 17, 17, 17, 17, 17, 17, 33, 33, 27, 17, 17, 17, 27, 33, 27, 17, 17, 17, 17, 17, 17, 17, 17, 17, 17, 17, 17, 17, 17, 17]",1,1.0,4,1.295382669196711,3.111940350763741,2.6660396938830835,4.049276459931902
905,-134.7,-30.7,-11.7,3.42,3.58,8.82,"[4, 4, 4, 4]","[25, 25, 25, 25, 25, 25, 25, 25, 25, 25, 25, 25, 25, 25, 25, 25, 25, 25, 25, 25, 25, 25, 25, 25, 25, 25, 25, 25, 25, 25, 25, 25, 25, 25, 25, 25, 25, 25, 25, 25, 25, 25, 25, 25, 25, 25, 25, 25, 25, 25, 25, 25, 25, 25, 25, 25, 25, 25, 25, 25, 25, 25, 25, 25]",1,1.0,1,1.0,1.3531652506717256,3.95266683434521,2.5604464789551526
906,-117.6,-13.6,5.4,8.95,8.59,14.14,"[1, 1, 1, 1]","[33, 33, 33, 33, 33, 33, 33, 33, 33, 33, 33, 33, 33, 33, 33, 33, 33, 33, 33, 33, 33, 33, 33, 33, 33, 33, 33, 33, 33, 33, 33, 33, 33, 33, 33, 33, 33, 33, 33, 33, 33, 33, 33, 33, 33, 33, 33, 33, 33, 33, 33, 33, 33, 33, 33, 33, 33, 33, 33, 33, 33, 33, 33, 33]",1,1.0,1,1.0,0.3323967787466887,2.274957556165417,0.6578090255913887
907,-119.4,-15.4,3.6,8.47,8.29,13.59,"[0, 0, 0, 0]","[32, 32, 32, 32, 32, 32, 32, 32, 32, 32, 32, 32, 32, 32, 32, 32, 32, 32, 32, 32, 32, 32, 32, 32, 32, 32, 32, 32, 32, 32, 32, 32, 32, 32, 32, 32, 32, 32, 32, 32, 32, 32, 32, 32, 32, 32, 32, 32, 32, 32, 32, 32, 32, 32, 32, 32, 32, 32, 32, 32, 32, 32, 32, 32]",1,1.0,1,1.0,0.25845781742938784,1.969279210220829,0.5125203439169135
908,-106.4,-2.4,16.6,19.54,18.85,30.63,"[5, 5, 5, 5]","[25, 25, 25, 25, 25, 25, 25, 25, 25, 25, 25, 25, 25, 25, 25, 25, 41, 25, 25, 25, 25, 25, 25, 25, 25, 25, 25, 25, 25, 25, 25, 25, 25, 25, 25, 25, 25, 25, 25, 25, 25, 25, 25, 25, 25, 25, 25, 25, 25, 25, 25, 25, 41, 25, 25, 25, 25, 25, 25, 25, 31, 25, 25, 25]",1,1.0,3,1.099302200751476,0.41290930615591065,3.583105090004852,0.8203892911360745
909,-107.6,-3.6,15.4,16.3,16.79,27.29,"[5, 5, 5, 5]","[24, 24, 24, 24, 24, 24, 24, 24, 24, 24, 24, 24, 24, 24, 24, 24, 26, 26, 26, 26, 24, 24, 26, 26, 26, 26, 26, 24, 24, 24, 24, 24, 24, 24, 24, 24, 24, 24, 24, 24, 24, 24, 24, 24, 24, 24, 24, 24, 24, 24, 24, 26, 24, 24, 26, 24, 24, 24, 24, 24, 24, 26, 24, 26]",1,1.0,2,1.4787003610108302,0.32852232516612806,4.018024964287237,0.6548594131257431
913,-163.6,-59.6,-40.6,0.02,0.01,0.08,"[4, 4, 4, 4]","[30, 30, 30, 24, 30, 30, 30, 30, 30, 30, 30, 24, 30, 30, 30, 30, 30, 30, 30, 30, 30, 30, 30, 30, 30, 30, 30, 30, 30, 30, 30, 30, 30, 30, 30, 30, 30, 30, 30, 30, 30, 30, 30, 30, 30, 30, 30, 30, 30, 30, 30, 30, 30, 30, 30, 30, 30, 30, 30, 30, 30, 30, 30, 30]",1,1.0,2,1.0644490644490645,10.52501442069786,14.183659708865534,16.904293318912647
914,-162.8,-58.8,-39.8,0.02,0.01,0.29,"[8, 8, 8, 8]","[39, 39, 39, 39, 39, 39, 39, 39, 39, 39, 39, 39, 39, 39, 39, 39, 39, 39, 39, 39, 39, 39, 39, 39, 39, 39, 39, 39, 39, 39, 39, 39, 39, 39, 39, 39, 39, 39, 39, 39, 39, 39, 39, 39, 39, 39, 39, 39, 39, 39, 39, 39, 39, 39, 39, 39, 39, 39, 39, 39, 39, 39, 39, 39]",1,1.0,1,1.0,0.6556853001559743,0.968654195735508,1.085968344542045
915,-164.9,-60.9,-41.9,0.01,0.01,0.16,"[4, 4, 4, 4]","[24, 24, 24, 24, 24, 24, 24, 24, 24, 24, 24, 24, 24, 24, 24, 24, 24, 24, 24, 24, 24, 24, 24, 24, 24, 24, 24, 24, 24, 24, 24, 24, 24, 24, 24, 24, 24, 24, 24, 24, 24, 24, 24, 24, 24, 24, 24, 24, 24, 24, 24, 24, 24, 24, 24, 24, 24, 24, 24, 24, 24, 24, 24, 24]",1,1.0,1,1.0,0.33954496474845214,0.42006203236907264,0.528129681475194
916,-166.8,-62.8,-43.8,0.01,0.01,0.19,"[9, 9, 9, 9]","[32, 32, 32, 32, 32, 32, 32, 32, 32, 32, 32, 32, 32, 32, 32, 32, 32, 32, 32, 32, 32, 32, 32, 32, 32, 32, 32, 32, 32, 32, 32, 32, 32, 32, 32, 32, 32, 32, 32, 32, 32, 32, 32, 32, 32, 32, 32, 32, 32, 32, 32, 32, 32, 32, 32, 32, 32, 32, 32, 32, 32, 32, 32, 32]",1,1.0,1,1.0,0.314802544812551,0.5353380331698362,0.5427234341278259
917,-166.5,-62.5,-43.5,0.01,0.01,0.3,"[5, 5, 5, 5]","[32, 32, 32, 32, 32, 32, 32, 32, 32, 32, 32, 32, 32, 32, 32, 32, 32, 32, 32, 32, 32, 32, 32, 32, 32, 32, 32, 32, 32, 32, 32, 32, 32, 32, 32, 32, 32, 32, 32, 32, 32, 32, 32, 32, 32, 32, 32, 32, 32, 32, 32, 32, 32, 32, 32, 32, 32, 32, 32, 32, 32, 32, 32, 32]",1,1.0,1,1.0,0.29776058834088714,0.5498251676808315,0.5236614658488379
928,-82.3,21.7,40.7,40.32,34.27,50.41,"[11, 5, 11, 5]","[38, 32, 38, 32, 38, 38, 32, 38, 32, 32, 38, 32, 32, 38, 32, 38, 32, 32, 32, 32, 32, 38, 32, 32, 32, 38, 32, 32, 32, 32, 32, 38, 32, 32, 32, 32, 26, 32, 32, 36, 32, 36, 32, 32, 38, 32, 38, 32, 32, 26, 38, 36, 38, 38, 38, 32, 38, 38, 32, 38, 38, 32, 32, 26]",2,2.0,4,2.2407002188183807,7.580140027171129,6.0976251849447705,9.50236269155985
929,-84.4,19.6,38.6,36.17,31.48,46.9,"[12, 4, 12, 4]","[38, 32, 38, 32, 38, 32, 38, 32, 32, 38, 32, 38, 38, 38, 32, 38, 32, 32, 38, 32, 32, 32, 38, 38, 32, 38, 32, 32, 32, 32, 38, 38, 32, 32, 38, 32, 32, 38, 32, 38, 38, 38, 38, 32, 32, 38, 32, 38, 32, 38, 32, 38, 32, 34, 32, 38, 38, 38, 34, 32, 38, 38, 38, 38]",2,2.0,3,2.12448132780083,3.60360128733538,3.933745098881293,5.314388044589876
930,-85.3,18.7,37.7,27.95,24.44,37.04,"[11, 11, 11, 11]","[30, 30, 30, 30, 30, 30, 30, 30, 30, 30, 30, 30, 30, 30, 30, 30, 30, 30, 30, 30, 30, 30, 30, 30, 30, 46, 46, 30, 30, 30, 30, 32, 30, 30, 32, 32, 32, 32, 32, 32, 46, 14, 30, 46, 14, 32, 46, 30, 30, 46, 32, 32, 46, 32, 30, 30, 46, 30, 32, 32, 46, 46, 14, 32]",1,1.0,4,2.4468339307048983,3.0527588957763836,3.5799906190984547,4.6457737607419585
931,-86.3,17.7,36.7,33.51,28.1,43.23,"[12, 5, 12, 12]","[30, 32, 30, 32, 30, 30, 30, 30, 30, 32, 32, 32, 32, 30, 30, 30, 30, 32, 32, 32, 32, 32, 30, 30, 32, 32, 32, 32, 32, 30, 30, 32, 30, 30, 32, 30, 32, 30, 30, 32, 30, 32, 30, 32, 46, 30, 30, 32, 30, 32, 32, 30, 30, 30, 32, 30, 30, 30, 46, 32, 30, 32, 32, 30]",2,1.6,3,2.1178903826266806,4.134169973031405,5.2284546891251225,6.48578881286022
932,-89.2,14.8,33.8,34.01,28.08,39.57,"[10, 4, 4, 12]","[31, 31, 25, 31, 31, 31, 25, 25, 31, 31, 25, 31, 31, 31, 31, 25, 31, 25, 25, 25, 31, 31, 31, 25, 31, 25, 25, 31, 31, 31, 25, 25, 31, 25, 25, 31, 31, 31, 25, 25, 31, 25, 31, 31, 31, 25, 25, 25, 31, 25, 25, 31, 25, 31, 31, 25, 31, 25, 47, 31, 31, 25, 25, 25]",3,2.6666666666666665,3,2.05005005005005,3.558030060304238,4.049568859471336,5.345780950259561
933,-93.6,10.4,29.4,21.93,18.79,27.77,"[8, 8, 8, 8]","[31, 31, 31, 31, 29, 29, 29, 29, 31, 31, 31, 29, 29, 29, 29, 31, 31, 31, 29, 29, 29, 29, 29, 29, 31, 31, 25, 25, 25, 25, 25, 25, 29, 31, 25, 25, 25, 25, 25, 29, 31, 31, 31, 25, 25, 25, 25, 25, 29, 29, 31, 25, 25, 25, 25, 31, 31, 29, 29, 31, 25, 29, 29, 31]",1,1.0,3,2.998535871156662,3.3288246638406753,3.3670973520439067,4.73449983832707
934,-102.9,1.1,20.1,27.31,29.03,40.71,"[4, 4, 4, 4]","[33, 0, 33, 0, 33, 0, 33, 33, 0, 33, 0, 0, 0, 33, 33, 33, 33, 0, 33, 0, 0, 0, 33, 0, 33, 0, 33, 0, 33, 0, 0, 33, 33, 0, 0, 33, 0, 33, 0, 33, 0, 33, 0, 33, 0, 33, 0, 33, 0, 0, 33, 0, 33, 0, 33, 33, 33, 0, 0, 0, 33, 0, 0, 33]",1,1.0,2,1.9980487804878049,0.6007619501115709,5.77132745332009,1.1950667060420177
935,-128.2,-24.2,-5.2,5.35,5.24,9.26,"[10, 10, 10, 10]","[51, 51, 51, 51, 51, 51, 51, 51, 51, 51, 51, 51, 51, 51, 51, 51, 51, 51, 51, 51, 51, 51, 51, 51, 51, 51, 51, 51, 51, 51, 51, 51, 51, 51, 51, 51, 51, 51, 51, 51, 51, 51, 51, 51, 51, 51, 51, 51, 51, 51, 51, 51, 51, 51, 51, 51, 51, 51, 51, 51, 51, 51, 51, 51]",1,1.0,1,1.0,17.151019888111197,8.25398033016342,14.875028107749442
936,-148.5,-44.5,-25.5,0.4,0.35,2.67,"[9, 9, 9, 9]","[50, 50, 50, 50, 50, 50, 50, 50, 50, 50, 50, 50, 50, 50, 50, 50, 50, 50, 50, 50, 50, 50, 50, 50, 50, 50, 50, 50, 50, 50, 50, 50, 50, 50, 50, 50, 50, 50, 50, 50, 50, 50, 50, 50, 50, 50, 50, 50, 50, 50, 50, 50, 50, 50, 50, 50, 50, 50, 50, 50, 50, 50, 50, 50]",1,1.0,1,1.0,0.7748429154612868,1.0372336969478277,1.2415173419965881
937,-115.7,-11.7,7.3,10.39,10.16,19.25,"[1, 1, 1, 1]","[25, 25, 25, 25, 25, 25, 25, 25, 25, 25, 25, 25, 25, 25, 25, 25, 25, 25, 25, 25, 25, 25, 25, 25, 25, 25, 25, 25, 25, 25, 25, 25, 25, 25, 25, 25, 25, 25, 25, 25, 25, 25, 25, 25, 25, 25, 25, 25, 25, 25, 25, 25, 25, 25, 25, 25, 25, 25, 25, 25, 25, 25, 25, 25]",1,1.0,1,1.0,0.19331069968822787,1.554287822072222,0.3836654176711992
938,-114.4,-10.4,8.6,16.3,13.03,20.91,"[0, 14, 0, 14]","[26, 26, 51, 51, 51, 26, 26, 26, 26, 26, 26, 51, 51, 51, 18, 26, 51, 26, 51, 26, 26, 26, 51, 26, 51, 51, 26, 26, 26, 26, 26, 26, 51, 51, 51, 51, 51, 26, 26, 26, 26, 26, 51, 51, 26, 26, 26, 26, 26, 26, 51, 51, 51, 26, 26, 26, 26, 26, 26, 51, 51, 51, 26, 26]",2,2.0,3,1.9523355576739752,1.239130701754379,3.267187795627277,2.317202952489713
939,-123.5,-19.5,-0.5,7.72,7.26,12.47,"[13, 13, 13, 13]","[3, 3, 3, 3, 3, 3, 3, 3, 3, 3, 3, 3, 3, 3, 3, 3, 3, 3, 3, 3, 3, 3, 3, 3, 3, 3, 3, 3, 3, 3, 3, 3, 3, 3, 3, 3, 3, 3, 3, 3, 3, 3, 3, 3, 3, 3, 3, 3, 51, 51, 51, 51, 51, 51, 51, 51, 51, 51, 51, 51, 51, 51, 51, 3]",1,1.0,2,1.5597867479055598,0.2758693862873025,1.529051637325602,0.5429724246916325
940,-110.9,-6.9,12.1,19.26,15.83,26.43,"[8, 0, 8, 8]","[25, 25, 25, 25, 25, 25, 25, 25, 25, 25, 25, 25, 25, 10, 10, 25, 10, 10, 10, 10, 10, 10, 25, 25, 25, 25, 10, 10, 10, 10, 25, 25, 25, 25, 10, 10, 10, 25, 25, 25, 25, 10, 10, 10, 10, 25, 10, 25, 25, 25, 10, 10, 10, 25, 25, 25, 25, 25, 10, 10, 10, 10, 25, 25]",2,1.6,2,1.9523355576739752,0.32088885439224607,1.6401022138734682,0.629835980774392
941,-111.2,-7.2,11.8,18.72,16.84,27.78,"[9, 9, 9, 9]","[17, 17, 17, 17, 17, 17, 17, 17, 17, 17, 2, 2, 2, 17, 17, 17, 17, 2, 2, 2, 2, 17, 17, 17, 17, 17, 17, 2, 2, 17, 17, 17, 17, 17, 17, 2, 2, 17, 17, 17, 17, 17, 17, 2, 2, 2, 2, 17, 17, 17, 17, 2, 2, 2, 2, 17, 17, 17, 17, 2, 2, 17, 2, 2]",1,1.0,2,1.8533936651583711,0.25711838377606605,1.6490486703338698,0.5080977228482566
942,-112.6,-8.6,10.4,16.04,13.91,24.6,"[8, 8, 8, 8]","[18, 18, 18, 18, 18, 18, 18, 18, 18, 18, 18, 18, 18, 18, 18, 18, 18, 18, 18, 18, 18, 18, 18, 18, 18, 18, 18, 18, 18, 18, 18, 18, 18, 18, 18, 18, 18, 18, 18, 18, 18, 18, 18, 18, 18, 18, 18, 18, 18, 18, 18, 18, 18, 18, 18, 18, 18, 18, 18, 18, 18, 24, 18, 18]",1,1.0,2,1.0317380352644836,0.9169838639665742,1.6536318161517993,1.6038759181457063
943,-111.3,-7.3,11.7,14.21,14.63,25.69,"[5, 5, 5, 5]","[18, 18, 18, 18, 18, 18, 18, 18, 18, 18, 18, 18, 18, 18, 18, 18, 18, 18, 18, 18, 18, 18, 18, 18, 18, 18, 18, 18, 18, 18, 18, 18, 18, 18, 18, 18, 18, 18, 18, 18, 18, 18, 18, 18, 18, 18, 18, 18, 18, 18, 18, 18, 18, 18, 18, 18, 18, 18, 18, 16, 18, 18, 18, 18]",1,1.0,2,1.0317380352644836,0.8831853494717162,1.8416554128132774,1.5926968360714946
944,-110.9,-6.9,12.1,13.98,15.43,24.45,"[5, 5, 5, 5]","[26, 26, 26, 26, 26, 26, 26, 26, 26, 26, 26, 26, 26, 26, 26, 26, 26, 26, 26, 26, 26, 26, 26, 26, 26, 26, 26, 26, 26, 26, 26, 26, 26, 26, 26, 26, 26, 26, 26, 26, 26, 26, 26, 26, 26, 26, 26, 26, 26, 26, 26, 26, 26, 26, 26, 26, 26, 26, 26, 26, 26, 26, 26, 26]",1,1.0,1,1.0,3.996087588681457,5.3730014863896765,6.41297448577424
945,-133.9,-29.9,-10.9,3.68,3.53,7.8,"[5, 5, 5, 5]","[24, 24, 24, 24, 24, 24, 24, 24, 24, 24, 24, 24, 24, 24, 24, 24, 24, 24, 24, 24, 24, 24, 24, 24, 24, 24, 24, 24, 24, 24, 24, 24, 24, 24, 24, 24, 24, 24, 24, 24, 24, 24, 24, 24, 24, 24, 24, 24, 24, 24, 24, 24, 24, 24, 24, 24, 24, 24, 24, 24, 24, 24, 24, 24]",1,1.0,1,1.0,1.3131217101787334,3.9475143058218967,2.4919872327286146
946,-135.4,-31.4,-12.4,3.19,3.37,7.97,"[4, 4, 4, 4]","[33, 33, 33, 33, 33, 33, 33, 33, 33, 33, 33, 33, 33, 33, 33, 33, 33, 33, 33, 33, 33, 33, 33, 33, 33, 33, 33, 33, 33, 33, 33, 33, 33, 33, 33, 33, 33, 33, 33, 33, 33, 33, 33, 33, 33, 33, 33, 33, 33, 33, 33, 33, 33, 33, 33, 33, 33, 33, 33, 33, 33, 33, 33, 33]",1,1.0,1,1.0,1.187930651777558,3.6637215493949795,2.260028396378685
947,-118.7,-14.7,4.3,11.01,10.41,19.19,"[0, 0, 0, 0]","[33, 33, 33, 33, 33, 33, 33, 33, 33, 33, 33, 33, 33, 33, 33, 33, 33, 33, 33, 33, 33, 33, 33, 33, 33, 33, 33, 33, 33, 33, 33, 33, 33, 33, 33, 33, 33, 33, 33, 33, 33, 33, 33, 33, 33, 33, 33, 33, 33, 33, 33, 33, 33, 33, 33, 33, 33, 33, 33, 33, 33, 33, 33, 33]",1,1.0,1,1.0,0.28477215647132287,5.863522699852924,0.5688737988766461
948,-107.3,-3.3,15.7,15.94,16.36,25.88,"[0, 0, 0, 0]","[25, 25, 25, 25, 25, 25, 25, 25, 25, 25, 25, 25, 25, 25, 25, 25, 25, 25, 25, 25, 25, 25, 25, 25, 25, 25, 25, 25, 25, 25, 25, 25, 25, 25, 25, 25, 25, 25, 25, 25, 25, 25, 25, 25, 25, 25, 25, 25, 25, 25, 25, 25, 25, 25, 25, 25, 25, 25, 25, 25, 25, 25, 25, 25]",1,1.0,1,1.0,0.1897655962161475,10.14325822843491,0.37946479007658734
949,-118.2,-14.2,4.8,11.94,10.99,18.19,"[1, 1, 1, 1]","[25, 25, 25, 25, 25, 25, 25, 25, 25, 25, 25, 25, 25, 25, 25, 25, 25, 25, 25, 25, 25, 25, 25, 25, 25, 25, 25, 25, 25, 25, 25, 25, 25, 25, 25, 25, 25, 25, 25, 25, 25, 25, 25, 57, 25, 25, 25, 25, 25, 25, 25, 25, 25, 25, 25, 16, 25, 25, 25, 25, 25, 25, 25, 16]",1,1.0,3,1.099302200751476,0.25085704741754816,2.567798164881926,0.49933691529218127
950,-128.1,-24.1,-5.1,5.5,5.43,10.86,"[5, 5, 5, 5]","[32, 32, 32, 32, 32, 32, 32, 32, 32, 32, 32, 32, 32, 32, 32, 32, 32, 32, 32, 32, 32, 32, 32, 32, 32, 32, 32, 32, 32, 32, 32, 32, 32, 32, 32, 32, 32, 32, 32, 32, 32, 32, 32, 32, 32, 32, 32, 32, 32, 32, 32, 32, 32, 32, 32, 32, 32, 32, 32, 32, 32, 32, 32, 32]",1,1.0,1,1.0,0.42300112559613845,3.9179359158574045,0.8411142277402297
953,-163.8,-59.8,-40.8,0.01,0.01,0.15,"[4, 4, 4, 4]","[31, 31, 31, 31, 31, 31, 31, 31, 31, 31, 31, 31, 31, 31, 31, 31, 31, 31, 31, 31, 31, 31, 31, 31, 31, 31, 31, 31, 31, 31, 31, 31, 31, 31, 31, 31, 31, 31, 31, 31, 31, 31, 31, 31, 31, 31, 31, 31, 31, 31, 31, 31, 31, 31, 31, 31, 31, 31, 31, 31, 31, 31, 31, 31]",1,1.0,1,1.0,0.3203800864296895,1.1688355504824173,0.6179660862043739
954,-164.6,-60.6,-41.6,0.01,0.01,0.14,"[5, 5, 5, 5]","[31, 31, 31, 31, 31, 31, 31, 31, 31, 31, 31, 31, 31, 31, 31, 31, 31, 31, 31, 31, 31, 31, 31, 31, 31, 31, 31, 31, 31, 31, 31, 31, 31, 31, 31, 31, 31, 31, 31, 31, 31, 31, 31, 31, 31, 31, 31, 31, 31, 31, 31, 31, 31, 31, 31, 31, 31, 31, 31, 31, 31, 31, 31, 31]",1,1.0,1,1.0,0.2319559265859248,0.7636326275079778,0.4438857966236135
955,-167.5,-63.5,-44.5,0.01,0.01,0.15,"[5, 5, 5, 5]","[31, 31, 31, 31, 31, 31, 31, 31, 31, 31, 31, 31, 31, 31, 31, 31, 31, 31, 31, 31, 31, 31, 31, 31, 31, 31, 31, 31, 31, 31, 31, 31, 31, 31, 31, 31, 31, 31, 31, 31, 31, 31, 31, 31, 31, 31, 31, 31, 31, 31, 31, 31, 31, 31, 31, 31, 31, 31, 31, 31, 31, 31, 31, 31]",1,1.0,1,1.0,0.17779164288025362,0.4880531084204723,0.3341049096866113
956,-168.4,-64.4,-45.4,0.01,0.01,0.22,"[4, 4, 4, 4]","[39, 39, 39, 39, 39, 39, 39, 39, 39, 39, 39, 39, 39, 39, 39, 39, 39, 39, 39, 39, 39, 39, 39, 39, 39, 39, 39, 39, 39, 39, 39, 39, 39, 39, 39, 39, 39, 39, 39, 39, 39, 39, 39, 39, 39, 39, 39, 39, 39, 39, 39, 39, 39, 39, 39, 39, 39, 39, 39, 39, 39, 39, 39, 39]",1,1.0,1,1.0,0.2822926400687897,0.7117788554299348,0.5248170291292052
957,-169.4,-65.4,-46.4,0.01,0.0,0.02,"[0, 8, 8, 8]","[39, 39, 39, 39, 39, 39, 39, 39, 39, 39, 39, 39, 39, 39, 39, 39, 39, 39, 39, 39, 39, 39, 39, 39, 39, 39, 39, 39, 39, 39, 39, 39, 39, 33, 39, 39, 33, 39, 39, 39, 39, 33, 39, 39, 33, 39, 39, 39, 39, 33, 39, 39, 33, 39, 33, 39, 39, 33, 39, 39, 39, 39, 33, 39]",2,1.6,2,1.3187379265936896,22.16250274672955,7.4830703956604205,14.179677409506807
968,-85.2,18.8,37.8,29.59,27.08,40.01,"[8, 8, 8, 8]","[38, 38, 38, 38, 38, 38, 38, 38, 38, 38, 38, 38, 32, 38, 38, 38, 38, 34, 32, 32, 32, 32, 38, 38, 38, 38, 32, 34, 32, 38, 38, 38, 32, 34, 36, 32, 32, 38, 32, 32, 36, 32, 34, 32, 36, 36, 38, 32, 38, 38, 34, 34, 32, 32, 36, 36, 34, 38, 34, 34, 36, 38, 38, 34]",1,1.0,4,3.0612855007473843,4.449707572393665,5.376045654488574,6.855704138399247
969,-87.6,16.4,35.4,26.06,22.19,32.23,"[8, 8, 8, 8]","[39, 39, 39, 39, 39, 39, 39, 39, 39, 39, 39, 39, 39, 39, 39, 39, 39, 39, 39, 39, 39, 39, 39, 39, 55, 39, 39, 39, 37, 39, 37, 23, 39, 39, 39, 39, 39, 23, 55, 39, 39, 39, 37, 37, 37, 23, 23, 23, 55, 39, 23, 23, 37, 23, 37, 37, 39, 39, 37, 55, 55, 55, 37, 39]",1,1.0,4,2.2755555555555556,3.758968570249259,4.303627965948549,5.66219444558518
970,-88.7,15.3,34.3,23.88,20.66,32.45,"[12, 12, 12, 12]","[39, 39, 39, 39, 39, 39, 39, 39, 39, 39, 39, 39, 39, 39, 39, 39, 39, 39, 38, 38, 39, 39, 39, 38, 38, 38, 38, 39, 39, 38, 39, 38, 38, 39, 39, 37, 39, 39, 38, 38, 39, 39, 32, 32, 37, 39, 38, 32, 39, 32, 32, 38, 38, 39, 39, 39, 38, 37, 38, 32, 38, 39, 39, 38]",1,1.0,4,2.3567318757192175,3.3994757631966626,5.338895801089517,5.735041903780402
971,-88.6,15.4,34.4,24.15,20.26,31.17,"[12, 12, 12, 12]","[38, 38, 38, 38, 38, 38, 38, 38, 38, 38, 38, 38, 38, 38, 38, 38, 38, 38, 38, 38, 38, 38, 38, 38, 38, 38, 38, 38, 38, 38, 38, 38, 32, 32, 38, 38, 36, 38, 36, 38, 32, 22, 36, 32, 22, 38, 38, 36, 36, 38, 22, 32, 36, 32, 32, 38, 38, 32, 38, 32, 38, 22, 38, 38]",1,1.0,4,1.8980537534754403,3.5878872721414683,5.372402630631137,5.967381078251036
972,-93.0,11.0,30.0,31.12,25.36,35.89,"[8, 0, 8, 8]","[30, 30, 30, 30, 30, 30, 30, 30, 30, 30, 30, 31, 31, 31, 31, 30, 31, 31, 31, 31, 31, 30, 30, 30, 31, 31, 31, 31, 31, 31, 30, 31, 31, 31, 31, 31, 31, 31, 31, 30, 31, 31, 31, 30, 30, 47, 29, 47, 31, 30, 31, 30, 31, 31, 31, 30, 31, 30, 30, 31, 30, 30, 29, 29]",2,1.6,4,2.303712035995501,2.496115388065691,3.9796822897426414,4.2291881889346135
973,-92.4,11.6,30.6,33.73,29.84,38.07,"[11, 0, 11, 0]","[39, 39, 39, 39, 39, 39, 39, 39, 33, 39, 39, 39, 39, 39, 39, 39, 33, 39, 39, 39, 39, 39, 39, 39, 39, 39, 33, 37, 37, 33, 39, 37, 37, 33, 39, 39, 33, 39, 39, 39, 39, 33, 39, 39, 33, 39, 39, 33, 33, 39, 39, 33, 39, 39, 33, 39, 33, 39, 33, 33, 39, 39, 33, 39]",2,2.0,3,1.855072463768116,3.5603737678275196,4.28050596553151,5.47453080724631
974,-103.6,0.4,19.4,20.68,19.06,27.48,"[4, 4, 4, 4]","[56, 56, 56, 56, 56, 56, 56, 56, 56, 56, 56, 56, 56, 56, 56, 56, 56, 56, 56, 56, 56, 56, 56, 56, 56, 56, 56, 56, 56, 56, 56, 56, 56, 56, 56, 56, 56, 56, 56, 56, 56, 56, 56, 56, 56, 56, 56, 56, 56, 56, 56, 56, 56, 56, 56, 56, 56, 62, 62, 50, 62, 62, 56, 56]",1,1.0,3,1.1709548313321898,0.7182939064049618,1.455619381627854,1.2882742594817158
975,-109.0,-5.0,14.0,14.12,14.93,23.56,"[1, 1, 1, 1]","[33, 33, 33, 33, 33, 33, 33, 33, 33, 33, 33, 33, 33, 33, 33, 33, 33, 33, 33, 33, 33, 33, 33, 33, 33, 33, 33, 33, 33, 33, 33, 33, 33, 33, 33, 33, 33, 33, 33, 33, 33, 33, 33, 33, 33, 33, 33, 33, 33, 33, 33, 33, 33, 33, 33, 33, 33, 33, 33, 33, 33, 33, 33, 33]",1,1.0,1,1.0,3.9487472185333954,6.5660621511006045,6.767899460565368
976,-122.8,-18.8,0.2,7.11,7.37,14.26,"[4, 4, 4, 4]","[56, 56, 56, 56, 56, 56, 56, 56, 56, 56, 56, 56, 56, 56, 56, 56, 56, 56, 56, 56, 56, 56, 56, 56, 56, 56, 56, 56, 56, 56, 56, 56, 56, 56, 56, 56, 56, 56, 56, 56, 56, 56, 56, 56, 56, 56, 56, 56, 56, 56, 56, 56, 56, 56, 56, 56, 56, 56, 56, 56, 56, 56, 56, 56]",1,1.0,1,1.0,2.0490339401132793,1.6826753535672103,2.6007809914929285
977,-115.2,-11.2,7.8,13.08,11.4,15.97,"[0, 0, 8, 8]","[16, 16, 16, 16, 16, 16, 16, 16, 16, 16, 16, 16, 16, 16, 16, 16, 16, 16, 16, 16, 16, 16, 16, 16, 16, 16, 16, 16, 16, 16, 16, 16, 16, 16, 16, 16, 16, 16, 16, 16, 16, 16, 16, 16, 16, 16, 16, 16, 16, 16, 16, 16, 18, 16, 16, 16, 16, 16, 16, 16, 18, 16, 18, 16]",2,2.0,2,1.098123324396783,0.42491114866099067,2.1401119834536506,0.8335515461817645
978,-114.2,-10.2,8.8,16.87,15.6,25.31,"[9, 9, 9, 9]","[25, 58, 25, 58, 25, 25, 25, 25, 58, 58, 25, 25, 25, 25, 25, 58, 25, 58, 58, 25, 25, 25, 25, 25, 58, 25, 58, 25, 25, 25, 25, 58, 16, 58, 25, 25, 58, 25, 25, 58, 24, 24, 16, 58, 25, 58, 58, 58, 25, 25, 25, 58, 58, 58, 58, 25, 25, 25, 25, 58, 58, 58, 25, 25]",1,1.0,4,2.178723404255319,1.2439470777976172,3.61194946225781,2.3522993850400473
979,-113.8,-9.8,9.2,17.64,15.61,21.46,"[4, 4, 4, 4]","[26, 26, 26, 26, 26, 26, 26, 26, 26, 26, 26, 26, 26, 26, 26, 26, 26, 26, 26, 26, 26, 26, 26, 26, 26, 26, 26, 26, 16, 16, 16, 16, 16, 16, 16, 16, 16, 16, 16, 26, 26, 26, 16, 16, 16, 16, 16, 16, 26, 16, 16, 16, 16, 16, 16, 26, 26, 16, 26, 16, 26, 16, 26, 26]",1,1.0,2,1.9320754716981132,0.601757243033501,4.051001559164359,1.1904520679522932
980,-114.0,-10.0,9.0,15.27,15.03,22.62,"[5, 5, 5, 5]","[26, 26, 26, 26, 26, 26, 26, 26, 26, 26, 26, 26, 26, 26, 26, 26, 26, 26, 26, 26, 26, 26, 26, 26, 26, 26, 26, 26, 26, 28, 30, 26, 26, 24, 24, 26, 26, 26, 26, 26, 26, 26, 26, 26, 26, 26, 26, 26, 26, 26, 26, 26, 26, 26, 26, 26, 26, 26, 26, 26, 26, 26, 26, 26]",1,1.0,4,1.1358846367165836,0.4470949131304059,2.4050164828906886,0.8791278865897076
981,-111.5,-7.5,11.5,20.46,16.82,27.94,"[8, 8, 8, 8]","[25, 25, 25, 25, 25, 25, 25, 25, 25, 25, 25, 25, 25, 25, 25, 25, 25, 25, 25, 25, 25, 25, 25, 25, 25, 25, 25, 25, 25, 25, 25, 25, 25, 25, 25, 25, 41, 25, 41, 25, 25, 25, 25, 25, 25, 25, 25, 25, 25, 25, 25, 25, 25, 25, 25, 25, 25, 25, 25, 25, 25, 25, 25, 25]",1,1.0,2,1.0644490644490645,0.29433955124863914,1.6195833784418365,0.5791918458824767
982,-127.6,-23.6,-4.6,5.81,5.47,10.47,"[5, 5, 5, 5]","[11, 11, 11, 11, 11, 11, 11, 11, 11, 11, 11, 11, 11, 11, 11, 11, 11, 11, 11, 11, 11, 11, 11, 11, 11, 11, 11, 11, 11, 11, 11, 11, 11, 11, 11, 11, 11, 11, 11, 11, 11, 11, 11, 11, 11, 11, 11, 11, 11, 11, 11, 11, 11, 11, 11, 1, 1, 1, 1, 1, 1, 1, 1, 11]",1,1.0,2,1.28,1.2535371986216828,2.037562012444681,2.1353331154439803
983,-112.5,-8.5,10.5,13.77,14.43,22.72,"[5, 5, 5, 5]","[26, 26, 26, 26, 26, 26, 26, 26, 26, 26, 26, 10, 10, 26, 26, 10, 26, 26, 26, 10, 10, 10, 10, 10, 26, 10, 10, 10, 10, 10, 10, 26, 26, 26, 10, 10, 10, 10, 10, 26, 26, 26, 10, 10, 10, 10, 26, 26, 26, 26, 10, 10, 10, 10, 26, 26, 26, 26, 10, 10, 10, 10, 10, 26]",1,1.0,2,2.0,1.4767452706388347,2.7518480035126496,2.602441816012438
984,-112.0,-8.0,11.0,15.41,16.15,24.88,"[5, 5, 5, 5]","[26, 26, 26, 10, 26, 10, 26, 10, 26, 10, 26, 10, 26, 10, 26, 10, 26, 10, 26, 10, 26, 10, 26, 10, 26, 10, 26, 10, 26, 10, 26, 10, 10, 10, 26, 10, 10, 10, 26, 10, 10, 26, 26, 26, 10, 26, 10, 26, 26, 26, 26, 26, 10, 10, 10, 10, 26, 26, 10, 26, 10, 10, 10, 26]",1,1.0,2,2.0,0.9919901341528672,1.9122815314651067,1.761123076562788
985,-145.8,-41.8,-22.8,0.87,0.82,4.6,"[5, 5, 5, 5]","[18, 18, 18, 18, 18, 18, 18, 18, 18, 18, 18, 18, 18, 18, 18, 18, 18, 18, 18, 18, 18, 18, 18, 18, 18, 18, 18, 18, 18, 18, 18, 18, 18, 18, 18, 18, 18, 18, 18, 18, 18, 18, 18, 18, 18, 18, 18, 18, 18, 18, 18, 18, 18, 18, 18, 18, 18, 18, 18, 18, 18, 18, 18, 18]",1,1.0,1,1.0,17.649256398329463,5.836094381920047,11.082030450392379
986,-147.4,-43.4,-24.4,0.7,0.52,2.86,"[4, 4, 4, 4]","[26, 26, 26, 26, 26, 26, 26, 26, 26, 26, 26, 26, 26, 26, 26, 26, 26, 26, 26, 26, 26, 26, 26, 26, 26, 26, 26, 26, 26, 26, 26, 26, 26, 26, 26, 26, 26, 26, 26, 26, 26, 26, 26, 26, 26, 26, 26, 26, 26, 26, 26, 26, 26, 26, 26, 26, 26, 26, 26, 26, 26, 26, 26, 26]",1,1.0,1,1.0,14.328102130164503,4.518144126598755,8.61797315022846
987,-106.6,-2.6,16.4,16.98,17.14,27.53,"[0, 0, 0, 0]","[24, 24, 24, 24, 24, 24, 24, 24, 24, 24, 24, 24, 24, 24, 24, 24, 24, 24, 24, 24, 24, 24, 24, 24, 24, 24, 24, 24, 24, 24, 24, 24, 24, 24, 24, 24, 24, 24, 24, 24, 24, 24, 24, 24, 24, 24, 24, 24, 24, 24, 24, 24, 24, 26, 24, 24, 24, 24, 24, 24, 24, 24, 24, 24]",1,1.0,2,1.0317380352644836,0.29939955474450414,2.5793693148928356,0.594805508095747
988,-104.1,-0.1,18.9,17.12,17.68,26.09,"[0, 0, 0, 0]","[33, 33, 33, 33, 33, 33, 33, 33, 33, 33, 33, 33, 33, 33, 33, 33, 33, 33, 33, 33, 33, 33, 33, 33, 33, 33, 33, 33, 33, 33, 33, 33, 33, 33, 33, 33, 33, 33, 33, 33, 33, 33, 33, 33, 33, 33, 33, 33, 33, 33, 33, 33, 33, 33, 33, 33, 33, 33, 33, 33, 33, 33, 33, 33]",1,1.0,1,1.0,0.3031516503885524,2.7964770374591077,0.6027718755500215
989,-119.9,-15.9,3.1,8.24,8.39,14.69,"[0, 0, 0, 0]","[32, 32, 32, 32, 32, 32, 32, 32, 32, 32, 32, 32, 32, 32, 32, 32, 32, 32, 32, 32, 32, 32, 32, 32, 32, 32, 32, 32, 32, 32, 32, 32, 32, 32, 32, 32, 32, 32, 32, 32, 32, 32, 32, 32, 32, 32, 32, 32, 32, 32, 32, 32, 32, 32, 32, 32, 32, 32, 32, 32, 32, 32, 32, 32]",1,1.0,1,1.0,0.29264370567845993,3.581908647263512,0.583343748220063
992,-139.5,-35.5,-16.5,2.06,2.26,6.57,"[4, 4, 4, 4]","[25, 25, 25, 25, 25, 25, 25, 25, 25, 25, 25, 25, 25, 25, 25, 25, 25, 25, 25, 25, 25, 25, 25, 25, 25, 25, 25, 25, 25, 25, 25, 25, 25, 25, 25, 25, 25, 25, 25, 25, 25, 25, 25, 25, 25, 25, 25, 25, 25, 25, 25, 25, 25, 25, 25, 25, 25, 25, 25, 25, 25, 25, 25, 25]",1,1.0,1,1.0,2.911292081028037,4.756800792273584,4.966279606169127
994,-164.6,-60.6,-41.6,0.02,0.01,0.3,"[4, 4, 4, 4]","[32, 32, 32, 32, 32, 32, 32, 32, 32, 32, 32, 32, 32, 32, 32, 32, 32, 32, 32, 32, 32, 32, 32, 32, 32, 32, 32, 32, 32, 32, 32, 32, 32, 32, 32, 32, 32, 32, 32, 32, 32, 32, 32, 32, 32, 32, 32, 32, 32, 32, 32, 32, 32, 32, 32, 32, 32, 32, 32, 32, 32, 32, 32, 32]",1,1.0,1,1.0,0.3361648901792876,1.6393729696738788,0.658625299598448
1007,-150.1,-46.1,-27.1,0.42,0.28,2.77,"[5, 5, 5, 5]","[33, 33, 33, 33, 33, 33, 33, 33, 33, 33, 33, 33, 33, 33, 33, 33, 33, 33, 33, 33, 33, 33, 33, 33, 33, 33, 33, 33, 33, 33, 33, 33, 33, 33, 33, 33, 33, 33, 33, 33, 33, 33, 33, 33, 33, 33, 33, 33, 33, 33, 33, 33, 33, 33, 33, 33, 33, 33, 33, 33, 33, 33, 33, 33]",1,1.0,1,1.0,1.2241829786573053,5.428976395624189,2.3883985302157402
1008,-89.0,15.0,34.0,21.99,19.51,31.33,"[12, 12, 4, 12]","[38, 38, 38, 38, 38, 38, 38, 38, 38, 38, 38, 38, 38, 38, 38, 38, 38, 38, 32, 32, 32, 32, 38, 38, 38, 38, 32, 32, 32, 38, 34, 38, 38, 38, 32, 32, 32, 32, 38, 38, 38, 38, 38, 34, 38, 34, 32, 38, 36, 32, 38, 32, 38, 32, 38, 38, 32, 32, 38, 32, 38, 32, 36, 36]",2,1.6,4,2.1557894736842105,5.54566940293126,8.367305785505065,9.245109362965236
1009,-92.1,11.9,30.9,22.2,19.34,28.88,"[12, 12, 12, 12]","[30, 30, 30, 30, 30, 30, 30, 30, 30, 30, 30, 30, 30, 30, 30, 30, 30, 30, 30, 30, 30, 30, 30, 30, 30, 30, 30, 30, 30, 30, 30, 30, 47, 30, 47, 47, 30, 30, 47, 30, 24, 30, 24, 47, 30, 30, 30, 47, 30, 30, 47, 30, 30, 47, 30, 47, 30, 24, 30, 47, 47, 47, 30, 30]",1,1.0,3,1.6037588097102584,2.2361519093478375,4.227457991154045,3.953307997663143
1010,-92.2,11.8,30.8,31.25,26.94,37.64,"[11, 5, 11, 11]","[31, 31, 31, 31, 31, 31, 31, 31, 31, 31, 31, 31, 31, 31, 31, 31, 31, 31, 31, 31, 31, 31, 47, 31, 31, 31, 31, 30, 31, 31, 31, 31, 31, 47, 31, 31, 31, 31, 31, 31, 31, 30, 30, 31, 47, 31, 31, 31, 30, 31, 31, 30, 47, 31, 31, 31, 46, 31, 31, 31, 31, 31, 31, 30]",2,1.6,4,1.4311670160726764,2.4761610966774645,4.216056256155463,4.270288846595097
1011,-91.0,13.0,32.0,22.1,18.8,29.96,"[12, 12, 4, 12]","[39, 39, 39, 39, 39, 39, 39, 39, 39, 39, 39, 39, 39, 39, 39, 39, 39, 39, 39, 39, 39, 39, 39, 39, 39, 39, 39, 39, 39, 39, 39, 39, 39, 39, 39, 39, 39, 39, 39, 23, 39, 39, 39, 39, 46, 46, 39, 39, 23, 46, 39, 23, 39, 23, 46, 23, 39, 39, 46, 29, 23, 23, 39, 39]",2,1.6,4,1.5306427503736921,3.80711600401506,6.285020568854033,6.512587326821964
1012,-93.9,10.1,29.1,36.04,32.16,44.76,"[11, 0, 0, 0]","[38, 32, 38, 32, 38, 32, 38, 32, 32, 32, 32, 38, 38, 32, 32, 32, 32, 38, 32, 38, 38, 38, 38, 38, 32, 32, 38, 38, 32, 38, 32, 32, 38, 32, 38, 38, 32, 32, 32, 32, 38, 32, 38, 38, 32, 32, 38, 32, 32, 32, 38, 38, 32, 32, 32, 32, 38, 32, 38, 38, 32, 32, 38, 32]",2,1.6,2,1.9692307692307693,2.9438097369960654,4.730901490543323,4.998856929659288
1013,-94.6,9.4,28.4,32.33,28.38,40.9,"[15, 1, 15, 1]","[38, 0, 38, 38, 0, 0, 38, 0, 0, 0, 38, 38, 38, 0, 0, 0, 0, 0, 38, 38, 38, 0, 0, 0, 0, 0, 38, 38, 38, 38, 38, 38, 0, 0, 38, 38, 38, 38, 38, 0, 0, 0, 0, 38, 38, 38, 0, 0, 0, 0, 38, 38, 38, 38, 0, 0, 38, 38, 38, 38, 38, 0, 0, 0]",2,2.0,2,1.9980487804878049,5.14565298596756,3.9887935877226393,6.305063561106131
1014,-110.4,-6.4,12.6,13.8,14.04,21.41,"[1, 1, 1, 1]","[41, 41, 41, 41, 41, 41, 41, 41, 41, 41, 41, 41, 41, 41, 41, 41, 41, 41, 41, 41, 41, 41, 41, 41, 41, 41, 41, 41, 41, 41, 41, 41, 41, 41, 41, 41, 41, 41, 41, 41, 41, 41, 41, 41, 41, 41, 41, 41, 41, 41, 41, 41, 41, 41, 41, 41, 41, 41, 41, 41, 41, 41, 41, 41]",1,1.0,1,1.0,3.4058508024953693,4.073470594473608,5.225762770880967
1015,-131.9,-27.9,-8.9,4.32,4.57,10.12,"[4, 4, 4, 4]","[32, 32, 32, 32, 32, 32, 32, 32, 32, 32, 32, 32, 32, 32, 32, 32, 32, 32, 32, 32, 32, 32, 32, 32, 32, 32, 32, 32, 32, 32, 32, 32, 32, 32, 32, 32, 32, 32, 32, 32, 32, 32, 32, 32, 32, 32, 32, 32, 32, 32, 32, 32, 32, 32, 32, 32, 32, 32, 32, 32, 32, 32, 32, 32]",1,1.0,1,1.0,8.076636331303078,4.690378191590425,8.112061091851062
1016,-116.9,-12.9,6.1,9.9,11.34,19.98,"[4, 4, 4, 4]","[25, 25, 25, 25, 25, 25, 25, 25, 25, 25, 25, 25, 25, 25, 25, 25, 25, 25, 25, 25, 25, 25, 25, 25, 25, 25, 25, 25, 25, 25, 25, 25, 25, 25, 25, 25, 25, 25, 25, 25, 25, 25, 25, 25, 25, 25, 25, 25, 25, 25, 25, 25, 25, 25, 25, 25, 25, 25, 25, 25, 25, 25, 25, 25]",1,1.0,1,1.0,0.26969615707847583,2.744734042270887,0.5368071224301333
1017,-113.2,-9.2,9.8,18.93,18.95,30.15,"[9, 9, 9, 9]","[50, 50, 24, 50, 50, 50, 50, 24, 50, 24, 24, 24, 50, 50, 50, 50, 50, 24, 24, 50, 50, 50, 50, 50, 50, 24, 24, 50, 50, 50, 50, 50, 50, 24, 24, 50, 24, 50, 50, 50, 50, 50, 24, 24, 24, 50, 50, 50, 50, 50, 50, 24, 24, 50, 50, 50, 50, 50, 50, 24, 24, 50, 50, 50]",1,1.0,2,1.7166806370494552,3.5262899403174437,6.505592459147291,6.200307719871337
1018,-114.8,-10.8,8.2,16.01,13.88,22.6,"[8, 8, 8, 8]","[25, 25, 25, 51, 51, 51, 25, 25, 25, 25, 25, 51, 51, 25, 25, 25, 51, 51, 51, 51, 25, 25, 25, 25, 25, 25, 25, 51, 25, 25, 25, 25, 51, 51, 51, 51, 25, 25, 25, 25, 25, 25, 25, 25, 25, 25, 25, 25, 57, 25, 25, 9, 9, 57, 25, 9, 9, 25, 57, 25, 51, 9, 25, 57]",1,1.0,4,2.195069667738478,1.048520513415539,3.4090647957650644,2.0043776047983286
1019,-123.3,-19.3,-0.3,10.3,7.63,14.07,"[8, 8, 1, 8]","[17, 17, 17, 17, 17, 17, 17, 17, 17, 17, 17, 17, 17, 17, 17, 17, 17, 17, 17, 17, 17, 17, 17, 17, 17, 17, 17, 17, 17, 17, 17, 17, 17, 17, 17, 17, 17, 17, 17, 17, 17, 17, 17, 17, 17, 17, 17, 17, 17, 17, 17, 17, 17, 17, 17, 17, 17, 17, 17, 17, 17, 17, 17, 17]",2,1.6,1,1.0,0.47627064252218543,3.0348624251703122,0.9410239841527077
1020,-113.6,-9.6,9.4,15.21,15.43,24.23,"[5, 5, 5, 5]","[18, 18, 18, 2, 2, 2, 18, 18, 18, 2, 2, 2, 18, 18, 18, 18, 18, 2, 2, 2, 18, 18, 18, 18, 18, 18, 2, 2, 2, 18, 18, 18, 18, 18, 2, 2, 2, 18, 18, 18, 18, 18, 2, 2, 2, 18, 18, 18, 18, 18, 2, 2, 2, 18, 18, 18, 18, 18, 2, 2, 2, 18, 18, 18]",1,1.0,2,1.8823529411764706,0.41375678821741063,3.5995291966202694,0.8221002263191797
1021,-122.1,-18.1,0.9,11.54,10.09,18.31,"[9, 9, 9, 9]","[10, 10, 10, 10, 10, 10, 10, 10, 10, 10, 10, 10, 10, 10, 10, 10, 10, 10, 10, 10, 10, 10, 10, 10, 10, 10, 10, 10, 10, 10, 10, 10, 10, 10, 10, 10, 10, 10, 10, 10, 58, 10, 10, 10, 10, 8, 10, 10, 10, 8, 10, 10, 10, 10, 10, 10, 8, 10, 10, 10, 10, 10, 10, 10]",1,1.0,3,1.1346260387811635,0.3925155934147258,2.900187707869199,0.7779386481392302
1022,-111.7,-7.7,11.3,15.87,17.56,26.87,"[5, 5, 5, 5]","[18, 18, 18, 18, 18, 18, 18, 18, 18, 18, 18, 18, 18, 18, 18, 18, 18, 18, 18, 18, 18, 18, 18, 18, 18, 18, 18, 18, 18, 18, 18, 18, 18, 18, 18, 18, 18, 18, 18, 18, 18, 18, 18, 16, 16, 18, 16, 16, 18, 18, 16, 16, 16, 16, 30, 16, 18, 16, 28, 30, 30, 30, 30, 30]",1,1.0,4,1.7459505541346974,0.7044567227068379,8.192749272077712,1.4037337581920175
1023,-113.2,-9.2,9.8,13.95,14.27,23.56,"[5, 5, 5, 5]","[18, 18, 18, 18, 18, 18, 18, 18, 18, 18, 18, 18, 18, 18, 18, 18, 18, 18, 18, 18, 18, 18, 18, 18, 18, 18, 18, 18, 18, 18, 18, 18, 18, 18, 18, 18, 18, 18, 18, 18, 18, 18, 18, 18, 18, 18, 18, 18, 18, 18, 18, 18, 18, 18, 18, 18, 18, 18, 18, 18, 18, 18, 18, 18]",1,1.0,1,1.0,2.9591441906281903,5.045041552997987,5.104942057865135
1024,-112.3,-8.3,10.7,12.85,12.81,21.79,"[4, 4, 4, 4]","[10, 10, 10, 10, 10, 10, 10, 10, 10, 10, 10, 10, 10, 10, 10, 10, 10, 10, 10, 10, 10, 10, 10, 10, 10, 10, 10, 10, 10, 10, 10, 10, 10, 10, 10, 10, 10, 10, 10, 10, 10, 10, 10, 10, 10, 10, 10, 10, 10, 10, 10, 10, 10, 10, 10, 10, 10, 10, 10, 10, 10, 10, 10, 10]",1,1.0,1,1.0,1.125716481346882,2.6948887710082343,2.077466007625651
1025,-146.6,-42.6,-23.6,0.78,0.63,3.58,"[9, 9, 9, 9]","[18, 18, 18, 18, 18, 18, 18, 18, 18, 18, 18, 18, 18, 18, 18, 18, 18, 18, 18, 18, 18, 18, 18, 18, 18, 18, 18, 18, 18, 18, 18, 18, 18, 18, 18, 18, 18, 18, 18, 18, 18, 18, 18, 18, 18, 18, 18, 18, 18, 18, 18, 18, 18, 18, 18, 18, 18, 18, 18, 18, 18, 18, 18, 18]",1,1.0,1,1.0,18.042941957866223,7.223779773875631,13.412529045318058
1026,-106.7,-2.7,16.3,14.28,14.98,23.11,"[1, 1, 1, 1]","[24, 24, 24, 24, 24, 24, 24, 24, 24, 24, 24, 24, 24, 24, 24, 24, 24, 24, 24, 24, 24, 24, 24, 24, 24, 24, 24, 24, 24, 24, 24, 24, 24, 24, 24, 24, 24, 24, 24, 24, 24, 24, 24, 24, 24, 24, 24, 24, 24, 24, 24, 24, 24, 24, 24, 24, 24, 24, 24, 24, 24, 24, 24, 24]",1,1.0,1,1.0,0.7323607263035994,3.5697351288105037,1.4348365951150661
1027,-134.8,-30.8,-11.8,3.32,3.61,7.63,"[0, 0, 0, 0]","[25, 25, 25, 25, 25, 25, 25, 25, 25, 25, 25, 25, 25, 25, 25, 25, 25, 25, 25, 25, 25, 25, 25, 25, 25, 25, 25, 25, 25, 25, 25, 25, 25, 25, 25, 25, 25, 31, 31, 25, 25, 25, 25, 25, 25, 31, 25, 31, 31, 25, 31, 25, 25, 25, 25, 25, 31, 31, 25, 25, 25, 25, 25, 25]",1,1.0,2,1.28,2.846040822650191,9.90594467707141,5.470766183138169
1028,-119.1,-15.1,3.9,8.29,8.58,14.15,"[0, 0, 0, 0]","[32, 32, 32, 32, 32, 32, 32, 32, 32, 32, 32, 32, 32, 32, 32, 32, 32, 32, 32, 32, 32, 32, 32, 32, 32, 32, 32, 32, 32, 32, 32, 32, 32, 32, 32, 32, 32, 32, 32, 32, 32, 32, 32, 32, 32, 32, 32, 32, 32, 32, 32, 32, 32, 32, 32, 32, 32, 32, 32, 32, 32, 32, 32, 32]",1,1.0,1,1.0,0.28041652852352866,2.9783813523924163,0.5583637529299379
1029,-105.0,-1.0,18.0,16.68,16.6,25.5,"[0, 0, 0, 0]","[33, 33, 33, 33, 33, 33, 33, 33, 33, 33, 33, 33, 33, 33, 33, 33, 33, 33, 33, 33, 33, 33, 33, 33, 33, 33, 33, 33, 33, 33, 33, 33, 33, 33, 33, 33, 33, 33, 33, 33, 33, 33, 33, 33, 33, 33, 33, 33, 33, 33, 33, 33, 33, 33, 33, 33, 33, 33, 33, 33, 33, 33, 33, 33]",1,1.0,1,1.0,0.37229429233847733,4.799560361538666,0.7423586004774504
1047,-119.3,-15.3,3.7,9.47,9.89,16.31,"[5, 5, 5, 5]","[34, 34, 34, 34, 34, 34, 34, 34, 34, 34, 34, 34, 34, 34, 34, 34, 34, 34, 34, 34, 34, 34, 34, 34, 34, 34, 34, 34, 34, 34, 34, 34, 34, 34, 34, 34, 34, 34, 34, 34, 34, 34, 34, 34, 34, 34, 34, 34, 34, 34, 34, 34, 34, 34, 34, 34, 34, 34, 34, 34, 34, 34, 34, 34]",1,1.0,1,1.0,11.134814343249783,4.254216902460416,7.948082805594303
1048,-92.4,11.6,30.6,20.41,17.81,29.41,"[8, 8, 0, 0]","[38, 38, 38, 38, 38, 38, 38, 38, 38, 38, 38, 38, 38, 38, 38, 38, 38, 38, 38, 38, 38, 32, 38, 38, 38, 32, 32, 32, 32, 32, 38, 38, 32, 32, 32, 32, 32, 38, 32, 38, 32, 32, 32, 34, 32, 32, 38, 38, 38, 34, 34, 32, 36, 38, 38, 38, 34, 38, 32, 32, 32, 38, 38, 38]",2,2.0,4,2.153522607781283,4.347254881012721,6.2876750097126894,7.151617895729289
1049,-93.2,10.8,29.8,19.63,19.28,31.01,"[15, 15, 15, 15]","[39, 39, 39, 39, 39, 39, 39, 39, 39, 39, 39, 39, 39, 39, 39, 39, 39, 39, 39, 39, 39, 39, 39, 39, 39, 39, 39, 39, 39, 30, 39, 39, 39, 39, 47, 30, 39, 32, 30, 32, 32, 39, 47, 39, 32, 39, 39, 30, 39, 30, 39, 47, 30, 39, 39, 47, 39, 39, 47, 30, 47, 32, 32, 32]",1,1.0,4,1.978743961352657,5.677737521284023,4.393568259291189,6.949440892544095
1050,-92.0,12.0,31.0,20.66,18.78,27.8,"[15, 15, 4, 4]","[38, 38, 38, 38, 38, 38, 38, 38, 38, 38, 38, 38, 38, 38, 38, 38, 38, 34, 34, 34, 38, 38, 38, 38, 38, 38, 34, 34, 38, 38, 38, 38, 38, 34, 34, 34, 34, 38, 38, 38, 38, 34, 38, 38, 34, 24, 34, 34, 38, 38, 36, 34, 38, 38, 24, 38, 34, 38, 38, 38, 24, 38, 38, 38]",2,2.0,4,1.8123893805309734,2.493323525442616,5.784341540472015,4.5793371290951495
1051,-97.2,6.8,25.8,18.95,16.86,26.37,"[8, 8, 8, 8]","[39, 39, 39, 39, 39, 39, 39, 39, 39, 39, 39, 39, 39, 39, 39, 39, 39, 39, 39, 39, 39, 39, 39, 39, 39, 39, 39, 39, 39, 39, 39, 39, 39, 39, 39, 39, 39, 39, 39, 39, 39, 39, 39, 39, 39, 39, 39, 39, 23, 23, 39, 39, 39, 39, 39, 39, 37, 37, 37, 39, 39, 39, 39, 39]",1,1.0,3,1.1722953634802518,1.4812505073866336,2.98046433168843,2.652931596413947
1052,-93.7,10.3,29.3,22.31,19.35,30.56,"[11, 11, 11, 11]","[30, 30, 30, 30, 30, 30, 30, 30, 30, 30, 30, 30, 30, 30, 30, 30, 30, 30, 30, 30, 30, 30, 30, 30, 30, 30, 24, 30, 30, 30, 30, 30, 30, 30, 47, 30, 30, 30, 30, 30, 30, 30, 30, 30, 28, 47, 47, 30, 24, 24, 28, 28, 30, 30, 30, 28, 30, 24, 30, 28, 47, 28, 24, 30]",1,1.0,4,1.6529459241323647,2.77462204830041,5.767134730524172,5.000605462537318
1053,-123.4,-19.4,-0.4,8.99,8.39,16.06,"[1, 1, 1, 1]","[24, 24, 24, 24, 24, 24, 24, 24, 24, 24, 24, 24, 24, 24, 24, 24, 24, 24, 24, 24, 24, 24, 24, 24, 24, 24, 24, 24, 24, 24, 24, 24, 24, 24, 24, 24, 24, 24, 24, 24, 24, 24, 24, 24, 24, 40, 24, 40, 40, 24, 24, 24, 24, 24, 24, 24, 24, 24, 24, 24, 24, 24, 24, 24]",1,1.0,2,1.098123324396783,1.1342128904021014,3.0781616073332603,2.128527316698066
1054,-132.7,-28.7,-9.7,3.96,3.94,9.23,"[0, 0, 0, 0]","[33, 33, 33, 33, 33, 33, 33, 33, 33, 33, 33, 33, 33, 33, 33, 33, 33, 33, 33, 33, 33, 33, 33, 33, 33, 33, 33, 33, 33, 33, 33, 33, 33, 33, 33, 33, 33, 33, 33, 33, 33, 33, 33, 33, 33, 33, 33, 33, 33, 33, 33, 33, 33, 33, 33, 33, 33, 33, 33, 33, 33, 33, 33, 33]",1,1.0,1,1.0,7.938122179015286,4.809724994643632,8.227110691503352
1055,-131.5,-27.5,-8.5,4.36,4.09,9.99,"[1, 1, 1, 1]","[33, 33, 33, 33, 33, 33, 33, 33, 33, 33, 33, 33, 33, 33, 33, 33, 33, 33, 33, 33, 33, 33, 33, 33, 33, 33, 33, 33, 33, 33, 33, 33, 33, 33, 33, 33, 33, 33, 33, 33, 33, 33, 33, 33, 33, 33, 33, 33, 33, 33, 33, 33, 33, 33, 33, 33, 33, 33, 33, 33, 33, 33, 33, 33]",1,1.0,1,1.0,10.693226675093648,5.092382142946995,9.195298246429351
1056,-130.2,-26.2,-7.2,4.82,4.81,11.21,"[0, 0, 0, 0]","[32, 32, 32, 32, 32, 32, 32, 32, 32, 32, 32, 32, 32, 32, 32, 32, 32, 32, 32, 32, 32, 32, 32, 32, 32, 32, 32, 32, 32, 32, 32, 32, 32, 32, 32, 32, 32, 32, 32, 32, 32, 32, 32, 32, 32, 32, 32, 32, 32, 32, 32, 32, 32, 32, 32, 32, 32, 32, 32, 32, 32, 32, 32, 32]",1,1.0,1,1.0,15.595544773491735,7.002285406459219,12.775880814045125
1057,-131.6,-27.6,-8.6,4.34,4.3,10.1,"[5, 5, 5, 5]","[32, 32, 32, 32, 32, 32, 32, 32, 32, 32, 32, 32, 32, 32, 32, 32, 32, 32, 32, 32, 32, 32, 32, 32, 32, 32, 32, 32, 32, 32, 32, 32, 32, 32, 32, 32, 32, 32, 32, 32, 32, 32, 32, 32, 32, 32, 32, 32, 32, 32, 32, 32, 32, 32, 32, 32, 32, 32, 32, 32, 32, 32, 32, 32]",1,1.0,1,1.0,8.100816822602539,5.246988303477687,8.807808653540485
1058,-115.9,-11.9,7.1,14.96,14.51,22.4,"[4, 4, 4, 4]","[18, 16, 18, 58, 58, 58, 18, 18, 18, 18, 18, 58, 18, 18, 18, 18, 58, 58, 58, 58, 58, 18, 18, 18, 18, 18, 18, 18, 18, 18, 18, 18, 18, 58, 58, 58, 16, 18, 18, 16, 18, 18, 18, 18, 18, 18, 18, 18, 18, 58, 58, 58, 58, 18, 18, 18, 58, 58, 58, 58, 18, 18, 18, 18]",1,1.0,3,1.9598086124401914,1.1368505970725529,3.945736379380278,2.1848236121738434
1059,-113.7,-9.7,9.3,17.21,14.62,22.08,"[0, 8, 0, 8]","[26, 26, 26, 26, 26, 26, 26, 26, 26, 9, 9, 9, 9, 26, 26, 26, 26, 9, 9, 9, 26, 9, 9, 9, 9, 9, 26, 9, 26, 26, 26, 9, 9, 26, 41, 24, 24, 9, 26, 26, 26, 26, 9, 24, 9, 9, 9, 9, 9, 9, 9, 9, 9, 9, 9, 9, 9, 9, 9, 9, 9, 9, 9, 9]",2,2.0,4,2.146750524109015,0.667842709281716,3.342543095134042,1.3097974671950703
1060,-112.8,-8.8,10.2,18.85,16.56,24.73,"[9, 1, 9, 9]","[26, 26, 26, 16, 16, 16, 16, 16, 26, 26, 10, 16, 10, 10, 16, 26, 16, 16, 10, 16, 10, 16, 16, 16, 26, 10, 10, 16, 10, 16, 16, 16, 26, 10, 10, 16, 10, 16, 26, 16, 58, 10, 16, 26, 16, 26, 26, 16, 10, 16, 16, 16, 16, 16, 16, 16, 26, 10, 10, 10, 10, 10, 16, 16]",2,1.6,4,2.6982872200263506,0.45477385675189025,2.766956548443925,0.8975059545487059
1061,-113.5,-9.5,9.5,15.91,15.38,23.9,"[5, 5, 5, 5]","[25, 25, 25, 25, 25, 25, 25, 25, 25, 25, 25, 25, 25, 25, 25, 25, 25, 25, 25, 25, 25, 25, 25, 25, 25, 25, 25, 25, 25, 25, 25, 25, 25, 25, 25, 25, 26, 25, 25, 25, 25, 25, 25, 25, 25, 25, 25, 25, 25, 25, 25, 25, 26, 25, 25, 25, 25, 25, 9, 9, 9, 9, 9, 9]",1,1.0,3,1.2896725440806045,0.3722540109729957,3.282974465696798,0.7397675695107654
1062,-115.2,-11.2,7.8,12.62,12.27,21.83,"[9, 9, 9, 9]","[17, 17, 17, 17, 17, 17, 17, 17, 17, 17, 17, 17, 17, 17, 17, 17, 17, 17, 17, 17, 17, 17, 17, 17, 17, 17, 17, 17, 1, 1, 17, 17, 17, 17, 1, 1, 17, 17, 17, 17, 17, 1, 1, 17, 1, 1, 17, 17, 17, 17, 17, 1, 1, 17, 17, 17, 17, 17, 17, 17, 1, 17, 17, 17]",1,1.0,2,1.3979522184300341,1.514459791818534,2.764477713140664,2.6564195835652047
1063,-114.1,-10.1,8.9,12.03,12.1,19.2,"[9, 9, 9, 9]","[17, 17, 17, 17, 17, 17, 17, 17, 17, 17, 17, 17, 17, 17, 17, 17, 17, 17, 17, 17, 17, 17, 17, 17, 17, 17, 17, 1, 1, 1, 17, 17, 17, 1, 1, 1, 1, 1, 17, 1, 17, 1, 1, 1, 1, 1, 17, 1, 17, 1, 1, 1, 1, 1, 1, 1, 17, 17, 1, 1, 1, 1, 1, 17]",1,1.0,2,1.9523355576739752,1.9115979260739897,3.9762163772066734,3.445679611290378
1064,-113.3,-9.3,9.7,15.71,16.0,27.99,"[4, 4, 4, 4]","[9, 9, 9, 9, 9, 9, 9, 9, 9, 9, 9, 9, 9, 9, 9, 9, 9, 9, 9, 9, 9, 9, 9, 9, 9, 9, 9, 9, 9, 9, 25, 9, 9, 9, 9, 9, 9, 17, 9, 9, 9, 9, 9, 9, 9, 9, 9, 9, 9, 17, 9, 9, 9, 9, 9, 17, 17, 9, 9, 17, 9, 9, 17, 9]",1,1.0,3,1.2465003043213634,1.520298609895119,3.306908632487147,2.7626323897524103
1065,-149.4,-45.4,-26.4,0.49,0.29,2.29,"[8, 8, 8, 8]","[17, 17, 17, 17, 17, 17, 17, 17, 17, 17, 17, 17, 17, 17, 17, 17, 17, 17, 17, 17, 17, 17, 17, 17, 17, 17, 17, 17, 17, 17, 17, 17, 17, 17, 17, 17, 17, 17, 17, 17, 17, 17, 17, 17, 17, 17, 17, 17, 17, 17, 17, 17, 17, 17, 17, 17, 17, 17, 17, 17, 17, 17, 17, 17]",1,1.0,1,1.0,14.528717450975968,4.444720269875095,8.500548626566854
1066,-105.8,-1.8,17.2,14.66,16.11,23.9,"[0, 0, 0, 0]","[25, 25, 25, 25, 25, 25, 25, 25, 25, 25, 25, 25, 25, 25, 25, 25, 25, 25, 25, 25, 25, 25, 25, 25, 25, 25, 25, 25, 25, 25, 25, 25, 25, 25, 25, 25, 25, 25, 25, 25, 25, 25, 25, 25, 25, 25, 25, 25, 25, 25, 25, 25, 25, 25, 25, 25, 25, 25, 25, 25, 25, 25, 25, 25]",1,1.0,1,1.0,0.8175376903957094,6.432483696380979,1.6220274065383211
1067,-107.0,-3.0,16.0,14.52,15.65,24.01,"[4, 4, 4, 4]","[25, 25, 25, 25, 25, 25, 25, 25, 25, 25, 25, 25, 25, 25, 25, 25, 25, 25, 25, 32, 25, 25, 25, 25, 25, 25, 25, 25, 32, 25, 32, 25, 25, 25, 25, 32, 32, 25, 25, 25, 25, 25, 32, 32, 32, 32, 25, 25, 25, 25, 25, 25, 25, 32, 25, 25, 25, 25, 25, 32, 25, 25, 25, 25]",1,1.0,2,1.3979522184300341,0.5408722122075497,3.530518350086485,1.0692693417208037
1068,-119.6,-15.6,3.4,8.27,8.02,13.01,"[1, 1, 1, 1]","[32, 32, 32, 32, 32, 32, 32, 32, 32, 32, 32, 32, 32, 32, 32, 32, 32, 32, 32, 32, 32, 32, 32, 32, 32, 32, 32, 32, 32, 32, 32, 32, 32, 32, 32, 32, 32, 32, 32, 32, 32, 32, 32, 32, 32, 32, 32, 32, 32, 32, 32, 32, 32, 32, 32, 32, 32, 32, 32, 32, 32, 32, 32, 32]",1,1.0,1,1.0,0.33265583391651493,4.022693106758286,0.6630484249594946
1069,-106.6,-2.6,16.4,15.84,16.49,25.69,"[4, 4, 4, 4]","[24, 24, 24, 24, 24, 24, 24, 24, 24, 24, 24, 24, 24, 24, 24, 24, 24, 24, 24, 24, 24, 24, 24, 24, 24, 24, 24, 24, 24, 24, 24, 24, 24, 24, 24, 28, 24, 28, 30, 24, 28, 24, 24, 24, 24, 24, 24, 24, 24, 24, 24, 24, 24, 24, 24, 24, 24, 24, 24, 24, 24, 24, 24, 24]",1,1.0,3,1.1346260387811635,0.27051835242721123,3.3754861940143557,0.5393075589519681
1087,-93.6,10.4,29.4,19.08,16.91,23.91,"[8, 8, 8, 0]","[30, 30, 30, 30, 30, 30, 30, 30, 30, 30, 30, 30, 30, 30, 30, 30, 30, 24, 30, 30, 24, 30, 24, 24, 24, 24, 30, 30, 30, 24, 24, 30, 24, 30, 30, 30, 24, 24, 24, 30, 30, 24, 24, 40, 24, 24, 24, 24, 24, 24, 40, 24, 30, 40, 24, 30, 24, 24, 24, 24, 40, 30, 24, 24]",2,1.6,3,2.245614035087719,12.02198829383195,11.032370397186773,16.256885137594708
1088,-95.9,8.1,27.1,19.19,16.39,26.79,"[8, 8, 0, 0]","[31, 31, 31, 31, 31, 31, 31, 31, 31, 31, 31, 31, 31, 31, 31, 31, 31, 31, 31, 31, 31, 31, 31, 31, 31, 31, 31, 31, 31, 31, 31, 31, 31, 31, 31, 31, 31, 31, 31, 31, 31, 31, 31, 31, 31, 31, 31, 31, 31, 47, 63, 47, 31, 31, 47, 63, 31, 31, 47, 47, 31, 31, 47, 47]",2,2.0,3,1.3307342430149447,4.225725059889738,6.070526546388998,6.936365958096573
1089,-94.4,9.6,28.6,21.11,18.48,30.69,"[8, 8, 8, 8]","[38, 38, 38, 38, 38, 38, 38, 38, 38, 38, 38, 38, 38, 38, 38, 38, 38, 38, 38, 38, 38, 38, 38, 38, 38, 38, 32, 32, 32, 38, 38, 38, 32, 32, 32, 32, 32, 38, 38, 38, 32, 32, 32, 32, 32, 38, 38, 38, 32, 32, 32, 32, 38, 38, 38, 38, 32, 32, 32, 32, 38, 38, 38, 38]",1,1.0,2,1.788646288209607,2.527233381450107,5.567239170811331,4.6024535581449815
1090,-96.0,8.0,27.0,19.8,16.88,27.8,"[8, 8, 0, 8]","[31, 31, 31, 31, 31, 31, 31, 31, 31, 31, 31, 31, 31, 31, 31, 31, 31, 31, 31, 31, 31, 31, 31, 31, 31, 31, 31, 31, 31, 31, 31, 31, 31, 31, 31, 31, 31, 31, 31, 31, 31, 31, 31, 31, 46, 31, 31, 46, 31, 31, 31, 46, 31, 31, 31, 63, 31, 31, 31, 31, 31, 31, 46, 15]",2,1.6,4,1.2111176818450622,2.5589818402995848,5.614598061061062,4.657066697699906
1091,-94.9,9.1,28.1,32.1,26.46,36.77,"[11, 1, 11, 11]","[38, 38, 55, 38, 38, 38, 38, 38, 55, 55, 55, 38, 38, 38, 38, 38, 38, 55, 55, 55, 38, 38, 38, 38, 38, 55, 55, 55, 38, 38, 38, 38, 38, 38, 55, 55, 55, 38, 38, 38, 38, 38, 38, 55, 55, 38, 38, 38, 38, 38, 55, 55, 55, 32, 55, 38, 38, 38, 55, 38, 23, 55, 55, 55]",2,1.6,4,1.996101364522417,2.122025067698246,4.624110470480048,3.8572817874638123
1092,-98.0,6.0,25.0,17.76,15.89,26.89,"[12, 12, 12, 12]","[31, 31, 31, 31, 31, 31, 31, 31, 31, 31, 31, 31, 31, 31, 31, 31, 31, 31, 31, 31, 31, 31, 31, 31, 31, 31, 31, 31, 31, 31, 31, 31, 31, 31, 31, 31, 31, 31, 31, 31, 31, 31, 25, 29, 31, 31, 31, 31, 31, 31, 31, 31, 31, 31, 31, 31, 46, 31, 46, 31, 25, 31, 31, 31]",1,1.0,4,1.1736389684813753,1.9590877212089495,4.0560306850674905,3.528177330382045
1093,-133.9,-29.9,-10.9,3.68,3.67,8.94,"[5, 5, 5, 5]","[32, 32, 32, 32, 32, 32, 32, 32, 32, 32, 32, 32, 32, 32, 32, 32, 32, 32, 32, 32, 32, 32, 32, 32, 32, 32, 32, 32, 32, 32, 32, 32, 32, 32, 32, 32, 32, 32, 32, 34, 32, 32, 32, 32, 32, 32, 32, 34, 32, 32, 32, 32, 32, 32, 32, 34, 32, 32, 32, 32, 32, 32, 32, 32]",1,1.0,2,1.098123324396783,1.4344398982874755,3.9284181918109717,2.694846774795568
1094,-134.4,-30.4,-11.4,3.61,3.45,8.5,"[0, 0, 0, 0]","[32, 32, 32, 32, 32, 32, 32, 32, 32, 32, 32, 32, 32, 32, 32, 32, 32, 32, 32, 32, 32, 32, 32, 32, 32, 32, 32, 32, 32, 32, 32, 32, 32, 32, 32, 32, 32, 32, 32, 32, 32, 32, 32, 32, 32, 32, 32, 32, 32, 32, 32, 32, 32, 32, 32, 32, 32, 32, 32, 32, 32, 32, 32, 32]",1,1.0,1,1.0,9.342607081247778,5.722055462558231,9.759151678559203
1095,-136.1,-32.1,-13.1,2.95,3.3,8.22,"[4, 4, 4, 4]","[25, 25, 25, 25, 25, 25, 25, 25, 25, 25, 25, 25, 25, 25, 25, 25, 25, 25, 25, 25, 25, 25, 25, 25, 25, 25, 25, 25, 25, 25, 25, 25, 25, 25, 25, 25, 25, 25, 25, 25, 25, 25, 25, 25, 25, 25, 25, 25, 25, 25, 25, 25, 25, 25, 25, 25, 25, 25, 25, 25, 25, 25, 25, 25]",1,1.0,1,1.0,0.18367027214000575,1.8515276559597214,0.365546367173629
1096,-115.0,-11.0,8.0,11.39,11.57,20.32,"[1, 1, 1, 1]","[32, 32, 32, 32, 32, 32, 32, 32, 32, 32, 32, 32, 32, 32, 32, 32, 32, 32, 32, 32, 32, 32, 32, 32, 32, 32, 32, 32, 32, 32, 32, 32, 32, 32, 32, 32, 32, 32, 32, 32, 32, 32, 32, 32, 32, 32, 32, 32, 32, 32, 32, 32, 32, 32, 32, 32, 32, 32, 32, 32, 32, 32, 32, 32]",1,1.0,1,1.0,0.5072212570024484,4.945382599085622,1.009148531093425
1097,-134.8,-30.8,-11.8,3.44,3.26,9.09,"[0, 0, 0, 0]","[33, 33, 33, 33, 33, 33, 33, 33, 33, 33, 33, 33, 33, 33, 33, 33, 33, 33, 33, 33, 33, 33, 33, 33, 33, 33, 33, 33, 33, 33, 33, 33, 33, 33, 33, 33, 33, 33, 33, 33, 33, 33, 33, 33, 33, 33, 33, 33, 33, 33, 33, 33, 33, 33, 33, 33, 33, 33, 33, 33, 33, 33, 33, 33]",1,1.0,1,1.0,0.44318282367606443,7.228138018971939,0.8847042500810713
1098,-121.6,-17.6,1.4,8.38,7.42,13.74,"[8, 8, 8, 8]","[57, 57, 57, 57, 57, 57, 57, 57, 57, 57, 57, 57, 57, 57, 57, 57, 57, 57, 42, 57, 57, 57, 57, 57, 57, 57, 59, 57, 57, 57, 57, 57, 57, 57, 57, 57, 57, 57, 57, 57, 57, 57, 57, 57, 57, 57, 57, 57, 57, 57, 57, 57, 57, 57, 57, 57, 57, 57, 57, 57, 57, 57, 57, 57]",1,1.0,3,1.0650026001040043,1.5101303841063989,5.466930020065716,2.911234284917306
1099,-115.4,-11.4,7.6,16.34,15.56,24.52,"[5, 5, 5, 5]","[18, 18, 18, 16, 16, 16, 16, 18, 18, 16, 16, 18, 16, 18, 16, 18, 18, 16, 16, 16, 16, 16, 18, 18, 18, 16, 16, 16, 16, 16, 18, 16, 18, 16, 16, 16, 16, 16, 16, 16, 16, 18, 16, 16, 18, 16, 16, 16, 16, 18, 16, 16, 16, 16, 16, 16, 16, 16, 16, 16, 16, 16, 16, 16]",1,1.0,2,1.6397117694155323,0.7370732709756378,5.127923892882517,1.4591503072425072
1100,-115.4,-11.4,7.6,15.15,14.42,21.23,"[4, 4, 4, 4]","[18, 18, 18, 18, 18, 18, 18, 18, 18, 18, 8, 8, 18, 18, 18, 18, 18, 18, 24, 8, 24, 18, 18, 18, 18, 18, 24, 8, 18, 18, 18, 18, 18, 18, 8, 8, 18, 18, 18, 18, 18, 18, 8, 8, 18, 18, 18, 24, 41, 8, 8, 8, 18, 8, 8, 24, 41, 8, 8, 8, 8, 18, 8, 41]",1,1.0,4,2.2730299667036626,1.066768006338962,3.0169753854792813,2.011494804828181
1101,-114.7,-10.7,8.3,17.76,17.45,26.44,"[5, 5, 5, 5]","[18, 18, 18, 18, 18, 18, 18, 18, 16, 18, 18, 18, 18, 18, 18, 16, 18, 18, 18, 18, 18, 18, 18, 18, 18, 18, 18, 18, 18, 16, 16, 16, 16, 16, 16, 16, 16, 16, 16, 16, 18, 16, 16, 16, 16, 16, 16, 16, 18, 16, 16, 16, 16, 16, 18, 18, 18, 18, 16, 16, 16, 16, 16, 18]",1,1.0,2,1.9922178988326849,0.5715995217132879,4.428559333346984,1.1337939020811563
1102,-115.0,-11.0,8.0,14.86,15.37,26.3,"[4, 4, 4, 4]","[10, 10, 10, 10, 10, 10, 10, 10, 10, 10, 10, 10, 10, 10, 10, 10, 10, 10, 10, 10, 10, 10, 10, 10, 10, 10, 10, 10, 10, 10, 10, 10, 10, 10, 10, 10, 10, 10, 10, 10, 10, 10, 10, 10, 10, 10, 10, 10, 10, 10, 10, 10, 10, 10, 10, 10, 10, 10, 10, 10, 10, 10, 10, 10]",1,1.0,1,1.0,1.724555713541529,4.361586883558937,3.2074859931561552
1103,-114.2,-10.2,8.8,12.36,11.82,20.87,"[9, 9, 9, 9]","[10, 10, 10, 10, 10, 10, 10, 10, 10, 10, 10, 10, 10, 10, 10, 10, 10, 10, 10, 10, 10, 10, 10, 10, 10, 10, 10, 10, 10, 10, 10, 10, 10, 10, 10, 10, 10, 10, 10, 10, 10, 10, 10, 10, 10, 10, 10, 10, 10, 10, 10, 10, 10, 10, 10, 10, 10, 10, 10, 10, 10, 10, 10, 10]",1,1.0,1,1.0,1.463229857354694,3.5221107362105237,2.7025217743894556
1104,-114.6,-10.6,8.4,15.26,14.68,23.74,"[9, 9, 9, 9]","[18, 18, 18, 18, 18, 18, 18, 18, 18, 18, 18, 2, 18, 18, 18, 18, 18, 18, 18, 18, 18, 18, 18, 18, 18, 18, 18, 18, 18, 18, 18, 18, 18, 18, 18, 2, 2, 2, 18, 18, 2, 18, 18, 18, 18, 18, 18, 18, 18, 18, 18, 2, 2, 18, 18, 18, 18, 2, 2, 2, 2, 2, 2, 8]",1,1.0,3,1.5340823970037454,2.336986654863542,4.51546353641859,4.150979477206874
1105,-109.2,-5.2,13.8,12.39,13.94,21.62,"[4, 4, 4, 4]","[32, 32, 32, 32, 32, 32, 32, 32, 32, 32, 32, 32, 32, 32, 32, 32, 32, 32, 32, 32, 32, 32, 32, 32, 32, 32, 32, 32, 32, 32, 32, 32, 32, 32, 32, 32, 32, 32, 32, 32, 32, 32, 32, 32, 32, 32, 32, 32, 32, 32, 32, 32, 32, 32, 32, 32, 32, 32, 32, 32, 32, 32, 32, 32]",1,1.0,1,1.0,0.7605765406558477,4.356536182182608,1.4984881462817512
1106,-151.6,-47.6,-28.6,0.33,0.19,2.22,"[8, 8, 8, 8]","[17, 17, 17, 17, 17, 17, 17, 17, 17, 17, 17, 17, 17, 17, 17, 17, 17, 17, 17, 17, 17, 17, 17, 17, 17, 17, 17, 17, 17, 17, 17, 17, 17, 17, 17, 17, 17, 17, 17, 17, 17, 17, 17, 17, 17, 17, 17, 17, 17, 17, 17, 17, 17, 17, 17, 17, 17, 17, 17, 17, 17, 17, 17, 17]",1,1.0,1,1.0,17.1487555927363,6.835591627219257,12.69947165413291
1107,-152.1,-48.1,-29.1,0.3,0.16,2.13,"[8, 8, 8, 8]","[9, 9, 9, 9, 9, 9, 9, 9, 9, 9, 9, 9, 9, 9, 9, 9, 9, 9, 9, 9, 9, 9, 9, 9, 9, 9, 9, 9, 9, 9, 9, 9, 9, 9, 9, 9, 9, 9, 9, 9, 9, 9, 9, 9, 9, 9, 9, 9, 9, 9, 9, 9, 9, 9, 9, 9, 9, 9, 9, 9, 9, 9, 9, 9]",1,1.0,1,1.0,9.87405418297091,6.174473565630036,10.470365791443195
1108,-138.9,-34.9,-15.9,2.25,2.29,6.33,"[4, 4, 4, 4]","[25, 25, 25, 25, 25, 25, 25, 25, 25, 25, 25, 25, 25, 25, 25, 25, 25, 25, 25, 25, 25, 25, 25, 25, 25, 25, 25, 25, 25, 25, 25, 25, 25, 25, 25, 25, 25, 25, 25, 9, 25, 25, 25, 25, 25, 25, 25, 25, 9, 25, 25, 25, 25, 25, 25, 9, 9, 9, 9, 25, 25, 9, 9, 9]",1,1.0,2,1.3187379265936896,3.0164460559667976,4.820991430910882,5.114295678070391
1109,-106.7,-2.7,16.3,15.22,15.28,23.67,"[5, 5, 5, 5]","[25, 25, 25, 25, 25, 25, 25, 25, 25, 25, 25, 25, 25, 25, 25, 25, 25, 25, 25, 25, 25, 25, 25, 25, 25, 25, 25, 25, 25, 25, 25, 25, 25, 25, 25, 25, 25, 25, 25, 25, 25, 25, 25, 25, 25, 25, 25, 25, 25, 25, 25, 25, 25, 25, 25, 25, 25, 25, 25, 25, 25, 25, 25, 25]",1,1.0,1,1.0,0.3058887968189665,4.084335067887477,0.6100690514647287
1127,-95.7,8.3,27.3,19.54,16.57,27.48,"[0, 8, 8, 0]","[38, 38, 38, 38, 38, 38, 38, 38, 38, 38, 38, 38, 38, 38, 38, 38, 38, 38, 38, 38, 38, 38, 38, 38, 38, 38, 38, 38, 38, 38, 38, 38, 40, 38, 38, 38, 38, 38, 38, 38, 38, 24, 38, 38, 38, 38, 38, 38, 38, 38, 38, 38, 38, 38, 38, 38, 38, 24, 38, 38, 24, 38, 38, 38]",2,2.0,3,1.1346260387811635,15.490768657544512,8.706787235475385,15.180079541749683
1128,-96.7,7.3,26.3,18.05,15.91,26.11,"[8, 8, 8, 0]","[31, 31, 31, 31, 31, 31, 31, 31, 31, 31, 31, 31, 31, 31, 31, 31, 31, 31, 31, 31, 31, 31, 31, 31, 31, 31, 31, 31, 31, 31, 31, 31, 31, 31, 31, 31, 31, 31, 31, 31, 31, 31, 31, 31, 31, 31, 31, 31, 31, 31, 31, 31, 31, 31, 31, 15, 63, 31, 47, 31, 31, 47, 15, 31]",2,1.6,4,1.1736389684813753,4.749914995759226,7.292293903214692,7.960118215371325
1129,-96.1,7.9,26.9,21.35,20.34,30.52,"[12, 12, 12, 12]","[38, 38, 38, 38, 38, 38, 38, 38, 38, 38, 38, 38, 38, 38, 38, 38, 38, 38, 38, 38, 38, 38, 38, 38, 38, 38, 38, 38, 38, 38, 38, 38, 38, 38, 24, 38, 38, 38, 38, 38, 38, 38, 24, 38, 24, 38, 38, 38, 32, 38, 38, 38, 36, 36, 38, 38, 38, 38, 38, 32, 38, 24, 32, 24]",1,1.0,4,1.3865944482058226,2.5193648080661566,5.898715590755507,4.633781758845849
1130,-96.6,7.4,26.4,29.85,25.78,36.95,"[8, 1, 8, 3]","[39, 39, 55, 39, 39, 39, 39, 55, 55, 55, 39, 39, 39, 39, 39, 39, 39, 55, 55, 55, 39, 39, 39, 55, 39, 39, 55, 55, 39, 39, 39, 39, 39, 55, 55, 39, 39, 55, 39, 55, 55, 55, 55, 55, 39, 39, 39, 39, 39, 55, 55, 55, 39, 39, 55, 55, 39, 39, 39, 39, 55, 39, 39, 39]",3,2.6666666666666665,2,1.8823529411764706,6.008748140403371,5.936022256895961,8.445758505487655
1131,-97.1,6.9,25.9,30.55,27.85,43.36,"[12, 4, 12, 4]","[31, 56, 31, 31, 56, 56, 56, 56, 56, 56, 31, 31, 31, 31, 56, 56, 56, 56, 56, 31, 31, 56, 56, 56, 56, 56, 56, 31, 56, 56, 56, 56, 56, 56, 56, 31, 56, 56, 56, 56, 56, 56, 56, 31, 56, 56, 56, 56, 56, 56, 56, 31, 56, 56, 56, 56, 56, 56, 31, 56, 56, 56, 56, 56]",2,2.0,2,1.5192878338278932,1.5063148299629325,3.729048866762806,2.793344493618788
1132,-135.3,-31.3,-12.3,3.39,3.18,7.38,"[5, 5, 5, 5]","[32, 32, 32, 32, 32, 32, 32, 32, 32, 32, 32, 32, 32, 32, 32, 32, 32, 32, 32, 32, 32, 32, 32, 32, 32, 32, 32, 32, 32, 32, 32, 32, 32, 32, 32, 32, 32, 32, 32, 32, 32, 32, 32, 32, 32, 32, 32, 32, 32, 32, 32, 32, 32, 32, 32, 32, 32, 32, 32, 32, 32, 32, 32, 32]",1,1.0,1,1.0,0.5370390921297525,3.534553222415964,1.0618908822416322
1133,-134.4,-30.4,-11.4,3.75,3.42,7.72,"[0, 0, 0, 0]","[32, 32, 32, 32, 32, 32, 32, 32, 32, 32, 32, 32, 32, 32, 32, 32, 32, 32, 32, 32, 32, 32, 32, 32, 32, 32, 32, 32, 32, 32, 32, 32, 32, 32, 32, 32, 32, 32, 32, 32, 32, 32, 32, 32, 32, 32, 32, 32, 32, 32, 32, 32, 32, 32, 32, 32, 32, 32, 32, 32, 32, 32, 32, 32]",1,1.0,1,1.0,0.7841563509786473,6.6046742112756975,1.557374569911708
1134,-113.8,-9.8,9.2,12.02,13.52,20.11,"[4, 4, 4, 4]","[41, 41, 41, 41, 41, 41, 41, 41, 41, 41, 41, 41, 41, 41, 41, 41, 41, 41, 41, 41, 41, 41, 41, 41, 41, 41, 41, 41, 41, 41, 41, 41, 41, 41, 41, 41, 41, 41, 41, 41, 41, 41, 41, 41, 41, 41, 41, 41, 41, 41, 41, 41, 41, 41, 41, 41, 41, 41, 41, 41, 41, 41, 41, 41]",1,1.0,1,1.0,4.640989777981065,5.65189158326055,7.1734472953083825
1135,-113.1,-9.1,9.9,10.94,11.63,17.33,"[5, 5, 5, 5]","[40, 40, 40, 40, 40, 40, 40, 40, 40, 40, 40, 40, 40, 40, 40, 40, 40, 40, 40, 40, 40, 40, 40, 40, 40, 40, 40, 40, 40, 40, 40, 40, 40, 40, 40, 40, 40, 40, 40, 40, 40, 40, 40, 40, 40, 40, 40, 40, 40, 40, 40, 40, 40, 40, 40, 40, 40, 40, 40, 40, 40, 40, 40, 40]",1,1.0,1,1.0,0.13207449774602797,4.7388353646664365,0.26404646318242325
1136,-111.7,-7.7,11.3,13.01,14.21,22.17,"[5, 5, 5, 5]","[32, 32, 32, 32, 32, 32, 32, 32, 32, 32, 32, 32, 32, 32, 32, 32, 32, 32, 32, 32, 32, 32, 32, 32, 32, 32, 32, 32, 32, 32, 32, 32, 32, 32, 32, 32, 32, 32, 32, 32, 32, 32, 32, 32, 32, 32, 32, 32, 32, 32, 32, 32, 32, 32, 32, 32, 32, 32, 32, 32, 32, 32, 32, 32]",1,1.0,1,1.0,0.46811082165316015,6.161067968787094,0.9335309841643485
1137,-114.1,-10.1,8.9,12.24,12.99,20.27,"[4, 4, 4, 4]","[41, 41, 41, 41, 41, 41, 41, 41, 41, 41, 41, 41, 41, 41, 41, 41, 41, 41, 41, 41, 41, 41, 41, 41, 41, 41, 41, 41, 41, 41, 41, 41, 41, 41, 41, 41, 41, 41, 41, 41, 41, 41, 41, 41, 41, 41, 41, 41, 41, 41, 41, 41, 41, 41, 41, 41, 41, 41, 41, 41, 41, 41, 41, 41]",1,1.0,1,1.0,6.860120127363345,4.421949395549415,7.433440073250925
1138,-124.5,-20.5,-1.5,7.02,7.21,15.33,"[5, 5, 5, 5]","[50, 50, 50, 50, 50, 50, 50, 50, 50, 50, 50, 50, 50, 50, 50, 50, 50, 50, 50, 50, 50, 50, 50, 50, 50, 50, 50, 50, 50, 50, 50, 50, 50, 50, 50, 50, 50, 50, 50, 50, 50, 50, 50, 50, 50, 50, 50, 50, 50, 50, 50, 50, 50, 50, 50, 50, 50, 50, 50, 50, 50, 50, 50, 50]",1,1.0,1,1.0,16.85177454314338,4.615218977107691,8.90260195738169
1139,-125.7,-21.7,-2.7,6.72,6.24,13.13,"[4, 4, 4, 4]","[57, 57, 57, 57, 57, 57, 57, 57, 57, 57, 57, 57, 57, 57, 57, 57, 57, 57, 57, 57, 57, 57, 57, 57, 57, 57, 57, 57, 57, 57, 57, 57, 57, 57, 57, 57, 57, 57, 57, 57, 57, 57, 57, 57, 57, 57, 57, 57, 57, 57, 57, 57, 57, 57, 57, 57, 57, 57, 57, 57, 57, 57, 57, 57]",1,1.0,1,1.0,1.0701280240441493,8.142484727137006,2.122008214230845
1140,-117.5,-13.5,5.5,13.56,14.1,24.4,"[5, 5, 5, 5]","[17, 17, 17, 17, 17, 17, 17, 17, 17, 2, 2, 17, 17, 17, 17, 17, 17, 2, 2, 17, 17, 17, 17, 17, 17, 2, 2, 17, 17, 2, 2, 17, 17, 2, 2, 2, 17, 2, 2, 17, 17, 17, 17, 2, 17, 2, 2, 17, 17, 17, 2, 2, 2, 2, 2, 2, 2, 17, 17, 2, 2, 2, 2, 2]",1,1.0,2,1.9692307692307693,0.7316409568696038,7.874306024581537,1.4570061222760313
1141,-117.7,-13.7,5.3,15.29,16.21,25.12,"[5, 5, 5, 5]","[10, 10, 10, 10, 10, 10, 10, 10, 10, 10, 10, 10, 10, 10, 10, 10, 10, 10, 58, 10, 10, 10, 10, 10, 10, 10, 58, 10, 58, 10, 10, 10, 10, 10, 58, 10, 58, 10, 58, 10, 10, 58, 10, 58, 58, 58, 58, 10, 10, 10, 58, 58, 58, 58, 58, 10, 10, 10, 58, 10, 58, 58, 58, 10]",1,1.0,2,1.7534246575342465,0.6031955615305518,10.09762689695272,1.204244403291909
1142,-116.1,-12.1,6.9,11.65,11.95,19.55,"[4, 4, 4, 4]","[10, 10, 10, 10, 10, 10, 10, 10, 10, 10, 10, 10, 10, 10, 10, 10, 10, 10, 10, 10, 10, 10, 10, 10, 10, 10, 10, 10, 10, 10, 10, 10, 10, 10, 10, 10, 10, 10, 10, 10, 10, 10, 26, 10, 8, 10, 8, 10, 8, 10, 10, 10, 8, 26, 26, 26, 10, 10, 10, 10, 10, 10, 10, 10]",1,1.0,3,1.292929292929293,1.1622815491296001,2.9789169078308126,2.1655657593464883
1143,-115.6,-11.6,7.4,14.43,15.1,26.45,"[4, 4, 4, 4]","[10, 10, 10, 10, 10, 10, 10, 10, 10, 10, 10, 10, 10, 10, 10, 10, 10, 10, 10, 10, 10, 10, 10, 10, 10, 10, 10, 10, 10, 10, 10, 10, 10, 10, 10, 10, 10, 10, 10, 10, 10, 10, 10, 10, 10, 10, 10, 10, 10, 10, 10, 10, 10, 10, 10, 10, 10, 10, 10, 10, 10, 10, 10, 10]",1,1.0,1,1.0,2.2362100553333906,5.095544948040756,4.095398694855969
1144,-115.1,-11.1,7.9,14.25,15.23,28.07,"[5, 5, 5, 5]","[9, 9, 9, 9, 9, 9, 9, 9, 9, 9, 9, 9, 9, 9, 9, 9, 9, 9, 9, 9, 9, 9, 9, 9, 9, 9, 9, 9, 9, 9, 9, 9, 9, 9, 9, 9, 9, 9, 9, 9, 9, 9, 9, 9, 9, 9, 9, 9, 9, 9, 9, 9, 9, 9, 9, 9, 9, 9, 9, 9, 9, 9, 9, 9]",1,1.0,1,1.0,4.584856444852209,9.000869497306574,8.170757057695539
1145,-133.1,-29.1,-10.1,3.93,4.12,8.6,"[4, 4, 4, 4]","[25, 25, 25, 25, 25, 25, 25, 25, 25, 25, 25, 25, 25, 25, 25, 25, 25, 25, 25, 25, 25, 25, 25, 25, 25, 25, 25, 25, 25, 25, 25, 25, 25, 25, 25, 25, 25, 25, 25, 25, 25, 25, 25, 25, 25, 25, 25, 25, 25, 25, 25, 25, 25, 25, 25, 25, 25, 25, 25, 25, 25, 25, 25, 25]",1,1.0,1,1.0,1.1871711156565885,3.0229706522243474,2.2100281802158936
1146,-134.4,-30.4,-11.4,3.65,3.74,8.4,"[0, 0, 0, 0]","[25, 25, 25, 25, 25, 25, 25, 25, 25, 25, 25, 25, 25, 25, 25, 25, 25, 25, 25, 25, 25, 25, 25, 25, 25, 25, 25, 25, 25, 25, 25, 25, 25, 25, 25, 25, 25, 25, 25, 25, 25, 25, 25, 25, 25, 25, 25, 25, 25, 25, 25, 25, 25, 25, 25, 25, 25, 25, 25, 25, 25, 25, 25, 25]",1,1.0,1,1.0,0.4086079859201082,4.782914572964201,0.8142500071750848
1147,-151.9,-47.9,-28.9,0.31,0.16,2.15,"[9, 9, 9, 9]","[9, 9, 9, 9, 9, 9, 9, 9, 9, 9, 9, 9, 9, 9, 9, 9, 9, 9, 9, 9, 9, 9, 9, 9, 9, 9, 9, 9, 9, 9, 9, 9, 9, 9, 9, 9, 9, 9, 9, 9, 9, 9, 9, 9, 9, 9, 9, 9, 9, 9, 9, 9, 9, 9, 9, 9, 9, 9, 9, 9, 9, 9, 9, 9]",1,1.0,1,1.0,15.818828550557695,5.348012516183631,10.132622437540999
1148,-107.3,-3.3,15.7,14.45,15.15,23.85,"[0, 0, 0, 0]","[25, 25, 25, 25, 25, 25, 25, 25, 25, 25, 25, 25, 25, 25, 25, 25, 25, 25, 25, 25, 25, 25, 25, 25, 25, 25, 25, 25, 25, 25, 25, 25, 25, 25, 25, 25, 25, 25, 25, 25, 25, 25, 25, 25, 25, 25, 25, 25, 25, 25, 25, 25, 25, 25, 25, 25, 25, 25, 25, 25, 25, 25, 25, 25]",1,1.0,1,1.0,0.2797347784866326,2.468785553066015,0.5559123004476181
1149,-107.3,-3.3,15.7,13.83,13.74,20.13,"[5, 5, 5, 5]","[32, 32, 32, 32, 32, 32, 32, 32, 32, 32, 32, 32, 32, 32, 32, 32, 32, 32, 32, 32, 32, 32, 32, 32, 32, 32, 32, 32, 32, 32, 32, 32, 32, 32, 32, 32, 32, 32, 32, 32, 32, 32, 32, 32, 32, 32, 32, 32, 32, 32, 32, 32, 32, 32, 32, 32, 32, 32, 32, 32, 32, 32, 32, 32]",1,1.0,1,1.0,0.14631736125277114,2.164312444248026,0.29196828088650506
1167,-100.0,4.0,23.0,16.89,15.31,23.17,"[15, 15, 15, 15]","[24, 30, 30, 30, 30, 30, 30, 30, 24, 24, 30, 30, 30, 30, 24, 24, 24, 24, 24, 30, 24, 24, 24, 24, 24, 24, 24, 24, 24, 24, 24, 24, 24, 24, 24, 24, 30, 24, 24, 24, 24, 24, 30, 30, 30, 30, 24, 24, 24, 30, 24, 24, 30, 24, 24, 24, 24, 30, 30, 47, 24, 24, 47, 24]",1,1.0,3,1.9266227657572907,7.190782989901734,4.370113543904399,7.46906366630748
1168,-97.8,6.2,25.2,24.73,21.92,34.09,"[12, 4, 12, 12]","[38, 24, 38, 24, 38, 24, 24, 24, 24, 24, 24, 24, 24, 24, 24, 24, 24, 24, 24, 24, 24, 24, 24, 24, 24, 24, 24, 24, 24, 24, 24, 24, 24, 24, 24, 24, 24, 24, 38, 24, 24, 24, 24, 24, 24, 24, 24, 24, 24, 24, 24, 24, 24, 24, 38, 24, 24, 24, 24, 24, 38, 24, 24, 24]",2,1.6,2,1.204705882352941,2.868729209713321,5.626041327551467,5.111334297495256
1169,-98.2,5.8,24.8,16.29,15.87,24.94,"[12, 12, 12, 12]","[38, 38, 38, 38, 38, 38, 38, 38, 38, 38, 38, 38, 38, 38, 38, 38, 38, 38, 38, 38, 38, 38, 38, 38, 38, 38, 38, 38, 38, 38, 38, 38, 38, 38, 38, 38, 38, 38, 38, 38, 38, 38, 32, 38, 38, 38, 38, 38, 38, 32, 32, 32, 32, 38, 38, 38, 32, 32, 32, 38, 38, 38, 38, 38]",1,1.0,2,1.28,6.424473315074911,4.817235460187828,7.70822143950118
1170,-97.6,6.4,25.4,28.89,26.16,36.38,"[15, 4, 15, 4]","[38, 48, 38, 38, 48, 48, 48, 48, 48, 48, 38, 38, 38, 38, 48, 48, 48, 48, 48, 38, 38, 48, 48, 48, 48, 48, 38, 38, 38, 38, 48, 48, 48, 48, 48, 38, 38, 48, 48, 48, 48, 48, 48, 48, 48, 48, 48, 48, 48, 48, 48, 38, 48, 48, 48, 48, 48, 48, 48, 38, 48, 48, 48, 48]",2,2.0,2,1.6397117694155323,1.407702759447466,3.802816304217372,2.640312079921071
1171,-137.8,-33.8,-14.8,2.65,2.59,5.87,"[5, 5, 5, 5]","[40, 40, 40, 40, 40, 40, 40, 40, 40, 40, 40, 40, 40, 40, 40, 40, 40, 40, 40, 40, 40, 40, 40, 40, 40, 40, 40, 40, 40, 40, 40, 40, 40, 40, 40, 40, 40, 40, 40, 40, 40, 40, 40, 34, 34, 34, 34, 40, 40, 40, 34, 34, 40, 40, 40, 36, 40, 40, 40, 40, 34, 34, 34, 36]",1,1.0,3,1.4153420870767104,3.229386938183302,3.73546598803496,4.886011091333537
1172,-135.7,-31.7,-12.7,3.29,3.07,8.41,"[5, 5, 5, 5]","[33, 33, 33, 33, 33, 33, 33, 33, 33, 33, 33, 33, 33, 33, 33, 33, 33, 33, 33, 33, 33, 33, 33, 33, 33, 33, 33, 33, 33, 33, 33, 33, 33, 33, 33, 33, 33, 33, 33, 33, 33, 33, 33, 33, 33, 33, 33, 33, 33, 33, 33, 33, 33, 33, 33, 33, 33, 33, 33, 33, 33, 33, 33, 33]",1,1.0,1,1.0,0.8224445709871737,4.495057787285164,1.6180289494544042
1173,-114.5,-10.5,8.5,11.79,12.87,22.76,"[0, 0, 0, 0]","[33, 33, 33, 33, 33, 33, 33, 33, 33, 33, 33, 33, 33, 33, 33, 33, 33, 33, 33, 33, 33, 33, 33, 33, 33, 33, 33, 33, 33, 33, 33, 33, 33, 33, 33, 33, 33, 33, 33, 33, 33, 33, 33, 33, 33, 33, 33, 33, 33, 33, 33, 33, 33, 33, 33, 33, 33, 33, 33, 33, 33, 33, 33, 33]",1,1.0,1,1.0,3.630062888052826,5.611307426230561,6.095772913251771
1174,-115.4,-11.4,7.6,11.01,10.84,20.01,"[5, 5, 5, 5]","[33, 33, 33, 33, 33, 33, 33, 33, 33, 33, 33, 33, 33, 33, 33, 33, 33, 33, 33, 33, 33, 33, 33, 33, 33, 33, 33, 33, 33, 33, 33, 33, 33, 33, 33, 33, 33, 33, 33, 33, 33, 33, 33, 33, 33, 33, 33, 33, 33, 33, 33, 33, 33, 33, 33, 33, 33, 33, 33, 33, 33, 33, 33, 33]",1,1.0,1,1.0,2.4570181400182896,2.1934138890752846,3.2725331670214017
1175,-115.2,-11.2,7.8,10.45,10.97,17.21,"[5, 5, 5, 5]","[40, 40, 40, 40, 40, 40, 40, 40, 40, 40, 40, 40, 40, 40, 40, 40, 40, 40, 40, 40, 40, 40, 40, 40, 40, 40, 40, 40, 40, 40, 40, 40, 40, 40, 40, 40, 40, 40, 40, 40, 40, 40, 40, 40, 40, 40, 40, 40, 40, 40, 40, 40, 40, 40, 40, 40, 40, 40, 40, 40, 40, 40, 40, 40]",1,1.0,1,1.0,4.746647875458415,3.363278018223466,5.488451257985077
1176,-114.7,-10.7,8.3,11.14,11.85,18.03,"[5, 5, 5, 5]","[40, 40, 40, 40, 40, 40, 40, 40, 40, 40, 40, 40, 40, 40, 40, 40, 40, 40, 40, 40, 40, 40, 40, 40, 40, 40, 40, 40, 40, 40, 40, 40, 40, 40, 40, 40, 40, 40, 40, 40, 40, 40, 40, 40, 40, 40, 40, 40, 40, 40, 40, 40, 40, 40, 40, 40, 40, 40, 25, 40, 40, 25, 40, 40]",1,1.0,2,1.0644490644490645,0.36019726410187397,3.9178730855830266,0.7173691617450475
1177,-136.3,-32.3,-13.3,2.91,3.02,8.39,"[0, 0, 0, 0]","[33, 33, 33, 33, 33, 33, 33, 33, 33, 33, 33, 33, 33, 33, 33, 33, 33, 33, 33, 33, 33, 33, 33, 33, 33, 33, 33, 33, 33, 33, 33, 33, 33, 33, 33, 33, 33, 33, 33, 33, 33, 33, 33, 33, 33, 33, 33, 33, 33, 33, 33, 33, 33, 33, 33, 33, 33, 33, 33, 33, 33, 33, 33, 33]",1,1.0,1,1.0,9.888353370769387,6.208560192114633,10.516129330454607
1178,-144.3,-40.3,-21.3,1.2,1.07,4.5,"[9, 9, 9, 9]","[57, 57, 57, 57, 57, 57, 57, 57, 57, 57, 57, 57, 57, 57, 57, 57, 57, 57, 57, 57, 57, 57, 57, 57, 57, 57, 57, 57, 57, 57, 57, 57, 57, 57, 57, 57, 57, 57, 57, 57, 57, 57, 57, 57, 57, 57, 57, 57, 57, 57, 57, 57, 57, 57, 57, 57, 57, 57, 57, 57, 57, 57, 57, 57]",1,1.0,1,1.0,8.121085226575845,4.045617706469581,7.242337107278225
1179,-150.0,-46.0,-27.0,0.36,0.34,2.81,"[5, 5, 5, 5]","[41, 41, 41, 41, 41, 41, 41, 41, 41, 41, 41, 41, 41, 41, 41, 41, 41, 41, 41, 41, 41, 41, 41, 41, 41, 41, 41, 41, 41, 41, 41, 41, 41, 41, 41, 41, 41, 41, 41, 41, 41, 41, 41, 41, 41, 41, 41, 41, 41, 41, 41, 41, 41, 41, 41, 41, 41, 41, 41, 41, 41, 41, 41, 41]",1,1.0,1,1.0,14.649366630150574,7.920269385648103,13.934351506682686
1180,-147.5,-43.5,-24.5,0.61,0.48,2.91,"[9, 9, 9, 9]","[1, 1, 1, 1, 1, 1, 1, 1, 1, 1, 1, 1, 1, 1, 1, 1, 1, 1, 1, 1, 1, 1, 1, 1, 1, 1, 1, 1, 1, 1, 1, 1, 1, 1, 1, 1, 1, 1, 1, 1, 1, 1, 1, 1, 1, 1, 1, 1, 1, 1, 1, 1, 1, 1, 1, 1, 1, 1, 1, 1, 1, 1, 1, 1]",1,1.0,1,1.0,10.232812560134889,4.815027130080126,8.713589038423157
1182,-122.5,-18.5,0.5,9.57,8.51,16.42,"[8, 8, 8, 8]","[10, 10, 10, 10, 10, 10, 10, 10, 10, 10, 10, 10, 10, 10, 10, 10, 10, 10, 10, 10, 10, 10, 10, 10, 10, 10, 10, 10, 10, 10, 10, 10, 10, 10, 10, 58, 58, 10, 10, 58, 10, 10, 58, 58, 58, 58, 10, 10, 10, 10, 58, 58, 58, 0, 10, 10, 10, 58, 58, 58, 58, 58, 10, 10]",1,1.0,3,1.6189723320158103,3.4954110618626735,8.09241259672032,6.417733441964721
1183,-130.4,-26.4,-7.4,4.94,4.59,13.38,"[9, 9, 9, 9]","[2, 2, 2, 2, 2, 2, 2, 2, 2, 2, 2, 2, 2, 2, 2, 2, 2, 2, 2, 2, 2, 2, 2, 2, 2, 2, 2, 2, 2, 2, 2, 2, 2, 2, 2, 2, 2, 2, 2, 2, 2, 2, 2, 2, 2, 2, 2, 2, 2, 2, 2, 2, 2, 2, 2, 2, 2, 2, 2, 2, 2, 2, 2, 2]",1,1.0,1,1.0,15.72919351945147,5.350515506616278,10.130936042326242
1185,-164.6,-60.6,-41.6,0.01,0.01,0.08,"[1, 1, 1, 1]","[24, 24, 24, 24, 24, 24, 24, 24, 24, 24, 24, 24, 24, 24, 24, 24, 24, 24, 24, 24, 24, 24, 24, 24, 24, 24, 24, 24, 24, 24, 24, 24, 24, 24, 24, 24, 24, 24, 24, 24, 24, 24, 24, 24, 24, 24, 24, 24, 24, 24, 24, 24, 24, 24, 24, 24, 24, 24, 24, 24, 24, 24, 24, 24]",1,1.0,1,1.0,0.549381214106789,2.159116295234706,1.06483255668548
1186,-154.2,-50.2,-31.2,0.19,0.1,1.31,"[9, 9, 9, 9]","[10, 10, 10, 10, 10, 10, 10, 10, 10, 10, 10, 10, 10, 10, 10, 10, 10, 10, 10, 10, 10, 10, 10, 10, 10, 10, 10, 10, 10, 10, 10, 10, 10, 10, 10, 10, 10, 10, 10, 10, 10, 10, 10, 10, 10, 10, 10, 10, 10, 10, 10, 10, 10, 10, 10, 10, 10, 10, 10, 10, 10, 10, 10, 10]",1,1.0,1,1.0,5.855473885958172,4.00080562909698,6.606716005710672
1187,-107.7,-3.7,15.3,13.32,14.94,22.63,"[0, 0, 0, 0]","[25, 25, 25, 25, 25, 25, 25, 25, 25, 25, 25, 25, 25, 25, 25, 25, 25, 25, 25, 25, 25, 25, 25, 25, 25, 25, 25, 25, 25, 25, 25, 25, 25, 25, 25, 25, 25, 25, 25, 25, 25, 25, 25, 25, 25, 25, 25, 25, 25, 25, 25, 25, 25, 25, 25, 25, 25, 25, 25, 25, 25, 25, 25, 25]",1,1.0,1,1.0,0.5111098188790139,4.082763688177406,1.0143025429545391
1188,-108.8,-4.8,14.2,13.92,14.56,21.66,"[0, 0, 0, 0]","[32, 32, 32, 32, 32, 32, 32, 32, 32, 32, 32, 32, 32, 32, 32, 32, 32, 32, 32, 32, 32, 32, 32, 32, 32, 32, 32, 32, 32, 32, 32, 32, 32, 32, 32, 32, 32, 32, 32, 32, 32, 16, 32, 32, 16, 16, 32, 16, 32, 32, 32, 32, 32, 32, 32, 32, 32, 32, 32, 32, 32, 32, 32, 32]",1,1.0,2,1.1327433628318584,0.24314204746147078,4.103590282001196,0.4854327401896008
1189,-138.1,-34.1,-15.1,2.5,2.24,6.65,"[1, 1, 1, 1]","[24, 24, 24, 24, 24, 24, 24, 24, 24, 24, 24, 24, 24, 24, 24, 24, 24, 24, 24, 24, 24, 24, 24, 24, 24, 24, 24, 24, 24, 24, 24, 24, 24, 24, 24, 24, 24, 24, 24, 24, 24, 24, 24, 24, 24, 24, 24, 24, 24, 24, 24, 24, 24, 24, 24, 24, 24, 24, 24, 24, 24, 24, 24, 24]",1,1.0,1,1.0,0.10785192871316149,1.3560120800380402,0.2150248069261744
1207,-96.5,7.5,26.5,17.65,15.47,22.65,"[3, 3, 3, 3]","[24, 24, 24, 24, 24, 24, 24, 24, 24, 24, 24, 24, 24, 24, 24, 24, 24, 24, 24, 24, 24, 24, 24, 24, 24, 24, 24, 24, 24, 24, 24, 24, 24, 24, 24, 24, 24, 24, 24, 24, 24, 30, 30, 24, 24, 24, 30, 24, 24, 24, 24, 24, 30, 24, 24, 24, 24, 24, 24, 24, 24, 24, 24, 34]",1,1.0,3,1.1709548313321898,10.853513014542283,8.582427976351612,13.464030287023409
1208,-96.6,7.4,26.4,17.79,16.5,25.31,"[15, 15, 15, 15]","[32, 32, 32, 32, 32, 32, 32, 32, 32, 32, 32, 32, 32, 32, 32, 32, 30, 30, 30, 30, 32, 32, 32, 32, 30, 30, 30, 30, 32, 32, 32, 32, 32, 32, 30, 32, 30, 30, 32, 30, 30, 30, 30, 30, 32, 30, 32, 30, 30, 30, 32, 32, 32, 30, 32, 32, 32, 30, 32, 32, 32, 30, 30, 32]",1,1.0,2,1.8823529411764706,4.620825742482695,8.337069673128058,8.083130897974563
1209,-98.0,6.0,25.0,16.77,14.81,23.01,"[3, 3, 3, 3]","[31, 31, 31, 31, 31, 31, 31, 31, 31, 31, 31, 31, 31, 31, 31, 31, 31, 31, 31, 31, 31, 31, 31, 31, 31, 31, 31, 31, 31, 31, 31, 31, 31, 31, 31, 31, 31, 31, 31, 38, 31, 31, 31, 31, 31, 31, 31, 31, 31, 31, 31, 47, 31, 31, 31, 47, 31, 38, 24, 31, 31, 47, 31, 31]",1,1.0,4,1.2125518058022497,2.8424164510510592,6.517564643933296,5.210845461958428
1210,-113.9,-9.9,9.1,12.01,12.52,19.08,"[5, 5, 5, 5]","[40, 40, 40, 40, 40, 40, 40, 40, 40, 40, 40, 40, 40, 40, 40, 40, 40, 40, 40, 40, 40, 40, 40, 40, 40, 40, 40, 40, 40, 40, 40, 40, 40, 40, 40, 40, 40, 40, 40, 40, 40, 40, 40, 40, 40, 40, 40, 40, 40, 40, 40, 40, 40, 40, 40, 40, 40, 34, 40, 40, 40, 40, 40, 40]",1,1.0,2,1.0317380352644836,1.6478604483842172,3.555666962139975,2.990206482574411
1211,-115.6,-11.6,7.4,10.7,10.97,19.71,"[1, 1, 1, 1]","[33, 33, 33, 33, 33, 33, 33, 33, 33, 33, 33, 33, 33, 33, 33, 33, 33, 33, 33, 33, 33, 33, 33, 33, 33, 33, 33, 33, 33, 33, 33, 33, 33, 33, 33, 33, 33, 33, 33, 33, 33, 33, 33, 33, 33, 33, 33, 33, 33, 33, 33, 33, 33, 33, 33, 33, 33, 33, 33, 33, 33, 33, 33, 33]",1,1.0,1,1.0,2.6304809718133275,5.08847924155146,4.673437914300975
1212,-114.2,-10.2,8.8,10.85,11.07,17.43,"[5, 5, 5, 5]","[40, 40, 40, 40, 40, 40, 40, 40, 40, 40, 40, 40, 40, 40, 40, 40, 40, 40, 40, 40, 40, 40, 40, 40, 40, 40, 40, 40, 40, 40, 40, 40, 40, 40, 40, 40, 40, 40, 40, 40, 40, 40, 40, 40, 40, 40, 40, 40, 40, 40, 40, 40, 40, 40, 40, 40, 40, 40, 40, 40, 40, 40, 40, 40]",1,1.0,1,1.0,2.6845293149932643,7.1641021771856845,5.027669624834749
1213,-116.2,-12.2,6.8,10.86,11.95,21.08,"[0, 0, 0, 0]","[32, 32, 32, 32, 32, 32, 32, 32, 32, 32, 32, 32, 32, 32, 32, 32, 32, 32, 32, 32, 32, 32, 32, 32, 32, 32, 32, 32, 32, 32, 32, 32, 32, 32, 32, 32, 32, 32, 32, 32, 32, 32, 32, 32, 32, 32, 32, 32, 32, 32, 32, 32, 32, 32, 32, 32, 32, 32, 32, 32, 32, 32, 32, 32]",1,1.0,1,1.0,3.749275263363951,6.616624458712207,6.523966754545522
1214,-116.4,-12.4,6.6,10.68,10.49,19.56,"[1, 1, 1, 1]","[33, 33, 33, 33, 33, 33, 33, 33, 33, 33, 33, 33, 33, 33, 33, 33, 33, 33, 33, 33, 33, 33, 33, 33, 33, 33, 33, 33, 33, 33, 33, 33, 33, 33, 33, 33, 33, 33, 33, 33, 33, 33, 33, 33, 33, 33, 33, 33, 33, 33, 33, 33, 33, 33, 33, 33, 33, 33, 33, 33, 33, 33, 33, 33]",1,1.0,1,1.0,0.18636671562650617,4.493699796772757,0.37241329331430656
1215,-135.3,-31.3,-12.3,3.49,2.95,6.51,"[1, 1, 1, 1]","[25, 25, 25, 25, 25, 25, 25, 25, 25, 25, 25, 25, 25, 25, 25, 25, 25, 25, 25, 25, 25, 25, 25, 25, 25, 25, 25, 25, 25, 25, 25, 25, 25, 25, 25, 25, 25, 25, 25, 25, 25, 25, 25, 25, 25, 25, 25, 25, 25, 25, 25, 25, 25, 25, 25, 25, 25, 25, 25, 25, 25, 25, 25, 25]",1,1.0,1,1.0,0.3094966757983485,3.334300634587936,0.6163438566959607
1216,-138.2,-34.2,-15.2,2.49,2.49,5.96,"[0, 0, 0, 0]","[40, 40, 40, 40, 40, 40, 40, 40, 40, 40, 40, 40, 40, 40, 40, 40, 40, 40, 40, 40, 40, 40, 40, 40, 40, 40, 40, 40, 40, 40, 40, 40, 40, 40, 40, 40, 40, 40, 40, 40, 40, 40, 40, 40, 40, 25, 40, 40, 40, 40, 40, 25, 40, 25, 40, 25, 40, 40, 40, 40, 40, 25, 40, 40]",1,1.0,2,1.168282943525385,13.90933995474509,6.20255284150804,11.329685471573816
1217,,,,0.0,0.0,0.0,"[0, 0, 0, 0]","[0, 0, 0, 0, 0, 0, 0, 0, 0, 0, 0, 0, 0, 0, 0, 0, 0, 0, 0, 0, 0, 0, 0, 0, 0, 0, 0, 0, 0, 0, 0, 0, 0, 0, 0, 0, 0, 0, 0, 0, 0, 0, 0, 0, 0, 0, 0, 0, 0, 0, 0, 0, 0, 0, 0, 0, 0, 0, 0, 0, 0, 0, 0, 0]",1,1.0,1,1.0,4.9183932454108445,4.246706790321709,6.42865505608901
1218,-134.7,-30.7,-11.7,3.37,3.32,7.02,"[0, 0, 0, 0]","[40, 40, 40, 40, 40, 40, 40, 40, 40, 40, 40, 40, 40, 40, 40, 40, 40, 40, 40, 40, 40, 40, 40, 40, 40, 40, 40, 40, 40, 40, 40, 40, 40, 40, 40, 40, 40, 40, 40, 40, 40, 40, 40, 40, 40, 40, 40, 40, 40, 40, 40, 40, 40, 40, 40, 40, 40, 40, 40, 40, 40, 40, 40, 40]",1,1.0,1,1.0,0.3247906759474265,2.14480041298089,0.6422590946130444
1219,-137.3,-33.3,-14.3,2.67,2.38,6.29,"[1, 1, 1, 1]","[41, 41, 41, 41, 41, 41, 41, 41, 41, 41, 41, 41, 41, 41, 41, 41, 41, 41, 41, 41, 41, 41, 41, 41, 41, 41, 41, 41, 41, 41, 41, 41, 41, 41, 41, 41, 41, 41, 41, 41, 41, 41, 41, 41, 41, 41, 41, 25, 41, 41, 41, 41, 41, 41, 41, 25, 41, 41, 41, 41, 41, 41, 41, 41]",1,1.0,2,1.0644490644490645,0.3628806101374768,2.006396005941468,0.7141745190636224
1220,-149.7,-45.7,-26.7,0.49,0.32,2.79,"[1, 1, 1, 1]","[33, 33, 33, 33, 33, 33, 33, 33, 33, 33, 33, 33, 33, 33, 33, 33, 33, 33, 33, 33, 33, 33, 33, 33, 33, 33, 33, 33, 33, 33, 33, 33, 33, 33, 33, 33, 33, 33, 33, 33, 33, 33, 33, 33, 33, 33, 33, 33, 33, 33, 33, 33, 33, 33, 33, 33, 33, 33, 33, 33, 33, 33, 33, 33]",1,1.0,1,1.0,0.9151103319873596,2.0682332481098715,1.67370720145036
1221,,,,0.0,0.0,0.0,"[0, 0, 0, 0]","[0, 0, 0, 0, 0, 0, 0, 0, 0, 0, 0, 0, 0, 0, 0, 0, 0, 0, 0, 0, 0, 0, 0, 0, 0, 0, 0, 0, 0, 0, 0, 0, 0, 0, 0, 0, 0, 0, 0, 0, 0, 0, 0, 0, 0, 0, 0, 0, 0, 0, 0, 0, 0, 0, 0, 0, 0, 0, 0, 0, 0, 0, 0, 0]",1,1.0,1,1.0,2.7183907709739223,1.8531362034239258,3.062387214173377
1222,-170.2,-66.2,-47.2,0.01,0.0,0.18,"[4, 4, 4, 4]","[9, 9, 9, 9, 9, 9, 9, 9, 9, 9, 9, 9, 9, 9, 9, 9, 9, 9, 9, 9, 9, 9, 9, 9, 9, 9, 9, 9, 9, 9, 9, 9, 9, 9, 9, 9, 9, 9, 9, 9, 9, 9, 9, 9, 9, 9, 9, 9, 9, 9, 9, 9, 9, 9, 9, 9, 9, 9, 9, 9, 9, 9, 9, 9]",1,1.0,1,1.0,2.2919154684029683,4.836625520719628,4.1422890698807615
1223,-152.8,-48.8,-29.8,0.26,0.13,1.89,"[3, 3, 3, 3]","[24, 24, 24, 24, 24, 24, 24, 24, 24, 24, 24, 24, 24, 24, 24, 24, 24, 24, 24, 24, 24, 24, 24, 24, 24, 24, 24, 24, 24, 24, 24, 24, 24, 24, 24, 24, 24, 24, 24, 24, 24, 24, 24, 24, 24, 24, 24, 24, 24, 24, 24, 24, 24, 24, 24, 24, 24, 24, 24, 24, 24, 24, 24, 24]",1,1.0,1,1.0,1.3080836460937593,3.1379451880850584,2.4147579254329585
1224,-150.2,-46.2,-27.2,0.44,0.24,2.52,"[8, 8, 8, 8]","[9, 9, 9, 9, 9, 9, 9, 9, 9, 9, 9, 9, 9, 9, 9, 9, 9, 9, 9, 9, 9, 9, 9, 9, 9, 9, 9, 9, 9, 9, 9, 9, 9, 9, 9, 9, 9, 9, 9, 9, 9, 9, 9, 9, 9, 9, 9, 9, 9, 9, 9, 9, 9, 9, 9, 9, 9, 9, 9, 9, 9, 9, 9, 9]",1,1.0,1,1.0,8.132588638079383,6.417982605495124,10.076223369277745
1225,-164.7,-60.7,-41.7,0.01,0.01,0.21,"[5, 5, 5, 5]","[16, 16, 16, 16, 16, 16, 16, 16, 16, 16, 16, 16, 16, 16, 16, 16, 16, 16, 16, 16, 16, 16, 16, 16, 16, 16, 16, 16, 16, 16, 16, 16, 16, 16, 16, 16, 16, 16, 16, 16, 16, 16, 16, 16, 16, 16, 16, 16, 16, 16, 16, 16, 16, 16, 16, 16, 16, 16, 16, 16, 16, 16, 16, 16]",1,1.0,1,1.0,0.6060879328668194,2.363004639263807,1.174168325522824
1226,-153.7,-49.7,-30.7,0.22,0.19,1.89,"[4, 4, 4, 4]","[10, 10, 10, 10, 10, 10, 10, 10, 10, 10, 10, 10, 10, 10, 10, 10, 10, 10, 10, 10, 10, 10, 10, 10, 10, 10, 10, 10, 10, 10, 10, 10, 10, 10, 10, 10, 10, 10, 10, 10, 10, 10, 10, 10, 10, 10, 10, 10, 10, 10, 10, 10, 10, 10, 10, 10, 10, 10, 10, 10, 10, 10, 10, 10]",1,1.0,1,1.0,5.348284566559511,4.6900417459561865,7.052501845924343
1227,-112.3,-8.3,10.7,10.95,11.94,20.27,"[4, 4, 4, 4]","[24, 24, 24, 24, 24, 24, 24, 24, 24, 24, 24, 24, 24, 24, 24, 24, 24, 24, 24, 24, 24, 24, 24, 24, 24, 24, 24, 24, 24, 24, 24, 24, 24, 24, 24, 24, 24, 24, 24, 24, 24, 24, 24, 24, 24, 24, 24, 24, 24, 24, 24, 24, 24, 24, 24, 24, 24, 24, 24, 24, 24, 24, 24, 24]",1,1.0,1,1.0,0.11909052392851414,1.3686863480083356,0.23728451488093463
1228,-126.0,-22.0,-3.0,6.53,6.46,10.83,"[4, 4, 4, 4]","[17, 17, 17, 17, 17, 17, 17, 17, 17, 17, 17, 17, 17, 17, 17, 17, 17, 17, 17, 17, 17, 17, 17, 17, 17, 17, 17, 33, 33, 17, 17, 17, 17, 17, 33, 17, 17, 17, 33, 17, 17, 17, 33, 17, 17, 23, 39, 23, 17, 17, 33, 17, 39, 23, 17, 17, 17, 17, 17, 33, 23, 39, 23, 17]",1,1.0,4,1.6489533011272142,0.8931653298326319,3.9180707006400124,1.741650478179016
1229,-136.9,-32.9,-13.9,2.76,2.34,6.64,"[5, 5, 5, 5]","[24, 24, 24, 24, 24, 24, 24, 24, 24, 24, 24, 24, 24, 24, 24, 24, 24, 24, 24, 24, 24, 24, 24, 24, 24, 24, 24, 24, 24, 24, 24, 24, 24, 24, 24, 24, 24, 24, 24, 24, 24, 24, 24, 24, 24, 24, 24, 24, 24, 24, 24, 24, 24, 24, 24, 24, 24, 24, 24, 24, 24, 24, 24, 24]",1,1.0,1,1.0,0.11566822321708312,1.2539243056854512,0.23035844678325215
1247,-98.3,5.7,24.7,19.61,17.69,28.91,"[12, 12, 12, 12]","[31, 31, 31, 31, 31, 31, 31, 31, 31, 31, 31, 31, 31, 31, 31, 31, 31, 31, 31, 31, 31, 31, 31, 31, 31, 31, 31, 31, 31, 31, 31, 31, 31, 31, 31, 31, 31, 31, 31, 31, 31, 31, 31, 31, 31, 31, 31, 31, 31, 31, 40, 15, 31, 31, 31, 31, 31, 40, 31, 31, 46, 46, 31, 31]",1,1.0,4,1.1736389684813753,8.360033285045017,7.174736541835472,10.88914172458433
1248,-98.6,5.4,24.4,27.62,24.68,36.43,"[3, 3, 3, 1]","[24, 56, 24, 56, 24, 56, 56, 56, 56, 24, 24, 24, 24, 56, 56, 56, 56, 56, 24, 24, 24, 56, 56, 56, 56, 56, 24, 24, 24, 56, 56, 56, 56, 56, 24, 24, 24, 24, 56, 56, 24, 24, 24, 24, 24, 56, 56, 56, 56, 56, 56, 56, 56, 56, 56, 56, 56, 56, 56, 56, 56, 56, 56, 56]",2,1.6,2,1.8220640569395017,2.5555543982277844,5.781148642232886,4.674735846073849
1249,-140.3,-36.3,-17.3,1.99,1.59,4.6,"[1, 1, 1, 1]","[40, 40, 40, 40, 40, 40, 40, 40, 40, 40, 40, 40, 40, 40, 40, 40, 40, 40, 40, 40, 40, 40, 40, 40, 40, 40, 40, 40, 40, 40, 40, 40, 40, 40, 40, 40, 40, 40, 40, 40, 40, 40, 40, 40, 40, 40, 40, 40, 40, 40, 40, 40, 40, 40, 40, 40, 40, 40, 40, 40, 40, 40, 40, 40]",1,1.0,1,1.0,20.679027714626447,5.931631778170911,11.403406238763145
1250,-137.8,-33.8,-14.8,2.62,2.18,6.42,"[1, 1, 1, 1]","[41, 41, 41, 41, 41, 41, 41, 41, 41, 41, 41, 41, 41, 41, 41, 41, 41, 41, 41, 41, 41, 41, 41, 41, 41, 41, 41, 41, 41, 41, 41, 41, 41, 41, 41, 41, 41, 41, 41, 41, 41, 41, 41, 41, 41, 41, 41, 41, 41, 41, 41, 41, 41, 41, 41, 41, 41, 41, 41, 41, 41, 41, 41, 41]",1,1.0,1,1.0,9.247970620684455,8.20530711228823,12.275400737556941
1251,-116.0,-12.0,7.0,10.44,10.42,19.16,"[5, 5, 5, 5]","[32, 32, 32, 32, 32, 32, 32, 32, 32, 32, 32, 32, 32, 32, 32, 32, 32, 32, 32, 32, 32, 32, 32, 32, 32, 32, 32, 32, 32, 32, 32, 32, 32, 32, 32, 32, 32, 32, 32, 32, 32, 32, 32, 32, 32, 32, 32, 32, 32, 32, 32, 32, 32, 32, 32, 32, 32, 32, 32, 32, 32, 32, 32, 32]",1,1.0,1,1.0,1.9606425402998098,4.469048161887389,3.5909088829146523
1252,-117.4,-13.4,5.6,9.61,11.08,19.5,"[0, 0, 0, 0]","[32, 32, 32, 32, 32, 32, 32, 32, 32, 32, 32, 32, 32, 32, 32, 32, 32, 32, 32, 32, 32, 32, 32, 32, 32, 32, 32, 32, 32, 32, 32, 32, 32, 32, 32, 32, 32, 32, 32, 32, 32, 32, 32, 32, 32, 32, 32, 32, 32, 32, 32, 32, 32, 32, 32, 32, 32, 32, 32, 32, 32, 32, 32, 32]",1,1.0,1,1.0,3.7463650225841074,6.669095435101852,6.532572401005428
1253,,,,0.0,0.0,0.0,"[0, 0, 0, 0]","[0, 0, 0, 0, 0, 0, 0, 0, 0, 0, 0, 0, 0, 0, 0, 0, 0, 0, 0, 0, 0, 0, 0, 0, 0, 0, 0, 0, 0, 0, 0, 0, 0, 0, 0, 0, 0, 0, 0, 0, 0, 0, 0, 0, 0, 0, 0, 0, 0, 0, 0, 0, 0, 0, 0, 0, 0, 0, 0, 0, 0, 0, 0, 0]",1,1.0,1,1.0,2.8635235111338617,2.53183447533077,3.793513667325301
1254,-138.9,-34.9,-15.9,2.3,2.24,5.54,"[0, 0, 0, 0]","[40, 40, 40, 40, 40, 40, 40, 40, 40, 40, 40, 40, 40, 40, 40, 40, 40, 40, 40, 40, 40, 40, 40, 40, 40, 40, 40, 40, 40, 40, 40, 40, 40, 40, 40, 40, 40, 40, 40, 40, 40, 40, 40, 40, 40, 40, 40, 40, 40, 40, 40, 40, 40, 40, 40, 40, 40, 40, 40, 40, 40, 40, 40, 40]",1,1.0,1,1.0,15.506457272877784,7.0636404737422165,12.856235468289848
1255,-137.7,-33.7,-14.7,2.56,2.58,7.16,"[0, 0, 0, 0]","[32, 32, 32, 32, 32, 32, 32, 32, 32, 32, 32, 32, 32, 32, 32, 32, 32, 32, 32, 32, 32, 32, 32, 32, 32, 32, 32, 32, 32, 32, 32, 32, 32, 32, 32, 32, 32, 32, 32, 32, 32, 32, 32, 32, 32, 32, 32, 32, 32, 32, 32, 32, 32, 32, 32, 32, 32, 32, 32, 32, 32, 32, 32, 32]",1,1.0,1,1.0,1.2295245531528516,7.576612903550023,2.427296047346108
1256,-136.3,-32.3,-13.3,3.02,2.9,9.19,"[5, 5, 5, 5]","[41, 25, 41, 41, 25, 41, 25, 41, 41, 25, 41, 25, 41, 41, 41, 41, 41, 41, 41, 41, 41, 41, 41, 41, 41, 41, 41, 41, 41, 41, 41, 41, 41, 41, 41, 41, 41, 41, 41, 41, 41, 41, 41, 41, 41, 41, 41, 41, 41, 41, 41, 41, 41, 41, 41, 41, 41, 41, 41, 41, 41, 41, 41, 41]",1,1.0,2,1.168282943525385,0.4291047788755748,2.939420126498012,0.84920852811075
1257,-136.0,-32.0,-13.0,3.12,2.87,8.19,"[5, 5, 5, 5]","[41, 25, 41, 25, 41, 25, 41, 25, 25, 41, 25, 41, 25, 41, 25, 41, 41, 41, 41, 41, 41, 57, 41, 57, 41, 57, 41, 41, 57, 41, 57, 57, 57, 41, 41, 57, 41, 41, 57, 41, 41, 41, 57, 41, 41, 57, 41, 41, 41, 57, 41, 41, 41, 41, 41, 57, 57, 41, 41, 57, 41, 41, 41, 41]",1,1.0,3,2.0791878172588834,0.4078524147261356,2.6544044092552017,0.806243175271606
1258,-135.8,-31.8,-12.8,3.05,2.98,7.98,"[0, 0, 0, 0]","[32, 32, 32, 32, 32, 32, 32, 32, 32, 32, 32, 32, 32, 32, 32, 32, 32, 32, 32, 32, 32, 32, 32, 32, 32, 32, 32, 32, 32, 32, 32, 32, 32, 32, 32, 32, 32, 32, 32, 32, 32, 32, 32, 32, 32, 32, 32, 32, 32, 32, 32, 32, 32, 32, 32, 32, 32, 32, 32, 32, 32, 32, 32, 32]",1,1.0,1,1.0,0.3693505716348079,2.6179315999786326,0.7314572058297103
1259,-146.0,-42.0,-23.0,0.96,0.63,3.17,"[9, 9, 9, 9]","[58, 58, 58, 58, 58, 58, 58, 58, 58, 58, 58, 58, 58, 58, 58, 58, 58, 58, 58, 58, 58, 58, 58, 58, 58, 58, 58, 58, 58, 58, 58, 58, 58, 58, 58, 58, 58, 58, 58, 58, 58, 58, 58, 58, 58, 58, 58, 58, 58, 58, 58, 58, 58, 58, 58, 58, 58, 58, 58, 58, 58, 58, 58, 58]",1,1.0,1,1.0,1.1362009887585782,9.309684635371715,2.255665010919185
1260,-137.3,-33.3,-14.3,2.71,2.8,7.68,"[4, 4, 4, 4]","[33, 33, 33, 33, 33, 33, 33, 33, 33, 33, 33, 33, 33, 33, 33, 33, 33, 33, 33, 33, 33, 33, 33, 33, 33, 33, 33, 33, 33, 33, 33, 33, 33, 33, 33, 33, 33, 33, 33, 33, 33, 33, 33, 33, 33, 33, 33, 33, 33, 33, 33, 33, 33, 33, 33, 33, 33, 33, 33, 33, 33, 33, 33, 33]",1,1.0,1,1.0,0.23699775104480666,1.9395537373761977,0.4704960607583482
1261,-138.4,-34.4,-15.4,2.37,2.06,6.79,"[1, 1, 1, 1]","[32, 32, 32, 32, 32, 32, 32, 32, 32, 32, 32, 32, 32, 32, 32, 32, 32, 32, 32, 32, 32, 32, 32, 32, 32, 32, 32, 32, 32, 32, 32, 32, 32, 32, 32, 32, 32, 32, 32, 32, 32, 32, 32, 32, 32, 32, 32, 32, 32, 32, 32, 32, 32, 32, 32, 32, 32, 32, 32, 32, 32, 32, 32, 32]",1,1.0,1,1.0,0.19692807527461076,1.63770917042272,0.39103925568123393
1262,-168.9,-64.9,-45.9,0.01,0.0,0.08,"[9, 1, 1, 1]","[17, 17, 17, 17, 17, 17, 17, 17, 17, 17, 17, 17, 17, 17, 17, 17, 17, 17, 17, 17, 17, 17, 17, 17, 17, 17, 17, 17, 17, 17, 17, 17, 17, 17, 17, 17, 17, 17, 17, 17, 17, 17, 17, 17, 17, 17, 17, 17, 17, 17, 17, 17, 17, 17, 17, 17, 17, 17, 17, 17, 17, 17, 17, 17]",2,1.6,1,1.0,1.3453134475118511,3.190487769971115,2.479234606506935
1263,-108.3,-4.3,14.7,13.55,14.4,21.99,"[5, 5, 5, 5]","[32, 32, 32, 32, 32, 32, 32, 32, 32, 32, 32, 32, 32, 32, 32, 32, 32, 32, 32, 32, 32, 32, 32, 32, 32, 32, 32, 32, 32, 32, 32, 32, 32, 32, 32, 32, 32, 32, 32, 32, 32, 32, 32, 32, 32, 32, 32, 32, 32, 32, 32, 32, 32, 32, 32, 32, 32, 32, 32, 32, 32, 32, 32, 32]",1,1.0,1,1.0,0.12976458175778785,1.5326504355862218,0.25860392222367157
1264,-168.1,-64.1,-45.1,0.01,0.0,0.12,"[4, 4, 4, 4]","[16, 16, 16, 16, 16, 16, 16, 16, 16, 16, 16, 16, 16, 16, 16, 16, 16, 16, 16, 16, 16, 16, 16, 16, 16, 16, 16, 16, 16, 16, 16, 16, 16, 16, 16, 16, 16, 16, 16, 16, 16, 16, 16, 16, 16, 16, 16, 16, 16, 16, 16, 16, 16, 16, 16, 16, 16, 16, 16, 16, 16, 16, 16, 16]",1,1.0,1,1.0,1.678009284018856,4.519795876779577,3.1461919941318643
1265,-165.1,-61.1,-42.1,0.01,0.01,0.24,"[9, 9, 9, 9]","[9, 9, 9, 9, 9, 9, 9, 9, 9, 9, 9, 9, 9, 9, 9, 9, 9, 9, 9, 9, 9, 9, 9, 9, 9, 9, 9, 9, 9, 9, 9, 9, 9, 9, 9, 9, 9, 9, 9, 9, 9, 9, 9, 9, 9, 9, 9, 9, 9, 9, 9, 9, 9, 9, 9, 9, 9, 9, 9, 9, 9, 9, 9, 9]",1,1.0,1,1.0,0.7896834556580232,3.0988903173949387,1.5304566498439434
1266,-107.7,-3.7,15.3,13.76,14.34,22.74,"[1, 1, 1, 1]","[24, 24, 24, 24, 24, 24, 24, 24, 24, 24, 24, 24, 24, 24, 24, 24, 24, 24, 24, 24, 24, 24, 24, 24, 24, 24, 24, 24, 24, 24, 24, 24, 24, 24, 24, 24, 24, 24, 24, 24, 24, 24, 24, 24, 24, 24, 24, 24, 24, 24, 24, 24, 24, 24, 24, 24, 24, 24, 24, 24, 24, 24, 24, 24]",1,1.0,1,1.0,0.17352330758715628,1.8745371750835078,0.34556919115959633
1267,-155.0,-51.0,-32.0,0.16,0.09,1.31,"[0, 0, 0, 0]","[10, 10, 10, 10, 10, 10, 10, 10, 10, 10, 10, 10, 10, 10, 10, 10, 10, 10, 10, 10, 10, 10, 10, 10, 10, 10, 10, 10, 10, 10, 10, 10, 10, 10, 10, 10, 10, 10, 10, 10, 10, 10, 10, 10, 10, 10, 10, 10, 10, 10, 10, 10, 10, 10, 10, 10, 10, 10, 10, 10, 10, 10, 10, 10]",1,1.0,1,1.0,5.972341920700946,9.578480909628194,10.13582335453196
1268,-135.0,-31.0,-12.0,3.25,2.94,8.57,"[5, 5, 5, 5]","[32, 32, 32, 32, 32, 32, 32, 32, 32, 32, 32, 32, 32, 32, 32, 32, 32, 32, 32, 32, 32, 32, 32, 32, 32, 32, 32, 32, 32, 32, 32, 32, 32, 32, 32, 32, 32, 32, 32, 32, 32, 32, 32, 32, 32, 32, 32, 32, 32, 32, 32, 32, 32, 32, 32, 32, 32, 32, 32, 32, 32, 32, 32, 32]",1,1.0,1,1.0,0.18259188959743716,2.49236374244579,0.3642077165159831
1269,-135.5,-31.5,-12.5,3.3,3.18,9.08,"[4, 4, 4, 4]","[25, 25, 25, 25, 25, 25, 25, 25, 25, 25, 25, 25, 25, 25, 25, 25, 25, 25, 25, 25, 25, 25, 25, 25, 25, 25, 25, 25, 25, 25, 25, 25, 25, 25, 25, 25, 25, 25, 25, 25, 25, 25, 25, 25, 25, 25, 25, 25, 25, 25, 25, 25, 25, 25, 25, 25, 25, 25, 25, 25, 25, 25, 25, 25]",1,1.0,1,1.0,0.6727780696175659,5.112468941711686,1.3340545523661813
1277,-144.2,-40.2,-21.2,1.2,1.02,4.27,"[5, 5, 5, 5]","[32, 32, 32, 32, 32, 32, 32, 32, 32, 32, 32, 32, 32, 32, 32, 32, 32, 32, 32, 32, 32, 32, 32, 32, 32, 32, 32, 32, 32, 32, 32, 32, 32, 32, 32, 32, 32, 32, 32, 32, 32, 32, 32, 32, 32, 32, 32, 32, 32, 32, 32, 32, 32, 32, 32, 32, 32, 32, 32, 32, 32, 32, 32, 32]",1,1.0,1,1.0,0.3213017491983952,1.3358334297616603,0.6247849256792538
1280,-170.3,-66.3,-47.3,0.0,0.0,0.07,"[9, 9, 9, 9]","[24, 24, 24, 24, 24, 24, 24, 24, 24, 24, 24, 24, 24, 24, 24, 24, 24, 24, 24, 24, 24, 24, 24, 24, 24, 24, 24, 24, 24, 24, 24, 24, 24, 24, 24, 24, 24, 24, 24, 24, 24, 24, 24, 24, 24, 24, 24, 24, 24, 24, 24, 24, 24, 24, 24, 24, 24, 24, 24, 24, 24, 24, 24, 24]",1,1.0,1,1.0,0.3770663994294325,1.477070508037644,0.7306995001493514
1287,-100.6,3.4,22.4,31.26,30.77,41.94,"[0, 0, 0, 0]","[31, 56, 31, 56, 31, 56, 31, 56, 56, 56, 31, 31, 31, 31, 31, 56, 56, 56, 31, 56, 31, 56, 56, 56, 31, 31, 31, 31, 31, 56, 56, 56, 31, 31, 31, 56, 31, 56, 56, 31, 31, 31, 31, 31, 56, 56, 31, 31, 31, 31, 31, 31, 56, 31, 31, 31, 31, 31, 31, 31, 31, 31, 31, 31]",1,1.0,2,1.8220640569395017,6.233738205555464,7.335580310644929,9.50042228481846
1288,-102.3,1.7,20.7,22.23,21.57,33.44,"[0, 0, 0, 0]","[39, 39, 39, 39, 39, 39, 39, 41, 41, 41, 39, 39, 39, 39, 41, 41, 41, 39, 39, 39, 39, 39, 39, 39, 39, 39, 39, 39, 39, 39, 39, 39, 39, 39, 39, 39, 39, 39, 39, 39, 39, 39, 39, 39, 39, 39, 39, 39, 39, 39, 39, 39, 39, 41, 41, 39, 41, 39, 39, 39, 39, 41, 39, 39]",1,1.0,2,1.3580901856763925,2.127031305091712,4.11195827656641,3.77847484257086
1289,-116.8,-12.8,6.2,9.8,10.85,20.66,"[4, 4, 4, 4]","[33, 33, 33, 33, 33, 33, 33, 33, 33, 33, 33, 33, 33, 33, 33, 33, 33, 33, 33, 33, 33, 33, 33, 33, 33, 33, 33, 33, 33, 33, 33, 33, 33, 33, 33, 33, 33, 33, 33, 33, 33, 33, 33, 33, 33, 33, 33, 33, 33, 33, 33, 33, 33, 33, 33, 33, 33, 33, 33, 33, 33, 33, 33, 33]",1,1.0,1,1.0,2.072756157339028,4.783552159161816,3.803771924253046
1290,-140.4,-36.4,-17.4,1.96,1.61,5.29,"[1, 1, 1, 1]","[32, 32, 32, 32, 32, 32, 32, 32, 32, 32, 32, 32, 32, 32, 32, 32, 32, 32, 32, 32, 32, 32, 32, 32, 32, 32, 32, 32, 32, 32, 32, 32, 32, 32, 32, 32, 32, 32, 32, 32, 32, 32, 32, 32, 32, 32, 32, 32, 32, 32, 32, 32, 32, 32, 32, 32, 32, 32, 32, 32, 32, 32, 32, 32]",1,1.0,1,1.0,15.560836123097534,6.771014247719962,12.417402892070426
1291,-115.3,-11.3,7.7,9.99,8.86,12.45,"[12, 12, 12, 12]","[15, 15, 15, 15, 15, 15, 15, 15, 15, 15, 15, 15, 15, 15, 15, 15, 15, 15, 15, 15, 15, 15, 15, 15, 15, 15, 15, 15, 15, 15, 15, 15, 15, 15, 15, 15, 15, 15, 15, 15, 15, 15, 15, 15, 15, 15, 15, 15, 15, 15, 15, 15, 15, 15, 15, 15, 15, 15, 15, 15, 15, 15, 15, 15]",1,1.0,1,1.0,1.1598514990329534,5.026644677236778,2.2603123078300156
1292,-139.8,-35.8,-16.8,2.03,2.21,7.24,"[4, 4, 4, 4]","[33, 33, 33, 33, 33, 33, 33, 33, 33, 33, 33, 33, 33, 33, 33, 33, 33, 33, 33, 33, 33, 33, 33, 33, 33, 33, 33, 33, 33, 33, 33, 33, 33, 33, 33, 33, 33, 33, 33, 33, 33, 33, 33, 33, 33, 33, 33, 33, 33, 33, 33, 33, 33, 33, 33, 33, 33, 33, 33, 33, 33, 33, 33, 33]",1,1.0,1,1.0,7.606199407392685,6.011431880041582,9.432594208769915
1293,-153.7,-49.7,-30.7,0.22,0.12,1.33,"[5, 5, 5, 5]","[40, 40, 40, 40, 40, 40, 40, 40, 40, 40, 40, 40, 40, 40, 40, 40, 40, 40, 40, 40, 40, 40, 40, 40, 40, 40, 40, 40, 40, 40, 40, 40, 40, 40, 40, 40, 40, 40, 40, 40, 40, 40, 40, 40, 40, 40, 40, 40, 40, 40, 40, 40, 40, 40, 40, 40, 40, 40, 40, 40, 40, 40, 40, 40]",1,1.0,1,1.0,0.8000700609048516,1.9102339897940404,1.4759144801980588
1294,-142.5,-38.5,-19.5,1.47,1.35,4.4,"[5, 5, 5, 5]","[40, 40, 40, 40, 40, 40, 40, 40, 40, 40, 40, 40, 40, 40, 40, 40, 40, 40, 40, 40, 40, 40, 40, 40, 40, 40, 40, 40, 40, 40, 40, 40, 40, 40, 40, 40, 40, 40, 40, 40, 40, 40, 40, 40, 40, 40, 40, 40, 40, 40, 40, 40, 40, 40, 40, 40, 40, 40, 40, 40, 40, 40, 40, 40]",1,1.0,1,1.0,14.305304687006943,6.8121843147884515,12.300859647841834
1295,-170.2,-66.2,-47.2,0.01,0.0,0.07,"[8, 8, 8, 8]","[47, 47, 47, 47, 47, 47, 47, 47, 47, 47, 47, 47, 47, 47, 47, 47, 47, 47, 47, 47, 47, 47, 47, 47, 47, 47, 47, 47, 47, 47, 47, 47, 47, 47, 47, 47, 47, 47, 47, 47, 47, 47, 47, 47, 47, 47, 47, 47, 47, 47, 47, 47, 47, 47, 47, 47, 47, 47, 47, 47, 47, 47, 47, 47]",1,1.0,1,1.0,3.08238721610611,2.6030235750647126,3.9775001887484973
1296,-136.8,-32.8,-13.8,2.91,2.76,7.88,"[5, 5, 5, 5]","[50, 50, 50, 50, 50, 50, 50, 50, 50, 50, 50, 50, 50, 50, 50, 50, 50, 50, 50, 50, 50, 50, 50, 50, 50, 50, 50, 50, 50, 50, 50, 50, 50, 50, 50, 50, 50, 50, 50, 50, 50, 50, 50, 50, 50, 50, 50, 50, 50, 50, 50, 50, 50, 50, 50, 50, 50, 50, 50, 50, 50, 50, 50, 50]",1,1.0,1,1.0,0.4621738277299649,3.19803723675866,0.9148435673039192
1297,-137.4,-33.4,-14.4,2.67,2.04,7.26,"[1, 1, 1, 1]","[33, 33, 33, 33, 33, 33, 33, 33, 33, 33, 33, 33, 33, 33, 33, 33, 33, 33, 33, 33, 33, 33, 33, 33, 33, 33, 33, 33, 33, 33, 33, 33, 33, 33, 33, 33, 33, 33, 33, 33, 33, 33, 33, 33, 33, 33, 33, 33, 33, 33, 33, 33, 33, 33, 33, 33, 33, 33, 33, 33, 33, 33, 33, 33]",1,1.0,1,1.0,0.36530531020813023,3.011241179436327,0.7252930254124108
1298,-143.5,-39.5,-20.5,1.33,1.34,5.19,"[4, 4, 4, 4]","[49, 49, 49, 49, 49, 49, 49, 49, 49, 49, 49, 49, 49, 49, 49, 49, 49, 49, 49, 49, 49, 49, 49, 49, 49, 49, 49, 49, 49, 49, 49, 49, 49, 49, 49, 49, 49, 49, 49, 49, 49, 49, 49, 49, 49, 49, 49, 49, 49, 49, 49, 49, 49, 49, 49, 49, 49, 49, 49, 49, 49, 49, 49, 49]",1,1.0,1,1.0,11.1049877760685,6.787421160993394,11.58268379370494
1299,-145.9,-41.9,-22.9,0.86,0.47,2.23,"[1, 8, 8, 1]","[50, 50, 50, 50, 50, 50, 50, 50, 1, 1, 1, 1, 1, 1, 50, 50, 50, 50, 50, 50, 50, 50, 50, 50, 50, 50, 50, 50, 50, 50, 50, 50, 1, 1, 1, 1, 1, 1, 1, 1, 50, 50, 50, 50, 50, 50, 50, 50, 1, 1, 50, 50, 50, 50, 50, 50, 50, 50, 50, 50, 50, 50, 50, 50]",2,2.0,2,1.6,1.0568096369065028,10.03974945619894,2.1020060260677926
1300,-134.1,-30.1,-11.1,4.08,3.43,8.65,"[0, 0, 0, 0]","[32, 32, 32, 32, 32, 32, 32, 32, 32, 32, 32, 32, 32, 32, 32, 32, 32, 32, 32, 32, 32, 32, 32, 32, 32, 32, 32, 32, 32, 32, 32, 32, 32, 32, 32, 32, 32, 32, 32, 32, 32, 32, 32, 32, 32, 32, 32, 32, 32, 32, 32, 32, 32, 32, 32, 32, 32, 32, 32, 32, 32, 32, 32, 32]",1,1.0,1,1.0,0.6418076300864924,5.9205966219602395,1.2761391350230225
1301,-176.2,-72.2,-53.2,0.0,0.0,0.01,"[15, 5, 5, 5]","[40, 40, 40, 40, 40, 40, 40, 40, 40, 40, 40, 40, 40, 40, 40, 40, 40, 40, 40, 40, 40, 40, 40, 40, 40, 40, 40, 40, 40, 40, 40, 40, 40, 40, 40, 40, 40, 40, 40, 40, 40, 40, 40, 40, 40, 40, 40, 40, 40, 40, 40, 40, 40, 40, 40, 40, 40, 40, 40, 40, 40, 40, 40, 40]",2,1.6,1,1.0,5.292372006697013,3.795989499665415,6.169166494556378
1302,-139.5,-35.5,-16.5,2.11,2.22,5.52,"[0, 0, 0, 0]","[40, 40, 40, 40, 40, 40, 40, 40, 40, 40, 40, 40, 40, 40, 40, 40, 40, 40, 40, 40, 40, 40, 40, 40, 40, 40, 40, 40, 40, 40, 40, 40, 40, 40, 40, 40, 40, 40, 40, 40, 40, 40, 40, 40, 40, 40, 40, 40, 40, 40, 40, 40, 40, 40, 40, 40, 40, 40, 40, 40, 40, 40, 40, 40]",1,1.0,1,1.0,0.2256326342989658,2.510976928158404,0.44945434582113264
1303,-139.3,-35.3,-16.3,2.1,1.83,6.41,"[1, 1, 1, 1]","[32, 32, 32, 32, 32, 32, 32, 32, 32, 32, 32, 32, 32, 32, 32, 32, 32, 32, 32, 32, 32, 32, 32, 32, 32, 32, 32, 32, 32, 32, 32, 32, 32, 32, 32, 32, 32, 32, 32, 32, 32, 32, 32, 32, 32, 32, 32, 32, 32, 32, 32, 32, 32, 32, 32, 32, 32, 32, 32, 32, 32, 32, 32, 32]",1,1.0,1,1.0,3.67479643150624,7.390340111094771,6.580916562189513
1304,-166.0,-62.0,-43.0,0.01,0.01,0.29,"[9, 9, 9, 9]","[8, 8, 8, 8, 8, 8, 8, 8, 8, 8, 8, 8, 8, 8, 8, 8, 8, 8, 8, 8, 8, 8, 8, 8, 8, 8, 8, 8, 8, 8, 8, 8, 8, 8, 8, 8, 8, 8, 8, 8, 8, 8, 8, 8, 8, 8, 8, 8, 8, 8, 8, 8, 8, 8, 8, 8, 8, 8, 8, 8, 8, 8, 8, 8]",1,1.0,1,1.0,1.4746152668057457,4.683006571366569,2.8130636177520847
1305,-109.9,-5.9,13.1,12.62,12.93,21.57,"[1, 1, 1, 1]","[24, 24, 24, 24, 24, 24, 24, 24, 24, 24, 24, 24, 24, 24, 24, 24, 24, 24, 24, 24, 24, 24, 24, 24, 24, 24, 24, 24, 24, 24, 24, 24, 24, 24, 24, 24, 24, 24, 24, 24, 24, 24, 24, 24, 24, 24, 24, 24, 24, 24, 24, 24, 24, 24, 24, 24, 24, 24, 24, 24, 24, 24, 24, 24]",1,1.0,1,1.0,0.18562046355318312,2.159619950946639,0.3698772085631305
1306,-110.9,-6.9,12.1,11.55,12.88,20.73,"[0, 0, 0, 0]","[25, 25, 25, 25, 25, 25, 25, 25, 25, 25, 25, 25, 25, 25, 25, 25, 25, 25, 25, 25, 25, 25, 25, 25, 25, 25, 25, 25, 25, 25, 25, 25, 25, 25, 25, 25, 25, 25, 25, 25, 25, 25, 25, 25, 25, 25, 25, 25, 25, 25, 25, 25, 25, 25, 25, 25, 25, 25, 25, 25, 25, 25, 25, 25]",1,1.0,1,1.0,0.1844136014380867,2.039271008419721,0.36732829406384065
1307,-128.6,-24.6,-5.6,5.35,4.79,9.21,"[5, 5, 5, 5]","[25, 25, 25, 25, 25, 25, 25, 25, 25, 25, 25, 25, 25, 25, 25, 25, 25, 25, 25, 25, 25, 25, 25, 25, 25, 25, 25, 25, 25, 25, 25, 25, 25, 25, 25, 25, 25, 25, 25, 25, 25, 25, 25, 25, 25, 25, 25, 25, 25, 25, 25, 25, 25, 25, 25, 25, 25, 25, 25, 25, 25, 25, 25, 25]",1,1.0,1,1.0,0.3722818207994054,3.364271851012154,0.7400464651073045
1308,-128.4,-24.4,-5.4,5.39,5.77,10.03,"[0, 0, 0, 0]","[17, 17, 17, 17, 17, 17, 17, 17, 17, 17, 17, 17, 17, 17, 17, 17, 17, 17, 17, 17, 17, 17, 17, 17, 17, 17, 17, 17, 17, 17, 17, 17, 17, 17, 17, 17, 17, 17, 17, 17, 17, 17, 17, 39, 17, 17, 17, 17, 17, 17, 17, 17, 17, 17, 17, 17, 17, 17, 17, 17, 17, 17, 17, 17]",1,1.0,2,1.0317380352644836,1.1557344253744872,5.0200976681741745,2.2525449160539455
1309,-138.4,-34.4,-15.4,2.44,2.6,7.44,"[0, 0, 0, 0]","[25, 25, 25, 25, 25, 25, 25, 25, 25, 25, 25, 25, 25, 25, 25, 25, 25, 25, 25, 25, 25, 25, 25, 25, 25, 25, 25, 23, 27, 25, 25, 23, 25, 25, 25, 25, 25, 25, 25, 25, 25, 25, 25, 25, 25, 25, 25, 25, 25, 25, 25, 25, 25, 25, 25, 25, 25, 25, 25, 25, 25, 25, 25, 25]",1,1.0,3,1.099302200751476,1.9389800104376669,4.6990348170327865,3.584766988148152
1315,-149.8,-45.8,-26.8,0.48,0.41,2.84,"[5, 5, 5, 5]","[32, 32, 32, 32, 32, 32, 32, 32, 32, 32, 32, 32, 32, 32, 32, 32, 32, 32, 32, 32, 32, 32, 32, 32, 32, 32, 32, 32, 32, 32, 32, 32, 32, 32, 32, 32, 32, 32, 32, 32, 32, 32, 32, 32, 32, 32, 32, 32, 32, 32, 32, 32, 32, 32, 32, 32, 32, 32, 32, 32, 32, 32, 32, 32]",1,1.0,1,1.0,2.0743313767108376,8.428344247539753,4.028450750558727
1316,-146.6,-42.6,-23.6,0.85,0.81,4.5,"[4, 4, 4, 4]","[24, 24, 24, 24, 24, 24, 24, 24, 24, 24, 24, 24, 24, 24, 24, 24, 24, 24, 24, 24, 24, 24, 24, 24, 24, 24, 24, 24, 24, 24, 24, 24, 24, 24, 24, 24, 24, 24, 24, 24, 24, 24, 24, 24, 24, 24, 24, 24, 24, 24, 24, 24, 24, 24, 24, 24, 24, 24, 24, 24, 24, 24, 24, 24]",1,1.0,1,1.0,0.2499654878125188,0.9065275003897427,0.4819449036216251
1317,-148.2,-44.2,-25.2,0.63,0.62,4.13,"[5, 5, 5, 5]","[24, 24, 24, 24, 24, 24, 24, 24, 24, 24, 24, 24, 24, 24, 24, 24, 24, 24, 24, 24, 24, 24, 24, 24, 24, 24, 24, 24, 24, 24, 24, 24, 24, 24, 24, 24, 24, 24, 24, 24, 24, 24, 24, 24, 24, 24, 24, 24, 24, 24, 24, 24, 24, 24, 24, 24, 24, 24, 24, 24, 24, 24, 24, 24]",1,1.0,1,1.0,0.3506486381225103,1.3512495906795572,0.6788139485856859
1318,-157.6,-53.6,-34.6,0.1,0.09,1.36,"[9, 9, 9, 9]","[32, 32, 32, 32, 32, 32, 32, 32, 32, 32, 32, 32, 32, 32, 32, 32, 32, 32, 32, 32, 32, 32, 32, 32, 32, 32, 32, 32, 32, 32, 32, 32, 32, 32, 32, 32, 32, 32, 32, 32, 32, 32, 32, 32, 32, 32, 32, 32, 32, 32, 32, 32, 32, 32, 32, 32, 32, 32, 32, 32, 32, 32, 32, 32]",1,1.0,1,1.0,0.4072587461012177,1.638610523248844,0.7904690099433265
1319,-168.9,-64.9,-45.9,0.01,0.0,0.12,"[9, 9, 9, 9]","[25, 25, 25, 25, 25, 25, 25, 25, 25, 25, 25, 25, 25, 25, 25, 25, 25, 25, 25, 25, 25, 25, 25, 25, 25, 25, 25, 25, 25, 25, 25, 25, 25, 25, 25, 25, 25, 25, 25, 25, 25, 25, 25, 25, 25, 25, 25, 25, 25, 25, 25, 25, 25, 25, 25, 25, 25, 25, 25, 25, 25, 25, 25, 25]",1,1.0,1,1.0,0.20604829293291146,0.8598527541583287,0.4007509235671141
1320,-168.5,-64.5,-45.5,0.01,0.0,0.09,"[0, 0, 0, 0]","[24, 24, 24, 24, 24, 24, 24, 24, 24, 24, 24, 24, 24, 24, 24, 24, 24, 24, 24, 24, 24, 24, 24, 24, 24, 24, 24, 24, 24, 24, 24, 24, 24, 24, 24, 24, 24, 24, 24, 24, 24, 24, 24, 24, 24, 24, 24, 24, 24, 24, 24, 24, 24, 24, 24, 24, 24, 24, 24, 24, 24, 24, 24, 24]",1,1.0,1,1.0,0.3479700517205525,1.5298222422692787,0.6786069036040896
1327,-99.6,4.4,23.4,26.11,23.37,34.34,"[15, 4, 15, 4]","[32, 32, 0, 32, 32, 0, 0, 0, 0, 0, 32, 32, 32, 32, 0, 0, 0, 0, 32, 32, 32, 32, 0, 0, 0, 0, 32, 32, 32, 32, 0, 0, 0, 0, 0, 0, 0, 0, 0, 0, 0, 0, 0, 32, 0, 0, 0, 0, 0, 0, 0, 0, 0, 32, 0, 0, 0, 0, 0, 32, 0, 0, 0, 0]",2,2.0,2,1.7166806370494552,12.046965277119527,11.871737498879815,16.911715388379903
1328,-138.7,-34.7,-15.7,2.45,2.53,6.64,"[4, 4, 4, 4]","[41, 41, 41, 41, 41, 41, 41, 41, 41, 41, 41, 41, 41, 41, 41, 41, 41, 41, 41, 41, 41, 41, 41, 41, 41, 41, 41, 41, 41, 41, 41, 41, 41, 41, 41, 41, 41, 41, 41, 41, 41, 41, 41, 41, 41, 41, 41, 41, 41, 41, 41, 41, 41, 41, 41, 41, 41, 41, 41, 41, 41, 41, 41, 41]",1,1.0,1,1.0,9.541649548857231,4.463041544800643,8.085327370194912
1329,-139.0,-35.0,-16.0,2.28,1.91,6.03,"[1, 1, 1, 1]","[41, 41, 41, 41, 41, 41, 41, 41, 41, 41, 41, 41, 41, 41, 41, 41, 41, 41, 41, 41, 41, 41, 41, 41, 41, 41, 41, 41, 41, 41, 41, 41, 41, 41, 41, 41, 41, 41, 41, 41, 41, 41, 41, 41, 41, 41, 41, 41, 41, 41, 41, 41, 41, 41, 41, 41, 41, 41, 41, 41, 41, 41, 41, 41]",1,1.0,1,1.0,7.011788209375678,5.595674431107304,8.747340238203055
1330,-167.3,-63.3,-44.3,0.01,0.01,0.23,"[1, 1, 1, 1]","[48, 48, 48, 48, 48, 48, 48, 48, 48, 48, 48, 48, 48, 48, 48, 48, 48, 48, 48, 48, 48, 48, 48, 48, 48, 48, 48, 48, 48, 48, 48, 48, 48, 48, 48, 48, 48, 48, 48, 48, 48, 48, 48, 48, 48, 48, 48, 48, 48, 48, 48, 48, 48, 48, 48, 48, 48, 48, 48, 48, 48, 48, 48, 48]",1,1.0,1,1.0,1.4852991805752505,1.3599130092780694,2.006014609198377
1331,-116.4,-12.4,6.6,9.47,9.84,13.95,"[0, 0, 0, 0]","[15, 15, 15, 15, 15, 15, 15, 15, 15, 15, 15, 15, 15, 15, 15, 15, 15, 15, 15, 15, 15, 15, 15, 15, 15, 15, 15, 15, 15, 15, 15, 15, 15, 15, 15, 15, 15, 15, 15, 15, 15, 15, 15, 15, 15, 15, 15, 15, 15, 15, 15, 15, 15, 15, 15, 15, 15, 15, 15, 15, 15, 15, 15, 15]",1,1.0,1,1.0,0.10788836260961962,1.926857783801534,0.2154392788318967
1332,-140.5,-36.5,-17.5,1.94,2.05,5.94,"[4, 4, 4, 4]","[32, 32, 32, 32, 32, 32, 32, 32, 32, 32, 32, 32, 32, 32, 32, 32, 32, 32, 32, 32, 32, 32, 32, 32, 32, 32, 32, 32, 32, 32, 32, 32, 32, 32, 32, 32, 32, 32, 32, 32, 32, 32, 32, 32, 32, 32, 32, 32, 32, 32, 32, 32, 32, 32, 32, 32, 32, 32, 32, 32, 32, 32, 32, 32]",1,1.0,1,1.0,17.19066113289829,4.811342975949734,9.266586107478611
1333,-140.9,-36.9,-17.9,1.85,1.7,5.67,"[5, 5, 5, 5]","[32, 32, 32, 32, 32, 32, 32, 32, 32, 32, 32, 32, 32, 32, 32, 32, 32, 32, 32, 32, 32, 32, 32, 32, 32, 32, 32, 32, 32, 32, 32, 32, 32, 32, 32, 32, 32, 32, 32, 32, 32, 32, 32, 32, 32, 32, 32, 32, 32, 32, 32, 32, 32, 32, 32, 32, 32, 32, 32, 32, 32, 32, 32, 32]",1,1.0,1,1.0,18.628701012171557,6.073247088502931,11.54827732793742
1334,-141.9,-37.9,-18.9,1.66,1.46,4.51,"[5, 5, 5, 5]","[40, 40, 40, 40, 40, 40, 40, 40, 40, 40, 40, 40, 40, 40, 40, 40, 40, 40, 40, 40, 40, 40, 40, 40, 40, 40, 40, 40, 40, 40, 40, 40, 40, 40, 40, 40, 40, 40, 40, 40, 40, 40, 40, 40, 40, 40, 40, 40, 40, 40, 40, 40, 40, 40, 40, 40, 40, 40, 40, 40, 40, 40, 40, 40]",1,1.0,1,1.0,20.053466838144196,5.433438747110563,10.488694260009309
1335,-170.6,-66.6,-47.6,0.0,0.0,0.07,"[10, 8, 8, 8]","[46, 46, 46, 46, 46, 46, 46, 46, 46, 46, 46, 46, 46, 46, 46, 46, 46, 46, 46, 46, 46, 46, 46, 46, 46, 46, 46, 46, 46, 46, 46, 46, 46, 46, 46, 46, 46, 46, 46, 46, 46, 46, 46, 46, 46, 46, 46, 46, 46, 46, 46, 46, 46, 46, 46, 46, 46, 46, 46, 46, 46, 46, 46, 46]",2,1.6,1,1.0,2.7281489289792913,2.1154302960263256,3.3434742276309013
1336,-139.2,-35.2,-16.2,2.06,1.43,6.84,"[1, 1, 1, 1]","[49, 49, 49, 49, 49, 49, 49, 49, 49, 49, 49, 49, 49, 49, 49, 49, 49, 49, 49, 49, 49, 49, 49, 49, 49, 49, 49, 49, 49, 49, 49, 49, 49, 49, 49, 49, 49, 49, 49, 49, 49, 49, 49, 49, 49, 49, 49, 49, 49, 49, 49, 49, 49, 49, 49, 49, 49, 49, 49, 49, 49, 49, 49, 49]",1,1.0,1,1.0,0.45537470621879583,3.694293720824334,0.9039082647078225
1337,-143.4,-39.4,-20.4,1.31,0.88,4.7,"[0, 0, 0, 0]","[49, 49, 49, 49, 49, 49, 49, 49, 49, 49, 49, 49, 49, 49, 49, 49, 49, 49, 49, 49, 49, 49, 49, 49, 49, 49, 49, 49, 49, 49, 49, 49, 49, 49, 49, 49, 49, 49, 49, 49, 49, 49, 49, 49, 49, 49, 49, 49, 49, 49, 49, 49, 49, 49, 49, 49, 49, 49, 49, 49, 49, 49, 49, 49]",1,1.0,1,1.0,12.692679798096348,8.9754317549811,14.65662717832938
1338,-139.5,-35.5,-16.5,2.01,1.7,6.86,"[5, 5, 5, 5]","[32, 32, 32, 32, 32, 32, 32, 32, 32, 32, 32, 32, 32, 32, 32, 32, 32, 32, 32, 32, 32, 32, 32, 32, 32, 32, 32, 32, 32, 32, 32, 32, 32, 32, 32, 32, 32, 32, 32, 32, 32, 32, 32, 32, 32, 32, 32, 32, 32, 32, 32, 32, 32, 32, 32, 32, 32, 32, 32, 32, 32, 32, 32, 32]",1,1.0,1,1.0,0.4271864091357649,3.8057639304446758,0.8490408420836462
1339,-147.2,-43.2,-24.2,0.79,0.73,2.9,"[5, 5, 5, 5]","[50, 50, 50, 50, 50, 50, 50, 50, 56, 50, 50, 50, 50, 50, 50, 50, 50, 50, 50, 50, 50, 50, 50, 50, 50, 50, 50, 50, 50, 50, 50, 50, 50, 50, 50, 50, 50, 50, 50, 50, 50, 50, 50, 50, 50, 50, 50, 50, 50, 50, 50, 50, 50, 50, 50, 50, 50, 50, 50, 50, 50, 50, 50, 50]",1,1.0,2,1.0317380352644836,1.5783389374179486,11.160619608913423,3.1255772697923576
1340,-166.6,-62.6,-43.6,0.01,0.01,0.31,"[4, 4, 4, 4]","[33, 33, 33, 33, 33, 33, 33, 33, 33, 33, 33, 33, 33, 33, 33, 33, 33, 33, 33, 33, 33, 33, 33, 33, 33, 33, 33, 33, 33, 33, 33, 33, 33, 33, 33, 33, 33, 33, 33, 33, 33, 33, 33, 33, 33, 33, 33, 33, 33, 33, 33, 33, 33, 33, 33, 33, 33, 33, 33, 33, 33, 33, 33, 33]",1,1.0,1,1.0,3.9618178764301235,3.307154541863367,5.077696395529977
1341,-138.6,-34.6,-15.6,2.24,1.98,6.47,"[5, 5, 5, 5]","[33, 33, 33, 33, 33, 33, 33, 33, 33, 33, 33, 33, 33, 33, 33, 33, 33, 33, 33, 33, 33, 33, 33, 33, 33, 33, 33, 33, 33, 33, 33, 33, 33, 33, 33, 33, 33, 33, 33, 33, 33, 33, 33, 33, 33, 33, 33, 33, 33, 33, 33, 33, 33, 33, 33, 33, 33, 33, 33, 33, 33, 33, 33, 33]",1,1.0,1,1.0,0.5235116178633422,3.234729680745023,1.0335747839195852
1342,-175.3,-71.3,-52.3,0.0,0.0,0.04,"[13, 5, 5, 5]","[24, 24, 24, 24, 24, 24, 24, 24, 24, 24, 24, 24, 24, 24, 24, 24, 24, 24, 24, 24, 24, 24, 24, 24, 24, 24, 24, 24, 24, 24, 24, 24, 24, 24, 24, 24, 24, 24, 24, 24, 24, 24, 24, 24, 24, 24, 24, 24, 24, 24, 24, 24, 24, 24, 24, 24, 24, 24, 24, 24, 24, 24, 24, 24]",2,1.6,1,1.0,3.294524230424012,3.834035494556075,4.997488245307071
1343,-166.8,-62.8,-43.8,0.01,0.0,0.25,"[0, 8, 8, 8]","[8, 8, 8, 8, 8, 8, 8, 8, 8, 8, 8, 8, 8, 8, 8, 8, 8, 8, 8, 8, 8, 8, 8, 8, 8, 8, 8, 8, 8, 8, 8, 8, 8, 8, 8, 8, 8, 8, 8, 8, 8, 8, 8, 8, 8, 8, 8, 8, 8, 8, 8, 8, 8, 8, 8, 8, 8, 8, 8, 8, 8, 8, 8, 8]",2,1.6,1,1.0,1.236293579894597,3.1723122562081407,2.3038202882738066
1344,-139.2,-35.2,-16.2,2.25,2.37,7.24,"[0, 0, 0, 0]","[32, 32, 32, 32, 32, 32, 32, 32, 32, 32, 32, 32, 32, 32, 32, 32, 32, 32, 32, 32, 32, 32, 32, 32, 32, 32, 32, 32, 32, 32, 32, 32, 32, 32, 32, 32, 32, 32, 32, 32, 32, 32, 32, 32, 32, 32, 32, 32, 32, 32, 32, 32, 32, 32, 32, 32, 32, 32, 32, 32, 32, 32, 32, 32]",1,1.0,1,1.0,7.2331791617369285,5.953787586067862,9.193655904072719
1345,-108.2,-4.2,14.8,13.43,13.6,21.51,"[5, 5, 5, 5]","[32, 32, 32, 32, 32, 32, 32, 32, 32, 32, 32, 32, 32, 32, 32, 32, 32, 32, 32, 32, 32, 32, 32, 32, 32, 32, 32, 32, 32, 32, 32, 32, 32, 32, 32, 32, 32, 32, 32, 32, 32, 32, 32, 32, 32, 32, 32, 32, 32, 32, 32, 32, 32, 32, 16, 32, 32, 32, 32, 32, 32, 32, 32, 32]",1,1.0,2,1.0317380352644836,0.16895354150702296,7.36959310656527,0.33781831761205056
1346,-109.8,-5.8,13.2,12.17,13.44,21.96,"[4, 4, 4, 4]","[24, 24, 24, 24, 24, 24, 24, 24, 24, 24, 24, 24, 24, 24, 24, 24, 24, 24, 24, 24, 24, 24, 24, 24, 24, 24, 24, 24, 24, 24, 24, 24, 24, 24, 24, 24, 24, 24, 24, 24, 24, 24, 24, 24, 24, 24, 24, 24, 24, 24, 24, 24, 24, 24, 24, 24, 24, 24, 24, 24, 24, 24, 24, 24]",1,1.0,1,1.0,0.11245726089915604,1.3417178864379211,0.2241286364393348
1347,-119.3,-15.3,3.7,11.68,10.53,20.97,"[5, 5, 5, 5]","[24, 24, 24, 24, 24, 24, 24, 24, 24, 24, 24, 24, 24, 24, 24, 24, 24, 24, 24, 24, 24, 24, 24, 24, 24, 24, 24, 24, 24, 24, 24, 24, 24, 24, 24, 24, 24, 24, 24, 24, 24, 24, 24, 24, 24, 24, 24, 24, 24, 24, 24, 24, 24, 24, 24, 24, 24, 24, 24, 24, 24, 24, 24, 24]",1,1.0,1,1.0,0.17386634829542053,3.074089679916807,0.34717784975354105
1348,-149.1,-45.1,-26.1,0.54,0.37,2.76,"[4, 4, 4, 4]","[25, 25, 25, 25, 25, 25, 25, 25, 25, 25, 25, 25, 25, 25, 25, 25, 25, 25, 25, 25, 25, 25, 25, 25, 25, 25, 25, 25, 25, 25, 25, 25, 25, 25, 25, 25, 25, 25, 25, 25, 25, 25, 25, 25, 25, 25, 25, 25, 25, 25, 25, 25, 25, 25, 25, 25, 25, 25, 25, 25, 25, 25, 25, 25]",1,1.0,1,1.0,0.356210179499691,1.5274511390973606,0.6938039078830167
1349,-145.3,-41.3,-22.3,0.93,0.46,3.86,"[5, 5, 5, 5]","[24, 24, 24, 24, 24, 24, 24, 24, 24, 24, 24, 24, 24, 24, 24, 24, 24, 24, 24, 24, 24, 24, 24, 24, 24, 24, 24, 24, 24, 24, 24, 24, 24, 24, 24, 24, 24, 24, 24, 24, 24, 24, 24, 24, 24, 24, 24, 24, 24, 24, 24, 24, 24, 24, 24, 24, 24, 24, 24, 24, 24, 24, 24, 24]",1,1.0,1,1.0,3.527403024185294,6.069623257035302,6.099562591512746
1350,-147.3,-43.3,-24.3,0.69,0.33,3.17,"[5, 5, 5, 5]","[24, 24, 24, 24, 24, 24, 24, 24, 24, 24, 24, 24, 24, 24, 24, 24, 24, 24, 24, 24, 24, 24, 24, 24, 24, 24, 24, 24, 24, 24, 24, 24, 24, 24, 24, 24, 24, 24, 24, 24, 24, 24, 24, 24, 24, 24, 24, 24, 24, 24, 24, 24, 24, 24, 24, 24, 24, 24, 24, 24, 24, 24, 24, 24]",1,1.0,1,1.0,3.142377578836803,6.058244152261727,5.578918739899249
1357,-154.9,-50.9,-31.9,0.17,0.15,2.23,"[4, 4, 4, 4]","[24, 24, 24, 24, 24, 24, 24, 24, 24, 24, 24, 24, 24, 24, 24, 24, 24, 24, 24, 24, 24, 24, 24, 24, 24, 24, 24, 24, 24, 24, 24, 24, 24, 24, 24, 24, 24, 24, 24, 24, 24, 24, 24, 24, 24, 24, 24, 24, 24, 24, 24, 24, 24, 24, 24, 24, 24, 24, 24, 24, 24, 24, 24, 24]",1,1.0,1,1.0,0.8402339770257475,3.305224745672581,1.6286657657879595
1358,-159.6,-55.6,-36.6,0.06,0.05,1.08,"[5, 5, 5, 5]","[24, 24, 24, 24, 24, 24, 24, 24, 24, 24, 24, 24, 24, 24, 24, 24, 24, 24, 24, 24, 24, 24, 24, 24, 24, 24, 24, 24, 24, 24, 24, 24, 24, 24, 24, 24, 24, 24, 24, 24, 24, 24, 24, 24, 24, 24, 24, 24, 24, 24, 24, 24, 24, 24, 24, 24, 24, 24, 24, 24, 24, 24, 24, 24]",1,1.0,1,1.0,0.30195919212045824,1.085171131057971,0.5818138421950051
1359,-167.8,-63.8,-44.8,0.0,0.0,0.08,"[8, 8, 8, 8]","[24, 24, 24, 24, 24, 24, 24, 24, 24, 24, 24, 24, 24, 24, 24, 24, 24, 24, 24, 24, 24, 24, 24, 24, 24, 24, 24, 24, 24, 24, 24, 24, 24, 24, 24, 24, 24, 24, 24, 24, 24, 24, 24, 24, 24, 24, 24, 24, 24, 24, 24, 24, 24, 24, 24, 24, 24, 24, 24, 24, 24, 24, 24, 24]",1,1.0,1,1.0,0.2682100382356407,1.1359939639199594,0.5220663673780843
1360,-146.2,-42.2,-23.2,0.86,0.76,4.22,"[4, 4, 4, 4]","[33, 33, 33, 33, 33, 33, 33, 33, 33, 33, 33, 33, 33, 33, 33, 33, 33, 33, 33, 33, 33, 33, 33, 33, 33, 33, 33, 33, 33, 33, 33, 33, 33, 33, 33, 33, 33, 33, 33, 33, 33, 33, 33, 33, 33, 33, 33, 33, 33, 33, 33, 33, 33, 33, 33, 33, 33, 33, 33, 33, 33, 33, 33, 33]",1,1.0,1,1.0,1.820340130927196,5.738529691509226,3.470267454815227
1367,-137.2,-33.2,-14.2,2.77,2.59,6.93,"[0, 0, 0, 0]","[33, 33, 33, 33, 33, 33, 33, 33, 33, 33, 33, 33, 33, 33, 33, 33, 33, 33, 33, 33, 33, 33, 33, 33, 33, 33, 33, 33, 33, 33, 33, 33, 33, 33, 33, 33, 33, 33, 33, 33, 33, 33, 33, 33, 33, 33, 33, 33, 33, 33, 33, 33, 33, 33, 33, 33, 33, 33, 33, 33, 33, 33, 33, 33]",1,1.0,1,1.0,28.34058861172689,9.706629339722404,18.36590916374944
1368,-138.4,-34.4,-15.4,2.41,2.59,6.2,"[4, 4, 4, 4]","[32, 32, 32, 32, 32, 32, 32, 32, 32, 32, 32, 32, 32, 32, 32, 32, 32, 32, 32, 32, 32, 32, 32, 32, 32, 32, 32, 32, 32, 32, 32, 32, 32, 32, 32, 32, 32, 32, 32, 32, 32, 32, 32, 32, 32, 32, 32, 32, 32, 32, 32, 32, 32, 32, 32, 32, 32, 32, 32, 32, 32, 32, 32, 32]",1,1.0,1,1.0,22.175172075982914,7.647390307520372,14.459115758344929
1369,-139.7,-35.7,-16.7,2.09,2.04,6.33,"[5, 5, 5, 5]","[41, 41, 41, 41, 41, 41, 41, 41, 41, 41, 41, 41, 41, 41, 41, 41, 41, 41, 41, 41, 41, 41, 41, 41, 41, 41, 41, 41, 41, 41, 41, 41, 41, 41, 41, 41, 41, 41, 41, 41, 41, 41, 41, 41, 41, 41, 41, 41, 41, 41, 41, 41, 41, 41, 41, 41, 41, 41, 41, 41, 41, 41, 41, 41]",1,1.0,1,1.0,21.104078906554996,6.953245790494012,13.20806874050552
1370,-138.7,-34.7,-15.7,2.37,2.26,6.31,"[5, 5, 5, 5]","[32, 32, 32, 32, 32, 32, 32, 32, 32, 32, 32, 32, 32, 32, 32, 32, 32, 32, 32, 32, 32, 32, 32, 32, 32, 32, 32, 32, 32, 32, 32, 32, 32, 32, 32, 32, 32, 32, 32, 32, 32, 32, 32, 32, 32, 32, 32, 32, 32, 32, 32, 32, 32, 32, 32, 32, 32, 32, 32, 32, 32, 32, 32, 32]",1,1.0,1,1.0,9.741608582222272,6.686642514604666,11.025805250824293
1371,-117.4,-13.4,5.6,9.14,8.21,11.89,"[12, 12, 12, 12]","[15, 15, 15, 15, 15, 15, 15, 15, 15, 15, 15, 15, 15, 15, 15, 15, 15, 15, 15, 15, 15, 15, 15, 15, 15, 15, 15, 15, 15, 15, 15, 15, 15, 15, 15, 15, 15, 15, 15, 15, 15, 15, 15, 15, 15, 15, 15, 15, 15, 15, 15, 15, 15, 15, 15, 15, 15, 15, 15, 15, 15, 15, 15, 15]",1,1.0,1,1.0,1.4394813279640672,8.342968834680908,2.8370437264531287
1372,-139.7,-35.7,-16.7,2.1,1.99,5.42,"[5, 5, 5, 5]","[40, 40, 40, 40, 40, 40, 40, 40, 40, 40, 40, 40, 40, 40, 40, 40, 40, 40, 40, 40, 40, 40, 40, 40, 40, 40, 40, 40, 40, 40, 40, 40, 40, 40, 40, 40, 40, 40, 40, 40, 40, 40, 40, 40, 40, 40, 40, 40, 40, 40, 40, 40, 40, 40, 40, 40, 40, 40, 40, 40, 40, 40, 40, 40]",1,1.0,1,1.0,15.239541758626885,6.193765985803732,11.47592467076234
1373,-141.7,-37.7,-18.7,1.63,1.37,5.11,"[1, 1, 1, 1]","[32, 32, 32, 32, 32, 32, 32, 32, 32, 32, 32, 32, 32, 32, 32, 32, 32, 32, 32, 32, 32, 32, 32, 32, 32, 32, 32, 32, 32, 32, 32, 32, 32, 32, 32, 32, 32, 32, 32, 32, 32, 32, 32, 32, 32, 32, 32, 32, 32, 32, 32, 32, 32, 32, 32, 32, 32, 32, 32, 32, 32, 32, 32, 32]",1,1.0,1,1.0,24.656403006992164,7.956721128862088,15.144413988518455
1374,-164.9,-60.9,-41.9,0.02,0.01,0.37,"[5, 5, 5, 5]","[32, 32, 32, 32, 32, 32, 32, 32, 32, 32, 32, 32, 32, 32, 32, 32, 32, 32, 32, 32, 32, 32, 32, 32, 32, 32, 32, 32, 32, 32, 32, 32, 32, 32, 32, 32, 32, 32, 32, 32, 32, 32, 32, 32, 32, 32, 32, 32, 32, 32, 32, 32, 32, 32, 32, 32, 32, 32, 32, 32, 32, 32, 32, 32]",1,1.0,1,1.0,1.4909370061673264,1.06269497190001,1.7307409270023535
1375,-164.3,-60.3,-41.3,0.02,0.01,0.34,"[4, 4, 4, 4]","[40, 40, 40, 40, 40, 40, 40, 40, 40, 40, 40, 40, 40, 40, 40, 40, 40, 40, 40, 40, 40, 40, 40, 40, 40, 40, 40, 40, 40, 40, 40, 40, 40, 40, 40, 40, 40, 40, 40, 40, 40, 40, 40, 40, 40, 40, 40, 40, 40, 40, 40, 40, 40, 40, 40, 40, 40, 40, 40, 40, 40, 40, 40, 40]",1,1.0,1,1.0,2.811719582563212,1.8758976917829073,3.120955838356029
1376,-142.3,-38.3,-19.3,1.5,1.31,5.5,"[5, 5, 5, 5]","[33, 33, 33, 33, 33, 33, 33, 33, 33, 33, 33, 33, 33, 33, 33, 33, 33, 33, 33, 33, 33, 33, 33, 33, 33, 33, 33, 33, 33, 33, 33, 33, 33, 33, 33, 33, 33, 33, 33, 33, 33, 33, 33, 33, 33, 33, 33, 33, 33, 33, 33, 33, 33, 33, 33, 33, 33, 33, 33, 33, 33, 33, 33, 33]",1,1.0,1,1.0,16.795660494713758,7.227976504274398,13.278561783879226
1377,-140.0,-36.0,-17.0,1.83,1.63,6.28,"[0, 0, 0, 0]","[49, 49, 49, 49, 49, 49, 49, 49, 49, 49, 49, 49, 49, 49, 49, 49, 49, 49, 49, 49, 49, 49, 49, 49, 49, 49, 49, 49, 49, 49, 49, 49, 49, 49, 49, 49, 49, 49, 49, 49, 49, 49, 49, 49, 49, 49, 49, 49, 49, 49, 49, 49, 49, 49, 49, 49, 49, 49, 49, 49, 49, 49, 49, 49]",1,1.0,1,1.0,0.4481895543130329,4.284952648148789,0.8915156258658673
1378,-145.1,-41.1,-22.1,1.1,1.02,3.35,"[5, 5, 5, 5]","[58, 58, 58, 58, 58, 58, 58, 58, 58, 58, 58, 58, 58, 58, 58, 58, 58, 58, 58, 58, 58, 58, 58, 58, 58, 58, 58, 58, 58, 58, 58, 58, 58, 58, 58, 58, 58, 58, 58, 58, 58, 58, 58, 58, 58, 58, 58, 58, 58, 58, 58, 58, 58, 58, 58, 58, 58, 58, 58, 58, 58, 58, 58, 58]",1,1.0,1,1.0,2.9767496749554456,9.16195207323894,5.662141415103193
1379,-132.6,-28.6,-9.6,4.02,4.04,7.24,"[4, 4, 4, 4]","[33, 33, 33, 33, 33, 33, 33, 33, 33, 33, 33, 33, 33, 33, 33, 31, 33, 33, 33, 33, 33, 33, 33, 33, 33, 33, 33, 33, 33, 33, 33, 33, 33, 33, 33, 33, 33, 33, 33, 33, 33, 33, 33, 33, 33, 33, 33, 33, 33, 33, 31, 33, 33, 33, 33, 33, 33, 33, 33, 33, 33, 33, 33, 31]",1,1.0,2,1.098123324396783,4.674934536903633,4.4853210991717125,6.473116913222362
1380,-141.5,-37.5,-18.5,1.64,1.37,5.24,"[5, 5, 5, 5]","[41, 41, 41, 41, 41, 41, 41, 41, 41, 41, 41, 41, 41, 41, 41, 41, 41, 41, 41, 41, 41, 41, 41, 41, 41, 41, 41, 41, 41, 41, 41, 41, 41, 41, 41, 41, 41, 41, 41, 41, 41, 41, 41, 41, 41, 41, 41, 41, 41, 41, 41, 41, 41, 41, 41, 41, 41, 41, 41, 41, 41, 41, 41, 41]",1,1.0,1,1.0,0.39238179791803307,2.9461569831640504,0.77789475291292
1381,-139.6,-35.6,-16.6,2.16,1.82,6.26,"[5, 5, 5, 5]","[32, 32, 32, 32, 32, 32, 32, 32, 32, 32, 32, 32, 32, 32, 32, 32, 32, 32, 32, 32, 32, 32, 32, 32, 32, 32, 32, 32, 32, 32, 32, 32, 32, 32, 32, 32, 32, 32, 32, 32, 32, 32, 32, 32, 32, 32, 32, 32, 32, 32, 32, 32, 32, 32, 32, 32, 32, 32, 32, 32, 32, 32, 32, 32]",1,1.0,1,1.0,6.65618910905226,4.360215875252775,7.294671722040069
1382,-110.1,-6.1,12.9,13.6,14.25,23.1,"[1, 1, 1, 1]","[24, 24, 24, 24, 24, 24, 24, 24, 24, 24, 24, 24, 24, 24, 24, 24, 24, 24, 24, 24, 24, 24, 24, 24, 24, 24, 24, 24, 24, 24, 24, 24, 24, 24, 24, 24, 24, 24, 24, 24, 24, 24, 24, 24, 24, 24, 24, 24, 24, 24, 24, 24, 24, 24, 24, 24, 24, 32, 16, 24, 24, 24, 24, 24]",1,1.0,3,1.0650026001040043,1.5168343192156013,7.003058617313816,2.9649179278623525
1383,-140.2,-36.2,-17.2,1.98,2.02,5.57,"[4, 4, 4, 4]","[41, 41, 41, 41, 41, 41, 41, 41, 41, 41, 41, 41, 41, 41, 41, 41, 41, 41, 41, 41, 41, 41, 41, 41, 41, 41, 41, 41, 41, 41, 41, 41, 41, 41, 41, 41, 41, 41, 41, 41, 41, 41, 41, 41, 41, 41, 41, 41, 41, 41, 41, 41, 41, 41, 41, 41, 41, 41, 41, 41, 41, 41, 41, 41]",1,1.0,1,1.0,13.617600396114332,5.831242113537599,10.720902789482453
1384,-109.2,-5.2,13.8,13.3,15.05,24.07,"[4, 4, 4, 4]","[24, 24, 24, 24, 24, 24, 24, 24, 24, 24, 24, 24, 24, 24, 24, 24, 24, 24, 24, 24, 24, 24, 24, 24, 24, 24, 24, 24, 24, 24, 24, 24, 24, 24, 24, 24, 24, 24, 24, 24, 24, 24, 24, 24, 24, 24, 24, 40, 40, 40, 24, 24, 24, 40, 40, 40, 40, 40, 24, 24, 24, 24, 40, 40]",1,1.0,2,1.3580901856763925,0.550145575874874,9.127991174011505,1.0982981795625175
1385,-108.7,-4.7,14.3,12.56,13.72,21.6,"[1, 1, 1, 1]","[24, 24, 24, 24, 24, 24, 24, 24, 24, 24, 24, 24, 24, 24, 24, 24, 24, 24, 24, 24, 24, 24, 24, 24, 24, 24, 24, 24, 24, 24, 24, 24, 24, 24, 24, 24, 24, 24, 24, 24, 24, 24, 24, 24, 24, 24, 24, 24, 24, 24, 24, 24, 24, 24, 24, 24, 24, 24, 24, 24, 24, 24, 24, 24]",1,1.0,1,1.0,0.20177378681283556,2.256834207974805,0.40194432526805995
1386,-139.5,-35.5,-16.5,2.07,1.86,6.35,"[1, 1, 1, 1]","[33, 33, 33, 33, 33, 33, 33, 33, 33, 33, 33, 33, 33, 33, 33, 33, 33, 33, 33, 33, 33, 33, 33, 33, 33, 33, 33, 33, 33, 33, 33, 33, 33, 33, 33, 33, 33, 33, 33, 33, 33, 33, 33, 33, 33, 33, 33, 33, 33, 33, 33, 33, 33, 33, 33, 33, 33, 33, 33, 33, 33, 33, 33, 33]",1,1.0,1,1.0,4.748446760818514,7.6951226418585055,8.082014233335425
1387,-138.3,-34.3,-15.3,2.53,2.5,7.12,"[4, 4, 4, 4]","[33, 33, 33, 33, 33, 33, 33, 33, 33, 33, 33, 33, 33, 33, 33, 33, 33, 33, 33, 33, 33, 33, 33, 33, 33, 33, 33, 33, 33, 33, 33, 33, 33, 33, 33, 33, 33, 33, 33, 33, 33, 33, 33, 33, 33, 33, 33, 33, 33, 33, 33, 33, 33, 33, 33, 33, 33, 33, 33, 33, 33, 33, 33, 33]",1,1.0,1,1.0,5.432892781876472,4.52845845515404,6.957056371882871
1388,-147.8,-43.8,-24.8,0.67,0.36,2.52,"[3, 3, 3, 3]","[32, 32, 32, 32, 32, 32, 32, 32, 32, 32, 32, 32, 32, 32, 32, 32, 32, 32, 32, 32, 32, 32, 32, 32, 32, 32, 32, 32, 32, 32, 32, 32, 32, 32, 32, 32, 32, 32, 32, 32, 32, 32, 32, 32, 32, 32, 32, 32, 32, 32, 32, 32, 32, 32, 32, 32, 32, 32, 32, 32, 32, 32, 32, 32]",1,1.0,1,1.0,0.4519239862156497,1.7181942034495596,0.8741174490447615
1389,-145.2,-41.2,-22.2,1.06,1.13,4.2,"[0, 0, 0, 0]","[32, 32, 32, 32, 32, 32, 32, 32, 32, 32, 32, 32, 32, 32, 32, 32, 32, 32, 32, 32, 32, 32, 32, 32, 32, 32, 32, 32, 32, 32, 32, 32, 32, 32, 32, 32, 32, 32, 32, 32, 32, 32, 32, 32, 32, 32, 32, 32, 32, 32, 32, 32, 32, 32, 32, 32, 32, 32, 32, 32, 32, 32, 32, 32]",1,1.0,1,1.0,0.28365671383112284,1.1993978625054573,0.5520839317050533
1390,-146.0,-42.0,-23.0,0.92,0.99,3.98,"[0, 0, 0, 0]","[32, 32, 32, 32, 32, 32, 32, 32, 32, 32, 32, 32, 32, 32, 32, 32, 32, 32, 32, 32, 32, 32, 32, 32, 32, 32, 32, 32, 32, 32, 32, 32, 32, 32, 32, 32, 32, 32, 32, 32, 32, 32, 32, 32, 32, 32, 32, 32, 32, 32, 32, 32, 32, 32, 32, 32, 32, 32, 32, 32, 32, 32, 32, 32]",1,1.0,1,1.0,0.3062172264043498,1.5470552970957745,0.6007787214401299
1391,-145.4,-41.4,-22.4,0.98,0.42,2.81,"[12, 12, 12, 12]","[32, 32, 32, 32, 32, 32, 32, 32, 32, 32, 32, 32, 32, 32, 32, 32, 32, 32, 32, 32, 32, 32, 32, 32, 32, 32, 32, 32, 32, 32, 32, 32, 32, 32, 32, 32, 32, 32, 32, 32, 32, 32, 32, 32, 32, 32, 32, 32, 32, 32, 32, 32, 32, 32, 32, 32, 32, 32, 32, 32, 32, 32, 32, 32]",1,1.0,1,1.0,0.23038338387694351,1.3211122880914565,0.4539165539874533
1392,-147.9,-43.9,-24.9,0.67,0.39,2.62,"[5, 5, 5, 5]","[32, 32, 32, 32, 32, 32, 32, 32, 32, 32, 32, 32, 32, 32, 32, 32, 32, 32, 32, 32, 32, 32, 32, 32, 32, 32, 32, 32, 32, 32, 32, 32, 32, 32, 32, 32, 32, 32, 32, 32, 32, 32, 32, 32, 32, 32, 32, 32, 32, 32, 32, 32, 32, 32, 32, 32, 32, 32, 32, 32, 32, 32, 32, 32]",1,1.0,1,1.0,0.22178731495639972,1.21080442764054,0.43631527702443507
1393,-156.3,-52.3,-33.3,0.13,0.1,1.52,"[4, 4, 4, 4]","[25, 25, 25, 25, 25, 25, 25, 25, 25, 25, 25, 25, 25, 25, 25, 25, 25, 25, 25, 25, 25, 25, 25, 25, 25, 25, 25, 25, 25, 25, 25, 25, 25, 25, 25, 25, 25, 25, 25, 25, 25, 25, 25, 25, 25, 25, 25, 25, 25, 25, 25, 25, 25, 25, 25, 25, 25, 25, 25, 25, 25, 25, 25, 25]",1,1.0,1,1.0,0.2338833436510022,1.1477863832563713,0.45834774792562816
1394,-162.8,-58.8,-39.8,0.03,0.01,0.54,"[5, 5, 5, 5]","[24, 24, 24, 24, 24, 24, 24, 24, 24, 24, 24, 24, 24, 24, 24, 24, 24, 24, 24, 24, 24, 24, 24, 24, 24, 24, 24, 24, 24, 24, 24, 24, 24, 24, 24, 24, 24, 24, 24, 24, 24, 24, 24, 24, 24, 24, 24, 24, 24, 24, 24, 24, 24, 24, 24, 24, 24, 24, 24, 24, 24, 24, 24, 24]",1,1.0,1,1.0,0.3168588995306788,1.5440358697424512,0.6207810924693218
1395,-166.8,-62.8,-43.8,0.01,0.01,0.25,"[0, 0, 0, 0]","[32, 32, 32, 32, 32, 32, 32, 32, 32, 32, 32, 32, 32, 32, 32, 32, 32, 32, 32, 32, 32, 32, 32, 32, 32, 32, 32, 32, 32, 32, 32, 32, 32, 32, 32, 32, 32, 32, 32, 32, 32, 32, 32, 32, 32, 32, 32, 32, 32, 32, 32, 32, 32, 32, 32, 32, 32, 32, 32, 32, 32, 32, 32, 32]",1,1.0,1,1.0,0.3428126032237098,1.5100762396019864,0.6686126326177935
1396,-156.0,-52.0,-33.0,0.13,0.07,1.09,"[1, 1, 1, 1]","[25, 25, 25, 25, 25, 25, 25, 25, 25, 25, 25, 25, 25, 25, 25, 25, 25, 25, 25, 25, 25, 25, 25, 25, 25, 25, 25, 25, 25, 25, 25, 25, 25, 25, 25, 25, 25, 25, 25, 25, 25, 25, 25, 25, 25, 25, 25, 25, 25, 25, 25, 25, 25, 25, 25, 25, 25, 25, 25, 25, 25, 25, 25, 25]",1,1.0,1,1.0,0.3370651252125811,1.4785080331991243,0.6572664402137149
1397,-143.4,-39.4,-20.4,1.3,1.2,3.94,"[4, 4, 4, 4]","[41, 41, 41, 41, 41, 41, 41, 41, 41, 41, 41, 41, 41, 41, 41, 41, 41, 41, 41, 41, 41, 41, 41, 41, 41, 41, 41, 41, 41, 41, 41, 41, 41, 41, 41, 41, 41, 41, 41, 41, 41, 41, 41, 41, 41, 41, 41, 41, 41, 41, 41, 41, 41, 41, 41, 41, 41, 41, 41, 41, 41, 41, 41, 41]",1,1.0,1,1.0,2.4138805669711147,8.496716780414062,4.643988302809104
1398,-164.0,-60.0,-41.0,0.01,0.01,0.24,"[0, 0, 0, 0]","[25, 25, 25, 25, 25, 25, 25, 25, 25, 25, 25, 25, 25, 25, 25, 25, 25, 25, 25, 25, 25, 25, 25, 25, 25, 25, 25, 25, 25, 25, 25, 25, 25, 25, 25, 25, 25, 25, 25, 25, 25, 25, 25, 25, 25, 25, 25, 25, 25, 25, 25, 25, 25, 25, 25, 25, 25, 25, 25, 25, 25, 25, 25, 25]",1,1.0,1,1.0,0.35145523903292125,1.4757742139655057,0.6837872839498556
1399,-167.1,-63.1,-44.1,0.01,0.0,0.09,"[1, 1, 1, 1]","[32, 32, 32, 32, 32, 32, 32, 32, 32, 32, 32, 32, 32, 32, 32, 32, 32, 32, 32, 32, 32, 32, 32, 16, 32, 32, 32, 32, 32, 32, 32, 32, 32, 32, 32, 32, 32, 32, 16, 16, 32, 32, 32, 32, 32, 32, 32, 32, 32, 32, 32, 32, 32, 32, 32, 32, 32, 32, 32, 32, 32, 32, 32, 32]",1,1.0,2,1.098123324396783,0.2873171969449721,1.1718698654294806,0.5581046589075527
1400,-170.2,-66.2,-47.2,0.0,0.0,0.02,"[8, 8, 8, 8]","[32, 32, 32, 38, 38, 32, 32, 38, 32, 38, 38, 32, 32, 32, 38, 38, 38, 38, 32, 32, 38, 38, 32, 32, 32, 32, 32, 38, 38, 32, 32, 38, 32, 38, 38, 32, 32, 32, 38, 38, 38, 38, 32, 32, 38, 38, 32, 32, 38, 32, 38, 38, 38, 32, 32, 38, 32, 38, 38, 32, 32, 38, 38, 38]",1,1.0,2,2.0,0.4247930929654575,1.613194939168044,0.8215795521950986
1407,-145.4,-41.4,-22.4,1.06,0.72,2.15,"[5, 5, 5, 5]","[23, 23, 23, 23, 23, 23, 23, 23, 23, 23, 23, 23, 23, 23, 23, 23, 23, 23, 23, 23, 23, 23, 23, 23, 23, 23, 23, 23, 23, 23, 23, 23, 23, 23, 23, 23, 23, 23, 23, 23, 23, 23, 23, 23, 23, 23, 23, 23, 23, 23, 23, 23, 23, 23, 23, 23, 23, 23, 23, 23, 23, 23, 23, 23]",1,1.0,1,1.0,0.767699155501758,5.504747606415622,1.5206813188406794
1408,-138.3,-34.3,-15.3,2.49,2.63,7.0,"[4, 4, 4, 4]","[33, 33, 33, 33, 33, 33, 33, 33, 33, 33, 33, 33, 33, 33, 33, 33, 33, 33, 33, 33, 33, 33, 33, 33, 33, 33, 33, 33, 33, 33, 33, 33, 33, 33, 33, 33, 33, 33, 33, 33, 33, 33, 33, 33, 33, 33, 33, 33, 33, 33, 33, 33, 33, 33, 33, 33, 33, 33, 33, 33, 33, 33, 33, 33]",1,1.0,1,1.0,25.665816925144593,6.852345660475878,13.24090708397173
1409,-139.8,-35.8,-16.8,2.15,2.0,5.78,"[0, 0, 0, 0]","[32, 32, 32, 32, 32, 32, 32, 32, 32, 32, 32, 32, 32, 32, 32, 32, 32, 32, 32, 32, 32, 32, 32, 32, 32, 32, 32, 32, 32, 32, 32, 32, 32, 32, 32, 32, 32, 32, 32, 32, 32, 32, 32, 32, 32, 32, 32, 32, 32, 32, 32, 32, 32, 32, 32, 32, 32, 32, 32, 32, 32, 32, 32, 32]",1,1.0,1,1.0,18.03445123262772,5.138164207326046,9.883037329052236
1410,-140.0,-36.0,-17.0,2.04,1.93,5.82,"[5, 5, 5, 5]","[32, 32, 32, 32, 32, 32, 32, 32, 32, 32, 32, 32, 32, 32, 32, 32, 32, 32, 32, 32, 32, 32, 32, 32, 32, 32, 32, 32, 32, 32, 32, 32, 32, 32, 32, 32, 32, 32, 32, 32, 32, 32, 32, 32, 32, 32, 32, 32, 32, 32, 32, 32, 32, 32, 32, 32, 32, 32, 32, 32, 32, 32, 32, 32]",1,1.0,1,1.0,22.32030588759377,6.842183165114272,13.083441310416461
1411,-141.4,-37.4,-18.4,1.78,1.43,5.14,"[1, 1, 1, 1]","[41, 41, 41, 41, 41, 41, 41, 41, 41, 41, 41, 41, 41, 41, 41, 41, 41, 41, 41, 41, 41, 41, 41, 41, 41, 41, 41, 41, 41, 41, 41, 41, 41, 41, 41, 41, 41, 41, 41, 41, 41, 41, 41, 41, 41, 41, 41, 41, 41, 41, 41, 41, 41, 41, 41, 41, 41, 41, 41, 41, 41, 41, 41, 41]",1,1.0,1,1.0,20.342219616768666,4.919189522682954,9.562747535628986
1412,-141.5,-37.5,-18.5,1.7,1.65,6.09,"[0, 0, 0, 0]","[33, 33, 33, 33, 33, 33, 33, 33, 33, 33, 33, 33, 33, 33, 33, 33, 33, 33, 33, 33, 33, 33, 33, 33, 33, 33, 33, 33, 33, 33, 33, 33, 33, 33, 33, 33, 33, 33, 33, 33, 33, 33, 33, 33, 33, 33, 33, 33, 33, 33, 33, 33, 33, 33, 33, 33, 33, 33, 33, 33, 33, 33, 33, 33]",1,1.0,1,1.0,15.43947020906121,5.530668606184018,10.41337981302636
1413,-165.9,-61.9,-42.9,0.01,0.01,0.25,"[5, 5, 5, 5]","[32, 32, 32, 32, 32, 32, 32, 32, 32, 32, 32, 32, 32, 32, 32, 32, 32, 32, 32, 32, 32, 32, 32, 32, 32, 32, 32, 32, 32, 32, 32, 32, 32, 32, 32, 32, 32, 32, 32, 32, 32, 32, 32, 32, 32, 32, 32, 32, 32, 32, 32, 32, 32, 32, 32, 32, 32, 32, 32, 32, 32, 32, 32, 32]",1,1.0,1,1.0,1.6340310292027973,1.076086871033733,1.797423884019018
1414,-143.5,-39.5,-20.5,1.34,1.09,5.03,"[5, 5, 5, 5]","[33, 33, 33, 33, 33, 33, 33, 33, 33, 33, 33, 33, 33, 33, 33, 33, 33, 33, 33, 33, 33, 33, 33, 33, 33, 33, 33, 33, 33, 33, 33, 33, 33, 33, 33, 33, 33, 33, 33, 33, 33, 33, 33, 33, 33, 33, 33, 33, 33, 33, 33, 33, 33, 33, 33, 33, 33, 33, 33, 33, 33, 33, 33, 33]",1,1.0,1,1.0,28.380002497688242,4.7729944312320445,9.413782540380806
1415,-164.2,-60.2,-41.2,0.02,0.02,0.26,"[4, 4, 4, 4]","[41, 41, 41, 41, 41, 41, 41, 41, 41, 41, 41, 41, 41, 41, 41, 41, 41, 41, 41, 41, 41, 41, 41, 41, 41, 41, 41, 41, 41, 41, 41, 41, 41, 41, 41, 41, 41, 41, 41, 41, 41, 41, 41, 41, 41, 41, 41, 41, 41, 41, 41, 41, 41, 41, 41, 41, 41, 41, 41, 41, 41, 41, 41, 41]",1,1.0,1,1.0,1.9848168139854465,1.2617681508872207,2.1296405356458967
1416,-161.1,-57.1,-38.1,0.03,0.03,1.02,"[0, 0, 0, 0]","[32, 32, 32, 32, 32, 32, 32, 32, 32, 32, 32, 32, 32, 32, 32, 32, 32, 32, 32, 32, 32, 32, 32, 32, 32, 32, 32, 32, 32, 32, 32, 32, 32, 32, 32, 32, 32, 32, 32, 32, 32, 32, 32, 32, 32, 32, 32, 32, 32, 32, 32, 32, 32, 32, 32, 32, 32, 32, 32, 32, 32, 32, 32, 32]",1,1.0,1,1.0,2.296378203813108,1.792546532038891,2.826035411460465
1417,-160.1,-56.1,-37.1,0.04,0.02,0.85,"[5, 5, 5, 5]","[32, 32, 32, 32, 32, 32, 32, 32, 32, 32, 32, 32, 32, 32, 32, 32, 32, 32, 32, 32, 32, 32, 32, 32, 32, 32, 32, 32, 32, 32, 32, 32, 32, 32, 32, 32, 32, 32, 32, 32, 32, 32, 32, 32, 32, 32, 32, 32, 32, 32, 32, 32, 32, 32, 32, 32, 32, 32, 32, 32, 32, 32, 32, 32]",1,1.0,1,1.0,3.4553070198541875,2.8382636195158155,4.386416756053258
1418,-141.4,-37.4,-18.4,1.38,1.34,5.88,"[4, 4, 4, 4]","[32, 32, 32, 32, 32, 32, 32, 32, 32, 32, 32, 32, 32, 32, 32, 32, 32, 32, 32, 32, 32, 32, 32, 32, 32, 32, 32, 32, 32, 32, 32, 32, 32, 32, 32, 32, 32, 32, 32, 32, 32, 32, 32, 32, 32, 32, 32, 32, 32, 32, 32, 32, 32, 32, 32, 32, 32, 32, 32, 32, 32, 32, 32, 32]",1,1.0,1,1.0,0.40158704556087743,4.705228584916194,0.8002646282961491
1419,-141.3,-37.3,-18.3,1.56,1.63,5.02,"[0, 0, 0, 0]","[40, 40, 40, 40, 40, 40, 40, 40, 40, 40, 40, 40, 40, 40, 40, 40, 40, 40, 40, 40, 40, 40, 40, 40, 40, 40, 40, 40, 40, 40, 40, 40, 40, 40, 40, 40, 40, 40, 40, 40, 40, 40, 40, 40, 40, 40, 40, 40, 40, 40, 40, 40, 40, 40, 40, 40, 40, 40, 40, 40, 40, 40, 40, 40]",1,1.0,1,1.0,0.3164068026644968,3.5179068614415767,0.6302694503966993
1420,-111.3,-7.3,11.7,13.92,14.37,26.62,"[4, 4, 4, 4]","[32, 32, 32, 32, 32, 32, 32, 32, 32, 32, 32, 32, 32, 32, 32, 32, 32, 32, 32, 32, 32, 32, 32, 32, 32, 32, 32, 32, 32, 32, 32, 32, 32, 32, 32, 32, 32, 32, 32, 32, 32, 32, 32, 16, 32, 32, 32, 32, 0, 32, 0, 32, 16, 32, 16, 48, 0, 0, 16, 16, 16, 0, 32, 0]",1,1.0,4,1.531787584143605,1.104073146354035,6.434370466773154,2.176339620928737
1421,-140.4,-36.4,-17.4,1.99,1.99,6.82,"[4, 4, 4, 4]","[32, 32, 32, 32, 32, 32, 32, 32, 32, 32, 32, 32, 32, 32, 32, 32, 32, 32, 32, 32, 32, 32, 32, 32, 32, 32, 32, 32, 32, 32, 32, 32, 32, 32, 32, 32, 32, 32, 32, 32, 32, 32, 32, 32, 32, 32, 32, 32, 32, 32, 32, 32, 32, 32, 32, 32, 32, 32, 32, 32, 32, 32, 32, 32]",1,1.0,1,1.0,18.539833580464848,4.883596647728985,9.44501524769703
1422,-170.0,-66.0,-47.0,0.0,0.0,0.15,"[4, 4, 4, 4]","[54, 54, 54, 54, 54, 54, 54, 54, 54, 54, 54, 54, 54, 54, 54, 54, 54, 54, 54, 54, 54, 54, 54, 54, 54, 54, 54, 54, 54, 54, 54, 54, 54, 54, 54, 54, 54, 54, 54, 54, 54, 54, 54, 54, 54, 54, 54, 54, 54, 54, 54, 54, 54, 54, 54, 54, 54, 54, 54, 54, 54, 54, 54, 54]",1,1.0,1,1.0,3.860666506303701,3.5805554064038687,5.250563825259568
1423,-141.5,-37.5,-18.5,1.54,1.28,5.13,"[1, 1, 1, 1]","[41, 41, 41, 41, 41, 41, 41, 41, 41, 41, 41, 41, 41, 41, 41, 41, 41, 41, 41, 41, 41, 41, 41, 41, 41, 41, 41, 41, 41, 41, 41, 41, 41, 41, 41, 41, 41, 41, 41, 41, 41, 41, 41, 41, 41, 41, 41, 41, 41, 41, 41, 41, 41, 41, 41, 41, 41, 41, 41, 41, 41, 41, 41, 41]",1,1.0,1,1.0,8.855148357095976,10.602050459539628,13.592740585708265
1424,-111.1,-7.1,11.9,12.21,11.72,20.75,"[5, 5, 5, 5]","[32, 32, 32, 32, 32, 32, 32, 32, 32, 32, 32, 32, 32, 32, 32, 32, 32, 32, 32, 32, 32, 32, 32, 32, 32, 32, 32, 32, 32, 32, 32, 32, 32, 32, 32, 32, 32, 32, 32, 32, 32, 32, 32, 32, 32, 32, 32, 32, 32, 32, 32, 32, 32, 32, 32, 32, 32, 32, 32, 32, 32, 32, 32, 32]",1,1.0,1,1.0,0.44954128624204087,6.6453762424728575,0.8970324388385755
1425,-109.7,-5.7,13.3,12.45,13.25,22.07,"[4, 4, 4, 4]","[25, 25, 25, 25, 25, 25, 25, 25, 25, 25, 25, 25, 25, 25, 25, 25, 25, 25, 25, 25, 25, 25, 25, 25, 25, 25, 25, 25, 25, 25, 25, 25, 25, 25, 25, 25, 25, 25, 25, 25, 25, 25, 25, 25, 25, 25, 25, 25, 25, 25, 25, 25, 25, 25, 25, 25, 25, 25, 25, 25, 25, 25, 25, 25]",1,1.0,1,1.0,0.39849063742435126,7.215388740531861,0.7957686043950036
1426,-165.0,-61.0,-42.0,0.01,0.01,0.38,"[5, 5, 5, 5]","[8, 8, 8, 8, 8, 8, 8, 8, 8, 8, 8, 8, 8, 8, 8, 8, 8, 8, 8, 8, 8, 8, 8, 8, 8, 8, 8, 8, 8, 8, 8, 8, 8, 8, 8, 8, 8, 8, 8, 8, 8, 8, 8, 8, 8, 8, 8, 8, 8, 8, 8, 8, 8, 8, 8, 8, 8, 8, 8, 8, 8, 8, 8, 8]",1,1.0,1,1.0,1.6415782120022406,4.5299935842983725,3.0867326106409103
1427,-163.8,-59.8,-40.8,0.01,0.01,0.31,"[8, 8, 8, 8]","[8, 8, 8, 8, 8, 8, 8, 8, 8, 8, 8, 8, 8, 8, 8, 8, 8, 8, 8, 8, 8, 8, 8, 8, 8, 8, 8, 8, 8, 8, 8, 8, 8, 8, 8, 8, 8, 8, 8, 8, 8, 8, 8, 8, 8, 8, 8, 8, 8, 8, 8, 8, 8, 8, 8, 8, 8, 8, 8, 8, 8, 8, 8, 8]",1,1.0,1,1.0,0.755421275556666,2.5849183888710074,1.4501844419177674
1428,-139.5,-35.5,-16.5,2.16,1.17,5.37,"[7, 7, 7, 7]","[32, 32, 32, 32, 32, 32, 32, 32, 32, 32, 32, 32, 32, 32, 32, 32, 32, 32, 32, 32, 32, 32, 32, 32, 32, 32, 32, 32, 32, 32, 32, 32, 32, 32, 32, 32, 32, 32, 32, 32, 32, 32, 32, 32, 32, 32, 32, 32, 32, 32, 32, 32, 32, 32, 32, 32, 32, 32, 32, 32, 32, 32, 32, 32]",1,1.0,1,1.0,3.8354277010041753,5.976727825275008,6.455875131455391
1429,-143.4,-39.4,-20.4,1.29,0.78,4.49,"[3, 3, 3, 3]","[24, 24, 24, 24, 24, 24, 24, 24, 24, 24, 24, 24, 24, 24, 24, 24, 24, 24, 24, 24, 24, 24, 24, 24, 24, 24, 24, 24, 24, 24, 24, 24, 24, 24, 24, 24, 24, 24, 24, 24, 24, 24, 24, 24, 24, 24, 24, 24, 24, 24, 24, 24, 24, 24, 24, 24, 24, 24, 24, 24, 24, 24, 24, 24]",1,1.0,1,1.0,0.3929649726099713,1.7652943143157867,0.7671522568286883
1430,-142.1,-38.1,-19.1,1.54,1.02,5.23,"[5, 5, 5, 5]","[24, 24, 24, 24, 24, 24, 24, 24, 24, 24, 24, 24, 24, 24, 24, 24, 24, 24, 24, 24, 24, 24, 24, 24, 24, 24, 24, 24, 24, 24, 24, 24, 24, 24, 24, 24, 24, 24, 24, 24, 24, 24, 24, 24, 24, 24, 24, 24, 24, 24, 24, 24, 24, 24, 24, 24, 24, 24, 24, 24, 24, 24, 24, 24]",1,1.0,1,1.0,0.2854683159140886,1.3394497923606639,0.5583958254377359
1431,-135.9,-31.9,-12.9,3.22,3.42,9.89,"[0, 0, 0, 0]","[33, 33, 33, 33, 33, 33, 33, 33, 33, 33, 33, 33, 33, 33, 33, 33, 33, 33, 33, 33, 33, 33, 33, 33, 33, 33, 33, 33, 33, 33, 33, 33, 33, 33, 33, 33, 33, 33, 33, 33, 33, 33, 33, 33, 33, 33, 33, 33, 33, 33, 33, 33, 33, 33, 33, 33, 33, 33, 33, 33, 33, 33, 33, 33]",1,1.0,1,1.0,0.12170996376759777,1.612814608990825,0.2427297522709112
1432,-141.1,-37.1,-18.1,1.83,1.47,5.97,"[5, 5, 5, 5]","[24, 24, 24, 24, 24, 24, 24, 24, 24, 24, 24, 24, 24, 24, 24, 24, 24, 24, 24, 24, 24, 24, 24, 24, 24, 24, 24, 24, 24, 24, 24, 24, 24, 24, 24, 24, 24, 24, 24, 24, 24, 24, 24, 24, 24, 24, 24, 24, 24, 24, 24, 24, 24, 24, 24, 24, 24, 24, 24, 24, 24, 24, 24, 24]",1,1.0,1,1.0,0.265461757199906,1.4357537203347588,0.5220747674839857
1433,-150.4,-46.4,-27.4,0.44,0.4,2.86,"[4, 4, 4, 4]","[25, 25, 25, 25, 25, 25, 25, 25, 25, 25, 25, 25, 25, 25, 25, 25, 25, 25, 25, 25, 25, 25, 25, 25, 25, 25, 25, 25, 25, 25, 25, 25, 25, 25, 25, 25, 25, 25, 25, 25, 25, 25, 25, 25, 25, 25, 25, 25, 25, 25, 25, 25, 25, 25, 25, 25, 25, 25, 25, 25, 25, 25, 25, 25]",1,1.0,1,1.0,0.24639836915928745,1.408884889997226,0.48542895367290506
1434,-160.9,-56.9,-37.9,0.04,0.03,0.68,"[1, 1, 1, 1]","[25, 25, 25, 25, 25, 25, 25, 25, 25, 25, 25, 25, 25, 25, 25, 25, 25, 25, 25, 25, 25, 25, 25, 25, 25, 25, 25, 25, 25, 25, 25, 25, 25, 25, 25, 25, 25, 25, 25, 25, 25, 25, 25, 25, 25, 25, 25, 25, 25, 25, 25, 25, 25, 25, 25, 25, 25, 25, 25, 25, 25, 25, 25, 25]",1,1.0,1,1.0,0.3964448548372402,2.1427930958099304,0.7796581907190057
1435,-153.5,-49.5,-30.5,0.12,0.09,1.56,"[4, 4, 4, 4]","[33, 33, 33, 33, 33, 33, 33, 33, 33, 33, 33, 33, 33, 33, 33, 33, 33, 33, 33, 33, 33, 33, 33, 33, 33, 33, 33, 33, 33, 33, 33, 33, 33, 33, 33, 33, 33, 33, 33, 33, 33, 33, 33, 33, 33, 33, 33, 33, 33, 33, 33, 33, 33, 33, 33, 33, 33, 33, 33, 33, 33, 33, 33, 33]",1,1.0,1,1.0,0.17683498271162668,2.711253325377892,0.352920103261649
1436,-158.3,-54.3,-35.3,0.08,0.04,1.21,"[1, 1, 1, 1]","[24, 24, 24, 24, 24, 24, 24, 24, 24, 24, 24, 24, 24, 24, 24, 24, 24, 24, 24, 24, 24, 24, 24, 24, 24, 24, 24, 24, 24, 24, 24, 24, 24, 24, 24, 24, 24, 24, 24, 24, 24, 24, 24, 24, 24, 24, 24, 24, 24, 24, 24, 24, 24, 24, 24, 24, 24, 24, 24, 24, 24, 24, 24, 24]",1,1.0,1,1.0,0.4213835087761378,2.2324650412430915,0.828143766076434
1437,-161.3,-57.3,-38.3,0.04,0.03,0.62,"[0, 0, 0, 0]","[32, 32, 32, 32, 32, 32, 32, 32, 32, 32, 32, 32, 32, 32, 32, 32, 32, 32, 32, 32, 32, 32, 32, 32, 32, 32, 32, 32, 32, 32, 32, 32, 32, 32, 32, 32, 32, 32, 32, 32, 32, 32, 32, 32, 32, 32, 32, 32, 32, 32, 32, 32, 32, 32, 32, 32, 32, 32, 32, 32, 32, 32, 32, 32]",1,1.0,1,1.0,0.5381994338418071,2.3636700242769737,1.0495356944733196
1438,-165.8,-61.8,-42.8,0.01,0.01,0.34,"[0, 0, 0, 0]","[24, 24, 24, 24, 24, 24, 24, 24, 24, 24, 24, 24, 24, 24, 24, 24, 24, 24, 24, 24, 24, 24, 24, 24, 24, 24, 24, 24, 24, 24, 24, 24, 24, 24, 24, 24, 24, 24, 24, 24, 24, 24, 24, 24, 24, 24, 24, 24, 24, 24, 24, 24, 24, 24, 24, 24, 24, 24, 24, 24, 24, 24, 24, 24]",1,1.0,1,1.0,0.5474369386137791,2.273140574973793,1.0644410130231203
1439,-169.0,-65.0,-46.0,0.0,0.0,0.15,"[4, 4, 4, 4]","[24, 24, 24, 24, 24, 24, 24, 24, 24, 24, 24, 24, 24, 24, 24, 24, 24, 24, 24, 24, 24, 24, 24, 24, 24, 24, 24, 24, 24, 24, 24, 24, 24, 24, 24, 24, 24, 24, 24, 24, 24, 24, 24, 24, 24, 24, 24, 24, 24, 24, 24, 24, 24, 24, 24, 24, 24, 24, 24, 24, 24, 24, 24, 24]",1,1.0,1,1.0,0.3470514712107978,1.4044575587191859,0.6738349280021904
1440,-170.2,-66.2,-47.2,0.0,0.0,0.04,"[5, 5, 5, 5]","[31, 31, 31, 31, 31, 31, 31, 31, 31, 31, 31, 31, 31, 31, 31, 31, 31, 31, 31, 31, 31, 31, 31, 31, 31, 31, 31, 31, 31, 31, 31, 31, 31, 31, 31, 31, 31, 31, 31, 31, 31, 31, 31, 31, 31, 31, 31, 31, 31, 31, 31, 31, 31, 31, 31, 31, 31, 31, 31, 31, 31, 31, 31, 31]",1,1.0,1,1.0,0.44267340517831977,1.730765061993838,0.8577359559510797
1447,-138.7,-34.7,-15.7,2.49,1.75,5.79,"[5, 5, 5, 5]","[32, 32, 32, 32, 32, 32, 32, 32, 32, 32, 32, 32, 32, 32, 32, 32, 32, 32, 32, 32, 32, 32, 32, 32, 32, 32, 32, 32, 32, 32, 32, 32, 32, 32, 32, 32, 32, 32, 32, 32, 32, 32, 32, 32, 32, 32, 32, 32, 32, 32, 32, 32, 32, 32, 32, 32, 32, 32, 32, 32, 32, 32, 32, 32]",1,1.0,1,1.0,0.06560852453167017,2.993941663756243,0.13118555434243095
1448,-150.5,-46.5,-27.5,0.42,0.37,1.86,"[4, 4, 4, 4]","[15, 15, 15, 15, 15, 15, 15, 15, 15, 15, 15, 15, 15, 15, 15, 15, 15, 15, 15, 15, 15, 15, 15, 15, 15, 15, 15, 15, 15, 15, 15, 15, 15, 15, 15, 15, 15, 15, 15, 15, 15, 15, 15, 15, 15, 15, 15, 15, 15, 15, 15, 15, 15, 15, 15, 15, 15, 15, 15, 15, 15, 15, 15, 15]",1,1.0,1,1.0,1.030773565353868,1.1453533769396882,1.5323655005021901
1449,-139.1,-35.1,-16.1,2.29,2.21,5.98,"[0, 0, 0, 0]","[40, 40, 40, 40, 40, 40, 40, 40, 40, 40, 40, 40, 40, 40, 40, 40, 40, 40, 40, 40, 40, 40, 40, 40, 40, 40, 40, 40, 40, 40, 40, 40, 40, 40, 40, 40, 40, 40, 40, 40, 40, 40, 40, 40, 40, 40, 40, 40, 40, 40, 40, 40, 40, 40, 40, 40, 40, 40, 40, 40, 40, 40, 40, 40]",1,1.0,1,1.0,16.93608553662949,4.571304629373329,8.826729505948089
1450,-140.0,-36.0,-17.0,2.07,1.73,5.3,"[1, 1, 1, 1]","[40, 40, 40, 40, 40, 40, 40, 40, 40, 40, 40, 40, 40, 40, 40, 40, 40, 40, 40, 40, 40, 40, 40, 40, 40, 40, 40, 40, 40, 40, 40, 40, 40, 40, 40, 40, 40, 40, 40, 40, 40, 40, 40, 40, 40, 40, 40, 40, 40, 40, 40, 40, 40, 40, 40, 40, 40, 40, 40, 40, 40, 40, 40, 40]",1,1.0,1,1.0,21.743765702723795,4.781103009585409,9.339103157441208
1451,-141.8,-37.8,-18.8,1.68,1.6,5.74,"[0, 0, 0, 0]","[33, 33, 33, 33, 33, 33, 33, 33, 33, 33, 33, 33, 33, 33, 33, 33, 33, 33, 33, 33, 33, 33, 33, 33, 33, 33, 33, 33, 33, 33, 33, 33, 33, 33, 33, 33, 33, 33, 33, 33, 33, 33, 33, 33, 33, 33, 33, 33, 33, 33, 33, 33, 33, 33, 33, 33, 33, 33, 33, 33, 33, 33, 33, 33]",1,1.0,1,1.0,22.959417019535877,6.2558855266150974,12.071674320150318
1452,-167.0,-63.0,-44.0,0.01,0.01,0.12,"[1, 1, 1, 1]","[41, 41, 41, 41, 41, 41, 24, 24, 41, 41, 41, 41, 41, 24, 24, 24, 24, 41, 41, 41, 41, 24, 24, 24, 24, 41, 41, 41, 24, 24, 24, 24, 24, 41, 41, 41, 41, 41, 24, 24, 24, 41, 41, 41, 41, 24, 24, 24, 41, 41, 41, 41, 24, 41, 41, 24, 24, 41, 41, 41, 41, 41, 24, 24]",1,1.0,2,1.9320754716981132,1.2715631648968397,0.759122296284927,1.3036065949742364
1453,-153.7,-49.7,-30.7,0.2,0.13,2.3,"[1, 1, 1, 1]","[32, 32, 32, 32, 32, 32, 32, 32, 32, 32, 32, 32, 32, 32, 32, 32, 32, 32, 32, 32, 32, 32, 32, 32, 32, 32, 32, 32, 32, 32, 32, 32, 32, 32, 32, 32, 32, 32, 32, 32, 32, 32, 32, 32, 32, 32, 32, 32, 32, 32, 32, 32, 32, 32, 32, 32, 32, 32, 32, 32, 32, 32, 32, 32]",1,1.0,1,1.0,1.0744678773822944,2.5210022433725974,1.9768723061712488
1454,-156.0,-52.0,-33.0,0.12,0.06,0.94,"[5, 5, 5, 5]","[40, 40, 40, 40, 40, 40, 40, 40, 40, 40, 40, 40, 40, 40, 40, 40, 40, 40, 40, 40, 40, 40, 40, 40, 40, 40, 40, 40, 40, 40, 40, 40, 40, 40, 40, 40, 40, 40, 40, 40, 40, 40, 40, 40, 40, 40, 40, 40, 40, 40, 40, 40, 40, 40, 40, 40, 40, 40, 40, 40, 40, 40, 40, 40]",1,1.0,1,1.0,0.9795229576474873,2.142926164029339,1.7817338298106673
1455,-160.7,-56.7,-37.7,0.05,0.03,0.95,"[1, 1, 1, 1]","[32, 32, 32, 32, 32, 32, 32, 32, 32, 32, 32, 32, 32, 32, 32, 32, 32, 32, 32, 32, 32, 32, 32, 32, 32, 32, 32, 32, 32, 32, 32, 32, 32, 32, 32, 32, 32, 32, 32, 32, 32, 32, 32, 32, 32, 32, 32, 32, 32, 32, 32, 32, 32, 32, 32, 32, 32, 32, 32, 32, 32, 32, 32, 32]",1,1.0,1,1.0,2.869457258902829,1.9075791598382195,3.1771565645713657
1456,-159.3,-55.3,-36.3,0.06,0.03,0.53,"[5, 5, 5, 5]","[41, 41, 41, 41, 41, 41, 41, 41, 41, 41, 41, 41, 41, 41, 41, 41, 41, 41, 41, 41, 41, 41, 41, 41, 41, 41, 41, 41, 41, 41, 41, 41, 41, 41, 41, 41, 41, 41, 41, 41, 41, 41, 41, 41, 41, 41, 41, 41, 41, 41, 41, 41, 41, 41, 41, 41, 41, 41, 41, 41, 41, 41, 41, 41]",1,1.0,1,1.0,2.4718947970976166,1.7222179437534617,2.826140201277459
1457,-141.1,-37.1,-18.1,1.6,1.56,5.48,"[4, 4, 4, 4]","[40, 40, 40, 40, 40, 40, 40, 40, 40, 40, 40, 40, 40, 40, 40, 40, 40, 40, 40, 40, 40, 40, 40, 40, 40, 40, 40, 40, 40, 40, 40, 40, 40, 40, 40, 40, 40, 40, 40, 40, 40, 40, 40, 40, 40, 40, 40, 40, 40, 40, 40, 40, 40, 40, 40, 40, 40, 40, 40, 50, 50, 40, 40, 40]",1,1.0,2,1.0644490644490645,0.3562211103445795,3.611057358056795,0.7090008254718932
1458,-130.7,-26.7,-7.7,4.67,3.96,7.73,"[5, 5, 5, 5]","[25, 25, 25, 25, 25, 25, 25, 25, 25, 25, 25, 25, 25, 25, 25, 25, 25, 25, 25, 25, 25, 25, 25, 25, 25, 25, 25, 25, 25, 25, 25, 25, 25, 25, 25, 25, 25, 25, 25, 25, 25, 25, 25, 25, 25, 25, 25, 25, 25, 25, 25, 25, 25, 25, 25, 25, 25, 25, 25, 25, 25, 25, 25, 25]",1,1.0,1,1.0,4.780761290599747,7.654034945256693,8.109588195658398
1459,-148.9,-44.9,-25.9,0.48,0.32,2.17,"[0, 0, 0, 0]","[56, 56, 56, 56, 56, 56, 56, 58, 56, 56, 56, 56, 56, 56, 58, 58, 56, 56, 56, 56, 56, 56, 58, 58, 56, 56, 56, 56, 56, 56, 58, 58, 56, 56, 56, 56, 56, 56, 56, 58, 56, 56, 56, 56, 56, 56, 56, 58, 56, 58, 56, 56, 56, 56, 56, 58, 58, 56, 56, 56, 56, 56, 58, 58]",1,1.0,2,1.5192878338278932,6.907932331779938,6.331122040736051,9.334799189500144
1460,-108.9,-4.9,14.1,12.9,13.28,21.1,"[1, 1, 1, 1]","[25, 25, 25, 25, 25, 25, 25, 25, 25, 25, 25, 25, 25, 25, 25, 25, 25, 25, 25, 25, 25, 25, 25, 25, 25, 25, 25, 25, 25, 25, 25, 25, 25, 25, 25, 25, 25, 25, 25, 25, 25, 25, 25, 25, 25, 25, 25, 25, 25, 25, 25, 25, 25, 25, 25, 25, 25, 25, 25, 25, 25, 25, 25, 25]",1,1.0,1,1.0,0.3215135343649832,4.44926454067825,0.6413547289407651
1461,-150.8,-46.8,-27.8,0.33,0.21,1.82,"[8, 8, 8, 8]","[41, 41, 41, 41, 41, 41, 41, 41, 41, 41, 41, 41, 41, 41, 41, 41, 41, 41, 41, 41, 41, 41, 41, 41, 41, 41, 41, 41, 41, 41, 41, 41, 41, 41, 41, 41, 41, 41, 41, 41, 41, 41, 41, 41, 41, 41, 41, 41, 41, 41, 41, 41, 41, 41, 41, 41, 41, 41, 41, 41, 41, 41, 41, 41]",1,1.0,1,1.0,5.046531206008771,5.448524406243416,7.404807345860365
1462,-164.5,-60.5,-41.5,0.02,0.01,0.3,"[13, 13, 13, 13]","[41, 41, 41, 41, 41, 41, 41, 41, 41, 41, 41, 41, 41, 41, 41, 41, 41, 41, 41, 41, 41, 41, 41, 41, 41, 41, 41, 41, 41, 41, 41, 41, 41, 41, 41, 41, 41, 41, 41, 41, 41, 41, 41, 41, 41, 41, 41, 41, 41, 41, 41, 41, 41, 41, 41, 41, 41, 41, 41, 41, 41, 41, 41, 41]",1,1.0,1,1.0,2.3215333544558137,2.5366796909031732,3.4251812038823473
1463,-110.3,-6.3,12.7,11.64,12.09,19.68,"[4, 4, 4, 4]","[25, 25, 25, 25, 25, 25, 25, 25, 25, 25, 25, 25, 25, 25, 25, 25, 25, 25, 25, 25, 25, 25, 25, 25, 25, 25, 25, 25, 25, 25, 25, 25, 25, 25, 25, 25, 25, 25, 25, 25, 25, 25, 25, 25, 25, 25, 25, 25, 25, 25, 25, 25, 25, 25, 25, 25, 25, 25, 25, 25, 25, 25, 25, 25]",1,1.0,1,1.0,0.1692846416758341,2.0139929830952354,0.3373795683635474
1465,-167.0,-63.0,-44.0,0.01,0.0,0.1,"[13, 13, 13, 13]","[32, 32, 32, 32, 32, 32, 32, 32, 32, 32, 32, 32, 32, 32, 32, 32, 32, 32, 32, 32, 32, 32, 32, 32, 32, 32, 32, 32, 32, 32, 32, 32, 32, 32, 32, 32, 32, 32, 32, 32, 32, 32, 32, 32, 32, 32, 32, 32, 32, 32, 32, 32, 32, 32, 32, 32, 32, 32, 32, 32, 32, 32, 32, 32]",1,1.0,1,1.0,0.6544189601751291,1.0269546075051295,1.1037766255557433
1466,-141.8,-37.8,-18.8,1.65,1.74,5.02,"[0, 0, 0, 0]","[40, 40, 40, 40, 40, 40, 40, 40, 40, 40, 40, 40, 40, 40, 40, 40, 40, 40, 40, 40, 40, 40, 40, 40, 40, 40, 40, 40, 40, 40, 40, 40, 40, 40, 40, 40, 40, 40, 40, 40, 40, 40, 40, 40, 40, 40, 40, 40, 40, 40, 40, 40, 40, 40, 40, 40, 40, 40, 40, 40, 40, 40, 40, 40]",1,1.0,1,1.0,15.986041767763206,7.010335800188976,12.840286580777475
1467,-140.7,-36.7,-17.7,1.9,2.02,5.07,"[0, 0, 0, 0]","[41, 41, 41, 41, 41, 41, 41, 41, 41, 41, 41, 41, 41, 41, 41, 41, 41, 41, 41, 41, 41, 41, 41, 41, 41, 41, 41, 41, 41, 41, 41, 41, 41, 41, 41, 41, 41, 41, 41, 41, 41, 41, 41, 41, 41, 41, 41, 41, 41, 41, 41, 41, 41, 41, 41, 41, 41, 41, 41, 41, 41, 41, 41, 41]",1,1.0,1,1.0,16.668632054985405,6.646499914586282,12.34758539161168
1468,-142.2,-38.2,-19.2,1.55,1.17,5.07,"[5, 5, 5, 5]","[33, 33, 33, 33, 33, 33, 33, 33, 33, 33, 33, 33, 33, 33, 33, 33, 33, 33, 33, 33, 33, 33, 33, 33, 33, 33, 33, 33, 33, 33, 33, 33, 33, 33, 33, 33, 33, 33, 33, 33, 33, 33, 33, 33, 33, 33, 33, 33, 33, 33, 33, 33, 33, 33, 33, 33, 33, 33, 33, 33, 33, 33, 33, 33]",1,1.0,1,1.0,11.896810681501382,6.839670203367649,11.859135406547576
1469,-168.3,-64.3,-45.3,0.0,0.0,0.01,"[5, 5, 5, 5]","[24, 24, 24, 24, 24, 24, 24, 24, 24, 24, 24, 24, 24, 24, 24, 24, 24, 24, 24, 24, 24, 24, 24, 24, 24, 24, 24, 24, 24, 24, 24, 24, 24, 24, 24, 24, 24, 24, 24, 24, 24, 24, 24, 24, 24, 24, 24, 24, 24, 24, 24, 24, 24, 24, 24, 24, 24, 24, 24, 24, 24, 24, 24, 24]",1,1.0,1,1.0,1.2556218288349552,3.13519357403566,2.331235001981164
1470,-139.9,-35.9,-16.9,1.82,1.75,6.93,"[4, 4, 4, 4]","[25, 25, 25, 25, 25, 25, 25, 25, 41, 41, 41, 41, 41, 41, 25, 25, 25, 25, 25, 25, 25, 25, 25, 25, 25, 25, 25, 25, 25, 25, 25, 25, 25, 25, 25, 25, 25, 25, 25, 25, 25, 25, 25, 25, 25, 25, 25, 25, 25, 25, 25, 25, 25, 25, 25, 25, 25, 25, 25, 25, 25, 25, 25, 25]",1,1.0,2,1.204705882352941,3.8682716662977015,7.52762312517582,6.881157380271913
1471,-136.9,-32.9,-13.9,2.83,2.73,10.64,"[4, 4, 4, 4]","[32, 32, 32, 32, 32, 32, 32, 32, 32, 32, 32, 32, 32, 32, 32, 32, 32, 32, 32, 32, 32, 32, 32, 32, 32, 32, 32, 32, 32, 32, 32, 32, 32, 32, 32, 32, 32, 32, 32, 32, 32, 32, 32, 32, 32, 32, 32, 32, 32, 32, 32, 32, 32, 32, 32, 32, 32, 32, 32, 32, 32, 32, 32, 32]",1,1.0,1,1.0,3.857127244116362,6.139470589100171,6.532113294490502
1472,-134.6,-30.6,-11.6,3.66,3.7,11.56,"[0, 0, 0, 0]","[32, 32, 32, 32, 32, 32, 32, 32, 32, 32, 32, 32, 32, 32, 32, 32, 32, 32, 32, 32, 32, 32, 32, 32, 32, 32, 32, 32, 32, 32, 32, 32, 32, 32, 32, 32, 32, 32, 32, 32, 32, 32, 32, 32, 32, 32, 32, 32, 32, 32, 32, 32, 32, 32, 32, 32, 32, 32, 32, 32, 32, 32, 32, 32]",1,1.0,1,1.0,0.11743015504571139,1.542977418591343,0.23418307706819377
1473,-141.4,-37.4,-18.4,1.69,1.46,4.8,"[8, 8, 8, 8]","[32, 32, 32, 32, 32, 32, 32, 32, 32, 32, 32, 32, 32, 32, 32, 32, 32, 32, 32, 32, 32, 32, 32, 32, 32, 32, 32, 32, 32, 32, 32, 32, 32, 32, 32, 32, 32, 32, 32, 32, 32, 32, 32, 32, 32, 32, 32, 32, 32, 32, 32, 32, 32, 32, 32, 32, 32, 32, 32, 32, 32, 32, 32, 32]",1,1.0,1,1.0,2.5073226430403794,4.606827555313003,4.404540553231037
1474,-155.8,-51.8,-32.8,0.1,0.06,1.14,"[0, 0, 0, 0]","[25, 25, 25, 25, 25, 25, 25, 25, 25, 25, 25, 25, 25, 25, 25, 25, 25, 25, 25, 25, 25, 25, 25, 25, 25, 25, 25, 25, 25, 25, 25, 25, 25, 25, 25, 25, 25, 25, 25, 25, 25, 25, 25, 25, 25, 25, 25, 25, 25, 25, 25, 25, 25, 25, 25, 25, 25, 25, 25, 25, 25, 25, 25, 25]",1,1.0,1,1.0,2.4916398704717917,4.629184941319045,4.388028696451361
1475,-164.2,-60.2,-41.2,0.02,0.01,0.26,"[5, 5, 5, 5]","[32, 32, 32, 32, 32, 32, 32, 32, 32, 32, 32, 32, 32, 32, 32, 32, 32, 32, 32, 32, 32, 32, 32, 32, 32, 32, 32, 32, 32, 32, 32, 32, 32, 32, 32, 32, 32, 32, 32, 32, 32, 32, 32, 32, 32, 32, 32, 32, 32, 32, 32, 32, 32, 32, 32, 32, 32, 32, 32, 32, 32, 32, 32, 32]",1,1.0,1,1.0,0.2570835663088039,1.3287056696867756,0.5048049736687971
1476,-161.2,-57.2,-38.2,0.03,0.03,0.55,"[4, 4, 4, 4]","[32, 32, 32, 32, 32, 32, 32, 32, 32, 32, 32, 32, 32, 32, 32, 32, 32, 32, 32, 32, 32, 32, 32, 32, 32, 32, 32, 32, 32, 32, 32, 32, 32, 32, 32, 32, 32, 32, 32, 32, 32, 32, 32, 32, 32, 32, 32, 32, 32, 32, 32, 32, 32, 32, 32, 32, 32, 32, 32, 32, 32, 32, 32, 32]",1,1.0,1,1.0,0.6238523922976229,2.6232391391437746,1.2138508672378636
1477,-163.4,-59.4,-40.4,0.02,0.02,0.46,"[0, 0, 0, 0]","[25, 25, 25, 25, 25, 25, 25, 25, 25, 25, 25, 25, 25, 25, 25, 25, 25, 25, 25, 25, 25, 25, 25, 25, 25, 25, 25, 25, 25, 25, 25, 25, 25, 25, 25, 25, 25, 25, 25, 25, 25, 25, 25, 25, 25, 25, 25, 25, 25, 25, 25, 25, 25, 25, 25, 25, 25, 25, 25, 25, 25, 25, 25, 25]",1,1.0,1,1.0,0.6416398545332147,2.5693576765584045,1.2450439070020904
1478,-168.0,-64.0,-45.0,0.01,0.0,0.08,"[5, 5, 5, 5]","[31, 25, 25, 25, 25, 25, 25, 25, 25, 25, 25, 25, 25, 25, 25, 25, 25, 25, 25, 25, 25, 25, 25, 25, 25, 25, 25, 25, 25, 25, 25, 25, 25, 25, 25, 25, 25, 25, 25, 25, 25, 25, 25, 25, 25, 25, 25, 25, 25, 25, 25, 25, 25, 25, 25, 25, 25, 25, 25, 25, 25, 25, 25, 25]",1,1.0,2,1.0317380352644836,0.4777428551949344,1.9514187111765728,0.9280777972103503
1479,-145.5,-41.5,-22.5,0.92,0.48,3.0,"[5, 5, 5, 5]","[17, 17, 17, 17, 17, 17, 17, 17, 17, 17, 17, 17, 17, 17, 17, 17, 17, 17, 17, 17, 17, 17, 17, 17, 17, 17, 17, 17, 17, 17, 17, 17, 17, 17, 17, 17, 17, 17, 17, 17, 17, 17, 17, 17, 17, 17, 17, 17, 17, 17, 17, 17, 17, 17, 17, 17, 17, 17, 17, 17, 17, 17, 17, 17]",1,1.0,1,1.0,0.1535297188715282,4.510955337871678,0.3068817476544323
1480,-171.4,-67.4,-48.4,0.0,0.0,0.06,"[9, 9, 9, 9]","[31, 31, 31, 31, 31, 31, 31, 31, 31, 31, 31, 31, 31, 31, 31, 31, 31, 31, 31, 31, 31, 31, 31, 31, 31, 31, 31, 31, 31, 31, 31, 31, 31, 31, 31, 31, 31, 31, 31, 31, 31, 31, 31, 31, 31, 31, 31, 31, 31, 31, 31, 31, 31, 31, 31, 31, 31, 31, 31, 31, 31, 31, 31, 31]",1,1.0,1,1.0,0.7209355260460885,2.4642403838239035,1.3838638363985492
1486,-149.5,-45.5,-26.5,0.5,0.3,0.83,"[1, 1, 1, 1]","[38, 38, 38, 38, 22, 22, 22, 22, 38, 38, 38, 22, 22, 22, 22, 22, 22, 22, 22, 22, 22, 22, 22, 22, 22, 22, 22, 22, 22, 22, 22, 22, 22, 22, 22, 22, 22, 22, 22, 22, 22, 22, 22, 22, 22, 22, 22, 22, 22, 22, 22, 22, 22, 22, 22, 22, 22, 22, 22, 22, 22, 22, 22, 22]",1,1.0,2,1.2419648271679806,0.13139322469446488,0.913453923401086,0.2601093200641663
1487,-138.6,-34.6,-15.6,2.47,1.76,4.88,"[5, 5, 5, 5]","[33, 33, 33, 33, 33, 33, 33, 33, 33, 33, 33, 33, 33, 33, 33, 33, 33, 33, 33, 33, 33, 33, 33, 33, 33, 33, 33, 33, 33, 33, 33, 33, 33, 33, 33, 33, 33, 33, 33, 33, 33, 33, 33, 33, 33, 33, 33, 33, 33, 33, 33, 33, 33, 33, 33, 33, 33, 33, 33, 33, 33, 33, 33, 33]",1,1.0,1,1.0,0.08396516383703455,3.9124145844824305,0.16789166804428293
1488,-149.5,-45.5,-26.5,0.51,0.17,0.79,"[3, 3, 3, 3]","[24, 24, 24, 24, 24, 24, 24, 24, 24, 24, 24, 24, 24, 24, 24, 24, 24, 24, 24, 24, 24, 24, 24, 24, 24, 24, 24, 24, 24, 24, 24, 24, 24, 24, 24, 24, 24, 24, 24, 24, 24, 24, 24, 24, 24, 24, 24, 24, 24, 24, 24, 24, 24, 24, 24, 24, 24, 24, 24, 24, 24, 24, 24, 24]",1,1.0,1,1.0,0.9947500434036421,1.1676740555221263,1.5144520250386562
1489,-153.8,-49.8,-30.8,0.21,0.13,1.17,"[1, 1, 1, 1]","[15, 15, 15, 15, 15, 15, 15, 15, 15, 15, 15, 15, 15, 15, 15, 15, 15, 15, 15, 15, 15, 15, 15, 15, 15, 15, 15, 15, 15, 15, 15, 15, 15, 15, 15, 15, 15, 15, 15, 15, 15, 15, 15, 15, 15, 15, 15, 15, 15, 15, 15, 15, 15, 15, 15, 15, 15, 15, 15, 15, 15, 15, 15, 15]",1,1.0,1,1.0,1.5718979378297817,1.1167928240918574,1.8208201220815372
1490,-140.3,-36.3,-17.3,2.0,1.82,5.45,"[5, 5, 5, 5]","[32, 32, 32, 32, 32, 32, 32, 32, 32, 32, 32, 32, 32, 32, 32, 32, 32, 32, 32, 32, 32, 32, 32, 32, 32, 32, 32, 32, 32, 32, 32, 32, 32, 32, 32, 32, 32, 32, 32, 32, 32, 32, 32, 32, 32, 32, 32, 32, 32, 32, 32, 32, 32, 32, 32, 32, 32, 32, 32, 32, 32, 32, 32, 32]",1,1.0,1,1.0,24.828130419991155,6.78391112556723,13.088056144680678
1491,-141.2,-37.2,-18.2,1.81,1.49,5.52,"[1, 1, 1, 1]","[33, 33, 33, 33, 33, 33, 33, 33, 33, 33, 33, 33, 33, 33, 33, 33, 33, 33, 33, 33, 33, 33, 33, 33, 33, 33, 33, 33, 33, 33, 33, 33, 33, 33, 33, 33, 33, 33, 33, 33, 33, 33, 33, 33, 33, 33, 33, 33, 33, 33, 33, 33, 33, 33, 33, 33, 33, 33, 33, 33, 33, 33, 33, 33]",1,1.0,1,1.0,23.365274689192542,5.773574078953798,11.209984924089323
1492,-142.9,-38.9,-19.9,1.39,1.38,5.46,"[0, 0, 0, 0]","[33, 33, 33, 33, 33, 33, 33, 33, 33, 33, 33, 33, 33, 33, 33, 33, 33, 33, 33, 33, 33, 33, 33, 33, 33, 33, 33, 33, 33, 33, 33, 33, 33, 33, 33, 33, 33, 33, 33, 33, 33, 33, 33, 33, 33, 33, 33, 33, 33, 33, 33, 33, 33, 33, 33, 33, 33, 33, 33, 33, 33, 33, 33, 33]",1,1.0,1,1.0,20.97550213272307,7.65198998620522,14.377171072817397
1493,-164.4,-60.4,-41.4,0.02,0.01,0.49,"[1, 1, 1, 1]","[32, 32, 32, 32, 32, 32, 32, 32, 32, 32, 32, 32, 32, 32, 32, 32, 32, 32, 32, 32, 32, 32, 32, 32, 32, 32, 32, 32, 32, 32, 32, 32, 32, 32, 32, 32, 32, 32, 32, 32, 32, 32, 32, 32, 32, 32, 32, 32, 32, 32, 32, 32, 32, 32, 32, 32, 32, 32, 32, 32, 32, 32, 32, 32]",1,1.0,1,1.0,1.376585493307665,0.8004628113954069,1.3839582295884805
1494,-166.6,-62.6,-43.6,0.01,0.01,0.16,"[4, 4, 4, 4]","[41, 41, 41, 41, 41, 41, 41, 41, 41, 41, 41, 41, 41, 41, 41, 41, 41, 41, 41, 41, 41, 41, 41, 41, 41, 41, 41, 41, 41, 41, 41, 41, 41, 41, 41, 41, 41, 41, 41, 41, 41, 41, 41, 41, 41, 41, 41, 41, 41, 41, 41, 41, 41, 41, 41, 41, 41, 41, 41, 41, 41, 41, 41, 41]",1,1.0,1,1.0,2.3379145849956164,1.535188852052238,2.566513248193142
1495,-164.2,-60.2,-41.2,0.02,0.01,0.17,"[5, 5, 5, 5]","[41, 41, 41, 41, 41, 41, 41, 41, 41, 41, 41, 41, 41, 41, 41, 41, 41, 41, 41, 41, 41, 41, 41, 41, 41, 41, 41, 41, 41, 41, 41, 41, 41, 41, 41, 41, 41, 41, 41, 41, 41, 41, 41, 41, 41, 41, 41, 41, 41, 41, 41, 41, 41, 41, 41, 41, 41, 41, 41, 41, 41, 41, 41, 41]",1,1.0,1,1.0,1.7499572350478143,1.0670498803539357,1.8220849251432696
1496,-143.6,-39.6,-20.6,1.3,1.03,4.76,"[1, 1, 1, 1]","[32, 32, 32, 32, 32, 32, 32, 32, 32, 32, 32, 32, 32, 32, 32, 32, 32, 32, 32, 32, 32, 32, 32, 32, 32, 32, 32, 32, 32, 32, 32, 32, 32, 32, 32, 32, 32, 32, 32, 32, 32, 32, 32, 32, 32, 32, 32, 32, 32, 32, 32, 32, 32, 32, 32, 32, 32, 32, 32, 32, 32, 32, 32, 32]",1,1.0,1,1.0,22.31497136704983,5.798301246101774,11.223892677643294
1497,-141.0,-37.0,-18.0,1.65,1.37,6.01,"[5, 5, 5, 5]","[33, 33, 33, 33, 33, 33, 33, 33, 33, 33, 33, 33, 33, 33, 33, 33, 33, 33, 33, 33, 33, 33, 33, 33, 33, 33, 33, 33, 33, 33, 33, 33, 33, 33, 33, 33, 33, 33, 33, 33, 33, 33, 33, 33, 33, 33, 33, 33, 33, 33, 33, 33, 33, 33, 33, 33, 33, 33, 33, 33, 33, 33, 33, 33]",1,1.0,1,1.0,0.43623658882846317,5.054445238114193,0.8692416994659575
1498,-134.2,-30.2,-11.2,3.72,3.28,8.05,"[1, 1, 1, 1]","[24, 24, 24, 24, 24, 24, 24, 24, 24, 24, 24, 24, 24, 24, 24, 24, 24, 24, 24, 24, 24, 24, 24, 24, 24, 24, 24, 24, 24, 24, 24, 24, 24, 24, 24, 24, 24, 24, 24, 24, 24, 24, 24, 24, 24, 24, 24, 24, 24, 24, 24, 24, 24, 24, 24, 24, 24, 24, 24, 24, 24, 24, 24, 24]",1,1.0,1,1.0,3.3305469147363933,10.291130493899082,6.337469370466787
1499,-109.4,-5.4,13.6,12.99,14.11,21.67,"[0, 0, 0, 0]","[33, 33, 33, 33, 33, 33, 33, 33, 33, 33, 33, 33, 33, 33, 33, 33, 33, 33, 33, 33, 33, 33, 33, 33, 33, 33, 33, 33, 33, 33, 33, 33, 33, 33, 33, 33, 33, 33, 33, 33, 33, 33, 33, 33, 33, 33, 33, 33, 33, 33, 33, 33, 33, 33, 33, 33, 33, 33, 33, 33, 33, 33, 33, 33]",1,1.0,1,1.0,0.7496638759477386,5.858890925445615,1.4872029173566723
1500,-150.7,-46.7,-27.7,0.31,0.16,2.48,"[1, 1, 1, 1]","[33, 33, 33, 33, 33, 33, 33, 33, 33, 33, 33, 33, 33, 33, 33, 33, 33, 33, 33, 33, 33, 33, 33, 33, 33, 33, 33, 33, 33, 33, 33, 33, 33, 33, 33, 33, 33, 33, 33, 33, 33, 33, 33, 33, 33, 33, 33, 33, 33, 33, 33, 33, 33, 33, 33, 33, 33, 33, 33, 33, 33, 33, 33, 33]",1,1.0,1,1.0,2.846506065196812,4.757702375082733,4.885390176934035
1501,-151.9,-47.9,-28.9,0.3,0.19,1.83,"[8, 8, 8, 8]","[40, 40, 40, 40, 40, 40, 40, 40, 40, 40, 40, 40, 40, 40, 40, 40, 40, 40, 40, 40, 40, 40, 40, 40, 40, 40, 40, 40, 40, 40, 40, 40, 40, 40, 40, 40, 40, 40, 40, 40, 40, 40, 40, 40, 40, 40, 40, 40, 40, 40, 40, 40, 40, 40, 40, 40, 40, 40, 40, 40, 40, 40, 40, 40]",1,1.0,1,1.0,2.5129375847906443,2.644218942435613,3.6431170518152145
1502,-143.5,-39.5,-20.5,1.31,1.35,5.58,"[0, 0, 0, 0]","[32, 32, 32, 32, 32, 32, 32, 32, 32, 32, 32, 32, 32, 32, 32, 32, 32, 32, 32, 32, 32, 32, 32, 32, 32, 32, 32, 32, 32, 32, 32, 32, 32, 32, 32, 32, 32, 32, 32, 32, 32, 32, 32, 32, 32, 32, 32, 32, 32, 32, 32, 32, 32, 32, 32, 32, 32, 32, 32, 32, 32, 32, 32, 32]",1,1.0,1,1.0,16.376186136298706,6.432131681345808,11.973773220097996
1505,-167.9,-63.9,-44.9,0.0,0.0,0.15,"[1, 1, 1, 1]","[24, 24, 24, 24, 24, 24, 24, 24, 24, 24, 24, 24, 24, 24, 24, 24, 24, 24, 24, 24, 24, 24, 24, 24, 24, 24, 24, 24, 24, 24, 24, 24, 24, 24, 24, 24, 24, 24, 24, 24, 24, 24, 24, 24, 24, 24, 24, 24, 24, 24, 24, 24, 24, 24, 24, 24, 24, 24, 24, 24, 24, 24, 24, 24]",1,1.0,1,1.0,0.8042064182612915,1.1346796411091609,1.3122450890492097
1506,-166.3,-62.3,-43.3,0.01,0.01,0.06,"[5, 5, 5, 5]","[39, 39, 39, 39, 39, 39, 39, 39, 39, 39, 39, 39, 39, 39, 39, 39, 39, 39, 39, 39, 39, 39, 39, 39, 39, 39, 39, 39, 39, 39, 39, 39, 39, 39, 39, 39, 39, 39, 39, 39, 39, 39, 39, 39, 39, 39, 39, 39, 39, 39, 39, 39, 39, 39, 39, 39, 39, 39, 39, 39, 39, 39, 39, 39]",1,1.0,1,1.0,0.26869618101098475,1.6900987239437146,0.5307270350325172
1507,-167.6,-63.6,-44.6,0.01,0.0,0.03,"[1, 1, 1, 1]","[24, 24, 24, 24, 24, 24, 24, 24, 24, 24, 24, 24, 24, 24, 24, 24, 24, 24, 24, 24, 24, 24, 24, 24, 24, 24, 24, 24, 24, 24, 24, 24, 24, 24, 24, 24, 24, 24, 24, 24, 24, 24, 24, 24, 24, 24, 24, 24, 24, 24, 24, 24, 24, 24, 24, 24, 24, 24, 24, 24, 24, 24, 24, 24]",1,1.0,1,1.0,1.9193179977083592,8.786757885203812,3.7502115670892513
1508,-119.9,-15.9,3.1,8.44,9.56,15.35,"[0, 0, 0, 0]","[41, 41, 41, 41, 41, 41, 41, 41, 41, 41, 41, 41, 41, 41, 41, 41, 41, 41, 41, 41, 41, 41, 41, 41, 41, 41, 41, 41, 41, 41, 41, 41, 41, 41, 41, 41, 41, 41, 41, 41, 41, 41, 41, 41, 41, 41, 41, 41, 41, 41, 41, 41, 41, 41, 41, 41, 41, 41, 41, 41, 41, 41, 41, 41]",1,1.0,1,1.0,6.729183191891358,5.089765115602714,8.118725640332338
1519,-171.5,-67.5,-48.5,0.0,0.0,0.03,"[5, 5, 5, 5]","[32, 32, 32, 32, 32, 32, 32, 32, 32, 32, 32, 32, 32, 32, 32, 32, 32, 32, 32, 32, 32, 32, 32, 32, 32, 32, 32, 32, 32, 32, 32, 32, 32, 32, 32, 32, 32, 32, 32, 32, 32, 32, 32, 32, 32, 32, 32, 32, 32, 32, 32, 32, 32, 32, 32, 32, 32, 32, 32, 32, 32, 32, 32, 32]",1,1.0,1,1.0,2.2082468613789508,2.915868027321589,3.520784864258627
1520,-157.4,-53.4,-34.4,0.1,0.06,0.67,"[1, 1, 1, 1]","[41, 41, 41, 41, 41, 41, 41, 41, 41, 41, 41, 41, 41, 41, 41, 41, 41, 41, 41, 41, 41, 41, 41, 41, 41, 41, 41, 41, 41, 41, 41, 41, 41, 41, 41, 41, 41, 41, 41, 41, 41, 41, 41, 41, 41, 41, 41, 41, 41, 41, 41, 41, 41, 41, 41, 41, 41, 41, 41, 41, 41, 41, 41, 41]",1,1.0,1,1.0,0.8045142642122485,1.8497448515322288,1.4755109671921034
1524,-154.5,-50.5,-31.5,0.18,0.1,1.55,"[5, 5, 5, 5]","[40, 40, 40, 40, 40, 40, 40, 40, 40, 40, 40, 40, 40, 40, 40, 40, 40, 40, 40, 40, 40, 40, 40, 40, 40, 40, 40, 40, 40, 40, 40, 40, 40, 40, 40, 40, 40, 40, 40, 40, 40, 40, 40, 40, 40, 40, 40, 40, 40, 40, 40, 40, 40, 40, 40, 40, 40, 40, 40, 40, 40, 40, 40, 40]",1,1.0,1,1.0,8.317797297968982,4.232463944756343,7.544383508962492
1525,-163.1,-59.1,-40.1,0.02,0.01,0.34,"[5, 5, 5, 5]","[39, 39, 39, 39, 39, 39, 39, 39, 39, 39, 39, 39, 39, 39, 39, 39, 39, 39, 39, 39, 39, 39, 39, 39, 39, 39, 39, 39, 39, 39, 39, 39, 39, 39, 39, 39, 39, 39, 39, 39, 39, 39, 39, 39, 39, 39, 39, 39, 39, 39, 39, 39, 39, 39, 39, 39, 39, 39, 39, 39, 39, 39, 39, 39]",1,1.0,1,1.0,0.38871302818380266,2.620049184265136,0.7690088049641474
1526,-145.2,-41.2,-22.2,1.11,0.76,2.2,"[1, 1, 1, 1]","[16, 16, 16, 16, 16, 16, 16, 16, 16, 16, 16, 16, 16, 16, 16, 16, 16, 16, 16, 16, 16, 16, 16, 16, 16, 16, 16, 16, 16, 16, 16, 16, 16, 16, 16, 16, 16, 16, 16, 16, 16, 16, 16, 16, 16, 16, 16, 16, 16, 16, 16, 16, 16, 16, 16, 16, 16, 16, 16, 16, 16, 16, 16, 16]",1,1.0,1,1.0,0.11813790916358005,1.1982760395828935,0.2351358255179341
1527,-138.3,-34.3,-15.3,2.53,2.38,5.84,"[4, 4, 4, 4]","[33, 33, 33, 33, 33, 33, 33, 33, 33, 33, 33, 33, 33, 33, 33, 33, 33, 33, 33, 33, 33, 33, 33, 33, 33, 33, 33, 33, 33, 33, 33, 33, 33, 33, 33, 33, 33, 33, 33, 33, 33, 33, 33, 33, 33, 33, 33, 33, 33, 33, 33, 33, 33, 33, 33, 33, 33, 33, 33, 33, 33, 33, 33, 33]",1,1.0,1,1.0,0.0614335516413621,3.2527725610943277,0.12284519575802776
1528,-149.7,-45.7,-26.7,0.5,0.3,1.23,"[5, 5, 5, 5]","[8, 8, 8, 8, 8, 8, 8, 8, 8, 8, 8, 8, 8, 8, 8, 8, 8, 8, 8, 8, 8, 8, 8, 8, 8, 8, 8, 8, 8, 8, 8, 8, 8, 8, 8, 8, 8, 8, 8, 8, 8, 8, 8, 8, 8, 8, 8, 8, 8, 8, 8, 8, 8, 8, 8, 8, 8, 8, 8, 8, 8, 8, 8, 8]",1,1.0,1,1.0,0.7251668718545419,0.9385473005813347,1.1476712505065683
1529,-154.3,-50.3,-31.3,0.19,0.13,1.01,"[5, 5, 5, 5]","[8, 8, 8, 8, 8, 8, 8, 8, 8, 8, 8, 8, 8, 8, 8, 8, 8, 8, 8, 8, 8, 8, 8, 8, 8, 8, 8, 8, 8, 8, 8, 8, 8, 8, 8, 8, 8, 8, 8, 8, 8, 8, 8, 8, 8, 8, 8, 8, 8, 8, 8, 8, 8, 8, 8, 8, 8, 8, 8, 8, 8, 8, 8, 8]",1,1.0,1,1.0,0.6518235761413337,0.5281744357879947,0.820729008063816
1530,-140.9,-36.9,-17.9,1.83,1.93,5.67,"[4, 4, 4, 4]","[32, 32, 32, 32, 32, 32, 32, 32, 32, 32, 32, 32, 32, 32, 32, 32, 32, 32, 32, 32, 32, 32, 32, 32, 32, 32, 32, 32, 32, 32, 32, 32, 32, 32, 32, 32, 32, 32, 32, 32, 32, 32, 32, 32, 32, 32, 32, 32, 32, 32, 32, 32, 32, 32, 32, 32, 32, 32, 32, 32, 32, 32, 32, 32]",1,1.0,1,1.0,15.026730119053441,4.7356498175675314,9.03332855196106
1531,-119.6,-15.6,3.4,8.4,8.8,12.43,"[0, 0, 0, 0]","[23, 23, 23, 23, 23, 23, 23, 23, 23, 23, 23, 23, 23, 23, 23, 23, 23, 23, 23, 23, 23, 23, 9, 23, 23, 23, 23, 23, 23, 23, 9, 23, 23, 23, 23, 9, 9, 23, 9, 23, 23, 23, 23, 23, 9, 23, 9, 9, 23, 23, 23, 9, 9, 23, 9, 9, 23, 23, 23, 23, 9, 9, 23, 9]",1,1.0,2,1.5597867479055598,1.7282392429769353,5.258815611869095,3.283700839295226
1532,-142.3,-38.3,-19.3,1.57,1.51,5.35,"[0, 0, 0, 0]","[41, 41, 41, 41, 41, 41, 41, 41, 41, 41, 41, 41, 41, 41, 41, 41, 41, 41, 41, 41, 41, 41, 41, 41, 41, 41, 41, 41, 41, 41, 41, 41, 41, 41, 41, 41, 41, 41, 41, 41, 41, 41, 41, 41, 41, 41, 41, 41, 41, 41, 41, 41, 41, 41, 41, 41, 41, 41, 41, 41, 41, 41, 41, 41]",1,1.0,1,1.0,2.840488736880866,5.012235894831011,4.942482653289885
1533,-148.1,-44.1,-25.1,0.57,0.37,3.47,"[1, 1, 1, 1]","[48, 48, 48, 48, 48, 48, 48, 48, 48, 48, 48, 48, 48, 48, 48, 48, 48, 48, 48, 48, 48, 48, 48, 48, 48, 48, 48, 48, 48, 48, 48, 48, 48, 48, 48, 48, 48, 48, 48, 48, 48, 48, 48, 48, 48, 48, 48, 48, 48, 48, 48, 48, 48, 48, 48, 48, 48, 48, 48, 48, 48, 48, 48, 48]",1,1.0,1,1.0,0.8877764464396457,2.5359204241733386,1.6758283349103031
1534,-165.9,-61.9,-42.9,0.01,0.01,0.34,"[4, 4, 4, 4]","[33, 33, 33, 33, 33, 33, 33, 33, 33, 33, 33, 33, 33, 33, 33, 33, 33, 33, 33, 33, 33, 33, 33, 33, 33, 33, 33, 33, 33, 33, 33, 33, 33, 33, 33, 33, 33, 33, 33, 33, 33, 33, 33, 33, 33, 33, 33, 33, 33, 33, 33, 33, 33, 33, 33, 33, 33, 33, 33, 33, 33, 33, 33, 33]",1,1.0,1,1.0,2.2141786001775565,1.490754993183308,2.4731951901706517
1535,-145.4,-41.4,-22.4,0.98,1.02,3.7,"[4, 4, 4, 4]","[50, 50, 50, 50, 50, 50, 50, 50, 50, 50, 50, 50, 50, 50, 50, 50, 50, 50, 50, 50, 50, 50, 50, 50, 50, 50, 50, 50, 50, 50, 50, 50, 50, 50, 50, 50, 50, 50, 50, 50, 50, 50, 50, 50, 50, 50, 50, 50, 50, 50, 50, 50, 50, 50, 50, 50, 50, 50, 50, 50, 50, 50, 50, 50]",1,1.0,1,1.0,9.1384197292025,8.834044912197385,12.702985071530913
1536,-161.8,-57.8,-38.8,0.04,0.03,0.65,"[0, 0, 0, 0]","[40, 40, 40, 40, 40, 40, 40, 40, 40, 40, 40, 40, 40, 40, 40, 40, 40, 40, 40, 40, 40, 40, 40, 40, 40, 40, 40, 40, 40, 40, 40, 40, 40, 40, 40, 40, 40, 40, 40, 40, 40, 40, 40, 40, 40, 40, 40, 40, 40, 40, 40, 40, 40, 40, 40, 40, 40, 40, 40, 40, 40, 40, 40, 40]",1,1.0,1,1.0,3.0491532754062494,1.9496397785496387,3.2851408245056417
1537,-141.1,-37.1,-18.1,1.69,1.35,5.25,"[5, 5, 5, 5]","[41, 41, 41, 41, 41, 41, 41, 41, 41, 41, 41, 41, 41, 41, 41, 41, 41, 41, 41, 41, 41, 41, 41, 41, 41, 41, 41, 41, 41, 41, 41, 41, 41, 41, 41, 41, 41, 41, 41, 41, 41, 41, 41, 41, 41, 41, 41, 41, 41, 41, 41, 41, 41, 41, 41, 41, 41, 41, 41, 41, 41, 41, 41, 41]",1,1.0,1,1.0,0.35107583744348747,3.8219965431640497,0.6992080362411104
1538,-112.7,-8.7,10.3,10.91,11.24,19.07,"[1, 1, 1, 1]","[24, 24, 24, 24, 24, 24, 24, 24, 24, 24, 24, 24, 24, 24, 24, 24, 24, 24, 24, 24, 24, 24, 24, 24, 24, 24, 24, 24, 24, 24, 24, 24, 24, 24, 24, 24, 24, 24, 24, 24, 24, 24, 24, 24, 24, 24, 24, 24, 24, 24, 24, 24, 24, 24, 24, 24, 24, 24, 24, 24, 24, 24, 24, 24]",1,1.0,1,1.0,1.0031559907230685,5.449716045897534,1.9731615741083572
1539,-151.1,-47.1,-28.1,0.32,0.25,1.96,"[5, 5, 5, 5]","[56, 56, 56, 56, 56, 56, 56, 56, 56, 56, 56, 56, 56, 56, 56, 56, 56, 56, 56, 56, 56, 56, 56, 56, 56, 56, 56, 56, 56, 56, 56, 56, 56, 56, 56, 56, 56, 56, 56, 56, 56, 56, 56, 56, 56, 56, 56, 56, 56, 56, 56, 56, 56, 56, 56, 56, 56, 56, 56, 56, 56, 56, 56, 56]",1,1.0,1,1.0,5.933055765761011,5.772321679072138,8.274610995943917
1540,-135.0,-31.0,-12.0,3.4,3.71,8.87,"[0, 0, 0, 0]","[33, 33, 33, 33, 33, 33, 33, 33, 33, 33, 33, 33, 33, 33, 33, 33, 33, 33, 33, 33, 33, 33, 33, 33, 33, 33, 33, 33, 33, 33, 33, 33, 33, 33, 33, 33, 33, 33, 33, 33, 33, 33, 33, 33, 33, 33, 33, 33, 33, 33, 33, 33, 33, 33, 33, 33, 33, 33, 33, 33, 33, 33, 33, 33]",1,1.0,1,1.0,1.7689881072623246,3.3304208081037405,3.124558216961261
1541,-124.3,-20.3,-1.3,6.74,6.37,12.17,"[5, 5, 5, 5]","[40, 40, 40, 40, 40, 40, 40, 40, 40, 40, 40, 40, 40, 40, 40, 40, 40, 40, 40, 40, 40, 40, 40, 40, 40, 40, 40, 40, 40, 40, 40, 40, 40, 40, 40, 40, 40, 40, 40, 40, 40, 40, 40, 40, 40, 40, 40, 40, 40, 40, 40, 40, 40, 40, 40, 40, 40, 40, 40, 40, 40, 40, 40, 40]",1,1.0,1,1.0,11.75318260016816,6.475080507855642,11.342720813705728
1542,-143.6,-39.6,-20.6,1.28,1.33,5.29,"[0, 0, 0, 0]","[33, 33, 33, 33, 33, 33, 33, 33, 33, 33, 33, 33, 33, 33, 33, 33, 33, 33, 33, 33, 33, 33, 33, 33, 33, 33, 33, 33, 33, 33, 33, 33, 33, 33, 33, 33, 33, 33, 33, 33, 33, 33, 33, 33, 33, 33, 33, 33, 33, 33, 33, 33, 33, 33, 33, 33, 33, 33, 33, 33, 33, 33, 33, 33]",1,1.0,1,1.0,20.539063825120845,8.596542010342977,15.859936999435952
1545,-169.8,-65.8,-46.8,0.0,0.0,0.04,"[1, 3, 1, 3]","[24, 24, 24, 24, 24, 24, 24, 24, 24, 24, 24, 24, 24, 24, 24, 24, 24, 24, 24, 24, 24, 24, 24, 24, 24, 24, 24, 24, 24, 24, 24, 24, 24, 24, 24, 24, 24, 24, 24, 24, 24, 24, 24, 24, 24, 24, 24, 24, 24, 24, 24, 24, 24, 24, 24, 24, 24, 24, 24, 24, 24, 24, 24, 24]",2,2.0,1,1.0,0.7173842074504999,0.9936988280721947,1.1632964968494257
1546,-122.7,-18.7,0.3,7.2,6.77,14.25,"[5, 5, 5, 5]","[32, 32, 32, 32, 32, 32, 32, 32, 32, 32, 32, 32, 32, 32, 32, 32, 32, 32, 32, 32, 32, 32, 32, 32, 32, 32, 32, 32, 32, 32, 32, 32, 32, 32, 32, 32, 32, 32, 32, 32, 32, 32, 32, 32, 32, 32, 32, 32, 32, 32, 32, 32, 32, 32, 32, 32, 32, 32, 32, 32, 32, 32, 32, 32]",1,1.0,1,1.0,5.857544289598665,4.336959527696645,6.971106808768932
1547,-169.3,-65.3,-46.3,0.01,0.0,0.03,"[1, 1, 1, 1]","[25, 25, 25, 25, 25, 25, 25, 25, 25, 25, 25, 25, 25, 25, 25, 25, 25, 25, 25, 25, 25, 25, 25, 25, 25, 25, 25, 25, 25, 25, 25, 25, 25, 25, 25, 25, 25, 25, 25, 25, 25, 25, 25, 25, 25, 25, 25, 25, 25, 25, 25, 25, 25, 25, 25, 25, 25, 25, 25, 25, 25, 25, 25, 25]",1,1.0,1,1.0,2.089373503742339,7.9941534837433315,4.042940394499691
1548,-169.8,-65.8,-46.8,0.0,0.0,0.03,"[1, 1, 1, 1]","[32, 32, 32, 32, 32, 32, 32, 32, 32, 32, 32, 32, 32, 32, 32, 32, 32, 32, 32, 32, 32, 32, 32, 32, 32, 32, 32, 32, 32, 32, 32, 32, 32, 32, 32, 32, 32, 32, 32, 32, 32, 32, 32, 32, 32, 32, 32, 32, 32, 32, 32, 32, 32, 32, 32, 32, 32, 32, 32, 32, 32, 32, 32, 32]",1,1.0,1,1.0,2.626446809036372,10.99514320876359,5.109150394426037
1559,-168.4,-64.4,-45.4,0.0,0.0,0.05,"[5, 5, 5, 5]","[24, 24, 24, 24, 24, 24, 24, 24, 24, 24, 24, 24, 24, 24, 24, 24, 24, 24, 24, 24, 24, 24, 24, 16, 24, 24, 24, 24, 24, 24, 16, 24, 24, 16, 24, 24, 24, 16, 24, 24, 24, 24, 24, 24, 24, 24, 24, 24, 24, 24, 24, 16, 24, 24, 24, 16, 24, 24, 24, 24, 24, 24, 16, 24]",1,1.0,2,1.2419648271679806,0.28795315021168666,2.2900106659441883,0.5714066646627042
1560,-168.9,-64.9,-45.9,0.01,0.0,0.1,"[9, 9, 9, 9]","[6, 6, 6, 6, 6, 6, 6, 6, 6, 6, 6, 6, 6, 6, 6, 6, 6, 6, 6, 6, 6, 6, 6, 6, 6, 6, 6, 6, 6, 6, 6, 6, 6, 6, 6, 6, 6, 6, 6, 6, 6, 6, 6, 6, 6, 6, 6, 6, 6, 6, 6, 6, 6, 6, 6, 6, 6, 6, 6, 6, 6, 6, 6, 6]",1,1.0,1,1.0,3.2878897009185204,7.126246947393147,5.97090634296677
1562,-145.7,-41.7,-22.7,0.96,0.53,3.93,"[5, 5, 5, 5]","[56, 56, 56, 56, 56, 56, 56, 56, 56, 56, 56, 56, 56, 56, 56, 56, 56, 56, 56, 56, 56, 56, 56, 56, 56, 56, 56, 56, 56, 56, 56, 56, 56, 56, 56, 56, 56, 56, 56, 56, 56, 56, 56, 56, 56, 56, 56, 56, 56, 56, 56, 56, 56, 56, 56, 56, 56, 56, 56, 56, 56, 56, 56, 56]",1,1.0,1,1.0,0.1707763667059754,3.3167497948167926,0.3411008822452597
1563,-166.3,-62.3,-43.3,0.01,0.01,0.14,"[4, 4, 4, 4]","[32, 32, 32, 32, 32, 32, 32, 32, 32, 32, 32, 32, 32, 32, 32, 32, 32, 32, 32, 32, 32, 32, 32, 32, 32, 32, 32, 32, 32, 32, 32, 32, 32, 32, 32, 32, 32, 32, 32, 32, 32, 32, 32, 32, 32, 32, 32, 32, 32, 32, 32, 32, 32, 32, 32, 32, 32, 32, 32, 32, 32, 32, 32, 32]",1,1.0,1,1.0,0.14145293935200956,1.5899487856558727,0.28179286414891563
1564,-163.1,-59.1,-40.1,0.02,0.01,0.17,"[1, 1, 1, 1]","[31, 31, 31, 31, 31, 31, 31, 31, 31, 31, 31, 31, 31, 31, 31, 31, 31, 31, 31, 31, 31, 31, 31, 31, 31, 31, 31, 31, 31, 31, 31, 31, 31, 31, 31, 31, 31, 31, 31, 31, 31, 31, 31, 31, 31, 31, 31, 31, 31, 31, 31, 31, 31, 31, 31, 31, 31, 31, 31, 31, 31, 31, 31, 31]",1,1.0,1,1.0,0.1665149519204362,1.2811005241569884,0.3302519013927966
1565,-147.8,-43.8,-24.8,0.72,0.45,1.47,"[5, 5, 5, 5]","[24, 24, 24, 24, 24, 24, 24, 24, 24, 24, 24, 24, 24, 24, 24, 24, 24, 24, 24, 24, 24, 24, 24, 24, 24, 24, 24, 24, 24, 24, 24, 24, 24, 24, 24, 24, 24, 24, 24, 24, 24, 24, 24, 24, 24, 24, 24, 24, 24, 24, 24, 24, 24, 24, 24, 24, 24, 24, 24, 24, 24, 24, 24, 24]",1,1.0,1,1.0,0.08427949000055182,0.7984665483691391,0.16762778263926237
1566,-146.0,-42.0,-23.0,0.98,0.65,2.01,"[1, 1, 1, 1]","[16, 16, 16, 16, 16, 16, 16, 16, 16, 16, 16, 16, 16, 16, 16, 16, 16, 16, 16, 16, 16, 16, 16, 16, 16, 16, 16, 16, 16, 16, 16, 16, 16, 16, 16, 16, 16, 16, 16, 16, 16, 16, 16, 16, 16, 16, 16, 16, 16, 16, 16, 16, 16, 16, 16, 16, 16, 16, 16, 16, 16, 16, 16, 16]",1,1.0,1,1.0,0.11263832865760763,1.054222428245749,0.22400170181099407
1567,-139.9,-35.9,-16.9,2.15,1.76,5.79,"[1, 1, 1, 1]","[32, 32, 32, 32, 32, 32, 32, 32, 32, 32, 32, 32, 32, 32, 32, 32, 32, 32, 32, 32, 32, 32, 32, 32, 32, 32, 32, 32, 32, 32, 32, 32, 32, 32, 32, 32, 32, 32, 32, 32, 32, 32, 32, 32, 32, 32, 32, 32, 32, 32, 32, 32, 32, 32, 32, 32, 32, 32, 32, 32, 32, 32, 32, 32]",1,1.0,1,1.0,0.06739007134127971,3.6037392150947016,0.13475658312374392
1568,-150.7,-46.7,-27.7,0.4,0.25,1.6,"[5, 5, 5, 5]","[16, 16, 16, 16, 16, 16, 16, 16, 16, 15, 16, 16, 16, 16, 16, 16, 16, 16, 16, 16, 16, 16, 16, 16, 16, 16, 16, 16, 16, 16, 16, 16, 16, 16, 16, 16, 16, 16, 16, 16, 16, 16, 16, 16, 16, 16, 16, 16, 16, 16, 16, 16, 16, 16, 16, 16, 16, 16, 16, 16, 16, 16, 16, 16]",1,1.0,2,1.0317380352644836,0.6848968954312981,0.8288268909749396,1.0559248585611603
1569,-153.9,-49.9,-30.9,0.21,0.15,1.03,"[5, 5, 5, 5]","[8, 8, 8, 8, 8, 8, 8, 8, 8, 8, 8, 8, 8, 8, 8, 8, 8, 8, 8, 8, 8, 8, 8, 8, 8, 8, 8, 8, 8, 8, 8, 8, 8, 8, 8, 8, 8, 8, 8, 8, 8, 8, 8, 8, 8, 8, 8, 8, 8, 8, 8, 8, 8, 8, 8, 8, 8, 8, 8, 8, 8, 8, 8, 8]",1,1.0,1,1.0,1.4928744963396128,1.1736964047230036,1.845363411087755
1570,-158.2,-54.2,-35.2,0.07,0.07,0.56,"[4, 4, 4, 4]","[14, 14, 14, 14, 14, 14, 14, 14, 14, 14, 14, 14, 14, 14, 14, 14, 14, 14, 14, 14, 14, 14, 14, 14, 14, 14, 14, 14, 14, 14, 14, 14, 14, 14, 14, 14, 14, 14, 14, 14, 14, 14, 14, 14, 14, 14, 14, 14, 14, 14, 14, 14, 14, 14, 14, 14, 14, 14, 14, 14, 14, 14, 14, 14]",1,1.0,1,1.0,1.00568212070984,0.831264001116281,1.2814431862016566
1571,-118.5,-14.5,4.5,8.56,8.46,13.9,"[4, 4, 4, 4]","[8, 8, 8, 8, 8, 8, 8, 8, 8, 8, 8, 8, 8, 8, 8, 8, 8, 8, 8, 8, 8, 8, 8, 8, 8, 8, 8, 8, 8, 8, 8, 8, 8, 8, 8, 8, 8, 8, 8, 8, 8, 8, 8, 8, 8, 8, 8, 8, 8, 8, 8, 8, 8, 8, 8, 8, 8, 8, 8, 8, 8, 8, 8, 8]",1,1.0,1,1.0,1.996981540214824,6.101175461619571,3.7958081531926626
1572,-146.9,-42.9,-23.9,0.81,0.58,3.26,"[4, 4, 4, 4]","[40, 40, 40, 40, 40, 40, 40, 40, 40, 40, 40, 40, 40, 40, 40, 40, 40, 40, 40, 40, 40, 40, 40, 40, 40, 40, 40, 40, 40, 40, 40, 40, 40, 40, 40, 40, 40, 40, 40, 40, 40, 40, 40, 40, 40, 40, 40, 40, 40, 40, 40, 40, 40, 40, 40, 40, 40, 40, 40, 40, 40, 40, 40, 40]",1,1.0,1,1.0,0.17423718205150246,0.9600888473378865,0.3428738145689936
1573,-141.2,-37.2,-18.2,1.8,1.53,5.34,"[5, 5, 5, 5]","[32, 32, 32, 32, 32, 32, 32, 32, 32, 32, 32, 32, 32, 32, 32, 32, 32, 32, 32, 32, 32, 32, 32, 32, 32, 32, 32, 32, 32, 32, 32, 32, 32, 32, 32, 32, 32, 32, 32, 32, 32, 32, 32, 32, 32, 32, 32, 32, 32, 32, 32, 32, 32, 32, 32, 32, 32, 32, 32, 32, 32, 32, 32, 32]",1,1.0,1,1.0,19.145585312891573,3.231885865840738,6.373600444115616
1574,-165.6,-61.6,-42.6,0.01,0.01,0.11,"[5, 5, 5, 5]","[41, 41, 41, 41, 41, 41, 41, 41, 41, 41, 41, 41, 41, 41, 41, 41, 41, 41, 41, 41, 41, 41, 41, 41, 41, 41, 41, 41, 41, 41, 41, 41, 41, 41, 41, 41, 41, 41, 41, 41, 41, 41, 41, 41, 41, 41, 41, 41, 41, 41, 41, 41, 41, 41, 41, 41, 41, 41, 41, 41, 41, 41, 41, 41]",1,1.0,1,1.0,3.0066345184280165,1.8735590599592102,3.180203181128753
1575,-147.5,-43.5,-24.5,0.73,0.71,2.91,"[4, 4, 4, 4]","[50, 50, 50, 50, 50, 50, 50, 50, 50, 50, 50, 50, 50, 50, 50, 50, 50, 50, 50, 50, 50, 50, 50, 50, 50, 50, 50, 50, 50, 50, 50, 50, 50, 50, 50, 50, 50, 50, 50, 50, 50, 50, 50, 50, 50, 50, 50, 50, 50, 50, 50, 50, 50, 50, 50, 50, 50, 50, 50, 50, 50, 50, 50, 50]",1,1.0,1,1.0,6.838509653826511,5.355611875082801,8.432906520602266
1576,-164.5,-60.5,-41.5,0.02,0.01,0.6,"[4, 4, 4, 4]","[32, 32, 32, 32, 32, 32, 32, 32, 32, 32, 32, 32, 32, 32, 32, 32, 32, 32, 32, 32, 32, 32, 32, 32, 32, 32, 32, 32, 32, 32, 32, 32, 32, 32, 32, 32, 32, 32, 32, 32, 32, 32, 32, 32, 32, 32, 32, 32, 32, 32, 32, 32, 32, 32, 32, 32, 32, 32, 32, 32, 32, 32, 32, 32]",1,1.0,1,1.0,3.085365177310441,1.8491184912272112,3.172164466079088
1577,-111.4,-7.4,11.6,11.79,12.2,20.33,"[1, 1, 1, 1]","[32, 32, 32, 32, 32, 32, 32, 32, 32, 32, 32, 32, 32, 32, 32, 32, 32, 32, 32, 32, 32, 32, 32, 32, 32, 32, 32, 32, 32, 32, 32, 32, 32, 32, 32, 32, 32, 32, 32, 32, 32, 32, 32, 32, 32, 32, 32, 32, 32, 32, 32, 32, 32, 32, 32, 32, 32, 32, 32, 32, 32, 32, 32, 32]",1,1.0,1,1.0,0.4909125327536519,5.755014095174607,0.9782723750129524
1578,-126.0,-22.0,-3.0,6.31,5.94,13.03,"[1, 1, 1, 1]","[33, 33, 33, 33, 33, 33, 33, 33, 33, 33, 33, 33, 33, 33, 33, 33, 33, 33, 33, 33, 33, 33, 33, 33, 33, 33, 33, 33, 33, 33, 33, 33, 33, 33, 33, 33, 33, 33, 33, 33, 33, 33, 33, 33, 33, 33, 33, 33, 33, 33, 33, 33, 33, 33, 33, 33, 33, 33, 33, 33, 33, 33, 33, 33]",1,1.0,1,1.0,0.6499899672416414,6.718395125754732,1.293938318941933
1586,-167.3,-63.3,-44.3,0.01,0.01,0.04,"[0, 0, 0, 0]","[31, 31, 31, 31, 31, 31, 31, 31, 31, 31, 31, 31, 31, 31, 31, 31, 31, 31, 31, 31, 31, 31, 31, 31, 31, 31, 31, 31, 31, 31, 31, 31, 31, 31, 31, 31, 31, 31, 31, 31, 31, 31, 31, 31, 31, 31, 31, 31, 31, 31, 31, 31, 31, 31, 31, 31, 31, 31, 31, 31, 31, 31, 31, 31]",1,1.0,1,1.0,22.969678722204907,5.152564185631681,10.055245444396542
1587,-168.8,-64.8,-45.8,0.01,0.01,0.04,"[4, 4, 4, 4]","[32, 32, 32, 38, 32, 32, 32, 38, 32, 32, 32, 38, 32, 32, 32, 38, 32, 32, 32, 38, 32, 32, 32, 32, 32, 32, 32, 38, 32, 32, 32, 32, 32, 32, 32, 32, 32, 32, 32, 32, 38, 32, 32, 32, 32, 32, 32, 32, 32, 32, 32, 32, 32, 32, 32, 32, 32, 32, 32, 32, 38, 32, 32, 32]",1,1.0,2,1.28,0.8839178389575246,5.605987747390633,1.7462619855363384
1588,-169.9,-65.9,-46.9,0.0,0.0,0.02,"[8, 1, 1, 1]","[33, 33, 33, 33, 33, 33, 33, 33, 33, 33, 33, 33, 33, 33, 33, 33, 33, 33, 33, 33, 33, 33, 33, 33, 33, 33, 33, 33, 33, 33, 33, 33, 33, 33, 33, 33, 33, 33, 33, 33, 33, 33, 33, 33, 33, 33, 33, 33, 33, 33, 33, 33, 33, 33, 33, 33, 33, 33, 33, 33, 33, 33, 33, 33]",2,1.6,1,1.0,1.5884043398426098,7.873207440173521,3.1140659620863542
1599,-171.0,-67.0,-48.0,0.0,0.0,0.03,"[9, 9, 9, 9]","[24, 24, 24, 24, 24, 24, 24, 24, 24, 24, 24, 24, 24, 24, 24, 24, 24, 24, 24, 24, 24, 24, 24, 24, 24, 24, 24, 24, 24, 24, 24, 24, 24, 24, 24, 24, 24, 24, 24, 24, 24, 24, 24, 24, 24, 24, 24, 24, 24, 24, 24, 24, 24, 24, 24, 24, 24, 24, 24, 24, 24, 24, 24, 24]",1,1.0,1,1.0,0.719182893250665,1.9832986319765393,1.3522077410571047
1600,-169.1,-65.1,-46.1,0.0,0.0,0.04,"[4, 4, 4, 4]","[39, 33, 39, 39, 33, 33, 39, 39, 39, 33, 39, 39, 33, 33, 39, 39, 39, 33, 39, 39, 39, 33, 39, 39, 39, 33, 39, 39, 39, 33, 39, 39, 39, 33, 33, 39, 39, 33, 39, 39, 39, 39, 33, 39, 39, 33, 39, 39, 39, 39, 33, 39, 39, 33, 33, 39, 39, 39, 33, 33, 39, 33, 33, 39]",1,1.0,2,1.8220640569395017,0.7884788046977078,2.6032418079641864,1.509248426437132
