ue,C_AE,C_UE,C_BS_hist,lambda_UE,ue_beams,lambda_BS_per_layer,bs_beams
904,14.56,13.76,"3.71,5.45,6.54,7.48,8.30,9.00,9.64,10.25,10.75,11.20,11.59,11.95,12.31,12.70,13.08,13.52,13.93,14.27,14.59,14.82,15.07,15.41,15.56,15.79,16.02,16.34,16.68,16.99,17.27,17.49,17.74,18.02,18.14,18.39,18.60,18.82,19.02,19.21,19.41,19.60,19.72,19.83,19.94,20.12,20.30,20.46,20.56,20.65,20.79,20.96,21.12,21.28,21.44,21.58,21.69,21.88,22.03,22.19,22.34,22.51,22.64,22.77,22.90,23.04","1.25e-01,1.07e-01,5.75e-02,5.16e-06","4,4,4,4","3.60e-01; 7.20e-01; 9.62e-01,1.17e-01; 1.12e+00,3.16e-01; 1.31e+00,4.89e-01; 1.46e+00,6.99e-01; 1.60e+00,9.22e-01; 1.72e+00,1.16e+00; 1.88e+00,1.36e+00; 2.06e+00,1.53e+00; 2.23e+00,1.62e+00,1.03e-01,9.26e-03; 2.33e+00,1.68e+00,1.71e-01,1.30e-01; 2.42e+00,1.70e+00,4.28e-01,1.29e-01; 2.50e+00,1.77e+00,4.86e-01,2.82e-01; 2.66e+00,2.00e+00,5.66e-01,1.70e-01; 2.69e+00,2.07e+00,8.09e-01,1.89e-01; 2.69e+00,2.07e+00,9.57e-01,3.97e-01; 2.78e+00,2.15e+00,1.08e+00,4.71e-01; 2.86e+00,2.20e+00,1.17e+00,6.08e-01; 2.99e+00,2.26e+00,1.12e+00,8.23e-01; 3.12e+00,2.33e+00,1.20e+00,9.16e-01; 3.18e+00,2.35e+00,1.44e+00,9.52e-01; 3.30e+00,2.44e+00,1.51e+00,1.02e+00; 3.45e+00,2.66e+00,1.53e+00,9.96e-01; 3.56e+00,2.77e+00,1.54e+00,1.13e+00; 3.62e+00,2.84e+00,1.75e+00,1.15e+00; 3.67e+00,2.87e+00,2.01e+00,1.16e+00; 3.75e+00,2.89e+00,2.20e+00,1.24e+00; 3.84e+00,2.91e+00,2.35e+00,1.34e+00; 3.94e+00,2.96e+00,2.44e+00,1.45e+00; 4.04e+00,3.04e+00,2.57e+00,1.51e+00; 4.13e+00,3.16e+00,2.72e+00,1.51e+00; 4.24e+00,3.26e+00,2.81e+00,1.57e+00; 4.33e+00,3.36e+00,2.94e+00,1.61e+00; 4.43e+00,3.45e+00,3.06e+00,1.65e+00; 4.54e+00,3.52e+00,3.19e+00,1.71e+00; 4.65e+00,3.58e+00,3.32e+00,1.77e+00; 4.75e+00,3.64e+00,3.43e+00,1.85e+00; 4.85e+00,3.70e+00,3.53e+00,1.95e+00; 4.96e+00,3.81e+00,3.65e+00,1.97e+00; 5.06e+00,3.89e+00,3.75e+00,2.06e+00; 5.17e+00,3.98e+00,3.84e+00,2.12e+00; 5.28e+00,4.07e+00,3.93e+00,2.20e+00; 5.38e+00,4.15e+00,4.05e+00,2.25e+00; 5.49e+00,4.22e+00,4.19e+00,2.30e+00; 5.61e+00,4.31e+00,4.30e+00,2.34e+00; 5.72e+00,4.40e+00,4.38e+00,2.41e+00; 5.83e+00,4.49e+00,4.48e+00,2.47e+00; 5.92e+00,4.60e+00,4.54e+00,2.57e+00; 6.00e+00,4.67e+00,4.61e+00,2.71e+00; 6.09e+00,4.78e+00,4.68e+00,2.80e+00; 6.20e+00,4.90e+00,4.74e+00,2.87e+00; 6.30e+00,5.01e+00,4.80e+00,2.96e+00; 6.41e+00,5.13e+00,4.86e+00,3.03e+00; 6.53e+00,5.21e+00,4.95e+00,3.10e+00; 6.62e+00,5.35e+00,5.02e+00,3.16e+00; 6.70e+00,5.43e+00,5.14e+00,3.24e+00; 6.79e+00,5.56e+00,5.25e+00,3.27e+00; 6.88e+00,5.67e+00,5.33e+00,3.35e+00; 6.97e+00,5.79e+00,5.39e+00,3.44e+00; 7.08e+00,5.89e+00,5.44e+00,3.54e+00; 7.18e+00,6.00e+00,5.49e+00,3.64e+00; 7.28e+00,6.12e+00,5.55e+00,3.72e+00; 7.38e+00,6.22e+00,5.64e+00,3.80e+00","17,17,17,17,17,17,17,17,17,17,17,17,17,17,17,17,17,17,17,17,17,17,29,17,17,17,17,17,17,17,17,17,33,17,17,17,17,17,17,17,33,33,27,17,17,17,27,33,27,17,17,17,17,17,17,17,17,17,17,17,17,17,17,17"
905,3.42,3.58,"0.17,0.53,0.90,1.23,1.51,1.76,1.97,2.15,2.37,2.61,2.85,3.06,3.25,3.42,3.58,3.73,3.88,4.04,4.19,4.33,4.47,4.60,4.74,4.85,4.98,5.12,5.24,5.34,5.47,5.61,5.70,5.84,5.99,6.10,6.22,6.32,6.41,6.51,6.59,6.66,6.82,6.93,7.03,7.15,7.25,7.34,7.43,7.49,7.58,7.68,7.77,7.85,7.96,8.06,8.14,8.23,8.30,8.37,8.45,8.52,8.59,8.68,8.76,8.82","8.41e-04,7.48e-06,5.31e-08,2.25e-08","4,4,4,4","1.05e-03; 2.11e-03; 3.16e-03; 4.21e-03; 5.27e-03; 6.32e-03; 7.37e-03; 7.86e-03,5.67e-04; 8.08e-03,1.40e-03; 8.78e-03,1.75e-03; 9.87e-03,1.71e-03; 1.09e-02,1.71e-03; 1.17e-02,1.95e-03; 1.23e-02,2.42e-03; 1.27e-02,3.07e-03; 1.30e-02,3.89e-03; 1.33e-02,4.56e-03; 1.40e-02,4.95e-03; 1.49e-02,5.07e-03; 1.57e-02,5.34e-03; 1.59e-02,5.18e-03,1.05e-03; 1.64e-02,5.37e-03,1.42e-03; 1.63e-02,5.53e-03,2.40e-03; 1.63e-02,5.02e-03,3.94e-03; 1.65e-02,6.54e-03,3.24e-03; 1.68e-02,6.83e-03,3.78e-03; 1.74e-02,6.92e-03,4.09e-03; 1.82e-02,7.64e-03,3.62e-03; 1.85e-02,7.41e-03,4.66e-03; 1.86e-02,7.33e-03,5.61e-03; 1.91e-02,7.72e-03,5.81e-03; 1.90e-02,7.86e-03,6.86e-03; 1.86e-02,9.50e-03,6.63e-03; 1.89e-02,9.89e-03,6.98e-03; 1.94e-02,1.05e-02,7.01e-03; 2.00e-02,1.10e-02,6.91e-03; 2.06e-02,1.14e-02,6.90e-03; 2.11e-02,1.20e-02,6.96e-03; 2.15e-02,1.24e-02,7.21e-03; 2.18e-02,1.26e-02,7.70e-03; 2.16e-02,1.35e-02,8.01e-03; 2.18e-02,1.41e-02,8.30e-03; 2.23e-02,1.46e-02,8.39e-03; 2.27e-02,1.54e-02,8.28e-03; 2.32e-02,1.60e-02,8.19e-03; 2.37e-02,1.65e-02,8.25e-03; 2.40e-02,1.71e-02,8.41e-03; 2.43e-02,1.74e-02,8.86e-03; 2.44e-02,1.78e-02,9.32e-03; 2.47e-02,1.84e-02,9.62e-03; 2.51e-02,1.89e-02,9.72e-03; 2.56e-02,1.94e-02,9.68e-03; 2.61e-02,2.01e-02,9.58e-03; 2.65e-02,2.08e-02,9.58e-03; 2.68e-02,2.13e-02,9.76e-03; 2.70e-02,2.18e-02,1.01e-02; 2.72e-02,2.22e-02,1.06e-02; 2.75e-02,2.26e-02,1.10e-02; 2.79e-02,2.30e-02,1.12e-02; 2.84e-02,2.35e-02,1.12e-02; 2.90e-02,2.40e-02,1.12e-02; 2.94e-02,2.46e-02,1.13e-02; 2.98e-02,2.51e-02,1.15e-02; 3.00e-02,2.39e-02,1.35e-02","25,25,25,25,25,25,25,25,25,25,25,25,25,25,25,25,25,25,25,25,25,25,25,25,25,25,25,25,25,25,25,25,25,25,25,25,25,25,25,25,25,25,25,25,25,25,25,25,25,25,25,25,25,25,25,25,25,25,25,25,25,25,25,25"
906,8.95,8.59,"1.61,2.95,3.85,4.52,5.04,5.44,5.87,6.23,6.59,6.93,7.23,7.49,7.75,7.99,8.22,8.45,8.67,8.88,9.07,9.24,9.41,9.58,9.75,9.92,10.09,10.25,10.39,10.52,10.65,10.78,10.92,11.06,11.20,11.33,11.45,11.56,11.66,11.77,11.88,12.00,12.12,12.23,12.33,12.43,12.51,12.61,12.71,12.81,12.91,13.01,13.10,13.18,13.25,13.33,13.42,13.51,13.60,13.69,13.77,13.85,13.91,13.98,14.06,14.14","3.94e-02,3.93e-03,1.38e-06,8.35e-07","1,1,1,1","5.38e-02; 1.08e-01; 1.61e-01; 2.15e-01; 2.69e-01; 2.60e-01,6.29e-02; 3.11e-01,6.53e-02; 3.47e-01,8.32e-02; 3.65e-01,1.19e-01; 4.03e-01,1.35e-01; 4.45e-01,1.47e-01; 5.03e-01,1.43e-01; 5.42e-01,1.58e-01; 5.57e-01,1.96e-01; 5.85e-01,2.22e-01; 6.08e-01,2.53e-01; 6.33e-01,2.82e-01; 6.63e-01,3.05e-01; 6.99e-01,3.23e-01; 7.37e-01,3.39e-01; 7.73e-01,3.57e-01; 8.11e-01,3.72e-01; 8.34e-01,4.04e-01; 8.51e-01,4.40e-01; 8.73e-01,4.73e-01; 9.00e-01,4.99e-01; 9.31e-01,5.21e-01; 9.66e-01,5.40e-01; 1.00e+00,5.61e-01; 1.03e+00,5.85e-01; 1.05e+00,6.15e-01; 1.07e+00,6.48e-01; 1.10e+00,6.80e-01; 1.12e+00,7.08e-01; 1.15e+00,7.32e-01; 1.18e+00,7.53e-01; 1.22e+00,7.74e-01; 1.25e+00,7.99e-01; 1.27e+00,8.28e-01; 1.29e+00,8.59e-01; 1.32e+00,8.90e-01; 1.34e+00,9.19e-01; 1.37e+00,9.44e-01; 1.40e+00,9.66e-01; 1.43e+00,9.89e-01; 1.46e+00,1.01e+00; 1.49e+00,1.04e+00; 1.51e+00,1.07e+00; 1.53e+00,1.10e+00; 1.56e+00,1.13e+00; 1.59e+00,1.16e+00; 1.62e+00,1.18e+00; 1.65e+00,1.20e+00; 1.68e+00,1.23e+00; 1.70e+00,1.26e+00; 1.73e+00,1.29e+00; 1.75e+00,1.32e+00; 1.77e+00,1.35e+00; 1.80e+00,1.37e+00; 1.83e+00,1.40e+00; 1.86e+00,1.42e+00; 1.89e+00,1.45e+00; 1.92e+00,1.47e+00; 1.94e+00,1.50e+00","33,33,33,33,33,33,33,33,33,33,33,33,33,33,33,33,33,33,33,33,33,33,33,33,33,33,33,33,33,33,33,33,33,33,33,33,33,33,33,33,33,33,33,33,33,33,33,33,33,33,33,33,33,33,33,33,33,33,33,33,33,33,33,33"
907,8.47,8.29,"1.49,2.77,3.65,4.30,4.80,5.21,5.63,6.00,6.34,6.66,6.95,7.20,7.45,7.68,7.91,8.13,8.33,8.53,8.71,8.88,9.03,9.19,9.36,9.52,9.68,9.83,9.97,10.10,10.22,10.34,10.47,10.61,10.73,10.86,10.97,11.08,11.17,11.27,11.38,11.50,11.60,11.71,11.81,11.90,11.98,12.07,12.17,12.27,12.36,12.45,12.55,12.63,12.69,12.77,12.85,12.94,13.04,13.13,13.22,13.28,13.35,13.43,13.51,13.59","2.39e-02,5.12e-03,1.26e-06,1.02e-06","0,0,0,0","3.60e-02; 7.21e-02; 1.08e-01; 1.44e-01; 1.80e-01; 1.81e-01,3.54e-02; 2.11e-01,4.12e-02; 2.38e-01,5.08e-02; 2.49e-01,7.56e-02; 2.74e-01,8.63e-02; 3.02e-01,9.42e-02; 3.43e-01,8.91e-02; 3.71e-01,9.73e-02; 3.81e-01,1.23e-01; 4.01e-01,1.39e-01; 4.18e-01,1.59e-01; 4.35e-01,1.77e-01; 4.55e-01,1.94e-01; 4.79e-01,2.06e-01; 5.05e-01,2.16e-01; 5.30e-01,2.26e-01; 5.52e-01,2.41e-01; 5.69e-01,2.60e-01; 5.83e-01,2.82e-01; 5.98e-01,3.03e-01; 6.15e-01,3.22e-01; 6.36e-01,3.37e-01; 6.60e-01,3.50e-01; 6.83e-01,3.62e-01; 7.04e-01,3.77e-01; 7.26e-01,3.91e-01; 7.40e-01,4.14e-01; 7.54e-01,4.35e-01; 7.69e-01,4.56e-01; 7.89e-01,4.73e-01; 8.11e-01,4.87e-01; 8.33e-01,5.00e-01; 8.54e-01,5.15e-01; 8.72e-01,5.34e-01; 8.86e-01,5.55e-01; 9.01e-01,5.76e-01; 9.17e-01,5.96e-01; 9.37e-01,6.13e-01; 9.60e-01,6.26e-01; 9.81e-01,6.35e-01,5.41e-03; 9.99e-01,6.46e-01,1.31e-02; 1.02e+00,6.62e-01,1.63e-02; 9.97e-01,6.63e-01,7.00e-02; 1.05e+00,7.14e-01; 1.07e+00,7.32e-01,4.24e-03; 1.04e+00,7.16e-01,8.24e-02; 1.05e+00,7.20e-01,1.02e-01; 1.12e+00,7.71e-01,1.79e-02; 1.14e+00,8.04e-01; 1.16e+00,8.24e-01; 1.17e+00,8.44e-01; 1.13e+00,7.83e-01,1.45e-01; 1.13e+00,7.81e-01,1.82e-01; 1.14e+00,7.97e-01,1.88e-01; 1.16e+00,8.16e-01,1.84e-01; 1.18e+00,8.22e-01,1.98e-01; 1.19e+00,8.22e-01,2.23e-01; 1.20e+00,8.27e-01,2.43e-01; 1.21e+00,8.41e-01,2.53e-01","32,32,32,32,32,32,32,32,32,32,32,32,32,32,32,32,32,32,32,32,32,32,32,32,32,32,32,32,32,32,32,32,32,32,32,32,32,32,32,32,32,32,32,32,32,32,32,32,32,32,32,32,32,32,32,32,32,32,32,32,32,32,32,32"
908,19.54,18.85,"5.36,7.38,9.05,10.45,11.55,12.84,13.73,14.82,15.44,15.89,16.76,17.43,18.02,18.58,19.04,19.63,19.88,20.15,20.61,21.06,21.45,21.74,21.94,22.41,22.78,23.12,23.55,23.83,24.01,24.41,24.78,25.01,25.19,25.38,25.52,26.00,26.32,26.57,26.79,26.96,27.10,27.29,27.48,27.70,27.90,28.07,28.25,28.42,28.54,28.75,28.91,29.02,29.10,29.23,29.35,29.53,29.68,29.80,29.96,30.09,30.17,30.35,30.51,30.63","1.75e-01,1.65e-01,1.50e-01,8.72e-02","5,5,5,5","7.17e-01; 1.11e+00,3.26e-01; 1.37e+00,7.81e-01; 1.45e+00,7.52e-01,6.61e-01; 1.69e+00,1.01e+00,6.93e-01,1.96e-01; 1.87e+00,1.23e+00,1.20e+00; 2.04e+00,1.38e+00,1.30e+00,2.93e-01; 2.17e+00,1.59e+00,1.43e+00,5.47e-01; 2.37e+00,1.76e+00,1.45e+00,8.72e-01; 2.65e+00,2.07e+00,1.30e+00,1.14e+00; 2.81e+00,2.07e+00,1.94e+00,1.06e+00; 3.03e+00,2.31e+00,2.18e+00,1.09e+00; 3.24e+00,2.61e+00,2.27e+00,1.20e+00; 3.46e+00,2.84e+00,2.47e+00,1.27e+00; 3.69e+00,3.10e+00,2.67e+00,1.30e+00; 3.85e+00,3.19e+00,2.92e+00,1.50e+00; 4.07e+00,3.39e+00,3.10e+00,1.62e+00; 4.29e+00,3.50e+00,3.30e+00,1.81e+00; 4.50e+00,3.81e+00,3.45e+00,1.85e+00; 4.70e+00,4.02e+00,3.53e+00,2.08e+00; 4.90e+00,4.25e+00,3.57e+00,2.33e+00; 5.10e+00,4.37e+00,3.69e+00,2.60e+00; 5.31e+00,3.92e+00,3.69e+00,3.57e+00; 5.54e+00,4.88e+00,4.12e+00,2.65e+00; 5.72e+00,5.05e+00,4.26e+00,2.88e+00; 5.90e+00,5.20e+00,4.32e+00,3.21e+00; 6.05e+00,5.34e+00,4.36e+00,3.60e+00; 6.27e+00,5.61e+00,4.47e+00,3.71e+00; 6.52e+00,5.92e+00,4.61e+00,3.72e+00; 6.66e+00,5.99e+00,4.53e+00,4.31e+00; 6.84e+00,6.20e+00,4.60e+00,4.58e+00; 7.05e+00,6.43e+00,4.76e+00,4.69e+00; 7.25e+00,6.61e+00,5.03e+00,4.75e+00; 7.47e+00,6.87e+00,5.22e+00,4.81e+00; 7.71e+00,7.15e+00,5.45e+00,4.77e+00; 7.82e+00,7.18e+00,5.47e+00,5.32e+00; 8.00e+00,7.36e+00,5.85e+00,5.30e+00; 8.20e+00,7.52e+00,6.14e+00,5.37e+00; 8.39e+00,7.76e+00,6.33e+00,5.47e+00; 8.60e+00,8.01e+00,6.40e+00,5.65e+00; 8.80e+00,8.20e+00,6.54e+00,5.85e+00; 8.99e+00,8.42e+00,6.62e+00,6.06e+00; 9.20e+00,8.63e+00,6.82e+00,6.17e+00; 9.40e+00,8.79e+00,7.09e+00,6.26e+00; 9.60e+00,9.06e+00,7.28e+00,6.30e+00; 9.81e+00,9.28e+00,7.46e+00,6.41e+00; 1.00e+01,9.48e+00,7.68e+00,6.51e+00; 1.02e+01,9.72e+00,7.79e+00,6.69e+00; 1.01e+01,8.93e+00,8.42e+00,7.67e+00; 1.06e+01,1.01e+01,8.25e+00,6.96e+00; 1.08e+01,1.03e+01,8.35e+00,7.10e+00; 1.10e+01,1.05e+01,8.49e+00,7.25e+00; 1.12e+01,1.07e+01,8.66e+00,7.39e+00; 1.11e+01,9.80e+00,9.44e+00,8.34e+00; 1.14e+01,1.00e+01,9.55e+00,8.49e+00; 1.15e+01,1.02e+01,9.72e+00,8.68e+00; 1.17e+01,1.04e+01,9.81e+00,8.89e+00; 1.20e+01,1.06e+01,9.91e+00,9.08e+00; 1.22e+01,1.08e+01,1.01e+01,9.15e+00; 1.24e+01,1.10e+01,1.04e+01,9.25e+00; 1.26e+01,1.12e+01,1.05e+01,9.40e+00; 1.28e+01,1.13e+01,1.09e+01,9.47e+00; 1.30e+01,1.15e+01,1.11e+01,9.63e+00; 1.32e+01,1.17e+01,1.11e+01,9.88e+00","25,25,25,25,25,25,25,25,25,25,25,25,25,25,25,25,41,25,25,25,25,25,25,25,25,25,25,25,25,25,25,25,25,25,25,25,25,25,25,25,25,25,25,25,25,25,25,25,25,25,25,25,41,25,25,25,25,25,25,25,31,25,25,25"
909,16.30,16.79,"4.90,6.71,7.99,9.02,10.07,11.03,11.81,12.69,13.41,14.02,14.53,15.07,15.58,16.07,16.53,17.00,17.34,17.70,18.04,18.33,18.65,18.97,19.25,19.50,19.69,19.95,20.21,20.41,20.69,20.95,21.21,21.51,21.77,22.01,22.24,22.44,22.63,22.83,23.04,23.25,23.49,23.71,23.89,24.06,24.26,24.43,24.63,24.81,24.99,25.20,25.38,25.50,25.63,25.84,25.96,26.14,26.30,26.47,26.66,26.80,26.94,27.05,27.20,27.29","1.70e-01,1.49e-01,1.20e-01,1.02e-05","5,5,5,5","5.44e-01; 1.08e+00,7.51e-03; 1.29e+00,3.42e-01; 1.48e+00,4.60e-01,2.36e-01; 1.65e+00,8.85e-01,1.91e-01; 1.72e+00,1.03e+00,5.17e-01; 1.87e+00,1.22e+00,7.22e-01; 1.96e+00,1.45e+00,9.45e-01; 2.11e+00,1.64e+00,1.14e+00; 2.29e+00,1.81e+00,1.34e+00; 2.50e+00,1.93e+00,1.56e+00; 2.68e+00,2.04e+00,1.80e+00; 2.87e+00,2.19e+00,2.02e+00; 3.05e+00,2.39e+00,2.18e+00; 3.22e+00,2.54e+00,2.41e+00; 3.38e+00,2.77e+00,2.56e+00; 3.55e+00,2.90e+00,2.81e+00; 3.71e+00,3.06e+00,3.03e+00; 3.88e+00,3.27e+00,3.20e+00; 4.06e+00,3.49e+00,3.33e+00; 4.26e+00,3.69e+00,3.48e+00; 4.45e+00,3.87e+00,3.66e+00; 4.62e+00,4.09e+00,3.81e+00; 4.80e+00,4.30e+00,3.96e+00; 4.93e+00,4.44e+00,4.07e+00,1.67e-01; 5.11e+00,4.68e+00,4.23e+00,1.30e-01; 5.31e+00,4.91e+00,4.42e+00,5.71e-02; 5.07e+00,3.85e+00,3.79e+00,2.54e+00; 5.53e+00,5.11e+00,4.54e+00,6.07e-01; 5.73e+00,5.32e+00,4.72e+00,5.52e-01; 5.91e+00,5.49e+00,4.92e+00,5.48e-01; 6.02e+00,5.62e+00,5.06e+00,7.06e-01; 6.11e+00,5.67e+00,5.13e+00,1.06e+00; 6.27e+00,5.84e+00,5.28e+00,1.11e+00; 6.44e+00,6.01e+00,5.45e+00,1.15e+00; 6.62e+00,6.21e+00,5.63e+00,1.13e+00; 6.80e+00,6.37e+00,5.76e+00,1.21e+00; 6.97e+00,6.54e+00,5.90e+00,1.27e+00; 7.14e+00,6.71e+00,6.07e+00,1.30e+00; 7.29e+00,6.84e+00,6.24e+00,1.41e+00; 7.40e+00,6.90e+00,6.29e+00,1.73e+00; 7.53e+00,7.02e+00,6.41e+00,1.90e+00; 7.71e+00,7.20e+00,6.57e+00,1.93e+00; 7.90e+00,7.38e+00,6.74e+00,1.92e+00; 8.03e+00,7.48e+00,6.77e+00,2.21e+00; 8.18e+00,7.60e+00,6.85e+00,2.41e+00; 8.34e+00,7.75e+00,6.95e+00,2.54e+00; 8.49e+00,7.88e+00,7.12e+00,2.64e+00; 8.64e+00,8.06e+00,7.31e+00,2.66e+00; 8.77e+00,8.13e+00,7.41e+00,2.90e+00; 8.93e+00,8.29e+00,7.54e+00,2.99e+00; 9.10e+00,8.49e+00,7.69e+00,3.03e+00; 9.28e+00,8.68e+00,7.86e+00,3.02e+00; 9.40e+00,8.71e+00,7.81e+00,3.47e+00; 9.56e+00,8.92e+00,7.97e+00,3.49e+00; 9.69e+00,9.01e+00,8.03e+00,3.74e+00; 9.82e+00,9.07e+00,8.15e+00,3.98e+00; 9.96e+00,9.15e+00,8.28e+00,4.18e+00; 1.01e+01,9.30e+00,8.39e+00,4.32e+00; 1.03e+01,9.43e+00,8.49e+00,4.47e+00; 1.04e+01,9.60e+00,8.60e+00,4.56e+00; 1.06e+01,9.79e+00,8.73e+00,4.63e+00; 1.08e+01,9.97e+00,8.87e+00,4.69e+00; 1.09e+01,1.01e+01,8.98e+00,4.82e+00","24,24,24,24,24,24,24,24,24,24,24,24,24,24,24,24,26,26,26,26,24,24,26,26,26,26,26,24,24,24,24,24,24,24,24,24,24,24,24,24,24,24,24,24,24,24,24,24,24,24,24,26,24,24,26,24,24,24,24,24,24,26,24,26"
913,0.02,0.01,"0.00,0.00,0.00,0.00,0.00,0.00,0.00,0.00,0.00,0.00,0.00,0.00,0.00,0.00,0.01,0.01,0.01,0.01,0.01,0.01,0.01,0.01,0.01,0.01,0.01,0.01,0.02,0.02,0.02,0.02,0.02,0.02,0.02,0.02,0.03,0.03,0.03,0.03,0.03,0.03,0.03,0.04,0.04,0.04,0.04,0.04,0.04,0.05,0.05,0.05,0.05,0.05,0.06,0.06,0.06,0.06,0.06,0.06,0.07,0.07,0.07,0.07,0.07,0.08","1.10e-06,6.38e-11,4.46e-11,1.11e-11","4,4,4,4",1.36e-06; 2.73e-06; 4.09e-06; 5.46e-06; 6.82e-06; 8.19e-06; 9.55e-06; 1.09e-05; 1.23e-05; 1.36e-05; 1.50e-05; 1.64e-05; 1.77e-05; 1.91e-05; 2.05e-05; 2.18e-05; 2.32e-05; 2.46e-05; 2.59e-05; 2.73e-05; 2.87e-05; 3.00e-05; 3.14e-05; 3.27e-05; 3.41e-05; 3.55e-05; 3.68e-05; 3.82e-05; 3.96e-05; 4.09e-05; 4.23e-05; 4.37e-05; 4.50e-05; 4.64e-05; 4.78e-05; 4.91e-05; 5.05e-05; 5.18e-05; 5.32e-05; 5.46e-05; 5.59e-05; 5.73e-05; 5.87e-05; 6.00e-05; 6.14e-05; 6.28e-05; 6.41e-05; 6.55e-05; 6.69e-05; 6.82e-05; 6.96e-05; 7.09e-05; 7.23e-05; 7.37e-05; 7.50e-05; 7.64e-05; 7.78e-05; 7.91e-05; 8.05e-05; 8.19e-05; 8.32e-05; 8.46e-05; 8.60e-05; 8.73e-05,"30,30,30,24,30,30,30,30,30,30,30,24,30,30,30,30,30,30,30,30,30,30,30,30,30,30,30,30,30,30,30,30,30,30,30,30,30,30,30,30,30,30,30,30,30,30,30,30,30,30,30,30,30,30,30,30,30,30,30,30,30,30,30,30"
914,0.02,0.01,"0.00,0.00,0.00,0.00,0.00,0.00,0.01,0.01,0.01,0.01,0.01,0.02,0.02,0.02,0.02,0.03,0.03,0.03,0.04,0.04,0.05,0.05,0.05,0.06,0.06,0.07,0.07,0.08,0.08,0.09,0.09,0.10,0.10,0.11,0.11,0.12,0.13,0.13,0.14,0.14,0.15,0.15,0.16,0.17,0.17,0.18,0.19,0.19,0.20,0.20,0.21,0.22,0.22,0.23,0.24,0.24,0.25,0.25,0.26,0.27,0.28,0.28,0.29,0.29","1.31e-06,8.45e-11,3.62e-11,1.64e-11","8,8,8,8",1.63e-06; 3.25e-06; 4.88e-06; 6.51e-06; 8.13e-06; 9.76e-06; 1.14e-05; 1.30e-05; 1.46e-05; 1.63e-05; 1.79e-05; 1.95e-05; 2.11e-05; 2.28e-05; 2.44e-05; 2.60e-05; 2.77e-05; 2.93e-05; 3.09e-05; 3.25e-05; 3.42e-05; 3.58e-05; 3.74e-05; 3.90e-05; 4.07e-05; 4.23e-05; 4.39e-05; 4.55e-05; 4.72e-05; 4.88e-05; 5.04e-05; 5.21e-05; 5.37e-05; 5.53e-05; 5.69e-05; 5.86e-05; 6.02e-05; 6.18e-05; 6.34e-05; 6.51e-05; 6.67e-05; 6.83e-05; 6.99e-05; 7.16e-05; 7.32e-05; 7.48e-05; 7.65e-05; 7.81e-05; 7.97e-05; 8.13e-05; 8.30e-05; 8.46e-05; 8.62e-05; 8.78e-05; 8.95e-05; 9.11e-05; 9.27e-05; 9.43e-05; 9.60e-05; 9.76e-05; 9.92e-05; 1.01e-04; 1.02e-04; 1.04e-04,"39,39,39,39,39,39,39,39,39,39,39,39,39,39,39,39,39,39,39,39,39,39,39,39,39,39,39,39,39,39,39,39,39,39,39,39,39,39,39,39,39,39,39,39,39,39,39,39,39,39,39,39,39,39,39,39,39,39,39,39,39,39,39,39"
915,0.01,0.01,"0.00,0.00,0.00,0.00,0.00,0.00,0.00,0.00,0.00,0.00,0.01,0.01,0.01,0.01,0.01,0.01,0.01,0.01,0.02,0.02,0.02,0.02,0.02,0.02,0.03,0.03,0.03,0.03,0.04,0.04,0.04,0.04,0.05,0.05,0.05,0.06,0.06,0.06,0.06,0.07,0.07,0.07,0.08,0.08,0.08,0.09,0.09,0.09,0.10,0.10,0.11,0.11,0.11,0.12,0.12,0.13,0.13,0.13,0.14,0.14,0.15,0.15,0.16,0.16","8.15e-07,4.01e-11,1.87e-11,8.25e-12","4,4,4,4",1.01e-06; 2.02e-06; 3.03e-06; 4.04e-06; 5.05e-06; 6.07e-06; 7.08e-06; 8.09e-06; 9.10e-06; 1.01e-05; 1.11e-05; 1.21e-05; 1.31e-05; 1.42e-05; 1.52e-05; 1.62e-05; 1.72e-05; 1.82e-05; 1.92e-05; 2.02e-05; 2.12e-05; 2.22e-05; 2.33e-05; 2.43e-05; 2.53e-05; 2.63e-05; 2.73e-05; 2.83e-05; 2.93e-05; 3.03e-05; 3.13e-05; 3.24e-05; 3.34e-05; 3.44e-05; 3.54e-05; 3.64e-05; 3.74e-05; 3.84e-05; 3.94e-05; 4.04e-05; 4.15e-05; 4.25e-05; 4.35e-05; 4.45e-05; 4.55e-05; 4.65e-05; 4.75e-05; 4.85e-05; 4.95e-05; 5.05e-05; 5.16e-05; 5.26e-05; 5.36e-05; 5.46e-05; 5.56e-05; 5.66e-05; 5.76e-05; 5.86e-05; 5.96e-05; 6.07e-05; 6.17e-05; 6.27e-05; 6.37e-05; 6.47e-05,"24,24,24,24,24,24,24,24,24,24,24,24,24,24,24,24,24,24,24,24,24,24,24,24,24,24,24,24,24,24,24,24,24,24,24,24,24,24,24,24,24,24,24,24,24,24,24,24,24,24,24,24,24,24,24,24,24,24,24,24,24,24,24,24"
916,0.01,0.01,"0.00,0.00,0.00,0.00,0.00,0.00,0.00,0.00,0.00,0.01,0.01,0.01,0.01,0.01,0.01,0.01,0.02,0.02,0.02,0.02,0.02,0.03,0.03,0.03,0.03,0.04,0.04,0.04,0.04,0.05,0.05,0.05,0.06,0.06,0.06,0.07,0.07,0.07,0.08,0.08,0.08,0.09,0.09,0.10,0.10,0.11,0.11,0.11,0.12,0.12,0.13,0.13,0.14,0.14,0.15,0.15,0.16,0.16,0.17,0.17,0.18,0.18,0.19,0.19","5.30e-07,3.90e-11,2.13e-11,1.41e-11","9,9,9,9",; 1.32e-06; 1.97e-06; 2.63e-06; 3.29e-06; 3.95e-06; 4.61e-06; 5.27e-06; 5.92e-06; 6.58e-06; 7.24e-06; 7.90e-06; 8.56e-06; 9.21e-06; 9.87e-06; 1.05e-05; 1.12e-05; 1.18e-05; 1.25e-05; 1.32e-05; 1.38e-05; 1.45e-05; 1.51e-05; 1.58e-05; 1.65e-05; 1.71e-05; 1.78e-05; 1.84e-05; 1.91e-05; 1.97e-05; 2.04e-05; 2.11e-05; 2.17e-05; 2.24e-05; 2.30e-05; 2.37e-05; 2.44e-05; 2.50e-05; 2.57e-05; 2.63e-05; 2.70e-05; 2.76e-05; 2.83e-05; 2.90e-05; 2.96e-05; 3.03e-05; 3.09e-05; 3.16e-05; 3.23e-05; 3.29e-05; 3.36e-05; 3.42e-05; 3.49e-05; 3.55e-05; 3.62e-05; 3.69e-05; 3.75e-05; 3.82e-05; 3.88e-05; 3.95e-05; 4.02e-05; 4.08e-05; 4.15e-05; 4.21e-05,"32,32,32,32,32,32,32,32,32,32,32,32,32,32,32,32,32,32,32,32,32,32,32,32,32,32,32,32,32,32,32,32,32,32,32,32,32,32,32,32,32,32,32,32,32,32,32,32,32,32,32,32,32,32,32,32,32,32,32,32,32,32,32,32"
917,0.01,0.01,"0.00,0.00,0.00,0.00,0.00,0.00,0.00,0.01,0.01,0.01,0.01,0.01,0.01,0.02,0.02,0.02,0.02,0.03,0.03,0.03,0.04,0.04,0.04,0.05,0.05,0.06,0.06,0.07,0.07,0.07,0.08,0.08,0.09,0.09,0.10,0.11,0.11,0.12,0.12,0.13,0.13,0.14,0.15,0.15,0.16,0.17,0.17,0.18,0.19,0.19,0.20,0.21,0.21,0.22,0.23,0.24,0.24,0.25,0.26,0.27,0.27,0.28,0.29,0.30","5.62e-07,7.18e-11,1.03e-11,8.81e-12","5,5,5,5",; 1.40e-06; 2.09e-06; 2.79e-06; 3.49e-06; 4.19e-06; 4.88e-06; 5.58e-06; 6.28e-06; 6.98e-06; 7.68e-06; 8.37e-06; 9.07e-06; 9.77e-06; 1.05e-05; 1.12e-05; 1.19e-05; 1.26e-05; 1.33e-05; 1.40e-05; 1.47e-05; 1.54e-05; 1.60e-05; 1.67e-05; 1.74e-05; 1.81e-05; 1.88e-05; 1.95e-05; 2.02e-05; 2.09e-05; 2.16e-05; 2.23e-05; 2.30e-05; 2.37e-05; 2.44e-05; 2.51e-05; 2.58e-05; 2.65e-05; 2.72e-05; 2.79e-05; 2.86e-05; 2.93e-05; 3.00e-05; 3.07e-05; 3.14e-05; 3.21e-05; 3.28e-05; 3.35e-05; 3.42e-05; 3.49e-05; 3.56e-05; 3.63e-05; 3.70e-05; 3.77e-05; 3.84e-05; 3.91e-05; 3.98e-05; 4.05e-05; 4.12e-05; 4.19e-05; 4.26e-05; 4.33e-05; 4.40e-05; 4.47e-05,"32,32,32,32,32,32,32,32,32,32,32,32,32,32,32,32,32,32,32,32,32,32,32,32,32,32,32,32,32,32,32,32,32,32,32,32,32,32,32,32,32,32,32,32,32,32,32,32,32,32,32,32,32,32,32,32,32,32,32,32,32,32,32,32"
928,40.32,34.27,"11.51,16.17,19.05,20.91,23.24,25.24,27.08,28.66,29.81,30.80,31.67,32.47,33.25,33.99,34.83,35.60,36.29,36.93,37.43,37.90,38.41,38.89,39.42,39.99,40.46,40.81,41.21,41.57,41.82,42.37,42.68,43.15,43.53,43.83,44.12,44.40,44.51,44.90,45.27,45.47,45.65,45.96,46.12,46.32,46.47,46.83,47.09,47.30,47.57,47.98,47.87,48.19,47.99,48.53,48.70,48.82,49.05,49.48,49.48,49.58,49.74,50.45,50.29,50.41","3.52e+01,3.51e+01,3.49e+01,3.11e+01","11,5,11,5","1.86e+02; 2.01e+02,1.70e+02; 2.93e+02,2.64e+02; 3.38e+02,3.04e+02,1.01e+02; 3.60e+02,3.26e+02,2.42e+02; 4.06e+02,3.73e+02,3.35e+02; 4.26e+02,3.87e+02,3.55e+02,1.31e+02; 4.59e+02,4.33e+02,3.84e+02,2.09e+02; 5.06e+02,4.83e+02,4.29e+02,2.52e+02; 5.56e+02,5.34e+02,4.86e+02,2.80e+02; 6.06e+02,5.86e+02,5.35e+02,3.14e+02; 6.55e+02,6.35e+02,5.85e+02,3.52e+02; 7.00e+02,6.81e+02,6.26e+02,4.06e+02; 7.49e+02,7.32e+02,6.71e+02,4.46e+02; 7.91e+02,7.75e+02,7.06e+02,5.10e+02; 8.38e+02,8.25e+02,7.48e+02,5.58e+02; 8.82e+02,8.70e+02,7.94e+02,6.09e+02; 9.28e+02,9.16e+02,8.47e+02,6.48e+02; 9.77e+02,9.65e+02,9.00e+02,6.84e+02; 1.02e+03,1.01e+03,9.50e+02,7.25e+02; 1.07e+03,1.06e+03,9.94e+02,7.80e+02; 1.12e+03,1.11e+03,1.04e+03,8.16e+02; 1.16e+03,1.15e+03,1.08e+03,8.83e+02; 1.20e+03,1.19e+03,1.12e+03,9.36e+02; 1.25e+03,1.24e+03,1.17e+03,9.87e+02; 1.30e+03,1.29e+03,1.21e+03,1.03e+03; 1.34e+03,1.33e+03,1.26e+03,1.07e+03; 1.39e+03,1.38e+03,1.31e+03,1.11e+03; 1.44e+03,1.43e+03,1.37e+03,1.15e+03; 1.48e+03,1.47e+03,1.41e+03,1.21e+03; 1.52e+03,1.52e+03,1.45e+03,1.26e+03; 1.57e+03,1.56e+03,1.49e+03,1.31e+03; 1.62e+03,1.61e+03,1.54e+03,1.36e+03; 1.66e+03,1.65e+03,1.59e+03,1.41e+03; 1.71e+03,1.70e+03,1.64e+03,1.45e+03; 1.76e+03,1.75e+03,1.69e+03,1.48e+03; 1.80e+03,1.80e+03,1.73e+03,1.54e+03; 1.85e+03,1.84e+03,1.78e+03,1.58e+03; 1.89e+03,1.88e+03,1.82e+03,1.64e+03; 1.94e+03,1.93e+03,1.87e+03,1.69e+03; 1.98e+03,1.98e+03,1.91e+03,1.74e+03; 2.03e+03,2.02e+03,1.96e+03,1.78e+03; 2.08e+03,2.07e+03,2.01e+03,1.82e+03; 2.12e+03,2.12e+03,2.06e+03,1.86e+03; 2.18e+03,2.17e+03,2.11e+03,1.88e+03; 2.22e+03,2.21e+03,2.15e+03,1.96e+03; 2.26e+03,2.26e+03,2.19e+03,2.01e+03; 2.31e+03,2.30e+03,2.24e+03,2.06e+03; 2.35e+03,2.35e+03,2.29e+03,2.11e+03; 2.40e+03,2.39e+03,2.33e+03,2.16e+03; 2.45e+03,2.44e+03,2.38e+03,2.20e+03; 2.49e+03,2.49e+03,2.42e+03,2.24e+03; 2.55e+03,2.54e+03,2.48e+03,2.26e+03; 2.59e+03,2.58e+03,2.52e+03,2.33e+03; 2.63e+03,2.63e+03,2.56e+03,2.38e+03; 2.68e+03,2.67e+03,2.61e+03,2.44e+03; 2.72e+03,2.72e+03,2.65e+03,2.48e+03; 2.77e+03,2.77e+03,2.70e+03,2.53e+03; 2.82e+03,2.81e+03,2.75e+03,2.58e+03; 2.87e+03,2.87e+03,2.80e+03,2.59e+03; 2.92e+03,2.91e+03,2.85e+03,2.64e+03; 2.96e+03,2.95e+03,2.89e+03,2.71e+03; 3.00e+03,2.99e+03,2.93e+03,2.77e+03; 3.04e+03,3.04e+03,2.98e+03,2.81e+03","38,32,38,32,38,38,32,38,32,32,38,32,32,38,32,38,32,32,32,32,32,38,32,32,32,38,32,32,32,32,32,38,32,32,32,32,26,32,32,36,32,36,32,32,38,32,38,32,32,26,38,36,38,38,38,32,38,38,32,38,38,32,32,26"
929,36.17,31.48,"11.22,15.71,18.62,20.38,22.03,23.40,24.63,25.81,26.78,27.62,28.37,29.07,29.77,30.48,31.21,32.03,32.70,33.27,33.77,34.21,34.67,35.14,35.73,36.29,36.72,37.13,37.46,37.81,38.16,38.51,38.98,39.38,39.71,40.03,40.38,40.55,40.92,41.21,41.48,41.90,42.16,42.42,42.58,42.77,43.08,43.31,43.54,43.88,44.16,44.33,44.62,44.71,44.93,45.08,45.30,45.51,45.93,45.87,46.18,46.22,46.31,46.42,46.65,46.90","2.01e+01,2.01e+01,1.88e+01,1.70e+01","12,4,12,4","1.13e+02; 1.22e+02,1.04e+02; 1.79e+02,1.61e+02; 2.24e+02,2.07e+02,2.19e+01; 2.47e+02,2.32e+02,6.21e+01,2.60e+01; 2.82e+02,2.56e+02,1.05e+02,3.87e+01; 2.96e+02,2.67e+02,1.47e+02,8.49e+01; 3.12e+02,2.82e+02,1.84e+02,1.30e+02; 3.39e+02,3.05e+02,2.04e+02,1.72e+02; 3.63e+02,3.27e+02,2.44e+02,2.00e+02; 3.91e+02,3.59e+02,2.74e+02,2.24e+02; 4.19e+02,3.88e+02,3.00e+02,2.53e+02; 4.43e+02,4.13e+02,3.31e+02,2.88e+02; 4.73e+02,4.39e+02,3.70e+02,3.05e+02; 5.01e+02,4.65e+02,4.03e+02,3.32e+02; 5.18e+02,4.86e+02,4.41e+02,3.70e+02; 5.45e+02,5.12e+02,4.68e+02,4.04e+02; 5.72e+02,5.41e+02,4.98e+02,4.30e+02; 6.00e+02,5.69e+02,5.30e+02,4.56e+02; 6.27e+02,5.99e+02,5.58e+02,4.85e+02; 6.57e+02,6.29e+02,5.88e+02,5.08e+02; 6.84e+02,6.56e+02,6.15e+02,5.40e+02; 7.09e+02,6.83e+02,6.51e+02,5.66e+02; 7.32e+02,7.06e+02,6.84e+02,5.99e+02; 7.63e+02,7.35e+02,7.16e+02,6.22e+02; 7.91e+02,7.63e+02,7.47e+02,6.48e+02; 8.17e+02,7.92e+02,7.74e+02,6.78e+02; 8.47e+02,8.22e+02,8.04e+02,7.03e+02; 8.75e+02,8.51e+02,8.32e+02,7.31e+02; 9.03e+02,8.79e+02,8.60e+02,7.61e+02; 9.29e+02,9.05e+02,8.91e+02,7.92e+02; 9.55e+02,9.32e+02,9.22e+02,8.21e+02; 9.83e+02,9.58e+02,9.50e+02,8.52e+02; 1.00e+03,9.85e+02,9.70e+02,8.99e+02; 1.04e+03,1.02e+03,1.01e+03,9.04e+02; 1.07e+03,1.04e+03,1.03e+03,9.39e+02; 1.09e+03,1.07e+03,1.06e+03,9.67e+02; 1.11e+03,1.10e+03,1.08e+03,1.02e+03; 1.15e+03,1.13e+03,1.12e+03,1.03e+03; 1.18e+03,1.16e+03,1.15e+03,1.05e+03; 1.21e+03,1.18e+03,1.18e+03,1.08e+03; 1.23e+03,1.21e+03,1.21e+03,1.11e+03; 1.26e+03,1.24e+03,1.24e+03,1.14e+03; 1.29e+03,1.27e+03,1.27e+03,1.16e+03; 1.31e+03,1.30e+03,1.29e+03,1.20e+03; 1.34e+03,1.33e+03,1.32e+03,1.23e+03; 1.37e+03,1.35e+03,1.35e+03,1.25e+03; 1.40e+03,1.38e+03,1.38e+03,1.28e+03; 1.43e+03,1.41e+03,1.41e+03,1.32e+03; 1.45e+03,1.44e+03,1.43e+03,1.35e+03; 1.48e+03,1.47e+03,1.46e+03,1.37e+03; 1.51e+03,1.49e+03,1.49e+03,1.40e+03; 1.54e+03,1.52e+03,1.52e+03,1.43e+03; 1.56e+03,1.55e+03,1.53e+03,1.49e+03; 1.60e+03,1.58e+03,1.58e+03,1.49e+03; 1.62e+03,1.60e+03,1.60e+03,1.53e+03; 1.65e+03,1.63e+03,1.63e+03,1.54e+03; 1.68e+03,1.66e+03,1.66e+03,1.58e+03; 1.71e+03,1.69e+03,1.69e+03,1.60e+03; 1.74e+03,1.72e+03,1.72e+03,1.63e+03; 1.77e+03,1.75e+03,1.75e+03,1.66e+03; 1.77e+03,1.77e+03,1.76e+03,1.73e+03; 1.82e+03,1.80e+03,1.80e+03,1.73e+03; 1.82e+03,1.82e+03,1.81e+03,1.80e+03","38,32,38,32,38,32,38,32,32,38,32,38,38,38,32,38,32,32,38,32,32,32,38,38,32,38,32,32,32,32,38,38,32,32,38,32,32,38,32,38,38,38,38,32,32,38,32,38,32,38,32,38,32,34,32,38,38,38,34,32,38,38,38,38"
930,27.95,24.44,"11.98,14.33,16.57,18.68,20.32,21.57,22.55,23.32,24.11,24.61,25.07,25.53,26.02,26.41,26.84,27.23,27.62,27.89,28.19,28.42,28.72,28.94,29.31,29.52,29.66,30.05,30.09,30.29,30.44,30.57,30.84,31.06,31.43,31.54,31.73,32.06,32.28,32.67,32.78,33.06,33.33,33.39,33.37,33.55,33.79,33.93,33.93,34.48,34.30,34.65,34.47,34.61,35.27,35.01,35.50,35.46,35.79,35.71,36.12,36.42,36.70,37.22,36.37,37.04","2.57e+01,2.51e+01,2.30e+01,2.46e-03","11,11,11,11","9.16e+01; 1.83e+02; 1.67e+02,1.08e+02; 1.98e+02,1.68e+02; 2.39e+02,2.19e+02; 2.82e+02,2.67e+02; 3.27e+02,3.14e+02; 3.72e+02,3.61e+02; 4.16e+02,4.08e+02; 4.62e+02,4.54e+02; 5.08e+02,5.00e+02; 5.53e+02,5.46e+02; 5.99e+02,5.92e+02; 6.44e+02,6.38e+02; 6.90e+02,6.84e+02; 7.36e+02,7.30e+02; 7.81e+02,7.76e+02; 8.27e+02,8.22e+02; 8.72e+02,8.67e+02; 9.18e+02,9.13e+02; 9.64e+02,9.59e+02; 1.01e+03,1.00e+03; 1.06e+03,1.05e+03; 1.10e+03,1.10e+03; 1.15e+03,1.14e+03; 1.19e+03,1.19e+03; 1.24e+03,1.23e+03; 1.28e+03,1.28e+03; 1.33e+03,1.33e+03; 1.38e+03,1.37e+03,4.10e-02; 1.39e+03,1.38e+03,6.65e+01; 1.37e+03,1.37e+03,1.94e+02; 1.32e+03,1.32e+03,3.77e+02; 1.38e+03,1.38e+03,3.57e+02; 1.41e+03,1.41e+03,3.87e+02; 1.36e+03,1.36e+03,5.82e+02; 1.35e+03,1.35e+03,6.90e+02; 1.36e+03,1.36e+03,7.60e+02; 1.38e+03,1.38e+03,8.15e+02; 1.41e+03,1.40e+03,8.56e+02; 1.43e+03,1.43e+03,8.98e+02; 1.47e+03,1.47e+03,9.11e+02; 1.58e+03,1.58e+03,7.78e+02; 1.55e+03,1.55e+03,9.32e+02; 1.56e+03,1.56e+03,9.99e+02; 1.58e+03,1.57e+03,1.06e+03; 1.61e+03,1.61e+03,1.08e+03; 1.64e+03,1.64e+03,1.11e+03; 1.67e+03,1.67e+03,1.14e+03; 1.72e+03,1.71e+03,1.15e+03; 1.74e+03,1.74e+03,1.19e+03; 1.76e+03,1.75e+03,1.25e+03; 1.78e+03,1.78e+03,1.29e+03; 1.80e+03,1.80e+03,1.34e+03; 1.84e+03,1.83e+03,1.37e+03; 1.87e+03,1.87e+03,1.39e+03; 1.90e+03,1.90e+03,1.42e+03; 1.93e+03,1.93e+03,1.45e+03; 1.96e+03,1.96e+03,1.48e+03; 1.99e+03,1.99e+03,1.52e+03; 2.01e+03,2.01e+03,1.57e+03; 2.04e+03,2.04e+03,1.60e+03; 2.07e+03,2.07e+03,1.63e+03; 2.10e+03,2.10e+03,1.66e+03","30,30,30,30,30,30,30,30,30,30,30,30,30,30,30,30,30,30,30,30,30,30,30,30,30,46,46,30,30,30,30,32,30,30,32,32,32,32,32,32,46,14,30,46,14,32,46,30,30,46,32,32,46,32,30,30,46,30,32,32,46,46,14,32"
931,33.51,28.10,"11.03,13.86,16.43,18.06,19.59,20.98,22.24,23.35,24.31,25.26,26.03,26.70,27.36,27.99,28.59,29.21,29.78,30.31,30.76,31.20,31.66,32.08,32.53,32.97,33.40,33.77,34.09,34.40,34.72,35.05,35.38,35.73,36.05,36.37,36.62,36.85,37.15,37.42,37.76,38.02,38.31,38.58,38.79,38.95,39.17,39.33,39.72,39.96,40.12,40.39,40.59,40.75,40.93,41.09,41.41,41.66,41.82,42.00,42.10,42.26,42.36,42.63,42.87,43.23","1.53e+01,1.52e+01,1.44e+01,1.18e+01","12,5,12,12","7.29e+01; 8.40e+01,6.18e+01; 1.22e+02,9.71e+01; 1.54e+02,1.37e+02; 1.72e+02,1.55e+02,3.75e+01; 1.81e+02,1.63e+02,9.36e+01; 1.97e+02,1.78e+02,1.36e+02; 2.16e+02,1.97e+02,1.71e+02; 2.36e+02,2.17e+02,2.03e+02; 2.55e+02,2.41e+02,2.22e+02,1.13e+01; 2.74e+02,2.62e+02,2.40e+02,2.57e+01; 2.86e+02,2.73e+02,2.51e+02,6.52e+01; 3.09e+02,2.92e+02,2.73e+02,7.44e+01; 3.30e+02,3.12e+02,2.95e+02,8.49e+01; 3.48e+02,3.30e+02,3.16e+02,9.96e+01; 3.67e+02,3.47e+02,3.39e+02,1.14e+02; 3.78e+02,3.61e+02,3.55e+02,1.47e+02; 3.95e+02,3.77e+02,3.71e+02,1.70e+02; 4.14e+02,3.97e+02,3.89e+02,1.85e+02; 4.30e+02,4.14e+02,4.05e+02,2.09e+02; 4.46e+02,4.29e+02,4.20e+02,2.37e+02; 4.66e+02,4.48e+02,4.40e+02,2.50e+02; 4.85e+02,4.66e+02,4.61e+02,2.66e+02; 5.03e+02,4.85e+02,4.82e+02,2.80e+02; 5.18e+02,4.98e+02,4.96e+02,3.11e+02; 5.34e+02,5.15e+02,5.12e+02,3.35e+02; 5.53e+02,5.35e+02,5.31e+02,3.50e+02; 5.70e+02,5.53e+02,5.47e+02,3.72e+02; 5.85e+02,5.68e+02,5.62e+02,3.99e+02; 6.04e+02,5.87e+02,5.82e+02,4.15e+02; 6.23e+02,6.05e+02,6.01e+02,4.32e+02; 6.42e+02,6.23e+02,6.21e+02,4.48e+02; 6.60e+02,6.41e+02,6.40e+02,4.65e+02; 6.79e+02,6.60e+02,6.59e+02,4.82e+02; 6.97e+02,6.78e+02,6.77e+02,5.00e+02; 7.16e+02,6.98e+02,6.97e+02,5.15e+02; 7.31e+02,7.13e+02,7.11e+02,5.43e+02; 7.50e+02,7.33e+02,7.31e+02,5.57e+02; 7.68e+02,7.50e+02,7.49e+02,5.77e+02; 7.82e+02,7.65e+02,7.62e+02,6.08e+02; 8.00e+02,7.84e+02,7.80e+02,6.26e+02; 8.18e+02,8.01e+02,7.98e+02,6.46e+02; 8.36e+02,8.20e+02,8.17e+02,6.63e+02; 8.54e+02,8.38e+02,8.35e+02,6.81e+02; 8.72e+02,8.55e+02,8.53e+02,7.02e+02; 8.92e+02,8.76e+02,8.74e+02,7.13e+02; 9.09e+02,8.94e+02,8.90e+02,7.34e+02; 9.22e+02,9.07e+02,9.03e+02,7.68e+02; 9.41e+02,9.26e+02,9.21e+02,7.85e+02; 9.58e+02,9.43e+02,9.39e+02,8.05e+02; 9.75e+02,9.60e+02,9.58e+02,8.26e+02; 9.93e+02,9.78e+02,9.76e+02,8.45e+02; 1.01e+03,9.96e+02,9.94e+02,8.64e+02; 1.03e+03,1.02e+03,1.02e+03,8.67e+02; 1.05e+03,1.03e+03,1.03e+03,9.03e+02; 1.06e+03,1.05e+03,1.05e+03,9.21e+02; 1.08e+03,1.07e+03,1.06e+03,9.39e+02; 1.10e+03,1.09e+03,1.08e+03,9.56e+02; 1.12e+03,1.11e+03,1.10e+03,9.71e+02; 1.14e+03,1.13e+03,1.12e+03,9.92e+02; 1.15e+03,1.14e+03,1.14e+03,1.02e+03; 1.17e+03,1.16e+03,1.16e+03,1.03e+03; 1.19e+03,1.18e+03,1.17e+03,1.06e+03; 1.21e+03,1.20e+03,1.19e+03,1.08e+03","30,32,30,32,30,30,30,30,30,32,32,32,32,30,30,30,30,32,32,32,32,32,30,30,32,32,32,32,32,30,30,32,30,30,32,30,32,30,30,32,30,32,30,32,46,30,30,32,30,32,32,30,30,30,32,30,30,30,46,32,30,32,32,30"
932,34.01,28.08,"9.16,11.74,14.00,15.71,17.31,18.74,19.86,20.94,21.80,22.57,23.33,24.00,24.72,25.47,26.14,26.71,27.26,27.75,28.21,28.62,29.07,29.52,29.95,30.36,30.76,31.10,31.42,31.73,32.05,32.37,32.69,33.00,33.30,33.58,33.82,34.09,34.34,34.60,34.85,35.11,35.36,35.59,35.79,35.98,36.18,36.42,36.61,36.82,37.03,37.22,37.42,37.59,37.76,37.95,38.10,38.30,38.46,38.66,38.77,38.90,39.02,39.21,39.38,39.57","7.15e+00,7.13e+00,6.59e+00,5.66e+00","10,4,4,12","3.74e+01; 5.10e+01,2.38e+01; 6.32e+01,4.90e+01; 8.27e+01,6.69e+01; 8.93e+01,7.45e+01,2.33e+01; 9.42e+01,7.85e+01,5.17e+01; 1.06e+02,8.06e+01,6.07e+01,1.40e+01; 1.15e+02,8.59e+01,7.44e+01,2.42e+01; 1.18e+02,9.35e+01,8.62e+01,3.85e+01; 1.29e+02,1.02e+02,9.48e+01,4.84e+01; 1.42e+02,1.13e+02,1.04e+02,5.22e+01; 1.53e+02,1.24e+02,1.14e+02,5.71e+01; 1.64e+02,1.38e+02,1.23e+02,6.18e+01; 1.73e+02,1.50e+02,1.32e+02,6.79e+01; 1.83e+02,1.63e+02,1.40e+02,7.48e+01; 1.88e+02,1.68e+02,1.49e+02,9.26e+01; 1.98e+02,1.81e+02,1.58e+02,9.91e+01; 2.08e+02,1.90e+02,1.65e+02,1.10e+02; 2.18e+02,1.99e+02,1.76e+02,1.17e+02; 2.28e+02,2.09e+02,1.90e+02,1.22e+02; 2.38e+02,2.20e+02,1.99e+02,1.28e+02; 2.48e+02,2.31e+02,2.08e+02,1.35e+02; 2.58e+02,2.42e+02,2.17e+02,1.44e+02; 2.66e+02,2.50e+02,2.24e+02,1.57e+02; 2.76e+02,2.61e+02,2.33e+02,1.65e+02; 2.85e+02,2.70e+02,2.42e+02,1.76e+02; 2.94e+02,2.79e+02,2.54e+02,1.84e+02; 3.04e+02,2.89e+02,2.63e+02,1.91e+02; 3.14e+02,2.99e+02,2.73e+02,1.99e+02; 3.24e+02,3.10e+02,2.82e+02,2.06e+02; 3.33e+02,3.18e+02,2.90e+02,2.19e+02; 3.41e+02,3.26e+02,2.99e+02,2.32e+02; 3.50e+02,3.36e+02,3.08e+02,2.40e+02; 3.59e+02,3.45e+02,3.17e+02,2.51e+02; 3.68e+02,3.53e+02,3.27e+02,2.60e+02; 3.78e+02,3.63e+02,3.37e+02,2.69e+02; 3.88e+02,3.73e+02,3.47e+02,2.77e+02; 3.97e+02,3.84e+02,3.56e+02,2.84e+02; 4.06e+02,3.92e+02,3.65e+02,2.97e+02; 4.14e+02,4.00e+02,3.73e+02,3.09e+02; 4.23e+02,4.10e+02,3.83e+02,3.18e+02; 4.32e+02,4.18e+02,3.92e+02,3.29e+02; 4.42e+02,4.28e+02,4.01e+02,3.38e+02; 4.51e+02,4.38e+02,4.11e+02,3.47e+02; 4.61e+02,4.47e+02,4.20e+02,3.55e+02; 4.70e+02,4.57e+02,4.30e+02,3.63e+02; 4.79e+02,4.65e+02,4.39e+02,3.75e+02; 4.87e+02,4.74e+02,4.49e+02,3.86e+02; 4.97e+02,4.83e+02,4.58e+02,3.95e+02; 5.05e+02,4.92e+02,4.67e+02,4.06e+02; 5.14e+02,5.01e+02,4.77e+02,4.17e+02; 5.24e+02,5.10e+02,4.86e+02,4.25e+02; 5.33e+02,5.20e+02,4.96e+02,4.34e+02; 5.42e+02,5.29e+02,5.06e+02,4.43e+02; 5.52e+02,5.39e+02,5.15e+02,4.52e+02; 5.60e+02,5.47e+02,5.24e+02,4.63e+02; 5.70e+02,5.57e+02,5.33e+02,4.72e+02; 5.78e+02,5.65e+02,5.42e+02,4.84e+02; 5.88e+02,5.75e+02,5.52e+02,4.93e+02; 5.97e+02,5.84e+02,5.61e+02,5.02e+02; 6.07e+02,5.94e+02,5.71e+02,5.10e+02; 6.16e+02,6.04e+02,5.81e+02,5.18e+02; 6.24e+02,6.12e+02,5.90e+02,5.31e+02; 6.33e+02,6.20e+02,5.99e+02,5.41e+02","31,31,25,31,31,31,25,25,31,31,25,31,31,31,31,25,31,25,25,25,31,31,31,25,31,25,25,31,31,31,25,25,31,25,25,31,31,31,25,25,31,25,31,31,31,25,25,25,31,25,25,31,25,31,31,25,31,25,47,31,31,25,25,25"
933,21.93,18.79,"7.52,9.74,11.27,12.49,13.49,14.29,14.90,15.36,15.58,15.84,16.14,16.45,16.79,17.12,17.43,17.74,18.04,18.30,18.55,18.79,19.02,19.24,19.45,19.69,19.96,20.19,20.41,20.80,21.14,21.44,21.70,21.94,22.22,22.45,22.67,22.94,23.19,23.44,23.60,23.77,24.02,24.27,24.46,24.65,24.85,25.01,25.19,25.33,25.58,25.80,25.96,26.10,26.27,26.42,26.54,26.68,26.89,27.06,27.20,27.36,27.48,27.58,27.69,27.77","3.94e+00,3.59e+00,2.70e+00,8.12e-01","8,8,8,8","1.37e+01; 2.74e+01; 4.11e+01; 5.47e+01; 6.84e+01; 8.21e+01; 9.58e+01; 1.09e+02; 1.23e+02,5.34e-01; 1.22e+02,1.47e+01; 1.27e+02,2.40e+01; 1.33e+02,3.14e+01; 1.39e+02,3.84e+01; 1.45e+02,4.65e+01; 1.49e+02,5.64e+01; 1.50e+02,6.87e+01; 1.50e+02,8.25e+01; 1.54e+02,9.23e+01; 1.60e+02,1.00e+02; 1.66e+02,1.08e+02; 1.73e+02,1.15e+02; 1.79e+02,1.22e+02; 1.85e+02,1.29e+02; 1.90e+02,1.38e+02; 1.94e+02,1.48e+02; 1.99e+02,1.57e+02; 1.80e+02,1.37e+02,5.25e+01; 1.75e+02,1.33e+02,7.51e+01; 1.74e+02,1.32e+02,9.10e+01; 1.76e+02,1.34e+02,1.01e+02; 1.78e+02,1.36e+02,1.10e+02; 1.81e+02,1.39e+02,1.17e+02; 1.85e+02,1.47e+02,1.20e+02; 1.88e+02,1.53e+02,1.24e+02; 1.91e+02,1.57e+02,1.31e+02; 1.95e+02,1.60e+02,1.38e+02; 1.98e+02,1.63e+02,1.45e+02; 2.02e+02,1.67e+02,1.51e+02; 2.06e+02,1.71e+02,1.57e+02; 2.10e+02,1.77e+02,1.61e+02; 2.14e+02,1.84e+02,1.64e+02; 2.18e+02,1.89e+02,1.68e+02; 2.22e+02,1.95e+02,1.72e+02; 2.26e+02,1.99e+02,1.78e+02; 2.30e+02,2.02e+02,1.83e+02; 2.34e+02,2.07e+02,1.89e+02; 2.38e+02,2.11e+02,1.95e+02; 2.42e+02,2.15e+02,2.00e+02; 2.46e+02,2.21e+02,2.03e+02,1.04e-01; 2.49e+02,2.26e+02,2.06e+02,3.12e+00; 2.55e+02,2.32e+02,2.11e+02; 2.59e+02,2.36e+02,2.17e+02; 2.63e+02,2.40e+02,2.22e+02; 2.65e+02,2.42e+02,2.25e+02,6.85e+00; 2.66e+02,2.43e+02,2.27e+02,1.74e+01; 2.69e+02,2.47e+02,2.30e+02,2.05e+01; 2.73e+02,2.52e+02,2.33e+02,2.23e+01; 2.76e+02,2.56e+02,2.36e+02,2.54e+01; 2.82e+02,2.63e+02,2.41e+02,2.15e+01; 2.94e+02,2.74e+02,2.53e+02; 2.97e+02,2.78e+02,2.58e+02,1.84e+00; 2.95e+02,2.76e+02,2.55e+02,2.26e+01; 3.12e+02,2.92e+02,2.58e+02; 3.16e+02,2.97e+02,2.62e+02","31,31,31,31,29,29,29,29,31,31,31,29,29,29,29,31,31,31,29,29,29,29,29,29,31,31,25,25,25,25,25,25,29,31,25,25,25,25,25,29,31,31,31,25,25,25,25,25,29,29,31,25,25,25,25,31,31,29,29,31,25,29,29,31"
934,27.31,29.03,"6.11,10.91,13.15,15.08,16.88,18.36,19.74,20.88,21.91,22.79,23.54,24.26,24.90,25.61,26.24,26.86,27.47,28.01,28.48,28.91,29.39,29.85,30.30,30.74,31.16,31.56,31.86,32.21,32.50,32.87,33.20,33.59,33.91,34.23,34.47,34.74,34.99,35.27,35.54,35.85,36.11,36.35,36.58,36.77,37.00,37.20,37.46,37.69,37.93,38.14,38.32,38.50,38.66,38.88,39.07,39.27,39.47,39.66,39.84,40.01,40.15,40.34,40.51,40.71","3.93e-01,3.93e-01,3.70e-01,1.26e-01","4,4,4,4","1.59e+00; 1.63e+00,1.55e+00; 2.22e+00,2.13e+00,4.26e-01; 2.66e+00,2.61e+00,1.10e+00; 3.06e+00,2.94e+00,1.96e+00; 3.30e+00,3.19e+00,2.29e+00,7.61e-01; 3.68e+00,3.48e+00,2.60e+00,1.38e+00; 4.12e+00,3.74e+00,2.96e+00,1.91e+00; 4.46e+00,4.16e+00,3.24e+00,2.45e+00; 4.94e+00,4.51e+00,3.66e+00,2.80e+00; 5.36e+00,5.09e+00,4.00e+00,3.06e+00; 5.73e+00,5.67e+00,4.35e+00,3.34e+00; 6.19e+00,6.03e+00,4.72e+00,3.73e+00; 6.59e+00,6.58e+00,5.17e+00,3.94e+00; 7.11e+00,6.88e+00,5.54e+00,4.33e+00; 7.54e+00,7.23e+00,5.80e+00,4.89e+00; 7.95e+00,7.56e+00,6.41e+00,5.12e+00; 8.32e+00,8.01e+00,6.70e+00,5.60e+00; 8.78e+00,8.41e+00,7.09e+00,5.95e+00; 9.21e+00,8.89e+00,7.47e+00,6.25e+00; 9.55e+00,9.40e+00,7.81e+00,6.65e+00; 9.91e+00,9.81e+00,8.18e+00,7.10e+00; 1.04e+01,1.02e+01,8.53e+00,7.54e+00; 1.07e+01,1.06e+01,8.93e+00,8.00e+00; 1.11e+01,1.09e+01,9.35e+00,8.44e+00; 1.14e+01,1.14e+01,9.74e+00,8.84e+00; 1.20e+01,1.16e+01,1.01e+01,9.27e+00; 1.23e+01,1.22e+01,1.05e+01,9.57e+00; 1.28e+01,1.25e+01,1.08e+01,9.94e+00; 1.31e+01,1.31e+01,1.13e+01,1.03e+01; 1.35e+01,1.34e+01,1.17e+01,1.07e+01; 1.39e+01,1.38e+01,1.20e+01,1.12e+01; 1.44e+01,1.41e+01,1.23e+01,1.18e+01; 1.47e+01,1.45e+01,1.28e+01,1.21e+01; 1.51e+01,1.49e+01,1.31e+01,1.25e+01; 1.55e+01,1.54e+01,1.36e+01,1.28e+01; 1.59e+01,1.58e+01,1.39e+01,1.32e+01; 1.63e+01,1.62e+01,1.43e+01,1.36e+01; 1.67e+01,1.66e+01,1.48e+01,1.39e+01; 1.71e+01,1.70e+01,1.51e+01,1.44e+01; 1.75e+01,1.74e+01,1.57e+01,1.47e+01; 1.80e+01,1.77e+01,1.60e+01,1.52e+01; 1.83e+01,1.82e+01,1.64e+01,1.55e+01; 1.88e+01,1.85e+01,1.68e+01,1.59e+01; 1.91e+01,1.91e+01,1.72e+01,1.62e+01; 1.96e+01,1.94e+01,1.75e+01,1.67e+01; 1.99e+01,1.98e+01,1.81e+01,1.69e+01; 2.04e+01,2.01e+01,1.84e+01,1.75e+01; 2.08e+01,2.06e+01,1.89e+01,1.78e+01; 2.11e+01,2.11e+01,1.94e+01,1.81e+01; 2.16e+01,2.14e+01,1.97e+01,1.85e+01; 2.19e+01,2.19e+01,2.01e+01,1.88e+01; 2.24e+01,2.22e+01,2.05e+01,1.93e+01; 2.27e+01,2.27e+01,2.10e+01,1.95e+01; 2.32e+01,2.30e+01,2.13e+01,2.00e+01; 2.37e+01,2.33e+01,2.16e+01,2.06e+01; 2.41e+01,2.36e+01,2.19e+01,2.11e+01; 2.44e+01,2.40e+01,2.24e+01,2.14e+01; 2.48e+01,2.45e+01,2.28e+01,2.17e+01; 2.51e+01,2.51e+01,2.32e+01,2.20e+01; 2.56e+01,2.54e+01,2.36e+01,2.24e+01; 2.59e+01,2.59e+01,2.41e+01,2.28e+01; 2.63e+01,2.63e+01,2.45e+01,2.31e+01; 2.67e+01,2.66e+01,2.49e+01,2.36e+01","33,0,33,0,33,0,33,33,0,33,0,0,0,33,33,33,33,0,33,0,0,0,33,0,33,0,33,0,33,0,0,33,33,0,0,33,0,33,0,33,0,33,0,33,0,33,0,33,0,0,33,0,33,0,33,33,33,0,0,0,33,0,0,33"
935,5.35,5.24,"0.34,0.93,1.49,1.98,2.40,2.76,3.09,3.38,3.64,3.89,4.13,4.36,4.56,4.75,4.93,5.08,5.24,5.38,5.53,5.67,5.81,5.93,6.04,6.15,6.25,6.36,6.47,6.57,6.67,6.76,6.85,6.94,7.03,7.11,7.19,7.28,7.36,7.44,7.62,7.70,7.77,7.85,7.92,7.99,8.06,8.14,8.21,8.28,8.34,8.41,8.47,8.53,8.59,8.66,8.73,8.79,8.85,8.90,8.96,9.02,9.07,9.13,9.20,9.26","3.81e-03,2.52e-07,1.23e-07,5.56e-08","10,10,10,10","4.73e-03; 9.47e-03; 1.42e-02; 1.89e-02; 2.37e-02; 2.84e-02; 3.31e-02; 3.79e-02; 4.26e-02; 4.73e-02; 5.21e-02; 5.68e-02; 6.16e-02; 6.63e-02; 7.10e-02; 7.58e-02; 8.05e-02; 7.91e-02,6.13e-03; 8.33e-02,6.68e-03; 8.71e-02,7.55e-03; 8.97e-02,9.70e-03; 9.07e-02,1.35e-02; 9.05e-02,1.84e-02; 8.95e-02,2.41e-02; 9.16e-02,2.68e-02; 9.46e-02,2.85e-02; 9.80e-02,2.99e-02; 1.01e-01,3.16e-02; 1.03e-01,3.41e-02; 1.04e-01,3.76e-02; 1.05e-01,4.20e-02; 1.05e-01,4.69e-02; 1.07e-01,4.93e-02; 1.10e-01,5.11e-02; 1.13e-01,5.29e-02; 1.15e-01,5.51e-02; 1.17e-01,5.78e-02; 1.19e-01,6.12e-02; 1.64e-01,2.06e-02; 1.57e-01,3.29e-02; 1.70e-01,2.44e-02; 1.64e-01,3.47e-02; 1.68e-01,3.59e-02; 1.72e-01,3.65e-02; 1.74e-01,3.89e-02; 1.87e-01,3.06e-02; 1.80e-01,4.22e-02; 1.90e-01,3.74e-02; 1.94e-01,3.83e-02; 1.98e-01,3.90e-02; 2.01e-01,4.00e-02; 2.05e-01,4.14e-02; 1.98e-01,5.26e-02; 2.02e-01,5.40e-02; 2.05e-01,5.59e-02; 2.07e-01,5.81e-02; 2.11e-01,5.93e-02; 2.14e-01,6.05e-02; 2.18e-01,6.17e-02; 2.28e-01,5.60e-02; 2.30e-01,5.85e-02; 2.32e-01,6.18e-02; 2.33e-01,6.56e-02; 2.33e-01,6.98e-02","51,51,51,51,51,51,51,51,51,51,51,51,51,51,51,51,51,51,51,51,51,51,51,51,51,51,51,51,51,51,51,51,51,51,51,51,51,51,51,51,51,51,51,51,51,51,51,51,51,51,51,51,51,51,51,51,51,51,51,51,51,51,51,51"
936,0.40,0.35,"0.01,0.02,0.04,0.07,0.10,0.14,0.17,0.20,0.25,0.30,0.36,0.42,0.48,0.53,0.58,0.62,0.68,0.74,0.80,0.87,0.93,0.98,1.02,1.06,1.11,1.17,1.23,1.29,1.34,1.39,1.43,1.46,1.51,1.56,1.62,1.67,1.72,1.75,1.79,1.81,1.86,1.91,1.96,2.00,2.04,2.08,2.10,2.13,2.17,2.22,2.26,2.30,2.33,2.36,2.39,2.41,2.45,2.49,2.53,2.57,2.60,2.63,2.65,2.67","3.53e-05,2.88e-09,9.66e-10,7.29e-10","9,9,9,9","4.39e-05; 8.78e-05; 1.32e-04; 1.76e-04; 2.19e-04; 2.63e-04; 3.07e-04; 3.51e-04; 3.95e-04; 4.39e-04; 4.83e-04; 5.27e-04; 5.71e-04; 6.14e-04; 6.58e-04; 7.02e-04; 7.46e-04; 7.90e-04; 8.34e-04; 8.78e-04; 9.22e-04; 9.65e-04; 1.01e-03; 1.05e-03; 1.10e-03; 1.14e-03; 1.18e-03; 1.23e-03; 1.27e-03; 1.32e-03; 1.36e-03; 1.40e-03; 1.45e-03; 1.49e-03; 1.54e-03; 1.58e-03; 1.62e-03; 1.67e-03; 1.71e-03; 1.76e-03; 1.80e-03; 1.84e-03; 1.89e-03; 1.93e-03; 1.97e-03; 2.02e-03; 2.06e-03,4.90e-06; 2.03e-03,7.58e-05; 2.07e-03,7.61e-05; 2.13e-03,6.42e-05; 2.18e-03,6.08e-05; 2.20e-03,7.90e-05; 2.25e-03,7.49e-05; 2.26e-03,1.15e-04; 2.19e-03,2.19e-04; 2.20e-03,2.59e-04; 2.24e-03,2.59e-04; 2.29e-03,2.58e-04; 2.33e-03,2.63e-04; 2.35e-03,2.81e-04; 2.37e-03,3.09e-04; 2.38e-03,3.44e-04; 2.38e-03,3.81e-04; 2.39e-03,4.16e-04","50,50,50,50,50,50,50,50,50,50,50,50,50,50,50,50,50,50,50,50,50,50,50,50,50,50,50,50,50,50,50,50,50,50,50,50,50,50,50,50,50,50,50,50,50,50,50,50,50,50,50,50,50,50,50,50,50,50,50,50,50,50,50,50"
937,10.39,10.16,"2.81,4.44,5.47,6.20,6.91,7.58,8.20,8.77,9.29,9.74,10.11,10.44,10.76,11.11,11.48,11.82,12.14,12.43,12.67,12.88,13.08,13.31,13.56,13.81,14.04,14.26,14.44,14.60,14.76,14.93,15.12,15.32,15.51,15.68,15.83,15.96,16.09,16.23,16.38,16.54,16.71,16.85,16.97,17.09,17.20,17.31,17.43,17.57,17.72,17.84,17.95,18.05,18.15,18.24,18.35,18.46,18.59,18.70,18.80,18.89,18.97,19.06,19.15,19.25","4.15e-02,2.56e-02,2.14e-06,1.59e-06","1,1,1,1","8.33e-02; 1.67e-01; 2.50e-01; 2.95e-01,3.79e-02; 3.46e-01,7.07e-02; 3.64e-01,1.36e-01; 3.95e-01,1.88e-01; 4.29e-01,2.37e-01; 4.64e-01,2.86e-01; 5.07e-01,3.26e-01; 5.55e-01,3.62e-01; 6.03e-01,3.96e-01; 6.48e-01,4.35e-01; 6.88e-01,4.79e-01; 7.24e-01,5.26e-01; 7.59e-01,5.74e-01; 7.97e-01,6.19e-01; 8.38e-01,6.62e-01; 8.82e-01,7.01e-01; 9.31e-01,7.35e-01; 9.81e-01,7.68e-01; 1.02e+00,8.09e-01; 1.06e+00,8.53e-01; 1.04e+00,8.56e-01,1.05e-01; 1.06e+00,8.76e-01,1.46e-01; 1.16e+00,9.46e-01,6.11e-02; 1.20e+00,9.82e-01,6.72e-02; 1.24e+00,1.00e+00,9.36e-02; 1.27e+00,1.02e+00,1.21e-01; 1.31e+00,1.06e+00,1.27e-01; 1.35e+00,1.11e+00,1.22e-01; 1.38e+00,1.14e+00,1.45e-01; 1.41e+00,1.15e+00,1.87e-01; 1.45e+00,1.20e+00,1.90e-01; 1.49e+00,1.23e+00,1.96e-01; 1.52e+00,1.25e+00,2.22e-01; 1.56e+00,1.28e+00,2.52e-01; 1.59e+00,1.31e+00,2.63e-01; 1.64e+00,1.35e+00,2.62e-01; 1.66e+00,1.38e+00,2.88e-01; 1.63e+00,1.37e+00,4.18e-01; 1.66e+00,1.41e+00,4.26e-01; 1.70e+00,1.44e+00,4.35e-01; 1.74e+00,1.47e+00,4.47e-01; 1.78e+00,1.50e+00,4.66e-01; 1.88e+00,1.56e+00,3.93e-01; 1.92e+00,1.60e+00,3.98e-01; 1.95e+00,1.63e+00,4.22e-01; 1.97e+00,1.64e+00,4.73e-01; 2.00e+00,1.68e+00,4.85e-01; 2.04e+00,1.71e+00,4.97e-01; 2.07e+00,1.74e+00,5.26e-01; 2.10e+00,1.76e+00,5.59e-01; 2.13e+00,1.79e+00,5.80e-01; 2.17e+00,1.83e+00,5.86e-01; 2.20e+00,1.86e+00,6.06e-01; 2.22e+00,1.87e+00,6.53e-01; 2.26e+00,1.91e+00,6.67e-01; 2.29e+00,1.95e+00,6.79e-01; 2.32e+00,1.97e+00,7.04e-01; 2.36e+00,1.99e+00,7.35e-01; 2.39e+00,2.02e+00,7.57e-01; 2.43e+00,2.06e+00,7.66e-01; 2.46e+00,2.09e+00,7.84e-01","25,25,25,25,25,25,25,25,25,25,25,25,25,25,25,25,25,25,25,25,25,25,25,25,25,25,25,25,25,25,25,25,25,25,25,25,25,25,25,25,25,25,25,25,25,25,25,25,25,25,25,25,25,25,25,25,25,25,25,25,25,25,25,25"
938,16.30,13.03,"1.50,2.80,3.81,4.87,5.68,6.37,7.15,7.84,8.39,8.90,9.35,9.78,10.28,10.72,11.13,11.44,11.87,12.15,12.51,12.81,13.09,13.36,13.64,13.91,14.18,14.44,14.71,14.93,15.15,15.36,15.56,15.78,16.01,16.23,16.45,16.64,16.83,17.01,17.19,17.38,17.57,17.76,17.93,18.09,18.24,18.38,18.54,18.69,18.86,19.03,19.18,19.33,19.47,19.60,19.73,19.86,20.02,20.17,20.31,20.43,20.55,20.67,20.79,20.91","3.18e-02,3.15e-02,1.54e-02,1.20e-02","0,14,0,14","1.13e-01; 2.25e-01; 2.14e-01,1.24e-01; 2.48e-01,2.02e-01; 2.96e-01,2.67e-01; 3.16e-01,3.06e-01,5.37e-02; 3.23e-01,3.17e-01,1.48e-01; 3.52e-01,2.90e-01,2.59e-01; 4.07e-01,3.84e-01,2.24e-01; 4.50e-01,4.30e-01,2.46e-01; 4.95e-01,4.87e-01,2.57e-01; 5.37e-01,5.24e-01,2.91e-01; 5.63e-01,5.60e-01,3.42e-01; 6.26e-01,6.02e-01,3.49e-01; 6.25e-01,5.60e-01,5.04e-01; 6.94e-01,6.32e-01,4.05e-01,7.11e-02; 6.92e-01,6.70e-01,5.52e-01; 7.42e-01,6.92e-01,4.80e-01,1.13e-01; 7.43e-01,6.92e-01,6.16e-01,8.91e-02; 7.94e-01,7.26e-01,6.28e-01,1.05e-01; 8.36e-01,7.72e-01,6.16e-01,1.42e-01; 8.74e-01,8.29e-01,5.80e-01,1.95e-01; 9.62e-01,7.94e-01,6.83e-01,1.52e-01; 9.42e-01,8.58e-01,6.18e-01,2.86e-01; 9.87e-01,8.63e-01,7.02e-01,2.64e-01; 1.03e+00,9.18e-01,7.31e-01,2.51e-01; 1.07e+00,8.76e-01,8.57e-01,2.38e-01; 1.11e+00,9.12e-01,8.71e-01,2.55e-01; 1.16e+00,9.45e-01,8.88e-01,2.72e-01; 1.26e+00,1.03e+00,8.83e-01,2.11e-01; 1.29e+00,1.08e+00,8.58e-01,2.59e-01; 1.33e+00,1.12e+00,8.81e-01,2.76e-01; 1.30e+00,1.10e+00,8.38e-01,4.71e-01; 1.38e+00,1.07e+00,9.28e-01,4.47e-01; 1.43e+00,1.03e+00,1.03e+00,4.61e-01; 1.41e+00,1.14e+00,9.25e-01,5.78e-01; 1.44e+00,1.19e+00,9.25e-01,6.13e-01; 1.49e+00,1.22e+00,9.52e-01,6.24e-01; 1.53e+00,1.24e+00,9.89e-01,6.30e-01; 1.58e+00,1.25e+00,1.05e+00,6.22e-01; 1.65e+00,1.25e+00,1.17e+00,5.53e-01; 1.62e+00,1.31e+00,1.14e+00,6.65e-01; 1.71e+00,1.29e+00,1.23e+00,6.14e-01; 1.74e+00,1.31e+00,1.26e+00,6.58e-01; 1.78e+00,1.33e+00,1.28e+00,6.78e-01; 1.82e+00,1.36e+00,1.30e+00,6.98e-01; 1.86e+00,1.39e+00,1.33e+00,7.15e-01; 1.90e+00,1.42e+00,1.36e+00,7.33e-01; 1.92e+00,1.44e+00,1.41e+00,7.49e-01; 1.95e+00,1.46e+00,1.46e+00,7.64e-01; 1.98e+00,1.51e+00,1.48e+00,7.73e-01; 2.02e+00,1.55e+00,1.51e+00,7.81e-01; 2.05e+00,1.58e+00,1.55e+00,7.91e-01; 2.09e+00,1.61e+00,1.57e+00,8.12e-01; 2.13e+00,1.63e+00,1.60e+00,8.31e-01; 2.17e+00,1.66e+00,1.63e+00,8.49e-01; 2.19e+00,1.68e+00,1.68e+00,8.66e-01; 2.22e+00,1.73e+00,1.70e+00,8.83e-01; 2.25e+00,1.77e+00,1.73e+00,9.02e-01; 2.28e+00,1.79e+00,1.75e+00,9.36e-01; 2.31e+00,1.82e+00,1.78e+00,9.55e-01; 2.35e+00,1.85e+00,1.81e+00,9.69e-01; 2.39e+00,1.88e+00,1.84e+00,9.90e-01; 2.42e+00,1.92e+00,1.86e+00,1.01e+00","26,26,51,51,51,26,26,26,26,26,26,51,51,51,18,26,51,26,51,26,26,26,51,26,51,51,26,26,26,26,26,26,51,51,51,51,51,26,26,26,26,26,51,51,26,26,26,26,26,26,51,51,51,26,26,26,26,26,26,51,51,51,26,26"
939,7.72,7.26,"1.13,2.27,3.11,3.77,4.31,4.75,5.14,5.47,5.78,6.07,6.33,6.57,6.79,6.99,7.16,7.33,7.49,7.65,7.80,7.94,8.09,8.22,8.33,8.46,8.56,8.67,8.76,8.86,8.96,9.06,9.41,9.54,9.64,9.74,9.83,9.92,10.01,10.11,10.21,10.31,10.39,10.47,10.55,10.63,10.70,10.79,10.87,10.97,11.05,11.15,11.26,11.35,11.44,11.54,11.64,11.71,11.83,11.95,12.06,12.16,12.26,12.34,12.41,12.47","7.39e-03,3.94e-03,3.62e-07,2.56e-07","13,13,13,13","1.41e-02; 2.81e-02; 4.22e-02; 5.62e-02; 7.03e-02; 8.44e-02; 9.84e-02; 1.12e-01; 1.27e-01; 1.41e-01; 1.55e-01; 1.69e-01; 1.83e-01; 1.79e-01,1.79e-02; 1.79e-01,3.14e-02; 1.78e-01,4.70e-02; 1.80e-01,5.89e-02; 1.87e-01,6.64e-02; 1.95e-01,7.20e-02; 2.03e-01,7.81e-02; 2.10e-01,8.56e-02; 2.15e-01,9.42e-02; 2.15e-01,1.00e-01,8.09e-03; 2.15e-01,1.11e-01,1.14e-02; 2.16e-01,1.16e-01,1.90e-02; 2.18e-01,1.19e-01,2.86e-02; 2.21e-01,1.20e-01,3.86e-02; 2.23e-01,1.22e-01,4.81e-02; 2.26e-01,1.26e-01,5.56e-02; 2.29e-01,1.32e-01,6.13e-02; 3.55e-01,8.11e-02; 3.64e-01,8.63e-02; 3.70e-01,9.43e-02; 3.81e-01,9.74e-02; 3.91e-01,1.01e-01; 4.01e-01,1.05e-01; 4.12e-01,1.09e-01; 4.36e-01,9.80e-02; 4.41e-01,1.07e-01; 4.31e-01,1.32e-01; 4.39e-01,1.37e-01; 4.46e-01,1.40e-01,4.78e-03; 4.76e-01,1.27e-01,1.70e-03; 4.85e-01,1.25e-01,9.29e-03; 4.91e-01,1.25e-01,1.67e-02; 4.96e-01,1.28e-01,2.21e-02; 4.77e-01,1.50e-01,3.48e-02; 4.86e-01,1.63e-01,2.53e-02; 4.77e-01,1.28e-01,8.47e-02; 4.70e-01,1.29e-01,1.04e-01; 4.69e-01,1.57e-01,9.19e-02; 4.87e-01,1.53e-01,9.20e-02; 4.84e-01,1.44e-01,1.17e-01; 4.91e-01,2.01e-01,6.71e-02; 4.77e-01,2.43e-01,5.32e-02; 4.82e-01,2.60e-01,4.54e-02; 5.10e-01,2.91e-01; 4.93e-01,3.07e-01,1.55e-02; 5.03e-01,3.26e-01; 5.06e-01,3.37e-01; 5.10e-01,3.48e-01; 5.15e-01,3.57e-01; 5.20e-01,3.66e-01; 5.28e-01,3.72e-01","3,3,3,3,3,3,3,3,3,3,3,3,3,3,3,3,3,3,3,3,3,3,3,3,3,3,3,3,3,3,3,3,3,3,3,3,3,3,3,3,3,3,3,3,3,3,3,3,51,51,51,51,51,51,51,51,51,51,51,51,51,51,51,3"
940,19.26,15.83,"3.82,5.61,6.71,7.53,8.32,9.11,9.87,10.61,11.21,11.68,12.07,12.42,12.76,13.13,13.73,14.25,14.50,14.94,15.36,15.75,16.13,16.55,16.92,17.25,17.65,17.95,18.31,18.62,18.89,19.14,19.41,19.72,20.05,20.31,20.60,20.87,21.10,21.31,21.54,21.79,21.96,22.21,22.47,22.71,22.92,23.09,23.24,23.40,23.67,23.87,24.10,24.32,24.49,24.67,24.84,25.02,25.17,25.35,25.56,25.77,25.95,26.10,26.26,26.43","5.78e-02,5.59e-02,4.77e-02,4.30e-02","8,0,8,8","2.54e-01; 5.07e-01; 7.61e-01; 9.04e-01,1.11e-01; 9.88e-01,2.80e-01; 1.09e+00,4.29e-01; 1.16e+00,6.12e-01; 1.24e+00,7.91e-01; 1.35e+00,9.38e-01; 1.47e+00,1.07e+00; 1.60e+00,1.19e+00; 1.74e+00,1.31e+00; 1.87e+00,1.43e+00; 1.72e+00,1.23e+00,6.01e-01; 1.68e+00,1.13e+00,9.90e-01; 1.75e+00,1.27e+00,1.04e+00; 1.81e+00,1.30e+00,1.08e+00,1.18e-01; 1.79e+00,1.23e+00,1.11e+00,4.40e-01; 1.85e+00,1.31e+00,1.27e+00,3.90e-01; 1.92e+00,1.46e+00,1.31e+00,3.82e-01; 1.97e+00,1.56e+00,1.33e+00,4.78e-01; 1.98e+00,1.59e+00,1.30e+00,7.17e-01; 2.05e+00,1.64e+00,1.39e+00,7.52e-01; 2.14e+00,1.74e+00,1.55e+00,6.62e-01; 2.19e+00,1.76e+00,1.62e+00,7.81e-01; 2.26e+00,1.81e+00,1.70e+00,8.31e-01; 2.29e+00,1.87e+00,1.70e+00,9.91e-01; 2.35e+00,1.96e+00,1.74e+00,1.05e+00; 2.42e+00,2.07e+00,1.80e+00,1.08e+00; 2.49e+00,2.16e+00,1.85e+00,1.12e+00; 2.56e+00,2.22e+00,1.93e+00,1.15e+00; 2.62e+00,2.28e+00,2.02e+00,1.20e+00; 2.67e+00,2.32e+00,2.09e+00,1.30e+00; 2.74e+00,2.37e+00,2.16e+00,1.36e+00; 2.78e+00,2.41e+00,2.17e+00,1.52e+00; 2.83e+00,2.47e+00,2.20e+00,1.63e+00; 2.89e+00,2.56e+00,2.26e+00,1.68e+00; 2.97e+00,2.63e+00,2.32e+00,1.73e+00; 3.03e+00,2.69e+00,2.40e+00,1.77e+00; 3.10e+00,2.75e+00,2.49e+00,1.81e+00; 3.17e+00,2.79e+00,2.59e+00,1.85e+00; 3.22e+00,2.85e+00,2.62e+00,1.97e+00; 3.26e+00,2.88e+00,2.64e+00,2.13e+00; 3.31e+00,2.94e+00,2.67e+00,2.24e+00; 3.37e+00,3.01e+00,2.72e+00,2.31e+00; 3.45e+00,3.08e+00,2.78e+00,2.37e+00; 3.52e+00,3.16e+00,2.84e+00,2.41e+00; 3.58e+00,3.20e+00,2.93e+00,2.47e+00; 3.64e+00,3.27e+00,3.01e+00,2.51e+00; 3.71e+00,3.34e+00,3.08e+00,2.56e+00; 3.76e+00,3.37e+00,3.11e+00,2.70e+00; 3.81e+00,3.42e+00,3.14e+00,2.82e+00; 3.87e+00,3.48e+00,3.19e+00,2.90e+00; 3.94e+00,3.56e+00,3.25e+00,2.96e+00; 4.00e+00,3.62e+00,3.32e+00,3.01e+00; 4.07e+00,3.68e+00,3.40e+00,3.05e+00; 4.14e+00,3.75e+00,3.50e+00,3.07e+00; 4.20e+00,3.81e+00,3.57e+00,3.14e+00; 4.25e+00,3.85e+00,3.60e+00,3.27e+00; 4.30e+00,3.90e+00,3.64e+00,3.38e+00; 4.36e+00,3.96e+00,3.68e+00,3.48e+00; 4.42e+00,4.03e+00,3.73e+00,3.55e+00; 4.49e+00,4.09e+00,3.80e+00,3.61e+00; 4.55e+00,4.15e+00,3.88e+00,3.66e+00","25,25,25,25,25,25,25,25,25,25,25,25,25,10,10,25,10,10,10,10,10,10,25,25,25,25,10,10,10,10,25,25,25,25,10,10,10,25,25,25,25,10,10,10,10,25,10,25,25,25,10,10,10,25,25,25,25,25,10,10,10,10,25,25"
941,18.72,16.84,"3.47,5.24,6.38,7.43,8.35,9.28,10.11,10.79,11.50,12.07,12.74,13.34,13.86,14.33,14.81,15.24,15.71,16.15,16.56,16.95,17.31,17.69,18.05,18.52,18.95,19.32,19.63,19.92,20.22,20.53,20.83,21.19,21.52,21.81,22.06,22.30,22.54,22.78,23.03,23.29,23.52,23.76,23.97,24.16,24.36,24.57,24.77,24.99,25.20,25.42,25.60,25.77,25.94,26.11,26.28,26.48,26.69,26.86,27.01,27.14,27.29,27.44,27.58,27.78","5.61e-02,5.31e-02,4.92e-02,3.43e-02","9,9,9,9","2.39e-01; 4.78e-01; 6.19e-01,9.82e-02; 6.86e-01,2.70e-01; 7.38e-01,3.41e-01,1.16e-01; 7.71e-01,4.05e-01,2.59e-01; 8.35e-01,5.21e-01,3.17e-01; 9.27e-01,6.66e-01,2.84e-01,3.61e-02; 9.88e-01,7.69e-01,3.26e-01,6.83e-02; 1.04e+00,8.14e-01,3.49e-01,1.85e-01; 1.10e+00,8.47e-01,6.86e-01; 1.16e+00,8.72e-01,8.36e-01; 1.23e+00,9.60e-01,9.19e-01; 1.31e+00,1.02e+00,9.91e-01,3.26e-02; 1.36e+00,1.06e+00,1.04e+00,1.25e-01; 1.43e+00,1.15e+00,1.08e+00,1.57e-01; 1.48e+00,1.23e+00,1.10e+00,2.54e-01; 1.53e+00,1.27e+00,1.20e+00,3.08e-01; 1.59e+00,1.31e+00,1.30e+00,3.42e-01; 1.65e+00,1.40e+00,1.36e+00,3.70e-01; 1.70e+00,1.48e+00,1.40e+00,4.39e-01; 1.75e+00,1.51e+00,1.43e+00,5.63e-01; 1.81e+00,1.55e+00,1.49e+00,6.49e-01; 1.83e+00,1.55e+00,1.50e+00,8.56e-01; 1.86e+00,1.58e+00,1.55e+00,9.82e-01; 1.91e+00,1.64e+00,1.60e+00,1.07e+00; 1.98e+00,1.70e+00,1.66e+00,1.11e+00; 2.03e+00,1.79e+00,1.71e+00,1.16e+00; 2.09e+00,1.87e+00,1.75e+00,1.23e+00; 2.15e+00,1.91e+00,1.80e+00,1.31e+00; 2.21e+00,1.96e+00,1.85e+00,1.39e+00; 2.26e+00,1.99e+00,1.89e+00,1.51e+00; 2.30e+00,2.04e+00,1.96e+00,1.58e+00; 2.36e+00,2.09e+00,2.03e+00,1.64e+00; 2.42e+00,2.15e+00,2.10e+00,1.69e+00; 2.48e+00,2.23e+00,2.15e+00,1.74e+00; 2.54e+00,2.30e+00,2.20e+00,1.80e+00; 2.60e+00,2.36e+00,2.25e+00,1.88e+00; 2.67e+00,2.40e+00,2.30e+00,1.95e+00; 2.72e+00,2.45e+00,2.35e+00,2.04e+00; 2.78e+00,2.50e+00,2.44e+00,2.08e+00; 2.84e+00,2.56e+00,2.52e+00,2.13e+00; 2.90e+00,2.62e+00,2.58e+00,2.18e+00; 2.96e+00,2.70e+00,2.63e+00,2.23e+00; 3.02e+00,2.77e+00,2.68e+00,2.29e+00; 3.08e+00,2.83e+00,2.73e+00,2.37e+00; 3.13e+00,2.88e+00,2.77e+00,2.45e+00; 3.19e+00,2.93e+00,2.83e+00,2.52e+00; 3.25e+00,2.98e+00,2.92e+00,2.57e+00; 3.30e+00,3.03e+00,2.99e+00,2.63e+00; 3.37e+00,3.10e+00,3.05e+00,2.68e+00; 3.43e+00,3.17e+00,3.10e+00,2.73e+00; 3.48e+00,3.24e+00,3.15e+00,2.79e+00; 3.54e+00,3.31e+00,3.20e+00,2.86e+00; 3.60e+00,3.36e+00,3.25e+00,2.94e+00; 3.66e+00,3.41e+00,3.31e+00,3.01e+00; 3.71e+00,3.46e+00,3.39e+00,3.07e+00; 3.77e+00,3.52e+00,3.46e+00,3.12e+00; 3.84e+00,3.58e+00,3.52e+00,3.17e+00; 3.90e+00,3.65e+00,3.58e+00,3.22e+00; 3.96e+00,3.72e+00,3.63e+00,3.28e+00; 4.02e+00,3.78e+00,3.68e+00,3.34e+00; 4.08e+00,3.84e+00,3.73e+00,3.41e+00; 4.13e+00,3.89e+00,3.77e+00,3.51e+00","17,17,17,17,17,17,17,17,17,17,2,2,2,17,17,17,17,2,2,2,2,17,17,17,17,17,17,2,2,17,17,17,17,17,17,2,2,17,17,17,17,17,17,2,2,2,2,17,17,17,17,2,2,2,2,17,17,17,17,2,2,17,2,2"
942,16.04,13.91,"3.11,4.76,6.07,7.05,8.10,8.98,9.78,10.47,11.13,11.72,12.26,12.77,13.24,13.71,14.13,14.55,14.95,15.31,15.66,15.98,16.29,16.60,16.90,17.20,17.49,17.77,18.03,18.27,18.51,18.74,18.98,19.21,19.45,19.67,19.87,20.08,20.27,20.45,20.65,20.86,21.06,21.24,21.42,21.60,21.72,21.94,22.12,22.28,22.45,22.61,22.76,22.92,23.06,23.21,23.36,23.51,23.64,23.80,23.93,24.07,24.22,24.34,24.47,24.60","4.59e-02,4.24e-02,3.47e-02,1.47e-02","8,8,8,8","1.71e-01; 2.68e-01,7.36e-02; 3.61e-01,1.52e-01; 4.07e-01,2.00e-01,7.63e-02; 4.43e-01,2.79e-01,1.32e-01; 5.01e-01,3.44e-01,1.80e-01; 5.49e-01,4.30e-01,2.17e-01; 5.85e-01,4.90e-01,2.92e-01; 6.29e-01,5.19e-01,3.90e-01; 6.95e-01,6.09e-01,4.05e-01; 7.67e-01,6.72e-01,4.42e-01; 8.35e-01,7.39e-01,4.78e-01; 9.04e-01,8.15e-01,5.03e-01; 9.57e-01,8.61e-01,5.75e-01; 1.01e+00,9.34e-01,6.17e-01; 1.06e+00,9.75e-01,7.05e-01; 1.10e+00,1.02e+00,7.81e-01; 1.16e+00,1.09e+00,8.26e-01; 1.23e+00,1.15e+00,8.72e-01; 1.29e+00,1.21e+00,9.12e-01; 1.36e+00,1.28e+00,9.54e-01; 1.42e+00,1.33e+00,1.01e+00; 1.47e+00,1.39e+00,1.06e+00; 1.52e+00,1.45e+00,1.13e+00; 1.57e+00,1.50e+00,1.20e+00; 1.63e+00,1.56e+00,1.26e+00; 1.69e+00,1.62e+00,1.30e+00; 1.75e+00,1.68e+00,1.35e+00; 1.82e+00,1.74e+00,1.40e+00; 1.87e+00,1.80e+00,1.43e+00,2.35e-02; 1.92e+00,1.85e+00,1.48e+00,4.13e-02; 1.98e+00,1.88e+00,1.53e+00,8.11e-02; 1.91e+00,1.85e+00,1.49e+00,3.94e-01; 1.96e+00,1.89e+00,1.54e+00,4.16e-01; 2.12e+00,1.99e+00,1.66e+00,2.10e-01; 2.16e+00,2.02e+00,1.68e+00,2.88e-01; 2.20e+00,2.06e+00,1.70e+00,3.62e-01; 2.23e+00,2.16e+00,1.72e+00,3.83e-01; 2.29e+00,2.22e+00,1.78e+00,3.80e-01; 2.33e+00,2.18e+00,1.82e+00,5.05e-01; 2.40e+00,2.22e+00,1.89e+00,4.98e-01; 2.43e+00,2.26e+00,1.93e+00,5.52e-01; 2.47e+00,2.30e+00,1.96e+00,6.18e-01; 2.51e+00,2.33e+00,1.98e+00,6.99e-01; 2.55e+00,2.48e+00,2.00e+00,6.64e-01; 2.62e+00,2.55e+00,2.05e+00,6.44e-01; 2.67e+00,2.59e+00,2.10e+00,6.84e-01; 2.71e+00,2.63e+00,2.14e+00,7.24e-01; 2.76e+00,2.69e+00,2.21e+00,7.17e-01; 2.80e+00,2.73e+00,2.25e+00,7.58e-01; 2.85e+00,2.78e+00,2.29e+00,7.92e-01; 2.90e+00,2.82e+00,2.32e+00,8.46e-01; 2.95e+00,2.87e+00,2.35e+00,8.94e-01; 2.99e+00,2.91e+00,2.38e+00,9.43e-01; 3.04e+00,2.96e+00,2.43e+00,9.79e-01; 3.09e+00,3.01e+00,2.48e+00,9.93e-01; 3.10e+00,2.88e+00,2.53e+00,1.23e+00; 3.18e+00,3.10e+00,2.59e+00,1.05e+00; 3.18e+00,2.95e+00,2.60e+00,1.36e+00; 3.21e+00,2.98e+00,2.62e+00,1.45e+00; 3.31e+00,3.19e+00,2.67e+00,1.26e+00; 3.33e+00,3.24e+00,2.67e+00,1.36e+00; 3.38e+00,3.29e+00,2.72e+00,1.37e+00; 3.42e+00,3.34e+00,2.77e+00,1.40e+00","18,18,18,18,18,18,18,18,18,18,18,18,18,18,18,18,18,18,18,18,18,18,18,18,18,18,18,18,18,18,18,18,18,18,18,18,18,18,18,18,18,18,18,18,18,18,18,18,18,18,18,18,18,18,18,18,18,18,18,18,18,24,18,18"
943,14.21,14.63,"4.22,5.99,7.45,8.45,9.48,10.39,11.21,11.93,12.55,13.13,13.66,14.14,14.60,15.05,15.47,15.85,16.23,16.57,16.90,17.22,17.52,17.81,18.10,18.39,18.67,18.94,19.18,19.41,19.64,19.87,20.10,20.34,20.56,20.79,20.99,21.18,21.35,21.53,21.71,21.91,22.10,22.29,22.47,22.62,22.77,22.92,23.09,23.25,23.42,23.58,23.73,23.89,23.98,24.19,24.43,24.59,24.76,24.90,25.04,25.13,25.27,25.37,25.52,25.69","7.76e-02,6.87e-02,2.74e-02,1.11e-02","5,5,5,5","2.29e-01; 3.99e-01,5.93e-02; 4.70e-01,2.18e-01; 5.89e-01,2.86e-01,4.20e-02; 6.57e-01,3.76e-01,1.13e-01; 7.09e-01,4.21e-01,2.45e-01; 8.07e-01,5.68e-01,2.29e-01; 8.63e-01,6.26e-01,3.45e-01; 9.45e-01,7.12e-01,4.06e-01; 1.04e+00,8.11e-01,4.39e-01; 1.14e+00,9.13e-01,4.70e-01; 1.24e+00,1.02e+00,4.96e-01; 1.34e+00,1.13e+00,5.12e-01; 1.42e+00,1.19e+00,5.99e-01; 1.49e+00,1.27e+00,6.75e-01; 1.58e+00,1.37e+00,7.19e-01; 1.64e+00,1.42e+00,8.42e-01; 1.73e+00,1.50e+00,8.96e-01; 1.82e+00,1.60e+00,9.35e-01,3.11e-03; 1.91e+00,1.69e+00,9.74e-01,1.64e-02; 2.00e+00,1.77e+00,1.02e+00,2.61e-02; 2.08e+00,1.85e+00,1.07e+00,4.18e-02; 2.16e+00,1.93e+00,1.12e+00,6.65e-02; 2.23e+00,2.00e+00,1.20e+00,7.14e-02; 2.29e+00,2.04e+00,1.25e+00,1.53e-01; 2.35e+00,2.09e+00,1.33e+00,1.86e-01; 2.43e+00,2.17e+00,1.37e+00,2.15e-01; 2.52e+00,2.25e+00,1.41e+00,2.32e-01; 2.60e+00,2.34e+00,1.45e+00,2.49e-01; 2.67e+00,2.41e+00,1.50e+00,2.85e-01; 2.73e+00,2.47e+00,1.55e+00,3.48e-01; 2.77e+00,2.51e+00,1.57e+00,4.87e-01; 2.83e+00,2.55e+00,1.64e+00,5.51e-01; 2.87e+00,2.59e+00,1.68e+00,6.58e-01; 2.94e+00,2.66e+00,1.72e+00,7.06e-01; 3.02e+00,2.73e+00,1.76e+00,7.38e-01; 2.92e+00,2.72e+00,1.77e+00,1.07e+00; 2.99e+00,2.79e+00,1.82e+00,1.11e+00; 3.06e+00,2.87e+00,1.87e+00,1.14e+00; 3.12e+00,2.92e+00,1.93e+00,1.21e+00; 3.15e+00,2.96e+00,1.98e+00,1.31e+00; 3.21e+00,3.01e+00,2.03e+00,1.39e+00; 3.26e+00,3.06e+00,2.07e+00,1.46e+00; 3.33e+00,3.14e+00,2.12e+00,1.50e+00; 3.41e+00,3.21e+00,2.17e+00,1.52e+00; 3.49e+00,3.29e+00,2.22e+00,1.54e+00; 3.54e+00,3.35e+00,2.28e+00,1.61e+00; 3.60e+00,3.41e+00,2.32e+00,1.67e+00; 3.65e+00,3.45e+00,2.39e+00,1.75e+00; 3.70e+00,3.50e+00,2.45e+00,1.81e+00; 3.76e+00,3.56e+00,2.49e+00,1.88e+00; 4.08e+00,3.76e+00,2.54e+00,1.54e+00; 3.92e+00,3.72e+00,2.61e+00,1.90e+00; 4.07e+00,3.88e+00,2.73e+00,1.69e+00; 4.07e+00,3.87e+00,2.68e+00,2.00e+00; 4.12e+00,3.92e+00,2.73e+00,2.08e+00; 4.16e+00,3.96e+00,2.78e+00,2.18e+00; 4.22e+00,4.01e+00,2.85e+00,2.22e+00; 4.28e+00,4.07e+00,2.89e+00,2.28e+00; 4.33e+00,4.12e+00,2.93e+00,2.37e+00; 4.39e+00,4.18e+00,2.99e+00,2.42e+00; 4.47e+00,4.26e+00,3.06e+00,2.43e+00; 4.52e+00,4.31e+00,3.09e+00,2.52e+00; 4.56e+00,4.36e+00,3.13e+00,2.63e+00","18,18,18,18,18,18,18,18,18,18,18,18,18,18,18,18,18,18,18,18,18,18,18,18,18,18,18,18,18,18,18,18,18,18,18,18,18,18,18,18,18,18,18,18,18,18,18,18,18,18,18,18,18,18,18,18,18,18,18,16,18,18,18,18"
944,13.98,15.43,"4.17,6.01,7.16,8.27,9.31,10.25,11.11,11.91,12.56,13.08,13.49,13.87,14.25,14.65,15.06,15.50,15.89,16.23,16.50,16.75,16.99,17.26,17.55,17.85,18.11,18.38,18.60,18.79,18.97,19.17,19.39,19.62,19.83,20.04,20.23,20.38,20.52,20.67,20.82,20.97,21.12,21.29,21.46,21.62,21.74,21.88,22.03,22.16,22.35,22.51,22.66,22.80,22.94,23.08,23.23,23.37,23.58,23.75,23.88,23.99,24.11,24.23,24.34,24.45","1.05e-01,9.58e-02,2.38e-03,6.91e-06","5,5,5,5","2.52e-01; 5.05e-01; 6.75e-01,8.24e-02; 7.46e-01,2.64e-01; 8.40e-01,4.22e-01; 9.35e-01,5.79e-01; 1.04e+00,7.30e-01; 1.14e+00,8.80e-01; 1.25e+00,1.02e+00; 1.38e+00,1.14e+00; 1.52e+00,1.25e+00,1.21e-02; 1.57e+00,1.29e+00,1.75e-01; 1.66e+00,1.34e+00,2.82e-01; 1.76e+00,1.42e+00,3.54e-01; 1.87e+00,1.52e+00,3.93e-01; 2.01e+00,1.64e+00,3.81e-01; 2.13e+00,1.78e+00,3.83e-01; 2.22e+00,1.87e+00,4.55e-01; 2.32e+00,1.96e+00,5.19e-01; 2.42e+00,2.04e+00,5.87e-01; 2.51e+00,2.10e+00,6.83e-01; 2.60e+00,2.17e+00,7.89e-01; 2.68e+00,2.25e+00,8.74e-01; 2.77e+00,2.34e+00,9.43e-01; 2.88e+00,2.47e+00,9.57e-01; 2.97e+00,2.56e+00,1.04e+00; 3.06e+00,2.64e+00,1.12e+00; 3.15e+00,2.71e+00,1.20e+00; 3.25e+00,2.78e+00,1.29e+00; 3.34e+00,2.86e+00,1.38e+00; 3.42e+00,2.93e+00,1.47e+00; 3.50e+00,3.02e+00,1.55e+00; 3.60e+00,3.13e+00,1.60e+00; 3.69e+00,3.21e+00,1.68e+00; 3.77e+00,3.29e+00,1.77e+00; 3.86e+00,3.37e+00,1.85e+00; 3.96e+00,3.45e+00,1.92e+00; 4.06e+00,3.53e+00,2.00e+00; 4.16e+00,3.62e+00,2.06e+00; 4.27e+00,3.74e+00,2.08e+00; 4.32e+00,3.80e+00,2.00e+00,2.24e-01; 4.40e+00,3.88e+00,2.04e+00,2.75e-01; 4.49e+00,3.98e+00,2.22e+00,1.56e-01; 4.56e+00,4.03e+00,2.33e+00,1.91e-01; 4.63e+00,4.09e+00,2.40e+00,2.36e-01; 4.68e+00,4.12e+00,2.44e+00,3.71e-01; 4.73e+00,4.16e+00,2.48e+00,4.94e-01; 4.79e+00,4.22e+00,2.44e+00,6.60e-01; 4.80e+00,4.26e+00,2.42e+00,8.81e-01; 4.87e+00,4.34e+00,2.47e+00,9.38e-01; 4.88e+00,4.33e+00,2.48e+00,1.18e+00; 4.94e+00,4.37e+00,2.57e+00,1.25e+00; 4.99e+00,4.40e+00,2.65e+00,1.34e+00; 5.04e+00,4.44e+00,2.74e+00,1.42e+00; 5.09e+00,4.48e+00,2.84e+00,1.47e+00; 5.16e+00,4.54e+00,2.87e+00,1.56e+00; 5.16e+00,4.56e+00,2.85e+00,1.81e+00; 5.25e+00,4.66e+00,2.95e+00,1.78e+00; 5.32e+00,4.72e+00,3.02e+00,1.82e+00; 5.39e+00,4.78e+00,3.08e+00,1.88e+00; 5.45e+00,4.83e+00,3.15e+00,1.96e+00; 5.51e+00,4.88e+00,3.22e+00,2.04e+00; 5.58e+00,4.93e+00,3.28e+00,2.10e+00; 5.62e+00,4.97e+00,3.31e+00,2.25e+00","26,26,26,26,26,26,26,26,26,26,26,26,26,26,26,26,26,26,26,26,26,26,26,26,26,26,26,26,26,26,26,26,26,26,26,26,26,26,26,26,26,26,26,26,26,26,26,26,26,26,26,26,26,26,26,26,26,26,26,26,26,26,26,26"
945,3.68,3.53,"0.16,0.51,0.88,1.23,1.53,1.79,2.02,2.22,2.43,2.66,2.89,3.10,3.30,3.48,3.64,3.80,3.94,4.09,4.24,4.38,4.51,4.64,4.76,4.87,4.99,5.10,5.20,5.30,5.40,5.50,5.60,5.69,5.78,5.86,5.95,6.03,6.11,6.19,6.27,6.34,6.42,6.49,6.56,6.63,6.70,6.76,6.83,6.89,6.95,7.02,7.08,7.13,7.19,7.25,7.31,7.36,7.42,7.47,7.53,7.58,7.64,7.69,7.74,7.80","1.03e-03,7.36e-08,2.57e-08,1.26e-08","5,5,5,5","1.28e-03; 2.56e-03; 3.84e-03; 5.12e-03; 6.40e-03; 7.68e-03; 8.96e-03; 1.02e-02; 1.05e-02,9.96e-04; 1.15e-02,1.30e-03; 1.29e-02,1.22e-03; 1.43e-02,1.10e-03; 1.50e-02,1.68e-03; 1.57e-02,2.23e-03; 1.62e-02,3.02e-03; 1.65e-02,3.95e-03; 1.70e-02,4.76e-03; 1.78e-02,5.23e-03; 1.89e-02,5.43e-03; 2.01e-02,5.53e-03; 2.12e-02,5.70e-03; 2.21e-02,6.07e-03; 2.28e-02,6.64e-03; 2.33e-02,7.39e-03; 2.39e-02,8.12e-03; 2.47e-02,8.61e-03; 2.57e-02,8.87e-03; 2.68e-02,9.03e-03; 2.79e-02,9.22e-03; 2.88e-02,9.57e-03; 2.96e-02,1.01e-02; 3.01e-02,1.08e-02; 3.07e-02,1.15e-02; 3.15e-02,1.20e-02; 3.25e-02,1.23e-02; 3.36e-02,1.25e-02; 3.47e-02,1.27e-02; 3.56e-02,1.30e-02; 3.64e-02,1.35e-02; 3.70e-02,1.42e-02; 3.76e-02,1.49e-02; 3.84e-02,1.54e-02; 3.93e-02,1.57e-02; 4.03e-02,1.60e-02; 4.14e-02,1.62e-02; 4.24e-02,1.65e-02; 4.32e-02,1.70e-02; 4.38e-02,1.76e-02; 4.44e-02,1.83e-02; 4.52e-02,1.88e-02; 4.61e-02,1.92e-02; 4.71e-02,1.94e-02; 4.81e-02,1.97e-02; 4.91e-02,2.00e-02; 4.99e-02,2.05e-02; 5.05e-02,2.12e-02; 5.11e-02,2.18e-02; 5.15e-02,2.09e-02,1.88e-03; 5.10e-02,2.00e-02,4.48e-03; 5.15e-02,1.97e-02,5.58e-03; 5.22e-02,2.22e-02,3.62e-03; 5.29e-02,2.24e-02,4.07e-03; 5.33e-02,2.27e-02,4.55e-03; 5.36e-02,2.32e-02,5.18e-03","24,24,24,24,24,24,24,24,24,24,24,24,24,24,24,24,24,24,24,24,24,24,24,24,24,24,24,24,24,24,24,24,24,24,24,24,24,24,24,24,24,24,24,24,24,24,24,24,24,24,24,24,24,24,24,24,24,24,24,24,24,24,24,24"
946,3.19,3.37,"0.18,0.56,0.95,1.30,1.61,1.88,2.12,2.33,2.55,2.79,3.02,3.23,3.42,3.59,3.75,3.90,4.06,4.21,4.36,4.49,4.63,4.75,4.87,4.99,5.11,5.22,5.33,5.43,5.53,5.63,5.72,5.82,5.91,6.00,6.09,6.17,6.25,6.32,6.40,6.48,6.56,6.64,6.71,6.78,6.84,6.91,6.97,7.04,7.11,7.18,7.24,7.30,7.36,7.41,7.47,7.53,7.60,7.66,7.71,7.76,7.82,7.87,7.92,7.97","7.19e-04,3.29e-08,1.73e-08,6.92e-09","4,4,4,4","8.92e-04; 1.78e-03; 2.68e-03; 3.57e-03; 4.46e-03; 5.35e-03; 6.24e-03; 7.13e-03; 7.95e-03,7.77e-05; 8.66e-03,2.61e-04; 9.58e-03,2.26e-04; 1.05e-02,1.70e-04; 1.14e-02,2.20e-04; 1.16e-02,9.20e-04; 1.19e-02,1.49e-03; 1.21e-02,2.13e-03; 1.25e-02,2.68e-03; 1.31e-02,3.00e-03; 1.38e-02,3.16e-03; 1.46e-02,3.27e-03; 1.53e-02,3.42e-03; 1.65e-02,3.08e-03; 1.65e-02,4.05e-03; 1.69e-02,4.53e-03; 1.73e-02,5.00e-03; 1.78e-02,5.35e-03; 1.85e-02,5.55e-03; 1.93e-02,5.69e-03; 2.00e-02,5.84e-03; 2.07e-02,6.08e-03; 2.12e-02,6.42e-03; 2.16e-02,6.89e-03; 2.21e-02,7.36e-03; 2.26e-02,7.72e-03; 2.33e-02,7.94e-03; 2.40e-02,8.10e-03; 2.47e-02,8.26e-03; 2.54e-02,8.49e-03; 2.59e-02,8.83e-03; 2.64e-02,9.29e-03; 2.68e-02,9.79e-03; 2.73e-02,1.02e-02; 2.79e-02,1.04e-02; 2.86e-02,1.06e-02; 2.93e-02,1.08e-02; 3.00e-02,1.10e-02; 3.05e-02,1.14e-02; 3.10e-02,1.18e-02; 3.13e-02,1.24e-02; 3.18e-02,1.28e-02; 3.24e-02,1.31e-02; 3.31e-02,1.33e-02; 3.37e-02,1.35e-02; 3.44e-02,1.38e-02; 3.49e-02,1.41e-02; 3.54e-02,1.46e-02; 3.57e-02,1.52e-02; 3.61e-02,1.56e-02; 3.66e-02,1.60e-02; 3.73e-02,1.62e-02; 3.80e-02,1.64e-02; 3.86e-02,1.67e-02; 3.91e-02,1.70e-02; 3.95e-02,1.75e-02","33,33,33,33,33,33,33,33,33,33,33,33,33,33,33,33,33,33,33,33,33,33,33,33,33,33,33,33,33,33,33,33,33,33,33,33,33,33,33,33,33,33,33,33,33,33,33,33,33,33,33,33,33,33,33,33,33,33,33,33,33,33,33,33"
947,11.01,10.41,"1.66,2.98,3.85,4.52,5.22,5.80,6.36,6.90,7.39,7.87,8.34,8.73,9.16,9.55,9.90,10.26,10.57,10.88,11.18,11.45,11.73,12.02,12.27,12.54,12.78,13.01,13.25,13.45,13.67,13.89,14.10,14.32,14.53,14.72,14.91,15.08,15.25,15.44,15.61,15.79,15.99,16.15,16.31,16.46,16.60,16.76,16.91,17.06,17.24,17.39,17.53,17.66,17.78,17.91,18.05,18.18,18.35,18.48,18.61,18.73,18.84,18.95,19.07,19.19","1.80e-02,1.59e-02,1.44e-06,6.27e-07","0,0,0,0","4.21e-02; 8.42e-02; 1.19e-01,7.12e-03; 1.52e-01,1.44e-02,2.02e-03; 1.56e-01,5.50e-02; 1.60e-01,5.83e-02,3.42e-02; 1.68e-01,7.97e-02,4.67e-02; 1.74e-01,9.85e-02,6.40e-02; 1.85e-01,1.15e-01,7.90e-02; 2.01e-01,1.31e-01,8.84e-02; 2.19e-01,1.54e-01,9.00e-02; 2.37e-01,1.73e-01,9.51e-02; 2.53e-01,1.91e-01,1.03e-01; 2.67e-01,2.10e-01,1.13e-01; 2.78e-01,2.29e-01,1.24e-01; 2.86e-01,2.41e-01,1.46e-01; 2.97e-01,2.60e-01,1.58e-01; 3.12e-01,2.75e-01,1.70e-01; 3.28e-01,2.95e-01,1.78e-01; 3.45e-01,3.12e-01,1.84e-01; 3.62e-01,3.28e-01,1.94e-01; 3.76e-01,3.47e-01,2.03e-01; 3.86e-01,3.63e-01,2.11e-01,8.50e-03; 4.03e-01,3.68e-01,2.39e-01; 3.90e-01,3.70e-01,2.28e-01,6.37e-02; 4.03e-01,3.81e-01,2.44e-01,6.58e-02; 4.18e-01,3.95e-01,2.50e-01,7.35e-02; 4.33e-01,4.11e-01,2.57e-01,7.75e-02; 4.49e-01,4.26e-01,2.66e-01,7.91e-02; 4.62e-01,4.41e-01,2.75e-01,8.39e-02; 4.74e-01,4.53e-01,2.84e-01,9.48e-02; 4.84e-01,4.63e-01,3.05e-01,9.53e-02; 4.94e-01,4.64e-01,3.12e-01,1.20e-01; 5.27e-01,4.75e-01,3.48e-01,8.14e-02; 5.40e-01,4.87e-01,3.55e-01,9.03e-02; 5.56e-01,5.03e-01,3.64e-01,9.21e-02; 5.72e-01,5.18e-01,3.74e-01,9.38e-02; 5.87e-01,5.34e-01,3.84e-01,9.50e-02; 5.97e-01,5.44e-01,3.93e-01,1.08e-01; 6.08e-01,5.56e-01,4.11e-01,1.09e-01; 6.11e-01,5.53e-01,4.13e-01,1.49e-01; 6.23e-01,5.65e-01,4.28e-01,1.52e-01; 6.35e-01,5.76e-01,4.36e-01,1.62e-01; 6.51e-01,5.92e-01,4.45e-01,1.64e-01; 6.66e-01,6.05e-01,4.55e-01,1.68e-01; 6.80e-01,6.20e-01,4.66e-01,1.70e-01; 6.91e-01,6.30e-01,4.75e-01,1.82e-01; 7.02e-01,6.42e-01,4.92e-01,1.85e-01; 6.84e-01,6.41e-01,4.74e-01,2.62e-01; 6.96e-01,6.53e-01,4.89e-01,2.66e-01; 7.09e-01,6.64e-01,4.99e-01,2.75e-01; 7.23e-01,6.78e-01,5.08e-01,2.79e-01; 7.38e-01,6.91e-01,5.17e-01,2.84e-01; 7.52e-01,7.05e-01,5.28e-01,2.88e-01; 7.63e-01,7.15e-01,5.39e-01,2.98e-01; 7.74e-01,7.27e-01,5.54e-01,3.02e-01; 7.83e-01,7.26e-01,5.64e-01,3.26e-01; 7.95e-01,7.37e-01,5.78e-01,3.30e-01; 8.08e-01,7.48e-01,5.88e-01,3.39e-01; 8.22e-01,7.62e-01,5.97e-01,3.44e-01; 8.36e-01,7.75e-01,6.07e-01,3.49e-01; 8.50e-01,7.89e-01,6.18e-01,3.53e-01; 8.62e-01,7.99e-01,6.29e-01,3.63e-01; 8.73e-01,8.10e-01,6.43e-01,3.68e-01","33,33,33,33,33,33,33,33,33,33,33,33,33,33,33,33,33,33,33,33,33,33,33,33,33,33,33,33,33,33,33,33,33,33,33,33,33,33,33,33,33,33,33,33,33,33,33,33,33,33,33,33,33,33,33,33,33,33,33,33,33,33,33,33"
948,15.94,16.36,"5.29,7.16,8.42,9.64,10.75,11.72,12.55,13.27,13.92,14.47,14.91,15.28,15.62,15.97,16.34,16.77,17.13,17.55,17.91,18.23,18.52,18.79,19.08,19.35,19.65,19.94,20.20,20.44,20.66,20.88,21.10,21.31,21.53,21.75,21.95,22.13,22.31,22.48,22.65,22.83,23.00,23.16,23.32,23.46,23.60,23.74,23.88,24.02,24.16,24.30,24.42,24.54,24.65,24.77,24.89,25.01,25.13,25.25,25.36,25.46,25.56,25.66,25.77,25.88","2.41e-01,2.28e-01,1.11e-05,6.36e-06","0,0,0,0","5.81e-01; 1.16e+00; 1.43e+00,3.16e-01; 1.64e+00,6.81e-01; 1.84e+00,1.07e+00; 2.06e+00,1.42e+00; 2.30e+00,1.77e+00; 2.55e+00,2.10e+00; 2.81e+00,2.42e+00; 3.10e+00,2.71e+00; 3.41e+00,2.99e+00; 3.72e+00,3.26e+00; 4.04e+00,3.52e+00; 4.36e+00,3.78e+00; 4.65e+00,4.03e+00,3.51e-02; 4.48e+00,3.86e+00,9.58e-01; 4.73e+00,4.12e+00,1.03e+00; 4.88e+00,4.16e+00,1.43e+00; 5.09e+00,4.26e+00,1.70e+00; 5.31e+00,4.32e+00,1.99e+00; 5.54e+00,4.38e+00,2.29e+00; 5.77e+00,4.44e+00,2.58e+00; 5.99e+00,4.54e+00,2.84e+00; 6.20e+00,4.72e+00,3.03e+00; 6.38e+00,4.89e+00,3.26e+00; 6.58e+00,5.05e+00,3.49e+00; 6.78e+00,5.18e+00,3.73e+00; 6.99e+00,5.27e+00,4.01e+00; 7.21e+00,5.32e+00,4.32e+00; 7.43e+00,5.37e+00,4.65e+00; 7.63e+00,5.45e+00,4.94e+00; 7.82e+00,5.62e+00,5.16e+00; 8.01e+00,5.81e+00,5.37e+00; 8.20e+00,6.00e+00,5.58e+00; 8.40e+00,6.15e+00,5.79e+00; 8.62e+00,6.26e+00,6.05e+00; 8.83e+00,6.34e+00,6.34e+00; 9.05e+00,6.63e+00,6.41e+00; 9.25e+00,6.89e+00,6.53e+00; 9.44e+00,7.10e+00,6.72e+00; 9.63e+00,7.28e+00,6.93e+00; 9.82e+00,7.46e+00,7.13e+00; 1.00e+01,7.66e+00,7.30e+00; 1.03e+01,7.89e+00,7.43e+00; 1.05e+01,8.14e+00,7.54e+00; 1.07e+01,8.38e+00,7.66e+00; 1.09e+01,8.60e+00,7.81e+00; 1.11e+01,8.78e+00,8.03e+00; 1.13e+01,8.95e+00,8.26e+00; 1.15e+01,9.11e+00,8.47e+00; 1.17e+01,9.30e+00,8.65e+00; 1.19e+01,9.50e+00,8.79e+00; 1.22e+01,9.72e+00,8.93e+00; 1.24e+01,9.93e+00,9.08e+00; 1.26e+01,1.01e+01,9.27e+00; 1.28e+01,1.03e+01,9.49e+00; 1.30e+01,1.04e+01,9.73e+00; 1.32e+01,1.06e+01,9.95e+00; 1.34e+01,1.08e+01,1.01e+01; 1.36e+01,1.10e+01,1.03e+01; 1.38e+01,1.12e+01,1.04e+01; 1.41e+01,1.14e+01,1.06e+01; 1.43e+01,1.16e+01,1.08e+01; 1.44e+01,1.18e+01,1.10e+01","25,25,25,25,25,25,25,25,25,25,25,25,25,25,25,25,25,25,25,25,25,25,25,25,25,25,25,25,25,25,25,25,25,25,25,25,25,25,25,25,25,25,25,25,25,25,25,25,25,25,25,25,25,25,25,25,25,25,25,25,25,25,25,25"
949,11.94,10.99,"1.87,3.29,4.21,4.95,5.70,6.39,7.01,7.54,8.07,8.54,8.92,9.28,9.64,9.99,10.34,10.66,10.98,11.27,11.52,11.75,11.97,12.20,12.45,12.68,12.90,13.12,13.31,13.47,13.64,13.81,14.00,14.17,14.35,14.52,14.67,14.81,14.95,15.09,15.23,15.38,15.51,15.65,15.77,15.89,15.97,16.14,16.28,16.42,16.56,16.69,16.84,16.93,17.05,17.17,17.29,17.35,17.48,17.59,17.69,17.81,17.91,18.01,18.15,18.19","1.97e-02,1.83e-02,1.96e-06,6.93e-07","1,1,1,1","4.72e-02; 9.43e-02; 1.41e-01; 1.55e-01,3.41e-02; 1.65e-01,7.05e-02; 1.79e-01,1.04e-01; 1.93e-01,1.37e-01; 2.10e-01,1.68e-01; 2.27e-01,1.97e-01; 2.53e-01,2.19e-01; 2.82e-01,2.37e-01; 3.09e-01,2.57e-01; 3.34e-01,2.79e-01; 3.56e-01,3.04e-01; 3.77e-01,3.31e-01; 3.97e-01,3.58e-01; 4.17e-01,3.85e-01; 4.40e-01,4.09e-01; 4.66e-01,4.30e-01; 4.92e-01,4.51e-01; 5.17e-01,4.73e-01; 5.41e-01,4.97e-01; 5.63e-01,5.22e-01; 5.85e-01,5.47e-01; 6.06e-01,5.74e-01; 6.28e-01,5.98e-01; 6.53e-01,6.21e-01; 6.79e-01,6.42e-01; 7.05e-01,6.63e-01; 7.29e-01,6.86e-01; 7.52e-01,7.10e-01; 7.75e-01,7.34e-01; 7.36e-01,7.06e-01,1.14e-01; 7.55e-01,7.26e-01,1.23e-01; 8.19e-01,7.79e-01,5.22e-02; 7.84e-01,7.51e-01,1.33e-01,3.11e-02; 7.94e-01,7.59e-01,1.42e-01,5.06e-02; 8.06e-01,7.70e-01,1.43e-01,7.34e-02; 8.35e-01,8.00e-01,1.57e-01,4.84e-02; 8.42e-01,8.09e-01,1.76e-01,5.88e-02; 8.57e-01,8.27e-01,2.49e-01; 8.73e-01,8.45e-01,2.63e-01; 8.94e-01,8.66e-01,2.68e-01; 8.79e-01,8.49e-01,2.38e-01,1.09e-01; 9.11e-01,8.79e-01,2.74e-01,5.84e-02; 9.01e-01,8.68e-01,2.57e-01,1.44e-01; 9.12e-01,8.80e-01,2.55e-01,1.70e-01; 9.20e-01,8.89e-01,2.66e-01,1.89e-01; 9.19e-01,8.91e-01,3.15e-01,1.86e-01; 9.32e-01,9.05e-01,3.25e-01,1.97e-01; 9.36e-01,9.09e-01,3.14e-01,2.46e-01; 9.55e-01,9.26e-01,3.30e-01,2.42e-01; 9.64e-01,9.33e-01,3.41e-01,2.62e-01; 9.73e-01,9.41e-01,3.46e-01,2.87e-01; 9.88e-01,9.57e-01,3.48e-01,3.01e-01; 1.00e+00,9.72e-01,3.60e-01,3.06e-01; 1.00e+00,9.74e-01,4.04e-01,3.07e-01; 1.02e+00,9.91e-01,4.17e-01,3.09e-01; 1.03e+00,1.01e+00,4.22e-01,3.22e-01; 1.04e+00,1.01e+00,4.24e-01,3.52e-01; 1.05e+00,1.02e+00,4.36e-01,3.65e-01; 1.07e+00,1.03e+00,4.45e-01,3.81e-01; 1.07e+00,1.04e+00,4.40e-01,4.17e-01; 1.09e+00,1.06e+00,4.55e-01,4.15e-01","25,25,25,25,25,25,25,25,25,25,25,25,25,25,25,25,25,25,25,25,25,25,25,25,25,25,25,25,25,25,25,25,25,25,25,25,25,25,25,25,25,25,25,57,25,25,25,25,25,25,25,25,25,25,25,16,25,25,25,25,25,25,25,16"
950,5.50,5.43,"0.50,1.24,1.87,2.38,2.80,3.16,3.46,3.75,4.05,4.34,4.61,4.85,5.08,5.30,5.51,5.71,5.91,6.09,6.26,6.42,6.57,6.73,6.88,7.03,7.18,7.32,7.45,7.57,7.69,7.81,7.93,8.06,8.18,8.30,8.40,8.50,8.60,8.69,8.80,8.91,9.01,9.11,9.20,9.29,9.37,9.45,9.54,9.64,9.73,9.82,9.90,9.98,10.05,10.12,10.20,10.28,10.37,10.45,10.52,10.59,10.65,10.72,10.79,10.86","3.87e-03,2.21e-07,1.03e-07,7.19e-08","5,5,5,5","4.80e-03; 9.61e-03; 1.44e-02; 1.92e-02; 2.40e-02; 2.88e-02; 3.29e-02,7.75e-04; 3.24e-02,6.01e-03; 3.43e-02,8.97e-03; 3.76e-02,1.05e-02; 4.16e-02,1.12e-02; 4.57e-02,1.19e-02; 4.94e-02,1.31e-02; 5.25e-02,1.48e-02; 5.49e-02,1.71e-02; 5.69e-02,2.00e-02; 5.89e-02,2.28e-02; 6.17e-02,2.48e-02; 6.51e-02,2.62e-02; 6.89e-02,2.72e-02; 7.25e-02,2.84e-02; 7.55e-02,3.02e-02; 7.80e-02,3.25e-02; 7.99e-02,3.54e-02; 8.17e-02,3.84e-02; 8.42e-02,4.08e-02; 8.72e-02,4.25e-02; 9.06e-02,4.39e-02; 9.40e-02,4.53e-02; 9.70e-02,4.71e-02; 9.94e-02,4.95e-02; 1.01e-01,5.24e-02; 1.03e-01,5.55e-02; 1.05e-01,5.80e-02; 1.08e-01,6.00e-02; 1.11e-01,6.16e-02; 1.15e-01,6.33e-02; 1.17e-01,6.51e-02; 1.20e-01,6.75e-02; 1.22e-01,7.04e-02; 1.24e-01,7.35e-02; 1.26e-01,7.61e-02; 1.28e-01,7.82e-02; 1.31e-01,8.01e-02; 1.34e-01,8.18e-02; 1.37e-01,8.38e-02; 1.40e-01,8.61e-02; 1.42e-01,8.90e-02; 1.43e-01,9.20e-02; 1.46e-01,9.47e-02; 1.48e-01,9.70e-02; 1.51e-01,9.89e-02; 1.54e-01,1.01e-01; 1.57e-01,1.03e-01; 1.59e-01,1.05e-01; 1.61e-01,1.08e-01; 1.63e-01,1.11e-01; 1.65e-01,1.14e-01; 1.67e-01,1.16e-01; 1.70e-01,1.18e-01; 1.73e-01,1.20e-01; 1.76e-01,1.22e-01; 1.78e-01,1.24e-01; 1.80e-01,1.27e-01","32,32,32,32,32,32,32,32,32,32,32,32,32,32,32,32,32,32,32,32,32,32,32,32,32,32,32,32,32,32,32,32,32,32,32,32,32,32,32,32,32,32,32,32,32,32,32,32,32,32,32,32,32,32,32,32,32,32,32,32,32,32,32,32"
953,0.01,0.01,"0.00,0.00,0.00,0.00,0.00,0.00,0.00,0.00,0.00,0.01,0.01,0.01,0.01,0.01,0.01,0.01,0.01,0.02,0.02,0.02,0.02,0.02,0.02,0.03,0.03,0.03,0.03,0.04,0.04,0.04,0.04,0.05,0.05,0.05,0.05,0.06,0.06,0.06,0.07,0.07,0.07,0.07,0.08,0.08,0.09,0.09,0.09,0.10,0.10,0.10,0.11,0.11,0.11,0.12,0.12,0.12,0.13,0.13,0.13,0.14,0.14,0.15,0.15,0.15","1.04e-06,8.28e-11,4.71e-11,2.38e-11","4,4,4,4",1.29e-06; 2.57e-06; 3.86e-06; 5.15e-06; 6.44e-06; 7.72e-06; 9.01e-06; 1.03e-05; 1.16e-05; 1.29e-05; 1.42e-05; 1.54e-05; 1.67e-05; 1.80e-05; 1.93e-05; 2.06e-05; 2.19e-05; 2.32e-05; 2.45e-05; 2.57e-05; 2.70e-05; 2.83e-05; 2.96e-05; 3.09e-05; 3.22e-05; 3.35e-05; 3.48e-05; 3.60e-05; 3.73e-05; 3.86e-05; 3.99e-05; 4.12e-05; 4.25e-05; 4.38e-05; 4.51e-05; 4.63e-05; 4.76e-05; 4.89e-05; 5.02e-05; 5.15e-05; 5.28e-05; 5.41e-05; 5.54e-05; 5.66e-05; 5.79e-05; 5.92e-05; 6.05e-05; 6.18e-05; 6.31e-05; 6.44e-05; 6.57e-05; 6.69e-05; 6.82e-05; 6.95e-05; 7.08e-05; 7.21e-05; 7.34e-05; 7.47e-05; 7.60e-05; 7.72e-05; 7.85e-05; 7.98e-05; 8.11e-05; 8.24e-05,"31,31,31,31,31,31,31,31,31,31,31,31,31,31,31,31,31,31,31,31,31,31,31,31,31,31,31,31,31,31,31,31,31,31,31,31,31,31,31,31,31,31,31,31,31,31,31,31,31,31,31,31,31,31,31,31,31,31,31,31,31,31,31,31"
954,0.01,0.01,"0.00,0.00,0.00,0.00,0.00,0.00,0.00,0.00,0.00,0.00,0.01,0.01,0.01,0.01,0.01,0.01,0.01,0.01,0.02,0.02,0.02,0.02,0.02,0.02,0.03,0.03,0.03,0.03,0.03,0.04,0.04,0.04,0.04,0.04,0.05,0.05,0.05,0.06,0.06,0.06,0.06,0.07,0.07,0.07,0.08,0.08,0.08,0.09,0.09,0.09,0.09,0.10,0.10,0.11,0.11,0.11,0.11,0.12,0.12,0.12,0.13,0.13,0.14,0.14","8.63e-07,3.75e-11,2.01e-11,1.12e-11","5,5,5,5",1.07e-06; 2.14e-06; 3.21e-06; 4.28e-06; 5.36e-06; 6.43e-06; 7.50e-06; 8.57e-06; 9.64e-06; 1.07e-05; 1.18e-05; 1.29e-05; 1.39e-05; 1.50e-05; 1.61e-05; 1.71e-05; 1.82e-05; 1.93e-05; 2.04e-05; 2.14e-05; 2.25e-05; 2.36e-05; 2.46e-05; 2.57e-05; 2.68e-05; 2.78e-05; 2.89e-05; 3.00e-05; 3.11e-05; 3.21e-05; 3.32e-05; 3.43e-05; 3.53e-05; 3.64e-05; 3.75e-05; 3.86e-05; 3.96e-05; 4.07e-05; 4.18e-05; 4.28e-05; 4.39e-05; 4.50e-05; 4.61e-05; 4.71e-05; 4.82e-05; 4.93e-05; 5.03e-05; 5.14e-05; 5.25e-05; 5.36e-05; 5.46e-05; 5.57e-05; 5.68e-05; 5.78e-05; 5.89e-05; 6.00e-05; 6.11e-05; 6.21e-05; 6.32e-05; 6.43e-05; 6.53e-05; 6.64e-05; 6.75e-05; 6.85e-05,"31,31,31,31,31,31,31,31,31,31,31,31,31,31,31,31,31,31,31,31,31,31,31,31,31,31,31,31,31,31,31,31,31,31,31,31,31,31,31,31,31,31,31,31,31,31,31,31,31,31,31,31,31,31,31,31,31,31,31,31,31,31,31,31"
955,0.01,0.01,"0.00,0.00,0.00,0.00,0.00,0.00,0.00,0.00,0.00,0.00,0.00,0.01,0.01,0.01,0.01,0.01,0.01,0.01,0.01,0.02,0.02,0.02,0.02,0.02,0.02,0.03,0.03,0.03,0.03,0.04,0.04,0.04,0.04,0.05,0.05,0.05,0.05,0.06,0.06,0.06,0.06,0.07,0.07,0.07,0.08,0.08,0.08,0.09,0.09,0.09,0.10,0.10,0.11,0.11,0.11,0.12,0.12,0.12,0.13,0.13,0.14,0.14,0.15,0.15","4.50e-07,2.92e-11,1.69e-11,8.55e-12","5,5,5,5",; 1.12e-06; 1.67e-06; 2.23e-06; 2.79e-06; 3.35e-06; 3.91e-06; 4.46e-06; 5.02e-06; 5.58e-06; 6.14e-06; 6.70e-06; 7.26e-06; 7.81e-06; 8.37e-06; 8.93e-06; 9.49e-06; 1.00e-05; 1.06e-05; 1.12e-05; 1.17e-05; 1.23e-05; 1.28e-05; 1.34e-05; 1.40e-05; 1.45e-05; 1.51e-05; 1.56e-05; 1.62e-05; 1.67e-05; 1.73e-05; 1.79e-05; 1.84e-05; 1.90e-05; 1.95e-05; 2.01e-05; 2.07e-05; 2.12e-05; 2.18e-05; 2.23e-05; 2.29e-05; 2.34e-05; 2.40e-05; 2.46e-05; 2.51e-05; 2.57e-05; 2.62e-05; 2.68e-05; 2.73e-05; 2.79e-05; 2.85e-05; 2.90e-05; 2.96e-05; 3.01e-05; 3.07e-05; 3.13e-05; 3.18e-05; 3.24e-05; 3.29e-05; 3.35e-05; 3.40e-05; 3.46e-05; 3.52e-05; 3.57e-05,"31,31,31,31,31,31,31,31,31,31,31,31,31,31,31,31,31,31,31,31,31,31,31,31,31,31,31,31,31,31,31,31,31,31,31,31,31,31,31,31,31,31,31,31,31,31,31,31,31,31,31,31,31,31,31,31,31,31,31,31,31,31,31,31"
956,0.01,0.01,"0.00,0.00,0.00,0.00,0.00,0.00,0.00,0.00,0.00,0.01,0.01,0.01,0.01,0.01,0.01,0.02,0.02,0.02,0.02,0.02,0.03,0.03,0.03,0.03,0.04,0.04,0.04,0.05,0.05,0.05,0.06,0.06,0.06,0.07,0.07,0.08,0.08,0.08,0.09,0.09,0.10,0.10,0.10,0.11,0.11,0.12,0.12,0.13,0.13,0.14,0.14,0.15,0.15,0.16,0.17,0.17,0.17,0.18,0.19,0.19,0.20,0.20,0.21,0.22","3.67e-07,2.69e-11,1.22e-11,9.44e-12","4,4,4,4",; ; 1.36e-06; 1.82e-06; 2.27e-06; 2.73e-06; 3.19e-06; 3.64e-06; 4.09e-06; 4.55e-06; 5.00e-06; 5.46e-06; 5.91e-06; 6.37e-06; 6.82e-06; 7.28e-06; 7.73e-06; 8.19e-06; 8.64e-06; 9.10e-06; 9.55e-06; 1.00e-05; 1.05e-05; 1.09e-05; 1.14e-05; 1.18e-05; 1.23e-05; 1.27e-05; 1.32e-05; 1.36e-05; 1.41e-05; 1.46e-05; 1.50e-05; 1.55e-05; 1.59e-05; 1.64e-05; 1.68e-05; 1.73e-05; 1.77e-05; 1.82e-05; 1.87e-05; 1.91e-05; 1.96e-05; 2.00e-05; 2.05e-05; 2.09e-05; 2.14e-05; 2.18e-05; 2.23e-05; 2.27e-05; 2.32e-05; 2.37e-05; 2.41e-05; 2.46e-05; 2.50e-05; 2.55e-05; 2.59e-05; 2.64e-05; 2.68e-05; 2.73e-05; 2.78e-05; 2.82e-05; 2.87e-05; 2.91e-05,"39,39,39,39,39,39,39,39,39,39,39,39,39,39,39,39,39,39,39,39,39,39,39,39,39,39,39,39,39,39,39,39,39,39,39,39,39,39,39,39,39,39,39,39,39,39,39,39,39,39,39,39,39,39,39,39,39,39,39,39,39,39,39,39"
957,0.01,0.00,"0.00,0.00,0.00,0.00,0.00,0.00,0.00,0.00,0.00,0.00,0.00,0.00,0.00,0.00,0.00,0.00,0.00,0.00,0.00,0.00,0.00,0.00,0.00,0.00,0.00,0.00,0.00,0.01,0.01,0.01,0.01,0.01,0.01,0.01,0.01,0.01,0.01,0.01,0.01,0.01,0.01,0.01,0.01,0.01,0.01,0.01,0.01,0.01,0.01,0.01,0.01,0.02,0.02,0.02,0.02,0.02,0.02,0.02,0.02,0.02,0.02,0.02,0.02,0.02","2.91e-07,2.62e-11,9.11e-12,4.70e-12","0,8,8,8",; ; 1.08e-06; 1.44e-06; 1.80e-06; 2.17e-06; 2.53e-06; 2.89e-06; 3.25e-06; 3.61e-06; 3.97e-06; 4.33e-06; 4.69e-06; 5.05e-06; 5.41e-06; 5.77e-06; 6.14e-06; 6.50e-06; 6.86e-06; 7.22e-06; 7.58e-06; 7.94e-06; 8.30e-06; 8.66e-06; 9.02e-06; 9.38e-06; 9.74e-06; 1.01e-05; 1.05e-05; 1.08e-05; 1.12e-05; 1.15e-05; 1.19e-05; 1.23e-05; 1.26e-05; 1.30e-05; 1.34e-05; 1.37e-05; 1.41e-05; 1.44e-05; 1.48e-05; 1.52e-05; 1.55e-05; 1.59e-05; 1.62e-05; 1.66e-05; 1.70e-05; 1.73e-05; 1.77e-05; 1.80e-05; 1.84e-05; 1.88e-05; 1.91e-05; 1.95e-05; 1.99e-05; 2.02e-05; 2.06e-05; 2.09e-05; 2.13e-05; 2.17e-05; 2.20e-05; 2.24e-05; 2.27e-05; 2.31e-05,"39,39,39,39,39,39,39,39,39,39,39,39,39,39,39,39,39,39,39,39,39,39,39,39,39,39,39,39,39,39,39,39,39,33,39,39,33,39,39,39,39,33,39,39,33,39,39,39,39,33,39,39,33,39,33,39,39,33,39,39,39,39,33,39"
968,29.59,27.08,"11.52,13.92,16.25,18.61,20.56,22.15,23.43,24.49,25.21,25.77,26.23,26.69,27.16,27.67,28.23,28.80,29.22,29.63,30.00,30.39,30.80,31.16,31.55,31.91,32.25,32.54,32.76,33.13,33.49,33.70,33.94,34.31,34.56,34.79,34.94,35.15,35.41,35.69,35.79,36.07,36.21,36.32,36.47,36.69,36.91,37.04,37.14,37.32,37.75,37.63,37.95,38.30,38.60,38.46,38.66,38.73,38.91,38.86,38.84,39.20,39.37,39.48,39.77,40.01","2.64e+01,2.63e+01,2.26e+01,1.78e-03","8,8,8,8","9.35e+01; 1.87e+02; 1.69e+02,1.12e+02; 1.99e+02,1.75e+02; 2.40e+02,2.27e+02; 2.84e+02,2.77e+02; 3.30e+02,3.25e+02; 3.76e+02,3.72e+02; 4.22e+02,4.19e+02; 4.69e+02,4.66e+02; 4.86e+02,4.83e+02,5.89e+01; 5.24e+02,5.21e+02,7.66e+01; 5.18e+02,5.16e+02,1.81e+02; 5.51e+02,5.49e+02,2.09e+02; 5.85e+02,5.82e+02,2.36e+02; 6.15e+02,6.13e+02,2.67e+02; 6.50e+02,6.48e+02,2.92e+02; 6.66e+02,6.64e+02,3.52e+02; 6.81e+02,6.79e+02,4.16e+02; 7.15e+02,7.13e+02,4.42e+02; 7.39e+02,7.37e+02,4.88e+02; 7.66e+02,7.64e+02,5.27e+02; 7.99e+02,7.97e+02,5.55e+02; 8.30e+02,8.29e+02,5.85e+02; 8.63e+02,8.61e+02,6.13e+02; 8.97e+02,8.95e+02,6.39e+02; 9.22e+02,9.21e+02,6.82e+02; 9.52e+02,9.51e+02,7.15e+02; 9.78e+02,9.77e+02,7.57e+02; 1.01e+03,1.01e+03,7.87e+02; 1.04e+03,1.04e+03,8.17e+02; 1.07e+03,1.07e+03,8.48e+02; 1.10e+03,1.10e+03,8.77e+02; 1.13e+03,1.13e+03,9.18e+02; 1.16e+03,1.16e+03,9.47e+02; 1.19e+03,1.19e+03,9.77e+02; 1.22e+03,1.22e+03,1.02e+03; 1.25e+03,1.25e+03,1.05e+03; 1.28e+03,1.28e+03,1.08e+03; 1.31e+03,1.31e+03,1.11e+03,7.25e+00; 1.34e+03,1.33e+03,1.13e+03,2.88e+01; 1.38e+03,1.38e+03,1.16e+03; 1.37e+03,1.37e+03,1.17e+03,1.21e+02; 1.44e+03,1.44e+03,1.24e+03; 1.47e+03,1.47e+03,1.28e+03; 1.46e+03,1.46e+03,1.27e+03,1.16e+02; 1.48e+03,1.48e+03,1.29e+03,1.55e+02; 1.60e+03,1.60e+03,1.29e+03; 1.63e+03,1.63e+03,1.32e+03; 1.66e+03,1.66e+03,1.35e+03; 1.64e+03,1.64e+03,1.31e+03,1.77e+02; 1.68e+03,1.68e+03,1.49e+03,2.32e+01; 1.71e+03,1.71e+03,1.53e+03; 1.79e+03,1.79e+03,1.47e+03; 1.83e+03,1.83e+03,1.49e+03; 1.86e+03,1.86e+03,1.52e+03; 1.89e+03,1.89e+03,1.54e+03; 1.93e+03,1.93e+03,1.56e+03; 1.96e+03,1.96e+03,1.59e+03; 1.96e+03,1.96e+03,1.69e+03; 1.99e+03,1.99e+03,1.73e+03; 2.05e+03,2.05e+03,1.69e+03; 1.85e+03,1.85e+03,1.65e+03,5.32e+02; 1.92e+03,1.92e+03,1.66e+03,4.78e+02","38,38,38,38,38,38,38,38,38,38,38,38,32,38,38,38,38,34,32,32,32,32,38,38,38,38,32,34,32,38,38,38,32,34,36,32,32,38,32,32,36,32,34,32,36,36,38,32,38,38,34,34,32,32,36,36,34,38,34,34,36,38,38,34"
969,26.06,22.19,"10.81,13.21,15.38,17.44,19.00,20.13,20.92,21.51,22.29,22.79,23.26,23.73,24.24,24.68,24.96,25.27,25.65,25.94,26.22,26.56,26.83,27.09,27.28,27.52,27.71,27.78,27.97,28.24,28.41,28.55,28.61,28.75,28.93,29.24,29.35,29.52,29.78,29.90,29.91,30.16,30.31,30.43,30.64,30.75,30.84,30.77,30.72,30.87,30.89,31.08,31.31,31.33,31.42,31.20,31.53,31.58,31.74,31.74,32.33,31.76,32.07,32.10,31.88,32.23","1.26e+01,1.15e+01,1.05e+01,9.28e+00","8,8,8,8","5.44e+01; 1.09e+02; 1.05e+02,5.87e+01; 1.22e+02,9.55e+01; 1.46e+02,1.26e+02; 1.72e+02,1.55e+02; 1.99e+02,1.82e+02; 2.26e+02,2.09e+02; 2.51e+02,2.39e+02; 2.78e+02,2.67e+02; 3.05e+02,2.94e+02; 3.32e+02,3.21e+02; 3.59e+02,3.49e+02; 3.86e+02,3.76e+02; 4.13e+02,4.04e+02; 4.40e+02,4.31e+02; 4.67e+02,4.59e+02; 4.94e+02,4.86e+02; 5.21e+02,5.13e+02; 5.48e+02,5.41e+02; 5.75e+02,5.68e+02; 6.02e+02,5.95e+02; 6.30e+02,6.23e+02; 6.57e+02,6.50e+02; 6.84e+02,6.77e+02; 7.11e+02,7.04e+02; 7.38e+02,7.32e+02; 7.65e+02,7.59e+02; 7.93e+02,7.86e+02; 8.20e+02,8.13e+02; 8.47e+02,8.41e+02; 8.74e+02,8.68e+02; 9.01e+02,8.95e+02; 9.28e+02,9.22e+02; 9.56e+02,9.50e+02; 9.83e+02,9.77e+02; 1.01e+03,1.00e+03; 1.04e+03,1.03e+03; 1.06e+03,1.06e+03; 1.09e+03,1.09e+03; 1.12e+03,1.11e+03; 1.15e+03,1.14e+03; 1.17e+03,1.17e+03; 1.20e+03,1.20e+03; 1.23e+03,1.22e+03; 1.25e+03,1.25e+03; 1.28e+03,1.28e+03; 1.31e+03,1.30e+03; 1.25e+03,1.25e+03,1.63e+02; 1.36e+03,1.35e+03,9.94e+00; 1.39e+03,1.39e+03; 1.41e+03,1.41e+03,1.00e+01; 1.45e+03,1.44e+03; 1.34e+03,1.33e+03,2.74e+02; 1.36e+03,1.36e+03,2.72e+02; 1.38e+03,1.37e+03,2.96e+02; 1.40e+03,1.39e+03,3.09e+02; 1.42e+03,1.42e+03,3.21e+02; 1.46e+03,1.46e+03,2.88e+02; 1.64e+03,1.63e+03; 1.51e+03,1.50e+03,3.07e+02; 1.50e+03,1.49e+03,3.84e+02; 1.53e+03,1.53e+03,3.66e+02; 1.54e+03,1.54e+03,4.03e+02","39,39,39,39,39,39,39,39,39,39,39,39,39,39,39,39,39,39,39,39,39,39,39,39,55,39,39,39,37,39,37,23,39,39,39,39,39,23,55,39,39,39,37,37,37,23,23,23,55,39,23,23,37,23,37,37,39,39,37,55,55,55,37,39"
970,23.88,20.66,"11.85,14.03,15.34,16.34,17.48,18.60,19.64,20.57,21.30,21.82,22.25,22.65,23.06,23.49,23.96,24.43,24.83,25.15,25.35,25.59,25.86,26.11,26.45,26.76,27.01,27.25,27.37,27.54,27.76,27.92,28.03,28.38,28.63,28.79,29.11,29.09,29.32,29.31,29.43,29.81,29.74,30.10,30.20,30.07,30.12,30.41,30.64,30.72,30.81,30.87,30.88,30.92,31.14,31.00,31.45,31.58,31.63,32.13,32.06,32.22,32.23,32.68,32.58,32.45","1.24e+01,1.11e+01,1.02e+01,1.19e-03","12,12,12,12","4.18e+01; 8.35e+01; 1.25e+02; 1.40e+02,2.74e+01; 1.37e+02,7.18e+01; 1.47e+02,1.04e+02; 1.61e+02,1.31e+02; 1.78e+02,1.56e+02; 1.97e+02,1.79e+02; 2.17e+02,2.01e+02; 2.38e+02,2.22e+02; 2.59e+02,2.43e+02; 2.79e+02,2.64e+02; 2.99e+02,2.85e+02; 3.20e+02,3.07e+02; 3.40e+02,3.29e+02; 3.60e+02,3.50e+02; 3.81e+02,3.71e+02; 4.01e+02,3.92e+02; 4.22e+02,4.13e+02; 4.43e+02,4.34e+02; 4.64e+02,4.55e+02; 4.84e+02,4.76e+02; 5.05e+02,4.97e+02; 5.25e+02,5.18e+02; 5.46e+02,5.39e+02; 5.67e+02,5.60e+02; 5.88e+02,5.81e+02; 6.09e+02,6.02e+02; 6.30e+02,6.23e+02; 6.50e+02,6.44e+02; 6.71e+02,6.65e+02; 6.92e+02,6.86e+02; 7.13e+02,7.07e+02; 7.33e+02,7.28e+02; 7.54e+02,7.49e+02; 7.75e+02,7.70e+02; 7.96e+02,7.91e+02; 8.17e+02,8.12e+02; 8.37e+02,8.33e+02; 8.58e+02,8.54e+02; 8.79e+02,8.75e+02; 9.00e+02,8.96e+02; 9.21e+02,9.17e+02; 9.42e+02,9.37e+02; 9.63e+02,9.58e+02; 9.83e+02,9.79e+02; 1.00e+03,1.00e+03; 1.03e+03,1.02e+03; 1.05e+03,1.04e+03; 1.07e+03,1.06e+03; 1.09e+03,1.08e+03; 1.11e+03,1.10e+03; 1.13e+03,1.13e+03; 1.08e+03,1.07e+03,1.48e+02; 1.17e+03,1.17e+03; 1.19e+03,1.19e+03; 1.21e+03,1.21e+03; 1.23e+03,1.23e+03; 1.25e+03,1.25e+03; 1.28e+03,1.27e+03; 1.30e+03,1.29e+03; 1.32e+03,1.31e+03; 1.34e+03,1.33e+03","39,39,39,39,39,39,39,39,39,39,39,39,39,39,39,39,39,39,38,38,39,39,39,38,38,38,38,39,39,38,39,38,38,39,39,37,39,39,38,38,39,39,32,32,37,39,38,32,39,32,32,38,38,39,39,39,38,37,38,32,38,39,39,38"
971,24.15,20.26,"11.41,13.62,14.98,16.14,17.32,18.31,19.12,19.82,20.58,21.03,21.45,21.88,22.34,22.77,23.18,23.55,23.96,24.22,24.47,24.68,24.98,25.27,25.55,25.78,26.05,26.19,26.44,26.57,26.85,27.00,27.32,27.52,27.80,27.76,27.97,28.18,28.19,28.31,28.57,28.75,28.79,29.04,29.00,29.06,29.23,29.16,29.29,29.56,29.73,29.90,29.83,29.77,30.17,30.19,30.02,29.92,30.50,30.37,30.96,30.70,30.77,31.15,30.98,31.17","1.27e+01,1.13e+01,1.11e+01,1.05e-03","12,12,12,12","4.35e+01; 8.71e+01; 1.31e+02; 1.30e+02,4.40e+01; 1.38e+02,7.98e+01; 1.53e+02,1.08e+02; 1.72e+02,1.33e+02; 1.91e+02,1.57e+02; 2.09e+02,1.83e+02; 2.30e+02,2.05e+02; 2.52e+02,2.27e+02; 2.73e+02,2.49e+02; 2.94e+02,2.72e+02; 3.15e+02,2.94e+02; 3.36e+02,3.17e+02; 3.57e+02,3.39e+02; 3.78e+02,3.62e+02; 4.00e+02,3.84e+02; 4.22e+02,4.06e+02; 4.43e+02,4.27e+02; 4.65e+02,4.50e+02; 4.86e+02,4.72e+02; 5.07e+02,4.94e+02; 5.29e+02,5.16e+02; 5.50e+02,5.38e+02; 5.72e+02,5.60e+02; 5.94e+02,5.82e+02; 6.15e+02,6.04e+02; 6.37e+02,6.26e+02; 6.58e+02,6.48e+02; 6.80e+02,6.70e+02; 7.01e+02,6.92e+02; 7.23e+02,7.14e+02; 7.45e+02,7.35e+02; 7.67e+02,7.57e+02; 7.88e+02,7.79e+02; 8.10e+02,8.01e+02; 8.31e+02,8.23e+02; 8.53e+02,8.45e+02; 8.75e+02,8.67e+02; 8.96e+02,8.88e+02; 9.18e+02,9.10e+02; 9.40e+02,9.32e+02; 9.62e+02,9.54e+02; 9.83e+02,9.76e+02; 1.01e+03,9.97e+02; 1.03e+03,1.02e+03; 1.05e+03,1.04e+03; 1.07e+03,1.06e+03; 1.09e+03,1.08e+03; 1.11e+03,1.11e+03; 1.11e+03,1.10e+03,4.69e+01; 1.16e+03,1.15e+03; 1.18e+03,1.17e+03; 1.19e+03,1.18e+03,2.01e+01; 1.21e+03,1.21e+03,1.98e+01; 1.23e+03,1.23e+03,2.29e+01; 1.24e+03,1.24e+03,4.59e+01; 1.29e+03,1.28e+03; 1.31e+03,1.30e+03; 1.29e+03,1.28e+03,8.16e+01; 1.28e+03,1.28e+03,1.38e+02; 1.28e+03,1.27e+03,1.89e+02; 1.30e+03,1.29e+03,2.00e+02","38,38,38,38,38,38,38,38,38,38,38,38,38,38,38,38,38,38,38,38,38,38,38,38,38,38,38,38,38,38,38,38,32,32,38,38,36,38,36,38,32,22,36,32,22,38,38,36,36,38,22,32,36,32,32,38,38,32,38,32,38,22,38,38"
972,31.12,25.36,"9.00,11.32,12.79,13.90,15.34,16.86,18.20,19.31,19.93,20.47,20.93,21.36,22.00,22.64,23.27,23.92,24.39,24.90,25.39,25.82,26.20,26.60,27.01,27.43,27.81,28.17,28.48,28.74,29.03,29.36,29.68,29.99,30.25,30.51,30.76,31.00,31.23,31.48,31.79,32.02,32.26,32.46,32.72,32.85,32.98,33.12,33.27,33.36,33.54,33.73,33.60,34.06,34.13,34.06,34.44,34.85,35.00,35.07,35.22,35.38,35.53,35.69,35.83,35.89","2.92e+00,2.89e+00,2.75e+00,2.33e+00","8,0,8,8","1.57e+01; 3.13e+01; 4.70e+01; 5.49e+01,7.74e+00; 4.92e+01,2.91e+01; 5.22e+01,4.17e+01; 5.79e+01,5.16e+01; 6.47e+01,6.05e+01; 7.23e+01,6.86e+01; 7.99e+01,7.66e+01; 8.77e+01,8.45e+01; 8.56e+01,8.24e+01,1.99e+01; 8.55e+01,8.23e+01,3.57e+01; 8.90e+01,8.61e+01,4.41e+01; 9.34e+01,9.08e+01,5.06e+01; 9.83e+01,9.61e+01,5.60e+01; 1.02e+02,1.00e+02,6.35e+01; 1.06e+02,1.04e+02,7.12e+01; 1.10e+02,1.08e+02,7.85e+01; 1.15e+02,1.13e+02,8.52e+01; 1.22e+02,1.20e+02,8.72e+01; 1.27e+02,1.25e+02,9.17e+01; 1.25e+02,1.24e+02,9.56e+01,1.53e+01; 1.38e+02,1.37e+02,1.01e+02; 1.44e+02,1.42e+02,1.06e+02; 1.48e+02,1.47e+02,1.13e+02; 1.54e+02,1.52e+02,1.17e+02; 1.60e+02,1.59e+02,1.19e+02; 1.50e+02,1.49e+02,1.16e+02,3.97e+01; 1.61e+02,1.60e+02,1.15e+02,3.38e+01; 1.58e+02,1.57e+02,1.20e+02,5.05e+01; 1.64e+02,1.63e+02,1.22e+02,5.27e+01; 1.67e+02,1.66e+02,1.28e+02,5.58e+01; 1.79e+02,1.78e+02,1.32e+02,4.31e+01; 1.76e+02,1.75e+02,1.34e+02,6.32e+01; 1.85e+02,1.84e+02,1.33e+02,6.07e+01; 1.91e+02,1.90e+02,1.36e+02,6.28e+01; 1.95e+02,1.94e+02,1.39e+02,6.66e+01; 1.98e+02,1.97e+02,1.41e+02,7.50e+01; 2.04e+02,2.03e+02,1.44e+02,7.54e+01; 2.07e+02,2.06e+02,1.50e+02,7.85e+01; 2.12e+02,2.11e+02,1.54e+02,8.11e+01; 2.14e+02,2.13e+02,1.55e+02,9.16e+01; 2.18e+02,2.17e+02,1.60e+02,9.46e+01; 2.18e+02,2.17e+02,1.64e+02,1.06e+02; 2.16e+02,2.15e+02,1.71e+02,1.18e+02; 2.19e+02,2.18e+02,1.72e+02,1.26e+02; 2.23e+02,2.22e+02,1.75e+02,1.31e+02; 2.28e+02,2.27e+02,1.80e+02,1.32e+02; 2.46e+02,2.46e+02,1.82e+02,1.09e+02; 2.53e+02,2.52e+02,1.84e+02,1.10e+02; 2.49e+02,2.49e+02,1.89e+02,1.27e+02; 2.51e+02,2.50e+02,2.01e+02,1.27e+02; 2.63e+02,2.63e+02,1.97e+02,1.22e+02; 2.72e+02,2.72e+02,2.08e+02,1.09e+02; 2.58e+02,2.57e+02,2.08e+02,1.54e+02; 2.67e+02,2.66e+02,2.13e+02,1.47e+02; 2.74e+02,2.73e+02,2.15e+02,1.45e+02; 2.78e+02,2.78e+02,2.19e+02,1.49e+02; 2.68e+02,2.68e+02,2.25e+02,1.79e+02; 2.87e+02,2.86e+02,2.27e+02,1.55e+02; 2.95e+02,2.95e+02,2.39e+02,1.42e+02; 2.85e+02,2.85e+02,2.37e+02,1.79e+02; 2.88e+02,2.87e+02,2.40e+02,1.87e+02","30,30,30,30,30,30,30,30,30,30,30,31,31,31,31,30,31,31,31,31,31,30,30,30,31,31,31,31,31,31,30,31,31,31,31,31,31,31,31,30,31,31,31,30,30,47,29,47,31,30,31,30,31,31,31,30,31,30,30,31,30,30,29,29"
973,33.73,29.84,"7.81,10.63,13.44,15.51,16.99,18.17,19.15,19.97,20.69,21.36,22.01,22.65,23.27,23.87,24.51,25.12,25.59,26.03,26.47,26.89,27.28,27.69,28.18,28.63,28.97,29.31,29.66,29.90,30.12,30.46,30.81,31.06,31.28,31.58,31.83,32.06,32.31,32.60,32.86,33.12,33.40,33.74,33.92,34.12,34.39,34.60,34.83,35.04,35.34,35.51,35.69,35.90,36.11,36.25,36.49,36.64,36.89,37.06,37.26,37.40,37.56,37.73,37.99,38.07","3.57e+00,3.56e+00,3.08e+00,2.97e+00","11,0,11,0","1.80e+01; 2.52e+01,1.08e+01; 3.16e+01,2.24e+01; 3.99e+01,3.21e+01; 4.88e+01,4.13e+01; 5.43e+01,4.34e+01,1.03e+01; 6.13e+01,4.73e+01,1.74e+01; 6.39e+01,4.90e+01,2.29e+01,8.16e+00; 6.70e+01,4.97e+01,3.04e+01,1.49e+01; 7.47e+01,5.30e+01,3.70e+01,1.53e+01; 7.99e+01,5.89e+01,4.17e+01,1.75e+01; 8.56e+01,6.42e+01,4.86e+01,1.76e+01; 9.02e+01,6.81e+01,5.31e+01,2.27e+01; 9.52e+01,7.29e+01,5.92e+01,2.47e+01; 9.91e+01,7.56e+01,6.78e+01,2.76e+01; 1.02e+02,7.66e+01,7.44e+01,3.48e+01; 1.05e+02,7.91e+01,7.59e+01,4.66e+01; 1.10e+02,8.73e+01,8.01e+01,4.65e+01; 1.15e+02,9.32e+01,8.48e+01,4.91e+01; 1.20e+02,9.82e+01,9.08e+01,5.08e+01; 1.25e+02,1.03e+02,9.51e+01,5.44e+01; 1.31e+02,1.10e+02,1.00e+02,5.58e+01; 1.32e+02,1.12e+02,1.04e+02,6.60e+01; 1.37e+02,1.19e+02,1.06e+02,7.09e+01; 1.42e+02,1.25e+02,1.10e+02,7.32e+01; 1.47e+02,1.31e+02,1.14e+02,7.54e+01; 1.48e+02,1.33e+02,1.20e+02,8.48e+01; 1.54e+02,1.39e+02,1.24e+02,8.68e+01; 1.60e+02,1.45e+02,1.29e+02,8.84e+01; 1.60e+02,1.45e+02,1.34e+02,1.02e+02; 1.66e+02,1.52e+02,1.37e+02,1.04e+02; 1.66e+02,1.53e+02,1.43e+02,1.15e+02; 1.68e+02,1.55e+02,1.48e+02,1.23e+02; 1.63e+02,1.56e+02,1.49e+02,1.44e+02; 1.67e+02,1.61e+02,1.53e+02,1.49e+02; 1.72e+02,1.65e+02,1.59e+02,1.52e+02; 1.76e+02,1.70e+02,1.63e+02,1.57e+02; 1.80e+02,1.74e+02,1.67e+02,1.63e+02; 1.84e+02,1.79e+02,1.72e+02,1.68e+02; 1.89e+02,1.83e+02,1.78e+02,1.71e+02; 1.93e+02,1.87e+02,1.82e+02,1.77e+02; 1.97e+02,1.91e+02,1.86e+02,1.82e+02; 2.01e+02,1.96e+02,1.90e+02,1.86e+02; 2.06e+02,2.01e+02,1.95e+02,1.91e+02; 2.10e+02,2.05e+02,1.99e+02,1.95e+02; 2.15e+02,2.10e+02,2.04e+02,1.99e+02; 2.20e+02,2.14e+02,2.10e+02,2.03e+02; 2.24e+02,2.18e+02,2.14e+02,2.07e+02; 2.28e+02,2.22e+02,2.19e+02,2.13e+02; 2.33e+02,2.27e+02,2.23e+02,2.17e+02; 2.38e+02,2.32e+02,2.28e+02,2.21e+02; 2.42e+02,2.36e+02,2.32e+02,2.26e+02; 2.46e+02,2.41e+02,2.37e+02,2.30e+02; 2.51e+02,2.45e+02,2.42e+02,2.35e+02; 2.55e+02,2.50e+02,2.46e+02,2.39e+02; 2.60e+02,2.54e+02,2.51e+02,2.43e+02; 2.64e+02,2.58e+02,2.55e+02,2.49e+02; 2.68e+02,2.63e+02,2.59e+02,2.54e+02; 2.73e+02,2.67e+02,2.64e+02,2.58e+02; 2.77e+02,2.72e+02,2.68e+02,2.63e+02; 2.82e+02,2.76e+02,2.73e+02,2.67e+02; 2.86e+02,2.81e+02,2.77e+02,2.72e+02; 2.90e+02,2.85e+02,2.82e+02,2.77e+02; 2.95e+02,2.90e+02,2.86e+02,2.81e+02","39,39,39,39,39,39,39,39,33,39,39,39,39,39,39,39,33,39,39,39,39,39,39,39,39,39,33,37,37,33,39,37,37,33,39,39,33,39,39,39,39,33,39,39,33,39,39,33,33,39,39,33,39,39,33,39,33,39,33,33,39,39,33,39"
974,20.68,19.06,"6.77,8.69,9.75,10.95,11.96,12.88,13.73,14.49,15.13,15.62,16.03,16.41,16.79,17.19,17.62,18.04,18.41,18.70,18.95,19.19,19.46,19.74,20.02,20.26,20.51,20.74,20.94,21.15,21.36,21.59,21.81,22.06,22.27,22.46,22.64,22.82,22.99,23.17,23.40,23.77,23.97,24.14,24.32,24.51,24.65,24.84,25.03,25.32,25.49,25.66,25.83,25.99,26.13,26.29,26.46,26.68,26.78,26.86,26.95,27.00,27.07,27.14,27.27,27.48","3.28e-01,2.99e-01,2.84e-01,1.95e-01","4,4,4,4","1.37e+00; 2.74e+00; 2.72e+00,1.39e+00; 4.22e+00,1.26e+00; 4.72e+00,2.13e+00; 5.18e+00,3.05e+00; 5.67e+00,3.93e+00; 6.20e+00,4.77e+00; 6.80e+00,5.54e+00; 7.49e+00,6.22e+00; 8.21e+00,6.87e+00; 8.92e+00,7.53e+00; 9.60e+00,8.22e+00; 1.03e+01,8.94e+00; 1.09e+01,9.69e+00; 1.15e+01,1.04e+01; 1.21e+01,1.12e+01; 1.28e+01,1.19e+01; 1.31e+01,1.21e+01,8.43e-01; 1.34e+01,1.24e+01,1.60e+00; 1.37e+01,1.26e+01,2.47e+00; 1.42e+01,1.31e+01,2.89e+00; 1.47e+01,1.37e+01,3.14e+00; 1.65e+01,1.55e+01,9.09e-01; 1.70e+01,1.61e+01,1.13e+00; 1.73e+01,1.64e+01,1.97e+00; 1.68e+01,1.59e+01,3.21e+00,1.05e+00; 1.79e+01,1.68e+01,3.69e+00; 1.83e+01,1.72e+01,4.16e+00,1.65e-01; 1.86e+01,1.75e+01,4.84e+00,1.68e-01; 1.81e+01,1.72e+01,5.00e+00,2.23e+00; 1.85e+01,1.75e+01,4.63e+00,3.19e+00; 1.90e+01,1.80e+01,4.50e+00,3.78e+00; 1.94e+01,1.84e+01,4.43e+00,4.41e+00; 2.05e+01,1.93e+01,4.17e+00,3.99e+00; 2.08e+01,1.96e+01,4.52e+00,4.43e+00; 2.12e+01,2.00e+01,5.19e+00,4.36e+00; 2.17e+01,2.04e+01,5.64e+00,4.34e+00; 2.20e+01,2.07e+01,6.36e+00,4.41e+00; 2.17e+01,2.04e+01,7.78e+00,4.92e+00; 2.21e+01,2.07e+01,7.67e+00,5.73e+00; 2.25e+01,2.10e+01,7.70e+00,6.38e+00; 2.28e+01,2.13e+01,8.16e+00,6.77e+00; 2.31e+01,2.15e+01,8.65e+00,7.12e+00; 2.35e+01,2.19e+01,8.51e+00,7.78e+00; 2.39e+01,2.22e+01,8.89e+00,8.03e+00; 2.43e+01,2.26e+01,8.78e+00,8.74e+00; 2.44e+01,2.28e+01,1.02e+01,8.38e+00; 2.48e+01,2.31e+01,1.01e+01,9.15e+00; 2.52e+01,2.34e+01,1.02e+01,9.73e+00; 2.48e+01,2.31e+01,1.12e+01,1.08e+01; 2.52e+01,2.34e+01,1.15e+01,1.13e+01; 2.56e+01,2.38e+01,1.17e+01,1.16e+01; 2.60e+01,2.41e+01,1.22e+01,1.17e+01; 2.64e+01,2.46e+01,1.27e+01,1.17e+01; 2.68e+01,2.49e+01,1.29e+01,1.23e+01; 2.72e+01,2.53e+01,1.41e+01,1.14e+01; 2.77e+01,2.58e+01,1.43e+01,1.18e+01; 2.81e+01,2.61e+01,1.44e+01,1.22e+01; 2.86e+01,2.66e+01,1.48e+01,1.23e+01; 2.90e+01,2.70e+01,1.50e+01,1.26e+01; 2.94e+01,2.74e+01,1.53e+01,1.29e+01; 2.99e+01,2.79e+01,1.64e+01,1.22e+01; 3.02e+01,2.82e+01,1.68e+01,1.25e+01","56,56,56,56,56,56,56,56,56,56,56,56,56,56,56,56,56,56,56,56,56,56,56,56,56,56,56,56,56,56,56,56,56,56,56,56,56,56,56,56,56,56,56,56,56,56,56,56,56,56,56,56,56,56,56,56,56,62,62,50,62,62,56,56"
975,14.12,14.93,"4.62,6.51,7.72,8.87,9.93,10.88,11.73,12.48,13.10,13.60,14.02,14.39,14.78,15.18,15.59,16.00,16.35,16.64,16.89,17.13,17.36,17.62,17.89,18.17,18.41,18.62,18.80,18.96,19.14,19.33,19.54,19.75,19.93,20.09,20.23,20.36,20.50,20.65,20.81,20.98,21.13,21.26,21.37,21.48,21.59,21.71,21.85,21.99,22.11,22.22,22.32,22.40,22.50,22.60,22.72,22.84,22.94,23.03,23.11,23.19,23.27,23.36,23.46,23.56","1.71e-01,1.42e-01,1.07e-05,6.76e-06","1,1,1,1","3.89e-01; 7.78e-01; 9.99e-01,1.68e-01; 1.15e+00,4.01e-01; 1.30e+00,6.44e-01; 1.44e+00,8.92e-01; 1.59e+00,1.13e+00; 1.75e+00,1.36e+00; 1.93e+00,1.57e+00; 2.14e+00,1.75e+00; 2.35e+00,1.93e+00; 2.56e+00,2.11e+00; 2.76e+00,2.30e+00; 2.95e+00,2.50e+00; 3.13e+00,2.70e+00; 3.31e+00,2.91e+00; 3.49e+00,3.12e+00; 3.69e+00,3.31e+00; 3.89e+00,3.49e+00; 4.10e+00,3.68e+00; 4.30e+00,3.87e+00; 4.49e+00,4.07e+00; 4.67e+00,4.27e+00; 4.83e+00,4.45e+00,5.21e-02; 4.95e+00,4.58e+00,1.90e-01; 5.13e+00,4.76e+00,2.24e-01; 5.26e+00,4.88e+00,3.62e-01; 5.35e+00,4.96e+00,5.74e-01; 5.94e+00,5.34e+00; 6.13e+00,5.53e+00; 6.33e+00,5.72e+00; 6.55e+00,5.89e+00; 6.76e+00,6.07e+00; 6.96e+00,6.26e+00; 7.17e+00,6.44e+00; 7.40e+00,6.60e+00; 7.61e+00,6.78e+00; 7.80e+00,6.97e+00; 8.00e+00,7.16e+00; 8.22e+00,7.34e+00; 8.42e+00,7.52e+00; 8.62e+00,7.71e+00; 8.83e+00,7.89e+00; 9.05e+00,8.06e+00; 9.26e+00,8.23e+00; 9.46e+00,8.43e+00; 9.65e+00,8.62e+00; 9.87e+00,8.80e+00; 1.01e+01,8.99e+00; 1.03e+01,9.17e+00; 1.05e+01,9.35e+00; 1.07e+01,9.52e+00; 1.09e+01,9.70e+00; 1.11e+01,9.89e+00; 1.13e+01,1.01e+01; 1.15e+01,1.03e+01; 1.17e+01,1.05e+01; 1.19e+01,1.06e+01; 1.21e+01,1.08e+01; 1.23e+01,1.10e+01; 1.25e+01,1.12e+01; 1.27e+01,1.14e+01; 1.29e+01,1.16e+01; 1.31e+01,1.18e+01","33,33,33,33,33,33,33,33,33,33,33,33,33,33,33,33,33,33,33,33,33,33,33,33,33,33,33,33,33,33,33,33,33,33,33,33,33,33,33,33,33,33,33,33,33,33,33,33,33,33,33,33,33,33,33,33,33,33,33,33,33,33,33,33"
976,7.11,7.37,"1.52,2.84,3.76,4.45,5.01,5.46,5.84,6.27,6.62,6.94,7.23,7.49,7.75,7.99,8.24,8.48,8.70,8.90,9.08,9.25,9.42,9.60,9.78,9.96,10.13,10.29,10.42,10.55,10.68,10.82,10.96,11.12,11.26,11.39,11.50,11.60,11.71,11.82,11.94,12.08,12.20,12.30,12.40,12.49,12.57,12.67,12.78,12.90,13.00,13.10,13.18,13.25,13.33,13.42,13.51,13.62,13.71,13.79,13.86,13.93,14.00,14.08,14.16,14.26","1.33e-02,5.66e-07,3.35e-07,2.41e-07","4,4,4,4","1.64e-02; 3.29e-02; 4.93e-02; 6.58e-02; 8.22e-02; 9.87e-02; 9.16e-02,2.35e-02; 1.10e-01,2.14e-02; 1.20e-01,2.82e-02; 1.32e-01,3.26e-02; 1.45e-01,3.63e-02; 1.57e-01,3.98e-02; 1.70e-01,4.40e-02; 1.86e-01,4.40e-02; 1.93e-01,5.37e-02; 1.93e-01,7.00e-02; 2.01e-01,7.81e-02; 2.11e-01,8.48e-02; 2.22e-01,9.04e-02; 2.33e-01,9.54e-02; 2.44e-01,1.01e-01; 2.54e-01,1.08e-01; 2.62e-01,1.17e-01; 2.68e-01,1.27e-01; 2.75e-01,1.36e-01; 2.84e-01,1.44e-01; 2.94e-01,1.50e-01; 3.04e-01,1.56e-01; 3.14e-01,1.62e-01; 3.23e-01,1.70e-01; 3.31e-01,1.79e-01; 3.37e-01,1.89e-01; 3.44e-01,1.99e-01; 3.53e-01,2.07e-01; 3.62e-01,2.14e-01; 3.72e-01,2.20e-01; 3.81e-01,2.27e-01; 3.93e-01,2.32e-01; 4.00e-01,2.42e-01; 4.05e-01,2.52e-01; 4.12e-01,2.62e-01; 4.20e-01,2.70e-01; 4.29e-01,2.78e-01; 4.39e-01,2.85e-01; 4.48e-01,2.92e-01; 4.56e-01,3.00e-01; 4.64e-01,3.09e-01; 4.70e-01,3.19e-01; 4.77e-01,3.29e-01; 4.85e-01,3.37e-01; 4.94e-01,3.45e-01; 5.03e-01,3.52e-01; 5.12e-01,3.59e-01; 5.20e-01,3.68e-01; 5.28e-01,3.77e-01; 5.34e-01,3.87e-01; 5.41e-01,3.96e-01; 5.49e-01,4.04e-01; 5.58e-01,4.12e-01; 5.67e-01,4.19e-01; 5.76e-01,4.27e-01; 5.84e-01,4.35e-01; 5.92e-01,4.44e-01; 5.98e-01,4.54e-01","56,56,56,56,56,56,56,56,56,56,56,56,56,56,56,56,56,56,56,56,56,56,56,56,56,56,56,56,56,56,56,56,56,56,56,56,56,56,56,56,56,56,56,56,56,56,56,56,56,56,56,56,56,56,56,56,56,56,56,56,56,56,56,56"
977,13.08,11.40,"1.51,2.82,3.72,4.38,4.91,5.43,5.92,6.36,6.79,7.19,7.54,7.84,8.14,8.45,8.75,9.04,9.31,9.57,9.80,10.00,10.20,10.41,10.63,10.85,11.05,11.24,11.42,11.57,11.72,11.88,12.05,12.22,12.38,12.54,12.68,12.81,12.93,13.05,13.19,13.34,13.48,13.62,13.74,13.85,13.96,14.07,14.18,14.31,14.45,14.57,14.68,14.77,14.87,14.96,15.07,15.18,15.31,15.42,15.52,15.61,15.69,15.78,15.87,15.97","3.11e-02,2.63e-02,1.84e-02,1.66e-06","0,0,8,8","9.40e-02; 1.88e-01; 2.82e-01; 3.76e-01; 4.13e-01,5.75e-02; 4.39e-01,1.25e-01; 4.73e-01,1.85e-01; 5.05e-01,2.47e-01; 5.50e-01,2.97e-01; 6.04e-01,3.37e-01; 6.67e-01,3.68e-01; 7.30e-01,3.99e-01; 7.85e-01,4.38e-01; 8.28e-01,4.88e-01; 8.65e-01,5.45e-01; 8.99e-01,6.05e-01; 9.39e-01,6.59e-01; 9.86e-01,7.07e-01; 1.04e+00,7.48e-01; 1.09e+00,7.86e-01; 1.15e+00,8.27e-01; 1.19e+00,8.75e-01; 1.24e+00,9.28e-01; 1.27e+00,9.84e-01; 1.31e+00,1.04e+00; 1.36e+00,1.09e+00; 1.41e+00,1.13e+00; 1.46e+00,1.17e+00; 1.51e+00,1.22e+00; 1.56e+00,1.26e+00; 1.60e+00,1.31e+00; 1.64e+00,1.37e+00; 1.68e+00,1.42e+00; 1.73e+00,1.47e+00; 1.78e+00,1.51e+00; 1.82e+00,1.55e+00,1.51e-02; 1.87e+00,1.57e+00,3.88e-02; 1.91e+00,1.61e+00,5.26e-02; 1.95e+00,1.66e+00,5.50e-02; 1.99e+00,1.70e+00,7.52e-02; 2.00e+00,1.70e+00,1.60e-01; 2.03e+00,1.73e+00,1.89e-01; 2.07e+00,1.77e+00,2.03e-01; 2.10e+00,1.80e+00,2.32e-01; 2.14e+00,1.82e+00,2.73e-01; 2.17e+00,1.86e+00,3.00e-01; 2.21e+00,1.90e+00,3.11e-01; 2.24e+00,1.94e+00,3.36e-01; 2.24e+00,1.93e+00,4.38e-01; 2.27e+00,1.96e+00,4.69e-01; 2.31e+00,2.00e+00,4.84e-01; 2.35e+00,2.03e+00,5.09e-01; 2.38e+00,2.06e+00,5.51e-01; 2.41e+00,2.09e+00,5.79e-01; 2.45e+00,2.13e+00,5.92e-01; 2.48e+00,2.17e+00,6.15e-01; 2.49e+00,2.16e+00,7.08e-01; 2.52e+00,2.20e+00,7.43e-01; 2.55e+00,2.23e+00,7.59e-01; 2.59e+00,2.27e+00,7.84e-01; 2.62e+00,2.29e+00,8.24e-01; 2.66e+00,2.32e+00,8.52e-01; 2.69e+00,2.36e+00,8.73e-01; 2.73e+00,2.40e+00,8.95e-01","16,16,16,16,16,16,16,16,16,16,16,16,16,16,16,16,16,16,16,16,16,16,16,16,16,16,16,16,16,16,16,16,16,16,16,16,16,16,16,16,16,16,16,16,16,16,16,16,16,16,16,16,18,16,16,16,16,16,16,16,18,16,18,16"
978,16.87,15.60,"2.55,4.32,5.88,7.18,8.17,9.15,10.02,10.68,11.47,12.05,12.67,13.20,13.66,14.13,14.52,14.89,15.21,15.81,16.12,16.45,16.76,17.07,17.45,17.73,18.02,18.36,18.67,18.98,19.21,19.43,19.64,19.84,19.99,20.12,20.48,20.63,20.81,20.99,21.25,21.44,21.60,21.75,21.86,22.07,22.22,22.41,22.59,22.77,22.99,23.20,23.37,23.53,23.68,23.83,23.98,24.13,24.33,24.50,24.65,24.78,24.92,25.05,25.17,25.31","3.12e-02,3.10e-02,1.67e-02,1.61e-02","9,9,9,9","1.18e-01; 1.34e-01,1.02e-01; 2.03e-01,1.51e-01; 2.52e-01,2.20e-01; 2.73e-01,2.28e-01,8.93e-02; 3.26e-01,3.01e-01,8.02e-02; 3.49e-01,2.68e-01,2.09e-01; 3.96e-01,3.60e-01,1.87e-01; 4.32e-01,3.48e-01,2.82e-01; 4.78e-01,4.67e-01,2.35e-01; 5.16e-01,4.88e-01,2.93e-01; 5.64e-01,5.05e-01,3.46e-01; 6.14e-01,5.37e-01,3.82e-01; 6.62e-01,5.34e-01,4.55e-01; 7.03e-01,6.09e-01,4.57e-01; 7.25e-01,5.68e-01,5.29e-01,6.55e-02; 6.72e-01,6.37e-01,3.95e-01,3.01e-01; 7.96e-01,6.89e-01,5.87e-01,5.06e-02; 7.70e-01,7.48e-01,4.79e-01,2.43e-01; 8.15e-01,7.82e-01,5.23e-01,2.39e-01; 8.59e-01,8.16e-01,5.55e-01,2.46e-01; 9.14e-01,8.53e-01,6.10e-01,2.18e-01; 1.05e+00,8.97e-01,7.68e-01; 1.03e+00,9.23e-01,7.61e-01,1.20e-01; 1.04e+00,9.60e-01,7.47e-01,2.01e-01; 1.07e+00,9.88e-01,8.05e-01,2.04e-01; 1.12e+00,1.04e+00,8.41e-01,1.91e-01; 1.23e+00,1.08e+00,9.92e-01; 1.28e+00,1.10e+00,1.04e+00; 1.32e+00,1.13e+00,1.09e+00; 1.36e+00,1.18e+00,1.11e+00; 1.34e+00,1.11e+00,1.07e+00,2.55e-01; 1.37e+00,1.16e+00,1.08e+00,2.83e-01; 1.26e+00,1.18e+00,9.43e-01,6.21e-01; 1.45e+00,1.22e+00,1.21e+00,2.50e-01; 1.39e+00,1.25e+00,1.13e+00,4.77e-01; 1.39e+00,1.27e+00,1.10e+00,6.08e-01; 1.43e+00,1.31e+00,1.14e+00,5.98e-01; 1.60e+00,1.37e+00,1.30e+00,3.19e-01; 1.62e+00,1.38e+00,1.25e+00,4.64e-01; 1.68e+00,1.38e+00,1.37e+00,4.04e-01; 1.69e+00,1.43e+00,1.35e+00,4.80e-01; 1.73e+00,1.47e+00,1.38e+00,4.97e-01; 1.79e+00,1.50e+00,1.44e+00,4.59e-01; 1.82e+00,1.53e+00,1.48e+00,4.78e-01; 1.95e+00,1.58e+00,1.55e+00,3.47e-01; 1.88e+00,1.57e+00,1.47e+00,6.23e-01; 2.01e+00,1.61e+00,1.57e+00,4.74e-01; 1.95e+00,1.59e+00,1.56e+00,6.78e-01; 1.99e+00,1.63e+00,1.61e+00,6.59e-01; 2.01e+00,1.66e+00,1.64e+00,7.02e-01; 2.15e+00,1.78e+00,1.70e+00,4.97e-01; 2.09e+00,1.74e+00,1.72e+00,6.96e-01; 2.13e+00,1.77e+00,1.76e+00,7.06e-01; 2.16e+00,1.79e+00,1.78e+00,7.57e-01; 2.21e+00,1.83e+00,1.82e+00,7.39e-01; 2.24e+00,1.88e+00,1.86e+00,7.45e-01; 2.26e+00,1.93e+00,1.87e+00,7.73e-01; 2.30e+00,1.97e+00,1.90e+00,7.91e-01; 2.45e+00,2.12e+00,1.96e+00,5.37e-01; 2.37e+00,2.03e+00,2.00e+00,7.94e-01; 2.40e+00,2.06e+00,2.03e+00,8.32e-01; 2.45e+00,2.10e+00,2.06e+00,8.17e-01; 2.50e+00,2.13e+00,2.11e+00,8.11e-01","25,58,25,58,25,25,25,25,58,58,25,25,25,25,25,58,25,58,58,25,25,25,25,25,58,25,58,25,25,25,25,58,16,58,25,25,58,25,25,58,24,24,16,58,25,58,58,58,25,25,25,58,58,58,58,25,25,25,25,58,58,58,25,25"
979,17.64,15.61,"3.05,4.71,5.76,6.51,7.14,7.76,8.33,8.89,9.38,9.81,10.17,10.49,10.80,11.13,11.47,11.82,12.13,12.40,12.64,12.84,13.04,13.26,13.49,13.74,13.96,14.16,14.33,14.48,14.67,15.04,15.43,15.80,16.00,16.25,16.52,16.77,17.02,17.25,17.45,17.68,17.86,18.02,18.19,18.42,18.59,18.80,18.97,19.15,19.30,19.45,19.63,19.79,19.97,20.14,20.27,20.44,20.57,20.69,20.82,20.94,21.07,21.18,21.32,21.46","3.32e-02,3.25e-02,2.88e-02,1.13e-02","4,4,4,4","1.31e-01; 2.63e-01; 3.94e-01; 5.25e-01; 5.58e-01,9.84e-02; 6.31e-01,1.57e-01; 6.59e-01,2.60e-01; 7.03e-01,3.47e-01; 7.59e-01,4.24e-01; 8.28e-01,4.85e-01; 9.07e-01,5.38e-01; 9.86e-01,5.90e-01; 1.06e+00,6.49e-01; 1.12e+00,7.20e-01; 1.17e+00,7.98e-01; 1.22e+00,8.83e-01; 1.28e+00,9.56e-01; 1.34e+00,1.02e+00; 1.41e+00,1.08e+00; 1.48e+00,1.14e+00; 1.55e+00,1.21e+00; 1.62e+00,1.27e+00; 1.68e+00,1.34e+00; 1.73e+00,1.42e+00; 1.79e+00,1.49e+00; 1.86e+00,1.56e+00; 1.92e+00,1.62e+00; 1.97e+00,1.65e+00,5.80e-02; 1.86e+00,1.54e+00,4.11e-01; 1.77e+00,1.42e+00,7.53e-01; 1.76e+00,1.41e+00,9.09e-01; 1.75e+00,1.41e+00,1.04e+00; 1.79e+00,1.44e+00,1.10e+00; 1.82e+00,1.46e+00,1.19e+00; 1.84e+00,1.48e+00,1.27e+00; 1.88e+00,1.50e+00,1.35e+00; 1.91e+00,1.53e+00,1.42e+00; 1.94e+00,1.55e+00,1.49e+00; 1.98e+00,1.59e+00,1.55e+00; 2.02e+00,1.64e+00,1.60e+00; 2.06e+00,1.68e+00,1.64e+00; 2.10e+00,1.73e+00,1.68e+00; 2.16e+00,1.77e+00,1.71e+00; 2.18e+00,1.81e+00,1.79e+00; 2.25e+00,1.84e+00,1.82e+00; 2.28e+00,1.90e+00,1.86e+00; 2.33e+00,1.94e+00,1.90e+00; 2.37e+00,2.00e+00,1.94e+00; 2.41e+00,2.04e+00,1.99e+00; 2.30e+00,1.98e+00,1.89e+00,4.03e-01; 2.36e+00,2.08e+00,1.94e+00,3.19e-01; 2.37e+00,2.07e+00,1.93e+00,4.54e-01; 2.42e+00,2.17e+00,1.96e+00,4.10e-01; 2.45e+00,2.22e+00,1.92e+00,5.01e-01; 2.51e+00,2.26e+00,2.00e+00,4.54e-01; 2.54e+00,2.32e+00,2.02e+00,4.76e-01; 2.58e+00,2.35e+00,2.08e+00,4.86e-01; 2.63e+00,2.40e+00,2.13e+00,4.66e-01; 2.66e+00,2.45e+00,2.15e+00,4.93e-01; 2.69e+00,2.45e+00,2.18e+00,5.62e-01; 2.73e+00,2.51e+00,2.18e+00,5.89e-01; 2.76e+00,2.50e+00,2.22e+00,6.63e-01; 2.80e+00,2.56e+00,2.22e+00,6.89e-01; 2.83e+00,2.60e+00,2.27e+00,7.14e-01","26,26,26,26,26,26,26,26,26,26,26,26,26,26,26,26,26,26,26,26,26,26,26,26,26,26,26,26,16,16,16,16,16,16,16,16,16,16,16,26,26,26,16,16,16,16,16,16,26,16,16,16,16,16,16,26,26,16,26,16,26,16,26,26"
980,15.27,15.03,"3.11,4.79,5.84,6.65,7.38,8.11,8.82,9.51,10.05,10.54,10.95,11.33,11.75,12.17,12.62,13.07,13.48,13.82,14.14,14.41,14.69,14.99,15.30,15.63,15.93,16.16,16.36,16.60,16.73,16.85,16.94,17.08,17.52,17.75,17.90,18.07,18.24,18.46,18.67,18.86,19.07,19.24,19.43,19.60,19.75,19.90,20.08,20.26,20.44,20.60,20.76,20.91,21.06,21.20,21.35,21.51,21.68,21.82,21.96,22.10,22.23,22.35,22.49,22.62","3.53e-02,3.40e-02,1.94e-02,1.19e-02","5,5,5,5","1.25e-01; 2.50e-01; 3.74e-01; 4.62e-01,3.71e-02; 5.18e-01,1.06e-01; 5.41e-01,2.08e-01; 5.83e-01,2.91e-01; 6.16e-01,3.79e-01,2.89e-03; 6.44e-01,4.18e-01,6.13e-02; 6.84e-01,4.55e-01,1.08e-01; 7.31e-01,4.86e-01,1.55e-01; 7.80e-01,5.13e-01,2.05e-01; 8.09e-01,5.24e-01,2.89e-01; 8.44e-01,5.53e-01,3.50e-01; 8.76e-01,5.92e-01,4.04e-01; 9.10e-01,6.47e-01,4.39e-01; 9.43e-01,6.92e-01,4.86e-01; 9.84e-01,7.32e-01,5.31e-01; 1.02e+00,7.62e-01,5.84e-01; 1.07e+00,7.94e-01,6.31e-01; 1.11e+00,8.25e-01,6.81e-01; 1.15e+00,8.59e-01,7.32e-01; 1.19e+00,9.00e-01,7.77e-01; 1.23e+00,9.53e-01,8.12e-01; 1.27e+00,1.00e+00,8.48e-01; 1.31e+00,1.05e+00,8.80e-01; 1.36e+00,1.09e+00,9.15e-01; 1.40e+00,1.12e+00,9.70e-01; 1.45e+00,1.17e+00,9.95e-01; 1.50e+00,1.21e+00,1.03e+00; 1.55e+00,1.26e+00,1.06e+00; 1.53e+00,1.23e+00,8.02e-01,4.31e-01; 1.62e+00,1.35e+00,1.16e+00; 1.65e+00,1.37e+00,1.22e+00; 1.69e+00,1.41e+00,1.26e+00; 1.74e+00,1.45e+00,1.30e+00; 1.78e+00,1.48e+00,1.35e+00; 1.82e+00,1.52e+00,1.41e+00; 1.86e+00,1.56e+00,1.45e+00; 1.90e+00,1.60e+00,1.49e+00; 1.94e+00,1.65e+00,1.52e+00; 1.98e+00,1.70e+00,1.56e+00; 2.02e+00,1.74e+00,1.61e+00; 2.06e+00,1.77e+00,1.66e+00; 2.11e+00,1.80e+00,1.71e+00; 2.16e+00,1.84e+00,1.75e+00; 2.20e+00,1.87e+00,1.78e+00,2.10e-02; 2.23e+00,1.89e+00,1.78e+00,8.85e-02; 2.27e+00,1.95e+00,1.84e+00,4.77e-02; 2.31e+00,1.99e+00,1.87e+00,6.24e-02; 2.35e+00,2.00e+00,1.88e+00,1.36e-01; 2.38e+00,2.01e+00,1.89e+00,2.12e-01; 2.33e+00,1.99e+00,1.89e+00,4.02e-01; 2.43e+00,2.03e+00,1.92e+00,3.56e-01; 2.46e+00,2.06e+00,1.95e+00,3.93e-01; 2.49e+00,2.09e+00,1.98e+00,4.22e-01; 2.52e+00,2.12e+00,2.00e+00,4.73e-01; 2.56e+00,2.16e+00,2.03e+00,4.79e-01; 2.59e+00,2.19e+00,2.07e+00,5.12e-01; 2.62e+00,2.21e+00,2.08e+00,5.79e-01; 2.65e+00,2.22e+00,2.11e+00,6.39e-01; 2.68e+00,2.24e+00,2.14e+00,6.75e-01; 2.71e+00,2.27e+00,2.16e+00,7.12e-01; 2.76e+00,2.31e+00,2.20e+00,7.14e-01","26,26,26,26,26,26,26,26,26,26,26,26,26,26,26,26,26,26,26,26,26,26,26,26,26,26,26,26,26,28,30,26,26,24,24,26,26,26,26,26,26,26,26,26,26,26,26,26,26,26,26,26,26,26,26,26,26,26,26,26,26,26,26,26"
981,20.46,16.82,"3.63,5.34,6.50,7.64,8.68,9.58,10.47,11.19,11.90,12.53,13.10,13.66,14.20,14.74,15.26,15.75,16.21,16.62,17.01,17.40,17.77,18.13,18.49,18.84,19.20,19.51,19.79,20.09,20.37,20.65,20.92,21.20,21.47,21.71,21.89,22.16,22.29,22.57,22.70,22.85,23.09,23.29,23.55,23.77,23.90,24.16,24.35,24.56,24.79,24.99,25.25,25.47,25.72,25.91,26.14,26.33,26.53,26.75,26.97,27.17,27.35,27.54,27.74,27.94","4.84e-02,4.66e-02,4.57e-02,3.63e-02","8,8,8,8","2.20e-01; 4.39e-01; 5.32e-01,1.27e-01; 5.97e-01,2.77e-01,4.99e-03; 6.59e-01,4.13e-01,2.69e-02; 7.02e-01,4.86e-01,1.30e-01; 7.30e-01,5.33e-01,2.75e-01; 7.81e-01,5.73e-01,2.93e-01,1.12e-01; 8.33e-01,6.29e-01,3.26e-01,1.89e-01; 8.99e-01,6.85e-01,4.39e-01,1.75e-01; 9.63e-01,7.28e-01,5.41e-01,1.84e-01; 1.02e+00,7.53e-01,5.95e-01,2.73e-01; 1.08e+00,8.10e-01,6.87e-01,2.79e-01; 1.14e+00,8.84e-01,7.64e-01,2.83e-01; 1.20e+00,9.54e-01,8.24e-01,3.16e-01; 1.24e+00,9.96e-01,8.56e-01,4.21e-01; 1.29e+00,1.05e+00,9.06e-01,4.91e-01; 1.36e+00,1.11e+00,9.86e-01,5.02e-01; 1.42e+00,1.17e+00,1.06e+00,5.26e-01; 1.48e+00,1.20e+00,1.12e+00,5.97e-01; 1.54e+00,1.25e+00,1.19e+00,6.33e-01; 1.59e+00,1.31e+00,1.26e+00,6.66e-01; 1.65e+00,1.38e+00,1.32e+00,6.94e-01; 1.71e+00,1.44e+00,1.38e+00,7.55e-01; 1.75e+00,1.48e+00,1.42e+00,8.50e-01; 1.81e+00,1.54e+00,1.48e+00,8.81e-01; 1.87e+00,1.59e+00,1.55e+00,9.17e-01; 1.93e+00,1.63e+00,1.61e+00,9.77e-01; 1.99e+00,1.68e+00,1.67e+00,1.04e+00; 2.04e+00,1.74e+00,1.74e+00,1.07e+00; 2.10e+00,1.80e+00,1.80e+00,1.11e+00; 2.16e+00,1.86e+00,1.85e+00,1.16e+00; 2.20e+00,1.90e+00,1.89e+00,1.26e+00; 2.26e+00,1.96e+00,1.95e+00,1.30e+00; 2.33e+00,2.02e+00,2.00e+00,1.34e+00; 2.38e+00,2.08e+00,2.07e+00,1.39e+00; 2.44e+00,2.13e+00,2.13e+00,1.43e+00; 2.49e+00,2.21e+00,2.18e+00,1.47e+00; 2.55e+00,2.26e+00,2.23e+00,1.52e+00; 2.61e+00,2.30e+00,2.30e+00,1.58e+00; 2.64e+00,2.35e+00,2.14e+00,1.88e+00; 2.71e+00,2.43e+00,2.29e+00,1.80e+00; 2.75e+00,2.46e+00,2.30e+00,1.93e+00; 2.83e+00,2.54e+00,2.50e+00,1.81e+00; 2.88e+00,2.58e+00,2.53e+00,1.90e+00; 2.94e+00,2.66e+00,2.60e+00,1.91e+00; 3.00e+00,2.70e+00,2.67e+00,1.96e+00; 3.05e+00,2.76e+00,2.73e+00,2.01e+00; 3.10e+00,2.79e+00,2.77e+00,2.11e+00; 3.15e+00,2.85e+00,2.82e+00,2.17e+00; 3.21e+00,2.90e+00,2.87e+00,2.23e+00; 3.26e+00,2.94e+00,2.93e+00,2.30e+00; 3.30e+00,2.97e+00,2.96e+00,2.41e+00; 3.36e+00,3.03e+00,3.02e+00,2.46e+00; 3.40e+00,3.07e+00,3.07e+00,2.54e+00; 3.46e+00,3.13e+00,3.13e+00,2.59e+00; 3.51e+00,3.17e+00,3.17e+00,2.68e+00; 3.56e+00,3.22e+00,3.21e+00,2.76e+00; 3.61e+00,3.26e+00,3.25e+00,2.84e+00; 3.66e+00,3.31e+00,3.30e+00,2.91e+00; 3.71e+00,3.36e+00,3.35e+00,2.98e+00; 3.76e+00,3.41e+00,3.40e+00,3.04e+00; 3.81e+00,3.46e+00,3.45e+00,3.12e+00; 3.86e+00,3.51e+00,3.51e+00,3.18e+00","25,25,25,25,25,25,25,25,25,25,25,25,25,25,25,25,25,25,25,25,25,25,25,25,25,25,25,25,25,25,25,25,25,25,25,25,41,25,41,25,25,25,25,25,25,25,25,25,25,25,25,25,25,25,25,25,25,25,25,25,25,25,25,25"
982,5.81,5.47,"0.39,1.04,1.63,2.13,2.56,2.93,3.25,3.53,3.78,4.04,4.30,4.53,4.76,4.96,5.16,5.34,5.51,5.68,5.83,5.98,6.12,6.26,6.40,6.54,6.67,6.79,6.90,7.01,7.11,7.22,7.32,7.43,7.53,7.62,7.71,7.80,7.88,7.96,8.05,8.14,8.22,8.30,8.37,8.44,8.51,8.58,8.65,8.73,8.80,8.87,8.94,9.02,9.09,9.17,9.25,9.35,9.45,9.55,9.75,9.92,10.11,10.23,10.39,10.47","3.21e-03,1.14e-03,1.80e-07,8.75e-08","5,5,5,5","5.40e-03; 1.08e-02; 1.62e-02; 2.16e-02; 2.70e-02; 3.24e-02; 3.78e-02; 4.32e-02; 4.50e-02,3.60e-03; 4.82e-02,5.76e-03; 5.60e-02,3.36e-03; 5.79e-02,6.90e-03; 6.62e-02,3.94e-03; 6.99e-02,5.61e-03; 6.92e-02,1.18e-02; 7.23e-02,1.40e-02; 7.72e-02,1.45e-02; 8.07e-02,1.64e-02; 8.51e-02,1.75e-02; 9.00e-02,1.80e-02; 9.48e-02,1.86e-02; 9.87e-02,2.00e-02; 1.02e-01,2.26e-02; 1.04e-01,2.59e-02; 1.06e-01,2.91e-02; 1.09e-01,3.13e-02; 1.13e-01,3.28e-02; 1.17e-01,3.38e-02; 1.22e-01,3.48e-02; 1.25e-01,3.64e-02; 1.28e-01,3.88e-02; 1.28e-01,4.50e-02; 1.30e-01,4.77e-02; 1.34e-01,4.98e-02; 1.37e-01,5.16e-02; 1.41e-01,5.30e-02; 1.45e-01,5.44e-02; 1.49e-01,5.60e-02; 1.52e-01,5.82e-02; 1.55e-01,6.10e-02; 1.58e-01,6.37e-02; 1.61e-01,6.61e-02; 1.64e-01,6.80e-02; 1.68e-01,6.96e-02; 1.72e-01,7.11e-02; 1.75e-01,7.29e-02; 1.78e-01,7.52e-02; 1.80e-01,7.79e-02,6.67e-04; 1.78e-01,7.61e-02,1.00e-02; 1.79e-01,7.62e-02,1.51e-02; 1.79e-01,7.53e-02,2.13e-02; 1.79e-01,7.41e-02,2.73e-02; 1.80e-01,7.27e-02,3.32e-02; 1.80e-01,7.14e-02,3.95e-02; 1.81e-01,7.13e-02,4.43e-02; 1.79e-01,6.87e-02,5.49e-02; 1.76e-01,6.63e-02,6.49e-02; 1.70e-01,6.17e-02,4.71e-02,3.38e-02; 1.66e-01,6.37e-02,5.76e-02,3.15e-02; 1.65e-01,8.22e-02,5.78e-02,1.90e-02; 1.63e-01,9.23e-02,5.65e-02,1.71e-02; 1.64e-01,9.44e-02,5.55e-02,2.11e-02; 1.70e-01,1.09e-01,5.44e-02,6.93e-03; 1.71e-01,1.08e-01,5.53e-02,1.15e-02","11,11,11,11,11,11,11,11,11,11,11,11,11,11,11,11,11,11,11,11,11,11,11,11,11,11,11,11,11,11,11,11,11,11,11,11,11,11,11,11,11,11,11,11,11,11,11,11,11,11,11,11,11,11,11,1,1,1,1,1,1,1,1,11"
983,13.77,14.43,"3.51,5.23,6.30,7.16,7.98,8.73,9.39,9.99,10.55,11.00,11.39,11.75,12.15,12.55,12.93,13.39,13.73,14.04,14.30,14.62,15.03,15.42,15.73,16.02,16.27,16.51,16.75,16.99,17.23,17.46,17.67,17.89,18.10,18.29,18.47,18.66,18.85,19.03,19.21,19.39,19.57,19.73,19.88,20.04,20.19,20.35,20.50,20.65,20.81,20.95,21.08,21.21,21.35,21.48,21.61,21.75,21.89,22.01,22.13,22.24,22.36,22.48,22.60,22.72","6.62e-02,5.94e-02,1.70e-02,2.59e-06","5,5,5,5","1.77e-01; 3.54e-01; 5.31e-01; 5.95e-01,1.12e-01; 6.92e-01,1.93e-01; 7.42e-01,3.19e-01; 8.26e-01,4.13e-01; 8.94e-01,5.21e-01; 9.70e-01,6.22e-01; 1.06e+00,7.06e-01; 1.16e+00,7.83e-01; 1.13e+00,6.84e-01,3.06e-01; 1.18e+00,6.68e-01,4.56e-01; 1.26e+00,7.33e-01,4.80e-01; 1.33e+00,8.07e-01,5.13e-01; 1.35e+00,7.94e-01,6.85e-01; 1.42e+00,8.75e-01,7.10e-01; 1.50e+00,9.41e-01,7.47e-01; 1.58e+00,9.97e-01,7.85e-01; 1.63e+00,9.91e-01,9.21e-01; 1.67e+00,1.09e+00,9.64e-01; 1.71e+00,1.21e+00,9.70e-01; 1.76e+00,1.30e+00,1.00e+00; 1.82e+00,1.41e+00,1.02e+00; 1.88e+00,1.44e+00,1.10e+00; 1.94e+00,1.53e+00,1.13e+00; 2.00e+00,1.62e+00,1.16e+00; 2.06e+00,1.71e+00,1.18e+00; 2.13e+00,1.79e+00,1.21e+00; 2.18e+00,1.87e+00,1.25e+00; 2.25e+00,1.96e+00,1.28e+00; 2.30e+00,2.00e+00,1.36e+00; 2.36e+00,2.04e+00,1.44e+00; 2.43e+00,2.09e+00,1.50e+00; 2.49e+00,2.17e+00,1.53e+00; 2.55e+00,2.25e+00,1.57e+00; 2.61e+00,2.33e+00,1.60e+00; 2.67e+00,2.41e+00,1.64e+00; 2.73e+00,2.48e+00,1.69e+00; 2.78e+00,2.53e+00,1.77e+00; 2.84e+00,2.57e+00,1.84e+00; 2.90e+00,2.63e+00,1.90e+00; 2.96e+00,2.70e+00,1.94e+00; 3.03e+00,2.78e+00,1.98e+00; 3.09e+00,2.85e+00,2.02e+00; 3.15e+00,2.93e+00,2.06e+00; 3.21e+00,2.98e+00,2.13e+00; 3.26e+00,3.02e+00,2.21e+00; 3.32e+00,3.07e+00,2.28e+00; 3.38e+00,3.12e+00,2.34e+00; 3.44e+00,3.19e+00,2.39e+00; 3.50e+00,3.27e+00,2.43e+00; 3.56e+00,3.34e+00,2.47e+00; 3.62e+00,3.41e+00,2.52e+00; 3.68e+00,3.47e+00,2.58e+00; 3.74e+00,3.51e+00,2.66e+00; 3.79e+00,3.56e+00,2.73e+00; 3.86e+00,3.61e+00,2.79e+00; 3.92e+00,3.68e+00,2.84e+00; 3.98e+00,3.75e+00,2.88e+00; 4.04e+00,3.83e+00,2.93e+00; 4.10e+00,3.90e+00,2.97e+00; 4.15e+00,3.96e+00,3.03e+00; 4.21e+00,4.01e+00,3.10e+00","26,26,26,26,26,26,26,26,26,26,26,10,10,26,26,10,26,26,26,10,10,10,10,10,26,10,10,10,10,10,10,26,26,26,10,10,10,10,10,26,26,26,10,10,10,10,26,26,26,26,10,10,10,10,26,26,26,26,10,10,10,10,10,26"
984,15.41,16.15,"3.42,5.11,6.15,7.13,7.96,8.71,9.36,10.08,10.63,11.19,11.66,12.25,12.71,13.24,13.67,14.16,14.56,15.01,15.34,15.76,16.06,16.44,16.74,17.07,17.34,17.66,17.89,18.17,18.39,18.66,18.88,19.12,19.36,19.57,19.76,19.95,20.12,20.37,20.59,20.82,20.99,21.16,21.34,21.47,21.62,21.80,22.03,22.22,22.37,22.51,22.64,22.77,22.87,23.10,23.34,23.52,23.71,23.83,24.05,24.21,24.40,24.55,24.73,24.88","6.01e-02,5.43e-02,4.57e-02,2.57e-06","5,5,5,5","1.99e-01; 3.97e-01; 5.35e-01,6.05e-02; 5.69e-01,2.25e-01; 6.62e-01,3.31e-01; 7.11e-01,4.41e-01,3.91e-02; 7.64e-01,4.91e-01,1.35e-01; 7.62e-01,4.96e-01,3.31e-01; 8.26e-01,5.55e-01,4.07e-01; 8.63e-01,5.83e-01,4.31e-01,1.10e-01; 9.12e-01,6.05e-01,3.98e-01,2.69e-01; 9.51e-01,5.92e-01,4.56e-01,3.84e-01; 1.02e+00,6.26e-01,5.33e-01,4.06e-01; 1.06e+00,6.78e-01,5.77e-01,4.66e-01; 1.12e+00,7.57e-01,5.88e-01,5.15e-01; 1.17e+00,8.30e-01,6.76e-01,5.05e-01; 1.21e+00,8.63e-01,6.87e-01,6.15e-01; 1.25e+00,8.88e-01,7.58e-01,6.75e-01; 1.32e+00,9.39e-01,8.44e-01,6.68e-01; 1.38e+00,1.00e+00,9.68e-01,6.23e-01; 1.44e+00,1.06e+00,9.97e-01,6.72e-01; 1.49e+00,1.09e+00,1.01e+00,7.77e-01; 1.55e+00,1.16e+00,1.08e+00,7.74e-01; 1.61e+00,1.22e+00,1.16e+00,7.74e-01; 1.69e+00,1.39e+00,1.25e+00,6.40e-01; 1.74e+00,1.46e+00,1.28e+00,6.81e-01; 1.81e+00,1.53e+00,1.34e+00,6.88e-01; 1.91e+00,1.68e+00,1.42e+00,5.47e-01; 1.99e+00,1.77e+00,1.48e+00,5.16e-01; 2.03e+00,1.82e+00,1.49e+00,6.10e-01; 2.10e+00,1.89e+00,1.57e+00,5.91e-01; 2.19e+00,1.97e+00,1.72e+00,4.72e-01; 2.24e+00,2.04e+00,1.74e+00,5.42e-01; 2.26e+00,2.10e+00,1.79e+00,6.05e-01; 2.34e+00,2.16e+00,1.85e+00,5.98e-01; 2.41e+00,2.26e+00,1.94e+00,5.39e-01; 2.49e+00,2.25e+00,1.98e+00,6.26e-01; 2.50e+00,2.29e+00,1.99e+00,7.57e-01; 2.55e+00,2.33e+00,2.04e+00,8.26e-01; 2.60e+00,2.38e+00,2.08e+00,8.82e-01; 2.69e+00,2.42e+00,2.14e+00,8.85e-01; 2.72e+00,2.46e+00,2.21e+00,9.62e-01; 2.77e+00,2.50e+00,2.24e+00,1.03e+00; 2.83e+00,2.55e+00,2.29e+00,1.07e+00; 2.89e+00,2.58e+00,2.32e+00,1.14e+00; 2.95e+00,2.62e+00,2.36e+00,1.22e+00; 3.02e+00,2.64e+00,2.39e+00,1.29e+00; 3.07e+00,2.67e+00,2.45e+00,1.35e+00; 3.11e+00,2.69e+00,2.49e+00,1.45e+00; 3.17e+00,2.73e+00,2.55e+00,1.48e+00; 3.23e+00,2.78e+00,2.60e+00,1.53e+00; 3.29e+00,2.84e+00,2.65e+00,1.55e+00; 3.36e+00,2.93e+00,2.70e+00,1.54e+00; 3.38e+00,2.89e+00,2.68e+00,1.77e+00; 3.42e+00,2.90e+00,2.69e+00,1.90e+00; 3.46e+00,2.89e+00,2.70e+00,2.06e+00; 3.51e+00,2.92e+00,2.75e+00,2.15e+00; 3.56e+00,2.97e+00,2.80e+00,2.18e+00; 3.61e+00,3.01e+00,2.82e+00,2.27e+00; 3.67e+00,3.05e+00,2.86e+00,2.34e+00; 3.72e+00,3.14e+00,2.88e+00,2.38e+00; 3.77e+00,3.14e+00,2.90e+00,2.51e+00; 3.82e+00,3.19e+00,2.93e+00,2.57e+00; 3.87e+00,3.23e+00,2.99e+00,2.61e+00","26,26,26,10,26,10,26,10,26,10,26,10,26,10,26,10,26,10,26,10,26,10,26,10,26,10,26,10,26,10,26,10,10,10,26,10,10,10,26,10,10,26,26,26,10,26,10,26,26,26,26,26,10,10,10,10,26,26,10,26,10,10,10,26"
985,0.87,0.82,"0.02,0.07,0.14,0.23,0.33,0.43,0.53,0.63,0.73,0.84,0.96,1.08,1.20,1.31,1.41,1.51,1.59,1.68,1.78,1.88,1.97,2.07,2.15,2.23,2.29,2.37,2.45,2.53,2.61,2.69,2.76,2.83,2.88,2.94,3.01,3.07,3.14,3.21,3.27,3.33,3.39,3.44,3.50,3.56,3.62,3.68,3.74,3.79,3.84,3.90,3.95,4.00,4.05,4.11,4.16,4.21,4.26,4.31,4.36,4.40,4.45,4.50,4.55,4.60","6.66e-05,6.17e-09,2.67e-09,1.67e-09","5,5,5,5","8.27e-05; 1.65e-04; 2.48e-04; 3.31e-04; 4.14e-04; 4.96e-04; 5.79e-04; 6.62e-04; 7.45e-04; 8.27e-04; 9.10e-04; 9.93e-04; 1.08e-03; 1.16e-03; 1.24e-03; 1.32e-03; 1.41e-03; 1.49e-03; 1.57e-03; 1.65e-03; 1.74e-03; 1.82e-03; 1.90e-03; 1.99e-03; 2.07e-03; 2.15e-03; 2.23e-03; 2.32e-03; 2.40e-03; 2.48e-03; 2.56e-03; 2.65e-03; 2.70e-03,3.08e-05; 2.73e-03,8.36e-05; 2.79e-03,1.10e-04; 2.86e-03,1.16e-04; 2.94e-03,1.17e-04; 3.02e-03,1.28e-04; 3.07e-03,1.57e-04; 3.10e-03,2.10e-04; 3.10e-03,2.92e-04; 3.06e-03,4.18e-04; 3.11e-03,4.52e-04; 3.17e-03,4.69e-04; 3.24e-03,4.81e-04; 3.31e-03,4.97e-04; 3.36e-03,5.28e-04; 3.39e-03,5.80e-04; 3.40e-03,6.59e-04; 3.42e-03,7.19e-04; 3.46e-03,7.58e-04; 3.52e-03,7.78e-04; 3.59e-03,7.93e-04; 3.66e-03,8.11e-04; 3.71e-03,8.42e-04; 3.75e-03,8.88e-04; 3.75e-03,9.64e-04; 3.77e-03,1.02e-03; 3.82e-03,1.07e-03; 3.87e-03,1.09e-03; 3.94e-03,1.11e-03; 4.00e-03,1.13e-03; 4.05e-03,1.16e-03; 4.09e-03,1.20e-03","18,18,18,18,18,18,18,18,18,18,18,18,18,18,18,18,18,18,18,18,18,18,18,18,18,18,18,18,18,18,18,18,18,18,18,18,18,18,18,18,18,18,18,18,18,18,18,18,18,18,18,18,18,18,18,18,18,18,18,18,18,18,18,18"
986,0.70,0.52,"0.01,0.02,0.05,0.08,0.11,0.14,0.17,0.21,0.25,0.30,0.36,0.42,0.48,0.54,0.59,0.63,0.68,0.73,0.80,0.86,0.93,0.98,1.04,1.08,1.12,1.17,1.23,1.29,1.35,1.41,1.45,1.49,1.53,1.58,1.63,1.68,1.74,1.79,1.84,1.87,1.91,1.95,2.00,2.05,2.10,2.15,2.19,2.23,2.26,2.30,2.35,2.39,2.44,2.48,2.52,2.56,2.59,2.63,2.67,2.71,2.75,2.79,2.82,2.86","4.56e-05,3.50e-09,1.42e-09,1.09e-09","4,4,4,4","5.66e-05; 1.13e-04; 1.70e-04; 2.26e-04; 2.83e-04; 3.40e-04; 3.96e-04; 4.53e-04; 5.09e-04; 5.66e-04; 6.23e-04; 6.79e-04; 7.36e-04; 7.92e-04; 8.49e-04; 9.06e-04; 9.62e-04; 1.02e-03; 1.08e-03; 1.13e-03; 1.19e-03; 1.25e-03; 1.30e-03; 1.36e-03; 1.41e-03; 1.47e-03; 1.53e-03; 1.58e-03; 1.64e-03; 1.70e-03; 1.75e-03; 1.81e-03; 1.85e-03,1.52e-05; 1.86e-03,6.89e-05; 1.90e-03,8.27e-05; 1.97e-03,7.15e-05; 2.04e-03,5.61e-05; 2.09e-03,5.66e-05; 2.12e-03,8.65e-05; 2.12e-03,1.45e-04; 2.10e-03,2.22e-04; 2.10e-03,2.72e-04; 2.14e-03,2.91e-04; 2.20e-03,2.85e-04; 2.27e-03,2.74e-04; 2.33e-03,2.73e-04; 2.37e-03,2.94e-04; 2.38e-03,3.41e-04; 2.36e-03,4.08e-04; 2.37e-03,4.58e-04; 2.41e-03,4.80e-04; 2.46e-03,4.81e-04; 2.53e-03,4.71e-04; 2.59e-03,4.68e-04; 2.59e-03,5.18e-04; 2.61e-03,5.58e-04; 2.61e-03,6.18e-04; 2.62e-03,6.66e-04; 2.65e-03,6.93e-04; 2.70e-03,6.99e-04; 2.76e-03,6.96e-04; 2.81e-03,6.95e-04; 2.86e-03,7.09e-04; 2.88e-03,7.42e-04","26,26,26,26,26,26,26,26,26,26,26,26,26,26,26,26,26,26,26,26,26,26,26,26,26,26,26,26,26,26,26,26,26,26,26,26,26,26,26,26,26,26,26,26,26,26,26,26,26,26,26,26,26,26,26,26,26,26,26,26,26,26,26,26"
987,16.98,17.14,"5.47,7.34,8.81,10.22,11.44,12.46,13.30,14.02,14.63,15.20,15.67,16.17,16.60,17.00,17.45,17.88,18.19,18.56,18.95,19.38,19.67,19.87,20.12,20.55,20.76,20.95,21.20,21.54,21.69,21.85,22.06,22.49,22.70,22.86,23.08,23.32,23.43,23.53,23.75,24.04,24.17,24.31,24.49,24.69,24.83,24.92,25.08,25.36,25.47,25.58,25.73,25.92,26.08,26.15,26.26,26.45,26.63,26.74,26.86,27.03,27.16,27.27,27.40,27.53","2.79e-01,2.70e-01,7.23e-03,1.98e-05","0,0,0,0","6.90e-01; 1.38e+00; 1.56e+00,5.09e-01; 1.76e+00,9.99e-01; 2.02e+00,1.43e+00; 2.31e+00,1.83e+00; 2.61e+00,2.21e+00; 2.78e+00,2.37e+00,3.73e-01; 2.94e+00,2.40e+00,8.63e-01; 3.20e+00,2.64e+00,1.05e+00; 3.39e+00,2.77e+00,8.45e-01,5.82e-01; 3.72e+00,2.98e+00,1.58e+00; 3.94e+00,3.04e+00,1.86e+00,1.24e-01; 4.15e+00,3.17e+00,2.02e+00,3.26e-01; 4.51e+00,3.52e+00,2.31e+00; 4.76e+00,3.79e+00,2.49e+00; 4.82e+00,3.83e+00,2.61e+00,4.71e-01; 5.00e+00,3.89e+00,2.58e+00,9.45e-01; 5.21e+00,4.07e+00,3.08e+00,7.47e-01; 5.58e+00,4.34e+00,3.87e+00; 5.82e+00,4.45e+00,4.21e+00; 5.85e+00,4.24e+00,3.81e+00,1.28e+00; 6.06e+00,4.35e+00,3.75e+00,1.70e+00; 6.22e+00,4.66e+00,4.63e+00,1.04e+00; 6.44e+00,4.84e+00,4.56e+00,1.41e+00; 6.67e+00,5.09e+00,4.54e+00,1.63e+00; 6.96e+00,5.31e+00,4.78e+00,1.57e+00; 7.09e+00,5.38e+00,5.36e+00,1.49e+00; 7.35e+00,5.55e+00,5.48e+00,1.62e+00; 7.49e+00,5.39e+00,4.39e+00,3.42e+00; 7.70e+00,5.57e+00,4.11e+00,4.01e+00; 7.93e+00,6.16e+00,5.96e+00,2.01e+00; 8.13e+00,6.28e+00,6.21e+00,2.15e+00; 8.35e+00,6.48e+00,6.31e+00,2.31e+00; 8.58e+00,6.67e+00,6.56e+00,2.33e+00; 8.80e+00,6.94e+00,6.81e+00,2.28e+00; 9.08e+00,7.01e+00,7.01e+00,2.41e+00; 9.35e+00,7.24e+00,7.01e+00,2.62e+00; 9.55e+00,7.43e+00,7.24e+00,2.68e+00; 9.71e+00,7.65e+00,7.61e+00,2.63e+00; 9.91e+00,7.83e+00,7.60e+00,2.94e+00; 1.01e+01,8.08e+00,7.62e+00,3.14e+00; 1.03e+01,8.28e+00,7.85e+00,3.20e+00; 1.06e+01,8.42e+00,8.24e+00,3.14e+00; 1.08e+01,8.59e+00,8.44e+00,3.21e+00; 1.10e+01,8.79e+00,8.47e+00,3.42e+00; 1.13e+01,8.97e+00,8.57e+00,3.62e+00; 1.14e+01,9.10e+00,8.99e+00,3.63e+00; 1.16e+01,9.28e+00,8.93e+00,4.02e+00; 1.18e+01,9.51e+00,8.92e+00,4.28e+00; 1.20e+01,9.70e+00,9.12e+00,4.37e+00; 1.22e+01,9.83e+00,9.57e+00,4.29e+00; 1.24e+01,9.97e+00,9.89e+00,4.30e+00; 1.26e+01,1.01e+01,1.01e+01,4.41e+00; 1.28e+01,1.03e+01,1.01e+01,4.69e+00; 1.30e+01,1.05e+01,1.03e+01,4.89e+00; 1.31e+01,1.06e+01,1.05e+01,5.03e+00; 1.33e+01,1.08e+01,1.06e+01,5.23e+00; 1.36e+01,1.10e+01,1.08e+01,5.31e+00; 1.38e+01,1.12e+01,1.12e+01,5.27e+00; 1.40e+01,1.15e+01,1.13e+01,5.29e+00; 1.42e+01,1.16e+01,1.15e+01,5.42e+00; 1.44e+01,1.18e+01,1.17e+01,5.55e+00; 1.46e+01,1.19e+01,1.19e+01,5.74e+00","24,24,24,24,24,24,24,24,24,24,24,24,24,24,24,24,24,24,24,24,24,24,24,24,24,24,24,24,24,24,24,24,24,24,24,24,24,24,24,24,24,24,24,24,24,24,24,24,24,24,24,24,24,26,24,24,24,24,24,24,24,24,24,24"
988,17.12,17.68,"5.95,7.87,9.16,10.37,11.43,12.37,13.20,13.97,14.57,15.11,15.55,15.95,16.33,16.70,17.07,17.47,17.84,18.16,18.33,18.74,19.00,19.26,19.52,19.80,20.07,20.32,20.57,20.82,21.04,21.25,21.46,21.68,21.83,22.02,22.21,22.41,22.62,22.81,22.99,23.13,23.24,23.38,23.53,23.69,23.86,24.02,24.16,24.27,24.40,24.52,24.64,24.76,24.88,25.00,25.11,25.23,25.37,25.50,25.61,25.70,25.79,25.88,25.98,26.09","4.84e-01,4.60e-01,2.22e-02,3.22e-05","0,0,0,0","1.20e+00; 2.40e+00; 3.08e+00,5.21e-01; 3.43e+00,1.36e+00; 3.91e+00,2.09e+00; 4.40e+00,2.80e+00; 4.89e+00,3.51e+00; 5.37e+00,4.22e+00; 5.70e+00,4.64e+00,4.61e-01; 6.29e+00,5.26e+00,4.44e-01; 6.76e+00,5.66e+00,7.72e-01; 7.64e+00,6.05e+00,7.02e-01; 7.84e+00,6.13e+00,1.62e+00; 8.39e+00,6.59e+00,1.81e+00; 9.33e+00,7.40e+00,1.26e+00; 9.89e+00,7.98e+00,1.32e+00; 1.03e+01,8.25e+00,1.88e+00; 1.02e+01,8.47e+00,2.43e+00,5.04e-01; 1.27e+01,1.01e+01; 1.11e+01,8.96e+00,2.35e+00,1.57e+00; 1.16e+01,9.09e+00,2.70e+00,1.79e+00; 1.22e+01,9.34e+00,3.12e+00,1.77e+00; 1.25e+01,9.68e+00,4.10e+00,1.29e+00; 1.32e+01,1.03e+01,4.81e+00,5.34e-01; 1.42e+01,1.06e+01,3.83e+00,1.26e+00; 1.46e+01,1.10e+01,4.04e+00,1.50e+00; 1.43e+01,1.10e+01,5.45e+00,1.67e+00; 1.56e+01,1.17e+01,6.31e+00; 1.58e+01,1.17e+01,7.26e+00; 1.60e+01,1.18e+01,8.15e+00; 1.65e+01,1.20e+01,8.64e+00; 1.69e+01,1.24e+01,9.05e+00; 1.72e+01,1.23e+01,7.94e+00,2.16e+00; 1.81e+01,1.27e+01,7.27e+00,2.75e+00; 1.86e+01,1.31e+01,7.95e+00,2.35e+00; 1.92e+01,1.36e+01,9.78e+00,5.88e-01; 1.92e+01,1.38e+01,1.13e+01; 1.97e+01,1.40e+01,1.19e+01; 2.01e+01,1.42e+01,1.24e+01; 2.06e+01,1.47e+01,1.27e+01; 2.11e+01,1.45e+01,1.12e+01,2.31e+00; 2.13e+01,1.46e+01,1.06e+01,3.89e+00; 2.18e+01,1.49e+01,1.10e+01,3.89e+00; 2.25e+01,1.55e+01,1.25e+01,2.19e+00; 2.25e+01,1.61e+01,1.43e+01,1.08e+00; 2.32e+01,1.66e+01,1.53e+01; 2.37e+01,1.69e+01,1.58e+01; 2.35e+01,1.68e+01,1.52e+01,1.96e+00; 2.48e+01,1.72e+01,1.54e+01,1.40e+00; 2.52e+01,1.75e+01,1.53e+01,1.95e+00; 2.56e+01,1.79e+01,1.57e+01,1.97e+00; 2.61e+01,1.83e+01,1.64e+01,1.59e+00; 2.66e+01,1.86e+01,1.71e+01,1.36e+00; 2.70e+01,1.89e+01,1.75e+01,1.38e+00; 2.75e+01,1.92e+01,1.79e+01,1.38e+00; 2.79e+01,1.96e+01,1.80e+01,1.70e+00; 2.75e+01,2.01e+01,1.89e+01,1.89e+00; 2.81e+01,2.08e+01,1.95e+01,1.15e+00; 2.86e+01,2.12e+01,2.00e+01,9.72e-01; 2.88e+01,2.13e+01,2.00e+01,1.91e+00; 3.00e+01,2.14e+01,2.00e+01,1.75e+00; 3.03e+01,2.13e+01,1.99e+01,2.81e+00; 3.07e+01,2.17e+01,2.02e+01,2.95e+00; 3.13e+01,2.24e+01,2.10e+01,2.13e+00","33,33,33,33,33,33,33,33,33,33,33,33,33,33,33,33,33,33,33,33,33,33,33,33,33,33,33,33,33,33,33,33,33,33,33,33,33,33,33,33,33,33,33,33,33,33,33,33,33,33,33,33,33,33,33,33,33,33,33,33,33,33,33,33"
989,8.24,8.39,"1.53,2.85,3.76,4.45,4.98,5.47,5.91,6.32,6.69,7.03,7.34,7.63,7.90,8.17,8.43,8.68,8.91,9.13,9.33,9.52,9.70,9.88,10.07,10.25,10.43,10.60,10.75,10.89,11.03,11.17,11.32,11.47,11.61,11.75,11.87,11.99,12.10,12.21,12.33,12.46,12.58,12.70,12.81,12.90,12.99,13.09,13.19,13.30,13.41,13.51,13.61,13.69,13.77,13.85,13.94,14.04,14.13,14.22,14.31,14.38,14.45,14.53,14.60,14.69","2.40e-02,1.81e-03,7.71e-07,4.59e-07","0,0,0,0","3.21e-02; 6.41e-02; 9.62e-02; 1.28e-01; 1.49e-01,1.16e-02; 1.64e-01,2.88e-02; 1.86e-01,3.82e-02; 1.98e-01,5.88e-02; 2.09e-01,7.96e-02; 2.29e-01,9.12e-02; 2.53e-01,1.00e-01; 2.76e-01,1.09e-01; 2.98e-01,1.19e-01; 3.17e-01,1.32e-01; 3.33e-01,1.48e-01; 3.48e-01,1.66e-01; 3.62e-01,1.83e-01; 3.79e-01,1.98e-01; 3.99e-01,2.10e-01; 4.20e-01,2.21e-01; 4.41e-01,2.33e-01; 4.59e-01,2.46e-01; 4.75e-01,2.63e-01; 4.89e-01,2.81e-01; 5.07e-01,2.94e-01; 5.22e-01,3.12e-01; 5.40e-01,3.26e-01; 5.60e-01,3.38e-01; 5.79e-01,3.51e-01; 5.97e-01,3.65e-01; 6.12e-01,3.82e-01; 6.26e-01,4.01e-01; 6.39e-01,4.19e-01; 6.54e-01,4.36e-01; 6.71e-01,4.51e-01; 6.90e-01,4.65e-01; 7.09e-01,4.78e-01; 7.26e-01,4.92e-01; 7.42e-01,5.09e-01; 7.56e-01,5.27e-01; 7.70e-01,5.45e-01; 7.85e-01,5.62e-01; 8.01e-01,5.78e-01; 8.19e-01,5.92e-01; 8.37e-01,6.06e-01; 8.55e-01,6.20e-01; 8.71e-01,6.36e-01; 8.85e-01,6.54e-01; 9.00e-01,6.72e-01; 9.14e-01,6.89e-01; 9.30e-01,7.05e-01; 9.48e-01,7.20e-01; 9.66e-01,7.34e-01; 9.83e-01,7.49e-01; 9.99e-01,7.65e-01; 1.01e+00,7.82e-01; 1.03e+00,8.00e-01; 1.04e+00,8.17e-01; 1.06e+00,8.33e-01; 1.08e+00,8.48e-01; 1.09e+00,8.63e-01; 1.11e+00,8.78e-01; 1.13e+00,8.94e-01; 1.14e+00,9.11e-01","32,32,32,32,32,32,32,32,32,32,32,32,32,32,32,32,32,32,32,32,32,32,32,32,32,32,32,32,32,32,32,32,32,32,32,32,32,32,32,32,32,32,32,32,32,32,32,32,32,32,32,32,32,32,32,32,32,32,32,32,32,32,32,32"
992,2.06,2.26,"0.07,0.25,0.49,0.74,0.98,1.22,1.43,1.63,1.82,2.01,2.20,2.38,2.55,2.70,2.85,2.98,3.11,3.23,3.36,3.49,3.61,3.72,3.83,3.93,4.02,4.11,4.21,4.30,4.39,4.48,4.57,4.64,4.71,4.79,4.86,4.94,5.02,5.09,5.16,5.22,5.28,5.34,5.40,5.46,5.53,5.59,5.65,5.70,5.75,5.84,5.89,5.95,6.00,6.06,6.11,6.17,6.22,6.27,6.32,6.37,6.42,6.47,6.52,6.57","2.79e-04,2.74e-08,1.35e-08,9.68e-09","4,4,4,4","3.46e-04; 6.92e-04; 1.04e-03; 1.38e-03; 1.73e-03; 2.08e-03; 2.42e-03; 2.77e-03; 3.11e-03; 3.46e-03; 3.81e-03; 4.15e-03; 4.50e-03; 4.84e-03; 5.19e-03; 5.54e-03; 5.88e-03; 6.23e-03; 6.57e-03; 6.92e-03; 7.27e-03; 7.61e-03; 7.96e-03; 8.30e-03; 8.65e-03; 9.00e-03; 9.34e-03; 9.69e-03; 1.00e-02; 1.04e-02; 1.07e-02; 1.11e-02; 1.14e-02; 1.18e-02; 1.21e-02; 1.25e-02; 1.28e-02; 1.31e-02; 1.35e-02; 1.38e-02; 1.28e-02,1.43e-03; 1.28e-02,1.76e-03; 1.29e-02,1.95e-03; 1.32e-02,2.07e-03; 1.34e-02,2.15e-03; 1.36e-02,2.29e-03; 1.38e-02,2.51e-03; 1.38e-02,2.83e-03; 1.37e-02,3.29e-03; 1.51e-02,2.17e-03; 1.54e-02,2.23e-03; 1.56e-02,2.35e-03; 1.59e-02,2.40e-03; 1.63e-02,2.42e-03; 1.65e-02,2.57e-03; 1.67e-02,2.64e-03; 1.79e-02,1.84e-03; 1.71e-02,2.97e-03; 1.83e-02,2.09e-03; 1.86e-02,2.16e-03; 1.89e-02,2.19e-03; 1.92e-02,2.24e-03; 1.94e-02,2.36e-03; 1.85e-02,3.63e-03","25,25,25,25,25,25,25,25,25,25,25,25,25,25,25,25,25,25,25,25,25,25,25,25,25,25,25,25,25,25,25,25,25,25,25,25,25,25,25,25,25,25,25,25,25,25,25,25,25,25,25,25,25,25,25,25,25,25,25,25,25,25,25,25"
994,0.02,0.01,"0.00,0.00,0.00,0.00,0.00,0.00,0.00,0.01,0.01,0.01,0.01,0.01,0.02,0.02,0.02,0.02,0.03,0.03,0.03,0.04,0.04,0.05,0.05,0.05,0.06,0.06,0.07,0.07,0.08,0.08,0.09,0.09,0.10,0.10,0.11,0.11,0.12,0.12,0.13,0.14,0.14,0.15,0.15,0.16,0.17,0.18,0.18,0.19,0.19,0.20,0.21,0.21,0.22,0.23,0.24,0.24,0.25,0.26,0.26,0.27,0.28,0.29,0.30,0.30","8.74e-07,4.73e-11,3.48e-11,1.79e-11","4,4,4,4",1.08e-06; 2.17e-06; 3.26e-06; 4.34e-06; 5.43e-06; 6.51e-06; 7.60e-06; 8.68e-06; 9.77e-06; 1.09e-05; 1.19e-05; 1.30e-05; 1.41e-05; 1.52e-05; 1.63e-05; 1.74e-05; 1.85e-05; 1.95e-05; 2.06e-05; 2.17e-05; 2.28e-05; 2.39e-05; 2.50e-05; 2.60e-05; 2.71e-05; 2.82e-05; 2.93e-05; 3.04e-05; 3.15e-05; 3.26e-05; 3.36e-05; 3.47e-05; 3.58e-05; 3.69e-05; 3.80e-05; 3.91e-05; 4.02e-05; 4.12e-05; 4.23e-05; 4.34e-05; 4.45e-05; 4.56e-05; 4.67e-05; 4.78e-05; 4.88e-05; 4.99e-05; 5.10e-05; 5.21e-05; 5.32e-05; 5.43e-05; 5.54e-05; 5.64e-05; 5.75e-05; 5.86e-05; 5.97e-05; 6.08e-05; 6.19e-05; 6.29e-05; 6.40e-05; 6.51e-05; 6.62e-05; 6.73e-05; 6.84e-05; 6.95e-05,"32,32,32,32,32,32,32,32,32,32,32,32,32,32,32,32,32,32,32,32,32,32,32,32,32,32,32,32,32,32,32,32,32,32,32,32,32,32,32,32,32,32,32,32,32,32,32,32,32,32,32,32,32,32,32,32,32,32,32,32,32,32,32,32"
1007,0.42,0.28,"0.00,0.02,0.04,0.07,0.10,0.13,0.17,0.20,0.25,0.30,0.35,0.41,0.47,0.52,0.57,0.62,0.67,0.73,0.79,0.85,0.91,0.96,1.01,1.06,1.11,1.17,1.22,1.28,1.33,1.38,1.43,1.47,1.52,1.57,1.62,1.67,1.72,1.77,1.81,1.85,1.89,1.93,1.98,2.03,2.07,2.11,2.15,2.18,2.22,2.26,2.30,2.35,2.39,2.42,2.46,2.49,2.53,2.56,2.60,2.64,2.68,2.71,2.74,2.77","2.45e-05,1.65e-09,7.21e-10,5.69e-10","5,5,5,5","3.04e-05; 6.07e-05; 9.11e-05; 1.21e-04; 1.52e-04; 1.82e-04; 2.12e-04; 2.43e-04; 2.73e-04; 3.04e-04; 3.34e-04; 3.64e-04; 3.95e-04; 4.25e-04; 4.55e-04; 4.86e-04; 5.16e-04; 5.46e-04; 5.77e-04; 6.07e-04; 6.37e-04; 6.68e-04; 6.98e-04; 7.28e-04; 7.59e-04; 7.89e-04; 8.20e-04; 8.50e-04; 8.80e-04; 9.11e-04; 9.41e-04; 9.71e-04; 1.00e-03; 1.03e-03; 1.06e-03; 1.09e-03; 1.12e-03; 1.15e-03; 1.18e-03; 1.21e-03; 1.24e-03; 1.27e-03; 1.31e-03; 1.34e-03; 1.37e-03; 1.40e-03; 1.43e-03; 1.46e-03; 1.49e-03; 1.52e-03; 1.55e-03; 1.58e-03; 1.61e-03; 1.64e-03; 1.67e-03; 1.70e-03; 1.73e-03; 1.76e-03; 1.79e-03; 1.82e-03; 1.85e-03; 1.88e-03; 1.91e-03; 1.93e-03,9.90e-06","33,33,33,33,33,33,33,33,33,33,33,33,33,33,33,33,33,33,33,33,33,33,33,33,33,33,33,33,33,33,33,33,33,33,33,33,33,33,33,33,33,33,33,33,33,33,33,33,33,33,33,33,33,33,33,33,33,33,33,33,33,33,33,33"
1008,21.99,19.51,"10.82,13.07,14.45,15.45,16.25,16.96,17.55,18.05,18.68,19.09,19.48,19.91,20.32,20.70,21.03,21.33,21.72,21.95,22.21,22.52,22.83,23.11,23.38,23.63,23.92,24.09,24.36,24.69,24.97,25.26,25.41,25.60,25.88,26.00,26.24,26.54,26.73,26.96,27.15,27.40,27.48,27.63,27.91,28.04,28.25,28.38,28.59,28.85,29.00,28.89,29.15,29.41,29.51,29.81,29.89,30.10,30.33,30.37,30.54,30.75,30.92,30.98,31.07,31.33","1.33e+01,1.14e+01,7.08e+00,7.60e-04","12,12,4,12","3.95e+01; 7.89e+01; 1.18e+02; 1.58e+02; 1.72e+02,2.49e+01; 1.81e+02,5.54e+01; 1.97e+02,7.90e+01; 2.14e+02,1.02e+02; 2.18e+02,1.37e+02; 2.36e+02,1.58e+02; 2.56e+02,1.78e+02; 2.74e+02,2.00e+02; 2.91e+02,2.22e+02; 3.09e+02,2.44e+02; 3.28e+02,2.64e+02; 3.46e+02,2.85e+02; 3.62e+02,3.09e+02; 3.77e+02,3.25e+02,8.35e+00; 3.63e+02,3.11e+02,7.51e+01; 3.65e+02,3.14e+02,1.10e+02; 3.69e+02,3.19e+02,1.41e+02; 3.79e+02,3.29e+02,1.60e+02; 3.93e+02,3.44e+02,1.71e+02; 4.05e+02,3.59e+02,1.83e+02; 4.19e+02,3.76e+02,1.92e+02; 4.34e+02,3.91e+02,2.01e+02; 4.43e+02,4.00e+02,2.22e+02; 4.51e+02,4.08e+02,2.46e+02; 4.60e+02,4.18e+02,2.67e+02; 4.73e+02,4.32e+02,2.79e+02; 4.85e+02,4.45e+02,2.93e+02; 4.97e+02,4.59e+02,3.06e+02; 5.11e+02,4.74e+02,3.17e+02; 5.24e+02,4.87e+02,3.31e+02; 5.35e+02,4.98e+02,3.49e+02; 5.48e+02,5.11e+02,3.62e+02; 5.57e+02,5.21e+02,3.82e+02; 5.68e+02,5.33e+02,3.98e+02; 5.81e+02,5.47e+02,4.11e+02; 5.94e+02,5.62e+02,4.23e+02; 6.08e+02,5.76e+02,4.35e+02; 6.22e+02,5.90e+02,4.46e+02; 6.34e+02,6.02e+02,4.61e+02; 6.49e+02,6.18e+02,4.70e+02; 6.60e+02,6.30e+02,4.87e+02; 6.70e+02,6.40e+02,5.05e+02; 6.82e+02,6.53e+02,5.20e+02; 6.95e+02,6.68e+02,5.32e+02; 7.09e+02,6.81e+02,5.44e+02; 7.20e+02,6.92e+02,5.62e+02; 7.39e+02,7.13e+02,5.61e+02; 7.51e+02,7.24e+02,5.77e+02; 7.60e+02,7.34e+02,5.98e+02; 7.71e+02,7.46e+02,6.14e+02; 7.84e+02,7.59e+02,6.27e+02; 7.97e+02,7.74e+02,6.39e+02; 8.10e+02,7.88e+02,6.52e+02; 8.34e+02,8.12e+02,6.43e+02; 8.46e+02,8.24e+02,6.58e+02; 8.51e+02,8.29e+02,6.87e+02; 8.61e+02,8.39e+02,7.08e+02; 8.59e+02,8.37e+02,7.08e+02,4.23e+01; 8.63e+02,8.42e+02,7.13e+02,6.83e+01; 9.15e+02,8.94e+02,7.17e+02","38,38,38,38,38,38,38,38,38,38,38,38,38,38,38,38,38,38,32,32,32,32,38,38,38,38,32,32,32,38,34,38,38,38,32,32,32,32,38,38,38,38,38,34,38,34,32,38,36,32,38,32,38,32,38,38,32,32,38,32,38,32,36,36"
