ue,C_AE,C_UE,C_BS_hist,lambda_UE,ue_beams,lambda_BS_per_layer,bs_beams
313,12.81,12.58,"5.98,8.21,9.55,10.48,11.16,11.66,12.03,12.30,12.63,13.00,13.36,13.70,14.01,14.32,14.63,14.95,15.25,15.53,15.77,16.00,16.23,16.46,16.69,16.95,17.19,17.40,17.59,17.73,17.87,18.00,18.16,18.33,18.51,18.65,18.78,18.89,19.01,19.13,19.27,19.41,19.57,19.71,19.82,19.92,20.02,20.13,20.25,20.38,20.52,20.64,20.74,20.83,20.93,21.02,21.13,21.24,21.37,21.48,21.57,21.66,21.73,21.82,21.91,22.01","3.51e-01,6.99e-02,1.40e-05,5.00e-06","12,12,12,12","5.23e-01; 1.05e+00; 1.57e+00; 2.09e+00; 2.61e+00; 3.14e+00; 3.66e+00; 4.18e+00; 4.07e+00,6.28e-01; 4.21e+00,1.01e+00; 4.45e+00,1.30e+00; 4.71e+00,1.56e+00; 4.93e+00,1.86e+00; 5.08e+00,2.24e+00; 5.17e+00,2.67e+00; 5.24e+00,3.12e+00; 5.39e+00,3.49e+00; 5.60e+00,3.80e+00; 5.85e+00,4.08e+00; 6.11e+00,4.34e+00; 6.36e+00,4.61e+00; 6.59e+00,4.90e+00; 6.80e+00,5.22e+00; 6.99e+00,5.55e+00; 7.19e+00,5.87e+00; 7.42e+00,6.16e+00; 7.67e+00,6.43e+00; 7.87e+00,6.61e+00,1.51e-01; 8.05e+00,6.78e+00,3.21e-01; 8.16e+00,6.92e+00,5.92e-01; 8.29e+00,7.09e+00,8.18e-01; 8.41e+00,7.29e+00,1.02e+00; 8.56e+00,7.51e+00,1.18e+00; 8.70e+00,7.68e+00,1.38e+00; 8.84e+00,7.83e+00,1.61e+00; 8.99e+00,7.97e+00,1.85e+00; 9.13e+00,8.11e+00,2.09e+00; 9.28e+00,8.27e+00,2.30e+00; 9.43e+00,8.45e+00,2.50e+00; 9.58e+00,8.65e+00,2.67e+00; 9.75e+00,8.86e+00,2.82e+00; 9.91e+00,9.04e+00,3.00e+00; 1.01e+01,9.21e+00,3.19e+00; 1.02e+01,9.36e+00,3.40e+00; 1.04e+01,9.52e+00,3.61e+00; 1.05e+01,9.68e+00,3.81e+00; 1.07e+01,9.85e+00,4.00e+00; 1.09e+01,1.00e+01,4.17e+00; 1.10e+01,1.03e+01,4.32e+00; 1.12e+01,1.04e+01,4.49e+00; 1.14e+01,1.06e+01,4.68e+00; 1.15e+01,1.08e+01,4.87e+00; 1.17e+01,1.09e+01,5.07e+00; 1.19e+01,1.11e+01,5.27e+00; 1.20e+01,1.13e+01,5.45e+00; 1.22e+01,1.15e+01,5.62e+00; 1.24e+01,1.17e+01,5.77e+00; 1.25e+01,1.18e+01,5.94e+00; 1.27e+01,1.20e+01,6.12e+00; 1.29e+01,1.22e+01,6.31e+00; 1.30e+01,1.23e+01,6.51e+00; 1.32e+01,1.25e+01,6.70e+00; 1.34e+01,1.27e+01,6.88e+00; 1.35e+01,1.29e+01,7.05e+00","32,32,32,32,32,32,32,32,32,32,32,32,32,32,32,32,32,32,32,32,32,32,32,32,32,32,32,32,32,32,32,32,32,32,32,32,32,32,32,32,32,32,32,32,32,32,32,32,32,32,32,32,32,32,32,32,32,32,32,32,32,32,32,32"
314,12.00,11.39,"4.86,7.03,8.34,9.26,9.95,10.47,10.85,11.08,11.29,11.56,11.82,12.09,12.33,12.56,12.75,12.91,13.08,13.26,13.45,13.64,13.83,14.00,14.15,14.27,14.40,14.54,14.68,14.83,14.98,15.12,15.23,15.34,15.44,15.55,15.67,15.79,15.91,16.03,16.13,16.22,16.27,16.35,16.42,16.52,16.62,16.69,16.74,16.76,16.79,16.81,16.87,16.96,17.04,17.11,17.43,17.50,17.54,17.61,17.70,17.78,17.86,17.94,18.02,18.06","2.09e-01,3.21e-02,1.10e-05,4.79e-06","0,0,0,0","2.99e-01; 5.98e-01; 8.98e-01; 1.20e+00; 1.50e+00; 1.80e+00; 2.06e+00,3.62e-02; 2.22e+00,1.76e-01; 2.31e+00,3.84e-01; 2.46e+00,5.28e-01; 2.56e+00,7.29e-01; 2.69e+00,9.01e-01; 2.81e+00,1.08e+00; 2.94e+00,1.25e+00; 3.08e+00,1.40e+00; 3.23e+00,1.56e+00; 3.38e+00,1.71e+00; 3.52e+00,1.87e+00; 3.66e+00,2.03e+00; 3.80e+00,2.19e+00; 3.94e+00,2.35e+00; 4.08e+00,2.51e+00; 4.22e+00,2.66e+00; 4.37e+00,2.81e+00; 4.52e+00,2.96e+00; 4.67e+00,3.11e+00; 4.81e+00,3.27e+00; 4.95e+00,3.43e+00; 5.09e+00,3.58e+00; 5.24e+00,3.74e+00; 5.38e+00,3.89e+00; 5.53e+00,4.04e+00; 5.68e+00,4.19e+00; 5.83e+00,4.35e+00; 5.97e+00,4.50e+00; 6.11e+00,4.66e+00; 6.26e+00,4.81e+00; 6.40e+00,4.97e+00; 6.55e+00,5.12e+00; 6.69e+00,5.28e+00; 6.85e+00,5.42e+00; 6.97e+00,5.55e+00,4.58e-02; 7.08e+00,5.67e+00,1.23e-01; 7.21e+00,5.81e+00,1.39e-01; 7.35e+00,5.96e+00,1.49e-01; 7.46e+00,6.08e+00,2.22e-01; 7.54e+00,6.17e+00,3.52e-01; 7.66e+00,6.28e+00,4.27e-01; 7.78e+00,6.39e+00,4.96e-01; 7.90e+00,6.49e+00,5.70e-01; 7.99e+00,6.60e+00,6.68e-01; 8.12e+00,6.74e+00,7.00e-01; 8.26e+00,6.88e+00,7.18e-01; 8.37e+00,7.00e+00,7.86e-01; 9.08e+00,7.38e+00; 9.26e+00,7.49e+00; 9.43e+00,7.63e+00; 9.61e+00,7.75e+00; 9.77e+00,7.89e+00; 9.92e+00,8.04e+00; 1.01e+01,8.19e+00; 1.02e+01,8.33e+00; 1.03e+01,8.41e+00,1.22e-01; 1.04e+01,8.45e+00,2.95e-01","32,32,32,32,32,32,32,32,32,32,32,32,32,32,32,32,32,32,32,32,32,32,32,32,32,32,32,32,32,32,32,32,32,32,32,32,32,32,32,32,38,32,32,32,32,32,32,38,15,38,32,32,32,32,38,32,38,32,32,32,32,32,32,38"
315,1.04,1.07,"0.01,0.05,0.11,0.18,0.26,0.34,0.42,0.49,0.58,0.68,0.78,0.89,0.99,1.08,1.17,1.24,1.32,1.41,1.50,1.59,1.68,1.76,1.83,1.90,1.96,2.03,2.11,2.19,2.26,2.33,2.39,2.45,2.50,2.56,2.63,2.69,2.76,2.82,2.87,2.92,2.96,3.02,3.07,3.13,3.18,3.24,3.29,3.33,3.37,3.42,3.47,3.52,3.57,3.62,3.66,3.70,3.74,3.79,3.83,3.87,3.92,3.96,4.00,4.04","7.75e-05,4.72e-09,1.64e-09,1.26e-09","4,4,4,4","9.63e-05; 1.93e-04; 2.89e-04; 3.85e-04; 4.81e-04; 5.78e-04; 6.74e-04; 7.70e-04; 8.66e-04; 9.63e-04; 1.06e-03; 1.16e-03; 1.25e-03; 1.35e-03; 1.44e-03; 1.54e-03; 1.64e-03; 1.73e-03; 1.83e-03; 1.93e-03; 2.02e-03; 2.12e-03; 2.21e-03; 2.31e-03; 2.41e-03; 2.50e-03; 2.60e-03; 2.70e-03; 2.79e-03; 2.89e-03; 2.98e-03; 3.08e-03; 3.18e-03; 3.27e-03; 3.37e-03; 3.47e-03; 3.56e-03; 3.66e-03; 3.75e-03; 3.84e-03,7.58e-06; 3.88e-03,6.67e-05; 3.94e-03,1.05e-04; 4.02e-03,1.15e-04; 4.13e-03,1.09e-04; 4.23e-03,1.02e-04; 4.32e-03,1.10e-04; 4.38e-03,1.41e-04; 4.42e-03,1.97e-04; 4.30e-03,4.19e-04; 4.34e-03,4.75e-04; 4.41e-03,4.97e-04; 4.50e-03,5.07e-04; 4.59e-03,5.10e-04; 4.67e-03,5.29e-04; 4.72e-03,5.73e-04; 4.76e-03,6.35e-04; 4.78e-03,7.05e-04; 4.83e-03,7.53e-04; 4.90e-03,7.80e-04; 4.99e-03,7.90e-04; 5.07e-03,8.02e-04; 5.15e-03,8.19e-04; 5.21e-03,8.54e-04; 5.25e-03,9.12e-04","25,25,25,25,25,25,25,25,25,25,25,25,25,25,25,25,25,25,25,25,25,25,25,25,25,25,25,25,25,25,25,25,25,25,25,25,25,25,25,25,25,25,25,25,25,25,25,25,25,25,25,25,25,25,25,25,25,25,25,25,25,25,25,25"
316,1.01,1.01,"0.01,0.05,0.10,0.16,0.22,0.29,0.35,0.41,0.48,0.57,0.67,0.77,0.86,0.95,1.02,1.08,1.14,1.22,1.31,1.40,1.49,1.57,1.63,1.69,1.74,1.81,1.89,1.97,2.04,2.11,2.17,2.23,2.28,2.34,2.41,2.47,2.54,2.60,2.66,2.71,2.76,2.81,2.87,2.93,2.98,3.04,3.09,3.14,3.18,3.23,3.28,3.33,3.38,3.43,3.48,3.52,3.56,3.60,3.65,3.69,3.74,3.78,3.83,3.87","7.26e-05,4.52e-09,1.42e-09,1.24e-09","4,4,4,4","9.01e-05; 1.80e-04; 2.70e-04; 3.60e-04; 4.51e-04; 5.41e-04; 6.31e-04; 7.21e-04; 8.11e-04; 9.01e-04; 9.91e-04; 1.08e-03; 1.17e-03; 1.26e-03; 1.35e-03; 1.44e-03; 1.53e-03; 1.62e-03; 1.71e-03; 1.80e-03; 1.89e-03; 1.98e-03; 2.07e-03; 2.11e-03,5.62e-05; 2.09e-03,1.59e-04; 2.12e-03,2.23e-04; 2.20e-03,2.35e-04; 2.31e-03,2.18e-04; 2.40e-03,2.11e-04; 2.46e-03,2.40e-04; 2.49e-03,3.03e-04; 2.50e-03,3.84e-04; 2.51e-03,4.69e-04; 2.53e-03,5.30e-04; 2.60e-03,5.51e-04; 2.70e-03,5.42e-04; 2.76e-03,5.71e-04; 2.83e-03,5.95e-04; 2.87e-03,6.47e-04; 2.89e-03,7.16e-04; 2.90e-03,7.90e-04; 2.93e-03,8.52e-04; 3.00e-03,8.78e-04; 3.08e-03,8.81e-04; 3.17e-03,8.82e-04; 3.24e-03,9.02e-04; 3.29e-03,9.45e-04; 3.32e-03,1.01e-03; 3.34e-03,1.08e-03; 3.37e-03,1.14e-03; 3.43e-03,1.17e-03; 3.51e-03,1.18e-03; 3.60e-03,1.18e-03; 3.67e-03,1.19e-03; 3.72e-03,1.23e-03; 3.75e-03,1.29e-03; 3.78e-03,1.36e-03; 3.81e-03,1.42e-03; 3.86e-03,1.45e-03; 3.94e-03,1.46e-03; 4.03e-03,1.47e-03; 4.10e-03,1.48e-03; 4.15e-03,1.52e-03; 4.19e-03,1.58e-03","25,25,25,25,25,25,25,25,25,25,25,25,25,25,25,25,25,25,25,25,25,25,25,25,25,25,25,25,25,25,25,25,25,25,25,25,25,25,25,25,25,25,25,25,25,25,25,25,25,25,25,25,25,25,25,25,25,25,25,25,25,25,25,25"
317,14.28,12.54,"3.54,5.57,6.82,7.68,8.36,8.97,9.53,10.08,10.53,10.98,11.42,11.86,12.28,12.67,13.02,13.32,13.60,13.85,14.14,14.43,14.70,14.97,15.21,15.42,15.63,15.86,16.07,16.28,16.50,16.70,16.87,17.06,17.22,17.37,17.55,17.72,17.89,18.05,18.21,18.36,18.49,18.64,18.78,18.92,19.06,19.22,19.38,19.57,19.73,19.87,20.00,20.13,20.26,20.40,20.57,20.75,20.90,21.04,21.16,21.28,21.39,21.52,21.66,21.83","5.00e-02,4.72e-02,3.66e-06,2.09e-06","12,4,12,4","1.21e-01; 2.41e-01; 3.62e-01; 4.52e-01,3.05e-02; 4.91e-01,1.12e-01; 5.42e-01,1.82e-01; 5.62e-01,2.83e-01; 6.05e-01,3.60e-01; 6.71e-01,4.15e-01; 7.35e-01,4.72e-01; 8.04e-01,5.24e-01; 8.49e-01,5.99e-01; 8.93e-01,6.76e-01; 9.45e-01,7.44e-01; 1.00e+00,8.10e-01; 1.06e+00,8.73e-01; 1.14e+00,9.15e-01; 1.11e+00,9.22e-01,1.41e-01; 1.14e+00,9.54e-01,1.97e-01; 1.18e+00,9.93e-01,2.37e-01; 1.23e+00,1.04e+00,2.70e-01; 1.29e+00,1.11e+00,2.62e-01; 1.34e+00,1.16e+00,2.79e-01; 1.37e+00,1.20e+00,3.25e-01; 1.48e+00,1.23e+00,3.10e-01; 1.64e+00,1.32e+00,1.83e-01; 1.59e+00,1.31e+00,3.58e-01; 1.64e+00,1.35e+00,3.87e-01; 1.70e+00,1.41e+00,3.97e-01; 1.86e+00,1.52e+00,2.34e-01; 1.80e+00,1.52e+00,4.26e-01; 1.97e+00,1.63e+00,2.67e-01; 2.00e+00,1.61e+00,3.69e-01; 1.95e+00,1.60e+00,5.55e-01; 2.01e+00,1.65e+00,5.68e-01; 2.16e+00,1.72e+00,4.61e-01; 2.21e+00,1.77e+00,4.83e-01; 2.26e+00,1.82e+00,5.10e-01; 2.31e+00,1.88e+00,5.11e-01; 2.37e+00,1.94e+00,5.23e-01; 2.37e+00,1.91e+00,6.42e-01,2.66e-02; 2.37e+00,1.91e+00,7.02e-01,8.88e-02; 2.39e+00,1.92e+00,7.22e-01,1.56e-01; 2.42e+00,1.95e+00,7.48e-01,1.90e-01; 2.44e+00,1.97e+00,7.54e-01,2.64e-01; 2.44e+00,1.98e+00,7.80e-01,3.49e-01; 2.42e+00,1.96e+00,7.81e-01,5.11e-01; 2.39e+00,1.93e+00,9.01e-01,5.73e-01; 2.39e+00,1.93e+00,1.04e+00,5.64e-01; 2.40e+00,1.93e+00,1.09e+00,6.09e-01; 2.42e+00,1.95e+00,1.12e+00,6.67e-01; 2.46e+00,1.98e+00,1.15e+00,6.93e-01; 2.49e+00,2.00e+00,1.19e+00,7.14e-01; 2.51e+00,2.03e+00,1.24e+00,7.28e-01; 2.53e+00,2.04e+00,1.32e+00,7.48e-01; 2.53e+00,2.05e+00,1.43e+00,7.49e-01; 2.55e+00,2.06e+00,1.52e+00,7.53e-01; 2.56e+00,2.07e+00,1.57e+00,8.05e-01; 2.59e+00,2.09e+00,1.60e+00,8.40e-01; 2.62e+00,2.11e+00,1.63e+00,8.78e-01; 2.66e+00,2.14e+00,1.67e+00,8.97e-01; 2.69e+00,2.17e+00,1.71e+00,9.16e-01; 2.71e+00,2.19e+00,1.77e+00,9.28e-01; 2.73e+00,2.21e+00,1.85e+00,9.39e-01","39,39,39,39,39,39,25,25,39,39,39,25,25,25,25,25,39,39,39,39,39,25,25,25,25,39,39,39,39,25,39,25,25,39,39,39,39,39,25,25,25,39,39,39,39,39,39,39,39,39,39,39,39,39,39,39,39,39,39,25,39,39,39,39"
318,14.12,12.10,"3.45,5.50,6.77,7.67,8.34,8.83,9.16,9.49,9.86,10.22,10.59,11.04,11.59,11.99,12.29,12.46,12.54,12.80,13.10,13.37,13.67,13.85,14.15,14.35,14.52,14.72,14.92,15.13,15.34,15.54,15.72,15.89,16.04,16.20,16.37,16.54,16.70,16.86,17.02,17.16,17.30,17.44,17.58,17.72,17.86,17.99,18.12,18.24,18.37,18.49,18.61,18.73,18.85,18.97,19.08,19.19,19.30,19.41,19.52,19.62,19.73,19.83,19.93,20.03","6.16e-02,5.69e-02,4.96e-06,1.92e-06","0,0,0,0","1.47e-01; 2.94e-01; 4.41e-01; 5.88e-01; 7.35e-01; 8.73e-01,8.94e-03; 9.52e-01,7.68e-02; 7.58e-01,4.17e-01; 8.40e-01,4.82e-01; 9.21e-01,5.49e-01; 9.68e-01,6.07e-01,4.13e-02; 9.71e-01,7.25e-01,6.70e-02; 1.07e+00,8.41e-01; 1.13e+00,9.24e-01; 1.21e+00,9.90e-01; 1.30e+00,1.06e+00; 1.32e+00,1.02e+00,1.54e-01; 1.39e+00,1.08e+00,1.80e-01; 1.45e+00,1.15e+00,1.92e-01; 1.52e+00,1.21e+00,2.11e-01; 1.59e+00,1.29e+00,2.04e-01; 1.55e+00,1.31e+00,3.67e-01; 1.70e+00,1.40e+00,2.82e-01; 1.74e+00,1.43e+00,3.56e-01; 1.78e+00,1.42e+00,4.75e-01; 1.84e+00,1.47e+00,5.14e-01; 1.90e+00,1.52e+00,5.49e-01; 1.96e+00,1.59e+00,5.65e-01; 2.02e+00,1.67e+00,5.69e-01; 2.08e+00,1.74e+00,5.92e-01; 2.12e+00,1.79e+00,6.41e-01; 2.17e+00,1.83e+00,7.05e-01; 2.20e+00,1.83e+00,8.27e-01; 2.26e+00,1.88e+00,8.63e-01; 2.32e+00,1.93e+00,8.98e-01; 2.37e+00,1.98e+00,9.32e-01; 2.43e+00,2.04e+00,9.67e-01; 2.49e+00,2.11e+00,9.87e-01; 2.54e+00,2.16e+00,1.02e+00; 2.59e+00,2.21e+00,1.07e+00; 2.63e+00,2.21e+00,1.19e+00; 2.67e+00,2.23e+00,1.27e+00; 2.72e+00,2.29e+00,1.31e+00; 2.78e+00,2.34e+00,1.35e+00; 2.84e+00,2.39e+00,1.38e+00; 2.89e+00,2.46e+00,1.41e+00; 2.94e+00,2.52e+00,1.44e+00; 2.99e+00,2.57e+00,1.49e+00; 3.03e+00,2.58e+00,1.59e+00; 3.07e+00,2.60e+00,1.67e+00; 3.12e+00,2.65e+00,1.73e+00; 3.17e+00,2.70e+00,1.77e+00; 3.23e+00,2.75e+00,1.81e+00; 3.29e+00,2.80e+00,1.85e+00; 3.34e+00,2.86e+00,1.89e+00; 3.38e+00,2.91e+00,1.93e+00; 3.42e+00,2.93e+00,2.02e+00; 3.46e+00,2.96e+00,2.10e+00; 3.51e+00,3.00e+00,2.15e+00; 3.57e+00,3.05e+00,2.19e+00; 3.62e+00,3.11e+00,2.23e+00; 3.68e+00,3.16e+00,2.28e+00; 3.73e+00,3.21e+00,2.32e+00; 3.78e+00,3.27e+00,2.36e+00","47,47,47,47,47,47,47,33,47,47,33,33,33,33,47,63,33,47,33,47,33,33,33,33,33,47,47,33,33,33,33,33,33,47,47,47,47,33,33,33,33,33,47,47,47,33,33,33,33,33,33,47,47,47,33,33,33,33,33,47,47,47,33,33"
319,18.54,14.95,"2.46,4.65,6.65,8.06,9.21,10.03,10.76,11.40,12.02,12.68,13.30,13.87,14.40,14.88,15.32,15.71,16.07,16.47,16.85,17.21,17.55,17.87,18.17,18.45,18.70,18.99,19.26,19.52,19.77,20.01,20.24,20.45,20.65,20.88,21.00,21.02,21.28,21.39,21.50,21.65,21.74,21.84,21.93,22.11,22.29,22.50,22.65,22.81,22.96,23.14,23.31,23.48,23.65,23.82,23.99,24.16,24.32,24.49,24.65,24.82,24.97,25.13,25.29,25.45","4.02e-02,3.98e-02,3.19e-02,2.70e-06","3,3,3,3","1.39e-01; 1.87e-01,9.03e-02; 2.46e-01,1.71e-01; 3.14e-01,2.42e-01; 3.80e-01,3.14e-01; 4.18e-01,3.47e-01,6.90e-02; 4.56e-01,3.65e-01,1.51e-01; 4.98e-01,3.94e-01,2.19e-01; 5.49e-01,4.30e-01,2.71e-01; 5.95e-01,4.77e-01,3.17e-01; 6.45e-01,5.32e-01,3.51e-01; 6.96e-01,5.87e-01,3.83e-01; 7.46e-01,6.41e-01,4.18e-01; 7.92e-01,6.86e-01,4.66e-01; 8.35e-01,7.27e-01,5.22e-01; 8.77e-01,7.66e-01,5.79e-01; 9.22e-01,8.06e-01,6.34e-01; 9.66e-01,8.49e-01,6.86e-01; 1.01e+00,8.98e-01,7.28e-01; 1.06e+00,9.49e-01,7.66e-01; 1.11e+00,1.00e+00,8.05e-01; 1.16e+00,1.05e+00,8.50e-01; 1.20e+00,1.09e+00,8.99e-01; 1.25e+00,1.14e+00,9.51e-01; 1.29e+00,1.18e+00,1.00e+00; 1.34e+00,1.22e+00,1.05e+00; 1.38e+00,1.27e+00,1.10e+00; 1.43e+00,1.32e+00,1.14e+00; 1.48e+00,1.37e+00,1.18e+00; 1.53e+00,1.42e+00,1.23e+00; 1.57e+00,1.46e+00,1.27e+00; 1.62e+00,1.51e+00,1.32e+00; 1.67e+00,1.55e+00,1.37e+00; 1.72e+00,1.59e+00,1.41e+00,1.08e-03; 1.77e+00,1.64e+00,1.45e+00,9.51e-03; 1.71e+00,1.60e+00,1.41e+00,2.75e-01; 1.81e+00,1.68e+00,1.45e+00,1.89e-01; 1.86e+00,1.72e+00,1.49e+00,2.11e-01; 1.90e+00,1.76e+00,1.52e+00,2.36e-01; 1.93e+00,1.78e+00,1.55e+00,2.96e-01; 1.97e+00,1.82e+00,1.58e+00,3.21e-01; 2.01e+00,1.86e+00,1.62e+00,3.49e-01; 1.97e+00,1.83e+00,1.60e+00,5.81e-01; 2.01e+00,1.86e+00,1.62e+00,6.26e-01; 2.05e+00,1.90e+00,1.63e+00,6.66e-01; 2.13e+00,1.97e+00,1.66e+00,6.31e-01; 2.15e+00,1.98e+00,1.66e+00,7.33e-01; 2.17e+00,2.00e+00,1.68e+00,8.16e-01; 2.20e+00,2.02e+00,1.69e+00,8.93e-01; 2.23e+00,2.04e+00,1.72e+00,9.55e-01; 2.26e+00,2.07e+00,1.74e+00,1.02e+00; 2.29e+00,2.10e+00,1.75e+00,1.08e+00; 2.32e+00,2.13e+00,1.77e+00,1.15e+00; 2.35e+00,2.16e+00,1.78e+00,1.21e+00; 2.38e+00,2.19e+00,1.80e+00,1.26e+00; 2.41e+00,2.21e+00,1.83e+00,1.32e+00; 2.45e+00,2.24e+00,1.86e+00,1.37e+00; 2.48e+00,2.27e+00,1.89e+00,1.42e+00; 2.51e+00,2.30e+00,1.92e+00,1.46e+00; 2.55e+00,2.34e+00,1.94e+00,1.51e+00; 2.58e+00,2.37e+00,1.97e+00,1.55e+00; 2.61e+00,2.41e+00,1.99e+00,1.60e+00; 2.65e+00,2.44e+00,2.02e+00,1.65e+00; 2.68e+00,2.47e+00,2.04e+00,1.70e+00","40,40,40,40,40,40,24,24,24,40,40,40,40,24,24,24,24,24,40,40,40,40,24,24,24,24,40,40,40,40,24,24,24,24,38,40,24,38,38,40,38,56,40,40,40,24,24,24,24,24,24,24,24,24,24,24,24,24,24,24,24,24,24,24"
320,18.99,15.89,"3.39,6.38,8.74,10.31,11.61,12.75,13.77,14.68,15.45,16.25,16.96,17.58,18.15,18.67,19.21,19.73,20.19,20.67,21.10,21.50,21.90,22.29,22.65,23.04,23.41,23.77,24.08,24.40,24.70,25.01,25.29,25.58,25.90,26.19,26.44,26.69,26.95,27.21,27.44,27.68,27.98,28.23,28.44,28.66,28.89,29.12,29.33,29.54,29.82,30.06,30.25,30.45,30.66,30.87,31.08,31.28,31.52,31.73,31.91,32.09,32.27,32.46,32.64,32.83","4.28e-02,4.24e-02,3.57e-02,3.19e-06","1,1,15,1","1.50e-01; 1.62e-01,1.38e-01; 2.32e-01,2.19e-01; 3.07e-01,2.93e-01; 3.41e-01,3.25e-01,8.45e-02; 3.81e-01,3.57e-01,1.63e-01; 4.23e-01,3.94e-01,2.34e-01; 4.63e-01,4.31e-01,3.07e-01; 5.12e-01,4.78e-01,3.61e-01; 5.59e-01,5.26e-01,4.15e-01; 6.10e-01,5.79e-01,4.63e-01; 6.64e-01,6.33e-01,5.04e-01; 7.13e-01,6.81e-01,5.35e-01,2.16e-02; 7.30e-01,7.01e-01,5.72e-01,9.82e-02; 7.71e-01,7.42e-01,6.24e-01,1.14e-01; 8.03e-01,7.72e-01,6.61e-01,1.66e-01; 8.37e-01,8.03e-01,6.88e-01,2.24e-01; 8.78e-01,8.44e-01,7.33e-01,2.46e-01; 9.20e-01,8.87e-01,7.72e-01,2.72e-01; 9.61e-01,9.27e-01,8.03e-01,3.11e-01; 1.00e+00,9.66e-01,8.33e-01,3.52e-01; 1.04e+00,1.01e+00,8.71e-01,3.83e-01; 1.08e+00,1.05e+00,9.17e-01,4.04e-01; 1.12e+00,1.09e+00,9.60e-01,4.36e-01; 1.16e+00,1.12e+00,9.87e-01,4.92e-01; 1.22e+00,1.17e+00,1.04e+00,4.75e-01; 1.26e+00,1.22e+00,1.08e+00,5.03e-01; 1.29e+00,1.25e+00,1.11e+00,5.48e-01; 1.33e+00,1.29e+00,1.14e+00,5.98e-01; 1.36e+00,1.33e+00,1.17e+00,6.39e-01; 1.40e+00,1.37e+00,1.22e+00,6.66e-01; 1.44e+00,1.40e+00,1.26e+00,6.99e-01; 1.47e+00,1.43e+00,1.28e+00,7.73e-01; 1.51e+00,1.47e+00,1.32e+00,8.08e-01; 1.55e+00,1.51e+00,1.36e+00,8.39e-01; 1.58e+00,1.54e+00,1.40e+00,8.79e-01; 1.62e+00,1.58e+00,1.43e+00,9.25e-01; 1.66e+00,1.62e+00,1.46e+00,9.69e-01; 1.70e+00,1.66e+00,1.50e+00,1.00e+00; 1.73e+00,1.69e+00,1.54e+00,1.03e+00; 1.76e+00,1.72e+00,1.57e+00,1.10e+00; 1.80e+00,1.75e+00,1.61e+00,1.15e+00; 1.84e+00,1.79e+00,1.64e+00,1.18e+00; 1.87e+00,1.83e+00,1.68e+00,1.22e+00; 1.91e+00,1.87e+00,1.71e+00,1.26e+00; 1.95e+00,1.90e+00,1.74e+00,1.31e+00; 1.98e+00,1.94e+00,1.78e+00,1.35e+00; 2.02e+00,1.98e+00,1.82e+00,1.38e+00; 2.05e+00,2.01e+00,1.85e+00,1.45e+00; 2.08e+00,2.04e+00,1.89e+00,1.49e+00; 2.12e+00,2.08e+00,1.92e+00,1.53e+00; 2.16e+00,2.12e+00,1.96e+00,1.57e+00; 2.20e+00,2.15e+00,1.99e+00,1.62e+00; 2.23e+00,2.19e+00,2.02e+00,1.66e+00; 2.27e+00,2.22e+00,2.06e+00,1.71e+00; 2.30e+00,2.26e+00,2.10e+00,1.74e+00; 2.34e+00,2.29e+00,2.13e+00,1.80e+00; 2.37e+00,2.33e+00,2.17e+00,1.84e+00; 2.41e+00,2.36e+00,2.20e+00,1.88e+00; 2.44e+00,2.40e+00,2.24e+00,1.92e+00; 2.48e+00,2.44e+00,2.27e+00,1.97e+00; 2.52e+00,2.47e+00,2.31e+00,2.01e+00; 2.55e+00,2.51e+00,2.34e+00,2.05e+00; 2.59e+00,2.54e+00,2.38e+00,2.09e+00","32,32,32,32,32,32,32,32,32,32,32,32,32,32,32,32,32,32,32,32,32,32,32,32,32,32,32,32,32,32,32,32,32,32,32,32,32,32,32,32,32,32,32,32,32,32,32,32,32,32,32,32,32,32,32,32,32,32,32,32,32,32,32,32"
328,70.98,54.98,"16.78,24.08,27.99,32.31,35.92,39.07,41.64,43.65,44.51,45.26,45.95,47.10,47.50,48.22,48.95,49.76,50.24,50.82,51.00,52.33,52.18,52.45,53.18,52.66,53.58,54.23,54.41,54.60,54.52,54.16,56.35,55.89,56.18,56.90,56.98,56.96,58.98,58.66,58.32,60.23,57.95,60.11,60.59,61.71,59.86,60.07,60.53,62.24,59.13,63.66,62.23,64.16,66.01,66.82,67.85,65.74,67.13,67.48,70.17,72.33,76.94,72.32,76.05,74.27","4.16e+02,4.16e+02,4.15e+02,4.15e+02","12,5,12,5","3.72e+03; 3.79e+03,3.65e+03; 4.34e+03,4.27e+03,2.56e+03; 5.04e+03,4.99e+03,4.54e+03,3.17e+02; 5.10e+03,5.06e+03,4.89e+03,3.56e+03; 6.08e+03,6.05e+03,5.93e+03,4.27e+03; 6.88e+03,6.86e+03,6.67e+03,5.64e+03; 7.76e+03,7.74e+03,7.49e+03,6.79e+03; 8.64e+03,8.63e+03,8.43e+03,7.80e+03; 9.57e+03,9.56e+03,9.36e+03,8.73e+03; 1.05e+04,1.05e+04,1.03e+04,9.69e+03; 1.15e+04,1.15e+04,1.13e+04,1.04e+04; 1.25e+04,1.25e+04,1.22e+04,1.12e+04; 1.34e+04,1.34e+04,1.32e+04,1.22e+04; 1.43e+04,1.43e+04,1.40e+04,1.32e+04; 1.52e+04,1.52e+04,1.49e+04,1.42e+04; 1.61e+04,1.61e+04,1.59e+04,1.52e+04; 1.70e+04,1.70e+04,1.68e+04,1.61e+04; 1.79e+04,1.79e+04,1.77e+04,1.71e+04; 1.89e+04,1.89e+04,1.87e+04,1.80e+04; 1.98e+04,1.98e+04,1.96e+04,1.89e+04; 2.08e+04,2.07e+04,2.05e+04,1.99e+04; 2.17e+04,2.17e+04,2.14e+04,2.08e+04; 2.26e+04,2.26e+04,2.23e+04,2.19e+04; 2.35e+04,2.35e+04,2.33e+04,2.28e+04; 2.45e+04,2.44e+04,2.42e+04,2.36e+04; 2.54e+04,2.53e+04,2.51e+04,2.47e+04; 2.63e+04,2.63e+04,2.61e+04,2.56e+04; 2.72e+04,2.72e+04,2.70e+04,2.64e+04; 2.82e+04,2.81e+04,2.80e+04,2.74e+04; 2.91e+04,2.91e+04,2.89e+04,2.84e+04; 3.00e+04,3.00e+04,2.98e+04,2.93e+04; 3.09e+04,3.09e+04,3.07e+04,3.02e+04; 3.18e+04,3.18e+04,3.17e+04,3.12e+04; 3.28e+04,3.28e+04,3.26e+04,3.21e+04; 3.37e+04,3.37e+04,3.35e+04,3.30e+04; 3.47e+04,3.47e+04,3.45e+04,3.39e+04; 3.56e+04,3.56e+04,3.54e+04,3.48e+04; 3.65e+04,3.65e+04,3.63e+04,3.58e+04; 3.74e+04,3.74e+04,3.72e+04,3.68e+04; 3.84e+04,3.83e+04,3.82e+04,3.77e+04; 3.93e+04,3.93e+04,3.91e+04,3.87e+04; 4.02e+04,4.02e+04,4.00e+04,3.96e+04; 4.12e+04,4.11e+04,4.10e+04,4.05e+04; 4.21e+04,4.21e+04,4.19e+04,4.14e+04; 4.30e+04,4.30e+04,4.28e+04,4.25e+04; 4.39e+04,4.39e+04,4.38e+04,4.33e+04; 4.49e+04,4.48e+04,4.47e+04,4.43e+04; 4.58e+04,4.58e+04,4.56e+04,4.52e+04; 4.67e+04,4.67e+04,4.66e+04,4.62e+04; 4.76e+04,4.76e+04,4.75e+04,4.71e+04; 4.86e+04,4.86e+04,4.84e+04,4.80e+04; 4.95e+04,4.95e+04,4.94e+04,4.89e+04; 5.04e+04,5.04e+04,5.03e+04,4.98e+04; 5.13e+04,5.13e+04,5.12e+04,5.08e+04; 5.23e+04,5.22e+04,5.21e+04,5.18e+04; 5.31e+04,5.31e+04,5.31e+04,5.28e+04; 5.41e+04,5.41e+04,5.40e+04,5.38e+04; 5.51e+04,5.51e+04,5.49e+04,5.46e+04; 5.60e+04,5.60e+04,5.59e+04,5.55e+04; 5.69e+04,5.69e+04,5.68e+04,5.64e+04; 5.78e+04,5.78e+04,5.77e+04,5.74e+04; 5.88e+04,5.88e+04,5.86e+04,5.83e+04; 5.97e+04,5.97e+04,5.96e+04,5.93e+04","8,8,8,8,8,8,8,8,8,8,6,8,12,8,6,8,12,8,8,22,22,12,12,8,6,8,8,8,22,6,12,8,22,6,12,12,22,6,8,8,12,8,12,8,6,6,12,12,6,8,6,8,12,8,8,8,6,12,8,8,22,8,12,22"
329,69.58,52.20,"15.99,23.77,27.59,30.85,33.90,36.31,38.49,40.42,41.72,42.45,43.13,44.01,44.71,46.08,46.95,47.63,47.88,48.41,48.83,49.02,49.43,50.01,50.90,51.29,51.75,51.97,52.00,52.75,52.90,53.62,54.11,54.03,53.88,54.93,54.68,55.91,55.14,55.94,55.68,56.60,56.40,56.13,56.62,58.39,59.02,58.88,60.04,62.47,60.62,61.19,59.37,62.47,62.48,61.60,63.44,64.80,66.97,70.50,68.04,72.04,70.46,71.88,74.97,74.53","3.20e+02,3.20e+02,3.20e+02,3.18e+02","15,5,5,15","3.04e+03; 3.09e+03,2.99e+03; 3.62e+03,3.54e+03,1.95e+03; 4.12e+03,4.03e+03,3.01e+03,9.94e+02; 4.55e+03,4.46e+03,4.05e+03,2.13e+03; 5.28e+03,5.20e+03,5.00e+03,2.75e+03; 5.84e+03,5.74e+03,5.63e+03,4.07e+03; 6.53e+03,6.42e+03,6.28e+03,5.08e+03; 7.04e+03,6.96e+03,6.92e+03,6.42e+03; 7.97e+03,7.87e+03,7.73e+03,6.82e+03; 8.60e+03,8.51e+03,8.41e+03,7.91e+03; 9.54e+03,9.44e+03,9.31e+03,8.19e+03; 1.04e+04,1.03e+04,1.02e+04,8.72e+03; 1.10e+04,1.09e+04,1.07e+04,1.00e+04; 1.17e+04,1.16e+04,1.15e+04,1.08e+04; 1.24e+04,1.23e+04,1.22e+04,1.17e+04; 1.32e+04,1.31e+04,1.30e+04,1.24e+04; 1.40e+04,1.39e+04,1.37e+04,1.31e+04; 1.47e+04,1.46e+04,1.45e+04,1.39e+04; 1.55e+04,1.54e+04,1.52e+04,1.47e+04; 1.63e+04,1.62e+04,1.61e+04,1.52e+04; 1.70e+04,1.69e+04,1.67e+04,1.62e+04; 1.77e+04,1.77e+04,1.75e+04,1.70e+04; 1.85e+04,1.84e+04,1.82e+04,1.78e+04; 1.92e+04,1.92e+04,1.90e+04,1.85e+04; 2.00e+04,1.99e+04,1.98e+04,1.93e+04; 2.08e+04,2.07e+04,2.05e+04,2.01e+04; 2.15e+04,2.15e+04,2.13e+04,2.08e+04; 2.24e+04,2.23e+04,2.22e+04,2.13e+04; 2.30e+04,2.30e+04,2.28e+04,2.23e+04; 2.38e+04,2.37e+04,2.36e+04,2.31e+04; 2.45e+04,2.45e+04,2.43e+04,2.39e+04; 2.53e+04,2.52e+04,2.51e+04,2.47e+04; 2.60e+04,2.60e+04,2.59e+04,2.54e+04; 2.68e+04,2.68e+04,2.66e+04,2.62e+04; 2.76e+04,2.75e+04,2.74e+04,2.70e+04; 2.82e+04,2.82e+04,2.81e+04,2.79e+04; 2.91e+04,2.90e+04,2.89e+04,2.85e+04; 2.98e+04,2.98e+04,2.96e+04,2.93e+04; 3.06e+04,3.05e+04,3.04e+04,3.00e+04; 3.13e+04,3.13e+04,3.12e+04,3.08e+04; 3.21e+04,3.21e+04,3.19e+04,3.15e+04; 3.29e+04,3.28e+04,3.27e+04,3.23e+04; 3.36e+04,3.36e+04,3.34e+04,3.30e+04; 3.44e+04,3.44e+04,3.42e+04,3.38e+04; 3.51e+04,3.51e+04,3.50e+04,3.45e+04; 3.59e+04,3.59e+04,3.57e+04,3.53e+04; 3.67e+04,3.66e+04,3.65e+04,3.61e+04; 3.74e+04,3.74e+04,3.72e+04,3.68e+04; 3.82e+04,3.82e+04,3.80e+04,3.76e+04; 3.89e+04,3.89e+04,3.88e+04,3.83e+04; 3.97e+04,3.97e+04,3.95e+04,3.91e+04; 4.05e+04,4.04e+04,4.03e+04,3.98e+04; 4.11e+04,4.11e+04,4.10e+04,4.08e+04; 4.20e+04,4.20e+04,4.18e+04,4.14e+04; 4.27e+04,4.27e+04,4.25e+04,4.22e+04; 4.35e+04,4.35e+04,4.33e+04,4.30e+04; 4.43e+04,4.42e+04,4.41e+04,4.37e+04; 4.50e+04,4.50e+04,4.48e+04,4.44e+04; 4.58e+04,4.57e+04,4.56e+04,4.53e+04; 4.65e+04,4.65e+04,4.64e+04,4.60e+04; 4.73e+04,4.73e+04,4.71e+04,4.68e+04; 4.80e+04,4.80e+04,4.79e+04,4.75e+04; 4.88e+04,4.88e+04,4.86e+04,4.83e+04","8,8,8,8,8,8,8,8,8,14,8,2,8,8,8,2,8,14,2,18,14,8,14,8,14,18,14,2,8,2,18,2,14,8,8,18,2,14,2,18,8,2,8,14,8,14,14,2,2,2,14,8,2,8,8,14,2,18,18,8,14,2,18,18"
330,73.35,53.53,"17.28,23.30,27.49,30.47,33.53,35.25,37.38,39.22,40.28,41.39,42.25,43.76,45.64,46.68,47.30,47.94,48.56,48.96,49.33,50.33,50.19,51.00,51.97,52.06,52.46,53.79,53.77,53.74,54.21,55.03,55.62,55.15,56.10,55.48,56.97,55.94,56.72,55.69,57.97,56.14,57.90,62.57,61.81,61.58,60.63,63.82,63.58,65.46,67.97,69.80,69.41,75.03,72.09,72.30,75.83,78.52,78.10,78.92,82.88,83.83,85.93,84.21,86.74,89.79","3.71e+02,3.71e+02,3.70e+02,3.69e+02","0,11,0,11","3.58e+03; 3.68e+03,3.49e+03; 4.18e+03,4.01e+03,2.56e+03; 4.43e+03,4.27e+03,3.33e+03,2.31e+03; 5.23e+03,5.08e+03,4.16e+03,3.46e+03; 5.85e+03,5.72e+03,4.98e+03,4.95e+03; 6.74e+03,6.59e+03,6.07e+03,5.68e+03; 7.62e+03,7.39e+03,6.98e+03,6.67e+03; 8.39e+03,8.23e+03,8.09e+03,7.54e+03; 9.20e+03,9.07e+03,8.96e+03,8.60e+03; 9.95e+03,9.92e+03,9.83e+03,9.71e+03; 1.10e+04,1.09e+04,1.08e+04,1.03e+04; 1.19e+04,1.17e+04,1.17e+04,1.13e+04; 1.27e+04,1.26e+04,1.26e+04,1.22e+04; 1.36e+04,1.35e+04,1.35e+04,1.31e+04; 1.45e+04,1.44e+04,1.44e+04,1.40e+04; 1.54e+04,1.53e+04,1.53e+04,1.49e+04; 1.63e+04,1.62e+04,1.62e+04,1.58e+04; 1.72e+04,1.71e+04,1.71e+04,1.67e+04; 1.81e+04,1.80e+04,1.79e+04,1.76e+04; 1.90e+04,1.89e+04,1.89e+04,1.84e+04; 1.99e+04,1.98e+04,1.97e+04,1.94e+04; 2.08e+04,2.07e+04,2.06e+04,2.03e+04; 2.17e+04,2.16e+04,2.15e+04,2.12e+04; 2.26e+04,2.25e+04,2.24e+04,2.21e+04; 2.34e+04,2.34e+04,2.33e+04,2.30e+04; 2.43e+04,2.43e+04,2.42e+04,2.39e+04; 2.52e+04,2.52e+04,2.51e+04,2.48e+04; 2.61e+04,2.61e+04,2.60e+04,2.57e+04; 2.70e+04,2.69e+04,2.69e+04,2.67e+04; 2.79e+04,2.79e+04,2.78e+04,2.75e+04; 2.88e+04,2.88e+04,2.87e+04,2.84e+04; 2.97e+04,2.97e+04,2.96e+04,2.93e+04; 3.06e+04,3.06e+04,3.05e+04,3.02e+04; 3.15e+04,3.15e+04,3.14e+04,3.10e+04; 3.24e+04,3.24e+04,3.23e+04,3.20e+04; 3.33e+04,3.32e+04,3.32e+04,3.29e+04; 3.41e+04,3.41e+04,3.41e+04,3.40e+04; 3.51e+04,3.50e+04,3.50e+04,3.47e+04; 3.59e+04,3.59e+04,3.59e+04,3.56e+04; 3.68e+04,3.68e+04,3.67e+04,3.65e+04; 3.77e+04,3.77e+04,3.76e+04,3.74e+04; 3.86e+04,3.86e+04,3.85e+04,3.83e+04; 3.95e+04,3.95e+04,3.94e+04,3.91e+04; 4.05e+04,4.04e+04,4.03e+04,4.00e+04; 4.13e+04,4.13e+04,4.12e+04,4.10e+04; 4.22e+04,4.22e+04,4.21e+04,4.18e+04; 4.31e+04,4.31e+04,4.30e+04,4.28e+04; 4.40e+04,4.40e+04,4.39e+04,4.37e+04; 4.49e+04,4.49e+04,4.48e+04,4.46e+04; 4.58e+04,4.58e+04,4.57e+04,4.55e+04; 4.67e+04,4.66e+04,4.66e+04,4.64e+04; 4.76e+04,4.76e+04,4.75e+04,4.71e+04; 4.85e+04,4.85e+04,4.84e+04,4.82e+04; 4.94e+04,4.94e+04,4.93e+04,4.91e+04; 5.02e+04,5.02e+04,5.02e+04,5.00e+04; 5.12e+04,5.12e+04,5.11e+04,5.09e+04; 5.21e+04,5.21e+04,5.20e+04,5.17e+04; 5.30e+04,5.30e+04,5.29e+04,5.26e+04; 5.39e+04,5.38e+04,5.37e+04,5.36e+04; 5.48e+04,5.48e+04,5.47e+04,5.44e+04; 5.56e+04,5.56e+04,5.56e+04,5.53e+04; 5.65e+04,5.65e+04,5.64e+04,5.63e+04; 5.74e+04,5.74e+04,5.73e+04,5.71e+04","7,7,7,7,7,7,7,7,7,7,7,7,7,7,7,55,39,23,7,39,7,7,23,23,7,7,7,23,55,23,23,39,7,23,55,7,55,23,23,7,39,7,39,23,55,55,7,7,39,39,7,23,39,7,23,23,23,55,55,7,23,39,7,39"
331,48.99,37.87,"15.64,19.31,22.74,25.03,27.35,29.72,31.79,33.06,34.20,35.21,35.76,36.70,37.60,38.84,39.31,40.25,40.71,40.96,41.59,42.31,43.29,43.15,43.24,43.73,44.35,44.63,45.18,44.94,45.92,46.67,46.76,46.94,47.65,47.93,48.22,48.00,49.72,49.84,48.72,47.98,51.07,48.96,49.96,50.14,51.20,52.68,51.64,51.76,54.29,52.53,50.56,53.21,54.00,56.27,56.70,57.47,57.34,55.89,57.63,58.48,62.23,63.24,63.20,64.71","2.66e+02,2.66e+02,2.63e+02,2.55e+02","12,7,12,5","1.96e+03; 2.23e+03,1.69e+03; 3.03e+03,2.85e+03; 3.88e+03,3.77e+03,1.96e+02; 3.72e+03,3.64e+03,2.44e+03; 4.11e+03,4.04e+03,3.62e+03; 4.68e+03,4.61e+03,4.44e+03; 5.12e+03,5.06e+03,4.98e+03,5.31e+02; 5.79e+03,5.75e+03,5.66e+03,4.47e+02; 6.10e+03,6.06e+03,5.98e+03,1.47e+03; 6.51e+03,6.46e+03,6.41e+03,2.20e+03; 7.89e+03,7.85e+03,7.80e+03; 6.81e+03,6.75e+03,6.70e+03,5.23e+03; 7.29e+03,7.24e+03,7.18e+03,5.75e+03; 7.77e+03,7.72e+03,7.67e+03,6.26e+03; 8.20e+03,8.14e+03,8.10e+03,6.93e+03; 8.70e+03,8.64e+03,8.60e+03,7.40e+03; 9.18e+03,9.12e+03,9.08e+03,7.93e+03; 9.67e+03,9.61e+03,9.59e+03,8.40e+03; 1.02e+04,1.01e+04,1.01e+04,8.83e+03; 1.06e+04,1.06e+04,1.05e+04,9.49e+03; 1.11e+04,1.10e+04,1.10e+04,1.00e+04; 1.16e+04,1.15e+04,1.15e+04,1.05e+04; 1.20e+04,1.20e+04,1.20e+04,1.11e+04; 1.25e+04,1.25e+04,1.25e+04,1.16e+04; 1.30e+04,1.30e+04,1.29e+04,1.21e+04; 1.35e+04,1.34e+04,1.34e+04,1.26e+04; 1.40e+04,1.40e+04,1.40e+04,1.30e+04; 1.44e+04,1.44e+04,1.44e+04,1.37e+04; 1.50e+04,1.49e+04,1.49e+04,1.41e+04; 1.54e+04,1.54e+04,1.54e+04,1.46e+04; 1.59e+04,1.59e+04,1.58e+04,1.51e+04; 1.64e+04,1.64e+04,1.63e+04,1.56e+04; 1.69e+04,1.69e+04,1.68e+04,1.61e+04; 1.74e+04,1.73e+04,1.73e+04,1.66e+04; 1.79e+04,1.79e+04,1.78e+04,1.70e+04; 1.84e+04,1.83e+04,1.83e+04,1.75e+04; 1.88e+04,1.88e+04,1.88e+04,1.81e+04; 1.93e+04,1.93e+04,1.93e+04,1.86e+04; 1.98e+04,1.98e+04,1.97e+04,1.91e+04; 2.03e+04,2.03e+04,2.02e+04,1.96e+04; 2.08e+04,2.07e+04,2.07e+04,2.01e+04; 2.13e+04,2.12e+04,2.12e+04,2.06e+04; 2.18e+04,2.17e+04,2.17e+04,2.11e+04; 2.23e+04,2.22e+04,2.22e+04,2.15e+04; 2.27e+04,2.27e+04,2.27e+04,2.21e+04; 2.32e+04,2.32e+04,2.32e+04,2.26e+04; 2.37e+04,2.37e+04,2.37e+04,2.31e+04; 2.42e+04,2.42e+04,2.41e+04,2.36e+04; 2.47e+04,2.47e+04,2.46e+04,2.41e+04; 2.53e+04,2.53e+04,2.52e+04,2.42e+04; 2.57e+04,2.57e+04,2.56e+04,2.50e+04; 2.62e+04,2.61e+04,2.61e+04,2.55e+04; 2.66e+04,2.66e+04,2.66e+04,2.60e+04; 2.71e+04,2.71e+04,2.71e+04,2.66e+04; 2.76e+04,2.76e+04,2.76e+04,2.70e+04; 2.81e+04,2.81e+04,2.81e+04,2.75e+04; 2.86e+04,2.86e+04,2.86e+04,2.80e+04; 2.91e+04,2.91e+04,2.90e+04,2.85e+04; 2.96e+04,2.96e+04,2.95e+04,2.90e+04; 3.02e+04,3.02e+04,3.02e+04,2.90e+04; 3.06e+04,3.05e+04,3.05e+04,3.00e+04; 3.10e+04,3.10e+04,3.10e+04,3.05e+04; 3.15e+04,3.15e+04,3.15e+04,3.10e+04","7,7,7,7,7,7,7,7,7,7,7,7,56,56,7,56,56,23,7,23,56,7,23,56,56,56,23,7,7,55,55,56,55,56,7,56,55,55,55,56,55,23,7,23,56,55,56,23,55,7,55,55,23,7,55,7,23,23,7,56,7,7,56,23"
332,47.17,38.88,"14.31,17.76,21.15,23.88,26.03,28.33,30.35,31.99,33.71,34.54,35.45,36.39,37.18,37.99,38.91,39.93,40.87,41.60,41.93,42.28,42.79,43.41,43.66,44.36,45.08,45.27,45.55,45.73,46.21,46.50,47.20,47.86,48.38,47.99,49.10,49.43,49.12,50.07,50.01,50.70,50.48,50.92,51.25,51.19,51.31,51.24,52.02,52.27,53.66,52.30,53.33,52.68,53.64,53.08,54.12,55.43,55.61,54.42,54.62,54.01,55.17,54.27,54.90,55.98","2.69e+02,2.68e+02,2.67e+02,2.34e+02","8,0,8,0","1.84e+03; 2.17e+03,1.50e+03; 2.70e+03,2.46e+03,3.49e+02; 3.04e+03,2.92e+03,1.38e+03; 3.31e+03,3.24e+03,1.72e+03,9.01e+02; 3.50e+03,3.46e+03,2.53e+03,1.53e+03; 3.73e+03,3.70e+03,3.03e+03,2.41e+03; 4.16e+03,4.14e+03,3.67e+03,2.71e+03; 4.62e+03,4.60e+03,4.34e+03,2.96e+03; 4.98e+03,4.96e+03,4.71e+03,3.72e+03; 5.40e+03,5.38e+03,5.11e+03,4.32e+03; 5.81e+03,5.79e+03,5.52e+03,4.91e+03; 6.26e+03,6.24e+03,5.97e+03,5.40e+03; 6.70e+03,6.69e+03,6.42e+03,5.89e+03; 7.14e+03,7.13e+03,6.89e+03,6.38e+03; 7.59e+03,7.57e+03,7.37e+03,6.85e+03; 8.03e+03,8.02e+03,7.88e+03,7.29e+03; 8.47e+03,8.46e+03,8.33e+03,7.79e+03; 8.93e+03,8.92e+03,8.79e+03,8.25e+03; 9.39e+03,9.38e+03,9.25e+03,8.71e+03; 9.86e+03,9.85e+03,9.72e+03,9.13e+03; 1.03e+04,1.03e+04,1.02e+04,9.65e+03; 1.08e+04,1.07e+04,1.06e+04,1.01e+04; 1.12e+04,1.12e+04,1.11e+04,1.06e+04; 1.17e+04,1.17e+04,1.16e+04,1.10e+04; 1.21e+04,1.21e+04,1.20e+04,1.15e+04; 1.26e+04,1.26e+04,1.25e+04,1.20e+04; 1.30e+04,1.30e+04,1.29e+04,1.24e+04; 1.35e+04,1.35e+04,1.34e+04,1.28e+04; 1.39e+04,1.39e+04,1.38e+04,1.34e+04; 1.44e+04,1.44e+04,1.43e+04,1.39e+04; 1.48e+04,1.48e+04,1.48e+04,1.43e+04; 1.53e+04,1.53e+04,1.52e+04,1.48e+04; 1.58e+04,1.57e+04,1.57e+04,1.53e+04; 1.62e+04,1.62e+04,1.61e+04,1.57e+04; 1.67e+04,1.67e+04,1.66e+04,1.61e+04; 1.72e+04,1.72e+04,1.71e+04,1.65e+04; 1.76e+04,1.76e+04,1.75e+04,1.71e+04; 1.80e+04,1.80e+04,1.80e+04,1.76e+04; 1.85e+04,1.85e+04,1.84e+04,1.80e+04; 1.90e+04,1.90e+04,1.89e+04,1.85e+04; 1.94e+04,1.94e+04,1.94e+04,1.89e+04; 1.99e+04,1.99e+04,1.98e+04,1.94e+04; 2.04e+04,2.04e+04,2.03e+04,1.97e+04; 2.08e+04,2.08e+04,2.07e+04,2.03e+04; 2.12e+04,2.12e+04,2.12e+04,2.08e+04; 2.17e+04,2.17e+04,2.16e+04,2.13e+04; 2.22e+04,2.22e+04,2.21e+04,2.17e+04; 2.26e+04,2.26e+04,2.26e+04,2.22e+04; 2.31e+04,2.31e+04,2.30e+04,2.26e+04; 2.35e+04,2.35e+04,2.35e+04,2.31e+04; 2.40e+04,2.40e+04,2.40e+04,2.34e+04; 2.45e+04,2.45e+04,2.45e+04,2.38e+04; 2.49e+04,2.49e+04,2.49e+04,2.45e+04; 2.54e+04,2.54e+04,2.53e+04,2.49e+04; 2.58e+04,2.58e+04,2.58e+04,2.54e+04; 2.63e+04,2.63e+04,2.62e+04,2.58e+04; 2.68e+04,2.68e+04,2.67e+04,2.63e+04; 2.72e+04,2.72e+04,2.72e+04,2.68e+04; 2.77e+04,2.77e+04,2.76e+04,2.72e+04; 2.81e+04,2.81e+04,2.81e+04,2.77e+04; 2.86e+04,2.86e+04,2.85e+04,2.81e+04; 2.90e+04,2.90e+04,2.90e+04,2.86e+04; 2.95e+04,2.95e+04,2.95e+04,2.91e+04","8,8,8,8,8,8,8,8,8,8,8,8,8,8,8,8,8,8,56,14,8,56,56,8,56,14,8,2,8,8,8,8,2,8,14,56,56,8,2,14,8,2,56,56,2,8,14,14,2,14,2,56,56,14,14,2,8,8,14,56,2,2,8,14"
333,48.92,38.96,"13.48,17.19,20.57,22.97,24.90,26.65,28.06,29.27,30.11,31.13,32.39,33.42,34.20,35.02,35.81,36.40,37.25,38.42,38.90,39.84,40.29,40.89,41.39,41.84,42.16,42.58,43.08,43.48,44.16,44.67,44.59,45.53,45.23,45.79,46.03,45.93,46.41,46.58,46.92,47.88,48.47,48.27,48.30,48.96,49.67,48.87,50.72,50.19,49.99,50.80,52.22,51.45,52.50,52.40,51.13,51.84,51.80,52.01,52.38,54.05,52.07,53.90,52.33,54.09","1.63e+02,1.62e+02,1.62e+02,1.58e+02","12,4,12,4","1.19e+03; 1.40e+03,9.76e+02; 1.86e+03,1.70e+03; 2.42e+03,2.33e+03; 2.63e+03,2.57e+03,7.28e+02; 2.86e+03,2.82e+03,1.44e+03; 3.10e+03,3.06e+03,2.15e+03; 3.48e+03,3.46e+03,2.55e+03; 3.74e+03,3.72e+03,2.41e+03,8.16e+02; 3.52e+03,3.50e+03,2.47e+03,2.37e+03; 3.88e+03,3.86e+03,2.98e+03,2.33e+03; 4.20e+03,4.18e+03,3.43e+03,2.44e+03; 4.42e+03,4.40e+03,3.76e+03,2.85e+03; 4.63e+03,4.61e+03,3.96e+03,3.41e+03; 4.92e+03,4.90e+03,4.25e+03,3.73e+03; 5.21e+03,5.20e+03,4.56e+03,4.01e+03; 5.47e+03,5.45e+03,4.97e+03,4.28e+03; 5.71e+03,5.70e+03,5.34e+03,4.61e+03; 5.99e+03,5.98e+03,5.67e+03,4.91e+03; 6.46e+03,6.44e+03,6.16e+03,4.67e+03; 6.75e+03,6.74e+03,6.51e+03,4.92e+03; 6.85e+03,6.84e+03,6.62e+03,5.80e+03; 7.15e+03,7.14e+03,6.91e+03,6.09e+03; 7.44e+03,7.43e+03,7.21e+03,6.39e+03; 7.73e+03,7.72e+03,7.54e+03,6.67e+03; 8.02e+03,8.01e+03,7.83e+03,6.98e+03; 8.29e+03,8.28e+03,8.10e+03,7.37e+03; 8.73e+03,8.72e+03,8.57e+03,7.19e+03; 8.98e+03,8.97e+03,8.85e+03,7.60e+03; 9.18e+03,9.17e+03,9.04e+03,8.19e+03; 9.48e+03,9.47e+03,9.34e+03,8.48e+03; 9.79e+03,9.78e+03,9.65e+03,8.75e+03; 1.01e+04,1.01e+04,9.96e+03,9.05e+03; 1.04e+04,1.04e+04,1.03e+04,9.36e+03; 1.07e+04,1.06e+04,1.05e+04,9.69e+03; 1.10e+04,1.10e+04,1.09e+04,9.87e+03; 1.14e+04,1.14e+04,1.13e+04,9.87e+03; 1.16e+04,1.15e+04,1.15e+04,1.05e+04; 1.18e+04,1.18e+04,1.18e+04,1.08e+04; 1.21e+04,1.21e+04,1.21e+04,1.11e+04; 1.24e+04,1.24e+04,1.24e+04,1.14e+04; 1.27e+04,1.27e+04,1.27e+04,1.17e+04; 1.30e+04,1.30e+04,1.30e+04,1.19e+04; 1.34e+04,1.33e+04,1.33e+04,1.22e+04; 1.37e+04,1.37e+04,1.37e+04,1.22e+04; 1.39e+04,1.39e+04,1.39e+04,1.28e+04; 1.42e+04,1.42e+04,1.42e+04,1.32e+04; 1.45e+04,1.45e+04,1.45e+04,1.35e+04; 1.48e+04,1.48e+04,1.48e+04,1.38e+04; 1.51e+04,1.51e+04,1.51e+04,1.41e+04; 1.54e+04,1.54e+04,1.54e+04,1.44e+04; 1.57e+04,1.57e+04,1.57e+04,1.46e+04; 1.63e+04,1.63e+04,1.63e+04,1.41e+04; 1.63e+04,1.63e+04,1.63e+04,1.52e+04; 1.66e+04,1.66e+04,1.65e+04,1.56e+04; 1.69e+04,1.69e+04,1.68e+04,1.59e+04; 1.72e+04,1.72e+04,1.71e+04,1.62e+04; 1.75e+04,1.75e+04,1.74e+04,1.65e+04; 1.78e+04,1.78e+04,1.77e+04,1.67e+04; 1.82e+04,1.82e+04,1.81e+04,1.67e+04; 1.84e+04,1.84e+04,1.84e+04,1.71e+04; 1.87e+04,1.87e+04,1.86e+04,1.76e+04; 1.89e+04,1.89e+04,1.89e+04,1.79e+04; 1.92e+04,1.92e+04,1.92e+04,1.82e+04","0,0,0,0,0,0,0,0,0,0,0,0,6,0,0,0,0,0,6,0,0,6,58,0,0,58,60,0,6,58,6,6,6,60,60,58,0,6,6,60,6,6,6,60,60,0,0,6,58,0,6,58,6,0,6,6,0,58,60,60,0,6,6,6"
334,40.65,34.10,"14.58,16.96,19.29,21.55,23.29,24.58,25.65,26.49,28.05,28.96,29.40,30.13,30.91,31.74,32.27,32.68,33.45,34.16,34.52,34.76,35.44,36.08,36.81,37.28,37.72,38.20,38.63,38.74,39.26,40.11,40.10,40.70,41.39,41.85,41.58,41.47,42.25,42.56,43.02,43.39,42.95,43.99,43.67,43.85,43.48,44.89,45.36,44.33,46.45,45.48,46.04,45.19,45.95,45.90,47.67,45.93,46.22,47.84,46.99,47.96,47.97,47.23,48.55,50.64","2.35e+02,2.34e+02,2.29e+02,2.14e+02","12,4,12,12","1.30e+03; 2.61e+03; 2.36e+03,1.55e+03; 2.80e+03,2.41e+03; 3.38e+03,3.14e+03; 3.80e+03,3.62e+03,4.03e+02; 3.96e+03,3.81e+03,1.36e+03; 4.31e+03,4.19e+03,1.93e+03; 4.31e+03,4.20e+03,3.22e+03; 4.67e+03,4.58e+03,3.79e+03; 5.11e+03,5.01e+03,4.22e+03; 5.53e+03,5.43e+03,4.68e+03; 5.89e+03,5.80e+03,5.26e+03; 6.06e+03,5.97e+03,5.51e+03,7.06e+02; 6.22e+03,6.14e+03,5.73e+03,1.47e+03; 6.39e+03,6.31e+03,5.90e+03,2.25e+03; 6.70e+03,6.63e+03,6.34e+03,2.49e+03; 6.98e+03,6.91e+03,6.65e+03,2.93e+03; 7.71e+03,7.64e+03,7.39e+03,2.04e+03; 8.46e+03,8.39e+03,8.13e+03,1.09e+03; 8.90e+03,8.83e+03,8.64e+03,1.00e+03; 8.19e+03,8.12e+03,7.97e+03,4.41e+03; 8.47e+03,8.40e+03,8.27e+03,4.84e+03; 8.74e+03,8.67e+03,8.54e+03,5.33e+03; 9.12e+03,9.06e+03,8.95e+03,5.45e+03; 9.43e+03,9.37e+03,9.27e+03,5.82e+03; 9.79e+03,9.73e+03,9.64e+03,6.05e+03; 1.02e+04,1.02e+04,1.01e+04,5.98e+03; 1.08e+04,1.07e+04,1.06e+04,5.70e+03; 1.08e+04,1.07e+04,1.06e+04,6.98e+03; 1.11e+04,1.10e+04,1.10e+04,7.26e+03; 1.14e+04,1.14e+04,1.13e+04,7.62e+03; 1.17e+04,1.17e+04,1.16e+04,7.94e+03; 1.21e+04,1.20e+04,1.20e+04,8.26e+03; 1.24e+04,1.24e+04,1.23e+04,8.54e+03; 1.33e+04,1.32e+04,1.32e+04,7.19e+03; 1.36e+04,1.36e+04,1.35e+04,7.52e+03; 1.35e+04,1.35e+04,1.34e+04,9.12e+03; 1.38e+04,1.38e+04,1.37e+04,9.55e+03; 1.41e+04,1.40e+04,1.40e+04,1.00e+04; 1.44e+04,1.44e+04,1.43e+04,1.04e+04; 1.47e+04,1.47e+04,1.47e+04,1.07e+04; 1.51e+04,1.50e+04,1.50e+04,1.10e+04; 1.53e+04,1.53e+04,1.52e+04,1.15e+04; 1.59e+04,1.58e+04,1.58e+04,1.11e+04; 1.63e+04,1.62e+04,1.62e+04,1.13e+04; 1.63e+04,1.63e+04,1.63e+04,1.24e+04; 1.66e+04,1.66e+04,1.66e+04,1.27e+04; 1.69e+04,1.68e+04,1.68e+04,1.34e+04; 1.73e+04,1.72e+04,1.72e+04,1.35e+04; 1.77e+04,1.76e+04,1.76e+04,1.36e+04; 1.74e+04,1.74e+04,1.74e+04,1.56e+04; 1.84e+04,1.84e+04,1.84e+04,1.39e+04; 1.86e+04,1.86e+04,1.85e+04,1.47e+04; 1.85e+04,1.85e+04,1.85e+04,1.62e+04; 1.92e+04,1.92e+04,1.91e+04,1.55e+04; 1.96e+04,1.95e+04,1.95e+04,1.57e+04; 1.99e+04,1.99e+04,1.98e+04,1.60e+04; 2.02e+04,2.02e+04,2.01e+04,1.64e+04; 2.06e+04,2.06e+04,2.06e+04,1.64e+04; 2.12e+04,2.12e+04,2.12e+04,1.58e+04; 2.12e+04,2.12e+04,2.12e+04,1.73e+04; 2.12e+04,2.12e+04,2.12e+04,1.86e+04; 2.18e+04,2.18e+04,2.18e+04,1.80e+04","56,56,56,56,56,56,56,56,56,15,56,15,56,62,15,15,56,15,62,15,62,56,15,15,56,62,56,62,62,56,62,56,56,58,58,56,15,56,62,56,58,58,58,15,15,56,15,15,15,58,15,58,56,62,15,58,58,56,62,56,58,15,15,58"
335,33.89,28.23,"14.14,16.46,17.97,19.87,21.65,23.12,24.31,25.25,25.90,26.50,27.00,27.56,28.14,28.77,29.18,29.69,30.02,30.30,30.49,31.07,31.93,32.40,32.59,33.02,33.24,33.14,33.47,33.99,34.48,34.75,35.24,35.38,35.52,35.17,35.46,36.11,36.42,36.71,36.90,37.68,37.54,37.85,38.07,38.22,39.00,38.58,39.12,39.11,38.98,39.18,39.88,39.80,40.33,40.24,40.91,40.47,40.18,40.72,41.93,41.85,42.42,42.29,41.79,42.43","1.01e+02,1.00e+02,8.88e+01,8.03e+01","12,4,12,12","5.07e+02; 1.01e+03; 1.19e+03,3.34e+02; 1.18e+03,8.47e+02; 1.35e+03,1.18e+03; 1.57e+03,1.47e+03; 1.80e+03,1.74e+03; 2.05e+03,2.00e+03; 2.30e+03,2.26e+03; 2.55e+03,2.52e+03; 2.80e+03,2.77e+03; 2.79e+03,2.76e+03,5.30e+02; 2.79e+03,2.76e+03,1.04e+03; 2.86e+03,2.83e+03,1.40e+03; 3.03e+03,3.00e+03,1.57e+03; 3.18e+03,3.15e+03,1.78e+03; 3.35e+03,3.33e+03,1.94e+03; 3.55e+03,3.53e+03,2.03e+03; 3.84e+03,3.82e+03,1.96e+03; 3.71e+03,3.69e+03,2.32e+03,4.17e+02; 3.89e+03,3.86e+03,2.89e+03; 3.90e+03,3.88e+03,3.04e+03,3.28e+02; 3.92e+03,3.90e+03,3.12e+03,7.17e+02; 4.08e+03,4.06e+03,3.28e+03,7.41e+02; 4.20e+03,4.18e+03,3.41e+03,8.84e+02; 4.23e+03,4.22e+03,3.27e+03,1.46e+03; 4.68e+03,4.67e+03,3.81e+03,5.18e+02; 4.65e+03,4.64e+03,3.51e+03,1.39e+03; 5.11e+03,5.10e+03,4.48e+03; 5.25e+03,5.24e+03,4.70e+03; 5.07e+03,5.05e+03,4.53e+03,1.06e+03; 5.06e+03,5.04e+03,4.51e+03,1.60e+03; 5.16e+03,5.14e+03,4.61e+03,1.80e+03; 5.08e+03,5.06e+03,4.40e+03,2.68e+03; 5.48e+03,5.46e+03,4.93e+03,1.86e+03; 5.62e+03,5.61e+03,4.84e+03,2.17e+03; 6.41e+03,6.40e+03,5.93e+03; 5.69e+03,5.67e+03,5.22e+03,2.68e+03; 6.05e+03,6.04e+03,5.62e+03,2.04e+03; 6.10e+03,6.09e+03,5.70e+03,2.37e+03; 6.22e+03,6.21e+03,5.82e+03,2.51e+03; 5.94e+03,5.93e+03,5.52e+03,3.89e+03; 6.42e+03,6.41e+03,6.01e+03,2.95e+03; 6.57e+03,6.56e+03,6.13e+03,3.03e+03; 6.91e+03,6.89e+03,6.55e+03,2.44e+03; 6.98e+03,6.97e+03,6.64e+03,2.72e+03; 6.70e+03,6.68e+03,6.36e+03,4.07e+03; 6.90e+03,6.89e+03,6.59e+03,3.93e+03; 7.24e+03,7.23e+03,6.92e+03,3.43e+03; 7.36e+03,7.35e+03,7.05e+03,3.57e+03; 7.52e+03,7.51e+03,7.20e+03,3.61e+03; 7.63e+03,7.62e+03,7.26e+03,3.84e+03; 7.79e+03,7.78e+03,7.48e+03,3.81e+03; 7.58e+03,7.57e+03,7.29e+03,4.93e+03; 7.74e+03,7.73e+03,7.46e+03,4.93e+03; 8.15e+03,8.14e+03,7.89e+03,4.18e+03; 7.67e+03,7.66e+03,7.42e+03,6.13e+03; 7.95e+03,7.94e+03,7.73e+03,5.76e+03; 8.15e+03,8.14e+03,7.94e+03,5.66e+03; 8.66e+03,8.66e+03,8.42e+03,4.66e+03; 8.80e+03,8.79e+03,8.60e+03,4.72e+03; 8.57e+03,8.56e+03,8.37e+03,5.91e+03; 9.05e+03,9.04e+03,8.86e+03,4.97e+03; 9.13e+03,9.12e+03,8.94e+03,5.23e+03","56,56,56,56,56,56,56,56,56,56,56,56,56,56,56,56,62,62,56,62,56,56,56,56,62,62,56,62,56,62,60,58,58,60,62,62,56,58,62,56,56,56,62,62,62,60,58,56,60,60,58,62,60,56,56,56,62,56,62,62,62,56,56,58"
336,27.13,23.42,"13.29,15.51,16.86,17.84,18.75,19.57,20.15,20.63,21.26,21.66,22.14,22.71,23.33,23.70,24.14,24.42,24.71,24.94,25.26,25.68,26.09,26.43,26.78,26.84,27.04,27.39,27.69,27.65,27.86,28.20,28.48,28.63,28.88,29.06,29.24,29.59,29.41,29.94,30.02,30.24,30.19,30.72,30.38,30.89,31.32,31.15,31.52,31.80,31.26,31.99,33.34,32.63,31.44,32.20,32.56,32.50,32.03,32.30,32.13,33.91,32.50,33.22,32.78,33.54","5.63e+01,5.40e+01,4.63e+01,4.30e-03","12,12,12,12","1.94e+02; 3.89e+02; 5.83e+02; 7.21e+02,5.62e+01; 7.10e+02,2.61e+02; 7.68e+02,3.97e+02; 8.59e+02,5.01e+02; 9.54e+02,6.01e+02; 1.02e+03,7.31e+02; 1.12e+03,8.27e+02; 1.21e+03,9.26e+02; 1.28e+03,1.05e+03; 1.36e+03,1.16e+03; 1.45e+03,1.27e+03; 1.54e+03,1.37e+03; 1.64e+03,1.47e+03; 1.73e+03,1.57e+03; 1.83e+03,1.67e+03; 1.92e+03,1.77e+03; 2.01e+03,1.87e+03; 2.10e+03,1.98e+03; 2.19e+03,2.08e+03; 2.29e+03,2.18e+03; 2.38e+03,2.28e+03; 2.48e+03,2.38e+03; 2.58e+03,2.48e+03; 2.67e+03,2.57e+03; 2.66e+03,2.57e+03,2.15e+02; 2.86e+03,2.78e+03; 2.95e+03,2.88e+03; 3.05e+03,2.97e+03; 3.14e+03,3.07e+03; 3.24e+03,3.17e+03; 3.34e+03,3.27e+03; 3.44e+03,3.36e+03; 3.53e+03,3.47e+03; 3.63e+03,3.56e+03; 3.72e+03,3.66e+03; 3.82e+03,3.76e+03; 3.91e+03,3.86e+03; 4.01e+03,3.96e+03; 4.11e+03,4.06e+03; 4.13e+03,4.08e+03,1.49e+02; 4.30e+03,4.25e+03; 4.39e+03,4.35e+03; 4.42e+03,4.38e+03,1.40e+02; 4.49e+03,4.45e+03,1.84e+02; 4.27e+03,4.23e+03,8.24e+02; 4.72e+03,4.68e+03,1.15e+02; 4.87e+03,4.83e+03,1.76e+01; 4.97e+03,4.94e+03; 5.07e+03,5.04e+03; 4.96e+03,4.92e+03,4.15e+02; 5.26e+03,5.23e+03; 5.05e+03,5.02e+03,6.12e+02; 5.46e+03,5.43e+03; 5.55e+03,5.52e+03; 5.05e+03,5.02e+03,1.20e+03; 5.75e+03,5.72e+03; 5.84e+03,5.82e+03; 5.94e+03,5.91e+03; 5.17e+03,5.14e+03,1.73e+03; 5.14e+03,5.12e+03,1.98e+03; 5.56e+03,5.54e+03,1.34e+03","7,7,7,7,7,7,7,7,7,7,7,7,7,7,7,7,7,7,7,7,7,7,7,48,7,7,7,54,7,7,48,7,7,39,54,7,54,7,48,7,39,7,39,7,39,7,7,7,48,48,54,7,39,54,48,54,54,54,7,39,39,7,39,7"
337,29.47,24.68,"13.26,15.49,16.84,18.45,20.20,21.74,23.03,24.11,24.84,25.43,25.90,26.35,26.81,27.26,27.73,28.26,28.56,28.90,29.22,29.47,29.62,29.70,29.79,30.20,30.40,30.84,30.96,31.35,31.32,31.76,32.01,32.10,32.38,32.52,32.73,32.88,33.42,33.49,33.48,33.98,34.26,34.66,34.62,34.71,34.64,35.24,35.14,35.88,36.04,36.21,36.54,36.50,36.82,36.79,36.96,37.47,37.72,37.68,38.23,37.74,38.29,38.31,38.65,38.37","4.34e+01,4.29e+01,3.67e+01,1.26e+01","11,3,11,3","1.68e+02; 3.37e+02; 4.77e+02,2.84e+01; 4.20e+02,2.54e+02; 4.59e+02,3.83e+02; 5.26e+02,4.84e+02; 6.02e+02,5.77e+02; 6.82e+02,6.65e+02; 7.65e+02,7.51e+02; 8.49e+02,8.35e+02; 9.33e+02,9.20e+02; 1.02e+03,1.00e+03; 1.10e+03,1.09e+03; 1.18e+03,1.17e+03; 1.25e+03,1.24e+03,2.65e+01; 1.32e+03,1.31e+03,6.07e+01; 1.37e+03,1.36e+03,1.29e+02; 1.46e+03,1.45e+03,1.18e+02; 1.57e+03,1.57e+03,5.78e+01; 1.69e+03,1.68e+03; 1.71e+03,1.71e+03,1.16e+02; 1.60e+03,1.59e+03,5.23e+02; 1.62e+03,1.61e+03,6.39e+02; 1.68e+03,1.67e+03,6.98e+02; 1.74e+03,1.73e+03,7.39e+02; 1.82e+03,1.81e+03,7.52e+02; 1.84e+03,1.83e+03,8.30e+02,4.17e+01; 1.95e+03,1.94e+03,8.32e+02; 1.90e+03,1.89e+03,1.10e+03; 1.94e+03,1.94e+03,1.17e+03; 2.01e+03,2.00e+03,1.22e+03; 2.02e+03,2.01e+03,1.23e+03,1.25e+02; 2.06e+03,2.05e+03,1.27e+03,1.84e+02; 2.00e+03,1.99e+03,1.22e+03,5.23e+02; 2.05e+03,2.04e+03,1.24e+03,5.61e+02; 2.17e+03,2.16e+03,1.25e+03,4.71e+02; 2.22e+03,2.22e+03,1.65e+03,1.34e+02; 2.09e+03,2.08e+03,1.34e+03,8.90e+02; 2.09e+03,2.08e+03,1.37e+03,1.03e+03; 2.11e+03,2.11e+03,1.40e+03,1.11e+03; 2.16e+03,2.15e+03,1.43e+03,1.16e+03; 2.17e+03,2.16e+03,1.41e+03,1.34e+03; 2.21e+03,2.21e+03,1.49e+03,1.33e+03; 2.25e+03,2.25e+03,1.54e+03,1.37e+03; 2.45e+03,2.44e+03,1.70e+03,9.93e+02; 2.39e+03,2.38e+03,1.68e+03,1.30e+03; 2.31e+03,2.30e+03,1.67e+03,1.64e+03; 2.35e+03,2.34e+03,1.70e+03,1.69e+03; 2.39e+03,2.38e+03,1.75e+03,1.73e+03; 2.42e+03,2.41e+03,1.82e+03,1.76e+03; 2.48e+03,2.48e+03,1.86e+03,1.77e+03; 2.50e+03,2.49e+03,1.94e+03,1.84e+03; 2.63e+03,2.62e+03,2.16e+03,1.52e+03; 2.55e+03,2.54e+03,2.08e+03,1.91e+03; 2.59e+03,2.58e+03,2.15e+03,1.94e+03; 2.62e+03,2.62e+03,2.20e+03,1.99e+03; 2.67e+03,2.66e+03,2.24e+03,2.03e+03; 2.71e+03,2.70e+03,2.29e+03,2.07e+03; 2.75e+03,2.74e+03,2.34e+03,2.11e+03; 2.85e+03,2.84e+03,2.31e+03,2.10e+03; 3.21e+03,3.21e+03,2.84e+03,1.01e+03; 2.86e+03,2.85e+03,2.51e+03,2.22e+03; 2.89e+03,2.89e+03,2.56e+03,2.27e+03; 2.93e+03,2.93e+03,2.60e+03,2.32e+03","63,63,63,63,63,63,63,63,63,63,63,63,63,63,63,63,63,63,63,63,6,7,63,63,63,63,7,55,7,63,63,55,7,55,63,63,55,6,63,63,63,7,7,7,55,63,55,55,7,63,63,63,6,7,63,55,6,63,6,7,55,55,63,7"
338,25.54,23.00,"11.72,13.95,15.30,16.28,17.01,17.57,18.25,19.21,19.63,20.04,20.47,20.92,21.26,21.62,22.03,22.52,22.75,23.05,23.38,23.72,24.07,24.23,24.46,24.77,24.99,25.21,25.43,25.74,26.05,26.20,26.38,26.52,26.74,26.78,27.15,27.35,27.54,27.73,27.78,28.15,28.29,28.29,28.70,28.51,28.96,29.14,29.40,29.45,29.73,29.88,29.96,29.96,30.19,30.48,30.91,30.71,31.14,31.03,31.04,31.07,31.54,31.52,31.57,31.93","2.49e+01,2.43e+01,1.35e+01,1.70e-03","12,4,12,4","7.78e+01; 1.56e+02; 2.33e+02; 3.11e+02; 3.89e+02; 4.38e+02,2.87e+01; 3.91e+02,1.53e+02; 3.73e+02,2.49e+02; 4.01e+02,2.82e+02,1.67e+01; 4.19e+02,3.00e+02,5.87e+01; 4.39e+02,3.17e+02,9.86e+01; 4.72e+02,3.53e+02,1.08e+02; 4.93e+02,3.60e+02,1.58e+02; 5.18e+02,3.79e+02,1.92e+02; 5.40e+02,4.11e+02,2.15e+02; 5.58e+02,4.50e+02,2.35e+02; 5.88e+02,4.79e+02,2.55e+02; 6.15e+02,5.03e+02,2.82e+02; 6.40e+02,5.27e+02,3.11e+02; 6.73e+02,5.65e+02,3.17e+02; 6.88e+02,5.72e+02,3.73e+02; 7.10e+02,5.88e+02,4.12e+02; 7.35e+02,6.14e+02,4.39e+02; 7.56e+02,6.44e+02,4.66e+02; 7.84e+02,6.73e+02,4.88e+02; 8.24e+02,7.04e+02,4.94e+02; 8.45e+02,7.27e+02,5.28e+02; 8.96e+02,7.82e+02,4.99e+02; 8.88e+02,7.75e+02,5.93e+02; 9.11e+02,8.01e+02,6.21e+02; 9.35e+02,8.25e+02,6.51e+02; 9.56e+02,8.48e+02,6.72e+02,1.18e+01; 9.79e+02,8.75e+02,6.92e+02,2.04e+01; 1.00e+03,8.89e+02,7.09e+02,4.32e+01; 1.04e+03,9.20e+02,7.63e+02; 1.10e+03,9.78e+02,7.20e+02; 1.09e+03,9.78e+02,8.11e+02; 1.13e+03,1.00e+03,8.21e+02; 1.10e+03,9.82e+02,8.31e+02,1.21e+02; 1.20e+03,1.06e+03,8.50e+02; 1.23e+03,1.09e+03,8.67e+02; 1.26e+03,1.12e+03,8.82e+02; 1.29e+03,1.15e+03,9.02e+02; 1.35e+03,1.21e+03,8.67e+02; 1.29e+03,1.18e+03,1.03e+03; 1.36e+03,1.22e+03,9.95e+02; 1.39e+03,1.25e+03,1.01e+03; 1.42e+03,1.29e+03,1.02e+03; 1.45e+03,1.32e+03,1.04e+03; 1.48e+03,1.35e+03,1.06e+03; 1.51e+03,1.38e+03,1.08e+03; 1.43e+03,1.34e+03,9.73e+02,2.96e+02; 1.48e+03,1.40e+03,1.24e+03; 1.46e+03,1.38e+03,1.21e+03,1.47e+02; 1.61e+03,1.50e+03,1.16e+03; 1.64e+03,1.53e+03,1.18e+03; 1.67e+03,1.56e+03,1.20e+03; 1.70e+03,1.59e+03,1.22e+03; 1.73e+03,1.62e+03,1.24e+03; 1.72e+03,1.63e+03,1.09e+03,2.26e+02; 1.88e+03,1.79e+03,1.07e+03; 1.74e+03,1.66e+03,1.42e+03; 1.69e+03,1.62e+03,1.43e+03,1.65e+02; 1.87e+03,1.77e+03,1.34e+03","55,55,55,55,55,55,55,55,55,55,55,55,55,55,55,55,55,55,55,55,55,48,55,55,55,55,55,55,55,54,55,55,55,54,48,48,48,48,48,48,55,54,60,48,48,48,55,55,55,55,54,55,48,55,55,55,60,55,54,55,60,55,54,48"
346,16.34,17.94,"6.65,8.54,10.07,11.47,12.71,13.77,14.69,15.49,16.17,16.70,17.14,17.53,17.91,18.31,18.73,19.14,19.52,19.84,20.10,20.34,20.57,20.82,21.09,21.36,21.63,21.86,22.05,22.22,22.39,22.56,22.76,22.96,23.16,23.43,23.58,23.73,23.87,24.01,24.16,24.34,24.53,24.68,24.81,24.93,25.05,25.17,25.30,25.44,25.62,25.75,25.87,25.97,26.07,26.18,26.28,26.41,26.57,26.69,26.79,26.89,26.98,27.07,27.17,27.27","5.57e-01,4.81e-01,2.01e-05,1.30e-05","5,5,5,5","1.29e+00; 2.24e+00,3.40e-01; 2.95e+00,9.13e-01; 3.40e+00,1.75e+00; 3.91e+00,2.54e+00; 4.44e+00,3.29e+00; 4.99e+00,4.03e+00; 5.55e+00,4.76e+00; 6.15e+00,5.44e+00; 6.80e+00,6.08e+00; 7.48e+00,6.69e+00; 8.16e+00,7.30e+00; 8.83e+00,7.92e+00; 9.47e+00,8.57e+00; 1.01e+01,9.23e+00; 1.07e+01,9.92e+00; 1.13e+01,1.06e+01; 1.19e+01,1.12e+01; 1.25e+01,1.17e+01,2.61e-01; 1.28e+01,1.20e+01,9.11e-01; 1.32e+01,1.24e+01,1.51e+00; 1.48e+01,1.36e+01; 1.54e+01,1.42e+01; 1.61e+01,1.48e+01; 1.68e+01,1.54e+01; 1.74e+01,1.61e+01; 1.81e+01,1.67e+01; 1.88e+01,1.73e+01; 1.95e+01,1.79e+01; 2.02e+01,1.85e+01; 2.08e+01,1.91e+01; 2.15e+01,1.98e+01; 2.21e+01,2.04e+01; 2.03e+01,1.92e+01,4.34e+00; 2.09e+01,1.98e+01,4.42e+00; 2.15e+01,2.03e+01,4.60e+00; 2.20e+01,2.07e+01,4.89e+00; 2.25e+01,2.12e+01,5.27e+00; 2.31e+01,2.18e+01,5.35e+00; 2.48e+01,2.31e+01,3.61e+00; 2.51e+01,2.34e+01,4.35e+00; 2.45e+01,2.31e+01,6.48e+00; 2.51e+01,2.37e+01,6.59e+00; 2.57e+01,2.43e+01,6.71e+00; 2.63e+01,2.48e+01,6.87e+00; 2.69e+01,2.53e+01,7.05e+00; 2.75e+01,2.59e+01,7.19e+00; 2.89e+01,2.70e+01,5.94e+00; 2.90e+01,2.71e+01,6.97e+00; 2.95e+01,2.76e+01,7.31e+00; 3.00e+01,2.81e+01,7.54e+00; 3.05e+01,2.86e+01,7.91e+00; 3.09e+01,2.90e+01,8.38e+00; 3.14e+01,2.94e+01,8.74e+00; 3.20e+01,2.99e+01,8.99e+00; 3.15e+01,2.98e+01,1.08e+01; 3.19e+01,3.01e+01,1.14e+01; 3.24e+01,3.06e+01,1.17e+01; 3.29e+01,3.11e+01,1.20e+01; 3.35e+01,3.16e+01,1.23e+01; 3.39e+01,3.20e+01,1.26e+01; 3.44e+01,3.24e+01,1.30e+01; 3.50e+01,3.30e+01,1.32e+01; 3.54e+01,3.34e+01,1.36e+01","33,33,33,33,33,33,33,33,33,33,33,33,33,33,33,33,33,33,33,33,33,33,33,33,33,33,33,33,33,33,33,33,33,33,33,33,33,33,33,33,33,33,33,33,33,33,33,33,33,33,33,33,33,33,33,33,33,33,33,33,33,33,33,33"
347,3.22,3.52,"0.24,0.70,1.16,1.57,1.94,2.25,2.53,2.77,3.01,3.26,3.51,3.73,3.94,4.14,4.33,4.52,4.70,4.88,5.05,5.20,5.35,5.50,5.66,5.82,5.97,6.12,6.25,6.37,6.49,6.61,6.74,6.87,7.01,7.13,7.24,7.34,7.44,7.54,7.65,7.76,7.88,7.99,8.09,8.18,8.26,8.34,8.44,8.54,8.65,8.75,8.84,8.91,8.99,9.06,9.15,9.24,9.34,9.43,9.51,9.58,9.65,9.72,9.80,9.88","7.59e-04,5.84e-08,3.01e-08,1.82e-08","4,4,4,4","9.42e-04; 1.88e-03; 2.83e-03; 3.77e-03; 4.71e-03; 5.65e-03; 6.60e-03; 7.54e-03; 8.40e-03,8.03e-05; 9.00e-03,4.24e-04; 9.83e-03,5.33e-04; 1.07e-02,6.01e-04; 1.15e-02,7.96e-04; 1.17e-02,1.51e-03; 1.20e-02,2.17e-03; 1.21e-02,2.98e-03; 1.23e-02,3.71e-03; 1.27e-02,4.22e-03; 1.34e-02,4.55e-03; 1.40e-02,4.81e-03; 1.47e-02,5.10e-03; 1.52e-02,5.53e-03; 1.56e-02,6.10e-03; 1.58e-02,6.83e-03; 1.60e-02,7.52e-03; 1.64e-02,8.07e-03; 1.70e-02,8.49e-03; 1.76e-02,8.82e-03; 1.82e-02,9.17e-03; 1.87e-02,9.59e-03; 1.91e-02,1.01e-02; 1.94e-02,1.08e-02; 1.96e-02,1.15e-02; 2.00e-02,1.20e-02; 2.05e-02,1.25e-02; 2.11e-02,1.29e-02; 2.16e-02,1.32e-02; 2.21e-02,1.37e-02; 2.26e-02,1.42e-02; 2.29e-02,1.48e-02; 2.32e-02,1.54e-02; 2.36e-02,1.60e-02; 2.40e-02,1.65e-02; 2.46e-02,1.69e-02; 2.51e-02,1.73e-02; 2.56e-02,1.77e-02; 2.61e-02,1.82e-02; 2.64e-02,1.88e-02; 2.67e-02,1.94e-02; 2.71e-02,2.00e-02; 2.76e-02,2.05e-02; 2.81e-02,2.09e-02; 2.86e-02,2.13e-02; 2.91e-02,2.18e-02; 2.96e-02,2.23e-02; 2.97e-02,2.26e-02,4.38e-04; 2.93e-02,2.25e-02,1.90e-03; 2.96e-02,2.29e-02,2.14e-03; 3.00e-02,2.33e-02,2.31e-03; 3.03e-02,2.35e-02,2.74e-03; 3.06e-02,2.36e-02,3.25e-03; 3.10e-02,2.39e-02,3.56e-03; 3.13e-02,2.43e-02,3.71e-03; 3.16e-02,2.47e-02,4.05e-03","33,33,33,33,33,33,33,33,33,33,33,33,33,33,33,33,33,33,33,33,33,33,33,33,33,33,33,33,33,33,33,33,33,33,33,33,33,33,33,33,33,33,33,33,33,33,33,33,33,33,33,33,33,33,33,33,33,33,33,33,33,33,33,33"
348,5.53,5.32,"0.36,0.98,1.54,2.03,2.44,2.79,3.08,3.33,3.58,3.85,4.11,4.35,4.57,4.78,4.97,5.14,5.30,5.47,5.63,5.78,5.92,6.07,6.20,6.33,6.45,6.57,6.69,6.80,6.91,7.01,7.12,7.22,7.32,7.42,7.51,7.60,7.69,7.78,7.86,7.95,8.04,8.12,8.20,8.27,8.34,8.42,8.49,8.57,8.64,8.72,8.79,8.85,8.91,8.98,9.05,9.12,9.18,9.25,9.31,9.37,9.43,9.49,9.55,9.61","3.94e-03,2.44e-07,9.06e-08,5.23e-08","5,5,5,5","4.89e-03; 9.79e-03; 1.47e-02; 1.96e-02; 2.45e-02; 2.94e-02; 3.42e-02; 3.74e-02,1.73e-03; 3.75e-02,6.49e-03; 4.08e-02,8.10e-03; 4.52e-02,8.64e-03; 5.16e-02,7.09e-03; 5.61e-02,7.47e-03; 5.94e-02,9.09e-03; 6.17e-02,1.17e-02; 6.19e-02,1.64e-02; 6.41e-02,1.91e-02; 6.71e-02,2.10e-02; 7.10e-02,2.20e-02; 7.52e-02,2.27e-02; 7.91e-02,2.37e-02; 8.25e-02,2.51e-02; 8.54e-02,2.71e-02; 8.79e-02,2.96e-02; 8.99e-02,3.24e-02; 9.26e-02,3.46e-02; 9.62e-02,3.59e-02; 1.00e-01,3.68e-02; 1.04e-01,3.78e-02; 1.07e-01,3.94e-02; 1.10e-01,4.15e-02; 1.12e-01,4.42e-02; 1.14e-01,4.72e-02; 1.17e-01,4.97e-02; 1.20e-01,5.13e-02; 1.24e-01,5.25e-02; 1.27e-01,5.36e-02; 1.31e-01,5.53e-02; 1.33e-01,5.76e-02; 1.35e-01,6.04e-02; 1.37e-01,6.36e-02; 1.39e-01,6.62e-02; 1.42e-01,6.81e-02; 1.46e-01,6.95e-02; 1.49e-01,7.08e-02; 1.53e-01,7.25e-02; 1.55e-01,7.48e-02; 1.57e-01,7.76e-02; 1.59e-01,8.09e-02; 1.61e-01,8.37e-02; 1.64e-01,8.58e-02; 1.67e-01,8.74e-02; 1.71e-01,8.88e-02; 1.74e-01,9.06e-02; 1.76e-01,9.30e-02; 1.78e-01,9.59e-02; 1.80e-01,9.93e-02; 1.82e-01,1.02e-01; 1.84e-01,1.04e-01; 1.87e-01,1.06e-01; 1.91e-01,1.08e-01; 1.94e-01,1.10e-01; 1.96e-01,1.12e-01; 1.98e-01,1.15e-01","16,16,16,16,16,16,16,16,16,16,16,16,16,16,16,16,16,16,16,16,16,16,16,16,16,16,16,16,16,16,16,16,16,16,16,16,16,16,16,16,16,16,16,16,16,16,16,16,16,16,16,16,16,16,16,16,16,16,16,16,16,16,16,16"
349,16.25,15.20,"2.94,4.61,6.06,7.50,8.62,9.57,10.58,11.56,12.31,12.91,13.48,14.10,14.68,15.21,15.77,16.36,16.88,17.32,17.73,18.14,18.53,18.89,19.27,19.66,20.05,20.38,20.69,21.00,21.30,21.59,21.88,22.20,22.50,22.77,23.02,23.28,23.53,23.76,23.99,24.25,24.50,24.72,24.91,25.12,25.32,25.51,25.71,25.92,26.14,26.33,26.52,26.70,26.89,27.06,27.23,27.43,27.61,27.78,27.93,28.08,28.24,28.38,28.53,28.70","2.28e-02,2.23e-02,1.95e-02,1.50e-06","5,5,5,5","8.02e-02; 1.60e-01; 1.60e-01,8.10e-02; 1.82e-01,1.39e-01; 2.14e-01,1.88e-01; 2.19e-01,1.97e-01,6.50e-02; 2.28e-01,2.07e-01,1.27e-01; 2.45e-01,2.24e-01,1.73e-01; 2.69e-01,2.48e-01,2.05e-01; 2.99e-01,2.76e-01,2.27e-01; 3.08e-01,2.77e-01,2.23e-01,7.43e-02; 3.23e-01,2.83e-01,2.35e-01,1.22e-01; 3.41e-01,2.97e-01,2.50e-01,1.56e-01; 3.60e-01,3.16e-01,2.55e-01,1.93e-01; 3.77e-01,3.34e-01,2.66e-01,2.25e-01; 3.96e-01,3.54e-01,2.91e-01,2.42e-01; 4.15e-01,3.74e-01,3.13e-01,2.62e-01; 4.42e-01,3.99e-01,3.30e-01,2.74e-01; 4.64e-01,4.14e-01,3.44e-01,3.03e-01; 4.84e-01,4.27e-01,3.65e-01,3.28e-01; 5.05e-01,4.44e-01,3.86e-01,3.50e-01; 5.26e-01,4.67e-01,3.99e-01,3.73e-01; 5.45e-01,4.88e-01,4.16e-01,3.97e-01; 5.64e-01,5.07e-01,4.39e-01,4.15e-01; 5.83e-01,5.29e-01,4.62e-01,4.31e-01; 6.05e-01,5.54e-01,4.78e-01,4.48e-01; 6.28e-01,5.74e-01,4.96e-01,4.69e-01; 6.50e-01,5.90e-01,5.18e-01,4.89e-01; 6.71e-01,6.08e-01,5.39e-01,5.08e-01; 6.93e-01,6.31e-01,5.56e-01,5.28e-01; 7.13e-01,6.55e-01,5.75e-01,5.45e-01; 7.33e-01,6.76e-01,6.00e-01,5.58e-01; 7.52e-01,6.96e-01,6.22e-01,5.79e-01; 7.72e-01,7.18e-01,6.38e-01,6.00e-01; 7.94e-01,7.37e-01,6.54e-01,6.24e-01; 8.14e-01,7.53e-01,6.76e-01,6.46e-01; 8.35e-01,7.69e-01,6.98e-01,6.67e-01; 8.56e-01,7.89e-01,7.14e-01,6.90e-01; 8.76e-01,8.10e-01,7.31e-01,7.12e-01; 8.95e-01,8.30e-01,7.54e-01,7.31e-01; 9.14e-01,8.53e-01,7.77e-01,7.46e-01; 9.36e-01,8.76e-01,7.94e-01,7.64e-01; 9.58e-01,8.96e-01,8.12e-01,7.85e-01; 9.79e-01,9.13e-01,8.34e-01,8.05e-01; 1.00e+00,9.31e-01,8.56e-01,8.24e-01; 1.02e+00,9.53e-01,8.74e-01,8.43e-01; 1.04e+00,9.75e-01,8.93e-01,8.62e-01; 1.06e+00,9.95e-01,9.16e-01,8.78e-01; 1.08e+00,1.02e+00,9.38e-01,8.96e-01; 1.10e+00,1.04e+00,9.56e-01,9.14e-01; 1.12e+00,1.06e+00,9.75e-01,9.34e-01; 1.14e+00,1.08e+00,9.97e-01,9.53e-01; 1.16e+00,1.10e+00,1.02e+00,9.72e-01; 1.19e+00,1.12e+00,1.04e+00,9.92e-01; 1.21e+00,1.14e+00,1.06e+00,1.01e+00; 1.23e+00,1.16e+00,1.08e+00,1.03e+00; 1.24e+00,1.18e+00,1.10e+00,1.04e+00; 1.27e+00,1.20e+00,1.12e+00,1.06e+00; 1.29e+00,1.22e+00,1.14e+00,1.09e+00; 1.31e+00,1.24e+00,1.16e+00,1.11e+00; 1.33e+00,1.26e+00,1.18e+00,1.13e+00; 1.35e+00,1.28e+00,1.20e+00,1.15e+00; 1.37e+00,1.30e+00,1.22e+00,1.17e+00; 1.39e+00,1.32e+00,1.24e+00,1.19e+00","33,33,33,33,33,33,33,33,33,33,33,33,33,33,33,33,33,33,33,33,33,33,33,33,33,33,33,33,33,33,33,33,33,33,33,33,33,33,33,33,33,33,33,33,33,33,33,33,33,33,33,33,33,33,33,33,33,33,33,33,33,33,33,33"
350,0.59,0.40,"0.00,0.02,0.03,0.06,0.09,0.12,0.15,0.18,0.22,0.26,0.32,0.37,0.42,0.48,0.53,0.57,0.62,0.67,0.72,0.78,0.84,0.90,0.95,1.00,1.04,1.09,1.14,1.19,1.25,1.30,1.35,1.40,1.43,1.48,1.53,1.58,1.63,1.68,1.72,1.76,1.79,1.83,1.88,1.92,1.97,2.01,2.05,2.09,2.12,2.16,2.20,2.24,2.28,2.32,2.36,2.39,2.42,2.45,2.49,2.52,2.56,2.60,2.63,2.67","3.74e-05,4.20e-09,1.50e-09,8.70e-10","1,1,1,1","4.65e-05; 9.29e-05; 1.39e-04; 1.86e-04; 2.32e-04; 2.79e-04; 3.25e-04; 3.72e-04; 4.18e-04; 4.65e-04; 5.11e-04; 5.58e-04; 6.04e-04; 6.50e-04; 6.97e-04; 7.43e-04; 7.90e-04; 8.36e-04; 8.83e-04; 9.29e-04; 9.76e-04; 1.02e-03; 1.07e-03; 1.12e-03; 1.16e-03; 1.21e-03; 1.25e-03; 1.30e-03; 1.35e-03; 1.39e-03; 1.44e-03; 1.49e-03; 1.53e-03; 1.58e-03; 1.63e-03; 1.67e-03; 1.72e-03; 1.77e-03; 1.81e-03; 1.86e-03; 1.90e-03; 1.95e-03; 2.00e-03; 2.04e-03; 2.09e-03; 2.14e-03; 2.18e-03; 2.23e-03; 2.28e-03; 2.32e-03; 2.37e-03; 2.42e-03; 2.46e-03; 2.51e-03; 2.56e-03; 2.60e-03; 2.65e-03; 2.68e-03,1.18e-05; 2.71e-03,2.66e-05; 2.76e-03,2.80e-05; 2.81e-03,2.53e-05; 2.85e-03,2.97e-05; 2.88e-03,4.73e-05; 2.89e-03,7.97e-05","24,24,24,24,24,24,24,24,24,24,24,24,24,24,24,24,24,24,24,24,24,24,24,24,24,24,24,24,24,24,24,24,24,24,24,24,24,24,24,24,24,24,24,24,24,24,24,24,24,24,24,24,24,24,24,24,24,24,24,24,24,24,24,24"
351,12.46,11.55,"4.76,7.02,8.41,9.36,10.05,10.54,10.90,11.16,11.44,11.76,12.08,12.38,12.65,12.87,13.04,13.17,13.31,13.47,13.65,13.83,14.00,14.14,14.24,14.32,14.43,14.55,14.66,14.78,14.88,14.99,15.08,15.18,15.29,15.41,15.52,15.62,15.72,15.82,15.92,16.01,16.12,16.23,16.34,16.44,16.53,16.62,16.71,16.80,16.91,17.01,17.12,17.21,17.30,17.38,17.46,17.54,17.65,17.74,17.84,17.93,18.01,18.08,18.16,18.23","3.44e-01,2.69e-05,1.23e-05,8.73e-06","3,3,3,3","4.27e-01; 8.53e-01; 1.28e+00; 1.71e+00; 2.13e+00; 2.56e+00; 2.99e+00; 3.41e+00; 3.84e+00; 4.27e+00; 4.69e+00; 5.12e+00; 5.55e+00; 5.97e+00; 6.40e+00; 6.83e+00; 7.25e+00; 7.68e+00; 8.11e+00; 8.53e+00; 8.96e+00; 9.39e+00; 9.61e+00,2.09e-01; 9.80e+00,4.44e-01; 9.74e+00,7.71e-01,1.55e-01; 9.69e+00,1.21e+00,1.94e-01; 9.75e+00,1.47e+00,3.02e-01; 9.81e+00,1.53e+00,6.01e-01; 9.90e+00,1.68e+00,7.91e-01; 9.96e+00,1.89e+00,9.43e-01; 9.98e+00,1.97e+00,1.28e+00; 9.95e+00,2.10e+00,1.60e+00; 9.88e+00,2.64e+00,1.56e+00; 9.88e+00,3.04e+00,1.59e+00; 9.94e+00,3.22e+00,1.78e+00; 1.00e+01,3.27e+00,2.05e+00; 1.02e+01,3.34e+00,2.29e+00; 1.03e+01,3.43e+00,2.52e+00; 1.03e+01,3.59e+00,2.71e+00; 1.04e+01,3.88e+00,2.79e+00; 1.04e+01,4.32e+00,2.79e+00; 1.04e+01,4.62e+00,2.88e+00; 1.05e+01,4.78e+00,3.07e+00; 1.06e+01,4.88e+00,3.28e+00; 1.08e+01,4.97e+00,3.48e+00; 1.09e+01,5.09e+00,3.66e+00; 1.10e+01,5.26e+00,3.81e+00; 1.11e+01,5.47e+00,3.93e+00; 1.11e+01,5.82e+00,3.97e+00; 1.12e+01,6.09e+00,4.07e+00; 1.13e+01,6.27e+00,4.22e+00; 1.14e+01,6.40e+00,4.40e+00; 1.15e+01,6.51e+00,4.57e+00; 1.17e+01,6.62e+00,4.75e+00; 1.18e+01,6.77e+00,4.91e+00; 1.19e+01,6.94e+00,5.05e+00; 1.20e+01,7.25e+00,5.11e+00; 1.20e+01,7.51e+00,5.21e+00; 1.21e+01,7.70e+00,5.34e+00; 1.23e+01,7.84e+00,5.50e+00; 1.24e+01,7.95e+00,5.67e+00; 1.25e+01,8.06e+00,5.85e+00; 1.27e+01,8.19e+00,6.02e+00; 1.28e+01,8.35e+00,6.16e+00","32,32,32,32,32,32,32,32,32,32,32,32,32,32,32,32,32,32,32,32,32,32,32,32,32,32,32,32,32,32,32,32,32,32,32,32,32,32,32,32,32,32,32,32,32,32,32,32,32,32,32,32,32,32,32,32,32,32,32,32,32,32,32,32"
352,13.00,12.58,"5.87,8.15,9.53,10.48,11.15,11.62,11.96,12.21,12.50,12.82,13.16,13.47,13.74,13.96,14.17,14.40,14.61,14.81,15.04,15.29,15.52,15.72,15.91,16.14,16.32,16.47,16.64,16.84,17.03,17.20,17.36,17.55,17.71,17.83,17.96,18.12,18.28,18.43,18.57,18.72,18.87,18.98,19.08,19.20,19.34,19.48,19.60,19.72,19.87,19.96,20.05,20.15,20.27,20.39,20.48,20.59,20.72,20.79,20.85,20.90,20.98,21.07,21.15,21.23","5.00e-01,1.43e-05,6.99e-06,4.04e-06","15,15,15,15","6.20e-01; 1.24e+00; 1.86e+00; 2.48e+00; 3.10e+00; 3.72e+00; 4.34e+00; 4.96e+00; 5.58e+00; 6.20e+00; 6.82e+00; 7.44e+00; 7.70e+00,3.69e-01; 7.81e+00,8.73e-01; 7.72e+00,1.58e+00; 7.46e+00,2.47e+00; 7.63e+00,2.92e+00; 7.91e+00,3.25e+00; 8.18e+00,3.61e+00; 8.40e+00,4.01e+00; 8.63e+00,4.40e+00; 8.87e+00,4.77e+00; 9.06e+00,5.21e+00; 9.17e+00,5.72e+00; 9.39e+00,6.12e+00; 9.68e+00,6.45e+00; 9.98e+00,6.77e+00; 1.02e+01,7.12e+00; 1.05e+01,7.48e+00; 1.08e+01,7.83e+00; 1.10e+01,8.20e+00; 1.12e+01,8.61e+00; 1.15e+01,8.99e+00; 1.18e+01,9.31e+00; 1.21e+01,9.63e+00; 1.24e+01,9.96e+00; 1.27e+01,1.03e+01; 1.29e+01,1.06e+01; 1.32e+01,1.10e+01; 1.35e+01,1.14e+01; 1.37e+01,1.17e+01; 1.40e+01,1.20e+01; 1.43e+01,1.24e+01; 1.46e+01,1.27e+01; 1.49e+01,1.30e+01; 1.52e+01,1.33e+01; 1.55e+01,1.37e+01; 1.58e+01,1.40e+01; 1.60e+01,1.44e+01; 1.63e+01,1.47e+01; 1.66e+01,1.50e+01; 1.69e+01,1.53e+01; 1.72e+01,1.57e+01; 1.75e+01,1.60e+01; 1.78e+01,1.63e+01,2.97e-02; 1.80e+01,1.66e+01,1.60e-01; 1.82e+01,1.69e+01,2.34e-01; 1.84e+01,1.71e+01,5.01e-01; 1.87e+01,1.74e+01,5.58e-01; 1.88e+01,1.75e+01,9.65e-01; 1.89e+01,1.76e+01,1.34e+00; 1.91e+01,1.78e+01,1.65e+00; 1.92e+01,1.79e+01,1.93e+00; 1.94e+01,1.82e+01,2.16e+00","32,32,32,32,32,32,32,32,32,32,32,32,32,32,32,32,32,32,32,32,32,32,32,32,32,32,32,32,32,32,32,32,32,32,32,32,32,32,32,32,32,32,32,32,32,32,32,32,32,32,32,32,32,32,32,32,32,32,38,32,32,32,32,32"
353,12.04,11.86,"4.93,7.15,8.49,9.42,10.08,10.56,10.91,11.17,11.47,11.79,12.11,12.41,12.67,12.88,13.05,13.18,13.33,13.50,13.68,13.86,14.02,14.16,14.28,14.37,14.46,14.57,14.70,14.82,14.94,15.05,15.14,15.21,15.28,15.36,15.46,15.56,15.66,15.75,15.83,15.90,15.99,16.09,16.18,16.28,16.37,16.46,16.53,16.60,16.71,16.81,16.91,16.99,17.08,17.16,17.23,17.29,17.43,17.53,17.62,17.71,17.79,17.87,17.93,17.99","2.57e-01,1.39e-05,6.53e-06,3.84e-06","12,12,12,12","3.19e-01; 6.38e-01; 9.58e-01; 1.28e+00; 1.60e+00; 1.92e+00; 2.23e+00; 2.55e+00; 2.87e+00; 3.19e+00; 3.51e+00; 3.83e+00; 4.15e+00; 4.47e+00; 4.79e+00; 5.11e+00; 5.43e+00; 5.75e+00; 6.07e+00; 6.38e+00; 6.70e+00; 7.02e+00; 7.34e+00; 7.66e+00; 7.98e+00; 8.30e+00; 8.62e+00; 8.94e+00; 9.26e+00; 9.58e+00; 9.90e+00; 1.02e+01; 1.04e+01,1.30e-01; 1.03e+01,5.44e-01; 1.03e+01,8.31e-01; 1.04e+01,1.08e+00; 1.05e+01,1.30e+00; 1.07e+01,1.47e+00; 1.08e+01,1.64e+00; 1.09e+01,1.89e+00; 1.06e+01,2.53e+00; 1.05e+01,2.90e+00; 1.06e+01,3.16e+00; 1.07e+01,3.39e+00; 1.08e+01,3.59e+00; 1.09e+01,3.77e+00; 1.11e+01,3.93e+00; 1.12e+01,4.11e+00; 1.10e+01,4.66e+00; 1.10e+01,5.00e+00; 1.10e+01,5.24e+00; 1.12e+01,5.45e+00; 1.13e+01,5.64e+00; 1.14e+01,5.82e+00; 1.16e+01,5.98e+00; 1.17e+01,6.14e+00; 1.16e+01,6.60e+00; 1.16e+01,6.91e+00; 1.17e+01,7.14e+00; 1.18e+01,7.34e+00; 1.20e+01,7.52e+00; 1.21e+01,7.70e+00; 1.22e+01,7.86e+00; 1.24e+01,8.02e+00","47,47,47,47,47,47,47,47,47,47,47,47,47,47,47,47,47,47,47,47,47,47,47,47,47,47,47,47,47,47,47,47,47,47,47,47,47,47,47,47,47,47,47,47,47,47,47,47,47,47,47,47,47,47,47,47,47,47,47,47,47,47,47,47"
354,0.92,0.68,"0.01,0.03,0.06,0.10,0.15,0.19,0.24,0.29,0.35,0.41,0.49,0.57,0.64,0.71,0.77,0.83,0.89,0.96,1.03,1.11,1.18,1.24,1.30,1.36,1.41,1.47,1.54,1.60,1.67,1.73,1.78,1.83,1.87,1.93,1.98,2.04,2.10,2.15,2.20,2.25,2.29,2.33,2.38,2.43,2.48,2.53,2.58,2.62,2.65,2.70,2.74,2.79,2.84,2.88,2.92,2.96,3.00,3.04,3.08,3.12,3.16,3.20,3.24,3.28","6.48e-05,4.33e-09,1.85e-09,1.39e-09","1,1,1,1","8.04e-05; 1.61e-04; 2.41e-04; 3.22e-04; 4.02e-04; 4.83e-04; 5.63e-04; 6.44e-04; 7.24e-04; 8.04e-04; 8.85e-04; 9.65e-04; 1.05e-03; 1.13e-03; 1.21e-03; 1.29e-03; 1.37e-03; 1.45e-03; 1.53e-03; 1.61e-03; 1.69e-03; 1.77e-03; 1.85e-03; 1.93e-03; 2.01e-03; 2.09e-03; 2.17e-03; 2.25e-03; 2.33e-03; 2.41e-03; 2.49e-03; 2.57e-03; 2.65e-03; 2.74e-03; 2.82e-03; 2.90e-03; 2.98e-03; 3.06e-03; 3.14e-03; 3.22e-03; 3.30e-03; 3.34e-03,3.55e-05; 3.40e-03,5.46e-05; 3.49e-03,4.90e-05; 3.58e-03,4.23e-05; 3.65e-03,5.02e-05; 3.70e-03,8.10e-05; 3.72e-03,1.39e-04; 3.73e-03,2.16e-04; 3.75e-03,2.68e-04; 3.81e-03,2.88e-04; 3.89e-03,2.88e-04; 3.98e-03,2.80e-04; 4.06e-03,2.85e-04; 4.11e-03,3.13e-04; 4.14e-03,3.65e-04; 4.05e-03,5.37e-04; 4.07e-03,5.93e-04; 4.13e-03,6.21e-04; 4.20e-03,6.30e-04; 4.28e-03,6.32e-04; 4.35e-03,6.42e-04; 4.40e-03,6.71e-04; 4.42e-03,7.24e-04","25,25,25,25,25,25,25,25,25,25,25,25,25,25,25,25,25,25,25,25,25,25,25,25,25,25,25,25,25,25,25,25,25,25,25,25,25,25,25,25,25,25,25,25,25,25,25,25,25,25,25,25,25,25,25,25,25,25,25,25,25,25,25,25"
355,0.73,0.55,"0.01,0.02,0.05,0.08,0.12,0.16,0.20,0.25,0.30,0.36,0.42,0.49,0.55,0.62,0.68,0.74,0.79,0.85,0.92,0.99,1.05,1.12,1.17,1.23,1.28,1.34,1.40,1.46,1.52,1.57,1.63,1.68,1.72,1.77,1.82,1.88,1.93,1.98,2.03,2.07,2.11,2.16,2.20,2.25,2.30,2.34,2.39,2.42,2.46,2.50,2.54,2.58,2.63,2.67,2.71,2.74,2.77,2.81,2.85,2.89,2.92,2.96,3.00,3.03","4.89e-05,3.59e-09,1.18e-09,7.39e-10","5,5,5,5",6.07e-05; 1.21e-04; 1.82e-04; 2.43e-04; 3.04e-04; 3.64e-04; 4.25e-04; 4.86e-04; 5.47e-04; 6.07e-04; 6.68e-04; 7.29e-04; 7.90e-04; 8.50e-04; 9.11e-04; 9.72e-04; 1.03e-03; 1.09e-03; 1.15e-03; 1.21e-03; 1.28e-03; 1.34e-03; 1.40e-03; 1.46e-03; 1.52e-03; 1.58e-03; 1.64e-03; 1.70e-03; 1.76e-03; 1.82e-03; 1.88e-03; 1.94e-03; 2.00e-03; 2.06e-03; 2.13e-03; 2.19e-03; 2.25e-03; 2.31e-03; 2.37e-03; 2.43e-03; 2.49e-03; 2.55e-03; 2.61e-03; 2.67e-03; 2.73e-03; 2.79e-03; 2.85e-03; 2.92e-03; 2.98e-03; 3.04e-03; 3.10e-03; 3.16e-03; 3.22e-03; 3.28e-03; 3.34e-03; 3.40e-03; 3.46e-03; 3.52e-03; 3.58e-03; 3.64e-03; 3.70e-03; 3.77e-03; 3.83e-03; 3.89e-03,"25,25,25,25,25,25,25,25,25,25,25,25,25,25,25,25,25,25,25,25,25,25,25,25,25,25,25,25,25,25,25,25,25,25,25,25,25,25,25,25,25,25,25,25,25,25,25,25,25,25,25,25,25,25,25,25,25,25,25,25,25,25,25,25"
356,1.37,1.54,"0.03,0.11,0.21,0.33,0.45,0.57,0.68,0.79,0.90,1.04,1.19,1.33,1.46,1.57,1.68,1.77,1.86,1.97,2.08,2.19,2.30,2.39,2.49,2.57,2.66,2.75,2.85,2.94,3.02,3.11,3.20,3.28,3.36,3.45,3.54,3.62,3.71,3.79,3.87,3.95,4.03,4.11,4.19,4.27,4.35,4.43,4.51,4.59,4.66,4.73,4.81,4.88,4.96,5.03,5.10,5.17,5.24,5.31,5.38,5.44,5.51,5.58,5.65,5.72","1.30e-04,1.35e-08,6.17e-09,3.03e-09","0,0,0,0","1.62e-04; 3.24e-04; 4.86e-04; 6.48e-04; 8.10e-04; 9.71e-04; 1.13e-03; 1.30e-03; 1.46e-03; 1.62e-03; 1.78e-03; 1.94e-03; 2.10e-03; 2.27e-03; 2.43e-03; 2.59e-03; 2.68e-03,7.16e-05; 2.74e-03,1.73e-04; 2.90e-03,1.80e-04; 3.07e-03,1.68e-04; 3.21e-03,1.91e-04; 3.31e-03,2.56e-04; 3.35e-03,3.74e-04; 3.33e-03,5.53e-04; 3.35e-03,6.98e-04; 3.41e-03,8.00e-04; 3.54e-03,8.34e-04; 3.62e-03,7.66e-04,1.46e-04; 3.68e-03,8.47e-04,1.66e-04; 3.71e-03,7.59e-04,3.87e-04; 3.73e-03,8.23e-04,4.71e-04; 3.71e-03,1.02e-03,4.60e-04; 3.70e-03,1.10e-03,5.38e-04; 3.73e-03,1.17e-03,6.11e-04; 3.79e-03,1.17e-03,7.02e-04; 3.86e-03,1.14e-03,8.38e-04; 3.91e-03,1.11e-03,9.73e-04; 3.96e-03,1.12e-03,1.07e-03; 3.99e-03,1.17e-03,1.16e-03; 3.99e-03,1.27e-03,1.22e-03; 4.01e-03,1.35e-03,1.28e-03; 4.04e-03,1.41e-03,1.35e-03; 4.11e-03,1.43e-03,1.43e-03; 4.18e-03,1.53e-03,1.42e-03; 4.24e-03,1.64e-03,1.41e-03; 4.29e-03,1.73e-03,1.42e-03; 4.33e-03,1.81e-03,1.47e-03; 4.34e-03,1.86e-03,1.56e-03; 4.37e-03,1.93e-03,1.64e-03; 4.41e-03,1.99e-03,1.70e-03; 4.47e-03,2.06e-03,1.72e-03; 4.55e-03,2.15e-03,1.72e-03; 4.61e-03,2.25e-03,1.72e-03; 4.67e-03,2.33e-03,1.74e-03; 4.71e-03,2.40e-03,1.79e-03; 4.73e-03,2.46e-03,1.87e-03; 4.76e-03,2.52e-03,1.95e-03; 4.80e-03,2.58e-03,2.01e-03; 4.87e-03,2.65e-03,2.03e-03; 4.94e-03,2.73e-03,2.04e-03; 5.01e-03,2.82e-03,2.05e-03; 5.07e-03,2.90e-03,2.07e-03; 5.11e-03,2.97e-03,2.12e-03; 5.14e-03,3.03e-03,2.20e-03","33,33,33,33,33,33,33,33,33,33,33,33,33,33,33,33,33,33,33,33,33,33,33,33,33,33,33,33,33,33,33,33,33,33,33,33,33,33,33,33,33,33,33,33,33,33,33,33,33,33,33,33,33,33,33,33,33,33,33,33,33,33,33,33"
357,10.58,10.14,"3.16,5.16,6.40,7.28,7.95,8.46,8.87,9.19,9.51,9.81,10.11,10.38,10.63,10.85,11.05,11.25,11.48,11.70,11.91,12.10,12.29,12.48,12.67,12.88,13.09,13.28,13.45,13.60,13.75,13.90,14.07,14.25,14.43,14.59,14.73,14.86,14.98,15.10,15.24,15.39,15.55,15.69,15.81,15.91,16.01,16.12,16.23,16.36,16.50,16.62,16.73,16.82,16.90,16.99,17.09,17.20,17.32,17.43,17.52,17.60,17.68,17.75,17.84,17.94","9.10e-02,2.10e-03,3.72e-06,2.37e-06","0,0,0,0","1.16e-01; 2.31e-01; 3.47e-01; 4.62e-01; 5.78e-01; 6.93e-01; 8.09e-01; 9.24e-01; 1.04e+00; 1.16e+00; 1.27e+00; 1.39e+00; 1.50e+00; 1.60e+00,1.64e-02; 1.57e+00,1.61e-01; 1.54e+00,3.08e-01; 1.52e+00,4.43e-01; 1.55e+00,5.34e-01; 1.59e+00,6.03e-01; 1.65e+00,6.61e-01; 1.70e+00,7.23e-01; 1.74e+00,7.98e-01; 1.77e+00,8.85e-01; 1.79e+00,9.79e-01; 1.82e+00,1.07e+00; 1.85e+00,1.15e+00; 1.91e+00,1.21e+00; 1.96e+00,1.27e+00; 2.02e+00,1.33e+00; 2.07e+00,1.40e+00; 2.11e+00,1.47e+00; 2.15e+00,1.55e+00; 2.19e+00,1.62e+00; 2.23e+00,1.69e+00; 2.29e+00,1.76e+00; 2.34e+00,1.81e+00; 2.40e+00,1.87e+00; 2.46e+00,1.93e+00; 2.51e+00,2.00e+00; 2.55e+00,2.07e+00; 2.60e+00,2.14e+00; 2.65e+00,2.21e+00; 2.70e+00,2.27e+00; 2.76e+00,2.33e+00; 2.81e+00,2.38e+00; 2.87e+00,2.44e+00; 2.92e+00,2.51e+00; 2.97e+00,2.57e+00; 3.02e+00,2.64e+00; 3.07e+00,2.70e+00; 3.13e+00,2.76e+00; 3.18e+00,2.82e+00; 3.24e+00,2.88e+00; 3.30e+00,2.94e+00; 3.35e+00,3.00e+00; 3.41e+00,3.06e+00; 3.46e+00,3.13e+00; 3.51e+00,3.19e+00; 3.57e+00,3.25e+00; 3.62e+00,3.31e+00; 3.68e+00,3.37e+00; 3.74e+00,3.43e+00; 3.79e+00,3.49e+00; 3.85e+00,3.55e+00","47,47,47,47,47,47,47,47,47,47,47,47,47,47,47,47,47,47,47,47,47,47,47,47,47,47,47,47,47,47,47,47,47,47,47,47,47,47,47,47,47,47,47,47,47,47,47,47,47,47,47,47,47,47,47,47,47,47,47,47,47,47,47,47"
358,9.87,9.27,"1.95,4.08,5.54,6.55,7.25,7.73,8.06,8.31,8.57,8.88,9.21,9.54,9.82,10.03,10.19,10.31,10.44,10.60,10.78,10.98,11.15,11.29,11.40,11.48,11.57,11.67,11.80,11.93,12.06,12.17,12.25,12.31,12.38,12.45,12.55,12.65,12.75,12.84,12.91,12.96,13.01,13.07,13.14,13.22,13.31,13.38,13.44,13.48,13.52,13.57,13.63,13.70,13.78,13.84,13.89,13.94,13.98,14.03,14.08,14.15,14.22,14.28,14.34,14.38","5.73e-02,3.88e-06,1.73e-06,7.86e-07","15,15,15,15","7.10e-02; 1.42e-01; 2.13e-01; 2.84e-01; 3.55e-01; 4.26e-01; 4.97e-01; 5.68e-01; 6.39e-01; 7.10e-01; 7.81e-01; 8.53e-01; 9.24e-01; 9.95e-01; 1.07e+00; 1.14e+00; 1.21e+00; 1.28e+00; 1.35e+00; 1.42e+00; 1.49e+00; 1.56e+00; 1.63e+00; 1.71e+00; 1.78e+00; 1.85e+00; 1.92e+00; 1.99e+00; 2.06e+00; 2.13e+00; 2.20e+00; 2.27e+00; 2.34e+00; 2.42e+00; 2.49e+00; 2.56e+00; 2.63e+00; 2.70e+00; 2.77e+00; 2.84e+00; 2.91e+00; 2.98e+00; 3.05e+00; 3.13e+00; 3.20e+00; 3.27e+00; 3.34e+00; 3.41e+00; 3.48e+00; 3.55e+00; 3.62e+00,1.20e-04; 3.64e+00,5.54e-02; 3.65e+00,1.13e-01; 3.67e+00,1.64e-01; 3.69e+00,2.18e-01; 3.67e+00,3.04e-01; 3.63e+00,4.16e-01; 3.63e+00,4.86e-01; 3.66e+00,5.35e-01; 3.68e+00,5.85e-01; 3.70e+00,6.37e-01; 3.72e+00,6.84e-01; 3.74e+00,7.32e-01; 3.75e+00,8.01e-01","47,47,47,47,47,47,47,47,47,47,47,47,47,47,47,47,47,47,47,47,47,47,47,47,47,47,47,47,47,47,47,47,47,47,47,47,47,47,47,47,47,47,47,47,47,47,47,47,47,47,47,47,47,47,47,47,47,47,47,47,47,47,47,47"
359,13.29,11.54,"2.85,4.83,6.41,7.62,8.62,9.38,9.97,10.43,10.94,11.51,12.06,12.58,13.04,13.43,13.78,14.08,14.38,14.71,15.03,15.34,15.64,15.91,16.14,16.36,16.57,16.80,17.03,17.26,17.48,17.68,17.87,18.03,18.19,18.37,18.55,18.73,18.90,19.06,19.22,19.36,19.49,19.63,19.78,19.93,20.07,20.21,20.34,20.46,20.57,20.70,20.82,20.95,21.07,21.19,21.30,21.41,21.51,21.62,21.73,21.84,21.95,22.06,22.16,22.26","3.49e-02,3.24e-02,3.89e-06,1.82e-06","12,12,4,4","8.35e-02; 1.42e-01,2.47e-02; 1.74e-01,7.59e-02; 2.16e-01,1.18e-01; 2.57e-01,1.61e-01; 2.99e-01,2.02e-01; 3.41e-01,2.43e-01; 3.64e-01,2.57e-01,4.66e-02; 3.99e-01,2.79e-01,7.31e-02; 4.39e-01,3.07e-01,8.86e-02; 4.74e-01,3.48e-01,9.66e-02; 5.39e-01,3.95e-01,6.76e-02; 5.82e-01,4.36e-01,6.71e-02; 5.85e-01,4.51e-01,1.33e-01; 6.26e-01,4.75e-01,1.51e-01; 6.84e-01,4.97e-01,1.55e-01; 7.16e-01,5.15e-01,1.88e-01; 7.50e-01,5.38e-01,2.15e-01; 7.87e-01,5.74e-01,2.25e-01; 8.25e-01,6.13e-01,2.32e-01; 8.64e-01,6.51e-01,2.38e-01; 8.98e-01,6.80e-01,2.59e-01; 9.01e-01,6.98e-01,3.21e-01; 9.41e-01,7.19e-01,3.44e-01; 9.79e-01,7.37e-01,3.71e-01; 1.01e+00,7.60e-01,3.97e-01; 1.05e+00,7.92e-01,4.13e-01; 1.11e+00,8.30e-01,4.01e-01; 1.14e+00,8.67e-01,4.12e-01; 1.17e+00,8.96e-01,4.35e-01; 1.20e+00,9.21e-01,4.65e-01; 1.23e+00,9.40e-01,5.02e-01; 1.26e+00,9.56e-01,5.41e-01; 1.29e+00,9.78e-01,5.75e-01; 1.32e+00,1.01e+00,5.97e-01; 1.35e+00,1.04e+00,6.13e-01; 1.38e+00,1.08e+00,6.28e-01; 1.41e+00,1.11e+00,6.50e-01; 1.44e+00,1.13e+00,6.78e-01; 1.47e+00,1.15e+00,7.12e-01; 1.50e+00,1.17e+00,7.51e-01; 1.53e+00,1.19e+00,7.84e-01; 1.56e+00,1.22e+00,8.09e-01; 1.59e+00,1.25e+00,8.28e-01; 1.62e+00,1.29e+00,8.46e-01; 1.65e+00,1.32e+00,8.68e-01; 1.68e+00,1.35e+00,8.95e-01; 1.71e+00,1.37e+00,9.28e-01; 1.74e+00,1.39e+00,9.66e-01; 1.76e+00,1.41e+00,1.00e+00; 1.79e+00,1.44e+00,1.03e+00; 1.82e+00,1.47e+00,1.05e+00; 1.85e+00,1.50e+00,1.07e+00; 1.89e+00,1.53e+00,1.09e+00; 1.91e+00,1.56e+00,1.12e+00; 1.94e+00,1.58e+00,1.15e+00; 1.97e+00,1.60e+00,1.19e+00; 2.00e+00,1.62e+00,1.22e+00; 2.02e+00,1.65e+00,1.25e+00; 2.05e+00,1.68e+00,1.27e+00; 2.08e+00,1.72e+00,1.29e+00; 2.11e+00,1.75e+00,1.32e+00; 2.14e+00,1.77e+00,1.34e+00; 2.17e+00,1.80e+00,1.38e+00","32,32,32,32,32,32,32,32,32,32,32,32,32,32,32,32,32,32,32,32,32,32,32,32,32,32,32,32,32,32,32,32,32,32,32,32,32,32,32,32,32,32,32,32,32,32,32,32,32,32,32,32,32,32,32,32,32,32,32,32,32,32,32,32"
360,11.98,10.71,"3.03,4.87,6.23,7.31,8.22,8.94,9.53,10.01,10.44,10.95,11.44,11.86,12.28,12.68,13.01,13.33,13.57,13.89,14.20,14.49,14.77,15.03,15.26,15.49,15.69,15.91,16.13,16.35,16.56,16.75,16.93,17.09,17.25,17.41,17.58,17.75,17.91,18.07,18.22,18.36,18.49,18.64,18.78,18.92,19.06,19.19,19.31,19.43,19.55,19.67,19.79,19.91,20.03,20.15,20.25,20.36,20.45,20.56,20.66,20.77,20.87,20.97,21.07,21.16","2.26e-02,2.00e-02,1.41e-06,1.20e-06","0,0,0,0","5.30e-02; 8.77e-02,1.83e-02; 1.09e-01,4.99e-02; 1.36e-01,7.61e-02; 1.61e-01,1.04e-01; 1.88e-01,1.30e-01; 2.15e-01,1.56e-01; 2.39e-01,1.81e-01,4.12e-03; 2.56e-01,1.96e-01,2.58e-02; 2.78e-01,2.15e-01,3.73e-02; 3.01e-01,2.40e-01,4.22e-02; 3.14e-01,2.60e-01,6.19e-02; 3.34e-01,2.82e-01,7.34e-02; 3.70e-01,3.05e-01,6.65e-02; 3.94e-01,3.21e-01,7.97e-02; 4.38e-01,3.45e-01,6.49e-02; 4.36e-01,3.52e-01,1.12e-01; 4.61e-01,3.71e-01,1.22e-01; 4.83e-01,3.94e-01,1.30e-01; 5.05e-01,4.18e-01,1.37e-01; 5.27e-01,4.41e-01,1.45e-01; 5.52e-01,4.60e-01,1.54e-01; 5.76e-01,4.78e-01,1.65e-01; 6.20e-01,5.02e-01,1.50e-01; 6.39e-01,5.18e-01,1.68e-01; 6.59e-01,5.35e-01,1.85e-01; 6.81e-01,5.57e-01,1.93e-01; 7.04e-01,5.82e-01,1.98e-01; 7.27e-01,6.05e-01,2.05e-01; 7.47e-01,6.23e-01,2.19e-01; 7.66e-01,6.40e-01,2.37e-01; 7.85e-01,6.54e-01,2.58e-01; 8.04e-01,6.70e-01,2.75e-01; 8.00e-01,6.77e-01,3.25e-01; 8.21e-01,6.99e-01,3.35e-01; 8.42e-01,7.21e-01,3.46e-01; 8.62e-01,7.42e-01,3.56e-01; 8.83e-01,7.62e-01,3.69e-01; 9.07e-01,7.81e-01,3.80e-01; 9.29e-01,7.97e-01,3.93e-01; 9.51e-01,8.14e-01,4.08e-01; 9.71e-01,8.32e-01,4.22e-01; 9.92e-01,8.52e-01,4.34e-01; 1.01e+00,8.74e-01,4.44e-01; 1.03e+00,8.96e-01,4.55e-01; 1.05e+00,9.16e-01,4.68e-01; 1.07e+00,9.33e-01,4.83e-01; 1.09e+00,9.49e-01,5.01e-01; 1.13e+00,9.73e-01,4.92e-01; 1.15e+00,9.89e-01,5.12e-01; 1.17e+00,1.01e+00,5.26e-01; 1.19e+00,1.03e+00,5.38e-01; 1.21e+00,1.05e+00,5.49e-01; 1.23e+00,1.07e+00,5.64e-01; 1.24e+00,1.09e+00,5.82e-01; 1.26e+00,1.10e+00,6.04e-01; 1.28e+00,1.12e+00,6.25e-01; 1.30e+00,1.13e+00,6.44e-01; 1.31e+00,1.15e+00,6.59e-01; 1.33e+00,1.17e+00,6.72e-01; 1.35e+00,1.19e+00,6.84e-01; 1.37e+00,1.21e+00,6.98e-01; 1.39e+00,1.23e+00,7.17e-01; 1.41e+00,1.25e+00,7.38e-01","32,32,32,32,32,32,32,32,32,32,32,32,32,32,32,32,32,32,32,32,32,32,32,32,32,32,32,32,32,32,32,32,32,32,32,32,32,32,32,32,32,32,32,32,32,32,32,32,32,32,32,32,32,32,32,32,32,32,32,32,32,32,32,32"
368,71.28,56.29,"15.06,24.38,33.40,37.93,41.64,44.25,46.31,47.86,49.05,50.00,50.96,51.96,52.85,53.68,54.54,55.20,55.77,55.99,56.59,56.69,57.33,57.65,58.73,58.42,58.82,58.83,59.68,60.59,61.19,61.41,61.32,62.55,61.73,62.74,63.50,62.36,62.40,64.21,65.38,62.82,65.82,65.67,64.94,63.87,68.05,68.29,66.74,68.15,69.28,70.74,70.04,71.65,71.92,75.00,76.00,75.07,74.95,78.18,76.18,77.62,80.28,79.93,79.81,82.51","2.97e+02,2.96e+02,2.96e+02,2.96e+02","12,4,12,4","2.63e+03; 2.64e+03,2.63e+03; 2.65e+03,2.63e+03,2.62e+03; 2.77e+03,2.74e+03,2.70e+03,2.32e+03; 3.43e+03,3.41e+03,3.35e+03,2.98e+03; 4.03e+03,4.01e+03,3.94e+03,3.82e+03; 4.68e+03,4.68e+03,4.60e+03,4.48e+03; 5.32e+03,5.31e+03,5.24e+03,5.20e+03; 5.98e+03,5.98e+03,5.89e+03,5.85e+03; 6.64e+03,6.64e+03,6.55e+03,6.51e+03; 7.30e+03,7.29e+03,7.21e+03,7.17e+03; 7.96e+03,7.95e+03,7.87e+03,7.83e+03; 8.62e+03,8.61e+03,8.53e+03,8.48e+03; 9.28e+03,9.27e+03,9.18e+03,9.14e+03; 9.93e+03,9.93e+03,9.84e+03,9.80e+03; 1.06e+04,1.06e+04,1.05e+04,1.05e+04; 1.12e+04,1.12e+04,1.12e+04,1.11e+04; 1.19e+04,1.19e+04,1.18e+04,1.18e+04; 1.26e+04,1.26e+04,1.25e+04,1.24e+04; 1.32e+04,1.32e+04,1.31e+04,1.31e+04; 1.39e+04,1.39e+04,1.38e+04,1.38e+04; 1.45e+04,1.45e+04,1.45e+04,1.44e+04; 1.52e+04,1.52e+04,1.51e+04,1.51e+04; 1.59e+04,1.58e+04,1.58e+04,1.57e+04; 1.65e+04,1.65e+04,1.64e+04,1.64e+04; 1.72e+04,1.72e+04,1.71e+04,1.71e+04; 1.78e+04,1.78e+04,1.78e+04,1.77e+04; 1.85e+04,1.85e+04,1.84e+04,1.84e+04; 1.91e+04,1.91e+04,1.91e+04,1.90e+04; 1.98e+04,1.98e+04,1.97e+04,1.97e+04; 2.05e+04,2.04e+04,2.04e+04,2.04e+04; 2.11e+04,2.11e+04,2.11e+04,2.10e+04; 2.18e+04,2.18e+04,2.17e+04,2.17e+04; 2.24e+04,2.24e+04,2.24e+04,2.23e+04; 2.31e+04,2.31e+04,2.30e+04,2.30e+04; 2.37e+04,2.37e+04,2.37e+04,2.37e+04; 2.44e+04,2.44e+04,2.43e+04,2.43e+04; 2.51e+04,2.50e+04,2.50e+04,2.50e+04; 2.57e+04,2.57e+04,2.57e+04,2.56e+04; 2.64e+04,2.64e+04,2.63e+04,2.63e+04; 2.70e+04,2.70e+04,2.70e+04,2.69e+04; 2.77e+04,2.77e+04,2.76e+04,2.76e+04; 2.83e+04,2.83e+04,2.83e+04,2.83e+04; 2.90e+04,2.90e+04,2.90e+04,2.89e+04; 2.97e+04,2.97e+04,2.96e+04,2.96e+04; 3.03e+04,3.03e+04,3.03e+04,3.02e+04; 3.10e+04,3.10e+04,3.09e+04,3.09e+04; 3.16e+04,3.16e+04,3.16e+04,3.16e+04; 3.23e+04,3.23e+04,3.23e+04,3.22e+04; 3.29e+04,3.29e+04,3.29e+04,3.29e+04; 3.36e+04,3.36e+04,3.36e+04,3.35e+04; 3.43e+04,3.43e+04,3.42e+04,3.42e+04; 3.49e+04,3.49e+04,3.49e+04,3.49e+04; 3.56e+04,3.56e+04,3.56e+04,3.55e+04; 3.62e+04,3.62e+04,3.62e+04,3.62e+04; 3.69e+04,3.69e+04,3.69e+04,3.68e+04; 3.76e+04,3.76e+04,3.75e+04,3.75e+04; 3.82e+04,3.82e+04,3.82e+04,3.82e+04; 3.89e+04,3.89e+04,3.88e+04,3.88e+04; 3.95e+04,3.95e+04,3.95e+04,3.95e+04; 4.02e+04,4.02e+04,4.02e+04,4.01e+04; 4.08e+04,4.08e+04,4.08e+04,4.08e+04; 4.15e+04,4.15e+04,4.15e+04,4.15e+04; 4.21e+04,4.21e+04,4.21e+04,4.21e+04","15,56,15,56,15,56,15,56,15,15,15,15,15,15,56,56,31,9,9,9,15,15,31,31,31,15,56,31,56,31,56,9,9,56,56,15,9,15,15,15,15,9,15,31,15,9,15,56,15,15,15,56,15,9,31,9,56,9,9,56,31,15,15,9"
369,63.77,51.26,"16.36,25.18,31.60,34.53,36.97,39.29,41.25,42.98,43.97,45.17,46.18,47.05,47.86,49.28,49.48,50.77,51.53,51.98,52.54,53.05,53.50,54.22,54.55,54.96,55.46,55.90,56.49,56.84,56.84,57.81,57.85,58.62,59.23,58.94,59.59,60.30,59.95,60.59,61.09,61.56,61.25,61.92,60.50,62.07,62.20,63.28,64.03,61.43,64.92,65.62,65.03,67.57,66.77,67.54,69.89,66.59,68.77,70.87,70.78,72.45,71.65,72.68,76.34,73.59","2.41e+02,2.41e+02,2.41e+02,2.38e+02","12,4,12,4","2.08e+03; 2.10e+03,2.07e+03; 2.12e+03,2.10e+03,2.03e+03; 2.80e+03,2.78e+03,2.75e+03; 2.97e+03,2.92e+03,2.87e+03,1.68e+03; 3.28e+03,3.25e+03,3.24e+03,2.73e+03; 3.89e+03,3.87e+03,3.78e+03,3.05e+03; 4.40e+03,4.38e+03,4.29e+03,3.61e+03; 4.75e+03,4.74e+03,4.73e+03,4.55e+03; 5.26e+03,5.24e+03,5.24e+03,5.11e+03; 5.77e+03,5.76e+03,5.75e+03,5.65e+03; 6.44e+03,6.42e+03,6.37e+03,5.78e+03; 6.99e+03,6.98e+03,6.91e+03,6.22e+03; 7.40e+03,7.39e+03,7.36e+03,7.04e+03; 7.97e+03,7.96e+03,7.90e+03,7.43e+03; 8.47e+03,8.46e+03,8.40e+03,8.03e+03; 8.97e+03,8.95e+03,8.90e+03,8.62e+03; 9.48e+03,9.47e+03,9.42e+03,9.14e+03; 1.00e+04,9.99e+03,9.94e+03,9.67e+03; 1.05e+04,1.05e+04,1.05e+04,1.02e+04; 1.10e+04,1.10e+04,1.10e+04,1.07e+04; 1.16e+04,1.15e+04,1.15e+04,1.12e+04; 1.21e+04,1.21e+04,1.20e+04,1.18e+04; 1.26e+04,1.26e+04,1.25e+04,1.23e+04; 1.31e+04,1.31e+04,1.31e+04,1.28e+04; 1.36e+04,1.36e+04,1.36e+04,1.33e+04; 1.42e+04,1.41e+04,1.41e+04,1.39e+04; 1.47e+04,1.47e+04,1.46e+04,1.44e+04; 1.52e+04,1.52e+04,1.52e+04,1.49e+04; 1.57e+04,1.57e+04,1.57e+04,1.54e+04; 1.62e+04,1.62e+04,1.62e+04,1.60e+04; 1.67e+04,1.67e+04,1.67e+04,1.65e+04; 1.73e+04,1.73e+04,1.72e+04,1.71e+04; 1.78e+04,1.78e+04,1.77e+04,1.76e+04; 1.83e+04,1.83e+04,1.83e+04,1.81e+04; 1.88e+04,1.88e+04,1.88e+04,1.86e+04; 1.93e+04,1.93e+04,1.93e+04,1.91e+04; 1.99e+04,1.99e+04,1.98e+04,1.96e+04; 2.04e+04,2.04e+04,2.04e+04,2.02e+04; 2.09e+04,2.09e+04,2.09e+04,2.07e+04; 2.14e+04,2.14e+04,2.14e+04,2.12e+04; 2.19e+04,2.19e+04,2.19e+04,2.18e+04; 2.25e+04,2.25e+04,2.24e+04,2.23e+04; 2.30e+04,2.30e+04,2.30e+04,2.28e+04; 2.35e+04,2.35e+04,2.35e+04,2.33e+04; 2.40e+04,2.40e+04,2.40e+04,2.39e+04; 2.45e+04,2.45e+04,2.45e+04,2.44e+04; 2.51e+04,2.51e+04,2.50e+04,2.49e+04; 2.56e+04,2.56e+04,2.56e+04,2.54e+04; 2.61e+04,2.61e+04,2.61e+04,2.59e+04; 2.66e+04,2.66e+04,2.66e+04,2.65e+04; 2.71e+04,2.71e+04,2.71e+04,2.70e+04; 2.77e+04,2.77e+04,2.76e+04,2.75e+04; 2.82e+04,2.82e+04,2.82e+04,2.80e+04; 2.87e+04,2.87e+04,2.87e+04,2.86e+04; 2.92e+04,2.92e+04,2.92e+04,2.91e+04; 2.98e+04,2.98e+04,2.97e+04,2.96e+04; 3.03e+04,3.03e+04,3.02e+04,3.01e+04; 3.08e+04,3.08e+04,3.08e+04,3.06e+04; 3.13e+04,3.13e+04,3.13e+04,3.12e+04; 3.18e+04,3.18e+04,3.18e+04,3.18e+04; 3.23e+04,3.23e+04,3.23e+04,3.22e+04; 3.29e+04,3.29e+04,3.29e+04,3.27e+04; 3.34e+04,3.34e+04,3.34e+04,3.33e+04","15,56,15,15,56,15,56,15,15,56,15,56,15,15,56,56,56,9,56,9,15,56,9,15,13,15,56,56,15,56,56,56,56,9,15,15,15,15,9,15,15,56,13,15,15,13,15,9,56,15,9,15,13,9,15,13,15,15,56,13,9,13,9,9"
370,52.38,39.39,"15.78,21.19,24.94,27.38,29.24,30.64,31.54,32.48,33.19,34.04,34.36,35.21,36.03,36.69,37.18,37.64,38.76,38.98,39.23,39.99,40.49,40.45,40.79,42.03,41.96,42.21,42.92,41.53,42.68,43.42,43.17,43.11,44.39,44.98,44.85,45.21,45.94,45.63,46.21,47.85,46.92,47.68,49.38,48.27,50.39,49.77,50.17,50.76,52.63,56.00,55.89,55.07,56.15,54.30,63.57,60.46,63.42,64.55,69.57,67.47,72.72,73.31,78.11,73.65","3.68e+02,3.68e+02,3.66e+02,3.52e+02","15,15,5,15","2.63e+03; 2.73e+03,2.54e+03; 3.98e+03,3.92e+03; 5.17e+03,5.14e+03,2.26e+02; 6.02e+03,6.00e+03,1.15e+03; 6.81e+03,6.79e+03,2.20e+03; 7.36e+03,7.34e+03,2.74e+03,1.00e+03; 7.80e+03,7.79e+03,3.25e+03,2.23e+03; 8.55e+03,8.54e+03,4.33e+03,2.29e+03; 9.31e+03,9.30e+03,5.10e+03,2.63e+03; 9.46e+03,9.45e+03,5.96e+03,4.09e+03; 1.08e+04,1.08e+04,5.81e+03,4.14e+03; 1.18e+04,1.18e+04,6.46e+03,4.23e+03; 1.25e+04,1.25e+04,7.43e+03,4.47e+03; 1.31e+04,1.31e+04,7.94e+03,5.31e+03; 1.39e+04,1.39e+04,8.57e+03,5.68e+03; 1.44e+04,1.44e+04,9.51e+03,6.49e+03; 1.51e+04,1.51e+04,1.01e+04,7.05e+03; 1.58e+04,1.58e+04,1.08e+04,7.60e+03; 1.65e+04,1.64e+04,1.19e+04,7.84e+03; 1.73e+04,1.73e+04,1.33e+04,7.36e+03; 1.69e+04,1.69e+04,1.38e+04,1.04e+04; 1.86e+04,1.86e+04,1.46e+04,8.72e+03; 1.84e+04,1.84e+04,1.49e+04,1.15e+04; 1.94e+04,1.94e+04,1.59e+04,1.10e+04; 1.99e+04,1.99e+04,1.66e+04,1.21e+04; 2.13e+04,2.13e+04,1.67e+04,1.18e+04; 2.24e+04,2.24e+04,1.60e+04,1.29e+04; 2.26e+04,2.26e+04,1.80e+04,1.31e+04; 2.24e+04,2.23e+04,1.92e+04,1.51e+04; 2.36e+04,2.36e+04,2.02e+04,1.43e+04; 2.36e+04,2.36e+04,2.09e+04,1.61e+04; 2.43e+04,2.43e+04,2.13e+04,1.69e+04; 2.49e+04,2.49e+04,2.19e+04,1.79e+04; 2.59e+04,2.59e+04,2.22e+04,1.81e+04; 2.68e+04,2.68e+04,2.13e+04,1.99e+04; 2.76e+04,2.76e+04,2.23e+04,2.00e+04; 2.76e+04,2.76e+04,2.47e+04,2.01e+04; 2.84e+04,2.84e+04,2.53e+04,2.06e+04; 2.83e+04,2.83e+04,2.60e+04,2.27e+04; 2.92e+04,2.92e+04,2.68e+04,2.28e+04; 2.98e+04,2.98e+04,2.72e+04,2.37e+04; 3.18e+04,3.18e+04,2.63e+04,2.34e+04; 3.16e+04,3.16e+04,2.81e+04,2.46e+04; 3.24e+04,3.24e+04,2.79e+04,2.59e+04; 3.29e+04,3.29e+04,2.91e+04,2.63e+04; 3.35e+04,3.35e+04,3.01e+04,2.67e+04; 3.36e+04,3.36e+04,3.10e+04,2.83e+04; 3.42e+04,3.42e+04,3.14e+04,2.92e+04; 3.52e+04,3.52e+04,3.21e+04,2.92e+04; 3.70e+04,3.70e+04,3.11e+04,2.93e+04; 3.61e+04,3.61e+04,3.34e+04,3.13e+04; 3.70e+04,3.70e+04,3.34e+04,3.21e+04; 3.83e+04,3.83e+04,3.31e+04,3.27e+04; 3.89e+04,3.89e+04,3.46e+04,3.25e+04; 3.90e+04,3.90e+04,3.54e+04,3.40e+04; 3.99e+04,3.99e+04,3.57e+04,3.45e+04; 4.00e+04,4.00e+04,3.72e+04,3.55e+04; 4.15e+04,4.15e+04,3.69e+04,3.55e+04; 4.12e+04,4.12e+04,3.86e+04,3.70e+04; 4.23e+04,4.23e+04,3.84e+04,3.76e+04; 4.28e+04,4.27e+04,3.98e+04,3.80e+04; 4.38e+04,4.38e+04,4.00e+04,3.84e+04; 4.38e+04,4.38e+04,4.08e+04,4.02e+04","23,23,23,23,23,23,23,23,23,23,23,23,23,0,0,0,39,0,6,0,0,0,6,23,23,39,6,6,39,6,0,23,0,23,23,39,23,0,23,6,6,23,6,23,39,23,6,6,0,0,39,6,23,23,6,23,0,6,0,39,6,0,0,23"
371,53.60,42.85,"14.96,18.75,22.40,25.15,27.30,28.98,31.29,33.76,35.48,36.88,38.03,39.12,40.24,41.21,42.01,42.73,43.52,44.52,45.17,45.69,46.24,47.12,47.47,48.81,48.58,49.03,49.45,50.30,50.69,51.69,51.72,51.97,52.77,53.13,53.40,51.77,52.69,53.25,54.18,54.26,53.63,56.57,54.66,56.89,53.97,56.20,56.43,59.61,57.41,60.39,60.74,64.23,61.99,64.84,65.51,66.70,68.28,71.03,70.58,73.52,74.79,74.08,78.65,79.32","3.39e+02,3.39e+02,3.38e+02,3.26e+02","12,4,12,4","2.46e+03; 2.71e+03,2.20e+03; 3.56e+03,3.42e+03,3.93e+02; 4.24e+03,4.17e+03,1.42e+03; 4.95e+03,4.91e+03,2.43e+03; 5.58e+03,5.55e+03,3.39e+03,2.37e+02; 5.19e+03,5.17e+03,3.90e+03,2.96e+03; 5.57e+03,5.55e+03,5.10e+03,3.45e+03; 6.15e+03,6.13e+03,5.87e+03,3.98e+03; 6.70e+03,6.69e+03,6.49e+03,4.71e+03; 7.22e+03,7.21e+03,7.06e+03,5.56e+03; 7.94e+03,7.92e+03,7.82e+03,5.83e+03; 8.51e+03,8.49e+03,8.41e+03,6.55e+03; 8.97e+03,8.96e+03,8.88e+03,7.62e+03; 9.57e+03,9.55e+03,9.47e+03,8.29e+03; 1.02e+04,1.02e+04,1.01e+04,8.92e+03; 1.08e+04,1.08e+04,1.07e+04,9.52e+03; 1.14e+04,1.14e+04,1.13e+04,1.02e+04; 1.20e+04,1.20e+04,1.19e+04,1.09e+04; 1.26e+04,1.26e+04,1.26e+04,1.14e+04; 1.33e+04,1.33e+04,1.32e+04,1.18e+04; 1.38e+04,1.38e+04,1.37e+04,1.28e+04; 1.44e+04,1.44e+04,1.43e+04,1.35e+04; 1.50e+04,1.50e+04,1.50e+04,1.41e+04; 1.56e+04,1.56e+04,1.56e+04,1.47e+04; 1.62e+04,1.62e+04,1.62e+04,1.53e+04; 1.68e+04,1.68e+04,1.68e+04,1.59e+04; 1.74e+04,1.74e+04,1.74e+04,1.66e+04; 1.81e+04,1.81e+04,1.81e+04,1.71e+04; 1.87e+04,1.87e+04,1.86e+04,1.78e+04; 1.93e+04,1.93e+04,1.92e+04,1.85e+04; 1.99e+04,1.99e+04,1.98e+04,1.91e+04; 2.05e+04,2.05e+04,2.05e+04,1.97e+04; 2.11e+04,2.11e+04,2.11e+04,2.03e+04; 2.17e+04,2.17e+04,2.17e+04,2.09e+04; 2.24e+04,2.23e+04,2.23e+04,2.15e+04; 2.30e+04,2.30e+04,2.29e+04,2.21e+04; 2.36e+04,2.36e+04,2.36e+04,2.27e+04; 2.42e+04,2.42e+04,2.42e+04,2.34e+04; 2.48e+04,2.48e+04,2.48e+04,2.40e+04; 2.54e+04,2.54e+04,2.54e+04,2.46e+04; 2.60e+04,2.60e+04,2.60e+04,2.53e+04; 2.66e+04,2.66e+04,2.66e+04,2.59e+04; 2.74e+04,2.74e+04,2.74e+04,2.60e+04; 2.79e+04,2.79e+04,2.79e+04,2.70e+04; 2.85e+04,2.85e+04,2.84e+04,2.78e+04; 2.91e+04,2.91e+04,2.91e+04,2.84e+04; 2.97e+04,2.97e+04,2.97e+04,2.90e+04; 3.03e+04,3.03e+04,3.03e+04,2.96e+04; 3.09e+04,3.09e+04,3.09e+04,3.02e+04; 3.15e+04,3.15e+04,3.15e+04,3.08e+04; 3.22e+04,3.22e+04,3.22e+04,3.13e+04; 3.28e+04,3.28e+04,3.28e+04,3.20e+04; 3.34e+04,3.34e+04,3.34e+04,3.27e+04; 3.40e+04,3.40e+04,3.40e+04,3.34e+04; 3.46e+04,3.46e+04,3.46e+04,3.40e+04; 3.52e+04,3.52e+04,3.52e+04,3.46e+04; 3.58e+04,3.58e+04,3.58e+04,3.52e+04; 3.64e+04,3.64e+04,3.64e+04,3.58e+04; 3.71e+04,3.71e+04,3.71e+04,3.64e+04; 3.77e+04,3.77e+04,3.77e+04,3.70e+04; 3.83e+04,3.83e+04,3.83e+04,3.76e+04; 3.89e+04,3.89e+04,3.89e+04,3.83e+04; 3.95e+04,3.95e+04,3.95e+04,3.89e+04","8,8,8,8,8,8,8,8,8,8,8,8,8,8,8,8,8,8,8,8,8,8,8,8,10,8,4,14,8,8,8,8,4,4,14,10,4,10,14,4,8,8,4,8,8,8,4,14,8,8,8,8,14,10,14,4,8,14,10,14,4,8,14,10"
372,46.42,36.76,"16.16,18.34,20.51,22.50,24.34,26.16,27.68,28.92,29.59,30.28,31.24,32.19,33.02,34.05,34.64,35.39,35.69,36.62,37.45,37.80,38.49,39.36,39.95,39.85,40.51,40.38,41.07,40.89,41.41,42.45,43.45,43.73,43.38,43.47,43.74,44.44,44.08,45.15,45.19,45.28,47.85,46.46,46.17,45.95,45.99,47.82,47.86,47.39,48.37,52.18,50.08,49.61,49.34,51.90,54.17,54.68,55.77,55.71,58.41,61.97,59.60,64.24,63.06,63.79","3.43e+02,3.41e+02,3.39e+02,3.31e+02","12,7,12,5","2.36e+03; 4.27e+03,4.41e+02; 4.26e+03,2.81e+03; 5.08e+03,4.35e+03; 4.98e+03,4.50e+03,2.30e+03; 5.64e+03,5.32e+03,3.18e+03; 6.28e+03,6.07e+03,4.15e+03; 6.80e+03,6.65e+03,3.78e+03,1.62e+03; 7.28e+03,7.15e+03,4.38e+03,2.40e+03; 7.10e+03,6.97e+03,5.11e+03,4.39e+03; 7.85e+03,7.73e+03,5.38e+03,4.97e+03; 8.72e+03,8.59e+03,6.57e+03,4.40e+03; 9.27e+03,9.15e+03,7.54e+03,4.68e+03; 9.35e+03,9.23e+03,7.53e+03,6.89e+03; 9.88e+03,9.77e+03,8.18e+03,7.54e+03; 1.04e+04,1.04e+04,8.86e+03,8.06e+03; 1.10e+04,1.10e+04,9.44e+03,8.64e+03; 1.14e+04,1.14e+04,1.01e+04,9.56e+03; 1.21e+04,1.20e+04,1.07e+04,1.01e+04; 1.26e+04,1.25e+04,1.15e+04,1.05e+04; 1.33e+04,1.32e+04,1.24e+04,1.06e+04; 1.37e+04,1.36e+04,1.29e+04,1.17e+04; 1.42e+04,1.42e+04,1.35e+04,1.23e+04; 1.48e+04,1.48e+04,1.41e+04,1.29e+04; 1.54e+04,1.53e+04,1.47e+04,1.35e+04; 1.60e+04,1.59e+04,1.53e+04,1.41e+04; 1.66e+04,1.65e+04,1.59e+04,1.47e+04; 1.74e+04,1.73e+04,1.67e+04,1.47e+04; 1.83e+04,1.82e+04,1.78e+04,1.41e+04; 1.83e+04,1.82e+04,1.78e+04,1.64e+04; 1.88e+04,1.88e+04,1.84e+04,1.71e+04; 1.94e+04,1.94e+04,1.90e+04,1.76e+04; 2.00e+04,1.99e+04,1.96e+04,1.82e+04; 2.06e+04,2.05e+04,2.02e+04,1.88e+04; 2.12e+04,2.11e+04,2.09e+04,1.93e+04; 2.20e+04,2.19e+04,2.16e+04,1.94e+04; 2.28e+04,2.27e+04,2.25e+04,1.93e+04; 2.30e+04,2.29e+04,2.27e+04,2.10e+04; 2.35e+04,2.34e+04,2.33e+04,2.17e+04; 2.41e+04,2.40e+04,2.38e+04,2.24e+04; 2.47e+04,2.46e+04,2.45e+04,2.29e+04; 2.52e+04,2.52e+04,2.50e+04,2.35e+04; 2.58e+04,2.58e+04,2.56e+04,2.41e+04; 2.65e+04,2.64e+04,2.63e+04,2.45e+04; 2.69e+04,2.68e+04,2.68e+04,2.56e+04; 2.77e+04,2.76e+04,2.75e+04,2.56e+04; 2.82e+04,2.81e+04,2.80e+04,2.65e+04; 2.88e+04,2.87e+04,2.86e+04,2.71e+04; 2.94e+04,2.93e+04,2.92e+04,2.76e+04; 3.00e+04,2.99e+04,2.98e+04,2.82e+04; 3.05e+04,3.05e+04,3.04e+04,2.88e+04; 3.12e+04,3.12e+04,3.11e+04,2.91e+04; 3.22e+04,3.21e+04,3.20e+04,2.86e+04; 3.28e+04,3.28e+04,3.27e+04,2.90e+04; 3.29e+04,3.29e+04,3.28e+04,3.11e+04; 3.35e+04,3.35e+04,3.34e+04,3.17e+04; 3.40e+04,3.40e+04,3.39e+04,3.24e+04; 3.47e+04,3.46e+04,3.45e+04,3.29e+04; 3.53e+04,3.52e+04,3.52e+04,3.35e+04; 3.60e+04,3.59e+04,3.59e+04,3.36e+04; 3.66e+04,3.65e+04,3.65e+04,3.43e+04; 3.72e+04,3.72e+04,3.71e+04,3.47e+04; 3.76e+04,3.75e+04,3.75e+04,3.59e+04; 3.81e+04,3.81e+04,3.81e+04,3.66e+04","0,0,0,0,0,0,0,0,0,0,0,0,0,0,0,0,0,6,6,6,0,0,6,4,2,2,6,2,0,0,0,4,4,6,2,0,0,6,0,0,0,4,4,6,4,6,6,4,0,2,6,0,0,6,6,4,0,0,0,0,6,0,0,2"
373,46.53,37.51,"16.72,19.11,21.32,23.75,25.75,27.35,28.57,30.05,31.03,31.68,32.19,33.26,33.97,34.97,35.72,36.48,37.50,38.21,38.74,39.33,39.42,40.01,40.53,40.81,40.55,41.51,41.37,41.96,42.46,43.08,43.07,44.65,45.01,45.02,44.09,45.92,45.96,46.53,45.97,46.15,46.79,46.59,47.33,48.03,47.97,46.73,48.06,47.52,47.08,48.77,48.88,49.54,49.07,51.06,52.85,50.45,50.95,51.47,52.74,55.17,57.04,56.83,56.02,57.86","4.35e+02,4.34e+02,4.31e+02,4.11e+02","11,3,11,5","2.88e+03; 4.09e+03,1.67e+03; 4.61e+03,3.45e+03,5.76e+02; 4.86e+03,4.26e+03,2.40e+03; 5.99e+03,5.68e+03,2.72e+03; 6.20e+03,6.02e+03,3.84e+03,1.20e+03; 6.21e+03,6.09e+03,4.36e+03,3.49e+03; 7.67e+03,7.57e+03,4.89e+03,2.90e+03; 8.73e+03,8.65e+03,6.21e+03,2.31e+03; 8.90e+03,8.82e+03,6.21e+03,4.85e+03; 9.76e+03,9.68e+03,6.69e+03,5.54e+03; 1.09e+04,1.08e+04,8.37e+03,4.53e+03; 1.14e+04,1.14e+04,9.64e+03,4.99e+03; 1.14e+04,1.14e+04,9.43e+03,8.06e+03; 1.22e+04,1.21e+04,1.02e+04,8.65e+03; 1.28e+04,1.27e+04,1.07e+04,9.82e+03; 1.35e+04,1.35e+04,1.14e+04,1.05e+04; 1.41e+04,1.41e+04,1.22e+04,1.15e+04; 1.49e+04,1.48e+04,1.27e+04,1.23e+04; 1.56e+04,1.55e+04,1.35e+04,1.29e+04; 1.63e+04,1.63e+04,1.48e+04,1.31e+04; 1.70e+04,1.70e+04,1.55e+04,1.39e+04; 1.77e+04,1.76e+04,1.61e+04,1.48e+04; 1.84e+04,1.83e+04,1.69e+04,1.55e+04; 1.91e+04,1.91e+04,1.76e+04,1.62e+04; 1.98e+04,1.98e+04,1.84e+04,1.69e+04; 2.06e+04,2.05e+04,1.88e+04,1.78e+04; 2.14e+04,2.14e+04,1.99e+04,1.79e+04; 2.21e+04,2.20e+04,2.09e+04,1.85e+04; 2.26e+04,2.26e+04,2.15e+04,1.96e+04; 2.33e+04,2.33e+04,2.23e+04,2.04e+04; 2.40e+04,2.40e+04,2.30e+04,2.11e+04; 2.48e+04,2.47e+04,2.37e+04,2.18e+04; 2.55e+04,2.54e+04,2.43e+04,2.26e+04; 2.63e+04,2.62e+04,2.48e+04,2.35e+04; 2.69e+04,2.69e+04,2.60e+04,2.39e+04; 2.82e+04,2.82e+04,2.74e+04,2.27e+04; 2.84e+04,2.83e+04,2.76e+04,2.51e+04; 2.90e+04,2.90e+04,2.82e+04,2.60e+04; 2.98e+04,2.97e+04,2.90e+04,2.67e+04; 3.05e+04,3.05e+04,2.97e+04,2.74e+04; 3.04e+04,3.04e+04,3.01e+04,3.00e+04; 3.20e+04,3.20e+04,3.11e+04,2.86e+04; 3.27e+04,3.27e+04,3.19e+04,2.94e+04; 3.38e+04,3.38e+04,3.32e+04,2.88e+04; 3.35e+04,3.35e+04,3.30e+04,3.23e+04; 3.49e+04,3.48e+04,3.42e+04,3.15e+04; 3.55e+04,3.55e+04,3.48e+04,3.24e+04; 3.63e+04,3.63e+04,3.56e+04,3.29e+04; 3.69e+04,3.69e+04,3.64e+04,3.37e+04; 3.77e+04,3.77e+04,3.68e+04,3.46e+04; 3.84e+04,3.84e+04,3.78e+04,3.50e+04; 3.83e+04,3.83e+04,3.81e+04,3.78e+04; 3.92e+04,3.92e+04,3.89e+04,3.81e+04; 4.06e+04,4.06e+04,4.01e+04,3.70e+04; 4.12e+04,4.12e+04,4.07e+04,3.80e+04; 4.16e+04,4.16e+04,4.12e+04,3.98e+04; 4.27e+04,4.27e+04,4.23e+04,3.93e+04; 4.33e+04,4.33e+04,4.29e+04,4.03e+04; 4.41e+04,4.41e+04,4.37e+04,4.08e+04; 4.48e+04,4.48e+04,4.45e+04,4.15e+04; 4.58e+04,4.57e+04,4.55e+04,4.15e+04; 4.65e+04,4.64e+04,4.61e+04,4.24e+04; 4.69e+04,4.69e+04,4.66e+04,4.39e+04","0,0,0,0,0,0,0,14,0,14,4,0,0,0,0,0,0,14,0,62,14,14,4,4,4,62,14,0,4,0,14,0,0,62,14,62,14,62,62,4,14,4,4,14,4,4,62,4,14,0,14,62,4,14,4,14,0,4,62,14,62,14,4,14"
374,37.85,32.62,"15.20,18.92,22.13,24.31,25.86,26.96,27.86,28.66,29.37,30.07,30.59,31.10,31.66,32.32,32.67,32.80,33.14,33.86,33.76,34.22,34.42,35.22,35.60,35.25,35.49,36.40,36.69,36.33,36.78,38.24,37.40,37.57,38.62,38.97,38.76,38.73,39.15,40.10,39.62,38.66,40.70,39.59,41.60,38.87,42.06,41.25,41.84,43.01,43.46,42.63,43.20,42.54,43.70,40.53,41.57,44.18,42.64,45.95,47.83,45.83,46.60,45.84,47.04,47.66","2.99e+02,2.98e+02,2.70e+02,2.25e+02","12,12,12,12","1.57e+03; 1.74e+03,1.39e+03; 2.42e+03,2.28e+03; 3.17e+03,3.10e+03; 3.94e+03,3.89e+03; 4.72e+03,4.68e+03; 5.50e+03,5.46e+03; 6.28e+03,6.25e+03; 7.06e+03,7.04e+03; 7.84e+03,7.82e+03; 8.63e+03,8.61e+03; 9.41e+03,9.39e+03; 1.02e+04,1.02e+04; 1.10e+04,1.10e+04; 1.17e+04,1.17e+04,5.98e+01; 1.23e+04,1.23e+04,4.94e+02; 1.28e+04,1.28e+04,9.44e+02; 1.29e+04,1.28e+04,2.50e+03; 1.49e+04,1.49e+04; 1.42e+04,1.42e+04,2.95e+03; 1.47e+04,1.47e+04,3.49e+03; 1.48e+04,1.48e+04,4.94e+03; 1.53e+04,1.53e+04,5.52e+03; 1.50e+04,1.50e+04,6.66e+03,1.01e+03; 1.58e+04,1.58e+04,7.17e+03,3.44e+02; 1.62e+04,1.62e+04,8.38e+03; 1.72e+04,1.71e+04,7.99e+03; 1.74e+04,1.74e+04,8.99e+03; 1.73e+04,1.73e+04,1.09e+04; 1.84e+04,1.84e+04,1.02e+04; 1.89e+04,1.89e+04,1.08e+04; 1.80e+04,1.79e+04,9.37e+03,4.86e+03; 1.91e+04,1.91e+04,1.19e+04,1.59e+03; 1.81e+04,1.81e+04,1.15e+04,5.53e+03; 1.98e+04,1.98e+04,1.24e+04,2.78e+03; 1.92e+04,1.92e+04,1.25e+04,5.54e+03; 2.10e+04,2.10e+04,1.42e+04,1.85e+03; 2.09e+04,2.09e+04,1.35e+04,4.15e+03; 1.86e+04,1.86e+04,1.35e+04,1.04e+04; 1.92e+04,1.92e+04,1.27e+04,1.17e+04; 2.05e+04,2.04e+04,1.43e+04,9.07e+03; 2.10e+04,2.10e+04,1.55e+04,8.40e+03; 2.33e+04,2.33e+04,1.56e+04,5.27e+03; 2.18e+04,2.18e+04,1.47e+04,1.07e+04; 2.03e+04,2.03e+04,1.71e+04,1.27e+04; 2.34e+04,2.34e+04,1.77e+04,7.55e+03; 2.26e+04,2.26e+04,1.76e+04,1.09e+04; 2.28e+04,2.28e+04,1.79e+04,1.17e+04; 2.43e+04,2.43e+04,1.83e+04,9.82e+03; 2.50e+04,2.50e+04,1.71e+04,1.11e+04; 2.42e+04,2.42e+04,1.94e+04,1.21e+04; 2.51e+04,2.51e+04,1.98e+04,1.16e+04; 2.58e+04,2.57e+04,1.76e+04,1.39e+04; 2.48e+04,2.48e+04,1.90e+04,1.60e+04; 2.61e+04,2.61e+04,2.02e+04,1.39e+04; 2.80e+04,2.80e+04,1.95e+04,1.22e+04; 2.53e+04,2.53e+04,2.07e+04,1.80e+04; 2.75e+04,2.75e+04,2.07e+04,1.51e+04; 2.83e+04,2.83e+04,2.25e+04,1.33e+04; 2.76e+04,2.76e+04,2.30e+04,1.59e+04; 2.78e+04,2.78e+04,2.14e+04,1.86e+04; 2.94e+04,2.94e+04,2.16e+04,1.67e+04; 2.68e+04,2.68e+04,2.28e+04,2.23e+04; 2.84e+04,2.84e+04,2.34e+04,2.01e+04","62,56,56,56,56,56,56,56,56,8,56,56,62,56,56,14,56,56,8,62,56,56,62,8,8,56,56,62,8,8,62,8,8,62,14,8,8,8,56,8,62,62,62,56,8,8,8,8,62,8,14,62,56,14,14,8,8,56,62,56,14,14,62,56"
375,36.51,30.14,"15.45,17.54,18.75,19.62,20.90,22.39,23.78,24.98,25.82,26.64,27.09,27.56,28.02,28.55,29.08,29.52,29.96,30.65,31.03,31.52,31.97,32.04,32.58,32.84,33.18,34.01,34.08,34.27,34.53,35.70,35.53,36.24,36.63,37.27,37.19,38.10,38.30,38.44,38.46,38.58,37.99,38.56,41.03,39.13,40.54,39.59,41.14,40.07,39.87,42.37,40.86,42.37,41.87,39.77,43.60,40.82,42.13,42.56,42.80,42.23,44.48,41.27,44.51,44.48","1.62e+02,1.62e+02,1.53e+02,1.21e+02","12,12,12,4","8.23e+02; 1.65e+03; 2.47e+03; 2.80e+03,4.92e+02; 2.54e+03,1.57e+03; 2.69e+03,2.25e+03; 3.00e+03,2.77e+03; 3.36e+03,3.23e+03; 3.76e+03,3.65e+03; 3.85e+03,3.75e+03,6.35e+02; 4.57e+03,4.48e+03; 4.52e+03,4.43e+03,9.21e+02; 4.50e+03,4.41e+03,1.80e+03; 4.69e+03,4.61e+03,2.23e+03; 4.92e+03,4.84e+03,2.59e+03; 5.10e+03,5.02e+03,3.05e+03; 5.39e+03,5.32e+03,3.29e+03; 5.56e+03,5.50e+03,3.76e+03; 6.07e+03,6.01e+03,3.56e+03; 6.13e+03,6.08e+03,4.25e+03; 6.23e+03,6.18e+03,4.87e+03; 6.49e+03,6.44e+03,5.17e+03; 6.71e+03,6.66e+03,5.56e+03; 6.78e+03,6.73e+03,5.72e+03,5.26e+02; 7.23e+03,7.18e+03,6.16e+03; 7.42e+03,7.38e+03,6.60e+03; 8.29e+03,8.25e+03,5.68e+03; 8.01e+03,7.97e+03,7.08e+03; 8.23e+03,8.19e+03,7.45e+03; 8.49e+03,8.45e+03,7.76e+03; 8.73e+03,8.70e+03,8.08e+03; 8.98e+03,8.95e+03,8.41e+03; 9.26e+03,9.22e+03,8.68e+03; 9.50e+03,9.46e+03,9.03e+03; 9.77e+03,9.74e+03,9.30e+03; 1.01e+04,1.00e+04,9.53e+03; 1.03e+04,1.03e+04,9.86e+03; 1.06e+04,1.06e+04,1.01e+04; 9.25e+03,9.22e+03,8.83e+03,4.80e+03; 1.11e+04,1.11e+04,1.07e+04; 8.99e+03,8.97e+03,8.58e+03,7.21e+03; 1.13e+04,1.13e+04,1.10e+04,1.06e+03; 1.19e+04,1.19e+04,1.16e+04; 1.22e+04,1.22e+04,1.18e+04; 1.25e+04,1.24e+04,1.22e+04; 1.06e+04,1.06e+04,1.03e+04,6.37e+03; 1.25e+04,1.25e+04,1.22e+04,1.43e+03; 1.29e+04,1.29e+04,1.27e+04,9.84e+02; 1.06e+04,1.06e+04,1.03e+04,8.82e+03; 1.35e+04,1.35e+04,1.32e+04,9.90e+02; 1.22e+04,1.22e+04,1.19e+04,5.77e+03; 1.44e+04,1.44e+04,1.40e+04; 1.46e+04,1.46e+04,1.44e+04; 1.17e+04,1.17e+04,1.15e+04,9.63e+03; 1.26e+04,1.26e+04,1.24e+04,7.65e+03; 1.29e+04,1.29e+04,1.27e+04,7.70e+03; 1.45e+04,1.45e+04,1.43e+04,3.55e+03; 1.37e+04,1.37e+04,1.35e+04,6.74e+03; 1.57e+04,1.57e+04,1.55e+04,1.76e+03; 1.32e+04,1.32e+04,1.30e+04,1.00e+04; 1.67e+04,1.67e+04,1.65e+04,4.05e+02; 1.71e+04,1.71e+04,1.69e+04; 1.74e+04,1.73e+04,1.72e+04; 1.44e+04,1.44e+04,1.42e+04,9.67e+03","62,62,62,62,62,62,62,62,62,62,0,62,62,62,62,0,58,62,62,62,62,0,62,0,58,0,58,4,62,0,62,62,58,0,4,62,62,4,0,58,0,0,0,58,58,4,58,62,62,62,62,58,58,4,4,58,58,0,58,58,4,0,0,4"
376,31.01,25.60,"15.00,17.16,18.47,19.68,21.11,22.44,23.68,24.82,25.62,26.23,26.74,27.03,27.35,27.77,28.15,28.80,29.30,29.96,30.07,30.51,30.82,31.14,31.77,32.34,32.56,33.22,33.90,34.10,34.88,34.98,34.73,35.19,35.10,35.75,36.89,35.95,36.61,37.17,37.43,37.07,37.60,38.02,39.00,38.81,38.99,38.04,39.39,38.61,38.60,38.96,38.80,39.70,41.37,40.86,40.21,39.25,39.85,39.04,40.19,37.76,39.73,40.77,40.95,43.12","1.03e+02,1.01e+02,8.01e+01,7.44e+01","8,3,8,8","4.45e+02; 8.89e+02; 1.33e+03; 1.23e+03,5.54e+02; 1.29e+03,9.33e+02; 1.44e+03,1.23e+03; 1.62e+03,1.49e+03; 1.82e+03,1.73e+03; 2.03e+03,1.97e+03; 2.25e+03,2.19e+03; 2.48e+03,2.42e+03; 2.70e+03,2.64e+03; 2.92e+03,2.86e+03; 3.14e+03,3.09e+03; 3.07e+03,3.02e+03,5.82e+02; 3.11e+03,3.07e+03,9.33e+02; 3.35e+03,3.31e+03,9.01e+02; 3.37e+03,3.34e+03,1.29e+03; 3.61e+03,3.58e+03,1.26e+03; 3.80e+03,3.77e+03,1.32e+03; 3.60e+03,3.57e+03,2.18e+03; 3.65e+03,3.62e+03,2.52e+03; 3.78e+03,3.76e+03,2.69e+03; 3.87e+03,3.85e+03,2.96e+03; 4.01e+03,3.99e+03,3.13e+03; 4.13e+03,4.11e+03,3.32e+03; 4.16e+03,4.14e+03,3.30e+03,4.03e+02; 4.54e+03,4.52e+03,3.40e+03; 4.51e+03,4.49e+03,3.89e+03; 4.66e+03,4.64e+03,4.03e+03; 4.81e+03,4.79e+03,4.19e+03; 4.95e+03,4.94e+03,4.34e+03; 5.10e+03,5.09e+03,4.48e+03; 5.06e+03,5.05e+03,4.51e+03,5.01e+02; 5.39e+03,5.37e+03,4.80e+03; 5.50e+03,5.49e+03,5.02e+03; 5.63e+03,5.62e+03,5.20e+03; 5.76e+03,5.74e+03,5.39e+03; 4.75e+03,4.73e+03,4.38e+03,3.48e+03; 6.03e+03,6.02e+03,5.74e+03; 6.18e+03,6.16e+03,5.89e+03; 6.04e+03,6.03e+03,5.75e+03,8.58e+02; 6.05e+03,6.03e+03,5.76e+03,1.28e+03; 6.61e+03,6.60e+03,6.36e+03; 6.75e+03,6.74e+03,6.51e+03; 5.74e+03,5.73e+03,5.53e+03,3.46e+03; 6.44e+03,6.42e+03,6.22e+03,1.82e+03; 6.32e+03,6.31e+03,6.11e+03,2.60e+03; 6.37e+03,6.35e+03,6.15e+03,2.92e+03; 6.90e+03,6.88e+03,6.68e+03,1.77e+03; 6.57e+03,6.55e+03,6.34e+03,3.22e+03; 7.08e+03,7.07e+03,6.84e+03,2.13e+03; 7.93e+03,7.92e+03,7.72e+03; 8.08e+03,8.07e+03,7.87e+03; 6.44e+03,6.43e+03,6.23e+03,5.36e+03; 8.38e+03,8.36e+03,8.16e+03; 6.75e+03,6.74e+03,6.54e+03,5.32e+03; 6.63e+03,6.61e+03,6.36e+03,6.19e+03; 7.35e+03,7.33e+03,7.17e+03,4.39e+03; 8.28e+03,8.27e+03,8.11e+03,2.01e+03; 8.99e+03,8.98e+03,8.83e+03,3.27e+02; 9.00e+03,8.99e+03,8.84e+03,7.36e+02; 8.14e+03,8.12e+03,7.97e+03,3.78e+03; 8.30e+03,8.29e+03,8.14e+03,3.73e+03","63,63,63,63,63,63,63,63,63,63,63,61,47,63,63,63,63,63,57,61,63,63,63,63,63,63,63,47,63,47,57,57,63,63,63,63,47,63,57,63,57,61,63,63,57,63,57,47,47,47,47,61,61,47,47,47,63,63,61,61,57,57,47,47"
377,28.26,24.31,"12.86,15.23,16.66,17.65,18.34,18.85,19.35,19.96,20.64,21.15,21.69,22.13,22.50,22.81,23.14,23.49,23.93,24.33,24.73,24.97,25.22,25.47,25.66,26.07,26.15,26.45,26.59,26.76,26.90,26.99,27.23,27.39,27.58,27.67,27.95,27.94,28.01,28.34,28.66,28.64,28.72,28.90,29.03,29.27,29.48,30.01,29.99,30.00,30.15,30.04,30.41,30.90,31.10,31.23,31.36,31.71,31.39,32.21,31.78,32.29,32.16,32.93,32.63,32.43","6.19e+01,6.08e+01,4.70e+01,1.66e-01","11,3,11,3","2.11e+02; 4.22e+02; 6.33e+02; 8.44e+02; 1.05e+03; 1.19e+03,7.77e+01; 1.15e+03,3.29e+02; 1.11e+03,5.81e+02; 1.14e+03,7.61e+02; 1.23e+03,8.83e+02; 1.32e+03,9.97e+02; 1.42e+03,1.11e+03; 1.52e+03,1.22e+03; 1.63e+03,1.32e+03; 1.73e+03,1.43e+03; 1.82e+03,1.55e+03; 1.90e+03,1.69e+03; 2.00e+03,1.80e+03; 2.10e+03,1.91e+03; 2.20e+03,2.02e+03; 2.30e+03,2.13e+03; 2.41e+03,2.23e+03; 2.51e+03,2.34e+03; 2.61e+03,2.45e+03; 2.71e+03,2.57e+03; 2.81e+03,2.67e+03; 2.91e+03,2.78e+03; 3.01e+03,2.89e+03; 3.12e+03,3.00e+03; 3.14e+03,3.02e+03,1.62e+02; 3.18e+03,3.05e+03,3.08e+02; 3.11e+03,2.98e+03,6.60e+02; 3.11e+03,2.99e+03,7.69e+02,8.10e+01; 3.15e+03,3.02e+03,9.57e+02,4.46e+01; 3.47e+03,3.35e+03,5.64e+02; 3.42e+03,3.32e+03,8.48e+02; 3.26e+03,3.13e+03,1.42e+03; 3.34e+03,3.22e+03,1.45e+03; 3.31e+03,3.17e+03,1.24e+03,5.05e+02; 3.30e+03,3.18e+03,1.41e+03,5.40e+02; 3.37e+03,3.26e+03,1.46e+03,5.54e+02; 3.37e+03,3.26e+03,1.65e+03,5.75e+02; 3.67e+03,3.57e+03,1.83e+03; 3.80e+03,3.70e+03,1.79e+03; 3.67e+03,3.57e+03,1.27e+03,9.72e+02; 4.15e+03,4.04e+03,1.50e+03; 3.61e+03,3.51e+03,1.78e+03,1.01e+03; 3.55e+03,3.45e+03,1.76e+03,1.35e+03; 3.59e+03,3.50e+03,1.79e+03,1.45e+03; 3.61e+03,3.51e+03,2.00e+03,1.42e+03; 4.16e+03,4.09e+03,2.26e+03,2.47e+02; 3.79e+03,3.70e+03,1.88e+03,1.59e+03; 3.89e+03,3.80e+03,1.88e+03,1.61e+03; 4.34e+03,4.25e+03,2.79e+03; 3.77e+03,3.69e+03,2.33e+03,1.81e+03; 3.85e+03,3.77e+03,2.37e+03,1.82e+03; 3.90e+03,3.82e+03,2.40e+03,1.89e+03; 3.93e+03,3.85e+03,2.49e+03,1.96e+03; 4.48e+03,4.42e+03,3.03e+03,5.09e+02; 4.06e+03,3.98e+03,2.50e+03,2.11e+03; 4.21e+03,4.14e+03,2.42e+03,2.09e+03; 4.15e+03,4.08e+03,2.77e+03,2.09e+03; 4.17e+03,4.10e+03,2.80e+03,2.22e+03; 4.19e+03,4.11e+03,2.83e+03,2.37e+03","62,62,62,62,62,62,62,62,62,62,62,62,62,62,62,62,62,62,62,62,62,60,56,62,62,56,60,62,58,62,56,56,56,58,56,58,56,62,60,58,56,62,62,58,58,62,58,62,60,56,56,56,62,56,62,60,56,58,56,56,58,62,58,62"
378,25.25,22.54,"11.94,14.11,15.37,16.22,16.83,17.29,17.62,18.04,18.48,18.93,19.37,19.76,20.09,20.40,20.75,21.15,21.44,21.71,22.00,22.29,22.49,22.72,22.92,23.25,23.41,23.53,23.75,23.98,24.21,24.31,24.37,24.59,24.87,25.03,25.15,25.31,25.51,25.40,25.49,25.57,25.67,25.84,25.93,26.25,26.23,26.41,26.29,26.54,26.75,26.90,27.00,27.11,27.66,27.52,27.37,27.61,27.59,28.00,28.01,27.79,28.05,27.98,28.35,28.50","4.59e+01,4.46e+01,1.89e+00,3.16e-03","11,3,1,11","1.15e+02; 2.29e+02; 3.44e+02; 4.59e+02; 5.74e+02; 6.88e+02; 8.03e+02; 7.04e+02,2.13e+02; 7.48e+02,2.84e+02; 7.96e+02,3.51e+02; 8.56e+02,4.06e+02; 8.94e+02,4.82e+02; 9.48e+02,5.43e+02; 9.97e+02,6.09e+02; 1.03e+03,6.88e+02; 1.06e+03,7.76e+02; 1.11e+03,8.38e+02; 1.17e+03,8.98e+02; 1.23e+03,9.49e+02; 1.27e+03,1.02e+03; 1.33e+03,1.08e+03; 1.39e+03,1.14e+03; 1.44e+03,1.20e+03; 1.49e+03,1.27e+03; 1.54e+03,1.33e+03; 1.60e+03,1.38e+03; 1.66e+03,1.44e+03; 1.71e+03,1.50e+03; 1.76e+03,1.56e+03; 1.82e+03,1.62e+03; 1.86e+03,1.66e+03,3.54e+01; 1.90e+03,1.71e+03,5.91e+01; 1.95e+03,1.76e+03,7.76e+01; 2.02e+03,1.82e+03,5.98e+01; 2.09e+03,1.90e+03,1.92e+01; 2.15e+03,1.98e+03; 2.17e+03,1.99e+03,7.57e+01; 2.15e+03,1.97e+03,2.33e+02; 2.20e+03,2.02e+03,2.59e+02; 2.24e+03,2.06e+03,2.91e+02; 2.29e+03,2.10e+03,3.15e+02; 2.34e+03,2.16e+03,3.23e+02; 2.43e+03,2.21e+03,2.94e+02; 2.61e+03,2.44e+03; 2.53e+03,2.33e+03,3.01e+02; 2.36e+03,2.16e+03,7.57e+02; 2.34e+03,2.13e+03,9.20e+02; 2.40e+03,2.19e+03,9.25e+02; 2.43e+03,2.24e+03,9.50e+02; 2.48e+03,2.28e+03,9.79e+02; 2.47e+03,2.25e+03,1.12e+03; 3.05e+03,2.91e+03; 2.60e+03,2.41e+03,1.07e+03; 2.58e+03,2.38e+03,1.23e+03; 2.62e+03,2.43e+03,1.25e+03; 2.66e+03,2.47e+03,1.29e+03; 2.71e+03,2.51e+03,1.32e+03; 2.75e+03,2.56e+03,1.34e+03; 2.86e+03,2.67e+03,1.24e+03; 2.92e+03,2.75e+03,1.21e+03; 3.03e+03,2.85e+03,1.12e+03; 2.86e+03,2.67e+03,1.58e+03; 2.93e+03,2.75e+03,1.55e+03; 2.96e+03,2.78e+03,1.61e+03","62,62,62,62,62,62,62,62,62,62,62,62,62,62,62,62,62,62,62,62,62,62,62,62,48,62,62,48,62,62,62,62,62,62,62,52,52,46,52,46,46,48,46,62,62,62,48,46,62,62,48,62,62,52,52,46,46,62,52,46,62,48,62,62"
386,20.52,21.38,"6.37,8.62,10.54,12.37,13.67,15.21,16.23,17.52,18.36,19.12,19.77,20.46,21.04,21.67,22.21,22.96,23.40,23.87,24.27,24.71,25.08,25.49,25.86,26.32,26.60,26.94,27.23,27.56,27.84,28.14,28.43,28.74,28.99,29.25,29.53,29.76,29.99,30.23,30.50,30.72,31.01,31.22,31.45,31.65,31.84,32.04,32.27,32.45,32.74,32.92,33.12,33.28,33.45,33.62,33.82,33.98,34.29,34.45,34.62,34.76,34.91,35.06,35.24,35.39","3.58e-01,3.44e-01,3.17e-01,2.21e-05","0,0,0,0","1.26e+00; 1.80e+00,7.28e-01; 2.18e+00,1.38e+00,2.33e-01; 2.37e+00,1.38e+00,1.32e+00; 2.77e+00,1.76e+00,1.70e+00,9.13e-02; 3.11e+00,2.31e+00,2.17e+00; 3.52e+00,2.74e+00,2.59e+00; 3.61e+00,2.58e+00,2.36e+00,1.58e+00; 4.00e+00,3.07e+00,2.72e+00,1.60e+00; 4.39e+00,3.43e+00,3.11e+00,1.72e+00; 4.77e+00,3.67e+00,3.42e+00,2.06e+00; 5.12e+00,3.85e+00,3.78e+00,2.43e+00; 5.52e+00,4.26e+00,4.14e+00,2.52e+00; 5.88e+00,4.60e+00,4.50e+00,2.73e+00; 6.27e+00,5.06e+00,4.94e+00,2.71e+00; 6.54e+00,5.12e+00,5.08e+00,3.49e+00; 6.93e+00,5.62e+00,5.55e+00,3.40e+00; 7.30e+00,5.98e+00,5.87e+00,3.63e+00; 7.67e+00,6.28e+00,6.23e+00,3.85e+00; 8.02e+00,6.54e+00,6.49e+00,4.26e+00; 8.40e+00,6.98e+00,6.78e+00,4.41e+00; 8.75e+00,7.31e+00,7.07e+00,4.70e+00; 9.12e+00,7.74e+00,7.47e+00,4.76e+00; 9.43e+00,7.91e+00,7.74e+00,5.27e+00; 9.84e+00,8.46e+00,8.26e+00,5.07e+00; 1.02e+01,8.75e+00,8.61e+00,5.34e+00; 1.06e+01,9.13e+00,8.95e+00,5.52e+00; 1.09e+01,9.42e+00,9.18e+00,5.93e+00; 1.13e+01,9.83e+00,9.46e+00,6.13e+00; 1.16e+01,1.02e+01,9.75e+00,6.43e+00; 1.20e+01,1.06e+01,1.01e+01,6.56e+00; 1.23e+01,1.08e+01,1.04e+01,6.92e+00; 1.27e+01,1.12e+01,1.11e+01,6.73e+00; 1.31e+01,1.15e+01,1.14e+01,6.97e+00; 1.34e+01,1.19e+01,1.17e+01,7.36e+00; 1.37e+01,1.22e+01,1.20e+01,7.62e+00; 1.41e+01,1.26e+01,1.23e+01,7.87e+00; 1.44e+01,1.29e+01,1.26e+01,8.19e+00; 1.47e+01,1.32e+01,1.29e+01,8.51e+00; 1.51e+01,1.35e+01,1.32e+01,8.74e+00; 1.54e+01,1.39e+01,1.35e+01,9.05e+00; 1.57e+01,1.42e+01,1.39e+01,9.30e+00; 1.61e+01,1.45e+01,1.42e+01,9.61e+00; 1.64e+01,1.48e+01,1.45e+01,9.92e+00; 1.67e+01,1.52e+01,1.48e+01,1.02e+01; 1.71e+01,1.55e+01,1.51e+01,1.05e+01; 1.74e+01,1.59e+01,1.54e+01,1.08e+01; 1.77e+01,1.62e+01,1.57e+01,1.11e+01; 1.80e+01,1.65e+01,1.60e+01,1.15e+01; 1.84e+01,1.68e+01,1.63e+01,1.18e+01; 1.87e+01,1.71e+01,1.67e+01,1.20e+01; 1.90e+01,1.74e+01,1.70e+01,1.23e+01; 1.94e+01,1.78e+01,1.73e+01,1.26e+01; 1.97e+01,1.81e+01,1.75e+01,1.30e+01; 2.00e+01,1.84e+01,1.78e+01,1.33e+01; 2.03e+01,1.88e+01,1.82e+01,1.35e+01; 2.06e+01,1.90e+01,1.84e+01,1.42e+01; 2.09e+01,1.93e+01,1.87e+01,1.45e+01; 2.12e+01,1.96e+01,1.91e+01,1.47e+01; 2.16e+01,2.00e+01,1.94e+01,1.50e+01; 2.19e+01,2.03e+01,1.97e+01,1.52e+01; 2.22e+01,2.06e+01,1.99e+01,1.56e+01; 2.25e+01,2.09e+01,2.02e+01,1.60e+01; 2.29e+01,2.13e+01,2.06e+01,1.62e+01","33,33,33,33,33,33,33,33,33,33,33,33,33,33,33,33,33,33,33,33,33,33,33,33,33,33,33,33,33,33,33,33,33,33,33,33,33,33,33,33,33,33,33,33,33,33,33,33,33,33,33,33,33,33,33,33,33,33,33,33,33,33,33,33"
387,20.74,21.33,"6.33,8.72,10.88,12.80,14.20,15.54,16.74,18.07,18.97,19.78,20.54,21.28,21.89,22.50,23.04,23.78,24.28,24.79,25.24,25.72,26.11,26.50,26.86,27.32,27.66,28.04,28.37,28.72,29.01,29.30,29.58,29.90,30.15,30.45,30.71,30.98,31.23,31.45,31.68,31.92,32.13,32.38,32.60,32.82,33.03,33.22,33.41,33.60,33.82,34.03,34.21,34.39,34.59,34.75,34.91,35.08,35.33,35.51,35.68,35.83,36.00,36.15,36.29,36.44","3.29e-01,3.15e-01,2.96e-01,1.98e-05","0,0,0,0","1.17e+00; 1.57e+00,7.64e-01; 1.92e+00,1.45e+00,1.27e-01; 2.03e+00,1.38e+00,1.26e+00; 2.39e+00,1.80e+00,1.65e+00; 2.60e+00,1.99e+00,1.86e+00,5.53e-01; 3.02e+00,2.57e+00,2.48e+00,8.40e-02; 3.05e+00,2.56e+00,2.22e+00,1.50e+00; 3.36e+00,2.88e+00,2.43e+00,1.83e+00; 3.71e+00,3.18e+00,2.78e+00,2.00e+00; 4.03e+00,3.40e+00,3.07e+00,2.33e+00; 4.35e+00,3.59e+00,3.45e+00,2.60e+00; 4.72e+00,3.92e+00,3.90e+00,2.62e+00; 5.04e+00,4.26e+00,4.25e+00,2.78e+00; 5.39e+00,4.66e+00,4.63e+00,2.82e+00; 5.61e+00,4.92e+00,4.71e+00,3.42e+00; 5.91e+00,5.25e+00,5.00e+00,3.65e+00; 6.23e+00,5.55e+00,5.30e+00,3.91e+00; 6.55e+00,5.82e+00,5.62e+00,4.16e+00; 6.86e+00,6.04e+00,5.95e+00,4.48e+00; 7.21e+00,6.38e+00,6.33e+00,4.57e+00; 7.53e+00,6.70e+00,6.64e+00,4.77e+00; 7.86e+00,7.06e+00,7.01e+00,4.90e+00; 8.12e+00,7.31e+00,7.25e+00,5.31e+00; 8.44e+00,7.65e+00,7.60e+00,5.46e+00; 8.74e+00,7.95e+00,7.87e+00,5.77e+00; 9.06e+00,8.24e+00,8.20e+00,5.99e+00; 9.36e+00,8.50e+00,8.47e+00,6.32e+00; 9.70e+00,8.90e+00,8.76e+00,6.46e+00; 1.00e+01,9.23e+00,9.06e+00,6.67e+00; 1.03e+01,9.57e+00,9.41e+00,6.83e+00; 1.06e+01,9.82e+00,9.72e+00,7.15e+00; 1.10e+01,1.02e+01,1.01e+01,7.24e+00; 1.12e+01,1.05e+01,1.04e+01,7.57e+00; 1.16e+01,1.08e+01,1.07e+01,7.78e+00; 1.19e+01,1.11e+01,1.09e+01,8.11e+00; 1.22e+01,1.15e+01,1.12e+01,8.31e+00; 1.25e+01,1.18e+01,1.15e+01,8.50e+00; 1.28e+01,1.21e+01,1.18e+01,8.70e+00; 1.31e+01,1.24e+01,1.22e+01,8.95e+00; 1.35e+01,1.28e+01,1.25e+01,9.04e+00; 1.37e+01,1.30e+01,1.28e+01,9.37e+00; 1.41e+01,1.34e+01,1.31e+01,9.57e+00; 1.44e+01,1.37e+01,1.34e+01,9.89e+00; 1.47e+01,1.40e+01,1.37e+01,1.01e+01; 1.50e+01,1.43e+01,1.40e+01,1.03e+01; 1.53e+01,1.47e+01,1.43e+01,1.05e+01; 1.56e+01,1.50e+01,1.46e+01,1.08e+01; 1.59e+01,1.53e+01,1.49e+01,1.10e+01; 1.62e+01,1.56e+01,1.52e+01,1.13e+01; 1.65e+01,1.59e+01,1.55e+01,1.15e+01; 1.68e+01,1.62e+01,1.58e+01,1.18e+01; 1.71e+01,1.65e+01,1.61e+01,1.21e+01; 1.74e+01,1.69e+01,1.64e+01,1.23e+01; 1.78e+01,1.72e+01,1.67e+01,1.25e+01; 1.81e+01,1.75e+01,1.70e+01,1.27e+01; 1.83e+01,1.78e+01,1.73e+01,1.31e+01; 1.86e+01,1.80e+01,1.76e+01,1.34e+01; 1.89e+01,1.84e+01,1.79e+01,1.36e+01; 1.92e+01,1.87e+01,1.82e+01,1.39e+01; 1.95e+01,1.90e+01,1.84e+01,1.42e+01; 1.98e+01,1.93e+01,1.87e+01,1.45e+01; 2.01e+01,1.96e+01,1.90e+01,1.47e+01; 2.04e+01,1.99e+01,1.94e+01,1.49e+01","33,33,33,33,33,33,33,33,33,33,33,33,33,33,33,33,33,33,33,33,33,33,33,33,33,33,33,33,33,33,33,33,33,33,33,33,33,33,33,33,33,33,33,33,33,33,33,33,33,33,33,33,33,33,33,33,33,33,33,33,33,33,33,33"
388,6.80,6.05,"0.60,1.44,2.12,2.65,3.08,3.43,3.72,4.02,4.35,4.66,4.94,5.20,5.43,5.65,5.87,6.08,6.30,6.50,6.68,6.85,7.01,7.17,7.33,7.50,7.66,7.82,7.95,8.08,8.20,8.33,8.47,8.60,8.74,8.87,8.98,9.08,9.18,9.29,9.40,9.52,9.64,9.75,9.84,9.93,10.02,10.11,10.20,10.31,10.41,10.50,10.59,10.67,10.74,10.82,10.91,11.00,11.09,11.18,11.25,11.32,11.39,11.46,11.54,11.62","9.89e-03,7.40e-07,5.10e-07,1.83e-07","5,5,5,5","1.23e-02; 2.45e-02; 3.68e-02; 4.91e-02; 6.14e-02; 7.36e-02; 8.33e-02,2.62e-03; 8.18e-02,1.64e-02; 8.77e-02,2.28e-02; 9.63e-02,2.64e-02; 1.06e-01,2.86e-02; 1.16e-01,3.10e-02; 1.25e-01,3.46e-02; 1.32e-01,4.00e-02; 1.37e-01,4.72e-02; 1.41e-01,5.56e-02; 1.46e-01,6.24e-02; 1.53e-01,6.75e-02; 1.62e-01,7.13e-02; 1.71e-01,7.47e-02; 1.79e-01,7.88e-02; 1.86e-01,8.43e-02; 1.91e-01,9.15e-02; 1.95e-01,9.99e-02; 2.00e-01,1.07e-01; 2.06e-01,1.13e-01; 2.14e-01,1.17e-01; 2.22e-01,1.22e-01; 2.30e-01,1.26e-01; 2.36e-01,1.32e-01; 2.42e-01,1.39e-01; 2.46e-01,1.47e-01; 2.53e-01,1.52e-01; 2.59e-01,1.59e-01; 2.66e-01,1.64e-01; 2.73e-01,1.68e-01; 2.81e-01,1.73e-01; 2.87e-01,1.79e-01; 2.93e-01,1.86e-01; 2.97e-01,1.94e-01; 3.02e-01,2.01e-01; 3.08e-01,2.08e-01; 3.15e-01,2.13e-01; 3.22e-01,2.18e-01; 3.29e-01,2.23e-01; 3.36e-01,2.29e-01; 3.41e-01,2.36e-01; 3.46e-01,2.43e-01; 3.51e-01,2.50e-01; 3.57e-01,2.57e-01; 3.64e-01,2.62e-01; 3.71e-01,2.67e-01; 3.78e-01,2.72e-01; 3.84e-01,2.78e-01; 3.90e-01,2.85e-01; 3.95e-01,2.92e-01; 4.00e-01,2.99e-01; 4.06e-01,3.06e-01; 4.13e-01,3.11e-01; 4.20e-01,3.17e-01; 4.27e-01,3.22e-01; 4.33e-01,3.28e-01; 4.39e-01,3.35e-01; 4.44e-01,3.42e-01","24,24,24,24,24,24,24,24,24,24,24,24,24,24,24,24,24,24,24,24,24,24,24,24,24,24,24,24,24,24,24,24,24,24,24,24,24,24,24,24,24,24,24,24,24,24,24,24,24,24,24,24,24,24,24,24,24,24,24,24,24,24,24,24"
389,7.56,7.39,"1.30,2.53,3.41,4.05,4.55,5.00,5.42,5.82,6.23,6.61,6.94,7.23,7.51,7.80,8.07,8.33,8.59,8.84,9.05,9.25,9.44,9.63,9.84,10.03,10.23,10.41,10.58,10.72,10.87,11.02,11.18,11.34,11.50,11.65,11.78,11.90,12.02,12.14,12.27,12.41,12.54,12.67,12.78,12.88,12.98,13.08,13.19,13.31,13.42,13.53,13.63,13.72,13.80,13.89,13.99,14.09,14.19,14.29,14.38,14.45,14.53,14.61,14.69,14.78","1.34e-02,2.36e-03,4.12e-07,3.00e-07","1,1,1,1","1.95e-02; 3.91e-02; 5.86e-02; 7.81e-02; 9.77e-02; 1.02e-01,1.47e-02; 1.05e-01,3.21e-02; 1.12e-01,4.47e-02; 1.21e-01,5.47e-02; 1.34e-01,6.18e-02; 1.47e-01,6.75e-02; 1.61e-01,7.35e-02; 1.73e-01,8.12e-02; 1.82e-01,9.13e-02; 1.90e-01,1.03e-01; 1.97e-01,1.15e-01; 2.06e-01,1.26e-01; 2.17e-01,1.35e-01; 2.28e-01,1.43e-01; 2.41e-01,1.50e-01; 2.52e-01,1.58e-01; 2.62e-01,1.68e-01; 2.71e-01,1.78e-01; 2.78e-01,1.90e-01; 2.87e-01,2.01e-01; 2.97e-01,2.11e-01; 3.08e-01,2.20e-01; 3.19e-01,2.28e-01; 3.30e-01,2.36e-01; 3.40e-01,2.46e-01; 3.48e-01,2.57e-01; 3.56e-01,2.69e-01; 3.65e-01,2.80e-01; 3.75e-01,2.89e-01; 3.85e-01,2.99e-01; 3.96e-01,3.07e-01; 4.07e-01,3.16e-01; 4.17e-01,3.26e-01; 4.26e-01,3.36e-01; 4.34e-01,3.47e-01; 4.43e-01,3.58e-01; 4.52e-01,3.68e-01; 4.63e-01,3.77e-01; 4.73e-01,3.86e-01; 4.84e-01,3.95e-01; 4.94e-01,4.05e-01; 5.03e-01,4.16e-01; 5.11e-01,4.26e-01; 5.20e-01,4.37e-01; 5.30e-01,4.47e-01; 5.40e-01,4.57e-01; 5.50e-01,4.66e-01; 5.61e-01,4.75e-01; 5.70e-01,4.84e-01; 5.79e-01,4.95e-01; 5.88e-01,5.06e-01; 5.98e-01,5.16e-01; 6.08e-01,5.25e-01; 6.18e-01,5.35e-01; 6.29e-01,5.43e-01; 6.41e-01,5.51e-01; 6.51e-01,5.60e-01; 6.60e-01,5.70e-01; 6.70e-01,5.80e-01","33,33,33,33,33,33,33,33,33,33,33,33,33,33,33,33,33,33,33,33,33,33,33,33,33,33,33,33,33,33,33,33,33,33,33,33,33,33,33,33,33,33,33,33,33,33,33,33,33,33,33,33,33,33,33,33,33,33,33,33,33,33,33,33"
390,20.21,18.16,"4.79,6.97,8.37,9.48,10.39,11.10,11.65,12.20,12.75,13.41,14.02,14.61,15.16,15.73,16.23,16.69,17.12,17.54,17.96,18.40,18.80,19.16,19.50,19.82,20.10,20.41,20.72,21.05,21.35,21.65,21.92,22.16,22.37,22.60,22.85,23.10,23.35,23.58,23.78,23.96,24.18,24.38,24.59,24.79,25.00,25.20,25.37,25.54,25.70,25.86,26.02,26.19,26.37,26.54,26.70,26.84,26.96,27.10,27.23,27.39,27.54,27.68,27.82,27.94","1.32e-01,1.28e-01,1.18e-01,1.16e-05","0,8,0,0","4.69e-01; 9.27e-01,1.05e-02; 1.07e+00,3.38e-01; 1.30e+00,5.79e-01; 1.52e+00,8.27e-01; 1.75e+00,1.06e+00; 1.99e+00,1.29e+00; 1.91e+00,1.17e+00,6.74e-01; 2.01e+00,1.28e+00,8.41e-01,8.61e-02; 2.09e+00,1.45e+00,8.83e-01,2.67e-01; 2.24e+00,1.57e+00,1.03e+00,3.21e-01; 2.38e+00,1.70e+00,1.18e+00,3.52e-01; 2.48e+00,1.80e+00,1.34e+00,4.66e-01; 2.59e+00,1.93e+00,1.51e+00,5.27e-01; 2.71e+00,2.08e+00,1.61e+00,6.25e-01; 2.83e+00,2.20e+00,1.68e+00,7.88e-01; 2.93e+00,2.26e+00,1.71e+00,1.06e+00; 3.08e+00,2.37e+00,1.85e+00,1.13e+00; 3.22e+00,2.49e+00,1.99e+00,1.21e+00; 3.36e+00,2.60e+00,2.12e+00,1.29e+00; 3.50e+00,2.76e+00,2.31e+00,1.28e+00; 3.63e+00,2.91e+00,2.47e+00,1.30e+00; 3.76e+00,3.02e+00,2.58e+00,1.41e+00; 3.89e+00,3.10e+00,2.67e+00,1.58e+00; 4.03e+00,3.22e+00,2.81e+00,1.65e+00; 4.17e+00,3.33e+00,2.95e+00,1.73e+00; 4.31e+00,3.45e+00,3.10e+00,1.79e+00; 4.45e+00,3.57e+00,3.23e+00,1.87e+00; 4.59e+00,3.69e+00,3.35e+00,1.95e+00; 4.72e+00,3.78e+00,3.54e+00,2.01e+00; 4.85e+00,3.85e+00,3.71e+00,2.11e+00; 4.99e+00,3.96e+00,3.85e+00,2.20e+00; 5.12e+00,4.06e+00,3.96e+00,2.31e+00; 5.25e+00,4.14e+00,4.05e+00,2.49e+00; 5.38e+00,4.25e+00,4.16e+00,2.61e+00; 5.52e+00,4.38e+00,4.29e+00,2.68e+00; 5.66e+00,4.52e+00,4.41e+00,2.75e+00; 5.79e+00,4.62e+00,4.57e+00,2.83e+00; 5.92e+00,4.73e+00,4.68e+00,2.95e+00; 6.05e+00,4.83e+00,4.79e+00,3.07e+00; 6.18e+00,4.91e+00,4.82e+00,3.30e+00; 6.30e+00,5.03e+00,4.90e+00,3.44e+00; 6.44e+00,5.17e+00,5.02e+00,3.52e+00; 6.57e+00,5.31e+00,5.14e+00,3.60e+00; 6.71e+00,5.44e+00,5.25e+00,3.68e+00; 6.84e+00,5.57e+00,5.36e+00,3.79e+00; 6.97e+00,5.68e+00,5.49e+00,3.88e+00; 7.09e+00,5.78e+00,5.58e+00,4.04e+00; 7.22e+00,5.88e+00,5.68e+00,4.17e+00; 7.35e+00,6.01e+00,5.80e+00,4.27e+00; 7.49e+00,6.15e+00,5.91e+00,4.35e+00; 7.62e+00,6.28e+00,6.03e+00,4.44e+00; 7.75e+00,6.42e+00,6.14e+00,4.53e+00; 7.88e+00,6.55e+00,6.25e+00,4.63e+00; 8.00e+00,6.65e+00,6.34e+00,4.78e+00; 8.13e+00,6.76e+00,6.43e+00,4.93e+00; 8.26e+00,6.87e+00,6.54e+00,5.04e+00; 8.38e+00,7.00e+00,6.65e+00,5.14e+00; 8.51e+00,7.13e+00,6.77e+00,5.23e+00; 8.64e+00,7.27e+00,6.89e+00,5.32e+00; 8.77e+00,7.40e+00,7.01e+00,5.40e+00; 8.90e+00,7.53e+00,7.10e+00,5.53e+00; 9.02e+00,7.64e+00,7.21e+00,5.65e+00; 9.15e+00,7.75e+00,7.32e+00,5.77e+00","47,47,47,47,47,47,47,56,56,56,47,47,56,56,56,56,56,47,47,47,56,56,56,56,47,47,47,47,47,56,56,56,47,56,56,47,47,56,47,47,56,56,47,47,47,47,56,56,56,47,47,47,47,47,56,56,47,47,56,47,47,56,47,47"
391,20.76,18.81,"5.11,8.37,10.59,12.08,13.27,14.29,15.16,15.88,16.53,17.22,17.90,18.51,19.04,19.54,20.00,20.41,20.81,21.21,21.61,21.99,22.35,22.68,23.00,23.29,23.58,23.88,24.17,24.45,24.72,24.97,25.22,25.44,25.65,25.88,26.10,26.32,26.57,26.77,26.97,27.14,27.30,27.49,27.67,27.85,28.03,28.21,28.38,28.55,28.73,28.89,29.04,29.20,29.35,29.51,29.65,29.80,29.93,30.07,30.20,30.31,30.45,30.59,30.72,30.85","1.42e-01,1.41e-01,7.31e-02,9.69e-06","3,3,3,3","4.43e-01; 5.45e-01,3.40e-01; 7.55e-01,5.73e-01; 9.74e-01,7.96e-01; 1.14e+00,9.72e-01,1.03e-01; 1.28e+00,1.06e+00,3.19e-01; 1.49e+00,1.23e+00,3.77e-01; 1.62e+00,1.37e+00,5.50e-01; 1.81e+00,1.49e+00,6.83e-01; 1.96e+00,1.63e+00,8.36e-01; 2.13e+00,1.79e+00,9.54e-01; 2.29e+00,1.95e+00,1.07e+00; 2.46e+00,2.12e+00,1.18e+00; 2.62e+00,2.27e+00,1.30e+00; 2.77e+00,2.43e+00,1.45e+00; 2.92e+00,2.58e+00,1.58e+00; 3.05e+00,2.70e+00,1.77e+00; 3.21e+00,2.84e+00,1.92e+00; 3.36e+00,2.99e+00,2.06e+00; 3.52e+00,3.15e+00,2.19e+00; 3.68e+00,3.30e+00,2.31e+00; 3.83e+00,3.46e+00,2.44e+00; 3.98e+00,3.61e+00,2.59e+00; 4.12e+00,3.77e+00,2.73e+00; 4.26e+00,3.89e+00,2.91e+00; 4.40e+00,4.03e+00,3.08e+00; 4.55e+00,4.18e+00,3.23e+00; 4.70e+00,4.33e+00,3.37e+00; 4.85e+00,4.48e+00,3.50e+00; 5.00e+00,4.64e+00,3.64e+00; 5.15e+00,4.79e+00,3.79e+00; 5.25e+00,4.89e+00,3.89e+00,1.38e-01; 5.30e+00,4.94e+00,3.97e+00,3.87e-01; 5.45e+00,5.09e+00,4.14e+00,3.70e-01; 5.58e+00,5.21e+00,4.27e+00,4.30e-01; 5.67e+00,5.31e+00,4.35e+00,6.05e-01; 6.10e+00,5.66e+00,4.47e+00,1.50e-01; 6.25e+00,5.80e+00,4.58e+00,1.86e-01; 6.40e+00,5.96e+00,4.73e+00,1.70e-01; 6.55e+00,6.09e+00,4.84e+00,2.22e-01; 6.36e+00,5.96e+00,4.89e+00,9.29e-01; 6.50e+00,6.10e+00,5.05e+00,9.46e-01; 6.63e+00,6.23e+00,5.17e+00,1.00e+00; 6.76e+00,6.35e+00,5.26e+00,1.10e+00; 6.92e+00,6.49e+00,5.34e+00,1.16e+00; 7.06e+00,6.63e+00,5.45e+00,1.21e+00; 7.20e+00,6.77e+00,5.60e+00,1.24e+00; 7.34e+00,6.90e+00,5.70e+00,1.30e+00; 7.71e+00,7.20e+00,5.81e+00,9.64e-01; 7.86e+00,7.35e+00,5.97e+00,9.53e-01; 8.00e+00,7.48e+00,6.09e+00,1.01e+00; 8.11e+00,7.59e+00,6.17e+00,1.14e+00; 8.23e+00,7.70e+00,6.25e+00,1.28e+00; 8.36e+00,7.82e+00,6.35e+00,1.36e+00; 8.51e+00,7.98e+00,6.50e+00,1.35e+00; 8.63e+00,8.09e+00,6.59e+00,1.48e+00; 8.71e+00,8.16e+00,6.67e+00,1.69e+00; 8.85e+00,8.30e+00,6.82e+00,1.70e+00; 8.98e+00,8.42e+00,6.94e+00,1.77e+00; 8.78e+00,8.30e+00,7.00e+00,2.46e+00; 8.92e+00,8.43e+00,7.09e+00,2.55e+00; 9.06e+00,8.56e+00,7.19e+00,2.62e+00; 9.19e+00,8.70e+00,7.33e+00,2.65e+00; 9.32e+00,8.82e+00,7.44e+00,2.74e+00","39,39,39,39,39,33,33,33,33,39,39,39,39,39,33,33,33,39,39,39,39,39,33,33,33,33,39,39,39,39,33,33,33,33,39,39,39,39,33,39,33,33,39,39,39,39,33,33,33,33,39,39,39,39,33,33,33,33,33,39,39,39,33,33"
392,0.45,0.45,"0.01,0.03,0.07,0.11,0.16,0.21,0.25,0.29,0.35,0.42,0.51,0.59,0.67,0.73,0.79,0.84,0.89,0.97,1.05,1.13,1.21,1.27,1.32,1.37,1.42,1.48,1.55,1.63,1.69,1.75,1.80,1.84,1.89,1.95,2.01,2.07,2.13,2.19,2.23,2.28,2.32,2.37,2.43,2.48,2.53,2.58,2.63,2.67,2.71,2.76,2.80,2.85,2.90,2.94,2.99,3.03,3.06,3.10,3.15,3.19,3.23,3.27,3.31,3.35","2.67e-05,2.03e-09,1.03e-09,5.19e-10","0,0,0,0","3.31e-05; 6.62e-05; 9.93e-05; 1.32e-04; 1.65e-04; 1.99e-04; 2.32e-04; 2.65e-04; 2.98e-04; 3.31e-04; 3.64e-04; 3.97e-04; 4.30e-04; 4.63e-04; 4.96e-04; 5.29e-04; 5.62e-04; 5.96e-04; 6.29e-04; 6.62e-04; 6.95e-04; 7.28e-04; 7.61e-04; 7.94e-04; 8.27e-04; 8.60e-04; 8.93e-04; 9.26e-04; 9.59e-04; 9.93e-04; 1.01e-03,1.55e-05; 9.98e-04,6.06e-05; 9.98e-04,9.42e-05; 1.01e-03,1.13e-04; 1.04e-03,1.15e-04; 1.08e-03,1.08e-04; 1.12e-03,1.03e-04; 1.14e-03,1.12e-04; 1.15e-03,1.37e-04; 1.15e-03,1.75e-04; 1.15e-03,2.05e-04; 1.17e-03,2.23e-04; 1.20e-03,2.28e-04; 1.23e-03,2.23e-04; 1.27e-03,2.19e-04; 1.28e-03,2.44e-04; 1.29e-03,2.65e-04; 1.29e-03,2.98e-04; 1.30e-03,3.25e-04; 1.31e-03,3.43e-04; 1.34e-03,3.50e-04; 1.37e-03,3.50e-04; 1.40e-03,3.49e-04; 1.43e-03,3.56e-04; 1.45e-03,3.74e-04; 1.45e-03,4.03e-04; 1.46e-03,4.29e-04; 1.47e-03,4.47e-04; 1.50e-03,4.56e-04; 1.53e-03,4.57e-04; 1.56e-03,4.56e-04; 1.59e-03,4.63e-04; 1.60e-03,4.80e-04; 1.61e-03,5.07e-04","33,33,33,33,33,33,33,33,33,33,33,33,33,33,33,33,33,33,33,33,33,33,33,33,33,33,33,33,33,33,33,33,33,33,33,33,33,33,33,33,33,33,33,33,33,33,33,33,33,33,33,33,33,33,33,33,33,33,33,33,33,33,33,33"
393,0.61,0.36,"0.01,0.03,0.05,0.09,0.12,0.16,0.20,0.24,0.29,0.36,0.43,0.49,0.56,0.62,0.67,0.72,0.78,0.85,0.92,0.98,1.05,1.11,1.17,1.21,1.26,1.32,1.39,1.45,1.51,1.56,1.61,1.66,1.70,1.76,1.81,1.87,1.92,1.97,2.02,2.06,2.10,2.14,2.19,2.24,2.29,2.34,2.38,2.42,2.46,2.50,2.55,2.59,2.64,2.68,2.72,2.76,2.80,2.84,2.88,2.92,2.96,3.00,3.04,3.08","4.41e-05,2.62e-09,9.18e-10,6.82e-10","5,5,5,5","5.47e-05; 1.09e-04; 1.64e-04; 2.19e-04; 2.73e-04; 3.28e-04; 3.83e-04; 4.38e-04; 4.92e-04; 5.47e-04; 6.02e-04; 6.56e-04; 7.11e-04; 7.66e-04; 8.20e-04; 8.75e-04; 9.30e-04; 9.84e-04; 1.04e-03; 1.09e-03; 1.15e-03; 1.20e-03; 1.26e-03; 1.31e-03; 1.37e-03; 1.42e-03; 1.48e-03; 1.53e-03; 1.59e-03; 1.64e-03; 1.70e-03; 1.75e-03; 1.80e-03; 1.86e-03; 1.91e-03; 1.97e-03; 2.02e-03; 2.08e-03; 2.13e-03; 2.16e-03,2.45e-05; 2.17e-03,7.23e-05; 2.19e-03,1.12e-04; 2.22e-03,1.29e-04; 2.28e-03,1.29e-04; 2.33e-03,1.28e-04; 2.38e-03,1.40e-04; 2.39e-03,1.77e-04; 2.39e-03,2.40e-04; 2.39e-03,2.85e-04; 2.41e-03,3.24e-04; 2.45e-03,3.42e-04; 2.50e-03,3.45e-04; 2.55e-03,3.47e-04; 2.59e-03,3.59e-04; 2.62e-03,3.91e-04; 2.62e-03,4.47e-04; 2.62e-03,4.95e-04; 2.64e-03,5.35e-04; 2.67e-03,5.55e-04; 2.70e-03,5.37e-04,4.56e-05; 2.71e-03,5.02e-04,1.27e-04; 2.73e-03,5.05e-04,1.58e-04; 2.74e-03,5.28e-04,1.76e-04; 2.74e-03,5.71e-04,1.89e-04","33,33,33,33,33,33,33,33,33,33,33,33,33,33,33,33,33,33,33,33,33,33,33,33,33,33,33,33,33,33,33,33,33,33,33,33,33,33,33,33,33,33,33,33,33,33,33,33,33,33,33,33,33,33,33,33,33,33,33,33,33,33,33,33"
394,0.43,0.25,"0.00,0.01,0.02,0.03,0.05,0.06,0.08,0.10,0.12,0.14,0.17,0.20,0.24,0.28,0.31,0.34,0.36,0.39,0.43,0.47,0.52,0.56,0.60,0.63,0.66,0.69,0.73,0.77,0.81,0.86,0.90,0.93,0.95,0.99,1.02,1.06,1.11,1.15,1.18,1.22,1.24,1.27,1.30,1.34,1.38,1.42,1.45,1.48,1.51,1.53,1.56,1.60,1.64,1.67,1.71,1.73,1.75,1.78,1.81,1.84,1.87,1.91,1.94,1.97","2.58e-05,1.98e-09,9.19e-10,2.86e-10","5,5,5,5",3.20e-05; 6.41e-05; 9.62e-05; 1.28e-04; 1.60e-04; 1.92e-04; 2.24e-04; 2.56e-04; 2.88e-04; 3.21e-04; 3.53e-04; 3.85e-04; 4.17e-04; 4.49e-04; 4.81e-04; 5.13e-04; 5.45e-04; 5.77e-04; 6.09e-04; 6.41e-04; 6.73e-04; 7.05e-04; 7.37e-04; 7.69e-04; 8.01e-04; 8.33e-04; 8.65e-04; 8.97e-04; 9.29e-04; 9.62e-04; 9.94e-04; 1.03e-03; 1.06e-03; 1.09e-03; 1.12e-03; 1.15e-03; 1.19e-03; 1.22e-03; 1.25e-03; 1.28e-03; 1.31e-03; 1.35e-03; 1.38e-03; 1.41e-03; 1.44e-03; 1.47e-03; 1.51e-03; 1.54e-03; 1.57e-03; 1.60e-03; 1.63e-03; 1.67e-03; 1.70e-03; 1.73e-03; 1.76e-03; 1.79e-03; 1.83e-03; 1.86e-03; 1.89e-03; 1.92e-03; 1.96e-03; 1.99e-03; 2.02e-03; 2.05e-03,"25,25,25,25,25,25,25,25,25,25,25,25,25,25,25,25,25,25,25,25,25,25,25,25,25,25,25,25,25,25,25,25,25,25,25,25,25,25,25,25,25,25,25,25,25,25,25,25,25,25,25,25,25,25,25,25,25,25,25,25,25,25,25,25"
395,0.39,0.36,"0.00,0.01,0.03,0.05,0.07,0.09,0.11,0.13,0.16,0.20,0.25,0.30,0.34,0.38,0.41,0.43,0.47,0.52,0.58,0.63,0.68,0.72,0.76,0.78,0.82,0.87,0.93,0.98,1.03,1.07,1.11,1.14,1.17,1.21,1.26,1.32,1.37,1.41,1.44,1.46,1.50,1.54,1.58,1.63,1.68,1.72,1.75,1.78,1.81,1.85,1.89,1.93,1.97,2.01,2.04,2.07,2.10,2.14,2.18,2.22,2.26,2.29,2.32,2.35","2.31e-05,2.02e-09,6.46e-10,4.15e-10","0,0,0,0","2.87e-05; 5.75e-05; 8.62e-05; 1.15e-04; 1.44e-04; 1.72e-04; 2.01e-04; 2.30e-04; 2.59e-04; 2.87e-04; 3.16e-04; 3.45e-04; 3.73e-04; 4.02e-04; 4.31e-04; 4.60e-04; 4.88e-04; 5.17e-04; 5.46e-04; 5.75e-04; 6.03e-04; 6.32e-04; 6.61e-04; 6.89e-04; 7.18e-04; 7.47e-04; 7.76e-04; 8.04e-04; 8.33e-04; 8.62e-04; 8.91e-04; 9.19e-04; 9.48e-04; 9.77e-04; 1.01e-03; 1.03e-03; 1.06e-03; 1.09e-03; 1.12e-03; 1.11e-03,3.82e-05; 1.11e-03,7.25e-05; 1.12e-03,9.14e-05; 1.14e-03,9.16e-05; 1.18e-03,8.19e-05; 1.22e-03,7.75e-05; 1.23e-03,8.71e-05; 1.23e-03,1.16e-04; 1.22e-03,1.56e-04; 1.22e-03,1.86e-04; 1.23e-03,2.05e-04; 1.26e-03,2.07e-04; 1.29e-03,2.01e-04; 1.32e-03,1.98e-04; 1.35e-03,2.06e-04; 1.35e-03,2.30e-04; 1.34e-03,2.65e-04; 1.34e-03,2.93e-04; 1.36e-03,3.11e-04; 1.38e-03,3.16e-04; 1.41e-03,3.12e-04; 1.44e-03,3.10e-04; 1.46e-03,3.17e-04; 1.47e-03,3.38e-04; 1.47e-03,3.70e-04","25,25,25,25,25,25,25,25,25,25,25,25,25,25,25,25,25,25,25,25,25,25,25,25,25,25,25,25,25,25,25,25,25,25,25,25,25,25,25,25,25,25,25,25,25,25,25,25,25,25,25,25,25,25,25,25,25,25,25,25,25,25,25,25"
396,7.33,7.28,"1.16,2.34,3.21,3.89,4.43,4.88,5.27,5.65,6.00,6.32,6.61,6.88,7.14,7.39,7.64,7.89,8.12,8.33,8.51,8.69,8.86,9.03,9.22,9.40,9.58,9.74,9.89,10.02,10.15,10.28,10.43,10.58,10.73,10.86,10.97,11.08,11.18,11.29,11.41,11.54,11.66,11.78,11.87,11.96,12.05,12.14,12.24,12.35,12.46,12.56,12.65,12.72,12.80,12.88,12.97,13.07,13.16,13.25,13.33,13.40,13.46,13.53,13.61,13.70","1.60e-02,7.44e-07,5.90e-07,2.84e-07","1,1,1,1","1.99e-02; 3.97e-02; 5.96e-02; 7.94e-02; 9.93e-02; 1.19e-01; 1.24e-01,1.45e-02; 1.43e-01,1.63e-02; 1.52e-01,2.66e-02; 1.65e-01,3.40e-02; 1.80e-01,3.84e-02; 1.96e-01,4.26e-02; 2.10e-01,4.84e-02; 2.21e-01,5.72e-02; 2.29e-01,6.84e-02; 2.32e-01,8.58e-02; 2.41e-01,9.66e-02; 2.52e-01,1.06e-01; 2.64e-01,1.13e-01; 2.77e-01,1.20e-01; 2.90e-01,1.27e-01; 3.01e-01,1.36e-01; 3.11e-01,1.45e-01; 3.20e-01,1.56e-01; 3.28e-01,1.68e-01; 3.38e-01,1.78e-01; 3.53e-01,1.83e-01; 3.65e-01,1.91e-01; 3.77e-01,1.99e-01; 3.87e-01,2.08e-01; 3.97e-01,2.19e-01; 4.05e-01,2.30e-01; 4.13e-01,2.42e-01; 4.22e-01,2.53e-01; 4.33e-01,2.62e-01; 4.45e-01,2.70e-01; 4.56e-01,2.78e-01; 4.67e-01,2.87e-01; 4.77e-01,2.97e-01; 4.86e-01,3.09e-01; 4.94e-01,3.20e-01; 5.03e-01,3.30e-01; 5.14e-01,3.40e-01; 5.25e-01,3.48e-01; 5.37e-01,3.57e-01; 5.48e-01,3.66e-01; 5.57e-01,3.76e-01; 5.66e-01,3.87e-01; 5.75e-01,3.98e-01; 5.84e-01,4.08e-01; 5.95e-01,4.18e-01; 6.06e-01,4.26e-01; 6.17e-01,4.35e-01; 6.28e-01,4.45e-01; 6.38e-01,4.54e-01; 6.46e-01,4.65e-01; 6.55e-01,4.77e-01; 6.64e-01,4.87e-01; 6.75e-01,4.97e-01; 6.85e-01,5.06e-01; 6.96e-01,5.15e-01; 7.07e-01,5.24e-01; 7.16e-01,5.34e-01; 7.25e-01,5.45e-01","24,24,24,24,24,24,24,24,24,24,24,24,24,24,24,24,24,24,24,24,24,24,24,24,24,24,24,24,24,24,24,24,24,24,24,24,24,24,24,24,24,24,24,24,24,24,24,24,24,24,24,24,24,24,24,24,24,24,24,24,24,24,24,24"
397,15.46,13.56,"2.82,4.90,6.23,7.23,8.36,9.22,9.92,10.44,10.89,11.35,11.93,12.49,12.99,13.42,13.79,14.12,14.42,14.75,15.08,15.41,15.72,16.00,16.25,16.48,16.69,16.92,17.15,17.39,17.61,17.82,18.01,18.18,18.34,18.52,18.70,18.88,19.06,19.23,19.38,19.52,19.65,19.80,19.94,20.09,20.24,20.38,20.51,20.63,20.74,20.86,20.99,21.11,21.24,21.36,21.47,21.58,21.68,21.78,21.89,22.00,22.11,22.22,22.32,22.41","5.84e-02,5.69e-02,4.78e-06,3.23e-06","3,3,3,3","1.43e-01; 2.86e-01; 4.29e-01; 4.12e-01,1.61e-01; 4.54e-01,2.61e-01; 5.16e-01,3.42e-01; 5.82e-01,4.20e-01; 6.54e-01,4.91e-01; 7.39e-01,5.49e-01; 7.47e-01,5.32e-01,1.53e-01; 8.11e-01,5.76e-01,1.87e-01; 9.20e-01,6.61e-01,1.36e-01; 9.35e-01,7.26e-01,1.98e-01; 9.95e-01,7.89e-01,2.19e-01; 1.06e+00,8.39e-01,2.46e-01; 1.19e+00,8.91e-01,2.12e-01; 1.20e+00,8.80e-01,3.56e-01; 1.24e+00,9.00e-01,4.32e-01; 1.31e+00,9.53e-01,4.54e-01; 1.37e+00,1.02e+00,4.66e-01; 1.43e+00,1.09e+00,4.78e-01; 1.50e+00,1.16e+00,4.92e-01; 1.57e+00,1.21e+00,5.15e-01; 1.68e+00,1.25e+00,4.96e-01; 1.73e+00,1.26e+00,5.85e-01; 1.78e+00,1.29e+00,6.46e-01; 1.84e+00,1.35e+00,6.80e-01; 1.90e+00,1.41e+00,6.96e-01; 1.96e+00,1.48e+00,7.11e-01; 2.02e+00,1.54e+00,7.33e-01; 2.07e+00,1.59e+00,7.73e-01; 2.13e+00,1.63e+00,8.25e-01; 2.18e+00,1.65e+00,8.96e-01; 2.23e+00,1.68e+00,9.49e-01; 2.29e+00,1.73e+00,9.85e-01; 2.34e+00,1.80e+00,1.01e+00; 2.40e+00,1.86e+00,1.03e+00; 2.46e+00,1.92e+00,1.05e+00; 2.51e+00,1.97e+00,1.09e+00; 2.57e+00,2.01e+00,1.14e+00; 2.62e+00,2.04e+00,1.21e+00; 2.67e+00,2.07e+00,1.26e+00; 2.73e+00,2.12e+00,1.30e+00; 2.78e+00,2.19e+00,1.33e+00; 2.84e+00,2.25e+00,1.35e+00; 2.89e+00,2.31e+00,1.38e+00; 2.95e+00,2.36e+00,1.42e+00; 3.00e+00,2.40e+00,1.47e+00; 3.05e+00,2.42e+00,1.54e+00; 3.10e+00,2.46e+00,1.59e+00; 3.15e+00,2.51e+00,1.63e+00; 3.21e+00,2.57e+00,1.66e+00; 3.26e+00,2.63e+00,1.69e+00; 3.32e+00,2.69e+00,1.72e+00; 3.37e+00,2.74e+00,1.76e+00; 3.42e+00,2.78e+00,1.81e+00; 3.47e+00,2.81e+00,1.88e+00; 3.52e+00,2.85e+00,1.93e+00; 3.57e+00,2.90e+00,1.97e+00; 3.62e+00,2.96e+00,2.01e+00; 3.68e+00,3.02e+00,2.04e+00; 3.73e+00,3.07e+00,2.07e+00; 3.78e+00,3.12e+00,2.11e+00; 3.83e+00,3.16e+00,2.16e+00","47,47,47,24,24,24,24,24,47,24,24,24,24,24,24,24,24,24,24,24,24,24,24,24,24,24,24,24,24,24,24,24,24,24,24,24,24,24,24,24,24,24,24,24,24,24,24,24,24,24,24,24,24,24,24,24,24,24,24,24,24,24,24,24"
398,9.77,8.96,"2.66,4.75,6.08,7.01,7.69,8.18,8.54,8.80,9.10,9.41,9.73,10.03,10.29,10.50,10.67,10.81,10.95,11.12,11.29,11.47,11.63,11.77,11.89,11.98,12.09,12.22,12.35,12.49,12.62,12.74,12.86,12.97,13.09,13.21,13.33,13.44,13.55,13.67,13.78,13.88,14.00,14.11,14.21,14.31,14.41,14.51,14.61,14.71,14.82,14.92,15.01,15.10,15.19,15.27,15.36,15.46,15.55,15.65,15.73,15.81,15.89,15.96,16.05,16.13","5.33e-02,2.18e-06,1.56e-06,6.07e-07","3,3,3,3","6.62e-02; 1.32e-01; 1.99e-01; 2.65e-01; 3.31e-01; 3.97e-01; 4.63e-01; 5.30e-01; 5.96e-01; 6.62e-01; 7.28e-01; 7.94e-01; 8.61e-01; 9.27e-01; 9.93e-01; 1.06e+00; 1.13e+00; 1.19e+00; 1.26e+00; 1.32e+00; 1.39e+00; 1.46e+00; 1.52e+00; 1.52e+00,6.91e-02; 1.49e+00,1.62e-01; 1.49e+00,2.27e-01; 1.51e+00,2.73e-01; 1.55e+00,3.07e-01; 1.58e+00,3.44e-01; 1.60e+00,3.90e-01; 1.60e+00,4.49e-01; 1.60e+00,5.16e-01; 1.60e+00,5.84e-01; 1.61e+00,6.38e-01; 1.64e+00,6.80e-01; 1.67e+00,7.15e-01; 1.70e+00,7.49e-01; 1.73e+00,7.89e-01; 1.75e+00,8.37e-01; 1.76e+00,8.90e-01; 1.77e+00,9.46e-01; 1.79e+00,9.94e-01; 1.81e+00,1.03e+00; 1.84e+00,1.07e+00; 1.88e+00,1.10e+00; 1.91e+00,1.14e+00; 1.93e+00,1.18e+00; 1.95e+00,1.23e+00; 1.97e+00,1.28e+00; 1.99e+00,1.32e+00; 2.02e+00,1.36e+00; 2.05e+00,1.40e+00; 2.08e+00,1.43e+00; 2.11e+00,1.46e+00; 2.14e+00,1.50e+00; 2.16e+00,1.54e+00; 2.18e+00,1.59e+00; 2.21e+00,1.63e+00; 2.24e+00,1.67e+00; 2.27e+00,1.70e+00; 2.30e+00,1.74e+00; 2.33e+00,1.77e+00; 2.36e+00,1.81e+00; 2.39e+00,1.85e+00","32,32,32,32,32,32,32,32,32,32,32,32,32,32,32,32,32,32,32,32,32,32,32,32,32,32,32,32,32,32,32,32,32,32,32,32,32,32,32,32,32,32,32,32,32,32,32,32,32,32,32,32,32,32,32,32,32,32,32,32,32,32,32,32"
399,14.75,14.43,"3.37,5.57,7.26,8.68,9.72,10.58,11.19,11.76,12.27,12.88,13.40,13.93,14.40,14.82,15.18,15.51,15.81,16.14,16.47,16.79,17.09,17.37,17.62,17.83,18.05,18.28,18.51,18.74,18.97,19.18,19.38,19.55,19.72,19.89,20.07,20.25,20.43,20.60,20.76,20.90,21.04,21.19,21.33,21.48,21.63,21.77,21.91,22.04,22.15,22.28,22.40,22.53,22.66,22.78,22.90,23.01,23.11,23.22,23.33,23.44,23.55,23.66,23.77,23.87","3.36e-02,3.29e-02,2.15e-06,1.43e-06","0,0,0,0","8.25e-02; 1.12e-01,5.27e-02; 1.54e-01,9.32e-02; 1.94e-01,1.36e-01; 2.35e-01,1.77e-01; 2.76e-01,2.19e-01; 3.01e-01,2.46e-01,2.97e-02; 3.57e-01,2.75e-01,2.76e-02; 3.71e-01,2.91e-01,8.01e-02; 4.31e-01,3.30e-01,6.38e-02; 4.43e-01,3.59e-01,1.05e-01; 4.80e-01,3.98e-01,1.11e-01; 5.17e-01,4.33e-01,1.22e-01; 5.51e-01,4.63e-01,1.41e-01; 5.83e-01,4.87e-01,1.67e-01; 6.46e-01,5.18e-01,1.55e-01; 6.75e-01,5.39e-01,1.88e-01; 7.07e-01,5.68e-01,2.08e-01; 7.42e-01,6.03e-01,2.22e-01; 7.78e-01,6.41e-01,2.30e-01; 8.13e-01,6.76e-01,2.43e-01; 8.45e-01,7.06e-01,2.63e-01; 8.74e-01,7.31e-01,2.91e-01; 8.83e-01,7.45e-01,3.52e-01; 9.17e-01,7.70e-01,3.75e-01; 9.50e-01,7.98e-01,3.95e-01; 9.83e-01,8.31e-01,4.12e-01; 1.02e+00,8.66e-01,4.27e-01; 1.05e+00,9.00e-01,4.42e-01; 1.10e+00,9.39e-01,4.34e-01; 1.13e+00,9.63e-01,4.65e-01; 1.15e+00,9.84e-01,5.02e-01; 1.18e+00,1.01e+00,5.35e-01; 1.21e+00,1.03e+00,5.62e-01; 1.24e+00,1.07e+00,5.82e-01; 1.27e+00,1.10e+00,6.00e-01; 1.30e+00,1.13e+00,6.19e-01; 1.33e+00,1.16e+00,6.42e-01; 1.36e+00,1.19e+00,6.72e-01; 1.38e+00,1.21e+00,7.06e-01; 1.41e+00,1.23e+00,7.37e-01; 1.44e+00,1.26e+00,7.64e-01; 1.47e+00,1.29e+00,7.86e-01; 1.50e+00,1.32e+00,8.05e-01; 1.53e+00,1.35e+00,8.26e-01; 1.56e+00,1.38e+00,8.50e-01; 1.59e+00,1.41e+00,8.79e-01; 1.61e+00,1.43e+00,9.12e-01; 1.64e+00,1.45e+00,9.46e-01; 1.67e+00,1.48e+00,9.73e-01; 1.70e+00,1.51e+00,9.96e-01; 1.73e+00,1.54e+00,1.02e+00; 1.76e+00,1.57e+00,1.04e+00; 1.79e+00,1.60e+00,1.06e+00; 1.81e+00,1.63e+00,1.09e+00; 1.84e+00,1.65e+00,1.13e+00; 1.87e+00,1.68e+00,1.16e+00; 1.89e+00,1.70e+00,1.18e+00; 1.92e+00,1.73e+00,1.21e+00; 1.95e+00,1.76e+00,1.23e+00; 1.98e+00,1.80e+00,1.25e+00; 2.01e+00,1.82e+00,1.28e+00; 2.04e+00,1.85e+00,1.31e+00; 2.06e+00,1.87e+00,1.34e+00","39,39,39,39,39,39,39,39,39,39,39,39,39,39,39,25,39,39,39,39,39,39,39,39,39,39,39,39,39,39,39,39,39,39,39,39,39,39,39,39,39,39,39,39,39,39,39,39,25,39,39,39,39,39,39,39,25,39,39,39,39,39,39,39"
400,17.60,15.20,"2.06,4.01,5.72,7.16,8.49,9.59,10.45,11.19,12.03,12.84,13.54,14.23,14.90,15.49,16.05,16.55,17.06,17.53,17.98,18.42,18.85,19.24,19.63,20.00,20.36,20.69,21.01,21.34,21.66,21.95,22.25,22.55,22.82,23.08,23.33,23.60,23.85,24.09,24.33,24.58,24.80,25.01,25.22,25.45,25.66,25.86,26.07,26.29,26.47,26.64,26.83,27.03,27.22,27.39,27.58,27.77,27.92,28.08,28.25,28.43,28.59,28.75,28.91,29.08","2.24e-02,2.19e-02,2.04e-02,1.01e-06","12,4,12,4","8.04e-02; 8.50e-02,7.58e-02; 1.30e-01,1.11e-01; 1.55e-01,1.34e-01,3.29e-02; 1.70e-01,1.40e-01,9.19e-02; 1.97e-01,1.60e-01,1.25e-01; 2.20e-01,1.78e-01,1.54e-01,1.13e-02; 2.37e-01,1.81e-01,1.51e-01,7.44e-02; 2.61e-01,1.98e-01,1.79e-01,8.67e-02; 2.85e-01,2.25e-01,2.03e-01,9.11e-02; 3.10e-01,2.50e-01,2.15e-01,1.10e-01; 3.34e-01,2.71e-01,2.28e-01,1.31e-01; 3.58e-01,2.93e-01,2.55e-01,1.40e-01; 3.81e-01,3.14e-01,2.80e-01,1.50e-01; 4.04e-01,3.30e-01,2.97e-01,1.76e-01; 4.26e-01,3.42e-01,3.05e-01,2.13e-01; 4.48e-01,3.59e-01,3.32e-01,2.28e-01; 4.72e-01,3.82e-01,3.57e-01,2.37e-01; 4.95e-01,4.05e-01,3.73e-01,2.54e-01; 5.18e-01,4.27e-01,3.86e-01,2.77e-01; 5.41e-01,4.50e-01,4.06e-01,2.92e-01; 5.63e-01,4.71e-01,4.30e-01,3.04e-01; 5.91e-01,4.92e-01,4.48e-01,3.18e-01; 6.10e-01,5.06e-01,4.60e-01,3.53e-01; 6.31e-01,5.23e-01,4.86e-01,3.70e-01; 6.54e-01,5.45e-01,5.11e-01,3.81e-01; 6.76e-01,5.67e-01,5.28e-01,4.00e-01; 6.97e-01,5.88e-01,5.43e-01,4.24e-01; 7.18e-01,6.10e-01,5.61e-01,4.42e-01; 7.40e-01,6.32e-01,5.84e-01,4.56e-01; 7.61e-01,6.50e-01,6.02e-01,4.80e-01; 7.80e-01,6.66e-01,6.16e-01,5.10e-01; 8.01e-01,6.84e-01,6.41e-01,5.27e-01; 8.23e-01,7.05e-01,6.66e-01,5.41e-01; 8.44e-01,7.26e-01,6.84e-01,5.60e-01; 8.65e-01,7.47e-01,6.99e-01,5.84e-01; 8.86e-01,7.69e-01,7.17e-01,6.03e-01; 9.07e-01,7.90e-01,7.39e-01,6.20e-01; 9.27e-01,8.09e-01,7.57e-01,6.43e-01; 9.47e-01,8.26e-01,7.73e-01,6.70e-01; 9.67e-01,8.45e-01,7.97e-01,6.87e-01; 9.88e-01,8.65e-01,8.21e-01,7.02e-01; 1.01e+00,8.86e-01,8.40e-01,7.23e-01; 1.03e+00,9.07e-01,8.56e-01,7.46e-01; 1.05e+00,9.28e-01,8.74e-01,7.66e-01; 1.07e+00,9.50e-01,8.94e-01,7.84e-01; 1.09e+00,9.69e-01,9.13e-01,8.06e-01; 1.11e+00,9.87e-01,9.30e-01,8.32e-01; 1.13e+00,1.01e+00,9.54e-01,8.49e-01; 1.15e+00,1.03e+00,9.77e-01,8.66e-01; 1.17e+00,1.05e+00,9.96e-01,8.86e-01; 1.19e+00,1.07e+00,1.01e+00,9.09e-01; 1.21e+00,1.09e+00,1.03e+00,9.30e-01; 1.23e+00,1.11e+00,1.05e+00,9.49e-01; 1.25e+00,1.13e+00,1.07e+00,9.71e-01; 1.27e+00,1.15e+00,1.09e+00,9.95e-01; 1.29e+00,1.17e+00,1.11e+00,1.01e+00; 1.31e+00,1.19e+00,1.13e+00,1.03e+00; 1.33e+00,1.21e+00,1.15e+00,1.05e+00; 1.35e+00,1.23e+00,1.17e+00,1.07e+00; 1.37e+00,1.25e+00,1.19e+00,1.09e+00; 1.39e+00,1.27e+00,1.21e+00,1.11e+00; 1.41e+00,1.29e+00,1.23e+00,1.13e+00; 1.43e+00,1.31e+00,1.25e+00,1.16e+00","24,24,24,24,24,24,24,24,24,24,24,24,24,24,24,24,24,24,24,24,24,24,24,24,24,24,24,24,24,24,24,24,24,24,24,24,24,24,24,24,24,24,24,24,24,24,24,24,24,24,24,24,24,24,24,24,24,24,24,24,24,24,24,24"
408,64.41,50.27,"16.58,21.88,24.93,27.09,29.46,31.30,33.36,35.79,38.10,39.53,40.58,41.86,42.55,43.43,44.25,45.01,46.42,47.18,47.81,48.81,48.65,49.15,50.17,51.03,51.06,52.45,52.95,53.06,52.68,53.98,54.09,55.29,56.92,56.80,56.34,57.81,58.06,58.27,59.24,62.70,60.43,60.55,63.51,61.16,61.68,64.06,67.51,69.30,69.79,68.97,71.29,73.37,75.59,78.76,79.99,81.31,83.21,83.90,86.80,89.95,89.82,90.34,92.61,96.08","5.60e+02,5.60e+02,5.59e+02,5.52e+02","11,5,3,11","4.90e+03; 5.13e+03,4.67e+03; 6.30e+03,5.91e+03,2.49e+03; 7.05e+03,6.20e+03,4.26e+03,2.09e+03; 8.02e+03,7.14e+03,6.48e+03,2.85e+03; 8.71e+03,7.95e+03,7.49e+03,5.24e+03; 9.57e+03,8.96e+03,8.51e+03,7.25e+03; 1.05e+04,1.01e+04,9.66e+03,8.91e+03; 1.16e+04,1.14e+04,1.08e+04,1.03e+04; 1.27e+04,1.26e+04,1.19e+04,1.18e+04; 1.40e+04,1.39e+04,1.33e+04,1.28e+04; 1.51e+04,1.50e+04,1.45e+04,1.42e+04; 1.64e+04,1.63e+04,1.57e+04,1.53e+04; 1.75e+04,1.74e+04,1.70e+04,1.66e+04; 1.87e+04,1.86e+04,1.82e+04,1.79e+04; 1.99e+04,1.98e+04,1.95e+04,1.92e+04; 2.11e+04,2.10e+04,2.07e+04,2.05e+04; 2.23e+04,2.23e+04,2.19e+04,2.17e+04; 2.35e+04,2.35e+04,2.31e+04,2.30e+04; 2.47e+04,2.47e+04,2.44e+04,2.41e+04; 2.60e+04,2.60e+04,2.55e+04,2.53e+04; 2.72e+04,2.71e+04,2.69e+04,2.66e+04; 2.84e+04,2.83e+04,2.81e+04,2.79e+04; 2.96e+04,2.95e+04,2.93e+04,2.91e+04; 3.08e+04,3.08e+04,3.06e+04,3.04e+04; 3.20e+04,3.20e+04,3.18e+04,3.16e+04; 3.32e+04,3.32e+04,3.30e+04,3.28e+04; 3.44e+04,3.44e+04,3.43e+04,3.40e+04; 3.57e+04,3.56e+04,3.55e+04,3.53e+04; 3.69e+04,3.69e+04,3.67e+04,3.65e+04; 3.81e+04,3.81e+04,3.79e+04,3.78e+04; 3.93e+04,3.93e+04,3.91e+04,3.91e+04; 4.05e+04,4.05e+04,4.04e+04,4.03e+04; 4.17e+04,4.17e+04,4.16e+04,4.15e+04; 4.30e+04,4.29e+04,4.28e+04,4.27e+04; 4.42e+04,4.42e+04,4.40e+04,4.40e+04; 4.54e+04,4.54e+04,4.52e+04,4.52e+04; 4.66e+04,4.66e+04,4.65e+04,4.64e+04; 4.79e+04,4.79e+04,4.77e+04,4.76e+04; 4.91e+04,4.91e+04,4.89e+04,4.89e+04; 5.03e+04,5.03e+04,5.02e+04,5.01e+04; 5.15e+04,5.15e+04,5.14e+04,5.13e+04; 5.28e+04,5.27e+04,5.26e+04,5.26e+04; 5.40e+04,5.40e+04,5.38e+04,5.38e+04; 5.52e+04,5.52e+04,5.50e+04,5.50e+04; 5.64e+04,5.64e+04,5.63e+04,5.62e+04; 5.76e+04,5.76e+04,5.75e+04,5.75e+04; 5.90e+04,5.90e+04,5.88e+04,5.83e+04; 6.01e+04,6.01e+04,6.00e+04,5.99e+04; 6.13e+04,6.13e+04,6.12e+04,6.11e+04; 6.25e+04,6.25e+04,6.24e+04,6.24e+04; 6.38e+04,6.38e+04,6.36e+04,6.36e+04; 6.50e+04,6.50e+04,6.48e+04,6.48e+04; 6.62e+04,6.62e+04,6.61e+04,6.60e+04; 6.74e+04,6.74e+04,6.73e+04,6.73e+04; 6.87e+04,6.87e+04,6.85e+04,6.85e+04; 6.99e+04,6.99e+04,6.97e+04,6.97e+04; 7.11e+04,7.11e+04,7.10e+04,7.10e+04; 7.23e+04,7.23e+04,7.22e+04,7.22e+04; 7.36e+04,7.36e+04,7.34e+04,7.34e+04; 7.48e+04,7.48e+04,7.46e+04,7.46e+04; 7.60e+04,7.60e+04,7.59e+04,7.58e+04; 7.72e+04,7.72e+04,7.71e+04,7.71e+04; 7.85e+04,7.85e+04,7.83e+04,7.83e+04","16,7,16,7,16,16,16,16,16,16,16,16,16,7,16,16,16,16,7,7,22,7,22,22,18,16,16,22,16,16,16,16,7,18,7,16,18,16,18,22,18,22,18,18,7,7,16,7,16,22,7,7,16,22,22,16,16,7,16,7,16,7,18,16"
409,61.66,51.78,"16.77,25.34,30.48,34.16,36.91,39.51,41.80,43.22,45.17,45.78,46.49,47.24,47.97,48.72,49.78,51.04,51.38,51.19,52.63,53.26,52.95,54.24,54.58,54.86,54.97,55.26,55.38,57.24,56.78,58.00,57.84,58.27,60.02,59.70,65.35,60.48,62.41,61.98,63.03,63.21,65.58,74.22,76.84,76.02,68.29,80.81,72.24,75.06,75.52,91.64,92.17,79.17,86.38,85.21,90.96,101.61,85.60,91.70,90.47,93.88,106.23,100.18,101.52,105.30","7.98e+02,7.98e+02,7.97e+02,7.74e+02","12,4,12,4","6.37e+03; 6.43e+03,6.31e+03; 6.63e+03,6.44e+03,6.04e+03; 8.57e+03,8.47e+03,7.70e+03,7.29e+02; 8.94e+03,8.85e+03,8.21e+03,5.85e+03; 1.03e+04,1.02e+04,9.95e+03,7.77e+03; 1.24e+04,1.23e+04,1.19e+04,7.95e+03; 1.31e+04,1.30e+04,1.28e+04,1.21e+04; 1.48e+04,1.48e+04,1.44e+04,1.33e+04; 1.62e+04,1.61e+04,1.60e+04,1.54e+04; 1.78e+04,1.78e+04,1.76e+04,1.68e+04; 2.02e+04,2.02e+04,1.95e+04,1.65e+04; 2.21e+04,2.21e+04,2.16e+04,1.69e+04; 2.30e+04,2.30e+04,2.25e+04,2.06e+04; 2.46e+04,2.46e+04,2.41e+04,2.22e+04; 2.61e+04,2.60e+04,2.56e+04,2.43e+04; 2.76e+04,2.76e+04,2.72e+04,2.58e+04; 2.92e+04,2.92e+04,2.87e+04,2.75e+04; 3.08e+04,3.07e+04,3.02e+04,2.92e+04; 3.25e+04,3.25e+04,3.20e+04,3.03e+04; 3.43e+04,3.43e+04,3.39e+04,3.13e+04; 3.55e+04,3.55e+04,3.52e+04,3.39e+04; 3.71e+04,3.71e+04,3.67e+04,3.55e+04; 3.87e+04,3.87e+04,3.83e+04,3.71e+04; 4.03e+04,4.03e+04,3.99e+04,3.87e+04; 4.19e+04,4.18e+04,4.15e+04,4.04e+04; 4.34e+04,4.34e+04,4.31e+04,4.21e+04; 4.50e+04,4.50e+04,4.47e+04,4.35e+04; 4.67e+04,4.67e+04,4.64e+04,4.49e+04; 4.82e+04,4.82e+04,4.79e+04,4.67e+04; 4.98e+04,4.98e+04,4.95e+04,4.83e+04; 5.14e+04,5.13e+04,5.11e+04,5.00e+04; 5.29e+04,5.29e+04,5.27e+04,5.16e+04; 5.46e+04,5.46e+04,5.43e+04,5.31e+04; 5.61e+04,5.61e+04,5.57e+04,5.49e+04; 5.77e+04,5.77e+04,5.74e+04,5.64e+04; 5.94e+04,5.94e+04,5.91e+04,5.77e+04; 6.13e+04,6.13e+04,6.09e+04,5.85e+04; 6.25e+04,6.25e+04,6.22e+04,6.11e+04; 6.41e+04,6.41e+04,6.38e+04,6.27e+04; 6.57e+04,6.57e+04,6.54e+04,6.43e+04; 6.75e+04,6.74e+04,6.72e+04,6.54e+04; 6.88e+04,6.88e+04,6.85e+04,6.77e+04; 7.05e+04,7.05e+04,7.02e+04,6.90e+04; 7.21e+04,7.21e+04,7.18e+04,7.05e+04; 7.38e+04,7.38e+04,7.35e+04,7.19e+04; 7.52e+04,7.52e+04,7.50e+04,7.39e+04; 7.67e+04,7.67e+04,7.65e+04,7.58e+04; 7.83e+04,7.83e+04,7.81e+04,7.74e+04; 7.99e+04,7.99e+04,7.97e+04,7.88e+04; 8.15e+04,8.15e+04,8.11e+04,8.06e+04; 8.31e+04,8.31e+04,8.28e+04,8.21e+04; 8.47e+04,8.47e+04,8.45e+04,8.36e+04; 8.63e+04,8.63e+04,8.61e+04,8.51e+04; 8.80e+04,8.79e+04,8.77e+04,8.66e+04; 8.95e+04,8.95e+04,8.92e+04,8.85e+04; 9.08e+04,9.08e+04,9.08e+04,9.06e+04; 9.27e+04,9.26e+04,9.24e+04,9.16e+04; 9.42e+04,9.42e+04,9.40e+04,9.34e+04; 9.58e+04,9.58e+04,9.55e+04,9.50e+04; 9.74e+04,9.74e+04,9.70e+04,9.67e+04; 9.90e+04,9.90e+04,9.88e+04,9.80e+04; 1.01e+05,1.01e+05,1.00e+05,9.96e+04; 1.02e+05,1.02e+05,1.02e+05,1.01e+05","8,8,14,8,8,8,8,8,8,10,12,8,14,8,14,8,12,14,10,8,8,8,10,12,14,12,8,12,8,8,8,14,8,8,10,14,10,14,10,10,12,10,8,8,12,10,8,8,8,8,8,12,8,12,10,14,8,12,12,14,14,12,14,12"
