ue,C_AE,C_UE,C_BS_hist,lambda_UE,ue_beams,lambda_BS_per_layer,bs_beams
1226,0.22,0.19,"0.00,0.01,0.02,0.03,0.05,0.06,0.08,0.09,0.12,0.15,0.18,0.21,0.25,0.27,0.30,0.32,0.35,0.39,0.44,0.48,0.52,0.55,0.58,0.60,0.64,0.68,0.72,0.76,0.80,0.84,0.87,0.89,0.92,0.96,1.01,1.05,1.08,1.12,1.15,1.17,1.20,1.24,1.28,1.31,1.35,1.38,1.41,1.43,1.46,1.49,1.53,1.56,1.60,1.63,1.65,1.67,1.70,1.73,1.76,1.80,1.83,1.85,1.88,1.89","1.07e-05,6.42e-10,3.92e-10,1.64e-10","4,4,4,4","1.33e-05; 2.65e-05; 3.98e-05; 5.31e-05; 6.64e-05; 7.96e-05; 9.29e-05; 1.06e-04; 1.19e-04; 1.33e-04; 1.46e-04; 1.59e-04; 1.73e-04; 1.86e-04; 1.99e-04; 2.12e-04; 2.26e-04; 2.39e-04; 2.52e-04; 2.65e-04; 2.79e-04; 2.92e-04; 3.05e-04; 3.19e-04; 3.32e-04; 3.45e-04; 3.58e-04; 3.72e-04; 3.85e-04; 3.98e-04; 4.11e-04; 4.25e-04; 4.38e-04; 4.51e-04; 4.65e-04; 4.78e-04; 4.91e-04; 5.04e-04; 5.18e-04; 5.31e-04; 5.44e-04; 5.57e-04; 5.71e-04; 5.84e-04; 5.97e-04; 6.11e-04; 6.24e-04; 6.37e-04; 6.50e-04; 6.64e-04; 6.77e-04; 6.90e-04; 7.03e-04; 7.17e-04; 7.30e-04; 7.43e-04; 7.57e-04; 7.70e-04; 7.83e-04; 7.96e-04; 8.10e-04; 8.23e-04; 8.36e-04; 8.46e-04,3.95e-06","10,10,10,10,10,10,10,10,10,10,10,10,10,10,10,10,10,10,10,10,10,10,10,10,10,10,10,10,10,10,10,10,10,10,10,10,10,10,10,10,10,10,10,10,10,10,10,10,10,10,10,10,10,10,10,10,10,10,10,10,10,10,10,10"
1227,10.95,11.94,"4.09,5.87,6.95,7.67,8.51,9.18,9.80,10.37,10.87,11.29,11.65,11.97,12.29,12.62,12.96,13.30,13.61,13.88,14.10,14.31,14.51,14.73,14.97,15.21,15.44,15.63,15.80,15.96,16.11,16.27,16.45,16.64,16.82,16.98,17.11,17.23,17.35,17.48,17.63,17.79,17.93,18.06,18.17,18.27,18.37,18.48,18.60,18.74,18.86,18.97,19.07,19.16,19.24,19.33,19.44,19.55,19.66,19.76,19.84,19.92,19.99,20.07,20.17,20.27","1.12e-01,3.64e-02,4.33e-06,2.81e-06","4,4,4,4","1.84e-01; 3.68e-01; 5.53e-01; 5.22e-01,2.15e-01; 7.35e-01,1.86e-01; 8.42e-01,2.64e-01; 8.96e-01,3.94e-01; 9.67e-01,5.07e-01; 1.05e+00,6.12e-01; 1.15e+00,6.94e-01; 1.26e+00,7.64e-01; 1.38e+00,8.34e-01; 1.48e+00,9.12e-01; 1.58e+00,1.00e+00; 1.66e+00,1.10e+00; 1.73e+00,1.21e+00; 1.81e+00,1.32e+00; 1.91e+00,1.41e+00; 2.01e+00,1.49e+00; 2.12e+00,1.57e+00; 2.22e+00,1.65e+00; 2.31e+00,1.74e+00; 2.40e+00,1.84e+00; 2.48e+00,1.94e+00; 2.56e+00,2.04e+00; 2.65e+00,2.13e+00; 2.75e+00,2.22e+00; 2.85e+00,2.30e+00; 2.95e+00,2.39e+00; 3.05e+00,2.48e+00; 3.14e+00,2.57e+00; 3.22e+00,2.67e+00; 3.31e+00,2.77e+00; 3.40e+00,2.87e+00; 3.49e+00,2.95e+00; 3.59e+00,3.04e+00; 3.69e+00,3.13e+00; 3.79e+00,3.22e+00; 3.87e+00,3.31e+00; 3.96e+00,3.41e+00; 4.05e+00,3.51e+00; 4.14e+00,3.60e+00; 4.23e+00,3.69e+00; 4.33e+00,3.78e+00; 4.43e+00,3.86e+00; 4.52e+00,3.95e+00; 4.61e+00,4.05e+00; 4.70e+00,4.15e+00; 4.78e+00,4.24e+00; 4.87e+00,4.34e+00; 4.97e+00,4.43e+00; 5.07e+00,4.51e+00; 5.16e+00,4.60e+00; 5.26e+00,4.69e+00; 5.35e+00,4.79e+00; 5.43e+00,4.88e+00; 5.52e+00,4.98e+00; 5.61e+00,5.07e+00; 5.71e+00,5.16e+00; 5.80e+00,5.25e+00; 5.90e+00,5.34e+00; 5.99e+00,5.43e+00; 6.08e+00,5.52e+00; 6.17e+00,5.62e+00","24,24,24,24,24,24,24,24,24,24,24,24,24,24,24,24,24,24,24,24,24,24,24,24,24,24,24,24,24,24,24,24,24,24,24,24,24,24,24,24,24,24,24,24,24,24,24,24,24,24,24,24,24,24,24,24,24,24,24,24,24,24,24,24"
1228,6.53,6.46,"0.55,1.33,1.97,2.48,2.88,3.20,3.49,3.77,4.07,4.36,4.63,4.86,5.07,5.27,5.46,5.64,5.82,6.00,6.17,6.32,6.47,6.61,6.75,6.88,7.01,7.13,7.25,7.36,7.52,7.64,7.75,7.86,7.98,8.09,8.24,8.37,8.50,8.60,8.75,8.86,8.97,9.06,9.20,9.33,9.40,9.46,9.53,9.60,9.69,9.76,9.85,10.01,10.10,10.15,10.22,10.30,10.37,10.44,10.52,10.61,10.66,10.72,10.76,10.83","4.76e-03,1.55e-03,2.15e-07,1.55e-07","4,4,4,4","7.84e-03; 1.57e-02; 2.35e-02; 3.13e-02; 3.92e-02; 4.70e-02; 4.87e-02,6.10e-03; 5.02e-02,1.25e-02; 5.47e-02,1.58e-02; 6.09e-02,1.74e-02; 6.80e-02,1.82e-02; 7.49e-02,1.91e-02; 8.09e-02,2.09e-02; 8.60e-02,2.37e-02; 9.00e-02,2.76e-02; 9.30e-02,3.24e-02; 9.71e-02,3.61e-02; 1.02e-01,3.86e-02; 1.09e-01,4.01e-02; 1.15e-01,4.15e-02; 1.21e-01,4.35e-02; 1.26e-01,4.67e-02; 1.29e-01,5.10e-02; 1.32e-01,5.60e-02; 1.36e-01,5.95e-02; 1.42e-01,6.22e-02; 1.47e-01,6.41e-02; 1.38e-01,5.16e-02,2.98e-02; 1.34e-01,5.35e-02,3.99e-02; 1.38e-01,5.53e-02,4.21e-02; 1.40e-01,5.78e-02,4.46e-02; 1.43e-01,6.13e-02,4.67e-02; 1.45e-01,6.36e-02,5.00e-02; 1.49e-01,6.58e-02,5.18e-02; 1.48e-01,6.40e-02,6.18e-02; 1.51e-01,6.77e-02,6.35e-02; 1.54e-01,7.22e-02,6.39e-02; 1.57e-01,7.52e-02,6.56e-02; 1.56e-01,8.33e-02,6.57e-02; 1.58e-01,8.68e-02,6.89e-02; 1.60e-01,8.99e-02,7.09e-02; 1.64e-01,9.27e-02,7.25e-02; 1.65e-01,1.01e-01,7.15e-02; 1.68e-01,1.05e-01,7.16e-02; 1.72e-01,1.08e-01,7.27e-02; 1.76e-01,1.10e-01,7.43e-02; 1.79e-01,1.14e-01,7.53e-02; 1.81e-01,1.18e-01,7.75e-02; 1.84e-01,1.20e-01,7.98e-02; 1.87e-01,1.22e-01,8.19e-02; 1.90e-01,1.28e-01,8.17e-02; 1.92e-01,1.33e-01,8.26e-02; 1.94e-01,1.38e-01,8.36e-02; 1.97e-01,1.40e-01,8.54e-02; 2.00e-01,1.42e-01,8.83e-02; 2.02e-01,1.45e-01,9.18e-02; 2.05e-01,1.48e-01,9.39e-02; 2.08e-01,1.51e-01,9.56e-02; 2.12e-01,1.54e-01,9.65e-02; 2.14e-01,1.60e-01,9.58e-02; 2.18e-01,1.63e-01,9.71e-02; 2.21e-01,1.67e-01,9.83e-02; 2.24e-01,1.69e-01,1.00e-01; 2.26e-01,1.72e-01,1.03e-01","17,17,17,17,17,17,17,17,17,17,17,17,17,17,17,17,17,17,17,17,17,17,17,17,17,17,17,33,33,17,17,17,17,17,33,17,17,17,33,17,17,17,33,17,17,23,39,23,17,17,33,17,39,23,17,17,17,17,17,33,23,39,23,17"
1229,2.76,2.34,"0.09,0.32,0.59,0.87,1.13,1.38,1.61,1.81,2.01,2.22,2.41,2.60,2.77,2.93,3.08,3.21,3.34,3.47,3.60,3.72,3.84,3.96,4.06,4.16,4.25,4.35,4.44,4.54,4.63,4.72,4.80,4.87,4.94,5.02,5.10,5.17,5.25,5.32,5.38,5.44,5.50,5.56,5.62,5.68,5.74,5.80,5.85,5.90,5.95,6.00,6.05,6.11,6.16,6.21,6.25,6.30,6.34,6.38,6.43,6.47,6.52,6.56,6.60,6.64","5.14e-04,3.96e-08,2.47e-08,1.07e-08","5,5,5,5","6.38e-04; 1.28e-03; 1.92e-03; 2.55e-03; 3.19e-03; 3.83e-03; 4.47e-03; 5.11e-03; 5.75e-03; 6.38e-03; 7.02e-03; 7.66e-03; 8.30e-03; 8.94e-03; 9.58e-03; 1.02e-02; 1.09e-02; 1.15e-02; 1.21e-02; 1.28e-02; 1.34e-02; 1.40e-02; 1.47e-02; 1.53e-02; 1.60e-02; 1.66e-02; 1.72e-02; 1.79e-02; 1.85e-02; 1.92e-02; 1.98e-02; 2.04e-02; 2.11e-02; 2.17e-02; 2.23e-02; 2.30e-02; 2.36e-02; 2.43e-02; 2.49e-02; 2.55e-02; 2.41e-02,2.11e-03; 2.43e-02,2.50e-03; 2.48e-02,2.66e-03; 2.54e-02,2.68e-03; 2.59e-02,2.79e-03; 2.64e-02,3.00e-03; 2.65e-02,3.47e-03; 2.65e-02,4.18e-03; 2.65e-02,4.76e-03; 2.68e-02,5.13e-03; 2.72e-02,5.31e-03; 2.78e-02,5.43e-03; 2.83e-02,5.56e-03; 2.87e-02,5.82e-03; 2.89e-02,6.23e-03; 2.89e-02,6.87e-03; 2.90e-02,7.41e-03; 2.92e-02,7.79e-03; 2.96e-02,8.01e-03; 3.02e-02,8.14e-03; 3.06e-02,8.30e-03; 3.10e-02,8.57e-03; 3.12e-02,9.01e-03; 3.13e-02,9.56e-03","24,24,24,24,24,24,24,24,24,24,24,24,24,24,24,24,24,24,24,24,24,24,24,24,24,24,24,24,24,24,24,24,24,24,24,24,24,24,24,24,24,24,24,24,24,24,24,24,24,24,24,24,24,24,24,24,24,24,24,24,24,24,24,24"
1247,19.61,17.69,"8.98,11.22,12.58,13.54,14.46,15.52,16.52,17.36,18.07,18.63,19.08,19.49,19.89,20.33,20.78,21.21,21.61,21.94,22.22,22.46,22.70,22.97,23.25,23.55,23.82,24.06,24.25,24.42,24.60,24.78,24.98,25.22,25.41,25.63,25.72,25.90,26.01,26.16,26.32,26.47,26.67,26.82,26.96,27.05,27.19,27.28,27.40,27.57,27.68,27.81,27.94,28.01,28.03,28.18,28.23,28.32,28.50,28.60,28.66,28.71,28.73,28.80,28.85,28.91","1.47e+00,1.35e+00,8.86e-01,1.20e-04","12,12,12,12","4.59e+00; 9.19e+00; 1.38e+01; 1.84e+01; 1.69e+01,6.02e+00; 1.70e+01,1.06e+01; 1.82e+01,1.39e+01; 1.99e+01,1.68e+01; 2.19e+01,1.94e+01; 2.41e+01,2.18e+01; 2.64e+01,2.42e+01; 2.87e+01,2.65e+01; 3.09e+01,2.88e+01; 3.32e+01,3.12e+01; 3.53e+01,3.36e+01; 3.75e+01,3.60e+01; 3.97e+01,3.84e+01; 4.20e+01,4.07e+01; 4.43e+01,4.30e+01; 4.66e+01,4.53e+01; 4.89e+01,4.76e+01; 5.11e+01,4.99e+01; 5.34e+01,5.23e+01; 5.56e+01,5.46e+01; 5.79e+01,5.70e+01; 6.02e+01,5.93e+01; 6.25e+01,6.16e+01; 6.48e+01,6.39e+01; 6.71e+01,6.62e+01; 6.93e+01,6.85e+01; 7.16e+01,7.08e+01; 7.39e+01,7.31e+01; 7.62e+01,7.54e+01; 7.84e+01,7.78e+01; 8.07e+01,8.01e+01; 8.30e+01,8.24e+01; 8.53e+01,8.47e+01; 8.76e+01,8.70e+01; 8.99e+01,8.93e+01; 9.22e+01,9.16e+01; 9.45e+01,9.39e+01; 9.68e+01,9.62e+01; 9.91e+01,9.85e+01; 1.01e+02,1.01e+02; 1.04e+02,1.03e+02; 1.06e+02,1.05e+02; 1.08e+02,1.08e+02; 1.11e+02,1.10e+02; 1.13e+02,1.12e+02; 1.15e+02,1.15e+02; 1.17e+02,1.17e+02; 1.20e+02,1.19e+02; 1.22e+02,1.22e+02; 1.24e+02,1.24e+02; 1.27e+02,1.26e+02; 1.29e+02,1.28e+02; 1.31e+02,1.31e+02; 1.33e+02,1.33e+02; 1.36e+02,1.35e+02; 1.38e+02,1.38e+02; 1.39e+02,1.38e+02,3.66e+00; 1.39e+02,1.38e+02,7.88e+00; 1.39e+02,1.38e+02,1.22e+01; 1.40e+02,1.40e+02,1.36e+01","31,31,31,31,31,31,31,31,31,31,31,31,31,31,31,31,31,31,31,31,31,31,31,31,31,31,31,31,31,31,31,31,31,31,31,31,31,31,31,31,31,31,31,31,31,31,31,31,31,31,40,15,31,31,31,31,31,40,31,31,46,46,31,31"
1248,27.62,24.68,"6.34,11.25,13.73,15.41,16.84,18.07,19.11,20.03,20.88,21.61,22.28,22.90,23.44,23.99,24.53,25.04,25.59,26.03,26.43,26.82,27.18,27.53,27.89,28.25,28.62,28.93,29.21,29.50,29.76,30.02,30.29,30.57,30.84,31.08,31.30,31.52,31.73,31.91,32.10,32.38,32.54,32.70,32.87,33.04,33.21,33.38,33.54,33.75,33.94,34.14,34.31,34.48,34.65,34.82,35.00,35.17,35.34,35.51,35.68,35.83,35.99,36.14,36.29,36.43","1.10e+00,1.10e+00,7.18e-01,5.22e-01","3,3,3,1","4.26e+00; 4.49e+00,4.04e+00; 6.67e+00,6.12e+00; 8.25e+00,7.88e+00,9.17e-01; 1.10e+01,1.03e+01; 1.15e+01,1.04e+01,3.64e+00; 1.29e+01,1.15e+01,5.46e+00; 1.43e+01,1.27e+01,7.12e+00; 1.55e+01,1.36e+01,9.22e+00; 1.71e+01,1.51e+01,1.04e+01; 1.87e+01,1.65e+01,1.16e+01; 2.03e+01,1.80e+01,1.29e+01; 2.19e+01,1.95e+01,1.41e+01; 2.33e+01,2.11e+01,1.53e+01; 2.46e+01,2.25e+01,1.68e+01; 2.60e+01,2.39e+01,1.84e+01; 2.71e+01,2.49e+01,2.04e+01; 2.85e+01,2.63e+01,2.20e+01; 3.00e+01,2.77e+01,2.33e+01; 3.15e+01,2.91e+01,2.47e+01; 3.30e+01,3.06e+01,2.60e+01; 3.44e+01,3.21e+01,2.73e+01; 3.57e+01,3.35e+01,2.88e+01; 3.70e+01,3.49e+01,3.04e+01; 3.83e+01,3.61e+01,3.21e+01; 3.97e+01,3.75e+01,3.36e+01; 4.12e+01,3.89e+01,3.50e+01; 4.26e+01,4.04e+01,3.64e+01; 4.41e+01,4.18e+01,3.78e+01; 4.55e+01,4.33e+01,3.91e+01; 4.68e+01,4.47e+01,4.06e+01; 4.82e+01,4.61e+01,4.22e+01; 4.95e+01,4.74e+01,4.38e+01; 5.09e+01,4.88e+01,4.53e+01; 5.23e+01,5.02e+01,4.66e+01; 5.38e+01,5.16e+01,4.80e+01; 5.51e+01,5.29e+01,4.93e+01,5.39e-01; 5.63e+01,5.41e+01,5.04e+01,1.26e+00; 5.62e+01,5.41e+01,5.05e+01,5.44e+00; 6.03e+01,5.74e+01,5.28e+01; 6.18e+01,5.88e+01,5.41e+01; 6.33e+01,6.03e+01,5.55e+01; 6.48e+01,6.17e+01,5.68e+01; 6.63e+01,6.31e+01,5.81e+01; 6.78e+01,6.46e+01,5.94e+01; 6.78e+01,6.45e+01,5.92e+01,4.69e+00; 6.52e+01,6.23e+01,5.77e+01,1.52e+01; 6.65e+01,6.35e+01,5.85e+01,1.61e+01; 6.73e+01,6.40e+01,5.88e+01,1.88e+01; 7.01e+01,6.59e+01,5.93e+01,1.78e+01; 7.04e+01,6.60e+01,5.89e+01,2.21e+01; 6.96e+01,6.55e+01,5.85e+01,2.80e+01; 7.08e+01,6.65e+01,5.88e+01,2.99e+01; 7.20e+01,6.75e+01,5.95e+01,3.12e+01; 7.31e+01,6.86e+01,6.05e+01,3.23e+01; 7.42e+01,6.97e+01,6.17e+01,3.32e+01; 7.53e+01,7.05e+01,6.22e+01,3.51e+01; 7.62e+01,7.12e+01,6.24e+01,3.74e+01; 7.72e+01,7.20e+01,6.26e+01,3.97e+01; 7.82e+01,7.29e+01,6.28e+01,4.18e+01; 7.92e+01,7.39e+01,6.34e+01,4.36e+01; 8.04e+01,7.50e+01,6.42e+01,4.48e+01; 8.15e+01,7.60e+01,6.54e+01,4.57e+01; 8.26e+01,7.71e+01,6.67e+01,4.65e+01","24,56,24,56,24,56,56,56,56,24,24,24,24,56,56,56,56,56,24,24,24,56,56,56,56,56,24,24,24,56,56,56,56,56,24,24,24,24,56,56,24,24,24,24,24,56,56,56,56,56,56,56,56,56,56,56,56,56,56,56,56,56,56,56"
1249,1.99,1.59,"0.02,0.08,0.16,0.26,0.37,0.47,0.58,0.68,0.79,0.91,1.04,1.17,1.28,1.39,1.49,1.58,1.67,1.77,1.87,1.97,2.07,2.16,2.24,2.31,2.38,2.46,2.55,2.63,2.71,2.78,2.85,2.90,2.97,3.04,3.11,3.18,3.24,3.30,3.36,3.41,3.46,3.52,3.58,3.64,3.70,3.75,3.80,3.85,3.90,3.95,4.01,4.06,4.11,4.16,4.20,4.25,4.29,4.34,4.39,4.43,4.48,4.52,4.56,4.60","2.34e-04,1.47e-08,7.64e-09,5.24e-09","1,1,1,1","2.90e-04; 5.81e-04; 8.71e-04; 1.16e-03; 1.45e-03; 1.74e-03; 2.03e-03; 2.32e-03; 2.61e-03; 2.90e-03; 3.20e-03; 3.49e-03; 3.78e-03; 4.07e-03; 4.36e-03; 4.65e-03; 4.94e-03; 5.23e-03; 5.52e-03; 5.81e-03; 6.10e-03; 6.39e-03; 6.68e-03; 6.97e-03; 7.26e-03; 7.55e-03; 7.84e-03; 8.13e-03; 8.42e-03; 8.71e-03; 9.00e-03; 9.30e-03; 9.59e-03; 9.88e-03; 1.02e-02; 1.05e-02; 1.07e-02,1.61e-06; 1.10e-02,5.28e-05; 1.12e-02,1.58e-04; 1.13e-02,3.16e-04; 1.15e-02,4.22e-04; 1.12e-02,9.61e-04; 1.15e-02,9.94e-04; 1.18e-02,1.01e-03; 1.20e-02,1.08e-03; 1.22e-02,1.21e-03; 1.23e-02,1.40e-03; 1.23e-02,1.61e-03; 1.25e-02,1.76e-03; 1.27e-02,1.85e-03; 1.29e-02,1.89e-03; 1.38e-02,1.30e-03; 1.41e-02,1.34e-03; 1.42e-02,1.44e-03; 1.44e-02,1.62e-03; 1.44e-02,1.85e-03; 1.46e-02,1.97e-03; 1.48e-02,2.03e-03; 1.51e-02,2.02e-03; 1.54e-02,2.02e-03; 1.57e-02,2.06e-03; 1.58e-02,2.16e-03; 1.60e-02,2.34e-03; 1.60e-02,2.57e-03","40,40,40,40,40,40,40,40,40,40,40,40,40,40,40,40,40,40,40,40,40,40,40,40,40,40,40,40,40,40,40,40,40,40,40,40,40,40,40,40,40,40,40,40,40,40,40,40,40,40,40,40,40,40,40,40,40,40,40,40,40,40,40,40"
1250,2.62,2.18,"0.06,0.21,0.40,0.59,0.77,0.95,1.11,1.27,1.43,1.61,1.79,1.96,2.11,2.25,2.37,2.48,2.59,2.72,2.84,2.97,3.08,3.19,3.28,3.37,3.46,3.56,3.66,3.76,3.85,3.94,4.02,4.10,4.19,4.28,4.36,4.45,4.54,4.62,4.70,4.77,4.84,4.92,5.00,5.08,5.16,5.23,5.30,5.37,5.44,5.51,5.58,5.66,5.73,5.79,5.86,5.92,5.98,6.05,6.12,6.18,6.25,6.31,6.37,6.42","4.17e-04,2.85e-08,1.50e-08,1.99e-09","1,1,1,1","5.17e-04; 1.03e-03; 1.55e-03; 2.07e-03; 2.58e-03; 3.10e-03; 3.62e-03; 4.14e-03; 4.65e-03; 5.17e-03; 5.69e-03; 6.20e-03; 6.72e-03; 7.24e-03; 7.75e-03; 8.27e-03; 8.79e-03; 9.30e-03,2.77e-06; 9.82e-03; 1.03e-02; 1.08e-02,3.09e-05; 1.12e-02,1.42e-04; 1.16e-02,3.05e-04; 1.13e-02,1.07e-03; 1.15e-02,1.42e-03; 1.18e-02,1.60e-03; 1.23e-02,1.68e-03,1.51e-05; 1.24e-02,1.52e-03,5.12e-04; 1.26e-02,1.47e-03,8.75e-04; 1.28e-02,1.54e-03,1.17e-03; 1.29e-02,1.72e-03,1.43e-03; 1.29e-02,2.03e-03,1.57e-03; 1.31e-02,2.24e-03,1.73e-03; 1.33e-02,2.30e-03,2.01e-03; 1.39e-02,2.83e-03,1.35e-03; 1.42e-02,3.29e-03,1.12e-03; 1.44e-02,3.63e-03,1.06e-03; 1.46e-02,3.91e-03,1.10e-03; 1.44e-02,3.81e-03,1.97e-03; 1.45e-02,3.99e-03,2.19e-03; 1.50e-02,4.58e-03,1.65e-03; 1.52e-02,4.90e-03,1.65e-03; 1.50e-02,4.84e-03,2.35e-03; 1.53e-02,5.18e-03,2.31e-03; 1.55e-02,5.45e-03,2.33e-03; 1.57e-02,5.72e-03,2.39e-03; 1.58e-02,5.96e-03,2.53e-03; 1.59e-02,6.14e-03,2.74e-03; 1.61e-02,6.37e-03,2.86e-03; 1.63e-02,6.64e-03,2.91e-03; 1.65e-02,6.96e-03,2.90e-03; 1.67e-02,7.25e-03,2.91e-03; 1.69e-02,7.53e-03,2.94e-03; 1.71e-02,7.78e-03,3.00e-03; 1.73e-02,8.00e-03,3.15e-03; 1.74e-02,8.20e-03,3.32e-03; 1.76e-02,8.44e-03,3.43e-03; 1.78e-02,8.69e-03,3.49e-03; 1.80e-02,8.98e-03,3.52e-03; 1.82e-02,9.27e-03,3.53e-03; 1.90e-02,1.03e-02,2.32e-03; 1.86e-02,9.77e-03,3.64e-03; 1.88e-02,9.99e-03,3.79e-03; 1.89e-02,1.02e-02,3.93e-03","41,41,41,41,41,41,41,41,41,41,41,41,41,41,41,41,41,41,41,41,41,41,41,41,41,41,41,41,41,41,41,41,41,41,41,41,41,41,41,41,41,41,41,41,41,41,41,41,41,41,41,41,41,41,41,41,41,41,41,41,41,41,41,41"
1251,10.44,10.42,"2.71,4.31,5.32,6.11,6.82,7.47,8.06,8.58,9.10,9.53,9.88,10.21,10.55,10.91,11.26,11.57,11.90,12.17,12.41,12.63,12.86,13.10,13.35,13.58,13.81,14.02,14.20,14.37,14.54,14.72,14.91,15.09,15.28,15.44,15.58,15.72,15.86,16.00,16.16,16.31,16.47,16.60,16.72,16.84,16.95,17.07,17.21,17.34,17.47,17.58,17.69,17.79,17.89,18.00,18.13,18.26,18.38,18.48,18.59,18.69,18.79,18.91,19.02,19.16","3.83e-02,2.52e-02,2.75e-06,1.25e-06","5,5,5,5","7.88e-02; 1.58e-01; 2.36e-01; 2.80e-01,3.55e-02; 3.04e-01,9.03e-02; 3.39e-01,1.33e-01; 3.73e-01,1.79e-01; 4.06e-01,2.24e-01; 4.40e-01,2.69e-01; 4.85e-01,3.04e-01; 5.30e-01,3.37e-01; 5.68e-01,3.61e-01,1.63e-02; 6.03e-01,3.92e-01,2.92e-02; 6.40e-01,4.35e-01,2.78e-02; 6.69e-01,4.71e-01,4.12e-02; 6.99e-01,5.05e-01,5.73e-02; 7.27e-01,5.35e-01,7.79e-02; 7.64e-01,5.71e-01,8.35e-02; 7.96e-01,5.88e-01,1.13e-01; 8.28e-01,5.99e-01,1.49e-01; 8.63e-01,6.26e-01,1.65e-01; 8.99e-01,6.65e-01,1.70e-01; 9.31e-01,7.00e-01,1.82e-01; 9.60e-01,7.31e-01,2.01e-01; 9.88e-01,7.62e-01,2.19e-01; 1.02e+00,7.97e-01,2.30e-01; 1.06e+00,8.18e-01,2.55e-01; 1.09e+00,8.33e-01,2.87e-01; 1.12e+00,8.59e-01,3.05e-01; 1.16e+00,8.96e-01,3.13e-01; 1.19e+00,9.30e-01,3.25e-01; 1.21e+00,9.52e-01,3.40e-01,1.94e-02; 1.24e+00,9.86e-01,3.59e-01,1.43e-02; 1.27e+00,1.01e+00,3.61e-01,4.22e-02; 1.30e+00,1.03e+00,3.87e-01,3.72e-02; 1.33e+00,1.05e+00,4.16e-01,3.43e-02; 1.36e+00,1.07e+00,4.26e-01,5.51e-02; 1.40e+00,1.11e+00,4.37e-01,4.70e-02; 1.43e+00,1.14e+00,4.49e-01,4.91e-02; 1.45e+00,1.17e+00,4.63e-01,6.99e-02; 1.49e+00,1.20e+00,4.80e-01,6.81e-02; 1.51e+00,1.22e+00,4.84e-01,9.04e-02; 1.55e+00,1.25e+00,5.09e-01,8.20e-02; 1.58e+00,1.27e+00,5.36e-01,8.15e-02; 1.61e+00,1.29e+00,5.48e-01,9.08e-02; 1.65e+00,1.33e+00,5.60e-01,8.56e-02; 1.68e+00,1.36e+00,5.73e-01,8.69e-02; 1.71e+00,1.39e+00,5.86e-01,1.03e-01; 1.74e+00,1.42e+00,6.03e-01,1.06e-01; 1.77e+00,1.44e+00,6.07e-01,1.20e-01; 1.80e+00,1.47e+00,6.33e-01,1.17e-01; 1.83e+00,1.49e+00,6.60e-01,1.18e-01; 1.86e+00,1.51e+00,6.66e-01,1.43e-01; 1.88e+00,1.52e+00,6.41e-01,2.18e-01; 1.90e+00,1.54e+00,6.39e-01,2.57e-01; 1.91e+00,1.54e+00,6.23e-01,3.42e-01; 1.93e+00,1.56e+00,6.29e-01,3.69e-01; 1.96e+00,1.59e+00,6.26e-01,4.02e-01; 1.98e+00,1.60e+00,6.27e-01,4.51e-01; 2.04e+00,1.62e+00,6.13e-01,4.53e-01; 2.06e+00,1.64e+00,6.14e-01,5.00e-01; 2.07e+00,1.65e+00,5.95e-01,5.65e-01; 2.09e+00,1.67e+00,6.00e-01,5.98e-01; 2.10e+00,1.67e+00,6.61e-01,6.07e-01","32,32,32,32,32,32,32,32,32,32,32,32,32,32,32,32,32,32,32,32,32,32,32,32,32,32,32,32,32,32,32,32,32,32,32,32,32,32,32,32,32,32,32,32,32,32,32,32,32,32,32,32,32,32,32,32,32,32,32,32,32,32,32,32"
1252,9.61,11.08,"2.78,4.42,5.47,6.23,6.94,7.63,8.28,8.88,9.45,9.88,10.24,10.57,10.90,11.25,11.61,11.96,12.31,12.58,12.81,13.01,13.23,13.46,13.70,13.96,14.21,14.41,14.58,14.74,14.90,15.08,15.27,15.48,15.68,15.83,15.97,16.11,16.24,16.38,16.54,16.72,16.88,17.01,17.13,17.24,17.35,17.47,17.61,17.77,17.91,18.02,18.12,18.22,18.31,18.42,18.54,18.68,18.80,18.90,18.99,19.08,19.16,19.25,19.36,19.50","2.87e-02,1.70e-02,1.96e-06,9.04e-07","0,0,0,0","5.67e-02; 1.13e-01; 1.70e-01; 2.26e-01,9.69e-04; 2.30e-01,5.36e-02; 2.51e-01,8.98e-02; 2.73e-01,1.24e-01; 2.96e-01,1.58e-01; 3.18e-01,1.92e-01; 3.50e-01,2.17e-01; 3.83e-01,2.40e-01; 4.16e-01,2.65e-01; 4.46e-01,2.91e-01; 4.73e-01,3.21e-01; 4.99e-01,3.52e-01; 5.24e-01,3.84e-01; 5.48e-01,4.16e-01; 5.76e-01,4.45e-01; 6.07e-01,4.71e-01; 6.39e-01,4.95e-01; 6.72e-01,5.19e-01; 7.00e-01,5.48e-01; 7.29e-01,5.76e-01; 7.14e-01,5.79e-01,6.86e-02; 7.35e-01,6.04e-01,7.90e-02; 7.60e-01,6.28e-01,8.63e-02; 7.83e-01,6.44e-01,1.05e-01; 8.06e-01,6.57e-01,1.25e-01; 8.30e-01,6.76e-01,1.39e-01; 8.54e-01,7.00e-01,1.47e-01; 8.78e-01,7.22e-01,1.58e-01; 8.97e-01,7.39e-01,1.78e-01; 9.19e-01,7.64e-01,1.88e-01; 9.44e-01,7.88e-01,1.96e-01; 9.68e-01,8.05e-01,2.12e-01; 9.92e-01,8.19e-01,2.31e-01; 1.02e+00,8.38e-01,2.44e-01; 1.04e+00,8.62e-01,2.53e-01; 1.06e+00,8.84e-01,2.65e-01; 1.08e+00,9.01e-01,2.83e-01; 1.11e+00,9.26e-01,2.93e-01; 1.13e+00,9.49e-01,3.03e-01; 1.15e+00,9.65e-01,3.19e-01; 1.18e+00,9.80e-01,3.39e-01; 1.20e+00,9.99e-01,3.51e-01; 1.23e+00,1.02e+00,3.61e-01; 1.25e+00,1.04e+00,3.74e-01; 1.27e+00,1.06e+00,3.93e-01; 1.29e+00,1.09e+00,4.02e-01; 1.32e+00,1.11e+00,4.11e-01; 1.34e+00,1.13e+00,4.27e-01; 1.36e+00,1.14e+00,4.45e-01; 1.39e+00,1.16e+00,4.58e-01; 1.41e+00,1.18e+00,4.67e-01; 1.43e+00,1.20e+00,4.81e-01; 1.45e+00,1.22e+00,5.01e-01; 1.48e+00,1.25e+00,5.11e-01; 1.50e+00,1.27e+00,5.22e-01; 1.55e+00,1.29e+00,5.06e-01; 1.57e+00,1.31e+00,5.30e-01; 1.59e+00,1.33e+00,5.46e-01; 1.61e+00,1.35e+00,5.57e-01; 1.63e+00,1.37e+00,5.73e-01; 1.65e+00,1.39e+00,5.97e-01","32,32,32,32,32,32,32,32,32,32,32,32,32,32,32,32,32,32,32,32,32,32,32,32,32,32,32,32,32,32,32,32,32,32,32,32,32,32,32,32,32,32,32,32,32,32,32,32,32,32,32,32,32,32,32,32,32,32,32,32,32,32,32,32"
1253,0.00,0.00,"0.00,0.00,0.00,0.00,0.00,0.00,0.00,0.00,0.00,0.00,0.00,0.00,0.00,0.00,0.00,0.00,0.00,0.00,0.00,0.00,0.00,0.00,0.00,0.00,0.00,0.00,0.00,0.00,0.00,0.00,0.00,0.00,0.00,0.00,0.00,0.00,0.00,0.00,0.00,0.00,0.00,0.00,0.00,0.00,0.00,0.00,0.00,0.00,0.00,0.00,0.00,0.00,0.00,0.00,0.00,0.00,0.00,0.00,0.00,0.00,0.00,0.00,0.00,0.00","0.00e+00,0.00e+00,0.00e+00,0.00e+00","0,0,0,0",; ; ; ; ; ; ; ; ; ; ; ; ; ; ; ; ; ; ; ; ; ; ; ; ; ; ; ; ; ; ; ; ; ; ; ; ; ; ; ; ; ; ; ; ; ; ; ; ; ; ; ; ; ; ; ; ; ; ; ; ; ; ; ,"0,0,0,0,0,0,0,0,0,0,0,0,0,0,0,0,0,0,0,0,0,0,0,0,0,0,0,0,0,0,0,0,0,0,0,0,0,0,0,0,0,0,0,0,0,0,0,0,0,0,0,0,0,0,0,0,0,0,0,0,0,0,0,0"
1254,2.30,2.24,"0.04,0.14,0.28,0.43,0.59,0.73,0.87,1.00,1.15,1.30,1.47,1.62,1.76,1.89,2.00,2.10,2.21,2.32,2.44,2.56,2.67,2.77,2.85,2.93,3.02,3.11,3.20,3.29,3.38,3.46,3.53,3.61,3.68,3.76,3.84,3.91,3.98,4.05,4.12,4.18,4.25,4.32,4.38,4.45,4.51,4.57,4.63,4.69,4.75,4.81,4.87,4.92,4.97,5.03,5.08,5.14,5.19,5.24,5.29,5.34,5.39,5.44,5.49,5.54","3.22e-04,2.06e-08,9.88e-09,8.52e-09","0,0,0,0","4.00e-04; 8.00e-04; 1.20e-03; 1.60e-03; 2.00e-03; 2.40e-03; 2.80e-03; 3.20e-03; 3.60e-03; 4.00e-03; 4.40e-03; 4.80e-03; 5.20e-03; 5.60e-03; 6.00e-03; 6.40e-03; 6.80e-03; 7.20e-03; 7.60e-03; 8.00e-03; 8.40e-03; 8.80e-03; 9.20e-03; 9.53e-03,7.09e-05; 9.72e-03,2.73e-04; 1.00e-02,3.59e-04; 1.04e-02,3.53e-04; 1.09e-02,3.33e-04; 1.12e-02,3.48e-04; 1.15e-02,4.53e-04; 1.13e-02,1.12e-03; 1.13e-02,1.49e-03; 1.15e-02,1.73e-03; 1.17e-02,1.85e-03; 1.21e-02,1.91e-03; 1.24e-02,1.95e-03; 1.28e-02,2.03e-03; 1.30e-02,2.18e-03; 1.32e-02,2.41e-03; 1.33e-02,2.71e-03; 1.35e-02,2.92e-03; 1.37e-02,3.05e-03; 1.41e-02,3.12e-03; 1.44e-02,3.18e-03; 1.47e-02,3.27e-03; 1.50e-02,3.41e-03; 1.52e-02,3.63e-03; 1.53e-02,3.91e-03; 1.55e-02,4.11e-03; 1.58e-02,4.24e-03; 1.61e-02,4.30e-03; 1.64e-02,4.37e-03; 1.67e-02,4.47e-03; 1.70e-02,4.63e-03; 1.72e-02,4.84e-03; 1.73e-02,5.12e-03; 1.75e-02,5.31e-03; 1.78e-02,5.43e-03; 1.81e-02,5.52e-03; 1.84e-02,5.59e-03; 1.87e-02,5.70e-03; 1.89e-02,5.85e-03; 1.91e-02,6.08e-03; 1.92e-02,6.36e-03","40,40,40,40,40,40,40,40,40,40,40,40,40,40,40,40,40,40,40,40,40,40,40,40,40,40,40,40,40,40,40,40,40,40,40,40,40,40,40,40,40,40,40,40,40,40,40,40,40,40,40,40,40,40,40,40,40,40,40,40,40,40,40,40"
1255,2.56,2.58,"0.09,0.31,0.58,0.85,1.11,1.35,1.57,1.77,1.97,2.17,2.37,2.57,2.74,2.90,3.05,3.18,3.31,3.45,3.58,3.71,3.84,3.96,4.06,4.17,4.27,4.38,4.48,4.58,4.68,4.78,4.87,4.96,5.05,5.13,5.22,5.30,5.38,5.46,5.54,5.62,5.70,5.77,5.84,5.91,5.98,6.05,6.12,6.19,6.26,6.33,6.39,6.45,6.51,6.57,6.64,6.70,6.76,6.82,6.87,6.93,6.98,7.04,7.10,7.16","4.24e-04,2.05e-08,1.37e-08,6.33e-09","0,0,0,0","5.26e-04; 1.05e-03; 1.58e-03; 2.10e-03; 2.63e-03; 3.16e-03; 3.68e-03; 4.21e-03; 4.73e-03; 5.26e-03; 5.79e-03; 6.31e-03; 6.84e-03; 7.36e-03; 7.89e-03; 8.41e-03; 8.94e-03; 9.47e-03; 9.99e-03; 1.05e-02,1.76e-06; 1.10e-02,1.71e-05; 1.15e-02,6.44e-05; 1.12e-02,8.87e-04; 1.20e-02,6.40e-04; 1.22e-02,9.34e-04; 1.26e-02,1.08e-03; 1.31e-02,1.12e-03; 1.29e-02,1.78e-03; 1.33e-02,1.91e-03; 1.37e-02,2.09e-03; 1.40e-02,2.31e-03; 1.43e-02,2.57e-03; 1.51e-02,2.28e-03; 1.54e-02,2.45e-03; 1.59e-02,2.52e-03; 1.57e-02,3.20e-03; 1.61e-02,3.32e-03; 1.65e-02,3.50e-03; 1.74e-02,3.13e-03; 1.76e-02,3.47e-03; 1.78e-02,3.77e-03; 1.81e-02,3.95e-03; 1.86e-02,4.04e-03; 1.90e-02,4.13e-03; 1.94e-02,4.25e-03; 1.97e-02,4.45e-03; 2.00e-02,4.74e-03; 2.02e-02,5.08e-03; 2.04e-02,5.37e-03; 2.07e-02,5.55e-03; 2.12e-02,5.67e-03; 2.16e-02,5.77e-03; 2.19e-02,5.93e-03; 2.23e-02,6.14e-03; 2.25e-02,6.43e-03; 2.27e-02,6.76e-03; 2.29e-02,7.03e-03; 2.33e-02,7.22e-03; 2.37e-02,7.36e-03; 2.41e-02,7.48e-03; 2.44e-02,7.65e-03; 2.47e-02,7.88e-03; 2.50e-02,8.16e-03; 2.52e-02,8.49e-03","32,32,32,32,32,32,32,32,32,32,32,32,32,32,32,32,32,32,32,32,32,32,32,32,32,32,32,32,32,32,32,32,32,32,32,32,32,32,32,32,32,32,32,32,32,32,32,32,32,32,32,32,32,32,32,32,32,32,32,32,32,32,32,32"
1256,3.02,2.90,"0.09,0.24,0.48,0.69,0.88,1.13,1.30,1.47,1.70,1.88,2.15,2.30,2.48,2.66,2.83,3.00,3.19,3.38,3.59,3.82,4.01,4.18,4.36,4.49,4.66,4.82,5.00,5.19,5.34,5.49,5.62,5.74,5.87,6.01,6.17,6.31,6.44,6.57,6.69,6.79,6.90,7.03,7.16,7.27,7.39,7.50,7.60,7.69,7.79,7.90,8.01,8.11,8.21,8.31,8.40,8.48,8.57,8.67,8.76,8.85,8.95,9.03,9.11,9.19","3.41e-04,2.43e-04,1.69e-08,1.10e-08","5,5,5,5","7.25e-04; 1.45e-03; 2.18e-03; 2.90e-03; 3.63e-03; 4.35e-03; 5.08e-03; 5.80e-03; 6.53e-03; 7.25e-03; 7.98e-03; 8.70e-03; 8.36e-03,1.07e-03; 8.79e-03,1.37e-03; 8.15e-03,2.73e-03; 8.56e-03,3.04e-03; 8.45e-03,3.88e-03; 8.61e-03,4.44e-03; 9.05e-03,4.73e-03; 8.88e-03,5.63e-03; 9.33e-03,5.90e-03; 9.54e-03,6.42e-03; 9.75e-03,6.93e-03; 1.02e-02,7.23e-03; 1.03e-02,7.81e-03; 1.08e-02,8.11e-03; 1.10e-02,8.55e-03; 1.12e-02,9.08e-03; 1.17e-02,9.35e-03; 1.19e-02,9.87e-03; 1.22e-02,1.02e-02,1.06e-04; 1.22e-02,1.01e-02,9.46e-04; 1.24e-02,1.06e-02,9.26e-04; 1.26e-02,1.06e-02,1.42e-03; 1.29e-02,1.11e-02,1.34e-03; 1.33e-02,1.15e-02,1.30e-03; 1.36e-02,1.18e-02,1.42e-03; 1.39e-02,1.23e-02,1.33e-03; 1.44e-02,1.26e-02,1.36e-03; 1.46e-02,1.29e-02,1.49e-03; 1.49e-02,1.32e-02,1.69e-03; 1.51e-02,1.33e-02,1.99e-03; 1.54e-02,1.39e-02,1.86e-03; 1.59e-02,1.42e-02,1.85e-03; 1.62e-02,1.46e-02,1.81e-03; 1.65e-02,1.50e-02,1.87e-03; 1.66e-02,1.50e-02,2.54e-03; 1.71e-02,1.55e-02,2.19e-03; 1.72e-02,1.56e-02,2.78e-03; 1.75e-02,1.59e-02,2.81e-03; 1.79e-02,1.64e-02,2.71e-03; 1.83e-02,1.67e-02,2.69e-03; 1.80e-02,1.66e-02,3.44e-03,4.52e-04; 1.83e-02,1.69e-02,3.78e-03,1.97e-04; 1.84e-02,1.70e-02,4.02e-03,4.15e-04; 1.83e-02,1.69e-02,3.57e-03,1.86e-03; 1.87e-02,1.71e-02,4.26e-03,1.29e-03; 1.88e-02,1.74e-02,4.06e-03,1.78e-03; 1.91e-02,1.77e-02,4.14e-03,1.83e-03; 1.94e-02,1.80e-02,4.22e-03,1.86e-03; 1.96e-02,1.83e-02,4.17e-03,2.12e-03; 2.00e-02,1.86e-02,4.75e-03,1.65e-03; 2.01e-02,1.87e-02,4.39e-03,2.46e-03; 2.04e-02,1.89e-02,4.61e-03,2.57e-03","41,25,41,41,25,41,25,41,41,25,41,25,41,41,41,41,41,41,41,41,41,41,41,41,41,41,41,41,41,41,41,41,41,41,41,41,41,41,41,41,41,41,41,41,41,41,41,41,41,41,41,41,41,41,41,41,41,41,41,41,41,41,41,41"
1257,3.12,2.87,"0.07,0.21,0.42,0.61,0.82,0.98,1.16,1.30,1.45,1.67,1.84,2.05,2.19,2.35,2.48,2.63,2.78,2.92,3.05,3.18,3.33,3.46,3.61,3.73,3.89,4.03,4.19,4.33,4.48,4.61,4.73,4.84,4.95,5.09,5.22,5.36,5.49,5.61,5.72,5.83,5.94,6.06,6.18,6.29,6.41,6.52,6.62,6.71,6.81,6.91,7.01,7.12,7.22,7.31,7.41,7.49,7.57,7.67,7.76,7.85,7.94,8.03,8.11,8.19","4.16e-04,2.10e-04,1.80e-08,1.02e-08","5,5,5,5","7.77e-04; 1.55e-03; 2.33e-03; 3.11e-03; 3.88e-03; 4.66e-03; 5.44e-03; 6.21e-03; 6.99e-03; 7.77e-03; 8.54e-03; 9.32e-03; 9.90e-03,1.99e-04; 9.75e-03,1.13e-03; 9.85e-03,1.80e-03; 9.70e-03,2.72e-03; 1.01e-02,3.13e-03; 1.02e-02,3.78e-03; 1.09e-02,3.89e-03; 1.13e-02,4.18e-03; 1.14e-02,4.86e-03; 1.14e-02,5.69e-03; 1.13e-02,6.37e-03,1.82e-04; 1.14e-02,7.00e-03,2.00e-04; 1.17e-02,7.75e-03; 1.19e-02,8.27e-03,6.20e-05; 1.24e-02,8.61e-03; 1.22e-02,8.97e-03,5.98e-04; 1.22e-02,9.52e-03,7.98e-04; 1.22e-02,9.89e-03,1.25e-03; 1.23e-02,1.03e-02,1.41e-03; 1.25e-02,1.05e-02,1.79e-03; 1.29e-02,1.09e-02,1.78e-03; 1.33e-02,1.11e-02,2.01e-03; 1.35e-02,1.15e-02,2.19e-03; 1.37e-02,1.21e-02,2.21e-03; 1.38e-02,1.24e-02,2.55e-03; 1.40e-02,1.26e-02,2.95e-03; 1.43e-02,1.30e-02,3.03e-03; 1.44e-02,1.31e-02,3.57e-03; 1.45e-02,1.30e-02,4.41e-03; 1.47e-02,1.34e-02,4.50e-03; 1.50e-02,1.39e-02,4.45e-03; 1.54e-02,1.42e-02,4.55e-03; 1.57e-02,1.47e-02,4.53e-03; 1.60e-02,1.52e-02,4.45e-03; 1.62e-02,1.55e-02,4.77e-03; 1.61e-02,1.54e-02,5.79e-03; 1.64e-02,1.57e-02,6.02e-03; 1.67e-02,1.61e-02,5.97e-03; 1.72e-02,1.64e-02,5.94e-03; 1.75e-02,1.69e-02,5.97e-03; 1.78e-02,1.70e-02,6.29e-03; 1.80e-02,1.74e-02,6.57e-03; 1.80e-02,1.73e-02,7.33e-03; 1.83e-02,1.76e-02,7.64e-03; 1.86e-02,1.79e-02,7.75e-03; 1.90e-02,1.81e-02,7.99e-03; 1.92e-02,1.85e-02,8.08e-03; 1.95e-02,1.90e-02,8.10e-03; 1.97e-02,1.93e-02,8.34e-03; 2.00e-02,1.95e-02,8.66e-03; 2.00e-02,1.96e-02,9.32e-03; 2.02e-02,1.98e-02,9.78e-03","41,25,41,25,41,25,41,25,25,41,25,41,25,41,25,41,41,41,41,41,41,57,41,57,41,57,41,41,57,41,57,57,57,41,41,57,41,41,57,41,41,41,57,41,41,57,41,41,41,57,41,41,41,41,41,57,57,41,41,57,41,41,41,41"
1258,3.05,2.98,"0.13,0.43,0.77,1.09,1.39,1.65,1.89,2.11,2.32,2.54,2.76,2.97,3.16,3.33,3.48,3.62,3.77,3.91,4.06,4.20,4.33,4.46,4.59,4.71,4.82,4.94,5.05,5.15,5.26,5.37,5.47,5.57,5.67,5.76,5.85,5.94,6.03,6.11,6.20,6.29,6.38,6.46,6.53,6.61,6.68,6.76,6.84,6.92,6.99,7.07,7.13,7.20,7.26,7.33,7.41,7.48,7.55,7.61,7.67,7.73,7.79,7.85,7.92,7.98","4.86e-04,1.72e-04,3.22e-08,1.22e-08","0,0,0,0","8.16e-04; 1.63e-03; 2.45e-03; 3.26e-03; 4.08e-03; 4.90e-03; 5.71e-03; 6.53e-03; 7.34e-03; 8.16e-03; 8.98e-03; 9.79e-03; 1.06e-02; 1.14e-02; 1.21e-02,1.36e-04; 1.20e-02,1.05e-03; 1.23e-02,1.60e-03; 1.28e-02,1.92e-03; 1.34e-02,2.08e-03; 1.41e-02,2.20e-03; 1.47e-02,2.40e-03; 1.52e-02,2.73e-03; 1.56e-02,3.15e-03; 1.60e-02,3.61e-03; 1.64e-02,4.05e-03; 1.69e-02,4.36e-03; 1.75e-02,4.56e-03; 1.81e-02,4.73e-03; 1.87e-02,4.94e-03; 1.92e-02,5.26e-03; 1.96e-02,5.65e-03; 2.00e-02,6.10e-03; 2.04e-02,6.54e-03; 2.09e-02,6.87e-03; 2.15e-02,7.10e-03; 2.21e-02,7.29e-03; 2.27e-02,7.53e-03; 2.31e-02,7.86e-03; 2.35e-02,8.28e-03; 2.39e-02,8.76e-03; 2.43e-02,9.20e-03; 2.47e-02,9.56e-03; 2.53e-02,9.81e-03; 2.59e-02,1.00e-02; 2.64e-02,1.03e-02; 2.69e-02,1.07e-02; 2.72e-02,1.11e-02; 2.76e-02,1.16e-02; 2.79e-02,1.21e-02; 2.84e-02,1.24e-02; 2.89e-02,1.27e-02; 2.95e-02,1.30e-02; 3.00e-02,1.32e-02; 3.04e-02,1.36e-02; 3.08e-02,1.41e-02; 3.11e-02,1.46e-02; 3.15e-02,1.51e-02; 3.19e-02,1.54e-02; 3.24e-02,1.57e-02; 3.30e-02,1.60e-02; 3.35e-02,1.63e-02; 3.39e-02,1.67e-02; 3.42e-02,1.72e-02; 3.45e-02,1.77e-02","32,32,32,32,32,32,32,32,32,32,32,32,32,32,32,32,32,32,32,32,32,32,32,32,32,32,32,32,32,32,32,32,32,32,32,32,32,32,32,32,32,32,32,32,32,32,32,32,32,32,32,32,32,32,32,32,32,32,32,32,32,32,32,32"
1259,0.96,0.63,"0.01,0.03,0.07,0.11,0.16,0.20,0.25,0.30,0.35,0.42,0.49,0.56,0.63,0.70,0.75,0.80,0.86,0.93,1.01,1.08,1.14,1.20,1.26,1.30,1.36,1.42,1.49,1.56,1.62,1.68,1.72,1.76,1.81,1.87,1.93,1.99,2.04,2.09,2.13,2.16,2.21,2.26,2.31,2.36,2.41,2.45,2.49,2.53,2.57,2.61,2.66,2.71,2.75,2.79,2.83,2.86,2.90,2.94,2.98,3.02,3.06,3.10,3.13,3.17","6.27e-05,5.47e-09,1.91e-09,1.38e-09","9,9,9,9","7.78e-05; 1.56e-04; 2.33e-04; 3.11e-04; 3.89e-04; 4.67e-04; 5.45e-04; 6.23e-04; 7.00e-04; 7.78e-04; 8.56e-04; 9.34e-04; 1.01e-03; 1.09e-03; 1.17e-03; 1.25e-03; 1.32e-03; 1.40e-03; 1.48e-03; 1.56e-03; 1.63e-03; 1.71e-03; 1.79e-03; 1.87e-03; 1.95e-03; 2.02e-03; 2.10e-03; 2.18e-03; 2.26e-03; 2.33e-03; 2.41e-03; 2.49e-03; 2.57e-03; 2.65e-03; 2.72e-03; 2.80e-03; 2.88e-03; 2.96e-03; 3.04e-03; 3.02e-03,9.14e-05; 3.06e-03,1.36e-04; 3.12e-03,1.52e-04; 3.20e-03,1.46e-04; 3.29e-03,1.34e-04; 3.36e-03,1.42e-04; 3.40e-03,1.81e-04; 3.41e-03,2.49e-04; 3.40e-03,3.32e-04; 3.44e-03,3.69e-04; 3.51e-03,3.80e-04; 3.60e-03,3.71e-04; 3.69e-03,3.60e-04; 3.76e-03,3.67e-04; 3.71e-03,4.88e-04; 3.73e-03,5.54e-04; 3.73e-03,6.29e-04; 3.77e-03,6.62e-04; 3.84e-03,6.74e-04; 3.92e-03,6.72e-04; 4.00e-03,6.71e-04; 4.06e-03,6.90e-04; 4.09e-03,7.32e-04; 4.10e-03,7.99e-04; 4.11e-03,8.75e-04","58,58,58,58,58,58,58,58,58,58,58,58,58,58,58,58,58,58,58,58,58,58,58,58,58,58,58,58,58,58,58,58,58,58,58,58,58,58,58,58,58,58,58,58,58,58,58,58,58,58,58,58,58,58,58,58,58,58,58,58,58,58,58,58"
1260,2.71,2.80,"0.13,0.42,0.74,1.06,1.33,1.57,1.77,1.95,2.14,2.37,2.60,2.81,2.99,3.15,3.30,3.44,3.59,3.74,3.89,4.03,4.16,4.29,4.41,4.52,4.64,4.75,4.86,4.97,5.07,5.17,5.27,5.36,5.46,5.55,5.64,5.72,5.81,5.89,5.97,6.06,6.14,6.22,6.29,6.36,6.44,6.51,6.58,6.66,6.73,6.80,6.87,6.93,6.99,7.06,7.12,7.19,7.26,7.32,7.38,7.43,7.49,7.55,7.62,7.68","4.68e-04,2.19e-08,1.22e-08,1.00e-08","4,4,4,4","5.81e-04; 1.16e-03; 1.74e-03; 2.33e-03; 2.91e-03; 3.49e-03; 4.07e-03; 4.65e-03; 5.07e-03,1.60e-04; 5.56e-03,2.54e-04; 6.20e-03,1.99e-04; 6.82e-03,1.59e-04; 7.30e-03,2.59e-04; 7.60e-03,5.44e-04; 7.54e-03,1.18e-03; 7.59e-03,1.71e-03; 7.81e-03,2.07e-03; 8.21e-03,2.25e-03; 8.73e-03,2.32e-03; 9.27e-03,2.36e-03; 9.74e-03,2.47e-03; 1.01e-02,2.73e-03; 1.03e-02,3.10e-03; 1.04e-02,3.58e-03; 1.06e-02,3.92e-03; 1.10e-02,4.13e-03; 1.15e-02,4.23e-03; 1.20e-02,4.30e-03; 1.24e-02,4.44e-03; 1.27e-02,4.71e-03; 1.29e-02,5.08e-03; 1.30e-02,5.56e-03; 1.33e-02,5.89e-03; 1.36e-02,6.13e-03; 1.41e-02,6.26e-03; 1.46e-02,6.37e-03; 1.50e-02,6.54e-03; 1.53e-02,6.82e-03; 1.55e-02,7.21e-03; 1.56e-02,7.68e-03; 1.58e-02,8.03e-03; 1.61e-02,8.28e-03; 1.66e-02,8.44e-03; 1.70e-02,8.57e-03; 1.74e-02,8.77e-03; 1.77e-02,9.06e-03; 1.79e-02,9.47e-03; 1.80e-02,9.94e-03; 1.82e-02,1.03e-02; 1.85e-02,1.05e-02; 1.89e-02,1.07e-02; 1.93e-02,1.09e-02; 1.97e-02,1.11e-02; 2.00e-02,1.14e-02; 2.02e-02,1.18e-02; 2.03e-02,1.23e-02; 2.05e-02,1.26e-02; 2.08e-02,1.29e-02; 2.12e-02,1.31e-02; 2.16e-02,1.33e-02; 2.19e-02,1.35e-02; 2.22e-02,1.38e-02; 2.24e-02,1.43e-02; 2.25e-02,1.47e-02","33,33,33,33,33,33,33,33,33,33,33,33,33,33,33,33,33,33,33,33,33,33,33,33,33,33,33,33,33,33,33,33,33,33,33,33,33,33,33,33,33,33,33,33,33,33,33,33,33,33,33,33,33,33,33,33,33,33,33,33,33,33,33,33"
1261,2.37,2.06,"0.07,0.26,0.48,0.70,0.91,1.10,1.28,1.44,1.62,1.81,2.01,2.19,2.35,2.49,2.62,2.74,2.87,3.01,3.15,3.27,3.40,3.51,3.62,3.73,3.84,3.95,4.05,4.15,4.25,4.34,4.44,4.53,4.62,4.71,4.79,4.88,4.96,5.04,5.12,5.20,5.28,5.36,5.43,5.50,5.57,5.64,5.71,5.79,5.86,5.93,5.99,6.05,6.11,6.17,6.24,6.31,6.37,6.44,6.49,6.55,6.60,6.66,6.72,6.79","3.60e-04,2.55e-08,1.38e-08,5.15e-09","1,1,1,1","4.46e-04; 8.92e-04; 1.34e-03; 1.78e-03; 2.23e-03; 2.68e-03; 3.12e-03; 3.57e-03; 4.01e-03; 4.46e-03; 4.91e-03; 5.35e-03; 5.80e-03; 6.25e-03; 6.61e-03,8.16e-05; 6.67e-03,4.72e-04; 6.81e-03,7.75e-04; 6.97e-03,1.06e-03; 7.36e-03,1.12e-03; 7.78e-03,1.14e-03; 8.13e-03,1.23e-03; 8.38e-03,1.44e-03; 8.53e-03,1.73e-03; 8.63e-03,2.08e-03; 8.80e-03,2.35e-03; 9.07e-03,2.53e-03; 9.43e-03,2.62e-03; 9.81e-03,2.68e-03; 1.02e-02,2.78e-03; 1.04e-02,2.97e-03; 1.06e-02,3.24e-03; 1.07e-02,3.56e-03; 1.09e-02,3.82e-03; 1.12e-02,4.01e-03; 1.15e-02,4.12e-03; 1.19e-02,4.21e-03; 1.22e-02,4.32e-03; 1.24e-02,4.52e-03; 1.26e-02,4.79e-03; 1.27e-02,5.11e-03; 1.29e-02,5.36e-03; 1.32e-02,5.56e-03; 1.35e-02,5.70e-03; 1.38e-02,5.80e-03; 1.41e-02,5.93e-03; 1.44e-02,6.14e-03; 1.46e-02,6.41e-03; 1.47e-02,6.73e-03; 1.49e-02,6.99e-03; 1.51e-02,7.20e-03; 1.54e-02,7.34e-03; 1.57e-02,7.46e-03; 1.60e-02,7.62e-03; 1.63e-02,7.82e-03; 1.64e-02,8.10e-03; 1.66e-02,8.42e-03; 1.67e-02,8.68e-03; 1.70e-02,8.89e-03; 1.73e-02,9.05e-03; 1.76e-02,9.19e-03; 1.79e-02,9.35e-03; 1.81e-02,9.57e-03; 1.83e-02,9.85e-03; 1.84e-02,1.02e-02","32,32,32,32,32,32,32,32,32,32,32,32,32,32,32,32,32,32,32,32,32,32,32,32,32,32,32,32,32,32,32,32,32,32,32,32,32,32,32,32,32,32,32,32,32,32,32,32,32,32,32,32,32,32,32,32,32,32,32,32,32,32,32,32"
1262,0.01,0.00,"0.00,0.00,0.00,0.00,0.00,0.00,0.00,0.00,0.00,0.00,0.00,0.00,0.00,0.00,0.01,0.01,0.01,0.01,0.01,0.01,0.01,0.01,0.01,0.01,0.01,0.01,0.02,0.02,0.02,0.02,0.02,0.02,0.02,0.02,0.03,0.03,0.03,0.03,0.03,0.03,0.04,0.04,0.04,0.04,0.04,0.05,0.05,0.05,0.05,0.05,0.05,0.06,0.06,0.06,0.06,0.07,0.07,0.07,0.07,0.07,0.08,0.08,0.08,0.08","3.22e-07,2.29e-11,1.37e-11,6.37e-12","9,1,1,1",; ; 1.20e-06; 1.60e-06; 2.00e-06; 2.40e-06; 2.80e-06; 3.20e-06; 3.60e-06; 4.00e-06; 4.40e-06; 4.80e-06; 5.20e-06; 5.60e-06; 5.99e-06; 6.39e-06; 6.79e-06; 7.19e-06; 7.59e-06; 7.99e-06; 8.39e-06; 8.79e-06; 9.19e-06; 9.59e-06; 9.99e-06; 1.04e-05; 1.08e-05; 1.12e-05; 1.16e-05; 1.20e-05; 1.24e-05; 1.28e-05; 1.32e-05; 1.36e-05; 1.40e-05; 1.44e-05; 1.48e-05; 1.52e-05; 1.56e-05; 1.60e-05; 1.64e-05; 1.68e-05; 1.72e-05; 1.76e-05; 1.80e-05; 1.84e-05; 1.88e-05; 1.92e-05; 1.96e-05; 2.00e-05; 2.04e-05; 2.08e-05; 2.12e-05; 2.16e-05; 2.20e-05; 2.24e-05; 2.28e-05; 2.32e-05; 2.36e-05; 2.40e-05; 2.44e-05; 2.48e-05; 2.52e-05; 2.56e-05,"17,17,17,17,17,17,17,17,17,17,17,17,17,17,17,17,17,17,17,17,17,17,17,17,17,17,17,17,17,17,17,17,17,17,17,17,17,17,17,17,17,17,17,17,17,17,17,17,17,17,17,17,17,17,17,17,17,17,17,17,17,17,17,17"
1263,13.55,14.40,"4.57,6.41,7.52,8.47,9.33,10.10,10.80,11.45,12.01,12.48,12.86,13.21,13.56,13.93,14.30,14.68,15.01,15.30,15.54,15.76,15.98,16.21,16.47,16.73,16.97,17.17,17.35,17.51,17.67,17.84,18.04,18.24,18.42,18.58,18.72,18.85,18.97,19.11,19.27,19.43,19.58,19.71,19.83,19.93,20.03,20.15,20.28,20.42,20.54,20.66,20.75,20.84,20.93,21.03,21.14,21.26,21.36,21.46,21.55,21.62,21.70,21.78,21.88,21.99","2.13e-01,1.58e-01,1.20e-05,7.30e-06","5,5,5,5","4.61e-01; 9.23e-01; 1.26e+00,1.23e-01; 1.51e+00,3.37e-01; 1.77e+00,5.36e-01; 1.93e+00,8.37e-01; 2.11e+00,1.12e+00; 2.30e+00,1.39e+00; 2.51e+00,1.64e+00; 2.75e+00,1.86e+00; 3.01e+00,2.06e+00; 3.27e+00,2.27e+00; 3.52e+00,2.48e+00; 3.74e+00,2.72e+00; 3.95e+00,2.97e+00; 4.16e+00,3.22e+00; 4.38e+00,3.47e+00; 4.61e+00,3.70e+00; 4.85e+00,3.92e+00; 5.10e+00,4.13e+00; 5.34e+00,4.35e+00; 5.57e+00,4.58e+00; 5.79e+00,4.82e+00; 5.98e+00,5.06e+00,3.46e-02; 6.05e+00,5.15e+00,3.36e-01; 6.26e+00,5.36e+00,3.77e-01; 6.44e+00,5.53e+00,4.86e-01; 6.57e+00,5.62e+00,7.31e-01; 7.34e+00,6.04e+00; 7.59e+00,6.25e+00; 7.81e+00,6.49e+00; 8.06e+00,6.70e+00; 8.32e+00,6.90e+00; 8.56e+00,7.12e+00; 8.82e+00,7.33e+00; 9.10e+00,7.51e+00; 9.37e+00,7.70e+00; 9.62e+00,7.91e+00; 9.85e+00,8.15e+00; 1.01e+01,8.36e+00; 1.04e+01,8.57e+00; 1.06e+01,8.78e+00; 1.08e+01,8.99e+00; 1.11e+01,9.18e+00; 1.14e+01,9.37e+00; 1.16e+01,9.58e+00; 1.19e+01,9.81e+00; 1.21e+01,1.00e+01; 1.24e+01,1.02e+01; 1.26e+01,1.05e+01; 1.29e+01,1.07e+01; 1.31e+01,1.09e+01; 1.34e+01,1.10e+01; 1.37e+01,1.13e+01; 1.39e+01,1.15e+01; 1.41e+01,1.17e+01; 1.44e+01,1.19e+01; 1.46e+01,1.21e+01; 1.49e+01,1.23e+01; 1.51e+01,1.25e+01; 1.54e+01,1.27e+01; 1.57e+01,1.29e+01; 1.59e+01,1.32e+01; 1.61e+01,1.34e+01","32,32,32,32,32,32,32,32,32,32,32,32,32,32,32,32,32,32,32,32,32,32,32,32,32,32,32,32,32,32,32,32,32,32,32,32,32,32,32,32,32,32,32,32,32,32,32,32,32,32,32,32,32,32,32,32,32,32,32,32,32,32,32,32"
1264,0.01,0.00,"0.00,0.00,0.00,0.00,0.00,0.00,0.00,0.00,0.00,0.00,0.00,0.01,0.01,0.01,0.01,0.01,0.01,0.01,0.01,0.01,0.02,0.02,0.02,0.02,0.02,0.02,0.02,0.03,0.03,0.03,0.03,0.03,0.03,0.04,0.04,0.04,0.04,0.05,0.05,0.05,0.05,0.05,0.06,0.06,0.06,0.07,0.07,0.07,0.07,0.08,0.08,0.08,0.09,0.09,0.09,0.10,0.10,0.10,0.10,0.11,0.11,0.12,0.12,0.12","3.85e-07,2.40e-11,1.03e-11,7.78e-12","4,4,4,4",; ; 1.43e-06; 1.91e-06; 2.39e-06; 2.87e-06; 3.35e-06; 3.82e-06; 4.30e-06; 4.78e-06; 5.26e-06; 5.73e-06; 6.21e-06; 6.69e-06; 7.17e-06; 7.65e-06; 8.12e-06; 8.60e-06; 9.08e-06; 9.56e-06; 1.00e-05; 1.05e-05; 1.10e-05; 1.15e-05; 1.19e-05; 1.24e-05; 1.29e-05; 1.34e-05; 1.39e-05; 1.43e-05; 1.48e-05; 1.53e-05; 1.58e-05; 1.62e-05; 1.67e-05; 1.72e-05; 1.77e-05; 1.82e-05; 1.86e-05; 1.91e-05; 1.96e-05; 2.01e-05; 2.05e-05; 2.10e-05; 2.15e-05; 2.20e-05; 2.25e-05; 2.29e-05; 2.34e-05; 2.39e-05; 2.44e-05; 2.49e-05; 2.53e-05; 2.58e-05; 2.63e-05; 2.68e-05; 2.72e-05; 2.77e-05; 2.82e-05; 2.87e-05; 2.92e-05; 2.96e-05; 3.01e-05; 3.06e-05,"16,16,16,16,16,16,16,16,16,16,16,16,16,16,16,16,16,16,16,16,16,16,16,16,16,16,16,16,16,16,16,16,16,16,16,16,16,16,16,16,16,16,16,16,16,16,16,16,16,16,16,16,16,16,16,16,16,16,16,16,16,16,16,16"
1265,0.01,0.01,"0.00,0.00,0.00,0.00,0.00,0.00,0.00,0.00,0.01,0.01,0.01,0.01,0.01,0.01,0.02,0.02,0.02,0.02,0.02,0.03,0.03,0.03,0.04,0.04,0.04,0.05,0.05,0.05,0.06,0.06,0.07,0.07,0.07,0.08,0.08,0.09,0.09,0.10,0.10,0.10,0.11,0.11,0.12,0.12,0.13,0.14,0.14,0.15,0.15,0.16,0.16,0.17,0.17,0.18,0.19,0.19,0.20,0.20,0.21,0.21,0.22,0.23,0.23,0.24","7.80e-07,5.98e-11,2.38e-11,1.43e-11","9,9,9,9",; 1.94e-06; 2.90e-06; 3.87e-06; 4.84e-06; 5.81e-06; 6.77e-06; 7.74e-06; 8.71e-06; 9.68e-06; 1.06e-05; 1.16e-05; 1.26e-05; 1.35e-05; 1.45e-05; 1.55e-05; 1.65e-05; 1.74e-05; 1.84e-05; 1.94e-05; 2.03e-05; 2.13e-05; 2.23e-05; 2.32e-05; 2.42e-05; 2.52e-05; 2.61e-05; 2.71e-05; 2.81e-05; 2.90e-05; 3.00e-05; 3.10e-05; 3.19e-05; 3.29e-05; 3.39e-05; 3.48e-05; 3.58e-05; 3.68e-05; 3.77e-05; 3.87e-05; 3.97e-05; 4.06e-05; 4.16e-05; 4.26e-05; 4.35e-05; 4.45e-05; 4.55e-05; 4.64e-05; 4.74e-05; 4.84e-05; 4.94e-05; 5.03e-05; 5.13e-05; 5.23e-05; 5.32e-05; 5.42e-05; 5.52e-05; 5.61e-05; 5.71e-05; 5.81e-05; 5.90e-05; 6.00e-05; 6.10e-05; 6.19e-05,"9,9,9,9,9,9,9,9,9,9,9,9,9,9,9,9,9,9,9,9,9,9,9,9,9,9,9,9,9,9,9,9,9,9,9,9,9,9,9,9,9,9,9,9,9,9,9,9,9,9,9,9,9,9,9,9,9,9,9,9,9,9,9,9"
1266,13.76,14.34,"4.93,6.77,7.85,8.98,9.89,10.65,11.29,11.83,12.39,12.87,13.26,13.63,14.00,14.39,14.76,15.12,15.46,15.75,16.01,16.25,16.49,16.74,17.00,17.25,17.50,17.71,17.90,18.08,18.26,18.44,18.63,18.83,19.02,19.18,19.33,19.48,19.62,19.76,19.91,20.08,20.23,20.37,20.49,20.60,20.72,20.84,20.97,21.10,21.24,21.35,21.45,21.55,21.65,21.75,21.86,21.98,22.09,22.19,22.28,22.37,22.46,22.54,22.64,22.74","2.45e-01,1.81e-01,1.15e-05,7.86e-06","1,1,1,1","5.29e-01; 1.06e+00; 1.13e+00,4.57e-01; 1.63e+00,4.86e-01; 1.89e+00,7.61e-01; 2.11e+00,1.06e+00; 2.36e+00,1.34e+00; 2.62e+00,1.62e+00; 2.82e+00,1.85e+00,9.54e-02; 3.08e+00,2.12e+00,1.01e-01; 3.29e+00,2.24e+00,2.92e-01; 3.52e+00,2.32e+00,5.15e-01; 3.75e+00,2.50e+00,6.22e-01; 4.20e+00,2.85e+00,3.61e-01; 4.44e+00,3.08e+00,4.26e-01; 4.57e+00,3.13e+00,7.67e-01; 4.79e+00,3.33e+00,8.85e-01; 5.07e+00,3.60e+00,8.56e-01; 5.33e+00,3.77e+00,9.55e-01; 5.55e+00,3.86e+00,1.18e+00; 5.80e+00,4.01e+00,1.31e+00; 6.08e+00,4.28e+00,1.28e+00; 6.34e+00,4.53e+00,1.30e+00; 6.51e+00,4.63e+00,1.57e+00; 6.73e+00,4.82e+00,1.68e+00; 7.01e+00,5.09e+00,1.66e+00; 7.27e+00,5.27e+00,1.75e+00; 7.50e+00,5.37e+00,1.95e+00; 7.75e+00,5.51e+00,2.09e+00; 8.03e+00,5.77e+00,2.09e+00; 8.29e+00,6.02e+00,2.10e+00; 8.48e+00,6.13e+00,2.33e+00; 8.71e+00,6.32e+00,2.44e+00; 8.98e+00,6.59e+00,2.43e+00; 9.24e+00,6.77e+00,2.51e+00; 9.48e+00,6.87e+00,2.70e+00; 9.73e+00,7.01e+00,2.84e+00; 1.00e+01,7.26e+00,2.85e+00; 1.03e+01,7.51e+00,2.87e+00; 1.05e+01,7.63e+00,3.08e+00; 1.07e+01,7.82e+00,3.19e+00; 1.10e+01,8.08e+00,3.18e+00; 1.12e+01,8.27e+00,3.26e+00; 1.15e+01,8.37e+00,3.45e+00; 1.17e+01,8.51e+00,3.59e+00; 1.20e+01,8.76e+00,3.60e+00; 1.22e+01,9.01e+00,3.62e+00; 1.25e+01,9.12e+00,3.83e+00; 1.27e+01,9.32e+00,3.93e+00; 1.30e+01,9.58e+00,3.92e+00; 1.32e+01,9.77e+00,4.01e+00; 1.35e+01,9.87e+00,4.19e+00; 1.37e+01,1.00e+01,4.34e+00; 1.40e+01,1.03e+01,4.35e+00; 1.42e+01,1.05e+01,4.37e+00; 1.44e+01,1.06e+01,4.58e+00; 1.47e+01,1.08e+01,4.68e+00; 1.50e+01,1.11e+01,4.67e+00; 1.52e+01,1.13e+01,4.76e+00; 1.54e+01,1.14e+01,4.95e+00; 1.57e+01,1.15e+01,5.09e+00; 1.60e+01,1.17e+01,5.11e+00; 1.62e+01,1.20e+01,5.13e+00; 1.64e+01,1.21e+01,5.34e+00","24,24,24,24,24,24,24,24,24,24,24,24,24,24,24,24,24,24,24,24,24,24,24,24,24,24,24,24,24,24,24,24,24,24,24,24,24,24,24,24,24,24,24,24,24,24,24,24,24,24,24,24,24,24,24,24,24,24,24,24,24,24,24,24"
1267,0.16,0.09,"0.00,0.00,0.01,0.01,0.02,0.03,0.04,0.05,0.06,0.07,0.09,0.10,0.12,0.14,0.15,0.17,0.19,0.21,0.23,0.25,0.28,0.30,0.32,0.34,0.37,0.39,0.41,0.44,0.46,0.49,0.51,0.54,0.56,0.58,0.61,0.64,0.66,0.69,0.71,0.74,0.76,0.78,0.81,0.84,0.86,0.89,0.91,0.94,0.96,0.98,1.01,1.03,1.06,1.08,1.11,1.13,1.15,1.17,1.20,1.22,1.24,1.27,1.29,1.31","8.03e-06,7.54e-10,3.45e-10,1.91e-10","0,0,0,0",9.97e-06; 1.99e-05; 2.99e-05; 3.99e-05; 4.98e-05; 5.98e-05; 6.98e-05; 7.98e-05; 8.97e-05; 9.97e-05; 1.10e-04; 1.20e-04; 1.30e-04; 1.40e-04; 1.50e-04; 1.60e-04; 1.69e-04; 1.79e-04; 1.89e-04; 1.99e-04; 2.09e-04; 2.19e-04; 2.29e-04; 2.39e-04; 2.49e-04; 2.59e-04; 2.69e-04; 2.79e-04; 2.89e-04; 2.99e-04; 3.09e-04; 3.19e-04; 3.29e-04; 3.39e-04; 3.49e-04; 3.59e-04; 3.69e-04; 3.79e-04; 3.89e-04; 3.99e-04; 4.09e-04; 4.19e-04; 4.29e-04; 4.39e-04; 4.49e-04; 4.59e-04; 4.69e-04; 4.79e-04; 4.88e-04; 4.98e-04; 5.08e-04; 5.18e-04; 5.28e-04; 5.38e-04; 5.48e-04; 5.58e-04; 5.68e-04; 5.78e-04; 5.88e-04; 5.98e-04; 6.08e-04; 6.18e-04; 6.28e-04; 6.38e-04,"10,10,10,10,10,10,10,10,10,10,10,10,10,10,10,10,10,10,10,10,10,10,10,10,10,10,10,10,10,10,10,10,10,10,10,10,10,10,10,10,10,10,10,10,10,10,10,10,10,10,10,10,10,10,10,10,10,10,10,10,10,10,10,10"
1268,3.25,2.94,"0.14,0.45,0.80,1.14,1.46,1.73,1.98,2.21,2.42,2.63,2.84,3.04,3.22,3.38,3.53,3.66,3.78,3.92,4.06,4.20,4.34,4.49,4.62,4.74,4.86,4.99,5.12,5.25,5.37,5.49,5.61,5.71,5.78,5.89,6.00,6.12,6.23,6.34,6.43,6.52,6.62,6.72,6.82,6.93,7.03,7.13,7.22,7.31,7.39,7.47,7.56,7.64,7.73,7.81,7.89,7.96,8.04,8.11,8.19,8.27,8.35,8.43,8.50,8.57","7.89e-04,4.97e-08,2.51e-08,1.57e-08","5,5,5,5","9.79e-04; 1.96e-03; 2.94e-03; 3.92e-03; 4.90e-03; 5.88e-03; 6.86e-03; 7.84e-03; 8.81e-03; 9.79e-03; 1.08e-02; 1.18e-02; 1.27e-02; 1.37e-02; 1.47e-02; 1.57e-02; 1.66e-02,4.02e-06; 1.75e-02,1.63e-04; 1.75e-02,7.56e-04,3.82e-04; 1.74e-02,2.24e-03; 1.75e-02,3.02e-03; 1.78e-02,3.78e-03; 1.80e-02,4.56e-03; 1.83e-02,4.23e-03,1.01e-03; 1.84e-02,6.05e-03; 1.89e-02,6.14e-03,4.40e-04; 1.92e-02,6.46e-03,7.56e-04; 1.97e-02,6.98e-03,7.44e-04; 2.02e-02,7.53e-03,6.90e-04; 2.05e-02,7.86e-03,9.70e-04; 2.07e-02,7.84e-03,1.82e-03; 2.07e-02,7.65e-03,2.94e-03; 2.02e-02,6.34e-03,5.78e-03; 2.04e-02,6.71e-03,6.19e-03; 2.07e-02,7.21e-03,6.34e-03; 2.11e-02,7.79e-03,6.35e-03; 2.15e-02,8.38e-03,6.32e-03; 2.19e-02,8.87e-03,6.43e-03; 2.22e-02,9.20e-03,6.82e-03; 2.23e-02,9.31e-03,7.52e-03; 2.24e-02,9.49e-03,8.28e-03; 2.25e-02,9.81e-03,8.78e-03; 2.28e-02,1.02e-02,9.04e-03; 2.32e-02,1.08e-02,9.15e-03; 2.36e-02,1.13e-02,9.18e-03; 2.40e-02,1.18e-02,9.27e-03; 2.43e-02,1.22e-02,9.55e-03; 2.45e-02,1.24e-02,1.01e-02; 2.46e-02,1.25e-02,1.09e-02; 2.48e-02,1.27e-02,1.14e-02; 2.51e-02,1.31e-02,1.18e-02; 2.55e-02,1.35e-02,1.20e-02; 2.59e-02,1.40e-02,1.21e-02; 2.63e-02,1.44e-02,1.23e-02; 2.66e-02,1.47e-02,1.26e-02; 2.68e-02,1.49e-02,1.32e-02; 2.70e-02,1.50e-02,1.38e-02; 2.72e-02,1.53e-02,1.43e-02; 2.75e-02,1.57e-02,1.46e-02; 2.79e-02,1.61e-02,1.48e-02; 2.83e-02,1.66e-02,1.49e-02; 2.86e-02,1.70e-02,1.51e-02; 2.90e-02,1.73e-02,1.54e-02; 2.92e-02,1.76e-02,1.59e-02","32,32,32,32,32,32,32,32,32,32,32,32,32,32,32,32,32,32,32,32,32,32,32,32,32,32,32,32,32,32,32,32,32,32,32,32,32,32,32,32,32,32,32,32,32,32,32,32,32,32,32,32,32,32,32,32,32,32,32,32,32,32,32,32"
1269,3.30,3.18,"0.12,0.39,0.70,1.01,1.29,1.54,1.76,1.96,2.11,2.30,2.52,2.73,2.94,3.14,3.32,3.50,3.66,3.84,4.02,4.21,4.39,4.56,4.72,4.86,5.01,5.16,5.31,5.46,5.60,5.74,5.86,5.98,6.10,6.22,6.35,6.48,6.60,6.72,6.83,6.93,7.02,7.12,7.23,7.34,7.44,7.55,7.64,7.73,7.82,7.91,8.01,8.11,8.20,8.29,8.37,8.44,8.52,8.60,8.68,8.77,8.85,8.94,9.01,9.08","7.10e-04,5.38e-08,2.66e-08,1.65e-08","4,4,4,4","8.81e-04; 1.76e-03; 2.64e-03; 3.53e-03; 4.41e-03; 5.29e-03; 6.17e-03; 6.80e-03,2.47e-04; 6.68e-03,1.25e-03; 6.37e-03,2.45e-03; 6.19e-03,3.51e-03; 6.28e-03,4.29e-03; 6.70e-03,4.76e-03; 7.32e-03,5.02e-03; 8.00e-03,5.22e-03; 8.65e-03,5.45e-03; 9.17e-03,5.81e-03; 9.60e-03,6.26e-03; 9.96e-03,6.79e-03; 1.03e-02,7.35e-03; 1.06e-02,7.92e-03; 1.09e-02,8.48e-03; 1.12e-02,9.04e-03; 1.16e-02,9.57e-03; 1.19e-02,1.01e-02; 1.23e-02,1.06e-02; 1.27e-02,1.11e-02; 1.33e-02,1.14e-02; 1.38e-02,1.18e-02; 1.43e-02,1.21e-02; 1.48e-02,1.25e-02; 1.53e-02,1.29e-02; 1.57e-02,1.34e-02; 1.61e-02,1.39e-02; 1.64e-02,1.45e-02; 1.67e-02,1.50e-02; 1.71e-02,1.56e-02; 1.74e-02,1.60e-02; 1.79e-02,1.65e-02; 1.84e-02,1.69e-02; 1.88e-02,1.73e-02; 1.93e-02,1.77e-02; 1.98e-02,1.81e-02; 2.03e-02,1.85e-02; 2.07e-02,1.90e-02; 2.12e-02,1.94e-02; 2.16e-02,1.98e-02; 2.20e-02,2.03e-02; 2.24e-02,2.07e-02,8.44e-05; 2.26e-02,2.11e-02,3.67e-04; 2.30e-02,2.16e-02,3.78e-04; 2.35e-02,2.21e-02,3.17e-04; 2.39e-02,2.25e-02,3.51e-04; 2.42e-02,2.28e-02,6.32e-04; 2.44e-02,2.29e-02,1.23e-03; 2.45e-02,2.28e-02,2.05e-03; 2.46e-02,2.30e-02,2.65e-03; 2.58e-02,2.40e-02,1.28e-03; 2.62e-02,2.45e-02,1.31e-03; 2.67e-02,2.50e-02,1.27e-03; 2.71e-02,2.55e-02,1.23e-03; 2.75e-02,2.59e-02,1.30e-03; 2.78e-02,2.62e-02,1.48e-03; 2.81e-02,2.65e-02,1.78e-03","25,25,25,25,25,25,25,25,25,25,25,25,25,25,25,25,25,25,25,25,25,25,25,25,25,25,25,25,25,25,25,25,25,25,25,25,25,25,25,25,25,25,25,25,25,25,25,25,25,25,25,25,25,25,25,25,25,25,25,25,25,25,25,25"
1277,1.20,1.02,"0.02,0.06,0.13,0.21,0.29,0.38,0.46,0.54,0.63,0.74,0.86,0.97,1.08,1.18,1.27,1.34,1.42,1.51,1.61,1.71,1.80,1.89,1.96,2.03,2.09,2.17,2.25,2.33,2.41,2.48,2.54,2.60,2.65,2.71,2.78,2.85,2.92,2.98,3.04,3.08,3.13,3.19,3.25,3.31,3.37,3.42,3.47,3.52,3.57,3.62,3.67,3.72,3.77,3.82,3.87,3.91,3.95,4.00,4.05,4.09,4.14,4.18,4.23,4.27","9.61e-05,9.31e-09,4.75e-09,2.16e-09","5,5,5,5","1.19e-04; 2.39e-04; 3.58e-04; 4.77e-04; 5.97e-04; 7.16e-04; 8.35e-04; 9.55e-04; 1.07e-03; 1.19e-03; 1.31e-03; 1.43e-03; 1.55e-03; 1.67e-03; 1.79e-03; 1.91e-03; 2.03e-03; 2.15e-03; 2.27e-03; 2.39e-03; 2.51e-03; 2.63e-03; 2.74e-03; 2.86e-03; 2.98e-03; 3.10e-03; 3.22e-03; 3.34e-03; 3.46e-03; 3.58e-03; 3.70e-03; 3.82e-03; 3.94e-03; 4.05e-03,8.79e-06; 4.16e-03,1.92e-05; 4.28e-03,1.21e-05; 4.40e-03,1.23e-05; 4.50e-03,3.10e-05; 4.58e-03,7.75e-05; 4.62e-03,1.49e-04; 4.67e-03,2.27e-04; 4.74e-03,2.75e-04; 4.69e-03,4.42e-04; 4.80e-03,4.47e-04; 4.92e-03,4.54e-04; 5.00e-03,4.89e-04; 5.05e-03,5.54e-04; 5.09e-03,6.39e-04; 5.12e-03,7.29e-04; 5.18e-03,7.87e-04; 5.27e-03,8.18e-04; 5.38e-03,8.27e-04; 5.48e-03,8.42e-04; 5.57e-03,8.75e-04; 5.63e-03,9.32e-04; 5.68e-03,1.00e-03; 5.72e-03,1.08e-03; 5.78e-03,1.14e-03; 5.87e-03,1.17e-03; 5.98e-03,1.18e-03; 6.07e-03,1.20e-03; 6.16e-03,1.23e-03; 6.23e-03,1.29e-03; 6.28e-03,1.35e-03","32,32,32,32,32,32,32,32,32,32,32,32,32,32,32,32,32,32,32,32,32,32,32,32,32,32,32,32,32,32,32,32,32,32,32,32,32,32,32,32,32,32,32,32,32,32,32,32,32,32,32,32,32,32,32,32,32,32,32,32,32,32,32,32"
1280,0.00,0.00,"0.00,0.00,0.00,0.00,0.00,0.00,0.00,0.00,0.00,0.00,0.00,0.00,0.00,0.00,0.00,0.01,0.01,0.01,0.01,0.01,0.01,0.01,0.01,0.01,0.01,0.01,0.01,0.01,0.02,0.02,0.02,0.02,0.02,0.02,0.02,0.02,0.03,0.03,0.03,0.03,0.03,0.03,0.03,0.03,0.04,0.04,0.04,0.04,0.04,0.04,0.05,0.05,0.05,0.05,0.05,0.05,0.06,0.06,0.06,0.06,0.06,0.07,0.07,0.07","2.34e-07,1.68e-11,1.02e-11,6.24e-12","9,9,9,9",; ; ; 1.16e-06; 1.45e-06; 1.75e-06; 2.04e-06; 2.33e-06; 2.62e-06; 2.91e-06; 3.20e-06; 3.49e-06; 3.78e-06; 4.07e-06; 4.36e-06; 4.65e-06; 4.95e-06; 5.24e-06; 5.53e-06; 5.82e-06; 6.11e-06; 6.40e-06; 6.69e-06; 6.98e-06; 7.27e-06; 7.56e-06; 7.85e-06; 8.15e-06; 8.44e-06; 8.73e-06; 9.02e-06; 9.31e-06; 9.60e-06; 9.89e-06; 1.02e-05; 1.05e-05; 1.08e-05; 1.11e-05; 1.13e-05; 1.16e-05; 1.19e-05; 1.22e-05; 1.25e-05; 1.28e-05; 1.31e-05; 1.34e-05; 1.37e-05; 1.40e-05; 1.43e-05; 1.45e-05; 1.48e-05; 1.51e-05; 1.54e-05; 1.57e-05; 1.60e-05; 1.63e-05; 1.66e-05; 1.69e-05; 1.72e-05; 1.75e-05; 1.77e-05; 1.80e-05; 1.83e-05; 1.86e-05,"24,24,24,24,24,24,24,24,24,24,24,24,24,24,24,24,24,24,24,24,24,24,24,24,24,24,24,24,24,24,24,24,24,24,24,24,24,24,24,24,24,24,24,24,24,24,24,24,24,24,24,24,24,24,24,24,24,24,24,24,24,24,24,24"
1287,31.26,30.77,"6.47,12.36,15.42,17.72,19.54,20.96,22.10,23.35,24.31,25.20,26.05,26.86,27.58,28.21,28.73,29.41,30.07,30.58,31.04,31.50,31.96,32.44,32.93,33.38,33.67,33.99,34.33,34.67,35.01,35.33,35.67,35.95,36.19,36.45,36.72,37.01,37.27,37.53,37.75,37.93,38.12,38.33,38.56,38.79,39.00,39.20,39.37,39.51,39.67,39.86,40.04,40.23,40.41,40.57,40.71,40.83,40.97,41.12,41.29,41.44,41.59,41.72,41.84,41.94","6.18e-01,6.17e-01,6.09e-01,2.07e-01","0,0,0,0","2.72e+00; 2.78e+00,2.65e+00; 4.15e+00,3.99e+00; 4.43e+00,4.03e+00,2.40e+00; 5.36e+00,4.91e+00,3.16e+00,1.42e-01; 5.89e+00,5.23e+00,2.68e+00,2.50e+00; 6.73e+00,5.98e+00,3.36e+00,2.94e+00; 7.33e+00,6.41e+00,4.53e+00,3.45e+00; 8.13e+00,7.16e+00,5.77e+00,3.37e+00; 8.79e+00,7.89e+00,6.35e+00,4.13e+00; 9.55e+00,8.57e+00,6.88e+00,4.88e+00; 1.03e+01,9.25e+00,7.41e+00,5.63e+00; 1.11e+01,9.93e+00,7.96e+00,6.35e+00; 1.18e+01,1.06e+01,8.52e+00,7.05e+00; 1.26e+01,1.13e+01,9.09e+00,7.75e+00; 1.32e+01,1.20e+01,1.06e+01,7.67e+00; 1.39e+01,1.27e+01,1.13e+01,8.16e+00; 1.46e+01,1.35e+01,1.19e+01,8.90e+00; 1.53e+01,1.42e+01,1.25e+01,9.58e+00; 1.60e+01,1.49e+01,1.29e+01,1.05e+01; 1.68e+01,1.56e+01,1.35e+01,1.12e+01; 1.74e+01,1.62e+01,1.42e+01,1.20e+01; 1.81e+01,1.69e+01,1.51e+01,1.23e+01; 1.88e+01,1.76e+01,1.60e+01,1.28e+01; 1.95e+01,1.83e+01,1.66e+01,1.35e+01; 2.02e+01,1.90e+01,1.73e+01,1.41e+01; 2.09e+01,1.97e+01,1.79e+01,1.48e+01; 2.16e+01,2.04e+01,1.85e+01,1.55e+01; 2.24e+01,2.10e+01,1.91e+01,1.62e+01; 2.31e+01,2.18e+01,1.98e+01,1.68e+01; 2.38e+01,2.26e+01,2.06e+01,1.73e+01; 2.44e+01,2.32e+01,2.13e+01,1.79e+01; 2.51e+01,2.39e+01,2.20e+01,1.86e+01; 2.58e+01,2.46e+01,2.26e+01,1.93e+01; 2.65e+01,2.53e+01,2.32e+01,2.00e+01; 2.72e+01,2.60e+01,2.39e+01,2.06e+01; 2.80e+01,2.67e+01,2.45e+01,2.13e+01; 2.86e+01,2.75e+01,2.52e+01,2.19e+01; 2.93e+01,2.82e+01,2.59e+01,2.25e+01; 3.01e+01,2.89e+01,2.65e+01,2.31e+01; 3.08e+01,2.96e+01,2.72e+01,2.38e+01; 3.15e+01,3.03e+01,2.78e+01,2.45e+01; 3.22e+01,3.09e+01,2.84e+01,2.52e+01; 3.29e+01,3.16e+01,2.91e+01,2.59e+01; 3.36e+01,3.24e+01,2.97e+01,2.66e+01; 3.43e+01,3.31e+01,3.04e+01,2.72e+01; 3.50e+01,3.38e+01,3.11e+01,2.78e+01; 3.57e+01,3.45e+01,3.17e+01,2.85e+01; 3.64e+01,3.52e+01,3.24e+01,2.92e+01; 3.71e+01,3.59e+01,3.30e+01,2.98e+01; 3.78e+01,3.65e+01,3.37e+01,3.05e+01; 3.85e+01,3.72e+01,3.43e+01,3.12e+01; 3.92e+01,3.79e+01,3.50e+01,3.18e+01; 3.99e+01,3.86e+01,3.56e+01,3.25e+01; 4.06e+01,3.93e+01,3.63e+01,3.32e+01; 4.13e+01,4.00e+01,3.69e+01,3.38e+01; 4.20e+01,4.07e+01,3.76e+01,3.45e+01; 4.27e+01,4.14e+01,3.82e+01,3.52e+01; 4.34e+01,4.21e+01,3.88e+01,3.59e+01; 4.41e+01,4.27e+01,3.95e+01,3.66e+01; 4.48e+01,4.34e+01,4.01e+01,3.73e+01; 4.55e+01,4.41e+01,4.08e+01,3.80e+01; 4.62e+01,4.48e+01,4.14e+01,3.87e+01; 4.69e+01,4.55e+01,4.21e+01,3.93e+01","31,56,31,56,31,56,31,56,56,56,31,31,31,31,31,56,56,56,31,56,31,56,56,56,31,31,31,31,31,56,56,56,31,31,31,56,31,56,56,31,31,31,31,31,56,56,31,31,31,31,31,31,56,31,31,31,31,31,31,31,31,31,31,31"
1288,22.23,21.57,"4.28,7.33,10.30,12.62,14.32,15.54,16.43,17.18,17.85,18.44,19.01,19.61,20.20,20.71,21.19,21.57,21.95,22.29,22.67,23.08,23.49,23.85,24.19,24.54,24.93,25.26,25.57,25.87,26.18,26.45,26.71,26.99,27.32,27.60,27.86,28.12,28.34,28.56,28.77,29.03,29.28,29.50,29.72,29.92,30.11,30.27,30.45,30.68,30.90,31.09,31.28,31.46,31.62,31.77,31.94,32.15,32.33,32.51,32.67,32.81,32.94,33.09,33.28,33.44","5.62e-01,5.58e-01,2.68e-01,1.06e-01","0,0,0,0","1.85e+00; 2.95e+00,7.60e-01; 3.45e+00,2.12e+00; 4.24e+00,3.18e+00; 5.11e+00,4.16e+00; 6.02e+00,5.11e+00; 6.56e+00,5.54e+00,8.83e-01; 7.07e+00,5.54e+00,2.23e+00; 7.82e+00,6.03e+00,2.85e+00; 8.96e+00,6.91e+00,2.68e+00; 9.80e+00,7.66e+00,2.94e+00; 1.07e+01,8.40e+00,3.19e+00; 1.15e+01,9.04e+00,3.60e+00; 1.22e+01,9.65e+00,4.10e+00; 1.23e+01,9.76e+00,5.74e+00; 1.30e+01,1.02e+01,6.53e+00; 1.35e+01,1.04e+01,6.96e+00,5.88e-01; 1.35e+01,1.05e+01,6.83e+00,2.59e+00; 1.39e+01,1.08e+01,6.94e+00,3.62e+00; 1.44e+01,1.13e+01,7.18e+00,4.27e+00; 1.48e+01,1.18e+01,7.52e+00,4.82e+00; 1.53e+01,1.22e+01,8.03e+00,5.26e+00; 1.57e+01,1.25e+01,8.79e+00,5.61e+00; 1.60e+01,1.28e+01,9.94e+00,5.81e+00; 1.61e+01,1.28e+01,1.08e+01,6.71e+00; 1.65e+01,1.32e+01,1.16e+01,6.95e+00; 1.70e+01,1.37e+01,1.22e+01,7.22e+00; 1.75e+01,1.42e+01,1.26e+01,7.54e+00; 1.80e+01,1.48e+01,1.31e+01,7.89e+00; 1.85e+01,1.52e+01,1.35e+01,8.33e+00; 1.90e+01,1.57e+01,1.39e+01,8.87e+00; 1.94e+01,1.61e+01,1.45e+01,9.33e+00; 1.97e+01,1.64e+01,1.52e+01,9.87e+00; 2.02e+01,1.68e+01,1.59e+01,1.02e+01; 2.07e+01,1.73e+01,1.65e+01,1.05e+01; 2.12e+01,1.77e+01,1.71e+01,1.08e+01; 2.17e+01,1.82e+01,1.77e+01,1.11e+01; 2.22e+01,1.86e+01,1.82e+01,1.15e+01; 2.27e+01,1.91e+01,1.88e+01,1.18e+01; 2.31e+01,1.97e+01,1.92e+01,1.21e+01; 2.36e+01,2.05e+01,1.96e+01,1.24e+01; 2.40e+01,2.11e+01,2.00e+01,1.28e+01; 2.45e+01,2.16e+01,2.05e+01,1.31e+01; 2.50e+01,2.22e+01,2.10e+01,1.34e+01; 2.55e+01,2.27e+01,2.15e+01,1.37e+01; 2.60e+01,2.32e+01,2.20e+01,1.41e+01; 2.65e+01,2.38e+01,2.24e+01,1.45e+01; 2.70e+01,2.43e+01,2.28e+01,1.49e+01; 2.74e+01,2.49e+01,2.33e+01,1.54e+01; 2.79e+01,2.54e+01,2.38e+01,1.57e+01; 2.84e+01,2.59e+01,2.43e+01,1.60e+01; 2.89e+01,2.64e+01,2.48e+01,1.64e+01; 2.94e+01,2.69e+01,2.53e+01,1.67e+01; 2.98e+01,2.73e+01,2.58e+01,1.72e+01; 3.01e+01,2.76e+01,2.61e+01,1.82e+01; 3.05e+01,2.82e+01,2.64e+01,1.88e+01; 3.09e+01,2.84e+01,2.67e+01,1.97e+01; 3.13e+01,2.90e+01,2.72e+01,2.01e+01; 3.18e+01,2.95e+01,2.77e+01,2.05e+01; 3.23e+01,3.00e+01,2.82e+01,2.08e+01; 3.28e+01,3.05e+01,2.87e+01,2.12e+01; 3.31e+01,3.07e+01,2.91e+01,2.21e+01; 3.36e+01,3.13e+01,2.95e+01,2.24e+01; 3.40e+01,3.19e+01,3.00e+01,2.28e+01","39,39,39,39,39,39,39,41,41,41,39,39,39,39,41,41,41,39,39,39,39,39,39,39,39,39,39,39,39,39,39,39,39,39,39,39,39,39,39,39,39,39,39,39,39,39,39,39,39,39,39,39,39,41,41,39,41,39,39,39,39,41,39,39"
1289,9.80,10.85,"2.75,4.36,5.40,6.15,6.79,7.43,8.04,8.61,9.13,9.54,9.88,10.26,10.62,10.97,11.33,11.70,12.06,12.36,12.64,12.95,13.19,13.45,13.70,13.99,14.28,14.52,14.75,14.97,15.16,15.37,15.57,15.82,16.05,16.24,16.43,16.59,16.76,16.94,17.11,17.31,17.50,17.66,17.81,17.95,18.10,18.25,18.41,18.57,18.72,18.86,18.99,19.12,19.25,19.39,19.52,19.67,19.80,19.93,20.05,20.16,20.28,20.40,20.52,20.66","3.29e-02,1.90e-02,1.55e-06,1.05e-06","4,4,4,4","6.44e-02; 1.29e-01; 1.93e-01; 2.58e-01,9.72e-05; 2.90e-01,3.21e-02; 3.09e-01,7.79e-02; 3.21e-01,1.29e-01; 3.45e-01,1.70e-01; 3.72e-01,2.07e-01; 4.09e-01,2.35e-01; 4.38e-01,2.48e-01,2.17e-02; 4.45e-01,2.35e-01,9.20e-02; 4.64e-01,2.40e-01,1.33e-01; 4.88e-01,2.60e-01,1.53e-01; 5.13e-01,2.92e-01,1.61e-01; 5.32e-01,3.21e-01,1.78e-01; 5.54e-01,3.43e-01,1.98e-01; 5.76e-01,3.57e-01,2.27e-01; 5.96e-01,3.63e-01,2.64e-01; 6.14e-01,3.64e-01,3.10e-01; 6.39e-01,3.78e-01,3.35e-01; 6.62e-01,3.98e-01,3.57e-01; 6.85e-01,4.28e-01,3.68e-01; 7.02e-01,4.49e-01,3.94e-01; 7.19e-01,4.71e-01,4.20e-01; 7.41e-01,4.87e-01,4.46e-01; 7.63e-01,4.96e-01,4.80e-01; 7.85e-01,5.11e-01,5.07e-01; 8.10e-01,5.35e-01,5.22e-01; 8.32e-01,5.58e-01,5.42e-01; 8.54e-01,5.74e-01,5.68e-01; 8.72e-01,6.01e-01,5.88e-01; 8.91e-01,6.24e-01,6.10e-01; 9.13e-01,6.49e-01,6.28e-01; 9.35e-01,6.78e-01,6.40e-01; 9.59e-01,7.05e-01,6.55e-01; 9.83e-01,7.30e-01,6.70e-01; 1.00e+00,7.54e-01,6.89e-01; 1.03e+00,7.74e-01,7.13e-01; 1.04e+00,7.96e-01,7.35e-01; 1.06e+00,8.18e-01,7.58e-01; 1.09e+00,8.41e-01,7.76e-01; 1.11e+00,8.67e-01,7.91e-01; 1.14e+00,8.93e-01,8.06e-01; 1.16e+00,9.18e-01,8.21e-01; 1.18e+00,9.38e-01,8.38e-01,7.60e-03; 1.20e+00,9.51e-01,8.53e-01,2.44e-02; 1.21e+00,9.60e-01,8.69e-01,4.89e-02; 1.23e+00,9.74e-01,8.87e-01,6.26e-02; 1.25e+00,9.94e-01,9.01e-01,7.23e-02; 1.28e+00,1.02e+00,9.16e-01,7.59e-02; 1.30e+00,1.04e+00,9.30e-01,7.77e-02; 1.32e+00,1.07e+00,9.44e-01,8.20e-02; 1.34e+00,1.09e+00,9.59e-01,9.41e-02; 1.36e+00,1.10e+00,9.75e-01,1.10e-01; 1.37e+00,1.11e+00,9.90e-01,1.39e-01; 1.39e+00,1.12e+00,1.01e+00,1.51e-01; 1.41e+00,1.14e+00,1.02e+00,1.62e-01; 1.43e+00,1.16e+00,1.04e+00,1.65e-01; 1.46e+00,1.19e+00,1.05e+00,1.66e-01; 1.48e+00,1.21e+00,1.07e+00,1.72e-01; 1.50e+00,1.23e+00,1.08e+00,1.86e-01; 1.52e+00,1.24e+00,1.10e+00,2.02e-01; 1.49e+00,1.24e+00,1.09e+00,2.98e-01","33,33,33,33,33,33,33,33,33,33,33,33,33,33,33,33,33,33,33,33,33,33,33,33,33,33,33,33,33,33,33,33,33,33,33,33,33,33,33,33,33,33,33,33,33,33,33,33,33,33,33,33,33,33,33,33,33,33,33,33,33,33,33,33"
1290,1.96,1.61,"0.03,0.12,0.23,0.37,0.51,0.65,0.78,0.90,1.03,1.18,1.33,1.48,1.61,1.74,1.85,1.95,2.05,2.16,2.28,2.39,2.50,2.59,2.68,2.75,2.83,2.92,3.01,3.10,3.19,3.27,3.34,3.41,3.48,3.56,3.63,3.71,3.78,3.85,3.91,3.97,4.04,4.10,4.17,4.23,4.29,4.35,4.41,4.46,4.52,4.58,4.63,4.69,4.74,4.80,4.85,4.90,4.95,5.00,5.05,5.10,5.15,5.20,5.25,5.29","2.31e-04,1.20e-08,6.74e-09,2.33e-09","1,1,1,1","2.86e-04; 5.72e-04; 8.58e-04; 1.14e-03; 1.43e-03; 1.72e-03; 2.00e-03; 2.29e-03; 2.57e-03; 2.86e-03; 3.15e-03; 3.43e-03; 3.72e-03; 4.01e-03; 4.29e-03; 4.58e-03; 4.86e-03; 5.15e-03; 5.44e-03; 5.72e-03; 6.01e-03; 6.29e-03; 6.58e-03; 6.87e-03; 7.08e-03,7.24e-05; 7.31e-03,1.33e-04; 7.59e-03,1.32e-04; 7.90e-03,1.12e-04; 8.17e-03,1.28e-04; 8.39e-03,1.96e-04; 8.53e-03,3.41e-04; 8.28e-03,8.70e-04; 8.39e-03,1.05e-03; 8.59e-03,1.14e-03; 8.84e-03,1.17e-03; 9.11e-03,1.19e-03; 9.33e-03,1.25e-03; 9.51e-03,1.36e-03; 9.62e-03,1.54e-03; 9.69e-03,1.75e-03; 9.83e-03,1.90e-03; 1.00e-02,1.98e-03; 1.03e-02,2.02e-03; 1.05e-02,2.06e-03; 1.08e-02,2.12e-03; 1.09e-02,2.23e-03; 1.11e-02,2.39e-03; 1.12e-02,2.58e-03; 1.13e-02,2.71e-03; 1.15e-02,2.79e-03; 1.17e-02,2.84e-03; 1.20e-02,2.89e-03; 1.22e-02,2.95e-03; 1.24e-02,3.07e-03; 1.25e-02,3.22e-03; 1.26e-02,3.40e-03; 1.28e-02,3.53e-03; 1.30e-02,3.61e-03; 1.32e-02,3.66e-03; 1.35e-02,3.71e-03; 1.37e-02,3.78e-03; 1.38e-02,3.89e-03; 1.40e-02,4.05e-03; 1.41e-02,4.24e-03","32,32,32,32,32,32,32,32,32,32,32,32,32,32,32,32,32,32,32,32,32,32,32,32,32,32,32,32,32,32,32,32,32,32,32,32,32,32,32,32,32,32,32,32,32,32,32,32,32,32,32,32,32,32,32,32,32,32,32,32,32,32,32,32"
1291,9.99,8.86,"1.65,2.96,3.84,4.49,5.02,5.51,5.94,6.31,6.63,6.93,7.20,7.45,7.68,7.90,8.11,8.29,8.46,8.63,8.78,8.93,9.08,9.22,9.35,9.48,9.59,9.71,9.82,9.92,10.03,10.13,10.23,10.33,10.42,10.50,10.59,10.67,10.75,10.84,10.92,10.99,11.07,11.14,11.21,11.28,11.35,11.42,11.48,11.55,11.61,11.68,11.74,11.80,11.85,11.91,11.97,12.03,12.08,12.14,12.19,12.24,12.29,12.35,12.40,12.45","5.67e-02,1.67e-02,2.81e-06,1.54e-06","12,12,12,12","9.11e-02; 1.82e-01; 2.73e-01; 3.65e-01; 4.24e-01,3.18e-02; 4.61e-01,8.58e-02; 4.81e-01,1.56e-01; 5.26e-01,2.03e-01; 5.66e-01,2.54e-01; 6.32e-01,2.80e-01; 7.14e-01,2.88e-01; 7.97e-01,2.97e-01; 8.71e-01,3.14e-01; 9.36e-01,3.39e-01; 9.94e-01,3.73e-01; 1.04e+00,4.17e-01; 1.09e+00,4.61e-01; 1.14e+00,4.97e-01; 1.22e+00,5.08e-01; 1.31e+00,5.11e-01; 1.39e+00,5.19e-01; 1.46e+00,5.43e-01; 1.51e+00,5.82e-01; 1.56e+00,6.30e-01; 1.59e+00,6.89e-01; 1.64e+00,7.27e-01; 1.72e+00,7.44e-01; 1.80e+00,7.51e-01; 1.88e+00,7.61e-01; 1.95e+00,7.84e-01; 2.01e+00,8.19e-01; 2.05e+00,8.66e-01; 2.08e+00,9.24e-01; 2.13e+00,9.64e-01; 2.20e+00,9.85e-01; 2.28e+00,9.96e-01; 2.37e+00,1.01e+00; 2.43e+00,1.03e+00; 2.49e+00,1.06e+00; 2.53e+00,1.11e+00; 2.57e+00,1.17e+00; 2.62e+00,1.21e+00; 2.68e+00,1.23e+00; 2.76e+00,1.25e+00; 2.84e+00,1.26e+00; 2.91e+00,1.28e+00; 2.96e+00,1.32e+00; 3.01e+00,1.37e+00; 3.04e+00,1.42e+00; 3.09e+00,1.47e+00; 3.15e+00,1.49e+00; 3.23e+00,1.51e+00; 3.31e+00,1.52e+00; 3.37e+00,1.55e+00; 3.43e+00,1.58e+00; 3.47e+00,1.63e+00; 3.50e+00,1.69e+00; 3.55e+00,1.74e+00; 3.61e+00,1.76e+00; 3.69e+00,1.78e+00; 3.76e+00,1.80e+00; 3.83e+00,1.82e+00; 3.88e+00,1.86e+00; 3.92e+00,1.91e+00","15,15,15,15,15,15,15,15,15,15,15,15,15,15,15,15,15,15,15,15,15,15,15,15,15,15,15,15,15,15,15,15,15,15,15,15,15,15,15,15,15,15,15,15,15,15,15,15,15,15,15,15,15,15,15,15,15,15,15,15,15,15,15,15"
1292,2.03,2.21,"0.09,0.32,0.58,0.86,1.11,1.35,1.56,1.75,1.95,2.15,2.36,2.55,2.72,2.87,3.01,3.13,3.26,3.40,3.54,3.67,3.79,3.90,4.00,4.09,4.20,4.30,4.40,4.50,4.60,4.69,4.78,4.85,4.94,5.02,5.10,5.18,5.26,5.34,5.43,5.50,5.58,5.66,5.74,5.82,5.90,5.98,6.05,6.13,6.20,6.28,6.35,6.43,6.50,6.57,6.64,6.71,6.77,6.84,6.91,6.98,7.05,7.11,7.18,7.24","2.63e-04,1.70e-08,8.96e-09,4.69e-09","4,4,4,4","3.27e-04; 6.54e-04; 9.81e-04; 1.31e-03; 1.64e-03; 1.96e-03; 2.29e-03; 2.62e-03; 2.94e-03; 3.27e-03; 3.60e-03; 3.93e-03; 4.25e-03; 4.58e-03; 4.91e-03; 5.23e-03; 5.56e-03; 5.89e-03; 6.21e-03; 6.54e-03; 6.87e-03; 7.20e-03; 7.45e-03,7.62e-05; 7.30e-03,5.53e-04; 7.40e-03,7.76e-04; 7.63e-03,8.72e-04; 7.90e-03,9.29e-04; 8.18e-03,9.83e-04; 8.92e-03,5.63e-04; 9.09e-03,7.20e-04; 9.17e-03,9.72e-04; 9.34e-03,1.13e-03; 9.48e-03,1.31e-03,1.03e-05; 9.51e-03,1.15e-03,4.56e-04; 9.44e-03,2.01e-03; 9.44e-03,2.34e-03; 9.96e-03,1.79e-03,3.57e-04; 9.56e-03,2.49e-03,3.87e-04; 9.66e-03,2.55e-03,5.49e-04; 9.66e-03,2.68e-03,7.41e-04; 9.78e-03,2.75e-03,8.80e-04; 9.86e-03,2.79e-03,1.08e-03; 9.96e-03,2.81e-03,1.29e-03; 1.06e-02,2.94e-03,8.21e-04; 1.03e-02,2.76e-03,1.70e-03; 1.08e-02,3.14e-03,1.09e-03; 1.09e-02,3.32e-03,1.15e-03; 1.07e-02,2.61e-03,2.42e-03; 1.08e-02,2.71e-03,2.53e-03; 1.11e-02,3.54e-03,1.72e-03; 1.10e-02,3.12e-03,2.52e-03; 1.14e-02,3.93e-03,1.67e-03; 1.13e-02,3.50e-03,2.53e-03; 1.16e-02,4.24e-03,1.78e-03; 1.15e-02,3.79e-03,2.70e-03; 1.18e-02,4.56e-03,1.99e-03; 1.19e-02,4.66e-03,2.11e-03; 1.18e-02,4.20e-03,2.99e-03; 1.22e-02,5.04e-03,2.08e-03; 1.23e-02,5.25e-03,2.04e-03; 1.22e-02,4.79e-03,2.95e-03; 1.26e-02,5.54e-03,2.17e-03; 1.24e-02,5.04e-03,3.17e-03; 1.27e-02,5.83e-03,2.39e-03","33,33,33,33,33,33,33,33,33,33,33,33,33,33,33,33,33,33,33,33,33,33,33,33,33,33,33,33,33,33,33,33,33,33,33,33,33,33,33,33,33,33,33,33,33,33,33,33,33,33,33,33,33,33,33,33,33,33,33,33,33,33,33,33"
1293,0.22,0.12,"0.00,0.00,0.01,0.02,0.02,0.03,0.04,0.05,0.06,0.07,0.09,0.11,0.12,0.14,0.16,0.17,0.19,0.21,0.23,0.26,0.28,0.30,0.32,0.34,0.36,0.39,0.42,0.44,0.47,0.50,0.52,0.54,0.56,0.59,0.62,0.65,0.67,0.70,0.72,0.74,0.76,0.79,0.82,0.85,0.88,0.90,0.92,0.94,0.97,0.99,1.02,1.05,1.07,1.10,1.12,1.14,1.16,1.19,1.21,1.24,1.27,1.29,1.31,1.33","1.06e-05,7.89e-10,2.74e-10,1.16e-10","5,5,5,5",1.32e-05; 2.64e-05; 3.96e-05; 5.28e-05; 6.60e-05; 7.92e-05; 9.24e-05; 1.06e-04; 1.19e-04; 1.32e-04; 1.45e-04; 1.58e-04; 1.72e-04; 1.85e-04; 1.98e-04; 2.11e-04; 2.24e-04; 2.38e-04; 2.51e-04; 2.64e-04; 2.77e-04; 2.90e-04; 3.04e-04; 3.17e-04; 3.30e-04; 3.43e-04; 3.56e-04; 3.70e-04; 3.83e-04; 3.96e-04; 4.09e-04; 4.22e-04; 4.36e-04; 4.49e-04; 4.62e-04; 4.75e-04; 4.88e-04; 5.02e-04; 5.15e-04; 5.28e-04; 5.41e-04; 5.54e-04; 5.68e-04; 5.81e-04; 5.94e-04; 6.07e-04; 6.20e-04; 6.34e-04; 6.47e-04; 6.60e-04; 6.73e-04; 6.86e-04; 7.00e-04; 7.13e-04; 7.26e-04; 7.39e-04; 7.52e-04; 7.66e-04; 7.79e-04; 7.92e-04; 8.05e-04; 8.18e-04; 8.32e-04; 8.45e-04,"40,40,40,40,40,40,40,40,40,40,40,40,40,40,40,40,40,40,40,40,40,40,40,40,40,40,40,40,40,40,40,40,40,40,40,40,40,40,40,40,40,40,40,40,40,40,40,40,40,40,40,40,40,40,40,40,40,40,40,40,40,40,40,40"
1294,1.47,1.35,"0.02,0.06,0.13,0.21,0.31,0.41,0.51,0.61,0.71,0.82,0.94,1.06,1.17,1.27,1.37,1.47,1.55,1.65,1.74,1.84,1.93,2.02,2.10,2.18,2.25,2.33,2.41,2.49,2.56,2.64,2.71,2.77,2.83,2.89,2.96,3.03,3.09,3.15,3.21,3.26,3.32,3.37,3.43,3.49,3.54,3.60,3.65,3.69,3.74,3.79,3.84,3.89,3.94,3.98,4.03,4.07,4.11,4.15,4.20,4.24,4.28,4.33,4.37,4.40","1.42e-04,1.27e-08,3.86e-09,3.74e-09","5,5,5,5","1.76e-04; 3.51e-04; 5.27e-04; 7.03e-04; 8.79e-04; 1.05e-03; 1.23e-03; 1.41e-03; 1.58e-03; 1.76e-03; 1.93e-03; 2.11e-03; 2.28e-03; 2.46e-03; 2.64e-03; 2.81e-03; 2.99e-03; 3.16e-03; 3.34e-03; 3.51e-03; 3.69e-03; 3.87e-03; 4.04e-03; 4.22e-03; 4.39e-03; 4.57e-03; 4.74e-03; 4.92e-03; 5.10e-03; 5.27e-03; 5.45e-03; 5.62e-03; 5.80e-03; 5.97e-03; 6.15e-03; 6.33e-03; 6.50e-03; 6.68e-03; 6.85e-03; 7.03e-03; 7.20e-03; 7.38e-03; 7.56e-03; 7.73e-03; 7.91e-03; 8.08e-03; 8.26e-03; 8.43e-03; 8.61e-03; 8.79e-03; 8.96e-03; 9.14e-03; 9.31e-03; 9.49e-03; 9.66e-03; 9.84e-03; 1.00e-02,2.67e-06; 1.02e-02; 1.04e-02; 1.05e-02; 1.07e-02; 1.09e-02; 1.11e-02,9.29e-06; 1.05e-02,7.61e-04","40,40,40,40,40,40,40,40,40,40,40,40,40,40,40,40,40,40,40,40,40,40,40,40,40,40,40,40,40,40,40,40,40,40,40,40,40,40,40,40,40,40,40,40,40,40,40,40,40,40,40,40,40,40,40,40,40,40,40,40,40,40,40,40"
1295,0.01,0.00,"0.00,0.00,0.00,0.00,0.00,0.00,0.00,0.00,0.00,0.00,0.00,0.00,0.00,0.00,0.00,0.01,0.01,0.01,0.01,0.01,0.01,0.01,0.01,0.01,0.01,0.01,0.01,0.02,0.02,0.02,0.02,0.02,0.02,0.02,0.02,0.03,0.03,0.03,0.03,0.03,0.03,0.03,0.04,0.04,0.04,0.04,0.04,0.04,0.05,0.05,0.05,0.05,0.05,0.05,0.06,0.06,0.06,0.06,0.06,0.07,0.07,0.07,0.07,0.07","2.40e-07,8.67e-12,5.42e-12,3.54e-12","8,8,8,8",; ; ; 1.19e-06; 1.49e-06; 1.79e-06; 2.09e-06; 2.39e-06; 2.68e-06; 2.98e-06; 3.28e-06; 3.58e-06; 3.88e-06; 4.17e-06; 4.47e-06; 4.77e-06; 5.07e-06; 5.37e-06; 5.66e-06; 5.96e-06; 6.26e-06; 6.56e-06; 6.86e-06; 7.16e-06; 7.45e-06; 7.75e-06; 8.05e-06; 8.35e-06; 8.65e-06; 8.94e-06; 9.24e-06; 9.54e-06; 9.84e-06; 1.01e-05; 1.04e-05; 1.07e-05; 1.10e-05; 1.13e-05; 1.16e-05; 1.19e-05; 1.22e-05; 1.25e-05; 1.28e-05; 1.31e-05; 1.34e-05; 1.37e-05; 1.40e-05; 1.43e-05; 1.46e-05; 1.49e-05; 1.52e-05; 1.55e-05; 1.58e-05; 1.61e-05; 1.64e-05; 1.67e-05; 1.70e-05; 1.73e-05; 1.76e-05; 1.79e-05; 1.82e-05; 1.85e-05; 1.88e-05; 1.91e-05,"47,47,47,47,47,47,47,47,47,47,47,47,47,47,47,47,47,47,47,47,47,47,47,47,47,47,47,47,47,47,47,47,47,47,47,47,47,47,47,47,47,47,47,47,47,47,47,47,47,47,47,47,47,47,47,47,47,47,47,47,47,47,47,47"
1296,2.91,2.76,"0.06,0.20,0.40,0.60,0.81,1.01,1.20,1.36,1.54,1.73,1.94,2.14,2.32,2.48,2.64,2.79,2.95,3.11,3.26,3.41,3.56,3.71,3.86,4.00,4.14,4.27,4.40,4.52,4.64,4.77,4.90,5.02,5.14,5.25,5.36,5.46,5.56,5.67,5.78,5.89,5.99,6.09,6.18,6.26,6.35,6.44,6.54,6.64,6.73,6.82,6.89,6.97,7.04,7.13,7.21,7.30,7.38,7.46,7.52,7.59,7.65,7.73,7.80,7.88","3.04e-04,2.16e-04,1.65e-08,1.04e-08","5,5,5,5","6.45e-04; 1.29e-03; 1.94e-03; 2.58e-03; 3.23e-03; 3.87e-03; 4.52e-03; 5.16e-03; 5.81e-03; 6.45e-03; 7.10e-03; 7.74e-03; 8.39e-03; 8.54e-03,4.90e-04; 8.54e-03,1.14e-03; 8.53e-03,1.79e-03; 8.60e-03,2.37e-03; 8.88e-03,2.74e-03; 9.33e-03,2.93e-03; 9.83e-03,3.08e-03; 1.02e-02,3.40e-03; 1.04e-02,3.77e-03; 1.06e-02,4.24e-03; 1.08e-02,4.74e-03; 1.09e-02,5.20e-03; 1.12e-02,5.56e-03; 1.16e-02,5.81e-03; 1.21e-02,6.02e-03; 1.24e-02,6.27e-03; 1.28e-02,6.61e-03; 1.30e-02,7.02e-03; 1.32e-02,7.46e-03; 1.34e-02,7.88e-03; 1.37e-02,8.22e-03; 1.41e-02,8.49e-03; 1.45e-02,8.73e-03; 1.49e-02,8.99e-03; 1.52e-02,9.32e-03; 1.55e-02,9.71e-03; 1.57e-02,1.01e-02; 1.59e-02,1.05e-02; 1.62e-02,1.09e-02; 1.66e-02,1.11e-02; 1.70e-02,1.14e-02; 1.74e-02,1.17e-02; 1.77e-02,1.20e-02; 1.80e-02,1.24e-02; 1.82e-02,1.28e-02; 1.85e-02,1.31e-02; 1.89e-02,1.34e-02; 1.92e-02,1.37e-02; 1.96e-02,1.40e-02; 1.99e-02,1.43e-02; 2.03e-02,1.46e-02; 2.06e-02,1.49e-02; 2.08e-02,1.53e-02; 2.11e-02,1.57e-02; 2.14e-02,1.60e-02; 2.17e-02,1.64e-02; 2.21e-02,1.66e-02; 2.24e-02,1.69e-02; 2.28e-02,1.72e-02; 2.30e-02,1.76e-02; 2.33e-02,1.80e-02","50,50,50,50,50,50,50,50,50,50,50,50,50,50,50,50,50,50,50,50,50,50,50,50,50,50,50,50,50,50,50,50,50,50,50,50,50,50,50,50,50,50,50,50,50,50,50,50,50,50,50,50,50,50,50,50,50,50,50,50,50,50,50,50"
1297,2.67,2.04,"0.07,0.25,0.47,0.70,0.90,1.07,1.21,1.33,1.51,1.72,1.94,2.13,2.30,2.45,2.59,2.72,2.87,3.02,3.17,3.32,3.45,3.58,3.70,3.81,3.93,4.05,4.17,4.29,4.40,4.50,4.60,4.70,4.80,4.90,5.00,5.10,5.19,5.28,5.37,5.46,5.55,5.64,5.72,5.80,5.88,5.97,6.05,6.12,6.20,6.28,6.36,6.43,6.50,6.57,6.65,6.71,6.79,6.86,6.93,6.99,7.06,7.12,7.19,7.26","3.05e-04,1.54e-04,1.61e-08,8.03e-09","1,1,1,1","5.70e-04; 1.14e-03; 1.71e-03; 2.28e-03; 2.85e-03; 3.42e-03; 3.99e-03; 4.17e-03,3.83e-04; 4.30e-03,8.23e-04; 4.91e-03,7.90e-04; 5.63e-03,6.40e-04; 6.20e-03,6.37e-04; 6.53e-03,8.78e-04; 6.62e-03,1.35e-03; 6.52e-03,2.02e-03; 6.50e-03,2.62e-03; 6.72e-03,2.96e-03; 7.15e-03,3.10e-03; 7.70e-03,3.13e-03; 8.21e-03,3.18e-03; 8.59e-03,3.37e-03; 8.80e-03,3.73e-03; 8.92e-03,4.18e-03; 9.01e-03,4.66e-03; 9.26e-03,4.98e-03; 9.64e-03,5.17e-03; 1.01e-02,5.26e-03; 1.06e-02,5.36e-03; 1.10e-02,5.56e-03; 1.12e-02,5.89e-03; 1.14e-02,6.30e-03; 1.15e-02,6.73e-03; 1.18e-02,7.05e-03; 1.21e-02,7.25e-03; 1.26e-02,7.38e-03; 1.30e-02,7.53e-03; 1.33e-02,7.75e-03; 1.36e-02,8.06e-03; 1.38e-02,8.46e-03; 1.39e-02,8.86e-03; 1.42e-02,9.17e-03; 1.45e-02,9.39e-03; 1.49e-02,9.55e-03; 1.53e-02,9.72e-03; 1.57e-02,9.95e-03; 1.59e-02,1.03e-02; 1.61e-02,1.07e-02; 1.63e-02,1.10e-02; 1.66e-02,1.13e-02; 1.69e-02,1.16e-02; 1.73e-02,1.18e-02; 1.77e-02,1.20e-02; 1.80e-02,1.22e-02; 1.82e-02,1.25e-02; 1.84e-02,1.29e-02; 1.86e-02,1.33e-02; 1.89e-02,1.36e-02; 1.92e-02,1.38e-02; 1.96e-02,1.40e-02; 2.00e-02,1.42e-02; 2.03e-02,1.45e-02; 2.05e-02,1.48e-02; 2.07e-02,1.52e-02; 2.09e-02,1.55e-02","33,33,33,33,33,33,33,33,33,33,33,33,33,33,33,33,33,33,33,33,33,33,33,33,33,33,33,33,33,33,33,33,33,33,33,33,33,33,33,33,33,33,33,33,33,33,33,33,33,33,33,33,33,33,33,33,33,33,33,33,33,33,33,33"
1298,1.33,1.34,"0.03,0.12,0.25,0.39,0.54,0.68,0.82,0.94,1.07,1.22,1.38,1.52,1.66,1.79,1.90,2.00,2.10,2.21,2.32,2.43,2.54,2.64,2.73,2.80,2.88,2.96,3.05,3.14,3.22,3.30,3.38,3.44,3.51,3.58,3.65,3.72,3.79,3.86,3.92,3.98,4.04,4.09,4.15,4.21,4.27,4.33,4.39,4.44,4.49,4.54,4.59,4.64,4.69,4.74,4.79,4.84,4.88,4.93,4.97,5.02,5.06,5.10,5.15,5.19","1.12e-04,8.48e-09,2.85e-09,1.74e-09","4,4,4,4","1.39e-04; 2.77e-04; 4.16e-04; 5.55e-04; 6.93e-04; 8.32e-04; 9.71e-04; 1.11e-03; 1.25e-03; 1.39e-03; 1.53e-03; 1.66e-03; 1.80e-03; 1.94e-03; 2.08e-03; 2.22e-03; 2.36e-03; 2.50e-03; 2.64e-03; 2.77e-03; 2.91e-03; 3.05e-03; 3.19e-03; 3.33e-03; 3.47e-03; 3.58e-03,2.81e-05; 3.72e-03,2.91e-05; 3.86e-03,1.92e-05; 4.00e-03,1.72e-05; 4.13e-03,2.92e-05; 4.23e-03,6.66e-05; 4.31e-03,1.31e-04; 4.16e-03,4.15e-04; 4.24e-03,4.73e-04; 4.36e-03,4.95e-04; 4.49e-03,5.05e-04; 4.61e-03,5.22e-04; 4.71e-03,5.61e-04; 5.05e-03,3.61e-04; 5.10e-03,4.51e-04; 5.15e-03,5.41e-04; 5.24e-03,5.81e-04; 5.38e-03,5.81e-04; 5.54e-03,5.66e-04; 5.69e-03,5.47e-04; 5.56e-03,8.17e-04; 5.65e-03,8.66e-04; 5.97e-03,6.88e-04; 6.02e-03,7.79e-04; 6.11e-03,8.20e-04; 6.26e-03,8.14e-04; 6.14e-03,1.07e-03; 6.25e-03,1.10e-03; 6.36e-03,1.13e-03; 6.46e-03,1.17e-03; 6.54e-03,1.22e-03; 6.62e-03,1.28e-03; 6.72e-03,1.32e-03; 6.84e-03,1.35e-03; 6.96e-03,1.36e-03; 7.07e-03,1.39e-03; 7.18e-03,1.42e-03; 7.28e-03,1.45e-03; 7.37e-03,1.50e-03","49,49,49,49,49,49,49,49,49,49,49,49,49,49,49,49,49,49,49,49,49,49,49,49,49,49,49,49,49,49,49,49,49,49,49,49,49,49,49,49,49,49,49,49,49,49,49,49,49,49,49,49,49,49,49,49,49,49,49,49,49,49,49,49"
1299,0.86,0.47,"0.00,0.02,0.04,0.07,0.10,0.13,0.17,0.20,0.23,0.25,0.28,0.31,0.34,0.37,0.40,0.43,0.47,0.53,0.58,0.64,0.69,0.74,0.78,0.82,0.85,0.88,0.93,0.97,1.02,1.07,1.11,1.15,1.18,1.21,1.24,1.27,1.29,1.32,1.35,1.37,1.42,1.47,1.53,1.58,1.63,1.68,1.71,1.74,1.77,1.79,1.82,1.84,1.87,1.90,1.93,1.96,1.99,2.02,2.06,2.09,2.13,2.16,2.20,2.23","6.48e-05,5.20e-09,3.04e-09,9.04e-10","1,8,8,1","8.04e-05; 1.61e-04; 2.41e-04; 3.22e-04; 4.02e-04; 4.83e-04; 5.63e-04; 6.43e-04; 7.24e-04; 8.04e-04; 8.85e-04; 9.65e-04; 1.05e-03; 1.13e-03; 1.21e-03; 1.29e-03; 1.37e-03; 1.45e-03; 1.53e-03; 1.61e-03; 1.69e-03; 1.77e-03; 1.85e-03; 1.93e-03; 2.01e-03; 2.09e-03; 2.17e-03; 2.25e-03; 2.33e-03; 2.41e-03; 2.49e-03; 2.57e-03; 2.65e-03; 2.73e-03; 2.81e-03; 2.90e-03; 2.98e-03; 3.06e-03; 3.14e-03; 3.22e-03; 3.30e-03; 3.38e-03; 3.46e-03; 3.54e-03; 3.62e-03; 3.70e-03; 3.78e-03; 3.86e-03; 3.94e-03; 4.02e-03; 4.04e-03,5.85e-05; 4.01e-03,1.68e-04; 4.02e-03,2.45e-04; 4.05e-03,2.93e-04; 4.10e-03,3.21e-04; 4.17e-03,3.36e-04; 4.20e-03,3.88e-04; 4.18e-03,4.85e-04; 4.12e-03,6.24e-04; 4.04e-03,7.88e-04; 3.95e-03,9.54e-04; 3.87e-03,1.12e-03; 3.80e-03,1.26e-03; 3.76e-03,1.39e-03","50,50,50,50,50,50,50,50,1,1,1,1,1,1,50,50,50,50,50,50,50,50,50,50,50,50,50,50,50,50,50,50,1,1,1,1,1,1,1,1,50,50,50,50,50,50,50,50,1,1,50,50,50,50,50,50,50,50,50,50,50,50,50,50"
1300,4.08,3.43,"0.08,0.28,0.53,0.81,1.08,1.34,1.58,1.80,2.02,2.25,2.47,2.68,2.88,3.05,3.21,3.36,3.52,3.68,3.84,3.99,4.14,4.28,4.43,4.58,4.72,4.86,4.99,5.11,5.23,5.36,5.49,5.62,5.75,5.87,5.98,6.08,6.18,6.29,6.41,6.52,6.64,6.74,6.84,6.92,7.01,7.11,7.21,7.32,7.42,7.51,7.59,7.67,7.74,7.83,7.93,8.02,8.11,8.19,8.26,8.33,8.40,8.48,8.57,8.65","5.68e-04,3.99e-04,2.75e-08,1.43e-08","0,0,0,0","1.20e-03; 2.40e-03; 3.60e-03; 4.80e-03; 6.00e-03; 7.20e-03; 8.40e-03; 9.60e-03; 1.08e-02; 1.20e-02; 1.32e-02; 1.44e-02; 1.56e-02; 1.68e-02; 1.80e-02; 1.84e-02,7.59e-04; 1.86e-02,1.84e-03; 1.90e-02,2.56e-03; 1.98e-02,3.00e-03; 2.07e-02,3.35e-03; 2.14e-02,3.85e-03; 2.18e-02,4.64e-03; 2.17e-02,5.86e-03; 2.20e-02,6.81e-03; 2.23e-02,7.68e-03; 2.28e-02,8.37e-03; 2.35e-02,8.88e-03; 2.43e-02,9.34e-03; 2.49e-02,9.86e-03; 2.54e-02,1.06e-02; 2.58e-02,1.14e-02; 2.62e-02,1.22e-02; 2.66e-02,1.30e-02; 2.71e-02,1.37e-02; 2.78e-02,1.42e-02; 2.85e-02,1.47e-02; 2.92e-02,1.52e-02; 2.97e-02,1.59e-02; 3.01e-02,1.67e-02; 3.06e-02,1.74e-02; 3.10e-02,1.82e-02; 3.16e-02,1.88e-02; 3.22e-02,1.94e-02; 3.29e-02,1.99e-02; 3.36e-02,2.05e-02; 3.41e-02,2.11e-02; 3.46e-02,2.18e-02; 3.50e-02,2.26e-02; 3.55e-02,2.33e-02; 3.61e-02,2.39e-02; 3.67e-02,2.45e-02; 3.74e-02,2.50e-02; 3.80e-02,2.56e-02; 3.86e-02,2.63e-02; 3.90e-02,2.70e-02; 3.95e-02,2.77e-02; 4.00e-02,2.84e-02; 4.06e-02,2.90e-02; 4.12e-02,2.96e-02; 4.19e-02,3.01e-02; 4.25e-02,3.07e-02; 4.31e-02,3.14e-02; 4.36e-02,3.21e-02; 4.37e-02,3.24e-02,7.35e-04","32,32,32,32,32,32,32,32,32,32,32,32,32,32,32,32,32,32,32,32,32,32,32,32,32,32,32,32,32,32,32,32,32,32,32,32,32,32,32,32,32,32,32,32,32,32,32,32,32,32,32,32,32,32,32,32,32,32,32,32,32,32,32,32"
1301,0.00,0.00,"0.00,0.00,0.00,0.00,0.00,0.00,0.00,0.00,0.00,0.00,0.00,0.00,0.00,0.00,0.00,0.00,0.00,0.00,0.00,0.00,0.00,0.00,0.00,0.00,0.00,0.00,0.00,0.00,0.00,0.00,0.00,0.00,0.00,0.00,0.00,0.00,0.00,0.01,0.01,0.01,0.01,0.01,0.01,0.01,0.01,0.01,0.01,0.01,0.01,0.01,0.01,0.01,0.01,0.01,0.01,0.01,0.01,0.01,0.01,0.01,0.01,0.01,0.01,0.01","6.06e-08,4.15e-12,1.42e-12,1.22e-12","15,5,5,5",; ; ; ; ; ; ; ; ; ; ; ; ; 1.05e-06; 1.13e-06; 1.20e-06; 1.28e-06; 1.36e-06; 1.43e-06; 1.51e-06; 1.58e-06; 1.66e-06; 1.73e-06; 1.81e-06; 1.88e-06; 1.96e-06; 2.03e-06; 2.11e-06; 2.18e-06; 2.26e-06; 2.33e-06; 2.41e-06; 2.48e-06; 2.56e-06; 2.64e-06; 2.71e-06; 2.79e-06; 2.86e-06; 2.94e-06; 3.01e-06; 3.09e-06; 3.16e-06; 3.24e-06; 3.31e-06; 3.39e-06; 3.46e-06; 3.54e-06; 3.61e-06; 3.69e-06; 3.76e-06; 3.84e-06; 3.92e-06; 3.99e-06; 4.07e-06; 4.14e-06; 4.22e-06; 4.29e-06; 4.37e-06; 4.44e-06; 4.52e-06; 4.59e-06; 4.67e-06; 4.74e-06; 4.82e-06,"40,40,40,40,40,40,40,40,40,40,40,40,40,40,40,40,40,40,40,40,40,40,40,40,40,40,40,40,40,40,40,40,40,40,40,40,40,40,40,40,40,40,40,40,40,40,40,40,40,40,40,40,40,40,40,40,40,40,40,40,40,40,40,40"
1302,2.11,2.22,"0.04,0.14,0.29,0.44,0.60,0.76,0.90,1.03,1.17,1.34,1.50,1.65,1.80,1.92,2.04,2.13,2.24,2.36,2.48,2.60,2.71,2.81,2.89,2.97,3.05,3.14,3.24,3.33,3.42,3.50,3.57,3.64,3.71,3.79,3.86,3.94,4.01,4.08,4.14,4.20,4.27,4.33,4.40,4.46,4.52,4.58,4.64,4.70,4.75,4.81,4.87,4.92,4.98,5.03,5.08,5.13,5.18,5.23,5.28,5.33,5.38,5.43,5.47,5.52","2.85e-04,1.99e-08,9.66e-09,6.13e-09","0,0,0,0","3.53e-04; 7.07e-04; 1.06e-03; 1.41e-03; 1.77e-03; 2.12e-03; 2.47e-03; 2.83e-03; 3.18e-03; 3.53e-03; 3.89e-03; 4.24e-03; 4.59e-03; 4.95e-03; 5.30e-03; 5.65e-03; 6.01e-03; 6.36e-03; 6.71e-03; 7.07e-03; 7.42e-03; 7.77e-03; 8.13e-03; 8.48e-03; 8.76e-03,7.79e-05; 9.05e-03,1.38e-04; 9.41e-03,1.33e-04; 9.78e-03,1.13e-04; 1.01e-02,1.20e-04; 1.04e-02,1.88e-04; 1.06e-02,3.25e-04; 1.02e-02,1.08e-03; 1.04e-02,1.30e-03; 1.06e-02,1.41e-03; 1.09e-02,1.47e-03; 1.12e-02,1.51e-03; 1.15e-02,1.58e-03; 1.23e-02,1.15e-03; 1.24e-02,1.35e-03; 1.20e-02,2.14e-03; 1.22e-02,2.33e-03; 1.29e-02,1.92e-03; 1.33e-02,1.94e-03; 1.36e-02,1.93e-03; 1.40e-02,1.95e-03; 1.42e-02,2.07e-03; 1.43e-02,2.27e-03; 1.44e-02,2.56e-03; 1.46e-02,2.74e-03; 1.48e-02,2.83e-03; 1.52e-02,2.86e-03; 1.55e-02,2.86e-03; 1.58e-02,2.91e-03; 1.61e-02,3.02e-03; 1.62e-02,3.23e-03; 1.63e-02,3.51e-03; 1.65e-02,3.69e-03; 1.67e-02,3.78e-03; 1.70e-02,3.82e-03; 1.74e-02,3.84e-03; 1.77e-02,3.89e-03; 1.79e-02,4.02e-03; 1.80e-02,4.22e-03; 1.76e-02,5.06e-03","40,40,40,40,40,40,40,40,40,40,40,40,40,40,40,40,40,40,40,40,40,40,40,40,40,40,40,40,40,40,40,40,40,40,40,40,40,40,40,40,40,40,40,40,40,40,40,40,40,40,40,40,40,40,40,40,40,40,40,40,40,40,40,40"
1303,2.10,1.83,"0.05,0.20,0.38,0.58,0.78,0.97,1.15,1.32,1.47,1.64,1.82,2.00,2.16,2.31,2.44,2.56,2.67,2.79,2.92,3.05,3.17,3.28,3.39,3.49,3.58,3.68,3.78,3.88,3.98,4.07,4.16,4.25,4.33,4.41,4.49,4.58,4.65,4.73,4.81,4.89,4.96,5.04,5.11,5.17,5.24,5.31,5.38,5.45,5.52,5.58,5.64,5.70,5.76,5.83,5.89,5.95,6.01,6.07,6.12,6.18,6.23,6.29,6.35,6.41","2.98e-04,3.22e-08,1.00e-08,4.96e-09","1,1,1,1","3.69e-04; 7.39e-04; 1.11e-03; 1.48e-03; 1.85e-03; 2.22e-03; 2.58e-03; 2.95e-03; 3.32e-03; 3.69e-03; 4.06e-03; 4.43e-03; 4.80e-03; 5.17e-03; 5.54e-03; 5.91e-03; 6.19e-03,8.76e-05; 6.44e-03,2.10e-04; 6.79e-03,2.24e-04; 7.18e-03,2.03e-04; 7.53e-03,2.25e-04; 7.80e-03,3.22e-04; 7.73e-03,7.60e-04; 7.80e-03,1.06e-03; 7.90e-03,1.33e-03; 8.12e-03,1.48e-03; 8.42e-03,1.55e-03; 8.75e-03,1.59e-03; 9.05e-03,1.66e-03; 9.29e-03,1.79e-03; 9.46e-03,1.99e-03; 9.58e-03,2.24e-03; 9.71e-03,2.47e-03; 9.93e-03,2.63e-03; 1.02e-02,2.71e-03; 1.05e-02,2.77e-03; 1.08e-02,2.85e-03; 1.11e-02,2.98e-03; 1.12e-02,3.17e-03; 1.13e-02,3.42e-03; 1.15e-02,3.64e-03; 1.17e-02,3.80e-03; 1.20e-02,3.89e-03; 1.23e-02,3.97e-03; 1.26e-02,4.06e-03; 1.28e-02,4.20e-03; 1.30e-02,4.39e-03; 1.31e-02,4.64e-03; 1.32e-02,4.87e-03; 1.34e-02,5.02e-03; 1.37e-02,5.13e-03; 1.40e-02,5.21e-03; 1.42e-02,5.32e-03; 1.45e-02,5.47e-03; 1.46e-02,5.67e-03; 1.48e-02,5.92e-03; 1.49e-02,6.15e-03; 1.51e-02,6.31e-03; 1.54e-02,6.42e-03; 1.56e-02,6.52e-03; 1.59e-02,6.64e-03; 1.61e-02,6.80e-03; 1.63e-02,7.01e-03; 1.64e-02,7.26e-03","32,32,32,32,32,32,32,32,32,32,32,32,32,32,32,32,32,32,32,32,32,32,32,32,32,32,32,32,32,32,32,32,32,32,32,32,32,32,32,32,32,32,32,32,32,32,32,32,32,32,32,32,32,32,32,32,32,32,32,32,32,32,32,32"
1304,0.01,0.01,"0.00,0.00,0.00,0.00,0.00,0.00,0.00,0.01,0.01,0.01,0.01,0.01,0.02,0.02,0.02,0.02,0.02,0.03,0.03,0.03,0.04,0.04,0.05,0.05,0.05,0.06,0.06,0.07,0.07,0.08,0.08,0.09,0.09,0.10,0.10,0.11,0.11,0.12,0.12,0.13,0.13,0.14,0.15,0.15,0.16,0.17,0.17,0.18,0.19,0.19,0.20,0.21,0.21,0.22,0.23,0.23,0.24,0.25,0.25,0.26,0.27,0.28,0.29,0.29","6.37e-07,5.28e-11,1.83e-11,1.04e-11","9,9,9,9",; 1.58e-06; 2.37e-06; 3.16e-06; 3.95e-06; 4.74e-06; 5.53e-06; 6.32e-06; 7.11e-06; 7.90e-06; 8.69e-06; 9.48e-06; 1.03e-05; 1.11e-05; 1.19e-05; 1.26e-05; 1.34e-05; 1.42e-05; 1.50e-05; 1.58e-05; 1.66e-05; 1.74e-05; 1.82e-05; 1.90e-05; 1.98e-05; 2.05e-05; 2.13e-05; 2.21e-05; 2.29e-05; 2.37e-05; 2.45e-05; 2.53e-05; 2.61e-05; 2.69e-05; 2.77e-05; 2.84e-05; 2.92e-05; 3.00e-05; 3.08e-05; 3.16e-05; 3.24e-05; 3.32e-05; 3.40e-05; 3.48e-05; 3.56e-05; 3.63e-05; 3.71e-05; 3.79e-05; 3.87e-05; 3.95e-05; 4.03e-05; 4.11e-05; 4.19e-05; 4.27e-05; 4.35e-05; 4.42e-05; 4.50e-05; 4.58e-05; 4.66e-05; 4.74e-05; 4.82e-05; 4.90e-05; 4.98e-05; 5.06e-05,"8,8,8,8,8,8,8,8,8,8,8,8,8,8,8,8,8,8,8,8,8,8,8,8,8,8,8,8,8,8,8,8,8,8,8,8,8,8,8,8,8,8,8,8,8,8,8,8,8,8,8,8,8,8,8,8,8,8,8,8,8,8,8,8"
1305,12.62,12.93,"4.45,6.23,7.26,8.23,9.07,9.84,10.52,11.11,11.67,12.14,12.54,12.89,13.24,13.60,13.97,14.31,14.64,14.94,15.18,15.41,15.63,15.86,16.11,16.34,16.58,16.80,16.98,17.14,17.30,17.47,17.66,17.84,18.03,18.20,18.34,18.47,18.59,18.73,18.87,19.02,19.18,19.32,19.44,19.55,19.65,19.76,19.88,20.01,20.13,20.25,20.36,20.45,20.54,20.63,20.73,20.84,20.95,21.05,21.15,21.23,21.30,21.38,21.47,21.57","1.56e-01,9.97e-02,7.78e-06,5.28e-06","1,1,1,1","3.18e-01; 6.35e-01; 7.74e-01,1.78e-01; 1.06e+00,2.14e-01; 1.16e+00,4.27e-01; 1.26e+00,6.50e-01; 1.37e+00,8.54e-01; 1.50e+00,1.05e+00; 1.64e+00,1.22e+00; 1.80e+00,1.37e+00; 1.99e+00,1.51e+00; 2.17e+00,1.64e+00; 2.34e+00,1.79e+00; 2.49e+00,1.96e+00; 2.63e+00,2.13e+00; 2.78e+00,2.31e+00; 2.92e+00,2.48e+00; 3.08e+00,2.64e+00; 3.25e+00,2.79e+00; 3.42e+00,2.93e+00; 3.59e+00,3.08e+00; 3.75e+00,3.24e+00; 3.90e+00,3.41e+00; 4.05e+00,3.57e+00; 4.20e+00,3.74e+00; 4.35e+00,3.91e+00; 4.52e+00,4.06e+00; 4.69e+00,4.21e+00; 4.85e+00,4.36e+00; 5.01e+00,4.52e+00; 5.17e+00,4.68e+00; 5.32e+00,4.85e+00; 5.47e+00,5.01e+00; 5.62e+00,5.18e+00; 5.79e+00,5.33e+00; 5.88e+00,5.41e+00,1.50e-01; 5.96e+00,5.48e+00,3.04e-01; 6.10e+00,5.62e+00,3.53e-01; 6.25e+00,5.78e+00,3.57e-01; 6.30e+00,5.83e+00,5.72e-01; 6.83e+00,6.19e+00; 6.99e+00,6.35e+00; 7.15e+00,6.51e+00; 7.33e+00,6.64e+00; 7.51e+00,6.78e+00; 7.68e+00,6.93e+00; 7.84e+00,7.09e+00; 8.01e+00,7.24e+00; 8.18e+00,7.38e+00; 8.34e+00,7.54e+00; 8.51e+00,7.69e+00; 8.68e+00,7.83e+00; 8.86e+00,7.97e+00; 9.03e+00,8.12e+00; 9.19e+00,8.28e+00; 9.36e+00,8.43e+00; 9.53e+00,8.57e+00; 9.69e+00,8.73e+00; 9.86e+00,8.89e+00; 1.00e+01,9.03e+00; 1.02e+01,9.17e+00; 1.04e+01,9.31e+00; 1.05e+01,9.47e+00; 1.07e+01,9.62e+00","24,24,24,24,24,24,24,24,24,24,24,24,24,24,24,24,24,24,24,24,24,24,24,24,24,24,24,24,24,24,24,24,24,24,24,24,24,24,24,24,24,24,24,24,24,24,24,24,24,24,24,24,24,24,24,24,24,24,24,24,24,24,24,24"
1306,11.55,12.88,"4.21,6.00,7.10,7.85,8.61,9.29,9.92,10.53,11.07,11.50,11.87,12.20,12.52,12.85,13.19,13.55,13.89,14.18,14.42,14.62,14.83,15.04,15.27,15.52,15.78,15.99,16.17,16.33,16.48,16.63,16.81,16.99,17.20,17.37,17.52,17.64,17.76,17.88,18.02,18.17,18.34,18.49,18.61,18.72,18.82,18.92,19.03,19.15,19.30,19.43,19.53,19.63,19.71,19.80,19.89,19.99,20.12,20.24,20.33,20.41,20.49,20.56,20.64,20.73","1.39e-01,6.35e-02,7.19e-06,3.93e-06","0,0,0,0","2.52e-01; 5.04e-01; 7.55e-01; 8.21e-01,1.86e-01; 1.04e+00,2.23e-01; 1.15e+00,3.62e-01; 1.24e+00,5.21e-01; 1.32e+00,6.97e-01; 1.41e+00,8.53e-01; 1.54e+00,9.75e-01; 1.69e+00,1.08e+00; 1.84e+00,1.18e+00; 1.98e+00,1.29e+00; 2.11e+00,1.42e+00; 2.22e+00,1.56e+00; 2.33e+00,1.70e+00; 2.43e+00,1.85e+00; 2.55e+00,1.98e+00; 2.68e+00,2.10e+00; 2.82e+00,2.21e+00; 2.96e+00,2.33e+00; 3.09e+00,2.45e+00; 3.21e+00,2.58e+00; 3.33e+00,2.72e+00; 3.44e+00,2.86e+00; 3.56e+00,2.99e+00; 3.69e+00,3.11e+00; 3.82e+00,3.23e+00; 3.96e+00,3.35e+00; 4.09e+00,3.47e+00; 4.21e+00,3.60e+00; 4.33e+00,3.73e+00; 4.44e+00,3.87e+00; 4.56e+00,4.00e+00; 4.69e+00,4.12e+00; 4.82e+00,4.24e+00; 4.95e+00,4.36e+00; 5.09e+00,4.48e+00; 5.21e+00,4.61e+00; 5.33e+00,4.74e+00; 5.45e+00,4.88e+00; 5.57e+00,5.01e+00; 5.69e+00,5.14e+00; 5.82e+00,5.26e+00; 5.96e+00,5.38e+00; 6.09e+00,5.50e+00; 6.21e+00,5.62e+00; 6.33e+00,5.75e+00; 6.45e+00,5.89e+00; 6.57e+00,6.02e+00; 6.70e+00,6.15e+00; 6.82e+00,6.27e+00; 6.96e+00,6.39e+00; 7.08e+00,6.51e+00; 7.21e+00,6.64e+00; 7.34e+00,6.77e+00; 7.45e+00,6.90e+00; 7.57e+00,7.03e+00; 7.70e+00,7.16e+00; 7.82e+00,7.28e+00; 7.95e+00,7.41e+00; 8.08e+00,7.53e+00; 8.21e+00,7.65e+00; 8.33e+00,7.78e+00","25,25,25,25,25,25,25,25,25,25,25,25,25,25,25,25,25,25,25,25,25,25,25,25,25,25,25,25,25,25,25,25,25,25,25,25,25,25,25,25,25,25,25,25,25,25,25,25,25,25,25,25,25,25,25,25,25,25,25,25,25,25,25,25"
1307,5.35,4.79,"0.35,0.94,1.48,1.93,2.31,2.63,2.91,3.15,3.42,3.69,3.94,4.16,4.37,4.57,4.75,4.92,5.09,5.25,5.41,5.55,5.69,5.82,5.95,6.08,6.20,6.32,6.43,6.54,6.64,6.74,6.84,6.94,7.04,7.14,7.22,7.31,7.39,7.47,7.56,7.64,7.73,7.80,7.88,7.95,8.02,8.09,8.16,8.23,8.31,8.38,8.44,8.50,8.56,8.62,8.69,8.75,8.82,8.88,8.94,8.99,9.04,9.10,9.15,9.21","3.48e-03,1.53e-07,6.62e-08,4.83e-08","5,5,5,5","4.31e-03; 8.62e-03; 1.29e-02; 1.72e-02; 2.16e-02; 2.59e-02; 3.02e-02; 3.26e-02,1.86e-03; 3.31e-02,5.75e-03; 3.63e-02,6.80e-03; 4.02e-02,7.19e-03; 4.62e-02,5.57e-03; 5.03e-02,5.78e-03; 5.33e-02,7.03e-03; 5.52e-02,9.44e-03; 5.46e-02,1.44e-02; 5.68e-02,1.65e-02; 5.98e-02,1.78e-02; 6.34e-02,1.86e-02; 6.94e-02,1.68e-02; 7.35e-02,1.71e-02; 7.67e-02,1.81e-02; 7.90e-02,2.01e-02; 7.85e-02,2.50e-02; 8.07e-02,2.71e-02; 8.35e-02,2.86e-02; 8.69e-02,2.95e-02; 9.05e-02,3.03e-02; 9.39e-02,3.11e-02; 9.70e-02,3.23e-02; 9.97e-02,3.40e-02; 1.02e-01,3.63e-02; 1.04e-01,3.85e-02; 1.06e-01,4.01e-02; 1.10e-01,4.12e-02; 1.13e-01,4.21e-02; 1.17e-01,4.30e-02; 1.20e-01,4.43e-02; 1.22e-01,4.60e-02; 1.24e-01,4.84e-02; 1.26e-01,5.09e-02; 1.28e-01,5.26e-02; 1.32e-01,5.39e-02; 1.35e-01,5.48e-02; 1.38e-01,5.58e-02; 1.41e-01,5.72e-02; 1.44e-01,5.91e-02; 1.45e-01,6.16e-02; 1.47e-01,6.41e-02; 1.50e-01,6.60e-02; 1.53e-01,6.74e-02; 1.56e-01,6.85e-02; 1.59e-01,6.96e-02; 1.62e-01,7.11e-02; 1.64e-01,7.30e-02; 1.66e-01,7.56e-02; 1.68e-01,7.82e-02; 1.70e-01,8.02e-02; 1.73e-01,8.17e-02; 1.76e-01,8.29e-02; 1.79e-01,8.41e-02; 1.82e-01,8.56e-02; 1.84e-01,8.76e-02; 1.86e-01,9.03e-02","25,25,25,25,25,25,25,25,25,25,25,25,25,25,25,25,25,25,25,25,25,25,25,25,25,25,25,25,25,25,25,25,25,25,25,25,25,25,25,25,25,25,25,25,25,25,25,25,25,25,25,25,25,25,25,25,25,25,25,25,25,25,25,25"
1308,5.39,5.77,"0.44,1.11,1.70,2.18,2.58,2.93,3.23,3.49,3.77,4.05,4.30,4.53,4.74,4.94,5.13,5.32,5.49,5.66,5.82,5.97,6.11,6.25,6.39,6.52,6.65,6.78,6.90,7.00,7.10,7.20,7.30,7.41,7.50,7.60,7.68,7.76,7.84,7.91,7.99,8.08,8.16,8.24,8.31,8.35,8.38,8.51,8.59,8.70,8.79,8.89,9.00,9.10,9.19,9.28,9.36,9.45,9.53,9.60,9.68,9.75,9.82,9.89,9.96,10.03","3.62e-03,2.41e-07,8.10e-08,5.97e-08","0,0,0,0","4.50e-03; 9.00e-03; 1.35e-02; 1.80e-02; 2.25e-02; 2.70e-02; 3.15e-02; 3.49e-02,1.09e-03; 3.55e-02,4.96e-03; 3.88e-02,6.18e-03; 4.52e-02,4.33e-03; 4.74e-02,6.59e-03; 5.07e-02,7.73e-03; 5.40e-02,9.03e-03; 5.67e-02,1.08e-02; 6.01e-02,1.19e-02; 6.25e-02,1.39e-02; 6.57e-02,1.52e-02; 6.96e-02,1.59e-02; 7.38e-02,1.62e-02; 7.79e-02,1.66e-02; 8.13e-02,1.77e-02; 8.38e-02,1.97e-02; 8.55e-02,2.25e-02; 8.75e-02,2.49e-02; 9.02e-02,2.68e-02; 9.35e-02,2.80e-02; 9.72e-02,2.87e-02; 1.01e-01,2.91e-02; 1.05e-01,2.99e-02; 1.08e-01,3.13e-02; 1.10e-01,3.37e-02; 1.12e-01,3.60e-02; 1.12e-01,4.10e-02; 1.15e-01,4.22e-02; 1.19e-01,4.31e-02; 1.26e-01,4.02e-02; 1.30e-01,4.08e-02; 1.30e-01,3.84e-02,7.21e-03; 1.28e-01,3.99e-02,1.23e-02; 1.28e-01,3.90e-02,1.74e-02; 1.30e-01,3.92e-02,2.00e-02; 1.33e-01,4.71e-02,1.36e-02; 1.35e-01,4.94e-02,1.32e-02; 1.37e-01,6.57e-02; 1.36e-01,4.76e-02,2.32e-02; 1.33e-01,5.71e-02,2.10e-02; 1.33e-01,5.51e-02,2.74e-02; 1.33e-01,5.55e-02,3.19e-02; 1.33e-01,5.62e-02,3.61e-02; 1.36e-01,6.02e-02,3.29e-02; 1.35e-01,5.22e-02,4.63e-02; 1.37e-01,5.52e-02,4.66e-02; 1.38e-01,5.79e-02,4.70e-02; 1.39e-01,6.07e-02,4.74e-02; 1.42e-01,7.07e-02,3.92e-02; 1.43e-01,7.28e-02,4.04e-02; 1.45e-01,7.47e-02,4.14e-02; 1.47e-01,7.70e-02,4.18e-02; 1.49e-01,7.93e-02,4.17e-02; 1.51e-01,8.18e-02,4.15e-02; 1.53e-01,8.40e-02,4.18e-02; 1.55e-01,8.57e-02,4.30e-02; 1.56e-01,8.69e-02,4.53e-02","17,17,17,17,17,17,17,17,17,17,17,17,17,17,17,17,17,17,17,17,17,17,17,17,17,17,17,17,17,17,17,17,17,17,17,17,17,17,17,17,17,17,17,39,17,17,17,17,17,17,17,17,17,17,17,17,17,17,17,17,17,17,17,17"
1309,2.44,2.60,"0.08,0.26,0.50,0.74,0.97,1.18,1.36,1.53,1.68,1.86,2.04,2.21,2.37,2.51,2.64,2.76,2.86,2.98,3.10,3.24,3.37,3.51,3.64,3.76,3.87,4.00,4.12,4.20,4.27,4.39,4.51,4.58,4.68,4.79,4.90,5.01,5.12,5.23,5.33,5.42,5.51,5.61,5.72,5.82,5.92,6.02,6.11,6.20,6.28,6.36,6.44,6.53,6.61,6.69,6.77,6.85,6.91,6.99,7.06,7.14,7.22,7.30,7.37,7.44","3.64e-04,3.02e-08,1.20e-08,9.48e-09","0,0,0,0","4.52e-04; 9.04e-04; 1.36e-03; 1.81e-03; 2.26e-03; 2.71e-03; 3.16e-03; 3.62e-03; 4.07e-03; 4.52e-03; 4.97e-03,1.39e-06; 5.43e-03; 5.88e-03; 6.20e-03,1.33e-04; 6.32e-03,4.64e-04; 6.20e-03,1.04e-03; 6.40e-03,1.29e-03; 6.63e-03,1.51e-03; 6.68e-03,1.57e-03,3.36e-04; 6.73e-03,1.30e-03,1.01e-03; 6.85e-03,1.60e-03,1.05e-03; 6.96e-03,1.76e-03,1.23e-03; 7.02e-03,2.50e-03,8.87e-04; 6.99e-03,2.65e-03,1.21e-03; 7.06e-03,2.42e-03,1.82e-03; 7.18e-03,3.06e-03,1.52e-03; 7.39e-03,3.23e-03,1.59e-03; 7.64e-03,3.42e-03,1.61e-03; 7.85e-03,3.60e-03,1.67e-03; 8.02e-03,3.88e-03,1.66e-03; 8.12e-03,4.04e-03,1.85e-03; 8.27e-03,3.74e-03,2.46e-03; 8.37e-03,3.97e-03,2.58e-03; 8.49e-03,4.22e-03,2.66e-03; 8.66e-03,4.49e-03,2.67e-03; 8.86e-03,4.76e-03,2.66e-03; 9.05e-03,5.00e-03,2.68e-03; 9.25e-03,5.80e-03,2.13e-03; 9.31e-03,5.46e-03,2.86e-03; 9.37e-03,5.71e-03,3.01e-03; 9.46e-03,5.96e-03,3.11e-03; 9.59e-03,6.24e-03,3.16e-03; 9.76e-03,6.51e-03,3.18e-03; 9.96e-03,6.76e-03,3.18e-03; 1.02e-02,6.99e-03,3.20e-03; 1.03e-02,7.23e-03,3.25e-03; 1.04e-02,7.48e-03,3.33e-03; 1.05e-02,8.12e-03,3.07e-03; 1.06e-02,8.30e-03,3.24e-03; 1.07e-02,7.95e-03,3.93e-03; 1.09e-02,8.18e-03,3.98e-03; 1.11e-02,8.40e-03,4.00e-03; 1.13e-02,8.62e-03,4.02e-03; 1.16e-02,9.53e-03,3.31e-03; 1.17e-02,9.77e-03,3.37e-03; 1.17e-02,9.29e-03,4.29e-03; 1.19e-02,9.52e-03,4.40e-03; 1.20e-02,9.75e-03,4.48e-03; 1.22e-02,9.99e-03,4.53e-03; 1.24e-02,1.02e-02,4.55e-03; 1.26e-02,1.04e-02,4.58e-03; 1.27e-02,1.07e-02,4.65e-03; 1.29e-02,1.09e-02,4.75e-03; 1.30e-02,1.11e-02,4.88e-03","25,25,25,25,25,25,25,25,25,25,25,25,25,25,25,25,25,25,25,25,25,25,25,25,25,25,25,23,27,25,25,23,25,25,25,25,25,25,25,25,25,25,25,25,25,25,25,25,25,25,25,25,25,25,25,25,25,25,25,25,25,25,25,25"
1315,0.48,0.41,"0.01,0.02,0.04,0.07,0.10,0.14,0.17,0.21,0.25,0.31,0.37,0.43,0.48,0.54,0.59,0.64,0.69,0.75,0.81,0.88,0.94,0.99,1.04,1.09,1.14,1.19,1.25,1.31,1.37,1.42,1.47,1.51,1.55,1.60,1.66,1.71,1.76,1.81,1.85,1.89,1.93,1.97,2.02,2.07,2.12,2.16,2.20,2.23,2.27,2.31,2.35,2.40,2.44,2.48,2.51,2.54,2.58,2.62,2.66,2.70,2.73,2.77,2.80,2.84","2.60e-05,1.20e-09,6.71e-10,4.18e-10","5,5,5,5","3.23e-05; 6.46e-05; 9.69e-05; 1.29e-04; 1.62e-04; 1.94e-04; 2.26e-04; 2.59e-04; 2.91e-04; 3.23e-04; 3.55e-04; 3.88e-04; 4.20e-04; 4.52e-04; 4.85e-04; 5.17e-04; 5.49e-04; 5.82e-04; 6.14e-04; 6.46e-04; 6.79e-04; 7.11e-04; 7.43e-04; 7.76e-04; 8.08e-04; 8.40e-04; 8.72e-04; 9.05e-04; 9.37e-04; 9.69e-04; 1.00e-03; 1.03e-03; 1.07e-03; 1.10e-03; 1.13e-03; 1.16e-03; 1.20e-03; 1.23e-03; 1.26e-03; 1.29e-03; 1.32e-03; 1.36e-03; 1.39e-03; 1.42e-03; 1.45e-03; 1.49e-03; 1.52e-03; 1.55e-03; 1.58e-03; 1.62e-03; 1.65e-03; 1.68e-03; 1.71e-03; 1.74e-03,4.22e-06; 1.75e-03,2.22e-05; 1.76e-03,4.66e-05; 1.77e-03,7.18e-05; 1.79e-03,8.79e-05; 1.81e-03,9.31e-05; 1.85e-03,9.25e-05; 1.88e-03,9.41e-05; 1.90e-03,1.02e-04; 1.92e-03,1.20e-04; 1.93e-03,1.42e-04","32,32,32,32,32,32,32,32,32,32,32,32,32,32,32,32,32,32,32,32,32,32,32,32,32,32,32,32,32,32,32,32,32,32,32,32,32,32,32,32,32,32,32,32,32,32,32,32,32,32,32,32,32,32,32,32,32,32,32,32,32,32,32,32"
1316,0.85,0.81,"0.02,0.08,0.15,0.24,0.33,0.41,0.49,0.57,0.66,0.77,0.90,1.02,1.13,1.23,1.31,1.39,1.46,1.56,1.66,1.76,1.86,1.95,2.03,2.10,2.17,2.25,2.34,2.42,2.50,2.58,2.65,2.72,2.78,2.85,2.92,2.99,3.06,3.13,3.19,3.25,3.30,3.37,3.43,3.49,3.55,3.61,3.66,3.72,3.76,3.82,3.87,3.93,3.98,4.03,4.08,4.13,4.17,4.22,4.27,4.32,4.36,4.41,4.45,4.50","5.49e-05,2.62e-09,1.76e-09,1.25e-09","4,4,4,4","6.81e-05; 1.36e-04; 2.04e-04; 2.72e-04; 3.40e-04; 4.09e-04; 4.77e-04; 5.45e-04; 6.13e-04; 6.81e-04; 7.49e-04; 8.17e-04; 8.85e-04; 9.53e-04; 1.02e-03; 1.09e-03; 1.11e-03,4.78e-05; 1.13e-03,9.23e-05; 1.21e-03,8.71e-05; 1.30e-03,6.65e-05; 1.36e-03,6.81e-05; 1.39e-03,1.06e-04; 1.40e-03,1.65e-04; 1.41e-03,2.24e-04; 1.42e-03,2.87e-04; 1.44e-03,3.29e-04; 1.50e-03,3.37e-04; 1.56e-03,3.43e-04; 1.63e-03,3.45e-04; 1.67e-03,3.72e-04; 1.69e-03,4.19e-04; 1.71e-03,4.69e-04; 1.72e-03,5.22e-04; 1.75e-03,5.63e-04; 1.80e-03,5.79e-04; 1.87e-03,5.77e-04; 1.94e-03,5.79e-04; 1.99e-03,6.02e-04; 2.01e-03,6.43e-04; 2.04e-03,6.87e-04; 2.06e-03,7.34e-04; 2.08e-03,7.75e-04; 2.13e-03,7.94e-04; 2.20e-03,7.96e-04; 2.26e-03,8.00e-04; 2.31e-03,8.19e-04; 2.34e-03,8.56e-04; 2.37e-03,8.98e-04; 2.39e-03,9.43e-04; 2.42e-03,9.82e-04; 2.47e-03,1.00e-03; 2.53e-03,1.01e-03; 2.59e-03,1.01e-03; 2.64e-03,1.03e-03; 2.68e-03,1.07e-03; 2.71e-03,1.11e-03; 2.73e-03,1.15e-03; 2.76e-03,1.19e-03; 2.81e-03,1.21e-03; 2.87e-03,1.22e-03; 2.93e-03,1.23e-03; 2.98e-03,1.24e-03; 3.01e-03,1.28e-03; 3.04e-03,1.31e-03","24,24,24,24,24,24,24,24,24,24,24,24,24,24,24,24,24,24,24,24,24,24,24,24,24,24,24,24,24,24,24,24,24,24,24,24,24,24,24,24,24,24,24,24,24,24,24,24,24,24,24,24,24,24,24,24,24,24,24,24,24,24,24,24"
1317,0.63,0.62,"0.01,0.06,0.12,0.19,0.28,0.36,0.45,0.54,0.63,0.73,0.84,0.95,1.05,1.15,1.24,1.32,1.40,1.50,1.59,1.68,1.77,1.85,1.93,1.99,2.06,2.14,2.21,2.29,2.37,2.43,2.50,2.56,2.61,2.68,2.74,2.81,2.87,2.93,2.98,3.03,3.08,3.13,3.19,3.24,3.30,3.35,3.40,3.44,3.48,3.53,3.58,3.63,3.68,3.72,3.76,3.80,3.84,3.88,3.93,3.97,4.01,4.05,4.09,4.13","3.80e-05,2.46e-09,1.62e-09,8.52e-10","5,5,5,5","4.72e-05; 9.44e-05; 1.42e-04; 1.89e-04; 2.36e-04; 2.83e-04; 3.30e-04; 3.77e-04; 4.25e-04; 4.72e-04; 5.19e-04; 5.66e-04; 6.13e-04; 6.61e-04; 7.08e-04; 7.55e-04; 8.02e-04; 8.49e-04; 8.97e-04; 9.44e-04; 9.91e-04; 1.04e-03; 1.09e-03; 1.13e-03; 1.18e-03; 1.23e-03; 1.27e-03; 1.32e-03; 1.37e-03; 1.42e-03; 1.46e-03; 1.51e-03; 1.56e-03; 1.60e-03; 1.65e-03; 1.70e-03; 1.75e-03; 1.79e-03; 1.84e-03; 1.89e-03; 1.93e-03; 1.98e-03; 2.03e-03; 2.08e-03; 2.12e-03; 2.17e-03; 2.22e-03; 2.26e-03; 2.31e-03,1.80e-06; 2.35e-03,9.03e-06; 2.40e-03,1.13e-05; 2.44e-03,8.80e-06; 2.49e-03,8.49e-06; 2.53e-03,1.38e-05; 2.57e-03,2.32e-05; 2.60e-03,4.08e-05; 2.51e-03,1.81e-04; 2.53e-03,2.02e-04; 2.57e-03,2.16e-04; 2.61e-03,2.21e-04; 2.65e-03,2.28e-04; 2.68e-03,2.47e-04; 2.70e-03,2.76e-04; 2.86e-03,1.55e-04","24,24,24,24,24,24,24,24,24,24,24,24,24,24,24,24,24,24,24,24,24,24,24,24,24,24,24,24,24,24,24,24,24,24,24,24,24,24,24,24,24,24,24,24,24,24,24,24,24,24,24,24,24,24,24,24,24,24,24,24,24,24,24,24"
1318,0.10,0.09,"0.00,0.00,0.01,0.01,0.02,0.03,0.04,0.05,0.06,0.07,0.09,0.10,0.12,0.14,0.16,0.17,0.19,0.21,0.24,0.26,0.28,0.31,0.33,0.35,0.37,0.40,0.42,0.45,0.48,0.50,0.53,0.55,0.57,0.60,0.63,0.65,0.68,0.71,0.73,0.76,0.78,0.81,0.83,0.86,0.89,0.92,0.94,0.96,0.99,1.01,1.04,1.07,1.09,1.12,1.14,1.16,1.19,1.21,1.24,1.26,1.29,1.31,1.34,1.36","4.35e-06,3.55e-10,1.24e-10,7.53e-11","9,9,9,9",5.40e-06; 1.08e-05; 1.62e-05; 2.16e-05; 2.70e-05; 3.24e-05; 3.78e-05; 4.32e-05; 4.86e-05; 5.40e-05; 5.94e-05; 6.48e-05; 7.02e-05; 7.55e-05; 8.09e-05; 8.63e-05; 9.17e-05; 9.71e-05; 1.03e-04; 1.08e-04; 1.13e-04; 1.19e-04; 1.24e-04; 1.30e-04; 1.35e-04; 1.40e-04; 1.46e-04; 1.51e-04; 1.56e-04; 1.62e-04; 1.67e-04; 1.73e-04; 1.78e-04; 1.83e-04; 1.89e-04; 1.94e-04; 2.00e-04; 2.05e-04; 2.10e-04; 2.16e-04; 2.21e-04; 2.27e-04; 2.32e-04; 2.37e-04; 2.43e-04; 2.48e-04; 2.54e-04; 2.59e-04; 2.64e-04; 2.70e-04; 2.75e-04; 2.81e-04; 2.86e-04; 2.91e-04; 2.97e-04; 3.02e-04; 3.08e-04; 3.13e-04; 3.18e-04; 3.24e-04; 3.29e-04; 3.35e-04; 3.40e-04; 3.45e-04,"32,32,32,32,32,32,32,32,32,32,32,32,32,32,32,32,32,32,32,32,32,32,32,32,32,32,32,32,32,32,32,32,32,32,32,32,32,32,32,32,32,32,32,32,32,32,32,32,32,32,32,32,32,32,32,32,32,32,32,32,32,32,32,32"
1319,0.01,0.00,"0.00,0.00,0.00,0.00,0.00,0.00,0.00,0.00,0.00,0.00,0.00,0.00,0.01,0.01,0.01,0.01,0.01,0.01,0.01,0.01,0.01,0.02,0.02,0.02,0.02,0.02,0.02,0.02,0.03,0.03,0.03,0.03,0.03,0.04,0.04,0.04,0.04,0.05,0.05,0.05,0.05,0.05,0.06,0.06,0.06,0.06,0.07,0.07,0.07,0.07,0.08,0.08,0.08,0.09,0.09,0.09,0.10,0.10,0.10,0.10,0.11,0.11,0.12,0.12","3.23e-07,2.70e-11,1.10e-11,6.19e-12","9,9,9,9",; ; 1.20e-06; 1.61e-06; 2.01e-06; 2.41e-06; 2.81e-06; 3.21e-06; 3.61e-06; 4.01e-06; 4.41e-06; 4.82e-06; 5.22e-06; 5.62e-06; 6.02e-06; 6.42e-06; 6.82e-06; 7.22e-06; 7.63e-06; 8.03e-06; 8.43e-06; 8.83e-06; 9.23e-06; 9.63e-06; 1.00e-05; 1.04e-05; 1.08e-05; 1.12e-05; 1.16e-05; 1.20e-05; 1.24e-05; 1.28e-05; 1.32e-05; 1.36e-05; 1.40e-05; 1.44e-05; 1.48e-05; 1.53e-05; 1.57e-05; 1.61e-05; 1.65e-05; 1.69e-05; 1.73e-05; 1.77e-05; 1.81e-05; 1.85e-05; 1.89e-05; 1.93e-05; 1.97e-05; 2.01e-05; 2.05e-05; 2.09e-05; 2.13e-05; 2.17e-05; 2.21e-05; 2.25e-05; 2.29e-05; 2.33e-05; 2.37e-05; 2.41e-05; 2.45e-05; 2.49e-05; 2.53e-05; 2.57e-05,"25,25,25,25,25,25,25,25,25,25,25,25,25,25,25,25,25,25,25,25,25,25,25,25,25,25,25,25,25,25,25,25,25,25,25,25,25,25,25,25,25,25,25,25,25,25,25,25,25,25,25,25,25,25,25,25,25,25,25,25,25,25,25,25"
1320,0.01,0.00,"0.00,0.00,0.00,0.00,0.00,0.00,0.00,0.00,0.00,0.00,0.00,0.00,0.00,0.01,0.01,0.01,0.01,0.01,0.01,0.01,0.01,0.01,0.01,0.01,0.02,0.02,0.02,0.02,0.02,0.02,0.02,0.03,0.03,0.03,0.03,0.03,0.03,0.04,0.04,0.04,0.04,0.04,0.04,0.05,0.05,0.05,0.05,0.06,0.06,0.06,0.06,0.06,0.07,0.07,0.07,0.07,0.07,0.08,0.08,0.08,0.08,0.09,0.09,0.09","3.53e-07,2.61e-11,1.00e-11,5.23e-12","0,0,0,0",; ; 1.31e-06; 1.75e-06; 2.19e-06; 2.62e-06; 3.06e-06; 3.50e-06; 3.94e-06; 4.37e-06; 4.81e-06; 5.25e-06; 5.69e-06; 6.12e-06; 6.56e-06; 7.00e-06; 7.44e-06; 7.87e-06; 8.31e-06; 8.75e-06; 9.19e-06; 9.62e-06; 1.01e-05; 1.05e-05; 1.09e-05; 1.14e-05; 1.18e-05; 1.22e-05; 1.27e-05; 1.31e-05; 1.36e-05; 1.40e-05; 1.44e-05; 1.49e-05; 1.53e-05; 1.57e-05; 1.62e-05; 1.66e-05; 1.71e-05; 1.75e-05; 1.79e-05; 1.84e-05; 1.88e-05; 1.92e-05; 1.97e-05; 2.01e-05; 2.06e-05; 2.10e-05; 2.14e-05; 2.19e-05; 2.23e-05; 2.27e-05; 2.32e-05; 2.36e-05; 2.41e-05; 2.45e-05; 2.49e-05; 2.54e-05; 2.58e-05; 2.62e-05; 2.67e-05; 2.71e-05; 2.76e-05; 2.80e-05,"24,24,24,24,24,24,24,24,24,24,24,24,24,24,24,24,24,24,24,24,24,24,24,24,24,24,24,24,24,24,24,24,24,24,24,24,24,24,24,24,24,24,24,24,24,24,24,24,24,24,24,24,24,24,24,24,24,24,24,24,24,24,24,24"
1327,26.11,23.37,"6.24,9.38,12.01,13.66,15.07,16.17,17.09,17.99,18.72,19.37,20.05,20.71,21.25,21.75,22.23,22.71,23.16,23.56,23.93,24.31,24.67,24.98,25.31,25.64,25.96,26.26,26.54,26.80,27.06,27.30,27.54,27.79,28.05,28.31,28.55,28.77,29.00,29.22,29.46,29.70,29.93,30.16,30.39,30.60,30.80,31.01,31.22,31.42,31.63,31.84,32.05,32.23,32.42,32.60,32.78,32.96,33.14,33.32,33.51,33.68,33.85,34.01,34.17,34.34","9.22e-01,9.21e-01,5.39e-01,3.95e-01","15,4,15,4","3.45e+00; 4.37e+00,2.52e+00; 5.63e+00,4.71e+00; 7.41e+00,6.38e+00; 9.11e+00,8.12e+00; 1.10e+01,9.67e+00; 1.29e+01,1.12e+01; 1.27e+01,1.14e+01,3.45e+00; 1.43e+01,1.22e+01,4.42e+00; 1.50e+01,1.31e+01,6.34e+00; 1.64e+01,1.44e+01,7.10e+00; 1.78e+01,1.57e+01,7.82e+00; 1.92e+01,1.70e+01,8.59e+00; 2.06e+01,1.83e+01,9.36e+00; 2.18e+01,1.95e+01,1.04e+01; 2.29e+01,2.06e+01,1.16e+01; 2.39e+01,2.15e+01,1.31e+01; 2.50e+01,2.26e+01,1.44e+01; 2.63e+01,2.38e+01,1.54e+01; 2.76e+01,2.50e+01,1.63e+01; 2.88e+01,2.63e+01,1.73e+01; 3.01e+01,2.75e+01,1.83e+01; 3.11e+01,2.86e+01,1.95e+01; 3.22e+01,2.97e+01,2.08e+01; 3.31e+01,3.07e+01,2.23e+01; 3.42e+01,3.17e+01,2.37e+01; 3.54e+01,3.29e+01,2.47e+01; 3.66e+01,3.41e+01,2.58e+01; 3.78e+01,3.53e+01,2.68e+01; 3.90e+01,3.65e+01,2.79e+01; 4.00e+01,3.76e+01,2.90e+01,1.51e-01; 3.99e+01,3.75e+01,2.92e+01,3.61e+00; 4.17e+01,3.89e+01,2.94e+01,3.71e+00; 4.20e+01,3.91e+01,2.96e+01,6.49e+00; 4.25e+01,3.95e+01,2.97e+01,8.90e+00; 4.22e+01,3.94e+01,2.98e+01,1.27e+01; 4.30e+01,4.01e+01,2.97e+01,1.47e+01; 4.38e+01,4.08e+01,2.96e+01,1.67e+01; 4.46e+01,4.16e+01,2.99e+01,1.83e+01; 4.54e+01,4.23e+01,3.05e+01,1.97e+01; 4.61e+01,4.29e+01,3.14e+01,2.08e+01; 4.69e+01,4.36e+01,3.22e+01,2.21e+01; 4.77e+01,4.44e+01,3.28e+01,2.33e+01; 4.87e+01,4.53e+01,3.36e+01,2.40e+01; 4.95e+01,4.61e+01,3.39e+01,2.57e+01; 5.02e+01,4.68e+01,3.40e+01,2.74e+01; 5.10e+01,4.76e+01,3.43e+01,2.90e+01; 5.18e+01,4.83e+01,3.50e+01,3.03e+01; 5.26e+01,4.90e+01,3.60e+01,3.12e+01; 5.34e+01,4.98e+01,3.70e+01,3.21e+01; 5.42e+01,5.05e+01,3.80e+01,3.30e+01; 5.50e+01,5.13e+01,3.88e+01,3.40e+01; 5.58e+01,5.22e+01,3.94e+01,3.52e+01; 5.68e+01,5.30e+01,4.02e+01,3.61e+01; 5.75e+01,5.38e+01,4.05e+01,3.78e+01; 5.84e+01,5.46e+01,4.08e+01,3.93e+01; 5.92e+01,5.53e+01,4.21e+01,3.98e+01; 6.00e+01,5.61e+01,4.36e+01,4.02e+01; 6.08e+01,5.69e+01,4.50e+01,4.07e+01; 6.17e+01,5.78e+01,4.59e+01,4.14e+01; 6.25e+01,5.86e+01,4.69e+01,4.21e+01; 6.34e+01,5.94e+01,4.79e+01,4.30e+01; 6.42e+01,6.02e+01,4.86e+01,4.41e+01; 6.50e+01,6.09e+01,4.91e+01,4.55e+01","32,32,0,32,32,0,0,0,0,0,32,32,32,32,0,0,0,0,32,32,32,32,0,0,0,0,32,32,32,32,0,0,0,0,0,0,0,0,0,0,0,0,0,32,0,0,0,0,0,0,0,0,0,32,0,0,0,0,0,32,0,0,0,0"
1328,2.45,2.53,"0.09,0.30,0.55,0.80,1.03,1.24,1.44,1.62,1.80,2.00,2.20,2.38,2.55,2.71,2.84,2.96,3.08,3.22,3.35,3.48,3.61,3.72,3.83,3.93,4.02,4.12,4.23,4.33,4.42,4.52,4.60,4.68,4.76,4.84,4.92,5.00,5.08,5.16,5.23,5.29,5.36,5.43,5.49,5.56,5.63,5.69,5.75,5.80,5.86,5.92,5.98,6.04,6.09,6.15,6.20,6.25,6.30,6.35,6.40,6.45,6.50,6.55,6.59,6.64","3.38e-04,2.86e-08,1.31e-08,7.95e-09","4,4,4,4","4.19e-04; 8.39e-04; 1.26e-03; 1.68e-03; 2.10e-03; 2.52e-03; 2.94e-03; 3.36e-03; 3.77e-03; 4.19e-03; 4.61e-03; 5.03e-03; 5.45e-03; 5.87e-03; 6.29e-03; 6.56e-03,1.56e-04; 6.80e-03,3.31e-04; 7.16e-03,3.86e-04; 7.34e-03,6.32e-04; 7.74e-03,6.54e-04; 8.04e-03,7.66e-04; 8.26e-03,9.72e-04; 8.44e-03,1.21e-03; 8.62e-03,1.44e-03; 8.87e-03,1.61e-03; 9.19e-03,1.72e-03; 9.95e-03,1.37e-03; 1.04e-02,1.36e-03; 1.07e-02,1.43e-03; 1.10e-02,1.59e-03; 1.12e-02,1.80e-03; 1.14e-02,2.03e-03; 1.17e-02,2.17e-03; 1.20e-02,2.23e-03; 1.25e-02,2.22e-03; 1.29e-02,2.23e-03; 1.32e-02,2.30e-03; 1.35e-02,2.47e-03; 1.37e-02,2.68e-03; 1.39e-02,2.89e-03; 1.42e-02,3.02e-03; 1.45e-02,3.07e-03; 1.49e-02,3.09e-03; 1.53e-02,3.12e-03; 1.57e-02,3.21e-03; 1.59e-02,3.37e-03; 1.61e-02,3.57e-03; 1.64e-02,3.77e-03; 1.67e-02,3.89e-03; 1.70e-02,3.95e-03; 1.74e-02,3.97e-03; 1.78e-02,4.00e-03; 1.81e-02,4.11e-03; 1.84e-02,4.26e-03; 1.86e-02,4.44e-03; 1.89e-02,4.62e-03; 1.92e-02,4.75e-03; 1.95e-02,4.83e-03; 1.99e-02,4.86e-03; 2.02e-02,4.92e-03; 2.06e-02,4.99e-03; 2.09e-02,5.15e-03; 2.11e-02,5.33e-03; 2.13e-02,5.51e-03","41,41,41,41,41,41,41,41,41,41,41,41,41,41,41,41,41,41,41,41,41,41,41,41,41,41,41,41,41,41,41,41,41,41,41,41,41,41,41,41,41,41,41,41,41,41,41,41,41,41,41,41,41,41,41,41,41,41,41,41,41,41,41,41"
1329,2.28,1.91,"0.05,0.20,0.38,0.57,0.76,0.94,1.10,1.24,1.41,1.59,1.77,1.94,2.09,2.23,2.35,2.45,2.57,2.69,2.82,2.95,3.06,3.16,3.25,3.34,3.43,3.53,3.63,3.73,3.82,3.90,3.98,4.05,4.14,4.22,4.30,4.38,4.45,4.52,4.59,4.66,4.73,4.79,4.86,4.93,4.99,5.05,5.11,5.17,5.23,5.29,5.35,5.41,5.46,5.52,5.57,5.62,5.68,5.73,5.78,5.83,5.88,5.93,5.98,6.03","3.19e-04,1.89e-08,9.44e-09,7.67e-09","1,1,1,1","3.96e-04; 7.92e-04; 1.19e-03; 1.58e-03; 1.98e-03; 2.38e-03; 2.77e-03; 3.17e-03; 3.56e-03; 3.96e-03; 4.36e-03; 4.75e-03; 5.15e-03; 5.55e-03; 5.94e-03; 6.34e-03; 6.73e-03; 7.13e-03; 7.53e-03; 7.92e-03; 8.32e-03; 8.64e-03,7.75e-05; 8.83e-03,2.80e-04; 8.65e-03,8.58e-04; 8.81e-03,1.10e-03; 9.08e-03,1.22e-03; 9.43e-03,1.26e-03; 9.79e-03,1.30e-03; 1.01e-02,1.39e-03; 1.03e-02,1.56e-03; 1.05e-02,1.80e-03; 1.06e-02,2.05e-03; 1.08e-02,2.24e-03; 1.11e-02,2.35e-03; 1.15e-02,2.41e-03; 1.18e-02,2.47e-03; 1.26e-02,2.08e-03; 1.28e-02,2.25e-03; 1.30e-02,2.47e-03; 1.27e-02,3.15e-03; 1.29e-02,3.32e-03; 1.32e-02,3.43e-03; 1.40e-02,3.03e-03; 1.44e-02,3.04e-03; 1.47e-02,3.12e-03; 1.49e-02,3.28e-03; 1.51e-02,3.50e-03; 1.48e-02,4.23e-03; 1.50e-02,4.39e-03; 1.53e-02,4.50e-03; 1.61e-02,4.05e-03; 1.65e-02,4.09e-03; 1.68e-02,4.19e-03; 1.70e-02,4.35e-03; 1.72e-02,4.58e-03; 1.69e-02,5.33e-03; 1.71e-02,5.48e-03; 1.74e-02,5.59e-03; 1.77e-02,5.67e-03; 1.86e-02,5.20e-03; 1.89e-02,5.29e-03; 1.85e-02,6.03e-03; 1.87e-02,6.22e-03; 1.89e-02,6.44e-03","41,41,41,41,41,41,41,41,41,41,41,41,41,41,41,41,41,41,41,41,41,41,41,41,41,41,41,41,41,41,41,41,41,41,41,41,41,41,41,41,41,41,41,41,41,41,41,41,41,41,41,41,41,41,41,41,41,41,41,41,41,41,41,41"
1330,0.01,0.01,"0.00,0.00,0.00,0.00,0.00,0.00,0.00,0.00,0.01,0.01,0.01,0.01,0.01,0.01,0.02,0.02,0.02,0.02,0.02,0.03,0.03,0.03,0.04,0.04,0.04,0.05,0.05,0.05,0.06,0.06,0.06,0.07,0.07,0.08,0.08,0.08,0.09,0.09,0.10,0.10,0.11,0.11,0.12,0.12,0.13,0.13,0.14,0.14,0.15,0.15,0.16,0.16,0.17,0.18,0.18,0.19,0.19,0.20,0.20,0.21,0.22,0.22,0.23,0.23","4.68e-07,2.23e-11,9.30e-12,6.77e-12","1,1,1,1",; 1.16e-06; 1.74e-06; 2.32e-06; 2.91e-06; 3.49e-06; 4.07e-06; 4.65e-06; 5.23e-06; 5.81e-06; 6.39e-06; 6.97e-06; 7.55e-06; 8.13e-06; 8.71e-06; 9.30e-06; 9.88e-06; 1.05e-05; 1.10e-05; 1.16e-05; 1.22e-05; 1.28e-05; 1.34e-05; 1.39e-05; 1.45e-05; 1.51e-05; 1.57e-05; 1.63e-05; 1.68e-05; 1.74e-05; 1.80e-05; 1.86e-05; 1.92e-05; 1.98e-05; 2.03e-05; 2.09e-05; 2.15e-05; 2.21e-05; 2.27e-05; 2.32e-05; 2.38e-05; 2.44e-05; 2.50e-05; 2.56e-05; 2.61e-05; 2.67e-05; 2.73e-05; 2.79e-05; 2.85e-05; 2.90e-05; 2.96e-05; 3.02e-05; 3.08e-05; 3.14e-05; 3.20e-05; 3.25e-05; 3.31e-05; 3.37e-05; 3.43e-05; 3.49e-05; 3.54e-05; 3.60e-05; 3.66e-05; 3.72e-05,"48,48,48,48,48,48,48,48,48,48,48,48,48,48,48,48,48,48,48,48,48,48,48,48,48,48,48,48,48,48,48,48,48,48,48,48,48,48,48,48,48,48,48,48,48,48,48,48,48,48,48,48,48,48,48,48,48,48,48,48,48,48,48,48"
1331,9.47,9.84,"2.45,3.96,4.92,5.59,6.18,6.69,7.12,7.49,7.83,8.13,8.41,8.66,8.89,9.12,9.33,9.52,9.69,9.87,10.03,10.18,10.32,10.47,10.61,10.74,10.86,10.98,11.10,11.21,11.31,11.42,11.53,11.63,11.73,11.83,11.92,12.00,12.09,12.18,12.26,12.35,12.43,12.51,12.59,12.66,12.73,12.81,12.88,12.96,13.03,13.10,13.16,13.23,13.29,13.35,13.42,13.48,13.55,13.61,13.67,13.72,13.78,13.83,13.89,13.95","5.69e-02,2.52e-06,1.85e-06,8.91e-07","0,0,0,0","7.06e-02; 1.41e-01; 2.12e-01; 2.54e-01,2.81e-02; 2.98e-01,5.56e-02; 3.39e-01,8.48e-02; 3.69e-01,1.25e-01; 4.03e-01,1.62e-01; 4.35e-01,2.01e-01; 4.87e-01,2.20e-01; 5.52e-01,2.25e-01; 6.15e-01,2.32e-01; 6.72e-01,2.46e-01; 7.20e-01,2.69e-01; 7.59e-01,3.01e-01; 7.93e-01,3.37e-01; 8.22e-01,3.79e-01; 8.74e-01,3.98e-01; 9.35e-01,4.07e-01; 1.00e+00,4.10e-01; 1.07e+00,4.18e-01; 1.11e+00,4.41e-01; 1.15e+00,4.78e-01; 1.17e+00,5.22e-01; 1.20e+00,5.70e-01; 1.23e+00,6.02e-01; 1.29e+00,6.18e-01; 1.35e+00,6.27e-01; 1.41e+00,6.39e-01; 1.46e+00,6.61e-01; 1.49e+00,6.95e-01; 1.52e+00,7.38e-01; 1.54e+00,7.86e-01; 1.58e+00,8.21e-01; 1.63e+00,8.42e-01; 1.69e+00,8.54e-01; 1.74e+00,8.69e-01; 1.79e+00,8.92e-01; 1.83e+00,9.27e-01; 1.86e+00,9.70e-01; 1.88e+00,1.02e+00; 1.91e+00,1.06e+00; 1.96e+00,1.08e+00; 2.01e+00,1.10e+00; 2.07e+00,1.11e+00; 2.11e+00,1.14e+00; 2.15e+00,1.17e+00; 2.18e+00,1.22e+00; 2.20e+00,1.26e+00; 2.23e+00,1.30e+00; 2.27e+00,1.33e+00; 2.33e+00,1.35e+00; 2.38e+00,1.37e+00; 2.42e+00,1.39e+00; 2.46e+00,1.43e+00; 2.48e+00,1.47e+00; 2.51e+00,1.52e+00; 2.54e+00,1.56e+00; 2.58e+00,1.59e+00; 2.63e+00,1.61e+00; 2.68e+00,1.63e+00; 2.72e+00,1.66e+00; 2.76e+00,1.69e+00; 2.79e+00,1.74e+00","15,15,15,15,15,15,15,15,15,15,15,15,15,15,15,15,15,15,15,15,15,15,15,15,15,15,15,15,15,15,15,15,15,15,15,15,15,15,15,15,15,15,15,15,15,15,15,15,15,15,15,15,15,15,15,15,15,15,15,15,15,15,15,15"
1332,1.94,2.05,"0.05,0.18,0.35,0.54,0.73,0.91,1.08,1.23,1.39,1.56,1.73,1.89,2.05,2.19,2.32,2.43,2.54,2.66,2.78,2.90,3.02,3.13,3.22,3.31,3.39,3.48,3.58,3.67,3.77,3.86,3.94,4.01,4.08,4.16,4.24,4.31,4.39,4.46,4.53,4.60,4.66,4.73,4.79,4.86,4.92,4.99,5.05,5.10,5.16,5.21,5.27,5.33,5.39,5.44,5.49,5.54,5.59,5.65,5.70,5.75,5.80,5.85,5.89,5.94","2.23e-04,1.08e-08,6.64e-09,4.89e-09","4,4,4,4","2.76e-04; 5.53e-04; 8.29e-04; 1.11e-03; 1.38e-03; 1.66e-03; 1.94e-03; 2.21e-03; 2.49e-03; 2.76e-03; 3.04e-03; 3.32e-03; 3.59e-03; 3.87e-03; 4.15e-03; 4.42e-03; 4.70e-03; 4.98e-03; 5.25e-03; 5.53e-03; 5.81e-03; 6.08e-03; 6.33e-03,2.62e-05; 6.51e-03,1.29e-04; 6.66e-03,2.47e-04; 6.59e-03,5.94e-04; 6.82e-03,6.46e-04; 7.07e-03,6.71e-04; 7.29e-03,7.29e-04; 7.45e-03,8.46e-04; 7.58e-03,9.89e-04; 7.71e-03,1.14e-03; 7.84e-03,1.28e-03; 8.02e-03,1.38e-03; 8.23e-03,1.44e-03; 8.84e-03,1.11e-03; 9.08e-03,1.15e-03; 9.27e-03,1.23e-03; 9.42e-03,1.37e-03; 9.54e-03,1.52e-03; 9.31e-03,2.02e-03; 9.49e-03,2.12e-03; 1.01e-02,1.80e-03; 1.04e-02,1.81e-03; 1.06e-02,1.85e-03; 1.08e-02,1.94e-03; 1.09e-02,2.07e-03; 1.10e-02,2.23e-03; 1.08e-02,2.74e-03; 1.10e-02,2.83e-03; 1.12e-02,2.89e-03; 1.18e-02,2.54e-03; 1.21e-02,2.59e-03; 1.22e-02,2.68e-03; 1.20e-02,3.22e-03; 1.21e-02,3.35e-03; 1.23e-02,3.47e-03; 1.25e-02,3.56e-03; 1.27e-02,3.63e-03; 1.29e-02,3.68e-03; 1.31e-02,3.75e-03; 1.33e-02,3.84e-03; 1.35e-02,3.96e-03; 1.36e-02,4.10e-03","32,32,32,32,32,32,32,32,32,32,32,32,32,32,32,32,32,32,32,32,32,32,32,32,32,32,32,32,32,32,32,32,32,32,32,32,32,32,32,32,32,32,32,32,32,32,32,32,32,32,32,32,32,32,32,32,32,32,32,32,32,32,32,32"
1333,1.85,1.70,"0.04,0.14,0.29,0.45,0.61,0.77,0.91,1.03,1.17,1.33,1.50,1.66,1.81,1.93,2.05,2.14,2.25,2.36,2.49,2.61,2.72,2.82,2.91,3.00,3.09,3.18,3.28,3.37,3.46,3.55,3.63,3.70,3.78,3.86,3.94,4.01,4.09,4.16,4.23,4.30,4.36,4.43,4.50,4.56,4.63,4.69,4.75,4.81,4.87,4.93,4.99,5.04,5.10,5.16,5.21,5.27,5.32,5.37,5.42,5.47,5.52,5.57,5.62,5.67","2.03e-04,1.80e-08,5.37e-09,3.23e-09","5,5,5,5","2.53e-04; 5.05e-04; 7.58e-04; 1.01e-03; 1.26e-03; 1.52e-03; 1.77e-03; 2.02e-03; 2.27e-03; 2.53e-03; 2.78e-03; 3.03e-03; 3.28e-03; 3.54e-03; 3.79e-03; 4.04e-03; 4.27e-03,2.22e-05; 4.45e-03,9.77e-05; 4.71e-03,8.90e-05; 4.99e-03,6.71e-05; 5.22e-03,8.08e-05; 5.40e-03,1.62e-04; 5.49e-03,3.20e-04; 5.38e-03,6.87e-04; 5.46e-03,8.58e-04; 5.62e-03,9.49e-04; 5.85e-03,9.74e-04; 6.09e-03,9.82e-04; 6.31e-03,1.02e-03; 6.46e-03,1.12e-03; 6.56e-03,1.27e-03; 6.62e-03,1.46e-03; 6.72e-03,1.61e-03; 6.89e-03,1.70e-03; 7.11e-03,1.73e-03; 7.34e-03,1.76e-03; 7.54e-03,1.80e-03; 7.71e-03,1.89e-03; 7.82e-03,2.03e-03; 7.89e-03,2.21e-03; 8.01e-03,2.35e-03; 8.18e-03,2.43e-03; 8.39e-03,2.47e-03; 8.61e-03,2.51e-03; 8.81e-03,2.56e-03; 8.97e-03,2.65e-03; 9.09e-03,2.78e-03; 9.17e-03,2.95e-03; 9.30e-03,3.08e-03; 9.46e-03,3.17e-03; 9.66e-03,3.22e-03; 9.88e-03,3.25e-03; 1.01e-02,3.31e-03; 1.02e-02,3.40e-03; 1.04e-02,3.54e-03; 1.04e-02,3.71e-03; 1.06e-02,3.84e-03; 1.07e-02,3.93e-03; 1.09e-02,3.98e-03; 1.11e-02,4.03e-03; 1.13e-02,4.08e-03; 1.15e-02,4.18e-03; 1.16e-02,4.32e-03; 1.17e-02,4.49e-03","32,32,32,32,32,32,32,32,32,32,32,32,32,32,32,32,32,32,32,32,32,32,32,32,32,32,32,32,32,32,32,32,32,32,32,32,32,32,32,32,32,32,32,32,32,32,32,32,32,32,32,32,32,32,32,32,32,32,32,32,32,32,32,32"
