ue,C_AE,C_UE,C_BS_hist,lambda_UE,ue_beams,lambda_BS_per_layer,bs_beams
12,38.32,33.23,"14.86,17.88,20.17,21.65,22.88,23.64,24.48,25.37,26.33,27.03,27.33,28.31,29.10,29.65,30.19,30.84,31.31,31.90,32.32,32.58,33.02,33.37,33.92,34.27,34.63,34.91,35.26,35.54,36.11,36.27,36.57,36.36,37.27,37.19,37.94,37.34,38.34,38.84,38.33,38.26,38.64,39.40,39.74,39.78,39.68,41.14,40.40,40.40,40.52,42.29,42.77,41.76,41.32,42.65,43.07,43.12,43.06,44.34,44.24,44.04,43.44,44.31,44.56,44.96","7.81e+01,7.79e+01,7.00e+01,6.40e+01","12,4,12,4","4.34e+02; 4.96e+02,3.71e+02; 7.18e+02,5.83e+02; 9.23e+02,8.11e+02; 1.14e+03,1.02e+03; 1.25e+03,1.10e+03,2.49e+02; 1.38e+03,1.21e+03,4.38e+02; 1.24e+03,1.11e+03,8.83e+02,2.36e+02; 1.45e+03,1.31e+03,9.92e+02,1.54e+02; 1.55e+03,1.40e+03,1.17e+03,2.23e+02; 1.55e+03,1.37e+03,1.26e+03,5.92e+02; 1.98e+03,1.77e+03,1.46e+03; 2.12e+03,1.88e+03,1.64e+03; 2.26e+03,2.01e+03,1.80e+03; 2.40e+03,2.11e+03,1.99e+03; 2.54e+03,2.22e+03,2.19e+03; 2.68e+03,2.36e+03,2.34e+03; 2.56e+03,2.24e+03,2.19e+03,8.16e+02; 2.64e+03,2.38e+03,2.32e+03,8.98e+02; 2.83e+03,2.50e+03,2.48e+03,8.61e+02; 2.74e+03,2.64e+03,2.43e+03,1.28e+03; 2.95e+03,2.74e+03,2.63e+03,1.22e+03; 3.13e+03,2.82e+03,2.77e+03,1.25e+03; 3.20e+03,2.90e+03,2.81e+03,1.50e+03; 3.31e+03,3.01e+03,2.94e+03,1.59e+03; 3.37e+03,3.05e+03,2.95e+03,1.90e+03; 3.49e+03,3.19e+03,3.18e+03,1.84e+03; 3.58e+03,3.25e+03,3.22e+03,2.09e+03; 3.69e+03,3.41e+03,3.36e+03,2.11e+03; 3.69e+03,3.53e+03,3.42e+03,2.36e+03; 3.87e+03,3.58e+03,3.49e+03,2.50e+03; 3.66e+03,3.60e+03,3.43e+03,3.20e+03; 4.09e+03,3.81e+03,3.68e+03,2.74e+03; 3.85e+03,3.80e+03,3.61e+03,3.48e+03; 4.33e+03,4.09e+03,3.92e+03,2.83e+03; 4.06e+03,4.01e+03,3.87e+03,3.67e+03; 4.21e+03,4.16e+03,4.00e+03,3.67e+03; 4.32e+03,4.26e+03,4.13e+03,3.77e+03; 4.43e+03,4.35e+03,4.24e+03,3.89e+03; 4.48e+03,4.43e+03,4.30e+03,4.13e+03; 4.59e+03,4.54e+03,4.41e+03,4.23e+03; 4.70e+03,4.65e+03,4.53e+03,4.33e+03; 4.82e+03,4.77e+03,4.65e+03,4.41e+03; 4.92e+03,4.87e+03,4.72e+03,4.58e+03; 5.04e+03,4.99e+03,4.85e+03,4.64e+03; 5.18e+03,5.11e+03,5.00e+03,4.66e+03; 5.23e+03,5.19e+03,5.07e+03,4.88e+03; 5.33e+03,5.29e+03,5.17e+03,5.02e+03; 5.43e+03,5.39e+03,5.28e+03,5.14e+03; 5.55e+03,5.51e+03,5.40e+03,5.23e+03; 5.65e+03,5.61e+03,5.50e+03,5.35e+03; 5.76e+03,5.72e+03,5.56e+03,5.51e+03; 5.87e+03,5.83e+03,5.70e+03,5.59e+03; 5.99e+03,5.94e+03,5.83e+03,5.66e+03; 6.08e+03,6.04e+03,5.93e+03,5.80e+03; 6.18e+03,6.15e+03,6.04e+03,5.91e+03; 6.29e+03,6.25e+03,6.15e+03,6.03e+03; 6.39e+03,6.35e+03,6.23e+03,6.18e+03; 6.50e+03,6.47e+03,6.36e+03,6.26e+03; 6.62e+03,6.58e+03,6.45e+03,6.38e+03; 6.73e+03,6.69e+03,6.56e+03,6.47e+03; 6.83e+03,6.79e+03,6.69e+03,6.58e+03; 6.92e+03,6.89e+03,6.80e+03,6.71e+03; 7.03e+03,7.00e+03,6.91e+03,6.82e+03","63,57,63,57,63,63,63,63,63,63,15,57,57,63,63,63,63,57,15,40,57,57,63,63,57,57,15,57,63,15,63,57,15,63,63,63,40,63,40,40,15,63,15,57,15,57,63,57,63,57,57,40,15,40,63,63,57,63,40,40,15,57,63,63"
13,35.60,29.72,"12.58,15.71,18.10,19.71,20.90,22.03,22.89,23.63,24.30,24.92,25.60,26.23,26.86,27.44,27.96,28.40,28.85,29.27,29.72,30.20,30.76,31.29,31.66,32.02,32.31,32.63,32.92,33.34,33.77,34.22,34.57,34.88,35.09,35.34,35.75,35.78,36.27,36.65,36.92,37.12,37.31,37.50,37.71,37.64,38.09,38.39,38.86,39.06,39.30,39.29,39.57,39.64,40.02,40.19,40.56,40.90,41.00,41.31,41.33,41.55,41.64,41.96,42.05,42.09","5.96e+01,5.95e+01,5.54e+01,4.21e+01","3,5,11,5","2.69e+02; 3.08e+02,2.30e+02; 4.48e+02,3.59e+02; 5.83e+02,4.92e+02; 7.51e+02,5.93e+02; 8.14e+02,6.40e+02,1.59e+02; 8.89e+02,7.16e+02,2.77e+02; 9.89e+02,7.97e+02,3.64e+02; 1.11e+03,8.89e+02,4.24e+02; 1.22e+03,9.50e+02,5.22e+02; 1.33e+03,1.05e+03,5.84e+02; 1.40e+03,1.12e+03,6.06e+02,1.00e+02; 1.37e+03,1.11e+03,6.01e+02,4.12e+02; 1.40e+03,1.15e+03,6.48e+02,5.65e+02; 1.47e+03,1.20e+03,7.22e+02,6.34e+02; 1.54e+03,1.26e+03,8.02e+02,6.96e+02; 1.60e+03,1.31e+03,8.66e+02,8.02e+02; 1.66e+03,1.36e+03,9.19e+02,8.98e+02; 1.73e+03,1.41e+03,1.00e+03,9.71e+02; 1.80e+03,1.49e+03,1.06e+03,1.03e+03; 1.86e+03,1.56e+03,1.32e+03,9.03e+02; 1.88e+03,1.59e+03,1.41e+03,1.03e+03; 1.94e+03,1.63e+03,1.49e+03,1.13e+03; 2.00e+03,1.68e+03,1.54e+03,1.23e+03; 2.07e+03,1.75e+03,1.62e+03,1.28e+03; 2.15e+03,1.80e+03,1.72e+03,1.32e+03; 2.20e+03,1.88e+03,1.78e+03,1.40e+03; 2.26e+03,1.91e+03,1.89e+03,1.47e+03; 2.34e+03,2.02e+03,1.95e+03,1.48e+03; 2.42e+03,2.13e+03,2.07e+03,1.45e+03; 2.44e+03,2.17e+03,2.11e+03,1.62e+03; 2.50e+03,2.23e+03,2.16e+03,1.72e+03; 2.57e+03,2.30e+03,2.23e+03,1.78e+03; 2.65e+03,2.34e+03,2.32e+03,1.82e+03; 2.72e+03,2.43e+03,2.36e+03,1.90e+03; 2.77e+03,2.54e+03,2.36e+03,2.01e+03; 2.98e+03,2.78e+03,2.62e+03,1.57e+03; 2.90e+03,2.70e+03,2.56e+03,2.06e+03; 2.95e+03,2.75e+03,2.61e+03,2.17e+03; 3.02e+03,2.82e+03,2.67e+03,2.24e+03; 3.09e+03,2.89e+03,2.74e+03,2.31e+03; 3.15e+03,2.96e+03,2.81e+03,2.38e+03; 3.23e+03,3.03e+03,2.85e+03,2.44e+03; 3.29e+03,3.11e+03,2.92e+03,2.51e+03; 3.40e+03,3.23e+03,3.01e+03,2.46e+03; 3.45e+03,3.31e+03,3.13e+03,2.48e+03; 3.49e+03,3.36e+03,3.13e+03,2.65e+03; 3.54e+03,3.41e+03,3.19e+03,2.77e+03; 3.61e+03,3.47e+03,3.26e+03,2.83e+03; 3.67e+03,3.54e+03,3.33e+03,2.90e+03; 3.75e+03,3.63e+03,3.36e+03,2.97e+03; 3.84e+03,3.71e+03,3.41e+03,3.02e+03; 3.90e+03,3.79e+03,3.53e+03,3.02e+03; 3.97e+03,3.87e+03,3.63e+03,3.04e+03; 4.02e+03,3.93e+03,3.67e+03,3.17e+03; 4.07e+03,3.98e+03,3.73e+03,3.28e+03; 4.13e+03,4.05e+03,3.79e+03,3.35e+03; 4.20e+03,4.12e+03,3.86e+03,3.41e+03; 4.29e+03,4.21e+03,3.91e+03,3.45e+03; 4.37e+03,4.29e+03,3.92e+03,3.55e+03; 4.41e+03,4.33e+03,4.03e+03,3.62e+03; 4.55e+03,4.48e+03,4.20e+03,3.44e+03; 4.54e+03,4.47e+03,4.19e+03,3.73e+03; 4.60e+03,4.54e+03,4.26e+03,3.81e+03","63,57,63,63,57,57,57,57,63,57,63,63,63,63,57,57,63,57,63,63,63,63,63,57,63,57,63,63,63,63,63,57,63,63,63,63,63,57,57,63,57,55,63,57,55,63,63,57,55,57,63,57,55,63,63,63,6,55,63,57,55,55,6,63"
14,34.96,29.79,"13.25,15.85,18.02,19.70,21.15,22.50,23.67,24.84,25.72,26.57,27.04,27.97,28.52,29.12,29.69,30.34,30.91,31.39,31.82,32.21,32.59,32.99,33.40,33.85,34.08,34.34,34.62,34.93,35.00,35.48,35.80,36.19,36.64,36.89,36.97,37.00,37.33,37.61,37.67,38.05,38.45,38.47,38.36,38.80,39.02,39.20,39.42,39.47,40.11,40.01,40.16,40.27,40.13,40.85,40.98,40.77,41.14,40.92,41.57,41.29,41.58,41.95,41.79,42.40","3.54e+01,3.53e+01,3.21e+01,3.10e+01","15,4,15,15","1.66e+02; 2.36e+02,9.65e+01; 2.86e+02,2.12e+02; 3.55e+02,2.72e+02,3.71e+01; 3.78e+02,3.02e+02,1.50e+02; 4.10e+02,3.27e+02,2.59e+02; 4.51e+02,3.76e+02,3.36e+02; 4.94e+02,4.27e+02,4.08e+02; 5.35e+02,4.62e+02,4.41e+02,5.69e+01; 6.07e+02,5.34e+02,5.19e+02; 6.34e+02,5.60e+02,5.35e+02,9.82e+01; 7.26e+02,6.49e+02,6.18e+02; 7.89e+02,7.13e+02,6.56e+02; 8.53e+02,7.81e+02,6.91e+02; 9.14e+02,8.50e+02,7.28e+02; 9.75e+02,9.23e+02,7.59e+02; 1.03e+03,9.87e+02,8.03e+02; 1.09e+03,1.04e+03,8.61e+02; 1.14e+03,1.09e+03,9.28e+02; 1.19e+03,1.15e+03,9.79e+02; 1.25e+03,1.20e+03,1.04e+03; 1.31e+03,1.27e+03,1.07e+03; 1.37e+03,1.34e+03,1.11e+03; 1.26e+03,1.22e+03,1.05e+03,4.53e+02; 1.32e+03,1.28e+03,1.11e+03,4.46e+02; 1.37e+03,1.34e+03,1.14e+03,4.68e+02; 1.62e+03,1.59e+03,1.27e+03; 1.57e+03,1.54e+03,1.29e+03,2.57e+02; 1.72e+03,1.68e+03,1.42e+03; 1.64e+03,1.61e+03,1.37e+03,3.60e+02; 1.63e+03,1.60e+03,1.38e+03,5.44e+02; 1.66e+03,1.64e+03,1.41e+03,6.00e+02; 1.71e+03,1.69e+03,1.46e+03,6.19e+02; 1.81e+03,1.79e+03,1.46e+03,5.92e+02; 1.86e+03,1.84e+03,1.52e+03,5.95e+02; 1.89e+03,1.86e+03,1.54e+03,6.89e+02; 1.97e+03,1.94e+03,1.79e+03,4.46e+02; 1.95e+03,1.92e+03,1.69e+03,7.50e+02; 2.04e+03,2.02e+03,1.69e+03,7.34e+02; 2.02e+03,2.00e+03,1.72e+03,9.02e+02; 2.14e+03,2.12e+03,1.77e+03,7.75e+02; 2.28e+03,2.26e+03,1.81e+03,6.25e+02; 2.20e+03,2.18e+03,1.75e+03,1.01e+03; 2.34e+03,2.31e+03,1.85e+03,8.08e+02; 2.35e+03,2.33e+03,2.07e+03,7.12e+02; 2.40e+03,2.38e+03,2.08e+03,7.74e+02; 2.41e+03,2.39e+03,2.01e+03,9.85e+02; 2.39e+03,2.37e+03,2.03e+03,1.19e+03; 2.45e+03,2.44e+03,2.08e+03,1.17e+03; 2.51e+03,2.49e+03,2.08e+03,1.22e+03; 2.45e+03,2.43e+03,2.05e+03,1.54e+03; 2.70e+03,2.69e+03,2.05e+03,1.20e+03; 2.72e+03,2.70e+03,2.34e+03,1.03e+03; 2.73e+03,2.71e+03,2.36e+03,1.16e+03; 2.74e+03,2.72e+03,2.37e+03,1.31e+03; 2.78e+03,2.77e+03,2.40e+03,1.35e+03; 2.82e+03,2.80e+03,2.43e+03,1.42e+03; 2.69e+03,2.68e+03,2.22e+03,2.04e+03; 2.93e+03,2.91e+03,2.42e+03,1.53e+03; 3.03e+03,3.02e+03,2.32e+03,1.60e+03; 2.95e+03,2.93e+03,2.60e+03,1.66e+03; 3.06e+03,3.04e+03,2.65e+03,1.55e+03; 3.10e+03,3.08e+03,2.69e+03,1.59e+03; 3.21e+03,3.19e+03,2.74e+03,1.49e+03","63,63,57,63,63,63,63,63,57,57,57,63,63,63,63,63,63,57,57,63,63,63,63,57,63,59,57,59,63,63,63,63,63,57,59,59,57,61,57,63,61,63,61,57,63,61,57,63,63,63,57,57,59,61,61,63,57,59,63,57,59,63,59,63"
15,25.38,21.40,"12.84,15.07,16.39,17.31,18.32,19.32,20.21,20.99,21.76,22.33,22.85,23.34,23.74,24.19,24.57,25.00,25.35,25.68,25.97,26.31,26.70,26.98,27.20,27.60,27.89,28.49,28.76,28.96,29.33,29.50,29.87,30.11,30.54,30.56,30.70,30.96,31.46,31.48,31.72,31.69,32.14,32.74,33.48,33.67,33.79,33.72,33.81,34.09,34.29,34.48,34.88,35.56,35.46,35.77,35.45,35.64,36.29,35.88,36.16,36.62,36.49,36.78,36.69,36.60","3.08e+01,2.95e+01,2.21e+01,2.05e-03","3,8,3,3","1.02e+02; 2.05e+02; 3.07e+02; 3.55e+02,5.43e+01; 3.39e+02,1.72e+02; 3.60e+02,2.55e+02; 3.94e+02,3.23e+02; 4.35e+02,3.84e+02; 4.82e+02,4.39e+02; 5.32e+02,4.92e+02; 5.83e+02,5.43e+02; 6.34e+02,5.95e+02; 6.84e+02,6.47e+02; 7.34e+02,6.99e+02; 7.84e+02,7.52e+02; 8.33e+02,8.05e+02; 8.83e+02,8.58e+02; 9.33e+02,9.10e+02; 9.54e+02,9.30e+02,6.17e+01; 1.04e+03,1.01e+03; 9.82e+02,9.59e+02,2.09e+02; 1.00e+03,9.82e+02,2.66e+02; 1.02e+03,9.94e+02,3.46e+02; 1.02e+03,1.00e+03,4.39e+02; 1.06e+03,1.04e+03,4.54e+02; 1.01e+03,9.96e+02,6.52e+02; 1.05e+03,1.03e+03,6.88e+02; 1.09e+03,1.07e+03,7.08e+02; 1.10e+03,1.09e+03,7.78e+02; 1.13e+03,1.12e+03,8.19e+02; 1.16e+03,1.15e+03,8.65e+02; 1.19e+03,1.17e+03,9.20e+02; 1.22e+03,1.20e+03,9.55e+02; 1.25e+03,1.24e+03,9.91e+02; 1.29e+03,1.27e+03,1.03e+03; 1.32e+03,1.31e+03,1.06e+03; 1.35e+03,1.33e+03,1.11e+03; 1.38e+03,1.36e+03,1.15e+03; 1.41e+03,1.39e+03,1.19e+03; 1.43e+03,1.42e+03,1.25e+03; 1.45e+03,1.43e+03,1.32e+03; 1.47e+03,1.46e+03,1.37e+03; 1.51e+03,1.49e+03,1.41e+03; 1.54e+03,1.53e+03,1.44e+03; 1.57e+03,1.56e+03,1.48e+03; 1.61e+03,1.59e+03,1.51e+03; 1.64e+03,1.63e+03,1.55e+03; 1.67e+03,1.66e+03,1.58e+03; 1.70e+03,1.69e+03,1.63e+03; 1.74e+03,1.72e+03,1.66e+03; 1.77e+03,1.76e+03,1.70e+03; 1.80e+03,1.79e+03,1.73e+03; 1.83e+03,1.82e+03,1.77e+03; 1.87e+03,1.86e+03,1.81e+03; 1.90e+03,1.89e+03,1.84e+03; 1.93e+03,1.92e+03,1.88e+03; 1.97e+03,1.96e+03,1.91e+03; 2.00e+03,1.99e+03,1.95e+03; 2.04e+03,2.02e+03,1.98e+03; 2.07e+03,2.06e+03,2.01e+03; 2.10e+03,2.09e+03,2.05e+03; 2.14e+03,2.13e+03,2.09e+03; 2.17e+03,2.16e+03,2.12e+03; 2.18e+03,2.17e+03,2.13e+03,7.47e+01","63,63,63,63,63,63,63,63,63,63,63,63,63,63,63,63,63,63,63,63,63,63,63,63,63,63,53,63,63,63,63,63,53,59,53,63,57,57,63,63,63,63,63,53,53,57,57,57,63,59,63,59,63,53,57,63,59,57,59,53,63,57,53,57"
16,27.12,24.19,"12.93,15.08,16.31,17.66,19.10,20.32,21.32,22.19,23.09,23.73,24.24,24.66,25.13,25.53,25.99,26.39,26.85,27.25,27.65,27.85,28.15,28.44,28.60,29.02,29.20,29.62,29.77,30.08,30.38,30.66,30.95,31.22,31.36,31.72,31.48,31.99,32.29,32.50,32.79,32.96,32.85,33.14,33.08,33.46,33.75,33.96,34.41,34.52,34.69,34.47,35.06,35.44,35.04,35.43,35.59,35.60,35.71,36.46,35.96,35.89,36.30,36.73,36.80,36.98","4.28e+01,4.24e+01,1.60e+01,2.11e-03","15,7,15,15","1.26e+02; 2.51e+02; 3.77e+02; 3.24e+02,1.78e+02; 3.52e+02,2.76e+02; 4.00e+02,3.53e+02; 4.56e+02,4.23e+02; 5.15e+02,4.90e+02; 5.75e+02,5.55e+02; 6.36e+02,6.19e+02; 6.99e+02,6.82e+02; 7.62e+02,7.45e+02; 8.24e+02,8.08e+02; 8.86e+02,8.72e+02; 9.48e+02,9.35e+02; 1.01e+03,9.99e+02; 1.07e+03,1.06e+03; 1.13e+03,1.13e+03; 1.20e+03,1.19e+03; 1.26e+03,1.25e+03; 1.32e+03,1.31e+03; 1.34e+03,1.34e+03,8.12e+01; 1.38e+03,1.37e+03,1.37e+02; 1.42e+03,1.41e+03,1.81e+02; 1.46e+03,1.45e+03,2.27e+02; 1.46e+03,1.45e+03,3.56e+02; 1.70e+03,1.69e+03; 1.55e+03,1.55e+03,4.12e+02; 1.51e+03,1.50e+03,6.34e+02; 1.50e+03,1.50e+03,7.63e+02; 1.54e+03,1.54e+03,8.16e+02; 1.58e+03,1.57e+03,8.70e+02; 1.62e+03,1.61e+03,9.11e+02; 1.65e+03,1.64e+03,9.79e+02; 2.20e+03,2.19e+03; 1.73e+03,1.73e+03,1.06e+03; 1.74e+03,1.74e+03,1.16e+03; 1.76e+03,1.76e+03,1.25e+03; 1.80e+03,1.80e+03,1.29e+03; 1.84e+03,1.84e+03,1.34e+03; 1.88e+03,1.88e+03,1.38e+03; 1.92e+03,1.92e+03,1.43e+03; 1.98e+03,1.98e+03,1.44e+03; 2.00e+03,2.00e+03,1.53e+03; 2.02e+03,2.02e+03,1.61e+03; 2.05e+03,2.04e+03,1.68e+03; 2.09e+03,2.08e+03,1.73e+03; 2.12e+03,2.12e+03,1.78e+03; 2.17e+03,2.16e+03,1.82e+03; 2.21e+03,2.20e+03,1.87e+03; 2.26e+03,2.25e+03,1.89e+03; 2.26e+03,2.26e+03,1.96e+03,4.50e+01; 2.31e+03,2.31e+03,2.03e+03; 2.35e+03,2.35e+03,2.08e+03; 2.39e+03,2.39e+03,2.13e+03; 2.43e+03,2.43e+03,2.17e+03; 2.47e+03,2.47e+03,2.21e+03; 2.51e+03,2.51e+03,2.26e+03; 2.56e+03,2.55e+03,2.30e+03; 2.60e+03,2.60e+03,2.34e+03; 2.63e+03,2.63e+03,2.40e+03; 2.67e+03,2.67e+03,2.45e+03; 2.71e+03,2.71e+03,2.49e+03; 2.75e+03,2.74e+03,2.55e+03","48,48,48,48,48,48,48,48,48,48,48,48,48,48,48,48,48,48,48,48,48,48,48,48,48,48,48,48,48,48,48,54,0,48,0,48,54,48,39,0,0,39,0,48,0,48,0,0,48,54,39,48,48,0,39,54,54,0,39,39,48,48,39,48"
17,42.12,38.57,"11.76,21.07,23.76,26.08,28.11,29.64,30.79,32.04,33.09,33.99,34.77,35.61,36.39,37.05,37.74,38.48,39.08,39.60,40.12,40.61,41.09,41.51,42.07,42.46,42.87,43.27,43.65,43.98,44.31,44.67,45.03,45.33,45.67,46.02,46.33,46.61,46.76,47.06,47.33,47.65,48.12,48.26,48.53,48.89,49.05,49.28,49.57,49.86,50.07,50.41,50.60,50.81,51.06,51.33,51.55,51.79,52.05,52.28,52.42,52.65,52.69,52.94,53.03,53.29","1.46e+01,1.46e+01,1.42e+01,1.30e+01","12,5,12,5","8.25e+01; 8.31e+01,8.18e+01; 1.09e+02,1.06e+02,3.26e+01; 1.32e+02,1.28e+02,7.04e+01; 1.53e+02,1.49e+02,1.11e+02; 1.78e+02,1.74e+02,1.43e+02; 1.89e+02,1.84e+02,1.59e+02,4.52e+01; 2.03e+02,1.98e+02,1.69e+02,8.96e+01; 2.24e+02,2.18e+02,1.91e+02,1.10e+02; 2.45e+02,2.40e+02,2.14e+02,1.26e+02; 2.65e+02,2.60e+02,2.32e+02,1.51e+02; 2.86e+02,2.81e+02,2.52e+02,1.70e+02; 3.06e+02,3.01e+02,2.71e+02,1.93e+02; 3.28e+02,3.23e+02,2.94e+02,2.10e+02; 3.47e+02,3.43e+02,3.16e+02,2.31e+02; 3.64e+02,3.60e+02,3.34e+02,2.62e+02; 3.84e+02,3.80e+02,3.55e+02,2.83e+02; 4.05e+02,4.01e+02,3.77e+02,3.01e+02; 4.26e+02,4.21e+02,3.98e+02,3.22e+02; 4.46e+02,4.42e+02,4.18e+02,3.44e+02; 4.66e+02,4.62e+02,4.37e+02,3.66e+02; 4.88e+02,4.83e+02,4.59e+02,3.84e+02; 5.06e+02,5.03e+02,4.81e+02,4.07e+02; 5.26e+02,5.22e+02,5.01e+02,4.30e+02; 5.47e+02,5.43e+02,5.22e+02,4.50e+02; 5.67e+02,5.63e+02,5.43e+02,4.72e+02; 5.87e+02,5.84e+02,5.63e+02,4.93e+02; 6.09e+02,6.05e+02,5.84e+02,5.12e+02; 6.30e+02,6.26e+02,6.04e+02,5.32e+02; 6.46e+02,6.43e+02,6.24e+02,5.61e+02; 6.62e+02,6.59e+02,6.44e+02,5.92e+02; 6.87e+02,6.84e+02,6.66e+02,6.03e+02; 7.06e+02,7.03e+02,6.86e+02,6.28e+02; 7.23e+02,7.20e+02,7.06e+02,6.56e+02; 7.51e+02,7.47e+02,7.27e+02,6.61e+02; 7.68e+02,7.65e+02,7.48e+02,6.88e+02; 7.91e+02,7.88e+02,7.68e+02,7.05e+02; 8.10e+02,8.07e+02,7.88e+02,7.30e+02; 8.25e+02,8.22e+02,8.07e+02,7.62e+02; 8.47e+02,8.44e+02,8.29e+02,7.80e+02; 8.68e+02,8.65e+02,8.48e+02,8.00e+02; 8.91e+02,8.88e+02,8.69e+02,8.17e+02; 9.11e+02,9.08e+02,8.89e+02,8.38e+02; 9.31e+02,9.28e+02,9.09e+02,8.60e+02; 9.50e+02,9.47e+02,9.29e+02,8.84e+02; 9.71e+02,9.68e+02,9.49e+02,9.06e+02; 9.90e+02,9.87e+02,9.70e+02,9.30e+02; 1.01e+03,1.01e+03,9.90e+02,9.49e+02; 1.03e+03,1.03e+03,1.01e+03,9.75e+02; 1.05e+03,1.05e+03,1.03e+03,9.94e+02; 1.07e+03,1.07e+03,1.05e+03,1.02e+03; 1.09e+03,1.09e+03,1.07e+03,1.04e+03; 1.11e+03,1.11e+03,1.09e+03,1.06e+03; 1.13e+03,1.13e+03,1.11e+03,1.08e+03; 1.15e+03,1.15e+03,1.13e+03,1.10e+03; 1.17e+03,1.17e+03,1.15e+03,1.12e+03; 1.19e+03,1.19e+03,1.17e+03,1.15e+03; 1.21e+03,1.21e+03,1.19e+03,1.17e+03; 1.23e+03,1.23e+03,1.21e+03,1.19e+03; 1.25e+03,1.25e+03,1.24e+03,1.21e+03; 1.27e+03,1.27e+03,1.26e+03,1.23e+03; 1.29e+03,1.29e+03,1.28e+03,1.25e+03; 1.31e+03,1.31e+03,1.30e+03,1.27e+03; 1.33e+03,1.33e+03,1.32e+03,1.30e+03","56,56,56,56,56,56,56,56,56,56,56,56,56,56,56,56,56,56,56,56,56,56,56,56,56,56,56,56,56,56,56,56,56,56,56,62,56,56,56,56,56,56,56,56,56,56,56,56,56,56,56,56,56,56,56,56,56,56,56,47,56,56,62,56"
18,45.97,39.55,"9.25,18.53,23.55,25.83,29.32,30.97,32.30,33.41,34.52,35.49,36.56,37.47,38.40,39.25,39.96,40.57,41.18,41.77,42.38,43.00,43.60,44.17,44.65,45.08,45.50,45.92,46.34,46.78,47.23,47.65,48.01,48.36,48.67,48.98,49.30,49.63,49.98,50.30,50.59,50.87,51.11,51.36,51.61,51.88,52.15,52.41,52.64,52.87,53.08,53.29,53.48,53.69,53.93,54.13,54.34,54.52,54.69,54.86,55.01,55.17,55.33,55.52,55.70,55.88","4.69e+00,4.69e+00,4.69e+00,3.58e+00","3,8,1,1","2.86e+01; 2.86e+01,2.85e+01; 2.97e+01,2.87e+01,2.73e+01; 3.72e+01,3.51e+01,3.18e+01,1.03e+01; 4.37e+01,3.87e+01,3.16e+01,2.89e+01; 5.13e+01,4.55e+01,4.07e+01,3.40e+01; 5.89e+01,5.33e+01,4.86e+01,3.93e+01; 6.59e+01,5.90e+01,5.35e+01,5.03e+01; 7.31e+01,6.65e+01,6.18e+01,5.59e+01; 8.04e+01,7.43e+01,6.92e+01,6.20e+01; 8.76e+01,8.23e+01,7.66e+01,6.80e+01; 9.49e+01,8.98e+01,8.41e+01,7.41e+01; 1.02e+02,9.72e+01,9.22e+01,8.01e+01; 1.08e+02,1.03e+02,9.75e+01,9.13e+01; 1.15e+02,1.09e+02,1.04e+02,1.01e+02; 1.22e+02,1.16e+02,1.10e+02,1.10e+02; 1.29e+02,1.23e+02,1.18e+02,1.16e+02; 1.36e+02,1.31e+02,1.25e+02,1.23e+02; 1.43e+02,1.38e+02,1.32e+02,1.30e+02; 1.50e+02,1.45e+02,1.39e+02,1.37e+02; 1.57e+02,1.53e+02,1.47e+02,1.44e+02; 1.64e+02,1.59e+02,1.55e+02,1.50e+02; 1.71e+02,1.66e+02,1.62e+02,1.59e+02; 1.78e+02,1.73e+02,1.68e+02,1.67e+02; 1.85e+02,1.80e+02,1.76e+02,1.74e+02; 1.92e+02,1.87e+02,1.83e+02,1.81e+02; 1.99e+02,1.95e+02,1.90e+02,1.88e+02; 2.06e+02,2.02e+02,1.97e+02,1.95e+02; 2.13e+02,2.09e+02,2.05e+02,2.02e+02; 2.20e+02,2.16e+02,2.13e+02,2.09e+02; 2.27e+02,2.23e+02,2.20e+02,2.16e+02; 2.34e+02,2.30e+02,2.27e+02,2.24e+02; 2.41e+02,2.37e+02,2.34e+02,2.31e+02; 2.48e+02,2.44e+02,2.41e+02,2.38e+02; 2.55e+02,2.52e+02,2.49e+02,2.45e+02; 2.62e+02,2.59e+02,2.56e+02,2.52e+02; 2.69e+02,2.66e+02,2.63e+02,2.59e+02; 2.76e+02,2.73e+02,2.71e+02,2.66e+02; 2.83e+02,2.80e+02,2.78e+02,2.74e+02; 2.90e+02,2.87e+02,2.85e+02,2.81e+02; 2.97e+02,2.94e+02,2.92e+02,2.88e+02; 3.04e+02,3.01e+02,2.99e+02,2.95e+02; 3.12e+02,3.09e+02,3.06e+02,3.03e+02; 3.19e+02,3.16e+02,3.14e+02,3.10e+02; 3.26e+02,3.23e+02,3.21e+02,3.17e+02; 3.33e+02,3.30e+02,3.28e+02,3.24e+02; 3.40e+02,3.37e+02,3.35e+02,3.31e+02; 3.47e+02,3.44e+02,3.42e+02,3.39e+02; 3.54e+02,3.51e+02,3.49e+02,3.46e+02; 3.61e+02,3.58e+02,3.57e+02,3.53e+02; 3.68e+02,3.66e+02,3.64e+02,3.60e+02; 3.75e+02,3.73e+02,3.71e+02,3.68e+02; 3.82e+02,3.80e+02,3.78e+02,3.75e+02; 3.90e+02,3.87e+02,3.85e+02,3.82e+02; 3.97e+02,3.94e+02,3.92e+02,3.89e+02; 4.04e+02,4.01e+02,3.99e+02,3.97e+02; 4.11e+02,4.08e+02,4.07e+02,4.04e+02; 4.18e+02,4.15e+02,4.14e+02,4.11e+02; 4.25e+02,4.23e+02,4.21e+02,4.18e+02; 4.32e+02,4.30e+02,4.28e+02,4.25e+02; 4.39e+02,4.37e+02,4.35e+02,4.32e+02; 4.46e+02,4.44e+02,4.42e+02,4.40e+02; 4.53e+02,4.51e+02,4.50e+02,4.47e+02; 4.60e+02,4.58e+02,4.57e+02,4.54e+02","48,48,16,48,48,48,48,16,48,48,48,48,48,16,16,16,48,48,48,48,48,48,16,16,48,48,48,48,48,48,48,16,48,48,48,48,48,48,48,16,48,48,48,48,48,48,16,16,48,48,48,48,48,48,16,16,48,48,48,16,48,48,16,16"
26,0.16,0.16,"0.00,0.01,0.01,0.02,0.03,0.04,0.05,0.07,0.08,0.11,0.13,0.15,0.17,0.19,0.22,0.24,0.26,0.30,0.33,0.36,0.38,0.41,0.44,0.46,0.49,0.53,0.56,0.59,0.62,0.65,0.68,0.70,0.73,0.77,0.80,0.83,0.87,0.89,0.92,0.94,0.98,1.01,1.04,1.07,1.10,1.13,1.16,1.18,1.21,1.24,1.27,1.30,1.33,1.36,1.38,1.40,1.43,1.46,1.49,1.52,1.54,1.57,1.59,1.61","8.36e-06,5.46e-10,2.47e-10,1.94e-10","9,9,9,9",1.04e-05; 2.08e-05; 3.11e-05; 4.15e-05; 5.19e-05; 6.23e-05; 7.26e-05; 8.30e-05; 9.34e-05; 1.04e-04; 1.14e-04; 1.25e-04; 1.35e-04; 1.45e-04; 1.56e-04; 1.66e-04; 1.76e-04; 1.87e-04; 1.97e-04; 2.08e-04; 2.18e-04; 2.28e-04; 2.39e-04; 2.49e-04; 2.59e-04; 2.70e-04; 2.80e-04; 2.91e-04; 3.01e-04; 3.11e-04; 3.22e-04; 3.32e-04; 3.42e-04; 3.53e-04; 3.63e-04; 3.74e-04; 3.84e-04; 3.94e-04; 4.05e-04; 4.15e-04; 4.25e-04; 4.36e-04; 4.46e-04; 4.57e-04; 4.67e-04; 4.77e-04; 4.88e-04; 4.98e-04; 5.08e-04; 5.19e-04; 5.29e-04; 5.40e-04; 5.50e-04; 5.60e-04; 5.71e-04; 5.81e-04; 5.91e-04; 6.02e-04; 6.12e-04; 6.23e-04; 6.33e-04; 6.43e-04; 6.54e-04; 6.64e-04,"32,32,32,32,32,32,32,32,32,32,32,32,32,32,32,32,32,32,32,32,32,32,32,32,32,32,32,32,32,32,32,32,32,32,32,32,32,32,32,32,32,32,32,32,32,32,32,32,32,32,32,32,32,32,32,32,32,32,32,32,32,32,32,32"
27,0.16,0.08,"0.00,0.01,0.01,0.02,0.03,0.03,0.04,0.05,0.06,0.08,0.10,0.12,0.14,0.16,0.17,0.19,0.21,0.24,0.26,0.29,0.31,0.34,0.36,0.38,0.40,0.43,0.46,0.49,0.52,0.55,0.57,0.59,0.62,0.65,0.68,0.71,0.74,0.76,0.79,0.81,0.84,0.86,0.89,0.92,0.95,0.98,1.00,1.03,1.05,1.08,1.11,1.14,1.16,1.19,1.21,1.23,1.26,1.28,1.31,1.34,1.37,1.39,1.41,1.43","8.21e-06,5.22e-10,1.95e-10,1.35e-10","8,8,8,8",1.02e-05; 2.04e-05; 3.06e-05; 4.08e-05; 5.09e-05; 6.11e-05; 7.13e-05; 8.15e-05; 9.17e-05; 1.02e-04; 1.12e-04; 1.22e-04; 1.32e-04; 1.43e-04; 1.53e-04; 1.63e-04; 1.73e-04; 1.83e-04; 1.94e-04; 2.04e-04; 2.14e-04; 2.24e-04; 2.34e-04; 2.45e-04; 2.55e-04; 2.65e-04; 2.75e-04; 2.85e-04; 2.95e-04; 3.06e-04; 3.16e-04; 3.26e-04; 3.36e-04; 3.46e-04; 3.57e-04; 3.67e-04; 3.77e-04; 3.87e-04; 3.97e-04; 4.08e-04; 4.18e-04; 4.28e-04; 4.38e-04; 4.48e-04; 4.58e-04; 4.69e-04; 4.79e-04; 4.89e-04; 4.99e-04; 5.09e-04; 5.20e-04; 5.30e-04; 5.40e-04; 5.50e-04; 5.60e-04; 5.71e-04; 5.81e-04; 5.91e-04; 6.01e-04; 6.11e-04; 6.22e-04; 6.32e-04; 6.42e-04; 6.52e-04,"39,39,39,39,39,39,39,39,39,39,39,39,39,39,39,39,39,39,39,39,39,39,39,39,39,39,39,39,39,39,39,39,39,39,39,39,39,39,39,39,39,39,39,39,39,39,39,39,39,39,39,39,39,39,39,39,39,39,39,39,39,39,39,39"
28,0.18,0.10,"0.00,0.01,0.01,0.02,0.03,0.03,0.04,0.05,0.06,0.09,0.11,0.13,0.14,0.15,0.16,0.18,0.20,0.24,0.27,0.29,0.31,0.32,0.34,0.36,0.39,0.43,0.46,0.49,0.51,0.54,0.56,0.58,0.61,0.65,0.68,0.71,0.74,0.77,0.79,0.82,0.85,0.88,0.91,0.94,0.97,1.00,1.03,1.05,1.08,1.11,1.15,1.18,1.21,1.24,1.26,1.28,1.31,1.34,1.38,1.41,1.44,1.46,1.49,1.51","9.19e-06,8.69e-10,2.37e-10,1.85e-10","10,10,10,10","1.14e-05; 2.28e-05; 3.42e-05; 4.57e-05; 5.71e-05; 6.85e-05; 7.99e-05; 7.69e-05,1.45e-05; 1.03e-04; 1.14e-04; 1.26e-04; 1.37e-04; 1.48e-04; 1.60e-04; 1.32e-04,3.90e-05; 1.08e-04,7.51e-05; 1.91e-04,2.80e-06; 2.05e-04; 2.17e-04; 2.28e-04; 2.40e-04; 1.93e-04,5.81e-05; 1.52e-04,1.11e-04; 1.47e-04,1.26e-04; 1.95e-04,9.04e-05; 2.39e-04,5.79e-05; 2.62e-04,4.58e-05; 2.63e-04,5.65e-05; 2.42e-04,8.95e-05; 2.12e-04,1.31e-04; 1.89e-04,1.65e-04; 1.90e-04,1.75e-04; 2.24e-04,1.53e-04; 2.55e-04,1.33e-04; 2.74e-04,1.26e-04; 2.77e-04,1.34e-04; 2.64e-04,1.58e-04; 2.45e-04,1.88e-04; 2.30e-04,2.15e-04; 2.33e-04,2.23e-04; 2.61e-04,2.07e-04; 2.85e-04,1.94e-04; 3.02e-04,1.89e-04; 3.06e-04,1.96e-04; 2.97e-04,2.16e-04; 2.85e-04,2.41e-04; 2.74e-04,2.63e-04; 2.77e-04,2.71e-04; 3.00e-04,2.59e-04; 3.22e-04,2.49e-04; 3.37e-04,2.45e-04; 3.41e-04,2.52e-04; 3.36e-04,2.69e-04; 3.27e-04,2.90e-04; 3.18e-04,3.10e-04; 3.21e-04,3.18e-04; 3.42e-04,3.09e-04; 3.61e-04,3.01e-04; 3.75e-04,2.98e-04; 3.80e-04,3.05e-04; 3.77e-04,3.20e-04; 3.70e-04,3.38e-04; 3.63e-04,3.56e-04; 3.66e-04,3.65e-04","39,39,39,39,39,39,39,39,39,39,39,39,39,39,39,39,39,39,39,39,39,39,39,39,39,39,39,39,39,39,39,39,39,39,39,39,39,39,39,39,39,39,39,39,39,39,39,39,39,39,39,39,39,39,39,39,39,39,39,39,39,39,39,39"
29,0.16,0.16,"0.00,0.01,0.01,0.02,0.03,0.04,0.05,0.06,0.07,0.09,0.11,0.13,0.15,0.17,0.19,0.21,0.23,0.26,0.29,0.32,0.34,0.36,0.39,0.41,0.44,0.47,0.50,0.53,0.56,0.59,0.61,0.64,0.66,0.70,0.73,0.76,0.79,0.82,0.84,0.87,0.90,0.93,0.96,0.99,1.02,1.05,1.08,1.10,1.13,1.16,1.19,1.22,1.25,1.28,1.31,1.33,1.36,1.39,1.42,1.45,1.48,1.50,1.53,1.56","8.34e-06,6.05e-10,2.99e-10,1.76e-10","9,9,9,9","1.03e-05; 2.07e-05; 3.10e-05; 4.14e-05; 5.17e-05; 6.21e-05; 7.24e-05; 8.28e-05; 9.31e-05; 1.03e-04; 1.14e-04; 1.24e-04; 1.35e-04; 1.45e-04; 1.55e-04; 1.66e-04; 1.76e-04; 1.86e-04; 1.97e-04; 2.07e-04; 2.17e-04; 2.28e-04; 2.38e-04; 2.48e-04; 2.59e-04; 2.69e-04; 2.79e-04; 2.90e-04; 3.00e-04; 3.10e-04; 3.21e-04; 3.31e-04; 3.41e-04; 3.52e-04; 3.62e-04; 3.72e-04; 3.83e-04; 3.93e-04; 3.97e-04,6.26e-06; 4.04e-04,9.67e-06; 4.05e-04,1.90e-05; 4.09e-04,2.56e-05; 4.18e-04,2.73e-05; 4.25e-04,3.00e-05; 4.28e-04,3.76e-05; 4.28e-04,4.81e-05; 4.30e-04,5.59e-05; 4.37e-04,5.93e-05; 4.39e-04,6.76e-05; 4.44e-04,7.38e-05; 4.51e-04,7.63e-05; 4.59e-04,7.90e-05; 4.63e-04,8.55e-05; 4.64e-04,9.43e-05; 4.68e-04,1.01e-04; 4.75e-04,1.04e-04; 4.78e-04,1.12e-04; 4.82e-04,1.18e-04; 4.90e-04,1.20e-04; 4.97e-04,1.24e-04; 5.02e-04,1.29e-04; 5.05e-04,1.37e-04; 5.09e-04,1.43e-04; 5.16e-04,1.46e-04","31,31,31,31,31,31,31,31,31,31,31,31,31,31,31,31,31,31,31,31,31,31,31,31,31,31,31,31,31,31,31,31,31,31,31,31,31,31,31,31,31,31,31,31,31,31,31,31,31,31,31,31,31,31,31,31,31,31,31,31,31,31,31,31"
31,0.15,0.12,"0.00,0.01,0.01,0.02,0.02,0.03,0.04,0.05,0.07,0.08,0.10,0.11,0.13,0.15,0.17,0.19,0.21,0.24,0.26,0.28,0.30,0.33,0.35,0.38,0.40,0.43,0.46,0.48,0.51,0.53,0.56,0.59,0.61,0.64,0.67,0.70,0.72,0.75,0.78,0.80,0.83,0.86,0.89,0.91,0.93,0.96,0.99,1.01,1.04,1.07,1.10,1.12,1.14,1.17,1.20,1.22,1.25,1.27,1.30,1.32,1.34,1.37,1.39,1.42","8.26e-06,7.47e-10,3.97e-10,1.68e-10","13,13,13,13",1.03e-05; 2.05e-05; 3.08e-05; 4.10e-05; 5.13e-05; 6.15e-05; 7.18e-05; 8.21e-05; 9.23e-05; 1.03e-04; 1.13e-04; 1.23e-04; 1.33e-04; 1.44e-04; 1.54e-04; 1.64e-04; 1.74e-04; 1.85e-04; 1.95e-04; 2.05e-04; 2.15e-04; 2.26e-04; 2.36e-04; 2.46e-04; 2.56e-04; 2.67e-04; 2.77e-04; 2.87e-04; 2.97e-04; 3.08e-04; 3.18e-04; 3.28e-04; 3.38e-04; 3.49e-04; 3.59e-04; 3.69e-04; 3.80e-04; 3.90e-04; 4.00e-04; 4.10e-04; 4.21e-04; 4.31e-04; 4.41e-04; 4.51e-04; 4.62e-04; 4.72e-04; 4.82e-04; 4.92e-04; 5.03e-04; 5.13e-04; 5.23e-04; 5.33e-04; 5.44e-04; 5.54e-04; 5.64e-04; 5.74e-04; 5.85e-04; 5.95e-04; 6.05e-04; 6.15e-04; 6.26e-04; 6.36e-04; 6.46e-04; 6.56e-04,"31,31,31,31,31,31,31,31,31,31,31,31,31,31,31,31,31,31,31,31,31,31,31,31,31,31,31,31,31,31,31,31,31,31,31,31,31,31,31,31,31,31,31,31,31,31,31,31,31,31,31,31,31,31,31,31,31,31,31,31,31,31,31,31"
32,4.95,5.27,"0.31,0.87,1.39,1.83,2.20,2.53,2.81,3.05,3.30,3.56,3.80,4.03,4.24,4.43,4.62,4.79,4.95,5.10,5.26,5.40,5.54,5.67,5.80,5.93,6.04,6.16,6.27,6.38,6.48,6.58,6.68,6.78,6.87,6.97,7.05,7.14,7.22,7.30,7.39,7.47,7.55,7.63,7.70,7.77,7.84,7.91,7.98,8.05,8.12,8.19,8.26,8.32,8.38,8.44,8.50,8.56,8.62,8.69,8.74,8.80,8.85,8.90,8.96,9.02","2.60e-03,1.89e-07,7.50e-08,5.61e-08","0,0,0,0","3.22e-03; 6.45e-03; 9.67e-03; 1.29e-02; 1.61e-02; 1.93e-02; 2.26e-02; 2.53e-02,4.65e-04; 2.58e-02,3.22e-03; 2.80e-02,4.25e-03; 3.08e-02,4.63e-03; 3.55e-02,3.24e-03; 3.86e-02,3.33e-03; 4.08e-02,4.29e-03; 4.24e-02,6.00e-03; 4.36e-02,8.03e-03; 4.49e-02,9.93e-03; 4.55e-02,1.26e-02; 4.98e-02,1.14e-02; 5.31e-02,1.14e-02; 5.62e-02,1.15e-02; 5.87e-02,1.23e-02; 6.05e-02,1.37e-02; 6.19e-02,1.55e-02; 6.32e-02,1.74e-02; 6.33e-02,2.05e-02; 6.57e-02,2.13e-02; 7.07e-02,1.96e-02; 7.36e-02,1.99e-02; 7.61e-02,2.06e-02; 7.80e-02,2.20e-02; 7.94e-02,2.37e-02; 7.89e-02,2.75e-02; 8.08e-02,2.88e-02; 8.31e-02,2.98e-02; 8.56e-02,3.04e-02; 8.82e-02,3.11e-02; 9.05e-02,3.20e-02; 9.25e-02,3.32e-02; 9.42e-02,3.47e-02; 9.58e-02,3.64e-02; 9.76e-02,3.78e-02; 9.98e-02,3.88e-02; 1.02e-01,3.96e-02; 1.05e-01,4.03e-02; 1.07e-01,4.13e-02; 1.09e-01,4.25e-02; 1.11e-01,4.41e-02; 1.12e-01,4.58e-02; 1.14e-01,4.74e-02; 1.16e-01,4.85e-02; 1.18e-01,4.94e-02; 1.21e-01,5.02e-02; 1.23e-01,5.12e-02; 1.25e-01,5.25e-02; 1.26e-01,5.41e-02; 1.28e-01,5.59e-02; 1.29e-01,5.75e-02; 1.31e-01,5.88e-02; 1.34e-01,5.98e-02; 1.36e-01,6.06e-02; 1.38e-01,6.17e-02; 1.40e-01,6.30e-02; 1.42e-01,6.46e-02","32,32,32,32,32,32,32,32,32,32,32,32,32,32,32,32,32,32,32,32,32,32,32,32,32,32,32,32,32,32,32,32,32,32,32,32,32,32,32,32,32,32,32,32,32,32,32,32,32,32,32,32,32,32,32,32,32,32,32,32,32,32,32,32"
33,4.55,1.93,"0.07,0.25,0.47,0.69,0.91,1.11,1.30,1.48,1.66,1.85,2.03,2.21,2.37,2.51,2.65,2.77,2.89,3.02,3.15,3.27,3.39,3.50,3.60,3.69,3.79,3.89,3.98,4.08,4.17,4.26,4.35,4.42,4.50,4.58,4.66,4.74,4.81,4.89,4.96,5.03,5.09,5.16,5.23,5.29,5.35,5.42,5.48,5.54,5.60,5.65,5.71,5.77,5.82,5.88,5.93,5.98,6.03,6.09,6.14,6.19,6.24,6.29,6.33,6.38","1.93e-03,1.19e-07,4.87e-08,2.90e-08","8,8,8,8","2.40e-03; 4.80e-03; 7.20e-03; 9.60e-03; 1.20e-02; 1.44e-02; 1.68e-02; 1.92e-02; 2.16e-02; 2.40e-02; 2.64e-02; 2.88e-02; 3.12e-02; 3.36e-02; 3.60e-02; 3.84e-02; 4.08e-02; 4.32e-02; 4.56e-02; 4.80e-02,3.75e-05; 5.02e-02,2.43e-04; 5.21e-02,6.62e-04; 5.40e-02,1.24e-03; 5.28e-02,4.85e-03; 5.38e-02,6.22e-03; 5.51e-02,7.27e-03; 5.98e-02,5.04e-03; 6.21e-02,5.08e-03; 6.43e-02,5.28e-03; 6.61e-02,5.89e-03; 6.76e-02,6.85e-03; 6.91e-02,7.69e-03; 7.03e-02,8.89e-03; 7.19e-02,9.73e-03; 7.39e-02,1.01e-02; 7.62e-02,1.02e-02; 7.53e-02,1.36e-02; 7.70e-02,1.42e-02; 7.86e-02,1.50e-02; 8.32e-02,1.28e-02; 8.44e-02,1.40e-02; 8.59e-02,1.49e-02; 8.79e-02,1.53e-02; 9.01e-02,1.55e-02; 9.22e-02,1.58e-02; 9.40e-02,1.64e-02; 9.55e-02,1.73e-02; 9.70e-02,1.82e-02; 9.82e-02,1.94e-02; 9.97e-02,2.03e-02; 1.02e-01,2.08e-02; 1.04e-01,2.11e-02; 1.06e-01,2.14e-02; 1.08e-01,2.20e-02; 1.09e-01,2.29e-02; 1.11e-01,2.39e-02; 1.12e-01,2.51e-02; 1.13e-01,2.61e-02; 1.15e-01,2.67e-02; 1.17e-01,2.70e-02; 1.19e-01,2.74e-02; 1.21e-01,2.81e-02; 1.22e-01,2.90e-02; 1.24e-01,2.99e-02","24,24,24,24,24,24,24,24,24,24,24,24,24,24,24,24,24,24,24,24,24,24,24,24,24,24,24,24,24,24,24,24,24,24,24,24,24,24,24,24,24,24,24,24,24,24,24,24,24,24,24,24,24,24,24,24,24,24,24,24,24,24,24,24"
52,40.93,34.79,"13.84,18.21,20.78,22.44,23.68,25.06,25.88,27.01,27.97,28.82,29.74,30.57,31.25,32.12,32.99,33.94,34.56,35.12,35.65,35.97,36.28,36.82,37.26,37.82,38.34,38.67,39.16,39.45,39.71,40.07,40.45,40.75,41.15,41.52,41.82,41.88,42.28,42.32,42.71,42.87,43.31,43.46,43.69,44.00,43.96,44.27,44.66,44.91,45.04,45.40,45.90,45.59,45.97,46.08,46.33,46.32,46.66,47.06,47.25,47.27,47.74,47.51,48.09,48.43","7.20e+01,7.19e+01,6.93e+01,6.43e+01","0,8,0,8","4.19e+02; 4.50e+02,3.88e+02; 6.63e+02,5.94e+02; 8.63e+02,8.13e+02; 9.53e+02,8.97e+02,2.45e+02; 9.60e+02,8.95e+02,6.59e+02; 1.11e+03,1.03e+03,6.66e+02,1.31e+02; 1.18e+03,1.07e+03,7.43e+02,3.60e+02; 1.24e+03,1.11e+03,9.08e+02,5.20e+02; 1.38e+03,1.24e+03,1.01e+03,5.64e+02; 1.47e+03,1.33e+03,1.14e+03,6.68e+02; 1.58e+03,1.44e+03,1.26e+03,7.55e+02; 1.69e+03,1.55e+03,1.38e+03,8.22e+02; 1.78e+03,1.63e+03,1.52e+03,9.29e+02; 1.87e+03,1.71e+03,1.67e+03,1.04e+03; 1.96e+03,1.83e+03,1.78e+03,1.13e+03; 2.07e+03,1.95e+03,1.88e+03,1.22e+03; 2.17e+03,2.06e+03,2.00e+03,1.32e+03; 2.29e+03,2.18e+03,2.11e+03,1.38e+03; 2.38e+03,2.28e+03,2.21e+03,1.51e+03; 2.53e+03,2.43e+03,2.35e+03,1.50e+03; 2.64e+03,2.55e+03,2.46e+03,1.57e+03; 2.69e+03,2.60e+03,2.51e+03,1.85e+03; 2.80e+03,2.72e+03,2.61e+03,1.93e+03; 2.90e+03,2.84e+03,2.71e+03,2.03e+03; 3.00e+03,2.93e+03,2.82e+03,2.15e+03; 3.11e+03,3.04e+03,2.92e+03,2.25e+03; 3.21e+03,3.14e+03,3.04e+03,2.35e+03; 3.39e+03,3.33e+03,3.25e+03,2.19e+03; 3.47e+03,3.41e+03,3.31e+03,2.39e+03; 3.53e+03,3.47e+03,3.37e+03,2.62e+03; 3.66e+03,3.61e+03,3.50e+03,2.64e+03; 3.71e+03,3.66e+03,3.57e+03,2.90e+03; 3.79e+03,3.74e+03,3.66e+03,3.07e+03; 3.90e+03,3.85e+03,3.76e+03,3.15e+03; 4.06e+03,4.00e+03,3.89e+03,3.13e+03; 4.13e+03,4.08e+03,3.97e+03,3.32e+03; 4.30e+03,4.25e+03,4.15e+03,3.23e+03; 4.41e+03,4.36e+03,4.25e+03,3.33e+03; 4.32e+03,4.28e+03,4.24e+03,3.92e+03; 4.48e+03,4.44e+03,4.37e+03,3.90e+03; 4.62e+03,4.57e+03,4.48e+03,3.92e+03; 4.65e+03,4.60e+03,4.56e+03,4.21e+03; 4.69e+03,4.64e+03,4.64e+03,4.47e+03; 4.78e+03,4.74e+03,4.74e+03,4.59e+03; 5.00e+03,4.95e+03,4.88e+03,4.44e+03; 5.08e+03,5.03e+03,4.97e+03,4.61e+03; 5.11e+03,5.07e+03,5.05e+03,4.89e+03; 5.22e+03,5.18e+03,5.16e+03,4.98e+03; 5.39e+03,5.35e+03,5.28e+03,4.94e+03; 5.47e+03,5.43e+03,5.38e+03,5.09e+03; 5.55e+03,5.51e+03,5.48e+03,5.25e+03; 5.64e+03,5.60e+03,5.59e+03,5.38e+03; 5.71e+03,5.68e+03,5.67e+03,5.56e+03; 5.80e+03,5.78e+03,5.77e+03,5.70e+03; 5.92e+03,5.88e+03,5.88e+03,5.79e+03; 6.03e+03,6.00e+03,5.99e+03,5.87e+03; 6.12e+03,6.09e+03,6.09e+03,6.01e+03; 6.22e+03,6.19e+03,6.18e+03,6.13e+03; 6.34e+03,6.30e+03,6.30e+03,6.20e+03; 6.43e+03,6.40e+03,6.40e+03,6.34e+03; 6.53e+03,6.50e+03,6.49e+03,6.46e+03; 6.63e+03,6.61e+03,6.60e+03,6.55e+03; 6.73e+03,6.71e+03,6.70e+03,6.67e+03","63,1,63,1,1,63,15,1,1,1,63,63,63,63,63,63,63,1,63,47,63,63,1,63,63,1,63,1,1,63,15,63,1,1,47,63,47,63,15,1,1,47,1,1,63,1,1,15,47,1,63,63,15,63,15,15,15,1,1,47,1,63,63,63"
53,29.36,24.72,"13.70,15.98,17.36,18.36,19.31,20.42,21.53,22.54,23.41,24.00,24.52,24.93,25.42,25.83,26.32,26.93,27.44,27.82,28.01,28.32,28.36,28.73,29.19,29.79,30.03,30.39,30.56,30.65,31.16,31.43,31.86,32.50,32.77,33.13,33.37,33.88,33.99,34.35,34.65,35.08,35.22,35.57,35.53,35.36,36.18,35.64,36.55,36.76,36.55,37.23,37.31,37.47,38.99,38.23,37.76,38.19,37.83,38.61,38.43,38.86,40.10,39.47,38.97,39.95","8.82e+01,8.66e+01,6.32e+01,4.96e+01","3,8,3,8","3.57e+02; 7.14e+02; 1.07e+03; 1.38e+03,4.51e+01; 1.27e+03,5.12e+02; 1.29e+03,8.47e+02; 1.38e+03,1.12e+03; 1.51e+03,1.35e+03; 1.67e+03,1.54e+03; 1.84e+03,1.73e+03; 2.02e+03,1.91e+03; 2.20e+03,2.09e+03; 2.37e+03,2.27e+03; 2.47e+03,2.38e+03,1.46e+02; 2.63e+03,2.54e+03,1.85e+02; 2.75e+03,2.69e+03,2.68e+02; 2.88e+03,2.82e+03,3.69e+02; 3.14e+03,3.09e+03,1.97e+02; 3.14e+03,3.09e+03,5.48e+02; 3.29e+03,3.23e+03,6.17e+02; 3.26e+03,3.21e+03,8.93e+02,1.28e+02; 3.28e+03,3.23e+03,1.34e+03; 3.12e+03,3.07e+03,1.42e+03,6.09e+02; 3.17e+03,3.13e+03,1.46e+03,8.01e+02; 3.25e+03,3.22e+03,1.55e+03,9.05e+02; 3.30e+03,3.26e+03,1.66e+03,1.06e+03; 3.48e+03,3.44e+03,1.72e+03,9.99e+02; 3.55e+03,3.51e+03,1.68e+03,1.26e+03; 3.61e+03,3.58e+03,2.33e+03,8.26e+02; 3.69e+03,3.65e+03,2.54e+03,8.31e+02; 3.54e+03,3.51e+03,2.51e+03,1.50e+03; 3.63e+03,3.60e+03,2.64e+03,1.56e+03; 3.71e+03,3.68e+03,2.75e+03,1.65e+03; 3.78e+03,3.75e+03,2.88e+03,1.72e+03; 3.82e+03,3.79e+03,2.53e+03,2.36e+03; 4.05e+03,4.03e+03,2.82e+03,1.95e+03; 4.01e+03,3.99e+03,3.09e+03,2.12e+03; 4.07e+03,4.04e+03,3.34e+03,2.12e+03; 4.14e+03,4.11e+03,3.44e+03,2.23e+03; 4.19e+03,4.16e+03,3.54e+03,2.38e+03; 4.31e+03,4.29e+03,3.65e+03,2.38e+03; 4.38e+03,4.36e+03,3.71e+03,2.54e+03; 4.50e+03,4.47e+03,3.42e+03,2.96e+03; 4.63e+03,4.60e+03,3.76e+03,2.72e+03; 4.81e+03,4.79e+03,4.26e+03,2.19e+03; 4.82e+03,4.80e+03,4.27e+03,2.52e+03; 4.80e+03,4.78e+03,4.24e+03,2.96e+03; 4.90e+03,4.88e+03,4.34e+03,3.01e+03; 4.98e+03,4.95e+03,4.41e+03,3.15e+03; 5.04e+03,5.02e+03,4.55e+03,3.24e+03; 5.09e+03,5.07e+03,4.55e+03,3.50e+03; 5.34e+03,5.32e+03,4.69e+03,3.21e+03; 5.31e+03,5.28e+03,4.84e+03,3.48e+03; 5.43e+03,5.41e+03,4.99e+03,3.44e+03; 5.49e+03,5.47e+03,5.06e+03,3.61e+03; 5.55e+03,5.53e+03,5.15e+03,3.76e+03; 5.63e+03,5.61e+03,5.22e+03,3.88e+03; 5.72e+03,5.70e+03,5.32e+03,3.96e+03; 5.76e+03,5.74e+03,5.39e+03,4.17e+03; 5.97e+03,5.95e+03,5.60e+03,3.90e+03; 5.98e+03,5.96e+03,5.66e+03,4.16e+03; 6.11e+03,6.09e+03,5.80e+03,4.12e+03; 6.12e+03,6.10e+03,5.81e+03,4.44e+03; 6.21e+03,6.19e+03,5.91e+03,4.54e+03","56,56,56,56,56,56,56,56,56,56,56,56,56,56,56,56,56,8,56,8,62,56,56,56,56,62,8,56,56,56,56,56,56,56,56,56,8,56,56,56,6,56,62,56,56,8,8,62,56,56,62,62,6,56,62,56,6,56,56,56,8,8,6,56"
54,30.42,27.54,"13.20,15.47,17.86,20.10,21.90,23.33,24.46,25.42,26.18,26.76,27.24,27.68,28.14,28.66,29.10,29.59,29.99,30.23,30.47,30.75,31.14,31.26,31.64,32.00,32.23,32.57,32.56,32.85,33.38,33.54,33.70,34.16,34.61,34.54,34.74,35.00,35.31,35.49,35.73,36.00,36.64,36.47,36.56,36.59,36.68,37.00,37.64,37.47,37.88,37.73,38.16,37.86,38.29,38.21,39.37,38.90,38.94,38.82,38.96,39.10,39.43,39.35,39.00,39.65","9.83e+01,9.81e+01,4.03e+01,1.80e+01","0,8,0,8","3.16e+02; 5.96e+02,3.63e+01; 5.54e+02,3.94e+02; 6.69e+02,5.96e+02; 8.11e+02,7.70e+02; 9.61e+02,9.35e+02; 1.12e+03,1.10e+03; 1.27e+03,1.26e+03; 1.43e+03,1.42e+03; 1.59e+03,1.58e+03; 1.74e+03,1.73e+03; 1.90e+03,1.89e+03; 2.06e+03,2.05e+03; 2.22e+03,2.21e+03; 2.37e+03,2.37e+03; 2.53e+03,2.53e+03; 2.69e+03,2.68e+03; 2.85e+03,2.84e+03; 3.01e+03,3.00e+03; 3.16e+03,3.16e+03; 3.29e+03,3.28e+03,7.37e+01; 3.22e+03,3.22e+03,5.19e+02; 3.25e+03,3.24e+03,6.95e+02,8.27e+01; 3.13e+03,3.13e+03,1.11e+03,2.18e+02; 3.21e+03,3.21e+03,1.12e+03,3.64e+02; 3.29e+03,3.29e+03,1.30e+03,3.35e+02; 3.44e+03,3.44e+03,1.24e+03,4.09e+02; 3.71e+03,3.70e+03,1.44e+03; 3.58e+03,3.57e+03,1.69e+03,3.27e+02; 3.61e+03,3.60e+03,1.83e+03,4.46e+02; 3.61e+03,3.60e+03,2.06e+03,5.31e+02; 3.59e+03,3.58e+03,2.17e+03,7.81e+02; 3.69e+03,3.69e+03,2.22e+03,8.39e+02; 3.76e+03,3.76e+03,2.32e+03,9.08e+02; 4.12e+03,4.11e+03,1.95e+03,8.86e+02; 4.05e+03,4.05e+03,2.11e+03,1.17e+03; 4.20e+03,4.20e+03,2.79e+03,5.07e+02; 4.33e+03,4.33e+03,3.14e+03,2.13e+02; 4.11e+03,4.11e+03,2.82e+03,1.29e+03; 4.15e+03,4.14e+03,3.02e+03,1.33e+03; 4.23e+03,4.23e+03,3.10e+03,1.40e+03; 4.31e+03,4.31e+03,3.16e+03,1.50e+03; 4.38e+03,4.38e+03,2.77e+03,2.06e+03; 4.76e+03,4.76e+03,2.75e+03,1.64e+03; 4.59e+03,4.58e+03,3.44e+03,1.62e+03; 4.67e+03,4.67e+03,3.77e+03,1.43e+03; 4.70e+03,4.70e+03,3.64e+03,1.82e+03; 4.78e+03,4.77e+03,3.76e+03,1.87e+03; 4.84e+03,4.84e+03,3.83e+03,1.98e+03; 4.96e+03,4.95e+03,3.90e+03,1.99e+03; 5.01e+03,5.01e+03,3.97e+03,2.12e+03; 5.14e+03,5.14e+03,4.00e+03,2.16e+03; 5.20e+03,5.20e+03,4.25e+03,2.10e+03; 5.67e+03,5.67e+03,4.75e+03,9.78e+02; 5.34e+03,5.33e+03,4.40e+03,2.32e+03; 5.41e+03,5.41e+03,4.48e+03,2.41e+03; 5.51e+03,5.51e+03,4.58e+03,2.42e+03; 5.60e+03,5.60e+03,4.62e+03,2.52e+03; 5.31e+03,5.31e+03,4.59e+03,3.44e+03; 5.79e+03,5.79e+03,4.78e+03,2.60e+03; 5.81e+03,5.81e+03,5.00e+03,2.66e+03; 6.48e+03,6.48e+03,5.74e+03,9.00e+02; 5.93e+03,5.93e+03,5.04e+03,3.01e+03; 6.08e+03,6.08e+03,5.23e+03,2.84e+03","0,0,0,0,0,0,0,0,0,0,0,0,0,0,0,0,0,48,55,0,0,0,62,0,0,55,0,0,48,0,0,55,0,0,55,62,0,55,48,0,48,48,0,0,55,55,48,55,48,0,55,62,48,48,62,48,62,48,62,48,62,62,48,55"
55,25.12,22.01,"11.43,13.79,15.23,16.25,17.12,18.16,19.09,19.79,20.43,21.00,21.49,21.93,22.36,22.82,23.26,23.63,24.00,24.32,24.61,24.90,25.13,25.45,25.70,25.93,26.22,26.38,26.71,26.87,27.07,27.24,27.37,27.64,27.77,27.93,28.10,28.27,28.56,28.48,28.74,29.08,29.37,29.48,29.23,29.66,29.69,29.93,30.17,30.22,30.57,30.57,30.52,30.76,31.11,31.07,31.24,31.17,31.43,31.54,31.54,31.89,32.28,32.35,32.57,32.55","4.73e+01,4.56e+01,1.82e+01,2.98e-03","3,11,3,11","1.38e+02; 2.76e+02; 4.14e+02; 5.51e+02; 5.27e+02,1.63e+02; 5.16e+02,3.11e+02; 5.52e+02,4.13e+02; 6.06e+02,4.97e+02; 6.66e+02,5.74e+02; 7.30e+02,6.48e+02; 7.98e+02,7.18e+02; 8.67e+02,7.88e+02; 9.34e+02,8.58e+02; 9.99e+02,9.31e+02; 1.06e+03,1.00e+03; 1.13e+03,1.08e+03; 1.20e+03,1.15e+03; 1.26e+03,1.22e+03; 1.33e+03,1.29e+03; 1.40e+03,1.36e+03; 1.47e+03,1.43e+03; 1.54e+03,1.50e+03; 1.61e+03,1.57e+03; 1.67e+03,1.64e+03; 1.74e+03,1.71e+03; 1.81e+03,1.78e+03; 1.88e+03,1.85e+03; 1.95e+03,1.91e+03; 2.01e+03,1.98e+03; 2.08e+03,2.05e+03; 2.15e+03,2.12e+03; 2.11e+03,2.08e+03,2.18e+02; 2.17e+03,2.14e+03,2.36e+02; 2.20e+03,2.17e+03,3.20e+02; 2.43e+03,2.40e+03; 2.43e+03,2.41e+03,1.26e+02; 2.29e+03,2.26e+03,5.47e+02; 2.32e+03,2.30e+03,6.22e+02; 2.34e+03,2.32e+03,7.18e+02; 2.33e+03,2.30e+03,8.83e+02; 2.37e+03,2.35e+03,9.34e+02; 2.39e+03,2.37e+03,1.03e+03; 2.97e+03,2.95e+03; 2.59e+03,2.57e+03,9.11e+02; 2.52e+03,2.49e+03,1.19e+03; 2.54e+03,2.52e+03,1.28e+03; 2.58e+03,2.56e+03,1.34e+03; 2.59e+03,2.57e+03,1.46e+03; 2.64e+03,2.62e+03,1.49e+03; 2.67e+03,2.65e+03,1.58e+03; 2.79e+03,2.77e+03,1.46e+03; 2.81e+03,2.79e+03,1.57e+03; 2.78e+03,2.76e+03,1.76e+03; 2.82e+03,2.80e+03,1.83e+03; 2.86e+03,2.84e+03,1.88e+03; 2.90e+03,2.88e+03,1.94e+03; 2.94e+03,2.92e+03,1.99e+03; 2.97e+03,2.95e+03,2.08e+03; 3.03e+03,3.01e+03,2.09e+03; 3.07e+03,3.05e+03,2.15e+03; 3.08e+03,3.06e+03,2.28e+03; 3.12e+03,3.10e+03,2.33e+03; 3.16e+03,3.15e+03,2.38e+03; 3.19e+03,3.18e+03,2.45e+03","48,48,48,48,48,48,48,48,48,48,48,48,48,48,48,48,0,0,48,48,0,48,48,0,48,48,48,0,0,62,48,0,62,48,0,48,48,32,0,0,48,0,0,32,32,0,62,48,48,62,0,48,32,0,62,62,0,0,62,48,48,48,62,48"
56,26.48,23.50,"11.42,13.94,15.81,17.88,19.66,21.10,22.25,23.18,23.90,24.52,25.01,25.47,25.93,26.37,26.84,27.34,27.74,28.06,28.38,28.70,28.93,29.21,29.41,29.89,30.10,30.55,30.49,30.75,31.13,31.22,31.41,31.80,32.12,32.52,32.25,32.83,32.99,33.30,33.30,33.66,33.74,33.65,33.53,34.10,34.09,34.35,34.39,34.51,34.69,34.93,34.65,34.86,35.38,35.56,35.58,35.47,35.87,35.94,35.57,36.47,36.03,36.25,36.29,36.48","3.99e+01,3.96e+01,9.70e-01,1.72e-03","3,11,3,11","9.99e+01; 2.00e+02; 2.13e+02,8.69e+01; 2.28e+02,1.71e+02; 2.65e+02,2.34e+02; 3.09e+02,2.90e+02; 3.56e+02,3.43e+02; 4.04e+02,3.95e+02; 4.53e+02,4.45e+02; 5.03e+02,4.96e+02; 5.53e+02,5.46e+02; 6.03e+02,5.96e+02; 6.53e+02,6.46e+02; 7.02e+02,6.96e+02; 7.52e+02,7.46e+02; 8.01e+02,7.97e+02; 8.51e+02,8.47e+02; 9.01e+02,8.97e+02; 9.51e+02,9.47e+02; 1.00e+03,9.97e+02; 1.05e+03,1.05e+03,1.60e+00; 1.08e+03,1.07e+03,4.69e+01; 1.09e+03,1.09e+03,1.16e+02; 1.08e+03,1.07e+03,2.46e+02; 1.11e+03,1.11e+03,2.82e+02; 1.12e+03,1.11e+03,3.66e+02; 1.35e+03,1.35e+03; 1.23e+03,1.23e+03,3.33e+02; 1.20e+03,1.20e+03,4.93e+02; 1.24e+03,1.23e+03,5.27e+02; 1.25e+03,1.25e+03,5.95e+02; 1.26e+03,1.26e+03,6.69e+02; 1.29e+03,1.29e+03,7.09e+02; 1.32e+03,1.32e+03,7.61e+02; 1.49e+03,1.49e+03,5.11e+02; 1.47e+03,1.47e+03,6.50e+02; 1.40e+03,1.40e+03,8.93e+02; 1.44e+03,1.43e+03,9.26e+02; 1.46e+03,1.46e+03,9.75e+02; 1.49e+03,1.49e+03,1.01e+03; 1.53e+03,1.52e+03,1.04e+03; 1.56e+03,1.56e+03,1.07e+03; 1.66e+03,1.66e+03,9.69e+02; 1.65e+03,1.65e+03,1.10e+03; 1.66e+03,1.65e+03,1.18e+03; 1.69e+03,1.69e+03,1.22e+03; 1.71e+03,1.71e+03,1.27e+03; 1.74e+03,1.74e+03,1.31e+03; 1.78e+03,1.78e+03,1.34e+03; 1.81e+03,1.81e+03,1.37e+03; 1.87e+03,1.87e+03,1.36e+03; 1.92e+03,1.91e+03,1.36e+03; 1.90e+03,1.90e+03,1.49e+03; 1.93e+03,1.93e+03,1.54e+03; 1.96e+03,1.96e+03,1.58e+03; 1.94e+03,1.94e+03,1.59e+03,1.23e+02; 2.02e+03,2.02e+03,1.66e+03; 2.05e+03,2.05e+03,1.69e+03; 2.13e+03,2.13e+03,1.64e+03; 2.16e+03,2.16e+03,1.67e+03; 2.15e+03,2.15e+03,1.80e+03; 2.18e+03,2.18e+03,1.83e+03; 2.21e+03,2.21e+03,1.87e+03; 2.25e+03,2.25e+03,1.90e+03","63,63,63,63,63,63,63,63,63,63,63,63,63,63,63,63,63,63,63,63,63,63,63,63,63,63,63,49,63,49,63,63,63,63,61,63,63,62,63,62,62,62,62,49,62,62,63,61,62,61,62,61,63,63,63,63,61,61,62,49,61,49,61,49"
57,32.82,29.30,"8.72,14.28,16.89,18.82,20.42,21.81,22.94,23.93,24.78,25.62,26.33,27.08,27.75,28.45,29.16,29.99,30.71,31.37,31.91,32.38,32.81,33.27,33.80,34.39,34.94,35.46,35.85,36.21,36.53,36.87,37.23,37.65,38.07,38.48,38.77,39.07,39.31,39.58,39.86,40.16,40.49,40.80,41.04,41.24,41.48,41.67,41.89,42.07,42.36,42.64,42.78,42.99,43.15,43.32,43.48,43.65,43.84,43.96,44.18,44.41,44.55,44.65,44.72,44.86","1.46e+01,1.45e+01,1.43e+01,5.07e+00","12,4,4,4","6.02e+01; 6.40e+01,5.63e+01; 9.36e+01,8.70e+01; 1.13e+02,1.04e+02,2.43e+01; 1.30e+02,1.19e+02,5.18e+01; 1.49e+02,1.35e+02,7.74e+01; 1.66e+02,1.49e+02,9.94e+01,6.62e+00; 1.79e+02,1.59e+02,1.11e+02,3.29e+01; 1.85e+02,1.64e+02,1.23e+02,6.94e+01; 1.94e+02,1.74e+02,1.28e+02,1.06e+02; 2.16e+02,1.97e+02,1.47e+02,1.02e+02; 2.28e+02,2.10e+02,1.56e+02,1.28e+02; 2.45e+02,2.26e+02,1.70e+02,1.42e+02; 2.60e+02,2.41e+02,1.87e+02,1.55e+02; 2.72e+02,2.53e+02,2.03e+02,1.75e+02; 2.81e+02,2.62e+02,2.21e+02,1.99e+02; 2.92e+02,2.74e+02,2.38e+02,2.20e+02; 3.04e+02,2.86e+02,2.50e+02,2.43e+02; 3.18e+02,3.01e+02,2.68e+02,2.56e+02; 3.34e+02,3.17e+02,2.84e+02,2.70e+02; 3.49e+02,3.33e+02,2.98e+02,2.84e+02; 3.64e+02,3.48e+02,3.13e+02,3.00e+02; 3.77e+02,3.62e+02,3.27e+02,3.18e+02; 3.90e+02,3.75e+02,3.49e+02,3.31e+02; 4.03e+02,3.88e+02,3.67e+02,3.47e+02; 4.17e+02,4.02e+02,3.83e+02,3.63e+02; 4.31e+02,4.17e+02,4.00e+02,3.77e+02; 4.46e+02,4.32e+02,4.15e+02,3.91e+02; 4.62e+02,4.48e+02,4.30e+02,4.06e+02; 4.76e+02,4.63e+02,4.45e+02,4.22e+02; 4.91e+02,4.77e+02,4.60e+02,4.37e+02; 5.05e+02,4.92e+02,4.77e+02,4.53e+02; 5.19e+02,5.06e+02,4.94e+02,4.68e+02; 5.33e+02,5.20e+02,5.10e+02,4.83e+02; 5.48e+02,5.35e+02,5.26e+02,4.97e+02; 5.63e+02,5.51e+02,5.41e+02,5.12e+02; 5.78e+02,5.66e+02,5.56e+02,5.27e+02; 5.93e+02,5.81e+02,5.71e+02,5.42e+02; 6.08e+02,5.96e+02,5.86e+02,5.58e+02; 6.22e+02,6.11e+02,6.02e+02,5.73e+02; 6.37e+02,6.25e+02,6.18e+02,5.88e+02; 6.51e+02,6.40e+02,6.34e+02,6.03e+02; 6.66e+02,6.55e+02,6.49e+02,6.18e+02; 6.81e+02,6.70e+02,6.64e+02,6.32e+02; 6.96e+02,6.85e+02,6.79e+02,6.47e+02; 7.11e+02,7.01e+02,6.94e+02,6.63e+02; 7.25e+02,7.16e+02,7.08e+02,6.80e+02; 7.40e+02,7.30e+02,7.22e+02,6.96e+02; 7.55e+02,7.45e+02,7.38e+02,7.11e+02; 7.69e+02,7.60e+02,7.53e+02,7.27e+02; 7.84e+02,7.75e+02,7.68e+02,7.42e+02; 7.96e+02,7.90e+02,7.77e+02,7.67e+02; 8.11e+02,8.05e+02,7.93e+02,7.81e+02; 8.25e+02,8.20e+02,8.06e+02,7.99e+02; 8.43e+02,8.35e+02,8.27e+02,8.05e+02; 8.57e+02,8.50e+02,8.40e+02,8.22e+02; 8.74e+02,8.65e+02,8.58e+02,8.33e+02; 8.89e+02,8.80e+02,8.74e+02,8.48e+02; 9.03e+02,8.95e+02,8.89e+02,8.64e+02; 9.17e+02,9.10e+02,9.01e+02,8.83e+02; 9.31e+02,9.25e+02,9.14e+02,9.02e+02; 9.47e+02,9.40e+02,9.33e+02,9.11e+02; 9.58e+02,9.54e+02,9.40e+02,9.38e+02; 9.79e+02,9.70e+02,9.66e+02,9.35e+02","48,48,48,48,48,48,48,48,48,48,48,48,48,48,48,48,48,48,48,48,48,48,48,48,48,48,48,48,48,48,48,48,48,48,48,48,48,48,48,48,48,48,48,48,48,48,48,48,48,48,48,48,48,48,48,50,48,48,48,48,48,54,0,48"
58,40.75,37.07,"12.16,17.67,20.14,22.62,24.31,25.83,27.14,28.30,29.27,30.20,30.97,31.79,32.50,33.18,33.83,34.41,34.93,35.45,35.92,36.41,36.85,37.29,37.72,38.11,38.49,38.84,39.16,39.51,39.80,40.17,40.52,40.82,41.08,41.29,41.48,41.76,42.00,42.25,42.53,42.78,42.97,43.20,43.39,43.58,43.73,43.95,44.21,44.45,44.59,44.83,44.99,45.09,45.26,45.35,45.59,45.72,45.90,46.04,46.14,46.30,46.45,46.57,46.70,46.85","1.34e+01,1.34e+01,1.33e+01,9.56e+00","0,8,0,0","6.16e+01; 6.32e+01,5.99e+01; 7.64e+01,7.25e+01,3.59e+01; 9.26e+01,8.73e+01,6.65e+01; 1.09e+02,1.03e+02,8.58e+01,9.80e+00; 1.26e+02,1.15e+02,9.00e+01,3.86e+01; 1.46e+02,1.33e+02,1.07e+02,4.46e+01; 1.64e+02,1.47e+02,1.20e+02,6.16e+01; 1.79e+02,1.61e+02,1.39e+02,7.50e+01; 2.01e+02,1.85e+02,1.62e+02,6.87e+01; 2.06e+02,1.92e+02,1.69e+02,1.10e+02; 2.41e+02,2.22e+02,1.84e+02,9.12e+01; 2.60e+02,2.40e+02,1.99e+02,1.01e+02; 2.70e+02,2.52e+02,2.16e+02,1.25e+02; 2.88e+02,2.68e+02,2.31e+02,1.37e+02; 3.05e+02,2.84e+02,2.48e+02,1.48e+02; 3.23e+02,3.00e+02,2.68e+02,1.55e+02; 3.41e+02,3.18e+02,2.85e+02,1.65e+02; 3.59e+02,3.36e+02,2.98e+02,1.78e+02; 3.76e+02,3.53e+02,3.11e+02,1.92e+02; 3.92e+02,3.69e+02,3.26e+02,2.06e+02; 4.11e+02,3.87e+02,3.42e+02,2.15e+02; 4.28e+02,4.03e+02,3.57e+02,2.29e+02; 4.45e+02,4.18e+02,3.74e+02,2.41e+02; 4.62e+02,4.35e+02,3.93e+02,2.50e+02; 4.77e+02,4.51e+02,4.09e+02,2.64e+02; 4.94e+02,4.68e+02,4.23e+02,2.78e+02; 5.09e+02,4.83e+02,4.36e+02,2.97e+02; 5.21e+02,4.97e+02,4.51e+02,3.17e+02; 5.45e+02,5.18e+02,4.68e+02,3.16e+02; 5.60e+02,5.32e+02,4.81e+02,3.36e+02; 5.76e+02,5.48e+02,4.98e+02,3.48e+02; 5.93e+02,5.64e+02,5.16e+02,3.60e+02; 6.09e+02,5.79e+02,5.31e+02,3.75e+02; 6.24e+02,5.93e+02,5.43e+02,3.96e+02; 6.42e+02,6.11e+02,5.59e+02,4.06e+02; 6.56e+02,6.23e+02,5.68e+02,4.31e+02; 6.73e+02,6.41e+02,5.86e+02,4.41e+02; 6.87e+02,6.54e+02,5.98e+02,4.63e+02; 7.02e+02,6.69e+02,6.15e+02,4.78e+02; 7.18e+02,6.84e+02,6.32e+02,4.91e+02; 7.34e+02,7.01e+02,6.48e+02,5.04e+02; 7.47e+02,7.12e+02,6.58e+02,5.31e+02; 7.64e+02,7.28e+02,6.71e+02,5.48e+02; 7.79e+02,7.43e+02,6.83e+02,5.67e+02; 7.98e+02,7.61e+02,7.04e+02,5.70e+02; 8.10e+02,7.73e+02,7.17e+02,5.95e+02; 8.25e+02,7.88e+02,7.33e+02,6.11e+02; 8.40e+02,8.03e+02,7.49e+02,6.26e+02; 8.55e+02,8.19e+02,7.65e+02,6.40e+02; 8.62e+02,8.29e+02,7.78e+02,6.72e+02; 8.86e+02,8.48e+02,7.91e+02,6.77e+02; 8.99e+02,8.61e+02,8.04e+02,6.99e+02; 9.22e+02,8.84e+02,8.28e+02,6.92e+02; 9.33e+02,8.96e+02,8.41e+02,7.18e+02; 9.48e+02,9.09e+02,8.52e+02,7.39e+02; 9.63e+02,9.24e+02,8.68e+02,7.56e+02; 9.79e+02,9.40e+02,8.84e+02,7.69e+02; 9.94e+02,9.55e+02,8.99e+02,7.86e+02; 1.01e+03,9.68e+02,9.10e+02,8.08e+02; 1.02e+03,9.81e+02,9.22e+02,8.31e+02; 1.04e+03,9.96e+02,9.38e+02,8.47e+02; 1.06e+03,1.02e+03,9.61e+02,8.40e+02; 1.07e+03,1.03e+03,9.69e+02,8.75e+02","48,48,48,48,48,48,48,48,48,48,48,48,48,48,48,48,48,48,48,48,48,48,48,48,48,48,48,48,48,48,48,48,48,0,0,48,0,48,48,48,48,48,0,0,0,48,48,48,48,48,48,0,0,50,48,50,48,48,0,0,0,0,54,50"
66,0.18,0.18,"0.00,0.01,0.03,0.04,0.06,0.07,0.09,0.10,0.12,0.16,0.20,0.24,0.27,0.30,0.32,0.34,0.37,0.42,0.47,0.52,0.56,0.59,0.61,0.64,0.67,0.72,0.78,0.83,0.87,0.90,0.92,0.95,0.98,1.03,1.09,1.13,1.17,1.20,1.24,1.26,1.30,1.34,1.40,1.44,1.48,1.51,1.55,1.57,1.61,1.65,1.70,1.74,1.78,1.81,1.84,1.87,1.90,1.95,1.99,2.03,2.06,2.10,2.13,2.16","8.90e-06,7.07e-10,4.09e-10,2.02e-10","9,9,9,9","1.10e-05; 2.21e-05; 3.31e-05; 4.42e-05; 5.52e-05; 6.62e-05; 7.73e-05; 8.83e-05; 9.93e-05; 1.10e-04; 1.21e-04; 1.32e-04; 1.43e-04; 1.55e-04; 1.66e-04; 1.77e-04; 1.88e-04; 1.99e-04; 2.10e-04; 2.21e-04; 2.32e-04; 2.43e-04; 2.54e-04; 2.65e-04; 2.76e-04; 2.87e-04; 2.98e-04; 3.09e-04; 3.20e-04; 3.22e-04,8.85e-06; 3.10e-04,3.21e-05; 3.09e-04,4.45e-05; 3.16e-04,4.84e-05; 3.28e-04,4.73e-05; 3.46e-04,4.06e-05; 3.58e-04,3.95e-05; 3.56e-04,5.23e-05; 3.46e-04,7.30e-05; 3.39e-04,9.13e-05; 3.39e-04,1.02e-04; 3.47e-04,1.06e-04; 3.59e-04,1.05e-04; 3.74e-04,1.01e-04; 3.84e-04,1.01e-04; 3.84e-04,1.12e-04; 3.77e-04,1.30e-04; 3.73e-04,1.46e-04; 3.75e-04,1.55e-04; 3.82e-04,1.58e-04; 3.93e-04,1.59e-04; 4.07e-04,1.56e-04; 4.16e-04,1.58e-04; 4.17e-04,1.68e-04; 4.13e-04,1.83e-04; 4.10e-04,1.97e-04; 4.13e-04,2.06e-04; 4.20e-04,2.09e-04; 4.30e-04,2.10e-04; 4.43e-04,2.08e-04; 4.52e-04,2.11e-04; 4.53e-04,2.20e-04; 4.49e-04,2.35e-04; 4.48e-04,2.48e-04; 4.51e-04,2.55e-04","39,39,39,39,39,39,39,39,39,39,39,39,39,39,39,39,39,39,39,39,39,39,39,39,39,39,39,39,39,39,39,39,39,39,39,39,39,39,39,39,39,39,39,39,39,39,39,39,39,39,39,39,39,39,39,39,39,39,39,39,39,39,39,39"
67,0.14,0.08,"0.00,0.00,0.01,0.01,0.01,0.02,0.02,0.03,0.04,0.05,0.06,0.07,0.08,0.09,0.10,0.11,0.12,0.14,0.16,0.17,0.19,0.20,0.22,0.23,0.25,0.27,0.28,0.30,0.32,0.34,0.36,0.37,0.39,0.41,0.43,0.45,0.47,0.49,0.51,0.53,0.55,0.57,0.59,0.61,0.63,0.65,0.67,0.69,0.71,0.73,0.75,0.77,0.79,0.81,0.83,0.85,0.87,0.89,0.91,0.93,0.96,0.98,1.00,1.01","7.34e-06,5.16e-10,2.22e-10,1.69e-10","13,13,13,13","9.11e-06; 1.82e-05; 2.73e-05; 3.64e-05; 4.55e-05; 5.46e-05; 6.37e-05; 7.28e-05; 8.20e-05; 9.11e-05; 1.00e-04; 1.09e-04; 1.18e-04; 1.27e-04; 1.37e-04; 1.46e-04; 1.55e-04; 1.64e-04; 1.73e-04; 1.82e-04; 1.91e-04; 2.00e-04; 2.09e-04; 2.19e-04; 2.28e-04; 2.37e-04; 2.46e-04; 2.55e-04; 2.64e-04; 2.73e-04; 2.82e-04; 2.91e-04; 3.00e-04; 3.10e-04; 3.19e-04; 3.28e-04; 3.37e-04; 3.46e-04; 3.55e-04; 3.64e-04; 3.73e-04; 3.82e-04; 3.92e-04; 4.01e-04; 4.10e-04; 4.19e-04; 4.28e-04; 4.37e-04; 4.46e-04; 4.50e-04,5.01e-06; 4.55e-04,9.83e-06; 4.57e-04,1.62e-05; 4.57e-04,2.51e-05; 4.57e-04,3.49e-05; 4.59e-04,4.20e-05; 4.63e-04,4.65e-05; 4.68e-04,5.06e-05; 4.72e-04,5.59e-05; 4.77e-04,6.07e-05; 4.80e-04,6.62e-05; 4.81e-04,7.41e-05; 4.82e-04,8.22e-05; 4.85e-04,8.86e-05; 4.90e-04,9.27e-05","31,31,31,31,31,31,31,31,31,31,31,31,31,31,31,31,31,31,31,31,31,31,31,31,31,31,31,31,31,31,31,31,31,31,31,31,31,31,31,31,31,31,31,31,31,31,31,31,31,31,31,31,31,31,31,31,31,31,31,31,31,31,31,31"
68,0.16,0.17,"0.00,0.00,0.01,0.02,0.02,0.03,0.04,0.05,0.06,0.07,0.09,0.11,0.13,0.14,0.16,0.18,0.20,0.22,0.24,0.27,0.29,0.31,0.33,0.35,0.38,0.40,0.43,0.46,0.49,0.51,0.53,0.55,0.58,0.61,0.64,0.66,0.69,0.72,0.74,0.76,0.79,0.82,0.84,0.87,0.90,0.92,0.95,0.97,0.99,1.02,1.05,1.08,1.10,1.13,1.15,1.17,1.19,1.22,1.25,1.27,1.30,1.32,1.34,1.36","8.37e-06,7.69e-10,2.77e-10,2.22e-10","9,9,9,9",1.04e-05; 2.08e-05; 3.12e-05; 4.16e-05; 5.20e-05; 6.24e-05; 7.28e-05; 8.32e-05; 9.36e-05; 1.04e-04; 1.14e-04; 1.25e-04; 1.35e-04; 1.46e-04; 1.56e-04; 1.66e-04; 1.77e-04; 1.87e-04; 1.98e-04; 2.08e-04; 2.18e-04; 2.29e-04; 2.39e-04; 2.49e-04; 2.60e-04; 2.70e-04; 2.81e-04; 2.91e-04; 3.01e-04; 3.12e-04; 3.22e-04; 3.33e-04; 3.43e-04; 3.53e-04; 3.64e-04; 3.74e-04; 3.85e-04; 3.95e-04; 4.05e-04; 4.16e-04; 4.26e-04; 4.37e-04; 4.47e-04; 4.57e-04; 4.68e-04; 4.78e-04; 4.89e-04; 4.99e-04; 5.09e-04; 5.20e-04; 5.30e-04; 5.41e-04; 5.51e-04; 5.61e-04; 5.72e-04; 5.82e-04; 5.93e-04; 6.03e-04; 6.13e-04; 6.24e-04; 6.34e-04; 6.44e-04; 6.55e-04; 6.65e-04,"24,24,24,24,24,24,24,24,24,24,24,24,24,24,24,24,24,24,24,24,24,24,24,24,24,24,24,24,24,24,24,24,24,24,24,24,24,24,24,24,24,24,24,24,24,24,24,24,24,24,24,24,24,24,24,24,24,24,24,24,24,24,24,24"
69,0.14,0.08,"0.00,0.00,0.00,0.01,0.01,0.01,0.02,0.02,0.03,0.03,0.04,0.05,0.05,0.06,0.07,0.08,0.09,0.10,0.11,0.12,0.13,0.14,0.16,0.17,0.18,0.19,0.21,0.22,0.24,0.25,0.27,0.28,0.29,0.31,0.32,0.34,0.36,0.37,0.39,0.40,0.42,0.44,0.45,0.47,0.49,0.50,0.52,0.54,0.55,0.57,0.59,0.60,0.62,0.64,0.66,0.67,0.69,0.71,0.72,0.74,0.76,0.78,0.79,0.81","7.04e-06,4.00e-10,1.82e-10,1.01e-10","10,10,10,10",8.74e-06; 1.75e-05; 2.62e-05; 3.50e-05; 4.37e-05; 5.25e-05; 6.12e-05; 6.99e-05; 7.87e-05; 8.74e-05; 9.62e-05; 1.05e-04; 1.14e-04; 1.22e-04; 1.31e-04; 1.40e-04; 1.49e-04; 1.57e-04; 1.66e-04; 1.75e-04; 1.84e-04; 1.92e-04; 2.01e-04; 2.10e-04; 2.19e-04; 2.27e-04; 2.36e-04; 2.45e-04; 2.54e-04; 2.62e-04; 2.71e-04; 2.80e-04; 2.89e-04; 2.97e-04; 3.06e-04; 3.15e-04; 3.23e-04; 3.32e-04; 3.41e-04; 3.50e-04; 3.58e-04; 3.67e-04; 3.76e-04; 3.85e-04; 3.93e-04; 4.02e-04; 4.11e-04; 4.20e-04; 4.28e-04; 4.37e-04; 4.46e-04; 4.55e-04; 4.63e-04; 4.72e-04; 4.81e-04; 4.90e-04; 4.98e-04; 5.07e-04; 5.16e-04; 5.25e-04; 5.33e-04; 5.42e-04; 5.51e-04; 5.60e-04,"38,38,24,24,24,24,24,24,24,24,24,24,24,24,24,24,24,24,24,24,24,24,24,24,24,24,24,24,24,24,24,24,24,24,24,24,24,24,24,24,24,24,24,24,24,24,24,24,24,24,24,24,24,24,24,24,24,24,24,24,24,24,24,24"
72,5.09,5.28,"0.34,0.94,1.50,1.98,2.39,2.74,3.05,3.32,3.56,3.81,4.05,4.28,4.49,4.68,4.85,5.03,5.18,5.34,5.49,5.63,5.77,5.91,6.04,6.16,6.27,6.38,6.49,6.60,6.70,6.81,6.91,7.00,7.10,7.19,7.28,7.36,7.44,7.52,7.61,7.69,7.77,7.84,7.92,7.99,8.06,8.13,8.20,8.27,8.34,8.41,8.47,8.53,8.59,8.65,8.71,8.78,8.84,8.90,8.96,9.01,9.06,9.12,9.17,9.23","2.99e-03,1.54e-07,8.71e-08,5.57e-08","4,4,4,4","3.72e-03; 7.43e-03; 1.11e-02; 1.49e-02; 1.86e-02; 2.23e-02; 2.60e-02; 2.97e-02; 3.34e-02; 3.71e-02,5.16e-05; 4.09e-02; 4.46e-02; 4.83e-02; 4.76e-02,4.46e-03; 4.80e-02,7.72e-03; 5.25e-02,6.91e-03; 5.78e-02,5.38e-03; 5.71e-02,9.80e-03; 6.36e-02,7.02e-03; 6.33e-02,1.10e-02; 6.64e-02,1.17e-02; 7.40e-02,7.80e-03; 7.19e-02,1.36e-02; 7.42e-02,1.50e-02; 8.03e-02,1.26e-02; 7.84e-02,1.82e-02; 8.13e-02,1.90e-02; 8.88e-02,1.52e-02; 9.25e-02,1.52e-02; 9.55e-02,1.60e-02; 9.78e-02,1.74e-02; 9.54e-02,2.35e-02; 9.79e-02,2.48e-02; 1.00e-01,2.59e-02; 1.03e-01,2.69e-02; 1.06e-01,2.77e-02; 1.09e-01,2.84e-02; 1.12e-01,2.94e-02; 1.14e-01,3.05e-02; 1.17e-01,3.18e-02; 1.22e-01,3.03e-02; 1.24e-01,3.22e-02; 1.26e-01,3.36e-02; 1.29e-01,3.44e-02; 1.32e-01,3.50e-02; 1.35e-01,3.59e-02; 1.37e-01,3.73e-02; 1.39e-01,3.92e-02; 1.40e-01,4.16e-02; 1.42e-01,4.37e-02; 1.44e-01,4.52e-02; 1.47e-01,4.62e-02; 1.50e-01,4.70e-02; 1.53e-01,4.80e-02; 1.55e-01,4.94e-02; 1.57e-01,5.12e-02; 1.54e-01,5.77e-02; 1.56e-01,5.95e-02; 1.58e-01,6.09e-02; 1.61e-01,6.21e-02; 1.64e-01,6.32e-02; 1.66e-01,6.43e-02; 1.68e-01,6.56e-02; 1.71e-01,6.73e-02","16,16,16,16,16,16,16,16,16,16,16,16,16,16,16,16,16,16,16,16,16,16,16,16,16,16,16,16,16,16,16,16,16,16,16,16,16,16,16,16,16,16,16,16,16,16,16,16,16,16,16,16,16,16,16,16,16,16,16,16,16,16,16,16"
92,41.40,33.31,"14.27,18.57,21.04,22.53,23.70,24.68,25.48,26.11,26.99,27.34,27.96,28.61,29.23,29.80,30.40,31.02,31.84,32.38,32.91,33.42,34.03,34.61,35.09,35.55,36.00,36.45,36.82,37.27,37.71,38.07,38.45,39.05,39.43,39.30,39.52,39.69,40.03,40.48,41.00,41.08,41.18,41.64,41.70,42.52,42.45,42.45,42.92,42.99,43.13,43.62,43.67,44.00,43.80,43.89,44.24,44.48,44.96,45.33,45.10,45.82,45.26,45.66,45.69,46.54","6.42e+01,6.41e+01,5.94e+01,5.88e+01","15,1,9,15","4.19e+02; 4.71e+02,3.67e+02; 6.70e+02,5.87e+02; 8.78e+02,7.98e+02; 1.04e+03,9.58e+02,1.00e+02; 1.23e+03,1.08e+03,1.97e+02; 1.38e+03,1.17e+03,3.85e+02; 1.45e+03,1.22e+03,5.61e+02,1.21e+02; 1.49e+03,1.32e+03,8.92e+02,7.85e+01; 1.39e+03,1.24e+03,9.55e+02,6.11e+02; 1.77e+03,1.52e+03,1.01e+03,3.08e+02; 1.99e+03,1.75e+03,1.18e+03,1.06e+02; 1.98e+03,1.78e+03,9.54e+02,7.35e+02; 2.13e+03,1.92e+03,1.37e+03,4.55e+02; 2.12e+03,1.87e+03,1.30e+03,9.92e+02; 2.20e+03,1.93e+03,1.50e+03,1.07e+03; 2.22e+03,1.95e+03,1.61e+03,1.35e+03; 2.31e+03,2.04e+03,1.73e+03,1.46e+03; 2.34e+03,2.11e+03,1.77e+03,1.73e+03; 2.44e+03,2.25e+03,1.90e+03,1.79e+03; 2.59e+03,2.36e+03,2.15e+03,1.69e+03; 2.66e+03,2.53e+03,2.30e+03,1.73e+03; 2.74e+03,2.54e+03,2.39e+03,1.97e+03; 2.87e+03,2.61e+03,2.53e+03,2.05e+03; 2.97e+03,2.70e+03,2.69e+03,2.11e+03; 3.04e+03,2.77e+03,2.77e+03,2.31e+03; 3.17e+03,2.92e+03,2.92e+03,2.30e+03; 3.27e+03,3.04e+03,3.04e+03,2.38e+03; 3.38e+03,3.17e+03,3.06e+03,2.54e+03; 3.47e+03,3.27e+03,3.21e+03,2.62e+03; 3.50e+03,3.33e+03,3.31e+03,2.85e+03; 3.66e+03,3.49e+03,3.40e+03,2.85e+03; 3.77e+03,3.60e+03,3.50e+03,2.95e+03; 3.88e+03,3.68e+03,3.67e+03,3.02e+03; 3.99e+03,3.83e+03,3.74e+03,3.11e+03; 4.05e+03,3.87e+03,3.82e+03,3.35e+03; 4.19e+03,4.03e+03,3.89e+03,3.39e+03; 4.29e+03,4.15e+03,4.03e+03,3.45e+03; 4.34e+03,4.22e+03,4.14e+03,3.64e+03; 4.43e+03,4.31e+03,4.23e+03,3.78e+03; 4.40e+03,4.34e+03,4.28e+03,4.16e+03; 4.57e+03,4.46e+03,4.46e+03,4.10e+03; 4.67e+03,4.56e+03,4.55e+03,4.23e+03; 4.87e+03,4.77e+03,4.71e+03,4.09e+03; 4.95e+03,4.85e+03,4.78e+03,4.28e+03; 5.11e+03,5.01e+03,4.84e+03,4.32e+03; 5.04e+03,4.97e+03,4.94e+03,4.75e+03; 5.12e+03,5.06e+03,5.03e+03,4.90e+03; 5.22e+03,5.17e+03,5.13e+03,5.01e+03; 5.37e+03,5.29e+03,5.28e+03,5.01e+03; 5.45e+03,5.38e+03,5.37e+03,5.16e+03; 5.57e+03,5.50e+03,5.48e+03,5.22e+03; 5.66e+03,5.61e+03,5.57e+03,5.36e+03; 5.81e+03,5.75e+03,5.73e+03,5.33e+03; 5.85e+03,5.79e+03,5.78e+03,5.62e+03; 5.95e+03,5.90e+03,5.88e+03,5.72e+03; 6.05e+03,6.00e+03,5.99e+03,5.84e+03; 6.16e+03,6.10e+03,6.09e+03,5.95e+03; 6.27e+03,6.21e+03,6.21e+03,6.03e+03; 6.38e+03,6.32e+03,6.31e+03,6.13e+03; 6.48e+03,6.42e+03,6.42e+03,6.23e+03; 6.63e+03,6.57e+03,6.56e+03,6.21e+03; 6.70e+03,6.64e+03,6.64e+03,6.41e+03; 6.83e+03,6.78e+03,6.72e+03,6.48e+03","56,56,56,56,56,56,56,56,56,15,15,56,56,56,56,56,56,56,56,56,56,56,56,56,56,56,56,56,56,56,56,56,40,15,56,40,40,56,56,40,56,15,15,56,56,62,56,40,40,15,62,15,15,56,56,56,56,62,62,62,56,40,15,62"
93,40.60,33.02,"13.03,18.69,21.44,23.12,24.59,25.64,27.33,28.83,29.75,30.43,31.03,31.84,32.61,33.37,34.24,35.08,35.59,36.06,36.60,37.19,37.52,38.21,38.75,39.42,39.71,39.90,40.21,40.65,40.85,41.60,42.06,42.35,42.84,42.98,43.14,43.41,43.74,44.23,44.65,45.05,45.21,45.48,45.62,46.03,45.81,45.81,46.79,47.16,47.44,47.45,47.33,47.46,47.89,48.24,48.69,48.74,49.23,49.34,49.23,49.25,49.22,49.91,50.22,50.00","7.36e+01,7.35e+01,7.29e+01,5.34e+01","15,1,9,7","3.98e+02; 4.26e+02,3.70e+02; 6.19e+02,5.76e+02; 7.73e+02,7.11e+02,1.09e+02; 8.65e+02,7.94e+02,3.33e+02; 9.62e+02,9.06e+02,4.78e+02,4.42e+01; 9.99e+02,9.07e+02,7.38e+02,1.45e+02; 1.03e+03,9.18e+02,8.80e+02,3.63e+02; 1.13e+03,1.02e+03,9.75e+02,4.59e+02; 1.13e+03,1.07e+03,9.88e+02,7.96e+02; 1.35e+03,1.23e+03,1.20e+03,6.06e+02; 1.46e+03,1.33e+03,1.31e+03,6.76e+02; 1.56e+03,1.44e+03,1.43e+03,7.47e+02; 1.67e+03,1.56e+03,1.52e+03,8.25e+02; 1.75e+03,1.65e+03,1.61e+03,9.66e+02; 1.84e+03,1.76e+03,1.69e+03,1.08e+03; 1.93e+03,1.85e+03,1.79e+03,1.20e+03; 2.04e+03,1.95e+03,1.89e+03,1.29e+03; 2.14e+03,2.06e+03,1.99e+03,1.39e+03; 2.24e+03,2.16e+03,2.10e+03,1.46e+03; 2.33e+03,2.26e+03,2.22e+03,1.56e+03; 2.44e+03,2.38e+03,2.31e+03,1.64e+03; 2.52e+03,2.47e+03,2.39e+03,1.78e+03; 2.61e+03,2.56e+03,2.47e+03,1.92e+03; 2.71e+03,2.66e+03,2.57e+03,2.02e+03; 2.81e+03,2.76e+03,2.68e+03,2.10e+03; 2.91e+03,2.86e+03,2.77e+03,2.21e+03; 3.01e+03,2.96e+03,2.88e+03,2.31e+03; 3.24e+03,3.20e+03,3.13e+03,1.98e+03; 3.22e+03,3.18e+03,3.09e+03,2.47e+03; 3.30e+03,3.26e+03,3.17e+03,2.62e+03; 3.38e+03,3.35e+03,3.26e+03,2.76e+03; 3.48e+03,3.45e+03,3.36e+03,2.85e+03; 3.58e+03,3.55e+03,3.46e+03,2.96e+03; 3.68e+03,3.65e+03,3.55e+03,3.06e+03; 3.78e+03,3.75e+03,3.66e+03,3.14e+03; 3.95e+03,3.92e+03,3.83e+03,3.05e+03; 3.99e+03,3.96e+03,3.87e+03,3.32e+03; 4.07e+03,4.04e+03,3.95e+03,3.48e+03; 4.17e+03,4.14e+03,4.05e+03,3.57e+03; 4.27e+03,4.24e+03,4.15e+03,3.67e+03; 4.37e+03,4.34e+03,4.25e+03,3.77e+03; 4.47e+03,4.44e+03,4.35e+03,3.87e+03; 4.57e+03,4.55e+03,4.45e+03,3.95e+03; 4.67e+03,4.65e+03,4.56e+03,4.04e+03; 4.77e+03,4.75e+03,4.65e+03,4.15e+03; 4.85e+03,4.84e+03,4.74e+03,4.30e+03; 4.94e+03,4.93e+03,4.83e+03,4.43e+03; 5.04e+03,5.03e+03,4.93e+03,4.53e+03; 5.14e+03,5.13e+03,5.03e+03,4.62e+03; 5.25e+03,5.23e+03,5.13e+03,4.71e+03; 5.36e+03,5.34e+03,5.25e+03,4.76e+03; 5.47e+03,5.45e+03,5.36e+03,4.83e+03; 5.54e+03,5.52e+03,5.42e+03,5.03e+03; 5.62e+03,5.61e+03,5.51e+03,5.17e+03; 5.72e+03,5.71e+03,5.61e+03,5.27e+03; 5.82e+03,5.81e+03,5.71e+03,5.37e+03; 5.92e+03,5.91e+03,5.81e+03,5.46e+03; 6.02e+03,6.01e+03,5.91e+03,5.56e+03; 6.12e+03,6.11e+03,6.01e+03,5.66e+03; 6.24e+03,6.23e+03,6.13e+03,5.71e+03; 6.32e+03,6.31e+03,6.20e+03,5.87e+03; 6.42e+03,6.41e+03,6.30e+03,5.97e+03; 6.51e+03,6.50e+03,6.39e+03,6.10e+03","0,0,0,0,0,0,0,0,0,0,55,0,0,0,0,0,0,0,0,0,0,0,0,0,23,0,55,0,0,0,0,0,0,23,55,0,0,0,0,6,0,55,23,0,55,0,0,0,0,6,0,55,0,0,0,55,6,23,23,23,55,0,6,0"
94,30.95,26.96,"13.25,15.48,16.96,18.74,20.43,21.91,23.17,24.25,25.14,25.79,26.33,26.95,27.51,28.03,28.59,29.32,29.99,30.43,30.71,31.25,31.65,32.01,32.22,32.63,33.14,33.54,33.58,34.05,34.26,34.42,34.58,35.02,35.35,35.79,35.83,36.12,36.43,36.64,36.73,37.18,37.37,37.72,37.52,38.01,38.69,38.52,38.52,38.75,38.79,39.22,39.17,39.41,39.45,39.58,39.82,40.10,40.36,40.44,40.55,40.75,41.19,41.16,41.64,41.04","4.81e+01,4.77e+01,4.27e+01,2.62e+01","0,8,0,0","2.04e+02; 4.09e+02; 4.69e+02,1.44e+02; 4.79e+02,3.38e+02; 5.47e+02,4.75e+02; 6.34e+02,5.93e+02; 7.28e+02,7.03e+02; 7.98e+02,7.82e+02,5.58e+01; 7.98e+02,7.85e+02,2.56e+02; 8.67e+02,8.55e+02,3.22e+02; 9.30e+02,9.18e+02,4.01e+02; 9.83e+02,9.71e+02,4.99e+02; 1.02e+03,1.01e+03,6.26e+02; 1.08e+03,1.07e+03,7.04e+02; 1.15e+03,1.14e+03,7.82e+02; 1.20e+03,1.19e+03,8.78e+02; 1.25e+03,1.24e+03,9.88e+02; 1.31e+03,1.31e+03,1.06e+03; 1.39e+03,1.38e+03,1.11e+03; 1.45e+03,1.44e+03,1.20e+03; 1.50e+03,1.50e+03,1.29e+03; 1.57e+03,1.56e+03,1.37e+03; 1.60e+03,1.59e+03,1.39e+03,1.19e+02; 1.64e+03,1.63e+03,1.45e+03,1.84e+02; 1.69e+03,1.68e+03,1.52e+03,2.21e+02; 1.74e+03,1.73e+03,1.58e+03,2.67e+02; 1.79e+03,1.79e+03,1.62e+03,3.24e+02; 1.86e+03,1.85e+03,1.69e+03,3.23e+02; 2.02e+03,2.02e+03,1.88e+03; 2.06e+03,2.06e+03,1.91e+03,1.02e+02; 2.00e+03,1.99e+03,1.85e+03,5.00e+02; 2.04e+03,2.03e+03,1.90e+03,5.68e+02; 2.09e+03,2.09e+03,1.97e+03,5.97e+02; 2.14e+03,2.14e+03,2.02e+03,6.57e+02; 2.19e+03,2.18e+03,2.06e+03,7.30e+02; 2.39e+03,2.38e+03,2.27e+03,3.15e+02; 2.56e+03,2.55e+03,2.46e+03; 2.41e+03,2.40e+03,2.30e+03,6.59e+02; 2.39e+03,2.38e+03,2.28e+03,9.24e+02; 2.44e+03,2.44e+03,2.34e+03,9.55e+02; 2.50e+03,2.49e+03,2.40e+03,9.93e+02; 2.55e+03,2.54e+03,2.45e+03,1.04e+03; 2.61e+03,2.60e+03,2.51e+03,1.06e+03; 2.72e+03,2.72e+03,2.63e+03,9.31e+02; 3.09e+03,3.09e+03,3.02e+03; 2.84e+03,2.83e+03,2.75e+03,9.80e+02; 2.80e+03,2.79e+03,2.71e+03,1.30e+03; 2.85e+03,2.85e+03,2.77e+03,1.35e+03; 2.90e+03,2.89e+03,2.82e+03,1.40e+03; 2.95e+03,2.95e+03,2.88e+03,1.44e+03; 3.01e+03,3.01e+03,2.93e+03,1.48e+03; 3.23e+03,3.23e+03,3.16e+03,1.02e+03; 3.39e+03,3.39e+03,3.32e+03,7.30e+02; 3.27e+03,3.27e+03,3.20e+03,1.30e+03; 3.20e+03,3.20e+03,3.13e+03,1.71e+03; 3.26e+03,3.26e+03,3.20e+03,1.73e+03; 3.31e+03,3.31e+03,3.25e+03,1.79e+03; 3.36e+03,3.35e+03,3.29e+03,1.85e+03; 3.41e+03,3.40e+03,3.34e+03,1.91e+03; 3.47e+03,3.47e+03,3.41e+03,1.92e+03; 3.51e+03,3.51e+03,3.45e+03,2.00e+03; 3.64e+03,3.64e+03,3.58e+03,1.81e+03; 3.60e+03,3.60e+03,3.54e+03,2.14e+03; 3.66e+03,3.66e+03,3.60e+03,2.16e+03","0,0,0,0,0,0,0,0,0,0,0,0,0,0,0,0,0,0,0,0,0,55,0,0,0,23,0,55,55,23,0,0,0,23,0,0,55,55,55,55,0,0,6,0,6,55,55,0,0,23,23,0,6,23,0,23,0,0,23,55,23,55,23,6"
95,26.38,22.52,"12.50,14.78,16.17,17.14,17.84,18.35,18.76,19.06,19.60,19.96,20.34,20.86,21.26,21.58,21.84,22.03,22.40,22.70,22.85,23.38,23.90,24.20,24.49,24.74,25.04,25.37,25.68,26.04,26.68,26.75,26.99,27.36,27.66,27.74,28.02,28.24,28.96,28.95,29.24,29.47,29.63,29.78,30.04,30.08,30.71,30.71,31.09,31.15,31.39,31.38,31.75,31.91,32.19,32.51,32.62,33.08,33.03,33.07,33.35,33.75,33.89,33.96,34.16,34.26","4.30e+01,4.13e+01,2.78e+01,1.46e+01","15,7,15,15","1.57e+02; 3.14e+02; 4.72e+02; 6.29e+02; 7.86e+02; 8.91e+02,5.25e+01; 9.46e+02,1.55e+02; 1.01e+03,2.45e+02; 9.87e+02,4.27e+02; 1.06e+03,5.14e+02; 1.16e+03,5.72e+02; 1.20e+03,6.91e+02; 1.25e+03,7.93e+02; 1.32e+03,8.81e+02; 1.36e+03,9.24e+02,7.57e+01; 1.40e+03,9.71e+02,1.46e+02; 1.43e+03,1.08e+03,1.63e+02; 1.35e+03,9.79e+02,4.97e+02; 1.41e+03,1.02e+03,3.12e+02,2.42e+02; 1.45e+03,1.13e+03,4.50e+02,1.13e+02; 1.46e+03,1.16e+03,6.89e+02; 1.43e+03,1.15e+03,7.51e+02,1.36e+02; 1.41e+03,1.14e+03,7.62e+02,3.04e+02; 1.44e+03,1.18e+03,8.24e+02,3.23e+02; 1.48e+03,1.24e+03,8.54e+02,3.55e+02; 1.49e+03,1.25e+03,9.72e+02,3.72e+02; 1.67e+03,1.40e+03,9.55e+02,2.16e+02; 1.68e+03,1.48e+03,9.88e+02,2.54e+02; 1.74e+03,1.56e+03,1.26e+03; 1.61e+03,1.45e+03,1.13e+03,5.23e+02; 1.65e+03,1.50e+03,1.18e+03,5.45e+02; 1.68e+03,1.53e+03,1.23e+03,6.02e+02; 1.72e+03,1.58e+03,1.27e+03,6.24e+02; 1.75e+03,1.61e+03,1.32e+03,6.61e+02; 1.88e+03,1.74e+03,1.40e+03,4.82e+02; 1.89e+03,1.77e+03,1.29e+03,7.17e+02; 2.11e+03,2.00e+03,1.71e+03; 1.90e+03,1.80e+03,1.48e+03,7.99e+02; 1.92e+03,1.83e+03,1.51e+03,8.70e+02; 1.96e+03,1.87e+03,1.57e+03,8.86e+02; 2.00e+03,1.91e+03,1.61e+03,9.24e+02; 2.02e+03,1.93e+03,1.61e+03,1.04e+03; 2.12e+03,2.03e+03,1.68e+03,9.29e+02; 2.22e+03,2.14e+03,1.43e+03,1.13e+03; 2.21e+03,2.14e+03,1.80e+03,9.23e+02; 2.17e+03,2.11e+03,1.77e+03,1.18e+03; 2.20e+03,2.13e+03,1.81e+03,1.25e+03; 2.24e+03,2.18e+03,1.86e+03,1.28e+03; 2.28e+03,2.22e+03,1.90e+03,1.31e+03; 2.29e+03,2.23e+03,1.90e+03,1.44e+03; 2.51e+03,2.46e+03,2.06e+03,9.89e+02; 2.46e+03,2.41e+03,1.81e+03,1.49e+03; 2.54e+03,2.49e+03,2.17e+03,1.13e+03; 2.47e+03,2.42e+03,2.08e+03,1.52e+03; 2.48e+03,2.44e+03,2.11e+03,1.61e+03; 2.52e+03,2.47e+03,2.17e+03,1.64e+03; 2.56e+03,2.52e+03,2.21e+03,1.68e+03; 2.59e+03,2.55e+03,2.23e+03,1.75e+03; 2.62e+03,2.58e+03,2.09e+03,1.97e+03; 2.71e+03,2.67e+03,2.22e+03,1.83e+03; 2.93e+03,2.90e+03,2.61e+03,1.15e+03; 2.74e+03,2.70e+03,2.38e+03,1.92e+03; 2.76e+03,2.73e+03,2.42e+03,1.99e+03; 2.79e+03,2.76e+03,2.49e+03,2.02e+03","7,7,7,7,7,7,7,7,7,55,7,7,7,7,7,55,55,7,7,55,7,7,7,55,7,55,55,7,55,7,7,7,55,6,55,55,7,7,7,55,23,6,7,7,7,7,7,6,23,7,7,7,7,55,7,55,55,23,7,23,55,6,7,7"
96,32.48,29.00,"12.91,16.97,19.45,21.38,23.09,24.38,25.24,25.89,26.95,27.76,28.36,29.47,30.15,30.95,31.50,32.09,32.65,33.11,33.46,33.99,34.51,34.94,35.33,35.75,35.99,36.33,36.60,37.15,37.41,37.80,38.12,38.36,38.65,38.84,38.94,39.34,39.56,40.00,40.21,40.56,40.61,40.70,41.04,41.12,41.60,41.51,42.09,41.94,42.32,42.51,42.60,42.97,43.22,43.32,43.38,43.72,43.89,43.99,43.83,44.36,44.11,44.24,44.33,44.74","3.95e+01,3.93e+01,3.77e+01,1.85e+01","0,0,0,11","1.68e+02; 1.88e+02,1.47e+02; 2.69e+02,2.34e+02; 2.85e+02,2.40e+02,1.46e+02; 3.34e+02,2.96e+02,2.08e+02; 3.62e+02,3.27e+02,2.80e+02,3.57e+01; 4.23e+02,3.85e+02,3.34e+02,3.11e+01; 4.21e+02,3.80e+02,3.41e+02,1.99e+02; 4.61e+02,4.23e+02,3.84e+02,2.39e+02; 5.20e+02,4.70e+02,4.43e+02,2.43e+02; 5.33e+02,4.98e+02,4.68e+02,3.45e+02; 6.50e+02,5.95e+02,5.63e+02,2.03e+02; 7.88e+02,7.31e+02,6.60e+02; 7.43e+02,6.91e+02,6.57e+02,2.55e+02; 7.88e+02,7.37e+02,6.92e+02,2.96e+02; 8.55e+02,8.03e+02,7.30e+02,2.93e+02; 8.93e+02,8.46e+02,7.65e+02,3.44e+02; 9.40e+02,8.92e+02,8.09e+02,3.75e+02; 1.01e+03,9.64e+02,8.84e+02,3.24e+02; 1.04e+03,9.93e+02,9.17e+02,4.03e+02; 1.08e+03,1.04e+03,9.89e+02,4.02e+02; 1.10e+03,1.06e+03,9.93e+02,5.31e+02; 1.14e+03,1.10e+03,1.03e+03,5.75e+02; 1.19e+03,1.15e+03,1.06e+03,6.26e+02; 1.23e+03,1.19e+03,1.11e+03,6.54e+02; 1.27e+03,1.23e+03,1.14e+03,7.15e+02; 1.33e+03,1.29e+03,1.20e+03,6.95e+02; 1.38e+03,1.35e+03,1.25e+03,7.14e+02; 1.45e+03,1.42e+03,1.33e+03,6.52e+02; 1.45e+03,1.42e+03,1.33e+03,8.32e+02; 1.49e+03,1.45e+03,1.36e+03,8.93e+02; 1.53e+03,1.50e+03,1.40e+03,9.33e+02; 1.58e+03,1.55e+03,1.45e+03,9.49e+02; 1.62e+03,1.58e+03,1.48e+03,1.01e+03; 1.67e+03,1.63e+03,1.53e+03,1.03e+03; 1.72e+03,1.69e+03,1.58e+03,1.04e+03; 1.76e+03,1.73e+03,1.64e+03,1.07e+03; 1.81e+03,1.78e+03,1.67e+03,1.11e+03; 1.83e+03,1.81e+03,1.70e+03,1.19e+03; 1.88e+03,1.85e+03,1.74e+03,1.23e+03; 1.92e+03,1.89e+03,1.78e+03,1.28e+03; 2.02e+03,1.99e+03,1.87e+03,1.16e+03; 2.01e+03,1.98e+03,1.87e+03,1.35e+03; 2.11e+03,2.09e+03,1.95e+03,1.22e+03; 2.09e+03,2.07e+03,1.96e+03,1.43e+03; 2.14e+03,2.11e+03,2.00e+03,1.45e+03; 2.07e+03,2.05e+03,2.00e+03,1.76e+03; 2.22e+03,2.20e+03,2.08e+03,1.55e+03; 2.17e+03,2.15e+03,2.09e+03,1.80e+03; 2.28e+03,2.25e+03,2.12e+03,1.72e+03; 2.35e+03,2.33e+03,2.20e+03,1.67e+03; 2.39e+03,2.36e+03,2.24e+03,1.72e+03; 2.52e+03,2.49e+03,2.37e+03,1.50e+03; 2.45e+03,2.43e+03,2.33e+03,1.85e+03; 2.46e+03,2.44e+03,2.35e+03,1.97e+03; 2.55e+03,2.53e+03,2.40e+03,1.90e+03; 2.44e+03,2.42e+03,2.40e+03,2.28e+03; 2.55e+03,2.54e+03,2.47e+03,2.16e+03; 2.64e+03,2.62e+03,2.49e+03,2.14e+03; 2.76e+03,2.74e+03,2.62e+03,1.93e+03; 2.77e+03,2.75e+03,2.61e+03,2.09e+03; 2.79e+03,2.77e+03,2.68e+03,2.15e+03; 2.84e+03,2.82e+03,2.70e+03,2.19e+03; 2.88e+03,2.86e+03,2.74e+03,2.25e+03","56,56,56,56,56,56,7,56,48,48,56,56,56,56,56,56,56,48,48,56,56,56,56,48,56,56,56,56,56,48,56,48,54,56,7,56,56,56,56,48,54,56,7,56,56,56,7,48,56,48,7,56,7,56,7,56,7,7,56,54,54,48,54,7"
97,31.47,26.98,"9.46,12.78,15.03,16.67,17.97,18.91,19.71,20.38,21.06,21.74,22.37,22.97,23.53,24.06,24.52,24.96,25.40,25.83,26.21,26.59,26.96,27.35,27.72,28.08,28.42,28.73,29.00,29.28,29.55,29.86,30.13,30.49,30.74,30.96,31.15,31.40,31.60,31.88,32.05,32.39,32.60,32.74,32.92,33.05,33.20,33.42,33.70,33.94,34.15,34.31,34.37,34.50,34.63,34.89,35.04,35.33,35.45,35.56,35.61,35.81,35.96,36.19,36.39,36.67","1.11e+01,1.11e+01,1.08e+01,8.80e-04","15,5,5,5","4.10e+01; 5.08e+01,3.12e+01; 6.99e+01,5.31e+01; 8.98e+01,7.42e+01; 1.10e+02,9.53e+01; 1.25e+02,1.06e+02,1.53e+01; 1.40e+02,1.19e+02,2.82e+01; 1.49e+02,1.25e+02,5.38e+01; 1.62e+02,1.37e+02,7.00e+01; 1.77e+02,1.52e+02,8.12e+01; 1.92e+02,1.68e+02,9.10e+01; 2.07e+02,1.84e+02,1.01e+02; 2.21e+02,1.97e+02,1.14e+02,9.30e-01; 2.27e+02,2.01e+02,1.22e+02,2.38e+01; 2.35e+02,2.08e+02,1.28e+02,4.41e+01; 2.43e+02,2.14e+02,1.43e+02,5.53e+01; 2.51e+02,2.21e+02,1.52e+02,7.37e+01; 2.61e+02,2.32e+02,1.62e+02,8.43e+01; 2.72e+02,2.44e+02,1.70e+02,9.33e+01; 2.86e+02,2.56e+02,1.76e+02,1.02e+02; 2.95e+02,2.66e+02,1.87e+02,1.14e+02; 3.05e+02,2.75e+02,1.95e+02,1.27e+02; 3.13e+02,2.82e+02,2.05e+02,1.44e+02; 3.19e+02,2.87e+02,2.19e+02,1.59e+02; 3.27e+02,2.95e+02,2.27e+02,1.77e+02; 3.38e+02,3.06e+02,2.37e+02,1.85e+02; 3.48e+02,3.17e+02,2.45e+02,1.97e+02; 3.60e+02,3.28e+02,2.53e+02,2.08e+02; 3.71e+02,3.38e+02,2.60e+02,2.20e+02; 3.80e+02,3.48e+02,2.71e+02,2.31e+02; 3.93e+02,3.58e+02,2.83e+02,2.37e+02; 3.96e+02,3.61e+02,2.96e+02,2.59e+02; 4.04e+02,3.70e+02,3.05e+02,2.73e+02; 4.16e+02,3.81e+02,3.14e+02,2.83e+02; 4.26e+02,3.91e+02,3.16e+02,3.02e+02; 4.39e+02,4.04e+02,3.24e+02,3.09e+02; 4.47e+02,4.13e+02,3.38e+02,3.20e+02; 4.57e+02,4.22e+02,3.46e+02,3.33e+02; 4.70e+02,4.33e+02,3.64e+02,3.32e+02; 4.74e+02,4.37e+02,3.74e+02,3.55e+02; 4.84e+02,4.47e+02,3.82e+02,3.69e+02; 4.94e+02,4.57e+02,3.87e+02,3.83e+02; 5.08e+02,4.69e+02,3.95e+02,3.91e+02; 5.19e+02,4.80e+02,4.03e+02,4.02e+02; 5.30e+02,4.91e+02,4.16e+02,4.09e+02; 5.39e+02,5.00e+02,4.30e+02,4.17e+02; 5.47e+02,5.07e+02,4.38e+02,4.35e+02; 5.55e+02,5.15e+02,4.56e+02,4.43e+02; 5.64e+02,5.24e+02,4.64e+02,4.58e+02; 5.75e+02,5.34e+02,4.74e+02,4.67e+02; 5.85e+02,5.45e+02,4.85e+02,4.77e+02; 5.96e+02,5.55e+02,4.95e+02,4.86e+02; 6.07e+02,5.66e+02,5.02e+02,4.99e+02; 6.15e+02,5.75e+02,5.15e+02,5.10e+02; 6.25e+02,5.84e+02,5.26e+02,5.21e+02; 6.32e+02,5.91e+02,5.43e+02,5.31e+02; 6.40e+02,6.01e+02,5.53e+02,5.43e+02; 6.51e+02,6.11e+02,5.58e+02,5.58e+02; 6.62e+02,6.22e+02,5.73e+02,5.62e+02; 6.73e+02,6.33e+02,5.82e+02,5.72e+02; 6.83e+02,6.42e+02,5.94e+02,5.83e+02; 6.92e+02,6.52e+02,6.01e+02,5.98e+02; 7.01e+02,6.61e+02,6.22e+02,6.00e+02; 7.08e+02,6.69e+02,6.33e+02,6.15e+02","55,55,55,55,55,55,55,55,55,55,55,55,55,55,55,55,55,55,55,55,55,55,55,55,55,55,55,55,55,55,55,55,55,55,55,55,55,55,55,55,55,55,55,58,55,55,55,55,55,55,7,58,55,55,55,55,58,39,55,55,55,55,55,55"
98,34.30,31.03,"11.57,18.43,21.00,22.75,24.15,25.37,26.32,27.10,27.78,28.50,29.18,29.79,30.32,30.82,31.28,31.71,32.12,32.49,32.87,33.22,33.56,33.88,34.20,34.48,34.79,35.05,35.33,35.59,35.84,36.08,36.30,36.53,36.76,36.96,37.18,37.36,37.56,37.75,37.89,37.95,38.05,38.33,38.41,38.52,38.67,38.64,38.78,38.67,38.85,38.92,39.12,39.18,39.40,39.46,39.54,39.60,39.83,39.90,39.75,39.68,39.63,40.13,40.00,40.32","2.13e+01,2.13e+01,1.63e+01,1.90e-03","0,8,0,8","7.30e+01; 7.49e+01,7.11e+01; 1.12e+02,1.07e+02; 1.53e+02,1.39e+02; 1.92e+02,1.73e+02; 2.02e+02,1.81e+02,5.41e+01; 2.25e+02,2.02e+02,8.44e+01; 2.44e+02,2.22e+02,1.18e+02; 2.67e+02,2.38e+02,1.51e+02; 2.95e+02,2.64e+02,1.71e+02; 3.23e+02,2.90e+02,1.91e+02; 3.50e+02,3.15e+02,2.11e+02; 3.77e+02,3.41e+02,2.31e+02; 4.02e+02,3.70e+02,2.50e+02; 4.26e+02,3.97e+02,2.72e+02; 4.50e+02,4.22e+02,2.96e+02; 4.71e+02,4.39e+02,3.31e+02; 4.97e+02,4.64e+02,3.53e+02; 5.23e+02,4.89e+02,3.75e+02; 5.49e+02,5.15e+02,3.96e+02; 5.75e+02,5.40e+02,4.17e+02; 6.00e+02,5.67e+02,4.39e+02; 6.24e+02,5.93e+02,4.62e+02; 6.48e+02,6.18e+02,4.87e+02; 6.69e+02,6.37e+02,5.19e+02; 6.92e+02,6.60e+02,5.46e+02; 7.18e+02,6.85e+02,5.69e+02; 7.43e+02,7.09e+02,5.92e+02; 7.69e+02,7.35e+02,6.12e+02; 7.93e+02,7.60e+02,6.37e+02; 8.17e+02,7.85e+02,6.61e+02; 8.41e+02,8.10e+02,6.86e+02; 8.63e+02,8.31e+02,7.15e+02; 8.88e+02,8.56e+02,7.38e+02; 9.13e+02,8.81e+02,7.61e+02; 9.39e+02,9.05e+02,7.84e+02; 9.66e+02,9.33e+02,8.03e+02; 9.88e+02,9.56e+02,8.30e+02; 1.02e+03,9.82e+02,8.50e+02; 1.03e+03,9.94e+02,8.64e+02,3.48e+01; 1.05e+03,1.01e+03,8.83e+02,4.91e+01; 1.11e+03,1.07e+03,8.91e+02; 1.12e+03,1.08e+03,9.32e+02; 1.13e+03,1.10e+03,9.62e+02,1.80e+01; 1.16e+03,1.11e+03,9.17e+02,1.00e+02; 1.16e+03,1.13e+03,9.89e+02,8.13e+01; 1.16e+03,1.12e+03,9.52e+02,1.95e+02; 1.14e+03,1.08e+03,8.23e+02,4.58e+02; 1.20e+03,1.16e+03,9.81e+02,2.34e+02; 1.20e+03,1.13e+03,8.68e+02,4.51e+02; 1.21e+03,1.15e+03,8.91e+02,4.69e+02; 1.24e+03,1.17e+03,8.44e+02,5.41e+02; 1.32e+03,1.25e+03,9.29e+02,3.62e+02; 1.29e+03,1.23e+03,9.32e+02,4.90e+02; 1.32e+03,1.24e+03,8.88e+02,5.71e+02; 1.34e+03,1.26e+03,9.09e+02,5.71e+02; 1.40e+03,1.33e+03,1.01e+03,4.12e+02; 1.41e+03,1.35e+03,1.08e+03,3.84e+02; 1.33e+03,1.29e+03,1.08e+03,6.08e+02; 1.35e+03,1.25e+03,9.67e+02,8.12e+02; 1.27e+03,1.24e+03,1.10e+03,8.36e+02; 1.45e+03,1.37e+03,9.87e+02,7.25e+02; 1.43e+03,1.32e+03,9.78e+02,8.70e+02; 1.51e+03,1.41e+03,9.44e+02,8.06e+02","48,16,48,16,48,16,16,16,16,48,48,48,48,16,16,16,16,48,48,48,48,16,16,16,16,16,48,48,48,16,16,16,16,48,48,48,16,48,48,48,48,48,7,48,16,7,48,16,48,54,48,16,16,54,48,16,54,54,7,16,48,7,16,48"
106,0.15,0.04,"0.00,0.00,0.01,0.01,0.02,0.02,0.03,0.03,0.04,0.05,0.06,0.07,0.09,0.10,0.11,0.12,0.13,0.15,0.17,0.18,0.20,0.22,0.24,0.25,0.26,0.28,0.30,0.32,0.35,0.37,0.39,0.40,0.42,0.44,0.46,0.48,0.51,0.53,0.55,0.56,0.58,0.60,0.62,0.65,0.67,0.70,0.72,0.73,0.75,0.77,0.79,0.82,0.84,0.86,0.88,0.90,0.92,0.94,0.96,0.98,1.01,1.03,1.05,1.06","7.42e-06,4.27e-10,1.38e-10,9.76e-11","4,4,4,4",9.22e-06; 1.84e-05; 2.76e-05; 3.69e-05; 4.61e-05; 5.53e-05; 6.45e-05; 7.37e-05; 8.29e-05; 9.22e-05; 1.01e-04; 1.11e-04; 1.20e-04; 1.29e-04; 1.38e-04; 1.47e-04; 1.57e-04; 1.66e-04; 1.75e-04; 1.84e-04; 1.94e-04; 2.03e-04; 2.12e-04; 2.21e-04; 2.30e-04; 2.40e-04; 2.49e-04; 2.58e-04; 2.67e-04; 2.76e-04; 2.86e-04; 2.95e-04; 3.04e-04; 3.13e-04; 3.23e-04; 3.32e-04; 3.41e-04; 3.50e-04; 3.59e-04; 3.69e-04; 3.78e-04; 3.87e-04; 3.96e-04; 4.05e-04; 4.15e-04; 4.24e-04; 4.33e-04; 4.42e-04; 4.52e-04; 4.61e-04; 4.70e-04; 4.79e-04; 4.88e-04; 4.98e-04; 5.07e-04; 5.16e-04; 5.25e-04; 5.34e-04; 5.44e-04; 5.53e-04; 5.62e-04; 5.71e-04; 5.81e-04; 5.90e-04,"39,39,39,39,39,39,39,39,39,39,39,39,39,39,39,39,39,39,39,39,39,39,39,39,39,39,39,39,39,39,39,39,39,39,39,39,39,39,39,39,39,39,39,39,39,39,39,39,39,39,39,39,39,39,39,39,39,39,39,39,39,39,39,39"
107,0.15,0.08,"0.00,0.00,0.00,0.01,0.01,0.01,0.02,0.02,0.03,0.04,0.05,0.05,0.06,0.07,0.08,0.09,0.10,0.12,0.13,0.14,0.15,0.17,0.18,0.19,0.21,0.22,0.24,0.25,0.27,0.28,0.30,0.31,0.33,0.35,0.37,0.38,0.40,0.42,0.43,0.45,0.47,0.49,0.50,0.52,0.54,0.56,0.57,0.59,0.61,0.63,0.65,0.66,0.68,0.70,0.72,0.73,0.75,0.77,0.79,0.81,0.82,0.84,0.86,0.87","7.58e-06,4.91e-10,2.04e-10,1.84e-10","5,5,5,5",9.40e-06; 1.88e-05; 2.82e-05; 3.76e-05; 4.70e-05; 5.64e-05; 6.58e-05; 7.52e-05; 8.46e-05; 9.40e-05; 1.03e-04; 1.13e-04; 1.22e-04; 1.32e-04; 1.41e-04; 1.50e-04; 1.60e-04; 1.69e-04; 1.79e-04; 1.88e-04; 1.98e-04; 2.07e-04; 2.16e-04; 2.26e-04; 2.35e-04; 2.45e-04; 2.54e-04; 2.63e-04; 2.73e-04; 2.82e-04; 2.92e-04; 3.01e-04; 3.10e-04; 3.20e-04; 3.29e-04; 3.39e-04; 3.48e-04; 3.57e-04; 3.67e-04; 3.76e-04; 3.86e-04; 3.95e-04; 4.04e-04; 4.14e-04; 4.23e-04; 4.33e-04; 4.42e-04; 4.51e-04; 4.61e-04; 4.70e-04; 4.80e-04; 4.89e-04; 4.98e-04; 5.08e-04; 5.17e-04; 5.27e-04; 5.36e-04; 5.45e-04; 5.55e-04; 5.64e-04; 5.74e-04; 5.83e-04; 5.93e-04; 6.02e-04,"24,24,24,24,24,24,24,24,24,24,24,24,24,24,24,24,24,24,24,24,24,24,24,24,24,24,24,24,24,24,24,24,24,24,24,24,24,24,24,24,24,24,24,24,24,24,24,24,24,24,24,24,24,24,24,24,24,24,24,24,24,24,24,24"
108,0.15,0.09,"0.00,0.00,0.01,0.01,0.01,0.02,0.02,0.03,0.03,0.04,0.05,0.07,0.08,0.09,0.10,0.11,0.12,0.13,0.15,0.16,0.18,0.20,0.21,0.22,0.23,0.25,0.27,0.29,0.31,0.33,0.35,0.36,0.38,0.39,0.41,0.44,0.46,0.49,0.50,0.52,0.53,0.55,0.57,0.60,0.62,0.64,0.66,0.68,0.69,0.71,0.73,0.76,0.78,0.81,0.82,0.84,0.85,0.87,0.89,0.92,0.95,0.97,0.98,1.00","7.96e-06,6.06e-10,3.32e-10,2.24e-10","10,10,10,10","9.88e-06; 1.98e-05; 2.96e-05; 3.95e-05; 4.94e-05; 5.93e-05; 6.91e-05; 7.90e-05; 8.89e-05; 9.88e-05; 1.09e-04; 1.19e-04; 1.28e-04; 1.38e-04; 1.48e-04; 1.58e-04; 1.68e-04; 1.78e-04; 1.88e-04; 1.98e-04; 2.07e-04; 2.17e-04; 2.27e-04; 2.37e-04; 2.47e-04; 2.57e-04; 2.67e-04; 2.77e-04; 2.86e-04; 2.96e-04; 3.06e-04; 3.16e-04; 3.26e-04; 3.36e-04; 3.46e-04; 3.56e-04; 3.65e-04; 3.75e-04; 3.85e-04; 3.95e-04; 4.05e-04; 4.15e-04; 4.25e-04; 4.35e-04; 4.44e-04; 4.54e-04; 4.64e-04; 4.74e-04; 4.84e-04; 4.82e-04,1.14e-05; 4.93e-04,1.11e-05; 5.06e-04,7.81e-06; 5.15e-04,8.75e-06; 5.14e-04,1.89e-05; 5.15e-04,2.86e-05; 5.14e-04,3.93e-05; 5.12e-04,5.08e-05; 5.12e-04,6.06e-05; 5.22e-04,6.08e-05; 5.35e-04,5.80e-05; 5.43e-04,5.97e-05; 5.43e-04,6.92e-05; 5.41e-04,8.10e-05; 5.43e-04,8.92e-05","31,31,31,31,31,31,32,32,31,31,31,31,31,31,32,32,31,31,32,31,31,31,32,32,32,32,32,31,31,32,32,32,32,32,32,31,31,32,32,32,32,32,32,31,31,32,32,32,32,32,32,31,31,31,32,31,32,32,32,31,31,31,31,32"
109,0.07,0.06,"0.00,0.00,0.01,0.01,0.01,0.02,0.03,0.03,0.04,0.05,0.06,0.07,0.08,0.10,0.11,0.12,0.13,0.14,0.16,0.18,0.20,0.22,0.23,0.25,0.26,0.28,0.30,0.32,0.35,0.37,0.38,0.40,0.41,0.43,0.46,0.48,0.51,0.53,0.55,0.56,0.58,0.60,0.62,0.65,0.67,0.70,0.71,0.73,0.75,0.77,0.79,0.82,0.84,0.86,0.88,0.90,0.91,0.94,0.96,0.99,1.01,1.03,1.05,1.06","3.69e-06,1.61e-10,1.05e-10,3.74e-11","9,9,9,9",4.58e-06; 9.16e-06; 1.37e-05; 1.83e-05; 2.29e-05; 2.75e-05; 3.21e-05; 3.67e-05; 4.12e-05; 4.58e-05; 5.04e-05; 5.50e-05; 5.96e-05; 6.42e-05; 6.87e-05; 7.33e-05; 7.79e-05; 8.25e-05; 8.71e-05; 9.16e-05; 9.62e-05; 1.01e-04; 1.05e-04; 1.10e-04; 1.15e-04; 1.19e-04; 1.24e-04; 1.28e-04; 1.33e-04; 1.37e-04; 1.42e-04; 1.47e-04; 1.51e-04; 1.56e-04; 1.60e-04; 1.65e-04; 1.70e-04; 1.74e-04; 1.79e-04; 1.83e-04; 1.88e-04; 1.92e-04; 1.97e-04; 2.02e-04; 2.06e-04; 2.11e-04; 2.15e-04; 2.20e-04; 2.25e-04; 2.29e-04; 2.34e-04; 2.38e-04; 2.43e-04; 2.47e-04; 2.52e-04; 2.57e-04; 2.61e-04; 2.66e-04; 2.70e-04; 2.75e-04; 2.80e-04; 2.84e-04; 2.89e-04; 2.93e-04,"31,31,31,31,31,31,31,31,31,31,31,31,31,31,31,31,31,31,31,31,31,31,31,31,31,31,31,31,31,31,31,31,31,31,31,31,31,31,31,31,31,31,31,31,31,31,31,31,31,31,31,31,31,31,31,31,31,31,31,31,31,31,31,31"
112,4.29,4.43,"0.41,1.08,1.66,2.15,2.56,2.90,3.19,3.45,3.71,3.98,4.24,4.47,4.68,4.88,5.07,5.24,5.40,5.57,5.73,5.87,6.02,6.15,6.29,6.41,6.53,6.66,6.77,6.88,6.99,7.09,7.20,7.30,7.40,7.50,7.59,7.68,7.76,7.85,7.94,8.02,8.11,8.19,8.27,8.35,8.42,8.49,8.57,8.64,8.72,8.79,8.86,8.93,8.99,9.05,9.12,9.19,9.25,9.32,9.38,9.44,9.50,9.55,9.61,9.68","1.62e-03,1.06e-07,4.45e-08,3.44e-08","4,4,4,4","2.01e-03; 4.01e-03; 6.02e-03; 8.02e-03; 1.00e-02; 1.20e-02; 1.40e-02; 1.59e-02,1.53e-04; 1.62e-02,1.88e-03; 1.75e-02,2.52e-03; 2.04e-02,1.62e-03; 2.13e-02,2.75e-03; 2.44e-02,1.69e-03; 2.57e-02,2.39e-03; 2.55e-02,4.56e-03; 2.77e-02,4.39e-03; 2.85e-02,5.54e-03; 2.99e-02,6.23e-03; 3.17e-02,6.45e-03; 3.37e-02,6.44e-03; 3.43e-02,7.81e-03; 3.70e-02,7.12e-03; 3.80e-02,8.11e-03; 3.88e-02,9.33e-03; 3.96e-02,1.05e-02; 3.96e-02,1.25e-02; 4.24e-02,1.18e-02; 4.41e-02,1.20e-02; 4.59e-02,1.23e-02; 4.73e-02,1.29e-02; 4.84e-02,1.38e-02; 4.80e-02,1.62e-02; 4.90e-02,1.72e-02; 5.02e-02,1.80e-02; 5.16e-02,1.86e-02; 5.31e-02,1.91e-02; 5.46e-02,1.96e-02; 5.60e-02,2.02e-02; 5.71e-02,2.11e-02; 5.81e-02,2.21e-02; 5.91e-02,2.32e-02; 6.01e-02,2.41e-02; 6.14e-02,2.48e-02; 6.29e-02,2.54e-02; 6.43e-02,2.59e-02; 6.57e-02,2.66e-02; 6.68e-02,2.75e-02; 6.77e-02,2.86e-02; 6.85e-02,2.97e-02; 6.95e-02,3.07e-02; 7.08e-02,3.15e-02; 7.21e-02,3.21e-02; 7.36e-02,3.27e-02; 7.48e-02,3.34e-02; 7.59e-02,3.44e-02; 7.68e-02,3.55e-02; 7.76e-02,3.67e-02; 7.85e-02,3.78e-02; 7.97e-02,3.86e-02; 8.10e-02,3.93e-02; 8.24e-02,3.99e-02; 8.37e-02,4.07e-02; 8.47e-02,4.16e-02; 8.56e-02,4.28e-02","24,24,24,24,24,24,24,24,24,24,24,24,24,24,24,24,24,24,24,24,24,24,24,24,24,24,24,24,24,24,24,24,24,24,24,24,24,24,24,24,24,24,24,24,24,24,24,24,24,24,24,24,24,24,24,24,24,24,24,24,24,24,24,24"
113,0.01,0.01,"0.00,0.00,0.00,0.00,0.00,0.00,0.00,0.00,0.00,0.00,0.01,0.01,0.01,0.01,0.01,0.01,0.01,0.01,0.01,0.02,0.02,0.02,0.02,0.02,0.02,0.02,0.03,0.03,0.03,0.03,0.03,0.04,0.04,0.04,0.04,0.05,0.05,0.05,0.05,0.06,0.06,0.06,0.07,0.07,0.07,0.07,0.08,0.08,0.08,0.09,0.09,0.09,0.10,0.10,0.10,0.11,0.11,0.11,0.12,0.12,0.12,0.13,0.13,0.14","9.21e-07,6.12e-11,2.93e-11,1.56e-11","5,5,5,5",1.14e-06; 2.29e-06; 3.43e-06; 4.58e-06; 5.72e-06; 6.86e-06; 8.01e-06; 9.15e-06; 1.03e-05; 1.14e-05; 1.26e-05; 1.37e-05; 1.49e-05; 1.60e-05; 1.72e-05; 1.83e-05; 1.94e-05; 2.06e-05; 2.17e-05; 2.29e-05; 2.40e-05; 2.52e-05; 2.63e-05; 2.75e-05; 2.86e-05; 2.97e-05; 3.09e-05; 3.20e-05; 3.32e-05; 3.43e-05; 3.55e-05; 3.66e-05; 3.77e-05; 3.89e-05; 4.00e-05; 4.12e-05; 4.23e-05; 4.35e-05; 4.46e-05; 4.58e-05; 4.69e-05; 4.80e-05; 4.92e-05; 5.03e-05; 5.15e-05; 5.26e-05; 5.38e-05; 5.49e-05; 5.60e-05; 5.72e-05; 5.83e-05; 5.95e-05; 6.06e-05; 6.18e-05; 6.29e-05; 6.41e-05; 6.52e-05; 6.63e-05; 6.75e-05; 6.86e-05; 6.98e-05; 7.09e-05; 7.21e-05; 7.32e-05,"7,7,7,7,7,7,7,7,7,7,7,7,7,7,7,7,7,7,7,7,7,7,7,7,7,7,7,7,7,7,7,7,7,7,7,7,7,7,7,7,7,7,7,7,7,7,7,7,7,7,7,7,7,7,7,7,7,7,7,7,7,7,7,7"
132,45.00,36.66,"14.81,20.99,24.13,26.51,28.60,30.10,31.30,32.76,33.99,34.55,34.95,35.80,36.68,37.48,38.10,38.80,39.48,40.01,40.42,40.91,41.11,41.97,42.31,42.92,43.48,44.03,44.42,44.44,45.02,45.78,45.93,46.02,46.71,46.91,46.90,47.16,46.85,47.23,48.52,49.18,48.21,48.42,49.20,49.85,49.74,50.26,50.14,50.10,50.20,50.46,51.04,50.68,50.69,52.64,51.09,52.36,52.86,53.13,53.38,52.63,52.13,53.32,53.72,54.69","9.64e+01,9.63e+01,9.43e+01,8.71e+01","12,4,12,4","6.52e+02; 6.85e+02,6.20e+02; 9.97e+02,9.60e+02; 1.06e+03,9.87e+02,5.66e+02; 1.20e+03,1.11e+03,9.51e+02; 1.37e+03,1.24e+03,1.14e+03,1.61e+02; 1.40e+03,1.28e+03,1.25e+03,6.38e+02; 1.55e+03,1.43e+03,1.34e+03,9.00e+02; 1.71e+03,1.61e+03,1.49e+03,1.07e+03; 1.91e+03,1.81e+03,1.68e+03,1.13e+03; 1.90e+03,1.85e+03,1.80e+03,1.62e+03; 2.29e+03,2.19e+03,2.10e+03,1.25e+03; 2.50e+03,2.41e+03,2.32e+03,1.25e+03; 2.59e+03,2.49e+03,2.40e+03,1.66e+03; 2.75e+03,2.66e+03,2.56e+03,1.81e+03; 2.90e+03,2.82e+03,2.70e+03,2.01e+03; 3.07e+03,2.99e+03,2.87e+03,2.16e+03; 3.20e+03,3.13e+03,3.01e+03,2.40e+03; 3.38e+03,3.31e+03,3.22e+03,2.49e+03; 3.59e+03,3.52e+03,3.40e+03,2.55e+03; 3.84e+03,3.77e+03,3.68e+03,2.41e+03; 3.83e+03,3.77e+03,3.67e+03,3.09e+03; 3.99e+03,3.93e+03,3.83e+03,3.25e+03; 4.14e+03,4.08e+03,3.98e+03,3.46e+03; 4.32e+03,4.26e+03,4.16e+03,3.58e+03; 4.42e+03,4.37e+03,4.29e+03,3.88e+03; 4.62e+03,4.57e+03,4.47e+03,3.96e+03; 4.81e+03,4.76e+03,4.65e+03,4.05e+03; 4.97e+03,4.92e+03,4.83e+03,4.20e+03; 5.03e+03,4.99e+03,4.94e+03,4.62e+03; 5.17e+03,5.13e+03,5.10e+03,4.83e+03; 5.34e+03,5.30e+03,5.26e+03,4.98e+03; 5.50e+03,5.46e+03,5.42e+03,5.15e+03; 5.63e+03,5.60e+03,5.58e+03,5.37e+03; 5.83e+03,5.79e+03,5.76e+03,5.45e+03; 5.94e+03,5.91e+03,5.90e+03,5.74e+03; 6.27e+03,6.23e+03,6.14e+03,5.51e+03; 6.26e+03,6.23e+03,6.22e+03,6.08e+03; 6.44e+03,6.41e+03,6.39e+03,6.21e+03; 6.60e+03,6.56e+03,6.55e+03,6.39e+03; 6.75e+03,6.72e+03,6.71e+03,6.56e+03; 6.90e+03,6.87e+03,6.87e+03,6.76e+03; 7.08e+03,7.05e+03,7.04e+03,6.89e+03; 7.23e+03,7.20e+03,7.19e+03,7.09e+03; 7.37e+03,7.35e+03,7.34e+03,7.29e+03; 7.55e+03,7.52e+03,7.52e+03,7.43e+03; 7.71e+03,7.68e+03,7.68e+03,7.60e+03; 7.86e+03,7.84e+03,7.83e+03,7.78e+03; 8.02e+03,8.00e+03,7.99e+03,7.96e+03; 8.18e+03,8.17e+03,8.15e+03,8.12e+03; 8.34e+03,8.33e+03,8.32e+03,8.29e+03; 8.50e+03,8.49e+03,8.48e+03,8.45e+03; 8.67e+03,8.65e+03,8.64e+03,8.62e+03; 8.84e+03,8.83e+03,8.82e+03,8.75e+03; 8.99e+03,8.98e+03,8.97e+03,8.94e+03; 9.16e+03,9.15e+03,9.14e+03,9.09e+03; 9.32e+03,9.31e+03,9.30e+03,9.26e+03; 9.49e+03,9.47e+03,9.47e+03,9.42e+03; 9.65e+03,9.64e+03,9.63e+03,9.58e+03; 9.81e+03,9.80e+03,9.79e+03,9.76e+03; 9.97e+03,9.96e+03,9.95e+03,9.92e+03; 1.01e+04,1.01e+04,1.01e+04,1.01e+04; 1.03e+04,1.03e+04,1.03e+04,1.02e+04; 1.05e+04,1.04e+04,1.04e+04,1.04e+04","0,0,0,0,0,0,0,0,0,58,6,0,0,0,0,0,0,6,0,0,58,0,0,0,0,0,0,0,0,0,4,58,6,6,58,0,4,4,0,6,0,0,58,0,0,0,0,0,0,58,6,0,6,4,58,0,6,4,0,0,6,6,6,0"
133,35.32,28.93,"12.94,15.33,17.36,19.36,20.92,22.13,23.09,24.29,25.63,26.73,27.79,28.77,29.53,30.17,30.77,31.34,32.11,32.86,33.44,33.95,34.60,35.00,35.50,35.73,36.10,36.56,37.03,37.38,37.51,38.12,38.36,38.57,39.06,39.41,39.46,39.84,40.10,39.86,40.59,40.79,41.20,40.67,41.22,41.07,41.67,41.69,42.28,41.88,42.06,42.78,43.43,43.12,42.80,42.11,43.07,43.06,44.14,43.77,45.55,43.57,44.44,44.12,43.16,45.43","5.40e+01,5.34e+01,5.29e+01,4.16e+01","3,11,3,3","2.86e+02; 5.71e+02; 5.52e+02,3.05e+02; 6.37e+02,5.05e+02; 7.58e+02,6.70e+02; 8.90e+02,8.24e+02; 1.03e+03,9.74e+02; 9.40e+02,9.00e+02,4.46e+02; 9.81e+02,9.52e+02,6.38e+02; 1.04e+03,1.01e+03,8.03e+02; 1.11e+03,1.09e+03,9.48e+02; 1.19e+03,1.17e+03,1.07e+03; 1.28e+03,1.25e+03,1.18e+03; 1.37e+03,1.35e+03,1.28e+03; 1.46e+03,1.44e+03,1.38e+03; 1.56e+03,1.54e+03,1.48e+03; 1.65e+03,1.63e+03,1.58e+03; 1.74e+03,1.72e+03,1.68e+03; 1.83e+03,1.82e+03,1.78e+03; 1.92e+03,1.91e+03,1.88e+03; 2.02e+03,2.00e+03,1.98e+03; 2.11e+03,2.10e+03,2.08e+03; 2.21e+03,2.19e+03,2.17e+03; 2.30e+03,2.29e+03,2.27e+03; 2.39e+03,2.38e+03,2.36e+03; 2.49e+03,2.48e+03,2.46e+03; 2.58e+03,2.57e+03,2.56e+03; 2.68e+03,2.67e+03,2.65e+03; 2.77e+03,2.76e+03,2.75e+03; 2.87e+03,2.86e+03,2.84e+03; 2.96e+03,2.95e+03,2.94e+03; 3.06e+03,3.05e+03,3.04e+03; 3.15e+03,3.14e+03,3.13e+03; 3.25e+03,3.24e+03,3.23e+03; 3.34e+03,3.33e+03,3.32e+03; 3.44e+03,3.43e+03,3.42e+03; 3.53e+03,3.52e+03,3.51e+03; 3.63e+03,3.62e+03,3.61e+03; 3.64e+03,3.63e+03,3.62e+03,2.44e+02; 3.82e+03,3.81e+03,3.80e+03; 3.87e+03,3.86e+03,3.85e+03,1.30e+02; 4.01e+03,4.00e+03,3.99e+03; 4.10e+03,4.10e+03,4.09e+03; 4.20e+03,4.19e+03,4.18e+03; 4.29e+03,4.29e+03,4.28e+03; 4.27e+03,4.26e+03,4.25e+03,3.57e+02; 4.48e+03,4.48e+03,4.47e+03; 4.25e+03,4.24e+03,4.23e+03,9.90e+02; 4.67e+03,4.67e+03,4.66e+03; 4.77e+03,4.76e+03,4.75e+03; 4.69e+03,4.69e+03,4.68e+03,5.12e+02; 4.85e+03,4.84e+03,4.83e+03,3.29e+02; 5.05e+03,5.05e+03,5.04e+03; 4.64e+03,4.63e+03,4.62e+03,1.54e+03; 5.24e+03,5.24e+03,5.23e+03; 5.34e+03,5.33e+03,5.32e+03,4.97e+00; 5.18e+03,5.18e+03,5.17e+03,7.51e+02; 5.21e+03,5.20e+03,5.19e+03,9.69e+02; 5.49e+03,5.49e+03,5.48e+03,4.07e+02; 5.60e+03,5.59e+03,5.58e+03,3.69e+02; 5.55e+03,5.55e+03,5.54e+03,7.82e+02; 5.91e+03,5.91e+03,5.90e+03; 5.23e+03,5.23e+03,5.22e+03,2.33e+03; 5.94e+03,5.94e+03,5.93e+03,4.77e+02","7,7,7,7,7,7,7,7,7,7,7,7,7,7,7,7,7,7,7,7,7,7,7,55,7,7,7,23,7,1,7,7,7,23,7,7,55,55,55,55,55,23,23,1,7,7,23,7,7,55,23,7,1,7,55,7,23,7,23,23,55,55,7,23"
134,32.83,27.54,"13.88,16.14,17.49,18.43,19.55,20.97,22.36,23.57,24.31,25.26,26.16,27.03,27.75,28.38,29.03,29.69,30.49,31.31,31.87,32.56,33.04,33.33,34.11,34.15,34.87,35.41,35.89,36.32,36.57,36.96,37.28,37.95,38.09,38.18,38.68,38.88,39.18,39.78,39.55,39.85,39.37,40.12,40.30,41.03,41.35,41.56,41.27,41.41,41.82,41.60,42.39,42.55,42.58,43.25,43.74,42.73,43.27,43.23,44.63,44.65,43.01,44.37,44.05,44.22","5.96e+01,5.90e+01,5.65e+01,4.18e+01","3,11,3,3","2.69e+02; 5.39e+02; 8.08e+02; 1.01e+03,6.68e+01; 8.84e+02,4.63e+02; 9.07e+02,7.09e+02; 9.93e+02,8.92e+02; 1.11e+03,1.05e+03; 1.14e+03,1.09e+03,2.01e+02; 1.11e+03,1.07e+03,5.15e+02; 1.15e+03,1.11e+03,6.99e+02; 1.21e+03,1.17e+03,8.56e+02; 1.27e+03,1.24e+03,9.91e+02; 1.35e+03,1.32e+03,1.10e+03; 1.43e+03,1.40e+03,1.21e+03; 1.51e+03,1.49e+03,1.31e+03; 1.58e+03,1.56e+03,1.43e+03; 1.67e+03,1.64e+03,1.54e+03; 1.75e+03,1.73e+03,1.64e+03; 1.84e+03,1.82e+03,1.73e+03; 1.92e+03,1.90e+03,1.83e+03; 2.01e+03,1.99e+03,1.93e+03; 2.10e+03,2.08e+03,2.02e+03; 2.18e+03,2.17e+03,2.11e+03; 2.27e+03,2.25e+03,2.21e+03; 2.36e+03,2.34e+03,2.30e+03; 2.45e+03,2.43e+03,2.39e+03; 2.53e+03,2.52e+03,2.48e+03; 2.62e+03,2.61e+03,2.57e+03; 2.71e+03,2.70e+03,2.67e+03; 2.80e+03,2.79e+03,2.76e+03; 2.89e+03,2.88e+03,2.85e+03; 2.98e+03,2.97e+03,2.94e+03; 3.07e+03,3.06e+03,3.03e+03; 3.16e+03,3.15e+03,3.12e+03; 3.25e+03,3.24e+03,3.21e+03; 3.34e+03,3.33e+03,3.30e+03; 3.42e+03,3.42e+03,3.39e+03; 3.51e+03,3.51e+03,3.48e+03; 3.60e+03,3.60e+03,3.57e+03; 3.69e+03,3.69e+03,3.66e+03; 3.78e+03,3.78e+03,3.75e+03; 3.87e+03,3.87e+03,3.84e+03; 3.96e+03,3.96e+03,3.93e+03; 4.05e+03,4.05e+03,4.02e+03; 4.14e+03,4.14e+03,4.11e+03; 4.23e+03,4.22e+03,4.20e+03,8.14e+00; 4.13e+03,4.13e+03,4.10e+03,5.68e+02; 4.41e+03,4.40e+03,4.38e+03; 4.50e+03,4.49e+03,4.47e+03; 4.59e+03,4.58e+03,4.56e+03; 4.68e+03,4.67e+03,4.65e+03; 4.77e+03,4.76e+03,4.74e+03; 4.86e+03,4.85e+03,4.83e+03; 4.95e+03,4.94e+03,4.92e+03; 5.04e+03,5.03e+03,5.01e+03; 4.83e+03,4.83e+03,4.81e+03,8.85e+02; 4.62e+03,4.61e+03,4.59e+03,1.80e+03; 5.29e+03,5.29e+03,5.27e+03,3.38e+01; 5.39e+03,5.39e+03,5.37e+03; 5.48e+03,5.48e+03,5.46e+03; 5.50e+03,5.50e+03,5.48e+03,2.23e+02; 4.90e+03,4.90e+03,4.88e+03,2.28e+03; 5.31e+03,5.31e+03,5.29e+03,1.32e+03","63,63,63,63,63,63,63,63,63,63,63,63,63,63,63,63,63,63,63,63,63,63,0,63,63,63,63,63,0,0,63,63,48,0,63,48,48,63,48,48,0,63,0,6,48,63,48,48,0,63,48,0,0,0,6,48,6,63,0,6,0,6,63,63"
135,40.06,33.73,"12.61,14.95,16.90,18.52,20.18,21.79,22.97,23.95,24.99,25.68,26.46,27.26,27.87,28.56,29.11,29.80,30.39,30.89,31.35,31.92,32.47,33.04,33.60,34.06,34.49,34.85,35.20,35.60,35.97,36.45,36.83,37.20,37.51,37.78,38.07,38.27,38.60,38.95,39.25,39.55,39.91,40.02,40.32,40.63,40.75,41.05,41.29,41.64,41.98,41.95,42.11,42.33,42.41,42.63,42.85,43.12,43.24,43.30,43.51,43.65,44.04,44.10,44.31,44.37","3.24e+01,3.22e+01,3.20e+01,2.86e+01","0,8,0,8","2.06e+02; 3.04e+02,1.09e+02; 3.51e+02,2.68e+02; 4.39e+02,3.86e+02; 4.33e+02,3.82e+02,2.17e+02; 4.70e+02,4.18e+02,3.51e+02; 5.27e+02,4.76e+02,4.41e+02; 5.90e+02,5.41e+02,5.20e+02; 6.54e+02,6.09e+02,5.95e+02; 6.90e+02,6.44e+02,6.35e+02,9.44e+01; 7.53e+02,7.08e+02,6.96e+02,1.12e+02; 8.32e+02,7.93e+02,7.73e+02,7.72e+01; 8.70e+02,8.36e+02,8.19e+02,1.58e+02; 9.39e+02,8.97e+02,8.87e+02,1.65e+02; 9.14e+02,8.68e+02,8.60e+02,4.53e+02; 9.43e+02,8.86e+02,8.82e+02,5.91e+02; 9.95e+02,9.44e+02,9.34e+02,6.35e+02; 1.05e+03,9.97e+02,9.87e+02,6.82e+02; 1.10e+03,1.05e+03,1.04e+03,7.24e+02; 1.14e+03,1.09e+03,1.09e+03,8.07e+02; 1.18e+03,1.13e+03,1.12e+03,9.00e+02; 1.23e+03,1.17e+03,1.16e+03,9.73e+02; 1.28e+03,1.22e+03,1.20e+03,1.05e+03; 1.33e+03,1.27e+03,1.25e+03,1.11e+03; 1.38e+03,1.32e+03,1.30e+03,1.16e+03; 1.43e+03,1.38e+03,1.35e+03,1.21e+03; 1.48e+03,1.43e+03,1.40e+03,1.26e+03; 1.53e+03,1.48e+03,1.45e+03,1.32e+03; 1.58e+03,1.52e+03,1.49e+03,1.39e+03; 1.63e+03,1.57e+03,1.54e+03,1.45e+03; 1.68e+03,1.63e+03,1.59e+03,1.51e+03; 1.73e+03,1.68e+03,1.64e+03,1.56e+03; 1.78e+03,1.73e+03,1.69e+03,1.61e+03; 1.83e+03,1.79e+03,1.74e+03,1.66e+03; 1.88e+03,1.84e+03,1.79e+03,1.71e+03; 1.93e+03,1.89e+03,1.84e+03,1.77e+03; 1.98e+03,1.94e+03,1.89e+03,1.83e+03; 2.03e+03,1.99e+03,1.94e+03,1.88e+03; 2.08e+03,2.04e+03,1.99e+03,1.94e+03; 2.13e+03,2.09e+03,2.04e+03,1.99e+03; 2.18e+03,2.14e+03,2.09e+03,2.04e+03; 2.24e+03,2.19e+03,2.14e+03,2.09e+03; 2.29e+03,2.24e+03,2.20e+03,2.14e+03; 2.34e+03,2.30e+03,2.25e+03,2.19e+03; 2.38e+03,2.34e+03,2.30e+03,2.25e+03; 2.44e+03,2.40e+03,2.35e+03,2.31e+03; 2.49e+03,2.45e+03,2.40e+03,2.36e+03; 2.54e+03,2.50e+03,2.45e+03,2.41e+03; 2.59e+03,2.55e+03,2.51e+03,2.46e+03; 2.64e+03,2.60e+03,2.56e+03,2.52e+03; 2.69e+03,2.65e+03,2.61e+03,2.57e+03; 2.74e+03,2.71e+03,2.66e+03,2.62e+03; 2.79e+03,2.76e+03,2.71e+03,2.67e+03; 2.83e+03,2.80e+03,2.77e+03,2.74e+03; 2.89e+03,2.86e+03,2.82e+03,2.78e+03; 2.95e+03,2.91e+03,2.87e+03,2.82e+03; 3.00e+03,2.96e+03,2.92e+03,2.88e+03; 3.05e+03,3.01e+03,2.98e+03,2.93e+03; 3.09e+03,3.06e+03,3.03e+03,3.00e+03; 3.15e+03,3.11e+03,3.08e+03,3.04e+03; 3.17e+03,3.15e+03,3.14e+03,3.12e+03; 3.24e+03,3.21e+03,3.19e+03,3.15e+03; 3.29e+03,3.26e+03,3.24e+03,3.21e+03; 3.33e+03,3.31e+03,3.29e+03,3.27e+03","7,7,23,23,7,7,7,7,7,7,23,23,7,7,55,55,7,7,23,55,55,55,55,55,7,7,55,55,55,55,55,7,55,23,7,55,55,55,55,55,23,7,23,7,55,55,55,7,23,39,55,39,7,23,55,39,23,23,55,7,55,23,39,55"
136,32.83,27.53,"10.54,14.67,17.10,18.80,20.16,21.45,22.42,23.19,24.10,24.90,25.60,26.42,27.21,27.93,28.49,28.94,29.44,29.86,30.32,30.84,31.36,31.88,32.27,32.62,32.91,33.22,33.58,33.97,34.28,34.77,35.10,35.40,35.60,35.85,36.04,36.38,36.64,36.97,37.28,37.53,37.79,37.98,38.18,38.45,38.59,39.03,39.24,39.54,39.76,39.82,39.92,40.18,40.31,40.56,40.73,41.01,41.10,41.28,41.36,41.51,41.58,41.90,42.06,42.32","3.19e+01,3.17e+01,3.10e+01,1.06e+01","15,1,1,7","1.31e+02; 1.50e+02,1.11e+02; 2.13e+02,1.78e+02; 2.47e+02,1.97e+02,7.85e+01; 2.82e+02,2.40e+02,1.08e+02,2.32e+01; 3.11e+02,2.58e+02,1.90e+02,2.45e+01; 3.50e+02,2.66e+02,2.20e+02,7.88e+01; 3.83e+02,2.79e+02,2.45e+02,1.37e+02; 4.21e+02,3.18e+02,2.82e+02,1.54e+02; 4.72e+02,3.59e+02,3.19e+02,1.56e+02; 5.02e+02,3.92e+02,3.61e+02,1.81e+02; 5.29e+02,4.30e+02,4.03e+02,2.04e+02; 5.63e+02,4.75e+02,4.36e+02,2.24e+02; 6.13e+02,5.30e+02,4.66e+02,2.20e+02; 6.42e+02,5.62e+02,4.83e+02,2.71e+02; 6.76e+02,5.96e+02,5.03e+02,3.14e+02; 7.10e+02,6.33e+02,5.28e+02,3.49e+02; 7.46e+02,6.68e+02,5.63e+02,3.74e+02; 7.82e+02,7.05e+02,6.03e+02,3.92e+02; 8.19e+02,7.47e+02,6.44e+02,4.01e+02; 8.50e+02,7.85e+02,6.78e+02,4.29e+02; 8.81e+02,8.20e+02,7.06e+02,4.65e+02; 8.99e+02,8.42e+02,7.34e+02,5.28e+02; 9.33e+02,8.77e+02,7.57e+02,5.67e+02; 9.68e+02,9.12e+02,7.86e+02,5.99e+02; 1.00e+03,9.45e+02,8.21e+02,6.27e+02; 1.03e+03,9.78e+02,8.58e+02,6.55e+02; 1.07e+03,1.02e+03,8.95e+02,6.72e+02; 1.12e+03,1.07e+03,9.37e+02,6.69e+02; 1.14e+03,1.09e+03,9.63e+02,7.30e+02; 1.17e+03,1.12e+03,9.89e+02,7.69e+02; 1.20e+03,1.15e+03,1.01e+03,8.14e+02; 1.23e+03,1.19e+03,1.05e+03,8.43e+02; 1.26e+03,1.22e+03,1.08e+03,8.77e+02; 1.30e+03,1.26e+03,1.11e+03,9.04e+02; 1.33e+03,1.29e+03,1.15e+03,9.31e+02; 1.37e+03,1.33e+03,1.20e+03,9.37e+02; 1.40e+03,1.36e+03,1.22e+03,9.84e+02; 1.42e+03,1.39e+03,1.25e+03,1.03e+03; 1.46e+03,1.42e+03,1.27e+03,1.07e+03; 1.49e+03,1.45e+03,1.31e+03,1.10e+03; 1.52e+03,1.49e+03,1.34e+03,1.13e+03; 1.55e+03,1.52e+03,1.37e+03,1.18e+03; 1.59e+03,1.55e+03,1.41e+03,1.19e+03; 1.62e+03,1.59e+03,1.46e+03,1.21e+03; 1.65e+03,1.62e+03,1.48e+03,1.25e+03; 1.68e+03,1.65e+03,1.51e+03,1.29e+03; 1.71e+03,1.69e+03,1.53e+03,1.34e+03; 1.74e+03,1.72e+03,1.57e+03,1.37e+03; 1.78e+03,1.75e+03,1.60e+03,1.40e+03; 1.81e+03,1.79e+03,1.63e+03,1.43e+03; 1.85e+03,1.82e+03,1.67e+03,1.46e+03; 1.88e+03,1.86e+03,1.71e+03,1.47e+03; 1.92e+03,1.89e+03,1.74e+03,1.50e+03; 1.94e+03,1.92e+03,1.76e+03,1.56e+03; 1.97e+03,1.95e+03,1.79e+03,1.60e+03; 2.00e+03,1.98e+03,1.82e+03,1.63e+03; 2.04e+03,2.02e+03,1.86e+03,1.66e+03; 2.07e+03,2.05e+03,1.89e+03,1.69e+03; 2.10e+03,2.08e+03,1.93e+03,1.72e+03; 2.14e+03,2.12e+03,1.97e+03,1.74e+03; 2.17e+03,2.15e+03,2.00e+03,1.77e+03; 2.20e+03,2.18e+03,2.03e+03,1.82e+03; 2.23e+03,2.21e+03,2.05e+03,1.86e+03","48,48,48,48,48,48,48,48,48,48,48,48,48,48,48,48,48,48,48,48,48,48,48,48,48,48,48,48,48,48,48,48,48,54,48,48,48,48,48,48,48,48,48,48,48,48,48,48,48,54,48,0,48,54,48,48,54,0,48,48,48,48,48,48"
137,27.00,23.72,"10.83,13.19,14.78,15.91,17.03,18.48,19.84,20.78,21.33,21.79,22.24,22.76,23.21,23.67,24.19,24.67,25.04,25.34,25.66,26.00,26.34,26.64,26.92,27.21,27.49,27.70,28.02,28.29,28.51,28.74,28.96,29.14,29.39,29.61,29.87,30.02,30.15,30.44,30.71,30.76,30.93,31.13,31.33,31.57,31.65,31.84,31.85,32.07,32.34,32.52,32.44,32.66,32.86,33.02,33.09,33.35,33.35,33.49,33.53,33.89,34.00,34.17,34.27,34.38","2.39e+01,2.36e+01,1.71e+01,1.84e-03","15,4,15,4","8.02e+01; 1.60e+02; 2.41e+02; 2.81e+02,4.03e+01; 2.71e+02,1.30e+02; 2.62e+02,2.01e+02,1.86e+01; 2.78e+02,2.47e+02,3.71e+01; 2.98e+02,2.76e+02,6.83e+01; 3.25e+02,3.04e+02,9.28e+01; 3.53e+02,3.30e+02,1.20e+02; 3.72e+02,3.49e+02,1.62e+02; 4.04e+02,3.80e+02,1.79e+02; 4.28e+02,4.02e+02,2.14e+02; 4.54e+02,4.29e+02,2.41e+02; 4.79e+02,4.56e+02,2.68e+02; 5.04e+02,4.84e+02,2.96e+02; 5.30e+02,5.11e+02,3.23e+02; 5.56e+02,5.37e+02,3.51e+02; 5.83e+02,5.64e+02,3.78e+02; 6.12e+02,5.92e+02,4.01e+02; 6.35e+02,6.14e+02,4.36e+02; 6.61e+02,6.39e+02,4.65e+02; 6.87e+02,6.66e+02,4.93e+02; 7.13e+02,6.93e+02,5.20e+02; 7.39e+02,7.20e+02,5.47e+02; 7.58e+02,7.40e+02,5.64e+02,2.45e+01; 8.12e+02,7.89e+02,5.66e+02; 8.32e+02,8.11e+02,6.04e+02; 8.43e+02,8.22e+02,6.62e+02; 8.68e+02,8.47e+02,6.92e+02; 9.13e+02,8.85e+02,6.89e+02; 9.49e+02,9.15e+02,7.03e+02; 9.79e+02,9.47e+02,7.22e+02; 1.04e+03,1.00e+03,6.92e+02; 1.07e+03,1.03e+03,7.11e+02; 1.10e+03,1.06e+03,7.31e+02; 1.05e+03,1.03e+03,8.90e+02; 1.12e+03,1.09e+03,8.37e+02; 1.16e+03,1.12e+03,8.57e+02; 1.18e+03,1.15e+03,8.80e+02; 1.21e+03,1.18e+03,9.00e+02; 1.26e+03,1.22e+03,8.96e+02; 1.29e+03,1.25e+03,9.14e+02; 1.34e+03,1.30e+03,8.90e+02; 1.28e+03,1.25e+03,1.08e+03; 1.36e+03,1.32e+03,1.02e+03; 1.39e+03,1.35e+03,1.04e+03; 1.42e+03,1.37e+03,1.06e+03; 1.45e+03,1.41e+03,1.08e+03; 1.48e+03,1.44e+03,1.09e+03; 1.51e+03,1.47e+03,1.12e+03; 1.55e+03,1.51e+03,1.12e+03; 1.55e+03,1.51e+03,1.19e+03; 1.50e+03,1.48e+03,1.35e+03; 1.62e+03,1.58e+03,1.21e+03; 1.65e+03,1.61e+03,1.24e+03; 1.68e+03,1.64e+03,1.26e+03; 1.71e+03,1.67e+03,1.27e+03; 1.75e+03,1.70e+03,1.28e+03; 1.79e+03,1.75e+03,1.28e+03; 1.79e+03,1.75e+03,1.35e+03; 1.81e+03,1.77e+03,1.40e+03; 1.85e+03,1.81e+03,1.39e+03; 1.88e+03,1.84e+03,1.41e+03","56,56,56,56,56,56,56,56,56,56,56,56,56,56,56,56,56,56,56,56,48,56,56,56,56,56,56,56,0,56,0,0,48,56,62,48,56,0,48,62,48,56,0,56,62,0,0,56,56,56,62,0,48,62,0,62,48,56,62,0,56,56,48,48"
138,35.13,30.67,"10.39,16.66,19.84,21.69,23.01,24.28,25.19,25.95,26.64,27.33,28.03,28.69,29.25,29.72,30.16,30.57,30.98,31.36,31.77,32.17,32.53,32.85,33.14,33.43,33.71,33.98,34.26,34.54,34.81,35.04,35.25,35.42,35.53,35.70,36.02,36.13,36.32,36.49,36.55,36.77,36.94,37.09,37.39,37.68,37.86,38.01,38.20,38.18,38.37,38.74,38.99,39.22,39.40,39.53,39.67,39.80,39.93,40.19,40.40,40.63,40.78,40.91,40.99,41.11","1.51e+01,1.51e+01,1.37e+01,1.59e-03","12,4,12,4","5.44e+01; 5.63e+01,5.24e+01; 8.35e+01,7.96e+01; 1.11e+02,1.07e+02; 1.47e+02,1.25e+02; 1.47e+02,1.27e+02,5.17e+01; 1.65e+02,1.42e+02,7.40e+01; 1.84e+02,1.58e+02,9.30e+01; 2.01e+02,1.66e+02,1.22e+02; 2.21e+02,1.85e+02,1.38e+02; 2.42e+02,2.03e+02,1.53e+02; 2.61e+02,2.21e+02,1.70e+02; 2.81e+02,2.40e+02,1.86e+02; 3.00e+02,2.63e+02,1.99e+02; 3.18e+02,2.84e+02,2.14e+02; 3.35e+02,3.02e+02,2.33e+02; 3.51e+02,3.14e+02,2.59e+02; 3.68e+02,3.29e+02,2.82e+02; 3.87e+02,3.47e+02,2.99e+02; 4.06e+02,3.65e+02,3.16e+02; 4.26e+02,3.84e+02,3.33e+02; 4.45e+02,4.02e+02,3.50e+02; 4.63e+02,4.22e+02,3.66e+02; 4.80e+02,4.41e+02,3.84e+02; 4.97e+02,4.56e+02,4.06e+02; 5.15e+02,4.72e+02,4.27e+02; 5.33e+02,4.90e+02,4.45e+02; 5.52e+02,5.08e+02,4.62e+02; 5.71e+02,5.27e+02,4.80e+02; 5.90e+02,5.45e+02,4.97e+02; 6.07e+02,5.65e+02,5.14e+02; 6.19e+02,5.77e+02,5.26e+02,1.88e+01; 6.34e+02,5.91e+02,5.41e+02,2.89e+01; 6.43e+02,6.00e+02,5.53e+02,5.31e+01; 6.87e+02,6.33e+02,5.74e+02,1.01e+01; 7.05e+02,6.48e+02,5.88e+02,1.75e+01; 7.17e+02,6.61e+02,6.01e+02,3.37e+01; 7.40e+02,6.81e+02,6.16e+02,2.84e+01; 7.25e+02,6.75e+02,6.19e+02,1.02e+02; 7.57e+02,6.95e+02,6.26e+02,9.73e+01; 7.30e+02,6.78e+02,6.21e+02,2.02e+02; 7.19e+02,6.70e+02,6.16e+02,2.79e+02; 7.21e+02,6.73e+02,6.22e+02,3.23e+02; 7.29e+02,6.82e+02,6.30e+02,3.53e+02; 7.44e+02,6.96e+02,6.43e+02,3.64e+02; 7.61e+02,7.13e+02,6.60e+02,3.68e+02; 7.74e+02,7.25e+02,6.68e+02,3.90e+02; 7.80e+02,7.33e+02,6.77e+02,4.20e+02; 7.85e+02,7.38e+02,6.82e+02,4.60e+02; 7.87e+02,7.39e+02,6.84e+02,5.10e+02; 7.96e+02,7.49e+02,6.95e+02,5.35e+02; 8.06e+02,7.59e+02,7.05e+02,5.58e+02; 8.19e+02,7.72e+02,7.17e+02,5.73e+02; 8.31e+02,7.84e+02,7.29e+02,5.94e+02; 8.43e+02,7.96e+02,7.40e+02,6.13e+02; 8.57e+02,8.10e+02,7.55e+02,6.23e+02; 8.67e+02,8.21e+02,7.66e+02,6.45e+02; 8.78e+02,8.30e+02,7.73e+02,6.74e+02; 8.87e+02,8.38e+02,7.81e+02,7.03e+02; 8.98e+02,8.50e+02,7.93e+02,7.22e+02; 9.11e+02,8.64e+02,8.07e+02,7.36e+02; 9.23e+02,8.76e+02,8.20e+02,7.53e+02; 9.39e+02,8.92e+02,8.35e+02,7.60e+02; 9.51e+02,9.03e+02,8.46e+02,7.81e+02","56,8,56,56,8,8,8,8,8,56,56,56,56,8,8,8,8,8,56,56,56,56,8,8,8,8,56,56,56,56,8,8,40,8,8,40,56,56,56,56,56,56,56,56,56,56,8,54,56,56,56,56,56,56,56,56,56,56,56,56,8,56,56,56"
146,0.22,0.12,"0.00,0.00,0.01,0.01,0.01,0.02,0.03,0.03,0.04,0.05,0.06,0.07,0.08,0.10,0.11,0.12,0.14,0.15,0.16,0.18,0.20,0.22,0.23,0.25,0.27,0.28,0.30,0.33,0.34,0.37,0.38,0.40,0.42,0.44,0.46,0.49,0.50,0.53,0.55,0.56,0.59,0.61,0.63,0.66,0.67,0.70,0.72,0.74,0.77,0.79,0.80,0.84,0.85,0.88,0.90,0.92,0.95,0.97,0.99,1.02,1.04,1.07,1.09,1.11","1.47e-05,9.19e-10,3.95e-10,1.80e-10","8,8,8,8","1.82e-05; 3.64e-05; 5.46e-05; 7.28e-05; 9.10e-05; 1.09e-04; 1.27e-04; 1.46e-04; 1.64e-04; 1.82e-04; 2.00e-04; 2.18e-04; 2.37e-04; 2.55e-04; 2.73e-04; 2.91e-04; 3.10e-04; 3.28e-04; 3.46e-04; 3.64e-04; 3.82e-04; 4.01e-04; 4.19e-04; 4.37e-04; 4.55e-04; 4.73e-04; 4.92e-04; 5.10e-04; 5.28e-04; 5.46e-04; 5.64e-04; 5.83e-04; 6.01e-04; 6.19e-04; 6.37e-04; 6.55e-04; 6.74e-04; 6.92e-04; 7.10e-04; 7.28e-04; 7.46e-04; 7.65e-04; 7.50e-04,3.27e-05; 7.84e-04,1.70e-05; 7.90e-04,2.95e-05; 8.23e-04,1.47e-05; 8.11e-04,4.44e-05; 7.94e-04,8.02e-05; 8.26e-04,6.62e-05; 8.00e-04,1.10e-04; 7.89e-04,1.39e-04; 8.20e-04,1.26e-04; 7.91e-04,1.74e-04; 8.18e-04,1.65e-04; 8.13e-04,1.88e-04; 8.02e-04,2.17e-04; 8.30e-04,2.08e-04; 8.16e-04,2.40e-04; 8.09e-04,2.66e-04; 8.37e-04,2.55e-04; 8.15e-04,2.96e-04; 8.38e-04,2.91e-04; 8.38e-04,3.09e-04; 8.30e-04,3.35e-04","31,31,31,31,25,31,31,31,31,31,31,31,25,31,31,31,31,31,31,31,25,31,31,31,31,31,31,31,25,31,31,31,31,31,31,31,25,31,31,31,31,31,31,31,25,31,31,31,31,31,31,31,31,31,31,31,31,31,31,31,31,31,31,31"
147,0.26,0.13,"0.00,0.00,0.01,0.01,0.02,0.02,0.03,0.04,0.05,0.06,0.07,0.09,0.10,0.12,0.13,0.15,0.16,0.18,0.20,0.22,0.24,0.26,0.28,0.30,0.32,0.34,0.36,0.39,0.41,0.43,0.46,0.48,0.50,0.52,0.55,0.57,0.59,0.62,0.64,0.66,0.69,0.71,0.73,0.76,0.78,0.81,0.83,0.85,0.87,0.90,0.92,0.95,0.97,1.00,1.02,1.04,1.06,1.08,1.11,1.13,1.16,1.18,1.20,1.22","1.68e-05,1.04e-09,5.67e-10,4.12e-10","8,8,8,8","2.08e-05; 4.16e-05; 6.24e-05; 8.33e-05; 1.04e-04; 1.25e-04; 1.46e-04; 1.67e-04; 1.87e-04; 2.08e-04; 2.29e-04; 2.50e-04; 2.71e-04; 2.91e-04; 3.12e-04; 3.33e-04; 3.54e-04; 3.75e-04; 3.96e-04; 4.16e-04; 4.37e-04; 4.58e-04; 4.79e-04; 5.00e-04; 5.20e-04; 5.41e-04; 5.62e-04; 5.83e-04; 6.04e-04; 6.24e-04; 6.45e-04; 6.66e-04; 6.87e-04; 7.08e-04; 7.29e-04; 7.49e-04; 7.70e-04; 7.91e-04; 8.12e-04; 8.33e-04; 8.53e-04; 8.74e-04; 8.95e-04; 9.16e-04; 9.37e-04; 9.58e-04; 9.78e-04; 9.99e-04; 1.02e-03; 1.04e-03; 1.06e-03; 1.08e-03; 1.10e-03; 1.12e-03; 1.14e-03; 1.16e-03,5.32e-06; 1.16e-03,2.16e-05; 1.16e-03,4.35e-05; 1.17e-03,6.19e-05; 1.17e-03,7.95e-05; 1.17e-03,9.94e-05; 1.18e-03,1.13e-04; 1.18e-03,1.28e-04; 1.19e-03,1.42e-04","31,31,31,31,31,31,31,31,31,31,31,31,31,31,31,31,31,31,31,31,31,31,31,31,31,31,31,31,31,31,31,31,31,31,31,31,31,31,31,31,31,31,31,31,31,31,31,31,31,31,31,31,31,31,31,31,31,31,31,31,31,31,31,31"
148,0.21,0.18,"0.00,0.01,0.02,0.04,0.06,0.09,0.12,0.15,0.18,0.21,0.25,0.30,0.34,0.39,0.43,0.47,0.51,0.56,0.61,0.66,0.71,0.76,0.80,0.84,0.89,0.93,0.98,1.03,1.08,1.12,1.17,1.21,1.25,1.29,1.33,1.38,1.42,1.47,1.51,1.55,1.58,1.62,1.66,1.70,1.74,1.79,1.82,1.86,1.89,1.93,1.96,2.00,2.04,2.08,2.11,2.15,2.18,2.21,2.24,2.28,2.31,2.35,2.38,2.41","1.40e-05,5.49e-10,3.33e-10,1.94e-10","4,4,4,4",1.74e-05; 3.47e-05; 5.21e-05; 6.94e-05; 8.68e-05; 1.04e-04; 1.22e-04; 1.39e-04; 1.56e-04; 1.74e-04; 1.91e-04; 2.08e-04; 2.26e-04; 2.43e-04; 2.60e-04; 2.78e-04; 2.95e-04; 3.12e-04; 3.30e-04; 3.47e-04; 3.65e-04; 3.82e-04; 3.99e-04; 4.17e-04; 4.34e-04; 4.51e-04; 4.69e-04; 4.86e-04; 5.03e-04; 5.21e-04; 5.38e-04; 5.56e-04; 5.73e-04; 5.90e-04; 6.08e-04; 6.25e-04; 6.42e-04; 6.60e-04; 6.77e-04; 6.94e-04; 7.12e-04; 7.29e-04; 7.47e-04; 7.64e-04; 7.81e-04; 7.99e-04; 8.16e-04; 8.33e-04; 8.51e-04; 8.68e-04; 8.85e-04; 9.03e-04; 9.20e-04; 9.37e-04; 9.55e-04; 9.72e-04; 9.90e-04; 1.01e-03; 1.02e-03; 1.04e-03; 1.06e-03; 1.08e-03; 1.09e-03; 1.11e-03,"32,32,32,32,32,32,32,32,32,32,32,32,32,32,32,32,32,32,32,32,32,32,32,32,32,32,32,32,32,32,32,32,32,32,32,32,32,32,32,32,32,32,32,32,32,32,32,32,32,32,32,32,32,32,32,32,32,32,32,32,32,32,32,32"
149,0.05,0.03,"0.00,0.00,0.00,0.00,0.01,0.01,0.01,0.01,0.02,0.02,0.02,0.03,0.04,0.04,0.04,0.05,0.05,0.06,0.07,0.08,0.09,0.09,0.10,0.11,0.11,0.12,0.13,0.14,0.15,0.16,0.17,0.18,0.19,0.20,0.21,0.22,0.24,0.25,0.26,0.26,0.27,0.29,0.30,0.31,0.33,0.34,0.35,0.36,0.37,0.38,0.40,0.41,0.42,0.44,0.45,0.45,0.47,0.48,0.50,0.51,0.52,0.54,0.55,0.56","2.98e-06,2.51e-10,1.15e-10,7.99e-11","10,10,10,10",3.70e-06; 7.40e-06; 1.11e-05; 1.48e-05; 1.85e-05; 2.22e-05; 2.59e-05; 2.96e-05; 3.33e-05; 3.70e-05; 4.07e-05; 4.44e-05; 4.81e-05; 5.18e-05; 5.55e-05; 5.92e-05; 6.29e-05; 6.66e-05; 7.03e-05; 7.40e-05; 7.77e-05; 8.14e-05; 8.51e-05; 8.88e-05; 9.25e-05; 9.62e-05; 9.99e-05; 1.04e-04; 1.07e-04; 1.11e-04; 1.15e-04; 1.18e-04; 1.22e-04; 1.26e-04; 1.30e-04; 1.33e-04; 1.37e-04; 1.41e-04; 1.44e-04; 1.48e-04; 1.52e-04; 1.55e-04; 1.59e-04; 1.63e-04; 1.67e-04; 1.70e-04; 1.74e-04; 1.78e-04; 1.81e-04; 1.85e-04; 1.89e-04; 1.92e-04; 1.96e-04; 2.00e-04; 2.04e-04; 2.07e-04; 2.11e-04; 2.15e-04; 2.18e-04; 2.22e-04; 2.26e-04; 2.29e-04; 2.33e-04; 2.37e-04,"38,38,38,38,38,38,38,38,38,38,38,38,38,38,38,38,38,38,38,38,38,38,38,38,38,38,38,38,38,38,38,38,38,38,38,38,38,38,38,38,38,38,38,38,38,38,38,38,38,38,38,38,38,38,38,38,38,38,38,38,38,38,38,38"
153,0.01,0.01,"0.00,0.00,0.00,0.00,0.00,0.00,0.00,0.00,0.00,0.00,0.00,0.00,0.00,0.01,0.01,0.01,0.01,0.01,0.01,0.01,0.01,0.01,0.01,0.01,0.02,0.02,0.02,0.02,0.02,0.02,0.02,0.02,0.02,0.03,0.03,0.03,0.03,0.03,0.03,0.03,0.03,0.03,0.04,0.04,0.04,0.04,0.04,0.04,0.04,0.04,0.05,0.05,0.05,0.05,0.05,0.05,0.05,0.06,0.06,0.06,0.06,0.07,0.07,0.07","6.60e-07,6.03e-11,2.18e-11,1.18e-11","1,1,1,1",; 1.64e-06; 2.46e-06; 3.28e-06; 4.09e-06; 4.91e-06; 5.73e-06; 6.55e-06; 7.37e-06; 8.19e-06; 9.01e-06; 9.83e-06; 1.06e-05; 1.15e-05; 1.23e-05; 1.31e-05; 1.39e-05; 1.47e-05; 1.56e-05; 1.64e-05; 1.72e-05; 1.80e-05; 1.88e-05; 1.97e-05; 2.05e-05; 2.13e-05; 2.21e-05; 2.29e-05; 2.37e-05; 2.46e-05; 2.54e-05; 2.62e-05; 2.70e-05; 2.78e-05; 2.87e-05; 2.95e-05; 3.03e-05; 3.11e-05; 3.19e-05; 3.28e-05; 3.36e-05; 3.44e-05; 3.52e-05; 3.60e-05; 3.68e-05; 3.77e-05; 3.85e-05; 3.93e-05; 4.01e-05; 4.09e-05; 4.18e-05; 4.26e-05; 4.34e-05; 4.42e-05; 4.50e-05; 4.59e-05; 4.67e-05; 4.75e-05; 4.83e-05; 4.91e-05; 4.99e-05; 5.08e-05; 5.16e-05; 5.24e-05,"0,0,0,0,0,0,0,0,0,0,0,0,0,0,0,0,0,0,0,0,0,0,0,0,0,0,0,0,0,0,0,0,0,0,0,0,0,0,0,0,0,0,0,0,0,0,0,0,0,0,0,0,0,0,0,0,0,0,0,0,0,0,0,0"
172,49.42,40.64,"16.31,20.59,23.84,26.48,28.70,30.47,31.84,33.08,34.60,35.32,35.94,36.88,37.46,38.17,38.80,39.26,40.41,40.84,41.08,41.96,42.34,42.71,42.97,43.65,43.65,44.43,44.97,45.56,46.06,46.10,46.19,46.29,46.69,47.37,47.61,47.91,48.17,48.62,49.25,49.18,49.65,49.83,49.47,49.90,51.31,50.97,51.10,50.82,50.75,51.54,52.07,53.35,51.81,53.68,51.82,52.62,53.38,52.90,52.44,54.47,52.91,55.41,56.24,56.44","1.54e+02,1.53e+02,1.53e+02,1.42e+02","12,5,12,5","1.06e+03; 1.15e+03,9.82e+02; 1.29e+03,1.15e+03,7.52e+02; 1.56e+03,1.42e+03,1.28e+03; 1.88e+03,1.75e+03,1.69e+03; 2.22e+03,2.14e+03,2.03e+03; 2.35e+03,2.30e+03,1.91e+03,8.83e+02; 2.52e+03,2.49e+03,1.97e+03,1.53e+03; 3.06e+03,3.03e+03,2.51e+03,9.75e+02; 3.07e+03,3.04e+03,2.47e+03,2.07e+03; 3.19e+03,3.17e+03,3.05e+03,2.31e+03; 4.14e+03,4.12e+03,3.99e+03,5.25e+02; 4.72e+03,4.70e+03,4.42e+03; 4.66e+03,4.64e+03,4.07e+03,1.53e+03; 4.83e+03,4.80e+03,4.13e+03,2.21e+03; 5.20e+03,5.18e+03,4.38e+03,2.26e+03; 5.39e+03,5.37e+03,4.67e+03,2.67e+03; 5.47e+03,5.46e+03,4.91e+03,3.33e+03; 5.64e+03,5.63e+03,5.14e+03,3.80e+03; 5.97e+03,5.96e+03,5.54e+03,3.82e+03; 6.35e+03,6.33e+03,5.79e+03,3.88e+03; 6.78e+03,6.77e+03,6.12e+03,3.75e+03; 7.01e+03,7.00e+03,6.29e+03,4.18e+03; 7.05e+03,7.03e+03,6.49e+03,4.97e+03; 7.17e+03,7.16e+03,6.74e+03,5.54e+03; 7.30e+03,7.29e+03,6.98e+03,6.11e+03; 7.64e+03,7.63e+03,7.26e+03,6.20e+03; 8.49e+03,8.48e+03,6.75e+03,6.09e+03; 8.33e+03,8.33e+03,7.90e+03,6.31e+03; 8.54e+03,8.53e+03,8.16e+03,6.70e+03; 8.55e+03,8.54e+03,8.32e+03,7.58e+03; 8.77e+03,8.76e+03,8.57e+03,7.96e+03; 9.04e+03,9.03e+03,8.83e+03,8.22e+03; 9.32e+03,9.31e+03,9.10e+03,8.46e+03; 9.60e+03,9.60e+03,9.35e+03,8.71e+03; 9.88e+03,9.87e+03,9.69e+03,8.89e+03; 1.01e+04,1.01e+04,9.96e+03,9.31e+03; 1.05e+04,1.04e+04,1.02e+04,9.34e+03; 1.06e+04,1.06e+04,1.04e+04,9.91e+03; 1.08e+04,1.08e+04,1.07e+04,1.02e+04; 1.11e+04,1.11e+04,1.10e+04,1.05e+04; 1.14e+04,1.14e+04,1.12e+04,1.07e+04; 1.18e+04,1.18e+04,1.15e+04,1.08e+04; 1.19e+04,1.18e+04,1.18e+04,1.14e+04; 1.22e+04,1.22e+04,1.22e+04,1.13e+04; 1.25e+04,1.25e+04,1.24e+04,1.16e+04; 1.27e+04,1.27e+04,1.26e+04,1.21e+04; 1.29e+04,1.29e+04,1.28e+04,1.24e+04; 1.32e+04,1.32e+04,1.31e+04,1.27e+04; 1.35e+04,1.35e+04,1.34e+04,1.29e+04; 1.37e+04,1.37e+04,1.36e+04,1.32e+04; 1.40e+04,1.40e+04,1.39e+04,1.34e+04; 1.42e+04,1.42e+04,1.42e+04,1.38e+04; 1.46e+04,1.46e+04,1.45e+04,1.38e+04; 1.47e+04,1.47e+04,1.47e+04,1.45e+04; 1.50e+04,1.50e+04,1.49e+04,1.46e+04; 1.53e+04,1.53e+04,1.52e+04,1.48e+04; 1.56e+04,1.56e+04,1.55e+04,1.52e+04; 1.58e+04,1.58e+04,1.57e+04,1.54e+04; 1.61e+04,1.61e+04,1.60e+04,1.57e+04; 1.64e+04,1.64e+04,1.63e+04,1.59e+04; 1.67e+04,1.67e+04,1.66e+04,1.61e+04; 1.68e+04,1.68e+04,1.68e+04,1.66e+04; 1.72e+04,1.72e+04,1.71e+04,1.67e+04","7,57,7,7,7,7,7,7,7,57,24,57,7,57,57,7,7,7,57,57,31,7,57,57,7,7,31,7,57,57,7,57,31,7,31,57,7,57,7,7,24,24,7,24,57,57,7,31,31,24,24,57,24,7,7,31,7,7,57,24,7,24,24,24"
173,35.40,28.65,"14.02,16.99,20.28,22.62,24.24,25.37,26.06,26.68,27.67,28.42,28.97,30.02,30.78,31.27,31.70,32.26,32.70,33.26,33.63,34.54,34.87,35.37,35.61,35.94,36.11,36.16,36.89,36.74,36.99,37.66,37.71,38.16,38.39,38.06,38.58,38.48,39.72,39.50,39.52,40.43,40.88,40.31,40.74,41.62,40.70,40.93,40.66,41.44,42.63,41.51,42.75,44.88,43.28,42.43,44.26,44.26,43.59,44.65,42.30,46.21,44.11,44.57,44.93,46.98","9.07e+01,9.02e+01,7.94e+01,7.57e+01","15,7,15,15","4.86e+02; 6.22e+02,3.51e+02; 7.71e+02,6.87e+02; 9.95e+02,9.50e+02; 1.23e+03,1.20e+03; 1.47e+03,1.44e+03; 1.72e+03,1.69e+03; 1.69e+03,1.66e+03,5.45e+02; 1.86e+03,1.84e+03,6.80e+02; 1.94e+03,1.93e+03,9.92e+02; 2.06e+03,2.04e+03,1.24e+03; 2.14e+03,2.13e+03,1.57e+03; 2.28e+03,2.26e+03,1.78e+03; 2.43e+03,2.42e+03,1.96e+03; 2.59e+03,2.58e+03,2.12e+03; 2.73e+03,2.72e+03,2.33e+03; 2.90e+03,2.88e+03,2.49e+03; 3.04e+03,3.03e+03,2.68e+03; 3.19e+03,3.17e+03,2.88e+03; 3.33e+03,3.32e+03,3.07e+03; 3.49e+03,3.47e+03,3.25e+03; 3.65e+03,3.63e+03,3.41e+03; 3.81e+03,3.80e+03,3.58e+03; 3.97e+03,3.96e+03,3.74e+03; 3.99e+03,3.98e+03,3.76e+03,4.27e+02; 4.29e+03,4.28e+03,4.07e+03; 4.45e+03,4.43e+03,4.25e+03; 4.61e+03,4.60e+03,4.41e+03; 4.76e+03,4.75e+03,4.58e+03; 4.92e+03,4.91e+03,4.75e+03; 5.09e+03,5.08e+03,4.91e+03; 5.17e+03,5.16e+03,5.00e+03,2.29e+02; 5.41e+03,5.40e+03,5.24e+03; 5.57e+03,5.56e+03,5.40e+03; 5.57e+03,5.56e+03,5.40e+03,4.79e+02; 5.89e+03,5.88e+03,5.73e+03; 6.05e+03,6.04e+03,5.90e+03; 6.21e+03,6.20e+03,6.06e+03; 5.61e+03,5.60e+03,5.47e+03,2.27e+03; 6.52e+03,6.51e+03,6.41e+03; 6.62e+03,6.61e+03,6.51e+03,2.03e+02; 5.38e+03,5.37e+03,5.26e+03,4.41e+03; 6.91e+03,6.90e+03,6.80e+03,2.87e+02; 7.18e+03,7.17e+03,7.04e+03; 7.00e+03,6.99e+03,6.89e+03,9.96e+02; 7.12e+03,7.11e+03,7.01e+03,1.12e+03; 7.57e+03,7.56e+03,7.47e+03,2.45e+02; 7.30e+03,7.29e+03,7.22e+03,1.53e+03; 6.69e+03,6.68e+03,6.61e+03,3.85e+03; 6.32e+03,6.31e+03,6.24e+03,5.44e+03; 6.72e+03,6.71e+03,6.64e+03,4.73e+03; 8.31e+03,8.30e+03,8.23e+03,4.51e+02; 7.52e+03,7.51e+03,7.45e+03,3.28e+03; 7.21e+03,7.20e+03,7.14e+03,4.71e+03; 8.94e+03,8.93e+03,8.87e+03; 7.22e+03,7.21e+03,7.17e+03,5.63e+03; 8.01e+03,8.01e+03,7.97e+03,3.72e+03; 7.97e+03,7.96e+03,7.92e+03,4.35e+03; 7.89e+03,7.88e+03,7.84e+03,5.07e+03; 9.74e+03,9.73e+03,9.70e+03; 9.90e+03,9.89e+03,9.86e+03; 9.07e+03,9.07e+03,9.03e+03,2.97e+03; 8.59e+03,8.58e+03,8.55e+03,4.92e+03; 9.71e+03,9.70e+03,9.67e+03,2.04e+03","63,63,63,63,63,63,63,63,63,63,0,0,63,63,63,0,63,63,63,63,0,62,63,15,0,62,63,62,63,62,15,62,15,0,0,63,63,62,63,63,62,62,15,63,63,62,62,63,0,0,62,15,63,0,63,63,63,62,15,0,63,62,15,15"
174,39.93,32.10,"12.83,16.84,19.84,22.67,24.75,26.07,27.19,28.03,29.48,30.32,31.08,31.88,32.65,33.70,34.36,35.05,35.90,36.41,36.75,36.98,37.41,37.93,38.47,39.17,39.48,39.89,40.32,40.61,40.79,41.12,41.66,42.04,42.64,43.26,43.30,43.89,43.93,43.90,44.54,44.92,44.68,45.04,45.17,45.50,45.43,45.82,45.88,46.67,47.29,47.11,46.96,46.87,47.43,47.74,47.71,48.28,48.61,48.15,48.50,48.67,49.66,48.82,49.25,49.02","5.95e+01,5.92e+01,5.89e+01,5.21e+01","3,8,3,8","3.45e+02; 3.98e+02,2.92e+02; 5.13e+02,4.56e+02,6.67e+01; 5.30e+02,4.69e+02,3.81e+02; 6.28e+02,5.78e+02,5.20e+02; 7.29e+02,6.88e+02,6.08e+02,4.46e+01; 8.29e+02,7.93e+02,6.84e+02,1.08e+02; 8.81e+02,8.48e+02,7.15e+02,3.17e+02; 9.28e+02,9.03e+02,8.16e+02,4.58e+02; 9.99e+02,9.75e+02,8.35e+02,6.40e+02; 1.04e+03,1.02e+03,9.26e+02,8.03e+02; 1.21e+03,1.19e+03,1.11e+03,6.24e+02; 1.35e+03,1.33e+03,1.22e+03,5.93e+02; 1.37e+03,1.35e+03,1.25e+03,8.66e+02; 1.42e+03,1.40e+03,1.33e+03,1.02e+03; 1.48e+03,1.47e+03,1.41e+03,1.16e+03; 1.56e+03,1.54e+03,1.49e+03,1.28e+03; 1.64e+03,1.63e+03,1.57e+03,1.37e+03; 1.73e+03,1.72e+03,1.66e+03,1.45e+03; 1.82e+03,1.80e+03,1.74e+03,1.54e+03; 1.93e+03,1.91e+03,1.84e+03,1.57e+03; 2.00e+03,1.98e+03,1.92e+03,1.69e+03; 2.07e+03,2.06e+03,2.00e+03,1.81e+03; 2.14e+03,2.13e+03,2.08e+03,1.92e+03; 2.23e+03,2.21e+03,2.16e+03,2.02e+03; 2.31e+03,2.30e+03,2.25e+03,2.11e+03; 2.40e+03,2.39e+03,2.34e+03,2.19e+03; 2.49e+03,2.47e+03,2.43e+03,2.27e+03; 2.57e+03,2.56e+03,2.51e+03,2.36e+03; 2.66e+03,2.65e+03,2.60e+03,2.45e+03; 2.74e+03,2.73e+03,2.68e+03,2.55e+03; 2.82e+03,2.81e+03,2.76e+03,2.66e+03; 2.90e+03,2.89e+03,2.84e+03,2.75e+03; 2.98e+03,2.97e+03,2.93e+03,2.84e+03; 3.07e+03,3.06e+03,3.02e+03,2.92e+03; 3.16e+03,3.15e+03,3.10e+03,3.01e+03; 3.24e+03,3.23e+03,3.19e+03,3.10e+03; 3.34e+03,3.33e+03,3.29e+03,3.16e+03; 3.41e+03,3.41e+03,3.36e+03,3.27e+03; 3.50e+03,3.49e+03,3.45e+03,3.36e+03; 3.59e+03,3.58e+03,3.53e+03,3.45e+03; 3.67e+03,3.66e+03,3.62e+03,3.53e+03; 3.76e+03,3.75e+03,3.71e+03,3.62e+03; 3.85e+03,3.84e+03,3.79e+03,3.71e+03; 3.93e+03,3.92e+03,3.88e+03,3.80e+03; 4.02e+03,4.01e+03,3.97e+03,3.87e+03; 4.10e+03,4.09e+03,4.05e+03,3.97e+03; 4.18e+03,4.18e+03,4.13e+03,4.07e+03; 4.27e+03,4.26e+03,4.22e+03,4.15e+03; 4.35e+03,4.35e+03,4.31e+03,4.24e+03; 4.44e+03,4.44e+03,4.39e+03,4.32e+03; 4.53e+03,4.52e+03,4.47e+03,4.41e+03; 4.62e+03,4.61e+03,4.57e+03,4.49e+03; 4.71e+03,4.70e+03,4.66e+03,4.57e+03; 4.79e+03,4.78e+03,4.74e+03,4.67e+03; 4.87e+03,4.87e+03,4.82e+03,4.76e+03; 4.96e+03,4.95e+03,4.91e+03,4.85e+03; 5.04e+03,5.04e+03,5.00e+03,4.93e+03; 5.13e+03,5.12e+03,5.08e+03,5.02e+03; 5.22e+03,5.21e+03,5.16e+03,5.11e+03; 5.30e+03,5.30e+03,5.26e+03,5.19e+03; 5.39e+03,5.38e+03,5.34e+03,5.28e+03; 5.47e+03,5.47e+03,5.43e+03,5.37e+03; 5.56e+03,5.55e+03,5.51e+03,5.46e+03","56,56,56,56,56,56,56,56,56,56,56,56,56,56,56,56,56,6,6,6,56,4,56,56,56,6,56,56,4,6,56,56,56,56,58,56,6,56,6,6,6,58,6,56,6,4,56,56,4,56,58,58,56,58,58,58,56,56,58,56,56,58,4,58"
175,33.61,29.20,"13.12,17.01,19.76,21.55,23.29,24.38,25.26,26.36,27.52,27.96,28.95,29.75,30.53,31.22,31.81,32.36,32.97,33.44,33.93,34.37,34.78,35.28,35.71,36.03,36.34,36.70,37.05,37.39,37.66,37.99,38.22,38.45,38.73,39.08,39.13,39.29,39.52,39.76,40.14,40.17,40.45,40.52,40.82,41.03,41.46,41.09,41.74,41.91,42.00,42.13,42.52,42.38,42.50,42.47,42.84,42.94,43.21,43.13,43.30,43.47,43.57,43.73,43.84,44.06","3.59e+01,3.57e+01,3.21e+01,2.55e+01","0,0,0,8","1.80e+02; 2.03e+02,1.57e+02; 2.85e+02,2.55e+02; 3.22e+02,2.88e+02,1.09e+02; 3.48e+02,3.16e+02,2.36e+02; 4.06e+02,3.60e+02,3.13e+02; 4.23e+02,3.67e+02,3.20e+02,1.49e+02; 4.85e+02,4.22e+02,3.93e+02,1.39e+02; 5.30e+02,4.72e+02,4.43e+02,1.74e+02; 5.08e+02,4.80e+02,4.48e+02,3.64e+02; 6.46e+02,5.84e+02,5.48e+02,2.01e+02; 6.80e+02,6.19e+02,6.02e+02,2.57e+02; 7.49e+02,6.89e+02,6.57e+02,2.44e+02; 7.95e+02,7.39e+02,7.03e+02,2.83e+02; 8.16e+02,7.60e+02,7.32e+02,3.90e+02; 8.62e+02,8.05e+02,7.71e+02,4.41e+02; 9.09e+02,8.54e+02,8.12e+02,4.83e+02; 9.54e+02,8.99e+02,8.56e+02,5.29e+02; 1.00e+03,9.47e+02,9.06e+02,5.63e+02; 1.04e+03,9.89e+02,9.52e+02,6.13e+02; 1.12e+03,1.06e+03,1.02e+03,5.77e+02; 1.15e+03,1.09e+03,1.05e+03,6.66e+02; 1.19e+03,1.14e+03,1.10e+03,7.16e+02; 1.23e+03,1.18e+03,1.14e+03,7.68e+02; 1.28e+03,1.23e+03,1.19e+03,8.01e+02; 1.32e+03,1.27e+03,1.22e+03,8.65e+02; 1.38e+03,1.32e+03,1.27e+03,8.84e+02; 1.42e+03,1.36e+03,1.32e+03,9.40e+02; 1.53e+03,1.48e+03,1.44e+03,7.63e+02; 1.52e+03,1.46e+03,1.42e+03,9.96e+02; 1.56e+03,1.51e+03,1.46e+03,1.04e+03; 1.60e+03,1.55e+03,1.50e+03,1.12e+03; 1.64e+03,1.59e+03,1.54e+03,1.17e+03; 1.69e+03,1.64e+03,1.59e+03,1.20e+03; 1.74e+03,1.68e+03,1.63e+03,1.24e+03; 1.79e+03,1.73e+03,1.68e+03,1.27e+03; 1.83e+03,1.78e+03,1.73e+03,1.31e+03; 1.88e+03,1.83e+03,1.79e+03,1.34e+03; 1.91e+03,1.86e+03,1.82e+03,1.43e+03; 1.96e+03,1.91e+03,1.86e+03,1.46e+03; 2.03e+03,1.97e+03,1.92e+03,1.46e+03; 2.09e+03,2.03e+03,1.98e+03,1.45e+03; 2.13e+03,2.07e+03,2.02e+03,1.52e+03; 2.03e+03,2.00e+03,2.00e+03,1.88e+03; 2.19e+03,2.14e+03,2.10e+03,1.66e+03; 2.26e+03,2.21e+03,2.17e+03,1.64e+03; 2.29e+03,2.24e+03,2.19e+03,1.74e+03; 2.30e+03,2.25e+03,2.22e+03,1.87e+03; 2.38e+03,2.33e+03,2.27e+03,1.84e+03; 2.42e+03,2.37e+03,2.32e+03,1.88e+03; 2.47e+03,2.42e+03,2.36e+03,1.93e+03; 2.45e+03,2.41e+03,2.38e+03,2.11e+03; 2.56e+03,2.51e+03,2.45e+03,2.01e+03; 2.61e+03,2.57e+03,2.52e+03,2.01e+03; 2.67e+03,2.62e+03,2.56e+03,2.05e+03; 2.67e+03,2.62e+03,2.58e+03,2.20e+03; 2.75e+03,2.70e+03,2.64e+03,2.18e+03; 2.78e+03,2.73e+03,2.68e+03,2.24e+03; 2.83e+03,2.78e+03,2.72e+03,2.29e+03; 2.82e+03,2.78e+03,2.75e+03,2.44e+03; 2.79e+03,2.77e+03,2.76e+03,2.66e+03; 2.86e+03,2.83e+03,2.83e+03,2.64e+03; 2.94e+03,2.90e+03,2.88e+03,2.62e+03; 2.94e+03,2.91e+03,2.90e+03,2.77e+03","56,56,56,56,56,7,56,56,56,7,56,56,56,56,56,56,56,56,56,56,56,56,56,56,56,56,7,56,56,56,62,56,7,7,7,54,56,56,56,62,7,7,56,56,54,7,56,56,54,62,54,7,62,56,62,54,54,56,7,7,56,56,62,62"
176,25.99,22.73,"12.62,14.97,16.40,17.39,18.72,20.45,21.99,23.16,23.66,24.20,24.71,25.23,25.68,26.11,26.68,27.44,27.65,27.75,28.26,28.62,29.04,29.35,29.51,29.97,30.26,30.40,30.65,31.18,31.50,31.65,31.87,32.19,32.61,32.13,32.62,33.01,33.26,33.58,33.34,33.54,33.73,33.57,33.93,34.54,34.57,34.31,34.82,35.14,34.66,35.46,35.01,35.36,35.12,35.48,35.82,36.00,36.07,36.57,36.25,36.49,37.05,37.04,37.36,37.18","3.88e+01,3.77e+01,2.09e+01,6.12e+00","15,4,15,4","1.28e+02; 2.57e+02; 3.85e+02; 5.14e+02; 4.02e+02,2.40e+02; 4.17e+02,3.54e+02; 4.65e+02,4.34e+02; 5.23e+02,5.05e+02; 5.87e+02,5.69e+02; 6.51e+02,6.34e+02; 7.15e+02,6.98e+02; 7.17e+02,7.01e+02,1.23e+02; 7.31e+02,7.15e+02,2.24e+02; 7.71e+02,7.56e+02,2.72e+02; 8.11e+02,7.98e+02,3.19e+02; 8.39e+02,8.29e+02,3.88e+02; 8.83e+02,8.72e+02,4.29e+02; 9.57e+02,9.47e+02,4.08e+02; 9.72e+02,9.62e+02,5.07e+02; 1.00e+03,9.92e+02,5.75e+02; 1.03e+03,1.02e+03,6.51e+02; 1.07e+03,1.06e+03,6.91e+02; 1.11e+03,1.10e+03,7.38e+02; 1.15e+03,1.14e+03,7.96e+02; 1.19e+03,1.18e+03,8.37e+02; 1.25e+03,1.24e+03,8.53e+02; 1.27e+03,1.27e+03,9.26e+02; 1.31e+03,1.30e+03,9.83e+02; 1.34e+03,1.33e+03,1.05e+03; 1.38e+03,1.38e+03,1.10e+03; 1.42e+03,1.42e+03,1.14e+03; 1.46e+03,1.45e+03,1.19e+03; 1.50e+03,1.50e+03,1.24e+03; 1.55e+03,1.55e+03,1.23e+03,4.06e+01; 1.59e+03,1.58e+03,1.32e+03; 1.63e+03,1.63e+03,1.36e+03; 1.67e+03,1.66e+03,1.42e+03; 1.71e+03,1.70e+03,1.46e+03; 1.75e+03,1.75e+03,1.51e+03; 1.80e+03,1.79e+03,1.55e+03; 1.84e+03,1.83e+03,1.59e+03; 1.88e+03,1.87e+03,1.64e+03; 1.93e+03,1.92e+03,1.67e+03; 1.99e+03,1.99e+03,1.68e+03; 2.01e+03,2.00e+03,1.77e+03; 2.05e+03,2.04e+03,1.81e+03; 2.09e+03,2.09e+03,1.86e+03; 2.14e+03,2.13e+03,1.90e+03; 2.18e+03,2.17e+03,1.94e+03; 2.22e+03,2.21e+03,1.99e+03; 2.27e+03,2.26e+03,2.02e+03; 2.32e+03,2.31e+03,2.05e+03; 2.35e+03,2.34e+03,2.12e+03; 2.39e+03,2.39e+03,2.16e+03; 2.43e+03,2.43e+03,2.20e+03; 2.47e+03,2.46e+03,2.27e+03; 2.51e+03,2.50e+03,2.31e+03; 2.55e+03,2.55e+03,2.35e+03; 2.60e+03,2.59e+03,2.39e+03; 2.64e+03,2.63e+03,2.43e+03; 2.68e+03,2.67e+03,2.49e+03; 2.72e+03,2.71e+03,2.53e+03; 2.74e+03,2.74e+03,2.55e+03,5.64e+01; 2.80e+03,2.79e+03,2.63e+03","63,63,63,63,63,63,63,63,63,63,63,63,63,63,63,63,51,63,63,63,63,57,63,63,63,51,63,63,63,51,63,63,51,51,63,63,63,51,61,61,63,63,61,61,61,61,57,61,63,61,51,61,63,63,51,63,61,63,63,51,63,61,51,63"
177,27.97,24.54,"12.35,14.69,16.13,17.64,19.14,20.47,21.51,22.37,23.12,23.65,24.10,24.55,24.96,25.41,25.87,26.36,26.81,27.16,27.47,27.80,28.05,28.31,28.66,29.05,29.32,29.51,29.77,30.09,30.20,30.45,30.73,30.95,31.24,31.53,31.56,31.65,31.91,32.21,32.26,32.64,32.91,32.84,33.11,33.48,33.50,33.50,33.70,34.02,34.19,34.21,34.47,34.85,34.73,35.02,35.30,35.65,35.79,35.78,35.87,35.96,36.08,36.67,36.88,36.92","4.08e+01,4.03e+01,3.00e+01,3.73e-03","0,8,0,8","1.38e+02; 2.76e+02; 3.57e+02,5.70e+01; 3.56e+02,1.96e+02; 3.90e+02,3.00e+02; 4.42e+02,3.85e+02; 4.87e+02,4.48e+02,3.05e+01; 5.27e+02,4.98e+02,7.88e+01; 5.71e+02,5.48e+02,1.23e+02; 6.12e+02,5.90e+02,1.78e+02; 6.57e+02,6.34e+02,2.26e+02; 7.08e+02,6.85e+02,2.62e+02; 7.43e+02,7.19e+02,3.31e+02; 7.88e+02,7.64e+02,3.80e+02; 8.32e+02,8.10e+02,4.28e+02; 8.78e+02,8.58e+02,4.71e+02; 9.27e+02,9.09e+02,5.09e+02; 9.67e+02,9.50e+02,5.67e+02; 1.01e+03,9.93e+02,6.19e+02; 1.06e+03,1.04e+03,6.54e+02; 1.10e+03,1.08e+03,7.10e+02; 1.15e+03,1.13e+03,7.63e+02; 1.19e+03,1.17e+03,8.11e+02; 1.24e+03,1.22e+03,8.57e+02; 1.28e+03,1.27e+03,8.99e+02; 1.34e+03,1.33e+03,9.21e+02; 1.38e+03,1.36e+03,9.81e+02; 1.47e+03,1.45e+03,9.44e+02; 1.46e+03,1.45e+03,1.09e+03; 1.50e+03,1.49e+03,1.15e+03; 1.55e+03,1.53e+03,1.20e+03; 1.59e+03,1.58e+03,1.24e+03; 1.64e+03,1.63e+03,1.28e+03; 1.72e+03,1.71e+03,1.26e+03; 1.78e+03,1.76e+03,1.29e+03; 1.77e+03,1.75e+03,1.39e+03,5.75e+01; 1.81e+03,1.79e+03,1.47e+03,3.33e+01; 1.86e+03,1.85e+03,1.53e+03; 1.89e+03,1.87e+03,1.56e+03,6.35e+01; 1.98e+03,1.96e+03,1.55e+03,2.33e+01; 2.03e+03,2.01e+03,1.59e+03,2.30e+01; 2.02e+03,2.00e+03,1.52e+03,2.59e+02; 1.83e+03,1.82e+03,1.42e+03,8.61e+02; 2.23e+03,2.22e+03,1.62e+03; 2.48e+03,2.46e+03,1.17e+03,1.03e+02; 2.08e+03,2.06e+03,1.73e+03,4.71e+02; 2.05e+03,2.04e+03,1.67e+03,7.29e+02; 2.10e+03,2.09e+03,1.70e+03,7.34e+02; 2.13e+03,2.12e+03,1.73e+03,7.86e+02; 2.12e+03,2.10e+03,1.73e+03,9.50e+02; 2.19e+03,2.17e+03,1.60e+03,1.08e+03; 2.38e+03,2.37e+03,1.34e+03,1.08e+03; 2.75e+03,2.72e+03,1.84e+03; 2.19e+03,2.18e+03,1.87e+03,1.22e+03; 2.21e+03,2.19e+03,1.87e+03,1.32e+03; 2.24e+03,2.23e+03,1.89e+03,1.37e+03; 2.28e+03,2.26e+03,1.93e+03,1.40e+03; 2.29e+03,2.28e+03,1.95e+03,1.48e+03; 2.33e+03,2.31e+03,1.98e+03,1.52e+03; 2.38e+03,2.37e+03,1.97e+03,1.56e+03; 2.45e+03,2.44e+03,2.07e+03,1.46e+03; 2.39e+03,2.38e+03,2.08e+03,1.70e+03; 2.41e+03,2.40e+03,2.12e+03,1.76e+03; 2.44e+03,2.43e+03,2.15e+03,1.80e+03","55,55,55,55,55,55,55,55,55,55,55,55,55,56,55,55,56,55,56,55,55,56,55,55,55,56,7,55,55,55,55,56,56,56,62,7,7,55,55,55,56,55,55,62,62,62,55,55,56,56,7,55,55,55,55,55,56,55,62,7,55,56,56,62"
178,23.51,20.73,"11.70,13.88,15.20,16.13,16.84,17.62,18.52,19.40,19.89,20.35,20.80,21.22,21.72,22.24,22.77,23.31,23.54,23.81,24.10,24.38,24.71,25.10,25.42,25.78,26.00,26.14,26.35,26.57,26.82,27.15,27.39,27.69,27.95,28.06,28.21,28.26,28.41,28.74,28.86,28.83,29.05,29.40,29.38,29.36,29.50,29.72,29.69,30.14,30.22,30.11,30.20,30.30,30.44,30.88,30.87,31.19,31.23,31.51,31.40,31.52,31.54,31.72,31.89,31.91","2.56e+01,2.47e+01,1.92e-03,1.20e-03","3,11,3,11","6.24e+01; 1.25e+02; 1.87e+02; 2.50e+02; 3.05e+02,7.41e+00; 2.70e+02,1.05e+02; 2.69e+02,1.68e+02; 2.84e+02,2.16e+02; 3.13e+02,2.49e+02; 3.44e+02,2.81e+02; 3.76e+02,3.11e+02; 4.05e+02,3.44e+02; 4.34e+02,3.78e+02; 4.61e+02,4.13e+02; 4.88e+02,4.49e+02; 5.16e+02,4.84e+02; 5.47e+02,5.15e+02; 5.78e+02,5.46e+02; 6.09e+02,5.77e+02; 6.40e+02,6.09e+02; 6.70e+02,6.42e+02; 7.00e+02,6.74e+02; 7.29e+02,7.07e+02; 7.59e+02,7.40e+02; 7.90e+02,7.71e+02; 8.21e+02,8.02e+02; 8.53e+02,8.33e+02; 8.83e+02,8.65e+02; 9.14e+02,8.97e+02; 9.45e+02,9.29e+02; 9.75e+02,9.61e+02; 1.01e+03,9.93e+02; 1.04e+03,1.02e+03; 1.07e+03,1.06e+03; 1.10e+03,1.09e+03; 1.13e+03,1.12e+03; 1.16e+03,1.15e+03; 1.19e+03,1.18e+03; 1.22e+03,1.21e+03; 1.25e+03,1.24e+03; 1.29e+03,1.27e+03; 1.32e+03,1.31e+03; 1.35e+03,1.34e+03; 1.38e+03,1.37e+03; 1.41e+03,1.40e+03; 1.44e+03,1.43e+03; 1.47e+03,1.46e+03; 1.50e+03,1.49e+03; 1.53e+03,1.53e+03; 1.57e+03,1.56e+03; 1.60e+03,1.59e+03; 1.63e+03,1.62e+03; 1.66e+03,1.65e+03; 1.69e+03,1.68e+03; 1.72e+03,1.71e+03; 1.75e+03,1.75e+03; 1.78e+03,1.78e+03; 1.81e+03,1.81e+03; 1.85e+03,1.84e+03; 1.88e+03,1.87e+03; 1.91e+03,1.90e+03; 1.94e+03,1.93e+03; 1.97e+03,1.96e+03; 2.00e+03,2.00e+03","55,55,55,55,55,55,55,55,55,55,55,55,55,55,55,55,55,55,55,55,55,55,55,55,49,55,55,55,55,55,55,55,0,32,55,49,55,55,49,49,49,55,55,49,55,49,55,49,49,49,0,32,55,32,55,55,49,0,49,32,55,49,55,32"
186,0.23,0.18,"0.00,0.01,0.01,0.02,0.03,0.04,0.05,0.06,0.08,0.09,0.11,0.14,0.16,0.18,0.20,0.22,0.24,0.27,0.30,0.33,0.36,0.39,0.41,0.43,0.46,0.49,0.52,0.56,0.59,0.62,0.65,0.67,0.70,0.73,0.76,0.80,0.83,0.86,0.89,0.92,0.94,0.97,1.01,1.04,1.07,1.10,1.13,1.15,1.18,1.21,1.24,1.27,1.30,1.33,1.36,1.38,1.41,1.44,1.47,1.50,1.53,1.56,1.58,1.60","1.62e-05,1.03e-09,6.70e-10,4.70e-10","4,4,4,4",2.01e-05; 4.02e-05; 6.03e-05; 8.05e-05; 1.01e-04; 1.21e-04; 1.41e-04; 1.61e-04; 1.81e-04; 2.01e-04; 2.21e-04; 2.41e-04; 2.61e-04; 2.82e-04; 3.02e-04; 3.22e-04; 3.42e-04; 3.62e-04; 3.82e-04; 4.02e-04; 4.22e-04; 4.43e-04; 4.63e-04; 4.83e-04; 5.03e-04; 5.23e-04; 5.43e-04; 5.63e-04; 5.83e-04; 6.03e-04; 6.24e-04; 6.44e-04; 6.64e-04; 6.84e-04; 7.04e-04; 7.24e-04; 7.44e-04; 7.64e-04; 7.84e-04; 8.05e-04; 8.25e-04; 8.45e-04; 8.65e-04; 8.85e-04; 9.05e-04; 9.25e-04; 9.45e-04; 9.65e-04; 9.86e-04; 1.01e-03; 1.03e-03; 1.05e-03; 1.07e-03; 1.09e-03; 1.11e-03; 1.13e-03; 1.15e-03; 1.17e-03; 1.19e-03; 1.21e-03; 1.23e-03; 1.25e-03; 1.27e-03; 1.29e-03,"24,24,24,24,24,24,24,24,24,24,24,24,24,24,24,24,24,24,24,24,24,24,24,24,24,24,24,24,24,24,24,24,24,24,24,24,24,24,24,24,24,24,24,24,24,24,24,24,24,24,24,24,24,24,24,24,24,24,24,24,24,24,24,24"
