ue,C_AE,C_UE,C_BS_hist,lambda_UE,ue_beams,lambda_BS_per_layer,bs_beams
573,59.80,45.24,"16.60,21.57,25.26,27.81,29.88,31.14,32.54,34.01,34.34,35.95,36.84,37.90,38.69,40.04,41.03,41.83,42.10,43.40,44.19,45.25,45.24,46.55,47.08,47.33,47.98,47.80,48.76,49.38,50.22,50.40,51.25,51.20,52.03,51.51,52.00,52.62,52.14,54.44,55.83,53.92,54.21,54.11,55.35,55.23,55.21,55.39,58.06,58.84,57.91,58.70,60.33,58.92,60.50,62.77,61.77,65.65,64.18,67.66,70.32,70.16,70.56,72.66,72.69,75.76","6.24e+02,6.23e+02,6.20e+02,6.20e+02","12,12,4,12","4.50e+03; 4.70e+03,4.31e+03; 6.81e+03,6.70e+03; 9.03e+03,8.98e+03; 8.46e+03,8.43e+03,5.61e+03; 9.72e+03,9.70e+03,7.58e+03; 9.17e+03,9.16e+03,7.83e+03,5.35e+03; 1.06e+04,1.05e+04,8.80e+03,6.11e+03; 1.07e+04,1.07e+04,9.90e+03,9.20e+03; 1.27e+04,1.27e+04,1.09e+04,8.71e+03; 1.29e+04,1.29e+04,1.19e+04,1.17e+04; 1.55e+04,1.55e+04,1.33e+04,9.72e+03; 1.69e+04,1.69e+04,1.51e+04,9.66e+03; 1.74e+04,1.74e+04,1.61e+04,1.22e+04; 1.83e+04,1.83e+04,1.70e+04,1.39e+04; 1.94e+04,1.94e+04,1.79e+04,1.54e+04; 2.06e+04,2.06e+04,1.91e+04,1.63e+04; 2.13e+04,2.13e+04,2.00e+04,1.85e+04; 2.22e+04,2.21e+04,2.10e+04,2.03e+04; 2.33e+04,2.33e+04,2.19e+04,2.16e+04; 2.44e+04,2.44e+04,2.34e+04,2.23e+04; 2.53e+04,2.53e+04,2.44e+04,2.39e+04; 2.64e+04,2.64e+04,2.56e+04,2.51e+04; 2.75e+04,2.75e+04,2.67e+04,2.62e+04; 2.87e+04,2.87e+04,2.78e+04,2.74e+04; 2.98e+04,2.98e+04,2.89e+04,2.85e+04; 3.08e+04,3.08e+04,3.00e+04,2.99e+04; 3.20e+04,3.20e+04,3.11e+04,3.09e+04; 3.35e+04,3.35e+04,3.28e+04,3.08e+04; 3.42e+04,3.41e+04,3.36e+04,3.32e+04; 3.53e+04,3.53e+04,3.47e+04,3.43e+04; 3.64e+04,3.64e+04,3.58e+04,3.54e+04; 3.75e+04,3.75e+04,3.69e+04,3.66e+04; 3.86e+04,3.86e+04,3.81e+04,3.77e+04; 3.97e+04,3.97e+04,3.92e+04,3.88e+04; 4.09e+04,4.09e+04,4.04e+04,3.98e+04; 4.21e+04,4.21e+04,4.17e+04,4.06e+04; 4.31e+04,4.31e+04,4.27e+04,4.23e+04; 4.42e+04,4.42e+04,4.38e+04,4.34e+04; 4.53e+04,4.53e+04,4.49e+04,4.45e+04; 4.64e+04,4.64e+04,4.60e+04,4.56e+04; 4.76e+04,4.76e+04,4.72e+04,4.67e+04; 4.87e+04,4.87e+04,4.83e+04,4.79e+04; 4.99e+04,4.99e+04,4.94e+04,4.89e+04; 5.11e+04,5.11e+04,5.08e+04,4.95e+04; 5.20e+04,5.20e+04,5.17e+04,5.13e+04; 5.32e+04,5.32e+04,5.28e+04,5.24e+04; 5.43e+04,5.43e+04,5.40e+04,5.35e+04; 5.54e+04,5.54e+04,5.51e+04,5.46e+04; 5.65e+04,5.65e+04,5.62e+04,5.58e+04; 5.76e+04,5.76e+04,5.73e+04,5.70e+04; 5.88e+04,5.88e+04,5.85e+04,5.79e+04; 6.00e+04,6.00e+04,5.97e+04,5.88e+04; 6.10e+04,6.10e+04,6.08e+04,6.02e+04; 6.21e+04,6.21e+04,6.19e+04,6.14e+04; 6.33e+04,6.33e+04,6.30e+04,6.25e+04; 6.44e+04,6.44e+04,6.41e+04,6.36e+04; 6.55e+04,6.55e+04,6.53e+04,6.47e+04; 6.66e+04,6.66e+04,6.64e+04,6.59e+04; 6.78e+04,6.78e+04,6.75e+04,6.69e+04; 6.91e+04,6.91e+04,6.89e+04,6.74e+04; 7.03e+04,7.03e+04,7.01e+04,6.83e+04; 7.11e+04,7.11e+04,7.09e+04,7.04e+04; 7.23e+04,7.23e+04,7.21e+04,7.15e+04","23,23,23,23,7,7,23,23,7,23,23,7,7,23,23,7,23,23,23,7,7,23,23,38,23,23,21,23,7,21,38,21,21,23,23,38,7,7,21,38,38,23,21,38,21,23,21,21,38,21,7,21,23,23,38,21,38,23,38,21,23,23,23,38"
574,49.82,42.05,"18.13,20.25,22.04,24.15,25.81,27.42,28.70,29.72,31.64,33.05,33.53,35.12,36.39,36.42,38.36,38.33,39.20,41.67,40.55,41.81,42.41,42.70,42.06,42.57,43.81,44.27,46.79,45.68,44.55,46.24,46.74,47.70,48.92,53.52,56.49,57.64,59.56,58.89,62.57,63.70,63.80,69.26,69.93,73.19,76.55,77.18,79.60,83.72,86.05,90.44,93.29,94.77,98.61,104.20,101.85,105.66,111.42,113.92,116.79,120.54,122.47,126.90,131.32,132.90","1.13e+03,1.12e+03,1.12e+03,1.09e+03","11,3,11,1","7.00e+03; 1.40e+04; 1.30e+04,8.05e+03; 1.51e+04,1.29e+04; 1.52e+04,1.41e+04,5.65e+03; 1.63e+04,1.57e+04,1.00e+04; 1.74e+04,1.69e+04,1.01e+04,4.62e+03; 1.64e+04,1.61e+04,1.36e+04,9.90e+03; 1.85e+04,1.83e+04,1.47e+04,1.16e+04; 1.98e+04,1.96e+04,1.62e+04,1.43e+04; 2.12e+04,2.11e+04,1.75e+04,1.73e+04; 2.60e+04,2.58e+04,2.35e+04,8.80e+03; 2.83e+04,2.82e+04,2.64e+04,8.10e+03; 2.81e+04,2.79e+04,2.64e+04,1.57e+04; 2.97e+04,2.96e+04,2.81e+04,1.76e+04; 3.15e+04,3.13e+04,3.00e+04,1.92e+04; 3.32e+04,3.31e+04,3.22e+04,2.05e+04; 3.49e+04,3.48e+04,3.40e+04,2.23e+04; 3.59e+04,3.58e+04,3.48e+04,2.65e+04; 3.86e+04,3.85e+04,3.78e+04,2.51e+04; 4.00e+04,3.99e+04,3.94e+04,2.77e+04; 4.11e+04,4.10e+04,4.06e+04,3.13e+04; 4.33e+04,4.32e+04,4.28e+04,3.16e+04; 4.54e+04,4.53e+04,4.49e+04,3.25e+04; 4.70e+04,4.69e+04,4.66e+04,3.46e+04; 4.84e+04,4.83e+04,4.80e+04,3.74e+04; 5.07e+04,5.06e+04,5.03e+04,3.75e+04; 5.28e+04,5.27e+04,5.24e+04,3.81e+04; 5.26e+04,5.25e+04,5.23e+04,4.56e+04; 5.60e+04,5.60e+04,5.58e+04,4.23e+04; 5.55e+04,5.54e+04,5.53e+04,5.09e+04; 5.93e+04,5.92e+04,5.90e+04,4.65e+04; 6.14e+04,6.14e+04,6.12e+04,4.71e+04; 6.28e+04,6.27e+04,6.25e+04,5.00e+04; 6.29e+04,6.28e+04,6.27e+04,5.66e+04; 6.59e+04,6.58e+04,6.57e+04,5.47e+04; 6.73e+04,6.72e+04,6.71e+04,5.74e+04; 6.95e+04,6.94e+04,6.93e+04,5.78e+04; 6.96e+04,6.96e+04,6.95e+04,6.44e+04; 7.31e+04,7.30e+04,7.29e+04,6.11e+04; 7.29e+04,7.28e+04,7.27e+04,6.87e+04; 7.64e+04,7.64e+04,7.63e+04,6.50e+04; 7.64e+04,7.64e+04,7.63e+04,7.20e+04; 7.98e+04,7.97e+04,7.97e+04,6.89e+04; 7.99e+04,7.99e+04,7.98e+04,7.55e+04; 8.21e+04,8.20e+04,8.20e+04,7.60e+04; 8.39e+04,8.39e+04,8.38e+04,7.74e+04; 8.63e+04,8.63e+04,8.62e+04,7.73e+04; 8.77e+04,8.76e+04,8.76e+04,8.02e+04; 8.98e+04,8.98e+04,8.97e+04,8.08e+04; 9.14e+04,9.13e+04,9.13e+04,8.30e+04; 9.37e+04,9.37e+04,9.37e+04,8.30e+04; 9.48e+04,9.48e+04,9.47e+04,8.68e+04; 1.01e+05,1.01e+05,1.01e+05,7.48e+04; 9.73e+04,9.73e+04,9.73e+04,9.32e+04; 9.93e+04,9.92e+04,9.92e+04,9.44e+04; 1.02e+05,1.02e+05,1.02e+05,9.38e+04; 1.04e+05,1.04e+05,1.04e+05,9.51e+04; 1.05e+05,1.05e+05,1.05e+05,9.72e+04; 1.06e+05,1.06e+05,1.06e+05,1.02e+05; 1.09e+05,1.09e+05,1.09e+05,1.01e+05; 1.13e+05,1.13e+05,1.13e+05,9.64e+04; 1.12e+05,1.12e+05,1.12e+05,1.06e+05; 1.13e+05,1.13e+05,1.13e+05,1.08e+05","7,7,7,7,7,7,23,7,7,23,7,7,23,7,23,23,7,7,13,13,13,7,13,7,7,9,7,23,13,9,9,9,7,7,23,13,23,13,23,9,13,9,23,7,9,13,13,13,13,13,23,23,7,23,9,23,7,23,7,9,13,23,23,9"
575,49.99,39.76,"15.48,20.39,23.96,26.34,28.00,29.90,32.35,34.67,35.86,36.64,37.18,37.55,38.40,39.02,39.35,40.72,41.21,42.06,41.74,41.94,42.22,43.26,43.92,44.05,44.14,44.62,45.30,46.03,46.65,46.11,46.74,48.79,49.07,47.89,45.09,49.01,50.26,52.89,50.93,51.42,53.59,52.70,55.42,55.48,55.88,58.77,58.45,57.77,61.19,67.54,64.81,64.97,67.30,67.29,69.66,69.92,73.54,72.62,75.72,78.36,82.67,81.49,86.06,84.47","4.08e+02,4.07e+02,4.05e+02,3.98e+02","15,6,15,4","2.85e+03; 3.03e+03,2.67e+03; 4.34e+03,4.21e+03; 5.74e+03,5.66e+03; 7.16e+03,7.10e+03; 6.42e+03,6.37e+03,4.32e+03; 6.88e+03,6.83e+03,6.24e+03; 7.69e+03,7.65e+03,7.47e+03; 8.63e+03,8.60e+03,8.43e+03; 9.58e+03,9.55e+03,9.38e+03; 1.05e+04,1.05e+04,1.03e+04; 1.15e+04,1.14e+04,1.13e+04; 1.24e+04,1.24e+04,1.22e+04; 1.34e+04,1.33e+04,1.32e+04; 1.38e+04,1.38e+04,1.37e+04,1.50e+03; 1.44e+04,1.44e+04,1.43e+04,2.48e+03; 1.53e+04,1.53e+04,1.52e+04,2.75e+03; 1.56e+04,1.56e+04,1.55e+04,4.63e+03; 1.65e+04,1.65e+04,1.64e+04,4.70e+03; 1.65e+04,1.65e+04,1.64e+04,7.66e+03; 2.00e+04,2.00e+04,1.99e+04; 2.01e+04,2.01e+04,2.00e+04,2.51e+03; 2.00e+04,2.00e+04,1.99e+04,5.64e+03; 1.95e+04,1.95e+04,1.94e+04,1.01e+04; 2.07e+04,2.07e+04,2.06e+04,9.25e+03; 2.13e+04,2.12e+04,2.12e+04,1.04e+04; 2.05e+04,2.05e+04,2.05e+04,1.55e+04; 2.33e+04,2.33e+04,2.33e+04,9.89e+03; 2.30e+04,2.30e+04,2.30e+04,1.36e+04; 2.40e+04,2.39e+04,2.39e+04,1.37e+04; 2.36e+04,2.35e+04,2.35e+04,1.78e+04; 2.61e+04,2.61e+04,2.61e+04,1.29e+04; 2.63e+04,2.63e+04,2.62e+04,1.53e+04; 2.67e+04,2.66e+04,2.66e+04,1.70e+04; 2.68e+04,2.68e+04,2.68e+04,1.93e+04; 2.88e+04,2.88e+04,2.88e+04,1.62e+04; 2.98e+04,2.98e+04,2.97e+04,1.62e+04; 2.81e+04,2.81e+04,2.80e+04,2.42e+04; 2.92e+04,2.92e+04,2.92e+04,2.36e+04; 3.03e+04,3.03e+04,3.03e+04,2.31e+04; 3.16e+04,3.16e+04,3.16e+04,2.20e+04; 3.20e+04,3.19e+04,3.19e+04,2.39e+04; 3.37e+04,3.37e+04,3.36e+04,2.16e+04; 3.46e+04,3.46e+04,3.46e+04,2.17e+04; 3.40e+04,3.40e+04,3.40e+04,2.62e+04; 3.51e+04,3.51e+04,3.50e+04,2.60e+04; 3.46e+04,3.46e+04,3.45e+04,3.03e+04; 3.51e+04,3.51e+04,3.51e+04,3.16e+04; 3.68e+04,3.68e+04,3.68e+04,2.94e+04; 3.74e+04,3.74e+04,3.74e+04,3.03e+04; 3.84e+04,3.83e+04,3.83e+04,3.04e+04; 3.89e+04,3.89e+04,3.89e+04,3.16e+04; 3.95e+04,3.95e+04,3.95e+04,3.27e+04; 3.96e+04,3.95e+04,3.95e+04,3.53e+04; 4.10e+04,4.10e+04,4.09e+04,3.39e+04; 4.08e+04,4.07e+04,4.07e+04,3.74e+04; 4.24e+04,4.24e+04,4.24e+04,3.54e+04; 4.25e+04,4.25e+04,4.25e+04,3.77e+04; 4.31e+04,4.31e+04,4.31e+04,3.90e+04; 4.49e+04,4.49e+04,4.49e+04,3.63e+04; 4.50e+04,4.50e+04,4.50e+04,3.88e+04; 4.51e+04,4.51e+04,4.51e+04,4.15e+04; 4.63e+04,4.63e+04,4.63e+04,4.07e+04; 4.66e+04,4.66e+04,4.66e+04,4.27e+04","6,6,6,6,6,6,6,6,6,6,6,23,38,6,6,6,6,6,38,23,6,38,23,6,6,38,6,6,6,21,23,38,21,38,6,21,21,38,23,38,6,23,6,21,21,23,6,6,6,6,21,21,21,6,6,21,21,6,6,6,21,21,6,38"
576,43.32,34.66,"16.49,18.58,20.74,22.98,24.97,26.49,27.76,28.61,29.35,29.78,30.33,30.93,31.38,31.82,32.24,32.40,32.85,33.42,33.57,33.70,34.43,34.80,34.91,34.77,35.12,35.30,35.51,35.90,36.54,36.11,36.76,36.74,37.08,38.13,37.00,37.72,37.61,37.97,37.87,38.77,41.05,39.29,39.67,38.13,40.26,39.01,40.58,40.44,41.85,40.90,41.57,43.00,41.61,41.30,40.73,43.36,43.27,45.39,44.61,44.94,43.67,46.30,47.01,46.34","2.94e+02,2.93e+02,2.89e+02,2.69e+02","15,4,15,4","1.94e+03; 3.64e+03,2.45e+02; 3.45e+03,2.38e+03; 4.10e+03,3.68e+03; 4.96e+03,4.76e+03; 5.89e+03,5.77e+03; 6.59e+03,6.52e+03,4.89e+02; 7.36e+03,7.32e+03,8.68e+02; 8.00e+03,7.96e+03,1.54e+03; 8.91e+03,8.87e+03,1.66e+03; 9.00e+03,8.96e+03,3.43e+03; 1.05e+04,1.05e+04,2.17e+03,1.97e+02; 1.05e+04,1.05e+04,4.23e+03; 1.12e+04,1.11e+04,4.92e+03; 1.17e+04,1.16e+04,5.28e+03,5.84e+02; 1.25e+04,1.25e+04,5.14e+03,9.20e+02; 1.30e+04,1.29e+04,5.68e+03,1.42e+03; 1.28e+04,1.28e+04,5.98e+03,3.39e+03; 1.39e+04,1.39e+04,7.73e+03,1.45e+03; 1.50e+04,1.50e+04,6.59e+03,2.23e+03; 1.43e+04,1.43e+04,7.78e+03,4.45e+03; 1.53e+04,1.53e+04,8.67e+03,3.49e+03; 1.65e+04,1.65e+04,8.22e+03,3.42e+03; 1.60e+04,1.60e+04,9.55e+03,5.06e+03; 1.71e+04,1.70e+04,9.52e+03,4.95e+03; 1.74e+04,1.74e+04,9.38e+03,6.31e+03; 1.79e+04,1.79e+04,9.31e+03,7.41e+03; 1.77e+04,1.77e+04,1.13e+04,7.64e+03; 1.81e+04,1.81e+04,1.21e+04,8.12e+03; 1.83e+04,1.83e+04,1.28e+04,8.92e+03; 1.95e+04,1.95e+04,1.22e+04,9.05e+03; 1.97e+04,1.97e+04,1.29e+04,9.94e+03; 2.05e+04,2.04e+04,1.32e+04,1.01e+04; 2.10e+04,2.10e+04,1.37e+04,1.03e+04; 2.20e+04,2.20e+04,1.42e+04,9.87e+03; 2.08e+04,2.08e+04,1.52e+04,1.31e+04; 2.21e+04,2.21e+04,1.49e+04,1.27e+04; 2.18e+04,2.18e+04,1.71e+04,1.32e+04; 2.36e+04,2.36e+04,1.59e+04,1.27e+04; 2.32e+04,2.32e+04,1.66e+04,1.47e+04; 2.40e+04,2.39e+04,1.69e+04,1.49e+04; 2.49e+04,2.48e+04,1.81e+04,1.38e+04; 2.29e+04,2.29e+04,1.99e+04,1.78e+04; 2.53e+04,2.53e+04,1.84e+04,1.64e+04; 2.49e+04,2.49e+04,1.91e+04,1.86e+04; 2.66e+04,2.66e+04,2.02e+04,1.60e+04; 2.75e+04,2.75e+04,2.14e+04,1.49e+04; 2.67e+04,2.67e+04,2.09e+04,1.90e+04; 2.73e+04,2.72e+04,2.13e+04,1.94e+04; 2.76e+04,2.76e+04,2.20e+04,2.00e+04; 2.88e+04,2.88e+04,2.25e+04,1.91e+04; 2.93e+04,2.93e+04,2.25e+04,2.00e+04; 2.87e+04,2.87e+04,2.36e+04,2.21e+04; 2.99e+04,2.99e+04,2.42e+04,2.10e+04; 2.92e+04,2.92e+04,2.54e+04,2.31e+04; 3.02e+04,3.02e+04,2.55e+04,2.29e+04; 3.04e+04,3.04e+04,2.57e+04,2.43e+04; 3.11e+04,3.11e+04,2.61e+04,2.43e+04; 3.19e+04,3.18e+04,2.64e+04,2.46e+04; 3.24e+04,3.23e+04,2.69e+04,2.50e+04; 3.26e+04,3.26e+04,2.76e+04,2.58e+04; 3.29e+04,3.29e+04,2.93e+04,2.53e+04; 3.42e+04,3.42e+04,2.99e+04,2.42e+04; 3.39e+04,3.39e+04,2.97e+04,2.69e+04","62,62,62,62,62,62,62,62,62,62,30,62,62,14,62,30,62,62,14,46,30,62,62,14,30,46,62,14,62,14,46,14,30,14,62,46,14,62,30,14,14,46,46,62,62,30,62,30,62,14,14,62,46,62,62,62,30,30,30,62,62,14,30,62"
577,37.93,29.34,"15.29,17.53,19.20,20.99,22.54,23.73,24.69,25.60,26.30,26.91,27.34,27.64,28.28,28.81,29.18,29.63,30.34,30.54,30.71,30.75,31.31,31.09,32.08,31.88,32.27,32.61,31.92,32.15,32.85,33.59,33.42,33.78,34.17,34.51,33.90,34.55,34.65,35.35,36.58,35.43,36.41,36.77,36.53,36.57,36.53,36.05,36.99,37.56,37.20,37.38,36.95,37.45,38.17,37.72,38.67,37.33,37.15,38.62,37.35,40.94,37.10,36.97,42.44,39.75","5.80e+01,5.72e+01,5.36e+01,5.16e+01","11,1,11,11","3.92e+02; 7.85e+02; 8.19e+02,3.58e+02; 9.00e+02,6.69e+02; 1.06e+03,9.06e+02; 1.23e+03,1.12e+03; 1.41e+03,1.33e+03; 1.60e+03,1.54e+03; 1.79e+03,1.74e+03; 1.99e+03,1.94e+03; 2.18e+03,2.13e+03; 2.38e+03,2.33e+03; 2.31e+03,2.27e+03,5.19e+02; 2.44e+03,2.39e+03,6.61e+02; 2.53e+03,2.49e+03,8.61e+02; 2.69e+03,2.66e+03,9.31e+02; 2.88e+03,2.85e+03,9.46e+02; 3.04e+03,3.00e+03,1.02e+03; 3.18e+03,3.15e+03,1.13e+03; 3.33e+03,3.30e+03,1.21e+03; 3.32e+03,3.28e+03,1.64e+03; 3.37e+03,3.34e+03,1.64e+03,2.83e+02; 3.62e+03,3.59e+03,1.77e+03,3.51e+01; 3.76e+03,3.73e+03,1.88e+03,4.63e+01; 3.86e+03,3.84e+03,2.11e+03; 4.06e+03,4.04e+03,2.10e+03; 4.24e+03,4.21e+03,2.15e+03; 4.65e+03,4.63e+03,9.54e+02,7.53e+02; 4.60e+03,4.57e+03,2.21e+03; 4.60e+03,4.57e+03,2.60e+03; 4.68e+03,4.65e+03,2.84e+03; 4.88e+03,4.86e+03,2.81e+03; 4.94e+03,4.92e+03,2.88e+03,2.12e+02; 5.18e+03,5.16e+03,3.00e+03; 4.78e+03,4.75e+03,2.69e+03,1.52e+03; 5.07e+03,5.05e+03,3.28e+03,7.32e+02; 5.56e+03,5.54e+03,3.30e+03,1.18e+02; 5.31e+03,5.28e+03,3.40e+03,9.21e+02; 5.74e+03,5.72e+03,3.83e+03; 5.88e+03,5.86e+03,3.96e+03; 6.07e+03,6.05e+03,3.91e+03,4.99e+01; 6.09e+03,6.07e+03,4.09e+03,2.29e+02; 6.39e+03,6.37e+03,3.61e+03,4.94e+02; 5.55e+03,5.53e+03,3.61e+03,2.57e+03; 5.85e+03,5.83e+03,3.90e+03,2.07e+03; 6.50e+03,6.48e+03,4.68e+03,3.88e+02; 5.67e+03,5.65e+03,4.11e+03,3.01e+03; 6.68e+03,6.66e+03,4.71e+03,7.87e+02; 6.22e+03,6.20e+03,4.36e+03,2.44e+03; 7.20e+03,7.18e+03,4.71e+03,5.27e+02; 6.64e+03,6.63e+03,4.65e+03,2.09e+03; 7.56e+03,7.54e+03,3.79e+03,1.52e+03; 6.29e+03,6.27e+03,4.57e+03,3.66e+03; 6.36e+03,6.35e+03,4.80e+03,3.68e+03; 6.54e+03,6.53e+03,4.83e+03,3.68e+03; 6.35e+03,6.34e+03,4.84e+03,4.43e+03; 6.69e+03,6.68e+03,4.73e+03,4.26e+03; 7.01e+03,6.99e+03,5.19e+03,3.56e+03; 7.78e+03,7.77e+03,5.04e+03,2.56e+03; 7.93e+03,7.91e+03,5.47e+03,2.23e+03; 7.53e+03,7.51e+03,5.56e+03,3.33e+03; 7.06e+03,7.05e+03,6.11e+03,4.10e+03; 8.34e+03,8.32e+03,5.65e+03,2.41e+03; 7.43e+03,7.41e+03,5.38e+03,4.89e+03","62,62,62,62,62,62,62,62,62,62,6,62,62,62,62,6,62,6,6,6,54,54,6,54,22,62,6,22,6,62,22,22,54,62,62,54,22,62,54,6,6,62,54,6,54,62,6,54,62,62,22,62,54,62,22,54,54,54,6,22,54,22,22,6"
578,33.63,27.45,"11.08,13.20,14.46,15.33,15.99,16.49,16.91,17.43,17.89,18.41,18.92,19.44,19.87,20.26,20.58,20.88,21.22,21.55,21.90,22.24,22.60,22.96,23.29,23.63,23.90,24.15,24.39,24.67,24.92,25.28,25.60,25.91,26.10,26.29,26.49,26.70,26.73,27.30,27.58,27.86,27.98,28.06,28.22,28.43,28.37,28.96,29.18,29.38,29.54,29.64,29.79,29.93,29.78,30.51,30.63,30.80,30.96,30.98,31.08,31.19,30.99,31.64,31.82,31.93","1.38e+01,1.37e+01,1.26e+01,1.08e+01","10,4,12,4","8.11e+01; 1.62e+02; 2.43e+02; 3.24e+02; 4.05e+02; 4.86e+02; 4.53e+02,1.15e+02; 4.54e+02,1.95e+02; 4.80e+02,2.50e+02; 4.89e+02,2.65e+02,5.56e+01; 5.13e+02,2.90e+02,8.95e+01; 5.71e+02,3.37e+02,6.49e+01; 5.99e+02,3.67e+02,8.71e+01; 6.35e+02,3.89e+02,1.11e+02; 6.54e+02,4.18e+02,1.44e+02; 6.68e+02,4.38e+02,1.86e+02,5.55e+00; 7.30e+02,4.34e+02,2.00e+02,1.38e+01; 7.23e+02,4.58e+02,2.43e+02,3.37e+01; 7.61e+02,4.86e+02,2.26e+02,6.78e+01; 8.05e+02,5.38e+02,2.22e+02,5.60e+01; 8.23e+02,5.73e+02,3.06e+02; 8.22e+02,5.57e+02,3.44e+02,6.05e+01; 7.73e+02,5.37e+02,3.69e+02,1.86e+02; 7.78e+02,5.21e+02,4.18e+02,2.29e+02; 7.96e+02,5.28e+02,4.47e+02,2.55e+02; 8.17e+02,5.39e+02,4.78e+02,2.74e+02; 8.51e+02,5.53e+02,5.13e+02,2.71e+02; 8.57e+02,5.60e+02,5.49e+02,3.04e+02; 9.03e+02,6.09e+02,5.97e+02,2.41e+02; 9.40e+02,6.69e+02,5.80e+02,2.43e+02; 9.56e+02,7.07e+02,5.99e+02,2.51e+02; 9.71e+02,7.53e+02,6.11e+02,2.59e+02; 9.97e+02,7.84e+02,6.28e+02,2.66e+02; 9.84e+02,7.72e+02,6.11e+02,3.90e+02; 1.01e+03,7.97e+02,6.95e+02,3.32e+02; 1.03e+03,8.13e+02,7.25e+02,3.46e+02; 1.23e+03,1.03e+03,7.44e+02; 1.12e+03,9.37e+02,7.35e+02,2.86e+02; 1.14e+03,9.70e+02,7.46e+02,3.08e+02; 1.16e+03,1.00e+03,7.53e+02,3.32e+02; 1.18e+03,1.03e+03,7.71e+02,3.43e+02; 1.20e+03,1.05e+03,7.28e+02,4.30e+02; 1.20e+03,1.05e+03,8.53e+02,3.79e+02; 1.21e+03,1.07e+03,8.38e+02,4.51e+02; 1.45e+03,1.31e+03,8.87e+02; 1.31e+03,1.18e+03,8.66e+02,3.69e+02; 1.28e+03,1.16e+03,8.87e+02,4.87e+02; 1.30e+03,1.19e+03,8.96e+02,5.05e+02; 1.33e+03,1.22e+03,9.14e+02,5.10e+02; 1.40e+03,1.29e+03,8.98e+02,4.64e+02; 1.42e+03,1.31e+03,9.25e+02,4.86e+02; 1.50e+03,1.39e+03,7.97e+02,5.21e+02; 1.67e+03,1.57e+03,1.05e+03; 1.52e+03,1.42e+03,1.01e+03,4.24e+02; 1.48e+03,1.38e+03,1.03e+03,5.68e+02; 1.50e+03,1.41e+03,1.03e+03,5.87e+02; 1.53e+03,1.44e+03,1.05e+03,5.97e+02; 1.55e+03,1.47e+03,1.07e+03,6.14e+02; 1.69e+03,1.60e+03,1.05e+03,4.53e+02; 1.66e+03,1.58e+03,8.14e+02,8.06e+02; 1.92e+03,1.84e+03,1.18e+03; 1.64e+03,1.57e+03,1.16e+03,6.53e+02; 1.68e+03,1.60e+03,1.16e+03,6.66e+02; 1.70e+03,1.64e+03,1.17e+03,6.75e+02","53,53,53,53,53,53,55,55,55,55,55,55,55,55,55,55,55,55,55,55,55,55,55,55,55,55,53,53,53,55,53,53,53,55,53,55,55,55,53,55,59,53,53,53,55,55,55,55,53,53,53,55,55,55,55,55,5,53,53,59,53,55,53,53"
579,36.06,29.99,"10.63,12.74,13.97,14.83,15.82,16.63,17.31,17.89,18.56,19.20,19.79,20.38,20.88,21.35,21.83,22.29,22.74,23.21,23.66,24.07,24.46,24.84,25.26,25.74,26.14,26.53,26.85,27.16,27.45,27.75,28.07,28.45,28.77,29.07,29.33,29.56,29.80,30.02,30.29,30.57,30.83,31.09,31.32,31.51,31.65,31.91,32.11,32.40,32.64,32.83,33.04,33.20,33.38,33.49,33.74,33.95,34.21,34.42,34.55,34.65,34.78,34.95,35.08,35.37","7.01e+00,7.00e+00,6.80e+00,5.30e+00","10,8,0,10","3.84e+01; 7.67e+01; 1.15e+02; 1.06e+02,4.72e+01; 1.16e+02,7.58e+01; 1.31e+02,9.89e+01; 1.48e+02,1.21e+02; 1.55e+02,1.29e+02,2.28e+01; 1.70e+02,1.43e+02,3.21e+01; 1.85e+02,1.56e+02,4.29e+01; 1.92e+02,1.63e+02,6.68e+01; 2.06e+02,1.76e+02,7.75e+01; 2.20e+02,1.93e+02,8.57e+01; 2.33e+02,2.08e+02,9.57e+01; 2.43e+02,2.19e+02,1.14e+02; 2.30e+02,2.07e+02,1.06e+02,7.05e+01; 2.36e+02,2.12e+02,1.25e+02,7.93e+01; 2.44e+02,2.18e+02,1.41e+02,8.70e+01; 2.54e+02,2.28e+02,1.50e+02,9.71e+01; 2.64e+02,2.37e+02,1.58e+02,1.08e+02; 2.74e+02,2.46e+02,1.66e+02,1.20e+02; 2.80e+02,2.54e+02,1.73e+02,1.37e+02; 2.86e+02,2.59e+02,1.80e+02,1.57e+02; 2.90e+02,2.62e+02,1.94e+02,1.76e+02; 2.96e+02,2.68e+02,2.00e+02,1.95e+02; 3.05e+02,2.76e+02,2.08e+02,2.08e+02; 3.14e+02,2.87e+02,2.18e+02,2.17e+02; 3.24e+02,2.97e+02,2.27e+02,2.26e+02; 3.35e+02,3.07e+02,2.37e+02,2.33e+02; 3.43e+02,3.16e+02,2.46e+02,2.45e+02; 3.52e+02,3.25e+02,2.57e+02,2.55e+02; 3.59e+02,3.32e+02,2.76e+02,2.61e+02; 3.66e+02,3.40e+02,2.85e+02,2.74e+02; 3.75e+02,3.49e+02,2.94e+02,2.87e+02; 3.85e+02,3.58e+02,3.04e+02,2.95e+02; 3.95e+02,3.68e+02,3.11e+02,3.07e+02; 4.05e+02,3.79e+02,3.21e+02,3.15e+02; 4.14e+02,3.88e+02,3.33e+02,3.22e+02; 4.23e+02,3.97e+02,3.46e+02,3.30e+02; 4.32e+02,4.05e+02,3.61e+02,3.37e+02; 4.40e+02,4.13e+02,3.70e+02,3.50e+02; 4.49e+02,4.22e+02,3.78e+02,3.62e+02; 4.58e+02,4.32e+02,3.86e+02,3.73e+02; 4.68e+02,4.43e+02,3.97e+02,3.80e+02; 4.78e+02,4.53e+02,4.07e+02,3.88e+02; 4.88e+02,4.63e+02,4.18e+02,3.96e+02; 4.96e+02,4.71e+02,4.26e+02,4.09e+02; 5.04e+02,4.80e+02,4.38e+02,4.19e+02; 5.12e+02,4.87e+02,4.52e+02,4.27e+02; 5.21e+02,4.97e+02,4.62e+02,4.37e+02; 5.30e+02,5.07e+02,4.71e+02,4.48e+02; 5.40e+02,5.16e+02,4.80e+02,4.57e+02; 5.50e+02,5.26e+02,4.91e+02,4.66e+02; 5.61e+02,5.36e+02,5.03e+02,4.71e+02; 5.69e+02,5.44e+02,5.13e+02,4.83e+02; 5.77e+02,5.53e+02,5.22e+02,4.96e+02; 5.86e+02,5.61e+02,5.37e+02,5.03e+02; 5.95e+02,5.70e+02,5.46e+02,5.14e+02; 6.05e+02,5.80e+02,5.57e+02,5.20e+02; 6.15e+02,5.90e+02,5.66e+02,5.30e+02; 6.25e+02,6.00e+02,5.76e+02,5.39e+02; 6.34e+02,6.10e+02,5.87e+02,5.47e+02; 6.42e+02,6.18e+02,5.97e+02,5.59e+02; 6.52e+02,6.27e+02,6.09e+02,5.66e+02","53,53,53,49,49,49,49,49,53,53,49,53,49,49,49,53,49,49,53,53,53,53,53,53,49,49,49,53,53,49,49,53,49,49,53,53,49,53,53,53,49,49,49,49,53,49,49,53,53,49,49,53,53,53,53,49,53,49,53,49,49,53,53,53"
580,36.08,29.86,"7.97,10.05,11.62,12.87,13.95,14.72,15.48,16.21,16.97,17.73,18.39,19.03,19.69,20.25,20.71,21.06,21.50,22.04,22.50,22.96,23.38,23.74,24.09,24.36,24.80,25.22,25.61,25.98,26.37,26.70,27.03,27.30,27.54,27.81,28.12,28.44,28.73,29.02,29.26,29.50,29.69,29.94,30.17,30.43,30.68,30.92,31.14,31.33,31.49,31.68,31.90,32.11,32.32,32.52,32.71,32.87,33.02,33.19,33.36,33.54,33.72,33.88,34.05,34.19","2.00e+00,2.00e+00,1.95e+00,1.94e+00","11,5,13,5","1.08e+01; 2.16e+01; 2.05e+01,1.19e+01; 2.61e+01,1.71e+01; 3.07e+01,2.33e+01; 3.38e+01,2.67e+01,4.28e+00; 3.66e+01,2.81e+01,7.78e+00,3.10e+00; 3.78e+01,2.75e+01,1.08e+01,1.03e+01; 4.09e+01,2.81e+01,1.90e+01,9.14e+00; 4.44e+01,3.05e+01,2.16e+01,1.14e+01; 4.78e+01,3.31e+01,2.39e+01,1.39e+01; 5.01e+01,3.64e+01,2.35e+01,1.95e+01; 5.21e+01,3.85e+01,2.75e+01,2.22e+01; 5.46e+01,3.98e+01,2.98e+01,2.69e+01; 5.77e+01,4.29e+01,3.36e+01,2.78e+01; 6.07e+01,4.63e+01,3.57e+01,3.00e+01; 6.40e+01,4.87e+01,3.83e+01,3.26e+01; 6.66e+01,5.02e+01,4.15e+01,3.60e+01; 6.98e+01,5.28e+01,4.46e+01,3.80e+01; 7.24e+01,5.59e+01,5.09e+01,3.68e+01; 7.21e+01,6.08e+01,5.11e+01,4.27e+01; 7.55e+01,6.33e+01,5.41e+01,4.46e+01; 7.82e+01,6.58e+01,5.55e+01,4.89e+01; 8.13e+01,6.96e+01,5.67e+01,5.16e+01; 8.40e+01,7.16e+01,5.75e+01,5.68e+01; 8.64e+01,7.40e+01,6.11e+01,5.92e+01; 8.90e+01,7.65e+01,6.49e+01,6.11e+01; 9.16e+01,7.92e+01,6.84e+01,6.31e+01; 9.40e+01,8.11e+01,6.94e+01,6.85e+01; 9.66e+01,8.37e+01,7.28e+01,7.08e+01; 9.92e+01,8.62e+01,7.60e+01,7.33e+01; 1.02e+02,8.88e+01,7.78e+01,7.70e+01; 1.05e+02,9.14e+01,8.03e+01,7.98e+01; 1.08e+02,9.41e+01,8.28e+01,8.26e+01; 1.10e+02,9.64e+01,8.61e+01,8.52e+01; 1.13e+02,9.89e+01,9.03e+01,8.68e+01; 1.15e+02,1.02e+02,9.41e+01,8.85e+01; 1.18e+02,1.04e+02,9.66e+01,9.19e+01; 1.21e+02,1.07e+02,9.84e+01,9.54e+01; 1.23e+02,1.09e+02,1.01e+02,9.82e+01; 1.26e+02,1.12e+02,1.03e+02,1.02e+02; 1.29e+02,1.14e+02,1.06e+02,1.04e+02; 1.31e+02,1.17e+02,1.10e+02,1.06e+02; 1.34e+02,1.19e+02,1.14e+02,1.08e+02; 1.37e+02,1.22e+02,1.16e+02,1.11e+02; 1.39e+02,1.25e+02,1.19e+02,1.14e+02; 1.42e+02,1.27e+02,1.21e+02,1.17e+02; 1.45e+02,1.30e+02,1.24e+02,1.19e+02; 1.48e+02,1.33e+02,1.27e+02,1.22e+02; 1.50e+02,1.35e+02,1.30e+02,1.25e+02; 1.53e+02,1.38e+02,1.33e+02,1.27e+02; 1.56e+02,1.40e+02,1.36e+02,1.30e+02; 1.58e+02,1.43e+02,1.38e+02,1.33e+02; 1.61e+02,1.46e+02,1.41e+02,1.36e+02; 1.64e+02,1.48e+02,1.43e+02,1.38e+02; 1.67e+02,1.51e+02,1.46e+02,1.41e+02; 1.69e+02,1.53e+02,1.49e+02,1.43e+02; 1.72e+02,1.56e+02,1.52e+02,1.46e+02; 1.75e+02,1.59e+02,1.54e+02,1.50e+02; 1.77e+02,1.61e+02,1.57e+02,1.52e+02; 1.80e+02,1.64e+02,1.60e+02,1.55e+02; 1.83e+02,1.66e+02,1.63e+02,1.57e+02; 1.86e+02,1.69e+02,1.66e+02,1.60e+02; 1.88e+02,1.72e+02,1.68e+02,1.63e+02","45,45,41,45,41,41,41,41,41,45,47,41,41,41,41,41,47,41,47,41,41,47,41,41,41,41,41,41,41,41,41,41,47,47,41,41,41,41,41,41,41,41,41,41,41,47,41,47,41,41,41,41,41,45,45,47,41,41,41,41,41,47,45,47"
581,30.74,25.71,"8.47,10.65,11.91,12.75,13.34,13.97,14.60,15.28,15.77,16.28,16.77,17.28,17.80,18.36,18.84,19.28,19.59,19.92,20.27,20.64,21.03,21.43,21.78,22.11,22.31,22.55,22.81,23.07,23.37,23.67,23.94,24.20,24.39,24.61,24.83,25.06,25.32,25.56,25.79,26.01,26.27,26.50,26.70,26.90,27.10,27.32,27.52,27.70,28.00,28.24,28.43,28.61,28.77,28.97,29.13,29.30,29.60,29.82,30.00,30.16,30.31,30.47,30.62,30.76","2.03e+00,2.03e+00,1.96e+00,1.37e+00","6,4,12,4","9.34e+00; 1.87e+01; 2.80e+01; 3.74e+01; 4.67e+01; 3.79e+01,1.81e+01; 4.08e+01,2.45e+01; 4.34e+01,3.06e+01,6.42e-01; 4.69e+01,3.37e+01,3.40e+00; 5.09e+01,3.70e+01,5.42e+00; 5.48e+01,4.03e+01,7.53e+00; 5.57e+01,3.92e+01,1.72e+01; 5.79e+01,4.24e+01,2.11e+01; 5.97e+01,4.48e+01,2.63e+01; 6.21e+01,4.70e+01,3.10e+01; 6.46e+01,5.01e+01,3.47e+01; 6.82e+01,5.31e+01,3.75e+01; 7.17e+01,5.62e+01,4.02e+01; 7.52e+01,5.93e+01,4.29e+01; 7.82e+01,6.10e+01,4.76e+01; 8.07e+01,6.45e+01,5.09e+01; 8.32e+01,6.71e+01,5.52e+01; 8.60e+01,7.01e+01,5.86e+01; 8.87e+01,7.31e+01,6.23e+01; 9.21e+01,7.61e+01,6.52e+01; 9.55e+01,7.91e+01,6.82e+01; 9.88e+01,8.21e+01,7.11e+01,1.18e-01; 1.02e+02,8.21e+01,7.23e+01,4.73e+00; 1.01e+02,8.46e+01,7.48e+01,1.03e+01; 1.05e+02,8.81e+01,7.89e+01,8.69e+00; 1.07e+02,9.11e+01,8.22e+01,8.89e+00; 1.09e+02,9.32e+01,8.47e+01,1.18e+01; 1.09e+02,9.27e+01,8.43e+01,2.24e+01; 1.10e+02,9.34e+01,8.50e+01,2.94e+01; 1.12e+02,9.53e+01,8.68e+01,3.30e+01; 1.14e+02,9.71e+01,8.89e+01,3.66e+01; 1.16e+02,9.96e+01,9.20e+01,3.80e+01; 1.18e+02,1.02e+02,9.46e+01,3.99e+01; 1.20e+02,1.04e+02,9.73e+01,4.19e+01; 1.23e+02,1.07e+02,9.98e+01,4.44e+01; 1.21e+02,1.06e+02,9.88e+01,5.69e+01; 1.22e+02,1.07e+02,9.97e+01,6.35e+01; 1.24e+02,1.09e+02,1.02e+02,6.73e+01; 1.26e+02,1.11e+02,1.04e+02,6.99e+01; 1.29e+02,1.13e+02,1.06e+02,7.21e+01; 1.31e+02,1.16e+02,1.09e+02,7.42e+01; 1.33e+02,1.18e+02,1.11e+02,7.63e+01; 1.35e+02,1.20e+02,1.14e+02,7.87e+01; 1.35e+02,1.20e+02,1.13e+02,8.92e+01; 1.36e+02,1.21e+02,1.15e+02,9.51e+01; 1.38e+02,1.23e+02,1.16e+02,9.87e+01; 1.40e+02,1.25e+02,1.19e+02,1.01e+02; 1.43e+02,1.28e+02,1.21e+02,1.04e+02; 1.45e+02,1.30e+02,1.24e+02,1.06e+02; 1.47e+02,1.32e+02,1.26e+02,1.08e+02; 1.50e+02,1.35e+02,1.29e+02,1.10e+02; 1.50e+02,1.35e+02,1.29e+02,1.17e+02; 1.52e+02,1.37e+02,1.31e+02,1.22e+02; 1.54e+02,1.39e+02,1.33e+02,1.26e+02; 1.56e+02,1.41e+02,1.35e+02,1.28e+02; 1.58e+02,1.43e+02,1.37e+02,1.30e+02; 1.61e+02,1.46e+02,1.40e+02,1.33e+02; 1.63e+02,1.48e+02,1.42e+02,1.35e+02; 1.65e+02,1.50e+02,1.45e+02,1.37e+02","54,54,54,54,54,22,22,22,54,54,54,22,22,22,22,22,54,54,54,22,22,22,22,22,54,54,54,22,22,22,22,22,54,54,54,22,22,22,22,22,54,54,54,54,22,22,22,22,54,54,54,54,22,22,22,22,54,54,54,54,22,54,22,22"
582,26.01,21.45,"6.97,9.07,10.30,11.14,11.75,12.20,12.54,12.81,13.15,13.49,13.81,14.10,14.34,14.54,14.72,15.06,15.32,15.62,15.94,16.25,16.55,16.83,17.09,17.33,17.52,17.72,17.94,18.16,18.39,18.61,18.80,18.97,19.11,19.27,19.44,19.63,19.81,19.97,20.13,20.27,20.40,20.55,20.70,20.85,21.00,21.17,21.31,21.43,21.55,21.66,21.80,21.95,22.14,22.27,22.39,22.50,22.61,22.72,22.86,23.02,23.18,23.33,23.44,23.55","9.10e-01,9.05e-01,7.09e-01,5.95e-01","7,5,7,5","3.90e+00; 7.79e+00; 1.17e+01; 1.56e+01; 1.95e+01; 2.34e+01; 2.73e+01; 3.12e+01; 3.51e+01; 3.90e+01; 4.29e+01; 4.68e+01; 5.06e+01; 5.45e+01; 5.05e+01,7.95e+00; 4.59e+01,1.64e+01; 4.67e+01,1.95e+01; 4.72e+01,2.29e+01; 4.81e+01,2.59e+01; 4.92e+01,2.87e+01; 5.05e+01,3.13e+01; 5.19e+01,3.39e+01; 5.33e+01,3.63e+01; 5.49e+01,3.86e+01; 5.67e+01,4.07e+01; 5.84e+01,4.29e+01; 6.02e+01,4.50e+01; 6.20e+01,4.71e+01; 6.37e+01,4.93e+01; 6.54e+01,5.14e+01; 6.72e+01,5.36e+01; 6.90e+01,5.56e+01; 7.09e+01,5.76e+01; 7.28e+01,5.97e+01; 7.35e+01,6.07e+01,2.15e+00; 7.49e+01,6.24e+01,2.92e+00; 7.63e+01,6.42e+01,3.64e+00; 7.75e+01,6.55e+01,5.05e+00; 8.24e+01,6.80e+01,1.55e+00; 8.00e+01,6.76e+01,8.29e+00; 8.05e+01,6.74e+01,1.19e+01; 8.52e+01,6.87e+01,9.73e+00; 8.55e+01,6.94e+01,1.26e+01; 8.59e+01,7.04e+01,1.51e+01; 8.21e+01,7.08e+01,2.24e+01; 8.34e+01,7.17e+01,2.40e+01; 8.44e+01,7.26e+01,2.61e+01; 8.54e+01,7.36e+01,2.80e+01; 8.62e+01,7.44e+01,3.03e+01; 8.67e+01,7.50e+01,3.31e+01; 8.56e+01,7.42e+01,3.55e+01,3.39e+00; 8.45e+01,7.33e+01,3.77e+01,7.08e+00; 8.99e+01,7.40e+01,4.26e+01; 9.07e+01,7.49e+01,4.49e+01; 8.72e+01,7.55e+01,4.37e+01,7.91e+00; 8.78e+01,7.61e+01,4.45e+01,9.86e+00; 9.49e+01,7.75e+01,4.96e+01; 9.58e+01,7.82e+01,5.20e+01; 9.63e+01,7.84e+01,5.51e+01; 9.68e+01,7.85e+01,5.85e+01; 9.74e+01,7.88e+01,6.15e+01; 9.81e+01,7.95e+01,6.40e+01; 9.93e+01,8.03e+01,6.58e+01; 1.01e+02,8.13e+01,6.73e+01","47,47,47,47,47,47,47,47,47,47,47,47,47,47,39,39,39,39,39,54,39,39,39,39,54,54,39,39,39,39,39,39,54,39,39,39,39,39,39,39,39,39,39,39,39,39,39,39,39,47,47,47,39,47,39,39,39,47,47,47,47,47,47,54"
583,24.73,20.97,"7.82,9.91,11.12,11.95,12.54,12.98,13.32,13.58,13.93,14.28,14.61,14.89,15.14,15.34,15.50,15.70,15.89,16.10,16.32,16.58,16.90,17.19,17.49,17.78,17.96,18.18,18.45,18.73,19.01,19.27,19.51,19.72,19.89,20.05,20.27,20.50,20.72,20.95,21.19,21.34,21.53,21.68,21.85,22.03,22.24,22.47,22.67,22.84,23.01,23.15,23.31,23.46,23.65,23.85,24.04,24.21,24.39,24.53,24.68,24.80,24.97,25.15,25.33,25.49","8.95e-01,8.92e-01,6.84e-01,6.81e-05","15,4,4,15","3.07e+00; 6.14e+00; 9.20e+00; 1.23e+01; 1.53e+01; 1.84e+01; 2.15e+01; 2.45e+01; 2.76e+01; 3.07e+01; 3.37e+01; 3.68e+01; 3.99e+01; 4.29e+01; 4.60e+01; 3.92e+01,9.91e+00; 4.07e+01,1.15e+01; 4.21e+01,1.31e+01; 4.35e+01,1.48e+01; 4.30e+01,1.84e+01; 4.26e+01,2.18e+01; 4.14e+01,2.20e+01,4.07e+00; 4.09e+01,2.29e+01,6.75e+00; 4.10e+01,2.51e+01,7.53e+00; 4.17e+01,2.58e+01,9.13e+00; 4.20e+01,2.62e+01,1.16e+01; 4.24e+01,2.72e+01,1.32e+01; 4.32e+01,2.91e+01,1.36e+01; 4.37e+01,3.06e+01,1.47e+01; 4.41e+01,3.13e+01,1.67e+01; 4.46e+01,3.23e+01,1.83e+01; 4.51e+01,3.33e+01,1.97e+01; 4.59e+01,3.40e+01,2.13e+01; 4.62e+01,3.44e+01,2.20e+01,1.63e+00; 4.88e+01,3.46e+01,2.40e+01; 4.96e+01,3.60e+01,2.48e+01; 4.83e+01,3.77e+01,2.50e+01,2.54e+00; 4.88e+01,3.83e+01,2.68e+01,2.71e+00; 5.14e+01,3.81e+01,3.02e+01; 4.92e+01,3.87e+01,2.89e+01,5.93e+00; 5.34e+01,3.89e+01,3.34e+01; 5.48e+01,3.95e+01,3.46e+01; 5.59e+01,4.06e+01,3.54e+01; 5.68e+01,4.19e+01,3.62e+01; 5.75e+01,4.30e+01,3.76e+01; 5.80e+01,4.35e+01,3.96e+01; 5.88e+01,4.37e+01,4.16e+01; 5.99e+01,4.51e+01,4.22e+01; 6.09e+01,4.67e+01,4.27e+01; 6.21e+01,4.83e+01,4.29e+01; 6.32e+01,4.97e+01,4.35e+01; 6.43e+01,5.10e+01,4.42e+01; 6.50e+01,5.21e+01,4.55e+01; 6.56e+01,5.30e+01,4.71e+01; 6.65e+01,5.44e+01,4.78e+01; 6.76e+01,5.60e+01,4.81e+01; 6.84e+01,5.78e+01,4.87e+01; 6.93e+01,5.92e+01,4.94e+01; 7.05e+01,6.05e+01,5.00e+01; 7.15e+01,6.18e+01,5.07e+01; 7.24e+01,6.29e+01,5.18e+01; 7.31e+01,6.39e+01,5.31e+01; 7.41e+01,6.52e+01,5.39e+01; 7.51e+01,6.67e+01,5.46e+01","47,47,47,47,47,47,47,47,47,47,47,47,47,47,47,39,47,47,47,39,39,39,39,39,39,39,39,39,39,39,39,39,39,39,39,39,39,39,39,39,39,39,39,39,39,39,39,39,39,39,39,39,39,39,39,39,47,47,39,39,39,39,39,47"
584,22.48,19.58,"6.21,8.23,9.42,10.26,10.90,11.41,11.83,12.18,12.53,12.87,13.22,13.60,13.96,14.28,14.57,14.83,15.08,15.34,15.63,15.90,16.16,16.39,16.60,16.79,16.98,17.17,17.38,17.59,17.79,17.97,18.13,18.28,18.43,18.57,18.73,18.90,19.06,19.21,19.34,19.46,19.58,19.70,19.83,19.97,20.10,20.23,20.34,20.45,20.55,20.65,20.76,20.87,20.99,21.10,21.19,21.29,21.36,21.50,21.59,21.66,21.75,21.82,21.95,22.06","5.74e-01,5.72e-01,1.87e-01,4.02e-05","12,4,10,4","1.65e+00; 3.31e+00; 4.96e+00; 6.62e+00; 8.27e+00; 9.93e+00; 1.16e+01; 1.30e+01,2.42e-01; 1.38e+01,1.11e+00; 1.44e+01,2.19e+00; 1.36e+01,4.59e+00; 1.37e+01,6.18e+00; 1.41e+01,7.40e+00; 1.50e+01,8.19e+00; 1.59e+01,8.96e+00; 1.67e+01,9.73e+00; 1.76e+01,1.05e+01; 1.83e+01,1.15e+01; 1.89e+01,1.26e+01; 1.95e+01,1.36e+01; 2.02e+01,1.45e+01; 2.11e+01,1.53e+01; 2.19e+01,1.61e+01; 2.28e+01,1.69e+01; 2.36e+01,1.77e+01; 2.45e+01,1.85e+01; 2.52e+01,1.95e+01; 2.59e+01,2.04e+01; 2.66e+01,2.13e+01; 2.75e+01,2.22e+01; 2.83e+01,2.30e+01; 2.92e+01,2.38e+01; 2.99e+01,2.45e+01,2.35e-01; 3.04e+01,2.49e+01,1.01e+00; 3.08e+01,2.55e+01,1.63e+00; 3.17e+01,2.65e+01,1.36e+00; 3.25e+01,2.74e+01,1.32e+00; 3.30e+01,2.80e+01,1.80e+00; 3.56e+01,2.89e+01; 3.66e+01,2.95e+01; 3.76e+01,3.02e+01; 3.86e+01,3.09e+01; 3.95e+01,3.16e+01; 4.03e+01,3.25e+01; 4.10e+01,3.34e+01; 4.19e+01,3.42e+01; 4.28e+01,3.49e+01; 4.38e+01,3.56e+01; 4.48e+01,3.62e+01; 4.58e+01,3.69e+01; 4.67e+01,3.77e+01; 4.75e+01,3.85e+01; 4.82e+01,3.95e+01; 4.90e+01,4.03e+01; 4.96e+01,4.07e+01,6.82e-01; 5.04e+01,4.12e+01,1.07e+00; 5.09e+01,4.14e+01,2.03e+00; 5.05e+01,4.14e+01,4.11e+00; 4.68e+01,3.99e+01,1.09e+01; 5.18e+01,4.25e+01,4.55e+00,4.38e-01; 5.21e+01,4.28e+01,3.80e+00,2.20e+00; 5.37e+01,4.38e+01,3.83e+00,1.20e+00; 5.40e+01,4.45e+01,4.88e+00,8.80e-01; 5.01e+01,4.28e+01,1.30e+01","46,46,46,46,46,46,46,46,46,46,40,40,40,46,46,46,46,40,40,40,40,46,46,46,46,46,40,40,40,46,46,46,46,46,40,40,40,46,40,46,46,46,40,40,40,40,46,46,46,46,46,40,40,40,46,46,46,40,54,40,46,40,40,40"
585,25.53,20.37,"6.42,8.49,10.20,11.53,12.66,13.52,14.26,14.96,15.70,16.42,17.10,17.70,18.28,18.83,19.35,19.82,20.27,20.74,21.19,21.60,22.00,22.39,22.76,23.10,23.39,23.72,24.03,24.35,24.65,24.93,25.21,25.48,25.73,25.98,26.24,26.49,26.73,26.96,27.19,27.41,27.63,27.82,28.03,28.23,28.43,28.62,28.81,29.00,29.16,29.35,29.52,29.69,29.87,30.04,30.21,30.37,30.53,30.69,30.84,30.99,31.14,31.29,31.44,31.58","5.49e-01,5.44e-01,5.27e-01,4.24e-05","11,9,1,1","2.01e+00; 4.02e+00; 3.66e+00,2.38e+00; 4.54e+00,3.51e+00; 5.58e+00,4.48e+00; 6.49e+00,5.57e+00,1.61e-02; 6.78e+00,5.61e+00,1.69e+00; 7.12e+00,5.54e+00,2.36e+00,1.07e+00; 7.83e+00,6.10e+00,2.71e+00,1.48e+00; 8.35e+00,6.31e+00,3.78e+00,1.69e+00; 9.01e+00,6.82e+00,4.14e+00,2.17e+00; 9.45e+00,7.31e+00,3.74e+00,3.65e+00; 1.00e+01,8.08e+00,4.30e+00,3.78e+00; 1.05e+01,8.52e+00,4.91e+00,4.19e+00; 1.11e+01,8.95e+00,5.58e+00,4.57e+00; 1.16e+01,9.45e+00,6.54e+00,4.56e+00; 1.22e+01,9.60e+00,6.44e+00,5.92e+00; 1.29e+01,1.01e+01,6.88e+00,6.33e+00; 1.35e+01,1.07e+01,7.35e+00,6.70e+00; 1.42e+01,1.12e+01,7.82e+00,7.06e+00; 1.48e+01,1.18e+01,8.76e+00,6.98e+00; 1.53e+01,1.24e+01,9.45e+00,7.10e+00; 1.59e+01,1.30e+01,1.02e+01,7.20e+00; 1.65e+01,1.34e+01,1.05e+01,7.88e+00; 1.71e+01,1.40e+01,1.10e+01,8.27e+00; 1.76e+01,1.42e+01,1.14e+01,9.06e+00; 1.82e+01,1.46e+01,1.17e+01,9.81e+00; 1.88e+01,1.52e+01,1.21e+01,1.02e+01; 1.94e+01,1.58e+01,1.27e+01,1.04e+01; 2.00e+01,1.65e+01,1.33e+01,1.06e+01; 2.05e+01,1.70e+01,1.37e+01,1.12e+01; 2.11e+01,1.75e+01,1.45e+01,1.14e+01; 2.16e+01,1.77e+01,1.47e+01,1.23e+01; 2.22e+01,1.81e+01,1.50e+01,1.31e+01; 2.28e+01,1.86e+01,1.55e+01,1.35e+01; 2.34e+01,1.91e+01,1.59e+01,1.40e+01; 2.40e+01,1.97e+01,1.64e+01,1.44e+01; 2.46e+01,2.02e+01,1.70e+01,1.47e+01; 2.51e+01,2.09e+01,1.76e+01,1.49e+01; 2.57e+01,2.14e+01,1.82e+01,1.53e+01; 2.62e+01,2.16e+01,1.84e+01,1.63e+01; 2.67e+01,2.22e+01,1.89e+01,1.67e+01; 2.73e+01,2.26e+01,1.91e+01,1.75e+01; 2.79e+01,2.31e+01,1.96e+01,1.79e+01; 2.85e+01,2.37e+01,2.01e+01,1.84e+01; 2.90e+01,2.43e+01,2.05e+01,1.86e+01; 2.96e+01,2.49e+01,2.11e+01,1.90e+01; 3.01e+01,2.54e+01,2.15e+01,1.96e+01; 3.06e+01,2.57e+01,2.24e+01,2.00e+01; 3.11e+01,2.61e+01,2.25e+01,2.09e+01; 3.16e+01,2.65e+01,2.31e+01,2.14e+01; 3.21e+01,2.70e+01,2.38e+01,2.17e+01; 3.27e+01,2.75e+01,2.43e+01,2.21e+01; 3.33e+01,2.80e+01,2.48e+01,2.26e+01; 3.38e+01,2.86e+01,2.52e+01,2.30e+01; 3.43e+01,2.92e+01,2.58e+01,2.34e+01; 3.48e+01,2.95e+01,2.60e+01,2.44e+01; 3.53e+01,2.99e+01,2.65e+01,2.50e+01; 3.58e+01,3.04e+01,2.71e+01,2.54e+01; 3.63e+01,3.10e+01,2.75e+01,2.60e+01; 3.69e+01,3.15e+01,2.79e+01,2.64e+01; 3.75e+01,3.20e+01,2.84e+01,2.69e+01; 3.80e+01,3.25e+01,2.89e+01,2.74e+01; 3.85e+01,3.30e+01,2.94e+01,2.79e+01","39,39,33,33,39,33,33,33,39,33,39,33,33,33,33,33,33,39,39,39,33,33,33,33,39,33,33,39,33,33,33,33,33,33,39,39,39,33,33,33,33,39,33,39,39,33,33,33,33,33,33,33,39,39,33,33,33,33,33,33,39,39,39,33"
586,22.89,19.50,"4.49,6.89,9.19,10.67,11.93,12.97,13.96,14.82,15.57,16.31,17.13,17.92,18.63,19.26,19.82,20.25,20.68,21.17,21.68,22.15,22.59,23.01,23.40,23.72,24.07,24.38,24.72,25.06,25.39,25.71,26.00,26.27,26.45,26.67,26.98,27.24,27.50,27.75,27.99,28.20,28.39,28.63,28.82,29.03,29.25,29.46,29.66,29.84,30.01,30.14,30.30,30.50,30.69,30.87,31.04,31.20,31.29,31.46,31.63,31.78,31.94,32.10,32.25,32.38","1.43e-01,1.42e-01,1.35e-01,1.24e-05","12,4,4,4","5.21e-01; 5.89e-01,4.53e-01; 8.64e-01,6.99e-01; 9.47e-01,7.32e-01,4.05e-01; 1.15e+00,9.02e-01,5.56e-01; 1.28e+00,9.56e-01,4.59e-01,4.29e-01; 1.42e+00,1.09e+00,6.53e-01,4.77e-01; 1.61e+00,1.22e+00,8.74e-01,4.59e-01; 1.78e+00,1.36e+00,1.00e+00,5.42e-01; 1.96e+00,1.50e+00,1.12e+00,6.30e-01; 2.08e+00,1.58e+00,1.16e+00,8.99e-01; 2.22e+00,1.72e+00,1.30e+00,1.02e+00; 2.37e+00,1.86e+00,1.46e+00,1.10e+00; 2.51e+00,2.01e+00,1.49e+00,1.28e+00; 2.68e+00,2.15e+00,1.88e+00,1.11e+00; 2.84e+00,2.29e+00,2.17e+00,1.02e+00; 3.01e+00,2.43e+00,2.31e+00,1.11e+00; 3.14e+00,2.48e+00,2.25e+00,1.51e+00; 3.30e+00,2.61e+00,2.38e+00,1.61e+00; 3.47e+00,2.75e+00,2.50e+00,1.70e+00; 3.61e+00,2.94e+00,2.62e+00,1.77e+00; 3.77e+00,3.11e+00,2.82e+00,1.77e+00; 3.91e+00,3.22e+00,2.89e+00,1.97e+00; 4.06e+00,3.35e+00,3.05e+00,2.05e+00; 4.19e+00,3.44e+00,3.06e+00,2.33e+00; 4.35e+00,3.58e+00,3.19e+00,2.43e+00; 4.51e+00,3.71e+00,3.31e+00,2.54e+00; 4.65e+00,3.87e+00,3.34e+00,2.73e+00; 4.81e+00,4.01e+00,3.46e+00,2.84e+00; 4.94e+00,4.15e+00,3.56e+00,2.98e+00; 5.09e+00,4.30e+00,3.71e+00,3.05e+00; 5.23e+00,4.42e+00,3.97e+00,3.06e+00; 5.38e+00,4.56e+00,4.09e+00,3.16e+00; 5.53e+00,4.70e+00,4.21e+00,3.27e+00; 5.66e+00,4.81e+00,4.19e+00,3.57e+00; 5.81e+00,4.95e+00,4.31e+00,3.69e+00; 5.97e+00,5.09e+00,4.43e+00,3.80e+00; 6.11e+00,5.26e+00,4.56e+00,3.87e+00; 6.25e+00,5.40e+00,4.76e+00,3.92e+00; 6.38e+00,5.52e+00,4.88e+00,4.07e+00; 6.51e+00,5.63e+00,4.98e+00,4.25e+00; 6.64e+00,5.74e+00,5.03e+00,4.48e+00; 6.79e+00,5.87e+00,5.15e+00,4.60e+00; 6.93e+00,6.01e+00,5.27e+00,4.71e+00; 7.07e+00,6.18e+00,5.37e+00,4.83e+00; 7.21e+00,6.32e+00,5.53e+00,4.91e+00; 7.34e+00,6.45e+00,5.64e+00,5.05e+00; 7.47e+00,6.58e+00,5.81e+00,5.15e+00; 7.60e+00,6.69e+00,5.92e+00,5.31e+00; 7.74e+00,6.83e+00,6.04e+00,5.43e+00; 7.87e+00,6.95e+00,6.20e+00,5.55e+00; 8.00e+00,7.10e+00,6.27e+00,5.72e+00; 8.15e+00,7.23e+00,6.39e+00,5.85e+00; 8.29e+00,7.37e+00,6.51e+00,5.96e+00; 8.42e+00,7.51e+00,6.67e+00,6.05e+00; 8.55e+00,7.64e+00,6.81e+00,6.18e+00; 8.69e+00,7.77e+00,6.94e+00,6.30e+00; 8.82e+00,7.89e+00,7.00e+00,6.51e+00; 8.94e+00,8.02e+00,7.11e+00,6.67e+00; 9.08e+00,8.15e+00,7.24e+00,6.79e+00; 9.23e+00,8.29e+00,7.36e+00,6.91e+00; 9.37e+00,8.42e+00,7.48e+00,7.03e+00; 9.50e+00,8.55e+00,7.62e+00,7.15e+00; 9.63e+00,8.69e+00,7.75e+00,7.28e+00","39,25,39,25,39,25,25,25,39,39,25,25,25,25,25,25,39,25,39,39,25,25,25,25,25,39,39,25,39,25,25,25,39,39,25,39,39,25,25,25,25,25,39,39,25,25,25,25,25,39,25,25,39,39,25,25,39,25,25,39,39,39,25,25"
587,18.42,16.18,"4.87,6.89,8.11,9.19,10.28,11.13,11.80,12.37,12.93,13.46,13.98,14.50,14.98,15.41,15.79,16.14,16.45,16.79,17.13,17.45,17.75,18.03,18.29,18.53,18.77,19.03,19.28,19.51,19.73,19.94,20.14,20.34,20.54,20.74,20.94,21.13,21.31,21.48,21.64,21.80,21.97,22.14,22.30,22.46,22.61,22.76,22.90,23.04,23.18,23.33,23.47,23.60,23.73,23.86,23.98,24.11,24.23,24.36,24.48,24.60,24.72,24.83,24.95,25.06","2.00e-01,1.98e-01,1.39e-05,9.39e-06","12,4,12,4","4.94e-01; 9.88e-01; 1.37e+00,1.10e-01; 1.37e+00,6.08e-01; 1.53e+00,9.44e-01; 1.74e+00,1.22e+00; 1.98e+00,1.48e+00; 2.22e+00,1.73e+00; 2.52e+00,1.92e+00; 2.58e+00,2.01e+00,3.45e-01; 2.94e+00,2.21e+00,2.81e-01; 3.09e+00,2.38e+00,4.58e-01; 3.29e+00,2.65e+00,4.86e-01; 3.47e+00,2.89e+00,5.62e-01; 3.64e+00,3.05e+00,7.18e-01; 4.05e+00,3.26e+00,5.85e-01; 4.27e+00,3.42e+00,7.14e-01; 4.23e+00,3.36e+00,1.30e+00; 4.44e+00,3.48e+00,1.47e+00; 4.64e+00,3.68e+00,1.56e+00; 4.84e+00,3.92e+00,1.62e+00; 5.03e+00,4.14e+00,1.69e+00; 5.23e+00,4.32e+00,1.80e+00; 5.44e+00,4.47e+00,1.95e+00; 5.63e+00,4.54e+00,2.18e+00; 5.82e+00,4.62e+00,2.41e+00; 6.00e+00,4.76e+00,2.57e+00; 6.21e+00,4.94e+00,2.68e+00; 6.41e+00,5.12e+00,2.79e+00; 6.61e+00,5.31e+00,2.90e+00; 6.80e+00,5.50e+00,3.01e+00; 6.98e+00,5.65e+00,3.18e+00; 7.15e+00,5.72e+00,3.43e+00; 7.31e+00,5.83e+00,3.65e+00; 7.48e+00,5.98e+00,3.82e+00; 7.66e+00,6.18e+00,3.93e+00; 7.85e+00,6.40e+00,4.02e+00; 8.04e+00,6.58e+00,4.15e+00; 8.22e+00,6.76e+00,4.28e+00; 8.40e+00,6.92e+00,4.44e+00; 8.55e+00,7.02e+00,4.68e+00; 8.71e+00,7.15e+00,4.88e+00; 8.88e+00,7.31e+00,5.05e+00; 9.05e+00,7.51e+00,5.18e+00; 9.24e+00,7.68e+00,5.31e+00; 9.42e+00,7.86e+00,5.44e+00; 9.60e+00,8.04e+00,5.58e+00; 9.76e+00,8.19e+00,5.75e+00; 9.92e+00,8.31e+00,5.97e+00; 1.01e+01,8.45e+00,6.17e+00; 1.02e+01,8.61e+00,6.34e+00; 1.04e+01,8.81e+00,6.47e+00; 1.06e+01,9.01e+00,6.59e+00; 1.08e+01,9.18e+00,6.73e+00; 1.09e+01,9.35e+00,6.88e+00; 1.11e+01,9.50e+00,7.06e+00; 1.12e+01,9.63e+00,7.28e+00; 1.14e+01,9.77e+00,7.48e+00; 1.16e+01,9.94e+00,7.65e+00; 1.17e+01,1.01e+01,7.79e+00; 1.19e+01,1.03e+01,7.92e+00; 1.21e+01,1.05e+01,8.07e+00; 1.22e+01,1.07e+01,8.23e+00; 1.24e+01,1.08e+01,8.42e+00","38,38,38,32,32,32,32,32,38,38,38,32,32,32,32,32,38,32,32,32,32,32,32,32,32,32,32,38,38,38,32,32,32,32,32,32,32,38,32,32,32,32,32,32,38,38,32,32,32,32,32,32,32,38,38,32,32,32,32,32,32,38,32,32"
588,11.64,10.85,"3.64,5.67,6.90,7.76,8.40,8.88,9.25,9.53,9.86,10.18,10.49,10.77,11.01,11.22,11.40,11.54,11.71,11.88,12.05,12.22,12.37,12.51,12.62,12.72,12.83,12.94,13.06,13.18,13.29,13.39,13.48,13.57,13.66,13.76,13.86,13.96,14.06,14.15,14.24,14.33,14.43,14.53,14.62,14.71,14.80,14.89,14.97,15.06,15.16,15.26,15.35,15.43,15.51,15.58,15.66,15.74,15.85,15.94,16.02,16.10,16.17,16.24,16.31,16.38","1.93e-01,1.83e-03,1.26e-05,6.40e-06","11,11,11,11","2.41e-01; 4.83e-01; 7.24e-01; 9.66e-01; 1.21e+00; 1.45e+00; 1.69e+00; 1.93e+00; 2.17e+00; 2.41e+00; 2.66e+00; 2.90e+00; 3.14e+00; 3.38e+00; 3.62e+00; 3.86e+00; 4.10e+00; 4.35e+00; 4.59e+00; 4.83e+00; 5.07e+00; 5.31e+00; 5.55e+00; 5.79e+00; 6.04e+00; 6.28e+00; 6.52e+00; 6.76e+00; 7.00e+00; 7.24e+00; 7.30e+00,1.83e-01; 7.22e+00,5.10e-01; 7.07e+00,9.00e-01; 7.05e+00,1.15e+00; 7.12e+00,1.33e+00; 7.21e+00,1.48e+00; 7.32e+00,1.61e+00; 7.43e+00,1.75e+00; 7.50e+00,1.92e+00; 7.51e+00,2.14e+00; 7.44e+00,2.46e+00; 7.46e+00,2.68e+00; 7.55e+00,2.84e+00; 7.63e+00,2.99e+00; 7.75e+00,3.12e+00; 7.86e+00,3.25e+00; 7.95e+00,3.39e+00; 8.01e+00,3.57e+00; 7.98e+00,3.85e+00; 8.02e+00,4.05e+00; 8.11e+00,4.20e+00; 8.21e+00,4.35e+00; 8.32e+00,4.47e+00; 8.44e+00,4.60e+00; 8.54e+00,4.73e+00; 8.63e+00,4.89e+00; 8.63e+00,5.13e+00; 8.68e+00,5.32e+00; 8.78e+00,5.47e+00; 8.88e+00,5.61e+00; 8.99e+00,5.74e+00; 9.11e+00,5.86e+00; 9.22e+00,5.99e+00; 9.32e+00,6.13e+00","46,46,46,46,46,46,46,46,46,46,46,46,46,46,46,46,46,46,46,46,46,46,46,46,46,46,46,46,46,46,46,46,46,46,46,46,46,46,46,46,46,46,46,46,46,46,46,46,46,46,46,46,46,46,46,46,46,46,46,46,46,46,46,46"
589,11.31,10.99,"5.10,7.30,8.62,9.53,10.18,10.64,10.98,11.24,11.55,11.88,12.22,12.55,12.85,13.13,13.39,13.64,13.90,14.16,14.41,14.65,14.89,15.11,15.33,15.54,15.75,15.95,16.15,16.33,16.51,16.69,16.86,17.03,17.20,17.37,17.52,17.67,17.81,17.95,18.10,18.24,18.38,18.52,18.64,18.77,18.89,19.01,19.13,19.25,19.37,19.48,19.59,19.70,19.80,19.90,20.00,20.11,20.21,20.31,20.40,20.50,20.59,20.68,20.76,20.86","1.32e-01,1.89e-02,7.95e-06,4.25e-06","12,12,12,12","1.88e-01; 3.75e-01; 5.63e-01; 7.50e-01; 9.38e-01; 1.13e+00; 1.31e+00; 1.50e+00; 1.69e+00; 1.75e+00,1.25e-01; 1.82e+00,2.47e-01; 1.88e+00,3.69e-01; 1.93e+00,5.07e-01; 1.96e+00,6.61e-01; 1.99e+00,8.22e-01; 2.02e+00,9.83e-01; 2.07e+00,1.12e+00; 2.13e+00,1.24e+00; 2.22e+00,1.35e+00; 2.30e+00,1.45e+00; 2.38e+00,1.55e+00; 2.46e+00,1.67e+00; 2.53e+00,1.78e+00; 2.60e+00,1.90e+00; 2.67e+00,2.02e+00; 2.75e+00,2.13e+00; 2.83e+00,2.23e+00; 2.92e+00,2.33e+00; 3.01e+00,2.43e+00; 3.10e+00,2.53e+00; 3.18e+00,2.63e+00; 3.26e+00,2.74e+00; 3.34e+00,2.85e+00; 3.43e+00,2.95e+00; 3.51e+00,3.05e+00; 3.61e+00,3.15e+00; 3.70e+00,3.24e+00; 3.79e+00,3.34e+00; 3.87e+00,3.44e+00; 3.96e+00,3.54e+00; 4.04e+00,3.65e+00; 4.13e+00,3.75e+00; 4.22e+00,3.84e+00; 4.31e+00,3.94e+00; 4.41e+00,4.03e+00; 4.50e+00,4.13e+00; 4.59e+00,4.23e+00; 4.67e+00,4.33e+00; 4.76e+00,4.43e+00; 4.85e+00,4.53e+00; 4.94e+00,4.62e+00; 5.03e+00,4.72e+00; 5.13e+00,4.81e+00; 5.22e+00,4.91e+00; 5.31e+00,5.01e+00; 5.40e+00,5.10e+00; 5.49e+00,5.20e+00; 5.58e+00,5.30e+00; 5.67e+00,5.40e+00; 5.76e+00,5.49e+00; 5.86e+00,5.58e+00; 5.95e+00,5.68e+00; 6.04e+00,5.78e+00; 6.13e+00,5.87e+00","39,39,39,39,39,39,39,39,39,39,39,39,39,39,39,39,39,39,39,39,39,39,39,39,39,39,39,39,39,39,39,39,39,39,39,39,39,39,39,39,39,39,39,39,39,39,39,39,39,39,39,39,39,39,39,39,39,39,39,39,39,39,39,39"
590,19.55,16.89,"3.54,6.01,8.30,9.88,11.13,12.14,13.07,13.84,14.59,15.29,15.92,16.46,16.95,17.40,17.82,18.23,18.66,19.08,19.47,19.83,20.15,20.45,20.75,21.05,21.36,21.68,21.98,22.25,22.50,22.74,22.97,23.20,23.44,23.69,23.93,24.16,24.37,24.57,24.75,24.95,25.14,25.34,25.54,25.73,25.90,26.08,26.24,26.41,26.57,26.73,26.90,27.06,27.21,27.36,27.51,27.66,27.80,27.94,28.08,28.22,28.35,28.48,28.61,28.74","1.03e-01,1.03e-01,3.34e-02,7.33e-06","15,1,1,15","2.97e-01; 3.67e-01,2.27e-01; 5.04e-01,3.86e-01; 6.51e-01,5.35e-01; 7.97e-01,6.86e-01; 8.71e-01,7.68e-01,1.40e-01; 1.07e+00,8.53e-01,1.53e-01; 1.13e+00,9.13e-01,3.28e-01; 1.26e+00,9.59e-01,4.47e-01; 1.42e+00,1.07e+00,4.77e-01; 1.54e+00,1.20e+00,5.20e-01; 1.67e+00,1.32e+00,5.69e-01; 1.79e+00,1.44e+00,6.22e-01; 1.90e+00,1.57e+00,6.81e-01; 2.00e+00,1.67e+00,7.78e-01; 2.10e+00,1.75e+00,8.95e-01; 2.18e+00,1.79e+00,1.07e+00; 2.28e+00,1.87e+00,1.19e+00; 2.39e+00,1.97e+00,1.27e+00; 2.50e+00,2.08e+00,1.35e+00; 2.61e+00,2.20e+00,1.42e+00; 2.72e+00,2.31e+00,1.50e+00; 2.81e+00,2.41e+00,1.60e+00; 2.90e+00,2.50e+00,1.71e+00; 2.98e+00,2.56e+00,1.87e+00; 3.07e+00,2.63e+00,2.01e+00; 3.17e+00,2.73e+00,2.11e+00; 3.27e+00,2.84e+00,2.19e+00; 3.37e+00,2.95e+00,2.28e+00; 3.47e+00,3.06e+00,2.37e+00; 3.57e+00,3.16e+00,2.46e+00; 3.66e+00,3.26e+00,2.57e+00; 3.74e+00,3.33e+00,2.71e+00; 3.83e+00,3.41e+00,2.84e+00; 3.92e+00,3.50e+00,2.95e+00; 4.02e+00,3.61e+00,3.05e+00; 4.12e+00,3.71e+00,3.14e+00; 4.22e+00,3.82e+00,3.23e+00; 4.32e+00,3.92e+00,3.32e+00; 4.41e+00,4.02e+00,3.43e+00; 4.49e+00,4.09e+00,3.57e+00; 4.58e+00,4.18e+00,3.69e+00; 4.68e+00,4.27e+00,3.80e+00; 4.77e+00,4.37e+00,3.90e+00; 4.87e+00,4.48e+00,3.99e+00; 4.97e+00,4.59e+00,4.08e+00; 5.07e+00,4.69e+00,4.18e+00; 5.16e+00,4.79e+00,4.29e+00; 5.25e+00,4.87e+00,4.42e+00; 5.34e+00,4.95e+00,4.54e+00; 5.43e+00,5.05e+00,4.64e+00; 5.53e+00,5.15e+00,4.74e+00; 5.62e+00,5.25e+00,4.84e+00; 5.72e+00,5.36e+00,4.93e+00; 5.82e+00,5.46e+00,5.03e+00; 5.91e+00,5.56e+00,5.14e+00; 6.00e+00,5.64e+00,5.25e+00,1.18e-02; 6.04e+00,5.69e+00,5.33e+00,1.43e-01; 6.12e+00,5.77e+00,5.42e+00,1.85e-01; 6.19e+00,5.84e+00,5.49e+00,2.68e-01; 6.25e+00,5.91e+00,5.55e+00,3.82e-01; 6.32e+00,5.97e+00,5.61e+00,4.83e-01; 6.39e+00,6.06e+00,5.69e+00,5.43e-01; 6.46e+00,6.13e+00,5.77e+00,6.24e-01","32,38,32,32,32,32,33,33,32,32,32,32,32,33,33,33,32,32,32,32,32,32,33,33,32,32,32,32,32,32,33,33,32,32,32,32,32,32,32,33,33,32,32,32,32,32,32,33,33,33,32,32,32,32,32,33,33,33,32,32,32,32,32,33"
591,10.93,9.79,"3.06,5.00,6.20,7.06,7.70,8.21,8.61,8.94,9.27,9.58,9.87,10.14,10.38,10.59,10.78,10.94,11.11,11.27,11.44,11.60,11.75,11.88,12.01,12.11,12.22,12.34,12.45,12.56,12.67,12.77,12.87,12.96,13.04,13.13,13.23,13.33,13.42,13.52,13.61,13.69,13.76,13.84,13.92,14.01,14.10,14.19,14.27,14.34,14.41,14.48,14.55,14.63,14.72,14.79,14.87,14.94,14.99,15.06,15.12,15.20,15.27,15.34,15.40,15.46","1.19e-01,8.11e-06,4.37e-06,1.86e-06","0,0,0,0","1.48e-01; 2.96e-01; 4.43e-01; 5.91e-01; 7.39e-01; 8.87e-01; 1.03e+00; 1.18e+00; 1.33e+00; 1.48e+00; 1.63e+00; 1.77e+00; 1.92e+00; 2.07e+00; 2.22e+00; 2.36e+00; 2.51e+00; 2.66e+00; 2.81e+00; 2.96e+00; 3.10e+00; 3.25e+00; 3.40e+00; 3.55e+00; 3.70e+00; 3.84e+00; 3.99e+00; 4.14e+00; 4.23e+00,5.26e-02; 4.29e+00,1.40e-01; 4.36e+00,2.23e-01; 4.43e+00,3.05e-01; 4.50e+00,3.73e-01; 4.57e+00,4.54e-01; 4.62e+00,5.54e-01; 4.66e+00,6.64e-01; 4.70e+00,7.68e-01; 4.75e+00,8.70e-01; 4.80e+00,9.63e-01; 4.86e+00,1.05e+00; 4.94e+00,1.12e+00; 5.02e+00,1.19e+00; 5.08e+00,1.28e+00; 5.13e+00,1.37e+00; 5.19e+00,1.46e+00; 5.24e+00,1.56e+00; 5.30e+00,1.64e+00; 5.37e+00,1.73e+00; 5.45e+00,1.79e+00; 5.53e+00,1.86e+00; 5.60e+00,1.94e+00; 5.66e+00,2.03e+00; 5.72e+00,2.11e+00; 5.78e+00,2.20e+00; 5.84e+00,2.28e+00; 5.91e+00,2.36e+00; 5.99e+00,2.43e+00; 6.07e+00,2.50e+00; 6.14e+00,2.58e+00; 6.21e+00,2.66e+00; 6.27e+00,2.74e+00; 6.32e+00,2.82e+00,1.96e-02; 6.35e+00,2.88e+00,8.58e-02; 6.41e+00,2.94e+00,1.01e-01","32,32,32,32,32,32,32,32,32,32,32,32,32,32,32,32,32,32,32,32,32,32,32,32,32,32,32,32,32,32,32,32,32,32,32,32,32,32,32,32,32,32,32,32,32,32,32,32,32,32,32,32,32,32,32,32,32,32,32,32,32,32,32,32"
592,12.74,10.91,"1.78,3.61,4.85,5.74,6.39,6.87,7.23,7.50,7.80,8.12,8.43,8.72,8.98,9.19,9.36,9.50,9.65,9.96,10.28,10.57,10.85,11.10,11.33,11.53,11.76,12.01,12.26,12.49,12.69,12.88,13.05,13.20,13.37,13.56,13.75,13.94,14.10,14.25,14.38,14.50,14.62,14.77,14.93,15.08,15.23,15.35,15.46,15.56,15.67,15.78,15.91,16.05,16.17,16.28,16.39,16.48,16.56,16.73,16.84,16.93,17.01,17.12,17.22,17.31","3.31e-02,2.96e-02,2.05e-06,1.08e-06","12,12,4,4","7.78e-02; 1.56e-01; 2.34e-01; 3.11e-01; 3.89e-01; 4.67e-01; 5.45e-01; 6.23e-01; 7.01e-01; 7.78e-01; 8.56e-01; 9.34e-01; 1.01e+00; 1.09e+00; 1.17e+00; 1.25e+00; 1.24e+00,8.61e-02; 1.12e+00,2.84e-01; 1.09e+00,3.91e-01; 1.09e+00,4.64e-01; 1.11e+00,5.25e-01; 1.13e+00,5.80e-01; 1.16e+00,6.31e-01; 1.19e+00,6.81e-01; 1.21e+00,7.32e-01; 1.24e+00,7.85e-01; 1.27e+00,8.34e-01; 1.30e+00,8.80e-01; 1.33e+00,9.23e-01; 1.37e+00,9.65e-01; 1.41e+00,1.01e+00; 1.44e+00,1.05e+00; 1.48e+00,1.09e+00; 1.52e+00,1.12e+00; 1.55e+00,1.17e+00; 1.59e+00,1.22e+00; 1.63e+00,1.25e+00; 1.67e+00,1.28e+00; 1.72e+00,1.31e+00; 1.64e+00,1.30e+00,1.78e-01; 1.62e+00,1.29e+00,2.81e-01; 1.63e+00,1.30e+00,3.30e-01; 1.67e+00,1.34e+00,3.35e-01; 1.71e+00,1.39e+00,3.30e-01; 1.74e+00,1.42e+00,3.42e-01; 1.76e+00,1.44e+00,3.79e-01; 1.77e+00,1.46e+00,4.30e-01; 1.78e+00,1.47e+00,4.86e-01; 1.78e+00,1.47e+00,5.62e-01; 1.79e+00,1.49e+00,6.10e-01; 1.82e+00,1.52e+00,6.28e-01; 1.86e+00,1.56e+00,6.30e-01; 1.89e+00,1.60e+00,6.40e-01; 1.91e+00,1.62e+00,6.69e-01; 1.93e+00,1.64e+00,7.10e-01; 1.94e+00,1.65e+00,7.59e-01; 1.95e+00,1.66e+00,8.19e-01; 2.24e+00,1.79e+00,4.85e-01; 2.27e+00,1.82e+00,5.00e-01; 2.31e+00,1.85e+00,5.07e-01; 2.35e+00,1.88e+00,5.15e-01; 2.39e+00,1.92e+00,5.25e-01; 2.42e+00,1.94e+00,5.45e-01; 2.46e+00,1.97e+00,5.54e-01","31,31,31,31,31,31,31,31,31,31,31,31,31,31,31,31,40,40,40,40,40,40,40,40,40,40,40,40,40,40,40,40,40,40,40,40,40,40,40,40,40,40,40,40,40,40,40,40,40,40,40,40,40,40,40,40,40,40,40,31,31,40,40,40"
595,0.03,0.02,"0.00,0.00,0.00,0.00,0.01,0.01,0.01,0.02,0.02,0.02,0.03,0.04,0.04,0.05,0.05,0.06,0.07,0.07,0.08,0.09,0.10,0.11,0.12,0.13,0.14,0.15,0.16,0.17,0.18,0.19,0.20,0.21,0.22,0.24,0.25,0.26,0.28,0.29,0.30,0.31,0.32,0.34,0.35,0.37,0.38,0.40,0.41,0.42,0.43,0.45,0.46,0.48,0.49,0.51,0.52,0.53,0.55,0.56,0.57,0.59,0.61,0.62,0.64,0.65","1.36e-06,8.94e-11,5.45e-11,2.12e-11","4,4,4,4",1.68e-06; 3.37e-06; 5.05e-06; 6.73e-06; 8.42e-06; 1.01e-05; 1.18e-05; 1.35e-05; 1.51e-05; 1.68e-05; 1.85e-05; 2.02e-05; 2.19e-05; 2.36e-05; 2.52e-05; 2.69e-05; 2.86e-05; 3.03e-05; 3.20e-05; 3.37e-05; 3.53e-05; 3.70e-05; 3.87e-05; 4.04e-05; 4.21e-05; 4.38e-05; 4.54e-05; 4.71e-05; 4.88e-05; 5.05e-05; 5.22e-05; 5.39e-05; 5.55e-05; 5.72e-05; 5.89e-05; 6.06e-05; 6.23e-05; 6.40e-05; 6.56e-05; 6.73e-05; 6.90e-05; 7.07e-05; 7.24e-05; 7.41e-05; 7.57e-05; 7.74e-05; 7.91e-05; 8.08e-05; 8.25e-05; 8.42e-05; 8.58e-05; 8.75e-05; 8.92e-05; 9.09e-05; 9.26e-05; 9.43e-05; 9.59e-05; 9.76e-05; 9.93e-05; 1.01e-04; 1.03e-04; 1.04e-04; 1.06e-04; 1.08e-04,"32,32,32,32,32,32,32,32,32,32,32,32,32,32,32,32,32,32,32,32,32,32,32,32,32,32,32,32,32,32,32,32,32,32,32,32,32,32,32,32,32,32,32,32,32,32,32,32,32,32,32,32,32,32,32,32,32,32,32,32,32,32,32,32"
601,62.90,51.91,"13.89,25.21,30.65,34.12,37.03,39.86,41.80,43.44,44.92,46.03,47.04,48.03,48.98,49.81,50.55,51.38,52.15,52.74,53.31,53.87,54.31,54.78,55.36,55.95,56.45,57.04,57.34,57.72,58.12,58.42,58.88,59.20,60.01,60.49,60.45,60.35,61.13,61.27,61.53,61.61,61.51,62.54,62.47,62.75,63.34,64.37,63.59,64.11,63.82,63.81,64.51,65.55,65.22,66.48,65.58,65.65,67.19,65.78,65.81,67.16,66.37,67.31,69.25,68.58","2.55e+02,2.55e+02,2.55e+02,2.53e+02","3,5,3,5","1.83e+03; 1.83e+03,1.83e+03; 1.91e+03,1.90e+03,1.69e+03; 2.10e+03,2.06e+03,1.86e+03,1.31e+03; 2.54e+03,2.50e+03,2.40e+03,1.72e+03; 2.89e+03,2.85e+03,2.75e+03,2.50e+03; 3.32e+03,3.28e+03,3.17e+03,3.06e+03; 3.76e+03,3.72e+03,3.61e+03,3.57e+03; 4.20e+03,4.16e+03,4.09e+03,4.04e+03; 4.65e+03,4.62e+03,4.55e+03,4.51e+03; 5.11e+03,5.08e+03,5.00e+03,4.97e+03; 5.56e+03,5.53e+03,5.46e+03,5.43e+03; 6.02e+03,5.99e+03,5.92e+03,5.89e+03; 6.47e+03,6.44e+03,6.38e+03,6.35e+03; 6.93e+03,6.90e+03,6.84e+03,6.82e+03; 7.38e+03,7.36e+03,7.30e+03,7.27e+03; 7.83e+03,7.81e+03,7.76e+03,7.74e+03; 8.29e+03,8.26e+03,8.22e+03,8.20e+03; 8.75e+03,8.72e+03,8.68e+03,8.66e+03; 9.20e+03,9.18e+03,9.14e+03,9.12e+03; 9.66e+03,9.64e+03,9.59e+03,9.58e+03; 1.01e+04,1.01e+04,1.01e+04,1.00e+04; 1.06e+04,1.06e+04,1.05e+04,1.05e+04; 1.10e+04,1.10e+04,1.10e+04,1.10e+04; 1.15e+04,1.15e+04,1.14e+04,1.14e+04; 1.19e+04,1.19e+04,1.19e+04,1.19e+04; 1.24e+04,1.24e+04,1.23e+04,1.23e+04; 1.29e+04,1.28e+04,1.28e+04,1.28e+04; 1.33e+04,1.33e+04,1.33e+04,1.33e+04; 1.38e+04,1.38e+04,1.37e+04,1.37e+04; 1.42e+04,1.42e+04,1.42e+04,1.42e+04; 1.47e+04,1.47e+04,1.46e+04,1.46e+04; 1.51e+04,1.51e+04,1.51e+04,1.51e+04; 1.56e+04,1.56e+04,1.56e+04,1.55e+04; 1.61e+04,1.60e+04,1.60e+04,1.60e+04; 1.65e+04,1.65e+04,1.65e+04,1.65e+04; 1.70e+04,1.70e+04,1.69e+04,1.69e+04; 1.74e+04,1.74e+04,1.74e+04,1.74e+04; 1.79e+04,1.79e+04,1.79e+04,1.78e+04; 1.83e+04,1.83e+04,1.83e+04,1.83e+04; 1.88e+04,1.88e+04,1.88e+04,1.88e+04; 1.93e+04,1.92e+04,1.92e+04,1.92e+04; 1.97e+04,1.97e+04,1.97e+04,1.97e+04; 2.02e+04,2.02e+04,2.01e+04,2.01e+04; 2.06e+04,2.06e+04,2.06e+04,2.06e+04; 2.11e+04,2.11e+04,2.11e+04,2.10e+04; 2.15e+04,2.15e+04,2.15e+04,2.15e+04; 2.20e+04,2.20e+04,2.20e+04,2.20e+04; 2.25e+04,2.24e+04,2.24e+04,2.24e+04; 2.29e+04,2.29e+04,2.29e+04,2.29e+04; 2.34e+04,2.34e+04,2.34e+04,2.33e+04; 2.38e+04,2.38e+04,2.38e+04,2.38e+04; 2.43e+04,2.43e+04,2.43e+04,2.42e+04; 2.47e+04,2.47e+04,2.47e+04,2.47e+04; 2.52e+04,2.52e+04,2.52e+04,2.52e+04; 2.57e+04,2.57e+04,2.56e+04,2.56e+04; 2.61e+04,2.61e+04,2.61e+04,2.61e+04; 2.66e+04,2.66e+04,2.66e+04,2.65e+04; 2.70e+04,2.70e+04,2.70e+04,2.70e+04; 2.75e+04,2.75e+04,2.75e+04,2.75e+04; 2.80e+04,2.79e+04,2.79e+04,2.79e+04; 2.84e+04,2.84e+04,2.84e+04,2.84e+04; 2.89e+04,2.89e+04,2.89e+04,2.88e+04; 2.93e+04,2.93e+04,2.93e+04,2.93e+04","39,48,39,48,39,48,48,48,48,48,39,39,39,39,48,48,32,48,39,32,39,39,39,39,48,48,48,39,39,32,39,39,48,48,32,48,39,48,32,39,32,48,32,48,39,39,39,32,32,48,48,39,39,39,32,48,32,48,48,23,23,23,48,23"
602,36.27,31.54,"16.34,18.71,21.03,23.19,24.89,26.30,27.50,28.45,29.23,29.59,30.19,30.63,31.71,31.88,32.68,32.54,33.30,33.74,34.76,33.83,34.66,35.70,34.93,35.93,34.95,35.92,36.24,35.89,36.91,38.07,38.98,39.58,38.86,37.88,38.15,38.42,39.65,40.41,41.52,40.57,42.76,41.05,40.60,41.45,41.56,43.77,46.64,46.56,45.12,47.90,46.29,49.11,49.05,50.32,54.78,56.00,55.31,56.25,58.86,61.32,63.77,67.22,65.45,64.71","4.57e+02,4.55e+02,3.99e+02,3.24e+02","12,4,12,12","2.34e+03; 4.46e+03,2.20e+02; 4.19e+03,2.83e+03; 5.02e+03,4.34e+03; 6.05e+03,5.65e+03; 7.15e+03,6.89e+03; 8.28e+03,8.10e+03; 8.99e+03,8.86e+03,8.71e+02; 1.03e+04,1.02e+04,5.47e+02; 1.09e+04,1.08e+04,1.63e+03; 1.29e+04,1.28e+04; 1.37e+04,1.36e+04,7.52e+02; 1.28e+04,1.27e+04,4.97e+03; 1.24e+04,1.23e+04,7.97e+03; 1.25e+04,1.24e+04,7.73e+03,2.39e+03; 1.36e+04,1.35e+04,8.51e+03,1.84e+03; 1.37e+04,1.36e+04,8.94e+03,3.54e+03; 1.50e+04,1.49e+04,8.80e+03,3.41e+03; 1.56e+04,1.56e+04,1.09e+04,2.35e+03; 1.48e+04,1.48e+04,9.64e+03,7.55e+03; 1.61e+04,1.60e+04,1.18e+04,5.21e+03; 1.59e+04,1.58e+04,1.21e+04,7.68e+03; 1.64e+04,1.63e+04,1.24e+04,8.64e+03; 1.76e+04,1.75e+04,1.34e+04,7.69e+03; 1.73e+04,1.72e+04,1.39e+04,1.01e+04; 1.84e+04,1.83e+04,1.43e+04,9.89e+03; 1.85e+04,1.84e+04,1.49e+04,1.13e+04; 2.07e+04,2.06e+04,1.32e+04,1.10e+04; 2.04e+04,2.03e+04,1.66e+04,1.05e+04; 2.03e+04,2.02e+04,1.72e+04,1.24e+04; 2.13e+04,2.12e+04,1.82e+04,1.18e+04; 2.17e+04,2.16e+04,1.82e+04,1.34e+04; 2.21e+04,2.20e+04,1.85e+04,1.45e+04; 2.31e+04,2.30e+04,1.77e+04,1.58e+04; 2.33e+04,2.33e+04,2.08e+04,1.45e+04; 2.43e+04,2.42e+04,2.04e+04,1.53e+04; 2.45e+04,2.44e+04,2.02e+04,1.75e+04; 2.45e+04,2.44e+04,2.26e+04,1.73e+04; 2.51e+04,2.51e+04,2.26e+04,1.84e+04; 2.53e+04,2.52e+04,2.34e+04,1.96e+04; 2.61e+04,2.60e+04,2.36e+04,2.02e+04; 2.69e+04,2.68e+04,2.36e+04,2.10e+04; 2.71e+04,2.71e+04,2.51e+04,2.12e+04; 2.90e+04,2.89e+04,2.45e+04,2.06e+04; 2.82e+04,2.81e+04,2.58e+04,2.31e+04; 2.83e+04,2.82e+04,2.69e+04,2.43e+04; 3.02e+04,3.01e+04,2.81e+04,2.15e+04; 2.99e+04,2.99e+04,2.80e+04,2.45e+04; 3.08e+04,3.07e+04,2.85e+04,2.47e+04; 3.10e+04,3.10e+04,2.93e+04,2.57e+04; 3.25e+04,3.24e+04,2.86e+04,2.58e+04; 3.34e+04,3.33e+04,2.77e+04,2.73e+04; 3.18e+04,3.18e+04,3.06e+04,2.98e+04; 3.32e+04,3.32e+04,3.24e+04,2.76e+04; 3.38e+04,3.38e+04,3.21e+04,2.89e+04; 3.38e+04,3.38e+04,3.23e+04,3.11e+04; 3.47e+04,3.47e+04,3.32e+04,3.07e+04; 3.54e+04,3.53e+04,3.42e+04,3.09e+04; 3.71e+04,3.71e+04,3.35e+04,3.03e+04; 3.69e+04,3.69e+04,3.44e+04,3.21e+04; 3.77e+04,3.76e+04,3.65e+04,3.10e+04; 3.78e+04,3.78e+04,3.71e+04,3.23e+04; 3.87e+04,3.87e+04,3.77e+04,3.23e+04; 3.83e+04,3.83e+04,3.76e+04,3.55e+04","39,39,39,39,39,39,39,23,39,23,39,39,23,23,23,0,39,39,23,39,39,48,0,48,23,0,0,23,48,23,48,0,48,39,23,0,48,39,23,0,23,48,23,48,48,0,39,0,48,48,0,0,0,39,39,23,23,23,39,23,23,48,39,39"
603,44.12,38.82,"15.91,18.89,22.01,24.32,26.49,29.13,31.49,33.24,34.23,34.99,35.55,36.68,37.16,37.64,38.51,39.27,40.45,40.70,41.30,41.26,42.15,42.09,42.56,43.70,43.36,43.82,43.99,44.20,44.59,45.62,46.02,45.84,46.86,46.90,47.91,49.58,48.23,49.28,47.92,48.07,49.47,50.83,49.13,49.79,50.32,51.64,51.61,52.23,51.04,55.72,52.29,55.89,54.45,57.61,57.39,57.89,57.92,63.56,60.07,63.13,65.06,64.54,69.33,66.78","6.03e+02,6.01e+02,5.99e+02,5.25e+02","0,11,0,0","3.35e+03; 4.26e+03,2.44e+03; 5.34e+03,4.72e+03; 6.75e+03,6.42e+03,2.38e+02; 6.50e+03,6.28e+03,3.99e+03; 7.03e+03,6.88e+03,6.01e+03,2.06e+02; 7.83e+03,7.71e+03,7.39e+03,5.45e+02; 8.18e+03,8.10e+03,7.93e+03,2.62e+03; 8.01e+03,7.93e+03,7.84e+03,6.39e+03; 9.20e+03,9.13e+03,9.04e+03,6.17e+03; 1.01e+04,1.00e+04,9.95e+03,6.77e+03; 1.21e+04,1.20e+04,1.19e+04,4.21e+03; 1.30e+04,1.29e+04,1.29e+04,4.78e+03; 1.35e+04,1.34e+04,1.33e+04,6.67e+03; 1.48e+04,1.47e+04,1.46e+04,6.12e+03; 1.51e+04,1.51e+04,1.50e+04,8.49e+03; 1.59e+04,1.59e+04,1.58e+04,9.44e+03; 1.67e+04,1.67e+04,1.66e+04,1.03e+04; 1.76e+04,1.75e+04,1.75e+04,1.12e+04; 1.84e+04,1.83e+04,1.83e+04,1.21e+04; 1.93e+04,1.92e+04,1.91e+04,1.28e+04; 1.98e+04,1.98e+04,1.97e+04,1.45e+04; 2.06e+04,2.05e+04,2.05e+04,1.56e+04; 2.16e+04,2.16e+04,2.15e+04,1.58e+04; 2.26e+04,2.26e+04,2.25e+04,1.61e+04; 2.33e+04,2.32e+04,2.32e+04,1.75e+04; 2.43e+04,2.42e+04,2.42e+04,1.78e+04; 2.48e+04,2.48e+04,2.47e+04,1.96e+04; 2.56e+04,2.55e+04,2.55e+04,2.06e+04; 2.65e+04,2.65e+04,2.64e+04,2.11e+04; 2.73e+04,2.73e+04,2.72e+04,2.21e+04; 2.82e+04,2.82e+04,2.81e+04,2.27e+04; 2.89e+04,2.88e+04,2.88e+04,2.41e+04; 2.97e+04,2.96e+04,2.96e+04,2.51e+04; 3.04e+04,3.03e+04,3.03e+04,2.63e+04; 3.14e+04,3.13e+04,3.13e+04,2.67e+04; 3.21e+04,3.21e+04,3.20e+04,2.79e+04; 3.31e+04,3.31e+04,3.31e+04,2.81e+04; 3.39e+04,3.38e+04,3.38e+04,2.93e+04; 3.47e+04,3.47e+04,3.46e+04,3.01e+04; 3.54e+04,3.54e+04,3.54e+04,3.12e+04; 3.63e+04,3.63e+04,3.62e+04,3.21e+04; 3.71e+04,3.71e+04,3.70e+04,3.30e+04; 3.80e+04,3.80e+04,3.80e+04,3.36e+04; 3.88e+04,3.88e+04,3.88e+04,3.45e+04; 3.95e+04,3.95e+04,3.95e+04,3.58e+04; 4.06e+04,4.06e+04,4.06e+04,3.57e+04; 4.14e+04,4.14e+04,4.13e+04,3.69e+04; 4.22e+04,4.22e+04,4.22e+04,3.76e+04; 4.31e+04,4.30e+04,4.30e+04,3.86e+04; 4.40e+04,4.40e+04,4.40e+04,3.91e+04; 4.47e+04,4.46e+04,4.46e+04,4.05e+04; 4.57e+04,4.57e+04,4.56e+04,4.08e+04; 4.61e+04,4.61e+04,4.61e+04,4.28e+04; 4.72e+04,4.72e+04,4.72e+04,4.28e+04; 4.81e+04,4.80e+04,4.80e+04,4.37e+04; 4.89e+04,4.89e+04,4.89e+04,4.45e+04; 4.97e+04,4.97e+04,4.96e+04,4.55e+04; 5.03e+04,5.03e+04,5.03e+04,4.70e+04; 5.11e+04,5.11e+04,5.10e+04,4.80e+04; 5.20e+04,5.20e+04,5.20e+04,4.86e+04; 5.31e+04,5.31e+04,5.31e+04,4.85e+04; 5.36e+04,5.36e+04,5.36e+04,5.05e+04; 5.46e+04,5.45e+04,5.45e+04,5.10e+04","23,23,23,23,23,23,23,32,23,38,23,23,55,23,23,23,32,32,32,32,38,32,38,32,55,55,23,32,32,23,32,38,23,23,32,23,23,55,32,32,23,23,38,55,23,55,38,55,55,55,55,38,32,23,23,32,32,32,38,38,55,32,38,38"
604,44.50,38.43,"14.26,18.99,22.68,25.12,26.72,28.42,30.10,31.63,32.69,33.48,34.40,35.35,36.08,36.77,37.24,38.11,38.78,39.14,39.91,40.50,40.67,40.97,41.86,42.69,42.62,43.41,43.79,44.60,43.00,44.87,45.31,45.58,45.83,45.86,47.33,45.35,49.56,47.20,49.42,49.66,49.21,49.18,51.31,49.53,50.48,52.93,52.70,55.53,54.90,53.06,56.26,54.94,58.38,59.27,60.46,63.37,65.78,65.18,64.24,70.12,68.76,74.73,74.83,77.08","5.77e+02,5.76e+02,5.73e+02,4.66e+02","3,11,3,11","3.18e+03; 3.41e+03,2.94e+03; 4.85e+03,4.68e+03; 6.40e+03,6.30e+03; 7.88e+03,7.81e+03,1.88e+02; 7.29e+03,7.21e+03,4.55e+03; 7.86e+03,7.79e+03,6.58e+03; 8.76e+03,8.70e+03,7.94e+03; 9.77e+03,9.71e+03,9.10e+03; 1.08e+04,1.07e+04,1.02e+04; 1.18e+04,1.18e+04,1.14e+04; 1.29e+04,1.28e+04,1.24e+04; 1.39e+04,1.39e+04,1.35e+04; 1.49e+04,1.49e+04,1.46e+04; 1.60e+04,1.60e+04,1.57e+04; 1.65e+04,1.64e+04,1.62e+04,1.76e+03; 1.80e+04,1.79e+04,1.77e+04,3.61e+02; 1.71e+04,1.71e+04,1.69e+04,6.06e+03; 2.02e+04,2.02e+04,2.00e+04; 1.92e+04,1.91e+04,1.89e+04,6.29e+03; 2.00e+04,2.00e+04,1.98e+04,6.88e+03; 2.15e+04,2.14e+04,2.13e+04,5.67e+03; 2.10e+04,2.10e+04,2.08e+04,1.02e+04; 2.14e+04,2.14e+04,2.13e+04,1.21e+04; 2.22e+04,2.22e+04,2.21e+04,1.29e+04; 2.27e+04,2.26e+04,2.25e+04,1.47e+04; 2.34e+04,2.34e+04,2.33e+04,1.57e+04; 2.50e+04,2.49e+04,2.48e+04,1.42e+04; 2.71e+04,2.71e+04,2.70e+04,1.10e+04; 2.74e+04,2.74e+04,2.73e+04,1.31e+04; 2.64e+04,2.64e+04,2.63e+04,1.92e+04; 2.71e+04,2.71e+04,2.70e+04,2.03e+04; 2.79e+04,2.78e+04,2.78e+04,2.13e+04; 2.86e+04,2.86e+04,2.85e+04,2.21e+04; 2.94e+04,2.94e+04,2.93e+04,2.31e+04; 3.01e+04,3.01e+04,3.00e+04,2.41e+04; 3.18e+04,3.18e+04,3.17e+04,2.21e+04; 3.20e+04,3.20e+04,3.19e+04,2.48e+04; 3.26e+04,3.26e+04,3.26e+04,2.60e+04; 3.32e+04,3.32e+04,3.31e+04,2.75e+04; 3.40e+04,3.40e+04,3.39e+04,2.84e+04; 3.47e+04,3.47e+04,3.47e+04,2.93e+04; 3.55e+04,3.55e+04,3.54e+04,3.01e+04; 3.66e+04,3.66e+04,3.65e+04,3.00e+04; 3.85e+04,3.85e+04,3.84e+04,2.75e+04; 3.86e+04,3.86e+04,3.85e+04,3.03e+04; 3.89e+04,3.89e+04,3.88e+04,3.27e+04; 3.94e+04,3.94e+04,3.93e+04,3.44e+04; 4.02e+04,4.01e+04,4.01e+04,3.52e+04; 4.08e+04,4.07e+04,4.07e+04,3.66e+04; 4.17e+04,4.17e+04,4.16e+04,3.69e+04; 4.29e+04,4.29e+04,4.28e+04,3.66e+04; 4.41e+04,4.41e+04,4.40e+04,3.61e+04; 4.43e+04,4.43e+04,4.42e+04,3.86e+04; 4.48e+04,4.48e+04,4.48e+04,4.02e+04; 4.55e+04,4.55e+04,4.55e+04,4.13e+04; 4.63e+04,4.63e+04,4.63e+04,4.21e+04; 4.71e+04,4.71e+04,4.70e+04,4.30e+04; 4.79e+04,4.79e+04,4.79e+04,4.36e+04; 4.93e+04,4.93e+04,4.92e+04,4.27e+04; 4.99e+04,4.99e+04,4.99e+04,4.40e+04; 5.03e+04,5.03e+04,5.02e+04,4.61e+04; 5.12e+04,5.12e+04,5.12e+04,4.64e+04; 5.17e+04,5.17e+04,5.17e+04,4.81e+04","39,39,39,39,39,39,39,39,16,16,16,39,39,39,39,16,39,39,22,22,0,39,39,39,16,0,22,16,39,16,16,16,0,0,16,0,39,39,22,39,0,39,0,39,16,0,16,16,22,0,16,39,16,22,16,39,0,22,39,16,39,39,16,0"
605,57.61,47.83,"16.15,22.03,26.68,29.61,31.80,33.40,35.24,36.68,37.61,38.56,39.51,40.59,41.24,41.86,42.51,43.86,44.35,44.87,45.58,45.87,46.38,47.10,47.24,47.81,48.37,48.32,48.96,48.91,49.66,49.85,50.19,51.72,52.31,52.37,51.45,52.98,53.26,53.48,53.34,53.78,53.73,54.70,54.40,54.16,54.74,55.63,55.99,55.96,57.19,56.13,57.35,55.59,56.99,57.15,57.85,60.95,60.15,60.84,60.18,60.48,58.81,62.53,59.10,63.45","5.38e+02,5.37e+02,5.37e+02,5.15e+02","11,5,3,11","3.78e+03; 3.90e+03,3.66e+03; 4.04e+03,3.78e+03,3.51e+03; 5.23e+03,5.02e+03,4.86e+03; 6.46e+03,6.31e+03,6.11e+03; 6.70e+03,6.56e+03,6.26e+03,3.14e+03; 7.18e+03,7.10e+03,6.90e+03,5.26e+03; 8.00e+03,7.95e+03,7.38e+03,6.88e+03; 8.92e+03,8.88e+03,8.53e+03,7.66e+03; 9.96e+03,9.91e+03,9.54e+03,8.37e+03; 1.09e+04,1.08e+04,1.06e+04,9.26e+03; 1.29e+04,1.28e+04,1.25e+04,7.09e+03; 1.46e+04,1.46e+04,1.40e+04,5.94e+03; 1.55e+04,1.54e+04,1.49e+04,7.11e+03; 1.52e+04,1.51e+04,1.49e+04,1.15e+04; 1.59e+04,1.59e+04,1.56e+04,1.30e+04; 1.68e+04,1.68e+04,1.66e+04,1.40e+04; 1.78e+04,1.77e+04,1.75e+04,1.50e+04; 1.87e+04,1.87e+04,1.84e+04,1.59e+04; 1.98e+04,1.98e+04,1.95e+04,1.65e+04; 2.09e+04,2.09e+04,2.05e+04,1.71e+04; 2.17e+04,2.16e+04,2.13e+04,1.85e+04; 2.24e+04,2.24e+04,2.21e+04,2.00e+04; 2.34e+04,2.34e+04,2.29e+04,2.10e+04; 2.44e+04,2.44e+04,2.39e+04,2.18e+04; 2.53e+04,2.53e+04,2.48e+04,2.28e+04; 2.62e+04,2.62e+04,2.58e+04,2.38e+04; 2.71e+04,2.71e+04,2.67e+04,2.48e+04; 2.81e+04,2.80e+04,2.77e+04,2.57e+04; 2.90e+04,2.90e+04,2.87e+04,2.66e+04; 2.96e+04,2.96e+04,2.94e+04,2.84e+04; 3.07e+04,3.07e+04,3.03e+04,2.92e+04; 3.16e+04,3.16e+04,3.13e+04,3.01e+04; 3.25e+04,3.25e+04,3.22e+04,3.12e+04; 3.35e+04,3.34e+04,3.31e+04,3.21e+04; 3.45e+04,3.45e+04,3.40e+04,3.29e+04; 3.54e+04,3.54e+04,3.51e+04,3.38e+04; 3.62e+04,3.62e+04,3.61e+04,3.50e+04; 3.74e+04,3.74e+04,3.69e+04,3.55e+04; 3.82e+04,3.81e+04,3.79e+04,3.69e+04; 3.89e+04,3.89e+04,3.88e+04,3.82e+04; 4.02e+04,4.01e+04,3.98e+04,3.85e+04; 4.10e+04,4.09e+04,4.06e+04,3.99e+04; 4.21e+04,4.21e+04,4.17e+04,4.04e+04; 4.28e+04,4.28e+04,4.26e+04,4.17e+04; 4.38e+04,4.38e+04,4.36e+04,4.26e+04; 4.47e+04,4.47e+04,4.45e+04,4.36e+04; 4.56e+04,4.56e+04,4.54e+04,4.47e+04; 4.65e+04,4.65e+04,4.63e+04,4.57e+04; 4.76e+04,4.76e+04,4.73e+04,4.64e+04; 4.85e+04,4.85e+04,4.82e+04,4.75e+04; 4.95e+04,4.95e+04,4.91e+04,4.83e+04; 5.05e+04,5.05e+04,5.02e+04,4.90e+04; 5.13e+04,5.12e+04,5.11e+04,5.04e+04; 5.21e+04,5.21e+04,5.20e+04,5.16e+04; 5.30e+04,5.30e+04,5.29e+04,5.26e+04; 5.40e+04,5.40e+04,5.38e+04,5.35e+04; 5.49e+04,5.49e+04,5.48e+04,5.44e+04; 5.59e+04,5.59e+04,5.58e+04,5.53e+04; 5.69e+04,5.69e+04,5.66e+04,5.62e+04; 5.77e+04,5.77e+04,5.76e+04,5.73e+04; 5.87e+04,5.87e+04,5.86e+04,5.82e+04; 5.96e+04,5.96e+04,5.95e+04,5.92e+04; 6.06e+04,6.05e+04,6.05e+04,6.02e+04","23,7,23,23,23,7,23,23,32,7,7,7,23,23,23,23,7,23,32,7,32,32,7,7,38,23,7,38,23,32,23,7,32,7,32,38,7,38,7,7,7,38,32,38,7,38,7,7,38,38,32,23,38,38,23,38,32,23,38,38,7,23,7,7"
606,62.63,54.92,"16.97,23.71,30.05,33.29,36.48,39.77,42.33,44.68,46.48,47.74,48.65,49.68,50.38,51.34,52.41,53.11,53.99,54.35,55.33,55.27,56.35,56.66,57.11,58.24,59.30,59.07,58.98,59.36,60.05,61.54,61.92,62.50,65.55,65.93,67.11,66.81,69.21,70.90,72.25,74.20,79.09,78.19,81.32,82.02,85.81,89.41,88.97,91.35,95.46,97.00,100.52,105.21,108.87,110.79,114.58,113.70,117.46,116.69,120.00,124.43,123.60,127.96,129.54,132.19","8.10e+02,8.10e+02,8.10e+02,8.07e+02","12,4,12,4","5.76e+03; 5.88e+03,5.64e+03; 5.96e+03,5.73e+03,5.60e+03; 7.85e+03,7.74e+03,7.47e+03; 7.95e+03,7.89e+03,7.57e+03,5.41e+03; 9.03e+03,8.99e+03,8.63e+03,7.94e+03; 1.03e+04,1.03e+04,9.96e+03,9.76e+03; 1.17e+04,1.17e+04,1.14e+04,1.13e+04; 1.31e+04,1.31e+04,1.29e+04,1.28e+04; 1.45e+04,1.45e+04,1.44e+04,1.43e+04; 1.60e+04,1.59e+04,1.58e+04,1.57e+04; 1.74e+04,1.74e+04,1.73e+04,1.71e+04; 1.88e+04,1.88e+04,1.87e+04,1.86e+04; 2.03e+04,2.02e+04,2.01e+04,2.01e+04; 2.17e+04,2.17e+04,2.16e+04,2.15e+04; 2.31e+04,2.31e+04,2.30e+04,2.30e+04; 2.46e+04,2.46e+04,2.44e+04,2.44e+04; 2.60e+04,2.60e+04,2.59e+04,2.58e+04; 2.74e+04,2.74e+04,2.73e+04,2.73e+04; 2.89e+04,2.89e+04,2.88e+04,2.87e+04; 3.03e+04,3.03e+04,3.02e+04,3.02e+04; 3.18e+04,3.18e+04,3.17e+04,3.16e+04; 3.32e+04,3.32e+04,3.31e+04,3.31e+04; 3.46e+04,3.46e+04,3.45e+04,3.45e+04; 3.61e+04,3.61e+04,3.60e+04,3.60e+04; 3.75e+04,3.75e+04,3.74e+04,3.74e+04; 3.90e+04,3.89e+04,3.89e+04,3.88e+04; 4.04e+04,4.04e+04,4.03e+04,4.03e+04; 4.18e+04,4.18e+04,4.18e+04,4.17e+04; 4.33e+04,4.33e+04,4.32e+04,4.32e+04; 4.47e+04,4.47e+04,4.46e+04,4.46e+04; 4.61e+04,4.61e+04,4.61e+04,4.61e+04; 4.76e+04,4.76e+04,4.75e+04,4.75e+04; 4.90e+04,4.90e+04,4.90e+04,4.89e+04; 5.05e+04,5.05e+04,5.04e+04,5.04e+04; 5.19e+04,5.19e+04,5.19e+04,5.18e+04; 5.33e+04,5.33e+04,5.33e+04,5.33e+04; 5.48e+04,5.48e+04,5.47e+04,5.47e+04; 5.62e+04,5.62e+04,5.62e+04,5.61e+04; 5.77e+04,5.77e+04,5.76e+04,5.76e+04; 5.91e+04,5.91e+04,5.91e+04,5.90e+04; 6.05e+04,6.05e+04,6.05e+04,6.05e+04; 6.20e+04,6.20e+04,6.19e+04,6.19e+04; 6.34e+04,6.34e+04,6.34e+04,6.34e+04; 6.49e+04,6.49e+04,6.48e+04,6.48e+04; 6.63e+04,6.63e+04,6.63e+04,6.62e+04; 6.78e+04,6.77e+04,6.77e+04,6.77e+04; 6.92e+04,6.92e+04,6.92e+04,6.91e+04; 7.06e+04,7.06e+04,7.06e+04,7.06e+04; 7.21e+04,7.21e+04,7.20e+04,7.20e+04; 7.35e+04,7.35e+04,7.35e+04,7.34e+04; 7.50e+04,7.50e+04,7.49e+04,7.49e+04; 7.64e+04,7.64e+04,7.64e+04,7.63e+04; 7.78e+04,7.78e+04,7.78e+04,7.78e+04; 7.93e+04,7.93e+04,7.92e+04,7.92e+04; 8.07e+04,8.07e+04,8.07e+04,8.06e+04; 8.22e+04,8.22e+04,8.21e+04,8.21e+04; 8.36e+04,8.36e+04,8.36e+04,8.35e+04; 8.50e+04,8.50e+04,8.50e+04,8.50e+04; 8.65e+04,8.65e+04,8.65e+04,8.64e+04; 8.79e+04,8.79e+04,8.79e+04,8.79e+04; 8.94e+04,8.94e+04,8.93e+04,8.93e+04; 9.08e+04,9.08e+04,9.08e+04,9.07e+04; 9.22e+04,9.22e+04,9.22e+04,9.22e+04","23,7,23,23,23,23,23,23,7,7,7,7,23,23,23,23,55,7,55,23,39,7,23,55,23,23,23,23,23,55,7,7,7,55,39,23,23,7,23,23,39,39,39,39,39,23,39,39,23,23,39,23,23,55,7,7,55,55,23,55,7,55,23,23"
607,52.17,42.36,"16.01,19.16,22.24,24.38,26.27,28.36,30.35,32.50,33.77,34.92,35.66,36.48,37.60,38.21,38.68,40.12,40.60,40.91,41.34,41.80,43.01,43.08,44.26,44.84,45.74,45.37,45.64,45.57,46.74,47.52,47.93,47.11,48.11,48.49,48.60,47.87,50.56,50.69,48.62,52.14,52.54,54.37,55.52,56.98,57.13,59.59,62.67,62.73,64.31,64.27,68.73,68.26,71.23,72.92,75.75,75.63,79.08,82.86,81.09,81.86,86.29,89.59,90.49,91.97","7.79e+02,7.78e+02,7.75e+02,7.73e+02","12,12,4,4","5.10e+03; 6.02e+03,4.18e+03; 8.03e+03,7.26e+03; 1.04e+04,9.95e+03; 1.03e+04,9.94e+03,5.20e+03; 1.11e+04,1.08e+04,8.65e+03; 1.12e+04,1.08e+04,9.92e+03,3.75e+03; 1.17e+04,1.14e+04,1.10e+04,6.66e+03; 1.28e+04,1.26e+04,1.21e+04,8.37e+03; 1.43e+04,1.41e+04,1.36e+04,9.04e+03; 1.54e+04,1.52e+04,1.47e+04,1.08e+04; 1.73e+04,1.71e+04,1.66e+04,1.02e+04; 1.80e+04,1.79e+04,1.74e+04,1.29e+04; 1.91e+04,1.90e+04,1.86e+04,1.47e+04; 2.04e+04,2.03e+04,1.99e+04,1.58e+04; 2.16e+04,2.15e+04,2.12e+04,1.74e+04; 2.29e+04,2.28e+04,2.25e+04,1.85e+04; 2.42e+04,2.40e+04,2.37e+04,1.98e+04; 2.56e+04,2.55e+04,2.52e+04,2.05e+04; 2.73e+04,2.72e+04,2.69e+04,2.05e+04; 2.86e+04,2.85e+04,2.82e+04,2.17e+04; 2.93e+04,2.92e+04,2.89e+04,2.48e+04; 3.05e+04,3.04e+04,3.01e+04,2.63e+04; 3.17e+04,3.16e+04,3.14e+04,2.76e+04; 3.30e+04,3.30e+04,3.27e+04,2.87e+04; 3.43e+04,3.42e+04,3.40e+04,3.01e+04; 3.55e+04,3.55e+04,3.52e+04,3.14e+04; 3.68e+04,3.67e+04,3.65e+04,3.28e+04; 3.76e+04,3.76e+04,3.74e+04,3.53e+04; 3.94e+04,3.93e+04,3.91e+04,3.53e+04; 4.07e+04,4.06e+04,4.04e+04,3.65e+04; 4.19e+04,4.18e+04,4.16e+04,3.78e+04; 4.32e+04,4.31e+04,4.29e+04,3.91e+04; 4.44e+04,4.44e+04,4.42e+04,4.04e+04; 4.61e+04,4.61e+04,4.59e+04,4.04e+04; 4.68e+04,4.67e+04,4.65e+04,4.36e+04; 4.87e+04,4.87e+04,4.85e+04,4.28e+04; 4.96e+04,4.95e+04,4.93e+04,4.53e+04; 5.08e+04,5.07e+04,5.05e+04,4.68e+04; 5.21e+04,5.20e+04,5.18e+04,4.80e+04; 5.33e+04,5.33e+04,5.31e+04,4.93e+04; 5.46e+04,5.45e+04,5.43e+04,5.07e+04; 5.53e+04,5.53e+04,5.51e+04,5.35e+04; 5.63e+04,5.63e+04,5.61e+04,5.56e+04; 6.01e+04,6.00e+04,5.98e+04,4.95e+04; 5.96e+04,5.96e+04,5.94e+04,5.59e+04; 6.09e+04,6.08e+04,6.06e+04,5.73e+04; 6.23e+04,6.22e+04,6.20e+04,5.82e+04; 6.36e+04,6.35e+04,6.34e+04,5.93e+04; 6.46e+04,6.46e+04,6.44e+04,6.13e+04; 6.62e+04,6.61e+04,6.59e+04,6.18e+04; 6.72e+04,6.72e+04,6.70e+04,6.37e+04; 6.97e+04,6.96e+04,6.95e+04,6.14e+04; 6.97e+04,6.97e+04,6.95e+04,6.65e+04; 7.09e+04,7.09e+04,7.07e+04,6.79e+04; 7.21e+04,7.21e+04,7.19e+04,6.93e+04; 7.34e+04,7.34e+04,7.32e+04,7.06e+04; 7.48e+04,7.47e+04,7.46e+04,7.16e+04; 7.62e+04,7.61e+04,7.60e+04,7.25e+04; 7.75e+04,7.74e+04,7.72e+04,7.38e+04; 8.07e+04,8.07e+04,8.06e+04,6.90e+04; 7.98e+04,7.98e+04,7.96e+04,7.68e+04; 8.10e+04,8.09e+04,8.08e+04,7.85e+04; 8.23e+04,8.23e+04,8.22e+04,7.96e+04","24,22,24,24,24,24,24,24,24,24,38,24,24,22,24,24,24,28,24,22,22,24,28,24,28,24,22,38,28,38,22,28,28,24,28,22,38,24,38,24,28,24,38,28,38,24,28,28,24,28,24,24,38,38,38,38,24,28,22,22,28,24,28,24"
608,43.69,39.31,"17.46,20.41,23.70,26.07,27.78,29.23,31.29,33.76,35.44,35.91,35.99,37.28,38.04,38.61,39.22,39.93,41.68,41.44,41.53,42.08,42.91,43.51,42.60,43.92,44.68,44.98,44.84,45.22,44.04,47.38,46.05,46.76,50.16,51.29,52.95,59.02,57.43,61.21,64.96,63.65,64.71,70.18,69.37,74.35,76.12,77.37,82.51,84.75,92.88,89.50,97.71,98.33,102.79,104.65,113.57,110.51,116.01,120.92,123.03,129.86,132.95,135.03,135.17,139.22","1.24e+03,1.24e+03,1.24e+03,8.79e+02","12,7,12,12","6.63e+03; 8.12e+03,5.14e+03; 1.04e+04,9.52e+03; 1.35e+04,1.31e+04; 1.67e+04,1.64e+04; 1.59e+04,1.57e+04,8.18e+03; 1.63e+04,1.61e+04,1.39e+04; 1.80e+04,1.78e+04,1.72e+04; 2.02e+04,2.00e+04,1.95e+04; 2.24e+04,2.22e+04,2.17e+04; 2.37e+04,2.36e+04,2.30e+04,2.58e+03; 2.68e+04,2.67e+04,2.61e+04; 2.89e+04,2.88e+04,2.84e+04; 3.11e+04,3.10e+04,3.06e+04; 3.33e+04,3.32e+04,3.29e+04; 3.44e+04,3.43e+04,3.41e+04,3.38e+03; 3.77e+04,3.76e+04,3.74e+04; 3.82e+04,3.82e+04,3.80e+04,4.95e+03; 3.77e+04,3.76e+04,3.74e+04,1.34e+04; 3.67e+04,3.66e+04,3.64e+04,2.28e+04; 4.47e+04,4.46e+04,4.44e+04,5.57e+03; 4.80e+04,4.79e+04,4.77e+04,2.24e+03; 4.15e+04,4.15e+04,4.13e+04,2.81e+04; 4.37e+04,4.36e+04,4.35e+04,2.83e+04; 4.87e+04,4.86e+04,4.85e+04,2.00e+04; 4.99e+04,4.98e+04,4.98e+04,2.29e+04; 5.13e+04,5.13e+04,5.12e+04,2.52e+04; 5.05e+04,5.05e+04,5.04e+04,3.43e+04; 5.60e+04,5.60e+04,5.59e+04,2.43e+04; 5.47e+04,5.46e+04,5.46e+04,3.50e+04; 5.32e+04,5.32e+04,5.31e+04,4.60e+04; 5.74e+04,5.73e+04,5.73e+04,4.01e+04; 5.77e+04,5.77e+04,5.76e+04,4.58e+04; 6.14e+04,6.14e+04,6.13e+04,4.12e+04; 6.38e+04,6.37e+04,6.37e+04,4.09e+04; 6.41e+04,6.40e+04,6.40e+04,4.66e+04; 6.43e+04,6.43e+04,6.42e+04,5.24e+04; 6.60e+04,6.59e+04,6.59e+04,5.42e+04; 7.06e+04,7.06e+04,7.05e+04,4.69e+04; 6.70e+04,6.70e+04,6.69e+04,6.43e+04; 7.04e+04,7.03e+04,7.03e+04,6.09e+04; 7.31e+04,7.31e+04,7.30e+04,5.92e+04; 7.59e+04,7.59e+04,7.58e+04,5.75e+04; 7.79e+04,7.78e+04,7.78e+04,5.83e+04; 7.77e+04,7.77e+04,7.76e+04,6.53e+04; 7.98e+04,7.98e+04,7.97e+04,6.57e+04; 8.11e+04,8.11e+04,8.11e+04,6.83e+04; 8.27e+04,8.27e+04,8.26e+04,7.02e+04; 8.42e+04,8.42e+04,8.41e+04,7.24e+04; 8.48e+04,8.48e+04,8.47e+04,7.72e+04; 8.77e+04,8.77e+04,8.77e+04,7.51e+04; 8.85e+04,8.85e+04,8.85e+04,7.93e+04; 8.91e+04,8.91e+04,8.91e+04,8.41e+04; 9.25e+04,9.25e+04,9.25e+04,8.06e+04; 9.43e+04,9.43e+04,9.42e+04,8.18e+04; 9.44e+04,9.44e+04,9.43e+04,8.82e+04; 9.58e+04,9.58e+04,9.57e+04,9.06e+04; 9.85e+04,9.85e+04,9.85e+04,8.91e+04; 1.00e+05,1.00e+05,1.00e+05,8.99e+04; 1.00e+05,1.00e+05,1.00e+05,9.70e+04; 1.02e+05,1.02e+05,1.02e+05,9.72e+04; 1.05e+05,1.05e+05,1.05e+05,9.59e+04; 1.06e+05,1.06e+05,1.06e+05,9.96e+04; 1.08e+05,1.08e+05,1.08e+05,1.01e+05","22,22,22,22,16,22,22,22,22,16,28,16,22,16,38,16,22,16,28,38,16,16,22,16,38,28,16,22,16,38,16,22,22,28,22,16,22,22,28,28,16,22,28,22,16,16,16,16,16,22,38,16,22,28,38,28,22,28,16,16,22,16,38,38"
609,45.00,39.39,"16.81,22.83,26.66,29.07,30.85,31.97,33.33,34.95,35.56,35.96,35.80,37.77,38.19,39.68,40.25,40.39,41.73,41.64,41.42,42.42,45.89,45.11,45.93,46.96,48.84,48.73,52.08,53.40,55.75,58.37,63.62,62.20,71.46,72.57,77.77,80.56,86.81,88.13,93.70,96.12,98.43,103.64,108.29,112.57,118.62,121.57,128.14,129.20,133.06,142.21,142.81,150.82,155.73,161.40,168.51,169.87,173.53,183.81,187.03,192.57,197.06,199.07,206.37,210.63","1.51e+03,1.51e+03,1.50e+03,1.09e+03","15,4,15,15","8.05e+03; 8.26e+03,7.84e+03; 1.22e+04,1.20e+04; 1.61e+04,1.61e+04; 2.02e+04,2.01e+04; 2.15e+04,2.15e+04,5.33e+03; 2.23e+04,2.22e+04,1.18e+04; 2.37e+04,2.37e+04,1.71e+04; 2.67e+04,2.67e+04,1.91e+04; 2.89e+04,2.89e+04,2.28e+04; 2.74e+04,2.73e+04,1.95e+04,1.43e+04; 3.37e+04,3.36e+04,2.93e+04; 3.60e+04,3.59e+04,3.28e+04; 3.85e+04,3.85e+04,3.57e+04; 3.44e+04,3.44e+04,3.19e+04,2.01e+04; 3.72e+04,3.71e+04,3.49e+04,1.97e+04; 4.02e+04,4.02e+04,3.80e+04,1.84e+04; 3.92e+04,3.92e+04,3.72e+04,2.94e+04; 4.02e+04,4.02e+04,3.79e+04,3.46e+04; 4.84e+04,4.83e+04,4.69e+04,1.75e+04; 4.79e+04,4.79e+04,4.68e+04,2.66e+04; 4.55e+04,4.55e+04,4.43e+04,4.19e+04; 4.84e+04,4.83e+04,4.73e+04,4.12e+04; 5.12e+04,5.11e+04,5.02e+04,4.08e+04; 5.51e+04,5.51e+04,5.41e+04,3.69e+04; 5.56e+04,5.55e+04,5.46e+04,4.37e+04; 5.53e+04,5.53e+04,5.44e+04,5.24e+04; 6.04e+04,6.04e+04,5.97e+04,4.49e+04; 6.25e+04,6.25e+04,6.19e+04,4.66e+04; 6.62e+04,6.62e+04,6.56e+04,4.36e+04; 6.45e+04,6.44e+04,6.40e+04,5.67e+04; 6.57e+04,6.57e+04,6.52e+04,6.11e+04; 7.24e+04,7.24e+04,7.19e+04,4.90e+04; 6.98e+04,6.98e+04,6.93e+04,6.49e+04; 7.28e+04,7.28e+04,7.24e+04,6.38e+04; 7.38e+04,7.38e+04,7.35e+04,6.89e+04; 7.79e+04,7.78e+04,7.76e+04,6.47e+04; 8.19e+04,8.19e+04,8.16e+04,6.07e+04; 8.03e+04,8.03e+04,8.00e+04,7.36e+04; 8.28e+04,8.28e+04,8.25e+04,7.41e+04; 8.47e+04,8.47e+04,8.45e+04,7.63e+04; 8.72e+04,8.72e+04,8.70e+04,7.68e+04; 8.73e+04,8.73e+04,8.71e+04,8.45e+04; 8.97e+04,8.96e+04,8.94e+04,8.56e+04; 9.35e+04,9.35e+04,9.34e+04,8.20e+04; 9.30e+04,9.29e+04,9.28e+04,9.18e+04; 9.58e+04,9.58e+04,9.56e+04,9.14e+04; 9.76e+04,9.76e+04,9.74e+04,9.41e+04; 9.94e+04,9.94e+04,9.92e+04,9.66e+04; 1.02e+05,1.02e+05,1.01e+05,9.80e+04; 1.04e+05,1.04e+05,1.04e+05,9.92e+04; 1.06e+05,1.06e+05,1.06e+05,1.01e+05; 1.11e+05,1.11e+05,1.11e+05,9.42e+04; 1.09e+05,1.09e+05,1.09e+05,1.07e+05; 1.14e+05,1.14e+05,1.14e+05,1.02e+05; 1.13e+05,1.13e+05,1.13e+05,1.11e+05; 1.15e+05,1.15e+05,1.15e+05,1.13e+05; 1.20e+05,1.20e+05,1.20e+05,1.06e+05; 1.20e+05,1.20e+05,1.20e+05,1.15e+05; 1.22e+05,1.22e+05,1.22e+05,1.18e+05; 1.26e+05,1.26e+05,1.26e+05,1.12e+05; 1.25e+05,1.25e+05,1.25e+05,1.24e+05; 1.28e+05,1.28e+05,1.27e+05,1.25e+05; 1.30e+05,1.30e+05,1.30e+05,1.25e+05","22,22,22,22,22,22,22,22,15,24,15,30,30,30,24,22,15,30,15,30,30,15,30,22,24,24,22,22,15,30,30,30,15,22,30,22,22,22,22,22,24,30,22,24,22,30,24,30,22,22,22,22,30,30,30,22,22,30,24,30,15,30,24,30"
610,57.74,49.57,"18.02,23.60,27.29,29.75,32.09,34.46,37.00,39.24,40.01,40.96,41.26,42.52,43.09,44.50,45.05,46.21,46.68,47.70,48.40,48.05,48.26,50.11,49.97,51.35,51.38,51.52,54.16,51.48,54.43,55.30,55.24,57.00,54.14,58.18,60.11,61.20,62.49,62.21,64.09,67.93,69.67,71.09,73.01,76.92,79.68,79.66,86.86,85.98,88.63,90.88,94.71,94.04,99.28,100.95,105.62,107.20,114.23,116.01,119.91,121.83,124.63,128.04,131.67,132.58","1.28e+03,1.28e+03,1.28e+03,1.27e+03","12,4,4,12","9.17e+03; 9.42e+03,8.93e+03; 1.38e+04,1.37e+04; 1.84e+04,1.83e+04; 1.77e+04,1.77e+04,1.05e+04; 1.95e+04,1.94e+04,1.61e+04; 2.19e+04,2.19e+04,2.04e+04; 2.47e+04,2.47e+04,2.39e+04; 2.78e+04,2.78e+04,2.70e+04; 2.97e+04,2.97e+04,2.89e+04,3.47e+03; 2.73e+04,2.73e+04,2.65e+04,1.98e+04; 3.07e+04,3.07e+04,3.00e+04,1.87e+04; 3.18e+04,3.17e+04,3.11e+04,2.46e+04; 3.44e+04,3.44e+04,3.38e+04,2.59e+04; 3.65e+04,3.65e+04,3.59e+04,2.87e+04; 3.86e+04,3.85e+04,3.82e+04,3.14e+04; 4.09e+04,4.09e+04,4.06e+04,3.36e+04; 4.32e+04,4.32e+04,4.29e+04,3.57e+04; 4.56e+04,4.55e+04,4.52e+04,3.79e+04; 4.79e+04,4.78e+04,4.75e+04,4.02e+04; 5.08e+04,5.08e+04,5.05e+04,4.04e+04; 5.25e+04,5.25e+04,5.22e+04,4.46e+04; 5.45e+04,5.45e+04,5.42e+04,4.78e+04; 5.69e+04,5.69e+04,5.67e+04,4.95e+04; 5.93e+04,5.93e+04,5.91e+04,5.17e+04; 6.12e+04,6.12e+04,6.10e+04,5.51e+04; 6.35e+04,6.35e+04,6.33e+04,5.72e+04; 6.60e+04,6.60e+04,6.59e+04,5.89e+04; 6.85e+04,6.85e+04,6.84e+04,6.06e+04; 7.03e+04,7.03e+04,7.01e+04,6.45e+04; 7.26e+04,7.26e+04,7.24e+04,6.68e+04; 7.49e+04,7.49e+04,7.47e+04,6.90e+04; 7.72e+04,7.72e+04,7.71e+04,7.12e+04; 7.95e+04,7.95e+04,7.94e+04,7.34e+04; 8.18e+04,8.18e+04,8.17e+04,7.58e+04; 8.35e+04,8.35e+04,8.34e+04,7.97e+04; 8.64e+04,8.64e+04,8.63e+04,8.03e+04; 8.85e+04,8.85e+04,8.84e+04,8.33e+04; 9.09e+04,9.09e+04,9.08e+04,8.52e+04; 9.29e+04,9.29e+04,9.29e+04,8.81e+04; 9.53e+04,9.53e+04,9.53e+04,9.02e+04; 9.76e+04,9.75e+04,9.75e+04,9.26e+04; 1.00e+05,1.00e+05,9.99e+04,9.46e+04; 1.02e+05,1.02e+05,1.02e+05,9.73e+04; 1.04e+05,1.04e+05,1.04e+05,9.95e+04; 1.06e+05,1.06e+05,1.06e+05,1.03e+05; 1.10e+05,1.10e+05,1.10e+05,1.02e+05; 1.11e+05,1.11e+05,1.11e+05,1.06e+05; 1.14e+05,1.14e+05,1.14e+05,1.09e+05; 1.16e+05,1.16e+05,1.16e+05,1.11e+05; 1.18e+05,1.18e+05,1.18e+05,1.13e+05; 1.21e+05,1.21e+05,1.21e+05,1.15e+05; 1.23e+05,1.23e+05,1.23e+05,1.17e+05; 1.25e+05,1.25e+05,1.25e+05,1.20e+05; 1.28e+05,1.28e+05,1.28e+05,1.21e+05; 1.30e+05,1.30e+05,1.30e+05,1.25e+05; 1.32e+05,1.32e+05,1.32e+05,1.27e+05; 1.34e+05,1.34e+05,1.34e+05,1.29e+05; 1.36e+05,1.36e+05,1.36e+05,1.32e+05; 1.39e+05,1.39e+05,1.39e+05,1.33e+05; 1.41e+05,1.41e+05,1.41e+05,1.36e+05; 1.43e+05,1.43e+05,1.43e+05,1.38e+05; 1.46e+05,1.46e+05,1.46e+05,1.41e+05; 1.48e+05,1.48e+05,1.48e+05,1.43e+05","22,22,22,22,22,22,22,22,22,18,16,22,16,16,16,22,22,18,18,22,20,16,22,20,18,16,20,22,16,16,18,18,22,22,22,16,18,22,22,22,18,20,22,16,22,22,22,18,20,22,22,22,18,22,22,22,22,16,18,20,22,22,18,16"
611,47.54,40.12,"17.76,20.51,23.52,25.76,27.35,28.55,29.66,29.71,31.27,30.98,31.63,33.10,33.79,34.05,34.80,34.65,35.54,35.84,36.45,37.50,37.25,38.01,38.87,38.85,39.08,40.86,41.70,39.62,38.91,40.94,42.86,41.79,41.05,42.25,43.03,43.59,41.13,45.21,46.39,49.33,47.21,50.56,53.28,52.23,54.44,55.22,59.42,62.93,61.57,65.50,64.06,71.89,71.61,73.92,79.19,79.59,88.06,89.54,91.48,96.47,97.11,101.98,103.55,107.05","1.03e+03,1.03e+03,1.02e+03,1.01e+03","8,8,8,0","6.83e+03; 8.69e+03,4.98e+03; 1.09e+04,9.64e+03; 1.40e+04,1.33e+04; 1.73e+04,1.69e+04; 2.07e+04,2.03e+04; 2.40e+04,2.38e+04; 2.35e+04,2.33e+04,7.81e+03; 3.08e+04,3.07e+04; 3.42e+04,3.41e+04; 2.82e+04,2.80e+04,1.23e+04,6.58e+03; 2.99e+04,2.97e+04,2.24e+04; 3.18e+04,3.16e+04,2.54e+04; 3.37e+04,3.35e+04,2.85e+04; 3.60e+04,3.58e+04,3.07e+04; 3.33e+04,3.31e+04,2.75e+04,1.54e+04; 3.52e+04,3.50e+04,2.96e+04,1.63e+04; 3.89e+04,3.87e+04,3.34e+04,1.20e+04; 4.17e+04,4.15e+04,3.51e+04,1.14e+04; 4.54e+04,4.52e+04,3.06e+04,1.54e+04; 4.51e+04,4.49e+04,3.82e+04,1.53e+04; 4.43e+04,4.42e+04,4.01e+04,2.17e+04; 4.58e+04,4.57e+04,4.22e+04,2.33e+04; 4.64e+04,4.63e+04,4.19e+04,2.93e+04; 4.75e+04,4.74e+04,4.41e+04,3.18e+04; 5.08e+04,5.06e+04,4.70e+04,2.92e+04; 5.34e+04,5.33e+04,4.80e+04,2.97e+04; 5.86e+04,5.85e+04,4.33e+04,3.09e+04; 5.59e+04,5.57e+04,5.13e+04,3.51e+04; 5.79e+04,5.78e+04,5.44e+04,3.48e+04; 5.92e+04,5.90e+04,5.44e+04,3.91e+04; 5.98e+04,5.97e+04,5.51e+04,4.40e+04; 6.31e+04,6.29e+04,5.95e+04,3.99e+04; 6.23e+04,6.22e+04,5.87e+04,4.90e+04; 6.56e+04,6.55e+04,6.20e+04,4.59e+04; 6.92e+04,6.91e+04,6.04e+04,4.71e+04; 6.85e+04,6.84e+04,6.53e+04,5.06e+04; 6.85e+04,6.84e+04,6.54e+04,5.73e+04; 7.03e+04,7.02e+04,6.74e+04,5.86e+04; 7.23e+04,7.22e+04,6.84e+04,6.03e+04; 7.48e+04,7.47e+04,7.10e+04,5.96e+04; 7.78e+04,7.76e+04,7.33e+04,5.83e+04; 7.85e+04,7.83e+04,7.47e+04,6.22e+04; 7.85e+04,7.83e+04,7.19e+04,7.19e+04; 8.11e+04,8.09e+04,7.78e+04,6.76e+04; 8.08e+04,8.07e+04,7.80e+04,7.47e+04; 8.41e+04,8.40e+04,8.15e+04,7.14e+04; 8.52e+04,8.51e+04,8.26e+04,7.50e+04; 8.60e+04,8.59e+04,8.32e+04,7.96e+04; 8.77e+04,8.76e+04,8.49e+04,8.13e+04; 9.08e+04,9.07e+04,8.77e+04,7.92e+04; 9.24e+04,9.23e+04,8.73e+04,8.32e+04; 9.50e+04,9.49e+04,8.65e+04,8.56e+04; 9.38e+04,9.37e+04,9.13e+04,9.00e+04; 9.68e+04,9.67e+04,9.43e+04,8.78e+04; 9.74e+04,9.73e+04,9.48e+04,9.29e+04; 9.98e+04,9.97e+04,9.73e+04,9.26e+04; 1.01e+05,1.01e+05,9.88e+04,9.52e+04; 1.04e+05,1.04e+05,1.01e+05,9.49e+04; 1.05e+05,1.05e+05,1.01e+05,9.90e+04; 1.07e+05,1.07e+05,1.02e+05,1.01e+05; 1.09e+05,1.09e+05,1.05e+05,1.01e+05; 1.10e+05,1.10e+05,1.07e+05,1.04e+05; 1.11e+05,1.11e+05,1.08e+05,1.07e+05","31,31,31,31,31,31,31,31,31,47,63,63,63,63,47,63,31,31,14,31,31,63,63,14,47,14,31,31,14,14,47,47,14,47,31,31,63,31,63,63,63,47,31,31,47,31,31,47,14,63,31,31,31,31,47,31,31,31,31,63,31,31,31,31"
612,51.71,44.71,"18.62,26.03,29.55,31.78,33.86,36.21,38.12,39.82,41.58,41.34,40.72,43.18,43.33,42.01,42.34,44.82,46.31,46.78,45.81,48.20,48.40,50.15,50.92,51.47,52.91,52.25,53.33,57.92,59.52,57.03,59.51,61.99,65.22,66.67,69.52,68.35,73.82,74.72,75.98,80.31,85.54,84.90,92.25,94.59,96.44,97.63,99.90,106.11,107.69,114.65,112.57,115.77,118.16,119.74,120.25,123.52,123.35,128.24,134.04,131.88,140.11,141.73,152.43,152.07","1.37e+03,1.37e+03,1.37e+03,1.32e+03","8,8,6,8","8.54e+03; 8.60e+03,8.48e+03; 1.28e+04,1.28e+04; 1.71e+04,1.71e+04; 1.60e+04,1.60e+04,1.08e+04; 1.76e+04,1.76e+04,1.55e+04,6.00e+02; 2.02e+04,2.02e+04,1.93e+04; 2.30e+04,2.30e+04,2.24e+04; 2.58e+04,2.58e+04,2.52e+04; 2.87e+04,2.87e+04,2.81e+04; 2.46e+04,2.46e+04,2.39e+04,2.09e+04; 3.35e+04,3.35e+04,3.30e+04,2.43e+03; 3.59e+04,3.58e+04,3.53e+04,4.02e+03; 3.52e+04,3.51e+04,3.46e+04,1.47e+04; 3.51e+04,3.50e+04,3.45e+04,2.35e+04; 3.84e+04,3.84e+04,3.80e+04,2.19e+04; 4.27e+04,4.27e+04,4.24e+04,1.73e+04; 3.94e+04,3.94e+04,3.90e+04,3.59e+04; 4.66e+04,4.66e+04,4.63e+04,2.27e+04; 4.47e+04,4.47e+04,4.44e+04,3.71e+04; 5.17e+04,5.17e+04,5.14e+04,2.45e+04; 5.33e+04,5.33e+04,5.30e+04,2.83e+04; 5.20e+04,5.20e+04,5.18e+04,4.07e+04; 5.22e+04,5.22e+04,5.20e+04,4.85e+04; 5.63e+04,5.63e+04,5.61e+04,4.49e+04; 5.93e+04,5.93e+04,5.90e+04,4.45e+04; 5.89e+04,5.89e+04,5.86e+04,5.42e+04; 6.47e+04,6.47e+04,6.44e+04,4.53e+04; 6.47e+04,6.47e+04,6.45e+04,5.38e+04; 6.53e+04,6.53e+04,6.52e+04,6.04e+04; 6.80e+04,6.80e+04,6.78e+04,6.09e+04; 7.02e+04,7.02e+04,7.00e+04,6.29e+04; 7.17e+04,7.17e+04,7.15e+04,6.70e+04; 7.35e+04,7.35e+04,7.33e+04,7.00e+04; 7.59e+04,7.59e+04,7.57e+04,7.14e+04; 7.98e+04,7.98e+04,7.96e+04,6.82e+04; 8.24e+04,8.24e+04,8.23e+04,6.89e+04; 8.27e+04,8.26e+04,8.25e+04,7.67e+04; 8.77e+04,8.77e+04,8.76e+04,7.00e+04; 8.70e+04,8.70e+04,8.69e+04,8.08e+04; 8.85e+04,8.85e+04,8.84e+04,8.46e+04; 9.18e+04,9.18e+04,9.17e+04,8.35e+04; 9.32e+04,9.32e+04,9.31e+04,8.77e+04; 9.57e+04,9.57e+04,9.56e+04,8.87e+04; 9.79e+04,9.79e+04,9.78e+04,9.08e+04; 9.94e+04,9.94e+04,9.93e+04,9.47e+04; 1.03e+05,1.03e+05,1.03e+05,9.36e+04; 1.04e+05,1.04e+05,1.04e+05,9.72e+04; 1.06e+05,1.06e+05,1.06e+05,9.99e+04; 1.08e+05,1.08e+05,1.08e+05,1.03e+05; 1.11e+05,1.11e+05,1.10e+05,1.04e+05; 1.13e+05,1.13e+05,1.13e+05,1.06e+05; 1.15e+05,1.15e+05,1.15e+05,1.08e+05; 1.18e+05,1.18e+05,1.17e+05,1.09e+05; 1.18e+05,1.18e+05,1.18e+05,1.15e+05; 1.21e+05,1.21e+05,1.21e+05,1.16e+05; 1.23e+05,1.23e+05,1.23e+05,1.17e+05; 1.25e+05,1.25e+05,1.25e+05,1.20e+05; 1.27e+05,1.27e+05,1.27e+05,1.22e+05; 1.30e+05,1.30e+05,1.30e+05,1.23e+05; 1.32e+05,1.32e+05,1.32e+05,1.26e+05; 1.34e+05,1.34e+05,1.34e+05,1.26e+05; 1.35e+05,1.35e+05,1.35e+05,1.33e+05; 1.38e+05,1.38e+05,1.38e+05,1.33e+05","22,22,22,22,22,22,22,22,16,10,16,22,12,16,12,22,22,10,22,22,16,22,22,16,12,22,16,10,22,12,22,10,22,12,12,22,10,10,22,22,22,16,22,10,16,22,12,22,22,22,16,12,10,12,12,12,22,22,10,16,22,22,22,16"
613,50.62,46.42,"18.80,24.08,27.65,29.89,32.37,35.02,37.11,39.83,41.10,41.32,41.65,42.49,43.27,43.53,43.84,44.21,43.39,46.03,46.72,48.99,49.31,49.09,52.22,53.26,53.33,55.02,55.12,58.62,59.87,59.82,63.52,64.92,69.71,72.46,76.36,79.32,82.55,85.47,86.39,95.80,93.82,99.85,105.65,107.47,114.05,114.41,118.74,122.25,123.62,128.03,132.53,138.67,140.97,143.67,150.69,151.96,153.56,160.10,163.41,168.48,174.40,179.30,185.56,186.22","2.05e+03,2.05e+03,2.05e+03,2.01e+03","11,3,11,5","1.30e+04; 1.34e+04,1.26e+04; 1.97e+04,1.94e+04; 2.61e+04,2.60e+04; 2.47e+04,2.46e+04,1.58e+04; 2.70e+04,2.69e+04,2.42e+04; 3.09e+04,3.08e+04,2.94e+04; 3.47e+04,3.47e+04,3.43e+04,4.05e+02; 3.83e+04,3.83e+04,3.79e+04,2.74e+03; 4.34e+04,4.34e+04,4.30e+04,3.35e+02; 3.82e+04,3.82e+04,3.78e+04,2.90e+04; 4.80e+04,4.80e+04,4.76e+04,1.27e+04; 5.29e+04,5.29e+04,5.25e+04,1.09e+04; 5.22e+04,5.22e+04,5.18e+04,2.60e+04; 5.50e+04,5.49e+04,5.46e+04,3.07e+04; 5.86e+04,5.86e+04,5.84e+04,3.26e+04; 6.39e+04,6.39e+04,6.37e+04,2.98e+04; 6.66e+04,6.65e+04,6.63e+04,3.49e+04; 6.50e+04,6.50e+04,6.47e+04,5.26e+04; 7.24e+04,7.24e+04,7.22e+04,4.34e+04; 7.18e+04,7.18e+04,7.16e+04,5.82e+04; 7.87e+04,7.87e+04,7.85e+04,5.04e+04; 8.19e+04,8.19e+04,8.17e+04,5.39e+04; 8.67e+04,8.67e+04,8.66e+04,5.24e+04; 8.71e+04,8.70e+04,8.69e+04,6.44e+04; 9.57e+04,9.57e+04,9.55e+04,5.16e+04; 9.07e+04,9.07e+04,9.05e+04,7.95e+04; 9.38e+04,9.38e+04,9.37e+04,8.32e+04; 9.94e+04,9.94e+04,9.93e+04,7.93e+04; 9.99e+04,9.98e+04,9.97e+04,9.11e+04; 1.02e+05,1.02e+05,1.02e+05,9.79e+04; 1.12e+05,1.12e+05,1.12e+05,8.09e+04; 1.14e+05,1.14e+05,1.13e+05,8.91e+04; 1.16e+05,1.16e+05,1.16e+05,9.56e+04; 1.16e+05,1.16e+05,1.16e+05,1.07e+05; 1.20e+05,1.20e+05,1.20e+05,1.07e+05; 1.21e+05,1.21e+05,1.21e+05,1.19e+05; 1.25e+05,1.25e+05,1.25e+05,1.20e+05; 1.31e+05,1.31e+05,1.31e+05,1.14e+05; 1.36e+05,1.36e+05,1.36e+05,1.12e+05; 1.38e+05,1.38e+05,1.38e+05,1.21e+05; 1.41e+05,1.41e+05,1.41e+05,1.25e+05; 1.45e+05,1.45e+05,1.45e+05,1.26e+05; 1.48e+05,1.48e+05,1.48e+05,1.30e+05; 1.50e+05,1.50e+05,1.50e+05,1.36e+05; 1.55e+05,1.55e+05,1.55e+05,1.33e+05; 1.56e+05,1.56e+05,1.56e+05,1.43e+05; 1.58e+05,1.58e+05,1.58e+05,1.51e+05; 1.63e+05,1.63e+05,1.63e+05,1.49e+05; 1.64e+05,1.64e+05,1.64e+05,1.57e+05; 1.67e+05,1.67e+05,1.67e+05,1.62e+05; 1.75e+05,1.75e+05,1.75e+05,1.51e+05; 1.74e+05,1.74e+05,1.74e+05,1.68e+05; 1.82e+05,1.82e+05,1.82e+05,1.58e+05; 1.80e+05,1.80e+05,1.80e+05,1.75e+05; 1.84e+05,1.84e+05,1.84e+05,1.77e+05; 1.89e+05,1.89e+05,1.89e+05,1.75e+05; 1.92e+05,1.92e+05,1.92e+05,1.80e+05; 1.96e+05,1.96e+05,1.96e+05,1.81e+05; 1.96e+05,1.96e+05,1.96e+05,1.93e+05; 2.02e+05,2.02e+05,2.02e+05,1.87e+05; 2.03e+05,2.03e+05,2.03e+05,1.97e+05; 2.08e+05,2.08e+05,2.08e+05,1.97e+05; 2.10e+05,2.10e+05,2.10e+05,2.04e+05","23,23,23,23,23,23,21,23,23,23,23,17,6,6,17,23,6,23,21,23,23,6,23,23,17,17,6,6,17,23,23,17,6,23,23,6,23,23,23,17,6,23,21,23,17,21,17,6,21,6,21,21,6,6,23,6,21,6,23,21,23,21,21,21"
614,54.67,43.20,"15.19,19.20,22.79,25.36,27.33,28.88,30.40,31.92,33.01,33.93,34.82,35.89,36.41,36.96,37.65,38.17,38.98,39.42,39.47,40.91,40.99,41.32,42.00,42.67,42.89,43.03,42.93,44.26,44.51,44.80,46.36,46.22,45.83,46.47,47.17,46.82,49.03,47.35,49.47,50.23,49.10,50.24,50.31,49.72,51.17,50.75,48.31,50.18,52.74,54.76,57.14,54.07,54.57,59.08,59.06,57.59,59.83,60.31,69.03,67.99,65.72,68.71,71.18,75.75","5.11e+02,5.11e+02,5.07e+02,5.06e+02","7,12,7,7","3.58e+03; 3.99e+03,3.17e+03; 5.50e+03,5.23e+03; 7.22e+03,7.09e+03; 8.98e+03,8.91e+03; 9.69e+03,9.64e+03,2.14e+03; 1.00e+04,9.97e+03,5.08e+03; 1.07e+04,1.07e+04,7.20e+03; 1.16e+04,1.15e+04,9.09e+03; 1.26e+04,1.26e+04,1.06e+04; 1.37e+04,1.37e+04,1.20e+04; 1.48e+04,1.48e+04,1.34e+04; 1.58e+04,1.58e+04,1.47e+04,2.37e+02; 1.59e+04,1.59e+04,1.48e+04,3.46e+03; 1.63e+04,1.63e+04,1.52e+04,5.77e+03; 1.72e+04,1.71e+04,1.61e+04,6.87e+03; 1.79e+04,1.79e+04,1.70e+04,8.10e+03; 1.89e+04,1.89e+04,1.81e+04,8.43e+03; 1.90e+04,1.90e+04,1.83e+04,1.16e+04; 2.07e+04,2.07e+04,2.01e+04,1.01e+04; 2.19e+04,2.19e+04,2.13e+04,1.00e+04; 2.19e+04,2.19e+04,2.13e+04,1.36e+04; 2.30e+04,2.30e+04,2.24e+04,1.39e+04; 2.38e+04,2.38e+04,2.33e+04,1.49e+04; 2.46e+04,2.46e+04,2.42e+04,1.60e+04; 2.55e+04,2.55e+04,2.51e+04,1.69e+04; 2.63e+04,2.63e+04,2.59e+04,1.80e+04; 2.74e+04,2.73e+04,2.70e+04,1.85e+04; 2.95e+04,2.95e+04,2.91e+04,1.57e+04; 3.02e+04,3.02e+04,2.99e+04,1.71e+04; 3.01e+04,3.01e+04,2.98e+04,2.10e+04; 3.09e+04,3.09e+04,3.06e+04,2.20e+04; 3.19e+04,3.19e+04,3.16e+04,2.27e+04; 3.26e+04,3.25e+04,3.23e+04,2.42e+04; 3.35e+04,3.35e+04,3.33e+04,2.50e+04; 3.45e+04,3.45e+04,3.43e+04,2.54e+04; 3.63e+04,3.63e+04,3.61e+04,2.36e+04; 3.69e+04,3.69e+04,3.67e+04,2.55e+04; 3.67e+04,3.67e+04,3.65e+04,2.97e+04; 3.79e+04,3.79e+04,3.78e+04,2.95e+04; 3.88e+04,3.88e+04,3.86e+04,3.05e+04; 3.98e+04,3.97e+04,3.96e+04,3.12e+04; 4.00e+04,4.00e+04,3.98e+04,3.41e+04; 4.20e+04,4.20e+04,4.19e+04,3.16e+04; 4.28e+04,4.28e+04,4.27e+04,3.26e+04; 4.26e+04,4.26e+04,4.25e+04,3.69e+04; 4.38e+04,4.38e+04,4.37e+04,3.68e+04; 4.48e+04,4.48e+04,4.47e+04,3.75e+04; 4.56e+04,4.56e+04,4.55e+04,3.86e+04; 4.63e+04,4.63e+04,4.62e+04,4.01e+04; 4.71e+04,4.71e+04,4.70e+04,4.12e+04; 4.80e+04,4.80e+04,4.79e+04,4.22e+04; 4.93e+04,4.93e+04,4.93e+04,4.17e+04; 5.02e+04,5.02e+04,5.01e+04,4.26e+04; 5.06e+04,5.06e+04,5.05e+04,4.50e+04; 5.12e+04,5.12e+04,5.11e+04,4.68e+04; 5.28e+04,5.28e+04,5.27e+04,4.56e+04; 5.36e+04,5.36e+04,5.35e+04,4.68e+04; 5.43e+04,5.43e+04,5.43e+04,4.82e+04; 5.53e+04,5.53e+04,5.53e+04,4.87e+04; 5.62e+04,5.62e+04,5.61e+04,4.98e+04; 5.72e+04,5.72e+04,5.72e+04,5.03e+04; 5.79e+04,5.79e+04,5.79e+04,5.17e+04; 5.91e+04,5.91e+04,5.91e+04,5.17e+04","6,6,6,6,6,6,6,6,6,6,6,23,23,6,23,23,21,21,21,21,11,23,6,6,23,21,11,6,21,6,11,21,21,23,6,6,21,21,6,6,11,21,6,23,23,11,21,23,11,6,21,23,6,21,6,11,11,23,6,6,6,6,23,23"
615,47.12,39.18,"16.92,19.19,21.95,24.60,26.66,28.32,29.98,31.70,32.44,33.13,33.95,35.11,35.55,36.14,36.64,38.06,38.25,38.31,39.02,39.67,39.86,41.01,39.73,41.36,41.27,42.53,41.30,42.41,43.74,43.48,42.99,43.78,44.56,45.66,44.16,46.60,48.55,45.76,46.83,48.19,51.34,48.52,49.76,51.61,51.37,53.84,54.72,56.27,57.82,59.02,60.76,60.09,63.63,63.52,65.90,68.67,70.23,72.13,70.02,75.11,72.15,75.69,78.76,77.91","5.86e+02,5.85e+02,5.74e+02,5.72e+02","6,12,4,6","3.79e+03; 6.71e+03,8.75e+02; 6.35e+03,5.02e+03; 7.82e+03,7.34e+03; 9.59e+03,9.36e+03; 1.14e+04,1.13e+04; 1.03e+04,1.02e+04,5.99e+03; 1.09e+04,1.09e+04,8.52e+03; 1.22e+04,1.22e+04,9.72e+03; 1.35e+04,1.34e+04,1.10e+04; 1.47e+04,1.47e+04,1.23e+04; 1.57e+04,1.57e+04,1.41e+04; 1.69e+04,1.68e+04,1.56e+04; 1.81e+04,1.81e+04,1.69e+04; 1.93e+04,1.93e+04,1.82e+04; 2.03e+04,2.03e+04,1.94e+04,6.84e+02; 2.18e+04,2.18e+04,2.09e+04; 2.30e+04,2.29e+04,2.20e+04,2.95e+02; 2.34e+04,2.33e+04,2.24e+04,2.95e+03; 2.48e+04,2.48e+04,2.39e+04,2.31e+03; 2.62e+04,2.61e+04,2.55e+04,1.80e+03; 2.80e+04,2.80e+04,2.74e+04; 2.83e+04,2.83e+04,2.77e+04,2.94e+03; 2.74e+04,2.74e+04,2.69e+04,9.28e+03; 2.86e+04,2.85e+04,2.81e+04,9.60e+03; 2.83e+04,2.83e+04,2.79e+04,1.41e+04; 2.93e+04,2.92e+04,2.88e+04,1.50e+04; 3.25e+04,3.25e+04,3.21e+04,9.16e+03; 3.36e+04,3.36e+04,3.32e+04,9.55e+03; 3.19e+04,3.19e+04,3.16e+04,1.84e+04; 3.19e+04,3.19e+04,3.16e+04,2.22e+04; 3.27e+04,3.27e+04,3.25e+04,2.34e+04; 3.63e+04,3.63e+04,3.61e+04,1.64e+04; 3.47e+04,3.47e+04,3.45e+04,2.50e+04; 3.49e+04,3.49e+04,3.47e+04,2.81e+04; 3.54e+04,3.54e+04,3.52e+04,3.05e+04; 3.99e+04,3.99e+04,3.97e+04,2.08e+04; 3.88e+04,3.88e+04,3.86e+04,2.78e+04; 3.90e+04,3.90e+04,3.89e+04,3.09e+04; 4.00e+04,4.00e+04,3.99e+04,3.17e+04; 4.17e+04,4.17e+04,4.15e+04,3.06e+04; 4.33e+04,4.33e+04,4.32e+04,2.94e+04; 4.29e+04,4.28e+04,4.27e+04,3.46e+04; 4.56e+04,4.56e+04,4.55e+04,3.02e+04; 4.52e+04,4.52e+04,4.51e+04,3.52e+04; 4.51e+04,4.51e+04,4.50e+04,3.92e+04; 4.70e+04,4.70e+04,4.69e+04,3.73e+04; 4.88e+04,4.88e+04,4.87e+04,3.57e+04; 5.01e+04,5.01e+04,5.00e+04,3.56e+04; 4.98e+04,4.98e+04,4.97e+04,4.02e+04; 5.16e+04,5.16e+04,5.16e+04,3.85e+04; 5.10e+04,5.10e+04,5.09e+04,4.42e+04; 5.67e+04,5.67e+04,5.66e+04,3.08e+04; 5.44e+04,5.44e+04,5.43e+04,4.15e+04; 5.46e+04,5.46e+04,5.45e+04,4.47e+04; 5.68e+04,5.68e+04,5.67e+04,4.21e+04; 5.74e+04,5.73e+04,5.73e+04,4.41e+04; 5.76e+04,5.76e+04,5.75e+04,4.71e+04; 5.88e+04,5.87e+04,5.87e+04,4.75e+04; 6.05e+04,6.05e+04,6.05e+04,4.60e+04; 6.07e+04,6.06e+04,6.06e+04,4.94e+04; 6.17e+04,6.17e+04,6.16e+04,5.01e+04; 6.24e+04,6.23e+04,6.23e+04,5.18e+04; 6.27e+04,6.27e+04,6.26e+04,5.47e+04","6,6,6,6,6,6,6,6,22,6,6,6,6,22,6,6,54,54,38,38,6,38,38,6,6,22,54,22,22,6,54,6,6,6,38,22,54,38,54,54,38,38,22,6,6,22,6,54,22,6,38,6,38,6,54,54,6,38,22,54,54,6,6,54"
616,46.41,38.00,"16.70,19.42,22.66,25.15,26.99,28.43,29.49,30.95,32.78,33.64,33.99,34.94,35.73,36.22,36.56,37.96,38.62,39.21,38.96,39.74,40.63,40.10,41.37,41.24,42.04,42.56,42.95,42.25,43.02,42.68,43.73,43.79,45.53,45.27,45.77,44.91,45.85,47.06,46.01,44.30,45.10,47.30,48.09,47.17,48.36,48.04,48.13,49.04,48.77,51.67,50.74,51.41,56.40,53.46,56.21,52.93,55.62,55.25,54.60,58.03,60.25,62.08,61.41,64.07","2.26e+02,2.26e+02,2.23e+02,2.22e+02","7,15,7,1","1.43e+03; 1.82e+03,1.03e+03; 2.24e+03,2.03e+03; 2.90e+03,2.81e+03; 3.59e+03,3.54e+03; 4.29e+03,4.26e+03; 4.78e+03,4.76e+03,4.44e+02; 4.63e+03,4.62e+03,2.15e+03; 4.59e+03,4.58e+03,3.65e+03; 5.05e+03,5.04e+03,4.17e+03; 5.51e+03,5.50e+03,4.66e+03; 5.96e+03,5.95e+03,5.20e+03; 6.39e+03,6.38e+03,5.77e+03; 6.84e+03,6.83e+03,6.28e+03; 7.30e+03,7.29e+03,6.78e+03; 7.77e+03,7.76e+03,7.28e+03; 8.18e+03,8.18e+03,7.87e+03; 8.66e+03,8.65e+03,8.35e+03; 8.25e+03,8.24e+03,7.93e+03,2.67e+03; 9.60e+03,9.59e+03,9.31e+03; 1.01e+04,1.01e+04,9.82e+03; 1.02e+04,1.02e+04,9.94e+03,1.06e+03; 1.10e+04,1.10e+04,1.08e+04; 1.11e+04,1.11e+04,1.08e+04,1.24e+03; 1.10e+04,1.10e+04,1.08e+04,2.89e+03; 1.15e+04,1.15e+04,1.13e+04,2.68e+03; 1.16e+04,1.16e+04,1.14e+04,3.93e+03; 1.23e+04,1.23e+04,1.21e+04,3.16e+03; 1.28e+04,1.28e+04,1.27e+04,3.05e+03; 1.36e+04,1.36e+04,1.35e+04,2.07e+03; 1.33e+04,1.33e+04,1.31e+04,4.46e+03; 1.30e+04,1.30e+04,1.29e+04,6.73e+03; 1.48e+04,1.48e+04,1.47e+04,2.82e+03; 1.45e+04,1.45e+04,1.44e+04,5.02e+03; 1.47e+04,1.47e+04,1.46e+04,5.89e+03; 1.50e+04,1.50e+04,1.49e+04,6.47e+03; 1.62e+04,1.62e+04,1.61e+04,4.18e+03; 1.58e+04,1.58e+04,1.57e+04,6.89e+03; 1.70e+04,1.70e+04,1.69e+04,4.69e+03; 1.61e+04,1.61e+04,1.61e+04,8.68e+03; 1.67e+04,1.67e+04,1.66e+04,8.47e+03; 1.68e+04,1.68e+04,1.67e+04,9.57e+03; 1.76e+04,1.76e+04,1.75e+04,8.66e+03; 1.88e+04,1.88e+04,1.87e+04,6.39e+03; 1.85e+04,1.85e+04,1.84e+04,8.82e+03; 1.99e+04,1.99e+04,1.99e+04,5.88e+03; 1.84e+04,1.84e+04,1.83e+04,1.19e+04; 1.84e+04,1.84e+04,1.83e+04,1.34e+04; 1.91e+04,1.91e+04,1.91e+04,1.25e+04; 1.96e+04,1.96e+04,1.95e+04,1.26e+04; 1.92e+04,1.92e+04,1.91e+04,1.53e+04; 1.97e+04,1.97e+04,1.97e+04,1.50e+04; 2.10e+04,2.10e+04,2.09e+04,1.27e+04; 2.07e+04,2.07e+04,2.07e+04,1.49e+04; 2.11e+04,2.11e+04,2.10e+04,1.52e+04; 2.17e+04,2.17e+04,2.17e+04,1.47e+04; 2.17e+04,2.17e+04,2.16e+04,1.63e+04; 2.23e+04,2.23e+04,2.22e+04,1.59e+04; 2.22e+04,2.22e+04,2.21e+04,1.77e+04; 2.26e+04,2.26e+04,2.26e+04,1.77e+04; 2.35e+04,2.35e+04,2.35e+04,1.64e+04; 2.41e+04,2.41e+04,2.41e+04,1.61e+04; 2.50e+04,2.50e+04,2.50e+04,1.48e+04; 2.43e+04,2.43e+04,2.43e+04,1.83e+04","6,6,6,6,6,6,6,6,6,6,12,6,6,6,6,6,6,29,6,29,6,31,12,31,6,12,31,29,29,12,29,31,6,31,6,12,31,6,6,31,31,6,29,29,31,6,29,6,29,29,31,31,31,6,29,6,29,12,29,31,31,12,12,6"
617,37.20,30.35,"15.34,17.50,18.83,20.46,22.12,23.54,24.81,25.76,26.41,27.20,27.66,28.13,28.43,28.91,29.18,29.60,29.83,30.32,30.81,30.88,31.32,31.35,31.81,32.00,32.31,32.48,32.60,32.96,32.90,33.59,33.67,33.85,33.90,34.38,34.76,34.76,35.21,34.77,35.44,35.77,35.52,36.22,35.85,36.66,36.19,36.88,36.44,36.64,37.62,37.20,39.08,37.97,37.50,37.86,37.89,38.61,38.90,39.60,39.21,39.28,38.49,39.63,39.27,39.87","1.09e+02,1.08e+02,1.07e+02,8.71e+01","7,5,7,7","6.54e+02; 1.31e+03; 1.76e+03,2.02e+02; 1.61e+03,1.01e+03; 1.78e+03,1.49e+03; 2.05e+03,1.88e+03; 2.35e+03,2.24e+03; 2.66e+03,2.58e+03; 2.98e+03,2.91e+03; 3.30e+03,3.24e+03; 3.63e+03,3.57e+03; 3.95e+03,3.90e+03; 4.27e+03,4.22e+03,1.94e+01; 4.21e+03,4.16e+03,8.00e+02; 4.49e+03,4.45e+03,8.80e+02; 4.73e+03,4.69e+03,1.06e+03; 4.79e+03,4.75e+03,1.58e+03; 5.21e+03,5.18e+03,1.39e+03; 5.32e+03,5.28e+03,1.84e+03; 5.63e+03,5.60e+03,1.44e+03,4.20e+02; 5.53e+03,5.50e+03,2.26e+03,4.53e+02; 5.71e+03,5.67e+03,3.02e+03; 5.90e+03,5.86e+03,3.21e+03,8.63e+01; 6.11e+03,6.07e+03,3.50e+03,2.61e+01; 6.17e+03,6.14e+03,3.64e+03,4.13e+02; 6.19e+03,6.16e+03,2.43e+03,2.23e+03; 6.77e+03,6.74e+03,3.02e+03,1.14e+03; 6.85e+03,6.81e+03,2.83e+03,1.83e+03; 6.91e+03,6.88e+03,3.96e+03,1.23e+03; 6.94e+03,6.91e+03,4.38e+03,1.41e+03; 7.24e+03,7.21e+03,4.92e+03,9.08e+02; 7.29e+03,7.26e+03,4.23e+03,2.16e+03; 7.41e+03,7.38e+03,4.46e+03,2.35e+03; 7.72e+03,7.69e+03,4.49e+03,2.36e+03; 7.92e+03,7.89e+03,3.55e+03,3.54e+03; 8.54e+03,8.51e+03,4.03e+03,2.47e+03; 8.42e+03,8.39e+03,5.22e+03,2.19e+03; 8.73e+03,8.70e+03,5.88e+03,1.55e+03; 9.00e+03,8.97e+03,5.54e+03,2.02e+03; 8.85e+03,8.82e+03,5.68e+03,2.83e+03; 9.47e+03,9.44e+03,5.64e+03,2.28e+03; 9.19e+03,9.16e+03,5.92e+03,3.21e+03; 9.46e+03,9.44e+03,4.83e+03,4.41e+03; 1.02e+04,1.02e+04,5.64e+03,2.73e+03; 1.03e+04,1.02e+04,6.09e+03,2.86e+03; 9.98e+03,9.95e+03,7.38e+03,2.80e+03; 1.04e+04,1.03e+04,6.97e+03,3.08e+03; 1.06e+04,1.06e+04,7.23e+03,2.95e+03; 1.11e+04,1.11e+04,6.88e+03,3.05e+03; 1.08e+04,1.07e+04,7.16e+03,4.05e+03; 1.31e+04,1.31e+04,5.37e+03,1.87e+03; 1.17e+04,1.17e+04,6.11e+03,4.60e+03; 9.98e+03,9.96e+03,8.24e+03,6.51e+03; 1.03e+04,1.03e+04,8.49e+03,6.29e+03; 1.05e+04,1.05e+04,8.59e+03,6.34e+03; 1.11e+04,1.11e+04,8.47e+03,6.04e+03; 1.14e+04,1.14e+04,8.59e+03,5.97e+03; 1.22e+04,1.22e+04,8.52e+03,5.12e+03; 1.21e+04,1.21e+04,8.71e+03,5.64e+03; 1.11e+04,1.11e+04,8.90e+03,8.10e+03; 1.24e+04,1.24e+04,8.64e+03,6.45e+03; 1.29e+04,1.29e+04,9.01e+03,5.85e+03; 1.18e+04,1.18e+04,9.54e+03,8.17e+03; 1.19e+04,1.19e+04,9.85e+03,8.18e+03","5,5,5,5,5,5,5,5,5,5,5,5,5,5,5,59,5,5,5,5,59,59,59,7,59,59,59,59,59,59,5,59,53,5,59,59,59,59,59,59,5,53,59,5,53,59,7,5,5,53,59,59,53,5,5,53,5,5,5,5,5,59,5,5"
618,31.18,25.46,"12.47,14.53,15.73,16.57,17.19,17.66,18.07,18.55,19.39,20.03,20.52,20.91,21.27,21.58,21.87,22.16,22.87,23.34,23.70,24.07,24.31,24.52,24.70,24.85,25.32,25.71,26.07,26.32,26.51,26.75,26.92,27.10,27.37,27.79,27.87,28.37,28.43,28.86,28.81,29.14,29.20,29.70,29.78,29.90,30.25,30.40,30.42,30.68,30.92,31.02,30.97,31.53,31.68,31.88,32.10,32.05,32.31,32.27,32.55,32.73,33.22,33.35,33.30,33.48","1.52e+01,1.49e+01,1.44e+01,1.24e+01","11,0,11,11","7.64e+01; 1.53e+02; 2.29e+02; 3.06e+02; 3.82e+02; 4.59e+02; 4.67e+02,6.83e+01; 4.47e+02,1.64e+02; 4.26e+02,2.62e+02; 4.49e+02,3.16e+02; 4.86e+02,3.55e+02; 5.19e+02,3.99e+02; 5.57e+02,4.37e+02; 5.94e+02,4.76e+02; 6.31e+02,5.16e+02; 6.66e+02,5.57e+02; 6.88e+02,6.11e+02; 7.20e+02,6.56e+02; 7.56e+02,6.97e+02; 7.91e+02,7.37e+02; 8.29e+02,7.76e+02; 8.67e+02,8.14e+02; 8.81e+02,8.27e+02,5.00e+01; 9.04e+02,8.51e+02,7.87e+01; 9.01e+02,8.59e+02,1.51e+02; 9.28e+02,8.92e+02,1.67e+02; 1.04e+03,1.00e+03,2.43e+01; 1.01e+03,9.75e+02,1.59e+02; 9.69e+02,9.38e+02,3.10e+02; 9.95e+02,9.65e+02,3.33e+02; 1.02e+03,9.93e+02,3.53e+02; 1.03e+03,1.00e+03,4.15e+02; 1.07e+03,1.04e+03,4.09e+02; 1.09e+03,1.06e+03,4.46e+02; 1.18e+03,1.16e+03,3.35e+02; 1.14e+03,1.12e+03,4.84e+02; 1.15e+03,1.13e+03,5.49e+02; 1.18e+03,1.16e+03,5.70e+02; 1.20e+03,1.18e+03,5.96e+02; 1.23e+03,1.21e+03,6.20e+02; 1.25e+03,1.24e+03,6.42e+02; 1.28e+03,1.26e+03,6.68e+02; 1.37e+03,1.36e+03,5.53e+02; 1.36e+03,1.35e+03,6.48e+02; 1.35e+03,1.34e+03,7.48e+02; 1.38e+03,1.36e+03,7.77e+02; 1.40e+03,1.39e+03,8.07e+02; 1.42e+03,1.40e+03,8.48e+02; 1.45e+03,1.44e+03,8.61e+02; 1.47e+03,1.46e+03,8.92e+02; 1.54e+03,1.53e+03,8.24e+02; 1.54e+03,1.53e+03,9.10e+02; 1.54e+03,1.53e+03,9.83e+02; 1.55e+03,1.54e+03,1.03e+03; 1.58e+03,1.57e+03,1.06e+03; 1.61e+03,1.59e+03,1.08e+03; 1.63e+03,1.62e+03,1.10e+03; 1.66e+03,1.65e+03,1.13e+03; 1.73e+03,1.72e+03,1.06e+03; 1.72e+03,1.72e+03,1.15e+03; 1.74e+03,1.73e+03,1.20e+03; 1.75e+03,1.74e+03,1.25e+03; 1.76e+03,1.76e+03,1.26e+03,4.04e+01; 1.79e+03,1.78e+03,1.29e+03,4.09e+01","53,53,53,53,53,53,53,53,53,53,53,53,53,53,53,53,53,53,53,53,53,53,5,55,53,53,53,53,55,53,53,55,5,53,53,55,53,53,37,53,53,53,53,37,5,53,5,5,37,53,53,55,55,55,5,53,53,53,53,55,5,5,53,55"
619,34.54,29.45,"10.44,12.44,13.59,14.38,14.96,15.40,15.74,16.01,16.41,16.77,17.08,17.37,17.60,17.82,18.01,18.20,18.46,18.69,18.93,19.11,19.32,19.50,19.64,19.84,20.04,20.17,20.38,20.57,20.72,20.90,21.00,21.20,21.27,21.35,21.53,21.68,21.93,22.07,22.26,22.42,22.55,22.64,22.79,22.95,23.11,23.37,23.54,23.72,23.76,23.92,24.04,24.22,24.31,24.46,24.68,24.86,24.89,25.10,25.16,25.36,25.48,25.65,25.79,25.92","6.52e+00,6.52e+00,6.41e+00,3.52e+00","11,9,0,0","2.85e+01; 5.70e+01; 8.55e+01; 1.14e+02; 1.43e+02; 1.71e+02; 2.00e+02; 2.28e+02; 2.57e+02; 2.85e+02; 3.14e+02; 3.42e+02; 3.71e+02; 3.82e+02,1.66e+01; 3.81e+02,4.63e+01; 3.73e+02,8.30e+01; 3.75e+02,1.10e+02; 3.84e+02,1.29e+02; 3.93e+02,1.48e+02; 4.07e+02,1.63e+02; 4.20e+02,1.78e+02; 4.33e+02,1.94e+02; 4.44e+02,2.12e+02; 4.51e+02,2.33e+02; 4.59e+02,2.54e+02; 4.73e+02,2.68e+02; 4.93e+02,2.76e+02; 4.93e+02,3.05e+02; 5.07e+02,3.20e+02; 5.21e+02,3.34e+02; 5.33e+02,3.50e+02; 5.45e+02,3.67e+02; 5.22e+02,3.38e+02,8.03e+01; 5.24e+02,3.31e+02,1.14e+02; 5.48e+02,3.53e+02,9.76e+01; 5.14e+02,3.08e+02,2.04e+02; 5.25e+02,3.44e+02,1.86e+02; 5.25e+02,3.40e+02,2.19e+02; 5.21e+02,3.31e+02,2.60e+02; 5.23e+02,3.30e+02,2.88e+02; 5.33e+02,3.39e+02,2.96e+02; 5.43e+02,3.47e+02,3.06e+02; 5.57e+02,3.53e+02,3.16e+02; 5.57e+02,3.54e+02,3.43e+02; 5.59e+02,3.68e+02,3.56e+02; 5.62e+02,3.83e+02,3.57e+02,8.52e+00; 5.65e+02,4.01e+02,3.74e+02; 5.74e+02,4.09e+02,3.85e+02; 5.72e+02,4.08e+02,3.83e+02,3.35e+01; 5.85e+02,3.90e+02,3.84e+02,6.60e+01; 5.95e+02,4.06e+02,3.92e+02,6.17e+01; 6.08e+02,4.31e+02,4.08e+02,3.51e+01; 6.03e+02,4.32e+02,3.89e+02,8.77e+01; 6.12e+02,4.33e+02,3.92e+02,1.02e+02; 6.23e+02,4.68e+02,4.42e+02,3.55e+01; 6.14e+02,4.49e+02,4.24e+02,1.09e+02; 6.16e+02,4.51e+02,4.42e+02,1.16e+02; 6.16e+02,4.66e+02,4.53e+02,1.19e+02; 6.31e+02,4.60e+02,4.53e+02,1.38e+02; 6.26e+02,4.79e+02,4.49e+02,1.57e+02; 6.56e+02,5.05e+02,4.78e+02,9.98e+01; 6.51e+02,4.95e+02,4.71e+02,1.51e+02; 6.35e+02,4.92e+02,4.73e+02,1.97e+02; 6.39e+02,4.96e+02,4.78e+02,2.11e+02","53,53,53,53,53,53,53,53,53,53,53,53,53,53,53,53,53,53,53,53,53,53,53,53,53,53,53,53,53,53,53,53,49,53,53,49,53,63,49,63,47,53,53,49,47,47,49,53,63,53,53,49,49,63,49,63,53,63,53,49,53,47,63,47"
620,36.55,29.20,"9.70,11.79,13.00,14.06,15.01,15.80,16.47,17.02,17.70,18.33,18.89,19.42,19.89,20.36,20.79,21.18,21.55,21.94,22.31,22.66,22.99,23.35,23.69,24.00,24.23,24.48,24.75,25.01,25.27,25.53,25.80,26.12,26.33,26.50,26.70,26.93,27.12,27.35,27.67,27.94,28.22,28.44,28.61,28.78,28.98,29.20,29.44,29.69,29.97,30.14,30.31,30.44,30.59,30.78,31.00,31.21,31.46,31.67,31.78,31.93,32.07,32.21,32.39,32.58","3.01e+00,3.00e+00,2.90e+00,2.85e+00","11,5,13,5","1.77e+01; 3.53e+01; 5.30e+01; 4.70e+01,2.36e+01; 5.36e+01,3.47e+01; 6.13e+01,4.47e+01; 6.93e+01,5.43e+01; 7.61e+01,5.83e+01,6.90e+00; 8.37e+01,6.45e+01,1.07e+01; 9.13e+01,7.07e+01,1.46e+01; 9.89e+01,7.69e+01,1.85e+01; 1.01e+02,8.05e+01,3.01e+01; 1.07e+02,8.65e+01,3.60e+01; 1.12e+02,9.15e+01,4.35e+01; 1.18e+02,9.68e+01,5.04e+01; 1.23e+02,1.01e+02,5.81e+01; 1.30e+02,1.07e+02,6.31e+01; 1.37e+02,1.13e+02,6.82e+01; 1.43e+02,1.19e+02,7.32e+01; 1.50e+02,1.25e+02,7.84e+01; 1.55e+02,1.31e+02,8.49e+01; 1.60e+02,1.35e+02,9.28e+01; 1.65e+02,1.41e+02,1.00e+02; 1.71e+02,1.46e+02,1.07e+02; 1.77e+02,1.52e+02,1.12e+02; 1.82e+02,1.57e+02,1.16e+02,4.67e+00; 1.88e+02,1.62e+02,1.21e+02,6.54e+00; 1.96e+02,1.70e+02,1.29e+02; 1.95e+02,1.68e+02,1.26e+02,2.29e+01; 2.06e+02,1.79e+02,1.39e+02,5.18e+00; 2.13e+02,1.87e+02,1.48e+02; 2.06e+02,1.80e+02,1.41e+02,3.75e+01; 2.08e+02,1.82e+02,1.43e+02,4.99e+01; 2.09e+02,1.82e+02,1.44e+02,6.51e+01; 2.20e+02,1.93e+02,1.53e+02,5.22e+01; 2.21e+02,1.93e+02,1.53e+02,6.91e+01; 2.23e+02,1.97e+02,1.59e+02,7.47e+01; 2.23e+02,1.97e+02,1.60e+02,9.03e+01; 2.27e+02,1.99e+02,1.59e+02,1.04e+02; 2.25e+02,1.98e+02,1.60e+02,1.24e+02; 2.24e+02,1.98e+02,1.62e+02,1.40e+02; 2.32e+02,2.03e+02,1.63e+02,1.44e+02; 2.38e+02,2.08e+02,1.65e+02,1.48e+02; 2.40e+02,2.11e+02,1.72e+02,1.54e+02; 2.44e+02,2.15e+02,1.75e+02,1.60e+02; 2.44e+02,2.18e+02,1.79e+02,1.71e+02; 2.46e+02,2.20e+02,1.83e+02,1.81e+02; 2.49e+02,2.23e+02,1.89e+02,1.87e+02; 2.52e+02,2.25e+02,1.98e+02,1.90e+02; 2.55e+02,2.29e+02,2.04e+02,1.95e+02; 2.59e+02,2.33e+02,2.09e+02,1.99e+02; 2.64e+02,2.37e+02,2.14e+02,2.04e+02; 2.68e+02,2.41e+02,2.19e+02,2.08e+02; 2.72e+02,2.45e+02,2.24e+02,2.12e+02; 2.76e+02,2.49e+02,2.31e+02,2.16e+02; 2.79e+02,2.52e+02,2.38e+02,2.20e+02; 2.83e+02,2.56e+02,2.45e+02,2.24e+02; 2.87e+02,2.59e+02,2.51e+02,2.28e+02; 2.91e+02,2.63e+02,2.56e+02,2.32e+02; 2.95e+02,2.68e+02,2.60e+02,2.36e+02; 3.00e+02,2.72e+02,2.65e+02,2.41e+02; 3.04e+02,2.76e+02,2.70e+02,2.45e+02; 3.08e+02,2.80e+02,2.76e+02,2.49e+02; 3.12e+02,2.85e+02,2.82e+02,2.52e+02","54,54,54,22,22,22,22,22,54,54,54,22,22,22,22,22,54,54,54,54,22,22,22,22,54,54,54,54,54,22,22,22,54,54,54,22,54,54,54,54,54,54,54,54,54,54,54,54,54,54,54,54,54,54,54,54,54,54,54,54,54,54,54,54"
621,34.45,28.36,"8.38,10.41,11.60,12.71,13.75,14.61,15.34,15.96,16.62,17.21,17.73,18.21,18.67,19.12,19.52,19.88,20.25,20.64,21.00,21.35,21.70,22.05,22.36,22.63,22.90,23.17,23.44,23.68,23.96,24.23,24.45,24.65,24.88,25.07,25.29,25.51,25.72,25.92,26.11,26.27,26.43,26.57,26.77,26.91,27.11,27.29,27.43,27.58,27.70,27.81,27.98,28.13,28.28,28.40,28.57,28.67,28.74,28.89,28.98,29.17,29.25,29.39,29.53,29.63","2.32e+00,2.32e+00,2.23e+00,2.21e+00","7,5,12,5","1.18e+01; 2.36e+01; 3.54e+01; 3.14e+01,1.58e+01; 3.57e+01,2.33e+01; 4.09e+01,3.00e+01; 4.63e+01,3.64e+01; 5.19e+01,4.26e+01; 5.80e+01,4.83e+01; 6.41e+01,5.41e+01; 7.01e+01,5.98e+01; 7.17e+01,6.11e+01,8.93e+00; 7.37e+01,6.34e+01,1.65e+01; 7.65e+01,6.62e+01,2.07e+01,1.99e+00; 8.28e+01,7.02e+01,1.86e+01,5.58e+00; 8.58e+01,7.26e+01,2.07e+01,9.94e+00; 8.98e+01,7.58e+01,2.57e+01,9.51e+00; 9.33e+01,7.76e+01,4.18e+01; 9.78e+01,8.13e+01,4.54e+01; 9.44e+01,8.09e+01,4.51e+01,1.59e+01; 1.05e+02,8.69e+01,5.65e+01; 1.08e+02,9.06e+01,6.15e+01; 1.11e+02,9.43e+01,6.62e+01; 1.15e+02,9.80e+01,7.05e+01; 1.19e+02,1.02e+02,7.43e+01; 1.23e+02,1.04e+02,7.73e+01,2.46e+00; 1.23e+02,1.04e+02,7.73e+01,1.44e+01; 1.28e+02,1.06e+02,8.11e+01,1.60e+01; 1.36e+02,1.14e+02,9.16e+01,5.89e-01; 1.29e+02,1.13e+02,8.64e+01,2.66e+01; 1.38e+02,1.15e+02,9.32e+01,2.01e+01; 1.42e+02,1.19e+02,9.71e+01,1.99e+01; 1.38e+02,1.18e+02,9.33e+01,4.04e+01; 1.49e+02,1.22e+02,1.02e+02,2.82e+01; 1.46e+02,1.22e+02,9.99e+01,4.62e+01; 1.49e+02,1.24e+02,1.03e+02,4.99e+01; 1.51e+02,1.27e+02,1.05e+02,5.34e+01; 1.54e+02,1.30e+02,1.07e+02,5.76e+01; 1.57e+02,1.33e+02,1.10e+02,6.10e+01; 1.69e+02,1.38e+02,1.21e+02,4.42e+01; 1.67e+02,1.40e+02,1.20e+02,5.64e+01; 1.67e+02,1.42e+02,1.19e+02,6.80e+01; 1.72e+02,1.43e+02,1.23e+02,7.08e+01; 1.82e+02,1.47e+02,1.31e+02,6.00e+01; 1.85e+02,1.49e+02,1.34e+02,6.29e+01; 1.88e+02,1.53e+02,1.37e+02,6.55e+01; 1.92e+02,1.56e+02,1.41e+02,6.61e+01; 1.88e+02,1.58e+02,1.39e+02,8.19e+01; 1.88e+02,1.61e+02,1.39e+02,9.09e+01; 1.89e+02,1.63e+02,1.41e+02,9.78e+01; 1.94e+02,1.65e+02,1.44e+02,9.95e+01; 1.97e+02,1.68e+02,1.45e+02,1.04e+02; 1.99e+02,1.70e+02,1.50e+02,1.07e+02; 2.00e+02,1.74e+02,1.51e+02,1.13e+02; 2.17e+02,1.76e+02,1.65e+02,9.14e+01; 2.21e+02,1.78e+02,1.68e+02,9.45e+01; 2.21e+02,1.76e+02,1.68e+02,1.08e+02; 2.06e+02,1.83e+02,1.58e+02,1.38e+02; 2.27e+02,1.80e+02,1.72e+02,1.19e+02; 2.30e+02,1.83e+02,1.75e+02,1.21e+02; 2.33e+02,1.84e+02,1.77e+02,1.26e+02; 2.36e+02,1.86e+02,1.80e+02,1.30e+02; 2.40e+02,1.90e+02,1.83e+02,1.31e+02; 2.43e+02,1.93e+02,1.86e+02,1.34e+02","54,54,54,22,22,22,22,22,54,54,54,22,22,22,22,22,54,22,54,22,22,22,22,22,54,54,54,22,22,54,22,54,22,22,22,22,54,54,54,38,54,38,22,38,22,54,54,38,54,38,22,22,54,38,54,38,54,22,54,54,54,54,38,54"
622,23.57,21.28,"7.50,9.57,10.77,11.57,12.15,12.57,12.90,13.16,13.52,13.87,14.20,14.48,14.72,14.91,15.11,15.51,15.72,15.95,16.17,16.42,16.75,17.07,17.35,17.58,17.74,17.91,18.10,18.30,18.54,18.76,18.96,19.13,19.26,19.42,19.60,19.78,19.95,20.11,20.26,20.39,20.52,20.66,20.81,20.94,21.10,21.23,21.36,21.48,21.63,21.76,21.89,22.01,22.14,22.29,22.41,22.52,22.73,22.89,23.03,23.14,23.27,23.40,23.52,23.62","1.11e+00,1.11e+00,4.36e-01,1.04e-02","8,6,8,8","3.30e+00; 6.61e+00; 9.91e+00; 1.32e+01; 1.65e+01; 1.98e+01; 2.31e+01; 2.64e+01; 2.97e+01; 3.30e+01; 3.63e+01; 3.96e+01; 4.29e+01; 4.62e+01; 3.96e+01,9.95e+00; 3.66e+01,1.62e+01; 3.85e+01,1.76e+01; 4.04e+01,1.91e+01; 4.22e+01,2.05e+01; 4.31e+01,2.29e+01; 4.35e+01,2.59e+01; 4.42e+01,2.85e+01; 4.53e+01,3.07e+01; 4.65e+01,3.28e+01; 4.83e+01,3.43e+01; 5.00e+01,3.59e+01; 5.18e+01,3.74e+01; 5.31e+01,3.94e+01; 5.41e+01,4.12e+01,4.50e-01; 5.58e+01,4.33e+01; 5.72e+01,4.52e+01; 5.80e+01,4.62e+01,1.48e+00; 5.93e+01,4.28e+01,6.94e+00; 5.73e+01,4.10e+01,1.39e+01; 5.85e+01,4.14e+01,1.57e+01; 5.99e+01,4.29e+01,1.61e+01; 6.08e+01,4.48e+01,1.65e+01; 6.19e+01,4.67e+01,1.70e+01; 6.30e+01,4.82e+01,1.76e+01; 6.88e+01,5.00e+01,1.34e+01; 6.50e+01,4.87e+01,2.17e+01; 6.64e+01,4.88e+01,2.36e+01; 7.25e+01,4.98e+01,1.98e+01; 6.89e+01,5.06e+01,2.52e+01,7.48e-01; 7.42e+01,5.07e+01,2.13e+01,2.49e+00; 6.97e+01,5.16e+01,2.67e+01,3.97e+00; 7.61e+01,5.19e+01,2.29e+01,4.37e+00; 7.70e+01,5.27e+01,2.36e+01,5.27e+00; 7.49e+01,5.08e+01,2.71e+01,9.04e+00; 6.92e+01,5.07e+01,2.83e+01,1.70e+01; 7.46e+01,5.03e+01,3.00e+01,1.36e+01; 7.09e+01,5.12e+01,2.95e+01,2.01e+01; 7.14e+01,5.17e+01,3.09e+01,2.11e+01; 7.23e+01,5.23e+01,3.23e+01,2.14e+01; 7.68e+01,5.27e+01,3.59e+01,1.63e+01; 7.43e+01,5.38e+01,3.46e+01,2.22e+01; 7.31e+01,5.29e+01,3.93e+01,2.30e+01; 7.29e+01,5.29e+01,4.24e+01,2.33e+01; 7.71e+01,5.32e+01,4.71e+01,1.75e+01; 7.83e+01,5.41e+01,4.84e+01,1.74e+01; 7.92e+01,5.47e+01,4.96e+01,1.80e+01; 8.02e+01,5.59e+01,5.13e+01,1.74e+01; 8.10e+01,5.67e+01,5.23e+01,1.82e+01; 7.82e+01,5.70e+01,5.10e+01,2.53e+01","45,45,45,45,45,45,45,45,45,45,45,45,45,45,41,41,45,45,45,41,41,41,41,41,45,45,45,41,41,41,41,41,41,41,41,41,41,41,41,41,41,41,41,45,45,45,45,41,45,47,41,47,47,45,45,41,47,47,47,41,47,47,47,45"
623,24.63,20.50,"6.89,8.96,10.32,11.59,12.62,13.46,14.16,14.76,15.46,16.07,16.62,17.12,17.55,17.90,18.33,18.71,19.04,19.38,19.72,20.03,20.32,20.60,20.87,21.12,21.37,21.61,21.86,22.10,22.33,22.54,22.75,22.96,23.17,23.38,23.57,23.77,23.97,24.15,24.32,24.52,24.65,24.83,24.99,25.15,25.31,25.47,25.62,25.78,25.89,26.05,26.19,26.35,26.49,26.63,26.78,26.92,27.02,27.19,27.33,27.46,27.58,27.70,27.82,27.94","4.73e-01,4.70e-01,4.29e-01,4.64e-05","11,9,11,0","1.70e+00; 3.40e+00; 3.36e+00,1.75e+00; 4.04e+00,2.77e+00; 4.95e+00,3.56e+00; 5.73e+00,4.49e+00; 6.34e+00,5.20e+00,3.81e-01; 7.70e+00,5.92e+00; 7.69e+00,6.24e+00,1.39e+00; 9.08e+00,7.14e+00,8.04e-01; 9.29e+00,7.55e+00,1.89e+00; 9.99e+00,8.21e+00,2.22e+00; 1.08e+01,8.88e+00,2.44e+00; 1.16e+01,9.54e+00,2.72e+00; 1.31e+01,1.06e+01,1.84e+00; 1.30e+01,1.08e+01,3.35e+00; 1.38e+01,1.10e+01,4.10e+00; 1.50e+01,1.14e+01,4.22e+00; 1.58e+01,1.20e+01,4.54e+00; 1.65e+01,1.26e+01,4.87e+00; 1.74e+01,1.35e+01,4.83e+00; 1.81e+01,1.44e+01,4.87e+00; 1.89e+01,1.52e+01,5.11e+00; 1.95e+01,1.57e+01,5.62e+00; 1.99e+01,1.57e+01,6.95e+00; 1.99e+01,1.59e+01,8.42e+00; 2.06e+01,1.65e+01,8.80e+00; 2.13e+01,1.71e+01,9.19e+00; 2.20e+01,1.77e+01,9.59e+00; 2.29e+01,1.83e+01,8.70e+00,1.15e+00; 2.32e+01,1.86e+01,8.61e+00,2.31e+00; 2.35e+01,1.89e+01,8.79e+00,3.21e+00; 2.39e+01,1.90e+01,9.88e+00,3.37e+00; 2.43e+01,1.91e+01,1.04e+01,4.08e+00; 2.47e+01,1.95e+01,1.07e+01,4.61e+00; 2.53e+01,2.00e+01,1.10e+01,4.94e+00; 2.59e+01,2.05e+01,1.13e+01,5.30e+00; 2.64e+01,2.10e+01,1.16e+01,5.64e+00; 2.69e+01,2.15e+01,1.19e+01,6.04e+00; 2.72e+01,2.17e+01,1.20e+01,7.12e+00; 2.78e+01,2.22e+01,1.24e+01,7.45e+00; 2.81e+01,2.24e+01,1.31e+01,7.82e+00; 2.87e+01,2.29e+01,1.35e+01,8.16e+00; 2.93e+01,2.33e+01,1.38e+01,8.49e+00; 2.98e+01,2.38e+01,1.41e+01,8.83e+00; 3.03e+01,2.44e+01,1.42e+01,9.42e+00; 3.07e+01,2.49e+01,1.44e+01,9.92e+00; 3.13e+01,2.58e+01,1.58e+01,8.86e+00; 3.18e+01,2.62e+01,1.62e+01,9.20e+00; 3.21e+01,2.60e+01,1.58e+01,1.13e+01; 3.26e+01,2.64e+01,1.64e+01,1.14e+01; 3.32e+01,2.73e+01,1.75e+01,1.05e+01; 3.37e+01,2.78e+01,1.78e+01,1.09e+01; 3.43e+01,2.83e+01,1.82e+01,1.12e+01; 3.47e+01,2.87e+01,1.83e+01,1.19e+01; 3.51e+01,2.91e+01,1.87e+01,1.24e+01; 3.56e+01,2.92e+01,1.92e+01,1.31e+01; 3.58e+01,2.93e+01,1.95e+01,1.41e+01; 3.63e+01,2.97e+01,1.99e+01,1.46e+01; 3.70e+01,3.06e+01,2.08e+01,1.37e+01; 3.75e+01,3.12e+01,2.11e+01,1.41e+01; 3.80e+01,3.16e+01,2.15e+01,1.44e+01; 3.85e+01,3.21e+01,2.19e+01,1.48e+01; 3.90e+01,3.25e+01,2.22e+01,1.51e+01","47,47,33,33,47,33,33,33,47,47,47,33,47,47,33,33,33,33,47,47,33,33,33,33,33,33,47,47,47,33,33,33,33,33,33,47,47,47,33,33,47,33,47,47,47,33,33,33,47,33,33,33,47,47,33,33,33,33,33,33,33,47,47,47"
624,24.53,20.02,"6.83,8.88,10.07,11.17,12.25,13.09,13.74,14.27,14.93,15.53,16.06,16.51,16.97,17.40,17.77,18.08,18.41,18.75,19.08,19.40,19.69,19.96,20.21,20.44,20.68,20.92,21.17,21.42,21.65,21.85,22.04,22.20,22.40,22.62,22.80,22.98,23.16,23.34,23.55,23.73,23.89,24.07,24.22,24.37,24.52,24.67,24.86,24.99,25.10,25.22,25.34,25.46,25.60,25.72,25.87,25.99,26.08,26.18,26.38,26.51,26.65,26.77,26.90,27.02","4.04e-01,4.01e-01,3.71e-01,3.81e-02","8,10,8,1","1.51e+00; 3.01e+00; 4.52e+00; 3.97e+00,2.06e+00; 4.50e+00,3.03e+00; 5.17e+00,3.87e+00; 5.88e+00,4.66e+00; 6.56e+00,5.38e+00,1.15e-01; 7.17e+00,5.94e+00,4.59e-01; 8.35e+00,6.72e+00; 9.19e+00,7.38e+00; 1.00e+01,8.05e+00; 1.08e+01,8.80e+00; 1.15e+01,9.63e+00; 1.23e+01,1.03e+01; 1.32e+01,1.09e+01; 1.30e+01,1.02e+01,2.43e+00; 1.37e+01,1.08e+01,2.68e+00; 1.41e+01,1.06e+01,3.94e+00; 1.47e+01,1.12e+01,4.25e+00; 1.54e+01,1.17e+01,4.54e+00; 1.61e+01,1.25e+01,4.49e+00; 1.66e+01,1.30e+01,4.32e+00,7.78e-01; 1.69e+01,1.37e+01,5.52e+00,1.05e-01; 1.72e+01,1.33e+01,6.40e+00,7.92e-01; 1.74e+01,1.30e+01,7.03e+00,1.71e+00; 1.80e+01,1.31e+01,6.45e+00,3.11e+00; 1.86e+01,1.35e+01,6.74e+00,3.36e+00; 1.91e+01,1.40e+01,7.02e+00,3.62e+00; 1.96e+01,1.44e+01,7.30e+00,3.88e+00; 2.02e+01,1.48e+01,7.57e+00,4.15e+00; 2.07e+01,1.53e+01,7.85e+00,4.41e+00; 2.12e+01,1.51e+01,8.77e+00,4.65e+00; 2.13e+01,1.53e+01,1.05e+01,4.12e+00; 2.18e+01,1.57e+01,1.08e+01,4.46e+00; 2.23e+01,1.61e+01,1.10e+01,4.78e+00; 2.29e+01,1.65e+01,1.13e+01,5.11e+00; 2.33e+01,1.72e+01,1.13e+01,5.50e+00; 2.34e+01,1.75e+01,1.12e+01,6.68e+00; 2.38e+01,1.79e+01,1.13e+01,7.25e+00; 2.43e+01,1.79e+01,1.23e+01,7.30e+00; 2.47e+01,1.79e+01,1.28e+01,7.92e+00; 2.52e+01,1.83e+01,1.31e+01,8.25e+00; 2.57e+01,1.86e+01,1.34e+01,8.57e+00; 2.62e+01,1.90e+01,1.37e+01,8.91e+00; 2.66e+01,1.97e+01,1.38e+01,9.21e+00; 2.68e+01,2.00e+01,1.37e+01,1.03e+01; 2.73e+01,2.04e+01,1.39e+01,1.07e+01; 2.77e+01,2.08e+01,1.42e+01,1.11e+01; 2.82e+01,2.12e+01,1.45e+01,1.15e+01; 2.86e+01,2.15e+01,1.48e+01,1.20e+01; 2.90e+01,2.19e+01,1.51e+01,1.24e+01; 2.95e+01,2.22e+01,1.54e+01,1.28e+01; 2.99e+01,2.26e+01,1.57e+01,1.31e+01; 3.03e+01,2.32e+01,1.58e+01,1.36e+01; 3.07e+01,2.36e+01,1.62e+01,1.40e+01; 2.99e+01,2.37e+01,1.74e+01,1.49e+01; 3.03e+01,2.32e+01,1.71e+01,1.68e+01; 3.10e+01,2.35e+01,1.72e+01,1.71e+01; 3.15e+01,2.40e+01,1.75e+01,1.74e+01; 3.20e+01,2.45e+01,1.78e+01,1.76e+01; 3.24e+01,2.51e+01,1.81e+01,1.78e+01; 3.28e+01,2.56e+01,1.87e+01,1.78e+01; 3.28e+01,2.63e+01,1.92e+01,1.81e+01","46,46,46,32,32,32,32,32,46,46,46,46,32,32,32,32,32,46,32,46,46,32,32,32,32,32,46,46,46,46,46,46,32,32,46,46,46,32,32,32,32,32,46,46,46,32,32,46,46,46,46,46,46,46,32,46,46,32,32,32,32,32,32,32"
625,23.96,20.03,"5.52,7.72,9.03,10.32,11.36,12.17,12.93,13.62,14.34,15.08,15.76,16.36,16.89,17.44,17.95,18.37,18.81,19.24,19.68,20.09,20.46,20.83,21.18,21.54,21.86,22.21,22.52,22.83,23.12,23.38,23.66,23.96,24.27,24.53,24.76,25.00,25.24,25.46,25.69,25.92,26.14,26.35,26.54,26.74,26.94,27.13,27.31,27.50,27.68,27.86,28.04,28.20,28.37,28.53,28.69,28.87,29.04,29.20,29.34,29.48,29.63,29.77,29.92,30.07","1.94e-01,1.92e-01,1.86e-01,1.30e-05","8,10,8,1","7.09e-01; 1.42e+00; 1.39e+00,7.34e-01; 1.66e+00,1.17e+00; 2.04e+00,1.51e+00; 2.36e+00,1.87e+00,2.80e-02; 2.63e+00,2.22e+00,1.14e-01; 2.68e+00,2.23e+00,7.66e-01; 2.80e+00,2.29e+00,1.29e+00; 3.07e+00,2.52e+00,1.51e+00; 3.33e+00,2.75e+00,1.70e+00,2.30e-02; 3.51e+00,2.92e+00,2.00e+00,7.50e-02; 3.70e+00,3.14e+00,2.14e+00,2.33e-01; 3.90e+00,3.37e+00,2.43e+00,2.35e-01; 4.07e+00,3.53e+00,2.64e+00,4.01e-01; 4.23e+00,3.60e+00,2.52e+00,1.00e+00; 4.41e+00,3.69e+00,2.54e+00,1.42e+00; 4.64e+00,3.89e+00,2.71e+00,1.53e+00; 4.87e+00,4.08e+00,2.86e+00,1.66e+00; 5.10e+00,4.28e+00,3.03e+00,1.77e+00; 5.31e+00,4.51e+00,3.16e+00,1.92e+00; 5.52e+00,4.72e+00,3.45e+00,1.91e+00; 5.72e+00,4.89e+00,3.49e+00,2.22e+00; 5.91e+00,5.06e+00,3.39e+00,2.66e+00; 6.11e+00,5.17e+00,3.43e+00,3.02e+00; 6.31e+00,5.30e+00,3.54e+00,3.30e+00; 6.53e+00,5.49e+00,3.68e+00,3.44e+00; 6.76e+00,5.69e+00,3.82e+00,3.59e+00; 6.98e+00,5.88e+00,4.00e+00,3.71e+00; 7.20e+00,6.10e+00,4.39e+00,3.59e+00; 7.40e+00,6.33e+00,4.58e+00,3.67e+00; 7.60e+00,6.52e+00,4.55e+00,4.03e+00; 7.80e+00,6.66e+00,5.04e+00,3.91e+00; 8.00e+00,6.83e+00,5.23e+00,4.06e+00; 8.20e+00,7.00e+00,5.16e+00,4.47e+00; 8.42e+00,7.19e+00,5.30e+00,4.62e+00; 8.64e+00,7.38e+00,5.46e+00,4.76e+00; 8.85e+00,7.61e+00,5.60e+00,4.88e+00; 9.06e+00,7.84e+00,5.97e+00,4.80e+00; 9.26e+00,8.00e+00,5.94e+00,5.16e+00; 9.45e+00,8.17e+00,6.23e+00,5.23e+00; 9.65e+00,8.33e+00,6.21e+00,5.59e+00; 9.85e+00,8.50e+00,6.36e+00,5.79e+00; 1.01e+01,8.69e+00,6.51e+00,5.93e+00; 1.03e+01,8.89e+00,6.67e+00,6.08e+00; 1.05e+01,9.10e+00,6.90e+00,6.13e+00; 1.07e+01,9.29e+00,6.97e+00,6.38e+00; 1.09e+01,9.47e+00,6.94e+00,6.75e+00; 1.11e+01,9.63e+00,7.07e+00,6.98e+00; 1.13e+01,9.80e+00,7.31e+00,7.07e+00; 1.15e+01,9.99e+00,7.54e+00,7.16e+00; 1.17e+01,1.02e+01,7.70e+00,7.31e+00; 1.19e+01,1.04e+01,7.85e+00,7.47e+00; 1.21e+01,1.06e+01,8.00e+00,7.62e+00; 1.23e+01,1.08e+01,8.08e+00,7.85e+00; 1.25e+01,1.10e+01,8.43e+00,7.82e+00; 1.27e+01,1.11e+01,8.80e+00,7.80e+00; 1.29e+01,1.13e+01,9.08e+00,7.84e+00; 1.31e+01,1.15e+01,9.13e+00,8.11e+00; 1.33e+01,1.17e+01,9.25e+00,8.31e+00; 1.35e+01,1.19e+01,9.41e+00,8.46e+00; 1.37e+01,1.21e+01,9.57e+00,8.61e+00; 1.39e+01,1.23e+01,9.86e+00,8.63e+00; 1.41e+01,1.25e+01,1.00e+01,8.80e+00","39,39,32,32,39,32,32,32,32,39,39,32,32,32,32,32,32,39,39,39,32,32,32,32,32,32,39,39,39,32,32,32,32,32,32,39,39,32,32,32,32,32,32,39,39,32,32,32,32,32,32,39,39,39,32,32,32,32,32,32,39,39,32,32"
626,22.38,19.01,"3.90,5.98,7.96,9.30,10.54,11.67,12.56,13.27,14.11,14.89,15.61,16.34,17.01,17.57,18.13,18.58,19.06,19.53,19.99,20.43,20.83,21.22,21.59,21.88,22.18,22.49,22.81,23.13,23.43,23.73,24.00,24.27,24.47,24.70,24.97,25.22,25.46,25.69,25.91,26.15,26.34,26.55,26.75,26.95,27.15,27.34,27.54,27.73,27.89,28.03,28.18,28.37,28.53,28.69,28.86,29.02,29.13,29.26,29.44,29.59,29.73,29.87,30.02,30.17","1.02e-01,1.01e-01,9.59e-02,5.88e-06","12,4,4,4","3.71e-01; 5.84e-01,1.57e-01; 6.35e-01,4.76e-01; 7.75e-01,6.53e-01,5.39e-02; 8.12e-01,6.53e-01,3.87e-01; 9.14e-01,7.29e-01,5.80e-01; 1.05e+00,8.47e-01,6.94e-01; 1.19e+00,9.51e-01,7.86e-01,3.44e-02; 1.28e+00,1.04e+00,8.72e-01,1.43e-01; 1.40e+00,1.14e+00,9.57e-01,2.13e-01; 1.50e+00,1.23e+00,1.00e+00,3.43e-01; 1.59e+00,1.38e+00,1.20e+00,2.77e-01; 1.70e+00,1.48e+00,1.36e+00,2.69e-01; 1.78e+00,1.56e+00,1.47e+00,3.80e-01; 2.02e+00,1.67e+00,1.61e+00,2.58e-01; 2.13e+00,1.77e+00,1.69e+00,3.44e-01; 2.24e+00,1.87e+00,1.79e+00,3.98e-01; 2.28e+00,1.94e+00,1.85e+00,6.04e-01; 2.41e+00,2.05e+00,1.96e+00,6.25e-01; 2.60e+00,2.14e+00,2.11e+00,5.64e-01; 2.64e+00,2.27e+00,2.21e+00,6.66e-01; 2.85e+00,2.42e+00,2.36e+00,5.22e-01; 2.94e+00,2.51e+00,2.44e+00,6.29e-01; 3.05e+00,2.61e+00,2.54e+00,6.94e-01; 3.16e+00,2.71e+00,2.64e+00,7.53e-01; 3.27e+00,2.81e+00,2.74e+00,8.14e-01; 3.38e+00,2.90e+00,2.83e+00,8.90e-01; 3.48e+00,3.00e+00,2.89e+00,1.01e+00; 3.59e+00,3.10e+00,2.99e+00,1.06e+00; 3.71e+00,3.21e+00,3.13e+00,1.07e+00; 3.83e+00,3.32e+00,3.29e+00,1.05e+00; 3.93e+00,3.41e+00,3.41e+00,1.10e+00; 4.05e+00,3.52e+00,3.51e+00,1.15e+00; 4.15e+00,3.58e+00,3.56e+00,1.30e+00; 4.24e+00,3.64e+00,3.56e+00,1.53e+00; 4.35e+00,3.74e+00,3.66e+00,1.59e+00; 4.46e+00,3.84e+00,3.76e+00,1.64e+00; 4.57e+00,3.96e+00,3.89e+00,1.65e+00; 4.68e+00,4.08e+00,4.02e+00,1.67e+00; 4.78e+00,4.16e+00,4.05e+00,1.83e+00; 4.88e+00,4.23e+00,4.07e+00,2.00e+00; 4.97e+00,4.30e+00,4.07e+00,2.21e+00; 5.09e+00,4.40e+00,4.17e+00,2.28e+00; 5.20e+00,4.50e+00,4.26e+00,2.34e+00; 5.31e+00,4.60e+00,4.35e+00,2.41e+00; 5.42e+00,4.70e+00,4.44e+00,2.48e+00; 5.52e+00,4.80e+00,4.54e+00,2.55e+00; 5.63e+00,4.88e+00,4.62e+00,2.65e+00; 5.73e+00,4.97e+00,4.68e+00,2.78e+00; 5.84e+00,5.07e+00,4.77e+00,2.85e+00; 5.95e+00,5.16e+00,4.85e+00,2.93e+00; 6.05e+00,5.26e+00,4.88e+00,3.07e+00; 6.16e+00,5.36e+00,4.97e+00,3.14e+00; 6.27e+00,5.46e+00,5.06e+00,3.21e+00; 6.37e+00,5.56e+00,5.21e+00,3.24e+00; 6.47e+00,5.64e+00,5.31e+00,3.33e+00; 6.58e+00,5.74e+00,5.40e+00,3.39e+00; 6.68e+00,5.83e+00,5.45e+00,3.53e+00; 6.77e+00,5.92e+00,5.42e+00,3.74e+00; 6.87e+00,6.01e+00,5.49e+00,3.85e+00; 6.98e+00,6.11e+00,5.58e+00,3.93e+00; 7.09e+00,6.21e+00,5.67e+00,4.00e+00; 7.19e+00,6.32e+00,5.77e+00,4.06e+00; 7.28e+00,6.41e+00,5.82e+00,4.20e+00","38,38,24,24,24,24,38,24,38,38,24,24,24,24,24,24,38,38,38,24,24,24,24,38,38,38,38,24,38,24,24,24,38,24,24,38,38,24,24,24,24,24,38,38,38,38,24,24,24,38,38,24,38,38,24,24,38,24,24,24,38,38,24,24"
627,18.56,16.42,"4.46,6.53,7.89,9.17,10.21,11.11,11.79,12.35,12.93,13.51,14.07,14.59,15.05,15.45,15.84,16.19,16.49,16.82,17.15,17.47,17.75,18.03,18.29,18.53,18.74,18.98,19.21,19.44,19.66,19.86,20.05,20.23,20.39,20.57,20.75,20.93,21.11,21.27,21.42,21.57,21.70,21.85,22.00,22.14,22.29,22.43,22.56,22.68,22.79,22.91,23.03,23.16,23.28,23.40,23.52,23.62,23.72,23.82,23.93,24.03,24.14,24.25,24.35,24.45","1.34e-01,1.33e-01,1.41e-05,7.68e-06","8,1,8,8","3.31e-01; 6.45e-01,1.83e-02; 7.84e-01,2.10e-01; 8.36e-01,4.90e-01; 9.77e-01,6.80e-01; 1.13e+00,8.61e-01; 1.29e+00,1.03e+00; 1.35e+00,1.11e+00,1.92e-01; 1.46e+00,1.21e+00,3.11e-01; 1.58e+00,1.32e+00,4.18e-01; 1.82e+00,1.43e+00,3.91e-01; 1.97e+00,1.56e+00,4.46e-01; 2.13e+00,1.69e+00,4.86e-01; 2.28e+00,1.82e+00,5.40e-01; 2.44e+00,1.95e+00,5.85e-01; 2.69e+00,2.08e+00,5.36e-01; 2.84e+00,2.17e+00,6.18e-01; 2.97e+00,2.28e+00,7.19e-01; 3.11e+00,2.40e+00,7.93e-01; 3.24e+00,2.51e+00,8.75e-01; 3.38e+00,2.63e+00,9.42e-01; 3.52e+00,2.78e+00,9.92e-01; 3.65e+00,2.92e+00,1.05e+00; 3.78e+00,3.04e+00,1.13e+00; 3.94e+00,3.14e+00,1.21e+00; 4.08e+00,3.20e+00,1.33e+00; 4.23e+00,3.28e+00,1.44e+00; 4.37e+00,3.40e+00,1.51e+00; 4.52e+00,3.53e+00,1.57e+00; 4.66e+00,3.67e+00,1.62e+00; 4.79e+00,3.80e+00,1.68e+00; 4.93e+00,3.93e+00,1.75e+00; 5.08e+00,4.03e+00,1.83e+00; 5.22e+00,4.11e+00,1.95e+00; 5.35e+00,4.19e+00,2.06e+00; 5.49e+00,4.30e+00,2.14e+00; 5.63e+00,4.42e+00,2.21e+00; 5.78e+00,4.54e+00,2.28e+00; 5.91e+00,4.67e+00,2.35e+00; 6.04e+00,4.80e+00,2.42e+00; 6.18e+00,4.90e+00,2.51e+00; 6.30e+00,4.99e+00,2.63e+00; 6.43e+00,5.08e+00,2.75e+00; 6.57e+00,5.19e+00,2.82e+00; 6.70e+00,5.31e+00,2.90e+00; 6.84e+00,5.43e+00,2.98e+00; 6.97e+00,5.55e+00,3.06e+00; 7.09e+00,5.67e+00,3.15e+00; 7.22e+00,5.78e+00,3.23e+00; 7.35e+00,5.88e+00,3.35e+00; 7.46e+00,5.97e+00,3.47e+00; 7.58e+00,6.07e+00,3.58e+00; 7.72e+00,6.19e+00,3.66e+00; 7.85e+00,6.31e+00,3.75e+00; 7.97e+00,6.42e+00,3.84e+00; 8.09e+00,6.54e+00,3.94e+00; 8.20e+00,6.65e+00,4.05e+00; 8.31e+00,6.75e+00,4.16e+00; 8.43e+00,6.84e+00,4.28e+00; 8.54e+00,6.95e+00,4.40e+00; 8.67e+00,7.06e+00,4.49e+00; 8.80e+00,7.18e+00,4.58e+00; 8.92e+00,7.29e+00,4.67e+00; 9.04e+00,7.40e+00,4.77e+00","38,38,38,34,32,32,32,32,38,38,32,32,38,38,32,32,32,38,38,38,38,32,32,32,32,32,32,38,38,32,32,32,32,32,32,38,38,38,32,32,32,32,32,38,38,38,32,32,32,32,32,32,38,38,32,32,32,32,32,32,38,38,38,32"
628,27.27,25.10,"4.11,6.90,8.89,10.66,12.18,13.50,14.63,15.64,16.64,17.54,18.30,18.97,19.58,20.16,20.79,21.53,22.15,22.69,23.16,23.60,24.01,24.42,25.03,25.60,26.09,26.52,26.90,27.24,27.57,27.93,28.34,28.73,29.10,29.42,29.71,29.99,30.27,30.58,30.90,31.21,31.50,31.77,32.01,32.25,32.49,32.75,33.01,33.25,33.50,33.72,33.93,34.14,34.35,34.56,34.78,34.98,35.19,35.39,35.58,35.76,35.94,36.12,36.30,36.48","1.77e-01,1.77e-01,1.72e-01,1.07e-01","4,12,4,4","7.87e-01; 8.05e-01,7.69e-01; 1.21e+00,1.15e+00; 1.41e+00,1.34e+00,4.03e-01; 1.59e+00,1.50e+00,8.41e-01; 1.82e+00,1.73e+00,1.17e+00; 2.05e+00,1.96e+00,1.49e+00; 2.26e+00,2.15e+00,1.70e+00,1.87e-01; 2.51e+00,2.39e+00,2.06e+00,1.24e-01; 2.74e+00,2.60e+00,2.26e+00,2.65e-01; 2.97e+00,2.81e+00,2.46e+00,4.07e-01; 3.20e+00,3.03e+00,2.67e+00,5.42e-01; 3.44e+00,3.29e+00,2.88e+00,6.15e-01; 3.69e+00,3.55e+00,3.14e+00,6.35e-01; 3.84e+00,3.70e+00,3.28e+00,9.79e-01; 3.95e+00,3.79e+00,3.31e+00,1.54e+00; 4.12e+00,3.94e+00,3.51e+00,1.82e+00; 4.31e+00,4.13e+00,3.71e+00,2.03e+00; 4.53e+00,4.34e+00,3.91e+00,2.18e+00; 4.75e+00,4.56e+00,4.11e+00,2.32e+00; 4.98e+00,4.77e+00,4.32e+00,2.47e+00; 5.18e+00,4.98e+00,4.51e+00,2.64e+00; 5.33e+00,5.12e+00,4.61e+00,3.04e+00; 5.48e+00,5.26e+00,4.74e+00,3.41e+00; 5.64e+00,5.41e+00,4.90e+00,3.73e+00; 5.82e+00,5.58e+00,5.06e+00,4.00e+00; 6.01e+00,5.77e+00,5.23e+00,4.25e+00; 6.20e+00,5.97e+00,5.39e+00,4.48e+00; 6.39e+00,6.17e+00,5.57e+00,4.69e+00; 6.58e+00,6.36e+00,5.74e+00,4.93e+00; 6.76e+00,6.53e+00,5.91e+00,5.20e+00; 6.93e+00,6.71e+00,6.08e+00,5.47e+00; 7.10e+00,6.87e+00,6.28e+00,5.72e+00; 7.28e+00,7.05e+00,6.46e+00,5.97e+00; 7.47e+00,7.24e+00,6.63e+00,6.20e+00; 7.67e+00,7.44e+00,6.83e+00,6.39e+00; 7.86e+00,7.63e+00,7.00e+00,6.62e+00; 8.05e+00,7.82e+00,7.18e+00,6.86e+00; 8.23e+00,8.00e+00,7.35e+00,7.11e+00; 8.41e+00,8.18e+00,7.53e+00,7.36e+00; 8.58e+00,8.36e+00,7.74e+00,7.59e+00; 8.77e+00,8.54e+00,7.93e+00,7.83e+00; 8.95e+00,8.73e+00,8.11e+00,8.05e+00; 9.16e+00,8.93e+00,8.31e+00,8.25e+00; 9.35e+00,9.12e+00,8.48e+00,8.47e+00; 9.53e+00,9.31e+00,8.71e+00,8.66e+00; 9.72e+00,9.49e+00,8.94e+00,8.85e+00; 9.90e+00,9.68e+00,9.17e+00,9.03e+00; 1.01e+01,9.86e+00,9.38e+00,9.25e+00; 1.03e+01,1.00e+01,9.60e+00,9.44e+00; 1.05e+01,1.02e+01,9.81e+00,9.64e+00; 1.07e+01,1.04e+01,1.00e+01,9.83e+00; 1.08e+01,1.06e+01,1.02e+01,1.00e+01; 1.10e+01,1.08e+01,1.05e+01,1.02e+01; 1.12e+01,1.10e+01,1.07e+01,1.04e+01; 1.14e+01,1.12e+01,1.09e+01,1.06e+01; 1.16e+01,1.14e+01,1.11e+01,1.08e+01; 1.18e+01,1.16e+01,1.13e+01,1.10e+01; 1.20e+01,1.18e+01,1.15e+01,1.12e+01; 1.22e+01,1.20e+01,1.17e+01,1.14e+01; 1.24e+01,1.22e+01,1.19e+01,1.16e+01; 1.26e+01,1.24e+01,1.21e+01,1.18e+01; 1.28e+01,1.25e+01,1.23e+01,1.20e+01; 1.29e+01,1.27e+01,1.25e+01,1.22e+01","41,47,47,41,24,24,24,24,24,47,47,47,24,24,24,24,41,41,47,47,47,24,24,24,41,24,24,24,24,24,24,24,41,24,24,47,24,24,24,24,41,24,24,47,24,24,24,24,41,24,24,47,24,24,24,24,41,41,24,47,24,24,24,24"
629,21.81,19.75,"4.13,6.88,8.93,10.54,11.68,12.76,13.74,14.53,15.27,15.97,16.63,17.19,17.73,18.23,18.71,19.15,19.62,20.05,20.45,20.83,21.18,21.52,21.85,22.17,22.51,22.83,23.12,23.40,23.67,23.92,24.18,24.43,24.69,24.95,25.18,25.40,25.62,25.82,26.02,26.22,26.38,26.57,26.76,27.00,27.18,27.34,27.51,27.69,27.85,27.98,28.15,28.30,28.45,28.60,28.76,28.91,29.08,29.24,29.38,29.52,29.66,29.79,29.93,30.07","2.35e-01,2.34e-01,8.55e-02,1.91e-02","4,12,4,12","7.12e-01; 7.50e-01,6.74e-01; 1.10e+00,1.03e+00; 1.46e+00,1.38e+00; 1.83e+00,1.73e+00; 2.06e+00,1.69e+00,5.14e-01; 2.29e+00,1.84e+00,8.62e-01; 2.54e+00,2.03e+00,1.13e+00; 2.76e+00,2.16e+00,1.48e+00; 3.00e+00,2.43e+00,1.69e+00; 3.28e+00,2.67e+00,1.89e+00; 3.55e+00,2.91e+00,2.09e+00; 3.79e+00,3.21e+00,2.25e+00; 4.03e+00,3.47e+00,2.47e+00; 4.25e+00,3.71e+00,2.72e+00; 4.46e+00,3.94e+00,2.99e+00; 4.66e+00,4.10e+00,3.34e+00; 4.87e+00,4.33e+00,3.62e+00; 5.10e+00,4.58e+00,3.85e+00; 5.35e+00,4.82e+00,4.07e+00; 5.59e+00,5.06e+00,4.30e+00; 5.82e+00,5.32e+00,4.52e+00; 6.04e+00,5.55e+00,4.78e+00; 6.26e+00,5.78e+00,5.04e+00; 6.47e+00,5.98e+00,5.35e+00; 6.68e+00,6.21e+00,5.61e+00; 6.91e+00,6.46e+00,5.85e+00; 7.15e+00,6.70e+00,6.09e+00; 7.39e+00,6.93e+00,6.32e+00; 7.62e+00,7.18e+00,6.55e+00; 7.85e+00,7.43e+00,6.79e+00; 8.07e+00,7.66e+00,7.05e+00; 8.29e+00,7.87e+00,7.33e+00; 8.51e+00,8.10e+00,7.59e+00; 8.74e+00,8.34e+00,7.84e+00; 8.98e+00,8.58e+00,8.07e+00; 9.21e+00,8.82e+00,8.31e+00; 9.45e+00,9.07e+00,8.54e+00; 9.66e+00,9.30e+00,8.77e+00,3.59e-02; 9.83e+00,9.47e+00,8.96e+00,2.19e-01; 9.75e+00,9.40e+00,8.93e+00,1.10e+00; 9.91e+00,9.55e+00,9.12e+00,1.32e+00; 1.01e+01,9.74e+00,9.31e+00,1.48e+00; 1.07e+01,1.03e+01,9.78e+00,5.56e-01; 1.09e+01,1.05e+01,9.98e+00,6.41e-01; 1.11e+01,1.07e+01,1.02e+01,7.30e-01; 1.13e+01,1.09e+01,1.04e+01,8.75e-01; 1.15e+01,1.11e+01,1.06e+01,9.70e-01; 1.15e+01,1.11e+01,1.06e+01,1.69e+00; 1.13e+01,1.10e+01,1.05e+01,2.73e+00; 1.15e+01,1.12e+01,1.08e+01,2.83e+00; 1.17e+01,1.14e+01,1.09e+01,3.01e+00; 1.19e+01,1.16e+01,1.11e+01,3.12e+00; 1.21e+01,1.17e+01,1.12e+01,3.36e+00; 1.23e+01,1.19e+01,1.14e+01,3.52e+00; 1.25e+01,1.21e+01,1.16e+01,3.62e+00; 1.26e+01,1.22e+01,1.17e+01,4.08e+00; 1.28e+01,1.24e+01,1.19e+01,4.26e+00; 1.30e+01,1.26e+01,1.21e+01,4.38e+00; 1.31e+01,1.27e+01,1.23e+01,4.57e+00; 1.33e+01,1.29e+01,1.25e+01,4.69e+00; 1.35e+01,1.31e+01,1.26e+01,4.94e+00; 1.37e+01,1.33e+01,1.28e+01,5.12e+00; 1.39e+01,1.35e+01,1.30e+01,5.23e+00","34,46,34,46,46,34,34,34,34,34,46,46,34,34,34,34,34,34,34,46,46,34,34,34,34,34,34,46,46,34,34,34,34,34,34,46,46,34,34,34,34,34,34,46,46,46,34,34,34,34,34,34,46,34,34,34,34,34,34,34,46,34,34,34"
630,0.26,0.20,"0.00,0.02,0.03,0.06,0.09,0.12,0.16,0.19,0.23,0.27,0.33,0.38,0.44,0.49,0.54,0.59,0.63,0.69,0.74,0.80,0.86,0.92,0.97,1.02,1.06,1.11,1.16,1.21,1.27,1.32,1.37,1.42,1.45,1.50,1.54,1.59,1.64,1.69,1.74,1.78,1.81,1.85,1.89,1.94,1.98,2.03,2.07,2.11,2.14,2.17,2.21,2.25,2.29,2.33,2.37,2.40,2.43,2.46,2.50,2.53,2.57,2.61,2.64,2.67","1.44e-05,6.28e-10,2.80e-10,1.89e-10","4,4,4,4",1.79e-05; 3.57e-05; 5.36e-05; 7.14e-05; 8.93e-05; 1.07e-04; 1.25e-04; 1.43e-04; 1.61e-04; 1.79e-04; 1.96e-04; 2.14e-04; 2.32e-04; 2.50e-04; 2.68e-04; 2.86e-04; 3.04e-04; 3.21e-04; 3.39e-04; 3.57e-04; 3.75e-04; 3.93e-04; 4.11e-04; 4.29e-04; 4.46e-04; 4.64e-04; 4.82e-04; 5.00e-04; 5.18e-04; 5.36e-04; 5.54e-04; 5.71e-04; 5.89e-04; 6.07e-04; 6.25e-04; 6.43e-04; 6.61e-04; 6.79e-04; 6.96e-04; 7.14e-04; 7.32e-04; 7.50e-04; 7.68e-04; 7.86e-04; 8.04e-04; 8.21e-04; 8.39e-04; 8.57e-04; 8.75e-04; 8.93e-04; 9.11e-04; 9.29e-04; 9.46e-04; 9.64e-04; 9.82e-04; 1.00e-03; 1.02e-03; 1.04e-03; 1.05e-03; 1.07e-03; 1.09e-03; 1.11e-03; 1.12e-03; 1.14e-03,"33,33,33,33,33,33,33,33,33,33,33,33,33,33,33,33,33,33,33,33,33,33,33,33,33,33,33,33,33,33,33,33,33,33,33,33,33,33,33,33,33,33,33,33,33,33,33,33,33,33,33,33,33,33,33,33,33,33,33,33,33,33,33,33"
631,3.62,3.25,"0.07,0.25,0.47,0.72,0.95,1.17,1.37,1.55,1.72,1.91,2.10,2.28,2.45,2.61,2.75,2.87,2.99,3.11,3.24,3.37,3.49,3.61,3.71,3.80,3.89,3.99,4.09,4.19,4.28,4.37,4.46,4.54,4.62,4.70,4.79,4.87,4.94,5.02,5.10,5.17,5.24,5.31,5.38,5.45,5.51,5.58,5.64,5.71,5.77,5.84,5.90,5.96,6.01,6.07,6.13,6.19,6.25,6.30,6.36,6.41,6.46,6.52,6.57,6.62","1.03e-03,9.20e-08,4.07e-08,2.86e-08","1,1,1,1","1.28e-03; 2.56e-03; 3.85e-03; 5.13e-03; 6.41e-03; 7.69e-03; 8.97e-03; 1.03e-02; 1.15e-02; 1.28e-02; 1.41e-02; 1.54e-02; 1.67e-02; 1.79e-02; 1.92e-02; 2.05e-02; 2.18e-02; 2.31e-02; 2.44e-02; 2.56e-02; 2.69e-02; 2.82e-02; 2.95e-02; 3.05e-02,2.92e-04; 2.97e-02,2.32e-03; 3.04e-02,2.96e-03; 3.13e-02,3.30e-03; 3.24e-02,3.52e-03; 3.34e-02,3.73e-03; 3.44e-02,4.04e-03; 3.69e-02,2.82e-03; 3.73e-02,3.69e-03; 3.60e-02,6.26e-03; 3.67e-02,6.85e-03; 3.76e-02,7.22e-03; 4.03e-02,5.84e-03; 4.15e-02,5.92e-03; 4.26e-02,6.15e-03; 4.34e-02,6.63e-03; 4.38e-02,7.45e-03; 4.26e-02,9.94e-03; 4.33e-02,1.05e-02; 4.42e-02,1.09e-02; 4.52e-02,1.12e-02; 4.62e-02,1.15e-02; 4.71e-02,1.18e-02; 4.80e-02,1.23e-02; 4.86e-02,1.29e-02; 4.91e-02,1.37e-02; 4.98e-02,1.43e-02; 5.06e-02,1.48e-02; 5.15e-02,1.51e-02; 5.25e-02,1.54e-02; 5.35e-02,1.57e-02; 5.43e-02,1.62e-02; 5.49e-02,1.68e-02; 5.54e-02,1.77e-02; 5.60e-02,1.84e-02; 5.67e-02,1.89e-02; 5.77e-02,1.93e-02; 5.86e-02,1.96e-02; 5.95e-02,1.99e-02; 6.03e-02,2.04e-02; 6.10e-02,2.11e-02","24,24,24,24,24,24,24,24,24,24,24,24,24,24,24,24,24,24,24,24,24,24,24,24,24,24,24,24,24,24,24,24,24,24,24,24,24,24,24,24,24,24,24,24,24,24,24,24,24,24,24,24,24,24,24,24,24,24,24,24,24,24,24,24"
632,0.01,0.01,"0.00,0.00,0.00,0.00,0.00,0.00,0.00,0.00,0.00,0.00,0.00,0.00,0.01,0.01,0.01,0.01,0.01,0.01,0.01,0.01,0.01,0.01,0.01,0.01,0.02,0.02,0.02,0.02,0.02,0.02,0.02,0.02,0.02,0.03,0.03,0.03,0.03,0.03,0.03,0.03,0.03,0.04,0.04,0.04,0.04,0.04,0.04,0.04,0.05,0.05,0.05,0.05,0.05,0.06,0.06,0.06,0.06,0.06,0.06,0.07,0.07,0.07,0.07,0.08","9.93e-07,5.30e-11,2.66e-11,2.04e-11","4,4,4,4",1.23e-06; 2.46e-06; 3.70e-06; 4.93e-06; 6.16e-06; 7.39e-06; 8.62e-06; 9.86e-06; 1.11e-05; 1.23e-05; 1.36e-05; 1.48e-05; 1.60e-05; 1.72e-05; 1.85e-05; 1.97e-05; 2.09e-05; 2.22e-05; 2.34e-05; 2.46e-05; 2.59e-05; 2.71e-05; 2.83e-05; 2.96e-05; 3.08e-05; 3.20e-05; 3.33e-05; 3.45e-05; 3.57e-05; 3.70e-05; 3.82e-05; 3.94e-05; 4.07e-05; 4.19e-05; 4.31e-05; 4.44e-05; 4.56e-05; 4.68e-05; 4.80e-05; 4.93e-05; 5.05e-05; 5.17e-05; 5.30e-05; 5.42e-05; 5.54e-05; 5.67e-05; 5.79e-05; 5.91e-05; 6.04e-05; 6.16e-05; 6.28e-05; 6.41e-05; 6.53e-05; 6.65e-05; 6.78e-05; 6.90e-05; 7.02e-05; 7.15e-05; 7.27e-05; 7.39e-05; 7.52e-05; 7.64e-05; 7.76e-05; 7.88e-05,"32,32,32,32,32,32,32,32,32,32,32,32,32,32,32,32,32,32,32,32,32,32,32,32,32,32,32,32,32,32,32,32,32,34,32,32,34,32,32,34,32,32,34,32,32,34,32,32,34,32,32,34,32,32,34,32,32,34,32,32,34,32,32,32"
633,2.40,2.50,"0.07,0.26,0.48,0.70,0.89,1.07,1.22,1.36,1.51,1.70,1.91,2.10,2.26,2.41,2.55,2.67,2.79,2.93,3.07,3.21,3.34,3.46,3.57,3.67,3.76,3.87,3.98,4.09,4.19,4.29,4.38,4.46,4.54,4.63,4.71,4.80,4.88,4.97,5.05,5.12,5.18,5.26,5.33,5.41,5.48,5.55,5.62,5.68,5.74,5.80,5.87,5.93,5.99,6.06,6.12,6.18,6.23,6.28,6.34,6.40,6.46,6.51,6.57,6.62","3.27e-04,2.26e-08,9.50e-09,5.48e-09","4,4,4,4","4.06e-04; 8.12e-04; 1.22e-03; 1.62e-03; 2.03e-03; 2.44e-03; 2.84e-03; 3.25e-03; 3.45e-03,2.00e-04; 3.74e-03,3.23e-04; 4.21e-03,2.51e-04; 4.67e-03,2.05e-04; 4.94e-03,3.38e-04; 5.05e-03,6.34e-04; 5.04e-03,1.05e-03; 5.15e-03,1.35e-03; 5.29e-03,1.61e-03; 5.49e-03,1.81e-03; 5.84e-03,1.87e-03; 6.24e-03,1.88e-03; 6.58e-03,1.95e-03; 6.80e-03,2.13e-03; 6.94e-03,2.39e-03; 7.09e-03,2.65e-03; 7.26e-03,2.89e-03; 7.46e-03,3.09e-03; 7.76e-03,3.20e-03; 8.13e-03,3.24e-03; 8.47e-03,3.30e-03; 8.72e-03,3.46e-03; 8.90e-03,3.68e-03; 9.07e-03,3.92e-03; 9.25e-03,4.14e-03; 9.44e-03,4.36e-03; 9.71e-03,4.49e-03; 1.01e-02,4.56e-03; 1.04e-02,4.63e-03; 1.07e-02,4.77e-03; 1.09e-02,4.97e-03; 1.10e-02,5.21e-03; 1.12e-02,5.43e-03; 1.14e-02,5.65e-03; 1.17e-02,5.80e-03; 1.20e-02,5.89e-03; 1.23e-02,5.97e-03; 1.26e-02,6.10e-03; 1.28e-02,6.30e-03; 1.30e-02,6.53e-03; 1.31e-02,6.75e-03; 1.33e-02,6.97e-03; 1.36e-02,7.15e-03; 1.39e-02,7.25e-03; 1.42e-02,7.34e-03; 1.45e-02,7.47e-03; 1.47e-02,7.66e-03; 1.48e-02,7.89e-03; 1.50e-02,8.11e-03; 1.52e-02,8.34e-03; 1.54e-02,8.53e-03; 1.57e-02,8.65e-03; 1.60e-02,8.75e-03; 1.63e-02,8.88e-03; 1.65e-02,9.07e-03; 1.67e-02,9.30e-03","32,32,32,32,32,32,32,32,32,32,32,32,32,32,32,32,32,32,32,32,32,32,32,32,32,32,32,32,32,32,32,32,32,32,32,32,32,32,32,32,32,32,32,32,32,32,32,32,32,32,32,32,32,32,32,32,32,32,32,32,32,32,32,32"
634,0.01,0.01,"0.00,0.00,0.00,0.00,0.00,0.00,0.00,0.00,0.00,0.00,0.00,0.00,0.00,0.00,0.00,0.00,0.00,0.00,0.01,0.01,0.01,0.01,0.01,0.01,0.01,0.01,0.01,0.01,0.01,0.01,0.01,0.01,0.01,0.01,0.01,0.02,0.02,0.02,0.02,0.02,0.02,0.02,0.02,0.02,0.02,0.03,0.03,0.03,0.03,0.03,0.03,0.03,0.03,0.03,0.03,0.03,0.04,0.04,0.04,0.04,0.04,0.04,0.04,0.04","4.61e-07,3.13e-11,1.07e-11,5.76e-12","4,4,4,4",; 1.14e-06; 1.72e-06; 2.29e-06; 2.86e-06; 3.43e-06; 4.00e-06; 4.57e-06; 5.14e-06; 5.72e-06; 6.29e-06; 6.86e-06; 7.43e-06; 8.00e-06; 8.57e-06; 9.15e-06; 9.72e-06; 1.03e-05; 1.09e-05; 1.14e-05; 1.20e-05; 1.26e-05; 1.31e-05; 1.37e-05; 1.43e-05; 1.49e-05; 1.54e-05; 1.60e-05; 1.66e-05; 1.71e-05; 1.77e-05; 1.83e-05; 1.89e-05; 1.94e-05; 2.00e-05; 2.06e-05; 2.11e-05; 2.17e-05; 2.23e-05; 2.29e-05; 2.34e-05; 2.40e-05; 2.46e-05; 2.52e-05; 2.57e-05; 2.63e-05; 2.69e-05; 2.74e-05; 2.80e-05; 2.86e-05; 2.92e-05; 2.97e-05; 3.03e-05; 3.09e-05; 3.14e-05; 3.20e-05; 3.26e-05; 3.32e-05; 3.37e-05; 3.43e-05; 3.49e-05; 3.54e-05; 3.60e-05; 3.66e-05,"33,33,33,33,33,33,33,33,33,33,33,33,33,33,33,33,33,33,33,33,33,33,33,33,33,33,33,33,33,33,33,33,33,33,33,33,33,33,33,33,33,33,33,33,33,33,33,33,33,33,31,33,33,33,33,33,31,33,33,33,33,33,33,33"
641,47.18,41.87,"16.12,19.78,23.20,25.90,28.64,30.93,33.29,35.49,36.25,37.14,38.27,38.70,39.60,40.66,41.12,42.25,43.09,43.02,43.56,44.23,44.99,45.53,46.26,47.19,46.63,47.28,47.56,47.71,49.05,48.69,48.97,48.59,50.03,49.84,51.02,50.84,50.60,51.30,51.51,51.93,53.64,51.60,52.45,52.70,54.80,55.23,57.49,55.29,56.59,55.64,56.87,59.24,59.93,58.84,60.95,65.70,64.66,66.78,68.93,69.03,70.55,74.14,75.91,75.94","4.44e+02,4.43e+02,4.40e+02,4.37e+02","12,4,12,4","2.53e+03; 2.89e+03,2.17e+03; 3.92e+03,3.68e+03; 4.03e+03,3.91e+03,2.19e+03; 4.51e+03,4.42e+03,3.74e+03; 4.76e+03,4.70e+03,4.24e+03,1.49e+03; 5.00e+03,4.95e+03,4.66e+03,3.13e+03; 5.55e+03,5.51e+03,5.34e+03,3.87e+03; 5.93e+03,5.90e+03,5.77e+03,5.19e+03; 6.55e+03,6.53e+03,6.39e+03,5.86e+03; 7.18e+03,7.15e+03,7.01e+03,6.52e+03; 8.11e+03,8.08e+03,7.93e+03,6.28e+03; 9.09e+03,9.05e+03,8.91e+03,5.88e+03; 9.33e+03,9.31e+03,9.16e+03,7.66e+03; 9.98e+03,9.95e+03,9.81e+03,8.26e+03; 1.06e+04,1.06e+04,1.05e+04,8.86e+03; 1.12e+04,1.12e+04,1.11e+04,9.46e+03; 1.19e+04,1.19e+04,1.18e+04,1.01e+04; 1.25e+04,1.25e+04,1.24e+04,1.07e+04; 1.32e+04,1.31e+04,1.30e+04,1.13e+04; 1.41e+04,1.41e+04,1.40e+04,1.09e+04; 1.44e+04,1.44e+04,1.43e+04,1.26e+04; 1.50e+04,1.50e+04,1.49e+04,1.34e+04; 1.56e+04,1.56e+04,1.55e+04,1.41e+04; 1.62e+04,1.62e+04,1.62e+04,1.47e+04; 1.69e+04,1.69e+04,1.68e+04,1.53e+04; 1.76e+04,1.75e+04,1.75e+04,1.58e+04; 1.81e+04,1.81e+04,1.81e+04,1.66e+04; 1.89e+04,1.89e+04,1.89e+04,1.67e+04; 1.94e+04,1.94e+04,1.93e+04,1.78e+04; 2.00e+04,2.00e+04,1.99e+04,1.85e+04; 2.07e+04,2.06e+04,2.06e+04,1.92e+04; 2.13e+04,2.13e+04,2.12e+04,1.98e+04; 2.19e+04,2.19e+04,2.19e+04,2.04e+04; 2.25e+04,2.25e+04,2.25e+04,2.11e+04; 2.32e+04,2.32e+04,2.32e+04,2.15e+04; 2.44e+04,2.44e+04,2.43e+04,2.07e+04; 2.47e+04,2.47e+04,2.46e+04,2.23e+04; 2.51e+04,2.51e+04,2.50e+04,2.37e+04; 2.57e+04,2.57e+04,2.57e+04,2.42e+04; 2.64e+04,2.64e+04,2.63e+04,2.48e+04; 2.70e+04,2.70e+04,2.70e+04,2.54e+04; 2.76e+04,2.76e+04,2.76e+04,2.61e+04; 2.82e+04,2.82e+04,2.81e+04,2.69e+04; 2.89e+04,2.89e+04,2.89e+04,2.73e+04; 2.95e+04,2.95e+04,2.94e+04,2.82e+04; 3.02e+04,3.02e+04,3.01e+04,2.86e+04; 3.08e+04,3.07e+04,3.07e+04,2.94e+04; 3.14e+04,3.14e+04,3.14e+04,3.00e+04; 3.21e+04,3.21e+04,3.21e+04,3.04e+04; 3.28e+04,3.28e+04,3.27e+04,3.09e+04; 3.30e+04,3.30e+04,3.30e+04,3.27e+04; 3.39e+04,3.39e+04,3.39e+04,3.25e+04; 3.46e+04,3.46e+04,3.46e+04,3.30e+04; 3.52e+04,3.52e+04,3.51e+04,3.39e+04; 3.58e+04,3.58e+04,3.57e+04,3.45e+04; 3.64e+04,3.64e+04,3.63e+04,3.53e+04; 3.71e+04,3.71e+04,3.71e+04,3.56e+04; 3.76e+04,3.76e+04,3.76e+04,3.67e+04; 3.83e+04,3.83e+04,3.83e+04,3.71e+04; 3.92e+04,3.92e+04,3.92e+04,3.69e+04; 3.96e+04,3.96e+04,3.96e+04,3.82e+04; 4.02e+04,4.02e+04,4.02e+04,3.89e+04; 4.08e+04,4.08e+04,4.08e+04,3.96e+04","39,39,39,39,39,39,39,39,23,39,23,39,39,39,23,39,23,39,39,39,55,55,39,39,7,55,39,23,23,55,39,39,55,23,39,7,7,55,23,7,39,55,23,39,23,55,7,39,7,39,39,39,23,39,55,55,55,39,55,23,39,39,55,7"
642,48.93,39.91,"15.75,20.81,24.55,27.39,30.08,32.29,33.58,34.77,36.49,36.81,37.17,38.21,39.11,39.84,40.44,40.90,41.74,42.27,42.25,43.08,42.98,43.63,43.85,44.03,44.51,45.58,45.56,45.11,46.45,45.42,46.61,47.06,47.91,47.34,48.78,48.14,48.30,48.79,49.39,49.13,49.71,49.66,49.45,49.19,51.63,50.63,53.86,55.07,52.92,55.79,56.44,59.19,56.83,60.64,59.44,62.37,62.04,64.09,65.98,69.41,68.64,73.73,76.07,76.23","4.61e+02,4.60e+02,4.57e+02,4.52e+02","15,15,1,15","2.64e+03; 2.76e+03,2.53e+03; 4.00e+03,3.93e+03; 4.44e+03,4.40e+03,1.73e+03; 4.85e+03,4.83e+03,3.52e+03; 5.47e+03,5.45e+03,4.67e+03,2.59e+02; 6.50e+03,6.49e+03,5.50e+03; 5.86e+03,5.86e+03,5.56e+03,3.84e+03; 7.96e+03,7.96e+03,6.81e+03,1.03e+03; 8.14e+03,8.13e+03,6.84e+03,3.30e+03; 8.57e+03,8.56e+03,7.81e+03,4.11e+03; 1.12e+04,1.12e+04,9.38e+03; 1.17e+04,1.17e+04,1.09e+04; 1.19e+04,1.19e+04,1.08e+04,2.33e+03; 1.31e+04,1.31e+04,1.17e+04,1.71e+03; 1.34e+04,1.34e+04,1.19e+04,3.47e+03; 1.46e+04,1.46e+04,1.30e+04,2.66e+03; 1.50e+04,1.50e+04,1.33e+04,4.17e+03; 1.52e+04,1.52e+04,1.33e+04,6.60e+03; 1.67e+04,1.67e+04,1.44e+04,4.98e+03; 1.82e+04,1.82e+04,1.62e+04,2.88e+03; 1.73e+04,1.73e+04,1.54e+04,8.05e+03; 1.86e+04,1.86e+04,1.72e+04,6.33e+03; 1.88e+04,1.88e+04,1.61e+04,9.62e+03; 2.03e+04,2.02e+04,1.79e+04,7.65e+03; 1.99e+04,1.99e+04,1.84e+04,1.05e+04; 2.23e+04,2.23e+04,1.94e+04,7.32e+03; 2.23e+04,2.23e+04,1.97e+04,9.60e+03; 2.20e+04,2.20e+04,2.07e+04,1.20e+04; 2.22e+04,2.22e+04,2.07e+04,1.42e+04; 2.25e+04,2.25e+04,2.15e+04,1.54e+04; 2.37e+04,2.37e+04,2.23e+04,1.48e+04; 2.43e+04,2.43e+04,2.27e+04,1.58e+04; 2.51e+04,2.51e+04,2.34e+04,1.62e+04; 2.61e+04,2.61e+04,2.41e+04,1.61e+04; 2.52e+04,2.52e+04,2.38e+04,2.10e+04; 2.63e+04,2.63e+04,2.54e+04,1.97e+04; 2.70e+04,2.70e+04,2.63e+04,2.00e+04; 2.78e+04,2.78e+04,2.69e+04,2.03e+04; 2.79e+04,2.79e+04,2.71e+04,2.28e+04; 2.92e+04,2.92e+04,2.79e+04,2.20e+04; 2.95e+04,2.95e+04,2.85e+04,2.33e+04; 3.06e+04,3.06e+04,2.92e+04,2.32e+04; 3.04e+04,3.04e+04,2.94e+04,2.60e+04; 3.06e+04,3.06e+04,3.03e+04,2.73e+04; 3.16e+04,3.16e+04,3.08e+04,2.74e+04; 3.24e+04,3.24e+04,3.17e+04,2.76e+04; 3.24e+04,3.24e+04,3.16e+04,3.04e+04; 3.37e+04,3.37e+04,3.27e+04,2.92e+04; 3.43e+04,3.43e+04,3.33e+04,3.00e+04; 3.48e+04,3.48e+04,3.39e+04,3.12e+04; 3.69e+04,3.69e+04,3.36e+04,3.00e+04; 3.73e+04,3.73e+04,3.32e+04,3.21e+04; 3.69e+04,3.69e+04,3.61e+04,3.26e+04; 3.73e+04,3.73e+04,3.65e+04,3.40e+04; 3.77e+04,3.77e+04,3.71e+04,3.54e+04; 3.84e+04,3.84e+04,3.78e+04,3.61e+04; 3.91e+04,3.90e+04,3.84e+04,3.67e+04; 3.99e+04,3.99e+04,3.91e+04,3.69e+04; 4.15e+04,4.15e+04,3.89e+04,3.65e+04; 4.21e+04,4.21e+04,3.90e+04,3.79e+04; 4.16e+04,4.16e+04,4.10e+04,3.94e+04; 4.22e+04,4.22e+04,4.16e+04,4.03e+04; 4.28e+04,4.28e+04,4.23e+04,4.10e+04","32,32,32,32,32,32,16,32,32,16,22,32,32,32,32,32,22,38,32,32,32,32,38,38,32,16,38,22,38,32,38,38,32,32,22,38,22,38,38,38,32,32,22,38,32,16,22,32,32,22,22,38,22,38,32,32,22,32,16,38,32,32,38,22"
643,61.67,47.17,"17.69,21.68,25.17,28.29,30.54,32.22,33.89,35.33,35.36,36.88,37.97,38.96,39.53,40.97,42.34,43.03,43.89,44.55,45.19,45.80,46.47,46.69,47.11,47.55,47.35,47.85,48.19,49.20,49.55,49.79,50.43,51.06,49.86,51.55,51.51,52.80,53.89,55.57,56.13,55.84,61.53,60.40,61.25,65.67,65.47,67.67,70.66,72.49,77.90,76.41,79.99,81.05,80.93,82.54,88.09,90.68,88.10,91.00,91.99,96.02,97.32,102.52,104.34,106.20","4.87e+02,4.87e+02,4.86e+02,4.86e+02","3,3,3,8","3.79e+03; 4.12e+03,3.46e+03; 4.74e+03,4.48e+03,2.15e+03; 5.60e+03,5.48e+03,4.07e+03; 6.92e+03,6.85e+03,5.17e+03; 6.63e+03,6.56e+03,5.53e+03,4.00e+03; 7.53e+03,7.46e+03,6.65e+03,4.87e+03; 8.28e+03,8.21e+03,7.23e+03,6.57e+03; 8.97e+03,8.90e+03,8.31e+03,7.90e+03; 9.83e+03,9.77e+03,9.26e+03,9.00e+03; 1.07e+04,1.06e+04,1.02e+04,1.01e+04; 1.20e+04,1.20e+04,1.09e+04,1.05e+04; 1.30e+04,1.29e+04,1.20e+04,1.13e+04; 1.38e+04,1.38e+04,1.28e+04,1.26e+04; 1.48e+04,1.48e+04,1.38e+04,1.34e+04; 1.57e+04,1.57e+04,1.47e+04,1.44e+04; 1.67e+04,1.67e+04,1.57e+04,1.53e+04; 1.76e+04,1.76e+04,1.66e+04,1.63e+04; 1.86e+04,1.86e+04,1.75e+04,1.73e+04; 1.96e+04,1.96e+04,1.86e+04,1.79e+04; 2.04e+04,2.04e+04,1.94e+04,1.93e+04; 2.15e+04,2.15e+04,2.07e+04,1.97e+04; 2.23e+04,2.23e+04,2.15e+04,2.11e+04; 2.32e+04,2.32e+04,2.24e+04,2.20e+04; 2.42e+04,2.42e+04,2.33e+04,2.30e+04; 2.51e+04,2.51e+04,2.42e+04,2.40e+04; 2.60e+04,2.60e+04,2.54e+04,2.48e+04; 2.70e+04,2.70e+04,2.62e+04,2.59e+04; 2.78e+04,2.78e+04,2.74e+04,2.68e+04; 2.88e+04,2.88e+04,2.82e+04,2.77e+04; 2.97e+04,2.97e+04,2.92e+04,2.88e+04; 3.06e+04,3.06e+04,3.02e+04,2.99e+04; 3.15e+04,3.15e+04,3.11e+04,3.08e+04; 3.26e+04,3.26e+04,3.19e+04,3.17e+04; 3.32e+04,3.32e+04,3.31e+04,3.30e+04; 3.42e+04,3.42e+04,3.40e+04,3.39e+04; 3.51e+04,3.51e+04,3.49e+04,3.49e+04; 3.61e+04,3.61e+04,3.59e+04,3.59e+04; 3.70e+04,3.70e+04,3.68e+04,3.68e+04; 3.79e+04,3.79e+04,3.78e+04,3.78e+04; 3.89e+04,3.89e+04,3.88e+04,3.87e+04; 3.98e+04,3.98e+04,3.97e+04,3.97e+04; 4.08e+04,4.08e+04,4.07e+04,4.06e+04; 4.17e+04,4.17e+04,4.16e+04,4.16e+04; 4.27e+04,4.27e+04,4.26e+04,4.25e+04; 4.36e+04,4.36e+04,4.35e+04,4.35e+04; 4.46e+04,4.45e+04,4.45e+04,4.44e+04; 4.55e+04,4.55e+04,4.54e+04,4.54e+04; 4.64e+04,4.64e+04,4.63e+04,4.63e+04; 4.74e+04,4.74e+04,4.73e+04,4.73e+04; 4.83e+04,4.83e+04,4.82e+04,4.82e+04; 4.93e+04,4.93e+04,4.92e+04,4.92e+04; 5.02e+04,5.02e+04,5.01e+04,5.01e+04; 5.12e+04,5.12e+04,5.11e+04,5.11e+04; 5.21e+04,5.21e+04,5.20e+04,5.20e+04; 5.31e+04,5.31e+04,5.30e+04,5.30e+04; 5.40e+04,5.40e+04,5.39e+04,5.39e+04; 5.50e+04,5.50e+04,5.49e+04,5.49e+04; 5.59e+04,5.59e+04,5.58e+04,5.58e+04; 5.69e+04,5.68e+04,5.68e+04,5.67e+04; 5.78e+04,5.78e+04,5.77e+04,5.77e+04; 5.87e+04,5.87e+04,5.87e+04,5.86e+04; 5.97e+04,5.97e+04,5.96e+04,5.96e+04; 6.06e+04,6.06e+04,6.06e+04,6.05e+04","31,31,31,31,31,25,25,25,29,31,25,25,25,31,31,31,31,31,25,25,27,31,29,27,25,25,31,25,25,27,31,31,31,25,31,29,31,31,25,31,31,31,31,31,31,31,31,25,31,29,25,29,31,29,31,29,27,31,29,31,31,29,29,29"
644,46.88,41.23,"15.97,20.40,23.84,26.41,29.69,32.78,35.34,37.18,38.30,39.08,39.71,40.42,41.22,41.78,42.45,43.42,44.04,44.30,44.72,44.82,44.84,45.66,46.04,46.43,46.84,47.86,47.98,46.88,48.03,48.65,49.70,50.42,50.44,51.69,51.66,50.53,52.18,53.08,52.27,53.30,52.25,54.75,53.99,55.61,55.73,56.41,55.98,57.72,58.39,60.22,59.20,62.20,59.16,63.38,64.25,64.74,67.50,69.54,68.22,69.62,70.65,71.91,75.34,76.62","4.51e+02,4.51e+02,4.50e+02,4.06e+02","0,8,0,8","2.56e+03; 2.73e+03,2.39e+03; 3.89e+03,3.78e+03; 4.19e+03,4.13e+03,1.91e+03; 4.46e+03,4.41e+03,3.92e+03; 5.18e+03,5.14e+03,5.02e+03; 6.00e+03,5.97e+03,5.93e+03; 6.84e+03,6.82e+03,6.80e+03; 7.69e+03,7.67e+03,7.65e+03; 8.54e+03,8.52e+03,8.51e+03; 9.39e+03,9.38e+03,9.36e+03; 1.02e+04,1.02e+04,1.02e+04; 1.11e+04,1.11e+04,1.11e+04; 1.19e+04,1.19e+04,1.19e+04; 1.19e+04,1.19e+04,1.18e+04,2.76e+03; 1.36e+04,1.36e+04,1.36e+04; 1.42e+04,1.42e+04,1.42e+04,8.56e+02; 1.47e+04,1.47e+04,1.47e+04,1.87e+03; 1.56e+04,1.56e+04,1.56e+04,1.72e+03; 1.64e+04,1.64e+04,1.64e+04,2.01e+03; 1.69e+04,1.69e+04,1.69e+04,2.92e+03; 1.61e+04,1.61e+04,1.61e+04,7.94e+03; 1.68e+04,1.68e+04,1.68e+04,8.45e+03; 1.65e+04,1.65e+04,1.65e+04,1.19e+04; 1.77e+04,1.77e+04,1.77e+04,1.09e+04; 1.78e+04,1.78e+04,1.78e+04,1.32e+04; 1.92e+04,1.92e+04,1.92e+04,1.14e+04; 2.05e+04,2.05e+04,2.05e+04,1.01e+04; 2.00e+04,2.00e+04,2.00e+04,1.41e+04; 2.03e+04,2.03e+04,2.03e+04,1.57e+04; 2.08e+04,2.08e+04,2.08e+04,1.68e+04; 2.14e+04,2.14e+04,2.14e+04,1.75e+04; 2.20e+04,2.20e+04,2.20e+04,1.83e+04; 2.25e+04,2.25e+04,2.25e+04,1.93e+04; 2.32e+04,2.32e+04,2.32e+04,1.98e+04; 2.37e+04,2.37e+04,2.37e+04,2.09e+04; 2.45e+04,2.45e+04,2.45e+04,2.12e+04; 2.48e+04,2.48e+04,2.48e+04,2.27e+04; 2.54e+04,2.54e+04,2.54e+04,2.35e+04; 2.60e+04,2.60e+04,2.60e+04,2.42e+04; 2.67e+04,2.67e+04,2.66e+04,2.49e+04; 2.73e+04,2.73e+04,2.73e+04,2.54e+04; 2.78e+04,2.78e+04,2.78e+04,2.66e+04; 2.84e+04,2.84e+04,2.84e+04,2.73e+04; 2.90e+04,2.90e+04,2.90e+04,2.80e+04; 2.96e+04,2.96e+04,2.96e+04,2.87e+04; 3.03e+04,3.03e+04,3.03e+04,2.94e+04; 3.09e+04,3.09e+04,3.09e+04,3.00e+04; 3.15e+04,3.15e+04,3.15e+04,3.07e+04; 3.22e+04,3.22e+04,3.22e+04,3.12e+04; 3.28e+04,3.28e+04,3.28e+04,3.21e+04; 3.34e+04,3.34e+04,3.34e+04,3.27e+04; 3.40e+04,3.40e+04,3.40e+04,3.35e+04; 3.47e+04,3.47e+04,3.46e+04,3.41e+04; 3.53e+04,3.53e+04,3.53e+04,3.48e+04; 3.59e+04,3.59e+04,3.59e+04,3.54e+04; 3.66e+04,3.66e+04,3.66e+04,3.61e+04; 3.72e+04,3.72e+04,3.72e+04,3.66e+04; 3.78e+04,3.78e+04,3.78e+04,3.74e+04; 3.85e+04,3.85e+04,3.84e+04,3.81e+04; 3.91e+04,3.91e+04,3.91e+04,3.87e+04; 3.97e+04,3.97e+04,3.97e+04,3.94e+04; 4.04e+04,4.04e+04,4.04e+04,4.00e+04; 4.10e+04,4.10e+04,4.10e+04,4.07e+04","39,39,39,39,39,39,39,39,39,23,39,39,39,23,39,39,39,0,23,48,48,39,23,23,23,48,0,48,39,0,39,48,39,0,0,48,23,0,39,23,23,23,23,48,39,48,0,39,23,23,48,39,39,48,39,39,39,0,39,39,23,48,0,23"
645,65.44,54.59,"14.14,23.50,29.56,32.82,35.51,38.49,39.91,41.35,42.11,43.69,44.59,45.83,46.72,47.66,48.48,49.81,50.74,51.42,52.31,52.82,53.66,54.17,55.05,55.47,55.73,56.58,56.88,57.36,58.09,58.42,58.85,59.75,59.46,59.91,59.70,60.95,61.19,61.10,63.06,63.46,61.40,62.62,61.55,62.28,63.45,63.49,63.61,64.28,64.76,63.83,65.71,65.50,66.77,65.58,70.76,69.52,68.64,69.88,71.44,73.52,73.08,74.05,77.31,78.01","3.74e+02,3.74e+02,3.73e+02,3.71e+02","11,0,0,11","2.79e+03; 2.80e+03,2.78e+03; 2.92e+03,2.91e+03,2.54e+03; 3.85e+03,3.84e+03,3.48e+03; 3.81e+03,3.80e+03,3.40e+03,2.95e+03; 4.51e+03,4.51e+03,4.20e+03,3.53e+03; 5.09e+03,5.09e+03,4.90e+03,4.47e+03; 5.75e+03,5.75e+03,5.62e+03,5.21e+03; 6.37e+03,6.37e+03,6.25e+03,6.12e+03; 7.11e+03,7.11e+03,6.97e+03,6.71e+03; 7.88e+03,7.88e+03,7.59e+03,7.34e+03; 8.56e+03,8.56e+03,8.31e+03,8.06e+03; 9.28e+03,9.28e+03,8.94e+03,8.79e+03; 9.95e+03,9.95e+03,9.70e+03,9.46e+03; 1.06e+04,1.06e+04,1.04e+04,1.02e+04; 1.13e+04,1.13e+04,1.11e+04,1.09e+04; 1.20e+04,1.20e+04,1.18e+04,1.17e+04; 1.27e+04,1.27e+04,1.25e+04,1.24e+04; 1.34e+04,1.34e+04,1.32e+04,1.31e+04; 1.40e+04,1.40e+04,1.39e+04,1.38e+04; 1.47e+04,1.47e+04,1.46e+04,1.45e+04; 1.54e+04,1.54e+04,1.53e+04,1.52e+04; 1.61e+04,1.61e+04,1.60e+04,1.59e+04; 1.68e+04,1.68e+04,1.67e+04,1.66e+04; 1.75e+04,1.75e+04,1.74e+04,1.73e+04; 1.82e+04,1.82e+04,1.81e+04,1.80e+04; 1.89e+04,1.89e+04,1.88e+04,1.87e+04; 1.96e+04,1.96e+04,1.95e+04,1.94e+04; 2.03e+04,2.03e+04,2.02e+04,2.01e+04; 2.10e+04,2.10e+04,2.09e+04,2.08e+04; 2.17e+04,2.17e+04,2.16e+04,2.15e+04; 2.24e+04,2.24e+04,2.23e+04,2.22e+04; 2.31e+04,2.31e+04,2.30e+04,2.29e+04; 2.38e+04,2.38e+04,2.37e+04,2.36e+04; 2.45e+04,2.45e+04,2.44e+04,2.43e+04; 2.52e+04,2.52e+04,2.51e+04,2.50e+04; 2.59e+04,2.59e+04,2.58e+04,2.57e+04; 2.66e+04,2.66e+04,2.65e+04,2.64e+04; 2.73e+04,2.73e+04,2.72e+04,2.71e+04; 2.80e+04,2.80e+04,2.79e+04,2.78e+04; 2.86e+04,2.86e+04,2.86e+04,2.85e+04; 2.93e+04,2.93e+04,2.93e+04,2.92e+04; 3.00e+04,3.00e+04,3.00e+04,2.99e+04; 3.07e+04,3.07e+04,3.07e+04,3.06e+04; 3.14e+04,3.14e+04,3.14e+04,3.13e+04; 3.21e+04,3.21e+04,3.21e+04,3.20e+04; 3.28e+04,3.28e+04,3.28e+04,3.27e+04; 3.35e+04,3.35e+04,3.35e+04,3.34e+04; 3.42e+04,3.42e+04,3.42e+04,3.41e+04; 3.49e+04,3.49e+04,3.49e+04,3.48e+04; 3.56e+04,3.56e+04,3.56e+04,3.55e+04; 3.63e+04,3.63e+04,3.63e+04,3.62e+04; 3.70e+04,3.70e+04,3.70e+04,3.68e+04; 3.77e+04,3.77e+04,3.77e+04,3.75e+04; 3.84e+04,3.84e+04,3.84e+04,3.83e+04; 3.91e+04,3.91e+04,3.91e+04,3.90e+04; 3.98e+04,3.98e+04,3.98e+04,3.97e+04; 4.05e+04,4.05e+04,4.05e+04,4.04e+04; 4.12e+04,4.12e+04,4.12e+04,4.10e+04; 4.19e+04,4.19e+04,4.19e+04,4.17e+04; 4.26e+04,4.26e+04,4.26e+04,4.25e+04; 4.33e+04,4.33e+04,4.33e+04,4.31e+04; 4.40e+04,4.40e+04,4.40e+04,4.38e+04; 4.47e+04,4.47e+04,4.47e+04,4.46e+04","24,24,30,24,24,24,30,30,26,24,30,24,30,24,24,24,24,24,30,24,24,24,24,24,28,24,24,26,26,24,28,24,28,26,28,28,28,24,26,24,26,24,26,30,28,28,30,30,24,30,28,26,28,24,24,28,26,24,30,24,26,28,30,30"
646,63.69,51.09,"15.45,21.90,26.45,29.93,33.05,36.02,38.82,41.27,42.71,43.65,44.77,45.93,47.01,47.78,48.73,49.64,50.57,51.17,51.79,52.35,53.01,53.44,53.93,54.43,55.48,55.96,56.60,56.44,57.13,57.02,58.00,58.06,58.50,58.98,58.87,60.11,59.61,60.07,59.70,60.19,60.55,60.66,62.25,60.45,61.95,62.47,62.83,60.66,64.35,63.62,64.26,64.59,64.26,63.53,65.24,67.72,66.57,68.18,70.44,67.55,69.62,70.00,70.08,72.17","4.59e+02,4.58e+02,4.58e+02,4.58e+02","8,1,3,8","3.27e+03; 3.32e+03,3.22e+03; 3.63e+03,3.57e+03,2.60e+03; 4.51e+03,4.47e+03,4.10e+03; 4.78e+03,4.75e+03,4.34e+03,2.47e+03; 5.14e+03,5.11e+03,4.85e+03,4.51e+03; 5.90e+03,5.87e+03,5.74e+03,5.37e+03; 6.66e+03,6.64e+03,6.56e+03,6.28e+03; 7.48e+03,7.46e+03,7.39e+03,7.08e+03; 8.28e+03,8.27e+03,8.21e+03,7.92e+03; 9.09e+03,9.08e+03,9.03e+03,8.75e+03; 9.90e+03,9.89e+03,9.84e+03,9.59e+03; 1.07e+04,1.07e+04,1.06e+04,1.04e+04; 1.15e+04,1.15e+04,1.15e+04,1.13e+04; 1.23e+04,1.23e+04,1.23e+04,1.21e+04; 1.31e+04,1.31e+04,1.31e+04,1.29e+04; 1.39e+04,1.39e+04,1.39e+04,1.38e+04; 1.48e+04,1.48e+04,1.47e+04,1.46e+04; 1.56e+04,1.56e+04,1.55e+04,1.54e+04; 1.64e+04,1.64e+04,1.64e+04,1.62e+04; 1.72e+04,1.72e+04,1.72e+04,1.71e+04; 1.80e+04,1.80e+04,1.80e+04,1.79e+04; 1.88e+04,1.88e+04,1.88e+04,1.87e+04; 1.96e+04,1.96e+04,1.96e+04,1.95e+04; 2.05e+04,2.05e+04,2.04e+04,2.03e+04; 2.13e+04,2.13e+04,2.13e+04,2.12e+04; 2.21e+04,2.21e+04,2.21e+04,2.20e+04; 2.29e+04,2.29e+04,2.29e+04,2.28e+04; 2.37e+04,2.37e+04,2.37e+04,2.36e+04; 2.45e+04,2.45e+04,2.45e+04,2.44e+04; 2.54e+04,2.54e+04,2.53e+04,2.53e+04; 2.62e+04,2.62e+04,2.62e+04,2.61e+04; 2.70e+04,2.70e+04,2.70e+04,2.69e+04; 2.78e+04,2.78e+04,2.78e+04,2.77e+04; 2.86e+04,2.86e+04,2.86e+04,2.85e+04; 2.94e+04,2.94e+04,2.94e+04,2.93e+04; 3.03e+04,3.03e+04,3.02e+04,3.02e+04; 3.11e+04,3.11e+04,3.11e+04,3.10e+04; 3.19e+04,3.19e+04,3.19e+04,3.18e+04; 3.27e+04,3.27e+04,3.27e+04,3.26e+04; 3.35e+04,3.35e+04,3.35e+04,3.34e+04; 3.43e+04,3.43e+04,3.43e+04,3.43e+04; 3.52e+04,3.52e+04,3.51e+04,3.51e+04; 3.60e+04,3.60e+04,3.60e+04,3.59e+04; 3.68e+04,3.68e+04,3.68e+04,3.67e+04; 3.76e+04,3.76e+04,3.76e+04,3.75e+04; 3.84e+04,3.84e+04,3.84e+04,3.83e+04; 3.92e+04,3.92e+04,3.92e+04,3.92e+04; 4.01e+04,4.01e+04,4.00e+04,4.00e+04; 4.09e+04,4.09e+04,4.09e+04,4.08e+04; 4.17e+04,4.17e+04,4.17e+04,4.16e+04; 4.25e+04,4.25e+04,4.25e+04,4.24e+04; 4.33e+04,4.33e+04,4.33e+04,4.32e+04; 4.41e+04,4.41e+04,4.41e+04,4.41e+04; 4.50e+04,4.50e+04,4.49e+04,4.49e+04; 4.58e+04,4.58e+04,4.58e+04,4.57e+04; 4.66e+04,4.66e+04,4.66e+04,4.65e+04; 4.74e+04,4.74e+04,4.74e+04,4.73e+04; 4.82e+04,4.82e+04,4.82e+04,4.81e+04; 4.90e+04,4.90e+04,4.90e+04,4.90e+04; 4.99e+04,4.99e+04,4.99e+04,4.98e+04; 5.07e+04,5.07e+04,5.07e+04,5.06e+04; 5.15e+04,5.15e+04,5.15e+04,5.14e+04; 5.23e+04,5.23e+04,5.23e+04,5.22e+04","24,30,24,30,24,30,24,24,30,30,24,24,24,24,24,30,24,24,24,24,24,24,30,24,24,24,30,24,24,30,30,28,24,30,30,28,24,28,24,30,28,30,24,30,30,30,18,28,24,30,30,24,30,28,30,28,30,30,18,24,24,24,24,24"
647,48.33,39.08,"17.01,20.90,24.57,27.11,29.16,30.50,31.89,32.68,33.69,34.08,34.71,34.69,35.29,35.44,36.95,36.54,37.13,37.03,38.21,38.42,39.32,39.04,39.63,39.50,39.59,40.75,41.74,40.75,41.53,41.05,42.43,41.35,43.78,45.81,44.31,44.88,46.63,46.14,49.31,53.16,51.73,54.28,52.30,57.74,59.68,61.78,62.38,64.98,65.71,67.80,70.71,73.79,78.58,78.85,81.46,83.27,87.13,89.18,89.91,94.20,98.49,101.61,104.14,107.69","6.33e+02,6.32e+02,6.29e+02,6.09e+02","11,11,11,11","3.67e+03; 4.02e+03,3.32e+03; 5.60e+03,5.41e+03; 7.38e+03,7.30e+03; 9.20e+03,9.15e+03; 1.10e+04,1.10e+04; 1.29e+04,1.28e+04; 1.47e+04,1.47e+04; 1.65e+04,1.65e+04; 1.84e+04,1.83e+04; 2.02e+04,2.02e+04; 2.20e+04,2.20e+04; 2.13e+04,2.12e+04,5.22e+03; 2.23e+04,2.23e+04,6.79e+03; 2.28e+04,2.28e+04,9.51e+03; 2.33e+04,2.33e+04,1.22e+04; 2.59e+04,2.59e+04,1.06e+04; 2.44e+04,2.44e+04,1.06e+04,6.63e+03; 2.79e+04,2.79e+04,1.39e+04; 2.60e+04,2.60e+04,1.59e+04,5.53e+03; 3.11e+04,3.11e+04,1.49e+04; 2.73e+04,2.73e+04,1.36e+04,1.25e+04; 3.02e+04,3.02e+04,1.83e+04,5.64e+03; 3.01e+04,3.01e+04,1.98e+04,8.14e+03; 3.02e+04,3.02e+04,1.95e+04,1.19e+04; 3.04e+04,3.04e+04,1.91e+04,1.55e+04; 2.97e+04,2.97e+04,2.42e+04,1.56e+04; 3.26e+04,3.26e+04,2.03e+04,1.73e+04; 3.33e+04,3.33e+04,2.25e+04,1.73e+04; 3.33e+04,3.33e+04,2.50e+04,1.85e+04; 3.45e+04,3.45e+04,2.59e+04,1.90e+04; 3.28e+04,3.28e+04,2.80e+04,2.38e+04; 3.60e+04,3.60e+04,2.75e+04,2.15e+04; 3.61e+04,3.61e+04,2.76e+04,2.49e+04; 3.66e+04,3.66e+04,2.91e+04,2.62e+04; 3.74e+04,3.74e+04,2.92e+04,2.81e+04; 3.93e+04,3.93e+04,3.38e+04,2.34e+04; 3.94e+04,3.94e+04,3.04e+04,3.02e+04; 4.01e+04,4.01e+04,3.30e+04,2.98e+04; 4.04e+04,4.04e+04,3.45e+04,3.15e+04; 4.02e+04,4.02e+04,3.64e+04,3.36e+04; 4.34e+04,4.34e+04,3.51e+04,3.22e+04; 4.38e+04,4.38e+04,3.59e+04,3.44e+04; 4.43e+04,4.43e+04,3.69e+04,3.60e+04; 4.57e+04,4.57e+04,3.71e+04,3.66e+04; 4.67e+04,4.67e+04,3.95e+04,3.58e+04; 4.80e+04,4.80e+04,4.01e+04,3.64e+04; 4.76e+04,4.76e+04,4.16e+04,3.93e+04; 4.89e+04,4.89e+04,4.13e+04,4.08e+04; 4.94e+04,4.94e+04,4.29e+04,4.19e+04; 5.24e+04,5.24e+04,4.47e+04,3.78e+04; 5.12e+04,5.12e+04,4.52e+04,4.32e+04; 5.42e+04,5.42e+04,4.55e+04,4.05e+04; 5.37e+04,5.37e+04,4.55e+04,4.53e+04; 5.52e+04,5.52e+04,4.69e+04,4.46e+04; 5.50e+04,5.50e+04,4.93e+04,4.62e+04; 5.69e+04,5.69e+04,4.91e+04,4.64e+04; 5.65e+04,5.65e+04,5.08e+04,4.91e+04; 5.78e+04,5.78e+04,5.10e+04,4.99e+04; 5.77e+04,5.77e+04,5.39e+04,5.09e+04; 5.83e+04,5.83e+04,5.43e+04,5.30e+04; 5.86e+04,5.86e+04,5.59e+04,5.45e+04; 6.06e+04,6.05e+04,5.57e+04,5.44e+04; 6.10e+04,6.10e+04,5.70e+04,5.59e+04","23,23,23,23,23,23,23,23,16,23,38,23,16,23,38,22,23,23,22,38,23,16,38,16,16,23,38,38,16,16,16,23,22,16,16,16,23,23,23,16,22,22,22,16,38,23,22,16,22,16,38,16,22,22,38,16,22,16,23,23,22,23,22,23"
648,48.32,41.57,"18.47,25.00,28.75,31.33,32.83,35.46,36.44,38.71,41.20,41.12,42.25,43.33,43.75,44.74,45.29,45.81,48.04,47.03,48.81,47.56,49.53,50.08,50.39,49.03,50.21,51.42,54.99,53.79,52.77,55.83,56.08,57.34,57.05,59.91,60.22,62.56,64.53,64.21,66.26,67.53,70.92,69.34,74.23,76.64,80.44,78.16,80.01,79.54,84.24,87.64,89.15,90.82,91.95,94.86,95.57,95.65,98.39,99.54,107.22,110.76,111.04,113.26,114.59,113.65","8.26e+02,8.26e+02,8.20e+02,7.68e+02","12,12,10,12","5.03e+03; 5.10e+03,4.97e+03; 7.57e+03,7.53e+03; 9.73e+03,9.71e+03,6.96e+02; 8.64e+03,8.63e+03,7.91e+03; 1.12e+04,1.12e+04,7.88e+03; 9.51e+03,9.50e+03,8.77e+03,7.47e+03; 1.09e+04,1.09e+04,1.02e+04,8.15e+03; 1.24e+04,1.24e+04,1.17e+04,8.93e+03; 1.32e+04,1.32e+04,1.22e+04,1.18e+04; 1.44e+04,1.44e+04,1.34e+04,1.32e+04; 1.70e+04,1.70e+04,1.65e+04,9.89e+03; 1.75e+04,1.75e+04,1.70e+04,1.34e+04; 1.92e+04,1.92e+04,1.86e+04,1.35e+04; 2.04e+04,2.04e+04,1.99e+04,1.48e+04; 2.13e+04,2.13e+04,2.09e+04,1.70e+04; 2.32e+04,2.31e+04,2.28e+04,1.65e+04; 2.36e+04,2.36e+04,2.32e+04,2.02e+04; 2.49e+04,2.49e+04,2.45e+04,2.13e+04; 2.77e+04,2.77e+04,2.73e+04,1.79e+04; 2.73e+04,2.73e+04,2.69e+04,2.41e+04; 2.99e+04,2.99e+04,2.96e+04,2.13e+04; 3.06e+04,3.06e+04,3.02e+04,2.45e+04; 3.18e+04,3.18e+04,3.15e+04,2.58e+04; 3.31e+04,3.31e+04,3.27e+04,2.70e+04; 3.32e+04,3.32e+04,3.28e+04,3.18e+04; 3.46e+04,3.46e+04,3.43e+04,3.23e+04; 3.76e+04,3.76e+04,3.73e+04,2.85e+04; 3.95e+04,3.95e+04,3.92e+04,2.80e+04; 3.84e+04,3.84e+04,3.81e+04,3.62e+04; 3.99e+04,3.99e+04,3.96e+04,3.67e+04; 4.15e+04,4.15e+04,4.12e+04,3.68e+04; 4.33e+04,4.33e+04,4.30e+04,3.66e+04; 4.31e+04,4.31e+04,4.26e+04,4.23e+04; 4.52e+04,4.52e+04,4.49e+04,4.10e+04; 4.83e+04,4.83e+04,4.80e+04,3.66e+04; 4.83e+04,4.83e+04,4.80e+04,4.17e+04; 4.90e+04,4.90e+04,4.88e+04,4.45e+04; 5.02e+04,5.02e+04,5.00e+04,4.60e+04; 5.18e+04,5.18e+04,5.15e+04,4.63e+04; 5.28e+04,5.28e+04,5.26e+04,4.83e+04; 5.32e+04,5.32e+04,5.29e+04,5.21e+04; 5.52e+04,5.52e+04,5.49e+04,5.12e+04; 5.64e+04,5.64e+04,5.62e+04,5.24e+04; 5.83e+04,5.83e+04,5.81e+04,5.20e+04; 5.90e+04,5.90e+04,5.88e+04,5.47e+04; 6.00e+04,6.00e+04,5.98e+04,5.68e+04; 6.11e+04,6.11e+04,6.09e+04,5.85e+04; 6.26e+04,6.26e+04,6.25e+04,5.89e+04; 6.39e+04,6.39e+04,6.37e+04,6.02e+04; 6.49e+04,6.49e+04,6.48e+04,6.22e+04; 6.63e+04,6.63e+04,6.61e+04,6.30e+04; 6.73e+04,6.73e+04,6.71e+04,6.52e+04; 6.94e+04,6.94e+04,6.93e+04,6.38e+04; 6.98e+04,6.98e+04,6.96e+04,6.77e+04; 7.12e+04,7.12e+04,7.10e+04,6.86e+04; 7.27e+04,7.27e+04,7.26e+04,6.89e+04; 7.40e+04,7.40e+04,7.39e+04,7.02e+04; 7.49e+04,7.49e+04,7.48e+04,7.24e+04; 7.67e+04,7.67e+04,7.66e+04,7.22e+04; 7.89e+04,7.89e+04,7.88e+04,7.06e+04; 7.86e+04,7.86e+04,7.85e+04,7.64e+04; 8.00e+04,8.00e+04,7.99e+04,7.73e+04; 8.16e+04,8.16e+04,8.14e+04,7.77e+04","31,31,31,31,31,31,31,31,31,63,47,31,47,31,31,31,47,63,47,63,47,31,63,31,15,63,31,47,47,15,15,47,63,15,47,63,31,47,31,31,47,31,31,63,63,15,47,31,31,63,31,15,31,47,47,31,15,31,31,31,15,63,47,47"
649,43.31,38.77,"17.55,25.43,29.29,31.99,33.51,35.29,37.39,38.65,39.78,40.14,40.77,42.19,41.66,42.08,43.11,43.76,43.99,43.18,44.50,46.09,45.39,46.28,47.26,45.26,46.45,47.58,46.78,48.37,49.27,49.55,50.69,50.84,48.89,51.18,52.77,54.28,56.70,56.14,57.19,57.58,57.76,58.98,63.27,65.01,66.25,68.96,66.96,71.30,71.57,75.51,75.43,78.63,79.99,80.33,85.36,88.56,91.10,93.53,93.48,102.15,105.97,106.63,109.03,112.60","8.51e+02,8.51e+02,8.33e+02,6.02e+02","11,11,3,11","4.18e+03; 4.21e+03,4.15e+03; 6.28e+03,6.26e+03; 8.36e+03,8.35e+03; 1.04e+04,1.04e+04; 1.01e+04,1.01e+04,4.83e+03; 1.04e+04,1.04e+04,8.42e+03; 1.14e+04,1.14e+04,1.05e+04; 1.29e+04,1.28e+04,1.19e+04; 1.41e+04,1.41e+04,1.31e+04,5.32e+02; 1.61e+04,1.61e+04,1.38e+04; 1.71e+04,1.71e+04,1.60e+04; 1.84e+04,1.84e+04,1.75e+04; 1.98e+04,1.98e+04,1.89e+04; 2.08e+04,2.08e+04,2.00e+04,1.18e+03; 2.18e+04,2.18e+04,2.12e+04,2.19e+03; 2.39e+04,2.39e+04,2.33e+04; 1.96e+04,1.96e+04,1.88e+04,1.73e+04; 2.68e+04,2.68e+04,2.59e+04; 2.67e+04,2.67e+04,2.59e+04,4.16e+03; 2.85e+04,2.85e+04,2.79e+04,2.75e+03; 2.50e+04,2.50e+04,2.45e+04,1.74e+04; 2.77e+04,2.77e+04,2.71e+04,1.35e+04; 2.69e+04,2.69e+04,2.63e+04,2.01e+04; 3.10e+04,3.10e+04,3.05e+04,1.20e+04; 2.83e+04,2.83e+04,2.76e+04,2.45e+04; 2.92e+04,2.92e+04,2.86e+04,2.59e+04; 3.67e+04,3.67e+04,3.57e+04,7.92e+03; 3.74e+04,3.74e+04,3.68e+04,9.58e+03; 3.72e+04,3.72e+04,3.66e+04,1.44e+04; 3.84e+04,3.84e+04,3.79e+04,1.49e+04; 3.65e+04,3.65e+04,3.60e+04,2.48e+04; 3.51e+04,3.51e+04,3.46e+04,3.31e+04; 3.86e+04,3.86e+04,3.81e+04,2.68e+04; 3.74e+04,3.74e+04,3.70e+04,3.44e+04; 4.09e+04,4.09e+04,4.04e+04,2.82e+04; 4.30e+04,4.30e+04,4.26e+04,2.61e+04; 4.09e+04,4.09e+04,4.05e+04,3.64e+04; 4.38e+04,4.38e+04,4.34e+04,3.19e+04; 4.43e+04,4.43e+04,4.39e+04,3.47e+04; 4.35e+04,4.35e+04,4.32e+04,4.12e+04; 4.45e+04,4.45e+04,4.41e+04,4.24e+04; 4.62e+04,4.62e+04,4.59e+04,4.14e+04; 4.70e+04,4.70e+04,4.67e+04,4.32e+04; 4.98e+04,4.98e+04,4.95e+04,3.90e+04; 5.00e+04,5.00e+04,4.97e+04,4.25e+04; 5.38e+04,5.38e+04,5.35e+04,3.54e+04; 5.39e+04,5.39e+04,5.36e+04,3.92e+04; 5.20e+04,5.20e+04,5.17e+04,4.91e+04; 5.36e+04,5.36e+04,5.33e+04,4.84e+04; 5.72e+04,5.72e+04,5.69e+04,4.19e+04; 5.69e+04,5.69e+04,5.65e+04,4.70e+04; 5.66e+04,5.66e+04,5.63e+04,5.20e+04; 5.71e+04,5.71e+04,5.68e+04,5.47e+04; 6.04e+04,6.04e+04,6.01e+04,4.90e+04; 6.08e+04,6.08e+04,6.06e+04,5.18e+04; 6.07e+04,6.07e+04,6.05e+04,5.62e+04; 6.18e+04,6.18e+04,6.16e+04,5.73e+04; 6.31e+04,6.31e+04,6.28e+04,5.76e+04; 6.40e+04,6.40e+04,6.38e+04,5.89e+04; 6.59e+04,6.59e+04,6.57e+04,5.75e+04; 6.75e+04,6.75e+04,6.74e+04,5.66e+04; 6.69e+04,6.69e+04,6.67e+04,6.27e+04; 6.83e+04,6.83e+04,6.81e+04,6.28e+04","31,31,31,31,31,31,31,31,47,47,15,47,29,31,31,31,29,47,31,29,47,29,47,29,29,47,29,15,47,15,15,47,31,31,29,31,15,29,47,31,31,31,29,31,31,15,31,29,31,31,47,15,31,31,31,31,31,31,31,31,29,15,31,47"
650,47.89,43.67,"18.42,23.00,26.65,29.28,31.78,34.58,36.82,38.61,39.68,40.75,41.36,41.35,41.81,43.50,42.09,43.27,44.58,44.47,46.20,44.12,48.71,49.58,49.04,50.90,50.96,53.14,53.13,54.28,57.65,58.20,59.86,62.54,69.40,68.56,72.61,74.16,73.63,79.97,80.29,84.44,86.89,88.23,88.45,90.50,94.25,97.35,101.80,107.68,110.93,113.41,118.58,121.53,126.96,132.38,134.92,139.77,140.71,146.83,154.06,156.57,163.28,165.24,173.32,177.86","1.37e+03,1.37e+03,1.36e+03,1.20e+03","15,7,15,15","7.41e+03; 7.81e+03,7.01e+03; 1.12e+04,1.10e+04; 1.49e+04,1.48e+04; 1.40e+04,1.39e+04,9.18e+03; 1.55e+04,1.55e+04,1.35e+04; 1.76e+04,1.76e+04,1.67e+04; 1.99e+04,1.99e+04,1.94e+04; 2.24e+04,2.24e+04,2.20e+04; 2.48e+04,2.48e+04,2.45e+04; 2.73e+04,2.73e+04,2.69e+04; 2.98e+04,2.98e+04,2.94e+04; 2.73e+04,2.73e+04,2.69e+04,1.49e+04; 2.99e+04,2.99e+04,2.95e+04,1.45e+04; 3.23e+04,3.22e+04,3.19e+04,1.48e+04; 3.25e+04,3.25e+04,3.21e+04,2.15e+04; 3.30e+04,3.30e+04,3.26e+04,2.75e+04; 3.78e+04,3.78e+04,3.76e+04,2.02e+04; 3.84e+04,3.83e+04,3.81e+04,2.61e+04; 4.23e+04,4.23e+04,4.21e+04,2.15e+04; 4.13e+04,4.13e+04,4.10e+04,3.21e+04; 4.31e+04,4.30e+04,4.28e+04,3.41e+04; 4.45e+04,4.45e+04,4.43e+04,3.72e+04; 4.60e+04,4.60e+04,4.59e+04,4.00e+04; 4.81e+04,4.81e+04,4.80e+04,4.11e+04; 4.98e+04,4.98e+04,4.97e+04,4.34e+04; 5.23e+04,5.23e+04,5.22e+04,4.34e+04; 5.34e+04,5.34e+04,5.32e+04,4.76e+04; 5.95e+04,5.95e+04,5.93e+04,3.67e+04; 5.71e+04,5.71e+04,5.70e+04,5.11e+04; 5.86e+04,5.86e+04,5.85e+04,5.40e+04; 6.04e+04,6.03e+04,6.03e+04,5.62e+04; 6.22e+04,6.22e+04,6.21e+04,5.80e+04; 6.39e+04,6.39e+04,6.38e+04,6.04e+04; 6.62e+04,6.62e+04,6.61e+04,6.10e+04; 6.78e+04,6.78e+04,6.77e+04,6.36e+04; 6.97e+04,6.96e+04,6.96e+04,6.54e+04; 7.17e+04,7.17e+04,7.16e+04,6.67e+04; 7.31e+04,7.30e+04,7.30e+04,7.00e+04; 7.48e+04,7.48e+04,7.48e+04,7.21e+04; 7.67e+04,7.67e+04,7.66e+04,7.39e+04; 7.86e+04,7.85e+04,7.85e+04,7.57e+04; 8.06e+04,8.06e+04,8.05e+04,7.70e+04; 8.31e+04,8.31e+04,8.30e+04,7.70e+04; 8.47e+04,8.47e+04,8.47e+04,7.94e+04; 8.60e+04,8.60e+04,8.60e+04,8.29e+04; 8.77e+04,8.77e+04,8.77e+04,8.53e+04; 8.94e+04,8.94e+04,8.94e+04,8.77e+04; 9.14e+04,9.13e+04,9.13e+04,8.92e+04; 9.32e+04,9.32e+04,9.31e+04,9.12e+04; 9.51e+04,9.51e+04,9.51e+04,9.26e+04; 9.69e+04,9.69e+04,9.69e+04,9.48e+04; 9.90e+04,9.90e+04,9.90e+04,9.58e+04; 1.01e+05,1.01e+05,1.01e+05,9.79e+04; 1.02e+05,1.02e+05,1.02e+05,1.01e+05; 1.04e+05,1.04e+05,1.04e+05,1.03e+05; 1.06e+05,1.06e+05,1.06e+05,1.05e+05; 1.08e+05,1.08e+05,1.08e+05,1.06e+05; 1.10e+05,1.10e+05,1.10e+05,1.08e+05; 1.12e+05,1.12e+05,1.12e+05,1.10e+05; 1.14e+05,1.14e+05,1.14e+05,1.11e+05; 1.15e+05,1.15e+05,1.15e+05,1.14e+05; 1.17e+05,1.17e+05,1.17e+05,1.16e+05; 1.19e+05,1.19e+05,1.19e+05,1.18e+05","22,22,22,22,22,22,22,22,22,22,38,38,38,16,28,38,38,22,22,22,22,22,22,16,16,22,38,22,28,16,16,38,16,22,16,28,22,38,38,16,38,28,28,38,22,22,22,22,28,22,22,38,22,38,22,22,38,22,16,22,22,16,22,22"
