ue,C_AE,C_UE,C_BS_hist,lambda_UE,ue_beams,lambda_BS_per_layer,bs_beams
492,53.50,43.31,"17.29,22.07,25.57,27.96,29.43,31.18,33.15,34.64,36.47,37.25,37.36,38.28,39.13,39.83,39.64,40.52,41.36,42.15,42.68,41.45,42.65,44.94,45.28,45.99,45.17,44.98,49.10,48.71,49.78,51.52,50.88,53.77,55.22,55.83,58.40,59.06,60.10,63.24,64.02,67.31,72.26,72.09,78.06,73.74,82.06,85.84,88.47,88.73,93.86,96.18,100.88,104.56,100.39,105.60,106.26,111.99,109.83,111.87,118.14,123.47,122.71,122.06,132.33,130.29","1.14e+03,1.14e+03,1.14e+03,1.11e+03","8,0,8,10","8.05e+03; 8.47e+03,7.63e+03; 1.22e+04,1.19e+04; 1.62e+04,1.60e+04; 2.02e+04,2.01e+04; 1.94e+04,1.93e+04,9.54e+03; 2.04e+04,2.04e+04,1.55e+04; 2.23e+04,2.22e+04,1.98e+04; 2.46e+04,2.45e+04,2.33e+04; 2.73e+04,2.72e+04,2.60e+04; 2.45e+04,2.44e+04,2.32e+04,1.65e+04; 3.25e+04,3.25e+04,3.15e+04; 3.41e+04,3.41e+04,3.33e+04,3.13e+03; 3.79e+04,3.78e+04,3.70e+04; 3.68e+04,3.67e+04,3.60e+04,1.12e+04; 3.99e+04,3.99e+04,3.92e+04,9.73e+03; 3.72e+04,3.72e+04,3.64e+04,2.60e+04; 4.18e+04,4.18e+04,4.12e+04,2.00e+04; 4.02e+04,4.02e+04,3.97e+04,3.28e+04; 4.75e+04,4.74e+04,4.69e+04,1.91e+04; 4.98e+04,4.98e+04,4.94e+04,2.01e+04; 4.95e+04,4.94e+04,4.91e+04,2.90e+04; 5.15e+04,5.15e+04,5.11e+04,3.09e+04; 5.33e+04,5.32e+04,5.29e+04,3.37e+04; 5.50e+04,5.50e+04,5.48e+04,3.63e+04; 5.67e+04,5.67e+04,5.64e+04,3.94e+04; 5.91e+04,5.90e+04,5.88e+04,4.03e+04; 6.09e+04,6.09e+04,6.07e+04,4.29e+04; 6.35e+04,6.35e+04,6.33e+04,4.31e+04; 6.52e+04,6.52e+04,6.50e+04,4.59e+04; 6.40e+04,6.40e+04,6.38e+04,5.76e+04; 6.68e+04,6.68e+04,6.66e+04,5.72e+04; 6.98e+04,6.98e+04,6.97e+04,5.62e+04; 7.36e+04,7.36e+04,7.35e+04,5.28e+04; 7.41e+04,7.41e+04,7.40e+04,5.94e+04; 7.41e+04,7.40e+04,7.39e+04,6.77e+04; 7.98e+04,7.98e+04,7.97e+04,5.84e+04; 8.03e+04,8.02e+04,8.01e+04,6.51e+04; 8.21e+04,8.21e+04,8.20e+04,6.77e+04; 8.26e+04,8.26e+04,8.25e+04,7.42e+04; 8.57e+04,8.57e+04,8.56e+04,7.29e+04; 8.59e+04,8.59e+04,8.58e+04,8.03e+04; 9.06e+04,9.06e+04,9.05e+04,7.43e+04; 9.15e+04,9.14e+04,9.14e+04,7.97e+04; 9.62e+04,9.62e+04,9.61e+04,7.35e+04; 9.48e+04,9.47e+04,9.47e+04,8.59e+04; 9.53e+04,9.53e+04,9.52e+04,9.23e+04; 9.88e+04,9.88e+04,9.87e+04,8.99e+04; 1.02e+05,1.02e+05,1.02e+05,8.92e+04; 1.02e+05,1.02e+05,1.02e+05,9.63e+04; 1.06e+05,1.06e+05,1.06e+05,9.37e+04; 1.05e+05,1.05e+05,1.05e+05,1.03e+05; 1.10e+05,1.10e+05,1.10e+05,9.71e+04; 1.09e+05,1.09e+05,1.09e+05,1.07e+05; 1.12e+05,1.12e+05,1.12e+05,1.06e+05; 1.15e+05,1.15e+05,1.15e+05,1.06e+05; 1.16e+05,1.16e+05,1.16e+05,1.10e+05; 1.19e+05,1.19e+05,1.18e+05,1.11e+05; 1.21e+05,1.21e+05,1.21e+05,1.13e+05; 1.24e+05,1.24e+05,1.23e+05,1.12e+05; 1.26e+05,1.26e+05,1.26e+05,1.12e+05; 1.27e+05,1.27e+05,1.27e+05,1.18e+05; 1.28e+05,1.28e+05,1.28e+05,1.23e+05; 1.31e+05,1.31e+05,1.31e+05,1.22e+05","14,14,14,14,14,14,14,14,14,8,10,14,14,12,14,10,12,8,8,12,14,14,14,10,8,10,14,12,14,10,8,10,14,10,10,14,10,14,14,14,14,8,10,14,14,14,10,12,8,14,14,10,8,12,12,14,10,10,12,14,12,8,14,12"
493,48.37,38.01,"16.48,18.97,21.57,23.49,25.35,27.64,29.65,31.60,32.76,33.90,34.80,35.64,36.49,37.11,37.97,38.74,39.09,39.91,40.49,41.04,41.50,41.99,42.39,43.01,43.35,43.19,43.97,44.04,44.69,45.33,44.73,45.54,45.19,45.53,47.82,47.12,49.23,48.60,47.42,48.72,49.42,47.31,47.91,49.75,51.14,50.20,48.39,50.31,53.02,54.10,52.05,51.42,52.72,54.63,54.01,56.53,53.76,56.67,57.32,58.59,58.66,58.59,62.11,64.27","3.41e+02,3.40e+02,3.35e+02,3.30e+02","8,0,8,0","2.34e+03; 3.32e+03,1.36e+03; 3.88e+03,3.14e+03; 4.81e+03,4.38e+03,1.58e+02; 4.66e+03,4.33e+03,2.69e+03; 5.05e+03,4.79e+03,4.19e+03; 5.03e+03,4.84e+03,4.47e+03,2.02e+03; 5.52e+03,5.39e+03,5.10e+03,2.68e+03; 5.72e+03,5.57e+03,5.24e+03,4.51e+03; 6.22e+03,6.07e+03,5.72e+03,5.36e+03; 6.80e+03,6.65e+03,6.32e+03,5.94e+03; 7.34e+03,7.19e+03,6.89e+03,6.64e+03; 7.92e+03,7.77e+03,7.50e+03,7.20e+03; 8.49e+03,8.34e+03,8.09e+03,7.81e+03; 9.05e+03,8.90e+03,8.66e+03,8.46e+03; 9.61e+03,9.49e+03,9.27e+03,9.04e+03; 1.02e+04,1.01e+04,9.90e+03,9.60e+03; 1.07e+04,1.06e+04,1.05e+04,1.02e+04; 1.14e+04,1.13e+04,1.11e+04,1.07e+04; 1.19e+04,1.18e+04,1.17e+04,1.14e+04; 1.25e+04,1.24e+04,1.22e+04,1.19e+04; 1.31e+04,1.30e+04,1.28e+04,1.25e+04; 1.37e+04,1.35e+04,1.34e+04,1.31e+04; 1.42e+04,1.41e+04,1.40e+04,1.37e+04; 1.48e+04,1.47e+04,1.46e+04,1.43e+04; 1.54e+04,1.53e+04,1.51e+04,1.50e+04; 1.60e+04,1.59e+04,1.57e+04,1.56e+04; 1.65e+04,1.64e+04,1.63e+04,1.62e+04; 1.71e+04,1.70e+04,1.69e+04,1.67e+04; 1.77e+04,1.76e+04,1.75e+04,1.73e+04; 1.83e+04,1.82e+04,1.81e+04,1.79e+04; 1.89e+04,1.88e+04,1.87e+04,1.85e+04; 1.94e+04,1.94e+04,1.92e+04,1.91e+04; 2.00e+04,1.99e+04,1.98e+04,1.97e+04; 2.06e+04,2.05e+04,2.04e+04,2.03e+04; 2.12e+04,2.11e+04,2.10e+04,2.09e+04; 2.18e+04,2.17e+04,2.15e+04,2.15e+04; 2.24e+04,2.23e+04,2.22e+04,2.20e+04; 2.29e+04,2.28e+04,2.28e+04,2.26e+04; 2.35e+04,2.34e+04,2.33e+04,2.32e+04; 2.41e+04,2.40e+04,2.39e+04,2.38e+04; 2.47e+04,2.46e+04,2.45e+04,2.44e+04; 2.53e+04,2.52e+04,2.51e+04,2.50e+04; 2.59e+04,2.58e+04,2.57e+04,2.56e+04; 2.64e+04,2.64e+04,2.63e+04,2.61e+04; 2.70e+04,2.69e+04,2.68e+04,2.67e+04; 2.76e+04,2.75e+04,2.74e+04,2.73e+04; 2.82e+04,2.81e+04,2.80e+04,2.79e+04; 2.88e+04,2.87e+04,2.86e+04,2.85e+04; 2.93e+04,2.93e+04,2.92e+04,2.91e+04; 2.99e+04,2.99e+04,2.98e+04,2.96e+04; 3.05e+04,3.04e+04,3.03e+04,3.03e+04; 3.11e+04,3.10e+04,3.09e+04,3.09e+04; 3.17e+04,3.16e+04,3.15e+04,3.14e+04; 3.23e+04,3.22e+04,3.21e+04,3.20e+04; 3.28e+04,3.28e+04,3.27e+04,3.26e+04; 3.34e+04,3.34e+04,3.33e+04,3.32e+04; 3.40e+04,3.39e+04,3.38e+04,3.38e+04; 3.46e+04,3.45e+04,3.44e+04,3.44e+04; 3.52e+04,3.51e+04,3.50e+04,3.50e+04; 3.58e+04,3.57e+04,3.56e+04,3.56e+04; 3.64e+04,3.63e+04,3.62e+04,3.61e+04; 3.69e+04,3.69e+04,3.68e+04,3.67e+04; 3.75e+04,3.75e+04,3.74e+04,3.73e+04","7,7,7,7,7,7,7,7,23,23,7,23,7,7,23,7,7,7,7,7,55,7,7,23,39,23,23,55,7,7,39,55,39,7,23,23,55,7,23,55,55,39,55,7,7,23,7,39,55,39,23,55,23,55,23,23,55,55,39,39,23,7,7,55"
494,40.35,34.01,"16.51,19.97,23.22,25.40,26.87,27.80,28.57,29.30,29.63,30.20,30.65,31.22,31.64,32.13,32.68,32.88,34.02,34.54,34.30,34.45,34.97,35.65,36.28,36.21,36.86,37.19,36.67,37.66,37.11,38.36,38.12,39.34,39.55,40.00,38.78,40.76,40.74,41.75,41.07,39.79,42.16,42.75,40.06,41.45,41.70,43.97,43.28,44.34,46.76,46.13,45.59,45.47,45.76,48.10,47.83,46.90,48.75,48.71,49.96,51.31,50.18,51.16,54.06,53.71","4.87e+02,4.86e+02,4.69e+02,4.08e+02","12,4,10,12","2.61e+03; 2.97e+03,2.24e+03; 4.03e+03,3.79e+03; 5.28e+03,5.14e+03; 6.56e+03,6.46e+03; 7.86e+03,7.77e+03; 9.16e+03,9.08e+03; 1.05e+04,1.04e+04; 1.02e+04,1.02e+04,3.04e+03; 1.25e+04,1.24e+04,1.11e+03; 1.30e+04,1.29e+04,2.81e+03; 1.33e+04,1.33e+04,4.63e+03; 1.38e+04,1.37e+04,4.21e+03,2.16e+03; 1.41e+04,1.41e+04,7.14e+03,1.11e+03; 1.45e+04,1.44e+04,6.16e+03,4.02e+03; 1.45e+04,1.44e+04,8.01e+03,4.77e+03; 1.52e+04,1.52e+04,8.35e+03,5.52e+03; 1.57e+04,1.56e+04,9.19e+03,6.43e+03; 1.73e+04,1.72e+04,9.45e+03,5.52e+03; 1.94e+04,1.94e+04,1.04e+04,2.94e+03; 1.77e+04,1.77e+04,1.12e+04,8.12e+03; 1.93e+04,1.92e+04,1.39e+04,4.94e+03; 1.88e+04,1.88e+04,1.48e+04,7.58e+03; 1.87e+04,1.87e+04,1.53e+04,9.81e+03; 1.93e+04,1.93e+04,1.58e+04,1.07e+04; 1.99e+04,1.98e+04,1.63e+04,1.18e+04; 2.18e+04,2.18e+04,1.54e+04,1.13e+04; 2.18e+04,2.18e+04,1.58e+04,1.36e+04; 2.24e+04,2.24e+04,1.89e+04,1.18e+04; 2.32e+04,2.31e+04,1.99e+04,1.20e+04; 2.30e+04,2.30e+04,2.03e+04,1.45e+04; 2.36e+04,2.35e+04,2.08e+04,1.55e+04; 2.41e+04,2.41e+04,2.13e+04,1.64e+04; 2.48e+04,2.48e+04,2.22e+04,1.67e+04; 2.63e+04,2.63e+04,2.25e+04,1.61e+04; 2.69e+04,2.68e+04,2.15e+04,1.86e+04; 2.61e+04,2.60e+04,2.41e+04,2.02e+04; 2.74e+04,2.74e+04,2.51e+04,1.91e+04; 2.77e+04,2.77e+04,2.54e+04,2.08e+04; 2.83e+04,2.83e+04,2.61e+04,2.16e+04; 2.89e+04,2.89e+04,2.67e+04,2.24e+04; 2.95e+04,2.95e+04,2.73e+04,2.31e+04; 3.15e+04,3.15e+04,2.66e+04,2.24e+04; 3.16e+04,3.15e+04,2.66e+04,2.50e+04; 3.20e+04,3.20e+04,3.00e+04,2.33e+04; 3.19e+04,3.19e+04,3.01e+04,2.59e+04; 3.24e+04,3.24e+04,3.09e+04,2.67e+04; 3.30e+04,3.30e+04,3.15e+04,2.76e+04; 3.37e+04,3.37e+04,3.22e+04,2.81e+04; 3.43e+04,3.43e+04,3.29e+04,2.88e+04; 3.52e+04,3.52e+04,3.32e+04,2.93e+04; 3.66e+04,3.66e+04,3.15e+04,3.08e+04; 3.62e+04,3.62e+04,3.47e+04,3.09e+04; 3.79e+04,3.78e+04,3.65e+04,2.84e+04; 3.77e+04,3.76e+04,3.63e+04,3.17e+04; 3.81e+04,3.81e+04,3.68e+04,3.30e+04; 3.87e+04,3.87e+04,3.74e+04,3.36e+04; 3.94e+04,3.94e+04,3.81e+04,3.43e+04; 4.03e+04,4.03e+04,3.86e+04,3.45e+04; 4.13e+04,4.13e+04,3.87e+04,3.50e+04; 4.13e+04,4.13e+04,4.00e+04,3.63e+04; 4.21e+04,4.21e+04,4.09e+04,3.65e+04; 4.25e+04,4.25e+04,4.15e+04,3.77e+04; 4.31e+04,4.31e+04,4.22e+04,3.84e+04","15,15,15,15,15,15,15,15,62,15,15,47,15,15,62,15,15,62,47,62,62,62,15,15,47,30,62,47,47,30,15,30,47,15,47,15,62,15,30,47,30,30,15,15,15,15,15,30,62,15,47,47,62,62,62,47,62,62,15,47,62,15,15,15"
495,37.29,31.57,"17.70,19.85,21.96,23.98,25.78,27.39,28.64,29.69,30.10,30.91,31.20,31.89,31.87,32.32,33.01,33.22,34.48,34.14,34.02,34.38,34.36,36.11,35.03,34.97,36.46,36.04,35.38,36.16,36.49,36.86,38.21,38.00,38.55,38.34,38.77,40.65,40.52,38.90,40.78,41.38,41.21,45.47,45.20,42.01,46.15,46.32,45.78,46.85,47.15,50.21,48.55,53.16,52.99,56.23,58.67,56.93,60.18,60.05,68.30,63.96,65.19,70.10,72.10,72.61","3.86e+02,3.82e+02,3.72e+02,3.34e+02","11,3,11,11","1.86e+03; 3.17e+03,5.52e+02; 3.29e+03,2.30e+03; 3.98e+03,3.47e+03; 4.80e+03,4.52e+03; 5.67e+03,5.51e+03; 6.57e+03,6.47e+03; 6.32e+03,6.25e+03,2.33e+03; 7.07e+03,7.00e+03,2.70e+03; 7.60e+03,7.53e+03,3.50e+03; 8.51e+03,8.45e+03,3.53e+03; 1.12e+04,1.11e+04; 1.03e+04,1.02e+04,3.71e+03; 1.01e+04,1.01e+04,5.90e+03; 1.07e+04,1.07e+04,6.52e+03; 1.07e+04,1.07e+04,7.46e+03,9.80e+02; 1.17e+04,1.17e+04,8.25e+03; 1.10e+04,1.10e+04,7.83e+03,3.68e+03; 1.16e+04,1.16e+04,8.34e+03,3.86e+03; 1.37e+04,1.36e+04,9.92e+03; 1.48e+04,1.47e+04,9.64e+03; 1.45e+04,1.45e+04,1.06e+04,1.38e+03; 1.39e+04,1.38e+04,1.03e+04,4.78e+03; 1.43e+04,1.43e+04,1.08e+04,5.31e+03; 1.50e+04,1.49e+04,1.14e+04,5.30e+03; 1.53e+04,1.53e+04,1.18e+04,6.07e+03; 1.64e+04,1.64e+04,1.30e+04,4.48e+03; 1.68e+04,1.67e+04,1.23e+04,6.37e+03; 1.67e+04,1.66e+04,1.27e+04,8.06e+03; 1.64e+04,1.64e+04,1.44e+04,8.73e+03; 1.71e+04,1.70e+04,1.43e+04,9.36e+03; 1.70e+04,1.70e+04,1.47e+04,1.08e+04; 1.81e+04,1.81e+04,1.54e+04,9.87e+03; 1.86e+04,1.85e+04,1.60e+04,1.02e+04; 1.83e+04,1.83e+04,1.63e+04,1.23e+04; 1.88e+04,1.88e+04,1.65e+04,1.30e+04; 1.98e+04,1.98e+04,1.77e+04,1.16e+04; 2.00e+04,2.00e+04,1.79e+04,1.29e+04; 2.05e+04,2.04e+04,1.83e+04,1.35e+04; 2.01e+04,2.01e+04,1.89e+04,1.55e+04; 2.09e+04,2.09e+04,1.96e+04,1.50e+04; 2.15e+04,2.15e+04,1.99e+04,1.53e+04; 2.26e+04,2.25e+04,2.00e+04,1.50e+04; 2.21e+04,2.21e+04,1.92e+04,1.87e+04; 2.25e+04,2.25e+04,2.15e+04,1.74e+04; 2.44e+04,2.44e+04,2.33e+04,1.37e+04; 2.30e+04,2.30e+04,2.21e+04,1.95e+04; 2.45e+04,2.44e+04,2.31e+04,1.74e+04; 2.37e+04,2.36e+04,2.30e+04,2.10e+04; 2.47e+04,2.47e+04,2.37e+04,2.01e+04; 2.45e+04,2.45e+04,2.37e+04,2.24e+04; 2.61e+04,2.61e+04,2.43e+04,2.04e+04; 2.66e+04,2.65e+04,2.56e+04,2.01e+04; 2.63e+04,2.62e+04,2.57e+04,2.24e+04; 2.71e+04,2.71e+04,2.65e+04,2.17e+04; 2.70e+04,2.70e+04,2.65e+04,2.38e+04; 2.72e+04,2.71e+04,2.67e+04,2.52e+04; 2.82e+04,2.81e+04,2.76e+04,2.41e+04; 3.07e+04,3.07e+04,2.97e+04,1.87e+04; 2.89e+04,2.88e+04,2.83e+04,2.58e+04; 2.89e+04,2.89e+04,2.86e+04,2.72e+04; 3.02e+04,3.02e+04,2.99e+04,2.52e+04; 3.02e+04,3.02e+04,2.97e+04,2.73e+04; 3.01e+04,3.01e+04,2.98e+04,2.93e+04","7,7,7,7,7,7,7,7,5,5,7,1,7,59,59,7,59,5,1,5,59,59,5,59,59,1,59,1,7,7,1,5,1,7,1,1,59,59,1,7,1,7,5,5,7,7,1,1,7,7,59,7,7,7,5,1,7,7,59,7,7,7,7,5"
496,35.68,30.77,"16.52,18.64,19.95,21.50,22.97,24.23,25.48,26.46,27.28,27.81,28.15,29.12,30.28,30.75,31.31,32.07,32.61,32.99,33.21,33.85,34.25,35.15,35.45,35.63,36.02,36.06,36.63,36.55,37.11,37.94,38.18,37.84,38.72,38.62,38.78,38.62,39.24,39.51,39.42,40.11,40.26,40.75,40.72,39.92,40.93,41.74,42.13,43.28,42.82,42.63,42.85,40.97,41.97,40.88,44.44,42.16,44.84,43.93,45.84,45.69,45.19,43.50,47.74,46.73","2.18e+02,2.15e+02,2.10e+02,1.81e+02","11,5,11,11","1.02e+03; 2.04e+03; 2.47e+03,5.90e+02; 2.49e+03,1.60e+03; 2.81e+03,2.30e+03; 3.23e+03,2.90e+03; 3.68e+03,3.47e+03; 4.16e+03,4.01e+03; 4.65e+03,4.54e+03; 5.16e+03,5.05e+03; 5.68e+03,5.56e+03; 4.62e+03,4.51e+03,3.12e+03; 4.97e+03,4.85e+03,3.46e+03; 5.22e+03,5.11e+03,3.98e+03; 5.56e+03,5.47e+03,4.29e+03; 5.92e+03,5.84e+03,4.59e+03; 6.27e+03,6.20e+03,4.90e+03; 6.62e+03,6.55e+03,5.21e+03; 6.99e+03,6.92e+03,5.50e+03; 7.24e+03,7.17e+03,6.01e+03; 7.54e+03,7.48e+03,6.43e+03; 7.65e+03,7.58e+03,6.52e+03,7.27e+02; 8.21e+03,8.15e+03,7.14e+03; 8.55e+03,8.49e+03,7.48e+03; 8.89e+03,8.84e+03,7.81e+03; 9.24e+03,9.19e+03,8.13e+03; 9.60e+03,9.55e+03,8.42e+03; 1.00e+04,9.99e+03,8.57e+03; 1.02e+04,1.02e+04,9.22e+03; 1.06e+04,1.05e+04,9.58e+03; 9.76e+03,9.71e+03,8.56e+03,3.63e+03; 1.02e+04,1.02e+04,9.13e+03,3.11e+03; 1.14e+04,1.13e+04,9.65e+03,1.39e+03; 1.15e+04,1.14e+04,9.67e+03,2.19e+03; 1.05e+04,1.05e+04,9.50e+03,5.26e+03; 1.17e+04,1.16e+04,9.33e+03,4.18e+03; 1.16e+04,1.16e+04,1.01e+04,4.55e+03; 1.23e+04,1.22e+04,1.10e+04,3.31e+03; 1.19e+04,1.19e+04,1.07e+04,5.40e+03; 1.27e+04,1.27e+04,1.16e+04,3.85e+03; 1.31e+04,1.30e+04,1.03e+04,5.47e+03; 1.36e+04,1.36e+04,1.09e+04,4.76e+03; 1.23e+04,1.23e+04,1.10e+04,8.32e+03; 1.37e+04,1.36e+04,1.07e+04,6.96e+03; 1.41e+04,1.41e+04,1.27e+04,5.09e+03; 1.41e+04,1.41e+04,1.30e+04,5.70e+03; 1.51e+04,1.50e+04,1.26e+04,5.37e+03; 1.29e+04,1.29e+04,1.23e+04,1.10e+04; 1.46e+04,1.46e+04,1.11e+04,9.72e+03; 1.45e+04,1.45e+04,1.14e+04,1.07e+04; 1.47e+04,1.46e+04,1.27e+04,1.01e+04; 1.53e+04,1.53e+04,1.21e+04,1.04e+04; 1.49e+04,1.49e+04,1.31e+04,1.13e+04; 1.44e+04,1.44e+04,1.40e+04,1.23e+04; 1.52e+04,1.52e+04,1.43e+04,1.15e+04; 1.54e+04,1.54e+04,1.44e+04,1.20e+04; 1.58e+04,1.57e+04,1.48e+04,1.20e+04; 1.60e+04,1.59e+04,1.44e+04,1.29e+04; 1.62e+04,1.62e+04,1.46e+04,1.32e+04; 1.63e+04,1.63e+04,1.48e+04,1.39e+04; 1.78e+04,1.78e+04,1.44e+04,1.22e+04; 1.66e+04,1.66e+04,1.53e+04,1.48e+04; 1.64e+04,1.64e+04,1.61e+04,1.54e+04; 1.73e+04,1.73e+04,1.61e+04,1.48e+04","6,6,6,6,6,6,6,6,6,6,22,56,56,56,6,6,6,6,6,56,56,56,6,6,6,22,56,54,56,56,56,6,6,6,6,6,56,6,6,22,54,6,54,54,22,6,56,56,56,54,22,54,54,6,56,22,54,6,56,54,22,56,6,6"
497,34.97,30.23,"14.72,16.96,18.55,20.45,22.41,24.24,25.88,27.29,27.91,28.64,29.32,29.97,30.50,31.13,31.64,32.23,32.87,33.40,33.77,34.45,35.10,35.26,35.63,36.35,36.57,36.68,37.13,37.73,37.92,38.29,38.79,39.41,39.81,39.78,40.48,40.43,39.69,40.41,40.58,41.12,41.25,41.29,41.88,42.29,41.91,43.05,43.37,44.55,43.76,44.28,44.30,43.45,44.20,44.89,44.71,46.04,45.88,44.47,45.28,45.65,46.54,45.88,47.46,47.59","9.87e+01,9.81e+01,9.63e+01,6.24e+01","11,3,5,11","4.41e+02; 8.83e+02; 9.49e+02,3.75e+02; 1.00e+03,7.63e+02; 1.12e+03,1.01e+03,7.63e+01; 1.14e+03,1.08e+03,4.27e+02; 1.24e+03,1.21e+03,6.39e+02; 1.35e+03,1.34e+03,8.42e+02; 1.55e+03,1.54e+03,8.80e+02; 1.66e+03,1.65e+03,1.11e+03; 1.81e+03,1.80e+03,1.24e+03; 1.94e+03,1.93e+03,1.43e+03; 2.08e+03,2.06e+03,1.60e+03; 2.15e+03,2.13e+03,1.66e+03,2.41e+02; 2.34e+03,2.33e+03,1.73e+03,2.22e+02; 2.35e+03,2.34e+03,1.84e+03,5.34e+02; 2.48e+03,2.47e+03,1.95e+03,6.09e+02; 2.46e+03,2.45e+03,1.89e+03,1.15e+03; 2.53e+03,2.52e+03,1.86e+03,1.47e+03; 2.68e+03,2.67e+03,1.80e+03,1.68e+03; 2.76e+03,2.74e+03,2.22e+03,1.55e+03; 2.89e+03,2.88e+03,2.39e+03,1.55e+03; 2.95e+03,2.94e+03,2.48e+03,1.78e+03; 2.99e+03,2.98e+03,2.56e+03,2.06e+03; 3.10e+03,3.10e+03,2.66e+03,2.17e+03; 3.20e+03,3.19e+03,2.73e+03,2.35e+03; 3.30e+03,3.29e+03,2.77e+03,2.57e+03; 3.47e+03,3.46e+03,2.75e+03,2.68e+03; 3.64e+03,3.63e+03,3.07e+03,2.46e+03; 3.61e+03,3.60e+03,3.18e+03,2.86e+03; 3.72e+03,3.71e+03,3.30e+03,2.95e+03; 3.80e+03,3.79e+03,3.39e+03,3.14e+03; 3.92e+03,3.92e+03,3.46e+03,3.26e+03; 4.02e+03,4.02e+03,3.59e+03,3.38e+03; 4.14e+03,4.13e+03,3.64e+03,3.54e+03; 4.29e+03,4.28e+03,3.70e+03,3.61e+03; 4.66e+03,4.66e+03,4.14e+03,2.86e+03; 4.46e+03,4.46e+03,4.04e+03,3.81e+03; 4.59e+03,4.58e+03,4.10e+03,3.94e+03; 4.70e+03,4.69e+03,4.22e+03,4.05e+03; 4.81e+03,4.80e+03,4.32e+03,4.16e+03; 4.90e+03,4.89e+03,4.40e+03,4.34e+03; 5.00e+03,4.99e+03,4.56e+03,4.44e+03; 5.08e+03,5.07e+03,4.65e+03,4.63e+03; 5.29e+03,5.29e+03,4.91e+03,4.37e+03; 5.29e+03,5.28e+03,4.93e+03,4.80e+03; 5.39e+03,5.39e+03,5.04e+03,4.92e+03; 5.50e+03,5.49e+03,5.15e+03,5.04e+03; 5.61e+03,5.60e+03,5.27e+03,5.14e+03; 5.72e+03,5.71e+03,5.34e+03,5.30e+03; 5.83e+03,5.82e+03,5.47e+03,5.39e+03; 5.94e+03,5.93e+03,5.58e+03,5.50e+03; 6.07e+03,6.07e+03,5.82e+03,5.43e+03; 6.14e+03,6.13e+03,5.88e+03,5.68e+03; 6.24e+03,6.24e+03,6.00e+03,5.80e+03; 6.35e+03,6.35e+03,6.11e+03,5.91e+03; 6.46e+03,6.46e+03,6.22e+03,6.02e+03; 6.57e+03,6.57e+03,6.32e+03,6.13e+03; 6.68e+03,6.68e+03,6.43e+03,6.25e+03; 6.79e+03,6.79e+03,6.58e+03,6.32e+03; 7.12e+03,7.12e+03,6.94e+03,5.74e+03; 7.00e+03,7.00e+03,6.82e+03,6.54e+03; 7.11e+03,7.10e+03,6.93e+03,6.67e+03; 7.22e+03,7.21e+03,7.04e+03,6.78e+03","63,63,63,63,63,63,63,63,63,57,57,57,63,63,63,63,63,57,63,63,57,57,63,63,59,57,63,61,63,63,63,63,59,57,59,59,59,59,59,59,61,57,63,63,61,63,57,63,61,57,63,61,63,61,63,61,59,59,63,63,63,59,57,61"
498,33.42,27.53,"11.95,14.14,15.76,17.27,18.46,19.39,20.37,21.30,22.22,22.98,23.70,24.36,24.92,25.44,25.93,26.41,26.98,27.49,28.01,28.35,28.81,29.14,29.56,29.95,30.43,30.84,31.21,31.55,31.86,32.20,32.48,32.79,33.16,33.53,33.79,34.19,34.34,34.70,34.95,35.06,35.44,35.73,35.91,36.13,36.34,36.61,36.84,36.87,37.10,37.33,37.60,37.62,37.78,37.99,38.19,38.21,38.53,38.76,39.02,38.98,39.00,39.21,39.32,39.48","2.32e+01,2.28e+01,2.22e+01,2.09e+01","12,4,12,4","1.11e+02; 2.21e+02; 2.38e+02,9.41e+01; 2.72e+02,1.70e+02; 3.17e+02,2.36e+02; 3.34e+02,2.59e+02,7.14e+01; 3.41e+02,2.65e+02,1.69e+02; 3.63e+02,2.82e+02,2.39e+02; 3.95e+02,3.15e+02,2.86e+02; 4.27e+02,3.58e+02,3.21e+02; 4.55e+02,3.94e+02,3.68e+02; 4.92e+02,4.30e+02,4.06e+02; 5.28e+02,4.69e+02,4.41e+02; 5.64e+02,5.07e+02,4.78e+02; 5.91e+02,5.35e+02,5.11e+02,2.28e+01; 6.21e+02,5.58e+02,5.38e+02,5.28e+01; 6.40e+02,5.78e+02,5.62e+02,1.00e+02; 6.69e+02,6.13e+02,5.91e+02,1.19e+02; 7.45e+02,6.86e+02,6.71e+02; 7.21e+02,6.71e+02,6.61e+02,1.60e+02; 7.78e+02,7.23e+02,7.11e+02,1.12e+02; 7.56e+02,6.98e+02,6.89e+02,2.91e+02; 7.75e+02,7.10e+02,7.02e+02,3.58e+02; 7.95e+02,7.23e+02,7.16e+02,4.22e+02; 8.16e+02,7.49e+02,7.39e+02,4.62e+02; 8.45e+02,7.84e+02,7.67e+02,4.81e+02; 8.77e+02,8.18e+02,7.95e+02,4.98e+02; 9.01e+02,8.43e+02,8.21e+02,5.33e+02; 9.36e+02,8.79e+02,8.61e+02,5.33e+02; 9.56e+02,8.97e+02,8.81e+02,5.85e+02; 9.79e+02,9.18e+02,9.04e+02,6.30e+02; 1.01e+03,9.47e+02,9.32e+02,6.54e+02; 1.03e+03,9.72e+02,9.54e+02,6.98e+02; 1.06e+03,1.01e+03,9.83e+02,7.14e+02; 1.09e+03,1.04e+03,1.01e+03,7.40e+02; 1.10e+03,1.05e+03,1.03e+03,8.05e+02; 1.15e+03,1.10e+03,1.08e+03,7.62e+02; 1.17e+03,1.12e+03,1.10e+03,8.20e+02; 1.19e+03,1.14e+03,1.12e+03,8.61e+02; 1.22e+03,1.17e+03,1.15e+03,8.89e+02; 1.25e+03,1.20e+03,1.17e+03,9.15e+02; 1.27e+03,1.22e+03,1.19e+03,9.63e+02; 1.30e+03,1.25e+03,1.23e+03,9.80e+02; 1.32e+03,1.27e+03,1.25e+03,1.03e+03; 1.36e+03,1.31e+03,1.28e+03,1.03e+03; 1.38e+03,1.33e+03,1.31e+03,1.07e+03; 1.41e+03,1.36e+03,1.33e+03,1.10e+03; 1.43e+03,1.39e+03,1.36e+03,1.13e+03; 1.46e+03,1.42e+03,1.39e+03,1.15e+03; 1.49e+03,1.45e+03,1.41e+03,1.19e+03; 1.51e+03,1.48e+03,1.44e+03,1.21e+03; 1.53e+03,1.49e+03,1.47e+03,1.27e+03; 1.59e+03,1.55e+03,1.51e+03,1.21e+03; 1.60e+03,1.56e+03,1.52e+03,1.29e+03; 1.63e+03,1.59e+03,1.55e+03,1.32e+03; 1.65e+03,1.61e+03,1.58e+03,1.35e+03; 1.68e+03,1.64e+03,1.60e+03,1.38e+03; 1.69e+03,1.66e+03,1.63e+03,1.44e+03; 1.73e+03,1.70e+03,1.66e+03,1.43e+03; 1.76e+03,1.73e+03,1.69e+03,1.46e+03; 1.79e+03,1.76e+03,1.72e+03,1.48e+03; 1.82e+03,1.79e+03,1.75e+03,1.49e+03; 1.84e+03,1.81e+03,1.77e+03,1.56e+03; 1.87e+03,1.83e+03,1.79e+03,1.59e+03","55,55,55,55,55,55,55,55,55,55,57,55,55,55,55,55,55,55,57,55,55,57,57,57,55,55,55,55,55,57,57,55,55,55,55,55,55,57,57,55,55,57,55,55,55,57,7,61,55,61,55,7,7,61,61,55,55,61,55,61,7,55,57,55"
506,1.42,1.07,"0.02,0.08,0.16,0.26,0.37,0.48,0.59,0.69,0.79,0.91,1.04,1.17,1.30,1.41,1.51,1.61,1.69,1.79,1.89,2.00,2.10,2.20,2.28,2.36,2.43,2.51,2.59,2.68,2.77,2.85,2.93,3.00,3.06,3.14,3.21,3.29,3.36,3.43,3.50,3.57,3.63,3.70,3.76,3.83,3.89,3.96,4.02,4.09,4.14,4.20,4.26,4.32,4.38,4.44,4.49,4.55,4.60,4.66,4.72,4.77,4.82,4.87,4.93,4.98","1.45e-04,1.38e-08,7.41e-09,4.15e-09","9,9,9,9","1.80e-04; 3.59e-04; 5.39e-04; 7.19e-04; 8.98e-04; 1.08e-03; 1.26e-03; 1.44e-03; 1.62e-03; 1.80e-03; 1.98e-03; 2.16e-03; 2.34e-03; 2.51e-03; 2.69e-03; 2.87e-03; 3.05e-03; 3.23e-03; 3.41e-03; 3.59e-03; 3.77e-03; 3.95e-03; 4.13e-03; 4.31e-03; 4.36e-03,1.33e-04; 4.40e-03,2.75e-04; 4.51e-03,3.45e-04; 4.66e-03,3.68e-04; 4.81e-03,3.95e-04; 4.92e-03,4.70e-04; 4.98e-03,5.92e-04; 5.02e-03,7.30e-04; 5.04e-03,8.83e-04; 5.09e-03,1.02e-03; 5.19e-03,1.10e-03; 5.33e-03,1.14e-03; 5.48e-03,1.17e-03; 5.59e-03,1.24e-03; 5.66e-03,1.35e-03; 5.71e-03,1.47e-03; 5.71e-03,1.66e-03; 5.76e-03,1.79e-03; 5.85e-03,1.88e-03; 5.98e-03,1.93e-03; 6.11e-03,1.97e-03; 6.22e-03,2.04e-03; 6.31e-03,2.14e-03; 6.37e-03,2.25e-03; 6.42e-03,2.38e-03; 6.47e-03,2.51e-03; 6.56e-03,2.60e-03; 6.68e-03,2.66e-03; 6.81e-03,2.71e-03; 6.92e-03,2.78e-03; 7.01e-03,2.87e-03; 7.08e-03,2.98e-03; 7.13e-03,3.11e-03; 7.18e-03,3.23e-03; 7.27e-03,3.33e-03; 7.38e-03,3.40e-03; 7.51e-03,3.45e-03; 7.62e-03,3.52e-03; 7.71e-03,3.61e-03; 7.78e-03,3.71e-03","32,32,32,32,32,32,32,32,32,32,32,32,32,32,32,32,32,32,32,32,32,32,32,32,32,32,32,32,32,32,32,32,32,32,32,32,32,32,32,32,32,32,32,32,32,32,32,32,32,32,32,32,32,32,32,32,32,32,32,32,32,32,32,32"
507,17.70,15.79,"5.48,7.62,8.89,9.78,10.56,11.30,11.98,12.56,13.05,13.54,14.02,14.48,14.93,15.34,15.69,16.00,16.30,16.61,16.94,17.26,17.56,17.83,18.08,18.33,18.56,18.79,19.03,19.27,19.49,19.70,19.89,20.09,20.29,20.48,20.67,20.85,21.03,21.20,21.36,21.53,21.70,21.87,22.02,22.17,22.33,22.50,22.68,22.87,23.03,23.19,23.32,23.46,23.61,23.77,23.95,24.15,24.29,24.44,24.56,24.68,24.81,24.96,25.13,25.31","2.40e-01,2.31e-01,4.84e-02,1.45e-05","15,4,15,4","6.44e-01; 1.29e+00; 1.93e+00; 2.38e+00,1.96e-01; 2.53e+00,6.90e-01; 2.59e+00,1.28e+00; 2.80e+00,1.71e+00; 3.06e+00,2.09e+00; 3.41e+00,2.39e+00; 3.75e+00,2.70e+00; 4.08e+00,3.01e+00; 4.31e+00,3.33e+00,9.31e-02; 4.62e+00,3.73e+00,1.86e-02; 4.92e+00,4.09e+00,6.11e-03; 5.06e+00,4.28e+00,3.21e-01; 5.21e+00,4.42e+00,6.77e-01; 5.82e+00,4.80e+00,3.35e-01; 5.77e+00,4.85e+00,9.78e-01; 6.35e+00,5.19e+00,7.01e-01; 6.32e+00,5.27e+00,1.29e+00; 6.61e+00,5.53e+00,1.39e+00; 6.85e+00,5.85e+00,1.47e+00; 7.13e+00,6.13e+00,1.55e+00; 7.41e+00,6.37e+00,1.69e+00; 7.86e+00,6.49e+00,1.76e+00; 8.04e+00,6.55e+00,2.16e+00; 8.30e+00,6.77e+00,2.33e+00; 8.56e+00,7.00e+00,2.48e+00; 8.83e+00,7.26e+00,2.59e+00; 9.09e+00,7.49e+00,2.75e+00; 9.02e+00,7.65e+00,3.30e+00; 9.27e+00,7.89e+00,3.45e+00; 9.52e+00,7.97e+00,3.77e+00; 9.75e+00,8.11e+00,4.05e+00; 1.00e+01,8.33e+00,4.21e+00; 1.03e+01,8.57e+00,4.35e+00; 1.05e+01,8.81e+00,4.50e+00; 1.08e+01,9.05e+00,4.66e+00; 1.10e+01,9.32e+00,4.78e+00; 1.12e+01,9.50e+00,4.95e+00,1.56e-01; 1.13e+01,9.53e+00,5.23e+00,3.31e-01; 1.15e+01,9.63e+00,5.50e+00,4.71e-01; 1.16e+01,9.78e+00,5.63e+00,6.59e-01; 1.18e+01,9.95e+00,5.74e+00,8.51e-01; 1.19e+01,1.00e+01,5.80e+00,1.28e+00; 1.18e+01,9.98e+00,5.75e+00,2.09e+00; 1.17e+01,9.88e+00,5.67e+00,3.06e+00; 1.16e+01,9.77e+00,5.69e+00,3.91e+00; 1.17e+01,9.86e+00,6.01e+00,3.99e+00; 1.19e+01,9.98e+00,6.24e+00,4.13e+00; 1.20e+01,1.02e+01,6.36e+00,4.31e+00; 1.22e+01,1.03e+01,6.48e+00,4.48e+00; 1.23e+01,1.05e+01,6.58e+00,4.75e+00; 1.24e+01,1.06e+01,6.65e+00,5.15e+00; 1.25e+01,1.06e+01,6.84e+00,5.55e+00; 1.25e+01,1.06e+01,7.12e+00,5.90e+00; 1.26e+01,1.07e+01,7.37e+00,6.03e+00; 1.27e+01,1.08e+01,7.52e+00,6.25e+00; 1.29e+01,1.10e+01,7.64e+00,6.43e+00; 1.31e+01,1.12e+01,7.78e+00,6.58e+00; 1.32e+01,1.14e+01,7.93e+00,6.76e+00; 1.34e+01,1.15e+01,8.17e+00,6.92e+00; 1.35e+01,1.16e+01,8.49e+00,7.07e+00; 1.35e+01,1.16e+01,8.82e+00,7.28e+00","47,47,47,47,47,24,24,24,47,47,47,24,24,24,24,24,47,47,47,47,47,24,24,24,24,24,47,47,47,47,24,24,24,24,47,47,47,47,24,24,24,24,47,47,47,47,47,47,24,24,24,47,47,47,47,47,24,24,24,47,47,47,47,47"
508,12.66,10.90,"3.88,6.08,7.43,8.35,9.00,9.47,9.80,10.05,10.35,10.67,11.00,11.30,11.57,11.77,11.94,12.06,12.21,12.37,12.56,12.74,12.90,13.04,13.15,13.24,13.33,13.44,13.57,13.70,13.82,13.92,14.06,14.20,14.28,14.37,14.48,14.63,14.80,14.97,15.12,15.25,15.32,15.41,15.52,15.66,15.81,15.96,16.09,16.20,16.26,16.36,16.46,16.58,16.71,16.85,16.97,17.07,17.12,17.21,17.31,17.41,17.52,17.63,17.74,17.83","1.54e-01,8.87e-02,1.45e-05,7.93e-06","8,8,8,8","3.01e-01; 6.02e-01; 9.03e-01; 1.20e+00; 1.51e+00; 1.81e+00; 2.11e+00; 2.41e+00; 2.71e+00; 3.01e+00; 3.31e+00; 3.61e+00; 3.91e+00; 4.22e+00; 4.52e+00; 4.82e+00; 5.12e+00; 5.42e+00; 5.72e+00; 6.02e+00; 6.32e+00; 6.63e+00; 6.93e+00; 7.23e+00; 7.53e+00; 7.83e+00; 8.13e+00; 8.43e+00; 8.73e+00; 8.35e+00,6.88e-01; 7.83e+00,1.50e+00; 7.61e+00,2.03e+00; 7.77e+00,2.16e+00; 7.93e+00,2.31e+00; 8.05e+00,2.49e+00; 8.05e+00,2.79e+00; 8.02e+00,3.12e+00; 8.02e+00,3.43e+00; 8.05e+00,3.70e+00; 8.10e+00,3.95e+00; 8.25e+00,4.10e+00; 8.39e+00,4.26e+00; 8.41e+00,4.35e+00,1.84e-01; 8.39e+00,4.44e+00,4.21e-01; 8.51e+00,4.72e+00,3.14e-01; 8.65e+00,5.00e+00,1.99e-01; 8.73e+00,5.18e+00,2.48e-01; 8.73e+00,5.25e+00,4.67e-01; 8.76e+00,5.28e+00,7.17e-01; 9.24e+00,5.15e+00,6.66e-01; 9.26e+00,5.04e+00,1.06e+00; 9.36e+00,5.11e+00,1.18e+00; 9.50e+00,5.32e+00,1.14e+00; 9.63e+00,5.55e+00,1.08e+00; 9.77e+00,5.71e+00,1.08e+00; 9.90e+00,5.81e+00,1.16e+00; 1.00e+01,5.88e+00,1.24e+00; 1.01e+01,5.82e+00,1.55e+00; 1.01e+01,5.77e+00,1.85e+00; 1.03e+01,5.84e+00,1.96e+00; 1.04e+01,6.01e+00,1.94e+00; 1.06e+01,6.22e+00,1.89e+00; 1.07e+01,6.37e+00,1.90e+00; 1.08e+01,6.47e+00,1.98e+00","38,38,38,38,38,38,38,38,38,38,38,38,38,38,38,38,38,38,38,38,38,38,38,38,38,38,38,38,38,32,32,32,38,38,32,32,32,32,32,32,32,32,32,32,32,32,32,32,32,32,32,32,32,32,32,32,32,32,32,32,32,32,32,32"
509,27.01,23.37,"5.24,7.96,10.28,12.08,13.50,14.61,15.59,16.43,17.25,18.09,18.81,19.47,20.05,20.59,21.09,21.56,22.07,22.55,22.99,23.39,23.75,24.11,24.45,24.77,25.15,25.49,25.81,26.09,26.36,26.62,26.88,27.15,27.44,27.72,27.97,28.20,28.42,28.63,28.84,29.04,29.27,29.53,29.70,29.93,30.11,30.29,30.47,30.62,30.79,30.99,31.16,31.36,31.52,31.65,31.80,31.95,32.12,32.28,32.44,32.55,32.70,32.84,32.97,33.11","7.10e-01,7.09e-01,5.82e-01,7.73e-02","9,11,9,9","2.58e+00; 2.86e+00,2.30e+00; 3.97e+00,3.77e+00; 5.31e+00,5.01e+00; 5.88e+00,5.30e+00,1.72e+00; 6.61e+00,5.91e+00,2.96e+00; 7.49e+00,6.63e+00,3.94e+00; 8.34e+00,7.37e+00,4.93e+00; 9.18e+00,8.08e+00,5.96e+00; 1.01e+01,8.88e+00,6.83e+00; 1.10e+01,9.78e+00,7.58e+00; 1.20e+01,1.07e+01,8.31e+00; 1.29e+01,1.16e+01,9.05e+00; 1.37e+01,1.25e+01,9.88e+00; 1.46e+01,1.34e+01,1.07e+01; 1.54e+01,1.42e+01,1.17e+01; 1.62e+01,1.49e+01,1.27e+01; 1.70e+01,1.57e+01,1.37e+01; 1.79e+01,1.66e+01,1.45e+01; 1.88e+01,1.75e+01,1.53e+01; 1.97e+01,1.84e+01,1.61e+01; 2.06e+01,1.93e+01,1.69e+01; 2.14e+01,2.02e+01,1.78e+01; 2.22e+01,2.10e+01,1.86e+01; 2.30e+01,2.18e+01,1.97e+01,2.88e-03; 2.39e+01,2.26e+01,2.07e+01,6.55e-03; 2.46e+01,2.33e+01,2.14e+01,4.28e-01; 2.51e+01,2.38e+01,2.19e+01,1.52e+00; 2.57e+01,2.44e+01,2.24e+01,2.36e+00; 2.62e+01,2.49e+01,2.29e+01,3.40e+00; 2.70e+01,2.58e+01,2.37e+01,3.58e+00; 2.95e+01,2.79e+01,2.51e+01; 3.05e+01,2.87e+01,2.60e+01; 3.13e+01,2.95e+01,2.69e+01; 3.22e+01,3.03e+01,2.78e+01; 3.31e+01,3.12e+01,2.86e+01; 3.41e+01,3.21e+01,2.93e+01; 3.51e+01,3.30e+01,3.00e+01; 3.59e+01,3.39e+01,3.08e+01; 3.68e+01,3.48e+01,3.16e+01; 3.43e+01,3.28e+01,3.06e+01,8.01e+00; 3.72e+01,3.52e+01,3.26e+01,3.31e+00; 3.59e+01,3.43e+01,3.23e+01,8.39e+00; 3.88e+01,3.68e+01,3.42e+01,3.81e+00; 3.95e+01,3.74e+01,3.48e+01,4.35e+00; 4.03e+01,3.82e+01,3.55e+01,4.62e+00; 4.11e+01,3.91e+01,3.63e+01,4.77e+00; 4.19e+01,3.98e+01,3.70e+01,5.13e+00; 4.06e+01,3.88e+01,3.65e+01,1.06e+01; 4.13e+01,3.95e+01,3.73e+01,1.09e+01; 4.21e+01,4.02e+01,3.81e+01,1.12e+01; 4.48e+01,4.26e+01,3.99e+01,6.91e+00; 4.54e+01,4.31e+01,4.04e+01,7.76e+00; 4.43e+01,4.24e+01,3.99e+01,1.27e+01; 4.51e+01,4.32e+01,4.07e+01,1.29e+01; 4.59e+01,4.40e+01,4.14e+01,1.32e+01; 4.82e+01,4.59e+01,4.29e+01,9.97e+00; 4.89e+01,4.65e+01,4.37e+01,1.06e+01; 4.97e+01,4.73e+01,4.45e+01,1.07e+01; 4.84e+01,4.64e+01,4.40e+01,1.59e+01; 4.93e+01,4.72e+01,4.48e+01,1.61e+01; 5.01e+01,4.81e+01,4.54e+01,1.64e+01; 5.09e+01,4.88e+01,4.61e+01,1.67e+01; 5.16e+01,4.96e+01,4.69e+01,1.70e+01","34,40,34,40,34,34,34,34,34,40,40,40,40,34,34,34,34,40,40,40,40,34,34,34,34,34,40,40,40,34,34,34,34,34,40,40,40,34,34,34,34,34,34,40,40,40,34,24,34,34,34,40,40,34,34,34,24,34,34,34,40,34,34,34"
514,0.09,0.05,"0.00,0.00,0.00,0.00,0.01,0.01,0.01,0.01,0.02,0.02,0.03,0.03,0.04,0.04,0.05,0.05,0.06,0.07,0.07,0.08,0.09,0.10,0.11,0.11,0.12,0.13,0.14,0.15,0.16,0.17,0.18,0.19,0.20,0.21,0.23,0.24,0.25,0.26,0.27,0.28,0.30,0.31,0.32,0.34,0.35,0.36,0.37,0.38,0.40,0.41,0.42,0.44,0.45,0.47,0.48,0.49,0.50,0.52,0.53,0.55,0.56,0.58,0.59,0.60","8.26e-06,5.62e-10,3.07e-10,1.70e-10","9,9,9,9",1.02e-05; 2.05e-05; 3.07e-05; 4.10e-05; 5.12e-05; 6.15e-05; 7.17e-05; 8.20e-05; 9.22e-05; 1.02e-04; 1.13e-04; 1.23e-04; 1.33e-04; 1.43e-04; 1.54e-04; 1.64e-04; 1.74e-04; 1.84e-04; 1.95e-04; 2.05e-04; 2.15e-04; 2.25e-04; 2.36e-04; 2.46e-04; 2.56e-04; 2.66e-04; 2.77e-04; 2.87e-04; 2.97e-04; 3.07e-04; 3.18e-04; 3.28e-04; 3.38e-04; 3.48e-04; 3.59e-04; 3.69e-04; 3.79e-04; 3.89e-04; 4.00e-04; 4.10e-04; 4.20e-04; 4.30e-04; 4.41e-04; 4.51e-04; 4.61e-04; 4.71e-04; 4.82e-04; 4.92e-04; 5.02e-04; 5.12e-04; 5.23e-04; 5.33e-04; 5.43e-04; 5.53e-04; 5.64e-04; 5.74e-04; 5.84e-04; 5.94e-04; 6.05e-04; 6.15e-04; 6.25e-04; 6.35e-04; 6.46e-04; 6.56e-04,"39,39,39,39,39,39,39,39,39,39,39,39,39,39,39,39,39,39,39,39,39,39,39,39,39,39,39,39,39,39,39,39,39,39,39,39,39,39,39,39,39,39,39,39,39,39,39,39,39,39,39,39,39,39,39,39,39,39,39,39,39,39,39,39"
515,0.06,0.04,"0.00,0.00,0.01,0.01,0.02,0.02,0.03,0.04,0.05,0.06,0.07,0.08,0.10,0.11,0.13,0.14,0.16,0.17,0.19,0.21,0.23,0.25,0.27,0.29,0.31,0.33,0.35,0.37,0.40,0.42,0.44,0.47,0.48,0.50,0.52,0.55,0.57,0.60,0.62,0.64,0.66,0.68,0.70,0.72,0.75,0.77,0.80,0.82,0.83,0.85,0.87,0.89,0.92,0.94,0.96,0.98,1.00,1.01,1.03,1.05,1.07,1.09,1.11,1.13","6.98e-06,3.70e-10,2.00e-10,1.49e-10","5,5,5,5",8.66e-06; 1.73e-05; 2.60e-05; 3.46e-05; 4.33e-05; 5.20e-05; 6.06e-05; 6.93e-05; 7.80e-05; 8.66e-05; 9.53e-05; 1.04e-04; 1.13e-04; 1.21e-04; 1.30e-04; 1.39e-04; 1.47e-04; 1.56e-04; 1.65e-04; 1.73e-04; 1.82e-04; 1.91e-04; 1.99e-04; 2.08e-04; 2.17e-04; 2.25e-04; 2.34e-04; 2.43e-04; 2.51e-04; 2.60e-04; 2.68e-04; 2.77e-04; 2.86e-04; 2.94e-04; 3.03e-04; 3.12e-04; 3.20e-04; 3.29e-04; 3.38e-04; 3.46e-04; 3.55e-04; 3.64e-04; 3.72e-04; 3.81e-04; 3.90e-04; 3.98e-04; 4.07e-04; 4.16e-04; 4.24e-04; 4.33e-04; 4.42e-04; 4.50e-04; 4.59e-04; 4.68e-04; 4.76e-04; 4.85e-04; 4.94e-04; 5.02e-04; 5.11e-04; 5.20e-04; 5.28e-04; 5.37e-04; 5.46e-04; 5.54e-04,"33,33,33,33,33,33,33,33,33,33,33,33,33,33,33,33,33,33,33,33,33,33,33,33,33,33,33,33,33,33,33,33,33,33,33,33,33,33,33,33,33,33,33,33,33,33,33,33,33,33,33,33,33,33,33,33,33,33,33,33,33,33,33,33"
516,0.07,0.05,"0.00,0.00,0.00,0.01,0.01,0.01,0.01,0.02,0.02,0.02,0.03,0.04,0.04,0.05,0.05,0.06,0.06,0.07,0.08,0.09,0.10,0.11,0.11,0.12,0.13,0.14,0.15,0.16,0.17,0.18,0.19,0.20,0.21,0.22,0.23,0.24,0.25,0.26,0.27,0.28,0.29,0.30,0.31,0.32,0.33,0.35,0.36,0.37,0.38,0.39,0.40,0.41,0.42,0.43,0.44,0.45,0.46,0.47,0.48,0.49,0.50,0.52,0.53,0.54","7.99e-06,4.49e-10,3.40e-10,1.80e-10","9,9,9,9",9.92e-06; 1.98e-05; 2.98e-05; 3.97e-05; 4.96e-05; 5.95e-05; 6.94e-05; 7.94e-05; 8.93e-05; 9.92e-05; 1.09e-04; 1.19e-04; 1.29e-04; 1.39e-04; 1.49e-04; 1.59e-04; 1.69e-04; 1.79e-04; 1.88e-04; 1.98e-04; 2.08e-04; 2.18e-04; 2.28e-04; 2.38e-04; 2.48e-04; 2.58e-04; 2.68e-04; 2.78e-04; 2.88e-04; 2.98e-04; 3.08e-04; 3.17e-04; 3.27e-04; 3.37e-04; 3.47e-04; 3.57e-04; 3.67e-04; 3.77e-04; 3.87e-04; 3.97e-04; 4.07e-04; 4.17e-04; 4.27e-04; 4.36e-04; 4.46e-04; 4.56e-04; 4.66e-04; 4.76e-04; 4.86e-04; 4.96e-04; 5.06e-04; 5.16e-04; 5.26e-04; 5.36e-04; 5.46e-04; 5.56e-04; 5.65e-04; 5.75e-04; 5.85e-04; 5.95e-04; 6.05e-04; 6.15e-04; 6.25e-04; 6.35e-04,"24,24,24,24,24,24,24,24,24,24,24,24,24,24,24,24,24,24,24,24,24,24,24,24,24,24,24,24,24,24,24,24,24,24,24,24,24,24,24,24,24,24,24,24,24,24,24,24,24,24,24,24,24,24,24,24,24,24,24,24,24,24,24,24"
517,0.05,0.05,"0.00,0.00,0.01,0.01,0.02,0.02,0.03,0.04,0.05,0.06,0.07,0.08,0.10,0.11,0.13,0.14,0.16,0.17,0.19,0.22,0.24,0.26,0.28,0.29,0.31,0.33,0.36,0.38,0.41,0.43,0.45,0.47,0.49,0.52,0.54,0.57,0.59,0.62,0.64,0.66,0.68,0.71,0.73,0.76,0.78,0.80,0.83,0.85,0.87,0.89,0.91,0.94,0.96,0.99,1.01,1.03,1.05,1.07,1.09,1.11,1.13,1.16,1.18,1.20","5.67e-06,4.66e-10,1.29e-10,8.77e-11","0,0,0,0",7.04e-06; 1.41e-05; 2.11e-05; 2.82e-05; 3.52e-05; 4.22e-05; 4.93e-05; 5.63e-05; 6.34e-05; 7.04e-05; 7.74e-05; 8.45e-05; 9.15e-05; 9.86e-05; 1.06e-04; 1.13e-04; 1.20e-04; 1.27e-04; 1.34e-04; 1.41e-04; 1.48e-04; 1.55e-04; 1.62e-04; 1.69e-04; 1.76e-04; 1.83e-04; 1.90e-04; 1.97e-04; 2.04e-04; 2.11e-04; 2.18e-04; 2.25e-04; 2.32e-04; 2.39e-04; 2.46e-04; 2.53e-04; 2.60e-04; 2.68e-04; 2.75e-04; 2.82e-04; 2.89e-04; 2.96e-04; 3.03e-04; 3.10e-04; 3.17e-04; 3.24e-04; 3.31e-04; 3.38e-04; 3.45e-04; 3.52e-04; 3.59e-04; 3.66e-04; 3.73e-04; 3.80e-04; 3.87e-04; 3.94e-04; 4.01e-04; 4.08e-04; 4.15e-04; 4.22e-04; 4.29e-04; 4.36e-04; 4.44e-04; 4.51e-04,"33,33,33,33,33,33,33,33,33,33,33,33,33,33,33,33,33,33,33,33,33,33,33,33,33,33,33,33,33,33,33,33,33,33,33,33,33,33,33,33,33,33,33,33,33,33,33,33,33,33,33,33,33,33,33,33,33,33,33,33,33,33,33,33"
518,12.64,14.79,"3.53,5.26,6.35,7.12,7.87,8.58,9.25,9.87,10.41,10.85,11.21,11.54,11.86,12.20,12.56,12.92,13.25,13.53,13.77,13.97,14.17,14.39,14.64,14.89,15.14,15.34,15.52,15.67,15.82,15.98,16.16,16.36,16.55,16.72,16.86,16.98,17.09,17.22,17.37,17.53,17.69,17.83,17.94,18.04,18.14,18.24,18.36,18.50,18.64,18.75,18.85,18.94,19.02,19.11,19.21,19.33,19.44,19.55,19.63,19.71,19.79,19.87,19.96,20.06","1.42e-01,9.53e-02,9.54e-06,4.24e-06","4,4,4,4","2.94e-01; 5.89e-01; 8.83e-01; 1.02e+00,1.58e-01; 1.20e+00,2.76e-01; 1.32e+00,4.42e-01; 1.47e+00,5.87e-01; 1.58e+00,7.77e-01; 1.71e+00,9.42e-01; 1.86e+00,1.08e+00; 2.04e+00,1.20e+00; 2.21e+00,1.32e+00; 2.37e+00,1.45e+00; 2.52e+00,1.60e+00; 2.66e+00,1.76e+00; 2.79e+00,1.92e+00; 2.92e+00,2.09e+00; 3.07e+00,2.23e+00; 3.22e+00,2.37e+00; 3.39e+00,2.50e+00; 3.55e+00,2.64e+00; 3.70e+00,2.78e+00; 3.84e+00,2.93e+00; 3.97e+00,3.09e+00; 4.11e+00,3.25e+00; 4.25e+00,3.40e+00; 4.40e+00,3.54e+00; 4.56e+00,3.68e+00; 4.72e+00,3.82e+00; 4.87e+00,3.96e+00; 5.01e+00,4.11e+00; 5.15e+00,4.27e+00; 5.29e+00,4.43e+00; 5.43e+00,4.58e+00; 5.58e+00,4.72e+00; 5.74e+00,4.86e+00; 5.89e+00,5.00e+00; 6.04e+00,5.14e+00; 6.18e+00,5.29e+00; 6.32e+00,5.45e+00; 6.46e+00,5.61e+00; 6.60e+00,5.76e+00; 6.75e+00,5.90e+00; 6.91e+00,6.04e+00; 7.06e+00,6.19e+00; 7.21e+00,6.33e+00; 7.35e+00,6.48e+00; 7.49e+00,6.63e+00; 7.63e+00,6.79e+00; 7.78e+00,6.94e+00; 7.92e+00,7.09e+00; 8.03e+00,7.18e+00,9.18e-02; 8.08e+00,7.23e+00,2.91e-01; 8.19e+00,7.33e+00,3.81e-01; 8.32e+00,7.47e+00,3.97e-01; 8.41e+00,7.56e+00,5.12e-01; 8.41e+00,7.58e+00,7.92e-01; 8.53e+00,7.71e+00,8.34e-01; 8.66e+00,7.83e+00,8.73e-01; 8.75e+00,7.91e+00,9.94e-01; 9.59e+00,8.36e+00; 9.76e+00,8.49e+00; 9.90e+00,8.64e+00; 1.01e+01,8.77e+00","25,25,25,25,25,25,25,25,25,25,25,25,25,25,25,25,25,25,25,25,25,25,25,25,25,25,25,25,25,25,25,25,25,25,25,25,25,25,25,25,25,25,25,25,25,25,25,25,25,25,25,25,25,25,25,25,25,25,25,25,25,25,25,25"
519,0.05,0.03,"0.00,0.00,0.00,0.01,0.01,0.01,0.01,0.02,0.02,0.03,0.03,0.04,0.04,0.05,0.05,0.06,0.07,0.08,0.09,0.09,0.10,0.11,0.12,0.13,0.14,0.15,0.16,0.17,0.18,0.19,0.20,0.21,0.23,0.24,0.25,0.26,0.27,0.29,0.30,0.31,0.33,0.34,0.36,0.37,0.38,0.39,0.41,0.42,0.44,0.45,0.46,0.48,0.49,0.50,0.52,0.53,0.55,0.56,0.58,0.59,0.60,0.62,0.64,0.65","3.73e-06,1.72e-10,1.07e-10,6.57e-11","4,4,4,4","4.62e-06; 9.25e-06; 1.39e-05; 1.85e-05; 2.31e-05; 2.77e-05; 3.24e-05; 3.70e-05; 4.16e-05; 4.62e-05; 5.08e-05; 5.55e-05; 6.01e-05; 6.47e-05; 6.93e-05; 7.40e-05; 7.86e-05; 8.32e-05; 8.78e-05; 9.25e-05; 9.71e-05; 1.02e-04; 1.06e-04; 1.11e-04; 1.16e-04; 1.20e-04; 1.25e-04; 1.29e-04; 1.34e-04; 1.39e-04; 1.43e-04; 1.48e-04; 1.53e-04; 1.57e-04; 1.62e-04; 1.66e-04; 1.71e-04; 1.76e-04; 1.80e-04; 1.85e-04; 1.90e-04; 1.94e-04; 1.99e-04; 2.03e-04; 2.08e-04; 2.13e-04; 2.17e-04; 2.22e-04; 2.27e-04; 2.31e-04; 2.36e-04; 2.40e-04; 2.44e-04,1.06e-06; 2.47e-04,2.74e-06; 2.53e-04,1.72e-06; 2.56e-04,2.94e-06; 2.63e-04; 2.65e-04,3.09e-06; 2.62e-04,1.10e-05; 2.56e-04,2.18e-05; 2.53e-04,2.87e-05; 2.57e-04,2.98e-05; 2.62e-04,2.95e-05; 2.65e-04,3.13e-05","32,32,32,32,32,32,32,32,32,32,32,32,32,32,32,32,32,32,32,32,32,32,32,32,32,32,32,32,32,32,32,32,32,32,32,32,32,32,32,32,32,32,32,32,32,32,32,32,32,32,32,32,32,32,32,32,32,32,32,32,32,32,32,32"
520,6.25,6.39,"0.56,1.36,2.05,2.61,3.06,3.44,3.75,4.05,4.34,4.63,4.91,5.16,5.40,5.62,5.84,6.04,6.23,6.41,6.58,6.75,6.90,7.06,7.22,7.37,7.52,7.66,7.79,7.92,8.04,8.16,8.29,8.42,8.54,8.66,8.76,8.86,8.96,9.06,9.17,9.28,9.39,9.49,9.58,9.67,9.75,9.84,9.93,10.03,10.12,10.21,10.29,10.37,10.44,10.52,10.60,10.69,10.77,10.85,10.93,10.99,11.06,11.13,11.20,11.28","6.75e-03,5.01e-07,3.09e-07,1.35e-07","4,4,4,4","8.37e-03; 1.67e-02; 2.51e-02; 3.35e-02; 4.19e-02; 5.02e-02; 5.75e-02,1.13e-03; 5.67e-02,1.03e-02; 6.01e-02,1.53e-02; 6.58e-02,1.79e-02; 7.28e-02,1.93e-02; 7.99e-02,2.06e-02; 8.63e-02,2.26e-02; 9.17e-02,2.55e-02; 9.60e-02,2.96e-02; 9.93e-02,3.47e-02; 1.03e-01,3.98e-02; 1.07e-01,4.34e-02; 1.13e-01,4.58e-02; 1.20e-01,4.77e-02; 1.26e-01,4.99e-02; 1.31e-01,5.31e-02; 1.35e-01,5.74e-02; 1.38e-01,6.28e-02; 1.41e-01,6.83e-02; 1.45e-01,7.25e-02; 1.51e-01,7.56e-02; 1.56e-01,7.80e-02; 1.62e-01,8.06e-02; 1.67e-01,8.40e-02; 1.71e-01,8.85e-02; 1.74e-01,9.38e-02; 1.77e-01,9.94e-02; 1.81e-01,1.04e-01; 1.86e-01,1.07e-01; 1.91e-01,1.10e-01; 1.97e-01,1.13e-01; 2.02e-01,1.16e-01; 2.06e-01,1.21e-01; 2.10e-01,1.25e-01; 2.13e-01,1.31e-01; 2.16e-01,1.35e-01; 2.21e-01,1.39e-01; 2.26e-01,1.42e-01; 2.31e-01,1.45e-01; 2.36e-01,1.49e-01; 2.40e-01,1.53e-01; 2.43e-01,1.59e-01; 2.46e-01,1.64e-01; 2.50e-01,1.69e-01; 2.54e-01,1.73e-01; 2.59e-01,1.76e-01; 2.65e-01,1.79e-01; 2.69e-01,1.83e-01; 2.73e-01,1.87e-01; 2.77e-01,1.92e-01; 2.80e-01,1.98e-01; 2.83e-01,2.02e-01; 2.88e-01,2.06e-01; 2.93e-01,2.10e-01; 2.98e-01,2.13e-01; 3.02e-01,2.17e-01; 3.07e-01,2.21e-01; 3.10e-01,2.26e-01","25,25,25,25,25,25,25,25,25,25,25,25,25,25,25,25,25,25,25,25,25,25,25,25,25,25,25,25,25,25,25,25,25,25,25,25,25,25,25,25,25,25,25,25,25,25,25,25,25,25,25,25,25,25,25,25,25,25,25,25,25,25,25,25"
521,68.02,58.28,"15.82,24.26,30.58,34.79,38.02,40.94,43.05,44.68,46.12,47.35,48.36,49.35,50.45,51.33,52.15,53.00,53.53,54.50,54.83,55.48,55.52,56.48,56.95,57.28,58.01,58.28,59.15,58.91,60.08,60.20,60.03,60.59,60.86,60.85,62.51,62.87,62.74,61.87,63.26,63.58,63.45,63.82,62.46,63.95,65.05,64.32,63.51,65.67,64.87,69.07,66.85,66.63,68.91,70.18,69.40,67.37,68.75,71.04,71.66,70.90,72.55,72.29,74.18,73.96","3.01e+02,3.01e+02,3.01e+02,3.00e+02","12,4,12,4","2.18e+03; 2.19e+03,2.16e+03; 2.24e+03,2.22e+03,2.08e+03; 2.93e+03,2.92e+03,2.86e+03; 3.02e+03,3.00e+03,2.84e+03,2.03e+03; 3.52e+03,3.52e+03,3.35e+03,2.68e+03; 4.01e+03,4.00e+03,3.86e+03,3.39e+03; 4.52e+03,4.51e+03,4.39e+03,4.01e+03; 5.02e+03,5.01e+03,4.89e+03,4.69e+03; 5.54e+03,5.53e+03,5.42e+03,5.30e+03; 6.07e+03,6.06e+03,5.96e+03,5.87e+03; 6.61e+03,6.60e+03,6.51e+03,6.43e+03; 7.15e+03,7.14e+03,7.05e+03,6.98e+03; 7.69e+03,7.69e+03,7.60e+03,7.52e+03; 8.23e+03,8.22e+03,8.15e+03,8.08e+03; 8.77e+03,8.77e+03,8.69e+03,8.62e+03; 9.32e+03,9.31e+03,9.24e+03,9.17e+03; 9.86e+03,9.85e+03,9.78e+03,9.72e+03; 1.04e+04,1.04e+04,1.03e+04,1.03e+04; 1.09e+04,1.09e+04,1.09e+04,1.08e+04; 1.15e+04,1.15e+04,1.14e+04,1.14e+04; 1.20e+04,1.20e+04,1.20e+04,1.19e+04; 1.26e+04,1.26e+04,1.25e+04,1.25e+04; 1.31e+04,1.31e+04,1.31e+04,1.30e+04; 1.37e+04,1.37e+04,1.36e+04,1.36e+04; 1.42e+04,1.42e+04,1.41e+04,1.41e+04; 1.47e+04,1.47e+04,1.47e+04,1.47e+04; 1.53e+04,1.53e+04,1.52e+04,1.52e+04; 1.58e+04,1.58e+04,1.58e+04,1.57e+04; 1.64e+04,1.64e+04,1.63e+04,1.63e+04; 1.69e+04,1.69e+04,1.69e+04,1.68e+04; 1.75e+04,1.75e+04,1.74e+04,1.74e+04; 1.80e+04,1.80e+04,1.80e+04,1.79e+04; 1.86e+04,1.85e+04,1.85e+04,1.85e+04; 1.91e+04,1.91e+04,1.90e+04,1.90e+04; 1.96e+04,1.96e+04,1.96e+04,1.96e+04; 2.02e+04,2.02e+04,2.01e+04,2.01e+04; 2.07e+04,2.07e+04,2.07e+04,2.06e+04; 2.13e+04,2.13e+04,2.12e+04,2.12e+04; 2.18e+04,2.18e+04,2.18e+04,2.17e+04; 2.24e+04,2.24e+04,2.23e+04,2.23e+04; 2.29e+04,2.29e+04,2.29e+04,2.28e+04; 2.35e+04,2.34e+04,2.34e+04,2.34e+04; 2.40e+04,2.40e+04,2.40e+04,2.39e+04; 2.45e+04,2.45e+04,2.45e+04,2.45e+04; 2.51e+04,2.51e+04,2.50e+04,2.50e+04; 2.56e+04,2.56e+04,2.56e+04,2.56e+04; 2.62e+04,2.62e+04,2.61e+04,2.61e+04; 2.67e+04,2.67e+04,2.67e+04,2.66e+04; 2.73e+04,2.73e+04,2.72e+04,2.72e+04; 2.78e+04,2.78e+04,2.78e+04,2.77e+04; 2.83e+04,2.83e+04,2.83e+04,2.83e+04; 2.89e+04,2.89e+04,2.89e+04,2.88e+04; 2.94e+04,2.94e+04,2.94e+04,2.94e+04; 3.00e+04,3.00e+04,2.99e+04,2.99e+04; 3.05e+04,3.05e+04,3.05e+04,3.05e+04; 3.11e+04,3.11e+04,3.10e+04,3.10e+04; 3.16e+04,3.16e+04,3.16e+04,3.16e+04; 3.22e+04,3.22e+04,3.21e+04,3.21e+04; 3.27e+04,3.27e+04,3.27e+04,3.26e+04; 3.32e+04,3.32e+04,3.32e+04,3.32e+04; 3.38e+04,3.38e+04,3.38e+04,3.37e+04; 3.43e+04,3.43e+04,3.43e+04,3.43e+04; 3.49e+04,3.49e+04,3.48e+04,3.48e+04","31,31,31,31,25,31,25,25,25,25,25,25,31,31,25,31,31,25,25,27,25,25,31,25,31,25,31,31,27,31,29,31,27,31,29,31,29,29,27,31,31,25,31,31,25,29,25,29,25,25,27,27,29,25,31,27,29,31,27,31,25,31,27,27"
522,57.65,47.19,"16.31,22.18,27.25,31.83,34.02,35.69,37.11,38.42,39.42,40.79,41.66,42.84,43.53,44.37,45.44,46.18,46.41,47.17,47.60,48.60,49.02,49.56,50.38,50.09,51.25,52.14,52.08,52.48,52.24,53.13,54.15,54.32,54.92,55.64,55.47,56.37,55.94,57.43,58.21,57.41,59.82,58.91,57.95,59.75,60.80,56.92,63.08,61.43,62.73,64.22,63.61,65.51,67.55,67.71,68.74,70.11,69.40,73.40,76.67,75.43,79.37,78.28,79.16,82.76","4.71e+02,4.70e+02,4.70e+02,4.69e+02","15,1,15,1","3.42e+03; 3.50e+03,3.34e+03; 3.62e+03,3.50e+03,3.14e+03; 4.72e+03,4.69e+03,4.29e+03; 5.86e+03,5.85e+03,5.40e+03; 7.01e+03,6.99e+03,6.53e+03; 7.04e+03,7.03e+03,6.61e+03,3.28e+03; 7.72e+03,7.71e+03,7.38e+03,4.56e+03; 8.69e+03,8.69e+03,8.35e+03,5.07e+03; 9.65e+03,9.65e+03,9.16e+03,5.76e+03; 1.03e+04,1.03e+04,1.01e+04,7.02e+03; 1.10e+04,1.10e+04,1.08e+04,8.23e+03; 1.19e+04,1.19e+04,1.17e+04,8.91e+03; 1.27e+04,1.27e+04,1.25e+04,1.00e+04; 1.34e+04,1.34e+04,1.33e+04,1.12e+04; 1.42e+04,1.42e+04,1.40e+04,1.23e+04; 1.51e+04,1.51e+04,1.49e+04,1.31e+04; 1.59e+04,1.59e+04,1.57e+04,1.41e+04; 1.67e+04,1.67e+04,1.66e+04,1.49e+04; 1.75e+04,1.75e+04,1.74e+04,1.61e+04; 1.83e+04,1.83e+04,1.82e+04,1.70e+04; 1.92e+04,1.92e+04,1.91e+04,1.79e+04; 2.00e+04,2.00e+04,1.99e+04,1.88e+04; 2.08e+04,2.08e+04,2.06e+04,2.00e+04; 2.16e+04,2.16e+04,2.15e+04,2.08e+04; 2.25e+04,2.25e+04,2.23e+04,2.17e+04; 2.33e+04,2.33e+04,2.32e+04,2.26e+04; 2.41e+04,2.41e+04,2.40e+04,2.35e+04; 2.51e+04,2.51e+04,2.50e+04,2.41e+04; 2.59e+04,2.59e+04,2.58e+04,2.51e+04; 2.67e+04,2.67e+04,2.66e+04,2.61e+04; 2.75e+04,2.75e+04,2.74e+04,2.70e+04; 2.84e+04,2.84e+04,2.83e+04,2.79e+04; 2.92e+04,2.92e+04,2.91e+04,2.88e+04; 3.01e+04,3.01e+04,3.00e+04,2.97e+04; 3.09e+04,3.09e+04,3.08e+04,3.06e+04; 3.18e+04,3.18e+04,3.17e+04,3.14e+04; 3.26e+04,3.26e+04,3.25e+04,3.23e+04; 3.35e+04,3.34e+04,3.34e+04,3.32e+04; 3.43e+04,3.43e+04,3.42e+04,3.41e+04; 3.51e+04,3.51e+04,3.51e+04,3.50e+04; 3.60e+04,3.60e+04,3.59e+04,3.58e+04; 3.68e+04,3.68e+04,3.68e+04,3.67e+04; 3.77e+04,3.77e+04,3.76e+04,3.75e+04; 3.86e+04,3.86e+04,3.85e+04,3.84e+04; 3.94e+04,3.94e+04,3.93e+04,3.93e+04; 4.03e+04,4.03e+04,4.02e+04,4.01e+04; 4.11e+04,4.11e+04,4.10e+04,4.10e+04; 4.20e+04,4.20e+04,4.19e+04,4.19e+04; 4.28e+04,4.28e+04,4.27e+04,4.27e+04; 4.37e+04,4.37e+04,4.36e+04,4.36e+04; 4.45e+04,4.45e+04,4.45e+04,4.44e+04; 4.54e+04,4.54e+04,4.53e+04,4.53e+04; 4.62e+04,4.62e+04,4.62e+04,4.61e+04; 4.71e+04,4.71e+04,4.70e+04,4.70e+04; 4.79e+04,4.79e+04,4.79e+04,4.79e+04; 4.88e+04,4.88e+04,4.87e+04,4.87e+04; 4.97e+04,4.96e+04,4.96e+04,4.96e+04; 5.05e+04,5.05e+04,5.04e+04,5.04e+04; 5.14e+04,5.14e+04,5.13e+04,5.13e+04; 5.22e+04,5.22e+04,5.22e+04,5.21e+04; 5.31e+04,5.31e+04,5.30e+04,5.30e+04; 5.39e+04,5.39e+04,5.39e+04,5.39e+04; 5.48e+04,5.48e+04,5.47e+04,5.47e+04","16,16,0,16,16,0,16,16,16,0,0,16,0,16,16,30,0,0,30,16,30,32,32,16,0,0,16,32,16,0,30,0,0,16,30,16,0,30,16,16,16,32,32,30,16,0,32,16,32,32,0,16,0,32,16,16,16,16,16,32,0,0,16,32"
523,47.21,42.65,"17.22,25.35,29.09,31.72,34.06,36.83,39.29,40.36,42.25,43.06,42.13,43.94,44.06,43.87,44.57,44.85,45.13,45.76,45.91,45.47,46.14,46.82,47.06,49.08,49.38,50.40,50.88,54.04,53.94,53.06,56.10,55.90,62.03,61.59,65.15,66.71,67.09,69.30,71.01,74.95,78.03,81.86,81.78,82.37,88.23,95.61,95.92,100.49,101.91,103.66,105.65,108.59,110.42,117.67,119.50,121.62,126.10,127.91,132.01,136.99,140.12,143.80,148.77,150.81","7.95e+02,7.94e+02,7.91e+02,6.18e+02","12,12,4,12","4.54e+03; 4.57e+03,4.52e+03; 6.82e+03,6.80e+03; 9.09e+03,9.08e+03; 8.58e+03,8.57e+03,5.56e+03; 9.57e+03,9.57e+03,8.10e+03; 1.08e+04,1.08e+04,1.02e+04; 1.22e+04,1.22e+04,1.19e+04; 1.37e+04,1.37e+04,1.34e+04; 1.35e+04,1.35e+04,1.32e+04,5.12e+03; 1.31e+04,1.31e+04,1.27e+04,1.11e+04; 1.73e+04,1.73e+04,1.70e+04,2.80e+03; 1.89e+04,1.89e+04,1.86e+04,2.49e+03; 1.72e+04,1.72e+04,1.69e+04,1.22e+04; 2.12e+04,2.12e+04,2.09e+04,4.85e+03; 2.27e+04,2.27e+04,2.23e+04,5.02e+03; 2.22e+04,2.22e+04,2.19e+04,1.08e+04; 2.28e+04,2.28e+04,2.24e+04,1.37e+04; 2.37e+04,2.37e+04,2.34e+04,1.55e+04; 2.60e+04,2.60e+04,2.56e+04,1.32e+04; 2.77e+04,2.77e+04,2.74e+04,1.27e+04; 2.60e+04,2.60e+04,2.57e+04,2.22e+04; 2.76e+04,2.76e+04,2.73e+04,2.19e+04; 2.97e+04,2.97e+04,2.95e+04,2.01e+04; 3.07e+04,3.07e+04,3.05e+04,2.16e+04; 3.13e+04,3.12e+04,3.11e+04,2.45e+04; 3.11e+04,3.11e+04,3.10e+04,2.93e+04; 3.39e+04,3.39e+04,3.38e+04,2.55e+04; 3.53e+04,3.53e+04,3.52e+04,2.59e+04; 3.58e+04,3.58e+04,3.57e+04,2.89e+04; 3.62e+04,3.62e+04,3.61e+04,3.23e+04; 3.72e+04,3.72e+04,3.71e+04,3.37e+04; 3.95e+04,3.95e+04,3.94e+04,3.13e+04; 3.97e+04,3.97e+04,3.96e+04,3.53e+04; 4.05e+04,4.05e+04,4.04e+04,3.75e+04; 4.20e+04,4.20e+04,4.19e+04,3.74e+04; 4.31e+04,4.31e+04,4.29e+04,3.89e+04; 4.51e+04,4.51e+04,4.50e+04,3.74e+04; 4.54e+04,4.54e+04,4.53e+04,4.10e+04; 4.64e+04,4.64e+04,4.63e+04,4.26e+04; 4.74e+04,4.74e+04,4.73e+04,4.41e+04; 4.88e+04,4.88e+04,4.87e+04,4.44e+04; 4.95e+04,4.95e+04,4.95e+04,4.67e+04; 5.09e+04,5.09e+04,5.08e+04,4.72e+04; 5.28e+04,5.28e+04,5.27e+04,4.60e+04; 5.30e+04,5.30e+04,5.30e+04,4.99e+04; 5.39e+04,5.39e+04,5.39e+04,5.17e+04; 5.51e+04,5.51e+04,5.50e+04,5.27e+04; 5.61e+04,5.61e+04,5.61e+04,5.42e+04; 5.73e+04,5.73e+04,5.73e+04,5.50e+04; 5.84e+04,5.84e+04,5.84e+04,5.63e+04; 5.99e+04,5.99e+04,5.98e+04,5.66e+04; 6.10e+04,6.10e+04,6.09e+04,5.78e+04; 6.17e+04,6.17e+04,6.17e+04,6.00e+04; 6.29e+04,6.29e+04,6.29e+04,6.11e+04; 6.40e+04,6.40e+04,6.40e+04,6.22e+04; 6.51e+04,6.51e+04,6.51e+04,6.34e+04; 6.62e+04,6.62e+04,6.62e+04,6.47e+04; 6.72e+04,6.72e+04,6.71e+04,6.64e+04; 6.86e+04,6.86e+04,6.85e+04,6.68e+04; 6.97e+04,6.97e+04,6.97e+04,6.79e+04; 7.08e+04,7.08e+04,7.07e+04,6.93e+04; 7.18e+04,7.18e+04,7.18e+04,7.06e+04; 7.30e+04,7.30e+04,7.29e+04,7.17e+04","31,31,31,31,31,31,31,31,31,17,15,17,21,31,17,21,17,21,17,21,17,31,31,31,31,15,31,21,31,17,31,17,17,31,31,31,17,21,31,31,31,31,21,31,31,31,31,31,15,21,31,31,15,31,31,17,31,31,31,21,31,31,31,21"
524,51.52,44.13,"15.47,23.47,27.03,29.16,30.98,33.42,35.75,38.00,38.94,39.94,40.44,41.40,42.58,42.76,43.32,44.30,45.16,45.90,46.39,46.76,46.62,47.92,48.38,48.59,49.34,49.58,50.12,49.28,49.78,51.16,51.88,51.20,52.83,53.45,53.20,53.52,55.33,55.36,53.49,57.85,58.39,59.09,59.03,58.98,61.40,63.50,62.50,64.83,64.32,68.04,67.60,70.02,71.68,74.24,75.22,77.59,79.46,83.50,86.51,86.84,88.81,89.75,93.99,92.35","4.64e+02,4.64e+02,4.63e+02,4.44e+02","12,12,4,12","2.71e+03; 2.73e+03,2.70e+03; 4.08e+03,4.06e+03; 4.66e+03,4.64e+03,1.55e+03; 5.12e+03,5.11e+03,2.33e+03,1.01e+03; 5.06e+03,5.05e+03,4.35e+03,1.82e+03; 5.66e+03,5.65e+03,5.34e+03,2.35e+03; 6.35e+03,6.34e+03,6.19e+03,2.84e+03; 6.98e+03,6.97e+03,6.82e+03,3.65e+03; 7.59e+03,7.59e+03,7.47e+03,4.48e+03; 8.39e+03,8.39e+03,8.25e+03,4.81e+03; 9.19e+03,9.19e+03,9.07e+03,5.12e+03; 9.95e+03,9.95e+03,9.84e+03,5.54e+03; 1.04e+04,1.04e+04,1.03e+04,6.88e+03; 1.11e+04,1.11e+04,1.10e+04,7.55e+03; 1.17e+04,1.17e+04,1.16e+04,8.33e+03; 1.25e+04,1.25e+04,1.24e+04,8.83e+03; 1.31e+04,1.31e+04,1.31e+04,9.49e+03; 1.38e+04,1.38e+04,1.37e+04,1.02e+04; 1.45e+04,1.45e+04,1.45e+04,1.07e+04; 1.52e+04,1.52e+04,1.52e+04,1.14e+04; 1.59e+04,1.59e+04,1.58e+04,1.21e+04; 1.66e+04,1.66e+04,1.65e+04,1.28e+04; 1.72e+04,1.72e+04,1.71e+04,1.37e+04; 1.79e+04,1.78e+04,1.78e+04,1.44e+04; 1.84e+04,1.84e+04,1.84e+04,1.53e+04; 1.92e+04,1.92e+04,1.92e+04,1.56e+04; 1.99e+04,1.99e+04,1.99e+04,1.62e+04; 2.05e+04,2.05e+04,2.05e+04,1.71e+04; 2.13e+04,2.13e+04,2.12e+04,1.77e+04; 2.20e+04,2.20e+04,2.19e+04,1.83e+04; 2.25e+04,2.25e+04,2.25e+04,1.93e+04; 2.32e+04,2.32e+04,2.32e+04,1.99e+04; 2.39e+04,2.39e+04,2.38e+04,2.06e+04; 2.45e+04,2.45e+04,2.45e+04,2.14e+04; 2.53e+04,2.53e+04,2.53e+04,2.17e+04; 2.59e+04,2.59e+04,2.59e+04,2.27e+04; 2.66e+04,2.66e+04,2.65e+04,2.34e+04; 2.71e+04,2.71e+04,2.71e+04,2.46e+04; 2.78e+04,2.78e+04,2.78e+04,2.51e+04; 2.86e+04,2.86e+04,2.86e+04,2.55e+04; 2.92e+04,2.92e+04,2.92e+04,2.64e+04; 2.99e+04,2.99e+04,2.99e+04,2.69e+04; 3.06e+04,3.06e+04,3.06e+04,2.77e+04; 3.13e+04,3.13e+04,3.13e+04,2.82e+04; 3.20e+04,3.20e+04,3.20e+04,2.89e+04; 3.25e+04,3.25e+04,3.25e+04,3.01e+04; 3.33e+04,3.33e+04,3.33e+04,3.03e+04; 3.39e+04,3.39e+04,3.39e+04,3.13e+04; 3.46e+04,3.46e+04,3.46e+04,3.20e+04; 3.52e+04,3.52e+04,3.52e+04,3.28e+04; 3.60e+04,3.60e+04,3.60e+04,3.31e+04; 3.65e+04,3.65e+04,3.65e+04,3.43e+04; 3.73e+04,3.73e+04,3.73e+04,3.46e+04; 3.80e+04,3.80e+04,3.80e+04,3.52e+04; 3.86e+04,3.86e+04,3.86e+04,3.61e+04; 3.93e+04,3.93e+04,3.92e+04,3.69e+04; 4.01e+04,4.00e+04,4.00e+04,3.73e+04; 4.07e+04,4.07e+04,4.07e+04,3.80e+04; 4.14e+04,4.14e+04,4.14e+04,3.86e+04; 4.22e+04,4.22e+04,4.22e+04,3.90e+04; 4.28e+04,4.28e+04,4.27e+04,4.00e+04; 4.34e+04,4.34e+04,4.34e+04,4.09e+04; 4.41e+04,4.41e+04,4.41e+04,4.14e+04","16,16,16,16,16,16,16,16,16,16,22,16,16,39,16,16,16,16,39,39,16,16,22,16,22,18,18,22,22,16,22,39,16,18,16,39,16,18,16,39,22,16,18,39,16,22,22,18,18,39,39,16,16,22,16,39,39,39,16,18,16,22,16,39"
525,48.99,42.17,"16.57,24.53,28.21,30.58,32.85,35.89,38.54,40.67,41.60,42.46,43.09,43.58,44.77,44.93,45.32,46.04,46.55,47.66,47.31,48.33,48.20,48.39,48.52,49.35,49.02,50.72,50.27,52.04,51.06,51.54,53.40,55.37,55.94,57.94,58.10,60.42,61.67,66.22,65.03,67.04,70.01,70.68,72.02,73.95,77.22,81.06,84.01,89.53,86.46,91.11,96.33,99.06,101.88,108.90,113.76,109.41,115.95,126.15,119.81,125.35,129.41,139.65,136.44,141.50","8.50e+02,8.50e+02,8.50e+02,6.30e+02","3,8,3,8","4.54e+03; 4.57e+03,4.52e+03; 6.83e+03,6.81e+03; 9.09e+03,9.08e+03; 8.89e+03,8.88e+03,4.94e+03; 9.44e+03,9.44e+03,8.39e+03; 1.07e+04,1.07e+04,1.04e+04; 1.22e+04,1.22e+04,1.20e+04; 1.37e+04,1.37e+04,1.35e+04; 1.52e+04,1.52e+04,1.51e+04; 1.66e+04,1.66e+04,1.65e+04,2.00e+02; 1.68e+04,1.68e+04,1.66e+04,4.37e+03; 1.91e+04,1.91e+04,1.89e+04,1.99e+03; 2.00e+04,2.00e+04,1.99e+04,3.77e+03; 2.08e+04,2.08e+04,2.07e+04,5.84e+03; 2.20e+04,2.20e+04,2.19e+04,6.72e+03; 2.29e+04,2.29e+04,2.28e+04,8.69e+03; 2.42e+04,2.42e+04,2.42e+04,9.18e+03; 2.39e+04,2.39e+04,2.39e+04,1.46e+04; 2.58e+04,2.58e+04,2.58e+04,1.34e+04; 2.64e+04,2.64e+04,2.63e+04,1.63e+04; 2.72e+04,2.72e+04,2.72e+04,1.84e+04; 2.85e+04,2.85e+04,2.84e+04,1.91e+04; 2.89e+04,2.89e+04,2.89e+04,2.23e+04; 3.13e+04,3.13e+04,3.12e+04,1.99e+04; 3.23e+04,3.23e+04,3.23e+04,2.12e+04; 3.25e+04,3.25e+04,3.25e+04,2.52e+04; 3.42e+04,3.42e+04,3.42e+04,2.47e+04; 3.52e+04,3.52e+04,3.52e+04,2.62e+04; 3.61e+04,3.61e+04,3.60e+04,2.81e+04; 3.62e+04,3.62e+04,3.61e+04,3.24e+04; 3.87e+04,3.87e+04,3.87e+04,2.94e+04; 3.89e+04,3.89e+04,3.88e+04,3.34e+04; 4.10e+04,4.10e+04,4.10e+04,3.16e+04; 4.17e+04,4.17e+04,4.17e+04,3.39e+04; 4.31e+04,4.31e+04,4.31e+04,3.42e+04; 4.41e+04,4.41e+04,4.40e+04,3.59e+04; 4.47e+04,4.47e+04,4.46e+04,3.87e+04; 4.58e+04,4.58e+04,4.57e+04,4.00e+04; 4.74e+04,4.74e+04,4.74e+04,3.95e+04; 4.82e+04,4.82e+04,4.81e+04,4.18e+04; 4.94e+04,4.94e+04,4.94e+04,4.26e+04; 5.02e+04,5.02e+04,5.01e+04,4.49e+04; 5.14e+04,5.14e+04,5.14e+04,4.57e+04; 5.24e+04,5.24e+04,5.24e+04,4.72e+04; 5.41e+04,5.41e+04,5.40e+04,4.69e+04; 5.41e+04,5.41e+04,5.41e+04,5.13e+04; 5.58e+04,5.58e+04,5.58e+04,5.06e+04; 5.69e+04,5.69e+04,5.69e+04,5.19e+04; 5.76e+04,5.76e+04,5.75e+04,5.46e+04; 5.93e+04,5.93e+04,5.93e+04,5.38e+04; 6.03e+04,6.03e+04,6.03e+04,5.53e+04; 6.14e+04,6.14e+04,6.13e+04,5.68e+04; 6.25e+04,6.25e+04,6.24e+04,5.80e+04; 6.31e+04,6.31e+04,6.31e+04,6.05e+04; 6.43e+04,6.43e+04,6.43e+04,6.14e+04; 6.57e+04,6.57e+04,6.57e+04,6.20e+04; 6.68e+04,6.68e+04,6.68e+04,6.31e+04; 6.75e+04,6.75e+04,6.75e+04,6.57e+04; 6.94e+04,6.94e+04,6.94e+04,6.45e+04; 7.04e+04,7.04e+04,7.04e+04,6.59e+04; 7.13e+04,7.13e+04,7.13e+04,6.78e+04; 7.22e+04,7.22e+04,7.22e+04,6.98e+04; 7.35e+04,7.35e+04,7.35e+04,7.02e+04","31,31,31,31,31,31,31,31,31,16,16,16,31,31,63,31,16,16,8,16,16,63,8,31,8,16,8,31,8,16,31,31,16,16,31,31,16,16,31,63,8,8,16,31,31,31,16,16,16,8,16,31,16,16,31,31,31,31,8,63,16,31,31,63"
526,66.23,55.64,"18.06,24.54,29.06,33.36,36.57,39.28,41.99,44.22,45.73,46.90,47.83,49.44,49.83,51.02,52.18,52.63,53.75,54.22,55.33,55.65,54.46,57.14,56.34,57.12,57.98,60.21,61.51,61.55,59.53,62.70,63.64,65.44,68.63,71.54,73.81,76.50,76.72,83.38,86.08,86.85,88.57,92.65,95.00,97.93,101.54,104.00,108.76,111.35,116.35,117.52,122.16,126.68,130.20,136.63,138.94,144.18,148.53,152.69,154.25,160.26,162.16,167.99,171.18,176.07","7.75e+02,7.75e+02,7.74e+02,7.68e+02","15,4,15,4","6.14e+03; 6.23e+03,6.06e+03; 7.09e+03,7.03e+03,4.32e+03; 8.63e+03,8.60e+03,7.35e+03; 9.86e+03,9.84e+03,8.86e+03,2.17e+03; 1.09e+04,1.09e+04,1.01e+04,4.89e+03; 1.16e+04,1.16e+04,1.08e+04,8.91e+03; 1.28e+04,1.28e+04,1.20e+04,1.16e+04; 1.42e+04,1.42e+04,1.35e+04,1.34e+04; 1.57e+04,1.57e+04,1.52e+04,1.49e+04; 1.72e+04,1.72e+04,1.66e+04,1.65e+04; 1.87e+04,1.87e+04,1.83e+04,1.80e+04; 2.05e+04,2.05e+04,2.01e+04,1.88e+04; 2.18e+04,2.17e+04,2.14e+04,2.11e+04; 2.33e+04,2.33e+04,2.30e+04,2.26e+04; 2.48e+04,2.48e+04,2.45e+04,2.42e+04; 2.63e+04,2.63e+04,2.60e+04,2.58e+04; 2.78e+04,2.78e+04,2.76e+04,2.74e+04; 2.93e+04,2.93e+04,2.90e+04,2.90e+04; 3.09e+04,3.09e+04,3.07e+04,3.05e+04; 3.25e+04,3.25e+04,3.23e+04,3.19e+04; 3.39e+04,3.39e+04,3.37e+04,3.36e+04; 3.55e+04,3.55e+04,3.53e+04,3.51e+04; 3.70e+04,3.70e+04,3.68e+04,3.67e+04; 3.85e+04,3.85e+04,3.83e+04,3.83e+04; 4.01e+04,4.01e+04,3.99e+04,3.98e+04; 4.16e+04,4.16e+04,4.14e+04,4.13e+04; 4.31e+04,4.31e+04,4.29e+04,4.29e+04; 4.47e+04,4.47e+04,4.45e+04,4.44e+04; 4.62e+04,4.62e+04,4.60e+04,4.60e+04; 4.77e+04,4.77e+04,4.76e+04,4.75e+04; 4.93e+04,4.93e+04,4.91e+04,4.90e+04; 5.08e+04,5.08e+04,5.06e+04,5.06e+04; 5.23e+04,5.23e+04,5.22e+04,5.21e+04; 5.38e+04,5.38e+04,5.37e+04,5.37e+04; 5.54e+04,5.54e+04,5.52e+04,5.52e+04; 5.69e+04,5.69e+04,5.68e+04,5.67e+04; 5.84e+04,5.84e+04,5.83e+04,5.83e+04; 6.00e+04,6.00e+04,5.99e+04,5.98e+04; 6.15e+04,6.15e+04,6.14e+04,6.14e+04; 6.31e+04,6.30e+04,6.29e+04,6.29e+04; 6.46e+04,6.46e+04,6.45e+04,6.44e+04; 6.61e+04,6.61e+04,6.60e+04,6.60e+04; 6.77e+04,6.77e+04,6.75e+04,6.75e+04; 6.92e+04,6.92e+04,6.91e+04,6.91e+04; 7.07e+04,7.07e+04,7.06e+04,7.06e+04; 7.23e+04,7.23e+04,7.22e+04,7.21e+04; 7.38e+04,7.38e+04,7.37e+04,7.37e+04; 7.53e+04,7.53e+04,7.52e+04,7.52e+04; 7.69e+04,7.69e+04,7.68e+04,7.68e+04; 7.84e+04,7.84e+04,7.83e+04,7.83e+04; 7.99e+04,7.99e+04,7.99e+04,7.98e+04; 8.15e+04,8.15e+04,8.14e+04,8.13e+04; 8.30e+04,8.30e+04,8.29e+04,8.29e+04; 8.45e+04,8.45e+04,8.45e+04,8.44e+04; 8.61e+04,8.61e+04,8.60e+04,8.60e+04; 8.76e+04,8.76e+04,8.75e+04,8.75e+04; 8.91e+04,8.91e+04,8.91e+04,8.90e+04; 9.07e+04,9.07e+04,9.06e+04,9.06e+04; 9.22e+04,9.22e+04,9.22e+04,9.21e+04; 9.37e+04,9.37e+04,9.37e+04,9.37e+04; 9.53e+04,9.53e+04,9.52e+04,9.52e+04; 9.68e+04,9.68e+04,9.68e+04,9.67e+04; 9.84e+04,9.83e+04,9.83e+04,9.83e+04","31,31,31,31,16,16,31,31,31,16,31,16,16,16,16,16,16,31,31,47,16,31,47,47,31,47,31,31,14,16,47,14,16,31,31,31,47,31,16,31,14,16,31,31,47,31,31,14,16,31,31,31,16,16,16,31,31,16,16,16,16,47,31,31"
527,65.62,50.62,"15.22,22.34,28.44,31.40,33.48,35.71,37.68,39.61,41.03,42.21,43.41,44.29,45.22,45.97,46.68,47.44,47.94,48.74,49.57,49.72,50.32,50.84,51.31,52.13,52.52,52.90,53.51,53.80,54.36,54.50,55.67,55.84,55.64,56.06,55.93,57.96,56.62,58.86,58.15,58.59,57.95,58.90,59.28,58.52,59.75,58.08,59.89,62.40,61.71,60.14,60.43,62.64,62.78,62.33,62.39,63.84,65.12,66.08,68.07,68.22,67.46,68.83,69.75,70.75","5.34e+02,5.34e+02,5.33e+02,5.28e+02","11,5,3,11","4.09e+03; 4.15e+03,4.03e+03; 4.26e+03,4.13e+03,3.87e+03; 5.52e+03,5.41e+03,5.24e+03,1.83e+02; 6.36e+03,6.27e+03,6.07e+03,1.75e+03; 6.87e+03,6.79e+03,5.89e+03,4.99e+03; 7.60e+03,7.53e+03,6.94e+03,6.57e+03; 8.46e+03,8.41e+03,8.01e+03,7.84e+03; 9.47e+03,9.43e+03,9.05e+03,8.87e+03; 1.05e+04,1.05e+04,1.01e+04,9.89e+03; 1.15e+04,1.14e+04,1.11e+04,1.09e+04; 1.25e+04,1.24e+04,1.22e+04,1.20e+04; 1.35e+04,1.35e+04,1.32e+04,1.30e+04; 1.45e+04,1.45e+04,1.43e+04,1.40e+04; 1.55e+04,1.55e+04,1.53e+04,1.50e+04; 1.65e+04,1.65e+04,1.63e+04,1.61e+04; 1.75e+04,1.75e+04,1.73e+04,1.72e+04; 1.85e+04,1.85e+04,1.84e+04,1.82e+04; 1.96e+04,1.95e+04,1.94e+04,1.92e+04; 2.06e+04,2.06e+04,2.04e+04,2.02e+04; 2.16e+04,2.16e+04,2.14e+04,2.13e+04; 2.26e+04,2.26e+04,2.25e+04,2.23e+04; 2.36e+04,2.36e+04,2.35e+04,2.33e+04; 2.47e+04,2.46e+04,2.45e+04,2.43e+04; 2.57e+04,2.57e+04,2.55e+04,2.54e+04; 2.67e+04,2.67e+04,2.66e+04,2.64e+04; 2.77e+04,2.77e+04,2.76e+04,2.75e+04; 2.87e+04,2.87e+04,2.86e+04,2.85e+04; 2.98e+04,2.97e+04,2.96e+04,2.95e+04; 3.08e+04,3.08e+04,3.07e+04,3.05e+04; 3.18e+04,3.18e+04,3.17e+04,3.16e+04; 3.28e+04,3.28e+04,3.27e+04,3.26e+04; 3.38e+04,3.38e+04,3.37e+04,3.36e+04; 3.49e+04,3.48e+04,3.47e+04,3.46e+04; 3.59e+04,3.59e+04,3.58e+04,3.57e+04; 3.69e+04,3.69e+04,3.68e+04,3.67e+04; 3.79e+04,3.79e+04,3.78e+04,3.77e+04; 3.89e+04,3.89e+04,3.88e+04,3.87e+04; 4.00e+04,3.99e+04,3.99e+04,3.98e+04; 4.10e+04,4.10e+04,4.09e+04,4.08e+04; 4.20e+04,4.20e+04,4.19e+04,4.18e+04; 4.30e+04,4.30e+04,4.29e+04,4.28e+04; 4.40e+04,4.40e+04,4.39e+04,4.39e+04; 4.51e+04,4.50e+04,4.50e+04,4.49e+04; 4.61e+04,4.61e+04,4.60e+04,4.59e+04; 4.71e+04,4.71e+04,4.70e+04,4.69e+04; 4.81e+04,4.81e+04,4.80e+04,4.80e+04; 4.91e+04,4.91e+04,4.91e+04,4.90e+04; 5.02e+04,5.02e+04,5.01e+04,5.00e+04; 5.12e+04,5.12e+04,5.11e+04,5.10e+04; 5.22e+04,5.22e+04,5.21e+04,5.21e+04; 5.32e+04,5.32e+04,5.32e+04,5.31e+04; 5.43e+04,5.42e+04,5.42e+04,5.41e+04; 5.53e+04,5.53e+04,5.52e+04,5.51e+04; 5.63e+04,5.63e+04,5.62e+04,5.62e+04; 5.73e+04,5.73e+04,5.72e+04,5.72e+04; 5.83e+04,5.83e+04,5.83e+04,5.82e+04; 5.94e+04,5.94e+04,5.93e+04,5.92e+04; 6.04e+04,6.04e+04,6.03e+04,6.03e+04; 6.14e+04,6.14e+04,6.13e+04,6.13e+04; 6.24e+04,6.24e+04,6.24e+04,6.23e+04; 6.34e+04,6.34e+04,6.34e+04,6.33e+04; 6.45e+04,6.45e+04,6.44e+04,6.43e+04; 6.55e+04,6.55e+04,6.54e+04,6.54e+04","24,8,24,24,24,8,24,24,24,8,24,24,8,24,8,30,30,24,8,8,24,18,24,24,30,24,8,24,24,30,8,18,30,30,24,24,18,30,8,8,30,8,18,24,8,18,30,30,30,24,18,24,8,8,30,18,18,30,8,18,8,18,30,18"
528,44.85,38.62,"16.19,18.83,21.34,23.59,26.34,28.82,31.06,32.75,33.43,34.33,35.42,36.66,37.45,38.36,38.89,39.59,40.00,40.23,41.45,42.41,42.61,43.39,43.39,43.97,44.87,44.84,45.74,45.48,47.51,45.76,47.25,45.83,47.07,48.26,47.30,49.10,49.37,50.51,49.24,51.74,52.83,51.78,50.35,54.02,53.04,57.43,56.16,61.43,59.95,61.34,60.80,62.75,64.26,66.76,66.76,67.78,68.22,72.69,73.69,74.81,78.35,82.45,83.23,82.64","6.67e+02,6.66e+02,6.63e+02,5.34e+02","8,0,8,0","3.70e+03; 5.18e+03,2.23e+03; 6.23e+03,4.88e+03; 7.13e+03,6.45e+03,1.24e+03; 6.99e+03,6.64e+03,4.89e+03; 7.38e+03,7.20e+03,6.01e+03,1.64e+03; 8.27e+03,8.18e+03,7.29e+03,2.20e+03; 9.10e+03,9.04e+03,8.37e+03,3.14e+03; 1.01e+04,1.00e+04,9.35e+03,3.87e+03; 1.10e+04,1.10e+04,1.04e+04,4.63e+03; 1.17e+04,1.16e+04,1.12e+04,6.24e+03; 1.47e+04,1.47e+04,1.44e+04,6.83e+02; 1.42e+04,1.42e+04,1.38e+04,5.99e+03; 1.42e+04,1.42e+04,1.38e+04,9.76e+03; 1.51e+04,1.51e+04,1.47e+04,1.07e+04; 1.61e+04,1.60e+04,1.57e+04,1.15e+04; 1.70e+04,1.70e+04,1.66e+04,1.24e+04; 1.78e+04,1.78e+04,1.75e+04,1.35e+04; 1.87e+04,1.87e+04,1.84e+04,1.46e+04; 1.97e+04,1.96e+04,1.94e+04,1.54e+04; 2.07e+04,2.07e+04,2.04e+04,1.60e+04; 2.15e+04,2.15e+04,2.12e+04,1.73e+04; 2.25e+04,2.25e+04,2.23e+04,1.79e+04; 2.33e+04,2.33e+04,2.30e+04,1.93e+04; 2.42e+04,2.42e+04,2.40e+04,2.03e+04; 2.50e+04,2.50e+04,2.48e+04,2.16e+04; 2.59e+04,2.59e+04,2.58e+04,2.24e+04; 2.69e+04,2.69e+04,2.67e+04,2.33e+04; 2.85e+04,2.85e+04,2.83e+04,2.21e+04; 2.89e+04,2.89e+04,2.87e+04,2.45e+04; 2.97e+04,2.97e+04,2.95e+04,2.59e+04; 3.05e+04,3.05e+04,3.03e+04,2.72e+04; 3.14e+04,3.14e+04,3.12e+04,2.82e+04; 3.24e+04,3.24e+04,3.23e+04,2.88e+04; 3.32e+04,3.32e+04,3.31e+04,3.02e+04; 3.42e+04,3.41e+04,3.40e+04,3.10e+04; 3.52e+04,3.52e+04,3.51e+04,3.15e+04; 3.65e+04,3.65e+04,3.64e+04,3.14e+04; 3.69e+04,3.69e+04,3.67e+04,3.40e+04; 3.78e+04,3.78e+04,3.77e+04,3.49e+04; 3.87e+04,3.87e+04,3.86e+04,3.58e+04; 3.97e+04,3.97e+04,3.95e+04,3.67e+04; 4.05e+04,4.05e+04,4.04e+04,3.78e+04; 4.14e+04,4.14e+04,4.13e+04,3.88e+04; 4.27e+04,4.27e+04,4.26e+04,3.88e+04; 4.34e+04,4.34e+04,4.33e+04,4.03e+04; 4.43e+04,4.43e+04,4.42e+04,4.13e+04; 4.53e+04,4.53e+04,4.52e+04,4.20e+04; 4.61e+04,4.61e+04,4.59e+04,4.35e+04; 4.70e+04,4.70e+04,4.69e+04,4.44e+04; 4.79e+04,4.79e+04,4.78e+04,4.52e+04; 4.88e+04,4.88e+04,4.87e+04,4.63e+04; 4.98e+04,4.98e+04,4.97e+04,4.71e+04; 5.08e+04,5.08e+04,5.07e+04,4.77e+04; 5.17e+04,5.17e+04,5.16e+04,4.87e+04; 5.25e+04,5.25e+04,5.24e+04,5.00e+04; 5.35e+04,5.35e+04,5.34e+04,5.09e+04; 5.44e+04,5.44e+04,5.43e+04,5.19e+04; 5.53e+04,5.53e+04,5.52e+04,5.28e+04; 5.64e+04,5.64e+04,5.63e+04,5.33e+04; 5.71e+04,5.71e+04,5.70e+04,5.47e+04; 5.80e+04,5.80e+04,5.79e+04,5.58e+04; 5.89e+04,5.89e+04,5.89e+04,5.67e+04; 5.98e+04,5.98e+04,5.97e+04,5.79e+04","16,16,16,16,16,16,16,22,22,22,16,16,16,16,18,22,18,16,16,22,16,18,22,16,20,16,16,18,16,18,22,22,18,16,16,20,22,20,16,22,18,20,16,22,18,16,18,22,18,20,20,18,20,16,18,20,22,16,22,16,16,20,20,16"
529,51.11,41.75,"18.95,24.09,28.11,31.10,32.83,35.59,37.69,40.60,40.92,41.30,42.58,42.64,44.08,44.46,44.34,44.75,46.03,46.57,46.02,48.72,50.19,51.14,51.67,50.60,53.28,53.16,56.93,59.89,59.60,60.92,64.01,67.93,73.98,78.06,80.71,84.75,89.06,92.67,95.98,98.71,100.92,109.31,112.09,111.76,117.35,124.03,128.64,130.58,133.65,139.60,145.20,151.53,152.61,160.13,165.02,170.45,171.91,178.36,181.07,188.77,193.15,197.20,204.32,208.67","9.29e+02,9.28e+02,9.22e+02,8.96e+02","11,11,3,11","6.10e+03; 6.32e+03,5.88e+03; 9.20e+03,9.10e+03; 1.22e+04,1.22e+04; 1.23e+04,1.23e+04,5.94e+03; 1.32e+04,1.31e+04,1.03e+04; 1.45e+04,1.45e+04,1.32e+04,4.73e+02; 1.64e+04,1.64e+04,1.59e+04; 1.85e+04,1.85e+04,1.80e+04; 1.99e+04,1.99e+04,1.94e+04,1.71e+03; 2.22e+04,2.22e+04,2.17e+04,9.08e+02; 2.37e+04,2.37e+04,2.33e+04,2.65e+03; 2.66e+04,2.66e+04,2.62e+04; 2.34e+04,2.34e+04,2.30e+04,1.56e+04; 2.42e+04,2.42e+04,2.38e+04,1.93e+04; 2.62e+04,2.62e+04,2.59e+04,1.92e+04; 2.93e+04,2.93e+04,2.90e+04,1.60e+04; 3.15e+04,3.15e+04,3.12e+04,1.57e+04; 3.14e+04,3.14e+04,3.11e+04,2.20e+04; 3.52e+04,3.52e+04,3.50e+04,1.66e+04; 3.70e+04,3.70e+04,3.68e+04,1.73e+04; 3.74e+04,3.74e+04,3.72e+04,2.22e+04; 3.87e+04,3.87e+04,3.85e+04,2.45e+04; 3.75e+04,3.75e+04,3.73e+04,3.42e+04; 4.04e+04,4.04e+04,4.02e+04,3.16e+04; 4.16e+04,4.16e+04,4.14e+04,3.41e+04; 4.18e+04,4.18e+04,4.16e+04,3.94e+04; 4.62e+04,4.62e+04,4.60e+04,3.24e+04; 4.74e+04,4.74e+04,4.73e+04,3.48e+04; 4.93e+04,4.93e+04,4.91e+04,3.53e+04; 5.02e+04,5.01e+04,5.00e+04,3.88e+04; 4.98e+04,4.98e+04,4.96e+04,4.60e+04; 5.09e+04,5.09e+04,5.08e+04,4.86e+04; 5.43e+04,5.43e+04,5.42e+04,4.46e+04; 5.42e+04,5.42e+04,5.40e+04,5.12e+04; 5.77e+04,5.77e+04,5.76e+04,4.65e+04; 5.97e+04,5.97e+04,5.95e+04,4.69e+04; 5.87e+04,5.87e+04,5.86e+04,5.58e+04; 6.05e+04,6.05e+04,6.04e+04,5.65e+04; 6.25e+04,6.25e+04,6.24e+04,5.65e+04; 6.29e+04,6.29e+04,6.28e+04,6.15e+04; 6.53e+04,6.53e+04,6.52e+04,6.05e+04; 6.65e+04,6.65e+04,6.64e+04,6.29e+04; 6.93e+04,6.93e+04,6.92e+04,6.07e+04; 6.94e+04,6.94e+04,6.93e+04,6.65e+04; 7.28e+04,7.28e+04,7.27e+04,6.24e+04; 7.35e+04,7.35e+04,7.34e+04,6.64e+04; 7.44e+04,7.44e+04,7.44e+04,6.96e+04; 7.52e+04,7.52e+04,7.52e+04,7.33e+04; 7.77e+04,7.77e+04,7.76e+04,7.20e+04; 8.00e+04,8.00e+04,7.99e+04,7.14e+04; 8.04e+04,8.04e+04,8.03e+04,7.62e+04; 8.18e+04,8.18e+04,8.18e+04,7.79e+04; 8.44e+04,8.44e+04,8.43e+04,7.64e+04; 8.44e+04,8.44e+04,8.44e+04,8.23e+04; 8.65e+04,8.65e+04,8.64e+04,8.22e+04; 8.85e+04,8.85e+04,8.85e+04,8.22e+04; 8.92e+04,8.92e+04,8.92e+04,8.63e+04; 9.06e+04,9.06e+04,9.05e+04,8.83e+04; 9.30e+04,9.30e+04,9.29e+04,8.71e+04; 9.44e+04,9.44e+04,9.44e+04,8.89e+04; 9.51e+04,9.51e+04,9.50e+04,9.31e+04; 9.69e+04,9.69e+04,9.69e+04,9.36e+04; 9.82e+04,9.82e+04,9.81e+04,9.60e+04","23,23,23,23,23,23,23,23,31,15,15,23,63,15,63,23,23,23,63,23,63,15,31,23,15,23,23,15,31,23,15,15,23,31,23,23,63,31,31,23,23,31,31,31,15,23,15,23,15,15,23,15,15,23,23,31,23,15,15,15,23,31,23,23"
530,57.57,47.83,"15.10,20.02,23.74,26.27,28.08,30.12,32.13,34.10,35.09,36.16,37.42,38.39,39.61,40.11,40.93,41.17,41.65,42.59,42.99,43.63,44.70,45.39,45.63,46.33,46.99,47.47,47.82,48.57,48.95,49.07,49.57,50.06,50.37,50.62,51.04,51.21,52.14,53.54,54.39,54.04,54.81,55.02,54.35,55.19,54.21,54.56,58.83,56.45,55.81,56.49,55.33,57.57,60.15,59.76,60.44,61.21,60.58,59.50,62.37,59.57,61.82,63.60,65.93,65.14","4.39e+02,4.39e+02,4.38e+02,4.33e+02","8,0,8,0","3.00e+03; 3.15e+03,2.85e+03; 4.54e+03,4.45e+03; 6.01e+03,5.97e+03; 7.33e+03,7.30e+03,3.53e+02; 6.87e+03,6.86e+03,4.24e+03; 7.37e+03,7.36e+03,6.24e+03; 8.17e+03,8.16e+03,7.63e+03; 9.16e+03,9.15e+03,8.65e+03; 1.01e+04,1.01e+04,9.75e+03; 1.11e+04,1.11e+04,1.08e+04; 1.20e+04,1.20e+04,1.19e+04; 1.30e+04,1.30e+04,1.29e+04; 1.40e+04,1.40e+04,1.39e+04; 1.50e+04,1.50e+04,1.49e+04; 1.39e+04,1.39e+04,1.38e+04,6.41e+03; 1.47e+04,1.47e+04,1.46e+04,6.98e+03; 1.54e+04,1.54e+04,1.53e+04,7.92e+03; 1.61e+04,1.61e+04,1.60e+04,8.69e+03; 1.71e+04,1.71e+04,1.70e+04,8.66e+03; 1.83e+04,1.83e+04,1.82e+04,8.10e+03; 1.78e+04,1.78e+04,1.78e+04,1.24e+04; 1.84e+04,1.84e+04,1.84e+04,1.37e+04; 1.92e+04,1.92e+04,1.92e+04,1.42e+04; 2.00e+04,1.99e+04,1.99e+04,1.51e+04; 2.06e+04,2.06e+04,2.06e+04,1.60e+04; 2.14e+04,2.14e+04,2.13e+04,1.68e+04; 2.23e+04,2.22e+04,2.22e+04,1.72e+04; 2.32e+04,2.32e+04,2.32e+04,1.72e+04; 2.35e+04,2.35e+04,2.34e+04,1.95e+04; 2.42e+04,2.42e+04,2.42e+04,2.03e+04; 2.50e+04,2.50e+04,2.49e+04,2.10e+04; 2.57e+04,2.57e+04,2.57e+04,2.17e+04; 2.63e+04,2.63e+04,2.63e+04,2.29e+04; 2.71e+04,2.71e+04,2.71e+04,2.35e+04; 2.82e+04,2.82e+04,2.82e+04,2.32e+04; 2.89e+04,2.89e+04,2.89e+04,2.41e+04; 2.94e+04,2.94e+04,2.94e+04,2.57e+04; 3.00e+04,3.00e+04,3.00e+04,2.69e+04; 3.07e+04,3.07e+04,3.07e+04,2.76e+04; 3.15e+04,3.15e+04,3.15e+04,2.84e+04; 3.22e+04,3.22e+04,3.22e+04,2.92e+04; 3.30e+04,3.30e+04,3.29e+04,2.99e+04; 3.37e+04,3.37e+04,3.37e+04,3.07e+04; 3.48e+04,3.48e+04,3.47e+04,3.06e+04; 3.51e+04,3.51e+04,3.51e+04,3.25e+04; 3.59e+04,3.59e+04,3.59e+04,3.32e+04; 3.66e+04,3.66e+04,3.66e+04,3.41e+04; 3.73e+04,3.73e+04,3.73e+04,3.48e+04; 3.81e+04,3.81e+04,3.81e+04,3.55e+04; 3.88e+04,3.88e+04,3.88e+04,3.63e+04; 3.97e+04,3.97e+04,3.97e+04,3.66e+04; 4.04e+04,4.04e+04,4.03e+04,3.77e+04; 4.10e+04,4.10e+04,4.10e+04,3.88e+04; 4.17e+04,4.17e+04,4.17e+04,3.97e+04; 4.24e+04,4.24e+04,4.24e+04,4.05e+04; 4.32e+04,4.32e+04,4.32e+04,4.12e+04; 4.40e+04,4.40e+04,4.39e+04,4.19e+04; 4.47e+04,4.47e+04,4.47e+04,4.27e+04; 4.56e+04,4.56e+04,4.56e+04,4.28e+04; 4.64e+04,4.64e+04,4.64e+04,4.35e+04; 4.69e+04,4.69e+04,4.69e+04,4.50e+04; 4.76e+04,4.76e+04,4.76e+04,4.58e+04; 4.84e+04,4.84e+04,4.84e+04,4.66e+04","14,14,14,14,14,14,14,14,14,14,14,14,14,14,30,8,14,30,14,14,14,8,24,24,14,8,8,30,24,24,24,14,8,14,24,24,24,14,8,14,14,14,14,30,8,24,30,8,30,14,14,8,14,8,8,24,8,30,14,8,8,8,8,14"
531,55.26,43.33,"19.04,23.93,27.40,29.84,31.10,32.14,34.84,37.17,38.45,38.30,40.26,41.32,41.45,42.70,43.14,42.80,46.77,45.98,46.65,49.97,49.70,52.23,50.77,54.45,57.46,58.13,58.51,61.52,65.37,67.00,68.90,72.16,78.02,80.98,85.77,89.49,93.21,97.41,102.30,107.02,112.69,115.09,119.77,125.24,135.09,137.19,140.94,141.58,144.91,148.48,154.18,159.30,167.70,172.76,174.56,178.70,181.66,186.00,187.96,192.56,202.98,210.68,212.44,213.74","1.18e+03,1.18e+03,1.18e+03,1.16e+03","15,15,7,15","8.44e+03; 8.80e+03,8.07e+03; 1.28e+04,1.25e+04; 1.69e+04,1.68e+04; 2.11e+04,2.10e+04; 1.99e+04,1.99e+04,1.08e+04; 2.09e+04,2.09e+04,1.72e+04; 2.04e+04,2.04e+04,1.89e+04,7.78e+03; 2.58e+04,2.58e+04,2.44e+04; 2.30e+04,2.30e+04,2.14e+04,1.70e+04; 3.26e+04,3.25e+04,2.77e+04; 3.34e+04,3.34e+04,3.21e+04,2.37e+03; 3.69e+04,3.68e+04,3.59e+04; 3.86e+04,3.86e+04,3.78e+04,3.08e+03; 3.56e+04,3.55e+04,3.46e+04,2.08e+04; 3.56e+04,3.56e+04,3.47e+04,2.92e+04; 3.77e+04,3.77e+04,3.73e+04,3.07e+04; 4.08e+04,4.08e+04,4.05e+04,2.98e+04; 4.27e+04,4.27e+04,4.23e+04,3.26e+04; 4.76e+04,4.76e+04,4.72e+04,2.64e+04; 4.72e+04,4.72e+04,4.69e+04,3.58e+04; 5.13e+04,5.13e+04,5.10e+04,3.21e+04; 4.95e+04,4.95e+04,4.92e+04,4.58e+04; 5.27e+04,5.27e+04,5.24e+04,4.46e+04; 5.59e+04,5.59e+04,5.57e+04,4.35e+04; 5.71e+04,5.71e+04,5.69e+04,4.83e+04; 6.08e+04,6.08e+04,6.06e+04,4.56e+04; 6.42e+04,6.42e+04,6.40e+04,4.39e+04; 6.56e+04,6.56e+04,6.55e+04,4.79e+04; 6.46e+04,6.46e+04,6.45e+04,5.93e+04; 6.73e+04,6.72e+04,6.71e+04,5.99e+04; 6.89e+04,6.88e+04,6.87e+04,6.35e+04; 7.12e+04,7.12e+04,7.11e+04,6.49e+04; 7.37e+04,7.37e+04,7.36e+04,6.57e+04; 7.64e+04,7.64e+04,7.63e+04,6.62e+04; 8.04e+04,8.03e+04,8.03e+04,6.27e+04; 8.01e+04,8.01e+04,8.00e+04,7.20e+04; 8.12e+04,8.12e+04,8.11e+04,7.71e+04; 8.32e+04,8.32e+04,8.32e+04,7.94e+04; 8.50e+04,8.50e+04,8.50e+04,8.24e+04; 8.87e+04,8.87e+04,8.86e+04,7.99e+04; 8.98e+04,8.98e+04,8.97e+04,8.51e+04; 9.32e+04,9.32e+04,9.32e+04,8.32e+04; 9.37e+04,9.37e+04,9.36e+04,9.02e+04; 9.79e+04,9.79e+04,9.79e+04,8.59e+04; 9.82e+04,9.82e+04,9.82e+04,9.35e+04; 9.96e+04,9.96e+04,9.96e+04,9.76e+04; 1.02e+05,1.02e+05,1.02e+05,9.81e+04; 1.04e+05,1.04e+05,1.04e+05,1.02e+05; 1.07e+05,1.07e+05,1.07e+05,1.02e+05; 1.10e+05,1.10e+05,1.10e+05,1.01e+05; 1.10e+05,1.10e+05,1.10e+05,1.09e+05; 1.13e+05,1.13e+05,1.13e+05,1.09e+05; 1.15e+05,1.15e+05,1.15e+05,1.12e+05; 1.17e+05,1.17e+05,1.17e+05,1.14e+05; 1.19e+05,1.19e+05,1.19e+05,1.17e+05; 1.21e+05,1.21e+05,1.21e+05,1.17e+05; 1.23e+05,1.23e+05,1.23e+05,1.21e+05; 1.25e+05,1.25e+05,1.25e+05,1.22e+05; 1.28e+05,1.28e+05,1.28e+05,1.22e+05; 1.29e+05,1.29e+05,1.29e+05,1.28e+05; 1.34e+05,1.34e+05,1.34e+05,1.22e+05; 1.33e+05,1.33e+05,1.33e+05,1.31e+05; 1.37e+05,1.37e+05,1.37e+05,1.30e+05","23,23,23,23,23,23,23,23,39,39,23,23,23,55,7,55,23,23,39,23,23,39,39,55,23,23,7,23,23,7,39,39,23,23,23,23,23,23,23,23,23,39,23,23,23,23,55,55,23,39,23,23,23,23,23,55,23,7,23,23,23,23,55,23"
532,48.19,40.61,"18.61,21.11,24.08,26.34,27.70,29.36,29.89,31.53,31.93,32.42,33.29,35.14,35.55,35.97,37.19,36.63,38.40,38.99,38.58,39.06,40.81,40.36,40.97,40.45,41.85,45.38,46.20,47.51,48.52,50.59,52.06,50.81,53.51,56.77,59.85,59.11,64.08,65.91,71.01,72.58,74.02,80.01,80.30,81.51,84.26,86.96,94.06,94.75,99.38,99.96,108.31,112.78,116.09,122.40,125.51,128.80,130.51,132.76,141.96,143.07,149.00,155.68,161.05,162.95","1.27e+03,1.26e+03,1.25e+03,1.23e+03","15,4,15,4","9.42e+03; 1.33e+04,5.49e+03; 1.54e+04,1.29e+04; 1.95e+04,1.82e+04; 1.85e+04,1.72e+04,1.14e+04; 1.98e+04,1.91e+04,1.21e+04,5.49e+03; 2.01e+04,1.95e+04,1.47e+04,1.16e+04; 2.86e+04,2.81e+04,1.86e+04; 2.46e+04,2.42e+04,1.80e+04,1.79e+04; 2.95e+04,2.90e+04,2.23e+04,1.34e+04; 2.83e+04,2.78e+04,2.51e+04,2.23e+04; 4.04e+04,3.99e+04,2.98e+04,2.90e+03; 3.94e+04,3.90e+04,3.44e+04,9.64e+03; 4.56e+04,4.52e+04,3.88e+04,2.22e+03; 4.54e+04,4.50e+04,3.94e+04,1.14e+04; 4.51e+04,4.47e+04,3.63e+04,2.46e+04; 4.90e+04,4.86e+04,4.16e+04,2.09e+04; 5.06e+04,5.02e+04,4.44e+04,2.44e+04; 5.13e+04,5.10e+04,4.39e+04,3.27e+04; 5.15e+04,5.12e+04,4.53e+04,4.04e+04; 5.47e+04,5.43e+04,4.83e+04,4.04e+04; 5.69e+04,5.66e+04,5.27e+04,4.09e+04; 6.01e+04,5.98e+04,5.53e+04,4.14e+04; 6.00e+04,5.97e+04,5.52e+04,5.10e+04; 6.25e+04,6.23e+04,5.90e+04,5.16e+04; 6.34e+04,6.32e+04,5.99e+04,5.83e+04; 6.52e+04,6.49e+04,6.29e+04,6.12e+04; 6.82e+04,6.79e+04,6.43e+04,6.33e+04; 7.10e+04,7.08e+04,6.72e+04,6.41e+04; 7.29e+04,7.27e+04,6.98e+04,6.71e+04; 7.55e+04,7.52e+04,7.17e+04,6.95e+04; 7.72e+04,7.70e+04,7.45e+04,7.26e+04; 7.95e+04,7.93e+04,7.68e+04,7.51e+04; 8.15e+04,8.13e+04,7.88e+04,7.86e+04; 8.41e+04,8.40e+04,8.14e+04,8.00e+04; 8.72e+04,8.70e+04,8.38e+04,8.09e+04; 8.86e+04,8.85e+04,8.57e+04,8.56e+04; 9.11e+04,9.10e+04,8.84e+04,8.74e+04; 9.38e+04,9.37e+04,9.15e+04,8.82e+04; 9.54e+04,9.53e+04,9.32e+04,9.28e+04; 9.78e+04,9.76e+04,9.55e+04,9.51e+04; 1.00e+05,9.99e+04,9.82e+04,9.74e+04; 1.03e+05,1.03e+05,1.01e+05,9.79e+04; 1.05e+05,1.05e+05,1.03e+05,1.02e+05; 1.07e+05,1.07e+05,1.05e+05,1.05e+05; 1.10e+05,1.09e+05,1.08e+05,1.06e+05; 1.12e+05,1.12e+05,1.10e+05,1.09e+05; 1.14e+05,1.14e+05,1.13e+05,1.11e+05; 1.16e+05,1.16e+05,1.15e+05,1.14e+05; 1.19e+05,1.18e+05,1.18e+05,1.16e+05; 1.21e+05,1.21e+05,1.19e+05,1.19e+05; 1.23e+05,1.23e+05,1.22e+05,1.21e+05; 1.26e+05,1.26e+05,1.25e+05,1.23e+05; 1.28e+05,1.28e+05,1.27e+05,1.24e+05; 1.30e+05,1.30e+05,1.29e+05,1.28e+05; 1.33e+05,1.33e+05,1.32e+05,1.30e+05; 1.35e+05,1.35e+05,1.34e+05,1.33e+05; 1.37e+05,1.37e+05,1.37e+05,1.35e+05; 1.40e+05,1.40e+05,1.38e+05,1.37e+05; 1.43e+05,1.43e+05,1.40e+05,1.39e+05; 1.44e+05,1.44e+05,1.44e+05,1.42e+05; 1.47e+05,1.47e+05,1.46e+05,1.44e+05; 1.49e+05,1.49e+05,1.48e+05,1.47e+05; 1.51e+05,1.51e+05,1.51e+05,1.49e+05","14,14,14,14,0,14,14,14,0,10,0,14,0,14,10,0,10,14,0,14,0,16,0,14,14,14,0,0,10,16,0,16,14,14,14,16,14,14,14,0,14,10,16,0,14,14,14,14,14,14,14,14,14,14,16,10,16,14,14,14,14,14,0,14"
533,58.18,47.18,"17.66,20.49,24.02,26.76,29.25,31.55,33.30,35.13,36.77,38.17,39.40,40.26,41.44,42.65,43.47,44.33,45.59,46.29,46.50,47.40,47.48,47.81,48.36,49.28,49.73,51.29,50.93,52.73,52.50,51.55,53.37,52.08,55.28,54.54,58.87,59.51,62.68,64.62,65.22,68.90,68.95,70.80,74.25,77.01,79.52,79.57,84.16,86.94,90.81,92.52,95.54,99.50,99.81,108.10,110.44,111.93,114.22,117.83,123.59,126.04,129.24,133.98,134.58,139.58","8.78e+02,8.76e+02,8.76e+02,8.70e+02","15,7,15,7","6.45e+03; 8.08e+03,4.83e+03; 1.00e+04,9.33e+03; 1.30e+04,1.28e+04; 1.22e+04,1.20e+04,8.08e+03; 1.38e+04,1.37e+04,1.12e+04; 1.57e+04,1.57e+04,1.38e+04; 1.76e+04,1.76e+04,1.64e+04; 1.96e+04,1.95e+04,1.90e+04; 2.17e+04,2.17e+04,2.12e+04; 1.88e+04,1.88e+04,1.82e+04,1.52e+04; 2.22e+04,2.22e+04,2.17e+04,1.13e+04; 2.21e+04,2.21e+04,2.16e+04,1.81e+04; 2.36e+04,2.36e+04,2.32e+04,1.99e+04; 2.53e+04,2.52e+04,2.49e+04,2.14e+04; 2.69e+04,2.69e+04,2.65e+04,2.29e+04; 2.85e+04,2.85e+04,2.82e+04,2.45e+04; 3.01e+04,3.01e+04,2.99e+04,2.60e+04; 3.17e+04,3.17e+04,3.15e+04,2.77e+04; 3.35e+04,3.35e+04,3.33e+04,2.87e+04; 3.54e+04,3.54e+04,3.52e+04,2.95e+04; 3.65e+04,3.65e+04,3.64e+04,3.25e+04; 3.81e+04,3.81e+04,3.79e+04,3.43e+04; 3.97e+04,3.97e+04,3.96e+04,3.58e+04; 4.13e+04,4.13e+04,4.12e+04,3.75e+04; 4.30e+04,4.29e+04,4.28e+04,3.91e+04; 4.46e+04,4.45e+04,4.44e+04,4.07e+04; 4.62e+04,4.62e+04,4.61e+04,4.21e+04; 4.80e+04,4.80e+04,4.80e+04,4.31e+04; 4.88e+04,4.88e+04,4.88e+04,4.71e+04; 5.06e+04,5.05e+04,5.05e+04,4.85e+04; 5.23e+04,5.23e+04,5.22e+04,4.97e+04; 5.40e+04,5.40e+04,5.39e+04,5.10e+04; 5.56e+04,5.56e+04,5.55e+04,5.27e+04; 5.72e+04,5.72e+04,5.72e+04,5.43e+04; 5.88e+04,5.88e+04,5.88e+04,5.58e+04; 6.25e+04,6.25e+04,6.25e+04,5.13e+04; 6.22e+04,6.21e+04,6.21e+04,5.88e+04; 6.37e+04,6.37e+04,6.37e+04,6.06e+04; 6.53e+04,6.53e+04,6.53e+04,6.22e+04; 6.69e+04,6.69e+04,6.69e+04,6.38e+04; 6.85e+04,6.85e+04,6.85e+04,6.55e+04; 7.02e+04,7.02e+04,7.02e+04,6.68e+04; 7.17e+04,7.17e+04,7.16e+04,6.90e+04; 7.34e+04,7.34e+04,7.34e+04,7.01e+04; 7.45e+04,7.45e+04,7.45e+04,7.33e+04; 7.66e+04,7.65e+04,7.65e+04,7.37e+04; 7.81e+04,7.81e+04,7.81e+04,7.55e+04; 7.97e+04,7.97e+04,7.97e+04,7.71e+04; 8.13e+04,8.13e+04,8.13e+04,7.87e+04; 8.32e+04,8.32e+04,8.32e+04,7.96e+04; 8.46e+04,8.45e+04,8.45e+04,8.19e+04; 8.62e+04,8.62e+04,8.62e+04,8.33e+04; 8.79e+04,8.79e+04,8.78e+04,8.49e+04; 8.93e+04,8.93e+04,8.93e+04,8.69e+04; 9.09e+04,9.09e+04,9.09e+04,8.87e+04; 9.25e+04,9.25e+04,9.25e+04,9.03e+04; 9.41e+04,9.41e+04,9.41e+04,9.19e+04; 9.63e+04,9.63e+04,9.63e+04,9.18e+04; 9.73e+04,9.73e+04,9.73e+04,9.52e+04; 9.92e+04,9.92e+04,9.91e+04,9.62e+04; 1.01e+05,1.01e+05,1.01e+05,9.80e+04; 1.02e+05,1.02e+05,1.02e+05,1.00e+05; 1.04e+05,1.04e+05,1.04e+05,1.02e+05","6,6,6,6,23,23,23,23,23,6,0,6,0,23,23,23,6,23,6,6,55,55,55,6,6,23,55,23,6,6,0,23,55,23,23,6,55,0,6,23,23,23,0,23,6,6,6,23,23,55,0,6,6,23,23,0,23,6,0,6,6,55,23,6"
534,48.05,41.10,"17.19,20.53,23.81,26.17,27.99,29.80,31.60,32.85,33.80,33.78,35.13,36.54,37.30,37.67,38.20,38.97,38.98,39.36,40.08,40.94,41.91,41.85,42.46,42.60,43.68,42.65,43.53,43.87,43.60,45.57,45.26,45.52,46.02,45.45,47.19,47.16,49.43,49.50,48.33,50.46,49.77,52.85,53.39,53.01,56.10,54.03,59.66,60.78,61.42,63.29,65.63,66.94,67.19,71.22,69.44,71.51,75.22,73.19,74.92,77.34,76.92,82.56,86.67,84.82","8.71e+02,8.69e+02,8.68e+02,8.53e+02","12,4,12,6","5.02e+03; 5.72e+03,4.32e+03; 7.74e+03,7.32e+03; 1.01e+04,9.94e+03; 1.26e+04,1.25e+04,5.62e+01; 1.23e+04,1.22e+04,5.61e+03; 1.34e+04,1.33e+04,8.43e+03; 1.46e+04,1.46e+04,1.10e+04; 1.63e+04,1.63e+04,1.26e+04; 1.52e+04,1.52e+04,1.13e+04,8.48e+03; 1.82e+04,1.82e+04,1.57e+04,3.07e+03; 2.06e+04,2.06e+04,1.91e+04; 2.22e+04,2.22e+04,2.08e+04; 2.39e+04,2.39e+04,2.26e+04; 2.55e+04,2.55e+04,2.42e+04; 2.66e+04,2.66e+04,2.55e+04,1.59e+03; 2.86e+04,2.85e+04,2.75e+04,7.74e+02; 2.95e+04,2.95e+04,2.86e+04,2.73e+03; 2.83e+04,2.82e+04,2.74e+04,1.15e+04; 3.20e+04,3.20e+04,3.11e+04,5.37e+03; 3.29e+04,3.29e+04,3.24e+04,7.19e+03; 3.41e+04,3.41e+04,3.35e+04,8.73e+03; 3.41e+04,3.41e+04,3.35e+04,1.37e+04; 3.34e+04,3.34e+04,3.29e+04,2.08e+04; 3.69e+04,3.69e+04,3.64e+04,1.54e+04; 3.69e+04,3.69e+04,3.64e+04,2.03e+04; 3.87e+04,3.87e+04,3.82e+04,1.99e+04; 4.00e+04,3.99e+04,3.96e+04,2.11e+04; 4.19e+04,4.19e+04,4.17e+04,2.01e+04; 4.25e+04,4.25e+04,4.23e+04,2.33e+04; 4.23e+04,4.23e+04,4.21e+04,2.90e+04; 4.31e+04,4.30e+04,4.28e+04,3.17e+04; 4.56e+04,4.56e+04,4.54e+04,2.90e+04; 4.63e+04,4.63e+04,4.61e+04,3.20e+04; 4.65e+04,4.65e+04,4.62e+04,3.66e+04; 5.05e+04,5.05e+04,5.03e+04,2.95e+04; 5.07e+04,5.07e+04,5.05e+04,3.39e+04; 5.08e+04,5.08e+04,5.06e+04,3.85e+04; 5.13e+04,5.13e+04,5.12e+04,4.19e+04; 5.27e+04,5.27e+04,5.26e+04,4.28e+04; 5.49e+04,5.49e+04,5.47e+04,4.13e+04; 5.61e+04,5.61e+04,5.59e+04,4.27e+04; 5.69e+04,5.69e+04,5.68e+04,4.53e+04; 5.88e+04,5.88e+04,5.87e+04,4.46e+04; 6.04e+04,6.04e+04,6.03e+04,4.49e+04; 5.95e+04,5.95e+04,5.94e+04,5.25e+04; 6.12e+04,6.12e+04,6.11e+04,5.24e+04; 6.21e+04,6.21e+04,6.21e+04,5.46e+04; 6.32e+04,6.32e+04,6.32e+04,5.64e+04; 6.50e+04,6.50e+04,6.50e+04,5.60e+04; 6.74e+04,6.74e+04,6.74e+04,5.38e+04; 6.85e+04,6.85e+04,6.84e+04,5.57e+04; 6.83e+04,6.83e+04,6.83e+04,6.11e+04; 7.14e+04,7.14e+04,7.13e+04,5.70e+04; 7.08e+04,7.08e+04,7.07e+04,6.38e+04; 7.22e+04,7.22e+04,7.21e+04,6.46e+04; 7.37e+04,7.37e+04,7.36e+04,6.52e+04; 7.51e+04,7.51e+04,7.50e+04,6.60e+04; 7.62e+04,7.62e+04,7.61e+04,6.77e+04; 7.73e+04,7.73e+04,7.73e+04,6.94e+04; 7.87e+04,7.87e+04,7.86e+04,7.03e+04; 7.98e+04,7.98e+04,7.97e+04,7.20e+04; 8.32e+04,8.32e+04,8.32e+04,6.67e+04; 8.29e+04,8.29e+04,8.29e+04,7.25e+04","6,6,6,6,6,6,6,6,22,6,22,6,8,22,8,6,22,6,8,8,6,8,8,22,6,22,22,6,6,22,8,22,6,6,54,54,6,8,22,22,54,6,8,6,6,6,54,6,6,54,54,6,54,54,8,54,6,6,54,8,6,6,8,22"
535,46.65,37.53,"17.54,20.07,22.88,25.01,26.42,27.76,29.44,31.60,32.34,33.07,33.45,34.39,34.96,36.28,36.76,38.06,38.62,39.31,39.57,40.48,41.02,41.33,41.88,42.57,43.57,43.04,43.33,44.59,42.80,45.84,46.40,45.37,45.73,47.00,49.95,47.15,51.32,52.87,55.49,56.56,59.80,57.43,61.35,62.02,64.29,66.57,70.29,75.41,75.03,76.10,76.81,79.19,82.16,82.94,85.05,88.65,91.29,92.01,97.25,99.99,101.55,105.21,106.88,110.79","6.95e+02,6.93e+02,6.82e+02,6.78e+02","15,7,15,1","4.14e+03; 5.65e+03,2.63e+03; 6.71e+03,5.71e+03; 8.55e+03,8.01e+03; 1.05e+04,1.02e+04; 1.07e+04,1.04e+04,3.77e+03; 1.08e+04,1.05e+04,7.71e+03; 1.10e+04,1.08e+04,9.76e+03,1.58e+03; 1.17e+04,1.15e+04,1.06e+04,3.55e+03; 1.26e+04,1.24e+04,1.15e+04,4.97e+03; 1.29e+04,1.27e+04,1.15e+04,8.39e+03; 1.52e+04,1.50e+04,1.30e+04,6.45e+03; 1.60e+04,1.59e+04,1.48e+04,7.17e+03; 1.66e+04,1.64e+04,1.54e+04,9.62e+03; 1.76e+04,1.74e+04,1.64e+04,1.07e+04; 1.82e+04,1.81e+04,1.76e+04,1.23e+04; 1.85e+04,1.84e+04,1.80e+04,1.54e+04; 2.14e+04,2.13e+04,2.08e+04,1.11e+04; 2.15e+04,2.13e+04,2.08e+04,1.51e+04; 2.23e+04,2.22e+04,2.17e+04,1.66e+04; 2.37e+04,2.36e+04,2.31e+04,1.67e+04; 2.48e+04,2.48e+04,2.43e+04,1.72e+04; 2.56e+04,2.55e+04,2.51e+04,1.90e+04; 2.63e+04,2.63e+04,2.60e+04,2.08e+04; 2.66e+04,2.66e+04,2.63e+04,2.40e+04; 2.85e+04,2.84e+04,2.82e+04,2.25e+04; 2.85e+04,2.84e+04,2.82e+04,2.67e+04; 3.02e+04,3.02e+04,2.99e+04,2.57e+04; 3.47e+04,3.46e+04,3.43e+04,1.65e+04; 3.27e+04,3.26e+04,3.23e+04,2.66e+04; 3.35e+04,3.34e+04,3.32e+04,2.82e+04; 3.44e+04,3.44e+04,3.41e+04,2.95e+04; 3.57e+04,3.56e+04,3.53e+04,3.01e+04; 3.67e+04,3.66e+04,3.64e+04,3.10e+04; 3.70e+04,3.70e+04,3.67e+04,3.42e+04; 3.93e+04,3.93e+04,3.90e+04,3.15e+04; 4.08e+04,4.07e+04,4.05e+04,3.12e+04; 4.03e+04,4.03e+04,4.00e+04,3.67e+04; 4.15e+04,4.15e+04,4.12e+04,3.72e+04; 4.28e+04,4.27e+04,4.25e+04,3.76e+04; 4.31e+04,4.31e+04,4.29e+04,4.07e+04; 4.49e+04,4.48e+04,4.47e+04,3.95e+04; 4.57e+04,4.57e+04,4.55e+04,4.12e+04; 4.75e+04,4.75e+04,4.72e+04,3.99e+04; 4.89e+04,4.88e+04,4.87e+04,4.00e+04; 4.88e+04,4.87e+04,4.85e+04,4.44e+04; 4.96e+04,4.96e+04,4.94e+04,4.60e+04; 5.11e+04,5.11e+04,5.09e+04,4.57e+04; 5.20e+04,5.20e+04,5.18e+04,4.70e+04; 5.32e+04,5.32e+04,5.30e+04,4.77e+04; 5.42e+04,5.42e+04,5.40e+04,4.88e+04; 5.52e+04,5.52e+04,5.50e+04,5.00e+04; 5.62e+04,5.62e+04,5.60e+04,5.10e+04; 5.65e+04,5.64e+04,5.63e+04,5.44e+04; 5.81e+04,5.81e+04,5.79e+04,5.36e+04; 5.88e+04,5.88e+04,5.87e+04,5.56e+04; 6.03e+04,6.03e+04,6.01e+04,5.53e+04; 6.20e+04,6.20e+04,6.19e+04,5.43e+04; 6.23e+04,6.23e+04,6.21e+04,5.76e+04; 6.28e+04,6.28e+04,6.26e+04,6.02e+04; 6.43e+04,6.43e+04,6.42e+04,5.97e+04; 6.56e+04,6.56e+04,6.55e+04,6.00e+04; 6.66e+04,6.66e+04,6.65e+04,6.11e+04; 6.71e+04,6.71e+04,6.69e+04,6.39e+04","7,7,7,7,7,7,7,7,7,7,1,7,1,7,5,7,7,3,3,7,1,7,3,7,7,7,3,3,7,1,5,5,5,5,1,7,7,7,3,7,7,3,7,1,7,7,7,1,3,3,5,7,1,3,5,7,5,3,7,7,7,7,7,1"
536,38.41,29.96,"14.43,16.81,18.31,19.86,21.44,22.79,23.90,24.85,25.54,26.29,26.85,27.66,28.28,28.98,29.65,30.38,30.85,31.56,32.04,32.45,32.63,32.91,33.73,33.95,34.54,34.57,35.21,35.38,35.94,35.69,36.02,36.06,36.95,36.86,36.48,37.33,38.32,37.73,38.21,37.84,37.92,39.76,38.84,39.48,39.23,40.03,39.62,39.12,39.57,40.40,40.41,40.13,39.75,41.18,41.09,38.69,40.74,42.45,42.36,42.55,41.53,41.03,45.28,42.14","1.94e+02,1.91e+02,1.83e+02,1.78e+02","8,0,8,8","1.13e+03; 2.26e+03; 3.30e+03,9.62e+01; 2.96e+03,1.56e+03; 3.23e+03,2.42e+03; 3.66e+03,3.13e+03; 4.15e+03,3.76e+03; 4.04e+03,3.73e+03,1.27e+03; 4.44e+03,4.18e+03,1.56e+03; 4.54e+03,4.30e+03,2.47e+03; 4.88e+03,4.64e+03,2.92e+03; 5.17e+03,4.93e+03,3.46e+03; 5.44e+03,5.21e+03,4.05e+03; 5.78e+03,5.57e+03,4.48e+03; 6.09e+03,5.89e+03,4.98e+03; 6.38e+03,6.20e+03,5.52e+03; 6.75e+03,6.58e+03,5.90e+03; 7.07e+03,6.91e+03,6.38e+03; 7.42e+03,7.26e+03,6.81e+03; 7.79e+03,7.63e+03,7.19e+03; 8.16e+03,8.00e+03,7.59e+03; 8.51e+03,8.37e+03,8.00e+03; 8.87e+03,8.72e+03,8.42e+03; 9.22e+03,9.08e+03,8.84e+03; 9.60e+03,9.46e+03,9.21e+03; 9.97e+03,9.84e+03,9.59e+03; 1.03e+04,1.02e+04,9.99e+03; 1.07e+04,1.06e+04,1.04e+04; 1.11e+04,1.10e+04,1.08e+04; 1.15e+04,1.13e+04,1.11e+04; 1.18e+04,1.17e+04,1.15e+04; 1.10e+04,1.08e+04,1.07e+04,3.69e+03; 1.26e+04,1.24e+04,1.23e+04; 1.25e+04,1.24e+04,1.23e+04,1.28e+03; 1.33e+04,1.32e+04,1.31e+04; 1.37e+04,1.36e+04,1.34e+04; 1.41e+04,1.39e+04,1.38e+04; 1.20e+04,1.19e+04,1.18e+04,7.20e+03; 1.48e+04,1.47e+04,1.46e+04; 1.32e+04,1.30e+04,1.29e+04,6.10e+03; 1.36e+04,1.35e+04,1.34e+04,5.89e+03; 1.56e+04,1.55e+04,1.54e+04,9.48e+02; 1.43e+04,1.42e+04,1.41e+04,6.02e+03; 1.67e+04,1.66e+04,1.65e+04; 1.45e+04,1.44e+04,1.43e+04,7.58e+03; 1.74e+04,1.73e+04,1.72e+04; 1.75e+04,1.74e+04,1.73e+04,8.38e+02; 1.48e+04,1.48e+04,1.47e+04,1.00e+04; 1.53e+04,1.52e+04,1.52e+04,9.67e+03; 1.65e+04,1.64e+04,1.63e+04,7.27e+03; 1.73e+04,1.72e+04,1.71e+04,6.08e+03; 1.66e+04,1.65e+04,1.64e+04,9.24e+03; 2.00e+04,1.99e+04,1.98e+04,2.19e+02; 1.75e+04,1.75e+04,1.74e+04,8.73e+03; 1.70e+04,1.69e+04,1.69e+04,1.14e+04; 1.69e+04,1.68e+04,1.67e+04,1.29e+04; 1.71e+04,1.70e+04,1.69e+04,1.35e+04; 1.96e+04,1.95e+04,1.94e+04,7.04e+03; 2.23e+04,2.23e+04,2.21e+04; 1.98e+04,1.97e+04,1.96e+04,8.69e+03; 2.02e+04,2.01e+04,2.00e+04,8.58e+03; 1.98e+04,1.98e+04,1.97e+04,1.09e+04; 2.02e+04,2.02e+04,2.01e+04,1.08e+04; 1.94e+04,1.93e+04,1.92e+04,1.44e+04","7,7,7,7,7,7,7,7,7,7,7,7,7,7,7,7,7,7,7,5,54,7,7,7,1,5,5,7,54,54,1,7,1,1,1,7,5,1,54,1,1,1,1,1,7,7,7,5,54,7,7,54,7,7,54,54,7,54,7,7,54,7,54,5"
537,37.11,28.84,"14.09,16.44,17.82,18.75,19.45,20.55,21.98,23.26,23.94,24.37,25.03,25.54,26.10,26.56,27.16,27.75,28.51,28.77,29.09,29.50,29.98,30.33,30.46,30.92,31.41,32.09,32.14,32.40,32.62,32.89,33.20,33.35,33.69,34.17,34.12,34.12,34.71,34.93,35.04,35.52,35.24,35.68,35.70,35.77,35.93,35.84,36.68,36.27,37.11,37.30,37.09,37.58,37.43,37.52,37.56,38.76,38.15,38.52,38.60,38.13,38.75,38.81,39.64,39.62","9.19e+01,8.96e+01,8.91e+01,8.36e+01","8,8,0,8","5.44e+02; 1.09e+03; 1.63e+03; 2.18e+03; 2.23e+03,4.92e+02; 2.00e+03,1.27e+03; 2.06e+03,1.75e+03; 2.26e+03,2.10e+03; 2.22e+03,2.08e+03,6.01e+02; 2.57e+03,2.42e+03,4.52e+02; 2.58e+03,2.44e+03,9.61e+02; 2.75e+03,2.61e+03,1.17e+03; 2.83e+03,2.70e+03,1.54e+03; 2.99e+03,2.86e+03,1.78e+03; 3.16e+03,3.05e+03,1.96e+03; 3.32e+03,3.23e+03,2.15e+03; 3.39e+03,3.31e+03,2.55e+03; 3.59e+03,3.51e+03,2.70e+03; 3.77e+03,3.70e+03,2.87e+03; 3.94e+03,3.86e+03,3.09e+03; 4.09e+03,4.01e+03,3.33e+03; 4.26e+03,4.18e+03,3.53e+03; 4.43e+03,4.36e+03,3.73e+03; 4.61e+03,4.54e+03,3.91e+03; 4.74e+03,4.68e+03,4.18e+03; 4.91e+03,4.86e+03,4.38e+03; 5.10e+03,5.04e+03,4.55e+03; 5.33e+03,5.27e+03,4.64e+03; 5.45e+03,5.39e+03,4.95e+03; 5.62e+03,5.56e+03,5.14e+03; 5.80e+03,5.74e+03,5.33e+03; 5.97e+03,5.92e+03,5.52e+03; 6.15e+03,6.10e+03,5.70e+03; 6.33e+03,6.28e+03,5.89e+03; 6.55e+03,6.50e+03,5.99e+03; 6.72e+03,6.67e+03,6.20e+03; 6.87e+03,6.82e+03,6.45e+03; 7.04e+03,6.99e+03,6.64e+03; 7.07e+03,7.03e+03,6.69e+03,4.28e+02; 7.25e+03,7.20e+03,6.88e+03,4.34e+02; 6.99e+03,6.94e+03,6.61e+03,1.76e+03; 7.61e+03,7.56e+03,7.24e+03,4.38e+02; 7.15e+03,7.10e+03,6.73e+03,2.41e+03; 7.65e+03,7.60e+03,7.25e+03,1.44e+03; 7.71e+03,7.66e+03,7.35e+03,1.76e+03; 8.09e+03,8.04e+03,7.75e+03,1.15e+03; 8.34e+03,8.29e+03,8.01e+03,9.27e+02; 7.98e+03,7.94e+03,7.66e+03,2.54e+03; 8.02e+03,7.97e+03,7.69e+03,2.99e+03; 8.03e+03,7.98e+03,7.71e+03,3.50e+03; 8.20e+03,8.15e+03,7.79e+03,3.61e+03; 8.41e+03,8.36e+03,8.05e+03,3.47e+03; 8.68e+03,8.63e+03,8.36e+03,3.17e+03; 8.79e+03,8.75e+03,8.50e+03,3.34e+03; 8.78e+03,8.73e+03,8.47e+03,3.95e+03; 8.80e+03,8.75e+03,8.49e+03,4.44e+03; 8.52e+03,8.48e+03,8.24e+03,5.77e+03; 8.65e+03,8.61e+03,8.38e+03,5.92e+03; 9.36e+03,9.32e+03,9.06e+03,4.36e+03; 9.20e+03,9.16e+03,8.89e+03,5.40e+03; 9.69e+03,9.65e+03,9.41e+03,4.44e+03; 9.28e+03,9.25e+03,9.04e+03,6.17e+03; 9.21e+03,9.18e+03,8.97e+03,6.92e+03; 9.73e+03,9.69e+03,9.47e+03,5.93e+03","6,6,6,6,6,6,6,6,6,54,6,54,6,6,6,6,6,38,54,54,54,54,6,54,6,6,54,22,6,6,54,54,38,54,6,6,38,6,6,6,22,38,22,6,22,6,6,54,38,22,54,38,22,54,38,38,54,6,22,54,22,54,38,54"
538,40.23,29.22,"11.97,14.19,16.00,17.32,18.40,19.38,20.16,20.87,21.42,22.00,22.55,23.06,23.58,24.06,24.48,24.91,25.28,25.63,25.93,26.31,26.57,26.96,27.27,27.54,27.77,28.05,28.33,28.58,28.86,29.08,29.42,29.70,29.88,30.09,30.22,30.41,30.77,31.01,31.08,31.32,31.35,31.47,31.69,31.72,31.93,32.13,32.14,32.56,32.70,32.58,32.73,33.00,33.21,33.37,33.51,33.81,33.84,33.83,33.99,34.14,34.40,34.49,34.77,35.10","2.92e+01,2.87e+01,2.80e+01,2.65e+01","11,5,5,5","2.21e+02; 3.91e+02,5.21e+01; 4.56e+02,2.08e+02; 5.65e+02,3.21e+02; 6.49e+02,4.58e+02; 7.59e+02,5.69e+02; 8.57e+02,6.93e+02; 9.67e+02,8.05e+02; 9.98e+02,8.28e+02,1.67e+02; 1.10e+03,9.11e+02,2.06e+02; 1.19e+03,1.01e+03,2.42e+02; 1.44e+03,1.21e+03; 1.45e+03,1.23e+03,2.00e+02; 1.51e+03,1.29e+03,2.95e+02; 1.57e+03,1.34e+03,4.06e+02; 1.64e+03,1.41e+03,4.93e+02; 1.67e+03,1.43e+03,6.70e+02; 1.78e+03,1.52e+03,6.95e+02; 1.83e+03,1.59e+03,7.87e+02; 1.92e+03,1.68e+03,8.19e+02; 2.01e+03,1.82e+03,8.20e+02; 2.07e+03,1.82e+03,8.52e+02,1.30e+02; 2.14e+03,1.88e+03,8.98e+02,1.78e+02; 2.16e+03,1.89e+03,9.56e+02,3.15e+02; 2.24e+03,1.98e+03,1.02e+03,3.01e+02; 2.31e+03,2.03e+03,1.15e+03,2.74e+02; 2.41e+03,2.14e+03,1.25e+03,1.82e+02; 2.49e+03,2.20e+03,1.26e+03,2.51e+02; 2.38e+03,2.10e+03,1.09e+03,8.50e+02; 2.49e+03,2.22e+03,1.23e+03,6.90e+02; 2.50e+03,2.20e+03,1.21e+03,9.51e+02; 2.56e+03,2.25e+03,1.26e+03,1.02e+03; 2.63e+03,2.32e+03,1.32e+03,1.04e+03; 2.73e+03,2.41e+03,1.37e+03,1.01e+03; 2.76e+03,2.45e+03,1.37e+03,1.17e+03; 2.88e+03,2.53e+03,1.50e+03,1.07e+03; 2.87e+03,2.55e+03,1.42e+03,1.36e+03; 2.93e+03,2.60e+03,1.53e+03,1.36e+03; 3.07e+03,2.81e+03,1.84e+03,9.17e+02; 3.04e+03,2.69e+03,1.64e+03,1.50e+03; 3.10e+03,2.75e+03,1.69e+03,1.55e+03; 3.21e+03,2.84e+03,1.75e+03,1.50e+03; 3.24e+03,2.87e+03,1.77e+03,1.64e+03; 3.44e+03,3.10e+03,1.93e+03,1.28e+03; 3.37e+03,3.01e+03,1.86e+03,1.72e+03; 3.57e+03,3.21e+03,2.05e+03,1.35e+03; 3.58e+03,3.25e+03,2.26e+03,1.32e+03; 3.52e+03,3.15e+03,2.14e+03,1.82e+03; 3.59e+03,3.21e+03,2.17e+03,1.88e+03; 3.69e+03,3.30e+03,2.19e+03,1.89e+03; 3.77e+03,3.39e+03,2.13e+03,2.00e+03; 3.85e+03,3.49e+03,2.24e+03,1.93e+03; 3.88e+03,3.51e+03,2.30e+03,2.04e+03; 3.86e+03,3.58e+03,2.58e+03,1.93e+03; 3.95e+03,3.57e+03,2.62e+03,2.04e+03; 3.99e+03,3.59e+03,2.55e+03,2.27e+03; 4.06e+03,3.65e+03,2.64e+03,2.28e+03; 4.09e+03,3.63e+03,2.72e+03,2.40e+03; 4.21e+03,3.66e+03,2.79e+03,2.41e+03; 4.30e+03,3.99e+03,3.10e+03,1.89e+03; 4.28e+03,3.91e+03,2.84e+03,2.48e+03; 4.45e+03,4.14e+03,3.20e+03,1.94e+03; 4.38e+03,4.05e+03,3.08e+03,2.45e+03; 4.43e+03,4.01e+03,3.00e+03,2.74e+03","55,55,55,55,49,55,49,55,49,55,55,55,55,49,49,49,49,49,55,55,49,49,55,49,49,49,55,55,7,55,55,55,55,55,53,7,55,7,7,53,55,53,55,49,7,55,7,53,53,53,49,53,55,55,7,49,55,49,53,49,55,55,53,49"
539,38.62,31.51,"9.38,11.49,12.73,13.93,14.93,15.79,16.57,17.20,17.84,18.54,19.16,19.79,20.32,20.81,21.28,21.75,22.21,22.62,23.01,23.40,23.76,24.13,24.50,24.81,25.12,25.42,25.72,26.02,26.31,26.60,26.90,27.15,27.38,27.60,27.85,28.08,28.31,28.53,28.76,28.98,29.16,29.35,29.55,29.74,29.91,30.09,30.26,30.47,30.61,30.79,30.95,31.10,31.25,31.39,31.52,31.68,31.80,31.92,32.05,32.19,32.30,32.42,32.54,32.59","4.36e+00,4.36e+00,4.28e+00,3.89e+00","11,9,1,9","2.83e+01; 5.67e+01; 8.50e+01; 7.37e+01,3.97e+01; 8.46e+01,5.71e+01; 9.92e+01,7.09e+01; 1.11e+02,8.76e+01; 1.19e+02,9.12e+01,1.64e+01; 1.21e+02,8.37e+01,5.03e+01; 1.32e+02,9.09e+01,6.02e+01; 1.44e+02,9.93e+01,6.88e+01; 1.51e+02,1.10e+02,7.71e+01,1.42e+00; 1.57e+02,1.19e+02,8.06e+01,1.13e+01; 1.72e+02,1.30e+02,8.48e+01,1.07e+01; 1.71e+02,1.31e+02,7.35e+01,4.96e+01; 1.79e+02,1.37e+02,8.40e+01,5.36e+01; 1.87e+02,1.38e+02,1.07e+02,4.96e+01; 1.97e+02,1.45e+02,1.14e+02,5.42e+01; 2.06e+02,1.52e+02,1.21e+02,5.92e+01; 2.14e+02,1.59e+02,1.32e+02,6.12e+01; 2.23e+02,1.70e+02,1.35e+02,6.67e+01; 2.30e+02,1.69e+02,1.31e+02,9.32e+01; 2.37e+02,1.74e+02,1.23e+02,1.18e+02; 2.45e+02,1.82e+02,1.35e+02,1.17e+02; 2.54e+02,1.84e+02,1.51e+02,1.19e+02; 2.63e+02,1.91e+02,1.58e+02,1.25e+02; 2.72e+02,1.97e+02,1.64e+02,1.31e+02; 2.81e+02,2.03e+02,1.77e+02,1.33e+02; 2.90e+02,2.10e+02,1.84e+02,1.38e+02; 2.98e+02,2.13e+02,1.86e+02,1.54e+02; 3.06e+02,2.17e+02,1.81e+02,1.75e+02; 3.14e+02,2.26e+02,1.93e+02,1.74e+02; 3.22e+02,2.29e+02,2.04e+02,1.81e+02; 3.30e+02,2.34e+02,2.11e+02,1.89e+02; 3.39e+02,2.40e+02,2.18e+02,1.95e+02; 3.48e+02,2.47e+02,2.24e+02,2.01e+02; 3.57e+02,2.54e+02,2.30e+02,2.07e+02; 3.65e+02,2.59e+02,2.32e+02,2.20e+02; 3.73e+02,2.62e+02,2.40e+02,2.30e+02; 3.80e+02,2.71e+02,2.42e+02,2.41e+02; 3.89e+02,2.77e+02,2.49e+02,2.47e+02; 3.97e+02,2.82e+02,2.57e+02,2.54e+02; 4.06e+02,2.88e+02,2.64e+02,2.61e+02; 4.15e+02,2.95e+02,2.69e+02,2.68e+02; 4.23e+02,3.05e+02,2.74e+02,2.73e+02; 4.32e+02,3.11e+02,2.82e+02,2.78e+02; 4.40e+02,3.15e+02,3.00e+02,2.77e+02; 4.47e+02,3.23e+02,3.05e+02,2.86e+02; 4.55e+02,3.29e+02,3.12e+02,2.93e+02; 4.63e+02,3.34e+02,3.15e+02,3.05e+02; 4.71e+02,3.40e+02,3.21e+02,3.13e+02; 4.80e+02,3.41e+02,3.27e+02,3.26e+02; 4.89e+02,3.50e+02,3.31e+02,3.31e+02; 4.99e+02,3.62e+02,3.40e+02,3.30e+02; 5.06e+02,3.68e+02,3.48e+02,3.36e+02; 5.14e+02,3.75e+02,3.57e+02,3.41e+02; 5.22e+02,3.81e+02,3.62e+02,3.50e+02; 5.30e+02,3.83e+02,3.66e+02,3.65e+02; 5.38e+02,3.88e+02,3.74e+02,3.72e+02; 5.46e+02,3.93e+02,3.85e+02,3.76e+02; 5.56e+02,3.98e+02,3.91e+02,3.84e+02; 5.65e+02,4.09e+02,3.97e+02,3.87e+02; 5.73e+02,4.18e+02,4.03e+02,3.91e+02; 5.82e+02,4.26e+02,4.08e+02,3.98e+02","62,62,62,15,15,62,15,15,15,62,62,15,15,62,15,15,15,62,62,15,15,15,15,15,15,62,62,15,62,15,15,15,15,15,62,62,62,15,15,15,62,15,62,62,15,15,15,15,62,15,62,62,62,15,46,15,62,15,15,62,62,46,62,62"
540,36.05,29.07,"10.07,12.29,13.61,14.51,15.15,15.61,16.03,16.45,16.87,17.30,17.72,18.15,18.68,19.21,19.68,20.12,20.42,20.74,21.07,21.43,21.82,22.20,22.55,22.84,23.07,23.30,23.56,23.83,24.12,24.42,24.69,24.93,25.09,25.25,25.47,25.70,25.87,26.14,26.34,26.50,26.67,26.78,26.92,27.11,27.27,27.48,27.69,27.82,27.94,28.06,28.18,28.35,28.48,28.66,28.86,28.98,29.03,29.22,29.32,29.52,29.62,29.77,29.96,30.00","4.27e+00,4.26e+00,4.14e+00,3.60e+00","11,5,13,5","2.45e+01; 4.90e+01; 7.35e+01; 9.81e+01; 1.23e+02; 1.47e+02; 1.30e+02,4.17e+01; 1.35e+02,6.09e+01; 1.48e+02,7.17e+01,7.74e-01; 1.58e+02,7.97e+01,7.25e+00; 1.69e+02,8.76e+01,1.31e+01; 1.65e+02,7.64e+01,5.24e+01; 1.68e+02,9.30e+01,5.80e+01; 1.70e+02,9.69e+01,7.64e+01; 1.74e+02,1.00e+02,9.30e+01; 1.80e+02,1.16e+02,9.55e+01; 1.90e+02,1.24e+02,1.03e+02; 2.00e+02,1.32e+02,1.10e+02; 2.09e+02,1.39e+02,1.17e+02; 2.15e+02,1.49e+02,1.26e+02; 2.21e+02,1.58e+02,1.36e+02; 2.28e+02,1.64e+02,1.48e+02; 2.34e+02,1.69e+02,1.61e+02; 2.41e+02,1.80e+02,1.67e+02; 2.50e+02,1.88e+02,1.75e+02; 2.59e+02,1.95e+02,1.83e+02; 2.68e+02,2.03e+02,1.91e+02; 2.77e+02,2.10e+02,1.99e+02; 2.84e+02,2.18e+02,2.09e+02; 2.91e+02,2.25e+02,2.19e+02; 2.99e+02,2.33e+02,2.29e+02; 3.06e+02,2.41e+02,2.38e+02; 3.15e+02,2.49e+02,2.45e+02; 3.24e+02,2.56e+02,2.54e+02; 3.32e+02,2.63e+02,2.62e+02; 3.41e+02,2.73e+02,2.68e+02; 3.50e+02,2.96e+02,2.61e+02; 3.55e+02,2.90e+02,2.86e+02; 3.63e+02,3.02e+02,2.91e+02; 3.72e+02,3.19e+02,2.89e+02; 3.79e+02,3.20e+02,3.06e+02; 3.88e+02,3.28e+02,3.14e+02; 3.96e+02,3.37e+02,3.21e+02; 4.04e+02,3.38e+02,3.37e+02; 4.00e+02,3.34e+02,3.33e+02,3.54e+01; 4.05e+02,3.41e+02,3.38e+02,4.32e+01; 4.13e+02,3.48e+02,3.48e+02,4.36e+01; 4.16e+02,3.55e+02,3.46e+02,5.99e+01; 4.25e+02,3.62e+02,3.53e+02,6.06e+01; 4.31e+02,3.54e+02,3.54e+02,8.69e+01; 4.39e+02,3.65e+02,3.61e+02,8.58e+01; 4.49e+02,3.76e+02,3.74e+02,7.58e+01; 4.56e+02,3.80e+02,3.79e+02,8.52e+01; 4.86e+02,4.16e+02,3.72e+02,4.99e+01; 4.69e+02,4.01e+02,3.86e+02,9.24e+01; 4.77e+02,4.07e+02,3.91e+02,9.83e+01; 5.06e+02,4.18e+02,4.01e+02,7.24e+01; 4.92e+02,4.04e+02,4.02e+02,1.23e+02; 5.13e+02,4.11e+02,4.08e+02,1.15e+02; 5.05e+02,4.11e+02,4.09e+02,1.45e+02; 5.11e+02,4.17e+02,4.17e+02,1.50e+02; 5.34e+02,4.30e+02,4.25e+02,1.31e+02; 5.47e+02,4.44e+02,4.36e+02,1.17e+02; 5.54e+02,4.48e+02,4.40e+02,1.27e+02","54,54,54,54,54,54,40,40,54,54,54,40,40,40,40,40,54,54,54,40,40,40,40,40,54,54,54,54,40,40,40,40,54,54,54,40,40,40,40,40,40,38,54,40,54,40,40,40,54,40,40,54,40,40,40,54,40,40,40,54,54,54,40,54"
541,32.35,26.31,"8.88,11.01,12.25,13.09,13.68,14.22,14.87,15.49,16.02,16.54,17.02,17.43,17.87,18.39,18.87,19.34,19.78,20.15,20.48,20.81,21.22,21.64,22.05,22.43,22.75,23.04,23.31,23.66,24.00,24.34,24.70,25.04,25.31,25.54,25.77,26.02,26.35,26.63,26.92,27.23,27.42,27.63,27.82,28.00,28.26,28.50,28.75,29.00,29.17,29.33,29.49,29.66,29.85,30.06,30.27,30.50,30.63,30.76,30.90,31.05,31.22,31.41,31.58,31.80","2.04e+00,2.03e+00,1.95e+00,1.68e+00","8,10,8,1","1.13e+01; 2.26e+01; 3.40e+01; 4.53e+01; 5.66e+01; 4.81e+01,1.99e+01; 5.04e+01,2.88e+01; 5.42e+01,3.64e+01; 5.97e+01,4.22e+01; 6.54e+01,4.78e+01; 7.12e+01,5.34e+01; 7.16e+01,5.42e+01,1.00e+01; 7.28e+01,5.50e+01,1.94e+01; 7.42e+01,5.78e+01,2.66e+01; 7.38e+01,5.80e+01,3.80e+01; 7.50e+01,5.94e+01,4.67e+01; 7.77e+01,6.19e+01,5.28e+01; 8.11e+01,6.50e+01,5.72e+01,4.50e-01; 8.39e+01,6.76e+01,5.99e+01,3.64e+00; 8.48e+01,6.69e+01,6.08e+01,1.39e+01; 8.69e+01,7.05e+01,6.28e+01,1.74e+01; 8.96e+01,7.31e+01,6.80e+01,1.84e+01; 9.21e+01,7.57e+01,7.31e+01,1.95e+01; 9.43e+01,7.89e+01,7.65e+01,2.19e+01; 9.72e+01,8.27e+01,7.93e+01,2.38e+01; 1.00e+02,8.63e+01,8.20e+01,2.58e+01; 1.05e+02,9.13e+01,7.85e+01,3.03e+01; 1.04e+02,8.93e+01,8.19e+01,4.20e+01; 1.06e+02,9.15e+01,8.78e+01,4.30e+01; 1.08e+02,9.35e+01,8.97e+01,4.84e+01; 1.09e+02,9.51e+01,9.03e+01,5.61e+01; 1.12e+02,9.93e+01,9.27e+01,5.82e+01; 1.15e+02,1.03e+02,9.53e+01,6.05e+01; 1.18e+02,1.06e+02,9.80e+01,6.29e+01; 1.21e+02,1.09e+02,1.01e+02,6.53e+01; 1.24e+02,1.12e+02,1.04e+02,6.83e+01; 1.25e+02,1.14e+02,1.05e+02,7.46e+01; 1.28e+02,1.16e+02,1.09e+02,7.72e+01; 1.31e+02,1.20e+02,1.11e+02,7.96e+01; 1.33e+02,1.24e+02,1.14e+02,8.19e+01; 1.36e+02,1.27e+02,1.17e+02,8.43e+01; 1.39e+02,1.30e+02,1.19e+02,8.68e+01; 1.43e+02,1.33e+02,1.23e+02,8.79e+01; 1.45e+02,1.36e+02,1.25e+02,9.12e+01; 1.48e+02,1.38e+02,1.28e+02,9.55e+01; 1.50e+02,1.41e+02,1.30e+02,9.99e+01; 1.53e+02,1.44e+02,1.33e+02,1.02e+02; 1.56e+02,1.48e+02,1.35e+02,1.05e+02; 1.59e+02,1.51e+02,1.38e+02,1.07e+02; 1.62e+02,1.54e+02,1.41e+02,1.10e+02; 1.65e+02,1.57e+02,1.43e+02,1.12e+02; 1.67e+02,1.60e+02,1.46e+02,1.16e+02; 1.70e+02,1.62e+02,1.49e+02,1.19e+02; 1.72e+02,1.65e+02,1.51e+02,1.24e+02; 1.75e+02,1.68e+02,1.54e+02,1.26e+02; 1.78e+02,1.71e+02,1.56e+02,1.29e+02; 1.81e+02,1.74e+02,1.59e+02,1.31e+02; 1.84e+02,1.77e+02,1.62e+02,1.34e+02; 1.87e+02,1.80e+02,1.64e+02,1.36e+02; 1.89e+02,1.83e+02,1.67e+02,1.40e+02; 1.92e+02,1.86e+02,1.70e+02,1.43e+02; 1.95e+02,1.88e+02,1.73e+02,1.46e+02; 1.97e+02,1.91e+02,1.75e+02,1.50e+02; 2.00e+02,1.94e+02,1.78e+02,1.53e+02","55,55,55,55,55,22,22,22,55,55,55,22,55,22,55,55,55,55,55,22,22,55,55,55,55,55,22,22,22,22,22,55,55,55,55,22,22,22,55,55,55,55,55,22,22,22,55,55,55,55,55,22,22,22,55,55,55,55,55,22,22,22,22,55"
542,30.16,23.69,"7.76,9.84,11.04,11.85,12.59,13.25,13.79,14.23,14.84,15.36,15.86,16.36,16.83,17.25,17.66,18.03,18.58,19.06,19.50,19.87,20.20,20.53,20.82,21.12,21.59,21.99,22.33,22.61,22.86,23.11,23.33,23.55,23.92,24.25,24.54,24.78,24.98,25.17,25.36,25.54,25.84,26.13,26.38,26.58,26.76,26.93,27.08,27.24,27.48,27.72,27.93,28.09,28.24,28.34,28.44,28.62,28.57,28.88,29.00,29.12,29.28,29.26,29.38,29.34","1.30e+00,1.30e+00,1.12e+00,1.03e+00","15,4,6,4","7.68e+00; 1.54e+01; 2.30e+01; 2.77e+01,3.04e+00; 2.90e+01,9.44e+00; 3.16e+01,1.45e+01; 3.47e+01,1.91e+01; 3.82e+01,2.32e+01; 4.05e+01,2.76e+01,9.41e-01; 4.27e+01,3.02e+01,3.86e+00; 4.44e+01,3.14e+01,8.70e+00; 4.63e+01,3.34e+01,1.25e+01; 4.86e+01,3.63e+01,1.49e+01; 5.06e+01,3.88e+01,1.81e+01; 5.20e+01,4.04e+01,2.28e+01; 5.35e+01,4.15e+01,2.79e+01; 5.54e+01,4.38e+01,3.14e+01; 5.40e+01,4.34e+01,3.44e+01,6.43e+00; 5.61e+01,4.53e+01,3.78e+01,6.76e+00; 5.84e+01,4.75e+01,4.09e+01,6.77e+00; 6.08e+01,4.98e+01,4.35e+01,7.13e+00; 6.72e+01,5.58e+01,4.59e+01; 6.47e+01,5.38e+01,4.71e+01,1.10e+01; 7.08e+01,5.97e+01,4.90e+01,4.74e+00; 6.84e+01,5.92e+01,5.02e+01,1.42e+01; 7.04e+01,6.21e+01,5.16e+01,1.56e+01; 7.28e+01,6.49e+01,5.34e+01,1.62e+01; 7.50e+01,6.72e+01,5.57e+01,1.72e+01; 7.76e+01,6.98e+01,5.82e+01,1.70e+01; 8.42e+01,7.64e+01,6.04e+01,9.31e+00; 8.20e+01,7.43e+01,6.21e+01,1.96e+01; 8.46e+01,7.70e+01,6.39e+01,2.02e+01; 8.62e+01,7.97e+01,6.50e+01,2.26e+01; 8.88e+01,8.29e+01,6.59e+01,2.35e+01; 9.55e+01,8.99e+01,6.69e+01,1.65e+01; 9.79e+01,9.24e+01,6.90e+01,1.72e+01; 9.57e+01,9.02e+01,7.18e+01,2.64e+01; 1.03e+02,9.74e+01,7.42e+01,1.73e+01; 1.00e+02,9.45e+01,7.63e+01,2.87e+01; 1.03e+02,9.73e+01,7.81e+01,2.91e+01; 1.05e+02,1.00e+02,7.92e+01,3.00e+01; 1.12e+02,1.08e+02,7.98e+01,2.28e+01; 1.14e+02,1.10e+02,8.13e+01,2.43e+01; 1.12e+02,1.07e+02,8.38e+01,3.51e+01; 1.14e+02,1.10e+02,8.62e+01,3.48e+01; 1.22e+02,1.18e+02,8.87e+01,2.41e+01; 1.18e+02,1.14e+02,9.09e+01,3.78e+01; 1.21e+02,1.17e+02,9.23e+01,3.75e+01; 1.23e+02,1.20e+02,9.38e+01,3.95e+01; 1.26e+02,1.22e+02,9.52e+01,4.07e+01; 1.27e+02,1.24e+02,9.68e+01,4.40e+01; 1.31e+02,1.28e+02,9.85e+01,4.20e+01; 1.31e+02,1.28e+02,1.01e+02,4.61e+01; 1.47e+02,1.44e+02,1.06e+02,1.90e+01; 1.46e+02,1.43e+02,1.03e+02,2.96e+01; 1.38e+02,1.35e+02,1.07e+02,5.02e+01; 1.50e+02,1.48e+02,1.00e+02,3.93e+01; 1.53e+02,1.50e+02,1.07e+02,3.58e+01; 1.54e+02,1.51e+02,1.07e+02,4.06e+01; 1.57e+02,1.54e+02,1.07e+02,4.24e+01; 1.59e+02,1.56e+02,1.11e+02,4.32e+01; 1.61e+02,1.58e+02,1.09e+02,4.84e+01; 1.64e+02,1.62e+02,1.14e+02,4.42e+01; 1.64e+02,1.62e+02,1.08e+02,5.70e+01","39,39,39,39,39,39,39,39,39,39,39,39,39,39,39,39,39,39,39,39,39,39,39,39,39,39,39,39,39,39,39,39,39,39,39,39,39,39,39,39,39,39,39,39,39,39,39,39,39,39,39,55,39,39,39,55,39,55,6,39,6,45,6,39"
543,24.94,20.62,"7.47,9.56,10.79,11.71,12.51,13.23,13.89,14.47,14.98,15.48,15.98,16.44,16.90,17.32,17.71,18.06,18.37,18.70,19.02,19.34,19.64,19.92,20.17,20.43,20.65,20.88,21.12,21.36,21.58,21.79,21.98,22.16,22.33,22.49,22.69,22.89,23.08,23.25,23.41,23.61,23.74,23.90,24.07,24.26,24.42,24.57,24.73,24.94,25.08,25.21,25.36,25.54,25.69,25.82,25.96,26.15,26.26,26.38,26.53,26.68,26.82,26.94,27.06,27.20","9.11e-01,9.03e-01,6.90e-01,5.50e-01","12,10,4,12","3.82e+00; 7.65e+00; 1.15e+01; 1.27e+01,2.62e+00; 1.42e+01,4.88e+00; 1.49e+01,8.00e+00; 1.63e+01,1.05e+01; 1.79e+01,1.27e+01; 1.99e+01,1.46e+01; 2.10e+01,1.56e+01,1.64e+00; 2.33e+01,1.69e+01,1.88e+00; 2.46e+01,1.78e+01,3.45e+00; 2.60e+01,1.98e+01,3.91e+00; 2.76e+01,2.19e+01,4.01e+00; 2.90e+01,2.37e+01,4.67e+00; 2.92e+01,2.44e+01,7.52e+00; 3.07e+01,2.55e+01,8.75e+00; 3.22e+01,2.67e+01,9.87e+00; 3.37e+01,2.78e+01,1.11e+01; 3.51e+01,2.89e+01,1.24e+01; 3.64e+01,3.01e+01,1.38e+01; 3.79e+01,3.16e+01,1.47e+01; 3.93e+01,3.33e+01,1.53e+01; 4.06e+01,3.46e+01,1.65e+01; 4.21e+01,3.58e+01,1.76e+01; 4.36e+01,3.71e+01,1.87e+01; 4.47e+01,3.73e+01,2.10e+01,2.04e-01; 4.59e+01,3.83e+01,2.22e+01,6.60e-01; 4.67e+01,3.90e+01,2.34e+01,1.75e+00; 4.76e+01,3.98e+01,2.39e+01,3.41e+00; 4.86e+01,4.07e+01,2.44e+01,4.74e+00; 4.97e+01,4.18e+01,2.49e+01,5.85e+00; 5.09e+01,4.26e+01,2.52e+01,7.37e+00; 5.17e+01,4.25e+01,2.48e+01,1.09e+01; 5.27e+01,4.27e+01,2.64e+01,1.20e+01; 5.36e+01,4.34e+01,2.83e+01,1.23e+01; 5.49e+01,4.45e+01,2.93e+01,1.27e+01; 5.59e+01,4.55e+01,2.94e+01,1.45e+01; 5.70e+01,4.65e+01,3.00e+01,1.57e+01; 5.74e+01,4.67e+01,2.92e+01,1.96e+01; 5.85e+01,4.75e+01,2.95e+01,2.11e+01; 5.95e+01,4.79e+01,3.01e+01,2.31e+01; 6.04e+01,4.82e+01,3.14e+01,2.44e+01; 6.12e+01,4.86e+01,3.25e+01,2.59e+01; 6.23e+01,4.96e+01,3.33e+01,2.68e+01; 6.34e+01,5.06e+01,3.40e+01,2.78e+01; 6.44e+01,5.15e+01,3.37e+01,3.01e+01; 6.50e+01,5.18e+01,3.35e+01,3.32e+01; 6.59e+01,5.22e+01,3.60e+01,3.32e+01; 6.71e+01,5.30e+01,3.69e+01,3.41e+01; 6.81e+01,5.34e+01,3.79e+01,3.56e+01; 6.89e+01,5.38e+01,3.93e+01,3.68e+01; 6.98e+01,5.47e+01,4.04e+01,3.77e+01; 7.09e+01,5.57e+01,4.16e+01,3.82e+01; 7.19e+01,5.67e+01,4.34e+01,3.82e+01; 7.27e+01,5.75e+01,4.54e+01,3.84e+01; 7.38e+01,5.83e+01,4.66e+01,3.91e+01; 7.48e+01,5.87e+01,4.75e+01,4.07e+01; 7.58e+01,5.92e+01,4.83e+01,4.22e+01; 7.67e+01,5.98e+01,4.93e+01,4.36e+01; 7.76e+01,6.08e+01,5.03e+01,4.45e+01; 7.87e+01,6.18e+01,5.12e+01,4.53e+01; 7.98e+01,6.28e+01,5.23e+01,4.60e+01; 8.07e+01,6.38e+01,5.35e+01,4.66e+01","38,38,38,38,38,32,32,32,38,38,38,38,32,32,32,32,38,38,38,38,32,38,32,32,38,38,32,38,32,38,38,32,38,32,32,32,38,32,38,32,38,32,32,32,38,38,32,32,32,38,32,32,32,38,32,32,38,32,32,32,32,38,38,32"
544,28.37,23.35,"7.87,9.96,11.32,12.48,13.43,14.26,14.96,15.55,16.15,16.73,17.31,17.89,18.45,18.96,19.44,19.92,20.28,20.70,21.08,21.48,21.88,22.23,22.60,22.91,23.19,23.47,23.77,24.06,24.36,24.66,24.91,25.17,25.38,25.60,25.84,26.08,26.32,26.54,26.77,26.96,27.13,27.31,27.50,27.70,27.91,28.09,28.28,28.46,28.59,28.74,28.90,29.09,29.23,29.41,29.54,29.70,29.84,29.98,30.10,30.27,30.45,30.63,30.82,30.97","1.00e+00,9.97e-01,9.66e-01,5.76e-01","8,10,8,1","4.51e+00; 8.89e+00,1.33e-01; 1.00e+01,3.49e+00; 1.12e+01,6.85e+00; 1.32e+01,9.37e+00; 1.53e+01,1.18e+01; 1.76e+01,1.40e+01; 1.93e+01,1.54e+01,1.41e+00; 2.13e+01,1.67e+01,2.65e+00; 2.28e+01,1.78e+01,3.75e+00,8.07e-01; 2.47e+01,1.94e+01,4.26e+00,1.35e+00; 2.49e+01,1.97e+01,5.57e+00,4.04e+00; 2.60e+01,2.12e+01,7.76e+00,3.78e+00; 2.61e+01,2.23e+01,1.10e+01,3.85e+00; 2.81e+01,2.31e+01,1.14e+01,5.08e+00; 3.06e+01,2.49e+01,1.67e+01; 3.24e+01,2.62e+01,1.81e+01; 3.28e+01,2.70e+01,1.83e+01,3.15e+00; 3.26e+01,2.71e+01,1.77e+01,8.39e+00; 3.38e+01,2.86e+01,1.96e+01,8.23e+00; 3.67e+01,3.03e+01,2.25e+01,5.21e+00; 3.65e+01,3.12e+01,2.27e+01,8.89e+00; 3.95e+01,3.31e+01,2.60e+01,5.14e+00; 3.91e+01,3.34e+01,2.58e+01,9.99e+00; 4.22e+01,3.47e+01,2.87e+01,7.34e+00; 4.37e+01,3.59e+01,2.99e+01,7.87e+00; 4.50e+01,3.70e+01,3.10e+01,8.82e+00; 4.48e+01,3.77e+01,3.09e+01,1.30e+01; 4.57e+01,3.91e+01,3.24e+01,1.37e+01; 4.90e+01,4.10e+01,3.55e+01,9.89e+00; 4.86e+01,4.17e+01,3.53e+01,1.43e+01; 4.98e+01,4.28e+01,3.68e+01,1.51e+01; 5.13e+01,4.40e+01,3.80e+01,1.56e+01; 5.28e+01,4.52e+01,3.93e+01,1.62e+01; 5.61e+01,4.65e+01,4.18e+01,1.36e+01; 5.56e+01,4.74e+01,4.22e+01,1.74e+01; 5.71e+01,4.86e+01,4.36e+01,1.77e+01; 5.83e+01,5.01e+01,4.50e+01,1.81e+01; 5.97e+01,5.13e+01,4.64e+01,1.85e+01; 6.10e+01,5.25e+01,4.78e+01,1.92e+01; 6.23e+01,5.37e+01,4.90e+01,2.01e+01; 6.38e+01,5.48e+01,5.03e+01,2.07e+01; 6.50e+01,5.57e+01,5.16e+01,2.18e+01; 6.81e+01,5.71e+01,5.42e+01,1.92e+01; 6.93e+01,5.83e+01,5.53e+01,2.02e+01; 7.08e+01,5.95e+01,5.66e+01,2.06e+01; 6.98e+01,6.04e+01,5.62e+01,2.57e+01; 7.11e+01,6.14e+01,5.73e+01,2.70e+01; 7.21e+01,6.25e+01,5.83e+01,2.83e+01; 7.21e+01,6.33e+01,5.84e+01,3.19e+01; 7.33e+01,6.41e+01,5.95e+01,3.32e+01; 7.79e+01,6.56e+01,6.34e+01,2.78e+01; 7.48e+01,6.65e+01,6.08e+01,3.71e+01; 8.01e+01,6.74e+01,6.54e+01,3.09e+01; 7.54e+01,6.82e+01,6.27e+01,4.20e+01; 7.64e+01,6.94e+01,6.35e+01,4.34e+01; 8.30e+01,6.97e+01,6.84e+01,3.61e+01; 8.38e+01,6.99e+01,6.89e+01,3.92e+01; 8.54e+01,7.07e+01,7.03e+01,3.98e+01; 8.61e+01,7.10e+01,7.08e+01,4.30e+01; 8.71e+01,7.20e+01,7.20e+01,4.42e+01; 8.77e+01,7.26e+01,7.24e+01,4.72e+01; 8.84e+01,7.32e+01,7.29e+01,4.98e+01; 8.96e+01,7.44e+01,7.38e+01,5.10e+01","38,38,38,32,32,32,38,32,38,38,38,32,32,32,32,32,38,38,32,32,32,32,32,32,32,38,38,32,32,32,32,32,38,38,32,32,32,32,32,32,38,38,32,32,38,38,32,32,38,38,32,32,32,38,32,32,32,38,32,38,32,38,38,32"
545,28.32,22.34,"6.13,8.35,9.66,10.56,11.20,11.94,12.72,13.43,14.04,14.74,15.45,16.06,16.62,17.15,17.69,18.14,18.70,19.23,19.72,20.19,20.61,21.01,21.39,21.75,22.12,22.48,22.81,23.13,23.43,23.73,24.02,24.31,24.59,24.87,25.12,25.37,25.61,25.85,26.10,26.33,26.57,26.80,27.02,27.24,27.45,27.66,27.87,28.08,28.29,28.48,28.68,28.86,29.04,29.22,29.41,29.59,29.76,29.93,30.09,30.24,30.40,30.55,30.72,30.88","3.83e-01,3.78e-01,3.67e-01,3.44e-01","8,0,0,0","1.83e+00; 3.66e+00; 5.48e+00; 7.31e+00; 9.14e+00; 7.04e+00,3.92e+00; 7.45e+00,5.35e+00; 7.64e+00,6.01e+00,9.79e-01; 7.49e+00,5.54e+00,3.42e+00; 8.02e+00,6.13e+00,4.12e+00; 8.41e+00,6.76e+00,4.82e+00,1.16e-01; 8.83e+00,7.24e+00,5.20e+00,6.70e-01; 9.18e+00,7.73e+00,5.28e+00,1.57e+00; 9.55e+00,8.18e+00,5.40e+00,2.46e+00; 9.94e+00,8.61e+00,6.09e+00,2.78e+00; 1.04e+01,9.05e+00,6.28e+00,3.56e+00; 1.06e+01,9.23e+00,6.95e+00,4.27e+00; 1.10e+01,9.69e+00,7.57e+00,4.61e+00; 1.15e+01,1.02e+01,7.99e+00,5.09e+00; 1.20e+01,1.07e+01,8.42e+00,5.43e+00; 1.25e+01,1.13e+01,8.86e+00,5.77e+00; 1.29e+01,1.17e+01,9.23e+00,6.33e+00; 1.34e+01,1.22e+01,9.72e+00,6.75e+00; 1.38e+01,1.26e+01,1.00e+01,7.45e+00; 1.42e+01,1.30e+01,1.07e+01,7.86e+00; 1.46e+01,1.34e+01,1.12e+01,8.20e+00; 1.51e+01,1.39e+01,1.16e+01,8.83e+00; 1.56e+01,1.44e+01,1.20e+01,9.22e+00; 1.61e+01,1.49e+01,1.24e+01,9.61e+00; 1.65e+01,1.54e+01,1.28e+01,1.01e+01; 1.70e+01,1.58e+01,1.33e+01,1.06e+01; 1.74e+01,1.62e+01,1.38e+01,1.11e+01; 1.79e+01,1.67e+01,1.44e+01,1.14e+01; 1.83e+01,1.71e+01,1.48e+01,1.19e+01; 1.87e+01,1.76e+01,1.53e+01,1.24e+01; 1.92e+01,1.80e+01,1.57e+01,1.28e+01; 1.97e+01,1.85e+01,1.62e+01,1.32e+01; 2.02e+01,1.90e+01,1.66e+01,1.37e+01; 2.06e+01,1.94e+01,1.70e+01,1.42e+01; 2.11e+01,1.99e+01,1.75e+01,1.46e+01; 2.15e+01,2.03e+01,1.81e+01,1.51e+01; 2.19e+01,2.07e+01,1.85e+01,1.55e+01; 2.24e+01,2.12e+01,1.90e+01,1.60e+01; 2.29e+01,2.17e+01,1.94e+01,1.64e+01; 2.34e+01,2.22e+01,1.99e+01,1.68e+01; 2.38e+01,2.26e+01,2.03e+01,1.73e+01; 2.43e+01,2.31e+01,2.08e+01,1.78e+01; 2.47e+01,2.35e+01,2.12e+01,1.83e+01; 2.51e+01,2.40e+01,2.17e+01,1.87e+01; 2.56e+01,2.44e+01,2.22e+01,1.92e+01; 2.60e+01,2.49e+01,2.27e+01,1.96e+01; 2.65e+01,2.53e+01,2.31e+01,2.02e+01; 2.70e+01,2.58e+01,2.35e+01,2.06e+01; 2.74e+01,2.63e+01,2.39e+01,2.11e+01; 2.79e+01,2.67e+01,2.44e+01,2.15e+01; 2.83e+01,2.72e+01,2.49e+01,2.20e+01; 2.87e+01,2.76e+01,2.54e+01,2.24e+01; 2.92e+01,2.81e+01,2.59e+01,2.29e+01; 2.96e+01,2.85e+01,2.63e+01,2.34e+01; 3.01e+01,2.90e+01,2.67e+01,2.39e+01; 3.06e+01,2.95e+01,2.72e+01,2.43e+01; 3.10e+01,2.99e+01,2.76e+01,2.48e+01; 3.15e+01,3.04e+01,2.81e+01,2.53e+01; 3.19e+01,3.08e+01,2.85e+01,2.57e+01","47,47,47,47,47,40,40,40,40,47,40,47,40,40,40,40,40,40,40,47,47,40,40,40,40,40,40,47,47,40,40,40,40,40,40,47,47,40,40,40,40,40,40,47,47,40,40,40,40,40,40,40,47,40,40,40,40,40,40,40,47,40,40,40"
546,25.00,19.64,"4.82,6.95,8.26,9.60,10.63,11.47,12.16,12.75,13.37,13.98,14.57,15.22,15.90,16.55,17.15,17.67,18.06,18.49,18.96,19.40,19.83,20.27,20.63,20.97,21.27,21.56,21.89,22.22,22.54,22.81,23.10,23.39,23.61,23.88,24.12,24.37,24.63,24.88,25.12,25.32,25.52,25.72,25.91,26.12,26.34,26.54,26.73,26.91,27.05,27.24,27.42,27.59,27.77,27.94,28.11,28.26,28.43,28.58,28.71,28.88,29.03,29.18,29.33,29.48","2.36e-01,2.33e-01,2.27e-01,1.45e-01","11,1,1,1","1.04e+00; 2.09e+00; 2.82e+00,3.07e-01; 2.64e+00,1.53e+00; 3.07e+00,2.15e+00; 3.54e+00,2.72e+00; 4.03e+00,3.28e+00; 4.52e+00,3.82e+00; 5.06e+00,4.33e+00; 5.57e+00,4.83e+00,3.04e-02; 5.43e+00,4.52e+00,1.47e+00,5.81e-02; 5.41e+00,4.52e+00,1.59e+00,1.00e+00; 5.66e+00,4.83e+00,2.94e+00,1.35e-01; 5.93e+00,5.20e+00,3.48e+00; 6.18e+00,5.44e+00,4.03e+00; 6.47e+00,5.76e+00,4.47e+00; 6.52e+00,5.80e+00,4.59e+00,8.27e-01; 7.08e+00,6.03e+00,4.90e+00,7.67e-01; 7.61e+00,6.54e+00,5.67e+00; 7.99e+00,6.86e+00,6.02e+00; 8.31e+00,7.20e+00,6.40e+00; 8.62e+00,7.53e+00,6.80e+00; 8.97e+00,7.82e+00,7.20e+00; 9.31e+00,8.13e+00,7.59e+00; 8.91e+00,7.99e+00,7.23e+00,1.96e+00; 9.26e+00,8.30e+00,7.55e+00,2.01e+00; 9.60e+00,8.55e+00,7.87e+00,2.14e+00; 9.82e+00,8.84e+00,8.14e+00,2.42e+00; 1.02e+01,9.19e+00,8.57e+00,2.34e+00; 1.15e+01,1.01e+01,9.75e+00; 1.18e+01,1.04e+01,1.01e+01; 1.19e+01,1.05e+01,1.02e+01,7.39e-01; 1.13e+01,1.02e+01,9.72e+00,3.14e+00; 1.17e+01,1.05e+01,1.00e+01,3.27e+00; 1.20e+01,1.07e+01,1.03e+01,3.53e+00; 1.23e+01,1.10e+01,1.06e+01,3.67e+00; 1.26e+01,1.13e+01,1.09e+01,3.78e+00; 1.28e+01,1.16e+01,1.12e+01,4.03e+00; 1.32e+01,1.20e+01,1.15e+01,4.02e+00; 1.40e+01,1.25e+01,1.23e+01,2.92e+00; 1.36e+01,1.23e+01,1.19e+01,4.97e+00; 1.44e+01,1.28e+01,1.25e+01,4.11e+00; 1.47e+01,1.31e+01,1.29e+01,4.26e+00; 1.45e+01,1.31e+01,1.28e+01,5.48e+00; 1.53e+01,1.37e+01,1.35e+01,4.39e+00; 1.57e+01,1.41e+01,1.39e+01,4.29e+00; 1.55e+01,1.42e+01,1.36e+01,5.76e+00; 1.63e+01,1.46e+01,1.45e+01,4.68e+00; 1.60e+01,1.45e+01,1.42e+01,6.45e+00; 1.67e+01,1.50e+01,1.49e+01,5.59e+00; 1.66e+01,1.50e+01,1.48e+01,6.85e+00; 1.69e+01,1.53e+01,1.51e+01,7.00e+00; 1.72e+01,1.56e+01,1.54e+01,7.13e+00; 1.74e+01,1.59e+01,1.56e+01,7.32e+00; 1.76e+01,1.62e+01,1.57e+01,7.93e+00; 1.80e+01,1.65e+01,1.62e+01,7.75e+00; 1.83e+01,1.67e+01,1.65e+01,8.04e+00; 1.86e+01,1.68e+01,1.66e+01,8.55e+00; 1.88e+01,1.71e+01,1.68e+01,8.80e+00; 1.91e+01,1.73e+01,1.70e+01,9.12e+00; 1.94e+01,1.76e+01,1.73e+01,9.28e+00; 1.97e+01,1.79e+01,1.76e+01,9.46e+00; 2.00e+01,1.83e+01,1.80e+01,9.48e+00; 2.03e+01,1.85e+01,1.82e+01,9.79e+00","38,38,38,34,34,34,34,34,38,38,32,32,32,32,32,32,32,32,32,38,32,32,32,32,32,38,32,32,32,32,32,32,34,32,32,38,32,32,32,34,32,32,38,32,32,32,32,34,34,32,32,38,32,32,32,34,32,34,34,32,38,38,32,32"
547,16.79,14.60,"4.34,6.57,7.92,8.83,9.47,9.93,10.25,10.49,10.79,11.12,11.46,11.76,12.02,12.23,12.39,12.51,12.66,12.83,13.03,13.23,13.41,13.57,13.72,14.01,14.14,14.30,14.48,14.76,15.05,15.31,15.56,15.79,15.95,16.14,16.37,16.61,16.84,17.05,17.25,17.45,17.59,17.76,17.96,18.17,18.38,18.57,18.74,18.89,19.02,19.16,19.34,19.53,19.70,19.86,20.00,20.14,20.26,20.39,20.54,20.70,20.85,20.98,21.09,21.20","2.08e-01,1.97e-01,3.96e-02,1.33e-05","15,5,15,5","5.53e-01; 1.11e+00; 1.66e+00; 2.21e+00; 2.76e+00; 3.32e+00; 3.87e+00; 4.42e+00; 4.98e+00; 5.53e+00; 6.08e+00; 6.63e+00; 7.19e+00; 7.74e+00; 8.29e+00; 8.85e+00; 9.22e+00,1.82e-01; 9.29e+00,6.63e-01; 9.42e+00,1.09e+00; 9.58e+00,1.48e+00; 9.76e+00,1.85e+00; 9.94e+00,2.22e+00; 9.82e+00,2.90e+00; 9.23e+00,4.04e+00; 9.43e+00,4.40e+00; 9.53e+00,4.62e+00,2.26e-01; 9.10e+00,3.99e+00,1.85e+00; 8.84e+00,3.55e+00,3.09e+00; 8.79e+00,3.98e+00,3.27e+00; 8.83e+00,4.51e+00,3.25e+00; 8.89e+00,4.96e+00,3.29e+00; 8.95e+00,5.39e+00,3.35e+00; 9.01e+00,5.41e+00,3.83e+00; 9.07e+00,5.40e+00,4.33e+00; 9.14e+00,5.48e+00,4.73e+00; 9.25e+00,5.75e+00,4.91e+00; 9.37e+00,6.07e+00,5.01e+00; 9.51e+00,6.36e+00,5.14e+00; 9.64e+00,6.60e+00,5.33e+00; 9.74e+00,6.82e+00,5.56e+00; 9.84e+00,6.99e+00,5.84e+00; 9.94e+00,7.14e+00,6.13e+00,1.23e-02; 1.00e+01,7.28e+00,6.33e+00,1.32e-01; 1.02e+01,7.57e+00,6.55e+00; 1.04e+01,7.84e+00,6.69e+00; 1.05e+01,8.09e+00,6.83e+00; 1.07e+01,8.30e+00,7.01e+00; 1.07e+01,8.42e+00,7.17e+00,1.97e-01; 1.08e+01,8.52e+00,7.41e+00,3.17e-01; 1.07e+01,8.38e+00,7.38e+00,1.21e+00; 1.08e+01,8.48e+00,7.62e+00,1.30e+00; 1.10e+01,8.69e+00,7.85e+00,1.25e+00; 1.11e+01,8.92e+00,7.98e+00,1.34e+00; 1.12e+01,9.14e+00,8.15e+00,1.33e+00; 1.14e+01,9.32e+00,8.33e+00,1.32e+00; 1.23e+01,9.67e+00,8.97e+00; 1.26e+01,9.83e+00,9.11e+00; 1.28e+01,1.00e+01,9.24e+00; 1.30e+01,1.03e+01,9.40e+00; 1.31e+01,1.05e+01,9.59e+00; 1.33e+01,1.07e+01,9.77e+00; 1.35e+01,1.09e+01,9.93e+00; 1.37e+01,1.11e+01,1.01e+01; 1.39e+01,1.13e+01,1.02e+01","46,46,46,46,46,46,46,46,46,46,46,46,46,46,46,46,46,46,46,46,46,46,31,31,46,46,31,31,31,31,31,31,31,31,31,31,31,31,31,31,31,31,31,31,31,31,31,31,46,31,31,31,31,31,31,31,31,31,31,31,31,31,31,31"
548,12.12,11.20,"4.60,6.78,8.09,8.99,9.63,10.10,10.44,10.69,11.00,11.33,11.65,11.95,12.21,12.42,12.58,12.71,12.86,13.03,13.21,13.39,13.55,13.69,13.80,13.89,13.99,14.10,14.22,14.35,14.47,14.57,14.66,14.73,14.80,14.88,14.97,15.07,15.16,15.25,15.32,15.38,15.43,15.49,15.57,15.64,15.72,15.79,15.86,15.91,15.96,16.01,16.08,16.15,16.22,16.29,16.35,16.41,16.46,16.51,16.57,16.64,16.71,16.77,16.83,16.89","2.51e-01,1.83e-02,1.14e-05,5.84e-06","11,11,11,11","3.34e-01; 6.67e-01; 1.00e+00; 1.33e+00; 1.67e+00; 2.00e+00; 2.34e+00; 2.67e+00; 3.00e+00; 3.34e+00; 3.67e+00; 4.00e+00; 4.34e+00; 4.67e+00; 5.00e+00; 5.34e+00; 5.67e+00; 6.01e+00; 6.34e+00; 6.67e+00; 7.01e+00; 7.34e+00; 7.67e+00; 8.01e+00; 8.34e+00; 8.67e+00; 9.01e+00; 9.34e+00; 9.67e+00; 1.00e+01; 1.03e+01; 1.07e+01; 1.10e+01; 1.13e+01; 1.17e+01; 1.20e+01; 1.23e+01; 1.27e+01; 1.30e+01; 1.33e+01; 1.37e+01; 1.40e+01; 1.43e+01; 1.47e+01; 1.50e+01; 1.53e+01; 1.55e+01,1.77e-01; 1.53e+01,6.80e-01; 1.52e+01,1.13e+00; 1.53e+01,1.38e+00; 1.54e+01,1.66e+00; 1.53e+01,2.01e+00; 1.54e+01,2.26e+00; 1.56e+01,2.46e+00; 1.57e+01,2.67e+00; 1.56e+01,3.07e+00; 1.56e+01,3.44e+00; 1.57e+01,3.65e+00; 1.58e+01,3.85e+00; 1.58e+01,4.23e+00; 1.59e+01,4.49e+00; 1.60e+01,4.68e+00; 1.62e+01,4.87e+00; 1.62e+01,5.19e+00","47,47,47,47,47,47,47,47,47,47,47,47,47,47,47,47,47,47,47,47,47,47,47,47,47,47,47,47,47,47,47,47,47,47,47,47,47,47,47,47,47,47,47,47,47,47,47,47,47,47,47,47,47,47,47,47,47,47,47,47,47,47,47,47"
549,11.99,11.59,"4.09,6.10,7.31,8.16,8.80,9.29,9.69,10.01,10.34,10.66,10.95,11.22,11.46,11.67,11.86,12.02,12.19,12.35,12.52,12.68,12.83,12.96,13.09,13.20,13.31,13.42,13.53,13.65,13.75,13.86,13.95,14.03,14.11,14.20,14.28,14.37,14.45,14.54,14.61,14.68,14.74,14.81,14.88,14.95,15.02,15.08,15.15,15.21,15.26,15.32,15.38,15.44,15.50,15.56,15.63,15.68,15.74,15.81,15.87,15.93,15.98,16.04,16.10,16.16","1.82e-01,4.47e-02,1.45e-05,4.12e-06","12,12,12,12","2.81e-01; 5.62e-01; 8.44e-01; 1.12e+00; 1.41e+00; 1.69e+00; 1.97e+00; 2.25e+00; 2.53e+00; 2.81e+00; 3.09e+00; 3.37e+00; 3.66e+00; 3.94e+00; 4.22e+00; 4.50e+00; 4.78e+00; 5.06e+00; 5.34e+00; 5.62e+00; 5.91e+00; 6.19e+00; 6.47e+00; 6.75e+00; 7.03e+00; 7.31e+00; 7.59e+00; 7.87e+00; 8.16e+00; 8.44e+00; 8.72e+00; 9.00e+00; 9.28e+00; 9.56e+00; 9.84e+00; 1.01e+01; 1.04e+01; 1.07e+01; 1.10e+01; 1.12e+01; 1.15e+01; 1.18e+01; 1.21e+01; 1.24e+01; 1.27e+01; 1.29e+01; 1.32e+01; 1.35e+01; 1.33e+01,4.86e-01; 1.32e+01,8.31e-01; 1.33e+01,1.07e+00; 1.34e+01,1.25e+00; 1.35e+01,1.40e+00; 1.36e+01,1.58e+00; 1.37e+01,1.79e+00; 1.37e+01,2.06e+00; 1.35e+01,2.53e+00; 1.35e+01,2.86e+00; 1.35e+01,3.09e+00; 1.36e+01,3.26e+00; 1.37e+01,3.42e+00; 1.39e+01,3.58e+00; 1.39e+01,3.77e+00; 1.40e+01,4.00e+00","46,46,46,46,46,46,46,46,46,46,46,46,46,46,46,46,46,46,46,46,46,46,46,46,46,46,46,46,46,46,46,46,46,46,46,46,46,46,46,46,46,46,46,46,46,46,46,46,46,46,46,46,46,46,46,46,46,46,46,46,46,46,46,46"
550,20.23,17.24,"4.36,7.17,9.37,10.82,12.03,12.98,13.88,14.65,15.38,16.14,16.81,17.39,17.91,18.39,18.85,19.29,19.80,20.25,20.69,21.09,21.45,21.77,22.10,22.41,22.78,23.12,23.43,23.72,23.99,24.23,24.48,24.72,25.02,25.29,25.53,25.76,25.98,26.19,26.40,26.61,26.86,27.08,27.28,27.48,27.67,27.86,28.03,28.21,28.44,28.63,28.80,28.97,29.15,29.31,29.47,29.63,29.84,30.01,30.16,30.31,30.47,30.63,30.77,30.91","1.29e-01,1.28e-01,4.73e-02,1.15e-05","8,8,1,3","3.78e-01; 4.29e-01,3.27e-01; 6.33e-01,5.00e-01; 8.07e-01,7.05e-01; 1.00e+00,8.89e-01; 1.08e+00,9.09e-01,2.78e-01; 1.26e+00,9.98e-01,3.87e-01; 1.37e+00,1.08e+00,5.73e-01; 1.47e+00,1.13e+00,7.97e-01; 1.62e+00,1.26e+00,9.02e-01; 1.77e+00,1.38e+00,1.01e+00; 1.91e+00,1.51e+00,1.12e+00; 2.04e+00,1.69e+00,1.19e+00; 2.17e+00,1.85e+00,1.28e+00; 2.29e+00,1.98e+00,1.40e+00; 2.40e+00,2.11e+00,1.54e+00; 2.49e+00,2.17e+00,1.76e+00; 2.60e+00,2.26e+00,1.94e+00; 2.73e+00,2.39e+00,2.06e+00; 2.86e+00,2.52e+00,2.18e+00; 2.99e+00,2.64e+00,2.30e+00; 3.11e+00,2.79e+00,2.41e+00; 3.23e+00,2.93e+00,2.53e+00; 3.35e+00,3.06e+00,2.66e+00; 3.45e+00,3.15e+00,2.84e+00; 3.56e+00,3.26e+00,3.00e+00; 3.69e+00,3.39e+00,3.13e+00; 3.82e+00,3.51e+00,3.25e+00; 3.93e+00,3.62e+00,3.36e+00,5.68e-02; 4.03e+00,3.72e+00,3.45e+00,1.35e-01; 4.13e+00,3.84e+00,3.56e+00,1.88e-01; 4.20e+00,3.91e+00,3.63e+00,3.52e-01; 4.26e+00,3.96e+00,3.72e+00,5.32e-01; 4.37e+00,4.06e+00,3.86e+00,5.62e-01; 4.46e+00,4.16e+00,3.96e+00,6.40e-01; 4.57e+00,4.27e+00,4.06e+00,7.04e-01; 4.68e+00,4.37e+00,4.16e+00,7.67e-01; 4.76e+00,4.46e+00,4.22e+00,9.23e-01; 4.87e+00,4.57e+00,4.32e+00,9.80e-01; 4.96e+00,4.67e+00,4.42e+00,1.06e+00; 5.02e+00,4.72e+00,4.49e+00,1.27e+00; 5.12e+00,4.82e+00,4.62e+00,1.32e+00; 5.22e+00,4.92e+00,4.72e+00,1.39e+00; 5.33e+00,5.02e+00,4.82e+00,1.46e+00; 5.43e+00,5.12e+00,4.92e+00,1.53e+00; 5.51e+00,5.20e+00,4.98e+00,1.69e+00; 5.61e+00,5.31e+00,5.08e+00,1.77e+00; 5.71e+00,5.41e+00,5.18e+00,1.84e+00; 5.77e+00,5.46e+00,5.24e+00,2.06e+00; 5.86e+00,5.56e+00,5.35e+00,2.12e+00; 5.96e+00,5.66e+00,5.46e+00,2.20e+00; 6.07e+00,5.76e+00,5.56e+00,2.27e+00; 6.14e+00,5.83e+00,5.61e+00,2.46e+00; 6.24e+00,5.93e+00,5.70e+00,2.53e+00; 6.33e+00,6.03e+00,5.80e+00,2.62e+00; 6.43e+00,6.13e+00,5.91e+00,2.69e+00; 6.49e+00,6.18e+00,5.96e+00,2.92e+00; 6.58e+00,6.27e+00,6.06e+00,3.00e+00; 6.68e+00,6.38e+00,6.17e+00,3.07e+00; 6.77e+00,6.47e+00,6.25e+00,3.20e+00; 6.84e+00,6.54e+00,6.30e+00,3.37e+00; 6.94e+00,6.64e+00,6.40e+00,3.45e+00; 7.04e+00,6.74e+00,6.50e+00,3.52e+00; 7.14e+00,6.84e+00,6.61e+00,3.59e+00","39,33,39,33,39,33,33,33,33,39,39,39,33,33,33,33,33,33,39,39,39,33,33,33,33,33,39,39,39,39,33,33,33,33,33,39,39,33,33,33,33,33,33,39,39,33,33,33,33,33,33,39,33,39,33,33,33,33,33,33,33,39,39,33"
551,12.18,9.80,"3.80,6.06,7.44,8.38,9.04,9.51,9.83,10.06,10.35,10.67,11.01,11.32,11.58,11.79,11.95,12.07,12.21,12.38,12.56,12.75,12.92,13.06,13.16,13.25,13.33,13.44,13.57,13.70,13.82,13.93,14.02,14.08,14.14,14.22,14.32,14.42,14.51,14.60,14.67,14.73,14.78,14.83,14.91,14.99,15.07,15.14,15.21,15.25,15.29,15.34,15.40,15.47,15.53,15.60,15.65,15.70,15.73,15.76,15.81,15.87,15.93,15.99,16.03,16.08","7.16e-02,4.88e-02,5.91e-06,2.30e-06","3,3,3,3",1.49e-01; 2.99e-01; 4.48e-01; 5.98e-01; 7.47e-01; 8.97e-01; 1.05e+00; 1.20e+00; 1.35e+00; 1.49e+00; 1.64e+00; 1.79e+00; 1.94e+00; 2.09e+00; 2.24e+00; 2.39e+00; 2.54e+00; 2.69e+00; 2.84e+00; 2.99e+00; 3.14e+00; 3.29e+00; 3.44e+00; 3.59e+00; 3.74e+00; 3.89e+00; 4.04e+00; 4.19e+00; 4.33e+00; 4.48e+00; 4.63e+00; 4.78e+00; 4.93e+00; 5.08e+00; 5.23e+00; 5.38e+00; 5.53e+00; 5.68e+00; 5.83e+00; 5.98e+00; 6.13e+00; 6.28e+00; 6.43e+00; 6.58e+00; 6.73e+00; 6.88e+00; 7.03e+00; 7.17e+00; 7.32e+00; 7.47e+00; 7.62e+00; 7.77e+00; 7.92e+00; 8.07e+00; 8.22e+00; 8.37e+00; 8.52e+00; 8.67e+00; 8.82e+00; 8.97e+00; 9.12e+00; 9.27e+00; 9.42e+00; 9.57e+00,"39,39,39,39,39,39,39,39,39,39,39,39,39,39,39,39,39,39,39,39,39,39,39,39,39,39,39,39,39,39,39,39,39,39,39,39,39,39,39,39,39,39,39,39,39,39,39,39,39,39,39,39,39,39,39,39,40,39,39,39,39,39,39,39"
552,19.93,18.32,"2.95,5.23,7.20,8.61,9.84,10.85,11.69,12.41,13.21,14.06,14.84,15.51,16.06,16.58,17.05,17.47,18.03,18.51,18.94,19.35,19.71,20.04,20.37,20.67,21.06,21.41,21.71,22.02,22.30,22.55,22.80,23.03,23.31,23.58,23.80,24.04,24.26,24.46,24.66,24.86,25.07,25.29,25.52,25.71,25.90,26.07,26.25,26.42,26.60,26.79,26.95,27.11,27.27,27.42,27.57,27.73,27.86,28.01,28.16,28.30,28.47,28.58,28.74,28.87","8.20e-02,8.19e-02,5.79e-02,6.26e-06","4,15,4,15","2.75e-01; 2.87e-01,2.64e-01; 4.44e-01,3.82e-01; 5.30e-01,4.71e-01,9.96e-02; 6.56e-01,5.68e-01,1.52e-01; 7.26e-01,6.50e-01,2.77e-01; 8.33e-01,7.49e-01,3.45e-01; 9.35e-01,8.46e-01,4.21e-01; 1.02e+00,8.94e-01,5.65e-01; 1.13e+00,9.86e-01,6.40e-01; 1.23e+00,1.08e+00,7.15e-01; 1.34e+00,1.17e+00,7.92e-01; 1.44e+00,1.27e+00,8.69e-01; 1.54e+00,1.38e+00,9.42e-01; 1.63e+00,1.48e+00,1.02e+00; 1.72e+00,1.58e+00,1.10e+00; 1.79e+00,1.63e+00,1.26e+00; 1.87e+00,1.70e+00,1.38e+00; 1.97e+00,1.79e+00,1.47e+00; 2.07e+00,1.89e+00,1.55e+00; 2.17e+00,1.98e+00,1.64e+00; 2.26e+00,2.08e+00,1.72e+00; 2.35e+00,2.18e+00,1.80e+00; 2.44e+00,2.28e+00,1.89e+00; 2.52e+00,2.35e+00,2.02e+00; 2.60e+00,2.43e+00,2.13e+00; 2.69e+00,2.52e+00,2.23e+00; 2.78e+00,2.61e+00,2.32e+00; 2.88e+00,2.70e+00,2.41e+00; 2.97e+00,2.80e+00,2.49e+00; 3.06e+00,2.89e+00,2.58e+00; 3.15e+00,2.99e+00,2.67e+00; 3.24e+00,3.07e+00,2.78e+00,7.34e-04; 3.31e+00,3.15e+00,2.89e+00,1.52e-02; 3.39e+00,3.22e+00,2.96e+00,7.46e-02; 3.46e+00,3.30e+00,3.03e+00,1.24e-01; 3.54e+00,3.37e+00,3.10e+00,1.78e-01; 3.62e+00,3.45e+00,3.17e+00,2.25e-01; 3.69e+00,3.53e+00,3.25e+00,2.62e-01; 3.76e+00,3.60e+00,3.32e+00,3.41e-01; 3.77e+00,3.61e+00,3.36e+00,5.42e-01; 3.86e+00,3.70e+00,3.46e+00,5.43e-01; 4.19e+00,3.98e+00,3.67e+00; 4.29e+00,4.07e+00,3.76e+00; 4.39e+00,4.16e+00,3.84e+00; 4.48e+00,4.26e+00,3.93e+00; 4.58e+00,4.35e+00,4.01e+00; 4.67e+00,4.45e+00,4.10e+00; 4.77e+00,4.53e+00,4.19e+00; 4.86e+00,4.62e+00,4.29e+00; 4.95e+00,4.71e+00,4.38e+00; 5.05e+00,4.80e+00,4.47e+00; 5.15e+00,4.90e+00,4.55e+00; 5.24e+00,4.99e+00,4.64e+00; 5.34e+00,5.08e+00,4.72e+00; 5.43e+00,5.18e+00,4.82e+00; 5.06e+00,4.87e+00,4.61e+00,1.15e+00; 5.13e+00,4.95e+00,4.69e+00,1.20e+00; 5.22e+00,5.03e+00,4.78e+00,1.23e+00; 5.30e+00,5.11e+00,4.84e+00,1.27e+00; 5.66e+00,5.42e+00,5.09e+00,6.27e-01; 5.46e+00,5.26e+00,4.97e+00,1.38e+00; 5.80e+00,5.55e+00,5.19e+00,8.04e-01; 5.89e+00,5.64e+00,5.28e+00,8.16e-01","25,47,47,25,25,25,25,25,25,47,47,47,47,25,25,25,25,25,47,47,47,25,25,25,25,25,25,47,47,25,25,25,25,25,47,47,47,47,25,25,25,25,25,47,47,47,25,25,25,25,25,47,47,47,25,25,25,25,25,25,47,25,25,25"
558,10.61,11.87,"2.82,4.43,5.47,6.22,6.94,7.62,8.24,8.81,9.32,9.75,10.10,10.43,10.75,11.08,11.42,11.76,12.09,12.36,12.59,12.79,13.00,13.22,13.45,13.69,13.94,14.14,14.31,14.46,14.61,14.77,14.95,15.14,15.33,15.50,15.63,15.75,15.87,16.00,16.14,16.30,16.46,16.60,16.71,16.81,16.91,17.02,17.14,17.27,17.41,17.52,17.62,17.71,17.79,17.88,17.99,18.10,18.22,18.32,18.41,18.49,18.56,18.64,18.73,18.83","6.09e-02,3.07e-02,1.75e-06,1.34e-06","4,4,4,4","1.14e-01; 2.27e-01; 3.41e-01; 4.02e-01,5.31e-02; 4.88e-01,8.01e-02; 5.25e-01,1.57e-01; 5.58e-01,2.38e-01; 6.09e-01,3.00e-01; 6.51e-01,3.72e-01; 7.12e-01,4.25e-01; 7.80e-01,4.70e-01; 8.49e-01,5.15e-01; 9.14e-01,5.63e-01; 9.72e-01,6.19e-01; 1.02e+00,6.81e-01; 1.07e+00,7.46e-01; 1.12e+00,8.13e-01; 1.18e+00,8.70e-01; 1.24e+00,9.22e-01; 1.30e+00,9.72e-01; 1.36e+00,1.02e+00; 1.42e+00,1.08e+00; 1.48e+00,1.14e+00; 1.53e+00,1.20e+00; 1.58e+00,1.26e+00; 1.63e+00,1.32e+00; 1.69e+00,1.38e+00; 1.75e+00,1.43e+00; 1.82e+00,1.48e+00; 1.87e+00,1.54e+00; 1.93e+00,1.59e+00; 1.98e+00,1.65e+00; 2.03e+00,1.72e+00; 2.09e+00,1.78e+00; 2.15e+00,1.83e+00; 2.21e+00,1.88e+00; 2.27e+00,1.94e+00; 2.33e+00,1.99e+00; 2.38e+00,2.05e+00; 2.44e+00,2.11e+00; 2.49e+00,2.17e+00; 2.54e+00,2.23e+00; 2.60e+00,2.29e+00; 2.66e+00,2.34e+00; 2.72e+00,2.40e+00; 2.78e+00,2.45e+00; 2.83e+00,2.51e+00; 2.89e+00,2.57e+00; 2.94e+00,2.63e+00; 2.99e+00,2.69e+00; 3.05e+00,2.75e+00; 3.11e+00,2.80e+00; 3.17e+00,2.85e+00; 3.23e+00,2.91e+00; 3.28e+00,2.97e+00; 3.34e+00,3.03e+00; 3.39e+00,3.09e+00; 3.45e+00,3.15e+00; 3.50e+00,3.20e+00; 3.56e+00,3.26e+00; 3.62e+00,3.31e+00; 3.68e+00,3.37e+00; 3.73e+00,3.43e+00; 3.79e+00,3.49e+00","24,24,24,24,24,24,24,24,24,24,24,24,24,24,24,24,24,24,24,24,24,24,24,24,24,24,24,24,24,24,24,24,24,24,24,24,24,24,24,24,24,24,24,24,24,24,24,24,24,24,24,24,24,24,24,24,24,24,24,24,24,24,24,24"
559,12.89,14.70,"4.72,6.59,7.71,8.77,9.75,10.64,11.43,12.13,12.74,13.23,13.63,13.99,14.35,14.73,15.12,15.51,15.86,16.17,16.42,16.64,16.86,17.10,17.36,17.62,17.88,18.10,18.28,18.44,18.60,18.78,18.97,19.17,19.36,19.53,19.68,19.80,19.94,20.07,20.23,20.39,20.55,20.69,20.81,20.92,21.02,21.13,21.26,21.39,21.53,21.65,21.75,21.84,21.93,22.02,22.13,22.24,22.36,22.47,22.56,22.64,22.71,22.79,22.88,22.98","1.54e-01,1.07e-01,7.75e-06,4.26e-06","4,4,4,4","3.24e-01; 6.47e-01; 8.12e-01,1.58e-01; 1.02e+00,2.79e-01; 1.17e+00,4.45e-01; 1.28e+00,6.61e-01; 1.41e+00,8.58e-01; 1.54e+00,1.05e+00; 1.69e+00,1.22e+00; 1.85e+00,1.38e+00; 2.03e+00,1.53e+00; 2.21e+00,1.68e+00; 2.38e+00,1.83e+00; 2.54e+00,1.99e+00; 2.69e+00,2.16e+00; 2.84e+00,2.34e+00; 2.99e+00,2.51e+00; 3.15e+00,2.67e+00; 3.32e+00,2.83e+00; 3.49e+00,2.98e+00; 3.66e+00,3.14e+00; 3.82e+00,3.30e+00; 3.98e+00,3.46e+00; 4.13e+00,3.63e+00; 4.28e+00,3.81e+00; 4.44e+00,3.97e+00; 4.61e+00,4.13e+00; 4.77e+00,4.29e+00; 4.94e+00,4.44e+00; 5.10e+00,4.60e+00; 5.26e+00,4.77e+00; 5.41e+00,4.93e+00,1.22e-02; 5.38e+00,4.92e+00,3.73e-01; 5.52e+00,5.07e+00,4.10e-01; 5.66e+00,5.20e+00,4.59e-01; 5.75e+00,5.29e+00,6.13e-01; 6.34e+00,5.64e+00; 6.51e+00,5.78e+00; 6.67e+00,5.95e+00; 6.84e+00,6.10e+00; 7.04e+00,6.23e+00; 7.20e+00,6.39e+00; 7.37e+00,6.54e+00; 7.55e+00,6.69e+00; 7.73e+00,6.82e+00; 7.91e+00,6.97e+00; 8.07e+00,7.14e+00; 8.24e+00,7.29e+00; 8.43e+00,7.43e+00; 8.59e+00,7.59e+00; 8.76e+00,7.74e+00; 8.93e+00,7.89e+00; 9.12e+00,8.03e+00; 9.29e+00,8.18e+00; 9.45e+00,8.34e+00; 9.62e+00,8.50e+00; 9.81e+00,8.64e+00; 9.97e+00,8.80e+00; 1.01e+01,8.96e+00; 1.03e+01,9.10e+00; 1.05e+01,9.25e+00; 1.07e+01,9.40e+00; 1.08e+01,9.55e+00; 1.10e+01,9.72e+00","32,32,32,32,32,32,32,32,32,32,32,32,32,32,32,32,32,32,32,32,32,32,32,32,32,32,32,32,32,32,32,32,32,32,32,32,32,32,32,32,32,32,32,32,32,32,32,32,32,32,32,32,32,32,32,32,32,32,32,32,32,32,32,32"
560,14.87,15.43,"5.07,6.90,8.46,9.81,10.89,11.75,12.51,13.30,13.98,14.52,15.00,15.44,15.87,16.28,16.70,17.13,17.52,17.84,18.12,18.40,18.66,18.92,19.19,19.49,19.76,19.99,20.20,20.40,20.59,20.79,20.99,21.21,21.43,21.61,21.77,21.93,22.09,22.24,22.40,22.58,22.76,22.92,23.05,23.19,23.32,23.44,23.58,23.73,23.89,24.02,24.14,24.25,24.37,24.48,24.59,24.73,24.87,24.98,25.08,25.18,25.29,25.38,25.49,25.60","1.71e-01,1.55e-01,6.28e-06,4.53e-06","4,4,4,4","4.05e-01; 6.87e-01,1.22e-01; 8.72e-01,3.41e-01; 9.95e-01,6.24e-01; 1.15e+00,8.73e-01; 1.32e+00,1.11e+00; 1.41e+00,1.20e+00,2.30e-01; 1.44e+00,1.24e+00,5.62e-01; 1.55e+00,1.36e+00,7.30e-01; 1.75e+00,1.53e+00,7.64e-01; 1.95e+00,1.64e+00,8.57e-01; 2.13e+00,1.73e+00,9.95e-01; 2.30e+00,1.89e+00,1.07e+00; 2.47e+00,2.11e+00,1.09e+00; 2.61e+00,2.29e+00,1.17e+00; 2.72e+00,2.41e+00,1.35e+00; 2.83e+00,2.52e+00,1.52e+00; 3.01e+00,2.70e+00,1.57e+00; 3.20e+00,2.84e+00,1.65e+00; 3.38e+00,2.94e+00,1.78e+00; 3.55e+00,3.06e+00,1.88e+00; 3.72e+00,3.25e+00,1.93e+00; 3.87e+00,3.44e+00,1.99e+00; 3.99e+00,3.58e+00,2.15e+00; 4.10e+00,3.69e+00,2.33e+00; 4.26e+00,3.86e+00,2.40e+00; 4.44e+00,4.01e+00,2.47e+00; 4.62e+00,4.12e+00,2.59e+00; 4.79e+00,4.23e+00,2.71e+00; 4.96e+00,4.40e+00,2.78e+00; 5.11e+00,4.59e+00,2.84e+00; 5.23e+00,4.73e+00,2.99e+00; 5.33e+00,4.84e+00,3.18e+00; 5.49e+00,5.01e+00,3.26e+00; 5.67e+00,5.16e+00,3.33e+00; 5.84e+00,5.27e+00,3.46e+00; 6.00e+00,5.38e+00,3.59e+00; 6.17e+00,5.55e+00,3.66e+00; 6.32e+00,5.73e+00,3.73e+00; 6.44e+00,5.87e+00,3.87e+00; 6.54e+00,5.97e+00,4.07e+00; 6.69e+00,6.14e+00,4.16e+00; 6.86e+00,6.29e+00,4.24e+00; 7.03e+00,6.41e+00,4.36e+00; 7.19e+00,6.52e+00,4.50e+00; 7.35e+00,6.67e+00,4.58e+00; 7.50e+00,6.85e+00,4.66e+00; 7.62e+00,7.00e+00,4.80e+00; 7.72e+00,7.09e+00,5.01e+00; 7.87e+00,7.26e+00,5.10e+00; 8.04e+00,7.42e+00,5.18e+00; 8.20e+00,7.53e+00,5.31e+00; 8.36e+00,7.64e+00,5.44e+00; 8.52e+00,7.79e+00,5.54e+00; 8.67e+00,7.97e+00,5.62e+00; 8.79e+00,8.11e+00,5.76e+00; 8.89e+00,8.21e+00,5.96e+00; 9.03e+00,8.37e+00,6.07e+00; 9.19e+00,8.53e+00,6.15e+00; 9.35e+00,8.65e+00,6.28e+00; 9.50e+00,8.76e+00,6.42e+00; 9.66e+00,8.90e+00,6.52e+00; 9.81e+00,9.07e+00,6.60e+00; 9.94e+00,9.22e+00,6.74e+00","32,32,32,32,32,32,32,32,32,32,32,32,32,32,32,32,32,32,32,32,32,32,32,32,32,32,32,32,32,32,32,32,32,32,32,32,32,32,32,32,32,32,32,32,32,32,32,32,32,32,32,32,32,32,32,32,32,32,32,32,32,32,32,32"
