ue,C_AE,C_UE,C_BS_hist,lambda_UE,ue_beams,lambda_BS_per_layer,bs_beams
214,32.63,27.22,"15.17,17.34,19.25,21.36,23.09,24.45,25.52,26.27,27.11,27.68,28.23,28.73,29.10,29.47,30.09,30.49,30.88,31.10,31.34,31.64,31.80,32.13,32.23,32.52,32.68,32.85,33.18,33.34,33.91,33.67,34.29,34.54,35.16,35.66,35.83,36.42,35.88,36.69,36.58,37.51,37.46,37.30,36.99,37.48,37.24,37.76,38.70,38.92,39.06,39.28,38.72,39.46,40.07,41.13,41.49,41.27,40.68,39.12,41.49,40.90,39.90,41.60,42.01,41.84","1.09e+02,1.09e+02,9.93e+01,4.13e+01","15,4,15,13","4.45e+02; 8.89e+02; 8.36e+02,4.98e+02; 9.61e+02,8.18e+02; 1.15e+03,1.07e+03; 1.36e+03,1.31e+03; 1.57e+03,1.54e+03; 1.79e+03,1.77e+03; 2.01e+03,1.99e+03; 2.23e+03,2.21e+03; 2.46e+03,2.44e+03; 2.68e+03,2.66e+03; 2.90e+03,2.88e+03; 3.02e+03,3.01e+03,1.97e+02; 3.14e+03,3.12e+03,4.11e+02; 3.15e+03,3.14e+03,8.27e+02; 3.32e+03,3.30e+03,9.39e+02; 3.56e+03,3.54e+03,5.08e+02,3.95e+02; 3.60e+03,3.58e+03,1.27e+03; 3.90e+03,3.89e+03,1.11e+03; 3.77e+03,3.76e+03,1.81e+03; 3.90e+03,3.88e+03,1.85e+03,1.56e+02; 3.94e+03,3.93e+03,1.85e+03,5.05e+02; 4.02e+03,4.01e+03,2.00e+03,6.37e+02; 4.13e+03,4.12e+03,2.08e+03,7.95e+02; 4.18e+03,4.17e+03,2.19e+03,1.02e+03; 4.25e+03,4.24e+03,2.27e+03,1.25e+03; 4.29e+03,4.28e+03,2.34e+03,1.55e+03; 4.42e+03,4.41e+03,2.14e+03,1.93e+03; 5.03e+03,5.01e+03,3.30e+03; 4.38e+03,4.37e+03,2.83e+03,2.21e+03; 4.46e+03,4.45e+03,3.06e+03,2.27e+03; 4.59e+03,4.58e+03,3.18e+03,2.33e+03; 4.67e+03,4.66e+03,3.37e+03,2.42e+03; 4.79e+03,4.78e+03,3.51e+03,2.49e+03; 5.04e+03,5.03e+03,3.34e+03,2.61e+03; 5.57e+03,5.56e+03,4.14e+03,1.18e+03; 5.21e+03,5.20e+03,3.95e+03,2.55e+03; 5.23e+03,5.22e+03,4.18e+03,2.72e+03; 5.27e+03,5.26e+03,4.22e+03,3.04e+03; 5.37e+03,5.36e+03,4.32e+03,3.18e+03; 5.43e+03,5.42e+03,4.20e+03,3.63e+03; 5.52e+03,5.51e+03,4.06e+03,4.04e+03; 5.93e+03,5.92e+03,4.70e+03,3.02e+03; 6.48e+03,6.47e+03,5.27e+03,1.79e+03; 5.90e+03,5.89e+03,5.02e+03,3.65e+03; 5.90e+03,5.89e+03,5.08e+03,4.03e+03; 6.06e+03,6.05e+03,5.24e+03,3.99e+03; 6.17e+03,6.16e+03,5.36e+03,4.10e+03; 6.28e+03,6.27e+03,5.51e+03,4.18e+03; 6.35e+03,6.34e+03,5.56e+03,4.43e+03; 6.77e+03,6.76e+03,5.64e+03,3.96e+03; 6.76e+03,6.75e+03,6.02e+03,4.04e+03; 6.73e+03,6.72e+03,6.09e+03,4.48e+03; 6.74e+03,6.73e+03,6.11e+03,4.87e+03; 6.86e+03,6.85e+03,6.32e+03,4.87e+03; 6.98e+03,6.97e+03,6.42e+03,4.99e+03; 7.05e+03,7.04e+03,6.49e+03,5.21e+03; 7.18e+03,7.17e+03,6.60e+03,5.29e+03; 7.56e+03,7.55e+03,6.24e+03,5.33e+03; 7.71e+03,7.70e+03,7.25e+03,4.47e+03; 7.62e+03,7.62e+03,7.18e+03,5.15e+03; 7.60e+03,7.59e+03,7.19e+03,5.64e+03; 7.70e+03,7.69e+03,7.32e+03,5.75e+03","63,63,63,63,63,63,63,63,63,63,63,63,63,63,63,63,40,63,40,57,63,57,57,40,63,15,15,15,57,63,63,63,57,63,40,63,57,40,63,15,15,15,57,57,40,63,63,40,57,63,63,57,15,40,15,63,57,15,63,40,63,63,63,63"
215,29.59,25.11,"13.82,15.98,17.28,18.31,19.61,21.00,22.31,23.42,24.38,25.09,25.54,26.04,26.36,26.78,27.23,27.66,28.17,28.67,29.02,29.16,29.38,29.64,29.98,30.37,30.69,30.99,31.09,31.47,31.91,31.98,32.08,32.75,32.95,33.08,33.12,33.48,33.71,33.81,33.88,33.82,34.28,34.94,34.80,35.27,35.31,35.46,36.11,35.70,36.56,36.72,36.35,36.61,36.52,36.93,36.90,37.03,37.78,38.53,36.55,38.04,38.25,37.77,37.54,37.89","9.24e+01,9.02e+01,8.00e+01,2.82e+01","0,11,0,11","3.61e+02; 7.22e+02; 1.08e+03; 1.16e+03,2.80e+02; 1.12e+03,6.88e+02; 1.20e+03,9.66e+02; 1.33e+03,1.19e+03; 1.49e+03,1.40e+03; 1.65e+03,1.59e+03; 1.83e+03,1.78e+03; 2.01e+03,1.96e+03; 2.19e+03,2.14e+03; 2.37e+03,2.32e+03; 2.55e+03,2.50e+03; 2.73e+03,2.69e+03; 2.91e+03,2.87e+03; 3.08e+03,3.05e+03; 3.26e+03,3.23e+03; 3.44e+03,3.41e+03; 3.62e+03,3.60e+03; 3.79e+03,3.77e+03,1.79e+01; 3.64e+03,3.61e+03,6.92e+02; 3.52e+03,3.50e+03,1.28e+03; 3.62e+03,3.60e+03,1.44e+03; 3.79e+03,3.77e+03,1.45e+03; 3.89e+03,3.87e+03,1.63e+03; 4.57e+03,4.55e+03,6.27e+02; 4.52e+03,4.50e+03,1.09e+03; 4.21e+03,4.19e+03,2.06e+03; 4.31e+03,4.29e+03,2.23e+03; 4.38e+03,4.36e+03,2.45e+03; 4.37e+03,4.35e+03,2.83e+03; 4.46e+03,4.45e+03,3.00e+03; 4.59e+03,4.57e+03,3.11e+03; 5.16e+03,5.14e+03,2.33e+03; 4.92e+03,4.91e+03,2.94e+03,2.15e+02; 4.94e+03,4.92e+03,3.50e+03; 4.98e+03,4.97e+03,3.77e+03; 5.11e+03,5.09e+03,3.87e+03; 5.14e+03,5.13e+03,4.17e+03; 5.28e+03,5.26e+03,4.26e+03; 5.38e+03,5.37e+03,4.41e+03; 5.79e+03,5.78e+03,3.94e+03; 5.74e+03,5.73e+03,4.41e+03; 5.72e+03,5.71e+03,4.81e+03; 5.61e+03,5.60e+03,4.76e+03,6.22e+02; 5.93e+03,5.92e+03,5.11e+03; 5.77e+03,5.75e+03,5.04e+03,7.65e+02; 6.14e+03,6.13e+03,5.42e+03; 6.25e+03,6.23e+03,5.56e+03; 7.08e+03,7.07e+03,4.25e+03; 6.52e+03,6.51e+03,5.74e+03; 6.60e+03,6.58e+03,5.95e+03; 6.71e+03,6.69e+03,6.09e+03; 6.82e+03,6.81e+03,6.21e+03; 6.69e+03,6.68e+03,6.09e+03,7.39e+02; 6.04e+03,6.03e+03,5.43e+03,3.07e+03; 7.13e+03,7.12e+03,6.67e+03; 6.02e+03,6.01e+03,5.42e+03,3.83e+03; 7.46e+03,7.45e+03,6.74e+03; 7.49e+03,7.48e+03,7.05e+03; 7.61e+03,7.60e+03,7.17e+03; 7.72e+03,7.71e+03,7.30e+03; 7.84e+03,7.84e+03,7.42e+03","56,56,56,56,56,56,56,56,56,56,56,56,56,56,56,56,56,56,54,56,56,56,56,6,56,56,56,6,6,6,6,56,54,60,56,60,60,56,6,56,6,56,54,56,54,56,6,56,6,56,6,60,54,56,54,6,56,56,56,6,6,54,6,54"
216,28.17,24.20,"13.89,16.11,17.45,18.67,19.99,21.04,21.85,22.53,23.37,24.02,24.47,25.13,25.70,26.28,26.76,27.24,27.64,28.21,28.57,29.04,29.44,29.87,30.19,30.36,30.94,31.14,31.36,31.96,32.32,32.52,32.69,32.85,33.23,33.34,33.66,34.21,34.45,34.80,35.08,35.34,35.13,36.22,36.17,36.30,36.31,36.22,36.94,37.00,36.73,37.35,37.55,37.40,37.87,38.39,37.80,37.85,39.09,38.84,39.08,40.06,39.20,40.67,38.95,40.01","4.67e+01,4.52e+01,3.55e+01,2.93e+01","12,4,12,12","1.95e+02; 3.89e+02; 5.84e+02; 5.43e+02,2.35e+02; 5.74e+02,3.99e+02; 6.45e+02,5.22e+02; 7.29e+02,6.33e+02; 8.07e+02,7.30e+02,1.92e+01; 8.37e+02,7.75e+02,1.39e+02; 9.03e+02,8.45e+02,1.98e+02; 9.64e+02,9.08e+02,2.67e+02; 9.83e+02,9.28e+02,4.23e+02; 1.02e+03,9.63e+02,5.50e+02; 1.08e+03,1.03e+03,6.22e+02; 1.14e+03,1.09e+03,6.90e+02; 1.18e+03,1.14e+03,7.97e+02; 1.24e+03,1.20e+03,8.60e+02; 1.29e+03,1.25e+03,9.67e+02; 1.35e+03,1.31e+03,1.03e+03; 1.41e+03,1.37e+03,1.11e+03; 1.46e+03,1.42e+03,1.20e+03; 1.52e+03,1.48e+03,1.28e+03; 1.58e+03,1.55e+03,1.34e+03; 1.64e+03,1.61e+03,1.41e+03; 1.70e+03,1.67e+03,1.50e+03; 1.76e+03,1.73e+03,1.57e+03; 1.83e+03,1.80e+03,1.63e+03; 1.88e+03,1.86e+03,1.71e+03; 1.94e+03,1.91e+03,1.79e+03; 2.00e+03,1.98e+03,1.86e+03; 2.07e+03,2.04e+03,1.92e+03; 2.13e+03,2.11e+03,1.99e+03; 2.20e+03,2.17e+03,2.05e+03; 2.26e+03,2.23e+03,2.13e+03; 2.32e+03,2.29e+03,2.20e+03; 2.38e+03,2.35e+03,2.27e+03; 2.44e+03,2.42e+03,2.34e+03; 2.50e+03,2.48e+03,2.41e+03; 2.57e+03,2.55e+03,2.47e+03; 2.63e+03,2.61e+03,2.54e+03; 2.69e+03,2.67e+03,2.61e+03; 2.76e+03,2.73e+03,2.68e+03; 2.82e+03,2.80e+03,2.75e+03; 2.78e+03,2.76e+03,2.72e+03,3.03e+02; 2.95e+03,2.92e+03,2.88e+03; 3.01e+03,2.99e+03,2.95e+03; 3.08e+03,3.05e+03,3.01e+03; 3.14e+03,3.12e+03,3.08e+03; 3.20e+03,3.18e+03,3.15e+03; 3.27e+03,3.25e+03,3.21e+03; 3.31e+03,3.29e+03,3.26e+03,5.87e+01; 3.40e+03,3.38e+03,3.34e+03; 3.46e+03,3.44e+03,3.41e+03; 3.53e+03,3.51e+03,3.47e+03,2.26e+00; 3.59e+03,3.57e+03,3.54e+03; 3.11e+03,3.09e+03,3.06e+03,1.63e+03; 3.70e+03,3.69e+03,3.66e+03,4.52e+01; 3.72e+03,3.71e+03,3.68e+03,1.73e+02; 3.75e+03,3.73e+03,3.71e+03,2.83e+02; 3.79e+03,3.78e+03,3.76e+03,3.49e+02; 3.80e+03,3.78e+03,3.76e+03,5.23e+02; 4.04e+03,4.02e+03,4.00e+03; 3.79e+03,3.77e+03,3.75e+03,9.41e+02; 3.89e+03,3.87e+03,3.85e+03,8.42e+02","56,56,56,56,56,56,56,56,56,56,56,56,56,56,56,56,56,56,62,56,48,56,56,56,56,48,48,56,56,62,56,48,58,56,56,56,56,56,48,62,56,48,56,56,48,48,48,56,62,58,48,58,58,62,56,58,56,56,56,58,62,62,56,58"
217,26.49,24.22,"12.26,14.49,15.81,16.71,17.46,18.07,18.69,19.20,19.56,20.10,20.62,21.10,21.50,21.90,22.26,22.61,22.93,23.25,23.58,23.81,24.09,24.41,24.59,24.87,25.03,25.23,25.50,25.60,25.88,26.13,26.25,26.51,26.72,26.76,26.97,27.04,27.36,27.65,27.81,28.09,28.15,28.25,28.52,28.63,28.75,28.93,29.15,29.36,29.24,29.22,29.62,29.67,29.99,30.22,30.30,30.30,30.54,30.53,30.76,30.82,31.13,31.11,31.29,31.41","4.68e+01,4.61e+01,1.16e+01,7.53e+00","15,4,15,4","1.39e+02; 2.78e+02; 4.17e+02; 4.79e+02,7.70e+01; 5.32e+02,1.63e+02; 5.69e+02,2.65e+02; 6.19e+02,3.54e+02; 6.65e+02,4.47e+02,7.33e-01; 6.65e+02,4.22e+02,1.64e+02; 7.03e+02,4.80e+02,2.07e+02; 8.17e+02,5.04e+02,2.09e+02; 9.07e+02,5.74e+02,1.87e+02; 9.62e+02,6.77e+02,1.68e+02; 1.02e+03,6.78e+02,2.46e+02; 1.08e+03,7.34e+02,2.72e+02; 1.11e+03,7.79e+02,3.37e+02; 1.13e+03,7.46e+02,4.85e+02; 1.15e+03,7.95e+02,5.55e+02; 1.22e+03,8.37e+02,5.83e+02; 1.39e+03,9.84e+02,4.04e+02; 1.35e+03,9.66e+02,4.45e+02,1.64e+02; 1.44e+03,1.01e+03,6.04e+02,1.80e+00; 1.46e+03,1.00e+03,6.11e+02,1.29e+02; 1.51e+03,1.03e+03,6.62e+02,1.43e+02; 1.56e+03,1.06e+03,6.94e+02,1.63e+02; 1.57e+03,9.80e+02,8.66e+02,1.99e+02; 1.73e+03,1.11e+03,9.14e+02; 1.63e+03,1.05e+03,9.65e+02,2.56e+02; 1.91e+03,1.37e+03,7.50e+02; 1.80e+03,1.26e+03,9.45e+02,1.63e+02; 1.82e+03,1.23e+03,9.42e+02,3.11e+02; 1.83e+03,1.23e+03,1.01e+03,3.82e+02; 1.87e+03,1.26e+03,1.05e+03,4.11e+02; 1.92e+03,1.27e+03,9.41e+02,5.98e+02; 2.03e+03,1.27e+03,1.10e+03,4.67e+02; 2.12e+03,1.57e+03,1.32e+03; 2.06e+03,1.52e+03,1.16e+03,4.06e+02; 2.15e+03,1.51e+03,1.28e+03,3.53e+02; 2.13e+03,1.46e+03,1.29e+03,5.53e+02; 2.15e+03,1.46e+03,1.33e+03,6.23e+02; 2.13e+03,1.49e+03,1.35e+03,7.25e+02; 2.20e+03,1.40e+03,1.22e+03,1.02e+03; 2.28e+03,1.53e+03,1.41e+03,7.49e+02; 2.34e+03,1.55e+03,1.49e+03,7.30e+02; 2.73e+03,1.90e+03,1.63e+03; 2.39e+03,1.71e+03,1.56e+03,7.40e+02; 2.36e+03,1.69e+03,1.59e+03,8.91e+02; 2.51e+03,1.77e+03,1.63e+03,7.63e+02; 2.47e+03,1.77e+03,1.67e+03,9.06e+02; 2.54e+03,1.75e+03,1.52e+03,1.15e+03; 2.60e+03,1.84e+03,1.68e+03,9.82e+02; 2.77e+03,1.96e+03,1.87e+03,6.31e+02; 2.89e+03,2.07e+03,1.50e+03,9.06e+02; 2.81e+03,2.07e+03,1.81e+03,8.25e+02; 2.77e+03,2.02e+03,1.86e+03,9.87e+02; 2.81e+03,2.11e+03,1.89e+03,9.87e+02; 2.84e+03,2.15e+03,1.91e+03,1.02e+03; 3.00e+03,1.95e+03,1.90e+03,1.22e+03; 3.04e+03,2.35e+03,1.64e+03,1.17e+03; 2.94e+03,2.22e+03,2.10e+03,1.08e+03; 3.10e+03,2.40e+03,2.00e+03,9.85e+02; 3.18e+03,2.51e+03,2.26e+03,6.71e+02; 3.13e+03,2.48e+03,2.17e+03,9.83e+02; 3.02e+03,2.42e+03,2.19e+03,1.26e+03","48,48,48,48,48,0,48,0,0,48,48,48,48,48,0,48,0,0,48,0,48,54,48,0,48,0,0,54,0,58,0,48,58,58,48,48,48,48,48,0,0,0,0,54,0,0,58,58,0,0,0,48,48,48,0,48,48,54,0,54,48,0,58,48"
218,25.46,23.12,"11.78,14.13,15.58,16.59,17.30,18.14,19.15,20.04,20.48,20.92,21.36,21.80,22.22,22.68,23.16,23.68,23.95,24.26,24.55,24.87,25.17,25.45,25.76,26.09,26.34,26.56,26.85,27.05,27.25,27.55,27.64,27.89,28.11,28.23,28.46,28.56,28.76,28.97,29.22,29.49,29.50,29.63,29.70,29.86,30.04,30.25,30.36,30.58,30.60,30.58,30.86,30.92,31.03,31.17,31.40,31.38,31.52,31.55,31.86,31.80,31.89,32.17,31.98,32.30","2.76e+01,2.70e+01,1.11e+01,3.30e-03","12,4,12,4","8.16e+01; 1.63e+02; 2.45e+02; 3.26e+02; 3.61e+02,4.70e+01; 3.38e+02,1.46e+02,4.85e+00; 3.31e+02,2.26e+02,1.48e+01; 3.36e+02,2.70e+02,4.61e+01; 3.64e+02,2.99e+02,7.14e+01; 3.87e+02,3.22e+02,1.07e+02; 4.16e+02,3.46e+02,1.35e+02; 4.45e+02,3.69e+02,1.65e+02; 4.67e+02,3.91e+02,2.02e+02; 4.93e+02,4.21e+02,2.28e+02; 5.16e+02,4.52e+02,2.56e+02; 5.40e+02,4.86e+02,2.79e+02; 5.70e+02,5.16e+02,3.01e+02; 5.94e+02,5.41e+02,3.33e+02; 6.25e+02,5.68e+02,3.58e+02; 6.53e+02,5.93e+02,3.86e+02; 6.77e+02,6.17e+02,4.20e+02; 7.02e+02,6.43e+02,4.51e+02; 7.27e+02,6.71e+02,4.79e+02; 7.52e+02,7.01e+02,5.05e+02; 7.80e+02,7.30e+02,5.30e+02; 8.20e+02,7.56e+02,5.45e+02; 8.27e+02,7.63e+02,6.13e+02; 8.47e+02,7.85e+02,6.52e+02; 8.74e+02,8.05e+02,6.88e+02; 9.00e+02,8.32e+02,7.16e+02; 9.18e+02,8.52e+02,7.34e+02,2.60e+01; 9.74e+02,8.95e+02,7.42e+02; 1.00e+03,9.27e+02,7.61e+02; 1.05e+03,9.63e+02,7.58e+02; 1.05e+03,9.68e+02,8.37e+02; 1.09e+03,9.96e+02,8.48e+02; 1.09e+03,1.01e+03,9.18e+02; 1.15e+03,1.05e+03,9.05e+02; 1.19e+03,1.08e+03,9.19e+02; 1.22e+03,1.11e+03,9.39e+02; 1.25e+03,1.14e+03,9.60e+02; 1.29e+03,1.16e+03,9.79e+02; 1.31e+03,1.19e+03,1.02e+03; 1.34e+03,1.21e+03,1.04e+03; 1.30e+03,1.22e+03,1.15e+03; 1.39e+03,1.26e+03,1.10e+03; 1.43e+03,1.29e+03,1.12e+03; 1.46e+03,1.32e+03,1.14e+03; 1.49e+03,1.34e+03,1.16e+03; 1.53e+03,1.35e+03,1.20e+03; 1.60e+03,1.41e+03,1.14e+03; 1.60e+03,1.44e+03,1.20e+03; 1.57e+03,1.44e+03,1.31e+03; 1.64e+03,1.47e+03,1.30e+03; 1.68e+03,1.50e+03,1.31e+03; 1.71e+03,1.53e+03,1.33e+03; 1.74e+03,1.56e+03,1.35e+03; 1.78e+03,1.56e+03,1.40e+03; 1.86e+03,1.65e+03,1.31e+03; 1.88e+03,1.66e+03,1.35e+03; 1.85e+03,1.67e+03,1.46e+03; 1.87e+03,1.69e+03,1.49e+03; 1.93e+03,1.73e+03,1.48e+03; 1.96e+03,1.76e+03,1.50e+03","55,55,55,55,55,55,55,55,55,55,55,55,55,55,55,55,55,55,55,55,55,55,55,55,55,0,0,55,0,55,55,39,55,7,0,7,55,0,55,55,7,55,0,0,0,39,55,39,7,55,7,0,0,0,39,55,0,55,39,39,0,39,7,39"
226,0.12,0.07,"0.00,0.00,0.01,0.01,0.01,0.02,0.03,0.03,0.04,0.05,0.06,0.07,0.08,0.10,0.11,0.12,0.13,0.15,0.17,0.18,0.20,0.22,0.24,0.25,0.27,0.29,0.31,0.33,0.35,0.37,0.39,0.41,0.43,0.45,0.47,0.49,0.51,0.54,0.56,0.58,0.59,0.61,0.64,0.66,0.68,0.70,0.73,0.75,0.76,0.78,0.81,0.83,0.85,0.87,0.89,0.91,0.93,0.95,0.97,0.99,1.01,1.03,1.06,1.07","7.31e-06,2.69e-10,1.35e-10,9.38e-11","8,8,8,8",9.07e-06; 1.81e-05; 2.72e-05; 3.63e-05; 4.53e-05; 5.44e-05; 6.35e-05; 7.25e-05; 8.16e-05; 9.07e-05; 9.97e-05; 1.09e-04; 1.18e-04; 1.27e-04; 1.36e-04; 1.45e-04; 1.54e-04; 1.63e-04; 1.72e-04; 1.81e-04; 1.90e-04; 1.99e-04; 2.09e-04; 2.18e-04; 2.27e-04; 2.36e-04; 2.45e-04; 2.54e-04; 2.63e-04; 2.72e-04; 2.81e-04; 2.90e-04; 2.99e-04; 3.08e-04; 3.17e-04; 3.26e-04; 3.35e-04; 3.45e-04; 3.54e-04; 3.63e-04; 3.72e-04; 3.81e-04; 3.90e-04; 3.99e-04; 4.08e-04; 4.17e-04; 4.26e-04; 4.35e-04; 4.44e-04; 4.53e-04; 4.62e-04; 4.71e-04; 4.80e-04; 4.90e-04; 4.99e-04; 5.08e-04; 5.17e-04; 5.26e-04; 5.35e-04; 5.44e-04; 5.53e-04; 5.62e-04; 5.71e-04; 5.80e-04,"32,32,32,32,32,32,32,32,32,32,32,32,32,32,32,32,32,32,32,32,32,32,32,32,32,32,32,32,32,32,32,32,32,32,32,32,32,32,32,32,32,32,32,32,32,32,32,32,32,32,32,32,32,32,32,32,32,32,32,32,32,32,32,32"
227,0.13,0.08,"0.00,0.01,0.01,0.02,0.03,0.04,0.04,0.05,0.06,0.08,0.10,0.12,0.14,0.16,0.17,0.18,0.20,0.23,0.26,0.29,0.32,0.33,0.35,0.37,0.39,0.43,0.46,0.49,0.52,0.54,0.56,0.58,0.61,0.64,0.67,0.71,0.73,0.76,0.78,0.80,0.83,0.86,0.89,0.93,0.95,0.98,1.00,1.03,1.06,1.09,1.12,1.15,1.18,1.21,1.23,1.26,1.28,1.32,1.35,1.38,1.41,1.44,1.46,1.48","7.92e-06,6.32e-10,2.95e-10,1.69e-10","5,5,5,5","9.83e-06; 1.97e-05; 2.95e-05; 3.93e-05; 4.92e-05; 5.90e-05; 6.88e-05; 7.86e-05; 8.85e-05; 9.83e-05; 1.08e-04; 1.18e-04; 1.28e-04; 1.38e-04; 1.47e-04; 1.57e-04; 1.67e-04; 1.77e-04; 1.87e-04; 1.97e-04; 2.06e-04; 2.16e-04; 2.26e-04; 2.36e-04; 2.46e-04; 2.56e-04; 2.65e-04; 2.75e-04; 2.85e-04; 2.95e-04; 3.05e-04; 3.15e-04; 3.24e-04; 3.34e-04; 3.44e-04; 3.54e-04; 3.64e-04; 3.68e-04,5.64e-06; 3.59e-04,2.40e-05; 3.58e-04,3.54e-05; 3.55e-04,4.78e-05; 3.62e-04,5.12e-05; 3.76e-04,4.71e-05; 3.88e-04,4.48e-05; 3.91e-04,5.18e-05; 3.86e-04,6.59e-05; 3.82e-04,8.01e-05; 3.83e-04,8.92e-05; 3.82e-04,9.97e-05; 3.88e-04,1.04e-04; 4.00e-04,1.02e-04; 4.10e-04,1.01e-04; 4.14e-04,1.07e-04; 4.12e-04,1.19e-04; 4.10e-04,1.31e-04; 4.12e-04,1.39e-04; 4.12e-04,1.48e-04; 4.18e-04,1.52e-04; 4.29e-04,1.51e-04; 4.38e-04,1.52e-04; 4.42e-04,1.58e-04; 4.42e-04,1.68e-04; 4.41e-04,1.78e-04; 4.44e-04,1.85e-04","39,39,39,39,39,39,39,39,39,39,39,39,39,39,39,39,39,39,39,39,39,39,39,39,39,39,39,39,39,39,39,39,39,39,39,39,39,39,39,39,39,39,39,39,39,39,39,39,39,39,39,39,39,39,39,39,39,39,39,39,39,39,39,39"
228,0.12,0.06,"0.00,0.00,0.00,0.01,0.01,0.01,0.01,0.02,0.02,0.03,0.03,0.04,0.04,0.05,0.06,0.06,0.07,0.08,0.09,0.10,0.11,0.12,0.13,0.14,0.15,0.16,0.17,0.18,0.20,0.21,0.22,0.23,0.24,0.26,0.27,0.28,0.30,0.31,0.32,0.34,0.35,0.36,0.38,0.39,0.41,0.42,0.44,0.45,0.46,0.48,0.49,0.51,0.52,0.54,0.55,0.56,0.58,0.59,0.61,0.63,0.64,0.66,0.67,0.68","7.56e-06,4.11e-10,1.42e-10,1.28e-10","8,8,8,8",9.39e-06; 1.88e-05; 2.82e-05; 3.76e-05; 4.69e-05; 5.63e-05; 6.57e-05; 7.51e-05; 8.45e-05; 9.39e-05; 1.03e-04; 1.13e-04; 1.22e-04; 1.31e-04; 1.41e-04; 1.50e-04; 1.60e-04; 1.69e-04; 1.78e-04; 1.88e-04; 1.97e-04; 2.07e-04; 2.16e-04; 2.25e-04; 2.35e-04; 2.44e-04; 2.54e-04; 2.63e-04; 2.72e-04; 2.82e-04; 2.91e-04; 3.00e-04; 3.10e-04; 3.19e-04; 3.29e-04; 3.38e-04; 3.47e-04; 3.57e-04; 3.66e-04; 3.76e-04; 3.85e-04; 3.94e-04; 4.04e-04; 4.13e-04; 4.23e-04; 4.32e-04; 4.41e-04; 4.51e-04; 4.60e-04; 4.69e-04; 4.79e-04; 4.88e-04; 4.98e-04; 5.07e-04; 5.16e-04; 5.26e-04; 5.35e-04; 5.45e-04; 5.54e-04; 5.63e-04; 5.73e-04; 5.82e-04; 5.92e-04; 6.01e-04,"24,24,24,24,24,24,24,24,24,24,24,24,24,24,24,24,24,24,24,24,24,24,24,24,24,24,24,24,24,24,24,24,24,24,24,24,24,24,24,24,24,24,24,24,24,24,24,24,24,24,24,24,24,24,24,24,24,24,24,24,24,24,24,24"
229,5.58,5.73,"0.41,1.07,1.65,2.12,2.51,2.82,3.09,3.35,3.62,3.90,4.17,4.41,4.63,4.83,5.01,5.17,5.34,5.51,5.67,5.82,5.96,6.10,6.23,6.34,6.46,6.58,6.70,6.81,6.92,7.02,7.12,7.21,7.31,7.40,7.50,7.58,7.67,7.76,7.84,7.92,7.99,8.07,8.15,8.23,8.30,8.37,8.44,8.51,8.58,8.65,8.72,8.78,8.84,8.91,8.97,9.03,9.09,9.15,9.21,9.27,9.32,9.38,9.44,9.49","3.81e-03,2.23e-07,1.03e-07,7.01e-08","0,0,0,0","4.73e-03; 9.46e-03; 1.42e-02; 1.89e-02; 2.37e-02; 2.84e-02; 3.01e-02,3.06e-03; 3.15e-02,6.30e-03; 3.36e-02,8.97e-03; 3.71e-02,1.02e-02; 4.15e-02,1.05e-02; 4.58e-02,1.10e-02; 4.93e-02,1.22e-02; 5.22e-02,1.41e-02; 5.46e-02,1.64e-02; 5.69e-02,1.88e-02; 5.93e-02,2.11e-02; 6.24e-02,2.27e-02; 6.64e-02,2.35e-02; 7.06e-02,2.40e-02; 7.44e-02,2.49e-02; 7.76e-02,2.65e-02; 8.01e-02,2.87e-02; 8.24e-02,3.11e-02; 8.49e-02,3.34e-02; 8.78e-02,3.52e-02; 9.15e-02,3.62e-02; 9.56e-02,3.69e-02; 9.94e-02,3.78e-02; 1.03e-01,3.94e-02; 1.05e-01,4.16e-02; 1.07e-01,4.40e-02; 1.10e-01,4.64e-02; 1.12e-01,4.83e-02; 1.16e-01,4.96e-02; 1.20e-01,5.04e-02; 1.24e-01,5.14e-02; 1.27e-01,5.30e-02; 1.29e-01,5.53e-02; 1.31e-01,5.78e-02; 1.34e-01,6.02e-02; 1.36e-01,6.23e-02; 1.40e-01,6.37e-02; 1.43e-01,6.47e-02; 1.47e-01,6.58e-02; 1.50e-01,6.75e-02; 1.53e-01,6.98e-02; 1.55e-01,7.24e-02; 1.57e-01,7.50e-02; 1.59e-01,7.72e-02; 1.62e-01,7.88e-02; 1.66e-01,7.99e-02; 1.70e-01,8.11e-02; 1.73e-01,8.28e-02; 1.75e-01,8.53e-02; 1.77e-01,8.79e-02; 1.79e-01,9.05e-02; 1.81e-01,9.29e-02; 1.84e-01,9.46e-02; 1.88e-01,9.58e-02; 1.91e-01,9.72e-02; 1.94e-01,9.89e-02; 1.97e-01,1.01e-01; 1.99e-01,1.04e-01","17,17,17,17,17,17,17,17,17,17,17,17,17,17,17,17,17,17,17,17,17,17,17,17,17,17,17,17,17,17,17,17,17,17,17,17,17,17,17,17,17,17,17,17,17,17,17,17,17,17,17,17,17,17,17,17,17,17,17,17,17,17,17,17"
230,4.83,5.02,"0.30,0.85,1.37,1.82,2.20,2.52,2.80,3.03,3.27,3.53,3.78,4.01,4.23,4.42,4.60,4.77,4.93,5.09,5.25,5.40,5.54,5.68,5.81,5.93,6.05,6.17,6.28,6.39,6.50,6.60,6.71,6.81,6.91,7.00,7.09,7.18,7.27,7.35,7.44,7.52,7.61,7.69,7.77,7.84,7.91,7.98,8.06,8.13,8.20,8.28,8.34,8.41,8.47,8.53,8.60,8.66,8.73,8.80,8.86,8.91,8.97,9.03,9.08,9.14","2.38e-03,2.07e-07,8.53e-08,5.73e-08","4,4,4,4","2.95e-03; 5.91e-03; 8.86e-03; 1.18e-02; 1.48e-02; 1.77e-02; 2.07e-02; 2.31e-02,5.11e-04; 2.33e-02,3.27e-03; 2.54e-02,4.15e-03; 2.80e-02,4.45e-03; 3.22e-02,3.28e-03; 3.50e-02,3.35e-03; 3.72e-02,4.15e-03; 3.86e-02,5.70e-03; 3.95e-02,7.74e-03; 3.93e-02,1.09e-02; 4.12e-02,1.19e-02; 4.36e-02,1.26e-02; 4.79e-02,1.12e-02; 5.07e-02,1.13e-02; 5.30e-02,1.20e-02; 5.47e-02,1.32e-02; 5.58e-02,1.50e-02; 5.54e-02,1.85e-02; 5.72e-02,1.96e-02; 5.94e-02,2.04e-02; 6.18e-02,2.09e-02; 6.61e-02,1.95e-02; 6.84e-02,2.02e-02; 7.02e-02,2.13e-02; 6.97e-02,2.48e-02; 7.10e-02,2.64e-02; 7.27e-02,2.77e-02; 7.48e-02,2.86e-02; 7.71e-02,2.92e-02; 7.93e-02,2.99e-02; 8.15e-02,3.08e-02; 8.33e-02,3.19e-02; 8.48e-02,3.33e-02; 8.61e-02,3.50e-02; 8.76e-02,3.64e-02; 8.96e-02,3.74e-02; 9.18e-02,3.82e-02; 9.40e-02,3.89e-02; 9.61e-02,3.98e-02; 9.79e-02,4.09e-02; 9.94e-02,4.24e-02; 1.01e-01,4.42e-02; 1.02e-01,4.57e-02; 1.04e-01,4.68e-02; 1.06e-01,4.77e-02; 1.08e-01,4.85e-02; 1.10e-01,4.93e-02; 1.12e-01,5.05e-02; 1.13e-01,5.20e-02; 1.14e-01,5.39e-02; 1.16e-01,5.55e-02; 1.18e-01,5.66e-02; 1.20e-01,5.76e-02; 1.22e-01,5.85e-02; 1.24e-01,5.94e-02; 1.26e-01,6.06e-02; 1.27e-01,6.21e-02","16,16,16,16,16,16,16,16,16,16,16,16,16,16,16,16,16,16,16,16,16,16,16,16,16,16,16,16,16,16,16,16,16,16,16,16,16,16,16,16,16,16,16,16,16,16,16,16,16,16,16,16,16,16,16,16,16,16,16,16,16,16,16,16"
231,5.00,5.29,"0.36,0.97,1.54,2.02,2.42,2.76,3.05,3.30,3.56,3.81,4.06,4.29,4.50,4.68,4.86,5.03,5.19,5.35,5.51,5.66,5.80,5.93,6.06,6.19,6.30,6.42,6.54,6.65,6.75,6.85,6.95,7.05,7.15,7.25,7.34,7.42,7.51,7.59,7.68,7.77,7.85,7.93,8.00,8.08,8.15,8.22,8.29,8.37,8.44,8.51,8.59,8.66,8.73,8.80,8.87,8.94,9.01,9.08,9.14,9.21,9.27,9.34,9.41,9.48","2.78e-03,2.25e-07,9.76e-08,7.55e-08","0,0,0,0","3.45e-03; 6.90e-03; 1.03e-02; 1.38e-02; 1.72e-02; 2.07e-02; 2.41e-02; 2.76e-02; 3.10e-02,9.82e-05; 3.41e-02,4.18e-04; 3.76e-02,3.22e-04; 4.13e-02,1.08e-04; 4.14e-02,3.41e-03; 4.27e-02,5.59e-03; 4.62e-02,5.59e-03; 5.04e-02,4.78e-03; 4.97e-02,8.98e-03; 5.22e-02,9.88e-03; 5.49e-02,1.07e-02; 6.10e-02,8.05e-03; 6.43e-02,8.12e-03; 6.69e-02,9.02e-03; 6.54e-02,1.40e-02; 6.76e-02,1.52e-02; 7.23e-02,1.39e-02; 7.45e-02,1.52e-02; 7.72e-02,1.59e-02; 8.04e-02,1.62e-02; 8.06e-02,1.95e-02; 8.32e-02,2.03e-02; 8.82e-02,1.88e-02; 8.94e-02,2.10e-02; 9.09e-02,2.30e-02; 9.28e-02,2.45e-02; 9.53e-02,2.55e-02; 9.81e-02,2.61e-02; 1.01e-01,2.66e-02; 1.03e-01,2.76e-02; 1.05e-01,2.94e-02; 1.06e-01,3.17e-02; 1.05e-01,3.63e-02; 1.07e-01,3.77e-02; 1.10e-01,3.88e-02; 1.12e-01,3.97e-02; 1.15e-01,4.06e-02; 1.20e-01,3.87e-02; 1.21e-01,3.88e-02,2.37e-03; 1.22e-01,4.01e-02,3.82e-03; 1.22e-01,4.12e-02,5.47e-03; 1.21e-01,4.05e-02,1.07e-02; 1.20e-01,4.52e-02,1.06e-02; 1.20e-01,4.50e-02,1.40e-02; 1.21e-01,4.52e-02,1.64e-02; 1.23e-01,4.56e-02,1.81e-02; 1.24e-01,4.65e-02,1.95e-02; 1.25e-01,4.77e-02,2.09e-02; 1.26e-01,4.37e-02,2.74e-02; 1.26e-01,4.49e-02,2.88e-02; 1.28e-01,4.59e-02,3.00e-02; 1.29e-01,4.62e-02,3.16e-02; 1.30e-01,4.62e-02,3.41e-02; 1.29e-01,5.53e-02,2.94e-02; 1.30e-01,5.58e-02,3.17e-02; 1.31e-01,5.66e-02,3.34e-02","32,32,32,32,32,32,32,32,32,32,32,32,32,32,32,32,32,32,32,32,32,32,32,32,32,32,32,32,32,32,32,32,32,32,32,32,32,32,32,32,32,32,32,32,32,32,32,32,32,32,32,32,32,32,32,32,32,32,32,32,32,32,32,32"
232,0.15,0.14,"0.00,0.00,0.01,0.02,0.03,0.03,0.04,0.05,0.07,0.08,0.10,0.12,0.14,0.16,0.18,0.19,0.21,0.23,0.26,0.29,0.31,0.34,0.36,0.38,0.41,0.43,0.46,0.49,0.52,0.55,0.57,0.60,0.62,0.65,0.67,0.70,0.74,0.76,0.79,0.81,0.84,0.86,0.89,0.92,0.95,0.98,1.00,1.03,1.05,1.07,1.10,1.13,1.16,1.19,1.21,1.23,1.25,1.28,1.30,1.33,1.36,1.38,1.41,1.43","8.14e-06,7.05e-10,3.22e-10,2.51e-10","0,0,0,0",1.01e-05; 2.02e-05; 3.03e-05; 4.04e-05; 5.05e-05; 6.07e-05; 7.08e-05; 8.09e-05; 9.10e-05; 1.01e-04; 1.11e-04; 1.21e-04; 1.31e-04; 1.42e-04; 1.52e-04; 1.62e-04; 1.72e-04; 1.82e-04; 1.92e-04; 2.02e-04; 2.12e-04; 2.22e-04; 2.32e-04; 2.43e-04; 2.53e-04; 2.63e-04; 2.73e-04; 2.83e-04; 2.93e-04; 3.03e-04; 3.13e-04; 3.23e-04; 3.34e-04; 3.44e-04; 3.54e-04; 3.64e-04; 3.74e-04; 3.84e-04; 3.94e-04; 4.04e-04; 4.14e-04; 4.25e-04; 4.35e-04; 4.45e-04; 4.55e-04; 4.65e-04; 4.75e-04; 4.85e-04; 4.95e-04; 5.05e-04; 5.16e-04; 5.26e-04; 5.36e-04; 5.46e-04; 5.56e-04; 5.66e-04; 5.76e-04; 5.86e-04; 5.96e-04; 6.07e-04; 6.17e-04; 6.27e-04; 6.37e-04; 6.47e-04,"25,25,25,25,25,25,25,25,25,25,25,25,25,25,25,25,25,25,25,25,25,25,25,25,25,25,25,25,25,25,25,25,25,25,25,25,25,25,25,25,25,25,25,25,25,25,25,25,25,25,25,25,25,25,25,25,25,25,25,25,25,25,25,25"
233,4.45,4.16,"0.39,1.01,1.56,2.01,2.39,2.72,3.02,3.31,3.61,3.90,4.16,4.39,4.62,4.83,5.04,5.24,5.44,5.63,5.80,5.96,6.12,6.28,6.44,6.59,6.74,6.88,7.01,7.14,7.27,7.39,7.52,7.64,7.76,7.88,7.99,8.10,8.20,8.31,8.41,8.51,8.62,8.72,8.81,8.90,8.99,9.08,9.18,9.26,9.36,9.44,9.53,9.61,9.68,9.76,9.85,9.92,10.00,10.08,10.16,10.23,10.30,10.37,10.44,10.51","1.83e-03,8.33e-08,4.26e-08,3.07e-08","1,1,1,1","2.28e-03; 4.55e-03; 6.83e-03; 9.10e-03; 1.14e-02; 1.37e-02; 1.59e-02; 1.73e-02,8.69e-04; 1.81e-02,2.41e-03; 1.96e-02,3.19e-03; 2.12e-02,3.87e-03; 2.27e-02,4.63e-03; 2.40e-02,5.57e-03; 2.52e-02,6.64e-03; 2.64e-02,7.72e-03; 2.77e-02,8.74e-03; 2.90e-02,9.70e-03; 3.04e-02,1.06e-02; 3.18e-02,1.14e-02; 3.33e-02,1.22e-02; 3.47e-02,1.31e-02; 3.59e-02,1.42e-02; 3.71e-02,1.52e-02; 3.83e-02,1.63e-02; 3.96e-02,1.73e-02; 4.08e-02,1.83e-02; 4.22e-02,1.93e-02; 4.36e-02,2.02e-02; 4.49e-02,2.11e-02; 4.61e-02,2.22e-02; 4.73e-02,2.33e-02; 4.85e-02,2.43e-02; 4.97e-02,2.55e-02; 5.09e-02,2.65e-02; 5.21e-02,2.75e-02; 5.34e-02,2.85e-02; 5.47e-02,2.95e-02; 5.59e-02,3.06e-02; 5.71e-02,3.17e-02; 5.83e-02,3.28e-02; 5.94e-02,3.39e-02; 6.06e-02,3.50e-02; 6.18e-02,3.61e-02; 6.31e-02,3.71e-02; 6.43e-02,3.81e-02; 6.55e-02,3.92e-02; 6.66e-02,4.03e-02; 6.78e-02,4.14e-02; 6.89e-02,4.26e-02; 7.01e-02,4.37e-02; 7.13e-02,4.48e-02; 7.25e-02,4.59e-02; 7.37e-02,4.69e-02; 7.49e-02,4.80e-02; 7.61e-02,4.91e-02; 7.72e-02,5.03e-02; 7.83e-02,5.14e-02; 7.94e-02,5.26e-02; 8.06e-02,5.37e-02; 8.18e-02,5.47e-02; 8.30e-02,5.58e-02; 8.42e-02,5.69e-02; 8.54e-02,5.80e-02; 8.65e-02,5.91e-02","56,56,56,56,56,56,56,56,56,56,56,56,56,56,56,56,56,56,56,56,56,56,56,56,56,56,56,56,56,56,56,56,56,56,56,56,56,56,56,56,56,56,56,56,56,56,56,56,56,56,56,56,56,56,56,56,56,56,56,56,56,56,56,56"
234,0.51,0.49,"0.00,0.02,0.04,0.07,0.10,0.13,0.17,0.21,0.25,0.30,0.35,0.41,0.47,0.53,0.59,0.64,0.68,0.74,0.79,0.86,0.92,0.98,1.04,1.09,1.13,1.18,1.23,1.29,1.35,1.41,1.46,1.51,1.54,1.59,1.64,1.69,1.74,1.79,1.84,1.89,1.92,1.96,2.00,2.05,2.10,2.14,2.19,2.23,2.26,2.29,2.33,2.37,2.42,2.46,2.50,2.54,2.56,2.59,2.63,2.67,2.71,2.75,2.78,2.82","2.94e-05,1.47e-09,8.60e-10,5.00e-10","4,4,4,4","3.65e-05; 7.30e-05; 1.09e-04; 1.46e-04; 1.82e-04; 2.19e-04; 2.55e-04; 2.92e-04; 3.28e-04; 3.65e-04; 4.01e-04; 4.38e-04; 4.74e-04; 5.11e-04; 5.47e-04; 5.84e-04; 6.20e-04; 6.57e-04; 6.93e-04; 7.30e-04; 7.66e-04; 8.03e-04; 8.39e-04; 8.76e-04; 9.12e-04; 9.48e-04; 9.85e-04; 1.02e-03; 1.06e-03; 1.09e-03; 1.13e-03; 1.17e-03; 1.20e-03; 1.24e-03; 1.28e-03; 1.31e-03; 1.35e-03; 1.39e-03; 1.42e-03; 1.46e-03; 1.50e-03; 1.53e-03; 1.57e-03; 1.61e-03; 1.64e-03; 1.68e-03; 1.71e-03; 1.75e-03; 1.79e-03; 1.82e-03; 1.86e-03; 1.90e-03; 1.93e-03; 1.97e-03; 2.01e-03; 2.04e-03; 2.06e-03,2.02e-05; 2.07e-03,4.58e-05; 2.10e-03,5.64e-05; 2.13e-03,5.90e-05; 2.17e-03,5.57e-05; 2.20e-03,5.85e-05; 2.23e-03,6.96e-05; 2.24e-03,9.06e-05","25,25,25,25,25,25,25,25,25,25,25,25,25,25,25,25,25,25,25,25,25,25,25,25,25,25,25,25,25,25,25,25,25,25,25,25,25,25,25,25,25,25,25,25,25,25,25,25,25,25,25,25,25,25,25,25,25,25,25,25,25,25,25,25"
235,15.78,14.01,"4.46,6.58,7.87,8.78,9.45,9.96,10.35,10.65,10.96,11.26,11.56,11.87,12.24,12.57,12.87,13.14,13.37,13.63,13.89,14.17,14.43,14.67,14.88,15.07,15.25,15.44,15.64,15.84,16.05,16.24,16.41,16.55,16.67,16.85,17.01,17.17,17.33,17.48,17.63,17.74,17.84,17.96,18.10,18.24,18.37,18.50,18.63,18.73,18.83,18.97,19.09,19.21,19.32,19.44,19.54,19.65,19.75,19.87,19.98,20.09,20.19,20.29,20.39,20.48","1.80e-01,1.67e-01,1.57e-05,9.50e-06","12,12,4,4","4.30e-01; 8.59e-01; 1.29e+00; 1.72e+00; 2.15e+00; 2.58e+00; 3.01e+00; 3.44e+00; 3.87e+00; 4.19e+00,1.09e-01; 4.33e+00,3.99e-01; 3.81e+00,1.35e+00; 3.78e+00,1.80e+00; 3.88e+00,2.13e+00; 4.03e+00,2.42e+00; 4.20e+00,2.68e+00; 4.43e+00,2.87e+00; 4.66e+00,3.08e+00; 4.83e+00,3.33e+00; 5.00e+00,3.60e+00; 5.17e+00,3.85e+00; 5.39e+00,4.06e+00; 5.58e+00,4.30e+00; 5.78e+00,4.53e+00; 6.00e+00,4.74e+00; 6.22e+00,4.95e+00; 6.44e+00,5.16e+00; 6.66e+00,5.37e+00; 6.85e+00,5.61e+00; 7.04e+00,5.85e+00; 7.20e+00,6.05e+00,6.74e-02; 7.16e+00,6.04e+00,5.56e-01; 7.30e+00,6.17e+00,7.08e-01; 8.01e+00,6.59e+00; 8.26e+00,6.78e+00; 8.49e+00,6.97e+00,6.58e-03; 8.70e+00,7.20e+00; 8.89e+00,7.43e+00; 9.11e+00,7.65e+00; 9.34e+00,7.84e+00; 9.24e+00,7.70e+00,6.74e-01; 8.89e+00,7.44e+00,1.72e+00; 9.50e+00,7.80e+00,1.18e+00; 9.68e+00,7.96e+00,1.27e+00; 9.87e+00,8.12e+00,1.34e+00; 1.01e+01,8.38e+00,1.29e+00; 1.03e+01,8.57e+00,1.36e+00; 1.04e+01,8.72e+00,1.47e+00; 1.01e+01,8.49e+00,2.44e+00; 1.06e+01,8.62e+00,2.28e+00; 1.07e+01,8.68e+00,2.56e+00; 1.09e+01,8.84e+00,2.65e+00; 1.10e+01,9.00e+00,2.73e+00; 1.12e+01,9.16e+00,2.81e+00; 1.14e+01,9.34e+00,2.91e+00; 1.15e+01,9.47e+00,3.08e+00; 1.13e+01,9.34e+00,3.89e+00; 1.14e+01,9.38e+00,4.13e+00; 1.16e+01,9.49e+00,4.30e+00; 1.17e+01,9.65e+00,4.40e+00; 1.19e+01,9.80e+00,4.49e+00; 1.21e+01,9.96e+00,4.58e+00; 1.22e+01,1.01e+01,4.68e+00; 1.24e+01,1.03e+01,4.83e+00","47,47,47,47,47,47,47,47,47,47,47,41,41,41,41,41,47,47,41,41,41,47,41,41,47,47,47,47,41,41,41,41,47,47,47,47,41,41,41,47,41,41,47,47,47,41,41,47,41,41,41,47,47,47,41,41,41,41,41,47,47,47,41,41"
236,15.32,12.55,"3.70,5.81,7.10,7.95,8.65,9.21,9.65,10.02,10.41,11.00,11.49,11.92,12.26,12.61,12.89,13.20,13.54,13.88,14.20,14.50,14.79,15.08,15.36,15.61,15.87,16.13,16.37,16.60,16.83,17.05,17.27,17.48,17.69,17.90,18.09,18.29,18.47,18.65,18.84,19.01,19.19,19.37,19.53,19.70,19.86,20.01,20.16,20.32,20.44,20.60,20.74,20.87,21.00,21.13,21.27,21.40,21.56,21.69,21.82,21.94,22.06,22.18,22.30,22.42","1.22e-01,1.12e-01,2.35e-02,9.11e-06","0,0,9,11","3.19e-01; 6.39e-01; 9.41e-01,1.76e-02; 1.08e+00,2.01e-01; 1.26e+00,3.40e-01; 1.41e+00,5.09e-01; 1.57e+00,6.64e-01; 1.75e+00,8.03e-01; 1.72e+00,9.14e-01,2.38e-01; 1.90e+00,1.23e+00,6.46e-02; 2.02e+00,1.46e+00,3.69e-02; 2.17e+00,1.57e+00,9.20e-02; 2.21e+00,1.62e+00,3.28e-01; 2.37e+00,1.68e+00,4.24e-01; 2.39e+00,1.56e+00,8.36e-01; 2.47e+00,1.52e+00,1.12e+00; 2.57e+00,1.65e+00,1.21e+00; 2.68e+00,1.84e+00,1.23e+00; 2.81e+00,1.97e+00,1.29e+00; 2.94e+00,2.08e+00,1.37e+00; 3.06e+00,2.18e+00,1.47e+00; 3.15e+00,2.22e+00,1.66e+00; 3.24e+00,2.25e+00,1.86e+00; 3.33e+00,2.31e+00,2.02e+00; 3.43e+00,2.40e+00,2.16e+00; 3.53e+00,2.55e+00,2.22e+00; 3.65e+00,2.66e+00,2.31e+00; 3.77e+00,2.78e+00,2.40e+00; 3.89e+00,2.88e+00,2.49e+00; 3.99e+00,2.97e+00,2.62e+00; 4.09e+00,3.05e+00,2.76e+00; 4.18e+00,3.14e+00,2.89e+00; 4.28e+00,3.22e+00,3.04e+00; 4.38e+00,3.34e+00,3.14e+00; 4.49e+00,3.45e+00,3.23e+00; 4.61e+00,3.57e+00,3.32e+00; 4.72e+00,3.67e+00,3.42e+00; 4.82e+00,3.78e+00,3.53e+00; 4.92e+00,3.88e+00,3.65e+00; 5.02e+00,3.99e+00,3.77e+00; 5.12e+00,4.07e+00,3.91e+00; 5.21e+00,4.17e+00,4.02e+00; 5.32e+00,4.31e+00,4.11e+00; 5.43e+00,4.42e+00,4.21e+00; 5.54e+00,4.53e+00,4.31e+00; 5.65e+00,4.63e+00,4.41e+00; 5.75e+00,4.73e+00,4.53e+00; 5.85e+00,4.82e+00,4.66e+00; 5.86e+00,4.83e+00,4.69e+00,2.69e-01; 5.95e+00,4.93e+00,4.79e+00,2.99e-01; 6.04e+00,5.05e+00,4.86e+00,3.34e-01; 6.11e+00,5.13e+00,4.93e+00,4.45e-01; 6.18e+00,5.19e+00,4.98e+00,5.72e-01; 6.26e+00,5.27e+00,5.06e+00,6.62e-01; 6.36e+00,5.36e+00,5.18e+00,6.68e-01; 6.43e+00,5.43e+00,5.28e+00,7.52e-01; 6.75e+00,5.57e+00,5.42e+00,4.56e-01; 6.85e+00,5.69e+00,5.51e+00,4.82e-01; 6.94e+00,5.81e+00,5.59e+00,4.96e-01; 7.04e+00,5.90e+00,5.66e+00,5.69e-01; 7.12e+00,5.97e+00,5.72e+00,6.65e-01; 7.22e+00,6.05e+00,5.80e+00,7.30e-01; 7.32e+00,6.14e+00,5.93e+00,7.37e-01; 7.41e+00,6.22e+00,6.04e+00,7.70e-01","40,40,40,40,40,40,40,40,33,33,33,40,40,40,33,33,33,33,40,40,40,33,33,33,33,33,40,40,40,33,33,33,33,33,40,40,40,33,33,33,33,33,33,40,40,40,33,33,33,33,33,40,40,40,33,33,33,33,33,40,40,40,33,33"
237,19.89,20.10,"4.41,8.24,10.40,12.02,13.37,14.47,15.33,16.03,16.69,17.41,18.06,18.68,19.26,19.81,20.28,20.69,21.07,21.49,21.89,22.29,22.66,23.04,23.37,23.67,23.97,24.27,24.57,24.86,25.15,25.43,25.70,25.93,26.19,26.43,26.66,26.90,27.13,27.36,27.59,27.75,28.02,28.20,28.41,28.61,28.80,29.00,29.21,29.35,29.60,29.75,29.95,30.14,30.29,30.48,30.67,30.83,31.03,31.19,31.38,31.55,31.69,31.85,32.02,32.19","1.07e-01,1.07e-01,4.75e-02,8.15e-06","0,0,0,0","3.25e-01; 3.62e-01,2.88e-01; 5.26e-01,4.50e-01; 6.06e-01,5.35e-01,1.60e-01; 7.78e-01,6.39e-01,2.08e-01; 9.06e-01,7.10e-01,3.34e-01; 1.05e+00,8.02e-01,4.28e-01; 1.19e+00,9.01e-01,5.09e-01; 1.31e+00,1.00e+00,6.18e-01; 1.43e+00,1.12e+00,7.07e-01; 1.55e+00,1.24e+00,7.86e-01; 1.67e+00,1.37e+00,8.66e-01; 1.78e+00,1.47e+00,9.77e-01; 1.89e+00,1.56e+00,1.10e+00; 2.00e+00,1.66e+00,1.22e+00; 2.11e+00,1.76e+00,1.34e+00; 2.23e+00,1.84e+00,1.40e+00,5.46e-02; 2.34e+00,1.94e+00,1.50e+00,7.03e-02; 2.43e+00,2.05e+00,1.59e+00,1.07e-01; 2.53e+00,2.15e+00,1.66e+00,1.64e-01; 2.62e+00,2.24e+00,1.75e+00,2.18e-01; 2.72e+00,2.34e+00,1.86e+00,2.28e-01; 2.81e+00,2.42e+00,1.96e+00,2.92e-01; 2.90e+00,2.49e+00,2.03e+00,3.82e-01; 2.97e+00,2.52e+00,2.04e+00,5.90e-01; 3.07e+00,2.62e+00,2.13e+00,6.34e-01; 3.16e+00,2.72e+00,2.23e+00,6.67e-01; 3.26e+00,2.82e+00,2.30e+00,7.24e-01; 3.35e+00,2.91e+00,2.38e+00,7.85e-01; 3.44e+00,3.00e+00,2.48e+00,8.31e-01; 3.52e+00,3.07e+00,2.57e+00,9.13e-01; 3.60e+00,3.15e+00,2.66e+00,9.97e-01; 3.65e+00,3.17e+00,2.66e+00,1.25e+00; 3.71e+00,3.24e+00,2.75e+00,1.35e+00; 3.78e+00,3.33e+00,2.85e+00,1.42e+00; 3.86e+00,3.42e+00,2.92e+00,1.50e+00; 3.94e+00,3.50e+00,3.00e+00,1.58e+00; 4.02e+00,3.59e+00,3.09e+00,1.66e+00; 4.10e+00,3.66e+00,3.18e+00,1.74e+00; 4.12e+00,3.72e+00,3.29e+00,1.88e+00; 4.21e+00,3.76e+00,3.29e+00,2.07e+00; 4.25e+00,3.83e+00,3.39e+00,2.18e+00; 4.32e+00,3.91e+00,3.48e+00,2.26e+00; 4.41e+00,4.00e+00,3.56e+00,2.34e+00; 4.49e+00,4.08e+00,3.64e+00,2.42e+00; 4.57e+00,4.17e+00,3.72e+00,2.50e+00; 4.65e+00,4.25e+00,3.81e+00,2.57e+00; 4.69e+00,4.32e+00,3.91e+00,2.68e+00; 4.76e+00,4.36e+00,3.94e+00,2.87e+00; 4.82e+00,4.44e+00,4.03e+00,2.96e+00; 4.90e+00,4.52e+00,4.12e+00,3.04e+00; 4.98e+00,4.61e+00,4.19e+00,3.12e+00; 5.06e+00,4.69e+00,4.27e+00,3.20e+00; 5.14e+00,4.77e+00,4.35e+00,3.28e+00; 5.23e+00,4.85e+00,4.44e+00,3.36e+00; 5.29e+00,4.93e+00,4.54e+00,3.45e+00; 5.35e+00,4.98e+00,4.58e+00,3.62e+00; 5.42e+00,5.06e+00,4.67e+00,3.71e+00; 5.50e+00,5.14e+00,4.75e+00,3.80e+00; 5.58e+00,5.22e+00,4.82e+00,3.88e+00; 5.66e+00,5.30e+00,4.90e+00,3.96e+00; 5.75e+00,5.39e+00,4.98e+00,4.04e+00; 5.83e+00,5.47e+00,5.07e+00,4.12e+00; 5.90e+00,5.54e+00,5.15e+00,4.21e+00","40,40,40,40,40,40,40,40,40,40,40,40,40,40,40,40,40,40,40,40,40,40,40,40,40,40,40,40,40,40,40,24,40,40,40,40,40,40,40,24,40,40,40,40,40,40,40,40,40,40,40,40,40,40,40,40,40,40,40,40,40,40,40,40"
238,21.23,19.56,"2.74,5.34,7.65,9.28,10.69,11.97,13.07,14.02,14.85,15.66,16.39,17.06,17.68,18.29,18.85,19.37,19.76,20.23,20.66,21.06,21.51,21.90,22.27,22.67,23.02,23.33,23.65,23.95,24.25,24.57,24.84,25.12,25.41,25.67,25.91,26.15,26.39,26.62,26.84,27.07,27.31,27.53,27.73,27.93,28.13,28.32,28.50,28.70,28.91,29.10,29.27,29.44,29.61,29.78,29.94,30.10,30.30,30.46,30.61,30.76,30.91,31.06,31.19,31.34","6.35e-02,6.23e-02,5.94e-02,5.59e-06","15,4,4,4","2.30e-01; 2.48e-01,2.12e-01; 3.53e-01,3.37e-01; 4.53e-01,4.35e-01,3.16e-02; 4.95e-01,4.75e-01,1.79e-01; 5.54e-01,5.24e-01,3.01e-01; 6.17e-01,5.84e-01,4.09e-01; 6.85e-01,6.49e-01,5.05e-01; 7.57e-01,7.18e-01,5.93e-01; 8.33e-01,7.95e-01,6.71e-01; 9.11e-01,8.74e-01,7.43e-01; 9.91e-01,9.54e-01,8.13e-01; 1.07e+00,1.03e+00,8.86e-01; 1.14e+00,1.11e+00,9.66e-01; 1.22e+00,1.18e+00,1.04e+00; 1.31e+00,1.26e+00,1.11e+00; 1.27e+00,1.23e+00,1.12e+00,2.94e-01; 1.33e+00,1.29e+00,1.19e+00,3.29e-01; 1.39e+00,1.35e+00,1.25e+00,3.79e-01; 1.44e+00,1.41e+00,1.29e+00,4.60e-01; 1.57e+00,1.53e+00,1.38e+00,3.48e-01; 1.64e+00,1.60e+00,1.44e+00,3.78e-01; 1.71e+00,1.66e+00,1.51e+00,4.01e-01; 1.87e+00,1.81e+00,1.62e+00,2.13e-01; 1.92e+00,1.85e+00,1.67e+00,3.04e-01; 1.90e+00,1.85e+00,1.70e+00,5.30e-01; 1.98e+00,1.92e+00,1.76e+00,5.39e-01; 2.03e+00,1.98e+00,1.81e+00,6.13e-01; 2.12e+00,2.06e+00,1.87e+00,6.16e-01; 2.27e+00,2.20e+00,1.98e+00,4.48e-01; 2.34e+00,2.27e+00,2.05e+00,4.74e-01; 2.39e+00,2.32e+00,2.11e+00,5.42e-01; 2.43e+00,2.36e+00,2.15e+00,6.52e-01; 2.50e+00,2.42e+00,2.21e+00,6.88e-01; 2.56e+00,2.49e+00,2.28e+00,7.19e-01; 2.62e+00,2.55e+00,2.33e+00,7.72e-01; 2.68e+00,2.61e+00,2.38e+00,8.35e-01; 2.75e+00,2.67e+00,2.44e+00,8.77e-01; 2.81e+00,2.74e+00,2.51e+00,9.05e-01; 2.87e+00,2.79e+00,2.57e+00,9.59e-01; 2.92e+00,2.84e+00,2.62e+00,1.05e+00; 2.98e+00,2.90e+00,2.68e+00,1.09e+00; 3.05e+00,2.97e+00,2.74e+00,1.13e+00; 3.11e+00,3.03e+00,2.80e+00,1.18e+00; 3.17e+00,3.09e+00,2.85e+00,1.23e+00; 3.23e+00,3.15e+00,2.91e+00,1.28e+00; 3.30e+00,3.22e+00,2.98e+00,1.31e+00; 3.36e+00,3.28e+00,3.04e+00,1.36e+00; 3.41e+00,3.32e+00,3.08e+00,1.45e+00; 3.47e+00,3.38e+00,3.15e+00,1.50e+00; 3.53e+00,3.45e+00,3.21e+00,1.54e+00; 3.59e+00,3.51e+00,3.27e+00,1.59e+00; 3.65e+00,3.57e+00,3.32e+00,1.64e+00; 3.71e+00,3.63e+00,3.38e+00,1.69e+00; 3.78e+00,3.69e+00,3.44e+00,1.73e+00; 3.84e+00,3.75e+00,3.51e+00,1.78e+00; 3.88e+00,3.80e+00,3.55e+00,1.87e+00; 3.94e+00,3.85e+00,3.61e+00,1.93e+00; 4.00e+00,3.92e+00,3.67e+00,1.97e+00; 4.07e+00,3.98e+00,3.73e+00,2.02e+00; 4.13e+00,4.04e+00,3.79e+00,2.07e+00; 4.19e+00,4.10e+00,3.84e+00,2.13e+00; 4.25e+00,4.16e+00,3.90e+00,2.17e+00; 4.31e+00,4.22e+00,3.97e+00,2.22e+00","40,40,40,40,40,40,24,24,24,40,40,40,40,40,24,24,24,40,40,40,40,40,40,24,24,40,40,40,40,40,40,24,24,40,40,40,40,40,40,24,24,24,40,40,40,40,40,24,24,24,40,40,40,40,40,24,24,24,40,40,40,40,40,24"
239,13.42,11.70,"2.57,4.55,5.83,6.75,7.43,7.94,8.34,8.65,8.93,9.21,9.52,9.82,10.16,10.49,10.79,11.07,11.30,11.55,11.80,12.06,12.32,12.56,12.78,12.98,13.16,13.34,13.54,13.74,13.93,14.12,14.30,14.47,14.60,14.74,14.89,15.05,15.20,15.36,15.50,15.64,15.75,15.86,15.99,16.12,16.19,16.32,16.44,16.55,16.68,16.77,16.87,16.97,17.08,17.19,17.29,17.39,17.46,17.58,17.68,17.77,17.87,17.97,18.04,18.13","5.46e-02,4.85e-02,3.95e-06,3.02e-06","0,0,8,8","1.28e-01; 2.56e-01; 3.84e-01; 5.12e-01; 6.40e-01; 7.68e-01; 8.96e-01; 1.02e+00; 1.11e+00,4.39e-02; 1.13e+00,1.46e-01; 1.18e+00,2.29e-01; 1.12e+00,4.15e-01; 1.12e+00,5.46e-01; 1.15e+00,6.44e-01; 1.19e+00,7.30e-01; 1.24e+00,8.08e-01; 1.31e+00,8.67e-01; 1.38e+00,9.27e-01; 1.44e+00,9.88e-01; 1.50e+00,1.06e+00; 1.55e+00,1.14e+00; 1.60e+00,1.21e+00; 1.66e+00,1.29e+00; 1.72e+00,1.36e+00; 1.78e+00,1.42e+00; 1.85e+00,1.48e+00; 1.92e+00,1.54e+00; 1.98e+00,1.60e+00; 2.05e+00,1.67e+00; 2.10e+00,1.74e+00; 2.16e+00,1.81e+00; 2.22e+00,1.88e+00; 2.29e+00,1.94e+00; 2.35e+00,2.00e+00; 2.42e+00,2.06e+00; 2.48e+00,2.13e+00; 2.54e+00,2.20e+00; 2.60e+00,2.26e+00; 2.66e+00,2.33e+00; 2.72e+00,2.40e+00; 2.80e+00,2.45e+00; 2.88e+00,2.50e+00; 2.96e+00,2.55e+00; 3.03e+00,2.60e+00; 2.88e+00,2.56e+00,3.22e-01; 2.95e+00,2.63e+00,3.19e-01; 3.00e+00,2.69e+00,3.27e-01; 3.03e+00,2.73e+00,3.90e-01; 3.29e+00,2.82e+00,1.63e-01; 3.29e+00,2.84e+00,2.73e-01; 3.31e+00,2.86e+00,3.55e-01; 3.34e+00,2.89e+00,4.26e-01; 3.38e+00,2.93e+00,4.78e-01; 3.43e+00,2.99e+00,4.94e-01; 3.48e+00,3.06e+00,5.09e-01; 3.51e+00,3.10e+00,5.56e-01; 3.49e+00,3.03e+00,7.75e-01; 3.76e+00,3.14e+00,5.32e-01; 3.82e+00,3.18e+00,5.54e-01; 3.86e+00,3.22e+00,6.04e-01; 3.92e+00,3.27e+00,6.18e-01; 3.99e+00,3.32e+00,6.30e-01; 3.84e+00,3.29e+00,9.45e-01; 3.88e+00,3.34e+00,9.71e-01","47,47,47,47,47,47,47,47,47,47,47,41,41,41,41,41,47,47,47,41,41,41,41,41,47,47,47,47,47,41,41,41,47,47,47,47,41,41,41,41,47,47,47,47,47,41,41,41,41,47,47,47,47,41,41,41,41,41,47,41,47,47,41,41"
240,12.65,9.85,"3.11,5.13,6.39,7.27,7.93,8.43,8.82,9.10,9.38,9.66,9.96,10.26,10.56,10.87,11.16,11.41,11.64,11.88,12.12,12.38,12.64,12.88,13.10,13.29,13.46,13.64,13.83,14.02,14.22,14.41,14.58,14.73,14.86,15.01,15.16,15.31,15.39,15.62,15.69,15.79,15.88,15.98,16.10,16.22,16.34,16.47,16.59,16.69,16.77,16.86,16.96,17.06,17.17,17.28,17.39,17.48,17.55,17.63,17.71,17.81,17.90,18.00,18.09,18.18","3.92e-02,3.40e-02,3.27e-06,2.02e-06","3,3,3,8","9.08e-02; 1.82e-01; 2.72e-01; 3.63e-01; 4.54e-01; 5.45e-01; 6.36e-01; 7.10e-01,1.67e-02; 7.55e-01,6.17e-02; 7.67e-01,1.41e-01; 8.01e-01,1.98e-01; 8.38e-01,2.51e-01; 8.20e-01,3.60e-01; 8.28e-01,4.43e-01; 8.53e-01,5.08e-01; 8.87e-01,5.66e-01; 9.35e-01,6.08e-01; 9.83e-01,6.51e-01; 1.03e+00,6.95e-01; 1.06e+00,7.52e-01; 1.10e+00,8.09e-01; 1.14e+00,8.62e-01; 1.17e+00,9.14e-01; 1.22e+00,9.63e-01; 1.26e+00,1.01e+00; 1.31e+00,1.05e+00; 1.36e+00,1.10e+00; 1.40e+00,1.14e+00; 1.44e+00,1.19e+00; 1.48e+00,1.24e+00; 1.52e+00,1.29e+00; 1.57e+00,1.34e+00; 1.62e+00,1.38e+00; 1.68e+00,1.41e+00; 1.73e+00,1.45e+00; 1.78e+00,1.49e+00; 1.70e+00,1.48e+00,1.74e-01; 1.86e+00,1.59e+00; 1.78e+00,1.57e+00,1.85e-01; 1.82e+00,1.60e+00,2.11e-01; 1.83e+00,1.62e+00,2.68e-01; 1.85e+00,1.64e+00,3.28e-01; 1.88e+00,1.66e+00,3.67e-01; 1.90e+00,1.69e+00,4.05e-01; 1.93e+00,1.72e+00,4.42e-01; 1.97e+00,1.76e+00,4.45e-01; 2.00e+00,1.80e+00,4.66e-01; 2.01e+00,1.82e+00,5.23e-01; 2.03e+00,1.84e+00,5.76e-01; 2.05e+00,1.86e+00,6.28e-01; 2.08e+00,1.88e+00,6.69e-01; 2.10e+00,1.91e+00,7.06e-01; 2.14e+00,1.94e+00,7.35e-01; 2.17e+00,1.98e+00,7.48e-01; 2.21e+00,2.02e+00,7.66e-01; 2.23e+00,2.05e+00,8.13e-01; 2.25e+00,2.07e+00,8.64e-01; 2.27e+00,2.09e+00,9.11e-01; 2.29e+00,2.11e+00,9.53e-01; 2.32e+00,2.14e+00,9.92e-01; 2.34e+00,2.16e+00,1.04e+00; 2.37e+00,2.20e+00,1.06e+00; 2.40e+00,2.23e+00,1.08e+00; 2.43e+00,2.26e+00,1.12e+00","39,39,39,39,39,39,39,39,39,39,39,39,33,33,33,33,39,39,39,33,33,33,33,33,39,39,39,39,33,33,33,33,39,39,39,39,33,33,33,39,39,39,39,39,33,33,33,33,39,39,39,39,39,33,33,33,39,39,39,39,33,33,33,33"
248,61.96,50.26,"14.41,25.12,28.80,32.37,35.18,37.69,40.07,42.04,43.41,44.58,45.71,46.58,47.50,48.34,49.21,50.18,50.97,51.56,52.29,52.83,53.34,53.94,54.36,54.99,55.62,56.09,56.60,56.98,57.22,57.65,57.97,58.30,58.58,59.12,59.36,59.67,59.89,60.11,60.37,60.70,61.53,61.48,61.48,61.61,62.20,62.07,62.14,62.49,62.87,62.90,62.81,63.06,63.09,63.49,63.73,63.78,64.34,64.22,64.09,64.22,64.78,64.64,65.45,64.65","2.47e+02,2.47e+02,2.46e+02,2.43e+02","3,5,3,5","1.79e+03; 1.80e+03,1.79e+03; 2.33e+03,2.31e+03,7.35e+02; 2.54e+03,2.52e+03,2.11e+03; 3.02e+03,3.00e+03,2.85e+03,8.58e+01; 2.99e+03,2.95e+03,2.86e+03,1.95e+03; 3.30e+03,3.25e+03,3.19e+03,2.80e+03; 3.69e+03,3.65e+03,3.59e+03,3.41e+03; 4.13e+03,4.09e+03,4.04e+03,3.87e+03; 4.57e+03,4.53e+03,4.49e+03,4.33e+03; 5.01e+03,4.98e+03,4.94e+03,4.78e+03; 5.46e+03,5.43e+03,5.40e+03,5.23e+03; 5.90e+03,5.87e+03,5.85e+03,5.68e+03; 6.35e+03,6.32e+03,6.30e+03,6.13e+03; 6.79e+03,6.76e+03,6.74e+03,6.59e+03; 7.22e+03,7.20e+03,7.18e+03,7.07e+03; 7.67e+03,7.65e+03,7.63e+03,7.52e+03; 8.11e+03,8.09e+03,8.08e+03,7.97e+03; 8.56e+03,8.54e+03,8.53e+03,8.42e+03; 9.01e+03,8.99e+03,8.98e+03,8.87e+03; 9.46e+03,9.44e+03,9.43e+03,9.32e+03; 9.90e+03,9.88e+03,9.87e+03,9.77e+03; 1.03e+04,1.03e+04,1.03e+04,1.02e+04; 1.08e+04,1.08e+04,1.08e+04,1.07e+04; 1.12e+04,1.12e+04,1.12e+04,1.11e+04; 1.17e+04,1.17e+04,1.17e+04,1.16e+04; 1.21e+04,1.21e+04,1.21e+04,1.20e+04; 1.26e+04,1.26e+04,1.26e+04,1.25e+04; 1.30e+04,1.30e+04,1.30e+04,1.29e+04; 1.35e+04,1.35e+04,1.35e+04,1.34e+04; 1.39e+04,1.39e+04,1.39e+04,1.38e+04; 1.44e+04,1.44e+04,1.43e+04,1.43e+04; 1.48e+04,1.48e+04,1.48e+04,1.47e+04; 1.53e+04,1.53e+04,1.52e+04,1.52e+04; 1.57e+04,1.57e+04,1.57e+04,1.56e+04; 1.62e+04,1.61e+04,1.61e+04,1.61e+04; 1.66e+04,1.66e+04,1.66e+04,1.65e+04; 1.71e+04,1.70e+04,1.70e+04,1.70e+04; 1.75e+04,1.75e+04,1.75e+04,1.74e+04; 1.79e+04,1.79e+04,1.79e+04,1.79e+04; 1.84e+04,1.84e+04,1.84e+04,1.83e+04; 1.88e+04,1.88e+04,1.88e+04,1.88e+04; 1.93e+04,1.93e+04,1.93e+04,1.92e+04; 1.97e+04,1.97e+04,1.97e+04,1.97e+04; 2.02e+04,2.02e+04,2.02e+04,2.01e+04; 2.06e+04,2.06e+04,2.06e+04,2.06e+04; 2.11e+04,2.11e+04,2.11e+04,2.10e+04; 2.15e+04,2.15e+04,2.15e+04,2.15e+04; 2.20e+04,2.20e+04,2.20e+04,2.19e+04; 2.24e+04,2.24e+04,2.24e+04,2.24e+04; 2.29e+04,2.29e+04,2.29e+04,2.28e+04; 2.33e+04,2.33e+04,2.33e+04,2.33e+04; 2.38e+04,2.38e+04,2.38e+04,2.37e+04; 2.42e+04,2.42e+04,2.42e+04,2.41e+04; 2.47e+04,2.47e+04,2.47e+04,2.46e+04; 2.51e+04,2.51e+04,2.51e+04,2.50e+04; 2.56e+04,2.56e+04,2.56e+04,2.55e+04; 2.60e+04,2.60e+04,2.60e+04,2.59e+04; 2.65e+04,2.64e+04,2.64e+04,2.64e+04; 2.69e+04,2.69e+04,2.69e+04,2.68e+04; 2.74e+04,2.73e+04,2.73e+04,2.73e+04; 2.78e+04,2.78e+04,2.78e+04,2.77e+04; 2.82e+04,2.82e+04,2.82e+04,2.82e+04; 2.87e+04,2.87e+04,2.87e+04,2.86e+04","0,0,0,0,0,0,0,0,0,0,0,0,0,0,0,0,0,0,0,0,0,0,0,0,0,0,0,16,0,0,0,16,16,0,0,0,0,6,0,48,16,6,0,16,16,6,16,16,6,48,16,6,48,6,0,48,48,48,48,0,48,16,0,6"
249,65.33,51.96,"16.17,25.66,29.75,32.92,36.21,38.92,41.31,43.34,44.63,45.60,46.41,47.24,48.08,48.93,49.78,50.58,51.40,52.12,52.88,53.46,53.95,54.30,55.08,55.24,55.58,55.98,56.59,56.92,56.72,57.11,57.34,58.24,58.00,59.74,59.57,59.48,59.35,59.33,60.41,61.02,60.81,60.78,60.55,63.81,61.66,63.65,62.96,61.65,61.97,62.19,62.70,61.94,62.58,63.28,63.47,63.57,62.93,66.31,63.96,64.98,64.97,64.75,66.29,66.11","2.07e+02,2.07e+02,2.07e+02,2.06e+02","15,4,4,15","1.74e+03; 1.74e+03,1.73e+03; 1.85e+03,1.83e+03,1.53e+03; 2.07e+03,2.02e+03,1.73e+03,1.14e+03; 2.46e+03,2.41e+03,2.35e+03,1.48e+03; 2.77e+03,2.71e+03,2.67e+03,2.28e+03; 3.20e+03,3.16e+03,3.12e+03,2.69e+03; 3.58e+03,3.54e+03,3.50e+03,3.30e+03; 4.01e+03,3.98e+03,3.93e+03,3.73e+03; 4.44e+03,4.42e+03,4.36e+03,4.16e+03; 4.88e+03,4.85e+03,4.80e+03,4.59e+03; 5.32e+03,5.29e+03,5.23e+03,5.02e+03; 5.75e+03,5.73e+03,5.67e+03,5.45e+03; 6.18e+03,6.16e+03,6.10e+03,5.89e+03; 6.62e+03,6.60e+03,6.53e+03,6.32e+03; 7.05e+03,7.04e+03,6.97e+03,6.75e+03; 7.47e+03,7.46e+03,7.38e+03,7.23e+03; 7.89e+03,7.88e+03,7.81e+03,7.71e+03; 8.32e+03,8.31e+03,8.25e+03,8.14e+03; 8.76e+03,8.74e+03,8.69e+03,8.57e+03; 9.19e+03,9.18e+03,9.13e+03,9.01e+03; 9.62e+03,9.61e+03,9.56e+03,9.44e+03; 1.01e+04,1.00e+04,9.99e+03,9.87e+03; 1.05e+04,1.05e+04,1.04e+04,1.03e+04; 1.09e+04,1.09e+04,1.09e+04,1.07e+04; 1.14e+04,1.14e+04,1.13e+04,1.12e+04; 1.18e+04,1.18e+04,1.17e+04,1.16e+04; 1.22e+04,1.22e+04,1.22e+04,1.20e+04; 1.27e+04,1.27e+04,1.26e+04,1.25e+04; 1.31e+04,1.31e+04,1.30e+04,1.29e+04; 1.35e+04,1.35e+04,1.35e+04,1.34e+04; 1.40e+04,1.40e+04,1.39e+04,1.38e+04; 1.44e+04,1.44e+04,1.43e+04,1.42e+04; 1.48e+04,1.48e+04,1.48e+04,1.47e+04; 1.53e+04,1.53e+04,1.52e+04,1.51e+04; 1.57e+04,1.57e+04,1.56e+04,1.55e+04; 1.61e+04,1.61e+04,1.61e+04,1.60e+04; 1.66e+04,1.66e+04,1.65e+04,1.64e+04; 1.70e+04,1.70e+04,1.69e+04,1.68e+04; 1.74e+04,1.74e+04,1.74e+04,1.73e+04; 1.79e+04,1.79e+04,1.78e+04,1.77e+04; 1.83e+04,1.83e+04,1.82e+04,1.82e+04; 1.87e+04,1.87e+04,1.87e+04,1.86e+04; 1.91e+04,1.91e+04,1.91e+04,1.91e+04; 1.96e+04,1.96e+04,1.96e+04,1.95e+04; 2.00e+04,2.00e+04,2.00e+04,1.99e+04; 2.05e+04,2.05e+04,2.04e+04,2.03e+04; 2.09e+04,2.09e+04,2.09e+04,2.08e+04; 2.13e+04,2.13e+04,2.13e+04,2.12e+04; 2.18e+04,2.17e+04,2.17e+04,2.17e+04; 2.22e+04,2.22e+04,2.22e+04,2.21e+04; 2.26e+04,2.26e+04,2.26e+04,2.25e+04; 2.31e+04,2.31e+04,2.30e+04,2.30e+04; 2.35e+04,2.35e+04,2.35e+04,2.34e+04; 2.39e+04,2.39e+04,2.39e+04,2.38e+04; 2.44e+04,2.44e+04,2.43e+04,2.42e+04; 2.48e+04,2.48e+04,2.48e+04,2.47e+04; 2.52e+04,2.52e+04,2.52e+04,2.51e+04; 2.57e+04,2.57e+04,2.56e+04,2.55e+04; 2.61e+04,2.61e+04,2.61e+04,2.60e+04; 2.65e+04,2.65e+04,2.65e+04,2.64e+04; 2.70e+04,2.70e+04,2.70e+04,2.69e+04; 2.74e+04,2.74e+04,2.74e+04,2.73e+04; 2.78e+04,2.78e+04,2.78e+04,2.78e+04","8,56,8,56,8,56,8,56,8,8,8,8,8,8,8,8,56,56,8,56,8,6,8,8,10,6,8,10,6,56,10,8,8,10,56,56,6,8,10,10,8,56,56,10,10,8,6,8,56,10,6,8,10,56,56,10,10,56,6,8,56,8,6,56"
250,67.45,49.43,"14.38,22.93,27.19,30.65,33.07,35.41,37.09,38.64,39.90,41.17,42.40,43.44,44.10,44.82,45.54,46.19,47.06,47.88,48.78,49.32,49.92,50.30,50.59,51.05,51.69,52.19,52.86,53.45,53.55,54.40,54.37,54.54,55.22,55.33,55.38,56.56,56.98,57.07,57.31,57.60,57.65,58.50,59.30,60.10,60.00,60.00,59.85,60.81,60.83,60.51,62.31,59.72,61.50,61.58,60.75,59.87,62.92,62.74,63.23,63.91,62.85,64.87,63.74,62.43","1.58e+02,1.58e+02,1.58e+02,1.58e+02","3,8,1,8","1.47e+03; 1.48e+03,1.46e+03; 1.70e+03,1.67e+03,1.05e+03; 1.84e+03,1.78e+03,1.45e+03,8.32e+02; 2.15e+03,2.10e+03,1.75e+03,1.36e+03; 2.44e+03,2.38e+03,2.17e+03,1.85e+03; 2.76e+03,2.70e+03,2.58e+03,2.27e+03; 3.13e+03,3.07e+03,2.92e+03,2.66e+03; 3.46e+03,3.40e+03,3.29e+03,3.12e+03; 3.80e+03,3.74e+03,3.65e+03,3.55e+03; 4.15e+03,4.10e+03,4.01e+03,3.95e+03; 4.52e+03,4.46e+03,4.38e+03,4.33e+03; 4.88e+03,4.83e+03,4.75e+03,4.70e+03; 5.25e+03,5.20e+03,5.11e+03,5.07e+03; 5.62e+03,5.56e+03,5.48e+03,5.44e+03; 5.98e+03,5.93e+03,5.85e+03,5.81e+03; 6.34e+03,6.29e+03,6.22e+03,6.20e+03; 6.70e+03,6.65e+03,6.60e+03,6.58e+03; 7.06e+03,7.02e+03,6.98e+03,6.94e+03; 7.43e+03,7.38e+03,7.35e+03,7.31e+03; 7.79e+03,7.76e+03,7.72e+03,7.68e+03; 8.16e+03,8.12e+03,8.09e+03,8.05e+03; 8.53e+03,8.49e+03,8.46e+03,8.41e+03; 8.90e+03,8.86e+03,8.83e+03,8.78e+03; 9.26e+03,9.23e+03,9.20e+03,9.15e+03; 9.63e+03,9.59e+03,9.58e+03,9.51e+03; 9.99e+03,9.96e+03,9.94e+03,9.89e+03; 1.04e+04,1.03e+04,1.03e+04,1.03e+04; 1.07e+04,1.07e+04,1.07e+04,1.06e+04; 1.11e+04,1.11e+04,1.11e+04,1.10e+04; 1.15e+04,1.14e+04,1.14e+04,1.14e+04; 1.18e+04,1.18e+04,1.18e+04,1.17e+04; 1.22e+04,1.22e+04,1.22e+04,1.21e+04; 1.26e+04,1.25e+04,1.25e+04,1.25e+04; 1.29e+04,1.29e+04,1.29e+04,1.28e+04; 1.33e+04,1.33e+04,1.33e+04,1.32e+04; 1.37e+04,1.36e+04,1.36e+04,1.36e+04; 1.40e+04,1.40e+04,1.40e+04,1.39e+04; 1.44e+04,1.44e+04,1.44e+04,1.43e+04; 1.48e+04,1.48e+04,1.47e+04,1.47e+04; 1.51e+04,1.51e+04,1.51e+04,1.50e+04; 1.55e+04,1.55e+04,1.55e+04,1.54e+04; 1.59e+04,1.59e+04,1.58e+04,1.58e+04; 1.62e+04,1.62e+04,1.62e+04,1.62e+04; 1.66e+04,1.66e+04,1.66e+04,1.65e+04; 1.70e+04,1.70e+04,1.70e+04,1.69e+04; 1.73e+04,1.73e+04,1.73e+04,1.73e+04; 1.77e+04,1.77e+04,1.77e+04,1.76e+04; 1.81e+04,1.81e+04,1.81e+04,1.80e+04; 1.85e+04,1.84e+04,1.84e+04,1.84e+04; 1.88e+04,1.88e+04,1.88e+04,1.87e+04; 1.92e+04,1.92e+04,1.92e+04,1.91e+04; 1.96e+04,1.95e+04,1.95e+04,1.95e+04; 1.99e+04,1.99e+04,1.99e+04,1.98e+04; 2.03e+04,2.03e+04,2.03e+04,2.02e+04; 2.07e+04,2.06e+04,2.06e+04,2.06e+04; 2.10e+04,2.10e+04,2.10e+04,2.10e+04; 2.14e+04,2.14e+04,2.14e+04,2.13e+04; 2.18e+04,2.18e+04,2.17e+04,2.17e+04; 2.21e+04,2.21e+04,2.21e+04,2.21e+04; 2.25e+04,2.25e+04,2.25e+04,2.24e+04; 2.29e+04,2.29e+04,2.28e+04,2.28e+04; 2.32e+04,2.32e+04,2.32e+04,2.32e+04; 2.36e+04,2.36e+04,2.36e+04,2.35e+04","7,56,7,56,7,56,56,8,8,7,7,7,7,8,7,56,56,7,7,8,56,8,7,8,8,8,56,7,56,8,8,6,6,7,7,7,56,56,7,7,7,56,56,8,8,8,8,56,6,7,7,8,6,8,6,8,7,8,7,7,56,8,6,7"
251,63.65,50.12,"15.13,19.62,23.29,25.87,28.04,30.19,31.97,33.69,34.78,35.98,37.09,37.94,38.87,39.80,40.90,41.88,42.61,43.41,43.72,44.48,44.96,45.50,46.09,46.43,46.97,47.49,47.93,48.54,48.57,49.44,49.49,49.74,49.92,49.87,50.30,51.27,50.89,51.26,51.26,51.50,51.44,52.25,53.49,53.15,53.36,53.44,53.52,54.57,54.45,54.66,55.22,55.47,56.00,54.95,55.30,55.49,55.80,56.77,56.53,57.04,56.67,56.92,57.24,59.09","1.32e+02,1.32e+02,1.32e+02,1.31e+02","0,8,0,8","1.11e+03; 1.18e+03,1.03e+03; 1.34e+03,1.21e+03,7.70e+02; 1.67e+03,1.60e+03,1.16e+03; 1.82e+03,1.74e+03,1.35e+03,6.22e+02; 2.03e+03,1.96e+03,1.72e+03,9.31e+02; 2.25e+03,2.16e+03,2.00e+03,1.33e+03; 2.50e+03,2.41e+03,2.31e+03,1.64e+03; 2.75e+03,2.67e+03,2.54e+03,2.01e+03; 2.96e+03,2.87e+03,2.75e+03,2.49e+03; 3.24e+03,3.16e+03,3.04e+03,2.74e+03; 3.51e+03,3.43e+03,3.33e+03,3.02e+03; 3.76e+03,3.69e+03,3.60e+03,3.34e+03; 4.03e+03,3.96e+03,3.88e+03,3.63e+03; 4.28e+03,4.22e+03,4.17e+03,3.93e+03; 4.54e+03,4.49e+03,4.45e+03,4.22e+03; 4.80e+03,4.75e+03,4.72e+03,4.54e+03; 5.07e+03,5.03e+03,5.00e+03,4.83e+03; 5.35e+03,5.31e+03,5.28e+03,5.09e+03; 5.62e+03,5.58e+03,5.55e+03,5.39e+03; 5.89e+03,5.85e+03,5.83e+03,5.67e+03; 6.17e+03,6.13e+03,6.10e+03,5.95e+03; 6.44e+03,6.40e+03,6.38e+03,6.23e+03; 6.71e+03,6.67e+03,6.66e+03,6.51e+03; 6.98e+03,6.95e+03,6.94e+03,6.80e+03; 7.26e+03,7.22e+03,7.21e+03,7.09e+03; 7.53e+03,7.49e+03,7.49e+03,7.37e+03; 7.81e+03,7.77e+03,7.76e+03,7.65e+03; 8.08e+03,8.05e+03,8.04e+03,7.93e+03; 8.36e+03,8.32e+03,8.32e+03,8.20e+03; 8.63e+03,8.60e+03,8.59e+03,8.48e+03; 8.91e+03,8.88e+03,8.87e+03,8.76e+03; 9.19e+03,9.15e+03,9.15e+03,9.03e+03; 9.47e+03,9.43e+03,9.43e+03,9.30e+03; 9.74e+03,9.71e+03,9.70e+03,9.58e+03; 1.00e+04,9.99e+03,9.98e+03,9.84e+03; 1.03e+04,1.03e+04,1.03e+04,1.01e+04; 1.06e+04,1.05e+04,1.05e+04,1.04e+04; 1.09e+04,1.08e+04,1.08e+04,1.07e+04; 1.11e+04,1.11e+04,1.11e+04,1.09e+04; 1.14e+04,1.14e+04,1.14e+04,1.12e+04; 1.17e+04,1.16e+04,1.16e+04,1.15e+04; 1.19e+04,1.19e+04,1.19e+04,1.18e+04; 1.22e+04,1.22e+04,1.22e+04,1.21e+04; 1.25e+04,1.25e+04,1.25e+04,1.24e+04; 1.28e+04,1.27e+04,1.27e+04,1.27e+04; 1.30e+04,1.30e+04,1.30e+04,1.29e+04; 1.33e+04,1.33e+04,1.33e+04,1.32e+04; 1.36e+04,1.36e+04,1.36e+04,1.35e+04; 1.39e+04,1.38e+04,1.38e+04,1.38e+04; 1.41e+04,1.41e+04,1.41e+04,1.40e+04; 1.44e+04,1.44e+04,1.44e+04,1.43e+04; 1.47e+04,1.47e+04,1.47e+04,1.46e+04; 1.50e+04,1.50e+04,1.49e+04,1.49e+04; 1.53e+04,1.52e+04,1.52e+04,1.52e+04; 1.55e+04,1.55e+04,1.55e+04,1.54e+04; 1.58e+04,1.58e+04,1.58e+04,1.57e+04; 1.61e+04,1.61e+04,1.61e+04,1.60e+04; 1.64e+04,1.63e+04,1.63e+04,1.63e+04; 1.66e+04,1.66e+04,1.66e+04,1.65e+04; 1.69e+04,1.69e+04,1.69e+04,1.68e+04; 1.72e+04,1.72e+04,1.72e+04,1.71e+04; 1.75e+04,1.74e+04,1.74e+04,1.74e+04; 1.77e+04,1.77e+04,1.77e+04,1.76e+04","15,63,15,15,15,15,63,63,63,63,63,63,63,63,15,15,63,63,15,63,63,15,31,15,63,63,63,31,63,15,47,63,47,47,63,15,63,63,63,31,63,15,63,47,31,15,31,15,31,63,31,63,31,47,15,63,15,15,15,47,31,47,47,63"
252,50.15,38.96,"15.50,18.15,20.38,22.30,24.09,25.65,27.06,28.82,30.88,32.24,33.33,34.28,35.09,35.87,36.56,37.36,38.41,39.35,39.87,40.60,41.11,41.50,42.18,42.70,43.38,44.01,44.37,44.38,45.13,45.22,45.61,45.71,46.51,46.95,47.14,47.66,47.70,48.28,48.64,49.09,49.07,50.31,50.12,51.53,51.32,50.58,50.95,51.64,52.46,51.85,52.98,52.37,52.53,52.08,51.79,52.46,52.94,54.40,53.52,53.03,53.80,55.09,55.02,54.67","1.49e+02,1.49e+02,1.48e+02,1.45e+02","12,5,12,7","1.15e+03; 1.46e+03,8.43e+02; 1.96e+03,1.49e+03; 2.47e+03,2.13e+03; 2.29e+03,1.94e+03,1.53e+03; 2.58e+03,2.26e+03,2.07e+03; 2.62e+03,2.30e+03,2.17e+03,9.52e+02; 2.70e+03,2.52e+03,2.36e+03,1.63e+03; 2.85e+03,2.69e+03,2.52e+03,2.29e+03; 3.10e+03,2.95e+03,2.78e+03,2.67e+03; 3.37e+03,3.23e+03,3.08e+03,2.98e+03; 3.64e+03,3.51e+03,3.35e+03,3.30e+03; 3.92e+03,3.79e+03,3.67e+03,3.58e+03; 4.20e+03,4.07e+03,3.96e+03,3.87e+03; 4.48e+03,4.36e+03,4.25e+03,4.17e+03; 4.76e+03,4.66e+03,4.55e+03,4.45e+03; 5.03e+03,4.94e+03,4.87e+03,4.72e+03; 5.31e+03,5.24e+03,5.16e+03,5.00e+03; 5.59e+03,5.53e+03,5.46e+03,5.28e+03; 5.88e+03,5.82e+03,5.75e+03,5.57e+03; 6.16e+03,6.11e+03,6.03e+03,5.87e+03; 6.45e+03,6.39e+03,6.32e+03,6.16e+03; 6.73e+03,6.67e+03,6.61e+03,6.46e+03; 7.01e+03,6.95e+03,6.89e+03,6.76e+03; 7.29e+03,7.25e+03,7.19e+03,7.04e+03; 7.58e+03,7.54e+03,7.47e+03,7.33e+03; 7.86e+03,7.83e+03,7.76e+03,7.61e+03; 8.15e+03,8.12e+03,8.05e+03,7.91e+03; 8.44e+03,8.41e+03,8.33e+03,8.19e+03; 8.72e+03,8.69e+03,8.62e+03,8.49e+03; 9.01e+03,8.98e+03,8.91e+03,8.78e+03; 9.30e+03,9.26e+03,9.20e+03,9.06e+03; 9.58e+03,9.55e+03,9.49e+03,9.36e+03; 9.87e+03,9.84e+03,9.77e+03,9.64e+03; 1.01e+04,1.01e+04,1.00e+04,1.00e+04; 1.04e+04,1.04e+04,1.03e+04,1.02e+04; 1.07e+04,1.07e+04,1.06e+04,1.05e+04; 1.10e+04,1.10e+04,1.09e+04,1.08e+04; 1.13e+04,1.13e+04,1.12e+04,1.11e+04; 1.16e+04,1.16e+04,1.15e+04,1.14e+04; 1.19e+04,1.19e+04,1.18e+04,1.17e+04; 1.22e+04,1.21e+04,1.21e+04,1.19e+04; 1.24e+04,1.24e+04,1.24e+04,1.22e+04; 1.27e+04,1.27e+04,1.26e+04,1.25e+04; 1.30e+04,1.30e+04,1.29e+04,1.28e+04; 1.33e+04,1.33e+04,1.32e+04,1.31e+04; 1.36e+04,1.36e+04,1.35e+04,1.34e+04; 1.39e+04,1.39e+04,1.38e+04,1.37e+04; 1.42e+04,1.42e+04,1.41e+04,1.40e+04; 1.45e+04,1.44e+04,1.44e+04,1.43e+04; 1.47e+04,1.47e+04,1.47e+04,1.46e+04; 1.50e+04,1.50e+04,1.49e+04,1.49e+04; 1.53e+04,1.53e+04,1.52e+04,1.51e+04; 1.56e+04,1.56e+04,1.55e+04,1.54e+04; 1.59e+04,1.59e+04,1.58e+04,1.57e+04; 1.62e+04,1.62e+04,1.61e+04,1.60e+04; 1.65e+04,1.65e+04,1.64e+04,1.63e+04; 1.67e+04,1.67e+04,1.67e+04,1.66e+04; 1.70e+04,1.70e+04,1.70e+04,1.69e+04; 1.73e+04,1.73e+04,1.72e+04,1.72e+04; 1.76e+04,1.76e+04,1.75e+04,1.74e+04; 1.79e+04,1.79e+04,1.78e+04,1.78e+04; 1.82e+04,1.82e+04,1.81e+04,1.80e+04; 1.85e+04,1.85e+04,1.84e+04,1.83e+04","15,56,56,56,15,15,56,15,56,15,15,56,15,56,15,15,15,15,15,15,56,56,56,56,15,15,62,56,31,31,56,31,56,56,56,62,15,31,56,62,56,62,15,15,56,62,15,15,62,31,31,56,56,15,56,62,62,31,56,62,15,31,31,56"
253,39.50,32.36,"14.21,16.61,19.07,21.34,23.11,24.50,25.57,26.83,28.13,29.11,29.83,30.45,30.99,31.64,32.16,33.08,33.86,34.51,35.09,35.29,35.56,36.03,36.30,36.70,37.36,37.34,37.57,38.13,38.06,38.45,38.49,38.44,39.31,40.17,39.98,41.34,40.24,40.47,42.01,41.24,42.35,41.56,42.92,41.51,41.66,43.76,42.27,42.39,42.96,43.49,43.80,44.91,44.15,42.83,43.30,45.31,44.50,43.84,45.20,45.56,45.93,45.79,45.24,46.03","1.36e+02,1.35e+02,1.31e+02,1.22e+02","15,7,15,15","7.85e+02; 1.47e+03,9.63e+01; 1.38e+03,9.76e+02; 1.66e+03,1.48e+03; 2.02e+03,1.91e+03; 2.39e+03,2.32e+03; 2.78e+03,2.72e+03; 2.51e+03,2.47e+03,1.30e+03; 2.65e+03,2.62e+03,1.80e+03; 2.87e+03,2.84e+03,2.14e+03; 3.12e+03,3.09e+03,2.43e+03; 3.36e+03,3.34e+03,2.72e+03; 3.61e+03,3.59e+03,3.01e+03; 3.86e+03,3.84e+03,3.29e+03; 4.11e+03,4.09e+03,3.58e+03; 4.34e+03,4.32e+03,3.91e+03; 4.58e+03,4.56e+03,4.21e+03; 4.82e+03,4.81e+03,4.50e+03; 5.08e+03,5.07e+03,4.77e+03; 5.34e+03,5.33e+03,5.04e+03; 5.60e+03,5.58e+03,5.31e+03; 5.86e+03,5.84e+03,5.58e+03; 6.12e+03,6.10e+03,5.85e+03; 6.37e+03,6.36e+03,6.12e+03; 6.62e+03,6.61e+03,6.40e+03; 6.88e+03,6.87e+03,6.66e+03; 7.15e+03,7.13e+03,6.92e+03; 7.41e+03,7.40e+03,7.19e+03; 7.66e+03,7.65e+03,7.46e+03; 7.91e+03,7.90e+03,7.71e+03,4.68e+01; 8.18e+03,8.17e+03,7.99e+03; 8.44e+03,8.43e+03,8.25e+03; 8.70e+03,8.69e+03,8.52e+03; 8.41e+03,8.40e+03,8.24e+03,1.65e+03; 9.22e+03,9.21e+03,9.07e+03; 9.48e+03,9.47e+03,9.33e+03; 9.74e+03,9.73e+03,9.60e+03; 1.00e+04,9.99e+03,9.86e+03; 1.03e+04,1.02e+04,1.01e+04; 9.71e+03,9.70e+03,9.58e+03,2.42e+03; 1.03e+04,1.03e+04,1.02e+04,1.41e+03; 1.06e+04,1.06e+04,1.05e+04,1.26e+03; 1.07e+04,1.07e+04,1.06e+04,1.74e+03; 1.13e+04,1.13e+04,1.11e+04,8.90e+02; 1.12e+04,1.11e+04,1.10e+04,2.00e+03; 1.17e+04,1.16e+04,1.15e+04,1.28e+03; 1.14e+04,1.14e+04,1.13e+04,2.85e+03; 1.20e+04,1.20e+04,1.19e+04,1.67e+03; 1.09e+04,1.09e+04,1.08e+04,5.80e+03; 1.24e+04,1.24e+04,1.23e+04,2.21e+03; 1.15e+04,1.15e+04,1.14e+04,5.74e+03; 1.28e+04,1.28e+04,1.27e+04,2.60e+03; 1.27e+04,1.26e+04,1.26e+04,3.76e+03; 1.18e+04,1.18e+04,1.17e+04,7.17e+03; 1.17e+04,1.17e+04,1.16e+04,8.26e+03; 1.24e+04,1.24e+04,1.24e+04,6.76e+03; 1.22e+04,1.21e+04,1.21e+04,8.39e+03; 1.32e+04,1.32e+04,1.32e+04,5.95e+03; 1.35e+04,1.34e+04,1.34e+04,6.06e+03; 1.47e+04,1.47e+04,1.47e+04,2.99e+03; 1.46e+04,1.46e+04,1.46e+04,4.05e+03; 1.44e+04,1.44e+04,1.44e+04,5.42e+03; 1.46e+04,1.46e+04,1.46e+04,5.66e+03; 1.45e+04,1.45e+04,1.45e+04,6.76e+03","56,56,56,56,56,56,56,56,56,56,56,56,56,56,56,56,56,56,8,8,56,62,62,62,56,62,2,2,56,8,2,2,8,56,56,62,62,56,56,56,56,62,8,62,2,62,62,56,8,56,8,56,2,8,62,62,62,2,2,8,62,2,2,62"
254,34.70,28.14,"14.48,16.71,18.14,19.55,20.70,21.60,22.36,23.68,24.60,25.21,25.85,26.67,27.39,27.98,28.67,29.33,29.85,30.29,30.73,31.09,31.51,32.09,32.48,33.12,33.17,33.69,33.92,34.29,34.76,35.04,35.54,35.94,36.07,36.43,36.72,37.33,36.94,37.45,37.46,38.63,38.05,38.42,38.40,38.80,39.60,39.25,39.85,40.15,40.60,40.94,40.72,40.47,41.37,41.81,41.16,42.46,43.20,41.63,41.96,42.24,43.00,42.69,43.24,43.12","1.58e+02,1.55e+02,1.45e+02,1.43e+02","3,8,8,3","7.96e+02; 1.59e+03; 1.91e+03,4.76e+02; 2.04e+03,1.14e+03; 2.34e+03,1.64e+03; 2.71e+03,2.07e+03; 2.75e+03,2.19e+03,6.30e+02; 2.63e+03,2.22e+03,1.52e+03; 2.83e+03,2.48e+03,1.86e+03; 3.10e+03,2.76e+03,2.10e+03; 3.35e+03,3.05e+03,2.37e+03; 3.64e+03,3.38e+03,2.53e+03; 3.80e+03,3.57e+03,2.99e+03; 4.04e+03,3.82e+03,3.29e+03; 4.26e+03,4.06e+03,3.63e+03; 4.48e+03,4.30e+03,3.97e+03; 4.70e+03,4.53e+03,4.18e+03,1.27e+02; 5.00e+03,4.83e+03,4.50e+03,3.37e+00; 5.13e+03,4.97e+03,4.63e+03,4.09e+02; 5.47e+03,5.31e+03,4.96e+03,1.88e+02; 5.76e+03,5.63e+03,5.33e+03; 5.65e+03,5.52e+03,5.24e+03,1.11e+03; 5.99e+03,5.86e+03,5.60e+03,8.68e+02; 6.00e+03,5.88e+03,5.67e+03,1.56e+03; 6.23e+03,6.12e+03,5.90e+03,1.66e+03; 6.46e+03,6.34e+03,6.12e+03,1.79e+03; 6.39e+03,6.27e+03,6.06e+03,2.79e+03; 6.72e+03,6.61e+03,6.39e+03,2.58e+03; 6.95e+03,6.85e+03,6.66e+03,2.64e+03; 7.05e+03,6.96e+03,6.77e+03,3.11e+03; 7.17e+03,7.08e+03,6.91e+03,3.53e+03; 7.19e+03,7.11e+03,6.95e+03,4.24e+03; 7.59e+03,7.51e+03,7.35e+03,3.83e+03; 7.94e+03,7.86e+03,7.70e+03,3.57e+03; 7.98e+03,7.90e+03,7.76e+03,4.23e+03; 8.20e+03,8.12e+03,7.97e+03,4.37e+03; 8.75e+03,8.67e+03,8.53e+03,3.52e+03; 8.56e+03,8.48e+03,8.34e+03,4.88e+03; 8.61e+03,8.53e+03,8.39e+03,5.53e+03; 8.87e+03,8.80e+03,8.66e+03,5.53e+03; 9.08e+03,9.00e+03,8.87e+03,5.70e+03; 9.35e+03,9.27e+03,9.12e+03,5.71e+03; 9.50e+03,9.43e+03,9.30e+03,6.02e+03; 9.72e+03,9.65e+03,9.52e+03,6.16e+03; 9.97e+03,9.90e+03,9.79e+03,6.17e+03; 1.10e+04,1.09e+04,1.08e+04,3.94e+03; 9.93e+03,9.86e+03,9.76e+03,7.88e+03; 1.01e+04,1.01e+04,9.96e+03,8.08e+03; 1.07e+04,1.07e+04,1.06e+04,7.07e+03; 1.09e+04,1.09e+04,1.08e+04,7.31e+03; 1.11e+04,1.11e+04,1.10e+04,7.44e+03; 1.13e+04,1.12e+04,1.11e+04,7.85e+03; 1.15e+04,1.14e+04,1.14e+04,7.92e+03; 1.17e+04,1.16e+04,1.16e+04,8.11e+03; 1.19e+04,1.19e+04,1.18e+04,8.28e+03; 1.21e+04,1.21e+04,1.20e+04,8.38e+03; 1.23e+04,1.23e+04,1.22e+04,8.61e+03; 1.24e+04,1.24e+04,1.23e+04,9.13e+03; 1.27e+04,1.26e+04,1.26e+04,9.12e+03; 1.23e+04,1.22e+04,1.21e+04,1.12e+04; 1.33e+04,1.32e+04,1.32e+04,8.93e+03; 1.32e+04,1.32e+04,1.31e+04,9.83e+03; 1.29e+04,1.28e+04,1.28e+04,1.17e+04; 1.37e+04,1.36e+04,1.36e+04,1.01e+04","56,56,56,56,56,56,56,56,56,56,56,56,56,56,56,56,56,56,6,6,56,56,6,56,15,15,15,56,6,56,6,56,56,56,6,2,15,15,15,15,2,56,2,6,6,6,56,56,56,2,2,56,6,15,2,2,15,15,2,6,6,6,6,56"
255,40.11,30.99,"14.86,17.25,19.70,21.99,23.81,25.68,27.69,29.22,30.45,31.22,31.76,32.78,33.23,33.78,34.32,35.15,36.11,36.45,36.84,37.39,37.92,38.31,38.76,39.07,39.82,40.37,40.40,40.78,40.98,41.36,41.63,42.03,42.64,43.17,43.31,43.62,43.77,43.79,44.20,44.50,44.42,44.81,45.30,44.90,45.88,46.44,46.59,46.26,46.16,46.69,47.58,47.46,48.16,47.41,48.63,47.41,47.70,48.81,48.08,48.41,48.84,47.96,49.35,48.67","7.37e+01,7.34e+01,7.04e+01,6.69e+01","15,7,15,15","4.34e+02; 7.36e+02,1.33e+02; 7.64e+02,5.39e+02; 9.19e+02,8.19e+02; 1.04e+03,9.83e+02,1.51e+02; 1.07e+03,1.04e+03,4.96e+02; 1.12e+03,1.10e+03,8.03e+02,1.70e+01; 1.16e+03,1.15e+03,9.91e+02,1.68e+02; 1.26e+03,1.24e+03,1.14e+03,2.64e+02; 1.37e+03,1.36e+03,1.25e+03,3.69e+02; 1.46e+03,1.45e+03,1.34e+03,5.29e+02; 1.78e+03,1.77e+03,1.67e+03; 1.70e+03,1.69e+03,1.60e+03,6.53e+02; 1.77e+03,1.76e+03,1.66e+03,8.89e+02; 1.88e+03,1.87e+03,1.77e+03,9.99e+02; 1.99e+03,1.98e+03,1.90e+03,1.09e+03; 2.10e+03,2.09e+03,2.03e+03,1.17e+03; 2.20e+03,2.19e+03,2.13e+03,1.31e+03; 2.38e+03,2.38e+03,2.32e+03,1.18e+03; 2.40e+03,2.39e+03,2.33e+03,1.57e+03; 2.51e+03,2.50e+03,2.44e+03,1.66e+03; 2.56e+03,2.55e+03,2.49e+03,1.96e+03; 2.65e+03,2.64e+03,2.57e+03,2.14e+03; 2.76e+03,2.75e+03,2.68e+03,2.24e+03; 2.87e+03,2.86e+03,2.81e+03,2.32e+03; 2.98e+03,2.97e+03,2.92e+03,2.43e+03; 3.09e+03,3.08e+03,3.04e+03,2.51e+03; 3.19e+03,3.19e+03,3.14e+03,2.64e+03; 3.29e+03,3.28e+03,3.23e+03,2.79e+03; 3.38e+03,3.37e+03,3.31e+03,2.97e+03; 3.48e+03,3.48e+03,3.42e+03,3.08e+03; 3.59e+03,3.59e+03,3.53e+03,3.19e+03; 3.70e+03,3.69e+03,3.65e+03,3.29e+03; 3.81e+03,3.80e+03,3.76e+03,3.39e+03; 3.94e+03,3.93e+03,3.89e+03,3.45e+03; 4.03e+03,4.02e+03,3.98e+03,3.60e+03; 4.15e+03,4.15e+03,4.10e+03,3.67e+03; 4.24e+03,4.23e+03,4.18e+03,3.86e+03; 4.34e+03,4.34e+03,4.29e+03,3.97e+03; 4.45e+03,4.44e+03,4.40e+03,4.08e+03; 4.56e+03,4.55e+03,4.51e+03,4.19e+03; 4.66e+03,4.66e+03,4.62e+03,4.31e+03; 4.77e+03,4.77e+03,4.73e+03,4.41e+03; 4.89e+03,4.89e+03,4.84e+03,4.50e+03; 5.00e+03,5.00e+03,4.95e+03,4.61e+03; 5.10e+03,5.09e+03,5.05e+03,4.74e+03; 5.21e+03,5.20e+03,5.15e+03,4.85e+03; 5.32e+03,5.31e+03,5.26e+03,4.96e+03; 5.42e+03,5.42e+03,5.38e+03,5.07e+03; 5.53e+03,5.53e+03,5.49e+03,5.17e+03; 5.65e+03,5.65e+03,5.61e+03,5.24e+03; 5.75e+03,5.75e+03,5.71e+03,5.38e+03; 5.88e+03,5.88e+03,5.84e+03,5.42e+03; 5.97e+03,5.96e+03,5.93e+03,5.60e+03; 6.08e+03,6.07e+03,6.03e+03,5.71e+03; 6.19e+03,6.18e+03,6.14e+03,5.82e+03; 6.30e+03,6.29e+03,6.25e+03,5.93e+03; 6.40e+03,6.40e+03,6.36e+03,6.03e+03; 6.51e+03,6.51e+03,6.47e+03,6.14e+03; 6.62e+03,6.62e+03,6.58e+03,6.25e+03; 6.74e+03,6.74e+03,6.70e+03,6.33e+03; 6.84e+03,6.83e+03,6.79e+03,6.48e+03; 6.95e+03,6.94e+03,6.90e+03,6.59e+03; 7.05e+03,7.05e+03,7.01e+03,6.70e+03","63,63,63,63,63,63,63,63,63,63,63,63,63,63,63,63,63,63,63,15,63,63,15,63,63,63,31,57,15,15,63,63,63,57,63,31,57,15,63,63,15,63,63,15,15,63,63,57,63,63,63,57,31,63,57,63,31,57,57,31,15,31,15,63"
256,26.11,23.04,"13.20,15.39,16.73,17.71,18.44,19.04,19.55,19.99,20.63,21.02,21.46,21.92,22.30,22.65,22.89,23.11,23.57,23.77,23.95,24.25,24.51,24.79,24.84,25.08,25.29,25.31,25.66,25.81,25.95,26.11,26.29,26.37,26.64,26.89,27.10,27.68,27.28,27.63,27.36,27.99,28.04,28.17,28.08,28.45,28.73,29.06,29.23,28.20,28.53,28.56,29.18,29.40,29.76,29.85,30.34,30.12,29.94,29.80,30.93,31.41,31.46,30.64,30.67,31.69","8.66e+01,7.45e+01,7.24e+01,6.47e-03","15,15,15,15","2.90e+02; 5.80e+02; 8.69e+02; 1.16e+03; 1.45e+03; 1.47e+03,2.66e+02; 1.56e+03,4.66e+02; 1.67e+03,6.49e+02; 1.67e+03,9.43e+02; 1.80e+03,1.09e+03; 2.05e+03,1.14e+03; 2.07e+03,1.40e+03; 2.21e+03,1.56e+03; 2.34e+03,1.71e+03; 2.49e+03,1.86e+03; 2.63e+03,2.01e+03; 2.72e+03,2.20e+03; 2.88e+03,2.34e+03; 3.08e+03,2.43e+03; 3.15e+03,2.65e+03; 3.29e+03,2.79e+03; 3.44e+03,2.94e+03; 3.58e+03,3.09e+03; 3.72e+03,3.23e+03; 3.87e+03,3.38e+03; 4.02e+03,3.52e+03; 4.16e+03,3.67e+03; 4.28e+03,3.84e+03; 4.42e+03,3.98e+03; 4.56e+03,4.13e+03; 4.71e+03,4.27e+03; 4.85e+03,4.42e+03; 5.00e+03,4.57e+03; 5.14e+03,4.72e+03; 5.31e+03,4.84e+03; 5.41e+03,5.02e+03; 5.56e+03,5.17e+03; 5.41e+03,5.02e+03,5.88e+02; 5.84e+03,5.46e+03; 5.98e+03,5.61e+03; 6.13e+03,5.75e+03; 6.06e+03,5.66e+03,4.54e+02; 6.41e+03,6.05e+03; 6.54e+03,6.21e+03; 6.69e+03,6.36e+03; 6.83e+03,6.50e+03; 6.97e+03,6.65e+03; 7.12e+03,6.79e+03; 7.26e+03,6.94e+03; 7.41e+03,7.08e+03; 7.55e+03,7.24e+03; 7.68e+03,7.39e+03; 7.82e+03,7.54e+03; 7.96e+03,7.69e+03; 8.11e+03,7.83e+03; 8.25e+03,7.98e+03; 6.53e+03,6.26e+03,2.15e+03,1.57e+03; 8.54e+03,8.27e+03; 8.67e+03,8.43e+03; 8.33e+03,8.11e+03,6.63e+02,2.82e+02; 8.95e+03,8.73e+03; 7.15e+03,6.94e+03,3.88e+03; 8.95e+03,8.74e+03,5.71e+02; 9.37e+03,9.16e+03,1.33e+01","48,48,48,48,48,48,48,48,48,48,48,48,0,48,48,0,48,0,0,6,6,0,6,54,0,0,48,0,6,0,48,6,48,6,6,0,54,54,6,48,48,48,54,54,6,0,48,54,6,6,48,54,0,48,48,54,48,0,48,0,54,0,54,54"
257,29.58,25.43,"12.99,15.18,16.48,17.51,18.56,19.38,20.06,20.83,21.67,22.48,23.28,24.02,24.63,25.17,25.65,26.18,26.53,26.92,27.41,27.91,28.32,28.72,28.99,29.27,29.53,29.78,30.07,30.19,30.53,30.94,31.39,31.53,31.73,31.76,32.05,32.20,32.59,32.76,32.78,33.21,33.03,33.25,33.82,33.73,34.16,34.09,34.56,34.66,34.94,34.99,35.17,35.43,35.05,35.25,35.53,36.31,36.57,36.43,36.36,36.68,36.51,36.86,37.25,37.57","4.50e+01,4.45e+01,3.53e+01,2.29e+01","11,0,0,11","1.83e+02; 3.66e+02; 5.49e+02; 4.65e+02,2.67e+02; 5.35e+02,3.81e+02; 6.17e+02,4.81e+02; 7.04e+02,5.78e+02; 6.40e+02,5.19e+02,3.06e+02; 7.01e+02,5.75e+02,3.73e+02; 7.52e+02,6.22e+02,4.57e+02; 8.03e+02,6.70e+02,5.41e+02; 8.56e+02,7.20e+02,6.22e+02; 9.11e+02,7.71e+02,6.98e+02; 9.67e+02,8.25e+02,7.72e+02; 1.02e+03,8.78e+02,8.47e+02; 1.08e+03,9.30e+02,9.24e+02; 1.14e+03,9.90e+02,9.86e+02; 1.20e+03,1.05e+03,1.04e+03; 1.26e+03,1.12e+03,1.10e+03; 1.32e+03,1.19e+03,1.15e+03; 1.38e+03,1.26e+03,1.21e+03; 1.43e+03,1.33e+03,1.27e+03; 1.49e+03,1.39e+03,1.33e+03; 1.55e+03,1.46e+03,1.38e+03; 1.61e+03,1.51e+03,1.45e+03; 1.68e+03,1.57e+03,1.51e+03; 1.74e+03,1.63e+03,1.58e+03; 1.80e+03,1.69e+03,1.64e+03; 1.91e+03,1.76e+03,1.64e+03; 1.91e+03,1.82e+03,1.76e+03; 2.03e+03,1.90e+03,1.75e+03; 2.11e+03,1.96e+03,1.80e+03; 2.17e+03,2.02e+03,1.85e+03; 2.23e+03,2.08e+03,1.91e+03; 2.32e+03,2.16e+03,1.94e+03; 2.25e+03,2.17e+03,2.10e+03,7.17e+01; 2.39e+03,2.26e+03,2.12e+03; 2.49e+03,2.32e+03,2.15e+03; 2.56e+03,2.40e+03,2.19e+03; 2.62e+03,2.46e+03,2.23e+03,1.75e+01; 2.71e+03,2.53e+03,2.27e+03; 2.79e+03,2.59e+03,2.32e+03; 2.86e+03,2.67e+03,2.35e+03; 2.95e+03,2.78e+03,2.29e+03,3.00e+01; 3.10e+03,2.93e+03,2.21e+03; 3.05e+03,2.87e+03,2.50e+03; 3.01e+03,2.83e+03,2.45e+03,3.22e+02; 3.03e+03,2.86e+03,2.45e+03,4.59e+02; 3.04e+03,2.89e+03,2.45e+03,6.00e+02; 3.05e+03,2.89e+03,2.48e+03,7.33e+02; 3.21e+03,3.06e+03,2.61e+03,4.63e+02; 3.22e+03,3.06e+03,2.41e+03,8.34e+02; 3.29e+03,3.12e+03,2.58e+03,7.23e+02; 3.29e+03,3.13e+03,2.67e+03,7.92e+02; 3.40e+03,3.23e+03,2.63e+03,8.12e+02; 3.40e+03,3.23e+03,2.59e+03,1.04e+03; 3.44e+03,3.27e+03,2.62e+03,1.10e+03; 3.50e+03,3.33e+03,2.66e+03,1.13e+03; 3.40e+03,3.27e+03,2.77e+03,1.37e+03; 3.66e+03,3.50e+03,2.56e+03,1.26e+03; 3.67e+03,3.51e+03,2.83e+03,1.16e+03; 3.51e+03,3.38e+03,3.03e+03,1.44e+03; 3.79e+03,3.62e+03,2.86e+03,1.26e+03; 3.78e+03,3.62e+03,2.83e+03,1.49e+03","55,55,55,16,16,16,16,55,55,55,55,55,55,55,55,55,55,55,55,55,55,55,55,55,16,55,16,32,55,55,55,32,32,55,55,16,7,16,55,7,16,55,55,32,55,16,55,55,55,7,55,16,16,16,55,55,16,55,32,16,16,16,55,55"
258,24.85,22.64,"11.66,14.07,15.51,16.47,17.10,17.76,18.50,19.10,19.53,20.00,20.37,20.94,21.40,21.85,22.25,22.57,22.79,23.08,23.38,23.69,24.00,24.25,24.49,24.95,25.13,25.37,25.56,25.70,26.00,26.33,26.60,26.95,27.07,26.66,26.96,27.60,27.66,28.01,27.75,27.96,28.46,28.02,28.29,28.68,29.00,28.86,29.05,29.15,29.29,29.36,29.66,29.85,30.19,30.56,30.34,30.50,30.50,30.50,30.62,31.08,30.84,31.61,31.23,31.26","1.90e+01,1.87e+01,2.21e+00,1.41e-03","11,0,0,11","4.94e+01; 9.89e+01; 1.48e+02; 1.98e+02; 2.40e+02,6.95e+00; 1.97e+02,9.98e+01; 2.11e+02,1.35e+02; 2.31e+02,1.65e+02; 2.57e+02,1.88e+02,3.52e-02; 2.84e+02,2.11e+02; 2.95e+02,2.20e+02,2.85e+01; 3.36e+02,2.58e+02; 3.57e+02,2.86e+02; 3.79e+02,3.14e+02; 4.01e+02,3.40e+02; 4.25e+02,3.67e+02; 4.50e+02,3.90e+02; 4.76e+02,4.14e+02; 5.01e+02,4.39e+02; 5.26e+02,4.62e+02; 5.34e+02,4.62e+02,4.17e+01; 5.30e+02,4.58e+02,9.92e+01; 5.10e+02,4.43e+02,1.83e+02; 4.94e+02,4.29e+02,2.64e+02; 5.05e+02,4.38e+02,2.93e+02; 5.24e+02,4.56e+02,3.06e+02; 6.12e+02,4.66e+02,2.57e+02; 6.53e+02,4.83e+02,2.48e+02; 6.44e+02,4.94e+02,2.95e+02; 6.71e+02,4.92e+02,3.20e+02; 6.80e+02,4.93e+02,3.59e+02; 6.83e+02,4.94e+02,4.05e+02; 7.03e+02,5.09e+02,4.20e+02; 6.52e+02,4.94e+02,3.88e+02,1.48e+02; 6.85e+02,4.68e+02,4.56e+02,1.22e+02; 7.77e+02,5.42e+02,4.61e+02; 8.08e+02,5.36e+02,4.85e+02; 8.08e+02,5.65e+02,5.06e+02; 7.73e+02,5.56e+02,5.11e+02,8.85e+01; 7.62e+02,5.56e+02,5.28e+02,1.32e+02; 8.68e+02,6.04e+02,5.55e+02; 7.89e+02,5.33e+02,4.58e+02,2.96e+02; 8.44e+02,5.80e+02,4.92e+02,2.10e+02; 9.94e+02,7.15e+02,4.67e+02; 9.93e+02,7.10e+02,5.21e+02; 8.65e+02,6.34e+02,5.85e+02,1.89e+02; 8.67e+02,6.43e+02,5.60e+02,2.53e+02; 8.37e+02,6.41e+02,5.77e+02,3.19e+02; 8.94e+02,6.85e+02,5.78e+02,2.65e+02; 9.09e+02,6.88e+02,5.11e+02,3.64e+02; 9.88e+02,6.75e+02,5.96e+02,2.64e+02; 1.14e+03,9.04e+02,5.32e+02; 1.13e+03,8.90e+02,5.97e+02; 1.13e+03,9.11e+02,6.31e+02; 9.49e+02,7.62e+02,5.98e+02,4.10e+02; 1.00e+03,8.19e+02,5.83e+02,3.63e+02; 9.83e+02,8.06e+02,6.12e+02,4.18e+02; 9.73e+02,7.10e+02,6.89e+02,4.96e+02; 1.09e+03,8.82e+02,5.39e+02,4.09e+02; 1.28e+03,1.08e+03,6.04e+02; 1.06e+03,8.85e+02,6.62e+02,4.12e+02; 1.28e+03,1.10e+03,6.85e+02; 1.11e+03,9.39e+02,6.33e+02,4.29e+02; 1.13e+03,9.52e+02,6.45e+02,4.41e+02","55,55,55,55,55,23,23,23,55,55,55,55,23,23,23,23,55,55,55,55,55,55,55,55,55,55,23,23,55,55,55,55,7,39,55,23,55,7,55,55,23,23,55,55,39,55,55,55,23,23,55,55,23,55,55,55,7,7,23,55,39,55,23,39"
266,0.11,0.10,"0.00,0.00,0.01,0.01,0.01,0.01,0.02,0.02,0.03,0.03,0.04,0.05,0.06,0.07,0.07,0.08,0.09,0.10,0.11,0.13,0.15,0.16,0.16,0.18,0.18,0.19,0.21,0.24,0.26,0.27,0.28,0.29,0.30,0.31,0.33,0.36,0.38,0.39,0.40,0.42,0.42,0.43,0.45,0.48,0.51,0.53,0.54,0.55,0.56,0.57,0.58,0.61,0.64,0.66,0.67,0.68,0.69,0.70,0.72,0.74,0.77,0.79,0.80,0.81","1.13e-05,7.78e-10,1.59e-10,1.24e-10","9,9,9,9",1.40e-05; 2.80e-05; 4.21e-05; 5.61e-05; 7.01e-05; 8.41e-05; 9.81e-05; 1.12e-04; 1.26e-04; 1.40e-04; 1.54e-04; 1.68e-04; 1.82e-04; 1.96e-04; 2.10e-04; 2.24e-04; 2.38e-04; 2.52e-04; 2.66e-04; 2.80e-04; 2.94e-04; 3.08e-04; 3.22e-04; 3.36e-04; 3.51e-04; 3.65e-04; 3.79e-04; 3.93e-04; 4.07e-04; 4.21e-04; 4.35e-04; 4.49e-04; 4.63e-04; 4.77e-04; 4.91e-04; 5.05e-04; 5.19e-04; 5.33e-04; 5.47e-04; 5.61e-04; 5.75e-04; 5.89e-04; 6.03e-04; 6.17e-04; 6.31e-04; 6.45e-04; 6.59e-04; 6.73e-04; 6.87e-04; 7.01e-04; 7.15e-04; 7.29e-04; 7.43e-04; 7.57e-04; 7.71e-04; 7.85e-04; 7.99e-04; 8.13e-04; 8.27e-04; 8.41e-04; 8.55e-04; 8.69e-04; 8.83e-04; 8.97e-04,"24,24,24,24,24,30,24,24,30,24,24,24,24,30,24,24,30,24,24,24,24,30,30,24,30,24,24,24,24,24,30,24,30,24,24,24,24,24,30,24,30,30,24,24,24,24,30,30,24,30,24,24,24,24,30,30,24,30,30,24,24,24,24,30"
267,0.15,0.11,"0.00,0.01,0.02,0.03,0.04,0.05,0.07,0.08,0.10,0.13,0.15,0.18,0.21,0.23,0.26,0.28,0.31,0.35,0.38,0.42,0.45,0.48,0.51,0.54,0.57,0.61,0.65,0.69,0.72,0.76,0.79,0.82,0.85,0.89,0.93,0.96,1.00,1.03,1.07,1.10,1.13,1.16,1.20,1.23,1.27,1.30,1.33,1.36,1.39,1.42,1.45,1.49,1.52,1.55,1.58,1.61,1.63,1.66,1.69,1.72,1.75,1.78,1.81,1.84","1.43e-05,9.77e-10,4.01e-10,2.58e-10","4,4,4,4",1.78e-05; 3.56e-05; 5.33e-05; 7.11e-05; 8.89e-05; 1.07e-04; 1.24e-04; 1.42e-04; 1.60e-04; 1.78e-04; 1.96e-04; 2.13e-04; 2.31e-04; 2.49e-04; 2.67e-04; 2.84e-04; 3.02e-04; 3.20e-04; 3.38e-04; 3.56e-04; 3.73e-04; 3.91e-04; 4.09e-04; 4.27e-04; 4.44e-04; 4.62e-04; 4.80e-04; 4.98e-04; 5.15e-04; 5.33e-04; 5.51e-04; 5.69e-04; 5.87e-04; 6.04e-04; 6.22e-04; 6.40e-04; 6.58e-04; 6.75e-04; 6.93e-04; 7.11e-04; 7.29e-04; 7.47e-04; 7.64e-04; 7.82e-04; 8.00e-04; 8.18e-04; 8.35e-04; 8.53e-04; 8.71e-04; 8.89e-04; 9.07e-04; 9.24e-04; 9.42e-04; 9.60e-04; 9.78e-04; 9.95e-04; 1.01e-03; 1.03e-03; 1.05e-03; 1.07e-03; 1.08e-03; 1.10e-03; 1.12e-03; 1.14e-03,"32,32,32,32,32,32,32,32,32,32,32,32,32,32,32,32,32,32,32,32,32,32,32,32,32,32,32,32,32,32,32,32,32,32,32,32,32,32,32,32,32,32,32,32,32,32,32,32,32,32,32,32,32,32,32,32,32,32,32,32,32,32,32,32"
268,0.20,0.12,"0.00,0.01,0.02,0.03,0.04,0.06,0.08,0.10,0.12,0.14,0.17,0.20,0.24,0.27,0.30,0.33,0.36,0.39,0.43,0.47,0.51,0.55,0.59,0.62,0.65,0.69,0.73,0.77,0.81,0.85,0.89,0.92,0.95,0.98,1.02,1.06,1.10,1.14,1.18,1.21,1.24,1.27,1.30,1.34,1.38,1.42,1.45,1.48,1.51,1.54,1.57,1.60,1.64,1.67,1.70,1.73,1.76,1.78,1.81,1.85,1.88,1.91,1.94,1.97","1.50e-05,9.77e-10,2.22e-10,2.00e-10","1,1,1,1",1.87e-05; 3.73e-05; 5.60e-05; 7.46e-05; 9.33e-05; 1.12e-04; 1.31e-04; 1.49e-04; 1.68e-04; 1.87e-04; 2.05e-04; 2.24e-04; 2.43e-04; 2.61e-04; 2.80e-04; 2.98e-04; 3.17e-04; 3.36e-04; 3.54e-04; 3.73e-04; 3.92e-04; 4.10e-04; 4.29e-04; 4.48e-04; 4.66e-04; 4.85e-04; 5.04e-04; 5.22e-04; 5.41e-04; 5.60e-04; 5.78e-04; 5.97e-04; 6.16e-04; 6.34e-04; 6.53e-04; 6.72e-04; 6.90e-04; 7.09e-04; 7.28e-04; 7.46e-04; 7.65e-04; 7.84e-04; 8.02e-04; 8.21e-04; 8.39e-04; 8.58e-04; 8.77e-04; 8.95e-04; 9.14e-04; 9.33e-04; 9.51e-04; 9.70e-04; 9.89e-04; 1.01e-03; 1.03e-03; 1.04e-03; 1.06e-03; 1.08e-03; 1.10e-03; 1.12e-03; 1.14e-03; 1.16e-03; 1.18e-03; 1.19e-03,"32,32,32,32,32,32,32,32,32,32,32,32,32,32,32,32,32,32,32,32,32,32,32,32,32,32,32,32,32,32,32,32,32,32,32,32,32,32,32,32,32,32,32,32,32,32,32,32,32,32,32,32,32,32,32,32,32,32,32,32,32,32,32,32"
269,4.38,3.98,"0.13,0.42,0.73,1.01,1.27,1.51,1.73,1.95,2.14,2.36,2.58,2.77,2.94,3.11,3.27,3.42,3.55,3.70,3.85,3.98,4.10,4.23,4.36,4.48,4.58,4.70,4.81,4.91,5.00,5.10,5.21,5.30,5.39,5.48,5.57,5.65,5.73,5.82,5.90,5.98,6.06,6.14,6.21,6.28,6.35,6.42,6.50,6.57,6.63,6.70,6.77,6.83,6.89,6.95,7.02,7.09,7.15,7.21,7.27,7.33,7.38,7.43,7.49,7.55","1.60e-03,9.10e-08,5.22e-08,3.84e-08","5,5,5,5","1.98e-03; 3.96e-03; 5.94e-03; 7.92e-03; 9.90e-03; 1.19e-02; 1.39e-02; 1.58e-02; 1.78e-02; 1.98e-02; 2.18e-02; 2.38e-02; 2.56e-02,1.48e-04; 2.67e-02,9.91e-04; 2.69e-02,2.81e-03; 2.78e-02,3.91e-03; 2.85e-02,5.13e-03; 2.97e-02,5.96e-03; 3.12e-02,6.40e-03; 3.29e-02,6.68e-03; 3.45e-02,7.11e-03; 3.57e-02,7.88e-03; 3.67e-02,8.82e-03; 3.78e-02,9.75e-03; 3.87e-02,1.08e-02; 3.98e-02,1.17e-02; 4.12e-02,1.22e-02; 4.28e-02,1.26e-02; 4.44e-02,1.31e-02; 4.56e-02,1.38e-02; 4.67e-02,1.47e-02; 4.78e-02,1.56e-02; 4.87e-02,1.66e-02; 4.98e-02,1.76e-02; 5.11e-02,1.82e-02; 5.26e-02,1.87e-02; 5.41e-02,1.92e-02; 5.54e-02,1.99e-02; 5.64e-02,2.08e-02; 5.74e-02,2.18e-02; 5.83e-02,2.29e-02; 5.93e-02,2.38e-02; 6.06e-02,2.46e-02; 6.20e-02,2.52e-02; 6.34e-02,2.57e-02; 6.46e-02,2.65e-02; 6.57e-02,2.74e-02; 6.67e-02,2.84e-02; 6.75e-02,2.95e-02; 6.84e-02,3.06e-02; 6.94e-02,3.16e-02; 7.08e-02,3.22e-02; 7.21e-02,3.28e-02; 7.34e-02,3.36e-02; 7.44e-02,3.46e-02; 7.53e-02,3.56e-02; 7.62e-02,3.67e-02; 7.71e-02,3.77e-02; 7.82e-02,3.86e-02; 7.95e-02,3.94e-02; 8.08e-02,4.00e-02; 8.20e-02,4.08e-02; 8.30e-02,4.18e-02; 8.39e-02,4.29e-02","17,17,17,17,17,17,17,17,17,17,17,17,17,17,17,17,17,17,17,17,17,17,17,17,17,17,17,17,17,17,17,17,17,17,17,17,17,17,17,17,17,17,17,17,17,17,17,17,17,32,32,17,17,17,17,17,17,17,17,17,17,17,17,17"
270,6.03,5.64,"0.42,1.08,1.64,2.09,2.46,2.76,3.04,3.31,3.59,3.88,4.14,4.37,4.58,4.78,4.96,5.12,5.29,5.47,5.63,5.79,5.93,6.08,6.23,6.35,6.47,6.60,6.71,6.81,6.91,7.01,7.11,7.20,7.30,7.40,7.51,7.60,7.69,7.79,7.89,7.97,8.05,8.13,8.21,8.27,8.34,8.40,8.47,8.54,8.61,8.69,8.77,8.84,8.90,8.97,9.05,9.12,9.17,9.24,9.29,9.35,9.39,9.44,9.50,9.55","5.19e-03,3.18e-07,1.64e-07,1.19e-07","5,5,5,5","6.44e-03; 1.29e-02; 1.93e-02; 2.58e-02; 3.22e-02; 3.84e-02,2.68e-04; 3.87e-02,6.39e-03; 4.04e-02,1.12e-02; 4.33e-02,1.47e-02; 4.81e-02,1.64e-02; 5.40e-02,1.69e-02; 5.99e-02,1.75e-02; 6.47e-02,1.91e-02; 6.83e-02,2.19e-02; 7.12e-02,2.54e-02; 7.40e-02,2.91e-02; 7.74e-02,3.21e-02; 8.17e-02,3.43e-02; 8.70e-02,3.55e-02; 9.26e-02,3.63e-02; 9.73e-02,3.81e-02; 1.01e-01,4.12e-02; 1.03e-01,4.52e-02; 1.05e-01,4.95e-02; 1.08e-01,5.27e-02; 1.12e-01,5.54e-02; 1.17e-01,5.71e-02; 1.22e-01,5.82e-02; 1.27e-01,5.94e-02; 1.32e-01,6.16e-02; 1.35e-01,6.46e-02; 1.38e-01,6.80e-02; 1.41e-01,7.15e-02; 1.45e-01,7.45e-02; 1.49e-01,7.64e-02; 1.54e-01,7.79e-02; 1.59e-01,7.99e-02; 1.62e-01,8.33e-02; 1.64e-01,8.78e-02; 1.65e-01,9.24e-02; 1.69e-01,9.56e-02; 1.72e-01,9.86e-02; 1.76e-01,1.01e-01; 1.81e-01,1.03e-01; 1.86e-01,1.04e-01; 1.90e-01,1.06e-01; 1.94e-01,1.09e-01; 1.97e-01,1.13e-01; 1.99e-01,1.17e-01; 2.02e-01,1.20e-01; 2.07e-01,1.22e-01; 2.11e-01,1.24e-01; 2.15e-01,1.26e-01; 2.18e-01,1.30e-01; 2.21e-01,1.34e-01; 2.22e-01,1.39e-01; 2.25e-01,1.42e-01; 2.29e-01,1.45e-01; 2.33e-01,1.48e-01; 2.37e-01,1.50e-01; 2.42e-01,1.52e-01; 2.46e-01,1.54e-01; 2.49e-01,1.57e-01; 2.52e-01,1.61e-01","16,16,32,32,32,32,32,32,16,16,16,16,16,16,16,16,32,32,32,32,32,32,32,32,16,16,16,16,16,16,16,16,32,32,32,32,32,32,32,32,16,16,16,16,16,16,16,16,32,32,32,32,32,32,32,32,16,16,16,16,16,16,16,16"
271,0.37,0.20,"0.00,0.01,0.01,0.03,0.04,0.05,0.07,0.09,0.10,0.12,0.15,0.18,0.21,0.24,0.27,0.30,0.32,0.35,0.39,0.42,0.46,0.50,0.53,0.56,0.59,0.62,0.66,0.70,0.74,0.77,0.81,0.84,0.87,0.90,0.93,0.97,1.01,1.05,1.08,1.11,1.14,1.17,1.20,1.24,1.27,1.31,1.34,1.37,1.40,1.42,1.45,1.49,1.52,1.56,1.59,1.62,1.64,1.66,1.69,1.72,1.75,1.79,1.82,1.84","2.02e-05,1.66e-09,5.66e-10,4.36e-10","5,5,5,5",2.51e-05; 5.02e-05; 7.53e-05; 1.00e-04; 1.25e-04; 1.51e-04; 1.76e-04; 2.01e-04; 2.26e-04; 2.51e-04; 2.76e-04; 3.01e-04; 3.26e-04; 3.51e-04; 3.76e-04; 4.02e-04; 4.27e-04; 4.52e-04; 4.77e-04; 5.02e-04; 5.27e-04; 5.52e-04; 5.77e-04; 6.02e-04; 6.27e-04; 6.53e-04; 6.78e-04; 7.03e-04; 7.28e-04; 7.53e-04; 7.78e-04; 8.03e-04; 8.28e-04; 8.53e-04; 8.78e-04; 9.04e-04; 9.29e-04; 9.54e-04; 9.79e-04; 1.00e-03; 1.03e-03; 1.05e-03; 1.08e-03; 1.10e-03; 1.13e-03; 1.15e-03; 1.18e-03; 1.20e-03; 1.23e-03; 1.25e-03; 1.28e-03; 1.31e-03; 1.33e-03; 1.36e-03; 1.38e-03; 1.41e-03; 1.43e-03; 1.46e-03; 1.48e-03; 1.51e-03; 1.53e-03; 1.56e-03; 1.58e-03; 1.61e-03,"24,24,24,24,24,24,24,24,24,24,24,24,24,24,24,24,24,24,24,24,24,24,24,24,24,24,24,24,24,24,24,24,24,24,24,24,24,24,24,24,24,24,24,24,24,24,24,24,24,24,24,24,24,24,24,24,24,24,24,24,24,24,24,24"
272,0.81,0.74,"0.01,0.04,0.08,0.13,0.18,0.24,0.30,0.36,0.43,0.51,0.60,0.68,0.77,0.84,0.91,0.97,1.05,1.12,1.21,1.29,1.37,1.44,1.50,1.56,1.62,1.69,1.76,1.83,1.90,1.96,2.02,2.07,2.12,2.18,2.25,2.31,2.37,2.42,2.47,2.52,2.57,2.62,2.67,2.73,2.78,2.83,2.87,2.91,2.95,3.00,3.05,3.10,3.15,3.19,3.23,3.27,3.31,3.35,3.39,3.44,3.48,3.52,3.56,3.60","5.50e-05,3.70e-09,1.79e-09,6.69e-10","4,4,4,4","6.83e-05; 1.37e-04; 2.05e-04; 2.73e-04; 3.42e-04; 4.10e-04; 4.78e-04; 5.47e-04; 6.15e-04; 6.83e-04; 7.52e-04; 8.20e-04; 8.88e-04; 9.57e-04; 1.02e-03; 1.09e-03; 1.16e-03; 1.23e-03; 1.30e-03; 1.37e-03; 1.43e-03; 1.50e-03; 1.57e-03; 1.64e-03; 1.71e-03; 1.78e-03; 1.84e-03; 1.91e-03; 1.98e-03; 2.05e-03; 2.12e-03; 2.19e-03; 2.25e-03; 2.32e-03; 2.39e-03; 2.46e-03; 2.53e-03; 2.60e-03; 2.66e-03; 2.73e-03; 2.80e-03; 2.87e-03; 2.94e-03; 3.01e-03; 3.07e-03; 3.14e-03; 3.21e-03; 3.28e-03; 3.35e-03; 3.39e-03,2.50e-05; 3.45e-03,3.58e-05; 3.52e-03,3.70e-05; 3.58e-03,3.73e-05; 3.64e-03,4.84e-05; 3.68e-03,7.41e-05; 3.71e-03,1.17e-04; 3.73e-03,1.60e-04; 3.77e-03,1.89e-04; 3.83e-03,2.02e-04; 3.90e-03,2.03e-04; 3.97e-03,2.03e-04; 3.89e-03,3.50e-04; 3.92e-03,3.88e-04; 3.93e-03,4.43e-04","24,24,24,24,24,24,24,24,24,24,24,24,24,24,24,24,24,24,24,24,24,24,24,24,24,24,24,24,24,24,24,24,24,24,24,24,24,24,24,24,24,24,24,24,24,24,24,24,24,24,24,24,24,24,24,24,24,24,24,24,24,24,24,24"
273,0.76,0.56,"0.01,0.03,0.06,0.09,0.14,0.18,0.22,0.27,0.33,0.40,0.47,0.54,0.61,0.67,0.73,0.78,0.85,0.92,0.99,1.06,1.12,1.19,1.24,1.29,1.35,1.41,1.48,1.54,1.60,1.66,1.70,1.75,1.80,1.86,1.92,1.97,2.02,2.07,2.12,2.16,2.20,2.25,2.30,2.35,2.40,2.45,2.48,2.52,2.56,2.61,2.65,2.70,2.74,2.78,2.81,2.85,2.88,2.92,2.96,3.01,3.04,3.08,3.11,3.14","5.00e-05,3.21e-09,1.98e-09,1.03e-09","1,1,1,1",6.21e-05; 1.24e-04; 1.86e-04; 2.48e-04; 3.10e-04; 3.72e-04; 4.34e-04; 4.97e-04; 5.59e-04; 6.21e-04; 6.83e-04; 7.45e-04; 8.07e-04; 8.69e-04; 9.31e-04; 9.93e-04; 1.06e-03; 1.12e-03; 1.18e-03; 1.24e-03; 1.30e-03; 1.37e-03; 1.43e-03; 1.49e-03; 1.55e-03; 1.61e-03; 1.68e-03; 1.74e-03; 1.80e-03; 1.86e-03; 1.92e-03; 1.99e-03; 2.05e-03; 2.11e-03; 2.17e-03; 2.23e-03; 2.30e-03; 2.36e-03; 2.42e-03; 2.48e-03; 2.54e-03; 2.61e-03; 2.67e-03; 2.73e-03; 2.79e-03; 2.85e-03; 2.92e-03; 2.98e-03; 3.04e-03; 3.10e-03; 3.17e-03; 3.23e-03; 3.29e-03; 3.35e-03; 3.41e-03; 3.48e-03; 3.54e-03; 3.60e-03; 3.66e-03; 3.72e-03; 3.79e-03; 3.85e-03; 3.91e-03; 3.97e-03,"24,24,24,24,24,24,24,24,24,24,24,24,24,24,24,24,24,24,24,24,24,24,24,24,24,24,24,24,24,24,24,24,24,24,24,24,24,24,24,24,24,24,24,24,24,24,24,24,24,24,24,24,24,24,24,24,24,24,24,24,24,24,24,24"
274,12.34,11.77,"4.99,7.27,8.68,9.66,10.37,10.89,11.27,11.55,11.82,12.13,12.46,12.79,13.11,13.40,13.64,13.87,14.12,14.37,14.63,14.88,15.13,15.36,15.59,15.80,16.02,16.24,16.45,16.65,16.85,17.04,17.23,17.42,17.61,17.79,17.97,18.14,18.30,18.46,18.63,18.79,18.95,19.11,19.27,19.41,19.55,19.69,19.83,19.97,20.12,20.26,20.40,20.52,20.64,20.77,20.89,21.02,21.15,21.27,21.39,21.51,21.62,21.72,21.83,21.93","2.26e-01,6.25e-02,9.99e-06,6.54e-06","0,0,0,0","3.58e-01; 7.16e-01; 1.07e+00; 1.43e+00; 1.79e+00; 2.15e+00; 2.51e+00; 2.86e+00; 3.03e+00,1.94e-01; 3.18e+00,4.06e-01; 3.31e+00,6.24e-01; 3.45e+00,8.44e-01; 3.57e+00,1.08e+00; 3.71e+00,1.30e+00; 3.67e+00,1.31e+00,3.96e-01; 3.66e+00,1.36e+00,7.09e-01; 3.66e+00,1.42e+00,1.01e+00; 3.74e+00,1.54e+00,1.16e+00; 3.85e+00,1.68e+00,1.28e+00; 3.98e+00,1.83e+00,1.36e+00; 4.10e+00,1.99e+00,1.43e+00; 4.19e+00,2.12e+00,1.56e+00; 4.26e+00,2.22e+00,1.76e+00; 4.32e+00,2.31e+00,1.97e+00; 4.38e+00,2.39e+00,2.18e+00; 4.47e+00,2.53e+00,2.31e+00; 4.58e+00,2.64e+00,2.45e+00; 4.71e+00,2.76e+00,2.56e+00; 4.83e+00,2.90e+00,2.66e+00; 4.94e+00,3.04e+00,2.76e+00; 5.03e+00,3.16e+00,2.91e+00; 5.11e+00,3.24e+00,3.10e+00; 5.20e+00,3.37e+00,3.25e+00; 5.30e+00,3.52e+00,3.36e+00; 5.41e+00,3.60e+00,3.52e+00; 5.53e+00,3.71e+00,3.66e+00; 5.65e+00,3.84e+00,3.76e+00; 5.76e+00,3.99e+00,3.85e+00; 5.87e+00,4.11e+00,3.99e+00; 5.96e+00,4.19e+00,4.17e+00; 6.05e+00,4.38e+00,4.24e+00; 6.16e+00,4.53e+00,4.36e+00; 6.27e+00,4.63e+00,4.50e+00; 6.39e+00,4.74e+00,4.63e+00; 6.51e+00,4.85e+00,4.75e+00; 6.63e+00,4.98e+00,4.86e+00; 6.73e+00,5.10e+00,4.99e+00; 6.83e+00,5.24e+00,5.11e+00; 6.93e+00,5.41e+00,5.20e+00; 7.04e+00,5.55e+00,5.32e+00; 7.15e+00,5.67e+00,5.45e+00; 7.27e+00,5.78e+00,5.57e+00; 7.39e+00,5.89e+00,5.70e+00; 7.50e+00,6.01e+00,5.83e+00; 7.61e+00,6.13e+00,5.95e+00; 7.72e+00,6.27e+00,6.06e+00; 7.82e+00,6.43e+00,6.17e+00; 7.92e+00,6.56e+00,6.28e+00; 8.04e+00,6.69e+00,6.40e+00; 8.15e+00,6.80e+00,6.53e+00; 8.27e+00,6.91e+00,6.66e+00; 8.39e+00,7.03e+00,6.78e+00; 8.50e+00,7.16e+00,6.90e+00; 8.59e+00,7.26e+00,6.99e+00,7.81e-02","32,32,32,32,32,32,32,32,32,32,32,32,32,32,32,32,32,32,32,32,32,32,32,32,32,32,32,32,32,32,32,32,32,32,32,32,32,32,32,32,32,32,32,32,32,32,32,32,32,32,32,32,32,32,32,32,32,32,32,32,32,32,32,32"
275,12.38,11.54,"4.27,6.50,7.87,8.84,9.55,10.08,10.47,10.76,11.05,11.35,11.66,11.96,12.24,12.50,12.75,12.99,13.24,13.48,13.71,13.92,14.13,14.35,14.57,14.80,15.01,15.20,15.38,15.54,15.70,15.88,16.06,16.25,16.42,16.58,16.72,16.85,16.98,17.12,17.27,17.43,17.58,17.71,17.83,17.94,18.04,18.16,18.29,18.43,18.55,18.67,18.76,18.86,18.95,19.05,19.16,19.28,19.39,19.48,19.57,19.65,19.73,19.81,19.91,20.02","1.94e-01,6.89e-02,7.27e-03,1.06e-05","15,15,15,15","3.35e-01; 6.70e-01; 1.01e+00; 1.34e+00; 1.68e+00; 2.01e+00; 2.35e+00; 2.68e+00; 3.02e+00; 3.35e+00; 3.63e+00,5.70e-02; 3.79e+00,2.30e-01; 3.90e+00,4.53e-01; 3.94e+00,7.57e-01; 3.92e+00,1.11e+00; 3.90e+00,1.46e+00; 3.93e+00,1.76e+00; 4.04e+00,1.99e+00; 4.19e+00,2.18e+00; 4.36e+00,2.35e+00; 4.51e+00,2.53e+00; 4.64e+00,2.73e+00; 4.74e+00,2.97e+00; 4.83e+00,3.21e+00; 4.94e+00,3.44e+00; 5.07e+00,3.64e+00; 5.23e+00,3.82e+00; 5.40e+00,3.99e+00; 5.56e+00,4.16e+00; 5.71e+00,4.35e+00; 5.84e+00,4.55e+00; 5.97e+00,4.76e+00; 6.10e+00,4.96e+00; 6.25e+00,5.15e+00; 6.41e+00,5.32e+00; 6.58e+00,5.49e+00; 6.74e+00,5.66e+00; 6.90e+00,5.84e+00; 7.05e+00,6.03e+00; 7.19e+00,6.22e+00; 7.33e+00,6.41e+00; 7.49e+00,6.59e+00; 7.65e+00,6.76e+00; 7.82e+00,6.93e+00; 7.98e+00,7.10e+00; 8.14e+00,7.28e+00; 8.30e+00,7.46e+00; 8.45e+00,7.64e+00; 8.60e+00,7.83e+00; 8.76e+00,8.00e+00; 8.92e+00,8.17e+00; 9.09e+00,8.34e+00; 9.26e+00,8.51e+00; 9.42e+00,8.68e+00; 9.58e+00,8.86e+00; 9.73e+00,9.04e+00; 9.89e+00,9.22e+00; 1.00e+01,9.39e+00; 1.02e+01,9.56e+00; 1.04e+01,9.73e+00; 1.05e+01,9.90e+00; 1.07e+01,1.01e+01; 1.09e+01,1.02e+01; 1.10e+01,1.04e+01","47,47,47,47,47,47,47,47,47,47,47,47,47,47,47,47,47,47,47,47,47,47,47,47,47,47,47,47,47,47,47,47,47,47,47,47,47,47,47,47,47,47,47,47,47,47,47,47,47,47,47,47,47,47,47,47,47,47,47,47,47,47,47,47"
276,14.64,12.60,"3.25,5.44,6.81,7.76,8.46,9.04,9.58,10.12,10.52,10.96,11.42,11.87,12.30,12.69,13.03,13.33,13.55,13.82,14.16,14.47,14.76,15.02,15.27,15.50,15.69,15.89,16.12,16.35,16.57,16.77,16.95,17.13,17.29,17.46,17.63,17.81,17.99,18.15,18.30,18.44,18.58,18.72,18.86,19.01,19.16,19.29,19.41,19.54,19.66,19.78,19.89,20.02,20.15,20.26,20.37,20.48,20.58,20.69,20.79,20.90,21.02,21.12,21.22,21.31","6.33e-02,5.98e-02,3.98e-06,2.69e-06","15,4,15,4","1.53e-01; 3.06e-01; 4.58e-01; 5.89e-01,2.25e-02; 6.37e-01,1.27e-01; 7.06e-01,2.11e-01; 7.28e-01,3.41e-01; 7.80e-01,4.42e-01; 8.64e-01,5.12e-01; 9.46e-01,5.82e-01; 1.04e+00,6.43e-01; 1.09e+00,7.39e-01; 1.14e+00,8.46e-01; 1.21e+00,9.33e-01; 1.27e+00,1.02e+00; 1.36e+00,1.08e+00; 1.34e+00,1.09e+00,1.66e-01; 1.37e+00,1.12e+00,2.60e-01; 1.49e+00,1.19e+00,2.24e-01; 1.55e+00,1.24e+00,2.57e-01; 1.63e+00,1.31e+00,2.75e-01; 1.69e+00,1.37e+00,2.99e-01; 1.76e+00,1.45e+00,3.10e-01; 1.82e+00,1.51e+00,3.32e-01; 1.98e+00,1.53e+00,3.05e-01; 2.03e+00,1.53e+00,4.12e-01; 2.09e+00,1.57e+00,4.61e-01; 2.15e+00,1.63e+00,5.01e-01; 2.22e+00,1.69e+00,5.30e-01; 2.28e+00,1.74e+00,5.58e-01; 2.35e+00,1.82e+00,5.67e-01; 2.40e+00,1.89e+00,6.02e-01; 2.44e+00,1.88e+00,7.24e-01; 2.49e+00,1.89e+00,8.16e-01; 2.56e+00,1.94e+00,8.56e-01; 2.62e+00,1.99e+00,8.92e-01; 2.69e+00,2.05e+00,9.22e-01; 2.75e+00,2.10e+00,9.52e-01; 2.81e+00,2.18e+00,9.67e-01; 2.87e+00,2.24e+00,9.99e-01; 2.92e+00,2.25e+00,1.10e+00; 2.97e+00,2.27e+00,1.18e+00; 3.04e+00,2.32e+00,1.22e+00; 3.10e+00,2.37e+00,1.26e+00; 3.16e+00,2.42e+00,1.29e+00; 3.23e+00,2.48e+00,1.32e+00; 3.29e+00,2.55e+00,1.34e+00; 3.34e+00,2.62e+00,1.38e+00; 3.39e+00,2.63e+00,1.47e+00; 3.44e+00,2.65e+00,1.55e+00; 3.50e+00,2.70e+00,1.59e+00; 3.56e+00,2.75e+00,1.63e+00; 3.62e+00,2.81e+00,1.67e+00; 3.69e+00,2.86e+00,1.70e+00; 3.74e+00,2.93e+00,1.73e+00; 3.80e+00,2.99e+00,1.77e+00; 3.84e+00,3.01e+00,1.86e+00; 3.89e+00,3.04e+00,1.94e+00; 3.94e+00,3.08e+00,2.00e+00; 4.00e+00,3.13e+00,2.04e+00; 4.05e+00,3.19e+00,2.08e+00; 4.11e+00,3.24e+00,2.12e+00; 4.17e+00,3.30e+00,2.16e+00; 4.22e+00,3.35e+00,2.20e+00","39,39,39,39,39,39,25,25,39,39,39,25,25,25,25,25,39,39,39,39,39,39,25,25,25,25,39,39,39,39,25,25,25,25,39,39,39,39,25,25,25,25,39,39,39,39,25,25,25,25,39,39,39,39,25,25,25,25,25,39,39,39,39,25"
277,14.71,12.08,"2.12,4.11,5.42,6.49,7.35,8.05,8.63,9.12,9.57,10.08,10.61,11.08,11.53,11.93,12.25,12.53,12.71,12.99,13.29,13.59,13.88,14.14,14.35,14.54,14.71,15.04,15.29,15.52,15.71,15.94,16.12,16.28,16.42,16.59,16.76,16.94,17.11,17.27,17.42,17.55,17.67,17.81,17.95,18.10,18.24,18.38,18.50,18.62,18.73,18.84,18.96,19.09,19.21,19.33,19.44,19.54,19.64,19.74,19.84,19.95,20.06,20.16,20.26,20.35","6.75e-02,6.35e-02,5.83e-06,2.77e-06","3,3,5,5","1.63e-01; 3.25e-01; 3.98e-01,8.96e-02; 4.76e-01,1.74e-01; 5.60e-01,2.52e-01; 6.23e-01,3.52e-01; 6.95e-01,4.43e-01; 7.71e-01,5.30e-01; 8.50e-01,6.13e-01; 9.26e-01,7.00e-01; 1.01e+00,7.82e-01; 1.09e+00,8.63e-01; 1.16e+00,9.49e-01; 1.24e+00,1.03e+00; 1.32e+00,1.11e+00; 1.42e+00,1.18e+00; 1.38e+00,1.18e+00,2.08e-01; 1.40e+00,1.21e+00,3.10e-01; 1.46e+00,1.27e+00,3.60e-01; 1.52e+00,1.34e+00,3.94e-01; 1.59e+00,1.41e+00,4.20e-01; 1.64e+00,1.47e+00,4.68e-01; 1.68e+00,1.51e+00,5.50e-01; 1.71e+00,1.55e+00,6.40e-01; 1.74e+00,1.57e+00,7.56e-01; 2.02e+00,1.75e+00,4.60e-01; 2.22e+00,1.89e+00,2.78e-01; 2.29e+00,1.97e+00,2.91e-01; 2.23e+00,1.96e+00,5.22e-01; 2.44e+00,2.11e+00,3.27e-01; 2.50e+00,2.17e+00,3.65e-01; 2.56e+00,2.22e+00,4.16e-01; 2.60e+00,2.25e+00,5.18e-01; 2.65e+00,2.29e+00,5.87e-01; 2.70e+00,2.36e+00,6.30e-01; 2.77e+00,2.42e+00,6.64e-01; 2.83e+00,2.49e+00,6.96e-01; 2.89e+00,2.55e+00,7.33e-01; 2.95e+00,2.60e+00,7.85e-01; 3.01e+00,2.65e+00,8.43e-01; 3.06e+00,2.70e+00,9.07e-01; 3.12e+00,2.75e+00,9.60e-01; 3.18e+00,2.81e+00,9.98e-01; 3.24e+00,2.88e+00,1.03e+00; 3.31e+00,2.94e+00,1.06e+00; 3.37e+00,3.01e+00,1.10e+00; 3.43e+00,3.06e+00,1.14e+00; 3.49e+00,3.12e+00,1.19e+00; 3.55e+00,3.16e+00,1.25e+00; 3.61e+00,3.22e+00,1.30e+00; 3.67e+00,3.28e+00,1.34e+00; 3.74e+00,3.34e+00,1.38e+00; 3.80e+00,3.41e+00,1.41e+00; 3.86e+00,3.47e+00,1.44e+00; 3.92e+00,3.53e+00,1.49e+00; 3.98e+00,3.58e+00,1.54e+00; 4.04e+00,3.63e+00,1.60e+00; 4.09e+00,3.68e+00,1.66e+00; 4.15e+00,3.74e+00,1.70e+00; 4.22e+00,3.80e+00,1.73e+00; 4.28e+00,3.87e+00,1.77e+00; 4.34e+00,3.93e+00,1.81e+00; 4.40e+00,3.99e+00,1.86e+00; 4.46e+00,4.04e+00,1.91e+00","40,40,40,40,40,24,24,24,24,24,40,40,24,24,24,24,40,24,24,40,24,24,24,24,24,24,24,40,40,24,24,24,24,24,24,40,40,24,24,24,24,24,24,40,40,24,24,24,24,24,24,40,40,24,24,24,24,24,24,24,40,24,24,24"
278,20.21,16.77,"3.20,6.18,8.42,10.05,11.56,12.90,14.05,15.10,15.86,16.71,17.45,18.13,18.77,19.38,19.96,20.56,21.06,21.56,22.00,22.44,22.86,23.26,23.63,24.04,24.41,24.77,25.08,25.40,25.72,26.02,26.30,26.60,26.92,27.20,27.44,27.70,27.95,28.20,28.42,28.66,28.94,29.18,29.38,29.60,29.81,30.02,30.22,30.41,30.67,30.88,31.06,31.24,31.42,31.61,31.78,31.95,32.19,32.38,32.55,32.70,32.86,33.03,33.19,33.34","5.36e-02,5.32e-02,4.78e-02,4.11e-06","15,5,5,5","1.92e-01; 2.04e-01,1.80e-01; 2.98e-01,2.78e-01; 3.56e-01,3.31e-01,8.03e-02; 4.08e-01,3.75e-01,1.77e-01; 4.60e-01,4.14e-01,2.77e-01; 5.17e-01,4.65e-01,3.63e-01; 5.79e-01,5.19e-01,4.39e-01; 6.04e-01,5.38e-01,4.69e-01,1.16e-01; 6.60e-01,5.94e-01,5.29e-01,1.37e-01; 7.16e-01,6.50e-01,5.77e-01,1.68e-01; 7.73e-01,7.06e-01,6.14e-01,2.12e-01; 8.29e-01,7.61e-01,6.52e-01,2.53e-01; 8.84e-01,8.16e-01,7.09e-01,2.79e-01; 9.38e-01,8.69e-01,7.68e-01,3.04e-01; 9.89e-01,9.16e-01,8.21e-01,3.45e-01; 1.05e+00,9.61e-01,8.57e-01,4.00e-01; 1.10e+00,1.01e+00,9.14e-01,4.27e-01; 1.16e+00,1.07e+00,9.66e-01,4.56e-01; 1.23e+00,1.14e+00,1.01e+00,4.49e-01; 1.28e+00,1.19e+00,1.05e+00,5.08e-01; 1.33e+00,1.24e+00,1.10e+00,5.47e-01; 1.39e+00,1.30e+00,1.16e+00,5.72e-01; 1.44e+00,1.35e+00,1.21e+00,6.13e-01; 1.48e+00,1.38e+00,1.24e+00,7.03e-01; 1.53e+00,1.43e+00,1.29e+00,7.42e-01; 1.58e+00,1.48e+00,1.35e+00,7.75e-01; 1.63e+00,1.54e+00,1.39e+00,8.18e-01; 1.68e+00,1.58e+00,1.43e+00,8.74e-01; 1.73e+00,1.64e+00,1.47e+00,9.17e-01; 1.78e+00,1.69e+00,1.53e+00,9.51e-01; 1.83e+00,1.74e+00,1.58e+00,9.87e-01; 1.87e+00,1.77e+00,1.61e+00,1.08e+00; 1.92e+00,1.82e+00,1.66e+00,1.12e+00; 1.97e+00,1.87e+00,1.72e+00,1.16e+00; 2.02e+00,1.92e+00,1.76e+00,1.20e+00; 2.07e+00,1.97e+00,1.80e+00,1.25e+00; 2.12e+00,2.02e+00,1.85e+00,1.30e+00; 2.17e+00,2.08e+00,1.90e+00,1.34e+00; 2.22e+00,2.13e+00,1.95e+00,1.38e+00; 2.26e+00,2.16e+00,1.98e+00,1.47e+00; 2.31e+00,2.21e+00,2.03e+00,1.52e+00; 2.36e+00,2.26e+00,2.08e+00,1.56e+00; 2.41e+00,2.31e+00,2.13e+00,1.60e+00; 2.46e+00,2.36e+00,2.17e+00,1.65e+00; 2.51e+00,2.41e+00,2.21e+00,1.70e+00; 2.56e+00,2.46e+00,2.26e+00,1.75e+00; 2.60e+00,2.51e+00,2.32e+00,1.79e+00; 2.64e+00,2.54e+00,2.35e+00,1.87e+00; 2.69e+00,2.59e+00,2.40e+00,1.92e+00; 2.74e+00,2.64e+00,2.45e+00,1.97e+00; 2.79e+00,2.69e+00,2.50e+00,2.01e+00; 2.84e+00,2.74e+00,2.54e+00,2.06e+00; 2.88e+00,2.78e+00,2.58e+00,2.11e+00; 2.93e+00,2.83e+00,2.63e+00,2.16e+00; 2.98e+00,2.88e+00,2.68e+00,2.20e+00; 3.02e+00,2.92e+00,2.72e+00,2.28e+00; 3.07e+00,2.97e+00,2.77e+00,2.33e+00; 3.11e+00,3.01e+00,2.82e+00,2.38e+00; 3.16e+00,3.06e+00,2.87e+00,2.42e+00; 3.21e+00,3.11e+00,2.91e+00,2.47e+00; 3.26e+00,3.16e+00,2.95e+00,2.53e+00; 3.31e+00,3.21e+00,3.00e+00,2.58e+00; 3.35e+00,3.26e+00,3.05e+00,2.62e+00","32,32,32,32,32,32,32,32,32,32,32,32,32,32,32,32,32,32,32,32,32,32,32,32,32,32,32,32,32,32,32,32,32,32,32,32,32,32,32,32,32,32,32,32,32,32,32,32,32,32,32,32,32,32,32,32,32,32,32,32,32,32,32,32"
279,13.51,11.70,"2.98,5.17,6.78,8.01,8.96,9.67,10.18,10.62,11.11,11.66,12.23,12.75,13.21,13.62,13.95,14.22,14.50,14.82,15.15,15.48,15.78,16.05,16.29,16.49,16.69,16.90,17.14,17.37,17.60,17.81,17.99,18.14,18.29,18.45,18.63,18.82,19.00,19.17,19.32,19.44,19.56,19.69,19.84,19.99,20.14,20.29,20.42,20.54,20.65,20.78,20.91,21.05,21.18,21.32,21.45,21.56,21.67,21.79,21.91,22.03,22.16,22.28,22.40,22.52","4.50e-02,4.14e-02,3.38e-06,2.37e-06","12,12,4,4","1.07e-01; 1.97e-01,1.79e-02; 2.29e-01,9.24e-02; 2.84e-01,1.46e-01; 3.36e-01,2.00e-01; 3.90e-01,2.54e-01; 4.28e-01,2.82e-01,4.04e-02; 4.72e-01,3.00e-01,8.60e-02; 5.42e-01,3.26e-01,9.79e-02; 5.90e-01,3.66e-01,1.16e-01; 6.43e-01,4.17e-01,1.20e-01; 6.96e-01,4.67e-01,1.24e-01; 7.16e-01,5.08e-01,1.71e-01; 7.94e-01,5.43e-01,1.65e-01; 8.36e-01,5.65e-01,2.09e-01; 8.80e-01,5.88e-01,2.48e-01; 9.24e-01,6.12e-01,2.88e-01; 9.42e-01,6.46e-01,3.44e-01; 9.92e-01,6.89e-01,3.58e-01; 1.04e+00,7.36e-01,3.70e-01; 1.09e+00,7.81e-01,3.83e-01; 1.14e+00,8.15e-01,4.05e-01; 1.19e+00,8.42e-01,4.36e-01; 1.27e+00,8.68e-01,4.39e-01; 1.31e+00,8.91e-01,4.86e-01; 1.35e+00,9.23e-01,5.18e-01; 1.39e+00,9.64e-01,5.39e-01; 1.44e+00,1.01e+00,5.55e-01; 1.48e+00,1.05e+00,5.75e-01; 1.52e+00,1.09e+00,6.07e-01; 1.56e+00,1.12e+00,6.47e-01; 1.61e+00,1.15e+00,6.83e-01; 1.64e+00,1.17e+00,7.27e-01; 1.69e+00,1.20e+00,7.60e-01; 1.73e+00,1.24e+00,7.85e-01; 1.77e+00,1.28e+00,8.05e-01; 1.82e+00,1.33e+00,8.28e-01; 1.86e+00,1.36e+00,8.61e-01; 1.89e+00,1.39e+00,8.98e-01; 1.94e+00,1.42e+00,9.34e-01; 1.98e+00,1.45e+00,9.77e-01; 2.02e+00,1.48e+00,1.01e+00; 2.06e+00,1.52e+00,1.04e+00; 2.10e+00,1.56e+00,1.06e+00; 2.14e+00,1.60e+00,1.09e+00; 2.16e+00,1.62e+00,1.11e+00,3.83e-02; 2.17e+00,1.63e+00,1.13e+00,1.11e-01; 2.18e+00,1.63e+00,1.14e+00,2.01e-01; 2.19e+00,1.63e+00,1.16e+00,2.78e-01; 2.20e+00,1.64e+00,1.18e+00,3.44e-01; 2.22e+00,1.67e+00,1.20e+00,3.90e-01; 2.25e+00,1.70e+00,1.21e+00,4.23e-01; 2.27e+00,1.73e+00,1.23e+00,4.58e-01; 2.29e+00,1.75e+00,1.25e+00,5.02e-01; 2.31e+00,1.76e+00,1.27e+00,5.63e-01; 2.32e+00,1.77e+00,1.29e+00,6.27e-01; 2.34e+00,1.78e+00,1.32e+00,6.84e-01; 2.35e+00,1.79e+00,1.34e+00,7.37e-01; 2.38e+00,1.81e+00,1.36e+00,7.82e-01; 2.40e+00,1.84e+00,1.38e+00,8.17e-01; 2.43e+00,1.87e+00,1.39e+00,8.50e-01; 2.45e+00,1.90e+00,1.41e+00,8.91e-01; 2.47e+00,1.92e+00,1.43e+00,9.39e-01; 2.49e+00,1.93e+00,1.46e+00,9.90e-01","32,32,32,32,32,32,32,32,32,32,32,32,32,32,32,32,32,32,32,32,32,32,32,32,32,32,32,32,32,32,32,32,32,32,32,32,32,32,32,32,32,32,32,32,32,32,32,32,32,32,32,32,32,32,32,32,32,32,32,32,32,32,32,32"
280,12.49,10.48,"2.57,4.59,5.95,7.07,8.01,8.73,9.30,9.76,10.21,10.72,11.23,11.72,12.18,12.53,12.84,13.12,13.41,13.68,13.99,14.32,14.60,14.88,15.09,15.30,15.50,15.72,15.94,16.16,16.38,16.58,16.76,16.92,17.06,17.22,17.39,17.57,17.74,17.91,18.06,18.19,18.32,18.45,18.59,18.74,18.88,19.01,19.14,19.25,19.36,19.47,19.59,19.71,19.84,19.95,20.06,20.17,20.26,20.36,20.46,20.57,20.68,20.78,20.88,20.97","3.25e-02,2.86e-02,2.02e-06,1.10e-06","12,12,5,5","7.58e-02; 1.52e-01; 1.78e-01,4.92e-02; 2.15e-01,8.81e-02; 2.50e-01,1.29e-01; 2.88e-01,1.67e-01; 3.26e-01,2.04e-01; 3.64e-01,2.42e-01; 4.02e-01,2.80e-01; 4.36e-01,3.17e-01,5.00e-03; 4.72e-01,3.55e-01,7.11e-03; 5.09e-01,3.94e-01,7.14e-03; 5.44e-01,4.31e-01,1.06e-02; 5.62e-01,4.51e-01,4.90e-02; 5.86e-01,4.70e-01,8.19e-02; 6.20e-01,4.90e-01,1.02e-01; 6.93e-01,5.24e-01,7.25e-02; 6.84e-01,5.33e-01,1.47e-01; 7.16e-01,5.66e-01,1.58e-01; 7.94e-01,6.17e-01,1.05e-01; 7.91e-01,6.39e-01,1.61e-01; 8.65e-01,6.84e-01,1.18e-01; 8.49e-01,6.90e-01,2.04e-01; 8.87e-01,7.14e-01,2.19e-01; 9.58e-01,7.45e-01,1.92e-01; 9.85e-01,7.65e-01,2.21e-01; 1.02e+00,7.96e-01,2.33e-01; 1.05e+00,8.31e-01,2.39e-01; 1.09e+00,8.67e-01,2.44e-01; 1.12e+00,8.96e-01,2.59e-01; 1.15e+00,9.21e-01,2.82e-01; 1.17e+00,9.39e-01,3.16e-01; 1.17e+00,9.46e-01,3.90e-01; 1.20e+00,9.69e-01,4.08e-01; 1.23e+00,9.98e-01,4.22e-01; 1.27e+00,1.03e+00,4.34e-01; 1.30e+00,1.06e+00,4.43e-01; 1.33e+00,1.09e+00,4.58e-01; 1.39e+00,1.13e+00,4.34e-01; 1.42e+00,1.15e+00,4.68e-01; 1.44e+00,1.16e+00,5.07e-01; 1.46e+00,1.18e+00,5.40e-01; 1.49e+00,1.21e+00,5.61e-01; 1.52e+00,1.24e+00,5.76e-01; 1.55e+00,1.27e+00,5.89e-01; 1.58e+00,1.30e+00,6.07e-01; 1.60e+00,1.33e+00,6.30e-01; 1.63e+00,1.35e+00,6.60e-01; 1.65e+00,1.36e+00,6.97e-01; 1.68e+00,1.38e+00,7.28e-01; 1.71e+00,1.41e+00,7.50e-01; 1.73e+00,1.44e+00,7.68e-01; 1.76e+00,1.47e+00,7.83e-01; 1.79e+00,1.50e+00,8.00e-01; 1.82e+00,1.53e+00,8.23e-01; 1.84e+00,1.55e+00,8.52e-01; 1.87e+00,1.57e+00,8.89e-01; 1.89e+00,1.58e+00,9.20e-01; 1.92e+00,1.61e+00,9.44e-01; 1.95e+00,1.64e+00,9.63e-01; 1.97e+00,1.67e+00,9.80e-01; 2.00e+00,1.70e+00,9.99e-01; 2.03e+00,1.73e+00,1.02e+00; 2.05e+00,1.75e+00,1.05e+00","32,32,32,32,32,32,32,32,32,32,32,32,32,32,32,32,32,32,32,32,32,32,32,32,32,32,32,32,32,32,32,32,32,32,32,32,32,32,32,32,32,32,32,32,32,32,32,32,32,32,32,32,32,32,32,32,32,32,32,32,32,32,32,32"
283,24.71,26.14,"6.99,10.23,12.97,14.90,16.74,18.21,19.30,20.20,21.13,21.87,22.55,23.22,23.86,24.46,25.02,25.61,26.14,26.57,26.98,27.39,27.78,28.16,28.54,28.96,29.33,29.63,29.92,30.22,30.50,30.77,31.06,31.39,31.67,31.90,32.13,32.36,32.57,32.79,33.01,33.29,33.51,33.69,33.88,34.07,34.24,34.41,34.60,34.85,35.02,35.17,35.33,35.48,35.61,35.75,35.91,36.13,36.27,36.42,36.58,36.76,36.92,37.09,37.26,37.43","7.77e-01,7.74e-01,6.79e-01,3.64e-05","0,0,0,0","2.77e+00; 3.29e+00,2.25e+00; 4.40e+00,3.90e+00; 5.28e+00,4.71e+00,1.08e+00; 5.76e+00,4.82e+00,3.26e+00; 6.51e+00,5.10e+00,4.99e+00; 7.35e+00,6.38e+00,5.64e+00; 8.26e+00,7.14e+00,6.28e+00,4.45e-01; 8.66e+00,7.41e+00,7.09e+00,1.74e+00; 9.57e+00,8.20e+00,7.95e+00,1.93e+00; 1.05e+01,9.06e+00,8.56e+00,2.34e+00; 1.19e+01,1.03e+01,9.63e+00,1.31e+00; 1.29e+01,1.13e+01,1.05e+01,1.26e+00; 1.32e+01,1.19e+01,1.09e+01,2.68e+00; 1.39e+01,1.27e+01,1.17e+01,3.16e+00; 1.48e+01,1.32e+01,1.22e+01,4.11e+00; 1.60e+01,1.39e+01,1.34e+01,3.69e+00; 1.70e+01,1.47e+01,1.43e+01,3.75e+00; 1.78e+01,1.56e+01,1.49e+01,4.28e+00; 1.88e+01,1.66e+01,1.56e+01,4.38e+00; 1.98e+01,1.76e+01,1.64e+01,4.38e+00; 2.00e+01,1.82e+01,1.68e+01,5.92e+00; 2.08e+01,1.90e+01,1.76e+01,6.25e+00; 2.21e+01,1.97e+01,1.84e+01,6.21e+00; 2.28e+01,2.02e+01,1.93e+01,6.81e+00; 2.38e+01,2.11e+01,2.02e+01,6.95e+00; 2.46e+01,2.19e+01,2.07e+01,7.50e+00; 2.55e+01,2.29e+01,2.14e+01,7.71e+00; 2.64e+01,2.39e+01,2.22e+01,7.78e+00; 2.74e+01,2.48e+01,2.30e+01,7.85e+00; 2.82e+01,2.57e+01,2.39e+01,7.96e+00; 2.88e+01,2.60e+01,2.43e+01,9.50e+00; 2.87e+01,2.62e+01,2.47e+01,1.18e+01; 3.04e+01,2.74e+01,2.59e+01,1.02e+01; 3.04e+01,2.78e+01,2.61e+01,1.26e+01; 3.12e+01,2.87e+01,2.68e+01,1.29e+01; 3.31e+01,3.02e+01,2.79e+01,1.11e+01; 3.40e+01,3.12e+01,2.87e+01,1.12e+01; 3.49e+01,3.21e+01,2.96e+01,1.13e+01; 3.45e+01,3.19e+01,2.97e+01,1.46e+01; 3.53e+01,3.25e+01,3.05e+01,1.50e+01; 3.62e+01,3.34e+01,3.13e+01,1.53e+01; 3.70e+01,3.42e+01,3.19e+01,1.58e+01; 3.79e+01,3.51e+01,3.26e+01,1.62e+01; 3.87e+01,3.61e+01,3.33e+01,1.64e+01; 3.95e+01,3.70e+01,3.41e+01,1.66e+01; 4.16e+01,3.86e+01,3.55e+01,1.43e+01; 4.11e+01,3.83e+01,3.56e+01,1.77e+01; 4.20e+01,3.91e+01,3.64e+01,1.81e+01; 4.28e+01,3.99e+01,3.72e+01,1.83e+01; 4.36e+01,4.07e+01,3.78e+01,1.89e+01; 4.45e+01,4.17e+01,3.85e+01,1.92e+01; 4.53e+01,4.27e+01,3.93e+01,1.93e+01; 4.75e+01,4.47e+01,4.07e+01,1.65e+01; 4.83e+01,4.52e+01,4.23e+01,1.63e+01; 4.77e+01,4.50e+01,4.16e+01,2.06e+01; 4.85e+01,4.58e+01,4.25e+01,2.08e+01; 4.96e+01,4.64e+01,4.39e+01,2.05e+01; 5.01e+01,4.69e+01,4.41e+01,2.21e+01; 5.09e+01,4.75e+01,4.46e+01,2.29e+01; 5.17e+01,4.83e+01,4.51e+01,2.37e+01; 5.25e+01,4.90e+01,4.57e+01,2.44e+01; 5.33e+01,4.96e+01,4.64e+01,2.51e+01; 5.40e+01,5.02e+01,4.72e+01,2.56e+01","56,56,56,56,56,56,56,56,56,56,56,56,56,56,56,56,56,56,56,56,56,56,56,56,56,56,56,56,56,56,56,56,56,56,56,56,56,56,56,56,56,56,56,56,56,56,56,56,56,56,56,56,56,56,56,56,56,56,56,56,56,56,56,56"
288,73.73,54.40,"15.71,23.14,26.57,30.80,33.96,36.05,38.04,39.42,40.44,41.65,42.65,43.66,44.42,45.33,46.08,47.03,47.78,48.26,48.87,49.38,49.57,50.04,50.19,51.30,51.31,51.54,51.61,52.43,52.46,52.94,53.19,53.51,53.14,54.78,55.26,55.33,55.20,55.26,57.12,56.12,56.14,55.41,57.62,58.34,58.61,57.53,60.09,57.69,60.00,60.14,60.22,58.18,59.85,59.50,63.34,71.62,73.84,73.77,76.92,72.07,69.27,77.38,80.66,78.54","3.44e+02,3.44e+02,3.43e+02,3.43e+02","15,4,4,15","3.15e+03; 3.21e+03,3.09e+03; 4.43e+03,4.37e+03,6.52e+02; 4.34e+03,4.25e+03,4.02e+03; 5.10e+03,5.00e+03,4.95e+03,7.17e+02; 5.71e+03,5.65e+03,5.48e+03,2.07e+03; 6.52e+03,6.47e+03,6.13e+03,2.94e+03; 7.33e+03,7.29e+03,6.93e+03,3.66e+03; 8.03e+03,8.00e+03,7.64e+03,4.70e+03; 8.82e+03,8.80e+03,8.38e+03,5.51e+03; 9.11e+03,9.09e+03,8.97e+03,7.50e+03; 1.06e+04,1.05e+04,1.02e+04,6.55e+03; 1.15e+04,1.15e+04,1.13e+04,6.73e+03; 1.19e+04,1.19e+04,1.17e+04,8.75e+03; 1.26e+04,1.26e+04,1.23e+04,9.73e+03; 1.35e+04,1.34e+04,1.31e+04,1.04e+04; 1.42e+04,1.42e+04,1.39e+04,1.12e+04; 1.50e+04,1.50e+04,1.46e+04,1.20e+04; 1.58e+04,1.57e+04,1.54e+04,1.30e+04; 1.66e+04,1.66e+04,1.62e+04,1.37e+04; 1.74e+04,1.74e+04,1.70e+04,1.44e+04; 1.78e+04,1.78e+04,1.76e+04,1.61e+04; 1.83e+04,1.83e+04,1.83e+04,1.75e+04; 1.92e+04,1.92e+04,1.91e+04,1.81e+04; 2.01e+04,2.01e+04,2.00e+04,1.86e+04; 2.08e+04,2.08e+04,2.07e+04,1.97e+04; 2.15e+04,2.15e+04,2.14e+04,2.06e+04; 2.23e+04,2.22e+04,2.22e+04,2.16e+04; 2.37e+04,2.37e+04,2.34e+04,2.05e+04; 2.39e+04,2.39e+04,2.38e+04,2.30e+04; 2.46e+04,2.46e+04,2.46e+04,2.39e+04; 2.55e+04,2.55e+04,2.54e+04,2.45e+04; 2.63e+04,2.63e+04,2.62e+04,2.53e+04; 2.73e+04,2.73e+04,2.71e+04,2.54e+04; 2.80e+04,2.80e+04,2.78e+04,2.66e+04; 2.87e+04,2.87e+04,2.86e+04,2.75e+04; 2.96e+04,2.96e+04,2.94e+04,2.81e+04; 3.02e+04,3.02e+04,3.01e+04,2.92e+04; 3.09e+04,3.09e+04,3.08e+04,3.03e+04; 3.17e+04,3.17e+04,3.16e+04,3.11e+04; 3.25e+04,3.25e+04,3.24e+04,3.19e+04; 3.36e+04,3.36e+04,3.34e+04,3.18e+04; 3.43e+04,3.43e+04,3.41e+04,3.27e+04; 3.49e+04,3.49e+04,3.48e+04,3.40e+04; 3.58e+04,3.58e+04,3.57e+04,3.45e+04; 3.67e+04,3.67e+04,3.65e+04,3.51e+04; 3.72e+04,3.72e+04,3.71e+04,3.65e+04; 3.80e+04,3.80e+04,3.79e+04,3.74e+04; 3.89e+04,3.88e+04,3.87e+04,3.80e+04; 3.97e+04,3.97e+04,3.96e+04,3.86e+04; 4.05e+04,4.05e+04,4.03e+04,3.95e+04; 4.12e+04,4.12e+04,4.11e+04,4.05e+04; 4.20e+04,4.20e+04,4.19e+04,4.11e+04; 4.28e+04,4.28e+04,4.26e+04,4.20e+04; 4.35e+04,4.35e+04,4.34e+04,4.29e+04; 4.43e+04,4.43e+04,4.42e+04,4.36e+04; 4.51e+04,4.51e+04,4.50e+04,4.45e+04; 4.59e+04,4.59e+04,4.58e+04,4.52e+04; 4.67e+04,4.67e+04,4.66e+04,4.60e+04; 4.75e+04,4.75e+04,4.74e+04,4.68e+04; 4.84e+04,4.84e+04,4.81e+04,4.74e+04; 4.91e+04,4.91e+04,4.89e+04,4.82e+04; 4.98e+04,4.97e+04,4.97e+04,4.94e+04; 5.05e+04,5.05e+04,5.05e+04,5.02e+04","7,23,7,23,7,7,7,23,7,7,7,7,7,7,7,7,7,23,7,39,55,7,55,23,55,23,7,23,7,39,55,7,23,7,23,39,55,55,39,39,55,55,7,23,55,7,7,39,7,55,39,23,23,7,7,7,39,39,23,55,23,55,55,7"
289,72.35,55.29,"14.81,25.16,33.43,37.45,40.80,43.42,45.38,47.05,48.41,49.42,50.42,51.36,52.23,53.23,53.95,54.49,55.26,56.05,56.56,57.21,57.50,58.18,59.02,59.57,59.83,60.32,60.89,60.96,61.16,61.63,61.86,62.30,61.97,62.69,63.26,63.17,63.83,63.82,64.40,65.34,64.51,64.22,64.58,64.65,64.50,65.60,65.61,65.11,67.94,66.66,65.96,67.51,66.81,67.04,67.64,67.97,68.17,67.24,67.39,68.70,68.70,72.18,68.35,69.59","1.20e+02,1.20e+02,1.20e+02,1.20e+02","15,4,15,4","1.19e+03; 1.19e+03,1.18e+03; 1.19e+03,1.19e+03,1.18e+03; 1.26e+03,1.25e+03,1.24e+03,9.98e+02; 1.56e+03,1.55e+03,1.54e+03,1.28e+03; 1.83e+03,1.82e+03,1.80e+03,1.67e+03; 2.11e+03,2.10e+03,2.09e+03,2.01e+03; 2.41e+03,2.40e+03,2.38e+03,2.30e+03; 2.70e+03,2.70e+03,2.68e+03,2.60e+03; 3.00e+03,2.99e+03,2.97e+03,2.91e+03; 3.29e+03,3.29e+03,3.27e+03,3.20e+03; 3.59e+03,3.59e+03,3.57e+03,3.50e+03; 3.89e+03,3.88e+03,3.86e+03,3.79e+03; 4.18e+03,4.18e+03,4.16e+03,4.09e+03; 4.48e+03,4.48e+03,4.46e+03,4.39e+03; 4.78e+03,4.78e+03,4.75e+03,4.68e+03; 5.07e+03,5.07e+03,5.05e+03,4.98e+03; 5.37e+03,5.36e+03,5.35e+03,5.29e+03; 5.66e+03,5.66e+03,5.64e+03,5.58e+03; 5.96e+03,5.96e+03,5.94e+03,5.88e+03; 6.26e+03,6.25e+03,6.24e+03,6.17e+03; 6.55e+03,6.55e+03,6.54e+03,6.48e+03; 6.84e+03,6.84e+03,6.83e+03,6.78e+03; 7.14e+03,7.14e+03,7.13e+03,7.08e+03; 7.44e+03,7.44e+03,7.42e+03,7.38e+03; 7.73e+03,7.73e+03,7.72e+03,7.67e+03; 8.03e+03,8.03e+03,8.02e+03,7.97e+03; 8.33e+03,8.33e+03,8.31e+03,8.27e+03; 8.62e+03,8.62e+03,8.61e+03,8.56e+03; 8.91e+03,8.91e+03,8.91e+03,8.88e+03; 9.21e+03,9.20e+03,9.20e+03,9.18e+03; 9.51e+03,9.51e+03,9.50e+03,9.45e+03; 9.80e+03,9.80e+03,9.80e+03,9.77e+03; 1.01e+04,1.01e+04,1.01e+04,1.01e+04; 1.04e+04,1.04e+04,1.04e+04,1.04e+04; 1.07e+04,1.07e+04,1.07e+04,1.07e+04; 1.10e+04,1.10e+04,1.10e+04,1.10e+04; 1.13e+04,1.13e+04,1.13e+04,1.13e+04; 1.16e+04,1.16e+04,1.16e+04,1.15e+04; 1.19e+04,1.19e+04,1.19e+04,1.19e+04; 1.22e+04,1.22e+04,1.22e+04,1.22e+04; 1.25e+04,1.25e+04,1.25e+04,1.24e+04; 1.28e+04,1.28e+04,1.28e+04,1.27e+04; 1.31e+04,1.31e+04,1.31e+04,1.30e+04; 1.34e+04,1.34e+04,1.34e+04,1.33e+04; 1.37e+04,1.37e+04,1.37e+04,1.36e+04; 1.40e+04,1.39e+04,1.39e+04,1.39e+04; 1.42e+04,1.42e+04,1.42e+04,1.42e+04; 1.45e+04,1.45e+04,1.45e+04,1.45e+04; 1.48e+04,1.48e+04,1.48e+04,1.48e+04; 1.51e+04,1.51e+04,1.51e+04,1.51e+04; 1.54e+04,1.54e+04,1.54e+04,1.54e+04; 1.57e+04,1.57e+04,1.57e+04,1.57e+04; 1.60e+04,1.60e+04,1.60e+04,1.60e+04; 1.63e+04,1.63e+04,1.63e+04,1.63e+04; 1.66e+04,1.66e+04,1.66e+04,1.66e+04; 1.69e+04,1.69e+04,1.69e+04,1.69e+04; 1.72e+04,1.72e+04,1.72e+04,1.72e+04; 1.75e+04,1.75e+04,1.75e+04,1.75e+04; 1.78e+04,1.78e+04,1.78e+04,1.78e+04; 1.81e+04,1.81e+04,1.81e+04,1.81e+04; 1.84e+04,1.84e+04,1.84e+04,1.84e+04; 1.87e+04,1.87e+04,1.87e+04,1.87e+04; 1.90e+04,1.90e+04,1.90e+04,1.90e+04","15,57,15,57,15,57,57,15,15,57,15,15,15,15,15,15,57,57,15,57,57,57,57,15,15,9,9,57,15,57,15,63,15,15,9,15,57,15,57,9,9,9,15,63,63,9,57,63,15,63,9,63,15,9,57,63,57,15,15,15,57,9,9,57"
290,68.55,52.48,"16.11,25.93,30.22,34.48,37.83,40.82,43.05,44.84,47.02,48.14,49.12,49.97,50.96,51.83,52.83,53.61,54.59,55.13,55.69,55.74,56.29,56.81,57.69,57.97,58.60,58.86,59.16,59.60,59.94,60.53,60.90,61.25,61.81,62.37,61.63,61.36,62.44,62.56,63.74,63.82,62.97,64.61,65.05,64.84,65.29,65.33,66.06,66.70,64.45,63.64,67.99,64.76,69.13,67.02,67.17,69.55,67.11,69.10,67.41,68.15,71.03,71.54,73.23,71.93","3.04e+02,3.04e+02,3.03e+02,3.03e+02","15,4,15,4","2.65e+03; 2.67e+03,2.64e+03; 3.02e+03,2.99e+03,1.95e+03; 3.63e+03,3.60e+03,3.37e+03; 3.84e+03,3.80e+03,3.70e+03,1.92e+03; 4.22e+03,4.16e+03,4.11e+03,3.43e+03; 4.82e+03,4.75e+03,4.72e+03,4.28e+03; 5.45e+03,5.38e+03,5.35e+03,5.03e+03; 6.05e+03,5.99e+03,5.96e+03,5.87e+03; 6.70e+03,6.65e+03,6.63e+03,6.54e+03; 7.37e+03,7.32e+03,7.29e+03,7.20e+03; 8.03e+03,7.98e+03,7.96e+03,7.87e+03; 8.68e+03,8.64e+03,8.62e+03,8.54e+03; 9.34e+03,9.29e+03,9.28e+03,9.21e+03; 1.00e+04,9.95e+03,9.94e+03,9.89e+03; 1.07e+04,1.06e+04,1.06e+04,1.06e+04; 1.13e+04,1.13e+04,1.13e+04,1.12e+04; 1.20e+04,1.19e+04,1.19e+04,1.19e+04; 1.26e+04,1.26e+04,1.26e+04,1.26e+04; 1.33e+04,1.33e+04,1.33e+04,1.32e+04; 1.40e+04,1.39e+04,1.39e+04,1.39e+04; 1.46e+04,1.46e+04,1.46e+04,1.45e+04; 1.53e+04,1.53e+04,1.52e+04,1.52e+04; 1.59e+04,1.59e+04,1.59e+04,1.59e+04; 1.66e+04,1.66e+04,1.66e+04,1.65e+04; 1.73e+04,1.73e+04,1.72e+04,1.72e+04; 1.79e+04,1.79e+04,1.79e+04,1.79e+04; 1.86e+04,1.86e+04,1.86e+04,1.85e+04; 1.93e+04,1.92e+04,1.92e+04,1.92e+04; 1.99e+04,1.99e+04,1.99e+04,1.98e+04; 2.06e+04,2.06e+04,2.05e+04,2.05e+04; 2.12e+04,2.12e+04,2.12e+04,2.12e+04; 2.19e+04,2.19e+04,2.19e+04,2.18e+04; 2.26e+04,2.26e+04,2.25e+04,2.25e+04; 2.32e+04,2.32e+04,2.32e+04,2.32e+04; 2.39e+04,2.39e+04,2.39e+04,2.38e+04; 2.46e+04,2.45e+04,2.45e+04,2.45e+04; 2.52e+04,2.52e+04,2.52e+04,2.52e+04; 2.59e+04,2.59e+04,2.59e+04,2.58e+04; 2.66e+04,2.65e+04,2.65e+04,2.65e+04; 2.72e+04,2.72e+04,2.72e+04,2.71e+04; 2.79e+04,2.79e+04,2.78e+04,2.78e+04; 2.85e+04,2.85e+04,2.85e+04,2.85e+04; 2.92e+04,2.92e+04,2.92e+04,2.91e+04; 2.99e+04,2.99e+04,2.98e+04,2.98e+04; 3.05e+04,3.05e+04,3.05e+04,3.05e+04; 3.12e+04,3.12e+04,3.12e+04,3.11e+04; 3.19e+04,3.18e+04,3.18e+04,3.18e+04; 3.25e+04,3.25e+04,3.25e+04,3.24e+04; 3.32e+04,3.32e+04,3.31e+04,3.31e+04; 3.38e+04,3.38e+04,3.38e+04,3.38e+04; 3.45e+04,3.45e+04,3.45e+04,3.44e+04; 3.52e+04,3.52e+04,3.51e+04,3.51e+04; 3.58e+04,3.58e+04,3.58e+04,3.58e+04; 3.65e+04,3.65e+04,3.65e+04,3.64e+04; 3.72e+04,3.71e+04,3.71e+04,3.71e+04; 3.78e+04,3.78e+04,3.78e+04,3.77e+04; 3.85e+04,3.85e+04,3.84e+04,3.84e+04; 3.91e+04,3.91e+04,3.91e+04,3.91e+04; 3.98e+04,3.98e+04,3.98e+04,3.97e+04; 4.05e+04,4.05e+04,4.04e+04,4.04e+04; 4.11e+04,4.11e+04,4.11e+04,4.11e+04; 4.18e+04,4.18e+04,4.18e+04,4.17e+04; 4.25e+04,4.25e+04,4.24e+04,4.24e+04","0,0,0,0,0,0,0,0,0,0,0,0,0,0,0,0,0,0,55,6,0,6,0,0,0,6,6,0,0,23,0,55,23,0,55,23,23,23,55,6,55,55,0,6,23,0,55,55,55,0,0,55,55,6,23,6,23,0,55,0,23,55,0,6"
291,55.51,43.04,"16.46,19.98,23.36,26.08,28.88,30.72,32.02,33.26,34.85,36.04,37.01,38.44,39.07,40.56,41.41,42.26,42.93,43.80,44.93,45.22,45.62,46.51,46.78,47.06,47.92,47.95,49.99,49.72,49.67,50.63,50.82,51.18,51.89,51.27,51.16,53.26,53.67,53.27,53.80,53.06,55.01,54.56,55.52,56.07,55.67,57.75,59.98,60.35,61.98,64.14,63.79,68.88,69.16,66.96,72.16,70.71,76.36,76.51,78.33,77.29,80.26,83.46,84.80,89.35","3.38e+02,3.38e+02,3.37e+02,3.37e+02","3,8,3,8","2.59e+03; 2.98e+03,2.21e+03; 4.02e+03,3.77e+03; 3.89e+03,3.70e+03,2.79e+03; 4.47e+03,4.39e+03,3.50e+03,6.08e+02; 5.09e+03,5.03e+03,4.09e+03,1.36e+03; 5.37e+03,5.33e+03,4.39e+03,3.08e+03; 6.02e+03,5.98e+03,4.63e+03,4.12e+03; 6.17e+03,6.14e+03,5.59e+03,5.45e+03; 6.86e+03,6.83e+03,6.24e+03,6.01e+03; 7.49e+03,7.46e+03,7.00e+03,6.57e+03; 8.20e+03,8.17e+03,7.47e+03,7.29e+03; 8.95e+03,8.92e+03,8.34e+03,7.51e+03; 9.29e+03,9.26e+03,9.04e+03,8.72e+03; 1.00e+04,1.00e+04,9.58e+03,9.27e+03; 1.07e+04,1.07e+04,1.03e+04,9.91e+03; 1.13e+04,1.13e+04,1.10e+04,1.05e+04; 1.19e+04,1.19e+04,1.16e+04,1.13e+04; 1.26e+04,1.26e+04,1.23e+04,1.19e+04; 1.32e+04,1.32e+04,1.30e+04,1.26e+04; 1.38e+04,1.38e+04,1.36e+04,1.32e+04; 1.44e+04,1.44e+04,1.42e+04,1.41e+04; 1.51e+04,1.51e+04,1.49e+04,1.46e+04; 1.58e+04,1.57e+04,1.56e+04,1.52e+04; 1.64e+04,1.64e+04,1.62e+04,1.58e+04; 1.71e+04,1.70e+04,1.69e+04,1.65e+04; 1.77e+04,1.77e+04,1.75e+04,1.72e+04; 1.83e+04,1.83e+04,1.82e+04,1.78e+04; 1.90e+04,1.90e+04,1.89e+04,1.84e+04; 1.96e+04,1.96e+04,1.95e+04,1.91e+04; 2.03e+04,2.02e+04,2.01e+04,1.98e+04; 2.09e+04,2.09e+04,2.08e+04,2.04e+04; 2.15e+04,2.15e+04,2.14e+04,2.11e+04; 2.22e+04,2.22e+04,2.21e+04,2.17e+04; 2.28e+04,2.28e+04,2.27e+04,2.24e+04; 2.35e+04,2.35e+04,2.34e+04,2.31e+04; 2.41e+04,2.41e+04,2.41e+04,2.37e+04; 2.48e+04,2.48e+04,2.47e+04,2.43e+04; 2.54e+04,2.54e+04,2.53e+04,2.50e+04; 2.61e+04,2.60e+04,2.60e+04,2.57e+04; 2.67e+04,2.67e+04,2.66e+04,2.63e+04; 2.74e+04,2.73e+04,2.73e+04,2.70e+04; 2.80e+04,2.80e+04,2.79e+04,2.76e+04; 2.86e+04,2.86e+04,2.86e+04,2.83e+04; 2.92e+04,2.92e+04,2.92e+04,2.91e+04; 2.99e+04,2.99e+04,2.99e+04,2.96e+04; 3.06e+04,3.06e+04,3.05e+04,3.03e+04; 3.12e+04,3.12e+04,3.12e+04,3.09e+04; 3.19e+04,3.19e+04,3.18e+04,3.16e+04; 3.25e+04,3.25e+04,3.25e+04,3.22e+04; 3.32e+04,3.32e+04,3.31e+04,3.28e+04; 3.38e+04,3.38e+04,3.38e+04,3.35e+04; 3.45e+04,3.45e+04,3.44e+04,3.41e+04; 3.51e+04,3.51e+04,3.51e+04,3.48e+04; 3.58e+04,3.58e+04,3.57e+04,3.54e+04; 3.64e+04,3.64e+04,3.64e+04,3.61e+04; 3.71e+04,3.70e+04,3.70e+04,3.67e+04; 3.77e+04,3.77e+04,3.77e+04,3.74e+04; 3.84e+04,3.83e+04,3.83e+04,3.80e+04; 3.90e+04,3.90e+04,3.90e+04,3.87e+04; 3.97e+04,3.97e+04,3.96e+04,3.93e+04; 4.03e+04,4.03e+04,4.03e+04,3.99e+04; 4.09e+04,4.09e+04,4.09e+04,4.07e+04; 4.16e+04,4.16e+04,4.16e+04,4.13e+04","15,15,15,56,15,15,15,56,15,15,56,15,56,15,15,8,8,8,6,8,56,15,8,15,56,8,8,6,56,6,56,6,56,6,6,8,56,6,56,56,8,15,8,15,6,56,56,8,15,8,15,15,56,8,15,6,56,6,8,15,56,15,56,15"
292,44.96,36.90,"16.13,18.70,21.55,23.76,25.52,27.16,28.11,29.75,30.90,32.03,32.85,34.06,34.88,35.75,36.42,36.92,37.52,37.86,38.53,39.00,39.41,40.72,40.59,41.55,41.58,41.75,42.20,42.11,42.94,43.99,44.06,44.58,45.53,45.98,45.55,46.16,45.68,47.75,47.24,48.02,46.52,47.62,49.24,48.22,49.23,49.65,49.11,50.62,49.23,48.52,52.44,51.81,53.35,50.36,51.11,52.88,56.64,56.96,55.45,55.49,59.45,61.52,60.53,65.16","2.99e+02,2.96e+02,2.94e+02,2.84e+02","8,0,8,0","2.05e+03; 2.93e+03,1.18e+03; 3.36e+03,2.80e+03; 4.12e+03,3.83e+03,2.62e+02; 4.18e+03,3.98e+03,2.10e+03; 4.44e+03,4.28e+03,3.59e+03; 5.49e+03,5.33e+03,3.55e+03; 4.75e+03,4.62e+03,4.17e+03,2.87e+03; 5.26e+03,5.16e+03,4.55e+03,3.49e+03; 5.78e+03,5.67e+03,5.06e+03,4.01e+03; 6.29e+03,6.19e+03,5.30e+03,4.79e+03; 7.20e+03,7.10e+03,6.28e+03,4.04e+03; 7.43e+03,7.33e+03,6.66e+03,5.25e+03; 7.81e+03,7.72e+03,7.04e+03,6.16e+03; 8.31e+03,8.22e+03,7.54e+03,6.70e+03; 8.79e+03,8.70e+03,8.05e+03,7.29e+03; 9.31e+03,9.23e+03,8.55e+03,7.79e+03; 9.77e+03,9.69e+03,8.94e+03,8.54e+03; 1.03e+04,1.02e+04,9.32e+03,9.19e+03; 1.09e+04,1.08e+04,9.95e+03,9.43e+03; 1.16e+04,1.15e+04,1.07e+04,9.27e+03; 1.17e+04,1.17e+04,1.11e+04,1.07e+04; 1.22e+04,1.22e+04,1.16e+04,1.12e+04; 1.27e+04,1.27e+04,1.21e+04,1.17e+04; 1.33e+04,1.32e+04,1.26e+04,1.22e+04; 1.37e+04,1.37e+04,1.30e+04,1.29e+04; 1.43e+04,1.42e+04,1.35e+04,1.34e+04; 1.48e+04,1.47e+04,1.42e+04,1.38e+04; 1.54e+04,1.54e+04,1.48e+04,1.40e+04; 1.58e+04,1.57e+04,1.52e+04,1.49e+04; 1.62e+04,1.62e+04,1.57e+04,1.55e+04; 1.68e+04,1.67e+04,1.62e+04,1.60e+04; 1.73e+04,1.72e+04,1.67e+04,1.65e+04; 1.78e+04,1.77e+04,1.72e+04,1.71e+04; 1.83e+04,1.82e+04,1.77e+04,1.77e+04; 1.88e+04,1.87e+04,1.82e+04,1.81e+04; 1.92e+04,1.91e+04,1.90e+04,1.86e+04; 1.98e+04,1.97e+04,1.93e+04,1.91e+04; 2.03e+04,2.02e+04,1.98e+04,1.97e+04; 2.08e+04,2.07e+04,2.03e+04,2.02e+04; 2.13e+04,2.13e+04,2.09e+04,2.07e+04; 2.18e+04,2.18e+04,2.14e+04,2.12e+04; 2.23e+04,2.23e+04,2.18e+04,2.18e+04; 2.28e+04,2.28e+04,2.23e+04,2.23e+04; 2.33e+04,2.33e+04,2.29e+04,2.28e+04; 2.39e+04,2.38e+04,2.35e+04,2.33e+04; 2.43e+04,2.43e+04,2.40e+04,2.38e+04; 2.48e+04,2.48e+04,2.45e+04,2.44e+04; 2.54e+04,2.53e+04,2.50e+04,2.49e+04; 2.59e+04,2.58e+04,2.55e+04,2.54e+04; 2.64e+04,2.63e+04,2.60e+04,2.59e+04; 2.69e+04,2.69e+04,2.65e+04,2.64e+04; 2.75e+04,2.75e+04,2.72e+04,2.66e+04; 2.79e+04,2.79e+04,2.76e+04,2.74e+04; 2.84e+04,2.84e+04,2.81e+04,2.80e+04; 2.89e+04,2.89e+04,2.86e+04,2.85e+04; 2.94e+04,2.94e+04,2.91e+04,2.90e+04; 2.99e+04,2.99e+04,2.96e+04,2.96e+04; 3.04e+04,3.04e+04,3.02e+04,3.01e+04; 3.10e+04,3.09e+04,3.06e+04,3.06e+04; 3.15e+04,3.15e+04,3.13e+04,3.09e+04; 3.20e+04,3.20e+04,3.17e+04,3.16e+04; 3.25e+04,3.24e+04,3.22e+04,3.21e+04; 3.30e+04,3.30e+04,3.27e+04,3.26e+04","0,0,0,0,0,0,6,0,0,56,0,56,0,56,8,8,0,56,0,0,6,0,0,6,56,56,6,56,6,8,0,0,6,56,56,56,6,6,0,6,6,56,56,0,8,56,8,6,6,6,56,56,56,56,0,6,0,0,56,6,6,0,56,6"
293,37.00,29.82,"16.18,18.44,20.68,22.46,23.73,24.68,25.72,27.26,28.17,28.84,29.43,30.16,31.01,31.47,32.17,32.62,33.95,34.06,34.10,34.84,35.01,35.66,36.22,36.99,37.77,37.46,36.85,38.87,38.44,37.81,40.33,38.54,38.12,39.49,40.44,38.52,41.18,40.26,40.27,40.74,41.61,44.91,44.07,43.95,45.10,45.77,45.96,45.38,47.77,46.49,49.61,49.84,54.35,53.27,56.56,56.59,59.42,59.12,57.50,63.09,64.27,64.54,62.98,64.87","1.56e+02,1.53e+02,1.48e+02,1.39e+02","15,7,15,15","9.30e+02; 1.64e+03,2.24e+02; 1.66e+03,1.13e+03; 2.03e+03,1.69e+03; 2.47e+03,2.18e+03; 2.92e+03,2.66e+03; 3.35e+03,3.16e+03; 3.48e+03,3.38e+03,5.75e+02; 3.78e+03,3.71e+03,8.71e+02; 4.23e+03,4.16e+03,9.10e+02; 4.26e+03,4.19e+03,1.78e+03; 4.30e+03,4.24e+03,2.62e+03; 4.48e+03,4.42e+03,3.19e+03; 4.70e+03,4.64e+03,3.68e+03; 4.99e+03,4.93e+03,4.03e+03; 5.26e+03,5.22e+03,4.40e+03; 5.56e+03,5.52e+03,4.72e+03; 5.86e+03,5.82e+03,5.06e+03; 6.17e+03,6.14e+03,5.36e+03; 6.54e+03,6.50e+03,5.56e+03; 6.72e+03,6.68e+03,6.12e+03; 5.98e+03,5.94e+03,5.50e+03,3.03e+03; 7.27e+03,7.24e+03,6.87e+03; 6.60e+03,6.57e+03,6.24e+03,2.90e+03; 7.64e+03,7.62e+03,7.27e+03,7.12e+02; 7.03e+03,7.00e+03,6.66e+03,3.49e+03; 6.97e+03,6.94e+03,6.61e+03,4.59e+03; 8.78e+03,8.76e+03,8.49e+03; 9.08e+03,9.05e+03,8.83e+03; 7.77e+03,7.75e+03,7.52e+03,4.85e+03; 9.70e+03,9.67e+03,9.45e+03; 1.00e+04,9.98e+03,9.76e+03; 8.56e+03,8.53e+03,8.31e+03,5.28e+03; 9.81e+03,9.78e+03,9.58e+03,2.44e+03; 9.75e+03,9.72e+03,9.49e+03,3.59e+03; 9.20e+03,9.17e+03,9.00e+03,6.10e+03; 1.15e+04,1.15e+04,1.14e+04; 9.86e+03,9.83e+03,9.67e+03,5.97e+03; 9.76e+03,9.73e+03,9.56e+03,7.21e+03; 1.07e+04,1.07e+04,1.06e+04,5.17e+03; 1.13e+04,1.12e+04,1.11e+04,4.50e+03; 1.17e+04,1.17e+04,1.16e+04,4.01e+03; 1.18e+04,1.18e+04,1.17e+04,4.74e+03; 1.16e+04,1.16e+04,1.15e+04,6.30e+03; 1.34e+04,1.33e+04,1.33e+04,1.86e+03; 1.15e+04,1.15e+04,1.14e+04,8.28e+03; 1.19e+04,1.19e+04,1.18e+04,8.18e+03; 1.28e+04,1.28e+04,1.27e+04,6.26e+03; 1.26e+04,1.25e+04,1.25e+04,7.97e+03; 1.30e+04,1.29e+04,1.29e+04,7.73e+03; 1.31e+04,1.31e+04,1.30e+04,8.18e+03; 1.28e+04,1.27e+04,1.27e+04,1.02e+04; 1.49e+04,1.49e+04,1.49e+04,4.55e+03; 1.36e+04,1.36e+04,1.35e+04,9.48e+03; 1.59e+04,1.58e+04,1.58e+04,3.64e+03; 1.45e+04,1.44e+04,1.44e+04,8.79e+03; 1.49e+04,1.49e+04,1.48e+04,8.42e+03; 1.56e+04,1.55e+04,1.55e+04,7.33e+03; 1.41e+04,1.41e+04,1.40e+04,1.27e+04; 1.62e+04,1.61e+04,1.61e+04,7.36e+03; 1.71e+04,1.71e+04,1.70e+04,5.50e+03; 1.64e+04,1.64e+04,1.64e+04,8.47e+03; 1.53e+04,1.53e+04,1.53e+04,1.27e+04; 1.53e+04,1.53e+04,1.53e+04,1.36e+04","7,7,7,7,7,7,7,7,7,7,7,7,7,7,7,7,7,55,5,5,7,7,7,7,1,1,7,7,1,55,5,55,55,5,55,7,1,55,1,7,55,7,7,5,55,5,1,5,55,7,7,55,7,7,55,55,1,55,7,1,5,5,7,1"
294,37.49,30.08,"14.25,16.57,18.24,20.14,21.82,23.21,24.42,25.29,26.41,27.11,27.74,28.20,28.62,29.15,29.61,30.54,31.04,31.80,32.44,32.81,33.02,33.45,34.16,34.51,34.62,35.27,35.65,35.47,35.77,36.40,36.63,37.46,37.24,38.01,37.52,37.68,37.91,38.44,38.61,39.22,39.47,39.78,39.49,40.08,41.37,40.45,40.69,41.15,41.84,41.22,40.99,41.18,41.58,41.21,41.84,42.48,42.47,43.14,41.97,43.70,44.91,41.31,45.25,44.69","1.60e+02,1.59e+02,1.50e+02,1.43e+02","11,3,11,3","8.33e+02; 1.67e+03; 1.77e+03,7.27e+02; 1.90e+03,1.43e+03; 2.22e+03,1.95e+03; 2.58e+03,2.41e+03; 2.97e+03,2.86e+03; 3.37e+03,3.29e+03; 3.77e+03,3.72e+03; 4.15e+03,4.10e+03,7.80e+01; 4.40e+03,4.35e+03,4.09e+02; 5.02e+03,4.98e+03; 4.81e+03,4.77e+03,1.24e+03; 4.96e+03,4.92e+03,1.77e+03; 5.04e+03,5.00e+03,2.45e+03; 5.04e+03,5.00e+03,3.28e+03; 5.31e+03,5.28e+03,3.56e+03; 5.47e+03,5.45e+03,4.06e+03; 6.08e+03,6.06e+03,3.67e+03; 6.09e+03,6.07e+03,4.50e+03; 6.26e+03,6.24e+03,4.99e+03; 6.50e+03,6.48e+03,5.34e+03; 6.71e+03,6.69e+03,5.74e+03; 6.97e+03,6.95e+03,6.06e+03; 7.25e+03,7.24e+03,6.33e+03; 7.51e+03,7.49e+03,6.65e+03; 8.08e+03,8.07e+03,6.33e+03; 8.12e+03,8.10e+03,7.09e+03; 8.30e+03,8.29e+03,7.56e+03; 8.54e+03,8.53e+03,7.87e+03,3.84e+01; 8.80e+03,8.79e+03,8.22e+03; 9.08e+03,9.06e+03,8.51e+03; 9.35e+03,9.34e+03,8.79e+03; 9.63e+03,9.62e+03,9.07e+03; 1.01e+04,1.01e+04,8.91e+03; 1.02e+04,1.02e+04,9.50e+03; 1.04e+04,1.04e+04,9.89e+03,1.28e+02; 1.07e+04,1.07e+04,1.02e+04; 1.10e+04,1.10e+04,1.05e+04; 1.10e+04,1.10e+04,1.06e+04,6.10e+02; 1.10e+04,1.10e+04,1.05e+04,1.68e+03; 1.13e+04,1.13e+04,1.09e+04,1.45e+03; 1.16e+04,1.15e+04,1.11e+04,1.59e+03; 1.18e+04,1.17e+04,1.13e+04,1.80e+03; 1.26e+04,1.26e+04,1.22e+04; 1.27e+04,1.26e+04,1.23e+04,7.36e+02; 1.17e+04,1.17e+04,1.14e+04,4.35e+03; 1.27e+04,1.27e+04,1.23e+04,2.25e+03; 1.26e+04,1.26e+04,1.22e+04,3.35e+03; 1.30e+04,1.30e+04,1.26e+04,3.08e+03; 1.29e+04,1.29e+04,1.25e+04,4.28e+03; 1.29e+04,1.28e+04,1.25e+04,5.12e+03; 1.37e+04,1.37e+04,1.34e+04,3.27e+03; 1.40e+04,1.40e+04,1.37e+04,3.18e+03; 1.39e+04,1.39e+04,1.36e+04,4.47e+03; 1.37e+04,1.37e+04,1.35e+04,5.73e+03; 1.40e+04,1.40e+04,1.37e+04,5.80e+03; 1.45e+04,1.45e+04,1.43e+04,5.02e+03; 1.44e+04,1.43e+04,1.41e+04,6.35e+03; 1.45e+04,1.45e+04,1.43e+04,6.60e+03; 1.57e+04,1.56e+04,1.54e+04,4.07e+03; 1.43e+04,1.43e+04,1.41e+04,9.07e+03; 1.37e+04,1.36e+04,1.34e+04,1.17e+04; 1.59e+04,1.59e+04,1.56e+04,5.93e+03","56,56,56,56,56,56,56,56,56,56,56,56,56,56,56,56,56,56,56,56,56,56,56,8,56,6,58,56,56,6,56,58,58,6,6,8,6,58,56,8,56,6,56,6,8,58,58,58,6,6,6,58,6,56,56,56,6,6,6,6,56,58,8,58"
295,39.68,30.91,"14.60,17.42,20.44,22.73,24.37,25.47,26.57,27.04,27.90,28.67,29.32,30.24,30.89,31.58,32.48,33.31,34.15,34.74,35.55,35.79,36.24,36.67,37.01,38.09,38.63,39.28,39.56,40.11,40.36,40.68,41.20,41.88,42.39,42.72,43.16,43.23,43.63,43.61,44.28,44.35,44.91,45.26,45.76,45.88,45.78,46.16,46.30,46.44,46.62,46.93,47.11,47.49,47.43,47.93,47.59,48.31,48.31,48.65,48.70,48.64,49.18,49.32,49.25,49.70","6.32e+01,6.28e+01,6.07e+01,5.82e+01","12,7,12,12","3.75e+02; 4.93e+02,2.56e+02; 6.04e+02,5.19e+02; 7.71e+02,7.28e+02; 9.17e+02,8.90e+02,6.53e+01; 9.74e+02,9.54e+02,3.04e+02,1.56e+01; 9.61e+02,9.35e+02,7.26e+02; 8.60e+02,8.43e+02,6.73e+02,6.21e+02; 9.85e+02,9.68e+02,8.05e+02,6.12e+02; 1.08e+03,1.06e+03,9.01e+02,7.04e+02; 1.17e+03,1.15e+03,9.89e+02,8.07e+02; 1.41e+03,1.39e+03,1.02e+03,6.69e+02; 1.59e+03,1.57e+03,1.13e+03,5.85e+02; 1.55e+03,1.54e+03,1.27e+03,8.86e+02; 1.64e+03,1.62e+03,1.32e+03,1.03e+03; 1.67e+03,1.65e+03,1.41e+03,1.27e+03; 1.74e+03,1.72e+03,1.58e+03,1.33e+03; 1.83e+03,1.82e+03,1.65e+03,1.44e+03; 1.90e+03,1.89e+03,1.75e+03,1.57e+03; 2.01e+03,1.99e+03,1.86e+03,1.63e+03; 2.10e+03,2.08e+03,1.96e+03,1.72e+03; 2.18e+03,2.17e+03,2.04e+03,1.84e+03; 2.26e+03,2.25e+03,2.11e+03,1.99e+03; 2.34e+03,2.33e+03,2.20e+03,2.12e+03; 2.42e+03,2.41e+03,2.29e+03,2.24e+03; 2.51e+03,2.50e+03,2.38e+03,2.35e+03; 2.60e+03,2.59e+03,2.46e+03,2.45e+03; 2.70e+03,2.69e+03,2.56e+03,2.54e+03; 2.79e+03,2.78e+03,2.66e+03,2.63e+03; 2.88e+03,2.87e+03,2.76e+03,2.74e+03; 2.97e+03,2.96e+03,2.85e+03,2.84e+03; 3.06e+03,3.05e+03,2.96e+03,2.93e+03; 3.15e+03,3.14e+03,3.06e+03,3.02e+03; 3.24e+03,3.23e+03,3.16e+03,3.11e+03; 3.33e+03,3.33e+03,3.25e+03,3.21e+03; 3.43e+03,3.42e+03,3.34e+03,3.29e+03; 3.52e+03,3.51e+03,3.44e+03,3.39e+03; 3.61e+03,3.60e+03,3.52e+03,3.50e+03; 3.70e+03,3.69e+03,3.63e+03,3.58e+03; 3.79e+03,3.78e+03,3.73e+03,3.67e+03; 3.88e+03,3.88e+03,3.83e+03,3.76e+03; 3.98e+03,3.97e+03,3.92e+03,3.85e+03; 4.07e+03,4.07e+03,4.02e+03,3.95e+03; 4.17e+03,4.16e+03,4.11e+03,4.04e+03; 4.26e+03,4.26e+03,4.20e+03,4.14e+03; 4.36e+03,4.35e+03,4.29e+03,4.24e+03; 4.45e+03,4.44e+03,4.38e+03,4.33e+03; 4.54e+03,4.53e+03,4.48e+03,4.43e+03; 4.63e+03,4.63e+03,4.58e+03,4.52e+03; 4.73e+03,4.72e+03,4.67e+03,4.61e+03; 4.82e+03,4.82e+03,4.76e+03,4.70e+03; 4.92e+03,4.91e+03,4.85e+03,4.80e+03; 5.01e+03,5.00e+03,4.95e+03,4.89e+03; 5.10e+03,5.10e+03,5.05e+03,4.98e+03; 5.19e+03,5.19e+03,5.14e+03,5.08e+03; 5.29e+03,5.28e+03,5.24e+03,5.17e+03; 5.38e+03,5.37e+03,5.33e+03,5.26e+03; 5.47e+03,5.47e+03,5.43e+03,5.36e+03; 5.57e+03,5.56e+03,5.52e+03,5.45e+03; 5.66e+03,5.65e+03,5.62e+03,5.55e+03; 5.75e+03,5.75e+03,5.71e+03,5.64e+03; 5.85e+03,5.84e+03,5.80e+03,5.73e+03; 5.94e+03,5.93e+03,5.90e+03,5.83e+03; 6.03e+03,6.03e+03,5.99e+03,5.92e+03","63,63,63,63,63,63,8,63,8,63,63,63,14,63,63,63,8,63,63,8,8,63,63,63,63,63,63,63,8,63,63,63,63,63,8,63,63,8,63,63,63,8,63,8,8,8,31,31,63,8,8,63,63,14,63,63,8,14,14,31,8,63,63,31"
296,30.57,25.79,"13.27,15.45,16.75,18.10,19.52,20.88,22.13,23.29,24.10,24.70,25.18,25.61,26.05,26.49,27.00,27.54,27.90,28.36,28.72,29.11,29.59,30.04,30.27,30.76,31.06,31.46,31.96,32.27,32.58,32.86,33.07,33.41,33.61,33.81,34.21,34.63,34.50,34.95,34.74,35.20,35.72,35.44,35.46,35.87,36.40,36.15,35.97,36.16,36.58,36.03,37.12,36.95,37.40,37.31,37.69,37.59,37.61,37.80,38.39,39.41,38.79,39.92,38.97,38.69","8.23e+01,8.06e+01,7.34e+01,4.25e+01","11,0,0,11","3.46e+02; 6.92e+02; 9.77e+02,6.03e+01; 9.15e+02,4.68e+02; 9.90e+02,7.39e+02; 1.11e+03,9.64e+02; 1.26e+03,1.17e+03; 1.41e+03,1.36e+03; 1.58e+03,1.53e+03; 1.75e+03,1.71e+03; 1.92e+03,1.88e+03; 2.10e+03,2.05e+03; 2.27e+03,2.23e+03; 2.44e+03,2.40e+03; 2.61e+03,2.58e+03; 2.78e+03,2.75e+03; 2.94e+03,2.92e+03,2.41e+01; 3.12e+03,3.10e+03; 2.90e+03,2.87e+03,7.98e+02; 2.92e+03,2.90e+03,1.10e+03; 2.89e+03,2.87e+03,1.50e+03; 2.95e+03,2.93e+03,1.73e+03; 3.02e+03,3.00e+03,1.93e+03; 3.11e+03,3.09e+03,2.10e+03; 3.22e+03,3.20e+03,2.22e+03; 3.32e+03,3.31e+03,2.36e+03; 3.40e+03,3.38e+03,2.55e+03; 3.56e+03,3.54e+03,2.58e+03; 3.59e+03,3.58e+03,2.86e+03; 3.69e+03,3.67e+03,3.01e+03; 3.80e+03,3.78e+03,3.15e+03; 3.89e+03,3.88e+03,3.29e+03; 4.01e+03,4.00e+03,3.41e+03; 4.11e+03,4.10e+03,3.55e+03; 4.25e+03,4.24e+03,3.62e+03; 4.36e+03,4.35e+03,3.74e+03; 4.44e+03,4.43e+03,3.92e+03; 4.55e+03,4.54e+03,4.05e+03; 4.67e+03,4.66e+03,4.16e+03; 4.55e+03,4.54e+03,4.06e+03,6.83e+02; 4.81e+03,4.79e+03,4.30e+03,2.80e+02; 4.82e+03,4.80e+03,4.34e+03,5.66e+02; 5.02e+03,5.01e+03,4.49e+03,3.53e+02; 5.06e+03,5.04e+03,4.52e+03,5.94e+02; 5.33e+03,5.32e+03,4.91e+03; 5.45e+03,5.44e+03,5.02e+03; 5.56e+03,5.55e+03,5.14e+03; 5.44e+03,5.43e+03,4.98e+03,7.44e+02; 5.45e+03,5.44e+03,5.00e+03,1.05e+03; 5.56e+03,5.55e+03,5.11e+03,1.07e+03; 5.47e+03,5.46e+03,5.03e+03,1.69e+03; 5.59e+03,5.58e+03,5.20e+03,1.62e+03; 6.23e+03,6.22e+03,5.87e+03; 6.34e+03,6.33e+03,6.00e+03; 5.97e+03,5.96e+03,5.61e+03,1.48e+03; 5.92e+03,5.91e+03,5.60e+03,1.94e+03; 6.16e+03,6.15e+03,5.81e+03,1.60e+03; 6.27e+03,6.26e+03,5.90e+03,1.64e+03; 6.10e+03,6.09e+03,5.81e+03,2.40e+03; 6.46e+03,6.45e+03,6.14e+03,1.70e+03; 6.57e+03,6.56e+03,6.27e+03,1.69e+03; 7.23e+03,7.22e+03,6.99e+03; 6.51e+03,6.50e+03,6.27e+03,2.51e+03; 6.96e+03,6.95e+03,6.69e+03,1.54e+03","56,56,56,56,56,56,56,56,56,56,56,56,56,56,56,56,56,56,56,56,56,56,56,56,56,56,62,56,58,62,62,62,62,56,58,4,56,58,4,56,56,58,58,58,56,58,58,4,58,58,56,62,56,58,56,62,4,56,4,56,4,56,62,4"
297,31.42,26.25,"12.34,14.81,17.32,19.61,21.42,22.84,23.97,24.90,25.55,26.15,26.66,27.09,27.79,28.38,28.95,29.42,29.86,30.30,30.73,31.11,31.48,31.81,32.18,32.58,32.87,33.19,33.45,33.71,34.06,34.33,34.62,34.97,35.12,35.35,35.40,35.76,35.99,36.21,36.54,36.82,36.93,37.09,36.75,37.21,37.79,37.86,37.97,38.14,38.05,38.10,38.21,38.48,38.67,38.77,38.92,39.17,39.30,39.22,39.31,39.68,39.88,39.94,40.03,39.90","3.10e+01,3.08e+01,2.72e+01,1.52e+01","12,7,12,5","1.29e+02; 2.32e+02,2.64e+01; 2.27e+02,1.61e+02; 2.74e+02,2.43e+02; 3.32e+02,3.14e+02; 3.93e+02,3.82e+02; 4.56e+02,4.48e+02; 5.20e+02,5.14e+02; 5.84e+02,5.79e+02; 6.48e+02,6.44e+02; 7.13e+02,7.08e+02; 5.80e+02,5.72e+02,3.99e+02; 6.07e+02,5.98e+02,4.75e+02; 6.51e+02,6.43e+02,5.15e+02; 6.95e+02,6.88e+02,5.55e+02; 7.39e+02,7.33e+02,5.96e+02; 7.76e+02,7.70e+02,6.50e+02; 8.15e+02,8.08e+02,7.03e+02; 8.55e+02,8.47e+02,7.53e+02; 8.95e+02,8.88e+02,8.02e+02; 9.36e+02,9.28e+02,8.50e+02; 9.70e+02,9.63e+02,8.83e+02,2.68e+01; 1.05e+03,1.04e+03,8.86e+02; 1.09e+03,1.09e+03,9.21e+02; 1.14e+03,1.13e+03,9.59e+02; 1.19e+03,1.18e+03,9.97e+02; 1.19e+03,1.19e+03,1.10e+03,2.59e+00; 1.27e+03,1.26e+03,1.08e+03; 1.28e+03,1.27e+03,1.19e+03; 1.36e+03,1.35e+03,1.17e+03; 1.40e+03,1.40e+03,1.20e+03; 1.45e+03,1.44e+03,1.24e+03; 1.49e+03,1.48e+03,1.29e+03; 1.55e+03,1.54e+03,1.31e+03; 1.60e+03,1.59e+03,1.33e+03; 1.65e+03,1.64e+03,1.36e+03; 1.69e+03,1.68e+03,1.41e+03; 1.73e+03,1.72e+03,1.46e+03; 1.78e+03,1.78e+03,1.48e+03; 1.83e+03,1.82e+03,1.52e+03; 1.87e+03,1.87e+03,1.56e+03; 1.92e+03,1.91e+03,1.60e+03; 1.78e+03,1.78e+03,1.54e+03,4.57e+02; 1.98e+03,1.98e+03,1.72e+03; 2.04e+03,2.03e+03,1.75e+03; 2.08e+03,2.07e+03,1.79e+03; 2.13e+03,2.13e+03,1.81e+03; 2.18e+03,2.17e+03,1.85e+03; 2.22e+03,2.21e+03,1.89e+03,1.99e+01; 2.13e+03,2.12e+03,1.92e+03,2.91e+02; 2.15e+03,2.14e+03,1.96e+03,3.38e+02; 2.23e+03,2.22e+03,2.00e+03,2.72e+02; 2.25e+03,2.25e+03,1.97e+03,3.77e+02; 2.26e+03,2.25e+03,2.05e+03,4.17e+02; 2.43e+03,2.43e+03,2.12e+03,1.22e+02; 2.49e+03,2.49e+03,2.16e+03,1.03e+02; 2.54e+03,2.54e+03,2.21e+03,7.26e+01; 2.36e+03,2.36e+03,2.03e+03,7.41e+02; 2.30e+03,2.29e+03,1.98e+03,1.05e+03; 2.44e+03,2.43e+03,2.16e+03,7.31e+02; 2.45e+03,2.44e+03,2.16e+03,8.30e+02; 2.50e+03,2.50e+03,2.27e+03,7.45e+02; 2.63e+03,2.62e+03,2.33e+03,5.60e+02; 2.63e+03,2.63e+03,2.34e+03,6.68e+02","63,63,63,63,63,63,63,63,63,63,63,8,8,63,63,63,8,8,8,8,8,63,8,63,63,63,63,63,8,8,63,63,8,31,63,63,63,63,63,63,47,63,8,8,8,47,63,63,63,31,47,8,63,8,63,63,63,8,8,8,63,47,47,63"
298,27.18,23.94,"11.45,13.73,15.10,16.05,16.80,17.53,18.26,19.04,19.70,20.24,20.74,21.23,21.69,22.16,22.66,23.16,23.50,23.69,23.84,24.32,24.64,24.76,25.25,25.55,25.82,26.07,26.28,26.35,26.57,26.88,27.13,27.32,27.66,27.81,27.92,28.16,28.34,28.47,28.62,28.76,28.96,29.04,29.18,29.32,29.36,29.63,29.86,29.91,30.04,30.25,30.45,30.11,30.49,30.60,30.89,30.95,31.08,31.10,31.13,31.19,31.39,31.60,31.59,31.81","2.97e+01,2.92e+01,2.19e+01,2.15e-03","12,4,12,4","1.00e+02; 2.01e+02; 3.01e+02; 3.28e+02,7.32e+01; 3.84e+02,1.18e+02; 4.00e+02,1.78e+02,2.38e+01; 3.83e+02,1.76e+02,1.42e+02; 3.93e+02,2.57e+02,1.52e+02; 4.23e+02,3.08e+02,1.71e+02; 4.52e+02,3.30e+02,2.21e+02; 4.87e+02,3.59e+02,2.58e+02; 5.22e+02,3.87e+02,2.95e+02; 5.54e+02,4.12e+02,3.37e+02; 5.85e+02,4.53e+02,3.66e+02; 6.12e+02,4.89e+02,4.04e+02; 6.57e+02,5.39e+02,4.09e+02; 6.94e+02,5.79e+02,4.32e+02; 7.30e+02,6.14e+02,4.62e+02; 7.21e+02,6.15e+02,4.95e+02,7.47e+01; 7.75e+02,6.69e+02,5.62e+02; 8.25e+02,7.02e+02,5.79e+02; 8.24e+02,7.11e+02,6.00e+02,7.12e+01; 9.10e+02,7.79e+02,6.17e+02; 9.45e+02,8.21e+02,6.40e+02; 9.78e+02,8.60e+02,6.69e+02; 1.01e+03,8.93e+02,7.04e+02; 1.07e+03,9.46e+02,6.91e+02; 1.05e+03,9.54e+02,8.04e+02; 1.08e+03,9.86e+02,8.39e+02; 1.17e+03,1.04e+03,7.97e+02; 1.21e+03,1.08e+03,8.16e+02; 1.25e+03,1.12e+03,8.39e+02; 1.28e+03,1.16e+03,8.63e+02; 1.31e+03,1.19e+03,9.06e+02; 1.36e+03,1.24e+03,9.12e+02; 1.42e+03,1.29e+03,9.07e+02; 1.35e+03,1.26e+03,1.09e+03; 1.47e+03,1.33e+03,1.01e+03; 1.51e+03,1.38e+03,1.03e+03; 1.54e+03,1.42e+03,1.05e+03; 1.58e+03,1.45e+03,1.08e+03; 1.62e+03,1.49e+03,1.10e+03; 1.72e+03,1.59e+03,9.97e+02; 1.75e+03,1.60e+03,1.07e+03; 1.62e+03,1.54e+03,1.35e+03; 1.76e+03,1.63e+03,1.23e+03; 1.80e+03,1.67e+03,1.24e+03; 1.84e+03,1.71e+03,1.27e+03; 1.88e+03,1.74e+03,1.29e+03; 1.90e+03,1.76e+03,1.35e+03; 1.99e+03,1.85e+03,1.28e+03; 1.84e+03,1.77e+03,1.52e+03,8.62e+01; 1.93e+03,1.83e+03,1.55e+03; 2.05e+03,1.92e+03,1.45e+03; 2.10e+03,1.96e+03,1.46e+03; 2.14e+03,2.01e+03,1.47e+03; 2.18e+03,2.05e+03,1.49e+03; 2.21e+03,2.08e+03,1.53e+03; 2.31e+03,2.17e+03,1.44e+03; 2.58e+03,2.43e+03,8.99e+02,1.05e+02; 2.25e+03,2.14e+03,1.72e+03; 2.33e+03,2.20e+03,1.68e+03; 2.40e+03,2.26e+03,1.65e+03; 2.44e+03,2.30e+03,1.68e+03","48,48,48,48,48,48,48,48,48,48,48,48,48,48,48,48,54,52,48,48,48,54,48,54,48,54,54,50,48,54,48,54,54,54,54,48,48,52,48,54,52,54,52,48,48,52,54,54,50,48,48,50,48,54,52,48,54,50,54,48,48,52,52,50"
306,0.15,0.08,"0.00,0.00,0.01,0.01,0.01,0.01,0.02,0.02,0.03,0.04,0.05,0.06,0.06,0.07,0.08,0.09,0.10,0.11,0.13,0.14,0.15,0.16,0.17,0.19,0.20,0.22,0.24,0.25,0.26,0.28,0.29,0.31,0.33,0.35,0.37,0.38,0.40,0.41,0.43,0.45,0.47,0.49,0.51,0.53,0.54,0.56,0.58,0.60,0.62,0.64,0.66,0.68,0.70,0.72,0.74,0.76,0.78,0.80,0.82,0.84,0.86,0.89,0.91,0.93","1.58e-05,1.20e-09,6.44e-10,2.14e-10","1,1,1,1","1.97e-05; 3.93e-05; 5.90e-05; 7.86e-05; 9.83e-05; 1.18e-04; 1.38e-04; 1.57e-04; 1.77e-04; 1.97e-04; 2.16e-04; 2.36e-04; 2.56e-04; 2.75e-04; 2.95e-04; 3.14e-04; 3.34e-04; 3.54e-04; 3.73e-04; 3.93e-04; 4.13e-04; 4.32e-04; 4.52e-04; 4.72e-04; 4.91e-04; 5.11e-04; 5.31e-04; 5.50e-04; 5.70e-04; 5.90e-04; 6.09e-04; 6.29e-04; 6.49e-04; 6.68e-04; 6.88e-04; 7.08e-04; 7.27e-04; 7.44e-04,2.80e-06; 7.67e-04; 7.86e-04; 8.06e-04; 8.25e-04; 8.45e-04; 8.45e-04,1.94e-05; 8.05e-04,7.98e-05; 7.99e-04,1.05e-04; 8.22e-04,1.02e-04; 8.45e-04,9.79e-05; 8.73e-04,9.01e-05; 9.01e-04,8.15e-05; 9.10e-04,9.24e-05; 8.90e-04,1.32e-04; 8.65e-04,1.76e-04; 8.66e-04,1.95e-04; 8.86e-04,1.95e-04; 9.07e-04,1.94e-04; 9.30e-04,1.90e-04; 9.53e-04,1.87e-04; 9.63e-04,1.97e-04; 9.53e-04,2.27e-04; 9.38e-04,2.61e-04; 9.41e-04,2.77e-04; 9.59e-04,2.79e-04; 9.79e-04,2.79e-04","39,39,39,39,39,39,39,39,39,39,39,39,39,39,39,39,39,39,39,39,39,39,39,39,39,39,39,39,39,39,39,39,39,39,39,39,39,39,39,39,39,39,39,39,39,39,39,39,39,39,39,39,39,39,39,39,39,39,39,39,39,39,39,39"
307,3.41,3.07,"0.17,0.54,0.93,1.29,1.60,1.87,2.10,2.30,2.52,2.76,3.00,3.22,3.42,3.60,3.78,3.95,4.11,4.28,4.44,4.59,4.73,4.87,5.01,5.16,5.29,5.43,5.55,5.67,5.78,5.89,6.01,6.13,6.25,6.36,6.47,6.56,6.65,6.75,6.85,6.96,7.06,7.16,7.25,7.33,7.41,7.50,7.58,7.68,7.77,7.86,7.95,8.02,8.09,8.16,8.24,8.33,8.41,8.50,8.57,8.64,8.70,8.76,8.84,8.91","8.38e-04,4.37e-08,2.15e-08,1.49e-08","1,1,1,1","1.04e-03; 2.08e-03; 3.12e-03; 4.16e-03; 5.20e-03; 6.24e-03; 7.28e-03; 8.32e-03; 8.71e-03,6.46e-04; 9.44e-03,9.61e-04; 1.05e-02,9.73e-04; 1.15e-02,9.61e-04; 1.24e-02,1.14e-03; 1.27e-02,1.90e-03; 1.29e-02,2.67e-03; 1.30e-02,3.64e-03; 1.32e-02,4.44e-03; 1.38e-02,4.95e-03; 1.45e-02,5.23e-03; 1.54e-02,5.42e-03; 1.62e-02,5.68e-03; 1.68e-02,6.12e-03; 1.71e-02,6.77e-03; 1.73e-02,7.64e-03; 1.76e-02,8.41e-03; 1.80e-02,8.99e-03; 1.87e-02,9.39e-03; 1.94e-02,9.69e-03; 2.01e-02,1.00e-02; 2.07e-02,1.05e-02; 2.12e-02,1.11e-02; 2.14e-02,1.19e-02; 2.17e-02,1.26e-02; 2.21e-02,1.32e-02; 2.27e-02,1.37e-02; 2.34e-02,1.41e-02; 2.40e-02,1.44e-02; 2.46e-02,1.49e-02; 2.51e-02,1.55e-02; 2.54e-02,1.62e-02; 2.57e-02,1.69e-02; 2.61e-02,1.76e-02; 2.67e-02,1.81e-02; 2.73e-02,1.85e-02; 2.79e-02,1.89e-02; 2.85e-02,1.93e-02; 2.90e-02,1.99e-02; 2.93e-02,2.06e-02; 2.97e-02,2.13e-02; 3.01e-02,2.19e-02; 3.06e-02,2.24e-02; 3.12e-02,2.28e-02; 3.18e-02,2.33e-02; 3.24e-02,2.38e-02; 3.29e-02,2.43e-02; 3.32e-02,2.50e-02; 3.36e-02,2.57e-02; 3.40e-02,2.63e-02; 3.45e-02,2.68e-02; 3.51e-02,2.73e-02; 3.57e-02,2.77e-02; 3.63e-02,2.82e-02; 3.68e-02,2.87e-02; 3.72e-02,2.94e-02","33,33,33,33,33,33,33,33,33,33,33,33,33,33,33,33,33,33,33,33,33,33,33,33,33,33,33,33,33,33,33,33,33,33,33,33,33,33,33,33,33,33,33,33,33,33,33,33,33,33,33,33,33,33,33,33,33,33,33,33,33,33,33,33"
308,9.57,9.94,"2.25,3.76,4.74,5.43,6.07,6.62,7.10,7.53,7.93,8.29,8.63,8.93,9.23,9.52,9.79,10.06,10.30,10.54,10.76,10.96,11.15,11.35,11.55,11.75,11.93,12.11,12.28,12.43,12.58,12.73,12.89,13.04,13.19,13.34,13.47,13.59,13.71,13.83,13.96,14.09,14.22,14.34,14.45,14.56,14.66,14.76,14.87,14.98,15.09,15.19,15.29,15.38,15.47,15.56,15.65,15.75,15.85,15.94,16.03,16.11,16.18,16.26,16.35,16.44","5.65e-02,5.37e-03,1.89e-06,1.10e-06","4,4,4,4","7.69e-02; 1.54e-01; 2.31e-01; 2.62e-01,4.56e-02; 3.14e-01,7.07e-02; 3.45e-01,1.16e-01; 3.74e-01,1.64e-01; 3.97e-01,2.18e-01; 4.27e-01,2.65e-01; 4.75e-01,2.94e-01; 5.32e-01,3.13e-01; 5.88e-01,3.34e-01; 6.36e-01,3.63e-01; 6.74e-01,4.03e-01; 7.03e-01,4.50e-01; 7.29e-01,5.01e-01; 7.58e-01,5.49e-01; 7.97e-01,5.87e-01; 8.44e-01,6.16e-01; 8.94e-01,6.44e-01; 9.40e-01,6.74e-01; 9.80e-01,7.11e-01; 1.01e+00,7.55e-01; 1.04e+00,8.02e-01; 1.07e+00,8.48e-01; 1.11e+00,8.88e-01; 1.15e+00,9.22e-01; 1.20e+00,9.52e-01; 1.24e+00,9.85e-01; 1.28e+00,1.02e+00; 1.32e+00,1.06e+00; 1.35e+00,1.11e+00; 1.38e+00,1.15e+00; 1.42e+00,1.19e+00; 1.46e+00,1.23e+00; 1.51e+00,1.26e+00; 1.55e+00,1.29e+00; 1.59e+00,1.33e+00; 1.63e+00,1.37e+00; 1.66e+00,1.41e+00; 1.69e+00,1.46e+00; 1.73e+00,1.50e+00; 1.77e+00,1.54e+00; 1.81e+00,1.57e+00; 1.85e+00,1.60e+00; 1.90e+00,1.64e+00; 1.93e+00,1.68e+00; 1.97e+00,1.72e+00; 2.00e+00,1.77e+00; 2.04e+00,1.81e+00; 2.08e+00,1.84e+00; 2.12e+00,1.88e+00; 2.16e+00,1.91e+00; 2.20e+00,1.95e+00; 2.24e+00,1.99e+00; 2.27e+00,2.03e+00; 2.31e+00,2.07e+00; 2.34e+00,2.12e+00; 2.38e+00,2.15e+00; 2.42e+00,2.19e+00; 2.46e+00,2.22e+00; 2.50e+00,2.26e+00; 2.54e+00,2.30e+00; 2.58e+00,2.34e+00","25,25,25,25,25,25,25,25,25,25,25,25,25,25,25,25,25,25,25,25,25,25,25,25,25,25,25,25,25,25,25,25,25,25,25,25,25,25,25,25,25,25,25,25,25,25,25,25,25,25,25,25,25,25,25,25,25,25,25,25,25,25,25,25"
309,12.42,12.04,"2.95,4.62,5.68,6.51,7.33,8.07,8.72,9.34,9.75,10.22,10.63,11.00,11.36,11.74,12.09,12.38,12.64,13.00,13.35,13.71,14.01,14.27,14.55,14.83,15.01,15.24,15.49,15.69,15.87,16.08,16.29,16.49,16.60,16.80,17.01,17.21,17.39,17.55,17.74,17.92,18.07,18.22,18.39,18.56,18.70,18.84,18.99,19.14,19.21,19.33,19.47,19.60,19.71,19.82,19.95,20.09,20.17,20.28,20.41,20.55,20.67,20.77,20.89,21.03","4.46e-02,4.00e-02,2.38e-06,1.65e-06","5,5,5,5","1.05e-01; 2.10e-01; 3.15e-01; 3.54e-01,6.60e-02; 3.85e-01,1.40e-01; 4.23e-01,2.06e-01; 4.67e-01,2.67e-01; 5.05e-01,3.34e-01; 5.34e-01,3.56e-01,5.40e-02; 5.60e-01,3.74e-01,1.15e-01; 6.02e-01,4.04e-01,1.48e-01; 6.48e-01,4.24e-01,1.86e-01; 6.87e-01,4.23e-01,2.53e-01; 7.25e-01,4.25e-01,3.18e-01; 7.65e-01,4.55e-01,3.54e-01; 8.10e-01,5.24e-01,3.44e-01; 8.38e-01,5.59e-01,3.03e-01,8.31e-02; 8.79e-01,5.97e-01,4.11e-01; 9.16e-01,6.06e-01,4.71e-01; 9.63e-01,6.10e-01,5.24e-01; 9.99e-01,6.22e-01,5.81e-01; 1.04e+00,6.50e-01,6.18e-01; 1.07e+00,6.82e-01,6.55e-01; 1.11e+00,7.28e-01,6.81e-01; 1.15e+00,7.89e-01,6.83e-01; 1.19e+00,8.31e-01,7.07e-01; 1.23e+00,8.58e-01,7.48e-01; 1.27e+00,8.83e-01,7.85e-01; 1.31e+00,9.10e-01,8.20e-01; 1.35e+00,9.37e-01,8.58e-01; 1.39e+00,9.75e-01,8.87e-01; 1.43e+00,1.03e+00,8.99e-01; 1.46e+00,1.08e+00,9.04e-01,1.96e-02; 1.53e+00,1.13e+00,9.12e-01; 1.55e+00,1.15e+00,9.71e-01; 1.58e+00,1.17e+00,1.03e+00; 1.61e+00,1.19e+00,1.08e+00; 1.65e+00,1.21e+00,1.12e+00; 1.69e+00,1.24e+00,1.16e+00; 1.73e+00,1.28e+00,1.19e+00; 1.77e+00,1.33e+00,1.20e+00; 1.81e+00,1.37e+00,1.22e+00; 1.85e+00,1.40e+00,1.26e+00; 1.88e+00,1.42e+00,1.31e+00; 1.91e+00,1.45e+00,1.36e+00; 1.95e+00,1.48e+00,1.40e+00; 1.99e+00,1.51e+00,1.43e+00; 2.02e+00,1.56e+00,1.45e+00; 2.07e+00,1.59e+00,1.48e+00; 2.11e+00,1.64e+00,1.49e+00; 2.15e+00,1.67e+00,1.52e+00; 2.19e+00,1.70e+00,1.56e+00; 2.23e+00,1.73e+00,1.59e+00; 2.27e+00,1.76e+00,1.63e+00; 2.31e+00,1.79e+00,1.67e+00,1.90e-03; 2.34e+00,1.83e+00,1.69e+00,1.02e-02; 2.38e+00,1.88e+00,1.65e+00,6.84e-02; 2.31e+00,1.84e+00,1.64e+00,2.83e-01; 2.35e+00,1.87e+00,1.68e+00,2.90e-01; 2.48e+00,1.97e+00,1.74e+00,1.09e-01; 2.52e+00,1.99e+00,1.79e+00,9.84e-02; 2.53e+00,1.99e+00,1.80e+00,1.81e-01; 2.51e+00,1.98e+00,1.79e+00,3.32e-01; 2.46e+00,1.97e+00,1.87e+00,4.06e-01","32,32,32,32,32,32,32,32,32,32,32,32,32,32,32,32,32,32,32,32,32,32,32,32,32,32,32,32,32,32,32,32,32,32,32,32,32,32,32,32,32,32,32,32,32,32,32,32,34,32,32,32,32,32,32,32,32,32,32,32,32,32,32,32"
310,4.77,4.48,"0.21,0.65,1.09,1.49,1.83,2.12,2.37,2.60,2.81,3.05,3.27,3.48,3.66,3.84,4.00,4.17,4.32,4.48,4.65,4.81,4.95,5.11,5.26,5.47,5.59,5.70,5.85,5.95,6.04,6.14,6.28,6.39,6.49,6.61,6.75,6.84,6.94,7.03,7.16,7.30,7.38,7.48,7.61,7.70,7.77,7.84,7.96,8.08,8.16,8.26,8.35,8.42,8.49,8.56,8.66,8.78,8.85,8.92,9.02,9.14,9.20,9.26,9.35,9.44","2.24e-03,1.49e-07,5.74e-08,4.16e-08","1,1,1,1","2.79e-03; 5.57e-03; 8.36e-03; 1.11e-02; 1.39e-02; 1.67e-02; 1.95e-02; 2.02e-02,2.04e-03; 2.07e-02,4.32e-03; 2.22e-02,5.61e-03; 2.45e-02,6.17e-03; 2.71e-02,6.30e-03; 2.98e-02,6.39e-03; 3.20e-02,6.99e-03; 3.35e-02,8.32e-03; 3.26e-02,8.23e-03,3.72e-03; 3.54e-02,1.20e-02; 3.69e-02,1.32e-02; 3.90e-02,1.40e-02; 4.15e-02,1.42e-02; 4.34e-02,1.51e-02; 4.29e-02,1.25e-02,5.96e-03; 4.30e-02,1.34e-02,7.73e-03; 4.07e-02,1.60e-02,1.01e-02; 4.15e-02,1.69e-02,1.13e-02; 4.27e-02,1.76e-02,1.22e-02; 4.30e-02,1.72e-02,1.50e-02; 4.47e-02,1.76e-02,1.57e-02; 4.64e-02,1.80e-02,1.65e-02; 4.78e-02,1.85e-02,1.73e-02; 4.79e-02,2.29e-02,1.56e-02; 4.85e-02,2.42e-02,1.65e-02; 4.91e-02,2.54e-02,1.74e-02; 5.01e-02,2.62e-02,1.83e-02; 5.14e-02,2.74e-02,1.87e-02; 5.33e-02,2.80e-02,1.90e-02; 5.47e-02,2.93e-02,1.91e-02; 5.63e-02,2.99e-02,1.97e-02; 5.69e-02,3.11e-02,2.07e-02; 5.71e-02,2.97e-02,2.47e-02; 5.80e-02,3.07e-02,2.55e-02; 5.86e-02,3.24e-02,2.60e-02; 5.90e-02,3.47e-02,2.61e-02; 6.02e-02,3.63e-02,2.61e-02; 6.16e-02,3.73e-02,2.65e-02; 6.29e-02,3.82e-02,2.70e-02; 6.36e-02,4.36e-02,2.37e-02; 6.40e-02,4.56e-02,2.41e-02; 6.47e-02,4.68e-02,2.50e-02; 6.56e-02,4.78e-02,2.59e-02; 6.69e-02,4.89e-02,2.63e-02; 6.83e-02,5.00e-02,2.66e-02; 6.96e-02,5.12e-02,2.68e-02; 7.11e-02,5.20e-02,2.74e-02; 7.19e-02,5.30e-02,2.83e-02; 7.20e-02,5.08e-02,3.32e-02; 7.26e-02,5.21e-02,3.40e-02; 7.34e-02,5.34e-02,3.48e-02; 7.41e-02,5.51e-02,3.51e-02; 7.49e-02,5.69e-02,3.53e-02; 7.62e-02,5.80e-02,3.57e-02; 7.74e-02,5.91e-02,3.62e-02; 7.83e-02,6.06e-02,3.66e-02; 7.89e-02,6.21e-02,3.73e-02","32,32,32,32,32,32,32,32,32,32,32,32,32,32,32,32,32,32,32,32,32,32,32,32,17,17,32,17,17,17,32,17,17,32,32,32,17,32,32,32,17,32,32,32,17,17,32,32,17,32,32,17,17,32,32,32,32,32,32,32,17,17,32,32"
311,0.69,0.71,"0.01,0.03,0.07,0.11,0.16,0.21,0.27,0.32,0.38,0.45,0.53,0.61,0.69,0.76,0.83,0.89,0.96,1.03,1.10,1.18,1.25,1.32,1.38,1.44,1.50,1.56,1.62,1.69,1.76,1.82,1.87,1.92,1.97,2.03,2.08,2.14,2.20,2.25,2.30,2.35,2.39,2.44,2.49,2.54,2.59,2.64,2.68,2.72,2.76,2.80,2.85,2.89,2.94,2.98,3.02,3.06,3.10,3.14,3.18,3.22,3.26,3.30,3.34,3.37","4.35e-05,3.57e-09,1.32e-09,6.45e-10","0,0,0,0","5.40e-05; 1.08e-04; 1.62e-04; 2.16e-04; 2.70e-04; 3.24e-04; 3.78e-04; 4.32e-04; 4.86e-04; 5.40e-04; 5.94e-04; 6.48e-04; 7.02e-04; 7.56e-04; 8.10e-04; 8.64e-04; 9.18e-04; 9.72e-04; 1.03e-03; 1.08e-03; 1.13e-03; 1.19e-03; 1.24e-03; 1.30e-03; 1.35e-03; 1.40e-03; 1.46e-03; 1.51e-03; 1.57e-03; 1.62e-03; 1.67e-03; 1.73e-03; 1.78e-03; 1.84e-03; 1.89e-03; 1.94e-03; 2.00e-03; 2.05e-03; 2.11e-03; 2.16e-03; 2.21e-03; 2.27e-03; 2.32e-03; 2.38e-03; 2.43e-03; 2.48e-03; 2.54e-03; 2.57e-03,2.61e-05; 2.58e-03,6.51e-05; 2.61e-03,8.89e-05; 2.66e-03,9.71e-05; 2.71e-03,9.46e-05; 2.77e-03,9.11e-05; 2.82e-03,9.56e-05; 2.86e-03,1.15e-04; 2.88e-03,1.49e-04; 2.89e-03,1.88e-04; 2.83e-03,2.99e-04; 2.87e-03,3.14e-04; 2.92e-03,3.16e-04; 2.98e-03,3.17e-04; 3.02e-03,3.28e-04; 3.05e-03,3.53e-04; 3.07e-03,3.91e-04","24,24,24,24,24,24,24,24,24,24,24,24,24,24,24,24,24,24,24,24,24,24,24,24,24,24,24,24,24,24,24,24,24,24,24,24,24,24,24,24,24,24,24,24,24,24,24,24,24,24,24,24,24,24,24,24,24,24,24,24,24,24,24,24"
312,0.71,0.62,"0.01,0.05,0.09,0.15,0.22,0.28,0.35,0.41,0.49,0.58,0.67,0.77,0.86,0.94,1.01,1.08,1.15,1.24,1.32,1.41,1.49,1.57,1.63,1.69,1.75,1.82,1.90,1.97,2.04,2.11,2.17,2.22,2.27,2.33,2.39,2.46,2.52,2.58,2.63,2.68,2.73,2.79,2.84,2.90,2.95,3.01,3.06,3.10,3.15,3.19,3.24,3.29,3.34,3.39,3.44,3.48,3.52,3.56,3.61,3.65,3.70,3.74,3.78,3.82","4.44e-05,3.29e-09,1.73e-09,5.47e-10","4,4,4,4","5.51e-05; 1.10e-04; 1.65e-04; 2.21e-04; 2.76e-04; 3.31e-04; 3.86e-04; 4.41e-04; 4.96e-04; 5.51e-04; 6.07e-04; 6.62e-04; 7.17e-04; 7.72e-04; 8.27e-04; 8.82e-04; 9.38e-04; 9.93e-04; 1.05e-03; 1.10e-03; 1.16e-03; 1.21e-03; 1.27e-03; 1.32e-03; 1.38e-03; 1.43e-03; 1.49e-03; 1.54e-03; 1.60e-03; 1.65e-03; 1.71e-03; 1.72e-03,4.02e-05; 1.74e-03,7.59e-05; 1.77e-03,1.05e-04; 1.81e-03,1.18e-04; 1.86e-03,1.21e-04; 1.92e-03,1.23e-04; 1.96e-03,1.38e-04; 1.98e-03,1.68e-04; 2.00e-03,2.05e-04; 2.02e-03,2.37e-04; 2.01e-03,3.06e-04; 2.05e-03,3.23e-04; 2.10e-03,3.30e-04; 2.14e-03,3.38e-04; 2.18e-03,3.53e-04; 2.21e-03,3.81e-04; 2.23e-03,4.16e-04; 2.25e-03,4.48e-04; 2.28e-03,4.77e-04; 2.32e-03,4.97e-04; 2.36e-03,5.05e-04; 2.41e-03,5.13e-04; 2.45e-03,5.27e-04; 2.48e-03,5.53e-04; 2.50e-03,5.84e-04; 2.53e-03,6.15e-04; 2.56e-03,6.43e-04; 2.59e-03,6.63e-04; 2.64e-03,6.73e-04; 2.68e-03,6.81e-04; 2.72e-03,6.95e-04; 2.76e-03,7.19e-04; 2.78e-03,7.49e-04","33,33,33,33,33,33,33,33,33,33,33,33,33,33,33,33,33,33,33,33,33,33,33,33,33,33,33,33,33,33,33,33,33,33,33,33,33,33,33,33,33,33,33,33,33,33,33,33,33,33,33,33,33,33,33,33,33,33,33,33,33,33,33,33"
