ue,C_AE,C_UE,C_BS_hist,lambda_UE,ue_beams,lambda_BS_per_layer,bs_beams
1108,2.25,2.29,"0.06,0.21,0.40,0.61,0.81,1.00,1.18,1.33,1.50,1.68,1.86,2.03,2.19,2.33,2.46,2.57,2.69,2.81,2.94,3.06,3.17,3.28,3.37,3.46,3.55,3.64,3.73,3.83,3.92,4.00,4.08,4.15,4.21,4.29,4.38,4.47,4.56,4.65,4.72,4.77,4.84,4.92,5.00,5.08,5.16,5.23,5.31,5.37,5.42,5.49,5.56,5.64,5.71,5.78,5.84,5.89,5.94,5.99,6.04,6.11,6.18,6.23,6.28,6.33","3.25e-04,1.88e-08,1.05e-08,7.92e-09","4,4,4,4","4.04e-04; 8.07e-04; 1.21e-03; 1.61e-03; 2.02e-03; 2.42e-03; 2.83e-03; 3.23e-03; 3.63e-03; 4.04e-03; 4.44e-03; 4.84e-03; 5.25e-03; 5.65e-03; 6.05e-03; 6.46e-03; 6.86e-03; 7.26e-03; 7.67e-03; 8.07e-03; 8.48e-03; 8.88e-03; 9.28e-03; 9.69e-03; 1.00e-02,8.88e-05; 1.03e-02,1.48e-04; 1.08e-02,1.47e-04; 1.12e-02,1.10e-04; 1.16e-02,1.21e-04,2.61e-05; 1.15e-02,6.02e-04; 1.16e-02,9.11e-04; 1.17e-02,1.26e-03; 1.09e-02,2.37e-03; 1.12e-02,2.52e-03; 1.14e-02,2.33e-03,3.49e-04; 1.17e-02,1.95e-03,9.19e-04; 1.19e-02,1.58e-03,1.47e-03; 1.20e-02,1.87e-03,1.42e-03; 1.21e-02,2.05e-03,1.57e-03; 1.23e-02,2.51e-03,1.39e-03; 1.23e-02,2.50e-03,1.79e-03; 1.23e-02,2.70e-03,1.90e-03; 1.25e-02,2.99e-03,1.85e-03; 1.27e-02,3.39e-03,1.64e-03; 1.29e-02,3.74e-03,1.48e-03; 1.31e-02,4.00e-03,1.47e-03; 1.32e-02,4.09e-03,1.70e-03; 1.32e-02,4.09e-03,2.10e-03; 1.33e-02,4.40e-03,2.06e-03; 1.34e-02,4.50e-03,2.29e-03; 1.35e-02,4.71e-03,2.33e-03; 1.37e-02,4.97e-03,2.28e-03; 1.39e-02,5.25e-03,2.21e-03; 1.41e-02,5.44e-03,2.27e-03; 1.42e-02,5.54e-03,2.47e-03; 1.43e-02,5.80e-03,2.49e-03; 1.44e-02,6.05e-03,2.52e-03; 1.46e-02,6.32e-03,2.53e-03; 1.47e-02,6.61e-03,2.54e-03; 1.48e-02,6.80e-03,2.56e-03; 1.50e-02,7.00e-03,2.58e-03; 1.52e-02,7.26e-03,2.60e-03; 1.53e-02,7.52e-03,2.62e-03; 1.54e-02,7.73e-03,2.68e-03","25,25,25,25,25,25,25,25,25,25,25,25,25,25,25,25,25,25,25,25,25,25,25,25,25,25,25,25,25,25,25,25,25,25,25,25,25,25,25,9,25,25,25,25,25,25,25,25,9,25,25,25,25,25,25,9,9,9,9,25,25,9,9,9"
1109,15.22,15.28,"5.28,7.14,8.34,9.46,10.48,11.37,12.12,12.77,13.38,13.87,14.26,14.63,15.00,15.37,15.74,16.08,16.42,16.70,16.95,17.17,17.39,17.62,17.86,18.08,18.32,18.53,18.70,18.87,19.03,19.19,19.43,19.63,19.81,19.98,20.13,20.28,20.43,20.57,20.70,20.83,20.97,21.11,21.23,21.35,21.47,21.59,21.73,21.87,22.00,22.13,22.24,22.35,22.45,22.57,22.71,22.85,22.96,23.07,23.17,23.26,23.35,23.44,23.55,23.67","2.85e-01,2.56e-01,1.43e-05,1.19e-05","5,5,5,5","6.71e-01; 1.34e+00; 1.69e+00,3.20e-01; 1.98e+00,7.08e-01; 2.20e+00,1.16e+00; 2.45e+00,1.57e+00; 2.74e+00,1.96e+00; 3.04e+00,2.33e+00; 3.34e+00,2.70e+00; 3.69e+00,3.02e+00; 4.05e+00,3.33e+00; 4.42e+00,3.64e+00; 4.76e+00,3.96e+00; 5.10e+00,4.30e+00; 5.42e+00,4.64e+00; 5.44e+00,4.65e+00,6.49e-01; 5.73e+00,5.01e+00,6.58e-01; 6.06e+00,5.35e+00,6.65e-01; 6.85e+00,5.89e+00; 7.27e+00,6.15e+00; 7.66e+00,6.43e+00; 8.03e+00,6.73e+00; 8.40e+00,7.03e+00; 8.79e+00,7.32e+00; 9.11e+00,7.67e+00; 9.44e+00,8.00e+00; 9.80e+00,8.32e+00; 1.02e+01,8.63e+00; 1.05e+01,8.94e+00; 1.09e+01,9.20e+00; 1.08e+01,9.18e+00,8.03e-01; 1.09e+01,9.30e+00,1.22e+00; 1.02e+01,8.99e+00,2.36e+00,5.47e-01; 1.06e+01,9.37e+00,2.44e+00,3.63e-01; 1.16e+01,1.00e+01,1.91e+00; 1.13e+01,9.86e+00,2.99e+00; 1.21e+01,1.03e+01,2.47e+00; 1.23e+01,1.05e+01,2.74e+00; 1.26e+01,1.08e+01,2.83e+00; 1.23e+01,1.07e+01,3.42e+00,4.04e-01; 1.26e+01,1.10e+01,3.48e+00,4.09e-01; 1.29e+01,1.13e+01,3.57e+00,3.47e-01; 1.34e+01,1.17e+01,3.71e+00,1.67e-02; 1.42e+01,1.22e+01,3.13e+00; 1.44e+01,1.24e+01,3.38e+00; 1.41e+01,1.22e+01,4.42e+00,9.91e-02; 1.44e+01,1.24e+01,4.63e+00,5.52e-02; 1.45e+01,1.24e+01,4.85e+00,4.00e-01; 1.54e+01,1.30e+01,4.39e+00; 1.56e+01,1.32e+01,4.66e+00; 1.59e+01,1.35e+01,4.87e+00; 1.62e+01,1.37e+01,5.07e+00; 1.63e+01,1.38e+01,5.46e+00; 1.60e+01,1.36e+01,6.51e+00,1.38e-01; 1.62e+01,1.37e+01,6.88e+00,9.73e-02; 1.69e+01,1.40e+01,6.74e+00; 1.65e+01,1.39e+01,7.23e+00,5.81e-01; 1.68e+01,1.41e+01,7.39e+00,6.20e-01; 1.69e+01,1.43e+01,7.43e+00,9.24e-01; 1.80e+01,1.50e+01,7.18e+00,1.30e-01; 1.82e+01,1.51e+01,7.43e+00,1.34e-01; 1.84e+01,1.52e+01,7.71e+00,2.20e-01; 1.86e+01,1.53e+01,7.63e+00,7.80e-01; 1.86e+01,1.51e+01,7.28e+00,1.89e+00","25,25,25,25,25,25,25,25,25,25,25,25,25,25,25,25,25,25,25,25,25,25,25,25,25,25,25,25,25,25,25,25,25,25,25,25,25,25,25,25,25,25,25,25,25,25,25,25,25,25,25,25,25,25,25,25,25,25,25,25,25,25,25,25"
1127,19.54,16.57,"7.16,9.57,11.13,12.29,13.16,13.82,14.34,14.86,15.21,15.62,16.06,16.47,16.88,17.31,17.74,18.12,18.37,18.66,18.95,19.21,19.48,19.78,20.07,20.33,20.52,20.72,20.91,21.15,21.30,21.56,21.79,22.02,22.18,22.36,22.53,22.67,22.87,23.06,23.29,23.50,23.67,23.84,23.98,24.15,24.35,24.54,24.73,24.93,25.10,25.25,25.39,25.55,25.75,25.92,26.08,26.27,26.42,26.57,26.70,26.85,26.98,27.15,27.31,27.48","2.85e+00,2.43e+00,1.55e+00,2.62e-04","0,8,8,0","8.48e+00; 1.70e+01; 2.55e+01; 3.39e+01; 4.24e+01; 5.09e+01; 5.10e+01,8.39e+00; 4.98e+01,1.81e+01; 5.30e+01,2.34e+01; 5.56e+01,2.93e+01; 5.88e+01,3.45e+01; 6.26e+01,3.92e+01; 6.63e+01,4.40e+01; 6.95e+01,4.93e+01; 7.24e+01,5.49e+01; 7.56e+01,6.02e+01; 7.95e+01,6.48e+01; 8.33e+01,6.95e+01; 8.72e+01,7.40e+01; 9.13e+01,7.84e+01; 9.54e+01,8.28e+01; 9.92e+01,8.74e+01; 1.03e+02,9.22e+01; 1.07e+02,9.68e+01; 1.08e+02,9.83e+01,5.75e+00; 1.12e+02,1.03e+02,3.70e+00,1.80e+00; 1.14e+02,1.05e+02,8.12e+00,1.79e+00; 1.13e+02,1.04e+02,1.99e+01; 1.16e+02,1.07e+02,1.35e+01,1.03e+01; 1.16e+02,1.08e+02,2.44e+01,6.51e+00; 1.16e+02,1.08e+02,2.79e+01,1.16e+01; 1.15e+02,1.08e+02,3.41e+01,1.44e+01; 1.19e+02,1.12e+02,3.87e+01,1.05e+01; 1.21e+02,1.13e+02,4.10e+01,1.34e+01; 1.23e+02,1.16e+02,4.39e+01,1.47e+01; 1.21e+02,1.14e+02,4.46e+01,2.59e+01; 1.22e+02,1.16e+02,4.92e+01,2.66e+01; 1.24e+02,1.18e+02,5.08e+01,2.94e+01; 1.25e+02,1.19e+02,5.54e+01,3.14e+01; 1.25e+02,1.19e+02,6.07e+01,3.37e+01; 1.27e+02,1.21e+02,6.46e+01,3.53e+01; 1.28e+02,1.23e+02,6.67e+01,3.89e+01; 1.30e+02,1.24e+02,6.94e+01,4.09e+01; 1.32e+02,1.26e+02,7.10e+01,4.50e+01; 1.33e+02,1.28e+02,7.49e+01,4.55e+01; 1.36e+02,1.30e+02,7.76e+01,4.69e+01; 1.37e+02,1.32e+02,8.09e+01,4.92e+01; 1.38e+02,1.33e+02,8.58e+01,5.10e+01; 1.40e+02,1.35e+02,8.92e+01,5.24e+01; 1.41e+02,1.37e+02,9.18e+01,5.44e+01; 1.43e+02,1.38e+02,9.43e+01,5.68e+01; 1.45e+02,1.40e+02,9.68e+01,5.92e+01; 1.47e+02,1.42e+02,9.92e+01,6.17e+01; 1.49e+02,1.45e+02,1.02e+02,6.23e+01; 1.50e+02,1.46e+02,1.05e+02,6.57e+01; 1.51e+02,1.47e+02,1.09e+02,6.73e+01; 1.53e+02,1.49e+02,1.12e+02,6.88e+01; 1.55e+02,1.51e+02,1.15e+02,7.14e+01; 1.57e+02,1.53e+02,1.17e+02,7.35e+01; 1.59e+02,1.55e+02,1.19e+02,7.60e+01; 1.61e+02,1.57e+02,1.21e+02,7.90e+01; 1.63e+02,1.59e+02,1.24e+02,8.04e+01; 1.64e+02,1.61e+02,1.27e+02,8.26e+01; 1.66e+02,1.62e+02,1.31e+02,8.42e+01","38,38,38,38,38,38,38,38,38,38,38,38,38,38,38,38,38,38,38,38,38,38,38,38,38,38,38,38,38,38,38,38,40,38,38,38,38,38,38,38,38,24,38,38,38,38,38,38,38,38,38,38,38,38,38,38,38,24,38,38,24,38,38,38"
1128,18.05,15.91,"7.12,9.71,11.35,12.53,13.41,14.09,14.71,15.28,15.78,16.22,16.64,17.05,17.46,17.87,18.25,18.63,18.96,19.24,19.50,19.76,20.02,20.28,20.54,20.81,21.03,21.24,21.43,21.61,21.81,22.00,22.19,22.39,22.58,22.73,22.89,23.04,23.19,23.34,23.52,23.64,23.78,23.92,24.05,24.17,24.28,24.42,24.57,24.70,24.83,24.94,25.00,25.11,25.23,25.33,25.43,25.53,25.56,25.65,25.73,25.79,25.90,26.00,26.03,26.11","2.44e+00,1.70e+00,1.18e+00,9.38e-05","8,8,8,0","6.60e+00; 1.32e+01; 1.98e+01; 2.64e+01; 3.30e+01; 3.52e+01,4.44e+00; 3.50e+01,1.12e+01; 3.58e+01,1.70e+01; 3.72e+01,2.22e+01; 3.98e+01,2.62e+01; 4.29e+01,2.97e+01; 4.61e+01,3.31e+01; 4.92e+01,3.66e+01; 5.22e+01,4.03e+01; 5.50e+01,4.41e+01; 5.77e+01,4.80e+01; 6.05e+01,5.18e+01; 6.36e+01,5.53e+01; 6.68e+01,5.87e+01; 7.01e+01,6.20e+01; 7.33e+01,6.54e+01; 7.65e+01,6.88e+01; 7.96e+01,7.23e+01; 8.26e+01,7.59e+01; 8.57e+01,7.94e+01; 8.89e+01,8.28e+01; 9.21e+01,8.62e+01; 9.54e+01,8.95e+01; 9.87e+01,9.28e+01; 1.02e+02,9.62e+01; 1.05e+02,9.96e+01; 1.08e+02,1.03e+02; 1.11e+02,1.07e+02; 1.15e+02,1.10e+02; 1.18e+02,1.13e+02; 1.21e+02,1.17e+02; 1.24e+02,1.20e+02; 1.28e+02,1.23e+02; 1.31e+02,1.27e+02; 1.34e+02,1.30e+02; 1.37e+02,1.33e+02; 1.41e+02,1.37e+02; 1.44e+02,1.40e+02; 1.47e+02,1.43e+02; 1.51e+02,1.47e+02; 1.54e+02,1.50e+02; 1.57e+02,1.53e+02; 1.60e+02,1.57e+02; 1.63e+02,1.60e+02; 1.67e+02,1.63e+02; 1.70e+02,1.67e+02; 1.73e+02,1.70e+02; 1.77e+02,1.73e+02; 1.80e+02,1.77e+02; 1.83e+02,1.80e+02; 1.86e+02,1.83e+02; 1.90e+02,1.87e+02; 1.93e+02,1.90e+02; 1.96e+02,1.93e+02; 2.00e+02,1.97e+02; 2.03e+02,2.00e+02; 2.06e+02,2.03e+02,1.14e+00; 2.07e+02,2.04e+02,4.75e+00; 2.09e+02,2.06e+02,6.87e+00","31,31,31,31,31,31,31,31,31,31,31,31,31,31,31,31,31,31,31,31,31,31,31,31,31,31,31,31,31,31,31,31,31,31,31,31,31,31,31,31,31,31,31,31,31,31,31,31,31,31,31,31,31,31,31,15,63,31,47,31,31,47,15,31"
1129,21.35,20.34,"8.18,10.58,12.07,13.46,15.03,16.46,17.69,18.70,19.39,19.95,20.41,20.83,21.24,21.70,22.19,22.68,23.05,23.36,23.63,23.87,24.12,24.40,24.72,25.03,25.29,25.49,25.68,25.85,26.04,26.24,26.47,26.70,26.90,27.06,27.19,27.30,27.46,27.64,27.82,28.02,28.16,28.27,28.39,28.47,28.61,28.73,28.84,29.02,29.15,29.22,29.34,29.43,29.53,29.61,29.65,29.80,29.93,30.05,30.17,30.18,30.28,30.40,30.46,30.52","2.48e+00,2.40e+00,1.25e+00,1.40e-04","12,12,12,12","7.60e+00; 1.52e+01; 2.28e+01; 2.12e+01,9.23e+00; 2.21e+01,1.59e+01; 2.47e+01,2.09e+01; 2.78e+01,2.54e+01; 3.13e+01,2.95e+01; 3.49e+01,3.35e+01; 3.87e+01,3.73e+01; 4.24e+01,4.12e+01; 4.62e+01,4.50e+01; 5.00e+01,4.88e+01; 5.38e+01,5.26e+01; 5.75e+01,5.65e+01; 6.13e+01,6.04e+01; 6.50e+01,6.42e+01; 6.88e+01,6.80e+01; 7.26e+01,7.18e+01; 7.64e+01,7.56e+01; 8.02e+01,7.94e+01; 8.40e+01,8.33e+01; 8.77e+01,8.71e+01; 9.15e+01,9.09e+01; 9.53e+01,9.47e+01; 9.91e+01,9.85e+01; 1.03e+02,1.02e+02; 1.07e+02,1.06e+02; 1.10e+02,1.10e+02; 1.14e+02,1.14e+02; 1.18e+02,1.18e+02; 1.22e+02,1.21e+02; 1.26e+02,1.25e+02; 1.29e+02,1.29e+02; 1.33e+02,1.33e+02; 1.37e+02,1.37e+02; 1.41e+02,1.40e+02; 1.45e+02,1.44e+02; 1.48e+02,1.48e+02; 1.52e+02,1.52e+02; 1.56e+02,1.56e+02; 1.60e+02,1.59e+02; 1.64e+02,1.63e+02; 1.67e+02,1.67e+02; 1.71e+02,1.71e+02; 1.75e+02,1.75e+02; 1.79e+02,1.78e+02; 1.83e+02,1.82e+02; 1.86e+02,1.86e+02; 1.90e+02,1.90e+02; 1.94e+02,1.94e+02; 1.98e+02,1.97e+02; 2.02e+02,2.01e+02; 2.05e+02,2.05e+02; 2.09e+02,2.09e+02; 2.13e+02,2.13e+02; 2.17e+02,2.16e+02; 2.21e+02,2.20e+02; 2.24e+02,2.24e+02; 2.28e+02,2.28e+02; 2.32e+02,2.32e+02; 2.36e+02,2.36e+02; 2.40e+02,2.39e+02; 2.43e+02,2.43e+02","38,38,38,38,38,38,38,38,38,38,38,38,38,38,38,38,38,38,38,38,38,38,38,38,38,38,38,38,38,38,38,38,38,38,24,38,38,38,38,38,38,38,24,38,24,38,38,38,32,38,38,38,36,36,38,38,38,38,38,32,38,24,32,24"
1130,29.85,25.78,"7.28,9.86,12.34,14.46,15.82,16.87,17.89,18.75,19.49,20.22,20.87,21.48,22.08,22.69,23.31,23.90,24.49,24.99,25.43,25.83,26.23,26.65,27.07,27.48,27.91,28.27,28.59,28.89,29.19,29.51,29.86,30.20,30.53,30.80,31.05,31.29,31.53,31.79,32.06,32.34,32.59,32.82,33.02,33.22,33.42,33.64,33.87,34.11,34.32,34.54,34.72,34.88,35.06,35.24,35.44,35.63,35.82,35.99,36.13,36.28,36.44,36.58,36.77,36.95","1.60e+00,1.60e+00,1.34e+00,9.91e-01","8,1,8,3","6.86e+00; 1.11e+01,2.62e+00; 1.18e+01,8.80e+00; 1.51e+01,1.23e+01; 1.86e+01,1.57e+01; 2.00e+01,1.67e+01,4.44e+00; 2.11e+01,1.72e+01,9.75e+00; 2.32e+01,1.90e+01,1.27e+01; 2.45e+01,1.99e+01,1.29e+01,4.40e+00; 2.78e+01,2.27e+01,1.46e+01,3.50e+00; 2.97e+01,2.45e+01,1.69e+01,4.34e+00; 3.04e+01,2.61e+01,1.82e+01,7.67e+00; 3.24e+01,2.79e+01,1.99e+01,9.04e+00; 3.41e+01,2.92e+01,2.22e+01,1.05e+01; 3.57e+01,3.05e+01,2.57e+01,1.10e+01; 3.84e+01,3.21e+01,2.98e+01,9.46e+00; 3.93e+01,3.29e+01,3.21e+01,1.23e+01; 4.10e+01,3.51e+01,3.37e+01,1.37e+01; 4.30e+01,3.76e+01,3.56e+01,1.42e+01; 4.49e+01,3.99e+01,3.75e+01,1.50e+01; 4.67e+01,4.17e+01,3.93e+01,1.64e+01; 4.83e+01,4.31e+01,4.11e+01,1.84e+01; 4.88e+01,4.40e+01,4.23e+01,2.27e+01; 5.05e+01,4.49e+01,4.38e+01,2.55e+01; 5.21e+01,4.65e+01,4.61e+01,2.68e+01; 5.39e+01,4.85e+01,4.79e+01,2.82e+01; 5.57e+01,5.03e+01,4.98e+01,2.94e+01; 5.75e+01,5.24e+01,5.17e+01,3.05e+01; 5.93e+01,5.42e+01,5.36e+01,3.19e+01; 6.11e+01,5.59e+01,5.55e+01,3.33e+01; 6.28e+01,5.77e+01,5.73e+01,3.50e+01; 6.44e+01,5.97e+01,5.88e+01,3.67e+01; 6.61e+01,6.18e+01,6.04e+01,3.81e+01; 6.78e+01,6.34e+01,6.21e+01,3.99e+01; 6.95e+01,6.52e+01,6.41e+01,4.14e+01; 7.14e+01,6.70e+01,6.59e+01,4.28e+01; 7.32e+01,6.88e+01,6.77e+01,4.42e+01; 7.48e+01,7.04e+01,6.94e+01,4.62e+01; 7.65e+01,7.23e+01,7.10e+01,4.78e+01; 7.78e+01,7.36e+01,7.22e+01,5.09e+01; 7.93e+01,7.51e+01,7.37e+01,5.32e+01; 8.09e+01,7.67e+01,7.54e+01,5.52e+01; 8.26e+01,7.84e+01,7.73e+01,5.68e+01; 8.44e+01,8.01e+01,7.92e+01,5.82e+01; 8.62e+01,8.19e+01,8.10e+01,5.97e+01; 8.79e+01,8.38e+01,8.27e+01,6.13e+01; 8.96e+01,8.56e+01,8.43e+01,6.30e+01; 9.13e+01,8.75e+01,8.60e+01,6.46e+01; 9.29e+01,8.93e+01,8.76e+01,6.63e+01; 9.45e+01,9.09e+01,8.93e+01,6.84e+01; 9.62e+01,9.26e+01,9.11e+01,7.01e+01; 9.79e+01,9.43e+01,9.30e+01,7.16e+01; 9.97e+01,9.61e+01,9.47e+01,7.31e+01; 1.01e+02,9.79e+01,9.64e+01,7.48e+01; 1.03e+02,9.94e+01,9.79e+01,7.72e+01; 1.04e+02,1.01e+02,9.93e+01,7.98e+01; 1.06e+02,1.03e+02,1.01e+02,8.14e+01; 1.08e+02,1.04e+02,1.03e+02,8.31e+01; 1.10e+02,1.06e+02,1.04e+02,8.48e+01; 1.11e+02,1.08e+02,1.06e+02,8.64e+01; 1.13e+02,1.10e+02,1.08e+02,8.80e+01; 1.15e+02,1.11e+02,1.10e+02,8.96e+01; 1.16e+02,1.13e+02,1.11e+02,9.13e+01; 1.18e+02,1.15e+02,1.13e+02,9.31e+01","39,39,55,39,39,39,39,55,55,55,39,39,39,39,39,39,39,55,55,55,39,39,39,55,39,39,55,55,39,39,39,39,39,55,55,39,39,55,39,55,55,55,55,55,39,39,39,39,39,55,55,55,39,39,55,55,39,39,39,39,55,39,39,39"
1131,30.55,27.85,"6.30,11.86,15.49,17.45,19.26,20.67,21.84,22.85,23.93,24.77,25.66,26.52,27.25,27.86,28.46,29.02,29.62,30.13,30.56,31.02,31.46,31.87,32.28,32.69,33.11,33.48,33.83,34.19,34.56,34.90,35.23,35.56,35.87,36.17,36.47,36.79,37.11,37.40,37.68,37.95,38.20,38.45,38.72,38.99,39.27,39.52,39.76,40.00,40.20,40.42,40.66,40.89,41.14,41.37,41.57,41.77,41.95,42.15,42.36,42.58,42.79,43.00,43.18,43.36","1.34e+00,1.34e+00,1.19e+00,8.46e-01","12,4,12,4","6.04e+00; 6.23e+00,5.84e+00; 9.31e+00,8.80e+00; 1.23e+01,1.18e+01; 1.31e+01,1.19e+01,5.22e+00; 1.50e+01,1.36e+01,7.60e+00; 1.68e+01,1.54e+01,1.00e+01; 1.86e+01,1.72e+01,1.25e+01; 2.01e+01,1.85e+01,1.57e+01; 2.19e+01,2.04e+01,1.80e+01; 2.40e+01,2.24e+01,2.00e+01; 2.61e+01,2.44e+01,2.19e+01; 2.81e+01,2.65e+01,2.39e+01; 3.02e+01,2.85e+01,2.59e+01; 3.20e+01,3.05e+01,2.80e+01; 3.39e+01,3.25e+01,3.01e+01; 3.57e+01,3.44e+01,3.25e+01; 3.73e+01,3.60e+01,3.43e+01,1.07e+00; 3.96e+01,3.81e+01,3.61e+01,9.41e-01; 3.98e+01,3.85e+01,3.67e+01,5.81e+00; 4.15e+01,4.02e+01,3.83e+01,6.70e+00; 4.26e+01,4.13e+01,3.92e+01,9.63e+00; 4.44e+01,4.30e+01,4.08e+01,1.07e+01; 4.68e+01,4.52e+01,4.27e+01,1.02e+01; 4.81e+01,4.65e+01,4.42e+01,1.22e+01; 4.94e+01,4.79e+01,4.57e+01,1.40e+01; 4.95e+01,4.81e+01,4.60e+01,1.93e+01; 5.12e+01,4.98e+01,4.76e+01,2.03e+01; 5.25e+01,5.09e+01,4.84e+01,2.32e+01; 5.39e+01,5.23e+01,4.95e+01,2.54e+01; 5.53e+01,5.37e+01,5.09e+01,2.72e+01; 5.67e+01,5.51e+01,5.23e+01,2.90e+01; 5.83e+01,5.66e+01,5.40e+01,3.03e+01; 5.97e+01,5.81e+01,5.55e+01,3.19e+01; 6.11e+01,5.95e+01,5.67e+01,3.40e+01; 6.27e+01,6.11e+01,5.82e+01,3.52e+01; 6.39e+01,6.22e+01,5.91e+01,3.81e+01; 6.52e+01,6.35e+01,6.02e+01,4.03e+01; 6.66e+01,6.49e+01,6.16e+01,4.22e+01; 6.81e+01,6.63e+01,6.31e+01,4.40e+01; 6.96e+01,6.78e+01,6.47e+01,4.53e+01; 7.10e+01,6.93e+01,6.62e+01,4.70e+01; 7.24e+01,7.06e+01,6.74e+01,4.91e+01; 7.40e+01,7.22e+01,6.90e+01,5.04e+01; 7.52e+01,7.34e+01,7.00e+01,5.30e+01; 7.66e+01,7.47e+01,7.11e+01,5.52e+01; 7.80e+01,7.61e+01,7.25e+01,5.71e+01; 7.94e+01,7.75e+01,7.40e+01,5.88e+01; 8.09e+01,7.90e+01,7.56e+01,6.02e+01; 8.24e+01,8.05e+01,7.71e+01,6.18e+01; 8.37e+01,8.19e+01,7.84e+01,6.38e+01; 8.53e+01,8.34e+01,7.99e+01,6.52e+01; 8.66e+01,8.47e+01,8.10e+01,6.76e+01; 8.79e+01,8.60e+01,8.22e+01,6.97e+01; 8.93e+01,8.74e+01,8.36e+01,7.16e+01; 9.08e+01,8.89e+01,8.51e+01,7.32e+01; 9.23e+01,9.04e+01,8.67e+01,7.46e+01; 9.37e+01,9.18e+01,8.82e+01,7.63e+01; 9.53e+01,9.33e+01,8.97e+01,7.78e+01; 9.66e+01,9.47e+01,9.09e+01,7.99e+01; 9.80e+01,9.60e+01,9.21e+01,8.20e+01; 9.94e+01,9.74e+01,9.34e+01,8.40e+01; 1.01e+02,9.88e+01,9.48e+01,8.58e+01; 1.02e+02,1.00e+02,9.64e+01,8.74e+01","31,56,31,31,56,56,56,56,56,56,31,31,31,31,56,56,56,56,56,31,31,56,56,56,56,56,56,31,56,56,56,56,56,56,56,31,56,56,56,56,56,56,56,31,56,56,56,56,56,56,56,31,56,56,56,56,56,56,31,56,56,56,56,56"
1132,3.39,3.18,"0.08,0.27,0.52,0.76,0.99,1.19,1.38,1.54,1.73,1.94,2.15,2.34,2.51,2.66,2.79,2.92,3.06,3.21,3.36,3.49,3.62,3.75,3.87,3.99,4.11,4.23,4.34,4.45,4.55,4.66,4.77,4.87,4.98,5.07,5.17,5.26,5.35,5.44,5.53,5.62,5.71,5.80,5.88,5.95,6.03,6.12,6.20,6.28,6.36,6.43,6.50,6.57,6.64,6.71,6.79,6.86,6.93,7.00,7.06,7.12,7.18,7.25,7.32,7.38","7.36e-04,4.46e-08,2.54e-08,1.40e-08","5,5,5,5","9.14e-04; 1.83e-03; 2.74e-03; 3.66e-03; 4.57e-03; 5.48e-03; 6.40e-03; 7.31e-03; 8.23e-03; 9.14e-03; 1.01e-02; 1.10e-02; 1.19e-02; 1.28e-02; 1.32e-02,4.93e-04; 1.32e-02,1.40e-03; 1.35e-02,2.01e-03; 1.39e-02,2.55e-03; 1.47e-02,2.69e-03; 1.54e-02,2.84e-03; 1.60e-02,3.15e-03; 1.64e-02,3.68e-03; 1.66e-02,4.38e-03; 1.68e-02,5.15e-03; 1.71e-02,5.71e-03; 1.77e-02,6.06e-03; 1.84e-02,6.29e-03; 1.91e-02,6.52e-03; 1.96e-02,6.86e-03; 2.00e-02,7.38e-03; 2.03e-02,8.02e-03; 2.05e-02,8.71e-03; 2.09e-02,9.24e-03; 2.15e-02,9.60e-03; 2.21e-02,9.89e-03; 2.27e-02,1.02e-02; 2.33e-02,1.05e-02; 2.37e-02,1.11e-02; 2.40e-02,1.17e-02; 2.42e-02,1.23e-02; 2.46e-02,1.28e-02; 2.52e-02,1.32e-02; 2.58e-02,1.35e-02; 2.64e-02,1.39e-02; 2.69e-02,1.43e-02; 2.73e-02,1.48e-02; 2.76e-02,1.54e-02; 2.79e-02,1.60e-02; 2.83e-02,1.65e-02; 2.88e-02,1.69e-02; 2.94e-02,1.72e-02; 3.00e-02,1.76e-02; 3.04e-02,1.80e-02; 3.08e-02,1.85e-02; 3.12e-02,1.91e-02; 3.15e-02,1.97e-02; 3.19e-02,2.02e-02; 3.24e-02,2.06e-02; 3.30e-02,2.09e-02; 3.35e-02,2.13e-02; 3.40e-02,2.17e-02; 3.44e-02,2.23e-02; 3.47e-02,2.28e-02; 3.51e-02,2.34e-02","32,32,32,32,32,32,32,32,32,32,32,32,32,32,32,32,32,32,32,32,32,32,32,32,32,32,32,32,32,32,32,32,32,32,32,32,32,32,32,32,32,32,32,32,32,32,32,32,32,32,32,32,32,32,32,32,32,32,32,32,32,32,32,32"
1133,3.75,3.42,"0.11,0.37,0.65,0.93,1.17,1.39,1.59,1.77,1.98,2.20,2.42,2.61,2.78,2.94,3.09,3.23,3.38,3.54,3.69,3.83,3.96,4.09,4.21,4.33,4.46,4.58,4.69,4.80,4.91,5.02,5.12,5.22,5.32,5.43,5.52,5.61,5.70,5.79,5.88,5.97,6.06,6.15,6.23,6.30,6.38,6.46,6.54,6.62,6.70,6.78,6.85,6.91,6.98,7.06,7.13,7.20,7.27,7.34,7.40,7.46,7.52,7.59,7.66,7.72","9.06e-04,6.13e-08,2.83e-08,1.26e-08","0,0,0,0","1.12e-03; 2.25e-03; 3.37e-03; 4.50e-03; 5.62e-03; 6.75e-03; 7.87e-03; 8.99e-03; 1.01e-02; 1.12e-02; 1.24e-02; 1.35e-02; 1.43e-02,3.02e-04; 1.48e-02,9.62e-04; 1.48e-02,2.10e-03; 1.50e-02,2.96e-03; 1.55e-02,3.62e-03; 1.62e-02,4.02e-03; 1.71e-02,4.24e-03; 1.80e-02,4.47e-03; 1.87e-02,4.86e-03; 1.93e-02,5.45e-03; 1.97e-02,6.16e-03; 2.01e-02,6.91e-03; 2.06e-02,7.52e-03; 2.13e-02,7.95e-03; 2.21e-02,8.26e-03; 2.29e-02,8.56e-03; 2.36e-02,8.97e-03; 2.42e-02,9.55e-03; 2.46e-02,1.02e-02; 2.50e-02,1.10e-02; 2.55e-02,1.16e-02; 2.62e-02,1.20e-02; 2.70e-02,1.24e-02; 2.77e-02,1.27e-02; 2.84e-02,1.32e-02; 2.90e-02,1.38e-02; 2.94e-02,1.45e-02; 2.98e-02,1.52e-02; 3.03e-02,1.58e-02; 3.10e-02,1.62e-02; 3.17e-02,1.66e-02; 3.24e-02,1.70e-02; 3.31e-02,1.75e-02; 3.36e-02,1.81e-02; 3.41e-02,1.88e-02; 3.45e-02,1.95e-02; 3.50e-02,2.01e-02; 3.57e-02,2.06e-02; 3.64e-02,2.10e-02; 3.71e-02,2.14e-02; 3.77e-02,2.19e-02; 3.82e-02,2.25e-02; 3.87e-02,2.32e-02; 3.91e-02,2.38e-02; 3.96e-02,2.44e-02; 4.03e-02,2.49e-02; 4.10e-02,2.54e-02; 4.16e-02,2.58e-02; 4.22e-02,2.63e-02; 4.28e-02,2.70e-02; 4.32e-02,2.76e-02; 4.37e-02,2.83e-02","32,32,32,32,32,32,32,32,32,32,32,32,32,32,32,32,32,32,32,32,32,32,32,32,32,32,32,32,32,32,32,32,32,32,32,32,32,32,32,32,32,32,32,32,32,32,32,32,32,32,32,32,32,32,32,32,32,32,32,32,32,32,32,32"
1134,12.02,13.52,"2.83,4.47,5.49,6.34,7.18,7.94,8.63,9.24,9.80,10.26,10.65,11.00,11.36,11.73,12.11,12.45,12.79,13.08,13.31,13.53,13.76,14.01,14.26,14.52,14.77,14.97,15.15,15.32,15.50,15.68,15.88,16.08,16.28,16.44,16.58,16.72,16.86,17.01,17.17,17.34,17.50,17.63,17.75,17.87,17.98,18.11,18.24,18.39,18.53,18.64,18.74,18.84,18.94,19.05,19.17,19.30,19.42,19.52,19.61,19.70,19.79,19.88,19.99,20.11","5.75e-02,4.62e-02,3.38e-06,1.76e-06","4,4,4,4","1.29e-01; 2.57e-01; 3.86e-01; 4.34e-01,8.11e-02; 4.64e-01,1.79e-01; 5.15e-01,2.57e-01; 5.71e-01,3.30e-01; 6.26e-01,4.03e-01; 6.81e-01,4.77e-01; 7.48e-01,5.39e-01; 8.20e-01,5.95e-01; 8.92e-01,6.52e-01; 9.59e-01,7.13e-01; 1.02e+00,7.80e-01; 1.08e+00,8.49e-01; 1.14e+00,9.17e-01; 1.20e+00,9.87e-01; 1.26e+00,1.05e+00; 1.34e+00,1.11e+00; 1.42e+00,1.16e+00; 1.40e+00,1.16e+00,1.44e-01; 1.45e+00,1.22e+00,1.55e-01; 1.51e+00,1.28e+00,1.68e-01; 1.56e+00,1.31e+00,2.16e-01; 1.61e+00,1.36e+00,2.44e-01; 1.66e+00,1.42e+00,2.64e-01; 1.72e+00,1.47e+00,2.85e-01; 1.78e+00,1.51e+00,3.13e-01; 1.84e+00,1.55e+00,3.35e-01; 1.90e+00,1.61e+00,3.53e-01; 1.95e+00,1.66e+00,3.76e-01; 2.10e+00,1.75e+00,2.66e-01; 2.14e+00,1.80e+00,3.07e-01; 2.20e+00,1.86e+00,3.09e-01; 2.16e+00,1.86e+00,4.86e-01; 2.33e+00,1.95e+00,3.55e-01; 2.38e+00,1.99e+00,3.93e-01; 2.44e+00,2.05e+00,4.04e-01; 2.48e+00,2.10e+00,4.37e-01; 2.52e+00,2.12e+00,5.09e-01; 2.56e+00,2.17e+00,5.43e-01; 2.62e+00,2.23e+00,5.55e-01; 2.67e+00,2.27e+00,5.91e-01; 2.72e+00,2.30e+00,6.41e-01; 2.77e+00,2.35e+00,6.75e-01; 2.83e+00,2.40e+00,6.89e-01; 2.87e+00,2.45e+00,7.20e-01; 2.91e+00,2.48e+00,7.79e-01; 2.96e+00,2.53e+00,8.07e-01; 3.02e+00,2.59e+00,8.25e-01; 3.07e+00,2.63e+00,8.55e-01; 3.12e+00,2.67e+00,8.99e-01; 3.18e+00,2.71e+00,9.30e-01; 3.23e+00,2.77e+00,9.47e-01; 3.28e+00,2.82e+00,9.76e-01; 3.33e+00,2.85e+00,1.03e+00; 3.38e+00,2.90e+00,1.06e+00; 3.43e+00,2.95e+00,1.08e+00; 3.48e+00,3.00e+00,1.11e+00; 3.54e+00,3.03e+00,1.15e+00; 3.59e+00,3.08e+00,1.18e+00; 3.65e+00,3.13e+00,1.20e+00; 3.69e+00,3.18e+00,1.23e+00; 3.74e+00,3.21e+00,1.29e+00","41,41,41,41,41,41,41,41,41,41,41,41,41,41,41,41,41,41,41,41,41,41,41,41,41,41,41,41,41,41,41,41,41,41,41,41,41,41,41,41,41,41,41,41,41,41,41,41,41,41,41,41,41,41,41,41,41,41,41,41,41,41,41,41"
1135,10.94,11.63,"2.53,4.12,5.15,5.91,6.50,7.08,7.61,8.10,8.54,8.91,9.23,9.53,9.82,10.12,10.43,10.74,11.01,11.25,11.46,11.65,11.84,12.05,12.27,12.50,12.71,12.88,13.03,13.18,13.32,13.48,13.65,13.84,14.00,14.15,14.27,14.38,14.50,14.63,14.77,14.93,15.06,15.18,15.28,15.37,15.47,15.58,15.71,15.84,15.96,16.06,16.14,16.22,16.31,16.40,16.51,16.63,16.73,16.82,16.89,16.96,17.04,17.12,17.22,17.33","7.93e-02,4.28e-02,4.80e-06,2.64e-06","5,5,5,5","1.52e-01; 3.03e-01; 4.55e-01; 6.06e-01; 6.55e-01,1.03e-01; 7.65e-01,1.44e-01; 8.39e-01,2.22e-01; 8.97e-01,3.15e-01; 9.92e-01,3.72e-01; 1.08e+00,4.37e-01; 1.18e+00,4.88e-01; 1.28e+00,5.38e-01; 1.37e+00,5.98e-01; 1.45e+00,6.72e-01; 1.52e+00,7.58e-01; 1.57e+00,8.52e-01; 1.64e+00,9.40e-01; 1.72e+00,1.01e+00; 1.81e+00,1.07e+00; 1.90e+00,1.13e+00; 1.98e+00,1.20e+00; 2.06e+00,1.27e+00; 2.13e+00,1.36e+00; 2.19e+00,1.44e+00; 2.26e+00,1.53e+00; 2.34e+00,1.60e+00; 2.42e+00,1.67e+00; 2.51e+00,1.74e+00; 2.59e+00,1.80e+00; 2.67e+00,1.88e+00; 2.74e+00,1.96e+00; 2.80e+00,2.05e+00; 2.87e+00,2.13e+00; 2.95e+00,2.20e+00; 3.03e+00,2.27e+00; 3.12e+00,2.34e+00; 3.20e+00,2.41e+00; 3.27e+00,2.48e+00; 3.35e+00,2.57e+00; 3.41e+00,2.65e+00; 3.48e+00,2.73e+00; 3.56e+00,2.81e+00; 3.64e+00,2.88e+00; 3.72e+00,2.95e+00; 3.80e+00,3.02e+00; 3.88e+00,3.09e+00; 3.95e+00,3.17e+00; 4.02e+00,3.26e+00; 4.09e+00,3.34e+00; 4.17e+00,3.41e+00; 4.25e+00,3.48e+00; 4.33e+00,3.55e+00; 4.41e+00,3.63e+00; 4.48e+00,3.70e+00; 4.55e+00,3.78e+00; 4.62e+00,3.87e+00; 4.69e+00,3.94e+00; 4.77e+00,4.02e+00; 4.85e+00,4.09e+00; 4.93e+00,4.16e+00; 5.01e+00,4.24e+00; 5.08e+00,4.31e+00; 5.16e+00,4.39e+00; 5.23e+00,4.47e+00","40,40,40,40,40,40,40,40,40,40,40,40,40,40,40,40,40,40,40,40,40,40,40,40,40,40,40,40,40,40,40,40,40,40,40,40,40,40,40,40,40,40,40,40,40,40,40,40,40,40,40,40,40,40,40,40,40,40,40,40,40,40,40,40"
1136,13.01,14.21,"3.93,5.74,6.85,7.83,8.79,9.67,10.48,11.21,11.82,12.30,12.70,13.06,13.42,13.81,14.21,14.61,14.97,15.26,15.50,15.73,15.95,16.20,16.47,16.75,17.00,17.20,17.38,17.54,17.71,17.89,18.09,18.31,18.50,18.66,18.79,18.92,19.05,19.20,19.36,19.54,19.69,19.82,19.93,20.04,20.14,20.27,20.40,20.55,20.68,20.79,20.88,20.97,21.06,21.17,21.29,21.42,21.53,21.62,21.70,21.78,21.86,21.95,22.06,22.17","9.27e-02,7.77e-02,5.51e-06,2.89e-06","5,5,5,5","2.12e-01; 4.23e-01; 6.35e-01; 6.98e-01,1.48e-01; 7.47e-01,3.10e-01; 8.30e-01,4.39e-01; 9.09e-01,5.71e-01; 9.94e-01,6.99e-01; 1.09e+00,8.13e-01; 1.20e+00,9.15e-01; 1.32e+00,1.01e+00; 1.43e+00,1.11e+00; 1.54e+00,1.21e+00; 1.65e+00,1.32e+00; 1.74e+00,1.43e+00; 1.84e+00,1.55e+00; 1.94e+00,1.66e+00; 2.05e+00,1.76e+00; 2.16e+00,1.86e+00; 2.27e+00,1.96e+00; 2.38e+00,2.07e+00; 2.48e+00,2.17e+00; 2.58e+00,2.28e+00; 2.68e+00,2.40e+00; 2.78e+00,2.51e+00; 2.89e+00,2.61e+00; 3.00e+00,2.72e+00; 3.12e+00,2.80e+00; 3.24e+00,2.89e+00; 3.35e+00,3.00e+00; 3.45e+00,3.10e+00; 3.49e+00,3.17e+00,1.12e-01; 3.49e+00,3.19e+00,3.09e-01; 3.52e+00,3.24e+00,4.33e-01; 3.91e+00,3.49e+00; 4.04e+00,3.58e+00; 4.15e+00,3.67e+00; 4.26e+00,3.78e+00; 4.37e+00,3.88e+00; 4.48e+00,3.98e+00; 4.59e+00,4.08e+00; 4.70e+00,4.19e+00; 4.81e+00,4.28e+00; 4.93e+00,4.37e+00; 5.05e+00,4.47e+00; 5.15e+00,4.58e+00; 5.26e+00,4.68e+00; 5.37e+00,4.78e+00; 5.48e+00,4.89e+00; 5.59e+00,4.99e+00; 5.70e+00,5.09e+00; 5.82e+00,5.18e+00; 5.93e+00,5.28e+00; 6.04e+00,5.38e+00; 6.14e+00,5.49e+00; 6.25e+00,5.59e+00; 6.36e+00,5.70e+00; 6.47e+00,5.80e+00; 6.58e+00,5.90e+00; 6.70e+00,5.99e+00; 6.81e+00,6.09e+00; 6.92e+00,6.20e+00; 7.02e+00,6.31e+00; 7.13e+00,6.41e+00","32,32,32,32,32,32,32,32,32,32,32,32,32,32,32,32,32,32,32,32,32,32,32,32,32,32,32,32,32,32,32,32,32,32,32,32,32,32,32,32,32,32,32,32,32,32,32,32,32,32,32,32,32,32,32,32,32,32,32,32,32,32,32,32"
1137,12.24,12.99,"2.90,4.53,5.54,6.44,7.26,7.90,8.41,8.92,9.52,9.98,10.37,10.79,11.18,11.54,11.89,12.25,12.61,12.89,13.14,13.42,13.69,13.92,14.16,14.43,14.69,14.89,15.07,15.28,15.48,15.65,15.84,16.05,16.25,16.41,16.55,16.72,16.88,17.03,17.18,17.36,17.52,17.65,17.77,17.91,18.05,18.17,18.30,18.46,18.59,18.70,18.80,18.92,19.04,19.15,19.26,19.41,19.53,19.63,19.71,19.82,19.93,20.02,20.13,20.27","5.25e-02,4.54e-02,2.29e-06,1.33e-06","4,4,4,4","1.21e-01; 2.43e-01; 3.62e-01,2.44e-03; 3.71e-01,1.15e-01; 4.14e-01,1.93e-01; 4.76e-01,2.53e-01; 5.28e-01,2.98e-01,2.47e-02; 5.52e-01,2.94e-01,1.25e-01; 5.89e-01,3.54e-01,1.51e-01; 6.49e-01,3.98e-01,1.68e-01; 7.06e-01,4.15e-01,2.15e-01; 7.53e-01,4.25e-01,2.79e-01; 8.03e-01,4.65e-01,3.10e-01; 8.54e-01,5.18e-01,3.28e-01; 8.99e-01,5.47e-01,3.76e-01; 9.46e-01,5.65e-01,4.33e-01; 9.87e-01,6.18e-01,4.59e-01; 1.04e+00,6.62e-01,4.81e-01; 1.10e+00,6.88e-01,5.21e-01; 1.15e+00,7.01e-01,5.81e-01; 1.20e+00,7.32e-01,6.22e-01; 1.25e+00,7.80e-01,6.44e-01; 1.29e+00,8.16e-01,6.84e-01; 1.33e+00,8.37e-01,7.47e-01; 1.37e+00,8.87e-01,7.76e-01; 1.43e+00,9.29e-01,8.02e-01; 1.48e+00,9.58e-01,8.40e-01; 1.53e+00,9.75e-01,8.95e-01; 1.58e+00,1.00e+00,9.38e-01; 1.63e+00,1.05e+00,9.64e-01; 1.68e+00,1.09e+00,1.00e+00; 1.71e+00,1.11e+00,1.06e+00; 1.76e+00,1.16e+00,1.09e+00; 1.81e+00,1.20e+00,1.12e+00; 1.86e+00,1.23e+00,1.16e+00; 1.91e+00,1.25e+00,1.21e+00; 1.96e+00,1.28e+00,1.26e+00; 2.01e+00,1.32e+00,1.28e+00; 2.05e+00,1.36e+00,1.32e+00; 2.09e+00,1.39e+00,1.38e+00; 2.13e+00,1.43e+00,1.41e+00; 2.18e+00,1.48e+00,1.44e+00; 2.23e+00,1.51e+00,1.48e+00; 2.28e+00,1.53e+00,1.53e+00; 2.33e+00,1.58e+00,1.56e+00; 2.38e+00,1.61e+00,1.60e+00; 2.42e+00,1.65e+00,1.64e+00; 2.45e+00,1.70e+00,1.67e+00; 2.50e+00,1.73e+00,1.72e+00; 2.55e+00,1.77e+00,1.76e+00; 2.60e+00,1.80e+00,1.79e+00; 2.65e+00,1.85e+00,1.82e+00; 2.69e+00,1.90e+00,1.85e+00; 2.74e+00,1.93e+00,1.89e+00; 2.78e+00,1.97e+00,1.93e+00; 2.81e+00,2.02e+00,1.97e+00; 2.86e+00,2.05e+00,2.01e+00,8.60e-03; 2.89e+00,2.07e+00,2.04e+00,4.12e-02; 2.93e+00,2.08e+00,2.05e+00,1.18e-01; 2.96e+00,2.12e+00,2.06e+00,1.44e-01; 3.00e+00,2.16e+00,2.10e+00,1.46e-01; 3.04e+00,2.18e+00,2.13e+00,1.78e-01; 3.08e+00,2.21e+00,2.17e+00,1.85e-01; 3.11e+00,2.26e+00,2.20e+00,2.00e-01","41,41,41,41,41,41,41,41,41,41,41,41,41,41,41,41,41,41,41,41,41,41,41,41,41,41,41,41,41,41,41,41,41,41,41,41,41,41,41,41,41,41,41,41,41,41,41,41,41,41,41,41,41,41,41,41,41,41,41,41,41,41,41,41"
1138,7.02,7.21,"1.17,2.32,3.13,3.72,4.27,4.81,5.28,5.67,6.14,6.53,6.85,7.14,7.46,7.79,8.06,8.31,8.61,8.86,9.08,9.29,9.50,9.72,9.94,10.15,10.37,10.55,10.72,10.89,11.06,11.22,11.39,11.58,11.75,11.89,12.03,12.16,12.30,12.43,12.58,12.74,12.87,12.99,13.11,13.22,13.34,13.45,13.58,13.72,13.83,13.93,14.03,14.13,14.23,14.33,14.45,14.57,14.66,14.75,14.84,14.93,15.02,15.11,15.21,15.33","6.42e-03,2.49e-03,2.08e-07,1.63e-07","5,5,5,5","1.11e-02; 2.21e-02; 3.32e-02; 4.42e-02; 4.54e-02,9.90e-03; 4.82e-02,1.81e-02; 5.26e-02,2.48e-02; 5.75e-02,3.10e-02; 6.11e-02,3.84e-02; 6.72e-02,4.33e-02; 7.43e-02,4.73e-02; 8.07e-02,5.19e-02; 8.58e-02,5.79e-02; 9.03e-02,6.45e-02; 9.51e-02,7.07e-02; 9.38e-02,6.92e-02,1.40e-02; 9.77e-02,7.52e-02,1.51e-02; 1.03e-01,8.02e-02,1.59e-02; 1.08e-01,8.25e-02,1.98e-02; 1.12e-01,8.42e-02,2.49e-02; 1.17e-01,8.87e-02,2.68e-02; 1.21e-01,9.45e-02,2.75e-02; 1.24e-01,9.77e-02,3.21e-02; 1.26e-01,9.79e-02,4.15e-02; 1.30e-01,1.04e-01,4.24e-02; 1.35e-01,1.08e-01,4.37e-02; 1.40e-01,1.11e-01,4.78e-02; 1.44e-01,1.13e-01,5.25e-02; 1.49e-01,1.17e-01,5.45e-02; 1.54e-01,1.22e-01,5.55e-02; 1.57e-01,1.26e-01,6.03e-02; 1.59e-01,1.26e-01,6.90e-02; 1.63e-01,1.32e-01,7.01e-02; 1.68e-01,1.36e-01,7.18e-02; 1.73e-01,1.38e-01,7.60e-02; 1.77e-01,1.40e-01,8.05e-02; 1.82e-01,1.45e-01,8.24e-02; 1.86e-01,1.50e-01,8.39e-02; 1.90e-01,1.53e-01,8.86e-02; 1.92e-01,1.54e-01,9.67e-02; 1.96e-01,1.59e-01,9.79e-02; 2.01e-01,1.63e-01,1.00e-01; 2.06e-01,1.65e-01,1.05e-01; 2.10e-01,1.68e-01,1.09e-01; 2.15e-01,1.72e-01,1.11e-01; 2.19e-01,1.77e-01,1.12e-01; 2.23e-01,1.80e-01,1.17e-01; 2.25e-01,1.81e-01,1.25e-01; 2.30e-01,1.86e-01,1.26e-01; 2.34e-01,1.90e-01,1.29e-01; 2.39e-01,1.92e-01,1.34e-01; 2.43e-01,1.94e-01,1.38e-01; 2.48e-01,1.98e-01,1.39e-01; 2.53e-01,2.03e-01,1.41e-01; 2.56e-01,2.06e-01,1.46e-01; 2.59e-01,2.08e-01,1.53e-01; 2.63e-01,2.13e-01,1.55e-01; 2.68e-01,2.16e-01,1.58e-01; 2.72e-01,2.18e-01,1.63e-01; 2.77e-01,2.20e-01,1.66e-01; 2.82e-01,2.25e-01,1.68e-01; 2.86e-01,2.29e-01,1.70e-01; 2.89e-01,2.32e-01,1.75e-01; 2.92e-01,2.35e-01,1.81e-01","50,50,50,50,50,50,50,50,50,50,50,50,50,50,50,50,50,50,50,50,50,50,50,50,50,50,50,50,50,50,50,50,50,50,50,50,50,50,50,50,50,50,50,50,50,50,50,50,50,50,50,50,50,50,50,50,50,50,50,50,50,50,50,50"
1139,6.72,6.24,"0.76,1.72,2.45,3.00,3.44,3.85,4.23,4.55,4.95,5.31,5.61,5.89,6.17,6.45,6.68,6.85,7.12,7.35,7.53,7.71,7.90,8.09,8.25,8.41,8.61,8.77,8.92,9.08,9.24,9.38,9.53,9.68,9.83,9.97,10.09,10.22,10.35,10.47,10.59,10.73,10.85,10.96,11.07,11.17,11.28,11.38,11.49,11.62,11.72,11.81,11.90,12.00,12.09,12.18,12.28,12.40,12.49,12.57,12.66,12.74,12.82,12.91,13.02,13.13","4.76e-03,1.93e-03,1.92e-07,1.27e-07","4,4,4,4","8.30e-03; 1.66e-02; 2.49e-02; 3.32e-02; 3.98e-02,1.76e-03; 4.02e-02,9.62e-03; 4.21e-02,1.60e-02; 4.56e-02,2.08e-02; 4.86e-02,2.62e-02; 5.35e-02,2.95e-02; 5.94e-02,3.20e-02; 6.42e-02,3.54e-02; 6.76e-02,4.04e-02; 7.06e-02,4.56e-02; 7.41e-02,5.05e-02; 7.78e-02,5.50e-02; 8.10e-02,6.02e-02; 8.56e-02,6.39e-02; 9.07e-02,6.71e-02; 9.29e-02,6.83e-02,4.91e-03; 9.58e-02,7.21e-02,6.51e-03; 9.87e-02,7.63e-02,7.63e-03; 9.98e-02,7.68e-02,1.44e-02; 9.91e-02,7.29e-02,2.72e-02; 1.02e-01,7.81e-02,2.71e-02; 1.06e-01,8.12e-02,2.84e-02; 1.10e-01,8.22e-02,3.22e-02; 1.13e-01,8.36e-02,3.61e-02; 1.16e-01,8.71e-02,3.77e-02; 1.19e-01,9.07e-02,3.95e-02; 1.21e-01,9.12e-02,4.57e-02; 1.21e-01,8.79e-02,5.68e-02; 1.24e-01,9.26e-02,5.72e-02; 1.28e-01,9.53e-02,5.91e-02; 1.31e-01,9.64e-02,6.29e-02; 1.35e-01,9.81e-02,6.61e-02; 1.38e-01,1.02e-01,6.77e-02; 1.41e-01,1.05e-01,6.97e-02; 1.43e-01,1.05e-01,7.53e-02; 1.44e-01,1.03e-01,8.47e-02; 1.47e-01,1.07e-01,8.55e-02; 1.51e-01,1.10e-01,8.78e-02; 1.55e-01,1.11e-01,9.14e-02; 1.58e-01,1.13e-01,9.42e-02; 1.61e-01,1.16e-01,9.58e-02; 1.64e-01,1.19e-01,9.83e-02; 1.67e-01,1.19e-01,1.04e-01; 1.68e-01,1.18e-01,1.12e-01; 1.71e-01,1.22e-01,1.14e-01; 1.75e-01,1.24e-01,1.16e-01; 1.79e-01,1.25e-01,1.20e-01; 1.82e-01,1.27e-01,1.23e-01; 1.85e-01,1.30e-01,1.25e-01; 1.88e-01,1.32e-01,1.28e-01; 1.91e-01,1.34e-01,1.32e-01; 1.92e-01,1.41e-01,1.31e-01; 1.96e-01,1.43e-01,1.35e-01; 1.99e-01,1.46e-01,1.36e-01; 2.03e-01,1.50e-01,1.37e-01; 2.07e-01,1.52e-01,1.39e-01; 2.10e-01,1.54e-01,1.42e-01; 2.13e-01,1.58e-01,1.44e-01; 2.15e-01,1.63e-01,1.45e-01; 2.17e-01,1.70e-01,1.45e-01","57,57,57,57,57,57,57,57,57,57,57,57,57,57,57,57,57,57,57,57,57,57,57,57,57,57,57,57,57,57,57,57,57,57,57,57,57,57,57,57,57,57,57,57,57,57,57,57,57,57,57,57,57,57,57,57,57,57,57,57,57,57,57,57"
1140,13.56,14.10,"2.85,4.48,5.51,6.41,7.26,8.07,8.80,9.46,10.08,10.68,11.28,11.81,12.24,12.67,13.09,13.49,13.94,14.41,14.81,15.12,15.44,15.72,16.01,16.31,16.63,16.96,17.24,17.51,17.75,17.96,18.24,18.49,18.77,19.02,19.26,19.47,19.66,19.89,20.12,20.35,20.59,20.80,20.98,21.15,21.34,21.54,21.73,21.91,22.10,22.29,22.45,22.60,22.74,22.85,23.11,23.26,23.38,23.54,23.69,23.83,23.97,24.12,24.27,24.40","1.79e-02,1.73e-02,9.16e-03,4.33e-07","5,5,5,5","5.51e-02; 1.10e-01; 1.55e-01,1.03e-02; 1.69e-01,5.13e-02; 1.90e-01,8.55e-02; 2.09e-01,1.22e-01; 2.30e-01,1.55e-01; 2.49e-01,1.88e-01,3.41e-03; 2.69e-01,2.16e-01,1.06e-02; 2.49e-01,1.88e-01,1.14e-01; 2.57e-01,1.89e-01,1.60e-01; 2.81e-01,2.03e-01,1.77e-01; 3.04e-01,2.20e-01,1.93e-01; 3.22e-01,2.39e-01,2.10e-01; 3.41e-01,2.62e-01,2.23e-01; 3.59e-01,2.86e-01,2.37e-01; 3.75e-01,3.09e-01,2.52e-01; 3.89e-01,3.18e-01,2.85e-01; 4.02e-01,3.27e-01,3.17e-01; 4.24e-01,3.44e-01,3.34e-01; 4.45e-01,3.60e-01,3.53e-01; 4.65e-01,3.78e-01,3.69e-01; 4.85e-01,3.99e-01,3.84e-01; 5.06e-01,4.22e-01,3.95e-01; 5.24e-01,4.48e-01,4.06e-01; 5.37e-01,4.56e-01,4.40e-01; 5.35e-01,4.52e-01,4.48e-01,5.34e-02; 5.73e-01,4.85e-01,4.85e-01; 5.92e-01,5.04e-01,5.02e-01; 5.72e-01,4.75e-01,4.66e-01,1.40e-01; 5.82e-01,4.72e-01,4.41e-01,2.15e-01; 5.97e-01,4.90e-01,4.49e-01,2.26e-01; 6.12e-01,5.14e-01,4.62e-01,2.31e-01; 6.27e-01,5.25e-01,4.92e-01,2.30e-01; 6.42e-01,5.37e-01,5.20e-01,2.29e-01; 6.56e-01,5.48e-01,5.38e-01,2.43e-01; 6.75e-01,5.61e-01,5.50e-01,2.53e-01; 6.85e-01,5.63e-01,5.42e-01,3.04e-01; 6.96e-01,5.66e-01,5.34e-01,3.53e-01; 7.11e-01,5.84e-01,5.48e-01,3.61e-01; 7.26e-01,6.08e-01,5.59e-01,3.67e-01; 7.42e-01,6.28e-01,5.71e-01,3.73e-01; 7.59e-01,6.45e-01,5.83e-01,3.82e-01; 7.74e-01,6.57e-01,6.05e-01,3.89e-01; 7.92e-01,6.70e-01,6.22e-01,3.95e-01; 8.04e-01,6.77e-01,6.26e-01,4.29e-01; 8.24e-01,6.90e-01,6.23e-01,4.54e-01; 8.39e-01,7.08e-01,6.32e-01,4.65e-01; 8.55e-01,7.31e-01,6.43e-01,4.71e-01; 8.71e-01,7.51e-01,6.55e-01,4.79e-01; 8.86e-01,7.63e-01,6.81e-01,4.80e-01; 9.01e-01,7.75e-01,7.06e-01,4.84e-01; 9.14e-01,7.85e-01,7.19e-01,5.02e-01; 9.26e-01,7.93e-01,7.20e-01,5.38e-01; 9.34e-01,7.97e-01,7.42e-01,5.58e-01; 9.46e-01,8.05e-01,7.49e-01,5.86e-01; 9.60e-01,8.16e-01,7.60e-01,6.05e-01; 9.76e-01,8.36e-01,7.70e-01,6.15e-01; 9.93e-01,8.51e-01,7.84e-01,6.23e-01; 1.01e+00,8.63e-01,8.10e-01,6.27e-01; 1.02e+00,8.74e-01,8.32e-01,6.35e-01; 1.03e+00,8.83e-01,8.48e-01,6.52e-01; 1.05e+00,8.91e-01,8.60e-01,6.75e-01; 1.06e+00,9.01e-01,8.70e-01,6.98e-01","17,17,17,17,17,17,17,17,17,2,2,17,17,17,17,17,17,2,2,17,17,17,17,17,17,2,2,17,17,2,2,17,17,2,2,2,17,2,2,17,17,17,17,2,17,2,2,17,17,17,2,2,2,2,2,2,2,17,17,2,2,2,2,2"
1141,15.29,16.21,"2.09,3.68,4.80,6.02,7.15,8.16,9.02,9.79,10.51,11.10,11.64,12.17,12.68,13.19,13.70,14.23,14.69,15.09,15.46,15.83,16.18,16.52,16.85,17.21,17.54,17.83,18.13,18.41,18.68,18.93,19.18,19.45,19.72,19.95,20.18,20.42,20.63,20.83,21.01,21.23,21.43,21.62,21.80,21.98,22.15,22.33,22.49,22.67,22.87,23.07,23.21,23.36,23.53,23.69,23.83,23.96,24.14,24.33,24.48,24.62,24.74,24.85,24.99,25.12","1.50e-02,1.47e-02,1.34e-02,1.33e-06","5,5,5,5","5.35e-02; 1.07e-01; 1.28e-01,3.25e-02; 1.37e-01,7.67e-02; 1.55e-01,1.12e-01; 1.76e-01,1.45e-01; 1.98e-01,1.76e-01,3.42e-04; 2.00e-01,1.82e-01,3.28e-02,1.33e-02; 2.11e-01,1.95e-01,5.37e-02,2.24e-02; 2.27e-01,2.11e-01,5.74e-02,3.97e-02; 2.42e-01,2.23e-01,7.24e-02,5.12e-02; 2.57e-01,2.33e-01,8.64e-02,6.54e-02; 2.72e-01,2.47e-01,9.23e-02,8.43e-02; 2.88e-01,2.63e-01,1.12e-01,8.67e-02; 3.03e-01,2.80e-01,1.32e-01,8.74e-02; 3.14e-01,2.91e-01,1.36e-01,1.15e-01; 3.27e-01,3.05e-01,1.48e-01,1.29e-01; 3.43e-01,3.21e-01,1.64e-01,1.35e-01; 3.55e-01,3.31e-01,1.96e-01,1.34e-01; 3.70e-01,3.43e-01,2.03e-01,1.53e-01; 3.86e-01,3.57e-01,2.19e-01,1.61e-01; 4.03e-01,3.72e-01,2.37e-01,1.65e-01; 4.19e-01,3.89e-01,2.53e-01,1.69e-01; 4.33e-01,4.03e-01,2.67e-01,1.81e-01; 4.47e-01,4.18e-01,2.80e-01,1.92e-01; 4.63e-01,4.34e-01,2.95e-01,1.99e-01; 4.76e-01,4.46e-01,3.21e-01,2.02e-01; 4.91e-01,4.58e-01,3.32e-01,2.17e-01; 5.05e-01,4.70e-01,3.55e-01,2.21e-01; 5.22e-01,4.86e-01,3.71e-01,2.26e-01; 5.38e-01,5.02e-01,3.87e-01,2.31e-01; 5.52e-01,5.16e-01,4.00e-01,2.44e-01; 5.65e-01,5.30e-01,4.10e-01,2.60e-01; 5.80e-01,5.45e-01,4.24e-01,2.70e-01; 5.94e-01,5.58e-01,4.46e-01,2.74e-01; 6.09e-01,5.70e-01,4.56e-01,2.91e-01; 6.23e-01,5.82e-01,4.75e-01,2.99e-01; 6.39e-01,5.98e-01,4.92e-01,3.04e-01; 6.54e-01,6.11e-01,5.08e-01,3.13e-01; 6.68e-01,6.25e-01,5.24e-01,3.23e-01; 6.81e-01,6.39e-01,5.35e-01,3.39e-01; 6.95e-01,6.52e-01,5.54e-01,3.46e-01; 7.11e-01,6.67e-01,5.70e-01,3.53e-01; 7.25e-01,6.80e-01,5.92e-01,3.57e-01; 7.40e-01,6.93e-01,6.10e-01,3.65e-01; 7.54e-01,7.05e-01,6.26e-01,3.76e-01; 7.68e-01,7.18e-01,6.41e-01,3.88e-01; 7.82e-01,7.32e-01,6.55e-01,3.99e-01; 7.94e-01,7.44e-01,6.60e-01,4.23e-01; 8.07e-01,7.57e-01,6.70e-01,4.42e-01; 8.20e-01,7.69e-01,6.79e-01,4.61e-01; 8.34e-01,7.82e-01,6.96e-01,4.70e-01; 8.48e-01,7.95e-01,7.19e-01,4.73e-01; 8.62e-01,8.07e-01,7.33e-01,4.87e-01; 8.75e-01,8.19e-01,7.38e-01,5.11e-01; 8.91e-01,8.36e-01,7.75e-01,4.94e-01; 9.03e-01,8.49e-01,7.85e-01,5.12e-01; 9.14e-01,8.59e-01,7.82e-01,5.48e-01; 9.27e-01,8.71e-01,7.93e-01,5.66e-01; 9.42e-01,8.83e-01,8.18e-01,5.66e-01; 9.57e-01,8.98e-01,8.40e-01,5.68e-01; 9.71e-01,9.11e-01,8.59e-01,5.76e-01; 9.85e-01,9.23e-01,8.71e-01,5.92e-01; 9.99e-01,9.38e-01,8.94e-01,5.94e-01","10,10,10,10,10,10,10,10,10,10,10,10,10,10,10,10,10,10,58,10,10,10,10,10,10,10,58,10,58,10,10,10,10,10,58,10,58,10,58,10,10,58,10,58,58,58,58,10,10,10,58,58,58,58,58,10,10,10,58,10,58,58,58,10"
1142,11.65,11.95,"2.55,4.09,5.07,5.92,6.67,7.30,7.82,8.30,8.85,9.29,9.67,10.05,10.42,10.77,11.11,11.50,11.85,12.12,12.37,12.64,12.90,13.14,13.38,13.65,13.90,14.10,14.29,14.50,14.69,14.87,15.05,15.26,15.45,15.61,15.77,15.93,16.08,16.23,16.37,16.53,16.66,16.80,16.89,17.03,17.13,17.23,17.31,17.43,17.72,16.98,17.15,18.33,18.42,18.50,18.59,18.67,18.81,18.93,19.06,19.17,19.27,19.38,19.48,19.55","3.26e-02,2.89e-02,2.03e-06,8.60e-07","4,4,4,4","7.63e-02; 1.53e-01; 2.23e-01,5.91e-03; 2.40e-01,6.52e-02; 2.75e-01,1.07e-01; 3.13e-01,1.45e-01; 3.56e-01,1.79e-01; 3.67e-01,1.50e-01,9.38e-02; 3.90e-01,1.79e-01,1.18e-01; 4.23e-01,2.13e-01,1.27e-01; 4.54e-01,2.28e-01,1.50e-01,7.49e-03; 4.80e-01,2.39e-01,1.74e-01,2.24e-02; 5.30e-01,2.63e-01,1.70e-01,3.01e-02; 5.58e-01,2.86e-01,1.65e-01,5.93e-02; 5.87e-01,2.97e-01,2.05e-01,5.53e-02; 6.07e-01,2.84e-01,2.73e-01,5.68e-02; 6.35e-01,3.13e-01,3.03e-01,4.57e-02; 6.65e-01,3.29e-01,3.16e-01,6.43e-02; 6.91e-01,3.35e-01,3.22e-01,1.02e-01; 6.98e-01,3.52e-01,3.38e-01,1.38e-01; 7.28e-01,3.69e-01,3.53e-01,1.53e-01; 7.58e-01,3.76e-01,3.74e-01,1.71e-01; 7.89e-01,4.05e-01,3.90e-01,1.72e-01; 8.16e-01,4.67e-01,3.73e-01,1.76e-01; 8.43e-01,4.94e-01,4.03e-01,1.68e-01; 8.72e-01,4.99e-01,4.25e-01,1.88e-01; 9.01e-01,5.10e-01,4.31e-01,2.18e-01; 9.34e-01,5.39e-01,4.42e-01,2.22e-01; 8.66e-01,5.66e-01,4.58e-01,3.24e-01; 8.85e-01,5.78e-01,4.82e-01,3.45e-01; 9.07e-01,6.06e-01,4.97e-01,3.55e-01; 9.43e-01,6.56e-01,4.82e-01,3.61e-01; 9.66e-01,6.81e-01,5.13e-01,3.57e-01; 9.85e-01,6.92e-01,5.33e-01,3.85e-01; 1.00e+00,7.07e-01,5.41e-01,4.21e-01; 1.03e+00,7.34e-01,5.52e-01,4.28e-01; 1.05e+00,7.54e-01,5.72e-01,4.50e-01; 1.07e+00,7.70e-01,5.92e-01,4.63e-01; 1.10e+00,8.00e-01,6.05e-01,4.68e-01; 1.13e+00,8.46e-01,5.95e-01,4.80e-01; 1.28e+00,8.19e-01,5.48e-01,4.87e-01; 1.19e+00,8.96e-01,6.56e-01,4.68e-01; 1.31e+00,8.28e-01,5.85e-01,5.63e-01; 1.25e+00,9.42e-01,6.71e-01,4.96e-01; 1.28e+00,9.62e-01,6.80e-01,5.13e-01; 1.31e+00,9.91e-01,7.11e-01,4.94e-01; 1.34e+00,1.02e+00,7.31e-01,4.92e-01; 1.37e+00,1.06e+00,7.27e-01,5.04e-01; 1.39e+00,1.07e+00,7.11e-01,5.66e-01; 1.36e+00,8.67e-01,8.34e-01,7.56e-01; 1.35e+00,9.53e-01,8.25e-01,7.59e-01; 1.41e+00,1.10e+00,7.38e-01,7.19e-01; 1.43e+00,1.12e+00,7.50e-01,7.41e-01; 1.45e+00,1.14e+00,7.64e-01,7.63e-01; 1.48e+00,1.16e+00,7.86e-01,7.78e-01; 1.50e+00,1.18e+00,8.06e-01,7.92e-01; 1.52e+00,1.19e+00,8.28e-01,8.15e-01; 1.53e+00,1.20e+00,8.53e-01,8.33e-01; 1.55e+00,1.22e+00,8.80e-01,8.43e-01; 1.58e+00,1.25e+00,8.95e-01,8.56e-01; 1.60e+00,1.27e+00,9.16e-01,8.70e-01; 1.62e+00,1.28e+00,9.43e-01,8.82e-01; 1.65e+00,1.31e+00,9.68e-01,8.88e-01; 1.61e+00,1.21e+00,1.18e+00,8.82e-01","10,10,10,10,10,10,10,10,10,10,10,10,10,10,10,10,10,10,10,10,10,10,10,10,10,10,10,10,10,10,10,10,10,10,10,10,10,10,10,10,10,10,26,10,8,10,8,10,8,10,10,10,8,26,26,26,10,10,10,10,10,10,10,10"
1143,14.43,15.10,"2.98,4.71,5.83,7.00,8.06,8.97,9.82,10.64,11.39,12.30,13.02,13.60,14.12,14.59,15.03,15.46,15.89,16.33,16.73,17.11,17.47,17.81,18.13,18.43,18.73,19.06,19.38,19.67,19.94,20.21,20.49,20.75,21.00,21.27,21.53,21.76,21.98,22.20,22.40,22.58,22.75,22.94,23.13,23.31,23.49,23.67,23.85,24.04,24.22,24.41,24.60,24.77,24.93,25.09,25.25,25.40,25.53,25.67,25.81,25.94,26.07,26.20,26.33,26.45","2.78e-02,2.69e-02,1.41e-02,9.03e-07","4,4,4,4","8.54e-02; 1.71e-01; 2.25e-01,3.16e-02; 2.33e-01,1.08e-01; 2.61e-01,1.67e-01; 2.95e-01,2.18e-01; 3.05e-01,2.28e-01,6.57e-02; 3.23e-01,2.47e-01,1.13e-01; 3.28e-01,2.46e-01,1.45e-01,5.04e-02; 3.50e-01,2.71e-01,2.19e-01,1.37e-02; 3.73e-01,2.94e-01,2.56e-01,1.61e-02; 3.95e-01,3.04e-01,2.78e-01,4.83e-02; 4.17e-01,3.01e-01,2.96e-01,9.64e-02; 4.38e-01,3.15e-01,2.90e-01,1.53e-01; 4.60e-01,3.38e-01,2.70e-01,2.13e-01; 4.84e-01,3.66e-01,2.62e-01,2.54e-01; 5.09e-01,4.08e-01,3.00e-01,2.36e-01; 5.33e-01,4.35e-01,3.16e-01,2.54e-01; 5.58e-01,4.55e-01,3.28e-01,2.82e-01; 5.85e-01,4.75e-01,3.53e-01,2.95e-01; 6.12e-01,5.00e-01,3.96e-01,2.87e-01; 6.40e-01,5.34e-01,4.41e-01,2.65e-01; 6.64e-01,5.64e-01,4.69e-01,2.68e-01; 6.85e-01,5.79e-01,4.76e-01,3.09e-01; 7.08e-01,5.96e-01,4.86e-01,3.46e-01; 7.34e-01,6.07e-01,4.93e-01,3.87e-01; 7.58e-01,6.17e-01,5.05e-01,4.26e-01; 7.85e-01,6.37e-01,5.24e-01,4.46e-01; 8.12e-01,6.65e-01,5.52e-01,4.49e-01; 8.39e-01,6.96e-01,5.84e-01,4.44e-01; 8.63e-01,7.23e-01,6.12e-01,4.50e-01; 8.86e-01,7.40e-01,6.31e-01,4.76e-01; 9.09e-01,7.66e-01,6.54e-01,4.90e-01; 9.32e-01,7.83e-01,6.71e-01,5.19e-01; 9.56e-01,8.03e-01,6.85e-01,5.46e-01; 9.82e-01,8.26e-01,7.04e-01,5.63e-01; 1.01e+00,8.54e-01,7.36e-01,5.62e-01; 1.04e+00,8.90e-01,7.80e-01,5.40e-01; 1.07e+00,9.37e-01,8.26e-01,5.02e-01; 1.08e+00,9.62e-01,8.53e-01,5.18e-01; 1.11e+00,9.91e-01,8.74e-01,5.28e-01; 1.14e+00,1.03e+00,8.98e-01,5.19e-01; 1.17e+00,1.05e+00,9.13e-01,5.47e-01; 1.19e+00,1.07e+00,9.35e-01,5.64e-01; 1.22e+00,1.09e+00,9.63e-01,5.67e-01; 1.25e+00,1.12e+00,9.92e-01,5.68e-01; 1.27e+00,1.14e+00,1.01e+00,5.93e-01; 1.29e+00,1.15e+00,1.02e+00,6.46e-01; 1.31e+00,1.16e+00,1.03e+00,6.91e-01; 1.33e+00,1.17e+00,1.04e+00,7.37e-01; 1.35e+00,1.18e+00,1.05e+00,7.73e-01; 1.38e+00,1.20e+00,1.07e+00,7.92e-01; 1.41e+00,1.23e+00,1.10e+00,7.96e-01; 1.43e+00,1.26e+00,1.13e+00,7.91e-01; 1.46e+00,1.29e+00,1.16e+00,7.84e-01; 1.48e+00,1.32e+00,1.19e+00,7.94e-01; 1.51e+00,1.35e+00,1.21e+00,7.99e-01; 1.53e+00,1.37e+00,1.24e+00,8.12e-01; 1.56e+00,1.40e+00,1.26e+00,8.27e-01; 1.58e+00,1.42e+00,1.28e+00,8.39e-01; 1.61e+00,1.45e+00,1.31e+00,8.43e-01; 1.64e+00,1.48e+00,1.34e+00,8.36e-01; 1.67e+00,1.51e+00,1.37e+00,8.31e-01; 1.69e+00,1.54e+00,1.39e+00,8.47e-01","10,10,10,10,10,10,10,10,10,10,10,10,10,10,10,10,10,10,10,10,10,10,10,10,10,10,10,10,10,10,10,10,10,10,10,10,10,10,10,10,10,10,10,10,10,10,10,10,10,10,10,10,10,10,10,10,10,10,10,10,10,10,10,10"
1144,14.25,15.23,"3.74,5.57,6.97,8.52,9.89,11.04,12.01,12.88,13.62,14.20,14.67,15.13,15.61,16.07,16.51,16.97,17.43,17.82,18.17,18.52,18.87,19.21,19.53,19.88,20.18,20.45,20.71,20.97,21.22,21.47,21.74,22.04,22.26,22.46,22.65,22.86,23.07,23.26,23.46,23.71,23.89,24.07,24.26,24.46,24.66,24.84,25.00,25.17,25.36,25.56,25.76,25.94,26.13,26.31,26.50,26.69,26.86,27.05,27.24,27.40,27.56,27.71,27.89,28.07","3.64e-02,3.57e-02,5.32e-03,2.48e-06","5,5,5,5","9.60e-02; 1.92e-01; 2.08e-01,8.00e-02; 2.32e-01,1.52e-01; 2.68e-01,2.13e-01; 3.08e-01,2.68e-01; 3.51e-01,3.22e-01; 3.64e-01,3.38e-01,6.66e-02; 3.94e-01,3.68e-01,1.03e-01; 4.32e-01,4.06e-01,1.22e-01; 4.71e-01,4.42e-01,1.43e-01; 5.19e-01,4.80e-01,1.54e-01; 5.36e-01,4.97e-01,2.15e-01; 5.72e-01,5.32e-01,2.41e-01; 6.22e-01,5.81e-01,2.37e-01; 6.33e-01,5.97e-01,2.53e-01,5.33e-02; 6.90e-01,6.50e-01,2.81e-01,1.18e-02; 6.87e-01,6.50e-01,3.06e-01,8.53e-02; 7.33e-01,6.86e-01,2.88e-01,1.17e-01; 7.55e-01,7.02e-01,3.18e-01,1.45e-01; 7.84e-01,7.26e-01,3.71e-01,1.35e-01; 8.13e-01,7.53e-01,4.16e-01,1.30e-01; 8.42e-01,7.82e-01,4.40e-01,1.44e-01; 8.37e-01,7.83e-01,4.43e-01,2.43e-01; 8.66e-01,8.13e-01,4.69e-01,2.52e-01; 8.96e-01,8.43e-01,5.00e-01,2.58e-01; 9.25e-01,8.68e-01,5.26e-01,2.74e-01; 9.53e-01,8.91e-01,5.57e-01,2.88e-01; 9.82e-01,9.17e-01,5.93e-01,2.93e-01; 1.01e+00,9.45e-01,6.23e-01,3.01e-01; 1.04e+00,9.71e-01,6.36e-01,3.30e-01; 1.06e+00,9.91e-01,6.30e-01,3.88e-01; 1.09e+00,1.02e+00,6.51e-01,4.02e-01; 1.12e+00,1.05e+00,6.74e-01,4.15e-01; 1.15e+00,1.08e+00,6.93e-01,4.38e-01; 1.18e+00,1.10e+00,7.14e-01,4.63e-01; 1.21e+00,1.12e+00,7.41e-01,4.80e-01; 1.24e+00,1.15e+00,7.63e-01,4.97e-01; 1.27e+00,1.18e+00,7.73e-01,5.26e-01; 1.29e+00,1.20e+00,7.63e-01,5.84e-01; 1.32e+00,1.23e+00,7.75e-01,6.07e-01; 1.35e+00,1.26e+00,7.77e-01,6.43e-01; 1.38e+00,1.28e+00,7.52e-01,7.13e-01; 1.41e+00,1.30e+00,7.64e-01,7.52e-01; 1.45e+00,1.34e+00,7.75e-01,7.57e-01; 1.48e+00,1.36e+00,8.11e-01,7.67e-01; 1.51e+00,1.39e+00,8.31e-01,7.86e-01; 1.54e+00,1.42e+00,8.36e-01,8.16e-01; 1.56e+00,1.45e+00,8.60e-01,8.39e-01; 1.58e+00,1.46e+00,8.86e-01,8.67e-01; 1.61e+00,1.48e+00,9.18e-01,8.95e-01; 1.63e+00,1.50e+00,9.70e-01,9.00e-01; 1.65e+00,1.51e+00,1.01e+00,9.11e-01; 1.68e+00,1.53e+00,1.05e+00,9.31e-01; 1.70e+00,1.55e+00,1.07e+00,9.60e-01; 1.72e+00,1.58e+00,1.08e+00,9.98e-01; 1.75e+00,1.60e+00,1.11e+00,1.02e+00; 1.77e+00,1.62e+00,1.14e+00,1.04e+00; 1.79e+00,1.63e+00,1.19e+00,1.06e+00; 1.81e+00,1.65e+00,1.23e+00,1.07e+00; 1.84e+00,1.67e+00,1.27e+00,1.08e+00; 1.86e+00,1.69e+00,1.30e+00,1.10e+00; 1.89e+00,1.71e+00,1.32e+00,1.13e+00; 1.91e+00,1.73e+00,1.32e+00,1.18e+00","9,9,9,9,9,9,9,9,9,9,9,9,9,9,9,9,9,9,9,9,9,9,9,9,9,9,9,9,9,9,9,9,9,9,9,9,9,9,9,9,9,9,9,9,9,9,9,9,9,9,9,9,9,9,9,9,9,9,9,9,9,9,9,9"
1145,3.93,4.12,"0.23,0.70,1.17,1.59,1.97,2.29,2.58,2.82,3.04,3.27,3.51,3.73,3.94,4.13,4.30,4.46,4.61,4.76,4.90,5.05,5.19,5.32,5.45,5.57,5.68,5.79,5.90,6.01,6.11,6.21,6.31,6.41,6.50,6.59,6.67,6.76,6.84,6.92,7.00,7.08,7.16,7.23,7.31,7.38,7.44,7.51,7.58,7.65,7.72,7.78,7.85,7.91,7.97,8.03,8.09,8.15,8.21,8.27,8.33,8.38,8.44,8.49,8.54,8.60","1.24e-03,8.05e-08,3.12e-08,2.23e-08","4,4,4,4","1.54e-03; 3.08e-03; 4.61e-03; 6.15e-03; 7.69e-03; 9.23e-03; 1.08e-02; 1.23e-02; 1.38e-02; 1.52e-02,1.82e-04; 1.67e-02,1.89e-04; 1.83e-02,1.14e-04; 1.99e-02,1.06e-04; 2.01e-02,1.42e-03; 2.21e-02,9.66e-04; 2.27e-02,1.93e-03; 2.30e-02,3.13e-03; 2.39e-02,3.77e-03; 2.52e-02,4.00e-03; 2.68e-02,3.98e-03; 2.83e-02,4.00e-03; 2.96e-02,4.25e-03; 3.05e-02,4.82e-03; 3.12e-02,5.69e-03; 3.16e-02,6.88e-03; 3.13e-02,8.65e-03; 3.24e-02,9.07e-03; 3.49e-02,8.20e-03; 3.63e-02,8.34e-03; 3.75e-02,8.63e-03; 3.86e-02,9.11e-03; 3.94e-02,9.79e-03; 3.88e-02,1.20e-02; 3.97e-02,1.26e-02; 4.07e-02,1.31e-02; 4.19e-02,1.34e-02; 4.31e-02,1.38e-02; 4.43e-02,1.41e-02; 4.54e-02,1.46e-02; 4.63e-02,1.52e-02; 4.70e-02,1.60e-02; 4.79e-02,1.67e-02; 4.89e-02,1.72e-02; 5.00e-02,1.77e-02; 5.12e-02,1.80e-02; 5.24e-02,1.84e-02; 5.34e-02,1.89e-02; 5.43e-02,1.95e-02; 5.50e-02,2.04e-02; 5.58e-02,2.11e-02; 5.67e-02,2.17e-02; 5.78e-02,2.22e-02; 5.89e-02,2.26e-02; 6.00e-02,2.30e-02; 6.11e-02,2.35e-02; 6.20e-02,2.41e-02; 6.25e-02,2.51e-02; 6.32e-02,2.60e-02; 6.41e-02,2.67e-02; 6.51e-02,2.72e-02; 6.62e-02,2.76e-02; 6.73e-02,2.81e-02; 6.83e-02,2.86e-02; 6.92e-02,2.93e-02","25,25,25,25,25,25,25,25,25,25,25,25,25,25,25,25,25,25,25,25,25,25,25,25,25,25,25,25,25,25,25,25,25,25,25,25,25,25,25,25,25,25,25,25,25,25,25,25,25,25,25,25,25,25,25,25,25,25,25,25,25,25,25,25"
1146,3.65,3.74,"0.18,0.54,0.92,1.25,1.55,1.81,2.03,2.24,2.47,2.71,2.95,3.16,3.37,3.56,3.74,3.90,4.06,4.22,4.37,4.52,4.66,4.80,4.93,5.06,5.18,5.30,5.42,5.52,5.63,5.74,5.85,5.95,6.05,6.15,6.25,6.33,6.42,6.51,6.60,6.69,6.78,6.86,6.94,7.02,7.09,7.17,7.25,7.33,7.40,7.48,7.55,7.62,7.68,7.75,7.82,7.89,7.96,8.03,8.10,8.15,8.21,8.27,8.34,8.40","9.18e-04,4.73e-08,3.13e-08,1.20e-08","0,0,0,0","1.14e-03; 2.28e-03; 3.42e-03; 4.56e-03; 5.70e-03; 6.84e-03; 7.90e-03,7.40e-05; 7.96e-03,1.16e-03; 7.94e-03,2.32e-03; 8.69e-03,2.71e-03; 9.82e-03,2.71e-03; 1.09e-02,2.74e-03; 1.18e-02,3.01e-03; 1.24e-02,3.55e-03; 1.28e-02,4.25e-03; 1.32e-02,5.02e-03; 1.35e-02,5.90e-03; 1.41e-02,6.45e-03; 1.50e-02,6.68e-03; 1.60e-02,6.80e-03; 1.69e-02,7.02e-03; 1.76e-02,7.45e-03; 1.81e-02,8.07e-03; 1.86e-02,8.79e-03; 1.89e-02,9.64e-03; 1.94e-02,1.02e-02; 2.02e-02,1.06e-02; 2.11e-02,1.08e-02; 2.20e-02,1.11e-02; 2.27e-02,1.15e-02; 2.32e-02,1.21e-02; 2.37e-02,1.28e-02; 2.40e-02,1.36e-02; 2.45e-02,1.43e-02; 2.52e-02,1.47e-02; 2.61e-02,1.49e-02; 2.69e-02,1.52e-02; 2.76e-02,1.57e-02; 2.82e-02,1.63e-02; 2.86e-02,1.70e-02; 2.89e-02,1.78e-02; 2.94e-02,1.85e-02; 3.01e-02,1.89e-02; 3.09e-02,1.93e-02; 3.17e-02,1.96e-02; 3.24e-02,2.00e-02; 3.29e-02,2.06e-02; 3.34e-02,2.13e-02; 3.37e-02,2.21e-02; 3.42e-02,2.28e-02; 3.48e-02,2.33e-02; 3.56e-02,2.37e-02; 3.64e-02,2.40e-02; 3.71e-02,2.45e-02; 3.76e-02,2.51e-02; 3.80e-02,2.58e-02; 3.84e-02,2.66e-02; 3.89e-02,2.72e-02; 3.95e-02,2.77e-02; 4.03e-02,2.81e-02; 4.10e-02,2.85e-02; 4.17e-02,2.90e-02; 4.22e-02,2.96e-02; 4.27e-02,3.03e-02","25,25,25,25,25,25,25,25,25,25,25,25,25,25,25,25,25,25,25,25,25,25,25,25,25,25,25,25,25,25,25,25,25,25,25,25,25,25,25,25,25,25,25,25,25,25,25,25,25,25,25,25,25,25,25,25,25,25,25,25,25,25,25,25"
1147,0.31,0.16,"0.00,0.01,0.02,0.04,0.06,0.08,0.10,0.12,0.14,0.18,0.22,0.26,0.30,0.33,0.36,0.39,0.43,0.47,0.52,0.57,0.61,0.65,0.69,0.72,0.76,0.80,0.85,0.90,0.94,0.98,1.02,1.05,1.08,1.12,1.17,1.21,1.25,1.29,1.33,1.36,1.39,1.43,1.47,1.51,1.55,1.58,1.61,1.64,1.67,1.71,1.74,1.78,1.82,1.85,1.88,1.91,1.93,1.97,2.00,2.04,2.07,2.10,2.13,2.15","1.61e-05,7.38e-10,3.50e-10,2.43e-10","9,9,9,9",2.00e-05; 4.00e-05; 6.00e-05; 8.00e-05; 1.00e-04; 1.20e-04; 1.40e-04; 1.60e-04; 1.80e-04; 2.00e-04; 2.20e-04; 2.40e-04; 2.60e-04; 2.80e-04; 3.00e-04; 3.20e-04; 3.40e-04; 3.60e-04; 3.80e-04; 4.00e-04; 4.20e-04; 4.40e-04; 4.60e-04; 4.80e-04; 5.00e-04; 5.20e-04; 5.40e-04; 5.60e-04; 5.80e-04; 6.00e-04; 6.20e-04; 6.40e-04; 6.60e-04; 6.80e-04; 7.00e-04; 7.20e-04; 7.40e-04; 7.60e-04; 7.80e-04; 8.00e-04; 8.20e-04; 8.40e-04; 8.60e-04; 8.80e-04; 9.00e-04; 9.20e-04; 9.40e-04; 9.60e-04; 9.80e-04; 1.00e-03; 1.02e-03; 1.04e-03; 1.06e-03; 1.08e-03; 1.10e-03; 1.12e-03; 1.14e-03; 1.16e-03; 1.18e-03; 1.20e-03; 1.22e-03; 1.24e-03; 1.26e-03; 1.28e-03,"9,9,9,9,9,9,9,9,9,9,9,9,9,9,9,9,9,9,9,9,9,9,9,9,9,9,9,9,9,9,9,9,9,9,9,9,9,9,9,9,9,9,9,9,9,9,9,9,9,9,9,9,9,9,9,9,9,9,9,9,9,9,9,9"
1148,14.45,15.15,"5.44,7.23,8.49,9.61,10.57,11.35,11.93,12.47,13.05,13.56,14.02,14.45,14.88,15.28,15.65,15.99,16.34,16.65,16.93,17.20,17.47,17.73,17.98,18.22,18.46,18.69,18.89,19.09,19.28,19.47,19.66,19.84,20.03,20.21,20.37,20.52,20.67,20.82,20.97,21.11,21.27,21.42,21.55,21.68,21.80,21.92,22.05,22.17,22.30,22.42,22.54,22.65,22.75,22.86,22.96,23.06,23.18,23.29,23.39,23.48,23.57,23.67,23.76,23.85","2.58e-01,2.13e-01,1.05e-05,8.92e-06","0,0,0,0","5.85e-01; 1.17e+00; 1.36e+00,3.92e-01; 1.57e+00,7.65e-01; 1.78e+00,1.14e+00; 2.04e+00,1.47e+00; 2.34e+00,1.73e+00,2.51e-02; 2.41e+00,1.49e+00,7.81e-01; 2.62e+00,1.52e+00,1.13e+00; 2.90e+00,1.85e+00,1.10e+00; 3.17e+00,2.08e+00,1.18e+00; 3.43e+00,2.35e+00,1.23e+00; 3.69e+00,2.70e+00,1.21e+00; 3.95e+00,3.01e+00,1.23e+00; 4.18e+00,3.16e+00,1.43e+00; 4.37e+00,3.06e+00,1.93e+00; 4.57e+00,3.01e+00,2.36e+00; 4.84e+00,3.35e+00,2.34e+00; 5.11e+00,3.63e+00,2.37e+00; 5.38e+00,3.88e+00,2.44e+00; 5.64e+00,4.21e+00,2.43e+00; 5.91e+00,4.52e+00,2.44e+00; 6.15e+00,4.70e+00,2.60e+00; 6.36e+00,4.63e+00,3.04e+00; 6.57e+00,4.55e+00,3.50e+00; 6.83e+00,4.85e+00,3.53e+00; 7.10e+00,5.16e+00,3.53e+00; 7.36e+00,5.42e+00,3.60e+00; 7.63e+00,5.73e+00,3.61e+00; 7.90e+00,6.04e+00,3.60e+00; 8.15e+00,6.24e+00,3.74e+00; 8.37e+00,6.20e+00,4.14e+00; 8.58e+00,6.10e+00,4.63e+00; 8.83e+00,6.36e+00,4.69e+00; 9.10e+00,6.69e+00,4.68e+00; 9.37e+00,6.95e+00,4.74e+00; 9.63e+00,7.24e+00,4.77e+00; 9.90e+00,7.56e+00,4.76e+00; 1.02e+01,7.78e+00,4.87e+00; 1.04e+01,7.76e+00,5.25e+00; 1.06e+01,7.64e+00,5.76e+00; 1.08e+01,7.87e+00,5.86e+00; 1.11e+01,8.21e+00,5.84e+00; 1.14e+01,8.47e+00,5.90e+00; 1.16e+01,8.76e+00,5.93e+00; 1.19e+01,9.08e+00,5.93e+00; 1.22e+01,9.31e+00,6.02e+00; 1.24e+01,9.32e+00,6.37e+00; 1.26e+01,9.17e+00,6.90e+00; 1.28e+01,9.38e+00,7.04e+00; 1.31e+01,9.72e+00,7.02e+00; 1.34e+01,9.99e+00,7.07e+00; 1.36e+01,1.03e+01,7.12e+00; 1.39e+01,1.06e+01,7.12e+00; 1.41e+01,1.08e+01,7.19e+00; 1.44e+01,1.09e+01,7.51e+00; 1.46e+01,1.07e+01,8.07e+00; 1.48e+01,1.09e+01,8.24e+00; 1.51e+01,1.12e+01,8.22e+00; 1.53e+01,1.15e+01,8.27e+00; 1.56e+01,1.18e+01,8.32e+00; 1.59e+01,1.21e+01,8.33e+00; 1.61e+01,1.23e+01,8.39e+00; 1.63e+01,1.24e+01,8.68e+00","25,25,25,25,25,25,25,25,25,25,25,25,25,25,25,25,25,25,25,25,25,25,25,25,25,25,25,25,25,25,25,25,25,25,25,25,25,25,25,25,25,25,25,25,25,25,25,25,25,25,25,25,25,25,25,25,25,25,25,25,25,25,25,25"
1149,13.83,13.74,"4.53,6.34,7.43,8.17,8.93,9.57,10.15,10.69,11.18,11.60,11.94,12.26,12.57,12.90,13.21,13.51,13.82,14.08,14.29,14.49,14.69,14.89,15.10,15.31,15.52,15.71,15.87,16.01,16.16,16.30,16.46,16.64,16.80,16.95,17.07,17.18,17.30,17.41,17.54,17.68,17.81,17.93,18.04,18.17,18.28,18.38,18.49,18.62,18.73,18.84,18.95,19.05,19.13,19.22,19.31,19.44,19.52,19.60,19.69,19.77,19.85,19.93,20.02,20.13","2.62e-01,2.07e-01,1.69e-05,1.03e-05","5,5,5,5","5.82e-01; 1.16e+00; 1.75e+00; 1.86e+00,4.71e-01; 2.41e+00,5.00e-01; 2.73e+00,7.64e-01; 2.95e+00,1.13e+00; 3.17e+00,1.48e+00; 3.41e+00,1.83e+00; 3.72e+00,2.10e+00; 4.07e+00,2.33e+00; 4.42e+00,2.56e+00; 4.74e+00,2.83e+00; 5.03e+00,3.12e+00; 5.30e+00,3.43e+00; 5.57e+00,3.75e+00; 5.82e+00,4.08e+00; 6.12e+00,4.36e+00; 6.44e+00,4.62e+00; 6.77e+00,4.88e+00; 7.09e+00,5.14e+00; 7.39e+00,5.42e+00; 7.68e+00,5.71e+00; 7.79e+00,5.85e+00,3.39e-01; 8.18e+00,6.27e+00,1.07e-01; 8.52e+00,6.62e+00; 8.74e+00,6.79e+00,1.94e-01; 8.87e+00,6.87e+00,5.68e-01; 9.09e+00,7.05e+00,7.54e-01; 9.43e+00,7.36e+00,6.78e-01; 9.69e+00,7.62e+00,7.41e-01; 9.80e+00,7.63e+00,1.20e+00; 1.00e+01,7.88e+00,1.30e+00; 1.03e+01,8.20e+00,1.28e+00; 1.13e+01,8.82e+00,2.50e-01; 1.18e+01,9.15e+00; 1.22e+01,9.39e+00; 1.24e+01,9.68e+00; 1.27e+01,9.99e+00; 1.31e+01,1.02e+01; 1.34e+01,1.05e+01; 1.36e+01,1.09e+01; 1.40e+01,1.10e+01; 1.37e+01,1.07e+01,1.22e+00; 1.32e+01,1.05e+01,2.50e+00; 1.35e+01,1.07e+01,2.56e+00; 1.38e+01,1.09e+01,2.67e+00; 1.46e+01,1.12e+01,2.18e+00; 1.43e+01,1.13e+01,2.97e+00; 1.52e+01,1.17e+01,2.24e+00; 1.46e+01,1.14e+01,3.63e+00; 1.49e+01,1.15e+01,3.80e+00; 1.52e+01,1.17e+01,3.93e+00; 1.61e+01,1.22e+01,3.08e+00; 1.65e+01,1.24e+01,3.08e+00; 1.66e+01,1.23e+01,3.69e+00; 1.58e+01,1.22e+01,4.07e+00,1.14e+00; 1.78e+01,1.33e+01,2.73e+00; 1.80e+01,1.34e+01,2.90e+00; 1.84e+01,1.36e+01,2.93e+00; 1.69e+01,1.28e+01,3.80e+00,2.05e+00; 1.71e+01,1.30e+01,3.40e+00,2.58e+00; 1.74e+01,1.31e+01,3.37e+00,2.86e+00; 1.77e+01,1.33e+01,4.12e+00,2.21e+00","32,32,32,32,32,32,32,32,32,32,32,32,32,32,32,32,32,32,32,32,32,32,32,32,32,32,32,32,32,32,32,32,32,32,32,32,32,32,32,32,32,32,32,32,32,32,32,32,32,32,32,32,32,32,32,32,32,32,32,32,32,32,32,32"
1167,16.89,15.31,"3.26,6.91,9.29,10.89,12.00,12.77,13.28,13.61,13.79,14.02,14.35,14.72,15.10,15.44,15.74,15.98,16.19,16.42,16.67,16.93,17.18,17.44,17.67,17.86,18.03,18.22,18.42,18.61,18.80,19.00,19.18,19.33,19.46,19.63,19.78,19.93,20.09,20.25,20.39,20.52,20.64,20.77,20.91,21.02,21.15,21.29,21.40,21.51,21.62,21.73,21.85,21.96,22.08,22.19,22.30,22.39,22.49,22.60,22.70,22.78,22.88,23.00,23.06,23.17","1.19e+00,8.03e-01,5.41e-01,4.81e-05","15,15,15,15","3.15e+00; 6.29e+00; 9.44e+00; 1.26e+01; 1.57e+01; 1.89e+01; 2.20e+01; 2.52e+01; 2.83e+01; 2.84e+01,3.09e+00; 2.92e+01,5.39e+00; 3.07e+01,7.09e+00; 3.21e+01,8.84e+00; 3.29e+01,1.11e+01; 3.34e+01,1.38e+01; 3.42e+01,1.62e+01; 3.50e+01,1.85e+01; 3.60e+01,2.07e+01; 3.72e+01,2.26e+01; 3.87e+01,2.42e+01; 4.01e+01,2.60e+01; 4.14e+01,2.79e+01; 4.25e+01,2.99e+01; 4.38e+01,3.17e+01; 4.50e+01,3.36e+01; 4.64e+01,3.55e+01; 4.78e+01,3.72e+01; 4.93e+01,3.88e+01; 5.08e+01,4.05e+01; 5.22e+01,4.22e+01; 5.35e+01,4.40e+01; 5.49e+01,4.58e+01; 5.63e+01,4.75e+01; 5.77e+01,4.93e+01; 5.92e+01,5.09e+01; 6.08e+01,5.25e+01; 6.23e+01,5.41e+01; 6.38e+01,5.58e+01; 6.52e+01,5.76e+01; 6.66e+01,5.93e+01; 6.81e+01,6.09e+01; 6.96e+01,6.26e+01; 7.11e+01,6.42e+01; 7.27e+01,6.58e+01; 7.42e+01,6.74e+01; 7.57e+01,6.91e+01; 7.72e+01,7.07e+01; 7.86e+01,7.24e+01; 8.01e+01,7.41e+01; 8.17e+01,7.57e+01; 8.32e+01,7.73e+01; 8.48e+01,7.89e+01; 8.63e+01,8.05e+01; 8.78e+01,8.22e+01; 8.93e+01,8.38e+01; 9.07e+01,8.55e+01; 9.23e+01,8.71e+01; 9.38e+01,8.87e+01; 9.54e+01,9.03e+01; 9.69e+01,9.19e+01; 9.85e+01,9.35e+01; 1.00e+02,9.52e+01; 1.01e+02,9.68e+01; 1.03e+02,9.85e+01","24,30,30,30,30,30,30,30,24,24,30,30,30,30,24,24,24,24,24,30,24,24,24,24,24,24,24,24,24,24,24,24,24,24,24,24,30,24,24,24,24,24,30,30,30,30,24,24,24,30,24,24,30,24,24,24,24,30,30,47,24,24,47,24"
1168,24.73,21.92,"6.94,9.42,11.68,13.30,14.62,15.66,16.51,17.24,17.94,18.62,19.26,19.86,20.41,20.89,21.32,21.72,22.16,22.61,23.02,23.40,23.77,24.14,24.53,24.89,25.23,25.59,25.91,26.20,26.50,26.81,27.14,27.44,27.72,28.00,28.25,28.49,28.72,28.97,29.24,29.48,29.73,29.95,30.16,30.35,30.56,30.78,31.00,31.21,31.43,31.64,31.82,31.99,32.18,32.37,32.56,32.75,32.93,33.12,33.27,33.43,33.58,33.75,33.94,34.09","1.36e+00,1.35e+00,8.65e-01,5.84e-01","12,4,12,12","5.15e+00; 7.42e+00,2.88e+00; 9.87e+00,5.58e+00; 1.22e+01,8.40e+00; 1.48e+01,1.09e+01; 1.70e+01,1.34e+01,4.80e-01; 1.94e+01,1.46e+01,2.06e+00; 2.13e+01,1.56e+01,4.35e+00; 2.20e+01,1.53e+01,9.07e+00; 2.39e+01,1.73e+01,1.03e+01; 2.59e+01,1.98e+01,1.09e+01; 2.80e+01,2.20e+01,1.19e+01; 2.99e+01,2.40e+01,1.31e+01; 3.18e+01,2.59e+01,1.44e+01; 3.50e+01,2.81e+01,1.42e+01; 3.43e+01,2.86e+01,1.76e+01,1.91e+00; 3.54e+01,2.88e+01,2.00e+01,3.37e+00; 3.64e+01,2.98e+01,2.24e+01,4.05e+00; 3.77e+01,3.14e+01,2.38e+01,4.98e+00; 3.91e+01,3.31e+01,2.47e+01,6.12e+00; 4.02e+01,3.41e+01,2.54e+01,8.44e+00; 4.10e+01,3.44e+01,2.56e+01,1.24e+01; 4.16e+01,3.45e+01,2.56e+01,1.67e+01; 4.25e+01,3.50e+01,2.62e+01,1.99e+01; 4.36e+01,3.55e+01,2.79e+01,2.18e+01; 4.47e+01,3.65e+01,3.03e+01,2.24e+01; 4.60e+01,3.79e+01,3.21e+01,2.30e+01; 4.74e+01,3.96e+01,3.35e+01,2.38e+01; 4.88e+01,4.10e+01,3.49e+01,2.47e+01; 4.99e+01,4.21e+01,3.66e+01,2.59e+01; 5.10e+01,4.29e+01,3.83e+01,2.75e+01; 5.20e+01,4.37e+01,4.00e+01,2.91e+01; 5.32e+01,4.46e+01,4.16e+01,3.06e+01; 5.44e+01,4.58e+01,4.31e+01,3.18e+01; 5.57e+01,4.73e+01,4.45e+01,3.28e+01; 5.71e+01,4.89e+01,4.58e+01,3.36e+01; 5.84e+01,5.03e+01,4.72e+01,3.46e+01; 5.97e+01,5.16e+01,4.86e+01,3.59e+01; 6.08e+01,5.27e+01,5.06e+01,3.68e+01; 6.19e+01,5.38e+01,5.20e+01,3.84e+01; 6.31e+01,5.48e+01,5.35e+01,3.97e+01; 6.44e+01,5.62e+01,5.49e+01,4.08e+01; 6.57e+01,5.77e+01,5.62e+01,4.19e+01; 6.71e+01,5.92e+01,5.76e+01,4.28e+01; 6.83e+01,6.05e+01,5.90e+01,4.39e+01; 6.95e+01,6.18e+01,6.03e+01,4.53e+01; 7.07e+01,6.31e+01,6.14e+01,4.69e+01; 7.18e+01,6.44e+01,6.25e+01,4.85e+01; 7.30e+01,6.55e+01,6.39e+01,5.00e+01; 7.42e+01,6.68e+01,6.54e+01,5.12e+01; 7.55e+01,6.82e+01,6.67e+01,5.23e+01; 7.68e+01,6.95e+01,6.82e+01,5.33e+01; 7.81e+01,7.08e+01,6.97e+01,5.45e+01; 7.93e+01,7.20e+01,7.10e+01,5.58e+01; 8.05e+01,7.35e+01,7.23e+01,5.69e+01; 8.17e+01,7.49e+01,7.33e+01,5.86e+01; 8.29e+01,7.61e+01,7.46e+01,6.01e+01; 8.41e+01,7.74e+01,7.59e+01,6.14e+01; 8.54e+01,7.87e+01,7.74e+01,6.25e+01; 8.67e+01,8.00e+01,7.88e+01,6.37e+01; 8.80e+01,8.14e+01,8.01e+01,6.48e+01; 8.92e+01,8.27e+01,8.13e+01,6.62e+01; 9.03e+01,8.40e+01,8.24e+01,6.77e+01; 9.15e+01,8.53e+01,8.35e+01,6.94e+01","38,24,38,24,38,24,24,24,24,24,24,24,24,24,24,24,24,24,24,24,24,24,24,24,24,24,24,24,24,24,24,24,24,24,24,24,24,24,38,24,24,24,24,24,24,24,24,24,24,24,24,24,24,24,38,24,24,24,24,24,38,24,24,24"
1169,16.29,15.87,"7.34,9.81,11.34,12.44,13.25,13.88,14.35,14.70,14.96,15.26,15.59,15.92,16.26,16.58,16.90,17.20,17.44,17.66,17.87,18.11,18.36,18.62,18.88,19.14,19.31,19.47,19.63,19.82,20.01,20.24,20.45,20.68,20.81,20.92,21.07,21.22,21.39,21.56,21.76,21.97,22.09,22.18,22.28,22.41,22.58,22.72,22.89,23.09,23.19,23.25,23.35,23.47,23.56,23.69,23.85,24.04,24.11,24.16,24.28,24.35,24.51,24.63,24.78,24.94","2.56e+00,1.22e+00,1.03e-04,7.24e-05","12,12,12,12","4.70e+00; 9.40e+00; 1.41e+01; 1.88e+01; 2.35e+01; 2.82e+01; 3.29e+01; 3.76e+01; 3.93e+01,3.00e+00; 4.08e+01,6.20e+00; 4.34e+01,8.29e+00; 4.51e+01,1.12e+01; 4.67e+01,1.44e+01; 4.77e+01,1.81e+01; 4.85e+01,2.19e+01; 4.92e+01,2.59e+01; 5.07e+01,2.91e+01; 5.29e+01,3.16e+01; 5.54e+01,3.38e+01; 5.75e+01,3.65e+01; 5.94e+01,3.92e+01; 6.12e+01,4.22e+01; 6.28e+01,4.53e+01; 6.43e+01,4.85e+01; 6.64e+01,5.11e+01; 6.87e+01,5.35e+01; 7.10e+01,5.58e+01; 7.33e+01,5.83e+01; 7.54e+01,6.09e+01; 7.73e+01,6.36e+01; 7.92e+01,6.64e+01; 8.10e+01,6.93e+01; 8.32e+01,7.18e+01; 8.56e+01,7.41e+01; 8.80e+01,7.64e+01; 9.02e+01,7.89e+01; 9.23e+01,8.15e+01; 9.44e+01,8.41e+01; 9.64e+01,8.68e+01; 9.84e+01,8.95e+01; 1.01e+02,9.19e+01; 1.03e+02,9.42e+01; 1.05e+02,9.66e+01; 1.08e+02,9.90e+01; 1.10e+02,1.02e+02; 1.12e+02,1.04e+02; 1.14e+02,1.07e+02; 1.16e+02,1.09e+02; 1.19e+02,1.12e+02; 1.21e+02,1.14e+02; 1.23e+02,1.16e+02; 1.25e+02,1.19e+02; 1.28e+02,1.21e+02; 1.30e+02,1.24e+02; 1.32e+02,1.26e+02; 1.34e+02,1.29e+02; 1.37e+02,1.31e+02; 1.39e+02,1.34e+02; 1.41e+02,1.36e+02; 1.44e+02,1.38e+02; 1.46e+02,1.41e+02; 1.48e+02,1.43e+02; 1.50e+02,1.46e+02; 1.52e+02,1.48e+02","38,38,38,38,38,38,38,38,38,38,38,38,38,38,38,38,38,38,38,38,38,38,38,38,38,38,38,38,38,38,38,38,38,38,38,38,38,38,38,38,38,38,32,38,38,38,38,38,38,32,32,32,32,38,38,38,32,32,32,38,38,38,38,38"
1170,28.89,26.16,"6.16,9.92,13.04,14.78,16.07,17.33,18.30,19.12,19.94,20.66,21.47,22.21,22.84,23.35,23.87,24.34,24.84,25.31,25.71,26.14,26.53,26.88,27.22,27.55,27.88,28.20,28.50,28.81,29.10,29.35,29.60,29.86,30.11,30.36,30.60,30.83,31.06,31.27,31.50,31.73,31.95,32.16,32.38,32.59,32.80,33.03,33.25,33.46,33.64,33.83,34.02,34.21,34.41,34.61,34.81,35.01,35.16,35.33,35.50,35.67,35.84,36.02,36.21,36.38","1.34e+00,1.34e+00,1.11e+00,5.46e-01","15,4,15,4","5.38e+00; 5.90e+00,4.85e+00; 8.69e+00,7.44e+00; 1.14e+01,1.01e+01; 1.47e+01,1.22e+01; 1.49e+01,1.27e+01,4.71e+00; 1.74e+01,1.46e+01,5.65e+00; 1.88e+01,1.60e+01,8.16e+00; 2.05e+01,1.67e+01,1.12e+01; 2.22e+01,1.83e+01,1.33e+01; 2.42e+01,2.01e+01,1.48e+01; 2.62e+01,2.19e+01,1.63e+01; 2.82e+01,2.38e+01,1.79e+01; 3.02e+01,2.56e+01,1.95e+01; 3.19e+01,2.75e+01,2.13e+01; 3.36e+01,2.92e+01,2.32e+01; 3.51e+01,3.05e+01,2.58e+01; 3.67e+01,3.23e+01,2.77e+01; 3.84e+01,3.43e+01,2.94e+01; 4.03e+01,3.61e+01,3.11e+01; 4.22e+01,3.79e+01,3.28e+01; 4.39e+01,3.99e+01,3.45e+01; 4.56e+01,4.17e+01,3.63e+01; 4.72e+01,4.34e+01,3.83e+01; 4.89e+01,4.50e+01,4.05e+01; 5.06e+01,4.68e+01,4.24e+01; 5.24e+01,4.86e+01,4.42e+01; 5.42e+01,5.04e+01,4.59e+01; 5.61e+01,5.22e+01,4.76e+01; 5.79e+01,5.40e+01,4.94e+01; 5.96e+01,5.58e+01,5.12e+01; 6.13e+01,5.76e+01,5.32e+01; 6.29e+01,5.93e+01,5.52e+01; 6.46e+01,6.10e+01,5.71e+01; 6.54e+01,6.19e+01,5.80e+01,2.74e+00; 6.68e+01,6.33e+01,5.94e+01,4.02e+00; 6.83e+01,6.47e+01,6.07e+01,5.19e+00; 7.08e+01,6.67e+01,6.15e+01,5.22e+00; 7.13e+01,6.69e+01,6.13e+01,1.02e+01; 7.19e+01,6.75e+01,6.18e+01,1.38e+01; 7.29e+01,6.84e+01,6.29e+01,1.62e+01; 7.22e+01,6.81e+01,6.33e+01,2.23e+01; 7.35e+01,6.93e+01,6.43e+01,2.41e+01; 7.48e+01,7.05e+01,6.51e+01,2.62e+01; 7.60e+01,7.16e+01,6.55e+01,2.89e+01; 7.71e+01,7.25e+01,6.59e+01,3.19e+01; 7.81e+01,7.35e+01,6.64e+01,3.47e+01; 7.93e+01,7.45e+01,6.73e+01,3.69e+01; 8.06e+01,7.57e+01,6.87e+01,3.84e+01; 8.19e+01,7.70e+01,7.01e+01,3.98e+01; 8.32e+01,7.83e+01,7.13e+01,4.14e+01; 8.47e+01,7.97e+01,7.26e+01,4.25e+01; 8.59e+01,8.08e+01,7.32e+01,4.50e+01; 8.70e+01,8.19e+01,7.38e+01,4.77e+01; 8.81e+01,8.29e+01,7.44e+01,5.03e+01; 8.92e+01,8.39e+01,7.53e+01,5.25e+01; 9.05e+01,8.51e+01,7.68e+01,5.40e+01; 9.18e+01,8.64e+01,7.82e+01,5.54e+01; 9.31e+01,8.77e+01,7.95e+01,5.69e+01; 9.46e+01,8.91e+01,8.08e+01,5.81e+01; 9.58e+01,9.03e+01,8.16e+01,6.03e+01; 9.70e+01,9.14e+01,8.23e+01,6.27e+01; 9.81e+01,9.25e+01,8.30e+01,6.51e+01; 9.93e+01,9.36e+01,8.40e+01,6.72e+01","38,48,38,38,48,48,48,48,48,48,38,38,38,38,48,48,48,48,48,38,38,48,48,48,48,48,38,38,38,38,48,48,48,48,48,38,38,48,48,48,48,48,48,48,48,48,48,48,48,48,48,38,48,48,48,48,48,48,48,38,48,48,48,48"
1171,2.65,2.59,"0.05,0.16,0.31,0.47,0.62,0.76,0.90,1.02,1.15,1.32,1.49,1.65,1.79,1.92,2.03,2.12,2.23,2.36,2.48,2.60,2.71,2.82,2.92,3.00,3.10,3.20,3.29,3.39,3.48,3.57,3.65,3.72,3.80,3.88,3.96,4.04,4.11,4.19,4.26,4.32,4.39,4.46,4.53,4.59,4.68,4.75,4.82,4.87,4.93,5.00,5.07,5.15,5.23,5.29,5.35,5.39,5.46,5.52,5.58,5.64,5.71,5.78,5.84,5.87","4.21e-04,2.71e-08,8.25e-09,4.31e-09","5,5,5,5","5.23e-04; 1.05e-03; 1.57e-03; 2.09e-03; 2.62e-03; 3.14e-03; 3.66e-03; 4.18e-03; 4.71e-03; 5.23e-03; 5.75e-03; 6.28e-03; 6.80e-03; 7.32e-03; 7.69e-03,1.58e-04; 7.75e-03,6.18e-04; 7.82e-03,1.07e-03; 8.18e-03,1.23e-03; 8.74e-03,1.19e-03; 9.33e-03,1.13e-03; 9.77e-03,1.21e-03; 9.86e-03,1.64e-03; 1.00e-02,2.01e-03; 1.01e-02,2.42e-03; 1.02e-02,2.83e-03; 1.06e-02,3.02e-03; 1.11e-02,3.04e-03; 1.16e-02,3.04e-03; 1.20e-02,3.13e-03; 1.23e-02,3.38e-03; 1.25e-02,3.72e-03; 1.27e-02,4.03e-03; 1.29e-02,4.39e-03; 1.32e-02,4.55e-03; 1.37e-02,4.59e-03; 1.42e-02,4.65e-03; 1.46e-02,4.79e-03; 1.47e-02,5.13e-03; 1.50e-02,5.42e-03; 1.53e-02,5.57e-03; 1.56e-02,5.88e-03; 1.54e-02,5.44e-03,1.13e-03; 1.57e-02,5.31e-03,1.53e-03; 1.55e-02,5.02e-03,2.45e-03; 1.53e-02,4.80e-03,3.40e-03; 1.53e-02,4.79e-03,4.00e-03; 1.53e-02,5.77e-03,3.46e-03; 1.55e-02,6.02e-03,3.58e-03; 1.57e-02,5.66e-03,4.23e-03; 1.59e-02,6.31e-03,3.96e-03; 1.60e-02,6.18e-03,4.53e-03; 1.60e-02,6.07e-03,5.09e-03; 1.62e-02,6.08e-03,5.45e-03; 1.63e-02,6.20e-03,5.70e-03; 1.64e-02,6.39e-03,5.93e-03; 1.66e-02,6.50e-03,6.15e-03; 1.68e-02,6.67e-03,6.38e-03; 1.70e-02,6.71e-03,6.65e-03; 1.73e-02,6.81e-03,6.73e-03; 1.76e-02,7.09e-03,6.72e-03; 1.77e-02,7.51e-03,6.73e-03; 1.78e-02,7.86e-03,6.81e-03; 1.78e-02,8.22e-03,6.92e-03; 1.80e-02,8.40e-03,7.05e-03","40,40,40,40,40,40,40,40,40,40,40,40,40,40,40,40,40,40,40,40,40,40,40,40,40,40,40,40,40,40,40,40,40,40,40,40,40,40,40,40,40,40,40,34,34,34,34,40,40,40,34,34,40,40,40,36,40,40,40,40,34,34,34,36"
1172,3.29,3.07,"0.12,0.40,0.72,1.03,1.31,1.57,1.80,2.01,2.21,2.44,2.66,2.87,3.07,3.25,3.42,3.58,3.74,3.90,4.06,4.21,4.35,4.50,4.64,4.77,4.90,5.03,5.15,5.27,5.38,5.50,5.62,5.73,5.84,5.95,6.05,6.14,6.24,6.34,6.44,6.54,6.64,6.73,6.81,6.89,6.98,7.06,7.15,7.24,7.33,7.41,7.48,7.55,7.62,7.70,7.78,7.86,7.94,8.01,8.07,8.14,8.20,8.27,8.34,8.41","6.69e-04,7.37e-08,1.86e-08,7.64e-09","5,5,5,5","8.31e-04; 1.66e-03; 2.49e-03; 3.32e-03; 4.16e-03; 4.99e-03; 5.82e-03; 6.65e-03; 7.48e-03; 8.22e-03,8.98e-05; 9.02e-03,1.23e-04; 9.81e-03,1.63e-04; 1.04e-02,3.59e-04; 1.09e-02,7.49e-04; 1.08e-02,1.64e-03; 1.10e-02,2.25e-03; 1.13e-02,2.81e-03; 1.18e-02,3.16e-03; 1.24e-02,3.36e-03; 1.31e-02,3.55e-03; 1.37e-02,3.80e-03; 1.41e-02,4.17e-03; 1.45e-02,4.64e-03; 1.48e-02,5.15e-03; 1.51e-02,5.66e-03; 1.56e-02,6.02e-03; 1.62e-02,6.28e-03; 1.68e-02,6.51e-03; 1.73e-02,6.79e-03; 1.78e-02,7.16e-03; 1.82e-02,7.61e-03; 1.85e-02,8.10e-03; 1.88e-02,8.58e-03; 1.93e-02,8.96e-03; 1.98e-02,9.25e-03; 2.04e-02,9.51e-03; 2.09e-02,9.81e-03; 2.14e-02,1.02e-02; 2.18e-02,1.06e-02; 2.21e-02,1.11e-02; 2.25e-02,1.16e-02; 2.29e-02,1.20e-02; 2.34e-02,1.23e-02; 2.40e-02,1.26e-02; 2.45e-02,1.29e-02; 2.49e-02,1.33e-02; 2.53e-02,1.37e-02; 2.57e-02,1.42e-02; 2.61e-02,1.47e-02; 2.65e-02,1.51e-02; 2.70e-02,1.54e-02; 2.75e-02,1.57e-02; 2.80e-02,1.60e-02; 2.84e-02,1.64e-02; 2.88e-02,1.69e-02; 2.92e-02,1.74e-02; 2.96e-02,1.78e-02; 3.00e-02,1.82e-02; 3.05e-02,1.85e-02; 3.10e-02,1.89e-02; 3.15e-02,1.92e-02; 3.19e-02,1.96e-02; 3.23e-02,2.01e-02; 3.26e-02,2.05e-02","33,33,33,33,33,33,33,33,33,33,33,33,33,33,33,33,33,33,33,33,33,33,33,33,33,33,33,33,33,33,33,33,33,33,33,33,33,33,33,33,33,33,33,33,33,33,33,33,33,33,33,33,33,33,33,33,33,33,33,33,33,33,33,33"
1173,11.79,12.87,"3.47,5.20,6.32,7.43,8.43,9.31,10.06,10.72,11.32,11.82,12.24,12.63,13.03,13.43,13.82,14.19,14.56,14.86,15.13,15.39,15.65,15.91,16.18,16.46,16.73,16.95,17.16,17.36,17.55,17.74,17.96,18.19,18.40,18.57,18.74,18.90,19.06,19.22,19.39,19.59,19.77,19.91,20.05,20.19,20.32,20.45,20.60,20.78,20.93,21.06,21.17,21.30,21.41,21.53,21.66,21.83,21.96,22.06,22.17,22.28,22.38,22.48,22.60,22.76","5.00e-02,3.95e-02,1.62e-06,1.41e-06","0,0,0,0","1.11e-01; 2.22e-01; 2.88e-01,4.53e-02; 3.10e-01,1.34e-01; 3.49e-01,2.06e-01; 3.91e-01,2.76e-01; 4.35e-01,3.43e-01; 4.81e-01,4.08e-01; 5.31e-01,4.69e-01; 5.89e-01,5.22e-01; 6.50e-01,5.72e-01; 7.10e-01,6.23e-01; 7.67e-01,6.77e-01; 8.21e-01,7.35e-01; 8.72e-01,7.87e-01,7.69e-03; 8.71e-01,7.97e-01,1.09e-01; 9.05e-01,8.33e-01,1.51e-01; 9.54e-01,8.81e-01,1.64e-01; 1.00e+00,9.19e-01,1.91e-01; 1.05e+00,9.53e-01,2.23e-01; 1.09e+00,9.96e-01,2.44e-01; 1.14e+00,1.04e+00,2.59e-01; 1.18e+00,1.09e+00,2.85e-01; 1.21e+00,1.12e+00,3.30e-01; 1.25e+00,1.16e+00,3.60e-01; 1.30e+00,1.21e+00,3.76e-01; 1.35e+00,1.25e+00,4.02e-01; 1.42e+00,1.30e+00,3.97e-01; 1.46e+00,1.34e+00,4.24e-01; 1.51e+00,1.38e+00,4.41e-01; 1.54e+00,1.42e+00,4.76e-01; 1.57e+00,1.45e+00,5.35e-01; 1.60e+00,1.49e+00,5.78e-01; 1.65e+00,1.53e+00,5.99e-01; 1.69e+00,1.57e+00,6.32e-01; 1.73e+00,1.60e+00,6.71e-01; 1.77e+00,1.64e+00,6.99e-01; 1.82e+00,1.69e+00,7.21e-01; 1.85e+00,1.73e+00,7.55e-01; 1.88e+00,1.75e+00,8.12e-01; 1.91e+00,1.79e+00,8.51e-01; 1.96e+00,1.83e+00,8.75e-01; 2.00e+00,1.87e+00,9.09e-01; 2.04e+00,1.90e+00,9.46e-01; 2.08e+00,1.94e+00,9.77e-01; 2.12e+00,1.99e+00,1.00e+00; 2.16e+00,2.03e+00,1.04e+00; 2.18e+00,2.05e+00,1.10e+00; 2.22e+00,2.09e+00,1.13e+00; 2.26e+00,2.13e+00,1.16e+00; 2.30e+00,2.17e+00,1.19e+00; 2.34e+00,2.20e+00,1.23e+00; 2.38e+00,2.24e+00,1.26e+00; 2.43e+00,2.28e+00,1.29e+00; 2.46e+00,2.32e+00,1.32e+00; 2.49e+00,2.35e+00,1.38e+00; 2.52e+00,2.39e+00,1.42e+00; 2.57e+00,2.43e+00,1.45e+00; 2.61e+00,2.47e+00,1.48e+00; 2.64e+00,2.50e+00,1.52e+00; 2.69e+00,2.54e+00,1.55e+00; 2.73e+00,2.58e+00,1.58e+00; 2.76e+00,2.62e+00,1.62e+00; 2.79e+00,2.64e+00,1.68e+00","33,33,33,33,33,33,33,33,33,33,33,33,33,33,33,33,33,33,33,33,33,33,33,33,33,33,33,33,33,33,33,33,33,33,33,33,33,33,33,33,33,33,33,33,33,33,33,33,33,33,33,33,33,33,33,33,33,33,33,33,33,33,33,33"
1174,11.01,10.84,"2.96,4.57,5.59,6.51,7.31,7.99,8.54,9.01,9.52,10.00,10.42,10.82,11.21,11.60,11.95,12.28,12.60,12.89,13.16,13.42,13.68,13.93,14.18,14.42,14.65,14.86,15.06,15.25,15.44,15.63,15.82,16.01,16.19,16.35,16.51,16.66,16.81,16.96,17.12,17.27,17.42,17.55,17.68,17.81,17.94,18.06,18.19,18.32,18.45,18.56,18.67,18.78,18.89,19.00,19.11,19.22,19.33,19.43,19.53,19.62,19.72,19.81,19.91,20.01","4.29e-02,2.92e-02,2.54e-06,2.24e-06","5,5,5,5","8.95e-02; 1.79e-01; 2.27e-01,4.16e-02; 2.56e-01,1.02e-01; 2.83e-01,1.65e-01; 3.12e-01,2.25e-01; 3.47e-01,2.80e-01; 3.72e-01,3.05e-01,3.85e-02; 3.97e-01,3.19e-01,8.97e-02; 4.52e-01,3.52e-01,9.09e-02; 5.00e-01,3.79e-01,1.06e-01; 5.39e-01,4.11e-01,1.25e-01; 5.77e-01,4.64e-01,1.23e-01; 6.12e-01,5.20e-01,1.22e-01; 6.38e-01,5.55e-01,1.50e-01; 6.54e-01,5.67e-01,2.11e-01; 6.85e-01,5.89e-01,2.48e-01; 7.32e-01,6.24e-01,2.55e-01; 7.78e-01,6.55e-01,2.68e-01; 8.17e-01,6.85e-01,2.88e-01; 8.55e-01,7.29e-01,2.96e-01; 8.91e-01,7.79e-01,2.99e-01; 9.23e-01,8.17e-01,3.19e-01; 9.54e-01,8.39e-01,3.55e-01; 9.84e-01,8.61e-01,3.92e-01; 1.03e+00,8.99e-01,3.99e-01; 1.08e+00,9.31e-01,4.11e-01; 1.11e+00,9.61e-01,4.32e-01; 1.15e+00,1.00e+00,4.42e-01; 1.19e+00,1.05e+00,4.43e-01; 1.22e+00,1.09e+00,4.65e-01; 1.24e+00,1.10e+00,5.22e-01; 1.27e+00,1.13e+00,5.54e-01; 1.32e+00,1.17e+00,5.62e-01; 1.36e+00,1.20e+00,5.75e-01; 1.40e+00,1.23e+00,5.96e-01; 1.44e+00,1.27e+00,6.06e-01; 1.47e+00,1.32e+00,6.11e-01; 1.51e+00,1.35e+00,6.34e-01; 1.53e+00,1.37e+00,6.87e-01; 1.56e+00,1.39e+00,7.16e-01; 1.60e+00,1.43e+00,7.24e-01; 1.64e+00,1.47e+00,7.39e-01; 1.68e+00,1.50e+00,7.59e-01; 1.72e+00,1.54e+00,7.71e-01; 1.76e+00,1.58e+00,7.78e-01; 1.79e+00,1.62e+00,8.01e-01; 1.81e+00,1.63e+00,8.54e-01; 1.85e+00,1.66e+00,8.81e-01; 1.89e+00,1.70e+00,8.90e-01; 1.93e+00,1.73e+00,9.04e-01; 1.97e+00,1.76e+00,9.26e-01; 2.00e+00,1.80e+00,9.38e-01; 2.04e+00,1.85e+00,9.46e-01; 2.07e+00,1.88e+00,9.72e-01; 2.10e+00,1.89e+00,1.02e+00; 2.13e+00,1.92e+00,1.05e+00; 2.17e+00,1.96e+00,1.06e+00; 2.21e+00,1.99e+00,1.08e+00; 2.25e+00,2.03e+00,1.10e+00; 2.29e+00,2.07e+00,1.11e+00; 2.32e+00,2.11e+00,1.12e+00; 2.35e+00,2.14e+00,1.15e+00; 2.38e+00,2.15e+00,1.20e+00","33,33,33,33,33,33,33,33,33,33,33,33,33,33,33,33,33,33,33,33,33,33,33,33,33,33,33,33,33,33,33,33,33,33,33,33,33,33,33,33,33,33,33,33,33,33,33,33,33,33,33,33,33,33,33,33,33,33,33,33,33,33,33,33"
1175,10.45,10.97,"2.09,3.57,4.54,5.26,5.86,6.45,7.01,7.54,8.01,8.41,8.75,9.05,9.36,9.68,10.01,10.34,10.64,10.89,11.11,11.31,11.51,11.73,11.96,12.20,12.42,12.61,12.77,12.92,13.07,13.23,13.42,13.61,13.78,13.93,14.05,14.17,14.29,14.43,14.58,14.73,14.88,15.00,15.10,15.20,15.30,15.42,15.54,15.68,15.80,15.90,15.99,16.08,16.17,16.26,16.37,16.49,16.60,16.69,16.77,16.84,16.92,17.00,17.10,17.21","4.79e-02,2.74e-02,2.08e-06,9.49e-07","5,5,5,5","9.35e-02; 1.87e-01; 2.80e-01; 3.74e-01; 4.09e-01,5.78e-02; 4.54e-01,1.07e-01; 4.73e-01,1.81e-01; 5.05e-01,2.43e-01; 5.43e-01,2.98e-01; 5.96e-01,3.39e-01; 6.55e-01,3.73e-01; 7.14e-01,4.07e-01; 7.67e-01,4.48e-01; 8.13e-01,4.96e-01; 8.52e-01,5.50e-01; 8.87e-01,6.08e-01; 9.26e-01,6.63e-01; 9.74e-01,7.08e-01; 1.03e+00,7.49e-01; 1.08e+00,7.88e-01; 1.13e+00,8.30e-01; 1.18e+00,8.77e-01; 1.22e+00,9.28e-01; 1.26e+00,9.82e-01; 1.30e+00,1.03e+00; 1.35e+00,1.08e+00; 1.40e+00,1.12e+00; 1.45e+00,1.17e+00; 1.50e+00,1.21e+00; 1.55e+00,1.25e+00; 1.59e+00,1.30e+00; 1.63e+00,1.36e+00; 1.68e+00,1.41e+00; 1.72e+00,1.45e+00; 1.77e+00,1.50e+00; 1.82e+00,1.54e+00; 1.87e+00,1.59e+00; 1.92e+00,1.63e+00; 1.96e+00,1.68e+00; 2.01e+00,1.73e+00; 2.05e+00,1.78e+00; 2.10e+00,1.83e+00; 2.14e+00,1.87e+00; 2.19e+00,1.92e+00; 2.24e+00,1.96e+00; 2.29e+00,2.01e+00; 2.34e+00,2.06e+00; 2.38e+00,2.11e+00; 2.42e+00,2.16e+00; 2.47e+00,2.20e+00; 2.52e+00,2.25e+00; 2.57e+00,2.29e+00; 2.61e+00,2.34e+00; 2.66e+00,2.38e+00; 2.71e+00,2.43e+00; 2.75e+00,2.48e+00; 2.79e+00,2.53e+00; 2.84e+00,2.58e+00; 2.89e+00,2.62e+00; 2.94e+00,2.67e+00; 2.99e+00,2.71e+00; 3.03e+00,2.76e+00; 3.08e+00,2.81e+00; 3.12e+00,2.86e+00","40,40,40,40,40,40,40,40,40,40,40,40,40,40,40,40,40,40,40,40,40,40,40,40,40,40,40,40,40,40,40,40,40,40,40,40,40,40,40,40,40,40,40,40,40,40,40,40,40,40,40,40,40,40,40,40,40,40,40,40,40,40,40,40"
1176,11.14,11.85,"2.27,3.80,4.80,5.52,6.18,6.83,7.44,8.00,8.50,8.93,9.29,9.62,9.94,10.28,10.62,10.97,11.28,11.54,11.77,11.98,12.19,12.42,12.66,12.90,13.13,13.32,13.49,13.64,13.80,13.97,14.16,14.35,14.53,14.68,14.81,14.93,15.06,15.20,15.35,15.51,15.65,15.78,15.89,15.99,16.09,16.21,16.34,16.47,16.60,16.70,16.79,16.88,16.97,17.07,17.19,17.30,17.41,17.50,17.58,17.65,17.73,17.82,17.92,18.03","5.11e-02,3.48e-02,3.30e-06,1.77e-06","5,5,5,5","1.07e-01; 2.13e-01; 3.20e-01; 4.26e-01; 4.40e-01,9.33e-02; 4.70e-01,1.70e-01; 5.08e-01,2.38e-01; 5.45e-01,3.08e-01; 5.90e-01,3.69e-01; 6.50e-01,4.16e-01; 7.16e-01,4.57e-01; 7.81e-01,4.98e-01; 8.40e-01,5.46e-01; 8.92e-01,6.01e-01; 9.37e-01,6.62e-01; 9.80e-01,7.26e-01; 1.03e+00,7.85e-01; 1.08e+00,8.37e-01; 1.14e+00,8.83e-01; 1.20e+00,9.30e-01; 1.26e+00,9.79e-01; 1.31e+00,1.03e+00; 1.36e+00,1.09e+00; 1.41e+00,1.15e+00; 1.46e+00,1.21e+00; 1.51e+00,1.26e+00; 1.57e+00,1.31e+00; 1.63e+00,1.36e+00; 1.68e+00,1.41e+00; 1.74e+00,1.46e+00; 1.79e+00,1.52e+00; 1.83e+00,1.58e+00; 1.88e+00,1.63e+00; 1.94e+00,1.69e+00; 1.99e+00,1.74e+00; 2.05e+00,1.79e+00; 2.11e+00,1.84e+00; 2.16e+00,1.89e+00; 2.21e+00,1.95e+00; 2.26e+00,2.01e+00; 2.31e+00,2.06e+00; 2.36e+00,2.11e+00; 2.42e+00,2.17e+00; 2.48e+00,2.22e+00; 2.53e+00,2.27e+00; 2.58e+00,2.32e+00; 2.63e+00,2.38e+00; 2.68e+00,2.43e+00; 2.73e+00,2.49e+00; 2.79e+00,2.54e+00; 2.84e+00,2.59e+00; 2.90e+00,2.64e+00; 2.95e+00,2.70e+00; 3.01e+00,2.75e+00; 3.06e+00,2.81e+00; 3.11e+00,2.86e+00; 3.16e+00,2.92e+00; 3.21e+00,2.97e+00; 3.27e+00,3.02e+00; 3.32e+00,3.07e+00; 3.38e+00,3.13e+00; 3.43e+00,3.18e+00; 3.48e+00,3.24e+00; 3.53e+00,3.29e+00","40,40,40,40,40,40,40,40,40,40,40,40,40,40,40,40,40,40,40,40,40,40,40,40,40,40,40,40,40,40,40,40,40,40,40,40,40,40,40,40,40,40,40,40,40,40,40,40,40,40,40,40,40,40,40,40,40,40,25,40,40,25,40,40"
1177,2.91,3.02,"0.17,0.52,0.91,1.27,1.59,1.88,2.13,2.36,2.59,2.83,3.06,3.26,3.46,3.63,3.78,3.93,4.08,4.23,4.38,4.52,4.66,4.78,4.91,5.03,5.16,5.27,5.39,5.49,5.60,5.70,5.81,5.92,6.02,6.12,6.21,6.29,6.38,6.47,6.56,6.66,6.75,6.83,6.91,6.98,7.05,7.13,7.21,7.30,7.38,7.45,7.52,7.59,7.65,7.72,7.79,7.88,7.95,8.01,8.07,8.13,8.19,8.25,8.32,8.39","5.86e-04,3.76e-08,2.47e-08,9.64e-09","0,0,0,0","7.27e-04; 1.45e-03; 2.18e-03; 2.91e-03; 3.64e-03; 4.36e-03; 5.09e-03; 5.82e-03; 6.55e-03; 7.27e-03; 8.00e-03; 8.73e-03; 9.46e-03; 1.02e-02; 1.09e-02; 1.14e-02,2.61e-04; 1.12e-02,1.21e-03; 1.16e-02,1.47e-03; 1.22e-02,1.63e-03; 1.34e-02,1.10e-03; 1.41e-02,1.21e-03; 1.45e-02,1.47e-03; 1.48e-02,1.93e-03; 1.49e-02,2.54e-03; 1.47e-02,3.49e-03; 1.52e-02,3.74e-03; 1.63e-02,3.37e-03; 1.69e-02,3.49e-03; 1.74e-02,3.67e-03; 1.79e-02,3.95e-03; 1.76e-02,4.92e-03; 1.79e-02,5.38e-03; 1.83e-02,5.75e-03; 1.87e-02,6.02e-03; 1.92e-02,6.24e-03; 1.98e-02,6.43e-03; 2.03e-02,6.65e-03; 2.07e-02,6.95e-03; 2.10e-02,7.33e-03; 2.13e-02,7.81e-03; 2.16e-02,8.19e-03; 2.21e-02,8.48e-03; 2.26e-02,8.71e-03; 2.31e-02,8.92e-03; 2.36e-02,9.17e-03; 2.40e-02,9.48e-03; 2.43e-02,9.89e-03; 2.45e-02,1.04e-02; 2.49e-02,1.08e-02; 2.53e-02,1.11e-02; 2.58e-02,1.13e-02; 2.63e-02,1.16e-02; 2.67e-02,1.18e-02; 2.71e-02,1.21e-02; 2.74e-02,1.26e-02; 2.77e-02,1.31e-02; 2.80e-02,1.34e-02; 2.84e-02,1.38e-02; 2.89e-02,1.40e-02; 2.94e-02,1.43e-02; 2.98e-02,1.46e-02; 3.02e-02,1.49e-02; 3.05e-02,1.53e-02; 3.07e-02,1.58e-02","33,33,33,33,33,33,33,33,33,33,33,33,33,33,33,33,33,33,33,33,33,33,33,33,33,33,33,33,33,33,33,33,33,33,33,33,33,33,33,33,33,33,33,33,33,33,33,33,33,33,33,33,33,33,33,33,33,33,33,33,33,33,33,33"
1178,1.20,1.07,"0.02,0.08,0.16,0.25,0.35,0.45,0.55,0.65,0.75,0.87,1.00,1.12,1.23,1.34,1.43,1.52,1.61,1.70,1.80,1.91,2.00,2.09,2.16,2.23,2.30,2.38,2.46,2.55,2.62,2.70,2.76,2.82,2.88,2.95,3.02,3.08,3.15,3.21,3.27,3.32,3.38,3.44,3.49,3.55,3.61,3.66,3.72,3.76,3.81,3.86,3.91,3.96,4.01,4.06,4.11,4.15,4.19,4.24,4.28,4.33,4.37,4.42,4.46,4.50","9.39e-05,4.44e-09,2.79e-09,1.32e-09","9,9,9,9","1.17e-04; 2.33e-04; 3.50e-04; 4.66e-04; 5.83e-04; 7.00e-04; 8.16e-04; 9.33e-04; 1.05e-03; 1.17e-03; 1.28e-03; 1.40e-03; 1.52e-03; 1.63e-03; 1.75e-03; 1.87e-03; 1.98e-03; 2.10e-03; 2.22e-03; 2.33e-03; 2.45e-03; 2.57e-03; 2.68e-03; 2.80e-03; 2.91e-03; 3.03e-03; 3.15e-03; 3.26e-03; 3.38e-03; 3.50e-03; 3.58e-03,3.64e-05; 3.62e-03,1.10e-04; 3.67e-03,1.77e-04; 3.76e-03,2.07e-04; 3.88e-03,2.04e-04; 4.01e-03,1.91e-04; 4.12e-03,1.92e-04; 4.06e-03,3.66e-04; 4.11e-03,4.40e-04; 4.14e-03,5.23e-04; 4.19e-03,5.94e-04; 4.26e-03,6.32e-04; 4.37e-03,6.47e-04; 4.48e-03,6.53e-04; 4.58e-03,6.72e-04; 4.65e-03,7.09e-04; 4.71e-03,7.72e-04; 4.75e-03,8.42e-04; 4.81e-03,9.03e-04; 4.89e-03,9.37e-04; 4.99e-03,9.55e-04; 5.10e-03,9.64e-04; 5.19e-03,9.87e-04; 5.27e-03,1.03e-03; 5.34e-03,1.08e-03; 5.39e-03,1.14e-03; 5.45e-03,1.20e-03; 5.54e-03,1.23e-03; 5.64e-03,1.24e-03; 5.96e-03,1.03e-03; 6.07e-03,1.04e-03; 6.16e-03,1.07e-03; 6.22e-03,1.13e-03; 6.27e-03,1.19e-03","57,57,57,57,57,57,57,57,57,57,57,57,57,57,57,57,57,57,57,57,57,57,57,57,57,57,57,57,57,57,57,57,57,57,57,57,57,57,57,57,57,57,57,57,57,57,57,57,57,57,57,57,57,57,57,57,57,57,57,57,57,57,57,57"
1179,0.36,0.34,"0.00,0.02,0.04,0.07,0.10,0.14,0.18,0.22,0.27,0.32,0.38,0.43,0.49,0.55,0.60,0.65,0.71,0.77,0.83,0.89,0.95,1.00,1.06,1.11,1.16,1.22,1.27,1.33,1.38,1.43,1.48,1.52,1.57,1.62,1.67,1.72,1.77,1.82,1.86,1.90,1.94,1.99,2.03,2.08,2.12,2.16,2.20,2.23,2.27,2.31,2.35,2.39,2.43,2.47,2.50,2.53,2.57,2.61,2.64,2.68,2.71,2.75,2.78,2.81","2.52e-05,2.04e-09,7.97e-10,6.37e-10","5,5,5,5",3.12e-05; 6.24e-05; 9.37e-05; 1.25e-04; 1.56e-04; 1.87e-04; 2.19e-04; 2.50e-04; 2.81e-04; 3.12e-04; 3.43e-04; 3.75e-04; 4.06e-04; 4.37e-04; 4.68e-04; 5.00e-04; 5.31e-04; 5.62e-04; 5.93e-04; 6.24e-04; 6.56e-04; 6.87e-04; 7.18e-04; 7.49e-04; 7.81e-04; 8.12e-04; 8.43e-04; 8.74e-04; 9.05e-04; 9.37e-04; 9.68e-04; 9.99e-04; 1.03e-03; 1.06e-03; 1.09e-03; 1.12e-03; 1.16e-03; 1.19e-03; 1.22e-03; 1.25e-03; 1.28e-03; 1.31e-03; 1.34e-03; 1.37e-03; 1.40e-03; 1.44e-03; 1.47e-03; 1.50e-03; 1.53e-03; 1.56e-03; 1.59e-03; 1.62e-03; 1.65e-03; 1.69e-03; 1.72e-03; 1.75e-03; 1.78e-03; 1.81e-03; 1.84e-03; 1.87e-03; 1.90e-03; 1.94e-03; 1.97e-03; 2.00e-03,"41,41,41,41,41,41,41,41,41,41,41,41,41,41,41,41,41,41,41,41,41,41,41,41,41,41,41,41,41,41,41,41,41,41,41,41,41,41,41,41,41,41,41,41,41,41,41,41,41,41,41,41,41,41,41,41,41,41,41,41,41,41,41,41"
1180,0.61,0.48,"0.01,0.02,0.05,0.08,0.12,0.16,0.20,0.24,0.29,0.34,0.41,0.47,0.54,0.60,0.65,0.70,0.76,0.82,0.89,0.95,1.02,1.08,1.13,1.18,1.23,1.28,1.34,1.41,1.46,1.52,1.57,1.61,1.65,1.70,1.76,1.81,1.86,1.91,1.95,1.99,2.03,2.08,2.12,2.17,2.22,2.26,2.30,2.33,2.37,2.41,2.45,2.49,2.53,2.57,2.61,2.63,2.67,2.70,2.74,2.78,2.82,2.85,2.88,2.91","4.50e-05,4.07e-09,1.55e-09,7.00e-10","9,9,9,9","5.59e-05; 1.12e-04; 1.68e-04; 2.24e-04; 2.79e-04; 3.35e-04; 3.91e-04; 4.47e-04; 5.03e-04; 5.59e-04; 6.15e-04; 6.71e-04; 7.27e-04; 7.82e-04; 8.38e-04; 8.94e-04; 9.50e-04; 1.01e-03; 1.06e-03; 1.12e-03; 1.17e-03; 1.23e-03; 1.29e-03; 1.34e-03; 1.40e-03; 1.45e-03; 1.51e-03; 1.56e-03; 1.62e-03; 1.68e-03; 1.73e-03; 1.79e-03; 1.84e-03; 1.90e-03; 1.96e-03; 2.01e-03; 2.07e-03; 2.12e-03; 2.18e-03; 2.24e-03; 2.29e-03; 2.35e-03; 2.40e-03; 2.46e-03; 2.51e-03; 2.57e-03; 2.63e-03; 2.68e-03; 2.74e-03; 2.79e-03; 2.85e-03; 2.91e-03; 2.96e-03; 3.02e-03; 3.07e-03; 3.13e-03; 3.19e-03; 3.24e-03; 3.30e-03; 3.35e-03; 3.41e-03; 3.46e-03; 3.50e-03,1.86e-05; 3.52e-03,5.27e-05","1,1,1,1,1,1,1,1,1,1,1,1,1,1,1,1,1,1,1,1,1,1,1,1,1,1,1,1,1,1,1,1,1,1,1,1,1,1,1,1,1,1,1,1,1,1,1,1,1,1,1,1,1,1,1,1,1,1,1,1,1,1,1,1"
1182,9.57,8.51,"0.84,1.84,2.57,3.14,3.69,4.17,4.60,5.09,5.54,5.96,6.36,6.75,7.11,7.47,7.82,8.13,8.45,8.75,9.03,9.30,9.57,9.83,10.09,10.31,10.53,10.74,10.97,11.19,11.40,11.61,11.80,11.94,12.12,12.30,12.47,12.62,12.77,12.92,13.12,13.24,13.41,13.57,13.70,13.83,13.96,14.09,14.25,14.44,14.59,14.73,14.85,14.97,15.08,15.19,15.36,15.48,15.62,15.72,15.83,15.93,16.04,16.13,16.28,16.42","7.45e-03,6.67e-03,3.68e-07,2.51e-07","8,8,8,8","1.75e-02; 3.51e-02; 5.26e-02; 6.33e-02,6.79e-03; 6.60e-02,2.16e-02; 7.23e-02,3.29e-02; 7.44e-02,3.49e-02,1.34e-02; 7.69e-02,3.25e-02,3.08e-02; 8.31e-02,3.84e-02,3.62e-02; 9.05e-02,4.33e-02,4.14e-02; 9.71e-02,4.85e-02,4.72e-02; 1.03e-01,5.69e-02,5.07e-02; 1.09e-01,5.97e-02,5.96e-02; 1.15e-01,6.87e-02,6.17e-02; 1.21e-01,7.23e-02,6.97e-02; 1.27e-01,8.35e-02,7.04e-02; 1.32e-01,8.96e-02,7.66e-02; 1.38e-01,9.16e-02,8.61e-02; 1.44e-01,9.65e-02,9.25e-02; 1.50e-01,1.03e-01,9.75e-02; 1.57e-01,1.06e-01,1.06e-01; 1.63e-01,1.14e-01,1.08e-01; 1.69e-01,1.18e-01,1.15e-01,7.09e-04; 1.73e-01,1.29e-01,1.16e-01,2.34e-03; 1.78e-01,1.32e-01,1.22e-01,6.31e-03; 1.83e-01,1.34e-01,1.30e-01,8.92e-03; 1.87e-01,1.38e-01,1.34e-01,1.32e-02; 1.90e-01,1.41e-01,1.35e-01,2.54e-02; 1.96e-01,1.43e-01,1.40e-01,3.05e-02; 2.01e-01,1.45e-01,1.44e-01,3.51e-02; 2.05e-01,1.53e-01,1.44e-01,4.04e-02; 2.09e-01,1.65e-01,1.37e-01,4.92e-02; 2.16e-01,1.70e-01,1.49e-01,4.48e-02; 2.21e-01,1.71e-01,1.58e-01,4.52e-02; 2.27e-01,1.76e-01,1.63e-01,4.70e-02; 2.36e-01,1.84e-01,1.72e-01,3.91e-02; 2.41e-01,1.89e-01,1.77e-01,4.20e-02; 2.47e-01,1.94e-01,1.81e-01,4.37e-02; 2.43e-01,1.97e-01,1.72e-01,7.19e-02; 2.48e-01,2.00e-01,1.80e-01,7.22e-02; 2.52e-01,2.01e-01,1.86e-01,7.99e-02; 2.56e-01,2.03e-01,1.92e-01,8.58e-02; 2.61e-01,2.07e-01,1.97e-01,8.88e-02; 2.66e-01,2.11e-01,2.02e-01,9.23e-02; 2.70e-01,2.15e-01,2.07e-01,9.68e-02; 2.74e-01,2.17e-01,2.13e-01,1.03e-01; 2.76e-01,2.24e-01,2.07e-01,1.17e-01; 2.76e-01,2.31e-01,2.01e-01,1.35e-01; 2.80e-01,2.33e-01,2.07e-01,1.39e-01; 2.84e-01,2.39e-01,2.10e-01,1.43e-01; 2.89e-01,2.42e-01,2.16e-01,1.47e-01; 2.94e-01,2.45e-01,2.22e-01,1.51e-01; 2.98e-01,2.49e-01,2.28e-01,1.53e-01; 3.02e-01,2.53e-01,2.31e-01,1.61e-01; 3.05e-01,2.60e-01,2.27e-01,1.73e-01; 3.09e-01,2.66e-01,2.29e-01,1.78e-01; 3.12e-01,2.71e-01,2.31e-01,1.85e-01; 3.17e-01,2.74e-01,2.37e-01,1.88e-01; 3.22e-01,2.77e-01,2.44e-01,1.92e-01; 3.26e-01,2.80e-01,2.50e-01,1.96e-01; 3.31e-01,2.83e-01,2.56e-01,1.99e-01; 3.35e-01,2.86e-01,2.64e-01,2.02e-01; 3.39e-01,2.90e-01,2.64e-01,2.11e-01; 3.43e-01,2.91e-01,2.71e-01,2.17e-01","10,10,10,10,10,10,10,10,10,10,10,10,10,10,10,10,10,10,10,10,10,10,10,10,10,10,10,10,10,10,10,10,10,10,10,58,58,10,10,58,10,10,58,58,58,58,10,10,10,10,58,58,58,0,10,10,10,58,58,58,58,58,10,10"
1183,4.94,4.59,"0.36,0.98,1.57,2.06,2.47,2.81,3.15,3.50,3.84,4.18,4.50,4.78,5.06,5.33,5.61,5.87,6.11,6.35,6.57,6.76,6.95,7.14,7.33,7.53,7.71,7.91,8.09,8.27,8.44,8.59,8.75,8.95,9.11,9.27,9.44,9.60,9.76,9.91,10.07,10.23,10.38,10.53,10.67,10.82,10.96,11.09,11.22,11.35,11.50,11.64,11.76,11.89,12.03,12.15,12.26,12.37,12.54,12.67,12.81,12.95,13.07,13.18,13.28,13.38","1.63e-03,6.77e-04,7.65e-08,3.20e-08","9,9,9,9","2.86e-03; 5.72e-03; 8.58e-03; 1.14e-02; 1.43e-02; 1.66e-02,6.01e-04; 1.65e-02,3.54e-03; 1.67e-02,6.15e-03; 1.76e-02,8.12e-03; 1.90e-02,9.60e-03; 2.08e-02,1.07e-02; 2.26e-02,1.17e-02; 2.43e-02,1.29e-02; 2.56e-02,1.44e-02; 2.67e-02,1.62e-02; 2.77e-02,1.81e-02; 2.88e-02,1.98e-02; 3.00e-02,2.14e-02; 3.15e-02,2.28e-02; 3.31e-02,2.41e-02; 3.48e-02,2.53e-02; 3.62e-02,2.67e-02; 3.75e-02,2.82e-02; 3.81e-02,2.92e-02,1.34e-03; 3.89e-02,3.06e-02,2.00e-03; 3.96e-02,3.16e-02,3.18e-03; 3.99e-02,3.19e-02,5.36e-03; 4.03e-02,3.18e-02,8.02e-03; 4.10e-02,3.21e-02,9.80e-03; 4.20e-02,3.29e-02,1.06e-02,2.76e-04; 4.21e-02,3.29e-02,1.06e-02,2.89e-03; 4.30e-02,3.38e-02,1.41e-02,6.69e-04; 4.30e-02,3.41e-02,1.42e-02,2.98e-03; 4.36e-02,3.47e-02,1.30e-02,5.98e-03; 4.42e-02,3.52e-02,1.30e-02,7.64e-03; 4.48e-02,3.55e-02,1.42e-02,8.44e-03; 4.54e-02,3.56e-02,1.46e-02,1.02e-02; 4.61e-02,3.58e-02,1.36e-02,1.32e-02; 4.68e-02,3.64e-02,1.54e-02,1.29e-02; 4.74e-02,3.70e-02,1.54e-02,1.46e-02; 4.80e-02,3.77e-02,1.86e-02,1.29e-02; 4.87e-02,3.85e-02,1.85e-02,1.43e-02; 4.95e-02,3.92e-02,1.88e-02,1.54e-02; 5.03e-02,3.97e-02,2.03e-02,1.55e-02; 5.10e-02,4.01e-02,2.16e-02,1.59e-02; 5.18e-02,4.06e-02,2.15e-02,1.77e-02; 5.26e-02,4.13e-02,2.10e-02,1.94e-02; 5.34e-02,4.22e-02,2.31e-02,1.85e-02; 5.42e-02,4.31e-02,2.72e-02,1.56e-02; 5.49e-02,4.40e-02,2.82e-02,1.59e-02; 5.58e-02,4.48e-02,2.95e-02,1.57e-02; 5.68e-02,4.58e-02,3.23e-02,1.37e-02; 5.79e-02,4.68e-02,3.54e-02,1.14e-02; 5.89e-02,4.76e-02,3.68e-02,1.10e-02; 5.97e-02,4.83e-02,3.69e-02,1.24e-02; 6.05e-02,4.92e-02,3.76e-02,1.28e-02; 6.15e-02,5.10e-02,4.17e-02,8.75e-03; 6.23e-02,5.23e-02,4.36e-02,7.66e-03; 6.40e-02,5.40e-02,4.60e-02,4.63e-03; 6.63e-02,5.61e-02,4.91e-02; 6.72e-02,5.68e-02,5.04e-02; 6.82e-02,5.75e-02,5.15e-02; 6.92e-02,5.85e-02,5.25e-02; 7.01e-02,5.95e-02,5.33e-02","2,2,2,2,2,2,2,2,2,2,2,2,2,2,2,2,2,2,2,2,2,2,2,2,2,2,2,2,2,2,2,2,2,2,2,2,2,2,2,2,2,2,2,2,2,2,2,2,2,2,2,2,2,2,2,2,2,2,2,2,2,2,2,2"
1185,0.01,0.01,"0.00,0.00,0.00,0.00,0.00,0.00,0.00,0.00,0.00,0.00,0.00,0.01,0.01,0.01,0.01,0.01,0.01,0.01,0.01,0.01,0.01,0.01,0.01,0.01,0.01,0.02,0.02,0.02,0.02,0.02,0.02,0.02,0.02,0.03,0.03,0.03,0.03,0.03,0.03,0.03,0.03,0.04,0.04,0.04,0.04,0.04,0.05,0.05,0.05,0.05,0.05,0.05,0.06,0.06,0.06,0.06,0.06,0.06,0.07,0.07,0.07,0.07,0.08,0.08","8.81e-07,5.30e-11,3.09e-11,1.88e-11","1,1,1,1",1.09e-06; 2.19e-06; 3.28e-06; 4.37e-06; 5.47e-06; 6.56e-06; 7.65e-06; 8.75e-06; 9.84e-06; 1.09e-05; 1.20e-05; 1.31e-05; 1.42e-05; 1.53e-05; 1.64e-05; 1.75e-05; 1.86e-05; 1.97e-05; 2.08e-05; 2.19e-05; 2.30e-05; 2.40e-05; 2.51e-05; 2.62e-05; 2.73e-05; 2.84e-05; 2.95e-05; 3.06e-05; 3.17e-05; 3.28e-05; 3.39e-05; 3.50e-05; 3.61e-05; 3.72e-05; 3.83e-05; 3.94e-05; 4.04e-05; 4.15e-05; 4.26e-05; 4.37e-05; 4.48e-05; 4.59e-05; 4.70e-05; 4.81e-05; 4.92e-05; 5.03e-05; 5.14e-05; 5.25e-05; 5.36e-05; 5.47e-05; 5.57e-05; 5.68e-05; 5.79e-05; 5.90e-05; 6.01e-05; 6.12e-05; 6.23e-05; 6.34e-05; 6.45e-05; 6.56e-05; 6.67e-05; 6.78e-05; 6.89e-05; 7.00e-05,"24,24,24,24,24,24,24,24,24,24,24,24,24,24,24,24,24,24,24,24,24,24,24,24,24,24,24,24,24,24,24,24,24,24,24,24,24,24,24,24,24,24,24,24,24,24,24,24,24,24,24,24,24,24,24,24,24,24,24,24,24,24,24,24"
1186,0.19,0.10,"0.00,0.00,0.01,0.02,0.02,0.03,0.04,0.05,0.06,0.07,0.09,0.11,0.13,0.15,0.16,0.18,0.19,0.21,0.24,0.26,0.29,0.31,0.34,0.35,0.37,0.39,0.42,0.45,0.48,0.51,0.53,0.55,0.57,0.59,0.61,0.64,0.68,0.70,0.73,0.75,0.77,0.79,0.81,0.84,0.87,0.90,0.92,0.94,0.96,0.98,1.00,1.03,1.06,1.09,1.11,1.13,1.15,1.16,1.19,1.21,1.24,1.27,1.29,1.31","9.52e-06,6.31e-10,3.11e-10,1.89e-10","9,9,9,9",1.18e-05; 2.36e-05; 3.55e-05; 4.73e-05; 5.91e-05; 7.09e-05; 8.27e-05; 9.45e-05; 1.06e-04; 1.18e-04; 1.30e-04; 1.42e-04; 1.54e-04; 1.65e-04; 1.77e-04; 1.89e-04; 2.01e-04; 2.13e-04; 2.25e-04; 2.36e-04; 2.48e-04; 2.60e-04; 2.72e-04; 2.84e-04; 2.95e-04; 3.07e-04; 3.19e-04; 3.31e-04; 3.43e-04; 3.55e-04; 3.66e-04; 3.78e-04; 3.90e-04; 4.02e-04; 4.14e-04; 4.25e-04; 4.37e-04; 4.49e-04; 4.61e-04; 4.73e-04; 4.85e-04; 4.96e-04; 5.08e-04; 5.20e-04; 5.32e-04; 5.44e-04; 5.55e-04; 5.67e-04; 5.79e-04; 5.91e-04; 6.03e-04; 6.15e-04; 6.26e-04; 6.38e-04; 6.50e-04; 6.62e-04; 6.74e-04; 6.85e-04; 6.97e-04; 7.09e-04; 7.21e-04; 7.33e-04; 7.45e-04; 7.56e-04,"10,10,10,10,10,10,10,10,10,10,10,10,10,10,10,10,10,10,10,10,10,10,10,10,10,10,10,10,10,10,10,10,10,10,10,10,10,10,10,10,10,10,10,10,10,10,10,10,10,10,10,10,10,10,10,10,10,10,10,10,10,10,10,10"
1187,13.32,14.94,"5.20,7.08,8.17,9.01,10.01,10.79,11.50,12.15,12.72,13.18,13.57,13.91,14.25,14.61,14.99,15.36,15.70,15.99,16.23,16.45,16.66,16.89,17.14,17.40,17.65,17.86,18.03,18.19,18.35,18.51,18.70,18.90,19.09,19.26,19.40,19.52,19.64,19.78,19.93,20.09,20.25,20.38,20.50,20.60,20.70,20.81,20.93,21.07,21.19,21.31,21.42,21.51,21.59,21.68,21.79,21.91,22.02,22.12,22.21,22.28,22.36,22.44,22.53,22.63","2.58e-01,1.68e-01,1.12e-05,6.46e-06","0,0,0,0","5.30e-01; 1.06e+00; 1.37e+00,2.17e-01; 1.32e+00,8.01e-01; 2.05e+00,5.94e-01; 2.23e+00,9.50e-01; 2.42e+00,1.28e+00; 2.62e+00,1.61e+00; 2.86e+00,1.91e+00; 3.14e+00,2.16e+00; 3.44e+00,2.38e+00; 3.74e+00,2.61e+00; 4.03e+00,2.85e+00; 4.30e+00,3.12e+00; 4.54e+00,3.40e+00; 4.77e+00,3.70e+00; 5.01e+00,3.99e+00; 5.28e+00,4.25e+00; 5.56e+00,4.50e+00; 5.85e+00,4.74e+00; 6.13e+00,4.99e+00; 6.40e+00,5.25e+00; 6.65e+00,5.53e+00; 6.89e+00,5.82e+00; 7.14e+00,6.10e+00; 7.40e+00,6.37e+00; 7.68e+00,6.62e+00; 7.96e+00,6.87e+00; 8.23e+00,7.12e+00; 8.50e+00,7.38e+00; 8.76e+00,7.66e+00; 9.01e+00,7.94e+00; 9.26e+00,8.22e+00; 9.52e+00,8.48e+00; 9.79e+00,8.74e+00; 1.01e+01,9.00e+00; 1.03e+01,9.25e+00; 1.06e+01,9.51e+00; 1.09e+01,9.78e+00; 1.11e+01,1.01e+01; 1.14e+01,1.03e+01; 1.16e+01,1.06e+01; 1.19e+01,1.09e+01; 1.21e+01,1.11e+01,1.37e-01; 1.22e+01,1.12e+01,4.30e-01; 1.24e+01,1.13e+01,5.81e-01; 1.27e+01,1.16e+01,5.90e-01; 1.28e+01,1.18e+01,8.06e-01; 1.28e+01,1.18e+01,1.29e+00; 1.31e+01,1.20e+01,1.37e+00; 1.43e+01,1.28e+01; 1.45e+01,1.30e+01; 1.49e+01,1.32e+01; 1.52e+01,1.34e+01; 1.54e+01,1.37e+01; 1.57e+01,1.40e+01; 1.60e+01,1.42e+01; 1.63e+01,1.44e+01; 1.66e+01,1.47e+01; 1.69e+01,1.49e+01; 1.72e+01,1.51e+01; 1.75e+01,1.54e+01; 1.77e+01,1.56e+01; 1.80e+01,1.59e+01","25,25,25,25,25,25,25,25,25,25,25,25,25,25,25,25,25,25,25,25,25,25,25,25,25,25,25,25,25,25,25,25,25,25,25,25,25,25,25,25,25,25,25,25,25,25,25,25,25,25,25,25,25,25,25,25,25,25,25,25,25,25,25,25"
1188,13.92,14.56,"4.50,6.30,7.37,8.33,9.17,9.93,10.62,11.26,11.79,12.23,12.61,12.95,13.29,13.64,13.99,14.35,14.66,14.94,15.17,15.39,15.61,15.83,16.06,16.31,16.54,16.74,16.92,17.08,17.23,17.39,17.57,17.76,17.93,18.10,18.24,18.36,18.48,18.61,18.75,18.90,19.05,19.21,19.34,19.45,19.53,19.62,19.71,19.81,19.97,20.10,20.21,20.33,20.44,20.54,20.65,20.77,20.90,21.02,21.13,21.24,21.34,21.44,21.55,21.66","1.79e-01,1.52e-01,6.84e-04,1.39e-05","0,0,0,0","4.12e-01; 8.25e-01; 1.06e+00,1.73e-01; 1.40e+00,2.50e-01; 1.55e+00,5.10e-01; 1.69e+00,7.82e-01; 1.84e+00,1.05e+00; 1.99e+00,1.31e+00; 2.17e+00,1.54e+00; 2.39e+00,1.73e+00; 2.64e+00,1.90e+00; 2.88e+00,2.07e+00; 3.10e+00,2.26e+00; 3.31e+00,2.46e+00; 3.50e+00,2.69e+00; 3.68e+00,2.92e+00; 3.87e+00,3.14e+00; 4.08e+00,3.35e+00; 4.30e+00,3.54e+00; 4.52e+00,3.72e+00; 4.75e+00,3.91e+00; 4.96e+00,4.11e+00; 5.16e+00,4.33e+00; 5.35e+00,4.55e+00; 5.54e+00,4.77e+00; 5.74e+00,4.98e+00; 5.96e+00,5.18e+00; 6.18e+00,5.37e+00; 6.39e+00,5.57e+00; 6.52e+00,5.68e+00,1.66e-01; 6.61e+00,5.78e+00,3.95e-01; 6.74e+00,5.94e+00,5.13e-01; 6.77e+00,6.00e+00,4.35e-01,4.06e-01; 7.49e+00,6.53e+00; 7.72e+00,6.71e+00; 7.96e+00,6.89e+00; 8.21e+00,7.05e+00; 8.45e+00,7.22e+00; 8.67e+00,7.41e+00; 8.87e+00,7.62e+00; 9.13e+00,7.78e+00; 8.18e+00,7.15e+00,1.63e+00,3.65e-01; 8.92e+00,7.63e+00,1.19e+00; 8.51e+00,7.39e+00,1.79e+00,4.54e-01; 8.70e+00,7.52e+00,1.91e+00,4.21e-01; 8.85e+00,7.65e+00,1.98e+00,5.00e-01; 9.94e+00,8.47e+00,9.69e-01; 1.01e+01,8.59e+00,1.14e+00; 9.31e+00,8.04e+00,1.54e+00,1.33e+00; 9.45e+00,8.17e+00,1.74e+00,1.26e+00; 9.63e+00,8.35e+00,2.34e+00,7.15e-01; 1.03e+01,8.80e+00,2.33e+00; 1.04e+01,8.83e+00,2.59e+00; 1.02e+01,8.67e+00,2.99e+00,4.14e-01; 1.09e+01,9.07e+00,2.48e+00,2.48e-01; 1.09e+01,9.12e+00,2.52e+00,5.05e-01; 1.04e+01,8.84e+00,3.13e+00,1.09e+00; 1.06e+01,9.01e+00,3.33e+00,9.49e-01; 1.08e+01,9.10e+00,3.41e+00,1.02e+00; 1.09e+01,9.12e+00,3.39e+00,1.31e+00; 1.11e+01,9.16e+00,3.35e+00,1.55e+00; 1.17e+01,9.44e+00,3.18e+00,1.28e+00; 1.18e+01,9.48e+00,3.42e+00,1.32e+00; 1.19e+01,9.60e+00,3.70e+00,1.20e+00","32,32,32,32,32,32,32,32,32,32,32,32,32,32,32,32,32,32,32,32,32,32,32,32,32,32,32,32,32,32,32,32,32,32,32,32,32,32,32,32,32,16,32,32,16,16,32,16,32,32,32,32,32,32,32,32,32,32,32,32,32,32,32,32"
1189,2.50,2.24,"0.08,0.29,0.54,0.80,1.04,1.27,1.49,1.68,1.86,2.05,2.25,2.43,2.61,2.77,2.91,3.04,3.16,3.28,3.41,3.54,3.66,3.78,3.88,3.98,4.07,4.16,4.26,4.36,4.45,4.54,4.63,4.71,4.79,4.86,4.94,5.02,5.09,5.17,5.24,5.31,5.38,5.44,5.51,5.57,5.63,5.70,5.76,5.82,5.88,5.93,5.99,6.04,6.10,6.15,6.21,6.26,6.31,6.36,6.41,6.46,6.50,6.55,6.60,6.65","3.86e-04,2.71e-08,7.91e-09,6.35e-09","1,1,1,1","4.78e-04; 9.57e-04; 1.44e-03; 1.91e-03; 2.39e-03; 2.87e-03; 3.35e-03; 3.83e-03; 4.31e-03; 4.78e-03; 5.26e-03; 5.74e-03; 6.22e-03; 6.70e-03; 7.18e-03; 7.66e-03; 8.13e-03; 8.61e-03; 9.09e-03; 9.57e-03; 1.00e-02; 1.05e-02; 1.10e-02; 1.14e-02,4.16e-05; 1.16e-02,3.24e-04; 1.13e-02,1.17e-03; 1.16e-02,1.29e-03; 1.21e-02,1.28e-03; 1.25e-02,1.33e-03; 1.30e-02,1.40e-03; 1.32e-02,1.63e-03; 1.44e-02,9.33e-04; 1.38e-02,1.98e-03; 1.49e-02,1.41e-03; 1.45e-02,2.22e-03; 1.49e-02,2.35e-03; 1.62e-02,1.47e-03; 1.57e-02,2.43e-03; 1.61e-02,2.54e-03; 1.63e-02,2.85e-03; 1.67e-02,2.94e-03; 1.78e-02,2.32e-03; 1.82e-02,2.39e-03; 1.78e-02,3.28e-03; 1.81e-02,3.41e-03; 1.85e-02,3.52e-03; 1.89e-02,3.63e-03; 1.92e-02,3.74e-03; 2.04e-02,3.03e-03; 2.06e-02,3.29e-03; 2.10e-02,3.38e-03; 2.15e-02,3.37e-03; 2.20e-02,3.33e-03; 2.25e-02,3.35e-03; 2.28e-02,3.47e-03; 2.31e-02,3.67e-03; 2.21e-02,5.19e-03; 2.24e-02,5.31e-03; 2.28e-02,5.43e-03; 2.32e-02,5.54e-03; 2.35e-02,5.65e-03; 2.52e-02,4.50e-03; 2.55e-02,4.61e-03; 2.46e-02,5.99e-03","24,24,24,24,24,24,24,24,24,24,24,24,24,24,24,24,24,24,24,24,24,24,24,24,24,24,24,24,24,24,24,24,24,24,24,24,24,24,24,24,24,24,24,24,24,24,24,24,24,24,24,24,24,24,24,24,24,24,24,24,24,24,24,24"
1207,17.65,15.47,"6.93,9.29,10.78,11.86,12.68,13.32,13.81,14.18,14.43,14.71,15.00,15.29,15.57,15.82,16.03,16.20,16.34,16.50,16.68,16.86,17.04,17.21,17.37,17.53,17.64,17.77,17.90,18.06,18.22,18.38,18.52,18.64,18.77,18.88,18.98,19.14,19.30,19.44,19.58,19.67,19.79,19.90,19.99,20.13,20.31,20.43,20.55,20.62,20.75,20.84,20.99,21.13,21.28,21.42,21.54,21.61,21.77,21.87,22.00,22.17,22.31,22.47,22.58,22.65","3.15e+00,2.15e+00,3.91e-01,1.73e-04","3,3,3,3","7.06e+00; 1.41e+01; 2.12e+01; 2.82e+01; 3.53e+01; 4.23e+01; 4.94e+01; 5.65e+01; 6.35e+01; 7.06e+01; 7.76e+01; 8.47e+01; 9.18e+01; 9.88e+01; 1.06e+02; 1.13e+02; 1.16e+02,4.39e+00; 1.19e+02,8.21e+00; 1.22e+02,1.19e+01; 1.25e+02,1.59e+01; 1.28e+02,2.03e+01; 1.30e+02,2.56e+01; 1.30e+02,3.21e+01; 1.31e+02,3.84e+01; 1.34e+02,4.27e+01; 1.37e+02,4.63e+01; 1.41e+02,4.93e+01; 1.45e+02,5.28e+01; 1.45e+02,5.92e+01; 1.47e+02,6.49e+01; 1.49e+02,7.02e+01; 1.51e+02,7.45e+01; 1.54e+02,7.90e+01; 1.57e+02,8.28e+01; 1.61e+02,8.59e+01; 1.63e+02,9.15e+01; 1.64e+02,9.71e+01; 1.66e+02,1.02e+02; 1.68e+02,1.07e+02; 1.72e+02,1.11e+02; 1.74e+02,1.15e+02; 1.77e+02,1.19e+02; 1.81e+02,1.23e+02; 1.83e+02,1.28e+02; 1.81e+02,1.29e+02,7.31e+00; 1.81e+02,1.32e+02,1.13e+01; 1.83e+02,1.35e+02,1.31e+01; 1.86e+02,1.38e+02,1.51e+01; 1.87e+02,1.42e+02,1.65e+01; 1.89e+02,1.45e+02,1.89e+01; 1.95e+02,1.53e+02,1.18e+01; 1.97e+02,1.57e+02,1.25e+01; 1.93e+02,1.55e+02,2.59e+01; 1.94e+02,1.57e+02,3.00e+01; 1.96e+02,1.60e+02,3.25e+01; 1.98e+02,1.63e+02,3.49e+01; 2.00e+02,1.67e+02,3.61e+01; 2.01e+02,1.69e+02,3.88e+01; 2.07e+02,1.76e+02,3.38e+01; 2.23e+02,1.94e+02,5.87e+00; 2.05e+02,1.78e+02,4.77e+01; 2.06e+02,1.80e+02,5.11e+01; 2.08e+02,1.83e+02,5.32e+01; 2.10e+02,1.85e+02,5.64e+01","24,24,24,24,24,24,24,24,24,24,24,24,24,24,24,24,24,24,24,24,24,24,24,24,24,24,24,24,24,24,24,24,24,24,24,24,24,24,24,24,24,30,30,24,24,24,30,24,24,24,24,24,30,24,24,24,24,24,24,24,24,24,24,34"
1208,17.79,16.50,"8.15,10.34,11.70,12.69,13.47,14.08,14.57,14.95,15.23,15.51,15.80,16.10,16.40,16.69,16.98,17.29,17.54,17.75,17.97,18.19,18.43,18.68,18.93,19.23,19.41,19.57,19.73,19.93,20.11,20.32,20.54,20.79,20.94,21.07,21.22,21.36,21.54,21.70,21.88,22.13,22.24,22.34,22.46,22.61,22.76,22.91,23.06,23.29,23.37,23.46,23.57,23.73,23.86,23.97,24.13,24.36,24.42,24.50,24.65,24.68,24.79,24.95,25.10,25.31","2.53e+00,1.50e+00,1.17e+00,2.61e-01","15,15,15,15","6.78e+00; 1.36e+01; 2.04e+01; 2.71e+01; 3.39e+01; 4.07e+01; 4.75e+01; 5.43e+01; 6.11e+01; 6.66e+01,1.19e+00; 6.99e+01,4.71e+00; 7.24e+01,8.99e+00; 7.39e+01,1.43e+01; 7.49e+01,2.00e+01; 7.54e+01,2.63e+01; 7.53e+01,3.32e+01; 7.66e+01,3.87e+01; 7.96e+01,4.25e+01; 8.30e+01,4.59e+01; 8.57e+01,5.00e+01; 8.83e+01,5.41e+01; 9.07e+01,5.85e+01; 9.28e+01,6.32e+01; 9.44e+01,6.84e+01; 9.73e+01,7.23e+01; 1.01e+02,7.58e+01; 1.04e+02,7.91e+01; 1.07e+02,8.30e+01; 1.10e+02,8.68e+01; 1.13e+02,9.08e+01; 1.15e+02,9.50e+01; 1.18e+02,9.95e+01; 1.21e+02,1.03e+02; 1.24e+02,1.06e+02; 1.28e+02,1.10e+02; 1.31e+02,1.13e+02; 1.34e+02,1.17e+02; 1.37e+02,1.21e+02; 1.40e+02,1.25e+02; 1.42e+02,1.29e+02; 1.46e+02,1.32e+02; 1.49e+02,1.36e+02; 1.52e+02,1.39e+02; 1.56e+02,1.43e+02; 1.59e+02,1.46e+02; 1.62e+02,1.50e+02; 1.65e+02,1.54e+02; 1.68e+02,1.58e+02; 1.71e+02,1.61e+02; 1.75e+02,1.65e+02; 1.78e+02,1.68e+02; 1.81e+02,1.72e+02; 1.84e+02,1.75e+02; 1.88e+02,1.79e+02; 1.91e+02,1.82e+02; 1.94e+02,1.86e+02; 1.97e+02,1.90e+02; 2.01e+02,1.93e+02; 2.04e+02,1.96e+02; 2.07e+02,2.00e+02; 2.10e+02,2.03e+02; 2.14e+02,2.07e+02; 2.17e+02,2.10e+02; 2.20e+02,2.14e+02","32,32,32,32,32,32,32,32,32,32,32,32,32,32,32,32,30,30,30,30,32,32,32,32,30,30,30,30,32,32,32,32,32,32,30,32,30,30,32,30,30,30,30,30,32,30,32,30,30,30,32,32,32,30,32,32,32,30,32,32,32,30,30,32"
1209,16.77,14.81,"7.96,10.19,11.59,12.62,13.40,14.00,14.45,14.80,15.08,15.36,15.66,15.95,16.22,16.46,16.66,16.83,16.97,17.13,17.31,17.49,17.67,17.82,17.97,18.10,18.29,18.45,18.62,18.78,18.94,19.06,19.19,19.31,19.50,19.69,19.85,20.01,20.15,20.24,20.35,20.44,20.59,20.77,20.90,21.06,21.14,21.25,21.34,21.43,21.60,21.74,21.91,22.02,22.04,22.14,22.23,22.29,22.50,22.58,22.63,22.74,22.84,22.86,22.94,23.01","2.22e+00,1.16e+00,6.33e-01,1.29e-04","3,3,3,3","4.99e+00; 9.98e+00; 1.50e+01; 2.00e+01; 2.49e+01; 2.99e+01; 3.49e+01; 3.99e+01; 4.49e+01; 4.99e+01; 5.49e+01; 5.99e+01; 6.49e+01; 6.99e+01; 7.48e+01; 7.98e+01; 8.48e+01; 8.92e+01,6.35e-01; 9.09e+01,3.94e+00; 9.09e+01,8.88e+00; 9.32e+01,1.16e+01; 9.55e+01,1.42e+01; 9.72e+01,1.75e+01; 9.72e+01,2.25e+01; 9.40e+01,3.08e+01; 9.42e+01,3.55e+01; 9.58e+01,3.89e+01; 9.69e+01,4.28e+01; 9.92e+01,4.55e+01; 1.02e+02,4.80e+01; 1.04e+02,5.07e+01; 1.05e+02,5.42e+01; 1.05e+02,5.99e+01; 1.06e+02,6.37e+01; 1.08e+02,6.70e+01; 1.09e+02,7.04e+01; 1.12e+02,7.31e+01; 1.14e+02,7.56e+01; 1.16e+02,7.81e+01; 1.19e+02,8.08e+01; 1.19e+02,8.53e+01; 1.21e+02,8.87e+01; 1.23e+02,9.18e+01; 1.25e+02,9.49e+01; 1.27e+02,9.76e+01; 1.29e+02,1.00e+02; 1.32e+02,1.03e+02; 1.34e+02,1.05e+02; 1.35e+02,1.09e+02; 1.37e+02,1.12e+02; 1.39e+02,1.15e+02; 1.42e+02,1.18e+02; 1.44e+02,1.21e+02; 1.46e+02,1.23e+02; 1.49e+02,1.26e+02; 1.51e+02,1.28e+02; 1.53e+02,1.32e+02; 1.55e+02,1.34e+02; 1.58e+02,1.36e+02; 1.60e+02,1.40e+02; 1.62e+02,1.42e+02; 1.64e+02,1.45e+02; 1.67e+02,1.47e+02; 1.69e+02,1.50e+02","31,31,31,31,31,31,31,31,31,31,31,31,31,31,31,31,31,31,31,31,31,31,31,31,31,31,31,31,31,31,31,31,31,31,31,31,31,31,31,38,31,31,31,31,31,31,31,31,31,31,31,47,31,31,31,47,31,38,24,31,31,47,31,31"
1210,12.01,12.52,"2.37,3.95,4.98,5.75,6.50,7.22,7.89,8.50,9.03,9.49,9.87,10.21,10.56,10.93,11.31,11.67,11.99,12.28,12.52,12.73,12.95,13.19,13.45,13.71,13.94,14.14,14.32,14.48,14.63,14.82,15.01,15.21,15.38,15.55,15.68,15.81,15.94,16.08,16.27,16.45,16.60,16.73,16.85,16.95,17.06,17.13,17.27,17.40,17.52,17.64,17.73,17.82,17.91,18.02,18.13,18.32,18.44,18.50,18.60,18.68,18.77,18.86,18.96,19.08","5.73e-02,4.53e-02,2.95e-06,2.09e-06","5,5,5,5","1.27e-01; 2.55e-01; 3.82e-01; 4.52e-01,5.75e-02; 4.90e-01,1.46e-01; 5.35e-01,2.29e-01; 5.79e-01,3.12e-01; 6.24e-01,3.95e-01; 6.80e-01,4.66e-01; 7.46e-01,5.27e-01; 8.19e-01,5.82e-01; 8.93e-01,6.35e-01; 9.60e-01,6.95e-01; 1.02e+00,7.62e-01; 1.08e+00,8.34e-01; 1.13e+00,9.06e-01; 1.19e+00,9.75e-01; 1.25e+00,1.04e+00; 1.32e+00,1.10e+00; 1.39e+00,1.16e+00; 1.46e+00,1.22e+00; 1.52e+00,1.28e+00; 1.58e+00,1.35e+00; 1.64e+00,1.42e+00; 1.71e+00,1.48e+00; 1.77e+00,1.54e+00; 1.84e+00,1.60e+00; 1.92e+00,1.65e+00; 1.85e+00,1.62e+00,2.26e-01; 1.91e+00,1.68e+00,2.31e-01; 1.96e+00,1.74e+00,2.51e-01; 1.96e+00,1.75e+00,3.62e-01; 2.00e+00,1.79e+00,4.16e-01; 2.05e+00,1.85e+00,4.27e-01; 2.10e+00,1.89e+00,4.68e-01; 2.13e+00,1.92e+00,5.34e-01; 2.17e+00,1.95e+00,5.84e-01; 2.23e+00,2.01e+00,5.99e-01; 2.58e+00,2.27e+00,1.16e-01; 2.57e+00,2.27e+00,2.49e-01; 2.60e+00,2.31e+00,3.09e-01; 2.65e+00,2.36e+00,3.36e-01; 2.69e+00,2.39e+00,3.96e-01; 2.71e+00,2.42e+00,4.70e-01; 2.75e+00,2.45e+00,5.22e-01; 3.14e+00,2.71e+00; 3.21e+00,2.78e+00; 3.27e+00,2.84e+00; 3.34e+00,2.90e+00; 3.40e+00,2.96e+00; 3.47e+00,3.02e+00; 3.55e+00,3.07e+00; 3.62e+00,3.13e+00; 3.68e+00,3.19e+00; 3.75e+00,3.26e+00; 3.68e+00,3.23e+00,2.17e-01; 3.68e+00,3.26e+00,3.18e-01; 3.75e+00,3.31e+00,3.25e-01; 3.51e+00,3.17e+00,8.30e-01; 3.57e+00,3.21e+00,8.55e-01; 3.63e+00,3.26e+00,8.68e-01; 3.69e+00,3.32e+00,8.86e-01; 3.74e+00,3.38e+00,9.07e-01; 3.80e+00,3.42e+00,9.34e-01","40,40,40,40,40,40,40,40,40,40,40,40,40,40,40,40,40,40,40,40,40,40,40,40,40,40,40,40,40,40,40,40,40,40,40,40,40,40,40,40,40,40,40,40,40,40,40,40,40,40,40,40,40,40,40,40,40,34,40,40,40,40,40,40"
1211,10.70,10.97,"2.82,4.46,5.48,6.27,7.06,7.81,8.50,9.12,9.66,10.12,10.51,10.86,11.22,11.59,11.96,12.31,12.64,12.92,13.16,13.39,13.61,13.85,14.11,14.36,14.59,14.79,14.97,15.13,15.30,15.48,15.67,15.86,16.05,16.21,16.34,16.47,16.60,16.75,16.91,17.06,17.20,17.33,17.44,17.55,17.66,17.78,17.91,18.03,18.16,18.27,18.36,18.45,18.54,18.65,18.76,18.87,18.98,19.07,19.16,19.24,19.32,19.48,19.59,19.71","4.22e-02,2.69e-02,1.21e-06,8.66e-07","1,1,1,1","8.58e-02; 1.72e-01; 2.57e-01; 2.89e-01,5.38e-02; 3.15e-01,1.14e-01; 3.41e-01,1.74e-01; 3.68e-01,2.32e-01; 3.97e-01,2.89e-01; 4.36e-01,3.36e-01; 4.83e-01,3.75e-01; 5.33e-01,4.11e-01; 5.82e-01,4.48e-01; 6.26e-01,4.89e-01; 6.67e-01,5.34e-01; 7.04e-01,5.83e-01; 7.40e-01,6.32e-01; 7.80e-01,6.78e-01; 8.24e-01,7.20e-01; 8.70e-01,7.59e-01; 9.17e-01,7.98e-01; 9.62e-01,8.40e-01; 1.00e+00,8.83e-01; 1.04e+00,9.30e-01; 1.08e+00,9.77e-01; 1.12e+00,1.02e+00; 1.17e+00,1.06e+00; 1.21e+00,1.10e+00; 1.26e+00,1.15e+00; 1.30e+00,1.19e+00; 1.34e+00,1.23e+00; 1.38e+00,1.28e+00; 1.42e+00,1.32e+00; 1.47e+00,1.37e+00; 1.51e+00,1.41e+00; 1.55e+00,1.45e+00; 1.60e+00,1.49e+00; 1.65e+00,1.53e+00; 1.69e+00,1.57e+00; 1.73e+00,1.61e+00; 1.78e+00,1.65e+00; 1.70e+00,1.60e+00,2.14e-01; 1.74e+00,1.64e+00,2.22e-01; 1.77e+00,1.67e+00,2.49e-01; 1.79e+00,1.69e+00,2.90e-01; 1.82e+00,1.72e+00,3.19e-01; 1.86e+00,1.76e+00,3.29e-01; 1.89e+00,1.79e+00,3.54e-01; 1.88e+00,1.79e+00,4.51e-01; 1.91e+00,1.81e+00,4.85e-01; 1.94e+00,1.85e+00,4.99e-01; 1.97e+00,1.88e+00,5.26e-01; 2.00e+00,1.90e+00,5.66e-01; 2.02e+00,1.93e+00,5.97e-01; 2.06e+00,1.96e+00,6.10e-01; 2.09e+00,1.99e+00,6.39e-01; 2.08e+00,1.99e+00,7.30e-01; 2.11e+00,2.02e+00,7.60e-01; 2.14e+00,2.05e+00,7.79e-01; 2.17e+00,2.08e+00,8.07e-01; 2.20e+00,2.10e+00,8.46e-01; 2.23e+00,2.13e+00,8.75e-01; 2.67e+00,2.50e+00,1.50e-01; 2.69e+00,2.52e+00,1.96e-01; 2.66e+00,2.50e+00,3.29e-01","33,33,33,33,33,33,33,33,33,33,33,33,33,33,33,33,33,33,33,33,33,33,33,33,33,33,33,33,33,33,33,33,33,33,33,33,33,33,33,33,33,33,33,33,33,33,33,33,33,33,33,33,33,33,33,33,33,33,33,33,33,33,33,33"
1212,10.85,11.07,"2.25,3.76,4.75,5.48,6.10,6.69,7.25,7.76,8.23,8.62,8.96,9.26,9.57,9.90,10.22,10.54,10.84,11.09,11.31,11.50,11.71,11.93,12.16,12.39,12.61,12.80,12.96,13.11,13.26,13.43,13.61,13.79,13.96,14.11,14.24,14.36,14.48,14.62,14.77,14.92,15.06,15.18,15.29,15.39,15.49,15.61,15.73,15.86,15.99,16.09,16.19,16.27,16.36,16.46,16.58,16.69,16.80,16.89,16.97,17.05,17.13,17.22,17.32,17.43","5.97e-02,3.63e-02,2.44e-06,1.78e-06","5,5,5,5","1.19e-01; 2.38e-01; 3.57e-01; 4.77e-01; 5.11e-01,8.50e-02; 5.54e-01,1.60e-01; 6.04e-01,2.30e-01; 6.54e-01,2.99e-01; 6.96e-01,3.77e-01; 7.60e-01,4.31e-01; 8.36e-01,4.75e-01; 9.11e-01,5.19e-01; 9.78e-01,5.71e-01; 1.03e+00,6.34e-01; 1.08e+00,7.03e-01; 1.13e+00,7.74e-01; 1.18e+00,8.45e-01; 1.24e+00,9.05e-01; 1.31e+00,9.57e-01; 1.38e+00,1.01e+00; 1.44e+00,1.06e+00; 1.50e+00,1.12e+00; 1.55e+00,1.19e+00; 1.61e+00,1.25e+00; 1.66e+00,1.32e+00; 1.72e+00,1.38e+00; 1.78e+00,1.44e+00; 1.85e+00,1.49e+00; 1.91e+00,1.55e+00; 1.97e+00,1.60e+00; 2.03e+00,1.67e+00; 2.08e+00,1.73e+00; 2.13e+00,1.80e+00; 2.19e+00,1.86e+00; 2.25e+00,1.92e+00; 2.32e+00,1.97e+00; 2.38e+00,2.03e+00; 2.44e+00,2.09e+00; 2.50e+00,2.15e+00; 2.55e+00,2.21e+00; 2.61e+00,2.27e+00; 2.67e+00,2.33e+00; 2.74e+00,2.38e+00; 2.81e+00,2.43e+00,5.71e-03; 2.87e+00,2.48e+00,9.06e-03; 2.93e+00,2.54e+00,7.03e-03; 2.99e+00,2.60e+00,8.77e-03; 3.05e+00,2.65e+00,2.35e-02; 2.92e+00,2.59e+00,3.27e-01; 3.16e+00,2.76e+00,3.89e-02; 3.19e+00,2.79e+00,1.01e-01; 3.22e+00,2.81e+00,1.66e-01; 3.26e+00,2.85e+00,1.97e-01; 3.32e+00,2.91e+00,2.05e-01; 3.36e+00,2.96e+00,2.38e-01; 3.38e+00,2.97e+00,3.25e-01; 3.42e+00,3.02e+00,3.53e-01; 3.47e+00,3.07e+00,3.69e-01; 3.51e+00,3.11e+00,4.11e-01; 3.55e+00,3.14e+00,4.62e-01; 3.60e+00,3.18e+00,4.91e-01; 3.65e+00,3.23e+00,5.06e-01; 3.69e+00,3.28e+00,5.36e-01; 3.72e+00,3.30e+00,6.13e-01","40,40,40,40,40,40,40,40,40,40,40,40,40,40,40,40,40,40,40,40,40,40,40,40,40,40,40,40,40,40,40,40,40,40,40,40,40,40,40,40,40,40,40,40,40,40,40,40,40,40,40,40,40,40,40,40,40,40,40,40,40,40,40,40"
1213,10.86,11.95,"3.02,4.69,5.74,6.71,7.63,8.44,9.16,9.81,10.38,10.86,11.26,11.63,12.01,12.40,12.78,13.15,13.49,13.78,14.03,14.27,14.51,14.76,15.03,15.30,15.55,15.76,15.95,16.13,16.30,16.49,16.69,16.91,17.11,17.27,17.42,17.56,17.71,17.86,18.02,18.20,18.36,18.50,18.62,18.75,18.87,18.99,19.13,19.29,19.43,19.54,19.65,19.76,19.86,19.97,20.09,20.24,20.36,20.46,20.55,20.64,20.74,20.83,20.94,21.08","3.51e-02,2.56e-02,1.50e-06,1.11e-06","0,0,0,0","7.54e-02; 1.51e-01; 2.07e-01,1.90e-02; 2.28e-01,7.39e-02; 2.54e-01,1.23e-01; 2.84e-01,1.68e-01; 3.12e-01,2.16e-01; 3.41e-01,2.62e-01; 3.74e-01,3.05e-01; 4.14e-01,3.40e-01; 4.56e-01,3.73e-01; 4.98e-01,4.07e-01; 5.38e-01,4.43e-01; 5.74e-01,4.82e-01; 6.08e-01,5.23e-01; 6.46e-01,5.61e-01; 6.43e-01,5.71e-01,6.78e-02; 6.78e-01,6.05e-01,7.46e-02; 7.51e-01,6.57e-01,2.48e-02; 7.83e-01,6.78e-01,4.67e-02; 8.20e-01,7.08e-01,5.50e-02; 8.18e-01,7.22e-01,1.19e-01; 8.48e-01,7.55e-01,1.32e-01; 9.14e-01,8.05e-01,9.13e-02; 9.39e-01,8.32e-01,1.14e-01; 9.78e-01,8.69e-01,1.14e-01; 1.01e+00,8.95e-01,1.30e-01; 1.04e+00,9.16e-01,1.54e-01; 1.08e+00,9.45e-01,1.66e-01; 1.11e+00,9.82e-01,1.67e-01; 1.14e+00,1.02e+00,1.78e-01; 1.16e+00,1.04e+00,2.13e-01; 1.19e+00,1.06e+00,2.34e-01; 1.23e+00,1.10e+00,2.37e-01; 1.26e+00,1.13e+00,2.55e-01; 1.29e+00,1.15e+00,2.80e-01; 1.32e+00,1.17e+00,2.95e-01; 1.36e+00,1.21e+00,2.98e-01; 1.34e+00,1.21e+00,3.95e-01; 1.37e+00,1.24e+00,4.09e-01; 1.40e+00,1.27e+00,4.20e-01; 1.43e+00,1.30e+00,4.29e-01; 1.47e+00,1.33e+00,4.43e-01; 1.50e+00,1.36e+00,4.59e-01; 1.54e+00,1.39e+00,4.72e-01; 1.61e+00,1.44e+00,4.16e-01; 1.64e+00,1.47e+00,4.35e-01; 1.65e+00,1.49e+00,4.80e-01; 1.68e+00,1.52e+00,5.02e-01; 1.71e+00,1.55e+00,5.14e-01; 1.74e+00,1.57e+00,5.35e-01; 1.77e+00,1.59e+00,5.62e-01; 1.80e+00,1.62e+00,5.80e-01; 1.83e+00,1.65e+00,5.91e-01; 1.86e+00,1.68e+00,6.09e-01; 1.87e+00,1.70e+00,6.54e-01; 1.90e+00,1.73e+00,6.74e-01; 1.93e+00,1.76e+00,6.87e-01; 1.96e+00,1.78e+00,7.08e-01; 1.99e+00,1.80e+00,7.34e-01; 2.02e+00,1.83e+00,7.52e-01; 2.05e+00,1.86e+00,7.65e-01; 2.07e+00,1.89e+00,7.85e-01; 2.09e+00,1.91e+00,8.32e-01","32,32,32,32,32,32,32,32,32,32,32,32,32,32,32,32,32,32,32,32,32,32,32,32,32,32,32,32,32,32,32,32,32,32,32,32,32,32,32,32,32,32,32,32,32,32,32,32,32,32,32,32,32,32,32,32,32,32,32,32,32,32,32,32"
1214,10.68,10.49,"2.68,4.25,5.23,6.11,6.93,7.65,8.27,8.79,9.32,9.79,10.18,10.54,10.92,11.30,11.65,11.96,12.28,12.57,12.82,13.06,13.30,13.55,13.80,14.04,14.27,14.48,14.67,14.85,15.03,15.21,15.41,15.60,15.78,15.94,16.09,16.24,16.38,16.53,16.68,16.85,17.00,17.13,17.25,17.37,17.49,17.61,17.75,17.89,18.01,18.12,18.23,18.33,18.44,18.54,18.66,18.78,18.89,18.99,19.08,19.17,19.26,19.35,19.46,19.56","3.40e-02,2.39e-02,1.78e-06,7.73e-07","1,1,1,1","7.19e-02; 1.44e-01; 1.96e-01,1.99e-02; 2.20e-01,6.75e-02; 2.43e-01,1.16e-01; 2.67e-01,1.64e-01; 2.91e-01,2.12e-01; 3.18e-01,2.57e-01; 3.50e-01,2.97e-01; 3.91e-01,3.28e-01; 4.34e-01,3.56e-01; 4.75e-01,3.87e-01; 5.11e-01,4.23e-01; 5.43e-01,4.63e-01; 5.74e-01,5.04e-01; 6.04e-01,5.35e-01,1.13e-02; 6.06e-01,5.47e-01,6.93e-02; 6.40e-01,5.80e-01,7.37e-02; 6.74e-01,6.04e-01,8.77e-02; 7.05e-01,6.24e-01,1.08e-01; 7.36e-01,6.52e-01,1.21e-01; 7.68e-01,6.88e-01,1.25e-01; 8.35e-01,7.48e-01,6.98e-02; 8.12e-01,7.38e-01,1.75e-01; 8.37e-01,7.66e-01,1.93e-01; 9.10e-01,8.26e-01,1.33e-01; 9.46e-01,8.53e-01,1.41e-01; 9.79e-01,8.75e-01,1.58e-01; 1.01e+00,9.05e-01,1.66e-01; 1.05e+00,9.44e-01,1.61e-01; 1.08e+00,9.77e-01,1.71e-01; 1.09e+00,9.91e-01,2.17e-01; 1.12e+00,1.02e+00,2.32e-01; 1.16e+00,1.06e+00,2.32e-01; 1.19e+00,1.08e+00,2.41e-01; 1.22e+00,1.10e+00,2.58e-01; 1.26e+00,1.13e+00,2.66e-01; 1.30e+00,1.17e+00,2.63e-01; 1.32e+00,1.20e+00,2.79e-01; 1.30e+00,1.19e+00,3.87e-01; 1.33e+00,1.22e+00,3.97e-01; 1.36e+00,1.26e+00,4.03e-01; 1.40e+00,1.28e+00,4.11e-01; 1.43e+00,1.31e+00,4.22e-01; 1.47e+00,1.34e+00,4.31e-01; 1.50e+00,1.37e+00,4.36e-01; 1.57e+00,1.43e+00,3.75e-01; 1.58e+00,1.44e+00,4.27e-01; 1.60e+00,1.47e+00,4.44e-01; 1.64e+00,1.51e+00,4.49e-01; 1.67e+00,1.53e+00,4.64e-01; 1.70e+00,1.55e+00,4.85e-01; 1.73e+00,1.58e+00,4.98e-01; 1.76e+00,1.61e+00,5.03e-01; 1.79e+00,1.64e+00,5.21e-01; 1.80e+00,1.66e+00,5.66e-01; 1.83e+00,1.69e+00,5.80e-01; 1.86e+00,1.72e+00,5.88e-01; 1.89e+00,1.74e+00,6.02e-01; 1.92e+00,1.77e+00,6.23e-01; 1.96e+00,1.79e+00,6.35e-01; 1.99e+00,1.83e+00,6.42e-01; 2.01e+00,1.86e+00,6.61e-01; 2.03e+00,1.87e+00,7.01e-01","33,33,33,33,33,33,33,33,33,33,33,33,33,33,33,33,33,33,33,33,33,33,33,33,33,33,33,33,33,33,33,33,33,33,33,33,33,33,33,33,33,33,33,33,33,33,33,33,33,33,33,33,33,33,33,33,33,33,33,33,33,33,33,33"
1215,3.49,2.95,"0.08,0.27,0.49,0.71,0.90,1.08,1.23,1.37,1.50,1.67,1.86,2.04,2.21,2.37,2.51,2.64,2.75,2.88,3.02,3.15,3.27,3.38,3.49,3.60,3.69,3.79,3.90,4.01,4.11,4.20,4.28,4.36,4.44,4.53,4.62,4.71,4.79,4.87,4.94,5.00,5.07,5.15,5.23,5.31,5.38,5.45,5.51,5.57,5.63,5.70,5.77,5.83,5.90,5.96,6.02,6.07,6.12,6.18,6.24,6.30,6.36,6.42,6.46,6.51","7.40e-04,4.62e-08,2.09e-08,1.21e-08","1,1,1,1","9.18e-04; 1.84e-03; 2.75e-03; 3.67e-03; 4.59e-03; 5.51e-03; 6.42e-03; 7.34e-03; 7.85e-03,4.08e-04; 7.85e-03,1.33e-03; 8.46e-03,1.64e-03; 9.33e-03,1.68e-03; 1.01e-02,1.80e-03; 1.07e-02,2.12e-03; 1.11e-02,2.69e-03; 1.15e-02,3.19e-03; 1.20e-02,3.57e-03; 1.23e-02,4.24e-03; 1.25e-02,4.93e-03; 1.29e-02,5.44e-03; 1.35e-02,5.77e-03; 1.42e-02,6.03e-03; 1.48e-02,6.27e-03; 1.55e-02,6.53e-03; 1.61e-02,6.80e-03; 1.67e-02,7.20e-03; 1.70e-02,7.74e-03; 1.74e-02,8.30e-03; 1.78e-02,8.81e-03; 1.83e-02,9.24e-03; 1.89e-02,9.59e-03; 1.95e-02,9.87e-03; 2.01e-02,1.02e-02; 2.07e-02,1.06e-02; 2.12e-02,1.09e-02; 2.17e-02,1.14e-02; 2.21e-02,1.18e-02; 2.26e-02,1.23e-02; 2.31e-02,1.27e-02; 2.36e-02,1.31e-02; 2.41e-02,1.36e-02; 2.45e-02,1.40e-02; 2.50e-02,1.44e-02; 2.56e-02,1.48e-02; 2.61e-02,1.52e-02; 2.66e-02,1.56e-02; 2.72e-02,1.60e-02; 2.77e-02,1.64e-02; 2.81e-02,1.68e-02; 2.85e-02,1.74e-02; 2.89e-02,1.79e-02; 2.94e-02,1.84e-02; 2.99e-02,1.88e-02; 3.04e-02,1.91e-02; 3.10e-02,1.95e-02; 3.16e-02,1.98e-02; 3.21e-02,2.02e-02; 3.25e-02,2.07e-02; 3.29e-02,2.13e-02; 3.33e-02,2.18e-02; 3.37e-02,2.23e-02; 3.42e-02,2.27e-02; 3.47e-02,2.31e-02; 3.53e-02,2.34e-02","25,25,25,25,25,25,25,25,25,25,25,25,25,25,25,25,25,25,25,25,25,25,25,25,25,25,25,25,25,25,25,25,25,25,25,25,25,25,25,25,25,25,25,25,25,25,25,25,25,25,25,25,25,25,25,25,25,25,25,25,25,25,25,25"
1216,2.49,2.49,"0.05,0.16,0.33,0.50,0.68,0.85,1.00,1.15,1.30,1.47,1.65,1.81,1.96,2.10,2.22,2.32,2.44,2.56,2.69,2.81,2.92,3.03,3.12,3.20,3.29,3.39,3.49,3.58,3.67,3.76,3.84,3.91,3.99,4.07,4.16,4.24,4.31,4.39,4.46,4.52,4.59,4.67,4.74,4.80,4.87,4.93,5.00,5.06,5.12,5.18,5.25,5.30,5.36,5.42,5.48,5.53,5.59,5.65,5.70,5.75,5.81,5.86,5.91,5.96","3.84e-04,2.28e-08,1.05e-08,7.42e-09","0,0,0,0","4.77e-04; 9.54e-04; 1.43e-03; 1.91e-03; 2.39e-03; 2.86e-03; 3.34e-03; 3.82e-03; 4.29e-03; 4.77e-03; 5.25e-03; 5.73e-03; 6.20e-03; 6.68e-03; 7.16e-03; 7.63e-03; 8.11e-03; 8.59e-03; 9.06e-03; 9.54e-03; 1.00e-02; 1.05e-02; 1.10e-02; 1.13e-02,1.96e-04; 1.15e-02,4.35e-04; 1.19e-02,5.45e-04; 1.23e-02,5.67e-04; 1.23e-02,1.04e-03; 1.27e-02,1.16e-03; 1.29e-02,1.38e-03; 1.31e-02,1.69e-03; 1.32e-02,2.02e-03; 1.34e-02,2.30e-03; 1.37e-02,2.48e-03; 1.41e-02,2.57e-03; 1.45e-02,2.66e-03; 1.49e-02,2.79e-03; 1.51e-02,2.99e-03; 1.54e-02,3.25e-03; 1.56e-02,3.53e-03; 1.58e-02,3.78e-03; 1.61e-02,3.95e-03; 1.65e-02,4.06e-03; 1.68e-02,4.17e-03; 1.72e-02,4.30e-03; 1.74e-02,4.50e-03; 1.77e-02,4.75e-03; 1.79e-02,5.03e-03; 1.81e-02,5.27e-03; 1.84e-02,5.44e-03; 1.88e-02,5.55e-03; 1.91e-02,5.68e-03; 1.95e-02,5.83e-03; 1.97e-02,6.03e-03; 2.00e-02,6.28e-03; 2.02e-02,6.56e-03; 2.04e-02,6.79e-03; 2.07e-02,6.97e-03; 2.11e-02,7.09e-03; 2.14e-02,7.21e-03; 2.17e-02,7.37e-03; 2.20e-02,7.58e-03; 2.22e-02,7.83e-03; 2.24e-02,8.12e-03","40,40,40,40,40,40,40,40,40,40,40,40,40,40,40,40,40,40,40,40,40,40,40,40,40,40,40,40,40,40,40,40,40,40,40,40,40,40,40,40,40,40,40,40,40,25,40,40,40,40,40,25,40,25,40,25,40,40,40,40,40,25,40,40"
1217,0.00,0.00,"0.00,0.00,0.00,0.00,0.00,0.00,0.00,0.00,0.00,0.00,0.00,0.00,0.00,0.00,0.00,0.00,0.00,0.00,0.00,0.00,0.00,0.00,0.00,0.00,0.00,0.00,0.00,0.00,0.00,0.00,0.00,0.00,0.00,0.00,0.00,0.00,0.00,0.00,0.00,0.00,0.00,0.00,0.00,0.00,0.00,0.00,0.00,0.00,0.00,0.00,0.00,0.00,0.00,0.00,0.00,0.00,0.00,0.00,0.00,0.00,0.00,0.00,0.00,0.00","0.00e+00,0.00e+00,0.00e+00,0.00e+00","0,0,0,0",; ; ; ; ; ; ; ; ; ; ; ; ; ; ; ; ; ; ; ; ; ; ; ; ; ; ; ; ; ; ; ; ; ; ; ; ; ; ; ; ; ; ; ; ; ; ; ; ; ; ; ; ; ; ; ; ; ; ; ; ; ; ; ,"0,0,0,0,0,0,0,0,0,0,0,0,0,0,0,0,0,0,0,0,0,0,0,0,0,0,0,0,0,0,0,0,0,0,0,0,0,0,0,0,0,0,0,0,0,0,0,0,0,0,0,0,0,0,0,0,0,0,0,0,0,0,0,0"
1218,3.37,3.32,"0.08,0.29,0.54,0.80,1.05,1.28,1.49,1.69,1.88,2.09,2.28,2.47,2.64,2.80,2.94,3.07,3.20,3.34,3.47,3.60,3.72,3.84,3.94,4.04,4.14,4.25,4.35,4.45,4.55,4.65,4.74,4.82,4.91,5.00,5.08,5.16,5.25,5.33,5.41,5.48,5.55,5.63,5.70,5.78,5.85,5.92,5.99,6.05,6.12,6.19,6.25,6.31,6.38,6.44,6.50,6.56,6.62,6.68,6.74,6.80,6.85,6.91,6.97,7.02","6.20e-04,2.23e-04,3.31e-08,1.71e-08","0,0,0,0","1.05e-03; 2.09e-03; 3.14e-03; 4.19e-03; 5.23e-03; 6.28e-03; 7.33e-03; 8.37e-03; 9.42e-03; 1.05e-02; 1.15e-02; 1.26e-02; 1.36e-02; 1.47e-02; 1.57e-02; 1.67e-02; 1.78e-02; 1.88e-02; 1.99e-02; 2.09e-02; 2.20e-02; 2.30e-02,6.40e-05; 2.38e-02,2.98e-04; 2.33e-02,1.86e-03; 2.37e-02,2.46e-03; 2.43e-02,2.94e-03; 2.63e-02,1.91e-03; 2.72e-02,2.06e-03; 2.80e-02,2.30e-03; 2.87e-02,2.72e-03; 2.92e-02,3.28e-03; 2.97e-02,3.81e-03; 3.02e-02,4.34e-03; 3.08e-02,4.75e-03; 3.16e-02,5.00e-03; 3.25e-02,5.22e-03; 3.32e-02,5.53e-03; 3.38e-02,5.98e-03; 3.43e-02,6.55e-03; 3.47e-02,7.11e-03; 3.53e-02,7.63e-03; 3.59e-02,8.04e-03; 3.66e-02,8.37e-03; 3.74e-02,8.63e-03; 3.81e-02,8.98e-03; 3.87e-02,9.47e-03; 3.92e-02,1.00e-02; 3.85e-02,1.17e-02; 3.91e-02,1.22e-02; 3.97e-02,1.26e-02; 4.04e-02,1.29e-02; 4.11e-02,1.33e-02; 4.18e-02,1.36e-02; 4.24e-02,1.41e-02; 4.29e-02,1.46e-02; 4.35e-02,1.51e-02; 4.41e-02,1.56e-02; 4.47e-02,1.60e-02; 4.54e-02,1.64e-02; 4.61e-02,1.67e-02; 4.67e-02,1.71e-02; 4.73e-02,1.76e-02; 4.78e-02,1.81e-02; 4.83e-02,1.86e-02","40,40,40,40,40,40,40,40,40,40,40,40,40,40,40,40,40,40,40,40,40,40,40,40,40,40,40,40,40,40,40,40,40,40,40,40,40,40,40,40,40,40,40,40,40,40,40,40,40,40,40,40,40,40,40,40,40,40,40,40,40,40,40,40"
1219,2.67,2.38,"0.04,0.15,0.31,0.48,0.65,0.82,0.98,1.13,1.28,1.44,1.60,1.77,1.92,2.06,2.18,2.29,2.40,2.51,2.63,2.76,2.87,2.98,3.07,3.16,3.25,3.34,3.43,3.53,3.62,3.71,3.80,3.87,3.95,4.03,4.12,4.21,4.29,4.39,4.47,4.54,4.60,4.69,4.77,4.85,4.93,5.02,5.11,5.16,5.22,5.30,5.39,5.46,5.54,5.62,5.70,5.75,5.80,5.88,5.96,6.03,6.10,6.18,6.25,6.29","4.69e-04,2.56e-08,1.56e-08,7.96e-09","1,1,1,1","5.83e-04; 1.17e-03; 1.75e-03; 2.33e-03; 2.91e-03; 3.50e-03; 4.08e-03; 4.66e-03; 5.24e-03; 5.83e-03; 6.41e-03; 6.99e-03; 7.57e-03; 8.16e-03; 8.74e-03; 9.32e-03; 9.91e-03; 1.05e-02; 1.11e-02; 1.17e-02; 1.22e-02; 1.28e-02; 1.33e-02,1.24e-04; 1.34e-02,5.84e-04; 1.35e-02,1.05e-03; 1.40e-02,1.18e-03; 1.44e-02,1.29e-03; 1.47e-02,1.66e-03; 1.51e-02,1.84e-03; 1.51e-02,2.29e-03,8.53e-05; 1.52e-02,1.70e-03,1.17e-03; 1.54e-02,1.92e-03,1.37e-03; 1.56e-02,2.54e-03,1.06e-03; 1.55e-02,3.20e-03,1.13e-03; 1.56e-02,3.11e-03,1.73e-03; 1.58e-02,3.00e-03,2.18e-03; 1.60e-02,2.87e-03,2.70e-03; 1.60e-02,3.13e-03,2.99e-03; 1.60e-02,3.72e-03,3.00e-03; 1.63e-02,3.55e-03,3.46e-03; 1.65e-02,3.95e-03,3.40e-03; 1.65e-02,4.08e-03,3.86e-03; 1.67e-02,4.55e-03,3.86e-03; 1.69e-02,4.92e-03,3.81e-03; 1.71e-02,5.34e-03,3.75e-03; 1.72e-02,5.69e-03,3.91e-03; 1.72e-02,6.18e-03,3.97e-03; 1.75e-02,6.23e-03,4.26e-03; 1.77e-02,6.29e-03,4.58e-03; 1.78e-02,6.79e-03,4.57e-03; 1.79e-02,7.17e-03,4.62e-03; 1.82e-02,7.51e-03,4.61e-03; 1.84e-02,7.87e-03,4.60e-03; 1.85e-02,8.20e-03,4.75e-03; 1.86e-02,8.58e-03,4.87e-03; 1.88e-02,8.66e-03,5.14e-03; 1.90e-02,8.79e-03,5.42e-03; 1.91e-02,9.21e-03,5.45e-03; 1.93e-02,9.56e-03,5.50e-03; 1.96e-02,9.89e-03,5.50e-03; 1.98e-02,1.02e-02,5.55e-03; 1.99e-02,1.05e-02,5.70e-03; 2.00e-02,1.08e-02,5.85e-03; 2.02e-02,1.09e-02,6.12e-03","41,41,41,41,41,41,41,41,41,41,41,41,41,41,41,41,41,41,41,41,41,41,41,41,41,41,41,41,41,41,41,41,41,41,41,41,41,41,41,41,41,41,41,41,41,41,41,25,41,41,41,41,41,41,41,25,41,41,41,41,41,41,41,41"
1220,0.49,0.32,"0.01,0.02,0.04,0.07,0.11,0.14,0.17,0.20,0.25,0.30,0.37,0.43,0.49,0.54,0.58,0.62,0.68,0.74,0.81,0.87,0.93,0.98,1.03,1.07,1.12,1.18,1.24,1.30,1.36,1.41,1.45,1.48,1.53,1.58,1.64,1.69,1.74,1.79,1.83,1.86,1.90,1.95,2.00,2.05,2.09,2.13,2.17,2.20,2.24,2.28,2.32,2.37,2.41,2.45,2.48,2.50,2.54,2.58,2.62,2.66,2.70,2.73,2.76,2.79","2.66e-05,1.19e-09,8.68e-10,5.45e-10","1,1,1,1","3.30e-05; 6.61e-05; 9.91e-05; 1.32e-04; 1.65e-04; 1.98e-04; 2.31e-04; 2.64e-04; 2.97e-04; 3.30e-04; 3.63e-04; 3.97e-04; 4.30e-04; 4.63e-04; 4.96e-04; 5.29e-04; 5.62e-04; 5.95e-04; 6.28e-04; 6.61e-04; 6.94e-04; 7.27e-04; 7.60e-04; 7.93e-04; 8.26e-04; 8.59e-04; 8.92e-04; 9.25e-04; 9.58e-04; 9.91e-04; 1.02e-03; 1.06e-03; 1.09e-03; 1.12e-03; 1.16e-03; 1.19e-03; 1.22e-03; 1.26e-03; 1.29e-03; 1.32e-03; 1.35e-03; 1.39e-03; 1.42e-03; 1.45e-03; 1.49e-03; 1.52e-03; 1.55e-03; 1.59e-03; 1.62e-03; 1.65e-03; 1.69e-03; 1.72e-03; 1.75e-03; 1.78e-03; 1.82e-03; 1.82e-03,3.20e-05; 1.83e-03,5.36e-05; 1.85e-03,6.53e-05; 1.88e-03,6.57e-05; 1.92e-03,6.23e-05; 1.95e-03,6.55e-05; 1.97e-03,8.01e-05; 1.98e-03,1.06e-04; 1.98e-03,1.38e-04","33,33,33,33,33,33,33,33,33,33,33,33,33,33,33,33,33,33,33,33,33,33,33,33,33,33,33,33,33,33,33,33,33,33,33,33,33,33,33,33,33,33,33,33,33,33,33,33,33,33,33,33,33,33,33,33,33,33,33,33,33,33,33,33"
1221,0.00,0.00,"0.00,0.00,0.00,0.00,0.00,0.00,0.00,0.00,0.00,0.00,0.00,0.00,0.00,0.00,0.00,0.00,0.00,0.00,0.00,0.00,0.00,0.00,0.00,0.00,0.00,0.00,0.00,0.00,0.00,0.00,0.00,0.00,0.00,0.00,0.00,0.00,0.00,0.00,0.00,0.00,0.00,0.00,0.00,0.00,0.00,0.00,0.00,0.00,0.00,0.00,0.00,0.00,0.00,0.00,0.00,0.00,0.00,0.00,0.00,0.00,0.00,0.00,0.00,0.00","0.00e+00,0.00e+00,0.00e+00,0.00e+00","0,0,0,0",; ; ; ; ; ; ; ; ; ; ; ; ; ; ; ; ; ; ; ; ; ; ; ; ; ; ; ; ; ; ; ; ; ; ; ; ; ; ; ; ; ; ; ; ; ; ; ; ; ; ; ; ; ; ; ; ; ; ; ; ; ; ; ,"0,0,0,0,0,0,0,0,0,0,0,0,0,0,0,0,0,0,0,0,0,0,0,0,0,0,0,0,0,0,0,0,0,0,0,0,0,0,0,0,0,0,0,0,0,0,0,0,0,0,0,0,0,0,0,0,0,0,0,0,0,0,0,0"
1222,0.01,0.00,"0.00,0.00,0.00,0.00,0.00,0.00,0.00,0.00,0.00,0.01,0.01,0.01,0.01,0.01,0.01,0.01,0.01,0.02,0.02,0.02,0.02,0.02,0.03,0.03,0.03,0.03,0.04,0.04,0.04,0.05,0.05,0.05,0.05,0.06,0.06,0.06,0.07,0.07,0.07,0.08,0.08,0.08,0.09,0.09,0.10,0.10,0.10,0.11,0.11,0.12,0.12,0.12,0.13,0.13,0.14,0.14,0.15,0.15,0.16,0.16,0.17,0.17,0.18,0.18","2.42e-07,1.20e-11,7.88e-12,5.54e-12","4,4,4,4",; ; ; 1.20e-06; 1.50e-06; 1.80e-06; 2.10e-06; 2.40e-06; 2.70e-06; 3.00e-06; 3.30e-06; 3.60e-06; 3.90e-06; 4.20e-06; 4.50e-06; 4.80e-06; 5.10e-06; 5.40e-06; 5.71e-06; 6.01e-06; 6.31e-06; 6.61e-06; 6.91e-06; 7.21e-06; 7.51e-06; 7.81e-06; 8.11e-06; 8.41e-06; 8.71e-06; 9.01e-06; 9.31e-06; 9.61e-06; 9.91e-06; 1.02e-05; 1.05e-05; 1.08e-05; 1.11e-05; 1.14e-05; 1.17e-05; 1.20e-05; 1.23e-05; 1.26e-05; 1.29e-05; 1.32e-05; 1.35e-05; 1.38e-05; 1.41e-05; 1.44e-05; 1.47e-05; 1.50e-05; 1.53e-05; 1.56e-05; 1.59e-05; 1.62e-05; 1.65e-05; 1.68e-05; 1.71e-05; 1.74e-05; 1.77e-05; 1.80e-05; 1.83e-05; 1.86e-05; 1.89e-05; 1.92e-05,"9,9,9,9,9,9,9,9,9,9,9,9,9,9,9,9,9,9,9,9,9,9,9,9,9,9,9,9,9,9,9,9,9,9,9,9,9,9,9,9,9,9,9,9,9,9,9,9,9,9,9,9,9,9,9,9,9,9,9,9,9,9,9,9"
1223,0.26,0.13,"0.00,0.01,0.02,0.03,0.04,0.06,0.07,0.09,0.11,0.13,0.16,0.19,0.22,0.25,0.28,0.30,0.33,0.36,0.40,0.44,0.48,0.51,0.54,0.58,0.60,0.64,0.68,0.72,0.76,0.79,0.83,0.86,0.88,0.92,0.96,0.99,1.03,1.07,1.10,1.13,1.16,1.19,1.22,1.26,1.30,1.33,1.37,1.40,1.42,1.45,1.49,1.52,1.56,1.59,1.62,1.65,1.67,1.70,1.74,1.77,1.80,1.83,1.86,1.89","1.33e-05,8.14e-10,2.71e-10,1.72e-10","3,3,3,3","1.65e-05; 3.30e-05; 4.96e-05; 6.61e-05; 8.26e-05; 9.91e-05; 1.16e-04; 1.32e-04; 1.49e-04; 1.65e-04; 1.82e-04; 1.98e-04; 2.15e-04; 2.31e-04; 2.48e-04; 2.64e-04; 2.81e-04; 2.97e-04; 3.14e-04; 3.30e-04; 3.47e-04; 3.63e-04; 3.80e-04; 3.97e-04; 4.13e-04; 4.30e-04; 4.46e-04; 4.63e-04; 4.79e-04; 4.96e-04; 5.12e-04; 5.29e-04; 5.45e-04; 5.62e-04; 5.78e-04; 5.95e-04; 6.11e-04; 6.28e-04; 6.44e-04; 6.46e-04,1.46e-05; 6.56e-04,2.11e-05; 6.63e-04,3.14e-05; 6.72e-04,3.85e-05; 6.86e-04,4.10e-05; 7.01e-04,4.29e-05; 7.08e-04,5.22e-05; 7.08e-04,6.86e-05; 7.07e-04,8.56e-05; 7.18e-04,9.17e-05; 7.26e-04,1.01e-04; 7.35e-04,1.08e-04; 7.49e-04,1.11e-04; 7.63e-04,1.13e-04; 7.73e-04,1.20e-04; 7.75e-04,1.34e-04; 7.76e-04,1.49e-04; 7.86e-04,1.55e-04; 7.95e-04,1.64e-04; 8.04e-04,1.71e-04; 8.18e-04,1.73e-04; 8.33e-04,1.75e-04; 8.43e-04,1.82e-04; 8.46e-04,1.94e-04; 8.49e-04,2.08e-04","24,24,24,24,24,24,24,24,24,24,24,24,24,24,24,24,24,24,24,24,24,24,24,24,24,24,24,24,24,24,24,24,24,24,24,24,24,24,24,24,24,24,24,24,24,24,24,24,24,24,24,24,24,24,24,24,24,24,24,24,24,24,24,24"
1224,0.44,0.24,"0.00,0.01,0.03,0.05,0.08,0.11,0.14,0.17,0.20,0.25,0.29,0.34,0.39,0.44,0.48,0.53,0.57,0.62,0.67,0.73,0.78,0.83,0.88,0.92,0.97,1.01,1.07,1.12,1.17,1.22,1.26,1.30,1.34,1.39,1.43,1.48,1.53,1.57,1.61,1.65,1.69,1.72,1.77,1.81,1.85,1.89,1.93,1.97,2.00,2.03,2.07,2.11,2.15,2.19,2.22,2.25,2.28,2.31,2.35,2.38,2.42,2.45,2.49,2.52","2.40e-05,1.91e-09,8.38e-10,4.88e-10","8,8,8,8",2.98e-05; 5.95e-05; 8.93e-05; 1.19e-04; 1.49e-04; 1.79e-04; 2.08e-04; 2.38e-04; 2.68e-04; 2.98e-04; 3.27e-04; 3.57e-04; 3.87e-04; 4.17e-04; 4.46e-04; 4.76e-04; 5.06e-04; 5.36e-04; 5.65e-04; 5.95e-04; 6.25e-04; 6.55e-04; 6.84e-04; 7.14e-04; 7.44e-04; 7.74e-04; 8.04e-04; 8.33e-04; 8.63e-04; 8.93e-04; 9.23e-04; 9.52e-04; 9.82e-04; 1.01e-03; 1.04e-03; 1.07e-03; 1.10e-03; 1.13e-03; 1.16e-03; 1.19e-03; 1.22e-03; 1.25e-03; 1.28e-03; 1.31e-03; 1.34e-03; 1.37e-03; 1.40e-03; 1.43e-03; 1.46e-03; 1.49e-03; 1.52e-03; 1.55e-03; 1.58e-03; 1.61e-03; 1.64e-03; 1.67e-03; 1.70e-03; 1.73e-03; 1.76e-03; 1.79e-03; 1.82e-03; 1.85e-03; 1.87e-03; 1.90e-03,"9,9,9,9,9,9,9,9,9,9,9,9,9,9,9,9,9,9,9,9,9,9,9,9,9,9,9,9,9,9,9,9,9,9,9,9,9,9,9,9,9,9,9,9,9,9,9,9,9,9,9,9,9,9,9,9,9,9,9,9,9,9,9,9"
1225,0.01,0.01,"0.00,0.00,0.00,0.00,0.00,0.00,0.00,0.00,0.01,0.01,0.01,0.01,0.01,0.01,0.01,0.02,0.02,0.02,0.02,0.02,0.03,0.03,0.03,0.03,0.04,0.04,0.04,0.05,0.05,0.05,0.06,0.06,0.06,0.06,0.07,0.07,0.08,0.08,0.08,0.09,0.09,0.10,0.10,0.11,0.11,0.12,0.12,0.12,0.13,0.13,0.14,0.14,0.15,0.15,0.16,0.16,0.17,0.17,0.18,0.19,0.19,0.20,0.20,0.21","8.50e-07,4.86e-11,2.23e-11,1.28e-11","5,5,5,5",1.05e-06; 2.11e-06; 3.16e-06; 4.22e-06; 5.27e-06; 6.33e-06; 7.38e-06; 8.44e-06; 9.49e-06; 1.05e-05; 1.16e-05; 1.27e-05; 1.37e-05; 1.48e-05; 1.58e-05; 1.69e-05; 1.79e-05; 1.90e-05; 2.00e-05; 2.11e-05; 2.22e-05; 2.32e-05; 2.43e-05; 2.53e-05; 2.64e-05; 2.74e-05; 2.85e-05; 2.95e-05; 3.06e-05; 3.16e-05; 3.27e-05; 3.38e-05; 3.48e-05; 3.59e-05; 3.69e-05; 3.80e-05; 3.90e-05; 4.01e-05; 4.11e-05; 4.22e-05; 4.33e-05; 4.43e-05; 4.54e-05; 4.64e-05; 4.75e-05; 4.85e-05; 4.96e-05; 5.06e-05; 5.17e-05; 5.27e-05; 5.38e-05; 5.49e-05; 5.59e-05; 5.70e-05; 5.80e-05; 5.91e-05; 6.01e-05; 6.12e-05; 6.22e-05; 6.33e-05; 6.44e-05; 6.54e-05; 6.65e-05; 6.75e-05,"16,16,16,16,16,16,16,16,16,16,16,16,16,16,16,16,16,16,16,16,16,16,16,16,16,16,16,16,16,16,16,16,16,16,16,16,16,16,16,16,16,16,16,16,16,16,16,16,16,16,16,16,16,16,16,16,16,16,16,16,16,16,16,16"
