ue,C_AE,C_UE,C_BS_hist,lambda_UE,ue_beams,lambda_BS_per_layer,bs_beams
651,58.20,46.36,"17.70,24.20,28.22,31.08,34.13,36.74,38.86,40.88,42.75,43.01,43.62,44.36,44.81,44.80,46.00,46.00,46.63,48.42,48.17,49.28,47.28,48.30,48.65,48.71,50.21,50.24,51.05,50.88,51.81,52.68,55.20,54.71,57.96,57.23,59.07,59.18,63.35,62.04,64.68,67.17,71.24,71.47,72.17,76.34,78.05,81.18,82.21,87.12,89.50,95.03,99.73,102.13,104.92,108.17,111.13,114.89,118.09,123.21,126.98,129.12,132.84,137.58,140.49,144.42","7.00e+02,6.99e+02,6.97e+02,6.91e+02","11,11,3,11","4.69e+03; 4.76e+03,4.62e+03; 7.05e+03,7.02e+03; 8.08e+03,8.07e+03,2.61e+03; 8.47e+03,8.47e+03,6.51e+03; 9.71e+03,9.71e+03,8.72e+03; 1.11e+04,1.11e+04,1.06e+04; 1.26e+04,1.26e+04,1.23e+04; 1.41e+04,1.41e+04,1.39e+04; 1.57e+04,1.57e+04,1.55e+04; 1.69e+04,1.69e+04,1.67e+04,1.10e+03; 1.88e+04,1.88e+04,1.86e+04; 2.04e+04,2.04e+04,2.02e+04; 1.98e+04,1.98e+04,1.96e+04,6.31e+03; 2.19e+04,2.19e+04,2.17e+04,4.82e+03; 2.24e+04,2.24e+04,2.22e+04,8.14e+03; 2.58e+04,2.58e+04,2.57e+04,2.35e+03; 2.53e+04,2.53e+04,2.52e+04,8.63e+03; 2.51e+04,2.51e+04,2.49e+04,1.40e+04; 2.88e+04,2.88e+04,2.86e+04,7.67e+03; 2.61e+04,2.61e+04,2.60e+04,2.03e+04; 2.81e+04,2.81e+04,2.80e+04,1.89e+04; 2.94e+04,2.94e+04,2.93e+04,1.98e+04; 2.99e+04,2.99e+04,2.98e+04,2.30e+04; 3.23e+04,3.23e+04,3.22e+04,2.04e+04; 3.24e+04,3.24e+04,3.23e+04,2.47e+04; 3.45e+04,3.45e+04,3.44e+04,2.33e+04; 3.64e+04,3.64e+04,3.63e+04,2.23e+04; 3.69e+04,3.69e+04,3.67e+04,2.55e+04; 3.69e+04,3.69e+04,3.68e+04,3.00e+04; 3.77e+04,3.77e+04,3.76e+04,3.25e+04; 3.92e+04,3.92e+04,3.91e+04,3.24e+04; 4.10e+04,4.10e+04,4.09e+04,3.20e+04; 4.19e+04,4.19e+04,4.18e+04,3.38e+04; 4.31e+04,4.31e+04,4.30e+04,3.48e+04; 4.45e+04,4.45e+04,4.44e+04,3.54e+04; 4.50e+04,4.50e+04,4.50e+04,3.84e+04; 4.62e+04,4.62e+04,4.62e+04,3.96e+04; 4.73e+04,4.73e+04,4.72e+04,4.11e+04; 4.78e+04,4.78e+04,4.77e+04,4.42e+04; 4.94e+04,4.94e+04,4.93e+04,4.43e+04; 5.02e+04,5.02e+04,5.02e+04,4.63e+04; 5.14e+04,5.14e+04,5.13e+04,4.76e+04; 5.27e+04,5.27e+04,5.26e+04,4.84e+04; 5.46e+04,5.46e+04,5.45e+04,4.73e+04; 5.50e+04,5.50e+04,5.50e+04,5.07e+04; 5.59e+04,5.59e+04,5.58e+04,5.28e+04; 5.67e+04,5.67e+04,5.67e+04,5.51e+04; 5.81e+04,5.81e+04,5.81e+04,5.55e+04; 5.92e+04,5.92e+04,5.92e+04,5.68e+04; 6.03e+04,6.03e+04,6.03e+04,5.82e+04; 6.15e+04,6.15e+04,6.15e+04,5.93e+04; 6.30e+04,6.30e+04,6.29e+04,5.97e+04; 6.40e+04,6.40e+04,6.40e+04,6.13e+04; 6.50e+04,6.50e+04,6.50e+04,6.29e+04; 6.61e+04,6.61e+04,6.61e+04,6.43e+04; 6.73e+04,6.73e+04,6.73e+04,6.53e+04; 6.84e+04,6.84e+04,6.84e+04,6.67e+04; 6.96e+04,6.96e+04,6.96e+04,6.79e+04; 7.08e+04,7.08e+04,7.08e+04,6.90e+04; 7.22e+04,7.21e+04,7.21e+04,6.96e+04; 7.31e+04,7.31e+04,7.31e+04,7.14e+04; 7.42e+04,7.42e+04,7.42e+04,7.27e+04; 7.54e+04,7.54e+04,7.54e+04,7.40e+04","31,31,31,31,31,31,31,31,31,47,31,15,21,21,31,47,31,21,21,21,15,21,31,15,15,31,15,21,15,47,21,47,15,15,21,31,47,15,15,31,31,31,15,31,31,31,15,31,31,31,31,31,15,47,21,31,31,31,31,21,31,21,31,31"
652,55.94,45.39,"17.66,21.82,26.07,29.02,31.03,32.11,34.69,37.27,38.21,39.29,39.47,40.02,40.94,41.00,41.27,41.82,42.68,43.88,44.30,44.07,44.90,45.00,45.54,46.26,46.37,47.09,48.11,44.95,46.88,47.34,49.93,51.38,48.85,50.58,51.09,53.56,54.28,55.32,58.18,57.88,60.59,59.03,63.48,72.02,72.16,73.60,76.60,81.86,77.61,84.08,87.01,86.01,87.66,90.33,98.18,97.61,99.67,99.12,107.47,105.29,119.15,119.66,120.11,119.55","1.12e+03,1.12e+03,1.12e+03,1.11e+03","8,8,6,8","7.47e+03; 8.03e+03,6.90e+03; 1.13e+04,1.11e+04; 1.50e+04,1.49e+04; 1.87e+04,1.86e+04; 1.98e+04,1.98e+04,5.23e+03; 1.89e+04,1.89e+04,1.45e+04; 2.03e+04,2.03e+04,1.92e+04; 2.28e+04,2.28e+04,2.17e+04; 2.40e+04,2.40e+04,2.29e+04,3.74e+03; 2.78e+04,2.77e+04,2.66e+04; 3.02e+04,3.02e+04,2.92e+04; 3.22e+04,3.22e+04,3.12e+04,1.48e+03; 3.52e+04,3.51e+04,3.42e+04; 3.40e+04,3.40e+04,3.31e+04,1.10e+04; 3.31e+04,3.31e+04,3.26e+04,2.08e+04; 4.25e+04,4.25e+04,4.20e+04; 4.13e+04,4.13e+04,4.08e+04,1.09e+04; 3.87e+04,3.87e+04,3.82e+04,2.64e+04; 4.61e+04,4.61e+04,4.56e+04,1.15e+04; 4.48e+04,4.48e+04,4.43e+04,2.29e+04; 4.87e+04,4.87e+04,4.82e+04,1.87e+04; 4.78e+04,4.77e+04,4.73e+04,2.89e+04; 4.86e+04,4.86e+04,4.83e+04,3.36e+04; 4.93e+04,4.93e+04,4.90e+04,3.91e+04; 5.49e+04,5.49e+04,5.46e+04,2.98e+04; 5.46e+04,5.46e+04,5.43e+04,3.80e+04; 5.68e+04,5.68e+04,5.65e+04,3.91e+04; 5.64e+04,5.64e+04,5.62e+04,4.75e+04; 6.04e+04,6.04e+04,6.01e+04,4.32e+04; 6.37e+04,6.37e+04,6.34e+04,4.07e+04; 6.36e+04,6.36e+04,6.34e+04,4.84e+04; 6.57e+04,6.56e+04,6.54e+04,4.97e+04; 6.76e+04,6.76e+04,6.74e+04,5.13e+04; 7.02e+04,7.02e+04,7.00e+04,5.08e+04; 7.15e+04,7.15e+04,7.12e+04,5.47e+04; 7.15e+04,7.15e+04,7.14e+04,6.18e+04; 7.32e+04,7.32e+04,7.31e+04,6.42e+04; 7.64e+04,7.64e+04,7.63e+04,6.20e+04; 7.95e+04,7.95e+04,7.94e+04,6.03e+04; 8.12e+04,8.12e+04,8.11e+04,6.26e+04; 8.37e+04,8.37e+04,8.36e+04,6.26e+04; 8.32e+04,8.32e+04,8.31e+04,7.17e+04; 8.33e+04,8.33e+04,8.32e+04,7.87e+04; 8.76e+04,8.76e+04,8.75e+04,7.34e+04; 8.72e+04,8.72e+04,8.72e+04,8.19e+04; 9.24e+04,9.24e+04,9.24e+04,7.37e+04; 9.07e+04,9.07e+04,9.07e+04,8.63e+04; 9.37e+04,9.37e+04,9.36e+04,8.49e+04; 9.53e+04,9.53e+04,9.53e+04,8.74e+04; 1.00e+05,1.00e+05,1.00e+05,7.98e+04; 1.02e+05,1.02e+05,1.02e+05,8.31e+04; 1.04e+05,1.04e+05,1.04e+05,8.40e+04; 1.03e+05,1.03e+05,1.03e+05,9.48e+04; 1.05e+05,1.05e+05,1.05e+05,9.68e+04; 1.10e+05,1.10e+05,1.09e+05,8.96e+04; 1.08e+05,1.08e+05,1.08e+05,1.01e+05; 1.12e+05,1.12e+05,1.12e+05,9.84e+04; 1.14e+05,1.14e+05,1.14e+05,9.94e+04; 1.14e+05,1.14e+05,1.14e+05,1.05e+05; 1.17e+05,1.17e+05,1.17e+05,1.05e+05; 1.17e+05,1.17e+05,1.17e+05,1.11e+05; 1.21e+05,1.21e+05,1.21e+05,1.07e+05; 1.21e+05,1.21e+05,1.21e+05,1.16e+05","30,30,30,30,30,30,30,30,14,30,14,14,30,62,62,14,30,46,46,46,14,46,62,14,14,14,62,62,46,30,46,62,46,30,30,62,14,30,62,30,30,14,30,14,62,14,30,14,62,14,14,46,46,14,30,62,14,62,14,14,30,14,30,62"
653,48.12,39.07,"15.63,19.13,21.86,24.19,26.43,28.57,30.42,32.35,33.42,34.29,34.86,35.57,36.36,37.14,37.58,38.18,39.03,39.66,40.02,41.21,40.92,41.37,41.12,42.65,42.55,43.89,43.71,44.38,43.44,43.89,44.90,45.06,48.02,45.63,47.51,48.16,48.56,51.45,49.79,52.64,50.33,54.50,55.39,58.51,57.96,63.94,61.22,62.41,65.23,66.00,64.82,68.67,72.32,71.11,74.50,73.62,76.11,81.61,83.53,88.67,85.96,89.62,94.02,95.17","9.02e+02,9.01e+02,8.90e+02,8.81e+02","6,12,6,6","5.22e+03; 5.79e+03,4.66e+03; 8.12e+03,7.55e+03; 8.64e+03,8.16e+03,4.10e+03; 9.68e+03,9.29e+03,7.15e+03; 1.11e+04,1.07e+04,9.56e+03; 1.26e+04,1.24e+04,1.16e+04; 1.42e+04,1.41e+04,1.35e+04; 1.59e+04,1.58e+04,1.54e+04; 1.76e+04,1.75e+04,1.71e+04; 1.94e+04,1.92e+04,1.89e+04; 2.11e+04,2.10e+04,2.06e+04; 2.28e+04,2.27e+04,2.24e+04; 2.46e+04,2.45e+04,2.41e+04; 2.63e+04,2.62e+04,2.59e+04; 2.80e+04,2.79e+04,2.76e+04; 2.97e+04,2.97e+04,2.94e+04; 3.15e+04,3.14e+04,3.11e+04; 3.32e+04,3.32e+04,3.29e+04; 3.50e+04,3.49e+04,3.46e+04; 3.24e+04,3.24e+04,3.21e+04,1.28e+04; 3.84e+04,3.84e+04,3.81e+04; 3.25e+04,3.24e+04,3.22e+04,2.31e+04; 4.19e+04,4.19e+04,4.16e+04; 4.36e+04,4.36e+04,4.34e+04; 4.33e+04,4.33e+04,4.31e+04,6.07e+03; 3.91e+04,3.91e+04,3.89e+04,2.40e+04; 4.66e+04,4.65e+04,4.63e+04,6.86e+03; 3.97e+04,3.96e+04,3.94e+04,3.28e+04; 4.15e+04,4.14e+04,4.13e+04,3.26e+04; 4.84e+04,4.83e+04,4.82e+04,1.71e+04; 4.50e+04,4.50e+04,4.48e+04,3.24e+04; 4.75e+04,4.75e+04,4.73e+04,3.00e+04; 5.16e+04,5.16e+04,5.14e+04,2.30e+04; 5.03e+04,5.03e+04,5.01e+04,3.21e+04; 5.03e+04,5.02e+04,5.01e+04,3.75e+04; 5.94e+04,5.94e+04,5.93e+04,1.52e+04; 6.23e+04,6.23e+04,6.21e+04,1.19e+04; 5.54e+04,5.54e+04,5.52e+04,3.77e+04; 6.15e+04,6.15e+04,6.13e+04,2.47e+04; 5.58e+04,5.57e+04,5.56e+04,4.71e+04; 6.33e+04,6.33e+04,6.31e+04,2.97e+04; 6.10e+04,6.10e+04,6.08e+04,4.19e+04; 6.40e+04,6.40e+04,6.38e+04,3.80e+04; 6.55e+04,6.54e+04,6.53e+04,3.89e+04; 7.38e+04,7.38e+04,7.36e+04,1.92e+04; 6.51e+04,6.51e+04,6.50e+04,5.04e+04; 6.60e+04,6.60e+04,6.59e+04,5.29e+04; 6.71e+04,6.71e+04,6.69e+04,5.49e+04; 6.71e+04,6.71e+04,6.70e+04,6.00e+04; 7.11e+04,7.11e+04,7.10e+04,5.32e+04; 7.34e+04,7.34e+04,7.32e+04,5.17e+04; 8.01e+04,8.01e+04,7.99e+04,3.69e+04; 7.23e+04,7.23e+04,7.21e+04,6.54e+04; 7.76e+04,7.76e+04,7.74e+04,5.48e+04; 7.62e+04,7.62e+04,7.60e+04,6.42e+04; 7.63e+04,7.63e+04,7.62e+04,6.90e+04; 7.88e+04,7.88e+04,7.86e+04,6.69e+04; 8.15e+04,8.15e+04,8.14e+04,6.39e+04; 8.26e+04,8.26e+04,8.25e+04,6.57e+04; 8.36e+04,8.36e+04,8.35e+04,6.81e+04; 8.36e+04,8.36e+04,8.35e+04,7.33e+04; 8.51e+04,8.50e+04,8.49e+04,7.41e+04; 8.76e+04,8.76e+04,8.75e+04,7.16e+04","14,30,30,14,14,14,14,14,14,14,62,14,30,14,30,14,14,47,30,14,14,14,62,14,14,14,14,30,14,14,14,30,14,14,47,30,62,47,30,47,14,62,14,30,14,47,30,62,62,47,62,14,62,14,47,14,14,30,14,14,14,30,14,14"
654,46.43,40.37,"19.35,21.86,25.26,28.19,30.02,31.96,32.73,33.20,34.87,33.89,36.33,35.76,36.09,36.47,36.64,38.33,39.53,42.45,41.11,43.29,41.46,43.16,44.71,45.80,50.57,51.60,53.49,55.47,56.72,56.78,57.38,64.21,68.54,71.64,73.42,75.43,80.21,81.92,86.51,90.22,95.27,99.51,103.08,107.46,112.92,116.55,126.22,128.20,134.18,136.24,141.77,153.67,154.29,157.38,167.32,170.65,177.68,183.39,187.40,190.68,193.79,202.95,208.29,211.53","1.38e+03,1.38e+03,1.37e+03,1.36e+03","11,11,0,11","8.52e+03; 1.19e+04,5.10e+03; 1.34e+04,1.21e+04; 1.73e+04,1.68e+04; 2.14e+04,2.12e+04; 2.56e+04,2.55e+04; 2.99e+04,2.98e+04; 2.68e+04,2.68e+04,1.46e+04; 3.11e+04,3.10e+04,1.40e+04,5.93e+02; 2.52e+04,2.51e+04,1.90e+04,1.60e+04; 3.92e+04,3.91e+04,1.54e+04; 4.05e+04,4.04e+04,2.13e+04,1.15e+01; 3.80e+04,3.80e+04,2.82e+04,6.63e+03; 4.51e+04,4.50e+04,2.92e+04; 4.18e+04,4.18e+04,2.80e+04,1.62e+04; 4.54e+04,4.53e+04,2.86e+04,1.71e+04; 4.60e+04,4.60e+04,2.94e+04,2.34e+04; 4.61e+04,4.61e+04,3.20e+04,2.93e+04; 4.64e+04,4.64e+04,4.04e+04,2.88e+04; 5.05e+04,5.04e+04,3.54e+04,3.42e+04; 5.41e+04,5.41e+04,3.81e+04,3.26e+04; 5.24e+04,5.24e+04,4.78e+04,3.48e+04; 5.38e+04,5.37e+04,4.79e+04,4.06e+04; 6.18e+04,6.17e+04,4.57e+04,3.53e+04; 6.11e+04,6.11e+04,4.93e+04,4.16e+04; 6.03e+04,6.03e+04,5.36e+04,4.75e+04; 6.20e+04,6.20e+04,5.64e+04,4.98e+04; 6.30e+04,6.29e+04,5.72e+04,5.55e+04; 6.60e+04,6.59e+04,5.77e+04,5.76e+04; 6.85e+04,6.85e+04,6.07e+04,5.80e+04; 6.88e+04,6.88e+04,6.46e+04,6.19e+04; 7.04e+04,7.04e+04,6.69e+04,6.51e+04; 7.28e+04,7.28e+04,6.89e+04,6.68e+04; 7.54e+04,7.54e+04,7.12e+04,6.78e+04; 7.79e+04,7.79e+04,7.30e+04,6.95e+04; 7.83e+04,7.82e+04,7.60e+04,7.43e+04; 8.47e+04,8.46e+04,7.30e+04,7.30e+04; 8.37e+04,8.36e+04,7.99e+04,7.67e+04; 8.62e+04,8.62e+04,8.37e+04,7.62e+04; 8.80e+04,8.80e+04,8.48e+04,8.01e+04; 8.90e+04,8.89e+04,8.71e+04,8.45e+04; 9.11e+04,9.11e+04,8.96e+04,8.61e+04; 9.64e+04,9.64e+04,9.09e+04,8.28e+04; 9.79e+04,9.79e+04,8.96e+04,8.95e+04; 9.75e+04,9.75e+04,9.63e+04,9.22e+04; 9.95e+04,9.94e+04,9.84e+04,9.48e+04; 1.01e+05,1.01e+05,1.00e+05,9.83e+04; 1.04e+05,1.04e+05,1.02e+05,9.85e+04; 1.06e+05,1.06e+05,1.05e+05,1.00e+05; 1.08e+05,1.08e+05,1.07e+05,1.03e+05; 1.10e+05,1.10e+05,1.08e+05,1.07e+05; 1.12e+05,1.12e+05,1.11e+05,1.09e+05; 1.14e+05,1.14e+05,1.14e+05,1.09e+05; 1.16e+05,1.16e+05,1.15e+05,1.13e+05; 1.18e+05,1.18e+05,1.17e+05,1.16e+05; 1.20e+05,1.20e+05,1.19e+05,1.18e+05; 1.23e+05,1.23e+05,1.22e+05,1.18e+05; 1.25e+05,1.25e+05,1.25e+05,1.19e+05; 1.27e+05,1.27e+05,1.26e+05,1.23e+05; 1.29e+05,1.29e+05,1.28e+05,1.24e+05; 1.32e+05,1.32e+05,1.31e+05,1.25e+05; 1.33e+05,1.33e+05,1.32e+05,1.30e+05; 1.35e+05,1.35e+05,1.34e+05,1.33e+05; 1.37e+05,1.37e+05,1.37e+05,1.34e+05","14,14,14,14,14,14,7,14,7,29,29,7,7,14,14,14,23,7,29,29,29,14,7,14,14,14,23,14,23,29,14,14,23,7,29,14,23,23,14,14,14,14,14,23,14,14,14,14,23,14,23,23,23,14,14,14,14,14,29,14,23,29,14,14"
655,46.28,37.99,"17.80,20.16,22.98,25.14,26.92,28.30,29.47,30.73,31.63,32.75,31.75,34.26,34.92,35.61,36.32,37.17,36.97,37.59,37.44,38.26,38.81,38.85,38.76,39.95,40.12,39.87,41.58,43.77,41.93,44.37,43.85,42.74,44.97,45.98,48.01,50.40,54.57,57.88,57.70,56.30,63.30,65.67,66.02,67.43,71.49,71.34,74.87,78.90,83.51,93.40,92.87,113.74,95.56,93.44,98.68,112.75,115.54,120.07,126.14,126.74,126.09,134.61,144.16,130.25","9.99e+02,9.94e+02,9.88e+02,9.80e+02","7,7,15,7","6.27e+03; 9.20e+03,3.34e+03; 1.03e+04,8.52e+03; 1.30e+04,1.21e+04; 1.59e+04,1.54e+04; 1.90e+04,1.86e+04; 1.71e+04,1.69e+04,9.83e+03; 1.98e+04,1.96e+04,1.07e+04; 1.94e+04,1.93e+04,1.47e+04,2.98e+03; 2.02e+04,2.01e+04,1.69e+04,5.48e+03; 2.05e+04,2.04e+04,1.64e+04,1.17e+04; 2.77e+04,2.76e+04,2.00e+04; 2.77e+04,2.76e+04,2.34e+04,2.79e+03; 3.05e+04,3.04e+04,2.66e+04,1.93e+02; 3.23e+04,3.22e+04,2.86e+04,1.04e+03; 3.44e+04,3.43e+04,3.11e+04,5.94e+02; 3.31e+04,3.30e+04,2.97e+04,1.08e+04; 3.55e+04,3.54e+04,3.23e+04,9.60e+03; 3.34e+04,3.33e+04,2.87e+04,2.36e+04; 3.71e+04,3.70e+04,3.38e+04,1.74e+04; 4.23e+04,4.22e+04,3.96e+04,7.64e+03; 3.96e+04,3.95e+04,3.73e+04,2.14e+04; 4.17e+04,4.16e+04,3.94e+04,2.14e+04; 4.25e+04,4.24e+04,4.03e+04,2.52e+04; 4.28e+04,4.27e+04,4.07e+04,3.05e+04; 4.40e+04,4.40e+04,4.24e+04,3.25e+04; 4.80e+04,4.79e+04,4.56e+04,2.77e+04; 4.66e+04,4.66e+04,4.50e+04,3.73e+04; 5.29e+04,5.28e+04,5.14e+04,2.46e+04; 5.20e+04,5.19e+04,5.08e+04,3.33e+04; 5.17e+04,5.16e+04,5.03e+04,4.06e+04; 5.32e+04,5.31e+04,5.20e+04,4.23e+04; 5.46e+04,5.45e+04,5.34e+04,4.43e+04; 5.88e+04,5.88e+04,5.77e+04,3.78e+04; 5.74e+04,5.74e+04,5.61e+04,4.84e+04; 5.88e+04,5.87e+04,5.77e+04,5.04e+04; 6.12e+04,6.11e+04,6.03e+04,4.93e+04; 6.19e+04,6.19e+04,6.12e+04,5.31e+04; 6.73e+04,6.72e+04,6.64e+04,4.36e+04; 6.58e+04,6.58e+04,6.51e+04,5.40e+04; 6.53e+04,6.53e+04,6.46e+04,6.18e+04; 6.79e+04,6.79e+04,6.74e+04,6.00e+04; 6.85e+04,6.85e+04,6.78e+04,6.48e+04; 7.45e+04,7.44e+04,7.38e+04,5.31e+04; 7.41e+04,7.41e+04,7.36e+04,6.02e+04; 7.40e+04,7.40e+04,7.35e+04,6.68e+04; 7.78e+04,7.77e+04,7.73e+04,6.18e+04; 7.68e+04,7.68e+04,7.64e+04,7.09e+04; 7.79e+04,7.78e+04,7.75e+04,7.39e+04; 7.97e+04,7.96e+04,7.93e+04,7.48e+04; 8.14e+04,8.14e+04,8.10e+04,7.59e+04; 8.48e+04,8.47e+04,8.41e+04,7.23e+04; 8.57e+04,8.57e+04,8.55e+04,7.53e+04; 8.91e+04,8.91e+04,8.87e+04,7.15e+04; 8.77e+04,8.77e+04,8.75e+04,8.18e+04; 8.88e+04,8.87e+04,8.85e+04,8.50e+04; 9.08e+04,9.08e+04,9.05e+04,8.52e+04; 9.22e+04,9.22e+04,9.19e+04,8.73e+04; 9.35e+04,9.35e+04,9.32e+04,8.95e+04; 9.48e+04,9.48e+04,9.45e+04,9.20e+04; 9.71e+04,9.71e+04,9.68e+04,9.13e+04; 9.79e+04,9.79e+04,9.76e+04,9.51e+04; 1.00e+05,1.00e+05,9.98e+04,9.51e+04; 1.02e+05,1.02e+05,1.02e+05,9.61e+04","5,5,5,21,5,15,5,21,5,21,15,5,5,21,15,15,53,5,53,21,53,5,15,5,15,5,21,21,5,53,15,5,15,15,21,53,21,15,5,15,5,21,21,53,21,5,21,15,21,21,5,5,5,15,15,21,15,53,21,15,21,15,5,5"
656,38.21,32.98,"16.78,18.90,20.20,21.20,22.67,24.44,25.86,27.36,27.96,28.58,29.12,29.41,29.51,30.07,30.95,31.57,31.81,32.41,32.07,32.17,32.93,32.86,32.62,33.99,34.65,34.60,34.98,35.48,34.89,36.52,35.42,36.27,36.17,36.29,36.80,37.56,38.00,36.38,39.22,38.69,39.13,41.39,42.32,42.72,46.15,43.81,47.63,48.38,47.51,51.27,52.85,58.53,56.88,62.97,60.29,65.55,61.94,67.00,70.78,71.79,73.16,73.89,78.90,79.40","3.22e+02,3.18e+02,3.16e+02,2.72e+02","6,4,6,6","1.73e+03; 3.46e+03; 5.19e+03; 5.40e+03,1.52e+03; 5.14e+03,3.51e+03; 5.55e+03,4.84e+03; 6.26e+03,5.86e+03; 7.03e+03,6.81e+03; 7.88e+03,7.69e+03; 8.74e+03,8.56e+03; 9.61e+03,9.42e+03; 1.05e+04,1.03e+04; 1.13e+04,1.12e+04; 1.12e+04,1.10e+04,2.01e+03; 1.24e+04,1.23e+04,1.32e+03; 1.26e+04,1.24e+04,2.68e+03; 1.31e+04,1.30e+04,3.05e+03,1.91e+02; 1.29e+04,1.27e+04,3.70e+03,1.85e+03; 1.35e+04,1.34e+04,5.96e+03; 1.30e+04,1.29e+04,8.06e+03,5.58e+02; 1.48e+04,1.47e+04,5.45e+03,1.36e+03; 1.48e+04,1.47e+04,7.84e+03,6.53e+02; 1.34e+04,1.34e+04,6.93e+03,6.08e+03; 1.35e+04,1.34e+04,8.58e+03,6.11e+03; 1.48e+04,1.47e+04,8.49e+03,5.21e+03; 1.52e+04,1.51e+04,9.13e+03,5.63e+03; 1.50e+04,1.49e+04,9.26e+03,7.59e+03; 1.86e+04,1.85e+04,9.28e+03,2.08e+03; 1.64e+04,1.63e+04,1.02e+04,7.30e+03; 1.61e+04,1.61e+04,1.10e+04,8.65e+03; 1.70e+04,1.70e+04,1.20e+04,7.72e+03; 1.80e+04,1.80e+04,1.23e+04,7.08e+03; 1.82e+04,1.82e+04,1.24e+04,8.24e+03; 1.74e+04,1.74e+04,1.22e+04,1.18e+04; 1.77e+04,1.77e+04,1.28e+04,1.24e+04; 2.01e+04,2.01e+04,1.35e+04,8.62e+03; 2.07e+04,2.06e+04,1.25e+04,1.02e+04; 2.15e+04,2.14e+04,1.19e+04,1.10e+04; 1.99e+04,1.99e+04,1.59e+04,1.18e+04; 2.05e+04,2.04e+04,1.56e+04,1.27e+04; 2.13e+04,2.13e+04,1.54e+04,1.29e+04; 2.08e+04,2.07e+04,1.62e+04,1.50e+04; 2.09e+04,2.08e+04,1.67e+04,1.60e+04; 2.33e+04,2.33e+04,1.64e+04,1.32e+04; 2.34e+04,2.34e+04,1.73e+04,1.38e+04; 2.24e+04,2.23e+04,1.75e+04,1.74e+04; 2.31e+04,2.31e+04,1.88e+04,1.63e+04; 2.49e+04,2.49e+04,1.77e+04,1.55e+04; 2.50e+04,2.49e+04,1.93e+04,1.56e+04; 2.45e+04,2.44e+04,2.12e+04,1.64e+04; 2.52e+04,2.51e+04,2.04e+04,1.76e+04; 2.69e+04,2.68e+04,1.97e+04,1.66e+04; 2.57e+04,2.57e+04,2.06e+04,1.97e+04; 2.62e+04,2.62e+04,2.14e+04,1.96e+04; 2.65e+04,2.65e+04,2.23e+04,1.99e+04; 2.76e+04,2.76e+04,2.21e+04,1.96e+04; 2.76e+04,2.75e+04,2.29e+04,2.06e+04; 2.66e+04,2.66e+04,2.44e+04,2.27e+04; 2.83e+04,2.82e+04,2.54e+04,2.02e+04; 2.80e+04,2.80e+04,2.43e+04,2.34e+04; 2.92e+04,2.92e+04,2.43e+04,2.28e+04; 2.86e+04,2.86e+04,2.65e+04,2.36e+04; 3.05e+04,3.04e+04,2.61e+04,2.20e+04; 2.95e+04,2.95e+04,2.73e+04,2.45e+04","13,13,13,13,13,13,14,13,13,14,14,14,14,14,13,61,61,13,61,61,14,13,13,61,13,29,61,29,14,13,14,61,61,14,14,29,29,14,13,61,61,14,13,61,29,13,29,13,13,14,61,14,13,29,61,29,13,14,13,14,61,14,14,14"
657,33.26,28.92,"14.96,17.11,18.39,19.81,21.41,22.62,23.41,24.11,24.89,25.54,25.79,26.89,27.66,28.49,29.15,29.60,30.02,30.47,30.97,31.34,31.89,32.34,32.83,33.26,33.37,33.62,33.84,34.06,34.55,35.04,35.32,35.51,35.82,35.81,36.28,36.32,36.92,37.26,37.58,37.17,37.68,37.36,37.99,37.81,38.09,38.57,38.61,38.14,39.04,38.92,39.10,38.86,39.99,39.49,39.64,40.33,40.29,40.29,39.72,40.22,41.11,40.59,41.22,41.08","8.14e+01,7.99e+01,7.80e+01,5.42e+01","7,5,7,7","3.90e+02; 7.80e+02; 1.17e+03; 1.00e+03,5.60e+02; 1.08e+03,8.67e+02; 1.24e+03,1.10e+03; 1.43e+03,1.30e+03; 1.19e+03,1.05e+03,7.32e+02,1.49e+02; 1.38e+03,1.25e+03,8.85e+02; 1.51e+03,1.39e+03,9.95e+02; 1.55e+03,1.44e+03,1.04e+03,2.61e+02; 1.74e+03,1.61e+03,1.33e+03; 1.84e+03,1.71e+03,1.52e+03; 1.96e+03,1.86e+03,1.64e+03; 2.08e+03,1.98e+03,1.80e+03; 2.20e+03,2.10e+03,1.95e+03; 2.31e+03,2.22e+03,2.06e+03,3.62e+01; 2.43e+03,2.34e+03,2.18e+03,8.15e+01; 2.65e+03,2.56e+03,2.20e+03; 2.79e+03,2.69e+03,2.32e+03; 2.83e+03,2.75e+03,2.61e+03; 2.94e+03,2.87e+03,2.72e+03,5.45e+01; 3.18e+03,3.10e+03,2.69e+03; 3.31e+03,3.24e+03,2.81e+03; 3.45e+03,3.37e+03,2.93e+03; 3.42e+03,3.36e+03,3.20e+03,1.65e+02; 3.74e+03,3.66e+03,3.13e+03; 3.80e+03,3.73e+03,3.39e+03; 3.94e+03,3.87e+03,3.50e+03; 3.98e+03,3.92e+03,3.80e+03; 4.24e+03,4.18e+03,3.67e+03; 3.96e+03,3.90e+03,3.59e+03,1.03e+03; 4.27e+03,4.21e+03,3.80e+03,5.92e+02; 3.72e+03,3.67e+03,3.55e+03,2.33e+03; 4.54e+03,4.49e+03,3.98e+03,6.45e+02; 4.90e+03,4.85e+03,4.29e+03; 4.72e+03,4.67e+03,4.22e+03,8.20e+02; 5.04e+03,4.99e+03,4.70e+03,8.30e+01; 5.28e+03,5.23e+03,4.70e+03; 4.93e+03,4.89e+03,4.50e+03,1.28e+03; 4.97e+03,4.93e+03,4.52e+03,1.57e+03; 4.53e+03,4.49e+03,4.34e+03,3.03e+03; 5.42e+03,5.37e+03,4.80e+03,1.18e+03; 5.10e+03,5.05e+03,4.68e+03,2.33e+03; 5.41e+03,5.36e+03,4.92e+03,1.87e+03; 5.57e+03,5.53e+03,5.19e+03,1.65e+03; 5.70e+03,5.65e+03,5.28e+03,1.71e+03; 5.59e+03,5.55e+03,4.92e+03,2.66e+03; 6.07e+03,6.03e+03,5.49e+03,1.52e+03; 6.16e+03,6.12e+03,5.57e+03,1.64e+03; 6.53e+03,6.49e+03,5.70e+03,1.18e+03; 5.98e+03,5.93e+03,5.18e+03,3.19e+03; 6.18e+03,6.14e+03,5.90e+03,2.46e+03; 6.71e+03,6.67e+03,6.23e+03,1.45e+03; 7.15e+03,7.12e+03,6.62e+03,5.57e+02; 6.67e+03,6.64e+03,6.11e+03,2.43e+03; 6.76e+03,6.72e+03,6.18e+03,2.57e+03; 7.02e+03,6.98e+03,6.31e+03,2.32e+03; 6.63e+03,6.59e+03,5.80e+03,4.00e+03; 6.18e+03,6.15e+03,6.02e+03,5.05e+03; 7.11e+03,7.07e+03,6.48e+03,3.13e+03; 7.28e+03,7.25e+03,6.64e+03,3.01e+03; 7.39e+03,7.36e+03,6.73e+03,3.09e+03; 7.40e+03,7.37e+03,6.72e+03,3.47e+03","6,6,6,6,6,6,6,56,60,6,60,56,56,6,56,56,6,6,56,56,6,6,56,56,6,60,6,6,56,6,6,56,6,6,60,56,6,2,60,6,2,2,6,2,60,56,2,6,2,6,2,56,2,6,6,56,56,60,6,56,2,2,2,6"
658,31.90,27.07,"12.61,14.66,15.86,16.71,17.35,17.90,18.48,19.01,19.53,19.95,20.32,20.76,21.16,21.58,22.00,22.32,22.62,22.82,23.10,23.38,23.68,24.14,24.38,24.82,25.05,25.08,25.36,25.67,26.01,26.38,26.69,27.03,27.24,27.31,27.45,27.55,27.97,28.29,28.79,29.01,29.02,29.11,29.51,29.49,29.92,29.89,30.35,30.67,30.75,30.84,31.07,31.40,31.47,31.84,31.98,32.33,32.49,32.28,32.55,32.72,32.89,33.04,33.49,33.48","1.92e+01,1.89e+01,1.79e+01,1.53e+01","7,5,7,5","9.72e+01; 1.94e+02; 2.92e+02; 3.89e+02; 4.86e+02; 5.03e+02,8.00e+01; 5.08e+02,1.73e+02; 5.21e+02,2.56e+02; 5.70e+02,3.05e+02; 6.10e+02,3.62e+02; 6.62e+02,4.08e+02; 7.07e+02,4.60e+02; 7.46e+02,5.19e+02; 7.84e+02,5.78e+02; 8.22e+02,6.37e+02; 8.63e+02,6.93e+02; 9.11e+02,7.42e+02; 9.59e+02,7.92e+02; 1.01e+03,8.38e+02; 1.05e+03,8.93e+02; 1.05e+03,9.00e+02,8.92e+01; 1.01e+03,8.67e+02,2.58e+02; 1.01e+03,8.68e+02,3.60e+02; 1.01e+03,8.73e+02,4.49e+02; 1.04e+03,9.05e+02,4.82e+02; 1.11e+03,9.75e+02,4.40e+02; 1.08e+03,9.14e+02,6.36e+02; 1.19e+03,1.05e+03,4.88e+02; 1.14e+03,1.01e+03,6.67e+02; 1.16e+03,1.03e+03,7.29e+02; 1.17e+03,1.05e+03,7.86e+02; 1.19e+03,1.08e+03,8.45e+02; 1.22e+03,1.11e+03,8.74e+02; 1.24e+03,1.12e+03,8.42e+02,1.04e+02; 1.30e+03,1.19e+03,9.16e+02; 1.37e+03,1.26e+03,7.64e+02,1.11e+02; 1.31e+03,1.20e+03,9.61e+02,1.25e+02; 1.33e+03,1.24e+03,1.02e+03,1.00e+02; 1.34e+03,1.26e+03,1.05e+03,1.44e+02; 1.41e+03,1.33e+03,1.09e+03,6.33e+01; 1.44e+03,1.35e+03,1.11e+03,9.50e+01; 1.35e+03,1.26e+03,1.06e+03,4.02e+02; 1.49e+03,1.39e+03,1.09e+03,2.10e+02; 1.54e+03,1.46e+03,1.03e+03,2.43e+02; 1.52e+03,1.44e+03,1.16e+03,2.58e+02; 1.50e+03,1.43e+03,1.19e+03,3.47e+02; 1.55e+03,1.48e+03,1.19e+03,3.52e+02; 1.55e+03,1.48e+03,1.20e+03,4.35e+02; 1.55e+03,1.48e+03,1.22e+03,5.09e+02; 1.54e+03,1.48e+03,1.19e+03,6.53e+02; 1.65e+03,1.58e+03,1.32e+03,4.08e+02; 1.73e+03,1.67e+03,1.08e+03,5.73e+02; 1.66e+03,1.60e+03,1.26e+03,6.30e+02; 1.70e+03,1.65e+03,1.32e+03,5.81e+02; 1.68e+03,1.63e+03,1.30e+03,7.33e+02; 1.70e+03,1.65e+03,1.32e+03,7.78e+02; 1.73e+03,1.68e+03,1.34e+03,7.85e+02; 1.73e+03,1.68e+03,1.33e+03,8.90e+02; 1.85e+03,1.80e+03,1.47e+03,6.25e+02; 1.89e+03,1.85e+03,1.09e+03,1.01e+03; 1.84e+03,1.80e+03,1.45e+03,8.43e+02; 1.89e+03,1.85e+03,1.47e+03,8.18e+02; 1.88e+03,1.84e+03,1.47e+03,9.36e+02; 1.90e+03,1.86e+03,1.49e+03,9.70e+02","53,53,53,53,53,53,53,53,53,53,53,53,53,53,53,53,53,53,53,53,53,53,53,53,53,53,54,54,5,53,53,53,5,38,5,54,5,53,53,54,5,53,54,53,38,53,53,5,5,53,53,53,5,38,53,5,38,53,54,38,38,53,54,38"
659,38.02,30.00,"9.31,11.29,12.42,13.39,14.50,15.41,16.14,16.80,17.58,18.35,19.02,19.61,20.13,20.63,21.13,21.63,22.17,22.66,23.13,23.53,23.90,24.22,24.59,24.95,25.35,25.71,26.02,26.32,26.60,26.88,27.15,27.47,27.80,28.09,28.34,28.60,28.86,29.14,29.39,29.65,29.91,30.16,30.41,30.65,30.89,31.11,31.33,31.54,31.75,31.96,32.17,32.37,32.59,32.80,32.98,33.17,33.37,33.55,33.74,33.95,34.14,34.32,34.49,34.66","3.83e+00,3.83e+00,3.76e+00,3.70e+00","10,8,0,0","1.92e+01; 3.84e+01; 5.76e+01; 4.98e+01,2.69e+01; 5.51e+01,4.09e+01; 6.28e+01,5.23e+01; 7.14e+01,6.29e+01; 7.18e+01,6.33e+01,1.84e+01; 7.86e+01,6.96e+01,2.44e+01; 8.01e+01,6.98e+01,4.19e+01; 8.52e+01,7.54e+01,5.05e+01; 9.20e+01,8.19e+01,5.63e+01; 9.83e+01,8.95e+01,6.16e+01; 1.04e+02,9.63e+01,6.80e+01; 1.10e+02,1.02e+02,7.57e+01; 1.15e+02,1.08e+02,8.43e+01; 1.20e+02,1.12e+02,9.41e+01; 1.25e+02,1.17e+02,1.02e+02; 1.32e+02,1.24e+02,1.09e+02; 1.38e+02,1.30e+02,1.15e+02; 1.44e+02,1.36e+02,1.21e+02,1.24e+00; 1.45e+02,1.37e+02,1.21e+02,1.85e+01; 1.55e+02,1.46e+02,1.29e+02,1.20e+01; 1.60e+02,1.51e+02,1.34e+02,1.56e+01; 1.63e+02,1.55e+02,1.40e+02,2.21e+01; 1.68e+02,1.59e+02,1.46e+02,2.60e+01; 1.73e+02,1.65e+02,1.51e+02,2.90e+01; 1.79e+02,1.70e+02,1.56e+02,3.24e+01; 1.84e+02,1.75e+02,1.61e+02,3.55e+01; 1.89e+02,1.80e+02,1.65e+02,4.17e+01; 1.94e+02,1.85e+02,1.70e+02,4.55e+01; 1.93e+02,1.84e+02,1.71e+02,6.60e+01; 1.97e+02,1.88e+02,1.76e+02,7.19e+01; 2.02e+02,1.93e+02,1.82e+02,7.63e+01; 2.06e+02,1.98e+02,1.86e+02,8.15e+01; 2.11e+02,2.02e+02,1.89e+02,8.87e+01; 2.15e+02,2.06e+02,1.92e+02,9.79e+01; 2.19e+02,2.09e+02,1.95e+02,1.06e+02; 2.23e+02,2.14e+02,1.99e+02,1.12e+02; 2.28e+02,2.18e+02,2.03e+02,1.19e+02; 2.32e+02,2.22e+02,2.09e+02,1.24e+02; 2.37e+02,2.27e+02,2.13e+02,1.29e+02; 2.41e+02,2.31e+02,2.17e+02,1.36e+02; 2.45e+02,2.35e+02,2.20e+02,1.45e+02; 2.49e+02,2.39e+02,2.23e+02,1.53e+02; 2.53e+02,2.43e+02,2.27e+02,1.59e+02; 2.58e+02,2.48e+02,2.31e+02,1.65e+02; 2.63e+02,2.52e+02,2.36e+02,1.70e+02; 2.67e+02,2.57e+02,2.42e+02,1.74e+02; 2.72e+02,2.61e+02,2.47e+02,1.79e+02; 2.77e+02,2.66e+02,2.50e+02,1.86e+02; 2.81e+02,2.70e+02,2.54e+02,1.93e+02; 2.85e+02,2.74e+02,2.57e+02,2.01e+02; 2.90e+02,2.78e+02,2.61e+02,2.07e+02; 2.94e+02,2.83e+02,2.66e+02,2.12e+02; 2.99e+02,2.88e+02,2.71e+02,2.17e+02; 3.04e+02,2.92e+02,2.76e+02,2.22e+02; 3.08e+02,2.97e+02,2.80e+02,2.27e+02; 3.13e+02,3.01e+02,2.84e+02,2.34e+02; 3.17e+02,3.05e+02,2.87e+02,2.41e+02; 3.22e+02,3.10e+02,2.91e+02,2.48e+02; 3.26e+02,3.14e+02,2.95e+02,2.54e+02; 3.31e+02,3.19e+02,3.00e+02,2.60e+02; 3.36e+02,3.24e+02,3.05e+02,2.64e+02","54,54,54,48,48,48,48,48,54,48,48,54,48,48,48,48,48,48,54,54,54,48,48,48,48,48,54,54,54,48,48,48,48,48,48,48,48,48,48,48,48,48,48,48,48,48,48,48,48,48,48,48,48,48,48,54,48,48,48,48,48,48,48,54"
660,30.08,25.72,"9.61,11.63,12.79,13.63,14.44,15.19,15.81,16.33,16.93,17.48,17.98,18.43,18.90,19.31,19.70,20.05,20.39,20.70,21.03,21.35,21.67,21.97,22.26,22.54,22.83,23.10,23.38,23.65,23.93,24.16,24.40,24.65,24.97,25.22,25.48,25.74,25.95,26.17,26.36,26.56,26.86,27.14,27.33,27.51,27.73,27.86,28.09,28.28,28.60,28.89,29.05,29.24,29.43,29.61,29.80,29.99,30.30,30.53,30.74,30.93,31.10,31.27,31.45,31.60","2.71e+00,2.71e+00,2.52e+00,1.36e+00","6,8,6,0","1.15e+01; 2.31e+01; 3.46e+01; 4.06e+01,5.59e+00; 3.98e+01,1.79e+01; 4.36e+01,2.56e+01; 4.87e+01,3.21e+01; 5.40e+01,3.84e+01; 6.01e+01,4.38e+01; 6.62e+01,4.93e+01; 7.01e+01,5.30e+01,3.89e+00; 7.89e+01,5.79e+01,1.74e+00; 7.94e+01,6.15e+01,9.19e+00; 8.40e+01,6.69e+01,1.07e+01; 8.91e+01,6.93e+01,1.47e+01; 9.17e+01,7.12e+01,2.18e+01; 9.66e+01,7.47e+01,2.50e+01; 1.02e+02,7.95e+01,2.59e+01; 1.07e+02,8.20e+01,2.53e+01,5.10e+00; 1.10e+02,8.44e+01,2.93e+01,6.70e+00; 1.14e+02,8.83e+01,3.72e+01,2.76e+00; 1.18e+02,9.28e+01,4.06e+01,2.29e+00; 1.19e+02,9.58e+01,4.86e+01,2.54e+00; 1.20e+02,9.55e+01,5.09e+01,1.02e+01; 1.20e+02,9.44e+01,5.40e+01,2.01e+01; 1.22e+02,9.55e+01,5.63e+01,2.61e+01; 1.25e+02,9.71e+01,6.02e+01,2.98e+01; 1.27e+02,9.90e+01,6.58e+01,3.14e+01; 1.30e+02,1.02e+02,6.92e+01,3.40e+01; 1.33e+02,1.06e+02,7.17e+01,3.62e+01; 1.36e+02,1.09e+02,7.44e+01,3.93e+01; 1.36e+02,1.10e+02,7.90e+01,4.43e+01; 1.37e+02,1.10e+02,8.83e+01,4.52e+01; 1.40e+02,1.12e+02,9.37e+01,4.62e+01; 1.43e+02,1.15e+02,9.82e+01,4.83e+01; 1.45e+02,1.16e+02,1.03e+02,5.16e+01; 1.44e+02,1.19e+02,1.05e+02,5.92e+01; 1.48e+02,1.24e+02,1.09e+02,5.82e+01; 1.54e+02,1.26e+02,1.14e+02,5.63e+01; 1.57e+02,1.28e+02,1.17e+02,6.00e+01; 1.58e+02,1.32e+02,1.25e+02,5.87e+01; 1.61e+02,1.34e+02,1.28e+02,6.19e+01; 1.65e+02,1.37e+02,1.30e+02,6.53e+01; 1.68e+02,1.40e+02,1.32e+02,6.79e+01; 1.70e+02,1.43e+02,1.35e+02,7.12e+01; 1.74e+02,1.48e+02,1.40e+02,6.80e+01; 1.75e+02,1.50e+02,1.43e+02,7.41e+01; 1.79e+02,1.53e+02,1.42e+02,7.92e+01; 1.75e+02,1.53e+02,1.49e+02,8.81e+01; 1.77e+02,1.57e+02,1.51e+02,9.28e+01; 1.81e+02,1.62e+02,1.54e+02,9.25e+01; 1.83e+02,1.64e+02,1.57e+02,9.58e+01; 1.86e+02,1.67e+02,1.60e+02,9.86e+01; 1.88e+02,1.69e+02,1.62e+02,1.04e+02; 1.91e+02,1.73e+02,1.65e+02,1.05e+02; 1.94e+02,1.76e+02,1.68e+02,1.09e+02; 1.96e+02,1.80e+02,1.69e+02,1.12e+02; 1.99e+02,1.85e+02,1.72e+02,1.14e+02; 2.02e+02,1.88e+02,1.75e+02,1.16e+02; 2.04e+02,1.91e+02,1.76e+02,1.22e+02; 2.06e+02,1.93e+02,1.79e+02,1.25e+02; 2.10e+02,1.97e+02,1.82e+02,1.27e+02; 2.12e+02,2.00e+02,1.85e+02,1.31e+02; 2.15e+02,2.03e+02,1.87e+02,1.33e+02","46,46,46,46,40,40,40,40,46,46,46,46,40,40,40,40,46,46,46,46,40,40,40,46,46,46,46,46,40,40,40,46,46,46,46,46,46,46,40,46,46,46,40,40,46,46,46,40,46,46,46,46,40,40,46,40,46,46,46,46,40,46,40,46"
661,31.50,25.10,"7.51,9.52,10.66,11.43,12.01,12.58,13.19,13.75,14.32,14.86,15.37,15.86,16.32,16.73,17.10,17.46,17.86,18.25,18.62,18.98,19.30,19.60,19.90,20.20,20.53,20.83,21.11,21.39,21.64,21.88,22.12,22.37,22.62,22.86,23.07,23.29,23.50,23.69,23.89,24.10,24.31,24.50,24.66,24.83,25.00,25.17,25.34,25.52,25.71,25.88,26.07,26.24,26.41,26.58,26.74,26.91,27.43,27.78,28.02,28.20,28.36,28.50,28.65,28.81","1.08e+00,1.08e+00,1.05e+00,9.49e-01","6,8,0,8","5.17e+00; 1.03e+01; 1.55e+01; 2.01e+01,5.41e-01; 2.15e+01,4.30e+00; 2.14e+01,9.63e+00; 2.25e+01,1.36e+01; 2.43e+01,1.70e+01; 2.69e+01,1.96e+01; 2.95e+01,2.22e+01; 3.18e+01,2.48e+01,3.02e-01; 3.25e+01,2.67e+01,2.78e+00; 3.43e+01,2.93e+01,3.55e+00; 3.60e+01,3.15e+01,4.83e+00; 3.74e+01,3.30e+01,7.06e+00; 3.85e+01,3.41e+01,1.01e+01; 3.89e+01,3.41e+01,1.48e+01; 4.00e+01,3.51e+01,1.78e+01; 4.19e+01,3.69e+01,1.94e+01; 4.38e+01,3.88e+01,2.08e+01; 4.56e+01,4.07e+01,2.22e+01; 4.74e+01,4.27e+01,2.36e+01; 4.89e+01,4.43e+01,2.55e+01; 5.04e+01,4.58e+01,2.78e+01; 5.16e+01,4.68e+01,3.08e+01; 5.30e+01,4.82e+01,3.31e+01; 5.46e+01,5.00e+01,3.49e+01; 5.64e+01,5.18e+01,3.64e+01; 5.83e+01,5.36e+01,3.79e+01; 6.01e+01,5.54e+01,3.95e+01; 6.17e+01,5.71e+01,4.14e+01; 6.32e+01,5.86e+01,4.36e+01; 6.46e+01,5.99e+01,4.60e+01; 6.61e+01,6.15e+01,4.80e+01; 6.78e+01,6.33e+01,4.97e+01; 6.96e+01,6.51e+01,5.13e+01; 7.14e+01,6.69e+01,5.29e+01; 7.31e+01,6.87e+01,5.45e+01; 7.47e+01,7.03e+01,5.64e+01; 7.63e+01,7.19e+01,5.85e+01; 7.78e+01,7.34e+01,6.06e+01; 7.94e+01,7.50e+01,6.25e+01; 8.06e+01,7.63e+01,6.37e+01,1.40e+00; 8.19e+01,7.76e+01,6.48e+01,3.02e+00; 8.29e+01,7.86e+01,6.57e+01,5.17e+00; 8.75e+01,8.23e+01,6.67e+01,1.08e+00; 8.42e+01,7.97e+01,6.60e+01,1.28e+01; 8.53e+01,8.06e+01,6.69e+01,1.52e+01; 8.65e+01,8.16e+01,6.76e+01,1.74e+01; 8.44e+01,7.99e+01,6.74e+01,2.67e+01; 8.41e+01,7.98e+01,6.77e+01,3.19e+01; 8.48e+01,8.07e+01,6.89e+01,3.41e+01; 8.58e+01,8.17e+01,6.98e+01,3.65e+01; 8.69e+01,8.27e+01,7.07e+01,3.87e+01; 8.80e+01,8.39e+01,7.21e+01,4.00e+01; 8.90e+01,8.48e+01,7.31e+01,4.24e+01; 8.59e+01,8.19e+01,7.06e+01,5.60e+01; 8.57e+01,8.17e+01,7.07e+01,6.15e+01; 8.63e+01,8.24e+01,7.15e+01,6.46e+01; 8.73e+01,8.34e+01,7.25e+01,6.67e+01; 8.86e+01,8.46e+01,7.36e+01,6.83e+01; 8.98e+01,8.59e+01,7.49e+01,6.96e+01; 9.10e+01,8.71e+01,7.62e+01,7.10e+01; 9.22e+01,8.83e+01,7.78e+01,7.22e+01","53,53,53,53,53,55,55,55,53,53,53,55,55,55,55,55,55,55,53,53,53,55,55,55,55,55,55,53,53,53,55,55,55,55,55,53,53,53,55,55,55,55,55,53,53,55,55,55,55,53,53,53,53,53,53,53,53,53,53,53,53,53,55,55"
662,27.78,23.09,"6.51,8.54,9.71,10.63,11.60,12.37,13.00,13.52,14.17,14.76,15.27,15.76,16.20,16.59,16.91,17.21,17.54,17.88,18.21,18.52,19.09,19.47,19.99,20.36,20.67,20.99,21.31,21.62,21.91,22.18,22.43,22.65,22.87,23.09,23.33,23.57,23.79,24.01,24.21,24.41,24.61,24.81,25.00,25.24,25.44,25.52,25.70,25.88,25.94,26.11,26.20,26.38,26.47,26.63,26.77,26.84,27.00,27.09,27.19,27.32,27.39,27.54,27.64,27.72","4.92e-01,4.90e-01,4.71e-01,3.11e-01","11,5,5,5","2.19e+00; 4.38e+00; 6.57e+00; 6.10e+00,2.65e+00; 6.81e+00,4.14e+00; 7.77e+00,5.37e+00; 8.80e+00,6.52e+00; 9.93e+00,7.59e+00; 1.11e+01,8.65e+00; 1.22e+01,9.71e+00; 1.33e+01,1.08e+01; 1.42e+01,1.18e+01,3.27e-01; 1.53e+01,1.31e+01; 1.63e+01,1.42e+01,2.06e-01; 1.67e+01,1.47e+01,1.47e+00; 1.91e+01,1.59e+01; 2.06e+01,1.67e+01; 2.19e+01,1.75e+01; 2.32e+01,1.84e+01; 2.14e+01,1.68e+01,5.67e+00; 2.01e+01,1.57e+01,1.02e+01; 2.02e+01,1.48e+01,1.09e+01,2.33e+00; 2.03e+01,1.59e+01,1.42e+01; 2.08e+01,1.62e+01,1.55e+01; 2.15e+01,1.67e+01,1.66e+01; 2.21e+01,1.77e+01,1.71e+01; 2.28e+01,1.88e+01,1.76e+01; 2.35e+01,1.98e+01,1.80e+01; 2.43e+01,2.05e+01,1.88e+01; 2.50e+01,2.14e+01,1.93e+01; 2.57e+01,2.23e+01,1.99e+01; 2.64e+01,2.32e+01,2.04e+01; 2.76e+01,2.40e+01,2.05e+01,2.36e-01; 2.84e+01,2.47e+01,2.11e+01,2.67e-01; 2.92e+01,2.54e+01,2.18e+01,3.04e-01; 2.99e+01,2.60e+01,2.25e+01,3.42e-01; 3.07e+01,2.67e+01,2.32e+01,3.58e-01; 3.15e+01,2.74e+01,2.39e+01,4.04e-01; 3.05e+01,2.71e+01,2.36e+01,4.20e+00; 3.14e+01,2.78e+01,2.39e+01,4.54e+00; 3.16e+01,2.79e+01,2.35e+01,6.89e+00; 3.22e+01,2.85e+01,2.37e+01,7.54e+00; 3.29e+01,2.92e+01,2.41e+01,7.89e+00; 3.49e+01,3.04e+01,2.65e+01,4.62e+00; 3.57e+01,3.03e+01,2.90e+01,3.51e+00; 3.47e+01,3.11e+01,2.63e+01,8.58e+00; 3.71e+01,3.23e+01,2.87e+01,4.78e+00; 3.61e+01,3.08e+01,3.07e+01,7.51e+00; 3.86e+01,3.36e+01,2.98e+01,5.32e+00; 3.76e+01,3.25e+01,3.14e+01,8.04e+00; 4.00e+01,3.49e+01,3.09e+01,5.85e+00; 3.89e+01,3.32e+01,3.32e+01,8.55e+00; 4.15e+01,3.64e+01,3.18e+01,6.41e+00; 4.04e+01,3.54e+01,3.33e+01,9.04e+00; 4.09e+01,3.53e+01,3.49e+01,9.28e+00; 4.38e+01,3.83e+01,3.40e+01,6.43e+00; 4.25e+01,3.70e+01,3.55e+01,9.86e+00; 4.32e+01,3.77e+01,3.61e+01,1.01e+01; 4.60e+01,3.98e+01,3.68e+01,6.62e+00; 4.45e+01,3.87e+01,3.76e+01,1.06e+01; 4.73e+01,4.15e+01,3.67e+01,8.10e+00; 4.59e+01,4.01e+01,3.86e+01,1.11e+01; 4.65e+01,4.07e+01,3.91e+01,1.15e+01; 4.76e+01,4.23e+01,3.84e+01,1.18e+01","38,38,38,22,22,22,22,38,38,38,38,22,22,22,22,22,38,38,38,55,55,55,55,55,55,55,55,55,38,55,55,55,55,38,38,38,38,38,55,55,55,55,55,55,53,38,53,53,38,53,38,53,38,53,53,38,53,53,38,53,38,53,53,38"
663,23.58,19.48,"6.98,9.05,10.24,11.07,11.87,12.57,13.15,13.59,14.16,14.68,15.14,15.59,16.04,16.45,16.81,17.10,17.45,17.78,18.08,18.38,18.69,18.99,19.27,19.56,19.87,20.12,20.35,20.59,20.83,21.06,21.30,21.55,21.80,22.01,22.20,22.40,22.60,22.79,22.99,23.21,23.42,23.59,23.76,23.93,24.10,24.27,24.44,24.62,24.80,24.95,25.08,25.24,25.38,25.56,25.67,25.84,26.01,26.14,26.27,26.40,26.55,26.68,26.80,26.96","3.26e-01,3.25e-01,2.79e-01,2.71e-05","11,9,11,1","1.15e+00; 2.31e+00; 3.46e+00; 4.20e+00,4.21e-01; 4.35e+00,1.43e+00; 4.74e+00,2.19e+00; 5.23e+00,2.86e+00; 5.78e+00,3.46e+00; 6.32e+00,4.08e+00; 6.88e+00,4.67e+00; 7.47e+00,5.24e+00; 8.04e+00,5.82e+00; 8.57e+00,6.45e+00; 9.07e+00,7.10e+00; 9.59e+00,7.73e+00; 9.67e+00,7.78e+00,1.03e+00; 9.80e+00,7.87e+00,1.97e+00; 1.02e+01,8.29e+00,2.31e+00; 1.06e+01,8.69e+00,2.65e+00; 1.10e+01,9.02e+00,3.10e+00; 1.14e+01,9.42e+00,3.45e+00; 1.18e+01,9.90e+00,3.72e+00; 1.21e+01,1.03e+01,4.20e+00; 1.23e+01,1.04e+01,5.07e+00; 1.25e+01,1.06e+01,5.81e+00; 1.28e+01,1.10e+01,6.19e+00; 1.32e+01,1.14e+01,6.57e+00; 1.36e+01,1.17e+01,7.03e+00; 1.40e+01,1.21e+01,7.44e+00; 1.43e+01,1.25e+01,7.78e+00; 1.47e+01,1.29e+01,8.18e+00; 1.50e+01,1.32e+01,8.84e+00; 1.52e+01,1.35e+01,9.44e+00; 1.56e+01,1.39e+01,9.83e+00; 1.59e+01,1.43e+01,1.02e+01; 1.63e+01,1.46e+01,1.07e+01; 1.66e+01,1.50e+01,1.11e+01; 1.70e+01,1.54e+01,1.15e+01; 1.74e+01,1.58e+01,1.19e+01; 1.77e+01,1.61e+01,1.24e+01; 1.80e+01,1.64e+01,1.30e+01; 1.83e+01,1.68e+01,1.34e+01; 1.87e+01,1.72e+01,1.38e+01; 1.90e+01,1.75e+01,1.43e+01; 1.94e+01,1.79e+01,1.47e+01; 1.98e+01,1.83e+01,1.51e+01; 2.01e+01,1.87e+01,1.55e+01; 2.05e+01,1.90e+01,1.60e+01; 2.08e+01,1.94e+01,1.64e+01; 2.11e+01,1.98e+01,1.68e+01; 2.13e+01,1.99e+01,1.71e+01,6.63e-01; 2.12e+01,1.98e+01,1.71e+01,1.93e+00; 2.13e+01,2.00e+01,1.73e+01,2.54e+00; 2.30e+01,2.14e+01,1.80e+01; 2.21e+01,2.07e+01,1.81e+01,2.70e+00; 2.24e+01,2.10e+01,1.85e+01,2.81e+00; 2.42e+01,2.26e+01,1.91e+01; 2.47e+01,2.31e+01,1.92e+01; 2.52e+01,2.36e+01,1.94e+01; 2.56e+01,2.40e+01,1.97e+01; 2.60e+01,2.44e+01,2.00e+01; 2.64e+01,2.48e+01,2.04e+01; 2.68e+01,2.52e+01,2.07e+01; 2.72e+01,2.56e+01,2.11e+01","38,38,38,38,38,38,38,38,38,38,38,38,38,38,38,38,38,38,38,38,38,38,38,38,38,38,38,38,38,38,38,38,38,38,38,38,38,38,38,38,38,38,38,38,38,38,38,38,38,38,38,38,38,38,38,38,38,38,38,38,38,38,38,38"
664,31.94,28.44,"5.19,9.04,11.44,13.85,15.74,17.29,18.80,20.07,21.21,22.08,23.01,24.00,24.70,25.29,25.85,26.50,27.11,27.66,28.18,28.65,29.17,29.72,30.09,30.71,31.05,31.45,31.89,32.32,32.71,33.04,33.34,33.74,34.04,34.32,34.72,35.08,35.41,35.76,36.11,36.33,36.54,36.81,37.12,37.42,37.69,37.94,38.19,38.43,38.60,38.78,38.97,39.19,39.42,39.64,39.84,40.01,40.21,40.41,40.61,40.83,41.04,41.23,41.42,41.60","1.72e-01,1.72e-01,1.71e-01,1.58e-01","11,5,5,5","8.68e-01; 8.99e-01,8.37e-01; 1.33e+00,1.27e+00; 1.32e+00,1.24e+00,9.05e-01; 1.56e+00,1.49e+00,1.29e+00; 1.69e+00,1.59e+00,1.40e+00,5.22e-01; 1.85e+00,1.72e+00,1.51e+00,9.95e-01; 2.06e+00,1.90e+00,1.69e+00,1.30e+00; 2.30e+00,2.12e+00,1.91e+00,1.49e+00; 2.55e+00,2.35e+00,2.13e+00,1.64e+00; 2.77e+00,2.51e+00,2.28e+00,1.99e+00; 2.97e+00,2.66e+00,2.55e+00,2.24e+00; 3.20e+00,2.87e+00,2.77e+00,2.44e+00; 3.44e+00,3.09e+00,3.00e+00,2.63e+00; 3.66e+00,3.28e+00,3.23e+00,2.84e+00; 3.88e+00,3.50e+00,3.43e+00,3.09e+00; 4.10e+00,3.70e+00,3.60e+00,3.37e+00; 4.33e+00,3.91e+00,3.81e+00,3.58e+00; 4.56e+00,4.14e+00,4.02e+00,3.78e+00; 4.78e+00,4.36e+00,4.24e+00,3.98e+00; 4.99e+00,4.59e+00,4.47e+00,4.18e+00; 5.20e+00,4.82e+00,4.71e+00,4.38e+00; 5.30e+00,5.08e+00,4.97e+00,4.63e+00; 5.55e+00,5.30e+00,5.17e+00,4.81e+00; 5.80e+00,5.40e+00,5.27e+00,5.23e+00; 6.02e+00,5.61e+00,5.50e+00,5.45e+00; 6.23e+00,5.82e+00,5.74e+00,5.65e+00; 6.43e+00,6.03e+00,5.98e+00,5.87e+00; 6.64e+00,6.24e+00,6.21e+00,6.09e+00; 6.86e+00,6.45e+00,6.43e+00,6.30e+00; 7.08e+00,6.67e+00,6.64e+00,6.52e+00; 7.26e+00,7.01e+00,6.96e+00,6.56e+00; 7.47e+00,7.22e+00,7.17e+00,6.80e+00; 7.69e+00,7.43e+00,7.38e+00,7.02e+00; 7.89e+00,7.64e+00,7.58e+00,7.27e+00; 8.09e+00,7.86e+00,7.80e+00,7.50e+00; 8.31e+00,8.09e+00,8.01e+00,7.72e+00; 8.52e+00,8.30e+00,8.21e+00,7.96e+00; 8.72e+00,8.52e+00,8.43e+00,8.19e+00; 8.94e+00,8.73e+00,8.64e+00,8.41e+00; 9.16e+00,8.95e+00,8.87e+00,8.62e+00; 9.37e+00,9.17e+00,9.09e+00,8.84e+00; 9.58e+00,9.38e+00,9.31e+00,9.06e+00; 9.79e+00,9.59e+00,9.52e+00,9.30e+00; 1.00e+01,9.80e+00,9.74e+00,9.52e+00; 1.02e+01,1.00e+01,9.96e+00,9.74e+00; 1.04e+01,1.02e+01,1.02e+01,9.96e+00; 1.06e+01,1.04e+01,1.04e+01,1.02e+01; 1.09e+01,1.07e+01,1.06e+01,1.04e+01; 1.11e+01,1.09e+01,1.08e+01,1.06e+01; 1.13e+01,1.11e+01,1.10e+01,1.08e+01; 1.15e+01,1.13e+01,1.13e+01,1.10e+01; 1.17e+01,1.15e+01,1.15e+01,1.13e+01; 1.19e+01,1.18e+01,1.17e+01,1.15e+01; 1.22e+01,1.20e+01,1.19e+01,1.17e+01; 1.24e+01,1.22e+01,1.21e+01,1.19e+01; 1.26e+01,1.24e+01,1.24e+01,1.21e+01; 1.28e+01,1.26e+01,1.26e+01,1.24e+01; 1.30e+01,1.28e+01,1.28e+01,1.26e+01; 1.32e+01,1.30e+01,1.30e+01,1.28e+01; 1.34e+01,1.33e+01,1.32e+01,1.30e+01; 1.37e+01,1.35e+01,1.34e+01,1.33e+01; 1.39e+01,1.37e+01,1.37e+01,1.35e+01; 1.41e+01,1.39e+01,1.39e+01,1.37e+01","38,24,38,24,24,24,24,24,38,38,24,24,38,38,24,24,24,38,38,38,24,24,24,24,38,24,24,24,24,38,38,24,24,38,24,24,24,24,24,38,24,24,24,24,38,24,24,24,38,38,38,38,24,24,38,38,24,24,24,24,24,24,24,24"
665,30.79,27.02,"5.04,9.32,11.66,13.85,15.50,17.00,18.32,19.58,20.76,21.81,22.74,23.90,24.66,25.26,25.75,26.16,26.66,27.55,28.19,28.70,29.26,29.85,30.39,30.89,31.25,31.70,32.12,32.53,32.91,33.28,33.64,33.94,34.31,34.71,35.00,35.30,35.59,35.90,36.20,36.46,36.73,37.02,37.32,37.60,37.85,38.08,38.33,38.60,38.79,39.01,39.24,39.48,39.70,39.91,40.10,40.29,40.50,40.68,40.87,41.05,41.23,41.41,41.59,41.77","1.25e-01,1.25e-01,1.23e-01,1.15e-01","4,15,4,4","6.84e-01; 6.99e-01,6.69e-01; 8.50e-01,8.08e-01,3.93e-01; 1.03e+00,9.90e-01,7.18e-01; 1.23e+00,1.20e+00,9.65e-01,2.63e-02; 1.35e+00,1.30e+00,1.09e+00,3.64e-01; 1.48e+00,1.42e+00,1.21e+00,6.77e-01; 1.64e+00,1.56e+00,1.38e+00,8.98e-01; 1.83e+00,1.74e+00,1.55e+00,1.04e+00; 2.02e+00,1.91e+00,1.71e+00,1.20e+00; 2.18e+00,2.05e+00,1.87e+00,1.42e+00; 2.32e+00,2.16e+00,1.98e+00,1.75e+00; 2.50e+00,2.33e+00,2.14e+00,1.91e+00; 2.68e+00,2.50e+00,2.31e+00,2.07e+00; 2.86e+00,2.68e+00,2.48e+00,2.23e+00; 3.04e+00,2.85e+00,2.65e+00,2.40e+00; 3.22e+00,3.00e+00,2.81e+00,2.59e+00; 3.37e+00,3.14e+00,2.96e+00,2.84e+00; 3.54e+00,3.31e+00,3.12e+00,3.01e+00; 3.73e+00,3.51e+00,3.28e+00,3.16e+00; 3.89e+00,3.68e+00,3.42e+00,3.37e+00; 4.05e+00,3.84e+00,3.59e+00,3.55e+00; 4.21e+00,4.00e+00,3.80e+00,3.70e+00; 4.38e+00,4.16e+00,3.99e+00,3.88e+00; 4.55e+00,4.32e+00,4.14e+00,4.09e+00; 4.71e+00,4.49e+00,4.29e+00,4.29e+00; 4.88e+00,4.66e+00,4.46e+00,4.45e+00; 5.06e+00,4.83e+00,4.63e+00,4.62e+00; 5.23e+00,5.01e+00,4.80e+00,4.79e+00; 5.40e+00,5.18e+00,4.97e+00,4.96e+00; 5.57e+00,5.35e+00,5.15e+00,5.13e+00; 5.74e+00,5.52e+00,5.31e+00,5.31e+00; 5.90e+00,5.67e+00,5.50e+00,5.49e+00; 6.06e+00,5.83e+00,5.68e+00,5.67e+00; 6.24e+00,6.00e+00,5.85e+00,5.84e+00; 6.41e+00,6.17e+00,6.02e+00,6.01e+00; 6.58e+00,6.35e+00,6.19e+00,6.18e+00; 6.75e+00,6.51e+00,6.40e+00,6.32e+00; 6.91e+00,6.67e+00,6.60e+00,6.48e+00; 7.08e+00,6.84e+00,6.78e+00,6.65e+00; 7.25e+00,7.00e+00,6.95e+00,6.84e+00; 7.41e+00,7.17e+00,7.10e+00,7.03e+00; 7.58e+00,7.35e+00,7.26e+00,7.20e+00; 7.75e+00,7.53e+00,7.43e+00,7.37e+00; 7.92e+00,7.70e+00,7.60e+00,7.54e+00; 8.09e+00,7.87e+00,7.77e+00,7.71e+00; 8.26e+00,8.05e+00,7.94e+00,7.88e+00; 8.43e+00,8.22e+00,8.11e+00,8.06e+00; 8.60e+00,8.38e+00,8.28e+00,8.24e+00; 8.76e+00,8.55e+00,8.44e+00,8.43e+00; 8.93e+00,8.72e+00,8.61e+00,8.60e+00; 9.10e+00,8.90e+00,8.78e+00,8.77e+00; 9.27e+00,9.07e+00,8.96e+00,8.94e+00; 9.44e+00,9.24e+00,9.13e+00,9.11e+00; 9.61e+00,9.42e+00,9.30e+00,9.28e+00; 9.78e+00,9.59e+00,9.47e+00,9.45e+00; 9.95e+00,9.75e+00,9.65e+00,9.63e+00; 1.01e+01,9.92e+00,9.83e+00,9.80e+00; 1.03e+01,1.01e+01,1.00e+01,9.97e+00; 1.04e+01,1.03e+01,1.02e+01,1.01e+01; 1.06e+01,1.04e+01,1.04e+01,1.03e+01; 1.08e+01,1.06e+01,1.05e+01,1.05e+01; 1.10e+01,1.08e+01,1.07e+01,1.06e+01; 1.11e+01,1.09e+01,1.09e+01,1.08e+01","33,39,33,33,33,33,33,33,39,39,33,33,39,39,39,39,33,33,33,33,33,33,33,33,33,33,33,39,39,33,33,33,33,33,39,39,39,33,33,33,33,33,33,33,39,33,33,33,33,33,33,33,33,39,39,33,33,33,33,33,39,39,33,33"
666,18.65,16.49,"4.21,6.32,8.03,9.48,10.54,11.44,12.18,12.78,13.41,14.03,14.59,15.08,15.55,15.95,16.31,16.63,17.06,17.43,17.80,18.14,18.44,18.71,18.97,19.23,19.48,19.74,19.99,20.24,20.47,20.67,20.88,21.07,21.30,21.50,21.69,21.88,22.07,22.24,22.41,22.57,22.76,22.93,23.09,23.25,23.41,23.56,23.70,23.85,24.01,24.17,24.30,24.43,24.56,24.69,24.82,24.95,25.10,25.23,25.35,25.46,25.58,25.70,25.81,25.94","1.10e-01,1.09e-01,4.63e-02,7.17e-06","11,5,11,5","3.30e-01; 6.59e-01; 6.18e-01,3.71e-01; 7.52e-01,5.67e-01; 9.28e-01,7.21e-01; 1.08e+00,8.98e-01; 1.24e+00,1.07e+00; 1.32e+00,1.16e+00,1.61e-01; 1.45e+00,1.28e+00,2.39e-01; 1.58e+00,1.40e+00,3.19e-01; 1.70e+00,1.52e+00,4.01e-01; 1.80e+00,1.63e+00,5.21e-01; 1.94e+00,1.79e+00,5.54e-01; 2.07e+00,1.93e+00,6.19e-01; 2.15e+00,2.02e+00,7.77e-01; 2.21e+00,2.07e+00,9.96e-01; 2.63e+00,2.32e+00,6.59e-01; 2.93e+00,2.54e+00,4.59e-01; 3.05e+00,2.65e+00,5.66e-01; 3.16e+00,2.77e+00,6.64e-01; 3.28e+00,2.88e+00,7.55e-01; 3.42e+00,3.04e+00,7.96e-01; 3.54e+00,3.17e+00,8.74e-01; 3.66e+00,3.28e+00,9.74e-01; 3.77e+00,3.31e+00,1.17e+00; 3.89e+00,3.36e+00,1.32e+00; 4.03e+00,3.49e+00,1.39e+00; 4.16e+00,3.61e+00,1.46e+00; 4.30e+00,3.73e+00,1.52e+00; 4.43e+00,3.88e+00,1.57e+00; 4.56e+00,4.02e+00,1.64e+00; 4.69e+00,4.14e+00,1.73e+00; 4.79e+00,4.17e+00,1.92e+00; 4.90e+00,4.24e+00,2.07e+00; 5.04e+00,4.36e+00,2.14e+00; 5.17e+00,4.48e+00,2.22e+00; 5.31e+00,4.60e+00,2.30e+00; 5.44e+00,4.72e+00,2.38e+00; 5.56e+00,4.85e+00,2.45e+00; 5.68e+00,4.97e+00,2.54e+00; 5.77e+00,5.02e+00,2.73e+00; 5.88e+00,5.09e+00,2.88e+00; 5.99e+00,5.20e+00,2.99e+00; 6.12e+00,5.32e+00,3.07e+00; 6.24e+00,5.43e+00,3.16e+00; 6.37e+00,5.55e+00,3.25e+00; 6.49e+00,5.68e+00,3.33e+00; 6.60e+00,5.79e+00,3.44e+00; 6.67e+00,5.83e+00,3.61e+00,4.61e-02; 6.79e+00,5.93e+00,3.77e+00,1.78e-03; 6.85e+00,5.99e+00,3.81e+00,1.59e-01; 6.97e+00,6.10e+00,3.88e+00,1.94e-01; 7.07e+00,6.19e+00,3.95e+00,2.61e-01; 7.18e+00,6.28e+00,4.02e+00,3.23e-01; 7.22e+00,6.33e+00,4.03e+00,5.49e-01; 7.28e+00,6.38e+00,4.07e+00,7.36e-01; 7.37e+00,6.46e+00,4.24e+00,7.35e-01; 7.46e+00,6.54e+00,4.35e+00,7.77e-01; 7.54e+00,6.62e+00,4.42e+00,8.70e-01; 7.62e+00,6.71e+00,4.44e+00,1.00e+00; 7.73e+00,6.81e+00,4.52e+00,1.06e+00; 7.83e+00,6.90e+00,4.59e+00,1.12e+00; 7.93e+00,7.01e+00,4.67e+00,1.16e+00; 8.02e+00,7.09e+00,4.76e+00,1.25e+00","47,47,33,33,47,33,33,33,47,47,47,33,33,33,33,33,33,47,47,47,47,33,33,33,33,33,47,47,47,33,33,33,33,33,47,47,47,47,33,33,33,33,33,47,47,47,33,33,33,33,33,47,47,47,33,33,33,33,33,33,47,47,33,33"
667,17.68,14.41,"4.07,6.06,7.25,8.09,8.84,9.67,10.33,10.90,11.43,11.93,12.38,12.82,13.28,13.73,14.11,14.43,14.72,15.02,15.33,15.63,15.91,16.19,16.44,16.68,16.90,17.12,17.35,17.58,17.79,17.99,18.19,18.38,18.54,18.71,18.89,19.07,19.24,19.41,19.57,19.72,19.85,20.00,20.14,20.29,20.43,20.57,20.71,20.85,20.96,21.08,21.21,21.35,21.48,21.60,21.73,21.86,21.95,22.06,22.19,22.31,22.42,22.54,22.65,22.76","8.98e-02,8.86e-02,3.24e-02,6.72e-06","11,1,11,9","2.62e-01; 5.23e-01; 7.85e-01; 1.01e+00,3.45e-02; 9.63e-01,3.45e-01; 1.02e+00,5.53e-01; 1.12e+00,7.07e-01; 1.24e+00,8.51e-01; 1.38e+00,9.72e-01; 1.52e+00,1.09e+00; 1.68e+00,1.20e+00; 1.72e+00,1.27e+00,1.53e-01; 1.81e+00,1.40e+00,1.98e-01; 2.06e+00,1.60e+00; 2.03e+00,1.67e+00,2.21e-01; 2.06e+00,1.71e+00,4.17e-01; 2.15e+00,1.80e+00,5.07e-01; 2.37e+00,1.83e+00,5.15e-01; 2.56e+00,1.84e+00,5.76e-01; 2.65e+00,1.91e+00,6.69e-01; 2.76e+00,2.05e+00,6.80e-01; 2.88e+00,2.19e+00,6.81e-01; 2.98e+00,2.30e+00,7.34e-01; 3.08e+00,2.39e+00,8.11e-01; 3.19e+00,2.47e+00,8.77e-01; 3.30e+00,2.55e+00,9.44e-01; 3.41e+00,2.63e+00,1.02e+00; 3.51e+00,2.69e+00,1.12e+00; 3.62e+00,2.81e+00,1.16e+00; 3.73e+00,2.91e+00,1.21e+00; 3.83e+00,3.03e+00,1.25e+00; 3.94e+00,3.11e+00,1.32e+00; 4.05e+00,3.20e+00,1.38e+00; 4.16e+00,3.29e+00,1.45e+00; 4.26e+00,3.31e+00,1.58e+00; 4.36e+00,3.39e+00,1.67e+00; 4.47e+00,3.48e+00,1.73e+00; 4.58e+00,3.58e+00,1.78e+00; 4.69e+00,3.70e+00,1.82e+00; 4.79e+00,3.78e+00,1.89e+00; 4.90e+00,3.87e+00,1.95e+00; 5.00e+00,3.91e+00,2.09e+00; 5.09e+00,3.95e+00,2.20e+00; 5.17e+00,4.01e+00,2.27e+00,5.83e-02; 5.27e+00,4.09e+00,2.32e+00,8.76e-02; 5.37e+00,4.18e+00,2.37e+00,1.18e-01; 5.43e+00,4.25e+00,2.38e+00,2.31e-01; 5.51e+00,4.32e+00,2.42e+00,3.07e-01; 5.60e+00,4.40e+00,2.48e+00,3.47e-01; 5.68e+00,4.43e+00,2.57e+00,4.07e-01; 5.75e+00,4.45e+00,2.67e+00,4.70e-01; 5.81e+00,4.49e+00,2.73e+00,5.72e-01; 5.86e+00,4.55e+00,2.73e+00,7.33e-01; 5.91e+00,4.62e+00,2.72e+00,8.81e-01; 5.97e+00,4.69e+00,2.73e+00,9.95e-01; 6.03e+00,4.74e+00,2.76e+00,1.11e+00; 6.12e+00,4.81e+00,2.81e+00,1.16e+00; 6.20e+00,4.85e+00,2.91e+00,1.20e+00; 6.27e+00,4.88e+00,3.00e+00,1.29e+00; 6.33e+00,4.93e+00,3.06e+00,1.38e+00; 6.40e+00,5.01e+00,3.08e+00,1.47e+00; 6.46e+00,5.09e+00,3.08e+00,1.59e+00; 6.55e+00,5.16e+00,3.13e+00,1.64e+00; 6.63e+00,5.23e+00,3.18e+00,1.70e+00","38,38,38,38,32,32,32,32,38,38,38,38,32,32,32,32,38,32,32,32,32,32,32,32,38,38,38,32,32,38,32,32,38,38,32,32,38,38,32,32,38,32,32,32,38,38,32,32,38,32,32,32,32,32,32,32,38,32,32,32,32,32,38,32"
668,25.90,23.68,"4.68,8.37,10.78,12.85,14.59,16.02,17.43,18.56,19.64,20.66,21.56,22.43,23.14,23.78,24.43,25.02,25.66,26.22,26.82,27.36,27.83,28.22,28.66,29.07,29.46,29.86,30.28,30.66,31.02,31.33,31.66,31.97,32.20,32.50,32.83,33.13,33.41,33.66,33.94,34.21,34.38,34.65,34.95,35.19,35.42,35.65,35.90,36.16,36.30,36.56,36.83,37.07,37.31,37.54,37.73,37.94,38.09,38.28,38.53,38.75,38.94,39.12,39.28,39.47","1.18e-01,1.18e-01,1.15e-01,6.15e-02","8,8,8,8","5.12e-01; 5.17e-01,5.06e-01; 6.10e-01,5.85e-01,3.41e-01; 7.54e-01,7.36e-01,5.58e-01; 9.43e-01,9.01e-01,7.15e-01; 1.04e+00,9.54e-01,7.06e-01,3.71e-01; 1.15e+00,1.04e+00,8.02e-01,5.89e-01; 1.27e+00,1.16e+00,9.09e-01,7.50e-01; 1.40e+00,1.28e+00,1.04e+00,8.90e-01; 1.55e+00,1.41e+00,1.16e+00,9.99e-01; 1.69e+00,1.54e+00,1.28e+00,1.11e+00; 1.82e+00,1.67e+00,1.37e+00,1.28e+00; 1.95e+00,1.81e+00,1.49e+00,1.40e+00; 2.08e+00,1.96e+00,1.64e+00,1.49e+00; 2.21e+00,2.09e+00,1.76e+00,1.62e+00; 2.33e+00,2.21e+00,1.86e+00,1.79e+00; 2.45e+00,2.32e+00,2.03e+00,1.90e+00; 2.58e+00,2.45e+00,2.20e+00,1.99e+00; 2.72e+00,2.58e+00,2.32e+00,2.11e+00; 2.85e+00,2.71e+00,2.45e+00,2.23e+00; 2.99e+00,2.84e+00,2.57e+00,2.35e+00; 3.12e+00,2.97e+00,2.70e+00,2.47e+00; 3.25e+00,3.10e+00,2.82e+00,2.61e+00; 3.37e+00,3.22e+00,2.92e+00,2.78e+00; 3.50e+00,3.35e+00,3.08e+00,2.87e+00; 3.62e+00,3.47e+00,3.23e+00,2.99e+00; 3.74e+00,3.59e+00,3.34e+00,3.15e+00; 3.86e+00,3.71e+00,3.45e+00,3.30e+00; 4.00e+00,3.84e+00,3.58e+00,3.42e+00; 4.13e+00,3.97e+00,3.71e+00,3.55e+00; 4.25e+00,4.10e+00,3.82e+00,3.69e+00; 4.37e+00,4.22e+00,3.93e+00,3.86e+00; 4.51e+00,4.35e+00,4.08e+00,3.95e+00; 4.63e+00,4.48e+00,4.22e+00,4.08e+00; 4.75e+00,4.60e+00,4.33e+00,4.24e+00; 4.88e+00,4.73e+00,4.46e+00,4.36e+00; 5.01e+00,4.85e+00,4.59e+00,4.49e+00; 5.14e+00,4.98e+00,4.71e+00,4.61e+00; 5.27e+00,5.11e+00,4.83e+00,4.76e+00; 5.39e+00,5.23e+00,4.93e+00,4.92e+00; 5.52e+00,5.36e+00,5.06e+00,5.05e+00; 5.64e+00,5.48e+00,5.19e+00,5.18e+00; 5.76e+00,5.60e+00,5.36e+00,5.29e+00; 5.89e+00,5.72e+00,5.51e+00,5.40e+00; 6.02e+00,5.85e+00,5.64e+00,5.52e+00; 6.15e+00,5.98e+00,5.78e+00,5.64e+00; 6.27e+00,6.11e+00,5.93e+00,5.75e+00; 6.40e+00,6.23e+00,6.08e+00,5.86e+00; 6.53e+00,6.36e+00,6.21e+00,5.99e+00; 6.65e+00,6.48e+00,6.36e+00,6.11e+00; 6.77e+00,6.60e+00,6.51e+00,6.22e+00; 6.90e+00,6.73e+00,6.66e+00,6.33e+00; 7.03e+00,6.86e+00,6.80e+00,6.45e+00; 7.15e+00,6.99e+00,6.93e+00,6.57e+00; 7.28e+00,7.12e+00,7.07e+00,6.69e+00; 7.41e+00,7.24e+00,7.21e+00,6.81e+00; 7.53e+00,7.37e+00,7.33e+00,6.95e+00; 7.66e+00,7.49e+00,7.45e+00,7.10e+00; 7.78e+00,7.61e+00,7.57e+00,7.24e+00; 7.90e+00,7.74e+00,7.71e+00,7.36e+00; 8.03e+00,7.87e+00,7.84e+00,7.49e+00; 8.16e+00,8.00e+00,7.96e+00,7.61e+00; 8.29e+00,8.13e+00,8.09e+00,7.74e+00; 8.42e+00,8.25e+00,8.23e+00,7.86e+00","33,47,33,33,47,33,33,33,33,47,47,33,33,33,33,33,33,33,47,47,47,47,33,33,33,33,33,33,47,47,33,33,33,33,33,47,47,47,33,33,47,33,33,33,47,33,33,33,47,33,33,33,33,33,33,33,33,33,33,33,47,47,47,33"
669,25.28,22.22,"5.44,7.79,10.09,12.08,13.71,15.12,16.30,17.14,18.18,19.20,20.24,21.11,21.89,22.67,23.21,23.66,24.27,24.82,25.42,25.96,26.46,26.97,27.35,27.67,28.05,28.43,28.86,29.25,29.61,29.98,30.27,30.51,30.75,31.03,31.38,31.66,31.92,32.24,32.46,32.66,32.84,33.06,33.36,33.58,33.79,34.08,34.28,34.45,34.59,34.75,35.06,35.26,35.45,35.72,35.98,36.14,36.26,36.39,36.68,36.91,37.09,37.31,37.57,37.73","1.25e-01,1.24e-01,1.21e-01,7.15e-02","5,11,5,5","5.48e-01; 7.37e-01,3.59e-01; 9.12e-01,7.32e-01; 8.36e-01,7.01e-01,6.56e-01; 8.79e-01,8.00e-01,6.30e-01,4.32e-01; 9.88e-01,9.35e-01,7.24e-01,6.43e-01; 1.14e+00,1.12e+00,8.33e-01,7.48e-01; 1.31e+00,1.26e+00,9.53e-01,8.58e-01; 1.45e+00,1.41e+00,1.06e+00,1.01e+00; 1.63e+00,1.55e+00,1.18e+00,1.12e+00; 1.77e+00,1.68e+00,1.32e+00,1.27e+00; 1.90e+00,1.82e+00,1.44e+00,1.42e+00; 2.07e+00,1.96e+00,1.56e+00,1.54e+00; 2.20e+00,2.08e+00,1.73e+00,1.67e+00; 2.35e+00,2.22e+00,1.86e+00,1.79e+00; 2.50e+00,2.36e+00,1.99e+00,1.92e+00; 2.64e+00,2.50e+00,2.11e+00,2.07e+00; 2.78e+00,2.64e+00,2.22e+00,2.22e+00; 2.91e+00,2.79e+00,2.38e+00,2.34e+00; 3.07e+00,2.93e+00,2.51e+00,2.46e+00; 3.20e+00,3.07e+00,2.64e+00,2.61e+00; 3.33e+00,3.20e+00,2.77e+00,2.76e+00; 3.48e+00,3.34e+00,2.90e+00,2.89e+00; 3.63e+00,3.48e+00,3.03e+00,3.03e+00; 3.76e+00,3.61e+00,3.17e+00,3.16e+00; 3.90e+00,3.75e+00,3.32e+00,3.28e+00; 4.03e+00,3.89e+00,3.44e+00,3.44e+00; 4.18e+00,4.03e+00,3.57e+00,3.57e+00; 4.32e+00,4.17e+00,3.71e+00,3.70e+00; 4.45e+00,4.30e+00,3.87e+00,3.83e+00; 4.60e+00,4.44e+00,4.00e+00,3.96e+00; 4.74e+00,4.58e+00,4.13e+00,4.09e+00; 4.89e+00,4.72e+00,4.26e+00,4.22e+00; 5.02e+00,4.86e+00,4.39e+00,4.37e+00; 5.16e+00,5.00e+00,4.54e+00,4.49e+00; 5.30e+00,5.13e+00,4.68e+00,4.62e+00; 5.44e+00,5.27e+00,4.81e+00,4.76e+00; 5.57e+00,5.41e+00,4.97e+00,4.88e+00; 5.72e+00,5.55e+00,5.10e+00,5.01e+00; 5.86e+00,5.68e+00,5.24e+00,5.15e+00; 6.00e+00,5.82e+00,5.37e+00,5.28e+00; 6.14e+00,5.96e+00,5.50e+00,5.42e+00; 6.27e+00,6.10e+00,5.66e+00,5.55e+00; 6.41e+00,6.24e+00,5.79e+00,5.68e+00; 6.55e+00,6.38e+00,5.93e+00,5.81e+00; 6.69e+00,6.51e+00,6.09e+00,5.93e+00; 6.82e+00,6.64e+00,6.25e+00,6.06e+00; 6.96e+00,6.78e+00,6.38e+00,6.20e+00; 7.10e+00,6.91e+00,6.52e+00,6.33e+00; 7.24e+00,7.05e+00,6.65e+00,6.46e+00; 7.37e+00,7.19e+00,6.82e+00,6.59e+00; 7.51e+00,7.33e+00,6.96e+00,6.72e+00; 7.65e+00,7.47e+00,7.09e+00,6.85e+00; 7.78e+00,7.61e+00,7.24e+00,6.98e+00; 7.91e+00,7.73e+00,7.39e+00,7.12e+00; 8.05e+00,7.87e+00,7.53e+00,7.26e+00; 8.19e+00,8.01e+00,7.66e+00,7.39e+00; 8.33e+00,8.15e+00,7.80e+00,7.52e+00; 8.46e+00,8.28e+00,7.94e+00,7.67e+00; 8.59e+00,8.42e+00,8.07e+00,7.81e+00; 8.73e+00,8.56e+00,8.21e+00,7.94e+00; 8.86e+00,8.70e+00,8.34e+00,8.09e+00; 8.99e+00,8.83e+00,8.49e+00,8.23e+00; 9.12e+00,8.96e+00,8.63e+00,8.38e+00","33,33,33,39,33,33,39,39,33,39,33,33,39,33,39,39,33,33,33,39,33,33,39,39,33,33,33,39,39,33,39,39,39,33,33,39,39,33,39,39,39,33,33,39,39,33,33,39,39,39,33,33,33,33,33,39,39,39,33,33,33,33,33,33"
678,0.01,0.01,"0.00,0.00,0.00,0.00,0.00,0.00,0.00,0.00,0.00,0.00,0.00,0.00,0.00,0.00,0.00,0.00,0.00,0.00,0.01,0.01,0.01,0.01,0.01,0.01,0.01,0.01,0.01,0.01,0.01,0.01,0.01,0.01,0.02,0.02,0.02,0.02,0.02,0.02,0.02,0.02,0.02,0.02,0.03,0.03,0.03,0.03,0.03,0.03,0.03,0.03,0.04,0.04,0.04,0.04,0.04,0.04,0.04,0.04,0.05,0.05,0.05,0.05,0.05,0.05","4.24e-07,2.35e-11,1.34e-11,7.26e-12","13,13,13,13",; 1.05e-06; 1.58e-06; 2.10e-06; 2.63e-06; 3.16e-06; 3.68e-06; 4.21e-06; 4.74e-06; 5.26e-06; 5.79e-06; 6.32e-06; 6.84e-06; 7.37e-06; 7.89e-06; 8.42e-06; 8.95e-06; 9.47e-06; 1.00e-05; 1.05e-05; 1.11e-05; 1.16e-05; 1.21e-05; 1.26e-05; 1.32e-05; 1.37e-05; 1.42e-05; 1.47e-05; 1.53e-05; 1.58e-05; 1.63e-05; 1.68e-05; 1.74e-05; 1.79e-05; 1.84e-05; 1.89e-05; 1.95e-05; 2.00e-05; 2.05e-05; 2.11e-05; 2.16e-05; 2.21e-05; 2.26e-05; 2.32e-05; 2.37e-05; 2.42e-05; 2.47e-05; 2.53e-05; 2.58e-05; 2.63e-05; 2.68e-05; 2.74e-05; 2.79e-05; 2.84e-05; 2.89e-05; 2.95e-05; 3.00e-05; 3.05e-05; 3.10e-05; 3.16e-05; 3.21e-05; 3.26e-05; 3.32e-05; 3.37e-05,"30,30,24,30,30,24,30,30,30,30,24,30,30,24,30,30,30,30,24,30,30,24,30,30,30,30,24,30,30,24,30,30,30,30,24,30,30,24,30,30,30,30,24,30,30,24,30,30,30,30,24,30,30,24,30,30,30,30,24,30,30,24,30,30"
679,0.01,0.01,"0.00,0.00,0.00,0.00,0.00,0.00,0.00,0.01,0.01,0.01,0.01,0.01,0.02,0.02,0.02,0.02,0.03,0.03,0.03,0.04,0.04,0.05,0.05,0.05,0.06,0.06,0.07,0.07,0.08,0.08,0.09,0.09,0.10,0.10,0.11,0.11,0.12,0.12,0.13,0.13,0.14,0.15,0.15,0.16,0.17,0.17,0.18,0.18,0.19,0.19,0.20,0.21,0.21,0.22,0.23,0.23,0.24,0.24,0.25,0.26,0.26,0.27,0.28,0.28","6.49e-07,4.12e-11,2.35e-11,1.31e-11","13,13,13,13",; 1.61e-06; 2.42e-06; 3.22e-06; 4.03e-06; 4.83e-06; 5.64e-06; 6.45e-06; 7.25e-06; 8.06e-06; 8.86e-06; 9.67e-06; 1.05e-05; 1.13e-05; 1.21e-05; 1.29e-05; 1.37e-05; 1.45e-05; 1.53e-05; 1.61e-05; 1.69e-05; 1.77e-05; 1.85e-05; 1.93e-05; 2.01e-05; 2.09e-05; 2.18e-05; 2.26e-05; 2.34e-05; 2.42e-05; 2.50e-05; 2.58e-05; 2.66e-05; 2.74e-05; 2.82e-05; 2.90e-05; 2.98e-05; 3.06e-05; 3.14e-05; 3.22e-05; 3.30e-05; 3.38e-05; 3.46e-05; 3.55e-05; 3.63e-05; 3.71e-05; 3.79e-05; 3.87e-05; 3.95e-05; 4.03e-05; 4.11e-05; 4.19e-05; 4.27e-05; 4.35e-05; 4.43e-05; 4.51e-05; 4.59e-05; 4.67e-05; 4.75e-05; 4.83e-05; 4.92e-05; 5.00e-05; 5.08e-05; 5.16e-05,"39,39,39,39,39,39,39,39,39,39,39,39,39,39,39,39,39,39,39,39,39,39,39,39,39,39,39,39,39,39,39,39,39,39,39,39,39,39,39,39,39,39,39,39,39,39,39,39,39,39,39,39,39,39,39,39,39,39,39,39,39,39,39,39"
680,0.01,0.01,"0.00,0.00,0.00,0.00,0.00,0.00,0.00,0.00,0.00,0.00,0.01,0.01,0.01,0.01,0.01,0.01,0.01,0.01,0.02,0.02,0.02,0.02,0.02,0.03,0.03,0.03,0.03,0.03,0.04,0.04,0.04,0.04,0.05,0.05,0.05,0.06,0.06,0.06,0.06,0.07,0.07,0.07,0.08,0.08,0.08,0.09,0.09,0.09,0.10,0.10,0.11,0.11,0.11,0.12,0.12,0.12,0.13,0.13,0.14,0.14,0.15,0.15,0.15,0.16","8.24e-07,3.96e-11,2.60e-11,1.45e-11","1,1,1,1",1.02e-06; 2.05e-06; 3.07e-06; 4.09e-06; 5.11e-06; 6.14e-06; 7.16e-06; 8.18e-06; 9.20e-06; 1.02e-05; 1.12e-05; 1.23e-05; 1.33e-05; 1.43e-05; 1.53e-05; 1.64e-05; 1.74e-05; 1.84e-05; 1.94e-05; 2.05e-05; 2.15e-05; 2.25e-05; 2.35e-05; 2.45e-05; 2.56e-05; 2.66e-05; 2.76e-05; 2.86e-05; 2.97e-05; 3.07e-05; 3.17e-05; 3.27e-05; 3.37e-05; 3.48e-05; 3.58e-05; 3.68e-05; 3.78e-05; 3.89e-05; 3.99e-05; 4.09e-05; 4.19e-05; 4.29e-05; 4.40e-05; 4.50e-05; 4.60e-05; 4.70e-05; 4.81e-05; 4.91e-05; 5.01e-05; 5.11e-05; 5.22e-05; 5.32e-05; 5.42e-05; 5.52e-05; 5.62e-05; 5.73e-05; 5.83e-05; 5.93e-05; 6.03e-05; 6.14e-05; 6.24e-05; 6.34e-05; 6.44e-05; 6.54e-05,"24,24,24,24,24,24,24,24,24,24,24,24,24,24,24,24,24,24,24,24,24,24,24,24,24,24,24,24,24,24,24,24,24,24,24,24,24,24,24,24,24,24,24,24,24,24,24,24,24,24,24,24,24,24,24,24,24,24,24,24,24,24,24,24"
681,45.94,40.46,"13.94,20.56,24.39,28.03,30.82,32.06,34.29,35.67,37.14,38.14,39.23,40.05,40.87,41.64,42.42,43.21,43.85,44.52,45.08,45.69,45.95,46.87,47.18,47.95,48.11,48.58,49.18,49.42,49.69,49.99,50.26,50.65,50.68,50.97,51.47,51.69,52.05,51.91,51.99,52.13,52.79,53.32,54.09,53.65,54.08,54.39,54.83,55.00,55.28,55.72,56.12,57.01,56.50,55.88,56.00,56.72,58.78,56.72,57.37,57.89,55.53,57.76,59.26,59.42","2.17e+02,2.17e+02,2.15e+02,2.09e+02","0,8,0,8","1.28e+03; 1.30e+03,1.26e+03; 1.61e+03,1.59e+03,6.33e+02; 1.87e+03,1.86e+03,1.39e+03; 2.23e+03,2.22e+03,1.94e+03; 2.24e+03,2.23e+03,1.87e+03,1.34e+03; 2.76e+03,2.75e+03,2.45e+03,9.95e+02; 2.80e+03,2.79e+03,2.58e+03,2.06e+03; 2.93e+03,2.93e+03,2.89e+03,2.77e+03; 3.33e+03,3.32e+03,3.21e+03,2.94e+03; 3.83e+03,3.82e+03,3.42e+03,3.00e+03; 4.11e+03,4.11e+03,3.77e+03,3.36e+03; 4.48e+03,4.48e+03,4.17e+03,3.51e+03; 4.74e+03,4.74e+03,4.48e+03,3.95e+03; 5.01e+03,5.01e+03,4.79e+03,4.38e+03; 5.30e+03,5.29e+03,5.09e+03,4.79e+03; 5.61e+03,5.61e+03,5.43e+03,5.10e+03; 5.92e+03,5.92e+03,5.73e+03,5.47e+03; 6.22e+03,6.22e+03,6.04e+03,5.83e+03; 6.54e+03,6.53e+03,6.36e+03,6.16e+03; 6.85e+03,6.85e+03,6.70e+03,6.47e+03; 7.17e+03,7.17e+03,7.04e+03,6.78e+03; 7.46e+03,7.46e+03,7.35e+03,7.16e+03; 7.77e+03,7.76e+03,7.67e+03,7.51e+03; 8.09e+03,8.08e+03,7.99e+03,7.83e+03; 8.42e+03,8.41e+03,8.31e+03,8.14e+03; 8.73e+03,8.73e+03,8.64e+03,8.46e+03; 9.04e+03,9.04e+03,8.94e+03,8.81e+03; 9.36e+03,9.36e+03,9.27e+03,9.12e+03; 9.68e+03,9.67e+03,9.59e+03,9.45e+03; 1.00e+04,9.99e+03,9.91e+03,9.77e+03; 1.03e+04,1.03e+04,1.02e+04,1.01e+04; 1.06e+04,1.06e+04,1.05e+04,1.04e+04; 1.10e+04,1.10e+04,1.09e+04,1.07e+04; 1.13e+04,1.13e+04,1.12e+04,1.11e+04; 1.16e+04,1.16e+04,1.15e+04,1.14e+04; 1.19e+04,1.19e+04,1.18e+04,1.17e+04; 1.22e+04,1.22e+04,1.22e+04,1.20e+04; 1.25e+04,1.25e+04,1.25e+04,1.23e+04; 1.29e+04,1.29e+04,1.28e+04,1.27e+04; 1.32e+04,1.32e+04,1.31e+04,1.30e+04; 1.35e+04,1.35e+04,1.34e+04,1.33e+04; 1.38e+04,1.38e+04,1.37e+04,1.37e+04; 1.41e+04,1.41e+04,1.41e+04,1.40e+04; 1.45e+04,1.45e+04,1.44e+04,1.43e+04; 1.48e+04,1.48e+04,1.47e+04,1.46e+04; 1.51e+04,1.51e+04,1.50e+04,1.49e+04; 1.54e+04,1.54e+04,1.53e+04,1.53e+04; 1.57e+04,1.57e+04,1.57e+04,1.56e+04; 1.60e+04,1.60e+04,1.60e+04,1.59e+04; 1.64e+04,1.64e+04,1.63e+04,1.62e+04; 1.67e+04,1.67e+04,1.66e+04,1.66e+04; 1.70e+04,1.70e+04,1.69e+04,1.69e+04; 1.73e+04,1.73e+04,1.73e+04,1.72e+04; 1.76e+04,1.76e+04,1.76e+04,1.75e+04; 1.80e+04,1.80e+04,1.79e+04,1.78e+04; 1.83e+04,1.83e+04,1.82e+04,1.82e+04; 1.86e+04,1.86e+04,1.85e+04,1.85e+04; 1.89e+04,1.89e+04,1.89e+04,1.88e+04; 1.92e+04,1.92e+04,1.92e+04,1.91e+04; 1.96e+04,1.96e+04,1.95e+04,1.94e+04; 1.99e+04,1.99e+04,1.98e+04,1.98e+04; 2.02e+04,2.02e+04,2.01e+04,2.01e+04; 2.05e+04,2.05e+04,2.05e+04,2.04e+04","32,32,32,32,32,32,32,32,32,32,32,32,32,32,32,32,32,32,32,30,32,32,32,32,32,26,16,32,16,30,26,16,26,32,26,30,26,16,26,32,32,16,32,30,32,30,32,30,30,32,32,26,32,26,30,32,26,32,30,30,32,26,32,30"
682,39.90,34.96,"15.13,18.49,22.01,24.51,26.39,27.83,29.14,30.74,31.75,32.57,33.03,33.76,34.46,35.08,35.75,36.41,36.82,37.41,37.79,38.49,38.52,38.83,39.33,39.52,40.18,40.71,40.61,41.38,41.60,41.82,41.80,42.55,42.54,43.62,43.09,42.98,43.47,43.76,43.61,44.28,44.16,45.08,45.01,45.85,45.40,45.19,46.29,45.92,46.73,48.23,47.00,48.07,48.75,46.83,47.09,48.68,48.64,49.00,49.41,49.67,51.27,50.70,51.34,48.98","2.55e+02,2.55e+02,2.48e+02,1.82e+02","3,3,11,3","1.23e+03; 1.42e+03,1.04e+03; 1.89e+03,1.79e+03; 2.48e+03,2.43e+03; 3.08e+03,3.06e+03; 3.69e+03,3.68e+03; 3.76e+03,3.75e+03,1.09e+03; 3.73e+03,3.72e+03,2.37e+03; 4.09e+03,4.08e+03,2.88e+03; 4.49e+03,4.49e+03,3.30e+03; 4.94e+03,4.94e+03,3.63e+03; 5.26e+03,5.25e+03,4.22e+03; 5.63e+03,5.62e+03,4.71e+03; 6.01e+03,6.01e+03,5.17e+03; 6.41e+03,6.41e+03,5.60e+03; 6.76e+03,6.76e+03,6.12e+03; 7.17e+03,7.17e+03,6.53e+03; 7.57e+03,7.56e+03,6.97e+03; 7.98e+03,7.98e+03,7.36e+03; 8.39e+03,8.38e+03,7.79e+03; 8.77e+03,8.77e+03,8.24e+03; 9.18e+03,9.18e+03,8.66e+03; 9.58e+03,9.58e+03,9.08e+03; 9.97e+03,9.96e+03,9.54e+03; 9.82e+03,9.82e+03,9.39e+03,1.67e+03; 1.08e+04,1.08e+04,1.04e+04; 1.12e+04,1.12e+04,1.08e+04; 1.16e+04,1.16e+04,1.12e+04; 1.20e+04,1.20e+04,1.16e+04; 1.24e+04,1.24e+04,1.21e+04; 1.28e+04,1.28e+04,1.25e+04; 1.32e+04,1.32e+04,1.29e+04,1.01e+01; 1.26e+04,1.26e+04,1.23e+04,3.00e+03; 1.35e+04,1.35e+04,1.32e+04,1.55e+03; 1.36e+04,1.36e+04,1.33e+04,2.48e+03; 1.38e+04,1.38e+04,1.35e+04,3.00e+03; 1.47e+04,1.47e+04,1.45e+04,1.48e+03; 1.43e+04,1.43e+04,1.40e+04,4.00e+03; 1.46e+04,1.46e+04,1.44e+04,4.35e+03; 1.41e+04,1.41e+04,1.39e+04,7.12e+03; 1.48e+04,1.48e+04,1.46e+04,6.02e+03; 1.52e+04,1.52e+04,1.50e+04,6.16e+03; 1.50e+04,1.50e+04,1.48e+04,7.94e+03; 1.59e+04,1.59e+04,1.57e+04,6.61e+03; 1.61e+04,1.61e+04,1.60e+04,7.02e+03; 1.68e+04,1.68e+04,1.66e+04,6.33e+03; 1.61e+04,1.61e+04,1.59e+04,9.70e+03; 1.69e+04,1.69e+04,1.67e+04,8.40e+03; 1.71e+04,1.71e+04,1.70e+04,8.94e+03; 1.74e+04,1.74e+04,1.72e+04,9.46e+03; 1.70e+04,1.70e+04,1.68e+04,1.18e+04; 1.75e+04,1.75e+04,1.74e+04,1.15e+04; 1.80e+04,1.80e+04,1.79e+04,1.12e+04; 1.88e+04,1.88e+04,1.87e+04,1.01e+04; 1.86e+04,1.86e+04,1.85e+04,1.17e+04; 1.90e+04,1.90e+04,1.89e+04,1.18e+04; 1.94e+04,1.94e+04,1.93e+04,1.18e+04; 1.94e+04,1.94e+04,1.92e+04,1.32e+04; 1.95e+04,1.95e+04,1.94e+04,1.40e+04; 2.02e+04,2.02e+04,2.01e+04,1.32e+04; 2.05e+04,2.05e+04,2.04e+04,1.35e+04; 2.06e+04,2.06e+04,2.05e+04,1.44e+04; 2.08e+04,2.08e+04,2.07e+04,1.50e+04; 2.14e+04,2.14e+04,2.13e+04,1.46e+04","32,32,32,32,32,32,32,32,32,32,30,32,32,32,23,32,32,32,32,16,23,16,30,32,30,23,23,32,16,30,32,16,23,23,23,23,23,16,32,23,32,23,32,23,30,32,23,32,32,30,32,32,16,23,30,30,30,16,23,16,30,30,23,16"
683,37.68,33.14,"15.06,17.93,21.14,23.56,25.36,26.86,28.02,28.97,29.73,30.52,30.95,31.60,32.16,32.54,33.29,34.09,34.50,34.98,34.71,35.35,35.78,36.06,36.71,37.30,37.70,38.14,38.04,38.57,38.72,39.66,39.28,39.74,41.13,40.49,41.17,41.84,40.54,41.10,42.60,42.67,43.56,43.20,43.49,43.07,43.36,43.27,44.48,44.78,46.14,43.57,45.92,43.49,45.06,45.94,45.09,45.64,44.95,46.02,44.86,46.71,47.10,48.73,47.38,47.37","3.15e+02,3.15e+02,2.92e+02,2.43e+02","0,8,0,8","1.47e+03; 1.87e+03,1.08e+03; 2.32e+03,2.09e+03; 3.00e+03,2.89e+03; 3.71e+03,3.65e+03; 4.43e+03,4.39e+03; 5.16e+03,5.13e+03; 5.39e+03,5.36e+03,1.02e+03; 5.80e+03,5.78e+03,1.66e+03; 6.04e+03,6.03e+03,2.64e+03; 6.86e+03,6.84e+03,2.48e+03; 7.23e+03,7.21e+03,3.21e+03; 7.44e+03,7.43e+03,4.26e+03; 7.94e+03,7.92e+03,4.74e+03; 8.25e+03,8.24e+03,5.58e+03; 8.47e+03,8.45e+03,6.62e+03; 8.95e+03,8.94e+03,7.12e+03; 8.90e+03,8.88e+03,7.00e+03,1.70e+03; 9.44e+03,9.43e+03,7.26e+03,1.82e+03; 1.02e+04,1.02e+04,6.69e+03,2.32e+03; 1.09e+04,1.09e+04,9.00e+03,1.62e+02; 1.14e+04,1.14e+04,9.64e+03; 1.10e+04,1.10e+04,9.27e+03,2.63e+03; 1.10e+04,1.10e+04,9.76e+03,3.48e+03; 1.15e+04,1.15e+04,1.02e+04,3.69e+03; 1.18e+04,1.17e+04,1.05e+04,4.24e+03; 1.13e+04,1.13e+04,9.76e+03,7.33e+03; 1.21e+04,1.21e+04,1.06e+04,6.48e+03; 1.27e+04,1.27e+04,1.14e+04,5.81e+03; 1.29e+04,1.29e+04,1.17e+04,6.69e+03; 1.36e+04,1.36e+04,1.24e+04,6.12e+03; 1.36e+04,1.36e+04,1.27e+04,7.09e+03; 1.40e+04,1.40e+04,1.31e+04,7.51e+03; 1.45e+04,1.45e+04,1.36e+04,7.44e+03; 1.44e+04,1.44e+04,1.33e+04,9.43e+03; 1.65e+04,1.65e+04,1.17e+04,8.34e+03; 1.51e+04,1.51e+04,1.39e+04,1.04e+04; 1.52e+04,1.52e+04,1.43e+04,1.11e+04; 1.56e+04,1.56e+04,1.47e+04,1.15e+04; 1.60e+04,1.60e+04,1.52e+04,1.16e+04; 1.64e+04,1.64e+04,1.56e+04,1.20e+04; 1.67e+04,1.67e+04,1.58e+04,1.26e+04; 1.71e+04,1.70e+04,1.61e+04,1.30e+04; 1.76e+04,1.76e+04,1.65e+04,1.31e+04; 1.81e+04,1.81e+04,1.65e+04,1.34e+04; 1.81e+04,1.81e+04,1.73e+04,1.41e+04; 1.85e+04,1.85e+04,1.77e+04,1.45e+04; 1.88e+04,1.88e+04,1.81e+04,1.49e+04; 1.92e+04,1.92e+04,1.85e+04,1.52e+04; 1.96e+04,1.96e+04,1.88e+04,1.56e+04; 1.99e+04,1.99e+04,1.92e+04,1.59e+04; 1.98e+04,1.98e+04,1.89e+04,1.80e+04; 2.07e+04,2.07e+04,2.00e+04,1.66e+04; 2.10e+04,2.10e+04,2.03e+04,1.72e+04; 2.14e+04,2.14e+04,2.08e+04,1.73e+04; 2.16e+04,2.16e+04,2.11e+04,1.80e+04; 2.20e+04,2.20e+04,2.15e+04,1.84e+04; 2.19e+04,2.19e+04,2.13e+04,2.03e+04; 2.23e+04,2.23e+04,2.16e+04,2.07e+04; 2.37e+04,2.37e+04,2.16e+04,1.94e+04; 2.34e+04,2.34e+04,2.29e+04,2.01e+04; 2.35e+04,2.35e+04,2.30e+04,2.11e+04; 2.40e+04,2.40e+04,2.36e+04,2.10e+04; 2.44e+04,2.44e+04,2.40e+04,2.14e+04","32,32,32,32,32,32,32,32,32,32,32,32,32,32,32,32,16,38,16,32,32,32,38,32,32,38,16,32,38,38,38,32,55,16,55,16,16,16,16,16,16,55,55,55,32,16,55,55,55,32,38,38,32,16,32,16,16,32,16,16,32,16,32,16"
684,66.41,53.38,"15.38,24.05,31.43,35.26,38.80,41.75,43.87,45.92,47.52,48.55,49.58,50.40,51.33,52.20,52.94,53.93,54.71,55.30,55.42,55.87,56.09,56.80,57.17,57.36,58.29,58.29,58.77,59.12,59.37,59.29,59.76,60.23,60.86,61.40,62.22,62.11,62.64,63.20,61.80,64.73,63.55,65.01,63.57,63.32,64.98,64.58,63.80,64.98,65.64,66.40,66.91,65.95,67.03,68.87,68.55,69.10,72.11,70.65,70.26,69.58,72.90,74.11,72.19,76.11","2.76e+02,2.76e+02,2.76e+02,2.75e+02","15,1,15,1","2.01e+03; 2.02e+03,2.01e+03; 2.03e+03,2.02e+03,1.98e+03; 2.18e+03,2.15e+03,2.11e+03,1.62e+03; 2.68e+03,2.65e+03,2.64e+03,2.09e+03; 3.11e+03,3.08e+03,3.06e+03,2.83e+03; 3.61e+03,3.59e+03,3.56e+03,3.33e+03; 4.08e+03,4.06e+03,4.03e+03,3.93e+03; 4.57e+03,4.55e+03,4.53e+03,4.46e+03; 5.07e+03,5.06e+03,5.03e+03,4.97e+03; 5.57e+03,5.56e+03,5.54e+03,5.47e+03; 6.08e+03,6.06e+03,6.04e+03,5.97e+03; 6.58e+03,6.57e+03,6.54e+03,6.47e+03; 7.08e+03,7.07e+03,7.05e+03,6.98e+03; 7.58e+03,7.57e+03,7.55e+03,7.48e+03; 8.09e+03,8.08e+03,8.05e+03,7.99e+03; 8.59e+03,8.58e+03,8.56e+03,8.49e+03; 9.09e+03,9.09e+03,9.06e+03,8.99e+03; 9.59e+03,9.59e+03,9.56e+03,9.50e+03; 1.01e+04,1.01e+04,1.01e+04,1.00e+04; 1.06e+04,1.06e+04,1.06e+04,1.05e+04; 1.11e+04,1.11e+04,1.11e+04,1.10e+04; 1.16e+04,1.16e+04,1.16e+04,1.15e+04; 1.21e+04,1.21e+04,1.21e+04,1.20e+04; 1.26e+04,1.26e+04,1.26e+04,1.25e+04; 1.31e+04,1.31e+04,1.31e+04,1.30e+04; 1.36e+04,1.36e+04,1.36e+04,1.35e+04; 1.41e+04,1.41e+04,1.41e+04,1.40e+04; 1.46e+04,1.46e+04,1.46e+04,1.45e+04; 1.51e+04,1.51e+04,1.51e+04,1.50e+04; 1.56e+04,1.56e+04,1.56e+04,1.55e+04; 1.61e+04,1.61e+04,1.61e+04,1.60e+04; 1.66e+04,1.66e+04,1.66e+04,1.66e+04; 1.71e+04,1.71e+04,1.71e+04,1.71e+04; 1.76e+04,1.76e+04,1.76e+04,1.76e+04; 1.81e+04,1.81e+04,1.81e+04,1.81e+04; 1.86e+04,1.86e+04,1.86e+04,1.86e+04; 1.91e+04,1.91e+04,1.91e+04,1.91e+04; 1.97e+04,1.96e+04,1.96e+04,1.96e+04; 2.02e+04,2.01e+04,2.01e+04,2.01e+04; 2.07e+04,2.07e+04,2.06e+04,2.06e+04; 2.12e+04,2.12e+04,2.11e+04,2.11e+04; 2.17e+04,2.17e+04,2.16e+04,2.16e+04; 2.22e+04,2.22e+04,2.21e+04,2.21e+04; 2.27e+04,2.27e+04,2.26e+04,2.26e+04; 2.32e+04,2.32e+04,2.31e+04,2.31e+04; 2.37e+04,2.37e+04,2.36e+04,2.36e+04; 2.42e+04,2.42e+04,2.41e+04,2.41e+04; 2.47e+04,2.47e+04,2.46e+04,2.46e+04; 2.52e+04,2.52e+04,2.52e+04,2.51e+04; 2.57e+04,2.57e+04,2.57e+04,2.56e+04; 2.62e+04,2.62e+04,2.62e+04,2.61e+04; 2.67e+04,2.67e+04,2.67e+04,2.66e+04; 2.72e+04,2.72e+04,2.72e+04,2.71e+04; 2.77e+04,2.77e+04,2.77e+04,2.76e+04; 2.82e+04,2.82e+04,2.82e+04,2.81e+04; 2.87e+04,2.87e+04,2.87e+04,2.86e+04; 2.92e+04,2.92e+04,2.92e+04,2.91e+04; 2.97e+04,2.97e+04,2.97e+04,2.97e+04; 3.02e+04,3.02e+04,3.02e+04,3.02e+04; 3.07e+04,3.07e+04,3.07e+04,3.07e+04; 3.12e+04,3.12e+04,3.12e+04,3.12e+04; 3.17e+04,3.17e+04,3.17e+04,3.17e+04; 3.22e+04,3.22e+04,3.22e+04,3.22e+04","39,0,39,0,39,0,39,0,0,39,0,39,39,0,39,39,39,23,23,48,23,23,39,39,23,48,0,23,39,39,23,39,0,0,39,39,23,39,23,0,23,23,23,23,23,23,48,0,48,48,48,39,0,48,0,0,39,48,48,23,48,0,0,48"
685,59.94,46.98,"13.54,18.25,22.56,25.89,28.57,31.08,33.78,35.91,37.15,38.13,39.07,40.13,40.92,41.85,42.83,43.61,44.33,44.96,45.51,46.23,46.74,47.33,47.78,48.39,48.94,49.60,49.98,50.30,50.49,50.76,51.65,51.90,51.84,52.52,52.89,52.99,52.82,53.78,53.24,54.01,53.90,55.10,54.81,55.67,55.24,55.87,56.19,55.78,56.72,56.06,56.60,56.81,56.98,57.41,56.23,59.14,59.90,58.45,56.68,60.41,59.86,58.06,57.70,60.47","2.13e+02,2.13e+02,2.13e+02,2.12e+02","8,1,8,3","1.66e+03; 1.78e+03,1.53e+03; 1.86e+03,1.68e+03,1.42e+03; 2.14e+03,1.97e+03,1.87e+03,6.36e+02; 2.43e+03,2.34e+03,2.11e+03,1.40e+03; 2.76e+03,2.69e+03,2.57e+03,1.92e+03; 3.16e+03,3.10e+03,2.87e+03,2.45e+03; 3.58e+03,3.54e+03,3.09e+03,3.04e+03; 3.95e+03,3.92e+03,3.55e+03,3.48e+03; 4.25e+03,4.22e+03,4.07e+03,4.02e+03; 4.74e+03,4.71e+03,4.45e+03,4.32e+03; 5.19e+03,5.16e+03,4.87e+03,4.65e+03; 5.57e+03,5.54e+03,5.31e+03,5.10e+03; 5.99e+03,5.96e+03,5.64e+03,5.58e+03; 6.39e+03,6.36e+03,6.09e+03,6.00e+03; 6.80e+03,6.77e+03,6.51e+03,6.42e+03; 7.19e+03,7.17e+03,6.96e+03,6.83e+03; 7.61e+03,7.59e+03,7.36e+03,7.24e+03; 8.01e+03,7.99e+03,7.80e+03,7.65e+03; 8.41e+03,8.39e+03,8.22e+03,8.09e+03; 8.82e+03,8.80e+03,8.65e+03,8.51e+03; 9.23e+03,9.22e+03,9.04e+03,8.94e+03; 9.65e+03,9.64e+03,9.46e+03,9.33e+03; 1.01e+04,1.00e+04,9.86e+03,9.78e+03; 1.05e+04,1.05e+04,1.03e+04,1.02e+04; 1.09e+04,1.09e+04,1.07e+04,1.06e+04; 1.13e+04,1.13e+04,1.11e+04,1.10e+04; 1.17e+04,1.17e+04,1.15e+04,1.15e+04; 1.21e+04,1.21e+04,1.20e+04,1.19e+04; 1.25e+04,1.25e+04,1.24e+04,1.23e+04; 1.29e+04,1.29e+04,1.28e+04,1.27e+04; 1.33e+04,1.33e+04,1.32e+04,1.31e+04; 1.38e+04,1.38e+04,1.36e+04,1.35e+04; 1.42e+04,1.42e+04,1.40e+04,1.40e+04; 1.46e+04,1.46e+04,1.44e+04,1.44e+04; 1.50e+04,1.50e+04,1.48e+04,1.48e+04; 1.54e+04,1.54e+04,1.53e+04,1.52e+04; 1.58e+04,1.58e+04,1.57e+04,1.56e+04; 1.62e+04,1.62e+04,1.61e+04,1.60e+04; 1.67e+04,1.66e+04,1.65e+04,1.64e+04; 1.71e+04,1.71e+04,1.69e+04,1.68e+04; 1.75e+04,1.75e+04,1.73e+04,1.73e+04; 1.79e+04,1.79e+04,1.78e+04,1.77e+04; 1.83e+04,1.83e+04,1.82e+04,1.81e+04; 1.87e+04,1.87e+04,1.86e+04,1.85e+04; 1.91e+04,1.91e+04,1.90e+04,1.89e+04; 1.95e+04,1.95e+04,1.94e+04,1.93e+04; 2.00e+04,2.00e+04,1.98e+04,1.98e+04; 2.04e+04,2.04e+04,2.02e+04,2.02e+04; 2.08e+04,2.08e+04,2.06e+04,2.06e+04; 2.12e+04,2.12e+04,2.10e+04,2.10e+04; 2.16e+04,2.16e+04,2.15e+04,2.14e+04; 2.20e+04,2.20e+04,2.19e+04,2.18e+04; 2.24e+04,2.24e+04,2.23e+04,2.22e+04; 2.28e+04,2.28e+04,2.27e+04,2.27e+04; 2.33e+04,2.33e+04,2.31e+04,2.31e+04; 2.37e+04,2.37e+04,2.35e+04,2.35e+04; 2.41e+04,2.41e+04,2.39e+04,2.39e+04; 2.45e+04,2.45e+04,2.44e+04,2.43e+04; 2.49e+04,2.49e+04,2.48e+04,2.48e+04; 2.53e+04,2.53e+04,2.52e+04,2.52e+04; 2.57e+04,2.57e+04,2.56e+04,2.56e+04; 2.62e+04,2.61e+04,2.60e+04,2.60e+04; 2.66e+04,2.66e+04,2.64e+04,2.64e+04","39,24,24,39,24,24,24,24,24,39,24,24,24,24,24,39,24,39,24,24,26,24,30,39,24,24,24,39,24,39,24,30,39,30,24,26,26,26,26,39,24,39,30,30,39,30,24,30,24,30,39,30,30,26,24,39,39,30,39,39,39,30,30,39"
686,41.68,37.17,"15.99,19.74,23.36,26.00,28.52,30.84,32.92,34.95,36.26,37.02,37.50,37.97,38.48,39.07,39.31,40.48,40.93,41.59,41.64,41.96,42.45,43.42,43.92,44.47,43.86,45.19,44.02,45.50,44.28,44.72,45.35,44.95,45.61,44.88,46.62,45.63,45.45,49.81,49.68,49.05,50.78,47.94,49.95,51.79,50.42,53.91,52.84,52.94,53.63,53.90,55.68,61.37,59.18,59.13,62.32,62.30,64.54,67.84,67.55,67.59,72.45,70.64,74.62,70.72","4.70e+02,4.70e+02,4.64e+02,3.40e+02","12,4,12,12","2.16e+03; 2.45e+03,1.87e+03; 3.33e+03,3.16e+03; 4.37e+03,4.29e+03; 4.25e+03,4.21e+03,2.35e+03; 4.68e+03,4.65e+03,3.65e+03; 5.26e+03,5.24e+03,4.65e+03; 5.89e+03,5.88e+03,5.54e+03; 6.57e+03,6.56e+03,6.34e+03; 7.29e+03,7.28e+03,7.06e+03; 8.01e+03,8.00e+03,7.79e+03; 8.73e+03,8.72e+03,8.51e+03; 9.45e+03,9.44e+03,9.24e+03; 1.02e+04,1.02e+04,9.96e+03; 1.09e+04,1.09e+04,1.07e+04; 1.16e+04,1.16e+04,1.14e+04; 1.23e+04,1.23e+04,1.22e+04; 1.30e+04,1.30e+04,1.29e+04; 1.37e+04,1.37e+04,1.36e+04; 1.45e+04,1.45e+04,1.43e+04; 1.52e+04,1.52e+04,1.51e+04; 1.59e+04,1.59e+04,1.58e+04; 1.66e+04,1.66e+04,1.65e+04; 1.74e+04,1.73e+04,1.72e+04; 1.57e+04,1.57e+04,1.56e+04,7.24e+03; 1.88e+04,1.88e+04,1.87e+04; 1.67e+04,1.67e+04,1.66e+04,8.49e+03; 1.87e+04,1.87e+04,1.86e+04,4.56e+03; 2.06e+04,2.06e+04,2.05e+04,9.19e+02; 1.87e+04,1.87e+04,1.86e+04,8.90e+03; 1.95e+04,1.95e+04,1.94e+04,8.73e+03; 2.00e+04,2.00e+04,1.99e+04,9.44e+03; 2.10e+04,2.10e+04,2.09e+04,8.52e+03; 2.17e+04,2.17e+04,2.17e+04,8.44e+03; 2.30e+04,2.30e+04,2.29e+04,6.89e+03; 2.23e+04,2.23e+04,2.22e+04,1.10e+04; 2.38e+04,2.38e+04,2.37e+04,8.84e+03; 2.36e+04,2.36e+04,2.36e+04,1.14e+04; 2.47e+04,2.47e+04,2.47e+04,1.02e+04; 2.44e+04,2.44e+04,2.43e+04,1.35e+04; 2.36e+04,2.36e+04,2.35e+04,1.81e+04; 2.54e+04,2.54e+04,2.53e+04,1.48e+04; 2.60e+04,2.59e+04,2.59e+04,1.53e+04; 2.65e+04,2.65e+04,2.64e+04,1.58e+04; 2.73e+04,2.73e+04,2.72e+04,1.55e+04; 2.66e+04,2.66e+04,2.65e+04,1.99e+04; 2.64e+04,2.63e+04,2.63e+04,2.27e+04; 2.83e+04,2.83e+04,2.82e+04,1.90e+04; 2.91e+04,2.91e+04,2.90e+04,1.88e+04; 2.87e+04,2.87e+04,2.86e+04,2.21e+04; 2.99e+04,2.99e+04,2.98e+04,2.07e+04; 3.05e+04,3.05e+04,3.04e+04,2.11e+04; 3.11e+04,3.11e+04,3.11e+04,2.14e+04; 3.00e+04,3.00e+04,3.00e+04,2.69e+04; 3.21e+04,3.21e+04,3.20e+04,2.29e+04; 3.16e+04,3.16e+04,3.16e+04,2.64e+04; 3.29e+04,3.29e+04,3.28e+04,2.48e+04; 3.34e+04,3.34e+04,3.33e+04,2.55e+04; 3.38e+04,3.38e+04,3.38e+04,2.62e+04; 3.36e+04,3.36e+04,3.36e+04,2.89e+04; 3.50e+04,3.50e+04,3.49e+04,2.72e+04; 3.56e+04,3.56e+04,3.55e+04,2.75e+04; 3.61e+04,3.61e+04,3.60e+04,2.81e+04; 3.55e+04,3.55e+04,3.54e+04,3.21e+04","39,39,39,39,39,39,39,39,39,55,55,39,55,39,23,39,39,55,55,39,55,55,7,23,39,7,55,23,55,7,7,39,39,39,39,23,7,55,39,23,55,39,23,39,39,7,7,7,23,55,39,55,23,39,7,7,39,7,55,55,55,55,55,7"
687,51.59,44.71,"16.47,21.58,25.65,28.46,30.04,31.64,32.74,34.03,34.56,35.26,35.65,37.44,38.11,38.97,39.89,40.37,41.29,42.22,42.24,43.26,44.33,43.94,45.22,45.89,46.08,46.88,47.27,47.51,47.67,47.90,49.37,49.66,50.56,49.97,50.96,49.99,52.11,56.41,53.54,55.40,53.65,57.41,56.62,59.59,59.76,58.99,59.93,65.21,64.28,65.57,69.68,70.16,72.12,75.13,77.96,80.68,81.75,84.83,84.67,88.92,91.35,92.09,95.43,96.56","6.29e+02,6.28e+02,6.26e+02,6.17e+02","8,8,8,0","3.74e+03; 3.90e+03,3.59e+03; 5.65e+03,5.58e+03; 7.50e+03,7.47e+03; 7.62e+03,7.61e+03,3.49e+03; 7.60e+03,7.59e+03,5.64e+03,1.62e+03; 8.68e+03,8.67e+03,6.17e+03,2.67e+03; 9.15e+03,9.14e+03,6.55e+03,5.09e+03; 1.04e+04,1.04e+04,7.01e+03,5.79e+03; 1.09e+04,1.09e+04,8.25e+03,7.31e+03; 1.19e+04,1.19e+04,9.20e+03,8.15e+03; 1.47e+04,1.46e+04,9.78e+03,5.82e+03; 1.73e+04,1.73e+04,1.41e+04; 1.57e+04,1.57e+04,1.26e+04,8.27e+03; 1.65e+04,1.65e+04,1.34e+04,9.72e+03; 1.73e+04,1.73e+04,1.41e+04,1.12e+04; 1.83e+04,1.83e+04,1.49e+04,1.20e+04; 1.90e+04,1.90e+04,1.55e+04,1.39e+04; 1.99e+04,1.99e+04,1.63e+04,1.50e+04; 2.05e+04,2.04e+04,1.71e+04,1.69e+04; 2.14e+04,2.14e+04,1.83e+04,1.75e+04; 2.33e+04,2.33e+04,2.09e+04,1.48e+04; 2.30e+04,2.30e+04,2.05e+04,1.95e+04; 2.39e+04,2.39e+04,2.15e+04,2.05e+04; 2.49e+04,2.49e+04,2.25e+04,2.14e+04; 2.58e+04,2.58e+04,2.34e+04,2.24e+04; 2.66e+04,2.66e+04,2.42e+04,2.36e+04; 2.76e+04,2.76e+04,2.55e+04,2.40e+04; 2.83e+04,2.83e+04,2.74e+04,2.44e+04; 2.92e+04,2.92e+04,2.77e+04,2.62e+04; 3.00e+04,3.00e+04,2.85e+04,2.75e+04; 3.10e+04,3.10e+04,2.95e+04,2.83e+04; 3.19e+04,3.19e+04,3.05e+04,2.92e+04; 3.28e+04,3.28e+04,3.14e+04,3.02e+04; 3.37e+04,3.37e+04,3.24e+04,3.12e+04; 3.48e+04,3.47e+04,3.34e+04,3.18e+04; 3.64e+04,3.64e+04,3.54e+04,3.01e+04; 3.64e+04,3.64e+04,3.55e+04,3.39e+04; 3.73e+04,3.73e+04,3.64e+04,3.50e+04; 3.82e+04,3.82e+04,3.73e+04,3.59e+04; 3.92e+04,3.92e+04,3.83e+04,3.67e+04; 4.02e+04,4.02e+04,3.93e+04,3.75e+04; 4.08e+04,4.08e+04,3.99e+04,3.94e+04; 4.22e+04,4.22e+04,4.11e+04,3.92e+04; 4.33e+04,4.33e+04,4.25e+04,3.94e+04; 4.39e+04,4.39e+04,4.32e+04,4.12e+04; 4.47e+04,4.47e+04,4.40e+04,4.25e+04; 4.56e+04,4.56e+04,4.50e+04,4.35e+04; 4.66e+04,4.66e+04,4.60e+04,4.42e+04; 4.75e+04,4.75e+04,4.68e+04,4.54e+04; 4.84e+04,4.84e+04,4.78e+04,4.63e+04; 4.93e+04,4.93e+04,4.88e+04,4.71e+04; 5.12e+04,5.12e+04,5.08e+04,4.51e+04; 5.12e+04,5.12e+04,5.07e+04,4.90e+04; 5.21e+04,5.21e+04,5.16e+04,5.01e+04; 5.31e+04,5.31e+04,5.26e+04,5.08e+04; 5.40e+04,5.40e+04,5.36e+04,5.17e+04; 5.45e+04,5.45e+04,5.41e+04,5.40e+04; 5.58e+04,5.58e+04,5.54e+04,5.38e+04; 5.69e+04,5.69e+04,5.65e+04,5.43e+04; 5.77e+04,5.77e+04,5.74e+04,5.55e+04; 5.86e+04,5.86e+04,5.83e+04,5.64e+04; 5.95e+04,5.95e+04,5.92e+04,5.76e+04; 6.04e+04,6.04e+04,6.01e+04,5.86e+04","30,30,30,30,24,30,30,24,26,26,26,30,30,24,30,30,30,24,30,30,28,30,30,24,28,24,26,24,24,24,24,24,26,30,30,24,28,24,28,26,30,24,26,26,28,28,30,24,24,30,24,30,28,26,24,26,30,30,30,24,26,26,30,30"
688,46.07,41.51,"16.69,21.75,25.26,27.79,29.61,30.99,32.17,33.92,34.74,35.49,36.32,36.70,37.42,38.12,38.99,40.31,40.74,41.97,42.73,43.33,44.33,45.95,45.38,46.49,46.50,46.54,47.97,47.88,48.42,48.50,48.49,49.91,52.10,52.29,54.94,57.38,58.92,58.46,63.25,62.66,65.59,67.88,72.32,72.70,74.27,74.63,78.47,82.32,82.39,86.97,88.26,91.26,95.88,98.43,102.75,106.18,108.78,111.60,113.17,117.06,125.11,126.40,129.39,132.00","6.05e+02,6.04e+02,6.02e+02,5.68e+02","15,15,7,15","3.40e+03; 3.53e+03,3.28e+03; 5.15e+03,5.06e+03; 6.83e+03,6.78e+03; 8.52e+03,8.49e+03; 1.02e+04,1.02e+04; 1.07e+04,1.07e+04,2.41e+03; 1.00e+04,9.99e+03,7.24e+03; 1.11e+04,1.11e+04,8.45e+03; 1.22e+04,1.22e+04,9.56e+03; 1.33e+04,1.33e+04,1.07e+04; 1.41e+04,1.40e+04,1.07e+04,2.07e+03; 1.54e+04,1.53e+04,1.35e+04; 1.44e+04,1.44e+04,1.29e+04,5.97e+03; 1.50e+04,1.50e+04,1.38e+04,7.36e+03; 1.55e+04,1.55e+04,1.47e+04,8.74e+03; 1.64e+04,1.64e+04,1.55e+04,9.57e+03; 1.68e+04,1.68e+04,1.60e+04,1.16e+04; 1.69e+04,1.69e+04,1.60e+04,1.48e+04; 1.82e+04,1.82e+04,1.70e+04,1.46e+04; 2.06e+04,2.06e+04,1.99e+04,1.03e+04; 1.94e+04,1.94e+04,1.88e+04,1.72e+04; 2.02e+04,2.02e+04,1.97e+04,1.81e+04; 2.10e+04,2.10e+04,2.06e+04,1.92e+04; 2.18e+04,2.18e+04,2.14e+04,2.00e+04; 2.27e+04,2.26e+04,2.22e+04,2.09e+04; 2.33e+04,2.33e+04,2.28e+04,2.25e+04; 2.44e+04,2.44e+04,2.38e+04,2.27e+04; 2.52e+04,2.52e+04,2.49e+04,2.34e+04; 2.59e+04,2.59e+04,2.56e+04,2.48e+04; 2.67e+04,2.67e+04,2.65e+04,2.57e+04; 2.75e+04,2.75e+04,2.73e+04,2.66e+04; 2.84e+04,2.84e+04,2.82e+04,2.74e+04; 2.92e+04,2.92e+04,2.90e+04,2.83e+04; 3.00e+04,3.00e+04,2.97e+04,2.95e+04; 3.09e+04,3.09e+04,3.06e+04,3.00e+04; 3.27e+04,3.27e+04,3.25e+04,2.80e+04; 3.25e+04,3.25e+04,3.23e+04,3.19e+04; 3.33e+04,3.33e+04,3.32e+04,3.28e+04; 3.42e+04,3.42e+04,3.41e+04,3.37e+04; 3.50e+04,3.50e+04,3.49e+04,3.45e+04; 3.59e+04,3.59e+04,3.58e+04,3.54e+04; 3.67e+04,3.67e+04,3.66e+04,3.63e+04; 3.75e+04,3.75e+04,3.74e+04,3.73e+04; 3.84e+04,3.84e+04,3.83e+04,3.80e+04; 3.92e+04,3.92e+04,3.92e+04,3.89e+04; 4.01e+04,4.01e+04,4.00e+04,3.98e+04; 4.09e+04,4.09e+04,4.09e+04,4.06e+04; 4.18e+04,4.18e+04,4.17e+04,4.15e+04; 4.26e+04,4.26e+04,4.26e+04,4.23e+04; 4.35e+04,4.35e+04,4.34e+04,4.32e+04; 4.43e+04,4.43e+04,4.43e+04,4.41e+04; 4.52e+04,4.52e+04,4.51e+04,4.49e+04; 4.60e+04,4.60e+04,4.60e+04,4.58e+04; 4.69e+04,4.69e+04,4.68e+04,4.66e+04; 4.77e+04,4.77e+04,4.77e+04,4.75e+04; 4.86e+04,4.86e+04,4.85e+04,4.83e+04; 4.94e+04,4.94e+04,4.94e+04,4.92e+04; 5.03e+04,5.03e+04,5.02e+04,5.01e+04; 5.11e+04,5.11e+04,5.11e+04,5.09e+04; 5.20e+04,5.20e+04,5.19e+04,5.17e+04; 5.28e+04,5.28e+04,5.28e+04,5.26e+04; 5.37e+04,5.37e+04,5.36e+04,5.35e+04; 5.45e+04,5.45e+04,5.45e+04,5.43e+04","39,23,23,39,23,39,39,39,23,23,39,7,23,23,39,39,39,39,39,39,23,23,7,39,23,23,7,7,23,39,39,23,7,39,39,39,7,23,39,23,39,55,39,7,7,39,39,23,23,55,39,39,39,23,23,23,23,7,39,39,23,23,39,39"
689,46.45,40.92,"11.18,21.15,25.48,28.53,30.70,32.32,33.53,34.86,35.72,36.68,37.21,37.73,38.49,39.11,39.67,40.74,40.69,41.78,42.19,42.36,42.94,43.42,43.71,44.55,43.89,44.85,44.79,45.54,47.01,45.88,46.76,46.82,46.16,47.73,47.92,48.37,48.11,49.35,51.81,49.20,49.90,51.21,49.77,51.64,50.64,52.96,52.74,54.04,55.95,57.19,56.33,55.30,58.20,59.59,60.13,61.33,61.19,64.42,62.17,64.09,65.87,68.04,71.24,71.16","5.76e+02,5.76e+02,5.59e+02,4.92e+02","12,12,7,12","3.16e+03; 3.18e+03,3.15e+03; 4.75e+03,4.74e+03; 6.33e+03,6.32e+03; 7.91e+03,7.91e+03; 9.49e+03,9.49e+03; 1.11e+04,1.11e+04; 9.89e+03,9.89e+03,5.53e+03; 1.10e+04,1.10e+04,6.41e+03; 1.17e+04,1.17e+04,8.20e+03; 1.27e+04,1.27e+04,9.33e+03; 1.54e+04,1.54e+04,7.19e+03; 1.47e+04,1.47e+04,1.18e+04; 1.57e+04,1.57e+04,1.29e+04; 1.67e+04,1.67e+04,1.41e+04; 1.74e+04,1.74e+04,1.58e+04; 1.67e+04,1.67e+04,1.49e+04,5.53e+03; 1.95e+04,1.95e+04,1.80e+04; 2.06e+04,2.06e+04,1.90e+04; 2.22e+04,2.22e+04,1.90e+04; 2.26e+04,2.26e+04,2.13e+04; 2.36e+04,2.36e+04,2.23e+04; 2.30e+04,2.30e+04,2.17e+04,5.07e+03; 2.44e+04,2.44e+04,2.33e+04,3.87e+03; 2.21e+04,2.21e+04,2.10e+04,1.38e+04; 2.44e+04,2.44e+04,2.34e+04,9.94e+03; 2.75e+04,2.75e+04,2.58e+04,4.66e+03; 2.62e+04,2.62e+04,2.44e+04,1.17e+04; 2.75e+04,2.75e+04,2.66e+04,1.01e+04; 2.80e+04,2.80e+04,2.71e+04,1.18e+04; 2.84e+04,2.84e+04,2.75e+04,1.38e+04; 2.86e+04,2.86e+04,2.78e+04,1.63e+04; 2.80e+04,2.80e+04,2.72e+04,2.12e+04; 2.98e+04,2.98e+04,2.91e+04,1.89e+04; 3.17e+04,3.17e+04,3.05e+04,1.67e+04; 3.16e+04,3.16e+04,3.06e+04,2.02e+04; 3.23e+04,3.23e+04,3.16e+04,2.09e+04; 3.27e+04,3.27e+04,3.20e+04,2.28e+04; 3.32e+04,3.32e+04,3.25e+04,2.45e+04; 3.36e+04,3.36e+04,3.30e+04,2.63e+04; 3.46e+04,3.46e+04,3.39e+04,2.66e+04; 3.51e+04,3.51e+04,3.45e+04,2.82e+04; 3.60e+04,3.60e+04,3.53e+04,2.88e+04; 3.71e+04,3.71e+04,3.64e+04,2.86e+04; 3.82e+04,3.82e+04,3.76e+04,2.85e+04; 3.80e+04,3.80e+04,3.74e+04,3.22e+04; 3.87e+04,3.87e+04,3.82e+04,3.31e+04; 3.93e+04,3.93e+04,3.88e+04,3.44e+04; 4.01e+04,4.01e+04,3.96e+04,3.51e+04; 4.09e+04,4.09e+04,4.04e+04,3.60e+04; 4.11e+04,4.11e+04,4.04e+04,3.88e+04; 4.45e+04,4.45e+04,4.39e+04,3.17e+04; 4.52e+04,4.52e+04,4.48e+04,3.24e+04; 4.38e+04,4.38e+04,4.34e+04,3.98e+04; 4.45e+04,4.45e+04,4.40e+04,4.10e+04; 4.53e+04,4.53e+04,4.48e+04,4.18e+04; 4.59e+04,4.59e+04,4.55e+04,4.30e+04; 4.68e+04,4.68e+04,4.63e+04,4.36e+04; 4.74e+04,4.74e+04,4.69e+04,4.50e+04; 4.90e+04,4.90e+04,4.86e+04,4.32e+04; 4.93e+04,4.93e+04,4.89e+04,4.54e+04; 4.98e+04,4.98e+04,4.94e+04,4.72e+04; 5.05e+04,5.05e+04,5.02e+04,4.80e+04; 5.13e+04,5.13e+04,5.09e+04,4.89e+04","32,22,22,22,22,22,38,22,38,22,16,38,38,32,22,22,16,16,22,38,32,22,16,16,16,32,16,38,38,32,16,22,16,32,22,16,22,38,32,32,32,22,22,16,16,38,16,32,16,38,16,32,16,16,22,38,22,22,32,38,32,16,32,32"
690,46.14,43.16,"16.89,23.13,26.89,29.65,33.01,35.98,38.19,40.54,41.69,42.47,42.89,43.00,43.83,44.40,44.38,45.66,46.28,47.89,48.10,46.90,48.93,47.96,46.89,48.57,50.19,50.84,52.25,52.58,50.64,49.80,53.68,52.61,58.27,57.22,58.85,61.43,60.72,65.76,66.75,68.48,73.59,75.64,80.77,82.77,84.58,86.43,87.77,93.02,95.47,95.96,100.58,105.55,108.16,108.62,114.16,116.18,123.05,122.62,126.25,129.83,137.60,139.79,143.60,149.27","1.36e+03,1.36e+03,1.36e+03,7.28e+02","11,3,11,11","6.28e+03; 6.41e+03,6.15e+03; 9.47e+03,9.38e+03; 9.94e+03,9.89e+03,5.31e+03; 1.09e+04,1.08e+04,9.69e+03; 1.27e+04,1.27e+04,1.23e+04; 1.47e+04,1.47e+04,1.45e+04; 1.68e+04,1.68e+04,1.67e+04; 1.89e+04,1.89e+04,1.88e+04; 2.10e+04,2.10e+04,2.09e+04; 2.31e+04,2.30e+04,2.30e+04; 2.52e+04,2.51e+04,2.51e+04; 2.73e+04,2.72e+04,2.72e+04; 2.92e+04,2.92e+04,2.91e+04,4.92e+02; 2.77e+04,2.77e+04,2.76e+04,1.12e+04; 3.35e+04,3.35e+04,3.35e+04; 3.56e+04,3.56e+04,3.56e+04; 3.77e+04,3.77e+04,3.77e+04; 3.93e+04,3.93e+04,3.93e+04,1.37e+03; 4.19e+04,4.19e+04,4.19e+04; 3.91e+04,3.91e+04,3.90e+04,1.47e+04; 3.93e+04,3.93e+04,3.92e+04,2.04e+04; 3.84e+04,3.84e+04,3.84e+04,2.93e+04; 3.91e+04,3.91e+04,3.91e+04,3.34e+04; 4.56e+04,4.56e+04,4.56e+04,2.02e+04; 4.52e+04,4.52e+04,4.52e+04,2.78e+04; 4.78e+04,4.78e+04,4.77e+04,2.63e+04; 5.38e+04,5.38e+04,5.38e+04,1.44e+04; 4.86e+04,4.85e+04,4.85e+04,3.66e+04; 4.86e+04,4.86e+04,4.86e+04,4.27e+04; 5.35e+04,5.35e+04,5.35e+04,3.42e+04; 5.28e+04,5.28e+04,5.27e+04,4.27e+04; 5.71e+04,5.70e+04,5.70e+04,3.62e+04; 5.51e+04,5.51e+04,5.51e+04,4.82e+04; 5.64e+04,5.64e+04,5.64e+04,5.06e+04; 6.31e+04,6.31e+04,6.31e+04,3.68e+04; 6.24e+04,6.24e+04,6.23e+04,4.54e+04; 6.68e+04,6.68e+04,6.68e+04,3.83e+04; 6.32e+04,6.32e+04,6.32e+04,5.54e+04; 6.50e+04,6.50e+04,6.50e+04,5.63e+04; 6.92e+04,6.92e+04,6.92e+04,4.99e+04; 6.97e+04,6.97e+04,6.97e+04,5.47e+04; 7.19e+04,7.19e+04,7.18e+04,5.45e+04; 7.33e+04,7.33e+04,7.33e+04,5.65e+04; 7.54e+04,7.54e+04,7.53e+04,5.66e+04; 7.65e+04,7.65e+04,7.65e+04,5.94e+04; 7.71e+04,7.71e+04,7.71e+04,6.39e+04; 8.03e+04,8.03e+04,8.03e+04,6.07e+04; 8.06e+04,8.06e+04,8.06e+04,6.61e+04; 8.16e+04,8.16e+04,8.16e+04,6.94e+04; 8.27e+04,8.27e+04,8.27e+04,7.22e+04; 8.35e+04,8.35e+04,8.35e+04,7.62e+04; 8.54e+04,8.54e+04,8.54e+04,7.68e+04; 8.80e+04,8.80e+04,8.80e+04,7.52e+04; 8.94e+04,8.94e+04,8.94e+04,7.72e+04; 8.86e+04,8.86e+04,8.86e+04,8.59e+04; 9.21e+04,9.21e+04,9.21e+04,8.17e+04; 9.35e+04,9.35e+04,9.35e+04,8.38e+04; 9.48e+04,9.48e+04,9.48e+04,8.62e+04; 9.70e+04,9.70e+04,9.70e+04,8.60e+04; 9.83e+04,9.83e+04,9.83e+04,8.82e+04; 9.92e+04,9.92e+04,9.92e+04,9.19e+04; 1.00e+05,1.00e+05,1.00e+05,9.53e+04; 1.03e+05,1.03e+05,1.03e+05,9.40e+04","23,23,23,23,23,23,23,23,39,39,39,7,7,7,23,23,23,7,39,55,7,23,23,7,7,7,55,23,55,39,7,55,23,7,23,39,55,23,23,23,23,23,39,7,23,39,7,7,23,39,39,55,39,23,39,39,23,55,23,23,23,23,23,39"
691,53.24,43.30,"17.03,21.36,24.98,27.52,29.34,30.55,31.72,33.07,32.66,33.91,34.39,34.39,34.94,36.89,36.43,37.98,38.93,39.60,37.77,38.12,39.62,40.32,40.46,41.76,42.67,43.34,42.77,42.15,42.36,44.66,44.16,44.88,46.39,47.15,47.52,49.39,50.61,51.11,52.26,52.45,55.35,55.23,55.33,58.35,60.62,62.02,63.70,62.83,66.99,69.44,70.89,73.19,75.29,79.72,82.72,84.78,87.28,92.51,89.87,90.53,92.83,95.85,101.70,100.75","6.72e+02,6.71e+02,6.69e+02,6.52e+02","15,15,15,4","4.30e+03; 4.61e+03,3.98e+03; 6.54e+03,6.35e+03; 8.64e+03,8.55e+03; 1.08e+04,1.07e+04; 1.29e+04,1.29e+04; 1.50e+04,1.50e+04; 1.72e+04,1.72e+04; 1.82e+04,1.82e+04,2.33e+03; 1.90e+04,1.90e+04,5.02e+03; 2.03e+04,2.03e+04,6.62e+03; 2.28e+04,2.27e+04,6.04e+03; 2.48e+04,2.47e+04,6.34e+03; 2.34e+04,2.34e+04,1.12e+04,2.15e+03; 2.20e+04,2.20e+04,1.46e+04,5.84e+03; 2.41e+04,2.41e+04,1.69e+04,3.53e+03; 2.52e+04,2.52e+04,1.79e+04,4.66e+03; 2.58e+04,2.58e+04,1.98e+04,5.85e+03; 2.38e+04,2.38e+04,1.72e+04,1.68e+04; 2.66e+04,2.65e+04,2.09e+04,1.19e+04; 2.73e+04,2.73e+04,1.86e+04,1.69e+04; 2.76e+04,2.76e+04,2.19e+04,1.74e+04; 2.92e+04,2.92e+04,2.29e+04,1.75e+04; 2.99e+04,2.98e+04,2.33e+04,2.01e+04; 3.06e+04,3.06e+04,2.50e+04,2.12e+04; 3.18e+04,3.18e+04,2.51e+04,2.31e+04; 3.39e+04,3.39e+04,2.60e+04,2.21e+04; 3.75e+04,3.75e+04,3.04e+04,1.48e+04; 3.40e+04,3.40e+04,3.01e+04,2.65e+04; 3.56e+04,3.56e+04,2.96e+04,2.81e+04; 3.63e+04,3.63e+04,3.13e+04,2.93e+04; 3.79e+04,3.79e+04,3.12e+04,3.03e+04; 3.85e+04,3.85e+04,3.34e+04,3.13e+04; 4.02e+04,4.02e+04,3.38e+04,3.18e+04; 3.99e+04,3.99e+04,3.59e+04,3.47e+04; 4.27e+04,4.26e+04,3.64e+04,3.30e+04; 4.29e+04,4.29e+04,3.70e+04,3.61e+04; 4.43e+04,4.43e+04,3.77e+04,3.68e+04; 4.74e+04,4.74e+04,3.99e+04,3.29e+04; 4.59e+04,4.59e+04,4.08e+04,3.92e+04; 4.72e+04,4.72e+04,4.19e+04,3.98e+04; 4.81e+04,4.81e+04,4.26e+04,4.15e+04; 5.03e+04,5.03e+04,4.44e+04,3.98e+04; 5.10e+04,5.09e+04,4.48e+04,4.23e+04; 5.19e+04,5.19e+04,4.53e+04,4.43e+04; 5.21e+04,5.21e+04,4.75e+04,4.59e+04; 5.36e+04,5.36e+04,4.87e+04,4.59e+04; 5.36e+04,5.36e+04,4.99e+04,4.90e+04; 5.52e+04,5.52e+04,5.06e+04,4.94e+04; 5.62e+04,5.62e+04,5.16e+04,5.07e+04; 5.72e+04,5.72e+04,5.32e+04,5.14e+04; 5.95e+04,5.95e+04,5.56e+04,4.87e+04; 5.90e+04,5.90e+04,5.52e+04,5.44e+04; 6.05e+04,6.05e+04,5.56e+04,5.53e+04; 6.19e+04,6.19e+04,5.72e+04,5.53e+04; 6.15e+04,6.15e+04,5.92e+04,5.83e+04; 6.35e+04,6.35e+04,5.91e+04,5.87e+04; 6.44e+04,6.44e+04,6.08e+04,5.96e+04; 6.84e+04,6.84e+04,6.48e+04,5.18e+04; 6.77e+04,6.77e+04,6.32e+04,5.92e+04; 6.94e+04,6.94e+04,6.52e+04,5.81e+04; 6.86e+04,6.86e+04,6.49e+04,6.42e+04; 6.96e+04,6.96e+04,6.63e+04,6.52e+04; 7.05e+04,7.05e+04,6.73e+04,6.66e+04","31,31,31,31,31,31,31,29,31,31,27,25,31,31,31,31,31,29,25,31,25,25,31,29,25,29,29,27,25,31,29,25,25,25,25,31,27,29,25,27,27,29,27,25,25,31,31,31,31,27,29,31,31,31,29,27,31,31,25,27,27,31,27,25"
692,58.75,45.72,"15.93,23.18,26.85,29.24,30.90,32.50,34.76,37.47,38.20,38.65,39.16,40.21,40.41,41.35,41.11,42.17,42.55,42.89,43.86,43.00,45.19,45.03,46.29,48.20,48.12,48.97,45.29,48.31,46.43,49.23,51.81,52.97,54.72,56.50,54.24,59.83,64.12,63.36,63.84,67.15,68.02,70.91,73.95,78.03,80.40,82.08,84.08,86.06,89.63,93.41,95.04,99.20,104.24,104.50,109.46,113.42,118.74,124.13,126.01,127.80,132.94,131.98,136.33,142.31","1.05e+03,1.05e+03,1.04e+03,1.04e+03","8,8,8,8","7.69e+03; 7.78e+03,7.60e+03; 1.16e+04,1.15e+04; 1.54e+04,1.54e+04; 1.92e+04,1.92e+04; 1.78e+04,1.78e+04,1.06e+04; 1.81e+04,1.81e+04,1.55e+04,2.10e+03; 2.09e+04,2.09e+04,1.96e+04; 2.35e+04,2.35e+04,2.22e+04; 2.44e+04,2.43e+04,2.30e+04,5.14e+03; 2.86e+04,2.86e+04,2.73e+04; 2.87e+04,2.87e+04,2.74e+04,7.48e+03; 2.77e+04,2.77e+04,2.64e+04,1.80e+04; 3.09e+04,3.09e+04,2.97e+04,1.62e+04; 3.32e+04,3.31e+04,3.19e+04,1.71e+04; 3.42e+04,3.42e+04,3.32e+04,2.13e+04; 3.72e+04,3.72e+04,3.61e+04,2.02e+04; 3.92e+04,3.92e+04,3.82e+04,2.18e+04; 3.83e+04,3.83e+04,3.67e+04,3.28e+04; 4.23e+04,4.23e+04,4.11e+04,2.81e+04; 4.40e+04,4.40e+04,4.30e+04,3.06e+04; 4.52e+04,4.52e+04,4.42e+04,3.46e+04; 4.63e+04,4.63e+04,4.54e+04,3.89e+04; 4.93e+04,4.93e+04,4.84e+04,3.77e+04; 5.05e+04,5.05e+04,4.96e+04,4.17e+04; 5.18e+04,5.18e+04,5.10e+04,4.54e+04; 5.53e+04,5.53e+04,5.35e+04,4.36e+04; 5.72e+04,5.71e+04,5.57e+04,4.53e+04; 5.80e+04,5.80e+04,5.72e+04,4.98e+04; 5.94e+04,5.93e+04,5.85e+04,5.35e+04; 6.16e+04,6.16e+04,6.07e+04,5.45e+04; 6.39e+04,6.39e+04,6.32e+04,5.50e+04; 6.58e+04,6.58e+04,6.51e+04,5.70e+04; 6.81e+04,6.81e+04,6.74e+04,5.79e+04; 6.84e+04,6.84e+04,6.70e+04,6.54e+04; 7.14e+04,7.14e+04,7.07e+04,6.33e+04; 7.39e+04,7.39e+04,7.32e+04,6.36e+04; 7.49e+04,7.49e+04,7.43e+04,6.82e+04; 7.77e+04,7.77e+04,7.70e+04,6.74e+04; 7.91e+04,7.91e+04,7.85e+04,7.09e+04; 8.12e+04,8.12e+04,8.07e+04,7.21e+04; 8.33e+04,8.33e+04,8.27e+04,7.37e+04; 8.34e+04,8.33e+04,8.24e+04,8.16e+04; 8.72e+04,8.72e+04,8.62e+04,7.77e+04; 8.88e+04,8.88e+04,8.83e+04,8.01e+04; 9.07e+04,9.07e+04,9.01e+04,8.22e+04; 9.23e+04,9.23e+04,9.17e+04,8.51e+04; 9.38e+04,9.38e+04,9.33e+04,8.83e+04; 9.56e+04,9.56e+04,9.52e+04,9.03e+04; 9.81e+04,9.81e+04,9.76e+04,9.07e+04; 9.88e+04,9.88e+04,9.83e+04,9.62e+04; 1.02e+05,1.02e+05,1.01e+05,9.42e+04; 1.04e+05,1.04e+05,1.04e+05,9.61e+04; 1.05e+05,1.05e+05,1.04e+05,1.01e+05; 1.08e+05,1.08e+05,1.08e+05,9.85e+04; 1.09e+05,1.09e+05,1.09e+05,1.04e+05; 1.11e+05,1.11e+05,1.11e+05,1.05e+05; 1.13e+05,1.13e+05,1.13e+05,1.06e+05; 1.14e+05,1.14e+05,1.13e+05,1.12e+05; 1.17e+05,1.17e+05,1.17e+05,1.10e+05; 1.19e+05,1.19e+05,1.19e+05,1.12e+05; 1.20e+05,1.20e+05,1.20e+05,1.17e+05; 1.22e+05,1.22e+05,1.22e+05,1.18e+05; 1.24e+05,1.24e+05,1.24e+05,1.21e+05","23,23,23,23,23,23,23,23,19,21,23,21,17,23,19,21,19,17,17,23,23,19,21,17,19,19,23,21,21,21,17,21,21,23,17,23,19,19,17,23,23,23,17,21,21,23,17,23,23,23,21,21,23,23,19,23,23,21,17,19,23,17,21,23"
693,54.00,44.97,"17.97,24.62,28.26,31.07,33.17,34.78,36.49,38.68,39.51,39.92,39.99,40.73,40.67,41.59,41.81,43.66,43.39,43.72,44.96,42.42,47.96,45.61,49.62,46.64,47.73,50.64,51.39,53.35,55.35,57.93,58.97,59.27,68.40,71.93,74.77,73.82,85.57,83.81,86.45,89.55,92.28,97.80,98.92,105.52,112.22,112.75,116.24,122.28,127.47,129.32,131.93,141.29,148.96,146.92,152.00,157.27,163.24,166.51,173.88,178.20,183.03,184.89,191.40,193.03","1.21e+03,1.21e+03,1.20e+03,1.18e+03","11,11,11,11","8.25e+03; 8.34e+03,8.16e+03; 1.24e+04,1.23e+04; 1.65e+04,1.65e+04; 2.06e+04,2.06e+04; 2.48e+04,2.47e+04; 2.40e+04,2.40e+04,9.81e+03; 2.55e+04,2.55e+04,1.51e+04; 2.80e+04,2.80e+04,1.83e+04; 3.02e+04,3.02e+04,2.20e+04; 3.51e+04,3.51e+04,2.05e+04; 3.32e+04,3.31e+04,1.86e+04,1.41e+04; 3.77e+04,3.77e+04,2.99e+04,1.99e+03; 4.10e+04,4.10e+04,3.35e+04; 3.73e+04,3.73e+04,3.12e+04,1.81e+04; 4.13e+04,4.13e+04,3.54e+04,1.40e+04; 4.47e+04,4.47e+04,3.88e+04,1.20e+04; 4.55e+04,4.55e+04,3.96e+04,1.78e+04; 4.36e+04,4.36e+04,3.70e+04,3.25e+04; 4.81e+04,4.81e+04,3.90e+04,2.98e+04; 5.29e+04,5.29e+04,4.68e+04,2.07e+04; 5.08e+04,5.08e+04,4.53e+04,3.46e+04; 5.49e+04,5.49e+04,4.99e+04,3.01e+04; 5.22e+04,5.22e+04,4.92e+04,4.43e+04; 5.48e+04,5.48e+04,5.12e+04,4.54e+04; 6.00e+04,6.00e+04,5.63e+04,3.81e+04; 6.42e+04,6.42e+04,5.92e+04,3.53e+04; 6.66e+04,6.66e+04,5.13e+04,4.65e+04; 7.13e+04,7.13e+04,6.51e+04,3.16e+04; 7.16e+04,7.16e+04,6.83e+04,3.60e+04; 6.81e+04,6.81e+04,6.50e+04,5.45e+04; 6.84e+04,6.84e+04,6.61e+04,6.10e+04; 7.25e+04,7.25e+04,6.98e+04,5.74e+04; 7.32e+04,7.32e+04,7.06e+04,6.36e+04; 8.15e+04,8.15e+04,7.28e+04,5.29e+04; 7.73e+04,7.73e+04,7.23e+04,7.00e+04; 8.30e+04,8.30e+04,8.04e+04,5.88e+04; 8.36e+04,8.36e+04,8.13e+04,6.49e+04; 8.26e+04,8.26e+04,8.04e+04,7.61e+04; 8.66e+04,8.66e+04,8.46e+04,7.21e+04; 8.76e+04,8.76e+04,8.57e+04,7.73e+04; 8.99e+04,8.99e+04,8.79e+04,7.87e+04; 8.97e+04,8.97e+04,8.78e+04,8.75e+04; 9.59e+04,9.59e+04,8.64e+04,8.49e+04; 9.94e+04,9.94e+04,9.72e+04,7.53e+04; 9.90e+04,9.90e+04,9.71e+04,8.44e+04; 9.82e+04,9.82e+04,9.66e+04,9.47e+04; 1.01e+05,1.01e+05,9.91e+04,9.58e+04; 1.08e+05,1.08e+05,1.06e+05,8.25e+04; 1.05e+05,1.05e+05,1.04e+05,9.83e+04; 1.11e+05,1.11e+05,1.05e+05,9.41e+04; 1.11e+05,1.11e+05,1.06e+05,1.02e+05; 1.16e+05,1.16e+05,1.15e+05,8.98e+04; 1.12e+05,1.12e+05,1.11e+05,1.10e+05; 1.15e+05,1.15e+05,1.14e+05,1.09e+05; 1.22e+05,1.22e+05,1.21e+05,9.59e+04; 1.19e+05,1.19e+05,1.18e+05,1.15e+05; 1.22e+05,1.22e+05,1.21e+05,1.14e+05; 1.29e+05,1.29e+05,1.27e+05,1.03e+05; 1.27e+05,1.27e+05,1.23e+05,1.17e+05; 1.29e+05,1.29e+05,1.28e+05,1.16e+05; 1.29e+05,1.29e+05,1.28e+05,1.26e+05; 1.32e+05,1.32e+05,1.31e+05,1.24e+05; 1.34e+05,1.34e+05,1.33e+05,1.26e+05","29,31,29,29,29,31,29,29,31,15,31,29,15,29,29,15,15,15,15,29,13,31,29,31,13,13,13,29,31,29,29,31,29,29,15,29,29,13,31,13,31,31,13,15,13,31,31,31,15,31,31,15,31,29,13,29,31,13,31,29,13,29,15,29"
694,26.95,25.61,"7.48,9.43,10.93,12.36,13.68,14.86,15.87,16.76,17.45,17.96,18.38,18.78,19.30,19.77,20.29,20.77,21.17,21.59,21.92,22.24,22.51,22.84,23.16,23.40,23.66,23.92,24.13,24.41,24.62,24.86,25.14,25.45,25.67,25.88,26.05,26.30,26.52,26.71,26.96,27.24,27.40,27.57,27.73,27.92,28.07,28.26,28.46,28.68,28.82,28.96,29.10,29.24,29.38,29.55,29.71,29.91,30.02,30.13,29.80,29.92,30.05,30.19,30.35,30.51","1.75e+00,1.72e+00,1.68e+00,7.32e-01","14,0,14,14","7.30e+00; 1.45e+01,1.11e-01; 1.63e+01,5.62e+00; 1.91e+01,1.01e+01; 2.19e+01,1.46e+01; 2.48e+01,1.90e+01; 2.80e+01,2.31e+01; 3.13e+01,2.71e+01; 3.49e+01,3.08e+01; 3.86e+01,3.44e+01; 4.10e+01,3.66e+01,2.70e+00; 4.39e+01,3.94e+01,4.33e+00; 4.38e+01,3.93e+01,1.18e+01; 4.63e+01,4.20e+01,1.39e+01; 4.83e+01,4.43e+01,1.69e+01; 5.11e+01,4.74e+01,1.82e+01; 5.37e+01,5.01e+01,2.02e+01; 5.54e+01,5.18e+01,2.41e+01; 5.76e+01,5.39e+01,2.71e+01; 5.99e+01,5.61e+01,3.00e+01; 6.25e+01,5.87e+01,3.20e+01; 6.50e+01,6.13e+01,3.43e+01; 6.75e+01,6.39e+01,3.59e+01,5.94e-01; 7.12e+01,6.58e+01,3.81e+01; 7.04e+01,6.71e+01,3.67e+01,8.33e+00; 7.23e+01,6.90e+01,3.90e+01,9.43e+00; 7.86e+01,7.23e+01,4.62e+01; 8.08e+01,7.37e+01,4.99e+01; 8.33e+01,7.58e+01,5.26e+01; 8.56e+01,7.80e+01,5.54e+01; 8.80e+01,8.03e+01,5.79e+01; 9.07e+01,8.19e+01,6.10e+01; 9.32e+01,8.43e+01,6.33e+01; 9.56e+01,8.64e+01,6.61e+01; 9.83e+01,8.85e+01,6.86e+01; 1.00e+02,9.00e+01,7.22e+01; 1.03e+02,9.20e+01,7.52e+01; 1.05e+02,9.48e+01,7.72e+01; 1.08e+02,9.72e+01,7.96e+01; 1.10e+02,9.87e+01,8.31e+01; 1.13e+02,1.01e+02,8.56e+01; 1.15e+02,1.03e+02,8.84e+01; 1.18e+02,1.05e+02,9.14e+01; 1.20e+02,1.07e+02,9.46e+01; 1.23e+02,1.09e+02,9.69e+01; 1.25e+02,1.11e+02,9.92e+01; 1.27e+02,1.14e+02,1.02e+02; 1.30e+02,1.16e+02,1.05e+02; 1.32e+02,1.18e+02,1.08e+02; 1.35e+02,1.20e+02,1.11e+02; 1.37e+02,1.21e+02,1.14e+02; 1.40e+02,1.23e+02,1.16e+02; 1.42e+02,1.26e+02,1.19e+02; 1.45e+02,1.28e+02,1.21e+02; 1.47e+02,1.31e+02,1.24e+02; 1.49e+02,1.33e+02,1.26e+02; 1.52e+02,1.35e+02,1.29e+02; 1.54e+02,1.36e+02,1.31e+02,1.36e+00; 1.22e+02,1.20e+02,9.89e+01,9.02e+01; 1.24e+02,1.22e+02,1.00e+02,9.20e+01; 1.26e+02,1.24e+02,1.02e+02,9.41e+01; 1.27e+02,1.26e+02,1.04e+02,9.54e+01; 1.29e+02,1.27e+02,1.06e+02,9.76e+01; 1.30e+02,1.29e+02,1.07e+02,1.01e+02","58,58,58,58,58,58,58,58,58,58,58,58,58,58,58,58,58,58,58,58,58,58,58,58,42,58,42,58,42,42,58,58,58,58,58,58,58,58,58,58,58,58,58,58,58,58,58,58,58,58,58,58,58,58,58,58,58,58,58,58,58,58,58,58"
695,24.84,23.47,"7.83,9.88,11.68,13.30,14.66,15.80,16.75,17.60,18.32,18.88,19.41,20.16,20.70,21.29,21.85,22.37,22.86,23.27,23.77,24.15,24.47,24.82,25.17,25.53,25.89,26.21,26.54,26.83,27.10,27.36,27.64,27.89,28.18,28.42,28.65,28.87,29.09,29.30,29.52,29.97,30.18,30.37,30.57,30.76,30.94,31.10,31.29,31.51,31.70,31.87,32.02,32.19,32.34,32.50,32.67,32.86,32.99,33.14,33.28,33.43,33.57,33.70,33.85,33.97","8.74e-01,8.55e-01,8.33e-01,2.67e-01","13,13,13,13","3.51e+00; 5.92e+00,1.11e+00; 7.20e+00,3.33e+00; 8.46e+00,5.59e+00; 9.87e+00,7.69e+00; 1.14e+01,9.70e+00; 1.29e+01,1.16e+01; 1.34e+01,1.21e+01,2.55e+00; 1.49e+01,1.36e+01,3.10e+00; 1.65e+01,1.51e+01,3.49e+00; 1.65e+01,1.45e+01,7.60e+00; 1.69e+01,1.47e+01,1.05e+01; 1.78e+01,1.55e+01,1.23e+01; 1.89e+01,1.69e+01,1.33e+01; 2.00e+01,1.81e+01,1.45e+01; 2.11e+01,1.91e+01,1.60e+01; 2.23e+01,2.02e+01,1.71e+01; 2.34e+01,2.12e+01,1.86e+01; 2.43e+01,2.20e+01,2.04e+01; 2.54e+01,2.30e+01,2.18e+01; 2.67e+01,2.40e+01,2.30e+01; 2.79e+01,2.52e+01,2.41e+01; 2.91e+01,2.64e+01,2.53e+01; 3.03e+01,2.73e+01,2.67e+01; 3.14e+01,2.85e+01,2.78e+01; 3.25e+01,2.96e+01,2.92e+01; 3.36e+01,3.07e+01,3.05e+01; 3.47e+01,3.21e+01,3.15e+01; 3.58e+01,3.35e+01,3.25e+01; 3.70e+01,3.46e+01,3.37e+01; 3.82e+01,3.58e+01,3.48e+01; 3.94e+01,3.73e+01,3.57e+01; 4.05e+01,3.84e+01,3.69e+01; 4.16e+01,3.98e+01,3.79e+01; 4.28e+01,4.11e+01,3.90e+01; 4.39e+01,4.26e+01,3.99e+01; 4.51e+01,4.39e+01,4.10e+01; 4.63e+01,4.50e+01,4.21e+01; 4.75e+01,4.62e+01,4.32e+01; 4.39e+01,4.14e+01,4.11e+01,1.41e+01; 4.70e+01,4.50e+01,4.36e+01,8.30e+00; 4.60e+01,4.34e+01,4.32e+01,1.48e+01; 4.70e+01,4.45e+01,4.41e+01,1.53e+01; 5.02e+01,4.85e+01,4.64e+01,9.31e+00; 4.92e+01,4.71e+01,4.61e+01,1.56e+01; 5.01e+01,4.82e+01,4.70e+01,1.62e+01; 5.12e+01,4.92e+01,4.80e+01,1.67e+01; 5.19e+01,5.01e+01,4.84e+01,1.82e+01; 5.50e+01,5.38e+01,5.08e+01,1.24e+01; 5.39e+01,5.20e+01,5.04e+01,1.93e+01; 5.53e+01,5.35e+01,5.12e+01,1.89e+01; 5.81e+01,5.70e+01,5.31e+01,1.43e+01; 5.93e+01,5.84e+01,5.41e+01,1.43e+01; 5.84e+01,5.69e+01,5.42e+01,2.01e+01; 6.14e+01,6.05e+01,5.62e+01,1.49e+01; 6.00e+01,5.86e+01,5.54e+01,2.26e+01; 6.10e+01,5.95e+01,5.65e+01,2.31e+01; 6.21e+01,6.07e+01,5.74e+01,2.34e+01; 6.32e+01,6.19e+01,5.83e+01,2.37e+01; 6.42e+01,6.31e+01,5.92e+01,2.42e+01; 6.52e+01,6.41e+01,6.02e+01,2.46e+01; 6.63e+01,6.50e+01,6.13e+01,2.51e+01; 6.74e+01,6.62e+01,6.22e+01,2.54e+01; 6.84e+01,6.74e+01,6.27e+01,2.61e+01","58,58,58,58,58,58,58,58,58,58,56,56,56,58,58,58,58,56,56,56,58,58,58,58,58,56,56,56,56,58,58,58,58,56,56,56,56,58,58,58,50,58,56,56,56,56,58,58,58,58,58,56,56,58,58,58,58,58,56,56,58,58,58,58"
696,20.94,20.11,"5.05,6.91,8.03,8.91,9.78,10.58,11.32,12.02,12.57,13.01,13.38,13.73,14.08,14.46,14.86,15.27,15.59,15.87,16.13,16.37,16.65,16.96,17.28,17.61,17.86,18.09,18.34,18.58,18.81,19.06,19.32,19.59,19.81,19.99,20.19,20.40,20.59,20.80,21.02,21.25,21.42,21.59,21.75,21.91,22.09,22.27,22.46,22.66,22.81,22.95,23.09,23.23,23.39,23.55,23.71,23.87,24.00,24.13,24.25,24.37,24.51,24.65,24.80,24.95","3.94e-01,3.86e-01,2.55e-01,1.97e-01","13,13,5,13","1.53e+00; 3.06e+00; 4.59e+00; 5.75e+00,3.65e-01; 6.00e+00,1.65e+00; 6.38e+00,2.79e+00; 6.95e+00,3.75e+00; 7.48e+00,4.75e+00; 8.18e+00,5.58e+00; 9.00e+00,6.28e+00; 9.87e+00,6.94e+00; 1.07e+01,7.61e+00; 1.15e+01,8.34e+00; 1.22e+01,9.16e+00; 1.29e+01,1.00e+01,2.87e-02; 1.33e+01,1.08e+01,3.35e-01; 1.39e+01,1.14e+01,6.61e-01; 1.42e+01,1.17e+01,1.66e+00; 1.46e+01,1.19e+01,2.57e+00; 1.49e+01,1.22e+01,3.46e+00; 1.52e+01,1.25e+01,4.43e+00; 1.55e+01,1.28e+01,5.42e+00; 1.59e+01,1.34e+01,5.86e+00; 1.64e+01,1.40e+01,6.26e+00; 1.68e+01,1.45e+01,6.85e+00; 1.73e+01,1.49e+01,7.55e+00; 1.76e+01,1.52e+01,8.43e+00; 1.80e+01,1.56e+01,9.20e+00; 1.85e+01,1.60e+01,9.85e+00; 1.89e+01,1.65e+01,1.04e+01; 1.94e+01,1.71e+01,1.09e+01; 1.98e+01,1.76e+01,1.14e+01; 2.03e+01,1.81e+01,1.20e+01; 2.08e+01,1.86e+01,1.26e+01; 2.13e+01,1.90e+01,1.32e+01; 2.17e+01,1.94e+01,1.39e+01; 2.22e+01,1.98e+01,1.45e+01; 2.27e+01,2.04e+01,1.50e+01; 2.31e+01,2.09e+01,1.56e+01; 2.36e+01,2.15e+01,1.60e+01; 2.41e+01,2.20e+01,1.66e+01; 2.46e+01,2.25e+01,1.71e+01; 2.51e+01,2.29e+01,1.77e+01; 2.56e+01,2.34e+01,1.83e+01; 2.60e+01,2.38e+01,1.89e+01; 2.65e+01,2.44e+01,1.94e+01; 2.70e+01,2.49e+01,1.99e+01; 2.75e+01,2.55e+01,2.03e+01; 2.80e+01,2.60e+01,2.09e+01; 2.85e+01,2.65e+01,2.15e+01; 2.90e+01,2.69e+01,2.20e+01; 2.95e+01,2.74e+01,2.26e+01; 2.99e+01,2.79e+01,2.32e+01; 3.04e+01,2.84e+01,2.37e+01; 3.09e+01,2.90e+01,2.42e+01; 3.14e+01,2.95e+01,2.47e+01; 3.19e+01,3.00e+01,2.53e+01; 3.24e+01,3.04e+01,2.58e+01; 3.29e+01,3.09e+01,2.64e+01; 3.34e+01,3.14e+01,2.69e+01; 3.39e+01,3.19e+01,2.75e+01; 3.43e+01,3.24e+01,2.80e+01; 3.48e+01,3.30e+01,2.85e+01; 3.53e+01,3.35e+01,2.90e+01","2,2,2,2,2,2,2,2,2,2,2,2,2,2,2,2,2,2,2,51,51,51,2,2,51,51,51,51,51,51,2,51,51,51,51,51,51,51,51,2,51,51,51,51,51,51,2,2,51,51,51,51,51,51,2,51,51,51,51,51,51,51,51,51"
697,8.50,7.23,"1.36,2.58,3.41,4.03,4.57,5.08,5.53,5.94,6.34,6.71,7.03,7.32,7.61,7.90,8.17,8.42,8.67,8.90,9.11,9.30,9.49,9.69,9.88,10.07,10.25,10.42,10.57,10.71,10.86,11.01,11.16,11.30,11.45,11.58,11.71,11.82,11.94,12.06,12.18,12.30,12.42,12.54,12.64,12.73,12.83,12.94,13.04,13.14,13.25,13.34,13.43,13.52,13.60,13.70,13.79,13.87,13.97,14.05,14.13,14.21,14.29,14.38,14.46,14.54","7.36e-03,4.88e-03,1.87e-03,4.92e-07","5,5,5,5","1.75e-02; 3.50e-02; 5.25e-02; 6.99e-02,1.54e-04; 7.19e-02,1.57e-02; 7.80e-02,2.70e-02; 8.43e-02,3.83e-02; 9.10e-02,4.91e-02; 9.79e-02,5.97e-02; 1.08e-01,6.66e-02; 1.21e-01,7.16e-02; 1.33e-01,7.74e-02; 1.42e-01,8.51e-02; 1.50e-01,9.46e-02; 1.58e-01,1.05e-01; 1.65e-01,1.15e-01; 1.72e-01,1.25e-01; 1.81e-01,1.34e-01; 1.92e-01,1.41e-01; 2.03e-01,1.47e-01; 2.12e-01,1.55e-01; 2.21e-01,1.64e-01; 2.29e-01,1.74e-01; 2.36e-01,1.84e-01; 2.44e-01,1.94e-01; 2.52e-01,2.03e-01; 2.62e-01,2.10e-01; 2.73e-01,2.18e-01; 2.82e-01,2.25e-01; 2.91e-01,2.34e-01; 2.99e-01,2.44e-01; 3.07e-01,2.53e-01; 3.15e-01,2.63e-01; 3.23e-01,2.72e-01; 3.33e-01,2.80e-01; 3.43e-01,2.87e-01; 3.52e-01,2.95e-01; 3.61e-01,3.04e-01; 3.69e-01,3.13e-01; 3.77e-01,3.23e-01; 3.85e-01,3.32e-01; 3.94e-01,3.41e-01; 4.03e-01,3.49e-01; 4.13e-01,3.57e-01; 4.22e-01,3.65e-01; 4.31e-01,3.74e-01; 4.40e-01,3.83e-01; 4.48e-01,3.92e-01; 4.56e-01,4.02e-01; 4.64e-01,4.11e-01; 4.74e-01,4.19e-01; 4.83e-01,4.27e-01; 4.92e-01,4.35e-01; 5.01e-01,4.44e-01; 5.10e-01,4.53e-01; 5.18e-01,4.62e-01; 5.26e-01,4.72e-01; 5.35e-01,4.80e-01; 5.46e-01,4.87e-01; 5.30e-01,4.74e-01,4.54e-02; 5.59e-01,4.93e-01,1.57e-02; 5.64e-01,4.96e-01,2.51e-02; 5.71e-01,5.04e-01,2.72e-02; 5.80e-01,5.12e-01,2.85e-02","56,56,56,56,56,56,56,56,56,56,56,56,56,56,56,56,56,56,56,56,56,56,56,56,56,56,56,56,56,56,56,56,56,56,56,56,56,56,56,56,56,56,56,56,56,56,56,56,56,56,56,56,56,56,56,56,56,56,56,56,56,56,56,56"
698,17.82,16.18,"1.66,3.13,4.54,5.84,6.82,7.72,8.79,9.66,10.46,11.12,11.76,12.37,12.91,13.47,14.01,14.49,14.98,15.40,15.79,16.19,16.56,16.92,17.28,17.62,17.97,18.28,18.58,18.88,19.17,19.43,19.71,19.97,20.24,20.49,20.71,20.94,21.17,21.38,21.60,21.82,22.03,22.24,22.43,22.62,22.81,22.99,23.17,23.35,23.54,23.71,23.88,24.04,24.20,24.36,24.51,24.67,24.82,24.97,25.11,25.26,25.39,25.53,25.67,25.81","1.86e-02,1.86e-02,1.76e-02,3.07e-03","0,2,0,0","7.18e-02; 1.44e-01; 1.20e-01,9.55e-02; 1.45e-01,1.42e-01; 1.83e-01,1.76e-01; 1.78e-01,1.70e-01,8.36e-02; 1.87e-01,1.84e-01,1.32e-01; 2.10e-01,2.07e-01,1.58e-01; 2.30e-01,2.25e-01,1.92e-01; 2.56e-01,2.47e-01,2.15e-01; 2.79e-01,2.75e-01,2.36e-01; 3.04e-01,3.01e-01,2.56e-01; 3.33e-01,3.24e-01,2.77e-01; 3.53e-01,3.50e-01,3.03e-01; 3.76e-01,3.75e-01,3.27e-01; 4.00e-01,3.98e-01,3.51e-01; 4.22e-01,4.18e-01,3.81e-01; 4.46e-01,4.41e-01,4.07e-01; 4.71e-01,4.69e-01,4.25e-01; 4.67e-01,4.65e-01,4.21e-01,8.34e-02; 4.89e-01,4.83e-01,4.36e-01,1.00e-01; 5.09e-01,5.06e-01,4.56e-01,1.10e-01; 5.29e-01,5.29e-01,4.77e-01,1.17e-01; 5.77e-01,5.73e-01,5.13e-01,6.13e-02; 5.99e-01,5.95e-01,5.44e-01,5.73e-02; 6.23e-01,6.18e-01,5.69e-01,5.77e-02; 6.40e-01,6.38e-01,5.83e-01,7.77e-02; 6.57e-01,6.55e-01,5.94e-01,1.04e-01; 6.78e-01,6.72e-01,6.07e-01,1.25e-01; 7.01e-01,6.92e-01,6.24e-01,1.39e-01; 7.24e-01,7.18e-01,6.46e-01,1.39e-01; 7.47e-01,7.43e-01,6.70e-01,1.38e-01; 7.70e-01,7.67e-01,7.00e-01,1.34e-01; 7.93e-01,7.91e-01,7.26e-01,1.32e-01; 8.14e-01,8.09e-01,7.41e-01,1.50e-01; 8.35e-01,8.27e-01,7.55e-01,1.69e-01; 8.56e-01,8.45e-01,7.70e-01,1.87e-01; 8.79e-01,8.64e-01,7.86e-01,2.01e-01; 9.02e-01,8.90e-01,8.09e-01,2.00e-01; 9.26e-01,9.17e-01,8.34e-01,1.97e-01; 9.50e-01,9.40e-01,8.63e-01,1.92e-01; 9.40e-01,9.34e-01,8.69e-01,2.73e-01; 9.88e-01,9.78e-01,8.99e-01,2.23e-01; 1.00e+00,9.91e-01,9.09e-01,2.55e-01; 1.03e+00,1.01e+00,9.24e-01,2.74e-01; 1.05e+00,1.03e+00,9.41e-01,2.87e-01; 1.07e+00,1.05e+00,9.64e-01,2.87e-01; 1.09e+00,1.08e+00,9.87e-01,2.87e-01; 1.12e+00,1.10e+00,1.02e+00,2.85e-01; 1.14e+00,1.13e+00,1.04e+00,2.85e-01; 1.11e+00,1.10e+00,1.01e+00,4.41e-01; 1.12e+00,1.12e+00,1.02e+00,4.79e-01; 1.15e+00,1.13e+00,1.03e+00,4.95e-01; 1.17e+00,1.15e+00,1.05e+00,5.09e-01; 1.19e+00,1.17e+00,1.07e+00,5.16e-01; 1.21e+00,1.20e+00,1.09e+00,5.22e-01; 1.23e+00,1.22e+00,1.12e+00,5.28e-01; 1.25e+00,1.24e+00,1.14e+00,5.35e-01; 1.27e+00,1.25e+00,1.14e+00,5.76e-01; 1.29e+00,1.27e+00,1.14e+00,6.14e-01; 1.31e+00,1.28e+00,1.16e+00,6.29e-01; 1.33e+00,1.30e+00,1.18e+00,6.43e-01; 1.35e+00,1.33e+00,1.20e+00,6.49e-01; 1.37e+00,1.35e+00,1.22e+00,6.52e-01","56,56,11,11,11,56,56,56,56,56,11,11,11,56,56,56,56,56,11,11,11,56,56,56,56,56,11,11,11,11,56,56,56,56,11,11,11,11,56,56,56,56,11,11,11,11,56,56,56,56,15,15,11,11,56,56,56,56,15,15,11,11,56,56"
699,21.39,19.13,"4.48,6.26,7.32,8.15,9.32,10.15,10.87,11.54,12.08,12.66,13.09,13.73,14.16,14.68,15.04,15.47,15.96,16.33,16.66,17.07,17.30,17.62,17.93,18.25,18.53,18.79,19.07,19.32,19.57,19.88,20.11,20.33,20.56,20.78,20.99,21.20,21.41,21.65,21.84,22.05,22.22,22.42,22.60,22.79,22.98,23.13,23.33,23.49,23.64,23.75,23.91,24.07,24.23,24.36,24.50,24.64,24.77,24.88,25.07,25.23,25.35,25.49,25.62,25.73","1.66e-01,1.61e-01,1.58e-01,1.14e-05","4,13,4,4","6.03e-01; 1.21e+00; 1.81e+00; 1.67e+00,6.68e-01,7.55e-02; 1.77e+00,1.25e+00; 1.84e+00,1.43e+00,3.44e-01; 1.93e+00,1.62e+00,6.72e-01; 2.24e+00,2.07e+00,5.09e-01; 2.30e+00,2.01e+00,1.11e+00; 2.78e+00,2.60e+00,6.52e-01; 2.76e+00,2.54e+00,1.33e+00; 3.10e+00,3.03e+00,1.11e+00; 3.69e+00,3.54e+00,4.15e-01,1.94e-01; 3.59e+00,3.49e+00,1.36e+00; 3.92e+00,3.62e+00,1.06e+00,4.42e-01; 3.65e+00,3.53e+00,1.45e+00,1.02e+00; 3.58e+00,3.28e+00,2.42e+00,9.69e-01; 3.77e+00,3.45e+00,2.65e+00,9.86e-01; 3.99e+00,3.60e+00,2.56e+00,1.29e+00; 4.14e+00,3.58e+00,2.99e+00,1.35e+00; 4.33e+00,3.68e+00,3.25e+00,1.40e+00; 4.54e+00,4.21e+00,3.25e+00,1.27e+00; 4.68e+00,4.38e+00,3.43e+00,1.38e+00; 4.77e+00,4.33e+00,3.73e+00,1.63e+00; 4.90e+00,4.24e+00,4.24e+00,1.69e+00; 5.10e+00,4.77e+00,4.05e+00,1.76e+00; 5.29e+00,4.77e+00,4.44e+00,1.78e+00; 5.50e+00,5.27e+00,4.23e+00,1.87e+00; 5.72e+00,5.42e+00,4.55e+00,1.79e+00; 5.87e+00,5.22e+00,5.14e+00,1.86e+00; 6.03e+00,5.42e+00,5.26e+00,1.98e+00; 6.12e+00,5.55e+00,4.97e+00,2.67e+00; 6.31e+00,5.70e+00,5.60e+00,2.29e+00; 6.48e+00,6.01e+00,5.64e+00,2.37e+00; 6.59e+00,5.91e+00,5.67e+00,2.92e+00; 6.79e+00,6.39e+00,5.51e+00,3.02e+00; 7.07e+00,6.69e+00,6.04e+00,2.51e+00; 7.23e+00,6.61e+00,6.51e+00,2.56e+00; 7.39e+00,7.15e+00,6.33e+00,2.63e+00; 7.44e+00,6.90e+00,6.44e+00,3.33e+00; 7.60e+00,7.19e+00,6.53e+00,3.41e+00; 7.74e+00,7.08e+00,6.97e+00,3.53e+00; 7.90e+00,7.57e+00,6.85e+00,3.62e+00; 8.08e+00,7.42e+00,7.35e+00,3.67e+00; 8.24e+00,7.82e+00,7.34e+00,3.74e+00; 8.44e+00,7.98e+00,7.52e+00,3.79e+00; 8.59e+00,8.05e+00,7.82e+00,3.88e+00; 8.75e+00,8.09e+00,8.09e+00,4.01e+00; 8.90e+00,8.40e+00,8.14e+00,4.10e+00; 9.06e+00,8.45e+00,8.43e+00,4.20e+00; 9.22e+00,8.93e+00,8.30e+00,4.31e+00; 9.40e+00,8.84e+00,8.74e+00,4.38e+00; 9.56e+00,9.22e+00,8.71e+00,4.46e+00; 9.75e+00,9.66e+00,8.60e+00,4.55e+00; 9.93e+00,9.77e+00,8.83e+00,4.64e+00; 1.01e+01,9.89e+00,9.00e+00,4.78e+00; 1.02e+01,9.74e+00,9.54e+00,4.86e+00; 1.04e+01,1.02e+01,9.35e+00,5.02e+00; 1.05e+01,1.01e+01,9.87e+00,5.11e+00; 1.07e+01,1.04e+01,9.95e+00,5.18e+00; 1.09e+01,1.08e+01,9.90e+00,5.27e+00; 1.10e+01,1.06e+01,1.04e+01,5.30e+00; 1.12e+01,1.09e+01,1.05e+01,5.39e+00; 1.14e+01,1.11e+01,1.06e+01,5.53e+00","9,9,9,57,57,57,57,57,9,57,57,57,9,57,9,9,9,57,9,57,24,57,9,9,57,57,9,57,9,57,9,9,57,57,9,57,9,57,57,9,57,9,57,9,57,9,57,9,57,24,57,9,57,57,9,9,26,9,57,57,57,9,57,9"
700,17.02,14.71,"3.87,5.58,6.83,7.95,8.81,9.54,10.30,10.90,11.53,12.04,12.51,12.99,13.45,13.90,14.30,14.63,15.02,15.33,15.63,15.93,16.25,16.55,16.82,17.05,17.33,17.56,17.77,18.00,18.24,18.47,18.67,18.85,19.07,19.25,19.43,19.62,19.80,19.98,20.15,20.32,20.50,20.67,20.84,21.00,21.16,21.31,21.46,21.62,21.78,21.94,22.09,22.24,22.37,22.50,22.63,22.79,22.93,23.09,23.23,23.36,23.47,23.59,23.71,23.86","1.41e-01,1.35e-01,7.36e-02,8.34e-06","9,1,1,9","4.33e-01; 8.67e-01; 9.61e-01,3.40e-01; 1.08e+00,6.57e-01; 1.26e+00,9.08e-01; 1.30e+00,8.12e-01,4.86e-01; 1.41e+00,9.33e-01,6.92e-01; 1.54e+00,1.18e+00,7.55e-01; 1.63e+00,1.22e+00,1.06e+00; 1.81e+00,1.36e+00,1.17e+00; 1.98e+00,1.59e+00,1.20e+00; 2.13e+00,1.81e+00,1.26e+00; 2.29e+00,1.98e+00,1.36e+00; 2.45e+00,2.14e+00,1.48e+00; 2.60e+00,2.33e+00,1.57e+00; 2.74e+00,2.52e+00,1.68e+00; 2.83e+00,2.59e+00,1.95e+00; 2.98e+00,2.74e+00,2.08e+00; 3.14e+00,2.95e+00,2.15e+00; 3.30e+00,3.16e+00,2.21e+00; 3.47e+00,3.33e+00,2.31e+00; 3.63e+00,3.48e+00,2.42e+00; 3.78e+00,3.64e+00,2.54e+00; 3.93e+00,3.83e+00,2.65e+00; 4.02e+00,3.92e+00,2.90e+00; 4.17e+00,4.07e+00,3.03e+00; 4.32e+00,4.27e+00,3.12e+00; 4.48e+00,4.46e+00,3.20e+00; 4.65e+00,4.62e+00,3.30e+00; 4.81e+00,4.77e+00,3.43e+00; 4.96e+00,4.93e+00,3.55e+00; 5.07e+00,5.06e+00,3.62e+00,1.18e-01; 5.20e+00,5.19e+00,3.86e+00,5.51e-02; 5.26e+00,5.23e+00,3.91e+00,3.43e-01; 5.32e+00,5.27e+00,3.89e+00,6.86e-01; 5.63e+00,5.60e+00,4.03e+00,3.48e-01; 5.62e+00,5.56e+00,4.06e+00,7.93e-01; 5.77e+00,5.71e+00,4.18e+00,8.12e-01; 6.07e+00,6.05e+00,4.32e+00,4.63e-01; 5.98e+00,5.92e+00,4.21e+00,1.23e+00; 6.09e+00,6.02e+00,4.42e+00,1.24e+00; 6.19e+00,6.12e+00,4.48e+00,1.42e+00; 6.30e+00,6.23e+00,4.51e+00,1.60e+00; 6.45e+00,6.37e+00,4.58e+00,1.68e+00; 6.60e+00,6.52e+00,4.67e+00,1.72e+00; 6.73e+00,6.66e+00,4.77e+00,1.77e+00; 6.86e+00,6.79e+00,4.84e+00,1.89e+00; 6.94e+00,6.87e+00,4.83e+00,2.16e+00; 7.05e+00,6.96e+00,5.02e+00,2.21e+00; 7.13e+00,7.05e+00,5.09e+00,2.41e+00; 7.23e+00,7.15e+00,5.14e+00,2.59e+00; 7.37e+00,7.28e+00,5.21e+00,2.68e+00; 7.51e+00,7.43e+00,5.29e+00,2.74e+00; 7.65e+00,7.57e+00,5.39e+00,2.80e+00; 7.77e+00,7.69e+00,5.45e+00,2.92e+00; 7.86e+00,7.78e+00,5.49e+00,3.15e+00; 7.95e+00,7.86e+00,5.66e+00,3.24e+00; 8.03e+00,7.94e+00,5.76e+00,3.42e+00; 8.13e+00,8.04e+00,5.82e+00,3.59e+00; 8.26e+00,8.17e+00,5.90e+00,3.68e+00; 8.40e+00,8.31e+00,5.99e+00,3.74e+00; 8.53e+00,8.45e+00,6.08e+00,3.81e+00; 8.66e+00,8.57e+00,6.15e+00,3.93e+00; 8.74e+00,8.66e+00,6.22e+00,4.12e+00","25,25,25,25,25,25,25,25,25,25,25,25,25,25,25,25,25,25,25,25,25,25,25,25,25,25,25,25,25,25,25,25,25,25,25,25,25,25,25,25,25,25,25,25,25,25,25,25,25,25,25,25,25,25,25,25,25,25,25,25,25,25,25,25"
701,18.85,17.28,"4.13,6.04,7.88,9.27,10.26,11.14,11.93,12.55,13.15,13.72,14.24,14.75,15.22,15.67,16.09,16.43,16.75,17.07,17.37,17.67,17.96,18.24,18.51,18.75,18.96,19.19,19.40,19.62,19.83,20.03,20.24,20.42,20.59,20.77,20.94,21.11,21.27,21.43,21.60,21.75,21.89,22.03,22.17,22.31,22.44,22.58,22.71,22.83,22.95,23.07,23.19,23.31,23.42,23.53,23.65,23.76,23.85,23.96,24.07,24.17,24.27,24.38,24.48,24.58","9.19e-02,9.00e-02,7.67e-02,1.08e-05","5,5,5,5","3.21e-01; 4.88e-01,1.54e-01; 5.71e-01,3.92e-01; 7.01e-01,5.83e-01; 8.56e-01,7.35e-01,1.40e-02; 9.02e-01,7.24e-01,3.00e-01; 1.01e+00,7.83e-01,4.57e-01; 1.14e+00,8.95e-01,5.37e-01; 1.28e+00,9.93e-01,6.07e-01,1.05e-02; 1.41e+00,1.10e+00,7.01e-01; 1.56e+00,1.22e+00,7.41e-01,1.18e-02; 1.69e+00,1.38e+00,7.83e-01; 1.82e+00,1.51e+00,8.47e-01; 1.93e+00,1.58e+00,9.83e-01; 2.04e+00,1.66e+00,1.11e+00; 2.16e+00,1.76e+00,1.15e+00,6.26e-02; 2.25e+00,1.81e+00,1.17e+00,2.29e-01; 2.39e+00,1.91e+00,1.30e+00,1.74e-01; 2.51e+00,2.01e+00,1.36e+00,2.17e-01; 2.64e+00,2.15e+00,1.42e+00,2.11e-01; 2.77e+00,2.29e+00,1.48e+00,1.98e-01; 2.90e+00,2.39e+00,1.59e+00,1.82e-01; 3.05e+00,2.52e+00,1.74e+00,7.48e-02; 3.12e+00,2.57e+00,1.75e+00,2.56e-01; 3.23e+00,2.62e+00,1.74e+00,4.41e-01; 3.36e+00,2.72e+00,1.88e+00,3.93e-01; 3.48e+00,2.80e+00,1.95e+00,4.31e-01; 3.61e+00,2.93e+00,2.00e+00,4.48e-01; 3.74e+00,3.08e+00,2.06e+00,4.32e-01; 3.86e+00,3.19e+00,2.15e+00,4.33e-01; 3.98e+00,3.30e+00,2.29e+00,3.81e-01; 4.09e+00,3.39e+00,2.33e+00,4.62e-01; 4.19e+00,3.43e+00,2.29e+00,6.86e-01; 4.32e+00,3.52e+00,2.43e+00,6.43e-01; 4.43e+00,3.61e+00,2.51e+00,6.78e-01; 4.55e+00,3.73e+00,2.56e+00,7.06e-01; 4.68e+00,3.87e+00,2.63e+00,6.99e-01; 4.80e+00,3.98e+00,2.69e+00,7.18e-01; 4.92e+00,4.10e+00,2.82e+00,6.81e-01; 5.02e+00,4.19e+00,2.87e+00,7.53e-01; 5.12e+00,4.23e+00,2.82e+00,9.89e-01; 5.24e+00,4.32e+00,2.98e+00,9.48e-01; 5.35e+00,4.41e+00,3.08e+00,9.65e-01; 5.47e+00,4.52e+00,3.13e+00,9.94e-01; 5.60e+00,4.66e+00,3.19e+00,9.90e-01; 5.72e+00,4.77e+00,3.26e+00,1.01e+00; 5.84e+00,4.88e+00,3.38e+00,9.82e-01; 5.95e+00,4.97e+00,3.43e+00,1.05e+00; 6.05e+00,5.02e+00,3.39e+00,1.28e+00; 6.16e+00,5.10e+00,3.53e+00,1.25e+00; 6.28e+00,5.19e+00,3.64e+00,1.26e+00; 6.40e+00,5.30e+00,3.69e+00,1.30e+00; 6.52e+00,5.43e+00,3.76e+00,1.30e+00; 6.64e+00,5.54e+00,3.83e+00,1.32e+00; 6.75e+00,5.65e+00,3.95e+00,1.30e+00; 6.87e+00,5.75e+00,4.01e+00,1.34e+00; 6.97e+00,5.79e+00,3.93e+00,1.60e+00; 7.08e+00,5.88e+00,4.07e+00,1.59e+00; 7.19e+00,5.96e+00,4.19e+00,1.59e+00; 7.30e+00,6.06e+00,4.24e+00,1.66e+00; 7.42e+00,6.20e+00,4.31e+00,1.65e+00; 7.53e+00,6.31e+00,4.37e+00,1.69e+00; 7.64e+00,6.42e+00,4.48e+00,1.68e+00; 7.75e+00,6.52e+00,4.57e+00,1.71e+00","24,24,24,24,24,24,24,24,24,24,24,24,24,24,24,24,24,24,24,24,24,24,24,24,24,24,24,24,24,24,24,24,24,24,24,24,24,24,24,24,24,24,24,24,24,24,24,24,24,24,24,24,24,24,24,24,24,24,24,24,24,24,24,24"
702,19.12,17.69,"3.86,5.63,7.23,8.50,9.47,10.43,11.20,11.85,12.57,13.21,13.76,14.32,14.85,15.30,15.72,16.13,16.60,16.98,17.32,17.65,18.00,18.32,18.66,18.97,19.31,19.60,19.84,20.09,20.35,20.63,20.86,21.10,21.47,21.74,21.93,22.12,22.35,22.59,22.78,22.95,23.32,23.55,23.71,23.88,24.04,24.22,24.39,24.56,24.75,24.94,25.09,25.24,25.38,25.53,25.68,25.82,25.97,26.15,26.29,26.42,26.55,26.68,26.80,26.92","4.73e-02,4.58e-02,4.33e-02,2.17e-02","4,4,4,4","1.96e-01; 3.22e-01,7.02e-02; 3.62e-01,2.28e-01; 4.32e-01,3.53e-01; 4.62e-01,3.85e-01,1.35e-01; 4.84e-01,3.64e-01,3.30e-01; 5.69e-01,5.42e-01,2.64e-01; 6.31e-01,6.26e-01,3.14e-01; 6.71e-01,6.64e-01,4.32e-01; 7.45e-01,7.39e-01,4.79e-01; 8.45e-01,8.24e-01,4.91e-01; 9.29e-01,8.90e-01,5.37e-01; 9.95e-01,9.53e-01,6.05e-01; 1.08e+00,1.03e+00,6.38e-01; 1.14e+00,1.09e+00,6.45e-01,6.87e-02; 1.16e+00,1.10e+00,6.69e-01,2.08e-01; 1.22e+00,1.16e+00,7.70e-01,1.92e-01; 1.29e+00,1.22e+00,8.19e-01,2.07e-01; 1.34e+00,1.26e+00,8.16e-01,3.13e-01; 1.42e+00,1.32e+00,8.41e-01,3.43e-01; 1.48e+00,1.38e+00,8.63e-01,4.07e-01; 1.54e+00,1.44e+00,9.08e-01,4.30e-01; 1.59e+00,1.49e+00,9.30e-01,5.07e-01; 1.64e+00,1.53e+00,9.55e-01,5.89e-01; 1.68e+00,1.57e+00,1.04e+00,6.13e-01; 1.74e+00,1.62e+00,1.09e+00,6.59e-01; 1.81e+00,1.68e+00,1.11e+00,7.04e-01; 1.88e+00,1.74e+00,1.12e+00,7.55e-01; 1.94e+00,1.80e+00,1.15e+00,8.02e-01; 1.99e+00,1.86e+00,1.18e+00,8.55e-01; 2.05e+00,1.92e+00,1.23e+00,8.82e-01; 2.10e+00,1.96e+00,1.27e+00,9.48e-01; 2.15e+00,1.99e+00,1.29e+00,1.05e+00; 2.19e+00,2.03e+00,1.32e+00,1.14e+00; 2.26e+00,2.09e+00,1.35e+00,1.17e+00; 2.33e+00,2.15e+00,1.38e+00,1.22e+00; 2.38e+00,2.21e+00,1.39e+00,1.28e+00; 2.43e+00,2.26e+00,1.42e+00,1.35e+00; 2.49e+00,2.32e+00,1.47e+00,1.37e+00; 2.56e+00,2.38e+00,1.52e+00,1.40e+00; 2.57e+00,2.38e+00,1.57e+00,1.53e+00; 2.62e+00,2.42e+00,1.64e+00,1.57e+00; 2.68e+00,2.48e+00,1.67e+00,1.61e+00; 2.74e+00,2.54e+00,1.71e+00,1.65e+00; 2.81e+00,2.61e+00,1.74e+00,1.68e+00; 2.87e+00,2.67e+00,1.79e+00,1.71e+00; 2.93e+00,2.73e+00,1.83e+00,1.75e+00; 2.98e+00,2.78e+00,1.87e+00,1.79e+00; 3.03e+00,2.82e+00,1.92e+00,1.86e+00; 3.08e+00,2.86e+00,1.97e+00,1.91e+00; 3.14e+00,2.91e+00,2.00e+00,1.96e+00; 3.20e+00,2.97e+00,2.04e+00,2.00e+00; 3.26e+00,3.03e+00,2.08e+00,2.03e+00; 3.33e+00,3.10e+00,2.12e+00,2.06e+00; 3.38e+00,3.15e+00,2.17e+00,2.09e+00; 3.44e+00,3.21e+00,2.21e+00,2.14e+00; 3.49e+00,3.25e+00,2.24e+00,2.21e+00; 3.54e+00,3.29e+00,2.28e+00,2.28e+00; 3.59e+00,3.34e+00,2.33e+00,2.32e+00; 3.66e+00,3.40e+00,2.37e+00,2.36e+00; 3.72e+00,3.46e+00,2.41e+00,2.39e+00; 3.77e+00,3.52e+00,2.45e+00,2.43e+00; 3.54e+00,3.54e+00,3.02e+00,2.27e+00; 3.60e+00,3.59e+00,3.07e+00,2.30e+00","17,17,17,17,17,17,17,17,17,17,17,17,17,17,17,17,17,17,17,17,17,17,17,17,17,17,17,17,17,17,17,17,17,17,17,17,17,17,17,17,17,17,17,17,17,17,17,17,17,17,17,17,17,17,17,17,17,17,17,17,17,17,17,17"
703,16.01,14.10,"1.82,3.23,4.15,4.94,5.77,6.48,7.02,7.63,8.26,8.82,9.35,9.86,10.33,10.77,11.24,11.72,12.11,12.46,12.81,13.16,13.48,13.79,14.12,14.47,14.75,15.01,15.29,15.57,15.81,16.05,16.31,16.57,16.81,17.07,17.31,17.54,17.74,17.93,18.14,18.36,18.60,18.83,19.03,19.22,19.39,19.55,19.72,19.91,20.13,20.32,20.49,20.66,20.80,20.94,21.09,21.24,21.44,21.59,21.72,21.87,22.01,22.14,22.26,22.40","2.84e-02,2.73e-02,2.35e-02,1.83e-06","0,9,0,9","9.84e-02; 1.97e-01; 2.95e-01; 2.79e-01,1.14e-01; 2.94e-01,1.98e-01; 3.25e-01,2.65e-01; 3.51e-01,3.12e-01,2.59e-02; 3.31e-01,2.97e-01,1.59e-01; 3.58e-01,3.25e-01,2.02e-01; 4.03e-01,3.65e-01,2.16e-01; 4.42e-01,4.02e-01,2.37e-01; 4.76e-01,4.46e-01,2.59e-01; 5.10e-01,4.97e-01,2.71e-01; 5.39e-01,5.38e-01,3.00e-01; 5.56e-01,5.50e-01,3.70e-01; 5.63e-01,5.62e-01,4.49e-01; 5.96e-01,5.93e-01,4.84e-01; 6.33e-01,6.32e-01,5.06e-01; 6.69e-01,6.66e-01,5.34e-01; 7.02e-01,7.02e-01,5.63e-01; 7.44e-01,7.35e-01,5.86e-01; 7.84e-01,7.66e-01,6.14e-01; 8.14e-01,7.90e-01,6.58e-01; 8.31e-01,8.11e-01,7.19e-01; 8.54e-01,8.42e-01,7.64e-01; 8.71e-01,8.69e-01,7.83e-01,3.49e-02; 8.91e-01,8.90e-01,7.93e-01,8.25e-02; 9.23e-01,9.21e-01,8.18e-01,9.24e-02; 9.64e-01,9.53e-01,8.39e-01,9.64e-02; 1.00e+00,9.85e-01,8.66e-01,9.68e-02; 1.03e+00,1.01e+00,9.05e-01,1.10e-01; 1.03e+00,1.03e+00,9.54e-01,1.31e-01; 1.02e+00,1.02e+00,9.44e-01,2.63e-01; 1.03e+00,1.03e+00,9.45e-01,3.37e-01; 1.06e+00,1.05e+00,9.67e-01,3.67e-01; 1.09e+00,1.08e+00,9.91e-01,3.81e-01; 1.13e+00,1.11e+00,1.01e+00,3.92e-01; 1.16e+00,1.14e+00,1.03e+00,4.04e-01; 1.18e+00,1.17e+00,1.07e+00,4.20e-01; 1.19e+00,1.19e+00,1.12e+00,4.38e-01; 1.21e+00,1.20e+00,1.13e+00,4.91e-01; 1.23e+00,1.21e+00,1.14e+00,5.55e-01; 1.25e+00,1.23e+00,1.17e+00,5.78e-01; 1.28e+00,1.27e+00,1.19e+00,5.89e-01; 1.31e+00,1.31e+00,1.21e+00,6.01e-01; 1.34e+00,1.34e+00,1.23e+00,6.18e-01; 1.37e+00,1.36e+00,1.25e+00,6.45e-01; 1.39e+00,1.38e+00,1.30e+00,6.59e-01; 1.40e+00,1.37e+00,1.32e+00,7.35e-01; 1.42e+00,1.38e+00,1.35e+00,7.72e-01; 1.44e+00,1.40e+00,1.39e+00,7.90e-01; 1.47e+00,1.44e+00,1.41e+00,8.02e-01; 1.50e+00,1.49e+00,1.41e+00,8.15e-01; 1.53e+00,1.52e+00,1.42e+00,8.33e-01; 1.56e+00,1.54e+00,1.45e+00,8.51e-01; 1.58e+00,1.56e+00,1.48e+00,8.79e-01; 1.60e+00,1.54e+00,1.53e+00,9.35e-01; 1.62e+00,1.59e+00,1.53e+00,9.64e-01; 1.65e+00,1.64e+00,1.53e+00,9.87e-01; 1.68e+00,1.65e+00,1.58e+00,9.95e-01; 1.71e+00,1.65e+00,1.63e+00,1.00e+00; 1.74e+00,1.69e+00,1.65e+00,1.02e+00; 1.77e+00,1.71e+00,1.68e+00,1.04e+00; 1.80e+00,1.73e+00,1.71e+00,1.06e+00","26,26,26,16,16,16,16,16,16,16,16,16,16,16,26,26,16,16,16,16,16,16,16,26,26,26,16,16,16,16,26,26,16,16,16,16,16,16,26,26,16,16,16,16,16,26,16,26,16,16,16,16,16,26,26,16,16,16,16,16,26,26,26,16"
704,12.87,13.27,"3.28,4.98,6.43,7.84,8.90,9.69,10.50,11.30,11.91,12.44,12.95,13.45,13.89,14.31,14.74,15.15,15.47,15.77,16.09,16.39,16.67,16.95,17.23,17.50,17.71,17.93,18.17,18.39,18.60,18.82,19.04,19.22,19.39,19.58,19.77,19.95,20.13,20.30,20.47,20.60,20.75,20.91,21.05,21.20,21.35,21.49,21.62,21.72,21.87,22.00,22.12,22.24,22.36,22.48,22.59,22.71,22.85,22.97,23.08,23.19,23.30,23.40,23.51,23.62","2.74e-02,2.60e-02,9.72e-07,6.74e-07","4,4,4,4","6.62e-02; 1.32e-01; 1.34e-01,6.42e-02; 1.55e-01,1.10e-01; 1.81e-01,1.50e-01; 1.96e-01,1.70e-01,3.12e-02; 2.02e-01,1.70e-01,9.18e-02; 2.13e-01,1.76e-01,1.40e-01; 2.37e-01,1.96e-01,1.63e-01; 2.70e-01,2.18e-01,1.75e-01; 3.01e-01,2.31e-01,1.97e-01; 3.30e-01,2.49e-01,2.15e-01; 3.53e-01,2.83e-01,2.25e-01; 3.75e-01,3.16e-01,2.36e-01; 3.95e-01,3.37e-01,2.61e-01; 4.09e-01,3.47e-01,3.03e-01; 4.34e-01,3.69e-01,3.22e-01; 4.64e-01,3.92e-01,3.36e-01; 4.93e-01,4.06e-01,3.59e-01; 5.20e-01,4.22e-01,3.83e-01; 5.45e-01,4.51e-01,3.95e-01; 5.68e-01,4.82e-01,4.07e-01; 5.86e-01,5.02e-01,4.36e-01; 6.02e-01,5.10e-01,4.78e-01; 6.27e-01,5.35e-01,4.94e-01; 6.54e-01,5.55e-01,5.13e-01; 6.81e-01,5.66e-01,5.41e-01; 7.07e-01,5.80e-01,5.67e-01; 7.32e-01,6.07e-01,5.81e-01; 7.54e-01,6.34e-01,5.98e-01; 7.74e-01,6.50e-01,6.29e-01; 7.92e-01,6.72e-01,6.55e-01; 8.15e-01,6.89e-01,6.81e-01; 8.40e-01,7.15e-01,6.97e-01; 8.66e-01,7.48e-01,7.04e-01; 8.93e-01,7.76e-01,7.15e-01; 9.20e-01,7.93e-01,7.37e-01; 9.44e-01,8.13e-01,7.60e-01; 9.66e-01,8.46e-01,7.71e-01; 9.87e-01,8.90e-01,7.72e-01; 1.00e+00,9.12e-01,8.00e-01; 1.03e+00,9.43e-01,8.13e-01; 1.05e+00,9.79e-01,8.17e-01; 1.08e+00,1.01e+00,8.25e-01; 1.11e+00,1.03e+00,8.44e-01; 1.13e+00,1.05e+00,8.60e-01; 1.16e+00,1.09e+00,8.65e-01; 1.18e+00,1.12e+00,8.57e-01,1.57e-02; 1.15e+00,1.09e+00,8.30e-01,1.81e-01; 1.16e+00,1.10e+00,8.29e-01,2.15e-01; 1.18e+00,1.13e+00,8.28e-01,2.31e-01; 1.21e+00,1.16e+00,8.33e-01,2.41e-01; 1.23e+00,1.18e+00,8.48e-01,2.43e-01; 1.26e+00,1.21e+00,8.60e-01,2.49e-01; 1.28e+00,1.23e+00,8.58e-01,2.72e-01; 1.29e+00,1.25e+00,8.53e-01,3.12e-01; 1.30e+00,1.25e+00,8.58e-01,3.62e-01; 1.32e+00,1.26e+00,8.69e-01,3.85e-01; 1.34e+00,1.29e+00,8.78e-01,3.99e-01; 1.37e+00,1.31e+00,8.89e-01,4.06e-01; 1.39e+00,1.33e+00,9.01e-01,4.12e-01; 1.42e+00,1.36e+00,9.14e-01,4.20e-01; 1.44e+00,1.38e+00,9.28e-01,4.30e-01; 1.45e+00,1.39e+00,9.44e-01,4.48e-01","25,25,25,25,25,25,25,25,25,25,25,25,25,25,25,25,25,25,25,25,25,25,25,25,25,25,25,25,25,25,25,25,25,25,25,25,25,25,25,25,25,25,25,25,25,25,25,25,25,25,25,25,25,25,25,25,25,25,25,25,25,25,25,25"
705,13.60,14.17,"2.84,4.50,5.84,7.18,8.28,9.13,9.83,10.53,11.14,11.66,12.15,12.65,13.11,13.54,13.97,14.39,14.71,15.02,15.33,15.65,15.95,16.25,16.56,16.85,17.09,17.33,17.58,17.81,18.04,18.27,18.50,18.72,18.92,19.13,19.33,19.52,19.69,19.87,20.05,20.23,20.40,20.57,20.73,20.88,21.03,21.18,21.32,21.46,21.60,21.73,21.84,21.96,22.09,22.21,22.32,22.41,22.50,22.63,22.76,22.87,22.98,23.10,23.23,23.36","3.20e-02,3.09e-02,1.85e-06,1.26e-06","4,4,4,4","7.80e-02; 1.56e-01; 1.63e-01,7.07e-02; 1.86e-01,1.26e-01; 2.15e-01,1.75e-01; 2.48e-01,2.20e-01; 2.55e-01,2.32e-01,5.83e-02; 2.64e-01,2.45e-01,1.15e-01; 2.95e-01,2.75e-01,1.32e-01; 3.37e-01,3.00e-01,1.44e-01; 3.73e-01,3.19e-01,1.66e-01; 4.04e-01,3.44e-01,1.88e-01; 4.35e-01,3.83e-01,1.97e-01; 4.61e-01,4.20e-01,2.11e-01; 4.79e-01,4.47e-01,2.44e-01; 4.92e-01,4.66e-01,2.91e-01; 5.22e-01,4.93e-01,3.11e-01; 5.58e-01,5.15e-01,3.31e-01; 5.92e-01,5.33e-01,3.58e-01; 6.23e-01,5.55e-01,3.82e-01; 6.53e-01,5.89e-01,3.96e-01; 6.79e-01,6.27e-01,4.11e-01; 7.05e-01,6.57e-01,4.32e-01; 7.19e-01,6.76e-01,4.78e-01; 7.47e-01,7.00e-01,5.04e-01; 7.78e-01,7.18e-01,5.32e-01; 8.09e-01,7.32e-01,5.65e-01; 8.38e-01,7.53e-01,5.93e-01; 8.68e-01,7.86e-01,6.08e-01; 8.95e-01,8.22e-01,6.23e-01; 9.17e-01,8.50e-01,6.51e-01; 9.35e-01,8.68e-01,6.93e-01; 9.61e-01,8.88e-01,7.25e-01; 9.89e-01,9.02e-01,7.61e-01; 1.02e+00,9.14e-01,7.97e-01; 1.05e+00,9.36e-01,8.25e-01; 1.08e+00,9.68e-01,8.40e-01; 1.11e+00,1.00e+00,8.56e-01; 1.13e+00,1.03e+00,8.83e-01; 1.16e+00,1.04e+00,9.22e-01; 1.18e+00,1.06e+00,9.63e-01; 1.20e+00,1.06e+00,1.00e+00,1.03e-02; 1.23e+00,1.06e+00,1.04e+00,2.26e-02; 1.26e+00,1.09e+00,1.07e+00,1.45e-02; 1.29e+00,1.13e+00,1.09e+00; 1.32e+00,1.16e+00,1.11e+00; 1.34e+00,1.17e+00,1.12e+00,3.10e-02; 1.36e+00,1.16e+00,1.15e+00,7.78e-02; 1.38e+00,1.22e+00,1.15e+00,7.43e-02; 1.40e+00,1.27e+00,1.12e+00,1.17e-01; 1.42e+00,1.31e+00,1.09e+00,1.50e-01; 1.46e+00,1.35e+00,1.10e+00,1.45e-01; 1.49e+00,1.37e+00,1.15e+00,1.27e-01; 1.51e+00,1.39e+00,1.16e+00,1.45e-01; 1.49e+00,1.41e+00,1.10e+00,2.90e-01; 1.49e+00,1.45e+00,1.03e+00,3.97e-01; 1.51e+00,1.50e+00,1.01e+00,4.23e-01; 1.53e+00,1.52e+00,1.04e+00,4.37e-01; 1.55e+00,1.53e+00,1.07e+00,4.47e-01; 1.58e+00,1.55e+00,1.11e+00,4.34e-01; 1.61e+00,1.58e+00,1.14e+00,4.24e-01; 1.64e+00,1.59e+00,1.17e+00,4.34e-01; 1.67e+00,1.59e+00,1.22e+00,4.38e-01; 1.73e+00,1.61e+00,1.27e+00,3.84e-01","24,24,24,24,24,24,24,24,24,24,24,24,24,24,24,24,24,24,24,24,24,24,24,24,24,24,24,24,24,24,24,24,24,24,24,24,24,24,24,24,24,24,24,24,24,24,24,24,24,24,24,24,24,24,24,24,24,24,24,24,24,24,24,24"
706,9.78,8.61,"1.24,2.42,3.25,3.87,4.37,4.83,5.25,5.63,5.97,6.30,6.60,6.88,7.13,7.39,7.63,7.85,8.06,8.27,8.47,8.67,8.86,9.05,9.24,9.41,9.57,9.74,9.91,10.08,10.24,10.40,10.55,10.70,10.84,10.98,11.13,11.28,11.42,11.56,11.69,11.81,11.92,12.05,12.18,12.31,12.43,12.55,12.66,12.77,12.86,12.97,13.08,13.20,13.30,13.41,13.51,13.60,13.69,13.78,13.88,13.98,14.08,14.17,14.26,14.34","2.38e-02,1.51e-02,1.32e-06,8.04e-07","1,1,1,1","4.83e-02; 9.65e-02; 1.45e-01; 1.93e-01; 2.21e-01,2.07e-02; 2.26e-01,6.39e-02; 2.44e-01,9.39e-02; 2.62e-01,1.24e-01; 2.81e-01,1.53e-01; 3.13e-01,1.69e-01; 3.53e-01,1.78e-01; 3.92e-01,1.87e-01; 4.26e-01,2.02e-01; 4.51e-01,2.25e-01; 4.72e-01,2.52e-01; 4.91e-01,2.81e-01; 5.04e-01,3.06e-01,1.02e-02; 5.17e-01,3.12e-01,3.93e-02; 5.38e-01,3.19e-01,6.03e-02; 5.53e-01,3.17e-01,9.48e-02; 5.73e-01,3.19e-01,1.21e-01; 5.90e-01,3.30e-01,1.41e-01; 6.04e-01,3.46e-01,1.60e-01; 6.17e-01,3.65e-01,1.75e-01; 6.31e-01,3.89e-01,1.87e-01; 6.45e-01,4.03e-01,2.07e-01; 6.63e-01,4.11e-01,2.29e-01; 6.71e-01,4.08e-01,2.72e-01; 6.83e-01,4.08e-01,3.08e-01; 7.04e-01,4.19e-01,3.25e-01; 7.21e-01,4.36e-01,3.39e-01; 7.35e-01,4.56e-01,3.53e-01; 7.48e-01,4.78e-01,3.66e-01; 7.63e-01,4.96e-01,3.82e-01; 7.81e-01,5.11e-01,3.97e-01; 7.92e-01,5.11e-01,4.34e-01; 8.05e-01,5.11e-01,4.69e-01; 8.20e-01,5.17e-01,4.97e-01; 8.38e-01,5.32e-01,5.12e-01; 8.54e-01,5.51e-01,5.25e-01; 8.68e-01,5.74e-01,5.37e-01; 8.83e-01,5.93e-01,5.51e-01; 8.96e-01,6.00e-01,5.79e-01; 9.10e-01,6.10e-01,6.04e-01; 9.26e-01,6.38e-01,6.08e-01; 9.42e-01,6.64e-01,6.14e-01; 9.61e-01,6.78e-01,6.29e-01; 9.78e-01,6.91e-01,6.47e-01; 9.91e-01,7.03e-01,6.70e-01; 1.01e+00,7.17e-01,6.90e-01; 1.02e+00,7.42e-01,6.99e-01; 1.04e+00,7.69e-01,7.06e-01; 1.05e+00,7.95e-01,7.11e-01; 1.07e+00,8.19e-01,7.18e-01; 1.09e+00,8.33e-01,7.32e-01; 1.11e+00,8.47e-01,7.49e-01; 1.12e+00,8.60e-01,7.72e-01; 1.13e+00,8.73e-01,7.93e-01; 1.15e+00,8.96e-01,8.04e-01; 1.16e+00,9.21e-01,8.12e-01; 1.18e+00,9.46e-01,8.18e-01; 1.20e+00,9.68e-01,8.26e-01; 1.22e+00,9.83e-01,8.38e-01; 1.24e+00,9.97e-01,8.55e-01","32,32,32,32,32,32,32,32,32,32,32,32,32,32,32,32,32,32,32,32,32,32,32,32,32,32,32,17,17,32,32,32,32,32,17,17,17,17,32,32,32,32,17,17,17,17,32,32,32,32,17,17,17,17,32,32,32,32,17,17,17,17,32,32"
707,22.53,22.47,"6.28,8.26,10.18,11.86,13.24,14.37,15.38,16.38,17.19,17.85,18.37,18.89,19.41,19.90,20.35,20.86,21.52,22.06,22.51,22.92,23.28,23.64,23.97,24.39,24.77,25.18,25.53,25.88,26.20,26.45,26.74,27.09,27.33,27.60,27.87,28.15,28.46,28.71,28.95,29.21,29.38,29.60,29.81,30.02,30.22,30.40,30.59,30.80,31.00,31.18,31.35,31.51,31.66,31.88,32.03,32.21,32.30,32.45,32.60,32.73,32.85,32.97,33.19,33.36","6.47e-01,6.39e-01,5.41e-01,4.12e-05","0,0,0,0","2.27e+00; 3.94e+00,5.99e-01; 4.36e+00,2.45e+00; 5.18e+00,3.90e+00; 6.13e+00,5.22e+00; 6.74e+00,6.03e+00,8.47e-01; 7.32e+00,6.62e+00,1.94e+00; 7.77e+00,7.04e+00,3.34e+00; 8.39e+00,7.62e+00,4.42e+00; 8.89e+00,8.12e+00,4.79e+00,8.89e-01; 9.96e+00,8.98e+00,4.52e+00,1.49e+00; 1.04e+01,9.26e+00,4.77e+00,2.84e+00; 1.11e+01,9.84e+00,5.41e+00,3.18e+00; 1.18e+01,1.06e+01,5.98e+00,3.38e+00; 1.26e+01,1.14e+01,5.99e+00,4.03e+00; 1.33e+01,1.22e+01,5.98e+00,4.91e+00; 1.36e+01,1.23e+01,6.39e+00,6.27e+00; 1.42e+01,1.27e+01,7.05e+00,6.87e+00; 1.48e+01,1.33e+01,8.57e+00,6.41e+00; 1.55e+01,1.39e+01,9.96e+00,6.04e+00; 1.62e+01,1.43e+01,1.07e+01,6.40e+00; 1.69e+01,1.48e+01,1.12e+01,6.95e+00; 1.73e+01,1.55e+01,1.19e+01,7.45e+00; 1.81e+01,1.64e+01,1.27e+01,7.21e+00; 1.85e+01,1.66e+01,1.35e+01,8.17e+00; 1.94e+01,1.71e+01,1.40e+01,8.52e+00; 1.96e+01,1.76e+01,1.50e+01,9.02e+00; 2.06e+01,1.84e+01,1.63e+01,8.24e+00; 2.12e+01,1.88e+01,1.71e+01,8.70e+00; 2.19e+01,1.93e+01,1.78e+01,8.99e+00; 2.26e+01,1.99e+01,1.84e+01,9.51e+00; 2.31e+01,2.05e+01,1.90e+01,1.01e+01; 2.36e+01,2.09e+01,1.96e+01,1.07e+01; 2.41e+01,2.13e+01,2.02e+01,1.15e+01; 2.54e+01,2.22e+01,2.11e+01,1.07e+01; 2.55e+01,2.25e+01,2.19e+01,1.18e+01; 2.62e+01,2.29e+01,2.26e+01,1.23e+01; 2.68e+01,2.32e+01,2.32e+01,1.30e+01; 2.74e+01,2.37e+01,2.37e+01,1.37e+01; 2.80e+01,2.43e+01,2.43e+01,1.42e+01; 2.85e+01,2.49e+01,2.48e+01,1.48e+01; 2.90e+01,2.54e+01,2.53e+01,1.56e+01; 3.05e+01,2.64e+01,2.61e+01,1.46e+01; 3.12e+01,2.72e+01,2.66e+01,1.49e+01; 3.19e+01,2.80e+01,2.71e+01,1.51e+01; 3.26e+01,2.87e+01,2.76e+01,1.55e+01; 3.32e+01,2.93e+01,2.81e+01,1.60e+01; 3.38e+01,2.98e+01,2.87e+01,1.66e+01; 3.44e+01,3.04e+01,2.92e+01,1.72e+01; 3.51e+01,3.09e+01,2.98e+01,1.77e+01; 3.42e+01,3.09e+01,3.00e+01,2.06e+01; 3.53e+01,3.17e+01,3.06e+01,2.03e+01; 3.60e+01,3.24e+01,3.12e+01,2.06e+01; 3.67e+01,3.31e+01,3.17e+01,2.10e+01; 3.73e+01,3.37e+01,3.23e+01,2.15e+01; 3.79e+01,3.42e+01,3.28e+01,2.22e+01; 3.82e+01,3.46e+01,3.34e+01,2.32e+01; 3.88e+01,3.52e+01,3.40e+01,2.37e+01; 3.94e+01,3.58e+01,3.46e+01,2.41e+01; 4.02e+01,3.65e+01,3.52e+01,2.43e+01; 4.10e+01,3.71e+01,3.57e+01,2.45e+01; 4.17e+01,3.78e+01,3.63e+01,2.49e+01; 4.23e+01,3.84e+01,3.69e+01,2.54e+01; 4.28e+01,3.87e+01,3.74e+01,2.63e+01","24,24,24,24,24,24,24,24,24,24,24,24,24,24,24,24,24,24,24,24,24,24,24,24,24,24,24,24,24,24,24,24,24,24,24,24,24,24,24,24,24,24,24,24,24,24,24,24,24,24,24,24,24,24,24,24,24,24,24,24,24,24,24,24"
708,21.70,21.32,"6.79,8.99,11.24,13.11,14.62,15.83,16.94,18.06,18.99,19.62,20.13,20.64,21.13,21.61,22.09,22.68,23.25,23.65,23.94,24.22,24.52,24.86,25.19,25.56,25.95,26.30,26.55,26.81,27.11,27.38,27.70,28.04,28.29,28.62,28.91,29.17,29.42,29.66,29.89,30.14,30.38,30.61,30.84,31.05,31.25,31.45,31.65,31.86,32.07,32.26,32.44,32.63,32.81,32.98,33.15,33.34,33.52,33.69,33.84,34.00,34.16,34.32,34.48,34.65","5.24e-01,5.18e-01,3.89e-01,2.60e-05","1,1,1,1","1.78e+00; 2.72e+00,8.31e-01; 3.22e+00,2.11e+00; 3.92e+00,3.19e+00; 4.69e+00,4.19e+00; 5.22e+00,4.84e+00,5.97e-01; 5.64e+00,5.21e+00,1.58e+00; 6.06e+00,5.57e+00,2.58e+00; 6.58e+00,6.07e+00,3.34e+00; 7.25e+00,6.74e+00,3.78e+00; 7.94e+00,7.39e+00,4.22e+00; 8.59e+00,7.96e+00,4.77e+00; 9.22e+00,8.55e+00,5.31e+00; 9.87e+00,9.22e+00,5.78e+00; 1.05e+01,9.87e+00,6.28e+00; 1.10e+01,1.04e+01,7.02e+00; 1.15e+01,1.09e+01,7.83e+00; 1.21e+01,1.15e+01,8.38e+00; 1.28e+01,1.21e+01,8.85e+00; 1.36e+01,1.28e+01,8.80e+00,3.65e-01; 1.36e+01,1.28e+01,8.93e+00,2.03e+00; 1.44e+01,1.35e+01,8.67e+00,2.50e+00; 1.49e+01,1.40e+01,8.83e+00,3.13e+00; 1.55e+01,1.45e+01,9.40e+00,3.27e+00; 1.60e+01,1.51e+01,1.03e+01,2.98e+00; 1.64e+01,1.54e+01,1.04e+01,4.02e+00; 1.69e+01,1.58e+01,1.04e+01,4.91e+00; 1.69e+01,1.58e+01,1.01e+01,6.87e+00; 1.75e+01,1.62e+01,9.74e+00,8.09e+00; 1.80e+01,1.67e+01,9.72e+00,8.90e+00; 1.85e+01,1.71e+01,9.96e+00,9.53e+00; 1.90e+01,1.75e+01,1.07e+01,9.67e+00; 1.95e+01,1.80e+01,1.06e+01,1.05e+01; 2.00e+01,1.84e+01,1.14e+01,1.06e+01; 2.05e+01,1.88e+01,1.26e+01,1.03e+01; 2.10e+01,1.93e+01,1.38e+01,9.89e+00; 2.15e+01,1.97e+01,1.49e+01,9.67e+00; 2.20e+01,2.02e+01,1.57e+01,9.64e+00; 2.25e+01,2.06e+01,1.64e+01,9.73e+00; 2.30e+01,2.11e+01,1.69e+01,1.00e+01; 2.35e+01,2.15e+01,1.73e+01,1.05e+01; 2.41e+01,2.20e+01,1.78e+01,1.08e+01; 2.46e+01,2.25e+01,1.86e+01,1.08e+01; 2.51e+01,2.29e+01,1.95e+01,1.06e+01; 2.56e+01,2.34e+01,2.04e+01,1.06e+01; 2.61e+01,2.38e+01,2.12e+01,1.06e+01; 2.66e+01,2.43e+01,2.18e+01,1.08e+01; 2.71e+01,2.48e+01,2.24e+01,1.10e+01; 2.76e+01,2.52e+01,2.28e+01,1.15e+01; 2.81e+01,2.57e+01,2.32e+01,1.18e+01; 2.86e+01,2.62e+01,2.39e+01,1.19e+01; 2.91e+01,2.67e+01,2.47e+01,1.19e+01; 2.96e+01,2.71e+01,2.54e+01,1.20e+01; 3.01e+01,2.76e+01,2.61e+01,1.21e+01; 3.06e+01,2.80e+01,2.67e+01,1.23e+01; 3.11e+01,2.85e+01,2.73e+01,1.25e+01; 3.17e+01,2.90e+01,2.77e+01,1.30e+01; 3.22e+01,2.95e+01,2.81e+01,1.33e+01; 3.27e+01,3.00e+01,2.87e+01,1.34e+01; 3.32e+01,3.05e+01,2.94e+01,1.36e+01; 3.37e+01,3.09e+01,3.00e+01,1.38e+01; 3.42e+01,3.13e+01,3.06e+01,1.40e+01; 3.47e+01,3.18e+01,3.12e+01,1.42e+01; 3.63e+01,3.29e+01,3.24e+01,1.21e+01","33,33,33,33,33,33,33,33,33,33,33,33,33,33,33,33,33,33,33,33,33,33,33,33,33,33,33,33,33,33,33,33,33,33,33,33,33,33,33,33,33,33,33,33,33,33,33,33,33,33,33,33,33,33,33,33,33,33,33,33,33,33,33,33"
709,7.02,6.57,"1.13,2.24,3.02,3.61,4.08,4.54,4.97,5.35,5.72,6.06,6.36,6.63,6.89,7.16,7.41,7.65,7.87,8.09,8.29,8.47,8.65,8.83,9.01,9.19,9.36,9.53,9.68,9.82,9.95,10.10,10.24,10.39,10.52,10.66,10.79,10.90,11.01,11.13,11.25,11.37,11.49,11.60,11.71,11.81,11.90,12.00,12.10,12.21,12.31,12.41,12.51,12.59,12.67,12.76,12.85,12.94,13.03,13.12,13.20,13.28,13.35,13.42,13.50,13.58","1.05e-02,9.61e-07,3.74e-07,2.60e-07","0,0,0,0","1.30e-02; 2.60e-02; 3.89e-02; 5.19e-02; 5.65e-02,8.40e-03; 6.05e-02,1.74e-02; 6.44e-02,2.64e-02; 6.83e-02,3.55e-02; 7.25e-02,4.43e-02; 8.07e-02,4.90e-02; 9.12e-02,5.15e-02; 1.01e-01,5.43e-02; 1.10e-01,5.88e-02; 1.16e-01,6.52e-02; 1.22e-01,7.30e-02; 1.26e-01,8.14e-02; 1.30e-01,9.01e-02; 1.37e-01,9.68e-02; 1.45e-01,1.01e-01; 1.54e-01,1.05e-01; 1.63e-01,1.10e-01; 1.70e-01,1.16e-01; 1.76e-01,1.22e-01; 1.81e-01,1.30e-01; 1.85e-01,1.39e-01; 1.91e-01,1.46e-01; 1.99e-01,1.52e-01; 2.07e-01,1.56e-01; 2.15e-01,1.61e-01; 2.22e-01,1.67e-01; 2.29e-01,1.74e-01; 2.34e-01,1.81e-01; 2.39e-01,1.90e-01; 2.44e-01,1.97e-01; 2.51e-01,2.03e-01; 2.59e-01,2.08e-01; 2.67e-01,2.13e-01; 2.74e-01,2.19e-01; 2.81e-01,2.25e-01; 2.86e-01,2.33e-01; 2.91e-01,2.41e-01; 2.97e-01,2.48e-01; 3.04e-01,2.54e-01; 3.12e-01,2.60e-01; 3.19e-01,2.65e-01; 3.26e-01,2.71e-01; 3.33e-01,2.77e-01; 3.39e-01,2.84e-01; 3.44e-01,2.92e-01; 3.50e-01,2.99e-01; 3.56e-01,3.06e-01; 3.64e-01,3.11e-01; 3.71e-01,3.17e-01; 3.78e-01,3.23e-01; 3.85e-01,3.29e-01; 3.91e-01,3.36e-01; 3.96e-01,3.44e-01; 4.02e-01,3.51e-01; 4.08e-01,3.57e-01; 4.16e-01,3.63e-01; 4.23e-01,3.69e-01; 4.30e-01,3.75e-01; 4.37e-01,3.81e-01; 4.43e-01,3.88e-01","33,33,33,33,33,33,33,33,33,33,33,33,33,33,33,33,33,33,33,33,33,33,33,33,33,33,33,33,33,33,33,33,33,33,33,33,33,33,33,33,33,33,33,33,33,33,33,33,33,33,33,33,33,33,33,33,33,33,33,33,33,33,33,33"
712,0.00,0.00,"0.00,0.00,0.00,0.00,0.00,0.00,0.00,0.00,0.00,0.00,0.00,0.00,0.00,0.00,0.00,0.00,0.00,0.00,0.00,0.00,0.00,0.00,0.00,0.00,0.00,0.01,0.01,0.01,0.01,0.01,0.01,0.01,0.01,0.01,0.01,0.01,0.01,0.01,0.01,0.01,0.01,0.01,0.01,0.01,0.01,0.02,0.02,0.02,0.02,0.02,0.02,0.02,0.02,0.02,0.02,0.02,0.02,0.02,0.02,0.03,0.03,0.03,0.03,0.03","1.20e-07,7.16e-12,2.22e-12,1.36e-12","9,9,9,9",; ; ; ; ; ; 1.04e-06; 1.19e-06; 1.34e-06; 1.49e-06; 1.64e-06; 1.78e-06; 1.93e-06; 2.08e-06; 2.23e-06; 2.38e-06; 2.53e-06; 2.68e-06; 2.83e-06; 2.97e-06; 3.12e-06; 3.27e-06; 3.42e-06; 3.57e-06; 3.72e-06; 3.87e-06; 4.02e-06; 4.16e-06; 4.31e-06; 4.46e-06; 4.61e-06; 4.76e-06; 4.91e-06; 5.06e-06; 5.20e-06; 5.35e-06; 5.50e-06; 5.65e-06; 5.80e-06; 5.95e-06; 6.10e-06; 6.25e-06; 6.39e-06; 6.54e-06; 6.69e-06; 6.84e-06; 6.99e-06; 7.14e-06; 7.29e-06; 7.44e-06; 7.58e-06; 7.73e-06; 7.88e-06; 8.03e-06; 8.18e-06; 8.33e-06; 8.48e-06; 8.62e-06; 8.77e-06; 8.92e-06; 9.07e-06; 9.22e-06; 9.37e-06; 9.52e-06,"31,31,31,33,31,31,31,33,31,31,31,33,31,31,31,33,31,31,31,31,31,31,31,31,31,31,31,31,31,31,31,31,31,31,31,31,31,31,31,31,31,31,31,31,31,31,31,31,31,31,31,31,31,31,31,31,31,31,31,31,31,31,31,31"
713,0.01,0.00,"0.00,0.00,0.00,0.00,0.00,0.00,0.00,0.00,0.00,0.00,0.00,0.00,0.00,0.00,0.00,0.01,0.01,0.01,0.01,0.01,0.01,0.01,0.01,0.01,0.01,0.01,0.01,0.01,0.01,0.01,0.01,0.02,0.02,0.02,0.02,0.02,0.02,0.02,0.02,0.02,0.02,0.02,0.02,0.02,0.02,0.02,0.02,0.02,0.03,0.03,0.03,0.03,0.03,0.03,0.03,0.03,0.03,0.04,0.04,0.04,0.04,0.04,0.04,0.05","4.06e-07,2.15e-11,1.26e-11,8.71e-12","10,10,10,10",; 1.01e-06; 1.51e-06; 2.02e-06; 2.52e-06; 3.02e-06; 3.53e-06; 4.03e-06; 4.53e-06; 5.04e-06; 5.54e-06; 6.05e-06; 6.55e-06; 7.05e-06; 7.56e-06; 8.06e-06; 8.57e-06; 9.07e-06; 9.57e-06; 1.01e-05; 1.06e-05; 1.11e-05; 1.16e-05; 1.21e-05; 1.26e-05; 1.31e-05; 1.36e-05; 1.41e-05; 1.46e-05; 1.51e-05; 1.56e-05; 1.61e-05; 1.66e-05; 1.71e-05; 1.76e-05; 1.81e-05; 1.86e-05; 1.91e-05; 1.97e-05; 2.02e-05; 2.07e-05; 2.12e-05; 2.17e-05; 2.22e-05; 2.27e-05; 2.32e-05; 2.37e-05; 2.42e-05; 2.47e-05; 2.52e-05; 2.57e-05; 2.62e-05; 2.67e-05; 2.72e-05; 2.77e-05; 2.82e-05; 2.87e-05; 2.92e-05; 2.97e-05; 3.02e-05; 3.07e-05; 3.12e-05; 3.17e-05; 3.22e-05,"31,31,31,31,31,31,31,31,31,31,31,31,31,31,31,31,31,31,31,31,31,31,31,31,31,31,31,31,31,31,31,31,31,31,31,31,31,31,31,31,31,31,31,31,31,31,31,31,31,31,31,31,31,31,31,31,31,31,31,31,31,31,31,31"
