ue,C_AE,C_UE,C_BS_hist,lambda_UE,ue_beams,lambda_BS_per_layer,bs_beams
413,46.66,36.29,"16.04,18.94,22.09,24.39,26.05,27.41,28.74,30.24,31.02,32.00,32.54,33.04,33.69,34.50,35.05,35.97,36.20,35.85,36.72,37.08,37.55,37.96,38.24,38.89,38.79,40.14,40.56,39.96,40.56,41.48,41.07,41.46,42.16,42.66,43.30,42.68,43.60,44.22,44.29,44.88,45.78,45.25,45.26,46.25,45.61,47.14,47.12,47.96,46.97,49.19,48.88,46.23,48.90,47.77,47.64,50.30,48.18,49.43,51.36,52.71,50.71,55.35,54.07,54.55","3.40e+02,3.39e+02,3.34e+02,3.11e+02","8,3,8,3","2.46e+03; 3.08e+03,1.85e+03; 3.89e+03,3.50e+03; 5.02e+03,4.83e+03; 6.22e+03,6.10e+03; 7.43e+03,7.35e+03; 7.64e+03,7.59e+03,2.01e+03; 7.66e+03,7.62e+03,4.43e+03; 8.36e+03,8.32e+03,4.98e+03,5.07e+02; 9.09e+03,9.06e+03,6.49e+03; 9.92e+03,9.89e+03,7.28e+03; 1.07e+04,1.07e+04,8.21e+03; 1.13e+04,1.13e+04,9.42e+03; 1.21e+04,1.21e+04,1.03e+04; 1.29e+04,1.29e+04,1.12e+04; 1.36e+04,1.36e+04,1.21e+04; 1.45e+04,1.44e+04,1.30e+04; 1.29e+04,1.28e+04,9.42e+03,9.20e+03; 1.39e+04,1.39e+04,1.06e+04,8.52e+03; 1.46e+04,1.46e+04,1.03e+04,9.76e+03; 1.49e+04,1.48e+04,1.20e+04,9.99e+03; 1.58e+04,1.57e+04,1.31e+04,9.60e+03; 1.60e+04,1.60e+04,1.33e+04,1.13e+04; 1.66e+04,1.66e+04,1.39e+04,1.21e+04; 1.72e+04,1.72e+04,1.45e+04,1.26e+04; 1.76e+04,1.76e+04,1.47e+04,1.42e+04; 1.81e+04,1.81e+04,1.57e+04,1.46e+04; 1.91e+04,1.90e+04,1.58e+04,1.51e+04; 1.98e+04,1.97e+04,1.71e+04,1.49e+04; 2.01e+04,2.01e+04,1.75e+04,1.61e+04; 2.06e+04,2.06e+04,1.80e+04,1.71e+04; 2.12e+04,2.12e+04,1.87e+04,1.77e+04; 2.18e+04,2.18e+04,1.93e+04,1.84e+04; 2.23e+04,2.23e+04,2.02e+04,1.89e+04; 2.30e+04,2.29e+04,2.08e+04,1.95e+04; 2.41e+04,2.41e+04,2.12e+04,1.93e+04; 2.50e+04,2.50e+04,2.32e+04,1.80e+04; 2.46e+04,2.45e+04,2.28e+04,2.17e+04; 2.53e+04,2.52e+04,2.35e+04,2.21e+04; 2.59e+04,2.58e+04,2.41e+04,2.27e+04; 2.65e+04,2.65e+04,2.47e+04,2.33e+04; 2.68e+04,2.68e+04,2.52e+04,2.46e+04; 2.74e+04,2.74e+04,2.58e+04,2.54e+04; 2.85e+04,2.85e+04,2.66e+04,2.47e+04; 2.81e+04,2.81e+04,2.76e+04,2.71e+04; 2.94e+04,2.94e+04,2.78e+04,2.67e+04; 2.98e+04,2.98e+04,2.83e+04,2.78e+04; 3.05e+04,3.04e+04,2.89e+04,2.84e+04; 3.11e+04,3.11e+04,2.96e+04,2.90e+04; 3.17e+04,3.17e+04,3.02e+04,2.96e+04; 3.25e+04,3.25e+04,3.11e+04,2.95e+04; 3.33e+04,3.33e+04,3.15e+04,2.99e+04; 3.39e+04,3.39e+04,3.22e+04,3.05e+04; 3.42e+04,3.42e+04,3.27e+04,3.19e+04; 3.47e+04,3.47e+04,3.33e+04,3.28e+04; 3.53e+04,3.53e+04,3.39e+04,3.35e+04; 3.59e+04,3.59e+04,3.45e+04,3.41e+04; 3.65e+04,3.65e+04,3.50e+04,3.49e+04; 3.84e+04,3.84e+04,3.59e+04,3.27e+04; 3.82e+04,3.81e+04,3.65e+04,3.50e+04; 3.86e+04,3.86e+04,3.76e+04,3.54e+04; 3.90e+04,3.90e+04,3.78e+04,3.70e+04; 3.95e+04,3.95e+04,3.83e+04,3.79e+04; 4.01e+04,4.01e+04,3.89e+04,3.85e+04","6,6,6,6,6,6,6,6,6,6,8,8,6,6,6,6,2,56,8,8,2,8,2,6,2,56,8,56,8,2,2,6,2,56,56,8,56,6,8,6,6,56,2,6,6,2,6,56,56,2,8,8,56,2,6,6,56,2,6,8,6,8,8,6"
414,41.81,36.03,"15.42,17.86,20.75,23.15,25.00,26.47,27.50,29.33,30.70,31.67,32.55,33.56,34.40,35.06,35.74,36.48,37.31,37.68,38.34,39.25,38.92,40.05,40.30,40.65,41.10,41.65,41.65,42.05,42.29,42.77,42.55,43.16,44.40,44.50,44.59,44.36,45.93,44.21,45.40,44.03,45.48,46.77,44.94,49.87,48.03,47.82,48.89,46.18,47.79,47.02,48.97,48.16,51.32,48.18,51.02,50.45,53.35,50.20,48.51,51.15,52.29,54.55,56.21,56.82","2.43e+02,2.42e+02,2.40e+02,1.92e+02","11,0,11,11","1.32e+03; 2.00e+03,6.50e+02; 2.17e+03,1.80e+03; 2.73e+03,2.56e+03; 3.36e+03,3.26e+03; 4.00e+03,3.94e+03; 4.66e+03,4.62e+03; 3.98e+03,3.95e+03,2.66e+03; 4.25e+03,4.22e+03,3.45e+03; 4.62e+03,4.60e+03,4.03e+03; 5.02e+03,5.00e+03,4.56e+03; 5.43e+03,5.40e+03,5.06e+03; 5.85e+03,5.82e+03,5.55e+03; 6.28e+03,6.26e+03,6.01e+03; 6.72e+03,6.70e+03,6.45e+03; 7.15e+03,7.14e+03,6.90e+03; 7.58e+03,7.56e+03,7.38e+03; 8.01e+03,8.00e+03,7.84e+03; 8.44e+03,8.43e+03,8.30e+03; 8.88e+03,8.87e+03,8.74e+03; 9.32e+03,9.30e+03,9.20e+03; 9.76e+03,9.74e+03,9.65e+03; 9.92e+03,9.91e+03,9.82e+03,8.12e+02; 1.06e+04,1.06e+04,1.05e+04; 1.11e+04,1.11e+04,1.10e+04; 1.15e+04,1.15e+04,1.14e+04; 1.20e+04,1.19e+04,1.19e+04; 1.22e+04,1.22e+04,1.21e+04,6.06e+02; 1.16e+04,1.16e+04,1.16e+04,3.63e+03; 1.31e+04,1.31e+04,1.31e+04,4.22e+02; 1.34e+04,1.34e+04,1.33e+04,9.67e+02; 1.33e+04,1.33e+04,1.32e+04,2.53e+03; 1.41e+04,1.41e+04,1.40e+04,1.54e+03; 1.33e+04,1.32e+04,1.32e+04,5.35e+03; 1.43e+04,1.43e+04,1.43e+04,3.52e+03; 1.28e+04,1.28e+04,1.27e+04,9.39e+03; 1.55e+04,1.54e+04,1.54e+04,2.70e+03; 1.54e+04,1.54e+04,1.54e+04,4.06e+03; 1.53e+04,1.53e+04,1.53e+04,5.70e+03; 1.50e+04,1.50e+04,1.50e+04,7.90e+03; 1.52e+04,1.52e+04,1.51e+04,8.88e+03; 1.57e+04,1.56e+04,1.56e+04,8.71e+03; 1.51e+04,1.51e+04,1.51e+04,1.17e+04; 1.76e+04,1.76e+04,1.76e+04,5.51e+03; 1.83e+04,1.83e+04,1.83e+04,4.80e+03; 1.62e+04,1.62e+04,1.62e+04,1.24e+04; 1.75e+04,1.75e+04,1.75e+04,9.84e+03; 1.73e+04,1.73e+04,1.73e+04,1.16e+04; 1.89e+04,1.89e+04,1.89e+04,8.15e+03; 1.81e+04,1.81e+04,1.81e+04,1.20e+04; 1.90e+04,1.90e+04,1.90e+04,1.05e+04; 1.90e+04,1.90e+04,1.90e+04,1.18e+04; 1.96e+04,1.96e+04,1.96e+04,1.14e+04; 1.87e+04,1.87e+04,1.87e+04,1.55e+04; 1.99e+04,1.99e+04,1.99e+04,1.30e+04; 1.97e+04,1.97e+04,1.96e+04,1.52e+04; 2.14e+04,2.14e+04,2.14e+04,1.14e+04; 2.13e+04,2.13e+04,2.13e+04,1.29e+04; 2.02e+04,2.02e+04,2.02e+04,1.74e+04; 2.09e+04,2.09e+04,2.09e+04,1.68e+04; 2.26e+04,2.26e+04,2.26e+04,1.31e+04; 2.33e+04,2.33e+04,2.32e+04,1.24e+04; 2.31e+04,2.31e+04,2.31e+04,1.41e+04; 2.27e+04,2.27e+04,2.26e+04,1.68e+04","63,63,63,63,63,63,63,63,15,15,15,63,63,63,63,63,15,63,63,31,63,15,15,47,15,63,31,47,31,63,47,63,31,47,63,15,47,47,47,31,63,63,47,15,31,15,31,47,15,63,63,47,63,63,47,31,31,15,31,63,31,63,15,31"
415,40.19,31.22,"15.51,17.65,18.97,20.50,22.18,23.75,25.29,27.04,27.98,28.61,28.83,29.65,30.46,31.05,31.78,32.47,33.35,33.65,33.92,34.82,35.21,35.98,36.24,36.75,36.97,37.62,37.64,37.74,38.75,38.92,39.78,39.86,40.23,40.06,40.87,41.70,41.74,41.37,42.12,42.58,42.31,42.88,42.73,42.31,42.59,45.03,44.03,44.05,44.71,44.60,47.23,44.90,45.70,48.40,45.33,47.98,47.35,48.01,46.27,45.68,47.60,48.81,48.90,48.88","1.56e+02,1.54e+02,1.51e+02,1.49e+02","8,3,8,10","9.79e+02; 1.96e+03; 2.61e+03,3.30e+02; 2.44e+03,1.48e+03; 2.69e+03,2.21e+03; 3.07e+03,2.81e+03; 2.92e+03,2.77e+03,1.16e+03; 3.02e+03,2.92e+03,1.90e+03; 3.22e+03,3.13e+03,2.46e+03; 3.37e+03,3.28e+03,2.56e+03,5.80e+02; 3.45e+03,3.37e+03,2.63e+03,1.32e+03; 4.25e+03,4.16e+03,3.34e+03; 4.18e+03,4.09e+03,3.58e+03,8.76e+02; 4.24e+03,4.15e+03,3.60e+03,1.71e+03; 4.47e+03,4.39e+03,3.84e+03,1.99e+03; 4.67e+03,4.61e+03,4.11e+03,2.29e+03; 4.92e+03,4.86e+03,4.44e+03,2.43e+03; 5.07e+03,5.01e+03,4.57e+03,2.98e+03; 5.17e+03,5.11e+03,4.58e+03,3.74e+03; 5.49e+03,5.43e+03,4.94e+03,3.73e+03; 5.95e+03,5.89e+03,5.54e+03,3.19e+03; 6.00e+03,5.94e+03,5.59e+03,4.01e+03; 6.21e+03,6.16e+03,5.81e+03,4.34e+03; 6.45e+03,6.40e+03,6.05e+03,4.60e+03; 6.71e+03,6.65e+03,6.30e+03,4.82e+03; 6.91e+03,6.86e+03,6.54e+03,5.16e+03; 7.09e+03,7.03e+03,6.73e+03,5.60e+03; 7.41e+03,7.36e+03,7.04e+03,5.61e+03; 7.73e+03,7.68e+03,7.44e+03,5.55e+03; 7.89e+03,7.84e+03,7.61e+03,6.05e+03; 8.11e+03,8.07e+03,7.84e+03,6.34e+03; 8.35e+03,8.31e+03,8.08e+03,6.59e+03; 8.60e+03,8.56e+03,8.33e+03,6.84e+03; 8.81e+03,8.77e+03,8.56e+03,7.16e+03; 9.03e+03,8.99e+03,8.78e+03,7.48e+03; 9.59e+03,9.55e+03,9.35e+03,6.77e+03; 9.67e+03,9.63e+03,9.48e+03,7.44e+03; 9.79e+03,9.75e+03,9.59e+03,8.09e+03; 1.00e+04,9.99e+03,9.83e+03,8.34e+03; 1.03e+04,1.02e+04,1.01e+04,8.58e+03; 1.05e+04,1.05e+04,1.03e+04,8.82e+03; 1.08e+04,1.07e+04,1.06e+04,9.08e+03; 1.10e+04,1.10e+04,1.08e+04,9.35e+03; 1.09e+04,1.09e+04,1.08e+04,1.05e+04; 1.17e+04,1.17e+04,1.16e+04,9.11e+03; 1.16e+04,1.16e+04,1.14e+04,1.04e+04; 1.20e+04,1.20e+04,1.18e+04,1.03e+04; 1.22e+04,1.22e+04,1.21e+04,1.05e+04; 1.25e+04,1.24e+04,1.23e+04,1.07e+04; 1.27e+04,1.27e+04,1.26e+04,1.10e+04; 1.30e+04,1.29e+04,1.28e+04,1.12e+04; 1.33e+04,1.33e+04,1.31e+04,1.13e+04; 1.35e+04,1.34e+04,1.33e+04,1.17e+04; 1.37e+04,1.37e+04,1.36e+04,1.18e+04; 1.38e+04,1.37e+04,1.36e+04,1.27e+04; 1.42e+04,1.42e+04,1.40e+04,1.24e+04; 1.44e+04,1.44e+04,1.43e+04,1.27e+04; 1.46e+04,1.46e+04,1.45e+04,1.30e+04; 1.50e+04,1.49e+04,1.48e+04,1.31e+04; 1.52e+04,1.52e+04,1.51e+04,1.32e+04; 1.59e+04,1.59e+04,1.58e+04,1.21e+04; 1.57e+04,1.57e+04,1.56e+04,1.38e+04; 1.59e+04,1.58e+04,1.57e+04,1.43e+04; 1.61e+04,1.61e+04,1.60e+04,1.44e+04","63,63,63,63,63,63,63,63,63,63,15,63,63,47,63,63,63,47,63,63,63,31,63,47,63,47,63,15,63,63,63,31,47,63,63,63,63,47,63,47,15,63,47,47,31,31,63,63,63,47,63,47,15,47,15,31,63,31,47,63,63,63,63,47"
416,27.52,24.11,"15.20,17.30,18.55,19.44,20.19,21.02,21.70,22.37,22.95,23.43,24.00,24.30,24.89,25.45,25.64,26.49,26.64,26.75,26.91,27.41,27.45,27.70,28.57,28.19,28.54,28.29,28.77,29.24,29.81,29.79,29.69,29.90,30.86,29.85,30.74,30.95,31.25,31.43,30.90,30.64,31.96,31.57,30.93,31.49,32.06,32.24,32.59,31.65,33.81,32.57,33.96,33.79,34.73,33.96,32.62,33.79,34.47,35.26,34.27,33.95,33.50,36.74,36.31,35.50","1.88e+02,1.79e+02,1.19e+02,7.73e+00","12,12,10,12","6.14e+02; 1.23e+03; 1.84e+03; 2.45e+03; 2.50e+03,5.67e+02; 2.53e+03,1.15e+03; 2.68e+03,1.61e+03; 2.91e+03,2.00e+03; 3.13e+03,2.39e+03; 3.44e+03,2.69e+03; 3.75e+03,3.00e+03; 4.01e+03,3.35e+03; 4.28e+03,3.69e+03; 4.56e+03,4.03e+03; 4.83e+03,4.37e+03; 5.11e+03,4.71e+03; 5.42e+03,5.01e+03; 5.81e+03,5.23e+03; 6.08e+03,5.57e+03; 6.33e+03,5.95e+03; 6.63e+03,6.25e+03; 6.92e+03,6.58e+03; 7.23e+03,6.89e+03; 7.51e+03,7.21e+03; 7.82e+03,7.52e+03; 8.13e+03,7.83e+03; 8.48e+03,8.09e+03; 8.74e+03,8.44e+03; 9.04e+03,8.76e+03; 9.33e+03,9.08e+03; 9.64e+03,9.39e+03; 8.44e+03,8.22e+03,2.98e+03; 9.49e+03,9.27e+03,9.30e+02,5.67e+02; 1.06e+04,1.03e+04; 1.09e+04,1.06e+04; 1.12e+04,1.09e+04; 1.15e+04,1.12e+04; 1.18e+04,1.16e+04; 1.18e+04,1.16e+04,4.59e+02; 1.15e+04,1.13e+04,1.67e+03; 1.17e+04,1.15e+04,1.96e+03; 1.23e+04,1.20e+04,1.47e+03; 1.16e+04,1.13e+04,2.77e+03,6.77e+02; 1.18e+04,1.16e+04,3.66e+03; 1.23e+04,1.21e+04,2.59e+03,6.71e+02; 1.16e+04,1.14e+04,5.19e+03; 1.20e+04,1.18e+04,4.99e+03; 9.77e+03,9.63e+03,6.86e+03,3.19e+03; 1.18e+04,1.16e+04,6.71e+03; 1.36e+04,1.34e+04,3.73e+03; 1.40e+04,1.38e+04,3.48e+03; 1.31e+04,1.29e+04,5.91e+03; 1.22e+04,1.20e+04,8.34e+03; 1.10e+04,1.09e+04,7.86e+03,3.36e+03; 1.05e+04,1.04e+04,7.17e+03,5.63e+03; 1.21e+04,1.19e+04,8.74e+03,1.60e+03; 1.28e+04,1.27e+04,9.53e+03; 1.31e+04,1.30e+04,9.45e+03; 1.18e+04,1.16e+04,8.69e+03,4.10e+03; 1.20e+04,1.19e+04,6.54e+03,6.35e+03; 1.34e+04,1.32e+04,1.08e+04; 1.35e+04,1.33e+04,1.12e+04; 1.17e+04,1.16e+04,9.71e+03,5.71e+03; 1.17e+04,1.16e+04,9.82e+03,6.10e+03","62,62,62,62,62,62,62,62,62,62,62,62,62,62,62,62,48,0,62,62,48,62,4,62,48,48,48,4,62,62,0,62,62,4,4,48,4,0,4,48,48,0,0,4,4,62,62,62,62,0,0,0,62,4,48,0,0,62,4,4,62,62,62,48"
417,31.19,26.31,"13.31,15.54,16.88,18.17,19.51,20.71,21.71,22.54,23.42,24.05,24.58,25.07,25.59,26.09,26.61,27.00,27.39,27.90,28.15,28.45,28.66,28.94,29.36,29.50,29.82,29.87,29.95,30.14,30.72,30.72,31.05,31.26,31.35,31.71,31.95,31.71,32.35,32.82,32.87,33.00,33.12,33.40,33.89,33.57,34.25,34.34,34.16,34.71,34.59,34.53,34.94,35.40,35.18,35.52,35.85,35.87,35.83,35.49,35.76,35.90,35.81,36.22,36.78,36.52","5.07e+01,5.03e+01,4.82e+01,4.85e-03","15,7,15,15","1.85e+02; 3.70e+02; 5.55e+02; 5.10e+02,2.30e+02; 5.45e+02,3.80e+02; 6.11e+02,5.00e+02; 6.88e+02,6.08e+02; 7.72e+02,7.09e+02; 8.56e+02,8.10e+02; 9.46e+02,9.05e+02; 1.04e+03,9.99e+02; 1.13e+03,1.09e+03; 1.22e+03,1.19e+03; 1.31e+03,1.28e+03; 1.40e+03,1.37e+03; 1.49e+03,1.47e+03; 1.58e+03,1.56e+03; 1.68e+03,1.66e+03; 1.77e+03,1.75e+03; 1.86e+03,1.84e+03; 1.95e+03,1.93e+03; 2.02e+03,2.01e+03,4.18e+01; 2.06e+03,2.04e+03,1.58e+02; 2.12e+03,2.10e+03,2.24e+02; 2.17e+03,2.16e+03,3.02e+02; 2.21e+03,2.20e+03,3.99e+02; 2.30e+03,2.28e+03,4.16e+02; 2.60e+03,2.58e+03; 2.35e+03,2.34e+03,6.75e+02; 2.39e+03,2.38e+03,7.77e+02; 2.44e+03,2.43e+03,8.60e+02; 2.44e+03,2.43e+03,8.35e+02,2.10e+02; 2.52e+03,2.51e+03,9.31e+02,1.39e+02; 2.42e+03,2.41e+03,9.40e+02,5.17e+02; 2.50e+03,2.49e+03,1.31e+03,1.85e+02; 2.90e+03,2.89e+03,5.74e+02,3.02e+02; 2.55e+03,2.54e+03,1.39e+03,3.79e+02; 2.70e+03,2.69e+03,1.64e+03; 2.64e+03,2.63e+03,1.55e+03,4.04e+02; 2.77e+03,2.76e+03,1.69e+03,1.75e+02; 2.70e+03,2.69e+03,1.62e+03,5.76e+02; 2.77e+03,2.77e+03,1.63e+03,6.00e+02; 2.83e+03,2.82e+03,2.01e+03,2.92e+02; 2.68e+03,2.67e+03,1.59e+03,1.20e+03; 2.85e+03,2.84e+03,2.05e+03,5.82e+02; 2.77e+03,2.76e+03,1.96e+03,1.03e+03; 2.79e+03,2.79e+03,1.98e+03,1.14e+03; 2.80e+03,2.79e+03,2.00e+03,1.30e+03; 2.86e+03,2.85e+03,2.05e+03,1.30e+03; 2.87e+03,2.86e+03,1.84e+03,1.69e+03; 3.04e+03,3.03e+03,2.11e+03,1.25e+03; 3.28e+03,3.27e+03,1.74e+03,1.33e+03; 3.10e+03,3.09e+03,2.34e+03,1.27e+03; 3.11e+03,3.10e+03,2.36e+03,1.42e+03; 3.13e+03,3.12e+03,2.38e+03,1.55e+03; 3.15e+03,3.14e+03,2.41e+03,1.67e+03; 3.19e+03,3.19e+03,2.46e+03,1.71e+03; 3.17e+03,3.17e+03,2.47e+03,1.92e+03; 3.30e+03,3.29e+03,2.45e+03,1.88e+03; 3.43e+03,3.42e+03,2.54e+03,1.72e+03; 3.76e+03,3.75e+03,2.89e+03,8.93e+02; 3.51e+03,3.50e+03,2.77e+03,1.70e+03; 3.45e+03,3.44e+03,2.70e+03,2.08e+03; 3.49e+03,3.48e+03,2.76e+03,2.12e+03","62,62,62,62,62,62,62,62,62,62,62,62,62,62,62,62,62,62,62,56,56,62,62,60,58,58,62,62,62,60,62,56,62,56,58,62,58,62,60,62,62,62,56,56,62,56,56,62,56,56,60,58,58,56,58,58,60,60,56,56,56,58,58,62"
418,29.30,24.37,"12.14,14.39,15.72,16.61,17.29,18.46,19.87,21.11,21.60,22.15,22.70,23.20,23.56,23.94,24.42,24.97,25.25,25.52,25.82,26.14,26.44,26.63,26.91,27.24,27.40,27.64,27.77,27.92,28.12,28.32,28.49,28.63,29.05,28.98,29.01,29.47,29.51,29.69,29.95,30.09,30.23,30.30,30.49,30.79,30.90,31.10,31.29,31.38,31.54,31.77,31.85,32.06,32.19,32.47,32.55,32.58,32.78,32.88,33.20,33.10,33.43,33.70,33.68,33.79","2.70e+01,2.67e+01,2.49e+01,2.09e-03","15,7,15,1","9.76e+01; 1.95e+02; 2.93e+02; 3.90e+02; 4.22e+02,6.57e+01; 3.57e+02,2.28e+02; 3.70e+02,3.13e+02; 4.05e+02,3.75e+02; 4.54e+02,4.24e+02; 5.02e+02,4.73e+02; 5.50e+02,5.23e+02; 5.98e+02,5.72e+02; 6.47e+02,6.21e+02; 6.95e+02,6.70e+02; 7.42e+02,7.21e+02; 7.89e+02,7.72e+02; 8.38e+02,8.21e+02; 8.86e+02,8.70e+02; 9.35e+02,9.19e+02; 9.83e+02,9.68e+02; 1.03e+03,1.02e+03; 1.08e+03,1.07e+03; 1.13e+03,1.11e+03; 1.18e+03,1.16e+03; 1.23e+03,1.21e+03; 1.27e+03,1.26e+03; 1.32e+03,1.31e+03; 1.37e+03,1.36e+03; 1.42e+03,1.41e+03; 1.44e+03,1.43e+03,5.56e+01; 1.47e+03,1.46e+03,8.96e+01; 1.51e+03,1.50e+03,1.05e+02; 1.54e+03,1.53e+03,1.41e+02; 1.51e+03,1.50e+03,1.80e+02,1.29e+02; 1.39e+03,1.37e+03,6.52e+02; 1.76e+03,1.75e+03; 1.41e+03,1.39e+03,8.12e+02; 1.42e+03,1.40e+03,8.85e+02; 1.45e+03,1.43e+03,9.26e+02; 1.48e+03,1.46e+03,9.61e+02; 1.51e+03,1.50e+03,9.89e+02; 1.54e+03,1.53e+03,1.03e+03; 1.59e+03,1.58e+03,1.03e+03; 1.71e+03,1.70e+03,8.88e+02; 1.74e+03,1.72e+03,9.33e+02; 1.66e+03,1.65e+03,1.18e+03; 1.70e+03,1.68e+03,1.20e+03; 1.72e+03,1.71e+03,1.25e+03; 1.76e+03,1.75e+03,1.27e+03; 1.79e+03,1.78e+03,1.31e+03; 1.82e+03,1.81e+03,1.34e+03; 1.91e+03,1.90e+03,1.27e+03; 1.88e+03,1.87e+03,1.41e+03; 1.91e+03,1.90e+03,1.46e+03; 1.94e+03,1.93e+03,1.50e+03; 1.92e+03,1.91e+03,1.50e+03,1.27e+02; 2.00e+03,1.98e+03,1.57e+03,1.48e+01; 2.06e+03,2.04e+03,1.56e+03; 2.12e+03,2.11e+03,1.53e+03; 2.08e+03,2.07e+03,1.44e+03,2.70e+02; 2.15e+03,2.14e+03,1.66e+03,6.94e+00; 2.17e+03,2.15e+03,1.73e+03; 2.23e+03,2.21e+03,1.70e+03; 2.13e+03,2.12e+03,1.71e+03,2.74e+02","54,54,54,54,54,54,54,54,54,54,54,54,54,54,54,54,54,54,54,54,54,54,54,54,54,48,46,54,54,54,54,54,54,7,7,54,7,48,7,46,54,48,54,54,54,48,54,48,54,7,54,54,48,54,48,7,7,46,7,54,54,46,46,48"
426,0.94,0.57,"0.01,0.05,0.10,0.16,0.23,0.31,0.39,0.47,0.55,0.65,0.75,0.84,0.94,1.03,1.12,1.19,1.27,1.36,1.45,1.53,1.62,1.70,1.77,1.84,1.91,1.98,2.05,2.12,2.20,2.26,2.33,2.39,2.44,2.50,2.57,2.63,2.69,2.76,2.82,2.87,2.93,2.99,3.05,3.11,3.16,3.22,3.28,3.34,3.39,3.45,3.51,3.57,3.62,3.68,3.74,3.79,3.85,3.91,3.96,4.02,4.07,4.12,4.18,4.23","9.07e-05,7.02e-09,3.24e-09,1.51e-09","1,8,1,8","1.13e-04; 2.25e-04; 3.38e-04; 4.50e-04; 5.63e-04; 6.75e-04; 7.88e-04; 9.00e-04; 1.01e-03; 1.13e-03; 1.24e-03; 1.35e-03; 1.46e-03; 1.58e-03; 1.69e-03; 1.80e-03; 1.91e-03; 2.03e-03; 2.14e-03; 2.25e-03; 2.36e-03; 2.48e-03; 2.59e-03; 2.70e-03; 2.81e-03; 2.93e-03; 3.04e-03; 3.15e-03; 3.26e-03; 3.38e-03; 3.49e-03; 3.60e-03; 3.71e-03; 3.73e-03,9.39e-05; 3.77e-03,1.69e-04; 3.84e-03,2.10e-04; 3.90e-03,2.65e-04; 3.93e-03,3.43e-04; 3.97e-03,4.17e-04; 4.01e-03,4.89e-04; 4.00e-03,6.11e-04; 3.98e-03,7.45e-04; 4.02e-03,8.20e-04; 4.09e-03,8.50e-04,8.38e-06; 4.12e-03,8.48e-04,9.58e-05; 4.16e-03,9.03e-04,1.14e-04; 4.18e-03,9.42e-04,1.70e-04; 4.17e-03,9.37e-04,2.93e-04; 4.16e-03,1.03e-03,3.28e-04; 4.16e-03,1.16e-03,3.02e-04; 4.20e-03,1.22e-03,3.17e-04; 4.17e-03,1.23e-03,4.56e-04; 4.20e-03,1.22e-03,5.45e-04; 4.24e-03,1.27e-03,5.73e-04; 4.26e-03,1.30e-03,6.22e-04; 4.27e-03,1.31e-03,7.24e-04; 4.26e-03,1.40e-03,7.56e-04; 4.27e-03,1.51e-03,7.41e-04; 4.30e-03,1.58e-03,7.54e-04; 4.33e-03,1.58e-03,8.40e-04; 4.36e-03,1.58e-03,9.27e-04; 4.40e-03,1.62e-03,9.60e-04; 4.43e-03,1.65e-03,1.00e-03; 4.44e-03,1.67e-03,1.09e-03","33,33,33,33,33,33,33,33,33,33,33,33,33,33,33,33,33,33,33,33,33,33,33,33,33,33,33,33,33,33,33,33,33,33,33,33,33,33,33,33,33,33,33,33,33,33,33,33,33,33,33,33,33,33,33,33,33,33,33,33,33,33,33,33"
427,21.66,21.31,"5.83,7.90,9.72,11.30,12.47,13.80,14.76,15.90,16.70,17.46,18.08,18.72,19.32,20.02,20.63,21.23,21.73,22.20,22.57,22.99,23.42,23.88,24.32,24.75,25.15,25.52,25.86,26.17,26.51,26.87,27.23,27.57,27.91,28.17,28.43,28.68,28.97,29.25,29.56,29.81,30.06,30.28,30.52,30.71,30.94,31.14,31.39,31.61,31.83,32.02,32.24,32.41,32.62,32.81,33.04,33.24,33.41,33.57,33.77,33.91,34.09,34.25,34.43,34.60","3.22e-01,3.09e-01,2.98e-01,9.81e-02","5,5,5,5","1.28e+00; 1.97e+00,5.85e-01; 2.34e+00,1.49e+00; 2.45e+00,1.63e+00,1.02e+00; 2.76e+00,1.85e+00,1.49e+00,2.75e-01; 2.92e+00,2.04e+00,1.69e+00,1.00e+00; 3.28e+00,2.36e+00,2.35e+00,9.39e-01; 3.44e+00,2.46e+00,2.38e+00,1.93e+00; 3.75e+00,2.82e+00,2.55e+00,2.36e+00; 4.13e+00,3.17e+00,3.13e+00,2.33e+00; 4.53e+00,3.61e+00,3.47e+00,2.42e+00; 4.89e+00,3.96e+00,3.67e+00,2.79e+00; 5.25e+00,4.37e+00,3.96e+00,3.00e+00; 5.52e+00,4.56e+00,4.16e+00,3.62e+00; 5.82e+00,4.85e+00,4.45e+00,4.00e+00; 6.13e+00,5.04e+00,4.89e+00,4.35e+00; 6.44e+00,5.38e+00,5.25e+00,4.62e+00; 6.77e+00,5.70e+00,5.60e+00,4.89e+00; 7.14e+00,6.07e+00,5.91e+00,5.12e+00; 7.47e+00,6.35e+00,6.15e+00,5.54e+00; 7.81e+00,6.63e+00,6.38e+00,5.97e+00; 8.12e+00,6.88e+00,6.65e+00,6.41e+00; 8.43e+00,7.20e+00,6.95e+00,6.75e+00; 8.75e+00,7.53e+00,7.33e+00,7.01e+00; 9.04e+00,7.79e+00,7.64e+00,7.43e+00; 9.36e+00,8.12e+00,7.98e+00,7.70e+00; 9.69e+00,8.52e+00,8.29e+00,7.94e+00; 1.00e+01,8.87e+00,8.56e+00,8.26e+00; 1.04e+01,9.26e+00,8.81e+00,8.55e+00; 1.07e+01,9.58e+00,9.08e+00,8.93e+00; 1.10e+01,9.89e+00,9.37e+00,9.28e+00; 1.13e+01,1.02e+01,9.75e+00,9.60e+00; 1.16e+01,1.05e+01,1.01e+01,9.97e+00; 1.19e+01,1.08e+01,1.04e+01,1.02e+01; 1.22e+01,1.12e+01,1.07e+01,1.04e+01; 1.26e+01,1.16e+01,1.10e+01,1.07e+01; 1.29e+01,1.19e+01,1.13e+01,1.11e+01; 1.32e+01,1.22e+01,1.15e+01,1.15e+01; 1.35e+01,1.25e+01,1.19e+01,1.18e+01; 1.39e+01,1.28e+01,1.22e+01,1.22e+01; 1.41e+01,1.31e+01,1.25e+01,1.25e+01; 1.45e+01,1.34e+01,1.29e+01,1.28e+01; 1.48e+01,1.37e+01,1.32e+01,1.32e+01; 1.51e+01,1.41e+01,1.35e+01,1.35e+01; 1.55e+01,1.44e+01,1.38e+01,1.37e+01; 1.58e+01,1.47e+01,1.41e+01,1.40e+01; 1.61e+01,1.50e+01,1.45e+01,1.43e+01; 1.64e+01,1.53e+01,1.48e+01,1.47e+01; 1.67e+01,1.56e+01,1.51e+01,1.50e+01; 1.70e+01,1.60e+01,1.54e+01,1.54e+01; 1.74e+01,1.64e+01,1.57e+01,1.57e+01; 1.77e+01,1.67e+01,1.60e+01,1.59e+01; 1.80e+01,1.70e+01,1.63e+01,1.63e+01; 1.83e+01,1.74e+01,1.66e+01,1.65e+01; 1.87e+01,1.77e+01,1.70e+01,1.68e+01; 1.90e+01,1.80e+01,1.73e+01,1.72e+01; 1.93e+01,1.82e+01,1.77e+01,1.75e+01; 1.96e+01,1.85e+01,1.80e+01,1.79e+01; 1.99e+01,1.88e+01,1.84e+01,1.82e+01; 2.02e+01,1.92e+01,1.86e+01,1.85e+01; 2.06e+01,1.96e+01,1.89e+01,1.88e+01; 2.09e+01,1.99e+01,1.92e+01,1.91e+01; 2.12e+01,2.02e+01,1.96e+01,1.94e+01; 2.15e+01,2.05e+01,1.99e+01,1.97e+01","25,25,25,25,25,25,25,25,25,25,25,25,25,25,25,25,25,25,25,25,25,25,25,25,25,25,25,25,25,25,25,25,25,25,25,25,25,25,25,25,25,25,25,25,25,25,25,25,25,25,25,25,25,25,25,25,25,25,25,25,25,25,25,25"
428,17.59,18.90,"5.79,7.69,9.08,10.20,11.19,12.14,12.86,13.79,14.42,14.98,15.40,15.82,16.35,16.79,17.21,17.81,18.20,18.56,18.84,19.12,19.47,19.78,20.08,20.42,20.69,20.95,21.17,21.39,21.65,21.89,22.11,22.37,22.61,22.82,23.01,23.18,23.38,23.57,23.75,23.95,24.14,24.32,24.48,24.64,24.80,24.96,25.11,25.29,25.46,25.62,25.76,25.89,26.03,26.16,26.30,26.45,26.61,26.75,26.88,27.00,27.12,27.23,27.35,27.49","6.42e-01,5.93e-01,2.01e-01,3.77e-05","5,5,5,5","1.78e+00; 3.56e+00; 3.99e+00,1.36e+00; 4.85e+00,2.27e+00; 5.21e+00,1.96e+00,1.74e+00; 5.79e+00,2.48e+00,2.41e+00; 6.59e+00,3.58e+00,2.29e+00; 6.98e+00,4.05e+00,3.21e+00; 7.67e+00,4.78e+00,3.57e+00; 8.38e+00,5.25e+00,4.18e+00; 9.20e+00,5.79e+00,4.60e+00; 9.94e+00,6.17e+00,5.25e+00; 1.06e+01,6.37e+00,6.21e+00; 1.12e+01,6.88e+00,6.82e+00; 1.19e+01,7.44e+00,7.39e+00; 1.23e+01,8.47e+00,7.71e+00; 1.29e+01,8.86e+00,8.50e+00; 1.35e+01,9.44e+00,9.06e+00; 1.43e+01,1.00e+01,9.52e+00; 1.50e+01,1.07e+01,9.92e+00; 1.56e+01,1.16e+01,1.02e+01; 1.62e+01,1.24e+01,1.06e+01; 1.68e+01,1.29e+01,1.12e+01; 1.74e+01,1.35e+01,1.18e+01; 1.80e+01,1.40e+01,1.26e+01; 1.86e+01,1.46e+01,1.32e+01; 1.92e+01,1.52e+01,1.37e+01; 1.99e+01,1.59e+01,1.41e+01; 2.05e+01,1.67e+01,1.45e+01; 2.11e+01,1.74e+01,1.49e+01; 2.18e+01,1.80e+01,1.54e+01; 2.23e+01,1.86e+01,1.60e+01; 2.29e+01,1.91e+01,1.68e+01; 2.35e+01,1.97e+01,1.74e+01; 2.41e+01,2.03e+01,1.79e+01; 2.47e+01,2.10e+01,1.84e+01; 2.54e+01,2.17e+01,1.88e+01; 2.60e+01,2.24e+01,1.93e+01; 2.66e+01,2.30e+01,1.98e+01; 2.68e+01,2.32e+01,2.01e+01,1.13e+00; 2.72e+01,2.36e+01,2.07e+01,1.45e+00; 2.76e+01,2.40e+01,2.11e+01,2.03e+00; 2.79e+01,2.43e+01,2.13e+01,3.10e+00; 2.84e+01,2.48e+01,2.17e+01,3.45e+00; 2.89e+01,2.54e+01,2.20e+01,3.69e+00; 2.95e+01,2.60e+01,2.25e+01,3.93e+00; 3.13e+01,2.73e+01,2.33e+01,1.75e+00; 3.18e+01,2.78e+01,2.37e+01,2.10e+00; 3.23e+01,2.81e+01,2.43e+01,2.47e+00; 3.29e+01,2.86e+01,2.48e+01,2.75e+00; 3.35e+01,2.92e+01,2.54e+01,2.79e+00; 3.41e+01,2.98e+01,2.58e+01,2.91e+00; 3.47e+01,3.05e+01,2.62e+01,2.96e+00; 3.53e+01,3.11e+01,2.66e+01,3.12e+00; 3.59e+01,3.16e+01,2.70e+01,3.48e+00; 3.63e+01,3.20e+01,2.74e+01,4.04e+00; 3.66e+01,3.22e+01,2.78e+01,4.79e+00; 3.71e+01,3.26e+01,2.84e+01,5.14e+00; 3.77e+01,3.31e+01,2.88e+01,5.49e+00; 3.83e+01,3.38e+01,2.92e+01,5.60e+00; 3.89e+01,3.44e+01,2.96e+01,5.69e+00; 3.95e+01,3.50e+01,3.01e+01,5.83e+00; 4.00e+01,3.55e+01,3.04e+01,6.19e+00; 4.05e+01,3.59e+01,3.08e+01,6.73e+00","24,24,24,24,24,24,24,24,24,24,24,24,24,24,24,24,24,24,24,24,24,24,24,24,24,24,24,24,24,24,24,24,24,24,24,24,24,24,24,24,24,24,24,24,24,24,24,24,24,24,24,24,24,24,24,24,24,24,24,24,24,24,24,24"
429,13.44,12.33,"5.25,7.43,8.75,9.67,10.34,10.83,11.21,11.52,11.82,12.13,12.45,12.74,12.99,13.21,13.38,13.54,13.71,13.91,14.11,14.30,14.49,14.67,14.84,15.01,15.18,15.36,15.53,15.69,15.84,16.00,16.15,16.30,16.45,16.61,16.75,16.89,17.02,17.13,17.23,17.34,17.46,17.58,17.68,17.77,17.85,17.94,18.03,18.13,18.24,18.34,18.44,18.53,18.61,18.70,18.78,18.87,18.97,19.06,19.15,19.24,19.31,19.38,19.47,19.55","6.76e-01,4.51e-05,1.80e-05,1.34e-05","3,3,3,3","8.39e-01; 1.68e+00; 2.52e+00; 3.36e+00; 4.20e+00; 5.04e+00; 5.88e+00; 6.72e+00; 7.55e+00; 8.39e+00; 9.23e+00; 1.01e+01; 1.09e+01; 1.18e+01; 1.26e+01; 1.27e+01,7.27e-01; 1.25e+01,1.77e+00; 1.26e+01,2.53e+00; 1.29e+01,3.08e+00; 1.32e+01,3.56e+00; 1.35e+01,4.09e+00; 1.38e+01,4.71e+00; 1.39e+01,5.38e+00; 1.41e+01,6.05e+00; 1.42e+01,6.76e+00; 1.45e+01,7.37e+00; 1.48e+01,7.89e+00; 1.52e+01,8.35e+00; 1.55e+01,8.81e+00; 1.59e+01,9.31e+00; 1.62e+01,9.86e+00; 1.64e+01,1.04e+01; 1.67e+01,1.10e+01; 1.70e+01,1.16e+01; 1.73e+01,1.20e+01; 1.77e+01,1.25e+01; 1.81e+01,1.29e+01; 1.84e+01,1.33e+01,2.08e-01; 1.86e+01,1.36e+01,5.26e-01; 1.88e+01,1.40e+01,8.62e-01; 1.90e+01,1.44e+01,1.09e+00; 1.91e+01,1.47e+01,1.38e+00; 1.93e+01,1.50e+01,1.76e+00; 1.95e+01,1.52e+01,2.20e+00; 1.97e+01,1.54e+01,2.65e+00; 1.99e+01,1.57e+01,3.03e+00; 2.01e+01,1.60e+01,3.38e+00; 2.03e+01,1.63e+01,3.68e+00; 2.06e+01,1.67e+01,3.89e+00; 2.08e+01,1.70e+01,4.15e+00; 2.10e+01,1.73e+01,4.49e+00; 2.12e+01,1.76e+01,4.85e+00; 2.14e+01,1.78e+01,5.22e+00; 2.17e+01,1.81e+01,5.57e+00; 2.19e+01,1.84e+01,5.89e+00; 2.22e+01,1.87e+01,6.17e+00; 2.24e+01,1.90e+01,6.39e+00; 2.27e+01,1.94e+01,6.65e+00; 2.29e+01,1.97e+01,6.96e+00; 2.31e+01,1.99e+01,7.29e+00; 2.34e+01,2.02e+01,7.62e+00; 2.36e+01,2.05e+01,7.96e+00; 2.39e+01,2.08e+01,8.26e+00; 2.41e+01,2.11e+01,8.53e+00","32,32,32,32,32,32,32,32,32,32,32,32,32,32,32,32,32,32,32,32,32,32,32,32,32,32,32,32,32,32,32,32,32,32,32,32,32,32,32,32,32,32,32,32,32,32,32,32,32,32,32,32,32,32,32,32,32,32,32,32,32,32,32,32"
430,17.18,14.15,"4.70,6.75,8.46,9.72,10.68,11.46,12.03,12.56,13.12,13.68,14.25,14.76,15.22,15.63,16.01,16.35,16.68,17.00,17.34,17.66,17.96,18.24,18.54,18.81,19.08,19.35,19.62,19.87,20.11,20.35,20.59,20.83,21.09,21.33,21.55,21.75,21.95,22.15,22.35,22.56,22.79,23.00,23.19,23.36,23.53,23.69,23.87,24.05,24.25,24.44,24.60,24.75,24.90,25.04,25.19,25.35,25.53,25.70,25.85,25.98,26.11,26.24,26.37,26.51","1.87e-01,1.81e-01,1.22e-02,1.10e-05","3,11,3,3","4.71e-01; 7.46e-01,1.96e-01; 9.08e-01,5.06e-01; 1.14e+00,7.49e-01; 1.37e+00,9.82e-01; 1.61e+00,1.22e+00; 1.74e+00,1.34e+00,2.18e-01; 1.95e+00,1.40e+00,4.23e-01; 2.21e+00,1.51e+00,5.26e-01; 2.41e+00,1.68e+00,6.17e-01; 2.62e+00,1.90e+00,6.67e-01; 2.82e+00,2.12e+00,7.13e-01; 3.02e+00,2.31e+00,8.02e-01; 3.21e+00,2.49e+00,8.96e-01; 3.40e+00,2.61e+00,1.06e+00; 3.56e+00,2.68e+00,1.30e+00; 3.73e+00,2.78e+00,1.50e+00; 3.93e+00,2.95e+00,1.60e+00; 4.10e+00,3.12e+00,1.73e+00; 4.27e+00,3.32e+00,1.83e+00; 4.44e+00,3.51e+00,1.95e+00; 4.54e+00,3.62e+00,1.98e+00,2.23e-01; 4.65e+00,3.71e+00,2.19e+00,2.89e-01; 4.68e+00,3.68e+00,2.31e+00,6.25e-01; 4.72e+00,3.66e+00,2.32e+00,1.08e+00; 4.79e+00,3.68e+00,2.30e+00,1.47e+00; 4.91e+00,3.80e+00,2.45e+00,1.56e+00; 5.05e+00,3.95e+00,2.55e+00,1.64e+00; 5.19e+00,4.10e+00,2.65e+00,1.73e+00; 5.32e+00,4.23e+00,2.75e+00,1.83e+00; 5.44e+00,4.33e+00,2.97e+00,1.86e+00; 5.51e+00,4.35e+00,3.12e+00,2.10e+00; 5.58e+00,4.36e+00,3.22e+00,2.39e+00; 5.67e+00,4.42e+00,3.39e+00,2.54e+00; 5.80e+00,4.53e+00,3.57e+00,2.59e+00; 5.93e+00,4.68e+00,3.69e+00,2.65e+00; 6.07e+00,4.83e+00,3.82e+00,2.72e+00; 6.20e+00,4.96e+00,3.95e+00,2.79e+00; 6.32e+00,5.07e+00,4.12e+00,2.87e+00; 6.42e+00,5.12e+00,4.28e+00,3.03e+00; 6.50e+00,5.15e+00,4.47e+00,3.19e+00; 6.60e+00,5.23e+00,4.66e+00,3.29e+00; 6.72e+00,5.34e+00,4.81e+00,3.38e+00; 6.86e+00,5.49e+00,4.94e+00,3.44e+00; 6.99e+00,5.63e+00,5.07e+00,3.51e+00; 7.12e+00,5.76e+00,5.19e+00,3.60e+00; 7.24e+00,5.87e+00,5.33e+00,3.70e+00; 7.35e+00,5.95e+00,5.49e+00,3.84e+00; 7.44e+00,6.00e+00,5.69e+00,3.96e+00; 7.54e+00,6.09e+00,5.85e+00,4.07e+00; 7.66e+00,6.20e+00,5.99e+00,4.17e+00; 7.79e+00,6.34e+00,6.12e+00,4.25e+00; 7.92e+00,6.48e+00,6.24e+00,4.33e+00; 8.04e+00,6.61e+00,6.37e+00,4.42e+00; 8.16e+00,6.73e+00,6.49e+00,4.53e+00; 8.28e+00,6.82e+00,6.63e+00,4.65e+00; 8.37e+00,6.91e+00,6.79e+00,4.77e+00; 8.48e+00,7.03e+00,6.90e+00,4.91e+00; 8.59e+00,7.14e+00,7.05e+00,5.01e+00; 8.72e+00,7.26e+00,7.19e+00,5.10e+00; 8.84e+00,7.39e+00,7.32e+00,5.18e+00; 8.97e+00,7.52e+00,7.44e+00,5.28e+00; 9.09e+00,7.65e+00,7.55e+00,5.39e+00; 9.20e+00,7.76e+00,7.67e+00,5.51e+00","32,32,32,32,32,32,32,32,32,32,32,32,32,32,32,32,32,32,32,32,32,32,32,32,32,32,32,32,32,32,32,32,32,32,32,32,32,32,32,32,32,32,32,32,32,32,32,32,32,32,32,32,32,32,32,32,32,32,32,32,32,32,32,32"
431,0.37,0.19,"0.00,0.01,0.03,0.04,0.07,0.09,0.11,0.13,0.16,0.19,0.24,0.28,0.32,0.36,0.40,0.43,0.47,0.51,0.56,0.61,0.66,0.71,0.75,0.79,0.82,0.86,0.91,0.96,1.01,1.06,1.10,1.13,1.16,1.20,1.25,1.29,1.34,1.38,1.42,1.46,1.49,1.52,1.56,1.60,1.65,1.69,1.72,1.76,1.78,1.81,1.85,1.89,1.93,1.97,2.00,2.03,2.06,2.09,2.12,2.16,2.20,2.23,2.26,2.29","2.33e-05,1.93e-09,5.57e-10,2.85e-10","5,5,5,5","2.89e-05; 5.79e-05; 8.68e-05; 1.16e-04; 1.45e-04; 1.74e-04; 2.03e-04; 2.32e-04; 2.61e-04; 2.89e-04; 3.18e-04; 3.47e-04; 3.76e-04; 4.05e-04; 4.34e-04; 4.63e-04; 4.92e-04; 5.21e-04; 5.50e-04; 5.79e-04; 6.08e-04; 6.37e-04; 6.66e-04; 6.95e-04; 7.24e-04; 7.53e-04; 7.82e-04; 8.11e-04; 8.39e-04; 8.68e-04; 8.97e-04; 9.26e-04; 9.55e-04; 9.84e-04; 1.01e-03; 1.04e-03; 1.07e-03; 1.10e-03; 1.13e-03; 1.16e-03; 1.19e-03; 1.22e-03; 1.24e-03; 1.27e-03; 1.30e-03; 1.33e-03; 1.36e-03; 1.39e-03; 1.42e-03; 1.45e-03; 1.48e-03; 1.51e-03; 1.53e-03; 1.56e-03; 1.59e-03; 1.61e-03,8.56e-06; 1.61e-03,4.27e-05; 1.61e-03,6.84e-05; 1.63e-03,8.08e-05; 1.65e-03,8.19e-05; 1.69e-03,7.91e-05; 1.71e-03,8.12e-05; 1.73e-03,9.55e-05; 1.73e-03,1.22e-04","33,33,33,33,33,33,33,33,33,33,33,33,33,33,33,33,33,33,33,33,33,33,33,33,33,33,33,33,33,33,33,33,33,33,33,33,33,33,33,33,33,33,33,33,33,33,33,33,33,33,33,33,33,33,33,33,33,33,33,33,33,33,33,33"
432,0.52,0.41,"0.01,0.03,0.07,0.11,0.15,0.19,0.23,0.27,0.33,0.40,0.48,0.55,0.62,0.68,0.74,0.79,0.85,0.92,1.00,1.08,1.15,1.21,1.27,1.32,1.38,1.45,1.53,1.60,1.66,1.72,1.79,1.86,1.92,1.98,2.05,2.11,2.17,2.23,2.30,2.36,2.42,2.48,2.55,2.60,2.66,2.71,2.77,2.84,2.89,2.96,3.02,3.07,3.13,3.18,3.24,3.30,3.35,3.41,3.47,3.52,3.58,3.63,3.68,3.74","4.20e-05,3.19e-09,1.07e-09,8.07e-10","4,4,4,4","5.21e-05; 1.04e-04; 1.56e-04; 2.08e-04; 2.61e-04; 3.13e-04; 3.65e-04; 4.17e-04; 4.69e-04; 5.21e-04; 5.73e-04; 6.25e-04; 6.77e-04; 7.30e-04; 7.82e-04; 8.34e-04; 8.86e-04; 9.38e-04; 9.90e-04; 1.04e-03; 1.09e-03; 1.14e-03,1.05e-05; 1.10e-03,9.60e-05; 1.07e-03,1.84e-04; 1.06e-03,2.39e-04; 1.08e-03,2.77e-04; 1.11e-03,2.93e-04; 1.16e-03,2.97e-04; 1.20e-03,3.09e-04; 1.22e-03,3.44e-04; 1.21e-03,4.03e-04; 1.20e-03,4.69e-04; 1.21e-03,5.13e-04; 1.22e-03,5.49e-04; 1.25e-03,5.70e-04; 1.30e-03,5.81e-04; 1.33e-03,5.94e-04; 1.36e-03,6.22e-04; 1.36e-03,6.68e-04; 1.36e-03,7.24e-04; 1.38e-03,7.57e-04; 1.39e-03,7.99e-04; 1.42e-03,8.23e-04; 1.45e-03,8.30e-04,1.83e-05; 1.45e-03,8.12e-04,8.36e-05; 1.47e-03,8.17e-04,1.15e-04; 1.48e-03,8.56e-04,1.17e-04; 1.48e-03,9.05e-04,1.19e-04; 1.48e-03,9.18e-04,1.52e-04; 1.49e-03,9.27e-04,1.88e-04; 1.51e-03,9.37e-04,2.12e-04; 1.53e-03,9.35e-04,2.43e-04; 1.55e-03,9.26e-04,2.85e-04; 1.57e-03,9.30e-04,3.16e-04; 1.58e-03,9.62e-04,3.22e-04; 1.59e-03,1.01e-03,3.23e-04; 1.60e-03,1.02e-03,3.49e-04; 1.61e-03,1.03e-03,3.80e-04; 1.63e-03,1.04e-03,4.04e-04; 1.65e-03,1.04e-03,4.31e-04; 1.67e-03,1.04e-03,4.69e-04; 1.69e-03,1.04e-03,4.97e-04; 1.71e-03,1.07e-03,5.06e-04; 1.71e-03,1.11e-03,5.08e-04","33,33,33,33,33,33,33,33,33,33,33,33,33,33,33,33,33,33,33,33,33,33,33,33,33,33,33,33,33,33,33,33,33,33,33,33,33,33,33,33,33,33,33,33,33,33,33,33,33,33,33,33,33,33,33,33,33,33,33,33,33,33,33,33"
433,0.34,0.17,"0.00,0.01,0.01,0.02,0.03,0.04,0.05,0.06,0.08,0.09,0.11,0.14,0.16,0.18,0.21,0.23,0.25,0.27,0.30,0.33,0.36,0.39,0.42,0.45,0.47,0.49,0.53,0.56,0.59,0.63,0.66,0.68,0.71,0.73,0.76,0.80,0.83,0.86,0.89,0.92,0.94,0.97,1.00,1.03,1.06,1.09,1.12,1.15,1.17,1.19,1.22,1.25,1.28,1.32,1.34,1.37,1.39,1.41,1.44,1.47,1.50,1.53,1.55,1.58","2.01e-05,1.24e-09,5.85e-10,3.28e-10","5,5,5,5",2.49e-05; 4.99e-05; 7.48e-05; 9.97e-05; 1.25e-04; 1.50e-04; 1.75e-04; 1.99e-04; 2.24e-04; 2.49e-04; 2.74e-04; 2.99e-04; 3.24e-04; 3.49e-04; 3.74e-04; 3.99e-04; 4.24e-04; 4.49e-04; 4.74e-04; 4.99e-04; 5.24e-04; 5.49e-04; 5.73e-04; 5.98e-04; 6.23e-04; 6.48e-04; 6.73e-04; 6.98e-04; 7.23e-04; 7.48e-04; 7.73e-04; 7.98e-04; 8.23e-04; 8.48e-04; 8.73e-04; 8.98e-04; 9.22e-04; 9.47e-04; 9.72e-04; 9.97e-04; 1.02e-03; 1.05e-03; 1.07e-03; 1.10e-03; 1.12e-03; 1.15e-03; 1.17e-03; 1.20e-03; 1.22e-03; 1.25e-03; 1.27e-03; 1.30e-03; 1.32e-03; 1.35e-03; 1.37e-03; 1.40e-03; 1.42e-03; 1.45e-03; 1.47e-03; 1.50e-03; 1.52e-03; 1.55e-03; 1.57e-03; 1.60e-03,"25,25,25,25,25,25,25,25,25,25,25,25,25,25,25,25,25,25,25,25,25,25,25,25,25,25,25,25,25,25,25,25,25,25,25,25,25,25,25,25,25,25,25,25,25,25,25,25,25,25,25,25,25,25,25,25,25,25,25,25,25,25,25,25"
434,0.24,0.13,"0.00,0.01,0.01,0.02,0.02,0.03,0.04,0.05,0.07,0.09,0.10,0.12,0.14,0.16,0.18,0.20,0.22,0.25,0.27,0.30,0.32,0.35,0.37,0.40,0.42,0.45,0.48,0.51,0.54,0.56,0.59,0.62,0.64,0.67,0.70,0.73,0.76,0.79,0.81,0.84,0.87,0.89,0.92,0.95,0.98,1.00,1.03,1.06,1.08,1.11,1.13,1.16,1.18,1.21,1.24,1.26,1.28,1.31,1.33,1.36,1.38,1.41,1.43,1.46","1.52e-05,7.16e-10,3.53e-10,3.17e-10","5,5,5,5",1.89e-05; 3.78e-05; 5.67e-05; 7.56e-05; 9.45e-05; 1.13e-04; 1.32e-04; 1.51e-04; 1.70e-04; 1.89e-04; 2.08e-04; 2.27e-04; 2.46e-04; 2.65e-04; 2.84e-04; 3.02e-04; 3.21e-04; 3.40e-04; 3.59e-04; 3.78e-04; 3.97e-04; 4.16e-04; 4.35e-04; 4.54e-04; 4.73e-04; 4.92e-04; 5.10e-04; 5.29e-04; 5.48e-04; 5.67e-04; 5.86e-04; 6.05e-04; 6.24e-04; 6.43e-04; 6.62e-04; 6.81e-04; 6.99e-04; 7.18e-04; 7.37e-04; 7.56e-04; 7.75e-04; 7.94e-04; 8.13e-04; 8.32e-04; 8.51e-04; 8.70e-04; 8.89e-04; 9.07e-04; 9.26e-04; 9.45e-04; 9.64e-04; 9.83e-04; 1.00e-03; 1.02e-03; 1.04e-03; 1.06e-03; 1.08e-03; 1.10e-03; 1.12e-03; 1.13e-03; 1.15e-03; 1.17e-03; 1.19e-03; 1.21e-03,"24,24,24,24,24,24,24,24,24,24,24,24,24,24,24,24,24,24,24,24,24,24,24,24,24,24,24,24,24,24,24,24,24,24,24,24,24,24,24,24,24,24,24,24,24,24,24,24,24,24,24,24,24,24,24,24,24,24,24,24,24,24,24,24"
435,0.24,0.23,"0.00,0.01,0.03,0.04,0.06,0.07,0.09,0.10,0.13,0.17,0.22,0.26,0.29,0.31,0.33,0.36,0.40,0.45,0.51,0.56,0.61,0.64,0.68,0.72,0.76,0.81,0.87,0.93,0.98,1.03,1.08,1.13,1.17,1.22,1.27,1.33,1.39,1.44,1.49,1.54,1.58,1.63,1.68,1.74,1.79,1.85,1.90,1.94,1.98,2.03,2.08,2.13,2.19,2.24,2.29,2.33,2.37,2.41,2.46,2.51,2.56,2.61,2.66,2.70","2.10e-05,1.45e-09,8.40e-10,3.72e-10","0,0,0,0","2.60e-05; 5.20e-05; 7.80e-05; 1.04e-04; 1.30e-04; 1.56e-04; 1.82e-04; 2.08e-04; 2.34e-04; 2.60e-04; 2.86e-04; 3.12e-04; 3.38e-04; 3.64e-04; 3.30e-04,5.95e-05; 3.21e-04,9.53e-05; 3.53e-04,8.87e-05; 4.31e-04,3.66e-05; 4.94e-04; 5.08e-04,1.24e-05; 4.76e-04,7.01e-05; 4.29e-04,1.43e-04; 3.97e-04,2.01e-04; 3.95e-04,2.29e-04; 4.09e-04,2.41e-04; 4.46e-04,2.30e-04; 4.89e-04,2.13e-04; 5.13e-04,2.15e-04; 5.11e-04,2.43e-04; 4.95e-04,2.85e-04; 4.82e-04,3.24e-04; 4.84e-04,3.48e-04; 4.94e-04,3.64e-04; 5.14e-04,3.70e-04; 5.43e-04,3.67e-04; 5.67e-04,3.69e-04; 5.77e-04,3.85e-04; 5.76e-04,4.12e-04; 5.74e-04,4.41e-04; 5.77e-04,4.63e-04; 5.86e-04,4.80e-04; 5.99e-04,4.93e-04; 6.19e-04,4.99e-04; 6.41e-04,5.03e-04; 6.55e-04,5.15e-04; 6.62e-04,5.34e-04; 6.67e-04,5.55e-04; 6.73e-04,5.75e-04; 6.84e-04,5.90e-04; 6.93e-04,6.07e-04; 7.05e-04,6.21e-04; 7.22e-04,6.30e-04; 7.39e-04,6.39e-04; 7.51e-04,6.53e-04; 7.62e-04,6.68e-04; 7.70e-04,6.86e-04; 7.84e-04,6.98e-04; 7.93e-04,7.15e-04; 7.99e-04,7.35e-04; 8.11e-04,7.50e-04; 8.26e-04,7.60e-04; 8.43e-04,7.70e-04; 8.58e-04,7.80e-04; 8.71e-04,7.94e-04","24,24,24,24,24,24,24,24,24,24,24,24,24,24,24,24,24,24,24,24,24,24,24,24,24,24,24,24,24,24,24,24,24,24,24,24,24,24,24,24,24,24,24,24,24,24,24,24,24,24,24,24,24,24,24,24,24,24,24,24,24,24,24,24"
436,10.47,9.63,"2.53,4.44,5.64,6.50,7.16,7.66,8.06,8.38,8.70,9.01,9.31,9.58,9.82,10.04,10.22,10.38,10.54,10.71,10.88,11.04,11.19,11.32,11.45,11.55,11.66,11.77,11.89,12.00,12.11,12.21,12.30,12.39,12.47,12.56,12.65,12.75,12.84,12.93,13.01,13.10,13.19,13.28,13.37,13.46,13.54,13.62,13.70,13.78,13.88,13.97,14.05,14.13,14.20,14.28,14.35,14.43,14.53,14.61,14.69,14.76,14.83,14.89,14.96,15.04","8.64e-02,5.85e-06,2.83e-06,2.05e-06","3,3,3,3","1.07e-01; 2.14e-01; 3.22e-01; 4.29e-01; 5.36e-01; 6.43e-01; 7.50e-01; 8.57e-01; 9.65e-01; 1.07e+00; 1.18e+00; 1.29e+00; 1.39e+00; 1.50e+00; 1.61e+00; 1.71e+00; 1.82e+00; 1.93e+00; 2.04e+00; 2.14e+00; 2.25e+00; 2.36e+00; 2.47e+00; 2.57e+00; 2.68e+00; 2.79e+00; 2.89e+00; 3.00e+00; 3.11e+00; 3.22e+00; 3.32e+00; 3.43e+00; 3.36e+00,1.82e-01; 3.35e+00,2.91e-01; 3.38e+00,3.74e-01; 3.43e+00,4.33e-01; 3.48e+00,4.90e-01; 3.52e+00,5.56e-01; 3.54e+00,6.45e-01; 3.53e+00,7.62e-01; 3.48e+00,9.10e-01; 3.50e+00,1.01e+00; 3.53e+00,1.08e+00; 3.58e+00,1.14e+00; 3.63e+00,1.20e+00; 3.67e+00,1.26e+00; 3.71e+00,1.33e+00; 3.72e+00,1.42e+00; 3.71e+00,1.55e+00; 3.73e+00,1.63e+00; 3.76e+00,1.71e+00; 3.81e+00,1.76e+00; 3.86e+00,1.82e+00; 3.91e+00,1.88e+00; 3.95e+00,1.94e+00; 3.98e+00,2.02e+00; 3.98e+00,2.13e+00; 4.01e+00,2.21e+00; 4.05e+00,2.28e+00; 4.10e+00,2.34e+00; 4.15e+00,2.39e+00; 4.20e+00,2.45e+00; 4.24e+00,2.51e+00; 4.28e+00,2.58e+00","40,40,40,40,40,40,40,40,40,40,40,40,40,40,40,40,40,40,40,40,40,40,40,40,40,40,40,40,40,40,40,40,40,40,40,40,40,40,40,40,40,40,40,40,40,40,40,40,40,40,40,40,40,40,40,40,40,40,40,40,40,40,40,40"
437,16.98,15.26,"3.44,6.40,8.78,10.29,11.54,12.48,13.20,13.98,14.66,15.35,15.99,16.54,17.07,17.57,18.02,18.43,18.84,19.25,19.63,19.98,20.32,20.66,20.97,21.28,21.58,21.88,22.15,22.41,22.66,22.92,23.16,23.40,23.64,23.88,24.09,24.29,24.50,24.70,24.90,25.10,25.30,25.49,25.67,25.84,26.01,26.18,26.35,26.52,26.69,26.86,27.00,27.15,27.29,27.44,27.58,27.74,27.89,28.03,28.16,28.28,28.41,28.54,28.67,28.80","5.45e-02,5.42e-02,3.07e-03,3.44e-06","3,3,3,1","1.39e-01; 1.60e-01,1.18e-01; 2.24e-01,1.92e-01; 2.94e-01,2.61e-01; 3.62e-01,3.31e-01; 4.08e-01,3.79e-01,4.61e-02; 4.10e-01,3.82e-01,1.79e-01; 5.09e-01,4.52e-01,1.49e-01; 5.89e-01,5.10e-01,1.49e-01; 6.40e-01,5.60e-01,1.88e-01; 6.96e-01,6.20e-01,2.10e-01; 7.53e-01,6.78e-01,2.35e-01; 8.07e-01,7.34e-01,2.63e-01; 8.37e-01,7.69e-01,3.36e-01; 8.90e-01,8.14e-01,3.78e-01; 9.47e-01,8.60e-01,4.13e-01; 9.90e-01,8.99e-01,4.70e-01; 1.04e+00,9.45e-01,5.17e-01; 1.09e+00,9.98e-01,5.52e-01; 1.14e+00,1.05e+00,5.87e-01; 1.19e+00,1.10e+00,6.22e-01; 1.24e+00,1.15e+00,6.66e-01; 1.28e+00,1.19e+00,7.18e-01; 1.32e+00,1.23e+00,7.74e-01; 1.37e+00,1.27e+00,8.29e-01; 1.41e+00,1.32e+00,8.77e-01; 1.46e+00,1.37e+00,9.16e-01; 1.51e+00,1.42e+00,9.55e-01; 1.56e+00,1.47e+00,9.93e-01; 1.61e+00,1.52e+00,1.04e+00; 1.65e+00,1.56e+00,1.09e+00; 1.69e+00,1.60e+00,1.14e+00; 1.74e+00,1.64e+00,1.20e+00; 1.78e+00,1.69e+00,1.24e+00; 1.83e+00,1.74e+00,1.29e+00; 1.88e+00,1.79e+00,1.33e+00; 1.93e+00,1.84e+00,1.37e+00; 1.97e+00,1.89e+00,1.41e+00; 2.02e+00,1.93e+00,1.46e+00; 2.06e+00,1.97e+00,1.51e+00; 2.11e+00,2.01e+00,1.57e+00; 2.15e+00,2.06e+00,1.62e+00; 2.20e+00,2.11e+00,1.66e+00; 2.25e+00,2.16e+00,1.70e+00; 2.29e+00,2.21e+00,1.74e+00; 2.34e+00,2.25e+00,1.79e+00; 2.39e+00,2.30e+00,1.84e+00; 2.43e+00,2.34e+00,1.89e+00; 2.47e+00,2.38e+00,1.94e+00; 2.52e+00,2.43e+00,1.99e+00; 2.57e+00,2.48e+00,2.03e+00; 2.61e+00,2.52e+00,2.08e+00; 2.66e+00,2.57e+00,2.12e+00; 2.71e+00,2.62e+00,2.16e+00; 2.75e+00,2.67e+00,2.21e+00; 2.80e+00,2.71e+00,2.27e+00; 2.84e+00,2.75e+00,2.32e+00; 2.88e+00,2.80e+00,2.37e+00; 2.93e+00,2.84e+00,2.41e+00; 2.98e+00,2.89e+00,2.45e+00; 3.03e+00,2.94e+00,2.50e+00; 3.07e+00,2.99e+00,2.54e+00; 3.12e+00,3.03e+00,2.59e+00; 3.16e+00,3.07e+00,2.64e+00","32,32,32,32,32,32,32,32,32,32,32,32,32,32,32,32,32,32,32,32,32,32,32,32,32,32,32,32,32,32,32,32,32,32,32,32,32,32,32,32,32,32,32,32,32,32,32,32,32,32,32,32,32,32,32,32,32,32,32,32,32,32,32,32"
438,9.04,8.59,"1.47,3.34,4.67,5.62,6.31,6.80,7.15,7.40,7.67,7.98,8.31,8.61,8.88,9.10,9.27,9.39,9.53,9.69,9.87,10.06,10.22,10.37,10.48,10.56,10.65,10.76,10.88,11.01,11.14,11.24,11.33,11.40,11.46,11.54,11.63,11.73,11.83,11.92,11.99,12.04,12.09,12.15,12.23,12.31,12.39,12.46,12.52,12.57,12.61,12.66,12.72,12.79,12.85,12.92,12.97,13.01,13.04,13.09,13.14,13.19,13.25,13.31,13.36,13.40","3.21e-02,1.89e-06,9.77e-07,4.44e-07","0,0,0,0",3.99e-02; 7.97e-02; 1.20e-01; 1.59e-01; 1.99e-01; 2.39e-01; 2.79e-01; 3.19e-01; 3.59e-01; 3.99e-01; 4.38e-01; 4.78e-01; 5.18e-01; 5.58e-01; 5.98e-01; 6.38e-01; 6.78e-01; 7.17e-01; 7.57e-01; 7.97e-01; 8.37e-01; 8.77e-01; 9.17e-01; 9.57e-01; 9.96e-01; 1.04e+00; 1.08e+00; 1.12e+00; 1.16e+00; 1.20e+00; 1.24e+00; 1.28e+00; 1.32e+00; 1.36e+00; 1.39e+00; 1.43e+00; 1.47e+00; 1.51e+00; 1.55e+00; 1.59e+00; 1.63e+00; 1.67e+00; 1.71e+00; 1.75e+00; 1.79e+00; 1.83e+00; 1.87e+00; 1.91e+00; 1.95e+00; 1.99e+00; 2.03e+00; 2.07e+00; 2.11e+00; 2.15e+00; 2.19e+00; 2.23e+00; 2.27e+00; 2.31e+00; 2.35e+00; 2.39e+00; 2.43e+00; 2.47e+00; 2.51e+00; 2.55e+00,"40,40,40,40,40,40,40,40,40,40,40,40,40,40,40,40,40,40,40,40,40,40,40,40,40,40,40,40,40,40,40,40,40,40,40,40,40,40,40,40,40,40,40,40,40,40,40,40,40,40,40,40,40,40,40,40,40,40,40,40,40,40,40,40"
439,9.50,8.90,"1.73,3.64,4.95,5.88,6.56,7.06,7.41,7.68,7.96,8.27,8.59,8.89,9.15,9.37,9.54,9.67,9.82,9.98,10.16,10.34,10.50,10.64,10.76,10.85,10.94,11.05,11.17,11.30,11.42,11.52,11.61,11.68,11.74,11.82,11.92,12.01,12.11,12.19,12.26,12.32,12.37,12.44,12.51,12.59,12.67,12.74,12.80,12.85,12.89,12.94,13.00,13.07,13.13,13.20,13.25,13.29,13.33,13.37,13.42,13.48,13.54,13.59,13.65,13.69","4.40e-02,3.53e-06,2.20e-06,1.17e-06","15,15,15,15","5.46e-02; 1.09e-01; 1.64e-01; 2.18e-01; 2.73e-01; 3.28e-01; 3.82e-01; 4.37e-01; 4.92e-01; 5.46e-01; 6.01e-01; 6.55e-01; 7.10e-01; 7.65e-01; 8.19e-01; 8.74e-01; 9.28e-01; 9.83e-01; 1.04e+00; 1.09e+00; 1.15e+00; 1.20e+00; 1.26e+00; 1.31e+00; 1.37e+00; 1.42e+00; 1.47e+00; 1.53e+00; 1.58e+00; 1.64e+00; 1.69e+00; 1.75e+00; 1.80e+00; 1.86e+00; 1.91e+00; 1.97e+00; 2.02e+00; 2.08e+00; 2.13e+00; 2.18e+00; 2.24e+00; 2.29e+00; 2.35e+00; 2.40e+00; 2.46e+00; 2.51e+00; 2.57e+00; 2.62e+00; 2.68e+00; 2.73e+00; 2.79e+00; 2.84e+00; 2.89e+00; 2.95e+00; 3.00e+00; 3.06e+00; 3.11e+00; 3.14e+00,3.14e-02; 3.14e+00,8.12e-02; 3.16e+00,1.18e-01; 3.18e+00,1.53e-01; 3.20e+00,1.90e-01; 3.20e+00,2.37e-01; 3.20e+00,2.97e-01","40,40,40,40,40,40,40,40,40,40,40,40,40,40,40,40,40,40,40,40,40,40,40,40,40,40,40,40,40,40,40,40,40,40,40,40,40,40,40,40,40,40,40,40,40,40,40,40,40,40,40,40,40,40,40,40,40,40,40,40,40,40,40,40"
440,8.92,8.54,"2.42,4.48,5.82,6.77,7.46,7.96,8.33,8.61,8.89,9.20,9.52,9.81,10.08,10.30,10.47,10.61,10.75,10.91,11.09,11.27,11.43,11.57,11.69,11.78,11.87,11.98,12.10,12.23,12.35,12.45,12.54,12.61,12.68,12.76,12.85,12.95,13.04,13.12,13.20,13.25,13.31,13.38,13.45,13.54,13.62,13.70,13.76,13.83,13.89,13.96,14.03,14.10,14.18,14.25,14.32,14.38,14.45,14.51,14.58,14.65,14.72,14.79,14.86,14.92","2.95e-02,1.54e-06,5.70e-07,4.98e-07","0,0,0,0","3.67e-02; 7.33e-02; 1.10e-01; 1.47e-01; 1.83e-01; 2.20e-01; 2.57e-01; 2.93e-01; 3.30e-01; 3.67e-01; 4.03e-01; 4.40e-01; 4.77e-01; 5.13e-01; 5.50e-01; 5.87e-01; 6.23e-01; 6.60e-01; 6.96e-01; 7.33e-01; 7.70e-01; 8.06e-01; 8.43e-01; 8.80e-01; 9.16e-01; 9.53e-01; 9.90e-01; 1.03e+00; 1.06e+00; 1.10e+00; 1.14e+00; 1.17e+00; 1.21e+00; 1.25e+00; 1.28e+00; 1.32e+00; 1.36e+00; 1.39e+00; 1.43e+00; 1.45e+00,1.39e-02; 1.43e+00,7.24e-02; 1.44e+00,1.03e-01; 1.45e+00,1.29e-01; 1.46e+00,1.57e-01; 1.47e+00,1.82e-01; 1.48e+00,2.10e-01; 1.49e+00,2.37e-01; 1.48e+00,2.79e-01; 1.47e+00,3.28e-01; 1.48e+00,3.56e-01; 1.49e+00,3.80e-01; 1.50e+00,4.04e-01; 1.51e+00,4.28e-01; 1.53e+00,4.53e-01; 1.54e+00,4.77e-01; 1.54e+00,5.11e-01; 1.54e+00,5.54e-01; 1.55e+00,5.81e-01; 1.56e+00,6.03e-01; 1.57e+00,6.26e-01; 1.59e+00,6.48e-01; 1.60e+00,6.72e-01; 1.62e+00,6.94e-01; 1.62e+00,7.23e-01","39,39,39,39,39,39,39,39,39,39,39,39,39,39,39,39,39,39,39,39,39,39,39,39,39,39,39,39,39,39,39,39,39,39,39,39,39,39,39,39,39,39,39,39,39,39,39,39,39,39,39,39,39,39,39,39,39,39,39,39,39,39,39,39"
441,71.89,58.82,"16.27,27.89,33.88,37.48,40.59,43.31,45.36,47.51,48.91,49.92,51.05,52.17,53.18,54.06,55.05,56.03,56.81,57.37,58.07,58.56,59.50,60.01,59.90,61.41,61.41,62.26,62.39,63.14,64.00,63.70,64.30,63.67,65.12,65.28,65.16,65.73,67.60,67.92,67.94,68.14,67.23,69.13,70.58,71.19,72.62,73.05,70.74,72.77,76.10,73.76,74.46,76.09,77.59,80.08,80.42,83.63,83.76,85.13,87.43,88.84,91.03,93.51,93.92,94.28","4.51e+02,4.51e+02,4.50e+02,4.50e+02","12,4,12,4","3.67e+03; 3.67e+03,3.67e+03; 3.75e+03,3.74e+03,3.52e+03; 3.97e+03,3.92e+03,3.73e+03,3.05e+03; 4.85e+03,4.79e+03,4.71e+03,4.00e+03; 5.64e+03,5.59e+03,5.50e+03,5.28e+03; 6.54e+03,6.49e+03,6.44e+03,6.21e+03; 7.41e+03,7.37e+03,7.32e+03,7.25e+03; 8.32e+03,8.28e+03,8.23e+03,8.19e+03; 9.23e+03,9.20e+03,9.14e+03,9.12e+03; 1.01e+04,1.01e+04,1.01e+04,1.00e+04; 1.11e+04,1.10e+04,1.10e+04,1.10e+04; 1.20e+04,1.19e+04,1.19e+04,1.19e+04; 1.29e+04,1.29e+04,1.28e+04,1.28e+04; 1.38e+04,1.38e+04,1.38e+04,1.37e+04; 1.47e+04,1.47e+04,1.47e+04,1.46e+04; 1.56e+04,1.56e+04,1.56e+04,1.55e+04; 1.65e+04,1.65e+04,1.65e+04,1.65e+04; 1.75e+04,1.74e+04,1.74e+04,1.74e+04; 1.84e+04,1.84e+04,1.84e+04,1.83e+04; 1.93e+04,1.93e+04,1.93e+04,1.92e+04; 2.02e+04,2.02e+04,2.02e+04,2.01e+04; 2.11e+04,2.11e+04,2.11e+04,2.11e+04; 2.20e+04,2.20e+04,2.20e+04,2.20e+04; 2.30e+04,2.29e+04,2.29e+04,2.29e+04; 2.39e+04,2.39e+04,2.39e+04,2.38e+04; 2.48e+04,2.48e+04,2.48e+04,2.47e+04; 2.57e+04,2.57e+04,2.57e+04,2.57e+04; 2.66e+04,2.66e+04,2.66e+04,2.66e+04; 2.75e+04,2.75e+04,2.75e+04,2.75e+04; 2.85e+04,2.84e+04,2.84e+04,2.84e+04; 2.94e+04,2.94e+04,2.94e+04,2.93e+04; 3.03e+04,3.03e+04,3.03e+04,3.02e+04; 3.12e+04,3.12e+04,3.12e+04,3.12e+04; 3.21e+04,3.21e+04,3.21e+04,3.21e+04; 3.30e+04,3.30e+04,3.30e+04,3.30e+04; 3.40e+04,3.39e+04,3.39e+04,3.39e+04; 3.49e+04,3.49e+04,3.49e+04,3.48e+04; 3.58e+04,3.58e+04,3.58e+04,3.57e+04; 3.67e+04,3.67e+04,3.67e+04,3.67e+04; 3.76e+04,3.76e+04,3.76e+04,3.76e+04; 3.85e+04,3.85e+04,3.85e+04,3.85e+04; 3.95e+04,3.95e+04,3.94e+04,3.94e+04; 4.04e+04,4.04e+04,4.04e+04,4.03e+04; 4.13e+04,4.13e+04,4.13e+04,4.13e+04; 4.22e+04,4.22e+04,4.22e+04,4.22e+04; 4.31e+04,4.31e+04,4.31e+04,4.31e+04; 4.40e+04,4.40e+04,4.40e+04,4.40e+04; 4.50e+04,4.50e+04,4.50e+04,4.49e+04; 4.59e+04,4.59e+04,4.59e+04,4.58e+04; 4.68e+04,4.68e+04,4.68e+04,4.68e+04; 4.77e+04,4.77e+04,4.77e+04,4.77e+04; 4.86e+04,4.86e+04,4.86e+04,4.86e+04; 4.96e+04,4.95e+04,4.95e+04,4.95e+04; 5.05e+04,5.05e+04,5.05e+04,5.04e+04; 5.14e+04,5.14e+04,5.14e+04,5.13e+04; 5.23e+04,5.23e+04,5.23e+04,5.23e+04; 5.32e+04,5.32e+04,5.32e+04,5.32e+04; 5.41e+04,5.41e+04,5.41e+04,5.41e+04; 5.51e+04,5.50e+04,5.50e+04,5.50e+04; 5.60e+04,5.60e+04,5.60e+04,5.59e+04; 5.69e+04,5.69e+04,5.69e+04,5.68e+04; 5.78e+04,5.78e+04,5.78e+04,5.78e+04; 5.87e+04,5.87e+04,5.87e+04,5.87e+04","24,48,24,48,24,48,24,48,48,48,23,24,24,48,24,23,48,23,24,24,23,24,48,48,23,48,48,32,24,48,48,32,48,32,48,24,23,23,32,24,23,32,23,24,48,24,48,48,23,48,23,23,23,48,24,24,24,23,23,24,24,24,32,24"
442,46.61,39.63,"16.96,19.98,23.26,25.79,27.70,29.46,30.96,32.16,35.30,36.17,36.86,37.67,37.93,38.52,39.36,40.08,41.66,42.90,43.00,43.40,43.10,44.24,44.17,43.80,45.57,45.37,46.64,46.50,46.60,45.97,45.63,48.51,49.44,49.88,48.19,49.21,49.84,49.69,52.27,49.95,52.01,53.33,54.61,55.03,56.97,58.13,58.46,62.57,58.54,61.95,63.15,64.93,65.04,63.94,69.47,70.07,71.77,71.04,72.38,74.69,86.32,85.66,82.35,83.83","4.95e+02,4.95e+02,4.93e+02,4.55e+02","12,4,12,12","2.77e+03; 3.42e+03,2.12e+03; 4.35e+03,3.96e+03; 5.62e+03,5.45e+03; 6.97e+03,6.88e+03; 8.16e+03,8.11e+03,3.52e+02; 7.64e+03,7.61e+03,4.13e+03; 8.68e+03,8.66e+03,4.82e+03; 8.51e+03,8.50e+03,7.91e+03; 8.45e+03,8.43e+03,8.03e+03,2.78e+03; 1.01e+04,1.01e+04,9.71e+03,5.58e+02; 1.10e+04,1.10e+04,1.07e+04,5.41e+02; 1.19e+04,1.18e+04,1.15e+04,7.70e+02; 1.20e+04,1.20e+04,1.16e+04,3.13e+03; 1.29e+04,1.28e+04,1.25e+04,3.30e+03; 1.38e+04,1.38e+04,1.35e+04,3.32e+03; 1.36e+04,1.36e+04,1.35e+04,6.29e+03; 1.48e+04,1.48e+04,1.46e+04,5.71e+03; 1.56e+04,1.56e+04,1.55e+04,6.00e+03; 1.63e+04,1.63e+04,1.62e+04,6.64e+03; 1.66e+04,1.66e+04,1.65e+04,8.58e+03; 1.77e+04,1.77e+04,1.76e+04,7.82e+03; 1.83e+04,1.83e+04,1.82e+04,8.93e+03; 1.87e+04,1.87e+04,1.86e+04,1.04e+04; 1.97e+04,1.96e+04,1.95e+04,1.04e+04; 2.02e+04,2.02e+04,2.02e+04,1.14e+04; 2.09e+04,2.09e+04,2.09e+04,1.20e+04; 2.17e+04,2.17e+04,2.16e+04,1.26e+04; 2.22e+04,2.22e+04,2.22e+04,1.37e+04; 2.28e+04,2.28e+04,2.27e+04,1.48e+04; 2.34e+04,2.34e+04,2.33e+04,1.58e+04; 2.42e+04,2.42e+04,2.41e+04,1.61e+04; 2.47e+04,2.47e+04,2.47e+04,1.72e+04; 2.57e+04,2.57e+04,2.56e+04,1.72e+04; 2.57e+04,2.57e+04,2.57e+04,1.98e+04; 2.68e+04,2.67e+04,2.67e+04,1.95e+04; 2.77e+04,2.77e+04,2.77e+04,1.94e+04; 2.85e+04,2.85e+04,2.85e+04,1.97e+04; 2.90e+04,2.90e+04,2.90e+04,2.09e+04; 2.95e+04,2.95e+04,2.94e+04,2.24e+04; 3.02e+04,3.02e+04,3.02e+04,2.29e+04; 3.12e+04,3.12e+04,3.11e+04,2.28e+04; 3.16e+04,3.16e+04,3.16e+04,2.43e+04; 3.13e+04,3.13e+04,3.13e+04,2.79e+04; 3.35e+04,3.35e+04,3.35e+04,2.42e+04; 3.31e+04,3.31e+04,3.31e+04,2.81e+04; 3.45e+04,3.45e+04,3.45e+04,2.67e+04; 3.48e+04,3.48e+04,3.48e+04,2.86e+04; 3.56e+04,3.56e+04,3.56e+04,2.88e+04; 3.61e+04,3.61e+04,3.61e+04,3.02e+04; 3.69e+04,3.69e+04,3.68e+04,3.07e+04; 3.80e+04,3.80e+04,3.80e+04,3.01e+04; 3.78e+04,3.78e+04,3.78e+04,3.35e+04; 3.86e+04,3.86e+04,3.85e+04,3.38e+04; 3.96e+04,3.96e+04,3.96e+04,3.36e+04; 4.01e+04,4.00e+04,4.00e+04,3.50e+04; 4.11e+04,4.11e+04,4.11e+04,3.45e+04; 4.15e+04,4.15e+04,4.14e+04,3.63e+04; 4.23e+04,4.22e+04,4.22e+04,3.67e+04; 4.33e+04,4.33e+04,4.33e+04,3.61e+04; 4.31e+04,4.31e+04,4.31e+04,3.95e+04; 4.39e+04,4.39e+04,4.39e+04,4.01e+04; 4.54e+04,4.53e+04,4.53e+04,3.84e+04; 4.56e+04,4.56e+04,4.56e+04,4.04e+04","24,24,24,24,24,24,24,24,24,24,26,24,24,24,30,24,24,15,24,30,30,26,26,24,15,24,15,30,26,24,24,26,30,30,30,15,26,15,15,30,30,26,26,24,24,15,30,15,26,24,30,26,26,24,30,30,15,24,15,24,26,30,30,15"
443,45.34,38.27,"16.92,21.85,25.43,27.83,29.84,32.39,34.12,36.29,37.30,37.87,38.88,39.63,40.04,40.92,41.30,41.95,42.88,43.08,44.67,44.34,45.02,45.34,45.51,45.68,45.89,47.47,47.63,48.18,46.35,49.45,49.65,49.31,50.52,49.52,50.24,50.54,48.92,51.27,52.99,54.33,55.75,57.02,58.26,59.31,59.30,58.43,59.86,63.42,63.28,64.85,65.48,68.32,70.08,68.16,72.06,73.39,72.88,73.74,79.01,79.83,81.84,85.04,88.78,83.57","5.33e+02,5.32e+02,5.30e+02,4.48e+02","0,8,0,8","3.04e+03; 3.17e+03,2.91e+03; 4.60e+03,4.52e+03; 6.10e+03,6.06e+03; 6.05e+03,6.03e+03,3.11e+03; 6.51e+03,6.49e+03,5.23e+03; 6.11e+03,6.09e+03,5.50e+03,3.58e+03; 7.82e+03,7.81e+03,7.49e+03,1.19e+03; 8.31e+03,8.30e+03,7.99e+03,2.75e+03; 8.16e+03,8.15e+03,7.86e+03,6.22e+03; 9.61e+03,9.60e+03,9.36e+03,4.86e+03; 1.18e+04,1.18e+04,1.15e+04,1.37e+03; 1.32e+04,1.32e+04,1.30e+04; 1.23e+04,1.23e+04,1.20e+04,5.96e+03; 1.30e+04,1.30e+04,1.28e+04,6.71e+03; 1.39e+04,1.39e+04,1.37e+04,7.22e+03; 1.44e+04,1.44e+04,1.42e+04,8.57e+03; 1.53e+04,1.53e+04,1.51e+04,9.09e+03; 1.59e+04,1.59e+04,1.58e+04,1.01e+04; 1.70e+04,1.70e+04,1.68e+04,1.00e+04; 1.81e+04,1.81e+04,1.79e+04,9.68e+03; 1.84e+04,1.84e+04,1.82e+04,1.20e+04; 1.90e+04,1.90e+04,1.88e+04,1.31e+04; 1.91e+04,1.91e+04,1.89e+04,1.58e+04; 2.04e+04,2.04e+04,2.03e+04,1.48e+04; 2.12e+04,2.12e+04,2.10e+04,1.56e+04; 2.20e+04,2.20e+04,2.18e+04,1.63e+04; 2.27e+04,2.27e+04,2.26e+04,1.70e+04; 2.35e+04,2.35e+04,2.33e+04,1.78e+04; 2.48e+04,2.48e+04,2.47e+04,1.68e+04; 2.50e+04,2.50e+04,2.49e+04,1.93e+04; 2.58e+04,2.58e+04,2.57e+04,2.00e+04; 2.66e+04,2.66e+04,2.65e+04,2.07e+04; 2.74e+04,2.74e+04,2.73e+04,2.12e+04; 2.81e+04,2.81e+04,2.80e+04,2.22e+04; 2.88e+04,2.88e+04,2.87e+04,2.30e+04; 2.88e+04,2.88e+04,2.87e+04,2.61e+04; 3.05e+04,3.05e+04,3.04e+04,2.40e+04; 3.06e+04,3.06e+04,3.05e+04,2.68e+04; 3.16e+04,3.16e+04,3.15e+04,2.69e+04; 3.25e+04,3.25e+04,3.24e+04,2.71e+04; 3.31e+04,3.31e+04,3.31e+04,2.83e+04; 3.40e+04,3.40e+04,3.39e+04,2.88e+04; 3.49e+04,3.49e+04,3.48e+04,2.92e+04; 3.55e+04,3.55e+04,3.54e+04,3.03e+04; 3.62e+04,3.62e+04,3.61e+04,3.14e+04; 3.63e+04,3.63e+04,3.63e+04,3.39e+04; 3.75e+04,3.75e+04,3.74e+04,3.34e+04; 3.86e+04,3.86e+04,3.86e+04,3.31e+04; 3.90e+04,3.90e+04,3.90e+04,3.49e+04; 3.99e+04,3.99e+04,3.99e+04,3.53e+04; 4.01e+04,4.01e+04,4.00e+04,3.78e+04; 4.10e+04,4.10e+04,4.09e+04,3.82e+04; 4.24e+04,4.24e+04,4.24e+04,3.69e+04; 4.26e+04,4.26e+04,4.26e+04,3.94e+04; 4.35e+04,4.35e+04,4.34e+04,3.98e+04; 4.43e+04,4.43e+04,4.43e+04,4.04e+04; 4.52e+04,4.52e+04,4.52e+04,4.07e+04; 4.56e+04,4.56e+04,4.55e+04,4.26e+04; 4.66e+04,4.66e+04,4.66e+04,4.26e+04; 4.73e+04,4.73e+04,4.72e+04,4.36e+04; 4.75e+04,4.75e+04,4.75e+04,4.59e+04; 4.88e+04,4.88e+04,4.88e+04,4.50e+04; 4.95e+04,4.95e+04,4.94e+04,4.61e+04","23,23,23,23,23,23,23,23,23,17,23,7,7,23,23,23,23,23,17,17,17,23,23,7,23,23,17,17,17,39,39,7,23,7,23,7,7,23,23,23,23,17,7,17,17,7,39,23,23,7,7,23,7,39,23,7,23,23,17,17,39,23,7,17"
444,66.60,56.66,"15.71,22.56,28.92,31.84,34.08,36.34,38.04,39.71,41.17,42.28,43.22,44.06,44.78,45.68,46.29,47.15,48.07,48.46,48.64,49.56,49.32,50.53,51.02,51.34,51.96,51.93,53.14,54.09,53.68,54.51,54.74,55.12,56.01,56.88,57.38,55.82,56.83,57.35,56.64,57.66,58.90,59.00,58.88,58.24,57.51,61.21,58.94,61.73,61.52,60.25,63.07,60.86,61.18,61.75,64.75,66.44,65.73,67.95,66.72,72.65,69.70,69.18,70.70,73.40","6.20e+02,6.20e+02,6.19e+02,6.17e+02","0,8,0,8","4.27e+03; 4.34e+03,4.20e+03; 4.42e+03,4.30e+03,4.09e+03; 5.81e+03,5.71e+03,5.56e+03; 6.48e+03,6.34e+03,5.90e+03,2.62e+03; 6.96e+03,6.86e+03,6.71e+03,5.09e+03; 8.10e+03,8.02e+03,7.78e+03,6.00e+03; 8.91e+03,8.84e+03,8.63e+03,7.78e+03; 1.02e+04,1.01e+04,9.68e+03,8.42e+03; 1.13e+04,1.12e+04,1.07e+04,9.47e+03; 1.25e+04,1.24e+04,1.19e+04,1.02e+04; 1.35e+04,1.35e+04,1.31e+04,1.12e+04; 1.47e+04,1.47e+04,1.43e+04,1.18e+04; 1.56e+04,1.55e+04,1.52e+04,1.35e+04; 1.66e+04,1.66e+04,1.62e+04,1.46e+04; 1.77e+04,1.76e+04,1.73e+04,1.57e+04; 1.88e+04,1.87e+04,1.84e+04,1.68e+04; 1.98e+04,1.98e+04,1.94e+04,1.79e+04; 2.09e+04,2.08e+04,2.05e+04,1.90e+04; 2.20e+04,2.19e+04,2.16e+04,2.00e+04; 2.37e+04,2.36e+04,2.33e+04,1.91e+04; 2.40e+04,2.40e+04,2.37e+04,2.22e+04; 2.51e+04,2.51e+04,2.47e+04,2.33e+04; 2.61e+04,2.61e+04,2.58e+04,2.46e+04; 2.72e+04,2.71e+04,2.68e+04,2.56e+04; 2.81e+04,2.81e+04,2.78e+04,2.70e+04; 2.92e+04,2.92e+04,2.89e+04,2.80e+04; 3.03e+04,3.03e+04,3.00e+04,2.90e+04; 3.17e+04,3.17e+04,3.14e+04,2.90e+04; 3.24e+04,3.24e+04,3.22e+04,3.11e+04; 3.35e+04,3.35e+04,3.32e+04,3.22e+04; 3.45e+04,3.45e+04,3.42e+04,3.34e+04; 3.56e+04,3.56e+04,3.53e+04,3.45e+04; 3.66e+04,3.66e+04,3.63e+04,3.57e+04; 3.77e+04,3.76e+04,3.74e+04,3.68e+04; 3.88e+04,3.87e+04,3.85e+04,3.77e+04; 3.97e+04,3.97e+04,3.96e+04,3.91e+04; 4.09e+04,4.09e+04,4.06e+04,3.99e+04; 4.19e+04,4.19e+04,4.17e+04,4.10e+04; 4.30e+04,4.30e+04,4.28e+04,4.21e+04; 4.41e+04,4.40e+04,4.38e+04,4.32e+04; 4.51e+04,4.51e+04,4.49e+04,4.42e+04; 4.62e+04,4.62e+04,4.60e+04,4.52e+04; 4.73e+04,4.73e+04,4.71e+04,4.63e+04; 4.82e+04,4.82e+04,4.81e+04,4.78e+04; 4.94e+04,4.94e+04,4.92e+04,4.85e+04; 5.04e+04,5.04e+04,5.02e+04,4.96e+04; 5.15e+04,5.15e+04,5.13e+04,5.07e+04; 5.26e+04,5.26e+04,5.24e+04,5.18e+04; 5.37e+04,5.37e+04,5.36e+04,5.25e+04; 5.47e+04,5.47e+04,5.45e+04,5.40e+04; 5.58e+04,5.57e+04,5.56e+04,5.50e+04; 5.67e+04,5.67e+04,5.66e+04,5.62e+04; 5.79e+04,5.79e+04,5.77e+04,5.71e+04; 5.89e+04,5.89e+04,5.88e+04,5.83e+04; 6.00e+04,6.00e+04,5.98e+04,5.94e+04; 6.11e+04,6.11e+04,6.09e+04,6.04e+04; 6.22e+04,6.21e+04,6.20e+04,6.14e+04; 6.32e+04,6.32e+04,6.30e+04,6.26e+04; 6.43e+04,6.42e+04,6.41e+04,6.36e+04; 6.54e+04,6.54e+04,6.53e+04,6.45e+04; 6.63e+04,6.63e+04,6.63e+04,6.59e+04; 6.75e+04,6.75e+04,6.73e+04,6.68e+04; 6.85e+04,6.85e+04,6.84e+04,6.79e+04","31,63,31,31,47,31,31,47,31,47,47,47,47,47,31,15,31,15,15,15,63,47,31,47,47,31,47,31,31,31,31,47,63,15,47,15,15,63,15,31,31,15,15,47,47,63,63,31,63,47,63,15,47,31,47,63,31,31,63,31,47,31,63,15"
445,69.79,54.74,"15.34,25.21,29.64,33.10,35.89,38.48,40.35,41.89,43.64,44.99,45.96,47.00,47.96,48.80,49.79,50.64,51.44,52.14,53.08,53.31,53.77,54.42,54.73,55.92,56.31,56.56,56.96,57.14,57.82,58.31,58.50,58.70,59.99,61.63,60.87,58.56,61.15,62.78,61.56,63.71,64.03,63.36,62.52,65.09,66.53,65.52,63.07,65.47,65.45,68.11,66.77,65.70,67.35,68.60,69.46,72.30,71.99,73.84,70.64,73.04,73.71,75.33,76.44,77.77","6.97e+02,6.96e+02,6.95e+02,6.93e+02","15,1,9,1","6.11e+03; 6.13e+03,6.10e+03; 6.89e+03,6.84e+03,4.62e+03; 7.50e+03,7.32e+03,5.82e+03,3.81e+03; 8.58e+03,8.39e+03,7.00e+03,6.59e+03; 9.77e+03,9.59e+03,8.99e+03,8.35e+03; 1.13e+04,1.11e+04,1.07e+04,9.65e+03; 1.28e+04,1.27e+04,1.24e+04,1.11e+04; 1.41e+04,1.40e+04,1.37e+04,1.33e+04; 1.56e+04,1.55e+04,1.53e+04,1.48e+04; 1.71e+04,1.70e+04,1.68e+04,1.63e+04; 1.86e+04,1.85e+04,1.84e+04,1.79e+04; 2.01e+04,2.00e+04,1.99e+04,1.94e+04; 2.17e+04,2.15e+04,2.14e+04,2.10e+04; 2.32e+04,2.31e+04,2.29e+04,2.26e+04; 2.47e+04,2.46e+04,2.45e+04,2.41e+04; 2.62e+04,2.61e+04,2.59e+04,2.58e+04; 2.77e+04,2.76e+04,2.75e+04,2.73e+04; 2.92e+04,2.91e+04,2.90e+04,2.88e+04; 3.07e+04,3.06e+04,3.05e+04,3.04e+04; 3.23e+04,3.22e+04,3.21e+04,3.19e+04; 3.38e+04,3.37e+04,3.36e+04,3.35e+04; 3.53e+04,3.52e+04,3.51e+04,3.50e+04; 3.68e+04,3.68e+04,3.67e+04,3.65e+04; 3.83e+04,3.83e+04,3.82e+04,3.80e+04; 3.99e+04,3.98e+04,3.97e+04,3.96e+04; 4.14e+04,4.13e+04,4.13e+04,4.11e+04; 4.29e+04,4.29e+04,4.28e+04,4.26e+04; 4.44e+04,4.44e+04,4.43e+04,4.42e+04; 4.60e+04,4.59e+04,4.59e+04,4.57e+04; 4.75e+04,4.74e+04,4.74e+04,4.72e+04; 4.90e+04,4.90e+04,4.89e+04,4.88e+04; 5.05e+04,5.05e+04,5.04e+04,5.03e+04; 5.21e+04,5.20e+04,5.20e+04,5.19e+04; 5.36e+04,5.35e+04,5.35e+04,5.34e+04; 5.51e+04,5.51e+04,5.50e+04,5.50e+04; 5.66e+04,5.66e+04,5.65e+04,5.65e+04; 5.82e+04,5.81e+04,5.81e+04,5.80e+04; 5.97e+04,5.97e+04,5.96e+04,5.96e+04; 6.12e+04,6.12e+04,6.11e+04,6.11e+04; 6.27e+04,6.27e+04,6.26e+04,6.26e+04; 6.43e+04,6.42e+04,6.42e+04,6.42e+04; 6.58e+04,6.58e+04,6.57e+04,6.57e+04; 6.73e+04,6.73e+04,6.72e+04,6.72e+04; 6.89e+04,6.88e+04,6.88e+04,6.87e+04; 7.04e+04,7.03e+04,7.03e+04,7.03e+04; 7.19e+04,7.19e+04,7.18e+04,7.18e+04; 7.34e+04,7.34e+04,7.33e+04,7.33e+04; 7.50e+04,7.49e+04,7.49e+04,7.49e+04; 7.65e+04,7.65e+04,7.64e+04,7.64e+04; 7.80e+04,7.80e+04,7.79e+04,7.79e+04; 7.95e+04,7.95e+04,7.95e+04,7.95e+04; 8.11e+04,8.10e+04,8.10e+04,8.10e+04; 8.26e+04,8.26e+04,8.25e+04,8.25e+04; 8.41e+04,8.41e+04,8.41e+04,8.40e+04; 8.57e+04,8.56e+04,8.56e+04,8.56e+04; 8.72e+04,8.71e+04,8.71e+04,8.71e+04; 8.87e+04,8.87e+04,8.87e+04,8.86e+04; 9.02e+04,9.02e+04,9.02e+04,9.01e+04; 9.18e+04,9.17e+04,9.17e+04,9.17e+04; 9.33e+04,9.33e+04,9.32e+04,9.32e+04; 9.48e+04,9.48e+04,9.48e+04,9.47e+04; 9.64e+04,9.63e+04,9.63e+04,9.63e+04; 9.79e+04,9.78e+04,9.78e+04,9.78e+04","31,56,31,56,31,56,56,56,31,56,31,31,31,31,56,56,31,56,31,31,47,31,47,56,56,56,56,56,31,15,56,47,31,31,31,56,56,31,15,56,31,47,15,56,47,56,56,15,15,47,15,15,47,31,31,31,31,47,47,56,47,31,15,47"
446,68.98,60.10,"16.17,26.34,30.15,33.66,36.47,38.79,41.13,42.40,44.66,45.92,46.76,47.98,48.80,49.75,50.57,51.31,52.29,53.42,53.90,54.38,54.89,55.55,55.93,56.77,57.18,57.67,58.40,58.81,59.41,59.40,59.82,60.25,60.75,61.06,62.23,61.89,61.71,63.64,62.43,64.39,63.39,65.06,64.40,63.81,65.71,66.16,65.32,66.62,66.47,66.02,68.59,66.39,69.59,68.52,68.71,73.35,70.54,70.90,74.57,73.39,75.28,77.59,79.19,78.61","5.95e+02,5.94e+02,5.94e+02,5.93e+02","0,8,0,8","4.39e+03; 4.41e+03,4.37e+03; 4.82e+03,4.68e+03,3.68e+03; 6.02e+03,5.89e+03,5.66e+03; 6.01e+03,5.79e+03,5.41e+03,4.75e+03; 7.08e+03,6.86e+03,6.77e+03,5.65e+03; 7.99e+03,7.85e+03,7.72e+03,7.19e+03; 9.12e+03,9.01e+03,8.81e+03,8.21e+03; 1.02e+04,1.01e+04,9.79e+03,9.50e+03; 1.12e+04,1.12e+04,1.09e+04,1.06e+04; 1.23e+04,1.23e+04,1.20e+04,1.17e+04; 1.34e+04,1.34e+04,1.31e+04,1.28e+04; 1.45e+04,1.45e+04,1.42e+04,1.39e+04; 1.56e+04,1.55e+04,1.53e+04,1.51e+04; 1.67e+04,1.66e+04,1.64e+04,1.62e+04; 1.78e+04,1.77e+04,1.75e+04,1.73e+04; 1.88e+04,1.88e+04,1.86e+04,1.85e+04; 1.99e+04,1.99e+04,1.97e+04,1.96e+04; 2.10e+04,2.10e+04,2.08e+04,2.07e+04; 2.21e+04,2.21e+04,2.19e+04,2.17e+04; 2.32e+04,2.32e+04,2.30e+04,2.28e+04; 2.43e+04,2.43e+04,2.41e+04,2.40e+04; 2.54e+04,2.54e+04,2.52e+04,2.51e+04; 2.65e+04,2.65e+04,2.63e+04,2.62e+04; 2.76e+04,2.76e+04,2.74e+04,2.73e+04; 2.87e+04,2.87e+04,2.85e+04,2.84e+04; 2.98e+04,2.98e+04,2.96e+04,2.95e+04; 3.09e+04,3.09e+04,3.07e+04,3.06e+04; 3.20e+04,3.20e+04,3.18e+04,3.17e+04; 3.31e+04,3.30e+04,3.29e+04,3.28e+04; 3.42e+04,3.41e+04,3.40e+04,3.39e+04; 3.52e+04,3.52e+04,3.51e+04,3.50e+04; 3.63e+04,3.63e+04,3.62e+04,3.61e+04; 3.74e+04,3.74e+04,3.73e+04,3.72e+04; 3.85e+04,3.85e+04,3.84e+04,3.83e+04; 3.96e+04,3.96e+04,3.95e+04,3.94e+04; 4.07e+04,4.07e+04,4.06e+04,4.05e+04; 4.18e+04,4.18e+04,4.17e+04,4.16e+04; 4.29e+04,4.29e+04,4.28e+04,4.27e+04; 4.40e+04,4.40e+04,4.39e+04,4.38e+04; 4.51e+04,4.51e+04,4.50e+04,4.49e+04; 4.62e+04,4.62e+04,4.61e+04,4.60e+04; 4.73e+04,4.73e+04,4.72e+04,4.71e+04; 4.84e+04,4.84e+04,4.83e+04,4.82e+04; 4.95e+04,4.95e+04,4.94e+04,4.93e+04; 5.06e+04,5.06e+04,5.05e+04,5.04e+04; 5.17e+04,5.17e+04,5.16e+04,5.15e+04; 5.28e+04,5.28e+04,5.27e+04,5.26e+04; 5.39e+04,5.39e+04,5.38e+04,5.37e+04; 5.50e+04,5.50e+04,5.49e+04,5.48e+04; 5.61e+04,5.61e+04,5.60e+04,5.59e+04; 5.72e+04,5.72e+04,5.71e+04,5.70e+04; 5.83e+04,5.83e+04,5.82e+04,5.81e+04; 5.94e+04,5.94e+04,5.93e+04,5.92e+04; 6.05e+04,6.05e+04,6.04e+04,6.03e+04; 6.16e+04,6.16e+04,6.15e+04,6.14e+04; 6.27e+04,6.27e+04,6.26e+04,6.25e+04; 6.38e+04,6.38e+04,6.37e+04,6.36e+04; 6.49e+04,6.49e+04,6.48e+04,6.47e+04; 6.60e+04,6.60e+04,6.59e+04,6.58e+04; 6.71e+04,6.71e+04,6.70e+04,6.69e+04; 6.82e+04,6.82e+04,6.81e+04,6.80e+04; 6.93e+04,6.93e+04,6.92e+04,6.91e+04; 7.04e+04,7.04e+04,7.03e+04,7.02e+04","24,8,24,8,24,8,24,24,24,24,24,8,8,8,24,24,24,24,22,8,24,8,24,24,22,8,8,24,8,8,22,8,22,8,8,22,8,8,8,18,24,18,18,18,18,8,18,18,24,24,18,18,24,24,22,8,24,8,22,24,24,18,18,22"
447,71.50,52.93,"16.57,25.24,33.02,36.05,39.53,41.32,42.72,44.33,45.55,46.99,47.68,48.75,49.52,50.63,51.41,52.38,52.65,53.57,54.53,55.36,55.08,55.19,56.43,57.30,57.51,57.68,57.24,58.69,57.67,58.42,59.28,59.19,60.60,60.04,59.54,63.33,60.38,62.29,61.59,61.94,61.68,64.76,64.21,66.73,67.37,72.42,73.62,75.51,77.08,77.04,80.30,81.48,83.92,86.35,88.11,89.35,95.02,94.91,95.23,99.34,100.15,100.44,104.23,104.64","4.62e+02,4.62e+02,4.61e+02,4.60e+02","8,0,0,8","4.19e+03; 4.21e+03,4.17e+03; 4.23e+03,4.19e+03,4.15e+03; 4.47e+03,4.32e+03,4.25e+03,3.71e+03; 5.50e+03,5.44e+03,5.28e+03,4.71e+03; 6.56e+03,6.51e+03,6.32e+03,5.74e+03; 7.48e+03,7.45e+03,7.36e+03,7.01e+03; 8.64e+03,8.61e+03,8.41e+03,7.84e+03; 9.50e+03,9.49e+03,9.45e+03,9.24e+03; 1.05e+04,1.05e+04,1.05e+04,1.03e+04; 1.16e+04,1.16e+04,1.16e+04,1.14e+04; 1.28e+04,1.28e+04,1.26e+04,1.20e+04; 1.37e+04,1.37e+04,1.36e+04,1.35e+04; 1.49e+04,1.48e+04,1.47e+04,1.42e+04; 1.59e+04,1.59e+04,1.57e+04,1.54e+04; 1.69e+04,1.69e+04,1.68e+04,1.64e+04; 1.78e+04,1.78e+04,1.78e+04,1.77e+04; 1.90e+04,1.90e+04,1.88e+04,1.86e+04; 2.01e+04,2.00e+04,1.99e+04,1.96e+04; 2.10e+04,2.10e+04,2.09e+04,2.08e+04; 2.21e+04,2.21e+04,2.20e+04,2.17e+04; 2.32e+04,2.32e+04,2.30e+04,2.28e+04; 2.41e+04,2.41e+04,2.41e+04,2.40e+04; 2.52e+04,2.52e+04,2.51e+04,2.50e+04; 2.62e+04,2.62e+04,2.62e+04,2.61e+04; 2.72e+04,2.72e+04,2.72e+04,2.72e+04; 2.83e+04,2.83e+04,2.83e+04,2.82e+04; 2.93e+04,2.93e+04,2.93e+04,2.93e+04; 3.04e+04,3.04e+04,3.04e+04,3.03e+04; 3.14e+04,3.14e+04,3.14e+04,3.14e+04; 3.25e+04,3.25e+04,3.25e+04,3.24e+04; 3.35e+04,3.35e+04,3.35e+04,3.35e+04; 3.46e+04,3.45e+04,3.45e+04,3.45e+04; 3.56e+04,3.56e+04,3.56e+04,3.56e+04; 3.67e+04,3.66e+04,3.66e+04,3.66e+04; 3.77e+04,3.77e+04,3.77e+04,3.77e+04; 3.87e+04,3.87e+04,3.87e+04,3.87e+04; 3.98e+04,3.98e+04,3.98e+04,3.97e+04; 4.09e+04,4.08e+04,4.08e+04,4.08e+04; 4.19e+04,4.19e+04,4.19e+04,4.18e+04; 4.29e+04,4.29e+04,4.29e+04,4.29e+04; 4.40e+04,4.40e+04,4.40e+04,4.39e+04; 4.50e+04,4.50e+04,4.50e+04,4.50e+04; 4.61e+04,4.61e+04,4.61e+04,4.60e+04; 4.71e+04,4.71e+04,4.71e+04,4.71e+04; 4.82e+04,4.82e+04,4.82e+04,4.81e+04; 4.92e+04,4.92e+04,4.92e+04,4.92e+04; 5.03e+04,5.02e+04,5.02e+04,5.02e+04; 5.13e+04,5.13e+04,5.13e+04,5.13e+04; 5.23e+04,5.23e+04,5.23e+04,5.23e+04; 5.34e+04,5.34e+04,5.34e+04,5.34e+04; 5.44e+04,5.44e+04,5.44e+04,5.44e+04; 5.55e+04,5.55e+04,5.55e+04,5.55e+04; 5.65e+04,5.65e+04,5.65e+04,5.65e+04; 5.76e+04,5.76e+04,5.76e+04,5.76e+04; 5.86e+04,5.86e+04,5.86e+04,5.86e+04; 5.97e+04,5.97e+04,5.97e+04,5.97e+04; 6.07e+04,6.07e+04,6.07e+04,6.07e+04; 6.18e+04,6.18e+04,6.18e+04,6.17e+04; 6.28e+04,6.28e+04,6.28e+04,6.28e+04; 6.39e+04,6.39e+04,6.38e+04,6.38e+04; 6.49e+04,6.49e+04,6.49e+04,6.49e+04; 6.60e+04,6.59e+04,6.59e+04,6.59e+04; 6.70e+04,6.70e+04,6.70e+04,6.70e+04","23,0,23,0,23,23,23,23,23,0,23,0,23,0,0,23,23,0,21,0,17,0,23,17,17,23,23,21,17,0,23,17,21,21,17,17,0,17,17,17,23,23,0,0,23,23,23,17,21,21,23,23,23,23,17,23,23,23,23,21,21,23,0,0"
448,61.11,51.65,"16.01,23.93,28.45,31.59,34.61,37.12,39.08,40.36,41.59,43.01,44.19,44.98,46.06,46.59,47.71,48.41,49.23,49.89,50.57,51.84,51.97,52.66,52.91,53.43,54.20,54.91,54.11,55.92,55.71,55.45,57.82,56.27,58.75,58.69,58.35,59.44,60.47,59.01,58.75,62.03,61.85,62.12,61.19,63.41,63.12,63.77,67.10,68.73,69.83,70.12,71.19,73.27,77.12,77.36,81.42,81.92,84.68,83.72,88.72,89.25,92.57,94.35,95.57,100.96","5.76e+02,5.76e+02,5.75e+02,5.71e+02","15,4,15,4","4.24e+03; 4.31e+03,4.18e+03; 4.56e+03,4.42e+03,3.75e+03; 6.05e+03,5.95e+03,4.98e+03; 6.94e+03,6.86e+03,6.38e+03,1.04e+03; 7.83e+03,7.77e+03,7.58e+03,2.29e+03; 8.87e+03,8.81e+03,8.50e+03,3.53e+03; 9.42e+03,9.36e+03,9.05e+03,6.13e+03; 1.07e+04,1.07e+04,1.03e+04,6.57e+03; 1.17e+04,1.16e+04,1.12e+04,8.00e+03; 1.24e+04,1.24e+04,1.20e+04,9.92e+03; 1.33e+04,1.33e+04,1.31e+04,1.13e+04; 1.45e+04,1.44e+04,1.43e+04,1.20e+04; 1.54e+04,1.54e+04,1.51e+04,1.35e+04; 1.64e+04,1.63e+04,1.61e+04,1.48e+04; 1.74e+04,1.74e+04,1.71e+04,1.60e+04; 1.85e+04,1.84e+04,1.82e+04,1.71e+04; 1.94e+04,1.94e+04,1.92e+04,1.85e+04; 2.04e+04,2.04e+04,2.03e+04,1.96e+04; 2.14e+04,2.14e+04,2.13e+04,2.07e+04; 2.26e+04,2.26e+04,2.24e+04,2.14e+04; 2.35e+04,2.35e+04,2.34e+04,2.29e+04; 2.46e+04,2.46e+04,2.45e+04,2.40e+04; 2.56e+04,2.56e+04,2.55e+04,2.51e+04; 2.67e+04,2.67e+04,2.66e+04,2.62e+04; 2.77e+04,2.77e+04,2.76e+04,2.73e+04; 2.87e+04,2.87e+04,2.87e+04,2.85e+04; 2.98e+04,2.98e+04,2.97e+04,2.95e+04; 3.09e+04,3.09e+04,3.08e+04,3.06e+04; 3.19e+04,3.19e+04,3.19e+04,3.16e+04; 3.30e+04,3.30e+04,3.29e+04,3.27e+04; 3.40e+04,3.40e+04,3.40e+04,3.38e+04; 3.51e+04,3.51e+04,3.50e+04,3.49e+04; 3.61e+04,3.61e+04,3.61e+04,3.60e+04; 3.72e+04,3.72e+04,3.72e+04,3.70e+04; 3.83e+04,3.82e+04,3.82e+04,3.81e+04; 3.93e+04,3.93e+04,3.93e+04,3.91e+04; 4.04e+04,4.04e+04,4.03e+04,4.02e+04; 4.14e+04,4.14e+04,4.14e+04,4.13e+04; 4.25e+04,4.25e+04,4.24e+04,4.23e+04; 4.36e+04,4.36e+04,4.35e+04,4.34e+04; 4.46e+04,4.46e+04,4.46e+04,4.45e+04; 4.57e+04,4.57e+04,4.56e+04,4.55e+04; 4.67e+04,4.67e+04,4.67e+04,4.66e+04; 4.78e+04,4.78e+04,4.77e+04,4.77e+04; 4.89e+04,4.88e+04,4.88e+04,4.87e+04; 4.99e+04,4.99e+04,4.99e+04,4.98e+04; 5.10e+04,5.10e+04,5.09e+04,5.09e+04; 5.20e+04,5.20e+04,5.20e+04,5.19e+04; 5.31e+04,5.31e+04,5.31e+04,5.30e+04; 5.42e+04,5.41e+04,5.41e+04,5.41e+04; 5.52e+04,5.52e+04,5.52e+04,5.51e+04; 5.63e+04,5.63e+04,5.62e+04,5.62e+04; 5.73e+04,5.73e+04,5.73e+04,5.73e+04; 5.84e+04,5.84e+04,5.83e+04,5.83e+04; 5.95e+04,5.94e+04,5.94e+04,5.94e+04; 6.05e+04,6.05e+04,6.05e+04,6.04e+04; 6.16e+04,6.16e+04,6.15e+04,6.15e+04; 6.26e+04,6.26e+04,6.26e+04,6.26e+04; 6.37e+04,6.37e+04,6.36e+04,6.36e+04; 6.48e+04,6.48e+04,6.47e+04,6.47e+04; 6.58e+04,6.58e+04,6.58e+04,6.58e+04; 6.69e+04,6.69e+04,6.68e+04,6.68e+04; 6.79e+04,6.79e+04,6.79e+04,6.79e+04","8,8,22,8,8,8,8,8,8,8,8,22,8,24,8,8,22,8,8,8,63,63,8,8,24,24,22,22,24,24,8,24,22,22,24,8,63,8,24,63,63,8,24,24,8,8,22,24,22,8,22,8,22,63,8,24,63,8,8,22,22,63,24,8"
449,54.14,44.02,"17.61,23.22,26.94,29.51,31.38,32.96,33.52,34.46,35.09,35.58,36.91,38.19,39.53,41.21,41.72,42.65,43.37,44.10,44.72,44.81,45.50,45.71,47.22,47.73,46.96,46.12,47.57,46.54,49.60,50.06,50.03,51.35,53.77,54.07,55.53,54.85,58.50,59.57,61.63,66.29,66.19,65.67,68.49,71.30,72.89,75.19,74.30,77.02,79.50,79.41,83.81,86.97,90.38,89.43,90.27,94.17,96.46,98.09,100.76,104.69,105.66,108.25,109.84,114.52","6.02e+02,6.02e+02,5.97e+02,5.85e+02","11,0,11,0","4.49e+03; 4.61e+03,4.38e+03; 6.78e+03,6.71e+03; 9.00e+03,8.97e+03; 1.07e+04,1.07e+04,1.11e+03; 1.20e+04,1.20e+04,2.75e+03,2.87e+02; 1.16e+04,1.16e+04,5.56e+03,2.67e+03; 1.20e+04,1.20e+04,8.19e+03,3.73e+03; 1.28e+04,1.28e+04,8.49e+03,6.34e+03; 1.40e+04,1.40e+04,1.04e+04,6.57e+03; 1.55e+04,1.55e+04,1.02e+04,8.26e+03; 1.65e+04,1.65e+04,1.24e+04,8.50e+03; 1.73e+04,1.73e+04,1.52e+04,8.49e+03; 1.80e+04,1.80e+04,1.64e+04,1.05e+04; 1.89e+04,1.89e+04,1.74e+04,1.23e+04; 1.97e+04,1.97e+04,1.87e+04,1.38e+04; 2.09e+04,2.09e+04,1.99e+04,1.47e+04; 2.19e+04,2.19e+04,2.09e+04,1.63e+04; 2.25e+04,2.25e+04,2.17e+04,1.87e+04; 2.42e+04,2.42e+04,2.32e+04,1.83e+04; 2.48e+04,2.47e+04,2.40e+04,2.09e+04; 2.62e+04,2.62e+04,2.53e+04,2.11e+04; 2.73e+04,2.73e+04,2.64e+04,2.24e+04; 2.82e+04,2.82e+04,2.74e+04,2.40e+04; 2.93e+04,2.92e+04,2.84e+04,2.54e+04; 3.05e+04,3.05e+04,2.97e+04,2.62e+04; 3.13e+04,3.12e+04,3.02e+04,2.87e+04; 3.29e+04,3.29e+04,3.17e+04,2.83e+04; 3.37e+04,3.37e+04,3.31e+04,2.99e+04; 3.48e+04,3.48e+04,3.42e+04,3.10e+04; 3.61e+04,3.61e+04,3.54e+04,3.18e+04; 3.68e+04,3.68e+04,3.62e+04,3.41e+04; 3.82e+04,3.82e+04,3.76e+04,3.43e+04; 3.93e+04,3.93e+04,3.86e+04,3.57e+04; 4.06e+04,4.06e+04,4.00e+04,3.61e+04; 4.16e+04,4.16e+04,4.08e+04,3.78e+04; 4.27e+04,4.27e+04,4.21e+04,3.89e+04; 4.37e+04,4.37e+04,4.33e+04,4.01e+04; 4.49e+04,4.49e+04,4.46e+04,4.09e+04; 4.56e+04,4.56e+04,4.54e+04,4.32e+04; 4.66e+04,4.66e+04,4.64e+04,4.47e+04; 4.75e+04,4.75e+04,4.71e+04,4.67e+04; 4.87e+04,4.87e+04,4.84e+04,4.75e+04; 5.03e+04,5.03e+04,5.00e+04,4.72e+04; 5.12e+04,5.12e+04,5.09e+04,4.90e+04; 5.25e+04,5.25e+04,5.22e+04,4.96e+04; 5.34e+04,5.34e+04,5.32e+04,5.13e+04; 5.46e+04,5.46e+04,5.44e+04,5.21e+04; 5.59e+04,5.59e+04,5.56e+04,5.29e+04; 5.66e+04,5.66e+04,5.64e+04,5.50e+04; 5.80e+04,5.80e+04,5.77e+04,5.55e+04; 5.92e+04,5.92e+04,5.89e+04,5.64e+04; 6.02e+04,6.02e+04,5.99e+04,5.80e+04; 6.15e+04,6.15e+04,6.13e+04,5.85e+04; 6.22e+04,6.22e+04,6.20e+04,6.08e+04; 6.34e+04,6.34e+04,6.33e+04,6.16e+04; 6.47e+04,6.47e+04,6.45e+04,6.22e+04; 6.56e+04,6.55e+04,6.54e+04,6.42e+04; 6.66e+04,6.66e+04,6.64e+04,6.56e+04; 6.81e+04,6.81e+04,6.79e+04,6.56e+04; 6.92e+04,6.92e+04,6.90e+04,6.68e+04; 7.04e+04,7.03e+04,7.02e+04,6.78e+04; 7.14e+04,7.14e+04,7.13e+04,6.90e+04; 7.25e+04,7.25e+04,7.24e+04,7.03e+04","23,23,23,23,23,23,23,55,23,23,39,23,23,23,55,23,23,23,23,23,7,55,39,7,55,23,23,39,23,39,55,55,23,39,55,23,39,23,23,39,23,55,23,55,7,7,23,7,39,23,39,23,7,23,39,39,39,39,23,23,23,23,39,23"
450,54.33,44.22,"16.33,21.08,24.42,26.71,28.52,30.58,32.25,33.69,34.87,35.71,37.08,38.50,39.44,40.31,41.03,41.75,42.28,42.77,43.04,44.19,44.57,45.81,46.18,46.58,46.93,47.65,47.80,47.96,48.18,49.33,49.49,50.86,52.50,52.00,53.25,53.02,53.24,51.50,54.25,52.20,54.10,55.18,58.06,56.21,59.99,59.76,61.14,62.47,62.93,64.06,66.04,66.76,70.64,72.70,72.68,73.61,76.87,77.77,79.60,83.44,87.62,88.65,91.06,91.12","6.63e+02,6.62e+02,6.60e+02,6.45e+02","11,0,11,0","4.66e+03; 4.88e+03,4.45e+03; 7.08e+03,6.91e+03; 9.37e+03,9.28e+03; 8.80e+03,8.71e+03,5.81e+03; 9.48e+03,9.43e+03,7.05e+03,2.01e+03; 1.00e+04,1.00e+04,7.59e+03,5.00e+03; 1.07e+04,1.06e+04,8.50e+03,7.50e+03; 1.19e+04,1.19e+04,9.81e+03,8.40e+03; 1.29e+04,1.28e+04,1.07e+04,1.02e+04; 1.35e+04,1.35e+04,1.23e+04,1.20e+04; 1.51e+04,1.51e+04,1.36e+04,1.21e+04; 1.63e+04,1.63e+04,1.49e+04,1.31e+04; 1.73e+04,1.73e+04,1.60e+04,1.47e+04; 1.85e+04,1.84e+04,1.71e+04,1.59e+04; 1.96e+04,1.96e+04,1.83e+04,1.71e+04; 2.08e+04,2.08e+04,1.94e+04,1.83e+04; 2.20e+04,2.20e+04,2.04e+04,1.94e+04; 2.30e+04,2.30e+04,2.17e+04,2.09e+04; 2.42e+04,2.42e+04,2.33e+04,2.16e+04; 2.66e+04,2.66e+04,2.60e+04,1.88e+04; 2.64e+04,2.64e+04,2.56e+04,2.42e+04; 2.75e+04,2.75e+04,2.67e+04,2.55e+04; 2.86e+04,2.86e+04,2.79e+04,2.68e+04; 2.98e+04,2.98e+04,2.91e+04,2.79e+04; 3.09e+04,3.09e+04,3.03e+04,2.90e+04; 3.21e+04,3.21e+04,3.15e+04,3.02e+04; 3.33e+04,3.33e+04,3.27e+04,3.13e+04; 3.44e+04,3.44e+04,3.39e+04,3.25e+04; 3.55e+04,3.55e+04,3.50e+04,3.38e+04; 3.67e+04,3.66e+04,3.61e+04,3.51e+04; 3.78e+04,3.78e+04,3.73e+04,3.62e+04; 3.90e+04,3.90e+04,3.85e+04,3.74e+04; 4.01e+04,4.01e+04,3.97e+04,3.85e+04; 4.13e+04,4.13e+04,4.09e+04,3.97e+04; 4.25e+04,4.25e+04,4.21e+04,4.07e+04; 4.51e+04,4.51e+04,4.48e+04,3.75e+04; 4.48e+04,4.48e+04,4.45e+04,4.30e+04; 4.59e+04,4.59e+04,4.56e+04,4.44e+04; 4.71e+04,4.71e+04,4.67e+04,4.56e+04; 4.82e+04,4.82e+04,4.79e+04,4.67e+04; 4.94e+04,4.94e+04,4.91e+04,4.79e+04; 5.05e+04,5.05e+04,5.03e+04,4.91e+04; 5.17e+04,5.17e+04,5.15e+04,5.02e+04; 5.29e+04,5.29e+04,5.27e+04,5.13e+04; 5.41e+04,5.41e+04,5.38e+04,5.25e+04; 5.52e+04,5.52e+04,5.49e+04,5.38e+04; 5.64e+04,5.64e+04,5.61e+04,5.50e+04; 5.75e+04,5.75e+04,5.73e+04,5.61e+04; 5.87e+04,5.87e+04,5.85e+04,5.72e+04; 5.97e+04,5.97e+04,5.95e+04,5.88e+04; 6.10e+04,6.10e+04,6.08e+04,5.97e+04; 6.24e+04,6.24e+04,6.22e+04,6.02e+04; 6.33e+04,6.33e+04,6.31e+04,6.20e+04; 6.45e+04,6.45e+04,6.43e+04,6.32e+04; 6.56e+04,6.56e+04,6.54e+04,6.44e+04; 6.68e+04,6.68e+04,6.66e+04,6.56e+04; 6.80e+04,6.80e+04,6.78e+04,6.67e+04; 6.91e+04,6.91e+04,6.89e+04,6.79e+04; 7.03e+04,7.03e+04,7.01e+04,6.90e+04; 7.19e+04,7.19e+04,7.18e+04,6.87e+04; 7.26e+04,7.26e+04,7.24e+04,7.14e+04; 7.38e+04,7.38e+04,7.36e+04,7.26e+04; 7.49e+04,7.49e+04,7.48e+04,7.37e+04","14,16,14,14,0,16,16,16,14,0,16,14,0,14,16,16,14,10,16,14,14,0,0,10,16,16,14,14,0,14,0,14,14,16,10,14,14,10,0,14,14,16,14,10,0,10,10,10,0,16,0,14,14,16,14,16,10,0,14,14,14,0,14,16"
451,53.79,41.62,"17.71,20.90,24.49,27.44,29.99,31.86,33.07,34.01,34.33,35.10,35.91,37.12,37.68,38.38,39.00,39.71,40.25,40.47,41.87,42.41,43.07,43.99,44.76,44.96,44.71,44.67,47.64,46.57,46.23,47.77,48.86,47.86,51.55,52.34,54.51,52.64,57.16,55.63,60.50,59.74,61.16,64.94,65.35,69.44,69.39,74.45,79.39,77.80,84.24,83.84,87.54,93.83,96.31,101.30,102.29,105.74,109.57,111.08,111.61,118.74,122.41,127.30,129.30,136.52","5.22e+02,5.20e+02,5.18e+02,5.15e+02","15,15,7,15","3.90e+03; 4.56e+03,3.24e+03; 6.01e+03,5.69e+03; 6.42e+03,6.29e+03,2.89e+03; 7.15e+03,7.09e+03,5.27e+03; 8.38e+03,8.34e+03,6.61e+03,7.92e+01; 8.88e+03,8.86e+03,6.32e+03,3.25e+03; 9.13e+03,9.12e+03,7.89e+03,5.06e+03; 9.25e+03,9.24e+03,8.61e+03,8.00e+03; 1.09e+04,1.09e+04,9.23e+03,7.96e+03; 1.32e+04,1.32e+04,1.03e+04,6.17e+03; 1.52e+04,1.52e+04,9.77e+03,6.71e+03; 1.63e+04,1.62e+04,1.18e+04,6.42e+03; 1.60e+04,1.60e+04,1.26e+04,1.01e+04; 1.73e+04,1.73e+04,1.38e+04,1.02e+04; 1.79e+04,1.79e+04,1.48e+04,1.18e+04; 1.88e+04,1.88e+04,1.57e+04,1.30e+04; 1.96e+04,1.95e+04,1.66e+04,1.45e+04; 2.02e+04,2.02e+04,1.70e+04,1.67e+04; 2.10e+04,2.10e+04,1.83e+04,1.77e+04; 2.26e+04,2.26e+04,2.04e+04,1.63e+04; 2.26e+04,2.26e+04,2.08e+04,1.98e+04; 2.36e+04,2.36e+04,2.17e+04,2.09e+04; 2.45e+04,2.45e+04,2.27e+04,2.20e+04; 2.55e+04,2.55e+04,2.37e+04,2.29e+04; 2.65e+04,2.65e+04,2.43e+04,2.41e+04; 2.73e+04,2.73e+04,2.59e+04,2.49e+04; 2.83e+04,2.83e+04,2.70e+04,2.57e+04; 2.96e+04,2.96e+04,2.86e+04,2.53e+04; 3.02e+04,3.02e+04,2.93e+04,2.74e+04; 3.11e+04,3.11e+04,3.01e+04,2.87e+04; 3.20e+04,3.20e+04,3.11e+04,2.96e+04; 3.28e+04,3.28e+04,3.20e+04,3.12e+04; 3.37e+04,3.37e+04,3.30e+04,3.21e+04; 3.48e+04,3.48e+04,3.41e+04,3.29e+04; 3.58e+04,3.57e+04,3.52e+04,3.37e+04; 3.70e+04,3.70e+04,3.65e+04,3.39e+04; 3.81e+04,3.81e+04,3.76e+04,3.45e+04; 3.86e+04,3.86e+04,3.82e+04,3.67e+04; 3.96e+04,3.96e+04,3.91e+04,3.78e+04; 4.06e+04,4.05e+04,4.01e+04,3.87e+04; 4.15e+04,4.15e+04,4.11e+04,3.98e+04; 4.24e+04,4.24e+04,4.21e+04,4.08e+04; 4.34e+04,4.34e+04,4.31e+04,4.17e+04; 4.49e+04,4.49e+04,4.46e+04,4.12e+04; 4.54e+04,4.54e+04,4.51e+04,4.35e+04; 4.63e+04,4.63e+04,4.61e+04,4.46e+04; 4.73e+04,4.73e+04,4.70e+04,4.57e+04; 4.81e+04,4.81e+04,4.79e+04,4.70e+04; 4.92e+04,4.92e+04,4.90e+04,4.76e+04; 5.01e+04,5.01e+04,4.98e+04,4.90e+04; 5.14e+04,5.14e+04,5.11e+04,4.90e+04; 5.25e+04,5.25e+04,5.23e+04,4.94e+04; 5.33e+04,5.33e+04,5.31e+04,5.09e+04; 5.41e+04,5.41e+04,5.39e+04,5.25e+04; 5.50e+04,5.50e+04,5.48e+04,5.36e+04; 5.60e+04,5.60e+04,5.58e+04,5.45e+04; 5.70e+04,5.70e+04,5.68e+04,5.55e+04; 5.80e+04,5.80e+04,5.78e+04,5.64e+04; 5.89e+04,5.89e+04,5.88e+04,5.74e+04; 6.01e+04,6.01e+04,5.99e+04,5.78e+04; 6.13e+04,6.13e+04,6.12e+04,5.81e+04; 6.19e+04,6.19e+04,6.17e+04,6.03e+04; 6.28e+04,6.28e+04,6.26e+04,6.14e+04","7,7,7,7,7,7,7,22,8,8,6,8,6,22,7,8,6,8,7,7,8,8,22,8,6,6,22,8,6,6,7,7,7,7,7,6,7,22,6,8,22,7,8,22,8,7,22,7,7,8,7,8,8,22,7,7,7,7,22,22,8,6,8,7"
452,53.21,41.62,"16.46,21.63,24.96,27.39,29.23,29.91,31.55,34.30,35.63,36.79,37.64,38.91,39.73,40.74,41.29,42.27,43.20,43.57,44.18,44.86,45.05,46.47,45.94,46.47,46.63,48.17,47.97,48.86,48.57,49.14,49.79,49.98,51.58,50.59,50.91,51.73,51.93,54.59,53.73,55.10,57.15,60.48,59.98,63.40,63.83,64.51,70.90,69.22,72.31,71.30,73.92,76.76,79.28,82.64,83.57,85.32,88.30,89.16,94.16,98.79,99.30,104.95,105.64,105.46","4.48e+02,4.47e+02,4.43e+02,4.40e+02","12,12,7,12","3.33e+03; 3.47e+03,3.20e+03; 4.81e+03,4.70e+03,4.91e+02; 5.13e+03,5.04e+03,3.15e+03; 6.20e+03,6.11e+03,4.36e+03; 6.95e+03,6.86e+03,6.00e+03,1.94e+02; 6.80e+03,6.72e+03,5.39e+03,4.43e+03; 7.29e+03,7.25e+03,6.33e+03,5.79e+03; 8.04e+03,8.00e+03,7.28e+03,6.68e+03; 8.79e+03,8.76e+03,8.14e+03,7.64e+03; 9.70e+03,9.66e+03,8.99e+03,8.31e+03; 1.07e+04,1.06e+04,9.42e+03,9.30e+03; 1.15e+04,1.15e+04,1.09e+04,9.42e+03; 1.21e+04,1.21e+04,1.15e+04,1.09e+04; 1.29e+04,1.29e+04,1.23e+04,1.19e+04; 1.38e+04,1.37e+04,1.31e+04,1.27e+04; 1.46e+04,1.45e+04,1.40e+04,1.35e+04; 1.54e+04,1.54e+04,1.49e+04,1.44e+04; 1.62e+04,1.62e+04,1.57e+04,1.52e+04; 1.71e+04,1.71e+04,1.65e+04,1.59e+04; 1.80e+04,1.79e+04,1.75e+04,1.66e+04; 1.87e+04,1.87e+04,1.83e+04,1.77e+04; 1.95e+04,1.95e+04,1.91e+04,1.86e+04; 2.03e+04,2.03e+04,1.99e+04,1.94e+04; 2.12e+04,2.12e+04,2.07e+04,2.03e+04; 2.20e+04,2.20e+04,2.16e+04,2.11e+04; 2.28e+04,2.28e+04,2.25e+04,2.19e+04; 2.37e+04,2.37e+04,2.33e+04,2.27e+04; 2.45e+04,2.45e+04,2.42e+04,2.33e+04; 2.53e+04,2.53e+04,2.50e+04,2.45e+04; 2.61e+04,2.61e+04,2.58e+04,2.53e+04; 2.69e+04,2.69e+04,2.66e+04,2.62e+04; 2.78e+04,2.78e+04,2.75e+04,2.70e+04; 2.86e+04,2.86e+04,2.83e+04,2.78e+04; 2.94e+04,2.94e+04,2.91e+04,2.87e+04; 3.03e+04,3.03e+04,3.00e+04,2.95e+04; 3.12e+04,3.12e+04,3.10e+04,3.00e+04; 3.20e+04,3.20e+04,3.17e+04,3.10e+04; 3.27e+04,3.27e+04,3.25e+04,3.20e+04; 3.36e+04,3.36e+04,3.33e+04,3.28e+04; 3.44e+04,3.44e+04,3.42e+04,3.37e+04; 3.52e+04,3.52e+04,3.50e+04,3.45e+04; 3.61e+04,3.61e+04,3.58e+04,3.53e+04; 3.70e+04,3.70e+04,3.67e+04,3.60e+04; 3.77e+04,3.77e+04,3.75e+04,3.70e+04; 3.85e+04,3.85e+04,3.83e+04,3.79e+04; 3.94e+04,3.94e+04,3.92e+04,3.88e+04; 4.02e+04,4.02e+04,4.00e+04,3.96e+04; 4.10e+04,4.10e+04,4.08e+04,4.04e+04; 4.18e+04,4.18e+04,4.17e+04,4.13e+04; 4.27e+04,4.27e+04,4.25e+04,4.21e+04; 4.35e+04,4.35e+04,4.33e+04,4.29e+04; 4.44e+04,4.44e+04,4.42e+04,4.37e+04; 4.52e+04,4.52e+04,4.50e+04,4.46e+04; 4.60e+04,4.60e+04,4.58e+04,4.55e+04; 4.68e+04,4.68e+04,4.67e+04,4.63e+04; 4.77e+04,4.77e+04,4.75e+04,4.72e+04; 4.85e+04,4.85e+04,4.83e+04,4.80e+04; 4.94e+04,4.94e+04,4.93e+04,4.85e+04; 5.02e+04,5.02e+04,5.00e+04,4.97e+04; 5.10e+04,5.10e+04,5.08e+04,5.04e+04; 5.18e+04,5.18e+04,5.17e+04,5.13e+04; 5.27e+04,5.26e+04,5.25e+04,5.22e+04; 5.35e+04,5.35e+04,5.33e+04,5.30e+04","7,7,7,7,7,22,0,7,7,7,0,7,7,0,0,7,6,6,22,7,7,22,0,22,22,7,22,22,22,0,6,7,6,7,7,6,22,6,7,7,0,6,7,7,0,7,22,6,0,0,6,7,0,6,0,0,0,7,7,6,0,0,6,22"
453,45.62,36.67,"15.71,17.89,19.30,21.00,22.66,24.08,25.19,26.34,27.09,28.06,29.05,30.08,30.84,31.76,32.35,33.21,33.77,34.40,34.86,35.45,36.18,36.66,37.28,37.93,38.21,38.78,39.53,40.12,40.31,40.79,41.79,41.92,42.06,42.32,43.95,43.58,43.83,44.20,44.88,44.32,44.61,46.25,46.01,45.87,47.79,46.38,45.85,46.97,48.11,49.94,46.15,48.46,47.07,49.60,48.55,49.11,48.70,50.92,52.80,53.00,53.88,54.29,55.83,56.51","3.00e+02,2.99e+02,2.97e+02,2.88e+02","12,7,12,5","1.99e+03; 3.98e+03; 4.73e+03,1.25e+03; 4.70e+03,3.26e+03; 5.36e+03,4.59e+03; 6.21e+03,5.74e+03; 7.12e+03,6.82e+03; 8.07e+03,7.86e+03; 8.22e+03,8.05e+03,1.65e+03; 7.76e+03,7.61e+03,4.55e+03; 8.25e+03,8.10e+03,5.55e+03; 8.56e+03,8.41e+03,6.93e+03; 9.08e+03,8.94e+03,7.87e+03; 9.67e+03,9.53e+03,8.68e+03; 1.03e+04,1.02e+04,9.39e+03; 1.09e+04,1.08e+04,1.01e+04; 1.15e+04,1.15e+04,1.09e+04; 1.22e+04,1.21e+04,1.15e+04; 1.28e+04,1.27e+04,1.23e+04; 1.35e+04,1.34e+04,1.30e+04; 1.28e+04,1.27e+04,1.23e+04,4.04e+03; 1.27e+04,1.26e+04,1.23e+04,6.32e+03; 1.28e+04,1.27e+04,1.24e+04,7.87e+03; 1.34e+04,1.33e+04,1.30e+04,8.06e+03; 1.40e+04,1.39e+04,1.37e+04,8.21e+03; 1.45e+04,1.44e+04,1.42e+04,8.72e+03; 1.54e+04,1.54e+04,1.52e+04,7.75e+03; 1.57e+04,1.56e+04,1.54e+04,9.06e+03; 1.58e+04,1.58e+04,1.56e+04,1.06e+04; 1.63e+04,1.63e+04,1.61e+04,1.10e+04; 1.64e+04,1.63e+04,1.62e+04,1.28e+04; 1.74e+04,1.73e+04,1.72e+04,1.18e+04; 1.79e+04,1.79e+04,1.78e+04,1.21e+04; 1.84e+04,1.83e+04,1.83e+04,1.27e+04; 1.91e+04,1.90e+04,1.90e+04,1.26e+04; 1.91e+04,1.90e+04,1.90e+04,1.46e+04; 2.00e+04,1.99e+04,1.98e+04,1.40e+04; 1.96e+04,1.96e+04,1.95e+04,1.70e+04; 2.06e+04,2.05e+04,2.05e+04,1.61e+04; 2.10e+04,2.10e+04,2.09e+04,1.68e+04; 2.15e+04,2.14e+04,2.14e+04,1.74e+04; 2.20e+04,2.19e+04,2.19e+04,1.79e+04; 2.25e+04,2.25e+04,2.24e+04,1.82e+04; 2.33e+04,2.32e+04,2.32e+04,1.80e+04; 2.35e+04,2.35e+04,2.35e+04,1.91e+04; 2.39e+04,2.39e+04,2.38e+04,1.99e+04; 2.44e+04,2.44e+04,2.44e+04,2.04e+04; 2.48e+04,2.48e+04,2.47e+04,2.13e+04; 2.54e+04,2.53e+04,2.53e+04,2.16e+04; 2.59e+04,2.58e+04,2.58e+04,2.21e+04; 2.63e+04,2.63e+04,2.63e+04,2.26e+04; 2.62e+04,2.62e+04,2.61e+04,2.51e+04; 2.78e+04,2.78e+04,2.78e+04,2.21e+04; 2.80e+04,2.80e+04,2.79e+04,2.37e+04; 2.83e+04,2.82e+04,2.82e+04,2.48e+04; 2.89e+04,2.88e+04,2.88e+04,2.51e+04; 2.93e+04,2.93e+04,2.93e+04,2.56e+04; 2.98e+04,2.98e+04,2.98e+04,2.61e+04; 3.03e+04,3.03e+04,3.03e+04,2.66e+04; 3.10e+04,3.10e+04,3.09e+04,2.66e+04; 3.20e+04,3.20e+04,3.20e+04,2.55e+04; 3.19e+04,3.18e+04,3.18e+04,2.80e+04; 3.22e+04,3.22e+04,3.22e+04,2.90e+04; 3.28e+04,3.28e+04,3.28e+04,2.91e+04","14,14,14,14,14,14,14,14,14,14,14,14,14,14,14,14,14,12,14,14,0,0,62,14,0,14,14,14,62,14,14,14,14,14,62,62,12,0,0,0,0,12,0,0,62,62,14,0,12,12,14,12,14,62,62,14,62,14,14,14,14,0,14,62"
454,40.17,34.29,"17.34,19.44,21.58,23.76,25.52,26.93,27.89,28.73,29.61,31.58,32.07,32.85,34.05,34.51,35.38,35.77,36.45,37.42,37.26,38.07,38.09,38.16,39.15,39.34,39.32,39.96,40.63,39.75,41.31,40.46,41.94,41.67,41.97,43.05,45.16,44.43,44.22,48.19,48.24,46.86,48.00,49.90,50.24,53.68,54.15,56.98,58.43,57.78,56.92,65.34,63.85,67.56,71.23,73.01,70.80,74.24,82.39,82.18,82.70,86.09,92.25,89.36,91.85,96.82","6.09e+02,6.05e+02,6.04e+02,4.01e+02","8,0,8,8","3.10e+03; 6.20e+03; 5.54e+03,3.76e+03; 6.60e+03,5.80e+03; 7.99e+03,7.51e+03; 9.46e+03,9.14e+03; 1.10e+04,1.07e+04; 1.00e+04,9.81e+03,4.95e+03; 9.93e+03,9.77e+03,5.72e+03,2.49e+03; 1.11e+04,1.10e+04,8.86e+03; 1.22e+04,1.21e+04,9.85e+03; 1.29e+04,1.28e+04,1.15e+04; 1.38e+04,1.37e+04,1.28e+04; 1.38e+04,1.37e+04,1.30e+04,2.98e+03; 1.58e+04,1.57e+04,1.50e+04,1.70e+01; 1.68e+04,1.67e+04,1.61e+04; 1.78e+04,1.77e+04,1.71e+04; 1.89e+04,1.88e+04,1.82e+04; 1.99e+04,1.98e+04,1.92e+04; 2.09e+04,2.08e+04,2.03e+04; 2.19e+04,2.18e+04,2.14e+04; 2.29e+04,2.28e+04,2.25e+04; 2.39e+04,2.38e+04,2.35e+04,1.71e+02; 2.47e+04,2.46e+04,2.43e+04,6.89e+02; 2.13e+04,2.12e+04,2.09e+04,1.41e+04; 2.63e+04,2.62e+04,2.60e+04,2.04e+03; 2.80e+04,2.79e+04,2.77e+04; 2.91e+04,2.90e+04,2.88e+04; 3.01e+04,3.00e+04,2.98e+04; 2.62e+04,2.61e+04,2.60e+04,1.47e+04; 2.53e+04,2.53e+04,2.51e+04,2.04e+04; 2.74e+04,2.73e+04,2.72e+04,1.73e+04; 2.73e+04,2.73e+04,2.71e+04,2.06e+04; 2.75e+04,2.74e+04,2.73e+04,2.32e+04; 3.19e+04,3.18e+04,3.17e+04,1.32e+04; 3.73e+04,3.72e+04,3.71e+04; 3.00e+04,2.99e+04,2.98e+04,2.51e+04; 3.72e+04,3.72e+04,3.70e+04,6.37e+03; 3.10e+04,3.10e+04,3.08e+04,2.81e+04; 3.42e+04,3.42e+04,3.41e+04,2.15e+04; 3.55e+04,3.54e+04,3.53e+04,2.09e+04; 3.57e+04,3.57e+04,3.56e+04,2.32e+04; 3.57e+04,3.57e+04,3.56e+04,2.64e+04; 3.55e+04,3.55e+04,3.54e+04,3.00e+04; 3.61e+04,3.61e+04,3.60e+04,3.13e+04; 3.91e+04,3.91e+04,3.90e+04,2.54e+04; 3.80e+04,3.79e+04,3.78e+04,3.20e+04; 4.07e+04,4.07e+04,4.06e+04,2.68e+04; 4.04e+04,4.03e+04,4.03e+04,3.09e+04; 4.30e+04,4.30e+04,4.29e+04,2.60e+04; 4.35e+04,4.35e+04,4.34e+04,2.76e+04; 4.50e+04,4.49e+04,4.49e+04,2.64e+04; 4.76e+04,4.76e+04,4.75e+04,2.16e+04; 4.85e+04,4.84e+04,4.84e+04,2.21e+04; 4.35e+04,4.35e+04,4.34e+04,4.00e+04; 4.48e+04,4.48e+04,4.47e+04,3.93e+04; 4.92e+04,4.91e+04,4.91e+04,2.93e+04; 4.92e+04,4.92e+04,4.91e+04,3.23e+04; 4.84e+04,4.83e+04,4.83e+04,3.79e+04; 5.13e+04,5.13e+04,5.13e+04,3.21e+04; 5.34e+04,5.34e+04,5.33e+04,2.90e+04; 5.25e+04,5.25e+04,5.24e+04,3.48e+04; 4.95e+04,4.95e+04,4.94e+04,4.70e+04; 5.27e+04,5.27e+04,5.26e+04,4.04e+04","6,6,6,6,6,6,6,6,6,6,0,6,6,6,0,0,0,2,4,4,6,0,2,4,4,6,4,6,6,0,6,2,2,6,0,0,0,0,0,0,4,4,6,6,6,6,0,0,6,6,2,4,0,6,0,6,0,6,0,0,6,0,6,2"
455,38.65,33.44,"15.63,18.01,20.56,22.94,24.90,26.35,27.68,28.75,29.54,30.23,31.13,32.44,33.25,34.07,34.66,35.32,35.76,36.39,36.64,37.69,38.33,38.57,39.26,39.30,39.54,39.68,40.84,42.36,41.02,41.31,42.88,41.49,42.74,43.03,43.39,42.41,45.52,45.47,45.22,42.19,44.05,45.77,44.29,45.65,46.87,49.73,47.12,47.15,44.44,48.21,52.36,51.13,49.57,49.72,52.66,49.64,54.28,53.11,55.56,55.33,60.15,58.71,57.66,61.06","2.59e+02,2.58e+02,2.56e+02,1.38e+02","8,0,8,8","1.24e+03; 2.24e+03,2.37e+02; 2.14e+03,1.57e+03; 2.61e+03,2.35e+03; 3.17e+03,3.03e+03; 3.76e+03,3.67e+03; 4.36e+03,4.31e+03; 4.97e+03,4.94e+03; 5.47e+03,5.44e+03,2.38e+02; 5.64e+03,5.62e+03,1.13e+03; 5.47e+03,5.44e+03,2.72e+03; 5.38e+03,5.36e+03,4.13e+03; 5.69e+03,5.66e+03,4.76e+03; 6.05e+03,6.03e+03,5.27e+03; 6.45e+03,6.43e+03,5.70e+03; 6.81e+03,6.80e+03,6.21e+03; 6.79e+03,6.78e+03,6.17e+03,1.32e+03; 7.62e+03,7.61e+03,7.07e+03; 8.03e+03,8.02e+03,7.49e+03; 8.39e+03,8.38e+03,8.00e+03; 8.77e+03,8.76e+03,8.48e+03; 9.17e+03,9.16e+03,8.92e+03; 9.39e+03,9.37e+03,9.14e+03,5.90e+02; 1.00e+04,9.98e+03,9.75e+03; 1.04e+04,1.04e+04,1.02e+04; 1.08e+04,1.08e+04,1.06e+04; 1.12e+04,1.12e+04,1.10e+04; 1.16e+04,1.16e+04,1.15e+04; 1.20e+04,1.20e+04,1.19e+04; 1.24e+04,1.24e+04,1.23e+04; 1.15e+04,1.15e+04,1.13e+04,4.07e+03; 1.12e+04,1.12e+04,1.11e+04,6.09e+03; 1.29e+04,1.29e+04,1.28e+04,2.22e+03; 1.27e+04,1.26e+04,1.25e+04,4.29e+03; 1.18e+04,1.18e+04,1.17e+04,7.97e+03; 1.18e+04,1.18e+04,1.17e+04,9.36e+03; 1.53e+04,1.53e+04,1.52e+04; 1.57e+04,1.57e+04,1.56e+04; 1.61e+04,1.61e+04,1.61e+04; 1.40e+04,1.40e+04,1.39e+04,7.65e+03; 1.52e+04,1.51e+04,1.51e+04,5.41e+03; 1.60e+04,1.60e+04,1.59e+04,4.05e+03; 1.38e+04,1.38e+04,1.37e+04,1.20e+04; 1.66e+04,1.66e+04,1.65e+04,4.74e+03; 1.84e+04,1.84e+04,1.83e+04,7.15e+02; 1.74e+04,1.73e+04,1.73e+04,4.99e+03; 1.58e+04,1.58e+04,1.58e+04,1.07e+04; 1.91e+04,1.91e+04,1.90e+04,2.22e+03; 1.69e+04,1.69e+04,1.69e+04,1.00e+04; 1.82e+04,1.82e+04,1.81e+04,7.43e+03; 1.79e+04,1.79e+04,1.79e+04,9.53e+03; 1.76e+04,1.76e+04,1.76e+04,1.16e+04; 1.72e+04,1.72e+04,1.72e+04,1.41e+04; 1.77e+04,1.77e+04,1.76e+04,1.39e+04; 1.89e+04,1.89e+04,1.89e+04,1.15e+04; 1.93e+04,1.93e+04,1.93e+04,1.15e+04; 1.93e+04,1.92e+04,1.92e+04,1.29e+04; 1.91e+04,1.91e+04,1.91e+04,1.45e+04; 2.02e+04,2.02e+04,2.01e+04,1.26e+04; 2.12e+04,2.12e+04,2.12e+04,1.07e+04; 2.23e+04,2.23e+04,2.23e+04,8.66e+03; 2.19e+04,2.19e+04,2.19e+04,1.12e+04; 2.06e+04,2.06e+04,2.05e+04,1.64e+04; 2.14e+04,2.14e+04,2.14e+04,1.50e+04","7,7,7,7,7,7,7,7,7,7,7,7,7,7,55,7,7,5,31,7,7,7,5,55,7,55,5,7,5,31,31,55,7,31,31,5,7,31,55,7,5,31,31,55,31,5,7,31,55,7,55,7,5,5,55,55,7,7,55,7,5,7,7,7"
456,43.43,36.39,"14.76,18.71,22.03,24.26,25.90,27.33,29.02,30.43,31.46,32.37,33.55,34.64,35.68,36.82,37.92,39.01,39.52,40.19,40.74,41.48,42.09,42.67,43.30,44.05,44.56,45.00,45.08,45.54,45.89,46.63,47.41,47.68,48.27,48.50,48.51,49.13,49.44,50.25,50.15,50.93,51.41,51.08,50.99,51.89,52.02,51.95,52.09,52.38,53.52,53.39,52.65,53.41,54.38,54.19,55.99,55.50,56.46,54.74,54.44,54.37,54.09,56.95,55.13,55.87","1.49e+02,1.49e+02,1.48e+02,1.46e+02","12,10,12,4","7.36e+02; 8.25e+02,6.48e+02; 1.14e+03,1.07e+03; 1.49e+03,1.45e+03; 1.85e+03,1.83e+03; 1.84e+03,1.82e+03,7.54e+02; 1.94e+03,1.93e+03,1.29e+03; 2.09e+03,2.08e+03,1.71e+03; 2.06e+03,2.05e+03,1.65e+03,8.61e+02; 2.26e+03,2.25e+03,1.86e+03,9.93e+02; 2.36e+03,2.35e+03,2.04e+03,1.35e+03; 2.52e+03,2.51e+03,2.20e+03,1.61e+03; 2.73e+03,2.72e+03,2.46e+03,1.65e+03; 2.81e+03,2.81e+03,2.57e+03,2.12e+03; 2.97e+03,2.96e+03,2.77e+03,2.35e+03; 3.13e+03,3.13e+03,2.98e+03,2.55e+03; 3.32e+03,3.32e+03,3.16e+03,2.72e+03; 3.50e+03,3.50e+03,3.35e+03,2.91e+03; 3.69e+03,3.69e+03,3.56e+03,3.05e+03; 3.94e+03,3.93e+03,3.80e+03,3.05e+03; 4.04e+03,4.04e+03,3.92e+03,3.47e+03; 4.20e+03,4.20e+03,4.08e+03,3.72e+03; 4.38e+03,4.38e+03,4.28e+03,3.89e+03; 4.56e+03,4.56e+03,4.48e+03,4.07e+03; 4.75e+03,4.74e+03,4.67e+03,4.25e+03; 4.93e+03,4.93e+03,4.85e+03,4.43e+03; 5.11e+03,5.11e+03,5.04e+03,4.62e+03; 5.31e+03,5.30e+03,5.23e+03,4.77e+03; 5.51e+03,5.51e+03,5.45e+03,4.88e+03; 5.66e+03,5.66e+03,5.61e+03,5.16e+03; 5.84e+03,5.84e+03,5.79e+03,5.35e+03; 6.03e+03,6.02e+03,5.98e+03,5.53e+03; 6.21e+03,6.21e+03,6.17e+03,5.71e+03; 6.39e+03,6.39e+03,6.35e+03,5.90e+03; 6.58e+03,6.58e+03,6.54e+03,6.08e+03; 6.76e+03,6.76e+03,6.72e+03,6.26e+03; 7.08e+03,7.07e+03,7.04e+03,6.06e+03; 7.12e+03,7.12e+03,7.08e+03,6.67e+03; 7.30e+03,7.30e+03,7.27e+03,6.85e+03; 7.48e+03,7.48e+03,7.46e+03,7.03e+03; 7.67e+03,7.67e+03,7.64e+03,7.21e+03; 7.87e+03,7.87e+03,7.84e+03,7.34e+03; 8.04e+03,8.03e+03,8.01e+03,7.59e+03; 8.27e+03,8.26e+03,8.24e+03,7.63e+03; 8.41e+03,8.41e+03,8.38e+03,7.93e+03; 8.58e+03,8.58e+03,8.55e+03,8.16e+03; 8.76e+03,8.76e+03,8.74e+03,8.34e+03; 8.95e+03,8.95e+03,8.93e+03,8.52e+03; 9.13e+03,9.13e+03,9.11e+03,8.71e+03; 9.31e+03,9.31e+03,9.29e+03,8.90e+03; 9.50e+03,9.50e+03,9.48e+03,9.09e+03; 9.69e+03,9.69e+03,9.67e+03,9.25e+03; 9.89e+03,9.89e+03,9.87e+03,9.39e+03; 1.00e+04,1.00e+04,1.00e+04,9.66e+03; 1.02e+04,1.02e+04,1.02e+04,9.85e+03; 1.04e+04,1.04e+04,1.04e+04,1.00e+04; 1.06e+04,1.06e+04,1.06e+04,1.02e+04; 1.08e+04,1.08e+04,1.08e+04,1.04e+04; 1.10e+04,1.10e+04,1.09e+04,1.06e+04; 1.12e+04,1.12e+04,1.12e+04,1.06e+04; 1.14e+04,1.14e+04,1.13e+04,1.09e+04; 1.15e+04,1.15e+04,1.15e+04,1.11e+04; 1.17e+04,1.17e+04,1.17e+04,1.13e+04; 1.19e+04,1.19e+04,1.19e+04,1.15e+04","63,63,63,63,63,63,63,63,63,63,63,56,63,63,63,63,63,63,63,63,56,56,62,63,63,62,5,62,63,63,62,63,63,63,63,56,63,56,62,62,63,5,5,5,56,63,5,62,62,56,63,56,62,56,5,5,62,63,62,5,63,56,5,63"
457,34.14,28.82,"13.97,16.27,17.74,19.24,20.51,21.52,22.63,23.43,24.46,25.16,25.85,26.66,27.37,27.91,28.45,28.89,29.48,29.97,30.34,30.99,31.33,31.82,32.21,32.62,33.01,33.32,33.74,33.97,34.52,34.79,34.73,35.17,35.57,35.65,35.79,36.74,36.85,36.94,37.20,37.54,38.26,38.05,37.95,38.29,38.86,38.81,40.30,39.93,39.59,39.57,39.31,39.25,40.25,40.34,41.74,41.23,40.81,41.66,40.64,42.13,42.74,41.73,41.82,41.82","9.05e+01,8.93e+01,8.79e+01,6.46e+01","12,4,12,12","4.12e+02; 8.25e+02; 1.02e+03,2.21e+02; 1.05e+03,6.02e+02; 1.19e+03,8.70e+02; 1.11e+03,8.19e+02,5.43e+02; 1.22e+03,8.77e+02,7.94e+02; 1.34e+03,1.01e+03,9.53e+02; 1.44e+03,1.20e+03,1.07e+03; 1.58e+03,1.36e+03,1.19e+03; 1.70e+03,1.48e+03,1.35e+03; 1.83e+03,1.64e+03,1.48e+03; 1.96e+03,1.78e+03,1.62e+03; 2.10e+03,1.93e+03,1.75e+03; 2.23e+03,2.06e+03,1.91e+03; 2.36e+03,2.19e+03,2.05e+03; 2.49e+03,2.34e+03,2.18e+03; 2.62e+03,2.49e+03,2.32e+03; 2.76e+03,2.64e+03,2.44e+03; 2.89e+03,2.77e+03,2.60e+03; 3.03e+03,2.92e+03,2.72e+03; 3.15e+03,3.05e+03,2.86e+03,1.58e+01; 3.15e+03,3.05e+03,2.86e+03,4.35e+02; 3.49e+03,3.39e+03,3.02e+03; 3.63e+03,3.54e+03,3.15e+03; 3.56e+03,3.48e+03,3.26e+03,4.17e+02; 3.92e+03,3.84e+03,3.37e+03; 3.87e+03,3.79e+03,3.53e+03,3.60e+02; 4.11e+03,4.04e+03,3.69e+03,1.33e+02; 4.17e+03,4.10e+03,3.88e+03,2.25e+02; 4.04e+03,3.97e+03,3.49e+03,1.29e+03; 4.05e+03,3.98e+03,3.78e+03,1.39e+03; 4.77e+03,4.71e+03,4.14e+03; 4.49e+03,4.43e+03,4.12e+03,9.78e+02; 5.05e+03,5.00e+03,4.38e+03; 4.92e+03,4.87e+03,4.38e+03,6.74e+02; 5.03e+03,4.98e+03,4.52e+03,7.27e+02; 4.99e+03,4.95e+03,4.50e+03,1.23e+03; 4.76e+03,4.72e+03,4.47e+03,2.14e+03; 5.03e+03,4.98e+03,4.65e+03,1.84e+03; 5.45e+03,5.41e+03,4.93e+03,1.13e+03; 5.44e+03,5.40e+03,4.86e+03,1.62e+03; 5.17e+03,5.13e+03,4.86e+03,2.58e+03; 5.43e+03,5.40e+03,4.97e+03,2.35e+03; 5.92e+03,5.89e+03,5.32e+03,1.42e+03; 5.87e+03,5.83e+03,5.15e+03,2.12e+03; 6.02e+03,5.99e+03,5.46e+03,1.92e+03; 6.11e+03,6.08e+03,5.61e+03,2.00e+03; 5.97e+03,5.94e+03,5.60e+03,2.70e+03; 5.98e+03,5.95e+03,5.60e+03,3.09e+03; 6.36e+03,6.33e+03,5.49e+03,2.86e+03; 6.53e+03,6.50e+03,5.53e+03,2.89e+03; 6.79e+03,6.76e+03,5.98e+03,2.33e+03; 6.91e+03,6.88e+03,6.13e+03,2.35e+03; 6.44e+03,6.42e+03,6.07e+03,3.75e+03; 6.43e+03,6.41e+03,6.12e+03,4.14e+03; 6.66e+03,6.64e+03,6.28e+03,3.94e+03; 6.98e+03,6.95e+03,6.41e+03,3.58e+03; 7.55e+03,7.52e+03,6.60e+03,2.66e+03; 7.30e+03,7.28e+03,6.52e+03,3.64e+03; 7.14e+03,7.12e+03,6.71e+03,4.18e+03; 7.58e+03,7.56e+03,6.94e+03,3.50e+03; 7.75e+03,7.73e+03,7.03e+03,3.47e+03; 7.62e+03,7.60e+03,7.05e+03,4.12e+03","62,62,62,62,62,56,56,56,62,62,56,62,56,62,56,56,62,62,62,56,62,56,56,62,62,62,62,56,62,56,56,60,62,60,62,62,58,62,62,56,62,60,62,56,62,58,58,56,62,60,62,58,62,60,62,58,56,60,62,56,56,62,56,62"
458,31.12,26.12,"12.38,14.69,16.12,17.80,19.48,20.84,21.89,22.62,23.34,23.94,24.42,24.87,25.41,25.97,26.49,26.93,27.37,27.76,28.09,28.45,28.79,29.19,29.56,29.98,30.22,30.50,30.72,31.07,31.37,31.51,31.86,32.08,32.44,32.66,32.70,32.87,33.08,33.35,33.37,33.68,33.66,33.89,33.93,34.27,34.16,34.50,34.56,35.00,34.88,35.00,34.95,35.23,35.34,35.51,35.61,35.80,36.24,36.47,35.82,36.42,36.30,36.44,36.94,36.36","4.11e+01,4.07e+01,3.92e+01,3.29e-03","12,7,5,12","1.50e+02; 3.00e+02; 3.92e+02,5.92e+01; 3.67e+02,2.34e+02; 4.09e+02,3.42e+02; 4.71e+02,4.31e+02; 5.40e+02,5.12e+02; 5.98e+02,5.75e+02,2.91e+01; 6.63e+02,6.44e+02,4.54e+01; 7.10e+02,6.92e+02,1.01e+02; 7.69e+02,7.51e+02,1.32e+02; 7.85e+02,7.67e+02,2.51e+02; 8.32e+02,8.14e+02,3.08e+02; 8.78e+02,8.62e+02,3.64e+02; 9.25e+02,9.10e+02,4.19e+02; 9.73e+02,9.60e+02,4.72e+02; 1.03e+03,1.01e+03,5.13e+02; 1.08e+03,1.06e+03,5.65e+02; 1.14e+03,1.12e+03,5.95e+02; 1.19e+03,1.18e+03,6.42e+02; 1.22e+03,1.21e+03,7.25e+02; 1.27e+03,1.26e+03,7.77e+02; 1.32e+03,1.31e+03,8.28e+02; 1.36e+03,1.36e+03,8.85e+02; 1.42e+03,1.41e+03,9.29e+02; 1.47e+03,1.46e+03,9.81e+02; 1.51e+03,1.50e+03,1.04e+03; 1.55e+03,1.54e+03,1.11e+03; 1.59e+03,1.58e+03,1.18e+03; 1.64e+03,1.63e+03,1.24e+03; 1.69e+03,1.68e+03,1.29e+03; 1.74e+03,1.73e+03,1.34e+03; 1.79e+03,1.78e+03,1.39e+03; 1.84e+03,1.83e+03,1.44e+03; 1.89e+03,1.88e+03,1.49e+03; 1.98e+03,1.97e+03,1.46e+03; 1.99e+03,1.99e+03,1.58e+03; 2.04e+03,2.03e+03,1.64e+03; 2.09e+03,2.08e+03,1.69e+03; 2.13e+03,2.12e+03,1.74e+03,1.57e+01; 2.19e+03,2.18e+03,1.79e+03,5.05e+00; 2.21e+03,2.20e+03,1.81e+03,9.47e+01; 2.32e+03,2.32e+03,1.82e+03; 2.34e+03,2.33e+03,1.94e+03; 2.38e+03,2.38e+03,2.00e+03; 2.43e+03,2.43e+03,2.05e+03; 2.44e+03,2.43e+03,2.05e+03,1.43e+02; 2.58e+03,2.58e+03,2.05e+03; 2.64e+03,2.63e+03,2.09e+03; 2.70e+03,2.70e+03,2.11e+03; 2.58e+03,2.57e+03,2.11e+03,4.05e+02; 2.65e+03,2.64e+03,2.22e+03,2.94e+02; 2.71e+03,2.71e+03,2.35e+03,1.94e+02; 2.81e+03,2.80e+03,2.23e+03,2.70e+02; 2.74e+03,2.74e+03,2.33e+03,4.51e+02; 2.90e+03,2.90e+03,2.21e+03,4.09e+02; 3.10e+03,3.10e+03,2.37e+03; 3.16e+03,3.15e+03,2.41e+03; 3.22e+03,3.21e+03,2.43e+03; 3.34e+03,3.34e+03,2.33e+03; 3.18e+03,3.18e+03,2.81e+03; 3.11e+03,3.10e+03,2.59e+03,5.19e+02; 3.44e+03,3.43e+03,2.59e+03; 3.51e+03,3.50e+03,2.61e+03","55,55,55,55,55,55,55,55,55,55,55,55,55,55,55,55,55,55,55,55,55,55,55,55,55,55,7,7,7,7,55,55,53,55,39,55,55,39,39,55,55,53,39,7,7,53,55,39,7,39,53,7,7,39,55,7,55,55,39,53,39,7,39,39"
466,1.43,1.45,"0.02,0.06,0.13,0.21,0.29,0.37,0.44,0.52,0.59,0.70,0.81,0.93,1.04,1.13,1.22,1.29,1.36,1.44,1.54,1.64,1.74,1.83,1.91,1.98,2.04,2.12,2.20,2.29,2.37,2.45,2.53,2.59,2.65,2.73,2.80,2.87,2.94,3.01,3.08,3.14,3.20,3.26,3.33,3.39,3.45,3.51,3.57,3.63,3.68,3.74,3.80,3.85,3.91,3.96,4.02,4.07,4.12,4.18,4.23,4.28,4.33,4.38,4.44,4.49","1.40e-04,8.11e-09,3.37e-09,3.03e-09","5,5,5,5","1.74e-04; 3.48e-04; 5.23e-04; 6.97e-04; 8.71e-04; 1.05e-03; 1.22e-03; 1.39e-03; 1.57e-03; 1.74e-03; 1.92e-03; 2.09e-03; 2.27e-03; 2.44e-03; 2.61e-03; 2.79e-03; 2.96e-03; 3.04e-03,1.01e-04; 3.18e-03,1.33e-04; 3.40e-03,8.77e-05; 3.56e-03,9.49e-05; 3.62e-03,2.09e-04; 3.63e-03,3.77e-04; 3.64e-03,5.43e-04; 3.63e-03,7.22e-04; 3.64e-03,8.86e-04; 3.75e-03,9.54e-04; 3.93e-03,9.52e-04; 4.09e-03,9.61e-04; 4.19e-03,1.04e-03; 4.23e-03,1.17e-03; 4.27e-03,1.31e-03; 4.29e-03,1.46e-03; 4.31e-03,1.61e-03; 4.40e-03,1.70e-03; 4.55e-03,1.72e-03; 4.71e-03,1.74e-03; 4.81e-03,1.81e-03; 4.88e-03,1.92e-03; 4.93e-03,2.04e-03; 4.96e-03,2.18e-03; 4.99e-03,2.33e-03; 5.07e-03,2.43e-03; 5.20e-03,2.47e-03; 5.35e-03,2.49e-03; 5.46e-03,2.56e-03; 5.53e-03,2.66e-03; 5.59e-03,2.77e-03; 5.63e-03,2.91e-03; 5.66e-03,3.05e-03; 5.73e-03,3.15e-03; 5.86e-03,3.20e-03; 5.98e-03,3.25e-03; 6.08e-03,3.30e-03,3.38e-05; 6.14e-03,3.37e-03,6.57e-05; 6.14e-03,3.41e-03,2.07e-04; 6.10e-03,3.44e-03,3.92e-04; 6.11e-03,3.55e-03,4.42e-04; 6.18e-03,3.66e-03,4.43e-04; 6.24e-03,3.67e-03,5.47e-04; 6.31e-03,3.63e-03,6.96e-04; 6.40e-03,3.66e-03,7.44e-04; 6.47e-03,3.74e-03,7.71e-04; 6.48e-03,3.78e-03,8.89e-04","24,24,24,24,24,24,24,24,24,24,24,24,24,24,24,24,24,24,24,24,24,24,24,24,24,24,24,24,24,24,24,24,24,24,24,24,24,24,24,24,24,24,24,24,24,24,24,24,24,24,24,24,24,24,24,24,24,24,24,24,24,24,24,24"
467,10.77,10.11,"1.19,2.42,3.29,4.26,5.19,5.96,6.57,7.12,7.60,8.06,8.50,8.95,9.40,9.82,10.20,10.54,10.85,11.20,11.52,11.83,12.14,12.43,12.69,12.90,13.15,13.41,13.65,13.88,14.10,14.32,14.54,14.75,14.94,15.13,15.32,15.50,15.68,15.87,16.06,16.20,16.36,16.54,16.69,16.86,17.03,17.16,17.31,17.48,17.60,17.74,17.89,18.02,18.15,18.29,18.42,18.54,18.66,18.80,18.94,19.05,19.14,19.26,19.40,19.51","7.04e-03,6.90e-03,1.59e-03,3.93e-07","1,1,1,1","1.93e-02; 3.86e-02; 5.15e-02,6.38e-03; 5.08e-02,2.64e-02; 5.64e-02,4.00e-02; 6.42e-02,5.15e-02; 7.32e-02,6.18e-02; 7.54e-02,6.17e-02,1.72e-02; 8.27e-02,6.95e-02,2.13e-02; 9.29e-02,7.80e-02,2.19e-02; 1.02e-01,8.61e-02,2.38e-02; 1.05e-01,9.09e-02,2.58e-02,9.70e-03; 1.17e-01,1.02e-01,1.85e-02,1.30e-02; 1.18e-01,1.05e-01,2.99e-02,1.64e-02; 1.31e-01,1.15e-01,4.01e-02,2.63e-03; 1.30e-01,1.16e-01,5.61e-02,6.17e-03; 1.43e-01,1.22e-01,5.87e-02,4.05e-03; 1.44e-01,1.23e-01,6.98e-02,1.02e-02; 1.51e-01,1.29e-01,7.50e-02,1.09e-02; 1.65e-01,1.40e-01,7.51e-02,5.34e-03; 1.73e-01,1.48e-01,7.85e-02,5.54e-03; 1.74e-01,1.51e-01,8.61e-02,1.39e-02; 1.82e-01,1.57e-01,9.11e-02,1.35e-02; 1.96e-01,1.67e-01,9.16e-02,8.15e-03; 2.01e-01,1.68e-01,9.12e-02,2.25e-02; 2.06e-01,1.73e-01,9.88e-02,2.43e-02; 2.13e-01,1.79e-01,1.03e-01,2.52e-02; 2.21e-01,1.87e-01,1.05e-01,2.62e-02; 2.30e-01,1.96e-01,1.09e-01,2.44e-02; 2.38e-01,2.03e-01,1.13e-01,2.50e-02; 2.43e-01,2.06e-01,1.15e-01,3.33e-02; 2.40e-01,2.05e-01,1.22e-01,5.07e-02; 2.46e-01,2.09e-01,1.22e-01,5.97e-02; 2.53e-01,2.13e-01,1.22e-01,6.81e-02; 2.60e-01,2.18e-01,1.24e-01,7.41e-02; 2.67e-01,2.24e-01,1.26e-01,7.72e-02; 2.75e-01,2.32e-01,1.29e-01,7.79e-02; 2.81e-01,2.38e-01,1.36e-01,7.76e-02; 2.87e-01,2.42e-01,1.45e-01,7.75e-02; 2.73e-01,2.38e-01,1.64e-01,9.64e-02; 3.00e-01,2.54e-01,1.59e-01,7.82e-02; 3.04e-01,2.57e-01,1.65e-01,8.37e-02; 3.20e-01,2.67e-01,1.70e-01,7.23e-02; 3.17e-01,2.70e-01,1.73e-01,8.81e-02; 3.23e-01,2.76e-01,1.76e-01,9.27e-02; 3.08e-01,2.69e-01,1.89e-01,1.21e-01; 3.26e-01,2.76e-01,1.65e-01,1.39e-01; 3.38e-01,2.90e-01,1.83e-01,1.15e-01; 3.42e-01,2.95e-01,1.84e-01,1.24e-01; 3.48e-01,2.98e-01,1.90e-01,1.28e-01; 3.54e-01,3.03e-01,1.95e-01,1.31e-01; 3.61e-01,3.10e-01,1.99e-01,1.34e-01; 3.68e-01,3.16e-01,2.01e-01,1.36e-01; 3.74e-01,3.22e-01,2.04e-01,1.40e-01; 3.80e-01,3.27e-01,2.08e-01,1.45e-01; 3.56e-01,3.12e-01,2.28e-01,1.84e-01; 3.60e-01,3.15e-01,2.30e-01,1.95e-01; 3.64e-01,3.17e-01,2.31e-01,2.06e-01; 4.03e-01,3.38e-01,2.15e-01,1.82e-01; 4.10e-01,3.45e-01,2.17e-01,1.85e-01; 3.82e-01,3.34e-01,2.41e-01,2.19e-01; 3.86e-01,3.40e-01,2.49e-01,2.21e-01; 3.92e-01,3.44e-01,2.54e-01,2.24e-01; 3.96e-01,3.50e-01,2.63e-01,2.26e-01","24,24,24,24,24,24,24,24,24,24,24,24,24,24,24,24,24,24,24,24,24,24,24,24,24,24,24,24,24,24,24,24,24,24,24,24,24,24,24,24,24,24,24,24,24,24,24,40,40,24,24,24,24,24,24,24,24,24,24,24,24,24,24,24"
468,33.15,27.40,"5.19,9.50,11.90,13.73,15.14,16.61,17.67,18.60,19.63,20.65,21.65,22.48,23.15,23.84,24.47,25.05,25.60,26.16,26.71,27.24,27.76,28.28,28.69,29.08,29.50,29.94,30.33,30.71,31.05,31.40,31.74,32.05,32.35,32.68,33.02,33.32,33.62,33.90,34.18,34.43,34.70,34.97,35.23,35.48,35.72,35.95,36.19,36.40,36.60,36.81,37.05,37.25,37.47,37.67,37.88,38.06,38.26,38.45,38.65,38.83,39.01,39.19,39.37,39.54","4.04e-01,4.04e-01,3.86e-01,3.67e-01","15,1,1,1","2.25e+00; 2.36e+00,2.14e+00; 3.52e+00,3.23e+00; 3.96e+00,3.58e+00,1.46e+00; 4.37e+00,3.94e+00,1.68e+00,1.27e+00; 4.82e+00,4.16e+00,2.48e+00,2.04e+00; 5.42e+00,4.66e+00,3.01e+00,2.65e+00; 6.01e+00,5.18e+00,3.63e+00,3.18e+00; 6.53e+00,5.49e+00,4.35e+00,3.89e+00; 7.05e+00,6.00e+00,4.85e+00,4.60e+00; 7.67e+00,6.58e+00,5.44e+00,5.07e+00; 8.29e+00,7.15e+00,6.01e+00,5.54e+00; 8.91e+00,7.72e+00,6.58e+00,6.03e+00; 9.46e+00,8.29e+00,7.17e+00,6.59e+00; 1.00e+01,8.86e+00,7.81e+00,7.06e+00; 1.06e+01,9.41e+00,8.36e+00,7.67e+00; 1.11e+01,9.86e+00,9.03e+00,8.23e+00; 1.17e+01,1.04e+01,9.52e+00,8.93e+00; 1.22e+01,1.09e+01,1.02e+01,9.36e+00; 1.28e+01,1.15e+01,1.08e+01,9.86e+00; 1.34e+01,1.21e+01,1.14e+01,1.03e+01; 1.39e+01,1.27e+01,1.21e+01,1.08e+01; 1.45e+01,1.33e+01,1.27e+01,1.13e+01; 1.50e+01,1.38e+01,1.33e+01,1.18e+01; 1.56e+01,1.43e+01,1.39e+01,1.25e+01; 1.61e+01,1.49e+01,1.44e+01,1.32e+01; 1.66e+01,1.54e+01,1.50e+01,1.37e+01; 1.72e+01,1.60e+01,1.55e+01,1.43e+01; 1.78e+01,1.65e+01,1.61e+01,1.48e+01; 1.84e+01,1.71e+01,1.67e+01,1.53e+01; 1.89e+01,1.77e+01,1.73e+01,1.59e+01; 1.95e+01,1.83e+01,1.78e+01,1.64e+01; 2.00e+01,1.88e+01,1.84e+01,1.71e+01; 2.05e+01,1.93e+01,1.89e+01,1.77e+01; 2.11e+01,1.99e+01,1.95e+01,1.83e+01; 2.16e+01,2.05e+01,2.01e+01,1.88e+01; 2.22e+01,2.11e+01,2.07e+01,1.93e+01; 2.27e+01,2.16e+01,2.13e+01,1.99e+01; 2.33e+01,2.22e+01,2.19e+01,2.04e+01; 2.38e+01,2.28e+01,2.25e+01,2.10e+01; 2.44e+01,2.33e+01,2.30e+01,2.16e+01; 2.49e+01,2.38e+01,2.35e+01,2.22e+01; 2.55e+01,2.44e+01,2.41e+01,2.28e+01; 2.60e+01,2.50e+01,2.47e+01,2.33e+01; 2.66e+01,2.55e+01,2.53e+01,2.39e+01; 2.72e+01,2.61e+01,2.58e+01,2.44e+01; 2.77e+01,2.66e+01,2.64e+01,2.50e+01; 2.83e+01,2.72e+01,2.70e+01,2.56e+01; 2.88e+01,2.77e+01,2.75e+01,2.62e+01; 2.93e+01,2.83e+01,2.81e+01,2.68e+01; 2.99e+01,2.88e+01,2.86e+01,2.74e+01; 3.04e+01,2.94e+01,2.92e+01,2.79e+01; 3.10e+01,3.00e+01,2.98e+01,2.85e+01; 3.16e+01,3.06e+01,3.04e+01,2.90e+01; 3.21e+01,3.11e+01,3.09e+01,2.96e+01; 3.27e+01,3.17e+01,3.15e+01,3.02e+01; 3.32e+01,3.22e+01,3.20e+01,3.08e+01; 3.37e+01,3.28e+01,3.26e+01,3.14e+01; 3.43e+01,3.33e+01,3.32e+01,3.19e+01; 3.48e+01,3.39e+01,3.38e+01,3.25e+01; 3.54e+01,3.45e+01,3.43e+01,3.30e+01; 3.60e+01,3.50e+01,3.49e+01,3.36e+01; 3.65e+01,3.56e+01,3.54e+01,3.42e+01; 3.71e+01,3.62e+01,3.60e+01,3.48e+01","47,41,47,24,24,24,41,41,24,24,47,47,47,24,24,24,24,24,24,47,24,24,24,24,24,24,47,47,47,24,24,24,41,24,24,24,24,24,24,24,24,24,24,47,47,47,24,24,41,24,24,24,24,47,24,24,24,24,24,24,47,47,24,24"
469,27.52,26.01,"6.57,11.33,13.55,15.59,17.14,18.39,19.45,20.37,21.38,22.32,23.14,23.84,24.42,24.98,25.51,25.97,26.60,27.13,27.66,28.08,28.45,28.78,29.13,29.40,29.85,30.23,30.59,30.91,31.20,31.46,31.72,31.98,32.30,32.58,32.79,33.03,33.27,33.48,33.70,33.91,34.18,34.40,34.61,34.81,35.01,35.20,35.37,35.56,35.78,35.98,36.15,36.32,36.49,36.66,36.81,36.97,37.17,37.34,37.49,37.63,37.79,37.93,38.07,38.20","6.63e-01,6.63e-01,4.72e-01,3.35e-01","5,12,5,5","2.65e+00; 2.66e+00,2.63e+00; 4.02e+00,3.92e+00; 4.57e+00,4.25e+00,1.77e+00; 5.44e+00,5.08e+00,2.71e+00; 6.27e+00,5.90e+00,3.71e+00; 7.08e+00,6.71e+00,4.74e+00; 7.89e+00,7.52e+00,5.77e+00; 8.61e+00,8.21e+00,6.99e+00; 9.53e+00,9.10e+00,7.84e+00; 1.04e+01,9.98e+00,8.69e+00; 1.13e+01,1.09e+01,9.55e+00; 1.22e+01,1.18e+01,1.04e+01; 1.31e+01,1.27e+01,1.13e+01; 1.40e+01,1.36e+01,1.22e+01; 1.44e+01,1.41e+01,1.27e+01,1.10e+00; 1.49e+01,1.45e+01,1.35e+01,2.12e+00; 1.56e+01,1.53e+01,1.44e+01,2.28e+00; 1.73e+01,1.68e+01,1.58e+01,4.21e-01; 1.81e+01,1.76e+01,1.65e+01,6.96e-01; 1.89e+01,1.84e+01,1.73e+01,1.03e+00; 1.95e+01,1.90e+01,1.78e+01,1.88e+00; 2.03e+01,1.98e+01,1.86e+01,2.14e+00; 2.01e+01,1.97e+01,1.87e+01,5.02e+00; 2.08e+01,2.04e+01,1.95e+01,5.44e+00; 2.16e+01,2.12e+01,2.03e+01,5.72e+00; 2.29e+01,2.25e+01,2.15e+01,4.58e+00; 2.37e+01,2.32e+01,2.22e+01,5.05e+00; 2.44e+01,2.39e+01,2.29e+01,5.51e+00; 2.51e+01,2.47e+01,2.36e+01,5.96e+00; 2.59e+01,2.54e+01,2.44e+01,6.40e+00; 2.65e+01,2.60e+01,2.50e+01,7.17e+00; 2.69e+01,2.65e+01,2.55e+01,8.40e+00; 2.77e+01,2.72e+01,2.63e+01,8.76e+00; 2.77e+01,2.73e+01,2.65e+01,1.12e+01; 2.84e+01,2.80e+01,2.72e+01,1.16e+01; 2.92e+01,2.88e+01,2.79e+01,1.21e+01; 2.98e+01,2.94e+01,2.85e+01,1.28e+01; 3.05e+01,3.01e+01,2.92e+01,1.33e+01; 3.12e+01,3.08e+01,2.99e+01,1.39e+01; 3.18e+01,3.14e+01,3.05e+01,1.48e+01; 3.25e+01,3.21e+01,3.13e+01,1.53e+01; 3.32e+01,3.28e+01,3.20e+01,1.58e+01; 3.39e+01,3.35e+01,3.27e+01,1.63e+01; 3.47e+01,3.43e+01,3.34e+01,1.68e+01; 3.54e+01,3.50e+01,3.41e+01,1.73e+01; 3.61e+01,3.57e+01,3.48e+01,1.79e+01; 3.68e+01,3.64e+01,3.55e+01,1.84e+01; 3.73e+01,3.69e+01,3.60e+01,1.95e+01; 3.80e+01,3.76e+01,3.67e+01,2.01e+01; 3.87e+01,3.83e+01,3.74e+01,2.06e+01; 3.93e+01,3.89e+01,3.80e+01,2.15e+01; 4.00e+01,3.96e+01,3.87e+01,2.20e+01; 4.07e+01,4.03e+01,3.94e+01,2.25e+01; 4.14e+01,4.10e+01,4.00e+01,2.31e+01; 4.21e+01,4.17e+01,4.08e+01,2.36e+01; 4.26e+01,4.21e+01,4.12e+01,2.49e+01; 4.33e+01,4.28e+01,4.19e+01,2.55e+01; 4.40e+01,4.35e+01,4.26e+01,2.61e+01; 4.46e+01,4.41e+01,4.32e+01,2.69e+01; 4.53e+01,4.48e+01,4.39e+01,2.74e+01; 4.60e+01,4.55e+01,4.46e+01,2.80e+01; 4.67e+01,4.62e+01,4.52e+01,2.86e+01; 4.73e+01,4.69e+01,4.60e+01,2.92e+01","25,39,39,25,25,25,25,25,25,39,39,39,39,25,25,25,25,25,39,39,39,25,25,25,25,25,25,39,39,39,25,25,25,25,25,39,39,25,25,25,25,25,25,39,39,39,25,25,25,25,25,25,39,39,25,25,25,25,25,25,39,39,25,25"
470,7.55,7.97,"1.31,2.53,3.39,4.02,4.50,4.94,5.35,5.73,6.11,6.45,6.76,7.04,7.30,7.56,7.82,8.06,8.29,8.51,8.71,8.90,9.07,9.26,9.44,9.63,9.81,9.97,10.13,10.26,10.40,10.54,10.69,10.84,10.99,11.12,11.25,11.36,11.47,11.59,11.71,11.84,11.96,12.08,12.18,12.28,12.37,12.47,12.58,12.69,12.79,12.89,12.99,13.07,13.15,13.23,13.33,13.42,13.52,13.61,13.69,13.76,13.83,13.91,13.99,14.08","1.58e-02,7.56e-07,4.18e-07,3.08e-07","0,0,0,0","1.97e-02; 3.93e-02; 5.90e-02; 7.86e-02; 9.10e-02,7.33e-03; 1.02e-01,1.59e-02; 1.05e-01,3.30e-02; 1.10e-01,4.69e-02; 1.19e-01,5.75e-02; 1.33e-01,6.40e-02; 1.48e-01,6.83e-02; 1.63e-01,7.29e-02; 1.76e-01,8.00e-02; 1.85e-01,9.01e-02; 1.92e-01,1.03e-01; 1.98e-01,1.16e-01; 2.06e-01,1.28e-01; 2.17e-01,1.37e-01; 2.30e-01,1.44e-01; 2.43e-01,1.50e-01; 2.55e-01,1.58e-01; 2.66e-01,1.66e-01; 2.74e-01,1.79e-01; 2.80e-01,1.92e-01; 2.88e-01,2.03e-01; 2.98e-01,2.13e-01; 3.10e-01,2.21e-01; 3.22e-01,2.28e-01; 3.34e-01,2.36e-01; 3.44e-01,2.46e-01; 3.52e-01,2.57e-01; 3.59e-01,2.70e-01; 3.68e-01,2.81e-01; 3.77e-01,2.91e-01; 3.89e-01,2.99e-01; 4.00e-01,3.07e-01; 4.12e-01,3.16e-01; 4.22e-01,3.25e-01; 4.31e-01,3.36e-01; 4.38e-01,3.48e-01; 4.47e-01,3.59e-01; 4.57e-01,3.69e-01; 4.67e-01,3.78e-01; 4.79e-01,3.86e-01; 4.90e-01,3.95e-01; 5.00e-01,4.04e-01; 5.09e-01,4.15e-01; 5.17e-01,4.26e-01; 5.26e-01,4.37e-01; 5.36e-01,4.47e-01; 5.46e-01,4.57e-01; 5.57e-01,4.65e-01; 5.68e-01,4.74e-01; 5.78e-01,4.83e-01; 5.87e-01,4.94e-01; 5.96e-01,5.05e-01; 6.05e-01,5.16e-01; 6.14e-01,5.26e-01; 6.25e-01,5.35e-01; 6.36e-01,5.44e-01; 6.47e-01,5.53e-01; 6.57e-01,5.62e-01; 6.66e-01,5.73e-01; 6.75e-01,5.84e-01","24,24,24,24,24,24,24,24,24,24,24,24,24,24,24,24,24,24,24,24,24,24,24,24,24,24,24,24,24,24,24,24,24,24,24,24,24,24,24,24,24,24,24,24,24,24,24,24,24,24,24,24,24,24,24,24,24,24,24,24,24,24,24,24"
471,0.21,0.17,"0.00,0.01,0.02,0.04,0.05,0.07,0.09,0.11,0.13,0.16,0.20,0.23,0.27,0.31,0.34,0.37,0.40,0.43,0.48,0.52,0.57,0.61,0.65,0.68,0.71,0.75,0.79,0.84,0.89,0.93,0.97,1.00,1.03,1.06,1.10,1.15,1.19,1.23,1.27,1.30,1.33,1.36,1.40,1.44,1.48,1.52,1.55,1.59,1.61,1.64,1.68,1.72,1.75,1.79,1.82,1.86,1.88,1.91,1.95,1.98,2.01,2.05,2.08,2.11","1.47e-05,1.21e-09,3.75e-10,2.94e-10","4,4,4,4","1.82e-05; 3.64e-05; 5.46e-05; 7.28e-05; 9.10e-05; 1.09e-04; 1.27e-04; 1.46e-04; 1.64e-04; 1.82e-04; 2.00e-04; 2.18e-04; 2.37e-04; 2.55e-04; 2.73e-04; 2.91e-04; 3.09e-04; 3.28e-04; 3.46e-04; 3.64e-04; 3.82e-04; 4.00e-04; 4.19e-04; 4.37e-04; 4.55e-04; 4.73e-04; 4.91e-04; 5.10e-04; 5.28e-04; 5.46e-04; 5.64e-04; 5.82e-04; 6.01e-04; 6.19e-04; 6.37e-04; 6.55e-04; 6.74e-04; 6.92e-04; 7.10e-04; 7.24e-04,3.86e-06; 7.09e-04,3.69e-05; 7.07e-04,5.78e-05; 7.18e-04,6.48e-05; 7.41e-04,5.99e-05; 7.65e-04,5.42e-05; 7.82e-04,5.50e-05; 7.91e-04,6.42e-05; 7.88e-04,8.57e-05; 7.79e-04,1.13e-04; 7.78e-04,1.32e-04; 7.89e-04,1.40e-04; 8.10e-04,1.37e-04; 8.31e-04,1.33e-04; 8.49e-04,1.34e-04; 8.60e-04,1.41e-04; 8.60e-04,1.60e-04; 8.55e-04,1.83e-04; 8.55e-04,2.00e-04; 8.65e-04,2.09e-04; 8.84e-04,2.08e-04; 9.05e-04,2.06e-04; 9.22e-04,2.06e-04; 9.34e-04,2.13e-04; 9.36e-04,2.29e-04","32,32,32,32,32,32,32,32,32,32,32,32,32,32,32,32,32,32,32,32,32,32,32,32,32,32,32,32,32,32,32,32,32,32,32,32,32,32,32,32,32,32,32,32,32,32,32,32,32,32,32,32,32,32,32,32,32,32,32,32,32,32,32,32"
472,0.24,0.19,"0.00,0.01,0.02,0.03,0.04,0.05,0.06,0.08,0.09,0.12,0.14,0.17,0.20,0.22,0.25,0.27,0.30,0.33,0.36,0.40,0.43,0.46,0.49,0.52,0.55,0.58,0.62,0.66,0.69,0.73,0.76,0.79,0.82,0.85,0.88,0.92,0.96,0.99,1.02,1.05,1.08,1.11,1.14,1.18,1.21,1.24,1.27,1.30,1.32,1.35,1.38,1.42,1.45,1.48,1.51,1.53,1.56,1.58,1.61,1.64,1.67,1.70,1.73,1.75","1.63e-05,1.30e-09,6.93e-10,4.73e-10","4,4,4,4",2.02e-05; 4.04e-05; 6.06e-05; 8.09e-05; 1.01e-04; 1.21e-04; 1.41e-04; 1.62e-04; 1.82e-04; 2.02e-04; 2.22e-04; 2.43e-04; 2.63e-04; 2.83e-04; 3.03e-04; 3.23e-04; 3.44e-04; 3.64e-04; 3.84e-04; 4.04e-04; 4.24e-04; 4.45e-04; 4.65e-04; 4.85e-04; 5.05e-04; 5.26e-04; 5.46e-04; 5.66e-04; 5.86e-04; 6.06e-04; 6.27e-04; 6.47e-04; 6.67e-04; 6.87e-04; 7.07e-04; 7.28e-04; 7.48e-04; 7.68e-04; 7.88e-04; 8.09e-04; 8.29e-04; 8.49e-04; 8.69e-04; 8.89e-04; 9.10e-04; 9.30e-04; 9.50e-04; 9.70e-04; 9.90e-04; 1.01e-03; 1.03e-03; 1.05e-03; 1.07e-03; 1.09e-03; 1.11e-03; 1.13e-03; 1.15e-03; 1.17e-03; 1.19e-03; 1.21e-03; 1.23e-03; 1.25e-03; 1.27e-03; 1.29e-03,"24,24,24,24,24,24,24,24,24,24,24,24,24,24,24,24,24,24,24,24,24,24,24,24,24,24,24,24,24,24,24,24,24,24,24,24,24,24,24,24,24,24,24,24,24,24,24,24,24,24,24,24,24,24,24,24,24,24,24,24,24,24,24,24"
473,0.22,0.13,"0.00,0.01,0.02,0.03,0.04,0.06,0.07,0.09,0.11,0.14,0.17,0.20,0.23,0.26,0.29,0.32,0.35,0.39,0.42,0.46,0.50,0.54,0.58,0.61,0.64,0.68,0.72,0.76,0.80,0.84,0.88,0.91,0.94,0.98,1.02,1.05,1.09,1.13,1.17,1.20,1.23,1.26,1.30,1.33,1.37,1.41,1.44,1.47,1.50,1.53,1.56,1.59,1.63,1.66,1.69,1.72,1.74,1.77,1.80,1.83,1.86,1.90,1.92,1.95","1.65e-05,1.24e-09,6.12e-10,2.46e-10","1,1,1,1",2.05e-05; 4.09e-05; 6.14e-05; 8.18e-05; 1.02e-04; 1.23e-04; 1.43e-04; 1.64e-04; 1.84e-04; 2.05e-04; 2.25e-04; 2.45e-04; 2.66e-04; 2.86e-04; 3.07e-04; 3.27e-04; 3.48e-04; 3.68e-04; 3.89e-04; 4.09e-04; 4.30e-04; 4.50e-04; 4.70e-04; 4.91e-04; 5.11e-04; 5.32e-04; 5.52e-04; 5.73e-04; 5.93e-04; 6.14e-04; 6.34e-04; 6.55e-04; 6.75e-04; 6.95e-04; 7.16e-04; 7.36e-04; 7.57e-04; 7.77e-04; 7.98e-04; 8.18e-04; 8.39e-04; 8.59e-04; 8.80e-04; 9.00e-04; 9.20e-04; 9.41e-04; 9.61e-04; 9.82e-04; 1.00e-03; 1.02e-03; 1.04e-03; 1.06e-03; 1.08e-03; 1.10e-03; 1.12e-03; 1.15e-03; 1.17e-03; 1.19e-03; 1.21e-03; 1.23e-03; 1.25e-03; 1.27e-03; 1.29e-03; 1.31e-03,"33,33,33,33,33,33,33,33,33,33,33,33,33,33,33,33,33,33,33,33,33,33,33,33,33,33,33,33,33,33,33,33,33,33,33,33,33,33,33,33,33,33,33,33,33,33,33,33,33,33,33,33,33,33,33,33,33,33,33,33,33,33,33,33"
474,0.22,0.13,"0.00,0.01,0.02,0.03,0.04,0.06,0.08,0.10,0.12,0.14,0.17,0.20,0.23,0.27,0.30,0.33,0.36,0.39,0.43,0.47,0.51,0.55,0.58,0.62,0.65,0.68,0.72,0.76,0.80,0.84,0.88,0.91,0.94,0.97,1.01,1.05,1.09,1.12,1.16,1.19,1.22,1.25,1.29,1.32,1.36,1.39,1.43,1.46,1.48,1.51,1.54,1.57,1.61,1.64,1.67,1.70,1.73,1.75,1.78,1.81,1.84,1.87,1.90,1.93","1.53e-05,7.64e-10,2.68e-10,2.25e-10","5,5,5,5",1.90e-05; 3.80e-05; 5.70e-05; 7.60e-05; 9.50e-05; 1.14e-04; 1.33e-04; 1.52e-04; 1.71e-04; 1.90e-04; 2.09e-04; 2.28e-04; 2.47e-04; 2.66e-04; 2.85e-04; 3.04e-04; 3.23e-04; 3.42e-04; 3.61e-04; 3.80e-04; 3.99e-04; 4.18e-04; 4.37e-04; 4.56e-04; 4.75e-04; 4.94e-04; 5.13e-04; 5.32e-04; 5.51e-04; 5.70e-04; 5.89e-04; 6.08e-04; 6.27e-04; 6.46e-04; 6.65e-04; 6.84e-04; 7.03e-04; 7.22e-04; 7.41e-04; 7.60e-04; 7.79e-04; 7.98e-04; 8.17e-04; 8.36e-04; 8.55e-04; 8.74e-04; 8.93e-04; 9.12e-04; 9.31e-04; 9.50e-04; 9.69e-04; 9.88e-04; 1.01e-03; 1.03e-03; 1.05e-03; 1.06e-03; 1.08e-03; 1.10e-03; 1.12e-03; 1.14e-03; 1.16e-03; 1.18e-03; 1.20e-03; 1.22e-03,"33,33,33,33,33,33,33,33,33,33,33,33,33,33,33,33,33,33,33,33,33,33,33,33,33,33,33,33,33,33,33,33,33,33,33,33,33,33,33,33,33,33,33,33,33,33,33,33,33,33,33,33,33,33,33,33,33,33,33,33,33,33,33,33"
475,0.09,0.08,"0.00,0.00,0.01,0.01,0.01,0.02,0.02,0.03,0.03,0.04,0.05,0.06,0.07,0.09,0.10,0.11,0.11,0.13,0.14,0.16,0.18,0.19,0.21,0.22,0.23,0.25,0.26,0.28,0.31,0.33,0.35,0.37,0.38,0.39,0.41,0.43,0.45,0.48,0.50,0.52,0.53,0.54,0.56,0.58,0.61,0.63,0.65,0.67,0.69,0.70,0.72,0.74,0.76,0.78,0.81,0.83,0.84,0.85,0.87,0.89,0.91,0.93,0.96,0.98","9.63e-06,5.89e-10,2.00e-10,1.27e-10","0,0,0,0",1.20e-05; 2.39e-05; 3.59e-05; 4.78e-05; 5.98e-05; 7.18e-05; 8.37e-05; 9.57e-05; 1.08e-04; 1.20e-04; 1.32e-04; 1.44e-04; 1.55e-04; 1.67e-04; 1.79e-04; 1.91e-04; 2.03e-04; 2.15e-04; 2.27e-04; 2.39e-04; 2.51e-04; 2.63e-04; 2.75e-04; 2.87e-04; 2.99e-04; 3.11e-04; 3.23e-04; 3.35e-04; 3.47e-04; 3.59e-04; 3.71e-04; 3.83e-04; 3.95e-04; 4.07e-04; 4.19e-04; 4.31e-04; 4.42e-04; 4.54e-04; 4.66e-04; 4.78e-04; 4.90e-04; 5.02e-04; 5.14e-04; 5.26e-04; 5.38e-04; 5.50e-04; 5.62e-04; 5.74e-04; 5.86e-04; 5.98e-04; 6.10e-04; 6.22e-04; 6.34e-04; 6.46e-04; 6.58e-04; 6.70e-04; 6.82e-04; 6.94e-04; 7.06e-04; 7.18e-04; 7.30e-04; 7.41e-04; 7.53e-04; 7.65e-04,"40,25,25,25,25,25,25,25,25,25,25,25,25,25,25,25,25,25,25,25,25,25,25,25,25,25,25,25,25,25,25,25,25,25,25,25,25,25,25,25,25,25,25,25,25,25,25,25,25,25,25,25,25,25,25,25,25,25,25,25,25,25,25,25"
476,0.06,0.05,"0.00,0.00,0.00,0.01,0.01,0.01,0.02,0.02,0.03,0.03,0.04,0.05,0.06,0.07,0.08,0.09,0.09,0.11,0.12,0.13,0.15,0.16,0.17,0.18,0.20,0.21,0.23,0.24,0.26,0.28,0.29,0.31,0.32,0.33,0.35,0.37,0.39,0.41,0.42,0.44,0.45,0.47,0.49,0.51,0.53,0.54,0.56,0.58,0.59,0.61,0.62,0.64,0.66,0.68,0.70,0.71,0.72,0.74,0.75,0.77,0.79,0.81,0.82,0.84","6.30e-06,4.70e-10,2.55e-10,1.36e-10","0,0,0,0",7.82e-06; 1.56e-05; 2.35e-05; 3.13e-05; 3.91e-05; 4.69e-05; 5.47e-05; 6.26e-05; 7.04e-05; 7.82e-05; 8.60e-05; 9.39e-05; 1.02e-04; 1.09e-04; 1.17e-04; 1.25e-04; 1.33e-04; 1.41e-04; 1.49e-04; 1.56e-04; 1.64e-04; 1.72e-04; 1.80e-04; 1.88e-04; 1.96e-04; 2.03e-04; 2.11e-04; 2.19e-04; 2.27e-04; 2.35e-04; 2.42e-04; 2.50e-04; 2.58e-04; 2.66e-04; 2.74e-04; 2.82e-04; 2.89e-04; 2.97e-04; 3.05e-04; 3.13e-04; 3.21e-04; 3.28e-04; 3.36e-04; 3.44e-04; 3.52e-04; 3.60e-04; 3.68e-04; 3.75e-04; 3.83e-04; 3.91e-04; 3.99e-04; 4.07e-04; 4.15e-04; 4.22e-04; 4.30e-04; 4.38e-04; 4.46e-04; 4.54e-04; 4.61e-04; 4.69e-04; 4.77e-04; 4.85e-04; 4.93e-04; 5.01e-04,"24,24,24,24,24,24,24,24,24,24,24,24,24,24,24,24,24,24,24,24,24,24,24,24,24,24,24,24,24,24,24,24,24,24,24,24,24,24,24,24,24,24,24,24,24,24,24,24,24,24,24,24,24,24,24,24,24,24,24,24,24,24,24,24"
477,0.07,0.04,"0.00,0.00,0.00,0.01,0.01,0.02,0.02,0.03,0.04,0.04,0.05,0.07,0.08,0.09,0.10,0.11,0.13,0.14,0.15,0.17,0.19,0.21,0.22,0.24,0.25,0.27,0.29,0.31,0.33,0.35,0.37,0.39,0.41,0.42,0.44,0.47,0.49,0.51,0.53,0.55,0.57,0.59,0.61,0.63,0.65,0.67,0.69,0.71,0.73,0.75,0.77,0.79,0.81,0.83,0.85,0.87,0.89,0.91,0.92,0.94,0.97,0.99,1.01,1.02","6.08e-06,3.70e-10,1.54e-10,1.03e-10","1,1,1,1",7.55e-06; 1.51e-05; 2.26e-05; 3.02e-05; 3.77e-05; 4.53e-05; 5.28e-05; 6.04e-05; 6.79e-05; 7.55e-05; 8.30e-05; 9.05e-05; 9.81e-05; 1.06e-04; 1.13e-04; 1.21e-04; 1.28e-04; 1.36e-04; 1.43e-04; 1.51e-04; 1.58e-04; 1.66e-04; 1.74e-04; 1.81e-04; 1.89e-04; 1.96e-04; 2.04e-04; 2.11e-04; 2.19e-04; 2.26e-04; 2.34e-04; 2.41e-04; 2.49e-04; 2.57e-04; 2.64e-04; 2.72e-04; 2.79e-04; 2.87e-04; 2.94e-04; 3.02e-04; 3.09e-04; 3.17e-04; 3.24e-04; 3.32e-04; 3.40e-04; 3.47e-04; 3.55e-04; 3.62e-04; 3.70e-04; 3.77e-04; 3.85e-04; 3.92e-04; 4.00e-04; 4.07e-04; 4.15e-04; 4.23e-04; 4.30e-04; 4.38e-04; 4.45e-04; 4.53e-04; 4.60e-04; 4.68e-04; 4.75e-04; 4.83e-04,"33,33,33,33,33,33,33,33,33,33,33,33,33,33,33,33,33,33,33,33,33,33,33,33,33,33,33,33,33,33,33,33,33,33,33,33,33,33,33,33,33,33,33,33,33,33,33,33,33,33,33,33,33,33,33,33,33,33,33,33,33,33,33,33"
478,0.06,0.03,"0.00,0.00,0.00,0.01,0.01,0.01,0.02,0.02,0.03,0.03,0.04,0.05,0.05,0.06,0.07,0.08,0.09,0.10,0.11,0.12,0.13,0.14,0.16,0.17,0.18,0.19,0.21,0.22,0.24,0.25,0.27,0.28,0.29,0.31,0.32,0.34,0.36,0.37,0.39,0.41,0.42,0.44,0.45,0.47,0.49,0.50,0.52,0.54,0.55,0.57,0.59,0.61,0.62,0.64,0.66,0.68,0.69,0.71,0.73,0.75,0.77,0.79,0.81,0.83","5.36e-06,4.43e-10,2.25e-10,1.19e-10","5,5,5,12","6.65e-06; 1.33e-05; 1.99e-05; 2.66e-05; 3.32e-05; 3.99e-05; 4.65e-05; 5.32e-05; 5.98e-05; 6.65e-05; 7.31e-05; 7.98e-05; 8.64e-05; 9.31e-05; 9.97e-05; 1.06e-04; 1.13e-04; 1.20e-04; 1.26e-04; 1.33e-04; 1.40e-04; 1.46e-04; 1.53e-04; 1.60e-04; 1.66e-04; 1.73e-04; 1.79e-04; 1.86e-04; 1.93e-04; 1.99e-04; 2.06e-04; 2.13e-04; 2.19e-04; 2.26e-04; 2.33e-04; 2.39e-04; 2.46e-04; 2.53e-04; 2.59e-04; 2.66e-04; 2.73e-04; 2.79e-04; 2.86e-04; 2.93e-04; 2.99e-04; 3.06e-04; 3.12e-04; 3.19e-04; 3.26e-04; 3.29e-04,3.04e-06; 3.30e-04,9.30e-06; 3.24e-04,2.13e-05; 3.24e-04,2.84e-05; 3.22e-04,3.74e-05; 3.26e-04,4.00e-05; 3.29e-04,4.29e-05; 3.34e-04,4.50e-05; 3.35e-04,5.05e-05; 3.36e-04,5.58e-05; 3.34e-04,6.53e-05; 3.34e-04,7.16e-05; 3.33e-04,7.93e-05; 3.36e-04,8.23e-05; 3.41e-04,8.44e-05","32,32,32,32,32,32,32,32,32,32,32,32,32,32,32,32,32,32,32,32,32,32,32,32,32,32,32,32,32,32,32,32,32,32,32,32,32,32,32,32,32,32,32,32,32,32,32,32,32,32,32,32,32,32,32,32,32,32,32,32,32,32,32,32"
479,15.85,14.28,"1.47,3.24,4.74,6.18,7.29,8.24,9.01,9.63,10.14,10.74,11.35,11.92,12.41,12.87,13.28,13.66,14.04,14.39,14.75,15.11,15.44,15.73,16.01,16.29,16.57,16.83,17.09,17.35,17.60,17.82,18.04,18.26,18.49,18.70,18.90,19.11,19.31,19.49,19.68,19.86,20.05,20.23,20.39,20.57,20.74,20.90,21.06,21.22,21.38,21.53,21.67,21.82,21.97,22.10,22.25,22.39,22.53,22.66,22.78,22.91,23.04,23.17,23.29,23.42","3.66e-02,3.64e-02,2.97e-06,1.98e-06","12,4,12,4","9.07e-02; 1.81e-01; 2.12e-01,6.00e-02; 2.20e-01,1.42e-01; 2.68e-01,1.85e-01; 3.05e-01,2.39e-01; 3.46e-01,2.89e-01; 3.94e-01,3.31e-01; 3.98e-01,3.18e-01,9.94e-02; 4.42e-01,3.50e-01,1.15e-01; 4.84e-01,3.84e-01,1.29e-01; 5.26e-01,4.20e-01,1.43e-01; 5.67e-01,4.56e-01,1.56e-01; 6.00e-01,5.02e-01,1.68e-01; 6.36e-01,5.41e-01,1.83e-01; 6.75e-01,5.75e-01,2.01e-01; 7.18e-01,5.84e-01,2.40e-01; 7.34e-01,6.00e-01,2.98e-01; 7.73e-01,6.33e-01,3.17e-01; 8.11e-01,6.67e-01,3.35e-01; 8.49e-01,7.02e-01,3.53e-01; 8.84e-01,7.44e-01,3.67e-01; 9.34e-01,7.88e-01,3.63e-01; 9.62e-01,8.16e-01,3.98e-01; 9.82e-01,8.27e-01,4.58e-01; 1.01e+00,8.51e-01,4.98e-01; 1.04e+00,8.83e-01,5.22e-01; 1.08e+00,9.15e-01,5.46e-01; 1.11e+00,9.48e-01,5.69e-01; 1.14e+00,9.87e-01,5.88e-01; 1.17e+00,1.02e+00,6.15e-01; 1.20e+00,1.05e+00,6.49e-01; 1.23e+00,1.07e+00,6.98e-01; 1.25e+00,1.09e+00,7.35e-01; 1.29e+00,1.13e+00,7.60e-01; 1.32e+00,1.16e+00,7.85e-01; 1.35e+00,1.19e+00,8.11e-01; 1.39e+00,1.22e+00,8.36e-01; 1.42e+00,1.25e+00,8.65e-01; 1.45e+00,1.28e+00,9.00e-01; 1.47e+00,1.30e+00,9.44e-01; 1.50e+00,1.33e+00,9.79e-01; 1.53e+00,1.36e+00,1.01e+00; 1.56e+00,1.40e+00,1.03e+00; 1.59e+00,1.43e+00,1.06e+00; 1.62e+00,1.46e+00,1.09e+00; 1.65e+00,1.49e+00,1.12e+00; 1.68e+00,1.52e+00,1.15e+00; 1.71e+00,1.54e+00,1.19e+00; 1.73e+00,1.57e+00,1.23e+00; 1.76e+00,1.60e+00,1.26e+00; 1.80e+00,1.64e+00,1.28e+00; 1.83e+00,1.67e+00,1.31e+00; 1.86e+00,1.70e+00,1.34e+00; 1.89e+00,1.73e+00,1.37e+00; 1.91e+00,1.75e+00,1.41e+00; 1.94e+00,1.78e+00,1.45e+00; 1.97e+00,1.81e+00,1.48e+00; 2.00e+00,1.84e+00,1.51e+00; 2.03e+00,1.87e+00,1.53e+00; 2.06e+00,1.91e+00,1.56e+00; 2.09e+00,1.94e+00,1.59e+00; 2.12e+00,1.97e+00,1.62e+00; 2.15e+00,1.99e+00,1.66e+00","47,47,47,25,47,25,25,25,25,47,47,47,47,25,25,25,25,25,47,47,47,25,25,25,25,25,47,47,47,25,25,25,25,25,47,47,47,47,25,25,25,25,25,47,47,47,25,25,25,25,25,47,47,47,25,25,25,25,25,47,47,47,25,25"
480,0.08,0.05,"0.00,0.00,0.01,0.01,0.02,0.03,0.03,0.04,0.05,0.07,0.08,0.10,0.11,0.13,0.15,0.16,0.18,0.20,0.22,0.24,0.26,0.29,0.31,0.33,0.35,0.37,0.39,0.42,0.45,0.47,0.50,0.52,0.54,0.56,0.59,0.61,0.64,0.67,0.69,0.72,0.74,0.76,0.78,0.81,0.84,0.86,0.89,0.91,0.93,0.96,0.98,1.00,1.03,1.06,1.08,1.11,1.12,1.15,1.17,1.19,1.22,1.24,1.27,1.29","5.43e-06,2.19e-10,1.42e-10,7.97e-11","4,4,4,4",6.74e-06; 1.35e-05; 2.02e-05; 2.70e-05; 3.37e-05; 4.04e-05; 4.72e-05; 5.39e-05; 6.07e-05; 6.74e-05; 7.42e-05; 8.09e-05; 8.76e-05; 9.44e-05; 1.01e-04; 1.08e-04; 1.15e-04; 1.21e-04; 1.28e-04; 1.35e-04; 1.42e-04; 1.48e-04; 1.55e-04; 1.62e-04; 1.69e-04; 1.75e-04; 1.82e-04; 1.89e-04; 1.96e-04; 2.02e-04; 2.09e-04; 2.16e-04; 2.22e-04; 2.29e-04; 2.36e-04; 2.43e-04; 2.49e-04; 2.56e-04; 2.63e-04; 2.70e-04; 2.76e-04; 2.83e-04; 2.90e-04; 2.97e-04; 3.03e-04; 3.10e-04; 3.17e-04; 3.24e-04; 3.30e-04; 3.37e-04; 3.44e-04; 3.51e-04; 3.57e-04; 3.64e-04; 3.71e-04; 3.78e-04; 3.84e-04; 3.91e-04; 3.98e-04; 4.04e-04; 4.11e-04; 4.18e-04; 4.25e-04; 4.31e-04,"32,32,32,32,32,32,32,32,32,32,32,32,32,32,32,32,32,32,32,32,32,32,32,32,32,32,32,32,32,32,32,32,32,32,32,32,32,32,32,32,32,32,32,32,32,32,32,32,32,32,32,32,32,32,32,32,32,32,32,32,32,32,32,32"
481,78.25,56.68,"16.25,26.51,31.97,36.07,40.49,43.01,45.54,47.46,48.80,50.04,50.99,51.87,52.77,53.65,54.65,55.46,56.14,56.86,57.36,58.01,58.41,59.03,59.66,60.38,60.64,61.25,61.44,62.14,62.32,63.14,63.42,63.51,63.57,64.74,64.26,64.80,64.55,65.33,65.30,65.39,65.81,67.21,66.33,65.61,67.64,67.70,67.96,68.37,67.31,68.37,68.21,69.16,69.23,69.01,68.97,69.10,70.37,69.19,68.99,68.55,69.42,68.51,69.57,70.35","3.33e+02,3.33e+02,3.33e+02,3.33e+02","3,9,3,1","3.03e+03; 3.04e+03,3.03e+03; 3.12e+03,3.11e+03,2.87e+03; 3.24e+03,3.21e+03,3.01e+03,2.67e+03; 3.89e+03,3.86e+03,3.80e+03,3.60e+03; 4.63e+03,4.60e+03,4.58e+03,4.38e+03; 5.35e+03,5.32e+03,5.31e+03,5.24e+03; 6.10e+03,6.08e+03,6.07e+03,6.01e+03; 6.85e+03,6.83e+03,6.82e+03,6.78e+03; 7.61e+03,7.59e+03,7.59e+03,7.53e+03; 8.37e+03,8.35e+03,8.34e+03,8.29e+03; 9.12e+03,9.11e+03,9.10e+03,9.05e+03; 9.88e+03,9.87e+03,9.86e+03,9.81e+03; 1.06e+04,1.06e+04,1.06e+04,1.06e+04; 1.14e+04,1.14e+04,1.14e+04,1.13e+04; 1.21e+04,1.21e+04,1.21e+04,1.21e+04; 1.29e+04,1.29e+04,1.29e+04,1.29e+04; 1.37e+04,1.36e+04,1.36e+04,1.36e+04; 1.44e+04,1.44e+04,1.44e+04,1.44e+04; 1.52e+04,1.52e+04,1.52e+04,1.51e+04; 1.59e+04,1.59e+04,1.59e+04,1.59e+04; 1.67e+04,1.67e+04,1.67e+04,1.67e+04; 1.74e+04,1.74e+04,1.74e+04,1.74e+04; 1.82e+04,1.82e+04,1.82e+04,1.82e+04; 1.90e+04,1.90e+04,1.90e+04,1.89e+04; 1.97e+04,1.97e+04,1.97e+04,1.97e+04; 2.05e+04,2.05e+04,2.05e+04,2.04e+04; 2.12e+04,2.12e+04,2.12e+04,2.12e+04; 2.20e+04,2.20e+04,2.20e+04,2.20e+04; 2.28e+04,2.27e+04,2.27e+04,2.27e+04; 2.35e+04,2.35e+04,2.35e+04,2.35e+04; 2.43e+04,2.43e+04,2.43e+04,2.42e+04; 2.50e+04,2.50e+04,2.50e+04,2.50e+04; 2.58e+04,2.58e+04,2.58e+04,2.58e+04; 2.65e+04,2.65e+04,2.65e+04,2.65e+04; 2.73e+04,2.73e+04,2.73e+04,2.73e+04; 2.81e+04,2.81e+04,2.80e+04,2.80e+04; 2.88e+04,2.88e+04,2.88e+04,2.88e+04; 2.96e+04,2.96e+04,2.96e+04,2.95e+04; 3.03e+04,3.03e+04,3.03e+04,3.03e+04; 3.11e+04,3.11e+04,3.11e+04,3.11e+04; 3.18e+04,3.18e+04,3.18e+04,3.18e+04; 3.26e+04,3.26e+04,3.26e+04,3.26e+04; 3.34e+04,3.34e+04,3.34e+04,3.33e+04; 3.41e+04,3.41e+04,3.41e+04,3.41e+04; 3.49e+04,3.49e+04,3.49e+04,3.49e+04; 3.56e+04,3.56e+04,3.56e+04,3.56e+04; 3.64e+04,3.64e+04,3.64e+04,3.64e+04; 3.72e+04,3.71e+04,3.71e+04,3.71e+04; 3.79e+04,3.79e+04,3.79e+04,3.79e+04; 3.87e+04,3.87e+04,3.87e+04,3.86e+04; 3.94e+04,3.94e+04,3.94e+04,3.94e+04; 4.02e+04,4.02e+04,4.02e+04,4.02e+04; 4.09e+04,4.09e+04,4.09e+04,4.09e+04; 4.17e+04,4.17e+04,4.17e+04,4.17e+04; 4.25e+04,4.25e+04,4.25e+04,4.24e+04; 4.32e+04,4.32e+04,4.32e+04,4.32e+04; 4.40e+04,4.40e+04,4.40e+04,4.40e+04; 4.47e+04,4.47e+04,4.47e+04,4.47e+04; 4.55e+04,4.55e+04,4.55e+04,4.55e+04; 4.62e+04,4.62e+04,4.62e+04,4.62e+04; 4.70e+04,4.70e+04,4.70e+04,4.70e+04; 4.78e+04,4.78e+04,4.78e+04,4.77e+04; 4.85e+04,4.85e+04,4.85e+04,4.85e+04","24,40,24,40,24,24,40,24,40,24,24,40,40,40,24,40,24,24,40,24,24,24,24,24,24,24,40,24,29,40,29,40,24,29,40,30,30,24,30,40,40,29,29,30,40,40,29,29,29,40,24,29,40,40,30,30,29,40,29,24,29,24,29,30"
482,74.67,57.72,"17.00,24.80,28.45,31.70,35.61,38.06,39.75,41.07,42.91,44.39,45.43,46.46,47.16,48.02,49.18,49.99,50.93,51.45,52.02,52.89,53.50,53.95,54.66,55.15,55.58,57.02,57.01,56.89,57.10,57.18,58.27,59.43,58.72,59.03,59.66,60.53,60.67,60.78,61.40,61.01,61.63,61.86,63.62,63.21,63.86,63.18,63.66,64.42,64.06,65.12,66.31,67.04,66.84,66.74,66.23,68.45,69.80,70.95,68.97,69.20,73.04,75.54,72.80,74.76","3.93e+02,3.93e+02,3.92e+02,3.92e+02","12,5,12,5","3.38e+03; 3.41e+03,3.35e+03; 3.75e+03,3.69e+03,2.70e+03; 3.91e+03,3.80e+03,3.36e+03,2.44e+03; 4.48e+03,4.37e+03,4.25e+03,3.79e+03; 5.31e+03,5.21e+03,5.17e+03,4.59e+03; 6.15e+03,6.07e+03,6.02e+03,5.41e+03; 6.95e+03,6.87e+03,6.80e+03,6.41e+03; 7.76e+03,7.70e+03,7.66e+03,7.28e+03; 8.61e+03,8.56e+03,8.51e+03,8.11e+03; 9.42e+03,9.37e+03,9.33e+03,9.04e+03; 1.02e+04,1.02e+04,1.02e+04,9.95e+03; 1.11e+04,1.10e+04,1.10e+04,1.08e+04; 1.19e+04,1.19e+04,1.19e+04,1.16e+04; 1.28e+04,1.27e+04,1.27e+04,1.25e+04; 1.36e+04,1.36e+04,1.36e+04,1.33e+04; 1.44e+04,1.44e+04,1.44e+04,1.42e+04; 1.53e+04,1.53e+04,1.52e+04,1.50e+04; 1.61e+04,1.61e+04,1.61e+04,1.59e+04; 1.70e+04,1.69e+04,1.69e+04,1.67e+04; 1.78e+04,1.78e+04,1.78e+04,1.76e+04; 1.86e+04,1.86e+04,1.86e+04,1.85e+04; 1.95e+04,1.95e+04,1.94e+04,1.93e+04; 2.03e+04,2.03e+04,2.03e+04,2.02e+04; 2.12e+04,2.11e+04,2.11e+04,2.10e+04; 2.20e+04,2.20e+04,2.20e+04,2.19e+04; 2.28e+04,2.28e+04,2.28e+04,2.27e+04; 2.37e+04,2.37e+04,2.37e+04,2.36e+04; 2.45e+04,2.45e+04,2.45e+04,2.44e+04; 2.54e+04,2.54e+04,2.54e+04,2.53e+04; 2.62e+04,2.62e+04,2.62e+04,2.61e+04; 2.71e+04,2.71e+04,2.70e+04,2.69e+04; 2.79e+04,2.79e+04,2.79e+04,2.78e+04; 2.88e+04,2.87e+04,2.87e+04,2.86e+04; 2.96e+04,2.96e+04,2.96e+04,2.95e+04; 3.04e+04,3.04e+04,3.04e+04,3.03e+04; 3.13e+04,3.13e+04,3.13e+04,3.12e+04; 3.21e+04,3.21e+04,3.21e+04,3.20e+04; 3.30e+04,3.30e+04,3.30e+04,3.29e+04; 3.38e+04,3.38e+04,3.38e+04,3.37e+04; 3.47e+04,3.46e+04,3.46e+04,3.46e+04; 3.55e+04,3.55e+04,3.55e+04,3.54e+04; 3.63e+04,3.63e+04,3.63e+04,3.63e+04; 3.72e+04,3.72e+04,3.72e+04,3.71e+04; 3.80e+04,3.80e+04,3.80e+04,3.79e+04; 3.89e+04,3.89e+04,3.89e+04,3.88e+04; 3.97e+04,3.97e+04,3.97e+04,3.96e+04; 4.06e+04,4.06e+04,4.05e+04,4.05e+04; 4.14e+04,4.14e+04,4.14e+04,4.13e+04; 4.23e+04,4.22e+04,4.22e+04,4.22e+04; 4.31e+04,4.31e+04,4.31e+04,4.30e+04; 4.39e+04,4.39e+04,4.39e+04,4.39e+04; 4.48e+04,4.48e+04,4.48e+04,4.47e+04; 4.56e+04,4.56e+04,4.56e+04,4.56e+04; 4.65e+04,4.65e+04,4.65e+04,4.64e+04; 4.73e+04,4.73e+04,4.73e+04,4.72e+04; 4.82e+04,4.82e+04,4.81e+04,4.81e+04; 4.90e+04,4.90e+04,4.90e+04,4.89e+04; 4.99e+04,4.98e+04,4.98e+04,4.98e+04; 5.07e+04,5.07e+04,5.07e+04,5.06e+04; 5.15e+04,5.15e+04,5.15e+04,5.15e+04; 5.24e+04,5.24e+04,5.24e+04,5.23e+04; 5.32e+04,5.32e+04,5.32e+04,5.32e+04; 5.41e+04,5.41e+04,5.41e+04,5.40e+04","23,25,23,7,23,23,23,7,25,23,7,7,25,25,23,23,23,23,7,25,7,7,25,7,23,7,7,25,25,25,23,25,7,25,23,7,25,7,7,25,23,39,7,7,7,39,23,7,39,7,23,23,23,23,23,39,25,39,7,7,7,23,7,39"
483,69.53,58.24,"17.05,28.32,35.22,39.77,42.88,45.89,47.84,49.68,51.16,52.41,53.22,54.25,55.20,55.87,56.57,57.65,58.50,59.24,59.54,59.94,60.40,60.66,61.40,61.92,62.77,63.05,63.39,64.22,64.53,64.65,65.00,65.17,66.75,66.08,66.05,66.99,67.87,67.33,67.68,67.80,68.11,67.32,68.11,66.65,68.62,70.25,67.27,70.75,69.97,69.78,71.20,71.45,72.88,72.32,72.48,73.16,73.25,71.34,74.02,75.53,75.86,76.11,76.82,78.50","5.51e+02,5.51e+02,5.51e+02,5.50e+02","0,11,0,9","4.11e+03; 4.11e+03,4.11e+03; 4.14e+03,4.14e+03,4.05e+03; 4.31e+03,4.28e+03,4.15e+03,3.71e+03; 5.32e+03,5.28e+03,5.24e+03,4.71e+03; 6.25e+03,6.22e+03,6.17e+03,6.01e+03; 7.26e+03,7.24e+03,7.18e+03,7.09e+03; 8.28e+03,8.26e+03,8.23e+03,8.12e+03; 9.29e+03,9.27e+03,9.24e+03,9.19e+03; 1.03e+04,1.03e+04,1.03e+04,1.02e+04; 1.13e+04,1.13e+04,1.13e+04,1.12e+04; 1.24e+04,1.24e+04,1.23e+04,1.23e+04; 1.34e+04,1.34e+04,1.34e+04,1.33e+04; 1.44e+04,1.44e+04,1.44e+04,1.43e+04; 1.54e+04,1.54e+04,1.54e+04,1.54e+04; 1.65e+04,1.65e+04,1.64e+04,1.64e+04; 1.75e+04,1.75e+04,1.75e+04,1.74e+04; 1.85e+04,1.85e+04,1.85e+04,1.85e+04; 1.95e+04,1.95e+04,1.95e+04,1.95e+04; 2.06e+04,2.06e+04,2.06e+04,2.05e+04; 2.16e+04,2.16e+04,2.16e+04,2.15e+04; 2.26e+04,2.26e+04,2.26e+04,2.26e+04; 2.37e+04,2.36e+04,2.36e+04,2.36e+04; 2.47e+04,2.47e+04,2.47e+04,2.46e+04; 2.57e+04,2.57e+04,2.57e+04,2.57e+04; 2.67e+04,2.67e+04,2.67e+04,2.67e+04; 2.78e+04,2.78e+04,2.77e+04,2.77e+04; 2.88e+04,2.88e+04,2.88e+04,2.87e+04; 2.98e+04,2.98e+04,2.98e+04,2.98e+04; 3.08e+04,3.08e+04,3.08e+04,3.08e+04; 3.19e+04,3.19e+04,3.19e+04,3.18e+04; 3.29e+04,3.29e+04,3.29e+04,3.29e+04; 3.39e+04,3.39e+04,3.39e+04,3.39e+04; 3.50e+04,3.49e+04,3.49e+04,3.49e+04; 3.60e+04,3.60e+04,3.60e+04,3.59e+04; 3.70e+04,3.70e+04,3.70e+04,3.70e+04; 3.80e+04,3.80e+04,3.80e+04,3.80e+04; 3.91e+04,3.91e+04,3.90e+04,3.90e+04; 4.01e+04,4.01e+04,4.01e+04,4.01e+04; 4.11e+04,4.11e+04,4.11e+04,4.11e+04; 4.21e+04,4.21e+04,4.21e+04,4.21e+04; 4.32e+04,4.32e+04,4.32e+04,4.31e+04; 4.42e+04,4.42e+04,4.42e+04,4.42e+04; 4.52e+04,4.52e+04,4.52e+04,4.52e+04; 4.63e+04,4.62e+04,4.62e+04,4.62e+04; 4.73e+04,4.73e+04,4.73e+04,4.72e+04; 4.83e+04,4.83e+04,4.83e+04,4.83e+04; 4.93e+04,4.93e+04,4.93e+04,4.93e+04; 5.04e+04,5.04e+04,5.04e+04,5.03e+04; 5.14e+04,5.14e+04,5.14e+04,5.14e+04; 5.24e+04,5.24e+04,5.24e+04,5.24e+04; 5.34e+04,5.34e+04,5.34e+04,5.34e+04; 5.45e+04,5.45e+04,5.45e+04,5.44e+04; 5.55e+04,5.55e+04,5.55e+04,5.55e+04; 5.65e+04,5.65e+04,5.65e+04,5.65e+04; 5.76e+04,5.76e+04,5.75e+04,5.75e+04; 5.86e+04,5.86e+04,5.86e+04,5.85e+04; 5.96e+04,5.96e+04,5.96e+04,5.96e+04; 6.06e+04,6.06e+04,6.06e+04,6.06e+04; 6.17e+04,6.17e+04,6.17e+04,6.16e+04; 6.27e+04,6.27e+04,6.27e+04,6.27e+04; 6.37e+04,6.37e+04,6.37e+04,6.37e+04; 6.47e+04,6.47e+04,6.47e+04,6.47e+04; 6.58e+04,6.58e+04,6.58e+04,6.57e+04","23,48,23,48,23,48,48,23,48,23,48,23,48,23,48,48,23,23,32,32,28,23,23,48,48,48,48,23,32,23,32,28,23,32,48,28,28,23,23,28,32,32,28,48,48,48,23,28,23,23,28,28,48,48,28,32,32,23,48,23,48,48,32,32"
484,68.64,56.70,"17.09,26.20,30.55,34.71,37.76,39.91,42.68,44.68,46.05,47.10,47.56,48.68,49.54,50.20,50.94,51.61,52.29,53.34,54.15,54.72,54.90,55.49,55.88,56.20,57.29,57.57,57.66,58.48,60.05,59.92,59.10,60.26,59.74,60.67,59.99,63.46,60.88,62.89,63.31,64.12,63.61,65.26,66.78,64.20,71.69,71.98,74.73,76.05,75.94,78.76,77.93,78.52,82.94,89.69,85.35,89.38,89.21,88.24,92.33,91.66,92.63,105.28,107.53,105.30","6.77e+02,6.77e+02,6.76e+02,6.73e+02","0,8,0,8","5.33e+03; 5.38e+03,5.28e+03; 5.91e+03,5.78e+03,4.30e+03; 7.20e+03,7.09e+03,6.71e+03,3.05e+02; 8.98e+03,8.90e+03,8.76e+03; 8.71e+03,8.61e+03,8.14e+03,6.50e+03; 9.83e+03,9.75e+03,9.40e+03,8.31e+03; 1.07e+04,1.07e+04,1.06e+04,1.05e+04; 1.25e+04,1.25e+04,1.19e+04,1.10e+04; 1.35e+04,1.35e+04,1.33e+04,1.30e+04; 1.47e+04,1.47e+04,1.46e+04,1.46e+04; 1.65e+04,1.64e+04,1.59e+04,1.51e+04; 1.81e+04,1.81e+04,1.77e+04,1.53e+04; 1.90e+04,1.90e+04,1.87e+04,1.79e+04; 2.03e+04,2.03e+04,1.99e+04,1.93e+04; 2.17e+04,2.17e+04,2.12e+04,2.06e+04; 2.30e+04,2.30e+04,2.25e+04,2.20e+04; 2.43e+04,2.43e+04,2.39e+04,2.34e+04; 2.54e+04,2.54e+04,2.53e+04,2.51e+04; 2.70e+04,2.70e+04,2.66e+04,2.60e+04; 2.82e+04,2.82e+04,2.80e+04,2.75e+04; 2.94e+04,2.94e+04,2.93e+04,2.90e+04; 3.09e+04,3.09e+04,3.06e+04,3.01e+04; 3.22e+04,3.22e+04,3.19e+04,3.15e+04; 3.36e+04,3.36e+04,3.32e+04,3.28e+04; 3.49e+04,3.49e+04,3.46e+04,3.42e+04; 3.62e+04,3.61e+04,3.59e+04,3.56e+04; 3.76e+04,3.76e+04,3.72e+04,3.68e+04; 3.88e+04,3.88e+04,3.86e+04,3.82e+04; 4.01e+04,4.00e+04,3.99e+04,3.98e+04; 4.14e+04,4.14e+04,4.13e+04,4.10e+04; 4.28e+04,4.28e+04,4.26e+04,4.23e+04; 4.41e+04,4.41e+04,4.39e+04,4.37e+04; 4.54e+04,4.54e+04,4.53e+04,4.50e+04; 4.68e+04,4.68e+04,4.66e+04,4.62e+04; 4.80e+04,4.80e+04,4.79e+04,4.78e+04; 4.94e+04,4.94e+04,4.93e+04,4.90e+04; 5.07e+04,5.07e+04,5.06e+04,5.04e+04; 5.20e+04,5.20e+04,5.19e+04,5.18e+04; 5.33e+04,5.33e+04,5.33e+04,5.32e+04; 5.47e+04,5.46e+04,5.46e+04,5.45e+04; 5.60e+04,5.60e+04,5.59e+04,5.58e+04; 5.73e+04,5.73e+04,5.72e+04,5.71e+04; 5.86e+04,5.86e+04,5.86e+04,5.85e+04; 6.00e+04,6.00e+04,5.99e+04,5.98e+04; 6.14e+04,6.13e+04,6.12e+04,6.11e+04; 6.27e+04,6.27e+04,6.26e+04,6.24e+04; 6.40e+04,6.40e+04,6.39e+04,6.38e+04; 6.53e+04,6.53e+04,6.52e+04,6.52e+04; 6.66e+04,6.66e+04,6.66e+04,6.65e+04; 6.80e+04,6.80e+04,6.79e+04,6.78e+04; 6.93e+04,6.93e+04,6.92e+04,6.91e+04; 7.06e+04,7.06e+04,7.06e+04,7.05e+04; 7.20e+04,7.20e+04,7.19e+04,7.18e+04; 7.33e+04,7.33e+04,7.32e+04,7.32e+04; 7.46e+04,7.46e+04,7.46e+04,7.45e+04; 7.59e+04,7.59e+04,7.59e+04,7.59e+04; 7.73e+04,7.73e+04,7.72e+04,7.72e+04; 7.86e+04,7.86e+04,7.86e+04,7.85e+04; 7.99e+04,7.99e+04,7.99e+04,7.98e+04; 8.13e+04,8.13e+04,8.12e+04,8.12e+04; 8.26e+04,8.26e+04,8.26e+04,8.25e+04; 8.39e+04,8.39e+04,8.39e+04,8.38e+04; 8.53e+04,8.53e+04,8.52e+04,8.52e+04","24,24,24,24,24,24,24,24,24,24,26,24,24,22,24,24,24,24,24,8,8,22,24,24,8,24,22,22,8,24,26,8,22,24,24,24,26,24,24,24,8,24,8,26,24,8,8,24,8,22,24,26,26,24,22,24,22,8,24,24,26,26,24,24"
485,66.11,55.94,"16.13,27.32,31.33,34.27,38.13,40.73,43.30,45.36,46.84,47.96,48.82,49.71,50.57,51.43,52.30,53.34,54.12,54.77,55.35,55.72,56.16,56.72,56.99,57.79,58.03,58.44,58.87,58.94,59.54,60.10,60.16,60.51,61.45,61.40,61.36,62.05,62.16,63.33,63.55,63.85,65.03,64.77,64.75,65.53,65.04,65.69,67.25,66.57,67.10,64.65,67.07,65.15,66.80,67.46,67.61,68.11,67.38,69.69,68.34,69.47,69.37,68.76,70.34,70.21","4.45e+02,4.44e+02,4.44e+02,4.42e+02","12,4,12,4","3.23e+03; 3.23e+03,3.22e+03; 3.52e+03,3.51e+03,2.66e+03; 3.98e+03,3.95e+03,3.30e+03,1.68e+03; 4.47e+03,4.42e+03,4.22e+03,3.03e+03; 5.08e+03,5.04e+03,4.85e+03,4.39e+03; 5.84e+03,5.80e+03,5.73e+03,5.22e+03; 6.57e+03,6.54e+03,6.47e+03,6.24e+03; 7.36e+03,7.32e+03,7.25e+03,7.12e+03; 8.16e+03,8.13e+03,8.07e+03,7.93e+03; 8.96e+03,8.93e+03,8.87e+03,8.74e+03; 9.77e+03,9.74e+03,9.68e+03,9.55e+03; 1.06e+04,1.05e+04,1.05e+04,1.04e+04; 1.14e+04,1.14e+04,1.13e+04,1.12e+04; 1.22e+04,1.22e+04,1.21e+04,1.20e+04; 1.30e+04,1.30e+04,1.29e+04,1.28e+04; 1.38e+04,1.38e+04,1.37e+04,1.36e+04; 1.46e+04,1.46e+04,1.45e+04,1.44e+04; 1.54e+04,1.54e+04,1.53e+04,1.52e+04; 1.62e+04,1.62e+04,1.61e+04,1.60e+04; 1.70e+04,1.70e+04,1.70e+04,1.69e+04; 1.78e+04,1.78e+04,1.78e+04,1.77e+04; 1.86e+04,1.86e+04,1.86e+04,1.85e+04; 1.94e+04,1.94e+04,1.94e+04,1.93e+04; 2.02e+04,2.02e+04,2.02e+04,2.01e+04; 2.10e+04,2.10e+04,2.10e+04,2.09e+04; 2.18e+04,2.18e+04,2.18e+04,2.17e+04; 2.26e+04,2.26e+04,2.26e+04,2.25e+04; 2.34e+04,2.34e+04,2.34e+04,2.33e+04; 2.43e+04,2.42e+04,2.42e+04,2.41e+04; 2.51e+04,2.50e+04,2.50e+04,2.49e+04; 2.59e+04,2.58e+04,2.58e+04,2.58e+04; 2.67e+04,2.66e+04,2.66e+04,2.66e+04; 2.75e+04,2.75e+04,2.74e+04,2.74e+04; 2.83e+04,2.83e+04,2.82e+04,2.82e+04; 2.91e+04,2.91e+04,2.91e+04,2.90e+04; 2.99e+04,2.99e+04,2.99e+04,2.98e+04; 3.07e+04,3.07e+04,3.07e+04,3.06e+04; 3.15e+04,3.15e+04,3.15e+04,3.14e+04; 3.23e+04,3.23e+04,3.23e+04,3.22e+04; 3.31e+04,3.31e+04,3.31e+04,3.30e+04; 3.39e+04,3.39e+04,3.39e+04,3.38e+04; 3.47e+04,3.47e+04,3.47e+04,3.46e+04; 3.55e+04,3.55e+04,3.55e+04,3.54e+04; 3.63e+04,3.63e+04,3.63e+04,3.62e+04; 3.72e+04,3.71e+04,3.71e+04,3.71e+04; 3.80e+04,3.79e+04,3.79e+04,3.79e+04; 3.88e+04,3.88e+04,3.87e+04,3.87e+04; 3.96e+04,3.96e+04,3.95e+04,3.95e+04; 4.04e+04,4.04e+04,4.04e+04,4.03e+04; 4.12e+04,4.12e+04,4.12e+04,4.11e+04; 4.20e+04,4.20e+04,4.20e+04,4.19e+04; 4.28e+04,4.28e+04,4.28e+04,4.27e+04; 4.36e+04,4.36e+04,4.36e+04,4.35e+04; 4.44e+04,4.44e+04,4.44e+04,4.43e+04; 4.52e+04,4.52e+04,4.52e+04,4.51e+04; 4.60e+04,4.60e+04,4.60e+04,4.59e+04; 4.68e+04,4.68e+04,4.68e+04,4.68e+04; 4.76e+04,4.76e+04,4.76e+04,4.76e+04; 4.84e+04,4.84e+04,4.84e+04,4.84e+04; 4.92e+04,4.92e+04,4.92e+04,4.92e+04; 5.01e+04,5.00e+04,5.00e+04,5.00e+04; 5.09e+04,5.09e+04,5.08e+04,5.08e+04; 5.17e+04,5.17e+04,5.17e+04,5.16e+04","24,56,24,56,24,56,24,56,56,24,56,24,24,24,56,24,56,24,24,22,8,22,24,56,8,24,22,24,22,22,56,56,24,8,24,56,24,24,22,22,22,22,8,56,56,56,56,56,8,22,22,22,56,8,56,56,24,56,22,56,22,56,24,22"
486,48.00,40.73,"17.39,22.43,25.88,28.22,29.61,31.10,32.02,34.37,34.99,35.85,36.61,38.24,39.30,40.06,40.53,40.87,41.09,41.66,43.01,42.85,45.41,45.22,46.06,47.86,46.54,47.64,47.73,49.81,50.89,53.20,52.12,52.40,56.95,57.13,54.44,58.16,61.49,59.96,62.50,65.18,66.30,66.44,65.98,73.24,73.80,73.38,75.22,77.01,78.31,84.33,82.68,86.05,90.63,92.58,91.45,96.05,96.96,101.42,102.17,102.50,103.18,105.47,110.42,107.85","5.47e+02,5.46e+02,5.45e+02,4.87e+02","12,12,4,12","3.65e+03; 3.84e+03,3.47e+03; 5.55e+03,5.41e+03; 7.35e+03,7.27e+03; 7.39e+03,7.33e+03,3.54e+03; 7.86e+03,7.81e+03,3.91e+03,2.34e+03; 7.67e+03,7.62e+03,6.27e+03,4.02e+03; 8.60e+03,8.57e+03,7.40e+03,4.66e+03; 9.15e+03,9.12e+03,7.63e+03,6.99e+03; 9.54e+03,9.51e+03,9.15e+03,8.34e+03; 1.11e+04,1.11e+04,1.03e+04,7.66e+03; 1.31e+04,1.31e+04,1.24e+04,5.20e+03; 1.38e+04,1.38e+04,1.33e+04,6.60e+03; 1.47e+04,1.47e+04,1.41e+04,7.67e+03; 1.54e+04,1.54e+04,1.48e+04,9.19e+03; 1.58e+04,1.58e+04,1.51e+04,1.18e+04; 1.68e+04,1.68e+04,1.61e+04,1.24e+04; 1.72e+04,1.72e+04,1.69e+04,1.45e+04; 1.84e+04,1.84e+04,1.79e+04,1.48e+04; 1.98e+04,1.98e+04,1.90e+04,1.45e+04; 2.04e+04,2.04e+04,2.01e+04,1.59e+04; 2.11e+04,2.11e+04,2.08e+04,1.73e+04; 2.24e+04,2.24e+04,2.21e+04,1.72e+04; 2.29e+04,2.29e+04,2.26e+04,1.93e+04; 2.38e+04,2.37e+04,2.34e+04,2.04e+04; 2.44e+04,2.44e+04,2.42e+04,2.20e+04; 2.54e+04,2.54e+04,2.51e+04,2.27e+04; 2.61e+04,2.61e+04,2.58e+04,2.43e+04; 2.77e+04,2.76e+04,2.74e+04,2.32e+04; 2.86e+04,2.86e+04,2.83e+04,2.42e+04; 2.92e+04,2.92e+04,2.90e+04,2.60e+04; 3.02e+04,3.01e+04,2.99e+04,2.67e+04; 3.11e+04,3.11e+04,3.09e+04,2.75e+04; 3.15e+04,3.15e+04,3.13e+04,3.00e+04; 3.26e+04,3.26e+04,3.24e+04,3.03e+04; 3.38e+04,3.38e+04,3.36e+04,3.04e+04; 3.46e+04,3.46e+04,3.45e+04,3.15e+04; 3.53e+04,3.53e+04,3.51e+04,3.32e+04; 3.65e+04,3.65e+04,3.63e+04,3.33e+04; 3.73e+04,3.73e+04,3.72e+04,3.44e+04; 3.82e+04,3.82e+04,3.81e+04,3.53e+04; 3.91e+04,3.91e+04,3.90e+04,3.62e+04; 4.00e+04,4.00e+04,3.99e+04,3.72e+04; 4.10e+04,4.10e+04,4.08e+04,3.80e+04; 4.19e+04,4.19e+04,4.18e+04,3.88e+04; 4.28e+04,4.28e+04,4.27e+04,3.97e+04; 4.37e+04,4.37e+04,4.36e+04,4.08e+04; 4.45e+04,4.45e+04,4.44e+04,4.19e+04; 4.54e+04,4.54e+04,4.54e+04,4.28e+04; 4.63e+04,4.63e+04,4.63e+04,4.37e+04; 4.71e+04,4.71e+04,4.70e+04,4.51e+04; 4.82e+04,4.82e+04,4.81e+04,4.55e+04; 4.91e+04,4.91e+04,4.90e+04,4.65e+04; 5.00e+04,5.00e+04,4.99e+04,4.75e+04; 5.09e+04,5.09e+04,5.08e+04,4.85e+04; 5.17e+04,5.17e+04,5.16e+04,4.97e+04; 5.26e+04,5.26e+04,5.26e+04,5.05e+04; 5.36e+04,5.36e+04,5.35e+04,5.13e+04; 5.45e+04,5.44e+04,5.44e+04,5.23e+04; 5.54e+04,5.54e+04,5.54e+04,5.30e+04; 5.63e+04,5.63e+04,5.62e+04,5.41e+04; 5.71e+04,5.71e+04,5.70e+04,5.54e+04; 5.81e+04,5.81e+04,5.81e+04,5.58e+04; 5.90e+04,5.90e+04,5.90e+04,5.69e+04","23,23,23,23,23,23,32,23,23,21,17,23,23,17,32,32,17,23,21,17,23,23,23,32,21,23,17,32,23,21,17,17,23,32,21,23,32,32,21,23,17,21,23,23,32,21,23,21,23,23,17,23,23,32,21,32,23,23,17,32,23,21,21,23"
487,63.32,54.21,"16.84,23.51,28.66,32.24,35.24,37.97,40.26,42.58,44.20,45.11,46.16,47.02,47.94,48.71,49.42,50.46,51.20,51.37,52.59,53.42,53.73,53.96,54.70,55.15,55.30,55.24,57.10,56.02,55.74,57.99,58.86,58.38,58.51,60.18,60.65,59.33,61.85,61.32,61.64,63.23,65.38,64.08,66.36,65.54,68.53,69.44,73.18,71.63,73.04,75.76,77.47,81.14,83.54,86.27,86.54,85.82,87.32,93.20,95.77,95.24,100.13,102.35,102.56,105.67","5.76e+02,5.76e+02,5.76e+02,5.69e+02","12,4,12,4","4.10e+03; 4.18e+03,4.03e+03; 4.35e+03,4.26e+03,3.71e+03; 5.61e+03,5.58e+03,4.87e+03,3.68e+02; 6.33e+03,6.31e+03,5.80e+03,2.09e+03; 7.15e+03,7.13e+03,6.60e+03,3.75e+03; 7.93e+03,7.92e+03,7.45e+03,5.43e+03; 8.58e+03,8.57e+03,8.20e+03,7.49e+03; 9.49e+03,9.48e+03,9.18e+03,8.78e+03; 1.06e+04,1.06e+04,1.02e+04,9.75e+03; 1.16e+04,1.16e+04,1.12e+04,1.08e+04; 1.26e+04,1.26e+04,1.23e+04,1.18e+04; 1.36e+04,1.36e+04,1.33e+04,1.28e+04; 1.46e+04,1.46e+04,1.44e+04,1.39e+04; 1.56e+04,1.56e+04,1.54e+04,1.50e+04; 1.66e+04,1.66e+04,1.64e+04,1.61e+04; 1.76e+04,1.76e+04,1.74e+04,1.72e+04; 1.86e+04,1.86e+04,1.84e+04,1.82e+04; 1.96e+04,1.96e+04,1.95e+04,1.93e+04; 2.07e+04,2.07e+04,2.05e+04,2.03e+04; 2.17e+04,2.17e+04,2.16e+04,2.13e+04; 2.27e+04,2.27e+04,2.26e+04,2.23e+04; 2.37e+04,2.37e+04,2.36e+04,2.34e+04; 2.48e+04,2.48e+04,2.46e+04,2.44e+04; 2.58e+04,2.58e+04,2.56e+04,2.55e+04; 2.68e+04,2.68e+04,2.66e+04,2.65e+04; 2.78e+04,2.78e+04,2.77e+04,2.75e+04; 2.88e+04,2.88e+04,2.87e+04,2.86e+04; 2.99e+04,2.99e+04,2.97e+04,2.95e+04; 3.09e+04,3.09e+04,3.08e+04,3.06e+04; 3.19e+04,3.19e+04,3.18e+04,3.16e+04; 3.29e+04,3.29e+04,3.28e+04,3.27e+04; 3.40e+04,3.40e+04,3.38e+04,3.37e+04; 3.50e+04,3.50e+04,3.49e+04,3.47e+04; 3.60e+04,3.60e+04,3.59e+04,3.57e+04; 3.70e+04,3.70e+04,3.69e+04,3.68e+04; 3.81e+04,3.81e+04,3.79e+04,3.78e+04; 3.91e+04,3.91e+04,3.89e+04,3.88e+04; 4.01e+04,4.01e+04,4.00e+04,3.99e+04; 4.11e+04,4.11e+04,4.10e+04,4.09e+04; 4.22e+04,4.22e+04,4.20e+04,4.19e+04; 4.32e+04,4.32e+04,4.31e+04,4.30e+04; 4.42e+04,4.42e+04,4.41e+04,4.40e+04; 4.53e+04,4.53e+04,4.51e+04,4.50e+04; 4.63e+04,4.63e+04,4.61e+04,4.61e+04; 4.73e+04,4.73e+04,4.72e+04,4.71e+04; 4.83e+04,4.83e+04,4.82e+04,4.81e+04; 4.93e+04,4.93e+04,4.92e+04,4.91e+04; 5.04e+04,5.04e+04,5.02e+04,5.02e+04; 5.14e+04,5.14e+04,5.12e+04,5.12e+04; 5.24e+04,5.24e+04,5.23e+04,5.22e+04; 5.35e+04,5.35e+04,5.33e+04,5.32e+04; 5.45e+04,5.45e+04,5.43e+04,5.43e+04; 5.55e+04,5.55e+04,5.54e+04,5.53e+04; 5.65e+04,5.65e+04,5.64e+04,5.63e+04; 5.75e+04,5.75e+04,5.74e+04,5.74e+04; 5.86e+04,5.86e+04,5.85e+04,5.84e+04; 5.96e+04,5.96e+04,5.95e+04,5.94e+04; 6.06e+04,6.06e+04,6.05e+04,6.05e+04; 6.17e+04,6.17e+04,6.15e+04,6.15e+04; 6.27e+04,6.27e+04,6.25e+04,6.25e+04; 6.37e+04,6.37e+04,6.36e+04,6.35e+04; 6.47e+04,6.47e+04,6.46e+04,6.46e+04; 6.57e+04,6.57e+04,6.56e+04,6.56e+04","16,16,22,16,16,16,16,16,16,22,16,16,22,16,22,16,16,20,16,20,20,16,22,20,16,18,18,20,16,22,16,20,22,18,22,16,22,16,20,22,20,22,22,20,22,16,16,18,20,16,22,16,16,18,22,20,16,22,22,16,22,18,16,16"
488,70.80,55.31,"18.09,22.92,27.18,31.66,36.00,39.66,42.55,44.78,46.10,47.65,48.65,50.11,50.52,51.89,52.34,53.46,54.69,54.89,55.35,55.92,56.62,58.30,57.95,58.91,59.21,59.07,59.42,60.45,62.01,60.21,62.25,61.21,65.54,64.14,64.68,66.92,66.42,66.32,69.54,68.56,68.43,69.53,71.40,70.81,72.58,72.11,74.49,78.09,76.31,78.18,78.40,83.82,85.82,86.12,87.81,88.11,90.45,90.75,90.90,95.94,97.08,98.94,99.82,101.44","4.80e+02,4.79e+02,4.79e+02,4.79e+02","8,0,8,0","4.24e+03; 4.45e+03,4.03e+03; 4.61e+03,4.14e+03,3.97e+03; 4.86e+03,4.71e+03,4.33e+03,3.06e+03; 5.57e+03,5.50e+03,5.16e+03,4.97e+03; 6.56e+03,6.53e+03,6.36e+03,5.99e+03; 7.61e+03,7.60e+03,7.44e+03,7.03e+03; 8.66e+03,8.65e+03,8.51e+03,8.09e+03; 9.69e+03,9.68e+03,9.61e+03,9.17e+03; 1.07e+04,1.07e+04,1.07e+04,1.03e+04; 1.18e+04,1.18e+04,1.17e+04,1.14e+04; 1.28e+04,1.28e+04,1.28e+04,1.24e+04; 1.39e+04,1.39e+04,1.38e+04,1.36e+04; 1.49e+04,1.49e+04,1.48e+04,1.47e+04; 1.60e+04,1.60e+04,1.59e+04,1.58e+04; 1.70e+04,1.70e+04,1.70e+04,1.68e+04; 1.81e+04,1.81e+04,1.80e+04,1.79e+04; 1.91e+04,1.91e+04,1.91e+04,1.89e+04; 2.02e+04,2.02e+04,2.02e+04,2.00e+04; 2.13e+04,2.12e+04,2.12e+04,2.11e+04; 2.23e+04,2.23e+04,2.23e+04,2.21e+04; 2.34e+04,2.34e+04,2.33e+04,2.32e+04; 2.44e+04,2.44e+04,2.44e+04,2.43e+04; 2.55e+04,2.55e+04,2.54e+04,2.53e+04; 2.65e+04,2.65e+04,2.65e+04,2.64e+04; 2.76e+04,2.76e+04,2.76e+04,2.75e+04; 2.87e+04,2.87e+04,2.86e+04,2.85e+04; 2.97e+04,2.97e+04,2.97e+04,2.96e+04; 3.08e+04,3.08e+04,3.07e+04,3.07e+04; 3.18e+04,3.18e+04,3.18e+04,3.17e+04; 3.29e+04,3.29e+04,3.29e+04,3.28e+04; 3.40e+04,3.39e+04,3.39e+04,3.38e+04; 3.50e+04,3.50e+04,3.50e+04,3.49e+04; 3.61e+04,3.61e+04,3.60e+04,3.60e+04; 3.71e+04,3.71e+04,3.71e+04,3.70e+04; 3.82e+04,3.82e+04,3.82e+04,3.81e+04; 3.92e+04,3.92e+04,3.92e+04,3.92e+04; 4.03e+04,4.03e+04,4.03e+04,4.02e+04; 4.14e+04,4.14e+04,4.13e+04,4.13e+04; 4.24e+04,4.24e+04,4.24e+04,4.23e+04; 4.35e+04,4.35e+04,4.35e+04,4.34e+04; 4.45e+04,4.45e+04,4.45e+04,4.45e+04; 4.56e+04,4.56e+04,4.56e+04,4.55e+04; 4.67e+04,4.67e+04,4.66e+04,4.66e+04; 4.77e+04,4.77e+04,4.77e+04,4.76e+04; 4.88e+04,4.88e+04,4.88e+04,4.87e+04; 4.98e+04,4.98e+04,4.98e+04,4.98e+04; 5.09e+04,5.09e+04,5.09e+04,5.08e+04; 5.20e+04,5.20e+04,5.19e+04,5.19e+04; 5.30e+04,5.30e+04,5.30e+04,5.29e+04; 5.41e+04,5.41e+04,5.41e+04,5.40e+04; 5.51e+04,5.51e+04,5.51e+04,5.51e+04; 5.62e+04,5.62e+04,5.62e+04,5.61e+04; 5.73e+04,5.73e+04,5.72e+04,5.72e+04; 5.83e+04,5.83e+04,5.83e+04,5.82e+04; 5.94e+04,5.94e+04,5.94e+04,5.93e+04; 6.04e+04,6.04e+04,6.04e+04,6.04e+04; 6.15e+04,6.15e+04,6.15e+04,6.14e+04; 6.26e+04,6.26e+04,6.25e+04,6.25e+04; 6.36e+04,6.36e+04,6.36e+04,6.35e+04; 6.47e+04,6.47e+04,6.47e+04,6.46e+04; 6.57e+04,6.57e+04,6.57e+04,6.57e+04; 6.68e+04,6.68e+04,6.68e+04,6.67e+04; 6.79e+04,6.79e+04,6.78e+04,6.78e+04","23,23,58,23,23,23,23,23,23,23,58,23,58,58,58,23,23,58,23,58,28,26,28,26,23,58,58,23,58,26,28,58,23,58,23,28,58,58,28,26,28,26,23,28,26,23,58,26,23,23,23,23,23,58,26,28,28,26,23,26,23,58,23,23"
489,50.67,43.86,"17.61,21.05,24.33,26.61,28.22,30.00,32.83,35.28,36.40,37.16,37.97,38.75,39.56,39.81,40.72,41.32,41.68,42.54,41.71,43.00,43.41,43.53,44.72,44.79,44.05,45.74,45.56,46.73,45.15,45.38,47.12,46.26,48.58,49.53,49.34,52.21,55.88,58.74,56.72,59.19,59.03,62.68,66.63,70.13,72.53,74.99,76.64,78.85,79.33,82.39,86.72,88.79,95.83,99.39,101.05,102.37,110.71,109.79,115.55,119.80,119.81,124.73,130.70,129.79","1.16e+03,1.15e+03,1.15e+03,1.12e+03","15,7,15,5","9.16e+03; 1.02e+04,8.15e+03; 1.41e+04,1.34e+04; 1.85e+04,1.82e+04; 2.30e+04,2.28e+04; 2.08e+04,2.07e+04,1.35e+04; 2.20e+04,2.19e+04,2.02e+04; 2.47e+04,2.46e+04,2.40e+04; 2.77e+04,2.76e+04,2.71e+04; 2.93e+04,2.92e+04,2.88e+04,4.29e+03; 3.27e+04,3.26e+04,3.21e+04,3.42e+03; 3.55e+04,3.54e+04,3.50e+04,3.97e+03; 3.53e+04,3.52e+04,3.48e+04,1.38e+04; 3.86e+04,3.86e+04,3.82e+04,1.29e+04; 4.04e+04,4.04e+04,4.00e+04,1.66e+04; 4.32e+04,4.31e+04,4.28e+04,1.75e+04; 4.45e+04,4.45e+04,4.42e+04,2.25e+04; 4.75e+04,4.74e+04,4.71e+04,2.29e+04; 5.03e+04,5.02e+04,4.99e+04,2.37e+04; 5.34e+04,5.33e+04,5.30e+04,2.35e+04; 5.55e+04,5.54e+04,5.51e+04,2.63e+04; 5.47e+04,5.47e+04,5.43e+04,3.78e+04; 5.58e+04,5.58e+04,5.55e+04,4.35e+04; 6.09e+04,6.08e+04,6.06e+04,3.75e+04; 6.17e+04,6.16e+04,6.14e+04,4.44e+04; 6.57e+04,6.56e+04,6.54e+04,4.15e+04; 6.79e+04,6.79e+04,6.76e+04,4.39e+04; 7.16e+04,7.16e+04,7.13e+04,4.20e+04; 7.31e+04,7.31e+04,7.28e+04,4.66e+04; 7.51e+04,7.51e+04,7.48e+04,4.97e+04; 7.81e+04,7.81e+04,7.78e+04,4.99e+04; 7.74e+04,7.74e+04,7.72e+04,6.12e+04; 7.87e+04,7.86e+04,7.84e+04,6.65e+04; 8.07e+04,8.06e+04,8.04e+04,6.97e+04; 8.20e+04,8.20e+04,8.18e+04,7.48e+04; 8.69e+04,8.69e+04,8.67e+04,6.93e+04; 9.13e+04,9.13e+04,9.11e+04,6.53e+04; 9.47e+04,9.47e+04,9.45e+04,6.42e+04; 9.47e+04,9.46e+04,9.45e+04,7.35e+04; 9.57e+04,9.57e+04,9.55e+04,7.95e+04; 9.79e+04,9.79e+04,9.77e+04,8.20e+04; 1.01e+05,1.01e+05,1.01e+05,8.22e+04; 1.03e+05,1.03e+05,1.03e+05,8.45e+04; 1.07e+05,1.07e+05,1.07e+05,8.24e+04; 1.06e+05,1.06e+05,1.05e+05,9.56e+04; 1.11e+05,1.11e+05,1.10e+05,8.95e+04; 1.12e+05,1.12e+05,1.12e+05,9.35e+04; 1.13e+05,1.13e+05,1.13e+05,9.97e+04; 1.15e+05,1.15e+05,1.15e+05,1.04e+05; 1.18e+05,1.18e+05,1.18e+05,1.05e+05; 1.23e+05,1.23e+05,1.23e+05,9.92e+04; 1.21e+05,1.21e+05,1.21e+05,1.13e+05; 1.28e+05,1.28e+05,1.28e+05,1.03e+05; 1.30e+05,1.30e+05,1.29e+05,1.06e+05; 1.30e+05,1.30e+05,1.30e+05,1.13e+05; 1.32e+05,1.32e+05,1.32e+05,1.16e+05; 1.36e+05,1.36e+05,1.36e+05,1.13e+05; 1.36e+05,1.36e+05,1.36e+05,1.24e+05; 1.39e+05,1.39e+05,1.39e+05,1.23e+05; 1.40e+05,1.40e+05,1.40e+05,1.29e+05; 1.44e+05,1.44e+05,1.44e+05,1.27e+05; 1.45e+05,1.45e+05,1.45e+05,1.32e+05; 1.47e+05,1.47e+05,1.47e+05,1.35e+05; 1.48e+05,1.48e+05,1.48e+05,1.43e+05","14,8,8,8,8,8,8,8,8,8,8,8,8,14,30,24,24,30,14,14,30,8,14,24,24,30,24,30,30,8,24,14,24,8,8,8,8,14,30,30,14,8,8,30,8,14,30,24,24,8,14,8,8,30,30,8,14,8,14,30,24,24,8,8"
490,53.53,45.45,"17.25,24.28,28.05,30.50,32.69,34.45,36.99,38.60,39.60,40.48,40.72,42.46,43.22,43.73,43.97,44.71,46.30,46.74,47.89,48.06,48.95,48.51,51.28,50.00,52.00,51.80,50.46,51.78,53.49,53.68,56.76,57.19,60.21,59.65,64.88,64.93,69.90,67.56,72.00,73.35,68.37,74.13,73.30,77.61,83.86,84.48,82.30,86.77,85.95,90.96,95.70,92.29,108.53,101.89,100.54,111.97,103.37,122.61,115.97,124.52,113.27,113.71,136.42,122.00","1.06e+03,1.06e+03,1.06e+03,1.02e+03","8,3,8,8","6.61e+03; 6.68e+03,6.53e+03; 9.94e+03,9.88e+03; 1.27e+04,1.27e+04,1.04e+03; 1.38e+04,1.38e+04,5.39e+03; 1.30e+04,1.30e+04,9.59e+03,4.05e+03; 1.50e+04,1.50e+04,1.31e+04,3.19e+03; 1.57e+04,1.57e+04,1.48e+04,6.62e+03; 1.81e+04,1.81e+04,1.73e+04,6.04e+03; 1.89e+04,1.89e+04,1.82e+04,1.00e+04; 1.92e+04,1.92e+04,1.86e+04,1.56e+04; 2.43e+04,2.43e+04,2.37e+04,7.01e+03; 2.51e+04,2.51e+04,2.46e+04,1.12e+04; 2.60e+04,2.60e+04,2.55e+04,1.51e+04; 2.73e+04,2.73e+04,2.68e+04,1.77e+04; 2.86e+04,2.86e+04,2.82e+04,2.03e+04; 3.10e+04,3.10e+04,3.07e+04,1.95e+04; 3.27e+04,3.27e+04,3.24e+04,2.11e+04; 3.33e+04,3.33e+04,3.30e+04,2.59e+04; 3.62e+04,3.62e+04,3.60e+04,2.36e+04; 3.85e+04,3.85e+04,3.83e+04,2.35e+04; 3.96e+04,3.96e+04,3.95e+04,2.66e+04; 4.09e+04,4.09e+04,4.07e+04,2.94e+04; 4.19e+04,4.19e+04,4.18e+04,3.29e+04; 4.36e+04,4.36e+04,4.34e+04,3.46e+04; 4.51e+04,4.51e+04,4.49e+04,3.67e+04; 4.72e+04,4.72e+04,4.71e+04,3.69e+04; 4.86e+04,4.86e+04,4.84e+04,3.94e+04; 5.15e+04,5.15e+04,5.14e+04,3.73e+04; 5.17e+04,5.17e+04,5.16e+04,4.32e+04; 5.43e+04,5.43e+04,5.42e+04,4.21e+04; 5.57e+04,5.57e+04,5.56e+04,4.45e+04; 5.65e+04,5.65e+04,5.64e+04,4.85e+04; 5.82e+04,5.82e+04,5.81e+04,5.01e+04; 5.87e+04,5.87e+04,5.87e+04,5.51e+04; 6.11e+04,6.11e+04,6.11e+04,5.45e+04; 6.24e+04,6.24e+04,6.23e+04,5.74e+04; 6.66e+04,6.66e+04,6.65e+04,5.14e+04; 6.55e+04,6.55e+04,6.54e+04,6.13e+04; 6.76e+04,6.76e+04,6.75e+04,6.15e+04; 6.99e+04,6.99e+04,6.98e+04,6.13e+04; 7.11e+04,7.11e+04,7.11e+04,6.41e+04; 7.31e+04,7.31e+04,7.30e+04,6.50e+04; 7.49e+04,7.49e+04,7.49e+04,6.60e+04; 7.55e+04,7.55e+04,7.55e+04,7.09e+04; 7.73e+04,7.73e+04,7.73e+04,7.20e+04; 7.99e+04,7.99e+04,7.99e+04,7.09e+04; 8.05e+04,8.05e+04,8.05e+04,7.56e+04; 8.30e+04,8.30e+04,8.29e+04,7.49e+04; 8.47e+04,8.47e+04,8.46e+04,7.63e+04; 8.64e+04,8.64e+04,8.64e+04,7.77e+04; 8.75e+04,8.75e+04,8.75e+04,8.10e+04; 8.90e+04,8.90e+04,8.90e+04,8.32e+04; 9.02e+04,9.02e+04,9.01e+04,8.63e+04; 9.31e+04,9.31e+04,9.31e+04,8.42e+04; 9.40e+04,9.40e+04,9.40e+04,8.80e+04; 9.59e+04,9.59e+04,9.59e+04,8.90e+04; 9.74e+04,9.74e+04,9.73e+04,9.11e+04; 9.83e+04,9.83e+04,9.83e+04,9.49e+04; 1.01e+05,1.01e+05,1.01e+05,9.37e+04; 1.02e+05,1.02e+05,1.02e+05,9.56e+04; 1.04e+05,1.04e+05,1.04e+05,9.78e+04; 1.05e+05,1.05e+05,1.05e+05,1.01e+05; 1.07e+05,1.07e+05,1.07e+05,1.03e+05","23,23,23,23,23,23,23,23,23,7,54,23,39,23,23,23,23,39,54,23,23,7,7,23,54,7,23,54,39,23,7,7,54,23,54,7,39,54,54,54,23,54,23,23,39,39,23,54,7,23,23,7,23,7,23,39,23,54,54,39,23,39,7,7"
491,50.53,40.49,"16.40,19.27,22.39,24.88,27.23,29.92,32.22,34.38,35.54,36.28,36.97,37.89,38.41,39.06,39.54,40.14,40.91,41.01,41.76,42.28,43.83,43.56,44.41,45.75,45.80,44.78,46.10,45.51,46.43,45.61,46.89,48.50,50.11,49.79,50.71,52.96,55.30,54.51,55.48,57.48,59.58,62.86,64.96,65.22,68.07,72.80,74.82,75.24,76.85,77.01,80.69,83.75,85.12,86.77,88.33,89.30,94.45,96.06,99.48,99.18,99.85,105.59,107.08,111.45","6.93e+02,6.92e+02,6.85e+02,6.72e+02","11,3,11,5","4.78e+03; 6.55e+03,3.01e+03; 7.74e+03,6.59e+03; 9.83e+03,9.29e+03; 9.56e+03,9.27e+03,5.07e+03; 1.03e+04,1.01e+04,8.25e+03; 1.15e+04,1.14e+04,1.05e+04; 1.28e+04,1.27e+04,1.22e+04,4.66e+02; 1.45e+04,1.45e+04,1.40e+04; 1.55e+04,1.55e+04,1.50e+04,1.83e+03; 1.64e+04,1.64e+04,1.59e+04,3.84e+03; 1.77e+04,1.77e+04,1.73e+04,4.64e+03; 1.79e+04,1.79e+04,1.76e+04,8.75e+03; 1.97e+04,1.97e+04,1.93e+04,8.22e+03; 2.04e+04,2.03e+04,2.00e+04,1.09e+04; 2.15e+04,2.15e+04,2.11e+04,1.23e+04; 2.30e+04,2.29e+04,2.26e+04,1.28e+04; 2.41e+04,2.41e+04,2.38e+04,1.40e+04; 2.49e+04,2.48e+04,2.45e+04,1.66e+04; 2.66e+04,2.65e+04,2.62e+04,1.63e+04; 2.75e+04,2.75e+04,2.72e+04,1.82e+04; 2.90e+04,2.89e+04,2.87e+04,1.86e+04; 2.96e+04,2.95e+04,2.93e+04,2.15e+04; 3.07e+04,3.06e+04,3.04e+04,2.31e+04; 3.19e+04,3.19e+04,3.17e+04,2.40e+04; 3.32e+04,3.31e+04,3.29e+04,2.51e+04; 3.47e+04,3.46e+04,3.44e+04,2.53e+04; 3.51e+04,3.51e+04,3.49e+04,2.87e+04; 3.69e+04,3.68e+04,3.66e+04,2.83e+04; 3.77e+04,3.77e+04,3.75e+04,3.05e+04; 3.90e+04,3.90e+04,3.87e+04,3.15e+04; 4.01e+04,4.01e+04,3.99e+04,3.29e+04; 4.13e+04,4.13e+04,4.11e+04,3.40e+04; 4.24e+04,4.24e+04,4.22e+04,3.55e+04; 4.30e+04,4.30e+04,4.28e+04,3.85e+04; 4.47e+04,4.47e+04,4.45e+04,3.82e+04; 4.63e+04,4.62e+04,4.61e+04,3.83e+04; 4.74e+04,4.74e+04,4.72e+04,3.97e+04; 4.78e+04,4.78e+04,4.76e+04,4.33e+04; 4.84e+04,4.84e+04,4.82e+04,4.62e+04; 5.07e+04,5.07e+04,5.05e+04,4.41e+04; 5.19e+04,5.19e+04,5.18e+04,4.52e+04; 5.25e+04,5.25e+04,5.24e+04,4.81e+04; 5.47e+04,5.47e+04,5.45e+04,4.64e+04; 5.51e+04,5.50e+04,5.49e+04,5.01e+04; 5.64e+04,5.64e+04,5.63e+04,5.07e+04; 5.77e+04,5.77e+04,5.76e+04,5.16e+04; 5.87e+04,5.86e+04,5.85e+04,5.36e+04; 6.00e+04,6.00e+04,5.99e+04,5.43e+04; 6.11e+04,6.11e+04,6.10e+04,5.57e+04; 6.24e+04,6.24e+04,6.23e+04,5.68e+04; 6.38e+04,6.38e+04,6.36e+04,5.74e+04; 6.39e+04,6.39e+04,6.38e+04,6.18e+04; 6.61e+04,6.60e+04,6.59e+04,6.01e+04; 6.69e+04,6.69e+04,6.68e+04,6.24e+04; 6.80e+04,6.80e+04,6.79e+04,6.37e+04; 6.94e+04,6.94e+04,6.93e+04,6.44e+04; 7.06e+04,7.06e+04,7.05e+04,6.55e+04; 7.13e+04,7.13e+04,7.12e+04,6.83e+04; 7.31e+04,7.31e+04,7.30e+04,6.76e+04; 7.41e+04,7.40e+04,7.40e+04,6.95e+04; 7.54e+04,7.54e+04,7.53e+04,7.01e+04; 7.68e+04,7.68e+04,7.67e+04,7.08e+04; 7.77e+04,7.77e+04,7.76e+04,7.29e+04","23,23,23,23,23,23,23,23,23,23,23,23,23,7,7,7,39,23,39,23,23,7,23,7,39,39,39,7,39,23,7,23,23,39,39,23,39,23,39,7,23,23,23,7,55,23,55,39,23,39,23,7,7,55,55,7,55,55,23,39,23,7,23,7"
