ue,C_AE,C_UE,C_BS_hist,lambda_UE,ue_beams,lambda_BS_per_layer,bs_beams
730,46.53,42.04,"17.59,22.13,25.46,27.80,30.68,33.56,35.70,37.74,38.87,39.64,40.40,41.15,41.52,42.11,42.22,42.99,42.78,43.81,45.07,44.09,46.23,47.18,45.27,45.84,47.26,45.84,49.44,49.12,51.13,49.76,51.35,52.07,53.92,54.60,58.15,60.05,61.85,63.44,65.99,68.50,70.61,71.04,72.53,77.93,80.96,85.04,89.40,89.77,95.70,97.14,100.84,106.22,108.31,114.32,117.39,120.26,122.46,128.15,131.25,133.73,138.88,143.18,148.23,152.58","1.41e+03,1.41e+03,1.40e+03,6.52e+02","15,7,15,15","6.38e+03; 6.76e+03,6.00e+03; 9.72e+03,9.43e+03; 1.15e+04,1.13e+04,2.73e+03; 1.16e+04,1.15e+04,8.89e+03; 1.32e+04,1.31e+04,1.20e+04; 1.51e+04,1.51e+04,1.45e+04; 1.71e+04,1.71e+04,1.68e+04; 1.92e+04,1.92e+04,1.90e+04; 2.14e+04,2.13e+04,2.11e+04; 2.28e+04,2.27e+04,2.26e+04,2.15e+03; 2.56e+04,2.56e+04,2.54e+04; 2.77e+04,2.77e+04,2.75e+04; 2.99e+04,2.98e+04,2.97e+04; 2.93e+04,2.92e+04,2.91e+04,8.20e+03; 3.41e+04,3.41e+04,3.39e+04; 3.62e+04,3.62e+04,3.61e+04; 3.60e+04,3.60e+04,3.58e+04,7.15e+03; 3.71e+04,3.71e+04,3.70e+04,1.01e+04; 3.82e+04,3.82e+04,3.81e+04,1.31e+04; 4.47e+04,4.47e+04,4.46e+04; 4.11e+04,4.11e+04,4.09e+04,1.74e+04; 4.04e+04,4.04e+04,4.03e+04,2.56e+04; 4.39e+04,4.39e+04,4.37e+04,2.17e+04; 4.34e+04,4.34e+04,4.33e+04,2.94e+04; 4.86e+04,4.86e+04,4.85e+04,2.03e+04; 4.62e+04,4.62e+04,4.61e+04,3.38e+04; 5.46e+04,5.46e+04,5.45e+04,1.49e+04; 5.55e+04,5.55e+04,5.54e+04,1.86e+04; 4.99e+04,4.99e+04,4.98e+04,4.20e+04; 6.05e+04,6.05e+04,6.04e+04,1.64e+04; 5.78e+04,5.78e+04,5.77e+04,3.09e+04; 5.73e+04,5.73e+04,5.72e+04,3.89e+04; 5.67e+04,5.67e+04,5.66e+04,4.71e+04; 5.92e+04,5.92e+04,5.91e+04,4.60e+04; 6.49e+04,6.49e+04,6.48e+04,3.52e+04; 6.70e+04,6.70e+04,6.70e+04,3.51e+04; 6.41e+04,6.40e+04,6.40e+04,5.05e+04; 6.64e+04,6.64e+04,6.63e+04,4.99e+04; 6.56e+04,6.56e+04,6.55e+04,5.85e+04; 7.04e+04,7.04e+04,7.04e+04,5.05e+04; 7.00e+04,7.00e+04,6.99e+04,5.82e+04; 7.04e+04,7.04e+04,7.03e+04,6.34e+04; 7.58e+04,7.58e+04,7.58e+04,5.34e+04; 7.80e+04,7.80e+04,7.79e+04,5.33e+04; 7.67e+04,7.67e+04,7.66e+04,6.37e+04; 7.90e+04,7.90e+04,7.89e+04,6.32e+04; 8.06e+04,8.06e+04,8.06e+04,6.46e+04; 8.30e+04,8.30e+04,8.29e+04,6.39e+04; 8.35e+04,8.35e+04,8.34e+04,6.88e+04; 8.31e+04,8.31e+04,8.30e+04,7.64e+04; 8.49e+04,8.49e+04,8.49e+04,7.72e+04; 9.01e+04,9.01e+04,9.00e+04,6.81e+04; 8.92e+04,8.92e+04,8.92e+04,7.70e+04; 8.93e+04,8.93e+04,8.92e+04,8.32e+04; 9.04e+04,9.04e+04,9.04e+04,8.63e+04; 9.22e+04,9.22e+04,9.22e+04,8.71e+04; 9.67e+04,9.67e+04,9.67e+04,8.01e+04; 9.49e+04,9.49e+04,9.49e+04,9.19e+04; 9.83e+04,9.83e+04,9.83e+04,8.80e+04; 9.85e+04,9.85e+04,9.85e+04,9.39e+04; 1.00e+05,1.00e+05,1.00e+05,9.49e+04; 1.02e+05,1.02e+05,1.02e+05,9.65e+04; 1.03e+05,1.03e+05,1.03e+05,9.90e+04","39,39,39,39,39,39,39,23,39,23,39,7,23,54,23,7,23,39,39,7,7,54,23,39,39,54,7,7,23,39,54,54,7,39,7,39,23,39,7,23,7,23,39,39,23,23,39,7,39,39,39,39,39,39,23,54,23,23,39,39,39,23,39,23"
731,43.92,39.66,"17.20,23.96,28.01,30.86,32.87,34.57,36.19,37.85,38.65,38.95,39.48,40.04,41.13,41.37,42.26,42.44,42.87,42.91,43.51,43.78,44.00,44.23,45.06,46.97,46.17,48.60,47.74,48.39,49.87,49.28,52.85,51.54,57.92,59.17,62.97,65.07,69.77,68.23,72.46,72.58,77.54,81.72,86.31,87.32,94.47,99.32,98.63,104.68,108.37,114.16,114.33,115.72,121.49,126.07,131.98,135.28,138.86,140.68,144.54,152.16,156.40,158.00,163.99,170.69","1.08e+03,1.08e+03,1.02e+03,5.59e+02","12,7,12,12","5.00e+03; 5.06e+03,4.94e+03; 7.51e+03,7.48e+03; 1.00e+04,9.99e+03; 1.25e+04,1.25e+04; 1.50e+04,1.50e+04; 1.52e+04,1.52e+04,4.64e+03; 1.55e+04,1.55e+04,9.02e+03; 1.73e+04,1.72e+04,1.05e+04; 1.85e+04,1.85e+04,1.29e+04; 2.25e+04,2.25e+04,9.94e+03; 2.21e+04,2.21e+04,1.58e+04; 2.32e+04,2.32e+04,1.85e+04; 2.48e+04,2.48e+04,2.03e+04; 2.65e+04,2.65e+04,2.21e+04; 2.69e+04,2.69e+04,2.27e+04,3.53e+03; 2.79e+04,2.79e+04,2.38e+04,5.31e+03; 2.81e+04,2.81e+04,2.46e+04,9.16e+03; 2.80e+04,2.80e+04,2.43e+04,1.48e+04; 3.32e+04,3.32e+04,2.89e+04,4.69e+03; 3.59e+04,3.59e+04,3.32e+04; 3.18e+04,3.18e+04,2.94e+04,1.70e+04; 3.25e+04,3.25e+04,3.02e+04,1.97e+04; 3.58e+04,3.58e+04,3.38e+04,1.47e+04; 3.35e+04,3.35e+04,3.14e+04,2.66e+04; 3.55e+04,3.55e+04,3.39e+04,2.51e+04; 3.73e+04,3.73e+04,3.58e+04,2.45e+04; 3.84e+04,3.84e+04,3.68e+04,2.62e+04; 4.08e+04,4.08e+04,3.96e+04,2.37e+04; 4.05e+04,4.04e+04,3.93e+04,2.98e+04; 4.17e+04,4.17e+04,4.06e+04,3.09e+04; 4.37e+04,4.37e+04,4.26e+04,2.99e+04; 4.36e+04,4.36e+04,4.25e+04,3.52e+04; 4.46e+04,4.46e+04,4.36e+04,3.72e+04; 4.61e+04,4.61e+04,4.50e+04,3.77e+04; 4.73e+04,4.73e+04,4.63e+04,3.91e+04; 4.94e+04,4.94e+04,4.87e+04,3.73e+04; 5.12e+04,5.12e+04,5.05e+04,3.70e+04; 5.03e+04,5.03e+04,4.96e+04,4.47e+04; 5.18e+04,5.18e+04,5.11e+04,4.52e+04; 5.30e+04,5.30e+04,5.22e+04,4.67e+04; 5.39e+04,5.39e+04,5.33e+04,4.89e+04; 5.63e+04,5.63e+04,5.57e+04,4.66e+04; 5.70e+04,5.70e+04,5.64e+04,4.96e+04; 5.90e+04,5.90e+04,5.85e+04,4.84e+04; 6.06e+04,6.06e+04,6.01e+04,4.86e+04; 6.12e+04,6.12e+04,6.07e+04,5.18e+04; 6.20e+04,6.20e+04,6.16e+04,5.44e+04; 6.23e+04,6.23e+04,6.18e+04,5.85e+04; 6.45e+04,6.45e+04,6.41e+04,5.68e+04; 6.57e+04,6.57e+04,6.53e+04,5.81e+04; 6.61e+04,6.61e+04,6.57e+04,6.20e+04; 6.83e+04,6.83e+04,6.80e+04,6.02e+04; 6.90e+04,6.90e+04,6.87e+04,6.33e+04; 7.07e+04,7.07e+04,7.03e+04,6.32e+04; 7.16e+04,7.16e+04,7.13e+04,6.54e+04; 7.29e+04,7.29e+04,7.26e+04,6.64e+04; 7.32e+04,7.32e+04,7.29e+04,7.06e+04; 7.52e+04,7.52e+04,7.49e+04,6.97e+04; 7.62e+04,7.62e+04,7.59e+04,7.15e+04; 7.77e+04,7.77e+04,7.75e+04,7.19e+04; 8.09e+04,8.09e+04,8.07e+04,6.74e+04; 8.01e+04,8.01e+04,7.98e+04,7.49e+04; 8.12e+04,8.12e+04,8.10e+04,7.65e+04","30,30,30,30,31,30,30,30,23,38,30,30,38,38,38,23,23,31,38,31,23,31,30,30,30,30,31,23,23,38,30,30,23,30,38,23,30,23,23,31,31,30,30,23,31,30,30,38,30,23,23,31,31,31,31,31,23,30,30,38,30,30,30,31"
732,57.69,42.78,"17.31,19.92,22.89,25.19,26.92,28.50,29.51,30.34,31.15,32.60,32.85,34.77,35.34,36.22,35.77,36.71,36.79,36.87,37.58,38.49,39.29,40.09,40.01,39.48,40.53,42.06,41.15,43.62,44.44,42.32,44.20,46.09,47.11,48.04,47.93,47.97,50.67,50.59,53.39,52.36,55.72,58.32,56.59,60.04,61.74,64.34,64.44,65.51,70.87,69.14,69.00,74.59,75.89,78.95,77.92,79.86,84.66,86.98,87.39,90.26,91.95,96.35,95.81,99.39","4.93e+02,4.92e+02,4.90e+02,4.88e+02","8,8,8,0","3.62e+03; 4.90e+03,2.35e+03; 5.83e+03,5.04e+03; 7.44e+03,7.06e+03; 9.18e+03,8.94e+03; 1.10e+04,1.08e+04; 1.27e+04,1.26e+04; 1.28e+04,1.27e+04,3.45e+03; 1.41e+04,1.40e+04,4.55e+03; 1.34e+04,1.34e+04,9.45e+03; 1.48e+04,1.47e+04,1.03e+04; 1.52e+04,1.51e+04,1.31e+04; 1.59e+04,1.58e+04,1.44e+04,1.04e+03; 1.74e+04,1.74e+04,1.59e+04; 1.64e+04,1.64e+04,1.51e+04,6.52e+03; 1.95e+04,1.94e+04,1.81e+04,9.78e+02; 2.10e+04,2.09e+04,1.97e+04; 2.14e+04,2.13e+04,2.00e+04,2.54e+03; 1.88e+04,1.88e+04,1.58e+04,1.55e+04; 2.11e+04,2.10e+04,1.99e+04,1.05e+04; 2.10e+04,2.09e+04,2.00e+04,1.41e+04; 2.34e+04,2.33e+04,2.23e+04,1.08e+04; 2.29e+04,2.28e+04,2.18e+04,1.59e+04; 2.43e+04,2.42e+04,2.34e+04,1.51e+04; 2.33e+04,2.32e+04,2.26e+04,2.16e+04; 2.60e+04,2.59e+04,2.54e+04,1.70e+04; 2.61e+04,2.60e+04,2.54e+04,2.04e+04; 2.69e+04,2.68e+04,2.63e+04,2.15e+04; 2.85e+04,2.84e+04,2.79e+04,2.03e+04; 2.88e+04,2.87e+04,2.82e+04,2.30e+04; 2.95e+04,2.95e+04,2.90e+04,2.44e+04; 3.06e+04,3.06e+04,3.02e+04,2.45e+04; 3.15e+04,3.14e+04,3.11e+04,2.56e+04; 3.22e+04,3.22e+04,3.18e+04,2.69e+04; 3.33e+04,3.32e+04,3.29e+04,2.74e+04; 3.38e+04,3.38e+04,3.34e+04,2.95e+04; 3.50e+04,3.50e+04,3.46e+04,2.95e+04; 3.59e+04,3.59e+04,3.56e+04,3.04e+04; 3.66e+04,3.66e+04,3.63e+04,3.19e+04; 3.74e+04,3.74e+04,3.71e+04,3.30e+04; 3.79e+04,3.79e+04,3.77e+04,3.51e+04; 3.87e+04,3.87e+04,3.84e+04,3.64e+04; 4.01e+04,4.00e+04,3.98e+04,3.59e+04; 4.11e+04,4.10e+04,4.07e+04,3.67e+04; 4.27e+04,4.27e+04,4.24e+04,3.53e+04; 4.27e+04,4.27e+04,4.25e+04,3.88e+04; 4.35e+04,4.35e+04,4.32e+04,4.01e+04; 4.46e+04,4.45e+04,4.43e+04,4.05e+04; 4.55e+04,4.55e+04,4.52e+04,4.14e+04; 4.63e+04,4.62e+04,4.60e+04,4.27e+04; 4.73e+04,4.73e+04,4.69e+04,4.34e+04; 4.82e+04,4.82e+04,4.79e+04,4.42e+04; 4.92e+04,4.91e+04,4.89e+04,4.48e+04; 4.99e+04,4.99e+04,4.97e+04,4.62e+04; 5.07e+04,5.07e+04,5.05e+04,4.73e+04; 5.16e+04,5.16e+04,5.14e+04,4.83e+04; 5.25e+04,5.25e+04,5.23e+04,4.92e+04; 5.34e+04,5.34e+04,5.32e+04,5.01e+04; 5.43e+04,5.43e+04,5.41e+04,5.11e+04; 5.53e+04,5.53e+04,5.50e+04,5.19e+04; 5.62e+04,5.62e+04,5.60e+04,5.28e+04; 5.68e+04,5.68e+04,5.67e+04,5.43e+04; 5.79e+04,5.79e+04,5.77e+04,5.49e+04; 5.87e+04,5.87e+04,5.86e+04,5.59e+04","30,30,30,30,30,30,30,30,30,30,30,30,30,62,30,15,15,24,15,30,15,62,15,30,30,24,30,24,15,24,15,30,24,30,24,62,30,30,24,24,30,24,30,30,15,62,15,30,62,62,30,30,24,15,24,62,30,30,62,30,30,30,62,30"
733,52.73,40.15,"14.54,20.00,23.60,25.89,27.45,28.59,29.76,31.15,31.98,32.89,33.25,33.94,34.50,35.62,35.99,36.73,36.97,37.79,37.47,37.95,38.85,39.03,38.58,40.01,39.99,39.34,40.34,40.43,41.57,40.99,41.79,41.81,43.63,44.95,41.86,44.48,43.92,44.04,46.03,45.70,43.66,47.66,46.59,52.15,51.25,53.12,52.65,52.14,55.15,58.36,60.35,60.92,63.25,62.80,66.73,69.47,68.73,74.28,72.36,78.19,79.63,82.75,84.38,87.09","5.60e+02,5.60e+02,5.53e+02,5.52e+02","10,10,10,0","3.72e+03; 3.87e+03,3.56e+03; 5.64e+03,5.51e+03; 7.48e+03,7.39e+03; 9.33e+03,9.26e+03; 1.12e+04,1.11e+04; 1.06e+04,1.05e+04,4.93e+03; 1.09e+04,1.08e+04,7.98e+03; 1.21e+04,1.21e+04,9.23e+03; 1.33e+04,1.32e+04,1.07e+04; 1.45e+04,1.45e+04,1.18e+04; 1.60e+04,1.60e+04,1.27e+04; 1.69e+04,1.69e+04,1.45e+04; 1.81e+04,1.80e+04,1.60e+04; 1.92e+04,1.92e+04,1.74e+04; 1.97e+04,1.97e+04,1.82e+04,1.82e+03; 2.07e+04,2.07e+04,1.92e+04,2.59e+03; 2.28e+04,2.28e+04,2.14e+04; 2.31e+04,2.30e+04,2.14e+04,3.11e+03; 2.55e+04,2.54e+04,2.35e+04; 2.52e+04,2.52e+04,2.39e+04,3.86e+03; 2.59e+04,2.59e+04,2.44e+04,5.58e+03; 2.55e+04,2.54e+04,2.43e+04,1.03e+04; 2.67e+04,2.67e+04,2.56e+04,1.02e+04; 2.76e+04,2.76e+04,2.65e+04,1.13e+04; 2.51e+04,2.51e+04,2.37e+04,2.27e+04; 2.86e+04,2.86e+04,2.76e+04,1.56e+04; 3.06e+04,3.06e+04,2.89e+04,1.39e+04; 3.20e+04,3.20e+04,3.10e+04,1.28e+04; 3.11e+04,3.10e+04,3.03e+04,1.91e+04; 3.19e+04,3.18e+04,3.11e+04,2.04e+04; 3.31e+04,3.31e+04,3.24e+04,2.03e+04; 3.35e+04,3.35e+04,3.27e+04,2.29e+04; 3.41e+04,3.40e+04,3.33e+04,2.50e+04; 3.64e+04,3.64e+04,3.50e+04,2.23e+04; 3.75e+04,3.75e+04,3.65e+04,2.24e+04; 3.79e+04,3.79e+04,3.72e+04,2.46e+04; 4.06e+04,4.06e+04,3.98e+04,2.03e+04; 4.00e+04,4.00e+04,3.92e+04,2.57e+04; 4.08e+04,4.08e+04,4.01e+04,2.71e+04; 4.07e+04,4.07e+04,4.02e+04,3.09e+04; 4.15e+04,4.15e+04,4.09e+04,3.23e+04; 4.21e+04,4.21e+04,4.11e+04,3.45e+04; 4.50e+04,4.50e+04,4.35e+04,3.01e+04; 4.56e+04,4.56e+04,4.49e+04,3.12e+04; 4.62e+04,4.62e+04,4.56e+04,3.30e+04; 4.75e+04,4.75e+04,4.68e+04,3.29e+04; 4.73e+04,4.73e+04,4.67e+04,3.72e+04; 4.76e+04,4.75e+04,4.69e+04,4.02e+04; 4.97e+04,4.97e+04,4.91e+04,3.74e+04; 4.95e+04,4.95e+04,4.87e+04,4.20e+04; 5.10e+04,5.10e+04,5.04e+04,4.08e+04; 5.16e+04,5.16e+04,5.11e+04,4.27e+04; 5.33e+04,5.32e+04,5.28e+04,4.15e+04; 5.33e+04,5.33e+04,5.28e+04,4.51e+04; 5.41e+04,5.41e+04,5.37e+04,4.62e+04; 5.60e+04,5.60e+04,5.54e+04,4.46e+04; 5.75e+04,5.75e+04,5.67e+04,4.39e+04; 5.80e+04,5.80e+04,5.72e+04,4.60e+04; 5.94e+04,5.94e+04,5.78e+04,4.65e+04; 5.92e+04,5.92e+04,5.88e+04,4.96e+04; 5.94e+04,5.94e+04,5.88e+04,5.29e+04; 5.99e+04,5.99e+04,5.95e+04,5.49e+04; 6.25e+04,6.25e+04,6.20e+04,5.09e+04","21,21,21,21,21,21,21,21,31,31,31,23,21,21,31,23,38,23,21,38,23,23,21,21,31,23,31,23,31,21,31,31,38,21,23,21,23,31,31,31,31,31,38,31,31,23,23,23,38,38,38,23,23,21,23,23,31,21,23,38,23,21,38,23"
734,20.80,20.84,"7.87,9.82,11.18,12.52,13.78,14.94,15.98,16.91,17.55,18.04,18.44,18.81,19.21,19.65,20.13,20.62,20.95,21.22,21.45,21.68,21.94,22.22,22.55,22.89,23.10,23.28,23.44,23.61,23.80,24.02,24.26,24.51,24.66,24.79,24.92,25.05,25.21,25.41,25.61,25.77,25.88,25.99,26.09,26.20,26.33,26.47,26.63,26.79,26.88,26.96,27.05,27.15,27.25,27.37,27.50,27.64,27.71,27.78,27.86,27.94,28.04,28.14,28.25,28.36","1.29e+00,1.18e+00,1.05e+00,1.05e-04","10,10,10,10","4.37e+00; 8.73e+00; 1.05e+01,2.56e+00; 1.21e+01,5.38e+00; 1.37e+01,8.12e+00; 1.54e+01,1.08e+01; 1.72e+01,1.34e+01; 1.91e+01,1.58e+01; 2.13e+01,1.80e+01; 2.35e+01,2.02e+01; 2.58e+01,2.22e+01; 2.81e+01,2.43e+01; 3.03e+01,2.65e+01; 3.24e+01,2.87e+01; 3.44e+01,3.10e+01; 3.65e+01,3.34e+01; 3.86e+01,3.56e+01; 4.09e+01,3.77e+01; 4.31e+01,3.99e+01; 4.53e+01,4.20e+01; 4.75e+01,4.42e+01; 4.96e+01,4.64e+01; 5.17e+01,4.87e+01; 5.38e+01,5.10e+01; 5.59e+01,5.32e+01; 5.82e+01,5.54e+01; 6.04e+01,5.75e+01; 6.26e+01,5.97e+01; 6.47e+01,6.19e+01; 6.69e+01,6.41e+01; 6.90e+01,6.64e+01; 7.10e+01,6.87e+01; 7.32e+01,7.09e+01; 7.54e+01,7.30e+01; 7.76e+01,7.52e+01; 7.98e+01,7.74e+01; 8.20e+01,7.96e+01; 8.36e+01,8.13e+01,1.04e+00; 8.27e+01,8.05e+01,7.11e+00; 8.99e+01,8.47e+01; 9.23e+01,8.67e+01; 9.47e+01,8.87e+01; 9.70e+01,9.07e+01; 9.93e+01,9.28e+01; 1.01e+02,9.50e+01; 1.04e+02,9.71e+01; 1.06e+02,9.91e+01; 1.09e+02,1.01e+02; 1.11e+02,1.03e+02; 1.13e+02,1.05e+02; 1.16e+02,1.07e+02; 1.18e+02,1.09e+02; 1.20e+02,1.11e+02; 1.22e+02,1.14e+02; 1.25e+02,1.16e+02; 1.27e+02,1.18e+02; 1.29e+02,1.20e+02; 1.32e+02,1.22e+02; 1.34e+02,1.24e+02; 1.36e+02,1.26e+02; 1.38e+02,1.28e+02; 1.40e+02,1.30e+02; 1.43e+02,1.32e+02; 1.45e+02,1.34e+02","51,51,51,51,51,51,51,51,51,51,51,51,51,51,51,51,51,51,51,51,51,51,51,51,51,51,51,51,51,51,51,51,51,51,51,51,51,51,51,51,51,51,51,51,51,51,51,51,51,51,51,51,51,51,51,51,51,51,51,51,51,51,51,51"
735,28.63,24.61,"5.71,7.61,8.86,10.10,11.27,12.35,13.31,14.18,14.85,15.36,15.77,16.17,16.59,17.04,17.52,18.07,18.45,18.76,19.06,19.36,19.65,19.98,20.37,20.87,21.14,21.38,21.61,21.84,22.07,22.33,22.68,23.11,23.33,23.53,23.73,23.92,24.12,24.36,24.67,25.06,25.24,25.42,25.60,25.78,25.97,26.18,26.44,26.79,26.95,27.10,27.25,27.40,27.56,27.75,28.00,28.29,28.43,28.58,28.71,28.87,29.02,29.20,29.42,29.67","7.99e-01,7.81e-01,7.80e-01,7.10e-01","9,0,2,9","3.81e+00; 7.62e+00; 9.90e+00,1.53e+00; 1.07e+01,4.55e+00; 1.19e+01,7.19e+00; 1.32e+01,9.71e+00; 1.46e+01,1.21e+01; 1.62e+01,1.43e+01; 1.80e+01,1.63e+01; 1.99e+01,1.82e+01; 2.18e+01,2.01e+01; 2.38e+01,2.20e+01; 2.55e+01,2.38e+01,2.42e-01; 2.67e+01,2.52e+01,1.42e+00; 2.84e+01,2.68e+01,1.88e+00; 2.74e+01,2.60e+01,7.48e+00; 2.89e+01,2.75e+01,8.36e+00; 3.02e+01,2.87e+01,9.63e+00; 3.14e+01,2.98e+01,1.11e+01; 3.26e+01,3.09e+01,1.27e+01; 3.38e+01,3.21e+01,1.41e+01; 3.51e+01,3.35e+01,1.52e+01; 3.61e+01,3.46e+01,1.69e+01; 3.67e+01,3.52e+01,1.95e+01; 3.81e+01,3.66e+01,2.06e+01; 3.93e+01,3.78e+01,2.19e+01; 4.06e+01,3.90e+01,2.33e+01; 4.19e+01,4.02e+01,2.46e+01; 4.32e+01,4.16e+01,2.57e+01; 4.44e+01,4.28e+01,2.70e+01; 4.53e+01,4.38e+01,2.90e+01; 4.60e+01,4.45e+01,3.14e+01; 4.73e+01,4.58e+01,3.27e+01; 4.85e+01,4.70e+01,3.41e+01; 4.97e+01,4.81e+01,3.55e+01; 5.10e+01,4.94e+01,3.67e+01; 5.22e+01,5.07e+01,3.80e+01; 5.28e+01,5.14e+01,3.89e+01,1.71e+00; 5.42e+01,5.28e+01,4.09e+01,6.68e-01; 5.53e+01,5.39e+01,4.31e+01; 5.66e+01,5.51e+01,4.45e+01; 5.69e+01,5.55e+01,4.52e+01,2.43e+00; 5.89e+01,5.74e+01,4.75e+01; 5.75e+01,5.59e+01,4.57e+01,8.54e+00; 5.81e+01,5.65e+01,4.56e+01,1.13e+01; 5.91e+01,5.75e+01,4.64e+01,1.23e+01; 6.30e+01,6.13e+01,4.90e+01,5.73e+00; 6.34e+01,6.16e+01,4.97e+01,8.16e+00; 6.17e+01,6.01e+01,4.94e+01,1.55e+01; 6.28e+01,6.11e+01,5.06e+01,1.60e+01; 6.40e+01,6.22e+01,5.17e+01,1.64e+01; 6.51e+01,6.34e+01,5.27e+01,1.69e+01; 6.63e+01,6.45e+01,5.38e+01,1.73e+01; 6.71e+01,6.54e+01,5.46e+01,1.87e+01; 6.80e+01,6.63e+01,5.52e+01,1.99e+01; 6.94e+01,6.77e+01,5.73e+01,1.90e+01; 7.05e+01,6.88e+01,5.85e+01,1.94e+01; 7.17e+01,6.99e+01,5.94e+01,2.00e+01; 7.29e+01,7.10e+01,6.04e+01,2.05e+01; 7.58e+01,7.35e+01,6.10e+01,1.82e+01; 7.69e+01,7.47e+01,6.21e+01,1.87e+01; 7.81e+01,7.60e+01,6.35e+01,1.86e+01; 7.94e+01,7.73e+01,6.53e+01,1.80e+01; 7.80e+01,7.62e+01,6.64e+01,2.32e+01","43,43,43,43,43,43,43,43,43,43,43,43,43,43,43,43,43,58,58,58,58,43,43,43,43,43,43,43,43,58,58,58,43,43,43,43,43,43,43,43,58,58,58,58,43,43,58,58,58,43,43,43,43,58,58,43,43,58,58,58,43,43,43,43"
736,17.12,14.82,"4.12,5.90,7.00,7.75,8.62,9.36,10.05,10.69,11.19,11.61,11.97,12.32,12.67,13.05,13.44,13.83,14.12,14.37,14.59,14.82,15.06,15.32,15.60,15.88,16.08,16.25,16.42,16.59,16.78,16.98,17.20,17.42,17.57,17.70,17.83,17.97,18.13,18.30,18.48,18.65,18.77,18.88,18.99,19.11,19.25,19.39,19.54,19.70,19.80,19.90,20.00,20.11,20.23,20.36,20.51,20.67,20.76,20.84,20.94,21.04,21.15,21.27,21.41,21.56","1.07e-01,9.76e-02,7.70e-02,4.84e-02","2,4,2,2","4.10e-01; 8.20e-01; 1.23e+00; 1.17e+00,4.73e-01; 1.60e+00,4.50e-01; 1.79e+00,6.74e-01; 1.91e+00,9.58e-01; 2.05e+00,1.24e+00; 2.24e+00,1.45e+00; 2.48e+00,1.62e+00; 2.72e+00,1.79e+00; 2.96e+00,1.97e+00; 3.17e+00,2.17e+00; 3.35e+00,2.39e+00; 3.52e+00,2.63e+00; 3.68e+00,2.88e+00; 3.88e+00,3.09e+00; 4.10e+00,3.28e+00; 4.32e+00,3.47e+00; 4.54e+00,3.66e+00; 4.75e+00,3.87e+00; 4.94e+00,4.09e+00; 5.11e+00,4.32e+00; 5.28e+00,4.56e+00; 5.49e+00,4.76e+00; 5.71e+00,4.96e+00; 5.92e+00,5.15e+00; 6.13e+00,5.35e+00; 6.33e+00,5.56e+00; 6.52e+00,5.78e+00; 6.71e+00,6.01e+00; 6.89e+00,6.24e+00; 7.10e+00,6.44e+00; 7.31e+00,6.64e+00; 7.52e+00,6.84e+00; 7.73e+00,7.04e+00; 7.92e+00,7.25e+00; 8.12e+00,7.47e+00; 8.30e+00,7.69e+00; 8.49e+00,7.92e+00; 8.70e+00,8.12e+00; 8.91e+00,8.32e+00; 9.12e+00,8.52e+00; 9.31e+00,8.72e+00,1.27e-02; 9.48e+00,8.90e+00,7.23e-02; 9.52e+00,8.96e+00,3.87e-01; 9.35e+00,8.83e+00,1.10e+00; 9.40e+00,8.82e+00,1.46e+00; 9.57e+00,8.98e+00,1.54e+00; 9.76e+00,9.15e+00,1.60e+00; 9.95e+00,9.33e+00,1.64e+00; 1.01e+01,9.51e+00,1.70e+00; 1.03e+01,9.67e+00,1.79e+00; 1.05e+01,9.85e+00,1.84e+00; 1.06e+01,9.93e+00,2.07e+00; 1.06e+01,9.90e+00,2.49e+00; 1.08e+01,1.01e+01,2.54e+00; 1.09e+01,1.02e+01,2.61e+00; 1.11e+01,1.04e+01,2.67e+00; 1.13e+01,1.06e+01,2.72e+00; 1.15e+01,1.08e+01,2.80e+00; 1.20e+01,1.12e+01,2.26e+00; 1.20e+01,1.12e+01,2.73e+00; 1.15e+01,1.08e+01,3.92e+00","60,60,60,60,60,60,60,60,60,60,60,60,60,60,60,60,60,60,60,60,60,60,60,60,60,60,60,60,60,60,60,60,60,60,60,60,60,60,60,60,60,60,60,60,60,60,60,60,60,60,60,60,60,60,60,60,60,60,60,60,60,60,60,60"
737,8.59,8.17,"1.86,3.26,4.21,4.90,5.45,5.97,6.46,6.92,7.33,7.70,8.02,8.31,8.59,8.88,9.16,9.44,9.70,9.93,10.13,10.32,10.51,10.70,10.90,11.11,11.30,11.47,11.62,11.76,11.90,12.05,12.20,12.36,12.51,12.65,12.77,12.88,12.99,13.11,13.24,13.37,13.50,13.61,13.71,13.80,13.90,14.00,14.10,14.22,14.32,14.42,14.51,14.59,14.67,14.75,14.85,14.95,15.05,15.13,15.21,15.29,15.36,15.44,15.53,15.63","1.51e-02,7.60e-03,1.51e-03,5.76e-07","5,5,5,5","3.00e-02; 6.01e-02; 9.01e-02; 1.20e-01; 1.37e-01,1.36e-02; 1.59e-01,2.14e-02; 1.69e-01,4.12e-02; 1.76e-01,6.43e-02; 1.91e-01,7.90e-02; 2.10e-01,9.06e-02; 2.30e-01,1.00e-01; 2.51e-01,1.10e-01; 2.69e-01,1.21e-01; 2.86e-01,1.35e-01; 3.00e-01,1.51e-01; 3.13e-01,1.68e-01; 3.27e-01,1.84e-01; 3.43e-01,1.98e-01; 3.61e-01,2.10e-01; 3.80e-01,2.21e-01; 3.97e-01,2.34e-01; 4.13e-01,2.48e-01; 4.31e-01,2.60e-01; 4.44e-01,2.77e-01; 4.57e-01,2.94e-01; 4.73e-01,3.09e-01; 4.90e-01,3.22e-01; 5.07e-01,3.34e-01; 5.24e-01,3.47e-01; 5.40e-01,3.61e-01; 5.54e-01,3.77e-01; 5.68e-01,3.94e-01; 5.82e-01,4.10e-01; 5.97e-01,4.24e-01; 6.14e-01,4.38e-01; 6.30e-01,4.51e-01; 6.47e-01,4.65e-01; 6.63e-01,4.79e-01; 6.77e-01,4.94e-01; 6.91e-01,5.11e-01; 7.06e-01,5.26e-01; 7.21e-01,5.41e-01; 7.37e-01,5.55e-01; 7.54e-01,5.69e-01; 7.70e-01,5.82e-01; 7.86e-01,5.97e-01; 8.00e-01,6.12e-01; 8.14e-01,6.28e-01; 8.28e-01,6.44e-01; 8.43e-01,6.59e-01; 8.59e-01,6.73e-01; 8.76e-01,6.87e-01; 8.92e-01,7.01e-01; 9.08e-01,7.14e-01; 9.25e-01,7.27e-01; 9.40e-01,7.42e-01; 9.59e-01,7.53e-01; 9.41e-01,7.56e-01,4.65e-02; 9.36e-01,7.51e-01,8.59e-02; 9.49e-01,7.53e-01,1.02e-01; 9.59e-01,7.55e-01,1.19e-01; 9.73e-01,7.62e-01,1.29e-01; 9.85e-01,7.71e-01,1.37e-01; 9.96e-01,7.83e-01,1.43e-01","56,56,56,56,56,56,56,56,56,56,56,56,56,56,56,56,56,56,56,56,56,56,56,56,56,56,56,56,56,56,56,56,56,56,56,56,56,56,56,56,56,56,56,56,56,56,56,56,56,56,56,56,56,56,56,56,56,56,56,56,56,56,56,56"
738,17.70,14.16,"1.96,3.48,4.59,5.74,6.63,7.29,7.87,8.48,9.17,9.76,10.30,10.73,11.13,11.50,11.88,12.23,12.62,12.98,13.35,13.84,14.36,14.77,15.13,15.46,15.81,16.10,16.39,16.68,16.95,17.21,17.46,17.71,17.98,18.23,18.48,18.70,18.91,19.12,19.33,19.53,19.75,19.96,20.16,20.35,20.53,20.71,20.88,21.06,21.25,21.42,21.59,21.75,21.90,22.05,22.21,22.36,22.52,22.67,22.83,22.96,23.09,23.23,23.36,23.49","1.53e-02,1.48e-02,1.46e-02,8.07e-03","4,13,4,4","6.55e-02; 1.31e-01; 1.18e-01,7.82e-02; 1.36e-01,1.26e-01; 1.71e-01,1.56e-01; 2.11e-01,1.82e-01; 2.29e-01,1.86e-01,4.27e-02; 2.45e-01,1.83e-01,9.65e-02; 2.64e-01,2.32e-01,9.40e-02; 2.84e-01,2.74e-01,9.68e-02; 3.03e-01,2.92e-01,1.26e-01; 3.43e-01,3.03e-01,1.40e-01; 3.77e-01,3.23e-01,1.51e-01; 4.07e-01,3.41e-01,1.69e-01; 4.31e-01,3.50e-01,2.01e-01; 4.54e-01,3.58e-01,2.37e-01; 4.73e-01,4.04e-01,2.37e-01; 4.88e-01,4.40e-01,2.40e-01,1.12e-02; 4.54e-01,4.07e-01,2.12e-01,1.71e-01; 4.50e-01,3.98e-01,2.84e-01,1.78e-01; 4.51e-01,4.04e-01,3.05e-01,2.16e-01; 4.62e-01,4.14e-01,3.44e-01,2.21e-01; 4.75e-01,4.26e-01,3.77e-01,2.28e-01; 4.90e-01,4.40e-01,4.07e-01,2.35e-01; 4.97e-01,4.83e-01,4.24e-01,2.34e-01; 5.17e-01,4.76e-01,4.43e-01,2.66e-01; 5.33e-01,4.90e-01,4.71e-01,2.75e-01; 5.49e-01,5.05e-01,4.98e-01,2.83e-01; 5.64e-01,5.24e-01,5.20e-01,2.92e-01; 5.81e-01,5.49e-01,5.35e-01,3.01e-01; 6.02e-01,5.68e-01,5.43e-01,3.18e-01; 6.19e-01,5.89e-01,5.48e-01,3.41e-01; 6.29e-01,6.05e-01,5.85e-01,3.41e-01; 6.44e-01,6.28e-01,5.86e-01,3.69e-01; 6.66e-01,6.65e-01,5.89e-01,3.73e-01; 6.89e-01,6.81e-01,6.04e-01,3.84e-01; 7.12e-01,6.98e-01,6.19e-01,3.95e-01; 7.35e-01,7.14e-01,6.34e-01,4.06e-01; 7.50e-01,7.34e-01,6.41e-01,4.28e-01; 7.70e-01,7.52e-01,6.48e-01,4.49e-01; 7.91e-01,7.64e-01,6.85e-01,4.46e-01; 8.04e-01,7.77e-01,6.87e-01,4.82e-01; 8.24e-01,7.97e-01,6.95e-01,5.01e-01; 8.43e-01,8.21e-01,7.05e-01,5.14e-01; 8.66e-01,8.37e-01,7.20e-01,5.25e-01; 8.88e-01,8.54e-01,7.35e-01,5.37e-01; 9.10e-01,8.71e-01,7.50e-01,5.48e-01; 9.27e-01,8.86e-01,7.55e-01,5.76e-01; 9.46e-01,8.98e-01,7.91e-01,5.75e-01; 9.64e-01,9.14e-01,7.97e-01,5.99e-01; 9.83e-01,9.35e-01,8.06e-01,6.17e-01; 1.00e+00,9.59e-01,8.17e-01,6.28e-01; 1.02e+00,9.76e-01,8.32e-01,6.40e-01; 1.05e+00,9.93e-01,8.47e-01,6.52e-01; 1.06e+00,1.01e+00,8.54e-01,6.74e-01; 1.08e+00,1.03e+00,8.69e-01,6.87e-01; 1.10e+00,1.04e+00,9.06e-01,6.86e-01; 1.12e+00,1.05e+00,9.39e-01,6.87e-01; 1.14e+00,1.07e+00,9.47e-01,7.07e-01; 1.16e+00,1.10e+00,9.59e-01,7.15e-01; 1.18e+00,1.12e+00,9.72e-01,7.24e-01; 1.20e+00,1.14e+00,9.87e-01,7.37e-01; 1.22e+00,1.15e+00,9.96e-01,7.58e-01; 1.24e+00,1.17e+00,1.01e+00,7.70e-01","56,56,8,8,8,8,8,8,56,56,8,8,8,8,8,8,56,56,4,4,4,4,4,4,56,8,4,4,4,4,8,8,56,8,8,4,4,4,8,8,56,8,8,8,4,4,4,8,56,8,8,8,4,4,8,4,56,56,8,8,8,4,8,4"
739,21.49,19.24,"4.86,6.64,7.90,9.25,10.23,11.19,12.05,12.75,13.42,14.05,14.65,15.20,15.68,16.14,16.61,17.05,17.49,17.91,18.25,18.61,18.95,19.28,19.63,19.92,20.24,20.54,20.80,21.07,21.31,21.55,21.81,22.02,22.28,22.51,22.71,22.95,23.14,23.33,23.52,23.71,23.90,24.08,24.25,24.44,24.61,24.70,24.85,25.02,25.15,25.30,25.46,25.62,25.75,25.88,26.00,26.14,26.27,26.39,26.83,27.01,27.17,27.27,27.41,27.51","1.21e-01,1.19e-01,1.11e-01,7.54e-02","5,5,5,5","5.29e-01; 1.06e+00; 1.02e+00,5.68e-01; 1.18e+00,9.39e-01; 1.40e+00,1.25e+00; 1.39e+00,1.37e+00,4.11e-01; 1.51e+00,1.46e+00,7.39e-01; 1.69e+00,1.59e+00,9.49e-01; 1.86e+00,1.74e+00,1.16e+00; 2.11e+00,1.90e+00,1.29e+00; 2.36e+00,2.07e+00,1.40e+00; 2.60e+00,2.23e+00,1.52e+00; 2.80e+00,2.39e+00,1.64e+00,5.52e-02; 2.86e+00,2.41e+00,1.58e+00,5.61e-01; 2.96e+00,2.52e+00,1.61e+00,8.42e-01; 3.12e+00,2.64e+00,1.77e+00,9.48e-01; 3.26e+00,2.77e+00,1.93e+00,1.03e+00; 3.37e+00,2.87e+00,1.97e+00,1.31e+00; 3.56e+00,3.01e+00,2.04e+00,1.45e+00; 3.70e+00,3.18e+00,2.04e+00,1.66e+00; 3.88e+00,3.32e+00,2.13e+00,1.77e+00; 4.05e+00,3.44e+00,2.18e+00,1.97e+00; 4.19e+00,3.55e+00,2.22e+00,2.21e+00; 4.35e+00,3.68e+00,2.34e+00,2.33e+00; 4.50e+00,3.81e+00,2.50e+00,2.42e+00; 4.63e+00,3.91e+00,2.65e+00,2.56e+00; 4.81e+00,4.06e+00,2.82e+00,2.61e+00; 4.96e+00,4.25e+00,3.00e+00,2.62e+00; 5.14e+00,4.40e+00,3.09e+00,2.72e+00; 5.31e+00,4.53e+00,3.25e+00,2.80e+00; 5.46e+00,4.65e+00,3.45e+00,2.84e+00; 5.62e+00,4.78e+00,3.59e+00,2.94e+00; 5.77e+00,4.92e+00,3.72e+00,3.06e+00; 5.91e+00,5.02e+00,3.93e+00,3.13e+00; 6.08e+00,5.17e+00,4.08e+00,3.19e+00; 6.22e+00,5.36e+00,4.28e+00,3.19e+00; 6.38e+00,5.54e+00,4.42e+00,3.25e+00; 6.55e+00,5.68e+00,4.53e+00,3.36e+00; 6.72e+00,5.81e+00,4.73e+00,3.38e+00; 6.87e+00,5.94e+00,4.85e+00,3.51e+00; 7.02e+00,6.08e+00,5.01e+00,3.59e+00; 7.18e+00,6.20e+00,5.20e+00,3.65e+00; 7.34e+00,6.34e+00,5.37e+00,3.71e+00; 7.49e+00,6.53e+00,5.54e+00,3.73e+00; 7.64e+00,6.71e+00,5.68e+00,3.78e+00; 7.17e+00,6.98e+00,5.62e+00,4.57e+00; 7.35e+00,7.15e+00,5.70e+00,4.68e+00; 7.51e+00,7.30e+00,5.81e+00,4.79e+00; 7.68e+00,7.45e+00,5.92e+00,4.88e+00; 7.85e+00,7.61e+00,6.01e+00,4.99e+00; 8.04e+00,7.77e+00,6.13e+00,5.05e+00; 8.20e+00,7.91e+00,6.18e+00,5.24e+00; 8.37e+00,8.07e+00,6.24e+00,5.36e+00; 8.53e+00,8.22e+00,6.32e+00,5.51e+00; 8.70e+00,8.39e+00,6.40e+00,5.61e+00; 8.87e+00,8.54e+00,6.50e+00,5.73e+00; 9.06e+00,8.70e+00,6.63e+00,5.79e+00; 9.24e+00,8.86e+00,6.71e+00,5.89e+00; 9.20e+00,7.69e+00,7.39e+00,6.94e+00; 9.31e+00,7.77e+00,7.52e+00,7.15e+00; 9.43e+00,7.84e+00,7.61e+00,7.41e+00; 9.58e+00,8.02e+00,7.75e+00,7.47e+00; 9.69e+00,8.11e+00,7.83e+00,7.71e+00; 9.84e+00,8.17e+00,8.00e+00,7.86e+00","9,9,57,57,57,9,9,9,9,57,57,57,57,57,57,9,9,57,57,9,57,57,57,9,9,57,57,9,57,57,57,57,9,57,57,9,9,57,57,57,9,57,57,9,9,57,57,57,57,57,57,9,9,9,57,57,57,57,57,57,57,9,57,9"
740,19.33,16.40,"4.55,6.36,7.57,8.55,9.57,10.43,11.27,12.00,12.68,13.24,13.76,14.26,14.72,15.20,15.67,16.08,16.48,16.84,17.25,17.60,17.95,18.28,18.63,18.95,19.18,19.45,19.71,19.98,20.22,20.47,20.72,21.00,21.21,21.43,21.64,21.84,22.02,22.19,22.41,22.67,22.82,22.98,23.14,23.30,23.45,23.60,23.74,23.93,24.08,24.24,24.40,24.54,24.67,24.85,25.01,25.29,25.40,25.53,25.66,25.77,25.89,26.04,26.26,26.45","1.30e-01,1.27e-01,1.10e-01,1.02e-02","1,8,1,1","4.68e-01; 9.37e-01; 1.15e+00,2.54e-01; 1.35e+00,3.81e-01,1.47e-01; 1.52e+00,7.19e-01,1.01e-01; 1.73e+00,1.08e+00; 1.78e+00,1.18e+00,3.15e-01; 1.91e+00,1.39e+00,4.51e-01; 2.07e+00,1.63e+00,5.14e-01; 2.21e+00,1.74e+00,7.40e-01; 2.34e+00,1.82e+00,9.85e-01; 2.48e+00,1.90e+00,1.24e+00; 2.64e+00,2.05e+00,1.39e+00; 2.78e+00,2.20e+00,1.58e+00; 2.93e+00,2.38e+00,1.71e+00; 3.07e+00,2.55e+00,1.81e+00,5.87e-02; 3.17e+00,2.67e+00,1.78e+00,3.32e-01; 3.32e+00,2.82e+00,1.94e+00,3.45e-01; 3.44e+00,2.91e+00,2.18e+00,3.71e-01; 3.57e+00,3.00e+00,2.39e+00,4.04e-01; 3.70e+00,3.09e+00,2.61e+00,4.34e-01; 3.82e+00,3.17e+00,2.78e+00,5.39e-01; 3.89e+00,3.25e+00,2.76e+00,8.62e-01; 4.02e+00,3.41e+00,2.87e+00,9.41e-01; 4.16e+00,3.52e+00,3.00e+00,1.03e+00; 4.29e+00,3.63e+00,3.16e+00,1.09e+00; 4.43e+00,3.74e+00,3.36e+00,1.11e+00; 4.57e+00,3.85e+00,3.55e+00,1.15e+00; 4.71e+00,3.97e+00,3.72e+00,1.19e+00; 4.81e+00,4.05e+00,3.80e+00,1.39e+00; 4.93e+00,4.19e+00,3.87e+00,1.53e+00; 5.02e+00,4.29e+00,3.89e+00,1.79e+00; 5.15e+00,4.40e+00,4.02e+00,1.89e+00; 5.28e+00,4.50e+00,4.17e+00,1.98e+00; 5.41e+00,4.61e+00,4.34e+00,2.03e+00; 5.54e+00,4.73e+00,4.52e+00,2.08e+00; 5.67e+00,4.85e+00,4.68e+00,2.13e+00; 5.81e+00,4.97e+00,4.82e+00,2.19e+00; 5.94e+00,5.11e+00,4.92e+00,2.30e+00; 6.02e+00,5.21e+00,4.97e+00,2.54e+00; 6.16e+00,5.34e+00,5.08e+00,2.62e+00; 6.30e+00,5.45e+00,5.22e+00,2.70e+00; 6.43e+00,5.57e+00,5.38e+00,2.77e+00; 6.56e+00,5.68e+00,5.54e+00,2.83e+00; 6.67e+00,5.77e+00,5.66e+00,2.98e+00; 6.81e+00,5.90e+00,5.81e+00,3.02e+00; 6.96e+00,6.03e+00,5.95e+00,3.07e+00; 7.06e+00,6.16e+00,6.01e+00,3.25e+00; 7.25e+00,6.39e+00,6.17e+00,3.14e+00; 7.39e+00,6.51e+00,6.34e+00,3.18e+00; 7.52e+00,6.63e+00,6.51e+00,3.23e+00; 7.65e+00,6.75e+00,6.67e+00,3.28e+00; 7.79e+00,6.88e+00,6.83e+00,3.32e+00; 7.86e+00,6.93e+00,6.88e+00,3.62e+00; 7.91e+00,6.98e+00,6.87e+00,4.00e+00; 8.00e+00,7.07e+00,6.95e+00,4.22e+00; 8.14e+00,7.20e+00,7.08e+00,4.28e+00; 8.28e+00,7.32e+00,7.22e+00,4.35e+00; 8.40e+00,7.44e+00,7.37e+00,4.42e+00; 8.53e+00,7.55e+00,7.53e+00,4.49e+00; 8.66e+00,7.68e+00,7.68e+00,4.55e+00; 8.70e+00,7.70e+00,7.68e+00,4.96e+00; 8.76e+00,7.76e+00,7.72e+00,5.27e+00; 8.86e+00,7.87e+00,7.82e+00,5.42e+00","17,17,17,17,17,17,17,17,17,17,17,17,17,17,17,17,17,17,17,49,49,49,17,17,49,49,49,49,49,17,17,17,49,49,49,49,49,49,17,17,49,49,49,49,17,49,49,17,17,49,49,49,49,17,17,17,49,49,49,49,49,17,17,17"
741,17.25,15.33,"3.24,4.91,5.97,6.97,7.95,8.83,9.60,10.47,11.15,11.70,12.18,12.66,13.12,13.55,14.02,14.57,15.01,15.37,15.69,16.00,16.31,16.60,16.89,17.24,17.54,17.81,18.05,18.46,18.82,19.12,19.40,19.64,19.85,20.08,20.33,20.56,20.79,20.99,21.17,21.34,21.49,21.66,21.84,22.01,22.18,22.33,22.46,22.57,22.68,22.78,22.88,23.02,23.13,23.23,23.33,23.55,23.66,23.75,23.88,24.00,24.11,24.22,24.33,24.52","2.98e-02,2.87e-02,2.32e-02,1.63e-02","5,5,5,5","1.28e-01; 2.56e-01; 3.54e-01,3.10e-02; 3.78e-01,1.35e-01; 4.17e-01,2.24e-01; 4.64e-01,3.05e-01; 5.09e-01,3.72e-01,1.65e-02; 5.02e-01,3.84e-01,1.39e-01; 5.28e-01,4.17e-01,2.09e-01; 5.75e-01,4.67e-01,2.41e-01; 6.21e-01,5.07e-01,2.82e-01; 6.61e-01,5.33e-01,3.45e-01; 7.02e-01,5.64e-01,4.01e-01; 7.47e-01,6.09e-01,4.39e-01; 7.90e-01,6.61e-01,4.73e-01; 8.23e-01,7.05e-01,5.24e-01; 8.57e-01,7.40e-01,5.83e-01; 8.99e-01,7.85e-01,6.23e-01; 9.44e-01,8.30e-01,6.62e-01; 9.87e-01,8.67e-01,7.11e-01; 1.03e+00,9.00e-01,7.64e-01; 1.07e+00,9.39e-01,8.10e-01; 1.12e+00,9.86e-01,8.47e-01; 1.16e+00,1.03e+00,8.88e-01; 1.19e+00,1.07e+00,9.43e-01; 1.24e+00,1.11e+00,9.86e-01; 1.20e+00,1.05e+00,9.14e-01,3.04e-01; 1.20e+00,1.00e+00,8.74e-01,5.16e-01; 1.21e+00,9.86e-01,8.05e-01,7.14e-01; 1.24e+00,9.98e-01,8.83e-01,7.24e-01; 1.27e+00,1.01e+00,9.01e-01,7.96e-01; 1.30e+00,1.03e+00,9.22e-01,8.57e-01; 1.33e+00,1.05e+00,9.47e-01,9.08e-01; 1.36e+00,1.06e+00,9.70e-01,9.66e-01; 1.39e+00,1.08e+00,1.03e+00,9.91e-01; 1.42e+00,1.10e+00,1.09e+00,1.01e+00; 1.45e+00,1.14e+00,1.11e+00,1.04e+00; 1.48e+00,1.20e+00,1.13e+00,1.06e+00; 1.52e+00,1.24e+00,1.15e+00,1.09e+00; 1.55e+00,1.29e+00,1.18e+00,1.12e+00; 1.58e+00,1.33e+00,1.20e+00,1.14e+00; 1.62e+00,1.38e+00,1.22e+00,1.17e+00; 1.65e+00,1.42e+00,1.25e+00,1.20e+00; 1.68e+00,1.47e+00,1.27e+00,1.22e+00; 1.71e+00,1.52e+00,1.29e+00,1.25e+00; 1.75e+00,1.56e+00,1.31e+00,1.28e+00; 1.78e+00,1.61e+00,1.34e+00,1.30e+00; 1.82e+00,1.63e+00,1.36e+00,1.35e+00; 1.85e+00,1.67e+00,1.39e+00,1.37e+00; 1.89e+00,1.70e+00,1.41e+00,1.41e+00; 1.92e+00,1.75e+00,1.44e+00,1.43e+00; 1.96e+00,1.80e+00,1.46e+00,1.45e+00; 1.99e+00,1.84e+00,1.49e+00,1.47e+00; 2.03e+00,1.87e+00,1.51e+00,1.51e+00; 2.06e+00,1.90e+00,1.56e+00,1.54e+00; 2.08e+00,1.92e+00,1.64e+00,1.54e+00; 2.11e+00,1.95e+00,1.72e+00,1.53e+00; 2.15e+00,1.98e+00,1.75e+00,1.55e+00; 2.18e+00,2.03e+00,1.78e+00,1.57e+00; 2.21e+00,2.07e+00,1.81e+00,1.59e+00; 2.24e+00,2.12e+00,1.84e+00,1.62e+00; 2.28e+00,2.16e+00,1.87e+00,1.64e+00; 2.31e+00,2.19e+00,1.91e+00,1.67e+00; 2.33e+00,2.21e+00,1.97e+00,1.70e+00","25,25,25,25,25,25,25,25,25,25,25,25,25,25,25,25,25,25,25,25,25,25,25,25,25,25,57,57,57,57,57,57,57,57,57,57,57,57,57,57,57,57,57,57,57,57,57,25,57,9,57,57,57,25,25,25,25,63,57,57,57,57,25,25"
742,14.42,14.04,"3.76,5.55,6.83,8.17,9.34,10.31,11.10,11.89,12.55,13.09,13.55,14.00,14.44,14.87,15.30,15.79,16.16,16.48,16.75,17.02,17.31,17.57,17.83,18.16,18.41,18.64,18.84,19.06,19.29,19.50,19.69,19.93,20.14,20.35,20.53,20.72,20.91,21.08,21.24,21.42,21.57,21.73,21.87,22.02,22.16,22.30,22.42,22.56,22.67,22.79,22.90,23.01,23.12,23.23,23.33,23.43,23.53,23.66,23.78,23.89,24.00,24.11,24.21,24.32","3.83e-02,3.44e-02,2.84e-02,2.33e-06","4,4,4,4","1.25e-01; 2.51e-01; 2.88e-01,8.82e-02; 3.25e-01,1.77e-01; 3.69e-01,2.58e-01; 4.21e-01,3.32e-01; 4.78e-01,4.00e-01; 4.80e-01,3.95e-01,1.28e-01; 5.20e-01,4.34e-01,1.74e-01; 5.75e-01,4.87e-01,1.93e-01; 6.30e-01,5.29e-01,2.21e-01; 6.79e-01,5.60e-01,2.66e-01; 7.28e-01,5.99e-01,3.04e-01; 7.80e-01,6.54e-01,3.23e-01; 8.37e-01,7.09e-01,3.36e-01; 8.59e-01,7.31e-01,4.17e-01; 9.01e-01,7.70e-01,4.62e-01; 9.49e-01,8.16e-01,4.92e-01; 1.00e+00,8.62e-01,5.19e-01; 1.05e+00,8.97e-01,5.61e-01; 1.10e+00,9.30e-01,6.09e-01; 1.14e+00,9.75e-01,6.41e-01; 1.19e+00,1.02e+00,6.67e-01; 1.23e+00,1.06e+00,7.30e-01; 1.27e+00,1.09e+00,7.72e-01; 1.32e+00,1.13e+00,7.92e-01,2.43e-02; 1.34e+00,1.14e+00,7.66e-01,1.40e-01; 1.37e+00,1.15e+00,7.55e-01,2.44e-01; 1.40e+00,1.16e+00,7.75e-01,3.03e-01; 1.44e+00,1.19e+00,7.96e-01,3.40e-01; 1.48e+00,1.23e+00,8.08e-01,3.75e-01; 1.51e+00,1.26e+00,8.57e-01,3.89e-01; 1.52e+00,1.26e+00,8.72e-01,4.86e-01; 1.55e+00,1.28e+00,8.86e-01,5.46e-01; 1.60e+00,1.31e+00,8.78e-01,5.97e-01; 1.63e+00,1.33e+00,8.75e-01,6.82e-01; 1.66e+00,1.34e+00,8.93e-01,7.42e-01; 1.70e+00,1.37e+00,9.16e-01,7.83e-01; 1.74e+00,1.40e+00,9.30e-01,8.18e-01; 1.78e+00,1.43e+00,9.71e-01,8.35e-01; 1.81e+00,1.45e+00,9.91e-01,8.84e-01; 1.85e+00,1.48e+00,1.02e+00,9.22e-01; 1.89e+00,1.51e+00,1.03e+00,9.73e-01; 1.93e+00,1.53e+00,1.04e+00,1.03e+00; 1.97e+00,1.54e+00,1.09e+00,1.04e+00; 2.01e+00,1.57e+00,1.13e+00,1.07e+00; 2.05e+00,1.60e+00,1.16e+00,1.08e+00; 2.09e+00,1.63e+00,1.19e+00,1.11e+00; 2.13e+00,1.65e+00,1.22e+00,1.14e+00; 2.06e+00,1.74e+00,1.32e+00,1.16e+00; 2.10e+00,1.77e+00,1.33e+00,1.20e+00; 2.15e+00,1.79e+00,1.33e+00,1.26e+00; 2.19e+00,1.81e+00,1.34e+00,1.31e+00; 2.23e+00,1.84e+00,1.37e+00,1.34e+00; 2.28e+00,1.88e+00,1.38e+00,1.36e+00; 2.32e+00,1.92e+00,1.39e+00,1.39e+00; 2.08e+00,1.89e+00,1.65e+00,1.53e+00; 2.11e+00,1.92e+00,1.69e+00,1.56e+00; 2.15e+00,1.95e+00,1.71e+00,1.60e+00; 2.18e+00,1.98e+00,1.73e+00,1.64e+00; 2.21e+00,2.00e+00,1.76e+00,1.68e+00; 2.24e+00,2.03e+00,1.79e+00,1.71e+00; 2.28e+00,2.06e+00,1.82e+00,1.74e+00; 2.31e+00,2.10e+00,1.84e+00,1.77e+00","25,25,25,25,25,25,25,25,25,25,25,25,25,25,25,25,25,25,25,25,25,25,25,25,25,25,25,25,25,25,25,25,25,25,25,25,25,25,25,25,25,25,25,25,25,25,25,25,25,25,25,25,25,25,25,25,25,25,25,25,25,25,25,25"
743,16.12,13.94,"2.98,4.66,5.83,7.03,8.16,9.11,9.91,10.71,11.42,12.00,12.48,12.95,13.43,13.90,14.38,14.91,15.34,15.70,15.99,16.27,16.59,16.89,17.21,17.59,17.91,18.18,18.42,18.65,18.88,19.11,19.36,19.67,19.92,20.16,20.40,20.63,20.83,21.03,21.23,21.50,21.70,21.91,22.14,22.37,22.57,22.75,22.94,23.15,23.34,23.53,23.74,23.95,24.15,24.32,24.49,24.67,24.85,25.03,25.22,25.41,25.59,25.76,25.92,26.09","3.37e-02,3.25e-02,2.69e-02,2.30e-06","0,9,0,0","1.16e-01; 2.31e-01; 2.72e-01,7.46e-02; 3.02e-01,1.60e-01; 3.35e-01,2.42e-01; 3.80e-01,3.13e-01; 4.01e-01,3.40e-01,6.74e-02; 4.18e-01,3.56e-01,1.50e-01; 4.55e-01,4.04e-01,1.81e-01; 5.01e-01,4.50e-01,2.04e-01; 5.48e-01,4.91e-01,2.31e-01; 5.88e-01,5.23e-01,2.75e-01; 6.32e-01,5.64e-01,3.05e-01; 6.75e-01,6.14e-01,3.28e-01; 7.11e-01,6.57e-01,3.65e-01; 7.34e-01,6.81e-01,4.33e-01; 7.70e-01,7.24e-01,4.69e-01; 8.11e-01,7.66e-01,5.02e-01; 8.56e-01,8.09e-01,5.30e-01; 8.99e-01,8.48e-01,5.63e-01; 9.36e-01,8.84e-01,6.06e-01; 9.78e-01,9.28e-01,6.36e-01; 1.02e+00,9.71e-01,6.68e-01; 1.05e+00,1.00e+00,7.16e-01,5.36e-03; 1.08e+00,1.03e+00,7.28e-01,5.37e-02; 1.11e+00,1.07e+00,7.55e-01,7.38e-02; 1.10e+00,1.06e+00,7.43e-01,2.10e-01; 1.13e+00,1.08e+00,7.42e-01,2.81e-01; 1.16e+00,1.11e+00,7.68e-01,3.07e-01; 1.20e+00,1.15e+00,7.94e-01,3.25e-01; 1.23e+00,1.18e+00,8.16e-01,3.50e-01; 1.25e+00,1.21e+00,8.51e-01,3.85e-01; 1.28e+00,1.24e+00,8.72e-01,4.16e-01; 1.32e+00,1.27e+00,9.02e-01,4.38e-01; 1.34e+00,1.29e+00,8.93e-01,5.22e-01; 1.37e+00,1.32e+00,8.78e-01,5.89e-01; 1.40e+00,1.34e+00,8.91e-01,6.40e-01; 1.43e+00,1.38e+00,9.10e-01,6.73e-01; 1.46e+00,1.41e+00,9.26e-01,7.07e-01; 1.49e+00,1.43e+00,9.60e-01,7.42e-01; 1.52e+00,1.47e+00,9.85e-01,7.64e-01; 1.55e+00,1.50e+00,1.01e+00,7.92e-01; 1.57e+00,1.52e+00,1.01e+00,8.67e-01; 1.59e+00,1.54e+00,1.01e+00,9.50e-01; 1.62e+00,1.56e+00,1.01e+00,1.01e+00; 1.65e+00,1.59e+00,1.05e+00,1.03e+00; 1.68e+00,1.62e+00,1.09e+00,1.04e+00; 1.71e+00,1.65e+00,1.12e+00,1.07e+00; 1.74e+00,1.68e+00,1.14e+00,1.10e+00; 1.76e+00,1.71e+00,1.17e+00,1.13e+00; 1.79e+00,1.74e+00,1.23e+00,1.14e+00; 1.82e+00,1.76e+00,1.30e+00,1.14e+00; 1.84e+00,1.78e+00,1.35e+00,1.14e+00; 1.87e+00,1.81e+00,1.40e+00,1.16e+00; 1.90e+00,1.84e+00,1.43e+00,1.17e+00; 1.93e+00,1.87e+00,1.47e+00,1.20e+00; 1.96e+00,1.90e+00,1.49e+00,1.23e+00; 1.99e+00,1.93e+00,1.52e+00,1.27e+00; 2.01e+00,1.95e+00,1.56e+00,1.29e+00; 2.04e+00,1.98e+00,1.62e+00,1.29e+00; 2.07e+00,2.00e+00,1.67e+00,1.30e+00; 2.10e+00,2.03e+00,1.71e+00,1.32e+00; 2.13e+00,2.06e+00,1.75e+00,1.34e+00; 2.16e+00,2.09e+00,1.78e+00,1.36e+00","25,25,25,25,25,25,25,25,25,25,25,25,25,25,25,25,25,25,25,25,25,25,25,25,25,25,25,25,25,25,25,25,25,25,25,25,25,25,25,25,25,25,25,25,25,25,25,25,25,25,25,25,25,25,25,25,25,25,25,25,25,25,25,25"
744,13.06,13.14,"2.02,3.45,4.42,5.37,6.41,7.22,7.87,8.41,8.99,9.50,9.96,10.41,10.85,11.24,11.58,11.87,12.19,12.50,12.79,13.06,13.35,13.61,13.87,14.10,14.32,14.55,14.76,14.99,15.20,15.39,15.59,15.78,15.98,16.15,16.33,16.51,16.68,16.83,16.99,17.15,17.34,17.48,17.64,17.79,17.94,18.06,18.19,18.32,18.44,18.57,18.70,18.83,18.95,19.07,19.19,19.30,19.41,19.53,19.66,19.76,19.87,19.97,20.08,20.17","2.39e-02,2.28e-02,5.27e-03,9.82e-07","4,4,4,4","6.45e-02; 1.29e-01; 1.93e-01; 1.61e-01,9.65e-02; 1.72e-01,1.50e-01; 1.95e-01,1.92e-01; 2.31e-01,2.20e-01; 2.68e-01,2.47e-01; 2.96e-01,2.84e-01; 3.25e-01,3.20e-01; 3.55e-01,3.54e-01; 3.90e-01,3.83e-01; 4.27e-01,4.11e-01; 4.63e-01,4.40e-01; 4.99e-01,4.68e-01; 5.34e-01,4.97e-01; 5.28e-01,4.99e-01,6.86e-02; 5.54e-01,5.30e-01,7.62e-02; 5.78e-01,5.57e-01,9.05e-02; 5.84e-01,5.60e-01,1.45e-01; 6.26e-01,6.02e-01,1.26e-01; 6.57e-01,6.29e-01,1.32e-01; 6.81e-01,6.47e-01,1.54e-01; 7.08e-01,6.68e-01,1.71e-01; 7.33e-01,6.97e-01,1.81e-01; 7.50e-01,7.10e-01,2.16e-01; 7.76e-01,7.40e-01,2.25e-01; 8.02e-01,7.62e-01,2.40e-01; 8.49e-01,8.13e-01,2.07e-01; 8.56e-01,8.14e-01,2.64e-01; 8.84e-01,8.37e-01,2.78e-01; 9.31e-01,8.77e-01,2.55e-01; 9.31e-01,8.72e-01,3.24e-01; 9.57e-01,9.04e-01,3.30e-01; 9.78e-01,9.17e-01,3.61e-01; 9.79e-01,9.25e-01,4.17e-01; 1.00e+00,9.53e-01,4.31e-01; 1.03e+00,9.76e-01,4.42e-01; 1.06e+00,9.99e-01,4.56e-01; 1.09e+00,1.02e+00,4.72e-01; 1.10e+00,1.03e+00,5.11e-01; 1.13e+00,1.06e+00,5.22e-01; 1.16e+00,1.09e+00,5.27e-01; 1.18e+00,1.10e+00,5.52e-01; 1.20e+00,1.13e+00,5.67e-01; 1.23e+00,1.16e+00,5.78e-01; 1.26e+00,1.18e+00,5.94e-01; 1.28e+00,1.19e+00,6.17e-01; 1.31e+00,1.22e+00,6.29e-01; 1.32e+00,1.23e+00,6.70e-01; 1.34e+00,1.26e+00,6.86e-01; 1.37e+00,1.28e+00,7.07e-01; 1.39e+00,1.31e+00,7.23e-01; 1.41e+00,1.33e+00,7.40e-01; 1.44e+00,1.35e+00,7.58e-01; 1.46e+00,1.37e+00,7.78e-01; 1.48e+00,1.38e+00,8.17e-01; 1.50e+00,1.41e+00,8.37e-01; 1.51e+00,1.42e+00,8.70e-01; 1.54e+00,1.45e+00,8.83e-01; 1.56e+00,1.48e+00,8.98e-01; 1.58e+00,1.50e+00,9.16e-01; 1.60e+00,1.52e+00,9.34e-01; 1.63e+00,1.54e+00,9.52e-01","33,33,33,48,48,48,48,48,33,33,33,48,48,48,48,48,33,33,33,48,33,48,48,48,33,48,33,48,33,48,48,48,48,33,48,33,33,48,48,48,48,33,48,48,33,48,48,48,33,48,33,48,33,33,48,48,48,33,48,33,33,33,48,48"
745,8.44,9.01,"1.41,2.67,3.56,4.23,4.77,5.25,5.71,6.14,6.51,6.84,7.14,7.42,7.69,7.96,8.22,8.48,8.72,8.94,9.14,9.32,9.49,9.67,9.86,10.06,10.25,10.41,10.56,10.70,10.83,10.97,11.12,11.28,11.43,11.57,11.69,11.80,11.91,12.02,12.14,12.27,12.40,12.52,12.63,12.72,12.81,12.91,13.01,13.12,13.23,13.34,13.43,13.51,13.59,13.67,13.76,13.86,13.96,14.05,14.13,14.20,14.27,14.34,14.42,14.51","2.85e-02,2.04e-03,9.96e-07,7.29e-07","5,5,5,5","3.79e-02; 7.58e-02; 1.14e-01; 1.52e-01; 1.89e-01; 1.96e-01,3.10e-02; 2.21e-01,4.41e-02; 2.28e-01,7.51e-02; 2.45e-01,9.62e-02; 2.68e-01,1.11e-01; 2.96e-01,1.21e-01; 3.24e-01,1.31e-01; 3.50e-01,1.42e-01; 3.73e-01,1.57e-01; 3.92e-01,1.76e-01; 4.09e-01,1.97e-01; 4.23e-01,2.21e-01; 4.45e-01,2.37e-01; 4.68e-01,2.52e-01; 4.94e-01,2.64e-01; 5.18e-01,2.77e-01; 5.40e-01,2.94e-01; 5.58e-01,3.13e-01; 5.73e-01,3.36e-01; 5.86e-01,3.61e-01; 6.04e-01,3.81e-01; 6.25e-01,3.98e-01; 6.48e-01,4.13e-01; 6.71e-01,4.27e-01; 6.93e-01,4.44e-01; 7.12e-01,4.63e-01; 7.28e-01,4.84e-01; 7.42e-01,5.08e-01; 7.60e-01,5.28e-01; 7.80e-01,5.46e-01; 8.02e-01,5.62e-01; 8.24e-01,5.78e-01; 8.45e-01,5.94e-01; 8.64e-01,6.13e-01; 8.81e-01,6.34e-01; 8.96e-01,6.57e-01; 9.13e-01,6.78e-01; 9.33e-01,6.96e-01; 9.54e-01,7.13e-01; 9.76e-01,7.29e-01; 9.97e-01,7.46e-01; 1.02e+00,7.64e-01; 1.03e+00,7.85e-01; 1.05e+00,8.07e-01; 1.07e+00,8.28e-01; 1.09e+00,8.47e-01; 1.11e+00,8.64e-01; 1.13e+00,8.80e-01; 1.15e+00,8.98e-01; 1.17e+00,9.16e-01; 1.19e+00,9.36e-01; 1.20e+00,9.58e-01; 1.22e+00,9.79e-01; 1.24e+00,9.98e-01; 1.26e+00,1.02e+00; 1.28e+00,1.03e+00; 1.30e+00,1.05e+00; 1.32e+00,1.07e+00; 1.34e+00,1.09e+00","17,17,17,17,17,17,17,17,17,17,17,17,17,17,17,17,17,17,17,17,17,17,17,17,17,17,17,17,17,17,17,17,17,17,17,17,17,17,17,17,17,17,17,17,17,17,17,17,17,17,17,32,17,17,17,17,17,17,17,32,17,17,17,17"
746,8.70,8.74,"1.91,3.31,4.23,4.91,5.45,5.89,6.35,6.75,7.10,7.41,7.69,7.98,8.25,8.52,8.78,9.00,9.22,9.46,9.70,9.91,10.08,10.29,10.47,10.70,10.84,11.00,11.17,11.32,11.51,11.67,11.83,11.97,12.07,12.24,12.38,12.55,12.66,12.78,12.91,13.04,13.18,13.29,13.42,13.52,13.62,13.75,13.87,14.00,14.05,14.16,14.27,14.37,14.49,14.58,14.67,14.76,14.85,14.96,15.05,15.15,15.21,15.29,15.40,15.50","2.11e-02,8.76e-03,8.50e-07,4.60e-07","5,5,5,5","3.71e-02; 7.42e-02; 1.11e-01; 1.48e-01; 1.86e-01; 1.71e-01,5.14e-02; 2.17e-01,4.25e-02; 2.40e-01,5.66e-02; 2.54e-01,7.98e-02; 2.92e-01,7.94e-02; 3.14e-01,7.60e-02,1.78e-02; 3.19e-01,8.66e-02,3.98e-02; 3.25e-01,9.52e-02,6.20e-02; 3.55e-01,1.01e-01,6.31e-02; 3.53e-01,1.12e-01,9.13e-02; 3.73e-01,1.22e-01,9.90e-02; 3.90e-01,1.38e-01,1.02e-01; 4.03e-01,1.54e-01,1.11e-01; 4.16e-01,1.81e-01,1.08e-01; 4.28e-01,1.90e-01,1.24e-01; 4.56e-01,2.17e-01,1.06e-01; 4.63e-01,2.22e-01,1.31e-01; 4.85e-01,2.51e-01,1.18e-01; 4.81e-01,2.51e-01,1.59e-01; 4.97e-01,2.60e-01,1.71e-01; 5.13e-01,2.74e-01,1.78e-01; 5.29e-01,2.93e-01,1.80e-01; 5.47e-01,3.08e-01,1.84e-01; 5.60e-01,3.31e-01,1.85e-01; 5.75e-01,3.49e-01,1.90e-01; 5.88e-01,3.63e-01,2.00e-01; 5.87e-01,3.60e-01,1.95e-01,4.47e-02; 6.01e-01,3.54e-01,1.97e-01,7.15e-02; 6.14e-01,3.68e-01,2.02e-01,7.77e-02; 6.29e-01,3.83e-01,2.09e-01,7.71e-02; 6.64e-01,4.20e-01,1.95e-01,5.63e-02; 6.83e-01,4.35e-01,1.94e-01,6.08e-02; 6.99e-01,4.43e-01,1.98e-01,7.02e-02; 7.10e-01,4.52e-01,1.99e-01,8.55e-02; 7.03e-01,4.36e-01,2.38e-01,1.08e-01; 7.15e-01,4.46e-01,2.45e-01,1.15e-01; 7.29e-01,4.49e-01,2.51e-01,1.30e-01; 7.44e-01,4.68e-01,2.58e-01,1.26e-01; 7.75e-01,4.96e-01,2.19e-01,1.43e-01; 7.94e-01,5.10e-01,2.19e-01,1.46e-01; 8.09e-01,5.34e-01,2.14e-01,1.49e-01; 8.22e-01,5.44e-01,2.22e-01,1.56e-01; 8.33e-01,5.52e-01,2.38e-01,1.59e-01; 8.48e-01,5.61e-01,2.43e-01,1.65e-01; 8.61e-01,5.71e-01,2.42e-01,1.81e-01; 8.76e-01,5.84e-01,2.45e-01,1.87e-01; 8.94e-01,6.03e-01,2.47e-01,1.86e-01; 9.12e-01,6.32e-01,2.43e-01,1.80e-01; 9.29e-01,6.43e-01,2.47e-01,1.85e-01; 9.44e-01,6.52e-01,2.54e-01,1.91e-01; 9.55e-01,6.49e-01,2.63e-01,2.11e-01; 9.66e-01,6.58e-01,2.69e-01,2.22e-01; 9.78e-01,6.67e-01,2.78e-01,2.28e-01; 9.94e-01,6.81e-01,2.81e-01,2.33e-01; 1.01e+00,7.06e-01,2.79e-01,2.29e-01; 1.03e+00,7.13e-01,2.82e-01,2.38e-01; 1.05e+00,7.26e-01,2.83e-01,2.43e-01; 1.06e+00,7.39e-01,2.86e-01,2.52e-01; 1.05e+00,7.20e-01,3.61e-01,2.44e-01","24,24,24,24,24,24,24,24,24,24,24,24,24,24,24,24,24,24,24,24,24,24,24,24,24,24,24,24,24,24,24,24,24,24,24,24,24,24,24,24,24,24,24,24,24,24,24,24,30,24,24,24,24,24,24,24,24,24,24,24,24,24,24,24"
747,20.52,20.31,"6.10,8.10,10.12,11.93,13.38,14.49,15.52,16.57,17.39,18.07,18.59,19.11,19.64,20.13,20.60,21.09,21.70,22.25,22.74,23.17,23.56,23.92,24.25,24.58,24.97,25.38,25.75,26.08,26.39,26.70,26.97,27.19,27.49,27.80,28.06,28.29,28.54,28.81,29.04,29.19,29.43,29.62,29.81,30.04,30.24,30.38,30.57,30.83,31.00,31.15,31.32,31.49,31.63,31.75,31.90,32.07,32.24,32.37,32.52,32.66,32.78,32.89,33.01,33.16","3.81e-01,3.75e-01,2.57e-01,2.23e-05","0,0,0,0","1.26e+00; 2.11e+00,4.04e-01; 2.37e+00,1.40e+00; 2.81e+00,2.22e+00; 3.33e+00,2.96e+00; 3.77e+00,3.52e+00,2.55e-01; 3.93e+00,3.64e+00,1.24e+00; 4.11e+00,3.78e+00,2.17e+00; 4.41e+00,4.07e+00,2.83e+00; 4.84e+00,4.50e+00,3.23e+00; 5.10e+00,4.67e+00,3.05e+00,9.99e-01; 5.50e+00,4.93e+00,2.97e+00,1.69e+00; 5.90e+00,5.20e+00,3.29e+00,1.95e+00; 6.30e+00,5.59e+00,3.56e+00,2.15e+00; 6.69e+00,6.04e+00,3.56e+00,2.56e+00; 7.04e+00,6.43e+00,3.59e+00,3.05e+00; 7.23e+00,6.51e+00,3.93e+00,3.70e+00; 7.50e+00,6.73e+00,4.28e+00,4.12e+00; 7.83e+00,7.00e+00,4.95e+00,4.10e+00; 8.22e+00,7.28e+00,5.84e+00,3.80e+00; 8.59e+00,7.49e+00,6.31e+00,4.00e+00; 8.95e+00,7.69e+00,6.55e+00,4.46e+00; 9.34e+00,8.08e+00,6.97e+00,4.53e+00; 9.77e+00,8.65e+00,7.76e+00,3.99e+00; 1.00e+01,8.76e+00,7.99e+00,4.67e+00; 1.03e+01,8.94e+00,8.12e+00,5.36e+00; 1.06e+01,9.23e+00,8.68e+00,5.41e+00; 1.10e+01,9.58e+00,9.45e+00,5.14e+00; 1.14e+01,9.89e+00,9.75e+00,5.41e+00; 1.17e+01,1.00e+01,9.82e+00,6.16e+00; 1.21e+01,1.03e+01,1.01e+01,6.48e+00; 1.25e+01,1.12e+01,1.08e+01,5.62e+00; 1.28e+01,1.14e+01,1.10e+01,6.24e+00; 1.31e+01,1.15e+01,1.11e+01,7.08e+00; 1.34e+01,1.19e+01,1.14e+01,7.23e+00; 1.39e+01,1.26e+01,1.19e+01,6.90e+00; 1.43e+01,1.31e+01,1.21e+01,7.15e+00; 1.45e+01,1.31e+01,1.20e+01,8.13e+00; 1.49e+01,1.33e+01,1.23e+01,8.54e+00; 1.55e+01,1.43e+01,1.33e+01,7.11e+00; 1.58e+01,1.47e+01,1.36e+01,7.50e+00; 1.60e+01,1.49e+01,1.37e+01,8.09e+00; 1.64e+01,1.53e+01,1.41e+01,8.14e+00; 1.69e+01,1.58e+01,1.45e+01,8.08e+00; 1.73e+01,1.62e+01,1.48e+01,8.21e+00; 1.77e+01,1.66e+01,1.51e+01,8.41e+00; 1.81e+01,1.69e+01,1.55e+01,8.59e+00; 1.84e+01,1.74e+01,1.58e+01,8.73e+00; 1.87e+01,1.77e+01,1.62e+01,9.01e+00; 1.91e+01,1.80e+01,1.65e+01,9.28e+00; 1.95e+01,1.83e+01,1.68e+01,9.49e+00; 1.99e+01,1.88e+01,1.71e+01,9.65e+00; 2.03e+01,1.92e+01,1.74e+01,9.79e+00; 2.07e+01,1.95e+01,1.77e+01,9.97e+00; 2.10e+01,1.99e+01,1.81e+01,1.01e+01; 2.14e+01,2.03e+01,1.85e+01,1.03e+01; 2.17e+01,2.05e+01,1.88e+01,1.07e+01; 2.21e+01,2.08e+01,1.91e+01,1.09e+01; 2.24e+01,2.12e+01,1.94e+01,1.12e+01; 2.28e+01,2.16e+01,1.97e+01,1.13e+01; 2.32e+01,2.20e+01,2.00e+01,1.15e+01; 2.36e+01,2.23e+01,2.03e+01,1.17e+01; 2.40e+01,2.27e+01,2.07e+01,1.18e+01; 2.44e+01,2.30e+01,2.10e+01,1.20e+01","25,25,25,25,25,25,25,25,25,25,25,25,25,25,25,25,25,25,25,25,25,25,25,25,25,25,25,25,25,25,25,25,25,25,25,25,25,25,25,25,25,25,25,25,25,25,25,25,25,25,25,25,25,25,25,25,25,25,25,25,25,25,25,25"
748,8.95,8.49,"1.39,2.63,3.49,4.14,4.74,5.24,5.66,6.00,6.38,6.74,7.06,7.36,7.66,7.95,8.21,8.45,8.70,8.95,9.18,9.40,9.62,9.85,10.06,10.24,10.42,10.62,10.80,10.97,11.15,11.33,11.50,11.65,11.81,11.97,12.13,12.27,12.42,12.56,12.71,12.84,12.97,13.10,13.23,13.36,13.48,13.60,13.72,13.84,13.94,14.07,14.18,14.29,14.39,14.50,14.61,14.71,14.81,14.92,15.02,15.12,15.21,15.30,15.40,15.49","1.68e-02,9.40e-03,7.44e-07,4.43e-07","0,0,0,0","3.25e-02; 6.50e-02; 9.75e-02; 1.19e-01,1.11e-02; 1.31e-01,3.17e-02; 1.47e-01,4.79e-02; 1.66e-01,6.20e-02; 1.85e-01,7.50e-02; 1.98e-01,9.45e-02; 2.16e-01,1.09e-01; 2.39e-01,1.18e-01; 2.62e-01,1.28e-01; 2.81e-01,1.42e-01; 2.97e-01,1.58e-01,1.08e-04; 3.03e-01,1.64e-01,2.00e-02; 3.10e-01,1.70e-01,4.04e-02; 3.17e-01,1.82e-01,5.32e-02; 3.27e-01,1.94e-01,6.40e-02; 3.40e-01,2.00e-01,7.79e-02; 3.54e-01,2.04e-01,9.22e-02; 3.67e-01,2.10e-01,1.05e-01; 3.79e-01,2.18e-01,1.18e-01; 3.90e-01,2.27e-01,1.31e-01; 4.01e-01,2.37e-01,1.42e-01; 4.12e-01,2.52e-01,1.49e-01; 4.23e-01,2.65e-01,1.58e-01; 4.36e-01,2.73e-01,1.69e-01; 4.50e-01,2.79e-01,1.81e-01; 4.64e-01,2.84e-01,1.94e-01; 4.77e-01,2.93e-01,2.06e-01; 4.89e-01,3.03e-01,2.16e-01; 5.00e-01,3.13e-01,2.27e-01; 5.10e-01,3.26e-01,2.36e-01; 5.21e-01,3.39e-01,2.45e-01; 5.34e-01,3.49e-01,2.55e-01; 5.48e-01,3.55e-01,2.68e-01; 5.62e-01,3.61e-01,2.80e-01; 5.75e-01,3.70e-01,2.90e-01; 5.87e-01,3.80e-01,3.01e-01; 5.99e-01,3.90e-01,3.11e-01; 6.10e-01,4.04e-01,3.19e-01; 6.21e-01,4.18e-01,3.26e-01; 6.34e-01,4.28e-01,3.36e-01; 6.48e-01,4.35e-01,3.47e-01; 6.69e-01,4.45e-01,3.50e-01; 6.81e-01,4.53e-01,3.61e-01; 6.94e-01,4.63e-01,3.71e-01; 7.05e-01,4.74e-01,3.81e-01; 7.17e-01,4.88e-01,3.88e-01; 7.27e-01,5.02e-01,3.97e-01; 7.39e-01,5.13e-01,4.06e-01; 7.52e-01,5.20e-01,4.18e-01; 7.66e-01,5.27e-01,4.31e-01; 7.79e-01,5.35e-01,4.41e-01; 7.91e-01,5.45e-01,4.51e-01; 8.03e-01,5.56e-01,4.62e-01; 8.13e-01,5.69e-01,4.71e-01; 8.24e-01,5.83e-01,4.79e-01; 8.35e-01,5.94e-01,4.89e-01; 8.49e-01,6.02e-01,5.00e-01; 8.62e-01,6.09e-01,5.12e-01; 8.75e-01,6.17e-01,5.24e-01; 8.88e-01,6.27e-01,5.34e-01; 8.99e-01,6.38e-01,5.43e-01","32,32,32,32,32,32,32,32,32,32,32,32,32,32,32,32,32,32,32,32,32,32,32,32,32,32,32,32,32,32,32,32,32,32,32,32,32,32,32,32,32,32,32,32,32,32,32,32,32,32,32,32,32,32,32,32,32,32,32,32,32,32,32,32"
749,17.22,17.93,"5.45,7.31,8.66,9.98,11.20,12.26,13.18,13.97,14.65,15.18,15.62,16.01,16.39,16.80,17.21,17.62,18.00,18.32,18.58,18.82,19.06,19.30,19.57,19.83,20.11,20.33,20.53,20.70,20.87,21.05,21.24,21.44,21.64,21.82,21.98,22.11,22.24,22.38,22.53,22.69,22.85,23.00,23.13,23.24,23.34,23.45,23.58,23.71,23.84,23.97,24.08,24.17,24.26,24.36,24.46,24.57,24.68,24.79,24.89,24.97,25.05,25.13,25.21,25.31","5.06e-01,4.72e-01,2.41e-05,1.37e-05","0,0,0,0","1.21e+00; 2.43e+00; 2.88e+00,7.58e-01; 3.25e+00,1.61e+00; 3.67e+00,2.40e+00; 4.13e+00,3.15e+00; 4.63e+00,3.86e+00; 5.16e+00,4.55e+00; 5.71e+00,5.21e+00; 6.32e+00,5.81e+00; 6.97e+00,6.38e+00; 7.61e+00,6.95e+00; 8.24e+00,7.53e+00; 8.84e+00,8.14e+00; 9.42e+00,8.77e+00; 9.99e+00,9.41e+00; 1.06e+01,1.01e+01; 1.12e+01,1.07e+01; 1.18e+01,1.13e+01; 1.24e+01,1.18e+01; 1.30e+01,1.24e+01; 1.36e+01,1.30e+01; 1.42e+01,1.37e+01; 1.44e+01,1.39e+01,7.84e-01; 1.56e+01,1.48e+01; 1.62e+01,1.54e+01; 1.68e+01,1.60e+01; 1.74e+01,1.65e+01; 1.81e+01,1.71e+01; 1.87e+01,1.77e+01; 1.93e+01,1.83e+01; 2.00e+01,1.89e+01; 2.06e+01,1.94e+01; 2.12e+01,2.01e+01; 2.18e+01,2.06e+01; 2.25e+01,2.12e+01; 2.31e+01,2.18e+01; 2.37e+01,2.23e+01; 2.44e+01,2.30e+01; 2.50e+01,2.36e+01; 2.56e+01,2.42e+01; 2.62e+01,2.48e+01; 2.68e+01,2.54e+01; 2.74e+01,2.59e+01; 2.81e+01,2.65e+01; 2.87e+01,2.71e+01; 2.93e+01,2.77e+01; 2.99e+01,2.83e+01; 3.05e+01,2.89e+01; 3.11e+01,2.95e+01; 3.17e+01,3.01e+01; 3.24e+01,3.07e+01; 3.30e+01,3.13e+01; 3.37e+01,3.18e+01; 3.43e+01,3.24e+01; 3.49e+01,3.31e+01; 3.55e+01,3.37e+01; 3.61e+01,3.43e+01; 3.67e+01,3.49e+01; 3.73e+01,3.55e+01; 3.80e+01,3.60e+01; 3.86e+01,3.66e+01; 3.92e+01,3.72e+01; 3.98e+01,3.78e+01","24,24,24,24,24,24,24,24,24,24,24,24,24,24,24,24,24,24,24,24,24,24,24,24,24,24,24,24,24,24,24,24,24,24,24,24,24,24,24,24,24,24,24,24,24,24,24,24,24,24,24,24,24,24,24,24,24,24,24,24,24,24,24,24"
753,0.01,0.01,"0.00,0.00,0.00,0.00,0.00,0.00,0.00,0.00,0.00,0.00,0.00,0.00,0.00,0.00,0.01,0.01,0.01,0.01,0.01,0.01,0.01,0.01,0.01,0.01,0.01,0.01,0.01,0.01,0.02,0.02,0.02,0.02,0.02,0.02,0.02,0.02,0.02,0.02,0.03,0.03,0.03,0.03,0.03,0.03,0.03,0.03,0.03,0.03,0.04,0.04,0.04,0.04,0.04,0.04,0.04,0.05,0.05,0.05,0.05,0.05,0.05,0.06,0.06,0.06","6.99e-07,6.16e-11,1.82e-11,1.44e-11","9,9,9,9",; 1.74e-06; 2.60e-06; 3.47e-06; 4.34e-06; 5.21e-06; 6.08e-06; 6.94e-06; 7.81e-06; 8.68e-06; 9.55e-06; 1.04e-05; 1.13e-05; 1.22e-05; 1.30e-05; 1.39e-05; 1.48e-05; 1.56e-05; 1.65e-05; 1.74e-05; 1.82e-05; 1.91e-05; 2.00e-05; 2.08e-05; 2.17e-05; 2.26e-05; 2.34e-05; 2.43e-05; 2.52e-05; 2.60e-05; 2.69e-05; 2.78e-05; 2.86e-05; 2.95e-05; 3.04e-05; 3.12e-05; 3.21e-05; 3.30e-05; 3.38e-05; 3.47e-05; 3.56e-05; 3.65e-05; 3.73e-05; 3.82e-05; 3.91e-05; 3.99e-05; 4.08e-05; 4.17e-05; 4.25e-05; 4.34e-05; 4.43e-05; 4.51e-05; 4.60e-05; 4.69e-05; 4.77e-05; 4.86e-05; 4.95e-05; 5.03e-05; 5.12e-05; 5.21e-05; 5.29e-05; 5.38e-05; 5.47e-05; 5.55e-05,"39,39,39,39,39,39,39,39,39,39,39,39,39,39,39,39,39,39,39,39,39,39,39,39,39,25,39,39,39,39,39,39,39,25,39,39,39,39,39,39,39,25,39,39,39,39,39,39,39,25,39,39,39,39,39,25,39,39,39,39,39,39,39,39"
757,0.01,0.01,"0.00,0.00,0.00,0.00,0.00,0.00,0.01,0.01,0.01,0.01,0.01,0.02,0.02,0.02,0.02,0.02,0.03,0.03,0.04,0.04,0.05,0.05,0.05,0.05,0.06,0.07,0.07,0.08,0.08,0.09,0.09,0.09,0.10,0.11,0.12,0.12,0.13,0.13,0.14,0.14,0.15,0.16,0.17,0.17,0.18,0.18,0.19,0.19,0.20,0.21,0.22,0.23,0.24,0.24,0.25,0.25,0.26,0.27,0.28,0.29,0.30,0.30,0.31,0.31","8.14e-07,6.90e-11,2.13e-11,1.79e-11","4,4,4,4",1.01e-06; 2.02e-06; 3.03e-06; 4.04e-06; 5.05e-06; 6.06e-06; 7.08e-06; 8.09e-06; 9.10e-06; 1.01e-05; 1.11e-05; 1.21e-05; 1.31e-05; 1.42e-05; 1.52e-05; 1.62e-05; 1.72e-05; 1.82e-05; 1.92e-05; 2.02e-05; 2.12e-05; 2.22e-05; 2.32e-05; 2.43e-05; 2.53e-05; 2.63e-05; 2.73e-05; 2.83e-05; 2.93e-05; 3.03e-05; 3.13e-05; 3.23e-05; 3.34e-05; 3.44e-05; 3.54e-05; 3.64e-05; 3.74e-05; 3.84e-05; 3.94e-05; 4.04e-05; 4.14e-05; 4.25e-05; 4.35e-05; 4.45e-05; 4.55e-05; 4.65e-05; 4.75e-05; 4.85e-05; 4.95e-05; 5.05e-05; 5.15e-05; 5.26e-05; 5.36e-05; 5.46e-05; 5.56e-05; 5.66e-05; 5.76e-05; 5.86e-05; 5.96e-05; 6.06e-05; 6.17e-05; 6.27e-05; 6.37e-05; 6.47e-05,"32,32,32,32,32,32,32,32,32,32,32,32,32,32,32,32,32,32,32,32,32,32,32,32,32,32,32,32,32,32,32,32,32,32,32,32,32,32,32,32,32,32,32,32,32,32,32,32,32,32,32,32,32,32,32,32,32,32,32,32,32,32,32,32"
758,1.07,0.98,"0.02,0.07,0.14,0.23,0.31,0.40,0.48,0.55,0.65,0.76,0.88,1.00,1.10,1.20,1.28,1.35,1.44,1.53,1.63,1.73,1.82,1.90,1.98,2.04,2.11,2.19,2.27,2.35,2.43,2.50,2.57,2.63,2.70,2.77,2.84,2.90,2.97,3.03,3.09,3.15,3.21,3.27,3.33,3.39,3.44,3.50,3.55,3.60,3.65,3.71,3.76,3.81,3.86,3.91,3.96,4.01,4.05,4.10,4.15,4.19,4.24,4.28,4.32,4.37","7.71e-05,6.01e-09,3.37e-09,2.06e-09","4,4,4,4","9.56e-05; 1.91e-04; 2.87e-04; 3.83e-04; 4.78e-04; 5.74e-04; 6.70e-04; 7.65e-04; 8.61e-04; 9.56e-04; 1.05e-03; 1.15e-03; 1.24e-03; 1.34e-03; 1.43e-03; 1.53e-03; 1.63e-03; 1.72e-03; 1.82e-03; 1.91e-03; 2.01e-03; 2.10e-03; 2.18e-03,2.15e-05; 2.17e-03,1.29e-04; 2.19e-03,1.99e-04; 2.24e-03,2.45e-04; 2.33e-03,2.51e-04; 2.44e-03,2.35e-04; 2.54e-03,2.32e-04; 2.60e-03,2.69e-04; 2.62e-03,3.44e-04; 2.58e-03,4.76e-04; 2.62e-03,5.39e-04; 2.67e-03,5.85e-04; 2.75e-03,6.02e-04; 2.84e-03,5.99e-04; 2.94e-03,6.03e-04; 3.00e-03,6.37e-04; 3.03e-03,7.02e-04; 3.04e-03,7.81e-04; 3.08e-03,8.38e-04; 3.13e-03,8.84e-04; 3.21e-03,9.03e-04; 3.30e-03,9.06e-04; 3.39e-03,9.12e-04; 3.46e-03,9.43e-04; 3.49e-03,1.00e-03; 3.52e-03,1.07e-03; 3.56e-03,1.13e-03; 3.61e-03,1.17e-03; 3.68e-03,1.19e-03; 3.77e-03,1.20e-03; 3.86e-03,1.21e-03; 3.93e-03,1.24e-03; 3.97e-03,1.29e-03; 4.00e-03,1.36e-03; 4.04e-03,1.41e-03; 4.09e-03,1.46e-03; 4.16e-03,1.48e-03; 4.25e-03,1.49e-03; 4.34e-03,1.50e-03; 4.40e-03,1.53e-03; 4.44e-03,1.58e-03; 4.47e-03,1.65e-03","32,32,32,32,32,32,32,32,32,32,32,32,32,32,32,32,32,32,32,32,32,32,32,32,32,32,32,32,32,32,32,32,32,32,32,32,32,32,32,32,32,32,32,32,32,32,32,32,32,32,32,32,32,32,32,32,32,32,32,32,32,32,32,32"
759,0.01,0.01,"0.00,0.00,0.00,0.00,0.00,0.00,0.00,0.00,0.00,0.00,0.00,0.01,0.01,0.01,0.01,0.01,0.01,0.01,0.01,0.01,0.02,0.02,0.02,0.02,0.02,0.02,0.03,0.03,0.03,0.03,0.03,0.03,0.04,0.04,0.04,0.04,0.05,0.05,0.05,0.05,0.06,0.06,0.06,0.07,0.07,0.07,0.07,0.08,0.08,0.08,0.09,0.09,0.09,0.10,0.10,0.10,0.10,0.11,0.11,0.12,0.12,0.12,0.13,0.13","5.41e-07,3.25e-11,2.52e-11,1.21e-11","9,9,4,4",; 1.34e-06; 2.02e-06; 2.69e-06; 3.36e-06; 4.03e-06; 4.71e-06; 5.38e-06; 6.05e-06; 6.72e-06; 7.40e-06; 8.07e-06; 8.74e-06; 9.41e-06; 1.01e-05; 1.08e-05; 1.14e-05; 1.21e-05; 1.28e-05; 1.34e-05; 1.41e-05; 1.48e-05; 1.55e-05; 1.61e-05; 1.68e-05; 1.75e-05; 1.82e-05; 1.88e-05; 1.95e-05; 2.02e-05; 2.08e-05; 2.15e-05; 2.22e-05; 2.29e-05; 2.35e-05; 2.42e-05; 2.49e-05; 2.56e-05; 2.62e-05; 2.69e-05; 2.76e-05; 2.82e-05; 2.89e-05; 2.96e-05; 3.03e-05; 3.09e-05; 3.16e-05; 3.23e-05; 3.29e-05; 3.36e-05; 3.43e-05; 3.50e-05; 3.56e-05; 3.63e-05; 3.70e-05; 3.77e-05; 3.83e-05; 3.90e-05; 3.97e-05; 4.03e-05; 4.10e-05; 4.17e-05; 4.24e-05; 4.30e-05,"24,24,24,24,24,24,24,24,24,24,24,24,24,24,24,24,24,24,24,24,24,24,24,24,24,24,24,24,24,24,24,24,24,24,24,24,24,24,24,24,24,24,24,24,24,24,24,24,24,24,24,24,24,24,24,24,24,24,24,24,24,24,24,24"
767,3.70,2.85,"0.07,0.19,0.36,0.52,0.67,0.82,0.96,1.10,1.25,1.42,1.60,1.78,1.94,2.10,2.25,2.39,2.54,2.67,2.82,2.96,3.09,3.23,3.36,3.49,3.61,3.73,3.85,3.97,4.08,4.20,4.31,4.43,4.53,4.64,4.74,4.84,4.95,5.05,5.15,5.25,5.34,5.43,5.53,5.62,5.71,5.80,5.88,5.97,6.06,6.14,6.22,6.30,6.38,6.46,6.54,6.62,6.70,6.77,6.85,6.92,7.00,7.07,7.14,7.21","6.11e-04,2.72e-04,3.09e-08,2.53e-08","9,9,9,9","1.10e-03; 2.19e-03; 3.29e-03; 4.39e-03; 5.48e-03; 6.58e-03; 7.67e-03; 8.71e-03,6.17e-05; 7.82e-03,2.05e-03; 8.76e-03,2.21e-03; 1.01e-02,1.97e-03; 1.11e-02,2.07e-03; 1.17e-02,2.52e-03; 1.22e-02,3.14e-03; 1.24e-02,4.00e-03; 1.25e-02,5.04e-03; 1.24e-02,6.26e-03; 1.29e-02,6.83e-03; 1.36e-02,7.02e-03,2.04e-04; 1.42e-02,6.70e-03,1.05e-03; 1.47e-02,6.56e-03,1.76e-03; 1.52e-02,6.87e-03,2.08e-03; 1.56e-02,7.38e-03,2.29e-03; 1.58e-02,8.18e-03,2.29e-03; 1.60e-02,9.33e-03,2.06e-03; 1.63e-02,9.82e-03,2.35e-03; 1.68e-02,1.01e-02,2.66e-03; 1.73e-02,9.95e-03,3.41e-03; 1.79e-02,9.86e-03,4.07e-03; 1.84e-02,1.01e-02,4.43e-03; 1.88e-02,1.05e-02,4.75e-03; 1.91e-02,1.11e-02,4.83e-03; 1.93e-02,1.21e-02,4.75e-03; 1.96e-02,1.26e-02,5.01e-03; 2.01e-02,1.30e-02,5.31e-03; 2.06e-02,1.29e-02,5.99e-03; 2.11e-02,1.29e-02,6.60e-03; 2.16e-02,1.31e-02,6.98e-03; 2.20e-02,1.34e-02,7.35e-03; 2.24e-02,1.40e-02,7.44e-03; 2.26e-02,1.49e-02,7.43e-03; 2.29e-02,1.55e-02,7.64e-03; 2.34e-02,1.59e-02,7.92e-03; 2.38e-02,1.59e-02,8.50e-03; 2.43e-02,1.59e-02,9.07e-03; 2.49e-02,1.61e-02,9.45e-03; 2.53e-02,1.64e-02,9.82e-03; 2.57e-02,1.70e-02,9.93e-03; 2.59e-02,1.78e-02,9.98e-03; 2.63e-02,1.84e-02,1.02e-02; 2.66e-02,1.88e-02,1.04e-02; 2.71e-02,1.89e-02,1.10e-02; 2.76e-02,1.90e-02,1.15e-02; 2.81e-02,1.92e-02,1.19e-02; 2.86e-02,1.94e-02,1.23e-02; 2.90e-02,2.00e-02,1.24e-02; 2.92e-02,2.07e-02,1.25e-02; 2.95e-02,2.13e-02,1.27e-02; 2.99e-02,2.17e-02,1.30e-02; 3.03e-02,2.19e-02,1.36e-02; 3.08e-02,2.20e-02,1.41e-02; 3.13e-02,2.22e-02,1.45e-02; 3.18e-02,2.24e-02,1.49e-02; 3.22e-02,2.29e-02,1.50e-02","8,8,8,8,8,8,8,8,8,8,8,8,8,8,8,8,8,8,8,8,8,8,8,8,8,8,8,8,8,8,8,8,8,8,8,8,8,8,8,8,8,8,8,8,8,8,8,8,8,8,8,8,8,8,8,8,8,8,8,8,8,8,8,8"
768,40.46,34.91,"14.39,20.52,24.37,26.93,28.82,30.36,31.51,32.54,33.44,34.20,34.41,35.04,35.70,36.35,36.93,37.48,37.61,37.85,37.77,38.15,38.79,39.06,39.38,39.59,39.72,39.96,40.58,41.48,41.37,41.23,41.78,41.71,42.63,43.10,43.00,42.65,43.76,44.20,43.75,45.02,44.33,46.15,44.10,45.47,44.28,45.25,45.73,46.13,45.78,47.37,47.72,46.82,45.73,49.05,47.37,46.96,46.61,47.03,46.04,47.71,47.05,46.60,48.92,49.45","3.00e+02,3.00e+02,2.82e+02,1.80e+02","8,8,8,0","1.43e+03; 1.47e+03,1.40e+03; 2.16e+03,2.14e+03; 2.87e+03,2.86e+03; 3.59e+03,3.58e+03; 4.30e+03,4.30e+03; 4.59e+03,4.59e+03,8.62e+02; 4.68e+03,4.68e+03,2.12e+03; 5.16e+03,5.16e+03,2.59e+03; 5.47e+03,5.47e+03,3.40e+03; 6.23e+03,6.23e+03,3.31e+03; 6.72e+03,6.72e+03,3.77e+03; 6.85e+03,6.85e+03,4.94e+03; 7.29e+03,7.29e+03,5.49e+03; 7.72e+03,7.72e+03,6.07e+03; 8.19e+03,8.19e+03,6.56e+03; 8.66e+03,8.66e+03,7.05e+03; 9.13e+03,9.13e+03,7.55e+03; 9.76e+03,9.75e+03,7.73e+03; 1.09e+04,1.09e+04,6.84e+03; 1.06e+04,1.06e+04,9.00e+03; 1.07e+04,1.07e+04,9.05e+03,1.18e+03; 1.06e+04,1.06e+04,9.05e+03,2.68e+03; 1.11e+04,1.11e+04,9.68e+03,2.59e+03; 1.14e+04,1.14e+04,1.00e+04,3.06e+03; 1.16e+04,1.16e+04,1.02e+04,3.86e+03; 1.18e+04,1.18e+04,1.06e+04,4.59e+03; 1.29e+04,1.29e+04,1.11e+04,3.25e+03; 1.26e+04,1.26e+04,1.13e+04,5.02e+03; 1.26e+04,1.26e+04,1.15e+04,6.37e+03; 1.29e+04,1.29e+04,1.18e+04,6.89e+03; 1.36e+04,1.36e+04,1.25e+04,6.24e+03; 1.40e+04,1.40e+04,1.29e+04,6.44e+03; 1.43e+04,1.43e+04,1.33e+04,6.81e+03; 1.41e+04,1.41e+04,1.28e+04,9.18e+03; 1.52e+04,1.52e+04,1.41e+04,7.16e+03; 1.64e+04,1.64e+04,1.56e+04,4.63e+03; 1.56e+04,1.56e+04,1.47e+04,8.51e+03; 1.53e+04,1.53e+04,1.46e+04,1.07e+04; 1.64e+04,1.64e+04,1.55e+04,9.03e+03; 1.68e+04,1.68e+04,1.59e+04,9.31e+03; 1.71e+04,1.71e+04,1.62e+04,9.73e+03; 1.64e+04,1.64e+04,1.48e+04,1.41e+04; 1.78e+04,1.78e+04,1.68e+04,1.07e+04; 1.82e+04,1.82e+04,1.73e+04,1.08e+04; 1.78e+04,1.78e+04,1.71e+04,1.32e+04; 1.82e+04,1.82e+04,1.75e+04,1.35e+04; 1.92e+04,1.92e+04,1.84e+04,1.20e+04; 1.89e+04,1.89e+04,1.82e+04,1.44e+04; 1.98e+04,1.98e+04,1.91e+04,1.29e+04; 2.03e+04,2.03e+04,1.95e+04,1.31e+04; 2.13e+04,2.13e+04,2.05e+04,1.14e+04; 2.01e+04,2.01e+04,1.95e+04,1.62e+04; 2.13e+04,2.13e+04,2.06e+04,1.42e+04; 2.11e+04,2.11e+04,2.04e+04,1.62e+04; 2.19e+04,2.19e+04,2.12e+04,1.53e+04; 2.24e+04,2.24e+04,2.17e+04,1.52e+04; 2.23e+04,2.23e+04,2.15e+04,1.71e+04; 2.29e+04,2.29e+04,2.21e+04,1.66e+04; 2.38e+04,2.38e+04,2.30e+04,1.55e+04; 2.38e+04,2.38e+04,2.31e+04,1.68e+04; 2.41e+04,2.41e+04,2.34e+04,1.74e+04; 2.42e+04,2.42e+04,2.37e+04,1.82e+04; 2.48e+04,2.48e+04,2.42e+04,1.80e+04","30,30,30,30,30,30,30,30,30,30,24,47,30,30,30,47,28,28,28,24,24,28,28,30,24,24,28,30,47,30,30,24,30,47,47,47,30,24,30,30,47,24,28,47,47,28,30,30,30,47,47,24,28,28,24,30,28,28,28,28,47,30,47,30"
769,38.43,33.67,"16.79,19.02,21.39,23.65,25.51,26.86,28.28,29.69,30.87,31.42,32.24,33.20,33.85,34.57,34.44,35.10,35.94,36.15,36.62,36.81,37.42,37.64,38.11,38.19,38.90,39.53,38.77,39.99,40.92,39.77,40.32,41.10,41.63,41.85,42.61,41.58,44.09,43.25,41.63,42.82,42.13,47.36,47.52,47.83,52.09,48.51,51.74,52.07,54.27,56.17,53.66,59.10,57.55,62.73,60.07,64.23,67.64,68.84,71.07,77.53,78.52,77.81,78.02,80.15","5.89e+02,5.87e+02,5.65e+02,4.38e+02","12,7,12,12","2.80e+03; 5.14e+03,4.61e+02; 4.88e+03,3.52e+03; 5.91e+03,5.29e+03; 7.17e+03,6.83e+03; 8.51e+03,8.29e+03; 8.08e+03,7.93e+03,3.59e+03; 8.48e+03,8.37e+03,5.56e+03; 9.48e+03,9.40e+03,6.32e+03; 1.02e+04,1.01e+04,7.66e+03; 1.12e+04,1.11e+04,8.56e+03; 1.19e+04,1.18e+04,9.96e+03; 1.27e+04,1.26e+04,1.11e+04; 1.36e+04,1.35e+04,1.20e+04; 1.46e+04,1.45e+04,1.30e+04; 1.54e+04,1.53e+04,1.41e+04; 1.63e+04,1.63e+04,1.50e+04; 1.72e+04,1.72e+04,1.60e+04; 1.82e+04,1.81e+04,1.69e+04; 1.65e+04,1.65e+04,1.54e+04,7.63e+03; 2.00e+04,1.99e+04,1.89e+04; 1.91e+04,1.90e+04,1.80e+04,5.44e+03; 2.08e+04,2.08e+04,1.97e+04,3.13e+03; 2.27e+04,2.27e+04,2.18e+04; 2.31e+04,2.31e+04,2.22e+04,1.62e+03; 2.31e+04,2.31e+04,2.23e+04,4.25e+03; 2.06e+04,2.06e+04,1.98e+04,1.46e+04; 2.64e+04,2.64e+04,2.56e+04; 2.73e+04,2.73e+04,2.66e+04; 2.28e+04,2.28e+04,2.21e+04,1.63e+04; 2.46e+04,2.45e+04,2.39e+04,1.38e+04; 2.67e+04,2.67e+04,2.61e+04,1.01e+04; 2.85e+04,2.84e+04,2.78e+04,7.71e+03; 2.77e+04,2.77e+04,2.72e+04,1.27e+04; 3.29e+04,3.28e+04,3.23e+04; 3.17e+04,3.17e+04,3.13e+04,6.14e+03; 2.80e+04,2.79e+04,2.75e+04,2.02e+04; 2.96e+04,2.96e+04,2.92e+04,1.81e+04; 2.89e+04,2.88e+04,2.84e+04,2.31e+04; 3.03e+04,3.03e+04,3.00e+04,2.14e+04; 2.97e+04,2.96e+04,2.93e+04,2.62e+04; 3.33e+04,3.33e+04,3.31e+04,1.79e+04; 3.30e+04,3.30e+04,3.27e+04,2.17e+04; 3.91e+04,3.90e+04,3.88e+04,6.30e+03; 3.92e+04,3.91e+04,3.89e+04,8.85e+03; 3.50e+04,3.50e+04,3.47e+04,2.41e+04; 3.62e+04,3.61e+04,3.59e+04,2.34e+04; 3.50e+04,3.50e+04,3.48e+04,2.97e+04; 3.96e+04,3.96e+04,3.95e+04,1.85e+04; 3.71e+04,3.71e+04,3.69e+04,2.89e+04; 3.67e+04,3.67e+04,3.65e+04,3.29e+04; 4.28e+04,4.27e+04,4.26e+04,1.76e+04; 3.96e+04,3.95e+04,3.94e+04,2.99e+04; 4.46e+04,4.46e+04,4.44e+04,1.77e+04; 3.98e+04,3.98e+04,3.97e+04,3.47e+04; 4.05e+04,4.05e+04,4.04e+04,3.54e+04; 4.19e+04,4.19e+04,4.18e+04,3.40e+04; 4.21e+04,4.21e+04,4.20e+04,3.63e+04; 4.51e+04,4.50e+04,4.49e+04,3.02e+04; 4.98e+04,4.97e+04,4.96e+04,1.89e+04; 5.01e+04,5.01e+04,5.00e+04,2.05e+04; 5.04e+04,5.04e+04,5.03e+04,2.24e+04; 4.58e+04,4.58e+04,4.57e+04,3.91e+04; 5.07e+04,5.07e+04,5.06e+04,2.72e+04","38,38,38,38,38,38,38,38,38,38,38,38,38,36,32,38,23,23,32,23,36,38,36,38,23,23,23,36,38,38,23,36,36,38,36,38,23,36,32,38,38,38,32,36,23,36,38,38,38,23,38,36,36,38,38,38,38,38,36,38,23,36,32,36"
770,38.17,33.27,"17.40,20.16,23.47,26.03,28.10,29.75,31.78,32.65,33.47,33.85,34.20,34.12,35.42,34.91,35.50,36.56,37.31,36.87,36.44,36.54,38.27,37.28,39.13,38.28,38.44,38.52,40.49,40.54,40.65,39.96,39.88,40.87,44.73,44.78,43.77,47.26,51.09,49.33,48.02,53.14,54.92,58.97,59.25,62.98,62.56,65.14,57.82,65.81,70.64,64.81,64.58,73.08,57.86,77.04,76.80,78.55,65.21,65.84,88.29,70.97,88.45,65.16,73.47,106.83","4.37e+02,4.36e+02,3.94e+02,3.29e+02","11,11,11,11","2.09e+03; 2.70e+03,1.47e+03; 3.29e+03,2.97e+03; 4.24e+03,4.11e+03; 5.25e+03,5.18e+03; 6.28e+03,6.24e+03; 7.31e+03,7.29e+03; 8.35e+03,8.34e+03; 9.40e+03,9.38e+03; 1.04e+04,1.04e+04; 1.15e+04,1.15e+04; 1.25e+04,1.25e+04; 1.36e+04,1.36e+04; 1.46e+04,1.46e+04; 1.57e+04,1.56e+04; 1.53e+04,1.53e+04,2.84e+03; 1.56e+04,1.56e+04,4.36e+03; 1.78e+04,1.78e+04,2.04e+03; 1.40e+04,1.40e+04,1.08e+04,7.20e+02; 2.09e+04,2.09e+04; 2.19e+04,2.19e+04; 1.81e+04,1.81e+04,9.62e+03; 1.87e+04,1.87e+04,1.01e+04,3.78e+02; 1.70e+04,1.70e+04,1.34e+04,2.72e+03; 2.10e+04,2.10e+04,1.01e+04; 2.28e+04,2.28e+04,8.71e+03; 2.52e+04,2.52e+04,5.90e+03; 2.58e+04,2.58e+04,6.46e+03,4.32e+02; 2.43e+04,2.43e+04,8.96e+03,2.96e+03; 2.37e+04,2.37e+04,1.25e+04,2.69e+03; 2.50e+04,2.49e+04,1.32e+04,1.59e+03; 2.20e+04,2.19e+04,1.88e+04,4.11e+03; 2.46e+04,2.46e+04,1.57e+04,3.86e+03; 2.38e+04,2.38e+04,1.70e+04,6.30e+03; 2.36e+04,2.36e+04,1.75e+04,8.46e+03; 2.55e+04,2.55e+04,1.43e+04,9.83e+03; 2.63e+04,2.63e+04,1.45e+04,1.02e+04; 2.48e+04,2.48e+04,1.81e+04,1.17e+04; 2.38e+04,2.37e+04,1.92e+04,1.47e+04; 2.60e+04,2.60e+04,2.18e+04,9.61e+03; 2.61e+04,2.61e+04,2.19e+04,1.15e+04; 2.77e+04,2.77e+04,2.21e+04,1.02e+04; 2.57e+04,2.57e+04,2.33e+04,1.50e+04; 2.82e+04,2.82e+04,2.09e+04,1.45e+04; 2.89e+04,2.89e+04,2.31e+04,1.30e+04; 2.98e+04,2.98e+04,2.04e+04,1.60e+04; 2.77e+04,2.77e+04,2.42e+04,1.85e+04; 2.72e+04,2.72e+04,2.39e+04,2.19e+04; 3.06e+04,3.06e+04,2.12e+04,1.99e+04; 3.17e+04,3.17e+04,2.47e+04,1.63e+04; 3.17e+04,3.17e+04,2.45e+04,1.85e+04; 3.36e+04,3.36e+04,2.35e+04,1.78e+04; 3.40e+04,3.40e+04,2.54e+04,1.73e+04; 3.23e+04,3.23e+04,2.80e+04,2.02e+04; 2.96e+04,2.96e+04,2.82e+04,2.74e+04; 3.23e+04,3.23e+04,2.71e+04,2.52e+04; 3.54e+04,3.54e+04,2.95e+04,1.87e+04; 3.54e+04,3.54e+04,2.90e+04,2.12e+04; 3.71e+04,3.71e+04,2.95e+04,1.95e+04; 3.89e+04,3.89e+04,2.69e+04,2.06e+04; 3.39e+04,3.39e+04,3.18e+04,2.76e+04; 3.91e+04,3.91e+04,2.98e+04,2.14e+04; 3.63e+04,3.63e+04,3.32e+04,2.56e+04; 3.79e+04,3.79e+04,3.46e+04,2.31e+04","31,31,31,31,31,31,31,31,31,25,29,29,27,29,31,29,31,25,31,29,31,29,31,31,29,31,27,29,31,25,27,29,31,31,31,31,27,31,31,31,27,31,29,27,31,25,31,29,25,25,25,29,31,29,27,29,27,31,27,27,27,25,29,31"
771,41.94,35.24,"16.17,20.01,23.39,25.66,27.41,28.68,29.87,31.17,32.10,32.68,33.73,33.85,34.87,35.45,36.12,36.59,36.73,38.18,37.99,38.33,38.54,39.11,39.70,39.98,40.49,40.98,41.23,41.72,41.56,42.43,42.17,43.51,43.14,43.53,43.58,43.71,45.62,45.41,45.48,45.10,45.76,47.18,46.84,50.33,48.52,46.56,47.83,48.58,48.91,48.03,48.09,54.22,55.90,51.91,51.08,51.95,51.06,53.49,55.14,53.79,54.07,55.38,56.99,55.03","6.18e+02,6.15e+02,6.15e+02,5.37e+02","8,6,8,8","3.00e+03; 3.33e+03,2.66e+03; 4.61e+03,4.38e+03; 6.06e+03,5.93e+03; 7.53e+03,7.44e+03; 9.02e+03,8.95e+03; 8.76e+03,8.70e+03,3.51e+03; 8.88e+03,8.82e+03,6.27e+03; 9.85e+03,9.80e+03,7.27e+03,3.47e+01; 1.07e+04,1.06e+04,8.66e+03; 1.18e+04,1.18e+04,9.31e+03; 1.28e+04,1.28e+04,1.04e+04; 1.36e+04,1.36e+04,1.17e+04; 1.46e+04,1.46e+04,1.27e+04; 1.56e+04,1.56e+04,1.38e+04; 1.66e+04,1.65e+04,1.48e+04; 1.38e+04,1.37e+04,1.20e+04,1.14e+04; 1.83e+04,1.83e+04,1.73e+04; 2.04e+04,2.03e+04,1.62e+04; 2.06e+04,2.05e+04,1.88e+04; 1.81e+04,1.80e+04,1.67e+04,1.01e+04; 1.87e+04,1.87e+04,1.75e+04,1.09e+04; 1.97e+04,1.97e+04,1.85e+04,1.10e+04; 2.04e+04,2.04e+04,1.95e+04,1.16e+04; 1.94e+04,1.94e+04,1.87e+04,1.75e+04; 2.06e+04,2.06e+04,1.99e+04,1.67e+04; 2.12e+04,2.12e+04,2.02e+04,1.83e+04; 2.29e+04,2.29e+04,2.16e+04,1.64e+04; 2.36e+04,2.36e+04,2.29e+04,1.69e+04; 2.43e+04,2.43e+04,2.35e+04,1.77e+04; 2.48e+04,2.48e+04,2.41e+04,1.91e+04; 2.55e+04,2.55e+04,2.47e+04,2.01e+04; 2.63e+04,2.63e+04,2.58e+04,2.05e+04; 2.64e+04,2.64e+04,2.57e+04,2.34e+04; 2.87e+04,2.87e+04,2.80e+04,1.94e+04; 2.76e+04,2.75e+04,2.70e+04,2.58e+04; 2.95e+04,2.95e+04,2.89e+04,2.28e+04; 2.99e+04,2.99e+04,2.93e+04,2.47e+04; 3.06e+04,3.06e+04,3.00e+04,2.57e+04; 3.14e+04,3.14e+04,3.10e+04,2.60e+04; 3.22e+04,3.21e+04,3.18e+04,2.67e+04; 3.29e+04,3.29e+04,3.26e+04,2.74e+04; 3.37e+04,3.37e+04,3.34e+04,2.80e+04; 3.42e+04,3.42e+04,3.38e+04,2.96e+04; 3.53e+04,3.53e+04,3.51e+04,2.90e+04; 3.49e+04,3.49e+04,3.48e+04,3.32e+04; 3.66e+04,3.66e+04,3.63e+04,3.13e+04; 3.74e+04,3.73e+04,3.71e+04,3.20e+04; 3.81e+04,3.81e+04,3.79e+04,3.27e+04; 3.89e+04,3.88e+04,3.86e+04,3.35e+04; 3.96e+04,3.96e+04,3.94e+04,3.42e+04; 4.07e+04,4.06e+04,4.04e+04,3.41e+04; 4.34e+04,4.34e+04,4.32e+04,2.88e+04; 4.25e+04,4.25e+04,4.23e+04,3.45e+04; 4.24e+04,4.24e+04,4.22e+04,3.78e+04; 4.34e+04,4.34e+04,4.32e+04,3.78e+04; 4.41e+04,4.41e+04,4.40e+04,3.85e+04; 4.49e+04,4.49e+04,4.47e+04,3.93e+04; 4.57e+04,4.57e+04,4.55e+04,3.99e+04; 4.66e+04,4.66e+04,4.64e+04,4.01e+04; 4.84e+04,4.84e+04,4.83e+04,3.77e+04; 4.77e+04,4.77e+04,4.76e+04,4.28e+04; 4.85e+04,4.85e+04,4.84e+04,4.33e+04; 4.93e+04,4.93e+04,4.91e+04,4.41e+04","31,31,31,31,31,31,31,31,29,31,31,31,31,31,31,27,31,29,31,25,25,29,27,31,31,25,25,31,29,25,29,25,31,25,27,29,29,25,29,31,31,29,25,31,31,29,29,31,27,27,27,27,27,31,31,29,27,31,29,25,27,29,27,27"
772,43.47,37.72,"15.11,19.70,23.54,26.22,28.18,30.14,32.18,33.73,34.66,35.58,36.09,36.68,37.40,38.08,38.45,39.38,40.14,40.33,40.37,41.02,40.83,41.27,41.62,43.06,44.05,43.92,44.56,44.81,45.39,45.54,45.67,46.39,46.97,46.42,48.51,49.47,49.31,47.89,50.27,50.77,52.63,54.32,55.20,58.79,59.63,62.27,64.12,67.70,67.98,71.36,74.08,73.89,79.08,80.78,82.26,84.52,91.19,90.62,95.72,99.57,102.11,107.22,104.56,108.87","4.74e+02,4.73e+02,4.72e+02,4.15e+02","11,2,11,11","2.46e+03; 2.66e+03,2.27e+03; 3.76e+03,3.64e+03; 4.96e+03,4.90e+03; 6.03e+03,5.99e+03,3.05e+02; 5.73e+03,5.70e+03,3.37e+03; 6.13e+03,6.10e+03,5.02e+03; 6.79e+03,6.77e+03,6.16e+03; 7.60e+03,7.59e+03,6.99e+03; 8.41e+03,8.40e+03,7.84e+03; 9.22e+03,9.21e+03,8.68e+03; 1.00e+04,1.00e+04,9.53e+03; 1.08e+04,1.08e+04,1.04e+04; 1.17e+04,1.16e+04,1.12e+04; 1.25e+04,1.25e+04,1.20e+04; 1.32e+04,1.32e+04,1.30e+04; 1.29e+04,1.29e+04,1.26e+04,3.49e+03; 1.37e+04,1.37e+04,1.35e+04,3.45e+03; 1.57e+04,1.57e+04,1.55e+04; 1.65e+04,1.65e+04,1.63e+04; 1.73e+04,1.73e+04,1.71e+04; 1.82e+04,1.81e+04,1.79e+04; 1.67e+04,1.67e+04,1.65e+04,6.65e+03; 1.85e+04,1.85e+04,1.83e+04,3.87e+03; 1.78e+04,1.78e+04,1.77e+04,8.24e+03; 1.85e+04,1.85e+04,1.84e+04,8.62e+03; 1.93e+04,1.93e+04,1.92e+04,8.78e+03; 1.99e+04,1.99e+04,1.98e+04,9.35e+03; 2.16e+04,2.16e+04,2.14e+04,6.92e+03; 2.25e+04,2.25e+04,2.24e+04,6.57e+03; 2.05e+04,2.05e+04,2.04e+04,1.49e+04; 2.16e+04,2.16e+04,2.15e+04,1.42e+04; 2.17e+04,2.17e+04,2.16e+04,1.63e+04; 2.27e+04,2.27e+04,2.26e+04,1.58e+04; 2.32e+04,2.32e+04,2.31e+04,1.67e+04; 2.37e+04,2.37e+04,2.37e+04,1.76e+04; 2.55e+04,2.55e+04,2.54e+04,1.49e+04; 2.51e+04,2.51e+04,2.50e+04,1.85e+04; 2.53e+04,2.53e+04,2.53e+04,2.02e+04; 2.54e+04,2.54e+04,2.53e+04,2.26e+04; 2.64e+04,2.64e+04,2.64e+04,2.18e+04; 2.69e+04,2.69e+04,2.68e+04,2.30e+04; 2.75e+04,2.74e+04,2.74e+04,2.37e+04; 2.83e+04,2.83e+04,2.82e+04,2.37e+04; 3.04e+04,3.04e+04,3.03e+04,1.98e+04; 2.93e+04,2.93e+04,2.93e+04,2.55e+04; 2.99e+04,2.98e+04,2.98e+04,2.63e+04; 3.03e+04,3.03e+04,3.02e+04,2.75e+04; 3.09e+04,3.09e+04,3.09e+04,2.80e+04; 3.15e+04,3.15e+04,3.15e+04,2.87e+04; 3.21e+04,3.21e+04,3.21e+04,2.94e+04; 3.28e+04,3.28e+04,3.28e+04,2.97e+04; 3.44e+04,3.44e+04,3.43e+04,2.75e+04; 3.39e+04,3.38e+04,3.38e+04,3.16e+04; 3.45e+04,3.45e+04,3.44e+04,3.22e+04; 3.50e+04,3.50e+04,3.50e+04,3.30e+04; 3.56e+04,3.56e+04,3.56e+04,3.36e+04; 3.63e+04,3.62e+04,3.62e+04,3.42e+04; 3.69e+04,3.69e+04,3.68e+04,3.48e+04; 3.75e+04,3.75e+04,3.75e+04,3.55e+04; 3.85e+04,3.85e+04,3.85e+04,3.49e+04; 3.87e+04,3.87e+04,3.86e+04,3.68e+04; 3.93e+04,3.93e+04,3.93e+04,3.75e+04; 3.97e+04,3.97e+04,3.97e+04,3.86e+04","31,31,31,31,31,31,31,22,31,22,22,22,31,37,21,31,21,21,22,22,21,37,21,22,22,22,22,21,31,21,22,22,22,22,31,22,22,31,37,22,31,31,22,31,37,22,22,22,31,22,22,21,22,31,22,37,22,31,22,21,22,37,37,31"
773,50.06,37.09,"15.60,19.49,22.94,25.28,26.96,28.24,29.54,30.75,31.24,32.13,32.38,33.53,33.90,34.67,35.23,35.24,35.93,35.98,36.14,36.11,36.37,37.78,38.15,38.40,39.04,37.58,39.13,39.93,39.84,40.05,40.15,41.16,39.81,41.59,42.79,44.32,42.73,42.70,43.02,43.88,45.07,45.58,47.20,47.04,49.20,46.71,48.34,50.92,50.06,52.88,55.78,56.79,57.25,57.78,58.97,60.95,63.12,64.70,65.60,69.49,70.75,72.12,73.75,74.95","3.24e+02,3.22e+02,3.21e+02,3.17e+02","6,6,6,4","2.31e+03; 2.57e+03,2.04e+03; 3.55e+03,3.36e+03; 4.67e+03,4.55e+03; 5.81e+03,5.72e+03; 6.33e+03,6.26e+03,1.25e+03; 6.53e+03,6.46e+03,3.15e+03; 7.00e+03,6.94e+03,4.51e+03; 7.69e+03,7.64e+03,5.41e+03; 8.39e+03,8.34e+03,6.33e+03; 9.26e+03,9.21e+03,6.87e+03,2.29e+01; 1.00e+04,9.96e+03,7.69e+03; 1.09e+04,1.09e+04,8.12e+03; 1.14e+04,1.13e+04,9.58e+03; 1.06e+04,1.06e+04,8.84e+03,4.59e+03; 1.11e+04,1.10e+04,9.51e+03,5.31e+03; 1.25e+04,1.25e+04,1.10e+04,3.29e+03; 1.21e+04,1.20e+04,1.01e+04,7.31e+03; 1.30e+04,1.30e+04,1.13e+04,6.52e+03; 1.46e+04,1.45e+04,1.10e+04,5.99e+03; 1.42e+04,1.42e+04,1.16e+04,8.37e+03; 1.46e+04,1.45e+04,1.32e+04,8.50e+03; 1.51e+04,1.50e+04,1.37e+04,9.23e+03; 1.57e+04,1.56e+04,1.44e+04,9.64e+03; 1.62e+04,1.62e+04,1.49e+04,1.04e+04; 1.62e+04,1.61e+04,1.40e+04,1.36e+04; 1.71e+04,1.70e+04,1.55e+04,1.26e+04; 1.80e+04,1.79e+04,1.64e+04,1.23e+04; 1.84e+04,1.83e+04,1.71e+04,1.31e+04; 1.86e+04,1.86e+04,1.76e+04,1.43e+04; 1.95e+04,1.95e+04,1.84e+04,1.41e+04; 2.00e+04,1.99e+04,1.89e+04,1.50e+04; 2.06e+04,2.05e+04,1.95e+04,1.54e+04; 2.11e+04,2.11e+04,2.02e+04,1.60e+04; 2.24e+04,2.24e+04,2.11e+04,1.48e+04; 2.27e+04,2.26e+04,2.14e+04,1.63e+04; 2.28e+04,2.28e+04,2.18e+04,1.79e+04; 2.34e+04,2.33e+04,2.24e+04,1.85e+04; 2.38e+04,2.38e+04,2.29e+04,1.94e+04; 2.44e+04,2.44e+04,2.35e+04,1.99e+04; 2.50e+04,2.50e+04,2.41e+04,2.04e+04; 2.55e+04,2.55e+04,2.47e+04,2.11e+04; 2.62e+04,2.61e+04,2.53e+04,2.16e+04; 2.76e+04,2.75e+04,2.41e+04,2.23e+04; 2.66e+04,2.66e+04,2.59e+04,2.46e+04; 2.78e+04,2.77e+04,2.70e+04,2.35e+04; 2.80e+04,2.80e+04,2.73e+04,2.51e+04; 2.84e+04,2.84e+04,2.78e+04,2.61e+04; 2.92e+04,2.92e+04,2.85e+04,2.61e+04; 2.97e+04,2.97e+04,2.91e+04,2.67e+04; 3.07e+04,3.06e+04,3.00e+04,2.63e+04; 3.13e+04,3.13e+04,3.00e+04,2.73e+04; 3.22e+04,3.22e+04,3.16e+04,2.62e+04; 3.23e+04,3.23e+04,3.17e+04,2.83e+04; 3.28e+04,3.28e+04,3.22e+04,2.91e+04; 3.33e+04,3.32e+04,3.26e+04,3.00e+04; 3.40e+04,3.40e+04,3.34e+04,3.00e+04; 3.45e+04,3.45e+04,3.39e+04,3.08e+04; 3.51e+04,3.50e+04,3.43e+04,3.16e+04; 3.53e+04,3.52e+04,3.46e+04,3.32e+04; 3.62e+04,3.61e+04,3.56e+04,3.27e+04; 3.69e+04,3.69e+04,3.64e+04,3.27e+04; 3.70e+04,3.69e+04,3.65e+04,3.49e+04; 3.77e+04,3.77e+04,3.72e+04,3.49e+04","30,30,30,30,30,30,30,30,30,30,21,30,30,30,37,30,5,37,21,30,37,5,37,37,37,30,5,5,21,30,37,21,37,21,37,37,21,37,21,21,30,30,5,37,30,37,30,5,30,21,30,21,21,37,5,21,21,37,30,30,37,30,21,37"
774,22.62,22.31,"6.43,8.38,9.51,10.68,11.77,12.77,13.69,14.52,15.15,15.63,16.02,16.39,16.78,17.20,17.65,18.10,18.44,18.71,18.94,19.17,19.41,19.69,20.00,20.31,20.54,20.72,20.88,21.05,21.23,21.45,21.67,21.93,22.09,22.22,22.35,22.48,22.64,22.81,23.00,23.20,23.33,23.43,23.54,23.65,23.79,23.94,24.10,24.46,24.56,24.66,24.76,24.87,24.99,25.13,25.31,25.52,25.61,25.70,25.91,26.12,26.30,26.45,26.62,26.82","3.45e-01,3.39e-01,2.82e-01,2.33e-01","13,4,13,13","1.49e+00; 2.98e+00; 3.52e+00,9.43e-01; 4.54e+00,1.42e+00; 5.06e+00,2.38e+00; 5.61e+00,3.32e+00; 6.20e+00,4.22e+00; 6.82e+00,5.08e+00; 7.54e+00,5.85e+00; 8.31e+00,6.56e+00; 9.10e+00,7.26e+00; 9.88e+00,7.97e+00; 1.06e+01,8.70e+00; 1.13e+01,9.48e+00; 1.20e+01,1.03e+01; 1.27e+01,1.11e+01; 1.34e+01,1.18e+01; 1.42e+01,1.26e+01; 1.50e+01,1.33e+01; 1.57e+01,1.40e+01; 1.65e+01,1.48e+01; 1.72e+01,1.55e+01; 1.79e+01,1.63e+01; 1.86e+01,1.71e+01; 1.93e+01,1.79e+01; 2.01e+01,1.86e+01; 2.08e+01,1.93e+01; 2.13e+01,1.98e+01,5.84e-01; 2.19e+01,2.04e+01,8.37e-01; 2.25e+01,2.10e+01,1.13e+00; 2.25e+01,2.11e+01,2.45e+00; 2.50e+01,2.26e+01; 2.58e+01,2.33e+01; 2.66e+01,2.40e+01; 2.74e+01,2.47e+01; 2.82e+01,2.54e+01; 2.89e+01,2.61e+01; 2.97e+01,2.68e+01; 3.05e+01,2.75e+01; 3.14e+01,2.81e+01; 3.21e+01,2.88e+01; 3.29e+01,2.95e+01; 3.37e+01,3.02e+01; 3.45e+01,3.09e+01; 3.52e+01,3.17e+01; 3.60e+01,3.25e+01; 3.68e+01,3.32e+01; 3.43e+01,3.13e+01,5.74e+00; 3.50e+01,3.19e+01,5.94e+00; 3.57e+01,3.25e+01,6.23e+00; 3.44e+01,3.17e+01,9.77e+00; 3.51e+01,3.24e+01,9.84e+00; 3.57e+01,3.30e+01,1.00e+01; 3.81e+01,3.49e+01,7.38e+00; 3.85e+01,3.52e+01,8.06e+00; 3.71e+01,3.41e+01,1.21e+01; 3.78e+01,3.47e+01,1.23e+01; 3.66e+01,3.36e+01,1.20e+01,4.16e+00; 3.63e+01,3.26e+01,1.25e+01,6.37e+00; 3.43e+01,3.14e+01,1.35e+01,1.01e+01; 3.56e+01,3.20e+01,1.70e+01,6.24e+00; 3.45e+01,3.17e+01,1.55e+01,1.05e+01; 3.49e+01,3.20e+01,1.58e+01,1.11e+01; 3.65e+01,3.27e+01,1.74e+01,8.65e+00","42,42,42,42,42,42,42,42,42,42,42,42,42,42,42,42,42,42,42,42,42,42,42,42,42,42,42,42,42,42,42,42,42,42,42,42,42,42,42,42,42,42,42,42,42,42,42,42,42,42,42,42,42,42,42,42,42,40,40,40,40,42,42,42"
775,20.33,18.02,"5.89,7.79,8.87,9.94,10.90,11.80,12.63,13.38,13.95,14.39,14.77,15.14,15.53,15.95,16.38,16.80,17.10,17.35,17.58,17.82,18.07,18.36,18.66,18.95,19.15,19.32,19.49,19.67,19.87,20.09,20.31,20.54,20.69,20.82,20.95,21.10,21.26,21.43,21.63,21.81,21.92,22.03,22.15,22.28,22.42,22.57,22.72,22.87,22.96,23.06,23.16,23.27,23.40,23.52,23.65,23.78,23.85,23.94,24.03,24.13,24.24,24.34,24.45,24.55","2.83e-01,2.43e-01,2.22e-01,1.76e-01","13,13,13,13","1.34e+00; 2.68e+00; 3.23e+00,7.90e-01; 4.25e+00,1.11e+00; 4.78e+00,1.91e+00; 5.28e+00,2.76e+00; 5.78e+00,3.59e+00; 6.31e+00,4.40e+00; 6.98e+00,5.07e+00; 7.71e+00,5.68e+00; 8.44e+00,6.28e+00; 9.16e+00,6.91e+00; 9.83e+00,7.58e+00; 1.05e+01,8.29e+00; 1.11e+01,9.02e+00; 1.17e+01,9.77e+00; 1.23e+01,1.04e+01; 1.30e+01,1.11e+01; 1.37e+01,1.17e+01; 1.44e+01,1.23e+01; 1.51e+01,1.30e+01; 1.57e+01,1.37e+01; 1.64e+01,1.44e+01; 1.70e+01,1.52e+01; 1.77e+01,1.58e+01; 1.83e+01,1.65e+01; 1.90e+01,1.71e+01; 1.97e+01,1.78e+01; 2.04e+01,1.85e+01; 2.10e+01,1.92e+01; 2.16e+01,1.99e+01; 2.23e+01,2.06e+01; 2.30e+01,2.12e+01; 2.33e+01,2.16e+01,5.95e-01; 2.38e+01,2.21e+01,9.87e-01; 2.44e+01,2.27e+01,1.07e+00; 2.50e+01,2.33e+01,1.22e+00; 2.52e+01,2.35e+01,2.11e+00; 2.75e+01,2.47e+01; 2.84e+01,2.52e+01; 2.92e+01,2.57e+01; 2.99e+01,2.63e+01; 3.06e+01,2.70e+01; 3.13e+01,2.76e+01; 3.20e+01,2.83e+01; 3.27e+01,2.89e+01; 3.35e+01,2.94e+01; 3.44e+01,2.99e+01; 3.51e+01,3.05e+01; 3.59e+01,3.11e+01; 3.66e+01,3.17e+01; 3.73e+01,3.24e+01; 3.79e+01,3.30e+01; 3.87e+01,3.36e+01; 3.95e+01,3.42e+01; 4.03e+01,3.47e+01; 4.10e+01,3.53e+01; 4.17e+01,3.59e+01; 4.24e+01,3.66e+01; 4.31e+01,3.72e+01; 4.38e+01,3.79e+01; 4.45e+01,3.85e+01; 4.53e+01,3.91e+01; 4.60e+01,3.97e+01","52,52,52,52,52,52,52,52,52,52,52,52,52,52,52,52,52,52,52,52,52,52,52,52,52,52,52,52,52,52,52,52,52,52,52,52,52,52,52,52,52,52,52,52,52,52,52,52,52,52,52,52,52,52,52,52,52,52,52,52,52,52,52,52"
776,12.49,10.36,"0.79,1.77,2.53,3.12,3.61,4.08,4.81,5.39,5.88,6.32,6.70,7.10,7.52,7.90,8.26,8.66,9.01,9.31,9.60,9.91,10.24,10.55,10.89,11.24,11.51,11.75,12.02,12.29,12.55,12.80,13.07,13.35,13.58,13.78,14.05,14.33,14.59,14.84,15.07,15.30,15.49,15.66,15.84,16.04,16.25,16.45,16.65,16.87,17.04,17.19,17.38,17.56,17.75,17.93,18.11,18.30,18.44,18.58,18.74,18.90,19.07,19.24,19.40,19.57","7.77e-03,7.60e-03,4.46e-03,2.36e-03","1,9,9,1","2.75e-02; 5.51e-02; 8.26e-02; 1.10e-01; 1.38e-01; 1.17e-01,4.77e-02; 1.16e-01,7.63e-02; 1.25e-01,9.53e-02; 1.40e-01,1.08e-01; 1.55e-01,1.20e-01; 1.71e-01,1.32e-01; 1.82e-01,1.48e-01; 1.91e-01,1.61e-01,5.75e-03; 2.00e-01,1.71e-01,1.42e-02; 1.92e-01,1.67e-01,5.40e-02; 1.89e-01,1.66e-01,8.60e-02; 1.98e-01,1.72e-01,9.77e-02; 2.10e-01,1.80e-01,1.06e-01; 2.19e-01,1.94e-01,1.10e-01; 2.22e-01,1.98e-01,1.08e-01,2.24e-02; 2.30e-01,2.08e-01,1.15e-01,2.50e-02; 2.37e-01,2.18e-01,1.20e-01,3.11e-02; 2.39e-01,2.21e-01,1.37e-01,3.55e-02; 2.41e-01,2.25e-01,1.56e-01,3.85e-02; 2.51e-01,2.31e-01,1.66e-01,4.06e-02; 2.61e-01,2.38e-01,1.73e-01,4.39e-02; 2.61e-01,2.49e-01,1.65e-01,6.81e-02; 2.66e-01,2.57e-01,1.67e-01,8.14e-02; 2.70e-01,2.60e-01,1.71e-01,9.64e-02; 2.78e-01,2.69e-01,1.82e-01,9.73e-02; 2.84e-01,2.74e-01,1.96e-01,1.00e-01; 2.89e-01,2.77e-01,2.13e-01,1.02e-01; 2.98e-01,2.81e-01,2.25e-01,1.05e-01; 3.07e-01,2.86e-01,2.33e-01,1.10e-01; 3.07e-01,2.92e-01,2.26e-01,1.38e-01; 3.09e-01,3.01e-01,2.23e-01,1.58e-01; 3.14e-01,3.10e-01,2.24e-01,1.71e-01; 3.18e-01,3.16e-01,2.26e-01,1.86e-01; 3.24e-01,3.22e-01,2.38e-01,1.90e-01; 3.30e-01,3.27e-01,2.51e-01,1.93e-01; 3.38e-01,3.34e-01,2.59e-01,1.98e-01; 3.46e-01,3.41e-01,2.65e-01,2.04e-01; 3.53e-01,3.49e-01,2.70e-01,2.11e-01; 3.59e-01,3.56e-01,2.74e-01,2.22e-01; 3.64e-01,3.63e-01,2.78e-01,2.33e-01; 3.71e-01,3.71e-01,2.84e-01,2.41e-01; 3.77e-01,3.76e-01,2.89e-01,2.51e-01; 3.83e-01,3.81e-01,2.93e-01,2.65e-01; 3.89e-01,3.89e-01,3.00e-01,2.70e-01; 3.97e-01,3.96e-01,3.06e-01,2.77e-01; 4.03e-01,4.03e-01,3.09e-01,2.89e-01; 4.11e-01,4.08e-01,3.13e-01,2.99e-01; 4.18e-01,4.14e-01,3.18e-01,3.09e-01; 4.25e-01,4.20e-01,3.23e-01,3.19e-01; 4.31e-01,4.26e-01,3.34e-01,3.23e-01; 4.36e-01,4.32e-01,3.46e-01,3.27e-01; 4.43e-01,4.40e-01,3.54e-01,3.33e-01; 4.50e-01,4.48e-01,3.60e-01,3.39e-01; 4.57e-01,4.54e-01,3.64e-01,3.50e-01; 4.64e-01,4.59e-01,3.68e-01,3.60e-01; 4.72e-01,4.65e-01,3.72e-01,3.70e-01; 4.79e-01,4.71e-01,3.79e-01,3.77e-01; 4.85e-01,4.78e-01,3.88e-01,3.84e-01; 4.91e-01,4.83e-01,3.99e-01,3.88e-01","0,0,0,0,0,33,33,33,0,0,0,33,33,33,0,0,0,0,33,33,33,33,0,0,0,0,33,33,33,0,0,0,0,0,33,33,33,33,0,0,0,0,33,33,33,33,33,33,0,0,33,33,33,33,0,0,0,0,33,33,33,33,0,0"
777,17.71,15.35,"2.47,4.14,5.21,5.99,6.64,7.36,8.12,8.86,9.68,10.30,10.79,11.18,11.52,11.82,12.12,12.44,13.04,13.50,13.88,14.21,14.49,14.75,15.00,15.23,15.59,15.91,16.19,16.43,16.66,16.87,17.07,17.25,17.49,17.71,17.91,18.10,18.28,18.45,18.61,18.76,18.94,19.10,19.26,19.41,19.56,19.70,19.83,19.96,20.10,20.24,20.37,20.50,20.63,20.75,20.87,20.99,21.11,21.24,21.37,21.49,21.60,21.71,21.82,21.93","2.86e-02,2.69e-02,2.68e-02,1.03e-02","1,9,1,1","1.15e-01; 2.30e-01; 3.45e-01; 4.60e-01; 5.03e-01,7.22e-02; 5.14e-01,1.76e-01; 5.43e-01,2.62e-01; 5.76e-01,3.44e-01; 6.05e-01,4.30e-01; 6.53e-01,4.97e-01; 7.08e-01,5.57e-01; 7.68e-01,6.12e-01; 8.29e-01,6.66e-01; 9.02e-01,7.08e-01; 9.39e-01,7.10e-01,7.61e-02; 9.30e-01,6.99e-01,2.10e-01; 9.83e-01,8.03e-01,1.69e-01; 1.08e+00,9.01e-01,8.97e-02; 1.07e+00,9.32e-01,1.80e-01; 1.18e+00,1.01e+00,1.05e-01; 1.16e+00,1.02e+00,2.37e-01; 1.22e+00,1.05e+00,2.61e-01; 1.31e+00,1.10e+00,2.38e-01; 1.30e+00,1.09e+00,3.74e-01; 1.40e+00,1.19e+00,2.80e-01; 1.40e+00,1.24e+00,3.46e-01; 1.44e+00,1.30e+00,3.59e-01; 1.49e+00,1.36e+00,3.74e-01; 1.54e+00,1.41e+00,3.84e-01; 1.59e+00,1.46e+00,3.97e-01; 1.71e+00,1.54e+00,3.16e-01; 1.68e+00,1.53e+00,4.75e-01; 1.72e+00,1.59e+00,4.89e-01; 1.77e+00,1.64e+00,4.99e-01; 1.81e+00,1.70e+00,5.12e-01; 1.86e+00,1.76e+00,5.27e-01; 1.91e+00,1.81e+00,5.40e-01; 1.96e+00,1.86e+00,5.53e-01; 2.01e+00,1.91e+00,5.65e-01; 2.06e+00,1.96e+00,5.78e-01; 2.18e+00,2.07e+00,4.69e-01; 2.21e+00,2.11e+00,5.09e-01; 2.25e+00,2.16e+00,5.42e-01; 2.28e+00,2.20e+00,5.71e-01; 2.33e+00,2.25e+00,5.97e-01; 2.37e+00,2.30e+00,6.20e-01; 2.41e+00,2.35e+00,6.46e-01; 2.45e+00,2.39e+00,6.77e-01; 2.48e+00,2.42e+00,7.40e-01; 2.50e+00,2.45e+00,8.02e-01; 2.52e+00,2.48e+00,8.61e-01,1.38e-03; 2.54e+00,2.51e+00,9.13e-01,1.23e-02; 2.57e+00,2.55e+00,9.57e-01,1.74e-02; 2.60e+00,2.59e+00,9.95e-01,2.44e-02; 2.63e+00,2.61e+00,1.03e+00,5.13e-02; 2.65e+00,2.63e+00,1.07e+00,9.38e-02; 2.67e+00,2.65e+00,1.12e+00,1.10e-01; 2.65e+00,2.64e+00,1.03e+00,3.44e-01; 2.67e+00,2.65e+00,1.09e+00,3.66e-01; 2.69e+00,2.67e+00,1.15e+00,3.84e-01; 2.71e+00,2.69e+00,1.20e+00,4.11e-01; 2.74e+00,2.71e+00,1.23e+00,4.59e-01; 2.76e+00,2.73e+00,1.25e+00,5.09e-01; 2.79e+00,2.75e+00,1.27e+00,5.55e-01","59,59,59,59,59,59,59,59,59,59,59,59,59,59,59,59,59,59,59,59,59,59,59,59,59,59,59,59,59,59,59,59,59,59,59,59,59,59,59,59,59,59,59,59,59,59,59,59,59,59,59,59,59,59,59,59,59,59,59,59,59,59,59,59"
778,29.84,26.16,"3.35,6.15,8.04,9.61,10.81,11.92,12.99,14.12,15.33,16.24,17.04,17.72,18.32,18.91,19.52,20.15,21.04,21.71,22.27,22.76,23.19,23.58,23.98,24.41,25.00,25.52,25.99,26.39,26.74,27.05,27.33,27.62,28.08,28.52,28.91,29.25,29.55,29.82,30.06,30.29,30.66,31.01,31.33,31.62,31.85,32.09,32.32,32.53,32.81,33.13,33.39,33.63,33.85,34.05,34.24,34.43,34.67,34.92,35.16,35.36,35.55,35.71,35.87,36.03","1.34e-01,1.34e-01,1.28e-01,1.25e-01","10,2,10,2","7.63e-01; 8.28e-01,6.98e-01; 1.21e+00,1.08e+00; 1.56e+00,1.49e+00; 1.92e+00,1.86e+00,3.94e-02; 2.05e+00,2.00e+00,5.32e-01; 2.18e+00,2.13e+00,7.27e-01,3.11e-01; 2.24e+00,2.21e+00,1.09e+00,5.69e-01; 2.30e+00,2.23e+00,1.43e+00,9.16e-01; 2.45e+00,2.38e+00,1.54e+00,1.25e+00; 2.66e+00,2.57e+00,1.79e+00,1.38e+00; 2.88e+00,2.78e+00,1.98e+00,1.51e+00; 3.09e+00,3.02e+00,2.14e+00,1.68e+00; 3.31e+00,3.24e+00,2.32e+00,1.81e+00; 3.49e+00,3.44e+00,2.44e+00,2.07e+00; 3.68e+00,3.63e+00,2.56e+00,2.33e+00; 3.81e+00,3.75e+00,3.14e+00,2.27e+00; 3.99e+00,3.91e+00,3.46e+00,2.36e+00; 4.15e+00,4.08e+00,3.59e+00,2.67e+00; 4.35e+00,4.27e+00,3.80e+00,2.83e+00; 4.55e+00,4.48e+00,3.99e+00,3.01e+00; 4.75e+00,4.68e+00,4.17e+00,3.17e+00; 4.95e+00,4.89e+00,4.35e+00,3.35e+00; 5.13e+00,5.09e+00,4.50e+00,3.59e+00; 5.29e+00,5.24e+00,4.83e+00,3.70e+00; 5.43e+00,5.39e+00,4.92e+00,4.09e+00; 5.61e+00,5.56e+00,5.17e+00,4.25e+00; 5.80e+00,5.75e+00,5.39e+00,4.43e+00; 5.99e+00,5.94e+00,5.58e+00,4.60e+00; 6.19e+00,6.14e+00,5.77e+00,4.78e+00; 6.39e+00,6.35e+00,5.96e+00,4.95e+00; 6.58e+00,6.55e+00,6.14e+00,5.13e+00; 6.72e+00,6.69e+00,6.24e+00,5.51e+00; 6.87e+00,6.85e+00,6.33e+00,5.88e+00; 7.05e+00,7.02e+00,6.61e+00,6.02e+00; 7.23e+00,7.21e+00,6.85e+00,6.16e+00; 7.42e+00,7.40e+00,7.07e+00,6.32e+00; 7.62e+00,7.59e+00,7.28e+00,6.49e+00; 7.82e+00,7.78e+00,7.48e+00,6.66e+00; 8.02e+00,7.98e+00,7.67e+00,6.83e+00; 8.18e+00,8.14e+00,7.80e+00,7.15e+00; 8.34e+00,8.31e+00,7.94e+00,7.44e+00; 8.51e+00,8.48e+00,8.06e+00,7.75e+00; 8.68e+00,8.67e+00,8.11e+00,8.10e+00; 8.88e+00,8.87e+00,8.52e+00,8.06e+00; 9.08e+00,9.05e+00,8.75e+00,8.20e+00; 9.27e+00,9.23e+00,8.97e+00,8.37e+00; 9.47e+00,9.43e+00,9.17e+00,8.55e+00; 9.64e+00,9.60e+00,9.32e+00,8.82e+00; 9.80e+00,9.76e+00,9.41e+00,9.16e+00; 9.97e+00,9.96e+00,9.49e+00,9.48e+00; 1.02e+01,1.01e+01,9.81e+00,9.55e+00; 1.03e+01,1.03e+01,1.01e+01,9.67e+00; 1.05e+01,1.05e+01,1.03e+01,9.82e+00; 1.07e+01,1.07e+01,1.05e+01,9.98e+00; 1.09e+01,1.09e+01,1.07e+01,1.02e+01; 1.11e+01,1.11e+01,1.09e+01,1.04e+01; 1.13e+01,1.12e+01,1.10e+01,1.07e+01; 1.14e+01,1.14e+01,1.12e+01,1.09e+01; 1.16e+01,1.16e+01,1.13e+01,1.12e+01; 1.18e+01,1.18e+01,1.16e+01,1.13e+01; 1.20e+01,1.20e+01,1.18e+01,1.14e+01; 1.22e+01,1.22e+01,1.21e+01,1.16e+01; 1.24e+01,1.24e+01,1.23e+01,1.18e+01","3,18,3,18,3,18,3,35,3,35,3,3,35,3,35,3,3,3,35,3,3,3,35,35,3,35,3,3,3,3,3,35,35,35,3,3,3,3,3,3,35,35,35,35,3,3,3,3,35,35,35,3,3,3,3,3,35,35,35,35,3,3,3,3"
779,29.57,24.01,"4.80,6.70,8.52,10.02,11.36,12.73,13.93,14.84,15.75,16.47,17.15,17.81,18.40,18.98,19.57,20.15,20.68,21.15,21.57,22.00,22.37,22.72,23.09,23.43,23.84,24.19,24.43,24.65,24.84,25.05,25.43,25.82,26.07,26.32,26.59,26.84,27.05,27.25,27.57,27.84,27.99,28.18,28.39,28.53,28.67,28.87,29.13,29.33,29.46,29.57,29.69,29.81,29.92,30.12,30.32,30.46,30.57,30.81,30.99,31.19,31.36,31.50,31.65,31.85","1.31e-01,1.29e-01,1.29e-01,1.24e-01","9,9,9,1","7.63e-01; 1.38e+00,1.41e-01; 1.45e+00,8.38e-01; 1.75e+00,1.30e+00; 1.79e+00,1.27e+00,7.52e-01; 1.94e+00,1.42e+00,1.21e+00; 2.15e+00,1.74e+00,1.45e+00; 2.30e+00,1.96e+00,1.37e+00,4.67e-01; 2.48e+00,2.18e+00,1.53e+00,6.75e-01; 2.69e+00,2.37e+00,1.65e+00,9.23e-01; 2.89e+00,2.51e+00,1.87e+00,1.12e+00; 3.07e+00,2.62e+00,1.79e+00,1.68e+00; 3.28e+00,2.77e+00,1.99e+00,1.87e+00; 3.49e+00,2.94e+00,2.14e+00,2.11e+00; 3.69e+00,3.17e+00,2.36e+00,2.22e+00; 3.89e+00,3.41e+00,2.61e+00,2.30e+00; 4.13e+00,3.67e+00,3.23e+00,1.92e+00; 4.33e+00,3.86e+00,3.38e+00,2.16e+00; 4.55e+00,4.06e+00,3.68e+00,2.20e+00; 4.75e+00,4.21e+00,3.83e+00,2.47e+00; 4.94e+00,4.36e+00,3.91e+00,2.81e+00; 5.18e+00,4.55e+00,4.20e+00,2.85e+00; 5.41e+00,4.78e+00,4.52e+00,2.83e+00; 5.64e+00,5.04e+00,4.80e+00,2.82e+00; 5.82e+00,5.20e+00,5.03e+00,3.01e+00; 6.01e+00,5.39e+00,5.17e+00,3.26e+00; 6.25e+00,5.64e+00,5.45e+00,3.26e+00; 6.48e+00,5.86e+00,5.64e+00,3.38e+00; 6.69e+00,6.03e+00,5.72e+00,3.68e+00; 6.88e+00,6.32e+00,5.75e+00,3.93e+00; 7.09e+00,6.49e+00,5.81e+00,4.25e+00; 7.23e+00,6.60e+00,5.72e+00,4.85e+00; 7.42e+00,6.79e+00,5.56e+00,5.40e+00; 7.62e+00,7.02e+00,5.65e+00,5.64e+00; 7.82e+00,7.23e+00,5.86e+00,5.79e+00; 8.02e+00,7.42e+00,6.06e+00,5.95e+00; 8.25e+00,7.63e+00,6.62e+00,5.72e+00; 8.50e+00,7.86e+00,7.23e+00,5.39e+00; 8.66e+00,7.97e+00,7.32e+00,5.79e+00; 8.84e+00,8.12e+00,7.49e+00,6.06e+00; 9.06e+00,8.37e+00,7.80e+00,6.04e+00; 9.29e+00,8.62e+00,8.03e+00,6.08e+00; 9.50e+00,8.84e+00,8.25e+00,6.20e+00; 9.70e+00,9.03e+00,8.41e+00,6.41e+00; 9.90e+00,9.22e+00,8.56e+00,6.64e+00; 1.01e+01,9.41e+00,8.85e+00,6.70e+00; 1.03e+01,9.51e+00,8.94e+00,7.14e+00; 1.05e+01,9.67e+00,9.19e+00,7.30e+00; 1.07e+01,9.92e+00,9.44e+00,7.33e+00; 1.09e+01,1.01e+01,9.65e+00,7.48e+00; 1.11e+01,1.03e+01,9.83e+00,7.66e+00; 1.13e+01,1.05e+01,1.00e+01,7.85e+00; 1.15e+01,1.07e+01,1.02e+01,8.02e+00; 1.17e+01,1.09e+01,1.03e+01,8.26e+00; 1.18e+01,1.10e+01,1.05e+01,8.59e+00; 1.21e+01,1.12e+01,1.08e+01,8.63e+00; 1.19e+01,1.13e+01,1.05e+01,9.70e+00; 1.20e+01,1.15e+01,1.07e+01,9.98e+00; 1.22e+01,1.17e+01,1.09e+01,1.02e+01; 1.24e+01,1.19e+01,1.11e+01,1.03e+01; 1.26e+01,1.21e+01,1.13e+01,1.05e+01; 1.28e+01,1.23e+01,1.15e+01,1.07e+01; 1.29e+01,1.25e+01,1.17e+01,1.09e+01; 1.32e+01,1.27e+01,1.19e+01,1.11e+01","19,19,19,19,19,19,19,19,19,19,19,19,19,19,19,19,19,19,19,19,19,19,19,19,19,19,19,19,19,19,19,19,19,19,19,19,19,19,19,19,19,19,19,3,3,19,19,19,19,3,3,3,3,19,19,19,19,19,19,19,19,19,19,19"
780,24.98,21.14,"4.75,6.97,8.99,10.29,11.63,12.88,14.09,15.10,15.93,16.71,17.37,18.00,18.54,19.11,19.70,20.13,20.61,21.09,21.52,21.92,22.28,22.60,22.96,23.36,23.74,24.22,24.54,24.86,25.12,25.39,25.63,25.78,26.01,26.35,26.72,26.96,27.21,27.43,27.59,27.85,28.04,28.32,28.65,28.94,29.12,29.34,29.57,29.67,29.80,30.06,30.27,30.48,30.71,30.88,31.04,31.23,31.37,31.46,31.66,31.79,31.97,32.19,32.33,32.50","1.06e-01,1.05e-01,1.03e-01,8.44e-02","9,1,9,9","5.28e-01; 7.30e-01,3.26e-01; 9.13e-01,6.72e-01; 1.15e+00,8.99e-01,6.24e-02; 1.26e+00,9.92e-01,3.93e-01; 1.40e+00,1.16e+00,6.07e-01; 1.51e+00,1.20e+00,9.91e-01; 1.67e+00,1.37e+00,1.18e+00; 1.82e+00,1.41e+00,1.33e+00,1.97e-01; 1.98e+00,1.56e+00,1.50e+00,2.38e-01; 2.13e+00,1.75e+00,1.54e+00,3.96e-01; 2.30e+00,1.92e+00,1.72e+00,4.07e-01; 2.46e+00,2.06e+00,1.88e+00,4.68e-01; 2.63e+00,2.15e+00,2.14e+00,4.73e-01; 2.78e+00,2.33e+00,2.28e+00,5.35e-01; 2.96e+00,2.65e+00,2.20e+00,6.37e-01; 3.11e+00,2.76e+00,2.38e+00,7.31e-01; 3.24e+00,2.88e+00,2.44e+00,9.41e-01; 3.39e+00,3.03e+00,2.57e+00,1.05e+00; 3.54e+00,3.16e+00,2.65e+00,1.21e+00; 3.71e+00,3.35e+00,2.78e+00,1.25e+00; 3.88e+00,3.51e+00,2.91e+00,1.32e+00; 4.04e+00,3.65e+00,3.12e+00,1.34e+00; 4.19e+00,3.82e+00,3.28e+00,1.39e+00; 4.33e+00,3.87e+00,3.47e+00,1.53e+00; 4.42e+00,3.89e+00,3.46e+00,1.97e+00; 4.56e+00,4.05e+00,3.52e+00,2.13e+00; 4.71e+00,4.15e+00,3.69e+00,2.24e+00; 4.87e+00,4.31e+00,3.80e+00,2.33e+00; 5.03e+00,4.49e+00,3.91e+00,2.41e+00; 5.19e+00,4.65e+00,4.03e+00,2.50e+00; 5.35e+00,4.80e+00,4.17e+00,2.58e+00; 5.50e+00,4.94e+00,4.31e+00,2.67e+00; 5.63e+00,4.99e+00,4.45e+00,2.89e+00; 5.74e+00,5.04e+00,4.51e+00,3.19e+00; 5.89e+00,5.20e+00,4.63e+00,3.29e+00; 6.03e+00,5.31e+00,4.76e+00,3.44e+00; 6.18e+00,5.44e+00,4.86e+00,3.59e+00; 6.35e+00,5.67e+00,5.01e+00,3.57e+00; 6.49e+00,5.79e+00,5.09e+00,3.75e+00; 6.63e+00,5.92e+00,5.22e+00,3.88e+00; 6.76e+00,5.98e+00,5.35e+00,4.09e+00; 6.87e+00,6.01e+00,5.47e+00,4.35e+00; 6.99e+00,6.08e+00,5.59e+00,4.57e+00; 7.14e+00,6.24e+00,5.74e+00,4.65e+00; 7.28e+00,6.37e+00,5.86e+00,4.78e+00; 7.41e+00,6.44e+00,5.94e+00,5.02e+00; 7.56e+00,6.58e+00,6.07e+00,5.13e+00; 7.71e+00,6.71e+00,6.24e+00,5.22e+00; 7.83e+00,6.77e+00,6.37e+00,5.45e+00; 7.96e+00,6.86e+00,6.52e+00,5.60e+00; 8.09e+00,6.96e+00,6.67e+00,5.74e+00; 8.21e+00,7.03e+00,6.81e+00,5.93e+00; 8.35e+00,7.18e+00,6.94e+00,6.04e+00; 8.50e+00,7.35e+00,7.08e+00,6.11e+00; 8.63e+00,7.43e+00,7.18e+00,6.33e+00; 8.77e+00,7.54e+00,7.33e+00,6.46e+00; 8.91e+00,7.61e+00,7.49e+00,6.63e+00; 9.03e+00,7.65e+00,7.63e+00,6.84e+00; 9.17e+00,7.79e+00,7.74e+00,6.99e+00; 9.30e+00,7.94e+00,7.85e+00,7.12e+00; 9.43e+00,8.08e+00,7.94e+00,7.30e+00; 9.56e+00,8.21e+00,8.05e+00,7.45e+00; 9.71e+00,8.37e+00,8.33e+00,7.39e+00","19,19,19,19,19,19,19,19,19,19,19,19,19,19,19,19,19,19,19,19,19,19,19,19,19,19,19,19,19,19,19,35,19,19,19,19,19,19,19,19,19,19,19,19,19,19,19,51,19,19,19,19,19,19,19,19,19,19,19,19,19,19,19,19"
781,18.45,15.28,"3.18,4.82,5.88,6.67,7.42,8.22,9.03,9.67,10.21,10.68,11.15,11.65,12.10,12.50,12.94,13.32,13.64,13.93,14.21,14.51,14.79,15.07,15.36,15.58,15.80,16.00,16.22,16.44,16.65,16.85,17.04,17.21,17.39,17.56,17.73,17.91,18.07,18.22,18.37,18.55,18.70,18.85,19.00,19.14,19.30,19.47,19.55,19.64,19.72,19.84,19.97,20.11,20.32,20.43,20.66,21.07,21.35,21.63,21.85,22.07,22.32,22.55,22.73,22.87","3.68e-02,3.54e-02,3.26e-02,1.97e-02","5,5,5,5","1.54e-01; 3.09e-01; 3.97e-01,6.66e-02; 5.23e-01,8.45e-02,1.03e-02; 4.78e-01,2.10e-01,8.44e-02; 4.85e-01,2.27e-01,2.16e-01; 5.91e-01,4.90e-01,1.07e-03; 5.66e-01,4.77e-01,1.93e-01; 6.36e-01,5.28e-01,2.26e-01; 7.17e-01,5.90e-01,2.37e-01; 7.70e-01,6.75e-01,2.54e-01; 8.21e-01,7.62e-01,2.71e-01; 8.98e-01,8.85e-01,2.26e-01; 9.07e-01,8.89e-01,3.66e-01; 9.56e-01,9.43e-01,4.18e-01; 1.02e+00,9.84e-01,4.67e-01; 1.09e+00,1.05e+00,4.80e-01; 1.16e+00,1.12e+00,4.96e-01; 1.24e+00,1.18e+00,5.19e-01; 1.32e+00,1.23e+00,5.36e-01; 1.39e+00,1.28e+00,5.69e-01; 1.44e+00,1.34e+00,6.12e-01; 1.48e+00,1.39e+00,6.82e-01; 1.56e+00,1.44e+00,6.98e-01; 1.61e+00,1.49e+00,7.55e-01; 1.67e+00,1.56e+00,7.84e-01; 1.75e+00,1.61e+00,8.11e-01; 1.83e+00,1.66e+00,8.35e-01; 1.90e+00,1.71e+00,8.65e-01; 1.95e+00,1.78e+00,9.13e-01; 2.01e+00,1.83e+00,9.44e-01; 2.08e+00,1.89e+00,9.75e-01; 2.12e+00,1.93e+00,1.05e+00; 2.17e+00,1.99e+00,1.09e+00; 2.25e+00,2.04e+00,1.11e+00; 2.32e+00,2.10e+00,1.14e+00; 2.40e+00,2.15e+00,1.17e+00; 2.46e+00,2.21e+00,1.20e+00; 2.52e+00,2.28e+00,1.23e+00; 2.38e+00,2.14e+00,1.16e+00,4.96e-01; 2.42e+00,2.18e+00,1.22e+00,5.10e-01; 2.44e+00,2.20e+00,1.20e+00,6.45e-01; 2.50e+00,2.24e+00,1.22e+00,6.89e-01; 2.58e+00,2.29e+00,1.25e+00,6.81e-01; 2.63e+00,2.32e+00,1.26e+00,7.45e-01; 2.64e+00,2.34e+00,1.22e+00,9.06e-01; 2.68e+00,2.38e+00,1.25e+00,9.44e-01; 2.73e+00,2.42e+00,1.28e+00,9.87e-01; 2.80e+00,2.48e+00,1.31e+00,9.77e-01; 2.85e+00,2.52e+00,1.33e+00,1.02e+00; 2.91e+00,2.56e+00,1.35e+00,1.05e+00; 2.97e+00,2.60e+00,1.38e+00,1.09e+00; 2.95e+00,2.64e+00,1.48e+00,1.12e+00; 3.00e+00,2.68e+00,1.50e+00,1.17e+00; 2.99e+00,2.62e+00,1.59e+00,1.30e+00; 2.91e+00,2.59e+00,1.81e+00,1.35e+00; 2.91e+00,2.59e+00,1.96e+00,1.35e+00; 2.91e+00,2.59e+00,2.10e+00,1.36e+00; 2.94e+00,2.61e+00,2.20e+00,1.38e+00; 2.96e+00,2.63e+00,2.29e+00,1.38e+00; 2.98e+00,2.66e+00,2.40e+00,1.39e+00; 3.01e+00,2.68e+00,2.49e+00,1.40e+00; 3.04e+00,2.71e+00,2.56e+00,1.41e+00; 3.08e+00,2.75e+00,2.63e+00,1.43e+00","16,16,16,16,48,48,48,16,16,16,48,48,48,48,16,16,16,16,48,48,48,16,16,16,16,16,48,48,48,16,16,16,16,16,48,48,48,16,16,26,16,16,48,48,48,16,41,41,48,48,48,48,26,48,26,26,26,26,26,26,26,26,26,26"
782,4.20,3.37,"0.18,0.56,0.95,1.31,1.62,1.89,2.13,2.35,2.56,2.79,3.03,3.24,3.45,3.64,3.81,3.97,4.11,4.26,4.40,4.55,4.68,4.82,4.94,5.06,5.16,5.27,5.38,5.48,5.58,5.68,5.78,5.87,5.96,6.04,6.13,6.21,6.29,6.37,6.45,6.53,6.59,6.66,6.74,6.80,6.87,6.94,7.01,7.07,7.13,7.19,7.25,7.31,7.37,7.43,7.49,7.54,7.60,7.65,7.70,7.76,7.81,7.86,7.91,7.96","1.44e-03,8.09e-08,3.93e-08,2.87e-08","8,8,8,8","1.78e-03; 3.56e-03; 5.35e-03; 7.13e-03; 8.91e-03; 1.07e-02; 1.25e-02; 1.36e-02,6.23e-04; 1.40e-02,2.02e-03; 1.49e-02,2.90e-03; 1.66e-02,2.99e-03; 1.83e-02,3.04e-03; 1.98e-02,3.41e-03; 2.08e-02,4.14e-03; 2.16e-02,5.10e-03; 2.25e-02,6.05e-03; 2.31e-02,7.15e-03; 2.42e-02,7.92e-03; 2.56e-02,8.27e-03; 2.72e-02,8.41e-03; 2.88e-02,8.66e-03; 3.00e-02,9.18e-03; 3.11e-02,9.94e-03; 3.20e-02,1.08e-02; 3.27e-02,1.18e-02; 3.37e-02,1.26e-02; 3.50e-02,1.31e-02; 3.66e-02,1.33e-02; 3.82e-02,1.35e-02; 3.95e-02,1.40e-02; 4.06e-02,1.47e-02; 4.15e-02,1.55e-02; 4.23e-02,1.65e-02; 4.32e-02,1.74e-02; 4.45e-02,1.79e-02; 4.60e-02,1.82e-02; 4.75e-02,1.84e-02; 4.88e-02,1.89e-02; 4.99e-02,1.96e-02; 5.08e-02,2.05e-02; 5.16e-02,2.15e-02; 5.25e-02,2.24e-02; 5.37e-02,2.30e-02; 5.52e-02,2.33e-02; 5.66e-02,2.36e-02; 5.80e-02,2.40e-02; 5.90e-02,2.47e-02; 6.00e-02,2.56e-02; 6.07e-02,2.66e-02; 6.15e-02,2.76e-02; 6.27e-02,2.82e-02; 6.41e-02,2.86e-02; 6.55e-02,2.89e-02; 6.68e-02,2.94e-02; 6.79e-02,3.02e-02; 6.88e-02,3.10e-02; 6.95e-02,3.21e-02; 7.03e-02,3.31e-02; 7.13e-02,3.38e-02; 7.27e-02,3.43e-02; 7.41e-02,3.46e-02; 7.54e-02,3.51e-02; 7.64e-02,3.59e-02; 7.72e-02,3.68e-02","25,25,25,25,25,25,25,25,25,25,25,25,25,25,25,25,25,25,25,25,25,25,25,25,25,25,25,25,25,25,25,25,25,25,25,25,25,25,25,25,25,25,25,25,25,25,25,25,25,25,25,25,25,25,25,25,25,25,25,25,25,25,25,25"
783,1.59,1.47,"0.02,0.06,0.13,0.22,0.31,0.39,0.47,0.53,0.61,0.72,0.84,0.97,1.08,1.17,1.25,1.32,1.39,1.48,1.58,1.68,1.78,1.87,1.94,1.99,2.05,2.12,2.21,2.30,2.38,2.45,2.52,2.57,2.63,2.69,2.76,2.83,2.90,2.97,3.02,3.08,3.13,3.18,3.24,3.30,3.36,3.42,3.47,3.52,3.56,3.61,3.66,3.72,3.77,3.82,3.87,3.91,3.95,3.99,4.04,4.09,4.13,4.18,4.22,4.26","1.61e-04,1.35e-08,7.15e-09,4.35e-09","0,0,0,0","2.00e-04; 4.00e-04; 6.00e-04; 8.00e-04; 1.00e-03; 1.20e-03; 1.40e-03; 1.60e-03; 1.80e-03; 2.00e-03; 2.20e-03; 2.40e-03; 2.60e-03; 2.80e-03; 3.00e-03; 3.20e-03; 3.40e-03; 3.60e-03; 3.80e-03; 4.00e-03; 4.20e-03; 4.40e-03; 4.60e-03; 4.73e-03,7.07e-05; 4.70e-03,2.94e-04; 4.79e-03,4.09e-04; 4.99e-03,4.12e-04; 5.23e-03,3.68e-04; 5.46e-03,3.40e-04; 5.62e-03,3.81e-04; 5.69e-03,5.03e-04; 5.70e-03,6.97e-04; 5.62e-03,9.82e-04; 5.70e-03,1.10e-03; 5.86e-03,1.14e-03; 6.08e-03,1.12e-03; 6.29e-03,1.11e-03; 6.45e-03,1.15e-03; 6.55e-03,1.25e-03; 6.58e-03,1.42e-03; 6.60e-03,1.60e-03; 6.68e-03,1.71e-03; 6.84e-03,1.76e-03; 7.04e-03,1.76e-03; 7.24e-03,1.75e-03; 7.41e-03,1.79e-03; 7.52e-03,1.87e-03; 7.59e-03,2.01e-03; 7.61e-03,2.18e-03; 7.69e-03,2.30e-03; 7.84e-03,2.36e-03; 8.03e-03,2.37e-03; 8.23e-03,2.37e-03; 8.40e-03,2.40e-03; 8.52e-03,2.48e-03; 8.60e-03,2.60e-03; 8.63e-03,2.77e-03; 8.70e-03,2.89e-03; 8.84e-03,2.96e-03; 9.02e-03,2.97e-03; 9.22e-03,2.98e-03; 9.39e-03,3.00e-03; 9.52e-03,3.07e-03; 9.61e-03,3.19e-03","9,9,9,9,9,9,9,9,9,9,9,9,9,9,9,9,9,9,9,9,9,9,9,9,9,9,9,9,9,9,9,9,9,9,9,9,9,9,9,9,9,9,9,9,9,9,9,9,9,9,9,9,9,9,9,9,9,9,9,9,9,9,9,9"
784,0.00,0.00,"0.00,0.00,0.00,0.00,0.00,0.00,0.00,0.00,0.00,0.00,0.00,0.00,0.00,0.00,0.00,0.00,0.00,0.00,0.00,0.00,0.00,0.00,0.00,0.00,0.00,0.00,0.00,0.00,0.00,0.00,0.00,0.00,0.00,0.00,0.00,0.00,0.00,0.00,0.00,0.00,0.00,0.00,0.00,0.00,0.00,0.00,0.00,0.00,0.00,0.01,0.01,0.01,0.01,0.01,0.01,0.01,0.01,0.01,0.01,0.01,0.01,0.01,0.01,0.01","6.46e-08,4.82e-12,2.55e-12,1.22e-12","4,4,4,4",; ; ; ; ; ; ; ; ; ; ; ; 1.04e-06; 1.12e-06; 1.20e-06; 1.28e-06; 1.36e-06; 1.44e-06; 1.52e-06; 1.60e-06; 1.68e-06; 1.76e-06; 1.84e-06; 1.92e-06; 2.00e-06; 2.08e-06; 2.16e-06; 2.24e-06; 2.32e-06; 2.41e-06; 2.49e-06; 2.57e-06; 2.65e-06; 2.73e-06; 2.81e-06; 2.89e-06; 2.97e-06; 3.05e-06; 3.13e-06; 3.21e-06; 3.29e-06; 3.37e-06; 3.45e-06; 3.53e-06; 3.61e-06; 3.69e-06; 3.77e-06; 3.85e-06; 3.93e-06; 4.01e-06; 4.09e-06; 4.17e-06; 4.25e-06; 4.33e-06; 4.41e-06; 4.49e-06; 4.57e-06; 4.65e-06; 4.73e-06; 4.81e-06; 4.89e-06; 4.97e-06; 5.05e-06; 5.13e-06,"59,59,59,59,59,59,59,59,59,59,59,59,59,59,59,59,59,59,59,59,59,59,59,59,59,59,59,59,59,59,59,59,59,59,59,59,59,59,59,59,59,59,59,59,59,59,59,43,59,59,59,59,59,59,59,59,59,59,59,59,59,59,59,59"
785,14.54,13.84,"3.11,4.72,5.76,6.75,7.68,8.47,9.14,9.68,10.21,10.71,11.13,11.53,11.93,12.33,12.69,13.02,13.35,13.66,13.93,14.19,14.45,14.72,14.97,15.22,15.47,15.70,15.91,16.10,16.30,16.50,16.69,16.90,17.10,17.28,17.45,17.61,17.77,17.93,18.09,18.26,18.43,18.58,18.73,18.86,19.00,19.19,19.36,19.52,19.65,19.78,19.93,20.09,20.25,20.40,20.53,20.66,20.78,20.90,21.02,21.15,21.28,21.40,21.52,21.63","3.93e-02,3.84e-02,2.46e-06,1.47e-06","5,5,5,5","9.64e-02; 1.93e-01; 2.48e-01,4.09e-02; 2.67e-01,1.18e-01; 2.92e-01,1.90e-01; 3.22e-01,2.56e-01; 3.59e-01,3.15e-01; 4.02e-01,3.70e-01; 4.43e-01,4.25e-01; 4.97e-01,4.67e-01; 5.52e-01,5.08e-01; 6.03e-01,5.53e-01; 6.50e-01,6.03e-01; 6.95e-01,6.55e-01; 7.40e-01,7.04e-01,1.98e-03; 7.38e-01,7.05e-01,9.89e-02; 7.61e-01,7.37e-01,1.41e-01; 8.02e-01,7.79e-01,1.54e-01; 8.47e-01,8.17e-01,1.68e-01; 8.89e-01,8.52e-01,1.87e-01; 9.29e-01,8.88e-01,2.07e-01; 9.70e-01,9.31e-01,2.20e-01; 1.01e+00,9.72e-01,2.36e-01; 1.04e+00,1.00e+00,2.76e-01; 1.06e+00,1.03e+00,3.15e-01; 1.10e+00,1.07e+00,3.34e-01; 1.14e+00,1.11e+00,3.50e-01; 1.18e+00,1.15e+00,3.71e-01; 1.22e+00,1.18e+00,3.95e-01; 1.26e+00,1.22e+00,4.15e-01; 1.30e+00,1.26e+00,4.31e-01; 1.33e+00,1.29e+00,4.60e-01; 1.36e+00,1.32e+00,5.05e-01; 1.39e+00,1.36e+00,5.26e-01; 1.45e+00,1.42e+00,5.02e-01; 1.47e+00,1.43e+00,5.66e-01; 1.53e+00,1.49e+00,5.50e-01; 1.58e+00,1.53e+00,5.57e-01; 1.61e+00,1.56e+00,5.88e-01; 1.63e+00,1.59e+00,6.36e-01; 1.67e+00,1.62e+00,6.63e-01; 1.70e+00,1.66e+00,6.95e-01; 1.73e+00,1.70e+00,7.15e-01; 1.78e+00,1.74e+00,7.28e-01; 1.75e+00,1.71e+00,5.93e-01,2.85e-01; 1.70e+00,1.65e+00,5.91e-01,4.96e-01; 1.74e+00,1.69e+00,6.85e-01,4.20e-01; 1.75e+00,1.69e+00,7.98e-01,3.84e-01; 1.77e+00,1.71e+00,7.85e-01,4.57e-01; 1.80e+00,1.74e+00,7.91e-01,4.88e-01; 1.81e+00,1.76e+00,8.84e-01,4.62e-01; 1.83e+00,1.77e+00,9.88e-01,4.30e-01; 1.84e+00,1.78e+00,1.08e+00,4.02e-01; 1.86e+00,1.80e+00,1.17e+00,3.82e-01; 1.88e+00,1.82e+00,1.24e+00,3.68e-01; 1.91e+00,1.85e+00,1.25e+00,3.93e-01; 1.92e+00,1.87e+00,1.24e+00,4.66e-01; 1.95e+00,1.89e+00,1.25e+00,4.98e-01; 1.97e+00,1.91e+00,1.31e+00,4.91e-01; 1.99e+00,1.93e+00,1.38e+00,4.80e-01; 2.01e+00,1.95e+00,1.45e+00,4.69e-01; 2.04e+00,1.97e+00,1.51e+00,4.63e-01; 2.07e+00,2.01e+00,1.53e+00,4.72e-01; 2.10e+00,2.04e+00,1.54e+00,4.93e-01","25,25,25,25,25,25,25,25,25,25,25,25,25,25,25,25,25,25,25,25,25,25,25,25,25,25,25,25,25,25,25,25,25,25,25,25,25,25,25,25,25,25,25,25,57,57,57,57,25,25,57,57,57,57,57,25,25,25,57,57,57,57,25,25"
786,8.61,8.70,"2.32,3.80,4.73,5.42,6.00,6.50,6.96,7.35,7.75,8.10,8.42,8.72,9.03,9.34,9.65,9.94,10.20,10.46,10.70,10.93,11.17,11.39,11.61,11.82,12.01,12.21,12.39,12.56,12.74,12.92,13.09,13.26,13.41,13.57,13.72,13.86,14.01,14.15,14.30,14.43,14.56,14.69,14.82,14.95,15.07,15.18,15.30,15.42,15.53,15.64,15.75,15.86,15.96,16.06,16.17,16.27,16.36,16.47,16.56,16.66,16.75,16.84,16.93,17.02","1.82e-02,6.99e-03,8.73e-07,5.92e-07","4,4,4,4","3.12e-02; 6.25e-02; 9.37e-02; 1.12e-01,1.32e-02; 1.28e-01,2.87e-02; 1.39e-01,4.90e-02; 1.49e-01,6.95e-02; 1.59e-01,9.11e-02; 1.70e-01,1.11e-01; 1.88e-01,1.17e-01,6.91e-03; 2.06e-01,1.17e-01,2.11e-02; 2.20e-01,1.16e-01,3.83e-02; 2.29e-01,1.19e-01,5.88e-02; 2.36e-01,1.29e-01,7.21e-02; 2.40e-01,1.40e-01,8.87e-02; 2.43e-01,1.49e-01,1.08e-01; 2.50e-01,1.62e-01,1.19e-01; 2.61e-01,1.69e-01,1.33e-01; 2.76e-01,1.74e-01,1.44e-01; 2.91e-01,1.76e-01,1.58e-01; 3.04e-01,1.81e-01,1.72e-01; 3.14e-01,1.88e-01,1.86e-01; 3.22e-01,1.99e-01,1.98e-01; 3.27e-01,2.20e-01,2.03e-01; 3.36e-01,2.23e-01,2.22e-01; 3.47e-01,2.34e-01,2.32e-01; 3.60e-01,2.45e-01,2.38e-01; 3.75e-01,2.59e-01,2.41e-01; 3.89e-01,2.74e-01,2.43e-01; 4.00e-01,2.87e-01,2.50e-01; 4.10e-01,2.96e-01,2.63e-01; 4.18e-01,3.07e-01,2.76e-01; 4.26e-01,3.14e-01,2.91e-01; 4.36e-01,3.25e-01,3.02e-01; 4.49e-01,3.37e-01,3.08e-01; 4.63e-01,3.50e-01,3.12e-01; 4.77e-01,3.63e-01,3.16e-01; 4.89e-01,3.76e-01,3.23e-01; 4.99e-01,3.87e-01,3.33e-01; 5.08e-01,3.98e-01,3.44e-01; 5.15e-01,4.07e-01,3.59e-01; 5.25e-01,4.16e-01,3.71e-01; 5.37e-01,4.28e-01,3.79e-01; 5.51e-01,4.40e-01,3.83e-01; 5.66e-01,4.53e-01,3.87e-01; 5.78e-01,4.66e-01,3.93e-01; 5.89e-01,4.77e-01,4.03e-01; 5.98e-01,4.86e-01,4.16e-01; 6.06e-01,4.93e-01,4.32e-01; 6.16e-01,5.03e-01,4.44e-01; 6.27e-01,5.15e-01,4.52e-01; 6.41e-01,5.26e-01,4.57e-01; 6.56e-01,5.39e-01,4.62e-01; 6.69e-01,5.51e-01,4.68e-01; 6.80e-01,5.61e-01,4.77e-01; 6.89e-01,5.72e-01,4.89e-01; 6.97e-01,5.81e-01,5.04e-01; 7.06e-01,5.91e-01,5.16e-01; 7.18e-01,6.01e-01,5.25e-01; 7.31e-01,6.12e-01,5.31e-01; 7.46e-01,6.25e-01,5.36e-01; 7.59e-01,6.37e-01,5.42e-01; 7.70e-01,6.48e-01,5.51e-01; 7.80e-01,6.57e-01,5.62e-01","25,25,25,25,25,25,25,25,25,25,25,25,25,25,25,25,25,25,25,25,25,25,25,25,25,25,25,25,25,25,25,25,25,25,25,25,25,25,25,25,25,25,25,25,25,25,25,25,25,25,25,25,25,25,25,25,25,25,25,25,25,25,25,25"
787,8.81,8.98,"1.98,3.41,4.37,5.07,5.62,6.16,6.62,7.03,7.43,7.78,8.10,8.38,8.66,8.95,9.23,9.49,9.74,9.98,10.18,10.37,10.55,10.75,10.96,11.16,11.35,11.53,11.68,11.82,11.96,12.11,12.28,12.44,12.59,12.74,12.87,12.98,13.09,13.21,13.35,13.49,13.61,13.74,13.85,13.95,14.05,14.15,14.27,14.39,14.50,14.60,14.68,14.77,14.87,14.96,15.06,15.17,15.27,15.36,15.43,15.51,15.58,15.67,15.76,15.85","1.93e-02,9.51e-03,8.92e-07,6.39e-07","5,5,5,5","3.57e-02; 7.15e-02; 1.07e-01; 1.43e-01; 1.48e-01,3.09e-02; 1.78e-01,3.62e-02; 2.01e-01,4.95e-02; 2.12e-01,7.40e-02; 2.28e-01,9.33e-02; 2.50e-01,1.08e-01; 2.75e-01,1.19e-01; 3.00e-01,1.29e-01; 3.22e-01,1.42e-01; 3.40e-01,1.60e-01; 3.55e-01,1.81e-01; 3.70e-01,2.02e-01; 3.84e-01,2.24e-01; 4.01e-01,2.42e-01; 4.22e-01,2.57e-01; 4.44e-01,2.71e-01; 4.66e-01,2.85e-01; 4.84e-01,3.02e-01; 5.03e-01,3.19e-01; 5.17e-01,3.41e-01; 5.31e-01,3.63e-01; 5.48e-01,3.82e-01; 5.67e-01,3.98e-01; 5.88e-01,4.13e-01; 6.09e-01,4.28e-01; 6.27e-01,4.45e-01; 6.43e-01,4.65e-01; 6.58e-01,4.85e-01; 6.74e-01,5.06e-01; 6.91e-01,5.24e-01; 7.11e-01,5.40e-01; 7.34e-01,5.53e-01; 7.36e-01,5.62e-01,2.46e-02; 7.45e-01,5.70e-01,4.30e-02; 7.55e-01,5.82e-01,5.69e-02; 7.66e-01,5.97e-01,6.73e-02; 7.79e-01,6.15e-01,7.18e-02; 7.91e-01,6.29e-01,8.12e-02; 8.49e-01,6.65e-01,2.23e-02; 8.68e-01,6.77e-01,2.83e-02; 8.81e-01,6.80e-01,4.71e-02; 8.94e-01,6.89e-01,6.07e-02; 9.09e-01,7.05e-01,6.59e-02; 8.88e-01,7.04e-01,1.23e-01; 8.92e-01,7.12e-01,1.21e-01,2.70e-02; 8.97e-01,7.23e-01,1.24e-01,4.30e-02; 8.93e-01,7.32e-01,1.07e-01,9.14e-02; 9.38e-01,7.50e-01,1.67e-01,3.76e-03; 9.55e-01,7.54e-01,1.85e-01; 9.66e-01,7.65e-01,1.88e-01,1.05e-02; 9.85e-01,7.84e-01,1.97e-01; 9.99e-01,7.97e-01,2.05e-01; 9.91e-01,7.95e-01,2.09e-01,4.27e-02; 1.01e+00,8.15e-01,1.92e-01,5.85e-02; 1.03e+00,8.25e-01,2.35e-01,1.72e-02; 1.08e+00,8.44e-01,2.18e-01; 1.09e+00,8.40e-01,2.54e-01; 1.10e+00,8.51e-01,2.64e-01; 1.12e+00,8.64e-01,2.72e-01; 1.13e+00,8.82e-01,2.75e-01","33,33,33,33,33,33,33,33,33,33,33,33,33,33,33,33,33,33,33,33,33,33,33,33,33,33,33,33,33,33,33,33,33,33,33,33,33,33,33,33,33,33,33,33,33,33,33,33,33,33,33,16,33,33,33,33,33,33,16,16,16,33,33,33"
788,17.98,18.87,"6.23,8.13,9.50,10.83,11.99,13.01,13.93,14.76,15.44,15.98,16.41,16.79,17.16,17.55,17.96,18.39,18.81,19.15,19.44,19.68,19.95,20.15,20.46,20.80,21.12,21.36,21.62,21.84,22.04,22.25,22.46,22.72,22.93,23.13,23.27,23.44,23.62,23.79,23.99,24.21,24.41,24.60,24.78,24.98,25.13,25.27,25.41,25.58,25.71,25.87,26.00,26.12,26.23,26.33,26.46,26.61,26.77,26.91,27.08,27.25,27.39,27.50,27.63,27.78","6.18e-01,5.94e-01,6.57e-02,3.35e-05","5,5,5,5","1.59e+00; 3.17e+00; 3.68e+00,1.08e+00; 4.21e+00,2.13e+00; 4.82e+00,3.11e+00; 5.47e+00,4.04e+00; 6.13e+00,4.97e+00; 6.80e+00,5.88e+00; 7.55e+00,6.72e+00; 8.35e+00,7.51e+00; 9.06e+00,8.14e+00,2.44e-01; 9.52e+00,8.52e+00,9.95e-01; 1.10e+01,9.61e+00; 1.18e+01,1.04e+01; 1.24e+01,1.11e+01,2.88e-01; 1.33e+01,1.19e+01,1.32e-01; 1.34e+01,1.19e+01,1.62e+00; 1.40e+01,1.25e+01,2.05e+00; 1.44e+01,1.29e+01,2.74e+00; 1.51e+01,1.35e+01,3.10e+00; 1.56e+01,1.38e+01,3.98e+00; 1.67e+01,1.48e+01,3.43e+00; 1.68e+01,1.50e+01,4.61e+00; 1.71e+01,1.53e+01,5.59e+00; 1.77e+01,1.57e+01,6.26e+00; 1.83e+01,1.63e+01,6.67e+00; 1.86e+01,1.66e+01,7.59e+00; 1.79e+01,1.62e+01,8.09e+00,2.20e+00; 1.84e+01,1.67e+01,8.81e+00,2.11e+00; 1.90e+01,1.72e+01,9.43e+00,1.93e+00; 1.97e+01,1.79e+01,1.01e+01,1.57e+00; 2.02e+01,1.84e+01,1.07e+01,1.39e+00; 2.18e+01,1.94e+01,1.11e+01; 2.24e+01,2.00e+01,1.15e+01; 2.31e+01,2.06e+01,1.18e+01; 2.36e+01,2.11e+01,1.24e+01; 2.41e+01,2.15e+01,1.31e+01; 2.47e+01,2.18e+01,1.37e+01; 2.52e+01,2.22e+01,1.44e+01; 2.38e+01,2.15e+01,1.38e+01,4.31e+00; 2.62e+01,2.32e+01,1.57e+01; 2.67e+01,2.37e+01,1.62e+01; 2.72e+01,2.41e+01,1.69e+01; 2.57e+01,2.31e+01,1.60e+01,4.94e+00; 2.73e+01,2.40e+01,1.71e+01,2.99e+00; 2.66e+01,2.36e+01,1.67e+01,5.96e+00; 2.72e+01,2.41e+01,1.71e+01,6.16e+00; 2.77e+01,2.46e+01,1.76e+01,6.27e+00; 2.93e+01,2.57e+01,1.83e+01,4.39e+00; 2.98e+01,2.62e+01,1.88e+01,4.41e+00; 3.02e+01,2.66e+01,1.91e+01,5.02e+00; 2.97e+01,2.64e+01,1.86e+01,7.84e+00; 3.03e+01,2.68e+01,1.89e+01,8.05e+00; 3.09e+01,2.72e+01,1.93e+01,8.24e+00; 3.14e+01,2.77e+01,1.98e+01,8.38e+00; 3.18e+01,2.81e+01,2.04e+01,8.52e+00; 3.23e+01,2.86e+01,2.07e+01,8.80e+00; 3.28e+01,2.91e+01,2.11e+01,8.92e+00; 3.32e+01,2.94e+01,2.20e+01,9.01e+00; 3.36e+01,2.97e+01,2.28e+01,9.16e+00; 3.40e+01,3.00e+01,2.34e+01,9.34e+00; 3.45e+01,3.04e+01,2.39e+01,9.53e+00; 3.50e+01,3.08e+01,2.45e+01,9.61e+00; 3.54e+01,3.12e+01,2.52e+01,9.71e+00","24,24,24,24,24,24,24,24,24,24,24,24,24,24,24,24,24,24,24,24,24,24,24,24,24,24,24,24,24,24,24,24,24,24,24,24,24,24,24,24,24,24,24,24,24,24,24,24,24,24,24,24,24,24,24,24,24,24,24,24,24,24,24,24"
789,8.22,8.07,"1.76,3.13,4.05,4.72,5.28,5.83,6.34,6.80,7.23,7.61,7.95,8.26,8.55,8.85,9.15,9.44,9.71,9.96,10.18,10.38,10.58,10.78,10.99,11.20,11.40,11.59,11.76,11.91,12.06,12.22,12.38,12.55,12.71,12.86,13.00,13.12,13.24,13.37,13.50,13.64,13.77,13.90,14.01,14.12,14.22,14.32,14.43,14.55,14.66,14.77,14.87,14.96,15.05,15.14,15.24,15.34,15.44,15.53,15.62,15.70,15.78,15.86,15.94,16.03","2.10e-02,3.60e-03,5.63e-07,4.28e-07","0,0,0,0","3.06e-02; 6.12e-02; 9.17e-02; 1.22e-01; 1.30e-01,2.25e-02; 1.40e-01,4.33e-02; 1.51e-01,6.33e-02; 1.61e-01,8.37e-02; 1.74e-01,1.01e-01; 1.92e-01,1.14e-01; 2.12e-01,1.25e-01; 2.32e-01,1.35e-01; 2.51e-01,1.46e-01; 2.66e-01,1.62e-01; 2.78e-01,1.80e-01; 2.90e-01,1.99e-01; 3.02e-01,2.18e-01; 3.18e-01,2.33e-01; 3.35e-01,2.46e-01; 3.53e-01,2.58e-01; 3.71e-01,2.71e-01; 3.86e-01,2.86e-01; 4.00e-01,3.03e-01; 4.13e-01,3.21e-01; 4.26e-01,3.38e-01; 4.41e-01,3.54e-01; 4.58e-01,3.68e-01; 4.75e-01,3.81e-01; 4.92e-01,3.95e-01; 5.08e-01,4.09e-01; 5.22e-01,4.25e-01; 5.36e-01,4.42e-01; 5.50e-01,4.59e-01; 5.64e-01,4.75e-01; 5.80e-01,4.90e-01; 5.97e-01,5.04e-01; 6.14e-01,5.18e-01; 6.30e-01,5.32e-01; 6.45e-01,5.48e-01; 6.59e-01,5.65e-01; 6.72e-01,5.81e-01; 6.87e-01,5.97e-01; 7.03e-01,6.12e-01; 7.19e-01,6.26e-01; 7.36e-01,6.41e-01; 7.52e-01,6.55e-01; 7.67e-01,6.71e-01; 7.81e-01,6.87e-01; 7.95e-01,7.03e-01; 8.10e-01,7.19e-01; 8.25e-01,7.35e-01; 8.41e-01,7.49e-01; 8.58e-01,7.63e-01; 8.74e-01,7.78e-01; 8.89e-01,7.93e-01; 9.03e-01,8.09e-01; 9.17e-01,8.26e-01; 9.32e-01,8.42e-01; 9.47e-01,8.57e-01; 9.63e-01,8.71e-01; 9.80e-01,8.86e-01; 9.96e-01,9.00e-01; 1.01e+00,9.16e-01; 1.03e+00,9.32e-01","33,33,33,33,33,33,33,33,33,33,33,33,33,33,33,33,33,33,33,33,33,33,33,33,33,33,33,33,33,33,33,33,33,33,33,33,33,33,33,33,33,33,33,33,33,33,33,33,33,33,33,33,33,33,33,33,33,33,33,33,33,33,33,33"
790,0.06,0.05,"0.00,0.00,0.00,0.01,0.01,0.01,0.01,0.01,0.02,0.02,0.02,0.03,0.03,0.04,0.04,0.04,0.05,0.05,0.06,0.06,0.07,0.08,0.08,0.09,0.09,0.10,0.11,0.11,0.12,0.13,0.13,0.14,0.15,0.15,0.16,0.17,0.18,0.18,0.19,0.19,0.20,0.21,0.22,0.23,0.24,0.24,0.25,0.26,0.27,0.28,0.28,0.29,0.30,0.30,0.31,0.31,0.32,0.33,0.34,0.35,0.36,0.36,0.37,0.38","3.00e-06,2.10e-10,8.84e-11,4.68e-11","4,4,4,4",3.73e-06; 7.46e-06; 1.12e-05; 1.49e-05; 1.86e-05; 2.24e-05; 2.61e-05; 2.98e-05; 3.36e-05; 3.73e-05; 4.10e-05; 4.47e-05; 4.85e-05; 5.22e-05; 5.59e-05; 5.97e-05; 6.34e-05; 6.71e-05; 7.08e-05; 7.46e-05; 7.83e-05; 8.20e-05; 8.58e-05; 8.95e-05; 9.32e-05; 9.69e-05; 1.01e-04; 1.04e-04; 1.08e-04; 1.12e-04; 1.16e-04; 1.19e-04; 1.23e-04; 1.27e-04; 1.30e-04; 1.34e-04; 1.38e-04; 1.42e-04; 1.45e-04; 1.49e-04; 1.53e-04; 1.57e-04; 1.60e-04; 1.64e-04; 1.68e-04; 1.72e-04; 1.75e-04; 1.79e-04; 1.83e-04; 1.86e-04; 1.90e-04; 1.94e-04; 1.98e-04; 2.01e-04; 2.05e-04; 2.09e-04; 2.13e-04; 2.16e-04; 2.20e-04; 2.24e-04; 2.27e-04; 2.31e-04; 2.35e-04; 2.39e-04,"17,17,17,17,17,17,17,17,17,17,17,17,17,17,17,17,17,17,17,17,17,17,17,17,17,17,17,17,17,17,17,17,17,17,17,17,17,17,17,17,17,17,17,17,17,17,17,17,17,17,17,17,17,17,17,17,17,17,17,17,17,17,17,17"
791,4.13,4.14,"0.31,0.86,1.38,1.83,2.21,2.53,2.81,3.06,3.31,3.57,3.82,4.05,4.26,4.45,4.62,4.79,4.97,5.13,5.29,5.44,5.59,5.72,5.86,5.99,6.13,6.25,6.37,6.49,6.60,6.70,6.81,6.93,7.04,7.14,7.24,7.33,7.42,7.51,7.60,7.70,7.80,7.89,7.97,8.05,8.12,8.20,8.28,8.37,8.45,8.53,8.60,8.67,8.74,8.81,8.88,8.95,9.03,9.10,9.17,9.23,9.29,9.35,9.41,9.48","1.50e-03,6.68e-08,3.79e-08,2.69e-08","0,0,0,0","1.86e-03; 3.72e-03; 5.58e-03; 7.44e-03; 9.30e-03; 1.12e-02; 1.30e-02; 1.49e-02; 1.67e-02,4.36e-05; 1.83e-02,2.81e-04; 2.02e-02,2.66e-04; 2.21e-02,2.23e-04; 2.24e-02,1.78e-03; 2.37e-02,2.34e-03; 2.58e-02,2.10e-03; 2.62e-02,3.60e-03; 2.69e-02,4.70e-03; 2.81e-02,5.34e-03; 2.97e-02,5.66e-03; 3.13e-02,5.85e-03; 3.29e-02,6.16e-03; 3.41e-02,6.77e-03; 3.50e-02,7.76e-03; 3.55e-02,9.09e-03; 3.54e-02,1.11e-02; 3.65e-02,1.18e-02; 3.78e-02,1.24e-02; 3.92e-02,1.29e-02; 4.06e-02,1.34e-02; 4.18e-02,1.40e-02; 4.28e-02,1.48e-02; 4.36e-02,1.59e-02; 4.45e-02,1.69e-02; 4.55e-02,1.77e-02; 4.67e-02,1.83e-02; 4.80e-02,1.89e-02; 4.93e-02,1.95e-02; 5.05e-02,2.02e-02; 5.15e-02,2.10e-02; 5.23e-02,2.21e-02; 5.31e-02,2.31e-02; 5.41e-02,2.40e-02; 5.52e-02,2.47e-02; 5.65e-02,2.54e-02; 5.77e-02,2.60e-02; 5.88e-02,2.67e-02; 5.98e-02,2.76e-02; 6.05e-02,2.87e-02; 6.13e-02,2.98e-02; 6.23e-02,3.07e-02; 6.34e-02,3.15e-02; 6.46e-02,3.21e-02; 6.58e-02,3.28e-02; 6.69e-02,3.35e-02; 6.78e-02,3.44e-02; 6.86e-02,3.55e-02; 6.94e-02,3.66e-02; 7.03e-02,3.76e-02; 7.13e-02,3.84e-02; 7.25e-02,3.91e-02; 7.37e-02,3.98e-02; 7.48e-02,4.05e-02; 7.57e-02,4.14e-02; 7.65e-02,4.25e-02","33,33,33,33,33,33,33,33,33,33,33,33,33,33,33,33,33,33,33,33,33,33,33,33,33,33,33,33,33,33,33,33,33,33,33,33,33,33,33,33,33,33,33,33,33,33,33,33,33,33,33,33,33,33,33,33,33,33,33,33,33,33,33,33"
792,0.02,0.02,"0.00,0.00,0.00,0.00,0.01,0.01,0.01,0.01,0.02,0.02,0.03,0.03,0.04,0.04,0.04,0.05,0.05,0.06,0.07,0.08,0.08,0.09,0.10,0.10,0.11,0.12,0.13,0.14,0.15,0.15,0.16,0.17,0.18,0.19,0.20,0.21,0.22,0.23,0.23,0.24,0.25,0.26,0.27,0.28,0.29,0.30,0.31,0.32,0.33,0.34,0.35,0.36,0.37,0.38,0.39,0.39,0.40,0.41,0.43,0.44,0.45,0.45,0.46,0.47","1.57e-06,6.93e-11,4.74e-11,1.98e-11","5,5,5,5",1.95e-06; 3.90e-06; 5.85e-06; 7.80e-06; 9.75e-06; 1.17e-05; 1.36e-05; 1.56e-05; 1.75e-05; 1.95e-05; 2.14e-05; 2.34e-05; 2.53e-05; 2.73e-05; 2.92e-05; 3.12e-05; 3.31e-05; 3.51e-05; 3.70e-05; 3.90e-05; 4.09e-05; 4.29e-05; 4.48e-05; 4.68e-05; 4.87e-05; 5.07e-05; 5.26e-05; 5.46e-05; 5.65e-05; 5.85e-05; 6.04e-05; 6.24e-05; 6.43e-05; 6.63e-05; 6.82e-05; 7.02e-05; 7.21e-05; 7.41e-05; 7.60e-05; 7.80e-05; 7.99e-05; 8.19e-05; 8.38e-05; 8.58e-05; 8.77e-05; 8.97e-05; 9.16e-05; 9.36e-05; 9.55e-05; 9.75e-05; 9.94e-05; 1.01e-04; 1.03e-04; 1.05e-04; 1.07e-04; 1.09e-04; 1.11e-04; 1.13e-04; 1.15e-04; 1.17e-04; 1.19e-04; 1.21e-04; 1.23e-04; 1.25e-04,"39,39,39,39,39,39,39,39,39,39,39,39,39,39,39,39,39,39,39,39,39,39,39,39,39,39,39,39,39,39,39,39,39,39,39,39,39,39,39,39,39,39,39,39,39,39,39,39,39,39,39,39,39,39,39,39,39,39,39,39,39,39,39,39"
793,0.00,0.00,"0.00,0.00,0.00,0.00,0.00,0.00,0.00,0.00,0.00,0.00,0.00,0.00,0.00,0.00,0.00,0.00,0.00,0.00,0.00,0.00,0.00,0.00,0.00,0.00,0.00,0.00,0.00,0.00,0.00,0.00,0.00,0.00,0.00,0.00,0.00,0.00,0.00,0.00,0.00,0.00,0.00,0.00,0.00,0.00,0.00,0.00,0.00,0.00,0.00,0.00,0.00,0.00,0.00,0.00,0.00,0.00,0.00,0.00,0.00,0.00,0.00,0.00,0.00,0.00","0.00e+00,0.00e+00,0.00e+00,0.00e+00","0,0,0,0",; ; ; ; ; ; ; ; ; ; ; ; ; ; ; ; ; ; ; ; ; ; ; ; ; ; ; ; ; ; ; ; ; ; ; ; ; ; ; ; ; ; ; ; ; ; ; ; ; ; ; ; ; ; ; ; ; ; ; ; ; ; ; ,"0,0,0,0,0,0,0,0,0,0,0,0,0,0,0,0,0,0,0,0,0,0,0,0,0,0,0,0,0,0,0,0,0,0,0,0,0,0,0,0,0,0,0,0,0,0,0,0,0,0,0,0,0,0,0,0,0,0,0,0,0,0,0,0"
794,0.00,0.00,"0.00,0.00,0.00,0.00,0.00,0.00,0.00,0.00,0.00,0.00,0.00,0.00,0.00,0.00,0.00,0.00,0.00,0.00,0.00,0.00,0.00,0.00,0.00,0.00,0.00,0.00,0.00,0.00,0.00,0.00,0.00,0.00,0.00,0.00,0.00,0.00,0.00,0.00,0.01,0.01,0.01,0.01,0.01,0.01,0.01,0.01,0.01,0.01,0.01,0.01,0.01,0.01,0.01,0.01,0.01,0.01,0.01,0.01,0.01,0.01,0.01,0.01,0.01,0.01","1.41e-07,1.24e-11,3.98e-12,3.64e-12","10,8,10,10",; ; ; ; ; 1.05e-06; 1.23e-06; 1.40e-06; 1.58e-06; 1.75e-06; 1.93e-06; 2.10e-06; 2.28e-06; 2.46e-06; 2.63e-06; 2.81e-06; 2.98e-06; 3.16e-06; 3.33e-06; 3.51e-06; 3.68e-06; 3.86e-06; 4.03e-06; 4.21e-06; 4.39e-06; 4.56e-06; 4.74e-06; 4.91e-06; 5.09e-06; 5.26e-06; 5.44e-06; 5.61e-06; 5.79e-06; 5.96e-06; 6.14e-06; 6.32e-06; 6.49e-06; 6.67e-06; 6.84e-06; 7.02e-06; 7.19e-06; 7.37e-06; 7.54e-06; 7.72e-06; 7.89e-06; 8.07e-06; 8.25e-06; 8.42e-06; 8.60e-06; 8.77e-06; 8.95e-06; 9.12e-06; 9.30e-06; 9.47e-06; 9.65e-06; 9.82e-06; 1.00e-05; 1.02e-05; 1.04e-05; 1.05e-05; 1.07e-05; 1.09e-05; 1.11e-05; 1.12e-05,"30,30,30,30,30,30,30,30,30,30,30,30,30,30,30,30,30,30,30,30,30,30,30,28,30,30,30,30,30,30,30,30,30,30,28,30,30,28,30,30,30,30,30,30,30,30,30,30,30,30,30,30,30,30,30,30,30,30,30,30,30,30,24,30"
795,0.01,0.00,"0.00,0.00,0.00,0.00,0.00,0.00,0.00,0.00,0.00,0.00,0.00,0.00,0.00,0.00,0.00,0.00,0.00,0.00,0.00,0.00,0.00,0.00,0.00,0.00,0.00,0.00,0.00,0.00,0.00,0.00,0.00,0.00,0.00,0.00,0.00,0.01,0.01,0.01,0.01,0.01,0.01,0.01,0.01,0.01,0.01,0.01,0.01,0.01,0.01,0.01,0.01,0.01,0.01,0.01,0.01,0.01,0.01,0.01,0.01,0.01,0.01,0.01,0.01,0.01","2.67e-07,2.01e-11,1.29e-11,7.12e-12","4,4,4,4",; ; ; 1.33e-06; 1.66e-06; 1.99e-06; 2.32e-06; 2.65e-06; 2.98e-06; 3.31e-06; 3.65e-06; 3.98e-06; 4.31e-06; 4.64e-06; 4.97e-06; 5.30e-06; 5.63e-06; 5.97e-06; 6.30e-06; 6.63e-06; 6.96e-06; 7.29e-06; 7.62e-06; 7.96e-06; 8.29e-06; 8.62e-06; 8.95e-06; 9.28e-06; 9.61e-06; 9.94e-06; 1.03e-05; 1.06e-05; 1.09e-05; 1.13e-05; 1.16e-05; 1.19e-05; 1.23e-05; 1.26e-05; 1.29e-05; 1.33e-05; 1.36e-05; 1.39e-05; 1.43e-05; 1.46e-05; 1.49e-05; 1.52e-05; 1.56e-05; 1.59e-05; 1.62e-05; 1.66e-05; 1.69e-05; 1.72e-05; 1.76e-05; 1.79e-05; 1.82e-05; 1.86e-05; 1.89e-05; 1.92e-05; 1.96e-05; 1.99e-05; 2.02e-05; 2.06e-05; 2.09e-05; 2.12e-05,"38,38,38,38,38,38,38,22,38,38,38,38,38,38,38,38,38,38,38,38,38,38,38,38,38,38,38,38,38,38,38,38,38,38,38,38,38,38,38,38,38,38,38,38,38,38,38,38,38,38,38,38,38,38,22,38,38,38,22,38,38,38,22,38"
796,9.13,8.89,"2.05,3.49,4.43,5.14,5.80,6.37,6.86,7.27,7.69,8.11,8.47,8.80,9.14,9.48,9.79,10.05,10.31,10.57,10.82,11.04,11.27,11.49,11.72,11.93,12.13,12.33,12.51,12.69,12.86,13.03,13.20,13.37,13.54,13.70,13.85,13.99,14.12,14.26,14.40,14.55,14.69,14.82,14.95,15.06,15.18,15.29,15.41,15.53,15.66,15.77,15.88,15.98,16.08,16.18,16.28,16.38,16.49,16.59,16.69,16.77,16.86,16.95,17.04,17.13","2.55e-02,1.04e-02,8.71e-07,7.49e-07","1,1,1,1","4.45e-02; 8.90e-02; 1.34e-01; 1.52e-01,2.61e-02; 1.67e-01,5.55e-02; 1.84e-01,8.28e-02; 2.02e-01,1.09e-01; 2.22e-01,1.34e-01; 2.45e-01,1.56e-01; 2.70e-01,1.76e-01; 2.98e-01,1.92e-01; 3.25e-01,2.09e-01; 3.48e-01,2.31e-01; 3.69e-01,2.54e-01; 3.86e-01,2.81e-01; 3.96e-01,2.98e-01,1.84e-02; 4.06e-01,3.02e-01,4.85e-02; 4.27e-01,3.25e-01,4.91e-02; 4.51e-01,3.43e-01,5.23e-02; 4.72e-01,3.54e-01,6.48e-02; 4.92e-01,3.69e-01,7.34e-02; 5.13e-01,3.94e-01,7.20e-02; 5.31e-01,4.18e-01,7.49e-02; 5.44e-01,4.28e-01,9.66e-02; 5.56e-01,4.33e-01,1.24e-01; 5.76e-01,4.53e-01,1.28e-01; 5.98e-01,4.73e-01,1.31e-01; 6.19e-01,4.85e-01,1.42e-01; 6.39e-01,4.99e-01,1.53e-01; 6.59e-01,5.21e-01,1.55e-01; 6.78e-01,5.44e-01,1.58e-01; 6.92e-01,5.57e-01,1.75e-01; 7.05e-01,5.62e-01,2.01e-01; 7.25e-01,5.82e-01,2.07e-01; 7.46e-01,6.01e-01,2.11e-01; 7.67e-01,6.15e-01,2.21e-01; 7.87e-01,6.28e-01,2.32e-01; 8.07e-01,6.49e-01,2.35e-01; 8.26e-01,6.71e-01,2.39e-01; 8.42e-01,6.86e-01,2.53e-01; 8.55e-01,6.91e-01,2.78e-01; 8.74e-01,7.10e-01,2.86e-01; 8.95e-01,7.30e-01,2.89e-01; 9.16e-01,7.44e-01,2.99e-01; 9.37e-01,7.58e-01,3.09e-01; 9.57e-01,7.77e-01,3.14e-01; 9.76e-01,7.99e-01,3.17e-01; 9.94e-01,8.15e-01,3.27e-01; 1.01e+00,8.21e-01,3.51e-01; 1.03e+00,8.39e-01,3.58e-01; 1.05e+00,8.59e-01,3.61e-01; 1.07e+00,8.75e-01,3.69e-01; 1.09e+00,8.88e-01,3.79e-01; 1.11e+00,9.06e-01,3.85e-01; 1.13e+00,9.29e-01,3.87e-01; 1.17e+00,9.54e-01,3.64e-01; 1.18e+00,9.56e-01,3.99e-01; 1.20e+00,9.73e-01,4.09e-01; 1.22e+00,9.94e-01,4.11e-01; 1.24e+00,1.01e+00,4.18e-01; 1.26e+00,1.02e+00,4.31e-01; 1.28e+00,1.04e+00,4.37e-01; 1.30e+00,1.06e+00,4.38e-01; 1.32e+00,1.08e+00,4.49e-01","32,32,32,32,32,32,32,32,32,32,32,32,32,32,32,32,32,32,32,32,32,32,32,32,32,32,32,32,32,32,32,32,32,32,32,32,32,32,32,32,32,32,32,32,32,32,32,32,32,32,32,32,32,32,32,32,32,32,32,32,32,32,32,32"
797,8.74,9.22,"2.26,3.76,4.73,5.43,6.07,6.67,7.20,7.67,8.13,8.54,8.88,9.20,9.51,9.83,10.14,10.42,10.71,10.97,11.20,11.40,11.61,11.85,12.09,12.36,12.52,12.75,12.93,13.10,13.28,13.47,13.66,13.86,14.09,14.27,14.46,14.61,14.75,14.92,15.09,15.26,15.51,15.66,15.82,15.96,16.08,16.24,16.43,16.60,16.79,16.91,17.05,17.17,17.28,17.41,17.54,17.68,17.88,18.00,18.13,18.25,18.35,18.46,18.58,18.69","2.55e-02,7.49e-03,1.44e-06,5.47e-07","0,0,0,0","4.09e-02; 8.19e-02; 1.23e-01; 1.49e-01,1.52e-02; 1.73e-01,3.19e-02; 1.82e-01,6.37e-02; 1.98e-01,8.83e-02; 2.14e-01,1.14e-01; 2.31e-01,1.37e-01; 2.54e-01,1.55e-01; 2.81e-01,1.69e-01; 3.07e-01,1.84e-01; 3.32e-01,2.01e-01; 3.50e-01,2.23e-01; 3.68e-01,2.46e-01; 3.86e-01,2.69e-01; 4.02e-01,2.94e-01; 4.23e-01,3.14e-01; 4.46e-01,3.32e-01; 4.70e-01,3.49e-01; 4.87e-01,3.63e-01,9.53e-03; 4.85e-01,3.63e-01,5.29e-02; 4.91e-01,3.72e-01,7.77e-02; 4.80e-01,3.64e-01,1.39e-01; 5.18e-01,4.07e-01,7.56e-02,2.26e-02; 5.15e-01,4.04e-01,1.39e-01,6.25e-03; 5.40e-01,4.27e-01,7.74e-02,6.05e-02; 5.53e-01,4.36e-01,7.97e-02,7.70e-02; 5.66e-01,4.45e-01,1.24e-01,5.13e-02; 5.76e-01,4.55e-01,1.20e-01,7.70e-02; 5.87e-01,4.67e-01,1.20e-01,9.51e-02; 5.98e-01,4.81e-01,1.38e-01,9.43e-02; 6.04e-01,4.90e-01,1.95e-01,6.24e-02; 6.15e-01,5.03e-01,1.94e-01,8.04e-02; 6.31e-01,5.17e-01,2.40e-01,4.50e-02; 6.42e-01,5.23e-01,2.43e-01,6.58e-02; 6.52e-01,5.29e-01,2.27e-01,1.06e-01; 6.63e-01,5.39e-01,2.37e-01,1.17e-01; 6.71e-01,5.49e-01,2.31e-01,1.46e-01; 6.82e-01,5.61e-01,2.29e-01,1.65e-01; 6.99e-01,5.82e-01,3.40e-01,5.76e-02; 7.07e-01,5.91e-01,3.32e-01,8.95e-02; 7.15e-01,5.97e-01,3.40e-01,1.07e-01; 7.23e-01,6.01e-01,3.28e-01,1.48e-01; 7.32e-01,6.06e-01,2.96e-01,2.08e-01; 7.41e-01,6.14e-01,2.90e-01,2.38e-01; 7.57e-01,6.31e-01,3.79e-01,1.58e-01; 7.73e-01,6.49e-01,4.29e-01,1.14e-01; 7.85e-01,6.63e-01,4.61e-01,9.66e-02; 7.65e-01,6.44e-01,4.41e-01,1.97e-01; 7.77e-01,6.53e-01,4.42e-01,2.15e-01; 7.90e-01,6.63e-01,4.43e-01,2.33e-01; 8.01e-01,6.69e-01,4.15e-01,2.85e-01; 8.10e-01,6.77e-01,3.79e-01,3.44e-01; 8.23e-01,6.90e-01,4.00e-01,3.39e-01; 8.34e-01,7.01e-01,3.91e-01,3.66e-01; 8.52e-01,7.24e-01,5.46e-01,2.12e-01; 8.62e-01,7.34e-01,5.35e-01,2.44e-01; 8.76e-01,7.47e-01,5.63e-01,2.28e-01; 8.92e-01,7.62e-01,5.99e-01,2.04e-01; 9.04e-01,7.71e-01,6.04e-01,2.17e-01; 9.17e-01,7.81e-01,6.08e-01,2.33e-01; 9.29e-01,7.93e-01,6.24e-01,2.32e-01; 9.40e-01,8.06e-01,6.27e-01,2.46e-01","32,32,32,32,32,32,32,32,32,32,32,32,32,32,32,32,32,32,32,32,32,32,32,32,32,32,32,32,32,32,32,32,32,32,32,32,32,32,32,32,32,32,32,32,32,32,32,32,32,32,32,32,32,32,32,32,32,32,32,32,32,32,32,32"
798,0.01,0.01,"0.00,0.00,0.00,0.00,0.00,0.00,0.00,0.00,0.00,0.01,0.01,0.01,0.01,0.01,0.01,0.01,0.02,0.02,0.02,0.02,0.02,0.03,0.03,0.03,0.03,0.04,0.04,0.04,0.05,0.05,0.05,0.05,0.06,0.06,0.07,0.07,0.07,0.08,0.08,0.08,0.09,0.09,0.10,0.10,0.10,0.11,0.11,0.11,0.12,0.13,0.13,0.13,0.14,0.14,0.15,0.15,0.16,0.16,0.17,0.17,0.18,0.18,0.19,0.19","4.67e-07,2.52e-11,1.16e-11,7.23e-12","4,4,4,4",; 1.16e-06; 1.74e-06; 2.32e-06; 2.90e-06; 3.48e-06; 4.06e-06; 4.64e-06; 5.22e-06; 5.80e-06; 6.38e-06; 6.96e-06; 7.54e-06; 8.12e-06; 8.70e-06; 9.28e-06; 9.86e-06; 1.04e-05; 1.10e-05; 1.16e-05; 1.22e-05; 1.28e-05; 1.33e-05; 1.39e-05; 1.45e-05; 1.51e-05; 1.57e-05; 1.62e-05; 1.68e-05; 1.74e-05; 1.80e-05; 1.86e-05; 1.91e-05; 1.97e-05; 2.03e-05; 2.09e-05; 2.15e-05; 2.20e-05; 2.26e-05; 2.32e-05; 2.38e-05; 2.43e-05; 2.49e-05; 2.55e-05; 2.61e-05; 2.67e-05; 2.72e-05; 2.78e-05; 2.84e-05; 2.90e-05; 2.96e-05; 3.01e-05; 3.07e-05; 3.13e-05; 3.19e-05; 3.25e-05; 3.30e-05; 3.36e-05; 3.42e-05; 3.48e-05; 3.54e-05; 3.59e-05; 3.65e-05; 3.71e-05,"32,32,32,32,32,32,32,32,32,32,32,32,32,32,32,32,32,32,32,32,32,32,32,32,32,32,32,32,32,32,32,32,32,32,32,32,32,32,32,32,32,32,32,32,32,32,32,32,32,32,32,32,32,32,32,32,32,32,32,32,32,32,32,32"
799,0.00,0.00,"0.00,0.00,0.00,0.00,0.00,0.00,0.00,0.00,0.00,0.00,0.00,0.00,0.00,0.00,0.00,0.00,0.00,0.00,0.00,0.00,0.00,0.00,0.00,0.00,0.00,0.00,0.00,0.00,0.00,0.00,0.00,0.00,0.00,0.00,0.00,0.00,0.00,0.00,0.00,0.00,0.00,0.01,0.01,0.01,0.01,0.01,0.01,0.01,0.01,0.01,0.01,0.01,0.01,0.01,0.01,0.01,0.01,0.01,0.01,0.01,0.01,0.01,0.01,0.01","1.28e-07,1.09e-11,3.99e-12,1.99e-12","8,8,8,8",; ; ; ; ; ; 1.11e-06; 1.27e-06; 1.43e-06; 1.58e-06; 1.74e-06; 1.90e-06; 2.06e-06; 2.22e-06; 2.38e-06; 2.53e-06; 2.69e-06; 2.85e-06; 3.01e-06; 3.17e-06; 3.33e-06; 3.48e-06; 3.64e-06; 3.80e-06; 3.96e-06; 4.12e-06; 4.28e-06; 4.44e-06; 4.59e-06; 4.75e-06; 4.91e-06; 5.07e-06; 5.23e-06; 5.39e-06; 5.54e-06; 5.70e-06; 5.86e-06; 6.02e-06; 6.18e-06; 6.34e-06; 6.49e-06; 6.65e-06; 6.81e-06; 6.97e-06; 7.13e-06; 7.29e-06; 7.44e-06; 7.60e-06; 7.76e-06; 7.92e-06; 8.08e-06; 8.24e-06; 8.40e-06; 8.55e-06; 8.71e-06; 8.87e-06; 9.03e-06; 9.19e-06; 9.35e-06; 9.50e-06; 9.66e-06; 9.82e-06; 9.98e-06; 1.01e-05,"38,38,38,38,38,38,38,38,38,38,38,38,38,38,38,38,38,38,38,38,38,38,38,38,38,38,38,38,38,38,38,38,38,38,38,38,38,38,38,38,38,38,38,38,38,38,38,38,38,38,38,38,38,38,38,38,38,38,38,38,38,38,38,38"
808,49.21,42.51,"15.05,21.04,24.88,27.80,30.99,32.72,34.29,34.89,36.09,37.29,37.64,38.95,39.47,40.16,40.82,41.61,41.78,42.45,42.77,43.01,43.77,43.90,44.46,45.05,45.28,45.66,45.45,46.15,46.43,47.06,47.12,47.31,47.75,48.08,48.15,48.61,48.42,49.51,50.07,49.80,49.96,49.59,49.34,50.24,50.42,50.84,51.37,51.18,52.09,51.57,51.84,51.87,52.04,52.32,52.58,52.99,53.33,53.17,52.20,53.66,53.17,53.93,55.11,54.37","2.26e+02,2.26e+02,2.26e+02,2.04e+02","12,12,4,12","1.28e+03; 1.31e+03,1.26e+03; 1.93e+03,1.92e+03; 1.91e+03,1.90e+03,1.33e+03; 2.31e+03,2.30e+03,1.81e+03; 2.64e+03,2.63e+03,2.11e+03,3.18e+02; 3.18e+03,3.18e+03,2.62e+03; 3.00e+03,3.00e+03,2.48e+03,1.78e+03; 3.59e+03,3.59e+03,2.63e+03,1.74e+03; 4.23e+03,4.23e+03,3.35e+03,1.02e+03; 3.84e+03,3.84e+03,3.43e+03,3.01e+03; 5.00e+03,5.00e+03,3.78e+03,1.62e+03; 5.45e+03,5.45e+03,4.30e+03,1.47e+03; 5.71e+03,5.71e+03,4.77e+03,1.77e+03; 5.94e+03,5.94e+03,4.93e+03,2.44e+03; 6.42e+03,6.42e+03,5.18e+03,2.50e+03; 6.99e+03,6.98e+03,5.27e+03,2.57e+03; 6.89e+03,6.89e+03,5.81e+03,3.49e+03; 6.83e+03,6.83e+03,6.12e+03,4.60e+03; 7.33e+03,7.33e+03,6.60e+03,4.40e+03; 8.02e+03,8.02e+03,6.96e+03,3.93e+03; 8.28e+03,8.28e+03,7.11e+03,4.55e+03; 8.28e+03,8.28e+03,7.49e+03,5.45e+03; 8.45e+03,8.45e+03,7.70e+03,6.19e+03; 8.67e+03,8.67e+03,8.03e+03,6.70e+03; 9.06e+03,9.05e+03,8.38e+03,6.85e+03; 9.28e+03,9.28e+03,8.62e+03,7.45e+03; 9.68e+03,9.68e+03,9.06e+03,7.50e+03; 1.07e+04,1.07e+04,9.17e+03,6.55e+03; 1.06e+04,1.06e+04,9.71e+03,7.57e+03; 1.05e+04,1.05e+04,1.00e+04,8.71e+03; 1.08e+04,1.08e+04,1.03e+04,9.07e+03; 1.12e+04,1.12e+04,1.06e+04,9.35e+03; 1.15e+04,1.15e+04,1.09e+04,9.68e+03; 1.18e+04,1.18e+04,1.12e+04,1.01e+04; 1.22e+04,1.22e+04,1.17e+04,1.01e+04; 1.28e+04,1.28e+04,1.20e+04,9.83e+03; 1.30e+04,1.30e+04,1.24e+04,1.03e+04; 1.33e+04,1.33e+04,1.26e+04,1.09e+04; 1.34e+04,1.34e+04,1.29e+04,1.16e+04; 1.37e+04,1.37e+04,1.32e+04,1.19e+04; 1.41e+04,1.41e+04,1.35e+04,1.22e+04; 1.44e+04,1.44e+04,1.37e+04,1.27e+04; 1.48e+04,1.48e+04,1.39e+04,1.28e+04; 1.51e+04,1.51e+04,1.45e+04,1.30e+04; 1.56e+04,1.56e+04,1.50e+04,1.29e+04; 1.58e+04,1.58e+04,1.52e+04,1.34e+04; 1.61e+04,1.61e+04,1.55e+04,1.39e+04; 1.64e+04,1.64e+04,1.58e+04,1.42e+04; 1.67e+04,1.67e+04,1.61e+04,1.46e+04; 1.70e+04,1.70e+04,1.64e+04,1.51e+04; 1.74e+04,1.74e+04,1.66e+04,1.53e+04; 1.77e+04,1.77e+04,1.71e+04,1.55e+04; 1.81e+04,1.81e+04,1.75e+04,1.55e+04; 1.85e+04,1.85e+04,1.78e+04,1.58e+04; 1.87e+04,1.87e+04,1.80e+04,1.64e+04; 1.91e+04,1.91e+04,1.84e+04,1.66e+04; 1.93e+04,1.93e+04,1.87e+04,1.71e+04; 1.95e+04,1.95e+04,1.88e+04,1.77e+04; 2.00e+04,2.00e+04,1.90e+04,1.80e+04; 2.02e+04,2.02e+04,1.96e+04,1.83e+04; 2.06e+04,2.06e+04,2.00e+04,1.83e+04; 2.10e+04,2.10e+04,2.03e+04,1.86e+04; 2.13e+04,2.13e+04,2.06e+04,1.90e+04","38,38,38,24,38,38,38,24,38,24,38,38,38,38,38,38,38,24,28,24,24,24,38,24,24,28,24,24,38,24,28,34,38,28,24,24,38,38,28,34,38,28,34,34,34,38,38,38,28,24,38,34,34,34,28,34,38,38,38,34,28,34,38,38"
809,47.40,40.97,"13.79,19.22,24.19,27.08,29.24,30.99,32.58,34.56,36.29,37.38,38.32,39.17,39.87,40.57,41.42,42.48,43.52,43.99,44.69,45.28,45.47,46.15,46.64,47.07,47.93,48.17,48.29,48.78,49.10,49.59,50.08,50.40,51.21,51.24,51.60,51.70,52.07,52.74,52.54,52.74,52.79,52.96,53.29,54.16,54.04,53.96,55.27,54.93,56.11,55.60,55.19,56.42,56.67,56.59,56.22,57.21,57.92,56.98,57.19,57.75,56.52,57.94,58.78,58.92","1.30e+02,1.30e+02,1.29e+02,1.26e+02","11,0,11,0","7.24e+02; 7.49e+02,6.98e+02; 7.79e+02,7.11e+02,6.81e+02; 1.01e+03,9.66e+02,9.17e+02; 1.25e+03,1.22e+03,1.15e+03; 1.49e+03,1.47e+03,1.39e+03; 1.48e+03,1.47e+03,1.37e+03,7.43e+02; 1.57e+03,1.56e+03,1.46e+03,1.19e+03; 1.74e+03,1.73e+03,1.67e+03,1.37e+03; 1.92e+03,1.91e+03,1.87e+03,1.53e+03; 2.10e+03,2.09e+03,2.06e+03,1.70e+03; 2.28e+03,2.27e+03,2.24e+03,1.89e+03; 2.46e+03,2.45e+03,2.42e+03,2.08e+03; 2.64e+03,2.63e+03,2.60e+03,2.26e+03; 2.81e+03,2.80e+03,2.77e+03,2.46e+03; 2.97e+03,2.96e+03,2.94e+03,2.70e+03; 3.14e+03,3.13e+03,3.10e+03,2.92e+03; 3.32e+03,3.31e+03,3.28e+03,3.11e+03; 3.50e+03,3.49e+03,3.47e+03,3.29e+03; 3.68e+03,3.67e+03,3.65e+03,3.48e+03; 3.86e+03,3.85e+03,3.83e+03,3.65e+03; 4.04e+03,4.03e+03,4.01e+03,3.84e+03; 4.22e+03,4.21e+03,4.19e+03,4.02e+03; 4.39e+03,4.38e+03,4.36e+03,4.23e+03; 4.57e+03,4.56e+03,4.54e+03,4.42e+03; 4.75e+03,4.74e+03,4.72e+03,4.60e+03; 4.93e+03,4.92e+03,4.90e+03,4.79e+03; 5.11e+03,5.10e+03,5.08e+03,4.97e+03; 5.29e+03,5.28e+03,5.26e+03,5.15e+03; 5.47e+03,5.46e+03,5.44e+03,5.34e+03; 5.65e+03,5.64e+03,5.62e+03,5.52e+03; 5.82e+03,5.82e+03,5.80e+03,5.71e+03; 6.00e+03,6.00e+03,5.98e+03,5.90e+03; 6.18e+03,6.18e+03,6.16e+03,6.08e+03; 6.36e+03,6.36e+03,6.34e+03,6.26e+03; 6.54e+03,6.54e+03,6.52e+03,6.44e+03; 6.73e+03,6.72e+03,6.70e+03,6.62e+03; 6.90e+03,6.90e+03,6.88e+03,6.81e+03; 7.09e+03,7.08e+03,7.06e+03,6.99e+03; 7.27e+03,7.26e+03,7.24e+03,7.17e+03; 7.45e+03,7.44e+03,7.42e+03,7.35e+03; 7.63e+03,7.62e+03,7.60e+03,7.54e+03; 7.81e+03,7.80e+03,7.79e+03,7.72e+03; 7.99e+03,7.98e+03,7.96e+03,7.90e+03; 8.17e+03,8.17e+03,8.15e+03,8.08e+03; 8.35e+03,8.35e+03,8.33e+03,8.26e+03; 8.53e+03,8.53e+03,8.51e+03,8.44e+03; 8.71e+03,8.71e+03,8.69e+03,8.63e+03; 8.89e+03,8.89e+03,8.87e+03,8.81e+03; 9.07e+03,9.07e+03,9.05e+03,8.99e+03; 9.25e+03,9.25e+03,9.23e+03,9.17e+03; 9.43e+03,9.43e+03,9.41e+03,9.35e+03; 9.61e+03,9.61e+03,9.59e+03,9.53e+03; 9.79e+03,9.79e+03,9.78e+03,9.71e+03; 9.97e+03,9.97e+03,9.96e+03,9.90e+03; 1.02e+04,1.01e+04,1.01e+04,1.01e+04; 1.03e+04,1.03e+04,1.03e+04,1.03e+04; 1.05e+04,1.05e+04,1.05e+04,1.04e+04; 1.07e+04,1.07e+04,1.07e+04,1.06e+04; 1.09e+04,1.09e+04,1.09e+04,1.08e+04; 1.11e+04,1.11e+04,1.10e+04,1.10e+04; 1.12e+04,1.12e+04,1.12e+04,1.12e+04; 1.14e+04,1.14e+04,1.14e+04,1.14e+04; 1.16e+04,1.16e+04,1.16e+04,1.15e+04","30,32,30,30,30,30,30,30,32,32,32,32,30,30,30,30,30,30,32,30,32,30,46,30,30,46,30,30,30,30,32,30,30,23,30,46,30,30,46,46,32,30,23,30,30,30,32,32,30,46,32,23,32,32,32,32,46,23,46,30,30,30,30,30"
810,48.90,40.99,"15.50,21.17,25.45,28.27,30.38,32.18,33.74,35.13,36.35,37.35,37.93,38.72,39.36,40.24,41.03,41.63,42.33,42.88,43.52,44.16,44.76,44.87,45.64,46.41,46.62,46.87,47.54,47.37,47.93,48.23,48.57,48.50,49.71,49.43,49.48,49.69,50.74,50.77,50.96,51.18,51.69,51.93,51.98,52.63,53.04,52.69,53.63,53.67,53.31,54.02,55.87,53.79,53.50,55.51,54.98,53.60,56.16,56.41,55.86,55.85,56.71,56.55,55.99,56.49","1.82e+02,1.82e+02,1.81e+02,1.70e+02","11,0,11,0","1.22e+03; 1.26e+03,1.17e+03; 1.32e+03,1.22e+03,1.11e+03; 1.70e+03,1.59e+03,1.58e+03; 2.09e+03,2.02e+03,1.98e+03; 2.23e+03,2.16e+03,1.96e+03,9.43e+02; 2.58e+03,2.52e+03,2.27e+03,1.15e+03; 2.89e+03,2.84e+03,2.54e+03,1.46e+03; 2.92e+03,2.88e+03,2.76e+03,2.39e+03; 3.33e+03,3.29e+03,3.06e+03,2.48e+03; 3.50e+03,3.46e+03,3.37e+03,3.06e+03; 4.13e+03,4.09e+03,3.75e+03,2.63e+03; 4.55e+03,4.50e+03,4.28e+03,2.49e+03; 4.73e+03,4.69e+03,4.46e+03,3.16e+03; 5.04e+03,5.00e+03,4.72e+03,3.50e+03; 5.33e+03,5.30e+03,5.04e+03,3.80e+03; 5.66e+03,5.64e+03,5.33e+03,4.06e+03; 5.92e+03,5.89e+03,5.60e+03,4.49e+03; 6.22e+03,6.20e+03,5.94e+03,4.76e+03; 6.52e+03,6.50e+03,6.18e+03,5.13e+03; 6.83e+03,6.80e+03,6.53e+03,5.39e+03; 7.10e+03,7.07e+03,6.85e+03,5.75e+03; 7.38e+03,7.36e+03,7.12e+03,6.12e+03; 7.68e+03,7.66e+03,7.42e+03,6.43e+03; 7.99e+03,7.97e+03,7.72e+03,6.73e+03; 8.29e+03,8.27e+03,8.03e+03,7.04e+03; 8.57e+03,8.55e+03,8.32e+03,7.42e+03; 8.89e+03,8.87e+03,8.65e+03,7.66e+03; 9.20e+03,9.17e+03,8.97e+03,7.94e+03; 9.42e+03,9.40e+03,9.27e+03,8.41e+03; 9.80e+03,9.78e+03,9.59e+03,8.55e+03; 1.01e+04,1.01e+04,9.88e+03,8.86e+03; 1.04e+04,1.04e+04,1.02e+04,9.22e+03; 1.07e+04,1.07e+04,1.05e+04,9.55e+03; 1.10e+04,1.10e+04,1.08e+04,9.88e+03; 1.13e+04,1.13e+04,1.11e+04,1.02e+04; 1.16e+04,1.16e+04,1.14e+04,1.05e+04; 1.17e+04,1.17e+04,1.16e+04,1.12e+04; 1.21e+04,1.21e+04,1.20e+04,1.13e+04; 1.25e+04,1.25e+04,1.23e+04,1.14e+04; 1.28e+04,1.28e+04,1.26e+04,1.17e+04; 1.31e+04,1.31e+04,1.29e+04,1.19e+04; 1.34e+04,1.34e+04,1.32e+04,1.23e+04; 1.37e+04,1.37e+04,1.35e+04,1.26e+04; 1.40e+04,1.40e+04,1.39e+04,1.29e+04; 1.43e+04,1.43e+04,1.41e+04,1.32e+04; 1.46e+04,1.46e+04,1.44e+04,1.36e+04; 1.49e+04,1.49e+04,1.47e+04,1.39e+04; 1.52e+04,1.52e+04,1.50e+04,1.42e+04; 1.55e+04,1.55e+04,1.53e+04,1.46e+04; 1.58e+04,1.58e+04,1.56e+04,1.49e+04; 1.61e+04,1.61e+04,1.59e+04,1.51e+04; 1.64e+04,1.64e+04,1.62e+04,1.55e+04; 1.67e+04,1.67e+04,1.65e+04,1.58e+04; 1.69e+04,1.69e+04,1.68e+04,1.62e+04; 1.72e+04,1.72e+04,1.71e+04,1.66e+04; 1.75e+04,1.75e+04,1.74e+04,1.70e+04; 1.79e+04,1.79e+04,1.78e+04,1.70e+04; 1.81e+04,1.81e+04,1.80e+04,1.76e+04; 1.85e+04,1.84e+04,1.83e+04,1.78e+04; 1.88e+04,1.88e+04,1.87e+04,1.79e+04; 1.91e+04,1.91e+04,1.90e+04,1.82e+04; 1.94e+04,1.93e+04,1.92e+04,1.87e+04; 1.97e+04,1.97e+04,1.96e+04,1.90e+04","30,32,30,30,30,32,30,32,32,30,30,32,32,30,32,30,30,32,32,30,30,32,32,30,46,32,32,32,30,46,55,55,32,30,32,32,46,46,30,30,32,46,30,32,32,30,32,55,55,32,55,55,32,30,46,55,30,55,55,30,30,30,32,30"
811,47.33,39.52,"12.63,16.59,19.18,22.17,24.93,27.44,29.49,31.26,32.24,33.07,34.13,35.05,35.65,36.58,37.50,38.29,38.63,39.05,39.52,40.32,40.72,40.90,41.47,42.16,42.60,42.98,43.14,43.80,43.95,43.75,44.43,44.66,45.07,45.79,45.86,45.85,45.88,46.95,46.66,47.30,47.30,47.90,48.14,48.28,48.42,48.41,48.98,49.76,49.92,49.20,49.86,50.22,49.84,49.46,50.53,51.46,51.08,50.90,51.79,51.96,51.29,51.95,52.94,51.56","1.09e+02,1.09e+02,1.08e+02,1.03e+02","10,4,12,4","6.98e+02; 8.11e+02,5.85e+02; 1.06e+03,8.56e+02,1.79e+02; 1.09e+03,8.93e+02,8.04e+02; 1.22e+03,1.11e+03,9.77e+02,1.91e+02; 1.37e+03,1.31e+03,1.18e+03,3.27e+02; 1.49e+03,1.45e+03,1.21e+03,7.31e+02; 1.63e+03,1.61e+03,1.38e+03,9.67e+02; 1.77e+03,1.75e+03,1.56e+03,1.21e+03; 1.91e+03,1.90e+03,1.74e+03,1.43e+03; 2.10e+03,2.08e+03,1.93e+03,1.57e+03; 2.27e+03,2.25e+03,2.11e+03,1.74e+03; 2.44e+03,2.43e+03,2.28e+03,1.92e+03; 2.63e+03,2.62e+03,2.48e+03,2.05e+03; 2.77e+03,2.76e+03,2.63e+03,2.30e+03; 2.93e+03,2.92e+03,2.81e+03,2.50e+03; 3.11e+03,3.10e+03,2.98e+03,2.67e+03; 3.29e+03,3.28e+03,3.16e+03,2.83e+03; 3.46e+03,3.45e+03,3.34e+03,3.01e+03; 3.63e+03,3.62e+03,3.51e+03,3.21e+03; 3.83e+03,3.82e+03,3.70e+03,3.31e+03; 4.00e+03,3.99e+03,3.84e+03,3.52e+03; 4.14e+03,4.13e+03,4.02e+03,3.76e+03; 4.30e+03,4.30e+03,4.20e+03,3.95e+03; 4.48e+03,4.47e+03,4.38e+03,4.12e+03; 4.65e+03,4.65e+03,4.55e+03,4.29e+03; 4.83e+03,4.82e+03,4.72e+03,4.47e+03; 4.99e+03,4.99e+03,4.89e+03,4.67e+03; 5.19e+03,5.19e+03,5.08e+03,4.78e+03; 5.37e+03,5.36e+03,5.24e+03,4.97e+03; 5.52e+03,5.51e+03,5.42e+03,5.19e+03; 5.69e+03,5.68e+03,5.58e+03,5.38e+03; 5.86e+03,5.85e+03,5.76e+03,5.55e+03; 6.03e+03,6.03e+03,5.94e+03,5.74e+03; 6.21e+03,6.20e+03,6.11e+03,5.90e+03; 6.38e+03,6.38e+03,6.28e+03,6.08e+03; 6.58e+03,6.57e+03,6.45e+03,6.22e+03; 6.74e+03,6.73e+03,6.63e+03,6.42e+03; 6.90e+03,6.89e+03,6.81e+03,6.62e+03; 7.07e+03,7.06e+03,6.98e+03,6.80e+03; 7.24e+03,7.24e+03,7.16e+03,6.98e+03; 7.42e+03,7.41e+03,7.33e+03,7.15e+03; 7.59e+03,7.58e+03,7.51e+03,7.34e+03; 7.76e+03,7.75e+03,7.68e+03,7.52e+03; 8.01e+03,8.01e+03,7.75e+03,7.63e+03; 8.11e+03,8.11e+03,8.03e+03,7.85e+03; 8.28e+03,8.27e+03,8.20e+03,8.04e+03; 8.45e+03,8.45e+03,8.38e+03,8.22e+03; 8.62e+03,8.62e+03,8.55e+03,8.40e+03; 8.80e+03,8.80e+03,8.73e+03,8.56e+03; 8.97e+03,8.97e+03,8.90e+03,8.75e+03; 9.15e+03,9.14e+03,9.08e+03,8.92e+03; 9.32e+03,9.32e+03,9.25e+03,9.10e+03; 9.49e+03,9.49e+03,9.43e+03,9.27e+03; 9.67e+03,9.66e+03,9.60e+03,9.45e+03; 9.84e+03,9.84e+03,9.77e+03,9.63e+03; 1.00e+04,1.00e+04,9.95e+03,9.80e+03; 1.02e+04,1.02e+04,1.01e+04,9.98e+03; 1.04e+04,1.04e+04,1.03e+04,1.01e+04; 1.05e+04,1.05e+04,1.05e+04,1.03e+04; 1.08e+04,1.08e+04,1.05e+04,1.05e+04; 1.09e+04,1.09e+04,1.08e+04,1.07e+04; 1.11e+04,1.11e+04,1.10e+04,1.09e+04; 1.12e+04,1.12e+04,1.12e+04,1.10e+04","38,38,38,38,38,38,38,38,38,38,38,38,38,38,38,38,22,55,38,38,38,22,38,38,38,22,38,22,22,55,22,38,38,38,22,38,38,7,22,38,38,38,38,22,7,38,38,55,7,7,38,22,22,38,55,7,55,38,7,22,38,22,22,22"
812,56.86,42.57,"15.73,18.99,22.09,24.68,26.96,28.98,31.43,33.65,34.88,35.85,36.65,37.44,38.13,39.02,39.93,40.70,41.53,42.14,42.42,43.09,43.42,44.28,45.05,45.22,45.67,45.89,46.73,46.94,47.67,47.48,47.42,48.95,50.11,49.26,49.48,49.65,51.01,51.04,50.43,50.86,52.60,51.97,51.85,52.77,53.02,52.10,53.60,52.79,55.12,53.99,52.50,54.58,55.98,56.02,57.38,56.89,58.81,59.61,60.11,59.30,60.86,60.08,60.72,61.11","1.74e+02,1.74e+02,1.73e+02,1.72e+02","10,0,8,10","1.36e+03; 1.60e+03,1.12e+03; 1.93e+03,1.74e+03,4.16e+02; 2.36e+03,2.28e+03,8.07e+02; 2.70e+03,2.65e+03,1.46e+03; 2.68e+03,2.65e+03,1.51e+03,1.34e+03; 2.86e+03,2.84e+03,2.34e+03,1.50e+03; 3.12e+03,3.10e+03,2.83e+03,1.85e+03; 3.46e+03,3.44e+03,3.19e+03,2.17e+03; 3.69e+03,3.68e+03,3.43e+03,2.83e+03; 4.04e+03,4.03e+03,3.78e+03,3.14e+03; 4.39e+03,4.38e+03,4.17e+03,3.41e+03; 4.73e+03,4.72e+03,4.49e+03,3.77e+03; 5.06e+03,5.05e+03,4.83e+03,4.14e+03; 5.40e+03,5.39e+03,5.19e+03,4.47e+03; 5.72e+03,5.71e+03,5.56e+03,4.82e+03; 6.06e+03,6.05e+03,5.91e+03,5.14e+03; 6.40e+03,6.39e+03,6.26e+03,5.47e+03; 6.70e+03,6.69e+03,6.56e+03,5.93e+03; 7.07e+03,7.06e+03,6.92e+03,6.21e+03; 7.41e+03,7.40e+03,7.27e+03,6.54e+03; 7.72e+03,7.71e+03,7.58e+03,6.96e+03; 8.06e+03,8.05e+03,7.92e+03,7.30e+03; 8.40e+03,8.39e+03,8.29e+03,7.63e+03; 8.74e+03,8.73e+03,8.63e+03,7.96e+03; 9.08e+03,9.07e+03,8.98e+03,8.30e+03; 9.42e+03,9.41e+03,9.32e+03,8.64e+03; 9.91e+03,9.90e+03,9.81e+03,8.54e+03; 1.01e+04,1.01e+04,9.98e+03,9.38e+03; 1.04e+04,1.04e+04,1.03e+04,9.74e+03; 1.07e+04,1.07e+04,1.07e+04,1.01e+04; 1.11e+04,1.11e+04,1.10e+04,1.04e+04; 1.14e+04,1.14e+04,1.14e+04,1.08e+04; 1.18e+04,1.18e+04,1.17e+04,1.11e+04; 1.21e+04,1.21e+04,1.20e+04,1.15e+04; 1.24e+04,1.24e+04,1.24e+04,1.18e+04; 1.28e+04,1.28e+04,1.27e+04,1.21e+04; 1.31e+04,1.31e+04,1.31e+04,1.25e+04; 1.35e+04,1.34e+04,1.34e+04,1.29e+04; 1.38e+04,1.38e+04,1.37e+04,1.32e+04; 1.41e+04,1.41e+04,1.41e+04,1.35e+04; 1.45e+04,1.45e+04,1.45e+04,1.37e+04; 1.48e+04,1.48e+04,1.48e+04,1.42e+04; 1.52e+04,1.51e+04,1.51e+04,1.46e+04; 1.55e+04,1.55e+04,1.55e+04,1.48e+04; 1.58e+04,1.58e+04,1.58e+04,1.53e+04; 1.62e+04,1.62e+04,1.61e+04,1.56e+04; 1.65e+04,1.65e+04,1.64e+04,1.60e+04; 1.68e+04,1.68e+04,1.68e+04,1.63e+04; 1.72e+04,1.72e+04,1.71e+04,1.66e+04; 1.75e+04,1.75e+04,1.75e+04,1.70e+04; 1.79e+04,1.79e+04,1.78e+04,1.73e+04; 1.83e+04,1.83e+04,1.82e+04,1.74e+04; 1.85e+04,1.85e+04,1.85e+04,1.81e+04; 1.89e+04,1.89e+04,1.88e+04,1.84e+04; 1.92e+04,1.92e+04,1.92e+04,1.87e+04; 1.96e+04,1.95e+04,1.95e+04,1.91e+04; 1.99e+04,1.99e+04,1.98e+04,1.94e+04; 2.02e+04,2.02e+04,2.02e+04,1.98e+04; 2.06e+04,2.06e+04,2.05e+04,2.01e+04; 2.09e+04,2.09e+04,2.09e+04,2.04e+04; 2.12e+04,2.12e+04,2.12e+04,2.08e+04; 2.16e+04,2.16e+04,2.15e+04,2.11e+04; 2.19e+04,2.19e+04,2.19e+04,2.15e+04","30,30,30,30,30,30,30,30,30,46,30,30,46,30,30,30,30,46,30,14,46,30,62,30,62,30,46,30,46,30,30,30,14,30,30,14,62,30,46,14,30,30,14,46,14,14,30,46,62,46,30,46,30,62,14,62,46,62,14,62,62,62,46,30"
813,45.05,37.04,"14.81,17.80,20.57,22.56,24.07,25.39,26.24,27.82,28.99,29.48,29.83,31.15,31.78,33.09,34.27,35.27,35.78,36.55,37.03,37.20,37.95,38.54,39.26,39.83,40.45,40.72,41.20,41.00,41.57,42.09,42.25,43.03,43.46,43.34,43.47,44.32,44.43,44.74,45.47,44.71,45.31,46.71,45.45,46.31,47.24,47.01,47.69,48.29,48.27,48.49,47.65,47.77,48.30,49.65,48.60,48.02,50.93,49.22,50.20,51.18,50.16,49.28,51.87,49.83","1.64e+02,1.64e+02,1.62e+02,1.38e+02","10,4,12,4","1.07e+03; 1.20e+03,9.31e+02; 1.60e+03,1.31e+03,2.89e+02; 1.80e+03,1.49e+03,9.72e+02; 2.12e+03,1.79e+03,1.42e+03; 2.39e+03,1.88e+03,1.60e+03,5.25e+02; 2.42e+03,2.12e+03,1.72e+03,1.21e+03; 2.50e+03,2.24e+03,2.10e+03,1.69e+03; 2.83e+03,2.48e+03,2.42e+03,1.86e+03; 3.06e+03,2.77e+03,2.64e+03,2.19e+03; 3.32e+03,3.06e+03,2.99e+03,2.35e+03; 3.70e+03,3.35e+03,3.32e+03,2.42e+03; 4.04e+03,3.71e+03,3.66e+03,2.44e+03; 4.12e+03,3.92e+03,3.80e+03,3.08e+03; 4.32e+03,4.12e+03,4.08e+03,3.46e+03; 4.55e+03,4.39e+03,4.35e+03,3.76e+03; 4.82e+03,4.67e+03,4.61e+03,4.02e+03; 5.06e+03,4.93e+03,4.87e+03,4.31e+03; 5.33e+03,5.19e+03,5.17e+03,4.57e+03; 5.60e+03,5.47e+03,5.46e+03,4.78e+03; 5.87e+03,5.74e+03,5.72e+03,5.05e+03; 6.12e+03,6.00e+03,5.99e+03,5.34e+03; 6.37e+03,6.26e+03,6.23e+03,5.65e+03; 6.62e+03,6.53e+03,6.49e+03,5.93e+03; 6.89e+03,6.81e+03,6.76e+03,6.19e+03; 7.15e+03,7.07e+03,7.02e+03,6.46e+03; 7.42e+03,7.35e+03,7.29e+03,6.71e+03; 7.69e+03,7.61e+03,7.56e+03,6.97e+03; 8.08e+03,8.00e+03,7.86e+03,6.96e+03; 8.21e+03,8.14e+03,8.08e+03,7.54e+03; 8.47e+03,8.40e+03,8.34e+03,7.83e+03; 8.73e+03,8.67e+03,8.61e+03,8.09e+03; 8.99e+03,8.94e+03,8.87e+03,8.36e+03; 9.27e+03,9.22e+03,9.15e+03,8.60e+03; 9.55e+03,9.49e+03,9.41e+03,8.84e+03; 9.79e+03,9.74e+03,9.68e+03,9.15e+03; 1.01e+04,1.00e+04,9.97e+03,9.33e+03; 1.03e+04,1.03e+04,1.02e+04,9.72e+03; 1.06e+04,1.05e+04,1.05e+04,9.99e+03; 1.08e+04,1.08e+04,1.07e+04,1.03e+04; 1.11e+04,1.11e+04,1.10e+04,1.05e+04; 1.14e+04,1.13e+04,1.13e+04,1.08e+04; 1.16e+04,1.16e+04,1.15e+04,1.11e+04; 1.19e+04,1.19e+04,1.18e+04,1.13e+04; 1.22e+04,1.21e+04,1.21e+04,1.16e+04; 1.24e+04,1.24e+04,1.23e+04,1.19e+04; 1.27e+04,1.26e+04,1.26e+04,1.22e+04; 1.29e+04,1.29e+04,1.28e+04,1.25e+04; 1.32e+04,1.32e+04,1.31e+04,1.27e+04; 1.35e+04,1.34e+04,1.34e+04,1.30e+04; 1.38e+04,1.37e+04,1.37e+04,1.32e+04; 1.40e+04,1.40e+04,1.39e+04,1.35e+04; 1.43e+04,1.42e+04,1.42e+04,1.38e+04; 1.46e+04,1.45e+04,1.44e+04,1.40e+04; 1.48e+04,1.48e+04,1.47e+04,1.43e+04; 1.51e+04,1.50e+04,1.50e+04,1.46e+04; 1.53e+04,1.53e+04,1.52e+04,1.49e+04; 1.56e+04,1.56e+04,1.55e+04,1.52e+04; 1.59e+04,1.58e+04,1.58e+04,1.54e+04; 1.62e+04,1.61e+04,1.61e+04,1.56e+04; 1.64e+04,1.64e+04,1.63e+04,1.60e+04; 1.67e+04,1.67e+04,1.66e+04,1.61e+04; 1.69e+04,1.69e+04,1.68e+04,1.65e+04; 1.72e+04,1.71e+04,1.71e+04,1.68e+04","30,24,30,30,30,24,30,24,30,28,30,24,24,30,30,30,30,30,24,24,24,30,30,30,30,30,14,14,30,30,30,30,28,14,30,24,30,30,30,30,30,14,24,30,30,30,28,30,30,14,30,28,24,28,30,28,30,28,30,14,24,24,30,24"
814,27.94,25.56,"5.65,8.27,10.50,12.40,13.97,15.35,16.47,17.44,18.61,19.46,20.24,20.88,21.43,22.00,22.59,23.15,23.78,24.34,24.76,25.16,25.55,25.95,26.35,26.77,27.19,27.54,27.84,28.15,28.44,28.73,29.04,29.34,29.66,29.93,30.17,30.41,30.65,30.88,31.13,31.39,31.63,31.85,32.05,32.25,32.45,32.65,32.86,33.08,33.30,33.48,33.65,33.83,34.00,34.17,34.35,34.54,34.72,34.89,35.04,35.19,35.34,35.51,35.67,35.85","2.95e-01,2.95e-01,2.75e-01,2.23e-01","0,14,0,0","1.35e+00; 1.53e+00,1.17e+00; 1.94e+00,1.53e+00,5.87e-01; 2.28e+00,1.87e+00,1.26e+00; 2.71e+00,2.38e+00,1.67e+00; 3.10e+00,2.73e+00,2.28e+00; 3.54e+00,3.17e+00,2.75e+00; 3.97e+00,3.56e+00,3.29e+00; 4.38e+00,4.12e+00,3.67e+00; 4.81e+00,4.54e+00,4.16e+00; 5.25e+00,5.00e+00,4.61e+00; 5.70e+00,5.45e+00,5.07e+00; 6.27e+00,5.81e+00,5.50e+00; 6.76e+00,6.26e+00,5.90e+00; 7.24e+00,6.69e+00,6.34e+00; 7.71e+00,7.14e+00,6.77e+00; 8.13e+00,7.55e+00,7.29e+00; 7.80e+00,7.44e+00,7.11e+00,1.98e+00; 8.21e+00,7.85e+00,7.44e+00,2.18e+00; 8.63e+00,8.24e+00,7.85e+00,2.32e+00; 9.04e+00,8.57e+00,8.24e+00,2.53e+00; 9.45e+00,8.94e+00,8.56e+00,2.78e+00; 9.86e+00,9.33e+00,8.91e+00,2.98e+00; 1.02e+01,9.64e+00,9.20e+00,3.41e+00; 1.06e+01,1.00e+01,9.62e+00,3.54e+00; 1.10e+01,1.04e+01,1.00e+01,3.70e+00; 1.14e+01,1.09e+01,1.03e+01,3.86e+00; 1.18e+01,1.12e+01,1.08e+01,4.06e+00; 1.22e+01,1.15e+01,1.12e+01,4.28e+00; 1.27e+01,1.19e+01,1.15e+01,4.46e+00; 1.34e+01,1.25e+01,1.21e+01,3.87e+00; 1.38e+01,1.29e+01,1.24e+01,4.18e+00; 1.41e+01,1.32e+01,1.28e+01,4.48e+00; 1.45e+01,1.36e+01,1.32e+01,4.75e+00; 1.48e+01,1.40e+01,1.34e+01,5.07e+00; 1.53e+01,1.43e+01,1.39e+01,5.11e+00; 1.57e+01,1.46e+01,1.43e+01,5.36e+00; 1.61e+01,1.50e+01,1.46e+01,5.73e+00; 1.59e+01,1.50e+01,1.46e+01,7.12e+00; 1.63e+01,1.54e+01,1.50e+01,7.38e+00; 1.67e+01,1.58e+01,1.54e+01,7.59e+00; 1.71e+01,1.61e+01,1.57e+01,7.83e+00; 1.75e+01,1.65e+01,1.60e+01,8.07e+00; 1.79e+01,1.69e+01,1.65e+01,8.28e+00; 1.83e+01,1.71e+01,1.69e+01,8.54e+00; 1.87e+01,1.75e+01,1.72e+01,8.84e+00; 1.90e+01,1.78e+01,1.75e+01,9.12e+00; 1.94e+01,1.82e+01,1.79e+01,9.42e+00; 1.98e+01,1.85e+01,1.82e+01,9.70e+00; 2.01e+01,1.89e+01,1.86e+01,9.96e+00; 2.05e+01,1.93e+01,1.89e+01,1.03e+01; 2.09e+01,1.96e+01,1.93e+01,1.05e+01; 2.13e+01,1.98e+01,1.97e+01,1.08e+01; 2.17e+01,2.02e+01,2.00e+01,1.11e+01; 2.20e+01,2.05e+01,2.03e+01,1.14e+01; 2.24e+01,2.09e+01,2.07e+01,1.17e+01; 2.27e+01,2.12e+01,2.10e+01,1.20e+01; 2.31e+01,2.16e+01,2.14e+01,1.23e+01; 2.35e+01,2.20e+01,2.17e+01,1.26e+01; 2.38e+01,2.22e+01,2.21e+01,1.29e+01; 2.42e+01,2.25e+01,2.24e+01,1.33e+01; 2.46e+01,2.28e+01,2.27e+01,1.37e+01; 2.49e+01,2.31e+01,2.31e+01,1.40e+01; 2.52e+01,2.34e+01,2.34e+01,1.44e+01","33,51,33,33,33,33,33,33,51,33,51,51,51,33,33,33,33,33,33,35,51,33,33,33,33,33,33,51,51,33,33,33,33,33,33,51,51,33,33,33,33,33,33,51,51,33,33,33,33,33,33,51,51,33,33,33,33,33,33,51,51,33,33,33"
815,34.84,30.19,"6.06,8.85,11.28,13.06,14.74,16.14,17.46,18.84,20.18,21.12,22.03,22.82,23.56,24.30,24.99,25.63,26.33,26.93,27.49,27.97,28.41,28.87,29.31,29.75,30.24,30.70,31.08,31.43,31.76,32.09,32.42,32.76,33.14,33.48,33.77,34.04,34.31,34.57,34.83,35.10,35.39,35.66,35.89,36.12,36.34,36.56,36.78,36.99,37.24,37.46,37.65,37.85,38.03,38.22,38.41,38.58,38.79,38.97,39.14,39.31,39.47,39.63,39.79,39.92","2.79e-01,2.78e-01,2.77e-01,2.61e-01","5,5,13,5","1.76e+00; 1.96e+00,1.55e+00; 2.23e+00,1.81e+00,1.22e+00; 2.79e+00,2.34e+00,1.89e+00; 2.87e+00,2.37e+00,1.94e+00,1.61e+00; 3.30e+00,2.83e+00,2.72e+00,1.69e+00; 3.60e+00,3.14e+00,3.04e+00,2.52e+00; 3.94e+00,3.51e+00,3.44e+00,3.15e+00; 4.34e+00,4.11e+00,3.82e+00,3.53e+00; 4.83e+00,4.55e+00,4.22e+00,3.96e+00; 5.25e+00,5.00e+00,4.71e+00,4.35e+00; 5.68e+00,5.43e+00,5.23e+00,4.73e+00; 6.16e+00,5.88e+00,5.70e+00,5.09e+00; 6.61e+00,6.29e+00,6.11e+00,5.57e+00; 7.05e+00,6.71e+00,6.52e+00,6.06e+00; 7.48e+00,7.14e+00,6.96e+00,6.52e+00; 7.91e+00,7.63e+00,7.39e+00,6.92e+00; 8.34e+00,8.05e+00,7.78e+00,7.44e+00; 8.76e+00,8.48e+00,8.27e+00,7.85e+00; 9.20e+00,8.93e+00,8.74e+00,8.25e+00; 9.67e+00,9.38e+00,9.20e+00,8.63e+00; 1.01e+01,9.82e+00,9.64e+00,9.04e+00; 1.06e+01,1.03e+01,1.01e+01,9.48e+00; 1.10e+01,1.07e+01,1.05e+01,9.93e+00; 1.15e+01,1.11e+01,1.10e+01,1.03e+01; 1.19e+01,1.16e+01,1.14e+01,1.09e+01; 1.23e+01,1.20e+01,1.18e+01,1.13e+01; 1.27e+01,1.24e+01,1.23e+01,1.17e+01; 1.32e+01,1.29e+01,1.27e+01,1.21e+01; 1.37e+01,1.33e+01,1.32e+01,1.25e+01; 1.41e+01,1.38e+01,1.36e+01,1.29e+01; 1.45e+01,1.42e+01,1.41e+01,1.34e+01; 1.50e+01,1.46e+01,1.45e+01,1.39e+01; 1.54e+01,1.50e+01,1.49e+01,1.44e+01; 1.58e+01,1.54e+01,1.54e+01,1.48e+01; 1.63e+01,1.59e+01,1.59e+01,1.52e+01; 1.67e+01,1.63e+01,1.63e+01,1.56e+01; 1.72e+01,1.68e+01,1.68e+01,1.61e+01; 1.76e+01,1.72e+01,1.72e+01,1.65e+01; 1.80e+01,1.76e+01,1.76e+01,1.69e+01; 1.85e+01,1.81e+01,1.80e+01,1.74e+01; 1.89e+01,1.85e+01,1.85e+01,1.79e+01; 1.93e+01,1.89e+01,1.89e+01,1.83e+01; 1.98e+01,1.94e+01,1.93e+01,1.88e+01; 2.02e+01,1.98e+01,1.98e+01,1.92e+01; 2.06e+01,2.03e+01,2.02e+01,1.96e+01; 2.11e+01,2.07e+01,2.07e+01,2.00e+01; 2.15e+01,2.12e+01,2.11e+01,2.05e+01; 2.20e+01,2.16e+01,2.15e+01,2.10e+01; 2.24e+01,2.20e+01,2.20e+01,2.14e+01; 2.28e+01,2.25e+01,2.24e+01,2.19e+01; 2.33e+01,2.29e+01,2.29e+01,2.23e+01; 2.37e+01,2.33e+01,2.33e+01,2.27e+01; 2.41e+01,2.38e+01,2.38e+01,2.31e+01; 2.46e+01,2.42e+01,2.42e+01,2.36e+01; 2.50e+01,2.46e+01,2.46e+01,2.40e+01; 2.55e+01,2.51e+01,2.51e+01,2.45e+01; 2.59e+01,2.55e+01,2.55e+01,2.50e+01; 2.63e+01,2.59e+01,2.59e+01,2.54e+01; 2.68e+01,2.64e+01,2.64e+01,2.58e+01; 2.72e+01,2.69e+01,2.68e+01,2.62e+01; 2.76e+01,2.73e+01,2.73e+01,2.67e+01; 2.81e+01,2.77e+01,2.77e+01,2.71e+01; 2.85e+01,2.82e+01,2.81e+01,2.76e+01","33,51,33,33,1,1,33,33,51,33,51,1,33,33,33,33,51,33,1,1,33,33,33,33,51,33,1,1,33,33,33,33,33,33,1,1,33,33,33,33,33,33,1,1,1,33,33,33,33,33,1,1,1,33,33,33,33,33,1,1,1,33,33,33"
