ue,C_AE,C_UE,C_BS_hist,lambda_UE,ue_beams,lambda_BS_per_layer,bs_beams
816,35.45,29.27,"5.32,9.21,11.19,12.98,14.57,15.90,17.07,18.16,19.28,20.16,20.85,21.57,22.65,23.35,23.99,24.70,25.41,25.95,26.48,27.01,27.48,27.96,28.44,28.90,29.41,29.81,30.21,30.60,30.96,31.32,31.69,32.05,32.44,32.76,33.06,33.34,33.60,33.88,34.18,34.48,34.79,35.05,35.30,35.53,35.77,36.02,36.27,36.52,36.77,36.99,37.19,37.39,37.60,37.82,38.03,38.24,38.45,38.63,38.81,38.99,39.17,39.36,39.55,39.73","2.03e-01,2.03e-01,1.89e-01,1.82e-01","0,2,0,0","1.52e+00; 1.54e+00,1.50e+00; 2.28e+00,2.28e+00; 2.59e+00,2.59e+00,9.06e-01; 3.00e+00,2.94e+00,1.66e+00; 3.45e+00,3.33e+00,2.33e+00; 3.92e+00,3.74e+00,2.98e+00; 4.06e+00,3.84e+00,2.85e+00,1.41e+00; 4.43e+00,4.17e+00,3.58e+00,1.49e+00; 4.82e+00,4.62e+00,3.88e+00,1.88e+00; 5.25e+00,5.09e+00,4.26e+00,2.11e+00; 5.42e+00,5.37e+00,4.32e+00,3.12e+00; 5.59e+00,5.54e+00,4.31e+00,4.31e+00; 6.00e+00,5.90e+00,4.72e+00,4.64e+00; 6.34e+00,6.23e+00,5.24e+00,4.98e+00; 6.69e+00,6.64e+00,5.72e+00,5.25e+00; 7.05e+00,6.96e+00,6.00e+00,5.82e+00; 7.40e+00,7.31e+00,6.51e+00,6.12e+00; 7.78e+00,7.72e+00,6.93e+00,6.44e+00; 8.14e+00,8.07e+00,7.45e+00,6.72e+00; 8.56e+00,8.44e+00,7.81e+00,7.09e+00; 8.96e+00,8.80e+00,8.15e+00,7.51e+00; 9.35e+00,9.16e+00,8.49e+00,7.96e+00; 9.71e+00,9.57e+00,8.90e+00,8.28e+00; 1.01e+01,9.90e+00,9.20e+00,8.81e+00; 1.05e+01,1.03e+01,9.58e+00,9.15e+00; 1.08e+01,1.07e+01,1.01e+01,9.46e+00; 1.12e+01,1.10e+01,1.06e+01,9.77e+00; 1.16e+01,1.14e+01,1.10e+01,1.01e+01; 1.20e+01,1.18e+01,1.14e+01,1.05e+01; 1.23e+01,1.21e+01,1.17e+01,1.09e+01; 1.27e+01,1.25e+01,1.21e+01,1.14e+01; 1.31e+01,1.28e+01,1.24e+01,1.19e+01; 1.35e+01,1.32e+01,1.28e+01,1.22e+01; 1.38e+01,1.36e+01,1.32e+01,1.26e+01; 1.42e+01,1.40e+01,1.36e+01,1.29e+01; 1.46e+01,1.44e+01,1.40e+01,1.33e+01; 1.50e+01,1.48e+01,1.44e+01,1.36e+01; 1.54e+01,1.52e+01,1.47e+01,1.40e+01; 1.57e+01,1.55e+01,1.51e+01,1.45e+01; 1.61e+01,1.59e+01,1.54e+01,1.49e+01; 1.65e+01,1.62e+01,1.57e+01,1.53e+01; 1.69e+01,1.66e+01,1.61e+01,1.57e+01; 1.72e+01,1.70e+01,1.66e+01,1.61e+01; 1.76e+01,1.74e+01,1.69e+01,1.64e+01; 1.80e+01,1.78e+01,1.73e+01,1.68e+01; 1.84e+01,1.82e+01,1.77e+01,1.72e+01; 1.88e+01,1.85e+01,1.80e+01,1.76e+01; 1.91e+01,1.89e+01,1.84e+01,1.80e+01; 1.95e+01,1.93e+01,1.88e+01,1.84e+01; 1.99e+01,1.97e+01,1.92e+01,1.88e+01; 2.02e+01,2.00e+01,1.96e+01,1.91e+01; 2.06e+01,2.04e+01,2.00e+01,1.95e+01; 2.10e+01,2.08e+01,2.04e+01,1.98e+01; 2.14e+01,2.12e+01,2.08e+01,2.02e+01; 2.18e+01,2.15e+01,2.11e+01,2.06e+01; 2.21e+01,2.19e+01,2.15e+01,2.11e+01; 2.25e+01,2.23e+01,2.19e+01,2.14e+01; 2.29e+01,2.27e+01,2.23e+01,2.18e+01; 2.33e+01,2.30e+01,2.27e+01,2.22e+01; 2.36e+01,2.34e+01,2.31e+01,2.25e+01; 2.40e+01,2.38e+01,2.35e+01,2.29e+01; 2.44e+01,2.42e+01,2.39e+01,2.33e+01; 2.48e+01,2.45e+01,2.42e+01,2.37e+01","40,59,59,40,40,40,40,59,40,59,59,57,57,40,57,59,40,57,59,57,40,40,40,59,40,59,57,57,57,40,40,40,40,59,59,57,59,59,40,40,40,40,59,57,59,59,40,40,40,59,57,57,59,59,40,40,40,59,57,57,57,59,40,40"
817,29.22,25.02,"6.67,8.57,10.24,11.63,12.82,13.82,14.67,15.50,16.23,16.81,17.35,17.87,18.31,18.85,19.28,19.83,20.16,20.62,21.30,21.77,22.20,22.60,22.98,23.37,23.80,24.20,24.53,24.82,25.10,25.36,25.63,25.92,26.24,26.58,26.83,27.07,27.30,27.52,27.73,27.97,28.20,28.40,28.61,28.81,29.02,29.21,29.40,29.60,29.85,30.03,30.18,30.36,30.54,30.71,30.84,31.01,31.28,31.48,31.58,31.73,31.91,32.06,32.15,32.27","3.39e-01,3.29e-01,3.12e-01,3.07e-01","4,4,4,4","2.11e+00; 3.28e+00,9.52e-01; 4.48e+00,1.86e+00; 5.31e+00,3.14e+00; 6.20e+00,4.37e+00; 7.11e+00,5.57e+00; 7.89e+00,6.36e+00,5.45e-01; 7.95e+00,6.35e+00,2.35e+00,2.64e-01; 8.66e+00,7.03e+00,3.13e+00,2.01e-01; 9.36e+00,7.77e+00,3.35e+00,6.62e-01; 9.79e+00,8.10e+00,3.42e+00,1.94e+00; 1.02e+01,8.39e+00,3.65e+00,3.08e+00; 1.10e+01,8.95e+00,4.25e+00,3.28e+00; 1.15e+01,9.48e+00,4.34e+00,4.29e+00; 1.22e+01,1.03e+01,4.65e+00,4.60e+00; 1.26e+01,1.06e+01,5.42e+00,5.19e+00; 1.32e+01,1.11e+01,6.07e+00,5.64e+00; 1.29e+01,1.17e+01,8.07e+00,5.34e+00; 1.38e+01,1.16e+01,9.29e+00,5.52e+00; 1.42e+01,1.20e+01,1.04e+01,5.70e+00; 1.48e+01,1.24e+01,1.10e+01,6.26e+00; 1.53e+01,1.28e+01,1.19e+01,6.48e+00; 1.59e+01,1.35e+01,1.25e+01,6.76e+00; 1.64e+01,1.40e+01,1.30e+01,7.28e+00; 1.69e+01,1.44e+01,1.40e+01,7.57e+00; 1.75e+01,1.48e+01,1.48e+01,7.88e+00; 1.80e+01,1.56e+01,1.53e+01,8.14e+00; 1.86e+01,1.61e+01,1.58e+01,8.73e+00; 1.92e+01,1.68e+01,1.63e+01,9.06e+00; 1.98e+01,1.74e+01,1.68e+01,9.43e+00; 2.04e+01,1.79e+01,1.75e+01,9.71e+00; 2.09e+01,1.84e+01,1.81e+01,1.03e+01; 2.14e+01,1.87e+01,1.85e+01,1.12e+01; 2.19e+01,1.95e+01,1.89e+01,1.15e+01; 2.25e+01,2.02e+01,1.95e+01,1.19e+01; 2.30e+01,2.09e+01,2.00e+01,1.22e+01; 2.36e+01,2.16e+01,2.05e+01,1.26e+01; 2.42e+01,2.22e+01,2.10e+01,1.30e+01; 2.48e+01,2.28e+01,2.16e+01,1.33e+01; 2.53e+01,2.32e+01,2.21e+01,1.40e+01; 2.58e+01,2.38e+01,2.26e+01,1.44e+01; 2.64e+01,2.44e+01,2.31e+01,1.49e+01; 2.69e+01,2.51e+01,2.37e+01,1.52e+01; 2.75e+01,2.58e+01,2.42e+01,1.56e+01; 2.81e+01,2.63e+01,2.46e+01,1.62e+01; 2.86e+01,2.69e+01,2.51e+01,1.66e+01; 2.92e+01,2.76e+01,2.56e+01,1.69e+01; 2.97e+01,2.82e+01,2.62e+01,1.73e+01; 3.02e+01,2.87e+01,2.66e+01,1.81e+01; 3.08e+01,2.94e+01,2.71e+01,1.85e+01; 3.13e+01,3.00e+01,2.76e+01,1.89e+01; 3.19e+01,3.05e+01,2.82e+01,1.94e+01; 3.24e+01,3.11e+01,2.87e+01,1.99e+01; 3.30e+01,3.17e+01,2.92e+01,2.03e+01; 3.36e+01,3.23e+01,2.97e+01,2.07e+01; 3.41e+01,3.28e+01,3.02e+01,2.12e+01; 3.45e+01,3.31e+01,3.06e+01,2.23e+01; 3.50e+01,3.36e+01,3.12e+01,2.28e+01; 3.55e+01,3.41e+01,3.17e+01,2.33e+01; 3.61e+01,3.48e+01,3.23e+01,2.37e+01; 3.66e+01,3.55e+01,3.28e+01,2.41e+01; 3.72e+01,3.61e+01,3.33e+01,2.45e+01; 3.78e+01,3.67e+01,3.38e+01,2.49e+01; 3.83e+01,3.71e+01,3.44e+01,2.55e+01","57,57,57,57,57,57,57,57,57,57,57,57,57,57,57,57,59,59,59,59,57,59,57,57,59,59,59,57,59,57,57,57,57,59,59,59,59,59,57,57,59,59,59,59,57,59,59,59,57,59,59,57,59,59,59,63,57,57,59,59,59,59,61,63"
818,13.58,12.10,"1.70,3.05,3.99,4.70,5.27,6.06,6.72,7.30,7.80,8.24,8.70,9.17,9.59,9.97,10.32,10.64,10.95,11.22,11.52,11.80,12.09,12.37,12.63,12.84,13.07,13.30,13.54,13.81,14.04,14.25,14.46,14.66,14.88,15.12,15.34,15.52,15.70,15.87,16.06,16.23,16.46,16.63,16.79,16.94,17.07,17.24,17.40,17.58,17.75,17.90,18.06,18.23,18.39,18.53,18.66,18.76,18.89,19.05,19.19,19.31,19.42,19.53,19.64,19.71","1.41e-02,1.36e-02,6.97e-03,6.40e-03","1,3,1,1","5.11e-02; 1.02e-01; 1.53e-01; 2.04e-01; 1.81e-01,7.40e-02; 1.88e-01,1.18e-01; 2.04e-01,1.53e-01; 2.33e-01,1.76e-01; 2.61e-01,1.99e-01; 2.89e-01,2.22e-01; 3.10e-01,2.52e-01; 3.30e-01,2.83e-01; 3.51e-01,3.13e-01; 3.73e-01,3.41e-01; 4.01e-01,3.65e-01; 4.18e-01,3.83e-01,1.60e-02; 4.38e-01,4.01e-01,2.90e-02; 4.56e-01,4.24e-01,3.92e-02; 4.74e-01,4.48e-01,4.83e-02; 4.92e-01,4.71e-01,5.81e-02; 4.96e-01,4.76e-01,1.01e-01; 5.08e-01,4.87e-01,1.29e-01; 5.22e-01,5.00e-01,1.52e-01; 5.30e-01,5.09e-01,1.67e-01,1.94e-02; 5.55e-01,5.12e-01,1.79e-01,3.08e-02; 5.49e-01,5.17e-01,1.79e-01,8.25e-02; 5.56e-01,5.26e-01,1.91e-01,1.06e-01; 5.63e-01,5.32e-01,2.28e-01,1.07e-01; 6.04e-01,5.57e-01,2.74e-01,4.63e-02; 6.21e-01,5.74e-01,2.85e-01,5.15e-02; 6.32e-01,5.82e-01,2.86e-01,8.34e-02; 6.30e-01,5.76e-01,2.56e-01,1.72e-01; 6.39e-01,5.88e-01,2.95e-01,1.63e-01; 6.42e-01,5.96e-01,3.29e-01,1.69e-01; 6.52e-01,6.05e-01,3.51e-01,1.78e-01; 6.67e-01,6.25e-01,3.64e-01,1.82e-01; 6.83e-01,6.45e-01,3.76e-01,1.85e-01; 7.01e-01,6.64e-01,3.89e-01,1.87e-01; 7.10e-01,6.75e-01,4.12e-01,1.94e-01; 7.52e-01,7.02e-01,4.51e-01,1.37e-01; 7.64e-01,7.11e-01,4.85e-01,1.34e-01; 7.47e-01,7.07e-01,4.70e-01,2.21e-01; 7.63e-01,7.24e-01,4.81e-01,2.28e-01; 7.78e-01,7.42e-01,4.95e-01,2.32e-01; 7.41e-01,7.34e-01,4.59e-01,3.64e-01; 7.56e-01,7.50e-01,4.82e-01,3.61e-01; 7.63e-01,7.56e-01,4.83e-01,3.98e-01; 7.80e-01,7.66e-01,4.94e-01,4.11e-01; 8.47e-01,7.80e-01,4.58e-01,4.17e-01; 8.55e-01,7.94e-01,5.19e-01,3.84e-01; 8.71e-01,8.03e-01,4.80e-01,4.50e-01; 8.83e-01,8.13e-01,5.26e-01,4.33e-01; 8.95e-01,8.30e-01,5.99e-01,3.82e-01; 9.09e-01,8.40e-01,5.69e-01,4.39e-01; 9.24e-01,8.53e-01,5.88e-01,4.43e-01; 8.57e-01,8.52e-01,5.85e-01,5.65e-01; 8.60e-01,8.60e-01,6.24e-01,5.66e-01; 8.73e-01,8.73e-01,6.30e-01,5.85e-01; 8.93e-01,8.87e-01,6.25e-01,6.07e-01; 9.09e-01,9.04e-01,6.34e-01,6.17e-01; 9.23e-01,9.21e-01,6.45e-01,6.27e-01; 9.36e-01,9.35e-01,6.60e-01,6.35e-01; 9.47e-01,9.43e-01,6.89e-01,6.38e-01; 9.60e-01,9.56e-01,7.04e-01,6.48e-01","60,60,60,60,41,41,41,60,60,60,41,41,41,41,60,60,60,41,41,41,60,60,60,41,41,41,60,60,60,41,41,41,60,60,60,41,41,41,60,60,60,41,41,41,60,60,41,41,41,41,60,60,60,41,41,41,41,60,60,41,41,41,41,43"
819,20.34,17.34,"2.60,4.16,5.36,6.66,7.70,8.65,9.61,10.48,11.22,11.94,12.50,13.02,13.55,14.10,14.63,15.13,15.54,15.97,16.40,16.81,17.23,17.62,18.01,18.41,18.71,19.08,19.42,19.74,20.04,20.34,20.62,20.91,21.16,21.44,21.73,21.99,22.26,22.51,22.75,22.98,23.20,23.40,23.62,23.83,24.06,24.28,24.49,24.69,24.85,25.02,25.23,25.43,25.62,25.79,25.96,26.13,26.27,26.42,26.59,26.74,26.91,27.08,27.24,27.39","6.62e-02,6.53e-02,5.92e-02,2.30e-02","10,2,10,2","2.65e-01; 5.30e-01; 5.48e-01,2.47e-01; 6.04e-01,4.56e-01; 6.61e-01,5.68e-01,9.69e-02; 6.69e-01,5.45e-01,3.78e-01; 7.05e-01,6.12e-01,5.39e-01; 7.59e-01,7.09e-01,6.55e-01; 8.52e-01,7.88e-01,7.47e-01; 9.23e-01,8.83e-01,8.46e-01; 1.03e+00,1.02e+00,8.71e-01; 1.13e+00,1.09e+00,9.57e-01; 1.23e+00,1.12e+00,1.10e+00; 1.32e+00,1.24e+00,1.15e+00; 1.39e+00,1.33e+00,1.26e+00; 1.46e+00,1.39e+00,1.36e+00,2.47e-02; 1.51e+00,1.44e+00,1.39e+00,1.72e-01; 1.57e+00,1.51e+00,1.50e+00,1.91e-01; 1.52e+00,1.44e+00,1.42e+00,6.64e-01; 1.61e+00,1.55e+00,1.44e+00,7.15e-01; 1.63e+00,1.56e+00,1.42e+00,9.65e-01; 1.70e+00,1.66e+00,1.43e+00,1.04e+00; 1.78e+00,1.67e+00,1.58e+00,1.07e+00; 1.83e+00,1.76e+00,1.60e+00,1.16e+00; 1.88e+00,1.80e+00,1.64e+00,1.30e+00; 1.94e+00,1.87e+00,1.74e+00,1.34e+00; 2.00e+00,1.91e+00,1.86e+00,1.38e+00; 2.08e+00,2.01e+00,1.90e+00,1.44e+00; 2.14e+00,2.12e+00,1.91e+00,1.53e+00; 2.19e+00,2.16e+00,1.94e+00,1.68e+00; 2.27e+00,2.20e+00,2.03e+00,1.73e+00; 2.34e+00,2.29e+00,2.08e+00,1.78e+00; 2.39e+00,2.28e+00,2.26e+00,1.82e+00; 2.45e+00,2.36e+00,2.32e+00,1.88e+00; 2.51e+00,2.44e+00,2.37e+00,1.96e+00; 2.58e+00,2.49e+00,2.46e+00,2.02e+00; 2.65e+00,2.57e+00,2.52e+00,2.07e+00; 2.73e+00,2.67e+00,2.55e+00,2.13e+00; 2.80e+00,2.76e+00,2.58e+00,2.20e+00; 2.87e+00,2.85e+00,2.62e+00,2.27e+00; 2.92e+00,2.83e+00,2.81e+00,2.30e+00; 2.98e+00,2.88e+00,2.86e+00,2.42e+00; 3.04e+00,3.00e+00,2.89e+00,2.47e+00; 3.11e+00,3.07e+00,2.96e+00,2.52e+00; 3.18e+00,3.09e+00,3.09e+00,2.57e+00; 3.26e+00,3.18e+00,3.12e+00,2.64e+00; 3.31e+00,3.23e+00,3.16e+00,2.76e+00; 3.38e+00,3.33e+00,3.20e+00,2.82e+00; 3.44e+00,3.39e+00,3.25e+00,2.92e+00; 3.51e+00,3.44e+00,3.34e+00,2.97e+00; 3.57e+00,3.48e+00,3.45e+00,3.03e+00; 3.63e+00,3.53e+00,3.53e+00,3.10e+00; 3.70e+00,3.63e+00,3.56e+00,3.17e+00; 3.77e+00,3.72e+00,3.60e+00,3.23e+00; 3.83e+00,3.78e+00,3.65e+00,3.33e+00; 3.91e+00,3.81e+00,3.74e+00,3.38e+00; 3.97e+00,3.87e+00,3.80e+00,3.48e+00; 4.03e+00,3.93e+00,3.85e+00,3.57e+00; 4.09e+00,3.97e+00,3.96e+00,3.63e+00; 4.16e+00,4.09e+00,3.98e+00,3.69e+00; 4.23e+00,4.11e+00,4.10e+00,3.74e+00; 4.30e+00,4.18e+00,4.16e+00,3.80e+00; 4.37e+00,4.31e+00,4.17e+00,3.87e+00; 4.43e+00,4.36e+00,4.22e+00,3.97e+00","35,35,19,19,19,19,19,19,19,19,19,35,35,19,19,19,19,19,4,19,4,19,35,19,4,19,19,19,19,4,35,19,35,19,19,19,19,19,19,19,35,4,19,19,19,19,4,19,4,19,19,19,19,19,4,35,4,4,19,19,19,19,19,4"
820,16.57,13.94,"1.65,3.03,4.01,5.12,6.14,6.98,7.66,8.23,8.82,9.39,9.92,10.41,10.87,11.30,11.70,12.11,12.53,12.91,13.26,13.59,13.92,14.22,14.52,14.83,15.19,15.53,15.83,16.10,16.34,16.57,16.80,17.04,17.33,17.61,17.87,18.11,18.32,18.51,18.70,18.88,19.15,19.39,19.61,19.81,20.00,20.17,20.33,20.48,20.69,20.90,21.10,21.29,21.46,21.61,21.75,21.88,22.08,22.26,22.44,22.60,22.75,22.89,23.02,23.14","3.01e-02,2.84e-02,2.71e-02,1.75e-06","9,1,1,9","1.06e-01; 2.12e-01; 2.51e-01,6.75e-02; 2.61e-01,1.64e-01; 2.93e-01,2.38e-01; 3.38e-01,2.99e-01; 3.90e-01,3.53e-01; 4.43e-01,4.04e-01,2.13e-03; 4.84e-01,4.52e-01,2.02e-02; 5.18e-01,4.85e-01,5.95e-02; 5.54e-01,5.17e-01,9.75e-02; 5.86e-01,5.49e-01,1.40e-01; 6.28e-01,5.94e-01,1.59e-01; 6.68e-01,6.38e-01,1.81e-01; 7.04e-01,6.77e-01,2.13e-01; 7.29e-01,7.03e-01,2.67e-01; 7.50e-01,7.22e-01,3.34e-01; 7.71e-01,7.43e-01,3.70e-01,2.81e-02; 8.20e-01,7.88e-01,3.67e-01,4.32e-02; 8.52e-01,8.22e-01,3.77e-01,7.31e-02; 8.89e-01,8.61e-01,3.94e-01,8.67e-02; 8.93e-01,8.70e-01,4.28e-01,1.46e-01; 9.30e-01,9.05e-01,4.55e-01,1.53e-01; 9.63e-01,9.38e-01,4.91e-01,1.57e-01; 9.77e-01,9.53e-01,4.84e-01,2.42e-01; 1.00e+00,9.75e-01,5.15e-01,2.71e-01; 1.03e+00,1.00e+00,5.48e-01,2.90e-01; 1.06e+00,1.03e+00,5.70e-01,3.11e-01; 1.09e+00,1.07e+00,5.90e-01,3.30e-01; 1.13e+00,1.10e+00,6.10e-01,3.44e-01; 1.16e+00,1.14e+00,6.31e-01,3.60e-01; 1.20e+00,1.17e+00,6.57e-01,3.74e-01; 1.22e+00,1.19e+00,7.09e-01,3.88e-01; 1.24e+00,1.21e+00,7.38e-01,4.17e-01; 1.27e+00,1.24e+00,7.52e-01,4.57e-01; 1.32e+00,1.29e+00,7.53e-01,4.60e-01; 1.35e+00,1.32e+00,7.69e-01,4.89e-01; 1.39e+00,1.35e+00,7.88e-01,5.08e-01; 1.42e+00,1.39e+00,8.08e-01,5.24e-01; 1.46e+00,1.42e+00,8.32e-01,5.38e-01; 1.47e+00,1.44e+00,8.69e-01,5.71e-01; 1.49e+00,1.46e+00,9.05e-01,5.98e-01; 1.52e+00,1.49e+00,9.32e-01,6.30e-01; 1.54e+00,1.51e+00,9.53e-01,6.64e-01; 1.57e+00,1.54e+00,9.71e-01,6.94e-01; 1.61e+00,1.57e+00,9.90e-01,7.16e-01; 1.64e+00,1.61e+00,1.01e+00,7.33e-01; 1.67e+00,1.64e+00,1.03e+00,7.50e-01; 1.70e+00,1.67e+00,1.08e+00,7.60e-01; 1.72e+00,1.69e+00,1.12e+00,7.80e-01; 1.74e+00,1.71e+00,1.15e+00,8.13e-01; 1.77e+00,1.74e+00,1.17e+00,8.49e-01; 1.80e+00,1.77e+00,1.19e+00,8.82e-01; 1.83e+00,1.80e+00,1.20e+00,9.08e-01; 1.86e+00,1.83e+00,1.22e+00,9.29e-01; 1.89e+00,1.86e+00,1.25e+00,9.45e-01; 1.92e+00,1.89e+00,1.29e+00,9.66e-01; 1.94e+00,1.91e+00,1.33e+00,9.87e-01; 1.96e+00,1.93e+00,1.36e+00,1.01e+00; 1.99e+00,1.96e+00,1.38e+00,1.05e+00; 2.02e+00,1.99e+00,1.40e+00,1.08e+00; 2.05e+00,2.01e+00,1.42e+00,1.10e+00; 2.08e+00,2.05e+00,1.44e+00,1.12e+00; 2.11e+00,2.08e+00,1.46e+00,1.14e+00","20,20,20,20,20,20,20,20,20,20,20,20,20,20,20,20,20,20,20,20,20,20,20,20,20,20,20,20,20,20,20,20,20,20,20,20,20,20,20,20,20,20,20,20,20,20,20,20,20,20,20,20,20,20,20,20,20,20,20,20,20,20,20,20"
821,16.04,13.61,"2.65,4.23,5.27,6.16,7.06,7.93,8.73,9.41,9.88,10.38,10.90,11.38,11.79,12.17,12.51,12.82,13.12,13.42,13.71,13.98,14.26,14.52,14.74,14.96,15.16,15.38,15.60,15.80,15.99,16.17,16.35,16.60,16.84,17.01,17.18,17.34,17.46,17.61,17.75,17.90,18.06,18.21,18.35,18.50,18.64,18.78,18.92,19.06,19.19,19.32,19.44,19.57,19.69,19.81,19.94,20.06,20.17,20.28,20.39,20.50,20.61,20.73,20.85,20.97","3.25e-02,2.97e-02,2.93e-02,1.87e-06","9,9,9,9","1.14e-01; 2.27e-01; 3.41e-01; 3.57e-01,9.75e-02; 3.86e-01,1.82e-01; 4.20e-01,2.62e-01; 4.56e-01,3.39e-01; 5.00e-01,4.09e-01; 5.54e-01,4.68e-01; 6.05e-01,5.31e-01; 6.53e-01,5.96e-01; 7.02e-01,6.61e-01; 7.54e-01,7.23e-01; 8.06e-01,7.84e-01; 8.61e-01,8.43e-01; 9.17e-01,9.00e-01; 9.14e-01,8.96e-01,1.21e-01; 9.57e-01,9.34e-01,1.53e-01; 1.01e+00,9.83e-01,1.67e-01; 1.06e+00,1.03e+00,1.80e-01; 1.10e+00,1.07e+00,2.12e-01; 1.15e+00,1.12e+00,2.29e-01; 1.14e+00,1.12e+00,2.36e-01,1.20e-01; 1.14e+00,1.12e+00,2.69e-01,1.91e-01; 1.16e+00,1.14e+00,3.32e-01,2.15e-01; 1.19e+00,1.17e+00,3.63e-01,2.26e-01; 1.23e+00,1.22e+00,3.81e-01,2.38e-01; 1.27e+00,1.25e+00,3.91e-01,2.67e-01; 1.29e+00,1.28e+00,4.04e-01,3.17e-01; 1.30e+00,1.29e+00,4.35e-01,3.77e-01; 1.30e+00,1.29e+00,4.93e-01,4.32e-01; 1.40e+00,1.40e+00,4.94e-01,3.39e-01; 1.56e+00,1.55e+00,4.39e-01,1.96e-01; 1.60e+00,1.59e+00,4.58e-01,2.07e-01; 1.64e+00,1.63e+00,4.81e-01,2.25e-01; 1.67e+00,1.66e+00,5.08e-01,2.55e-01; 1.62e+00,1.60e+00,5.84e-01,3.97e-01; 1.77e+00,1.76e+00,5.29e-01,2.56e-01; 1.98e+00,1.96e+00,2.70e-01,2.17e-01; 2.01e+00,2.00e+00,2.89e-01,2.46e-01; 1.93e+00,1.92e+00,4.03e-01,4.03e-01; 1.97e+00,1.96e+00,4.20e-01,4.17e-01; 2.02e+00,2.01e+00,4.37e-01,4.24e-01; 2.20e+00,2.19e+00,3.12e-01,2.96e-01; 2.11e+00,2.10e+00,4.74e-01,4.22e-01; 2.28e+00,2.27e+00,4.02e-01,2.74e-01; 2.31e+00,2.30e+00,5.16e-01,2.07e-01; 2.34e+00,2.33e+00,5.33e-01,2.51e-01; 2.38e+00,2.37e+00,5.43e-01,2.67e-01; 2.43e+00,2.42e+00,5.54e-01,2.79e-01; 2.48e+00,2.46e+00,5.65e-01,2.85e-01; 2.52e+00,2.51e+00,5.60e-01,3.19e-01; 2.42e+00,2.41e+00,6.55e-01,5.29e-01; 2.46e+00,2.45e+00,6.58e-01,5.61e-01; 2.62e+00,2.61e+00,5.16e-01,4.93e-01; 2.52e+00,2.51e+00,6.79e-01,6.55e-01; 2.56e+00,2.56e+00,6.97e-01,6.60e-01; 2.61e+00,2.60e+00,7.05e-01,6.74e-01; 2.65e+00,2.65e+00,7.16e-01,6.88e-01; 2.70e+00,2.69e+00,7.28e-01,6.96e-01; 2.74e+00,2.74e+00,7.52e-01,6.96e-01; 2.89e+00,2.89e+00,6.94e-01,5.64e-01; 2.90e+00,2.90e+00,7.24e-01,6.28e-01; 2.81e+00,2.80e+00,9.09e-01,7.54e-01","43,43,43,43,43,43,43,43,43,43,43,43,43,43,43,43,43,43,43,43,43,43,43,43,43,43,43,43,43,43,43,43,43,43,43,43,43,27,27,43,43,43,43,43,43,43,43,43,43,43,43,43,43,43,43,43,43,43,43,43,43,43,43,43"
822,6.71,6.63,"0.88,1.91,2.70,3.33,3.85,4.28,4.66,4.98,5.28,5.57,5.84,6.09,6.33,6.55,6.77,6.99,7.19,7.38,7.56,7.72,7.88,8.03,8.18,8.34,8.51,8.66,8.80,8.93,9.04,9.16,9.28,9.41,9.55,9.69,9.80,9.91,10.01,10.10,10.20,10.30,10.43,10.55,10.66,10.75,10.83,10.91,10.99,11.08,11.20,11.31,11.40,11.49,11.56,11.63,11.70,11.78,11.88,11.98,12.07,12.15,12.22,12.28,12.34,12.41","7.75e-03,1.84e-03,3.77e-07,1.51e-07","14,14,14,14","1.19e-02; 2.38e-02; 3.57e-02; 4.76e-02; 5.95e-02; 7.14e-02; 8.33e-02; 9.52e-02; 9.46e-02,1.25e-02; 1.03e-01,1.62e-02; 1.12e-01,1.87e-02; 1.29e-01,1.41e-02; 1.39e-01,1.53e-02; 1.40e-01,2.65e-02; 1.55e-01,2.34e-02; 1.54e-01,3.59e-02; 1.63e-01,3.89e-02; 1.69e-01,4.55e-02; 1.76e-01,5.00e-02; 1.85e-01,5.32e-02; 1.94e-01,5.62e-02; 2.02e-01,5.97e-02; 2.09e-01,6.47e-02; 2.09e-01,7.63e-02; 2.14e-01,8.40e-02; 2.19e-01,9.05e-02; 2.25e-01,9.58e-02; 2.33e-01,1.00e-01; 2.41e-01,1.04e-01; 2.49e-01,1.08e-01; 2.56e-01,1.13e-01; 2.62e-01,1.19e-01; 2.65e-01,1.27e-01; 2.70e-01,1.35e-01; 2.76e-01,1.41e-01; 2.83e-01,1.46e-01; 2.90e-01,1.50e-01; 2.98e-01,1.54e-01; 3.05e-01,1.59e-01; 3.11e-01,1.65e-01; 3.14e-01,1.74e-01; 3.19e-01,1.81e-01; 3.27e-01,1.85e-01; 3.33e-01,1.91e-01; 3.40e-01,1.96e-01; 3.47e-01,2.00e-01; 3.54e-01,2.05e-01; 3.60e-01,2.11e-01; 3.63e-01,2.20e-01; 3.67e-01,2.28e-01; 3.72e-01,2.35e-01; 3.78e-01,2.40e-01; 3.85e-01,2.46e-01; 3.92e-01,2.51e-01; 3.99e-01,2.56e-01; 4.05e-01,2.61e-01; 4.09e-01,2.69e-01; 4.13e-01,2.77e-01; 4.18e-01,2.84e-01; 4.24e-01,2.90e-01; 4.30e-01,2.96e-01; 4.37e-01,3.01e-01; 4.44e-01,3.06e-01; 4.51e-01,3.11e-01","18,18,18,18,18,18,18,18,18,18,18,18,18,18,18,18,18,18,18,18,18,18,18,18,18,18,18,18,18,18,18,18,18,18,18,18,18,18,18,18,18,18,18,18,18,18,18,18,18,18,18,18,18,18,18,18,18,18,18,18,18,18,18,18"
823,8.19,6.75,"0.60,1.46,2.19,2.78,3.28,3.70,4.06,4.37,4.64,4.92,5.19,5.45,5.69,5.91,6.14,6.35,6.55,6.73,6.90,7.07,7.23,7.38,7.54,7.70,7.86,8.01,8.14,8.27,8.38,8.50,8.63,8.76,8.89,9.02,9.13,9.23,9.33,9.43,9.53,9.63,9.76,9.87,9.97,10.06,10.14,10.22,10.30,10.39,10.50,10.61,10.70,10.78,10.85,10.92,10.99,11.07,11.17,11.27,11.35,11.43,11.50,11.56,11.62,11.69","4.91e-03,4.05e-03,8.46e-05,3.81e-07","13,13,13,5","1.12e-02; 2.24e-02; 3.37e-02; 4.49e-02; 5.61e-02; 6.73e-02; 7.85e-02; 8.38e-02,5.98e-03; 9.09e-02,1.00e-02; 9.78e-02,1.44e-02; 1.07e-01,1.63e-02; 1.17e-01,1.72e-02; 1.22e-01,2.35e-02; 1.35e-01,2.17e-02; 1.41e-01,2.72e-02; 1.45e-01,3.47e-02; 1.44e-01,4.68e-02; 1.50e-01,5.22e-02; 1.57e-01,5.63e-02; 1.65e-01,5.96e-02; 1.73e-01,6.27e-02; 1.80e-01,6.63e-02; 1.87e-01,7.09e-02; 1.93e-01,7.67e-02; 1.96e-01,8.46e-02; 2.01e-01,9.10e-02; 2.07e-01,9.61e-02; 2.14e-01,1.00e-01; 2.21e-01,1.04e-01; 2.29e-01,1.08e-01; 2.35e-01,1.13e-01; 2.41e-01,1.18e-01; 2.44e-01,1.27e-01; 2.48e-01,1.33e-01; 2.54e-01,1.39e-01; 2.60e-01,1.44e-01; 2.67e-01,1.48e-01; 2.74e-01,1.52e-01; 2.81e-01,1.57e-01; 2.86e-01,1.63e-01; 2.89e-01,1.71e-01; 2.93e-01,1.78e-01; 3.00e-01,1.82e-01; 3.06e-01,1.87e-01; 3.13e-01,1.92e-01; 3.20e-01,1.96e-01; 3.26e-01,2.01e-01; 3.32e-01,2.07e-01; 3.35e-01,2.15e-01; 3.38e-01,2.22e-01; 3.43e-01,2.29e-01; 3.49e-01,2.35e-01; 3.55e-01,2.39e-01; 3.62e-01,2.44e-01; 3.68e-01,2.49e-01; 3.74e-01,2.54e-01; 3.77e-01,2.62e-01; 3.81e-01,2.70e-01; 3.85e-01,2.77e-01; 3.91e-01,2.82e-01; 3.97e-01,2.88e-01; 4.03e-01,2.93e-01; 4.09e-01,2.98e-01; 4.15e-01,3.03e-01","19,19,19,19,19,19,19,19,19,19,19,19,19,19,19,19,19,19,19,19,19,19,19,19,19,19,19,19,19,19,19,19,19,19,19,19,19,19,19,19,19,19,19,19,19,19,19,19,19,19,19,19,19,19,19,19,19,19,19,19,19,19,19,19"
824,4.53,3.99,"0.29,0.81,1.32,1.77,2.16,2.50,2.80,3.06,3.30,3.55,3.80,4.04,4.26,4.47,4.66,4.85,5.03,5.20,5.36,5.52,5.67,5.82,5.98,6.13,6.26,6.39,6.53,6.64,6.78,6.93,7.09,7.25,7.31,7.40,7.53,7.67,7.74,7.90,8.06,8.18,8.24,8.30,8.41,8.51,8.63,8.71,8.85,8.98,9.04,9.10,9.19,9.27,9.39,9.46,9.58,9.70,9.75,9.82,9.92,10.02,10.09,10.18,10.29,10.39","2.02e-03,7.59e-05,9.44e-08,5.85e-08","1,1,1,1","2.60e-03; 5.20e-03; 7.80e-03; 1.04e-02; 1.30e-02; 1.56e-02; 1.82e-02; 2.08e-02; 2.22e-02,1.23e-03; 2.32e-02,2.85e-03; 2.53e-02,3.27e-03; 2.76e-02,3.65e-03; 2.96e-02,4.26e-03; 3.11e-02,5.31e-03; 3.24e-02,6.65e-03; 3.35e-02,8.15e-03; 3.45e-02,9.74e-03; 3.59e-02,1.09e-02; 3.78e-02,1.16e-02; 3.98e-02,1.22e-02; 4.17e-02,1.29e-02; 4.32e-02,1.16e-02,2.41e-03; 4.33e-02,1.20e-02,4.53e-03; 4.34e-02,1.31e-02,5.88e-03; 4.69e-02,1.81e-02; 4.83e-02,1.94e-02; 4.70e-02,1.89e-02,4.39e-03; 4.92e-02,1.98e-02,3.78e-03; 4.93e-02,1.94e-02,6.67e-03; 4.94e-02,1.72e-02,1.14e-02; 4.86e-02,1.92e-02,1.29e-02; 4.84e-02,1.95e-02,1.53e-02; 4.96e-02,2.02e-02,1.60e-02; 5.17e-02,2.19e-02,1.48e-02; 5.22e-02,2.22e-02,1.67e-02; 5.25e-02,2.21e-02,1.90e-02; 5.46e-02,2.30e-02,1.85e-02; 5.45e-02,2.27e-02,2.16e-02; 5.45e-02,2.40e-02,2.30e-02; 5.53e-02,2.49e-02,2.38e-02; 5.63e-02,2.59e-02,2.44e-02; 5.74e-02,2.68e-02,2.51e-02; 5.84e-02,2.76e-02,2.59e-02; 5.94e-02,2.86e-02,2.64e-02; 6.01e-02,3.04e-02,2.65e-02; 6.16e-02,3.09e-02,2.72e-02; 6.19e-02,3.28e-02,2.75e-02; 6.23e-02,3.43e-02,2.82e-02; 6.33e-02,3.53e-02,2.89e-02; 6.43e-02,3.62e-02,2.95e-02; 6.53e-02,3.70e-02,3.04e-02; 6.65e-02,3.78e-02,3.09e-02; 6.73e-02,3.95e-02,3.11e-02; 6.83e-02,3.99e-02,3.16e-02,5.98e-04; 6.90e-02,4.14e-02,3.20e-02,5.87e-04; 6.95e-02,4.28e-02,3.28e-02,5.37e-04; 7.04e-02,4.35e-02,3.34e-02,1.01e-03; 7.13e-02,4.34e-02,3.46e-02,1.58e-03; 7.16e-02,4.40e-02,3.49e-02,2.94e-03; 7.21e-02,4.46e-02,3.51e-02,4.26e-03; 7.27e-02,4.43e-02,3.52e-02,6.45e-03; 7.33e-02,4.53e-02,3.54e-02,7.26e-03; 7.40e-02,4.67e-02,3.58e-02,7.41e-03; 7.47e-02,4.78e-02,3.65e-02,7.46e-03","25,25,25,25,25,25,25,25,25,25,25,25,25,25,25,25,25,25,25,25,25,25,25,25,25,25,25,25,25,25,25,25,57,25,25,25,25,25,25,25,36,41,25,25,25,25,25,25,41,41,25,25,25,25,25,25,41,25,25,25,25,25,25,25"
825,9.00,9.45,"1.69,3.05,3.96,4.64,5.17,5.63,6.07,6.47,6.86,7.20,7.51,7.78,8.04,8.30,8.55,8.81,9.05,9.27,9.47,9.65,9.82,10.00,10.18,10.37,10.56,10.73,10.88,11.02,11.15,11.29,11.43,11.59,11.74,11.88,12.00,12.11,12.22,12.33,12.45,12.58,12.71,12.83,12.93,13.02,13.11,13.21,13.31,13.42,13.53,13.64,13.73,13.81,13.88,13.96,14.05,14.15,14.25,14.34,14.42,14.49,14.56,14.63,14.71,14.79","4.25e-02,3.22e-03,1.88e-06,1.12e-06","5,5,5,5","5.67e-02; 1.13e-01; 1.70e-01; 2.27e-01; 2.84e-01; 3.15e-01,2.58e-02; 3.32e-01,6.52e-02; 3.38e-01,1.16e-01; 3.64e-01,1.46e-01; 4.02e-01,1.66e-01; 4.44e-01,1.80e-01; 4.87e-01,1.94e-01; 5.26e-01,2.11e-01; 5.60e-01,2.34e-01; 5.86e-01,2.65e-01; 6.08e-01,2.99e-01; 6.27e-01,3.37e-01; 6.56e-01,3.65e-01; 6.92e-01,3.85e-01; 7.30e-01,4.04e-01; 7.66e-01,4.25e-01; 7.98e-01,4.50e-01; 8.23e-01,4.81e-01; 8.43e-01,5.18e-01; 8.64e-01,5.54e-01; 8.91e-01,5.83e-01; 9.24e-01,6.07e-01; 9.59e-01,6.29e-01; 9.93e-01,6.51e-01; 1.02e+00,6.77e-01; 1.05e+00,7.07e-01; 1.07e+00,7.41e-01; 1.10e+00,7.76e-01; 1.12e+00,8.06e-01; 1.15e+00,8.32e-01; 1.19e+00,8.55e-01; 1.22e+00,8.79e-01; 1.25e+00,9.05e-01; 1.28e+00,9.34e-01; 1.30e+00,9.67e-01; 1.32e+00,1.00e+00; 1.35e+00,1.03e+00; 1.38e+00,1.06e+00; 1.41e+00,1.08e+00; 1.45e+00,1.11e+00; 1.48e+00,1.13e+00; 1.50e+00,1.16e+00; 1.53e+00,1.19e+00; 1.55e+00,1.23e+00; 1.58e+00,1.26e+00; 1.61e+00,1.28e+00; 1.64e+00,1.31e+00; 1.67e+00,1.33e+00; 1.70e+00,1.36e+00; 1.73e+00,1.39e+00; 1.76e+00,1.42e+00; 1.78e+00,1.45e+00; 1.81e+00,1.48e+00; 1.84e+00,1.51e+00; 1.87e+00,1.54e+00; 1.90e+00,1.56e+00; 1.93e+00,1.59e+00; 1.96e+00,1.62e+00; 1.98e+00,1.65e+00","32,32,32,32,32,32,32,32,32,32,32,32,32,32,32,32,32,32,32,32,32,32,32,32,32,32,32,32,32,32,32,32,32,32,32,32,32,32,32,32,32,32,32,32,32,32,32,32,32,32,32,32,32,32,32,32,32,32,32,32,32,32,32,32"
826,12.36,11.28,"1.27,2.48,3.38,4.21,5.02,5.67,6.21,6.68,7.26,7.80,8.31,8.65,9.05,9.41,9.84,10.19,10.50,10.79,11.07,11.35,11.64,11.94,12.22,12.48,12.71,12.92,13.13,13.33,13.54,13.75,13.96,14.16,14.33,14.50,14.66,14.82,14.99,15.16,15.32,15.48,15.63,15.77,15.90,16.03,16.17,16.31,16.45,16.58,16.71,16.83,16.94,17.05,17.17,17.29,17.41,17.53,17.63,17.74,17.84,17.94,18.04,18.15,18.25,18.35","1.82e-02,1.72e-02,2.91e-03,1.35e-06","1,1,1,1","4.76e-02; 9.52e-02; 1.32e-01,1.13e-02; 1.23e-01,6.72e-02; 1.33e-01,1.05e-01; 1.52e-01,1.34e-01; 1.70e-01,1.63e-01; 1.91e-01,1.90e-01; 2.22e-01,2.07e-01; 2.48e-01,2.28e-01; 2.63e-01,2.61e-01; 3.05e-01,2.66e-01; 3.22e-01,2.97e-01; 3.12e-01,2.87e-01,6.79e-02; 2.99e-01,2.96e-01,1.18e-01; 3.21e-01,2.77e-01,1.63e-01; 3.50e-01,2.77e-01,1.82e-01; 3.78e-01,2.82e-01,1.97e-01; 4.03e-01,2.93e-01,2.08e-01; 4.25e-01,3.06e-01,2.21e-01; 4.45e-01,3.13e-01,2.41e-01; 4.62e-01,3.18e-01,2.68e-01; 4.81e-01,3.18e-01,2.96e-01; 4.97e-01,3.24e-01,3.21e-01; 5.17e-01,3.42e-01,3.30e-01; 5.39e-01,3.59e-01,3.39e-01; 5.63e-01,3.72e-01,3.50e-01; 5.77e-01,3.81e-01,3.75e-01; 5.98e-01,3.92e-01,3.90e-01; 6.17e-01,4.11e-01,4.00e-01; 6.35e-01,4.37e-01,4.04e-01; 6.52e-01,4.61e-01,4.10e-01; 6.72e-01,4.79e-01,4.21e-01; 6.93e-01,4.96e-01,4.30e-01; 7.15e-01,5.11e-01,4.40e-01; 7.29e-01,5.15e-01,4.70e-01; 7.43e-01,5.18e-01,5.01e-01; 7.62e-01,5.37e-01,5.10e-01; 7.80e-01,5.60e-01,5.16e-01; 7.98e-01,5.83e-01,5.23e-01; 8.17e-01,6.02e-01,5.33e-01; 8.37e-01,6.18e-01,5.44e-01; 8.58e-01,6.34e-01,5.55e-01; 8.72e-01,6.39e-01,5.83e-01; 8.86e-01,6.43e-01,6.12e-01; 9.05e-01,6.61e-01,6.23e-01; 9.23e-01,6.83e-01,6.30e-01; 9.41e-01,7.05e-01,6.38e-01; 9.60e-01,7.24e-01,6.49e-01; 9.80e-01,7.40e-01,6.60e-01; 9.94e-01,7.48e-01,6.86e-01; 1.01e+00,7.54e-01,7.13e-01; 1.03e+00,7.69e-01,7.25e-01; 1.05e+00,7.85e-01,7.37e-01; 1.07e+00,8.06e-01,7.46e-01; 1.08e+00,8.27e-01,7.54e-01; 1.10e+00,8.46e-01,7.65e-01; 1.12e+00,8.62e-01,7.77e-01; 1.14e+00,8.70e-01,8.02e-01; 1.15e+00,8.77e-01,8.28e-01; 1.17e+00,8.92e-01,8.42e-01; 1.19e+00,9.08e-01,8.54e-01; 1.21e+00,9.28e-01,8.63e-01; 1.22e+00,9.48e-01,8.73e-01","48,48,48,32,32,32,32,32,48,48,48,48,32,48,48,48,48,48,48,48,48,48,48,48,48,48,48,32,48,48,48,48,48,48,48,32,32,48,48,48,48,48,48,32,32,48,48,48,48,48,32,32,48,48,48,48,48,48,32,32,48,48,48,48"
827,9.15,9.53,"2.59,4.16,5.15,5.88,6.53,7.10,7.62,8.08,8.51,8.89,9.22,9.53,9.82,10.13,10.42,10.70,10.97,11.22,11.46,11.68,11.90,12.13,12.34,12.56,12.76,12.95,13.14,13.31,13.49,13.66,13.84,14.00,14.16,14.32,14.47,14.62,14.76,14.90,15.04,15.18,15.31,15.44,15.57,15.69,15.81,15.93,16.05,16.17,16.28,16.39,16.50,16.61,16.71,16.82,16.92,17.02,17.12,17.21,17.31,17.41,17.49,17.57,17.67,17.77","2.58e-02,1.13e-02,1.30e-06,8.05e-07","4,4,4,4","4.61e-02; 9.21e-02; 1.38e-01; 1.63e-01,2.13e-02; 1.88e-01,4.26e-02; 2.05e-01,7.12e-02; 2.23e-01,9.98e-02; 2.38e-01,1.30e-01; 2.56e-01,1.59e-01; 2.84e-01,1.76e-01; 3.17e-01,1.90e-01; 3.49e-01,2.04e-01; 3.65e-01,2.09e-01,2.57e-02; 3.90e-01,2.32e-01,2.29e-02; 3.97e-01,2.46e-01,4.83e-02; 4.10e-01,2.68e-01,5.89e-02; 4.25e-01,2.91e-01,6.70e-02; 4.42e-01,3.04e-01,8.29e-02; 4.62e-01,3.11e-01,1.02e-01; 4.83e-01,3.18e-01,1.21e-01; 5.02e-01,3.23e-01,1.42e-01; 5.20e-01,3.36e-01,1.58e-01; 5.37e-01,3.54e-01,1.69e-01; 5.51e-01,3.76e-01,1.79e-01; 5.68e-01,4.00e-01,1.84e-01; 5.86e-01,4.16e-01,1.96e-01; 6.06e-01,4.26e-01,2.13e-01; 6.26e-01,4.32e-01,2.31e-01; 6.46e-01,4.38e-01,2.52e-01; 6.65e-01,4.50e-01,2.67e-01; 6.83e-01,4.67e-01,2.78e-01; 6.99e-01,4.88e-01,2.87e-01; 7.15e-01,5.11e-01,2.94e-01; 7.32e-01,5.27e-01,3.07e-01; 7.51e-01,5.38e-01,3.23e-01; 7.72e-01,5.46e-01,3.40e-01; 7.93e-01,5.54e-01,3.57e-01; 8.12e-01,5.66e-01,3.73e-01; 8.29e-01,5.81e-01,3.87e-01; 8.46e-01,6.02e-01,3.95e-01; 8.62e-01,6.24e-01,4.03e-01; 8.79e-01,6.41e-01,4.15e-01; 9.01e-01,6.55e-01,4.25e-01; 9.20e-01,6.62e-01,4.45e-01; 9.40e-01,6.69e-01,4.64e-01; 9.59e-01,6.80e-01,4.80e-01; 9.77e-01,6.96e-01,4.93e-01; 9.93e-01,7.15e-01,5.03e-01; 1.01e+00,7.38e-01,5.11e-01; 1.03e+00,7.56e-01,5.21e-01; 1.05e+00,7.70e-01,5.33e-01; 1.07e+00,7.79e-01,5.47e-01; 1.09e+00,7.88e-01,5.62e-01; 1.11e+00,8.00e-01,5.75e-01; 1.13e+00,8.16e-01,5.87e-01; 1.15e+00,8.35e-01,5.97e-01; 1.16e+00,8.57e-01,6.05e-01; 1.18e+00,8.76e-01,6.14e-01; 1.20e+00,8.91e-01,6.26e-01; 1.22e+00,9.00e-01,6.42e-01; 1.24e+00,9.10e-01,6.56e-01; 1.27e+00,9.24e-01,6.67e-01; 1.28e+00,9.38e-01,6.80e-01; 1.30e+00,9.54e-01,6.93e-01","25,25,25,25,25,25,25,25,25,25,25,25,25,25,25,25,25,25,25,25,25,25,25,25,25,25,25,25,25,25,25,25,25,25,25,25,25,25,25,25,25,25,25,25,25,25,25,25,25,25,25,25,25,25,25,25,25,25,25,25,25,25,25,25"
828,8.44,7.81,"1.57,2.86,3.72,4.33,4.82,5.29,5.74,6.15,6.56,6.92,7.23,7.50,7.77,8.05,8.32,8.57,8.83,9.07,9.27,9.46,9.63,9.82,10.02,10.22,10.41,10.59,10.75,10.89,11.02,11.17,11.33,11.49,11.64,11.79,11.92,12.03,12.15,12.26,12.39,12.52,12.65,12.78,12.89,12.99,13.08,13.18,13.29,13.40,13.52,13.63,13.72,13.81,13.89,13.97,14.07,14.17,14.27,14.36,14.45,14.53,14.60,14.67,14.75,14.84","1.72e-02,6.67e-03,7.27e-07,4.80e-07","1,1,1,1","2.96e-02; 5.93e-02; 8.89e-02; 1.19e-01; 1.31e-01,1.71e-02; 1.40e-01,3.77e-02; 1.49e-01,5.84e-02; 1.57e-01,8.05e-02; 1.69e-01,9.81e-02; 1.88e-01,1.08e-01; 2.10e-01,1.16e-01; 2.31e-01,1.24e-01; 2.49e-01,1.37e-01; 2.62e-01,1.53e-01; 2.73e-01,1.72e-01; 2.82e-01,1.92e-01; 2.93e-01,2.11e-01; 3.08e-01,2.25e-01; 3.27e-01,2.36e-01; 3.46e-01,2.47e-01; 3.63e-01,2.59e-01; 3.78e-01,2.74e-01; 3.90e-01,2.92e-01; 4.00e-01,3.11e-01; 4.12e-01,3.29e-01; 4.26e-01,3.44e-01; 4.43e-01,3.57e-01; 4.61e-01,3.69e-01; 4.78e-01,3.81e-01; 4.93e-01,3.96e-01; 5.06e-01,4.12e-01; 5.18e-01,4.30e-01; 5.30e-01,4.48e-01; 5.44e-01,4.63e-01; 5.60e-01,4.77e-01; 5.77e-01,4.89e-01; 5.94e-01,5.02e-01; 6.10e-01,5.17e-01; 6.23e-01,5.32e-01; 6.36e-01,5.50e-01; 6.48e-01,5.67e-01; 6.62e-01,5.82e-01; 6.78e-01,5.96e-01; 6.95e-01,6.09e-01; 7.11e-01,6.22e-01; 7.26e-01,6.37e-01; 7.40e-01,6.52e-01; 7.53e-01,6.69e-01; 7.66e-01,6.86e-01; 7.80e-01,7.01e-01; 7.96e-01,7.16e-01; 8.12e-01,7.29e-01; 8.28e-01,7.42e-01; 8.44e-01,7.57e-01; 8.58e-01,7.72e-01; 8.71e-01,7.88e-01; 8.84e-01,8.05e-01; 8.98e-01,8.20e-01; 9.13e-01,8.35e-01; 9.31e-01,8.47e-01; 9.48e-01,8.59e-01; 9.64e-01,8.73e-01; 9.79e-01,8.87e-01; 9.93e-01,9.03e-01","33,33,33,33,33,33,33,33,33,33,33,33,33,33,33,33,33,33,33,33,33,33,33,33,33,33,33,33,33,33,33,33,33,33,33,33,33,33,33,33,33,33,33,33,33,33,33,33,33,33,33,33,33,33,33,33,33,33,33,33,33,33,33,33"
829,7.60,8.00,"1.42,2.69,3.59,4.28,4.83,5.29,5.70,6.12,6.49,6.83,7.13,7.40,7.67,7.93,8.19,8.46,8.72,8.94,9.14,9.32,9.49,9.67,9.86,10.07,10.27,10.44,10.59,10.73,10.86,11.00,11.15,11.32,11.48,11.63,11.75,11.86,11.96,12.08,12.20,12.34,12.48,12.61,12.71,12.80,12.89,12.98,13.09,13.21,13.33,13.44,13.53,13.61,13.69,13.77,13.86,13.96,14.08,14.17,14.25,14.32,14.39,14.46,14.54,14.63","1.86e-02,2.49e-04,6.01e-07,5.48e-07","5,5,5,5","2.34e-02; 4.68e-02; 7.02e-02; 9.36e-02; 1.17e-01; 1.40e-01,2.21e-05; 1.52e-01,1.19e-02; 1.58e-01,2.91e-02; 1.62e-01,4.87e-02; 1.77e-01,5.73e-02; 1.93e-01,6.41e-02; 2.10e-01,7.07e-02; 2.26e-01,7.83e-02; 2.40e-01,8.80e-02; 2.51e-01,1.00e-01; 2.60e-01,1.15e-01; 2.69e-01,1.29e-01; 2.81e-01,1.40e-01; 2.95e-01,1.50e-01; 3.10e-01,1.58e-01; 3.24e-01,1.67e-01; 3.37e-01,1.78e-01; 3.51e-01,1.87e-01; 3.59e-01,2.02e-01; 3.67e-01,2.18e-01; 3.78e-01,2.30e-01; 3.91e-01,2.41e-01; 4.05e-01,2.50e-01; 4.19e-01,2.60e-01; 4.31e-01,2.71e-01; 4.42e-01,2.83e-01; 4.52e-01,2.97e-01; 4.61e-01,3.11e-01; 4.72e-01,3.24e-01; 4.84e-01,3.35e-01; 4.98e-01,3.45e-01; 5.11e-01,3.55e-01; 5.23e-01,3.66e-01; 5.35e-01,3.78e-01; 5.45e-01,3.91e-01; 5.54e-01,4.05e-01; 5.65e-01,4.17e-01; 5.77e-01,4.29e-01; 5.90e-01,4.39e-01; 6.03e-01,4.49e-01; 6.16e-01,4.60e-01; 6.27e-01,4.72e-01; 6.38e-01,4.85e-01; 6.47e-01,4.99e-01; 6.59e-01,5.11e-01; 6.71e-01,5.23e-01; 6.83e-01,5.33e-01; 6.96e-01,5.44e-01; 7.09e-01,5.55e-01; 7.20e-01,5.67e-01; 7.31e-01,5.79e-01; 7.41e-01,5.93e-01; 7.52e-01,6.05e-01; 7.64e-01,6.17e-01; 7.76e-01,6.28e-01; 7.89e-01,6.38e-01; 8.01e-01,6.49e-01; 8.13e-01,6.61e-01; 8.24e-01,6.73e-01","32,32,32,32,32,32,32,32,32,32,32,32,32,32,32,32,32,32,32,32,32,32,32,32,32,32,32,32,32,32,32,32,32,32,32,32,32,32,32,32,32,32,32,32,32,32,32,32,32,32,32,32,32,32,32,32,32,32,32,32,32,32,32,32"
833,0.60,0.41,"0.01,0.02,0.04,0.07,0.10,0.13,0.15,0.18,0.22,0.27,0.33,0.39,0.44,0.48,0.52,0.56,0.60,0.66,0.73,0.79,0.85,0.90,0.94,0.97,1.02,1.07,1.13,1.19,1.24,1.29,1.33,1.37,1.41,1.46,1.51,1.56,1.61,1.66,1.70,1.74,1.78,1.82,1.87,1.92,1.96,2.01,2.05,2.08,2.12,2.16,2.21,2.25,2.29,2.33,2.37,2.40,2.44,2.47,2.51,2.55,2.59,2.63,2.66,2.69","3.40e-05,2.92e-09,1.20e-09,4.81e-10","1,1,1,1","4.22e-05; 8.44e-05; 1.27e-04; 1.69e-04; 2.11e-04; 2.53e-04; 2.96e-04; 3.38e-04; 3.80e-04; 4.22e-04; 4.64e-04; 5.07e-04; 5.49e-04; 5.91e-04; 6.33e-04; 6.76e-04; 7.18e-04; 7.60e-04; 8.02e-04; 8.44e-04; 8.87e-04; 9.29e-04; 9.71e-04; 1.01e-03; 1.06e-03; 1.10e-03; 1.14e-03; 1.18e-03; 1.22e-03; 1.27e-03; 1.29e-03,1.66e-05; 1.27e-03,8.22e-05; 1.25e-03,1.40e-04; 1.27e-03,1.66e-04; 1.32e-03,1.60e-04; 1.38e-03,1.44e-04; 1.42e-03,1.38e-04; 1.45e-03,1.56e-04; 1.45e-03,1.96e-04; 1.44e-03,2.50e-04; 1.43e-03,2.99e-04; 1.45e-03,3.25e-04; 1.49e-03,3.25e-04; 1.54e-03,3.13e-04; 1.59e-03,3.08e-04; 1.62e-03,3.22e-04; 1.63e-03,3.56e-04; 1.62e-03,4.03e-04; 1.62e-03,4.47e-04; 1.64e-03,4.72e-04; 1.68e-03,4.76e-04; 1.73e-03,4.67e-04; 1.78e-03,4.62e-04; 1.79e-03,4.89e-04; 1.80e-03,5.19e-04; 1.80e-03,5.61e-04; 1.81e-03,6.00e-04; 1.82e-03,6.26e-04; 1.86e-03,6.33e-04; 1.91e-03,6.28e-04; 1.95e-03,6.26e-04; 1.98e-03,6.36e-04; 2.00e-03,6.64e-04; 2.00e-03,7.03e-04","25,25,25,25,25,25,25,25,25,25,25,25,25,25,25,25,25,25,25,25,25,25,25,25,25,25,25,25,25,25,25,25,25,25,25,25,25,25,25,25,25,25,25,25,25,25,25,25,25,25,25,25,25,25,25,25,25,25,25,25,25,25,25,25"
834,0.01,0.00,"0.00,0.00,0.00,0.00,0.00,0.00,0.00,0.00,0.00,0.00,0.00,0.00,0.00,0.00,0.00,0.00,0.00,0.00,0.01,0.01,0.01,0.01,0.01,0.01,0.01,0.01,0.01,0.01,0.01,0.01,0.01,0.01,0.01,0.01,0.01,0.01,0.02,0.02,0.02,0.02,0.02,0.02,0.02,0.02,0.02,0.02,0.02,0.02,0.02,0.02,0.02,0.02,0.02,0.03,0.03,0.03,0.03,0.03,0.03,0.03,0.03,0.03,0.03,0.03","2.48e-07,2.79e-11,1.20e-11,8.64e-12","13,13,13,13",; ; ; 1.23e-06; 1.54e-06; 1.84e-06; 2.15e-06; 2.46e-06; 2.77e-06; 3.07e-06; 3.38e-06; 3.69e-06; 3.99e-06; 4.30e-06; 4.61e-06; 4.92e-06; 5.22e-06; 5.53e-06; 5.84e-06; 6.15e-06; 6.45e-06; 6.76e-06; 7.07e-06; 7.37e-06; 7.68e-06; 7.99e-06; 8.30e-06; 8.60e-06; 8.91e-06; 9.22e-06; 9.53e-06; 9.83e-06; 1.01e-05; 1.04e-05; 1.08e-05; 1.11e-05; 1.14e-05; 1.17e-05; 1.20e-05; 1.23e-05; 1.26e-05; 1.29e-05; 1.32e-05; 1.35e-05; 1.38e-05; 1.41e-05; 1.44e-05; 1.47e-05; 1.51e-05; 1.54e-05; 1.57e-05; 1.60e-05; 1.63e-05; 1.66e-05; 1.69e-05; 1.72e-05; 1.75e-05; 1.78e-05; 1.81e-05; 1.84e-05; 1.87e-05; 1.91e-05; 1.94e-05; 1.97e-05,"30,30,30,30,30,30,30,30,30,30,30,30,30,30,30,30,30,30,30,30,30,30,30,30,30,30,30,30,30,30,30,30,30,30,30,30,30,30,30,30,30,30,30,30,30,30,30,30,30,30,30,30,30,30,24,30,30,30,30,30,30,30,30,30"
835,0.01,0.00,"0.00,0.00,0.00,0.00,0.00,0.00,0.00,0.00,0.00,0.00,0.00,0.00,0.00,0.00,0.00,0.00,0.00,0.00,0.00,0.00,0.01,0.01,0.01,0.01,0.01,0.01,0.01,0.01,0.01,0.01,0.01,0.01,0.01,0.01,0.01,0.01,0.01,0.01,0.01,0.01,0.01,0.02,0.02,0.02,0.02,0.02,0.02,0.02,0.02,0.02,0.02,0.02,0.02,0.02,0.02,0.02,0.02,0.02,0.03,0.03,0.03,0.03,0.03,0.03","2.93e-07,2.03e-11,1.02e-11,8.05e-12","5,5,5,5",; ; 1.09e-06; 1.45e-06; 1.82e-06; 2.18e-06; 2.54e-06; 2.91e-06; 3.27e-06; 3.63e-06; 4.00e-06; 4.36e-06; 4.72e-06; 5.09e-06; 5.45e-06; 5.81e-06; 6.17e-06; 6.54e-06; 6.90e-06; 7.26e-06; 7.63e-06; 7.99e-06; 8.35e-06; 8.72e-06; 9.08e-06; 9.44e-06; 9.81e-06; 1.02e-05; 1.05e-05; 1.09e-05; 1.13e-05; 1.16e-05; 1.20e-05; 1.24e-05; 1.27e-05; 1.31e-05; 1.34e-05; 1.38e-05; 1.42e-05; 1.45e-05; 1.49e-05; 1.53e-05; 1.56e-05; 1.60e-05; 1.63e-05; 1.67e-05; 1.71e-05; 1.74e-05; 1.78e-05; 1.82e-05; 1.85e-05; 1.89e-05; 1.93e-05; 1.96e-05; 2.00e-05; 2.03e-05; 2.07e-05; 2.11e-05; 2.14e-05; 2.18e-05; 2.22e-05; 2.25e-05; 2.29e-05; 2.32e-05,"31,31,31,31,31,31,31,31,31,31,31,31,31,29,31,31,31,31,31,31,31,31,31,31,31,31,31,31,31,31,31,31,31,31,31,31,31,31,31,31,31,31,31,31,31,31,31,31,31,31,29,31,31,31,31,31,31,31,31,31,31,31,31,31"
836,0.01,0.01,"0.00,0.00,0.00,0.00,0.00,0.00,0.00,0.00,0.00,0.01,0.01,0.01,0.01,0.01,0.01,0.02,0.02,0.02,0.02,0.02,0.03,0.03,0.03,0.03,0.04,0.04,0.04,0.05,0.05,0.05,0.06,0.06,0.06,0.07,0.07,0.08,0.08,0.08,0.09,0.09,0.09,0.10,0.10,0.11,0.11,0.12,0.12,0.13,0.13,0.14,0.14,0.15,0.16,0.16,0.17,0.17,0.17,0.18,0.19,0.19,0.20,0.21,0.21,0.22","5.47e-07,2.32e-11,1.67e-11,1.05e-11","4,4,4,4",; 1.36e-06; 2.04e-06; 2.72e-06; 3.39e-06; 4.07e-06; 4.75e-06; 5.43e-06; 6.11e-06; 6.79e-06; 7.47e-06; 8.15e-06; 8.83e-06; 9.51e-06; 1.02e-05; 1.09e-05; 1.15e-05; 1.22e-05; 1.29e-05; 1.36e-05; 1.43e-05; 1.49e-05; 1.56e-05; 1.63e-05; 1.70e-05; 1.77e-05; 1.83e-05; 1.90e-05; 1.97e-05; 2.04e-05; 2.10e-05; 2.17e-05; 2.24e-05; 2.31e-05; 2.38e-05; 2.44e-05; 2.51e-05; 2.58e-05; 2.65e-05; 2.72e-05; 2.78e-05; 2.85e-05; 2.92e-05; 2.99e-05; 3.06e-05; 3.12e-05; 3.19e-05; 3.26e-05; 3.33e-05; 3.39e-05; 3.46e-05; 3.53e-05; 3.60e-05; 3.67e-05; 3.73e-05; 3.80e-05; 3.87e-05; 3.94e-05; 4.01e-05; 4.07e-05; 4.14e-05; 4.21e-05; 4.28e-05; 4.35e-05,"32,32,32,32,32,32,32,32,32,32,32,32,32,32,32,32,32,32,32,32,32,32,32,32,32,32,32,32,32,32,32,32,32,32,32,32,32,32,32,32,32,32,32,32,32,32,32,32,32,32,32,32,32,32,32,32,32,32,32,32,32,32,32,32"
837,0.01,0.00,"0.00,0.00,0.00,0.00,0.00,0.00,0.00,0.00,0.00,0.00,0.00,0.00,0.01,0.01,0.01,0.01,0.01,0.01,0.01,0.01,0.01,0.01,0.02,0.02,0.02,0.02,0.02,0.02,0.03,0.03,0.03,0.03,0.03,0.03,0.04,0.04,0.04,0.04,0.04,0.05,0.05,0.05,0.05,0.06,0.06,0.06,0.06,0.07,0.07,0.07,0.07,0.08,0.08,0.08,0.08,0.09,0.09,0.09,0.10,0.10,0.10,0.11,0.11,0.11","7.19e-07,5.19e-11,2.03e-11,1.47e-11","8,8,8,8",; 1.79e-06; 2.68e-06; 3.57e-06; 4.46e-06; 5.36e-06; 6.25e-06; 7.14e-06; 8.03e-06; 8.93e-06; 9.82e-06; 1.07e-05; 1.16e-05; 1.25e-05; 1.34e-05; 1.43e-05; 1.52e-05; 1.61e-05; 1.70e-05; 1.79e-05; 1.87e-05; 1.96e-05; 2.05e-05; 2.14e-05; 2.23e-05; 2.32e-05; 2.41e-05; 2.50e-05; 2.59e-05; 2.68e-05; 2.77e-05; 2.86e-05; 2.95e-05; 3.04e-05; 3.12e-05; 3.21e-05; 3.30e-05; 3.39e-05; 3.48e-05; 3.57e-05; 3.66e-05; 3.75e-05; 3.84e-05; 3.93e-05; 4.02e-05; 4.11e-05; 4.20e-05; 4.28e-05; 4.37e-05; 4.46e-05; 4.55e-05; 4.64e-05; 4.73e-05; 4.82e-05; 4.91e-05; 5.00e-05; 5.09e-05; 5.18e-05; 5.27e-05; 5.36e-05; 5.45e-05; 5.53e-05; 5.62e-05; 5.71e-05,"31,31,31,31,31,31,31,31,31,31,31,31,31,31,31,31,31,31,31,31,31,31,31,31,31,31,31,31,31,31,31,31,31,31,31,31,31,31,31,31,31,31,31,31,31,31,31,31,31,31,31,31,31,31,31,31,31,31,31,31,31,31,31,31"
838,0.01,0.01,"0.00,0.00,0.00,0.00,0.00,0.00,0.00,0.01,0.01,0.01,0.01,0.01,0.02,0.02,0.02,0.02,0.03,0.03,0.03,0.04,0.04,0.05,0.05,0.05,0.06,0.06,0.07,0.07,0.08,0.08,0.09,0.09,0.10,0.10,0.11,0.12,0.12,0.13,0.13,0.14,0.15,0.15,0.16,0.17,0.17,0.18,0.19,0.19,0.20,0.21,0.22,0.22,0.23,0.24,0.25,0.25,0.26,0.27,0.28,0.29,0.29,0.30,0.31,0.32","7.31e-07,6.72e-11,2.61e-11,1.48e-11","4,4,4,4",; 1.81e-06; 2.72e-06; 3.63e-06; 4.54e-06; 5.44e-06; 6.35e-06; 7.26e-06; 8.17e-06; 9.07e-06; 9.98e-06; 1.09e-05; 1.18e-05; 1.27e-05; 1.36e-05; 1.45e-05; 1.54e-05; 1.63e-05; 1.72e-05; 1.81e-05; 1.91e-05; 2.00e-05; 2.09e-05; 2.18e-05; 2.27e-05; 2.36e-05; 2.45e-05; 2.54e-05; 2.63e-05; 2.72e-05; 2.81e-05; 2.90e-05; 2.99e-05; 3.08e-05; 3.18e-05; 3.27e-05; 3.36e-05; 3.45e-05; 3.54e-05; 3.63e-05; 3.72e-05; 3.81e-05; 3.90e-05; 3.99e-05; 4.08e-05; 4.17e-05; 4.26e-05; 4.35e-05; 4.45e-05; 4.54e-05; 4.63e-05; 4.72e-05; 4.81e-05; 4.90e-05; 4.99e-05; 5.08e-05; 5.17e-05; 5.26e-05; 5.35e-05; 5.44e-05; 5.53e-05; 5.63e-05; 5.72e-05; 5.81e-05,"32,32,32,32,32,32,32,32,32,32,32,32,32,32,32,32,32,32,32,32,32,32,32,32,32,32,32,32,32,32,32,32,32,32,32,32,32,32,32,32,32,32,32,32,32,32,32,32,32,32,32,32,32,32,32,32,32,32,32,32,32,32,32,32"
839,0.01,0.00,"0.00,0.00,0.00,0.00,0.00,0.00,0.00,0.00,0.00,0.00,0.00,0.00,0.00,0.00,0.00,0.00,0.01,0.01,0.01,0.01,0.01,0.01,0.01,0.01,0.01,0.01,0.01,0.01,0.02,0.02,0.02,0.02,0.02,0.02,0.02,0.02,0.03,0.03,0.03,0.03,0.03,0.03,0.03,0.04,0.04,0.04,0.04,0.04,0.04,0.05,0.05,0.05,0.05,0.05,0.06,0.06,0.06,0.06,0.06,0.07,0.07,0.07,0.07,0.07","3.90e-07,2.25e-11,6.30e-12,4.85e-12","1,1,1,1",; ; 1.45e-06; 1.94e-06; 2.42e-06; 2.91e-06; 3.39e-06; 3.87e-06; 4.36e-06; 4.84e-06; 5.33e-06; 5.81e-06; 6.29e-06; 6.78e-06; 7.26e-06; 7.75e-06; 8.23e-06; 8.72e-06; 9.20e-06; 9.68e-06; 1.02e-05; 1.07e-05; 1.11e-05; 1.16e-05; 1.21e-05; 1.26e-05; 1.31e-05; 1.36e-05; 1.40e-05; 1.45e-05; 1.50e-05; 1.55e-05; 1.60e-05; 1.65e-05; 1.69e-05; 1.74e-05; 1.79e-05; 1.84e-05; 1.89e-05; 1.94e-05; 1.99e-05; 2.03e-05; 2.08e-05; 2.13e-05; 2.18e-05; 2.23e-05; 2.28e-05; 2.32e-05; 2.37e-05; 2.42e-05; 2.47e-05; 2.52e-05; 2.57e-05; 2.61e-05; 2.66e-05; 2.71e-05; 2.76e-05; 2.81e-05; 2.86e-05; 2.91e-05; 2.95e-05; 3.00e-05; 3.05e-05; 3.10e-05,"32,32,32,32,32,32,32,32,32,32,32,32,32,32,32,32,32,32,32,32,32,32,32,32,32,32,32,32,32,32,32,32,32,32,32,32,32,32,32,32,32,32,32,32,32,32,32,32,32,32,32,32,32,32,32,32,32,32,32,32,32,32,32,32"
840,0.01,0.01,"0.00,0.00,0.00,0.00,0.00,0.00,0.00,0.00,0.00,0.00,0.00,0.01,0.01,0.01,0.01,0.01,0.01,0.01,0.01,0.01,0.02,0.02,0.02,0.02,0.02,0.02,0.03,0.03,0.03,0.03,0.03,0.04,0.04,0.04,0.04,0.04,0.05,0.05,0.05,0.05,0.06,0.06,0.06,0.06,0.07,0.07,0.07,0.08,0.08,0.08,0.08,0.09,0.09,0.10,0.10,0.10,0.10,0.11,0.11,0.11,0.12,0.12,0.13,0.13","9.00e-07,8.66e-11,4.13e-11,2.09e-11","0,0,0,0",1.12e-06; 2.23e-06; 3.35e-06; 4.47e-06; 5.59e-06; 6.70e-06; 7.82e-06; 8.94e-06; 1.01e-05; 1.12e-05; 1.23e-05; 1.34e-05; 1.45e-05; 1.56e-05; 1.68e-05; 1.79e-05; 1.90e-05; 2.01e-05; 2.12e-05; 2.23e-05; 2.35e-05; 2.46e-05; 2.57e-05; 2.68e-05; 2.79e-05; 2.91e-05; 3.02e-05; 3.13e-05; 3.24e-05; 3.35e-05; 3.46e-05; 3.58e-05; 3.69e-05; 3.80e-05; 3.91e-05; 4.02e-05; 4.13e-05; 4.25e-05; 4.36e-05; 4.47e-05; 4.58e-05; 4.69e-05; 4.80e-05; 4.92e-05; 5.03e-05; 5.14e-05; 5.25e-05; 5.36e-05; 5.48e-05; 5.59e-05; 5.70e-05; 5.81e-05; 5.92e-05; 6.03e-05; 6.15e-05; 6.26e-05; 6.37e-05; 6.48e-05; 6.59e-05; 6.70e-05; 6.82e-05; 6.93e-05; 7.04e-05; 7.15e-05,"24,24,24,24,24,24,24,24,24,24,24,24,24,24,24,24,24,24,24,24,24,24,24,24,24,24,24,24,24,24,24,24,24,24,24,24,24,24,24,24,24,24,24,24,24,24,24,24,24,24,24,24,24,24,24,24,24,24,24,24,24,24,24,24"
848,50.01,43.18,"12.86,18.09,22.11,24.86,27.15,29.52,31.26,32.96,34.79,36.14,37.09,38.17,38.94,39.65,40.13,41.42,42.17,42.82,43.53,44.06,44.33,44.90,45.67,46.33,46.84,47.17,47.65,48.36,48.42,48.68,49.45,49.56,50.27,50.52,51.18,51.07,51.68,51.66,51.83,52.87,52.46,52.95,53.17,53.14,53.80,53.21,53.89,54.89,53.67,54.72,54.72,56.51,54.33,55.45,56.06,55.64,57.39,56.37,56.44,55.99,57.34,57.06,57.70,57.25","1.09e+02,1.09e+02,1.09e+02,1.05e+02","12,4,12,4","7.13e+02; 7.50e+02,6.76e+02; 1.08e+03,1.06e+03; 1.43e+03,1.42e+03; 1.34e+03,1.33e+03,8.90e+02; 1.56e+03,1.56e+03,1.13e+03,2.82e+01; 1.59e+03,1.59e+03,1.13e+03,6.83e+02; 1.68e+03,1.68e+03,1.27e+03,1.07e+03; 1.80e+03,1.79e+03,1.54e+03,1.28e+03; 1.99e+03,1.98e+03,1.79e+03,1.36e+03; 2.16e+03,2.15e+03,2.00e+03,1.54e+03; 2.32e+03,2.32e+03,2.18e+03,1.74e+03; 2.54e+03,2.54e+03,2.41e+03,1.77e+03; 2.69e+03,2.69e+03,2.57e+03,2.03e+03; 2.82e+03,2.82e+03,2.72e+03,2.33e+03; 2.98e+03,2.98e+03,2.87e+03,2.58e+03; 3.15e+03,3.15e+03,3.05e+03,2.77e+03; 3.32e+03,3.32e+03,3.22e+03,2.97e+03; 3.50e+03,3.49e+03,3.40e+03,3.15e+03; 3.68e+03,3.67e+03,3.59e+03,3.32e+03; 3.87e+03,3.87e+03,3.78e+03,3.45e+03; 4.03e+03,4.03e+03,3.94e+03,3.68e+03; 4.19e+03,4.19e+03,4.12e+03,3.90e+03; 4.36e+03,4.36e+03,4.29e+03,4.11e+03; 4.53e+03,4.53e+03,4.46e+03,4.30e+03; 4.71e+03,4.71e+03,4.64e+03,4.46e+03; 4.88e+03,4.88e+03,4.82e+03,4.66e+03; 5.06e+03,5.06e+03,5.00e+03,4.84e+03; 5.26e+03,5.26e+03,5.19e+03,4.97e+03; 5.42e+03,5.41e+03,5.35e+03,5.20e+03; 5.59e+03,5.59e+03,5.52e+03,5.40e+03; 5.76e+03,5.76e+03,5.70e+03,5.59e+03; 5.94e+03,5.94e+03,5.87e+03,5.78e+03; 6.11e+03,6.11e+03,6.05e+03,5.95e+03; 6.29e+03,6.29e+03,6.23e+03,6.13e+03; 6.47e+03,6.47e+03,6.41e+03,6.31e+03; 6.65e+03,6.65e+03,6.59e+03,6.48e+03; 6.83e+03,6.83e+03,6.77e+03,6.66e+03; 7.00e+03,7.00e+03,6.95e+03,6.85e+03; 7.18e+03,7.18e+03,7.13e+03,7.03e+03; 7.35e+03,7.35e+03,7.31e+03,7.21e+03; 7.54e+03,7.54e+03,7.49e+03,7.38e+03; 7.71e+03,7.71e+03,7.66e+03,7.56e+03; 7.89e+03,7.89e+03,7.84e+03,7.74e+03; 8.07e+03,8.07e+03,8.01e+03,7.92e+03; 8.24e+03,8.24e+03,8.20e+03,8.11e+03; 8.42e+03,8.42e+03,8.37e+03,8.29e+03; 8.60e+03,8.60e+03,8.55e+03,8.47e+03; 8.77e+03,8.77e+03,8.73e+03,8.65e+03; 8.95e+03,8.95e+03,8.91e+03,8.83e+03; 9.13e+03,9.13e+03,9.08e+03,9.02e+03; 9.30e+03,9.30e+03,9.26e+03,9.20e+03; 9.48e+03,9.48e+03,9.44e+03,9.38e+03; 9.66e+03,9.66e+03,9.62e+03,9.55e+03; 9.84e+03,9.84e+03,9.80e+03,9.73e+03; 1.00e+04,1.00e+04,9.98e+03,9.91e+03; 1.02e+04,1.02e+04,1.02e+04,1.01e+04; 1.04e+04,1.04e+04,1.03e+04,1.03e+04; 1.05e+04,1.05e+04,1.05e+04,1.05e+04; 1.07e+04,1.07e+04,1.07e+04,1.06e+04; 1.09e+04,1.09e+04,1.09e+04,1.08e+04; 1.11e+04,1.11e+04,1.10e+04,1.10e+04; 1.13e+04,1.13e+04,1.12e+04,1.12e+04; 1.14e+04,1.14e+04,1.14e+04,1.14e+04","31,31,31,31,47,31,31,31,47,47,31,31,47,47,31,31,31,31,31,31,31,31,31,31,31,47,31,31,14,31,31,31,31,47,14,31,47,31,47,63,47,63,14,47,14,31,31,63,14,31,31,31,63,47,14,63,31,31,47,63,14,47,31,31"
849,44.06,36.81,"15.48,19.03,22.08,24.61,26.73,28.65,30.22,31.41,32.42,33.44,34.14,34.97,35.76,36.36,36.95,37.76,38.34,38.95,39.46,40.32,40.86,40.88,41.51,42.00,42.44,42.64,42.81,43.71,44.26,44.45,44.49,44.42,45.02,45.72,45.88,46.68,46.95,46.91,47.68,48.05,47.46,47.59,48.19,49.01,49.98,50.08,47.62,48.87,49.55,49.00,49.95,51.52,53.18,49.79,51.33,52.71,50.18,51.31,52.79,51.87,54.33,53.45,55.07,50.86","1.56e+02,1.55e+02,1.54e+02,1.46e+02","11,0,11,0","9.21e+02; 1.01e+03,8.32e+02; 1.17e+03,1.01e+03,5.79e+02; 1.40e+03,1.26e+03,1.03e+03; 1.66e+03,1.54e+03,1.40e+03; 1.95e+03,1.86e+03,1.73e+03; 2.24e+03,2.17e+03,2.04e+03; 2.47e+03,2.42e+03,2.27e+03,2.12e+02; 2.64e+03,2.58e+03,2.47e+03,6.00e+02; 2.86e+03,2.81e+03,2.67e+03,8.61e+02; 3.16e+03,3.12e+03,2.98e+03,8.69e+02; 3.29e+03,3.24e+03,3.12e+03,1.40e+03; 3.47e+03,3.42e+03,3.21e+03,1.88e+03; 3.54e+03,3.49e+03,3.36e+03,2.51e+03; 3.74e+03,3.70e+03,3.57e+03,2.80e+03; 3.92e+03,3.88e+03,3.75e+03,3.19e+03; 4.24e+03,4.19e+03,4.00e+03,3.23e+03; 4.40e+03,4.36e+03,4.20e+03,3.62e+03; 4.63e+03,4.58e+03,4.45e+03,3.83e+03; 4.91e+03,4.87e+03,4.74e+03,3.90e+03; 5.21e+03,5.17e+03,4.92e+03,4.04e+03; 5.39e+03,5.35e+03,5.16e+03,4.36e+03; 5.57e+03,5.53e+03,5.36e+03,4.73e+03; 5.72e+03,5.68e+03,5.56e+03,5.14e+03; 5.95e+03,5.92e+03,5.80e+03,5.35e+03; 6.22e+03,6.19e+03,6.02e+03,5.53e+03; 6.47e+03,6.44e+03,6.28e+03,5.68e+03; 6.66e+03,6.62e+03,6.51e+03,6.00e+03; 7.02e+03,6.98e+03,6.69e+03,6.02e+03; 7.21e+03,7.17e+03,6.97e+03,6.28e+03; 7.38e+03,7.34e+03,7.21e+03,6.62e+03; 7.56e+03,7.52e+03,7.42e+03,6.98e+03; 7.79e+03,7.76e+03,7.65e+03,7.19e+03; 8.05e+03,8.02e+03,7.92e+03,7.33e+03; 8.32e+03,8.28e+03,8.15e+03,7.49e+03; 8.63e+03,8.60e+03,8.19e+03,7.73e+03; 8.78e+03,8.75e+03,8.64e+03,7.91e+03; 8.97e+03,8.94e+03,8.82e+03,8.28e+03; 9.27e+03,9.24e+03,9.04e+03,8.38e+03; 9.46e+03,9.43e+03,9.27e+03,8.69e+03; 9.64e+03,9.62e+03,9.49e+03,9.01e+03; 9.91e+03,9.89e+03,9.77e+03,9.12e+03; 1.01e+04,1.01e+04,9.91e+03,9.52e+03; 1.04e+04,1.03e+04,1.02e+04,9.65e+03; 1.07e+04,1.06e+04,1.04e+04,9.75e+03; 1.08e+04,1.08e+04,1.07e+04,1.00e+04; 1.10e+04,1.10e+04,1.09e+04,1.04e+04; 1.12e+04,1.12e+04,1.11e+04,1.07e+04; 1.15e+04,1.14e+04,1.13e+04,1.09e+04; 1.17e+04,1.17e+04,1.16e+04,1.10e+04; 1.19e+04,1.19e+04,1.18e+04,1.14e+04; 1.23e+04,1.22e+04,1.18e+04,1.16e+04; 1.25e+04,1.25e+04,1.22e+04,1.16e+04; 1.28e+04,1.28e+04,1.24e+04,1.18e+04; 1.29e+04,1.29e+04,1.27e+04,1.21e+04; 1.31e+04,1.31e+04,1.29e+04,1.25e+04; 1.33e+04,1.33e+04,1.32e+04,1.27e+04; 1.36e+04,1.35e+04,1.34e+04,1.29e+04; 1.38e+04,1.38e+04,1.36e+04,1.32e+04; 1.42e+04,1.42e+04,1.37e+04,1.32e+04; 1.43e+04,1.43e+04,1.41e+04,1.34e+04; 1.46e+04,1.46e+04,1.44e+04,1.36e+04; 1.48e+04,1.48e+04,1.46e+04,1.39e+04; 1.49e+04,1.49e+04,1.48e+04,1.44e+04","39,33,39,39,39,39,39,39,33,39,39,33,33,33,39,33,33,39,33,39,39,33,39,33,39,37,33,33,33,33,33,33,39,22,39,22,39,39,37,39,33,39,37,39,37,22,39,39,37,39,37,39,37,37,22,37,22,39,37,22,39,22,22,22"
850,45.32,37.70,"14.37,18.28,22.36,25.43,28.04,29.83,31.42,32.73,33.46,34.62,35.39,36.13,36.80,37.66,38.58,39.39,39.96,40.44,41.00,41.34,41.80,42.19,42.75,43.32,43.63,44.21,44.40,44.62,45.05,45.38,45.89,46.09,46.61,46.89,47.19,47.15,47.12,47.86,48.04,49.01,48.86,48.65,49.09,49.17,49.44,49.79,49.65,50.17,50.13,50.56,50.84,50.83,51.90,51.88,51.60,51.80,52.55,52.92,51.91,52.20,52.22,53.07,52.97,52.73","1.13e+02,1.12e+02,1.12e+02,1.02e+02","8,1,8,8","6.55e+02; 7.09e+02,6.01e+02; 7.64e+02,6.98e+02,5.03e+02; 9.43e+02,8.91e+02,7.87e+02; 1.14e+03,1.11e+03,1.03e+03; 1.26e+03,1.24e+03,1.13e+03,2.98e+02; 1.39e+03,1.37e+03,1.20e+03,6.27e+02; 1.56e+03,1.54e+03,1.34e+03,7.93e+02; 1.69e+03,1.67e+03,1.47e+03,1.07e+03; 1.92e+03,1.90e+03,1.68e+03,1.05e+03; 2.06e+03,2.05e+03,1.88e+03,1.21e+03; 2.34e+03,2.33e+03,2.08e+03,1.12e+03; 2.60e+03,2.59e+03,2.35e+03,9.82e+02; 2.67e+03,2.65e+03,2.41e+03,1.44e+03; 2.85e+03,2.84e+03,2.58e+03,1.57e+03; 3.01e+03,3.01e+03,2.74e+03,1.72e+03; 3.19e+03,3.18e+03,2.91e+03,1.86e+03; 3.35e+03,3.34e+03,3.09e+03,2.01e+03; 3.52e+03,3.51e+03,3.25e+03,2.17e+03; 3.76e+03,3.76e+03,3.48e+03,2.10e+03; 4.05e+03,4.05e+03,3.86e+03,1.80e+03; 4.00e+03,4.00e+03,3.74e+03,2.67e+03; 4.17e+03,4.17e+03,3.91e+03,2.82e+03; 4.34e+03,4.33e+03,4.06e+03,3.00e+03; 4.48e+03,4.47e+03,4.21e+03,3.22e+03; 4.64e+03,4.64e+03,4.36e+03,3.39e+03; 4.80e+03,4.79e+03,4.53e+03,3.56e+03; 4.99e+03,4.98e+03,4.66e+03,3.72e+03; 5.30e+03,5.29e+03,5.07e+03,3.34e+03; 5.29e+03,5.29e+03,5.06e+03,4.01e+03; 5.44e+03,5.44e+03,5.19e+03,4.23e+03; 5.61e+03,5.61e+03,5.36e+03,4.38e+03; 5.77e+03,5.76e+03,5.51e+03,4.58e+03; 5.92e+03,5.91e+03,5.67e+03,4.78e+03; 6.10e+03,6.09e+03,5.85e+03,4.89e+03; 6.28e+03,6.27e+03,5.96e+03,5.07e+03; 6.61e+03,6.60e+03,6.42e+03,4.62e+03; 6.58e+03,6.58e+03,6.34e+03,5.40e+03; 6.73e+03,6.72e+03,6.49e+03,5.61e+03; 6.90e+03,6.90e+03,6.66e+03,5.75e+03; 7.07e+03,7.06e+03,6.82e+03,5.91e+03; 7.24e+03,7.23e+03,6.97e+03,6.08e+03; 7.39e+03,7.39e+03,7.15e+03,6.24e+03; 7.57e+03,7.57e+03,7.32e+03,6.37e+03; 7.64e+03,7.64e+03,7.53e+03,6.67e+03; 7.96e+03,7.96e+03,7.74e+03,6.48e+03; 8.04e+03,8.04e+03,7.82e+03,6.89e+03; 8.19e+03,8.19e+03,7.96e+03,7.11e+03; 8.34e+03,8.34e+03,8.11e+03,7.30e+03; 8.51e+03,8.50e+03,8.28e+03,7.47e+03; 8.67e+03,8.67e+03,8.44e+03,7.63e+03; 8.84e+03,8.84e+03,8.55e+03,7.84e+03; 9.08e+03,9.08e+03,8.86e+03,7.70e+03; 8.99e+03,8.98e+03,8.89e+03,8.52e+03; 9.34e+03,9.34e+03,9.12e+03,8.23e+03; 9.51e+03,9.50e+03,9.28e+03,8.40e+03; 9.65e+03,9.65e+03,9.43e+03,8.61e+03; 9.82e+03,9.82e+03,9.60e+03,8.77e+03; 9.96e+03,9.96e+03,9.75e+03,8.99e+03; 1.02e+04,1.02e+04,9.92e+03,9.04e+03; 1.03e+04,1.03e+04,1.01e+04,9.23e+03; 1.05e+04,1.05e+04,1.03e+04,9.23e+03; 1.06e+04,1.06e+04,1.04e+04,9.63e+03; 1.08e+04,1.08e+04,1.06e+04,9.74e+03","39,33,39,39,39,39,39,33,33,39,33,39,33,39,39,39,39,33,39,39,39,33,39,39,33,39,33,39,33,22,33,39,33,39,22,39,33,37,39,22,22,39,33,33,37,22,33,33,33,39,22,39,22,22,39,22,37,37,37,22,39,37,22,37"
851,42.20,36.10,"12.15,16.90,20.51,23.56,25.72,27.44,28.99,30.28,31.72,32.75,33.55,34.32,35.14,35.95,36.69,37.33,38.05,38.57,39.01,39.50,39.99,40.50,41.00,41.36,41.89,42.28,42.64,43.04,43.34,43.71,44.17,44.35,44.81,45.12,45.33,45.59,45.92,46.12,46.46,46.67,46.96,47.07,47.42,47.63,48.03,48.08,48.37,48.56,48.91,48.90,49.23,49.41,49.49,49.67,50.05,50.30,50.48,50.91,51.08,51.01,51.22,51.34,51.71,51.79","6.65e+01,6.63e+01,6.58e+01,6.05e+01","8,0,8,0","3.76e+02; 3.98e+02,3.55e+02; 4.73e+02,4.41e+02,2.14e+02; 5.49e+02,5.10e+02,4.46e+02; 6.66e+02,6.39e+02,5.75e+02; 7.97e+02,7.59e+02,7.01e+02; 8.08e+02,7.62e+02,6.87e+02,3.76e+02; 8.99e+02,8.48e+02,7.86e+02,4.76e+02; 9.78e+02,9.39e+02,8.58e+02,6.11e+02; 1.06e+03,1.02e+03,9.52e+02,7.23e+02; 1.16e+03,1.12e+03,1.06e+03,8.03e+02; 1.26e+03,1.22e+03,1.16e+03,8.86e+02; 1.35e+03,1.31e+03,1.25e+03,9.71e+02; 1.45e+03,1.41e+03,1.35e+03,1.06e+03; 1.53e+03,1.49e+03,1.44e+03,1.18e+03; 1.62e+03,1.58e+03,1.52e+03,1.30e+03; 1.70e+03,1.66e+03,1.61e+03,1.42e+03; 1.79e+03,1.75e+03,1.71e+03,1.52e+03; 1.88e+03,1.85e+03,1.81e+03,1.61e+03; 1.98e+03,1.94e+03,1.91e+03,1.70e+03; 2.07e+03,2.04e+03,2.00e+03,1.79e+03; 2.17e+03,2.13e+03,2.09e+03,1.88e+03; 2.26e+03,2.22e+03,2.18e+03,1.99e+03; 2.34e+03,2.31e+03,2.27e+03,2.10e+03; 2.44e+03,2.40e+03,2.37e+03,2.20e+03; 2.53e+03,2.49e+03,2.46e+03,2.30e+03; 2.62e+03,2.59e+03,2.56e+03,2.39e+03; 2.71e+03,2.68e+03,2.65e+03,2.48e+03; 2.81e+03,2.78e+03,2.75e+03,2.58e+03; 2.90e+03,2.87e+03,2.84e+03,2.68e+03; 2.99e+03,2.96e+03,2.93e+03,2.78e+03; 3.08e+03,3.05e+03,3.03e+03,2.87e+03; 3.17e+03,3.14e+03,3.12e+03,2.98e+03; 3.27e+03,3.24e+03,3.21e+03,3.07e+03; 3.36e+03,3.33e+03,3.31e+03,3.16e+03; 3.46e+03,3.42e+03,3.41e+03,3.26e+03; 3.55e+03,3.52e+03,3.50e+03,3.35e+03; 3.64e+03,3.61e+03,3.60e+03,3.44e+03; 3.74e+03,3.71e+03,3.69e+03,3.54e+03; 3.83e+03,3.80e+03,3.78e+03,3.64e+03; 3.92e+03,3.89e+03,3.87e+03,3.74e+03; 4.01e+03,3.98e+03,3.97e+03,3.83e+03; 4.11e+03,4.08e+03,4.06e+03,3.93e+03; 4.20e+03,4.17e+03,4.16e+03,4.02e+03; 4.29e+03,4.27e+03,4.25e+03,4.11e+03; 4.39e+03,4.36e+03,4.34e+03,4.21e+03; 4.48e+03,4.45e+03,4.44e+03,4.31e+03; 4.57e+03,4.55e+03,4.53e+03,4.41e+03; 4.66e+03,4.64e+03,4.62e+03,4.51e+03; 4.76e+03,4.73e+03,4.72e+03,4.60e+03; 4.85e+03,4.83e+03,4.81e+03,4.69e+03; 4.95e+03,4.92e+03,4.91e+03,4.79e+03; 5.04e+03,5.01e+03,5.00e+03,4.88e+03; 5.14e+03,5.11e+03,5.10e+03,4.96e+03; 5.23e+03,5.20e+03,5.19e+03,5.07e+03; 5.32e+03,5.30e+03,5.28e+03,5.16e+03; 5.41e+03,5.39e+03,5.37e+03,5.26e+03; 5.51e+03,5.49e+03,5.47e+03,5.35e+03; 5.60e+03,5.58e+03,5.56e+03,5.45e+03; 5.69e+03,5.67e+03,5.66e+03,5.54e+03; 5.79e+03,5.77e+03,5.75e+03,5.63e+03; 5.89e+03,5.87e+03,5.85e+03,5.72e+03; 5.98e+03,5.96e+03,5.94e+03,5.82e+03; 6.07e+03,6.05e+03,6.03e+03,5.92e+03","39,33,39,39,39,39,33,33,39,33,33,39,39,39,33,33,33,33,33,33,39,39,33,33,39,33,33,39,39,33,33,39,33,39,33,33,33,39,39,33,37,33,39,37,39,33,33,39,33,37,39,39,37,22,39,39,37,39,39,39,22,22,39,33"
852,47.78,38.79,"11.80,15.15,17.93,20.57,22.83,24.56,25.97,27.29,28.36,29.37,30.11,30.79,31.44,32.17,32.90,33.63,34.23,34.73,35.19,35.62,36.02,36.43,36.91,37.37,37.78,38.17,38.54,38.93,39.21,39.48,39.87,40.30,40.67,40.95,41.18,41.52,41.87,42.01,42.24,42.60,42.87,43.05,43.39,43.46,44.10,44.03,44.17,44.54,44.66,45.01,45.11,45.34,45.80,46.05,46.08,46.09,45.98,46.28,46.65,46.89,47.51,47.74,47.45,47.71","5.96e+01,5.95e+01,5.92e+01,5.88e+01","15,1,15,15","3.70e+02; 4.54e+02,2.87e+02; 5.00e+02,3.86e+02,2.25e+02; 6.09e+02,5.51e+02,3.22e+02; 7.15e+02,6.77e+02,4.60e+02; 8.29e+02,8.03e+02,5.77e+02,1.24e+01; 8.90e+02,8.70e+02,5.78e+02,2.55e+02; 1.01e+03,9.96e+02,6.98e+02,2.55e+02; 1.07e+03,1.05e+03,7.03e+02,5.10e+02; 1.16e+03,1.14e+03,8.84e+02,5.19e+02; 1.27e+03,1.25e+03,1.01e+03,5.42e+02; 1.33e+03,1.31e+03,1.14e+03,6.71e+02; 1.38e+03,1.36e+03,1.23e+03,8.50e+02; 1.49e+03,1.48e+03,1.32e+03,9.00e+02; 1.57e+03,1.56e+03,1.39e+03,1.04e+03; 1.67e+03,1.66e+03,1.48e+03,1.11e+03; 1.77e+03,1.76e+03,1.57e+03,1.19e+03; 1.86e+03,1.85e+03,1.68e+03,1.27e+03; 1.99e+03,1.98e+03,1.78e+03,1.28e+03; 2.08e+03,2.07e+03,1.91e+03,1.34e+03; 2.18e+03,2.17e+03,2.02e+03,1.41e+03; 2.24e+03,2.23e+03,2.07e+03,1.61e+03; 2.29e+03,2.28e+03,2.11e+03,1.84e+03; 2.37e+03,2.36e+03,2.20e+03,1.96e+03; 2.48e+03,2.47e+03,2.30e+03,2.02e+03; 2.54e+03,2.54e+03,2.40e+03,2.15e+03; 2.66e+03,2.65e+03,2.49e+03,2.19e+03; 2.73e+03,2.73e+03,2.59e+03,2.32e+03; 2.84e+03,2.84e+03,2.70e+03,2.36e+03; 2.97e+03,2.96e+03,2.79e+03,2.40e+03; 3.02e+03,3.02e+03,2.87e+03,2.58e+03; 3.10e+03,3.10e+03,2.96e+03,2.70e+03; 3.22e+03,3.21e+03,3.05e+03,2.75e+03; 3.31e+03,3.30e+03,3.14e+03,2.84e+03; 3.40e+03,3.39e+03,3.24e+03,2.94e+03; 3.48e+03,3.48e+03,3.34e+03,3.03e+03; 3.57e+03,3.56e+03,3.44e+03,3.14e+03; 3.70e+03,3.69e+03,3.54e+03,3.14e+03; 3.77e+03,3.76e+03,3.59e+03,3.32e+03; 3.82e+03,3.82e+03,3.69e+03,3.48e+03; 3.92e+03,3.91e+03,3.78e+03,3.57e+03; 4.01e+03,4.01e+03,3.88e+03,3.65e+03; 4.10e+03,4.10e+03,3.97e+03,3.76e+03; 4.21e+03,4.20e+03,4.07e+03,3.82e+03; 4.32e+03,4.32e+03,4.18e+03,3.84e+03; 4.41e+03,4.41e+03,4.24e+03,3.97e+03; 4.49e+03,4.49e+03,4.34e+03,4.09e+03; 4.58e+03,4.58e+03,4.43e+03,4.20e+03; 4.66e+03,4.66e+03,4.52e+03,4.30e+03; 4.76e+03,4.76e+03,4.60e+03,4.39e+03; 4.86e+03,4.85e+03,4.70e+03,4.48e+03; 4.94e+03,4.94e+03,4.83e+03,4.55e+03; 5.08e+03,5.07e+03,4.93e+03,4.55e+03; 5.12e+03,5.12e+03,4.99e+03,4.76e+03; 5.19e+03,5.19e+03,5.08e+03,4.91e+03; 5.28e+03,5.28e+03,5.17e+03,5.02e+03; 5.38e+03,5.38e+03,5.26e+03,5.10e+03; 5.49e+03,5.48e+03,5.35e+03,5.16e+03; 5.57e+03,5.56e+03,5.45e+03,5.27e+03; 5.67e+03,5.66e+03,5.54e+03,5.35e+03; 5.82e+03,5.82e+03,5.67e+03,5.28e+03; 5.86e+03,5.86e+03,5.74e+03,5.51e+03; 5.99e+03,5.99e+03,5.81e+03,5.54e+03; 6.02e+03,6.01e+03,5.91e+03,5.76e+03","31,31,31,31,31,31,31,25,25,25,25,25,31,31,31,31,31,25,29,25,31,31,25,31,31,25,31,25,31,31,31,31,31,29,31,25,31,29,25,31,29,25,46,31,29,25,31,31,31,25,29,29,31,31,25,29,31,31,25,29,29,29,31,25"
853,41.36,36.90,"13.37,17.56,21.14,23.85,25.99,27.62,28.93,30.06,30.99,31.71,32.40,33.15,33.73,34.41,34.96,35.61,35.91,36.46,36.62,37.04,37.70,37.94,38.32,38.74,38.91,39.05,39.64,39.79,39.82,40.37,40.60,40.69,41.74,41.50,41.80,42.28,42.39,42.28,42.81,43.25,42.64,43.30,43.70,42.92,44.33,44.61,44.28,44.19,44.77,45.12,44.29,44.53,45.37,44.97,45.22,45.65,45.28,45.34,45.01,45.97,46.04,45.00,46.18,45.80","5.19e+01,5.19e+01,5.16e+01,3.61e+01","11,0,11,11","2.81e+02; 3.06e+02,2.56e+02; 4.30e+02,4.13e+02; 4.82e+02,4.73e+02,1.70e+02; 5.78e+02,5.72e+02,2.55e+02; 6.70e+02,6.66e+02,3.50e+02; 7.61e+02,7.57e+02,4.49e+02; 8.57e+02,8.54e+02,5.36e+02; 9.51e+02,9.49e+02,6.29e+02; 9.86e+02,9.84e+02,7.27e+02,1.13e+02; 1.10e+03,1.10e+03,8.13e+02,8.06e+01; 1.21e+03,1.20e+03,9.63e+02; 1.29e+03,1.29e+03,1.07e+03; 1.43e+03,1.43e+03,1.08e+03; 1.55e+03,1.54e+03,1.13e+03; 1.53e+03,1.52e+03,1.18e+03,2.69e+02; 1.77e+03,1.77e+03,1.24e+03; 1.67e+03,1.67e+03,1.26e+03,4.62e+02; 1.99e+03,1.99e+03,1.36e+03; 2.04e+03,2.04e+03,1.54e+03; 2.04e+03,2.04e+03,1.82e+03; 2.14e+03,2.13e+03,1.56e+03,3.52e+02; 2.13e+03,2.13e+03,1.71e+03,4.93e+02; 2.18e+03,2.18e+03,1.66e+03,7.17e+02; 2.28e+03,2.28e+03,1.78e+03,6.92e+02; 2.29e+03,2.29e+03,1.76e+03,9.61e+02; 2.44e+03,2.44e+03,1.86e+03,8.46e+02; 2.55e+03,2.55e+03,2.02e+03,7.45e+02; 2.93e+03,2.93e+03,2.29e+03; 3.11e+03,3.11e+03,2.21e+03; 2.79e+03,2.79e+03,2.21e+03,9.29e+02; 2.88e+03,2.88e+03,2.16e+03,1.07e+03; 3.10e+03,3.10e+03,2.33e+03,7.47e+02; 3.03e+03,3.03e+03,2.40e+03,1.09e+03; 3.03e+03,3.03e+03,2.42e+03,1.35e+03; 3.44e+03,3.44e+03,2.36e+03,8.73e+02; 3.22e+03,3.21e+03,2.90e+03,1.07e+03; 3.91e+03,3.91e+03,2.85e+03; 3.45e+03,3.45e+03,2.74e+03,1.31e+03; 3.60e+03,3.60e+03,2.78e+03,1.26e+03; 3.70e+03,3.70e+03,2.76e+03,1.37e+03; 3.74e+03,3.74e+03,2.93e+03,1.38e+03; 3.83e+03,3.83e+03,2.96e+03,1.46e+03; 4.04e+03,4.03e+03,2.74e+03,1.56e+03; 3.69e+03,3.69e+03,3.39e+03,1.88e+03; 4.14e+03,4.14e+03,3.15e+03,1.49e+03; 4.12e+03,4.12e+03,3.29e+03,1.67e+03; 4.11e+03,4.11e+03,3.10e+03,2.16e+03; 4.47e+03,4.47e+03,3.40e+03,1.43e+03; 4.37e+03,4.36e+03,3.49e+03,1.83e+03; 4.54e+03,4.53e+03,3.49e+03,1.77e+03; 3.92e+03,3.92e+03,3.65e+03,3.13e+03; 4.79e+03,4.79e+03,4.43e+03,8.84e+02; 3.99e+03,3.99e+03,3.80e+03,3.39e+03; 4.22e+03,4.22e+03,3.87e+03,3.14e+03; 4.95e+03,4.95e+03,3.89e+03,1.94e+03; 4.71e+03,4.71e+03,3.69e+03,2.91e+03; 4.74e+03,4.74e+03,3.66e+03,3.15e+03; 5.29e+03,5.29e+03,3.61e+03,2.38e+03; 5.54e+03,5.54e+03,3.39e+03,2.39e+03; 5.24e+03,5.24e+03,4.81e+03,1.86e+03; 4.59e+03,4.59e+03,4.36e+03,3.88e+03; 5.11e+03,5.11e+03,4.35e+03,3.13e+03; 4.88e+03,4.88e+03,4.48e+03,3.75e+03","30,30,30,30,30,30,30,30,30,46,30,46,30,30,30,30,30,14,46,46,30,30,46,46,30,46,14,46,62,30,30,30,30,30,62,14,46,30,46,62,30,30,46,14,46,14,46,46,62,30,46,46,46,62,62,46,46,46,30,62,46,14,46,14"
854,42.71,34.26,"5.95,11.26,13.50,15.87,17.79,19.44,20.84,21.98,23.43,24.62,25.57,26.44,27.22,27.92,28.58,29.17,30.00,30.61,31.16,31.68,32.15,32.60,33.01,33.41,33.94,34.35,34.74,35.12,35.47,35.79,36.09,36.44,36.83,37.15,37.44,37.75,38.02,38.28,38.54,38.86,39.18,39.44,39.68,39.93,40.15,40.36,40.59,40.88,41.14,41.35,41.55,41.76,41.94,42.11,42.32,42.59,42.79,42.96,43.13,43.31,43.47,43.62,43.81,44.05","5.24e-01,5.24e-01,5.20e-01,5.08e-01","10,4,4,4","3.70e+00; 3.70e+00,3.70e+00; 4.68e+00,4.64e+00,1.80e+00; 5.35e+00,5.31e+00,4.16e+00; 5.90e+00,5.84e+00,4.52e+00,2.27e+00; 6.61e+00,6.58e+00,5.37e+00,3.66e+00; 7.39e+00,7.33e+00,6.16e+00,5.05e+00; 8.25e+00,8.08e+00,6.77e+00,6.52e+00; 9.00e+00,8.80e+00,7.92e+00,7.62e+00; 9.89e+00,9.79e+00,8.86e+00,8.49e+00; 1.08e+01,1.07e+01,9.81e+00,9.36e+00; 1.17e+01,1.17e+01,1.06e+01,1.04e+01; 1.27e+01,1.26e+01,1.16e+01,1.12e+01; 1.36e+01,1.36e+01,1.25e+01,1.21e+01; 1.45e+01,1.45e+01,1.35e+01,1.31e+01; 1.55e+01,1.54e+01,1.46e+01,1.38e+01; 1.63e+01,1.62e+01,1.55e+01,1.50e+01; 1.72e+01,1.72e+01,1.64e+01,1.60e+01; 1.82e+01,1.81e+01,1.73e+01,1.69e+01; 1.91e+01,1.90e+01,1.83e+01,1.76e+01; 2.00e+01,2.00e+01,1.92e+01,1.86e+01; 2.10e+01,2.09e+01,2.01e+01,1.95e+01; 2.19e+01,2.19e+01,2.10e+01,2.04e+01; 2.28e+01,2.28e+01,2.21e+01,2.12e+01; 2.37e+01,2.36e+01,2.30e+01,2.22e+01; 2.46e+01,2.46e+01,2.39e+01,2.32e+01; 2.56e+01,2.55e+01,2.48e+01,2.41e+01; 2.65e+01,2.65e+01,2.58e+01,2.49e+01; 2.74e+01,2.74e+01,2.68e+01,2.57e+01; 2.84e+01,2.84e+01,2.77e+01,2.67e+01; 2.93e+01,2.93e+01,2.87e+01,2.75e+01; 3.02e+01,3.02e+01,2.97e+01,2.84e+01; 3.11e+01,3.11e+01,3.06e+01,2.95e+01; 3.20e+01,3.20e+01,3.15e+01,3.04e+01; 3.30e+01,3.29e+01,3.24e+01,3.13e+01; 3.39e+01,3.39e+01,3.34e+01,3.21e+01; 3.48e+01,3.48e+01,3.44e+01,3.30e+01; 3.58e+01,3.58e+01,3.53e+01,3.39e+01; 3.67e+01,3.67e+01,3.63e+01,3.48e+01; 3.76e+01,3.76e+01,3.72e+01,3.57e+01; 3.85e+01,3.85e+01,3.81e+01,3.68e+01; 3.94e+01,3.94e+01,3.90e+01,3.78e+01; 4.03e+01,4.03e+01,3.99e+01,3.87e+01; 4.13e+01,4.13e+01,4.09e+01,3.95e+01; 4.22e+01,4.22e+01,4.19e+01,4.05e+01; 4.31e+01,4.31e+01,4.28e+01,4.14e+01; 4.40e+01,4.40e+01,4.37e+01,4.23e+01; 4.49e+01,4.49e+01,4.46e+01,4.33e+01; 4.58e+01,4.58e+01,4.55e+01,4.43e+01; 4.68e+01,4.68e+01,4.65e+01,4.52e+01; 4.77e+01,4.77e+01,4.74e+01,4.62e+01; 4.86e+01,4.86e+01,4.83e+01,4.70e+01; 4.95e+01,4.95e+01,4.93e+01,4.80e+01; 5.05e+01,5.05e+01,5.02e+01,4.89e+01; 5.14e+01,5.14e+01,5.11e+01,4.98e+01; 5.23e+01,5.23e+01,5.20e+01,5.08e+01; 5.32e+01,5.32e+01,5.30e+01,5.18e+01; 5.41e+01,5.41e+01,5.39e+01,5.27e+01; 5.51e+01,5.51e+01,5.48e+01,5.36e+01; 5.60e+01,5.60e+01,5.58e+01,5.45e+01; 5.69e+01,5.69e+01,5.67e+01,5.54e+01; 5.78e+01,5.78e+01,5.76e+01,5.64e+01; 5.88e+01,5.87e+01,5.85e+01,5.73e+01; 5.97e+01,5.96e+01,5.94e+01,5.83e+01","50,32,32,32,50,32,32,32,32,50,50,32,32,50,32,32,32,50,50,32,50,32,32,32,32,50,50,32,32,50,32,32,32,50,50,32,32,50,32,32,32,32,50,32,50,50,32,32,32,50,50,32,50,50,32,32,32,50,32,32,50,50,32,32"
855,34.23,28.32,"5.30,10.23,12.24,14.12,15.65,16.81,17.95,18.92,20.07,20.87,21.51,22.17,22.85,23.51,24.06,24.59,25.28,25.78,26.20,26.65,27.11,27.50,27.88,28.23,28.73,29.09,29.40,29.75,30.10,30.37,30.65,30.92,31.34,31.55,31.87,32.09,32.37,32.59,32.87,33.07,33.33,33.60,33.81,34.00,34.24,34.34,34.48,34.67,34.96,35.23,35.36,35.57,35.69,36.45,36.69,36.89,37.10,37.28,37.46,37.68,37.90,38.09,38.27,38.43","3.50e-01,3.50e-01,3.41e-01,3.24e-01","1,10,1,1","2.04e+00; 2.06e+00,2.03e+00; 3.08e+00,3.04e+00; 3.27e+00,3.25e+00,1.64e+00; 3.85e+00,3.82e+00,2.53e+00; 4.55e+00,4.51e+00,3.19e+00; 4.73e+00,4.53e+00,2.83e+00,2.19e+00; 5.27e+00,5.01e+00,3.37e+00,2.68e+00; 5.66e+00,5.32e+00,4.27e+00,3.12e+00; 6.13e+00,6.08e+00,4.89e+00,3.31e+00; 6.88e+00,6.53e+00,5.32e+00,3.73e+00; 7.53e+00,7.03e+00,5.86e+00,4.08e+00; 8.12e+00,7.48e+00,6.47e+00,4.46e+00; 8.61e+00,8.15e+00,6.90e+00,4.92e+00; 9.13e+00,8.73e+00,7.31e+00,5.45e+00; 9.64e+00,9.27e+00,7.73e+00,6.02e+00; 1.01e+01,9.69e+00,8.57e+00,6.34e+00; 1.06e+01,1.02e+01,8.99e+00,6.97e+00; 1.12e+01,1.07e+01,9.44e+00,7.44e+00; 1.18e+01,1.12e+01,9.97e+00,7.86e+00; 1.23e+01,1.17e+01,1.06e+01,8.21e+00; 1.29e+01,1.23e+01,1.11e+01,8.64e+00; 1.34e+01,1.29e+01,1.15e+01,9.15e+00; 1.39e+01,1.35e+01,1.20e+01,9.65e+00; 1.44e+01,1.39e+01,1.27e+01,1.00e+01; 1.49e+01,1.44e+01,1.32e+01,1.06e+01; 1.54e+01,1.49e+01,1.36e+01,1.11e+01; 1.60e+01,1.54e+01,1.42e+01,1.16e+01; 1.66e+01,1.59e+01,1.48e+01,1.20e+01; 1.63e+01,1.62e+01,1.46e+01,1.42e+01; 1.69e+01,1.67e+01,1.51e+01,1.46e+01; 1.74e+01,1.72e+01,1.56e+01,1.51e+01; 1.84e+01,1.83e+01,1.65e+01,1.43e+01; 1.91e+01,1.85e+01,1.71e+01,1.47e+01; 1.94e+01,1.94e+01,1.75e+01,1.52e+01; 2.02e+01,1.96e+01,1.81e+01,1.57e+01; 1.99e+01,1.97e+01,1.80e+01,1.78e+01; 2.05e+01,2.03e+01,1.85e+01,1.83e+01; 2.09e+01,2.09e+01,1.90e+01,1.88e+01; 2.15e+01,2.14e+01,1.94e+01,1.93e+01; 2.20e+01,2.19e+01,2.01e+01,1.97e+01; 2.25e+01,2.24e+01,2.06e+01,2.03e+01; 2.36e+01,2.34e+01,2.15e+01,1.93e+01; 2.35e+01,2.34e+01,2.16e+01,2.14e+01; 2.47e+01,2.45e+01,2.26e+01,2.02e+01; 2.47e+01,2.46e+01,2.23e+01,2.22e+01; 2.53e+01,2.51e+01,2.28e+01,2.27e+01; 2.58e+01,2.57e+01,2.33e+01,2.32e+01; 2.63e+01,2.61e+01,2.39e+01,2.37e+01; 2.67e+01,2.67e+01,2.44e+01,2.43e+01; 2.73e+01,2.71e+01,2.49e+01,2.48e+01; 2.78e+01,2.78e+01,2.53e+01,2.52e+01; 2.84e+01,2.82e+01,2.59e+01,2.56e+01; 2.90e+01,2.88e+01,2.62e+01,2.61e+01; 2.95e+01,2.93e+01,2.68e+01,2.67e+01; 3.00e+01,2.98e+01,2.73e+01,2.71e+01; 3.06e+01,3.03e+01,2.78e+01,2.77e+01; 3.11e+01,3.08e+01,2.83e+01,2.82e+01; 3.16e+01,3.13e+01,2.88e+01,2.87e+01; 3.21e+01,3.18e+01,2.94e+01,2.91e+01; 3.26e+01,3.23e+01,3.00e+01,2.96e+01; 3.30e+01,3.28e+01,3.06e+01,3.01e+01; 3.36e+01,3.33e+01,3.12e+01,3.06e+01; 3.40e+01,3.37e+01,3.19e+01,3.09e+01","32,59,59,32,32,32,59,59,32,59,32,32,32,59,59,59,32,59,32,32,32,59,59,59,32,59,32,32,32,59,59,59,59,32,59,32,32,59,59,57,32,59,57,32,59,57,59,59,32,32,32,59,32,57,57,57,32,32,59,57,32,32,57,32"
856,30.31,24.98,"4.80,6.73,8.58,10.13,11.71,13.05,14.18,15.23,16.19,16.97,17.70,18.31,18.86,19.42,19.98,20.59,21.16,21.65,22.12,22.53,22.91,23.27,23.64,24.10,24.59,24.97,25.30,25.63,25.94,26.24,26.54,26.90,27.28,27.61,27.90,28.19,28.46,28.73,29.00,29.28,29.59,29.87,30.13,30.38,30.62,30.86,31.10,31.34,31.61,31.85,32.08,32.31,32.52,32.74,32.96,33.17,33.41,33.65,33.88,34.09,34.34,34.56,34.76,34.96","1.47e-01,1.47e-01,1.42e-01,1.21e-01","4,10,4,4","9.34e-01; 1.50e+00,3.65e-01; 1.62e+00,1.19e+00; 1.73e+00,1.20e+00,8.14e-01; 1.95e+00,1.52e+00,1.20e+00; 2.21e+00,1.79e+00,1.60e+00; 2.49e+00,2.06e+00,1.99e+00; 2.77e+00,2.42e+00,2.29e+00; 3.03e+00,2.72e+00,2.66e+00; 3.33e+00,3.01e+00,3.00e+00; 3.64e+00,3.33e+00,3.31e+00; 3.95e+00,3.64e+00,3.62e+00; 4.17e+00,3.85e+00,3.80e+00,3.22e-01; 4.45e+00,4.13e+00,4.08e+00,4.22e-01; 4.70e+00,4.39e+00,4.33e+00,5.89e-01; 4.89e+00,4.56e+00,4.52e+00,9.74e-01; 5.11e+00,4.78e+00,4.77e+00,1.21e+00; 5.33e+00,5.05e+00,4.99e+00,1.45e+00; 5.59e+00,5.31e+00,5.25e+00,1.58e+00; 5.84e+00,5.56e+00,5.50e+00,1.78e+00; 6.09e+00,5.80e+00,5.73e+00,2.00e+00; 6.34e+00,6.03e+00,5.97e+00,2.21e+00; 6.60e+00,6.30e+00,6.23e+00,2.35e+00; 6.79e+00,6.45e+00,6.41e+00,2.77e+00; 6.95e+00,6.61e+00,6.59e+00,3.20e+00; 7.18e+00,6.84e+00,6.82e+00,3.45e+00; 7.42e+00,7.07e+00,7.05e+00,3.67e+00; 7.65e+00,7.29e+00,7.26e+00,3.96e+00; 7.89e+00,7.51e+00,7.49e+00,4.19e+00; 8.12e+00,7.72e+00,7.70e+00,4.48e+00; 8.36e+00,7.96e+00,7.93e+00,4.71e+00; 8.57e+00,8.15e+00,8.14e+00,5.03e+00; 8.76e+00,8.35e+00,8.35e+00,5.35e+00; 8.98e+00,8.57e+00,8.56e+00,5.65e+00; 9.20e+00,8.78e+00,8.78e+00,5.92e+00; 9.43e+00,8.98e+00,8.98e+00,6.23e+00; 9.65e+00,9.20e+00,9.18e+00,6.52e+00; 9.88e+00,9.41e+00,9.38e+00,6.82e+00; 1.01e+01,9.62e+00,9.60e+00,7.11e+00; 1.03e+01,9.84e+00,9.83e+00,7.36e+00; 1.05e+01,1.01e+01,1.00e+01,7.66e+00; 1.08e+01,1.03e+01,1.03e+01,7.94e+00; 1.10e+01,1.05e+01,1.05e+01,8.23e+00; 1.12e+01,1.07e+01,1.07e+01,8.52e+00; 1.14e+01,1.09e+01,1.09e+01,8.82e+00; 1.16e+01,1.11e+01,1.11e+01,9.11e+00; 1.19e+01,1.13e+01,1.13e+01,9.39e+00; 1.21e+01,1.15e+01,1.15e+01,9.65e+00; 1.23e+01,1.18e+01,1.17e+01,9.92e+00; 1.25e+01,1.20e+01,1.20e+01,1.02e+01; 1.28e+01,1.22e+01,1.22e+01,1.05e+01; 1.30e+01,1.24e+01,1.24e+01,1.07e+01; 1.32e+01,1.26e+01,1.26e+01,1.10e+01; 1.34e+01,1.28e+01,1.28e+01,1.13e+01; 1.37e+01,1.31e+01,1.30e+01,1.16e+01; 1.39e+01,1.33e+01,1.32e+01,1.19e+01; 1.41e+01,1.35e+01,1.35e+01,1.21e+01; 1.43e+01,1.38e+01,1.36e+01,1.24e+01; 1.46e+01,1.40e+01,1.38e+01,1.27e+01; 1.48e+01,1.42e+01,1.40e+01,1.30e+01; 1.50e+01,1.44e+01,1.41e+01,1.34e+01; 1.52e+01,1.46e+01,1.43e+01,1.38e+01; 1.55e+01,1.48e+01,1.44e+01,1.42e+01; 1.57e+01,1.51e+01,1.45e+01,1.45e+01","0,0,2,0,0,0,0,0,2,0,2,2,0,0,0,0,0,0,2,2,2,0,0,0,0,0,0,0,2,0,0,0,0,0,0,0,0,0,0,0,0,0,0,0,0,0,0,0,0,0,0,0,0,0,0,0,0,0,0,0,0,0,0,0"
857,31.08,29.69,"7.08,12.22,14.49,16.45,18.26,19.87,21.39,22.73,23.89,24.79,25.57,26.26,26.95,27.64,28.37,29.11,29.75,30.32,30.76,31.19,31.61,32.05,32.54,33.05,33.52,33.93,34.26,34.57,34.87,35.20,35.58,35.97,36.34,36.65,36.92,37.16,37.40,37.66,37.96,38.28,38.59,38.85,39.07,39.26,39.46,39.69,39.93,40.21,40.46,40.68,40.86,41.03,41.20,41.39,41.60,41.84,42.06,42.25,42.41,42.55,42.71,42.87,43.06,43.26","4.02e-01,4.01e-01,3.73e-01,3.29e-01","5,5,5,5","2.14e+00; 2.17e+00,2.11e+00; 2.92e+00,2.83e+00,6.67e-01; 3.50e+00,3.33e+00,1.73e+00; 4.11e+00,4.04e+00,2.29e+00,2.67e-01; 4.44e+00,4.33e+00,3.17e+00,9.03e-01; 4.81e+00,4.76e+00,2.77e+00,2.65e+00; 5.28e+00,5.20e+00,3.98e+00,2.67e+00; 5.71e+00,5.70e+00,4.06e+00,3.80e+00; 6.36e+00,6.23e+00,4.70e+00,4.12e+00; 6.94e+00,6.93e+00,5.15e+00,4.53e+00; 7.63e+00,7.50e+00,5.60e+00,4.96e+00; 8.24e+00,8.10e+00,6.00e+00,5.49e+00; 8.82e+00,8.65e+00,6.34e+00,6.17e+00; 9.30e+00,9.19e+00,7.24e+00,6.38e+00; 9.78e+00,9.68e+00,7.48e+00,7.32e+00; 1.03e+01,1.02e+01,8.24e+00,7.70e+00; 1.08e+01,1.08e+01,8.65e+00,8.31e+00; 1.14e+01,1.13e+01,9.13e+00,8.83e+00; 1.20e+01,1.19e+01,9.60e+00,9.30e+00; 1.25e+01,1.25e+01,1.01e+01,9.73e+00; 1.31e+01,1.31e+01,1.06e+01,1.03e+01; 1.36e+01,1.36e+01,1.14e+01,1.06e+01; 1.41e+01,1.41e+01,1.17e+01,1.15e+01; 1.46e+01,1.46e+01,1.24e+01,1.19e+01; 1.52e+01,1.51e+01,1.29e+01,1.25e+01; 1.58e+01,1.57e+01,1.33e+01,1.30e+01; 1.63e+01,1.63e+01,1.38e+01,1.35e+01; 1.69e+01,1.69e+01,1.44e+01,1.40e+01; 1.74e+01,1.74e+01,1.50e+01,1.44e+01; 1.79e+01,1.79e+01,1.54e+01,1.51e+01; 1.84e+01,1.84e+01,1.62e+01,1.55e+01; 1.90e+01,1.89e+01,1.69e+01,1.59e+01; 1.95e+01,1.95e+01,1.73e+01,1.65e+01; 2.01e+01,2.00e+01,1.78e+01,1.70e+01; 2.07e+01,2.06e+01,1.83e+01,1.75e+01; 2.12e+01,2.11e+01,1.88e+01,1.80e+01; 2.18e+01,2.17e+01,1.93e+01,1.86e+01; 2.23e+01,2.22e+01,2.00e+01,1.90e+01; 2.28e+01,2.27e+01,2.03e+01,1.98e+01; 2.33e+01,2.32e+01,2.10e+01,2.02e+01; 2.38e+01,2.38e+01,2.16e+01,2.07e+01; 2.44e+01,2.44e+01,2.22e+01,2.11e+01; 2.50e+01,2.49e+01,2.27e+01,2.16e+01; 2.55e+01,2.55e+01,2.32e+01,2.21e+01; 2.61e+01,2.60e+01,2.37e+01,2.27e+01; 2.66e+01,2.66e+01,2.43e+01,2.31e+01; 2.71e+01,2.71e+01,2.48e+01,2.39e+01; 2.76e+01,2.76e+01,2.52e+01,2.46e+01; 2.81e+01,2.81e+01,2.58e+01,2.50e+01; 2.87e+01,2.87e+01,2.63e+01,2.55e+01; 2.93e+01,2.92e+01,2.69e+01,2.60e+01; 2.98e+01,2.98e+01,2.74e+01,2.65e+01; 3.04e+01,3.03e+01,2.79e+01,2.70e+01; 3.09e+01,3.08e+01,2.84e+01,2.76e+01; 3.14e+01,3.13e+01,2.91e+01,2.81e+01; 3.19e+01,3.19e+01,2.95e+01,2.88e+01; 3.24e+01,3.24e+01,3.01e+01,2.92e+01; 3.30e+01,3.29e+01,3.07e+01,2.97e+01; 3.35e+01,3.35e+01,3.12e+01,3.02e+01; 3.41e+01,3.41e+01,3.17e+01,3.08e+01; 3.46e+01,3.46e+01,3.22e+01,3.13e+01; 3.51e+01,3.51e+01,3.28e+01,3.18e+01; 3.56e+01,3.56e+01,3.33e+01,3.25e+01","56,33,56,56,33,56,33,56,33,56,33,33,33,33,56,33,56,33,56,56,56,33,56,33,56,33,33,56,56,56,33,56,56,33,33,33,33,33,56,33,56,56,56,33,56,33,56,33,33,56,56,56,33,56,33,56,33,56,56,33,33,33,56,33"
858,23.80,19.11,"3.16,5.45,7.02,8.39,9.61,10.50,11.39,12.11,12.94,13.55,14.12,14.70,15.32,15.76,16.32,16.77,17.23,17.64,18.03,18.44,18.83,19.19,19.50,19.89,20.16,20.44,20.72,20.97,21.30,21.57,21.80,22.07,22.27,22.54,22.72,22.94,23.18,23.32,23.55,23.78,23.99,24.19,24.39,24.54,24.72,24.93,25.08,25.24,25.38,25.53,25.70,25.83,25.99,26.17,26.32,26.47,26.58,26.74,26.90,27.03,27.17,27.33,27.49,27.60","5.31e-02,5.28e-02,4.83e-02,4.09e-02","1,1,1,1","2.81e-01; 3.01e-01,2.60e-01; 4.26e-01,4.16e-01; 4.75e-01,4.42e-01,2.06e-01; 4.89e-01,4.85e-01,4.30e-01; 6.93e-01,5.85e-01,4.08e-01; 7.61e-01,6.62e-01,5.44e-01; 8.37e-01,7.14e-01,5.58e-01,1.38e-01; 8.50e-01,8.46e-01,7.69e-01,6.17e-02; 9.52e-01,8.83e-01,7.09e-01,2.65e-01; 1.04e+00,9.52e-01,7.15e-01,3.77e-01; 1.15e+00,1.03e+00,8.49e-01,3.41e-01; 1.18e+00,1.15e+00,9.80e-01,3.40e-01; 1.29e+00,1.06e+00,8.80e-01,7.03e-01; 1.40e+00,1.26e+00,1.07e+00,4.82e-01; 1.48e+00,1.34e+00,1.17e+00,5.02e-01; 1.49e+00,1.45e+00,1.27e+00,5.61e-01; 1.56e+00,1.54e+00,1.36e+00,5.93e-01; 1.66e+00,1.60e+00,1.41e+00,6.64e-01; 1.74e+00,1.71e+00,1.46e+00,7.07e-01; 1.81e+00,1.77e+00,1.57e+00,7.47e-01; 1.90e+00,1.85e+00,1.64e+00,8.01e-01; 2.00e+00,1.93e+00,1.72e+00,8.06e-01; 2.06e+00,1.99e+00,1.86e+00,8.31e-01; 2.13e+00,2.06e+00,1.93e+00,9.04e-01; 2.19e+00,2.15e+00,2.01e+00,9.51e-01; 2.28e+00,2.22e+00,2.07e+00,1.01e+00; 2.39e+00,2.30e+00,2.15e+00,1.03e+00; 2.46e+00,2.40e+00,2.24e+00,1.05e+00; 2.55e+00,2.46e+00,2.30e+00,1.12e+00; 2.62e+00,2.56e+00,2.36e+00,1.17e+00; 2.70e+00,2.62e+00,2.47e+00,1.20e+00; 2.79e+00,2.71e+00,2.51e+00,1.26e+00; 2.83e+00,2.77e+00,2.57e+00,1.38e+00; 2.93e+00,2.86e+00,2.66e+00,1.37e+00; 3.02e+00,2.93e+00,2.72e+00,1.43e+00; 3.10e+00,3.02e+00,2.81e+00,1.47e+00; 3.18e+00,3.08e+00,2.88e+00,1.52e+00; 3.25e+00,3.15e+00,2.94e+00,1.62e+00; 3.31e+00,3.24e+00,3.02e+00,1.66e+00; 3.37e+00,3.29e+00,3.07e+00,1.78e+00; 3.44e+00,3.40e+00,3.12e+00,1.83e+00; 3.53e+00,3.46e+00,3.18e+00,1.91e+00; 3.62e+00,3.54e+00,3.25e+00,1.94e+00; 3.70e+00,3.60e+00,3.35e+00,1.99e+00; 3.77e+00,3.67e+00,3.45e+00,2.03e+00; 3.86e+00,3.76e+00,3.54e+00,2.04e+00; 3.93e+00,3.83e+00,3.60e+00,2.12e+00; 4.02e+00,3.89e+00,3.65e+00,2.20e+00; 4.09e+00,3.98e+00,3.74e+00,2.23e+00; 4.16e+00,4.08e+00,3.81e+00,2.27e+00; 4.21e+00,3.93e+00,3.64e+00,2.82e+00; 4.31e+00,4.02e+00,3.70e+00,2.85e+00; 4.41e+00,4.10e+00,3.85e+00,2.80e+00; 4.46e+00,4.15e+00,3.89e+00,2.95e+00; 4.52e+00,4.20e+00,3.93e+00,3.08e+00; 4.60e+00,4.28e+00,4.00e+00,3.12e+00; 4.66e+00,4.34e+00,4.06e+00,3.23e+00; 4.74e+00,4.43e+00,4.10e+00,3.30e+00; 4.82e+00,4.51e+00,4.18e+00,3.34e+00; 4.92e+00,4.60e+00,4.26e+00,3.35e+00; 4.99e+00,4.66e+00,4.33e+00,3.43e+00; 5.05e+00,4.73e+00,4.40e+00,3.51e+00; 5.13e+00,4.79e+00,4.45e+00,3.60e+00","3,33,33,3,3,33,3,33,3,33,3,3,3,33,33,3,33,3,33,3,3,33,33,3,33,3,33,33,3,33,3,3,3,33,33,33,3,18,33,3,33,3,33,33,3,3,33,33,33,33,3,33,3,3,33,33,33,33,3,33,33,3,33,3"
859,24.87,20.04,"2.29,4.25,5.80,6.97,8.12,9.12,10.00,10.75,11.46,12.29,12.97,13.63,14.25,14.77,15.27,15.72,16.18,16.70,17.13,17.57,17.98,18.35,18.72,19.04,19.38,19.72,20.08,20.40,20.67,20.96,21.24,21.58,21.88,22.14,22.39,22.65,22.94,23.22,23.51,23.78,24.01,24.24,24.47,24.69,24.91,25.14,25.38,25.58,25.77,25.99,26.17,26.36,26.55,26.75,26.94,27.13,27.31,27.46,27.61,27.77,27.95,28.14,28.31,28.48","4.69e-02,4.66e-02,4.14e-02,3.95e-02","14,4,14,4","2.73e-01; 3.03e-01,2.42e-01; 4.42e-01,3.76e-01; 4.80e-01,4.06e-01,2.06e-01; 5.31e-01,4.84e-01,3.49e-01; 5.99e-01,5.71e-01,4.67e-01; 6.91e-01,6.80e-01,5.40e-01; 7.96e-01,7.62e-01,6.25e-01; 8.86e-01,8.79e-01,6.91e-01; 9.51e-01,9.24e-01,8.53e-01; 1.06e+00,1.00e+00,9.35e-01; 1.16e+00,1.07e+00,1.05e+00; 1.21e+00,1.19e+00,1.14e+00; 1.33e+00,1.26e+00,1.22e+00,3.10e-03; 1.38e+00,1.37e+00,1.30e+00,3.71e-02; 1.47e+00,1.43e+00,1.36e+00,1.02e-01; 1.50e+00,1.49e+00,1.41e+00,2.46e-01; 1.57e+00,1.56e+00,1.54e+00,2.45e-01; 1.66e+00,1.63e+00,1.61e+00,2.88e-01; 1.70e+00,1.69e+00,1.67e+00,3.92e-01; 1.80e+00,1.76e+00,1.75e+00,4.24e-01; 1.87e+00,1.84e+00,1.83e+00,4.76e-01; 1.87e+00,1.87e+00,1.87e+00,6.64e-01; 1.97e+00,1.97e+00,1.97e+00,6.44e-01; 2.06e+00,2.05e+00,2.05e+00,6.58e-01; 2.15e+00,2.12e+00,2.11e+00,7.23e-01; 2.21e+00,2.21e+00,2.19e+00,7.52e-01; 2.29e+00,2.28e+00,2.28e+00,7.88e-01; 2.37e+00,2.37e+00,2.35e+00,8.33e-01; 2.37e+00,2.35e+00,2.34e+00,1.13e+00; 2.44e+00,2.39e+00,2.38e+00,1.25e+00; 2.47e+00,2.45e+00,2.40e+00,1.41e+00; 2.51e+00,2.51e+00,2.43e+00,1.55e+00; 2.59e+00,2.57e+00,2.49e+00,1.63e+00; 2.66e+00,2.65e+00,2.55e+00,1.69e+00; 2.73e+00,2.72e+00,2.63e+00,1.74e+00; 2.80e+00,2.79e+00,2.73e+00,1.79e+00; 2.97e+00,2.94e+00,2.94e+00,1.52e+00; 3.03e+00,2.99e+00,2.98e+00,1.65e+00; 3.09e+00,3.04e+00,3.02e+00,1.75e+00; 3.17e+00,3.11e+00,3.07e+00,1.84e+00; 3.23e+00,3.18e+00,3.15e+00,1.90e+00; 3.27e+00,3.25e+00,3.24e+00,1.98e+00; 3.33e+00,3.32e+00,3.31e+00,2.04e+00; 3.42e+00,3.38e+00,3.38e+00,2.10e+00; 3.50e+00,3.45e+00,3.43e+00,2.17e+00; 3.57e+00,3.51e+00,3.48e+00,2.27e+00; 3.64e+00,3.57e+00,3.53e+00,2.34e+00; 3.70e+00,3.64e+00,3.61e+00,2.42e+00; 3.73e+00,3.71e+00,3.70e+00,2.50e+00; 3.80e+00,3.78e+00,3.77e+00,2.57e+00; 3.87e+00,3.85e+00,3.85e+00,2.62e+00; 3.95e+00,3.93e+00,3.91e+00,2.67e+00; 4.04e+00,3.99e+00,3.96e+00,2.74e+00; 4.11e+00,4.06e+00,4.02e+00,2.82e+00; 4.18e+00,4.13e+00,4.07e+00,2.90e+00; 4.26e+00,4.19e+00,4.13e+00,2.97e+00; 4.34e+00,4.26e+00,4.20e+00,3.03e+00; 4.40e+00,4.33e+00,4.27e+00,3.09e+00; 4.47e+00,4.40e+00,4.35e+00,3.16e+00; 4.51e+00,4.47e+00,4.43e+00,3.23e+00; 4.55e+00,4.54e+00,4.52e+00,3.32e+00; 4.62e+00,4.61e+00,4.57e+00,3.40e+00; 4.70e+00,4.67e+00,4.62e+00,3.48e+00","3,34,34,3,3,3,34,34,3,3,34,3,34,3,34,3,34,3,34,3,3,34,3,34,34,34,3,3,34,3,3,3,3,3,3,34,34,34,3,3,3,34,34,34,3,3,3,3,34,34,34,3,3,3,3,3,3,3,32,34,34,34,3,3"
860,24.05,20.78,"3.62,5.80,7.49,8.97,10.36,11.40,12.39,13.05,13.96,14.71,15.41,16.05,16.71,17.17,17.70,18.20,18.74,19.22,19.65,20.04,20.43,20.85,21.34,21.79,22.17,22.54,22.87,23.19,23.49,23.85,24.26,24.68,24.96,25.24,25.52,25.78,26.04,26.29,26.58,26.90,27.13,27.37,27.60,27.83,28.03,28.22,28.45,28.75,28.95,29.16,29.35,29.56,29.75,29.93,30.13,30.35,30.53,30.71,30.88,31.05,31.21,31.37,31.54,31.74","5.81e-02,5.80e-02,5.14e-02,4.72e-02","5,13,5,13","3.00e-01; 3.31e-01,2.68e-01; 4.53e-01,4.46e-01; 4.91e-01,4.90e-01,2.18e-01; 5.81e-01,5.37e-01,3.81e-01; 7.00e-01,6.50e-01,4.48e-01; 7.81e-01,6.85e-01,6.31e-01; 8.55e-01,8.02e-01,6.00e-01,1.40e-01; 9.22e-01,8.84e-01,7.23e-01,1.68e-01; 1.03e+00,9.63e-01,8.32e-01,1.69e-01; 1.12e+00,1.10e+00,9.00e-01,1.77e-01; 1.22e+00,1.21e+00,9.87e-01,1.87e-01; 1.29e+00,1.27e+00,1.15e+00,1.85e-01; 1.43e+00,1.40e+00,1.15e+00,2.16e-01; 1.53e+00,1.51e+00,1.29e+00,1.64e-01; 1.51e+00,1.49e+00,1.29e+00,5.04e-01; 1.59e+00,1.56e+00,1.41e+00,5.35e-01; 1.68e+00,1.63e+00,1.50e+00,5.72e-01; 1.76e+00,1.74e+00,1.58e+00,6.09e-01; 1.85e+00,1.84e+00,1.65e+00,6.51e-01; 1.91e+00,1.90e+00,1.70e+00,7.85e-01; 1.97e+00,1.94e+00,1.74e+00,9.38e-01; 2.02e+00,1.96e+00,1.79e+00,1.11e+00; 2.08e+00,2.00e+00,1.85e+00,1.27e+00; 2.15e+00,2.07e+00,1.95e+00,1.32e+00; 2.24e+00,2.14e+00,2.05e+00,1.37e+00; 2.31e+00,2.20e+00,2.11e+00,1.47e+00; 2.38e+00,2.25e+00,2.17e+00,1.58e+00; 2.46e+00,2.36e+00,2.24e+00,1.64e+00; 2.52e+00,2.40e+00,2.27e+00,1.80e+00; 2.57e+00,2.45e+00,2.31e+00,1.96e+00; 2.62e+00,2.48e+00,2.37e+00,2.12e+00; 2.70e+00,2.55e+00,2.46e+00,2.18e+00; 2.78e+00,2.62e+00,2.55e+00,2.24e+00; 2.86e+00,2.68e+00,2.61e+00,2.34e+00; 2.93e+00,2.78e+00,2.68e+00,2.40e+00; 3.01e+00,2.85e+00,2.74e+00,2.49e+00; 3.08e+00,2.92e+00,2.81e+00,2.58e+00; 3.15e+00,2.97e+00,2.88e+00,2.68e+00; 3.22e+00,3.02e+00,2.96e+00,2.78e+00; 3.29e+00,3.12e+00,3.02e+00,2.85e+00; 3.37e+00,3.19e+00,3.11e+00,2.91e+00; 3.44e+00,3.29e+00,3.18e+00,2.98e+00; 3.52e+00,3.36e+00,3.24e+00,3.07e+00; 3.60e+00,3.42e+00,3.31e+00,3.16e+00; 3.67e+00,3.50e+00,3.37e+00,3.24e+00; 3.75e+00,3.56e+00,3.44e+00,3.34e+00; 3.81e+00,3.61e+00,3.51e+00,3.45e+00; 3.89e+00,3.68e+00,3.60e+00,3.52e+00; 3.96e+00,3.75e+00,3.69e+00,3.58e+00; 4.04e+00,3.85e+00,3.75e+00,3.65e+00; 4.11e+00,3.91e+00,3.82e+00,3.74e+00; 4.19e+00,3.98e+00,3.88e+00,3.83e+00; 4.27e+00,4.05e+00,3.95e+00,3.91e+00; 4.34e+00,4.12e+00,4.02e+00,4.00e+00; 4.41e+00,4.18e+00,4.10e+00,4.09e+00; 4.48e+00,4.27e+00,4.16e+00,4.16e+00; 4.56e+00,4.34e+00,4.25e+00,4.23e+00; 4.64e+00,4.41e+00,4.34e+00,4.30e+00; 4.71e+00,4.50e+00,4.40e+00,4.37e+00; 4.79e+00,4.57e+00,4.47e+00,4.45e+00; 4.87e+00,4.64e+00,4.54e+00,4.53e+00; 4.94e+00,4.71e+00,4.62e+00,4.60e+00; 5.01e+00,4.77e+00,4.71e+00,4.68e+00","25,58,58,25,25,25,58,26,25,25,58,58,58,25,25,26,25,25,58,58,26,26,26,26,25,25,26,26,58,26,26,26,25,25,26,58,26,26,26,26,58,25,58,26,26,26,26,26,25,25,58,26,26,26,26,26,58,25,25,58,26,26,26,26"
861,25.26,21.29,"3.90,5.67,7.26,8.59,9.85,11.01,11.92,12.68,13.47,14.25,14.91,15.47,16.00,16.51,17.00,17.48,18.04,18.50,18.93,19.34,19.70,20.03,20.37,20.71,21.16,21.55,21.87,22.17,22.36,22.65,22.91,23.22,23.42,23.75,24.01,24.28,24.42,24.67,24.88,25.10,25.32,25.58,25.78,25.96,26.13,26.31,26.48,26.67,26.86,27.11,27.28,27.44,27.59,27.74,27.89,28.05,28.23,28.43,28.58,28.73,28.89,29.02,29.15,29.29","7.03e-02,7.00e-02,6.21e-02,5.78e-02","5,13,5,5","3.89e-01; 7.77e-01; 6.93e-01,4.73e-01; 8.35e-01,7.20e-01; 8.19e-01,6.77e-01,4.47e-01; 9.16e-01,7.41e-01,6.75e-01; 1.05e+00,8.38e-01,8.34e-01; 1.19e+00,9.84e-01,9.33e-01; 1.30e+00,1.14e+00,1.06e+00; 1.42e+00,1.23e+00,1.23e+00; 1.53e+00,1.41e+00,1.33e+00; 1.66e+00,1.50e+00,1.41e+00,9.47e-02; 1.79e+00,1.60e+00,1.52e+00,1.41e-01; 1.93e+00,1.70e+00,1.65e+00,1.54e-01; 2.06e+00,1.80e+00,1.78e+00,1.87e-01; 2.14e+00,1.85e+00,1.83e+00,4.03e-01; 2.15e+00,1.89e+00,1.75e+00,8.15e-01; 2.30e+00,2.04e+00,2.03e+00,6.24e-01; 2.41e+00,2.21e+00,2.13e+00,6.29e-01; 2.51e+00,2.28e+00,2.22e+00,7.55e-01; 2.62e+00,2.36e+00,2.31e+00,8.72e-01; 2.75e+00,2.47e+00,2.42e+00,9.22e-01; 2.86e+00,2.56e+00,2.53e+00,9.88e-01; 2.97e+00,2.63e+00,2.63e+00,1.10e+00; 3.00e+00,2.67e+00,2.57e+00,1.48e+00; 3.07e+00,2.77e+00,2.52e+00,1.75e+00; 3.17e+00,2.88e+00,2.55e+00,1.89e+00; 3.28e+00,2.97e+00,2.58e+00,2.05e+00; 3.42e+00,3.12e+00,2.91e+00,1.82e+00; 3.51e+00,3.19e+00,2.91e+00,2.04e+00; 3.63e+00,3.30e+00,2.99e+00,2.12e+00; 3.71e+00,3.37e+00,2.86e+00,2.50e+00; 3.85e+00,3.53e+00,3.33e+00,2.11e+00; 3.91e+00,3.60e+00,3.22e+00,2.48e+00; 4.02e+00,3.72e+00,3.28e+00,2.58e+00; 4.11e+00,3.79e+00,3.08e+00,3.01e+00; 4.26e+00,3.94e+00,3.58e+00,2.60e+00; 4.33e+00,3.99e+00,3.38e+00,3.07e+00; 4.44e+00,4.10e+00,3.46e+00,3.16e+00; 4.54e+00,4.21e+00,3.53e+00,3.26e+00; 4.64e+00,4.31e+00,3.83e+00,3.15e+00; 4.73e+00,4.41e+00,3.65e+00,3.54e+00; 4.84e+00,4.52e+00,3.71e+00,3.64e+00; 4.95e+00,4.63e+00,3.81e+00,3.71e+00; 5.06e+00,4.74e+00,4.08e+00,3.61e+00; 5.16e+00,4.83e+00,4.12e+00,3.76e+00; 5.27e+00,4.94e+00,4.20e+00,3.86e+00; 5.37e+00,5.04e+00,4.19e+00,4.05e+00; 5.48e+00,5.15e+00,4.58e+00,3.84e+00; 5.56e+00,5.23e+00,4.35e+00,4.30e+00; 5.66e+00,5.34e+00,4.42e+00,4.40e+00; 5.77e+00,5.44e+00,4.56e+00,4.44e+00; 5.88e+00,5.55e+00,4.78e+00,4.39e+00; 5.98e+00,5.65e+00,4.81e+00,4.55e+00; 6.09e+00,5.75e+00,4.87e+00,4.67e+00; 6.19e+00,5.86e+00,4.91e+00,4.80e+00; 6.29e+00,5.96e+00,5.28e+00,4.62e+00; 6.38e+00,6.05e+00,5.19e+00,4.92e+00; 6.48e+00,6.14e+00,5.41e+00,4.90e+00; 6.58e+00,6.25e+00,5.47e+00,5.02e+00; 6.68e+00,6.34e+00,5.42e+00,5.27e+00; 6.79e+00,6.43e+00,5.53e+00,5.35e+00; 6.90e+00,6.54e+00,5.67e+00,5.38e+00; 7.00e+00,6.65e+00,5.77e+00,5.44e+00","33,33,51,51,33,33,33,33,51,33,51,33,33,33,33,33,33,51,51,33,33,33,33,33,33,33,33,33,49,33,33,33,49,33,33,33,33,49,33,33,49,33,33,33,33,51,33,33,49,33,33,33,33,51,33,33,49,33,49,33,33,33,33,33"
862,19.21,17.68,"3.41,5.15,6.48,7.67,8.81,9.86,10.72,11.53,12.25,12.88,13.51,14.07,14.63,15.17,15.70,16.26,16.74,17.13,17.53,17.90,18.28,18.64,19.01,19.41,19.78,20.07,20.36,20.64,20.93,21.21,21.48,21.78,22.09,22.33,22.55,22.78,23.01,23.23,23.46,23.70,23.96,24.16,24.35,24.54,24.73,24.92,25.11,25.32,25.54,25.72,25.87,26.04,26.20,26.37,26.54,26.71,26.91,27.06,27.21,27.35,27.49,27.64,27.79,27.95","6.79e-02,6.67e-02,5.55e-02,3.25e-02","5,14,5,5","2.76e-01; 4.33e-01,1.19e-01; 5.70e-01,2.59e-01; 6.27e-01,2.68e-01,2.10e-01; 6.96e-01,3.60e-01,3.26e-01; 7.68e-01,5.04e-01,3.86e-01; 8.45e-01,5.65e-01,5.24e-01; 9.21e-01,6.40e-01,5.85e-01,6.42e-02; 9.56e-01,7.07e-01,5.46e-01,2.78e-01; 1.05e+00,7.81e-01,6.67e-01,2.69e-01; 1.14e+00,8.49e-01,7.93e-01,2.55e-01; 1.24e+00,8.87e-01,8.24e-01,3.66e-01; 1.31e+00,9.56e-01,9.39e-01,3.85e-01; 1.40e+00,1.06e+00,1.03e+00,3.81e-01; 1.51e+00,1.14e+00,1.14e+00,3.67e-01; 1.55e+00,1.20e+00,1.12e+00,5.56e-01; 1.60e+00,1.26e+00,1.07e+00,7.76e-01; 1.68e+00,1.34e+00,1.15e+00,8.04e-01; 1.77e+00,1.41e+00,1.27e+00,8.07e-01; 1.84e+00,1.46e+00,1.31e+00,9.16e-01; 1.93e+00,1.51e+00,1.43e+00,9.36e-01; 2.01e+00,1.58e+00,1.51e+00,9.76e-01; 2.09e+00,1.66e+00,1.61e+00,9.84e-01; 2.16e+00,1.74e+00,1.64e+00,1.10e+00; 2.21e+00,1.79e+00,1.58e+00,1.32e+00; 2.29e+00,1.88e+00,1.65e+00,1.37e+00; 2.37e+00,1.95e+00,1.76e+00,1.38e+00; 2.45e+00,2.00e+00,1.81e+00,1.48e+00; 2.53e+00,2.06e+00,1.92e+00,1.50e+00; 2.61e+00,2.12e+00,2.00e+00,1.56e+00; 2.69e+00,2.20e+00,2.11e+00,1.57e+00; 2.76e+00,2.27e+00,2.15e+00,1.66e+00; 2.82e+00,2.33e+00,2.08e+00,1.89e+00; 2.89e+00,2.41e+00,2.14e+00,1.95e+00; 2.97e+00,2.48e+00,2.24e+00,1.98e+00; 3.05e+00,2.54e+00,2.30e+00,2.06e+00; 3.13e+00,2.59e+00,2.40e+00,2.10e+00; 3.21e+00,2.65e+00,2.48e+00,2.17e+00; 3.28e+00,2.72e+00,2.58e+00,2.18e+00; 3.36e+00,2.80e+00,2.64e+00,2.26e+00; 3.41e+00,2.86e+00,2.57e+00,2.49e+00; 3.49e+00,2.94e+00,2.62e+00,2.56e+00; 3.56e+00,3.01e+00,2.71e+00,2.59e+00; 3.64e+00,3.07e+00,2.77e+00,2.67e+00; 3.72e+00,3.13e+00,2.87e+00,2.72e+00; 3.79e+00,3.18e+00,2.94e+00,2.79e+00; 3.87e+00,3.25e+00,3.05e+00,2.81e+00; 3.94e+00,3.33e+00,3.12e+00,2.87e+00; 4.00e+00,3.39e+00,3.12e+00,3.03e+00; 4.07e+00,3.48e+00,3.18e+00,3.08e+00; 4.15e+00,3.55e+00,3.23e+00,3.17e+00; 4.23e+00,3.61e+00,3.31e+00,3.22e+00; 4.30e+00,3.67e+00,3.35e+00,3.33e+00; 4.38e+00,3.72e+00,3.43e+00,3.40e+00; 4.45e+00,3.79e+00,3.51e+00,3.45e+00; 4.52e+00,3.86e+00,3.59e+00,3.51e+00; 4.59e+00,3.93e+00,3.75e+00,3.48e+00; 4.66e+00,4.02e+00,3.83e+00,3.52e+00; 4.73e+00,4.09e+00,3.88e+00,3.60e+00; 4.81e+00,4.16e+00,3.96e+00,3.65e+00; 4.88e+00,4.21e+00,4.00e+00,3.76e+00; 4.96e+00,4.27e+00,4.08e+00,3.82e+00; 5.03e+00,4.33e+00,4.12e+00,3.93e+00; 5.10e+00,4.41e+00,4.17e+00,4.02e+00","34,34,34,34,34,34,34,34,34,34,34,34,34,34,34,34,34,34,34,34,34,34,34,34,34,34,34,34,34,34,34,34,34,34,34,34,34,34,34,34,34,34,34,34,34,34,34,34,34,34,34,34,34,34,34,34,34,34,34,34,34,34,34,34"
863,22.14,19.08,"4.90,7.09,9.00,10.27,11.43,12.48,13.50,14.39,15.23,15.96,16.59,17.26,17.82,18.42,19.00,19.56,20.05,20.55,20.98,21.43,21.83,22.24,22.64,23.02,23.38,23.73,24.06,24.39,24.67,24.98,25.27,25.59,25.89,26.15,26.43,26.66,26.90,27.14,27.40,27.65,27.88,28.11,28.33,28.53,28.74,28.94,29.14,29.35,29.54,29.75,29.93,30.13,30.30,30.46,30.65,30.85,31.03,31.24,31.42,31.58,31.72,31.87,32.05,32.22","7.94e-02,7.67e-02,6.96e-02,6.15e-02","9,1,9,9","4.15e-01; 5.60e-01,2.71e-01; 7.20e-01,5.27e-01; 8.16e-01,4.57e-01,3.88e-01; 9.97e-01,7.34e-01,3.47e-01; 1.10e+00,7.68e-01,5.50e-01,7.42e-02; 1.20e+00,8.76e-01,6.20e-01,2.11e-01; 1.33e+00,1.01e+00,7.44e-01,2.42e-01; 1.42e+00,1.05e+00,9.13e-01,3.53e-01; 1.55e+00,1.22e+00,1.04e+00,3.42e-01; 1.68e+00,1.36e+00,1.11e+00,4.22e-01; 1.75e+00,1.41e+00,1.11e+00,7.10e-01; 1.87e+00,1.54e+00,1.17e+00,8.24e-01; 1.97e+00,1.63e+00,1.27e+00,9.47e-01; 2.07e+00,1.73e+00,1.42e+00,1.01e+00; 2.17e+00,1.81e+00,1.51e+00,1.15e+00; 2.27e+00,1.88e+00,1.67e+00,1.24e+00; 2.37e+00,1.99e+00,1.77e+00,1.35e+00; 2.47e+00,2.10e+00,1.85e+00,1.47e+00; 2.58e+00,2.22e+00,1.93e+00,1.58e+00; 2.69e+00,2.34e+00,2.00e+00,1.69e+00; 2.80e+00,2.45e+00,2.10e+00,1.79e+00; 2.91e+00,2.55e+00,2.21e+00,1.88e+00; 3.01e+00,2.65e+00,2.32e+00,1.98e+00; 3.12e+00,2.75e+00,2.47e+00,2.05e+00; 3.23e+00,2.86e+00,2.57e+00,2.14e+00; 3.34e+00,2.97e+00,2.68e+00,2.23e+00; 3.44e+00,3.09e+00,2.76e+00,2.33e+00; 3.55e+00,3.20e+00,2.85e+00,2.44e+00; 3.66e+00,3.30e+00,2.94e+00,2.56e+00; 3.77e+00,3.41e+00,3.05e+00,2.66e+00; 3.87e+00,3.51e+00,3.17e+00,2.74e+00; 3.97e+00,3.61e+00,3.29e+00,2.83e+00; 4.08e+00,3.72e+00,3.42e+00,2.91e+00; 4.19e+00,3.82e+00,3.52e+00,3.01e+00; 4.29e+00,3.93e+00,3.61e+00,3.11e+00; 4.40e+00,4.04e+00,3.70e+00,3.22e+00; 4.51e+00,4.16e+00,3.80e+00,3.32e+00; 4.62e+00,4.26e+00,3.91e+00,3.42e+00; 4.72e+00,4.37e+00,4.02e+00,3.50e+00; 4.83e+00,4.47e+00,4.15e+00,3.59e+00; 4.93e+00,4.57e+00,4.27e+00,3.68e+00; 5.04e+00,4.68e+00,4.38e+00,3.76e+00; 5.15e+00,4.79e+00,4.48e+00,3.86e+00; 5.26e+00,4.91e+00,4.58e+00,3.96e+00; 5.36e+00,5.01e+00,4.67e+00,4.06e+00; 5.47e+00,5.12e+00,4.78e+00,4.15e+00; 5.58e+00,5.23e+00,4.88e+00,4.25e+00; 5.68e+00,5.32e+00,5.01e+00,4.34e+00; 5.79e+00,5.42e+00,5.13e+00,4.43e+00; 5.89e+00,5.53e+00,5.24e+00,4.52e+00; 6.00e+00,5.64e+00,5.34e+00,4.63e+00; 6.10e+00,5.75e+00,5.43e+00,4.73e+00; 6.21e+00,5.85e+00,5.53e+00,4.85e+00; 6.31e+00,5.96e+00,5.63e+00,4.95e+00; 6.42e+00,6.06e+00,5.73e+00,5.05e+00; 6.52e+00,6.16e+00,5.85e+00,5.15e+00; 6.62e+00,6.25e+00,5.96e+00,5.26e+00; 6.72e+00,6.35e+00,6.07e+00,5.37e+00; 6.83e+00,6.46e+00,6.17e+00,5.47e+00; 6.93e+00,6.57e+00,6.27e+00,5.57e+00; 7.04e+00,6.68e+00,6.36e+00,5.67e+00; 7.14e+00,6.79e+00,6.46e+00,5.78e+00; 7.25e+00,6.89e+00,6.57e+00,5.88e+00","26,26,26,26,26,26,26,26,26,26,26,26,26,26,26,26,26,26,26,26,26,26,26,26,26,26,26,26,26,26,26,26,26,26,26,26,26,26,26,26,26,26,26,26,26,26,26,26,26,26,26,26,26,26,26,26,26,26,26,26,26,26,26,26"
864,16.10,15.20,"3.73,5.49,6.64,7.72,8.58,9.33,9.99,10.64,11.19,11.72,12.15,12.55,12.95,13.30,13.69,14.22,14.47,14.80,15.10,15.39,15.68,15.99,16.30,16.59,16.77,16.98,17.19,17.42,17.67,17.93,18.18,18.45,18.58,18.75,18.95,19.18,19.33,19.49,19.68,19.91,20.05,20.24,20.42,20.57,20.73,20.91,21.11,21.28,21.42,21.58,21.74,21.91,22.07,22.20,22.31,22.47,22.54,22.65,22.78,22.90,23.01,23.10,23.23,23.38","1.06e-01,1.01e-01,6.05e-02,6.76e-06","8,8,8,8","3.32e-01; 6.64e-01; 8.18e-01,1.78e-01; 9.29e-01,3.98e-01; 1.07e+00,5.93e-01; 1.21e+00,7.77e-01; 1.32e+00,8.36e-01,1.71e-01; 1.38e+00,8.73e-01,4.00e-01; 1.53e+00,1.02e+00,4.35e-01; 1.68e+00,1.15e+00,4.89e-01; 1.84e+00,1.27e+00,5.39e-01; 1.99e+00,1.34e+00,6.48e-01; 2.12e+00,1.42e+00,7.81e-01; 2.26e+00,1.48e+00,8.26e-01,7.87e-02; 2.29e+00,1.37e+00,7.21e-01,5.96e-01; 2.32e+00,1.29e+00,8.91e-01,7.99e-01; 2.48e+00,1.48e+00,8.84e-01,7.98e-01; 2.60e+00,1.60e+00,1.07e+00,7.03e-01; 2.72e+00,1.65e+00,1.19e+00,7.40e-01; 2.84e+00,1.69e+00,1.24e+00,8.73e-01; 2.94e+00,1.70e+00,1.36e+00,9.63e-01; 3.04e+00,1.75e+00,1.51e+00,1.01e+00; 3.12e+00,1.81e+00,1.57e+00,1.13e+00; 3.21e+00,1.92e+00,1.54e+00,1.29e+00; 3.34e+00,2.01e+00,1.53e+00,1.41e+00; 3.47e+00,2.12e+00,1.54e+00,1.50e+00; 3.58e+00,2.22e+00,1.62e+00,1.54e+00; 3.69e+00,2.24e+00,1.70e+00,1.66e+00; 3.78e+00,2.23e+00,1.84e+00,1.77e+00; 3.87e+00,2.24e+00,2.11e+00,1.72e+00; 4.00e+00,2.62e+00,2.34e+00,1.32e+00; 4.11e+00,2.89e+00,2.44e+00,1.19e+00; 4.24e+00,2.89e+00,2.60e+00,1.22e+00; 4.34e+00,2.84e+00,2.70e+00,1.40e+00; 4.44e+00,3.06e+00,2.84e+00,1.27e+00; 4.54e+00,3.22e+00,2.87e+00,1.32e+00; 4.66e+00,3.33e+00,2.94e+00,1.35e+00; 4.78e+00,3.39e+00,2.94e+00,1.50e+00; 4.88e+00,3.56e+00,3.02e+00,1.47e+00; 4.96e+00,3.72e+00,3.15e+00,1.44e+00; 5.03e+00,3.69e+00,3.23e+00,1.65e+00; 5.10e+00,3.69e+00,3.29e+00,1.85e+00; 5.19e+00,3.73e+00,3.36e+00,1.99e+00; 5.28e+00,3.77e+00,3.40e+00,2.14e+00; 5.39e+00,3.91e+00,3.44e+00,2.19e+00; 5.49e+00,4.09e+00,3.48e+00,2.20e+00; 5.58e+00,4.26e+00,3.53e+00,2.22e+00; 5.67e+00,4.38e+00,3.62e+00,2.25e+00; 5.76e+00,4.47e+00,3.73e+00,2.30e+00; 5.85e+00,4.52e+00,3.86e+00,2.37e+00; 5.94e+00,4.57e+00,3.95e+00,2.46e+00; 6.03e+00,4.72e+00,3.99e+00,2.52e+00; 6.13e+00,4.88e+00,4.03e+00,2.54e+00; 6.24e+00,4.99e+00,4.09e+00,2.59e+00; 6.34e+00,5.09e+00,4.14e+00,2.68e+00; 6.43e+00,5.19e+00,4.18e+00,2.78e+00; 6.53e+00,5.27e+00,4.26e+00,2.85e+00; 6.63e+00,5.32e+00,4.41e+00,2.89e+00; 6.72e+00,5.38e+00,4.54e+00,2.94e+00; 6.81e+00,5.43e+00,4.62e+00,3.04e+00; 6.91e+00,5.48e+00,4.68e+00,3.16e+00; 7.02e+00,5.52e+00,4.73e+00,3.30e+00; 7.11e+00,5.65e+00,4.78e+00,3.36e+00; 7.20e+00,5.79e+00,4.85e+00,3.39e+00","18,18,18,18,34,34,34,34,18,18,18,18,18,18,34,34,34,34,34,18,34,34,34,34,34,18,18,34,34,34,34,34,18,18,34,34,34,34,34,34,34,18,18,18,34,34,34,34,34,18,18,34,34,34,34,34,49,18,18,18,18,18,34,34"
865,0.92,0.77,"0.02,0.07,0.14,0.23,0.33,0.43,0.52,0.61,0.70,0.81,0.93,1.06,1.17,1.28,1.38,1.46,1.54,1.63,1.73,1.83,1.93,2.02,2.10,2.17,2.24,2.31,2.39,2.47,2.55,2.63,2.70,2.76,2.82,2.88,2.94,3.01,3.08,3.15,3.21,3.27,3.33,3.38,3.44,3.50,3.56,3.62,3.67,3.73,3.78,3.83,3.88,3.93,3.99,4.04,4.09,4.14,4.18,4.23,4.28,4.33,4.37,4.42,4.47,4.52","7.23e-05,4.96e-09,1.70e-09,1.01e-09","5,5,5,5","8.97e-05; 1.79e-04; 2.69e-04; 3.59e-04; 4.49e-04; 5.38e-04; 6.28e-04; 7.18e-04; 8.07e-04; 8.97e-04; 9.87e-04; 1.08e-03; 1.17e-03; 1.26e-03; 1.35e-03; 1.44e-03; 1.53e-03; 1.61e-03; 1.70e-03; 1.79e-03; 1.88e-03; 1.97e-03; 2.06e-03; 2.15e-03; 2.24e-03; 2.33e-03; 2.42e-03; 2.51e-03; 2.60e-03; 2.69e-03; 2.78e-03,3.77e-06; 2.81e-03,5.78e-05; 2.83e-03,1.34e-04; 2.86e-03,1.94e-04; 2.92e-03,2.25e-04; 3.00e-03,2.33e-04; 3.09e-03,2.31e-04; 3.17e-03,2.37e-04; 3.23e-03,2.64e-04; 3.19e-03,4.00e-04; 3.20e-03,4.78e-04; 3.23e-03,5.43e-04; 3.27e-03,5.84e-04; 3.34e-03,6.04e-04; 3.42e-03,6.13e-04; 3.50e-03,6.28e-04; 3.56e-03,6.57e-04; 3.61e-03,7.01e-04; 3.62e-03,7.73e-04; 3.65e-03,8.35e-04; 3.70e-03,8.80e-04; 3.76e-03,9.05e-04; 3.84e-03,9.20e-04; 3.91e-03,9.34e-04; 3.97e-03,9.60e-04; 4.02e-03,1.00e-03; 4.05e-03,1.07e-03; 4.07e-03,1.13e-03; 4.12e-03,1.18e-03; 4.18e-03,1.21e-03; 4.25e-03,1.22e-03; 4.32e-03,1.24e-03; 4.39e-03,1.27e-03; 4.44e-03,1.30e-03","26,26,26,26,26,26,26,26,26,26,26,26,26,26,26,26,26,26,26,26,26,26,26,26,26,26,26,26,26,26,26,26,26,26,26,26,26,26,26,26,26,26,26,26,26,26,26,26,26,26,26,26,26,26,26,26,26,26,26,26,26,26,26,26"
866,17.54,17.32,"5.30,7.19,8.58,9.96,11.15,12.14,13.01,13.84,14.39,15.08,15.66,16.16,16.60,17.00,17.39,17.77,18.14,18.54,18.90,19.23,19.53,19.83,20.13,20.46,20.70,20.95,21.20,21.43,21.65,21.86,22.08,22.31,22.56,22.77,22.97,23.17,23.36,23.53,23.71,23.90,24.13,24.33,24.50,24.65,24.81,24.97,25.13,25.30,25.44,25.58,25.73,25.86,25.99,26.12,26.25,26.39,26.57,26.71,26.84,26.96,27.08,27.20,27.32,27.45","2.95e-01,2.88e-01,3.15e-02,1.23e-05","0,0,0,0","7.62e-01; 1.52e+00; 1.76e+00,5.31e-01; 1.97e+00,1.08e+00; 2.25e+00,1.56e+00; 2.57e+00,2.00e+00; 2.83e+00,2.31e+00,1.95e-01; 2.98e+00,2.50e+00,6.11e-01; 3.15e+00,2.50e+00,1.20e+00; 3.32e+00,2.64e+00,1.66e+00; 3.57e+00,2.83e+00,1.99e+00; 3.84e+00,2.93e+00,2.38e+00; 4.13e+00,2.94e+00,2.84e+00; 4.42e+00,3.31e+00,2.94e+00; 4.70e+00,3.68e+00,3.05e+00; 4.95e+00,3.90e+00,3.35e+00; 5.10e+00,4.25e+00,3.40e+00,2.04e-01; 5.41e+00,4.65e+00,3.65e+00; 5.69e+00,4.96e+00,3.83e+00; 5.86e+00,5.17e+00,3.86e+00,3.55e-01; 6.06e+00,5.38e+00,3.83e+00,7.37e-01; 6.28e+00,5.65e+00,3.87e+00,9.67e-01; 6.83e+00,5.98e+00,4.18e+00,5.44e-01; 6.73e+00,5.93e+00,4.22e+00,1.40e+00; 6.94e+00,6.17e+00,4.60e+00,1.35e+00; 7.17e+00,6.42e+00,4.94e+00,1.29e+00; 7.46e+00,6.64e+00,5.17e+00,1.31e+00; 7.75e+00,6.89e+00,5.34e+00,1.35e+00; 8.04e+00,7.16e+00,5.50e+00,1.39e+00; 8.31e+00,7.40e+00,5.68e+00,1.48e+00; 8.57e+00,7.62e+00,5.98e+00,1.46e+00; 8.84e+00,7.88e+00,6.44e+00,1.23e+00; 9.01e+00,7.79e+00,6.43e+00,1.91e+00; 9.23e+00,8.02e+00,6.67e+00,1.99e+00; 9.49e+00,8.24e+00,6.88e+00,2.06e+00; 1.01e+01,8.55e+00,7.24e+00,1.56e+00; 1.00e+01,8.77e+00,7.18e+00,2.24e+00; 1.03e+01,9.07e+00,7.33e+00,2.29e+00; 1.05e+01,9.30e+00,7.52e+00,2.40e+00; 1.11e+01,9.55e+00,8.01e+00,1.84e+00; 1.11e+01,9.40e+00,7.99e+00,2.79e+00; 1.13e+01,9.54e+00,8.18e+00,3.01e+00; 1.15e+01,9.77e+00,8.39e+00,3.08e+00; 1.18e+01,1.01e+01,8.58e+00,3.08e+00; 1.21e+01,1.03e+01,8.74e+00,3.15e+00; 1.23e+01,1.05e+01,8.89e+00,3.28e+00; 1.26e+01,1.08e+01,9.10e+00,3.40e+00; 1.28e+01,1.10e+01,9.40e+00,3.44e+00; 1.30e+01,1.11e+01,9.70e+00,3.52e+00; 1.33e+01,1.14e+01,1.00e+01,3.47e+00; 1.35e+01,1.16e+01,1.02e+01,3.53e+00; 1.38e+01,1.18e+01,1.04e+01,3.56e+00; 1.41e+01,1.21e+01,1.06e+01,3.58e+00; 1.43e+01,1.23e+01,1.08e+01,3.68e+00; 1.46e+01,1.25e+01,1.10e+01,3.81e+00; 1.48e+01,1.28e+01,1.13e+01,3.78e+00; 1.45e+01,1.26e+01,1.11e+01,5.25e+00; 1.47e+01,1.28e+01,1.13e+01,5.39e+00; 1.49e+01,1.30e+01,1.15e+01,5.51e+00; 1.52e+01,1.32e+01,1.17e+01,5.63e+00; 1.54e+01,1.35e+01,1.19e+01,5.70e+00; 1.57e+01,1.37e+01,1.21e+01,5.77e+00; 1.59e+01,1.40e+01,1.22e+01,5.91e+00; 1.61e+01,1.41e+01,1.25e+01,6.05e+00","24,24,24,24,24,24,24,24,24,24,24,24,24,24,24,24,24,24,24,24,24,24,24,24,24,24,24,24,24,24,24,24,24,24,24,24,24,24,24,24,24,24,24,24,24,24,24,24,24,24,24,24,24,24,24,24,24,24,24,24,24,24,24,24"
867,12.25,12.11,"1.79,3.17,4.11,4.82,5.68,6.37,6.93,7.44,7.97,8.46,8.94,9.41,9.82,10.19,10.56,10.93,11.24,11.55,11.88,12.17,12.44,12.71,13.00,13.20,13.44,13.68,13.89,14.09,14.26,14.44,14.63,14.79,15.00,15.19,15.38,15.51,15.68,15.87,16.01,16.13,16.31,16.47,16.63,16.72,16.87,17.00,17.11,17.23,17.38,17.52,17.64,17.77,17.90,18.01,18.12,18.21,18.35,18.46,18.57,18.68,18.79,18.90,18.99,19.08","2.08e-02,1.94e-02,2.04e-03,1.70e-06","4,4,4,4","5.24e-02; 1.05e-01; 1.57e-01; 1.42e-01,6.79e-02; 1.45e-01,1.17e-01; 1.60e-01,1.54e-01; 1.88e-01,1.79e-01; 2.00e-01,1.78e-01,4.16e-02; 2.23e-01,2.15e-01,3.31e-02; 2.47e-01,2.42e-01,3.47e-02; 2.40e-01,2.39e-01,9.76e-02; 2.63e-01,2.51e-01,1.14e-01; 2.95e-01,2.67e-01,1.19e-01; 3.23e-01,2.80e-01,1.31e-01; 3.43e-01,2.87e-01,1.56e-01; 3.58e-01,2.92e-01,1.88e-01; 3.77e-01,3.23e-01,1.91e-01; 3.88e-01,3.28e-01,2.27e-01; 4.06e-01,3.34e-01,2.56e-01; 4.29e-01,3.49e-01,2.70e-01; 4.51e-01,3.75e-01,2.74e-01; 4.71e-01,3.99e-01,2.82e-01; 4.70e-01,4.40e-01,2.94e-01; 5.14e-01,4.06e-01,3.37e-01; 5.18e-01,4.37e-01,3.55e-01; 5.24e-01,4.58e-01,3.80e-01; 5.60e-01,4.41e-01,4.13e-01; 5.44e-01,5.12e-01,4.10e-01; 5.89e-01,5.05e-01,4.25e-01; 5.72e-01,5.72e-01,4.27e-01; 6.22e-01,5.50e-01,4.52e-01; 6.58e-01,5.33e-01,4.86e-01; 6.43e-01,6.02e-01,4.83e-01; 6.45e-01,6.29e-01,5.07e-01; 6.61e-01,6.44e-01,5.28e-01; 7.25e-01,6.07e-01,5.55e-01; 7.32e-01,6.47e-01,5.59e-01; 7.19e-01,7.08e-01,5.64e-01; 7.69e-01,6.85e-01,5.89e-01; 8.14e-01,6.54e-01,6.28e-01; 7.96e-01,7.30e-01,6.22e-01; 7.90e-01,7.68e-01,6.43e-01; 8.08e-01,7.82e-01,6.62e-01; 8.43e-01,7.84e-01,6.78e-01; 8.44e-01,8.29e-01,6.85e-01; 8.88e-01,8.21e-01,7.01e-01; 9.28e-01,8.07e-01,7.27e-01; 9.62e-01,7.95e-01,7.58e-01; 9.42e-01,8.71e-01,7.54e-01; 9.55e-01,8.87e-01,7.78e-01; 9.81e-01,8.91e-01,8.00e-01; 9.88e-01,9.26e-01,8.10e-01; 9.83e-01,9.77e-01,8.16e-01; 1.03e+00,9.69e-01,8.32e-01; 1.07e+00,9.58e-01,8.56e-01; 1.10e+00,9.44e-01,8.86e-01; 1.08e+00,1.02e+00,8.85e-01; 1.10e+00,1.03e+00,9.09e-01; 1.12e+00,1.04e+00,9.30e-01; 1.13e+00,1.07e+00,9.42e-01; 1.12e+00,1.12e+00,9.49e-01; 1.17e+00,1.12e+00,9.65e-01; 1.21e+00,1.11e+00,9.87e-01; 1.24e+00,1.09e+00,1.02e+00","32,32,32,48,48,48,48,48,32,32,48,48,48,48,48,48,32,48,48,48,48,48,48,48,48,48,48,16,48,32,48,48,32,48,48,48,32,48,48,48,32,48,48,16,48,48,48,48,32,48,48,32,48,48,48,48,32,48,48,32,48,48,48,48"
868,8.33,8.66,"1.64,2.96,3.84,4.48,4.98,5.43,5.86,6.26,6.64,6.98,7.27,7.54,7.79,8.04,8.29,8.52,8.75,8.97,9.16,9.35,9.54,9.75,9.96,10.16,10.31,10.50,10.68,10.83,11.00,11.18,11.34,11.51,11.63,11.79,11.95,12.09,12.23,12.37,12.50,12.64,12.77,12.91,13.05,13.17,13.29,13.41,13.53,13.65,13.77,13.89,14.02,14.12,14.23,14.34,14.44,14.55,14.65,14.75,14.87,14.96,15.06,15.16,15.26,15.35","1.64e-02,6.23e-03,7.26e-07,4.66e-07","4,4,4,4","2.81e-02; 5.63e-02; 8.44e-02; 1.13e-01; 1.41e-01; 1.44e-01,2.44e-02; 1.61e-01,3.60e-02; 1.66e-01,5.90e-02; 1.80e-01,7.28e-02; 2.00e-01,8.12e-02; 2.22e-01,8.75e-02; 2.44e-01,9.40e-02; 2.63e-01,1.03e-01; 2.79e-01,1.15e-01; 2.92e-01,1.30e-01; 2.96e-01,1.39e-01,1.49e-02; 3.16e-01,1.63e-01; 3.31e-01,1.76e-01; 3.35e-01,1.71e-01,2.89e-02; 3.47e-01,1.73e-01,4.34e-02; 3.39e-01,1.61e-01,9.10e-02; 3.46e-01,1.64e-01,1.09e-01; 3.54e-01,1.71e-01,1.22e-01; 3.60e-01,1.81e-01,1.34e-01; 3.68e-01,1.88e-01,1.48e-01; 3.78e-01,1.96e-01,1.58e-01; 3.89e-01,2.00e-01,1.70e-01; 4.02e-01,2.04e-01,1.81e-01; 4.14e-01,2.08e-01,1.94e-01; 4.24e-01,2.13e-01,2.07e-01; 4.33e-01,2.22e-01,2.17e-01; 4.41e-01,2.32e-01,2.27e-01; 4.50e-01,2.40e-01,2.39e-01; 4.63e-01,2.48e-01,2.45e-01; 4.73e-01,2.60e-01,2.51e-01; 4.81e-01,2.81e-01,2.51e-01; 4.89e-01,3.01e-01,2.51e-01; 5.01e-01,3.12e-01,2.57e-01; 5.11e-01,3.21e-01,2.66e-01; 5.20e-01,3.28e-01,2.78e-01; 5.28e-01,3.31e-01,2.95e-01; 5.37e-01,3.39e-01,3.06e-01; 5.47e-01,3.50e-01,3.13e-01; 5.56e-01,3.67e-01,3.15e-01; 5.65e-01,3.84e-01,3.17e-01; 5.76e-01,3.96e-01,3.23e-01; 5.87e-01,4.05e-01,3.31e-01; 5.95e-01,4.13e-01,3.42e-01; 6.04e-01,4.18e-01,3.58e-01; 6.13e-01,4.26e-01,3.68e-01; 6.23e-01,4.36e-01,3.76e-01; 6.32e-01,4.51e-01,3.80e-01; 6.41e-01,4.67e-01,3.83e-01; 6.53e-01,4.78e-01,3.89e-01; 6.63e-01,4.87e-01,3.97e-01; 6.72e-01,4.96e-01,4.08e-01; 6.81e-01,5.01e-01,4.22e-01; 6.90e-01,5.07e-01,4.35e-01; 7.00e-01,5.17e-01,4.43e-01; 7.09e-01,5.32e-01,4.47e-01; 7.19e-01,5.47e-01,4.51e-01; 7.27e-01,5.62e-01,4.55e-01; 7.38e-01,5.72e-01,4.63e-01; 7.47e-01,5.80e-01,4.73e-01","32,32,32,32,32,32,32,32,32,32,32,32,32,32,32,32,32,32,32,32,16,32,32,32,16,32,32,32,32,32,32,32,16,32,32,16,16,32,32,32,32,32,32,16,16,32,32,32,32,32,32,16,16,32,32,32,32,32,32,16,16,16,32,32"
869,7.53,7.55,"1.57,2.87,3.75,4.40,4.91,5.37,5.79,6.17,6.54,6.87,7.16,7.43,7.68,7.93,8.15,8.38,8.62,8.84,9.04,9.24,9.44,9.63,9.82,10.00,10.16,10.34,10.49,10.62,10.77,10.94,11.08,11.23,11.40,11.55,11.68,11.81,11.96,12.10,12.22,12.36,12.50,12.63,12.75,12.85,12.96,13.07,13.18,13.28,13.38,13.49,13.58,13.67,13.77,13.88,13.97,14.07,14.18,14.28,14.37,14.46,14.55,14.63,14.72,14.81","1.27e-02,2.64e-03,3.30e-07,2.25e-07","5,5,5,5","1.91e-02; 3.82e-02; 5.73e-02; 7.63e-02; 9.54e-02,4.92e-05; 9.91e-02,1.54e-02; 1.11e-01,2.29e-02; 1.25e-01,2.78e-02; 1.34e-01,3.80e-02; 1.43e-01,4.82e-02; 1.62e-01,4.78e-02; 1.77e-01,5.16e-02; 1.90e-01,5.79e-02; 2.02e-01,6.52e-02; 2.08e-01,7.82e-02; 2.19e-01,8.66e-02; 2.16e-01,8.55e-02,2.30e-02; 2.22e-01,8.91e-02,3.23e-02; 2.30e-01,9.08e-02,4.20e-02; 2.36e-01,9.03e-02,5.57e-02; 2.42e-01,9.13e-02,6.72e-02; 2.50e-01,9.44e-02,7.59e-02; 2.56e-01,9.83e-02,8.43e-02; 2.65e-01,1.05e-01,8.87e-02; 2.73e-01,1.12e-01,9.14e-02; 2.81e-01,1.18e-01,9.75e-02; 2.90e-01,1.22e-01,1.04e-01; 3.00e-01,1.25e-01,1.10e-01; 3.08e-01,1.27e-01,1.19e-01; 3.15e-01,1.30e-01,1.28e-01; 3.23e-01,1.35e-01,1.34e-01; 3.30e-01,1.41e-01,1.40e-01; 3.35e-01,1.48e-01,1.46e-01; 3.42e-01,1.56e-01,1.51e-01; 3.51e-01,1.62e-01,1.55e-01; 3.59e-01,1.72e-01,1.56e-01; 3.66e-01,1.83e-01,1.57e-01; 3.73e-01,1.92e-01,1.60e-01; 3.81e-01,2.00e-01,1.64e-01; 3.87e-01,2.07e-01,1.69e-01; 3.94e-01,2.14e-01,1.74e-01; 4.01e-01,2.20e-01,1.80e-01; 4.09e-01,2.28e-01,1.84e-01; 4.18e-01,2.36e-01,1.86e-01; 4.26e-01,2.43e-01,1.89e-01; 4.34e-01,2.51e-01,1.93e-01; 4.42e-01,2.58e-01,1.97e-01; 4.49e-01,2.63e-01,2.04e-01; 4.57e-01,2.67e-01,2.12e-01; 4.64e-01,2.72e-01,2.18e-01; 4.73e-01,2.78e-01,2.22e-01; 4.81e-01,2.85e-01,2.26e-01; 4.90e-01,2.94e-01,2.28e-01; 4.97e-01,3.03e-01,2.31e-01; 5.05e-01,3.10e-01,2.35e-01; 5.12e-01,3.15e-01,2.41e-01; 5.19e-01,3.22e-01,2.47e-01; 5.26e-01,3.28e-01,2.53e-01; 5.34e-01,3.34e-01,2.58e-01; 5.42e-01,3.43e-01,2.60e-01; 5.50e-01,3.52e-01,2.62e-01; 5.59e-01,3.60e-01,2.65e-01; 5.66e-01,3.67e-01,2.69e-01; 5.74e-01,3.73e-01,2.75e-01","25,25,25,25,25,25,25,25,25,25,25,25,25,25,25,25,25,25,25,25,25,25,25,25,25,25,25,25,25,25,25,25,25,25,25,25,25,25,25,25,25,25,25,25,25,25,25,25,25,25,25,25,25,25,25,25,25,25,25,25,25,25,25,25"
873,0.02,0.01,"0.00,0.00,0.00,0.00,0.00,0.00,0.00,0.00,0.00,0.01,0.01,0.01,0.01,0.01,0.01,0.01,0.01,0.02,0.02,0.02,0.02,0.03,0.03,0.03,0.03,0.03,0.04,0.04,0.04,0.05,0.05,0.05,0.05,0.06,0.06,0.06,0.07,0.07,0.07,0.07,0.08,0.08,0.09,0.09,0.09,0.10,0.10,0.10,0.11,0.11,0.11,0.12,0.12,0.12,0.13,0.13,0.13,0.14,0.14,0.15,0.15,0.15,0.16,0.16","1.26e-06,1.01e-10,3.44e-11,2.50e-11","8,8,8,8",1.56e-06; 3.12e-06; 4.68e-06; 6.24e-06; 7.80e-06; 9.36e-06; 1.09e-05; 1.25e-05; 1.40e-05; 1.56e-05; 1.72e-05; 1.87e-05; 2.03e-05; 2.18e-05; 2.34e-05; 2.50e-05; 2.65e-05; 2.81e-05; 2.96e-05; 3.12e-05; 3.28e-05; 3.43e-05; 3.59e-05; 3.74e-05; 3.90e-05; 4.06e-05; 4.21e-05; 4.37e-05; 4.52e-05; 4.68e-05; 4.84e-05; 4.99e-05; 5.15e-05; 5.30e-05; 5.46e-05; 5.62e-05; 5.77e-05; 5.93e-05; 6.08e-05; 6.24e-05; 6.40e-05; 6.55e-05; 6.71e-05; 6.86e-05; 7.02e-05; 7.18e-05; 7.33e-05; 7.49e-05; 7.64e-05; 7.80e-05; 7.96e-05; 8.11e-05; 8.27e-05; 8.42e-05; 8.58e-05; 8.74e-05; 8.89e-05; 9.05e-05; 9.20e-05; 9.36e-05; 9.52e-05; 9.67e-05; 9.83e-05; 9.98e-05,"32,32,38,32,32,38,32,32,32,32,38,32,32,38,32,32,32,38,38,32,38,38,32,38,32,38,38,32,38,38,32,38,32,38,32,32,38,32,32,38,32,38,32,32,38,32,32,38,32,38,32,32,38,32,32,38,38,38,32,38,38,32,32,38"
874,0.01,0.01,"0.00,0.00,0.00,0.00,0.00,0.00,0.00,0.00,0.00,0.00,0.00,0.00,0.01,0.01,0.01,0.01,0.01,0.01,0.01,0.01,0.01,0.01,0.01,0.02,0.02,0.02,0.02,0.02,0.02,0.02,0.03,0.03,0.03,0.03,0.03,0.03,0.04,0.04,0.04,0.04,0.04,0.04,0.05,0.05,0.05,0.05,0.05,0.06,0.06,0.06,0.06,0.06,0.07,0.07,0.07,0.07,0.07,0.08,0.08,0.08,0.08,0.08,0.09,0.09","9.20e-07,5.03e-11,1.76e-11,1.41e-11","10,10,10,10",1.14e-06; 2.28e-06; 3.43e-06; 4.57e-06; 5.71e-06; 6.85e-06; 7.99e-06; 9.13e-06; 1.03e-05; 1.14e-05; 1.26e-05; 1.37e-05; 1.48e-05; 1.60e-05; 1.71e-05; 1.83e-05; 1.94e-05; 2.05e-05; 2.17e-05; 2.28e-05; 2.40e-05; 2.51e-05; 2.63e-05; 2.74e-05; 2.85e-05; 2.97e-05; 3.08e-05; 3.20e-05; 3.31e-05; 3.42e-05; 3.54e-05; 3.65e-05; 3.77e-05; 3.88e-05; 4.00e-05; 4.11e-05; 4.22e-05; 4.34e-05; 4.45e-05; 4.57e-05; 4.68e-05; 4.79e-05; 4.91e-05; 5.02e-05; 5.14e-05; 5.25e-05; 5.37e-05; 5.48e-05; 5.59e-05; 5.71e-05; 5.82e-05; 5.94e-05; 6.05e-05; 6.16e-05; 6.28e-05; 6.39e-05; 6.51e-05; 6.62e-05; 6.74e-05; 6.85e-05; 6.96e-05; 7.08e-05; 7.19e-05; 7.31e-05,"32,32,32,32,32,32,32,32,32,32,32,32,32,32,32,32,32,32,32,32,32,32,32,32,32,32,32,32,32,32,32,32,32,32,32,32,32,32,32,32,32,32,32,32,32,32,32,32,32,32,32,32,32,32,32,32,32,32,32,32,32,32,32,32"
875,0.01,0.00,"0.00,0.00,0.00,0.00,0.00,0.00,0.00,0.00,0.00,0.00,0.00,0.00,0.00,0.00,0.00,0.00,0.00,0.01,0.01,0.01,0.01,0.01,0.01,0.01,0.01,0.01,0.01,0.01,0.01,0.01,0.01,0.01,0.01,0.01,0.02,0.02,0.02,0.02,0.02,0.02,0.02,0.02,0.02,0.02,0.02,0.02,0.02,0.02,0.02,0.03,0.03,0.03,0.03,0.03,0.03,0.03,0.03,0.03,0.03,0.03,0.03,0.04,0.04,0.04","2.75e-07,2.02e-11,1.04e-11,3.43e-12","8,8,8,8",; ; 1.03e-06; 1.37e-06; 1.71e-06; 2.05e-06; 2.39e-06; 2.74e-06; 3.08e-06; 3.42e-06; 3.76e-06; 4.10e-06; 4.45e-06; 4.79e-06; 5.13e-06; 5.47e-06; 5.81e-06; 6.16e-06; 6.50e-06; 6.84e-06; 7.18e-06; 7.52e-06; 7.87e-06; 8.21e-06; 8.55e-06; 8.89e-06; 9.23e-06; 9.57e-06; 9.92e-06; 1.03e-05; 1.06e-05; 1.09e-05; 1.13e-05; 1.16e-05; 1.20e-05; 1.23e-05; 1.27e-05; 1.30e-05; 1.33e-05; 1.37e-05; 1.40e-05; 1.44e-05; 1.47e-05; 1.50e-05; 1.54e-05; 1.57e-05; 1.61e-05; 1.64e-05; 1.68e-05; 1.71e-05; 1.74e-05; 1.78e-05; 1.81e-05; 1.85e-05; 1.88e-05; 1.91e-05; 1.95e-05; 1.98e-05; 2.02e-05; 2.05e-05; 2.09e-05; 2.12e-05; 2.15e-05; 2.19e-05,"30,30,30,30,30,30,30,30,30,30,30,30,30,30,30,30,30,30,30,30,30,30,30,30,30,30,30,30,30,30,30,30,30,30,30,30,30,30,30,30,30,30,30,30,30,30,30,30,30,30,30,30,30,30,30,30,30,30,30,30,30,30,30,30"
876,0.01,0.01,"0.00,0.00,0.00,0.00,0.00,0.00,0.00,0.00,0.00,0.00,0.01,0.01,0.01,0.01,0.01,0.01,0.01,0.02,0.02,0.02,0.02,0.02,0.03,0.03,0.03,0.03,0.04,0.04,0.04,0.04,0.05,0.05,0.05,0.05,0.06,0.06,0.07,0.07,0.07,0.08,0.08,0.08,0.09,0.09,0.09,0.10,0.10,0.11,0.11,0.11,0.12,0.12,0.13,0.13,0.14,0.14,0.15,0.15,0.16,0.16,0.17,0.17,0.18,0.18","5.60e-07,6.31e-11,1.49e-11,1.42e-11","9,9,9,9",; 1.39e-06; 2.08e-06; 2.78e-06; 3.47e-06; 4.17e-06; 4.87e-06; 5.56e-06; 6.26e-06; 6.95e-06; 7.65e-06; 8.34e-06; 9.04e-06; 9.73e-06; 1.04e-05; 1.11e-05; 1.18e-05; 1.25e-05; 1.32e-05; 1.39e-05; 1.46e-05; 1.53e-05; 1.60e-05; 1.67e-05; 1.74e-05; 1.81e-05; 1.88e-05; 1.95e-05; 2.02e-05; 2.09e-05; 2.15e-05; 2.22e-05; 2.29e-05; 2.36e-05; 2.43e-05; 2.50e-05; 2.57e-05; 2.64e-05; 2.71e-05; 2.78e-05; 2.85e-05; 2.92e-05; 2.99e-05; 3.06e-05; 3.13e-05; 3.20e-05; 3.27e-05; 3.34e-05; 3.41e-05; 3.48e-05; 3.54e-05; 3.61e-05; 3.68e-05; 3.75e-05; 3.82e-05; 3.89e-05; 3.96e-05; 4.03e-05; 4.10e-05; 4.17e-05; 4.24e-05; 4.31e-05; 4.38e-05; 4.45e-05,"39,39,39,39,39,39,39,39,39,39,39,39,39,39,39,39,39,39,39,39,39,39,39,39,39,39,39,39,39,39,39,39,39,39,39,39,39,39,39,39,39,39,39,39,39,39,39,39,39,39,39,39,39,39,39,39,39,39,39,39,39,39,39,39"
877,0.01,0.01,"0.00,0.00,0.00,0.00,0.00,0.00,0.00,0.00,0.00,0.00,0.00,0.00,0.00,0.01,0.01,0.01,0.01,0.01,0.01,0.01,0.01,0.01,0.01,0.02,0.02,0.02,0.02,0.02,0.02,0.02,0.03,0.03,0.03,0.03,0.03,0.03,0.04,0.04,0.04,0.04,0.04,0.05,0.05,0.05,0.05,0.06,0.06,0.06,0.06,0.06,0.07,0.07,0.07,0.08,0.08,0.08,0.08,0.09,0.09,0.09,0.10,0.10,0.10,0.10","5.40e-07,5.60e-11,1.77e-11,1.13e-11","4,4,4,4",; 1.34e-06; 2.01e-06; 2.68e-06; 3.35e-06; 4.02e-06; 4.69e-06; 5.36e-06; 6.03e-06; 6.70e-06; 7.38e-06; 8.05e-06; 8.72e-06; 9.39e-06; 1.01e-05; 1.07e-05; 1.14e-05; 1.21e-05; 1.27e-05; 1.34e-05; 1.41e-05; 1.47e-05; 1.54e-05; 1.61e-05; 1.68e-05; 1.74e-05; 1.81e-05; 1.88e-05; 1.94e-05; 2.01e-05; 2.08e-05; 2.15e-05; 2.21e-05; 2.28e-05; 2.35e-05; 2.41e-05; 2.48e-05; 2.55e-05; 2.61e-05; 2.68e-05; 2.75e-05; 2.82e-05; 2.88e-05; 2.95e-05; 3.02e-05; 3.08e-05; 3.15e-05; 3.22e-05; 3.29e-05; 3.35e-05; 3.42e-05; 3.49e-05; 3.55e-05; 3.62e-05; 3.69e-05; 3.75e-05; 3.82e-05; 3.89e-05; 3.96e-05; 4.02e-05; 4.09e-05; 4.16e-05; 4.22e-05; 4.29e-05,"31,31,31,31,31,31,31,31,31,31,31,31,31,31,31,31,31,31,31,31,31,31,31,31,31,31,31,31,31,31,31,31,31,31,31,31,31,31,31,31,31,31,31,31,31,31,31,31,31,31,31,31,31,31,31,31,31,31,31,31,31,31,31,31"
888,43.41,35.49,"12.74,16.08,19.64,22.28,24.58,26.79,28.89,30.71,32.26,33.45,34.51,35.39,36.11,36.76,37.59,38.52,39.42,40.02,40.69,41.26,41.62,41.98,41.59,42.41,43.02,43.56,43.89,44.46,44.79,45.06,45.42,45.65,46.31,46.23,47.01,47.17,47.21,47.15,47.40,48.07,48.24,48.55,48.73,49.42,49.35,49.57,49.25,49.96,50.41,50.67,50.84,51.29,51.58,50.80,51.23,51.18,51.83,52.98,52.09,52.30,52.13,53.23,53.12,52.88","5.32e+01,5.31e+01,5.29e+01,5.10e+01","11,5,11,3","3.07e+02; 3.40e+02,2.73e+02; 4.04e+02,3.25e+02,1.91e+02; 4.76e+02,3.97e+02,3.52e+02; 5.62e+02,5.10e+02,4.61e+02; 5.87e+02,5.58e+02,4.83e+02,2.12e+02; 6.33e+02,6.16e+02,5.23e+02,3.74e+02; 6.95e+02,6.85e+02,5.80e+02,4.92e+02; 7.54e+02,7.45e+02,6.67e+02,5.92e+02; 8.23e+02,8.14e+02,7.56e+02,6.72e+02; 8.97e+02,8.89e+02,8.37e+02,7.49e+02; 9.71e+02,9.62e+02,9.13e+02,8.33e+02; 1.05e+03,1.04e+03,9.85e+02,9.16e+02; 1.12e+03,1.11e+03,1.06e+03,9.96e+02; 1.20e+03,1.19e+03,1.14e+03,1.07e+03; 1.27e+03,1.26e+03,1.22e+03,1.16e+03; 1.34e+03,1.33e+03,1.30e+03,1.24e+03; 1.42e+03,1.41e+03,1.38e+03,1.32e+03; 1.49e+03,1.49e+03,1.46e+03,1.39e+03; 1.57e+03,1.56e+03,1.53e+03,1.47e+03; 1.64e+03,1.64e+03,1.61e+03,1.55e+03; 1.72e+03,1.71e+03,1.69e+03,1.62e+03; 1.79e+03,1.79e+03,1.77e+03,1.70e+03; 1.87e+03,1.86e+03,1.84e+03,1.79e+03; 1.94e+03,1.94e+03,1.91e+03,1.87e+03; 2.02e+03,2.01e+03,1.99e+03,1.95e+03; 2.09e+03,2.09e+03,2.07e+03,2.02e+03; 2.17e+03,2.17e+03,2.14e+03,2.10e+03; 2.25e+03,2.24e+03,2.22e+03,2.18e+03; 2.32e+03,2.32e+03,2.30e+03,2.26e+03; 2.40e+03,2.40e+03,2.38e+03,2.33e+03; 2.47e+03,2.47e+03,2.45e+03,2.41e+03; 2.55e+03,2.55e+03,2.53e+03,2.49e+03; 2.63e+03,2.62e+03,2.60e+03,2.57e+03; 2.70e+03,2.70e+03,2.68e+03,2.64e+03; 2.78e+03,2.78e+03,2.76e+03,2.72e+03; 2.86e+03,2.85e+03,2.84e+03,2.80e+03; 2.93e+03,2.93e+03,2.91e+03,2.87e+03; 3.01e+03,3.01e+03,2.99e+03,2.95e+03; 3.08e+03,3.08e+03,3.06e+03,3.03e+03; 3.16e+03,3.16e+03,3.14e+03,3.11e+03; 3.24e+03,3.24e+03,3.22e+03,3.18e+03; 3.31e+03,3.31e+03,3.30e+03,3.26e+03; 3.39e+03,3.39e+03,3.37e+03,3.34e+03; 3.47e+03,3.46e+03,3.45e+03,3.41e+03; 3.54e+03,3.54e+03,3.53e+03,3.49e+03; 3.62e+03,3.62e+03,3.60e+03,3.57e+03; 3.69e+03,3.69e+03,3.68e+03,3.65e+03; 3.77e+03,3.77e+03,3.75e+03,3.73e+03; 3.85e+03,3.85e+03,3.83e+03,3.80e+03; 3.92e+03,3.92e+03,3.91e+03,3.88e+03; 4.00e+03,4.00e+03,3.98e+03,3.96e+03; 4.08e+03,4.08e+03,4.06e+03,4.03e+03; 4.15e+03,4.15e+03,4.14e+03,4.11e+03; 4.23e+03,4.23e+03,4.22e+03,4.19e+03; 4.31e+03,4.30e+03,4.29e+03,4.27e+03; 4.38e+03,4.38e+03,4.37e+03,4.34e+03; 4.46e+03,4.46e+03,4.44e+03,4.42e+03; 4.53e+03,4.53e+03,4.52e+03,4.50e+03; 4.61e+03,4.61e+03,4.60e+03,4.57e+03; 4.69e+03,4.69e+03,4.67e+03,4.65e+03; 4.76e+03,4.76e+03,4.75e+03,4.73e+03; 4.84e+03,4.84e+03,4.83e+03,4.80e+03; 4.92e+03,4.92e+03,4.90e+03,4.88e+03","39,33,39,39,39,39,39,39,39,33,39,39,39,39,39,39,39,39,33,39,33,37,22,39,39,33,33,39,39,39,22,39,37,39,33,37,22,37,22,39,39,22,33,37,39,37,22,39,39,37,39,33,33,39,22,39,39,33,22,37,22,37,22,37"
889,35.43,29.60,"13.08,16.76,20.21,22.59,24.28,25.49,26.53,28.01,28.96,29.65,30.30,30.92,31.58,31.88,32.63,33.44,33.87,34.42,34.54,35.33,35.53,35.82,36.20,36.74,37.33,37.67,37.76,38.22,38.51,38.69,38.93,39.66,39.93,40.20,40.63,40.82,41.03,41.29,41.68,42.01,42.30,42.29,42.76,42.86,42.89,43.28,43.31,43.79,43.83,43.81,44.45,44.22,44.32,44.51,45.41,45.41,45.11,46.09,46.29,45.95,46.56,46.59,46.94,46.13","4.78e+01,4.73e+01,4.65e+01,4.37e+01","11,11,0,11","2.30e+02; 2.58e+02,2.01e+02; 3.54e+02,3.35e+02; 4.65e+02,4.55e+02; 5.78e+02,5.71e+02; 6.93e+02,6.87e+02; 6.87e+02,6.81e+02,2.41e+02; 6.75e+02,6.70e+02,4.93e+02; 7.51e+02,7.47e+02,5.71e+02; 8.25e+02,8.22e+02,6.52e+02; 8.97e+02,8.93e+02,7.38e+02; 9.71e+02,9.68e+02,8.19e+02; 1.05e+03,1.04e+03,8.98e+02; 1.07e+03,1.06e+03,9.15e+02,1.72e+02; 1.12e+03,1.11e+03,9.86e+02,2.32e+02; 1.16e+03,1.16e+03,1.07e+03,2.81e+02; 1.23e+03,1.22e+03,1.14e+03,3.21e+02; 1.41e+03,1.41e+03,1.32e+03; 1.32e+03,1.32e+03,1.23e+03,5.03e+02; 1.54e+03,1.54e+03,1.47e+03,3.70e+01; 1.52e+03,1.52e+03,1.43e+03,3.52e+02; 1.50e+03,1.50e+03,1.41e+03,6.43e+02; 1.56e+03,1.55e+03,1.47e+03,7.07e+02; 1.61e+03,1.60e+03,1.54e+03,7.67e+02; 1.67e+03,1.66e+03,1.60e+03,8.18e+02; 1.73e+03,1.73e+03,1.66e+03,8.58e+02; 1.79e+03,1.78e+03,1.72e+03,9.18e+02; 2.15e+03,2.14e+03,2.10e+03,4.56e+01; 1.89e+03,1.89e+03,1.82e+03,1.07e+03; 1.93e+03,1.92e+03,1.85e+03,1.20e+03; 1.98e+03,1.98e+03,1.91e+03,1.26e+03; 2.04e+03,2.03e+03,1.98e+03,1.31e+03; 2.09e+03,2.09e+03,2.04e+03,1.36e+03; 2.14e+03,2.14e+03,2.08e+03,1.45e+03; 2.20e+03,2.19e+03,2.14e+03,1.52e+03; 2.25e+03,2.24e+03,2.19e+03,1.60e+03; 2.39e+03,2.39e+03,2.33e+03,1.39e+03; 2.35e+03,2.35e+03,2.29e+03,1.74e+03; 2.41e+03,2.41e+03,2.35e+03,1.80e+03; 2.46e+03,2.46e+03,2.42e+03,1.85e+03; 2.52e+03,2.52e+03,2.48e+03,1.90e+03; 2.58e+03,2.57e+03,2.53e+03,1.98e+03; 2.63e+03,2.63e+03,2.58e+03,2.04e+03; 2.68e+03,2.68e+03,2.64e+03,2.11e+03; 2.76e+03,2.75e+03,2.71e+03,2.13e+03; 2.79e+03,2.79e+03,2.74e+03,2.24e+03; 2.85e+03,2.85e+03,2.80e+03,2.30e+03; 2.91e+03,2.91e+03,2.86e+03,2.36e+03; 2.96e+03,2.96e+03,2.92e+03,2.42e+03; 3.02e+03,3.02e+03,2.97e+03,2.48e+03; 3.07e+03,3.07e+03,3.03e+03,2.55e+03; 3.12e+03,3.12e+03,3.07e+03,2.64e+03; 3.22e+03,3.22e+03,3.17e+03,2.57e+03; 3.24e+03,3.24e+03,3.20e+03,2.73e+03; 3.29e+03,3.29e+03,3.25e+03,2.81e+03; 3.35e+03,3.35e+03,3.31e+03,2.86e+03; 3.41e+03,3.41e+03,3.37e+03,2.92e+03; 3.47e+03,3.47e+03,3.43e+03,2.97e+03; 3.53e+03,3.53e+03,3.49e+03,3.01e+03; 3.58e+03,3.58e+03,3.54e+03,3.10e+03; 3.69e+03,3.68e+03,3.65e+03,3.01e+03; 3.69e+03,3.69e+03,3.65e+03,3.23e+03; 3.75e+03,3.74e+03,3.71e+03,3.28e+03; 3.80e+03,3.80e+03,3.77e+03,3.34e+03","38,38,38,38,38,38,38,38,38,38,38,38,38,38,38,38,38,24,38,38,38,38,38,38,38,38,34,38,24,40,38,38,38,34,40,34,38,40,38,38,34,40,34,24,24,34,38,40,38,34,34,34,38,38,34,38,24,34,38,40,24,34,38,40"
890,31.49,26.57,"12.68,15.01,17.00,19.16,21.01,22.50,23.77,24.80,25.53,26.08,26.56,27.04,27.51,28.03,28.65,29.39,29.88,30.26,30.45,30.90,31.24,31.75,32.25,32.86,33.36,33.54,33.85,34.24,34.45,35.00,35.37,35.96,36.36,36.61,36.90,37.07,37.34,37.74,37.93,38.48,39.16,39.02,39.32,39.34,39.49,39.85,40.18,40.15,40.29,40.38,40.78,40.88,40.74,41.39,41.44,41.96,41.93,42.48,42.55,42.46,43.01,43.05,43.22,43.55","4.26e+01,4.22e+01,3.82e+01,2.99e+01","8,3,8,8","1.90e+02; 3.80e+02; 3.67e+02,2.02e+02; 4.17e+02,3.42e+02; 4.96e+02,4.53e+02; 5.83e+02,5.56e+02; 6.74e+02,6.55e+02; 7.66e+02,7.52e+02; 8.60e+02,8.49e+02; 9.06e+02,8.95e+02,9.71e+01; 9.75e+02,9.65e+02,1.47e+02; 1.01e+03,1.00e+03,2.66e+02; 1.04e+03,1.03e+03,4.00e+02; 1.10e+03,1.09e+03,4.61e+02; 1.15e+03,1.14e+03,5.65e+02; 1.16e+03,1.16e+03,7.17e+02; 1.23e+03,1.22e+03,7.82e+02; 1.28e+03,1.28e+03,8.55e+02; 1.35e+03,1.35e+03,9.09e+02; 1.41e+03,1.40e+03,9.89e+02; 1.27e+03,1.27e+03,8.36e+02,6.12e+02; 1.28e+03,1.28e+03,8.49e+02,7.65e+02; 1.31e+03,1.30e+03,9.02e+02,8.56e+02; 1.34e+03,1.33e+03,9.82e+02,9.06e+02; 1.39e+03,1.38e+03,1.03e+03,9.46e+02; 1.43e+03,1.43e+03,1.08e+03,9.97e+02; 1.48e+03,1.47e+03,1.09e+03,1.08e+03; 1.52e+03,1.51e+03,1.15e+03,1.14e+03; 1.57e+03,1.57e+03,1.22e+03,1.14e+03; 1.62e+03,1.61e+03,1.27e+03,1.20e+03; 1.64e+03,1.63e+03,1.33e+03,1.28e+03; 1.67e+03,1.66e+03,1.39e+03,1.35e+03; 1.72e+03,1.71e+03,1.44e+03,1.39e+03; 1.76e+03,1.76e+03,1.49e+03,1.44e+03; 1.81e+03,1.80e+03,1.53e+03,1.50e+03; 1.86e+03,1.85e+03,1.57e+03,1.55e+03; 1.91e+03,1.90e+03,1.64e+03,1.58e+03; 1.95e+03,1.95e+03,1.68e+03,1.63e+03; 1.99e+03,1.98e+03,1.73e+03,1.70e+03; 2.02e+03,2.02e+03,1.81e+03,1.74e+03; 2.07e+03,2.07e+03,1.86e+03,1.79e+03; 2.12e+03,2.11e+03,1.91e+03,1.84e+03; 2.16e+03,2.16e+03,1.95e+03,1.89e+03; 2.22e+03,2.22e+03,1.98e+03,1.94e+03; 2.26e+03,2.25e+03,2.03e+03,2.00e+03; 2.31e+03,2.30e+03,2.10e+03,2.03e+03; 2.35e+03,2.34e+03,2.14e+03,2.09e+03; 2.39e+03,2.39e+03,2.19e+03,2.14e+03; 2.44e+03,2.44e+03,2.24e+03,2.19e+03; 2.48e+03,2.48e+03,2.29e+03,2.24e+03; 2.53e+03,2.53e+03,2.33e+03,2.29e+03; 2.59e+03,2.58e+03,2.37e+03,2.34e+03; 2.62e+03,2.61e+03,2.42e+03,2.40e+03; 2.68e+03,2.68e+03,2.49e+03,2.40e+03; 2.72e+03,2.71e+03,2.55e+03,2.46e+03; 2.76e+03,2.75e+03,2.62e+03,2.50e+03; 2.80e+03,2.80e+03,2.67e+03,2.55e+03; 2.83e+03,2.83e+03,2.70e+03,2.65e+03; 2.90e+03,2.89e+03,2.76e+03,2.65e+03; 2.95e+03,2.94e+03,2.80e+03,2.69e+03; 2.99e+03,2.98e+03,2.86e+03,2.75e+03; 3.04e+03,3.04e+03,2.91e+03,2.78e+03; 3.08e+03,3.08e+03,2.95e+03,2.84e+03; 3.13e+03,3.13e+03,3.00e+03,2.89e+03","39,39,39,39,39,39,39,39,39,39,39,39,39,39,39,39,39,39,39,39,33,33,33,39,39,33,35,33,39,33,33,39,39,33,37,33,33,39,39,39,39,33,37,35,33,37,33,35,33,39,37,37,35,37,39,39,33,35,37,39,39,35,33,37"
891,40.29,34.57,"12.49,14.99,17.66,19.92,22.00,23.76,25.37,26.72,27.85,28.76,29.61,30.40,31.17,31.83,32.87,33.62,34.28,34.87,35.34,35.90,36.46,36.95,37.51,37.97,38.29,38.58,39.04,39.41,39.79,40.18,40.69,41.05,41.41,41.78,41.82,42.25,42.44,42.62,43.01,43.42,43.61,43.87,44.15,44.63,44.73,44.91,45.28,45.26,45.86,45.67,45.91,46.00,46.30,46.37,47.04,46.92,47.25,47.16,47.49,47.33,47.54,47.67,48.21,48.14","2.55e+01,2.54e+01,2.43e+01,2.42e+01","11,0,0,11","1.52e+02; 2.19e+02,8.41e+01; 2.61e+02,1.94e+02; 2.78e+02,2.34e+02,9.61e+01; 2.96e+02,2.45e+02,2.17e+02; 3.14e+02,2.68e+02,2.40e+02,8.75e+01; 3.40e+02,3.04e+02,2.48e+02,1.70e+02; 3.74e+02,3.46e+02,2.93e+02,2.02e+02; 4.13e+02,3.89e+02,3.16e+02,2.48e+02; 4.52e+02,4.30e+02,3.58e+02,2.78e+02; 4.81e+02,4.59e+02,4.07e+02,3.22e+02; 5.25e+02,5.03e+02,4.37e+02,3.56e+02; 5.64e+02,5.42e+02,4.72e+02,3.96e+02; 6.01e+02,5.81e+02,5.22e+02,4.21e+02; 6.30e+02,6.12e+02,5.53e+02,4.81e+02; 6.67e+02,6.50e+02,5.92e+02,5.20e+02; 7.02e+02,6.88e+02,6.27e+02,5.63e+02; 7.39e+02,7.24e+02,6.65e+02,6.04e+02; 7.77e+02,7.63e+02,7.04e+02,6.39e+02; 8.14e+02,8.00e+02,7.40e+02,6.82e+02; 8.50e+02,8.36e+02,7.76e+02,7.24e+02; 8.88e+02,8.75e+02,8.15e+02,7.61e+02; 9.26e+02,9.14e+02,8.53e+02,7.98e+02; 9.64e+02,9.53e+02,8.89e+02,8.37e+02; 1.00e+03,9.92e+02,9.27e+02,8.74e+02; 1.04e+03,1.03e+03,9.66e+02,9.07e+02; 1.08e+03,1.07e+03,1.00e+03,9.50e+02; 1.12e+03,1.11e+03,1.04e+03,9.87e+02; 1.15e+03,1.14e+03,1.08e+03,1.03e+03; 1.19e+03,1.18e+03,1.12e+03,1.06e+03; 1.23e+03,1.22e+03,1.15e+03,1.11e+03; 1.26e+03,1.25e+03,1.19e+03,1.15e+03; 1.30e+03,1.29e+03,1.23e+03,1.18e+03; 1.34e+03,1.33e+03,1.27e+03,1.22e+03; 1.38e+03,1.37e+03,1.31e+03,1.26e+03; 1.41e+03,1.41e+03,1.34e+03,1.30e+03; 1.45e+03,1.45e+03,1.38e+03,1.34e+03; 1.49e+03,1.48e+03,1.42e+03,1.37e+03; 1.53e+03,1.52e+03,1.46e+03,1.41e+03; 1.56e+03,1.56e+03,1.49e+03,1.45e+03; 1.60e+03,1.60e+03,1.53e+03,1.49e+03; 1.64e+03,1.63e+03,1.57e+03,1.53e+03; 1.68e+03,1.67e+03,1.61e+03,1.57e+03; 1.71e+03,1.71e+03,1.64e+03,1.61e+03; 1.75e+03,1.75e+03,1.69e+03,1.64e+03; 1.79e+03,1.79e+03,1.73e+03,1.67e+03; 1.83e+03,1.82e+03,1.76e+03,1.72e+03; 1.87e+03,1.86e+03,1.80e+03,1.76e+03; 1.90e+03,1.90e+03,1.84e+03,1.80e+03; 1.94e+03,1.94e+03,1.88e+03,1.83e+03; 1.98e+03,1.97e+03,1.91e+03,1.88e+03; 2.02e+03,2.01e+03,1.94e+03,1.92e+03; 2.06e+03,2.05e+03,1.99e+03,1.95e+03; 2.10e+03,2.09e+03,2.03e+03,1.98e+03; 2.13e+03,2.13e+03,2.06e+03,2.03e+03; 2.17e+03,2.16e+03,2.10e+03,2.07e+03; 2.21e+03,2.20e+03,2.14e+03,2.10e+03; 2.25e+03,2.24e+03,2.18e+03,2.14e+03; 2.28e+03,2.28e+03,2.21e+03,2.19e+03; 2.32e+03,2.32e+03,2.25e+03,2.22e+03; 2.36e+03,2.35e+03,2.29e+03,2.25e+03; 2.41e+03,2.40e+03,2.34e+03,2.25e+03; 2.43e+03,2.43e+03,2.37e+03,2.33e+03; 2.47e+03,2.47e+03,2.41e+03,2.37e+03","30,39,39,39,39,39,39,39,39,39,39,39,39,39,39,39,39,39,39,39,39,39,39,30,30,39,39,39,39,39,39,30,39,30,39,46,39,46,39,39,39,30,39,39,46,39,39,39,39,30,46,37,46,39,30,30,37,30,39,30,30,30,37,37"
892,33.32,28.21,"11.04,13.36,15.46,17.32,18.74,19.80,20.59,21.26,22.11,22.64,23.15,23.72,24.29,24.78,25.23,25.63,26.06,26.40,26.68,27.20,27.54,27.84,28.18,28.45,28.71,29.03,29.33,29.64,29.75,30.22,30.47,30.77,31.10,31.04,31.27,31.60,31.72,32.09,32.31,32.62,32.86,32.69,33.08,33.10,33.32,33.56,33.84,34.03,34.32,34.27,34.35,34.41,34.71,34.94,35.10,35.30,35.24,35.39,35.47,35.47,35.09,35.70,35.77,36.34","1.57e+01,1.55e+01,1.47e+01,1.37e+01","15,4,4,4","8.54e+01; 1.67e+02,3.54e+00; 1.60e+02,9.60e+01; 1.91e+02,1.51e+02; 2.29e+02,1.98e+02; 2.70e+02,2.43e+02; 2.92e+02,2.65e+02,4.11e+01; 3.20e+02,2.94e+02,6.94e+01; 3.44e+02,3.23e+02,1.02e+02; 3.70e+02,3.50e+02,1.35e+02; 3.99e+02,3.79e+02,1.62e+02; 4.29e+02,4.09e+02,1.87e+02; 4.49e+02,4.30e+02,2.31e+02; 4.76e+02,4.58e+02,2.62e+02; 5.04e+02,4.86e+02,2.92e+02; 5.32e+02,5.14e+02,3.21e+02; 5.59e+02,5.43e+02,3.51e+02; 5.87e+02,5.70e+02,3.81e+02; 6.16e+02,6.00e+02,4.08e+02; 6.46e+02,6.31e+02,4.32e+02; 6.68e+02,6.53e+02,4.74e+02; 6.94e+02,6.79e+02,5.06e+02; 7.16e+02,7.01e+02,5.30e+02,1.84e+01; 7.16e+02,7.02e+02,5.32e+02,9.98e+01; 7.38e+02,7.24e+02,5.52e+02,1.21e+02; 7.86e+02,7.72e+02,5.98e+02,6.52e+01; 7.52e+02,7.38e+02,5.73e+02,2.44e+02; 7.99e+02,7.86e+02,6.19e+02,1.89e+02; 8.56e+02,8.43e+02,6.84e+02,9.48e+01; 8.32e+02,8.18e+02,6.59e+02,2.54e+02; 8.37e+02,8.24e+02,6.76e+02,3.12e+02; 8.56e+02,8.43e+02,6.97e+02,3.38e+02; 8.77e+02,8.65e+02,7.17e+02,3.61e+02; 9.33e+02,9.21e+02,7.59e+02,2.92e+02; 9.28e+02,9.15e+02,7.26e+02,4.21e+02; 9.55e+02,9.43e+02,7.90e+02,3.88e+02; 1.02e+03,1.01e+03,8.56e+02,2.74e+02; 9.88e+02,9.76e+02,8.30e+02,4.52e+02; 9.98e+02,9.86e+02,8.46e+02,5.02e+02; 1.02e+03,1.01e+03,8.67e+02,5.30e+02; 1.04e+03,1.03e+03,8.88e+02,5.50e+02; 1.03e+03,1.02e+03,8.48e+02,6.82e+02; 1.09e+03,1.08e+03,9.36e+02,5.61e+02; 1.10e+03,1.09e+03,9.21e+02,6.53e+02; 1.17e+03,1.16e+03,1.01e+03,4.99e+02; 1.15e+03,1.14e+03,9.94e+02,6.52e+02; 1.16e+03,1.15e+03,1.01e+03,7.03e+02; 1.17e+03,1.16e+03,1.03e+03,7.39e+02; 1.19e+03,1.18e+03,1.05e+03,7.60e+02; 1.23e+03,1.22e+03,1.09e+03,7.33e+02; 1.25e+03,1.24e+03,1.09e+03,7.86e+02; 1.25e+03,1.24e+03,1.06e+03,8.95e+02; 1.32e+03,1.31e+03,1.16e+03,7.39e+02; 1.32e+03,1.31e+03,1.16e+03,8.24e+02; 1.32e+03,1.31e+03,1.18e+03,8.89e+02; 1.34e+03,1.33e+03,1.20e+03,9.25e+02; 1.36e+03,1.35e+03,1.22e+03,9.46e+02; 1.38e+03,1.37e+03,1.25e+03,9.57e+02; 1.41e+03,1.40e+03,1.28e+03,9.47e+02; 1.42e+03,1.41e+03,1.24e+03,1.06e+03; 1.49e+03,1.48e+03,1.34e+03,9.07e+02; 1.47e+03,1.46e+03,1.33e+03,1.03e+03; 1.49e+03,1.48e+03,1.35e+03,1.07e+03; 1.49e+03,1.48e+03,1.34e+03,1.15e+03","38,38,38,38,38,38,38,38,38,38,38,38,38,38,38,38,38,38,38,38,38,38,38,38,38,38,38,38,38,38,38,38,22,54,38,38,38,6,38,38,38,54,6,22,38,38,38,38,6,22,22,6,38,38,22,22,6,22,6,6,6,6,54,38"
893,24.00,20.71,"10.91,13.08,14.41,15.53,16.91,18.26,19.48,20.56,21.26,21.78,22.20,22.59,23.01,23.47,23.97,24.52,24.88,25.17,25.41,25.63,25.89,26.15,26.51,26.92,27.14,27.32,27.47,27.64,27.79,28.07,28.34,28.58,28.80,28.99,29.12,29.31,29.29,29.49,29.72,29.94,30.00,30.08,30.21,30.27,30.42,30.57,30.64,30.93,31.11,31.03,31.17,31.27,31.22,31.44,31.51,31.88,31.91,31.73,32.33,31.96,32.04,32.06,32.42,32.36","1.95e+01,1.91e+01,1.24e-03,9.16e-04","6,6,6,6","4.79e+01; 9.58e+01; 1.44e+02; 1.45e+02,4.68e+01; 1.45e+02,9.42e+01; 1.59e+02,1.28e+02; 1.78e+02,1.58e+02; 1.99e+02,1.85e+02; 2.21e+02,2.10e+02; 2.45e+02,2.34e+02; 2.69e+02,2.58e+02; 2.93e+02,2.82e+02; 3.17e+02,3.06e+02; 3.40e+02,3.31e+02; 3.63e+02,3.55e+02; 3.87e+02,3.80e+02; 4.10e+02,4.04e+02; 4.34e+02,4.28e+02; 4.58e+02,4.52e+02; 4.82e+02,4.76e+02; 5.06e+02,5.00e+02; 5.30e+02,5.24e+02; 5.54e+02,5.48e+02; 5.77e+02,5.73e+02; 6.01e+02,5.97e+02; 6.25e+02,6.21e+02; 6.49e+02,6.45e+02; 6.73e+02,6.69e+02; 6.97e+02,6.93e+02; 7.21e+02,7.17e+02; 7.44e+02,7.41e+02; 7.68e+02,7.65e+02; 7.92e+02,7.89e+02; 8.16e+02,8.13e+02; 8.40e+02,8.37e+02; 8.64e+02,8.61e+02; 8.88e+02,8.85e+02; 9.12e+02,9.09e+02; 9.36e+02,9.33e+02; 9.60e+02,9.57e+02; 9.84e+02,9.81e+02; 1.01e+03,1.00e+03; 1.03e+03,1.03e+03; 1.06e+03,1.05e+03; 1.08e+03,1.08e+03; 1.10e+03,1.10e+03; 1.13e+03,1.12e+03; 1.15e+03,1.15e+03; 1.17e+03,1.17e+03; 1.20e+03,1.20e+03; 1.22e+03,1.22e+03; 1.25e+03,1.24e+03; 1.27e+03,1.27e+03; 1.29e+03,1.29e+03; 1.32e+03,1.32e+03; 1.34e+03,1.34e+03; 1.37e+03,1.36e+03; 1.39e+03,1.39e+03; 1.41e+03,1.41e+03; 1.44e+03,1.44e+03; 1.46e+03,1.46e+03; 1.49e+03,1.48e+03; 1.51e+03,1.51e+03; 1.46e+03,1.46e+03,1.44e+02","30,30,30,30,30,30,30,30,30,30,30,30,30,30,30,30,30,30,30,38,30,30,30,30,30,38,30,38,38,30,30,30,38,30,30,38,62,30,30,45,30,45,38,38,38,45,30,38,45,30,38,45,45,38,62,38,30,38,30,62,30,62,38,30"
894,10.05,8.24,"1.70,3.03,3.92,4.57,5.07,5.58,6.02,6.42,6.80,7.14,7.44,7.72,7.99,8.26,8.52,8.76,8.99,9.20,9.39,9.57,9.76,9.96,10.15,10.33,10.50,10.65,10.80,10.94,11.09,11.25,11.40,11.55,11.68,11.80,11.92,12.04,12.17,12.30,12.43,12.54,12.65,12.76,12.86,12.96,13.08,13.19,13.30,13.39,13.48,13.57,13.66,13.76,13.86,13.96,14.05,14.12,14.20,14.28,14.36,14.45,14.54,14.63,14.71,14.78","1.07e-02,9.30e-03,1.10e-06,6.25e-07","13,13,13,5","2.49e-02; 4.97e-02; 7.46e-02; 9.94e-02; 1.04e-01,2.01e-02; 1.24e-01,2.56e-02; 1.39e-01,3.54e-02; 1.47e-01,5.18e-02; 1.62e-01,6.18e-02; 1.79e-01,6.92e-02; 1.98e-01,7.58e-02; 2.15e-01,8.36e-02; 2.29e-01,9.37e-02; 2.42e-01,1.06e-01; 2.53e-01,1.20e-01; 2.63e-01,1.34e-01; 2.77e-01,1.46e-01; 2.92e-01,1.56e-01; 3.08e-01,1.65e-01; 3.23e-01,1.74e-01; 3.36e-01,1.86e-01; 3.50e-01,1.97e-01; 3.59e-01,2.12e-01; 3.69e-01,2.27e-01; 3.82e-01,2.40e-01; 3.96e-01,2.50e-01; 4.11e-01,2.60e-01; 4.25e-01,2.71e-01; 4.37e-01,2.84e-01; 4.48e-01,2.98e-01; 4.58e-01,3.13e-01; 4.68e-01,3.27e-01; 4.81e-01,3.39e-01; 4.95e-01,3.50e-01; 5.09e-01,3.61e-01; 5.23e-01,3.72e-01; 5.34e-01,3.85e-01; 5.45e-01,3.99e-01; 5.56e-01,4.14e-01; 5.67e-01,4.28e-01; 5.80e-01,4.39e-01; 5.94e-01,4.50e-01; 6.07e-01,4.62e-01; 6.20e-01,4.74e-01; 6.32e-01,4.87e-01; 6.43e-01,5.01e-01; 6.53e-01,5.15e-01; 6.65e-01,5.28e-01; 6.78e-01,5.40e-01; 6.92e-01,5.51e-01; 7.05e-01,5.63e-01; 7.17e-01,5.76e-01; 7.29e-01,5.89e-01; 7.40e-01,6.03e-01; 7.51e-01,6.16e-01; 7.69e-01,6.23e-01; 7.83e-01,6.34e-01; 7.97e-01,6.45e-01; 8.10e-01,6.57e-01; 8.22e-01,6.70e-01; 8.34e-01,6.83e-01; 8.03e-01,6.71e-01,6.75e-02; 8.49e-01,6.94e-01,2.39e-02; 8.48e-01,6.87e-01,5.57e-02","42,42,42,42,42,42,42,42,42,42,42,42,42,42,42,42,42,42,42,42,42,42,42,42,42,42,42,42,42,42,42,42,42,42,42,42,42,42,42,42,42,42,42,42,42,42,42,42,42,42,42,42,42,42,42,42,42,42,42,42,42,42,42,42"
895,22.98,20.55,"5.98,7.89,9.24,10.55,11.70,12.70,13.60,14.40,15.09,15.62,16.07,16.48,16.91,17.35,17.76,18.20,18.70,19.08,19.43,19.77,20.10,20.41,20.76,21.07,21.38,21.65,21.90,22.14,22.38,22.61,22.86,23.13,23.35,23.54,23.73,23.92,24.09,24.27,24.43,24.59,24.78,24.95,25.10,25.26,25.41,25.69,25.87,26.12,26.27,26.38,26.47,26.56,26.66,26.81,27.00,27.33,27.43,27.52,27.59,27.66,27.75,27.90,28.02,28.13","3.08e-01,2.88e-01,2.84e-01,2.23e-01","4,4,4,4","1.52e+00; 3.03e+00; 3.59e+00,9.57e-01; 4.07e+00,2.00e+00; 4.65e+00,2.93e+00; 5.27e+00,3.83e+00; 5.89e+00,4.73e+00; 6.15e+00,5.15e+00,8.38e-01; 6.60e+00,5.50e+00,1.55e+00; 7.22e+00,6.09e+00,1.86e+00; 7.81e+00,6.61e+00,2.27e+00; 8.56e+00,7.08e+00,2.41e+00,1.63e-01; 9.02e+00,7.34e+00,2.90e+00,4.62e-01; 9.47e+00,7.75e+00,3.04e+00,9.84e-01; 9.99e+00,8.28e+00,3.01e+00,1.47e+00; 1.05e+01,8.83e+00,2.88e+00,2.08e+00; 1.04e+01,8.87e+00,4.38e+00,2.11e+00; 1.09e+01,9.28e+00,4.85e+00,2.29e+00; 1.13e+01,9.58e+00,5.10e+00,2.80e+00; 1.18e+01,9.81e+00,5.49e+00,3.27e+00; 1.22e+01,1.01e+01,6.19e+00,3.32e+00; 1.27e+01,1.05e+01,6.88e+00,3.28e+00; 1.31e+01,1.10e+01,7.32e+00,3.45e+00; 1.36e+01,1.15e+01,7.55e+00,3.79e+00; 1.40e+01,1.19e+01,7.91e+00,4.13e+00; 1.45e+01,1.24e+01,8.40e+00,4.18e+00; 1.50e+01,1.27e+01,8.82e+00,4.46e+00; 1.54e+01,1.30e+01,9.17e+00,4.87e+00; 1.59e+01,1.33e+01,9.63e+00,5.13e+00; 1.64e+01,1.38e+01,1.01e+01,5.24e+00; 1.68e+01,1.42e+01,1.06e+01,5.42e+00; 1.72e+01,1.46e+01,1.07e+01,5.99e+00; 1.76e+01,1.49e+01,1.08e+01,6.74e+00; 1.81e+01,1.53e+01,1.12e+01,7.05e+00; 1.85e+01,1.56e+01,1.15e+01,7.40e+00; 1.90e+01,1.59e+01,1.19e+01,7.81e+00; 1.95e+01,1.63e+01,1.23e+01,8.13e+00; 1.99e+01,1.67e+01,1.27e+01,8.29e+00; 2.04e+01,1.71e+01,1.33e+01,8.35e+00; 2.05e+01,1.74e+01,1.37e+01,9.07e+00; 2.10e+01,1.77e+01,1.37e+01,9.82e+00; 2.15e+01,1.81e+01,1.40e+01,1.00e+01; 2.20e+01,1.85e+01,1.44e+01,1.03e+01; 2.24e+01,1.88e+01,1.48e+01,1.07e+01; 2.29e+01,1.92e+01,1.53e+01,1.10e+01; 2.34e+01,1.96e+01,1.57e+01,1.11e+01; 2.38e+01,1.99e+01,1.59e+01,1.16e+01; 2.41e+01,2.00e+01,1.59e+01,1.28e+01; 2.46e+01,2.04e+01,1.61e+01,1.33e+01; 2.51e+01,2.08e+01,1.66e+01,1.33e+01; 2.55e+01,2.13e+01,1.70e+01,1.36e+01; 2.60e+01,2.17e+01,1.74e+01,1.38e+01; 2.65e+01,2.21e+01,1.77e+01,1.42e+01; 2.69e+01,2.24e+01,1.81e+01,1.45e+01; 2.73e+01,2.27e+01,1.82e+01,1.53e+01; 2.74e+01,2.27e+01,1.78e+01,1.70e+01; 2.79e+01,2.31e+01,1.81e+01,1.74e+01; 2.83e+01,2.35e+01,1.84e+01,1.78e+01; 2.88e+01,2.39e+01,1.88e+01,1.81e+01; 2.93e+01,2.43e+01,1.91e+01,1.84e+01; 2.97e+01,2.47e+01,1.94e+01,1.88e+01; 2.99e+01,2.48e+01,1.99e+01,1.95e+01; 3.03e+01,2.51e+01,2.05e+01,1.96e+01; 3.09e+01,2.57e+01,2.05e+01,2.00e+01","0,0,0,0,0,0,0,0,0,0,0,0,0,0,0,0,0,0,0,0,0,0,0,0,0,0,0,0,0,0,0,0,0,0,0,0,0,0,0,0,0,0,0,0,0,0,0,0,0,0,49,16,49,0,0,0,55,16,55,55,55,49,49,0"
896,16.37,16.20,"5.09,6.92,7.96,8.95,9.81,10.61,11.35,12.02,12.64,13.12,13.52,13.88,14.24,14.61,14.99,15.38,15.75,16.05,16.30,16.53,16.75,16.99,17.25,17.51,17.77,17.99,18.18,18.34,18.51,18.68,18.87,19.08,19.30,19.47,19.62,19.76,19.90,20.04,20.20,20.38,20.56,20.71,20.83,20.96,21.08,21.20,21.33,21.48,21.64,21.76,21.88,21.99,22.10,22.21,22.32,22.45,22.59,22.70,22.80,22.91,23.01,23.11,23.20,23.30","2.85e-01,2.26e-01,2.03e-01,1.87e-05","5,5,5,5","8.86e-01; 1.77e+00; 2.15e+00,5.10e-01; 2.90e+00,6.42e-01; 3.18e+00,1.25e+00; 3.45e+00,1.86e+00; 3.73e+00,2.47e+00; 4.04e+00,3.05e+00; 4.42e+00,3.55e+00; 4.89e+00,3.97e+00; 5.37e+00,4.37e+00; 5.86e+00,4.77e+00; 6.31e+00,5.21e+00; 6.73e+00,5.67e+00; 7.12e+00,6.17e+00; 7.50e+00,6.67e+00; 7.91e+00,7.15e+00; 8.35e+00,7.60e+00; 8.81e+00,8.03e+00; 9.27e+00,8.45e+00; 9.72e+00,8.88e+00; 1.02e+01,9.34e+00; 1.06e+01,9.80e+00; 1.10e+01,1.03e+01; 1.14e+01,1.08e+01; 1.18e+01,1.12e+01; 1.23e+01,1.16e+01; 1.26e+01,1.19e+01,2.68e-01; 1.28e+01,1.21e+01,8.14e-01; 1.31e+01,1.24e+01,1.09e+00; 1.34e+01,1.27e+01,1.33e+00; 1.36e+01,1.30e+01,1.78e+00; 1.39e+01,1.33e+01,2.09e+00; 1.42e+01,1.37e+01,2.23e+00; 1.46e+01,1.40e+01,2.33e+00; 1.49e+01,1.43e+01,2.73e+00; 1.53e+01,1.46e+01,2.93e+00; 1.56e+01,1.50e+01,3.07e+00; 1.60e+01,1.53e+01,3.22e+00; 1.64e+01,1.57e+01,3.39e+00; 1.73e+01,1.65e+01,2.54e+00; 1.76e+01,1.69e+01,2.67e+00; 1.80e+01,1.72e+01,2.92e+00; 1.76e+01,1.69e+01,4.47e+00; 1.80e+01,1.72e+01,4.67e+00; 1.83e+01,1.76e+01,4.87e+00; 1.87e+01,1.79e+01,5.04e+00; 1.90e+01,1.83e+01,5.28e+00; 1.93e+01,1.86e+01,5.55e+00; 1.96e+01,1.89e+01,5.74e+00; 2.00e+01,1.93e+01,5.96e+00; 2.03e+01,1.95e+01,6.24e+00; 2.06e+01,1.98e+01,6.53e+00; 2.09e+01,2.01e+01,6.76e+00; 2.13e+01,2.05e+01,6.97e+00; 2.16e+01,2.08e+01,7.19e+00; 2.19e+01,2.12e+01,7.45e+00; 2.21e+01,2.14e+01,7.88e+00; 2.23e+01,2.16e+01,8.09e+00,3.52e-01; 2.25e+01,2.18e+01,8.31e+00,5.28e-01; 2.28e+01,2.20e+01,8.58e+00,6.83e-01; 2.30e+01,2.22e+01,8.80e+00,9.51e-01; 2.41e+01,2.32e+01,7.19e+00,1.40e+00; 2.32e+01,2.25e+01,8.56e+00,2.40e+00","57,57,57,57,57,57,57,57,57,57,57,57,57,57,57,57,57,57,57,57,57,57,57,57,57,57,57,57,57,57,57,57,57,57,57,57,57,57,57,57,57,57,57,57,57,57,57,57,57,57,57,57,57,57,57,57,57,57,57,57,57,57,57,57"
897,27.97,29.17,"6.26,11.27,13.49,15.34,16.98,18.47,19.84,21.20,22.24,23.14,23.85,24.54,25.16,25.87,26.53,27.24,27.92,28.41,28.90,29.26,29.73,30.13,30.62,31.07,31.53,31.94,32.23,32.54,32.84,33.21,33.52,33.89,34.26,34.57,34.83,35.06,35.31,35.57,35.85,36.16,36.46,36.71,36.93,37.12,37.32,37.54,37.79,38.05,38.30,38.52,38.70,38.86,39.03,39.22,39.43,39.67,39.89,40.08,40.24,40.39,40.57,40.71,40.91,41.10","5.38e-01,5.37e-01,5.04e-01,1.52e-01","5,5,5,5","2.15e+00; 2.18e+00,2.11e+00; 3.25e+00,3.19e+00; 3.69e+00,3.66e+00,1.24e+00; 4.25e+00,4.20e+00,2.29e+00; 4.60e+00,4.59e+00,2.66e+00,1.04e+00; 5.11e+00,5.03e+00,3.54e+00,1.35e+00; 5.52e+00,5.43e+00,3.35e+00,2.88e+00; 6.05e+00,5.90e+00,4.41e+00,2.96e+00; 6.69e+00,6.45e+00,4.81e+00,3.53e+00; 7.39e+00,7.00e+00,5.32e+00,3.92e+00; 7.96e+00,7.79e+00,5.72e+00,4.30e+00; 8.65e+00,8.30e+00,6.18e+00,4.78e+00; 9.18e+00,8.98e+00,6.92e+00,4.99e+00; 9.68e+00,9.60e+00,7.72e+00,5.20e+00; 1.02e+01,9.92e+00,7.84e+00,6.37e+00; 1.07e+01,1.05e+01,8.83e+00,6.47e+00; 1.13e+01,1.10e+01,9.23e+00,7.16e+00; 1.18e+01,1.17e+01,9.80e+00,7.47e+00; 1.25e+01,1.21e+01,1.03e+01,8.00e+00; 1.30e+01,1.30e+01,1.08e+01,8.28e+00; 1.37e+01,1.34e+01,1.13e+01,8.93e+00; 1.42e+01,1.40e+01,1.20e+01,9.16e+00; 1.47e+01,1.43e+01,1.23e+01,1.02e+01; 1.52e+01,1.49e+01,1.31e+01,1.05e+01; 1.57e+01,1.56e+01,1.38e+01,1.07e+01; 1.64e+01,1.60e+01,1.42e+01,1.14e+01; 1.69e+01,1.67e+01,1.47e+01,1.18e+01; 1.75e+01,1.72e+01,1.53e+01,1.23e+01; 1.80e+01,1.79e+01,1.59e+01,1.25e+01; 1.86e+01,1.83e+01,1.63e+01,1.33e+01; 1.92e+01,1.87e+01,1.67e+01,1.42e+01; 1.97e+01,1.92e+01,1.71e+01,1.50e+01; 2.02e+01,1.97e+01,1.75e+01,1.56e+01; 2.08e+01,2.03e+01,1.81e+01,1.61e+01; 2.14e+01,2.08e+01,1.86e+01,1.65e+01; 2.19e+01,2.14e+01,1.91e+01,1.70e+01; 2.25e+01,2.20e+01,1.97e+01,1.75e+01; 2.30e+01,2.25e+01,2.01e+01,1.81e+01; 2.35e+01,2.30e+01,2.05e+01,1.88e+01; 2.40e+01,2.35e+01,2.13e+01,1.92e+01; 2.46e+01,2.40e+01,2.18e+01,1.98e+01; 2.51e+01,2.46e+01,2.23e+01,2.03e+01; 2.57e+01,2.52e+01,2.28e+01,2.07e+01; 2.63e+01,2.58e+01,2.33e+01,2.12e+01; 2.68e+01,2.63e+01,2.39e+01,2.17e+01; 2.73e+01,2.69e+01,2.44e+01,2.23e+01; 2.79e+01,2.74e+01,2.48e+01,2.30e+01; 2.84e+01,2.79e+01,2.53e+01,2.37e+01; 2.89e+01,2.84e+01,2.59e+01,2.42e+01; 2.95e+01,2.89e+01,2.64e+01,2.47e+01; 3.00e+01,2.95e+01,2.69e+01,2.52e+01; 3.06e+01,3.01e+01,2.74e+01,2.57e+01; 3.11e+01,3.07e+01,2.80e+01,2.62e+01; 3.16e+01,3.12e+01,2.86e+01,2.66e+01; 3.21e+01,3.17e+01,2.91e+01,2.73e+01; 3.27e+01,3.22e+01,2.98e+01,2.77e+01; 3.32e+01,3.28e+01,3.04e+01,2.82e+01; 3.37e+01,3.34e+01,3.09e+01,2.87e+01; 3.43e+01,3.40e+01,3.15e+01,2.91e+01; 3.47e+01,3.47e+01,3.20e+01,2.95e+01; 3.54e+01,3.51e+01,3.25e+01,3.01e+01; 3.58e+01,3.57e+01,3.32e+01,3.05e+01; 3.63e+01,3.63e+01,3.38e+01,3.10e+01","33,0,33,0,0,33,0,33,0,33,33,0,33,0,0,33,0,33,0,33,0,33,0,33,0,0,33,0,33,0,33,33,33,33,33,33,0,0,33,33,0,33,0,33,0,0,33,33,33,0,33,0,0,0,0,33,0,0,0,0,0,33,0,0"
