ue,stage,C_TRX_UE,C_TRX_BS,C_TRX,C_Layer_no_power,C_Layer,C_ABM_hist,lambda_bs_beam,lambda_ue_beam,ue_beams,bs_pattern,bs_layer_pattern,bs_beams_abm
595,Stage1,40.49,,,,,,,,"5,9,0,1",,,
595,Stage2,40.49,35.77,,,,,,,"5,9,0,1","0,11",,
595,PowerOpt,40.49,35.77,35.77,,,,"189.32,48.62,3.86,1.99,1.92,1.75,1.34,1.11,0.93,0.61,0.60,0.53,0.51,0.48,0.39,0.36,0.26,0.21,0.19,0.16,0.12,0.12,0.09,0.09,0.08,0.07,0.05,0.04,0.03,0.03,0.02,0.01,0.01,0.01","3.79,0.20,0.01,0.00","5,9,0,1","0,11",,
595,Stage3,40.49,35.77,35.77,35.33,,,,,"5,9,0,1","0,11","32,30",
595,Stage3_PowerOpt,40.49,35.77,35.77,,35.33,,"47.92,11.96,0.81,0.50,0.43,0.39,0.34,0.24,0.23,0.17,0.15,0.12,0.12,0.11,0.10,0.08,0.06,0.05,0.04,0.04,0.03,0.03,0.02,0.02,0.01","3.80,0.18,0.01,0.00","5,9,0,1","0,11","32,30",
595,Stage4,40.49,35.77,35.77,,35.33,10.24;14.47;17.52;19.44;20.71;21.76;22.76;23.60;24.38;25.01;25.49;25.95;26.33;26.71;27.10;27.50;27.94;28.28;28.58;28.85;29.09;29.34;29.58;29.83;30.11;30.32;30.54;30.75;30.94;31.13;31.30;31.50;31.72;31.88;32.05;32.19;32.33;32.48;32.62;32.78;32.97;33.09;33.22;33.33;33.46;33.58,,,"5,9,0,1","0,11","32,30","32,30,32,30,32,30,32,32,30,30,32,30,32,32,30,32,32,30,32,30,32,32,32,32,32,30,32,30,30,32,30,30,32,32,32,30,30,32,32,30,32,30,32,32,30,32"
601,Stage1,32.02,,,,,,,,0,,,
601,Stage2,32.02,16.35,,,,,,,0,12,,
601,PowerOpt,32.02,16.35,16.35,,,,"207.66,26.04,14.00,4.83,1.66,1.28,0.27,0.11,0.06,0.02,0.01",1.00,0,12,,
601,Stage3,32.02,16.35,16.35,16.41,,,,,0,12,31,
601,Stage3_PowerOpt,32.02,16.35,16.35,,16.41,,"51.91,6.51,3.46,1.22,0.41,0.32,0.07,0.03,0.02,0.02,0.01",1.00,0,12,31,
601,Stage4,32.02,16.35,16.35,,16.41,8.57;10.25;11.36;12.12;12.65;12.99;13.19;13.29;13.36;13.48;13.67;13.88;14.06;14.21;14.30;14.35;14.39;14.46;14.56;14.68;14.80;14.89;14.95;14.98;15.01;15.06;15.13;15.22;15.30;15.36;15.40;15.42;15.45;15.49;15.54;15.61,,,0,12,31,"31,31,31,31,31,31,31,31,31,31,31,31,31,31,31,31,31,31,31,31,31,31,31,31,31,31,31,31,31,31,31,31,31,31,31,31"
602,Stage1,19.45,,,,,,,,12,,,
602,Stage2,19.45,16.94,,,,,,,12,12,,
602,PowerOpt,19.45,16.94,16.94,,,,"65.22,64.54,27.43,13.78,12.46,9.10,7.70,7.48,7.01,6.69,4.24,3.47,2.99,2.70,2.55,2.22,1.98,1.80,1.77,1.61,1.21,0.69,0.63,0.62,0.60,0.56,0.53,0.50,0.42,0.38,0.36,0.32,0.29,0.24,0.23,0.22,0.22,0.19,0.15,0.14,0.10,0.09,0.07,0.06,0.05,0.05,0.04,0.04,0.04,0.03,0.02,0.02,0.02,0.02,0.01,0.01,0.01,0.01",1.00,12,12,,
602,Stage3,19.45,16.94,16.94,17.01,,,,,12,12,31,
602,Stage3_PowerOpt,19.45,16.94,16.94,,17.01,,"27.07,9.34,6.30,4.56,3.52,2.75,1.51,1.34,1.07,0.96,0.87,0.74,0.62,0.56,0.37,0.31,0.29,0.26,0.21,0.17,0.16,0.13,0.12,0.11,0.09,0.08,0.07,0.07,0.05,0.04,0.03,0.03,0.03,0.02,0.02,0.02,0.01,0.01,0.01",1.00,12,12,31,
602,Stage4,19.45,16.94,16.94,,17.01,9.98;11.33;12.19;12.80;13.23;13.53;13.74;13.86;13.97;14.12;14.30;14.47;14.64;14.77;14.86;14.93;14.98;15.07;15.17;15.27;15.37;15.46;15.52;15.56;15.60;15.66;15.73;15.80;15.88;15.94;15.98;16.01;16.04;16.08;16.14;16.19,,,12,12,31,"31,31,31,31,31,31,31,31,31,31,31,31,31,31,31,31,31,31,31,31,31,31,31,31,31,31,31,31,31,31,31,31,31,31,31,31"
603,Stage1,20.90,,,,,,,,12,,,
603,Stage2,20.90,16.94,,,,,,,12,12,,
603,PowerOpt,20.90,16.94,16.94,,,,"57.67,37.72,34.55,20.32,19.02,14.79,12.44,7.97,7.23,6.20,5.56,4.23,4.05,3.29,2.95,2.56,2.04,1.55,1.36,1.27,1.23,1.12,0.72,0.67,0.54,0.50,0.46,0.44,0.40,0.37,0.35,0.29,0.24,0.23,0.20,0.19,0.16,0.14,0.12,0.08,0.08,0.07,0.07,0.06,0.06,0.05,0.04,0.04,0.03,0.03,0.03,0.03,0.02,0.02,0.02,0.01,0.01,0.01",1.00,12,12,,
603,Stage3,20.90,16.94,16.94,17.05,,,,,12,12,31,
603,Stage3_PowerOpt,20.90,16.94,16.94,,17.05,,"16.62,12.21,8.63,5.71,4.67,2.41,2.36,2.01,1.81,1.43,1.36,0.78,0.61,0.53,0.48,0.42,0.36,0.22,0.20,0.16,0.15,0.14,0.14,0.09,0.09,0.08,0.07,0.05,0.03,0.03,0.03,0.02,0.02,0.01,0.01,0.01,0.01",1.00,12,12,31,
603,Stage4,20.90,16.94,16.94,,17.05,9.63;11.07;12.00;12.67;13.16;13.51;13.76;13.93;14.02;14.15;14.31;14.49;14.66;14.80;14.90;14.98;15.03;15.11;15.20;15.31;15.41;15.49;15.56;15.61;15.64;15.70;15.77;15.84;15.91;15.97;16.02;16.05;16.08;16.12;16.18;16.23,,,12,12,31,"31,31,31,31,31,31,31,31,31,31,31,31,31,31,31,31,31,31,31,31,31,31,31,31,31,31,31,31,31,31,31,31,31,31,31,31"
604,Stage1,23.57,,,,,,,,12,,,
604,Stage2,23.57,16.93,,,,,,,12,12,,
604,PowerOpt,23.57,16.93,16.93,,,,"59.39,31.26,31.03,18.38,14.34,13.88,10.74,9.18,7.22,6.53,6.36,5.18,4.47,3.48,3.18,3.05,2.55,2.33,2.22,2.07,1.74,1.63,1.51,1.36,1.07,0.97,0.95,0.91,0.86,0.78,0.72,0.66,0.58,0.53,0.46,0.41,0.35,0.34,0.32,0.31,0.26,0.24,0.19,0.17,0.16,0.15,0.14,0.12,0.11,0.11,0.10,0.09,0.08,0.07,0.07,0.06,0.05,0.05,0.05,0.04,0.04,0.04,0.03,0.03,0.02,0.02,0.02,0.02,0.01,0.01",1.00,12,12,,
604,Stage3,23.57,16.93,16.93,17.05,,,,,12,12,31,
604,Stage3_PowerOpt,23.57,16.93,16.93,,17.05,,"23.64,9.82,6.80,4.77,3.68,3.09,2.43,1.73,1.17,1.04,0.69,0.59,0.56,0.54,0.48,0.38,0.34,0.28,0.25,0.23,0.21,0.20,0.14,0.13,0.12,0.10,0.08,0.07,0.06,0.05,0.05,0.04,0.04,0.04,0.03,0.02,0.02,0.01,0.01,0.01",1.00,12,12,31,
604,Stage4,23.57,16.93,16.93,,17.05,8.63;10.28;11.43;12.28;12.88;13.30;13.58;13.76;13.83;13.95;14.12;14.33;14.53;14.70;14.82;14.90;14.95;15.02;15.13;15.25;15.37;15.47;15.55;15.60;15.63;15.69;15.76;15.85;15.93;16.00;16.05;16.08;16.11;16.16;16.22,,,12,12,31,"31,31,31,31,31,31,31,31,31,31,31,31,31,31,31,31,31,31,31,31,31,31,31,31,31,31,31,31,31,31,31,31,31,31,31"
605,Stage1,28.30,,,,,,,,"0,12",,,
605,Stage2,28.30,22.70,,,,,,,"0,12",0,,
605,PowerOpt,28.30,22.70,22.70,,,,"201.51,30.34,18.12,4.21,1.00,0.48,0.22,0.03,0.02","2.00,0.00","0,12",0,,
605,Stage3,28.30,22.70,22.70,21.52,,,,,"0,12",0,"0,31,31,0",
605,Stage3_PowerOpt,28.30,22.70,22.70,,21.52,,"49.51,8.21,4.46,1.18,0.40,0.14,0.07","2.00,0.00","0,12",0,"0,31,31,0",
605,Stage4,28.30,22.70,22.70,,21.52,10.41;11.71;12.54;13.16;13.85;14.41;14.88;15.31;15.72;15.99;16.28;16.56;16.81;17.04;17.26;17.46;17.64;17.80;17.96;18.12;18.28;18.42;18.56;18.69;18.81;18.92;19.03;19.15;19.26;19.36;19.47;19.57;19.66;19.74;19.83;19.92;20.00;20.08;20.16;20.24;20.31;20.38;20.46,,,"0,12",0,"0,31,31,0","31,31,31,0,31,0,31,0,0,0,31,31,31,31,0,0,0,0,31,31,31,31,0,0,0,0,31,31,31,31,0,0,0,0,31,31,31,0,0,0,0,31,31"
606,Stage1,28.91,,,,,,,,"0,12",,,
606,Stage2,28.91,21.53,,,,,,,"0,12",0,,
606,PowerOpt,28.91,21.53,21.53,,,,"205.59,28.57,15.89,3.72,1.54,0.36,0.17,0.05,0.02,0.02","2.00,0.00","0,12",0,,
606,Stage3,28.91,21.53,21.53,20.61,,,,,"0,12",0,"31,0,31,0,31",
606,Stage3_PowerOpt,28.91,21.53,21.53,,20.61,,"51.27,7.23,4.00,0.93,0.41,0.09,0.04,0.01","2.00,0.00","0,12",0,"31,0,31,0,31",
606,Stage4,28.91,21.53,21.53,,20.61,10.13;11.61;12.57;13.25;13.74;14.09;14.41;14.77;15.16;15.42;15.68;15.94;16.18;16.40;16.60;16.77;16.96;17.11;17.26;17.42;17.58;17.73;17.85;17.97;18.09;18.19;18.30;18.42;18.54;18.65;18.74;18.83;18.92;19.00;19.09;19.18;19.28;19.37;19.44;19.51;19.58;19.65,,,"0,12",0,"31,0,31,0,31","31,31,31,31,31,31,0,0,0,0,31,31,31,31,0,0,0,0,31,31,31,31,0,0,0,0,31,31,31,31,0,0,0,0,31,31,31,31,0,0,0,0"
607,Stage1,22.72,,,,,,,,15,,,
607,Stage2,22.72,16.92,,,,,,,15,15,,
607,PowerOpt,22.72,16.92,16.92,,,,"73.31,35.88,26.16,13.41,12.91,10.63,10.12,9.11,8.40,6.52,5.14,5.09,4.14,3.40,2.75,2.49,2.21,2.04,1.94,1.72,1.65,1.57,1.40,1.12,1.09,0.94,0.86,0.84,0.75,0.68,0.61,0.58,0.53,0.48,0.43,0.41,0.39,0.37,0.33,0.31,0.29,0.27,0.25,0.21,0.20,0.19,0.17,0.16,0.14,0.13,0.12,0.11,0.10,0.09,0.08,0.07,0.07,0.06,0.05,0.05,0.05,0.04,0.04,0.04,0.03,0.03,0.03,0.02,0.02,0.02,0.02,0.01,0.01,0.01,0.01",1.00,15,15,,
607,Stage3,22.72,16.92,16.92,17.04,,,,,15,15,31,
607,Stage3_PowerOpt,22.72,16.92,16.92,,17.04,,"20.25,14.01,7.12,4.92,3.00,2.68,2.17,2.01,1.24,1.00,0.84,0.65,0.50,0.45,0.38,0.30,0.28,0.26,0.21,0.20,0.19,0.16,0.15,0.12,0.10,0.09,0.09,0.08,0.06,0.06,0.06,0.04,0.04,0.04,0.03,0.03,0.03,0.02,0.02,0.02,0.02,0.01",1.00,15,15,31,
607,Stage4,22.72,16.92,16.92,,17.04,9.45;10.81;11.72;12.39;12.91;13.32;13.63;13.87;13.96;14.08;14.23;14.40;14.56;14.72;14.85;14.95;15.01;15.08;15.17;15.27;15.37;15.46;15.54;15.60;15.64;15.70;15.76;15.83;15.90;15.97;16.02;16.06;16.09;16.14;16.19,,,15,15,31,"31,31,31,31,31,31,31,31,31,31,31,31,31,31,31,31,31,31,31,31,31,31,31,31,31,31,31,31,31,31,31,31,31,31,31"
608,Stage1,20.51,,,,,,,,15,,,
608,Stage2,20.51,16.93,,,,,,,15,15,,
608,PowerOpt,20.51,16.93,16.93,,,,"89.21,35.82,20.56,13.12,12.45,10.96,8.41,7.91,6.86,5.83,4.93,4.44,3.64,3.04,2.43,2.25,1.95,1.55,1.49,1.29,1.24,1.19,1.14,1.10,0.97,0.91,0.84,0.79,0.73,0.71,0.66,0.63,0.59,0.56,0.52,0.51,0.48,0.37,0.36,0.35,0.32,0.30,0.25,0.23,0.21,0.19,0.14,0.13,0.12,0.11,0.10,0.09,0.09,0.08,0.07,0.06,0.06,0.05,0.05,0.04,0.04,0.04,0.04,0.04,0.03,0.03,0.03,0.02,0.02,0.02,0.02,0.01,0.01,0.01",1.00,15,15,,
608,Stage3,20.51,16.93,16.93,16.94,,,,,15,15,31,
608,Stage3_PowerOpt,20.51,16.93,16.93,,16.94,,"24.36,14.05,7.40,3.95,2.83,2.22,1.28,1.04,0.99,0.84,0.64,0.53,0.43,0.36,0.33,0.29,0.27,0.25,0.23,0.20,0.18,0.15,0.13,0.12,0.11,0.10,0.09,0.08,0.07,0.06,0.06,0.05,0.05,0.04,0.03,0.03,0.02,0.02,0.02,0.01,0.01,0.01",1.00,15,15,31,
608,Stage4,20.51,16.93,16.93,,16.94,10.02;11.21;11.96;12.52;12.95;13.30;13.57;13.77;13.89;14.03;14.18;14.34;14.49;14.63;14.75;14.84;14.91;14.99;15.08;15.17;15.26;15.35;15.42;15.48;15.53;15.59;15.65;15.72;15.78;15.84;15.89;15.93;15.97;16.02;16.07;16.12,,,15,15,31,"31,31,31,31,31,31,31,31,31,31,31,31,31,31,31,31,31,31,31,31,31,31,31,31,31,31,31,31,31,31,31,31,31,31,31,31"
609,Stage1,20.89,,,,,,,,15,,,
609,Stage2,20.89,16.93,,,,,,,15,15,,
609,PowerOpt,20.89,16.93,16.93,,,,"74.30,34.34,26.09,13.06,12.64,12.01,9.30,8.05,7.34,6.41,5.87,4.21,4.14,3.63,2.94,2.62,2.39,2.31,2.00,1.87,1.68,1.55,1.40,1.15,1.10,1.06,0.93,0.91,0.82,0.79,0.72,0.71,0.63,0.60,0.58,0.54,0.52,0.48,0.41,0.37,0.32,0.29,0.27,0.24,0.23,0.21,0.19,0.17,0.14,0.12,0.12,0.10,0.10,0.09,0.08,0.07,0.07,0.06,0.06,0.05,0.05,0.04,0.04,0.04,0.03,0.03,0.03,0.03,0.02,0.02,0.02,0.02,0.02,0.01,0.01,0.01",1.00,15,15,,
609,Stage3,20.89,16.93,16.93,16.81,,,,,15,15,23,
609,Stage3_PowerOpt,20.89,16.93,16.93,,16.81,,"22.23,13.40,9.07,4.66,3.83,2.91,2.48,1.53,0.81,0.51,0.45,0.39,0.31,0.24,0.21,0.17,0.16,0.10,0.08,0.07,0.06,0.05,0.03,0.03,0.03,0.03,0.02,0.02,0.02,0.01,0.01,0.01,0.01",1.00,15,15,23,
609,Stage4,20.89,16.93,16.93,,16.81,8.31;9.94;11.10;11.98;12.64;13.12;13.45;13.66;13.71;13.81;13.96;14.14;14.34;14.51;14.64;14.73;14.76;14.82;14.92;15.03;15.14;15.24;15.32;15.36;15.39;15.44;15.51;15.60;15.67;15.74;15.79;15.81;15.84;15.89;15.94;16.01,,,15,15,23,"23,23,23,23,23,23,23,23,23,23,23,23,23,23,23,23,23,23,23,23,23,23,23,23,23,23,23,23,23,23,23,23,23,23,23,23"
610,Stage1,22.54,,,,,,,,"15,7,7",,,
610,Stage2,22.54,20.32,,,,,,,"15,7,7",15,,
610,PowerOpt,22.54,20.32,20.32,,,,"172.94,39.06,22.72,12.82,3.18,1.45,0.84,0.75,0.58,0.37,0.27,0.21,0.18,0.14,0.11,0.06,0.05,0.04,0.04,0.03,0.02,0.02,0.02","2.96,0.03,0.01","15,7,7",15,,
610,Stage3,22.54,20.32,20.32,20.30,,,,,"15,7,7",15,23,
610,Stage3_PowerOpt,22.54,20.32,20.32,,20.30,,"39.72,9.13,5.27,3.05,1.78,1.41,0.81,0.70,0.38,0.36,0.32,0.25,0.19,0.16,0.12,0.09,0.08,0.04,0.03,0.02,0.01,0.01","2.82,0.14,0.04","15,7,7",15,23,
610,Stage4,22.54,20.32,20.32,,20.30,10.31;11.60;12.40;12.98;13.40;13.70;14.00;14.33;14.58;14.80;14.98;15.16;15.34;15.54;15.77;16.03;16.20;16.34;16.46;16.56;16.67;16.81;16.98;17.19;17.32;17.42;17.50;17.57;17.66;17.76;17.90;18.07;18.18;18.26;18.32;18.37;18.44;18.52;18.64;18.78;18.87;18.94;18.99;19.03;19.08;19.15;19.25;19.38,,,"15,7,7",15,23,"23,23,23,23,23,23,23,23,23,23,23,23,23,23,23,23,23,23,23,23,23,23,23,23,23,23,23,23,23,23,23,23,23,23,23,23,23,23,23,23,23,23,23,23,23,23,23,23"
611,Stage1,20.56,,,,,,,,11,,,
611,Stage2,20.56,16.87,,,,,,,11,15,,
611,PowerOpt,20.56,16.87,16.87,,,,"140.68,45.82,29.76,7.70,6.04,5.42,5.05,3.03,2.36,2.24,1.77,1.44,1.05,0.80,0.52,0.49,0.34,0.30,0.26,0.16,0.10,0.09,0.08,0.06,0.05,0.04,0.04,0.03,0.03,0.03,0.02,0.02,0.02,0.01,0.01,0.01,0.01,0.01",1.00,11,15,,
611,Stage3,20.56,16.87,16.87,16.90,,,,,11,15,23,
611,Stage3_PowerOpt,20.56,16.87,16.87,,16.90,,"18.87,10.35,6.79,5.93,4.64,4.16,3.38,2.54,1.32,1.22,0.99,0.78,0.72,0.67,0.53,0.28,0.24,0.12,0.12,0.07,0.06,0.04,0.03,0.03,0.02,0.02,0.01,0.01",1.00,11,15,23,
611,Stage4,20.56,16.87,16.87,,16.90,10.19;11.37;12.11;12.63;13.02;13.32;13.53;13.69;13.83;13.99;14.16;14.32;14.47;14.59;14.70;14.78;14.85;14.94;15.04;15.14;15.23;15.31;15.38;15.43;15.48;15.54;15.61;15.68;15.74;15.80;15.85;15.89;15.93;15.98;16.03;16.08,,,11,15,23,"23,23,23,23,23,23,23,23,23,23,23,23,23,23,23,23,23,23,23,23,23,23,23,23,23,23,23,23,23,23,23,23,23,23,23,23"
612,Stage1,23.22,,,,,,,,11,,,
612,Stage2,23.22,17.02,,,,,,,11,11,,
612,PowerOpt,23.22,17.02,17.02,,,,"206.14,25.89,10.67,5.09,3.14,1.68,1.19,0.77,0.45,0.24,0.17,0.14,0.08,0.07,0.06,0.03,0.02,0.02,0.02,0.01,0.01",1.00,11,11,,
612,Stage3,23.22,17.02,17.02,17.00,,,,,11,11,22,
612,Stage3_PowerOpt,23.22,17.02,17.02,,17.00,,"29.53,19.50,6.01,3.54,2.11,1.37,0.70,0.50,0.29,0.14,0.12,0.08,0.03,0.03,0.02",1.00,11,11,22,
612,Stage4,23.22,17.02,17.02,,17.00,10.00;11.18;11.95;12.54;13.00;13.36;13.62;13.79;13.90;14.04;14.20;14.38;14.54;14.69;14.80;14.88;14.94;15.02;15.12;15.22;15.33;15.42;15.49;15.53;15.58;15.64;15.71;15.78;15.86;15.92;15.97;16.00;16.03;16.08;16.13;16.19,,,11,11,22,"22,22,22,22,22,22,22,22,22,22,22,22,22,22,22,22,22,22,22,22,22,22,22,22,22,22,22,22,22,22,22,22,22,22,22,22"
613,Stage1,21.62,,,,,,,,11,,,
613,Stage2,21.62,17.24,,,,,,,11,11,,
613,PowerOpt,21.62,17.24,17.24,,,,"160.44,36.29,26.93,12.61,4.65,4.56,2.37,2.16,1.99,1.32,0.86,0.63,0.39,0.14,0.08,0.07,0.06,0.05,0.04,0.03,0.03,0.03,0.03,0.03,0.02,0.02,0.01,0.01,0.01",1.00,11,11,,
613,Stage3,21.62,17.24,17.24,16.97,,,,,11,11,22,
613,Stage3_PowerOpt,21.62,17.24,17.24,,16.97,,"19.91,19.11,7.48,4.44,3.64,3.34,2.86,0.97,0.62,0.55,0.24,0.21,0.16,0.10,0.09,0.08,0.07,0.05,0.02",1.00,11,11,22,
613,Stage4,21.62,17.24,17.24,,16.97,10.07;11.33;12.12;12.68;13.09;13.38;13.59;13.72;13.85;14.02;14.20;14.37;14.53;14.66;14.76;14.83;14.90;14.99;15.10;15.20;15.30;15.39;15.45;15.50;15.55;15.61;15.68;15.76;15.83;15.89;15.94;15.98;16.01;16.05;16.11;16.16,,,11,11,22,"22,22,22,22,22,22,22,22,22,22,22,22,22,22,22,22,22,22,22,22,22,22,22,22,22,22,22,22,22,22,22,22,22,22,22,22"
614,Stage1,23.20,,,,,,,,"11,3,3",,,
614,Stage2,23.20,21.28,,,,,,,"11,3,3",11,,
614,PowerOpt,23.20,21.28,21.28,,,,"90.30,79.40,15.54,13.42,11.59,5.31,4.98,4.62,4.26,3.87,3.69,3.22,2.84,2.63,1.57,1.22,1.15,1.06,0.83,0.74,0.61,0.45,0.38,0.31,0.27,0.24,0.23,0.23,0.21,0.15,0.11,0.09,0.08,0.07,0.06,0.05,0.04,0.03,0.02,0.02,0.02,0.02,0.01","2.31,0.60,0.09","11,3,3",11,,
614,Stage3,23.20,21.28,21.28,21.24,,,,,"11,3,3",11,14,
614,Stage3_PowerOpt,23.20,21.28,21.28,,21.24,,"15.48,13.52,6.03,4.73,4.03,3.90,3.37,2.88,1.69,1.50,1.22,0.93,0.81,0.74,0.63,0.48,0.37,0.27,0.24,0.22,0.20,0.16,0.14,0.10,0.08,0.07,0.05,0.03,0.03,0.02,0.02,0.01,0.01","2.22,0.50,0.29","11,3,3",11,14,
614,Stage4,23.20,21.28,21.28,,21.24,9.44;11.00;12.01;12.77;13.52;14.21;14.81;15.31;15.63;15.89;16.09;16.27;16.48;16.72;16.99;17.25;17.44;17.60;17.72;17.83;17.96;18.10;18.27;18.45;18.59;18.70;18.79;18.87;18.96;19.06;19.19;19.32;19.42;19.51;19.57;19.63;19.70;19.78;19.88;19.98;20.06;20.13;20.17;20.22,,,"11,3,3",11,14,"14,14,14,14,14,14,14,14,14,14,14,14,14,14,14,14,14,14,14,14,14,14,14,14,14,14,14,14,14,14,14,14,14,14,14,14,14,14,14,14,14,14,14,14"
615,Stage1,20.74,,,,,,,,"11,3",,,
615,Stage2,20.74,18.74,,,,,,,"11,3",11,,
615,PowerOpt,20.74,18.74,18.74,,,,"109.05,26.69,19.00,16.41,12.97,10.12,9.82,7.26,6.48,5.49,4.41,4.20,3.13,2.63,2.43,2.38,2.08,1.84,1.54,1.37,1.25,1.14,0.93,0.49,0.48,0.40,0.31,0.29,0.25,0.17,0.15,0.14,0.11,0.09,0.09,0.07,0.05,0.04,0.04,0.03,0.03,0.03,0.02,0.02,0.02,0.01,0.01","1.89,0.11","11,3",11,,
615,Stage3,20.74,18.74,18.74,18.44,,,,,"11,3",11,14,
615,Stage3_PowerOpt,20.74,18.74,18.74,,18.44,,"11.43,10.05,7.66,5.91,5.27,3.61,3.27,2.85,2.36,1.87,1.65,1.52,1.31,1.10,0.87,0.73,0.55,0.33,0.29,0.26,0.23,0.21,0.18,0.14,0.09,0.06,0.05,0.04,0.03,0.02,0.01,0.01","1.70,0.30","11,3",11,14,
615,Stage4,20.74,18.74,18.74,,18.44,10.32;11.56;12.35;12.91;13.32;13.62;13.81;13.94;14.06;14.22;14.39;14.57;14.73;14.86;14.97;15.07;15.16;15.25;15.36;15.47;15.58;15.69;15.81;15.92;15.98;16.05;16.12;16.20;16.30;16.40;16.50;16.60;16.66;16.71;16.76;16.82;16.90;16.99;17.09;17.18;17.22;17.26;17.30;17.35;17.42;17.50;17.58,,,"11,3",11,14,"14,14,14,14,14,14,14,14,14,14,14,14,14,14,14,14,14,14,14,14,14,14,14,14,14,14,14,14,14,14,14,14,14,14,14,14,14,14,14,14,14,14,14,14,14,14,14"
616,Stage1,23.01,,,,,,,,11,,,
616,Stage2,23.01,17.06,,,,,,,11,11,,
616,PowerOpt,23.01,17.06,17.06,,,,"94.56,31.30,16.74,11.79,9.93,9.18,7.76,7.29,6.90,6.01,5.32,5.21,4.76,3.95,3.77,3.18,2.63,2.57,2.47,2.28,1.97,1.81,1.65,1.43,1.35,1.29,1.12,1.01,0.84,0.82,0.71,0.56,0.48,0.37,0.33,0.32,0.31,0.27,0.22,0.21,0.19,0.18,0.13,0.11,0.09,0.09,0.07,0.07,0.06,0.05,0.04,0.04,0.04,0.03,0.02,0.02,0.01,0.01",1.00,11,11,,
616,Stage3,23.01,17.06,17.06,17.06,,,,,11,11,6,
616,Stage3_PowerOpt,23.01,17.06,17.06,,17.06,,"41.23,13.17,3.76,2.04,1.04,0.45,0.33,0.28,0.24,0.21,0.16,0.12,0.12,0.11,0.10,0.07,0.07,0.06,0.05,0.05,0.04,0.04,0.03,0.03,0.03,0.02,0.02,0.02,0.02,0.02,0.01,0.01",1.00,11,11,6,
616,Stage4,23.01,17.06,17.06,,17.06,10.58;11.75;12.46;12.95;13.31;13.57;13.75;13.87;14.02;14.19;14.37;14.54;14.68;14.80;14.90;14.96;15.04;15.13;15.23;15.33;15.43;15.51;15.57;15.62;15.67;15.73;15.80;15.87;15.94;16.00;16.05;16.08;16.12;16.16;16.21,,,11,11,6,"6,6,6,6,6,6,6,6,6,6,6,6,6,6,6,6,6,6,6,6,6,6,6,6,6,6,6,6,6,6,6,6,6,6,6"
617,Stage1,20.42,,,,,,,,7,,,
617,Stage2,20.42,16.91,,,,,,,7,11,,
617,PowerOpt,20.42,16.91,16.91,,,,"75.36,27.55,19.52,16.25,15.00,12.78,9.26,8.31,7.04,6.27,5.78,4.78,4.36,3.96,3.58,3.49,3.05,2.86,2.43,2.41,2.37,2.11,1.82,1.63,1.52,1.41,1.06,0.99,0.94,0.83,0.74,0.65,0.63,0.59,0.55,0.50,0.43,0.39,0.34,0.30,0.29,0.23,0.19,0.17,0.16,0.13,0.13,0.11,0.10,0.09,0.08,0.06,0.06,0.05,0.05,0.04,0.04,0.03,0.02,0.02,0.02,0.02,0.01,0.01",1.00,7,11,,
617,Stage3,20.42,16.91,16.91,16.75,,,,,7,11,62,
617,Stage3_PowerOpt,20.42,16.91,16.91,,16.75,,"36.41,13.22,7.56,2.44,1.18,0.53,0.39,0.34,0.30,0.26,0.20,0.17,0.14,0.12,0.11,0.09,0.07,0.06,0.06,0.05,0.04,0.04,0.03,0.03,0.02,0.02,0.02,0.02,0.02,0.01,0.01",1.00,7,11,62,
617,Stage4,20.42,16.91,16.91,,16.75,10.25;11.42;12.14;12.65;13.02;13.29;13.47;13.60;13.74;13.91;14.08;14.24;14.39;14.51;14.60;14.67;14.74;14.83;14.93;15.02;15.12;15.19;15.26;15.30;15.35;15.41;15.48;15.55;15.61;15.67;15.72;15.76;15.79;15.83;15.88;15.94,,,7,11,62,"62,62,62,62,62,62,62,62,62,62,62,62,62,62,62,62,62,62,62,62,62,62,62,62,62,62,62,62,62,62,62,62,62,62,62,62"
618,Stage1,24.16,,,,,,,,"7,0,15",,,
618,Stage2,24.16,19.07,,,,,,,"7,0,15",7,,
618,PowerOpt,24.16,19.07,19.07,,,,"170.95,47.97,15.62,8.19,3.04,1.16,0.93,0.70,0.66,0.59,0.56,0.53,0.48,0.43,0.39,0.34,0.31,0.30,0.27,0.24,0.23,0.21,0.18,0.17,0.15,0.13,0.12,0.11,0.10,0.10,0.09,0.08,0.08,0.07,0.06,0.06,0.04,0.04,0.03,0.03,0.03,0.03,0.02,0.02,0.02,0.02,0.01,0.01,0.01","2.98,0.02,0.00","7,0,15",7,,
618,Stage3,24.16,19.07,19.07,18.50,,,,,"7,0,15",7,"62,8,62,8,62",
618,Stage3_PowerOpt,24.16,19.07,19.07,,18.50,,"42.98,13.51,4.02,2.13,0.79,0.15,0.08,0.06,0.05,0.04,0.03,0.03,0.02,0.02,0.01,0.01","2.99,0.00,0.00","7,0,15",7,"62,8,62,8,62",
618,Stage4,24.16,19.07,19.07,,18.50,10.91;11.97;12.59;13.01;13.31;13.52;13.66;13.76;13.96;14.15;14.33;14.48;14.61;14.72;14.80;14.86;14.96;15.06;15.16;15.26;15.35;15.42;15.48;15.52;15.58;15.65;15.72;15.79;15.86;15.92;15.97;16.08;16.22;16.35;16.48;16.59;16.70;16.80;16.89;16.99;17.07;17.16;17.24;17.32;17.39;17.46;17.53;17.60,,,"7,0,15",7,"62,8,62,8,62","62,62,62,62,62,62,62,62,62,62,62,62,62,62,62,62,62,62,62,62,62,62,62,62,62,62,62,62,62,62,8,8,8,8,8,8,8,8,8,8,8,8,62,62,62,8,8,8"
619,Stage1,32.60,,,,,,,,"4,10,10",,,
619,Stage2,32.60,24.92,,,,,,,"4,10,10",4,,
619,PowerOpt,32.60,24.92,24.92,,,,"140.74,44.19,24.65,19.38,9.65,6.14,3.88,2.35,1.58,0.93,0.71,0.50,0.38,0.15,0.14,0.09,0.09,0.06,0.06,0.05,0.03,0.03,0.03,0.02,0.02,0.02,0.02,0.01,0.01","2.93,0.07,0.00","4,10,10",4,,
619,Stage3,32.60,24.92,24.92,24.44,,,,,"4,10,10",4,"62,17,54,17,54",
619,Stage3_PowerOpt,32.60,24.92,24.92,,24.44,,"36.15,11.63,6.85,3.86,2.34,1.39,0.50,0.43,0.33,0.21,0.09,0.08,0.04,0.03,0.02,0.01","2.94,0.06,0.00","4,10,10",4,"62,17,54,17,54",
619,Stage4,32.60,24.92,24.92,,24.44,11.79;14.49;15.68;16.58;17.22;17.69;18.05;18.33;18.97;19.42;19.77;20.03;20.23;20.44;20.62;20.79;20.99;21.20;21.39;21.55;21.69;21.82;21.93;22.05;22.18;22.31;22.43;22.55;22.66;22.75;22.85;22.94;23.05;23.14;23.23,,,"4,10,10",4,"62,17,54,17,54","54,17,17,54,17,17,17,17,54,54,54,54,54,17,17,17,17,54,54,54,54,17,17,17,17,54,54,54,54,54,17,17,17,17,54"
620,Stage1,35.25,,,,,,,,"4,10,12",,,
620,Stage2,35.25,27.02,,,,,,,"4,10,12",4,,
620,PowerOpt,35.25,27.02,27.02,,,,"129.12,39.50,26.36,25.08,7.31,5.47,5.10,4.83,3.65,2.67,2.20,0.97,0.67,0.48,0.41,0.34,0.23,0.22,0.20,0.17,0.14,0.13,0.12,0.09,0.07,0.06,0.05,0.05,0.04,0.03,0.03,0.02,0.02,0.02,0.02,0.01,0.01,0.01,0.01","2.78,0.19,0.03","4,10,12",4,,
620,Stage3,35.25,27.02,27.02,24.67,,,,,"4,10,12",4,"17,54,17",
620,Stage3_PowerOpt,35.25,27.02,27.02,,24.67,,"38.18,11.40,6.56,1.87,1.49,1.45,1.31,0.56,0.26,0.23,0.17,0.12,0.09,0.06,0.05,0.03,0.03,0.02,0.02,0.02,0.02,0.01,0.01","2.89,0.11,0.01","4,10,12",4,"17,54,17",
620,Stage4,35.25,27.02,27.02,,24.67,10.93;12.81;13.91;14.93;15.53;16.01;16.37;16.69;17.25;17.71;18.09;18.38;18.61;18.86;19.07;19.28;19.55;19.78;20.00;20.20;20.38;20.55;20.70;20.86;21.05;21.21;21.38;21.54;21.68;21.82;21.94;22.06;22.20;22.32;22.44;22.57;22.69;22.80;22.91;23.01;23.12;23.22;23.32;23.41;23.51,,,"4,10,12",4,"17,54,17","54,17,17,54,17,17,17,17,54,54,54,54,17,17,17,17,17,54,54,54,17,17,17,17,17,17,54,54,54,17,17,17,17,17,17,54,54,54,17,17,17,17,17,54,54"
621,Stage1,36.70,,,,,,,,"4,10,12",,,
621,Stage2,36.70,28.11,,,,,,,"4,10,12",4,,
621,PowerOpt,36.70,28.11,28.11,,,,"160.78,41.46,12.39,10.80,8.77,5.50,2.78,2.70,2.20,2.12,1.44,1.31,0.63,0.61,0.54,0.28,0.24,0.20,0.18,0.16,0.14,0.13,0.10,0.07,0.07,0.06,0.04,0.04,0.03,0.02,0.02,0.02,0.01,0.01,0.01,0.01","2.87,0.11,0.02","4,10,12",4,,
621,Stage3,36.70,28.11,28.11,26.28,,,,,"4,10,12",4,"17,46,17",
621,Stage3_PowerOpt,36.70,28.11,28.11,,26.28,,"43.35,10.88,2.87,2.38,1.53,0.78,0.69,0.39,0.35,0.18,0.14,0.11,0.08,0.05,0.04,0.04,0.03,0.02,0.02,0.01,0.01","2.91,0.08,0.01","4,10,12",4,"17,46,17",
621,Stage4,36.70,28.11,28.11,,26.28,11.30;13.70;14.81;15.83;16.44;16.96;17.42;17.82;18.38;18.82;19.17;19.52;19.78;20.04;20.29;20.53;20.84;21.07;21.31;21.51;21.69;21.87;22.03;22.18;22.38;22.55;22.72;22.89;23.03;23.17;23.29;23.41;23.57;23.70;23.83;23.95;24.07;24.18;24.27;24.38;24.51;24.62;24.72;24.82;24.92;25.01,,,"4,10,12",4,"17,46,17","46,17,17,46,17,17,17,17,46,46,17,46,46,17,17,17,17,17,46,46,17,17,17,17,17,17,46,46,46,17,17,17,17,17,46,46,17,17,46,17,17,17,17,46,46,17"
622,Stage1,30.96,,,,,,,,"8,10,0",,,
622,Stage2,30.96,25.87,,,,,,,"8,10,0",4,,
622,PowerOpt,30.96,25.87,25.87,,,,"176.99,60.04,10.75,4.93,1.10,0.42,0.34,0.25,0.16,0.16,0.15,0.13,0.11,0.09,0.07,0.06,0.06,0.02,0.02,0.02,0.01,0.01,0.01","2.98,0.01,0.00","8,10,0",4,,
622,Stage3,30.96,25.87,25.87,25.06,,,,,"8,10,0",4,"33,46,25,25,46",
622,Stage3_PowerOpt,30.96,25.87,25.87,,25.06,,"43.96,15.22,2.68,1.32,0.28,0.12,0.08,0.06,0.05,0.05,0.03,0.03,0.02,0.02,0.02,0.01","2.98,0.01,0.00","8,10,0",4,"33,46,25,25,46",
622,Stage4,30.96,25.87,25.87,,25.06,11.47;14.59;15.68;16.78;17.40;17.85;18.21;18.52;19.03;19.47;19.83;20.11;20.30;20.48;20.65;20.82;21.09;21.28;21.49;21.68;21.83;21.95;22.06;22.18;22.37;22.52;22.66;22.80;22.92;23.03;23.12;23.22;23.37;23.49;23.59;23.71;23.81,,,"8,10,0",4,"33,46,25,25,46","46,25,46,25,25,25,25,25,46,46,46,46,46,25,25,25,25,25,46,46,46,25,25,25,25,25,46,46,46,25,25,25,25,25,25,46,46"
623,Stage1,36.44,,,,,,,,"4,11,0",,,
623,Stage2,36.44,30.19,,,,,,,"4,11,0",4,,
623,PowerOpt,36.44,30.19,30.19,,,,"167.78,52.11,13.75,8.15,7.13,3.08,0.91,0.91,0.56,0.46,0.25,0.17,0.13,0.09,0.08,0.07,0.06,0.05,0.04,0.03,0.03,0.02,0.02,0.01,0.01,0.01","2.86,0.14,0.00","4,11,0",4,,
623,Stage3,36.44,30.19,30.19,28.11,,,,,"4,11,0",4,"33,46,56,25,46",
623,Stage3_PowerOpt,36.44,30.19,30.19,,28.11,,"41.76,13.24,3.38,1.92,1.75,0.96,0.22,0.21,0.14,0.14,0.07,0.04,0.03,0.03,0.02,0.02,0.01","2.86,0.14,0.00","4,11,0",4,"33,46,56,25,46",
623,Stage4,36.44,30.19,30.19,,28.11,11.49;14.99;16.07;17.34;17.98;18.56;19.15;19.91;20.43;20.87;21.25;21.63;21.94;22.20;22.41;22.72;23.10;23.36;23.60;23.82;23.99;24.14;24.30;24.46;24.69;24.89;25.06;25.23;25.40;25.60;25.72;25.81;25.98;26.10;26.23;26.36;26.49;26.61;26.80,,,"4,11,0",4,"33,46,56,25,46","46,25,46,25,25,56,25,56,46,46,56,25,46,25,56,25,56,46,46,46,46,25,25,56,25,56,56,46,56,56,25,25,56,25,46,46,46,56,56"
624,Stage1,36.97,,,,,,,,"4,11,4",,,
624,Stage2,36.97,31.06,,,,,,,"4,11,4",4,,
624,PowerOpt,36.97,31.06,31.06,,,,"158.28,67.84,8.42,6.42,5.76,4.14,2.22,1.40,0.43,0.33,0.19,0.12,0.09,0.07,0.05,0.05,0.03,0.03,0.02,0.01,0.01","2.88,0.12,0.00","4,11,4",4,,
624,Stage3,36.97,31.06,31.06,29.26,,,,,"4,11,4",4,"33,38,56,25,38",
624,Stage3_PowerOpt,36.97,31.06,31.06,,29.26,,"39.84,17.03,2.15,1.70,1.18,1.06,0.45,0.28,0.08,0.07,0.04,0.03,0.02,0.01,0.01,0.01","2.90,0.10,0.00","4,11,4",4,"33,38,56,25,38",
624,Stage4,36.97,31.06,31.06,,29.26,11.13;15.61;16.77;18.07;18.72;19.28;19.88;20.46;21.07;21.66;22.11;22.45;22.75;23.04;23.31;23.60;23.95;24.20;24.43;24.63;24.80;24.94;25.09;25.30;25.51;25.72;25.89;26.12;26.26;26.38;26.51;26.60;26.76;26.91;27.03;27.15;27.28;27.38;27.49;27.63;27.84,,,"4,11,4",4,"33,38,56,25,38","38,25,38,25,25,56,25,56,56,38,38,38,56,25,56,25,33,38,38,38,38,38,25,56,56,25,25,25,38,38,25,56,56,56,38,56,38,56,56,25,25"
625,Stage1,39.70,,,,,,,,"8,4",,,
625,Stage2,39.70,25.30,,,,,,,"8,4",8,,
625,PowerOpt,39.70,25.30,25.30,,,,"206.55,26.49,11.19,5.19,2.18,1.58,0.84,0.67,0.60,0.16,0.15,0.11,0.07,0.05,0.03,0.02,0.02,0.02,0.01","1.96,0.04","8,4",8,,
625,Stage3,39.70,25.30,25.30,24.99,,,,,"8,4",8,"38,25",
625,Stage3_PowerOpt,39.70,25.30,25.30,,24.99,,"48.54,6.14,5.57,1.18,0.84,0.55,0.44,0.36,0.14,0.08,0.06,0.03,0.02,0.01","1.95,0.05","8,4",8,"38,25",
625,Stage4,39.70,25.30,25.30,,24.99,10.02;14.38;15.83;17.12;17.71;18.17;18.53;18.83;19.25;19.71;20.12;20.43;20.66;20.85;21.03;21.21;21.41;21.58;21.78;21.96;22.11;22.23;22.35;22.46;22.60;22.71;22.84;22.97;23.10;23.19;23.27;23.36;23.46;23.54;23.63;23.73;23.82,,,"8,4",8,"38,25","38,25,38,25,25,25,25,25,38,38,38,38,38,25,25,25,25,38,38,38,38,25,25,25,25,25,38,38,38,38,25,25,25,25,38,38,38"
626,Stage1,42.74,,,,,,,,"4,12,4",,,
626,Stage2,42.74,34.77,,,,,,,"4,12,4","4,8",,
626,PowerOpt,42.74,34.77,34.77,,,,"170.33,36.37,18.24,15.14,4.82,4.03,2.04,1.57,1.30,0.53,0.47,0.36,0.24,0.11,0.10,0.07,0.07,0.05,0.03,0.03,0.02,0.01,0.01","2.73,0.27,0.00","4,12,4","4,8",,
626,Stage3,42.74,34.77,34.77,34.01,,,,,"4,12,4","4,8","32,25,39,25,25",
626,Stage3_PowerOpt,42.74,34.77,34.77,,34.01,,"41.72,9.03,5.69,3.30,1.39,0.96,0.61,0.46,0.29,0.15,0.14,0.08,0.06,0.03,0.03,0.02,0.01","2.67,0.32,0.00","4,12,4","4,8","32,25,39,25,25",
626,Stage4,42.74,34.77,34.77,,34.01,10.20;16.20;19.33;21.21;22.57;23.55;24.24;25.04;25.69;26.21;26.62;27.02;27.36;27.71;28.03;28.39;28.73;29.01;29.27;29.49;29.70;29.88;30.08;30.29;30.51;30.67;30.85;31.02;31.18;31.33;31.47;31.60;31.74;31.88;32.01;32.14;32.27;32.38,,,"4,12,4","4,8","32,25,39,25,25","39,25,25,25,25,25,39,25,39,39,39,25,25,25,25,25,25,39,39,39,25,25,25,25,25,39,25,39,39,25,25,25,25,25,39,39,25,39"
627,Stage1,33.77,,,,,,,,"8,0",,,
627,Stage2,33.77,25.80,,,,,,,"8,0",8,,
627,PowerOpt,33.77,25.80,25.80,,,,"189.15,41.73,17.85,5.93,0.76,0.25,0.11,0.08,0.04,0.03,0.01","2.00,0.00","8,0",8,,
627,Stage3,33.77,25.80,25.80,25.33,,,,,"8,0",8,"32,39,33,39,33",
627,Stage3_PowerOpt,33.77,25.80,25.80,,25.33,,"45.33,12.48,4.36,1.45,0.19,0.08,0.05,0.02,0.01","2.00,0.00","8,0",8,"32,39,33,39,33",
627,Stage4,33.77,25.80,25.80,,25.33,10.52;14.80;16.05;17.37;18.05;18.53;18.91;19.23;19.68;20.10;20.47;20.77;21.00;21.20;21.37;21.55;21.78;21.96;22.16;22.35;22.50;22.63;22.74;22.84;22.99;23.11;23.23;23.36;23.47;23.56;23.64;23.72;23.82;23.91;24.00;24.09,,,"8,0",8,"32,39,33,39,33","39,33,39,33,33,33,33,33,39,39,39,39,39,33,33,33,33,33,39,39,39,39,33,33,33,33,39,39,39,33,33,33,33,33,39,39"
628,Stage1,45.06,,,,,,,,8,,,
628,Stage2,45.06,15.06,,,,,,,8,4,,
628,PowerOpt,45.06,15.06,15.06,,,,"204.21,39.23,7.36,3.55,0.85,0.38,0.19,0.08,0.06,0.02",1.00,8,4,,
628,Stage3,45.06,15.06,15.06,15.23,,,,,8,4,33,
628,Stage3_PowerOpt,45.06,15.06,15.06,,15.23,,"51.17,9.89,1.68,0.89,0.20,0.09,0.05,0.02,0.02",1.00,8,4,33,
628,Stage4,45.06,15.06,15.06,,15.23,8.31;9.68;10.38;10.90;11.31;11.64;11.92;12.16;12.36;12.51;12.63;12.74;12.85;12.95;13.06;13.17;13.28;13.36;13.44;13.50;13.57;13.63;13.70;13.77;13.84;13.90;13.96;14.00;14.05;14.10;14.15;14.20;14.25;14.30;14.34;14.38;14.42;14.45;14.49,,,8,4,33,"33,33,33,33,33,33,33,33,33,33,33,33,33,33,33,33,33,33,33,33,33,33,33,33,33,33,33,33,33,33,33,33,33,33,33,33,33,33,33"
629,Stage1,35.80,,,,,,,,0,,,
629,Stage2,35.80,14.77,,,,,,,0,5,,
629,PowerOpt,35.80,14.77,14.77,,,,"192.04,55.93,7.14,0.66,0.15,0.02,0.01",1.00,0,5,,
629,Stage3,35.80,14.77,14.77,14.93,,,,,0,5,33,
629,Stage3_PowerOpt,35.80,14.77,14.77,,14.93,,"48.15,13.91,1.72,0.16,0.04",1.00,0,5,33,
629,Stage4,35.80,14.77,14.77,,14.93,7.94;9.36;10.10;10.63;11.05;11.38;11.67;11.92;12.12;12.26;12.38;12.49;12.60;12.70;12.81;12.92;13.02;13.11;13.18;13.24;13.31;13.37;13.43;13.50;13.58;13.64;13.69;13.73;13.78;13.82;13.87;13.92;13.98;14.02;14.06;14.10;14.13;14.17;14.20,,,0,5,33,"33,33,33,33,33,33,33,33,33,33,33,33,33,33,33,33,33,33,33,33,33,33,33,33,33,33,33,33,33,33,33,33,33,33,33,33,33,33,33"
630,Stage1,47.12,,,,,,,,"0,5,13",,,
630,Stage2,47.12,36.20,,,,,,,"0,5,13",4,,
630,PowerOpt,47.12,36.20,36.20,,,,"196.37,39.46,3.15,1.88,1.57,1.46,1.40,1.25,1.15,1.04,0.96,0.87,0.71,0.67,0.59,0.56,0.45,0.37,0.35,0.32,0.24,0.21,0.18,0.13,0.11,0.09,0.08,0.08,0.05,0.04,0.03,0.03,0.03,0.02,0.01","2.86,0.10,0.04","0,5,13",4,,
630,Stage3,47.12,36.20,36.20,35.58,,,,,"0,5,13",4,"33,33,25,33",
630,Stage3_PowerOpt,47.12,36.20,36.20,,35.58,,"49.64,9.97,0.85,0.42,0.35,0.31,0.28,0.26,0.25,0.23,0.20,0.18,0.15,0.13,0.11,0.10,0.09,0.08,0.07,0.06,0.04,0.04,0.03,0.03,0.02,0.02,0.02,0.01","2.88,0.09,0.03","0,5,13",4,"33,33,25,33",
630,Stage4,47.12,36.20,36.20,,35.58,9.93;14.71;18.41;20.89;22.57;23.83;24.85;25.75;26.47;26.97;27.43;27.84;28.22;28.57;28.95;29.30;29.62;29.88;30.12;30.34;30.54;30.75;30.95;31.17;31.37;31.54;31.70;31.87;32.01;32.17;32.32;32.48;32.65;32.78;32.91;33.03;33.15;33.26;33.38;33.50;33.62;33.73;33.84,,,"0,5,13",4,"33,33,25,33","33,33,33,33,33,33,25,33,25,25,25,25,33,33,25,33,33,33,33,25,33,33,33,33,33,25,25,33,33,33,33,33,33,33,33,25,33,33,33,33,33,33,33"
631,Stage1,36.72,,,,,,,,4,,,
631,Stage2,36.72,16.30,,,,,,,4,4,,
631,PowerOpt,36.72,16.30,16.30,,,,"215.10,38.76,1.67,0.20,0.06,0.04,0.03,0.03,0.01,0.01",1.00,4,4,,
631,Stage3,36.72,16.30,16.30,16.42,,,,,4,4,33,
631,Stage3_PowerOpt,36.72,16.30,16.30,,16.42,,"53.73,9.76,0.42,0.04,0.01",1.00,4,4,33,
631,Stage4,36.72,16.30,16.30,,16.42,7.90;10.86;11.58;12.11;12.53;12.87;13.16;13.42;13.61;13.76;13.88;13.98;14.09;14.19;14.30;14.41;14.52;14.60;14.67;14.74;14.80;14.86;14.93;15.00;15.07;15.13;15.18;15.23;15.27;15.31;15.36;15.42;15.47;15.52;15.56;15.59;15.62,,,4,4,33,"33,33,33,33,33,33,33,33,33,33,33,33,33,33,33,33,33,33,33,33,33,33,33,33,33,33,33,33,33,33,33,33,33,33,33,33,33"
632,Stage1,52.51,,,,,,,,"4,0,9",,,
632,Stage2,52.51,40.04,,,,,,,"4,0,9",4,,
632,PowerOpt,52.51,40.04,40.04,,,,"59.99,26.72,19.59,18.04,17.06,14.93,13.92,12.19,11.32,9.10,7.17,6.79,6.36,5.35,4.76,4.23,3.41,2.17,2.11,1.98,1.81,1.60,1.06,0.85,0.78,0.60,0.48,0.34,0.29,0.21,0.20,0.18,0.10,0.07,0.06,0.05,0.04,0.03,0.03,0.02","1.99,0.75,0.25","4,0,9",4,,
632,Stage3,52.51,40.04,40.04,39.26,,,,,"4,0,9",4,"33,25,33",
632,Stage3_PowerOpt,52.51,40.04,40.04,,39.26,,"16.74,6.17,5.54,4.65,4.03,3.49,3.41,2.94,2.42,2.36,1.87,1.62,1.52,1.23,1.11,0.93,0.74,0.53,0.49,0.44,0.39,0.36,0.22,0.18,0.15,0.11,0.08,0.07,0.05,0.04,0.03,0.03,0.02,0.01,0.01","1.95,0.79,0.26","4,0,9",4,"33,25,33",
632,Stage4,52.51,40.04,40.04,,39.26,9.53;16.73;21.84;24.82;26.46;27.74;28.70;29.50;30.16;30.66;31.12;31.52;31.92;32.27;32.64;32.99;33.30;33.56;33.78;34.00;34.22;34.43;34.64;34.85;35.05;35.23;35.39;35.54;35.69;35.84;35.99;36.16;36.31;36.44;36.56;36.68;36.80;36.92;37.03;37.16;37.28;37.40,,,"4,0,9",4,"33,25,33","25,33,25,33,25,33,25,33,33,25,25,25,25,33,33,25,33,33,33,25,25,33,33,33,33,33,25,33,33,33,33,33,33,33,25,33,25,33,33,25,33,33"
633,Stage1,39.85,,,,,,,,4,,,
633,Stage2,39.85,16.54,,,,,,,4,4,,
633,PowerOpt,39.85,16.54,16.54,,,,"165.45,66.31,21.84,1.53,0.54,0.09,0.03,0.02,0.02,0.02,0.01,0.01,0.01",1.00,4,4,,
633,Stage3,39.85,16.54,16.54,16.66,,,,,4,4,33,
633,Stage3_PowerOpt,39.85,16.54,16.54,,16.66,,"41.71,16.38,5.35,0.38,0.12,0.02",1.00,4,4,33,
633,Stage4,39.85,16.54,16.54,,16.66,7.89;11.06;11.84;12.40;12.81;13.14;13.42;13.65;13.83;13.98;14.10;14.22;14.33;14.44;14.54;14.65;14.75;14.83;14.90;14.97;15.04;15.10;15.17;15.23;15.30;15.36;15.41;15.46;15.51;15.55;15.60;15.65;15.70;15.75;15.79;15.82,,,4,4,33,"33,33,33,33,33,33,33,33,33,33,33,33,33,33,33,33,33,33,33,33,33,33,33,33,33,33,33,33,33,33,33,33,33,33,33,33"
634,Stage1,48.36,,,,,,,,"4,9,15",,,
634,Stage2,48.36,35.19,,,,,,,"4,9,15",0,,
634,PowerOpt,48.36,35.19,35.19,,,,"62.78,32.46,23.77,23.04,20.22,16.27,14.17,12.06,9.84,8.61,6.36,5.16,3.99,3.44,2.93,2.68,2.06,1.89,1.30,0.75,0.68,0.45,0.37,0.25,0.12,0.09,0.07,0.06,0.04,0.03,0.02","2.69,0.27,0.04","4,9,15",0,,
634,Stage3,48.36,35.19,35.19,34.49,,,,,"4,9,15",0,"24,24,25,24,24",
634,Stage3_PowerOpt,48.36,35.19,35.19,,34.49,,"15.22,8.12,6.58,5.43,4.83,3.60,3.24,2.86,2.69,2.00,1.81,1.35,1.09,0.92,0.67,0.59,0.55,0.45,0.40,0.32,0.29,0.19,0.17,0.15,0.09,0.08,0.07,0.05,0.04,0.03,0.03,0.02,0.02,0.01","2.69,0.27,0.04","4,9,15",0,"24,24,25,24,24",
634,Stage4,48.36,35.19,35.19,,34.49,8.19;14.86;18.37;20.61;22.16;23.34;24.26;25.09;25.69;26.16;26.58;26.98;27.33;27.67;28.00;28.32;28.61;28.86;29.10;29.31;29.54;29.75;29.95;30.15;30.34;30.52;30.67;30.81;30.96;31.10;31.25;31.40;31.55;31.69;31.81;31.92;32.03;32.14;32.25;32.37;32.51;32.61;32.72;32.81,,,"4,9,15",0,"24,24,25,24,24","24,24,24,24,25,24,25,25,25,25,25,24,25,25,24,24,24,24,24,24,25,24,25,24,24,24,24,25,24,24,24,24,25,25,24,24,25,24,24,24,25,25,25,24"
641,Stage1,21.87,,,,,,,,"12,4,4",,,
641,Stage2,21.87,19.31,,,,,,,"12,4,4",12,,
641,PowerOpt,21.87,19.31,19.31,,,,"171.13,43.31,11.07,7.93,5.38,3.80,3.16,1.85,1.18,1.00,0.76,0.69,0.63,0.61,0.53,0.46,0.33,0.26,0.22,0.21,0.19,0.15,0.14,0.13,0.12,0.10,0.09,0.07,0.07,0.05,0.05,0.04,0.03,0.03,0.03,0.02,0.02,0.02,0.01,0.01,0.01,0.01,0.01,0.01","2.75,0.22,0.03","12,4,4",12,,
641,Stage3,21.87,19.31,19.31,19.30,,,,,"12,4,4",12,31,
641,Stage3_PowerOpt,21.87,19.31,19.31,,19.30,,"45.02,11.65,2.09,1.45,1.15,1.00,0.50,0.26,0.20,0.15,0.11,0.10,0.04,0.04,0.03,0.03,0.03,0.02,0.02,0.01,0.01,0.01","2.85,0.14,0.01","12,4,4",12,31,
641,Stage4,21.87,19.31,19.31,,19.30,9.79;11.25;12.19;12.85;13.32;13.64;13.88;14.11;14.27;14.45;14.64;14.83;15.01;15.21;15.41;15.60;15.71;15.83;15.94;16.05;16.17;16.31;16.46;16.61;16.69;16.77;16.85;16.93;17.02;17.12;17.25;17.37;17.43;17.50;17.56;17.62;17.69;17.77;17.88;17.98;18.03;18.08;18.13;18.18;18.24;18.31;18.40,,,"12,4,4",12,31,"31,31,31,31,31,31,31,31,31,31,31,31,31,31,31,31,31,31,31,31,31,31,31,31,31,31,31,31,31,31,31,31,31,31,31,31,31,31,31,31,31,31,31,31,31,31,31"
642,Stage1,24.01,,,,,,,,12,,,
642,Stage2,24.01,16.94,,,,,,,12,12,,
642,PowerOpt,24.01,16.94,16.94,,,,"167.33,25.53,12.61,8.55,7.88,6.44,3.65,3.53,3.07,1.89,1.80,1.66,1.56,1.37,1.10,1.03,0.92,0.70,0.62,0.57,0.54,0.45,0.37,0.34,0.26,0.25,0.23,0.21,0.16,0.16,0.12,0.11,0.10,0.10,0.09,0.08,0.07,0.05,0.05,0.04,0.04,0.04,0.03,0.03,0.03,0.03,0.02,0.02,0.02,0.02,0.01,0.01,0.01,0.01,0.01",1.00,12,12,,
642,Stage3,24.01,16.94,16.94,17.01,,,,,12,12,31,
642,Stage3_PowerOpt,24.01,16.94,16.94,,17.01,,"48.00,7.41,1.77,1.54,1.01,0.60,0.59,0.56,0.51,0.46,0.33,0.23,0.17,0.11,0.10,0.09,0.06,0.06,0.05,0.05,0.04,0.04,0.03,0.02,0.02,0.02,0.02,0.01,0.01,0.01",1.00,12,12,31,
642,Stage4,24.01,16.94,16.94,,17.01,9.73;11.08;11.97;12.62;13.11;13.48;13.74;13.92;14.01;14.14;14.30;14.47;14.63;14.77;14.88;14.96;15.02;15.09;15.19;15.29;15.38;15.47;15.53;15.58;15.62;15.68;15.75;15.82;15.89;15.94;15.99;16.02;16.06;16.10;16.15;16.21,,,12,12,31,"31,31,31,31,31,31,31,31,31,31,31,31,31,31,31,31,31,31,31,31,31,31,31,31,31,31,31,31,31,31,31,31,31,31,31,31"
643,Stage1,25.73,,,,,,,,0,,,
643,Stage2,25.73,16.15,,,,,,,0,12,,
643,PowerOpt,25.73,16.15,16.15,,,,"168.36,38.88,33.64,6.52,3.55,2.57,0.93,0.53,0.26,0.15,0.11,0.08,0.06,0.06,0.05,0.04,0.03,0.03,0.02,0.02,0.01,0.01",1.00,0,12,,
643,Stage3,25.73,16.15,16.15,16.26,,,,,0,12,31,
643,Stage3_PowerOpt,25.73,16.15,16.15,,16.26,,"38.37,8.84,7.13,5.19,1.43,1.08,0.80,0.22,0.20,0.14,0.13,0.09,0.07,0.06,0.05,0.04,0.04,0.03,0.02,0.01",1.00,0,12,31,
643,Stage4,25.73,16.15,16.15,,16.26,9.28;10.54;11.33;11.90;12.34;12.66;12.90;13.08;13.19;13.34;13.50;13.67;13.82;13.95;14.06;14.14;14.21;14.29;14.38;14.48;14.58;14.66;14.73;14.78;14.83;14.89;14.95;15.02;15.09;15.15;15.20;15.23;15.27;15.32;15.37;15.42;15.47,,,0,12,31,"31,31,31,31,31,31,31,31,31,31,31,31,31,31,31,31,31,31,31,31,31,31,31,31,31,31,31,31,31,31,31,31,31,31,31,31,31"
644,Stage1,23.58,,,,,,,,12,,,
644,Stage2,23.58,16.91,,,,,,,12,12,,
644,PowerOpt,23.58,16.91,16.91,,,,"48.16,32.91,30.12,24.24,16.24,13.81,13.20,10.87,10.62,7.21,5.68,4.67,3.92,3.40,3.37,2.77,2.43,2.02,1.82,1.69,1.64,1.52,1.43,1.29,1.03,0.91,0.86,0.67,0.64,0.59,0.55,0.54,0.49,0.48,0.47,0.40,0.39,0.32,0.30,0.26,0.21,0.17,0.16,0.14,0.12,0.12,0.11,0.10,0.09,0.08,0.08,0.08,0.06,0.06,0.06,0.05,0.05,0.04,0.03,0.03,0.02,0.02,0.02,0.02,0.01,0.01,0.01,0.01,0.01,0.01,0.01",1.00,12,12,,
644,Stage3,23.58,16.91,16.91,17.05,,,,,12,12,31,
644,Stage3_PowerOpt,23.58,16.91,16.91,,17.05,,"21.23,11.27,6.43,5.81,4.15,2.95,2.13,1.67,1.33,1.17,0.93,0.69,0.63,0.48,0.35,0.32,0.29,0.26,0.23,0.19,0.17,0.16,0.14,0.13,0.11,0.10,0.09,0.08,0.07,0.07,0.06,0.04,0.04,0.04,0.03,0.02,0.02,0.02,0.01,0.01,0.01",1.00,12,12,31,
644,Stage4,23.58,16.91,16.91,,17.05,9.97;11.26;12.10;12.71;13.17;13.49;13.71;13.84;13.94;14.09;14.26;14.44;14.61;14.76;14.86;14.92;14.98;15.06;15.16;15.27;15.38;15.47;15.53;15.58;15.61;15.67;15.74;15.82;15.89;15.96;16.01;16.04;16.07;16.11;16.16;16.22,,,12,12,31,"31,31,31,31,31,31,31,31,31,31,31,31,31,31,31,31,31,31,31,31,31,31,31,31,31,31,31,31,31,31,31,31,31,31,31,31"
645,Stage1,32.70,,,,,,,,"0,12",,,
645,Stage2,32.70,23.09,,,,,,,"0,12",0,,
645,PowerOpt,32.70,23.09,23.09,,,,"123.19,61.19,47.19,13.40,6.53,3.71,0.57,0.06,0.06,0.02,0.02,0.01","2.00,0.00","0,12",0,,
645,Stage3,32.70,23.09,23.09,22.27,,,,,"0,12",0,"31,0,31,0,31",
645,Stage3_PowerOpt,32.70,23.09,23.09,,22.27,,"31.07,15.01,11.78,3.25,1.77,0.94,0.14,0.02,0.01","2.00,0.00","0,12",0,"31,0,31,0,31",
645,Stage4,32.70,23.09,23.09,,22.27,7.83;10.11;11.80;13.09;14.04;14.79;15.41;15.82;16.21;16.48;16.76;17.09;17.42;17.71;17.94;18.14;18.32;18.47;18.62;18.81;19.00;19.18;19.32;19.45;19.57;19.67;19.78;19.92;20.06;20.19;20.30;20.39;20.47;20.56;20.65;20.76;20.87;20.97;21.04;21.11;21.18,,,"0,12",0,"31,0,31,0,31","31,31,31,31,31,0,31,0,0,0,31,31,31,31,31,0,0,0,31,31,31,31,0,0,0,0,31,31,31,31,0,0,0,0,31,31,31,31,0,0,0"
646,Stage1,29.19,,,,,,,,"0,15",,,
646,Stage2,29.19,22.21,,,,,,,"0,15",0,,
646,PowerOpt,29.19,22.21,22.21,,,,"171.94,46.69,19.44,13.30,2.51,1.36,0.54,0.08,0.03,0.02,0.02","2.00,0.00","0,15",0,,
646,Stage3,29.19,22.21,22.21,21.49,,,,,"0,15",0,"31,0,31,0,31",
646,Stage3_PowerOpt,29.19,22.21,22.21,,21.49,,"42.66,11.73,4.89,3.61,0.59,0.35,0.13,0.02","2.00,0.00","0,15",0,"31,0,31,0,31",
646,Stage4,29.19,22.21,22.21,,21.49,10.18;11.66;12.63;13.32;13.82;14.34;14.75;15.10;15.48;15.78;16.13;16.47;16.75;16.97;17.17;17.34;17.56;17.74;17.92;18.10;18.28;18.42;18.54;18.66;18.79;18.90;19.02;19.16;19.28;19.39;19.49;19.57;19.66;19.74;19.84;19.95;20.05;20.13;20.20;20.27;20.34;20.40;20.48,,,"0,15",0,"31,0,31,0,31","31,31,31,31,0,0,0,0,0,31,31,31,31,31,0,0,0,0,31,31,31,0,31,0,0,0,31,31,31,0,0,0,0,0,31,31,31,0,0,0,0,0,31"
647,Stage1,23.73,,,,,,,,15,,,
647,Stage2,23.73,16.92,,,,,,,15,15,,
647,PowerOpt,23.73,16.92,16.92,,,,"114.79,38.86,34.04,16.61,9.64,6.23,5.75,3.80,3.37,2.91,1.95,1.77,1.75,1.69,1.14,1.04,0.99,0.97,0.90,0.78,0.71,0.66,0.56,0.48,0.42,0.38,0.34,0.28,0.26,0.23,0.21,0.20,0.19,0.18,0.17,0.16,0.14,0.13,0.11,0.10,0.08,0.08,0.07,0.07,0.07,0.06,0.06,0.06,0.05,0.04,0.04,0.04,0.03,0.03,0.02,0.02,0.02,0.02,0.02,0.02,0.02,0.02,0.01,0.01,0.01,0.01",1.00,15,15,,
647,Stage3,23.73,16.92,16.92,17.12,,,,,15,15,31,
647,Stage3_PowerOpt,23.73,16.92,16.92,,17.12,,"27.08,13.70,8.38,5.55,2.46,1.98,1.30,0.61,0.52,0.39,0.28,0.27,0.24,0.18,0.13,0.13,0.10,0.09,0.08,0.07,0.06,0.05,0.04,0.04,0.03,0.03,0.03,0.02,0.02,0.02,0.02,0.01,0.01,0.01",1.00,15,15,31,
647,Stage4,23.73,16.92,16.92,,17.12,10.24;11.43;12.20;12.77;13.21;13.55;13.80;13.98;14.10;14.25;14.40;14.57;14.72;14.86;14.97;15.05;15.12;15.20;15.30;15.39;15.49;15.57;15.64;15.70;15.74;15.80;15.87;15.94;16.00;16.06;16.11;16.15;16.18;16.23;16.28,,,15,15,31,"31,31,31,31,31,31,31,31,31,31,31,31,31,31,31,31,31,31,31,31,31,31,31,31,31,31,31,31,31,31,31,31,31,31,31"
648,Stage1,24.01,,,,,,,,15,,,
648,Stage2,24.01,16.94,,,,,,,15,15,,
648,PowerOpt,24.01,16.94,16.94,,,,"192.17,37.37,7.73,4.53,4.17,2.67,1.81,1.01,0.68,0.56,0.53,0.39,0.32,0.21,0.21,0.15,0.14,0.13,0.12,0.12,0.10,0.08,0.07,0.06,0.06,0.06,0.05,0.05,0.05,0.04,0.04,0.03,0.03,0.03,0.02,0.02,0.02,0.01,0.01,0.01,0.01,0.01",1.00,15,15,,
648,Stage3,24.01,16.94,16.94,17.08,,,,,15,15,31,
648,Stage3_PowerOpt,24.01,16.94,16.94,,17.08,,"50.90,9.73,1.68,0.94,0.21,0.19,0.14,0.06,0.04,0.03,0.01,0.01",1.00,15,15,31,
648,Stage4,24.01,16.94,16.94,,17.08,9.92;11.23;12.09;12.72;13.19;13.54;13.79;13.97;14.06;14.19;14.35;14.52;14.68;14.82;14.93;15.01;15.06;15.13;15.22;15.32;15.42;15.51;15.57;15.62;15.66;15.72;15.78;15.85;15.92;15.98;16.03;16.06;16.10;16.14;16.19;16.24,,,15,15,31,"31,31,31,31,31,31,31,31,31,31,31,31,31,31,31,31,31,31,31,31,31,31,31,31,31,31,31,31,31,31,31,31,31,31,31,31"
649,Stage1,24.09,,,,,,,,15,,,
649,Stage2,24.09,16.90,,,,,,,15,15,,
649,PowerOpt,24.09,16.90,16.90,,,,"84.94,42.57,25.81,13.63,13.27,8.42,7.64,6.70,5.16,4.87,4.47,3.55,3.39,3.03,2.63,2.38,2.18,2.01,1.86,1.64,1.41,1.33,1.16,1.07,1.01,0.92,0.74,0.69,0.55,0.50,0.49,0.46,0.45,0.43,0.41,0.37,0.34,0.32,0.28,0.26,0.25,0.22,0.20,0.20,0.19,0.17,0.16,0.13,0.12,0.10,0.10,0.09,0.08,0.05,0.05,0.05,0.04,0.04,0.04,0.03,0.03,0.03,0.02,0.02,0.02,0.02,0.02,0.02,0.01,0.01,0.01",1.00,15,15,,
649,Stage3,24.09,16.90,16.90,16.93,,,,,15,15,31,
649,Stage3_PowerOpt,24.09,16.90,16.90,,16.93,,"22.66,15.58,8.83,4.24,2.38,1.69,1.40,0.94,0.89,0.81,0.68,0.56,0.43,0.39,0.31,0.29,0.26,0.23,0.17,0.14,0.14,0.11,0.10,0.10,0.09,0.08,0.07,0.06,0.05,0.04,0.04,0.04,0.03,0.03,0.02,0.02,0.02,0.02",1.00,15,15,31,
649,Stage4,24.09,16.90,16.90,,16.93,9.27;10.87;11.90;12.63;13.12;13.45;13.63;13.72;13.79;13.93;14.13;14.34;14.53;14.68;14.77;14.81;14.85;14.92;15.03;15.16;15.28;15.38;15.44;15.47;15.49;15.54;15.62;15.71;15.80;15.86;15.91;15.93;15.95;15.99;16.04;16.11,,,15,15,31,"31,31,31,31,31,31,31,31,31,31,31,31,31,31,31,31,31,31,31,31,31,31,31,31,31,31,31,31,31,31,31,31,31,31,31,31"
650,Stage1,21.39,,,,,,,,11,,,
650,Stage2,21.39,16.84,,,,,,,11,15,,
650,PowerOpt,21.39,16.84,16.84,,,,"75.53,66.23,35.66,24.81,17.61,12.54,6.12,4.89,3.01,1.17,1.09,0.94,0.69,0.67,0.63,0.51,0.43,0.41,0.41,0.31,0.28,0.21,0.18,0.18,0.14,0.13,0.10,0.09,0.09,0.08,0.07,0.07,0.06,0.06,0.05,0.05,0.04,0.04,0.03,0.03,0.03,0.03,0.03,0.03,0.02,0.02,0.02,0.02,0.01,0.01,0.01,0.01,0.01",1.00,11,15,,
650,Stage3,21.39,16.84,16.84,16.71,,,,,11,15,31,
650,Stage3_PowerOpt,21.39,16.84,16.84,,16.71,,"20.48,16.34,8.58,6.20,4.00,3.40,1.64,1.33,0.77,0.25,0.21,0.19,0.11,0.08,0.08,0.05,0.04,0.04,0.03,0.03,0.03,0.02,0.02,0.01",1.00,11,15,31,
650,Stage4,21.39,16.84,16.84,,16.71,9.79;11.00;11.76;12.33;12.76;13.10;13.36;13.56;13.68;13.82;13.97;14.13;14.28;14.41;14.53;14.62;14.69;14.77;14.86;14.95;15.04;15.12;15.20;15.25;15.30;15.36;15.42;15.49;15.56;15.61;15.66;15.70;15.74;15.79;15.84;15.89,,,11,15,31,"31,31,31,31,31,31,31,31,31,31,31,31,31,31,31,31,31,31,31,31,31,31,31,31,31,31,31,31,31,31,31,31,31,31,31,31"
651,Stage1,25.95,,,,,,,,11,,,
651,Stage2,25.95,16.94,,,,,,,11,11,,
651,PowerOpt,25.95,16.94,16.94,,,,"142.68,49.02,24.05,13.91,7.66,7.27,2.99,2.41,1.66,1.07,1.00,0.46,0.39,0.37,0.32,0.16,0.13,0.08,0.07,0.04,0.04,0.03,0.03,0.02,0.02,0.01,0.01",1.00,11,11,,
651,Stage3,25.95,16.94,16.94,16.75,,,,,11,11,22,
651,Stage3_PowerOpt,25.95,16.94,16.94,,16.75,,"30.29,9.08,7.53,5.01,3.22,2.04,1.61,1.22,1.15,0.99,0.55,0.41,0.24,0.14,0.11,0.09,0.07,0.06,0.05,0.04,0.03,0.02,0.01",1.00,11,11,22,
651,Stage4,25.95,16.94,16.94,,16.75,9.60;10.94;11.81;12.44;12.89;13.21;13.43;13.56;13.67;13.83;14.01;14.19;14.36;14.50;14.60;14.67;14.73;14.81;14.92;15.03;15.14;15.22;15.29;15.33;15.37;15.43;15.51;15.59;15.66;15.72;15.77;15.79;15.83;15.88;15.93,,,11,11,22,"22,22,22,22,22,22,22,22,22,22,22,22,22,22,22,22,22,22,22,22,22,22,22,22,22,22,22,22,22,22,22,22,22,22,22"
652,Stage1,22.73,,,,,,,,11,,,
652,Stage2,22.73,17.18,,,,,,,11,11,,
652,PowerOpt,22.73,17.18,17.18,,,,"119.34,51.28,48.96,11.31,8.43,6.48,2.58,2.26,1.40,0.71,0.60,0.58,0.52,0.41,0.39,0.19,0.14,0.12,0.03,0.03,0.03,0.03,0.02,0.01,0.01,0.01",1.00,11,11,,
652,Stage3,22.73,17.18,17.18,17.15,,,,,11,11,22,
652,Stage3_PowerOpt,22.73,17.18,17.18,,17.15,,"25.73,11.01,8.45,6.64,3.70,2.48,1.58,1.35,1.04,0.68,0.38,0.32,0.13,0.11,0.11,0.08,0.06,0.05,0.02,0.01,0.01",1.00,11,11,22,
652,Stage4,22.73,17.18,17.18,,17.15,10.04;11.25;12.05;12.67;13.15;13.51;13.77;13.93;14.04;14.18;14.34;14.52;14.69;14.84;14.95;15.03;15.09;15.16;15.26;15.37;15.48;15.57;15.64;15.69;15.73;15.78;15.85;15.93;16.01;16.07;16.12;16.15;16.18;16.23;16.28;16.34,,,11,11,22,"22,22,22,22,22,22,22,22,22,22,22,22,22,22,22,22,22,22,22,22,22,22,22,22,22,22,22,22,22,22,22,22,22,22,22,22"
653,Stage1,23.35,,,,,,,,11,,,
653,Stage2,23.35,17.30,,,,,,,11,11,,
653,PowerOpt,23.35,17.30,17.30,,,,"185.94,39.39,9.81,9.30,4.00,2.00,1.25,1.10,0.87,0.75,0.34,0.29,0.21,0.18,0.12,0.08,0.08,0.06,0.05,0.03,0.02,0.01,0.01,0.01",1.00,11,11,,
653,Stage3,23.35,17.30,17.30,17.28,,,,,11,11,22,
653,Stage3_PowerOpt,23.35,17.30,17.30,,17.28,,"27.88,17.68,6.35,3.66,2.43,1.82,1.61,0.90,0.46,0.37,0.34,0.14,0.12,0.07,0.06,0.04,0.02,0.02,0.02",1.00,11,11,22,
653,Stage4,23.35,17.30,17.30,,17.28,9.24;10.66;11.61;12.32;12.85;13.25;13.54;13.73;13.84;13.99;14.17;14.37;14.56;14.73;14.86;14.96;15.02;15.11;15.23;15.35;15.46;15.57;15.65;15.71;15.77;15.83;15.91;16.00;16.08;16.15;16.21;16.25;16.29;16.34;16.40;16.47,,,11,11,22,"22,22,22,22,22,22,22,22,22,22,22,22,22,22,22,22,22,22,22,22,22,22,22,22,22,22,22,22,22,22,22,22,22,22,22,22"
654,Stage1,20.62,,,,,,,,11,,,
654,Stage2,20.62,17.21,,,,,,,11,11,,
654,PowerOpt,20.62,17.21,17.21,,,,"112.60,37.69,26.16,22.49,10.73,6.43,5.64,4.90,4.22,3.87,3.36,3.11,2.75,2.19,1.44,1.38,1.13,0.96,0.93,0.75,0.57,0.43,0.40,0.32,0.26,0.24,0.22,0.16,0.15,0.12,0.05,0.05,0.04,0.04,0.03,0.03,0.02,0.02,0.02,0.01",1.00,11,11,,
654,Stage3,20.62,17.21,17.21,16.93,,,,,11,11,14,
654,Stage3_PowerOpt,20.62,17.21,17.21,,16.93,,"24.53,7.83,5.02,4.90,3.60,3.03,2.51,2.24,2.07,1.64,1.30,1.12,0.91,0.70,0.53,0.42,0.30,0.29,0.20,0.18,0.13,0.11,0.11,0.08,0.05,0.04,0.03,0.03,0.02,0.01,0.01",1.00,11,11,14,
654,Stage4,20.62,17.21,17.21,,16.93,10.04;11.18;11.89;12.41;12.83;13.16;13.43;13.65;13.80;13.95;14.11;14.26;14.41;14.55;14.67;14.77;14.85;14.94;15.04;15.13;15.22;15.31;15.38;15.45;15.51;15.57;15.64;15.70;15.77;15.83;15.88;15.93;15.97;16.02;16.07;16.12,,,11,11,14,"14,14,14,14,14,14,14,14,14,14,14,14,14,14,14,14,14,14,14,14,14,14,14,14,14,14,14,14,14,14,14,14,14,14,14,14"
655,Stage1,20.32,,,,,,,,7,,,
655,Stage2,20.32,16.92,,,,,,,7,11,,
655,PowerOpt,20.32,16.92,16.92,,,,"137.58,40.70,10.86,9.72,7.83,7.30,5.50,4.95,4.66,3.71,3.41,2.89,2.57,2.27,1.80,1.59,1.35,1.21,1.06,0.82,0.73,0.69,0.53,0.39,0.36,0.29,0.22,0.20,0.17,0.15,0.10,0.07,0.05,0.05,0.04,0.04,0.03,0.02,0.02,0.02,0.01,0.01",1.00,7,11,,
655,Stage3,20.32,16.92,16.92,16.91,,,,,7,11,14,
655,Stage3_PowerOpt,20.32,16.92,16.92,,16.91,,"12.62,7.88,7.48,6.43,5.50,4.82,3.27,2.43,2.06,1.78,1.67,1.38,1.09,1.00,0.82,0.75,0.62,0.48,0.37,0.35,0.27,0.19,0.15,0.14,0.10,0.09,0.07,0.04,0.04,0.03,0.02,0.02,0.01",1.00,7,11,14,
655,Stage4,20.32,16.92,16.92,,16.91,10.33;11.50;12.22;12.74;13.13;13.41;13.61;13.75;13.89;14.05;14.22;14.38;14.53;14.66;14.75;14.82;14.89;14.98;15.08;15.18;15.27;15.35;15.42;15.46;15.51;15.57;15.64;15.71;15.77;15.83;15.88;15.92;15.95;15.99;16.04;16.10,,,7,11,14,"14,14,14,14,14,14,14,14,14,14,14,14,14,14,14,14,14,14,14,14,14,14,14,14,14,14,14,14,14,14,14,14,14,14,14,14"
656,Stage1,20.45,,,,,,,,7,,,
656,Stage2,20.45,16.90,,,,,,,7,7,,
656,PowerOpt,20.45,16.90,16.90,,,,"125.50,67.36,26.65,17.42,3.54,2.01,1.77,1.53,1.10,0.90,0.82,0.74,0.65,0.63,0.58,0.56,0.53,0.49,0.43,0.40,0.36,0.29,0.25,0.21,0.18,0.14,0.13,0.11,0.09,0.08,0.07,0.07,0.06,0.05,0.04,0.03,0.03,0.02,0.02,0.02,0.02,0.01,0.01,0.01",1.00,7,7,,
656,Stage3,20.45,16.90,16.90,16.80,,,,,7,7,5,
656,Stage3_PowerOpt,20.45,16.90,16.90,,16.80,,"31.11,19.51,7.10,4.63,0.90,0.45,0.14,0.07,0.01,0.01,0.01",1.00,7,7,5,
656,Stage4,20.45,16.90,16.90,,16.80,10.20;11.33;12.02;12.52;12.90;13.19;13.42;13.61;13.76;13.91;14.07;14.22;14.36;14.49;14.60;14.69;14.77;14.85;14.95;15.04;15.12;15.20;15.27;15.33;15.39;15.45;15.52;15.58;15.64;15.70;15.75;15.80;15.84;15.88;15.93;15.98,,,7,7,5,"5,5,5,5,5,5,5,5,5,5,5,5,5,5,5,5,5,5,5,5,5,5,5,5,5,5,5,5,5,5,5,5,5,5,5,5"
657,Stage1,20.99,,,,,,,,"7,5,5",,,
657,Stage2,20.99,18.15,,,,,,,"7,5,5",7,,
657,PowerOpt,20.99,18.15,18.15,,,,"182.15,28.25,27.58,3.18,3.00,1.27,1.10,0.93,0.88,0.87,0.79,0.66,0.49,0.44,0.37,0.36,0.34,0.30,0.28,0.26,0.25,0.22,0.20,0.18,0.16,0.15,0.12,0.11,0.10,0.09,0.08,0.08,0.07,0.07,0.06,0.06,0.05,0.05,0.04,0.04,0.04,0.03,0.03,0.02,0.02,0.02,0.01,0.01,0.01,0.01","2.97,0.02,0.00","7,5,5",7,,
657,Stage3,20.99,18.15,18.15,17.57,,,,,"7,5,5",7,"5,56,5",
657,Stage3_PowerOpt,20.99,18.15,18.15,,17.57,,"47.51,7.49,7.04,0.82,0.76,0.21,0.05,0.02,0.02,0.01,0.01","2.99,0.01,0.00","7,5,5",7,"5,56,5",
657,Stage4,20.99,18.15,18.15,,17.57,10.98;12.14;12.84;13.31;13.64;13.86;14.00;14.08;14.25;14.43;14.61;14.78;14.92;15.03;15.11;15.16;15.24;15.33;15.43;15.54;15.63;15.71;15.76;15.80;15.85;15.91;15.98;16.05;16.12;16.18;16.23;16.26;16.29;16.33;16.38;16.44;16.49;16.54;16.57;16.61;16.63;16.66;16.69,,,"7,5,5",7,"5,56,5","5,5,5,5,5,5,5,5,5,5,5,5,5,5,5,5,5,5,5,5,5,5,5,5,5,5,5,5,5,5,5,5,5,5,5,5,5,5,5,5,5,5,5"
658,Stage1,24.02,,,,,,,,"7,0",,,
658,Stage2,24.02,18.79,,,,,,,"7,0","7,0",,
658,PowerOpt,24.02,18.79,18.79,,,,"73.97,63.27,45.04,27.12,15.06,12.08,6.19,2.95,2.07,2.03,1.67,0.51,0.50,0.38,0.35,0.34,0.28,0.20,0.18,0.17,0.16,0.13,0.12,0.11,0.10,0.09,0.09,0.07,0.07,0.06,0.05,0.05,0.05,0.04,0.04,0.03,0.03,0.03,0.03,0.02,0.02,0.02,0.02,0.02,0.02,0.02,0.01,0.01,0.01","1.95,0.05","7,0","7,0",,
658,Stage3,24.02,18.79,18.79,17.99,,,,,"7,0","7,0","61,56,61,56,61",
658,Stage3_PowerOpt,24.02,18.79,18.79,,17.99,,"25.67,18.23,11.34,5.01,1.29,0.98,0.81,0.23,0.17,0.14,0.05,0.02,0.01,0.01","1.97,0.03","7,0","7,0","61,56,61,56,61",
658,Stage4,24.02,18.79,18.79,,17.99,11.01;12.06;12.68;13.11;13.43;13.67;13.85;13.99;14.17;14.34;14.51;14.65;14.78;14.89;14.99;15.06;15.15;15.24;15.34;15.43;15.51;15.58;15.65;15.70;15.76;15.82;15.88;15.95;16.01;16.06;16.11;16.16;16.20;16.24;16.29;16.34;16.38;16.43;16.47;16.50;16.53;16.57;16.60;16.63;16.66;16.70;16.73;16.75;16.78;16.80;16.83;16.85;16.89;16.96;17.05;17.13,,,"7,0","7,0","61,56,61,56,61","61,61,61,61,61,61,61,61,61,61,61,61,61,61,61,61,61,61,61,61,61,61,61,61,61,61,61,61,61,61,61,61,61,61,61,61,61,61,61,61,61,61,61,61,61,61,61,61,61,61,61,61,56,56,56,56"
659,Stage1,37.49,,,,,,,,"4,6,12",,,
659,Stage2,37.49,28.92,,,,,,,"4,6,12",4,,
659,PowerOpt,37.49,28.92,28.92,,,,"131.42,73.27,12.69,11.66,4.75,3.85,3.43,2.69,2.56,2.12,1.68,1.37,1.10,0.69,0.57,0.49,0.29,0.27,0.21,0.17,0.14,0.10,0.08,0.07,0.05,0.04,0.03,0.03,0.02,0.02,0.02,0.01,0.01,0.01,0.01,0.01","2.92,0.07,0.01","4,6,12",4,,
659,Stage3,37.49,28.92,28.92,27.49,,,,,"4,6,12",4,"56,17,53,17,17",
659,Stage3_PowerOpt,37.49,28.92,28.92,,27.49,,"34.08,18.90,3.09,2.77,1.11,0.85,0.70,0.46,0.46,0.43,0.30,0.22,0.13,0.12,0.09,0.07,0.05,0.04,0.03,0.03,0.02,0.02,0.01","2.94,0.06,0.01","4,6,12",4,"56,17,53,17,17",
659,Stage4,37.49,28.92,28.92,,27.49,11.45;14.84;16.05;16.89;17.81;18.52;19.12;19.64;20.30;20.75;21.09;21.44;21.73;21.99;22.26;22.53;22.83;23.11;23.36;23.56;23.74;23.91;24.08;24.26;24.47;24.64;24.81;24.98;25.12;25.25;25.38;25.52;25.67;25.80;25.94;26.06;26.19,,,"4,6,12",4,"56,17,53,17,17","53,17,17,53,17,17,17,17,53,53,53,17,17,17,17,17,17,53,53,53,17,17,17,17,17,17,53,53,53,17,17,17,17,17,17,53,53"
660,Stage1,32.31,,,,,,,,"4,6",,,
660,Stage2,32.31,24.63,,,,,,,"4,6","4,7",,
660,PowerOpt,32.31,24.63,24.63,,,,"172.51,49.28,12.34,8.06,4.24,3.02,2.02,1.61,0.89,0.72,0.36,0.28,0.15,0.10,0.09,0.05,0.04,0.04,0.03,0.03,0.02,0.02,0.01,0.01","1.99,0.01","4,6","4,7",,
660,Stage3,32.31,24.63,24.63,23.86,,,,,"4,6","4,7","46,17,53,17,53",
660,Stage3_PowerOpt,32.31,24.63,24.63,,23.86,,"43.94,12.57,2.65,2.14,1.13,0.59,0.36,0.20,0.14,0.12,0.06,0.03,0.02,0.01","1.99,0.01","4,6","4,7","46,17,53,17,53",
660,Stage4,32.31,24.63,24.63,,23.86,10.91;13.64;14.72;15.68;16.47;16.95;17.32;17.62;18.22;18.67;19.02;19.29;19.49;19.69;19.86;20.04;20.24;20.45;20.63;20.80;20.94;21.07;21.17;21.29;21.43;21.55;21.67;21.79;21.90;21.99;22.07;22.16;22.27;22.36;22.46;22.55;22.64;22.72,,,"4,6","4,7","46,17,53,17,53","53,17,17,53,17,17,17,17,53,53,53,53,53,17,17,17,17,53,53,53,53,17,17,17,17,53,53,53,53,17,17,17,17,17,53,53,53,53"
661,Stage1,37.96,,,,,,,,"4,10,12",,,
661,Stage2,37.96,29.21,,,,,,,"4,10,12",4,,
661,PowerOpt,37.96,29.21,29.21,,,,"129.18,50.31,21.02,18.00,16.25,4.71,4.04,3.83,2.40,2.33,1.69,0.50,0.34,0.32,0.23,0.11,0.10,0.09,0.08,0.07,0.06,0.04,0.03,0.03,0.02,0.02,0.02,0.02,0.02,0.01,0.01,0.01","2.88,0.11,0.02","4,10,12",4,,
661,Stage3,37.96,29.21,29.21,26.57,,,,,"4,10,12",4,"17,46,56,17,46",
661,Stage3_PowerOpt,37.96,29.21,29.21,,26.57,,"32.93,13.84,6.50,3.59,2.61,1.18,1.00,0.80,0.49,0.41,0.32,0.11,0.06,0.05,0.04,0.02,0.01,0.01","2.90,0.09,0.01","4,10,12",4,"17,46,56,17,46",
661,Stage4,37.96,29.21,29.21,,26.57,11.23;14.04;15.21;16.08;16.93;17.44;17.88;18.26;18.86;19.32;19.67;20.00;20.31;20.57;20.81;21.02;21.31;21.57;21.82;22.02;22.21;22.39;22.56;22.73;22.93;23.10;23.27;23.44;23.58;23.72;23.85;23.98;24.12;24.25;24.38;24.51;24.63;24.74;24.85;24.95;25.07;25.16;25.27,,,"4,10,12",4,"17,46,56,17,46","46,17,17,46,17,17,17,17,46,46,46,17,56,56,17,17,17,46,46,17,46,17,56,17,17,17,46,46,46,56,17,17,17,56,17,46,46,17,56,17,17,56,17"
662,Stage1,39.17,,,,,,,,"4,12,11",,,
662,Stage2,39.17,31.16,,,,,,,"4,12,11",4,,
662,PowerOpt,39.17,31.16,31.16,,,,"148.59,37.52,36.65,11.22,6.18,4.49,3.49,2.66,1.69,1.32,0.43,0.33,0.28,0.16,0.11,0.11,0.10,0.09,0.07,0.07,0.07,0.04,0.04,0.04,0.03,0.02,0.02,0.02,0.02,0.01,0.01","2.82,0.17,0.01","4,12,11",4,,
662,Stage3,39.17,31.16,31.16,28.28,,,,,"4,12,11",4,"49,46,25,48,25",
662,Stage3_PowerOpt,39.17,31.16,31.16,,28.28,,"38.10,9.28,9.08,2.77,1.55,1.16,0.83,0.40,0.31,0.16,0.10,0.07,0.05,0.03,0.02,0.02,0.02,0.01","2.83,0.16,0.00","4,12,11",4,"49,46,25,48,25",
662,Stage4,39.17,31.16,31.16,,28.28,11.84;15.22;16.30;17.26;18.07;18.82;19.42;19.92;20.50;21.12;21.56;21.88;22.19;22.43;22.70;22.98;23.34;23.59;23.83;24.03;24.21;24.39;24.50;24.66;24.89;25.14;25.30;25.45;25.58;25.71;25.82;25.99;26.13;26.25;26.41;26.54;26.67;26.77;26.88,,,"4,12,11",4,"49,46,25,48,25","46,25,25,46,25,48,25,48,48,46,46,46,25,25,48,25,48,46,46,46,25,25,46,48,25,48,46,46,25,25,48,25,48,25,48,46,46,46,48"
663,Stage1,37.91,,,,,,,,"4,11",,,
663,Stage2,37.91,25.74,,,,,,,"4,11",8,,
663,PowerOpt,37.91,25.74,25.74,,,,"205.59,33.66,13.25,2.28,0.51,0.15,0.14,0.07,0.06,0.05,0.03,0.03,0.03,0.02,0.02,0.02,0.01,0.01","2.00,0.00","4,11",8,,
663,Stage3,37.91,25.74,25.74,25.64,,,,,"4,11",8,"38,25,46,25",
663,Stage3_PowerOpt,37.91,25.74,25.74,,25.64,,"51.65,8.34,3.24,0.54,0.11,0.04,0.02,0.01,0.01","2.00,0.00","4,11",8,"38,25,46,25",
663,Stage4,37.91,25.74,25.74,,25.64,11.59;15.44;16.53;17.64;18.28;18.74;19.12;19.44;19.94;20.38;20.73;21.00;21.20;21.37;21.53;21.69;21.93;22.14;22.34;22.52;22.67;22.78;22.89;23.00;23.16;23.28;23.41;23.55;23.67;23.77;23.85;23.93;24.04;24.13;24.22;24.32;24.42,,,"4,11",8,"38,25,46,25","46,25,46,25,25,25,25,25,46,46,46,46,25,25,25,25,25,46,46,46,46,25,25,25,25,25,46,46,46,46,25,25,25,25,46,46,46"
664,Stage1,51.86,,,,,,,,4,,,
664,Stage2,51.86,15.47,,,,,,,4,4,,
664,PowerOpt,51.86,15.47,15.47,,,,"138.18,46.51,43.45,11.71,6.49,2.39,1.65,1.37,1.25,0.96,0.60,0.49,0.26,0.12,0.11,0.09,0.09,0.07,0.07,0.05,0.01,0.01",1.00,4,4,,
664,Stage3,51.86,15.47,15.47,15.21,,,,,4,4,33,
664,Stage3_PowerOpt,51.86,15.47,15.47,,15.21,,"39.79,12.61,7.56,1.87,0.69,0.45,0.31,0.26,0.19,0.09,0.04,0.03,0.03,0.01,0.01,0.01",1.00,4,4,33,
664,Stage4,51.86,15.47,15.47,,15.21,8.25;9.64;10.37;10.87;11.26;11.58;11.85;12.09;12.32;12.49;12.63;12.75;12.87;12.98;13.08;13.19;13.29;13.37;13.45;13.52;13.58;13.64;13.71;13.77;13.84;13.91;13.96;14.01;14.05;14.10;14.15;14.20;14.25;14.30;14.34;14.38;14.41;14.45;14.49,,,4,4,33,"33,33,33,33,33,33,33,33,33,33,33,33,33,33,33,33,33,33,33,33,33,33,33,33,33,33,33,33,33,33,33,33,33,33,33,33,33,33,33"
665,Stage1,51.49,,,,,,,,4,,,
665,Stage2,51.49,15.63,,,,,,,4,4,,
665,PowerOpt,51.49,15.63,15.63,,,,"152.92,63.65,16.50,8.55,5.16,2.97,1.15,0.96,0.81,0.71,0.52,0.50,0.47,0.32,0.24,0.11,0.11,0.07,0.05,0.04,0.03,0.03,0.03,0.02,0.02,0.01",1.00,4,4,,
665,Stage3,51.49,15.63,15.63,15.62,,,,,4,4,33,
665,Stage3_PowerOpt,51.49,15.63,15.63,,15.62,,"40.09,16.73,2.99,2.20,0.54,0.49,0.29,0.14,0.11,0.09,0.08,0.06,0.05,0.04,0.02,0.02,0.01",1.00,4,4,33,
665,Stage4,51.49,15.63,15.63,,15.62,8.58;9.99;10.72;11.25;11.67;12.00;12.29;12.54;12.76;12.91;13.04;13.16;13.27;13.38;13.48;13.59;13.70;13.78;13.86;13.92;13.99;14.05;14.12;14.19;14.26;14.32;14.37;14.42;14.46;14.51;14.56;14.61;14.66;14.71;14.75;14.79;14.82;14.86,,,4,4,33,"33,33,33,33,33,33,33,33,33,33,33,33,33,33,33,33,33,33,33,33,33,33,33,33,33,33,33,33,33,33,33,33,33,33,33,33,33,33"
666,Stage1,37.02,,,,,,,,"8,0",,,
666,Stage2,37.02,25.00,,,,,,,"8,0",8,,
666,PowerOpt,37.02,25.00,25.00,,,,"206.37,40.45,3.75,2.95,1.21,0.55,0.22,0.12,0.10,0.09,0.04,0.03,0.02,0.02","1.99,0.01","8,0",8,,
666,Stage3,37.02,25.00,25.00,24.73,,,,,"8,0",8,"38,25",
666,Stage3_PowerOpt,37.02,25.00,25.00,,24.73,,"51.25,9.87,0.92,0.81,0.70,0.16,0.13,0.08,0.02,0.01,0.01","1.99,0.01","8,0",8,"38,25",
666,Stage4,37.02,25.00,25.00,,24.73,10.07;14.25;15.51;16.70;17.33;17.82;18.19;18.50;18.99;19.43;19.83;20.13;20.35;20.54;20.71;20.89;21.10;21.29;21.48;21.66;21.81;21.93;22.04;22.14;22.29;22.40;22.53;22.67;22.79;22.88;22.96;23.04;23.15;23.23;23.32;23.42;23.51,,,"8,0",8,"38,25","38,25,38,25,25,25,25,25,38,38,38,38,38,25,25,25,25,38,38,38,38,25,25,25,25,25,38,38,38,38,25,25,25,25,38,38,38"
667,Stage1,37.01,,,,,,,,"0,8",,,
667,Stage2,37.01,25.01,,,,,,,"0,8",8,,
667,PowerOpt,37.01,25.01,25.01,,,,"155.98,73.40,18.29,3.83,1.69,1.37,0.43,0.39,0.17,0.13,0.11,0.06,0.04,0.02,0.01,0.01","1.99,0.01","0,8",8,,
667,Stage3,37.01,25.01,25.01,24.52,,,,,"0,8",8,"32,39,33,39,33",
667,Stage3_PowerOpt,37.01,25.01,25.01,,24.52,,"39.81,17.16,4.88,0.77,0.56,0.38,0.15,0.09,0.06,0.04,0.03,0.02,0.01","1.99,0.01","0,8",8,"32,39,33,39,33",
667,Stage4,37.01,25.01,25.01,,24.52,10.58;14.03;15.22;16.27;17.18;17.72;18.16;18.61;19.01;19.35;19.64;19.89;20.12;20.33;20.52;20.71;20.92;21.11;21.29;21.45;21.59;21.71;21.83;21.94;22.08;22.20;22.31;22.43;22.53;22.62;22.71;22.80;22.91;23.00;23.09;23.17;23.26;23.34,,,"0,8",8,"32,39,33,39,33","39,33,33,39,33,33,39,33,39,39,39,39,33,33,33,33,33,39,39,39,39,33,33,33,33,39,39,39,39,39,33,33,33,33,39,33,39,39"
668,Stage1,46.79,,,,,,,,8,,,
668,Stage2,46.79,15.08,,,,,,,8,5,,
668,PowerOpt,46.79,15.08,15.08,,,,"196.28,39.21,8.78,7.42,2.34,1.05,0.37,0.25,0.15,0.08,0.01",1.00,8,5,,
668,Stage3,46.79,15.08,15.08,15.22,,,,,8,5,33,
668,Stage3_PowerOpt,46.79,15.08,15.08,,15.22,,"48.99,9.89,2.19,1.88,0.58,0.26,0.09,0.06,0.04,0.02",1.00,8,5,33,
668,Stage4,46.79,15.08,15.08,,15.22,8.30;9.70;10.42;10.94;11.34;11.67;11.94;12.18;12.37;12.52;12.64;12.76;12.86;12.97;13.07;13.18;13.28;13.37;13.44;13.51;13.58;13.64;13.70;13.77;13.85;13.91;13.96;14.01;14.05;14.10;14.15;14.20;14.25;14.30;14.34;14.38;14.41;14.45;14.49,,,8,5,33,"33,33,33,33,33,33,33,33,33,33,33,33,33,33,33,33,33,33,33,33,33,33,33,33,33,33,33,33,33,33,33,33,33,33,33,33,33,33,33"
669,Stage1,45.71,,,,,,,,8,,,
669,Stage2,45.71,15.46,,,,,,,8,5,,
669,PowerOpt,45.71,15.46,15.46,,,,"179.87,50.56,17.17,4.51,1.96,1.11,0.51,0.12,0.08,0.04,0.02",1.00,8,5,,
669,Stage3,45.71,15.46,15.46,15.57,,,,,8,5,33,
669,Stage3_PowerOpt,45.71,15.46,15.46,,15.57,,"44.57,12.78,4.46,1.19,0.52,0.29,0.12,0.03,0.02",1.00,8,5,33,
669,Stage4,45.71,15.46,15.46,,15.57,8.31;10.06;10.81;11.33;11.72;12.03;12.30;12.53;12.73;12.87;13.00;13.12;13.23;13.33;13.43;13.53;13.64;13.72;13.80;13.87;13.93;13.99;14.06;14.12;14.20;14.26;14.31;14.36;14.41;14.45;14.50;14.55;14.60;14.65;14.69;14.73;14.77;14.80,,,8,5,33,"33,33,33,33,33,33,33,33,33,33,33,33,33,33,33,33,33,33,33,33,33,33,33,33,33,33,33,33,33,33,33,33,33,33,33,33,33,33"
678,Stage1,47.15,,,,,,,,"13,5",,,
678,Stage2,47.15,27.73,,,,,,,"13,5",12,,
678,PowerOpt,47.15,27.73,27.73,,,,"91.43,54.84,45.17,25.90,13.40,12.91,4.65,3.32,2.26,1.01,0.66,0.23,0.19","1.59,0.41","13,5",12,,
678,Stage3,47.15,27.73,27.73,27.87,,,,,"13,5",12,39,
678,Stage3_PowerOpt,47.15,27.73,27.73,,27.87,,"23.54,13.12,11.04,6.44,3.49,3.27,1.20,0.87,0.49,0.26,0.17,0.06,0.04","1.64,0.36","13,5",12,39,
678,Stage4,47.15,27.73,27.73,,27.87,9.12;15.30;17.52;18.90;19.85;20.48;21.09;21.58;21.94;22.24;22.46;22.71;22.96;23.16;23.39;23.61;23.80;23.98;24.10;24.26;24.41;24.54;24.68;24.83;24.96;25.08;25.17;25.29;25.40;25.49;25.60;25.70;25.81;25.90;25.98;26.07;26.15;26.23;26.31;26.40;26.49,,,"13,5",12,39,"39,39,39,39,39,39,39,39,39,39,39,39,39,39,39,39,39,39,39,39,39,39,39,39,39,39,39,39,39,39,39,39,39,39,39,39,39,39,39,39,39"
679,Stage1,48.65,,,,,,,,"9,1",,,
679,Stage2,48.65,27.55,,,,,,,"9,1",12,,
679,PowerOpt,48.65,27.55,27.55,,,,"129.99,46.59,26.65,16.20,15.43,11.16,5.20,2.25,0.88,0.51,0.40,0.20,0.13,0.09,0.09,0.06,0.04,0.02,0.02,0.01,0.01","1.81,0.19","9,1",12,,
679,Stage3,48.65,27.55,27.55,27.66,,,,,"9,1",12,39,
679,Stage3_PowerOpt,48.65,27.55,27.55,,27.66,,"33.47,11.79,6.77,4.00,2.90,2.76,1.16,0.58,0.20,0.13,0.10,0.05,0.03,0.02,0.02,0.02","1.83,0.17","9,1",12,39,
679,Stage4,48.65,27.55,27.55,,27.66,7.96;14.94;17.32;18.65;19.55;20.32;20.91;21.40;21.72;22.01;22.29;22.52;22.74;22.96;23.18;23.41;23.58;23.75;23.90;24.04;24.17;24.30;24.46;24.60;24.72;24.84;24.95;25.05;25.14;25.24;25.36;25.47;25.55;25.66;25.74;25.82;25.89;25.98;26.07;26.17;26.24;26.31,,,"9,1",12,39,"39,39,39,39,39,39,39,39,39,39,39,39,39,39,39,39,39,39,39,39,39,39,39,39,39,39,39,39,39,39,39,39,39,39,39,39,39,39,39,39,39,39"
680,Stage1,48.66,,,,,,,,"5,13",,,
680,Stage2,48.66,28.06,,,,,,,"5,13",12,,
680,PowerOpt,48.66,28.06,28.06,,,,"95.23,46.97,36.76,24.87,12.79,11.26,9.50,5.05,3.71,2.13,1.37,1.31,1.02,0.74,0.67,0.64,0.43,0.32,0.23,0.22,0.17,0.13,0.11,0.08,0.06,0.04,0.03,0.03,0.02,0.02,0.02,0.01,0.01","1.41,0.59","5,13",12,,
680,Stage3,48.66,28.06,28.06,28.06,,,,,"5,13",12,"39,32,39",
680,Stage3_PowerOpt,48.66,28.06,28.06,,28.06,,"22.16,13.54,8.56,6.88,2.99,2.69,2.38,1.47,0.98,0.47,0.34,0.28,0.21,0.19,0.15,0.14,0.13,0.11,0.07,0.06,0.05,0.03,0.03,0.02,0.02,0.01,0.01","1.38,0.62","5,13",12,"39,32,39",
680,Stage4,48.66,28.06,28.06,,28.06,9.03;15.56;18.03;19.22;20.10;20.82;21.38;21.87;22.21;22.52;22.78;23.03;23.26;23.49;23.70;23.92;24.10;24.27;24.42;24.56;24.70;24.84;24.97;25.12;25.24;25.35;25.46;25.56;25.66;25.76;25.86;25.97;26.06;26.15;26.23;26.31;26.39;26.47;26.55;26.63;26.71,,,"5,13",12,"39,32,39","39,32,39,39,32,39,32,39,32,39,39,39,39,39,39,32,32,32,39,39,39,39,39,32,39,32,39,39,39,39,39,39,32,39,39,39,32,39,32,39,32"
681,Stage1,25.29,,,,,,,,"12,0,4",,,
681,Stage2,25.29,19.73,,,,,,,"12,0,4",0,,
681,PowerOpt,25.29,19.73,19.73,,,,"192.23,45.54,12.17,1.92,1.03,0.60,0.54,0.31,0.26,0.21,0.20,0.15,0.10,0.09,0.07,0.07,0.06,0.06,0.05,0.05,0.04,0.03,0.02,0.02,0.02,0.01,0.01,0.01,0.01","2.96,0.03,0.01","12,0,4",0,,
681,Stage3,25.29,19.73,19.73,19.53,,,,,"12,0,4",0,31,
681,Stage3_PowerOpt,25.29,19.73,19.73,,19.53,,"43.50,13.12,3.43,1.09,0.77,0.49,0.46,0.25,0.18,0.14,0.11,0.08,0.06,0.05,0.05,0.04,0.04,0.03,0.02,0.01,0.01","2.88,0.11,0.01","12,0,4",0,31,
681,Stage4,25.29,19.73,19.73,,19.53,9.42;11.18;12.33;13.22;13.96;14.48;14.80;14.97;15.28;15.47;15.64;15.85;16.08;16.28;16.41;16.48;16.68;16.79;16.89;17.01;17.15;17.27;17.34;17.39;17.52;17.59;17.66;17.75;17.85;17.93;17.98;18.01;18.10;18.15;18.21;18.28;18.36;18.42;18.45;18.48;18.54;18.59,,,"12,0,4",0,31,"31,31,31,31,31,31,31,31,31,31,31,31,31,31,31,31,31,31,31,31,31,31,31,31,31,31,31,31,31,31,31,31,31,31,31,31,31,31,31,31,31,31"
682,Stage1,24.87,,,,,,,,12,,,
682,Stage2,24.87,16.94,,,,,,,12,12,,
682,PowerOpt,24.87,16.94,16.94,,,,"54.75,51.55,32.22,16.70,16.36,11.50,10.96,9.17,8.83,5.53,4.73,4.04,3.80,2.64,2.49,2.36,2.35,2.10,1.64,1.50,1.22,1.04,0.88,0.80,0.68,0.63,0.61,0.55,0.53,0.45,0.42,0.31,0.28,0.24,0.22,0.21,0.16,0.15,0.14,0.12,0.11,0.10,0.10,0.09,0.08,0.08,0.07,0.06,0.06,0.04,0.04,0.04,0.03,0.03,0.03,0.02,0.02,0.02,0.01,0.01,0.01,0.01",1.00,12,12,,
682,Stage3,24.87,16.94,16.94,16.93,,,,,12,12,31,
682,Stage3_PowerOpt,24.87,16.94,16.94,,16.93,,"21.99,10.89,6.12,5.21,4.50,3.97,1.99,1.40,1.12,1.04,0.86,0.75,0.64,0.50,0.40,0.33,0.31,0.25,0.24,0.21,0.16,0.15,0.12,0.11,0.10,0.09,0.08,0.07,0.06,0.05,0.05,0.04,0.03,0.03,0.02,0.02,0.02,0.01,0.01,0.01",1.00,12,12,31,
682,Stage4,24.87,16.94,16.94,,16.93,10.23;11.45;12.23;12.79;13.20;13.49;13.69;13.81;13.93;14.08;14.25;14.42;14.58;14.70;14.79;14.85;14.92;15.00;15.10;15.20;15.29;15.37;15.43;15.47;15.51;15.57;15.64;15.71;15.78;15.84;15.88;15.91;15.94;15.99;16.04;16.10,,,12,12,31,"31,31,31,31,31,31,31,31,31,31,31,31,31,31,31,31,31,31,31,31,31,31,31,31,31,31,31,31,31,31,31,31,31,31,31,31"
683,Stage1,22.48,,,,,,,,12,,,
683,Stage2,22.48,16.94,,,,,,,12,12,,
683,PowerOpt,22.48,16.94,16.94,,,,"61.90,35.89,33.77,18.68,17.97,13.94,11.53,7.88,6.93,5.55,4.90,4.43,4.35,4.01,3.63,2.45,2.39,2.15,1.91,1.33,1.07,0.96,0.89,0.79,0.72,0.61,0.52,0.46,0.44,0.39,0.36,0.31,0.27,0.25,0.21,0.20,0.19,0.19,0.17,0.16,0.13,0.12,0.11,0.09,0.09,0.08,0.07,0.06,0.06,0.05,0.04,0.04,0.03,0.03,0.03,0.02,0.02,0.02,0.02,0.01,0.01",1.00,12,12,,
683,Stage3,22.48,16.94,16.94,16.99,,,,,12,12,31,
683,Stage3_PowerOpt,22.48,16.94,16.94,,16.99,,"22.07,9.71,7.53,6.27,4.73,2.68,1.81,1.65,1.26,1.15,0.80,0.67,0.65,0.61,0.40,0.32,0.24,0.19,0.18,0.16,0.15,0.12,0.09,0.08,0.06,0.06,0.05,0.04,0.04,0.04,0.03,0.03,0.02,0.02,0.02,0.01,0.01",1.00,12,12,31,
683,Stage4,22.48,16.94,16.94,,16.99,10.18;11.46;12.26;12.84;13.26;13.57;13.78;13.92;14.04;14.18;14.35;14.51;14.67;14.79;14.89;14.96;15.02;15.10;15.19;15.29;15.39;15.47;15.53;15.57;15.61;15.67;15.74;15.81;15.87;15.93;15.97;16.00;16.04;16.08;16.13;16.18,,,12,12,31,"31,31,31,31,31,31,31,31,31,31,31,31,31,31,31,31,31,31,31,31,31,31,31,31,31,31,31,31,31,31,31,31,31,31,31,31"
684,Stage1,33.66,,,,,,,,0,,,
684,Stage2,33.66,15.97,,,,,,,0,12,,
684,PowerOpt,33.66,15.97,15.97,,,,"168.44,47.59,21.81,9.72,3.76,1.94,1.25,0.77,0.37,0.10,0.07,0.03,0.02,0.02,0.02,0.01",1.00,0,12,,
684,Stage3,33.66,15.97,15.97,16.06,,,,,0,12,31,
684,Stage3_PowerOpt,33.66,15.97,15.97,,16.06,,"41.83,11.54,6.20,2.21,0.96,0.50,0.29,0.19,0.09,0.05,0.04,0.03,0.02,0.02,0.01",1.00,0,12,31,
684,Stage4,33.66,15.97,15.97,,16.06,8.40;9.94;10.96;11.71;12.25;12.62;12.86;13.00;13.07;13.19;13.36;13.54;13.72;13.87;13.97;14.03;14.07;14.14;14.24;14.35;14.45;14.54;14.60;14.64;14.67;14.72;14.79;14.87;14.94;15.00;15.04;15.07;15.09;15.14;15.19;15.25;15.31,,,0,12,31,"31,31,31,31,31,31,31,31,31,31,31,31,31,31,31,31,31,31,31,31,31,31,31,31,31,31,31,31,31,31,31,31,31,31,31,31,31"
685,Stage1,29.72,,,,,,,,0,,,
685,Stage2,29.72,15.80,,,,,,,0,12,,
685,PowerOpt,29.72,15.80,15.80,,,,"133.63,80.25,22.24,12.66,4.56,0.93,0.58,0.51,0.25,0.12,0.10,0.04,0.03,0.03,0.02",1.00,0,12,,
685,Stage3,29.72,15.80,15.80,15.94,,,,,0,12,31,
685,Stage3_PowerOpt,29.72,15.80,15.80,,15.94,,"32.67,19.34,5.73,3.01,1.18,1.17,0.27,0.23,0.14,0.06,0.05,0.04,0.03,0.02,0.02,0.01,0.01",1.00,0,12,31,
685,Stage4,29.72,15.80,15.80,,15.94,7.10;8.92;10.14;11.04;11.70;12.18;12.53;12.76;12.81;12.90;13.05;13.24;13.43;13.60;13.74;13.84;13.87;13.94;14.03;14.14;14.25;14.35;14.43;14.48;14.51;14.56;14.63;14.71;14.79;14.86;14.91;14.94;14.97;15.01;15.07;15.13;15.19,,,0,12,31,"31,31,31,31,31,31,31,31,31,31,31,31,31,31,31,31,31,31,31,31,31,31,31,31,31,31,31,31,31,31,31,31,31,31,31,31,31"
686,Stage1,22.56,,,,,,,,15,,,
686,Stage2,22.56,16.90,,,,,,,15,12,,
686,PowerOpt,22.56,16.90,16.90,,,,"62.56,51.85,16.73,15.69,14.38,12.03,10.22,8.11,6.83,6.18,4.46,4.18,3.92,3.64,3.06,2.74,2.47,2.15,2.10,1.90,1.69,1.36,1.29,1.17,1.11,1.06,1.05,0.96,0.91,0.85,0.83,0.70,0.64,0.54,0.51,0.50,0.44,0.41,0.37,0.34,0.33,0.29,0.29,0.26,0.23,0.23,0.21,0.19,0.17,0.16,0.15,0.14,0.13,0.12,0.11,0.10,0.09,0.09,0.08,0.07,0.06,0.06,0.05,0.04,0.04,0.04,0.03,0.03,0.03,0.02,0.02,0.02,0.02,0.02,0.01,0.01,0.01",1.00,15,12,,
686,Stage3,22.56,16.90,16.90,17.09,,,,,15,12,31,
686,Stage3_PowerOpt,22.56,16.90,16.90,,17.09,,"25.10,15.45,6.34,4.59,3.43,1.30,1.15,0.92,0.78,0.61,0.46,0.44,0.39,0.32,0.31,0.26,0.23,0.22,0.19,0.17,0.17,0.13,0.11,0.11,0.09,0.09,0.08,0.07,0.07,0.06,0.04,0.04,0.04,0.03,0.03,0.03,0.02,0.02,0.02,0.02,0.01,0.01",1.00,15,12,31,
686,Stage4,22.56,16.90,16.90,,17.09,9.62;11.11;12.08;12.77;13.27;13.62;13.86;14.00;14.07;14.20;14.37;14.56;14.73;14.87;14.97;15.04;15.08;15.15;15.25;15.36;15.46;15.55;15.61;15.65;15.68;15.74;15.81;15.88;15.96;16.02;16.06;16.09;16.12;16.16;16.21;16.27,,,15,12,31,"31,31,31,31,31,31,31,31,31,31,31,31,31,31,31,31,31,31,31,31,31,31,31,31,31,31,31,31,31,31,31,31,31,31,31,31"
687,Stage1,25.60,,,,,,,,15,,,
687,Stage2,25.60,16.93,,,,,,,15,15,,
687,PowerOpt,25.60,16.93,16.93,,,,"101.85,47.13,29.64,14.02,12.91,5.95,5.83,5.01,4.80,3.98,3.05,2.42,1.90,1.63,1.40,1.33,1.22,1.17,1.04,0.91,0.77,0.73,0.57,0.54,0.50,0.47,0.43,0.41,0.39,0.32,0.30,0.25,0.24,0.22,0.21,0.19,0.18,0.15,0.15,0.15,0.13,0.12,0.11,0.10,0.08,0.08,0.07,0.07,0.06,0.06,0.05,0.05,0.04,0.04,0.04,0.04,0.03,0.03,0.03,0.03,0.02,0.02,0.02,0.02,0.02,0.02,0.01,0.01,0.01,0.01,0.01,0.01",1.00,15,15,,
687,Stage3,25.60,16.93,16.93,17.11,,,,,15,15,31,
687,Stage3_PowerOpt,25.60,16.93,16.93,,17.11,,"23.55,15.31,7.60,4.17,3.33,1.92,1.46,1.14,1.03,0.85,0.66,0.45,0.37,0.33,0.27,0.20,0.18,0.15,0.13,0.12,0.10,0.08,0.07,0.06,0.06,0.05,0.05,0.04,0.04,0.03,0.03,0.03,0.02,0.02,0.02,0.01,0.01,0.01",1.00,15,15,31,
687,Stage4,25.60,16.93,16.93,,17.11,10.00;11.39;12.28;12.92;13.38;13.70;13.91;14.04;14.14;14.28;14.45;14.63;14.79;14.93;15.02;15.08;15.14;15.22;15.31;15.42;15.52;15.60;15.66;15.70;15.73;15.79;15.86;15.94;16.01;16.06;16.10;16.13;16.16;16.21;16.26,,,15,15,31,"31,31,31,31,31,31,31,31,31,31,31,31,31,31,31,31,31,31,31,31,31,31,31,31,31,31,31,31,31,31,31,31,31,31,31"
688,Stage1,22.49,,,,,,,,15,,,
688,Stage2,22.49,16.94,,,,,,,15,15,,
688,PowerOpt,22.49,16.94,16.94,,,,"71.10,40.35,26.38,15.48,12.77,10.45,10.01,8.85,7.53,6.52,6.35,4.68,3.30,3.12,2.97,2.47,2.16,1.73,1.62,1.58,1.22,1.19,1.16,1.09,0.95,0.91,0.85,0.81,0.77,0.74,0.69,0.60,0.55,0.52,0.47,0.38,0.34,0.28,0.27,0.23,0.23,0.22,0.18,0.16,0.15,0.15,0.14,0.13,0.11,0.10,0.09,0.08,0.07,0.07,0.06,0.06,0.05,0.05,0.04,0.04,0.04,0.04,0.03,0.03,0.02,0.02,0.02,0.02,0.02,0.01,0.01,0.01,0.01",1.00,15,15,,
688,Stage3,22.49,16.94,16.94,17.08,,,,,15,15,31,
688,Stage3_PowerOpt,22.49,16.94,16.94,,17.08,,"19.05,15.08,7.11,5.59,3.30,2.76,2.31,1.74,1.25,0.79,0.68,0.51,0.44,0.39,0.36,0.31,0.28,0.26,0.24,0.19,0.16,0.14,0.13,0.12,0.11,0.10,0.08,0.07,0.07,0.06,0.05,0.05,0.04,0.03,0.03,0.02,0.02,0.01,0.01",1.00,15,15,31,
688,Stage4,22.49,16.94,16.94,,17.08,9.87;11.12;11.98;12.64;13.16;13.54;13.80;13.97;14.06;14.18;14.34;14.51;14.69;14.83;14.94;15.02;15.07;15.14;15.23;15.34;15.44;15.53;15.60;15.64;15.68;15.73;15.80;15.88;15.95;16.01;16.06;16.09;16.12;16.16;16.21;16.27,,,15,15,31,"31,31,31,31,31,31,31,31,31,31,31,31,31,31,31,31,31,31,31,31,31,31,31,31,31,31,31,31,31,31,31,31,31,31,31,31"
689,Stage1,27.22,,,,,,,,15,,,
689,Stage2,27.22,16.89,,,,,,,15,15,,
689,PowerOpt,27.22,16.89,16.89,,,,"81.38,42.16,35.07,17.02,10.91,10.62,7.79,5.70,4.94,3.52,3.50,2.92,2.62,2.45,2.39,2.12,2.03,1.89,1.84,1.82,1.27,1.18,1.06,0.94,0.92,0.77,0.66,0.60,0.52,0.50,0.45,0.41,0.38,0.37,0.35,0.32,0.30,0.25,0.22,0.21,0.15,0.13,0.12,0.11,0.10,0.09,0.08,0.08,0.07,0.07,0.06,0.05,0.05,0.04,0.04,0.04,0.04,0.03,0.03,0.03,0.03,0.02,0.02,0.02,0.02,0.01,0.01",1.00,15,15,,
689,Stage3,27.22,16.89,16.89,16.99,,,,,15,15,31,
689,Stage3_PowerOpt,27.22,16.89,16.89,,16.99,,"20.57,13.30,10.86,5.21,2.80,2.38,1.22,0.95,0.93,0.81,0.66,0.51,0.45,0.37,0.35,0.32,0.31,0.27,0.23,0.20,0.17,0.15,0.14,0.12,0.11,0.09,0.07,0.06,0.05,0.05,0.04,0.03,0.03,0.03,0.02,0.02,0.02,0.02,0.01",1.00,15,15,31,
689,Stage4,27.22,16.89,16.89,,16.99,5.58;8.01;10.15;11.60;12.57;13.19;13.55;13.75;13.75;13.80;13.93;14.16;14.42;14.64;14.79;14.87;14.87;14.91;15.00;15.14;15.29;15.42;15.50;15.54;15.55;15.59;15.66;15.76;15.86;15.95;16.00;16.02;16.03;16.07;16.13;16.20,,,15,15,31,"31,31,31,31,31,31,31,31,31,31,31,31,31,31,31,31,31,31,31,31,31,31,31,31,31,31,31,31,31,31,31,31,31,31,31,31"
690,Stage1,22.44,,,,,,,,11,,,
690,Stage2,22.44,16.83,,,,,,,11,15,,
690,PowerOpt,22.44,16.83,16.83,,,,"127.31,49.20,30.09,14.43,12.17,10.64,4.01,1.84,0.99,0.62,0.59,0.55,0.52,0.43,0.38,0.25,0.24,0.19,0.18,0.16,0.14,0.13,0.13,0.11,0.08,0.07,0.06,0.05,0.05,0.04,0.03,0.03,0.03,0.03,0.03,0.02,0.02,0.02,0.01,0.01,0.01",1.00,11,15,,
690,Stage3,22.44,16.83,16.83,16.83,,,,,11,15,31,
690,Stage3_PowerOpt,22.44,16.83,16.83,,16.83,,"28.24,15.40,7.26,4.32,3.40,2.62,1.21,0.57,0.22,0.16,0.10,0.08,0.06,0.05,0.05,0.04,0.04,0.03,0.02,0.02,0.01,0.01,0.01",1.00,11,15,31,
690,Stage4,22.44,16.83,16.83,,16.83,8.79;10.33;11.39;12.19;12.77;13.18;13.46;13.62;13.69;13.81;13.97;14.16;14.35;14.51;14.63;14.71;14.75;14.82;14.91;15.03;15.14;15.24;15.31;15.35;15.39;15.44;15.51;15.59;15.67;15.74;15.79;15.82;15.85;15.89;15.94;16.01,,,11,15,31,"31,31,31,31,31,31,31,31,31,31,31,31,31,31,31,31,31,31,31,31,31,31,31,31,31,31,31,31,31,31,31,31,31,31,31,31"
691,Stage1,24.10,,,,,,,,11,,,
691,Stage2,24.10,17.09,,,,,,,11,11,,
691,PowerOpt,24.10,17.09,17.09,,,,"170.07,44.42,16.76,5.99,4.79,4.02,3.88,2.47,1.06,0.42,0.41,0.38,0.30,0.25,0.19,0.13,0.11,0.07,0.07,0.03,0.02,0.02,0.01",1.00,11,11,,
691,Stage3,24.10,17.09,17.09,17.00,,,,,11,11,30,
691,Stage3_PowerOpt,24.10,17.09,17.09,,17.00,,"40.45,10.41,5.42,3.51,1.40,0.95,0.55,0.35,0.30,0.17,0.14,0.10,0.04,0.04,0.03,0.03,0.02,0.02,0.01",1.00,11,11,30,
691,Stage4,24.10,17.09,17.09,,17.00,9.26;10.60;11.48;12.16;12.68;13.09;13.41;13.66;13.75;13.88;14.04;14.21;14.38;14.54;14.67;14.78;14.84;14.92;15.02;15.12;15.22;15.32;15.40;15.47;15.52;15.58;15.65;15.72;15.79;15.86;15.92;15.96;16.00;16.05;16.10;16.16,,,11,11,30,"30,30,30,30,30,30,30,30,30,30,30,30,30,30,30,30,30,30,30,30,30,30,30,30,30,30,30,30,30,30,30,30,30,30,30,30"
692,Stage1,23.96,,,,,,,,11,,,
692,Stage2,23.96,17.26,,,,,,,11,11,,
692,PowerOpt,23.96,17.26,17.26,,,,"152.07,44.63,23.79,11.66,9.54,6.57,2.11,1.90,0.78,0.68,0.63,0.46,0.35,0.33,0.11,0.06,0.05,0.05,0.04,0.03,0.02,0.02,0.01",1.00,11,11,,
692,Stage3,23.96,17.26,17.26,16.98,,,,,11,11,22,
692,Stage3_PowerOpt,23.96,17.26,17.26,,16.98,,"34.59,7.55,6.49,5.48,2.21,1.92,1.68,1.45,1.02,0.49,0.30,0.22,0.13,0.12,0.08,0.07,0.06,0.04,0.04,0.02,0.01",1.00,11,11,22,
692,Stage4,23.96,17.26,17.26,,16.98,8.33;9.94;11.09;11.97;12.65;13.15;13.52;13.77;13.82;13.91;14.06;14.24;14.43;14.61;14.76;14.86;14.90;14.96;15.05;15.16;15.28;15.38;15.46;15.52;15.55;15.61;15.68;15.76;15.83;15.90;15.95;15.99;16.02;16.06;16.12;16.18,,,11,11,22,"22,22,22,22,22,22,22,22,22,22,22,22,22,22,22,22,22,22,22,22,22,22,22,22,22,22,22,22,22,22,22,22,22,22,22,22"
693,Stage1,26.35,,,,,,,,11,,,
693,Stage2,26.35,17.27,,,,,,,11,11,,
693,PowerOpt,26.35,17.27,17.27,,,,"207.83,20.50,8.90,7.95,3.50,2.20,1.71,1.41,0.65,0.32,0.24,0.18,0.14,0.11,0.10,0.07,0.03,0.02,0.02,0.01,0.01",1.00,11,11,,
693,Stage3,26.35,17.27,17.27,17.21,,,,,11,11,22,
693,Stage3_PowerOpt,26.35,17.27,17.27,,17.21,,"29.65,15.02,6.54,3.28,3.10,2.48,1.46,1.05,0.52,0.29,0.23,0.19,0.07,0.04,0.04,0.03,0.01",1.00,11,11,22,
693,Stage4,26.35,17.27,17.27,,17.21,9.73;10.97;11.80;12.44;12.97;13.39;13.72;13.98;14.07;14.19;14.33;14.49;14.65;14.81;14.94;15.06;15.11;15.18;15.27;15.36;15.46;15.55;15.64;15.71;15.75;15.80;15.86;15.93;16.00;16.07;16.12;16.17;16.20;16.25;16.30;16.35,,,11,11,22,"22,22,22,22,22,22,22,22,22,22,22,22,22,22,22,22,22,22,22,22,22,22,22,22,22,22,22,22,22,22,22,22,22,22,22,22"
694,Stage1,32.75,,,,,,,,"9,4,9",,,
694,Stage2,32.75,26.90,,,,,,,"9,4,9",13,,
694,PowerOpt,32.75,26.90,26.90,,,,"224.36,26.37,3.20,1.59,0.19,0.15,0.06,0.02","2.98,0.02,0.00","9,4,9",13,,
694,Stage3,32.75,26.90,26.90,26.74,,,,,"9,4,9",13,"51,56,50,50,56",
694,Stage3_PowerOpt,32.75,26.90,26.90,,26.74,,"56.05,6.54,0.81,0.40,0.10,0.05,0.02,0.02","2.98,0.02,0.01","9,4,9",13,"51,56,50,50,56",
694,Stage4,32.75,26.90,26.90,,26.74,8.63;11.94;13.11;14.15;15.11;16.25;17.06;17.77;18.39;18.75;19.07;19.34;19.63;19.99;20.33;20.75;21.06;21.27;21.65;21.65;21.98;22.11;22.38;22.69;22.92;22.85;23.07;23.39;23.39;23.56;23.80;23.90;24.10;24.25;24.22;24.21;24.39;24.62;24.78;24.88;24.91;24.93;24.88;25.02;25.21;25.31;25.49,,,"9,4,9",13,"51,56,50,50,56","50,50,50,50,56,50,50,56,56,56,56,50,56,50,50,50,50,50,50,56,50,50,56,50,56,50,56,56,56,51,56,50,56,56,56,50,56,56,56,56,56,56,50,56,56,56,56"
695,Stage1,34.19,,,,,,,,"13,1,5",,,
695,Stage2,34.19,24.41,,,,,,,"13,1,5",13,,
695,PowerOpt,34.19,24.41,24.41,,,,"193.82,46.43,10.90,3.94,0.40,0.25,0.11,0.05,0.01","2.99,0.01,0.00","13,1,5",13,,
695,Stage3,34.19,24.41,24.41,23.95,,,,,"13,1,5",13,"59,56,59",
695,Stage3_PowerOpt,34.19,24.41,24.41,,23.95,,"48.32,11.58,2.73,0.98,0.20,0.11,0.04,0.03","2.99,0.01,0.00","13,1,5",13,"59,56,59",
695,Stage4,34.19,24.41,24.41,,23.95,7.51;11.53;13.21;14.13;15.10;15.73;16.14;16.59;16.95;17.23;17.48;17.73;17.96;18.20;18.44;18.70;18.94;19.10;19.26;19.40;19.55;19.71;19.89;20.09;20.25;20.63;20.52;20.85;20.75;21.05;21.09;21.23;21.55;21.41;21.54;21.55;21.93;21.74;21.93;22.02;22.31;22.42;22.38;22.33;22.39;22.51;22.57;22.78,,,"13,1,5",13,"59,56,59","59,56,59,56,59,56,56,59,59,59,56,59,59,59,59,56,56,59,56,59,59,59,59,59,59,59,56,59,56,59,56,59,56,56,56,59,56,56,59,56,56,56,56,56,59,56,56,56"
696,Stage1,34.51,,,,,,,,"1,13,9,13",,,
696,Stage2,34.51,29.80,,,,,,,"1,13,9,13",1,,
696,PowerOpt,34.51,29.80,29.80,,,,"206.69,44.23,2.15,1.24,1.11,0.17,0.07,0.06,0.05,0.04,0.02,0.02,0.02,0.01","3.97,0.02,0.01,0.00","1,13,9,13",1,,
696,Stage3,34.51,29.80,29.80,28.60,,,,,"1,13,9,13",1,"59,56,59,17,59",
696,Stage3_PowerOpt,34.51,29.80,29.80,,28.60,,"52.13,10.92,0.54,0.26,0.09,0.01,0.01,0.01","3.98,0.01,0.00,0.00","1,13,9,13",1,"59,56,59,17,59",
696,Stage4,34.51,29.80,29.80,,28.60,7.44;12.64;14.55;15.57;16.86;17.83;18.82;19.54;20.23;20.53;20.83;21.20;21.47;21.77;22.03;22.52;22.88;23.09;23.29;23.48;23.64;23.86;24.03;24.36;24.61;24.76;24.88;25.02;25.15;25.33;25.45;25.62;25.77;25.92;25.98;26.13;26.28;26.47;26.52;26.64;26.81;26.98;27.08;27.16;27.27,,,"1,13,9,13",1,"59,56,59,17,59","56,59,59,56,59,59,59,56,59,59,56,59,59,59,59,56,56,59,56,59,56,59,59,56,56,56,59,56,59,59,56,56,59,59,59,56,59,59,17,56,59,56,17,17,17"
697,Stage1,41.19,,,,,,,,"0,9",,,
697,Stage2,41.19,25.90,,,,,,,"0,9",4,,
697,PowerOpt,41.19,25.90,25.90,,,,"150.55,64.18,11.82,3.79,2.43,2.29,2.11,2.00,1.95,1.83,1.79,1.51,1.38,1.23,1.07,1.03,0.94,0.64,0.55,0.50,0.46,0.33,0.30,0.28,0.21,0.14,0.12,0.08,0.07,0.07,0.05,0.04,0.03,0.03,0.03,0.02,0.02,0.02,0.02,0.02,0.01,0.01","1.94,0.06","0,9",4,,
697,Stage3,41.19,25.90,25.90,24.49,,,,,"0,9",4,"56,17,56",
697,Stage3_PowerOpt,41.19,25.90,25.90,,24.49,,"40.91,15.90,3.24,0.58,0.45,0.42,0.30,0.28,0.26,0.24,0.22,0.19,0.18,0.16,0.15,0.12,0.09,0.07,0.06,0.04,0.04,0.03,0.02,0.02,0.01","1.97,0.03","0,9",4,"56,17,56",
697,Stage4,41.19,25.90,25.90,,24.49,9.46;12.89;15.04;15.97;16.86;17.60;18.11;18.57;18.93;19.24;19.49;19.71;19.94;20.15;20.35;20.56;20.75;20.92;21.06;21.19;21.32;21.45;21.58;21.70;21.82;21.95;22.06;22.15;22.25;22.34;22.43;22.53;22.62;22.71;22.80;22.87;22.95;23.02;23.08;23.16;23.24;23.31,,,"0,9",4,"56,17,56","56,17,56,56,17,56,56,17,56,17,17,56,17,56,17,56,56,17,17,17,17,56,56,56,56,17,56,17,17,56,17,56,56,17,56,56,56,56,17,56,17,17"
698,Stage1,47.64,,,,,,,,"1,13,5",,,
698,Stage2,47.64,36.44,,,,,,,"1,13,5",1,,
698,PowerOpt,47.64,36.44,36.44,,,,"102.03,54.80,41.25,17.83,14.46,13.97,2.44,2.32,2.13,1.52,0.41,0.34,0.29,0.28,0.24,0.16,0.14,0.13,0.12,0.10,0.09,0.08,0.08,0.07,0.07,0.07,0.06,0.06,0.05,0.04,0.04,0.03,0.03,0.03,0.03,0.02,0.02,0.02,0.01,0.01,0.01,0.01","1.92,1.00,0.08","1,13,5",1,,
698,Stage3,47.64,36.44,36.44,34.04,,,,,"1,13,5",1,"8,11,56",
698,Stage3_PowerOpt,47.64,36.44,36.44,,34.04,,"24.46,15.93,9.57,4.28,4.12,3.17,0.59,0.53,0.48,0.45,0.14,0.06,0.06,0.04,0.02,0.01,0.01,0.01","1.93,1.00,0.07","1,13,5",1,"8,11,56",
698,Stage4,47.64,36.44,36.44,,34.04,8.42;15.08;18.74;20.51;21.75;23.01;23.90;24.63;25.31;25.80;26.17;26.50;26.81;27.12;27.46;27.81;28.13;28.40;28.61;28.81;28.99;29.19;29.39;29.61;29.83;30.00;30.15;30.29;30.43;30.56;30.73;30.89;31.06;31.20;31.32;31.42;31.53;31.63;31.75;31.89;32.03;32.14;32.24;32.33;32.41,,,"1,13,5",1,"8,11,56","8,11,56,8,11,56,8,56,11,56,11,8,11,56,8,11,56,11,56,8,56,8,56,11,11,8,11,56,8,56,8,56,11,56,11,56,8,11,8,56,11,56,11,8,56"
699,Stage1,38.57,,,,,,,,"1,13,5",,,
699,Stage2,38.57,32.36,,,,,,,"1,13,5",1,,
699,PowerOpt,38.57,32.36,32.36,,,,"182.67,39.86,10.32,9.57,5.12,4.27,1.56,0.95,0.57,0.45,0.24,0.13,0.07,0.04,0.03,0.02,0.02,0.01","2.86,0.09,0.05","1,13,5",1,,
699,Stage3,38.57,32.36,32.36,30.17,,,,,"1,13,5",1,"18,56,17,19,56",
699,Stage3_PowerOpt,38.57,32.36,32.36,,30.17,,"45.56,10.58,2.52,2.26,1.34,0.76,0.38,0.20,0.13,0.12,0.06,0.03,0.02,0.01","2.87,0.08,0.04","1,13,5",1,"18,56,17,19,56",
699,Stage4,38.57,32.36,32.36,,30.17,8.20;12.01;15.11;17.27;18.61;19.61;20.40;21.18;21.72;22.26;22.64;23.00;23.31;23.63;24.00;24.33;24.60;24.85;25.07;25.30;25.51;25.67;25.89;26.12;26.30;26.46;26.64;26.77;26.94;27.06;27.21;27.37;27.50;27.63;27.75;27.89;27.99;28.08;28.20;28.33;28.42;28.55;28.63;28.75,,,"1,13,5",1,"18,56,17,19,56","18,56,17,19,17,56,17,19,19,56,17,19,56,19,17,17,19,56,17,19,56,19,56,17,19,56,17,17,19,56,19,17,19,56,17,19,56,56,17,19,56,19,19,17"
700,Stage1,33.69,,,,,,,,4,,,
700,Stage2,33.69,16.40,,,,,,,4,4,,
700,PowerOpt,33.69,16.40,16.40,,,,"171.75,50.53,22.88,4.72,1.94,1.91,1.10,0.45,0.19,0.13,0.12,0.04,0.03,0.03,0.02,0.02,0.02,0.01",1.00,4,4,,
700,Stage3,33.69,16.40,16.40,16.54,,,,,4,4,17,
700,Stage3_PowerOpt,33.69,16.40,16.40,,16.54,,"43.69,12.82,5.39,1.12,0.48,0.28,0.11,0.04,0.03,0.02",1.00,4,4,17,
700,Stage4,33.69,16.40,16.40,,16.54,8.02;10.94;11.71;12.25;12.67;13.01;13.29;13.52;13.71;13.84;13.97;14.08;14.19;14.30;14.41;14.53;14.62;14.70;14.77;14.84;14.90;14.97;15.04;15.11;15.18;15.23;15.28;15.33;15.38;15.42;15.47;15.53;15.58;15.62;15.66;15.70;15.73,,,4,4,17,"17,17,17,17,17,17,17,17,17,17,17,17,17,17,17,17,17,17,17,17,17,17,17,17,17,17,17,17,17,17,17,17,17,17,17,17,17"
701,Stage1,40.42,,,,,,,,"9,4",,,
701,Stage2,40.42,25.91,,,,,,,"9,4",4,,
701,PowerOpt,40.42,25.91,25.91,,,,"116.60,72.07,29.00,19.89,9.17,4.29,2.31,0.97,0.59,0.44,0.16,0.12,0.08,0.08,0.03,0.02,0.02,0.02,0.02,0.01,0.01,0.01","1.97,0.03","9,4",4,,
701,Stage3,40.42,25.91,25.91,25.68,,,,,"9,4",4,17,
701,Stage3_PowerOpt,40.42,25.91,25.91,,25.68,,"27.41,19.55,7.46,4.82,2.41,1.12,0.61,0.26,0.14,0.12,0.04,0.02,0.02","1.97,0.03","9,4",4,17,
701,Stage4,40.42,25.91,25.91,,25.68,9.61;13.42;15.30;16.62;17.61;18.39;19.02;19.54;19.89;20.16;20.41;20.65;20.88;21.10;21.32;21.55;21.74;21.90;22.05;22.19;22.32;22.46;22.60;22.74;22.88;22.99;23.10;23.20;23.30;23.40;23.50;23.60;23.71;23.79;23.88;23.96;24.03;24.11;24.19;24.27;24.36;24.43,,,"9,4",4,17,"17,17,17,17,17,17,17,17,17,17,17,17,17,17,17,17,17,17,17,17,17,17,17,17,17,17,17,17,17,17,17,17,17,17,17,17,17,17,17,17,17,17"
702,Stage1,45.12,,,,,,,,"4,0",,,
702,Stage2,45.12,26.91,,,,,,,"4,0",4,,
702,PowerOpt,45.12,26.91,26.91,,,,"152.51,46.59,19.09,12.02,5.29,4.50,3.72,2.79,2.41,2.22,1.04,0.76,0.65,0.52,0.40,0.31,0.28,0.26,0.14,0.08,0.06,0.05,0.04,0.03,0.02,0.02,0.02,0.02,0.02,0.01,0.01","1.95,0.05","4,0",4,,
702,Stage3,45.12,26.91,26.91,25.35,,,,,"4,0",4,"25,25,56,25",
702,Stage3_PowerOpt,45.12,26.91,26.91,,25.35,,"40.54,12.98,3.92,1.63,1.41,0.89,0.65,0.52,0.34,0.32,0.23,0.14,0.11,0.08,0.06,0.06,0.03,0.01,0.01,0.01","1.97,0.03","4,0",4,"25,25,56,25",
702,Stage4,45.12,26.91,26.91,,25.35,8.84;13.06;15.50;16.62;17.47;18.13;18.68;19.15;19.53;19.85;20.10;20.34;20.57;20.78;20.98;21.20;21.40;21.58;21.73;21.88;22.02;22.15;22.28;22.44;22.58;22.71;22.82;22.92;23.01;23.11;23.20;23.33;23.43;23.53;23.61;23.69;23.76;23.84;23.92;24.01;24.09,,,"4,0",4,"25,25,56,25","25,56,25,25,25,25,25,25,56,25,25,25,56,25,25,25,25,56,25,25,56,25,56,25,25,56,25,25,56,25,25,25,25,56,25,25,56,25,25,25,25"
703,Stage1,43.03,,,,,,,,5,,,
703,Stage2,43.03,16.47,,,,,,,5,4,,
703,PowerOpt,43.03,16.47,16.47,,,,"161.30,32.71,26.90,14.82,7.04,6.97,3.52,0.87,0.54,0.49,0.24,0.15,0.09,0.08,0.04,0.03,0.03,0.02,0.02,0.02,0.01,0.01",1.00,5,4,,
703,Stage3,43.03,16.47,16.47,16.42,,,,,5,4,25,
703,Stage3_PowerOpt,43.03,16.47,16.47,,16.42,,"44.90,9.13,6.52,1.75,0.95,0.24,0.13,0.13,0.07,0.06,0.04,0.02",1.00,5,4,25,
703,Stage4,43.03,16.47,16.47,,16.42,8.02;10.89;11.65;12.17;12.56;12.88;13.14;13.36;13.55;13.70;13.83;13.95;14.06;14.16;14.27;14.37;14.47;14.56;14.63;14.70;14.77;14.83;14.90;14.96;15.03;15.09;15.15;15.20;15.25;15.29;15.34;15.39;15.44;15.49;15.53;15.57;15.61,,,5,4,25,"25,25,25,25,25,25,25,25,25,25,25,25,25,25,25,25,25,25,25,25,25,25,25,25,25,25,25,25,25,25,25,25,25,25,25,25,25"
704,Stage1,37.95,,,,,,,,5,,,
704,Stage2,37.95,16.60,,,,,,,5,4,,
704,PowerOpt,37.95,16.60,16.60,,,,"145.59,49.80,35.31,10.54,9.97,1.63,1.24,0.62,0.52,0.43,0.07,0.06,0.04,0.03,0.02,0.02",1.00,5,4,,
704,Stage3,37.95,16.60,16.60,16.77,,,,,5,4,25,
704,Stage3_PowerOpt,37.95,16.60,16.60,,16.77,,"36.93,12.69,8.27,2.61,2.40,0.40,0.29,0.15,0.12,0.06,0.02,0.01",1.00,5,4,25,
704,Stage4,37.95,16.60,16.60,,16.77,7.86;11.11;11.89;12.44;12.85;13.17;13.44;13.67;13.86;14.00;14.13;14.25;14.37;14.47;14.58;14.69;14.79;14.87;14.95;15.02;15.09;15.16;15.23;15.30;15.36;15.42;15.48;15.53;15.58;15.63;15.68;15.73;15.78;15.83;15.87;15.91;15.95,,,5,4,25,"25,25,25,25,25,25,25,25,25,25,25,25,25,25,25,25,25,25,25,25,25,25,25,25,25,25,25,25,25,25,25,25,25,25,25,25,25"
705,Stage1,38.85,,,,,,,,"4,0,9",,,
705,Stage2,38.85,32.42,,,,,,,"4,0,9",4,,
705,PowerOpt,38.85,32.42,32.42,,,,"157.95,50.36,32.45,5.91,4.98,1.54,0.86,0.76,0.46,0.25,0.20,0.08,0.04,0.03,0.02,0.02,0.02,0.01","2.82,0.18,0.00","4,0,9",4,,
705,Stage3,38.85,32.42,32.42,32.51,,,,,"4,0,9",4,25,
705,Stage3_PowerOpt,38.85,32.42,32.42,,32.51,,"39.71,12.68,8.01,1.45,1.20,0.30,0.22,0.18,0.11,0.05,0.05,0.02","2.82,0.18,0.00","4,0,9",4,25,
705,Stage4,38.85,32.42,32.42,,32.51,10.22;15.36;17.68;19.21;20.45;21.46;22.34;23.15;23.65;24.06;24.45;24.81;25.14;25.44;25.77;26.15;26.45;26.72;26.96;27.18;27.38;27.57;27.80;28.08;28.30;28.50;28.67;28.82;28.97;29.11;29.28;29.47;29.66;29.81;29.94;30.06;30.17;30.28;30.40;30.54;30.69;30.80;30.90,,,"4,0,9",4,25,"25,25,25,25,25,25,25,25,25,25,25,25,25,25,25,25,25,25,25,25,25,25,25,25,25,25,25,25,25,25,25,25,25,25,25,25,25,25,25,25,25,25,25"
706,Stage1,34.84,,,,,,,,"5,4,0",,,
706,Stage2,34.84,28.06,,,,,,,"5,4,0",4,,
706,PowerOpt,34.84,28.06,28.06,,,,"154.66,81.45,12.06,3.87,1.57,1.09,0.66,0.21,0.17,0.05,0.04,0.04,0.03,0.02,0.02","2.98,0.02,0.00","5,4,0",4,,
706,Stage3,34.84,28.06,28.06,27.92,,,,,"5,4,0",4,25,
706,Stage3_PowerOpt,34.84,28.06,28.06,,27.92,,"38.55,20.66,3.02,0.84,0.40,0.24,0.16,0.05,0.04,0.01","2.99,0.01,0.00","5,4,0",4,25,
706,Stage4,34.84,28.06,28.06,,27.92,4.99;14.08;16.12;17.21;18.08;18.77;19.44;19.96;20.39;20.74;21.05;21.32;21.60;21.88;22.18;22.44;22.72;22.91;23.10;23.28;23.45;23.62;23.79;23.99;24.21;24.37;24.51;24.65;24.77;24.88;25.00;25.16;25.29;25.42;25.52;25.63;25.74;25.84;25.93;26.06;26.13;26.25;26.35;26.44;26.50;26.60,,,"5,4,0",4,25,"25,25,25,25,25,25,25,25,25,25,25,25,25,25,25,25,25,25,25,25,25,25,25,25,25,25,25,25,25,25,25,25,25,25,25,25,25,25,25,25,25,25,25,25,25,25"
707,Stage1,35.11,,,,,,,,4,,,
707,Stage2,35.11,16.45,,,,,,,4,4,,
707,PowerOpt,35.11,16.45,16.45,,,,"189.28,56.04,5.71,3.04,1.01,0.33,0.18,0.13,0.08,0.08,0.03,0.02,0.01",1.00,4,4,,
707,Stage3,35.11,16.45,16.45,16.46,,,,,4,4,33,
707,Stage3_PowerOpt,35.11,16.45,16.45,,16.46,,"47.31,14.18,1.43,0.66,0.22,0.08,0.05,0.02,0.02",1.00,4,4,33,
707,Stage4,35.11,16.45,16.45,,16.46,7.93;10.87;11.61;12.14;12.56;12.90;13.19;13.44;13.64;13.79;13.91;14.01;14.12;14.22;14.33;14.44;14.55;14.64;14.71;14.77;14.83;14.90;14.96;15.03;15.11;15.17;15.22;15.26;15.31;15.35;15.40;15.45;15.51;15.56;15.59;15.63;15.66,,,4,4,33,"33,33,33,33,33,33,33,33,33,33,33,33,33,33,33,33,33,33,33,33,33,33,33,33,33,33,33,33,33,33,33,33,33,33,33,33,33"
708,Stage1,35.05,,,,,,,,4,,,
708,Stage2,35.05,16.48,,,,,,,4,4,,
708,PowerOpt,35.05,16.48,16.48,,,,"179.83,61.48,8.88,3.58,1.10,0.73,0.18,0.14,0.02,0.01",1.00,4,4,,
708,Stage3,35.05,16.48,16.48,16.48,,,,,4,4,33,
708,Stage3_PowerOpt,35.05,16.48,16.48,,16.48,,"45.18,15.25,2.19,0.85,0.26,0.17,0.04,0.04",1.00,4,4,33,
708,Stage4,35.05,16.48,16.48,,16.48,7.94;10.88;11.63;12.17;12.59;12.93;13.22;13.46;13.66;13.80;13.92;14.03;14.14;14.24;14.35;14.46;14.57;14.65;14.72;14.79;14.85;14.91;14.98;15.05;15.13;15.18;15.23;15.28;15.32;15.37;15.42;15.47;15.53;15.57;15.61;15.64;15.68,,,4,4,33,"33,33,33,33,33,33,33,33,33,33,33,33,33,33,33,33,33,33,33,33,33,33,33,33,33,33,33,33,33,33,33,33,33,33,33,33,33"
709,Stage1,30.49,,,,,,,,4,,,
709,Stage2,30.49,16.54,,,,,,,4,4,,
709,PowerOpt,30.49,16.54,16.54,,,,"162.62,79.20,13.12,0.45,0.41,0.09,0.02,0.01",1.00,4,4,,
709,Stage3,30.49,16.54,16.54,16.51,,,,,4,4,33,
709,Stage3_PowerOpt,30.49,16.54,16.54,,16.51,,"40.65,19.80,3.30,0.11,0.10,0.02",1.00,4,4,33,
709,Stage4,30.49,16.54,16.54,,16.51,7.96;10.89;11.64;12.18;12.60;12.95;13.24;13.48;13.68;13.82;13.94;14.05;14.16;14.26;14.37;14.49;14.59;14.67;14.74;14.81;14.87;14.93;15.00;15.07;15.15;15.21;15.25;15.30;15.35;15.39;15.44;15.49;15.55;15.59;15.63;15.67;15.70,,,4,4,33,"33,33,33,33,33,33,33,33,33,33,33,33,33,33,33,33,33,33,33,33,33,33,33,33,33,33,33,33,33,33,33,33,33,33,33,33,33"
712,Stage1,30.73,,,,,,,,"5,10",,,
712,Stage2,30.73,26.20,,,,,,,"5,10",15,,
712,PowerOpt,30.73,26.20,26.20,,,,"108.87,86.96,38.01,20.21,1.11,0.80","1.75,0.25","5,10",15,,
712,Stage3,30.73,26.20,26.20,26.22,,,,,"5,10",15,39,
712,Stage3_PowerOpt,30.73,26.20,26.20,,26.22,,"25.92,22.56,9.23,5.38,0.54,0.37","1.74,0.26","5,10",15,39,
712,Stage4,30.73,26.20,26.20,,26.22,8.03;13.44;15.50;16.86;17.91;18.73;19.37;19.96;20.25;20.54;20.81;21.05;21.28;21.53;21.76;22.03;22.19;22.36;22.51;22.64;22.78;22.94;23.08;23.26;23.38;23.49;23.59;23.69;23.79;23.90;24.01;24.14;24.23;24.31;24.39;24.46;24.55;24.63;24.72;24.82;24.89;24.96,,,"5,10",15,39,"39,39,39,39,39,39,39,39,39,39,39,39,39,39,39,39,39,39,39,39,39,39,39,39,39,39,39,39,39,39,39,39,39,39,39,39,39,39,39,39,39,39"
713,Stage1,40.87,,,,,,,,"9,1,1",,,
713,Stage2,40.87,30.42,,,,,,,"9,1,1",11,,
713,PowerOpt,40.87,30.42,30.42,,,,"44.83,39.98,29.30,23.28,18.09,14.58,13.00,11.93,10.52,8.48,7.30,6.66,4.57,4.16,3.70,2.86,2.24,2.21,1.88,1.47,1.23,1.17,0.65,0.56,0.40,0.30,0.23,0.18,0.13,0.04","2.64,0.36,0.00","9,1,1",11,,
713,Stage3,40.87,30.42,30.42,28.63,,,,,"9,1,1",11,30,
713,Stage3_PowerOpt,40.87,30.42,30.42,,28.63,,"13.62,9.23,7.64,5.96,4.82,3.89,3.47,2.65,2.36,2.12,1.50,1.36,1.15,0.91,0.75,0.60,0.47,0.40,0.36,0.20,0.17,0.11,0.07,0.06,0.05,0.04,0.01,0.01","2.54,0.46,0.00","9,1,1",11,30,
713,Stage4,40.87,30.42,30.42,,28.63,9.24;15.56;18.13;19.32;20.15;20.74;21.30;21.79;22.14;22.44;22.70;22.95;23.19;23.41;23.61;23.82;24.00;24.18;24.34;24.48;24.63;24.77;24.91;25.05;25.18;25.31;25.44;25.56;25.67;25.79;25.89;26.00;26.11;26.22;26.32;26.42;26.52;26.61;26.71;26.80;26.89;26.98;27.07;27.16;27.24,,,"9,1,1",11,30,"30,30,30,30,30,30,30,30,30,30,30,30,30,30,30,30,30,30,30,30,30,30,30,30,30,30,30,30,30,30,30,30,30,30,30,30,30,30,30,30,30,30,30,30,30"
717,Stage1,53.36,,,,,,,,"9,5,13",,,
717,Stage2,53.36,40.09,,,,,,,"9,5,13",15,,
717,PowerOpt,53.36,40.09,40.09,,,,"84.71,45.16,35.20,23.17,16.24,12.82,12.08,10.02,4.57,3.77,2.70,2.49,0.94,0.79,0.53,0.34,0.17,0.11,0.07,0.05,0.03,0.01","2.30,0.60,0.10","9,5,13",15,,
717,Stage3,53.36,40.09,40.09,40.57,,,,,"9,5,13",15,39,
717,Stage3_PowerOpt,53.36,40.09,40.09,,40.57,,"21.88,11.36,7.74,5.78,3.85,3.74,3.32,2.35,1.14,0.92,0.69,0.53,0.22,0.18,0.13,0.08,0.04,0.03,0.01","2.31,0.60,0.09","9,5,13",15,39,
717,Stage4,53.36,40.09,40.09,,40.57,10.53;17.98;23.49;26.33;28.01;29.22;30.20;31.05;31.53;31.95;32.34;32.70;33.05;33.37;33.70;34.06;34.33;34.58;34.80;35.02;35.22;35.42;35.63;35.87;36.06;36.24;36.39;36.55;36.70;36.85;37.00;37.19;37.34;37.48;37.60;37.73;37.85;37.97;38.09;38.24;38.37;38.48;38.59,,,"9,5,13",15,39,"39,39,39,39,39,39,39,39,39,39,39,39,39,39,39,39,39,39,39,39,39,39,39,39,39,39,39,39,39,39,39,39,39,39,39,39,39,39,39,39,39,39,39"
718,Stage1,47.29,,,,,,,,"9,13,5",,,
718,Stage2,47.29,36.92,,,,,,,"9,13,5",15,,
718,PowerOpt,47.29,36.92,36.92,,,,"115.77,53.56,25.15,20.39,10.32,7.41,5.91,4.62,2.50,2.24,1.64,1.34,0.97,0.77,0.63,0.51,0.41,0.36,0.28,0.26,0.23,0.21,0.17,0.12,0.12,0.07,0.02,0.01,0.01","2.62,0.35,0.02","9,13,5",15,,
718,Stage3,47.29,36.92,36.92,36.66,,,,,"9,13,5",15,39,
718,Stage3_PowerOpt,47.29,36.92,36.92,,36.66,,"31.20,14.18,6.76,5.35,1.53,1.28,1.17,0.73,0.67,0.28,0.21,0.19,0.12,0.08,0.07,0.05,0.04,0.03,0.02,0.02,0.01","2.61,0.37,0.02","9,13,5",15,39,
718,Stage4,47.29,36.92,36.92,,36.66,6.77;15.77;18.89;21.06;22.81;24.17;25.30;26.25;26.77;27.19;27.58;27.94;28.29;28.63;29.00;29.45;29.76;30.02;30.25;30.47;30.68;30.89;31.14;31.45;31.67;31.86;32.03;32.20;32.35;32.51;32.70;32.93;33.10;33.25;33.39;33.51;33.64;33.78;33.93;34.12;34.26;34.38;34.50;34.61;34.71;34.83;34.95,,,"9,13,5",15,39,"39,39,39,39,39,39,39,39,39,39,39,39,39,39,39,39,39,39,39,39,39,39,39,39,39,39,39,39,39,39,39,39,39,39,39,39,39,39,39,39,39,39,39,39,39,39,39"
719,Stage1,42.53,,,,,,,,4,,,
719,Stage2,42.53,16.37,,,,,,,4,0,,
719,PowerOpt,42.53,16.37,16.37,,,,"188.90,49.98,10.76,3.17,1.12,0.82,0.62,0.38,0.09,0.04,0.02,0.02,0.01",1.00,4,0,,
719,Stage3,42.53,16.37,16.37,16.18,,,,,4,0,24,
719,Stage3_PowerOpt,42.53,16.37,16.37,,16.18,,"47.48,12.65,2.71,0.47,0.27,0.15,0.12,0.09,0.02",1.00,4,0,24,
719,Stage4,42.53,16.37,16.37,,16.18,8.14;10.67;11.42;11.95;12.36;12.67;12.94;13.15;13.34;13.48;13.61;13.73;13.84;13.95;14.06;14.16;14.25;14.33;14.41;14.48;14.55;14.61;14.68;14.75;14.81;14.87;14.92;14.97;15.02;15.06;15.11;15.16;15.21;15.26;15.29;15.33;15.37,,,4,0,24,"24,24,24,24,24,24,24,24,24,24,24,24,24,24,24,24,24,24,24,24,24,24,24,24,24,24,24,24,24,24,24,24,24,24,24,24,24"
721,Stage1,26.47,,,,,,,,12,,,
721,Stage2,26.47,16.94,,,,,,,12,12,,
721,PowerOpt,26.47,16.94,16.94,,,,"47.52,38.63,29.49,28.91,20.42,15.23,11.31,10.78,10.28,6.69,4.69,3.78,3.52,3.42,2.97,2.79,1.74,1.60,1.42,1.27,1.19,1.06,0.93,0.78,0.66,0.62,0.57,0.52,0.41,0.34,0.31,0.27,0.23,0.20,0.18,0.17,0.15,0.12,0.11,0.10,0.09,0.08,0.06,0.05,0.05,0.04,0.04,0.03,0.03,0.02,0.02,0.01,0.01",1.00,12,12,,
721,Stage3,26.47,16.94,16.94,16.80,,,,,12,12,31,
721,Stage3_PowerOpt,26.47,16.94,16.94,,16.80,,"20.50,12.60,8.46,3.82,3.39,2.84,2.63,1.63,1.21,1.16,0.95,0.75,0.56,0.47,0.43,0.35,0.29,0.24,0.23,0.21,0.18,0.14,0.13,0.11,0.10,0.09,0.08,0.07,0.06,0.05,0.05,0.04,0.03,0.03,0.02,0.02,0.01,0.01,0.01,0.01",1.00,12,12,31,
721,Stage4,26.47,16.94,16.94,,16.80,9.87;11.17;12.00;12.60;13.05;13.38;13.61;13.77;13.88;14.02;14.18;14.34;14.50;14.63;14.73;14.80;14.86;14.94;15.03;15.13;15.22;15.30;15.36;15.41;15.45;15.51;15.58;15.65;15.71;15.76;15.81;15.83;15.87;15.92;15.97,,,12,12,31,"31,31,31,31,31,31,31,31,31,31,31,31,31,31,31,31,31,31,31,31,31,31,31,31,31,31,31,31,31,31,31,31,31,31,31"
722,Stage1,23.52,,,,,,,,12,,,
722,Stage2,23.52,16.95,,,,,,,12,12,,
722,PowerOpt,23.52,16.95,16.95,,,,"48.36,47.27,35.43,19.52,17.36,14.04,10.55,9.77,9.43,8.68,4.03,3.91,3.06,2.81,2.62,2.58,2.47,1.98,1.79,1.35,1.31,1.04,0.92,0.72,0.60,0.53,0.45,0.41,0.36,0.34,0.30,0.26,0.20,0.19,0.18,0.16,0.15,0.10,0.10,0.09,0.07,0.06,0.05,0.05,0.05,0.04,0.03,0.03,0.03,0.02,0.02,0.01,0.01",1.00,12,12,,
722,Stage3,23.52,16.95,16.95,16.85,,,,,12,12,31,
722,Stage3_PowerOpt,23.52,16.95,16.95,,16.85,,"21.10,12.44,6.36,4.70,4.22,2.62,1.88,1.59,1.42,1.12,1.00,0.87,0.84,0.56,0.47,0.38,0.36,0.27,0.27,0.22,0.19,0.15,0.14,0.12,0.11,0.09,0.08,0.06,0.05,0.05,0.04,0.04,0.03,0.03,0.02,0.02,0.02,0.01,0.01,0.01",1.00,12,12,31,
722,Stage4,23.52,16.95,16.95,,16.85,9.44;10.86;11.80;12.48;12.97;13.32;13.54;13.67;13.76;13.89;14.07;14.26;14.44;14.58;14.69;14.75;14.80;14.87;14.97;15.08;15.19;15.29;15.35;15.39;15.43;15.48;15.55;15.63;15.71;15.77;15.82;15.85;15.87;15.92;15.97;16.03,,,12,12,31,"31,31,31,31,31,31,31,31,31,31,31,31,31,31,31,31,31,31,31,31,31,31,31,31,31,31,31,31,31,31,31,31,31,31,31,31"
723,Stage1,25.95,,,,,,,,0,,,
723,Stage2,25.95,16.14,,,,,,,0,12,,
723,PowerOpt,25.95,16.14,16.14,,,,"181.42,55.49,8.57,8.00,1.30,0.32,0.21,0.17,0.16,0.10,0.07,0.03,0.03,0.02,0.02,0.01,0.01",1.00,0,12,,
723,Stage3,25.95,16.14,16.14,16.08,,,,,0,12,31,
723,Stage3_PowerOpt,25.95,16.14,16.14,,16.08,,"44.58,13.67,2.17,2.00,0.42,0.31,0.27,0.15,0.13,0.08,0.05,0.04,0.03,0.02,0.02",1.00,0,12,31,
723,Stage4,25.95,16.14,16.14,,16.08,9.50;10.63;11.33;11.83;12.22;12.52;12.76;12.94;13.08;13.23;13.39;13.54;13.68;13.81;13.91;14.00;14.08;14.16;14.25;14.34;14.43;14.51;14.58;14.63;14.69;14.75;14.81;14.88;14.94;14.99;15.04;15.08;15.12;15.17;15.22;15.27;15.31,,,0,12,31,"31,31,31,31,31,31,31,31,31,31,31,31,31,31,31,31,31,31,31,31,31,31,31,31,31,31,31,31,31,31,31,31,31,31,31,31,31"
724,Stage1,30.77,,,,,,,,"0,12",,,
724,Stage2,30.77,23.97,,,,,,,"0,12",0,,
724,PowerOpt,30.77,23.97,23.97,,,,"149.98,56.54,25.97,14.92,6.62,1.16,0.52,0.19,0.01,0.01","2.00,0.00","0,12",0,,
724,Stage3,30.77,23.97,23.97,22.45,,,,,"0,12",0,"24,0,31,0,31",
724,Stage3_PowerOpt,30.77,23.97,23.97,,22.45,,"37.17,14.26,6.45,3.86,1.77,0.30,0.13,0.05","2.00,0.00","0,12",0,"24,0,31,0,31",
724,Stage4,30.77,23.97,23.97,,22.45,10.19;11.66;12.89;14.01;14.87;15.50;16.12;16.53;16.90;17.18;17.51;17.81;18.08;18.31;18.50;18.68;18.88;19.04;19.23;19.42;19.60;19.74;19.87;19.98;20.11;20.22;20.34;20.47;20.59;20.70;20.78;20.87;20.96;21.04;21.14;21.24;21.34,,,"0,12",0,"24,0,31,0,31","31,31,0,31,0,31,0,0,0,31,31,31,31,0,0,0,0,0,31,31,31,31,0,0,0,0,31,31,31,0,0,0,0,0,31,31,31"
725,Stage1,28.19,,,,,,,,"0,12",,,
725,Stage2,28.19,23.04,,,,,,,"0,12",0,,
725,PowerOpt,28.19,23.04,23.04,,,,"184.96,31.69,23.61,11.38,3.06,0.66,0.49,0.06,0.02,0.01","2.00,0.00","0,12",0,,
725,Stage3,28.19,23.04,23.04,21.66,,,,,"0,12",0,"24,0,31,0,31",
725,Stage3_PowerOpt,28.19,23.04,23.04,,21.66,,"45.95,7.99,5.86,3.11,0.80,0.16,0.12,0.01","2.00,0.00","0,12",0,"24,0,31,0,31",
725,Stage4,28.19,23.04,23.04,,21.66,10.41;11.75;12.62;13.45;14.11;14.78;15.26;15.63;16.03;16.33;16.65;16.95;17.21;17.43;17.61;17.79;18.00;18.16;18.35;18.55;18.72;18.87;19.00;19.12;19.25;19.36;19.49;19.62;19.74;19.84;19.94;20.03;20.13;20.22;20.31;20.41;20.50;20.58,,,"0,12",0,"24,0,31,0,31","31,31,31,0,31,0,0,0,0,31,31,31,31,0,0,0,0,0,31,31,31,31,0,0,0,0,31,31,31,31,0,0,0,0,31,31,31,0"
726,Stage1,25.37,,,,,,,,15,,,
726,Stage2,25.37,16.89,,,,,,,15,15,,
726,PowerOpt,25.37,16.89,16.89,,,,"87.76,31.44,22.56,14.49,12.12,7.71,7.37,7.26,6.99,5.07,4.61,4.17,3.87,3.74,3.41,3.08,2.72,2.44,2.20,2.06,1.89,1.72,1.62,1.55,1.37,1.18,1.11,1.00,0.83,0.80,0.76,0.57,0.55,0.52,0.49,0.47,0.43,0.38,0.35,0.33,0.31,0.27,0.23,0.20,0.17,0.16,0.14,0.14,0.13,0.11,0.11,0.10,0.10,0.08,0.08,0.07,0.06,0.05,0.05,0.04,0.04,0.04,0.03,0.03,0.03,0.02,0.02,0.02,0.02,0.02,0.01,0.01,0.01,0.01,0.01",1.00,15,15,,
726,Stage3,25.37,16.89,16.89,16.98,,,,,15,15,31,
726,Stage3_PowerOpt,25.37,16.89,16.89,,16.98,,"24.89,13.43,6.54,3.24,2.38,2.02,1.69,1.52,0.99,0.88,0.76,0.70,0.55,0.49,0.40,0.37,0.34,0.31,0.28,0.27,0.24,0.21,0.18,0.18,0.15,0.11,0.11,0.10,0.07,0.07,0.06,0.06,0.05,0.04,0.04,0.03,0.03,0.03,0.03,0.02,0.02,0.02,0.01,0.01,0.01",1.00,15,15,31,
726,Stage4,25.37,16.89,16.89,,16.98,9.60;10.89;11.79;12.50;13.03;13.42;13.67;13.82;13.90;14.02;14.17;14.36;14.54;14.69;14.80;14.87;14.91;14.98;15.07;15.18;15.29;15.38;15.45;15.49;15.52;15.57;15.64;15.72;15.80;15.86;15.91;15.94;15.96;16.00;16.06;16.12;16.18,,,15,15,31,"31,31,31,31,31,31,31,31,31,31,31,31,31,31,31,31,31,31,31,31,31,31,31,31,31,31,31,31,31,31,31,31,31,31,31,31,31"
727,Stage1,23.89,,,,,,,,15,,,
727,Stage2,23.89,16.94,,,,,,,15,15,,
727,PowerOpt,23.89,16.94,16.94,,,,"117.19,37.69,31.89,15.72,6.92,5.33,5.17,4.50,3.45,2.98,2.32,2.24,1.98,1.79,1.38,1.20,1.13,1.05,0.97,0.91,0.85,0.79,0.75,0.67,0.63,0.54,0.48,0.43,0.40,0.37,0.32,0.31,0.30,0.27,0.25,0.25,0.22,0.18,0.17,0.14,0.13,0.13,0.12,0.11,0.10,0.09,0.09,0.08,0.08,0.07,0.07,0.06,0.06,0.06,0.05,0.05,0.04,0.04,0.04,0.03,0.03,0.03,0.03,0.02,0.02,0.02,0.02,0.01,0.01,0.01,0.01",1.00,15,15,,
727,Stage3,23.89,16.94,16.94,17.02,,,,,15,15,31,
727,Stage3_PowerOpt,23.89,16.94,16.94,,17.02,,"26.77,13.31,7.94,5.45,1.88,1.72,1.57,0.99,0.76,0.53,0.50,0.35,0.29,0.26,0.22,0.21,0.17,0.15,0.13,0.11,0.10,0.09,0.08,0.06,0.05,0.04,0.03,0.03,0.03,0.02,0.02,0.02,0.02,0.01,0.01,0.01,0.01",1.00,15,15,31,
727,Stage4,23.89,16.94,16.94,,17.02,9.95;11.22;12.05;12.67;13.14;13.48;13.72;13.87;13.97;14.11;14.27;14.44;14.60;14.74;14.85;14.92;14.97;15.05;15.15;15.25;15.35;15.44;15.50;15.55;15.58;15.64;15.71;15.78;15.85;15.91;15.96;15.99;16.02;16.07;16.12;16.18,,,15,15,31,"31,31,31,31,31,31,31,31,31,31,31,31,31,31,31,31,31,31,31,31,31,31,31,31,31,31,31,31,31,31,31,31,31,31,31,31"
728,Stage1,25.19,,,,,,,,15,,,
728,Stage2,25.19,16.93,,,,,,,15,15,,
728,PowerOpt,25.19,16.93,16.93,,,,"73.62,38.34,35.44,28.36,13.13,12.30,11.58,7.58,6.04,4.55,3.70,3.10,2.71,1.86,1.22,1.19,1.11,0.87,0.80,0.71,0.70,0.62,0.57,0.53,0.46,0.44,0.43,0.40,0.37,0.33,0.29,0.27,0.25,0.22,0.18,0.17,0.15,0.14,0.13,0.12,0.11,0.10,0.09,0.08,0.07,0.05,0.05,0.04,0.04,0.04,0.03,0.03,0.03,0.03,0.02,0.02,0.02,0.02,0.02,0.01,0.01,0.01",1.00,15,15,,
728,Stage3,25.19,16.93,16.93,17.00,,,,,15,15,31,
728,Stage3_PowerOpt,25.19,16.93,16.93,,17.00,,"19.14,13.29,10.27,7.78,4.14,2.07,1.16,1.03,0.96,0.87,0.44,0.37,0.33,0.30,0.25,0.20,0.17,0.16,0.14,0.13,0.12,0.09,0.07,0.07,0.06,0.05,0.04,0.04,0.03,0.03,0.03,0.02,0.02,0.02,0.02,0.01,0.01,0.01",1.00,15,15,31,
728,Stage4,25.19,16.93,16.93,,17.00,9.91;11.30;12.19;12.82;13.27;13.58;13.77;13.89;13.98;14.13;14.31;14.49;14.66;14.79;14.88;14.93;14.98;15.06;15.16;15.27;15.38;15.46;15.52;15.55;15.59;15.64;15.71;15.79;15.87;15.92;15.97;15.99;16.02;16.06;16.12;16.18,,,15,15,31,"31,31,31,31,31,31,31,31,31,31,31,31,31,31,31,31,31,31,31,31,31,31,31,31,31,31,31,31,31,31,31,31,31,31,31,31"
729,Stage1,26.09,,,,,,,,15,,,
729,Stage2,26.09,16.86,,,,,,,15,15,,
729,PowerOpt,26.09,16.86,16.86,,,,"90.21,35.55,26.11,16.33,14.36,10.89,10.23,5.24,4.48,4.45,3.91,3.56,3.51,3.29,2.80,2.13,2.10,1.67,1.56,1.36,1.24,1.13,0.94,0.75,0.68,0.65,0.61,0.59,0.57,0.47,0.45,0.39,0.36,0.34,0.30,0.27,0.25,0.22,0.21,0.18,0.17,0.15,0.13,0.13,0.12,0.11,0.09,0.08,0.08,0.07,0.07,0.06,0.05,0.04,0.04,0.03,0.03,0.02,0.02,0.02,0.02,0.02,0.01,0.01,0.01,0.01",1.00,15,15,,
729,Stage3,26.09,16.86,16.86,16.90,,,,,15,15,31,
729,Stage3_PowerOpt,26.09,16.86,16.86,,16.90,,"22.83,12.68,6.80,5.04,4.29,2.87,1.52,1.17,0.87,0.79,0.59,0.55,0.53,0.41,0.36,0.34,0.27,0.23,0.21,0.20,0.17,0.15,0.13,0.12,0.10,0.09,0.09,0.08,0.08,0.06,0.06,0.05,0.05,0.04,0.03,0.03,0.02,0.02,0.01,0.01",1.00,15,15,31,
729,Stage4,26.09,16.86,16.86,,16.90,9.36;10.79;11.73;12.41;12.92;13.29;13.56;13.73;13.83;13.96;14.13;14.31;14.47;14.62;14.73;14.81;14.87;14.95;15.05;15.15;15.25;15.34;15.41;15.45;15.50;15.56;15.63;15.71;15.78;15.84;15.88;15.91;15.95;16.00;16.05;16.11,,,15,15,31,"31,31,31,31,31,31,31,31,31,31,31,31,31,31,31,31,31,31,31,31,31,31,31,31,31,31,31,31,31,31,31,31,31,31,31,31"
730,Stage1,22.60,,,,,,,,"11,12,3",,,
730,Stage2,22.60,20.17,,,,,,,"11,12,3",15,,
730,PowerOpt,22.60,20.17,20.17,,,,"119.91,48.63,31.41,26.73,12.33,4.30,3.42,1.47,1.24,0.98,0.79,0.63,0.59,0.50,0.34,0.28,0.26,0.25,0.19,0.18,0.17,0.15,0.14,0.13,0.12,0.11,0.10,0.08,0.06,0.05,0.05,0.04,0.04,0.04,0.03,0.03,0.03,0.03,0.02,0.02,0.01,0.01,0.01","1.94,1.05,0.02","11,12,3",15,,
730,Stage3,22.60,20.17,20.17,20.19,,,,,"11,12,3",15,31,
730,Stage3_PowerOpt,22.60,20.17,20.17,,20.19,,"27.49,15.12,7.13,6.16,4.06,1.44,0.83,0.41,0.34,0.21,0.19,0.10,0.07,0.06,0.06,0.05,0.05,0.04,0.03,0.02,0.02,0.02,0.01,0.01,0.01","1.93,1.06,0.01","11,12,3",15,31,
730,Stage4,22.60,20.17,20.17,,20.19,10.43;11.75;12.61;13.26;13.74;14.10;14.37;14.59;14.78;14.95;15.11;15.28;15.48;15.70;15.89;16.05;16.20;16.31;16.41;16.51;16.65;16.81;16.97;17.10;17.21;17.29;17.36;17.44;17.55;17.69;17.82;17.93;18.01;18.07;18.13;18.19;18.29;18.41;18.53;18.62;18.69;18.73;18.77;18.84;18.93;19.04;19.14;19.22,,,"11,12,3",15,31,"31,31,31,31,31,31,31,31,31,31,31,31,31,31,31,31,31,31,31,31,31,31,31,31,31,31,31,31,31,31,31,31,31,31,31,31,31,31,31,31,31,31,31,31,31,31,31,31"
731,Stage1,26.69,,,,,,,,11,,,
731,Stage2,26.69,17.14,,,,,,,11,11,,
731,PowerOpt,26.69,17.14,17.14,,,,"171.73,54.53,12.65,6.16,4.25,1.95,0.86,0.53,0.47,0.42,0.27,0.26,0.23,0.17,0.15,0.14,0.12,0.10,0.09,0.09,0.08,0.08,0.08,0.06,0.06,0.05,0.05,0.04,0.04,0.04,0.03,0.02,0.02,0.02,0.02,0.01,0.01,0.01,0.01",1.00,11,11,,
731,Stage3,26.69,17.14,17.14,17.14,,,,,11,11,30,
731,Stage3_PowerOpt,26.69,17.14,17.14,,17.14,,"42.73,14.38,3.22,1.42,1.02,0.50,0.22,0.14,0.10,0.06,0.04,0.03,0.02,0.02,0.02,0.01,0.01,0.01",1.00,11,11,30,
731,Stage4,26.69,17.14,17.14,,17.14,9.23;10.65;11.60;12.31;12.88;13.32;13.66;13.93;14.00;14.11;14.25;14.42;14.59;14.75;14.89;15.00;15.05;15.12;15.20;15.30;15.40;15.50;15.58;15.65;15.69;15.74;15.80;15.87;15.95;16.01;16.07;16.11;16.15;16.19;16.24;16.29,,,11,11,30,"30,30,30,30,30,30,30,30,30,30,30,30,30,30,30,30,30,30,30,30,30,30,30,30,30,30,30,30,30,30,30,30,30,30,30,30"
732,Stage1,22.63,,,,,,,,11,,,
732,Stage2,22.63,17.30,,,,,,,11,11,,
732,PowerOpt,22.63,17.30,17.30,,,,"157.85,28.76,28.22,12.75,7.71,3.84,3.21,2.67,2.52,2.17,1.92,0.99,0.92,0.62,0.42,0.32,0.23,0.22,0.15,0.12,0.06,0.05,0.03,0.03,0.03,0.03,0.02,0.01,0.01,0.01",1.00,11,11,,
732,Stage3,22.63,17.30,17.30,17.27,,,,,11,11,30,
732,Stage3_PowerOpt,22.63,17.30,17.30,,17.27,,"35.64,7.39,7.23,5.10,2.23,1.57,1.00,0.92,0.83,0.48,0.42,0.33,0.15,0.14,0.13,0.09,0.07,0.06,0.05,0.03,0.03,0.03,0.02,0.01",1.00,11,11,30,
732,Stage4,22.63,17.30,17.30,,17.27,10.27;11.49;12.28;12.86;13.31;13.66;13.93;14.13;14.25;14.38;14.54;14.70;14.85;14.99;15.11;15.20;15.27;15.34;15.44;15.53;15.62;15.71;15.78;15.84;15.89;15.94;16.01;16.08;16.14;16.20;16.25;16.29;16.33;16.37;16.42,,,11,11,30,"30,30,30,30,30,30,30,30,30,30,30,30,30,30,30,30,30,30,30,30,30,30,30,30,30,30,30,30,30,30,30,30,30,30,30"
733,Stage1,23.46,,,,,,,,11,,,
733,Stage2,23.46,17.20,,,,,,,11,11,,
733,PowerOpt,23.46,17.20,17.20,,,,"133.78,51.37,27.80,12.29,11.99,4.87,4.16,2.92,1.59,1.16,0.86,0.61,0.51,0.42,0.40,0.29,0.23,0.19,0.13,0.11,0.06,0.04,0.04,0.03,0.02,0.01,0.01,0.01",1.00,11,11,,
733,Stage3,23.46,17.20,17.20,17.02,,,,,11,11,30,
733,Stage3_PowerOpt,23.46,17.20,17.20,,17.02,,"17.07,12.64,7.54,6.49,4.74,4.24,2.54,2.14,1.83,1.32,1.11,0.50,0.44,0.38,0.21,0.16,0.14,0.13,0.08,0.07,0.04,0.03,0.02,0.02,0.02,0.01,0.01,0.01",1.00,11,11,30,
733,Stage4,23.46,17.20,17.20,,17.02,7.96;9.78;11.05;11.99;12.69;13.20;13.57;13.81;13.85;13.95;14.09;14.28;14.47;14.65;14.79;14.89;14.92;14.98;15.07;15.18;15.30;15.40;15.48;15.53;15.56;15.62;15.69;15.77;15.85;15.91;15.96;15.99;16.02;16.07;16.13;16.19,,,11,11,30,"30,30,30,30,30,30,30,30,30,30,30,30,30,30,30,30,30,30,30,30,30,30,30,30,30,30,30,30,30,30,30,30,30,30,30,30"
734,Stage1,29.26,,,,,,,,9,,,
734,Stage2,29.26,15.98,,,,,,,9,9,,
734,PowerOpt,29.26,15.98,15.98,,,,"217.20,35.69,2.38,0.58,0.06,0.01",1.00,9,9,,
734,Stage3,29.26,15.98,15.98,15.87,,,,,9,9,50,
734,Stage3_PowerOpt,29.26,15.98,15.98,,15.87,,"54.28,8.95,0.59,0.15,0.02",1.00,9,9,50,
734,Stage4,29.26,15.98,15.98,,15.87,8.14;10.37;11.05;11.54;11.93;12.26;12.54;12.79;12.97;13.11;13.22;13.33;13.43;13.55;13.66;13.79;13.88;13.95;14.02;14.08;14.14;14.22;14.29;14.38;14.44;14.48;14.53;14.58;14.62;14.68;14.74;14.80;14.84;14.88;14.91;14.95;14.99;15.03;15.08,,,9,9,50,"50,50,50,50,50,50,50,50,50,50,50,50,50,50,50,50,50,50,50,50,50,50,50,50,50,50,50,50,50,50,50,50,50,50,50,50,50,50,50"
735,Stage1,36.59,,,,,,,,"1,13,13",,,
735,Stage2,36.59,28.86,,,,,,,"1,13,13",13,,
735,PowerOpt,36.59,28.86,28.86,,,,"195.43,49.26,9.18,1.24,0.56,0.15,0.07,0.04,0.02","2.98,0.01,0.00","1,13,13",13,,
735,Stage3,36.59,28.86,28.86,28.65,,,,,"1,13,13",13,"51,56,51",
735,Stage3_PowerOpt,36.59,28.86,28.86,,28.65,,"48.70,12.33,2.37,0.31,0.15,0.09,0.02,0.02","2.98,0.01,0.01","1,13,13",13,"51,56,51",
735,Stage4,36.59,28.86,28.86,,28.65,6.53;12.30;14.11;15.17;16.37;17.82;18.63;19.28;19.79;20.20;20.51;20.80;21.07;21.42;21.80;22.21;22.47;22.67;22.83;23.00;23.18;23.37;23.59;23.92;24.11;24.28;24.41;24.60;24.71;24.78;25.05;25.24;25.63;25.52;25.56;26.05;25.77;25.92;26.22;26.23;26.72;26.69;26.53;26.67;26.75;27.05;27.18;27.12;27.27,,,"1,13,13",13,"51,56,51","56,51,51,51,56,51,56,51,51,56,56,51,51,56,51,51,56,51,56,56,51,51,51,51,51,51,51,51,56,56,51,51,56,56,56,51,56,51,56,51,56,56,51,56,56,56,56,51,56"
736,Stage1,38.13,,,,,,,,"1,9,5",,,
736,Stage2,38.13,27.47,,,,,,,"1,9,5",9,,
736,PowerOpt,38.13,27.47,27.47,,,,"166.36,56.34,18.63,7.52,3.81,0.73,0.33,0.31,0.29,0.27,0.24,0.16,0.13,0.12,0.11,0.08,0.07,0.06,0.05,0.04,0.04,0.03,0.03,0.03,0.02,0.02,0.02,0.02,0.01","2.72,0.27,0.01","1,9,5",9,,
736,Stage3,38.13,27.47,27.47,26.36,,,,,"1,9,5",9,"59,25,25,59,25",
736,Stage3_PowerOpt,38.13,27.47,27.47,,26.36,,"43.86,15.06,2.60,1.62,0.35,0.18,0.11,0.04,0.03,0.03,0.02,0.02,0.01,0.01,0.01","2.90,0.09,0.01","1,9,5",9,"59,25,25,59,25",
736,Stage4,38.13,27.47,27.47,,26.36,8.09;11.68;13.42;14.40;15.26;16.04;16.75;17.44;18.02;18.39;18.72;19.05;19.34;19.60;19.95;20.30;20.57;20.80;20.99;21.17;21.36;21.56;21.77;21.99;22.18;22.33;22.46;22.59;22.73;22.87;23.02;23.19;23.34;23.46;23.56;23.66;23.77;23.88;24.01;24.18;24.30;24.41;24.49;24.59;24.67;24.77;24.88;25.00;25.11,,,"1,9,5",9,"59,25,25,59,25","59,25,59,25,59,25,59,25,25,25,25,59,59,59,25,59,25,25,25,25,25,59,59,59,25,25,25,25,25,59,59,25,25,59,25,59,59,25,59,59,25,25,25,25,25,59,59,59,25"
737,Stage1,36.90,,,,,,,,"0,5",,,
737,Stage2,36.90,23.85,,,,,,,"0,5",0,,
737,PowerOpt,36.90,23.85,23.85,,,,"201.97,41.61,5.98,2.69,0.62,0.53,0.42,0.34,0.28,0.22,0.19,0.15,0.13,0.12,0.11,0.08,0.07,0.06,0.05,0.05,0.04,0.03,0.03,0.02,0.02,0.02,0.02,0.02,0.01,0.01","1.99,0.01","0,5",0,,
737,Stage3,36.90,23.85,23.85,22.70,,,,,"0,5",0,"56,17,56",
737,Stage3_PowerOpt,36.90,23.85,23.85,,22.70,,"50.41,10.48,1.50,0.68,0.16,0.11,0.09,0.08,0.07,0.06,0.05,0.05,0.04,0.03,0.03,0.03,0.02,0.02,0.02,0.02","1.99,0.01","0,5",0,"56,17,56",
737,Stage4,36.90,23.85,23.85,,22.70,6.66;11.62;12.91;14.10;14.89;15.54;16.20;16.71;17.06;17.38;17.66;17.87;18.09;18.30;18.50;18.70;18.91;19.07;19.21;19.34;19.47;19.59;19.71;19.84;19.99;20.10;20.21;20.30;20.39;20.48;20.58;20.67;20.78;20.88;20.96;21.03;21.11;21.18;21.25;21.34;21.42;21.50;21.57,,,"0,5",0,"56,17,56","56,56,17,56,56,17,56,56,56,17,17,56,17,56,56,56,56,17,56,17,17,56,56,56,56,17,17,17,17,56,17,56,56,56,56,56,17,56,56,56,56,56,17"
738,Stage1,49.25,,,,,,,,"1,5,13,0",,,
738,Stage2,49.25,45.61,,,,,,,"1,5,13,0",1,,
738,PowerOpt,49.25,45.61,45.61,,,,"98.28,62.15,33.39,24.47,19.77,4.37,4.05,2.61,1.66,1.24,0.81,0.56,0.53,0.25,0.20,0.18,0.16,0.14,0.12,0.10,0.09,0.09,0.08,0.07,0.07,0.06,0.05,0.05,0.04,0.04,0.03,0.03,0.02,0.02,0.02,0.02,0.02,0.02,0.01,0.01,0.01","2.75,0.81,0.42,0.02","1,5,13,0",1,,
738,Stage3,49.25,45.61,45.61,42.34,,,,,"1,5,13,0",1,"16,12,56,16,8",
738,Stage3_PowerOpt,49.25,45.61,45.61,,42.34,,"25.83,17.08,8.60,4.20,4.17,1.24,0.67,0.58,0.37,0.31,0.26,0.15,0.11,0.10,0.04,0.04,0.03,0.03,0.03,0.02,0.02,0.02,0.01,0.01,0.01","2.81,0.92,0.25,0.02","1,5,13,0",1,"16,12,56,16,8",
738,Stage4,49.25,45.61,45.61,,42.34,9.21;16.05;21.35;24.14;26.14;27.51;28.65;29.82;30.59;31.26;31.82;32.34;32.77;33.25;33.60;33.92;34.42;34.78;35.09;35.37;35.64;35.92;36.19;36.46;36.74;36.96;37.19;37.40;37.60;37.85;38.00;38.18;38.34;38.48;38.69;38.85;39.07;39.25;39.46;39.59;39.76;39.89;40.02;40.12;40.23,,,"1,5,13,0",1,"16,12,56,16,8","8,56,12,16,16,56,12,16,16,16,56,16,16,16,16,8,12,12,16,16,12,56,56,16,16,56,12,16,56,56,16,8,8,12,56,16,56,16,16,8,16,16,16,8,16"
739,Stage1,43.19,,,,,,,,"4,0,9",,,
739,Stage2,43.19,34.30,,,,,,,"4,0,9",0,,
739,PowerOpt,43.19,34.30,34.30,,,,"173.05,37.43,22.64,4.88,4.11,3.68,2.92,1.74,1.67,1.40,0.54,0.48,0.35,0.32,0.15,0.14,0.12,0.09,0.07,0.05,0.04,0.02,0.01,0.01,0.01","2.85,0.12,0.03","4,0,9",0,,
739,Stage3,43.19,34.30,34.30,32.31,,,,,"4,0,9",0,"17,56",
739,Stage3_PowerOpt,43.19,34.30,34.30,,32.31,,"47.84,9.50,3.11,1.05,0.66,0.45,0.41,0.29,0.20,0.17,0.09,0.07,0.05,0.03,0.02,0.02,0.01","2.91,0.07,0.02","4,0,9",0,"17,56",
739,Stage4,43.19,34.30,34.30,,32.31,7.28;14.31;16.64;18.63;20.26;21.21;22.24;22.87;23.50;23.94;24.31;24.63;24.94;25.27;25.62;25.96;26.26;26.52;26.74;26.93;27.11;27.29;27.50;27.70;27.90;28.09;28.25;28.39;28.53;28.67;28.82;28.96;29.13;29.27;29.39;29.53;29.64;29.75;29.87;30.00;30.13;30.25;30.37;30.46;30.57;30.66;30.76,,,"4,0,9",0,"17,56","56,17,17,56,17,56,56,17,17,56,17,17,56,17,17,56,56,56,17,56,56,56,17,17,56,17,17,56,56,56,17,17,56,56,17,17,56,56,17,17,56,17,56,56,56,56,17"
740,Stage1,38.35,,,,,,,,"1,5",,,
740,Stage2,38.35,24.95,,,,,,,"1,5",4,,
740,PowerOpt,38.35,24.95,24.95,,,,"191.42,35.55,11.39,6.92,4.41,1.98,1.78,0.91,0.60,0.31,0.16,0.12,0.11,0.10,0.06,0.02,0.02,0.01,0.01,0.01,0.01,0.01","1.98,0.02","1,5",4,,
740,Stage3,38.35,24.95,24.95,23.74,,,,,"1,5",4,"17,56,17",
740,Stage3_PowerOpt,38.35,24.95,24.95,,23.74,,"48.27,9.19,2.90,1.19,1.15,0.52,0.33,0.16,0.12,0.04,0.03,0.03,0.02,0.02,0.02","1.99,0.01","1,5",4,"17,56,17",
740,Stage4,38.35,24.95,24.95,,23.74,7.18;12.44;14.24;15.07;15.93;16.53;17.10;17.56;17.97;18.25;18.49;18.68;18.91;19.10;19.37;19.55;19.77;19.92;20.06;20.17;20.32;20.43;20.59;20.73;20.87;20.98;21.05;21.17;21.28;21.37;21.44;21.54;21.67;21.81;21.90;21.96;22.06;22.14;22.20;22.25;22.33;22.45;22.52;22.55;22.64,,,"1,5",4,"17,56,17","17,56,17,56,17,17,17,56,17,17,17,56,17,17,17,56,17,17,17,56,17,17,17,56,17,17,17,56,17,17,56,17,56,56,56,17,56,17,56,17,56,56,56,17,56"
741,Stage1,46.57,,,,,,,,"4,0,9",,,
741,Stage2,46.57,36.37,,,,,,,"4,0,9",4,,
741,PowerOpt,46.57,36.37,36.37,,,,"163.03,40.94,30.92,5.41,4.65,3.35,2.80,1.44,0.87,0.67,0.48,0.38,0.24,0.14,0.11,0.08,0.06,0.04,0.04,0.04,0.03,0.02,0.02,0.02,0.02,0.02,0.02,0.01,0.01,0.01","2.82,0.15,0.03","4,0,9",4,,
741,Stage3,46.57,36.37,36.37,34.40,,,,,"4,0,9",4,"17,17,56,17",
741,Stage3_PowerOpt,46.57,36.37,36.37,,34.40,,"43.73,11.45,4.29,1.28,0.87,0.71,0.69,0.34,0.23,0.13,0.09,0.04,0.03,0.03,0.02,0.01,0.01","2.86,0.11,0.03","4,0,9",4,"17,17,56,17",
741,Stage4,46.57,36.37,36.37,,34.40,9.77;15.00;18.34;20.21;21.58;22.76;23.83;24.87;25.47;25.93;26.30;26.67;26.98;27.26;27.56;27.98;28.33;28.55;28.77;29.00;29.19;29.37;29.56;29.80;30.04;30.18;30.34;30.48;30.63;30.77;30.91;31.08;31.27;31.40;31.51;31.63;31.75;31.86;31.97;32.11;32.28;32.38;32.48;32.57;32.67;32.76,,,"4,0,9",4,"17,17,56,17","17,56,17,17,17,17,17,17,17,56,17,56,56,17,56,17,17,17,17,17,17,17,17,17,17,56,17,17,17,56,17,17,17,17,17,17,17,17,56,17,17,17,17,17,17,56"
742,Stage1,39.41,,,,,,,,"0,5",,,
742,Stage2,39.41,25.50,,,,,,,"0,5",4,,
742,PowerOpt,39.41,25.50,25.50,,,,"163.52,56.48,17.37,11.28,3.98,1.43,1.00,0.37,0.19,0.08,0.04,0.04,0.03,0.02,0.02,0.02,0.02","1.98,0.02","0,5",4,,
742,Stage3,39.41,25.50,25.50,25.46,,,,,"0,5",4,25,
742,Stage3_PowerOpt,39.41,25.50,25.50,,25.46,,"41.03,14.10,4.27,2.78,0.97,0.37,0.26,0.09,0.05,0.02,0.01","1.98,0.02","0,5",4,25,
742,Stage4,39.41,25.50,25.50,,25.46,9.73;12.38;14.16;15.57;16.65;17.50;18.26;19.06;19.45;19.71;19.93;20.13;20.35;20.55;20.75;21.03;21.26;21.42;21.56;21.69;21.83;21.96;22.09;22.26;22.42;22.54;22.64;22.74;22.84;22.94;23.04;23.16;23.28;23.37;23.46;23.54;23.61;23.69;23.77;23.87;23.97;24.04;24.11;24.17;24.23,,,"0,5",4,25,"25,25,25,25,25,25,25,25,25,25,25,25,25,25,25,25,25,25,25,25,25,25,25,25,25,25,25,25,25,25,25,25,25,25,25,25,25,25,25,25,25,25,25,25,25"
743,Stage1,42.59,,,,,,,,"4,0",,,
743,Stage2,42.59,26.84,,,,,,,"4,0",4,,
743,PowerOpt,42.59,26.84,26.84,,,,"160.93,34.74,19.89,17.58,9.04,5.61,4.34,1.22,1.17,0.50,0.36,0.18,0.15,0.07,0.05,0.02,0.02,0.02,0.01,0.01,0.01","1.95,0.05","4,0",4,,
743,Stage3,42.59,26.84,26.84,25.84,,,,,"4,0",4,25,
743,Stage3_PowerOpt,42.59,26.84,26.84,,25.84,,"44.93,9.54,5.20,2.40,1.18,0.34,0.13,0.13,0.05,0.04,0.01","1.97,0.03","4,0",4,25,
743,Stage4,42.59,26.84,26.84,,25.84,9.71;12.89;14.85;16.34;17.47;18.31;18.99;19.60;19.99;20.25;20.46;20.66;20.87;21.08;21.30;21.56;21.78;21.93;22.06;22.17;22.30;22.42;22.56;22.72;22.87;22.98;23.08;23.17;23.26;23.35;23.45;23.57;23.69;23.78;23.86;23.94;24.00;24.08;24.16;24.25;24.35;24.43;24.50;24.56,,,"4,0",4,25,"25,25,25,25,25,25,25,25,25,25,25,25,25,25,25,25,25,25,25,25,25,25,25,25,25,25,25,25,25,25,25,25,25,25,25,25,25,25,25,25,25,25,25,25"
744,Stage1,40.55,,,,,,,,"4,0,9",,,
744,Stage2,40.55,33.52,,,,,,,"4,0,9",0,,
744,PowerOpt,40.55,33.52,33.52,,,,"149.23,54.87,24.15,11.37,5.78,2.75,2.25,1.73,1.11,1.00,0.58,0.35,0.27,0.22,0.08,0.04,0.04,0.03,0.02,0.02,0.01,0.01,0.01","2.78,0.21,0.01","4,0,9",0,,
744,Stage3,40.55,33.52,33.52,31.02,,,,,"4,0,9",0,"25,48,25",
744,Stage3_PowerOpt,40.55,33.52,33.52,,31.02,,"47.57,7.69,4.22,1.96,0.86,0.72,0.28,0.18,0.13,0.12,0.08,0.07,0.04,0.02,0.01","2.92,0.08,0.00","4,0,9",0,"25,48,25",
744,Stage4,40.55,33.52,33.52,,31.02,8.10;14.94;16.55;18.11;19.26;20.41;21.23;21.92;22.48;22.91;23.30;23.60;23.94;24.34;24.58;24.87;25.22;25.49;25.69;25.90;26.09;26.28;26.48;26.71;26.93;27.10;27.25;27.39;27.52;27.67;27.81;27.97;28.12;28.26;28.38;28.49;28.62;28.73;28.86;28.98;29.12;29.22;29.31;29.40;29.49,,,"4,0,9",0,"25,48,25","48,25,48,25,25,25,48,25,48,25,48,25,25,48,25,25,25,25,25,48,25,48,48,25,25,25,25,48,25,25,25,48,48,25,25,48,25,25,25,25,25,48,48,25,48"
745,Stage1,29.79,,,,,,,,5,,,
745,Stage2,29.79,16.33,,,,,,,5,4,,
745,PowerOpt,29.79,16.33,16.33,,,,"199.98,50.11,3.41,1.88,0.29,0.20,0.03",1.00,5,4,,
745,Stage3,29.79,16.33,16.33,16.46,,,,,5,4,25,
745,Stage3_PowerOpt,29.79,16.33,16.33,,16.46,,"49.98,12.54,0.87,0.47,0.07,0.05",1.00,5,4,25,
745,Stage4,29.79,16.33,16.33,,16.46,8.00;10.78;11.53;12.08;12.52;12.89;13.19;13.45;13.64;13.78;13.90;14.00;14.11;14.22;14.33;14.45;14.55;14.63;14.70;14.76;14.82;14.89;14.96;15.04;15.11;15.16;15.21;15.26;15.30;15.35;15.40;15.45;15.51;15.55;15.59;15.62;15.66,,,5,4,25,"25,25,25,25,25,25,25,25,25,25,25,25,25,25,25,25,25,25,25,25,25,25,25,25,25,25,25,25,25,25,25,25,25,25,25,25,25"
746,Stage1,31.49,,,,,,,,"4,9,0",,,
746,Stage2,31.49,27.57,,,,,,,"4,9,0",4,,
746,PowerOpt,31.49,27.57,27.57,,,,"202.85,42.43,4.13,3.43,1.19,1.12,0.43,0.12,0.10,0.06,0.03,0.02,0.01","2.99,0.01,0.00","4,9,0",4,,
746,Stage3,31.49,27.57,27.57,27.40,,,,,"4,9,0",4,25,
746,Stage3_PowerOpt,31.49,27.57,27.57,,27.40,,"50.58,10.91,1.05,0.73,0.30,0.24,0.11,0.03,0.02,0.01","2.99,0.01,0.00","4,9,0",4,25,
746,Stage4,31.49,27.57,27.57,,27.40,6.03;13.23;14.97;15.99;16.74;17.45;18.25;19.11;19.55;19.89;20.17;20.48;20.77;21.01;21.30;21.64;21.96;22.15;22.36;22.52;22.65;22.83;22.98;23.27;23.47;23.61;23.73;23.83;23.97;24.10;24.23;24.40;24.56;24.71;24.79;24.92;25.00;25.09;25.17;25.32;25.51;25.58;25.69;25.74;25.84;25.91;26.00;26.10,,,"4,9,0",4,25,"25,25,25,25,25,25,25,25,25,25,25,25,25,25,25,25,25,25,25,25,25,25,25,25,25,25,25,25,25,25,25,25,25,25,25,25,25,25,25,25,25,25,25,25,25,25,25,25"
747,Stage1,35.14,,,,,,,,4,,,
747,Stage2,35.14,16.50,,,,,,,4,4,,
747,PowerOpt,35.14,16.50,16.50,,,,"181.86,56.24,8.30,6.62,1.79,0.64,0.25,0.16,0.06,0.02",1.00,4,4,,
747,Stage3,35.14,16.50,16.50,16.46,,,,,4,4,33,
747,Stage3_PowerOpt,35.14,16.50,16.50,,16.46,,"45.68,14.20,2.08,1.38,0.37,0.16,0.06,0.04,0.01",1.00,4,4,33,
747,Stage4,35.14,16.50,16.50,,16.46,7.95;10.88;11.63;12.17;12.59;12.92;13.19;13.43;13.63;13.78;13.91;14.02;14.12;14.23;14.33;14.44;14.54;14.63;14.70;14.77;14.83;14.90;14.96;15.03;15.10;15.16;15.22;15.27;15.31;15.36;15.40;15.45;15.51;15.55;15.59;15.63;15.67,,,4,4,33,"33,33,33,33,33,33,33,33,33,33,33,33,33,33,33,33,33,33,33,33,33,33,33,33,33,33,33,33,33,33,33,33,33,33,33,33,33"
748,Stage1,31.69,,,,,,,,4,,,
748,Stage2,31.69,16.52,,,,,,,4,4,,
748,PowerOpt,31.69,16.52,16.52,,,,"177.36,52.54,17.48,5.38,1.55,0.70,0.66,0.11,0.08,0.05,0.02",1.00,4,4,,
748,Stage3,31.69,16.52,16.52,16.34,,,,,4,4,25,
748,Stage3_PowerOpt,31.69,16.52,16.52,,16.34,,"44.62,12.88,4.23,1.45,0.39,0.18,0.17,0.03,0.02,0.01",1.00,4,4,25,
748,Stage4,31.69,16.52,16.52,,16.34,8.15;10.71;11.51;12.07;12.50;12.83;13.09;13.31;13.50;13.64;13.76;13.88;14.00;14.11;14.21;14.32;14.42;14.49;14.57;14.64;14.70;14.77;14.84;14.90;14.97;15.03;15.08;15.13;15.18;15.23;15.27;15.32;15.38;15.42;15.46;15.50;15.53,,,4,4,25,"25,25,25,25,25,25,25,25,25,25,25,25,25,25,25,25,25,25,25,25,25,25,25,25,25,25,25,25,25,25,25,25,25,25,25,25,25"
749,Stage1,27.10,,,,,,,,5,,,
749,Stage2,27.10,16.30,,,,,,,5,4,,
749,PowerOpt,27.10,16.30,16.30,,,,"179.79,69.42,5.21,1.22,0.16,0.13",1.00,5,4,,
749,Stage3,27.10,16.30,16.30,16.22,,,,,5,4,33,
749,Stage3_PowerOpt,27.10,16.30,16.30,,16.22,,"45.05,17.26,1.30,0.31,0.04,0.03",1.00,5,4,33,
749,Stage4,27.10,16.30,16.30,,16.22,8.12;10.59;11.33;11.87;12.29;12.64;12.94;13.19;13.39;13.53;13.65;13.75;13.86;13.97;14.08;14.19;14.30;14.38;14.45;14.51;14.57;14.64;14.71;14.78;14.85;14.91;14.96;15.01;15.05;15.10;15.14;15.20;15.25;15.30;15.34;15.37;15.41,,,5,4,33,"33,33,33,33,33,33,33,33,33,33,33,33,33,33,33,33,33,33,33,33,33,33,33,33,33,33,33,33,33,33,33,33,33,33,33,33,33"
753,Stage1,45.59,,,,,,,,"9,1",,,
753,Stage2,45.59,27.90,,,,,,,"9,1",12,,
753,PowerOpt,45.59,27.90,27.90,,,,"40.01,32.97,23.11,21.55,19.15,18.36,14.66,11.27,10.48,9.49,8.79,7.52,7.00,6.14,4.69,3.75,3.17,2.80,2.46,1.61,1.31,1.12,0.95,0.76,0.68,0.56,0.41,0.35,0.18,0.15,0.12,0.11,0.08,0.07,0.05,0.03,0.02,0.01","1.76,0.24","9,1",12,,
753,Stage3,45.59,27.90,27.90,27.99,,,,,"9,1",12,31,
753,Stage3_PowerOpt,45.59,27.90,27.90,,27.99,,"9.41,7.50,6.01,5.35,5.04,4.64,3.33,2.93,2.83,2.50,2.22,2.06,1.91,1.62,1.22,1.03,0.82,0.68,0.53,0.44,0.34,0.29,0.24,0.22,0.20,0.16,0.12,0.11,0.07,0.05,0.04,0.03,0.02,0.02,0.01","1.75,0.25","9,1",12,31,
753,Stage4,45.59,27.90,27.90,,27.99,8.17;15.29;17.89;19.10;19.95;20.62;21.16;21.64;22.03;22.34;22.62;22.87;23.11;23.34;23.56;23.79;23.99;24.17;24.33;24.47;24.62;24.76;24.90;25.04;25.16;25.29;25.40;25.51;25.62;25.72;25.82;25.93;26.02;26.10;26.18;26.26;26.34;26.42;26.50;26.58;26.66,,,"9,1",12,31,"31,31,31,31,31,31,31,31,31,31,31,31,31,31,31,31,31,31,31,31,31,31,31,31,31,31,31,31,31,31,31,31,31,31,31,31,31,31,31,31,31"
757,Stage1,48.49,,,,,,,,"5,13",,,
757,Stage2,48.49,26.83,,,,,,,"5,13",12,,
757,PowerOpt,48.49,26.83,26.83,,,,"94.28,65.24,30.41,15.16,7.19,6.76,6.07,5.43,5.02,3.77,3.14,2.43,2.05,1.82,1.77,1.51,1.02,0.68,0.43,0.39,0.26,0.20,0.18,0.16,0.16,0.11,0.08,0.07,0.05,0.04,0.03,0.03,0.02","1.86,0.14","5,13",12,,
757,Stage3,48.49,26.83,26.83,26.44,,,,,"5,13",12,39,
757,Stage3_PowerOpt,48.49,26.83,26.83,,26.44,,"24.60,16.42,7.91,2.43,1.83,1.77,1.63,1.45,1.32,0.90,0.61,0.54,0.50,0.46,0.41,0.32,0.25,0.18,0.09,0.08,0.06,0.05,0.05,0.04,0.04,0.02,0.02,0.01,0.01","1.87,0.13","5,13",12,39,
757,Stage4,48.49,26.83,26.83,,26.44,8.86;14.16;16.48;17.73;18.57;19.21;19.73;20.21;20.62;20.95;21.24;21.49;21.73;21.95;22.17;22.38;22.56;22.72;22.87;23.01;23.15;23.28;23.41;23.55;23.68;23.79;23.89;24.00;24.10;24.20;24.29;24.40;24.50;24.58;24.66;24.74;24.82;24.90;24.98;25.06;25.14,,,"5,13",12,39,"39,39,39,39,39,39,39,39,39,39,39,39,39,39,39,39,39,39,39,39,39,39,39,39,39,39,39,39,39,39,39,39,39,39,39,39,39,39,39,39,39"
758,Stage1,40.52,,,,,,,,4,,,
758,Stage2,40.52,16.47,,,,,,,4,0,,
758,PowerOpt,40.52,16.47,16.47,,,,"164.51,65.84,18.94,2.08,1.71,1.39,0.60,0.28,0.19,0.15,0.11,0.06,0.04,0.02",1.00,4,0,,
758,Stage3,40.52,16.47,16.47,16.29,,,,,4,0,24,
758,Stage3_PowerOpt,40.52,16.47,16.47,,16.29,,"41.28,16.58,4.76,0.52,0.43,0.20,0.08,0.04,0.04,0.03,0.02,0.01",1.00,4,0,24,
758,Stage4,40.52,16.47,16.47,,16.29,8.13;10.69;11.44;11.97;12.38;12.72;13.01;13.27;13.46;13.60;13.72;13.83;13.94;14.05;14.16;14.28;14.38;14.45;14.52;14.59;14.65;14.72;14.79;14.86;14.93;14.99;15.04;15.08;15.13;15.17;15.22;15.28;15.33;15.38;15.41;15.45;15.49,,,4,0,24,"24,24,24,24,24,24,24,24,24,24,24,24,24,24,24,24,24,24,24,24,24,24,24,24,24,24,24,24,24,24,24,24,24,24,24,24,24"
759,Stage1,49.51,,,,,,,,"5,9",,,
759,Stage2,49.51,28.73,,,,,,,"5,9",12,,
759,PowerOpt,49.51,28.73,28.73,,,,"154.78,34.25,11.41,8.82,7.68,6.39,5.64,4.91,3.98,3.31,2.91,2.05,1.81,1.59,1.32,1.22,0.95,0.54,0.51,0.44,0.31,0.26,0.22,0.15,0.14,0.11,0.10,0.04,0.04,0.03,0.01,0.01","1.67,0.33","5,9",12,,
759,Stage3,49.51,28.73,28.73,28.38,,,,,"5,9",12,39,
759,Stage3_PowerOpt,49.51,28.73,28.73,,28.38,,"40.17,8.92,2.41,2.06,1.78,1.61,1.49,1.25,0.91,0.87,0.60,0.42,0.34,0.30,0.27,0.13,0.11,0.08,0.06,0.06,0.04,0.03,0.03,0.02,0.02","1.70,0.30","5,9",12,39,
759,Stage4,49.51,28.73,28.73,,28.38,9.77;15.86;18.52;19.77;20.65;21.28;21.82;22.26;22.65;22.97;23.23;23.47;23.70;23.91;24.13;24.34;24.54;24.70;24.85;24.99;25.12;25.25;25.38;25.53;25.66;25.78;25.88;25.98;26.07;26.17;26.27;26.37;26.47;26.56;26.64;26.72;26.79;26.86;26.94;27.02,,,"5,9",12,39,"39,39,39,39,39,39,39,39,39,39,39,39,39,39,39,39,39,39,39,39,39,39,39,39,39,39,39,39,39,39,39,39,39,39,39,39,39,39,39,39"
767,Stage1,49.87,,,,,,,,"4,9",,,
767,Stage2,49.87,27.77,,,,,,,"4,9",0,,
767,PowerOpt,49.87,27.77,27.77,,,,"94.32,51.51,37.52,17.33,10.44,5.95,5.54,5.25,4.89,2.24,2.03,1.92,1.86,1.78,1.74,1.65,1.56,1.36,1.20,0.92,0.60,0.56,0.49,0.44,0.36,0.33,0.29,0.21,0.18,0.17,0.15,0.13,0.12,0.11,0.10,0.09,0.07,0.07,0.06,0.05,0.04,0.04,0.04,0.03,0.03,0.03,0.03,0.02,0.02,0.02,0.02,0.01,0.01","1.87,0.13","4,9",0,,
767,Stage3,49.87,27.77,27.77,26.42,,,,,"4,9",0,"23,23,23,23,16",
767,Stage3_PowerOpt,49.87,27.77,27.77,,26.42,,"23.08,16.82,12.46,7.11,1.93,1.06,0.37,0.30,0.21,0.14,0.08,0.07,0.06,0.04,0.03,0.03,0.03,0.02,0.02,0.01,0.01,0.01,0.01","1.92,0.08","4,9",0,"23,23,23,23,16",
767,Stage4,49.87,27.77,27.77,,26.42,9.16;14.62;16.49;17.65;18.56;19.25;19.85;20.37;20.71;21.02;21.26;21.49;21.70;21.92;22.15;22.37;22.55;22.72;22.86;22.98;23.11;23.24;23.39;23.53;23.66;23.78;23.87;23.96;24.05;24.15;24.26;24.36;24.46;24.55;24.63;24.70;24.77;24.85;24.93;25.01;25.09;25.16,,,"4,9",0,"23,23,23,23,16","23,23,16,23,23,23,23,23,16,23,23,16,23,16,23,16,23,23,23,23,23,23,23,23,16,23,23,16,23,23,23,23,16,23,23,16,23,23,23,23,16,23"
768,Stage1,25.99,,,,,,,,15,,,
768,Stage2,25.99,16.93,,,,,,,15,15,,
768,PowerOpt,25.99,16.93,16.93,,,,"98.71,43.26,15.23,13.43,13.18,9.53,7.89,7.70,6.85,4.69,4.19,4.14,3.35,2.88,2.57,2.17,1.51,1.48,1.44,1.36,1.10,0.96,0.93,0.89,0.70,0.66,0.59,0.52,0.41,0.37,0.34,0.30,0.29,0.25,0.24,0.23,0.18,0.16,0.15,0.11,0.09,0.09,0.09,0.09,0.07,0.07,0.07,0.06,0.04,0.04,0.03,0.03,0.03,0.02,0.02,0.02,0.02,0.02,0.01,0.01,0.01,0.01",1.00,15,15,,
768,Stage3,25.99,16.93,16.93,16.86,,,,,15,15,31,
768,Stage3_PowerOpt,25.99,16.93,16.93,,16.86,,"25.55,15.84,4.22,3.56,2.83,2.39,1.41,0.93,0.85,0.79,0.72,0.68,0.54,0.50,0.38,0.36,0.30,0.28,0.25,0.21,0.17,0.16,0.14,0.12,0.11,0.10,0.08,0.07,0.06,0.05,0.05,0.05,0.03,0.03,0.03,0.02,0.02,0.02,0.01,0.01,0.01",1.00,15,15,31,
768,Stage4,25.99,16.93,16.93,,16.86,8.86;10.50;11.63;12.45;13.04;13.44;13.69;13.83;13.89;14.00;14.16;14.35;14.54;14.69;14.79;14.85;14.89;14.96;15.05;15.17;15.27;15.36;15.42;15.46;15.48;15.54;15.61;15.69;15.76;15.82;15.86;15.88;15.91;15.95;16.01;16.07,,,15,15,31,"31,31,31,31,31,31,31,31,31,31,31,31,31,31,31,31,31,31,31,31,31,31,31,31,31,31,31,31,31,31,31,31,31,31,31,31"
769,Stage1,19.68,,,,,,,,"15,7",,,
769,Stage2,19.68,17.64,,,,,,,"15,7",15,,
769,PowerOpt,19.68,17.64,17.63,,,,"139.93,37.82,34.22,13.84,7.99,5.55,3.32,2.93,1.48,1.37,0.92,0.87,0.68,0.64,0.60,0.45,0.38,0.35,0.26,0.25,0.21,0.21,0.17,0.15,0.15,0.14,0.13,0.11,0.10,0.09,0.09,0.08,0.05,0.05,0.05,0.04,0.03,0.03,0.02,0.02,0.02,0.02,0.02,0.02,0.01,0.01,0.01,0.01","1.92,0.08","15,7",15,,
769,Stage3,19.68,17.64,17.63,17.48,,,,,"15,7",15,31,
769,Stage3_PowerOpt,19.68,17.64,17.63,,17.48,,"31.55,11.36,8.74,3.40,2.44,1.44,1.11,0.93,0.87,0.64,0.31,0.27,0.17,0.11,0.09,0.08,0.07,0.05,0.05,0.04,0.04,0.03,0.03,0.03,0.02,0.02,0.01,0.01,0.01,0.01,0.01","1.93,0.07","15,7",15,31,
769,Stage4,19.68,17.64,17.63,,17.48,10.23;11.43;12.18;12.73;13.14;13.46;13.71;13.90;14.02;14.16;14.30;14.46;14.60;14.72;14.83;14.92;14.98;15.06;15.15;15.24;15.32;15.41;15.48;15.55;15.62;15.68;15.74;15.81;15.87;15.94;16.00;16.07;16.12;16.18;16.23;16.28;16.33;16.38;16.44;16.50;16.55;16.59;16.63,,,"15,7",15,31,"31,31,31,31,31,31,31,31,31,31,31,31,31,31,31,31,31,31,31,31,31,31,31,31,31,31,31,31,31,31,31,31,31,31,31,31,31,31,31,31,31,31,31"
770,Stage1,22.53,,,,,,,,11,,,
770,Stage2,22.53,16.92,,,,,,,11,11,,
770,PowerOpt,22.53,16.92,16.92,,,,"173.15,34.92,23.75,7.47,6.13,4.78,1.34,0.92,0.79,0.69,0.51,0.41,0.14,0.13,0.10,0.09,0.08,0.06,0.06,0.05,0.04,0.04,0.04,0.03,0.03,0.02,0.02,0.02,0.02,0.02,0.01,0.01,0.01,0.01,0.01",1.00,11,11,,
770,Stage3,22.53,16.92,16.92,16.82,,,,,11,11,30,
770,Stage3_PowerOpt,22.53,16.92,16.92,,16.82,,"49.93,7.05,3.27,1.78,0.69,0.45,0.36,0.19,0.07,0.07,0.04,0.03,0.02,0.01,0.01",1.00,11,11,30,
770,Stage4,22.53,16.92,16.92,,16.82,9.80;11.05;11.87;12.46;12.92;13.28;13.55;13.74;13.85;13.98;14.13;14.29;14.44;14.58;14.69;14.78;14.84;14.91;15.00;15.10;15.19;15.27;15.34;15.39;15.43;15.49;15.55;15.62;15.68;15.74;15.79;15.82;15.86;15.91;15.96;16.01,,,11,11,30,"30,30,30,30,30,30,30,30,30,30,30,30,30,30,30,30,30,30,30,30,30,30,30,30,30,30,30,30,30,30,30,30,30,30,30,30"
771,Stage1,21.33,,,,,,,,11,,,
771,Stage2,21.33,17.19,,,,,,,11,11,,
771,PowerOpt,21.33,17.19,17.19,,,,"164.58,50.58,16.99,6.71,5.55,3.83,3.21,1.55,1.20,0.62,0.35,0.13,0.11,0.08,0.07,0.05,0.04,0.03,0.03,0.03,0.02,0.02,0.02,0.02,0.02,0.02,0.01,0.01,0.01",1.00,11,11,,
771,Stage3,21.33,17.19,17.19,17.13,,,,,11,11,30,
771,Stage3_PowerOpt,21.33,17.19,17.19,,17.13,,"44.69,13.62,1.88,1.42,1.01,0.47,0.39,0.27,0.10,0.05,0.03,0.01,0.01",1.00,11,11,30,
771,Stage4,21.33,17.19,17.19,,17.13,9.53;10.92;11.84;12.53;13.07;13.47;13.77;13.99;14.07;14.19;14.34;14.51;14.68;14.83;14.96;15.05;15.10;15.17;15.26;15.37;15.47;15.56;15.63;15.68;15.72;15.78;15.85;15.92;15.99;16.05;16.10;16.13;16.17;16.21;16.27;16.32,,,11,11,30,"30,30,30,30,30,30,30,30,30,30,30,30,30,30,30,30,30,30,30,30,30,30,30,30,30,30,30,30,30,30,30,30,30,30,30,30"
772,Stage1,21.57,,,,,,,,11,,,
772,Stage2,21.57,17.30,,,,,,,11,11,,
772,PowerOpt,21.57,17.30,17.30,,,,"180.27,48.92,11.26,6.61,5.52,1.27,0.66,0.55,0.48,0.07,0.06,0.03,0.02,0.02,0.02,0.02,0.02,0.02,0.01,0.01,0.01,0.01",1.00,11,11,,
772,Stage3,21.57,17.30,17.30,17.29,,,,,11,11,30,
772,Stage3_PowerOpt,21.57,17.30,17.30,,17.29,,"46.18,12.32,2.87,1.59,0.48,0.31,0.12,0.05,0.04,0.01",1.00,11,11,30,
772,Stage4,21.57,17.30,17.30,,17.29,8.53;10.30;11.52;12.42;13.09;13.59;13.95;14.19;14.23;14.33;14.47;14.64;14.83;15.00;15.14;15.23;15.27;15.33;15.41;15.52;15.63;15.73;15.80;15.85;15.88;15.93;16.00;16.08;16.15;16.22;16.26;16.29;16.32;16.37;16.42;16.48,,,11,11,30,"30,30,30,30,30,30,30,30,30,30,30,30,30,30,30,30,30,30,30,30,30,30,30,30,30,30,30,30,30,30,30,30,30,30,30,30"
773,Stage1,21.33,,,,,,,,11,,,
773,Stage2,21.33,17.13,,,,,,,11,11,,
773,PowerOpt,21.33,17.13,17.13,,,,"157.21,29.82,27.11,10.85,7.42,6.29,4.63,3.21,3.09,1.71,1.19,0.72,0.57,0.54,0.40,0.36,0.26,0.17,0.09,0.05,0.05,0.04,0.04,0.03,0.03,0.02,0.02",1.00,11,11,,
773,Stage3,21.33,17.13,17.13,17.12,,,,,11,11,30,
773,Stage3_PowerOpt,21.33,17.13,17.13,,17.12,,"34.73,10.20,5.96,3.49,3.12,1.86,0.94,0.85,0.72,0.66,0.51,0.30,0.17,0.14,0.08,0.07,0.04,0.04,0.03,0.03,0.02,0.02",1.00,11,11,30,
773,Stage4,21.33,17.13,17.13,,17.12,9.00;10.44;11.45;12.26;12.92;13.43;13.80;14.04;14.10;14.19;14.32;14.49;14.67;14.85;14.99;15.08;15.12;15.18;15.26;15.36;15.47;15.57;15.65;15.70;15.73;15.78;15.84;15.92;16.00;16.06;16.11;16.14;16.16;16.21;16.26;16.32,,,11,11,30,"30,30,30,30,30,30,30,30,30,30,30,30,30,30,30,30,30,30,30,30,30,30,30,30,30,30,30,30,30,30,30,30,30,30,30,30"
774,Stage1,37.11,,,,,,,,"1,13",,,
774,Stage2,37.11,23.27,,,,,,,"1,13","13,0",,
774,PowerOpt,37.11,23.27,23.27,,,,"230.69,18.32,2.73,2.14,1.04,0.51,0.18,0.12,0.11,0.03,0.02,0.02,0.01","1.97,0.03","1,13","13,0",,
774,Stage3,37.11,23.27,23.27,22.53,,,,,"1,13","13,0","51,56,43,56,43",
774,Stage3_PowerOpt,37.11,23.27,23.27,,22.53,,"58.12,4.52,0.64,0.34,0.17,0.12,0.03,0.03,0.02","1.98,0.02","1,13","13,0","51,56,43,56,43",
774,Stage4,37.11,23.27,23.27,,22.53,8.09;11.17;13.01;14.19;14.79;15.46;16.04;16.51;16.88;17.17;17.43;17.66;17.88;18.12;18.32;18.56;18.77;18.92;19.06;19.20;19.33;19.47;19.61;19.80;19.92;20.04;20.18;20.21;20.29;20.39;20.53;20.65;20.73;20.78;20.85;20.95;21.02;21.11;21.13;21.20;21.29;21.38;21.48,,,"1,13","13,0","51,56,43,56,43","51,56,43,56,43,56,43,56,43,56,43,43,56,43,56,43,56,56,43,56,43,43,56,43,43,43,43,51,56,43,51,56,43,43,56,43,43,43,56,56,56,43,43"
775,Stage1,34.35,,,,,,,,"1,13",,,
775,Stage2,34.35,21.65,,,,,,,"1,13",13,,
775,PowerOpt,34.35,21.65,21.65,,,,"200.78,47.26,6.54,0.99,0.20,0.07,0.06,0.02,0.01,0.01","2.00,0.00","1,13",13,,
775,Stage3,34.35,21.65,21.65,21.04,,,,,"1,13",13,"51,51,51,26,51",
775,Stage3_PowerOpt,34.35,21.65,21.65,,21.04,,"50.77,11.42,1.52,0.20,0.05,0.01,0.01","2.00,0.00","1,13",13,"51,51,51,26,51",
775,Stage4,34.35,21.65,21.65,,21.04,6.80;11.45;12.14;12.81;13.41;13.97;14.48;14.95;15.29;15.55;15.75;15.93;16.12;16.33;16.58;16.82;16.98;17.11;17.24;17.40;17.52;17.65;17.77;17.95;18.06;18.15;18.28;18.33;18.46;18.57;18.69;18.82;18.92;18.97;19.03;19.12;19.15;19.24;19.36;19.47;19.56;19.60;19.63;19.69;19.77;19.84;19.94;20.04,,,"1,13",13,"51,51,51,26,51","51,51,51,51,51,51,51,51,26,26,51,26,51,51,51,51,51,26,26,26,51,51,51,51,51,51,51,26,51,51,51,51,26,26,51,26,51,26,51,51,26,26,51,26,26,51,51,51"
776,Stage1,50.50,,,,,,,,4,,,
776,Stage2,50.50,15.92,,,,,,,4,0,,
776,PowerOpt,50.50,15.92,15.92,,,,"201.49,39.46,4.08,3.01,1.60,1.13,0.81,0.79,0.70,0.58,0.46,0.36,0.18,0.16,0.15,0.13,0.13,0.12,0.10,0.09,0.08,0.06,0.05,0.04,0.03,0.02,0.02,0.02,0.02,0.02,0.01,0.01,0.01",1.00,4,0,,
776,Stage3,50.50,15.92,15.92,15.77,,,,,4,0,56,
776,Stage3_PowerOpt,50.50,15.92,15.92,,15.77,,"52.25,10.24,0.78,0.41,0.15,0.06,0.02,0.02,0.01",1.00,4,0,56,
776,Stage4,50.50,15.92,15.92,,15.77,8.20;10.23;10.93;11.45;11.86;12.21;12.50;12.76;12.96;13.10;13.21;13.31;13.42;13.52;13.64;13.76;13.86;13.94;14.00;14.07;14.13;14.19;14.26;14.34;14.41;14.47;14.51;14.55;14.60;14.65;14.70;14.76;14.81;14.85;14.89;14.92;14.96;14.99,,,4,0,56,"56,56,56,56,56,56,56,56,56,56,56,56,56,56,56,56,56,56,56,56,56,56,56,56,56,56,56,56,56,56,56,56,56,56,56,56,56,56"
777,Stage1,45.83,,,,,,,,"1,9,5",,,
777,Stage2,45.83,33.30,,,,,,,"1,9,5",14,,
777,PowerOpt,45.83,33.30,33.30,,,,"120.02,93.64,24.80,9.13,3.47,2.51,1.45,0.59,0.16,0.07,0.03,0.02,0.01","2.67,0.25,0.08","1,9,5",14,,
777,Stage3,45.83,33.30,33.30,32.88,,,,,"1,9,5",14,"3,26,60,60,26",
777,Stage3_PowerOpt,45.83,33.30,33.30,,32.88,,"29.10,21.17,5.97,4.73,1.42,0.86,0.32,0.27,0.04,0.03,0.01,0.01","2.53,0.35,0.12","1,9,5",14,"3,26,60,60,26",
777,Stage4,45.83,33.30,33.30,,32.88,9.05;13.93;16.17;17.88;19.47;20.46;21.65;22.46;23.49;24.01;24.40;24.77;25.07;25.42;25.74;26.08;26.55;26.90;27.16;27.38;27.58;27.77;28.05;28.21;28.59;28.83;29.03;29.21;29.41;29.66;29.63;29.71;30.07;30.18;30.31;30.58;30.63;30.65;30.64;30.94;31.13;31.17;31.29,,,"1,9,5",14,"3,26,60,60,26","60,26,60,26,60,26,60,60,60,60,26,60,60,26,26,60,60,60,60,60,60,60,60,26,26,60,60,60,60,3,3,26,60,60,26,60,3,3,60,26,26,3,26"
778,Stage1,46.50,,,,,,,,"5,14",,,
778,Stage2,46.50,26.27,,,,,,,"5,14",14,,
778,PowerOpt,46.50,26.27,26.27,,,,"132.96,52.26,26.39,23.98,8.04,5.55,3.64,1.28,0.49,0.43,0.39,0.19,0.13,0.10,0.05,0.02,0.01,0.01,0.01","1.38,0.62","5,14",14,,
778,Stage3,46.50,26.27,26.27,26.08,,,,,"5,14",14,"27,4,26,4,26",
778,Stage3_PowerOpt,46.50,26.27,26.27,,26.08,,"38.23,9.65,7.30,3.95,2.22,1.54,0.69,0.10,0.09,0.06,0.05,0.04,0.02,0.01","1.55,0.45","5,14",14,"27,4,26,4,26",
778,Stage4,46.50,26.27,26.27,,26.08,8.82;14.50;16.03;17.09;17.92;18.56;19.15;19.63;20.10;20.44;20.70;20.93;21.13;21.32;21.51;21.70;21.97;22.17;22.35;22.50;22.62;22.74;22.87;22.99;23.18;23.33;23.46;23.57;23.67;23.76;23.84;23.93;24.07;24.19;24.29;24.38;24.46;24.54;24.61;24.68;24.79,,,"5,14",14,"27,4,26,4,26","26,4,26,4,26,4,26,4,4,26,4,26,26,26,26,4,4,26,4,4,26,4,26,26,26,4,4,4,26,26,4,26,26,4,4,26,4,26,4,26,26"
779,Stage1,47.26,,,,,,,,"9,2,5",,,
779,Stage2,47.26,34.71,,,,,,,"9,2,5",13,,
779,PowerOpt,47.26,34.71,34.71,,,,"151.43,60.08,16.80,9.24,4.93,4.27,2.69,1.77,1.48,1.16,0.73,0.47,0.31,0.22,0.09,0.08,0.05,0.04,0.03,0.02,0.01,0.01,0.01,0.01","2.82,0.11,0.07","9,2,5",13,,
779,Stage3,47.26,34.71,34.71,32.23,,,,,"9,2,5",13,"19,27,27,12,27",
779,Stage3_PowerOpt,47.26,34.71,34.71,,32.23,,"39.10,15.47,4.33,2.25,1.21,0.52,0.41,0.30,0.12,0.10,0.07,0.05,0.02,0.02,0.01","2.86,0.08,0.06","9,2,5",13,"19,27,27,12,27",
779,Stage4,47.26,34.71,34.71,,32.23,9.37;13.34;16.17;17.76;19.02;20.07;21.09;22.13;22.74;23.23;23.66;23.98;24.28;24.53;24.80;25.10;25.56;25.98;26.22;26.41;26.60;26.78;26.97;27.12;27.35;27.61;27.82;27.99;28.13;28.29;28.44;28.55;28.70;28.86;29.02;29.17;29.32;29.54;29.66;29.76;29.97;30.10;30.26;30.35;30.45;30.54;30.60;30.68,,,"9,2,5",13,"19,27,27,12,27","27,12,27,27,27,19,27,19,19,27,19,19,27,19,27,27,12,27,19,27,19,27,19,27,12,19,27,27,27,12,27,12,19,27,27,27,27,27,27,12,27,27,12,27,19,19,19,12"
780,Stage1,45.10,,,,,,,,"13,5,3",,,
780,Stage2,45.10,32.41,,,,,,,"13,5,3",13,,
780,PowerOpt,45.10,32.41,32.41,,,,"165.53,30.60,13.86,10.90,9.15,7.42,5.87,4.17,2.22,1.92,1.34,0.86,0.56,0.40,0.34,0.18,0.15,0.14,0.09,0.08,0.06,0.02,0.02,0.02,0.02,0.01","2.91,0.06,0.03","13,5,3",13,,
780,Stage3,45.10,32.41,32.41,31.34,,,,,"13,5,3",13,"19,19,26,19,19",
780,Stage3_PowerOpt,45.10,32.41,32.41,,31.34,,"45.24,8.22,2.97,2.77,1.60,1.52,0.56,0.30,0.24,0.16,0.12,0.08,0.05,0.05,0.03,0.02,0.02,0.01","2.90,0.06,0.04","13,5,3",13,"19,19,26,19,19",
780,Stage4,45.10,32.41,32.41,,31.34,9.06;12.81;15.02;16.76;18.14;19.33;20.31;21.09;21.89;22.43;22.78;23.16;23.48;23.75;24.18;24.45;24.84;25.21;25.43;25.68;25.87;26.08;26.24;26.44;26.74;26.95;27.10;27.22;27.35;27.49;27.63;27.76;27.98;28.16;28.31;28.43;28.54;28.65;28.76;28.89;29.10;29.25;29.36;29.46;29.54;29.64;29.73;29.82,,,"13,5,3",13,"19,19,26,19,19","19,19,26,19,19,19,19,26,26,26,19,26,19,26,19,19,26,19,19,26,19,26,19,26,19,19,19,26,19,26,26,19,19,19,26,19,26,19,19,26,19,19,19,26,19,19,26,19"
781,Stage1,45.37,,,,,,,,"5,9,13,0",,,
781,Stage2,45.37,40.81,,,,,,,"5,9,13,0",1,,
781,PowerOpt,45.37,40.81,40.81,,,,"160.13,37.61,27.32,10.78,5.13,4.33,2.90,2.71,1.37,1.24,0.57,0.39,0.30,0.22,0.20,0.18,0.17,0.10,0.07,0.04,0.03,0.02,0.01,0.01,0.01,0.01","3.53,0.40,0.05,0.01","5,9,13,0",1,,
781,Stage3,45.37,40.81,40.81,38.75,,,,,"5,9,13,0",1,"17,26,56,17",
781,Stage3_PowerOpt,45.37,40.81,40.81,,38.75,,"42.55,11.11,3.72,1.95,1.48,0.92,0.83,0.73,0.23,0.12,0.08,0.06,0.06,0.04,0.03,0.02,0.02,0.01","3.69,0.24,0.06,0.01","5,9,13,0",1,"17,26,56,17",
781,Stage4,45.37,40.81,40.81,,38.75,9.78;15.43;18.90;21.36;23.03;24.61;25.67;26.84;27.53;28.13;28.61;29.05;29.51;29.91;30.32;30.78;31.22;31.49;31.80;32.02;32.22;32.45;32.65;32.97;33.36;33.56;33.71;33.90;34.10;34.29;34.48;34.75;34.98;35.15;35.32;35.48;35.61;35.75;35.88;36.04;36.21;36.35;36.48;36.59;36.69;36.80;36.93,,,"5,9,13,0",1,"17,26,56,17","17,56,26,17,56,17,26,17,56,26,17,26,56,17,56,17,17,56,17,56,56,17,56,17,26,17,56,26,26,26,17,17,17,17,17,26,56,17,56,26,17,17,17,17,56,17,26"
782,Stage1,40.79,,,,,,,,"4,9,4",,,
782,Stage2,40.79,32.14,,,,,,,"4,9,4",5,,
782,PowerOpt,40.79,32.14,32.14,,,,"177.81,61.58,11.13,1.84,0.74,0.50,0.43,0.43,0.27,0.19,0.18,0.14,0.10,0.09,0.08,0.07,0.06,0.05,0.04,0.03,0.03,0.02,0.02,0.02,0.02,0.02,0.01","2.96,0.03,0.00","4,9,4",5,,
782,Stage3,40.79,32.14,32.14,31.99,,,,,"4,9,4",5,25,
782,Stage3_PowerOpt,40.79,32.14,32.14,,31.99,,"44.26,15.76,2.76,0.45,0.16,0.11,0.10,0.09,0.06,0.04,0.04,0.03,0.02,0.02,0.01,0.01","2.97,0.03,0.00","4,9,4",5,25,
782,Stage4,40.79,32.14,32.14,,31.99,10.32;14.83;17.11;18.77;20.22;21.10;21.90;22.62;23.21;23.66;24.06;24.39;24.74;25.08;25.42;25.73;26.07;26.32;26.57;26.78;26.98;27.19;27.40;27.62;27.84;28.03;28.19;28.34;28.48;28.63;28.78;28.93;29.11;29.23;29.35;29.46;29.57;29.68;29.81;29.95;30.05;30.14;30.25;30.33;30.42,,,"4,9,4",5,25,"25,25,25,25,25,25,25,25,25,25,25,25,25,25,25,25,25,25,25,25,25,25,25,25,25,25,25,25,25,25,25,25,25,25,25,25,25,25,25,25,25,25,25,25,25"
783,Stage1,45.46,,,,,,,,"4,0,9",,,
783,Stage2,45.46,35.25,,,,,,,"4,0,9",5,,
783,PowerOpt,45.46,35.25,35.25,,,,"167.16,62.05,5.81,4.90,3.30,2.60,2.12,1.90,1.52,0.96,0.61,0.56,0.49,0.43,0.39,0.25,0.12,0.12,0.11,0.10,0.09,0.07,0.06,0.05,0.05,0.02,0.02,0.02,0.02,0.01,0.01,0.01","2.87,0.11,0.02","4,0,9",5,,
783,Stage3,45.46,35.25,35.25,33.08,,,,,"4,0,9",5,"25,1,26,26,1",
783,Stage3_PowerOpt,45.46,35.25,35.25,,33.08,,"41.21,14.90,1.61,1.37,1.04,1.00,0.66,0.49,0.47,0.35,0.19,0.16,0.14,0.12,0.07,0.05,0.03,0.02,0.02,0.02,0.01,0.01,0.01","2.84,0.15,0.02","4,0,9",5,"25,1,26,26,1",
783,Stage4,45.46,35.25,35.25,,33.08,9.70;14.69;16.97;19.30;20.67;21.60;22.61;23.48;24.17;24.59;25.00;25.38;25.71;26.03;26.36;26.70;27.07;27.33;27.57;27.78;28.01;28.22;28.42;28.62;28.85;29.03;29.20;29.35;29.52;29.67;29.83;29.97;30.11;30.27;30.40;30.52;30.65;30.78;30.90;31.01;31.13;31.24;31.35;31.45,,,"4,0,9",5,"25,1,26,26,1","1,26,1,26,25,26,1,26,26,1,26,1,26,1,26,1,26,26,26,26,1,26,26,1,26,26,1,26,1,26,26,26,26,1,26,1,26,1,26,26,26,1,26,1"
784,Stage1,32.19,,,,,,,,4,,,
784,Stage2,32.19,16.36,,,,,,,4,13,,
784,PowerOpt,32.19,16.36,16.36,,,,"36.51,36.12,35.29,31.87,31.34,30.02,25.06,21.81,7.88,0.05",1.00,4,13,,
784,Stage3,32.19,16.36,16.36,16.31,,,,,4,13,51,
784,Stage3_PowerOpt,32.19,16.36,16.36,,16.31,,"10.74,9.87,9.66,9.61,8.35,6.71,5.27,3.78",1.00,4,13,51,
784,Stage4,32.19,16.36,16.36,,16.31,8.02;10.56;11.45;11.95;12.33;12.67;12.93;13.11;13.27;13.45;13.61;13.77;13.90;14.03;14.15;14.25;14.32;14.41;14.50;14.59;14.67;14.75;14.83;14.88;14.93;14.98;15.05;15.11;15.17;15.23;15.28;15.32;15.35;15.40;15.44;15.49;15.54,,,4,13,51,"51,51,51,51,51,51,51,51,51,51,51,51,51,51,51,51,51,51,51,51,51,51,51,51,51,51,51,51,51,51,51,51,51,51,51,51,51"
785,Stage1,37.00,,,,,,,,"4,0",,,
785,Stage2,37.00,26.98,,,,,,,"4,0",0,,
785,PowerOpt,37.00,26.98,26.98,,,,"94.42,68.76,61.01,16.91,10.57,1.32,1.22,0.92,0.44,0.23,0.06,0.05,0.02","1.93,0.07","4,0",0,,
785,Stage3,37.00,26.98,26.98,25.46,,,,,"4,0",0,"25,48,48,25,25",
785,Stage3_PowerOpt,37.00,26.98,26.98,,25.46,,"26.68,21.78,8.52,4.07,2.16,0.33,0.15,0.12,0.11,0.03,0.02","1.95,0.05","4,0",0,"25,48,48,25,25",
785,Stage4,37.00,26.98,26.98,,25.46,8.20;13.96;15.44;16.83;17.68;18.41;18.94;19.40;19.80;20.10;20.34;20.56;20.78;21.00;21.21;21.43;21.62;21.79;21.94;22.07;22.19;22.33;22.46;22.60;22.73;22.86;22.96;23.05;23.14;23.24;23.33;23.44;23.54;23.63;23.71;23.78;23.85;23.93;24.01;24.09;24.16;24.24,,,"4,0",0,"25,48,48,25,25","48,25,48,25,25,48,25,48,25,48,25,48,25,48,25,48,25,48,25,48,25,48,25,48,48,25,25,48,25,25,48,25,48,48,25,25,48,48,25,48,25,48"
786,Stage1,32.98,,,,,,,,"5,0,9",,,
786,Stage2,32.98,27.99,,,,,,,"5,0,9",4,,
786,PowerOpt,32.98,27.99,27.99,,,,"156.48,75.33,15.51,5.19,1.68,0.66,0.58,0.18,0.09,0.07,0.05,0.03,0.03,0.02,0.02,0.01","2.99,0.01,0.00","5,0,9",4,,
786,Stage3,32.98,27.99,27.99,27.81,,,,,"5,0,9",4,25,
786,Stage3_PowerOpt,32.98,27.99,27.99,,27.81,,"39.66,18.77,3.68,1.07,0.42,0.16,0.12,0.04,0.01,0.01,0.01","2.99,0.01,0.00","5,0,9",4,25,
786,Stage4,32.98,27.99,27.99,,27.81,5.95;12.96;14.70;15.93;16.86;17.77;18.59;19.14;19.70;20.11;20.46;20.78;21.06;21.35;21.62;21.91;22.22;22.44;22.64;22.83;23.00;23.16;23.36;23.55;23.77;23.94;24.09;24.23;24.37;24.49;24.62;24.77;24.93;25.07;25.18;25.29;25.39;25.48;25.60;25.72;25.87;25.97;26.06;26.15;26.24;26.32;26.41;26.51,,,"5,0,9",4,25,"25,25,25,25,25,25,25,25,25,25,25,25,25,25,25,25,25,25,25,25,25,25,25,25,25,25,25,25,25,25,25,25,25,25,25,25,25,25,25,25,25,25,25,25,25,25,25,25"
787,Stage1,32.12,,,,,,,,"4,9,0",,,
787,Stage2,32.12,27.90,,,,,,,"4,9,0",4,,
787,PowerOpt,32.12,27.90,27.90,,,,"199.48,40.94,9.82,2.95,1.13,0.98,0.31,0.17,0.11,0.02,0.01","2.98,0.02,0.00","4,9,0",4,,
787,Stage3,32.12,27.90,27.90,27.73,,,,,"4,9,0",4,25,
787,Stage3_PowerOpt,32.12,27.90,27.90,,27.73,,"49.88,10.31,2.47,0.67,0.26,0.24,0.08,0.04,0.02","2.98,0.02,0.00","4,9,0",4,25,
787,Stage4,32.12,27.90,27.90,,27.73,6.85;13.15;15.09;16.40;17.30;18.12;18.81;19.45;19.96;20.31;20.62;20.89;21.15;21.42;21.73;22.05;22.35;22.56;22.73;22.92;23.07;23.24;23.43;23.64;23.85;24.01;24.14;24.27;24.38;24.51;24.64;24.80;24.97;25.10;25.20;25.31;25.39;25.49;25.60;25.72;25.86;25.97;26.05;26.14;26.22;26.30;26.38,,,"4,9,0",4,25,"25,25,25,25,25,25,25,25,25,25,25,25,25,25,25,25,25,25,25,25,25,25,25,25,25,25,25,25,25,25,25,25,25,25,25,25,25,25,25,25,25,25,25,25,25,25,25"
788,Stage1,28.97,,,,,,,,4,,,
788,Stage2,28.97,16.41,,,,,,,4,4,,
788,PowerOpt,28.97,16.41,16.41,,,,"199.15,47.91,4.14,3.11,0.90,0.27,0.15,0.11,0.11,0.06,0.02",1.00,4,4,,
788,Stage3,28.97,16.41,16.41,16.32,,,,,4,4,33,
788,Stage3_PowerOpt,28.97,16.41,16.41,,16.32,,"49.95,11.98,1.00,0.70,0.20,0.06,0.04,0.03,0.01",1.00,4,4,33,
788,Stage4,28.97,16.41,16.41,,16.32,7.95;10.78;11.48;12.00;12.40;12.74;13.02;13.27;13.48;13.63;13.75;13.86;13.96;14.06;14.17;14.28;14.40;14.48;14.55;14.62;14.68;14.74;14.80;14.87;14.95;15.01;15.07;15.11;15.15;15.20;15.24;15.29;15.36;15.40;15.44;15.48;15.51,,,4,4,33,"33,33,33,33,33,33,33,33,33,33,33,33,33,33,33,33,33,33,33,33,33,33,33,33,33,33,33,33,33,33,33,33,33,33,33,33,33"
789,Stage1,26.91,,,,,,,,4,,,
789,Stage2,26.91,16.45,,,,,,,4,4,,
789,PowerOpt,26.91,16.45,16.45,,,,"184.44,65.83,4.97,0.58,0.09,0.05",1.00,4,4,,
789,Stage3,26.91,16.45,16.45,16.28,,,,,4,4,33,
789,Stage3_PowerOpt,26.91,16.45,16.45,,16.28,,"46.31,16.26,1.24,0.14,0.02,0.01",1.00,4,4,33,
789,Stage4,26.91,16.45,16.45,,16.28,8.08;10.69;11.44;11.98;12.40;12.74;13.03;13.27;13.46;13.60;13.73;13.84;13.94;14.05;14.16;14.27;14.37;14.45;14.52;14.59;14.65;14.72;14.78;14.85;14.92;14.98;15.03;15.08;15.12;15.17;15.22;15.27;15.32;15.37;15.41;15.44;15.48,,,4,4,33,"33,33,33,33,33,33,33,33,33,33,33,33,33,33,33,33,33,33,33,33,33,33,33,33,33,33,33,33,33,33,33,33,33,33,33,33,33"
790,Stage1,46.56,,,,,,,,"4,12,14",,,
790,Stage2,46.56,33.29,,,,,,,"4,12,14",4,,
790,PowerOpt,46.56,33.29,33.29,,,,"40.17,23.48,19.33,17.11,14.42,14.28,13.32,11.93,10.55,9.91,9.03,8.22,7.71,7.23,6.59,6.11,5.42,5.04,4.06,3.30,2.94,2.38,2.00,1.76,1.57,1.27,1.14,0.90,0.70,0.59,0.51,0.46,0.38,0.34,0.29,0.26,0.20,0.18,0.16,0.14,0.10,0.08,0.07,0.06,0.05,0.04,0.04,0.03,0.03,0.02,0.02,0.01,0.01","2.68,0.30,0.02","4,12,14",4,,
790,Stage3,46.56,33.29,33.29,33.23,,,,,"4,12,14",4,17,
790,Stage3_PowerOpt,46.56,33.29,33.29,,33.23,,"10.70,6.14,4.68,4.29,3.86,3.66,3.26,3.05,2.61,2.50,2.32,2.12,1.93,1.62,1.57,1.35,1.27,1.11,1.07,0.79,0.69,0.61,0.47,0.43,0.36,0.34,0.16,0.14,0.13,0.12,0.11,0.08,0.07,0.07,0.06,0.05,0.04,0.04,0.03,0.03,0.02,0.02,0.01,0.01","2.69,0.30,0.02","4,12,14",4,17,
790,Stage4,46.56,33.29,33.29,,33.23,8.18;14.88;17.44;19.32;20.69;21.81;22.69;23.54;24.23;24.78;25.23;25.64;25.99;26.33;26.66;27.00;27.28;27.55;27.76;28.00;28.20;28.44;28.64;28.84;29.03;29.22;29.38;29.53;29.67;29.81;29.96;30.10;30.26;30.39;30.52;30.63;30.74;30.86;30.97;31.09;31.21;31.32;31.43;31.53;31.63,,,"4,12,14",4,17,"17,17,17,17,17,17,17,17,17,17,17,17,17,17,17,17,17,17,17,17,17,17,17,17,17,17,17,17,17,17,17,17,17,17,17,17,17,17,17,17,17,17,17,17,17"
791,Stage1,31.41,,,,,,,,4,,,
791,Stage2,31.41,16.27,,,,,,,4,4,,
791,PowerOpt,31.41,16.27,16.27,,,,"212.63,38.13,2.62,2.23,0.26,0.06",1.00,4,4,,
791,Stage3,31.41,16.27,16.27,16.11,,,,,4,4,33,
791,Stage3_PowerOpt,31.41,16.27,16.27,,16.11,,"53.08,9.61,0.66,0.56,0.07,0.02",1.00,4,4,33,
791,Stage4,31.41,16.27,16.27,,16.11,8.07;10.59;11.30;11.81;12.21;12.55;12.84;13.09;13.29;13.44;13.56;13.66;13.76;13.87;13.97;14.09;14.20;14.28;14.35;14.41;14.47;14.53;14.60;14.68;14.75;14.81;14.86;14.90;14.95;14.99;15.04;15.09;15.15;15.19;15.23;15.27;15.30;15.34,,,4,4,33,"33,33,33,33,33,33,33,33,33,33,33,33,33,33,33,33,33,33,33,33,33,33,33,33,33,33,33,33,33,33,33,33,33,33,33,33,33,33"
792,Stage1,51.14,,,,,,,,"9,5",,,
792,Stage2,51.14,29.45,,,,,,,"9,5",12,,
792,PowerOpt,51.14,29.45,29.45,,,,"73.67,56.23,47.00,24.66,17.98,11.53,8.94,5.66,4.77,1.93,1.36,0.72,0.48,0.25,0.18,0.13,0.10,0.08,0.07,0.06,0.03,0.03,0.02,0.02,0.02,0.01","1.77,0.23","9,5",12,,
792,Stage3,51.14,29.45,29.45,29.67,,,,,"9,5",12,39,
792,Stage3_PowerOpt,51.14,29.45,29.45,,29.67,,"19.40,12.84,11.89,6.24,4.20,2.94,2.27,1.47,1.34,0.53,0.34,0.19,0.12,0.07,0.04,0.03,0.02,0.02,0.02,0.01","1.77,0.23","9,5",12,39,
792,Stage4,51.14,29.45,29.45,,29.67,7.18;16.77;19.61;20.88;21.76;22.43;22.99;23.46;23.78;24.08;24.34;24.59;24.82;25.04;25.25;25.47;25.65;25.81;25.96;26.11;26.24;26.38;26.52;26.66;26.78;26.90;27.01;27.11;27.21;27.32;27.42;27.53;27.62;27.71;27.79;27.87;27.96;28.04;28.12;28.20,,,"9,5",12,39,"39,39,39,39,39,39,39,39,39,39,39,39,39,39,39,39,39,39,39,39,39,39,39,39,39,39,39,39,39,39,39,39,39,39,39,39,39,39,39,39"
794,Stage1,40.47,,,,,,,,"9,5,5",,,
794,Stage2,40.47,35.60,,,,,,,"9,5,5",11,,
794,PowerOpt,40.47,35.60,35.60,,,,"46.35,32.61,30.80,27.12,23.24,20.83,16.29,15.31,9.78,9.24,7.93,6.87,6.46,3.13","2.71,0.25,0.04","9,5,5",11,,
794,Stage3,40.47,35.60,35.60,32.72,,,,,"9,5,5",11,"38,30,39,38,38",
794,Stage3_PowerOpt,40.47,35.60,35.60,,32.72,,"15.96,13.05,6.76,5.60,5.11,4.15,3.36,2.14,2.02,1.93,1.67,1.09,0.68,0.48","2.76,0.21,0.03","9,5,5",11,"38,30,39,38,38",
794,Stage4,40.47,35.60,35.60,,32.72,8.86;14.10;16.90;18.85;20.09;20.99;21.72;22.35;23.36;24.02;24.56;24.98;25.35;25.68;25.97;26.25;26.61;26.96;27.26;27.53;27.74;27.95;28.15;28.35;28.56;28.76;28.92;29.07;29.24;29.40;29.55;29.73;29.89;30.01;30.14;30.28;30.40;30.56;30.66;30.75;30.89;31.00;31.10,,,"9,5,5",11,"38,30,39,38,38","39,30,38,39,30,39,30,39,38,38,38,38,30,30,30,30,38,38,38,38,38,30,39,30,38,38,39,30,38,38,39,30,30,39,30,38,38,30,39,38,30,38,30"
795,Stage1,39.14,,,,,,,,"9,1,1",,,
795,Stage2,39.14,28.78,,,,,,,"9,1,1",11,,
795,PowerOpt,39.14,28.78,28.78,,,,"45.48,37.01,26.41,20.28,18.62,15.36,13.34,12.82,9.89,9.08,8.36,7.01,6.21,5.64,5.09,2.99,2.76,1.92,1.59,1.06,1.02,0.99,0.94,0.81,0.77,0.54","2.73,0.27,0.00","9,1,1",11,,
795,Stage3,39.14,28.78,28.78,28.64,,,,,"9,1,1",11,30,
795,Stage3_PowerOpt,39.14,28.78,28.78,,28.64,,"11.50,9.36,6.05,5.10,4.73,3.96,3.39,3.28,2.51,2.30,2.13,1.76,1.53,1.34,1.22,0.74,0.71,0.49,0.40,0.27,0.26,0.25,0.23,0.19,0.17,0.12","2.72,0.28,0.00","9,1,1",11,30,
795,Stage4,39.14,28.78,28.78,,28.64,9.61;15.58;18.12;19.42;20.22;20.96;21.51;21.97;22.34;22.68;22.99;23.24;23.47;23.71;23.95;24.13;24.31;24.49;24.66;24.82;24.96;25.10;25.25;25.40;25.51;25.63;25.75;25.88;25.99;26.09;26.21;26.31;26.41;26.51;26.60;26.67;26.78;26.87;26.96;27.03;27.12;27.21,,,"9,1,1",11,30,"30,30,30,30,30,30,30,30,30,30,30,30,30,30,30,30,30,30,30,30,30,30,30,30,30,30,30,30,30,30,30,30,30,30,30,30,30,30,30,30,30,30"
796,Stage1,27.60,,,,,,,,4,,,
796,Stage2,27.60,16.42,,,,,,,4,4,,
796,PowerOpt,27.60,16.42,16.42,,,,"173.16,57.84,22.89,1.74,0.18,0.11,0.03",1.00,4,4,,
796,Stage3,27.60,16.42,16.42,16.44,,,,,4,4,33,
796,Stage3_PowerOpt,27.60,16.42,16.42,,16.44,,"43.62,14.26,5.59,0.44,0.04,0.03",1.00,4,4,33,
796,Stage4,27.60,16.42,16.42,,16.44,8.03;10.88;11.65;12.19;12.60;12.93;13.19;13.42;13.61;13.76;13.88;14.00;14.11;14.22;14.32;14.43;14.53;14.61;14.68;14.75;14.82;14.88;14.95;15.01;15.08;15.14;15.19;15.24;15.29;15.33;15.38;15.43;15.48;15.53;15.57;15.60;15.64,,,4,4,33,"33,33,33,33,33,33,33,33,33,33,33,33,33,33,33,33,33,33,33,33,33,33,33,33,33,33,33,33,33,33,33,33,33,33,33,33,33"
797,Stage1,34.37,,,,,,,,4,,,
797,Stage2,34.37,16.35,,,,,,,4,4,,
797,PowerOpt,34.37,16.35,16.35,,,,"187.45,60.18,7.42,0.40,0.25,0.17,0.04,0.04",1.00,4,4,,
797,Stage3,34.37,16.35,16.35,16.37,,,,,4,4,33,
797,Stage3_PowerOpt,34.37,16.35,16.35,,16.37,,"46.71,15.21,1.87,0.10,0.05,0.04",1.00,4,4,33,
797,Stage4,34.37,16.35,16.35,,16.37,8.02;10.79;11.54;12.08;12.50;12.84;13.12;13.36;13.55;13.70;13.82;13.93;14.03;14.14;14.25;14.36;14.46;14.54;14.61;14.68;14.74;14.81;14.87;14.94;15.02;15.07;15.12;15.17;15.22;15.26;15.31;15.36;15.42;15.46;15.50;15.54;15.57,,,4,4,33,"33,33,33,33,33,33,33,33,33,33,33,33,33,33,33,33,33,33,33,33,33,33,33,33,33,33,33,33,33,33,33,33,33,33,33,33,33"
798,Stage1,47.24,,,,,,,,"5,9,9",,,
798,Stage2,47.24,35.01,,,,,,,"5,9,9","7,12",,
798,PowerOpt,47.24,35.01,35.01,,,,"94.41,60.38,53.34,15.85,6.52,5.57,3.87,2.59,1.67,1.49,1.47,1.41,1.18,1.10,1.01,0.77,0.70,0.59,0.37,0.27,0.21,0.20,0.19,0.18,0.18,0.17,0.16,0.12","2.69,0.29,0.02","5,9,9","7,12",,
798,Stage3,47.24,35.01,35.01,34.23,,,,,"5,9,9","7,12","39,29,39",
798,Stage3_PowerOpt,47.24,35.01,35.01,,34.23,,"26.69,14.77,13.30,3.96,1.00,0.85,0.61,0.47,0.42,0.35,0.32,0.22,0.19,0.17,0.14,0.11,0.09,0.07,0.05,0.04,0.04,0.03,0.03,0.03,0.02,0.01","2.80,0.18,0.02","5,9,9","7,12","39,29,39",
798,Stage4,47.24,35.01,35.01,,34.23,9.98;15.26;18.71;20.62;21.96;23.23;24.10;24.78;25.38;25.92;26.35;26.72;27.11;27.45;27.77;28.12;28.40;28.65;28.87;29.08;29.28;29.50;29.69;29.91;30.10;30.27;30.42;30.56;30.71;30.85;31.02;31.19;31.33;31.46;31.58;31.70;31.81;31.94;32.06;32.18;32.29;32.40;32.49;32.58,,,"5,9,9","7,12","39,29,39","39,29,39,39,29,39,39,39,39,29,39,39,29,39,29,39,39,29,39,39,29,39,29,39,39,39,39,39,29,39,29,39,39,39,29,39,39,29,39,29,39,39,29,39"
799,Stage1,39.63,,,,,,,,"5,13,13",,,
799,Stage2,39.63,31.82,,,,,,,"5,13,13",11,,
799,PowerOpt,39.63,31.82,31.82,,,,"49.74,33.65,26.34,20.42,19.94,17.72,16.41,10.62,10.41,9.84,9.40,8.70,7.78,6.17,5.43,2.28,1.12","2.81,0.18,0.01","5,13,13",11,,
799,Stage3,39.63,31.82,31.82,28.87,,,,,"5,13,13",11,"38,38,38,30,39",
799,Stage3_PowerOpt,39.63,31.82,31.82,,28.87,,"14.96,10.52,8.10,6.05,5.20,3.54,2.90,2.67,2.16,1.85,1.49,1.34,1.15,0.92,0.80,0.28,0.07","2.81,0.18,0.00","5,13,13",11,"38,38,38,30,39",
799,Stage4,39.63,31.82,31.82,,28.87,8.39;12.89;15.62;17.35;18.23;19.02;19.64;20.07;20.41;20.85;21.29;21.76;22.12;22.44;22.70;22.96;23.20;23.49;23.77;24.03;24.26;24.49;24.67;24.82;24.97;25.17;25.38;25.57;25.68;25.86;26.03;26.20;26.30;26.42;26.56;26.70;26.85;26.97;27.08;27.22;27.30;27.40;27.51,,,"5,13,13",11,"38,38,38,30,39","38,39,39,39,30,30,30,30,38,38,38,39,38,30,38,30,38,38,38,38,30,30,39,39,38,38,38,38,38,38,38,39,30,38,38,30,38,38,38,30,30,30,39"
808,Stage1,28.95,,,,,,,,"15,4,4",,,
808,Stage2,28.95,20.24,,,,,,,"15,4,4",12,,
808,PowerOpt,28.95,20.24,20.24,,,,"167.85,73.41,9.59,3.59,0.49,0.30,0.24,0.18,0.08,0.07,0.05,0.02,0.02,0.02,0.01","2.99,0.01,0.00","15,4,4",12,,
808,Stage3,28.95,20.24,20.24,20.29,,,,,"15,4,4",12,"39,39,32,39,39",
808,Stage3_PowerOpt,28.95,20.24,20.24,,20.29,,"42.38,17.47,2.51,0.98,0.30,0.16,0.08,0.06,0.03,0.01","2.99,0.00,0.00","15,4,4",12,"39,39,32,39,39",
808,Stage4,28.95,20.24,20.24,,20.29,9.69;11.06;11.95;12.50;13.04;13.55;14.02;14.43;14.80;15.09;15.36;15.61;15.85;16.09;16.31;16.51;16.66;16.80;16.93;17.06;17.19;17.32;17.45;17.58;17.69;17.80;17.91;18.01;18.11;18.21;18.30;18.40;18.49;18.57;18.65;18.72;18.79;18.87;18.94;19.01;19.08;19.15;19.22;19.28,,,"15,4,4",12,"39,39,32,39,39","39,39,39,39,39,39,39,39,32,32,39,39,32,39,39,39,39,39,39,32,39,39,39,39,32,39,32,39,39,32,39,39,39,39,39,32,39,32,39,32,39,39,39,32"
809,Stage1,27.79,,,,,,,,"15,0,4",,,
809,Stage2,27.79,21.16,,,,,,,"15,0,4",15,,
809,PowerOpt,27.79,21.16,21.15,,,,"223.93,26.85,2.84,1.14,0.40,0.24,0.18,0.15,0.06,0.05,0.04,0.02,0.01,0.01,0.01","2.99,0.01,0.00","15,0,4",15,,
809,Stage3,27.79,21.16,21.15,21.21,,,,,"15,0,4",15,"39,39,32,39,39",
809,Stage3_PowerOpt,27.79,21.16,21.15,,21.21,,"55.85,7.05,0.71,0.27,0.07,0.03","2.99,0.00,0.00","15,0,4",15,"39,39,32,39,39",
809,Stage4,27.79,21.16,21.15,,21.21,9.18;10.64;11.66;12.59;13.40;14.08;14.66;15.15;15.56;15.85;16.09;16.33;16.59;16.84;17.07;17.28;17.44;17.58;17.72;17.86;17.99;18.14;18.27;18.41;18.52;18.63;18.73;18.84;18.94;19.04;19.15;19.25;19.33;19.41;19.49;19.57;19.64;19.72;19.80;19.88;19.95;20.02;20.08;20.14;20.21,,,"15,0,4",15,"39,39,32,39,39","39,39,39,39,39,39,39,39,32,32,39,32,39,39,39,39,32,39,39,39,32,39,39,39,32,39,39,39,32,39,39,39,32,39,39,39,39,32,39,32,39,39,32,39,32"
810,Stage1,25.74,,,,,,,,"11,0,0",,,
810,Stage2,25.74,20.22,,,,,,,"11,0,0","12,0",,
810,PowerOpt,25.74,20.22,20.22,,,,"210.70,34.96,4.80,2.60,1.28,0.96,0.29,0.10,0.08,0.05,0.04,0.04,0.02,0.01,0.01","2.96,0.03,0.00","11,0,0","12,0",,
810,Stage3,25.74,20.22,20.22,20.21,,,,,"11,0,0","12,0","39,32,39,32,39",
810,Stage3_PowerOpt,25.74,20.22,20.22,,20.21,,"52.56,8.92,1.20,0.67,0.27,0.25,0.06,0.02,0.02,0.01","2.97,0.03,0.00","11,0,0","12,0","39,32,39,32,39",
810,Stage4,25.74,20.22,20.22,,20.21,9.48;10.71;11.58;12.38;13.03;13.57;14.02;14.40;14.74;15.00;15.25;15.52;15.78;16.01;16.21;16.39;16.56;16.69;16.85;17.02;17.18;17.33;17.45;17.57;17.69;17.78;17.89;18.01;18.12;18.22;18.32;18.41;18.49;18.57;18.65;18.74;18.83;18.91;18.98;19.05;19.12;19.19;19.26,,,"11,0,0","12,0","39,32,39,32,39","39,39,39,39,39,32,39,32,32,32,39,39,39,39,32,32,32,32,39,39,39,39,39,32,32,32,39,39,39,39,32,32,32,32,39,39,39,39,32,32,32,39,39"
811,Stage1,27.64,,,,,,,,"11,0,0",,,
811,Stage2,27.64,21.37,,,,,,,"11,0,0","4,11",,
811,PowerOpt,27.64,21.37,21.37,,,,"194.70,51.63,3.42,1.98,1.72,0.76,0.72,0.30,0.29,0.14,0.08,0.07,0.05,0.03,0.02,0.01","2.99,0.01,0.00","11,0,0","4,11",,
811,Stage3,27.64,21.37,21.37,20.64,,,,,"11,0,0","4,11","39,33,30,33,30",
811,Stage3_PowerOpt,27.64,21.37,21.37,,20.64,,"48.22,13.31,0.89,0.51,0.44,0.21,0.17,0.08,0.08,0.03,0.02,0.02,0.01","2.99,0.01,0.00","11,0,0","4,11","39,33,30,33,30",
811,Stage4,27.64,21.37,21.37,,20.64,8.63;10.07;11.20;12.12;12.83;13.47;14.02;14.55;15.06;15.38;15.63;15.93;16.25;16.51;16.74;16.94;17.12;17.27;17.42;17.60;17.78;17.93;18.07;18.20;18.32;18.42;18.54;18.67;18.79;18.89;18.99;19.09;19.18;19.26;19.35;19.45;19.54;19.62,,,"11,0,0","4,11","39,33,30,33,30","30,30,30,30,30,33,30,33,33,33,33,30,30,30,33,33,33,33,30,30,30,30,33,33,33,33,30,30,30,30,33,33,33,33,30,30,30,33"
812,Stage1,25.25,,,,,,,,"4,11",,,
812,Stage2,25.25,19.53,,,,,,,"4,11","4,11",,
812,PowerOpt,25.25,19.53,19.53,,,,"192.03,39.40,7.54,7.11,3.81,1.62,1.54,0.80,0.72,0.60,0.22,0.19,0.16,0.08,0.03,0.03,0.02,0.02,0.01,0.01","1.99,0.01","4,11","4,11",,
812,Stage3,25.25,19.53,19.53,18.94,,,,,"4,11","4,11","30,32,30,32,30",
812,Stage3_PowerOpt,25.25,19.53,19.53,,18.94,,"49.69,10.50,1.94,0.92,0.39,0.21,0.17,0.05,0.04,0.04,0.02,0.02","2.00,0.00","4,11","4,11","30,32,30,32,30",
812,Stage4,25.25,19.53,19.53,,18.94,10.43;11.70;12.51;13.12;13.59;13.96;14.24;14.45;14.56;14.69;14.83;14.99;15.14;15.28;15.39;15.49;15.55;15.62;15.71;15.80;15.89;15.97;16.04;16.10;16.15;16.20;16.26;16.33;16.39;16.45;16.50;16.54;16.68;16.82;16.96;17.09;17.21;17.32;17.42;17.52;17.62;17.70;17.77;17.84;17.91;17.98;18.04,,,"4,11","4,11","30,32,30,32,30","30,30,30,30,30,30,30,30,30,30,30,30,30,30,30,30,30,30,30,30,30,30,30,30,30,30,30,30,30,30,30,32,32,32,32,32,32,32,32,32,32,32,32,32,32,32,32"
813,Stage1,23.48,,,,,,,,"4,11",,,
813,Stage2,23.48,19.47,,,,,,,"4,11","4,11",,
813,PowerOpt,23.48,19.47,19.47,,,,"187.96,47.16,14.65,2.79,1.42,0.78,0.70,0.18,0.14,0.09,0.02,0.02,0.01,0.01","2.00,0.00","4,11","4,11",,
813,Stage3,23.48,19.47,19.47,18.96,,,,,"4,11","4,11","30,32,30,32,30",
813,Stage3_PowerOpt,23.48,19.47,19.47,,18.96,,"47.39,12.03,3.38,0.55,0.36,0.17,0.05,0.03,0.02","2.00,0.00","4,11","4,11","30,32,30,32,30",
813,Stage4,23.48,19.47,19.47,,18.96,10.03;11.35;12.23;12.89;13.42;13.83;14.16;14.40;14.49;14.60;14.75;14.90;15.06;15.21;15.34;15.45;15.50;15.57;15.65;15.75;15.84;15.93;16.00;16.06;16.11;16.16;16.22;16.29;16.36;16.41;16.46;16.50;16.54;16.58;16.63;16.69;16.74;16.78;16.81;16.84;16.87;16.91;16.95;16.99;17.04;17.06;17.08;17.11;17.14;17.17;17.21;17.24;17.27;17.30;17.42;17.56;17.75;17.90;18.04,,,"4,11","4,11","30,32,30,32,30","30,30,30,30,30,30,30,30,30,30,30,30,30,30,30,30,30,30,30,30,30,30,30,30,30,30,30,30,30,30,30,30,30,30,30,30,30,30,30,30,30,30,30,30,30,30,30,30,30,30,30,30,30,32,32,32,32,32,32"
