ue,stage,C_TRX_UE,C_TRX_BS,C_TRX,C_Layer_no_power,C_Layer,C_ABM_hist,lambda_bs_beam,lambda_ue_beam,ue_beams,bs_pattern,bs_layer_pattern,bs_beams_abm
1360,Stage1,39.24,,,,,,,,4,,,
1360,Stage2,39.24,16.00,,,,,,,4,0,,
1360,PowerOpt,39.24,16.00,16.00,,,,"225.73,27.65,1.33,0.36,0.35,0.20,0.10,0.07,0.04,0.03,0.02,0.01,0.01",1.00,4,0,,
1360,Stage3,39.24,16.00,16.00,15.99,,,,,4,0,32,
1360,Stage3_PowerOpt,39.24,16.00,16.00,,15.99,,"56.51,6.92,0.33,0.09,0.05,0.03,0.02,0.01",1.00,4,0,32,
1360,Stage4,39.24,16.00,16.00,,15.99,8.13;10.47;11.17;11.68;12.09;12.44;12.73;12.99;13.18;13.32;13.44;13.54;13.65;13.76;13.87;13.99;14.09;14.17;14.24;14.30;14.36;14.43;14.50;14.58;14.64;14.70;14.75;14.79;14.83;14.88;14.93;14.99;15.04;15.08;15.12;15.16;15.19;15.23,,,4,0,32,"32,32,32,32,32,32,32,32,32,32,32,32,32,32,32,32,32,32,32,32,32,32,32,32,32,32,32,32,32,32,32,32,32,32,32,32,32,32"
1367,Stage1,40.46,,,,,,,,"4,0,9",,,
1367,Stage2,40.46,31.92,,,,,,,"4,0,9",0,,
1367,PowerOpt,40.46,31.92,31.92,,,,"181.60,30.77,8.15,6.17,4.05,3.79,2.78,1.81,1.53,1.46,1.36,1.18,1.12,1.04,1.00,0.96,0.94,0.86,0.74,0.60,0.41,0.36,0.35,0.33,0.28,0.27,0.24,0.19,0.17,0.14,0.13,0.12,0.12,0.10,0.09,0.09,0.08,0.07,0.06,0.05,0.04,0.04,0.04,0.03,0.03,0.03,0.02,0.02,0.02,0.02,0.02,0.01,0.01,0.01","2.95,0.04,0.01","4,0,9",0,,
1367,Stage3,40.46,31.92,31.92,28.00,,,,,"4,0,9",0,"16,41,16,16,41",
1367,Stage3_PowerOpt,40.46,31.92,31.92,,28.00,,"48.68,7.58,2.04,1.45,0.97,0.69,0.43,0.39,0.36,0.30,0.24,0.22,0.16,0.09,0.07,0.06,0.04,0.03,0.03,0.02,0.02,0.02,0.02,0.01,0.01","2.97,0.03,0.01","4,0,9",0,"16,41,16,16,41",
1367,Stage4,40.46,31.92,31.92,,28.00,7.18;12.57;14.06;15.39;16.42;17.35;18.18;18.90;19.48;20.01;20.39;20.76;21.07;21.39;21.70;22.02;22.32;22.56;22.77;22.97;23.16;23.36;23.58;23.81;24.01;24.17;24.31;24.44;24.58;24.70;24.85;25.01;25.16;25.29;25.41;25.52;25.62;25.74;25.85;25.98;26.11;26.22;26.31;26.40;26.49;26.58;26.68,,,"4,0,9",0,"16,41,16,16,41","16,41,16,41,16,41,16,41,41,16,16,16,16,16,41,16,41,16,16,16,41,16,16,41,16,41,16,16,41,41,16,41,41,16,16,16,16,16,16,41,41,16,16,41,16,16,41"
1368,Stage1,37.66,,,,,,,,"4,9,0",,,
1368,Stage2,37.66,30.65,,,,,,,"4,9,0",0,,
1368,PowerOpt,37.66,30.65,30.65,,,,"194.08,34.76,10.63,4.81,3.23,2.93,1.25,1.05,0.64,0.60,0.53,0.30,0.25,0.16,0.16,0.14,0.13,0.09,0.06,0.04,0.03,0.02,0.02,0.01","2.93,0.06,0.00","4,9,0",0,,
1368,Stage3,37.66,30.65,30.65,27.71,,,,,"4,9,0",0,"16,33,16,33,16",
1368,Stage3_PowerOpt,37.66,30.65,30.65,,27.71,,"49.68,8.43,2.53,1.13,0.75,0.66,0.28,0.14,0.13,0.08,0.04,0.03,0.03,0.02,0.02,0.01,0.01","2.94,0.05,0.00","4,9,0",0,"16,33,16,33,16",
1368,Stage4,37.66,30.65,30.65,,27.71,6.80;13.24;14.61;15.89;16.68;17.52;18.26;18.89;19.43;19.89;20.22;20.53;20.83;21.15;21.47;21.85;22.14;22.36;22.56;22.72;22.90;23.08;23.28;23.48;23.69;23.84;23.96;24.10;24.25;24.37;24.51;24.68;24.86;24.97;25.07;25.18;25.29;25.40;25.52;25.63;25.78;25.87;25.94;26.03;26.13;26.21;26.29;26.43,,,"4,9,0",0,"16,33,16,33,16","16,33,16,33,33,16,33,16,33,16,16,16,16,33,16,33,33,16,33,16,33,16,33,33,33,33,16,33,16,33,16,33,16,33,33,16,16,16,33,33,16,33,16,33,16,33,33,16"
1369,Stage1,33.66,,,,,,,,4,,,
1369,Stage2,33.66,16.28,,,,,,,4,4,,
1369,PowerOpt,33.66,16.28,16.28,,,,"211.96,40.91,2.08,0.54,0.16,0.12,0.06,0.05,0.03",1.00,4,4,,
1369,Stage3,33.66,16.28,16.28,16.22,,,,,4,4,33,
1369,Stage3_PowerOpt,33.66,16.28,16.28,,16.22,,"53.14,10.15,0.52,0.13,0.04",1.00,4,4,33,
1369,Stage4,33.66,16.28,16.28,,16.22,8.01;10.70;11.41;11.93;12.34;12.68;12.97;13.21;13.40;13.54;13.66;13.77;13.87;13.98;14.09;14.21;14.31;14.39;14.45;14.52;14.58;14.65;14.72;14.79;14.86;14.91;14.96;15.00;15.05;15.10;15.15;15.21;15.26;15.30;15.33;15.37;15.40;15.44,,,4,4,33,"33,33,33,33,33,33,33,33,33,33,33,33,33,33,33,33,33,33,33,33,33,33,33,33,33,33,33,33,33,33,33,33,33,33,33,33,33,33"
1370,Stage1,33.79,,,,,,,,4,,,
1370,Stage2,33.79,16.46,,,,,,,4,4,,
1370,PowerOpt,33.79,16.46,16.46,,,,"186.21,54.29,7.31,4.94,1.81,0.63,0.30,0.26,0.19,0.01",1.00,4,4,,
1370,Stage3,33.79,16.46,16.46,16.43,,,,,4,4,33,
1370,Stage3_PowerOpt,33.79,16.46,16.46,,16.43,,"46.69,13.48,1.83,1.21,0.44,0.16,0.08,0.06,0.05",1.00,4,4,33,
1370,Stage4,33.79,16.46,16.46,,16.43,8.01;10.89;11.66;12.20;12.61;12.94;13.20;13.43;13.61;13.75;13.88;14.00;14.11;14.22;14.32;14.43;14.52;14.60;14.68;14.74;14.81;14.88;14.94;15.01;15.08;15.13;15.18;15.23;15.28;15.33;15.38;15.43;15.48;15.52;15.56;15.60;15.63,,,4,4,33,"33,33,33,33,33,33,33,33,33,33,33,33,33,33,33,33,33,33,33,33,33,33,33,33,33,33,33,33,33,33,33,33,33,33,33,33,33"
1371,Stage1,29.09,,,,,,,,0,,,
1371,Stage2,29.09,16.84,,,,,,,0,0,,
1371,PowerOpt,29.09,16.84,16.84,,,,"184.51,51.87,10.60,6.31,1.33,0.63,0.35,0.21,0.06,0.04,0.03,0.01",1.00,0,0,,
1371,Stage3,29.09,16.84,16.84,16.64,,,,,0,0,8,
1371,Stage3_PowerOpt,29.09,16.84,16.84,,16.64,,"46.29,12.93,2.64,1.57,0.33,0.16,0.05",1.00,0,0,8,
1371,Stage4,29.09,16.84,16.84,,16.64,7.90;10.92;11.68;12.24;12.68;13.04;13.34;13.60;13.78;13.92;14.04;14.15;14.26;14.37;14.48;14.60;14.70;14.78;14.84;14.91;14.97;15.04;15.11;15.19;15.25;15.31;15.36;15.40;15.45;15.50;15.55;15.61;15.66;15.70;15.74;15.77;15.81,,,0,0,8,"8,8,8,8,8,8,8,8,8,8,8,8,8,8,8,8,8,8,8,8,8,8,8,8,8,8,8,8,8,8,8,8,8,8,8,8,8"
1372,Stage1,27.76,,,,,,,,4,,,
1372,Stage2,27.76,16.32,,,,,,,4,4,,
1372,PowerOpt,27.76,16.32,16.32,,,,"209.92,43.39,2.05,0.43,0.09,0.06,0.01",1.00,4,4,,
1372,Stage3,27.76,16.32,16.32,16.34,,,,,4,4,33,
1372,Stage3_PowerOpt,27.76,16.32,16.32,,16.34,,"52.57,10.76,0.51,0.11,0.02,0.01",1.00,4,4,33,
1372,Stage4,27.76,16.32,16.32,,16.34,7.97;10.76;11.48;12.00;12.42;12.77;13.07;13.32;13.51;13.65;13.77;13.87;13.98;14.09;14.21;14.33;14.42;14.50;14.57;14.63;14.69;14.76;14.83;14.91;14.98;15.03;15.08;15.12;15.17;15.22;15.27;15.33;15.38;15.42;15.46;15.49;15.53;15.56,,,4,4,33,"33,33,33,33,33,33,33,33,33,33,33,33,33,33,33,33,33,33,33,33,33,33,33,33,33,33,33,33,33,33,33,33,33,33,33,33,33,33"
1373,Stage1,26.53,,,,,,,,4,,,
1373,Stage2,26.53,16.23,,,,,,,4,4,,
1373,PowerOpt,26.53,16.23,16.23,,,,"220.10,31.18,4.28,0.28,0.08,0.03",1.00,4,4,,
1373,Stage3,26.53,16.23,16.23,16.27,,,,,4,4,33,
1373,Stage3_PowerOpt,26.53,16.23,16.23,,16.27,,"55.03,7.81,1.06,0.07,0.02",1.00,4,4,33,
1373,Stage4,26.53,16.23,16.23,,16.27,8.06;10.66;11.40;11.94;12.37;12.72;13.01;13.26;13.45;13.58;13.70;13.81;13.92;14.03;14.15;14.26;14.36;14.43;14.50;14.56;14.63;14.70;14.77;14.85;14.91;14.96;15.01;15.05;15.10;15.15;15.21;15.26;15.31;15.35;15.39;15.42;15.46,,,4,4,33,"33,33,33,33,33,33,33,33,33,33,33,33,33,33,33,33,33,33,33,33,33,33,33,33,33,33,33,33,33,33,33,33,33,33,33,33,33"
1374,Stage1,42.46,,,,,,,,0,,,
1374,Stage2,42.46,16.41,,,,,,,0,0,,
1374,PowerOpt,42.46,16.41,16.41,,,,"220.01,29.73,2.85,1.31,0.64,0.35,0.30,0.23,0.13,0.11,0.08,0.07,0.04,0.03,0.03,0.02",1.00,0,0,,
1374,Stage3,42.46,16.41,16.41,16.40,,,,,0,0,32,
1374,Stage3_PowerOpt,42.46,16.41,16.41,,16.40,,"55.08,7.44,0.71,0.27,0.16,0.09,0.07,0.05,0.03,0.02,0.02,0.02",1.00,0,0,32,
1374,Stage4,42.46,16.41,16.41,,16.40,7.92;10.88;11.61;12.13;12.53;12.86;13.15;13.39;13.58;13.72;13.84;13.95;14.06;14.17;14.28;14.39;14.49;14.57;14.64;14.71;14.77;14.84;14.91;14.98;15.05;15.10;15.15;15.20;15.24;15.29;15.34;15.40;15.45;15.49;15.53;15.56;15.60,,,0,0,32,"32,32,32,32,32,32,32,32,32,32,32,32,32,32,32,32,32,32,32,32,32,32,32,32,32,32,32,32,32,32,32,32,32,32,32,32,32"
1375,Stage1,42.80,,,,,,,,"0,13,4",,,
1375,Stage2,42.80,32.44,,,,,,,"0,13,4",0,,
1375,PowerOpt,42.80,32.44,32.44,,,,"220.76,29.35,3.04,0.60,0.58,0.30,0.24,0.23,0.14,0.12,0.11,0.09,0.08,0.08,0.06,0.04,0.03,0.03,0.02,0.02,0.01,0.01","2.96,0.03,0.01","0,13,4",0,,
1375,Stage3,42.80,32.44,32.44,32.17,,,,,"0,13,4",0,32,
1375,Stage3_PowerOpt,42.80,32.44,32.44,,32.17,,"55.25,7.34,0.76,0.15,0.12,0.07,0.06,0.05,0.03,0.03,0.03,0.02,0.02,0.01,0.01","2.96,0.03,0.01","0,13,4",0,32,
1375,Stage4,42.80,32.44,32.44,,32.17,10.17;13.55;16.38;18.43;19.88;21.06;21.99;22.73;23.30;23.75;24.18;24.55;24.89;25.24;25.59;25.93;26.23;26.47;26.70;26.92;27.12;27.32;27.54;27.76;27.95;28.12;28.28;28.43;28.57;28.72;28.88;29.04;29.18;29.31;29.43;29.55;29.66;29.78;29.90;30.04;30.15;30.26;30.36;30.46;30.55;30.65,,,"0,13,4",0,32,"32,32,32,32,32,32,32,32,32,32,32,32,32,32,32,32,32,32,32,32,32,32,32,32,32,32,32,32,32,32,32,32,32,32,32,32,32,32,32,32,32,32,32,32,32,32"
1376,Stage1,40.21,,,,,,,,0,,,
1376,Stage2,40.21,16.15,,,,,,,0,4,,
1376,PowerOpt,40.21,16.15,16.15,,,,"214.10,34.10,5.77,1.25,0.34,0.19,0.08,0.07,0.03,0.01",1.00,0,4,,
1376,Stage3,40.21,16.15,16.15,16.18,,,,,0,4,33,
1376,Stage3_PowerOpt,40.21,16.15,16.15,,16.18,,"53.58,8.50,1.46,0.30,0.08,0.04,0.02",1.00,0,4,33,
1376,Stage4,40.21,16.15,16.15,,16.18,8.06;10.68;11.40;11.92;12.33;12.66;12.94;13.18;13.36;13.51;13.63;13.74;13.85;13.95;14.06;14.17;14.27;14.35;14.42;14.49;14.55;14.62;14.68;14.76;14.82;14.88;14.93;14.97;15.02;15.07;15.12;15.17;15.22;15.27;15.30;15.34;15.37,,,0,4,33,"33,33,33,33,33,33,33,33,33,33,33,33,33,33,33,33,33,33,33,33,33,33,33,33,33,33,33,33,33,33,33,33,33,33,33,33,33"
1377,Stage1,46.23,,,,,,,,4,,,
1377,Stage2,46.23,16.59,,,,,,,4,4,,
1377,PowerOpt,46.23,16.59,16.59,,,,"101.12,96.53,24.16,22.37,7.25,2.75,0.87,0.34,0.31,0.10,0.06,0.03,0.02,0.02,0.01",1.00,4,4,,
1377,Stage3,46.23,16.59,16.59,15.74,,,,,4,4,"49,33,49,33,49",
1377,Stage3_PowerOpt,46.23,16.59,16.59,,15.74,,"30.55,18.84,6.80,4.62,2.20,0.51,0.26,0.09,0.06,0.03,0.01",1.00,4,4,"49,33,49,33,49",
1377,Stage4,46.23,16.59,16.59,,15.74,8.17;10.53;11.17;11.62;11.99;12.27;12.52;12.73;12.90;13.05;13.18;13.31;13.42;13.53;13.63;13.73;13.82;13.90;13.98;14.05;14.12;14.19;14.25;14.32;14.38;14.44;14.49;14.54;14.59;14.64;14.68;14.73;14.78;14.82;14.86;14.90;14.94;14.98,,,4,4,"49,33,49,33,49","49,33,49,33,49,49,33,49,33,49,33,49,33,49,33,49,49,33,49,49,33,49,49,33,49,33,49,49,33,49,49,33,33,49,33,49,49,33"
1378,Stage1,37.51,,,,,,,,4,,,
1378,Stage2,37.51,16.65,,,,,,,4,5,,
1378,PowerOpt,37.51,16.65,16.65,,,,"135.01,47.41,43.25,10.74,7.30,3.79,2.85,1.90,1.25,1.05,0.57,0.31,0.12,0.11,0.10,0.08,0.05,0.02,0.02,0.01,0.01,0.01",1.00,4,5,,
1378,Stage3,37.51,16.65,16.65,16.66,,,,,4,5,49,
1378,Stage3_PowerOpt,37.51,16.65,16.65,,16.66,,"32.65,13.08,11.00,2.96,1.77,1.05,0.70,0.32,0.28,0.09,0.03,0.02,0.02",1.00,4,5,49,
1378,Stage4,37.51,16.65,16.65,,16.66,8.02;10.83;11.59;12.14;12.57;12.92;13.22;13.47;13.70;13.87;14.01;14.14;14.26;14.38;14.49;14.59;14.70;14.79;14.87;14.95;15.02;15.09;15.15;15.22;15.28;15.34;15.39;15.44;15.49;15.54;15.59;15.64;15.69;15.73;15.77;15.81;15.85,,,4,5,49,"49,49,49,49,49,49,49,49,49,49,49,49,49,49,49,49,49,49,49,49,49,49,49,49,49,49,49,49,49,49,49,49,49,49,49,49,49"
1379,Stage1,33.95,,,,,,,,"0,5",,,
1379,Stage2,33.95,23.09,,,,,,,"0,5",4,,
1379,PowerOpt,33.95,23.09,23.09,,,,"209.91,36.32,4.67,1.64,1.29,1.25,0.36,0.14,0.13,0.09,0.08,0.02,0.02","1.99,0.01","0,5",4,,
1379,Stage3,33.95,23.09,23.09,21.91,,,,,"0,5",4,"24,57,24,24,57",
1379,Stage3_PowerOpt,33.95,23.09,23.09,,21.91,,"53.40,9.09,0.54,0.35,0.34,0.18,0.03,0.02,0.02,0.01","2.00,0.00","0,5",4,"24,57,24,24,57",
1379,Stage4,33.95,23.09,23.09,,21.91,6.73;11.52;12.71;13.65;14.29;14.95;15.51;15.96;16.39;16.66;16.89;17.07;17.29;17.48;17.70;17.91;18.12;18.28;18.42;18.55;18.67;18.80;18.93;19.06;19.21;19.32;19.43;19.52;19.61;19.70;19.80;19.90;20.01;20.10;20.18;20.25;20.33;20.40;20.47;20.57;20.64;20.72;20.79;20.85,,,"0,5",4,"24,57,24,24,57","24,24,57,24,24,57,24,24,57,24,24,57,57,24,57,24,24,57,24,24,57,57,24,24,24,57,24,24,57,24,57,24,24,57,24,24,24,24,57,24,24,57,57,57"
1380,Stage1,40.80,,,,,,,,4,,,
1380,Stage2,40.80,16.33,,,,,,,4,4,,
1380,PowerOpt,40.80,16.33,16.33,,,,"183.65,45.73,16.83,5.77,2.86,0.73,0.09,0.08,0.07,0.05,0.03,0.03,0.01,0.01",1.00,4,4,,
1380,Stage3,40.80,16.33,16.33,16.09,,,,,4,4,"32,32,32,32,33",
1380,Stage3_PowerOpt,40.80,16.33,16.33,,16.09,,"50.07,12.78,0.83,0.20,0.06,0.02,0.02",1.00,4,4,"32,32,32,32,33",
1380,Stage4,40.80,16.33,16.33,,16.09,8.14;10.57;11.29;11.81;12.22;12.55;12.84;13.08;13.28;13.42;13.54;13.65;13.75;13.86;13.97;14.08;14.18;14.27;14.33;14.40;14.46;14.52;14.59;14.67;14.74;14.79;14.84;14.88;14.93;14.98;15.03;15.08;15.14;15.18;15.21;15.25;15.28,,,4,4,"32,32,32,32,33","33,33,33,32,32,33,32,33,32,33,32,32,33,33,33,32,32,32,32,32,33,32,33,32,32,32,33,33,33,33,32,32,32,33,33,32,32"
1381,Stage1,31.48,,,,,,,,"4,0",,,
1381,Stage2,31.48,22.59,,,,,,,"4,0",0,,
1381,PowerOpt,31.48,22.59,22.59,,,,"179.92,70.40,5.36,0.18,0.06,0.03","2.00,0.00","4,0",0,,
1381,Stage3,31.48,22.59,22.59,22.57,,,,,"4,0",0,32,
1381,Stage3_PowerOpt,31.48,22.59,22.59,,22.57,,"44.98,17.61,1.34,0.04,0.01","2.00,0.00","4,0",0,32,
1381,Stage4,31.48,22.59,22.59,,22.57,6.40;11.79;12.91;13.89;14.74;15.47;16.11;16.68;17.06;17.29;17.49;17.67;17.86;18.06;18.29;18.55;18.76;18.90;19.02;19.13;19.24;19.36;19.50;19.68;19.82;19.92;20.00;20.08;20.17;20.25;20.36;20.49;20.60;20.68;20.75;20.81;20.88;20.95;21.03;21.14;21.23;21.29;21.35;21.40;21.46,,,"4,0",0,32,"32,32,32,32,32,32,32,32,32,32,32,32,32,32,32,32,32,32,32,32,32,32,32,32,32,32,32,32,32,32,32,32,32,32,32,32,32,32,32,32,32,32,32,32,32"
1382,Stage1,28.48,,,,,,,,0,,,
1382,Stage2,28.48,16.60,,,,,,,0,0,,
1382,PowerOpt,28.48,16.60,16.60,,,,"192.88,51.98,8.70,1.98,0.29,0.11",1.00,0,0,,
1382,Stage3,28.48,16.60,16.60,16.52,,,,,0,0,24,
1382,Stage3_PowerOpt,28.48,16.60,16.60,,16.52,,"48.24,12.99,2.17,0.49,0.07,0.03",1.00,0,0,24,
1382,Stage4,28.48,16.60,16.60,,16.52,7.94;10.91;11.68;12.22;12.65;12.99;13.27;13.51;13.70;13.84;13.96;14.07;14.18;14.29;14.40;14.51;14.61;14.69;14.76;14.82;14.89;14.95;15.02;15.09;15.16;15.22;15.27;15.31;15.36;15.41;15.46;15.51;15.56;15.60;15.64;15.68;15.72,,,0,0,24,"24,24,24,24,24,24,24,24,24,24,24,24,24,24,24,24,24,24,24,24,24,24,24,24,24,24,24,24,24,24,24,24,24,24,24,24,24"
1383,Stage1,35.49,,,,,,,,4,,,
1383,Stage2,35.49,16.13,,,,,,,4,0,,
1383,PowerOpt,35.49,16.13,16.13,,,,"200.54,52.07,2.22,0.82,0.17,0.05,0.04,0.02",1.00,4,0,,
1383,Stage3,35.49,16.13,16.13,16.12,,,,,4,0,32,
1383,Stage3_PowerOpt,35.49,16.13,16.13,,16.12,,"50.23,13.04,0.55,0.12,0.02,0.01",1.00,4,0,32,
1383,Stage4,35.49,16.13,16.13,,16.12,8.07;10.65;11.35;11.86;12.26;12.59;12.88;13.13;13.32;13.47;13.58;13.69;13.79;13.90;14.01;14.12;14.23;14.31;14.38;14.44;14.50;14.56;14.63;14.71;14.78;14.83;14.88;14.92;14.97;15.01;15.07;15.12;15.18;15.22;15.25;15.29;15.32,,,4,0,32,"32,32,32,32,32,32,32,32,32,32,32,32,32,32,32,32,32,32,32,32,32,32,32,32,32,32,32,32,32,32,32,32,32,32,32,32,32"
1384,Stage1,30.53,,,,,,,,0,,,
1384,Stage2,30.53,16.28,,,,,,,0,0,,
1384,PowerOpt,30.53,16.28,16.28,,,,"227.88,23.28,3.11,1.06,0.35,0.16,0.07,0.03",1.00,0,0,,
1384,Stage3,30.53,16.28,16.28,16.16,,,,,0,0,24,
1384,Stage3_PowerOpt,30.53,16.28,16.28,,16.16,,"57.02,5.84,0.77,0.27,0.04,0.04",1.00,0,0,24,
1384,Stage4,30.53,16.28,16.28,,16.16,7.98;10.67;11.36;11.86;12.25;12.58;12.87;13.12;13.32;13.47;13.59;13.69;13.79;13.90;14.01;14.12;14.23;14.31;14.38;14.44;14.51;14.57;14.64;14.71;14.78;14.84;14.89;14.94;14.98;15.03;15.07;15.13;15.18;15.23;15.27;15.31;15.34;15.38,,,0,0,24,"24,24,24,24,24,24,24,24,24,24,24,24,24,24,24,24,24,24,24,24,24,24,24,24,24,24,24,24,24,24,24,24,24,24,24,24,24,24"
1385,Stage1,24.88,,,,,,,,0,,,
1385,Stage2,24.88,16.32,,,,,,,0,0,,
1385,PowerOpt,24.88,16.32,16.32,,,,"224.61,28.49,1.69,1.01,0.13,0.02",1.00,0,0,,
1385,Stage3,24.88,16.32,16.32,16.24,,,,,0,0,24,
1385,Stage3_PowerOpt,24.88,16.32,16.32,,16.24,,"56.16,7.12,0.42,0.25,0.03",1.00,0,0,24,
1385,Stage4,24.88,16.32,16.32,,16.24,8.04;10.65;11.38;11.90;12.32;12.67;12.97;13.23;13.41;13.55;13.67;13.78;13.88;13.99;14.11;14.22;14.32;14.40;14.47;14.54;14.60;14.66;14.73;14.81;14.88;14.93;14.98;15.03;15.07;15.12;15.17;15.23;15.28;15.32;15.36;15.39;15.43,,,0,0,24,"24,24,24,24,24,24,24,24,24,24,24,24,24,24,24,24,24,24,24,24,24,24,24,24,24,24,24,24,24,24,24,24,24,24,24,24,24"
1386,Stage1,39.19,,,,,,,,4,,,
1386,Stage2,39.19,16.14,,,,,,,4,0,,
1386,PowerOpt,39.19,16.14,16.14,,,,"225.79,26.45,3.02,0.26,0.15,0.09,0.05,0.04,0.03,0.02,0.01,0.01,0.01,0.01",1.00,4,0,,
1386,Stage3,39.19,16.14,16.14,16.13,,,,,4,0,32,
1386,Stage3_PowerOpt,39.19,16.14,16.14,,16.13,,"56.53,6.62,0.75,0.04,0.01",1.00,4,0,32,
1386,Stage4,39.19,16.14,16.14,,16.13,8.07;10.62;11.33;11.85;12.26;12.60;12.89;13.13;13.32;13.46;13.58;13.69;13.80;13.91;14.02;14.13;14.23;14.31;14.38;14.44;14.51;14.57;14.64;14.72;14.78;14.84;14.89;14.93;14.98;15.02;15.08;15.13;15.18;15.22;15.26;15.30;15.33,,,4,0,32,"32,32,32,32,32,32,32,32,32,32,32,32,32,32,32,32,32,32,32,32,32,32,32,32,32,32,32,32,32,32,32,32,32,32,32,32,32"
1387,Stage1,37.25,,,,,,,,4,,,
1387,Stage2,37.25,16.33,,,,,,,4,0,,
1387,PowerOpt,37.25,16.33,16.33,,,,"162.36,78.96,13.65,0.66,0.12,0.04,0.03,0.02,0.02,0.02,0.01,0.01,0.01",1.00,4,0,,
1387,Stage3,37.25,16.33,16.33,16.33,,,,,4,0,32,
1387,Stage3_PowerOpt,37.25,16.33,16.33,,16.33,,"40.62,19.76,3.41,0.17",1.00,4,0,32,
1387,Stage4,37.25,16.33,16.33,,16.33,8.11;10.70;11.47;12.02;12.45;12.80;13.09;13.33;13.51;13.65;13.77;13.88;13.99;14.10;14.22;14.33;14.42;14.50;14.57;14.63;14.70;14.77;14.84;14.91;14.98;15.03;15.08;15.12;15.17;15.22;15.27;15.33;15.38;15.42;15.45;15.49;15.53,,,4,0,32,"32,32,32,32,32,32,32,32,32,32,32,32,32,32,32,32,32,32,32,32,32,32,32,32,32,32,32,32,32,32,32,32,32,32,32,32,32"
1388,Stage1,42.05,,,,,,,,"0,5",,,
1388,Stage2,42.05,25.47,,,,,,,"0,5",0,,
1388,PowerOpt,42.05,25.47,25.47,,,,"188.92,58.71,3.71,1.94,1.21,0.24,0.18,0.18,0.16,0.16,0.12,0.09,0.05,0.05,0.04,0.04,0.03,0.03,0.02,0.02,0.01,0.01","1.98,0.02","0,5",0,,
1388,Stage3,42.05,25.47,25.47,24.19,,,,,"0,5",0,24,
1388,Stage3_PowerOpt,42.05,25.47,25.47,,24.19,,"47.53,14.79,0.93,0.49,0.06,0.04,0.03,0.03,0.02,0.02,0.01","1.99,0.01","0,5",0,24,
1388,Stage4,42.05,25.47,25.47,,24.19,6.91;12.38;14.07;15.29;16.22;16.95;17.58;18.15;18.50;18.79;19.02;19.24;19.45;19.67;19.90;20.16;20.35;20.51;20.63;20.76;20.88;21.00;21.14;21.30;21.43;21.54;21.63;21.72;21.81;21.90;22.00;22.11;22.21;22.30;22.37;22.44;22.51;22.58;22.66;22.75;22.84;22.91;22.97;23.03,,,"0,5",0,24,"24,24,24,24,24,24,24,24,24,24,24,24,24,24,24,24,24,24,24,24,24,24,24,24,24,24,24,24,24,24,24,24,24,24,24,24,24,24,24,24,24,24,24,24"
1389,Stage1,40.02,,,,,,,,"0,5,13",,,
1389,Stage2,40.02,31.74,,,,,,,"0,5,13",0,,
1389,PowerOpt,40.02,31.74,31.73,,,,"163.45,69.41,17.88,1.86,1.09,1.08,0.52,0.18,0.09,0.07,0.06,0.04,0.04,0.03,0.03,0.02,0.02,0.02,0.02,0.01,0.01","2.97,0.02,0.01","0,5,13",0,,
1389,Stage3,40.02,31.74,31.73,28.68,,,,,"0,5,13",0,"24,16,24,16,16",
1389,Stage3_PowerOpt,40.02,31.74,31.73,,28.68,,"40.90,17.43,4.55,0.48,0.28,0.14,0.12,0.02,0.01","2.98,0.02,0.01","0,5,13",0,"24,16,24,16,16",
1389,Stage4,40.02,31.74,31.73,,28.68,8.21;11.93;13.91;15.43;16.62;17.64;18.56;19.48;20.11;20.53;20.87;21.20;21.52;21.85;22.19;22.54;22.86;23.17;23.37;23.55;23.77;23.96;24.17;24.39;24.61;24.79;24.90;25.07;25.25;25.39;25.52;25.69;25.85;26.00;26.14;26.26;26.37;26.49;26.59;26.73;26.81;26.94;27.02;27.08;27.16;27.25,,,"0,5,13",0,"24,16,24,16,16","16,24,24,24,24,24,16,24,16,24,16,24,16,24,24,24,24,16,24,24,16,24,24,24,16,24,24,16,24,16,24,16,24,16,16,16,16,24,16,24,16,16,24,24,24,16"
1390,Stage1,36.65,,,,,,,,"4,9,0",,,
1390,Stage2,36.65,31.08,,,,,,,"4,9,0",0,,
1390,PowerOpt,36.65,31.08,31.08,,,,"185.56,56.58,9.40,2.29,1.17,0.50,0.30,0.07,0.03,0.02","2.97,0.02,0.01","4,9,0",0,,
1390,Stage3,36.65,31.08,31.08,28.31,,,,,"4,9,0",0,"16,24",
1390,Stage3_PowerOpt,36.65,31.08,31.08,,28.31,,"46.70,14.18,2.26,0.57,0.12,0.11,0.03,0.02","2.98,0.02,0.01","4,9,0",0,"16,24",
1390,Stage4,36.65,31.08,31.08,,28.31,8.21;11.91;13.56;14.96;16.38;17.28;18.15;18.97;19.71;20.16;20.52;20.86;21.16;21.48;21.78;22.11;22.51;22.77;22.98;23.18;23.35;23.55;23.75;23.96;24.22;24.39;24.53;24.72;24.85;24.96;25.16;25.34;25.51;25.59;25.69;25.76;25.86;25.98;26.10;26.25;26.35;26.48;26.52;26.56;26.68;26.80;26.89;26.99,,,"4,9,0",0,"16,24","16,24,24,16,24,24,16,24,16,16,16,16,16,24,16,24,16,24,16,24,24,24,16,24,16,24,24,16,16,16,24,16,16,24,24,24,24,16,24,16,16,16,24,24,16,24,16,24"
1391,Stage1,33.00,,,,,,,,"0,9,4",,,
1391,Stage2,33.00,29.44,,,,,,,"0,9,4",0,,
1391,PowerOpt,33.00,29.44,29.44,,,,"215.01,35.26,2.45,2.21,0.51,0.30,0.08,0.06,0.04,0.01","2.98,0.02,0.01","0,9,4",0,,
1391,Stage3,33.00,29.44,29.44,26.44,,,,,"0,9,4",0,"16,24,16,24,9",
1391,Stage3_PowerOpt,33.00,29.44,29.44,,26.44,,"53.66,8.92,0.66,0.55,0.08,0.08,0.02","2.98,0.02,0.00","0,9,4",0,"16,24,16,24,9",
1391,Stage4,33.00,29.44,29.44,,26.44,8.20;11.40;12.76;13.93;14.95;15.83;16.59;17.28;17.91;18.40;18.72;19.02;19.31;19.62;19.92;20.25;20.71;20.98;21.20;21.39;21.59;21.78;21.97;22.19;22.49;22.67;22.82;22.95;23.09;23.22;23.35;23.52;23.71;23.82;23.92;24.01;24.10;24.19;24.29;24.40;24.55;24.64;24.72;24.80;24.87;24.95;25.02;25.10;25.22,,,"0,9,4",0,"16,24,16,24,9","16,24,24,24,24,24,24,16,24,9,16,16,16,24,24,24,24,16,16,16,24,9,16,24,24,16,16,16,16,16,24,24,24,9,9,9,9,9,9,24,24,9,9,9,9,9,9,9,24"
1392,Stage1,33.13,,,,,,,,"0,9,9",,,
1392,Stage2,33.13,24.34,,,,,,,"0,9,9",0,,
1392,PowerOpt,33.13,24.34,24.34,,,,"194.99,53.25,5.55,1.11,0.39,0.36,0.14,0.11,0.01,0.01","2.99,0.01,0.00","0,9,9",0,,
1392,Stage3,33.13,24.34,24.34,21.45,,,,,"0,9,9",0,"24,16,24,16,24",
1392,Stage3_PowerOpt,33.13,24.34,24.34,,21.45,,"48.98,13.20,1.38,0.28,0.09,0.04,0.03","3.00,0.00,0.00","0,9,9",0,"24,16,24,16,24",
1392,Stage4,33.13,24.34,24.34,,21.45,8.06;10.52;11.57;12.38;13.07;13.68;14.22;14.74;15.17;15.42;15.63;15.82;16.01;16.19;16.39;16.63;16.87;17.05;17.19;17.33;17.47;17.60;17.74;17.92;18.09;18.23;18.35;18.47;18.60;18.71;18.82;18.95;19.08;19.17;19.23;19.31;19.41;19.50;19.60;19.70;19.83;19.90;19.96;20.03;20.09;20.17;20.25;20.36;20.52,,,"0,9,9",0,"24,16,24,16,24","16,24,24,24,24,24,24,24,24,16,16,16,24,24,24,24,24,16,16,16,16,24,16,24,24,16,16,16,16,16,16,24,24,16,16,16,16,16,24,24,24,24,24,24,24,24,24,24,24"
1393,Stage1,38.46,,,,,,,,5,,,
1393,Stage2,38.46,15.67,,,,,,,5,0,,
1393,PowerOpt,38.46,15.67,15.67,,,,"200.01,48.28,4.63,2.08,0.26,0.22,0.09,0.08,0.05,0.03,0.03,0.03,0.02,0.02,0.01,0.01,0.01,0.01",1.00,5,0,,
1393,Stage3,38.46,15.67,15.67,15.65,,,,,5,0,24,
1393,Stage3_PowerOpt,38.46,15.67,15.67,,15.65,,"50.13,12.12,1.16,0.52,0.05",1.00,5,0,24,
1393,Stage4,38.46,15.67,15.67,,15.65,8.20;10.03;10.76;11.30;11.72;12.07;12.37;12.62;12.81;12.96;13.07;13.18;13.29;13.39;13.51;13.62;13.73;13.81;13.87;13.94;14.00;14.07;14.14;14.21;14.28;14.34;14.39;14.43;14.48;14.52;14.57;14.63;14.68;14.73;14.76;14.80;14.83;14.87,,,5,0,24,"24,24,24,24,24,24,24,24,24,24,24,24,24,24,24,24,24,24,24,24,24,24,24,24,24,24,24,24,24,24,24,24,24,24,24,24,24,24"
1394,Stage1,40.03,,,,,,,,"4,9,9",,,
1394,Stage2,40.03,31.04,,,,,,,"4,9,9",0,,
1394,PowerOpt,40.03,31.04,31.04,,,,"177.55,64.29,4.59,3.20,1.64,1.59,0.82,0.75,0.60,0.12,0.11,0.08,0.08,0.07,0.06,0.06,0.05,0.05,0.04,0.03,0.03,0.02,0.02,0.02,0.02,0.01","2.92,0.07,0.01","4,9,9",0,,
1394,Stage3,40.03,31.04,31.04,26.94,,,,,"4,9,9",0,"24,0,24,24,8",
1394,Stage3_PowerOpt,40.03,31.04,31.04,,26.94,,"44.79,16.64,1.22,0.42,0.34,0.23,0.12,0.08,0.07,0.02,0.01","2.96,0.03,0.01","4,9,9",0,"24,0,24,24,8",
1394,Stage4,40.03,31.04,31.04,,26.94,7.92;11.85;13.84;14.81;15.67;16.72;17.45;18.14;18.67;19.08;19.40;19.73;20.03;20.31;20.60;20.93;21.24;21.45;21.65;21.84;22.03;22.21;22.40;22.63;22.83;23.00;23.14;23.28;23.42;23.55;23.70;23.86;24.03;24.16;24.27;24.37;24.48;24.60;24.72;24.84;24.99;25.10;25.19;25.28;25.37;25.47;25.57;25.68,,,"4,9,9",0,"24,0,24,24,8","24,8,24,24,8,24,24,24,24,0,24,8,0,24,8,24,24,24,8,24,24,0,24,24,24,8,24,8,0,24,24,24,24,24,8,8,24,0,24,24,24,24,24,8,0,0,0,24"
1395,Stage1,39.15,,,,,,,,"0,9,9",,,
1395,Stage2,39.15,30.91,,,,,,,"0,9,9",0,,
1395,PowerOpt,39.15,30.91,30.91,,,,"170.99,62.74,15.54,2.13,1.75,0.96,0.52,0.49,0.26,0.25,0.18,0.13,0.03","2.95,0.04,0.01","0,9,9",0,,
1395,Stage3,39.15,30.91,30.91,27.55,,,,,"0,9,9",0,"16,24,8,24,24",
1395,Stage3_PowerOpt,39.15,30.91,30.91,,27.55,,"43.28,15.67,3.93,0.53,0.20,0.14,0.12,0.10,0.01","2.97,0.03,0.01","0,9,9",0,"16,24,8,24,24",
1395,Stage4,39.15,30.91,30.91,,27.55,8.02;11.25;13.12;14.93;16.28;17.18;18.01;18.71;19.19;19.64;19.97;20.29;20.58;20.96;21.32;21.59;21.83;22.09;22.32;22.53;22.72;22.91;23.12;23.32;23.51;23.68;23.84;23.97;24.19;24.36;24.52;24.68;24.80;24.94;25.09;25.16;25.32;25.45;25.56;25.71;25.79;25.89;25.97;26.01;26.21,,,"0,9,9",0,"16,24,8,24,24","16,24,8,24,24,8,24,24,24,8,24,8,24,8,24,24,8,24,24,24,16,16,24,24,24,24,24,24,24,16,24,24,16,8,24,24,8,16,16,24,8,24,8,24,8"
1396,Stage1,47.37,,,,,,,,4,,,
1396,Stage2,47.37,16.73,,,,,,,4,0,,
1396,PowerOpt,47.37,16.73,16.73,,,,"150.59,81.50,11.31,4.06,2.13,2.03,1.80,1.09,0.57,0.41,0.16,0.10,0.06,0.05,0.01,0.01,0.01,0.01",1.00,4,0,,
1396,Stage3,47.37,16.73,16.73,16.69,,,,,4,0,24,
1396,Stage3_PowerOpt,47.37,16.73,16.73,,16.69,,"37.85,20.49,2.84,1.02,0.51,0.38,0.35,0.26,0.10,0.08,0.04,0.02,0.01",1.00,4,0,24,
1396,Stage4,47.37,16.73,16.73,,16.69,8.00;10.95;11.75;12.33;12.77;13.13;13.42;13.67;13.84;13.98;14.10;14.22;14.33;14.44;14.56;14.67;14.76;14.84;14.91;14.98;15.05;15.11;15.18;15.26;15.32;15.38;15.42;15.47;15.52;15.57;15.62;15.67;15.72;15.76;15.80;15.84;15.88,,,4,0,24,"24,24,24,24,24,24,24,24,24,24,24,24,24,24,24,24,24,24,24,24,24,24,24,24,24,24,24,24,24,24,24,24,24,24,24,24,24"
1397,Stage1,43.70,,,,,,,,0,,,
1397,Stage2,43.70,16.52,,,,,,,0,0,,
1397,PowerOpt,43.70,16.52,16.52,,,,"205.92,42.17,3.49,2.30,1.28,0.23,0.21,0.12,0.10,0.04,0.04,0.02,0.01",1.00,0,0,,
1397,Stage3,43.70,16.52,16.52,16.49,,,,,0,0,32,
1397,Stage3_PowerOpt,43.70,16.52,16.52,,16.49,,"51.95,10.64,0.58,0.50,0.18,0.05,0.03,0.03,0.02,0.01",1.00,0,0,32,
1397,Stage4,43.70,16.52,16.52,,16.49,7.84;10.94;11.67;12.20;12.62;12.96;13.24;13.49;13.68;13.83;13.94;14.05;14.16;14.27;14.38;14.49;14.59;14.67;14.74;14.80;14.87;14.93;15.00;15.08;15.14;15.20;15.25;15.29;15.34;15.38;15.44;15.49;15.54;15.58;15.62;15.66;15.69,,,0,0,32,"32,32,32,32,32,32,32,32,32,32,32,32,32,32,32,32,32,32,32,32,32,32,32,32,32,32,32,32,32,32,32,32,32,32,32,32,32"
1398,Stage1,51.88,,,,,,,,4,,,
1398,Stage2,51.88,16.54,,,,,,,4,0,,
1398,PowerOpt,51.88,16.54,16.54,,,,"139.87,40.66,34.71,10.84,9.38,5.39,5.05,4.64,1.73,1.48,0.60,0.58,0.30,0.16,0.12,0.09,0.06,0.05,0.04,0.03,0.03,0.03,0.02,0.02,0.02,0.01,0.01,0.01",1.00,4,0,,
1398,Stage3,51.88,16.54,16.54,16.33,,,,,4,0,24,
1398,Stage3_PowerOpt,51.88,16.54,16.54,,16.33,,"38.48,11.19,5.52,3.01,1.60,1.20,1.00,0.86,0.48,0.28,0.16,0.09,0.04,0.02,0.01",1.00,4,0,24,
1398,Stage4,51.88,16.54,16.54,,16.33,8.18;10.61;11.36;11.89;12.30;12.64;12.92;13.16;13.38;13.55;13.69;13.82;13.94;14.06;14.17;14.28;14.38;14.46;14.53;14.60;14.67;14.73;14.80;14.87;14.94;15.00;15.05;15.10;15.15;15.20;15.25;15.30;15.35;15.39;15.43;15.47;15.51;15.55,,,4,0,24,"24,24,24,24,24,24,24,24,24,24,24,24,24,24,24,24,24,24,24,24,24,24,24,24,24,24,24,24,24,24,24,24,24,24,24,24,24,24"
1399,Stage1,52.47,,,,,,,,4,,,
1399,Stage2,52.47,16.32,,,,,,,4,0,,
1399,PowerOpt,52.47,16.32,16.32,,,,"124.73,63.31,31.29,15.61,8.14,4.43,3.54,2.16,0.85,0.69,0.59,0.17,0.09,0.08,0.07,0.06,0.04,0.03,0.03,0.02,0.02,0.01,0.01",1.00,4,0,,
1399,Stage3,52.47,16.32,16.32,16.03,,,,,4,0,24,
1399,Stage3_PowerOpt,52.47,16.32,16.32,,16.03,,"36.47,10.81,8.98,2.63,2.38,1.05,0.89,0.37,0.19,0.13,0.03,0.02,0.02,0.02",1.00,4,0,24,
1399,Stage4,52.47,16.32,16.32,,16.03,8.21;10.29;11.07;11.62;12.04;12.36;12.63;12.87;13.09;13.26;13.40;13.53;13.64;13.75;13.86;13.96;14.06;14.15;14.22;14.30;14.36;14.43;14.50;14.56;14.63;14.69;14.75;14.80;14.85;14.90;14.94;14.99;15.04;15.09;15.13;15.17;15.21;15.25,,,4,0,24,"24,24,24,24,24,24,24,24,24,24,24,24,24,24,24,24,24,24,24,24,24,24,24,24,24,24,24,24,24,24,24,24,24,24,24,24,24,24"
1400,Stage1,48.89,,,,,,,,4,,,
1400,Stage2,48.89,15.72,,,,,,,4,0,,
1400,PowerOpt,48.89,15.72,15.72,,,,"136.54,58.25,23.27,21.48,6.21,5.48,3.11,0.65,0.65,0.30,0.03",1.00,4,0,,
1400,Stage3,48.89,15.72,15.72,15.60,,,,,4,0,24,
1400,Stage3_PowerOpt,48.89,15.72,15.72,,15.60,,"35.90,15.36,5.70,4.24,1.61,1.00,0.12,0.05,0.01",1.00,4,0,24,
1400,Stage4,48.89,15.72,15.72,,15.60,8.11;10.01;10.81;11.34;11.74;12.06;12.33;12.55;12.74;12.88;13.02;13.14;13.25;13.35;13.46;13.56;13.66;13.75;13.82;13.89;13.96;14.02;14.09;14.15;14.22;14.28;14.34;14.39;14.43;14.48;14.53;14.57;14.63;14.68;14.72;14.76;14.79;14.83,,,4,0,24,"24,24,24,24,24,24,24,24,24,24,24,24,24,24,24,24,24,24,24,24,24,24,24,24,24,24,24,24,24,24,24,24,24,24,24,24,24,24"
1407,Stage1,44.80,,,,,,,,"0,9",,,
1407,Stage2,44.80,26.57,,,,,,,"0,9",0,,
1407,PowerOpt,44.80,26.57,26.57,,,,"44.99,39.47,25.50,19.16,16.42,14.83,13.02,7.96,7.19,6.68,6.49,5.79,5.67,5.12,4.15,4.02,3.46,3.17,2.96,2.41,2.19,1.72,1.49,1.35,1.23,1.08,0.97,0.91,0.68,0.61,0.54,0.47,0.45,0.38,0.34,0.31,0.27,0.24,0.22,0.21,0.18,0.17,0.16,0.14,0.13,0.12,0.11,0.10,0.09,0.09,0.08,0.06,0.05,0.05,0.04,0.04,0.04,0.03,0.02,0.02,0.02,0.01,0.01,0.01,0.01,0.01","1.93,0.07","0,9",0,,
1407,Stage3,44.80,26.57,26.57,25.42,,,,,"0,9",0,16,
1407,Stage3_PowerOpt,44.80,26.57,26.57,,25.42,,"14.12,12.24,7.72,5.50,5.02,4.15,3.49,2.23,1.81,1.68,1.43,1.14,0.78,0.52,0.38,0.27,0.18,0.16,0.15,0.14,0.11,0.10,0.09,0.08,0.08,0.07,0.06,0.06,0.04,0.03,0.03,0.02,0.02,0.02,0.01,0.01","1.94,0.06","0,9",0,16,
1407,Stage4,44.80,26.57,26.57,,25.42,8.88;13.35;15.15;16.31;17.13;17.79;18.40;18.98;19.42;19.78;20.06;20.32;20.55;20.79;21.06;21.32;21.55;21.73;21.88;22.02;22.15;22.26;22.39;22.53;22.65;22.77;22.86;22.95;23.04;23.13;23.21;23.31;23.40;23.48;23.56;23.64;23.71;23.79;23.86;23.95;24.03;24.10;24.16,,,"0,9",0,16,"16,16,16,16,16,16,16,16,16,16,16,16,16,16,16,16,16,16,16,16,16,16,16,16,16,16,16,16,16,16,16,16,16,16,16,16,16,16,16,16,16,16,16"
1408,Stage1,36.08,,,,,,,,"4,0,9",,,
1408,Stage2,36.08,29.28,,,,,,,"4,0,9",0,,
1408,PowerOpt,36.08,29.28,29.28,,,,"182.30,48.91,6.63,5.40,4.05,2.88,0.87,0.85,0.77,0.68,0.54,0.41,0.28,0.25,0.23,0.18,0.16,0.14,0.13,0.06,0.05,0.04,0.04,0.03,0.02,0.02,0.01","2.98,0.02,0.00","4,0,9",0,,
1408,Stage3,36.08,29.28,29.28,25.61,,,,,"4,0,9",0,"16,41,23,23,41",
1408,Stage3_PowerOpt,36.08,29.28,29.28,,25.61,,"46.64,11.22,2.09,1.32,1.18,0.60,0.29,0.19,0.17,0.08,0.06,0.04,0.03,0.03,0.02,0.01","2.98,0.01,0.00","4,0,9",0,"16,41,23,23,41",
1408,Stage4,36.08,29.28,29.28,,25.61,6.74;11.77;13.08;14.04;14.97;15.64;16.34;16.99;17.46;17.94;18.27;18.56;18.87;19.18;19.47;19.78;20.08;20.30;20.56;20.69;20.84;21.05;21.23;21.44;21.72;21.88;21.99;22.08;22.25;22.43;22.59;22.69;22.86;22.99;23.05;23.17;23.32;23.43;23.54;23.64;23.77;23.87;23.96;24.01;24.12;24.21;24.34,,,"4,0,9",0,"16,41,23,23,41","16,41,41,16,41,41,23,41,16,23,23,23,23,23,41,41,41,16,23,23,23,41,23,23,41,41,23,41,16,23,41,23,41,23,23,41,16,41,23,16,41,41,23,41,16,23,41"
1409,Stage1,33.33,,,,,,,,"4,0,9",,,
1409,Stage2,33.33,25.45,,,,,,,"4,0,9",0,,
1409,PowerOpt,33.33,25.45,25.45,,,,"175.78,68.43,6.85,1.82,1.32,0.53,0.38,0.30,0.28,0.14,0.03,0.03,0.02,0.01","2.99,0.01,0.00","4,0,9",0,,
1409,Stage3,33.33,25.45,25.45,24.31,,,,,"4,0,9",0,"33,33,23,33",
1409,Stage3_PowerOpt,33.33,25.45,25.45,,24.31,,"42.97,17.92,2.26,0.31,0.29,0.11,0.09,0.04","2.99,0.01,0.00","4,0,9",0,"33,33,23,33",
1409,Stage4,33.33,25.45,25.45,,24.31,6.37;12.03;13.36;14.46;15.39;16.18;16.86;17.46;17.85;18.12;18.33;18.53;18.71;18.91;19.14;19.41;19.64;19.81;19.95;20.08;20.21;20.34;20.49;20.69;20.86;20.99;21.10;21.20;21.30;21.41;21.53;21.68;21.82;21.93;22.01;22.09;22.18;22.26;22.36;22.50;22.61;22.69;22.77;22.84;22.92;22.99;23.08;23.19,,,"4,0,9",0,"33,33,23,33","33,33,33,33,33,33,33,33,33,23,33,33,33,33,33,33,33,23,23,33,23,33,33,33,33,33,23,33,33,23,33,33,33,33,23,33,33,33,33,33,33,33,23,33,33,23,33,33"
1410,Stage1,30.43,,,,,,,,4,,,
1410,Stage2,30.43,16.38,,,,,,,4,4,,
1410,PowerOpt,30.43,16.38,16.38,,,,"202.11,48.90,4.02,0.60,0.16,0.07,0.04,0.03",1.00,4,4,,
1410,Stage3,30.43,16.38,16.38,16.31,,,,,4,4,33,
1410,Stage3_PowerOpt,30.43,16.38,16.38,,16.31,,"50.52,12.27,1.01,0.15,0.04,0.01",1.00,4,4,33,
1410,Stage4,30.43,16.38,16.38,,16.31,7.93;10.82;11.53;12.05;12.45;12.78;13.07;13.31;13.51;13.66;13.78;13.88;13.98;14.09;14.20;14.31;14.42;14.50;14.57;14.63;14.69;14.75;14.82;14.90;14.97;15.02;15.07;15.12;15.16;15.20;15.25;15.31;15.36;15.41;15.44;15.48;15.51,,,4,4,33,"33,33,33,33,33,33,33,33,33,33,33,33,33,33,33,33,33,33,33,33,33,33,33,33,33,33,33,33,33,33,33,33,33,33,33,33,33"
1411,Stage1,27.29,,,,,,,,4,,,
1411,Stage2,27.29,16.47,,,,,,,4,4,,
1411,PowerOpt,27.29,16.47,16.47,,,,"180.81,63.10,10.83,0.62,0.44,0.14,0.02",1.00,4,4,,
1411,Stage3,27.29,16.47,16.47,16.44,,,,,4,4,33,
1411,Stage3_PowerOpt,27.29,16.47,16.47,,16.44,,"45.27,15.69,2.72,0.15,0.11,0.03",1.00,4,4,33,
1411,Stage4,27.29,16.47,16.47,,16.44,8.05;10.79;11.56;12.11;12.54;12.89;13.18;13.43;13.61;13.75;13.87;13.98;14.09;14.20;14.31;14.43;14.52;14.60;14.67;14.74;14.80;14.87;14.94;15.01;15.08;15.13;15.18;15.23;15.27;15.32;15.37;15.43;15.48;15.52;15.56;15.59;15.63,,,4,4,33,"33,33,33,33,33,33,33,33,33,33,33,33,33,33,33,33,33,33,33,33,33,33,33,33,33,33,33,33,33,33,33,33,33,33,33,33,33"
1412,Stage1,27.62,,,,,,,,4,,,
1412,Stage2,27.62,16.30,,,,,,,4,4,,
1412,PowerOpt,27.62,16.30,16.30,,,,"208.14,44.48,2.57,0.55,0.11,0.09,0.01",1.00,4,4,,
1412,Stage3,27.62,16.30,16.30,16.29,,,,,4,4,33,
1412,Stage3_PowerOpt,27.62,16.30,16.30,,16.29,,"52.04,11.12,0.64,0.13,0.03,0.02",1.00,4,4,33,
1412,Stage4,27.62,16.30,16.30,,16.29,8.01;10.73;11.46;11.99;12.41;12.75;13.04;13.29;13.48;13.63;13.74;13.85;13.96;14.06;14.18;14.29;14.39;14.47;14.54;14.60;14.66;14.73;14.80;14.88;14.94;15.00;15.05;15.09;15.13;15.18;15.23;15.29;15.34;15.38;15.42;15.45;15.49,,,4,4,33,"33,33,33,33,33,33,33,33,33,33,33,33,33,33,33,33,33,33,33,33,33,33,33,33,33,33,33,33,33,33,33,33,33,33,33,33,33"
1413,Stage1,44.86,,,,,,,,"0,1,9",,,
1413,Stage2,44.86,33.57,,,,,,,"0,1,9",0,,
1413,PowerOpt,44.86,33.57,33.57,,,,"183.89,58.10,7.23,2.69,0.90,0.85,0.61,0.46,0.27,0.23,0.16,0.11,0.10,0.08,0.06,0.06,0.05,0.03,0.03,0.02,0.01","2.94,0.04,0.02","0,1,9",0,,
1413,Stage3,44.86,33.57,33.57,33.32,,,,,"0,1,9",0,32,
1413,Stage3_PowerOpt,44.86,33.57,33.57,,33.32,,"46.12,14.58,1.81,0.55,0.22,0.18,0.15,0.11,0.06,0.06,0.04,0.02,0.02,0.02,0.01,0.01","2.95,0.03,0.02","0,1,9",0,32,
1413,Stage4,44.86,33.57,33.57,,33.32,9.96;14.05;17.29;19.55;21.02;22.18;23.12;23.87;24.48;24.93;25.36;25.74;26.07;26.41;26.75;27.10;27.41;27.66;27.90;28.11;28.32;28.52;28.73;28.95;29.14;29.31;29.47;29.62;29.76;29.91;30.06;30.21;30.35;30.48;30.60;30.71;30.83;30.95;31.06;31.19;31.31;31.42;31.52;31.61;31.71,,,"0,1,9",0,32,"32,32,32,32,32,32,32,32,32,32,32,32,32,32,32,32,32,32,32,32,32,32,32,32,32,32,32,32,32,32,32,32,32,32,32,32,32,32,32,32,32,32,32,32,32"
1414,Stage1,38.64,,,,,,,,0,,,
1414,Stage2,38.64,16.35,,,,,,,0,4,,
1414,PowerOpt,38.64,16.35,16.35,,,,"157.97,75.46,18.80,2.20,1.03,0.35,0.09,0.02,0.02",1.00,0,4,,
1414,Stage3,38.64,16.35,16.35,16.36,,,,,0,4,33,
1414,Stage3_PowerOpt,38.64,16.35,16.35,,16.36,,"39.63,18.86,4.60,0.54,0.25,0.09,0.02",1.00,0,4,33,
1414,Stage4,38.64,16.35,16.35,,16.36,8.12;10.69;11.47;12.03;12.47;12.82;13.11;13.36;13.54;13.67;13.79;13.90;14.02;14.13;14.24;14.36;14.45;14.52;14.59;14.66;14.73;14.79;14.87;14.94;15.00;15.05;15.10;15.15;15.20;15.25;15.30;15.36;15.40;15.44;15.48;15.52;15.55,,,0,4,33,"33,33,33,33,33,33,33,33,33,33,33,33,33,33,33,33,33,33,33,33,33,33,33,33,33,33,33,33,33,33,33,33,33,33,33,33,33"
1415,Stage1,43.03,,,,,,,,"0,9,0",,,
1415,Stage2,43.03,33.41,,,,,,,"0,9,0",0,,
1415,PowerOpt,43.03,33.41,33.41,,,,"171.55,65.87,14.94,1.63,0.80,0.23,0.17,0.15,0.13,0.11,0.07,0.06,0.06,0.05,0.04,0.03,0.02,0.02,0.01","2.95,0.04,0.01","0,9,0",0,,
1415,Stage3,43.03,33.41,33.41,33.20,,,,,"0,9,0",0,32,
1415,Stage3_PowerOpt,43.03,33.41,33.41,,33.20,,"42.94,16.48,3.74,0.41,0.16,0.06,0.04,0.04,0.03,0.02,0.02,0.01,0.01,0.01","2.95,0.04,0.01","0,9,0",0,32,
1415,Stage4,43.03,33.41,33.41,,33.20,10.34;14.04;16.80;19.06;20.75;22.02;23.02;23.84;24.42;24.86;25.25;25.64;25.98;26.31;26.65;27.01;27.31;27.55;27.76;27.98;28.19;28.39;28.60;28.82;29.01;29.18;29.33;29.47;29.62;29.76;29.91;30.08;30.22;30.35;30.47;30.59;30.70;30.81;30.93;31.07;31.19;31.30;31.39;31.50;31.59,,,"0,9,0",0,32,"32,32,32,32,32,32,32,32,32,32,32,32,32,32,32,32,32,32,32,32,32,32,32,32,32,32,32,32,32,32,32,32,32,32,32,32,32,32,32,32,32,32,32,32,32"
1416,Stage1,49.39,,,,,,,,4,,,
1416,Stage2,49.39,16.15,,,,,,,4,0,,
1416,PowerOpt,49.39,16.15,16.15,,,,"181.44,57.64,7.39,6.11,1.48,0.60,0.40,0.19,0.13,0.10,0.08,0.07,0.06,0.05,0.04,0.03,0.03,0.02,0.02,0.01,0.01,0.01",1.00,4,0,,
1416,Stage3,49.39,16.15,16.15,16.14,,,,,4,0,32,
1416,Stage3_PowerOpt,49.39,16.15,16.15,,16.14,,"45.45,14.44,1.85,1.51,0.37,0.15,0.08,0.03,0.03,0.02,0.01,0.01",1.00,4,0,32,
1416,Stage4,49.39,16.15,16.15,,16.14,8.17;10.51;11.27;11.81;12.23;12.58;12.87;13.12;13.30;13.44;13.56;13.67;13.78;13.89;14.00;14.11;14.21;14.29;14.36;14.42;14.49;14.55;14.62;14.70;14.76;14.82;14.87;14.91;14.96;15.00;15.05;15.11;15.16;15.20;15.24;15.28;15.31;15.35,,,4,0,32,"32,32,32,32,32,32,32,32,32,32,32,32,32,32,32,32,32,32,32,32,32,32,32,32,32,32,32,32,32,32,32,32,32,32,32,32,32,32"
1417,Stage1,48.26,,,,,,,,4,,,
1417,Stage2,48.26,16.12,,,,,,,4,0,,
1417,PowerOpt,48.26,16.12,16.12,,,,"190.77,51.54,6.33,4.58,1.24,0.58,0.24,0.18,0.14,0.09,0.05,0.04,0.04,0.03,0.03,0.02,0.01",1.00,4,0,,
1417,Stage3,48.26,16.12,16.12,16.11,,,,,4,0,32,
1417,Stage3_PowerOpt,48.26,16.12,16.12,,16.11,,"47.78,12.90,1.57,1.14,0.31,0.14,0.04,0.03,0.02,0.01",1.00,4,0,32,
1417,Stage4,48.26,16.12,16.12,,16.11,8.16;10.49;11.21;11.74;12.16;12.51;12.80;13.06;13.25;13.39;13.51;13.61;13.72;13.83;13.94;14.06;14.16;14.24;14.31;14.37;14.43;14.50;14.57;14.65;14.72;14.77;14.82;14.86;14.91;14.96;15.01;15.07;15.12;15.16;15.20;15.23;15.27;15.31,,,4,0,32,"32,32,32,32,32,32,32,32,32,32,32,32,32,32,32,32,32,32,32,32,32,32,32,32,32,32,32,32,32,32,32,32,32,32,32,32,32,32"
1418,Stage1,52.22,,,,,,,,0,,,
1418,Stage2,52.22,16.37,,,,,,,0,4,,
1418,PowerOpt,52.22,16.37,16.37,,,,"111.89,45.47,45.19,23.38,12.98,8.42,4.28,1.23,0.97,0.64,0.53,0.33,0.26,0.13,0.09,0.08,0.04,0.02,0.02,0.01",1.00,0,4,,
1418,Stage3,52.22,16.37,16.37,15.52,,,,,0,4,33,
1418,Stage3_PowerOpt,52.22,16.37,16.37,,15.52,,"43.05,17.66,1.66,0.75,0.25,0.21,0.14,0.12,0.05,0.03,0.02,0.01",1.00,0,4,33,
1418,Stage4,52.22,16.37,16.37,,15.52,8.13;9.94;10.69;11.22;11.64;11.97;12.26;12.50;12.69;12.83;12.95;13.06;13.17;13.28;13.39;13.51;13.60;13.68;13.75;13.81;13.88;13.95;14.02;14.09;14.16;14.21;14.26;14.31;14.35;14.40;14.45;14.51;14.56;14.60;14.64;14.67;14.71;14.75,,,0,4,33,"33,33,33,33,33,33,33,33,33,33,33,33,33,33,33,33,33,33,33,33,33,33,33,33,33,33,33,33,33,33,33,33,33,33,33,33,33,33"
1419,Stage1,46.32,,,,,,,,4,,,
1419,Stage2,46.32,16.39,,,,,,,4,4,,
1419,PowerOpt,46.32,16.39,16.39,,,,"176.57,40.20,23.46,9.84,2.38,2.09,0.57,0.26,0.24,0.20,0.06,0.04,0.01,0.01",1.00,4,4,,
1419,Stage3,46.32,16.39,16.39,15.84,,,,,4,4,33,
1419,Stage3_PowerOpt,46.32,16.39,16.39,,15.84,,"54.75,7.18,0.90,0.71,0.22,0.08,0.06,0.05,0.02,0.01",1.00,4,4,33,
1419,Stage4,46.32,16.39,16.39,,15.84,8.20;10.36;11.06;11.57;11.97;12.30;12.58;12.83;13.01;13.15;13.27;13.39;13.49;13.60;13.72;13.83;13.92;14.00;14.07;14.14;14.20;14.27;14.34;14.42;14.48;14.53;14.58;14.63;14.68;14.72;14.78;14.83;14.88;14.92;14.96;15.00;15.03;15.07,,,4,4,33,"33,33,33,33,33,33,33,33,33,33,33,33,33,33,33,33,33,33,33,33,33,33,33,33,33,33,33,33,33,33,33,33,33,33,33,33,33,33"
1420,Stage1,36.35,,,,,,,,0,,,
1420,Stage2,36.35,16.68,,,,,,,0,0,,
1420,PowerOpt,36.35,16.68,16.68,,,,"149.09,84.54,16.75,2.22,1.59,1.02,0.33,0.20,0.10,0.05,0.04,0.02",1.00,0,0,,
1420,Stage3,36.35,16.68,16.68,16.43,,,,,0,0,24,
1420,Stage3_PowerOpt,36.35,16.68,16.68,,16.43,,"37.54,21.22,4.18,0.55,0.26,0.15,0.05,0.03,0.01",1.00,0,0,24,
1420,Stage4,36.35,16.68,16.68,,16.43,8.09;10.76;11.52;12.07;12.50;12.86;13.16;13.42;13.60;13.74;13.86;13.97;14.08;14.19;14.30;14.42;14.52;14.60;14.66;14.73;14.79;14.86;14.93;15.01;15.07;15.13;15.18;15.22;15.27;15.32;15.37;15.42;15.47;15.52;15.55;15.59;15.63,,,0,0,24,"24,24,24,24,24,24,24,24,24,24,24,24,24,24,24,24,24,24,24,24,24,24,24,24,24,24,24,24,24,24,24,24,24,24,24,24,24"
1421,Stage1,35.34,,,,,,,,4,,,
1421,Stage2,35.34,16.29,,,,,,,4,0,,
1421,PowerOpt,35.34,16.29,16.29,,,,"173.77,69.68,11.30,1.09,0.05,0.03,0.02",1.00,4,0,,
1421,Stage3,35.34,16.29,16.29,16.28,,,,,4,0,"32,33",
1421,Stage3_PowerOpt,35.34,16.29,16.29,,16.28,,"43.53,17.33,2.83,0.27,0.01",1.00,4,0,"32,33",
1421,Stage4,35.34,16.29,16.29,,16.28,8.16;10.63;11.42;11.99;12.42;12.76;13.05;13.28;13.46;13.60;13.72;13.84;13.95;14.06;14.17;14.28;14.37;14.45;14.52;14.59;14.66;14.73;14.79;14.87;14.93;14.98;15.03;15.08;15.13;15.18;15.23;15.28;15.33;15.37;15.41;15.45;15.48,,,4,0,"32,33","33,32,32,33,33,33,32,32,32,32,32,32,33,33,32,32,32,32,32,32,32,32,32,33,32,32,33,33,32,32,32,32,32,32,32,33,32"
1422,Stage1,47.53,,,,,,,,"5,9,9",,,
1422,Stage2,47.53,35.07,,,,,,,"5,9,9","12,0",,
1422,PowerOpt,47.53,35.07,35.07,,,,"97.87,90.66,25.56,25.16,4.33,4.00,3.16,2.46,1.86,0.90","2.32,0.64,0.04","5,9,9","12,0",,
1422,Stage3,47.53,35.07,35.07,34.84,,,,,"5,9,9","12,0","32,54,32",
1422,Stage3_PowerOpt,47.53,35.07,35.07,,34.84,,"27.26,21.00,6.84,5.59,0.92,0.90,0.74,0.38,0.25,0.11","2.42,0.56,0.02","5,9,9","12,0","32,54,32",
1422,Stage4,47.53,35.07,35.07,,34.84,9.89;16.31;18.97;20.94;23.00;23.97;24.88;25.49;26.06;26.48;26.94;27.33;27.72;28.05;28.39;28.70;28.96;29.24;29.45;29.77;29.96;30.13;30.37;30.54;30.74;30.96;31.13;31.25;31.46;31.58;31.76;31.93;32.12;32.26;32.36;32.46;32.65;32.79;32.91;33.04;33.13,,,"5,9,9","12,0","32,54,32","54,32,32,54,32,54,32,54,54,32,32,32,32,54,32,32,32,32,32,32,32,54,32,32,54,32,32,32,54,32,54,32,54,32,32,54,32,32,32,32,54"
1423,Stage1,41.70,,,,,,,,4,,,
1423,Stage2,41.70,16.16,,,,,,,4,0,,
1423,PowerOpt,41.70,16.16,16.16,,,,"199.45,46.99,6.82,0.93,0.51,0.46,0.38,0.17,0.16,0.02,0.02,0.02",1.00,4,0,,
1423,Stage3,41.70,16.16,16.16,16.15,,,,,4,0,32,
1423,Stage3_PowerOpt,41.70,16.16,16.16,,16.15,,"50.00,11.78,1.71,0.14,0.13,0.09,0.07,0.04,0.02",1.00,4,0,32,
1423,Stage4,41.70,16.16,16.16,,16.15,8.15;10.54;11.28;11.82;12.24;12.59;12.89;13.15;13.33;13.47;13.59;13.69;13.80;13.91;14.03;14.14;14.24;14.32;14.39;14.45;14.51;14.58;14.65;14.73;14.80;14.85;14.90;14.94;14.99;15.04;15.09;15.15;15.20;15.24;15.27;15.31;15.34;15.38,,,4,0,32,"32,32,32,32,32,32,32,32,32,32,32,32,32,32,32,32,32,32,32,32,32,32,32,32,32,32,32,32,32,32,32,32,32,32,32,32,32,32"
1424,Stage1,29.64,,,,,,,,0,,,
1424,Stage2,29.64,16.58,,,,,,,0,0,,
1424,PowerOpt,29.64,16.58,16.58,,,,"174.38,67.92,11.24,1.31,0.51,0.30,0.18,0.07,0.04",1.00,0,0,,
1424,Stage3,29.64,16.58,16.58,16.47,,,,,0,0,24,
1424,Stage3_PowerOpt,29.64,16.58,16.58,,16.47,,"43.59,17.03,2.82,0.32,0.13,0.05,0.03",1.00,0,0,24,
1424,Stage4,29.64,16.58,16.58,,16.47,7.93;10.91;11.66;12.19;12.61;12.94;13.22;13.46;13.65;13.80;13.92;14.03;14.14;14.24;14.35;14.46;14.56;14.65;14.72;14.78;14.85;14.91;14.98;15.05;15.12;15.18;15.23;15.27;15.32;15.36;15.41;15.47;15.52;15.56;15.60;15.64;15.67,,,0,0,24,"24,24,24,24,24,24,24,24,24,24,24,24,24,24,24,24,24,24,24,24,24,24,24,24,24,24,24,24,24,24,24,24,24,24,24,24,24"
1425,Stage1,29.21,,,,,,,,0,,,
1425,Stage2,29.21,16.41,,,,,,,0,0,,
1425,PowerOpt,29.21,16.41,16.41,,,,"207.77,43.75,2.55,1.29,0.29,0.19,0.06,0.03",1.00,0,0,,
1425,Stage3,29.21,16.41,16.41,16.34,,,,,0,0,24,
1425,Stage3_PowerOpt,29.21,16.41,16.41,,16.34,,"51.97,10.96,0.64,0.32,0.07,0.02",1.00,0,0,24,
1425,Stage4,29.21,16.41,16.41,,16.34,7.99;10.77;11.51;12.03;12.45;12.79;13.07;13.32;13.51;13.66;13.78;13.89;13.99;14.10;14.21;14.32;14.42;14.51;14.58;14.64;14.70;14.77;14.83;14.91;14.98;15.04;15.09;15.13;15.18;15.22;15.27;15.33;15.38;15.42;15.46;15.50;15.53,,,0,0,24,"24,24,24,24,24,24,24,24,24,24,24,24,24,24,24,24,24,24,24,24,24,24,24,24,24,24,24,24,24,24,24,24,24,24,24,24,24"
1426,Stage1,50.80,,,,,,,,5,,,
1426,Stage2,50.80,16.27,,,,,,,5,0,,
1426,PowerOpt,50.80,16.27,16.27,,,,"163.00,37.83,12.48,10.28,8.40,7.98,4.82,4.66,2.04,1.35,1.03,0.42,0.26,0.23,0.21,0.19,0.18,0.10,0.09,0.07,0.06,0.05,0.04,0.04,0.03,0.02,0.02,0.02,0.01,0.01",1.00,5,0,,
1426,Stage3,50.80,16.27,16.27,15.75,,,,,5,0,8,
1426,Stage3_PowerOpt,50.80,16.27,16.27,,15.75,,"49.80,11.51,1.44,0.41,0.24,0.21,0.16,0.09,0.06,0.02,0.02",1.00,5,0,8,
1426,Stage4,50.80,16.27,16.27,,15.75,8.20;10.09;10.82;11.36;11.80;12.15;12.44;12.70;12.89;13.03;13.15;13.26;13.37;13.48;13.59;13.71;13.81;13.89;13.96;14.02;14.09;14.15;14.22;14.30;14.37;14.42;14.47;14.52;14.56;14.61;14.66;14.72;14.77;14.82;14.86;14.89;14.93;14.96;15.01,,,5,0,8,"8,8,8,8,8,8,8,8,8,8,8,8,8,8,8,8,8,8,8,8,8,8,8,8,8,8,8,8,8,8,8,8,8,8,8,8,8,8,8"
1427,Stage1,54.22,,,,,,,,5,,,
1427,Stage2,54.22,16.06,,,,,,,5,0,,
1427,PowerOpt,54.22,16.06,16.06,,,,"143.29,44.87,11.48,11.37,10.72,7.40,7.09,4.43,3.08,2.23,2.16,1.56,1.41,1.13,0.99,0.62,0.56,0.41,0.25,0.16,0.12,0.11,0.07,0.06,0.05,0.05,0.05,0.04,0.03,0.03,0.02,0.02,0.02,0.02,0.02,0.01,0.01",1.00,5,0,,
1427,Stage3,54.22,16.06,16.06,15.46,,,,,5,0,8,
1427,Stage3_PowerOpt,54.22,16.06,16.06,,15.46,,"46.21,14.47,1.41,0.72,0.33,0.23,0.21,0.15,0.06,0.04,0.03,0.03,0.02,0.02,0.02,0.01",1.00,5,0,8,
1427,Stage4,54.22,16.06,16.06,,15.46,8.16;9.90;10.62;11.14;11.55;11.88;12.16;12.40;12.60;12.75;12.87;12.98;13.08;13.19;13.30;13.41;13.51;13.60;13.67;13.73;13.79;13.86;13.92;14.00;14.07;14.13;14.18;14.22;14.27;14.32;14.36;14.42;14.47;14.52;14.56;14.59;14.63;14.67;14.71,,,5,0,8,"8,8,8,8,8,8,8,8,8,8,8,8,8,8,8,8,8,8,8,8,8,8,8,8,8,8,8,8,8,8,8,8,8,8,8,8,8,8,8"
1428,Stage1,37.60,,,,,,,,4,,,
1428,Stage2,37.60,16.22,,,,,,,4,0,,
1428,PowerOpt,37.60,16.22,16.22,,,,"199.85,48.24,7.13,0.29,0.23,0.06,0.02,0.02,0.02,0.01,0.01",1.00,4,0,,
1428,Stage3,37.60,16.22,16.22,16.21,,,,,4,0,32,
1428,Stage3_PowerOpt,37.60,16.22,16.22,,16.21,,"50.02,12.08,1.78,0.07",1.00,4,0,32,
1428,Stage4,37.60,16.22,16.22,,16.21,8.09;10.65;11.38;11.92;12.33;12.67;12.96;13.21;13.40;13.54;13.66;13.77;13.88;13.98;14.09;14.21;14.31;14.39;14.46;14.52;14.58;14.65;14.72;14.80;14.86;14.92;14.97;15.01;15.06;15.10;15.15;15.21;15.26;15.30;15.34;15.38;15.41,,,4,0,32,"32,32,32,32,32,32,32,32,32,32,32,32,32,32,32,32,32,32,32,32,32,32,32,32,32,32,32,32,32,32,32,32,32,32,32,32,32"
1429,Stage1,42.65,,,,,,,,"0,4,9",,,
1429,Stage2,42.65,34.51,,,,,,,"0,4,9",0,,
1429,PowerOpt,42.65,34.51,34.51,,,,"197.60,38.76,7.91,4.31,3.45,1.52,0.98,0.38,0.31,0.22,0.17,0.06,0.05,0.04,0.03,0.02,0.02,0.02,0.01,0.01,0.01,0.01","2.87,0.12,0.01","0,4,9",0,,
1429,Stage3,42.65,34.51,34.51,32.24,,,,,"0,4,9",0,"16,24",
1429,Stage3_PowerOpt,42.65,34.51,34.51,,32.24,,"49.13,9.67,2.36,1.05,1.01,0.38,0.10,0.09,0.07,0.05,0.03,0.01","2.86,0.13,0.01","0,4,9",0,"16,24",
1429,Stage4,42.65,34.51,34.51,,32.24,10.11;14.57;16.92;18.47;19.65;20.74;21.79;22.61;23.38;23.89;24.31;24.69;25.04;25.38;25.73;26.08;26.42;26.68;26.88;27.08;27.28;27.47;27.67;27.88;28.12;28.30;28.48;28.63;28.78;28.92;29.06;29.24;29.41;29.54;29.64;29.77;29.90;30.01;30.12;30.22;30.35;30.44;30.51;30.60;30.69,,,"0,4,9",0,"16,24","24,24,24,24,24,16,24,16,16,16,16,16,16,24,24,24,24,16,16,16,16,16,24,16,24,16,24,24,16,24,16,24,24,16,16,16,16,16,16,16,24,16,24,16,16"
1430,Stage1,37.14,,,,,,,,"0,9,4",,,
1430,Stage2,37.14,31.06,,,,,,,"0,9,4",0,,
1430,PowerOpt,37.14,31.06,31.06,,,,"210.14,41.46,2.59,0.85,0.44,0.23,0.09,0.06,0.04,0.01,0.01","2.94,0.05,0.01","0,9,4",0,,
1430,Stage3,37.14,31.06,31.06,28.27,,,,,"0,9,4",0,"16,24",
1430,Stage3_PowerOpt,37.14,31.06,31.06,,28.27,,"52.67,10.36,0.62,0.21,0.06,0.04,0.01","2.94,0.05,0.00","0,9,4",0,"16,24",
1430,Stage4,37.14,31.06,31.06,,28.27,10.17;12.70;14.46;15.81;16.91;17.83;18.62;19.33;19.90;20.36;20.67;20.95;21.21;21.48;21.77;22.14;22.57;22.86;23.08;23.26;23.45;23.62;23.82;24.05;24.32;24.48;24.67;24.83;24.96;25.08;25.23;25.40;25.61;25.72;25.80;25.90;26.02;26.13;26.25;26.42;26.60;26.69;26.75;26.82;26.89,,,"0,9,4",0,"16,24","24,24,24,24,24,24,24,24,16,16,16,16,16,24,24,24,24,24,16,16,24,16,24,24,24,16,16,16,16,16,24,24,24,24,16,16,16,16,16,24,24,24,24,24,24"
1431,Stage1,43.22,,,,,,,,0,,,
1431,Stage2,43.22,16.74,,,,,,,0,0,,
1431,PowerOpt,43.22,16.74,16.74,,,,"158.72,43.71,32.77,16.85,1.67,1.22,0.43,0.24,0.19,0.06,0.06,0.02,0.02,0.01",1.00,0,0,,
1431,Stage3,43.22,16.74,16.74,16.52,,,,,0,0,24,
1431,Stage3_PowerOpt,43.22,16.74,16.74,,16.52,,"37.95,10.58,9.47,4.94,0.49,0.29,0.12,0.06,0.05,0.02,0.01",1.00,0,0,24,
1431,Stage4,43.22,16.74,16.74,,16.52,8.04;10.81;11.57;12.11;12.52;12.85;13.13;13.37;13.58;13.74;13.88;14.00;14.12;14.23;14.35;14.46;14.56;14.65;14.73;14.81;14.88;14.95;15.02;15.09;15.16;15.22;15.27;15.32;15.37;15.42;15.47;15.52;15.57;15.61;15.65;15.69;15.73,,,0,0,24,"24,24,24,24,24,24,24,24,24,24,24,24,24,24,24,24,24,24,24,24,24,24,24,24,24,24,24,24,24,24,24,24,24,24,24,24,24"
1432,Stage1,32.89,,,,,,,,4,,,
1432,Stage2,32.89,16.47,,,,,,,4,0,,
1432,PowerOpt,32.89,16.47,16.47,,,,"184.62,59.26,9.26,2.14,0.47,0.12,0.05,0.01",1.00,4,0,,
1432,Stage3,32.89,16.47,16.47,16.46,,,,,4,0,24,
1432,Stage3_PowerOpt,32.89,16.47,16.47,,16.46,,"46.16,14.82,2.32,0.53,0.12,0.03,0.01",1.00,4,0,24,
1432,Stage4,32.89,16.47,16.47,,16.46,7.87;10.94;11.67;12.18;12.58;12.90;13.18;13.42;13.63;13.77;13.89;14.00;14.11;14.21;14.32;14.43;14.53;14.62;14.69;14.75;14.81;14.88;14.94;15.02;15.09;15.15;15.20;15.24;15.29;15.33;15.38;15.44;15.49;15.54;15.58;15.61;15.65,,,4,0,24,"24,24,24,24,24,24,24,24,24,24,24,24,24,24,24,24,24,24,24,24,24,24,24,24,24,24,24,24,24,24,24,24,24,24,24,24,24"
1433,Stage1,33.98,,,,,,,,5,,,
1433,Stage2,33.98,16.11,,,,,,,5,0,,
1433,PowerOpt,33.98,16.11,16.11,,,,"196.44,51.55,3.59,3.52,0.54,0.14,0.03,0.03,0.03,0.03,0.01,0.01",1.00,5,0,,
1433,Stage3,33.98,16.11,16.11,16.09,,,,,5,0,24,
1433,Stage3_PowerOpt,33.98,16.11,16.11,,16.09,,"49.14,12.90,0.89,0.88,0.13,0.03",1.00,5,0,24,
1433,Stage4,33.98,16.11,16.11,,16.09,8.14;10.49;11.21;11.74;12.16;12.51;12.81;13.07;13.27;13.42;13.54;13.64;13.74;13.84;13.96;14.07;14.18;14.27;14.33;14.40;14.45;14.52;14.58;14.66;14.73;14.79;14.84;14.89;14.93;14.97;15.02;15.07;15.13;15.18;15.22;15.25;15.29;15.32,,,5,0,24,"24,24,24,24,24,24,24,24,24,24,24,24,24,24,24,24,24,24,24,24,24,24,24,24,24,24,24,24,24,24,24,24,24,24,24,24,24,24"
1434,Stage1,43.93,,,,,,,,4,,,
1434,Stage2,43.93,16.25,,,,,,,4,0,,
1434,PowerOpt,43.93,16.25,16.25,,,,"212.48,35.60,4.05,1.67,0.86,0.31,0.21,0.17,0.15,0.09,0.05,0.04,0.04,0.03,0.03,0.02,0.02,0.02,0.02,0.01,0.01",1.00,4,0,,
1434,Stage3,43.93,16.25,16.25,16.22,,,,,4,0,24,
1434,Stage3_PowerOpt,43.93,16.25,16.25,,16.22,,"53.41,8.95,1.02,0.29,0.20,0.05,0.04,0.02",1.00,4,0,24,
1434,Stage4,43.93,16.25,16.25,,16.22,8.09;10.63;11.37;11.91;12.34;12.69;12.98;13.23;13.41;13.55;13.67;13.78;13.89;14.00;14.11;14.23;14.32;14.40;14.47;14.53;14.60;14.66;14.73;14.81;14.87;14.93;14.98;15.02;15.07;15.12;15.17;15.22;15.27;15.31;15.35;15.39;15.42,,,4,0,24,"24,24,24,24,24,24,24,24,24,24,24,24,24,24,24,24,24,24,24,24,24,24,24,24,24,24,24,24,24,24,24,24,24,24,24,24,24"
1435,Stage1,52.66,,,,,,,,0,,,
1435,Stage2,52.66,16.85,,,,,,,0,0,,
1435,PowerOpt,52.66,16.85,16.85,,,,"117.72,67.81,29.20,25.17,7.94,2.23,2.06,1.96,0.59,0.41,0.40,0.12,0.08,0.07,0.04,0.04,0.02,0.02,0.02,0.02,0.01",1.00,0,0,,
1435,Stage3,52.66,16.85,16.85,16.50,,,,,0,0,32,
1435,Stage3_PowerOpt,52.66,16.85,16.85,,16.50,,"35.80,11.94,8.79,4.17,1.29,0.68,0.59,0.33,0.12,0.10,0.07,0.04,0.02,0.01,0.01,0.01",1.00,0,0,32,
1435,Stage4,52.66,16.85,16.85,,16.50,8.12;10.74;11.53;12.09;12.52;12.86;13.14;13.38;13.60;13.77;13.91;14.03;14.15;14.27;14.38;14.49;14.58;14.66;14.74;14.81;14.87;14.94;15.01;15.08;15.14;15.20;15.25;15.29;15.34;15.39;15.44;15.49;15.54;15.59;15.63;15.67;15.70,,,0,0,32,"32,32,32,32,32,32,32,32,32,32,32,32,32,32,32,32,32,32,32,32,32,32,32,32,32,32,32,32,32,32,32,32,32,32,32,32,32"
1436,Stage1,47.39,,,,,,,,0,,,
1436,Stage2,47.39,16.53,,,,,,,0,0,,
1436,PowerOpt,47.39,16.53,16.53,,,,"169.96,53.56,11.72,9.28,4.20,2.38,1.78,1.13,0.85,0.26,0.23,0.15,0.14,0.08,0.07,0.04,0.03,0.01",1.00,0,0,,
1436,Stage3,47.39,16.53,16.53,16.45,,,,,0,0,24,
1436,Stage3_PowerOpt,47.39,16.53,16.53,,16.45,,"43.34,13.72,3.01,1.45,1.02,0.45,0.37,0.27,0.15,0.06,0.04,0.04,0.02,0.02",1.00,0,0,24,
1436,Stage4,47.39,16.53,16.53,,16.45,8.04;10.79;11.54;12.08;12.50;12.84;13.13;13.38;13.58;13.73;13.86;13.98;14.09;14.20;14.31;14.42;14.52;14.60;14.67;14.74;14.80;14.87;14.93;15.01;15.08;15.13;15.18;15.23;15.28;15.32;15.37;15.42;15.48;15.52;15.56;15.60;15.64,,,0,0,24,"24,24,24,24,24,24,24,24,24,24,24,24,24,24,24,24,24,24,24,24,24,24,24,24,24,24,24,24,24,24,24,24,24,24,24,24,24"
1437,Stage1,48.99,,,,,,,,4,,,
1437,Stage2,48.99,16.60,,,,,,,4,0,,
1437,PowerOpt,48.99,16.60,16.60,,,,"172.43,57.08,11.16,7.09,2.88,1.63,1.24,1.09,0.57,0.25,0.12,0.10,0.07,0.04,0.03,0.03,0.02,0.02,0.01,0.01,0.01,0.01,0.01",1.00,4,0,,
1437,Stage3,48.99,16.60,16.60,16.51,,,,,4,0,24,
1437,Stage3_PowerOpt,48.99,16.60,16.60,,16.51,,"44.11,14.64,1.86,1.61,0.74,0.32,0.28,0.16,0.14,0.04,0.02,0.02",1.00,4,0,24,
1437,Stage4,48.99,16.60,16.60,,16.51,7.90;10.93;11.66;12.18;12.59;12.91;13.19;13.42;13.63;13.79;13.92;14.04;14.15;14.25;14.36;14.46;14.57;14.65;14.73;14.80;14.86;14.92;14.99;15.06;15.13;15.19;15.24;15.29;15.34;15.38;15.43;15.48;15.54;15.58;15.62;15.66;15.70,,,4,0,24,"24,24,24,24,24,24,24,24,24,24,24,24,24,24,24,24,24,24,24,24,24,24,24,24,24,24,24,24,24,24,24,24,24,24,24,24,24"
1438,Stage1,52.47,,,,,,,,4,,,
1438,Stage2,52.47,16.32,,,,,,,4,0,,
1438,PowerOpt,52.47,16.32,16.32,,,,"157.78,42.69,21.60,9.79,7.04,5.05,2.92,2.68,1.87,1.46,0.99,0.85,0.22,0.18,0.17,0.16,0.10,0.10,0.08,0.06,0.04,0.03,0.02,0.02,0.02",1.00,4,0,,
1438,Stage3,52.47,16.32,16.32,16.15,,,,,4,0,24,
1438,Stage3_PowerOpt,52.47,16.32,16.32,,16.15,,"42.09,11.43,3.34,2.62,1.10,0.95,0.77,0.71,0.34,0.27,0.19,0.04,0.03,0.03,0.02,0.02,0.01,0.01",1.00,4,0,24,
1438,Stage4,52.47,16.32,16.32,,16.15,8.18;10.51;11.25;11.78;12.20;12.53;12.81;13.04;13.26;13.43;13.56;13.68;13.80;13.91;14.02;14.12;14.22;14.31;14.38;14.45;14.51;14.58;14.65;14.71;14.78;14.84;14.89;14.94;14.99;15.03;15.08;15.14;15.19;15.23;15.27;15.31;15.35,,,4,0,24,"24,24,24,24,24,24,24,24,24,24,24,24,24,24,24,24,24,24,24,24,24,24,24,24,24,24,24,24,24,24,24,24,24,24,24,24,24"
1439,Stage1,51.90,,,,,,,,4,,,
1439,Stage2,51.90,15.83,,,,,,,4,0,,
1439,PowerOpt,51.90,15.83,15.83,,,,"146.21,46.56,33.81,14.26,6.48,3.62,1.55,0.83,0.83,0.75,0.31,0.23,0.20,0.18,0.08,0.04,0.02",1.00,4,0,,
1439,Stage3,51.90,15.83,15.83,15.67,,,,,4,0,24,
1439,Stage3_PowerOpt,51.90,15.83,15.83,,15.67,,"39.01,12.46,6.30,2.61,1.74,0.96,0.30,0.21,0.20,0.08,0.05,0.02,0.02",1.00,4,0,24,
1439,Stage4,51.90,15.83,15.83,,15.67,8.11;10.12;10.91;11.44;11.84;12.17;12.42;12.63;12.80;12.95;13.08;13.21;13.33;13.44;13.54;13.64;13.73;13.81;13.89;13.96;14.03;14.10;14.17;14.23;14.29;14.35;14.40;14.45;14.51;14.56;14.61;14.65;14.70;14.74;14.78;14.82;14.86;14.90,,,4,0,24,"24,24,24,24,24,24,24,24,24,24,24,24,24,24,24,24,24,24,24,24,24,24,24,24,24,24,24,24,24,24,24,24,24,24,24,24,24,24"
1440,Stage1,51.03,,,,,,,,4,,,
1440,Stage2,51.03,15.64,,,,,,,4,11,,
1440,PowerOpt,51.03,15.64,15.64,,,,"119.35,50.83,31.67,26.98,11.92,8.48,2.71,2.58,0.83,0.54,0.05",1.00,4,11,,
1440,Stage3,51.03,15.64,15.64,15.26,,,,,4,11,"24,24,24,24,6",
1440,Stage3_PowerOpt,51.03,15.64,15.64,,15.26,,"31.79,9.61,7.48,5.90,5.24,1.93,1.48,0.24,0.16,0.13,0.01",1.00,4,11,"24,24,24,24,6",
1440,Stage4,51.03,15.64,15.64,,15.26,7.92;9.85;10.67;11.13;11.49;11.76;12.00;12.21;12.40;12.55;12.69;12.82;12.94;13.04;13.14;13.24;13.34;13.42;13.50;13.58;13.65;13.72;13.78;13.84;13.91;13.97;14.02;14.07;14.13;14.17;14.22;14.27;14.32;14.36;14.40;14.45;14.49;14.52,,,4,11,"24,24,24,24,6","24,6,24,24,24,24,24,6,24,24,24,24,6,24,24,24,24,24,24,24,24,6,24,24,24,24,24,24,24,24,6,24,24,24,24,24,24,24"
1447,Stage1,41.27,,,,,,,,"0,5,4",,,
1447,Stage2,41.27,32.90,,,,,,,"0,5,4",0,,
1447,PowerOpt,41.27,32.90,32.89,,,,"141.91,72.62,7.33,6.19,4.32,2.97,2.81,2.58,1.90,1.42,1.35,1.31,1.15,1.02,0.91,0.72,0.62,0.56,0.45,0.39,0.35,0.32,0.27,0.24,0.22,0.20,0.19,0.16,0.14,0.14,0.13,0.12,0.08,0.07,0.07,0.07,0.06,0.05,0.05,0.05,0.04,0.04,0.03,0.03,0.03,0.03,0.02,0.02,0.02,0.02,0.02,0.01,0.01,0.01,0.01","2.97,0.03,0.00","0,5,4",0,,
1447,Stage3,41.27,32.90,32.89,29.20,,,,,"0,5,4",0,"32,16,16,32",
1447,Stage3_PowerOpt,41.27,32.90,32.89,,29.20,,"35.16,18.46,3.25,1.72,1.35,0.91,0.79,0.55,0.49,0.37,0.27,0.16,0.09,0.06,0.06,0.04,0.04,0.03,0.03,0.02,0.02,0.02,0.01,0.01,0.01","2.97,0.03,0.00","0,5,4",0,"32,16,16,32",
1447,Stage4,41.27,32.90,32.89,,29.20,7.71;13.35;14.94;16.50;17.44;18.41;19.15;19.90;20.55;21.07;21.46;21.85;22.19;22.54;22.84;23.15;23.42;23.69;23.91;24.10;24.30;24.50;24.71;24.91;25.10;25.28;25.43;25.59;25.73;25.86;26.02;26.17;26.31;26.45;26.57;26.69;26.80;26.93;27.03;27.14;27.23;27.36;27.47;27.56;27.65;27.74,,,"0,5,4",0,"32,16,16,32","16,32,16,32,16,32,32,32,32,16,32,16,32,16,16,32,16,16,32,16,32,32,32,16,32,16,16,16,16,16,32,32,16,32,16,32,32,16,32,16,16,32,32,16,16,16"
1448,Stage1,45.53,,,,,,,,"0,4,5",,,
1448,Stage2,45.53,35.50,,,,,,,"0,4,5",0,,
1448,PowerOpt,45.53,35.50,35.50,,,,"102.39,39.31,34.23,18.98,12.18,10.26,8.93,8.48,7.26,2.19,2.01,1.97,1.68,1.02,0.91,0.88,0.71,0.53,0.41,0.35,0.22,0.21,0.16,0.15,0.11,0.09,0.08,0.07,0.04,0.03,0.03,0.02,0.02,0.01,0.01,0.01","2.93,0.05,0.02","0,4,5",0,,
1448,Stage3,45.53,35.50,35.50,31.28,,,,,"0,4,5",0,"23,56,32,16,23",
1448,Stage3_PowerOpt,45.53,35.50,35.50,,31.28,,"22.77,18.35,8.98,4.86,2.34,2.11,1.25,0.65,0.56,0.45,0.39,0.22,0.20,0.19,0.14,0.11,0.10,0.09,0.08,0.03,0.02,0.02,0.02,0.01,0.01,0.01","2.95,0.03,0.01","0,4,5",0,"23,56,32,16,23",
1448,Stage4,45.53,35.50,35.50,,31.28,8.61;14.29;16.43;18.05;19.53;20.58;21.40;22.09;22.67;23.12;23.53;23.94;24.28;24.61;24.95;25.27;25.57;25.81;26.05;26.28;26.48;26.67;26.87;27.07;27.27;27.44;27.59;27.73;27.87;28.02;28.17;28.32;28.46;28.59;28.72;28.84;28.95;29.05;29.18;29.29;29.41;29.51;29.62;29.72;29.81,,,"0,4,5",0,"23,56,32,16,23","23,23,32,56,23,23,32,16,16,23,16,32,23,23,23,32,32,23,32,16,56,23,23,23,23,16,56,23,16,32,23,16,16,32,23,16,23,23,32,16,32,23,32,16,16"
1449,Stage1,33.16,,,,,,,,"4,0,9",,,
1449,Stage2,33.16,25.08,,,,,,,"4,0,9",4,,
1449,PowerOpt,33.16,25.08,25.08,,,,"193.41,53.50,7.58,1.12,0.11,0.07,0.05,0.04,0.03,0.02","2.99,0.01,0.00","4,0,9",4,,
1449,Stage3,33.16,25.08,25.08,23.63,,,,,"4,0,9",4,"41,41,54,41,23",
1449,Stage3_PowerOpt,33.16,25.08,25.08,,23.63,,"48.18,13.10,2.00,0.29,0.27,0.06,0.03,0.02,0.01","2.99,0.01,0.00","4,0,9",4,"41,41,54,41,23",
1449,Stage4,33.16,25.08,25.08,,23.63,6.74;11.73;12.90;13.92;14.80;15.57;16.24;16.83;17.22;17.53;17.75;17.95;18.14;18.34;18.55;18.80;19.02;19.17;19.30;19.43;19.55;19.68;19.83;20.01;20.16;20.28;20.39;20.53;20.65;20.76;20.88;21.03;21.17;21.27;21.38;21.48;21.57;21.65;21.76;21.88;22.00;22.09;22.19;22.28;22.35;22.42;22.52,,,"4,0,9",4,"41,41,54,41,23","41,41,41,41,41,41,41,41,41,23,41,23,41,41,41,41,41,41,23,41,41,23,41,41,41,41,54,54,54,54,41,41,41,54,54,54,41,41,41,41,41,41,23,41,41,41,41"
1450,Stage1,30.02,,,,,,,,4,,,
1450,Stage2,30.02,16.41,,,,,,,4,4,,
1450,PowerOpt,30.02,16.41,16.41,,,,"190.27,55.88,8.41,0.56,0.44,0.15,0.15,0.04,0.02",1.00,4,4,,
1450,Stage3,30.02,16.41,16.41,16.29,,,,,4,4,33,
1450,Stage3_PowerOpt,30.02,16.41,16.41,,16.29,,"47.83,13.78,2.09,0.14,0.11,0.04",1.00,4,4,33,
1450,Stage4,30.02,16.41,16.41,,16.29,8.09;10.66;11.41;11.96;12.39;12.74;13.03;13.27;13.46;13.60;13.72;13.82;13.93;14.05;14.16;14.28;14.37;14.45;14.52;14.58;14.65;14.71;14.79;14.86;14.93;14.98;15.03;15.07;15.12;15.17;15.22;15.28;15.33;15.37;15.40;15.44;15.48,,,4,4,33,"33,33,33,33,33,33,33,33,33,33,33,33,33,33,33,33,33,33,33,33,33,33,33,33,33,33,33,33,33,33,33,33,33,33,33,33,33"
1451,Stage1,25.61,,,,,,,,4,,,
1451,Stage2,25.61,16.41,,,,,,,4,4,,
1451,PowerOpt,25.61,16.41,16.41,,,,"187.69,59.96,7.28,0.70,0.16,0.14",1.00,4,4,,
1451,Stage3,25.61,16.41,16.41,16.34,,,,,4,4,33,
1451,Stage3_PowerOpt,25.61,16.41,16.41,,16.34,,"46.82,15.11,1.81,0.17,0.04,0.04",1.00,4,4,33,
1451,Stage4,25.61,16.41,16.41,,16.34,7.96;10.82;11.54;12.06;12.47;12.80;13.09;13.34;13.53;13.68;13.79;13.90;14.00;14.11;14.22;14.34;14.44;14.52;14.59;14.65;14.71;14.78;14.85;14.92;14.99;15.05;15.09;15.14;15.18;15.23;15.28;15.34;15.39;15.43;15.47;15.50;15.54,,,4,4,33,"33,33,33,33,33,33,33,33,33,33,33,33,33,33,33,33,33,33,33,33,33,33,33,33,33,33,33,33,33,33,33,33,33,33,33,33,33"
1452,Stage1,44.28,,,,,,,,"0,1,9",,,
1452,Stage2,44.28,33.10,,,,,,,"0,1,9",0,,
1452,PowerOpt,44.28,33.10,33.10,,,,"184.42,55.97,10.25,2.35,1.07,0.50,0.33,0.28,0.21,0.13,0.12,0.10,0.06,0.06,0.05,0.03,0.02,0.01","2.95,0.04,0.01","0,1,9",0,,
1452,Stage3,44.28,33.10,33.10,32.85,,,,,"0,1,9",0,32,
1452,Stage3_PowerOpt,44.28,33.10,33.10,,32.85,,"46.23,14.02,2.57,0.48,0.27,0.12,0.08,0.06,0.05,0.03,0.02,0.02,0.02,0.01,0.01","2.95,0.03,0.01","0,1,9",0,32,
1452,Stage4,44.28,33.10,33.10,,32.85,10.06;14.11;17.03;19.17;20.62;21.79;22.75;23.49;24.08;24.51;24.96;25.32;25.64;25.98;26.32;26.65;26.96;27.20;27.44;27.65;27.84;28.05;28.26;28.48;28.68;28.83;29.00;29.15;29.28;29.43;29.57;29.74;29.89;30.01;30.14;30.25;30.36;30.48;30.59;30.73;30.84;30.95;31.05;31.15;31.24,,,"0,1,9",0,32,"32,32,32,32,32,32,32,32,32,32,32,32,32,32,32,32,32,32,32,32,32,32,32,32,32,32,32,32,32,32,32,32,32,32,32,32,32,32,32,32,32,32,32,32,32"
1453,Stage1,40.30,,,,,,,,0,,,
1453,Stage2,40.30,16.49,,,,,,,0,0,,
1453,PowerOpt,40.30,16.49,16.49,,,,"200.67,46.59,5.73,2.24,0.37,0.13,0.10,0.03,0.02,0.02,0.01,0.01,0.01",1.00,0,0,,
1453,Stage3,40.30,16.49,16.49,16.49,,,,,0,0,32,
1453,Stage3_PowerOpt,40.30,16.49,16.49,,16.49,,"50.19,11.65,1.43,0.56,0.09,0.03,0.02",1.00,0,0,32,
1453,Stage4,40.30,16.49,16.49,,16.49,8.01;10.80;11.56;12.11;12.55;12.91;13.21;13.46;13.64;13.78;13.90;14.00;14.12;14.23;14.35;14.46;14.56;14.63;14.70;14.76;14.83;14.90;14.97;15.05;15.11;15.17;15.21;15.26;15.31;15.36;15.41;15.47;15.52;15.56;15.59;15.63;15.66,,,0,0,32,"32,32,32,32,32,32,32,32,32,32,32,32,32,32,32,32,32,32,32,32,32,32,32,32,32,32,32,32,32,32,32,32,32,32,32,32,32"
1454,Stage1,40.73,,,,,,,,0,,,
1454,Stage2,40.73,16.56,,,,,,,0,0,,
1454,PowerOpt,40.73,16.56,16.56,,,,"193.42,44.77,12.94,2.57,1.32,0.54,0.16,0.06,0.04,0.03,0.03,0.02,0.02",1.00,0,0,,
1454,Stage3,40.73,16.56,16.56,16.56,,,,,0,0,32,
1454,Stage3_PowerOpt,40.73,16.56,16.56,,16.56,,"48.38,11.19,3.23,0.64,0.33,0.13,0.03,0.01",1.00,0,0,32,
1454,Stage4,40.73,16.56,16.56,,16.56,7.80;11.02;11.75;12.27;12.68;13.01;13.30;13.54;13.73;13.87;13.99;14.10;14.21;14.32;14.43;14.54;14.64;14.72;14.79;14.85;14.92;14.98;15.05;15.13;15.19;15.25;15.30;15.34;15.39;15.44;15.49;15.54;15.59;15.64;15.67;15.71;15.74,,,0,0,32,"32,32,32,32,32,32,32,32,32,32,32,32,32,32,32,32,32,32,32,32,32,32,32,32,32,32,32,32,32,32,32,32,32,32,32,32,32"
1455,Stage1,39.56,,,,,,,,"0,9,0",,,
1455,Stage2,39.56,31.01,,,,,,,"0,9,0",0,,
1455,PowerOpt,39.56,31.01,31.01,,,,"222.83,31.15,1.06,0.25,0.13,0.10,0.08,0.07,0.05,0.04,0.03,0.03,0.03,0.02,0.02,0.02,0.01,0.01","2.97,0.03,0.00","0,9,0",0,,
1455,Stage3,39.56,31.01,31.01,30.82,,,,,"0,9,0",0,32,
1455,Stage3_PowerOpt,39.56,31.01,31.01,,30.82,,"55.73,7.79,0.26,0.05,0.03,0.02,0.02,0.02,0.01","2.97,0.03,0.00","0,9,0",0,32,
1455,Stage4,39.56,31.01,31.01,,30.82,10.23;12.83;15.10;16.98;18.48;19.75;20.76;21.60;22.16;22.57;22.96;23.29;23.61;23.96;24.30;24.69;24.98;25.21;25.43;25.62;25.82;26.02;26.24;26.48;26.68;26.83;26.98;27.11;27.25;27.40;27.56;27.74;27.88;28.00;28.11;28.21;28.33;28.44;28.57;28.71;28.83;28.92;29.02;29.11;29.20;29.30,,,"0,9,0",0,32,"32,32,32,32,32,32,32,32,32,32,32,32,32,32,32,32,32,32,32,32,32,32,32,32,32,32,32,32,32,32,32,32,32,32,32,32,32,32,32,32,32,32,32,32,32,32"
1456,Stage1,44.86,,,,,,,,0,,,
1456,Stage2,44.86,16.49,,,,,,,0,0,,
1456,PowerOpt,44.86,16.49,16.49,,,,"192.92,41.85,12.10,6.49,1.29,0.84,0.25,0.05,0.04,0.03,0.03,0.02,0.01,0.01",1.00,0,0,,
1456,Stage3,44.86,16.49,16.49,16.48,,,,,0,0,32,
1456,Stage3_PowerOpt,44.86,16.49,16.49,,16.48,,"48.27,10.47,3.02,1.60,0.32,0.21,0.05,0.01,0.01",1.00,0,0,32,
1456,Stage4,44.86,16.49,16.49,,16.48,7.98;10.86;11.61;12.14;12.56;12.90;13.18;13.43;13.62;13.75;13.87;13.99;14.10;14.21;14.32;14.43;14.53;14.61;14.68;14.74;14.81;14.87;14.95;15.02;15.09;15.14;15.19;15.24;15.28;15.33;15.38;15.44;15.49;15.53;15.57;15.61;15.65;15.68,,,0,0,32,"32,32,32,32,32,32,32,32,32,32,32,32,32,32,32,32,32,32,32,32,32,32,32,32,32,32,32,32,32,32,32,32,32,32,32,32,32,32"
1457,Stage1,48.47,,,,,,,,4,,,
1457,Stage2,48.47,16.61,,,,,,,4,4,,
1457,PowerOpt,48.47,16.61,16.61,,,,"103.99,87.89,29.10,20.97,6.81,3.21,1.83,0.92,0.37,0.32,0.20,0.17,0.07,0.03,0.02,0.02",1.00,4,4,,
1457,Stage3,48.47,16.61,16.61,15.72,,,,,4,4,"33,49,33,33,49",
1457,Stage3_PowerOpt,48.47,16.61,16.61,,15.72,,"29.44,18.43,8.32,4.24,2.02,0.60,0.38,0.28,0.10,0.07,0.05,0.03,0.02",1.00,4,4,"33,49,33,33,49",
1457,Stage4,48.47,16.61,16.61,,15.72,8.14;10.42;11.06;11.51;11.89;12.19;12.47;12.70;12.87;13.02;13.14;13.26;13.37;13.49;13.60;13.70;13.79;13.87;13.94;14.01;14.08;14.15;14.22;14.29;14.35;14.41;14.46;14.51;14.56;14.61;14.66;14.71;14.76;14.80;14.84;14.88;14.92;14.96,,,4,4,"33,49,33,33,49","33,49,33,49,33,49,33,33,49,33,33,49,33,49,33,33,33,49,33,49,49,49,33,33,33,33,33,49,33,49,33,33,49,33,33,49,49,49"
1458,Stage1,35.19,,,,,,,,"0,4,5",,,
1458,Stage2,35.19,29.13,,,,,,,"0,4,5",0,,
1458,PowerOpt,35.19,29.13,29.13,,,,"199.30,49.78,2.81,1.62,1.37,0.35,0.28,0.21,0.10,0.06,0.03,0.02,0.01,0.01","2.99,0.01,0.00","0,4,5",0,,
1458,Stage3,35.19,29.13,29.13,27.09,,,,,"0,4,5",0,"32,32,49,32,32",
1458,Stage3_PowerOpt,35.19,29.13,29.13,,27.09,,"49.93,12.36,0.69,0.36,0.34,0.13,0.06,0.05,0.04,0.01","2.99,0.01,0.00","0,4,5",0,"32,32,49,32,32",
1458,Stage4,35.19,29.13,29.13,,27.09,6.75;11.35;12.97;14.55;15.81;16.77;17.62;18.29;18.89;19.29;19.67;19.96;20.23;20.53;20.83;21.11;21.44;21.69;21.88;22.12;22.35;22.52;22.74;22.96;23.10;23.24;23.39;23.51;23.63;23.77;23.95;24.09;24.33;24.47;24.56;24.75;24.92;25.05;25.20;25.32;25.38;25.50;25.58;25.65;25.73;25.77,,,"0,4,5",0,"32,32,49,32,32","49,32,32,32,32,32,32,32,32,32,32,49,32,32,32,32,32,32,32,32,32,49,32,32,49,32,32,49,49,32,32,32,32,32,49,32,32,32,32,32,32,32,32,49,49,49"
1459,Stage1,47.54,,,,,,,,4,,,
1459,Stage2,47.54,16.53,,,,,,,4,4,,
1459,PowerOpt,47.54,16.53,16.53,,,,"162.49,41.99,33.13,9.11,4.98,1.81,0.85,0.63,0.37,0.15,0.13,0.13,0.11,0.03,0.02,0.01,0.01",1.00,4,4,,
1459,Stage3,47.54,16.53,16.53,16.19,,,,,4,4,57,
1459,Stage3_PowerOpt,47.54,16.53,16.53,,16.19,,"48.56,12.36,1.48,0.68,0.54,0.18,0.11,0.04,0.02,0.01",1.00,4,4,57,
1459,Stage4,47.54,16.53,16.53,,16.19,8.15;10.63;11.37;11.90;12.32;12.66;12.93;13.17;13.36;13.50;13.62;13.73;13.84;13.95;14.06;14.17;14.27;14.35;14.42;14.48;14.55;14.61;14.68;14.76;14.82;14.88;14.93;14.97;15.02;15.07;15.12;15.17;15.22;15.27;15.30;15.34;15.38;15.41,,,4,4,57,"57,57,57,57,57,57,57,57,57,57,57,57,57,57,57,57,57,57,57,57,57,57,57,57,57,57,57,57,57,57,57,57,57,57,57,57,57,57"
1460,Stage1,26.74,,,,,,,,"4,0",,,
1460,Stage2,26.74,21.39,,,,,,,"4,0",0,,
1460,PowerOpt,26.74,21.39,21.39,,,,"187.62,64.51,2.57,0.90,0.22,0.09,0.02","2.00,0.00","4,0",0,,
1460,Stage3,26.74,21.39,21.39,20.90,,,,,"4,0",0,24,
1460,Stage3_PowerOpt,26.74,21.39,21.39,,20.90,,"46.91,16.13,0.64,0.22,0.05,0.02","2.00,0.00","4,0",0,24,
1460,Stage4,26.74,21.39,21.39,,20.90,6.50;11.67;12.44;13.18;13.83;14.42;14.93;15.39;15.75;15.98;16.16;16.33;16.50;16.69;16.90;17.13;17.33;17.47;17.58;17.68;17.78;17.90;18.03;18.18;18.33;18.43;18.51;18.59;18.66;18.75;18.84;18.96;19.07;19.16;19.22;19.28;19.33;19.40;19.47;19.57;19.66;19.73;19.78;19.83;19.88,,,"4,0",0,24,"24,24,24,24,24,24,24,24,24,24,24,24,24,24,24,24,24,24,24,24,24,24,24,24,24,24,24,24,24,24,24,24,24,24,24,24,24,24,24,24,24,24,24,24,24"
1461,Stage1,45.69,,,,,,,,5,,,
1461,Stage2,45.69,16.25,,,,,,,5,4,,
1461,PowerOpt,45.69,16.25,16.25,,,,"179.13,40.90,22.76,8.97,1.99,0.88,0.31,0.28,0.27,0.14,0.09,0.07,0.06,0.03,0.03",1.00,5,4,,
1461,Stage3,45.69,16.25,16.25,16.03,,,,,5,4,32,
1461,Stage3_PowerOpt,45.69,16.25,16.25,,16.03,,"51.11,11.60,0.58,0.38,0.14,0.09,0.04,0.02,0.02",1.00,5,4,32,
1461,Stage4,45.69,16.25,16.25,,16.03,8.18;10.47;11.21;11.74;12.16;12.49;12.78;13.02;13.21;13.35;13.47;13.58;13.69;13.80;13.91;14.02;14.12;14.20;14.27;14.33;14.40;14.46;14.53;14.61;14.67;14.73;14.78;14.82;14.87;14.92;14.97;15.02;15.07;15.11;15.15;15.19;15.22;15.26,,,5,4,32,"32,32,32,32,32,32,32,32,32,32,32,32,32,32,32,32,32,32,32,32,32,32,32,32,32,32,32,32,32,32,32,32,32,32,32,32,32,32"
1462,Stage1,46.34,,,,,,,,9,,,
1462,Stage2,46.34,15.15,,,,,,,9,0,,
1462,PowerOpt,46.34,15.15,15.15,,,,"222.01,27.21,2.09,1.39,0.64,0.53,0.42,0.28,0.25,0.19,0.17,0.12,0.12,0.09,0.08,0.08,0.07,0.05,0.04,0.04,0.02,0.02,0.02,0.01,0.01",1.00,9,0,,
1462,Stage3,46.34,15.15,15.15,15.12,,,,,9,0,32,
1462,Stage3_PowerOpt,46.34,15.15,15.15,,15.12,,"55.76,6.83,0.52,0.35,0.11,0.10,0.07,0.06,0.04,0.03,0.02,0.02,0.02,0.02,0.01",1.00,9,0,32,
1462,Stage4,46.34,15.15,15.15,,15.12,8.10;9.64;10.33;10.84;11.23;11.56;11.85;12.09;12.28;12.43;12.55;12.66;12.76;12.87;12.98;13.10;13.20;13.28;13.34;13.41;13.47;13.54;13.61;13.68;13.75;13.81;13.85;13.90;13.95;13.99;14.05;14.10;14.15;14.20;14.23;14.27;14.30;14.34;14.38,,,9,0,32,"32,32,32,32,32,32,32,32,32,32,32,32,32,32,32,32,32,32,32,32,32,32,32,32,32,32,32,32,32,32,32,32,32,32,32,32,32,32,32"
1463,Stage1,24.50,,,,,,,,0,,,
1463,Stage2,24.50,16.58,,,,,,,0,0,,
1463,PowerOpt,24.50,16.58,16.58,,,,"184.41,60.67,7.47,2.77,0.33,0.28,0.03",1.00,0,0,,
1463,Stage3,24.50,16.58,16.58,16.46,,,,,0,0,24,
1463,Stage3_PowerOpt,24.50,16.58,16.58,,16.46,,"46.14,15.14,1.87,0.69,0.08,0.07",1.00,0,0,24,
1463,Stage4,24.50,16.58,16.58,,16.46,7.92;10.87;11.60;12.13;12.55;12.89;13.18;13.43;13.63;13.78;13.90;14.00;14.11;14.21;14.32;14.43;14.54;14.62;14.69;14.76;14.82;14.88;14.95;15.02;15.09;15.15;15.20;15.25;15.29;15.34;15.39;15.44;15.49;15.54;15.58;15.62;15.65,,,0,0,24,"24,24,24,24,24,24,24,24,24,24,24,24,24,24,24,24,24,24,24,24,24,24,24,24,24,24,24,24,24,24,24,24,24,24,24,24,24"
1465,Stage1,45.99,,,,,,,,"13,9,1",,,
1465,Stage2,45.99,37.54,,,,,,,"13,9,1",4,,
1465,PowerOpt,45.99,37.54,37.54,,,,"96.21,53.81,33.16,17.64,11.28,6.55,6.16,5.19,4.76,3.90,3.00,2.49,2.21,1.84,1.62,1.17,0.94,0.76,0.68,0.59,0.42,0.33,0.28,0.27,0.22,0.16,0.16,0.11,0.06","2.21,0.52,0.28","13,9,1",4,,
1465,Stage3,45.99,37.54,37.54,36.89,,,,,"13,9,1",4,"24,29,24,24",
1465,Stage3_PowerOpt,45.99,37.54,37.54,,36.89,,"34.51,10.44,4.70,3.01,1.77,1.67,1.56,1.23,1.09,0.74,0.67,0.64,0.35,0.29,0.28,0.22,0.21,0.19,0.10,0.10,0.06,0.04,0.04,0.03,0.02,0.02,0.01","2.42,0.44,0.14","13,9,1",4,"24,29,24,24",
1465,Stage4,45.99,37.54,37.54,,36.89,9.41;16.06;20.93;23.29;24.99;25.98;26.88;27.60;28.18;28.68;29.08;29.47;29.83;30.16;30.48;30.80;31.09;31.33;31.57;31.77;31.96;32.17;32.38;32.60;32.80;32.94;33.09;33.25;33.40;33.52;33.69;33.84;33.99;34.10;34.21;34.35;34.44;34.57;34.70;34.79;34.92;35.03;35.15,,,"13,9,1",4,"24,29,24,24","24,24,29,24,24,24,24,24,29,24,24,24,29,24,29,24,24,24,29,24,29,24,29,24,24,24,24,29,24,24,29,29,24,24,24,29,24,29,24,24,24,29,24"
1466,Stage1,35.99,,,,,,,,"0,5,13",,,
1466,Stage2,35.99,27.69,,,,,,,"0,5,13",0,,
1466,PowerOpt,35.99,27.69,27.69,,,,"201.51,45.48,8.40,0.16,0.14,0.05,0.04,0.04,0.03,0.03,0.02,0.02,0.01","2.98,0.02,0.00","0,5,13",0,,
1466,Stage3,35.99,27.69,27.69,27.19,,,,,"0,5,13",0,32,
1466,Stage3_PowerOpt,35.99,27.69,27.69,,27.19,,"50.40,11.37,2.10,0.04,0.02,0.01,0.01","2.98,0.02,0.00","0,5,13",0,32,
1466,Stage4,35.99,27.69,27.69,,27.19,6.59;12.07;13.58;14.81;15.87;16.81;17.64;18.39;18.98;19.35;19.67;19.96;20.26;20.53;20.85;21.18;21.50;21.74;21.93;22.12;22.31;22.49;22.70;22.93;23.17;23.34;23.49;23.61;23.75;23.87;24.03;24.21;24.37;24.49;24.60;24.69;24.80;24.91;25.03;25.18;25.31;25.42;25.50;25.57;25.66;25.73;25.83,,,"0,5,13",0,32,"32,32,32,32,32,32,32,32,32,32,32,32,32,32,32,32,32,32,32,32,32,32,32,32,32,32,32,32,32,32,32,32,32,32,32,32,32,32,32,32,32,32,32,32,32,32,32"
1467,Stage1,33.83,,,,,,,,"0,5",,,
1467,Stage2,33.83,22.71,,,,,,,"0,5",0,,
1467,PowerOpt,33.83,22.71,22.71,,,,"193.33,50.88,11.13,0.39,0.04,0.03,0.03,0.03,0.02,0.02,0.01","2.00,0.00","0,5",0,,
1467,Stage3,33.83,22.71,22.71,22.55,,,,,"0,5",0,32,
1467,Stage3_PowerOpt,33.83,22.71,22.71,,22.55,,"48.34,12.72,2.78,0.10","2.00,0.00","0,5",0,32,
1467,Stage4,33.83,22.71,22.71,,22.55,6.82;11.72;12.92;13.94;14.77;15.46;16.05;16.56;16.93;17.20;17.43;17.64;17.86;18.06;18.28;18.51;18.72;18.88;19.02;19.14;19.27;19.40;19.54;19.70;19.84;19.95;20.05;20.14;20.24;20.33;20.43;20.55;20.65;20.73;20.80;20.88;20.95;21.02;21.11;21.20;21.28;21.34;21.40;21.46,,,"0,5",0,32,"32,32,32,32,32,32,32,32,32,32,32,32,32,32,32,32,32,32,32,32,32,32,32,32,32,32,32,32,32,32,32,32,32,32,32,32,32,32,32,32,32,32,32,32"
1468,Stage1,34.27,,,,,,,,4,,,
1468,Stage2,34.27,16.19,,,,,,,4,0,,
1468,PowerOpt,34.27,16.19,16.19,,,,"205.61,48.94,1.09,0.06,0.05,0.03,0.03,0.02,0.02,0.02,0.02,0.02,0.01",1.00,4,0,,
1468,Stage3,34.27,16.19,16.19,16.19,,,,,4,0,32,
1468,Stage3_PowerOpt,34.27,16.19,16.19,,16.19,,"51.41,12.24,0.27,0.01,0.01",1.00,4,0,32,
1468,Stage4,34.27,16.19,16.19,,16.19,8.04;10.66;11.37;11.89;12.30;12.64;12.93;13.19;13.38;13.53;13.64;13.75;13.85;13.96;14.07;14.19;14.29;14.37;14.44;14.50;14.56;14.62;14.69;14.77;14.84;14.90;14.94;14.99;15.03;15.08;15.13;15.19;15.24;15.28;15.32;15.35;15.38,,,4,0,32,"32,32,32,32,32,32,32,32,32,32,32,32,32,32,32,32,32,32,32,32,32,32,32,32,32,32,32,32,32,32,32,32,32,32,32,32,32"
1469,Stage1,51.87,,,,,,,,"5,9,12",,,
1469,Stage2,51.87,37.85,,,,,,,"5,9,12",4,,
1469,PowerOpt,51.87,37.85,37.85,,,,"95.38,24.76,22.47,18.50,17.77,16.95,13.06,11.82,9.80,6.35,4.18,3.73,3.08,1.85,1.80,1.26,1.10,0.94,0.57,0.34,0.20,0.05","1.58,1.26,0.17","5,9,12",4,,
1469,Stage3,51.87,37.85,37.85,35.01,,,,,"5,9,12",4,"33,8,54,33,8",
1469,Stage3_PowerOpt,51.87,37.85,37.85,,35.01,,"24.71,9.03,5.79,4.42,4.30,3.56,2.67,2.06,1.67,1.38,1.15,0.80,0.56,0.48,0.41,0.32,0.26,0.15,0.10,0.06,0.04,0.03,0.02,0.02","1.56,1.25,0.19","5,9,12",4,"33,8,54,33,8",
1469,Stage4,51.87,37.85,37.85,,35.01,8.26;14.56;19.24;21.57;23.03;24.11;24.98;25.68;26.31;26.81;27.22;27.60;27.94;28.26;28.56;28.86;29.15;29.41;29.66;29.88;30.09;30.29;30.49;30.68;30.89;31.06;31.22;31.37;31.52;31.67;31.81;31.96;32.11;32.25;32.38;32.50;32.61;32.73;32.85;32.96;33.08;33.19;33.29,,,"5,9,12",4,"33,8,54,33,8","8,54,33,33,8,33,54,8,33,33,8,54,33,8,54,33,8,54,33,33,8,8,33,8,54,33,33,33,33,8,33,8,54,8,54,33,33,54,8,54,8,33,8"
1470,Stage1,43.76,,,,,,,,0,,,
1470,Stage2,43.76,16.62,,,,,,,0,0,,
1470,PowerOpt,43.76,16.62,16.62,,,,"185.78,35.86,22.68,6.51,3.55,1.04,0.18,0.13,0.12,0.04,0.01,0.01,0.01",1.00,0,0,,
1470,Stage3,43.76,16.62,16.62,16.40,,,,,0,0,32,
1470,Stage3_PowerOpt,43.76,16.62,16.62,,16.40,,"50.83,6.24,4.84,0.98,0.87,0.14,0.03,0.02,0.02",1.00,0,0,32,
1470,Stage4,43.76,16.62,16.62,,16.40,8.03;10.74;11.48;12.01;12.44;12.78;13.07;13.31;13.53;13.69;13.83;13.95;14.07;14.18;14.29;14.40;14.49;14.57;14.64;14.71;14.78;14.85;14.91;14.99;15.05;15.10;15.15;15.20;15.25;15.30;15.35;15.40;15.45;15.49;15.53;15.57;15.60,,,0,0,32,"32,32,32,32,32,32,32,32,32,32,32,32,32,32,32,32,32,32,32,32,32,32,32,32,32,32,32,32,32,32,32,32,32,32,32,32,32"
1471,Stage1,45.04,,,,,,,,0,,,
1471,Stage2,45.04,16.74,,,,,,,0,0,,
1471,PowerOpt,45.04,16.74,16.74,,,,"140.50,58.34,39.67,9.17,6.70,0.78,0.41,0.27,0.05,0.03",1.00,0,0,,
1471,Stage3,45.04,16.74,16.74,16.47,,,,,0,0,32,
1471,Stage3_PowerOpt,45.04,16.74,16.74,,16.47,,"40.19,11.58,8.65,1.95,1.34,0.12,0.11,0.04",1.00,0,0,32,
1471,Stage4,45.04,16.74,16.74,,16.47,8.05;10.79;11.56;12.12;12.55;12.89;13.16;13.39;13.62;13.78;13.91;14.03;14.14;14.25;14.36;14.46;14.56;14.65;14.72;14.79;14.86;14.93;14.99;15.06;15.12;15.17;15.22;15.27;15.32;15.37;15.42;15.47;15.52;15.56;15.60;15.64;15.68,,,0,0,32,"32,32,32,32,32,32,32,32,32,32,32,32,32,32,32,32,32,32,32,32,32,32,32,32,32,32,32,32,32,32,32,32,32,32,32,32,32"
1472,Stage1,43.19,,,,,,,,4,,,
1472,Stage2,43.19,16.62,,,,,,,4,0,,
1472,PowerOpt,43.19,16.62,16.62,,,,"163.34,49.97,31.69,5.20,3.25,1.54,0.39,0.37,0.15,0.04,0.01",1.00,4,0,,
1472,Stage3,43.19,16.62,16.62,16.53,,,,,4,0,24,
1472,Stage3_PowerOpt,43.19,16.62,16.62,,16.53,,"42.55,10.62,8.28,1.09,0.83,0.40,0.10,0.08,0.03,0.01",1.00,4,0,24,
1472,Stage4,43.19,16.62,16.62,,16.53,7.97;10.76;11.49;12.02;12.44;12.79;13.08;13.34;13.56;13.72;13.85;13.97;14.08;14.20;14.31;14.42;14.53;14.61;14.69;14.76;14.83;14.90;14.98;15.05;15.12;15.18;15.23;15.28;15.34;15.39;15.44;15.50;15.55;15.59;15.63;15.67;15.71,,,4,0,24,"24,24,24,24,24,24,24,24,24,24,24,24,24,24,24,24,24,24,24,24,24,24,24,24,24,24,24,24,24,24,24,24,24,24,24,24,24"
1473,Stage1,31.60,,,,,,,,5,,,
1473,Stage2,31.60,16.28,,,,,,,5,0,,
1473,PowerOpt,31.60,16.28,16.28,,,,"222.13,26.62,2.94,1.95,1.50,0.43,0.14,0.07,0.05,0.04,0.03,0.01",1.00,5,0,,
1473,Stage3,31.60,16.28,16.28,16.24,,,,,5,0,24,
1473,Stage3_PowerOpt,31.60,16.28,16.28,,16.24,,"55.98,6.71,0.74,0.49,0.03,0.01,0.01",1.00,5,0,24,
1473,Stage4,31.60,16.28,16.28,,16.24,8.01;10.71;11.42;11.94;12.36;12.69;12.98;13.22;13.41;13.55;13.67;13.78;13.89;14.00;14.11;14.22;14.32;14.40;14.47;14.54;14.60;14.67;14.73;14.81;14.88;14.93;14.98;15.03;15.07;15.12;15.17;15.22;15.28;15.32;15.36;15.39;15.43,,,5,0,24,"24,24,24,24,24,24,24,24,24,24,24,24,24,24,24,24,24,24,24,24,24,24,24,24,24,24,24,24,24,24,24,24,24,24,24,24,24"
1474,Stage1,49.33,,,,,,,,4,,,
1474,Stage2,49.33,16.51,,,,,,,4,0,,
1474,PowerOpt,49.33,16.51,16.51,,,,"179.41,32.88,24.17,8.69,3.50,2.02,1.91,1.22,0.64,0.40,0.36,0.21,0.18,0.09,0.04,0.04,0.03,0.03,0.02,0.01,0.01,0.01",1.00,4,0,,
1474,Stage3,49.33,16.51,16.51,16.12,,,,,4,0,24,
1474,Stage3_PowerOpt,49.33,16.51,16.51,,16.12,,"51.89,9.51,0.98,0.58,0.34,0.31,0.12,0.11,0.08,0.03,0.02",1.00,4,0,24,
1474,Stage4,49.33,16.51,16.51,,16.12,8.15;10.56;11.28;11.81;12.22;12.57;12.85;13.10;13.28;13.43;13.55;13.66;13.77;13.88;13.99;14.10;14.20;14.28;14.35;14.41;14.48;14.54;14.61;14.68;14.75;14.81;14.86;14.91;14.95;15.00;15.05;15.10;15.15;15.20;15.24;15.27;15.31;15.35,,,4,0,24,"24,24,24,24,24,24,24,24,24,24,24,24,24,24,24,24,24,24,24,24,24,24,24,24,24,24,24,24,24,24,24,24,24,24,24,24,24,24"
1475,Stage1,49.19,,,,,,,,4,,,
1475,Stage2,49.19,16.32,,,,,,,4,0,,
1475,PowerOpt,49.19,16.32,16.32,,,,"187.26,34.56,20.70,5.44,2.17,1.68,0.96,0.86,0.54,0.49,0.36,0.16,0.11,0.10,0.08,0.07,0.05,0.04,0.04,0.04,0.03,0.03,0.02,0.02,0.02,0.02,0.02,0.01,0.01",1.00,4,0,,
1475,Stage3,49.19,16.32,16.32,16.17,,,,,4,0,24,
1475,Stage3_PowerOpt,49.19,16.32,16.32,,16.17,,"49.46,9.11,3.15,0.82,0.57,0.30,0.25,0.13,0.10,0.04,0.02,0.01",1.00,4,0,24,
1475,Stage4,49.19,16.32,16.32,,16.17,8.15;10.56;11.30;11.84;12.26;12.60;12.89;13.13;13.33;13.49;13.61;13.73;13.84;13.95;14.06;14.17;14.26;14.34;14.42;14.48;14.54;14.61;14.68;14.75;14.82;14.87;14.93;14.97;15.02;15.07;15.11;15.17;15.22;15.26;15.30;15.34;15.37,,,4,0,24,"24,24,24,24,24,24,24,24,24,24,24,24,24,24,24,24,24,24,24,24,24,24,24,24,24,24,24,24,24,24,24,24,24,24,24,24,24"
1476,Stage1,51.12,,,,,,,,"0,4",,,
1476,Stage2,51.12,29.68,,,,,,,"0,4",0,,
1476,PowerOpt,51.12,29.68,29.68,,,,"135.56,77.06,15.55,13.29,5.56,2.62,2.42,1.71,0.88,0.40,0.18,0.18,0.14,0.07,0.05,0.04,0.04,0.03,0.03,0.02,0.01,0.01,0.01,0.01","1.76,0.24","0,4",0,,
1476,Stage3,51.12,29.68,29.68,29.31,,,,,"0,4",0,24,
1476,Stage3_PowerOpt,51.12,29.68,29.68,,29.31,,"35.08,19.95,3.46,2.32,1.44,0.63,0.39,0.31,0.23,0.07,0.05,0.02,0.02","1.79,0.21","0,4",0,24,
1476,Stage4,51.12,29.68,29.68,,29.31,6.93;15.32;17.71;19.28;20.40;21.30;22.09;22.78;23.33;23.66;23.94;24.20;24.44;24.66;24.90;25.16;25.38;25.53;25.66;25.79;25.91;26.03;26.16;26.31;26.47;26.58;26.67;26.77;26.86;26.95;27.04;27.16;27.28;27.37;27.45;27.52;27.60;27.67;27.75;27.83;27.93,,,"0,4",0,24,"24,24,24,24,24,24,24,24,24,24,24,24,24,24,24,24,24,24,24,24,24,24,24,24,24,24,24,24,24,24,24,24,24,24,24,24,24,24,24,24,24"
1477,Stage1,48.01,,,,,,,,4,,,
1477,Stage2,48.01,16.31,,,,,,,4,0,,
1477,PowerOpt,48.01,16.31,16.31,,,,"200.46,41.13,4.40,3.42,2.20,1.66,1.47,0.36,0.23,0.16,0.14,0.08,0.05,0.03,0.03,0.02,0.02,0.02,0.02,0.01,0.01",1.00,4,0,,
1477,Stage3,48.01,16.31,16.31,16.26,,,,,4,0,24,
1477,Stage3_PowerOpt,48.01,16.31,16.31,,16.26,,"50.48,10.39,1.12,0.59,0.55,0.40,0.27,0.09,0.03,0.02,0.01",1.00,4,0,24,
1477,Stage4,48.01,16.31,16.31,,16.26,8.00;10.82;11.53;12.04;12.43;12.75;13.01;13.23;13.43;13.58;13.71;13.82;13.92;14.03;14.13;14.23;14.34;14.43;14.50;14.57;14.63;14.69;14.76;14.83;14.90;14.96;15.01;15.06;15.10;15.15;15.20;15.25;15.30;15.35;15.39;15.43;15.46,,,4,0,24,"24,24,24,24,24,24,24,24,24,24,24,24,24,24,24,24,24,24,24,24,24,24,24,24,24,24,24,24,24,24,24,24,24,24,24,24,24"
1478,Stage1,52.31,,,,,,,,"4,0,0,9",,,
1478,Stage2,52.31,47.97,,,,,,,"4,0,0,9","12,0",,
1478,PowerOpt,52.31,47.97,47.97,,,,"127.55,52.47,25.22,23.70,10.50,7.35,4.11,1.91,0.99,0.94,0.35,0.23,0.18,0.15,0.10,0.08,0.06,0.05,0.03","2.94,0.55,0.46,0.05","4,0,0,9","12,0",,
1478,Stage3,52.31,47.97,47.97,46.48,,,,,"4,0,0,9","12,0","24,31,54,24,24",
1478,Stage3_PowerOpt,52.31,47.97,47.97,,46.48,,"33.27,14.44,6.43,3.55,2.94,1.08,1.02,0.50,0.28,0.25,0.09,0.04,0.03,0.03,0.02,0.01","3.07,0.48,0.41,0.04","4,0,0,9","12,0","24,31,54,24,24",
1478,Stage4,52.31,47.97,47.97,,46.48,10.53;17.13;22.38;27.05;29.34;31.14;32.60;33.83;34.66;35.30;35.88;36.35;36.80;37.24;37.69;38.19;38.67;39.00;39.28;39.53;39.80;40.05;40.33;40.65;40.93;41.15;41.35;41.54;41.74;41.93;42.15;42.37;42.62;42.79;42.95;43.11;43.26;43.40;43.56;43.74;43.94;44.08;44.20,,,"4,0,0,9","12,0","24,31,54,24,24","24,24,54,24,24,24,24,24,31,31,54,24,31,54,31,24,24,24,24,31,54,24,24,24,24,54,24,24,24,24,31,24,24,24,54,24,24,24,54,24,24,24,54"
1479,Stage1,48.03,,,,,,,,0,,,
1479,Stage2,48.03,16.78,,,,,,,0,0,,
1479,PowerOpt,48.03,16.78,16.78,,,,"162.69,57.59,16.93,7.04,5.89,3.68,0.66,0.57,0.34,0.28,0.09,0.05,0.03,0.02,0.02,0.02,0.01,0.01",1.00,0,0,,
1479,Stage3,48.03,16.78,16.78,16.48,,,,,0,0,24,
1479,Stage3_PowerOpt,48.03,16.78,16.78,,16.48,,"43.06,15.36,1.93,1.70,1.15,0.43,0.10,0.09,0.07,0.04,0.03,0.01",1.00,0,0,24,
1479,Stage4,48.03,16.78,16.78,,16.48,8.03;10.77;11.52;12.07;12.51;12.86;13.15;13.39;13.59;13.73;13.85;13.95;14.06;14.18;14.29;14.41;14.51;14.59;14.66;14.72;14.79;14.86;14.93;15.00;15.07;15.13;15.18;15.23;15.27;15.32;15.38;15.43;15.49;15.53;15.57;15.61;15.64;15.68,,,0,0,24,"24,24,24,24,24,24,24,24,24,24,24,24,24,24,24,24,24,24,24,24,24,24,24,24,24,24,24,24,24,24,24,24,24,24,24,24,24,24"
1480,Stage1,41.90,,,,,,,,"4,9",,,
1480,Stage2,41.90,27.21,,,,,,,"4,9",12,,
1480,PowerOpt,41.90,27.21,27.21,,,,"138.87,35.93,33.75,31.72,6.00,5.07,3.78,0.57,0.20,0.04","1.84,0.16","4,9",12,,
1480,Stage3,41.90,27.21,27.21,26.26,,,,,"4,9",12,"24,39,24,39,24",
1480,Stage3_PowerOpt,41.90,27.21,27.21,,26.26,,"32.01,19.90,8.27,2.22,1.19,0.11,0.10,0.09,0.09,0.02","1.76,0.24","4,9",12,"24,39,24,39,24",
1480,Stage4,41.90,27.21,27.21,,26.26,8.98;14.57;16.37;17.52;18.42;19.14;19.73;20.21;20.60;20.88;21.12;21.34;21.58;21.81;22.03;22.25;22.43;22.60;22.74;22.87;23.01;23.14;23.28;23.43;23.56;23.67;23.76;23.86;23.95;24.05;24.16;24.27;24.36;24.44;24.52;24.60;24.67;24.74;24.83;24.92;24.99,,,"4,9",12,"24,39,24,39,24","39,24,39,24,39,24,39,39,39,24,24,24,24,24,39,24,39,24,24,24,24,39,24,39,39,24,39,39,24,24,39,39,24,24,24,24,24,24,24,39,39"
1486,Stage1,46.68,,,,,,,,"4,0,12",,,
1486,Stage2,46.68,33.52,,,,,,,"4,0,12",15,,
1486,PowerOpt,46.68,33.52,33.52,,,,"48.18,38.52,30.17,25.20,22.01,20.28,19.95,10.87,8.03,6.00,5.18,4.53,3.63,2.87,2.38,1.47,1.24,1.06,0.85,0.75,0.52,0.39,0.38,0.34,0.27,0.17,0.15,0.11,0.08,0.07,0.06,0.06,0.05,0.04,0.02,0.02,0.02,0.01","2.88,0.10,0.02","4,0,12",15,,
1486,Stage3,46.68,33.52,33.52,33.76,,,,,"4,0,12",15,31,
1486,Stage3_PowerOpt,46.68,33.52,33.52,,33.76,,"11.74,10.63,9.02,5.95,4.86,4.80,4.56,2.67,1.91,1.47,1.23,1.12,0.94,0.59,0.56,0.36,0.30,0.25,0.22,0.16,0.11,0.10,0.07,0.07,0.06,0.06,0.04,0.03,0.02,0.02,0.01,0.01","2.88,0.10,0.02","4,0,12",15,31,
1486,Stage4,46.68,33.52,33.52,,33.76,9.40;14.87;18.09;19.83;21.06;22.18;23.08;24.09;24.74;25.29;25.63;25.98;26.28;26.64;26.95;27.33;27.66;27.94;28.16;28.34;28.52;28.72;29.00;29.22;29.50;29.68;29.82;29.93;30.07;30.15;30.35;30.55;30.76;30.86;31.00;31.11;31.21;31.28;31.45;31.61;31.81;31.92;32.00;32.04;32.11,,,"4,0,12",15,31,"31,31,31,31,31,31,31,31,31,31,31,31,31,31,31,31,31,31,31,31,31,31,31,31,31,31,31,31,31,31,31,31,31,31,31,31,31,31,31,31,31,31,31,31,31"
1487,Stage1,39.83,,,,,,,,"0,5,4",,,
1487,Stage2,39.83,31.95,,,,,,,"0,5,4",0,,
1487,PowerOpt,39.83,31.95,31.95,,,,"182.44,40.16,5.66,4.64,4.31,3.25,1.76,1.36,1.30,1.14,1.02,0.90,0.77,0.68,0.64,0.60,0.58,0.47,0.45,0.40,0.34,0.32,0.26,0.25,0.23,0.21,0.20,0.19,0.14,0.13,0.12,0.11,0.10,0.10,0.08,0.07,0.06,0.06,0.05,0.05,0.04,0.04,0.03,0.03,0.03,0.02,0.02,0.02,0.02,0.02,0.01,0.01,0.01","2.98,0.02,0.00","0,5,4",0,,
1487,Stage3,39.83,31.95,31.95,28.15,,,,,"0,5,4",0,"32,16,32,16,32",
1487,Stage3_PowerOpt,39.83,31.95,31.95,,28.15,,"48.04,10.33,1.25,1.20,0.80,0.58,0.38,0.27,0.21,0.18,0.16,0.12,0.10,0.07,0.04,0.04,0.03,0.03,0.02,0.02,0.02,0.02,0.01,0.01,0.01","2.98,0.02,0.00","0,5,4",0,"32,16,32,16,32",
1487,Stage4,39.83,31.95,31.95,,28.15,7.71;13.01;14.36;15.75;16.72;17.50;18.37;19.08;19.65;20.16;20.56;20.90;21.22;21.53;21.81;22.08;22.40;22.70;22.93;23.15;23.37;23.56;23.77;23.94;24.14;24.33;24.49;24.64;24.80;24.94;25.08;25.21;25.34;25.48;25.60;25.72;25.82;25.93;26.04;26.16;26.27;26.38;26.49;26.59;26.69;26.78,,,"0,5,4",0,"32,16,32,16,32","16,32,16,32,32,32,16,32,16,16,32,16,16,32,16,32,32,16,32,16,16,32,16,32,32,16,32,32,16,32,32,16,32,16,32,32,32,32,16,32,16,32,32,16,16,32"
1488,Stage1,46.42,,,,,,,,"0,4,5",,,
1488,Stage2,46.42,36.17,,,,,,,"0,4,5",0,,
1488,PowerOpt,46.42,36.17,36.17,,,,"61.07,52.76,31.51,24.84,16.61,13.11,8.18,7.28,7.03,6.45,4.48,3.94,3.82,2.75,1.98,1.53,1.34,1.30,1.11,0.96,0.79,0.58,0.50,0.42,0.27,0.19,0.18,0.16,0.10,0.10,0.09,0.08,0.08,0.06,0.05,0.04,0.04,0.04,0.03,0.02,0.01,0.01,0.01","2.91,0.07,0.02","0,4,5",0,,
1488,Stage3,46.42,36.17,36.17,32.18,,,,,"0,4,5",0,"16,24,16,16,32",
1488,Stage3_PowerOpt,46.42,36.17,36.17,,32.18,,"18.33,15.17,9.52,7.65,3.52,2.46,2.13,1.34,0.75,0.66,0.46,0.38,0.35,0.31,0.18,0.15,0.13,0.11,0.09,0.07,0.06,0.03,0.03,0.02,0.02,0.01,0.01","2.94,0.04,0.02","0,4,5",0,"16,24,16,16,32",
1488,Stage4,46.42,36.17,36.17,,32.18,9.67;14.21;16.98;18.76;20.15;21.23;22.09;22.77;23.43;23.99;24.40;24.79;25.19;25.52;25.89;26.22;26.49;26.76;27.00;27.20;27.40;27.60;27.82;28.01;28.23;28.41;28.58;28.72;28.86;29.00;29.16;29.32;29.47;29.60;29.72;29.81;29.92;30.04;30.15;30.24;30.35;30.46;30.52;30.61,,,"0,4,5",0,"16,24,16,16,32","16,16,32,16,16,16,32,16,16,16,32,16,16,32,16,16,24,16,16,16,32,16,16,16,32,24,16,16,32,16,16,32,24,32,24,24,16,32,32,32,24,32,32,24"
1489,Stage1,44.19,,,,,,,,"0,4,5",,,
1489,Stage2,44.19,34.84,,,,,,,"0,4,5",0,,
1489,PowerOpt,44.19,34.84,34.84,,,,"117.94,55.87,34.78,15.56,10.22,8.01,3.69,3.34,1.84,1.33,0.93,0.69,0.54,0.28,0.22,0.15,0.14,0.13,0.06,0.06,0.05,0.02,0.02,0.02,0.01","2.87,0.11,0.01","0,4,5",0,,
1489,Stage3,44.19,34.84,34.84,31.80,,,,,"0,4,5",0,"24,23,32,23,23",
1489,Stage3_PowerOpt,44.19,34.84,34.84,,31.80,,"30.30,16.80,9.33,4.36,1.13,0.76,0.38,0.33,0.18,0.14,0.11,0.06,0.02,0.02,0.02,0.01","2.94,0.05,0.01","0,4,5",0,"24,23,32,23,23",
1489,Stage4,44.19,34.84,34.84,,31.80,8.18;13.91;16.69;18.42;20.30;21.26;22.15;23.05;23.62;24.01;24.48;24.74;25.16;25.51;25.84;26.10;26.45;26.70;26.82;26.97;27.17;27.36;27.58;27.73;27.94;28.12;28.30;28.41;28.55;28.69;28.81;28.92;29.06;29.19;29.33;29.43;29.54;29.67;29.82;29.93;30.05;30.17;30.27,,,"0,4,5",0,"24,23,32,23,23","24,23,32,23,23,32,23,23,23,32,23,23,32,23,23,32,23,23,24,23,24,23,23,32,23,23,23,24,23,23,24,24,32,23,23,23,23,32,23,32,23,23,23"
1490,Stage1,34.89,,,,,,,,"0,4,5",,,
1490,Stage2,34.89,28.74,,,,,,,"0,4,5",4,,
1490,PowerOpt,34.89,28.74,28.74,,,,"191.81,52.06,9.88,0.90,0.67,0.26,0.13,0.09,0.05,0.04,0.02,0.01,0.01","2.99,0.01,0.00","0,4,5",4,,
1490,Stage3,34.89,28.74,28.74,28.05,,,,,"0,4,5",4,33,
1490,Stage3_PowerOpt,34.89,28.74,28.74,,28.05,,"48.18,12.86,2.42,0.23,0.16,0.07,0.04,0.02","2.99,0.01,0.00","0,4,5",4,33,
1490,Stage4,34.89,28.74,28.74,,28.05,5.98;12.43;14.00;15.23;16.29;17.26;18.15;18.99;19.54;19.97;20.33;20.70;21.00;21.37;21.74;22.17;22.47;22.70;22.87;23.06;23.26;23.48;23.73;23.93;24.14;24.28;24.41;24.58;24.75;24.90;25.08;25.21;25.37;25.49;25.62;25.74;25.87;25.97;26.05;26.18;26.27;26.39;26.45;26.50;26.55;26.63;26.73,,,"0,4,5",4,33,"33,33,33,33,33,33,33,33,33,33,33,33,33,33,33,33,33,33,33,33,33,33,33,33,33,33,33,33,33,33,33,33,33,33,33,33,33,33,33,33,33,33,33,33,33,33,33"
1491,Stage1,30.07,,,,,,,,"4,0,9",,,
1491,Stage2,30.07,24.16,,,,,,,"4,0,9",0,,
1491,PowerOpt,30.07,24.16,24.16,,,,"181.03,66.12,6.72,0.62,0.53,0.31,0.27,0.13,0.12,0.06,0.02,0.01,0.01","2.99,0.00,0.00","4,0,9",0,,
1491,Stage3,30.07,24.16,24.16,22.89,,,,,"4,0,9",0,"33,33,33,33,55",
1491,Stage3_PowerOpt,30.07,24.16,24.16,,22.89,,"47.68,14.24,1.71,0.14,0.08,0.07,0.02,0.02","3.00,0.00,0.00","4,0,9",0,"33,33,33,33,55",
1491,Stage4,30.07,24.16,24.16,,22.89,6.14;11.83;12.84;13.69;14.41;15.04;15.61;16.13;16.48;16.71;16.91;17.10;17.29;17.48;17.69;17.94;18.14;18.29;18.43;18.56;18.69;18.81;18.95;19.12;19.31;19.43;19.54;19.64;19.74;19.85;19.96;20.11;20.26;20.36;20.45;20.53;20.61;20.70;20.80;20.92;21.06;21.15;21.22;21.29;21.37;21.44;21.53;21.64;21.77,,,"4,0,9",0,"33,33,33,33,55","33,33,33,33,33,33,33,33,33,33,33,33,33,33,33,33,33,55,55,33,33,33,33,33,33,33,55,55,33,55,33,33,33,33,33,33,55,33,33,33,33,33,55,33,55,33,33,33,33"
1492,Stage1,34.93,,,,,,,,0,,,
1492,Stage2,34.93,16.04,,,,,,,0,4,,
1492,PowerOpt,34.93,16.04,16.04,,,,"225.02,27.25,1.79,0.71,0.51,0.30,0.18,0.09,0.06,0.02,0.01",1.00,0,4,,
1492,Stage3,34.93,16.04,16.04,15.96,,,,,0,4,33,
1492,Stage3_PowerOpt,34.93,16.04,16.04,,15.96,,"56.39,6.78,0.44,0.18,0.13,0.05,0.02",1.00,0,4,33,
1492,Stage4,34.93,16.04,16.04,,15.96,8.17;10.39;11.11;11.63;12.05;12.39;12.68;12.94;13.13;13.26;13.38;13.49;13.60;13.71;13.82;13.94;14.04;14.12;14.18;14.25;14.31;14.38;14.45;14.53;14.59;14.65;14.69;14.74;14.79;14.83;14.89;14.95;14.99;15.04;15.07;15.11;15.14;15.18,,,0,4,33,"33,33,33,33,33,33,33,33,33,33,33,33,33,33,33,33,33,33,33,33,33,33,33,33,33,33,33,33,33,33,33,33,33,33,33,33,33,33"
1493,Stage1,42.76,,,,,,,,"0,13,4",,,
1493,Stage2,42.76,32.63,,,,,,,"0,13,4",0,,
1493,PowerOpt,42.76,32.63,32.63,,,,"198.41,49.24,5.53,0.99,0.41,0.34,0.21,0.14,0.12,0.11,0.09,0.07,0.06,0.05,0.04,0.04,0.03,0.03,0.02,0.02,0.01","2.96,0.04,0.01","0,13,4",0,,
1493,Stage3,42.76,32.63,32.63,32.35,,,,,"0,13,4",0,32,
1493,Stage3_PowerOpt,42.76,32.63,32.63,,32.35,,"49.68,12.33,1.38,0.20,0.10,0.07,0.05,0.03,0.03,0.03,0.02,0.02,0.01","2.96,0.03,0.01","0,13,4",0,32,
1493,Stage4,42.76,32.63,32.63,,32.35,10.28;13.84;16.52;18.53;20.01;21.24;22.18;23.00;23.59;24.02;24.42;24.77;25.10;25.43;25.76;26.14;26.46;26.69;26.92;27.12;27.32;27.51;27.72;27.95;28.16;28.32;28.48;28.62;28.76;28.91;29.05;29.22;29.37;29.49;29.61;29.73;29.84;29.95;30.06;30.20;30.33;30.43;30.53;30.62;30.71;30.81,,,"0,13,4",0,32,"32,32,32,32,32,32,32,32,32,32,32,32,32,32,32,32,32,32,32,32,32,32,32,32,32,32,32,32,32,32,32,32,32,32,32,32,32,32,32,32,32,32,32,32,32,32"
1494,Stage1,43.96,,,,,,,,"0,9,0",,,
1494,Stage2,43.96,33.97,,,,,,,"0,9,0",0,,
1494,PowerOpt,43.96,33.97,33.97,,,,"182.41,61.72,8.69,0.70,0.59,0.47,0.29,0.22,0.19,0.13,0.10,0.09,0.08,0.07,0.05,0.05,0.03,0.03,0.02,0.01","2.94,0.04,0.01","0,9,0",0,,
1494,Stage3,43.96,33.97,33.97,33.75,,,,,"0,9,0",0,32,
1494,Stage3_PowerOpt,43.96,33.97,33.97,,33.75,,"45.66,15.45,2.17,0.17,0.12,0.10,0.07,0.05,0.04,0.03,0.02,0.02,0.02,0.01,0.01","2.95,0.04,0.01","0,9,0",0,32,
1494,Stage4,43.96,33.97,33.97,,33.75,10.43;14.51;17.66;19.89;21.41;22.63;23.55;24.32;24.92;25.37;25.81;26.18;26.53;26.88;27.21;27.55;27.87;28.11;28.35;28.57;28.76;28.98;29.19;29.41;29.61;29.78;29.94;30.09;30.23;30.37;30.52;30.68;30.83;30.95;31.08;31.19;31.30;31.41;31.52;31.66;31.77;31.87;31.98;32.07,,,"0,9,0",0,32,"32,32,32,32,32,32,32,32,32,32,32,32,32,32,32,32,32,32,32,32,32,32,32,32,32,32,32,32,32,32,32,32,32,32,32,32,32,32,32,32,32,32,32,32"
1495,Stage1,42.38,,,,,,,,"0,9,0",,,
1495,Stage2,42.38,32.79,,,,,,,"0,9,0",0,,
1495,PowerOpt,42.38,32.79,32.79,,,,"191.25,58.65,3.90,0.74,0.26,0.19,0.15,0.14,0.12,0.11,0.08,0.07,0.06,0.05,0.05,0.04,0.02,0.02,0.01,0.01","2.96,0.04,0.01","0,9,0",0,,
1495,Stage3,42.38,32.79,32.79,32.55,,,,,"0,9,0",0,32,
1495,Stage3_PowerOpt,42.38,32.79,32.79,,32.55,,"47.88,14.66,0.97,0.15,0.06,0.05,0.03,0.03,0.03,0.02,0.02,0.01,0.01,0.01","2.96,0.04,0.01","0,9,0",0,32,
1495,Stage4,42.38,32.79,32.79,,32.55,10.35;13.79;16.50;18.66;20.22;21.46;22.43;23.18;23.74;24.17;24.60;24.98;25.31;25.66;25.99;26.33;26.63;26.87;27.10;27.32;27.51;27.71;27.92;28.14;28.33;28.49;28.65;28.79;28.93;29.08;29.23;29.39;29.53;29.66;29.77;29.89;30.00;30.12;30.24;30.37;30.49;30.60;30.69;30.79;30.89;30.99,,,"0,9,0",0,32,"32,32,32,32,32,32,32,32,32,32,32,32,32,32,32,32,32,32,32,32,32,32,32,32,32,32,32,32,32,32,32,32,32,32,32,32,32,32,32,32,32,32,32,32,32,32"
1496,Stage1,37.98,,,,,,,,0,,,
1496,Stage2,37.98,16.28,,,,,,,0,4,,
1496,PowerOpt,37.98,16.28,16.28,,,,"188.13,56.17,7.83,2.13,1.08,0.32,0.20,0.05,0.02",1.00,0,4,,
1496,Stage3,37.98,16.28,16.28,16.26,,,,,0,4,33,
1496,Stage3_PowerOpt,37.98,16.28,16.28,,16.26,,"46.95,14.11,1.99,0.52,0.27,0.08,0.05,0.01",1.00,0,4,33,
1496,Stage4,37.98,16.28,16.28,,16.26,8.04;10.72;11.44;11.97;12.38;12.72;13.00;13.24;13.43;13.58;13.70;13.81;13.91;14.02;14.13;14.24;14.35;14.43;14.50;14.56;14.62;14.69;14.76;14.83;14.90;14.96;15.00;15.05;15.10;15.14;15.19;15.25;15.30;15.34;15.38;15.42;15.45,,,0,4,33,"33,33,33,33,33,33,33,33,33,33,33,33,33,33,33,33,33,33,33,33,33,33,33,33,33,33,33,33,33,33,33,33,33,33,33,33,33"
1497,Stage1,48.21,,,,,,,,0,,,
1497,Stage2,48.21,16.43,,,,,,,0,4,,
1497,PowerOpt,48.21,16.43,16.43,,,,"135.67,63.91,30.50,13.28,4.70,3.89,1.62,1.40,0.63,0.15,0.09,0.04,0.02,0.02,0.02",1.00,0,4,,
1497,Stage3,48.21,16.43,16.43,15.62,,,,,0,4,"33,33,33,33,49",
1497,Stage3_PowerOpt,48.21,16.43,16.43,,15.62,,"44.16,10.24,5.75,1.52,1.07,0.54,0.31,0.21,0.11,0.05,0.01",1.00,0,4,"33,33,33,33,49",
1497,Stage4,48.21,16.43,16.43,,15.62,8.20;10.33;11.03;11.48;11.83;12.12;12.37;12.60;12.80;12.95;13.08;13.19;13.30;13.40;13.50;13.61;13.71;13.80;13.87;13.94;14.00;14.07;14.13;14.20;14.27;14.33;14.38;14.43;14.48;14.52;14.57;14.62;14.67;14.72;14.76;14.79;14.83;14.87,,,0,4,"33,33,33,33,49","33,49,33,33,33,33,33,33,33,33,49,33,33,33,33,33,33,33,33,49,49,33,33,33,33,33,33,33,49,33,33,33,33,33,33,49,33,33"
1498,Stage1,39.94,,,,,,,,"0,4,5",,,
1498,Stage2,39.94,32.66,,,,,,,"0,4,5",0,,
1498,PowerOpt,39.94,32.66,32.66,,,,"147.94,88.89,9.68,2.97,1.81,1.10,1.06,0.83,0.41,0.31,0.26,0.20,0.16,0.12,0.04,0.04,0.03,0.02,0.02,0.01","2.98,0.02,0.01","0,4,5",0,,
1498,Stage3,39.94,32.66,32.66,30.38,,,,,"0,4,5",0,"32,24,24,49,32",
1498,Stage3_PowerOpt,39.94,32.66,32.66,,30.38,,"37.35,22.54,2.38,0.49,0.31,0.26,0.18,0.16,0.08,0.08,0.06,0.04,0.02,0.02","2.98,0.01,0.01","0,4,5",0,"32,24,24,49,32",
1498,Stage4,39.94,32.66,32.66,,30.38,7.36;12.76;14.83;16.84;18.37;19.62;20.57;21.32;21.87;22.26;22.71;23.07;23.48;23.75;23.96;24.21;24.53;24.78;25.02;25.31;25.57;25.75;25.93;26.11;26.29;26.41;26.57;26.68;26.79;27.00;27.19;27.37;27.54;27.66;27.77;27.87;27.97;28.10;28.20;28.32;28.42;28.53;28.61;28.70;28.77;28.86;28.94,,,"0,4,5",0,"32,24,24,49,32","49,24,32,32,32,24,32,24,32,49,32,49,32,24,24,24,24,32,49,32,32,24,32,24,24,24,24,24,49,32,32,32,32,24,24,24,24,49,24,24,24,49,24,49,24,24,49"
1499,Stage1,27.70,,,,,,,,"0,4",,,
1499,Stage2,27.70,21.93,,,,,,,"0,4",0,,
1499,PowerOpt,27.70,21.93,21.93,,,,"182.40,58.59,12.39,1.51,0.60,0.25,0.08,0.08,0.02,0.02","2.00,0.00","0,4",0,,
1499,Stage3,27.70,21.93,21.93,21.39,,,,,"0,4",0,24,
1499,Stage3_PowerOpt,27.70,21.93,21.93,,21.39,,"45.49,14.76,3.13,0.38,0.15,0.06,0.02","2.00,0.00","0,4",0,24,
1499,Stage4,27.70,21.93,21.93,,21.39,6.64;11.70;12.58;13.37;14.04;14.66;15.21;15.72;16.10;16.33;16.53;16.72;16.90;17.09;17.29;17.52;17.74;17.88;18.00;18.11;18.23;18.33;18.46;18.61;18.76;18.87;18.95;19.04;19.12;19.20;19.28;19.40;19.52;19.60;19.67;19.73;19.80;19.86;19.93;20.02;20.12;20.19;20.25;20.30;20.36,,,"0,4",0,24,"24,24,24,24,24,24,24,24,24,24,24,24,24,24,24,24,24,24,24,24,24,24,24,24,24,24,24,24,24,24,24,24,24,24,24,24,24,24,24,24,24,24,24,24,24"
1500,Stage1,51.56,,,,,,,,4,,,
1500,Stage2,51.56,16.47,,,,,,,4,0,,
1500,PowerOpt,51.56,16.47,16.47,,,,"176.64,44.95,13.95,12.46,2.71,2.32,1.36,0.81,0.24,0.19,0.14,0.08,0.04,0.02,0.01,0.01",1.00,4,0,,
1500,Stage3,51.56,16.47,16.47,16.30,,,,,4,0,32,
1500,Stage3_PowerOpt,51.56,16.47,16.47,,16.30,,"46.95,11.95,3.67,0.61,0.37,0.21,0.11,0.07,0.03",1.00,4,0,32,
1500,Stage4,51.56,16.47,16.47,,16.30,8.06;10.78;11.53;12.05;12.45;12.78;13.05;13.28;13.47;13.62;13.74;13.85;13.96;14.07;14.18;14.28;14.38;14.47;14.54;14.61;14.67;14.74;14.80;14.87;14.94;15.00;15.05;15.10;15.14;15.19;15.24;15.29;15.34;15.39;15.43;15.46;15.50,,,4,0,32,"32,32,32,32,32,32,32,32,32,32,32,32,32,32,32,32,32,32,32,32,32,32,32,32,32,32,32,32,32,32,32,32,32,32,32,32,32"
1501,Stage1,42.91,,,,,,,,9,,,
1501,Stage2,42.91,16.16,,,,,,,9,0,,
1501,PowerOpt,42.91,16.16,16.16,,,,"197.77,44.97,11.26,0.87,0.72,0.12,0.08,0.08,0.02,0.01,0.01",1.00,9,0,,
1501,Stage3,42.91,16.16,16.16,16.16,,,,,9,0,32,
1501,Stage3_PowerOpt,42.91,16.16,16.16,,16.16,,"49.48,11.24,2.81,0.22,0.18,0.03,0.02",1.00,9,0,32,
1501,Stage4,42.91,16.16,16.16,,16.16,8.18;10.49;11.26;11.81;12.24;12.58;12.87;13.13;13.31;13.44;13.56;13.68;13.79;13.90;14.02;14.14;14.23;14.30;14.37;14.44;14.51;14.58;14.65;14.73;14.79;14.84;14.89;14.94;14.99;15.03;15.09;15.15;15.19;15.23;15.27;15.31;15.35;15.38,,,9,0,32,"32,32,32,32,32,32,32,32,32,32,32,32,32,32,32,32,32,32,32,32,32,32,32,32,32,32,32,32,32,32,32,32,32,32,32,32,32,32"
1502,Stage1,32.93,,,,,,,,"4,0,9",,,
1502,Stage2,32.93,26.01,,,,,,,"4,0,9",4,,
1502,PowerOpt,32.93,26.01,26.01,,,,"197.33,54.73,3.60,0.15,0.05,0.04,0.04","2.98,0.01,0.00","4,0,9",4,,
1502,Stage3,32.93,26.01,26.01,25.78,,,,,"4,0,9",4,32,
1502,Stage3_PowerOpt,32.93,26.01,26.01,,25.78,,"48.83,14.22,0.88,0.04,0.01,0.01","2.98,0.01,0.00","4,0,9",4,32,
1502,Stage4,32.93,26.01,26.01,,25.78,6.34;11.99;13.30;14.38;15.32;16.17;16.98;17.76;18.24;18.51;18.75;18.97;19.18;19.41;19.69;20.09;20.38;20.54;20.69;20.83;20.97;21.11;21.29;21.57;21.77;21.90;22.01;22.12;22.22;22.33;22.47;22.69;22.85;22.95;23.05;23.14;23.22;23.31;23.42;23.62;23.74;23.84;23.92;23.99;24.07;24.14;24.24;24.42;24.53,,,"4,0,9",4,32,"32,32,32,32,32,32,32,32,32,32,32,32,32,32,32,32,32,32,32,32,32,32,32,32,32,32,32,32,32,32,32,32,32,32,32,32,32,32,32,32,32,32,32,32,32,32,32,32,32"
1505,Stage1,52.56,,,,,,,,"5,1",,,
1505,Stage2,52.56,27.85,,,,,,,"5,1",0,,
1505,PowerOpt,52.56,27.85,27.85,,,,"121.46,46.39,38.31,22.96,7.67,5.06,4.42,2.38,1.37,1.17,0.79,0.70,0.55,0.45,0.41,0.35,0.31,0.29,0.20,0.15,0.14,0.11,0.07,0.05,0.04,0.03,0.03,0.03,0.02,0.02,0.01","1.44,0.56","5,1",0,,
1505,Stage3,52.56,27.85,27.85,27.34,,,,,"5,1",0,24,
1505,Stage3_PowerOpt,52.56,27.85,27.85,,27.34,,"33.40,12.54,7.25,4.40,1.51,1.39,1.23,0.51,0.35,0.27,0.21,0.19,0.13,0.12,0.11,0.10,0.08,0.06,0.04,0.03,0.02,0.02,0.01","1.53,0.47","5,1",0,24,
1505,Stage4,52.56,27.85,27.85,,27.34,8.84;15.12;17.44;18.64;19.53;20.24;20.77;21.28;21.65;21.95;22.20;22.43;22.66;22.87;23.09;23.33;23.52;23.68;23.82;23.95;24.08;24.21;24.35;24.50;24.63;24.74;24.83;24.93;25.02;25.12;25.22;25.33;25.43;25.51;25.59;25.66;25.74;25.81;25.89;25.98;26.06,,,"5,1",0,24,"24,24,24,24,24,24,24,24,24,24,24,24,24,24,24,24,24,24,24,24,24,24,24,24,24,24,24,24,24,24,24,24,24,24,24,24,24,24,24,24,24"
1506,Stage1,46.13,,,,,,,,"1,9",,,
1506,Stage2,46.13,26.44,,,,,,,"1,9",0,,
1506,PowerOpt,46.13,26.44,26.44,,,,"98.38,35.93,29.43,24.37,20.69,11.06,9.65,7.42,5.83,3.11,2.13,1.61,1.10,0.95,0.88,0.58,0.51,0.46,0.38,0.32,0.25,0.20,0.17,0.14,0.11,0.06,0.06,0.05,0.04,0.03,0.03,0.02,0.02","1.67,0.33","1,9",0,,
1506,Stage3,46.13,26.44,26.44,26.06,,,,,"1,9",0,"31,24",
1506,Stage3_PowerOpt,46.13,26.44,26.44,,26.06,,"19.74,7.23,6.18,5.29,4.21,3.83,3.31,2.82,2.08,1.93,1.66,1.01,0.89,0.80,0.59,0.52,0.33,0.26,0.23,0.21,0.15,0.13,0.12,0.09,0.08,0.06,0.06,0.04,0.03,0.03,0.03,0.02,0.01","1.71,0.29","1,9",0,"31,24",
1506,Stage4,46.13,26.44,26.44,,26.06,8.27;13.86;16.13;17.38;18.21;18.90;19.43;19.88;20.25;20.56;20.82;21.09;21.33;21.56;21.77;21.98;22.17;22.33;22.49;22.64;22.78;22.92;23.05;23.18;23.31;23.42;23.53;23.63;23.74;23.84;23.94;24.04;24.13;24.22;24.30;24.38;24.46;24.54;24.62;24.70;24.77,,,"1,9",0,"31,24","24,31,31,24,24,31,24,31,24,31,31,31,24,31,24,24,24,24,31,24,31,31,24,24,31,24,31,31,31,31,24,31,24,24,31,31,31,24,31,31,24"
1507,Stage1,51.47,,,,,,,,"9,4",,,
1507,Stage2,51.47,27.36,,,,,,,"9,4",0,,
1507,PowerOpt,51.47,27.36,27.36,,,,"49.19,38.48,36.39,27.12,22.13,20.47,13.32,11.71,10.68,6.71,5.17,4.26,3.06,1.90,1.72,0.85,0.77,0.49,0.41,0.40,0.23,0.20,0.14,0.08,0.05,0.04,0.02","1.61,0.39","9,4",0,,
1507,Stage3,51.47,27.36,27.36,26.71,,,,,"9,4",0,24,
1507,Stage3_PowerOpt,51.47,27.36,27.36,,26.71,,"11.82,11.47,8.52,7.01,5.83,4.44,3.40,2.74,2.65,1.70,1.53,1.07,0.76,0.45,0.21,0.12,0.11,0.05,0.04,0.02,0.02,0.01","1.56,0.44","9,4",0,24,
1507,Stage4,51.47,27.36,27.36,,26.71,8.43;14.43;16.86;18.07;18.95;19.63;20.18;20.61;20.98;21.24;21.51;21.75;21.99;22.21;22.43;22.64;22.83;22.99;23.13;23.27;23.41;23.55;23.68;23.82;23.95;24.07;24.16;24.26;24.36;24.46;24.56;24.66;24.77;24.84;24.92;25.00;25.08;25.16;25.24;25.32;25.39,,,"9,4",0,24,"24,24,24,24,24,24,24,24,24,24,24,24,24,24,24,24,24,24,24,24,24,24,24,24,24,24,24,24,24,24,24,24,24,24,24,24,24,24,24,24,24"
1508,Stage1,28.39,,,,,,,,0,,,
1508,Stage2,28.39,16.48,,,,,,,0,0,,
1508,PowerOpt,28.39,16.48,16.48,,,,"201.71,45.79,8.21,0.23,0.01",1.00,0,0,,
1508,Stage3,28.39,16.48,16.48,16.48,,,,,0,0,32,
1508,Stage3_PowerOpt,28.39,16.48,16.48,,16.48,,"50.43,11.45,2.05,0.06",1.00,0,0,32,
1508,Stage4,28.39,16.48,16.48,,16.48,7.97;10.87;11.64;12.20;12.63;12.97;13.25;13.49;13.67;13.81;13.93;14.04;14.15;14.27;14.38;14.49;14.58;14.66;14.73;14.79;14.86;14.93;15.00;15.07;15.13;15.19;15.24;15.28;15.33;15.38;15.43;15.49;15.53;15.57;15.61;15.65;15.69,,,0,0,32,"32,32,32,32,32,32,32,32,32,32,32,32,32,32,32,32,32,32,32,32,32,32,32,32,32,32,32,32,32,32,32,32,32,32,32,32,32"
1519,Stage1,42.26,,,,,,,,"5,0,0",,,
1519,Stage2,42.26,35.69,,,,,,,"5,0,0",12,,
1519,PowerOpt,42.26,35.69,35.69,,,,"76.91,76.38,45.79,32.06,12.19,5.10,3.73,2.07,1.29,0.26,0.17","2.23,0.73,0.04","5,0,0",12,,
1519,Stage3,42.26,35.69,35.69,34.07,,,,,"5,0,0",12,"31,54,24",
1519,Stage3_PowerOpt,42.26,35.69,35.69,,34.07,,"28.98,13.42,10.23,4.53,3.46,1.41,0.78,0.63,0.35,0.12,0.08","2.15,0.81,0.04","5,0,0",12,"31,54,24",
1519,Stage4,42.26,35.69,35.69,,34.07,9.35;15.62;19.39;20.85;22.21;23.22;24.15;24.80;25.38;25.85;26.26;26.60;26.91;27.21;27.52;27.87;28.23;28.50;28.73;28.96;29.15;29.33;29.55;29.77;30.00;30.19;30.35;30.49;30.62;30.76;30.91;31.07;31.23;31.36;31.48;31.59;31.70;31.81;31.93;32.07;32.19;32.30;32.40,,,"5,0,0",12,"31,54,24","24,54,31,54,24,54,31,31,24,31,24,24,54,54,31,54,54,24,24,24,24,31,31,31,54,54,24,24,24,54,31,54,54,24,31,24,24,54,31,31,54,54,24"
1520,Stage1,41.69,,,,,,,,"4,0",,,
1520,Stage2,41.69,25.44,,,,,,,"4,0",0,,
1520,PowerOpt,41.69,25.44,25.44,,,,"198.87,50.77,4.19,1.05,0.39,0.25,0.15,0.07,0.04,0.04,0.04,0.02,0.02,0.01","1.99,0.01","4,0",0,,
1520,Stage3,41.69,25.44,25.44,24.81,,,,,"4,0",0,32,
1520,Stage3_PowerOpt,41.69,25.44,25.44,,24.81,,"49.86,12.73,1.05,0.15,0.09,0.04,0.04,0.02,0.01","1.99,0.01","4,0",0,32,
1520,Stage4,41.69,25.44,25.44,,24.81,6.30;12.25;13.79;15.01;15.98;16.77;17.41;17.95;18.77;19.22;19.54;19.83;20.11;20.36;20.59;20.81;21.01;21.15;21.29;21.41;21.54;21.67;21.80;21.94;22.08;22.20;22.30;22.40;22.49;22.59;22.69;22.80;22.90;22.99;23.06;23.14;23.21;23.29;23.37;23.46;23.54;23.60,,,"4,0",0,32,"32,32,32,32,32,32,32,32,32,32,32,32,32,32,32,32,32,32,32,32,32,32,32,32,32,32,32,32,32,32,32,32,32,32,32,32,32,32,32,32,32,32"
1524,Stage1,48.31,,,,,,,,4,,,
1524,Stage2,48.31,16.28,,,,,,,4,4,,
1524,PowerOpt,48.31,16.28,16.28,,,,"157.95,68.23,20.56,4.64,1.15,0.97,0.79,0.57,0.24,0.17,0.14,0.12,0.11,0.10,0.07,0.03,0.03,0.02,0.02,0.02,0.02,0.01",1.00,4,4,,
1524,Stage3,48.31,16.28,16.28,16.26,,,,,4,4,41,
1524,Stage3_PowerOpt,48.31,16.28,16.28,,16.26,,"39.93,17.58,5.27,0.53,0.24,0.16,0.12,0.09,0.03,0.01",1.00,4,4,41,
1524,Stage4,48.31,16.28,16.28,,16.26,8.16;10.65;11.43;11.99;12.41;12.75;13.02;13.25;13.44;13.58;13.70;13.82;13.93;14.04;14.15;14.26;14.35;14.43;14.50;14.57;14.64;14.71;14.77;14.84;14.91;14.96;15.01;15.06;15.11;15.16;15.21;15.26;15.31;15.35;15.39;15.43;15.47,,,4,4,41,"41,41,41,41,41,41,41,41,41,41,41,41,41,41,41,41,41,41,41,41,41,41,41,41,41,41,41,41,41,41,41,41,41,41,41,41,41"
1525,Stage1,51.41,,,,,,,,"4,0",,,
1525,Stage2,51.41,28.67,,,,,,,"4,0",12,,
1525,PowerOpt,51.41,28.67,28.67,,,,"83.14,43.38,27.73,24.51,20.05,15.21,11.51,9.19,6.77,3.89,2.93,1.92,1.84,1.35,0.87,0.53,0.40,0.29,0.19,0.10,0.07,0.03,0.03,0.02,0.02","1.73,0.27","4,0",12,,
1525,Stage3,51.41,28.67,28.67,28.93,,,,,"4,0",12,"39,32,39",
1525,Stage3_PowerOpt,51.41,28.67,28.67,,28.93,,"18.51,10.56,9.34,6.10,4.90,3.51,2.67,2.25,2.05,1.37,0.82,0.47,0.41,0.32,0.26,0.17,0.09,0.07,0.05,0.03,0.02,0.01","1.68,0.32","4,0",12,"39,32,39",
1525,Stage4,51.41,28.67,28.67,,28.93,9.49;15.97;18.64;19.94;20.91;21.60;22.18;22.67;23.05;23.32;23.60;23.86;24.09;24.32;24.54;24.74;24.94;25.10;25.26;25.42;25.56;25.70;25.83;25.97;26.10;26.21;26.32;26.43;26.54;26.64;26.74;26.84;26.93;27.02;27.10;27.19;27.27;27.35;27.42;27.50,,,"4,0",12,"39,32,39","32,39,39,32,39,39,32,39,39,39,32,39,32,39,39,39,32,39,39,39,32,32,39,32,39,39,39,32,39,39,32,39,39,39,39,39,32,32,32,39"
1526,Stage1,43.88,,,,,,,,"0,5,0",,,
1526,Stage2,43.88,34.27,,,,,,,"0,5,0",0,,
1526,PowerOpt,43.88,34.27,34.27,,,,"28.36,25.79,21.38,18.26,16.69,16.14,15.06,14.17,13.12,10.82,8.62,8.52,7.84,7.54,6.42,5.95,4.85,3.42,3.25,2.62,2.36,2.22,2.07,1.37,1.08,1.01,0.90,0.76,0.72,0.59,0.52,0.39,0.36,0.32,0.28,0.24,0.20,0.19,0.18,0.17,0.16,0.14,0.13,0.10,0.09,0.09,0.08,0.07,0.07,0.06,0.04,0.04,0.03,0.02,0.02,0.02,0.01,0.01,0.01","2.96,0.02,0.01","0,5,0",0,,
1526,Stage3,43.88,34.27,34.27,32.85,,,,,"0,5,0",0,16,
1526,Stage3_PowerOpt,43.88,34.27,34.27,,32.85,,"8.03,7.41,6.13,4.98,4.69,4.14,3.43,3.05,2.81,2.44,2.21,2.04,1.83,1.60,1.29,1.16,0.99,0.88,0.84,0.65,0.60,0.53,0.37,0.33,0.25,0.21,0.17,0.14,0.13,0.11,0.08,0.07,0.05,0.05,0.04,0.04,0.03,0.03,0.03,0.02,0.02,0.02,0.02,0.01,0.01","2.97,0.02,0.01","0,5,0",0,16,
1526,Stage4,43.88,34.27,34.27,,32.85,6.33;14.45;17.35;19.33;20.68;21.71;22.54;23.30;23.91;24.44;24.94;25.34;25.72;26.05;26.37;26.68;26.96;27.22;27.46;27.68;27.89;28.08;28.28;28.48;28.67;28.83;29.00;29.15;29.29;29.44;29.58;29.73;29.87;30.01;30.13;30.25;30.36;30.47;30.58;30.70;30.82;30.93;31.03;31.13;31.23,,,"0,5,0",0,16,"16,16,16,16,16,16,16,16,16,16,16,16,16,16,16,16,16,16,16,16,16,16,16,16,16,16,16,16,16,16,16,16,16,16,16,16,16,16,16,16,16,16,16,16,16"
1527,Stage1,39.69,,,,,,,,"0,5,4",,,
1527,Stage2,39.69,31.41,,,,,,,"0,5,4",0,,
1527,PowerOpt,39.69,31.41,31.41,,,,"188.70,39.00,5.12,4.62,2.93,2.06,1.86,1.74,1.13,0.96,0.87,0.78,0.54,0.52,0.50,0.49,0.34,0.31,0.30,0.28,0.28,0.26,0.25,0.21,0.18,0.17,0.14,0.13,0.13,0.12,0.10,0.08,0.08,0.07,0.07,0.06,0.05,0.05,0.05,0.05,0.04,0.04,0.03,0.03,0.03,0.02,0.02,0.02,0.02,0.01,0.01,0.01,0.01","2.98,0.02,0.00","0,5,4",0,,
1527,Stage3,39.69,31.41,31.41,27.65,,,,,"0,5,4",0,"32,16,16,32",
1527,Stage3_PowerOpt,39.69,31.41,31.41,,27.65,,"46.69,10.22,2.20,1.28,0.82,0.53,0.49,0.43,0.30,0.26,0.14,0.13,0.07,0.06,0.05,0.05,0.04,0.03,0.03,0.03,0.02,0.02,0.02,0.01,0.01","2.98,0.02,0.00","0,5,4",0,"32,16,16,32",
1527,Stage4,39.69,31.41,31.41,,27.65,7.42;12.74;14.10;15.51;16.37;17.30;17.98;18.64;19.19;19.68;20.07;20.42;20.73;21.02;21.31;21.64;21.95;22.20;22.42;22.61;22.82;23.00;23.19;23.41;23.61;23.77;23.94;24.10;24.24;24.38;24.53;24.69;24.85;24.98;25.10;25.22;25.32;25.45;25.57;25.69;25.81;25.91;26.01;26.11;26.21;26.31,,,"0,5,4",0,"32,16,16,32","16,32,16,32,16,32,32,16,32,16,16,16,32,16,16,32,32,16,16,32,32,32,16,32,32,32,16,16,32,32,16,32,32,16,32,32,16,32,16,32,16,16,16,16,16,16"
1528,Stage1,45.95,,,,,,,,"0,5,0",,,
1528,Stage2,45.95,35.41,,,,,,,"0,5,0",0,,
1528,PowerOpt,45.95,35.41,35.41,,,,"65.26,49.66,44.88,21.78,9.83,8.79,8.28,6.80,6.35,6.09,5.11,3.91,2.69,2.32,2.06,1.92,1.39,1.28,1.04,0.90,0.77,0.70,0.66,0.61,0.49,0.41,0.28,0.25,0.23,0.18,0.16,0.12,0.12,0.11,0.08,0.07,0.07,0.05,0.05,0.04,0.03,0.02,0.02,0.02,0.02,0.01","2.94,0.05,0.02","0,5,0",0,,
1528,Stage3,45.95,35.41,35.41,32.51,,,,,"0,5,0",0,16,
1528,Stage3_PowerOpt,45.95,35.41,35.41,,32.51,,"18.40,14.54,13.23,6.41,2.87,2.31,1.91,1.51,0.73,0.56,0.44,0.28,0.18,0.16,0.12,0.08,0.08,0.05,0.04,0.03,0.02","2.96,0.03,0.01","0,5,0",0,16,
1528,Stage4,45.95,35.41,35.41,,32.51,10.09;14.45;17.20;19.03;20.45;21.43;22.29;23.05;23.77;24.20;24.60;24.97;25.31;25.61;25.95;26.34;26.70;26.92;27.13;27.34;27.52;27.70;27.89;28.12;28.33;28.47;28.62;28.77;28.91;29.03;29.17;29.31;29.48;29.61;29.71;29.80;29.92;30.05;30.16;30.28;30.46;30.57;30.66;30.75;30.84;30.93,,,"0,5,0",0,16,"16,16,16,16,16,16,16,16,16,16,16,16,16,16,16,16,16,16,16,16,16,16,16,16,16,16,16,16,16,16,16,16,16,16,16,16,16,16,16,16,16,16,16,16,16,16"
1529,Stage1,45.32,,,,,,,,"0,5,0",,,
1529,Stage2,45.32,34.62,,,,,,,"0,5,0",0,,
1529,PowerOpt,45.32,34.62,34.62,,,,"108.50,55.24,31.13,13.96,9.15,8.88,6.56,5.91,5.52,2.98,2.14,1.57,0.91,0.85,0.55,0.54,0.44,0.23,0.22,0.13,0.11,0.11,0.07,0.07,0.04,0.03,0.02,0.02,0.02,0.01,0.01","2.84,0.15,0.01","0,5,0",0,,
1529,Stage3,45.32,34.62,34.62,30.87,,,,,"0,5,0",0,"23,32,23",
1529,Stage3_PowerOpt,45.32,34.62,34.62,,30.87,,"34.28,14.71,7.17,3.74,1.23,1.06,0.51,0.37,0.35,0.21,0.10,0.07,0.05,0.03,0.02,0.02,0.01,0.01,0.01","2.91,0.08,0.00","0,5,0",0,"23,32,23",
1529,Stage4,45.32,34.62,34.62,,30.87,10.12;14.58;17.29;18.48;19.71;20.68;21.36;22.04;22.55;22.96;23.32;23.65;23.99;24.32;24.59;24.96;25.28;25.50;25.67;25.86;26.09;26.29;26.49;26.62;26.85;27.08;27.20;27.32;27.48;27.64;27.78;27.86;28.05;28.18;28.27;28.42;28.56;28.67;28.77;28.86;29.01;29.12;29.18;29.28;29.39,,,"0,5,0",0,"23,32,23","23,23,32,23,23,32,32,23,23,23,23,32,23,23,23,32,32,23,23,23,32,23,23,23,32,32,23,23,32,23,23,32,23,23,23,32,23,23,23,32,23,23,23,32,23"
1530,Stage1,35.87,,,,,,,,"0,4,9",,,
1530,Stage2,35.87,27.80,,,,,,,"0,4,9",4,,
1530,PowerOpt,35.87,27.80,27.80,,,,"203.10,45.14,4.97,1.31,0.47,0.35,0.26,0.15,0.06,0.05,0.02,0.02,0.01,0.01","2.99,0.01,0.00","0,4,9",4,,
1530,Stage3,35.87,27.80,27.80,26.74,,,,,"0,4,9",4,"33,33,33,32",
1530,Stage3_PowerOpt,35.87,27.80,27.80,,26.74,,"50.88,11.28,1.16,0.32,0.12,0.10,0.07,0.04","2.99,0.01,0.00","0,4,9",4,"33,33,33,32",
1530,Stage4,35.87,27.80,27.80,,26.74,7.62;12.12;13.68;14.88;15.85;16.66;17.44;18.12;18.67;19.03;19.37;19.77;20.02;20.32;20.66;20.99;21.34;21.57;21.81;22.00;22.13;22.32;22.52;22.75;22.94;23.04;23.10;23.24;23.34;23.52;23.64;23.90;24.06;24.19;24.30;24.41;24.53;24.57;24.72;24.84;24.95;25.04;25.10;25.14;25.20;25.30;25.41,,,"0,4,9",4,"33,33,33,32","32,33,33,33,33,33,33,33,33,33,33,33,33,33,33,33,33,33,33,33,33,33,33,33,33,33,33,33,32,33,33,33,33,33,32,33,32,33,32,32,32,32,32,33,32,33,33"
1531,Stage1,28.04,,,,,,,,"0,4",,,
1531,Stage2,28.04,22.17,,,,,,,"0,4",0,,
1531,PowerOpt,28.04,22.17,22.17,,,,"173.96,67.92,7.68,4.73,0.64,0.48,0.26,0.14,0.06,0.03,0.02,0.02,0.01","2.00,0.00","0,4",0,,
1531,Stage3,28.04,22.17,22.17,20.20,,,,,"0,4",0,"8,33,8",
1531,Stage3_PowerOpt,28.04,22.17,22.17,,20.20,,"43.36,17.18,1.94,1.18,0.12,0.10,0.06,0.02,0.01","2.00,0.00","0,4",0,"8,33,8",
1531,Stage4,28.04,22.17,22.17,,20.20,6.47;11.71;12.46;12.99;13.41;13.76;14.10;14.54;14.89;15.20;15.42;15.62;15.80;15.94;16.17;16.41;16.53;16.76;16.84;16.91;17.15;17.16;17.34;17.54;17.63;17.63;17.71;17.77;17.88;18.03;18.19;18.21;18.27;18.28;18.37;18.44;18.51;18.59;18.67;18.77;18.87;18.94;19.00;19.06;19.12;19.18;19.24,,,"0,4",0,"8,33,8","8,8,8,8,8,8,33,8,33,33,33,8,8,33,8,8,33,8,33,33,8,33,8,33,33,33,33,8,33,33,33,33,33,8,8,8,8,8,8,8,8,8,8,8,33,33,8"
1532,Stage1,39.43,,,,,,,,"0,4",,,
1532,Stage2,39.43,25.73,,,,,,,"0,4",4,,
1532,PowerOpt,39.43,25.73,25.73,,,,"186.31,41.50,13.20,9.81,2.11,0.87,0.71,0.64,0.18,0.14,0.13,0.11,0.10,0.05,0.03,0.02,0.01,0.01","1.99,0.01","0,4",4,,
1532,Stage3,39.43,25.73,25.73,24.97,,,,,"0,4",4,"41,41,33,41,33",
1532,Stage3_PowerOpt,39.43,25.73,25.73,,24.97,,"47.39,10.44,2.69,2.40,0.43,0.18,0.17,0.16,0.04,0.03,0.03,0.02","1.99,0.01","0,4",4,"41,41,33,41,33",
1532,Stage4,39.43,25.73,25.73,,24.97,10.06;13.15;15.08;16.25;17.10;17.78;18.35;18.86;19.26;19.56;19.85;20.08;20.28;20.52;20.74;20.96;21.14;21.30;21.44;21.57;21.69;21.84;21.97;22.12;22.26;22.36;22.44;22.53;22.63;22.71;22.81;22.95;23.05;23.13;23.21;23.28;23.35;23.43;23.50;23.60;23.67;23.74,,,"0,4",4,"41,41,33,41,33","33,41,33,41,33,41,33,41,41,41,41,41,41,41,41,41,41,33,41,41,41,33,41,41,33,41,41,41,41,41,41,33,33,41,33,33,41,41,41,41,33,41"
1533,Stage1,47.83,,,,,,,,0,,,
1533,Stage2,47.83,16.68,,,,,,,0,0,,
1533,PowerOpt,47.83,16.68,16.68,,,,"198.48,33.55,8.50,5.80,3.95,1.83,1.62,0.93,0.36,0.32,0.27,0.14,0.09,0.06,0.02,0.01,0.01",1.00,0,0,,
1533,Stage3,47.83,16.68,16.68,16.58,,,,,0,0,48,
1533,Stage3_PowerOpt,47.83,16.68,16.68,,16.58,,"50.37,8.49,1.90,1.47,0.89,0.46,0.21,0.08,0.06,0.03,0.02,0.01",1.00,0,0,48,
1533,Stage4,47.83,16.68,16.68,,16.58,7.83;11.21;11.87;12.36;12.74;13.06;13.33;13.56;13.74;13.89;14.02;14.13;14.24;14.35;14.46;14.56;14.66;14.74;14.81;14.88;14.95;15.01;15.08;15.15;15.22;15.27;15.33;15.37;15.42;15.47;15.52;15.57;15.62;15.66;15.70;15.74;15.78,,,0,0,48,"48,48,48,48,48,48,48,48,48,48,48,48,48,48,48,48,48,48,48,48,48,48,48,48,48,48,48,48,48,48,48,48,48,48,48,48,48"
1534,Stage1,44.04,,,,,,,,"0,13,4",,,
1534,Stage2,44.04,33.34,,,,,,,"0,13,4",0,,
1534,PowerOpt,44.04,33.34,33.34,,,,"184.63,53.20,14.70,1.16,0.82,0.28,0.25,0.21,0.13,0.12,0.10,0.08,0.06,0.06,0.04,0.03,0.02,0.02,0.02,0.01","2.94,0.05,0.01","0,13,4",0,,
1534,Stage3,44.04,33.34,33.34,33.09,,,,,"0,13,4",0,32,
1534,Stage3_PowerOpt,44.04,33.34,33.34,,33.09,,"46.22,13.31,3.68,0.29,0.17,0.07,0.06,0.05,0.03,0.03,0.02,0.02,0.01,0.01","2.94,0.05,0.01","0,13,4",0,32,
1534,Stage4,44.04,33.34,33.34,,33.09,10.21;14.36;17.05;19.17;20.73;21.94;22.93;23.77;24.36;24.80;25.20;25.57;25.92;26.25;26.59;26.96;27.27;27.51;27.73;27.93;28.12;28.32;28.53;28.77;28.96;29.13;29.28;29.42;29.55;29.69;29.83;30.01;30.16;30.28;30.40;30.50;30.61;30.72;30.83;30.98;31.10;31.20;31.30;31.39;31.48,,,"0,13,4",0,32,"32,32,32,32,32,32,32,32,32,32,32,32,32,32,32,32,32,32,32,32,32,32,32,32,32,32,32,32,32,32,32,32,32,32,32,32,32,32,32,32,32,32,32,32,32"
1535,Stage1,33.68,,,,,,,,4,,,
1535,Stage2,33.68,16.31,,,,,,,4,4,,
1535,PowerOpt,33.68,16.31,16.31,,,,"218.22,25.59,6.49,3.21,1.55,0.32,0.28,0.15,0.09,0.05,0.01",1.00,4,4,,
1535,Stage3,33.68,16.31,16.31,16.44,,,,,4,4,49,
1535,Stage3_PowerOpt,33.68,16.31,16.31,,16.44,,"54.98,6.45,1.62,0.82,0.08,0.04,0.01",1.00,4,4,49,
1535,Stage4,33.68,16.31,16.31,,16.44,7.75;10.93;11.64;12.14;12.54;12.87;13.15;13.39;13.58;13.73;13.85;13.96;14.06;14.17;14.28;14.39;14.49;14.57;14.65;14.71;14.77;14.84;14.91;14.98;15.05;15.11;15.16;15.20;15.25;15.29;15.34;15.40;15.45;15.50;15.53;15.57;15.61;15.64,,,4,4,49,"49,49,49,49,49,49,49,49,49,49,49,49,49,49,49,49,49,49,49,49,49,49,49,49,49,49,49,49,49,49,49,49,49,49,49,49,49,49"
1536,Stage1,39.46,,,,,,,,"0,9,0",,,
1536,Stage2,39.46,30.78,,,,,,,"0,9,0",0,,
1536,PowerOpt,39.46,30.78,30.78,,,,"214.31,33.42,7.13,0.28,0.15,0.12,0.10,0.09,0.07,0.05,0.04,0.04,0.03,0.03,0.02,0.02,0.02,0.01,0.01","2.97,0.02,0.00","0,9,0",0,,
1536,Stage3,39.46,30.78,30.78,30.51,,,,,"0,9,0",0,32,
1536,Stage3_PowerOpt,39.46,30.78,30.78,,30.51,,"53.61,8.35,1.78,0.07,0.03,0.03,0.02,0.02,0.02,0.01,0.01","2.97,0.02,0.00","0,9,0",0,32,
1536,Stage4,39.46,30.78,30.78,,30.51,10.22;13.10;15.21;16.95;18.34;19.45;20.37;21.14;21.72;22.17;22.58;22.94;23.29;23.63;23.97;24.32;24.61;24.85;25.07;25.29;25.49;25.68;25.89;26.11;26.30;26.47;26.62;26.77;26.92;27.05;27.20;27.36;27.51;27.64;27.75;27.87;27.99;28.10;28.22;28.35;28.47;28.58;28.67;28.77;28.87;28.97;29.07,,,"0,9,0",0,32,"32,32,32,32,32,32,32,32,32,32,32,32,32,32,32,32,32,32,32,32,32,32,32,32,32,32,32,32,32,32,32,32,32,32,32,32,32,32,32,32,32,32,32,32,32,32,32"
1537,Stage1,46.96,,,,,,,,4,,,
1537,Stage2,46.96,16.57,,,,,,,4,4,,
1537,PowerOpt,46.96,16.57,16.57,,,,"122.39,60.29,38.01,12.57,9.65,6.78,3.01,1.41,0.74,0.37,0.30,0.20,0.09,0.06,0.05,0.02,0.02,0.01",1.00,4,4,,
1537,Stage3,46.96,16.57,16.57,15.90,,,,,4,4,33,
1537,Stage3_PowerOpt,46.96,16.57,16.57,,15.90,,"43.12,13.45,3.39,2.28,1.04,0.32,0.13,0.10,0.07,0.03,0.02,0.02",1.00,4,4,33,
1537,Stage4,46.96,16.57,16.57,,15.90,8.21;10.31;11.07;11.60;12.01;12.35;12.63;12.87;13.06;13.20;13.32;13.43;13.54;13.65;13.76;13.88;13.97;14.05;14.12;14.18;14.25;14.31;14.39;14.46;14.53;14.58;14.63;14.68;14.72;14.77;14.82;14.88;14.93;14.97;15.01;15.04;15.08;15.12,,,4,4,33,"33,33,33,33,33,33,33,33,33,33,33,33,33,33,33,33,33,33,33,33,33,33,33,33,33,33,33,33,33,33,33,33,33,33,33,33,33,33"
1538,Stage1,26.48,,,,,,,,0,,,
1538,Stage2,26.48,16.49,,,,,,,0,0,,
1538,PowerOpt,26.48,16.49,16.49,,,,"216.16,30.96,6.96,1.54,0.23,0.06,0.03",1.00,0,0,,
1538,Stage3,26.48,16.49,16.49,16.26,,,,,0,0,24,
1538,Stage3_PowerOpt,26.48,16.49,16.49,,16.26,,"53.98,7.81,1.75,0.38,0.06,0.02",1.00,0,0,24,
1538,Stage4,26.48,16.49,16.49,,16.26,8.00;10.75;11.47;12.00;12.41;12.74;13.01;13.24;13.44;13.58;13.71;13.82;13.92;14.03;14.14;14.24;14.35;14.43;14.50;14.57;14.63;14.69;14.76;14.83;14.90;14.96;15.01;15.06;15.10;15.15;15.20;15.25;15.30;15.34;15.38;15.42;15.46,,,0,0,24,"24,24,24,24,24,24,24,24,24,24,24,24,24,24,24,24,24,24,24,24,24,24,24,24,24,24,24,24,24,24,24,24,24,24,24,24,24"
1539,Stage1,48.91,,,,,,,,4,,,
1539,Stage2,48.91,16.51,,,,,,,4,4,,
1539,PowerOpt,48.91,16.51,16.51,,,,"166.65,43.51,26.87,6.27,5.83,3.66,0.77,0.61,0.58,0.31,0.30,0.19,0.14,0.11,0.04,0.03,0.03,0.02,0.01",1.00,4,4,,
1539,Stage3,48.91,16.51,16.51,16.24,,,,,4,4,57,
1539,Stage3_PowerOpt,48.91,16.51,16.51,,16.24,,"47.47,12.23,1.76,1.61,0.54,0.16,0.09,0.07,0.02,0.01",1.00,4,4,57,
1539,Stage4,48.91,16.51,16.51,,16.24,8.13;10.64;11.37;11.89;12.30;12.63;12.91;13.15;13.34;13.49;13.61;13.72;13.83;13.94;14.05;14.15;14.26;14.34;14.41;14.48;14.54;14.61;14.68;14.75;14.82;14.88;14.93;14.98;15.03;15.07;15.12;15.18;15.23;15.28;15.32;15.35;15.39;15.43,,,4,4,57,"57,57,57,57,57,57,57,57,57,57,57,57,57,57,57,57,57,57,57,57,57,57,57,57,57,57,57,57,57,57,57,57,57,57,57,57,57,57"
1540,Stage1,42.60,,,,,,,,4,,,
1540,Stage2,42.60,16.24,,,,,,,4,0,,
1540,PowerOpt,42.60,16.24,16.24,,,,"184.86,61.73,7.13,0.85,0.70,0.27,0.20,0.11,0.06,0.02",1.00,4,0,,
1540,Stage3,42.60,16.24,16.24,16.22,,,,,4,0,32,
1540,Stage3_PowerOpt,42.60,16.24,16.24,,16.22,,"46.42,15.50,1.79,0.17,0.07,0.03",1.00,4,0,32,
1540,Stage4,42.60,16.24,16.24,,16.22,7.99;10.77;11.48;11.99;12.38;12.71;12.99;13.23;13.43;13.58;13.70;13.80;13.90;14.01;14.11;14.23;14.33;14.42;14.48;14.55;14.61;14.67;14.74;14.81;14.88;14.94;14.99;15.03;15.07;15.12;15.17;15.22;15.28;15.32;15.36;15.39;15.43,,,4,0,32,"32,32,32,32,32,32,32,32,32,32,32,32,32,32,32,32,32,32,32,32,32,32,32,32,32,32,32,32,32,32,32,32,32,32,32,32,32"
1541,Stage1,30.73,,,,,,,,4,,,
1541,Stage2,30.73,16.23,,,,,,,4,0,,
1541,PowerOpt,30.73,16.23,16.23,,,,"201.43,43.57,10.20,0.56,0.17,0.01",1.00,4,0,,
1541,Stage3,30.73,16.23,16.23,16.22,,,,,4,0,32,
1541,Stage3_PowerOpt,30.73,16.23,16.23,,16.22,,"50.37,10.89,2.54,0.14,0.04",1.00,4,0,32,
1541,Stage4,30.73,16.23,16.23,,16.22,8.11;10.65;11.41;11.95;12.37;12.70;12.98;13.23;13.41;13.55;13.67;13.79;13.90;14.00;14.11;14.23;14.33;14.40;14.47;14.54;14.60;14.67;14.74;14.81;14.88;14.93;14.98;15.03;15.07;15.12;15.17;15.23;15.28;15.32;15.35;15.39;15.43,,,4,0,32,"32,32,32,32,32,32,32,32,32,32,32,32,32,32,32,32,32,32,32,32,32,32,32,32,32,32,32,32,32,32,32,32,32,32,32,32,32"
1542,Stage1,31.97,,,,,,,,"4,9",,,
1542,Stage2,31.97,22.03,,,,,,,"4,9",0,,
1542,PowerOpt,31.97,22.03,22.03,,,,"211.20,40.05,4.33,0.19,0.12,0.04","1.99,0.01","4,9",0,,
1542,Stage3,31.97,22.03,22.03,22.00,,,,,"4,9",0,32,
1542,Stage3_PowerOpt,31.97,22.03,22.03,,22.00,,"52.80,10.02,1.08,0.05,0.03","1.99,0.01","4,9",0,32,
1542,Stage4,31.97,22.03,22.03,,22.00,8.09;10.80;12.01;13.04;13.93;14.73;15.44;16.09;16.49;16.73;16.92;17.10;17.27;17.46;17.70;17.99;18.22;18.35;18.47;18.57;18.68;18.79;18.93;19.13;19.28;19.38;19.46;19.54;19.61;19.70;19.80;19.95;20.06;20.14;20.20;20.26;20.32;20.39;20.47;20.60;20.69;20.75;20.80;20.85;20.90,,,"4,9",0,32,"32,32,32,32,32,32,32,32,32,32,32,32,32,32,32,32,32,32,32,32,32,32,32,32,32,32,32,32,32,32,32,32,32,32,32,32,32,32,32,32,32,32,32,32,32"
1545,Stage1,45.23,,,,,,,,"5,1,3,9",,,
1545,Stage2,45.23,41.50,,,,,,,"5,1,3,9",7,,
1545,PowerOpt,45.23,41.50,41.50,,,,"49.34,38.51,25.58,22.59,21.19,16.55,15.14,13.30,9.54,8.88,6.71,5.95,4.20,3.97,3.61,3.35,2.04,1.80,1.58,1.29,0.85","3.23,0.66,0.10,0.01","5,1,3,9",7,,
1545,Stage3,45.23,41.50,41.50,40.44,,,,,"5,1,3,9",7,"29,24,21,24,29",
1545,Stage3_PowerOpt,45.23,41.50,41.50,,40.44,,"10.47,9.76,7.88,6.67,4.84,4.34,3.44,2.78,2.61,2.05,1.77,1.42,1.26,1.19,0.81,0.75,0.62,0.50,0.32,0.28,0.23","2.74,1.10,0.15,0.01","5,1,3,9",7,"29,24,21,24,29",
1545,Stage4,45.23,41.50,41.50,,40.44,8.87;15.86;20.74;23.18;24.61;25.83;26.75;27.63;28.34;29.10;29.65;30.28;30.80;31.24;31.65;32.24;32.63;32.96;33.30;33.59;33.86;34.10;34.44;34.72;34.96;35.20;35.42;35.62;35.81;36.00;36.22;36.41;36.61;36.76;36.94;37.10;37.27;37.43;37.55;37.77;37.93;38.06;38.24;38.36;38.48,,,"5,1,3,9",7,"29,24,21,24,29","29,24,24,29,24,24,29,21,24,29,21,21,21,24,24,21,24,24,21,21,21,21,29,29,24,21,29,29,29,24,21,24,29,24,21,29,21,24,29,29,24,29,29,21,24"
1546,Stage1,28.38,,,,,,,,0,,,
1546,Stage2,28.38,16.43,,,,,,,0,0,,
1546,PowerOpt,28.38,16.43,16.43,,,,"213.85,30.33,10.99,0.74,0.02,0.01",1.00,0,0,,
1546,Stage3,28.38,16.43,16.43,16.43,,,,,0,0,32,
1546,Stage3_PowerOpt,28.38,16.43,16.43,,16.43,,"53.47,7.58,2.75,0.19",1.00,0,0,32,
1546,Stage4,28.38,16.43,16.43,,16.43,7.84;10.93;11.64;12.16;12.57;12.91;13.19;13.43;13.61;13.75;13.87;13.99;14.10;14.20;14.32;14.43;14.52;14.60;14.67;14.74;14.80;14.87;14.94;15.01;15.08;15.13;15.18;15.23;15.27;15.32;15.37;15.43;15.48;15.52;15.56;15.59;15.63,,,0,0,32,"32,32,32,32,32,32,32,32,32,32,32,32,32,32,32,32,32,32,32,32,32,32,32,32,32,32,32,32,32,32,32,32,32,32,32,32,32"
1547,Stage1,41.23,,,,,,,,"5,0",,,
1547,Stage2,41.23,26.47,,,,,,,"5,0",8,,
1547,PowerOpt,41.23,26.47,26.47,,,,"52.12,36.28,31.96,28.99,24.24,18.19,16.89,12.13,10.59,6.92,5.76,4.38,3.30,2.22,1.19,0.56,0.20,0.06","1.84,0.16","5,0",8,,
1547,Stage3,41.23,26.47,26.47,25.73,,,,,"5,0",8,"33,54,33",
1547,Stage3_PowerOpt,41.23,26.47,26.47,,25.73,,"18.82,9.31,8.35,7.58,6.50,4.71,3.64,1.71,1.53,0.64,0.38,0.29,0.21,0.14,0.11,0.04,0.02,0.01","1.89,0.11","5,0",8,"33,54,33",
1547,Stage4,41.23,26.47,26.47,,25.73,8.86;13.58;16.07;17.17;17.90;18.59;19.18;19.57;19.92;20.22;20.49;20.75;20.99;21.22;21.46;21.64;21.83;22.00;22.15;22.31;22.46;22.58;22.71;22.84;22.98;23.10;23.19;23.30;23.43;23.51;23.59;23.69;23.79;23.89;23.96;24.04;24.15;24.20;24.27;24.37;24.45,,,"5,0",8,"33,54,33","33,54,33,33,33,54,33,33,33,33,54,33,54,33,33,54,33,54,33,33,33,33,54,33,33,33,33,33,54,33,54,33,33,33,33,54,33,33,33,54,33"
1548,Stage1,41.09,,,,,,,,"4,9",,,
1548,Stage2,41.09,26.03,,,,,,,"4,9",11,,
1548,PowerOpt,41.09,26.03,26.03,,,,"117.74,59.52,27.41,14.23,8.52,7.43,5.00,4.89,2.92,2.17,2.14,1.48,1.33,0.60,0.41,0.12,0.03,0.02","1.82,0.18","4,9",11,,
1548,Stage3,41.09,26.03,26.03,25.28,,,,,"4,9",11,"33,54,33,54,33",
1548,Stage3_PowerOpt,41.09,26.03,26.03,,25.28,,"15.84,12.11,10.30,8.14,6.12,4.86,2.43,1.92,0.70,0.64,0.39,0.24,0.11,0.09,0.06,0.02,0.01,0.01","1.85,0.15","4,9",11,"33,54,33,54,33",
1548,Stage4,41.09,26.03,26.03,,25.28,8.30;13.50;15.64;16.64;17.44;18.11;18.65;19.17;19.56;19.88;20.14;20.39;20.61;20.82;21.02;21.22;21.43;21.60;21.75;21.89;22.04;22.17;22.30;22.42;22.56;22.69;22.80;22.89;22.99;23.09;23.17;23.27;23.38;23.47;23.56;23.63;23.71;23.79;23.85;23.93;24.01,,,"4,9",11,"33,54,33,54,33","33,54,33,54,33,54,33,54,54,33,33,33,54,33,54,54,54,33,54,33,33,33,33,54,33,54,33,54,33,33,33,54,54,33,33,33,54,33,54,33,54"
1559,Stage1,53.19,,,,,,,,"4,0,9",,,
1559,Stage2,53.19,41.59,,,,,,,"4,0,9",0,,
1559,PowerOpt,53.19,41.59,41.59,,,,"39.72,38.08,32.42,30.59,22.34,17.66,15.49,14.80,9.51,8.45,6.64,4.56,3.25,2.99,2.43,1.75,1.48,0.92,0.72,0.58,0.53,0.43,0.29,0.16,0.10,0.06","2.09,0.62,0.29","4,0,9",0,,
1559,Stage3,53.19,41.59,41.59,40.37,,,,,"4,0,9",0,"24,24,32,24,24",
1559,Stage3_PowerOpt,53.19,41.59,41.59,,40.37,,"11.31,10.16,8.07,7.52,5.56,4.06,3.68,3.16,2.33,1.93,1.66,1.08,0.68,0.61,0.54,0.41,0.35,0.21,0.17,0.16,0.13,0.08,0.07,0.03,0.02,0.02","2.10,0.62,0.29","4,0,9",0,"24,24,32,24,24",
1559,Stage4,53.19,41.59,41.59,,40.37,9.79;17.31;22.99;26.00;27.67;28.86;29.78;30.55;31.23;31.80;32.26;32.68;33.08;33.44;33.78;34.09;34.39;34.66;34.90;35.14;35.38;35.60;35.81;36.01;36.20;36.37;36.53;36.69;36.85;37.01;37.15;37.30;37.45;37.57;37.70;37.82;37.94;38.05;38.17;38.29;38.40,,,"4,0,9",0,"24,24,32,24,24","24,24,32,32,24,24,24,32,24,24,24,24,24,24,24,24,24,24,24,24,24,24,24,32,24,24,24,32,32,24,24,32,32,32,32,24,24,32,32,32,24"
1560,Stage1,42.98,,,,,,,,"5,13",,,
1560,Stage2,42.98,25.18,,,,,,,"5,13",11,,
1560,PowerOpt,42.98,25.18,25.18,,,,"98.28,48.04,36.35,12.05,11.65,8.37,6.21,6.13,4.83,3.79,3.50,3.27,2.96,2.85,1.69,1.09,0.75,0.71,0.68,0.62,0.56,0.52,0.50,0.28,0.16,0.10,0.02","1.96,0.04","5,13",11,,
1560,Stage3,42.98,25.18,25.18,24.66,,,,,"5,13",11,"6,24,6,24,6",
1560,Stage3_PowerOpt,42.98,25.18,25.18,,24.66,,"26.38,12.46,9.58,5.14,3.10,1.87,1.27,1.06,0.86,0.79,0.29,0.23,0.19,0.16,0.12,0.12,0.09,0.08,0.06,0.05,0.04,0.02,0.01,0.01","1.90,0.10","5,13",11,"6,24,6,24,6",
1560,Stage4,42.98,25.18,25.18,,24.66,8.21;12.92;14.86;15.97;16.80;17.48;18.00;18.49;18.87;19.20;19.46;19.72;19.96;20.22;20.42;20.63;20.78;20.97;21.16;21.26;21.42;21.53;21.65;21.81;21.93;22.06;22.17;22.26;22.36;22.45;22.56;22.65;22.76;22.84;22.92;23.00;23.07;23.14;23.23;23.30;23.39;23.46,,,"5,13",11,"6,24,6,24,6","6,24,6,6,24,24,6,6,24,24,6,6,6,24,6,24,24,6,24,6,24,6,24,6,24,6,6,24,6,6,24,6,24,6,24,6,24,6,24,6,24,6"
1562,Stage1,37.01,,,,,,,,"0,4",,,
1562,Stage2,37.01,24.51,,,,,,,"0,4",0,,
1562,PowerOpt,37.01,24.51,24.51,,,,"200.09,44.48,5.15,4.07,0.77,0.38,0.25,0.12,0.11,0.10,0.09,0.07,0.05,0.03,0.03,0.02,0.02,0.02,0.02,0.02,0.01,0.01,0.01","1.99,0.01","0,4",0,,
1562,Stage3,37.01,24.51,24.51,22.86,,,,,"0,4",0,"56,56,32,56",
1562,Stage3_PowerOpt,37.01,24.51,24.51,,22.86,,"49.96,11.16,1.47,1.08,0.20,0.04,0.02,0.01,0.01","2.00,0.00","0,4",0,"56,56,32,56",
1562,Stage4,37.01,24.51,24.51,,22.86,6.88;11.63;13.17;14.11;14.93;15.64;16.18;16.69;17.13;17.45;17.70;17.92;18.12;18.34;18.55;18.76;18.95;19.12;19.28;19.41;19.53;19.64;19.77;19.91;20.07;20.20;20.31;20.41;20.49;20.59;20.68;20.83;20.93;21.02;21.10;21.18;21.25;21.32;21.39;21.46;21.54;21.61;21.68;21.74,,,"0,4",0,"56,56,32,56","32,56,56,56,56,56,56,56,56,32,32,32,56,56,56,56,56,56,32,32,32,56,32,56,56,56,56,56,56,32,56,56,56,32,32,56,56,32,32,32,56,56,56,32"
1563,Stage1,49.03,,,,,,,,"4,12",,,
1563,Stage2,49.03,26.86,,,,,,,"4,12",0,,
1563,PowerOpt,49.03,26.86,26.86,,,,"121.12,39.96,20.08,16.78,12.59,8.62,6.60,5.83,5.29,5.18,3.60,2.96,1.80,1.55,1.19,0.91,0.79,0.51,0.30,0.13,0.09,0.06,0.02,0.01","1.78,0.22","4,12",0,,
1563,Stage3,49.03,26.86,26.86,27.01,,,,,"4,12",0,"39,32,39,39,32",
1563,Stage3_PowerOpt,49.03,26.86,26.86,,27.01,,"17.97,14.18,7.16,5.62,4.48,3.02,2.54,1.98,1.48,1.19,1.04,0.70,0.58,0.55,0.37,0.30,0.22,0.17,0.15,0.10,0.06,0.05,0.03,0.03,0.01","1.77,0.23","4,12",0,"39,32,39,39,32",
1563,Stage4,49.03,26.86,26.86,,27.01,8.19;14.42;16.79;18.11;19.03;19.71;20.28;20.74;21.11;21.40;21.66;21.92;22.17;22.41;22.62;22.83;23.01;23.18;23.33;23.47;23.62;23.77;23.91;24.05;24.17;24.29;24.40;24.50;24.60;24.71;24.81;24.92;25.01;25.10;25.18;25.26;25.34;25.42;25.50;25.58;25.66,,,"4,12",0,"39,32,39,39,32","39,32,39,32,39,32,39,39,32,39,32,39,32,39,32,39,32,39,39,32,39,32,39,39,32,32,39,39,39,32,39,39,32,39,39,32,39,39,39,39,39"
1564,Stage1,49.28,,,,,,,,"4,0",,,
1564,Stage2,49.28,28.53,,,,,,,"4,0",12,,
1564,PowerOpt,49.28,28.53,28.53,,,,"88.94,56.32,24.28,19.89,17.88,13.11,9.85,8.17,5.45,3.35,2.17,1.89,1.30,1.06,0.88,0.52,0.34,0.25,0.14,0.08,0.05,0.04,0.02,0.01","1.81,0.19","4,0",12,,
1564,Stage3,49.28,28.53,28.53,28.74,,,,,"4,0",12,39,
1564,Stage3_PowerOpt,49.28,28.53,28.53,,28.74,,"22.71,13.92,6.51,5.30,3.75,3.04,2.50,2.08,1.38,0.73,0.51,0.42,0.33,0.25,0.22,0.12,0.09,0.06,0.03,0.02,0.01","1.82,0.18","4,0",12,39,
1564,Stage4,49.28,28.53,28.53,,28.74,7.63;15.97;18.48;19.82;20.75;21.45;22.02;22.50;22.85;23.14;23.39;23.64;23.88;24.10;24.30;24.52;24.71;24.87;25.02;25.17;25.31;25.45;25.58;25.72;25.85;25.96;26.07;26.18;26.28;26.38;26.48;26.59;26.68;26.76;26.85;26.93;27.01;27.09;27.18;27.26;27.34,,,"4,0",12,39,"39,39,39,39,39,39,39,39,39,39,39,39,39,39,39,39,39,39,39,39,39,39,39,39,39,39,39,39,39,39,39,39,39,39,39,39,39,39,39,39,39"
1565,Stage1,44.11,,,,,,,,"0,5",,,
1565,Stage2,44.11,25.84,,,,,,,"0,5",0,,
1565,PowerOpt,44.11,25.84,25.84,,,,"33.05,29.75,27.43,25.22,20.70,19.14,17.73,15.14,12.11,10.87,7.23,5.97,5.58,4.48,3.41,2.86,2.20,2.12,1.59,1.38,1.33,1.05,0.96,0.63,0.56,0.51,0.46,0.34,0.31,0.28,0.26,0.24,0.20,0.14,0.13,0.11,0.10,0.09,0.07,0.06,0.04,0.04,0.03,0.02,0.02,0.01","1.97,0.03","0,5",0,,
1565,Stage3,44.11,25.84,25.84,25.41,,,,,"0,5",0,24,
1565,Stage3_PowerOpt,44.11,25.84,25.84,,25.41,,"8.21,7.56,6.94,6.30,5.33,4.99,4.56,3.99,3.03,2.61,1.78,1.45,1.22,1.13,0.86,0.67,0.58,0.45,0.41,0.34,0.24,0.22,0.17,0.14,0.13,0.11,0.09,0.08,0.07,0.06,0.05,0.05,0.04,0.03,0.03,0.02,0.02,0.02,0.01","1.97,0.03","0,5",0,24,
1565,Stage4,44.11,25.84,25.84,,25.41,9.24;13.50;15.59;16.82;17.69;18.32;18.86;19.32;19.67;19.95;20.21;20.47;20.69;20.90;21.11;21.30;21.50;21.67;21.82;21.97;22.11;22.24;22.39;22.50;22.63;22.75;22.86;22.97;23.07;23.16;23.27;23.36;23.45;23.54;23.62;23.71;23.79;23.86;23.94;24.02;24.09;24.16,,,"0,5",0,24,"24,24,24,24,24,24,24,24,24,24,24,24,24,24,24,24,24,24,24,24,24,24,24,24,24,24,24,24,24,24,24,24,24,24,24,24,24,24,24,24,24,24"
1566,Stage1,43.90,,,,,,,,"0,5,0",,,
1566,Stage2,43.90,33.90,,,,,,,"0,5,0",0,,
1566,PowerOpt,43.90,33.90,33.90,,,,"29.09,28.70,22.53,21.51,17.49,16.19,15.03,13.60,11.27,10.44,9.29,8.93,8.46,6.65,4.84,4.66,3.61,3.31,2.89,2.59,2.04,1.75,1.43,1.31,1.21,0.88,0.82,0.76,0.59,0.48,0.43,0.41,0.31,0.25,0.23,0.21,0.18,0.18,0.16,0.15,0.14,0.13,0.12,0.12,0.10,0.07,0.07,0.06,0.05,0.04,0.04,0.03,0.03,0.03,0.02,0.02,0.02,0.01,0.01","2.96,0.03,0.01","0,5,0",0,,
1566,Stage3,43.90,33.90,33.90,32.61,,,,,"0,5,0",0,16,
1566,Stage3_PowerOpt,43.90,33.90,33.90,,32.61,,"8.12,7.96,6.06,5.91,4.89,4.30,3.63,2.94,2.57,2.39,2.14,1.94,1.85,1.52,1.22,0.97,0.95,0.80,0.67,0.58,0.52,0.42,0.32,0.25,0.17,0.15,0.13,0.10,0.07,0.06,0.06,0.05,0.04,0.04,0.03,0.03,0.03,0.02,0.02,0.02,0.01,0.01","2.97,0.02,0.01","0,5,0",0,16,
1566,Stage4,43.90,33.90,33.90,,32.61,6.39;14.36;17.13;19.00;20.31;21.41;22.31;23.09;23.71;24.26;24.68;25.07;25.42;25.75;26.09;26.40;26.70;26.96;27.19;27.41;27.62;27.82;28.02;28.21;28.43;28.59;28.75;28.90;29.04;29.19;29.33;29.48;29.63;29.76;29.88;29.99;30.10;30.22;30.34;30.46;30.58;30.69;30.78;30.89;30.98;31.07,,,"0,5,0",0,16,"16,16,16,16,16,16,16,16,16,16,16,16,16,16,16,16,16,16,16,16,16,16,16,16,16,16,16,16,16,16,16,16,16,16,16,16,16,16,16,16,16,16,16,16,16,16"
1567,Stage1,40.50,,,,,,,,"0,5,0",,,
1567,Stage2,40.50,32.66,,,,,,,"0,5,0",0,,
1567,PowerOpt,40.50,32.66,32.66,,,,"176.68,45.39,5.72,4.69,4.35,2.90,2.48,2.16,1.11,1.05,1.01,0.83,0.74,0.71,0.65,0.62,0.54,0.50,0.45,0.35,0.34,0.28,0.22,0.18,0.18,0.17,0.15,0.14,0.13,0.12,0.11,0.11,0.08,0.07,0.07,0.06,0.06,0.06,0.05,0.05,0.05,0.04,0.04,0.03,0.03,0.02,0.02,0.02,0.02,0.01,0.01,0.01","2.98,0.02,0.00","0,5,0",0,,
1567,Stage3,40.50,32.66,32.66,28.83,,,,,"0,5,0",0,"32,16,32,16,32",
1567,Stage3_PowerOpt,40.50,32.66,32.66,,28.83,,"46.27,11.66,1.48,0.98,0.77,0.56,0.48,0.42,0.21,0.20,0.16,0.13,0.10,0.09,0.08,0.06,0.05,0.04,0.04,0.02,0.02,0.02,0.02,0.02,0.01,0.01,0.01,0.01","2.98,0.02,0.00","0,5,0",0,"32,16,32,16,32",
1567,Stage4,40.50,32.66,32.66,,28.83,7.76;13.16;14.63;15.92;17.30;18.16;19.01;19.68;20.30;20.78;21.22;21.56;21.90;22.22;22.53;22.86;23.15;23.40;23.65;23.84;24.02;24.21;24.41;24.57;24.78;24.98;25.15;25.30;25.43;25.57;25.71;25.85;26.00;26.13;26.24;26.36;26.47;26.58;26.69;26.82;26.93;27.05;27.16;27.23;27.32;27.42,,,"0,5,0",0,"32,16,32,16,32","16,32,32,16,32,16,32,32,32,16,16,32,16,32,16,16,32,16,32,16,32,32,16,32,16,16,16,32,16,32,32,16,32,32,32,16,16,32,32,16,32,16,16,16,32,16"
1568,Stage1,47.16,,,,,,,,"0,5,0",,,
1568,Stage2,47.16,35.83,,,,,,,"0,5,0",0,,
1568,PowerOpt,47.16,35.83,35.83,,,,"57.77,54.00,50.75,19.09,13.63,9.13,8.22,7.51,4.70,4.68,3.68,2.94,2.77,2.52,2.37,1.88,1.65,1.38,1.11,1.09,0.87,0.63,0.56,0.51,0.39,0.30,0.28,0.24,0.19,0.18,0.14,0.12,0.11,0.10,0.09,0.05,0.05,0.04,0.04,0.03,0.03,0.03,0.02,0.02,0.01","2.90,0.08,0.02","0,5,0",0,,
1568,Stage3,47.16,35.83,35.83,31.66,,,,,"0,5,0",0,"16,24,16,32,16",
1568,Stage3_PowerOpt,47.16,35.83,35.83,,31.66,,"17.43,16.65,15.36,3.99,2.51,2.20,1.03,0.83,0.63,0.55,0.48,0.44,0.35,0.32,0.20,0.18,0.14,0.12,0.11,0.09,0.08,0.05,0.05,0.04,0.03,0.02,0.02,0.02,0.01,0.01","2.94,0.05,0.01","0,5,0",0,"16,24,16,32,16",
1568,Stage4,47.16,35.83,35.83,,31.66,9.88;14.08;16.65;18.26;19.63;20.67;21.43;22.29;22.90;23.42;23.80;24.18;24.55;24.88;25.15;25.53;25.85;26.11;26.37;26.60;26.80;27.03;27.24;27.41;27.60;27.75;27.92;28.08;28.24;28.41;28.56;28.70;28.85;28.97;29.08;29.20;29.31;29.44;29.55;29.69;29.81;29.92;30.01;30.11,,,"0,5,0",0,"16,24,16,32,16","16,16,32,16,16,32,24,16,16,16,32,16,32,32,16,16,16,16,16,32,16,16,32,16,16,16,32,32,32,16,16,16,16,32,16,32,32,16,16,16,16,16,32,16"
1569,Stage1,46.48,,,,,,,,"0,5,0",,,
1569,Stage2,46.48,34.49,,,,,,,"0,5,0",0,,
1569,PowerOpt,46.48,34.49,34.49,,,,"109.43,49.55,22.33,15.37,11.73,9.19,6.27,5.70,4.96,3.93,3.45,2.35,2.22,1.75,1.68,1.04,0.97,0.83,0.60,0.56,0.47,0.42,0.20,0.16,0.13,0.12,0.11,0.09,0.07,0.05,0.03,0.03,0.02,0.02,0.02,0.02,0.02,0.01,0.01","2.87,0.12,0.01","0,5,0",0,,
1569,Stage3,46.48,34.49,34.49,31.09,,,,,"0,5,0",0,"31,31,32,23,23",
1569,Stage3_PowerOpt,46.48,34.49,34.49,,31.09,,"26.58,13.80,7.63,4.75,3.33,2.42,1.93,1.06,0.66,0.50,0.28,0.25,0.19,0.14,0.11,0.09,0.05,0.05,0.04,0.03,0.03,0.02,0.02,0.01","2.92,0.07,0.01","0,5,0",0,"31,31,32,23,23",
1569,Stage4,46.48,34.49,34.49,,31.09,9.08;13.89;16.48;18.04;19.38;20.40;21.16;21.91;22.46;22.93;23.34;23.67;24.02;24.39;24.70;24.99;25.34;25.57;25.82;26.02;26.22;26.42;26.64;26.86;27.06;27.22;27.38;27.52;27.68;27.82;27.97;28.12;28.26;28.39;28.50;28.62;28.72;28.84;28.97;29.09;29.20;29.31;29.41;29.50;29.58,,,"0,5,0",0,"31,31,32,23,23","31,23,32,31,23,32,23,23,32,31,32,23,32,31,32,31,23,23,31,32,32,31,23,31,23,31,23,31,32,23,23,32,31,23,31,31,31,32,31,23,31,32,31,23,31"
1570,Stage1,46.34,,,,,,,,"0,5,0",,,
1570,Stage2,46.34,34.81,,,,,,,"0,5,0",12,,
1570,PowerOpt,46.34,34.81,34.81,,,,"136.56,52.91,31.83,10.20,5.62,5.48,4.68,3.51,1.66,1.21,0.62,0.41,0.37,0.20,0.18,0.17,0.09,0.04,0.03,0.03,0.02,0.02,0.02,0.01,0.01","2.78,0.21,0.01","0,5,0",12,,
1570,Stage3,46.34,34.81,34.81,31.91,,,,,"0,5,0",12,"63,32,23,55,23",
1570,Stage3_PowerOpt,46.34,34.81,34.81,,31.91,,"34.98,13.01,5.37,4.39,1.33,1.19,1.11,0.87,0.82,0.40,0.13,0.09,0.08,0.06,0.04,0.04,0.04,0.01","2.73,0.26,0.01","0,5,0",12,"63,32,23,55,23",
1570,Stage4,46.34,34.81,34.81,,31.91,9.91;15.67;17.97;19.63;20.78;21.58;22.37;23.05;23.63;24.08;24.41;24.74;25.05;25.37;25.69;26.07;26.44;26.68;26.85;27.10;27.30;27.44;27.62;27.83;28.08;28.26;28.42;28.57;28.73;28.87;28.99;29.15;29.29;29.43;29.56;29.69;29.80;29.90;30.02;30.17;30.29;30.39,,,"0,5,0",12,"63,32,23,55,23","23,32,55,23,32,23,32,23,55,32,55,55,23,55,32,32,32,55,55,23,23,55,55,23,55,55,32,32,23,23,55,32,55,55,23,32,23,55,23,32,32,55"
1571,Stage1,27.14,,,,,,,,"0,4",,,
1571,Stage2,27.14,21.52,,,,,,,"0,4",0,,
1571,PowerOpt,27.14,21.52,21.52,,,,"216.36,28.78,6.62,2.90,0.55,0.48,0.10,0.06,0.04,0.03,0.02","2.00,0.00","0,4",0,,
1571,Stage3,27.14,21.52,21.52,19.49,,,,,"0,4",0,"8,41,8,8,41",
1571,Stage3_PowerOpt,27.14,21.52,21.52,,19.49,,"53.85,7.38,1.67,0.78,0.15,0.10,0.02,0.02","2.00,0.00","0,4",0,"8,41,8,8,41",
1571,Stage4,27.14,21.52,21.52,,19.49,6.41;11.60;12.31;12.82;13.16;13.47;13.79;14.07;14.33;14.56;14.77;14.97;15.15;15.33;15.50;15.68;15.89;16.03;16.17;16.29;16.41;16.53;16.65;16.77;16.91;17.02;17.12;17.20;17.29;17.38;17.47;17.56;17.66;17.74;17.81;17.88;17.95;18.03;18.10;18.18;18.26;18.33;18.39;18.45;18.53,,,"0,4",0,"8,41,8,8,41","8,8,8,8,8,8,8,8,41,41,41,41,41,8,8,8,8,8,41,41,41,41,8,8,8,8,8,41,41,8,8,8,8,8,41,41,41,41,8,8,8,8,8,8,8"
1572,Stage1,44.06,,,,,,,,0,,,
1572,Stage2,44.06,16.93,,,,,,,0,0,,
1572,PowerOpt,44.06,16.93,16.93,,,,"149.83,73.28,24.92,3.92,1.37,1.15,0.48,0.39,0.29,0.15,0.05,0.04,0.03,0.02,0.01",1.00,0,0,,
1572,Stage3,44.06,16.93,16.93,16.85,,,,,0,0,48,
1572,Stage3_PowerOpt,44.06,16.93,16.93,,16.85,,"37.69,18.50,6.29,0.98,0.29,0.10,0.07,0.04,0.01",1.00,0,0,48,
1572,Stage4,44.06,16.93,16.93,,16.85,7.81;11.18;11.97;12.54;12.96;13.30;13.58;13.82;14.00;14.13;14.25;14.37;14.49;14.60;14.71;14.83;14.92;14.99;15.06;15.13;15.20;15.27;15.34;15.41;15.48;15.53;15.58;15.63;15.68;15.73;15.78;15.83;15.88;15.92;15.96;16.00;16.03,,,0,0,48,"48,48,48,48,48,48,48,48,48,48,48,48,48,48,48,48,48,48,48,48,48,48,48,48,48,48,48,48,48,48,48,48,48,48,48,48,48"
1573,Stage1,33.90,,,,,,,,0,,,
1573,Stage2,33.90,16.29,,,,,,,0,4,,
1573,PowerOpt,33.90,16.29,16.29,,,,"186.91,53.70,12.38,1.07,0.96,0.41,0.22,0.15,0.08,0.05,0.01",1.00,0,4,,
1573,Stage3,33.90,16.29,16.29,16.15,,,,,0,4,33,
1573,Stage3_PowerOpt,33.90,16.29,16.29,,16.15,,"47.01,13.16,3.13,0.27,0.25,0.10,0.04,0.02",1.00,0,4,33,
1573,Stage4,33.90,16.29,16.29,,16.15,8.15;10.56;11.31;11.86;12.28;12.62;12.90;13.15;13.33;13.47;13.59;13.70;13.81;13.92;14.03;14.15;14.24;14.32;14.39;14.46;14.52;14.59;14.66;14.73;14.80;14.85;14.90;14.95;14.99;15.04;15.09;15.15;15.20;15.24;15.28;15.31;15.35,,,0,4,33,"33,33,33,33,33,33,33,33,33,33,33,33,33,33,33,33,33,33,33,33,33,33,33,33,33,33,33,33,33,33,33,33,33,33,33,33,33"
1574,Stage1,46.79,,,,,,,,"0,13,0",,,
1574,Stage2,46.79,36.54,,,,,,,"0,13,0",0,,
1574,PowerOpt,46.79,36.54,36.54,,,,"166.35,38.78,35.86,7.71,4.18,0.88,0.73,0.50,0.23,0.16,0.10,0.08,0.07,0.07,0.06,0.04,0.04,0.03,0.02,0.02,0.02,0.01","2.48,0.51,0.01","0,13,0",0,,
1574,Stage3,46.79,36.54,36.54,33.91,,,,,"0,13,0",0,"40,32,40,32,49",
1574,Stage3_PowerOpt,46.79,36.54,36.54,,33.91,,"43.41,10.39,6.96,1.45,1.07,0.22,0.16,0.09,0.06,0.04,0.03,0.02,0.02,0.02,0.01","2.58,0.41,0.01","0,13,0",0,"40,32,40,32,49",
1574,Stage4,46.79,36.54,36.54,,33.91,9.97;16.20;19.29;20.63;21.93;23.37;24.16;24.90;25.48;25.86;26.26;26.61;26.93;27.27;27.63;28.00;28.30;28.53;28.74;28.94;29.13;29.34;29.56;29.79;30.00;30.15;30.29;30.43;30.56;30.71;30.86;31.05;31.19;31.31;31.43;31.53;31.63;31.75;31.87;32.00;32.13;32.23,,,"0,13,0",0,"40,32,40,32,49","32,49,32,32,49,32,32,49,32,49,32,32,32,32,32,32,32,49,32,49,49,32,32,40,32,32,32,49,32,32,49,32,49,32,32,40,49,32,32,32,40,32"
1575,Stage1,35.10,,,,,,,,"0,4",,,
1575,Stage2,35.10,26.45,,,,,,,"0,4",4,,
1575,PowerOpt,35.10,26.45,26.45,,,,"173.40,62.50,10.24,4.38,2.95,1.23,0.94,0.11,0.09,0.07,0.01","1.97,0.03","0,4",4,,
1575,Stage3,35.10,26.45,26.45,24.78,,,,,"0,4",4,"41,41,41,32",
1575,Stage3_PowerOpt,35.10,26.45,26.45,,24.78,,"44.40,15.04,1.73,1.51,0.65,0.34,0.27,0.04,0.01","1.96,0.04","0,4",4,"41,41,41,32",
1575,Stage4,35.10,26.45,26.45,,24.78,8.41;13.09;15.11;16.20;16.93;17.74;18.29;18.82;19.17;19.47;19.71;19.94;20.13;20.36;20.58;20.80;20.97;21.13;21.28;21.42;21.54;21.68;21.83;21.98;22.09;22.20;22.30;22.40;22.49;22.59;22.69;22.80;22.88;22.97;23.04;23.11;23.18;23.27;23.35;23.43;23.49;23.58,,,"0,4",4,"41,41,41,32","41,41,41,41,32,41,41,41,32,41,41,32,41,41,41,41,41,41,32,32,32,41,41,41,41,41,32,32,41,41,41,41,32,41,32,32,41,41,41,41,32,41"
1576,Stage1,39.73,,,,,,,,"0,9",,,
1576,Stage2,39.73,23.44,,,,,,,"0,9",0,,
1576,PowerOpt,39.73,23.44,23.44,,,,"214.10,34.86,4.61,0.55,0.38,0.28,0.22,0.18,0.16,0.12,0.09,0.08,0.07,0.07,0.05,0.04,0.03,0.03,0.02,0.01","1.99,0.01","0,9",0,,
1576,Stage3,39.73,23.44,23.44,23.25,,,,,"0,9",0,32,
1576,Stage3_PowerOpt,39.73,23.44,23.44,,23.25,,"53.59,8.72,1.15,0.11,0.09,0.06,0.05,0.04,0.04,0.02,0.02,0.02,0.01,0.01,0.01,0.01","1.99,0.01","0,9",0,32,
1576,Stage4,39.73,23.44,23.44,,23.25,7.81;11.70;13.32;14.49;15.35;16.11;16.71;17.18;17.54;17.82;18.09;18.34;18.56;18.80;19.03;19.27;19.45;19.60;19.75;19.89;20.01;20.14;20.29;20.42;20.54;20.65;20.75;20.84;20.94;21.02;21.12;21.22;21.31;21.40;21.48;21.55;21.62;21.69;21.77;21.85;21.93;22.00;22.06;22.13,,,"0,9",0,32,"32,32,32,32,32,32,32,32,32,32,32,32,32,32,32,32,32,32,32,32,32,32,32,32,32,32,32,32,32,32,32,32,32,32,32,32,32,32,32,32,32,32,32,32"
1577,Stage1,26.23,,,,,,,,0,,,
1577,Stage2,26.23,16.59,,,,,,,0,0,,
1577,PowerOpt,26.23,16.59,16.59,,,,"195.57,55.82,3.12,0.89,0.22,0.16,0.10,0.03,0.03",1.00,0,0,,
1577,Stage3,26.23,16.59,16.59,16.35,,,,,0,0,24,
1577,Stage3_PowerOpt,26.23,16.59,16.59,,16.35,,"48.94,13.96,0.78,0.22,0.06,0.02,0.01",1.00,0,0,24,
1577,Stage4,26.23,16.59,16.59,,16.35,8.05;10.73;11.48;12.02;12.45;12.80;13.09;13.34;13.53;13.67;13.79;13.90;14.01;14.11;14.23;14.34;14.44;14.52;14.59;14.66;14.72;14.78;14.85;14.93;15.00;15.05;15.10;15.15;15.19;15.24;15.29;15.34;15.40;15.44;15.48;15.51;15.55,,,0,0,24,"24,24,24,24,24,24,24,24,24,24,24,24,24,24,24,24,24,24,24,24,24,24,24,24,24,24,24,24,24,24,24,24,24,24,24,24,24"
1578,Stage1,35.51,,,,,,,,"4,0",,,
1578,Stage2,35.51,24.67,,,,,,,"4,0",4,,
1578,PowerOpt,35.51,24.67,24.67,,,,"155.61,80.70,17.29,0.71,0.54,0.37,0.25,0.20,0.10,0.09,0.03,0.02,0.02","1.99,0.01","4,0",4,,
1578,Stage3,35.51,24.67,24.67,23.14,,,,,"4,0",4,"33,33,33,33,49",
1578,Stage3_PowerOpt,35.51,24.67,24.67,,23.14,,"38.33,20.87,4.46,0.15,0.06,0.05,0.02,0.02,0.01","1.99,0.01","4,0",4,"33,33,33,33,49",
1578,Stage4,35.51,24.67,24.67,,23.14,6.75;11.93;13.23;14.30;15.18;15.93;16.59;17.16;17.52;17.82;18.05;18.28;18.49;18.69;18.92;19.14;19.33;19.48;19.62;19.75;19.88;20.00;20.14;20.30;20.43;20.54;20.63;20.73;20.82;20.91;21.01;21.13;21.23;21.31;21.38;21.46;21.53;21.60;21.68;21.78;21.86;21.93;21.99,,,"4,0",4,"33,33,33,33,49","33,33,33,33,33,33,33,33,33,49,33,49,33,49,33,33,33,33,33,33,33,33,33,33,33,49,33,49,33,49,33,33,33,33,33,33,49,33,33,33,33,33,33"
1586,Stage1,33.60,,,,,,,,"4,12",,,
1586,Stage2,33.60,26.39,,,,,,,"4,12",11,,
1586,PowerOpt,33.60,26.39,26.39,,,,"45.88,34.43,23.57,21.40,19.17,13.14,11.74,11.18,10.47,9.93,8.16,6.73,6.23,5.50,4.37,4.04,3.90,2.55,2.23,2.00,1.69,1.49,1.18,1.10,0.95,0.77,0.54,0.47,0.30,0.27,0.25,0.23,0.09,0.03,0.01","1.86,0.14","4,12",11,,
1586,Stage3,33.60,26.39,26.39,26.15,,,,,"4,12",11,30,
1586,Stage3_PowerOpt,33.60,26.39,26.39,,26.15,,"12.25,8.12,5.92,5.69,4.41,3.44,3.07,2.91,2.69,2.40,1.81,1.71,1.54,1.34,1.10,1.04,0.82,0.62,0.57,0.47,0.35,0.34,0.28,0.26,0.21,0.18,0.12,0.10,0.07,0.06,0.05,0.05,0.02","1.85,0.15","4,12",11,30,
1586,Stage4,33.60,26.39,26.39,,26.15,8.14;14.21;16.50;17.67;18.42;19.04;19.53;20.00;20.37;20.70;20.97;21.22;21.47;21.68;21.89;22.10;22.27;22.42;22.58;22.73;22.86;22.99;23.12;23.26;23.38;23.49;23.60;23.70;23.80;23.90;24.00;24.09;24.17;24.26;24.34;24.43;24.50;24.58;24.65;24.73;24.81;24.87,,,"4,12",11,30,"30,30,30,30,30,30,30,30,30,30,30,30,30,30,30,30,30,30,30,30,30,30,30,30,30,30,30,30,30,30,30,30,30,30,30,30,30,30,30,30,30,30"
1587,Stage1,41.39,,,,,,,,"4,9,12",,,
1587,Stage2,41.39,33.67,,,,,,,"4,9,12",11,,
1587,PowerOpt,41.39,33.67,33.67,,,,"85.03,47.64,19.67,19.02,15.02,13.04,11.14,10.96,9.82,4.81,4.35,3.42,2.93,1.89,1.50,1.45,1.16,0.95,0.85,0.47,0.42,0.27,0.10,0.03,0.01","2.49,0.48,0.03","4,9,12",11,,
1587,Stage3,41.39,33.67,33.67,31.23,,,,,"4,9,12",11,"30,33,54,31,33",
1587,Stage3_PowerOpt,41.39,33.67,33.67,,31.23,,"8.94,8.51,8.03,7.80,6.47,5.31,3.39,3.16,2.29,1.63,1.48,1.15,1.11,1.07,0.97,0.75,0.60,0.37,0.30,0.24,0.16,0.12,0.09,0.04,0.03","2.61,0.37,0.02","4,9,12",11,"30,33,54,31,33",
1587,Stage4,41.39,33.67,33.67,,31.23,8.21;13.53;16.33;18.18;19.46;20.34;21.14;21.83;22.43;22.94;23.38;23.79;24.17;24.50;24.83;25.12;25.40;25.67;25.92;26.17;26.38;26.60;26.79;27.00;27.19;27.36;27.53;27.70;27.85;28.00;28.15;28.30;28.45;28.59;28.72;28.84;28.96;29.08;29.19;29.31;29.42;29.53;29.64;29.73,,,"4,9,12",11,"30,33,54,31,33","31,33,54,33,30,31,33,30,54,31,30,31,33,54,31,54,33,54,33,33,31,33,54,30,31,33,30,33,33,31,33,31,54,54,33,31,33,30,30,31,33,33,31,33"
1588,Stage1,41.41,,,,,,,,"4,12,12",,,
1588,Stage2,41.41,29.03,,,,,,,"4,12,12",15,,
1588,PowerOpt,41.41,29.03,29.03,,,,"102.71,48.91,37.05,20.90,16.80,13.97,5.65,4.98,1.81,1.42,1.10,0.45,0.12,0.06","2.64,0.36,0.00","4,12,12",15,,
1588,Stage3,41.41,29.03,29.03,27.54,,,,,"4,12,12",15,"32,32,54,32,39",
1588,Stage3_PowerOpt,41.41,29.03,29.03,,27.54,,"12.70,11.87,11.23,6.45,5.36,4.61,3.24,1.99,1.93,1.60,0.94,0.70,0.58,0.40,0.17,0.14,0.08","2.65,0.35,0.00","4,12,12",15,"32,32,54,32,39",
1588,Stage4,41.41,29.03,29.03,,27.54,7.96;13.60;15.83;17.05;17.83;18.53;19.00;19.45;19.87;20.22;20.56;20.84;21.16;21.41;21.67;21.92;22.18;22.39;22.59;22.77;22.97;23.14;23.33;23.51;23.69;23.85;23.99;24.13;24.27;24.42;24.55;24.69;24.82;24.94;25.07;25.19;25.29;25.40;25.52;25.63;25.74;25.85;25.94;26.04;26.12;26.22,,,"4,12,12",15,"32,32,54,32,39","54,32,39,32,54,32,32,54,32,39,32,32,32,39,32,39,54,32,32,54,32,54,32,32,32,32,32,32,32,32,39,54,32,32,54,32,39,32,32,32,54,32,32,32,32,32"
1599,Stage1,43.20,,,,,,,,5,,,
1599,Stage2,43.20,16.17,,,,,,,5,0,,
1599,PowerOpt,43.20,16.17,16.17,,,,"71.48,42.46,36.33,23.66,22.26,16.67,15.03,9.01,6.53,4.37,2.61,2.31,1.51,0.81,0.73,0.20",1.00,5,0,,
1599,Stage3,43.20,16.17,16.17,15.93,,,,,5,0,39,
1599,Stage3_PowerOpt,43.20,16.17,16.17,,15.93,,"21.50,9.66,7.20,6.11,4.95,4.08,2.61,1.89,1.75,1.13,0.90,0.77,0.73,0.35,0.22,0.13",1.00,5,0,39,
1599,Stage4,43.20,16.17,16.17,,15.93,8.16;10.54;11.26;11.73;12.10;12.39;12.63;12.84;13.01;13.17;13.30;13.42;13.55;13.66;13.76;13.87;13.95;14.04;14.12;14.19;14.26;14.33;14.40;14.47;14.53;14.59;14.64;14.69;14.74;14.80;14.85;14.90;14.94;14.99;15.03;15.07;15.11;15.15,,,5,0,39,"39,39,39,39,39,39,39,39,39,39,39,39,39,39,39,39,39,39,39,39,39,39,39,39,39,39,39,39,39,39,39,39,39,39,39,39,39,39"
1600,Stage1,53.27,,,,,,,,"4,0,9",,,
1600,Stage2,53.27,40.79,,,,,,,"4,0,9",0,,
1600,PowerOpt,53.27,40.79,40.79,,,,"63.66,35.25,33.14,30.45,18.54,18.29,12.44,9.88,7.19,5.97,5.93,3.66,2.46,2.01,1.66,1.65,1.55,0.81,0.66,0.36,0.29,0.09,0.05","2.34,0.46,0.20","4,0,9",0,,
1600,Stage3,53.27,40.79,40.79,39.69,,,,,"4,0,9",0,32,
1600,Stage3_PowerOpt,53.27,40.79,40.79,,39.69,,"19.24,9.87,9.23,5.53,3.62,3.20,3.05,2.34,2.02,1.68,1.10,0.75,0.58,0.49,0.42,0.29,0.20,0.12,0.10,0.09,0.06,0.02,0.01","2.37,0.42,0.20","4,0,9",0,32,
1600,Stage4,53.27,40.79,40.79,,39.69,9.92;17.12;22.52;25.40;27.03;28.22;29.17;29.97;30.58;31.06;31.51;31.95;32.32;32.71;33.05;33.39;33.66;33.90;34.13;34.35;34.55;34.77;35.00;35.21;35.40;35.57;35.74;35.90;36.04;36.21;36.37;36.52;36.67;36.80;36.92;37.05;37.17;37.30;37.43;37.55;37.67;37.78,,,"4,0,9",0,32,"32,32,32,32,32,32,32,32,32,32,32,32,32,32,32,32,32,32,32,32,32,32,32,32,32,32,32,32,32,32,32,32,32,32,32,32,32,32,32,32,32,32"
