ue,stage,C_TRX_UE,C_TRX_BS,C_TRX,C_Layer_no_power,C_Layer,C_ABM_hist,lambda_bs_beam,lambda_ue_beam,ue_beams,bs_pattern,bs_layer_pattern,bs_beams_abm
814,Stage1,42.80,,,,,,,,"9,0",,,
814,Stage2,42.80,26.36,,,,,,,"9,0","1,13",,
814,PowerOpt,42.80,26.36,26.36,,,,"121.87,81.53,25.48,21.32,3.09,1.58,0.33,0.25,0.20,0.12,0.05,0.05,0.04,0.02,0.01,0.01","1.25,0.75","9,0","1,13",,
814,Stage3,42.80,26.36,26.36,26.26,,,,,"9,0","1,13","42,32,43,32",
814,Stage3_PowerOpt,42.80,26.36,26.36,,26.26,,"34.98,16.42,7.12,4.27,0.61,0.41,0.09,0.04,0.03,0.01","1.37,0.63","9,0","1,13","42,32,43,32",
814,Stage4,42.80,26.36,26.36,,26.26,8.16;14.68;16.35;17.56;18.38;19.12;19.68;20.20;20.55;20.84;21.07;21.30;21.51;21.74;21.96;22.21;22.40;22.55;22.68;22.81;22.95;23.08;23.23;23.39;23.52;23.62;23.71;23.80;23.89;23.99;24.11;24.22;24.32;24.41;24.48;24.56;24.63;24.72;24.81;24.90;24.98,,,"9,0","1,13","42,32,43,32","32,43,32,43,32,43,32,43,43,32,43,32,43,32,32,43,32,43,43,32,43,32,43,32,32,43,43,43,43,32,43,32,32,32,32,43,43,43,43,43,32"
815,Stage1,44.99,,,,,,,,1,,,
815,Stage2,44.99,15.77,,,,,,,1,0,,
815,PowerOpt,44.99,15.77,15.77,,,,"167.86,46.49,18.72,11.56,4.90,1.91,1.13,0.92,0.82,0.61,0.53,0.14,0.12,0.07,0.06,0.04,0.03,0.02,0.01,0.01,0.01",1.00,1,0,,
815,Stage3,44.99,15.77,15.77,15.41,,,,,1,0,33,
815,Stage3_PowerOpt,44.99,15.77,15.77,,15.41,,"46.37,13.54,2.89,0.52,0.25,0.18,0.08,0.04,0.04,0.03",1.00,1,0,33,
815,Stage4,44.99,15.77,15.77,,15.41,8.11;9.81;10.57;11.10;11.51;11.85;12.14;12.39;12.57;12.71;12.83;12.94;13.05;13.16;13.27;13.39;13.48;13.56;13.63;13.70;13.76;13.83;13.90;13.98;14.04;14.10;14.14;14.19;14.24;14.29;14.34;14.40;14.44;14.49;14.52;14.56;14.60;14.63;14.68,,,1,0,33,"33,33,33,33,33,33,33,33,33,33,33,33,33,33,33,33,33,33,33,33,33,33,33,33,33,33,33,33,33,33,33,33,33,33,33,33,33,33,33"
816,Stage1,47.31,,,,,,,,"1,4",,,
816,Stage2,47.31,26.79,,,,,,,"1,4",1,,
816,PowerOpt,47.31,26.79,26.79,,,,"160.69,47.75,31.91,5.61,3.66,2.07,1.80,0.80,0.55,0.35,0.24,0.16,0.09,0.08,0.07,0.05,0.02,0.02","1.79,0.21","1,4",1,,
816,Stage3,47.31,26.79,26.79,25.62,,,,,"1,4",1,"32,59,33,59,33",
816,Stage3_PowerOpt,47.31,26.79,26.79,,25.62,,"40.83,12.56,8.05,1.49,0.48,0.16,0.11,0.08,0.05,0.04,0.04,0.03,0.02,0.02","1.81,0.19","1,4",1,"32,59,33,59,33",
816,Stage4,47.31,26.79,26.79,,25.62,8.98;14.37;15.98;17.00;17.88;18.50;19.12;19.58;19.93;20.22;20.45;20.67;20.90;21.12;21.35;21.58;21.77;21.93;22.07;22.20;22.33;22.46;22.60;22.76;22.89;22.99;23.09;23.18;23.27;23.37;23.48;23.60;23.70;23.78;23.85;23.92;23.99;24.08;24.16;24.26;24.34;24.40,,,"1,4",1,"32,59,33,59,33","33,59,33,59,33,59,33,59,33,59,33,59,33,33,33,59,33,59,59,59,33,33,33,59,33,59,59,59,59,33,33,59,33,33,59,59,33,59,33,33,33,33"
817,Stage1,41.40,,,,,,,,"0,1",,,
817,Stage2,41.40,25.19,,,,,,,"0,1",0,,
817,PowerOpt,41.40,25.19,25.19,,,,"180.31,50.34,12.86,5.92,3.54,1.01,0.58,0.52,0.49,0.13,0.10,0.04,0.03,0.02,0.02,0.01","1.99,0.01","0,1",0,,
817,Stage3,41.40,25.19,25.19,22.91,,,,,"0,1",0,"56,56,33,56",
817,Stage3_PowerOpt,41.40,25.19,25.19,,22.91,,"45.60,12.63,3.86,1.48,0.16,0.13,0.05,0.03,0.01,0.01","2.00,0.00","0,1",0,"56,56,33,56",
817,Stage4,41.40,25.19,25.19,,22.91,6.47;11.83;13.16;14.51;15.22;15.80;16.36;16.77;17.21;17.54;17.81;18.03;18.27;18.45;18.68;18.84;19.07;19.20;19.31;19.46;19.60;19.71;19.82;19.94;20.06;20.12;20.24;20.35;20.46;20.57;20.66;20.77;20.91;21.00;21.09;21.18;21.26;21.34;21.42;21.50;21.63;21.69;21.77,,,"0,1",0,"56,56,33,56","56,56,33,56,56,56,56,56,56,33,56,33,56,33,56,56,33,33,56,33,33,33,33,56,33,56,56,56,56,56,56,56,56,56,56,56,56,56,56,56,33,33,56"
818,Stage1,46.13,,,,,,,,"1,3,1",,,
818,Stage2,46.13,35.26,,,,,,,"1,3,1",1,,
818,PowerOpt,46.13,35.26,35.26,,,,"184.09,41.55,9.17,5.35,4.70,3.07,2.89,1.15,0.96,0.60,0.51,0.47,0.33,0.20,0.17,0.16,0.11,0.09,0.08,0.08,0.05,0.03,0.03,0.02,0.02,0.02,0.01,0.01","2.41,0.56,0.03","1,3,1",1,,
818,Stage3,46.13,35.26,35.26,32.05,,,,,"1,3,1",1,"57,4,32,4",
818,Stage3_PowerOpt,46.13,35.26,35.26,,32.05,,"54.75,5.25,1.55,1.03,0.48,0.42,0.16,0.07,0.06,0.06,0.05,0.03,0.02,0.02,0.01,0.01","2.71,0.28,0.01","1,3,1",1,"57,4,32,4",
818,Stage4,46.13,35.26,35.26,,32.05,7.75;15.45;17.68;19.42;20.68;21.58;22.42;23.08;23.62;24.07;24.55;24.93;25.24;25.56;25.88;26.20;26.55;26.79;27.02;27.22;27.43;27.64;27.83;28.06;28.24;28.41;28.57;28.73;28.88;29.03;29.18;29.35;29.49;29.63;29.76;29.89;30.00;30.11;30.23;30.34;30.47,,,"1,3,1",1,"57,4,32,4","32,4,4,32,4,32,4,32,4,4,4,57,4,32,4,4,32,32,4,57,4,32,32,4,32,4,4,4,4,4,32,32,32,4,4,4,4,32,4,32,32"
819,Stage1,43.20,,,,,,,,"13,2",,,
819,Stage2,43.20,26.95,,,,,,,"13,2",13,,
819,PowerOpt,43.20,26.95,26.95,,,,"140.49,50.31,18.69,14.12,12.36,8.69,6.53,2.01,0.89,0.66,0.57,0.38,0.09,0.04,0.03,0.03,0.02,0.01","1.88,0.12","13,2",13,,
819,Stage3,43.20,26.95,26.95,24.68,,,,,"13,2",13,"27,12,27,27,12",
819,Stage3_PowerOpt,43.20,26.95,26.95,,24.68,,"38.81,13.23,3.94,3.68,3.07,0.51,0.27,0.17,0.13,0.07,0.05,0.02","1.90,0.10","13,2",13,"27,12,27,27,12",
819,Stage4,43.20,26.95,26.95,,24.68,8.95;12.96;14.91;16.04;16.98;17.57;18.09;18.55;18.94;19.26;19.52;19.75;19.99;20.18;20.38;20.58;20.80;20.98;21.13;21.27;21.40;21.53;21.65;21.78;21.93;22.06;22.17;22.27;22.36;22.45;22.54;22.63;22.73;22.83;22.93;23.02;23.09;23.16;23.23;23.30;23.41;23.50,,,"13,2",13,"27,12,27,27,12","27,12,27,12,27,27,27,27,27,12,12,27,12,12,27,27,27,27,12,27,12,27,12,27,27,27,12,27,27,27,12,27,27,27,12,12,27,12,27,12,27,27"
820,Stage1,43.67,,,,,,,,"14,9",,,
820,Stage2,43.67,26.78,,,,,,,"14,9",14,,
820,PowerOpt,43.67,26.78,26.78,,,,"90.08,53.00,47.52,26.72,11.22,8.56,7.00,3.32,2.87,1.59,1.41,0.94,0.77,0.32,0.25,0.17,0.11,0.05,0.02,0.01","1.94,0.06","14,9",14,,
820,Stage3,43.67,26.78,26.78,24.94,,,,,"14,9",14,"19,51",
820,Stage3_PowerOpt,43.67,26.78,26.78,,24.94,,"26.69,11.13,10.36,7.78,2.14,1.73,1.53,0.78,0.62,0.37,0.29,0.23,0.15,0.06,0.06,0.03,0.02,0.01","1.95,0.05","14,9",14,"19,51",
820,Stage4,43.67,26.78,26.78,,24.94,9.26;13.46;15.03;16.40;17.15;17.85;18.36;18.78;19.18;19.49;19.77;20.01;20.23;20.44;20.63;20.83;21.03;21.21;21.36;21.50;21.63;21.76;21.89;22.03;22.16;22.28;22.39;22.49;22.58;22.67;22.77;22.88;22.97;23.05;23.14;23.22;23.29;23.37;23.45;23.53;23.62;23.69;23.76,,,"14,9",14,"19,51","51,19,51,19,51,19,51,19,19,19,19,51,51,51,51,51,19,19,19,19,19,51,19,51,51,19,19,19,51,19,51,51,19,19,19,19,19,51,51,51,19,19,19"
821,Stage1,43.36,,,,,,,,"9,14",,,
821,Stage2,43.36,26.51,,,,,,,"9,14",13,,
821,PowerOpt,43.36,26.51,26.51,,,,"132.66,34.72,27.47,25.25,12.03,9.90,4.90,4.55,1.46,1.22,0.77,0.44,0.26,0.09,0.08,0.04,0.04,0.04,0.02","1.96,0.04","9,14",13,,
821,Stage3,43.36,26.51,26.51,24.40,,,,,"9,14",13,"42,19,42,19,42",
821,Stage3_PowerOpt,43.36,26.51,26.51,,24.40,,"34.34,11.49,6.31,3.87,2.93,1.53,1.40,1.12,0.36,0.20,0.18,0.13,0.06,0.02,0.01,0.01","1.96,0.04","9,14",13,"42,19,42,19,42",
821,Stage4,43.36,26.51,26.51,,24.40,8.52;12.82;14.38;15.56;16.42;17.09;17.70;18.16;18.56;18.90;19.18;19.43;19.68;19.91;20.12;20.34;20.52;20.67;20.82;20.96;21.09;21.23;21.37;21.51;21.64;21.75;21.85;21.95;22.05;22.15;22.25;22.35;22.45;22.54;22.62;22.70;22.77;22.85;22.93;23.01;23.09;23.16;23.23,,,"9,14",13,"42,19,42,19,42","42,19,42,19,42,19,42,42,42,19,42,19,42,42,19,42,19,42,19,42,19,42,42,42,19,19,42,42,42,42,42,42,19,19,19,42,42,42,42,42,19,19,19"
822,Stage1,34.92,,,,,,,,"9,1,3",,,
822,Stage2,34.92,25.09,,,,,,,"9,1,3",9,,
822,PowerOpt,34.92,25.09,25.09,,,,"221.68,30.16,2.16,0.94,0.35,0.28,0.21,0.07,0.04,0.03,0.01","2.98,0.02,0.00","9,1,3",9,,
822,Stage3,34.92,25.09,25.09,24.46,,,,,"9,1,3",9,"26,33,26",
822,Stage3_PowerOpt,34.92,25.09,25.09,,24.46,,"55.11,7.38,0.54,0.40,0.28,0.11,0.09,0.04,0.02,0.01","2.96,0.03,0.00","9,1,3",9,"26,33,26",
822,Stage4,34.92,25.09,25.09,,24.46,8.21;10.73;12.76;13.75;14.50;15.13;15.69;16.26;16.84;17.24;17.56;17.82;18.09;18.34;18.61;18.90;19.24;19.48;19.68;19.84;20.00;20.19;20.35;20.52;20.78;20.95;21.08;21.19;21.33;21.45;21.57;21.71;21.95;22.09;22.20;22.30;22.40;22.50;22.60;22.70;22.79;22.94;23.04;23.12;23.20;23.28,,,"9,1,3",9,"26,33,26","26,33,26,26,26,26,26,26,26,33,33,33,26,26,26,26,26,26,33,26,26,33,26,26,26,26,33,26,26,33,33,33,26,26,26,26,26,26,33,33,33,26,26,26,26,26"
823,Stage1,45.60,,,,,,,,"5,9",,,
823,Stage2,45.60,26.83,,,,,,,"5,9",9,,
823,PowerOpt,45.60,26.83,26.83,,,,"204.30,39.58,4.83,2.57,1.46,0.43,0.41,0.40,0.33,0.25,0.18,0.15,0.14,0.13,0.10,0.10,0.09,0.08,0.08,0.07,0.04,0.03,0.03,0.03,0.03,0.02,0.02,0.02,0.01,0.01","1.94,0.06","5,9",9,,
823,Stage3,45.60,26.83,26.83,26.17,,,,,"5,9",9,"26,1,26,1,26",
823,Stage3_PowerOpt,45.60,26.83,26.83,,26.17,,"49.72,9.45,2.49,0.90,0.59,0.12,0.10,0.10,0.09,0.08,0.07,0.06,0.04,0.03,0.03,0.02,0.02,0.02,0.02,0.01","1.88,0.12","5,9",9,"26,1,26,1,26",
823,Stage4,45.60,26.83,26.83,,26.17,8.87;14.17;16.42;17.33;18.38;18.97;19.57;20.08;20.47;20.76;21.01;21.23;21.45;21.66;21.88;22.11;22.31;22.48;22.62;22.75;22.88;23.01;23.15;23.30;23.44;23.55;23.65;23.74;23.84;23.93;24.03;24.13;24.24;24.33;24.41;24.48;24.55;24.62;24.70;24.78;24.87,,,"5,9",9,"26,1,26,1,26","26,1,26,26,1,26,1,26,1,26,1,26,1,26,1,26,26,1,26,1,26,1,26,1,26,26,1,26,1,26,1,26,26,1,26,1,26,1,1,26,26"
824,Stage1,47.46,,,,,,,,4,,,
824,Stage2,47.46,16.38,,,,,,,4,5,,
824,PowerOpt,47.46,16.38,16.38,,,,"195.81,41.10,5.79,4.11,3.72,1.20,0.82,0.77,0.63,0.39,0.34,0.31,0.15,0.13,0.13,0.11,0.10,0.05,0.05,0.05,0.04,0.03,0.03,0.02,0.02,0.01",1.00,4,5,,
824,Stage3,47.46,16.38,16.38,16.29,,,,,4,5,25,
824,Stage3_PowerOpt,47.46,16.38,16.38,,16.29,,"50.42,10.55,1.02,0.91,0.22,0.18,0.16,0.10,0.09,0.08,0.07,0.04,0.03,0.03,0.02,0.01,0.01",1.00,4,5,25,
824,Stage4,47.46,16.38,16.38,,16.29,8.10;10.79;11.49;12.00;12.41;12.75;13.04;13.28;13.47;13.62;13.73;13.84;13.95;14.06;14.17;14.29;14.39;14.47;14.54;14.60;14.66;14.73;14.80;14.87;14.94;15.00;15.05;15.09;15.14;15.18;15.23;15.29;15.34;15.38;15.42;15.46;15.49,,,4,5,25,"25,25,25,25,25,25,25,25,25,25,25,25,25,25,25,25,25,25,25,25,25,25,25,25,25,25,25,25,25,25,25,25,25,25,25,25,25"
825,Stage1,28.04,,,,,,,,5,,,
825,Stage2,28.04,16.23,,,,,,,5,4,,
825,PowerOpt,28.04,16.23,16.23,,,,"203.31,47.44,2.62,1.82,0.65,0.07,0.02",1.00,5,4,,
825,Stage3,28.04,16.23,16.23,16.34,,,,,5,4,25,
825,Stage3_PowerOpt,28.04,16.23,16.23,,16.34,,"50.95,11.76,0.65,0.45,0.16,0.02",1.00,5,4,25,
825,Stage4,28.04,16.23,16.23,,16.34,7.97;10.79;11.51;12.04;12.46;12.80;13.08;13.33;13.53;13.67;13.79;13.90;14.00;14.11;14.22;14.33;14.43;14.52;14.59;14.65;14.71;14.78;14.84;14.91;14.99;15.05;15.10;15.14;15.18;15.23;15.28;15.33;15.39;15.43;15.47;15.51;15.54,,,5,4,25,"25,25,25,25,25,25,25,25,25,25,25,25,25,25,25,25,25,25,25,25,25,25,25,25,25,25,25,25,25,25,25,25,25,25,25,25,25"
826,Stage1,40.54,,,,,,,,"4,0,9",,,
826,Stage2,40.54,34.18,,,,,,,"4,0,9",0,,
826,PowerOpt,40.54,34.18,34.18,,,,"123.24,65.04,29.50,21.15,5.30,3.23,2.48,1.60,1.31,1.26,0.69,0.62,0.22,0.16,0.06,0.02,0.02,0.02,0.01","2.85,0.14,0.01","4,0,9",0,,
826,Stage3,40.54,34.18,34.18,31.42,,,,,"4,0,9",0,"25,48,25,24,48",
826,Stage3_PowerOpt,40.54,34.18,34.18,,31.42,,"38.50,9.78,8.96,2.98,1.07,0.96,0.55,0.34,0.28,0.21,0.17,0.09,0.05,0.02,0.01","2.89,0.10,0.01","4,0,9",0,"25,48,25,24,48",
826,Stage4,40.54,34.18,34.18,,31.42,9.86;14.76;16.92;18.36;19.80;20.74;21.54;22.38;22.93;23.36;23.73;24.08;24.40;24.66;25.02;25.36;25.68;25.92;26.12;26.31;26.51;26.73;26.87;27.11;27.31;27.45;27.61;27.75;27.90;28.05;28.18;28.35;28.50;28.62;28.73;28.85;28.96;29.07;29.18;29.31;29.46;29.57;29.66;29.75;29.85,,,"4,0,9",0,"25,48,25,24,48","25,48,25,48,25,25,48,25,25,25,48,48,25,25,48,25,25,25,25,48,48,48,25,48,48,25,25,25,48,25,25,25,25,25,48,25,25,48,48,25,25,25,25,25,25"
827,Stage1,31.56,,,,,,,,"4,9,0",,,
827,Stage2,31.56,27.59,,,,,,,"4,9,0",4,,
827,PowerOpt,31.56,27.59,27.59,,,,"176.39,67.65,5.72,2.43,1.83,1.00,0.47,0.25,0.10,0.04,0.02,0.02,0.01","2.99,0.01,0.00","4,9,0",4,,
827,Stage3,31.56,27.59,27.59,27.37,,,,,"4,9,0",4,25,
827,Stage3_PowerOpt,31.56,27.59,27.59,,27.37,,"44.27,16.86,1.43,0.53,0.45,0.22,0.12,0.06,0.03","2.99,0.01,0.00","4,9,0",4,25,
827,Stage4,31.56,27.59,27.59,,27.37,6.31;12.76;14.57;15.83;16.71;17.56;18.30;18.92;19.41;19.79;20.12;20.40;20.66;20.94;21.24;21.58;21.87;22.09;22.28;22.47;22.63;22.80;22.99;23.20;23.42;23.57;23.72;23.85;23.96;24.09;24.23;24.39;24.54;24.67;24.78;24.89;24.99;25.08;25.19;25.32;25.46;25.57;25.67;25.76;25.83;25.91;25.99;26.10,,,"4,9,0",4,25,"25,25,25,25,25,25,25,25,25,25,25,25,25,25,25,25,25,25,25,25,25,25,25,25,25,25,25,25,25,25,25,25,25,25,25,25,25,25,25,25,25,25,25,25,25,25,25,25"
828,Stage1,31.74,,,,,,,,"4,0,13",,,
828,Stage2,31.74,24.88,,,,,,,"4,0,13",4,,
828,PowerOpt,31.74,24.88,24.88,,,,"174.47,64.70,10.17,2.65,1.94,1.36,0.30,0.17,0.13,0.03","2.99,0.01,0.00","4,0,13",4,,
828,Stage3,31.74,24.88,24.88,24.63,,,,,"4,0,13",4,25,
828,Stage3_PowerOpt,31.74,24.88,24.88,,24.63,,"43.54,16.30,2.52,0.64,0.48,0.34,0.08,0.04,0.03","2.99,0.01,0.00","4,0,13",4,25,
828,Stage4,31.74,24.88,24.88,,24.63,6.57;12.02;13.46;14.61;15.51;16.25;16.87;17.38;17.80;18.10;18.35;18.57;18.78;19.01;19.26;19.53;19.77;19.96;20.11;20.25;20.40;20.54;20.70;20.87;21.06;21.20;21.31;21.43;21.54;21.65;21.77;21.90;22.04;22.16;22.25;22.34;22.43;22.53;22.62;22.73;22.85;22.95;23.03;23.11;23.19;23.27;23.34;23.43,,,"4,0,13",4,25,"25,25,25,25,25,25,25,25,25,25,25,25,25,25,25,25,25,25,25,25,25,25,25,25,25,25,25,25,25,25,25,25,25,25,25,25,25,25,25,25,25,25,25,25,25,25,25,25"
829,Stage1,26.44,,,,,,,,4,,,
829,Stage2,26.44,16.30,,,,,,,4,4,,
829,PowerOpt,26.44,16.30,16.30,,,,"220.27,32.62,1.86,0.96,0.21,0.02,0.01",1.00,4,4,,
829,Stage3,26.44,16.30,16.30,16.14,,,,,4,4,25,
829,Stage3_PowerOpt,26.44,16.30,16.30,,16.14,,"54.97,8.26,0.46,0.24,0.05",1.00,4,4,25,
829,Stage4,26.44,16.30,16.30,,16.14,8.09;10.56;11.28;11.80;12.22;12.57;12.86;13.12;13.32;13.46;13.58;13.68;13.78;13.89;14.00;14.12;14.23;14.31;14.38;14.44;14.50;14.56;14.63;14.71;14.78;14.84;14.89;14.93;14.97;15.02;15.07;15.13;15.18;15.23;15.26;15.30;15.33;15.37,,,4,4,25,"25,25,25,25,25,25,25,25,25,25,25,25,25,25,25,25,25,25,25,25,25,25,25,25,25,25,25,25,25,25,25,25,25,25,25,25,25,25"
833,Stage1,29.00,,,,,,,,"13,5",,,
833,Stage2,29.00,21.11,,,,,,,"13,5","4,7",,
833,PowerOpt,29.00,21.11,21.11,,,,"157.45,81.19,13.03,1.74,0.99,0.29,0.18,0.16,0.15,0.14,0.11,0.10,0.07,0.06,0.06,0.06,0.04,0.03,0.03,0.02,0.02,0.01","1.99,0.01","13,5","4,7",,
833,Stage3,29.00,21.11,21.11,20.20,,,,,"13,5","4,7","24,29,32,29,32",
833,Stage3_PowerOpt,29.00,21.11,21.11,,20.20,,"40.03,19.67,3.34,0.43,0.25,0.06,0.04,0.03,0.03,0.02,0.02,0.02,0.01,0.01,0.01","1.99,0.01","13,5","4,7","24,29,32,29,32",
833,Stage4,29.00,21.11,21.11,,20.20,8.21;10.39;11.16;11.92;12.63;13.34;13.84;14.26;14.63;14.92;15.17;15.39;15.60;15.82;16.04;16.26;16.47;16.63;16.78;16.93;17.06;17.19;17.32;17.46;17.60;17.72;17.82;17.92;18.02;18.12;18.20;18.30;18.41;18.49;18.57;18.65;18.75;18.82;18.89;18.97;19.05;19.11;19.17;19.23,,,"13,5","4,7","24,29,32,29,32","24,32,32,29,29,32,32,29,29,29,32,29,32,29,32,32,32,29,32,29,29,32,29,32,32,29,29,32,29,29,29,32,32,29,29,32,32,32,29,29,29,29,29,29"
834,Stage1,37.01,,,,,,,,"9,14,1",,,
834,Stage2,37.01,31.31,,,,,,,"9,14,1",11,,
834,PowerOpt,37.01,31.31,31.31,,,,"38.80,37.02,29.18,25.70,24.28,18.77,11.53,10.54,9.28,8.42,7.96,7.27,5.41,5.18,4.13,3.32,2.66,2.25,1.25,1.11,1.01,0.92","2.89,0.11,0.00","9,14,1",11,,
834,Stage3,37.01,31.31,31.31,31.14,,,,,"9,14,1",11,30,
834,Stage3_PowerOpt,37.01,31.31,31.31,,31.14,,"9.89,9.42,7.39,6.45,5.60,4.71,2.92,2.68,2.39,2.17,1.89,1.77,1.36,1.28,1.04,0.81,0.67,0.53,0.31,0.26,0.23,0.21","2.89,0.11,0.00","9,14,1",11,30,
834,Stage4,37.01,31.31,31.31,,31.14,9.72;15.69;18.05;19.31;20.27;21.06;21.75;22.24;22.64;23.05;23.45;23.80;24.11;24.45;24.74;25.00;25.29;25.53;25.79;25.95;26.16;26.31;26.58;26.75;26.94;27.10;27.26;27.39;27.52;27.65;27.82;27.96;28.11;28.25;28.35;28.46;28.57;28.71;28.82;28.91;29.04;29.13;29.21;29.33;29.46;29.54;29.61,,,"9,14,1",11,30,"30,30,30,30,30,30,30,30,30,30,30,30,30,30,30,30,30,30,30,30,30,30,30,30,30,30,30,30,30,30,30,30,30,30,30,30,30,30,30,30,30,30,30,30,30,30,30"
835,Stage1,38.30,,,,,,,,"9,1,1",,,
835,Stage2,38.30,29.05,,,,,,,"9,1,1",11,,
835,PowerOpt,38.30,29.05,29.05,,,,"39.42,28.55,26.24,19.20,18.03,16.12,14.57,13.79,12.21,9.83,8.86,7.68,6.77,6.37,5.51,4.04,3.42,2.89,2.60,2.46,1.63,1.49,0.88,0.84,0.78,0.67,0.64,0.49","2.73,0.27,0.00","9,1,1",11,,
835,Stage3,38.30,29.05,29.05,28.84,,,,,"9,1,1",11,30,
835,Stage3_PowerOpt,38.30,29.05,29.05,,28.84,,"10.12,7.25,6.62,4.64,4.50,3.94,3.63,3.30,2.98,2.50,2.30,1.96,1.72,1.48,1.39,1.00,0.88,0.73,0.67,0.62,0.41,0.33,0.22,0.21,0.19,0.16,0.14,0.10","2.73,0.27,0.00","9,1,1",11,30,
835,Stage4,38.30,29.05,29.05,,28.84,9.67;16.02;18.53;19.74;20.52;21.13;21.62;22.04;22.43;22.74;23.00;23.25;23.48;23.69;23.89;24.10;24.30;24.45;24.61;24.76;24.91;25.06;25.19;25.34;25.50;25.62;25.73;25.84;25.96;26.06;26.19;26.31;26.42;26.52;26.62;26.70;26.80;26.88;26.97;27.07;27.15;27.24;27.32;27.42,,,"9,1,1",11,30,"30,30,30,30,30,30,30,30,30,30,30,30,30,30,30,30,30,30,30,30,30,30,30,30,30,30,30,30,30,30,30,30,30,30,30,30,30,30,30,30,30,30,30,30"
836,Stage1,46.83,,,,,,,,"9,4",,,
836,Stage2,46.83,28.28,,,,,,,"9,4",12,,
836,PowerOpt,46.83,28.28,28.28,,,,"121.39,39.45,13.10,11.68,10.59,9.69,8.35,7.54,6.27,4.71,4.57,4.05,3.74,2.87,1.66,1.43,1.15,0.81,0.63,0.44,0.37,0.34,0.27,0.21,0.18,0.14,0.11,0.08,0.06,0.05,0.02,0.02,0.01","1.80,0.20","9,4",12,,
836,Stage3,46.83,28.28,28.28,28.03,,,,,"9,4",12,39,
836,Stage3_PowerOpt,46.83,28.28,28.28,,28.03,,"31.39,10.29,3.25,2.91,2.56,2.39,1.93,1.56,1.31,1.16,1.08,0.96,0.86,0.59,0.40,0.34,0.23,0.17,0.12,0.11,0.09,0.07,0.06,0.04,0.04,0.03,0.02,0.02,0.01","1.80,0.20","9,4",12,39,
836,Stage4,46.83,28.28,28.28,,28.03,7.96;15.61;18.08;19.34;20.20;20.88;21.45;21.91;22.28;22.60;22.87;23.11;23.35;23.57;23.79;24.00;24.19;24.36;24.51;24.65;24.79;24.92;25.06;25.20;25.33;25.44;25.54;25.64;25.73;25.83;25.93;26.03;26.12;26.21;26.28;26.36;26.44;26.51;26.58;26.67,,,"9,4",12,39,"39,39,39,39,39,39,39,39,39,39,39,39,39,39,39,39,39,39,39,39,39,39,39,39,39,39,39,39,39,39,39,39,39,39,39,39,39,39,39,39"
837,Stage1,48.75,,,,,,,,"5,9,0",,,
837,Stage2,48.75,38.44,,,,,,,"5,9,0",12,,
837,PowerOpt,48.75,38.44,38.44,,,,"139.52,24.46,17.43,13.10,12.65,10.78,7.84,5.70,4.73,3.82,3.52,2.71,2.50,1.73,1.50,0.88,0.73,0.59,0.49,0.36,0.27,0.16,0.11,0.09,0.08,0.06,0.04,0.03,0.03,0.02,0.01,0.01","2.40,0.54,0.06","5,9,0",12,,
837,Stage3,48.75,38.44,38.44,37.82,,,,,"5,9,0",12,31,
837,Stage3_PowerOpt,48.75,38.44,38.44,,37.82,,"25.05,5.87,5.14,4.79,4.46,3.78,2.92,2.63,1.97,1.40,1.29,1.00,0.75,0.58,0.49,0.46,0.32,0.25,0.22,0.17,0.13,0.08,0.07,0.04,0.03,0.02,0.02,0.01,0.01","2.28,0.64,0.08","5,9,0",12,31,
837,Stage4,48.75,38.44,38.44,,37.82,9.51;15.71;20.10;22.81;24.53;25.81;26.82;27.70;28.51;29.06;29.51;29.92;30.32;30.68;31.02;31.36;31.71;31.99;32.23;32.46;32.68;32.90;33.10;33.32;33.52;33.70;33.86;34.01;34.16;34.32;34.48;34.64;34.79;34.93;35.06;35.17;35.29;35.42;35.54;35.68;35.79;35.90;36.00,,,"5,9,0",12,31,"31,31,31,31,31,31,31,31,31,31,31,31,31,31,31,31,31,31,31,31,31,31,31,31,31,31,31,31,31,31,31,31,31,31,31,31,31,31,31,31,31,31,31"
838,Stage1,51.70,,,,,,,,"5,13",,,
838,Stage2,51.70,26.48,,,,,,,"5,13",12,,
838,PowerOpt,51.70,26.48,26.48,,,,"169.40,25.71,20.94,14.40,6.15,5.14,4.82,2.32,1.19,1.02,0.97,0.78,0.59,0.53,0.47,0.32,0.27,0.18,0.13,0.11,0.09,0.08,0.07,0.07,0.06,0.04,0.03,0.02,0.02,0.01","1.81,0.19","5,13",12,,
838,Stage3,51.70,26.48,26.48,26.02,,,,,"5,13",12,32,
838,Stage3_PowerOpt,51.70,26.48,26.48,,26.02,,"45.08,8.27,5.73,2.21,1.57,0.50,0.39,0.10,0.04,0.02,0.02,0.02,0.01,0.01","1.86,0.14","5,13",12,32,
838,Stage4,51.70,26.48,26.48,,26.02,8.19;14.44;16.13;17.20;18.07;18.76;19.38;19.92;20.30;20.62;20.85;21.06;21.26;21.46;21.70;21.93;22.14;22.32;22.45;22.57;22.70;22.82;22.97;23.12;23.26;23.39;23.48;23.57;23.66;23.75;23.86;23.97;24.07;24.17;24.24;24.31;24.38;24.45;24.54;24.63;24.71;24.79,,,"5,13",12,32,"32,32,32,32,32,32,32,32,32,32,32,32,32,32,32,32,32,32,32,32,32,32,32,32,32,32,32,32,32,32,32,32,32,32,32,32,32,32,32,32,32,32"
839,Stage1,48.08,,,,,,,,"5,13",,,
839,Stage2,48.08,26.77,,,,,,,"5,13",12,,
839,PowerOpt,48.08,26.77,26.77,,,,"90.10,71.91,25.98,19.26,10.83,8.80,7.50,3.66,3.31,3.11,2.09,1.88,1.80,1.40,1.01,0.89,0.67,0.54,0.31,0.24,0.20,0.16,0.12,0.09,0.05,0.04,0.01","1.40,0.60","5,13",12,,
839,Stage3,48.08,26.77,26.77,26.65,,,,,"5,13",12,"39,32,39,32,39",
839,Stage3_PowerOpt,48.08,26.77,26.77,,26.65,,"30.17,14.75,7.76,4.38,1.90,1.46,0.89,0.75,0.53,0.43,0.27,0.21,0.12,0.09,0.07,0.05,0.04,0.03,0.02,0.02,0.01,0.01","1.40,0.60","5,13",12,"39,32,39,32,39",
839,Stage4,48.08,26.77,26.77,,26.65,8.67;14.51;16.75;17.96;18.79;19.49;20.07;20.56;20.92;21.22;21.49;21.72;21.94;22.18;22.40;22.62;22.82;22.97;23.12;23.25;23.39;23.53;23.67;23.81;23.94;24.05;24.15;24.24;24.34;24.44;24.55;24.65;24.75;24.83;24.91;24.99;25.06;25.14;25.22;25.30;25.39,,,"5,13",12,"39,32,39,32,39","32,39,39,32,32,39,32,32,32,39,39,39,39,39,39,32,32,32,32,39,39,39,32,32,32,39,39,39,39,39,32,39,32,32,39,39,39,39,39,32,32"
840,Stage1,50.27,,,,,,,,"5,13",,,
840,Stage2,50.27,27.88,,,,,,,"5,13",0,,
840,PowerOpt,50.27,27.88,27.88,,,,"124.05,39.98,28.37,21.64,9.95,9.17,5.66,4.32,3.83,2.11,1.79,1.03,0.97,0.82,0.76,0.34,0.20,0.19,0.14,0.10,0.09,0.08,0.07,0.05,0.05,0.04,0.04,0.03,0.02,0.02,0.01,0.01","1.56,0.44","5,13",0,,
840,Stage3,50.27,27.88,27.88,27.90,,,,,"5,13",0,"39,32,39",
840,Stage3_PowerOpt,50.27,27.88,27.88,,27.90,,"20.09,11.78,8.37,5.97,4.58,4.08,2.34,1.58,0.82,0.66,0.60,0.57,0.47,0.41,0.36,0.32,0.25,0.17,0.15,0.10,0.08,0.07,0.04,0.03,0.02,0.02,0.01,0.01","1.55,0.45","5,13",0,"39,32,39",
840,Stage4,50.27,27.88,27.88,,27.90,9.17;15.55;18.18;19.25;20.07;20.71;21.24;21.71;22.05;22.36;22.64;22.88;23.10;23.33;23.53;23.74;23.93;24.10;24.26;24.40;24.54;24.68;24.81;24.95;25.07;25.19;25.30;25.40;25.51;25.60;25.70;25.80;25.90;25.99;26.07;26.16;26.24;26.32;26.39;26.47;26.55,,,"5,13",0,"39,32,39","32,39,32,39,32,39,32,32,32,39,32,39,39,32,39,39,32,32,32,39,39,32,39,39,32,39,39,39,32,39,39,39,32,39,32,39,39,39,39,39,39"
848,Stage1,30.03,,,,,,,,"15,4,0",,,
848,Stage2,30.03,23.35,,,,,,,"15,4,0",12,,
848,PowerOpt,30.03,23.35,23.35,,,,"198.69,48.03,5.83,2.25,0.68,0.12,0.08,0.07,0.06,0.04,0.03,0.02,0.02,0.01","2.99,0.01,0.00","15,4,0",12,,
848,Stage3,30.03,23.35,23.35,23.70,,,,,"15,4,0",12,"39,32,39",
848,Stage3_PowerOpt,30.03,23.35,23.35,,23.70,,"49.24,12.35,1.47,0.56,0.17,0.13,0.03,0.01,0.01","2.99,0.01,0.00","15,4,0",12,"39,32,39",
848,Stage4,30.03,23.35,23.35,,23.70,8.48;10.22;11.50;12.63;13.59;14.39;15.01;15.48;15.92;16.30;16.64;16.97;17.29;17.61;17.92;18.20;18.43;18.63;18.82;19.00;19.18;19.37;19.56;19.76;19.91;20.05;20.18;20.31;20.43;20.57;20.71;20.87;21.00;21.12;21.23;21.33;21.43;21.55;21.67;21.80;21.90;22.00;22.08;22.16;22.24;22.33;22.43;22.53,,,"15,4,0",12,"39,32,39","39,39,39,39,39,39,39,39,32,32,32,39,32,39,39,39,39,39,39,32,32,39,39,32,39,39,39,39,39,39,39,32,32,39,39,32,39,39,39,39,39,39,32,32,32,39,39,32"
849,Stage1,23.32,,,,,,,,"15,4,4",,,
849,Stage2,23.32,18.75,,,,,,,"15,4,4",12,,
849,PowerOpt,23.32,18.75,18.75,,,,"196.23,53.65,3.11,1.79,0.51,0.28,0.10,0.07,0.07,0.04,0.03,0.02,0.02","2.98,0.01,0.00","15,4,4",12,,
849,Stage3,23.32,18.75,18.75,19.10,,,,,"15,4,4",12,"39,32,39,39",
849,Stage3_PowerOpt,23.32,18.75,18.75,,19.10,,"50.51,11.67,0.82,0.57,0.26,0.09,0.06","2.97,0.02,0.00","15,4,4",12,"39,32,39,39",
849,Stage4,23.32,18.75,18.75,,19.10,10.12;11.36;12.14;12.72;13.16;13.51;13.77;14.00;14.14;14.32;14.50;14.68;14.86;15.04;15.22;15.40;15.54;15.67;15.80;15.92;16.05;16.18;16.30;16.42;16.53;16.62;16.71;16.80;16.89;16.98;17.08;17.17;17.25;17.32;17.39;17.46;17.54;17.61;17.69;17.77;17.83;17.90;17.96;18.02;18.08;18.14,,,"15,4,4",12,"39,32,39,39","39,39,39,39,39,39,39,39,32,39,39,39,39,32,39,39,32,32,39,39,32,39,39,39,32,32,39,39,32,39,39,39,32,39,32,39,32,39,39,39,32,39,39,39,32,32"
850,Stage1,27.94,,,,,,,,"11,0,4",,,
850,Stage2,27.94,21.12,,,,,,,"11,0,4",12,,
850,PowerOpt,27.94,21.12,21.12,,,,"207.80,42.90,2.95,1.64,0.39,0.08,0.08,0.05,0.02,0.02","2.99,0.01,0.00","11,0,4",12,,
850,Stage3,27.94,21.12,21.12,21.58,,,,,"11,0,4",12,"39,39,32,39,39",
850,Stage3_PowerOpt,27.94,21.12,21.12,,21.58,,"51.33,11.16,0.73,0.42,0.22,0.09,0.02,0.01","2.99,0.01,0.00","11,0,4",12,"39,39,32,39,39",
850,Stage4,27.94,21.12,21.12,,21.58,9.45;10.78;11.67;12.45;13.08;13.60;14.08;14.48;14.85;15.13;15.36;15.60;15.83;16.05;16.29;16.55;16.75;16.90;17.05;17.19;17.34;17.50;17.67;17.86;18.00;18.11;18.22;18.33;18.44;18.56;18.71;18.87;18.98;19.07;19.15;19.24;19.33;19.43;19.56;19.69;19.78;19.86;19.93;20.00;20.07;20.17;20.28;20.39;20.47;20.53,,,"11,0,4",12,"39,39,32,39,39","39,39,39,39,39,32,39,39,32,32,39,39,39,39,39,39,32,32,39,32,39,39,39,39,39,32,39,32,39,39,39,39,39,32,32,39,39,39,39,39,39,32,32,39,39,39,39,39,39,32"
851,Stage1,25.92,,,,,,,,"4,11",,,
851,Stage2,25.92,20.27,,,,,,,"4,11","4,11",,
851,PowerOpt,25.92,20.27,20.27,,,,"202.13,47.24,4.45,1.83,0.17,0.09,0.02","2.00,0.00","4,11","4,11",,
851,Stage3,25.92,20.27,20.27,19.81,,,,,"4,11","4,11","39,32,38,32,38",
851,Stage3_PowerOpt,25.92,20.27,20.27,,19.81,,"50.40,11.97,1.09,0.45,0.04,0.02","2.00,0.00","4,11","4,11","39,32,38,32,38",
851,Stage4,25.92,20.27,20.27,,19.81,9.29;10.67;11.66;12.46;13.08;13.56;13.90;14.21;14.61;14.90;15.13;15.37;15.62;15.85;16.07;16.26;16.43;16.56;16.70;16.86;17.02;17.16;17.29;17.41;17.53;17.63;17.73;17.85;17.96;18.06;18.15;18.24;18.33;18.41;18.49;18.59;18.67;18.74;18.81;18.89,,,"4,11","4,11","39,32,38,32,38","38,38,38,38,38,38,38,32,32,32,32,38,38,38,32,32,32,32,38,38,38,38,32,32,32,32,38,38,38,38,32,32,32,32,38,38,38,32,32,32"
852,Stage1,28.36,,,,,,,,"4,11",,,
852,Stage2,28.36,21.08,,,,,,,"4,11","4,11",,
852,PowerOpt,28.36,21.08,21.08,,,,"168.49,65.43,10.71,6.61,1.87,0.96,0.83,0.64,0.22,0.12,0.04,0.02,0.01","1.99,0.01","4,11","4,11",,
852,Stage3,28.36,21.08,21.08,20.35,,,,,"4,11","4,11","38,33,30,33,30",
852,Stage3_PowerOpt,28.36,21.08,21.08,,20.35,,"43.11,17.21,2.78,0.48,0.24,0.09,0.06,0.01","2.00,0.00","4,11","4,11","38,33,30,33,30",
852,Stage4,28.36,21.08,21.08,,20.35,9.51;10.99;11.97;12.71;13.28;13.72;14.06;14.33;14.81;15.15;15.41;15.65;15.89;16.13;16.34;16.54;16.71;16.85;17.01;17.17;17.33;17.47;17.61;17.74;17.85;17.95;18.07;18.18;18.30;18.40;18.49;18.59;18.68;18.75;18.84;18.93;19.01;19.08;19.16;19.23;19.31;19.37,,,"4,11","4,11","38,33,30,33,30","30,30,30,30,30,30,30,33,33,33,33,30,33,30,33,33,33,33,30,30,30,30,33,33,33,33,30,30,30,30,33,33,33,30,30,30,30,33,33,33,33,30"
853,Stage1,29.05,,,,,,,,"7,4,4,11",,,
853,Stage2,29.05,25.75,,,,,,,"7,4,4,11",7,,
853,PowerOpt,29.05,25.75,25.75,,,,"167.65,69.25,10.63,6.77,1.22,0.32,0.08,0.03","3.99,0.01,0.00,0.00","7,4,4,11",7,,
853,Stage3,29.05,25.75,25.75,25.61,,,,,"7,4,4,11",7,"38,33,30,30,33",
853,Stage3_PowerOpt,29.05,25.75,25.75,,25.61,,"42.98,16.45,2.82,1.40,0.27,0.04,0.02","3.99,0.01,0.00,0.00","7,4,4,11",7,"38,33,30,30,33",
853,Stage4,29.05,25.75,25.75,,25.61,10.17;11.61;12.75;13.95;14.96;15.76;16.42;17.04;17.80;18.22;18.53;18.79;19.10;19.42;19.71;20.02;20.26;20.44;20.60;20.76;20.95;21.14;21.33;21.55;21.69;21.82;21.94;22.06;22.20;22.34;22.48;22.67;22.79;22.88;22.97;23.07;23.17;23.28;23.42;23.59;23.68;23.76;23.84;23.92;24.00;24.10;24.23;24.40,,,"7,4,4,11",7,"38,33,30,30,33","30,30,30,30,30,30,33,30,33,33,33,33,30,30,30,33,30,33,33,30,30,30,33,30,30,33,33,30,30,30,33,30,33,33,30,30,33,30,30,30,33,33,30,33,33,30,30,30"
854,Stage1,46.52,,,,,,,,5,,,
854,Stage2,46.52,14.17,,,,,,,5,9,,
854,PowerOpt,46.52,14.17,14.17,,,,"199.63,20.89,14.64,6.70,4.73,4.38,2.40,1.46,0.23,0.20,0.16,0.10,0.10,0.06,0.05,0.04,0.04,0.04,0.03,0.03,0.02,0.01,0.01",1.00,5,9,,
854,Stage3,46.52,14.17,14.17,13.92,,,,,5,9,"50,32,50",
854,Stage3_PowerOpt,46.52,14.17,14.17,,13.92,,"40.45,12.45,4.29,4.04,1.02,0.63,0.39,0.35,0.09,0.08,0.06,0.04,0.03,0.03,0.01,0.01",1.00,5,9,"50,32,50",
854,Stage4,46.52,14.17,14.17,,13.92,7.09;8.69;9.33;9.79;10.16;10.45;10.70;10.91;11.09;11.24;11.36;11.49;11.60;11.71;11.82;11.92;12.01;12.09;12.16;12.24;12.30;12.37;12.44;12.51;12.57;12.62;12.68;12.73;12.77;12.82;12.87;12.93;12.97;13.01;13.05;13.09;13.13;13.17;13.21;13.25,,,5,9,"50,32,50","50,32,50,32,50,32,50,32,50,50,32,50,50,32,50,50,50,32,50,32,50,32,50,32,50,50,32,50,32,50,50,32,50,50,32,50,32,50,50,32"
855,Stage1,45.39,,,,,,,,"1,9",,,
855,Stage2,45.39,26.20,,,,,,,"1,9","9,0",,
855,PowerOpt,45.39,26.20,26.20,,,,"104.26,92.51,23.98,23.46,3.16,2.12,2.02,1.48,0.63,0.60,0.46,0.46,0.17,0.17,0.16,0.07,0.06,0.05,0.04,0.04,0.02,0.02,0.02","1.54,0.46","1,9","9,0",,
855,Stage3,45.39,26.20,26.20,25.71,,,,,"1,9","9,0","58,33,33,59",
855,Stage3_PowerOpt,45.39,26.20,26.20,,25.71,,"27.26,23.22,6.67,5.25,1.14,0.16,0.09,0.06,0.05,0.03,0.02,0.01","1.55,0.45","1,9","9,0","58,33,33,59",
855,Stage4,45.39,26.20,26.20,,25.71,8.15;14.08;15.74;16.94;17.77;18.54;19.12;19.69;20.06;20.36;20.59;20.80;21.02;21.23;21.48;21.71;21.92;22.06;22.20;22.32;22.45;22.58;22.73;22.89;23.02;23.13;23.22;23.31;23.40;23.50;23.61;23.73;23.83;23.91;23.98;24.05;24.12;24.19;24.28;24.38;24.46,,,"1,9","9,0","58,33,33,59","58,33,59,33,59,33,59,33,33,59,59,33,59,59,33,59,33,58,33,59,33,33,59,33,33,59,59,59,33,59,33,59,33,33,58,59,33,59,33,58,33"
856,Stage1,46.14,,,,,,,,"1,9",,,
856,Stage2,46.14,25.92,,,,,,,"1,9","1,13",,
856,PowerOpt,46.14,25.92,25.92,,,,"112.09,80.03,31.71,15.75,4.69,3.42,2.33,1.60,0.95,0.76,0.72,0.44,0.37,0.29,0.26,0.14,0.14,0.08,0.08,0.03,0.02,0.02,0.01","1.52,0.48","1,9","1,13",,
856,Stage3,46.14,25.92,25.92,25.83,,,,,"1,9","1,13","56,59,56,59,56",
856,Stage3_PowerOpt,46.14,25.92,25.92,,25.83,,"38.17,10.76,10.56,2.14,1.15,0.32,0.26,0.21,0.16,0.12,0.04,0.03,0.02,0.01,0.01","1.69,0.31","1,9","1,13","56,59,56,59,56",
856,Stage4,46.14,25.92,25.92,,25.83,8.70;14.28;15.96;17.07;17.93;18.61;19.22;19.71;20.14;20.41;20.66;20.86;21.07;21.28;21.48;21.73;21.94;22.09;22.24;22.36;22.47;22.60;22.72;22.89;22.97;23.11;23.23;23.29;23.37;23.48;23.59;23.70;23.82;23.90;23.98;24.05;24.12;24.20;24.28;24.37;24.46;24.54,,,"1,9","1,13","56,59,56,59,56","56,59,56,59,56,59,56,56,59,56,59,56,56,56,59,56,59,56,59,56,56,56,59,56,59,56,59,56,59,59,59,59,56,56,59,59,56,59,59,56,56,56"
857,Stage1,43.99,,,,,,,,4,,,
857,Stage2,43.99,16.56,,,,,,,4,0,,
857,PowerOpt,43.99,16.56,16.56,,,,"127.22,75.35,29.92,16.16,3.48,1.58,1.10,0.52,0.45,0.06,0.05,0.03,0.03",1.00,4,0,,
857,Stage3,43.99,16.56,16.56,15.74,,,,,4,0,"56,56,56,33,56",
857,Stage3_PowerOpt,43.99,16.56,16.56,,15.74,,"41.90,9.84,8.33,1.88,1.13,0.50,0.17,0.15,0.05,0.02,0.01",1.00,4,0,"56,56,56,33,56",
857,Stage4,43.99,16.56,16.56,,15.74,8.21;10.47;11.14;11.58;11.92;12.20;12.46;12.68;12.89;13.04;13.18;13.29;13.40;13.50;13.61;13.71;13.82;13.90;13.98;14.05;14.11;14.17;14.24;14.31;14.38;14.44;14.49;14.54;14.58;14.63;14.68;14.73;14.79;14.83;14.87;14.91;14.94;14.98,,,4,0,"56,56,56,33,56","56,33,56,56,56,56,56,56,56,56,33,33,56,33,56,56,56,56,56,56,33,56,56,56,56,56,56,33,33,56,56,56,56,56,56,56,33,56"
858,Stage1,46.92,,,,,,,,"1,9",,,
858,Stage2,46.92,26.10,,,,,,,"1,9",1,,
858,PowerOpt,46.92,26.10,26.10,,,,"73.26,61.55,36.90,25.28,20.24,11.24,7.35,5.93,3.19,2.78,2.47,1.42,1.02,0.64,0.62,0.29,0.28,0.23,0.20,0.18,0.17,0.14,0.13,0.10,0.07,0.05,0.04,0.03,0.03,0.02,0.02,0.02,0.01","1.69,0.31","1,9",1,,
858,Stage3,46.92,26.10,26.10,25.35,,,,,"1,9",1,"3,25,11,25",
858,Stage3_PowerOpt,46.92,26.10,26.10,,25.35,,"24.19,16.67,9.74,4.44,4.29,1.80,1.38,0.45,0.29,0.19,0.18,0.10,0.07,0.05,0.04,0.03,0.03,0.02,0.02,0.01,0.01","1.65,0.35","1,9",1,"3,25,11,25",
858,Stage4,46.92,26.10,26.10,,25.35,8.01;13.62;15.47;16.61;17.44;18.15;18.68;19.20;19.60;19.92;20.18;20.41;20.64;20.85;21.06;21.28;21.49;21.67;21.82;21.96;22.09;22.22;22.35;22.49;22.63;22.75;22.86;22.95;23.04;23.14;23.23;23.34;23.44;23.53;23.61;23.69;23.76;23.83;23.91;23.99;24.08;24.15,,,"1,9",1,"3,25,11,25","11,25,3,25,11,25,11,25,3,25,3,25,3,25,3,25,11,25,3,25,11,25,11,25,11,25,3,25,3,3,3,25,25,11,25,25,11,25,3,25,11,11"
859,Stage1,48.27,,,,,,,,"1,9",,,
859,Stage2,48.27,26.78,,,,,,,"1,9",9,,
859,PowerOpt,48.27,26.78,26.78,,,,"101.26,74.52,32.82,15.14,10.15,8.06,4.26,3.60,1.14,1.03,0.86,0.73,0.44,0.37,0.36,0.24,0.20,0.15,0.14,0.12,0.08,0.06,0.04,0.03,0.03,0.03,0.02,0.02,0.01,0.01","1.57,0.43","1,9",9,,
859,Stage3,48.27,26.78,26.78,25.13,,,,,"1,9",9,"26,59,25,19,25",
859,Stage3_PowerOpt,48.27,26.78,26.78,,25.13,,"37.19,9.00,7.72,3.65,2.17,1.95,0.73,0.42,0.27,0.23,0.20,0.14,0.09,0.08,0.04,0.03,0.02,0.02,0.01,0.01","1.62,0.38","1,9",9,"26,59,25,19,25",
859,Stage4,48.27,26.78,26.78,,25.13,8.06;13.88;15.85;16.96;17.75;18.36;18.84;19.27;19.63;19.96;20.23;20.47;20.70;20.91;21.12;21.33;21.54;21.71;21.86;21.99;22.13;22.26;22.40;22.53;22.66;22.78;22.88;22.98;23.08;23.17;23.26;23.37;23.47;23.55;23.64;23.72;23.79;23.86;23.94,,,"1,9",9,"26,59,25,19,25","25,59,19,25,59,25,59,25,59,25,19,25,59,19,25,59,25,25,59,25,19,25,59,59,25,19,25,59,25,25,25,59,59,25,19,19,25,59,25"
860,Stage1,47.33,,,,,,,,"9,1",,,
860,Stage2,47.33,27.82,,,,,,,"9,1",9,,
860,PowerOpt,47.33,27.82,27.82,,,,"93.16,67.82,35.25,21.23,9.67,7.76,6.70,5.75,2.35,1.85,1.12,0.88,0.67,0.58,0.36,0.13,0.12,0.10,0.07,0.06,0.05,0.04,0.04,0.03,0.03,0.03,0.02,0.02,0.01,0.01,0.01","1.58,0.42","9,1",9,,
860,Stage3,47.33,27.82,27.82,25.71,,,,,"9,1",9,"26,26,50,25",
860,Stage3_PowerOpt,47.33,27.82,27.82,,25.71,,"27.90,14.26,9.51,5.13,4.12,1.26,0.76,0.36,0.25,0.22,0.05,0.05,0.03,0.02,0.01","1.67,0.33","9,1",9,"26,26,50,25",
860,Stage4,47.33,27.82,27.82,,25.71,8.43;13.98;16.00;17.09;17.80;18.56;19.09;19.53;19.96;20.28;20.56;20.83;21.07;21.28;21.48;21.68;21.89;22.06;22.21;22.35;22.48;22.61;22.74;22.88;23.02;23.14;23.25;23.34;23.43;23.52;23.62;23.72;23.82;23.91;23.99;24.06;24.14;24.21;24.28;24.36;24.44,,,"9,1",9,"26,26,50,25","25,50,26,25,50,25,26,25,26,50,50,26,26,26,26,50,25,26,26,50,26,50,26,25,25,26,26,26,50,25,50,25,26,26,26,26,50,26,26,50,25"
861,Stage1,46.89,,,,,,,,"5,9",,,
861,Stage2,46.89,27.93,,,,,,,"5,9",9,,
861,PowerOpt,46.89,27.93,27.93,,,,"119.75,54.20,43.56,11.09,8.60,6.42,2.72,1.89,1.71,1.40,0.77,0.61,0.56,0.54,0.51,0.31,0.27,0.23,0.19,0.13,0.11,0.09,0.06,0.04,0.03,0.02,0.02,0.02,0.02,0.01,0.01,0.01","1.85,0.15","5,9",9,,
861,Stage3,46.89,27.93,27.93,26.13,,,,,"5,9",9,"26,26,26,50,26",
861,Stage3_PowerOpt,46.89,27.93,27.93,,26.13,,"35.55,16.10,4.24,3.31,2.52,0.69,0.52,0.47,0.16,0.10,0.08,0.07,0.04,0.03,0.03,0.02,0.01,0.01,0.01","1.91,0.09","5,9",9,"26,26,26,50,26",
861,Stage4,46.89,27.93,27.93,,26.13,9.21;14.18;16.49;17.54;18.35;18.97;19.51;20.01;20.39;20.70;20.97;21.20;21.42;21.63;21.83;22.05;22.26;22.43;22.59;22.74;22.87;22.99;23.13;23.26;23.40;23.52;23.63;23.72;23.82;23.92;24.01;24.10;24.21;24.29;24.38;24.46;24.53;24.61;24.68;24.75;24.83,,,"5,9",9,"26,26,26,50,26","26,50,26,26,26,26,26,26,26,50,26,26,50,26,26,26,26,26,26,26,26,50,26,26,26,26,26,26,50,26,26,26,26,26,26,50,26,26,26,26,26"
862,Stage1,42.36,,,,,,,,"9,4",,,
862,Stage2,42.36,26.51,,,,,,,"9,4",9,,
862,PowerOpt,42.36,26.51,26.51,,,,"178.78,48.21,8.31,7.44,6.41,2.52,1.40,1.05,0.49,0.40,0.39,0.16,0.15,0.10,0.08,0.02,0.01,0.01,0.01","1.95,0.05","9,4",9,,
862,Stage3,42.36,26.51,26.51,26.20,,,,,"9,4",9,26,
862,Stage3_PowerOpt,42.36,26.51,26.51,,26.20,,"45.53,12.25,2.08,1.66,1.01,0.62,0.35,0.18,0.12,0.10,0.04,0.02,0.02","1.96,0.04","9,4",9,26,
862,Stage4,42.36,26.51,26.51,,26.20,9.61;14.14;16.25;17.42;18.29;19.00;19.58;20.19;20.53;20.82;21.07;21.29;21.51;21.72;21.95;22.19;22.40;22.56;22.70;22.82;22.95;23.08;23.21;23.37;23.49;23.61;23.70;23.80;23.89;23.98;24.08;24.18;24.28;24.37;24.45;24.52;24.60;24.67;24.74;24.82;24.92,,,"9,4",9,26,"26,26,26,26,26,26,26,26,26,26,26,26,26,26,26,26,26,26,26,26,26,26,26,26,26,26,26,26,26,26,26,26,26,26,26,26,26,26,26,26,26"
863,Stage1,43.95,,,,,,,,"5,9,0",,,
863,Stage2,43.95,32.94,,,,,,,"5,9,0",5,,
863,PowerOpt,43.95,32.94,32.94,,,,"209.97,29.32,4.64,3.30,2.53,1.13,0.96,0.88,0.80,0.75,0.71,0.36,0.14,0.11,0.10,0.06,0.05,0.03,0.02,0.02,0.01,0.01","2.94,0.05,0.01","5,9,0",5,,
863,Stage3,43.95,32.94,32.94,32.35,,,,,"5,9,0",5,"26,26,25",
863,Stage3_PowerOpt,43.95,32.94,32.94,,32.35,,"52.84,7.39,1.22,1.14,0.36,0.31,0.19,0.15,0.11,0.09,0.05,0.04,0.02,0.02,0.01","2.94,0.05,0.01","5,9,0",5,"26,26,25",
863,Stage4,43.95,32.94,32.94,,32.35,10.11;14.57;17.06;18.99;20.22;21.37;22.35;23.26;23.85;24.31;24.66;24.94;25.26;25.58;25.92;26.31;26.66;26.90;27.09;27.28;27.48;27.65;27.84;28.05;28.28;28.44;28.58;28.73;28.86;28.99;29.12;29.27;29.49;29.64;29.76;29.86;29.95;30.06;30.16;30.29;30.48;30.60;30.69;30.77,,,"5,9,0",5,"26,26,25","26,26,26,26,26,26,26,26,26,26,26,25,25,26,26,26,26,26,25,25,26,26,25,26,26,26,26,26,26,25,26,26,26,26,26,26,25,26,26,26,26,26,26,25"
864,Stage1,38.19,,,,,,,,"5,9",,,
864,Stage2,38.19,25.24,,,,,,,"5,9",9,,
864,PowerOpt,38.19,25.24,25.24,,,,"198.09,37.34,5.93,4.74,3.96,2.38,1.39,1.14,0.46,0.20,0.18,0.06,0.03,0.02,0.01","1.99,0.01","5,9",9,,
864,Stage3,38.19,25.24,25.24,25.06,,,,,"5,9",9,26,
864,Stage3_PowerOpt,38.19,25.24,25.24,,25.06,,"49.90,9.38,1.47,0.99,0.90,0.59,0.28,0.26,0.11,0.05,0.04,0.01","1.99,0.01","5,9",9,26,
864,Stage4,38.19,25.24,25.24,,25.06,6.06;12.67;14.37;15.66;16.64;17.41;18.06;18.65;19.12;19.43;19.71;19.98;20.23;20.46;20.71;20.98;21.20;21.37;21.50;21.62;21.74;21.86;21.99;22.12;22.28;22.40;22.50;22.59;22.69;22.79;22.88;22.99;23.11;23.20;23.28;23.35;23.42;23.48;23.55;23.63;23.73;23.82,,,"5,9",9,26,"26,26,26,26,26,26,26,26,26,26,26,26,26,26,26,26,26,26,26,26,26,26,26,26,26,26,26,26,26,26,26,26,26,26,26,26,26,26,26,26,26,26"
865,Stage1,51.01,,,,,,,,9,,,
865,Stage2,51.01,16.43,,,,,,,9,9,,
865,PowerOpt,51.01,16.43,16.43,,,,"192.78,52.18,6.54,0.73,0.68,0.59,0.37,0.32,0.24,0.24,0.17,0.16,0.14,0.13,0.12,0.10,0.09,0.07,0.06,0.05,0.04,0.03,0.03,0.02,0.02,0.01,0.01",1.00,9,9,,
865,Stage3,51.01,16.43,16.43,16.39,,,,,9,9,26,
865,Stage3_PowerOpt,51.01,16.43,16.43,,16.39,,"48.24,13.15,1.63,0.18,0.17,0.10,0.09,0.07,0.06,0.04,0.04,0.03,0.03,0.03,0.02,0.02,0.02,0.01,0.01",1.00,9,9,26,
865,Stage4,51.01,16.43,16.43,,16.39,8.05;10.77;11.52;12.07;12.49;12.83;13.11;13.36;13.55;13.70;13.82;13.93;14.04;14.15;14.25;14.36;14.47;14.55;14.62;14.69;14.75;14.82;14.88;14.95;15.03;15.08;15.13;15.18;15.23;15.27;15.32;15.37;15.43;15.47;15.51;15.55;15.59,,,9,9,26,"26,26,26,26,26,26,26,26,26,26,26,26,26,26,26,26,26,26,26,26,26,26,26,26,26,26,26,26,26,26,26,26,26,26,26,26,26"
866,Stage1,32.03,,,,,,,,4,,,
866,Stage2,32.03,16.40,,,,,,,4,4,,
866,PowerOpt,32.03,16.40,16.40,,,,"188.32,49.06,9.03,4.00,3.29,1.07,0.74,0.15,0.13,0.07,0.05,0.02,0.01",1.00,4,4,,
866,Stage3,32.03,16.40,16.40,16.22,,,,,4,4,33,
866,Stage3_PowerOpt,32.03,16.40,16.40,,16.22,,"48.21,12.48,1.35,1.00,0.49,0.27,0.11,0.04,0.02,0.01",1.00,4,4,33,
866,Stage4,32.03,16.40,16.40,,16.22,8.10;10.62;11.35;11.88;12.29;12.62;12.91;13.17;13.37;13.53;13.65;13.77;13.87;13.98;14.08;14.20;14.30;14.39;14.46;14.53;14.59;14.65;14.72;14.79;14.86;14.92;14.97;15.02;15.06;15.11;15.15;15.21;15.26;15.31;15.35;15.39;15.42,,,4,4,33,"33,33,33,33,33,33,33,33,33,33,33,33,33,33,33,33,33,33,33,33,33,33,33,33,33,33,33,33,33,33,33,33,33,33,33,33,33"
867,Stage1,39.39,,,,,,,,"4,0,9",,,
867,Stage2,39.39,33.58,,,,,,,"4,0,9",0,,
867,PowerOpt,39.39,33.58,33.58,,,,"134.01,41.91,36.90,22.19,7.72,4.88,4.57,1.33,0.85,0.50,0.43,0.22,0.15,0.13,0.07,0.03,0.02,0.02,0.01","2.90,0.09,0.01","4,0,9",0,,
867,Stage3,39.39,33.58,33.58,30.59,,,,,"4,0,9",0,"24,48,25,24",
867,Stage3_PowerOpt,39.39,33.58,33.58,,30.59,,"41.31,12.14,3.92,2.41,2.13,1.12,0.35,0.28,0.16,0.05,0.04,0.03,0.02,0.01","2.94,0.05,0.01","4,0,9",0,"24,48,25,24",
867,Stage4,39.39,33.58,33.58,,30.59,9.62;14.08;16.18;17.54;18.81;20.08;20.86;21.62;22.20;22.61;23.03;23.38;23.70;24.01;24.34;24.69;24.97;25.19;25.39;25.59;25.77;25.97;26.17;26.39;26.60;26.76;26.91;27.06;27.20;27.34;27.48;27.63;27.78;27.89;28.01;28.12;28.21;28.32;28.43;28.56;28.68;28.79;28.89;28.99;29.08,,,"4,0,9",0,"24,48,25,24","25,48,25,24,48,25,25,24,25,48,24,24,48,24,48,25,25,25,48,24,24,24,48,25,24,24,24,24,24,48,48,25,48,25,25,48,25,24,25,24,24,24,24,24,25"
868,Stage1,34.69,,,,,,,,4,,,
868,Stage2,34.69,16.45,,,,,,,4,4,,
868,PowerOpt,34.69,16.45,16.45,,,,"186.63,56.04,6.32,3.53,1.80,0.93,0.29,0.14,0.09,0.05,0.05,0.04",1.00,4,4,,
868,Stage3,34.69,16.45,16.45,16.41,,,,,4,4,25,
868,Stage3_PowerOpt,34.69,16.45,16.45,,16.41,,"46.52,14.26,1.46,0.89,0.46,0.21,0.07,0.03,0.03,0.01,0.01,0.01",1.00,4,4,25,
868,Stage4,34.69,16.45,16.45,,16.41,7.94;10.91;11.63;12.14;12.53;12.86;13.14;13.38;13.58;13.73;13.86;13.96;14.07;14.17;14.27;14.38;14.49;14.58;14.65;14.71;14.78;14.84;14.90;14.97;15.05;15.11;15.16;15.21;15.25;15.29;15.34;15.39;15.45;15.50;15.54;15.57;15.61,,,4,4,25,"25,25,25,25,25,25,25,25,25,25,25,25,25,25,25,25,25,25,25,25,25,25,25,25,25,25,25,25,25,25,25,25,25,25,25,25,25"
869,Stage1,30.60,,,,,,,,"4,0,0",,,
869,Stage2,30.60,25.86,,,,,,,"4,0,0",4,,
869,PowerOpt,30.60,25.86,25.86,,,,"200.78,41.07,6.94,4.13,1.36,0.97,0.35,0.23,0.05,0.04,0.01","2.99,0.01,0.00","4,0,0",4,,
869,Stage3,30.60,25.86,25.86,25.69,,,,,"4,0,0",4,24,
869,Stage3_PowerOpt,30.60,25.86,25.86,,25.69,,"49.33,10.46,1.70,1.63,0.39,0.27,0.09,0.08,0.02,0.01","2.98,0.02,0.00","4,0,0",4,24,
869,Stage4,30.60,25.86,25.86,,25.69,6.09;12.89;14.70;16.05;17.07;17.83;18.41;18.92;19.32;19.63;19.89;20.13;20.36;20.58;20.79;21.04;21.26;21.43;21.57;21.71;21.80;21.92;21.99;22.22;22.42;22.54;22.64;22.74;22.84;22.94;23.03;23.15;23.29;23.38;23.47;23.56;23.64;23.73;23.80;23.90;23.99;24.09;24.18;24.24;24.34;24.41,,,"4,0,0",4,24,"24,24,24,24,24,24,24,24,24,24,24,24,24,24,24,24,24,24,24,24,24,24,24,24,24,24,24,24,24,24,24,24,24,24,24,24,24,24,24,24,24,24,24,24,24,24"
873,Stage1,53.18,,,,,,,,"5,9,0",,,
873,Stage2,53.18,39.33,,,,,,,"5,9,0",12,,
873,PowerOpt,53.18,39.33,39.33,,,,"89.09,40.87,26.28,22.76,20.87,14.43,11.26,10.74,5.22,4.69,3.06,2.38,1.42,1.17,0.68,0.36,0.30,0.15,0.08,0.06,0.03,0.02,0.01","2.54,0.31,0.14","5,9,0",12,,
873,Stage3,53.18,39.33,39.33,39.75,,,,,"5,9,0",12,39,
873,Stage3_PowerOpt,53.18,39.33,39.33,,39.75,,"22.83,10.30,6.23,5.37,5.30,3.69,2.82,2.68,1.23,1.12,0.75,0.62,0.35,0.30,0.17,0.09,0.07,0.04,0.02,0.02","2.55,0.31,0.14","5,9,0",12,39,
873,Stage4,53.18,39.33,39.33,,39.75,10.20;17.37;22.95;25.81;27.33;28.54;29.52;30.35;30.83;31.24;31.64;32.00;32.32;32.66;32.98;33.33;33.60;33.83;34.05;34.27;34.46;34.67;34.87;35.10;35.29;35.45;35.62;35.76;35.91;36.06;36.21;36.38;36.53;36.67;36.80;36.91;37.03;37.15;37.27;37.42;37.54;37.66;37.77,,,"5,9,0",12,39,"39,39,39,39,39,39,39,39,39,39,39,39,39,39,39,39,39,39,39,39,39,39,39,39,39,39,39,39,39,39,39,39,39,39,39,39,39,39,39,39,39,39,39"
874,Stage1,52.72,,,,,,,,"5,9,0",,,
874,Stage2,52.72,39.18,,,,,,,"5,9,0",12,,
874,PowerOpt,52.72,39.18,39.18,,,,"94.84,41.32,26.15,18.62,18.19,14.10,10.75,8.76,6.03,4.61,3.55,2.39,2.06,1.40,0.92,0.72,0.51,0.28,0.19,0.17,0.13,0.09,0.05,0.05,0.03,0.03,0.02,0.01","2.57,0.28,0.15","5,9,0",12,,
874,Stage3,52.72,39.18,39.18,39.43,,,,,"5,9,0",12,39,
874,Stage3_PowerOpt,52.72,39.18,39.18,,39.43,,"24.56,10.65,6.05,4.77,4.51,3.52,2.47,1.98,1.47,1.08,0.82,0.59,0.49,0.34,0.19,0.15,0.12,0.06,0.04,0.04,0.03,0.02,0.01","2.58,0.27,0.15","5,9,0",12,39,
874,Stage4,52.72,39.18,39.18,,39.43,10.15;17.20;22.48;25.20;26.83;28.07;29.02;29.82;30.31;30.74;31.14;31.49;31.84;32.19;32.53;32.88;33.16;33.40;33.64;33.84;34.06;34.27;34.49;34.72;34.92;35.10;35.27;35.42;35.57;35.73;35.89;36.07;36.22;36.36;36.48;36.60;36.73;36.85;36.97;37.13;37.25;37.36;37.47,,,"5,9,0",12,39,"39,39,39,39,39,39,39,39,39,39,39,39,39,39,39,39,39,39,39,39,39,39,39,39,39,39,39,39,39,39,39,39,39,39,39,39,39,39,39,39,39,39,39"
875,Stage1,29.83,,,,,,,,"9,1",,,
875,Stage2,29.83,26.82,,,,,,,"9,1",11,,
875,PowerOpt,29.83,26.82,26.82,,,,"44.19,29.85,24.62,23.86,20.64,15.57,14.50,12.81,10.30,8.79,8.17,6.80,6.09,5.66,5.31,4.05,2.36,2.11,1.95,1.62,1.54,1.12,1.07,0.97,0.83,0.68,0.52","1.92,0.08","9,1",11,,
875,Stage3,29.83,26.82,26.82,26.66,,,,,"9,1",11,30,
875,Stage3_PowerOpt,29.83,26.82,26.82,,26.66,,"11.48,7.74,6.24,6.09,4.92,3.85,3.36,3.24,2.65,2.29,1.91,1.66,1.52,1.41,1.10,1.01,0.58,0.52,0.48,0.36,0.33,0.29,0.27,0.23,0.19,0.16,0.11","1.92,0.08","9,1",11,30,
875,Stage4,29.83,26.82,26.82,,26.66,9.12;14.82;17.11;18.22;18.97;19.60;20.13;20.54;20.88;21.21;21.51;21.74;21.98;22.19;22.40;22.62;22.78;22.96;23.12;23.25;23.38;23.52;23.66;23.80;23.92;24.04;24.15;24.25;24.34;24.43;24.54;24.64;24.73;24.82;24.91;24.99;25.06;25.14;25.22;25.29;25.37,,,"9,1",11,30,"30,30,30,30,30,30,30,30,30,30,30,30,30,30,30,30,30,30,30,30,30,30,30,30,30,30,30,30,30,30,30,30,30,30,30,30,30,30,30,30,30"
876,Stage1,47.95,,,,,,,,"5,9",,,
876,Stage2,47.95,28.15,,,,,,,"5,9",12,,
876,PowerOpt,47.95,28.15,28.15,,,,"128.09,22.41,22.02,16.90,10.82,9.41,8.02,6.48,5.29,5.13,4.73,3.60,2.80,1.72,1.54,1.33,1.02,0.89,0.75,0.63,0.43,0.42,0.34,0.24,0.22,0.20,0.19,0.11,0.09,0.05,0.04,0.03,0.02","1.84,0.16","5,9",12,,
876,Stage3,47.95,28.15,28.15,27.79,,,,,"5,9",12,"39,31,39,39,31",
876,Stage3_PowerOpt,47.95,28.15,28.15,,27.79,,"29.10,6.56,5.21,4.05,3.21,2.69,2.29,1.84,1.63,1.40,1.26,0.94,0.84,0.51,0.43,0.37,0.31,0.25,0.23,0.18,0.13,0.12,0.10,0.07,0.06,0.05,0.05,0.04,0.03,0.02,0.01","1.83,0.17","5,9",12,"39,31,39,39,31",
876,Stage4,47.95,28.15,28.15,,27.79,8.11;15.49;18.00;19.17;20.04;20.69;21.21;21.66;22.01;22.32;22.59;22.85;23.09;23.31;23.52;23.73;23.90;24.06;24.21;24.36;24.49;24.63;24.76;24.91;25.03;25.15;25.25;25.35;25.46;25.56;25.65;25.76;25.85;25.94;26.02;26.10;26.17;26.25;26.33;26.41,,,"5,9",12,"39,31,39,39,31","31,39,31,39,39,39,39,39,39,31,31,31,31,31,39,39,39,39,39,31,31,31,39,39,39,31,39,31,39,31,31,39,39,39,39,39,39,39,39,39"
877,Stage1,49.14,,,,,,,,"5,9,0",,,
877,Stage2,49.14,38.42,,,,,,,"5,9,0",12,,
877,PowerOpt,49.14,38.42,38.42,,,,"111.01,47.79,14.88,11.38,10.74,9.84,8.31,6.76,5.27,4.64,4.36,4.18,3.93,2.46,2.04,1.63,1.45,1.14,0.83,0.70,0.51,0.44,0.35,0.28,0.25,0.22,0.18,0.13,0.08,0.07,0.05,0.03,0.01","2.50,0.44,0.07","5,9,0",12,,
877,Stage3,49.14,38.42,38.42,37.95,,,,,"5,9,0",12,"31,31,39,31,31",
877,Stage3_PowerOpt,49.14,38.42,38.42,,37.95,,"21.90,9.21,4.79,4.09,3.49,3.21,2.91,2.55,2.11,1.83,1.47,1.35,0.93,0.83,0.69,0.50,0.36,0.32,0.29,0.25,0.18,0.17,0.12,0.10,0.08,0.07,0.05,0.04,0.04,0.03,0.01,0.01","2.43,0.48,0.09","5,9,0",12,"31,31,39,31,31",
877,Stage4,49.14,38.42,38.42,,37.95,9.84;16.52;21.45;24.17;25.78;26.90;27.78;28.54;29.15;29.59;30.03;30.41;30.77;31.10;31.45;31.79;32.08;32.32;32.56;32.79;32.99;33.20;33.41;33.63;33.82;33.99;34.14;34.30;34.44;34.58;34.73;34.90;35.04;35.17;35.29;35.40;35.51;35.63;35.75;35.87;35.99;36.09,,,"5,9,0",12,"31,31,39,31,31","39,31,31,39,31,39,39,31,31,31,31,31,31,39,31,39,31,31,31,31,31,31,31,39,39,31,31,31,39,39,39,31,31,39,31,31,31,31,31,31,31,31"
888,Stage1,27.87,,,,,,,,"12,4,0,15",,,
888,Stage2,27.87,25.14,,,,,,,"12,4,0,15",12,,
888,PowerOpt,27.87,25.14,25.14,,,,"171.96,65.81,11.85,4.80,0.61,0.38,0.20,0.15,0.06,0.03,0.02,0.02,0.01","3.97,0.03,0.01,0.00","12,4,0,15",12,,
888,Stage3,27.87,25.14,25.14,25.56,,,,,"12,4,0,15",12,"39,32,39",
888,Stage3_PowerOpt,27.87,25.14,25.14,,25.56,,"41.63,17.89,2.96,1.24,0.15,0.10,0.01","3.97,0.02,0.00,0.00","12,4,0,15",12,"39,32,39",
888,Stage4,27.87,25.14,25.14,,25.56,9.97;11.46;12.67;13.74;14.67;15.43;16.08;16.68;17.31;17.73;18.07;18.39;18.72;19.08;19.43;19.75;20.03;20.28;20.50;20.69;20.89;21.12;21.35;21.56;21.74;21.89;22.01;22.14;22.26;22.40;22.56;22.71;22.84;22.96;23.06;23.15;23.26;23.38;23.51;23.62;23.74;23.84;23.92;24.00;24.10;24.21;24.31,,,"12,4,0,15",12,"39,32,39","39,39,39,39,39,39,39,32,32,32,32,39,39,39,39,39,39,39,32,32,32,39,39,39,39,39,39,32,39,39,39,32,39,39,32,32,39,39,39,32,39,39,32,32,39,39,39"
889,Stage1,23.05,,,,,,,,15,,,
889,Stage2,23.05,16.87,,,,,,,15,15,,
889,PowerOpt,23.05,16.87,16.87,,,,"135.92,29.34,20.06,15.27,8.09,6.51,6.45,6.33,3.68,3.49,3.22,2.08,1.95,1.74,1.60,1.39,1.17,0.93,0.88,0.72,0.60,0.56,0.48,0.40,0.38,0.31,0.29,0.27,0.23,0.21,0.16,0.15,0.14,0.12,0.10,0.09,0.08,0.08,0.06,0.06,0.05,0.05,0.04,0.04,0.02,0.02,0.02,0.01,0.01",1.00,15,15,,
889,Stage3,23.05,16.87,16.87,16.84,,,,,15,15,39,
889,Stage3_PowerOpt,23.05,16.87,16.87,,16.84,,"19.69,9.97,8.91,5.19,4.26,3.27,2.32,2.03,1.56,1.31,1.01,0.78,0.56,0.53,0.47,0.38,0.32,0.30,0.21,0.18,0.15,0.10,0.09,0.07,0.07,0.05,0.04,0.03,0.03,0.03,0.02,0.01,0.01",1.00,15,15,39,
889,Stage4,23.05,16.87,16.87,,16.84,9.36;10.71;11.62;12.32;12.86;13.27;13.56;13.77;13.85;13.96;14.11;14.27;14.44;14.59;14.71;14.80;14.84;14.91;15.00;15.10;15.19;15.28;15.35;15.40;15.44;15.49;15.55;15.62;15.69;15.75;15.80;15.83;15.86;15.91;15.96;16.01,,,15,15,39,"39,39,39,39,39,39,39,39,39,39,39,39,39,39,39,39,39,39,39,39,39,39,39,39,39,39,39,39,39,39,39,39,39,39,39,39"
890,Stage1,22.30,,,,,,,,15,,,
890,Stage2,22.30,16.75,,,,,,,15,11,,
890,PowerOpt,22.30,16.75,16.75,,,,"172.56,44.15,9.11,8.77,4.57,2.39,2.19,1.94,1.81,1.50,1.37,1.12,0.85,0.68,0.50,0.43,0.37,0.30,0.29,0.22,0.15,0.13,0.10,0.08,0.06,0.05,0.04,0.04,0.03,0.03,0.02,0.02,0.01,0.01,0.01",1.00,15,11,,
890,Stage3,22.30,16.75,16.75,16.63,,,,,15,11,38,
890,Stage3_PowerOpt,22.30,16.75,16.75,,16.63,,"45.51,11.60,2.29,1.21,0.63,0.57,0.50,0.37,0.37,0.22,0.17,0.13,0.11,0.10,0.04,0.04,0.03,0.02,0.02,0.01,0.01",1.00,15,11,38,
890,Stage4,22.30,16.75,16.75,,16.63,9.30;10.62;11.50;12.17;12.69;13.08;13.37;13.58;13.67;13.79;13.93;14.09;14.25;14.40;14.52;14.61;14.66;14.73;14.81;14.91;15.00;15.09;15.16;15.21;15.25;15.30;15.37;15.43;15.50;15.56;15.60;15.64;15.67;15.71;15.77;15.82,,,15,11,38,"38,38,38,38,38,38,38,38,38,38,38,38,38,38,38,38,38,38,38,38,38,38,38,38,38,38,38,38,38,38,38,38,38,38,38,38"
891,Stage1,27.05,,,,,,,,"4,15",,,
891,Stage2,27.05,20.51,,,,,,,"4,15","4,11",,
891,PowerOpt,27.05,20.51,20.51,,,,"151.57,76.44,10.64,6.50,5.82,1.89,1.25,0.77,0.49,0.31,0.11,0.07,0.05,0.04,0.03","1.97,0.03","4,15","4,11",,
891,Stage3,27.05,20.51,20.51,20.07,,,,,"4,15","4,11","39,33,38,33,38",
891,Stage3_PowerOpt,27.05,20.51,20.51,,20.07,,"37.58,19.57,2.78,1.55,1.31,0.46,0.28,0.21,0.10,0.08,0.03,0.01,0.01","1.97,0.03","4,15","4,11","39,33,38,33,38",
891,Stage4,27.05,20.51,20.51,,20.07,9.72;11.01;11.84;12.46;12.94;13.34;13.78;14.14;14.54;14.82;15.10;15.38;15.64;15.87;16.07;16.24;16.43;16.58;16.74;16.91;17.06;17.20;17.33;17.45;17.56;17.67;17.78;17.90;18.01;18.11;18.19;18.28;18.37;18.46;18.55;18.63;18.72;18.80;18.87;18.93;19.00;19.07,,,"4,15","4,11","39,33,38,33,38","38,38,38,38,38,33,33,33,33,33,38,38,38,38,33,33,33,33,38,38,38,38,33,33,33,33,38,38,38,33,38,33,33,33,38,38,38,33,33,33,33,38"
892,Stage1,24.64,,,,,,,,4,,,
892,Stage2,24.64,15.17,,,,,,,4,11,,
892,PowerOpt,24.64,15.17,15.17,,,,"165.45,39.42,34.84,6.70,3.58,2.76,1.18,1.04,0.55,0.24,0.07,0.06,0.03",1.00,4,11,,
892,Stage3,24.64,15.17,15.17,14.92,,,,,4,11,38,
892,Stage3_PowerOpt,24.64,15.17,15.17,,14.92,,"49.84,11.91,1.08,0.58,0.31,0.10,0.07,0.05,0.02,0.02",1.00,4,11,38,
892,Stage4,24.64,15.17,15.17,,14.92,7.47;8.79;9.68;10.35;10.88;11.29;11.60;11.84;11.92;12.04;12.18;12.34;12.50;12.64;12.77;12.87;12.92;12.99;13.08;13.17;13.26;13.35;13.42;13.48;13.52;13.58;13.64;13.71;13.77;13.83;13.88;13.91;13.95;14.00;14.05;14.10;14.15;14.19,,,4,11,38,"38,38,38,38,38,38,38,38,38,38,38,38,38,38,38,38,38,38,38,38,38,38,38,38,38,38,38,38,38,38,38,38,38,38,38,38,38,38"
893,Stage1,24.00,,,,,,,,11,,,
893,Stage2,24.00,17.29,,,,,,,11,11,,
893,PowerOpt,24.00,17.29,17.29,,,,"68.31,55.97,43.30,25.91,13.48,10.73,9.98,4.56,3.54,2.90,2.54,2.01,1.74,1.66,1.43,1.16,1.03,0.97,0.81,0.73,0.63,0.52,0.45,0.36,0.27,0.26,0.17,0.15,0.10,0.08,0.06,0.05,0.04,0.03,0.02,0.02,0.01",1.00,11,11,,
893,Stage3,24.00,17.29,17.29,17.12,,,,,11,11,30,
893,Stage3_PowerOpt,24.00,17.29,17.29,,17.12,,"16.72,12.82,6.96,5.97,3.71,2.61,2.34,2.17,1.73,1.57,1.27,1.13,0.85,0.79,0.59,0.50,0.41,0.38,0.36,0.21,0.20,0.17,0.13,0.09,0.08,0.05,0.04,0.03,0.03,0.02,0.02",1.00,11,11,30,
893,Stage4,24.00,17.29,17.29,,17.12,10.40;11.56;12.29;12.83;13.25;13.59;13.86;14.08;14.20;14.34;14.48;14.63;14.77;14.89;15.01;15.11;15.18;15.25;15.34;15.42;15.51;15.58;15.65;15.71;15.76;15.82;15.88;15.94;16.00;16.05;16.10;16.14;16.18;16.23;16.27,,,11,11,30,"30,30,30,30,30,30,30,30,30,30,30,30,30,30,30,30,30,30,30,30,30,30,30,30,30,30,30,30,30,30,30,30,30,30,30"
894,Stage1,37.49,,,,,,,,"13,4",,,
894,Stage2,37.49,25.10,,,,,,,"13,4","13,0",,
894,PowerOpt,37.49,25.10,25.10,,,,"173.36,40.14,19.14,14.00,5.73,1.85,0.84,0.59,0.13,0.09,0.05,0.02,0.01","1.80,0.20","13,4","13,0",,
894,Stage3,37.49,25.10,25.10,24.51,,,,,"13,4","13,0","49,42,56,42,56,42",
894,Stage3_PowerOpt,37.49,25.10,25.10,,24.51,,"44.52,11.71,3.68,2.65,0.74,0.47,0.11,0.06,0.02,0.01,0.01","1.89,0.11","13,4","13,0","49,42,56,42,56,42",
894,Stage4,37.49,25.10,25.10,,24.51,8.04;13.23;15.04;16.36;17.04;17.79;18.32;18.83;19.21;19.52;19.73;19.97;20.18;20.41;20.63;20.85;21.05;21.20;21.34;21.46;21.60;21.74;21.89;22.04;22.17;22.27;22.37;22.47;22.56;22.66;22.77;22.88;22.97;23.06;23.13;23.20;23.28,,,"13,4","13,0","49,42,56,42,56,42","42,56,42,56,42,56,42,56,56,42,56,42,56,42,42,56,56,56,42,42,56,42,42,42,56,56,56,42,56,42,42,56,56,42,56,42,56"
895,Stage1,38.11,,,,,,,,"4,1,9",,,
895,Stage2,38.11,27.83,,,,,,,"4,1,9","0,13",,
895,PowerOpt,38.11,27.83,27.83,,,,"211.12,32.88,4.45,3.13,1.99,0.86,0.60,0.20,0.15,0.14,0.11,0.10,0.05,0.03,0.03,0.03,0.02,0.02,0.01,0.01","2.98,0.01,0.01","4,1,9","0,13",,
895,Stage3,38.11,27.83,27.83,26.93,,,,,"4,1,9","0,13","56,43,56,56,43",
895,Stage3_PowerOpt,38.11,27.83,27.83,,26.93,,"52.71,8.46,1.11,0.80,0.44,0.16,0.13,0.06,0.04,0.03,0.02","2.98,0.01,0.01","4,1,9","0,13","56,43,56,56,43",
895,Stage4,38.11,27.83,27.83,,26.93,6.66;11.66;13.05;14.48;15.38;16.26;17.14;17.84;18.39;18.94;19.27;19.51;19.87;20.14;20.45;20.82;21.17;21.42;21.62;21.80;22.14;22.16;22.40;22.86;22.80;23.14;23.18;23.47;23.60;23.76;23.74;24.01;24.08;24.13;24.41;24.38;24.38;24.55;24.81;24.86;24.84;24.97;25.06;25.15;25.23;25.34;25.44;25.60,,,"4,1,9","0,13","56,43,56,56,43","56,56,43,56,56,43,56,56,56,43,43,56,43,56,43,56,56,56,56,56,56,43,56,43,56,43,56,43,56,56,43,56,43,56,43,43,56,43,43,43,56,56,56,56,56,43,56,56"
896,Stage1,31.99,,,,,,,,4,,,
896,Stage2,31.99,16.38,,,,,,,4,0,,
896,PowerOpt,31.99,16.38,16.38,,,,"190.97,55.75,4.30,3.79,0.68,0.18,0.15,0.05,0.05,0.02",1.00,4,0,,
896,Stage3,31.99,16.38,16.38,16.36,,,,,4,0,56,
896,Stage3_PowerOpt,31.99,16.38,16.38,,16.36,,"47.80,13.95,1.07,0.94,0.17,0.04,0.01",1.00,4,0,56,
896,Stage4,31.99,16.38,16.38,,16.36,7.91;10.87;11.59;12.11;12.51;12.83;13.11;13.34;13.55;13.69;13.81;13.92;14.03;14.13;14.23;14.34;14.45;14.53;14.60;14.67;14.73;14.79;14.86;14.93;15.00;15.06;15.11;15.16;15.20;15.24;15.29;15.34;15.40;15.45;15.49;15.52;15.56,,,4,0,56,"56,56,56,56,56,56,56,56,56,56,56,56,56,56,56,56,56,56,56,56,56,56,56,56,56,56,56,56,56,56,56,56,56,56,56,56,56"
897,Stage1,43.19,,,,,,,,4,,,
897,Stage2,43.19,16.61,,,,,,,4,0,,
897,PowerOpt,43.19,16.61,16.61,,,,"148.60,52.54,40.67,6.50,3.30,3.19,0.65,0.15,0.14,0.09,0.09,0.02",1.00,4,0,,
897,Stage3,43.19,16.61,16.61,16.18,,,,,4,0,56,
897,Stage3_PowerOpt,43.19,16.61,16.61,,16.18,,"44.30,15.61,1.92,0.95,0.88,0.18,0.07,0.04,0.02",1.00,4,0,56,
897,Stage4,43.19,16.61,16.61,,16.18,8.18;10.50;11.25;11.80;12.22;12.57;12.86;13.10;13.29;13.43;13.55;13.66;13.77;13.88;14.00;14.11;14.21;14.29;14.36;14.43;14.49;14.56;14.63;14.71;14.77;14.83;14.88;14.93;14.97;15.02;15.08;15.13;15.18;15.23;15.27;15.30;15.34;15.38,,,4,0,56,"56,56,56,56,56,56,56,56,56,56,56,56,56,56,56,56,56,56,56,56,56,56,56,56,56,56,56,56,56,56,56,56,56,56,56,56,56,56"
898,Stage1,43.57,,,,,,,,"1,4",,,
898,Stage2,43.57,25.34,,,,,,,"1,4",1,,
898,PowerOpt,43.57,25.34,25.34,,,,"170.60,55.78,15.98,4.62,4.24,1.81,0.97,0.53,0.51,0.28,0.26,0.11,0.06,0.05,0.05,0.04,0.01","1.88,0.12","1,4",1,,
898,Stage3,43.57,25.34,25.34,25.23,,,,,"1,4",1,"25,59,25,59,25",
898,Stage3_PowerOpt,43.57,25.34,25.34,,25.23,,"43.96,16.00,2.06,1.13,0.24,0.24,0.22,0.07,0.03,0.01,0.01","1.94,0.06","1,4",1,"25,59,25,59,25",
898,Stage4,43.57,25.34,25.34,,25.23,7.25;13.93;15.61;16.63;17.50;18.11;18.72;19.16;19.54;19.86;20.10;20.32;20.54;20.75;20.99;21.21;21.40;21.58;21.72;21.85;21.98;22.11;22.24;22.39;22.54;22.65;22.75;22.85;22.94;23.02;23.12;23.22;23.33;23.42;23.50;23.58;23.65;23.73;23.80;23.88;23.97;24.04,,,"1,4",1,"25,59,25,59,25","25,59,25,59,25,59,25,59,25,59,25,59,25,59,25,25,25,59,59,59,25,59,59,25,25,25,59,25,59,59,25,59,25,25,25,59,59,25,59,25,25,25"
899,Stage1,42.19,,,,,,,,"1,5",,,
899,Stage2,42.19,24.78,,,,,,,"1,5",9,,
899,PowerOpt,42.19,24.78,24.78,,,,"203.65,38.36,5.74,3.68,1.84,1.44,0.35,0.25,0.20,0.14,0.09,0.07,0.07,0.04","1.96,0.04","1,5",9,,
899,Stage3,42.19,24.78,24.78,24.23,,,,,"1,5",9,"25,3,25,3,25",
899,Stage3_PowerOpt,42.19,24.78,24.78,,24.23,,"50.79,10.09,1.40,1.19,0.36,0.06,0.05,0.03,0.02","1.97,0.03","1,5",9,"25,3,25,3,25",
899,Stage4,42.19,24.78,24.78,,24.23,7.25;13.09;14.75;15.69;16.56;17.15;17.68;18.18;18.54;18.87;19.12;19.33;19.55;19.76;19.96;20.18;20.40;20.56;20.69;20.83;20.96;21.08;21.21;21.35;21.50;21.62;21.72;21.82;21.91;22.00;22.10;22.20;22.31;22.41;22.48;22.56;22.63;22.70;22.78;22.86;22.95;23.02,,,"1,5",9,"25,3,25,3,25","25,3,25,3,25,25,3,25,25,3,3,25,3,25,3,25,25,3,25,3,25,3,25,25,25,25,3,3,3,3,25,3,25,25,3,25,3,25,25,25,25,3"
900,Stage1,42.77,,,,,,,,"9,4",,,
900,Stage2,42.77,25.63,,,,,,,"9,4",9,,
900,PowerOpt,42.77,25.63,25.63,,,,"184.93,53.19,7.75,4.22,1.93,1.75,1.08,0.35,0.29,0.10,0.09,0.09,0.08,0.04,0.03,0.02","1.95,0.05","9,4",9,,
900,Stage3,42.77,25.63,25.63,24.77,,,,,"9,4",9,"25,11,25,11,25",
900,Stage3_PowerOpt,42.77,25.63,25.63,,24.77,,"46.86,13.57,1.72,0.95,0.49,0.25,0.08,0.02,0.02,0.02","1.96,0.04","9,4",9,"25,11,25,11,25",
900,Stage4,42.77,25.63,25.63,,24.77,7.33;13.41;15.11;16.02;16.98;17.58;18.20;18.72;19.10;19.40;19.64;19.85;20.06;20.27;20.48;20.72;20.93;21.10;21.24;21.37;21.49;21.61;21.75;21.89;22.04;22.16;22.26;22.35;22.43;22.53;22.62;22.73;22.84;22.93;23.01;23.09;23.15;23.22;23.30;23.38;23.48;23.55,,,"9,4",9,"25,11,25,11,25","25,11,25,11,25,25,11,25,11,25,11,25,11,25,11,25,25,11,25,11,25,11,25,11,25,11,25,11,25,25,25,25,11,25,11,11,25,11,25,25,25,25"
901,Stage1,47.64,,,,,,,,"5,1",,,
901,Stage2,47.64,26.35,,,,,,,"5,1",5,,
901,PowerOpt,47.64,26.35,26.35,,,,"171.12,58.76,10.24,3.54,3.42,2.23,1.26,1.16,1.09,0.74,0.56,0.42,0.37,0.30,0.13,0.10,0.08,0.07,0.06,0.05,0.04,0.03,0.02,0.02,0.02,0.02,0.01,0.01","1.95,0.05","5,1",5,,
901,Stage3,47.64,26.35,26.35,25.42,,,,,"5,1",5,25,
901,Stage3_PowerOpt,47.64,26.35,26.35,,25.42,,"43.84,15.16,2.72,0.89,0.45,0.28,0.27,0.13,0.10,0.08,0.02","1.97,0.03","5,1",5,25,
901,Stage4,47.64,26.35,26.35,,25.42,9.73;13.53;15.49;16.67;17.62;18.32;18.87;19.35;19.76;20.04;20.28;20.49;20.71;20.93;21.14;21.37;21.58;21.75;21.88;22.01;22.13;22.26;22.40;22.53;22.69;22.80;22.90;22.99;23.08;23.18;23.27;23.37;23.49;23.58;23.66;23.73;23.80;23.87;23.95;24.03;24.13;24.22,,,"5,1",5,25,"25,25,25,25,25,25,25,25,25,25,25,25,25,25,25,25,25,25,25,25,25,25,25,25,25,25,25,25,25,25,25,25,25,25,25,25,25,25,25,25,25,25"
902,Stage1,42.01,,,,,,,,"9,0",,,
902,Stage2,42.01,24.90,,,,,,,"9,0",9,,
902,PowerOpt,42.01,24.90,24.90,,,,"171.62,61.44,8.68,8.53,2.49,1.22,0.73,0.44,0.35,0.17,0.08,0.07,0.06,0.03,0.02,0.02","1.96,0.04","9,0",9,,
902,Stage3,42.01,24.90,24.90,23.86,,,,,"9,0",9,"18,25",
902,Stage3_PowerOpt,42.01,24.90,24.90,,23.86,,"44.20,14.92,2.33,1.29,0.38,0.32,0.19,0.13,0.07,0.05,0.04,0.03,0.03","1.97,0.03","9,0",9,"18,25",
902,Stage4,42.01,24.90,24.90,,23.86,8.52;12.33;14.30;15.25;16.09;16.76;17.34;17.81;18.21;18.52;18.77;19.02;19.24;19.45;19.66;19.88;20.07;20.24;20.40;20.52;20.64;20.78;20.90;21.03;21.15;21.26;21.39;21.50;21.59;21.69;21.78;21.88;21.97;22.07;22.15;22.23;22.30;22.37;22.45;22.52;22.59;22.67,,,"9,0",9,"18,25","18,18,25,25,18,25,25,18,18,25,18,18,18,25,18,18,18,18,25,18,25,18,25,18,18,25,18,18,18,25,25,18,18,18,25,18,18,25,18,18,18,18"
903,Stage1,40.03,,,,,,,,5,,,
903,Stage2,40.03,16.28,,,,,,,5,9,,
903,PowerOpt,40.03,16.28,16.28,,,,"202.58,41.89,5.38,2.70,1.37,0.91,0.41,0.29,0.16,0.11,0.05,0.04,0.01",1.00,5,9,,
903,Stage3,40.03,16.28,16.28,16.18,,,,,5,9,26,
903,Stage3_PowerOpt,40.03,16.28,16.28,,16.18,,"51.42,10.69,0.74,0.63,0.24,0.17,0.04,0.04,0.01",1.00,5,9,26,
903,Stage4,40.03,16.28,16.28,,16.18,8.08;10.72;11.40;11.90;12.30;12.62;12.89;13.12;13.32;13.47;13.60;13.71;13.81;13.92;14.02;14.12;14.24;14.32;14.40;14.46;14.52;14.58;14.65;14.72;14.79;14.86;14.91;14.96;15.00;15.04;15.09;15.14;15.20;15.25;15.29;15.33;15.36;15.40,,,5,9,26,"26,26,26,26,26,26,26,26,26,26,26,26,26,26,26,26,26,26,26,26,26,26,26,26,26,26,26,26,26,26,26,26,26,26,26,26,26,26"
904,Stage1,34.43,,,,,,,,"5,9,4",,,
904,Stage2,34.43,29.03,,,,,,,"5,9,4",9,,
904,PowerOpt,34.43,29.03,29.03,,,,"183.71,58.96,5.40,3.98,1.78,1.41,0.33,0.16,0.11,0.06,0.01,0.01","2.99,0.01,0.00","5,9,4",9,,
904,Stage3,34.43,29.03,29.03,28.17,,,,,"5,9,4",9,26,
904,Stage3_PowerOpt,34.43,29.03,29.03,,28.17,,"46.26,14.79,1.31,0.78,0.36,0.34,0.08,0.04,0.02,0.01","2.99,0.01,0.00","5,9,4",9,26,
904,Stage4,34.43,29.03,29.03,,28.17,5.34;12.71;14.39;15.69;16.74;17.64;18.46;19.32;19.87;20.18;20.47;20.80;21.10;21.37;21.70;22.01;22.33;22.54;22.72;22.89;23.07;23.24;23.43;23.67;23.96;24.12;24.25;24.38;24.50;24.63;24.76;24.93;25.16;25.30;25.42;25.53;25.62;25.72;25.83;25.95;26.13;26.26;26.35;26.43;26.52;26.59;26.68;26.77,,,"5,9,4",9,26,"26,26,26,26,26,26,26,26,26,26,26,26,26,26,26,26,26,26,26,26,26,26,26,26,26,26,26,26,26,26,26,26,26,26,26,26,26,26,26,26,26,26,26,26,26,26,26,26"
905,Stage1,43.13,,,,,,,,5,,,
905,Stage2,43.13,15.96,,,,,,,5,4,,
905,PowerOpt,43.13,15.96,15.96,,,,"171.45,63.28,7.60,7.06,1.72,1.29,1.04,0.61,0.44,0.33,0.25,0.18,0.11,0.10,0.09,0.08,0.06,0.05,0.05,0.04,0.03,0.02,0.01,0.01,0.01",1.00,5,4,,
905,Stage3,43.13,15.96,15.96,15.75,,,,,5,4,33,
905,Stage3_PowerOpt,43.13,15.96,15.96,,15.75,,"44.28,16.40,1.92,0.40,0.30,0.16,0.14,0.09,0.08,0.07,0.04,0.03,0.02,0.02,0.01",1.00,5,4,33,
905,Stage4,43.13,15.96,15.96,,15.75,8.21;10.18;10.93;11.46;11.87;12.21;12.49;12.73;12.93;13.08;13.20;13.31;13.41;13.52;13.63;13.74;13.84;13.92;14.00;14.06;14.12;14.19;14.25;14.32;14.39;14.45;14.50;14.55;14.59;14.64;14.69;14.74;14.79;14.84;14.88;14.92;14.95;14.98,,,5,4,33,"33,33,33,33,33,33,33,33,33,33,33,33,33,33,33,33,33,33,33,33,33,33,33,33,33,33,33,33,33,33,33,33,33,33,33,33,33,33"
906,Stage1,31.22,,,,,,,,5,,,
906,Stage2,31.22,16.13,,,,,,,5,4,,
906,PowerOpt,31.22,16.13,16.13,,,,"202.31,42.86,7.63,1.59,0.99,0.29,0.16,0.06,0.03",1.00,5,4,,
906,Stage3,31.22,16.13,16.13,16.17,,,,,5,4,25,
906,Stage3_PowerOpt,31.22,16.13,16.13,,16.17,,"50.68,10.67,1.84,0.40,0.25,0.07,0.05,0.02,0.01",1.00,5,4,25,
906,Stage4,31.22,16.13,16.13,,16.17,8.11;10.63;11.36;11.88;12.29;12.62;12.90;13.13;13.32;13.47;13.60;13.71;13.82;13.92;14.03;14.13;14.24;14.32;14.39;14.46;14.53;14.59;14.65;14.72;14.79;14.85;14.91;14.95;15.00;15.04;15.09;15.14;15.20;15.24;15.28;15.32;15.36;15.39,,,5,4,25,"25,25,25,25,25,25,25,25,25,25,25,25,25,25,25,25,25,25,25,25,25,25,25,25,25,25,25,25,25,25,25,25,25,25,25,25,25,25"
907,Stage1,33.59,,,,,,,,4,,,
907,Stage2,33.59,16.38,,,,,,,4,4,,
907,PowerOpt,33.59,16.38,16.38,,,,"197.41,41.59,9.70,3.27,2.06,1.08,0.36,0.14,0.11,0.10,0.10,0.02",1.00,4,4,,
907,Stage3,33.59,16.38,16.38,16.38,,,,,4,4,25,
907,Stage3_PowerOpt,33.59,16.38,16.38,,16.38,,"49.43,10.49,2.42,0.68,0.51,0.23,0.09,0.04,0.03,0.02,0.02",1.00,4,4,25,
907,Stage4,33.59,16.38,16.38,,16.38,7.99;10.83;11.56;12.08;12.49;12.82;13.11;13.36;13.55;13.70;13.82;13.93;14.04;14.14;14.25;14.36;14.46;14.55;14.62;14.68;14.75;14.81;14.87;14.94;15.02;15.08;15.13;15.17;15.22;15.26;15.31;15.36;15.42;15.46;15.50;15.54;15.58,,,4,4,25,"25,25,25,25,25,25,25,25,25,25,25,25,25,25,25,25,25,25,25,25,25,25,25,25,25,25,25,25,25,25,25,25,25,25,25,25,25"
908,Stage1,38.46,,,,,,,,"4,0",,,
908,Stage2,38.46,24.83,,,,,,,"4,0",4,,
908,PowerOpt,38.46,24.83,24.83,,,,"174.04,57.50,8.20,7.97,2.70,2.14,0.93,0.72,0.51,0.30,0.27,0.18,0.14,0.07,0.06,0.06,0.04,0.03,0.03,0.01","1.99,0.01","4,0",4,,
908,Stage3,38.46,24.83,24.83,24.36,,,,,"4,0",4,25,
908,Stage3_PowerOpt,38.46,24.83,24.83,,24.36,,"43.85,14.07,2.40,2.01,0.81,0.28,0.22,0.10,0.09,0.05,0.03,0.02,0.02,0.01","1.99,0.01","4,0",4,25,
908,Stage4,38.46,24.83,24.83,,24.36,7.43;12.39;14.24;15.26;16.20;16.84;17.45;18.04;18.45;18.73;18.98;19.19;19.41;19.61;19.83;20.07;20.32;20.49;20.65;20.80;20.95;21.08;21.18;21.33;21.48;21.59;21.71;21.81;21.92;22.04;22.13;22.24;22.36;22.44;22.52;22.61;22.68;22.77;22.84;22.93;23.02;23.09;23.15,,,"4,0",4,25,"25,25,25,25,25,25,25,25,25,25,25,25,25,25,25,25,25,25,25,25,25,25,25,25,25,25,25,25,25,25,25,25,25,25,25,25,25,25,25,25,25,25,25"
909,Stage1,34.47,,,,,,,,4,,,
909,Stage2,34.47,16.43,,,,,,,4,4,,
909,PowerOpt,34.47,16.43,16.43,,,,"181.24,62.28,4.95,4.86,1.17,0.64,0.19,0.16,0.15,0.10,0.08,0.04,0.04,0.02,0.01,0.01",1.00,4,4,,
909,Stage3,34.47,16.43,16.43,16.25,,,,,4,4,25,
909,Stage3_PowerOpt,34.47,16.43,16.43,,16.25,,"45.03,15.63,1.30,1.23,0.41,0.17,0.05,0.05,0.04,0.03,0.02,0.01",1.00,4,4,25,
909,Stage4,34.47,16.43,16.43,,16.25,8.15;10.60;11.35;11.90;12.32;12.67;12.96;13.21;13.40;13.54;13.66;13.77;13.88;13.99;14.10;14.21;14.31;14.39;14.46;14.53;14.59;14.66;14.73;14.80;14.87;14.93;14.98;15.03;15.07;15.12;15.17;15.22;15.27;15.32;15.36;15.40;15.43;15.47,,,4,4,25,"25,25,25,25,25,25,25,25,25,25,25,25,25,25,25,25,25,25,25,25,25,25,25,25,25,25,25,25,25,25,25,25,25,25,25,25,25,25"
913,Stage1,51.95,,,,,,,,"9,4",,,
913,Stage2,51.95,28.70,,,,,,,"9,4",15,,
913,PowerOpt,51.95,28.70,28.70,,,,"65.48,52.71,41.87,22.64,17.81,14.54,12.11,10.61,4.78,3.81,2.81,2.74,1.49,1.00,0.65,0.39,0.26,0.09,0.09,0.05,0.04","1.81,0.19","9,4",15,,
913,Stage3,51.95,28.70,28.70,28.99,,,,,"9,4",15,39,
913,Stage3_PowerOpt,51.95,28.70,28.70,,28.99,,"17.22,13.38,9.12,5.84,4.16,3.71,3.58,2.64,1.13,0.98,0.73,0.58,0.34,0.24,0.16,0.09,0.06,0.02,0.02,0.01","1.81,0.19","9,4",15,39,
913,Stage4,51.95,28.70,28.70,,28.99,7.43;16.22;18.83;20.13;21.01;21.69;22.26;22.74;23.07;23.36;23.62;23.87;24.10;24.32;24.54;24.76;24.94;25.10;25.26;25.40;25.54;25.68;25.82;25.96;26.09;26.20;26.31;26.42;26.52;26.62;26.72;26.84;26.93;27.02;27.11;27.19;27.27;27.35;27.43;27.52;27.60,,,"9,4",15,39,"39,39,39,39,39,39,39,39,39,39,39,39,39,39,39,39,39,39,39,39,39,39,39,39,39,39,39,39,39,39,39,39,39,39,39,39,39,39,39,39,39"
914,Stage1,52.82,,,,,,,,5,,,
914,Stage2,52.82,16.03,,,,,,,5,12,,
914,PowerOpt,52.82,16.03,16.03,,,,"99.96,39.42,24.46,22.09,20.32,12.56,8.45,7.79,6.25,3.97,3.03,1.97,1.68,1.39,0.75,0.48,0.34,0.33,0.28,0.19,0.10,0.07,0.04,0.02,0.01,0.01",1.00,5,12,,
914,Stage3,52.82,16.03,16.03,16.17,,,,,5,12,39,
914,Stage3_PowerOpt,52.82,16.03,16.03,,16.17,,"25.62,10.08,6.06,5.71,5.03,3.19,2.17,1.66,1.14,0.98,0.62,0.49,0.40,0.30,0.18,0.12,0.09,0.06,0.04,0.03,0.02,0.02",1.00,5,12,39,
914,Stage4,52.82,16.03,16.03,,16.17,8.21;10.71;11.48;11.95;12.32;12.61;12.86;13.08;13.25;13.40;13.54;13.66;13.77;13.88;13.99;14.09;14.18;14.27;14.35;14.42;14.49;14.55;14.62;14.69;14.75;14.81;14.87;14.92;14.97;15.02;15.07;15.12;15.17;15.21;15.25;15.29;15.33;15.37,,,5,12,39,"39,39,39,39,39,39,39,39,39,39,39,39,39,39,39,39,39,39,39,39,39,39,39,39,39,39,39,39,39,39,39,39,39,39,39,39,39,39"
915,Stage1,49.41,,,,,,,,"5,9,0",,,
915,Stage2,49.41,37.96,,,,,,,"5,9,0",0,,
915,PowerOpt,49.41,37.96,37.96,,,,"117.39,46.30,38.54,21.12,9.96,4.95,4.16,4.03,2.49,1.99,1.77,1.07,0.69,0.42,0.30,0.29,0.15,0.08,0.06,0.04,0.03,0.03,0.02,0.02,0.02,0.01,0.01","2.43,0.51,0.06","5,9,0",0,,
915,Stage3,49.41,37.96,37.96,37.85,,,,,"5,9,0",0,"39,32,39,32,39",
915,Stage3_PowerOpt,49.41,37.96,37.96,,37.85,,"25.53,18.12,7.39,4.38,3.42,1.25,0.91,0.86,0.56,0.46,0.40,0.23,0.20,0.08,0.07,0.05,0.04,0.02","2.44,0.51,0.05","5,9,0",0,"39,32,39,32,39",
915,Stage4,49.41,37.96,37.96,,37.85,10.28;17.53;21.61;24.09;25.65;26.85;27.78;28.57;29.06;29.51;29.89;30.25;30.61;30.95;31.28;31.61;31.90;32.14;32.37;32.58;32.79;32.99;33.20;33.42;33.60;33.77;33.93;34.09;34.24;34.39;34.54;34.70;34.85;34.98;35.10;35.21;35.33;35.44;35.57;35.70;35.81;35.92;36.03,,,"5,9,0",0,"39,32,39,32,39","39,39,32,32,32,39,39,32,32,39,32,32,32,39,39,32,32,39,32,32,39,39,39,32,39,39,39,32,32,39,32,32,39,39,32,32,32,39,39,32,39,39,39"
916,Stage1,47.04,,,,,,,,"5,9,0",,,
916,Stage2,47.04,37.31,,,,,,,"5,9,0",15,,
916,PowerOpt,47.04,37.31,37.32,,,,"91.91,29.77,23.42,17.47,16.46,14.53,11.78,8.60,7.49,6.31,5.39,5.01,3.76,2.98,2.39,1.93,1.47,1.02,0.94,0.68,0.61,0.55,0.38,0.34,0.24,0.17,0.13,0.10,0.07,0.02","2.58,0.38,0.04","5,9,0",15,,
916,Stage3,47.04,37.31,37.32,36.94,,,,,"5,9,0",15,31,
916,Stage3_PowerOpt,47.04,37.31,37.32,,36.94,,"19.86,6.48,6.33,5.76,4.61,4.07,3.09,2.53,2.25,1.73,1.36,1.16,0.99,0.78,0.67,0.57,0.48,0.25,0.24,0.17,0.16,0.12,0.09,0.08,0.06,0.04,0.03,0.03,0.01","2.56,0.39,0.05","5,9,0",15,31,
916,Stage4,47.04,37.31,37.32,,36.94,7.99;16.20;20.64;23.06;24.64;25.78;26.65;27.37;27.98;28.53;28.98;29.37;29.73;30.11;30.46;30.78;31.05;31.30;31.55;31.77;31.97;32.19;32.37;32.56;32.76;32.93;33.10;33.26;33.42;33.56;33.69;33.83;33.98;34.13;34.25;34.38;34.51;34.63;34.73;34.84;34.95;35.07;35.18,,,"5,9,0",15,31,"31,31,31,31,31,31,31,31,31,31,31,31,31,31,31,31,31,31,31,31,31,31,31,31,31,31,31,31,31,31,31,31,31,31,31,31,31,31,31,31,31,31,31"
917,Stage1,47.30,,,,,,,,"5,9,0",,,
917,Stage2,47.30,38.21,,,,,,,"5,9,0",12,,
917,PowerOpt,47.30,38.21,38.21,,,,"134.65,20.57,19.34,12.05,10.28,9.72,8.70,8.33,5.06,4.75,4.29,3.87,3.21,2.37,2.23,1.49,1.21,0.90,0.73,0.49,0.38,0.30,0.28,0.18,0.15,0.12,0.10,0.10,0.06,0.03,0.02,0.01","2.53,0.42,0.05","5,9,0",12,,
917,Stage3,47.30,38.21,38.21,37.66,,,,,"5,9,0",12,31,
917,Stage3_PowerOpt,47.30,38.21,38.21,,37.66,,"23.78,5.97,4.97,4.02,3.80,3.62,3.40,2.77,2.02,1.72,1.57,1.36,1.13,0.90,0.51,0.45,0.38,0.33,0.29,0.21,0.19,0.13,0.12,0.09,0.07,0.05,0.05,0.03,0.03,0.01","2.45,0.48,0.08","5,9,0",12,31,
917,Stage4,47.30,38.21,38.21,,37.66,9.63;16.15;20.87;23.44;25.02;26.17;27.10;27.90;28.58;29.11;29.56;29.97;30.35;30.69;31.03;31.36;31.65;31.91;32.14;32.37;32.59;32.79;32.99;33.21;33.40;33.58;33.74;33.90;34.06;34.21;34.35;34.50;34.66;34.80;34.93;35.05;35.18;35.29;35.41;35.54;35.66;35.77;35.87,,,"5,9,0",12,31,"31,31,31,31,31,31,31,31,31,31,31,31,31,31,31,31,31,31,31,31,31,31,31,31,31,31,31,31,31,31,31,31,31,31,31,31,31,31,31,31,31,31,31"
928,Stage1,28.87,,,,,,,,"12,0,0",,,
928,Stage2,28.87,22.88,,,,,,,"12,0,0","12,0",,
928,PowerOpt,28.87,22.88,22.88,,,,"191.35,52.50,7.05,3.33,0.73,0.39,0.31,0.14,0.06,0.03,0.02,0.02","2.99,0.01,0.00","12,0,0","12,0",,
928,Stage3,28.87,22.88,22.88,23.06,,,,,"12,0,0","12,0","39,32,39,32,39",
928,Stage3_PowerOpt,28.87,22.88,22.88,,23.06,,"47.76,13.23,1.74,0.84,0.19,0.11,0.07,0.03,0.01","2.99,0.01,0.00","12,0,0","12,0","39,32,39,32,39",
928,Stage4,28.87,22.88,22.88,,23.06,9.47;10.89;12.06;13.45;14.34;15.09;15.65;16.18;16.67;17.01;17.33;17.66;17.97;18.24;18.49;18.70;18.91;19.10;19.28;19.48;19.67;19.83;19.99;20.12;20.25;20.36;20.48;20.60;20.72;20.82;20.92;21.01;21.10;21.18;21.26;21.35;21.44;21.52;21.59;21.66;21.73;21.80;21.88;21.96,,,"12,0,0","12,0","39,32,39,32,39","39,39,32,39,39,32,39,32,32,32,39,39,39,39,32,32,32,32,39,39,39,39,32,32,32,32,39,39,39,32,32,32,32,32,39,39,39,39,32,32,32,32,39,39"
929,Stage1,26.95,,,,,,,,"12,0,0",,,
929,Stage2,26.95,22.35,,,,,,,"12,0,0","0,15",,
929,PowerOpt,26.95,22.35,22.35,,,,"214.28,33.76,4.53,1.69,0.99,0.46,0.14,0.06,0.04,0.01","2.99,0.01,0.00","12,0,0","0,15",,
929,Stage3,26.95,22.35,22.35,22.44,,,,,"12,0,0","0,15","32,39,39,32",
929,Stage3_PowerOpt,26.95,22.35,22.35,,22.44,,"52.81,8.93,1.56,0.43,0.13,0.10,0.02","2.99,0.01,0.00","12,0,0","0,15","32,39,39,32",
929,Stage4,26.95,22.35,22.35,,22.44,9.32;10.75;12.18;13.48;14.37;15.16;15.72;16.15;16.52;16.77;17.09;17.41;17.72;18.00;18.22;18.45;18.63;18.79;18.94;19.11;19.27;19.43;19.57;19.71;19.83;19.94;20.05;20.17;20.28;20.38;20.48;20.57;20.67;20.75;20.83;20.93;21.01;21.09;21.16;21.23;21.31;21.37,,,"12,0,0","0,15","32,39,39,32","39,39,32,39,39,32,32,32,32,32,39,39,39,39,39,32,32,32,39,39,39,39,32,32,32,32,39,39,39,39,32,32,32,32,39,39,39,32,32,32,32,32"
930,Stage1,22.61,,,,,,,,8,,,
930,Stage2,22.61,16.26,,,,,,,8,15,,
930,PowerOpt,22.61,16.26,16.26,,,,"209.18,19.42,14.87,5.05,1.57,1.10,1.03,0.88,0.65,0.60,0.31,0.23,0.20,0.18,0.16,0.11,0.09,0.07,0.06,0.04,0.03,0.02,0.02,0.02,0.01,0.01",1.00,8,15,,
930,Stage3,22.61,16.26,16.26,16.17,,,,,8,15,39,
930,Stage3_PowerOpt,22.61,16.26,16.26,,16.17,,"57.68,5.20,0.30,0.23,0.19,0.10,0.09,0.05,0.04,0.03,0.02,0.02,0.01,0.01",1.00,8,15,39,
930,Stage4,22.61,16.26,16.26,,16.17,8.87;10.20;11.07;11.72;12.22;12.61;12.90;13.11;13.20;13.32;13.47;13.62;13.78;13.92;14.04;14.14;14.19;14.26;14.34;14.43;14.53;14.61;14.68;14.74;14.78;14.83;14.89;14.96;15.02;15.08;15.13;15.16;15.20;15.24;15.29;15.34;15.39,,,8,15,39,"39,39,39,39,39,39,39,39,39,39,39,39,39,39,39,39,39,39,39,39,39,39,39,39,39,39,39,39,39,39,39,39,39,39,39,39,39"
931,Stage1,27.20,,,,,,,,"4,11",,,
931,Stage2,27.20,21.15,,,,,,,"4,11","4,11",,
931,PowerOpt,27.20,21.15,21.15,,,,"208.65,36.61,4.32,2.90,1.99,0.76,0.53,0.11,0.04,0.02,0.01","2.00,0.00","4,11","4,11",,
931,Stage3,27.20,21.15,21.15,20.87,,,,,"4,11","4,11","39,32,38,32,38",
931,Stage3_PowerOpt,27.20,21.15,21.15,,20.87,,"52.16,9.62,1.00,0.49,0.42,0.15,0.11,0.02","2.00,0.00","4,11","4,11","39,32,38,32,38",
931,Stage4,27.20,21.15,21.15,,20.87,9.96;11.24;12.07;12.68;13.33;13.86;14.33;14.76;15.19;15.47;15.76;16.05;16.32;16.55;16.76;16.95;17.15;17.31;17.47;17.63;17.79;17.93;18.06;18.19;18.32;18.43;18.54;18.66;18.77;18.87;18.96;19.06;19.16;19.24;19.33;19.42;19.50;19.57;19.65;19.73;19.81;19.87,,,"4,11","4,11","39,32,38,32,38","38,38,38,38,32,32,39,32,32,32,38,38,38,38,32,32,32,32,38,38,38,38,32,32,32,32,38,38,38,38,32,32,32,32,38,38,38,38,32,32,32,38"
932,Stage1,30.33,,,,,,,,"4,11",,,
932,Stage2,30.33,23.57,,,,,,,"4,11","4,11",,
932,PowerOpt,30.33,23.57,23.57,,,,"171.40,60.55,18.19,2.52,1.93,0.75,0.40,0.16,0.04,0.01","2.00,0.00","4,11","4,11",,
932,Stage3,30.33,23.57,23.57,22.97,,,,,"4,11","4,11","39,33,38,33,38",
932,Stage3_PowerOpt,30.33,23.57,23.57,,22.97,,"42.33,15.46,4.68,0.68,0.47,0.20,0.11,0.04,0.01","2.00,0.00","4,11","4,11","39,33,38,33,38",
932,Stage4,30.33,23.57,23.57,,22.97,9.99;11.70;13.19;14.20;15.24;15.95;16.57;17.07;17.41;17.64;17.93;18.24;18.54;18.80;19.03;19.24;19.40;19.54;19.70;19.88;20.05;20.20;20.34;20.47;20.59;20.68;20.80;20.93;21.04;21.15;21.24;21.33;21.42;21.50;21.59;21.69;21.77;21.85,,,"4,11","4,11","39,33,38,33,38","38,33,38,33,38,33,38,33,33,33,38,38,38,38,33,33,33,33,38,38,38,38,33,33,33,33,38,38,38,33,33,33,33,38,38,38,38,33"
933,Stage1,22.86,,,,,,,,"8,4",,,
933,Stage2,22.86,18.82,,,,,,,"8,4","4,11",,
933,PowerOpt,22.86,18.82,18.82,,,,"188.39,58.15,7.16,1.60,0.41,0.21,0.03","2.00,0.00","8,4","4,11",,
933,Stage3,22.86,18.82,18.82,18.35,,,,,"8,4","4,11","38,33,30,33,30",
933,Stage3_PowerOpt,22.86,18.82,18.82,,18.35,,"46.56,15.02,1.83,0.40,0.11,0.06","2.00,0.00","8,4","4,11","38,33,30,33,30",
933,Stage4,22.86,18.82,18.82,,18.35,8.64;9.89;10.88;11.73;12.44;12.99;13.38;13.65;13.70;13.78;13.90;14.07;14.26;14.44;14.59;14.71;14.89;15.05;15.21;15.35;15.50;15.64;15.77;15.89;16.00;16.10;16.20;16.31;16.43;16.52;16.62;16.71;16.79;16.87;16.95;17.04;17.13;17.20;17.27;17.34;17.41;17.47,,,"8,4","4,11","38,33,30,33,30","30,30,30,30,30,30,30,30,30,30,30,30,30,30,30,33,33,33,33,33,30,33,33,33,33,33,30,30,30,30,33,33,33,33,30,30,30,33,33,33,33,30"
934,Stage1,44.32,,,,,,,,0,,,
934,Stage2,44.32,16.71,,,,,,,0,0,,
934,PowerOpt,44.32,16.71,16.71,,,,"149.99,53.74,31.28,9.04,6.87,2.75,1.02,0.82,0.20,0.10,0.05,0.04,0.04",1.00,0,0,,
934,Stage3,44.32,16.71,16.71,16.36,,,,,0,0,56,
934,Stage3_PowerOpt,44.32,16.71,16.71,,16.36,,"43.74,15.65,2.63,0.80,0.65,0.30,0.14,0.06,0.02,0.01",1.00,0,0,56,
934,Stage4,44.32,16.71,16.71,,16.36,8.10;10.76;11.54;12.10;12.52;12.85;13.13;13.35;13.53;13.67;13.79;13.91;14.03;14.14;14.25;14.35;14.45;14.52;14.59;14.67;14.73;14.80;14.87;14.94;15.00;15.05;15.10;15.15;15.20;15.25;15.30;15.35;15.40;15.44;15.48;15.52;15.56,,,0,0,56,"56,56,56,56,56,56,56,56,56,56,56,56,56,56,56,56,56,56,56,56,56,56,56,56,56,56,56,56,56,56,56,56,56,56,56,56,56"
935,Stage1,25.88,,,,,,,,9,,,
935,Stage2,25.88,16.27,,,,,,,9,9,,
935,PowerOpt,25.88,16.27,16.27,,,,"220.91,31.40,3.00,0.59,0.04,0.02",1.00,9,9,,
935,Stage3,25.88,16.27,16.27,16.23,,,,,9,9,42,
935,Stage3_PowerOpt,25.88,16.27,16.27,,16.23,,"55.21,7.87,0.75,0.15",1.00,9,9,42,
935,Stage4,25.88,16.27,16.27,,16.23,8.08;10.56;11.28;11.80;12.21;12.56;12.86;13.11;13.29;13.42;13.53;13.64;13.76;13.87;13.99;14.12;14.21;14.28;14.34;14.41;14.48;14.55;14.63;14.72;14.77;14.82;14.87;14.92;14.97;15.02;15.08;15.15;15.19;15.23;15.26;15.30;15.34;15.38;15.43,,,9,9,42,"42,42,42,42,42,42,42,42,42,42,42,42,42,42,42,42,42,42,42,42,42,42,42,42,42,42,42,42,42,42,42,42,42,42,42,42,42,42,42"
936,Stage1,53.39,,,,,,,,"0,9",,,
936,Stage2,53.39,28.94,,,,,,,"0,9",9,,
936,PowerOpt,53.39,28.94,28.94,,,,"94.27,36.19,22.90,17.29,10.42,9.22,8.92,7.24,6.79,5.17,5.07,4.09,3.05,2.76,2.40,2.24,2.19,1.82,1.71,1.48,1.11,0.93,0.81,0.78,0.71,0.68,0.60,0.57,0.51,0.49,0.38,0.33,0.32,0.27,0.25,0.21,0.20,0.16,0.15,0.15,0.14,0.13,0.12,0.10,0.09,0.08,0.05,0.05,0.05,0.04,0.04,0.03,0.03,0.02,0.02,0.02,0.02,0.02,0.01,0.01,0.01,0.01","1.33,0.67","0,9",9,,
936,Stage3,53.39,28.94,28.94,26.69,,,,,"0,9",9,"50,50,18,50",
936,Stage3_PowerOpt,53.39,28.94,28.94,,26.69,,"29.96,11.61,6.10,3.05,2.93,1.82,1.56,1.14,0.94,0.92,0.83,0.68,0.33,0.32,0.28,0.23,0.21,0.16,0.14,0.12,0.10,0.08,0.07,0.06,0.06,0.05,0.04,0.04,0.03,0.03,0.02,0.01,0.01,0.01","1.52,0.48","0,9",9,"50,50,18,50",
936,Stage4,53.39,28.94,28.94,,26.69,8.65;14.55;16.88;18.04;18.99;19.61;20.14;20.58;20.92;21.24;21.49;21.74;21.95;22.17;22.40;22.61;22.80;22.96;23.11;23.25;23.39;23.53;23.66;23.81;23.93;24.04;24.14;24.24;24.34;24.44;24.54;24.65;24.73;24.82;24.90;24.98;25.06;25.14;25.22;25.31;25.38,,,"0,9",9,"50,50,18,50","50,50,18,50,50,50,50,50,18,50,50,18,50,50,18,50,50,50,50,50,18,50,50,50,50,50,18,18,50,50,50,50,50,50,50,18,18,50,50,50,50"
937,Stage1,31.29,,,,,,,,4,,,
937,Stage2,31.29,16.33,,,,,,,4,5,,
937,PowerOpt,31.29,16.33,16.33,,,,"209.67,36.30,6.97,2.27,0.53,0.15,0.02",1.00,4,5,,
937,Stage3,31.29,16.33,16.33,16.55,,,,,4,5,25,
937,Stage3_PowerOpt,31.29,16.33,16.33,,16.55,,"52.60,8.96,1.70,0.56,0.13,0.04",1.00,4,5,25,
937,Stage4,31.29,16.33,16.33,,16.55,7.72;11.03;11.74;12.26;12.67;13.01;13.30;13.54;13.73;13.88;14.00;14.11;14.21;14.32;14.43;14.54;14.64;14.72;14.79;14.86;14.92;14.99;15.05;15.12;15.19;15.25;15.30;15.35;15.39;15.44;15.49;15.54;15.59;15.64;15.68;15.71;15.75,,,4,5,25,"25,25,25,25,25,25,25,25,25,25,25,25,25,25,25,25,25,25,25,25,25,25,25,25,25,25,25,25,25,25,25,25,25,25,25,25,25"
938,Stage1,44.80,,,,,,,,"5,1,9",,,
938,Stage2,44.80,34.35,,,,,,,"5,1,9",9,,
938,PowerOpt,44.80,34.35,34.35,,,,"164.38,46.75,22.66,7.16,5.41,4.67,1.70,1.04,0.47,0.41,0.26,0.24,0.22,0.17,0.12,0.08,0.07,0.05,0.02,0.02,0.01","2.61,0.38,0.02","5,1,9",9,,
938,Stage3,44.80,34.35,34.35,32.23,,,,,"5,1,9",9,"50,25,59,25,25",
938,Stage3_PowerOpt,44.80,34.35,34.35,,32.23,,"45.90,12.24,2.50,1.60,0.57,0.47,0.43,0.08,0.06,0.04,0.03,0.02,0.02,0.01","2.83,0.16,0.01","5,1,9",9,"50,25,59,25,25",
938,Stage4,44.80,34.35,34.35,,32.23,7.37;15.23;17.00;18.86;19.99;21.05;22.02;22.82;23.47;23.95;24.35;24.73;25.07;25.40;25.71;26.05;26.41;26.65;26.88;27.10;27.30;27.51;27.70;27.91;28.12;28.28;28.43;28.58;28.73;28.87;29.02;29.18;29.33;29.45;29.57;29.68;29.80;29.91;30.03;30.15;30.29;30.40;30.50;30.59;30.68,,,"5,1,9",9,"50,25,59,25,25","59,25,59,25,25,50,25,25,50,25,59,50,59,50,25,59,25,25,50,50,50,25,25,59,25,25,50,50,50,25,25,25,25,59,50,50,50,59,25,25,25,25,25,50,59"
939,Stage1,40.49,,,,,,,,"9,1",,,
939,Stage2,40.49,24.81,,,,,,,"9,1",9,,
939,PowerOpt,40.49,24.81,24.81,,,,"138.41,76.05,21.89,8.94,4.29,2.48,1.75,0.96,0.37,0.17,0.14,0.13,0.10,0.09,0.06,0.05,0.02,0.01,0.01","1.96,0.04","9,1",9,,
939,Stage3,40.49,24.81,24.81,22.89,,,,,"9,1",9,"58,50,58,50,50",
939,Stage3_PowerOpt,40.49,24.81,24.81,,22.89,,"31.81,20.44,6.11,2.15,1.23,1.07,0.48,0.39,0.10,0.08,0.04,0.03,0.03,0.01","1.94,0.06","9,1",9,"58,50,58,50,50",
939,Stage4,40.49,24.81,24.81,,22.89,7.95;11.00;12.40;13.67;14.54;15.32;15.89;16.44;17.04;17.41;17.71;17.98;18.23;18.45;18.67;18.87;19.04;19.19;19.34;19.48;19.61;19.74;19.88;20.03;20.17;20.28;20.38;20.48;20.57;20.68;20.79;20.90;20.99;21.07;21.15;21.23;21.30;21.37;21.43;21.52;21.59;21.66;21.73;21.79,,,"9,1",9,"58,50,58,50,50","58,50,58,50,58,50,58,50,58,58,58,58,58,50,58,58,50,50,50,58,58,58,50,50,58,58,50,50,58,58,50,50,50,58,58,58,50,50,50,50,58,58,58,58"
940,Stage1,44.43,,,,,,,,"5,9",,,
940,Stage2,44.43,25.69,,,,,,,"5,9",9,,
940,PowerOpt,44.43,25.69,25.69,,,,"215.34,24.28,6.16,2.93,2.44,1.83,1.08,0.50,0.40,0.34,0.23,0.14,0.08,0.07,0.03,0.02,0.02,0.01,0.01","1.95,0.05","5,9",9,,
940,Stage3,44.43,25.69,25.69,24.22,,,,,"5,9",9,"25,2,25,25,2",
940,Stage3_PowerOpt,44.43,25.69,25.69,,24.22,,"55.63,6.40,0.79,0.62,0.18,0.12,0.11,0.04,0.03,0.03,0.01","1.97,0.03","5,9",9,"25,2,25,25,2",
940,Stage4,44.43,25.69,25.69,,24.22,9.67;12.72;14.42;15.48;16.34;17.00;17.56;18.04;18.47;18.80;19.04;19.25;19.45;19.66;19.88;20.10;20.34;20.52;20.66;20.78;20.91;21.03;21.17;21.31;21.47;21.59;21.69;21.78;21.87;21.96;22.06;22.17;22.29;22.38;22.46;22.54;22.61;22.68;22.76;22.84;22.94;23.02,,,"5,9",9,"25,2,25,25,2","25,2,25,2,25,25,25,25,25,2,2,2,25,2,25,25,25,25,2,2,25,2,25,25,25,2,25,2,25,2,25,25,25,25,2,2,25,2,25,25,25,25"
941,Stage1,44.01,,,,,,,,5,,,
941,Stage2,44.01,16.35,,,,,,,5,5,,
941,PowerOpt,44.01,16.35,16.35,,,,"199.01,48.29,3.08,1.86,1.28,0.80,0.61,0.23,0.21,0.19,0.14,0.07,0.06,0.03,0.02,0.02,0.02,0.01",1.00,5,5,,
941,Stage3,44.01,16.35,16.35,16.30,,,,,5,5,25,
941,Stage3_PowerOpt,44.01,16.35,16.35,,16.30,,"51.01,12.23,0.48,0.21,0.05",1.00,5,5,25,
941,Stage4,44.01,16.35,16.35,,16.30,8.08;10.65;11.39;11.94;12.37;12.72;13.02;13.28;13.47;13.61;13.73;13.84;13.94;14.05;14.16;14.28;14.38;14.46;14.53;14.60;14.66;14.72;14.79;14.87;14.94;14.99;15.04;15.09;15.14;15.18;15.23;15.28;15.34;15.38;15.42;15.46;15.49,,,5,5,25,"25,25,25,25,25,25,25,25,25,25,25,25,25,25,25,25,25,25,25,25,25,25,25,25,25,25,25,25,25,25,25,25,25,25,25,25,25"
942,Stage1,42.97,,,,,,,,"5,9,1",,,
942,Stage2,42.97,32.50,,,,,,,"5,9,1",9,,
942,PowerOpt,42.97,32.50,32.50,,,,"188.09,51.59,9.25,2.35,2.12,1.44,0.29,0.21,0.18,0.13,0.10,0.07,0.04,0.03,0.02,0.01","2.93,0.06,0.01","5,9,1",9,,
942,Stage3,42.97,32.50,32.50,31.36,,,,,"5,9,1",9,"17,18,17,18,17",
942,Stage3_PowerOpt,42.97,32.50,32.50,,31.36,,"47.78,13.22,1.20,0.59,0.54,0.29,0.18,0.07,0.05,0.03,0.01","2.94,0.05,0.01","5,9,1",9,"17,18,17,18,17",
942,Stage4,42.97,32.50,32.50,,31.36,9.79;14.10;16.54;18.07;19.09;20.33;21.17;21.96;22.65;23.18;23.53;23.90;24.20;24.54;24.88;25.19;25.53;25.78;26.00;26.20;26.39;26.58;26.79;26.99;27.20;27.36;27.52;27.64;27.76;27.90;28.04;28.21;28.38;28.52;28.64;28.75;28.84;28.96;29.08;29.21;29.36;29.48;29.56;29.71;29.80,,,"5,9,1",9,"17,18,17,18,17","17,18,18,18,17,17,17,17,18,17,17,18,17,17,17,17,18,17,17,18,17,17,17,17,18,18,17,17,18,17,18,18,17,18,18,17,18,17,17,18,18,17,18,17,18"
943,Stage1,38.47,,,,,,,,5,,,
943,Stage2,38.47,16.28,,,,,,,5,9,,
943,PowerOpt,38.47,16.28,16.28,,,,"207.08,36.01,6.79,2.87,1.39,1.32,0.17,0.11,0.06,0.05,0.02,0.02,0.02,0.01",1.00,5,9,,
943,Stage3,38.47,16.28,16.28,15.98,,,,,5,9,18,
943,Stage3_PowerOpt,38.47,16.28,16.28,,15.98,,"51.50,8.97,1.96,0.71,0.38,0.34,0.04,0.03,0.02,0.01",1.00,5,9,18,
943,Stage4,38.47,16.28,16.28,,15.98,8.18;10.54;11.25;11.73;12.12;12.45;12.72;12.95;13.15;13.30;13.42;13.53;13.64;13.74;13.85;13.96;14.06;14.14;14.22;14.28;14.34;14.41;14.47;14.54;14.62;14.68;14.73;14.77;14.82;14.86;14.91;14.96;15.02;15.06;15.10;15.14;15.17;15.21,,,5,9,18,"18,18,18,18,18,18,18,18,18,18,18,18,18,18,18,18,18,18,18,18,18,18,18,18,18,18,18,18,18,18,18,18,18,18,18,18,18,18"
944,Stage1,35.01,,,,,,,,5,,,
944,Stage2,35.01,16.28,,,,,,,5,9,,
944,PowerOpt,35.01,16.28,16.28,,,,"213.24,33.14,4.58,2.33,1.89,0.30,0.27,0.09,0.06,0.02,0.01",1.00,5,9,,
944,Stage3,35.01,16.28,16.28,16.12,,,,,5,9,18,
944,Stage3_PowerOpt,35.01,16.28,16.28,,16.12,,"53.24,8.22,1.28,0.58,0.47,0.08,0.07,0.03,0.02",1.00,5,9,18,
944,Stage4,35.01,16.28,16.28,,16.12,8.17;10.48;11.21;11.75;12.17;12.53;12.83;13.09;13.28;13.42;13.54;13.65;13.76;13.86;13.97;14.09;14.19;14.28;14.35;14.41;14.47;14.54;14.61;14.68;14.75;14.81;14.86;14.90;14.95;15.00;15.05;15.10;15.15;15.20;15.24;15.27;15.31;15.35,,,5,9,18,"18,18,18,18,18,18,18,18,18,18,18,18,18,18,18,18,18,18,18,18,18,18,18,18,18,18,18,18,18,18,18,18,18,18,18,18,18,18"
945,Stage1,40.59,,,,,,,,"5,9",,,
945,Stage2,40.59,25.15,,,,,,,"5,9",4,,
945,PowerOpt,40.59,25.15,25.15,,,,"177.92,54.02,11.32,5.46,1.94,1.53,1.19,0.61,0.43,0.31,0.29,0.21,0.11,0.09,0.07,0.07,0.06,0.06,0.04,0.03,0.03,0.03,0.02,0.02,0.01,0.01","1.95,0.05","5,9",4,,
945,Stage3,40.59,25.15,25.15,24.57,,,,,"5,9",4,25,
945,Stage3_PowerOpt,40.59,25.15,25.15,,24.57,,"43.78,13.12,3.65,1.39,0.63,0.40,0.36,0.15,0.13,0.09,0.07,0.05,0.03,0.02,0.02,0.02,0.01,0.01,0.01","1.94,0.06","5,9",4,25,
945,Stage4,40.59,25.15,25.15,,24.57,8.71;12.07;14.04;15.41;16.44;17.20;17.76;18.30;18.72;19.02;19.29;19.55;19.79;20.03;20.24;20.47;20.69;20.85;20.99;21.14;21.28;21.41;21.55;21.69;21.83;21.95;22.05;22.14;22.23;22.33;22.42;22.52;22.63;22.71;22.79;22.86;22.93;23.01;23.08;23.16;23.25;23.32;23.39,,,"5,9",4,25,"25,25,25,25,25,25,25,25,25,25,25,25,25,25,25,25,25,25,25,25,25,25,25,25,25,25,25,25,25,25,25,25,25,25,25,25,25,25,25,25,25,25,25"
946,Stage1,41.55,,,,,,,,"5,13",,,
946,Stage2,41.55,24.81,,,,,,,"5,13",4,,
946,PowerOpt,41.55,24.81,24.81,,,,"183.36,48.43,9.85,5.66,4.42,1.08,0.83,0.42,0.36,0.34,0.24,0.23,0.12,0.12,0.10,0.07,0.06,0.05,0.04,0.04,0.03,0.03,0.02,0.01,0.01","1.95,0.05","5,13",4,,
946,Stage3,41.55,24.81,24.81,24.29,,,,,"5,13",4,25,
946,Stage3_PowerOpt,41.55,24.81,24.81,,24.29,,"44.15,11.71,3.76,1.97,1.16,0.33,0.22,0.14,0.11,0.09,0.07,0.06,0.05,0.03,0.03,0.02,0.02,0.02,0.01,0.01","1.94,0.06","5,13",4,25,
946,Stage4,41.55,24.81,24.81,,24.29,8.59;12.80;14.50;15.71;16.54;17.18;17.66;18.19;18.59;18.89;19.15;19.36;19.59;19.79;20.02;20.22;20.43;20.59;20.74;20.86;20.99;21.12;21.25;21.40;21.55;21.66;21.76;21.86;21.94;22.03;22.12;22.24;22.36;22.45;22.53;22.60;22.67;22.74;22.81;22.90;22.99;23.07;23.13,,,"5,13",4,25,"25,25,25,25,25,25,25,25,25,25,25,25,25,25,25,25,25,25,25,25,25,25,25,25,25,25,25,25,25,25,25,25,25,25,25,25,25,25,25,25,25,25,25"
947,Stage1,40.31,,,,,,,,4,,,
947,Stage2,40.31,16.40,,,,,,,4,4,,
947,PowerOpt,40.31,16.40,16.40,,,,"188.34,50.67,6.23,4.05,1.94,1.88,1.02,0.86,0.43,0.20,0.14,0.07,0.04,0.03,0.02,0.01",1.00,4,4,,
947,Stage3,40.31,16.40,16.40,16.43,,,,,4,4,25,
947,Stage3_PowerOpt,40.31,16.40,16.40,,16.43,,"47.20,12.37,1.80,1.03,0.54,0.38,0.25,0.17,0.11,0.05,0.03,0.02,0.01",1.00,4,4,25,
947,Stage4,40.31,16.40,16.40,,16.43,8.02;10.92;11.68;12.20;12.60;12.92;13.19;13.41;13.60;13.74;13.87;13.98;14.09;14.20;14.31;14.42;14.51;14.59;14.67;14.73;14.80;14.87;14.93;15.00;15.07;15.13;15.18;15.22;15.27;15.32;15.37;15.42;15.47;15.51;15.55;15.59;15.63,,,4,4,25,"25,25,25,25,25,25,25,25,25,25,25,25,25,25,25,25,25,25,25,25,25,25,25,25,25,25,25,25,25,25,25,25,25,25,25,25,25"
948,Stage1,29.65,,,,,,,,"4,0",,,
948,Stage2,29.65,23.24,,,,,,,"4,0",4,,
948,PowerOpt,29.65,23.24,23.24,,,,"183.32,53.51,12.09,3.99,1.56,0.77,0.20,0.19,0.14,0.08,0.05,0.03","2.00,0.00","4,0",4,,
948,Stage3,29.65,23.24,23.24,22.88,,,,,"4,0",4,25,
948,Stage3_PowerOpt,29.65,23.24,23.24,,22.88,,"45.44,13.21,3.52,0.99,0.45,0.19,0.06,0.05,0.04,0.02,0.01","2.00,0.00","4,0",4,25,
948,Stage4,29.65,23.24,23.24,,22.88,7.05;11.42;12.49;13.41;14.21;14.89;15.48;16.01;16.59;16.93;17.20;17.44;17.66;17.88;18.10;18.31;18.63;18.84;19.02;19.18;19.33;19.47;19.61;19.77;19.96;20.11;20.23;20.35;20.46;20.57;20.68;20.79;20.92;21.03;21.12;21.20;21.28;21.36;21.44;21.53;21.62;21.70;21.77,,,"4,0",4,25,"25,25,25,25,25,25,25,25,25,25,25,25,25,25,25,25,25,25,25,25,25,25,25,25,25,25,25,25,25,25,25,25,25,25,25,25,25,25,25,25,25,25,25"
949,Stage1,40.50,,,,,,,,"4,0",,,
949,Stage2,40.50,26.78,,,,,,,"4,0",0,,
949,PowerOpt,40.50,26.78,26.78,,,,"109.62,65.55,52.20,16.62,5.93,1.89,1.36,0.65,0.61,0.53,0.45,0.23,0.14,0.05,0.03,0.03,0.02,0.01,0.01","1.97,0.03","4,0",0,,
949,Stage3,40.50,26.78,26.78,24.72,,,,,"4,0",0,"25,48,25,48,25",
949,Stage3_PowerOpt,40.50,26.78,26.78,,24.72,,"31.58,15.51,10.98,3.00,1.63,0.40,0.23,0.15,0.14,0.11,0.10,0.05,0.04,0.03,0.01","1.97,0.03","4,0",0,"25,48,25,48,25",
949,Stage4,40.50,26.78,26.78,,24.72,8.59;13.37;14.85;15.97;16.93;17.58;18.19;18.65;19.04;19.34;19.59;19.82;20.03;20.25;20.46;20.68;20.89;21.05;21.20;21.33;21.46;21.59;21.73;21.86;22.01;22.12;22.22;22.31;22.40;22.50;22.60;22.69;22.80;22.89;22.96;23.04;23.11;23.18;23.27;23.35;23.44;23.51,,,"4,0",0,"25,48,25,48,25","48,25,25,48,25,25,48,25,25,48,25,48,25,48,48,25,25,48,25,25,25,48,48,25,25,48,25,25,48,48,48,25,25,48,25,25,25,25,48,48,25,48"
950,Stage1,37.87,,,,,,,,4,,,
950,Stage2,37.87,16.30,,,,,,,4,4,,
950,PowerOpt,37.87,16.30,16.30,,,,"195.32,52.96,4.71,1.83,0.54,0.30,0.09,0.09,0.02,0.02",1.00,4,4,,
950,Stage3,37.87,16.30,16.30,16.18,,,,,4,4,25,
950,Stage3_PowerOpt,37.87,16.30,16.30,,16.18,,"48.84,13.18,1.18,0.46,0.19,0.07,0.03,0.02",1.00,4,4,25,
950,Stage4,37.87,16.30,16.30,,16.18,8.12;10.60;11.32;11.86;12.27;12.62;12.91;13.16;13.36;13.50;13.62;13.73;13.83;13.94;14.05;14.16;14.27;14.35;14.42;14.48;14.54;14.61;14.68;14.75;14.82;14.88;14.93;14.97;15.02;15.06;15.11;15.17;15.22;15.27;15.31;15.34;15.38,,,4,4,25,"25,25,25,25,25,25,25,25,25,25,25,25,25,25,25,25,25,25,25,25,25,25,25,25,25,25,25,25,25,25,25,25,25,25,25,25,25"
953,Stage1,54.54,,,,,,,,5,,,
953,Stage2,54.54,16.11,,,,,,,5,0,,
953,PowerOpt,54.54,16.11,16.11,,,,"73.29,42.61,32.99,27.93,21.93,12.78,10.89,9.04,7.74,4.61,3.27,2.94,1.55,1.44,0.96,0.80,0.45,0.23,0.18,0.12,0.07,0.04,0.03,0.03,0.01",1.00,5,0,,
953,Stage3,54.54,16.11,16.11,15.99,,,,,5,0,"39,39,32,39",
953,Stage3_PowerOpt,54.54,16.11,16.11,,15.99,,"21.54,11.46,6.27,5.84,4.23,3.97,2.65,2.03,1.45,1.13,1.03,0.75,0.58,0.38,0.26,0.14,0.08,0.04,0.04,0.03,0.03,0.02,0.01,0.01,0.01",1.00,5,0,"39,39,32,39",
953,Stage4,54.54,16.11,16.11,,15.99,8.19;10.56;11.31;11.79;12.17;12.46;12.71;12.92;13.10;13.25;13.39;13.51;13.62;13.73;13.84;13.94;14.03;14.12;14.19;14.27;14.33;14.40;14.47;14.54;14.60;14.66;14.71;14.77;14.81;14.86;14.91;14.96;15.01;15.06;15.10;15.14;15.18;15.22,,,5,0,"39,39,32,39","39,32,39,39,39,32,39,39,32,39,32,39,39,39,32,39,32,39,39,39,39,39,32,39,32,32,39,39,39,39,32,39,39,32,39,39,39,39"
954,Stage1,52.39,,,,,,,,5,,,
954,Stage2,52.39,16.35,,,,,,,5,12,,
954,PowerOpt,52.39,16.35,16.35,,,,"70.59,46.25,38.99,31.61,19.88,14.57,9.99,7.98,6.79,4.69,1.37,1.13,0.83,0.36,0.30,0.18,0.12,0.09,0.06,0.05,0.03,0.03,0.02,0.02,0.01,0.01",1.00,5,12,,
954,Stage3,52.39,16.35,16.35,16.42,,,,,5,12,39,
954,Stage3_PowerOpt,52.39,16.35,16.35,,16.42,,"18.83,10.69,9.62,7.51,4.85,3.66,2.57,2.37,1.63,1.24,0.36,0.28,0.11,0.09,0.05,0.04,0.03,0.02,0.02",1.00,5,12,39,
954,Stage4,52.39,16.35,16.35,,16.42,8.20;10.99;11.76;12.26;12.63;12.91;13.16;13.37;13.53;13.68;13.82;13.95;14.07;14.18;14.28;14.38;14.46;14.55;14.63;14.70;14.77;14.84;14.90;14.97;15.03;15.09;15.14;15.19;15.25;15.29;15.34;15.39;15.44;15.48;15.52;15.56;15.60,,,5,12,39,"39,39,39,39,39,39,39,39,39,39,39,39,39,39,39,39,39,39,39,39,39,39,39,39,39,39,39,39,39,39,39,39,39,39,39,39,39"
955,Stage1,39.69,,,,,,,,"1,9",,,
955,Stage2,39.69,23.82,,,,,,,"1,9",3,,
955,PowerOpt,39.69,23.82,23.82,,,,"163.78,41.11,36.27,9.22,1.21,1.19,0.98,0.94,0.40,0.29,0.28,0.20,0.05,0.03,0.02","1.97,0.03","1,9",3,,
955,Stage3,39.69,23.82,23.82,23.36,,,,,"1,9",3,"32,32,21,32",
955,Stage3_PowerOpt,39.69,23.82,23.82,,23.36,,"39.59,12.60,8.32,2.69,0.32,0.12,0.11,0.08,0.07,0.05,0.02,0.02","1.98,0.02","1,9",3,"32,32,21,32",
955,Stage4,39.69,23.82,23.82,,23.36,8.05;11.52;13.13;14.46;15.54;16.26;16.84;17.30;17.61;17.87;18.15;18.40;18.67;18.90;19.10;19.31;19.50;19.65;19.80;19.94;20.09;20.23;20.36;20.49;20.63;20.73;20.84;20.94;21.05;21.14;21.24;21.33;21.43;21.52;21.60;21.67;21.76;21.84;21.91;21.99;22.07;22.14;22.21,,,"1,9",3,"32,32,21,32","32,32,32,21,32,32,32,32,21,32,32,32,21,32,32,32,32,21,32,21,32,32,21,32,32,32,32,32,32,21,32,32,32,32,21,32,32,21,21,32,32,32,32"
956,Stage1,45.58,,,,,,,,"9,1",,,
956,Stage2,45.58,25.34,,,,,,,"9,1",3,,
956,PowerOpt,45.58,25.34,25.34,,,,"147.53,53.45,24.64,8.90,5.20,4.59,3.00,1.70,1.18,1.13,1.12,0.78,0.58,0.47,0.38,0.36,0.32,0.30,0.16,0.10,0.07","1.92,0.08","9,1",3,,
956,Stage3,45.58,25.34,25.34,25.10,,,,,"9,1",3,"32,29,32,32",
956,Stage3_PowerOpt,45.58,25.34,25.34,,25.10,,"36.31,14.88,7.22,1.66,1.46,0.55,0.41,0.34,0.26,0.17,0.16,0.11,0.10,0.09,0.08,0.07,0.05,0.04,0.02,0.01","1.94,0.06","9,1",3,"32,29,32,32",
956,Stage4,45.58,25.34,25.34,,25.10,8.84;12.72;15.26;16.43;17.20;17.89;18.42;18.90;19.24;19.60;19.88;20.13;20.35;20.56;20.77;20.99;21.19;21.36;21.53;21.68;21.82;21.94;22.08;22.23;22.36;22.47;22.58;22.68;22.79;22.88;22.98;23.09;23.18;23.27;23.35;23.44;23.51;23.59;23.66;23.75;23.82;23.89,,,"9,1",3,"32,29,32,32","32,29,32,32,32,32,32,32,32,29,29,29,32,29,32,32,32,32,32,29,32,29,32,32,32,32,32,29,32,32,32,32,32,32,32,29,29,32,32,32,32,32"
957,Stage1,36.44,,,,,,,,"5,13,13",,,
957,Stage2,36.44,28.07,,,,,,,"5,13,13",15,,
957,PowerOpt,36.44,28.07,28.07,,,,"43.10,42.54,27.56,24.01,18.75,16.26,13.45,11.90,11.30,8.87,7.10,5.73,5.11,4.18,3.34,2.99,2.06,1.83,1.32,1.18,1.06,0.70,0.60,0.39,0.27,0.23,0.09,0.06","2.64,0.36,0.00","5,13,13",15,,
957,Stage3,36.44,28.07,28.07,28.15,,,,,"5,13,13",15,31,
957,Stage3_PowerOpt,36.44,28.07,28.07,,28.15,,"13.55,9.50,6.56,6.29,4.65,3.77,3.06,2.77,2.64,2.31,1.81,1.39,1.25,0.97,0.70,0.61,0.56,0.40,0.29,0.23,0.21,0.15,0.10,0.09,0.06,0.04,0.02","2.62,0.38,0.00","5,13,13",15,31,
957,Stage4,36.44,28.07,28.07,,28.15,8.20;15.31;17.72;19.02;19.97;20.59;21.13;21.60;21.96;22.28;22.54;22.78;23.03;23.24;23.45;23.65;23.84;24.01;24.16;24.30;24.45;24.59;24.67;24.85;24.98;25.09;25.21;25.31;25.42;25.52;25.63;25.73;25.85;25.94;26.04;26.14;26.21;26.30;26.39;26.48;26.57;26.66;26.74;26.82,,,"5,13,13",15,31,"31,31,31,31,31,31,31,31,31,31,31,31,31,31,31,31,31,31,31,31,31,31,31,31,31,31,31,31,31,31,31,31,31,31,31,31,31,31,31,31,31,31,31,31"
968,Stage1,25.17,,,,,,,,15,,,
968,Stage2,25.17,16.95,,,,,,,15,15,,
968,PowerOpt,25.17,16.95,16.95,,,,"114.87,55.80,23.13,15.66,11.16,6.15,4.48,3.79,3.17,2.63,2.27,1.99,1.52,1.01,0.96,0.91,0.89,0.71,0.68,0.57,0.49,0.43,0.29,0.26,0.24,0.22,0.21,0.20,0.18,0.17,0.14,0.13,0.10,0.08,0.08,0.07,0.06,0.05,0.04,0.04,0.03,0.02,0.02,0.02,0.01,0.01,0.01",1.00,15,15,,
968,Stage3,25.17,16.95,16.95,17.03,,,,,15,15,39,
968,Stage3_PowerOpt,25.17,16.95,16.95,,17.03,,"13.84,10.88,8.70,8.03,4.67,4.18,2.12,1.82,1.74,1.50,1.45,0.94,0.82,0.73,0.48,0.30,0.27,0.23,0.21,0.19,0.17,0.13,0.11,0.07,0.07,0.06,0.05,0.05,0.04,0.03,0.03,0.02,0.02,0.01,0.01",1.00,15,15,39,
968,Stage4,25.17,16.95,16.95,,17.03,9.46;10.90;11.85;12.55;13.08;13.48;13.77;13.98;14.05;14.17;14.31;14.48;14.64;14.78;14.91;15.00;15.04;15.11;15.19;15.29;15.38;15.47;15.54;15.60;15.63;15.68;15.74;15.81;15.88;15.94;15.99;16.02;16.05;16.09;16.14;16.19,,,15,15,39,"39,39,39,39,39,39,39,39,39,39,39,39,39,39,39,39,39,39,39,39,39,39,39,39,39,39,39,39,39,39,39,39,39,39,39,39"
969,Stage1,22.15,,,,,,,,15,,,
969,Stage2,22.15,16.92,,,,,,,15,15,,
969,PowerOpt,22.15,16.92,16.92,,,,"141.45,37.71,11.34,10.73,8.59,5.75,5.65,4.93,4.16,4.09,3.78,2.96,2.06,1.69,1.60,1.14,1.09,0.95,0.89,0.89,0.82,0.75,0.64,0.57,0.33,0.24,0.22,0.19,0.13,0.12,0.10,0.08,0.07,0.05,0.04,0.03,0.02,0.02,0.02,0.01,0.01,0.01",1.00,15,15,,
969,Stage3,22.15,16.92,16.92,16.94,,,,,15,15,39,
969,Stage3_PowerOpt,22.15,16.92,16.92,,16.94,,"17.85,14.69,8.27,5.84,5.42,2.64,2.22,1.84,1.32,1.08,0.56,0.48,0.44,0.32,0.22,0.18,0.15,0.07,0.07,0.05,0.04,0.03,0.03,0.03,0.02,0.02,0.02,0.01,0.01",1.00,15,15,39,
969,Stage4,22.15,16.92,16.92,,16.94,9.11;10.47;11.49;12.30;12.93;13.39;13.71;13.90;13.96;14.05;14.19;14.37;14.55;14.72;14.84;14.92;14.95;15.01;15.09;15.20;15.31;15.40;15.47;15.51;15.54;15.59;15.65;15.73;15.81;15.87;15.91;15.94;15.96;16.00;16.06;16.12,,,15,15,39,"39,39,39,39,39,39,39,39,39,39,39,39,39,39,39,39,39,39,39,39,39,39,39,39,39,39,39,39,39,39,39,39,39,39,39,39"
970,Stage1,21.82,,,,,,,,8,,,
970,Stage2,21.82,16.29,,,,,,,8,15,,
970,PowerOpt,21.82,16.29,16.29,,,,"205.86,27.07,7.94,5.31,3.04,1.25,0.84,0.82,0.58,0.51,0.47,0.37,0.28,0.27,0.22,0.19,0.17,0.14,0.10,0.09,0.08,0.07,0.06,0.04,0.03,0.03,0.02,0.02,0.02,0.01,0.01",1.00,8,15,,
970,Stage3,21.82,16.29,16.29,16.23,,,,,8,15,39,
970,Stage3_PowerOpt,21.82,16.29,16.29,,16.23,,"55.32,7.05,0.85,0.18,0.13,0.10,0.10,0.06,0.05,0.04,0.03,0.02,0.02,0.01,0.01,0.01",1.00,8,15,39,
970,Stage4,21.82,16.29,16.29,,16.23,9.65;10.82;11.54;12.07;12.47;12.78;13.03;13.22;13.34;13.48;13.63;13.78;13.91;14.03;14.14;14.23;14.30;14.37;14.46;14.54;14.63;14.70;14.77;14.82;14.87;14.92;14.98;15.04;15.10;15.16;15.20;15.24;15.28;15.32;15.37;15.42;15.46,,,8,15,39,"39,39,39,39,39,39,39,39,39,39,39,39,39,39,39,39,39,39,39,39,39,39,39,39,39,39,39,39,39,39,39,39,39,39,39,39,39"
971,Stage1,21.90,,,,,,,,8,,,
971,Stage2,21.90,16.34,,,,,,,8,11,,
971,PowerOpt,21.90,16.34,16.34,,,,"183.55,58.89,11.74,1.53,0.17,0.04,0.02",1.00,8,11,,
971,Stage3,21.90,16.34,16.34,16.18,,,,,8,11,38,
971,Stage3_PowerOpt,21.90,16.34,16.34,,16.18,,"45.88,14.75,2.92,0.38,0.04,0.01",1.00,8,11,38,
971,Stage4,21.90,16.34,16.34,,16.18,9.28;10.51;11.29;11.86;12.31;12.65;12.92;13.12;13.23;13.36;13.51;13.66;13.81;13.94;14.05;14.14;14.20;14.28;14.36;14.45;14.54;14.62;14.69;14.74;14.79;14.84;14.90;14.97;15.03;15.08;15.13;15.17;15.21;15.25;15.30;15.35;15.40,,,8,11,38,"38,38,38,38,38,38,38,38,38,38,38,38,38,38,38,38,38,38,38,38,38,38,38,38,38,38,38,38,38,38,38,38,38,38,38,38,38"
972,Stage1,31.97,,,,,,,,"4,11",,,
972,Stage2,31.97,21.62,,,,,,,"4,11",12,,
972,PowerOpt,31.97,21.62,21.62,,,,"141.53,53.11,25.37,19.75,6.48,5.17,1.60,0.85,0.67,0.59,0.24,0.22,0.13,0.11,0.07,0.03,0.01","2.00,0.00","4,11",12,,
972,Stage3,31.97,21.62,21.62,20.76,,,,,"4,11",12,"31,8,38,8,38",
972,Stage3_PowerOpt,31.97,21.62,21.62,,20.76,,"39.73,13.68,5.46,1.93,1.39,0.54,0.50,0.30,0.21,0.08,0.07,0.05,0.02,0.02","2.00,0.00","4,11",12,"31,8,38,8,38",
972,Stage4,31.97,21.62,21.62,,20.76,9.57;10.89;11.79;12.47;13.00;13.51;14.01;14.44;14.99;15.32;15.56;15.86;16.13;16.38;16.60;16.79;16.98;17.12;17.28;17.45;17.62;17.77;17.91;18.03;18.15;18.26;18.38;18.50;18.62;18.72;18.82;18.91;19.00;19.09;19.19;19.28;19.37;19.44;19.51;19.59;19.66;19.73,,,"4,11",12,"31,8,38,8,38","38,38,38,38,38,8,8,38,8,8,8,38,38,38,8,8,8,8,38,38,38,38,8,8,8,8,38,38,38,38,8,8,8,8,38,38,38,8,8,8,8,38"
973,Stage1,34.52,,,,,,,,"4,11",,,
973,Stage2,34.52,24.96,,,,,,,"4,11",12,,
973,PowerOpt,34.52,24.96,24.96,,,,"175.18,58.11,14.00,6.63,1.28,0.36,0.21,0.08,0.06,0.03,0.01","2.00,0.00","4,11",12,,
973,Stage3,34.52,24.96,24.96,25.33,,,,,"4,11",12,"39,56,30,56,30",
973,Stage3_PowerOpt,34.52,24.96,24.96,,25.33,,"42.15,15.42,4.05,1.80,0.37,0.11,0.06,0.02","2.00,0.00","4,11",12,"39,56,30,56,30",
973,Stage4,34.52,24.96,24.96,,25.33,9.11;12.72;14.71;16.05;17.34;18.13;18.85;19.38;19.74;19.97;20.28;20.62;20.94;21.21;21.46;21.67;21.84;21.98;22.15;22.34;22.52;22.68;22.83;22.96;23.08;23.18;23.30;23.43;23.56;23.67;23.77;23.86;23.94;24.03;24.12,,,"4,11",12,"39,56,30,56,30","30,56,30,56,30,56,30,56,56,56,30,30,30,30,56,56,56,56,30,30,30,30,56,56,56,56,30,30,30,56,56,56,56,30,30"
974,Stage1,36.22,,,,,,,,"4,0,9",,,
974,Stage2,36.22,27.56,,,,,,,"4,0,9",4,,
974,PowerOpt,36.22,27.56,27.56,,,,"203.21,44.93,4.45,2.02,0.47,0.28,0.24,0.17,0.09,0.04,0.04,0.02","2.99,0.01,0.01","4,0,9",4,,
974,Stage3,36.22,27.56,27.56,26.10,,,,,"4,0,9",4,"56,42,33,56",
974,Stage3_PowerOpt,36.22,27.56,27.56,,26.10,,"50.12,11.69,1.23,0.65,0.12,0.08,0.05,0.03,0.02,0.01","2.99,0.01,0.00","4,0,9",4,"56,42,33,56",
974,Stage4,36.22,27.56,27.56,,26.10,6.17;11.17;12.65;13.78;14.97;15.83;16.50;17.14;17.69;18.12;18.47;18.78;19.09;19.40;19.75;20.07;20.43;20.64;20.79;20.92;21.03;21.30;21.52;21.68;21.87;22.08;22.21;22.35;22.47;22.58;22.70;23.00;23.14;23.25;23.32;23.40;23.50;23.59;23.79;23.90;24.04;24.13;24.20;24.27;24.36;24.42;24.56;24.66;24.77;24.83,,,"4,0,9",4,"56,42,33,56","33,56,56,42,56,56,33,56,42,56,42,33,42,56,33,42,42,33,33,33,56,42,33,42,56,42,33,33,33,33,56,56,33,33,33,42,33,33,56,56,42,33,33,33,42,33,56,56,42,33"
975,Stage1,27.43,,,,,,,,4,,,
975,Stage2,27.43,16.35,,,,,,,4,4,,
975,PowerOpt,27.43,16.35,16.35,,,,"202.11,48.53,4.95,0.20,0.14,0.01",1.00,4,4,,
975,Stage3,27.43,16.35,16.35,16.40,,,,,4,4,33,
975,Stage3_PowerOpt,27.43,16.35,16.35,,16.40,,"50.51,12.16,1.23,0.05,0.03",1.00,4,4,33,
975,Stage4,27.43,16.35,16.35,,16.40,8.02;10.80;11.56;12.11;12.53;12.86;13.14;13.39;13.57;13.71;13.83;13.95;14.06;14.16;14.27;14.39;14.48;14.56;14.63;14.70;14.76;14.83;14.90;14.97;15.04;15.09;15.14;15.19;15.24;15.28;15.33;15.39;15.44;15.48;15.52;15.56;15.59,,,4,4,33,"33,33,33,33,33,33,33,33,33,33,33,33,33,33,33,33,33,33,33,33,33,33,33,33,33,33,33,33,33,33,33,33,33,33,33,33,33"
976,Stage1,36.72,,,,,,,,0,,,
976,Stage2,36.72,16.46,,,,,,,0,0,,
976,PowerOpt,36.72,16.46,16.46,,,,"220.61,30.62,2.77,1.43,0.23,0.16,0.05,0.02,0.02",1.00,0,0,,
976,Stage3,36.72,16.46,16.46,16.38,,,,,0,0,56,
976,Stage3_PowerOpt,36.72,16.46,16.46,,16.38,,"55.18,7.67,0.69,0.36,0.06,0.01,0.01",1.00,0,0,56,
976,Stage4,36.72,16.46,16.46,,16.38,7.98;10.74;11.47;12.00;12.42;12.77;13.07;13.33;13.52;13.66;13.77;13.88;13.99;14.10;14.21;14.34;14.43;14.51;14.58;14.64;14.71;14.77;14.85;14.93;14.99;15.05;15.09;15.14;15.19;15.23;15.29;15.35;15.40;15.44;15.48;15.51;15.55;15.59,,,0,0,56,"56,56,56,56,56,56,56,56,56,56,56,56,56,56,56,56,56,56,56,56,56,56,56,56,56,56,56,56,56,56,56,56,56,56,56,56,56,56"
977,Stage1,38.74,,,,,,,,5,,,
977,Stage2,38.74,16.36,,,,,,,5,5,,
977,PowerOpt,38.74,16.36,16.36,,,,"174.68,61.47,12.03,3.31,3.00,0.73,0.32,0.19,0.13,0.04,0.02,0.02",1.00,5,5,,
977,Stage3,38.74,16.36,16.36,16.53,,,,,5,5,25,
977,Stage3_PowerOpt,38.74,16.36,16.36,,16.53,,"44.51,15.52,3.02,0.75,0.08,0.05,0.04",1.00,5,5,25,
977,Stage4,38.74,16.36,16.36,,16.53,7.85;11.00;11.75;12.28;12.69;13.02;13.30;13.54;13.74;13.88;14.00;14.12;14.22;14.32;14.43;14.54;14.64;14.72;14.80;14.86;14.92;14.99;15.05;15.12;15.19;15.25;15.30;15.35;15.39;15.43;15.48;15.53;15.59;15.63;15.67;15.71,,,5,5,25,"25,25,25,25,25,25,25,25,25,25,25,25,25,25,25,25,25,25,25,25,25,25,25,25,25,25,25,25,25,25,25,25,25,25,25,25"
978,Stage1,45.74,,,,,,,,"5,9,1",,,
978,Stage2,45.74,34.91,,,,,,,"5,9,1",9,,
978,PowerOpt,45.74,34.91,34.91,,,,"152.64,39.81,32.91,10.92,8.29,2.99,2.70,2.24,0.82,0.61,0.58,0.44,0.28,0.21,0.18,0.09,0.07,0.05,0.04,0.03,0.02,0.01","2.55,0.42,0.03","5,9,1",9,,
978,Stage3,45.74,34.91,34.91,33.18,,,,,"5,9,1",9,"25,50,25",
978,Stage3_PowerOpt,45.74,34.91,34.91,,33.18,,"46.69,11.79,1.98,0.95,0.88,0.83,0.41,0.17,0.07,0.06,0.04,0.03,0.03,0.02,0.02,0.01","2.86,0.11,0.03","5,9,1",9,"25,50,25",
978,Stage4,45.74,34.91,34.91,,33.18,9.93;14.99;17.75;19.29;20.88;21.95;22.98;23.71;24.42;24.87;25.32;25.68;26.01;26.34;26.66;26.98;27.34;27.58;27.81;28.01;28.23;28.43;28.62;28.82;29.05;29.21;29.38;29.53;29.68;29.82;29.96;30.11;30.28;30.41;30.53;30.65;30.77;30.88;31.00;31.12;31.26;31.37;31.47;31.56,,,"5,9,1",9,"25,50,25","25,50,25,50,25,50,25,25,50,25,50,50,25,50,25,25,25,25,50,25,50,50,25,25,25,25,50,50,50,50,25,25,25,25,50,25,25,50,50,25,25,25,25,50"
979,Stage1,46.18,,,,,,,,"5,9,1",,,
979,Stage2,46.18,34.70,,,,,,,"5,9,1",9,,
979,PowerOpt,46.18,34.70,34.70,,,,"181.72,31.78,16.03,9.55,5.18,3.31,2.74,2.00,1.76,0.57,0.36,0.17,0.14,0.13,0.11,0.11,0.09,0.05,0.05,0.04,0.03,0.01,0.01","2.72,0.26,0.02","5,9,1",9,,
979,Stage3,46.18,34.70,34.70,31.92,,,,,"5,9,1",9,"17,58,25,58,25",
979,Stage3_PowerOpt,46.18,34.70,34.70,,31.92,,"51.14,8.43,1.73,0.70,0.63,0.52,0.39,0.11,0.09,0.08,0.04,0.03,0.03,0.02,0.02,0.01","2.89,0.09,0.02","5,9,1",9,"17,58,25,58,25",
979,Stage4,46.18,34.70,34.70,,31.92,7.53;13.95;16.90;18.46;19.83;20.98;21.91;22.69;23.24;23.73;24.11;24.51;24.87;25.17;25.53;25.90;26.12;26.38;26.65;26.85;26.97;27.25;27.43;27.68;27.80;27.98;28.14;28.28;28.43;28.68;28.82;29.00;29.10;29.25;29.39;29.52;29.62;29.72;29.85;29.97;30.07;30.20;30.30;30.41,,,"5,9,1",9,"17,58,25,58,25","17,58,25,58,25,58,25,25,25,58,25,58,58,25,58,25,25,58,58,58,25,58,25,25,25,25,58,25,58,58,25,58,58,25,25,17,58,25,58,25,58,25,25,25"
980,Stage1,43.71,,,,,,,,"5,9,0",,,
980,Stage2,43.71,33.37,,,,,,,"5,9,0",9,,
980,PowerOpt,43.71,33.37,33.37,,,,"197.23,32.01,13.89,3.63,2.92,2.44,1.84,0.73,0.29,0.24,0.22,0.11,0.11,0.09,0.06,0.04,0.02,0.02,0.02,0.01","2.85,0.13,0.02","5,9,0",9,,
980,Stage3,43.71,33.37,33.37,31.00,,,,,"5,9,0",9,"25,2,25,25",
980,Stage3_PowerOpt,43.71,33.37,33.37,,31.00,,"52.07,9.14,0.96,0.94,0.58,0.13,0.09,0.03,0.02,0.01","2.94,0.04,0.02","5,9,0",9,"25,2,25,25",
980,Stage4,43.71,33.37,33.37,,31.00,9.66;14.02;16.35;17.52;18.89;19.87;20.72;21.74;22.37;22.75;23.07;23.36;23.63;23.93;24.26;24.63;25.00;25.24;25.44;25.60;25.79;25.97;26.16;26.41;26.67;26.85;26.98;27.11;27.24;27.37;27.51;27.69;27.88;28.02;28.13;28.22;28.32;28.44;28.54;28.67;28.85;28.97;29.06;29.15;29.23;29.32;29.41;29.53,,,"5,9,0",9,"25,2,25,25","25,2,25,2,25,25,2,25,25,2,25,25,2,25,25,25,25,2,25,25,2,2,25,25,25,25,25,2,25,2,2,25,25,2,2,25,25,25,25,25,25,25,25,25,2,25,2,25"
981,Stage1,47.72,,,,,,,,5,,,
981,Stage2,47.72,16.48,,,,,,,5,5,,
981,PowerOpt,47.72,16.48,16.48,,,,"172.41,54.12,13.90,3.51,2.60,2.31,1.95,0.94,0.85,0.73,0.54,0.35,0.33,0.26,0.24,0.21,0.14,0.09,0.09,0.07,0.07,0.06,0.03,0.03,0.02,0.02,0.02,0.01,0.01,0.01",1.00,5,5,,
981,Stage3,47.72,16.48,16.48,16.23,,,,,5,5,25,
981,Stage3_PowerOpt,47.72,16.48,16.48,,16.23,,"44.34,14.59,3.68,0.86,0.23,0.09,0.06,0.06,0.05,0.01",1.00,5,5,25,
981,Stage4,47.72,16.48,16.48,,16.23,8.13;10.65;11.39;11.92;12.34;12.68;12.95;13.18;13.37;13.52;13.64;13.75;13.86;13.98;14.08;14.19;14.29;14.37;14.44;14.51;14.58;14.64;14.71;14.78;14.85;14.91;14.96;15.01;15.05;15.10;15.15;15.20;15.25;15.30;15.34;15.38;15.41;15.45,,,5,5,25,"25,25,25,25,25,25,25,25,25,25,25,25,25,25,25,25,25,25,25,25,25,25,25,25,25,25,25,25,25,25,25,25,25,25,25,25,25,25"
982,Stage1,42.93,,,,,,,,4,,,
982,Stage2,42.93,15.12,,,,,,,4,9,,
982,PowerOpt,42.93,15.12,15.12,,,,"189.43,31.94,15.41,7.88,3.55,1.93,1.85,0.90,0.83,0.60,0.43,0.25,0.19,0.17,0.14,0.11,0.08,0.06,0.05,0.04,0.03,0.02,0.02,0.01",1.00,4,9,,
982,Stage3,42.93,15.12,15.12,14.93,,,,,4,9,10,
982,Stage3_PowerOpt,42.93,15.12,15.12,,14.93,,"50.83,8.57,2.34,0.98,0.37,0.24,0.18,0.15,0.09,0.06,0.05,0.04,0.03,0.02,0.01",1.00,4,9,10,
982,Stage4,42.93,15.12,15.12,,14.93,7.87;9.34;10.05;10.57;10.98;11.32;11.61;11.86;12.05;12.19;12.31;12.42;12.53;12.63;12.75;12.86;12.96;13.04;13.11;13.18;13.24;13.31;13.38;13.45;13.52;13.58;13.63;13.67;13.72;13.77;13.82;13.87;13.93;13.97;14.01;14.05;14.08;14.12;14.16;14.20,,,4,9,10,"10,10,10,10,10,10,10,10,10,10,10,10,10,10,10,10,10,10,10,10,10,10,10,10,10,10,10,10,10,10,10,10,10,10,10,10,10,10,10,10"
983,Stage1,37.98,,,,,,,,"5,9,0",,,
983,Stage2,37.98,30.48,,,,,,,"5,9,0",9,,
983,PowerOpt,37.98,30.48,30.48,,,,"197.68,40.81,7.99,4.09,3.35,1.17,0.27,0.26,0.07,0.05,0.05,0.05,0.03,0.02,0.02,0.01,0.01","2.96,0.03,0.01","5,9,0",9,,
983,Stage3,37.98,30.48,30.48,29.64,,,,,"5,9,0",9,18,
983,Stage3_PowerOpt,37.98,30.48,30.48,,29.64,,"49.82,10.33,1.55,1.03,0.84,0.23,0.07,0.06,0.01,0.01,0.01","2.97,0.02,0.01","5,9,0",9,18,
983,Stage4,37.98,30.48,30.48,,29.64,8.24;13.47;15.46;16.85;17.91;19.01;19.83;20.62;21.27;21.64;21.93;22.19;22.52;22.81;23.12;23.46;23.78;24.03;24.24;24.42;24.59;24.78;24.98;25.21;25.48;25.65;25.79;25.91;26.06;26.21;26.35;26.50;26.70;26.82;26.93;27.03;27.14;27.25;27.36;27.49;27.65;27.76;27.86;27.93;28.02;28.11;28.20,,,"5,9,0",9,18,"18,18,18,18,18,18,18,18,18,18,18,18,18,18,18,18,18,18,18,18,18,18,18,18,18,18,18,18,18,18,18,18,18,18,18,18,18,18,18,18,18,18,18,18,18,18,18"
984,Stage1,40.08,,,,,,,,5,,,
984,Stage2,40.08,16.45,,,,,,,5,9,,
984,PowerOpt,40.08,16.45,16.45,,,,"186.66,46.75,12.22,4.59,1.94,1.32,1.18,0.54,0.37,0.16,0.07,0.04,0.04,0.03,0.02,0.02",1.00,5,9,,
984,Stage3,40.08,16.45,16.45,16.42,,,,,5,9,18,
984,Stage3_PowerOpt,40.08,16.45,16.45,,16.42,,"47.06,11.77,3.06,1.07,0.48,0.33,0.13,0.04,0.02,0.01",1.00,5,9,18,
984,Stage4,40.08,16.45,16.45,,16.42,8.04;10.79;11.55;12.09;12.52;12.87;13.17;13.42;13.61;13.75;13.87;13.98;14.09;14.20;14.31;14.42;14.52;14.60;14.67;14.73;14.80;14.86;14.94;15.01;15.08;15.13;15.18;15.22;15.27;15.32;15.37;15.42;15.47;15.52;15.55;15.59;15.62,,,5,9,18,"18,18,18,18,18,18,18,18,18,18,18,18,18,18,18,18,18,18,18,18,18,18,18,18,18,18,18,18,18,18,18,18,18,18,18,18,18"
985,Stage1,48.34,,,,,,,,"5,9,0",,,
985,Stage2,48.34,35.25,,,,,,,"5,9,0",4,,
985,PowerOpt,48.34,35.25,35.25,,,,"145.86,39.66,29.48,15.59,4.93,4.31,2.83,1.96,1.87,1.75,1.32,1.02,0.99,0.70,0.63,0.53,0.50,0.39,0.28,0.24,0.22,0.16,0.13,0.12,0.09,0.07,0.06,0.06,0.04,0.03,0.03,0.02,0.02,0.02,0.01,0.01,0.01","2.73,0.23,0.04","5,9,0",4,,
985,Stage3,48.34,35.25,35.25,33.90,,,,,"5,9,0",4,25,
985,Stage3_PowerOpt,48.34,35.25,35.25,,33.90,,"31.91,12.86,6.57,5.58,1.76,1.45,0.91,0.50,0.48,0.43,0.30,0.25,0.22,0.17,0.12,0.11,0.10,0.07,0.06,0.04,0.03,0.02,0.02,0.01","2.68,0.27,0.05","5,9,0",4,25,
985,Stage4,48.34,35.25,35.25,,33.90,8.18;13.38;16.16;18.43;20.19;21.59;22.72;23.66;24.44;24.92;25.35;25.74;26.10;26.44;26.77;27.09;27.51;27.78;28.03;28.27;28.49;28.72;28.93;29.14;29.40;29.60;29.76;29.93;30.10;30.26;30.42;30.58;30.77;30.91;31.04;31.16;31.28;31.42;31.55;31.68;31.83;31.94;32.05;32.14;32.22,,,"5,9,0",4,25,"25,25,25,25,25,25,25,25,25,25,25,25,25,25,25,25,25,25,25,25,25,25,25,25,25,25,25,25,25,25,25,25,25,25,25,25,25,25,25,25,25,25,25,25,25"
986,Stage1,46.39,,,,,,,,"5,13",,,
986,Stage2,46.39,25.93,,,,,,,"5,13",5,,
986,PowerOpt,46.39,25.93,25.93,,,,"162.71,66.79,7.63,5.70,2.89,1.71,1.26,1.16,0.88,0.78,0.72,0.56,0.44,0.36,0.34,0.28,0.25,0.22,0.19,0.16,0.15,0.14,0.12,0.10,0.07,0.07,0.06,0.05,0.04,0.04,0.02,0.01,0.01,0.01","1.94,0.06","5,13",5,,
986,Stage3,46.39,25.93,25.93,25.38,,,,,"5,13",5,25,
986,Stage3_PowerOpt,46.39,25.93,25.93,,25.38,,"37.44,14.56,4.60,1.78,1.28,0.98,0.65,0.40,0.33,0.28,0.28,0.25,0.19,0.14,0.12,0.11,0.10,0.09,0.08,0.07,0.06,0.05,0.04,0.04,0.03,0.02,0.01","1.89,0.11","5,13",5,25,
986,Stage4,46.39,25.93,25.93,,25.38,8.52;13.19;15.31;16.54;17.46;18.09;18.64;19.17;19.56;19.88;20.15;20.39;20.61;20.82;21.03;21.24;21.45;21.63;21.78;21.92;22.06;22.19;22.32;22.47;22.60;22.72;22.83;22.93;23.02;23.12;23.21;23.31;23.42;23.50;23.59;23.66;23.74;23.81;23.89;23.96;24.05;24.13,,,"5,13",5,25,"25,25,25,25,25,25,25,25,25,25,25,25,25,25,25,25,25,25,25,25,25,25,25,25,25,25,25,25,25,25,25,25,25,25,25,25,25,25,25,25,25,25"
987,Stage1,31.69,,,,,,,,"4,0",,,
987,Stage2,31.69,23.87,,,,,,,"4,0",0,,
987,PowerOpt,31.69,23.87,23.87,,,,"174.88,57.64,10.56,8.12,3.03,0.56,0.38,0.35,0.15,0.12,0.05,0.04,0.04,0.01,0.01","1.99,0.01","4,0",0,,
987,Stage3,31.69,23.87,23.87,23.52,,,,,"4,0",0,"24,25,25,25,24",
987,Stage3_PowerOpt,31.69,23.87,23.87,,23.52,,"44.11,13.49,2.54,2.46,0.95,0.13,0.11,0.09,0.03,0.03,0.01,0.01","1.99,0.01","4,0",0,"24,25,25,25,24",
987,Stage4,31.69,23.87,23.87,,23.52,7.37;11.46;12.64;13.67;14.56;15.33;15.99;16.57;17.31;17.71;18.02;18.29;18.54;18.80;19.04;19.27;19.56;19.77;19.94;20.08;20.22;20.39;20.56;20.67;20.83;20.95;21.06;21.13;21.25;21.35;21.44;21.50;21.61;21.71;21.77;21.84;21.92;22.00;22.07;22.11;22.22;22.31;22.37,,,"4,0",0,"24,25,25,25,24","25,24,24,24,24,24,24,24,24,24,24,24,24,24,24,24,24,24,24,24,24,24,24,24,24,24,24,25,24,25,24,24,25,24,25,25,24,24,24,24,24,24,24"
988,Stage1,28.18,,,,,,,,4,,,
988,Stage2,28.18,16.31,,,,,,,4,4,,
988,PowerOpt,28.18,16.31,16.31,,,,"199.12,39.60,7.56,6.98,1.38,0.80,0.30,0.12,0.06,0.02",1.00,4,4,,
988,Stage3,28.18,16.31,16.31,16.12,,,,,4,4,25,
988,Stage3_PowerOpt,28.18,16.31,16.31,,16.12,,"49.33,10.05,2.14,1.75,0.38,0.20,0.07,0.03,0.02",1.00,4,4,25,
988,Stage4,28.18,16.31,16.31,,16.12,8.18;10.44;11.19;11.73;12.16;12.50;12.78;13.02;13.22;13.37;13.50;13.61;13.72;13.83;13.94;14.05;14.16;14.24;14.32;14.39;14.46;14.52;14.59;14.66;14.73;14.80;14.85;14.90;14.95;15.00;15.05;15.10;15.15;15.20;15.24;15.28;15.31,,,4,4,25,"25,25,25,25,25,25,25,25,25,25,25,25,25,25,25,25,25,25,25,25,25,25,25,25,25,25,25,25,25,25,25,25,25,25,25,25,25"
989,Stage1,32.46,,,,,,,,"4,9,0",,,
989,Stage2,32.46,27.49,,,,,,,"4,9,0",4,,
989,PowerOpt,32.46,27.49,27.49,,,,"192.57,50.80,9.97,1.93,0.33,0.16,0.12,0.04,0.02","2.98,0.01,0.00","4,9,0",4,,
989,Stage3,32.46,27.49,27.49,27.40,,,,,"4,9,0",4,25,
989,Stage3_PowerOpt,32.46,27.49,27.49,,27.40,,"47.92,12.91,2.52,0.47,0.08,0.04,0.03","2.98,0.01,0.00","4,9,0",4,25,
989,Stage4,32.46,27.49,27.49,,27.40,6.64;12.33;13.90;15.11;16.18;17.17;17.97;18.90;19.40;19.73;20.02;20.31;20.58;20.89;21.17;21.55;21.84;22.07;22.25;22.45;22.57;22.77;22.97;23.16;23.37;23.53;23.65;23.77;23.89;24.01;24.14;24.29;24.47;24.60;24.70;24.80;24.90;24.99;25.09;25.21;25.37;25.48;25.57;25.66;25.74;25.82;25.91;26.00;26.16,,,"4,9,0",4,25,"25,25,25,25,25,25,25,25,25,25,25,25,25,25,25,25,25,25,25,25,25,25,25,25,25,25,25,25,25,25,25,25,25,25,25,25,25,25,25,25,25,25,25,25,25,25,25,25,25"
992,Stage1,33.99,,,,,,,,"5,1",,,
992,Stage2,33.99,22.18,,,,,,,"5,1",0,,
992,PowerOpt,33.99,22.18,22.18,,,,"230.72,23.03,1.27,0.64,0.08,0.06,0.05,0.04,0.04","1.99,0.01","5,1",0,,
992,Stage3,33.99,22.18,22.18,21.73,,,,,"5,1",0,24,
992,Stage3_PowerOpt,33.99,22.18,22.18,,21.73,,"57.71,5.76,0.32,0.16,0.01,0.01","1.99,0.01","5,1",0,24,
992,Stage4,33.99,22.18,22.18,,21.73,7.77;10.96;11.99;12.91;13.71;14.43;15.11;15.78;16.21;16.45;16.65;16.83;17.01;17.19;17.40;17.69;17.94;18.09;18.21;18.32;18.42;18.53;18.66;18.84;19.02;19.12;19.21;19.29;19.36;19.44;19.53;19.65;19.80;19.88;19.95;20.01;20.07;20.13;20.20;20.30;20.42;20.50;20.56;20.61;20.66,,,"5,1",0,24,"24,24,24,24,24,24,24,24,24,24,24,24,24,24,24,24,24,24,24,24,24,24,24,24,24,24,24,24,24,24,24,24,24,24,24,24,24,24,24,24,24,24,24,24,24"
994,Stage1,51.30,,,,,,,,"5,9,0",,,
994,Stage2,51.30,38.14,,,,,,,"5,9,0",12,,
994,PowerOpt,51.30,38.14,38.14,,,,"86.79,32.52,25.90,24.31,16.17,14.51,8.56,7.07,6.61,5.72,5.00,4.13,3.96,3.29,2.30,2.01,1.42,1.02,0.91,0.75,0.69,0.47,0.31,0.28,0.27,0.21,0.18,0.11,0.10,0.08,0.07,0.07,0.05,0.04,0.03,0.02,0.02,0.02,0.01,0.01","2.65,0.29,0.05","5,9,0",12,,
994,Stage3,51.30,38.14,38.14,37.60,,,,,"5,9,0",12,39,
994,Stage3_PowerOpt,51.30,38.14,38.14,,37.60,,"22.64,9.28,6.82,6.21,5.48,4.23,2.02,1.68,1.50,1.07,0.94,0.64,0.34,0.28,0.21,0.15,0.13,0.08,0.07,0.06,0.04,0.03,0.02,0.02,0.01","2.65,0.30,0.05","5,9,0",12,39,
994,Stage4,51.30,38.14,38.14,,37.60,7.60;16.68;21.48;24.00;25.54;26.72;27.62;28.37;28.85;29.30;29.71;30.08;30.43;30.78;31.11;31.42;31.68;31.92;32.17;32.37;32.58;32.78;32.99;33.19;33.37;33.54;33.72;33.86;34.01;34.16;34.30;34.46;34.60;34.72;34.86;34.98;35.10;35.21;35.32;35.45;35.57;35.67;35.77,,,"5,9,0",12,39,"39,39,39,39,39,39,39,39,39,39,39,39,39,39,39,39,39,39,39,39,39,39,39,39,39,39,39,39,39,39,39,39,39,39,39,39,39,39,39,39,39,39,39"
1007,Stage1,47.90,,,,,,,,0,,,
1007,Stage2,47.90,16.38,,,,,,,0,0,,
1007,PowerOpt,47.90,16.38,16.38,,,,"168.34,46.07,12.69,11.31,7.03,3.29,2.33,1.78,0.54,0.53,0.46,0.42,0.31,0.19,0.14,0.11,0.10,0.06,0.06,0.03,0.02,0.02,0.02,0.01,0.01",1.00,0,0,,
1007,Stage3,47.90,16.38,16.38,16.29,,,,,0,0,32,
1007,Stage3_PowerOpt,47.90,16.38,16.38,,16.29,,"43.49,11.92,3.27,1.82,1.49,0.60,0.45,0.42,0.13,0.11,0.08,0.06,0.05,0.03,0.03,0.01",1.00,0,0,32,
1007,Stage4,47.90,16.38,16.38,,16.29,8.14;10.80;11.51;12.02;12.41;12.74;13.02;13.26;13.44;13.59;13.72;13.83;13.94;14.05;14.16;14.27;14.37;14.45;14.52;14.59;14.66;14.72;14.79;14.87;14.93;14.98;15.03;15.08;15.13;15.18;15.23;15.28;15.33;15.37;15.41;15.45;15.48,,,0,0,32,"32,32,32,32,32,32,32,32,32,32,32,32,32,32,32,32,32,32,32,32,32,32,32,32,32,32,32,32,32,32,32,32,32,32,32,32,32"
1008,Stage1,20.33,,,,,,,,8,,,
1008,Stage2,20.33,16.17,,,,,,,8,15,,
1008,PowerOpt,20.33,16.17,16.17,,,,"110.92,55.66,37.98,18.86,8.07,7.79,4.26,2.94,2.47,1.76,1.53,1.10,0.77,0.42,0.30,0.25,0.20,0.18,0.13,0.10,0.08,0.07,0.02,0.01,0.01,0.01,0.01",1.00,8,15,,
1008,Stage3,20.33,16.17,16.17,16.27,,,,,8,15,39,
1008,Stage3_PowerOpt,20.33,16.17,16.17,,16.27,,"29.64,12.49,7.46,4.99,2.99,2.42,1.71,0.54,0.49,0.28,0.18,0.14,0.12,0.10,0.07,0.07,0.06,0.05,0.04,0.03,0.03,0.03,0.02,0.01,0.01,0.01",1.00,8,15,39,
1008,Stage4,20.33,16.17,16.17,,16.27,9.40;10.65;11.45;12.04;12.48;12.82;13.07;13.26;13.36;13.49;13.64;13.80;13.94;14.07;14.18;14.27;14.32;14.40;14.48;14.57;14.66;14.74;14.81;14.86;14.90;14.95;15.01;15.08;15.14;15.20;15.24;15.28;15.31;15.35;15.40;15.45;15.50,,,8,15,39,"39,39,39,39,39,39,39,39,39,39,39,39,39,39,39,39,39,39,39,39,39,39,39,39,39,39,39,39,39,39,39,39,39,39,39,39,39"
1009,Stage1,22.93,,,,,,,,8,,,
1009,Stage2,22.93,16.22,,,,,,,8,15,,
1009,PowerOpt,22.93,16.22,16.22,,,,"164.60,46.70,29.22,6.80,2.47,1.90,1.23,1.16,0.66,0.57,0.19,0.16,0.05,0.05,0.04,0.03,0.02,0.02,0.02,0.01",1.00,8,15,,
1009,Stage3,22.93,16.22,16.22,16.25,,,,,8,15,39,
1009,Stage3_PowerOpt,22.93,16.22,16.22,,16.25,,"22.52,18.73,14.09,4.55,1.67,0.71,0.67,0.21,0.17,0.15,0.10,0.08,0.07,0.05,0.04,0.04,0.03,0.02,0.02,0.01,0.01",1.00,8,15,39,
1009,Stage4,22.93,16.22,16.22,,16.25,8.94;10.32;11.23;11.90;12.40;12.78;13.05;13.23;13.32;13.44;13.59;13.75;13.91;14.05;14.17;14.25;14.30;14.37;14.45;14.55;14.65;14.73;14.80;14.84;14.88;14.93;15.00;15.07;15.13;15.19;15.23;15.26;15.30;15.34;15.39;15.44,,,8,15,39,"39,39,39,39,39,39,39,39,39,39,39,39,39,39,39,39,39,39,39,39,39,39,39,39,39,39,39,39,39,39,39,39,39,39,39,39"
1010,Stage1,30.92,,,,,,,,"8,4",,,
1010,Stage2,30.92,23.04,,,,,,,"8,4","0,15",,
1010,PowerOpt,30.92,23.04,23.04,,,,"174.24,74.31,4.35,1.90,0.67,0.38,0.06,0.03","2.00,0.00","8,4","0,15",,
1010,Stage3,30.92,23.04,23.04,23.01,,,,,"8,4","0,15","32,39",
1010,Stage3_PowerOpt,30.92,23.04,23.04,,23.01,,"43.82,18.43,1.03,0.47,0.14,0.09","2.00,0.00","8,4","0,15","32,39",
1010,Stage4,30.92,23.04,23.04,,23.01,8.76;11.27;12.97;14.12;15.10;15.86;16.41;16.94;17.29;17.55;17.85;18.15;18.42;18.65;18.90;19.12;19.30;19.44;19.60;19.77;19.93;20.07;20.20;20.34;20.45;20.55;20.68;20.80;20.91;21.01;21.11;21.21;21.30;21.38;21.47;21.56;21.64;21.72;21.80;21.87,,,"8,4","0,15","32,39","39,32,39,32,39,32,39,32,32,32,39,39,39,39,32,32,32,32,39,39,39,32,32,32,32,32,39,39,39,39,32,32,32,39,39,39,39,32,32,32"
1011,Stage1,21.14,,,,,,,,8,,,
1011,Stage2,21.14,16.26,,,,,,,8,11,,
1011,PowerOpt,21.14,16.26,16.26,,,,"199.90,47.35,6.90,0.91,0.34,0.18,0.12,0.11,0.07,0.03",1.00,8,11,,
1011,Stage3,21.14,16.26,16.26,16.06,,,,,8,11,38,
1011,Stage3_PowerOpt,21.14,16.26,16.26,,16.06,,"50.22,11.90,1.73,0.09,0.03,0.02",1.00,8,11,38,
1011,Stage4,21.14,16.26,16.26,,16.06,9.43;10.58;11.32;11.87;12.29;12.61;12.85;13.03;13.15;13.29;13.44;13.59;13.73;13.86;13.96;14.04;14.11;14.18;14.27;14.36;14.45;14.52;14.59;14.64;14.69;14.74;14.80;14.86;14.92;14.98;15.03;15.06;15.10;15.14;15.19;15.24;15.28,,,8,11,38,"38,38,38,38,38,38,38,38,38,38,38,38,38,38,38,38,38,38,38,38,38,38,38,38,38,38,38,38,38,38,38,38,38,38,38,38,38"
1012,Stage1,37.91,,,,,,,,4,,,
1012,Stage2,37.91,13.99,,,,,,,4,11,,
1012,PowerOpt,37.91,13.99,13.99,,,,"180.75,60.74,11.35,0.92,0.70,0.58,0.30,0.19,0.17,0.06,0.05,0.04,0.04,0.03,0.01",1.00,4,11,,
1012,Stage3,37.91,13.99,13.99,13.73,,,,,4,11,30,
1012,Stage3_PowerOpt,37.91,13.99,13.99,,13.73,,"44.91,15.31,2.85,0.44,0.23,0.08,0.05,0.04,0.03,0.03,0.01",1.00,4,11,30,
1012,Stage4,37.91,13.99,13.99,,13.73,6.15;7.49;8.43;9.16;9.72;10.14;10.44;10.65;10.72;10.83;10.97;11.14;11.32;11.47;11.59;11.68;11.72;11.79;11.87;11.98;12.08;12.17;12.24;12.29;12.33;12.38;12.44;12.51;12.59;12.65;12.69;12.73;12.76;12.80;12.85;12.91;12.96;13.01;13.04;13.06,,,4,11,30,"30,30,30,30,30,30,30,30,30,30,30,30,30,30,30,30,30,30,30,30,30,30,30,30,30,30,30,30,30,30,30,30,30,30,30,30,30,30,30,30"
1013,Stage1,34.85,,,,,,,,"4,15",,,
1013,Stage2,34.85,25.35,,,,,,,"4,15",12,,
1013,PowerOpt,34.85,25.35,25.35,,,,"180.94,51.59,12.04,7.58,2.89,0.66,0.21,0.03","2.00,0.00","4,15",12,,
1013,Stage3,34.85,25.35,25.35,25.55,,,,,"4,15",12,"39,56,30,56,30",
1013,Stage3_PowerOpt,34.85,25.35,25.35,,25.55,,"44.49,13.54,3.01,1.99,0.74,0.16,0.05","2.00,0.00","4,15",12,"39,56,30,56,30",
1013,Stage4,34.85,25.35,25.35,,25.55,9.31;13.59;15.27;16.56;17.65;18.41;19.02;19.56;19.91;20.16;20.48;20.81;21.12;21.38;21.62;21.84;22.01;22.16;22.33;22.52;22.69;22.84;22.99;23.13;23.25;23.36;23.48;23.61;23.73;23.84;23.93;24.03;24.12;24.20;24.30,,,"4,15",12,"39,56,30,56,30","30,56,30,56,30,56,30,56,56,56,30,30,30,30,56,56,56,56,30,30,30,30,56,56,56,56,30,30,30,56,56,56,56,30,30"
1014,Stage1,28.08,,,,,,,,4,,,
1014,Stage2,28.08,16.49,,,,,,,4,4,,
1014,PowerOpt,28.08,16.49,16.49,,,,"168.58,77.31,9.69,0.25,0.11,0.02",1.00,4,4,,
1014,Stage3,28.08,16.49,16.49,16.54,,,,,4,4,33,
1014,Stage3_PowerOpt,28.08,16.49,16.49,,16.54,,"42.24,19.24,2.42,0.06,0.03",1.00,4,4,33,
1014,Stage4,28.08,16.49,16.49,,16.54,7.87;10.97;11.71;12.25;12.68;13.02;13.30;13.54;13.73;13.87;13.99;14.10;14.21;14.31;14.43;14.54;14.64;14.72;14.78;14.85;14.91;14.98;15.05;15.12;15.19;15.24;15.29;15.34;15.38;15.43;15.48;15.54;15.59;15.63;15.67;15.70;15.74,,,4,4,33,"33,33,33,33,33,33,33,33,33,33,33,33,33,33,33,33,33,33,33,33,33,33,33,33,33,33,33,33,33,33,33,33,33,33,33,33,33"
1015,Stage1,27.48,,,,,,,,4,,,
1015,Stage2,27.48,16.42,,,,,,,4,4,,
1015,PowerOpt,27.48,16.42,16.42,,,,"190.38,55.04,9.39,0.86,0.21,0.04,0.01",1.00,4,4,,
1015,Stage3,27.48,16.42,16.42,16.47,,,,,4,4,33,
1015,Stage3_PowerOpt,27.48,16.42,16.42,,16.47,,"47.55,13.78,2.39,0.21,0.05",1.00,4,4,33,
1015,Stage4,27.48,16.42,16.42,,16.47,7.95;10.88;11.62;12.16;12.58;12.92;13.21;13.46;13.65;13.79;13.91;14.02;14.12;14.23;14.34;14.46;14.56;14.64;14.71;14.77;14.83;14.90;14.97;15.05;15.11;15.17;15.22;15.26;15.31;15.35;15.41;15.46;15.51;15.55;15.59;15.63;15.66,,,4,4,33,"33,33,33,33,33,33,33,33,33,33,33,33,33,33,33,33,33,33,33,33,33,33,33,33,33,33,33,33,33,33,33,33,33,33,33,33,33"
1016,Stage1,34.35,,,,,,,,5,,,
1016,Stage2,34.35,16.16,,,,,,,5,4,,
1016,PowerOpt,34.35,16.16,16.16,,,,"210.58,33.78,6.92,3.63,0.48,0.38,0.12,0.03,0.01",1.00,5,4,,
1016,Stage3,34.35,16.16,16.16,16.31,,,,,5,4,25,
1016,Stage3_PowerOpt,34.35,16.16,16.16,,16.31,,"52.71,8.50,1.67,0.90,0.12,0.10",1.00,5,4,25,
1016,Stage4,34.35,16.16,16.16,,16.31,8.08;10.67;11.42;11.97;12.40;12.74;13.04;13.29;13.48;13.61;13.73;13.84;13.95;14.06;14.17;14.29;14.39;14.46;14.53;14.60;14.66;14.73;14.80;14.87;14.94;15.00;15.04;15.09;15.14;15.18;15.23;15.29;15.34;15.38;15.42;15.46;15.49,,,5,4,25,"25,25,25,25,25,25,25,25,25,25,25,25,25,25,25,25,25,25,25,25,25,25,25,25,25,25,25,25,25,25,25,25,25,25,25,25,25"
1017,Stage1,46.81,,,,,,,,"5,9",,,
1017,Stage2,46.81,28.41,,,,,,,"5,9",9,,
1017,PowerOpt,46.81,28.41,28.41,,,,"140.21,62.22,33.95,9.52,4.75,1.98,1.04,0.90,0.61,0.41,0.13,0.06,0.06,0.04,0.03,0.02,0.01","1.69,0.31","5,9",9,,
1017,Stage3,46.81,28.41,28.41,27.45,,,,,"5,9",9,"50,25",
1017,Stage3_PowerOpt,46.81,28.41,28.41,,27.45,,"26.50,24.80,6.37,4.07,0.81,0.40,0.37,0.28,0.16,0.07,0.06,0.05,0.02,0.01","1.63,0.37","5,9",9,"50,25",
1017,Stage4,46.81,28.41,28.41,,27.45,9.05;15.75;17.70;18.77;19.63;20.30;20.89;21.38;21.75;22.05;22.28;22.50;22.71;22.93;23.15;23.39;23.60;23.76;23.90;24.02;24.15;24.27;24.42;24.57;24.71;24.83;24.93;25.02;25.11;25.20;25.30;25.41;25.52;25.61;25.68;25.75;25.82;25.89;25.97;26.07;26.15,,,"5,9",9,"50,25","50,25,50,25,50,25,50,25,25,50,50,25,50,50,25,50,25,25,50,25,50,25,50,50,50,25,25,50,25,25,50,50,25,50,50,25,50,25,50,25,50"
1018,Stage1,44.68,,,,,,,,"5,9,0",,,
1018,Stage2,44.68,34.80,,,,,,,"5,9,0",5,,
1018,PowerOpt,44.68,34.80,34.80,,,,"146.40,71.21,14.05,12.20,3.70,2.79,2.37,0.86,0.85,0.43,0.26,0.25,0.20,0.12,0.09,0.06,0.04,0.01,0.01,0.01,0.01","2.81,0.17,0.02","5,9,0",5,,
1018,Stage3,44.68,34.80,34.80,32.98,,,,,"5,9,0",5,"25,50,25,50,25",
1018,Stage3_PowerOpt,44.68,34.80,34.80,,32.98,,"35.93,16.89,4.06,3.34,1.35,1.08,0.56,0.35,0.11,0.08,0.06,0.05,0.04,0.03,0.02,0.02","2.76,0.22,0.02","5,9,0",5,"25,50,25,50,25",
1018,Stage4,44.68,34.80,34.80,,32.98,7.77;15.52;17.45;19.61;20.77;21.86;22.98;23.74;24.54;25.02;25.40;25.74;26.07;26.37;26.68;27.00;27.38;27.61;27.83;28.00;28.21;28.40;28.58;28.83;28.98;29.19;29.31;29.42;29.62;29.73;29.86;30.02;30.19;30.32;30.44;30.56;30.64;30.75;30.86;31.00;31.12;31.22;31.31;31.40,,,"5,9,0",5,"25,50,25,50,25","50,25,50,25,25,50,25,25,25,50,50,25,50,50,25,25,25,25,25,50,25,25,50,25,25,50,25,50,25,25,50,50,25,50,25,25,50,50,25,25,25,50,25,50"
1019,Stage1,46.77,,,,,,,,"5,0,0,9",,,
1019,Stage2,46.77,43.19,,,,,,,"5,0,0,9",5,,
1019,PowerOpt,46.77,43.19,43.19,,,,"98.70,63.68,29.05,20.53,9.61,9.26,8.76,5.79,2.34,1.60,1.48,1.26,1.00,0.72,0.56,0.50,0.30,0.28,0.13,0.12,0.09,0.05,0.04,0.02,0.02,0.02,0.01,0.01","2.72,1.14,0.12,0.01","5,0,0,9",5,,
1019,Stage3,46.77,43.19,43.19,39.18,,,,,"5,0,0,9",5,"17,58,50,25",
1019,Stage3_PowerOpt,46.77,43.19,43.19,,39.18,,"25.29,19.51,5.97,4.11,3.31,1.72,1.68,0.71,0.50,0.27,0.23,0.17,0.14,0.14,0.07,0.06,0.05,0.04","2.84,1.06,0.09,0.01","5,0,0,9",5,"17,58,50,25",
1019,Stage4,46.77,43.19,43.19,,39.18,9.39;15.96;19.01;21.26;22.84;24.10;25.22;26.31;27.14;27.79;28.41;28.97;29.44;29.86;30.29;30.72;31.22;31.56;31.90;32.20;32.47;32.74;33.03;33.32;33.62;33.87;34.09;34.29;34.49;34.70;34.90;35.09;35.31;35.50;35.66;35.83;35.98;36.12;36.26;36.43;36.66;36.81;36.95;37.08;37.20;37.33,,,"5,0,0,9",5,"17,58,50,25","58,17,25,58,17,50,25,58,17,50,58,25,50,17,58,58,25,58,25,50,25,50,50,25,17,58,17,17,58,50,58,58,25,25,25,58,25,25,50,50,50,58,58,17,58,50"
