ue,stage,C_TRX_UE,C_TRX_BS,C_TRX,C_Layer_no_power,C_Layer,C_ABM_hist,lambda_bs_beam,lambda_ue_beam,ue_beams,bs_pattern,bs_layer_pattern,bs_beams_abm
1066,Stage1,25.60,,,,,,,,4,,,
1066,Stage2,25.60,16.33,,,,,,,4,0,,
1066,PowerOpt,25.60,16.33,16.33,,,,"193.18,53.94,7.64,0.81,0.33,0.04",1.00,4,0,,
1066,Stage3,25.60,16.33,16.33,16.07,,,,,4,0,24,
1066,Stage3_PowerOpt,25.60,16.33,16.33,,16.07,,"48.37,13.42,1.91,0.20,0.08,0.01",1.00,4,0,24,
1066,Stage4,25.60,16.33,16.33,,16.07,8.16;10.49;11.22;11.75;12.17;12.52;12.81;13.07;13.26;13.41;13.52;13.63;13.73;13.84;13.95;14.07;14.17;14.25;14.32;14.38;14.44;14.51;14.58;14.65;14.72;14.78;14.83;14.87;14.92;14.96;15.01;15.07;15.12;15.17;15.20;15.24;15.27,,,4,0,24,"24,24,24,24,24,24,24,24,24,24,24,24,24,24,24,24,24,24,24,24,24,24,24,24,24,24,24,24,24,24,24,24,24,24,24,24,24"
1067,Stage1,26.37,,,,,,,,4,,,
1067,Stage2,26.37,16.46,,,,,,,4,0,,
1067,PowerOpt,26.37,16.46,16.46,,,,"171.00,65.20,16.47,1.80,1.07,0.30,0.09,0.03",1.00,4,0,,
1067,Stage3,26.37,16.46,16.46,16.27,,,,,4,0,24,
1067,Stage3_PowerOpt,26.37,16.46,16.46,,16.27,,"42.82,16.26,4.10,0.45,0.27,0.07,0.02",1.00,4,0,24,
1067,Stage4,26.37,16.46,16.46,,16.27,8.15;10.63;11.41;11.97;12.40;12.74;13.01;13.25;13.44;13.58;13.70;13.81;13.93;14.03;14.14;14.25;14.35;14.43;14.50;14.57;14.63;14.70;14.77;14.84;14.91;14.96;15.01;15.06;15.11;15.16;15.20;15.25;15.31;15.35;15.39;15.43;15.46,,,4,0,24,"24,24,24,24,24,24,24,24,24,24,24,24,24,24,24,24,24,24,24,24,24,24,24,24,24,24,24,24,24,24,24,24,24,24,24,24,24"
1068,Stage1,31.71,,,,,,,,"4,0,9",,,
1068,Stage2,31.71,25.90,,,,,,,"4,0,9",4,,
1068,PowerOpt,31.71,25.90,25.90,,,,"209.54,32.31,7.48,2.67,2.41,0.57,0.44,0.17,0.12,0.08,0.07,0.03,0.03,0.02","2.99,0.01,0.00","4,0,9",4,,
1068,Stage3,31.71,25.90,25.90,25.50,,,,,"4,0,9",4,"25,25,24",
1068,Stage3_PowerOpt,31.71,25.90,25.90,,25.50,,"52.41,8.16,1.84,0.65,0.59,0.14,0.11,0.03,0.02,0.02,0.02","2.99,0.00,0.00","4,0,9",4,"25,25,24",
1068,Stage4,31.71,25.90,25.90,,25.50,6.40;11.82;13.03;14.01;14.83;15.55;16.25;16.98;17.43;17.77;18.07;18.33;18.58;18.87;19.21;19.59;19.88;20.10;20.28;20.44;20.61;20.81;21.00;21.23;21.47;21.63;21.75;21.88;21.99;22.11;22.22;22.41;22.62;22.71;22.84;22.99;23.11;23.19;23.28;23.42;23.52;23.60;23.72;23.82;23.88;23.96;24.07;24.17;24.30,,,"4,0,9",4,"25,25,24","25,25,25,25,25,24,24,24,24,24,24,25,25,25,24,25,24,24,25,25,25,24,24,24,24,25,25,25,25,25,25,24,24,24,24,25,25,25,25,24,25,25,24,24,25,24,25,25,25"
1069,Stage1,30.28,,,,,,,,"4,0,12",,,
1069,Stage2,30.28,23.78,,,,,,,"4,0,12",0,,
1069,PowerOpt,30.28,23.78,23.78,,,,"164.80,67.48,10.85,5.91,2.81,2.22,0.95,0.55,0.11,0.10,0.07,0.06,0.02,0.02","2.99,0.01,0.00","4,0,12",0,,
1069,Stage3,30.28,23.78,23.78,23.64,,,,,"4,0,12",0,24,
1069,Stage3_PowerOpt,30.28,23.78,23.78,,23.64,,"41.16,16.83,2.72,1.52,0.72,0.57,0.24,0.14,0.03,0.02,0.02,0.01","2.99,0.01,0.00","4,0,12",0,24,
1069,Stage4,30.28,23.78,23.78,,23.64,6.61;11.96;13.27;14.36;15.31;16.11;16.76;17.32;17.74;18.03;18.27;18.49;18.71;18.93;19.16;19.41;19.65;19.81;19.95;20.08;20.22;20.34;20.49;20.64;20.79;20.90;21.00;21.09;21.17;21.26;21.36;21.47;21.58;21.67;21.75;21.83;21.85;21.96;22.04;22.12;22.21;22.29;22.36;22.42;22.46;22.54,,,"4,0,12",0,24,"24,24,24,24,24,24,24,24,24,24,24,24,24,24,24,24,24,24,24,24,24,24,24,24,24,24,24,24,24,24,24,24,24,24,24,24,24,24,24,24,24,24,24,24,24,24"
1087,Stage1,20.98,,,,,,,,0,,,
1087,Stage2,20.98,15.79,,,,,,,0,15,,
1087,PowerOpt,20.98,15.79,15.79,,,,"61.89,47.09,27.24,27.04,20.81,12.31,7.12,6.69,5.14,4.99,4.00,3.83,3.32,3.02,2.72,1.85,1.70,1.60,1.34,1.18,1.03,1.00,0.93,0.84,0.69,0.65,0.62,0.54,0.43,0.40,0.38,0.35,0.31,0.29,0.27,0.23,0.20,0.18,0.18,0.16,0.15,0.14,0.12,0.12,0.10,0.09,0.08,0.08,0.07,0.07,0.06,0.05,0.05,0.03,0.03,0.03,0.02,0.02,0.02,0.02,0.01,0.01,0.01,0.01",1.00,0,15,,
1087,Stage3,20.98,15.79,15.79,15.96,,,,,0,15,39,
1087,Stage3_PowerOpt,20.98,15.79,15.79,,15.96,,"43.00,14.90,2.71,0.67,0.55,0.39,0.24,0.20,0.18,0.16,0.15,0.11,0.10,0.09,0.06,0.06,0.05,0.05,0.04,0.04,0.03,0.03,0.02,0.02,0.02,0.02,0.02,0.01,0.01",1.00,0,15,39,
1087,Stage4,20.98,15.79,15.79,,15.96,9.43;10.59;11.31;11.83;12.23;12.53;12.76;12.94;13.07;13.21;13.36;13.51;13.64;13.76;13.87;13.95;14.02;14.10;14.18;14.27;14.35;14.42;14.49;14.54;14.59;14.64;14.70;14.77;14.82;14.88;14.92;14.96;15.00;15.04;15.09;15.14;15.18,,,0,15,39,"39,39,39,39,39,39,39,39,39,39,39,39,39,39,39,39,39,39,39,39,39,39,39,39,39,39,39,39,39,39,39,39,39,39,39,39,39"
1088,Stage1,22.12,,,,,,,,"8,0,4",,,
1088,Stage2,22.12,19.60,,,,,,,"8,0,4",15,,
1088,PowerOpt,22.12,19.60,19.60,,,,"121.29,51.38,32.93,18.54,13.00,6.09,3.62,2.40,2.11,1.00,0.75,0.55,0.46,0.45,0.29,0.20,0.18,0.17,0.13,0.10,0.08,0.05,0.05,0.04,0.03,0.02,0.02,0.01,0.01","1.94,1.00,0.06","8,0,4",15,,
1088,Stage3,22.12,19.60,19.60,19.72,,,,,"8,0,4",15,39,
1088,Stage3_PowerOpt,22.12,19.60,19.60,,19.72,,"17.68,15.66,10.13,6.04,4.41,2.98,1.86,1.43,1.26,0.64,0.32,0.25,0.20,0.17,0.15,0.12,0.11,0.10,0.09,0.08,0.06,0.04,0.04,0.04,0.03,0.02,0.02,0.02,0.01","2.21,0.73,0.05","8,0,4",15,39,
1088,Stage4,22.12,19.60,19.60,,19.72,9.48;10.92;11.86;12.55;13.07;13.51;13.94;14.32;14.58;14.78;14.96;15.13;15.31;15.52;15.75;15.97;16.14;16.27;16.38;16.48;16.59;16.72;16.87;17.03;17.16;17.25;17.32;17.39;17.48;17.58;17.69;17.81;17.91;17.98;18.04;18.09;18.16;18.24;18.33;18.43;18.50;18.56;18.61;18.65;18.71;18.78,,,"8,0,4",15,39,"39,39,39,39,39,39,39,39,39,39,39,39,39,39,39,39,39,39,39,39,39,39,39,39,39,39,39,39,39,39,39,39,39,39,39,39,39,39,39,39,39,39,39,39,39,39"
1089,Stage1,24.15,,,,,,,,15,,,
1089,Stage2,24.15,16.95,,,,,,,15,15,,
1089,PowerOpt,24.15,16.95,16.95,,,,"73.73,33.67,30.95,19.42,17.21,16.14,15.28,9.14,7.57,5.96,4.70,4.28,3.27,2.44,2.04,1.82,1.68,1.56,1.11,0.85,0.75,0.46,0.42,0.38,0.31,0.15,0.14,0.12,0.10,0.05,0.04,0.04,0.03,0.03,0.02,0.01,0.01",1.00,15,15,,
1089,Stage3,24.15,16.95,16.95,16.97,,,,,15,15,39,
1089,Stage3_PowerOpt,24.15,16.95,16.95,,16.97,,"16.42,13.93,8.46,7.06,4.72,3.15,2.48,2.01,1.72,0.96,0.67,0.60,0.41,0.32,0.27,0.20,0.17,0.14,0.07,0.06,0.05,0.03,0.02,0.02,0.01,0.01",1.00,15,15,39,
1089,Stage4,24.15,16.95,16.95,,16.97,9.98;11.24;12.05;12.64;13.09;13.44;13.70;13.90;14.00;14.13;14.28;14.44;14.59;14.72;14.83;14.92;14.98;15.05;15.14;15.23;15.32;15.40;15.47;15.52;15.57;15.62;15.68;15.74;15.81;15.87;15.91;15.95;15.99;16.03;16.08;16.13,,,15,15,39,"39,39,39,39,39,39,39,39,39,39,39,39,39,39,39,39,39,39,39,39,39,39,39,39,39,39,39,39,39,39,39,39,39,39,39,39"
1090,Stage1,23.25,,,,,,,,8,,,
1090,Stage2,23.25,16.16,,,,,,,8,15,,
1090,PowerOpt,23.25,16.16,16.16,,,,"76.85,61.03,44.72,29.04,24.43,7.86,5.76,2.19,1.50,0.86,0.45,0.34,0.24,0.15,0.14,0.10,0.09,0.06,0.04,0.04,0.02,0.02",1.00,8,15,,
1090,Stage3,23.25,16.16,16.16,16.06,,,,,8,15,39,
1090,Stage3_PowerOpt,23.25,16.16,16.16,,16.06,,"20.73,17.58,9.65,8.58,2.79,2.42,0.87,0.68,0.17,0.12,0.10,0.08,0.07,0.04,0.03,0.03,0.02,0.01",1.00,8,15,39,
1090,Stage4,23.25,16.16,16.16,,16.06,8.75;10.08;10.96;11.62;12.12;12.50;12.78;12.99;13.08;13.20;13.35;13.51;13.67;13.81;13.93;14.02;14.07;14.14;14.23;14.32;14.42;14.50;14.57;14.63;14.67;14.72;14.78;14.85;14.91;14.97;15.02;15.06;15.09;15.13;15.18;15.23;15.29,,,8,15,39,"39,39,39,39,39,39,39,39,39,39,39,39,39,39,39,39,39,39,39,39,39,39,39,39,39,39,39,39,39,39,39,39,39,39,39,39,39"
1091,Stage1,35.93,,,,,,,,"0,15",,,
1091,Stage2,35.93,26.42,,,,,,,"0,15",12,,
1091,PowerOpt,35.93,26.42,26.42,,,,"175.09,48.42,15.69,8.63,6.40,1.12,0.31,0.17,0.09,0.02,0.02","2.00,0.00","0,15",12,,
1091,Stage3,35.93,26.42,26.42,25.78,,,,,"0,15",12,"39,56,31,56",
1091,Stage3_PowerOpt,35.93,26.42,26.42,,25.78,,"43.81,11.93,4.11,2.26,1.49,0.28,0.08,0.03,0.02","2.00,0.00","0,15",12,"39,56,31,56",
1091,Stage4,35.93,26.42,26.42,,25.78,9.74;13.84;15.43;16.76;17.73;18.52;19.08;19.61;19.98;20.23;20.51;20.80;21.06;21.31;21.52;21.72;21.92;22.07;22.25;22.44;22.62;22.77;22.90;23.03;23.16;23.26;23.39;23.51;23.63;23.74;23.84;23.93;24.03;24.11;24.20;24.30;24.39;24.47;24.54,,,"0,15",12,"39,56,31,56","31,56,31,56,31,56,31,56,56,31,31,31,31,56,56,56,56,56,31,31,31,31,56,56,56,56,31,31,31,31,56,56,56,56,31,31,31,56,56"
1092,Stage1,23.15,,,,,,,,8,,,
1092,Stage2,23.15,16.26,,,,,,,8,15,,
1092,PowerOpt,23.15,16.26,16.26,,,,"223.25,29.02,1.77,0.78,0.38,0.24,0.13,0.10,0.07,0.06,0.05,0.03,0.02,0.02",1.00,8,15,,
1092,Stage3,23.15,16.26,16.26,16.19,,,,,8,15,31,
1092,Stage3_PowerOpt,23.15,16.26,16.26,,16.19,,"56.17,7.12,0.43,0.12,0.05,0.04,0.02,0.01,0.01",1.00,8,15,31,
1092,Stage4,23.15,16.26,16.26,,16.19,8.90;10.28;11.18;11.84;12.33;12.69;12.95;13.13;13.21;13.34;13.49;13.66;13.82;13.96;14.07;14.15;14.20;14.27;14.36;14.45;14.55;14.64;14.70;14.75;14.79;14.84;14.90;14.97;15.04;15.10;15.15;15.18;15.21;15.25;15.30;15.36;15.41,,,8,15,31,"31,31,31,31,31,31,31,31,31,31,31,31,31,31,31,31,31,31,31,31,31,31,31,31,31,31,31,31,31,31,31,31,31,31,31,31,31"
1093,Stage1,39.16,,,,,,,,4,,,
1093,Stage2,39.16,16.48,,,,,,,4,4,,
1093,PowerOpt,39.16,16.48,16.48,,,,"181.61,52.42,7.31,6.41,5.68,1.05,1.00,0.23,0.11,0.06,0.04,0.01",1.00,4,4,,
1093,Stage3,39.16,16.48,16.48,16.56,,,,,4,4,33,
1093,Stage3_PowerOpt,39.16,16.48,16.48,,16.56,,"45.93,13.35,1.82,1.40,0.99,0.24,0.17,0.06,0.02,0.01",1.00,4,4,33,
1093,Stage4,39.16,16.48,16.48,,16.56,7.84;11.12;11.83;12.34;12.73;13.05;13.32;13.56;13.74;13.89;14.01;14.12;14.23;14.34;14.45;14.56;14.65;14.73;14.80;14.87;14.93;15.00;15.07;15.14;15.21;15.26;15.31;15.36;15.40;15.45;15.50;15.56;15.60;15.65;15.68;15.72;15.76,,,4,4,33,"33,33,33,33,33,33,33,33,33,33,33,33,33,33,33,33,33,33,33,33,33,33,33,33,33,33,33,33,33,33,33,33,33,33,33,33,33"
1094,Stage1,34.11,,,,,,,,"4,0,9",,,
1094,Stage2,34.11,28.95,,,,,,,"4,0,9",4,,
1094,PowerOpt,34.11,28.95,28.95,,,,"178.86,56.95,13.20,4.24,1.56,0.74,0.34,0.04,0.01","2.98,0.02,0.00","4,0,9",4,,
1094,Stage3,34.11,28.95,28.95,29.08,,,,,"4,0,9",4,33,
1094,Stage3_PowerOpt,34.11,28.95,28.95,,29.08,,"44.59,14.45,3.37,0.97,0.35,0.18,0.08","2.98,0.02,0.00","4,0,9",4,33,
1094,Stage4,34.11,28.95,28.95,,29.08,9.95;13.63;15.55;16.88;18.03;19.07;19.83;20.53;21.00;21.33;21.69;22.00;22.29;22.62;22.89;23.22;23.48;23.67;23.89;24.07;24.26;24.45;24.63;24.85;25.04;25.17;25.33;25.46;25.59;25.73;25.87;26.04;26.18;26.29;26.41;26.52;26.62;26.73;26.84;26.99;27.10;27.19;27.29;27.38;27.46;27.56;27.65,,,"4,0,9",4,33,"33,33,33,33,33,33,33,33,33,33,33,33,33,33,33,33,33,33,33,33,33,33,33,33,33,33,33,33,33,33,33,33,33,33,33,33,33,33,33,33,33,33,33,33,33,33,33"
1095,Stage1,26.71,,,,,,,,4,,,
1095,Stage2,26.71,16.22,,,,,,,4,4,,
1095,PowerOpt,26.71,16.22,16.22,,,,"228.44,24.18,1.67,1.49,0.13,0.02",1.00,4,4,,
1095,Stage3,26.71,16.22,16.22,16.16,,,,,4,4,25,
1095,Stage3_PowerOpt,26.71,16.22,16.22,,16.16,,"57.03,6.14,0.42,0.37,0.03",1.00,4,4,25,
1095,Stage4,26.71,16.22,16.22,,16.16,8.07;10.60;11.31;11.83;12.25;12.59;12.88;13.13;13.32;13.47;13.58;13.69;13.80;13.91;14.02;14.14;14.24;14.32;14.39;14.45;14.51;14.58;14.65;14.72;14.79;14.85;14.90;14.94;14.99;15.04;15.09;15.14;15.19;15.24;15.28;15.31;15.35;15.38,,,4,4,25,"25,25,25,25,25,25,25,25,25,25,25,25,25,25,25,25,25,25,25,25,25,25,25,25,25,25,25,25,25,25,25,25,25,25,25,25,25,25"
1096,Stage1,35.67,,,,,,,,4,,,
1096,Stage2,35.67,16.41,,,,,,,4,4,,
1096,PowerOpt,35.67,16.41,16.41,,,,"172.45,71.97,10.18,1.03,0.13,0.06,0.04,0.03,0.03,0.02",1.00,4,4,,
1096,Stage3,35.67,16.41,16.41,16.44,,,,,4,4,33,
1096,Stage3_PowerOpt,35.67,16.41,16.41,,16.44,,"43.46,17.72,2.52,0.26,0.02",1.00,4,4,33,
1096,Stage4,35.67,16.41,16.41,,16.44,7.89;10.94;11.67;12.19;12.59;12.92;13.20;13.44;13.64;13.78;13.90;14.01;14.11;14.22;14.33;14.44;14.54;14.62;14.69;14.76;14.82;14.88;14.95;15.03;15.09;15.15;15.20;15.24;15.29;15.33;15.39;15.44;15.49;15.53;15.57;15.61;15.64,,,4,4,33,"33,33,33,33,33,33,33,33,33,33,33,33,33,33,33,33,33,33,33,33,33,33,33,33,33,33,33,33,33,33,33,33,33,33,33,33,33"
1097,Stage1,46.74,,,,,,,,4,,,
1097,Stage2,46.74,16.57,,,,,,,4,4,,
1097,PowerOpt,46.74,16.57,16.57,,,,"156.14,53.60,26.91,11.23,5.44,1.70,0.51,0.21,0.10,0.06,0.03",1.00,4,4,,
1097,Stage3,46.74,16.57,16.57,16.20,,,,,4,4,33,
1097,Stage3_PowerOpt,46.74,16.57,16.57,,16.20,,"46.62,15.60,1.59,0.08,0.06,0.03",1.00,4,4,33,
1097,Stage4,46.74,16.57,16.57,,16.20,8.08;10.67;11.40;11.93;12.35;12.69;12.97;13.20;13.40;13.54;13.66;13.76;13.87;13.98;14.09;14.20;14.30;14.38;14.45;14.51;14.58;14.64;14.71;14.79;14.85;14.91;14.95;15.00;15.05;15.09;15.15;15.20;15.25;15.29;15.33;15.36;15.40,,,4,4,33,"33,33,33,33,33,33,33,33,33,33,33,33,33,33,33,33,33,33,33,33,33,33,33,33,33,33,33,33,33,33,33,33,33,33,33,33,33"
1098,Stage1,35.16,,,,,,,,5,,,
1098,Stage2,35.16,16.53,,,,,,,5,9,,
1098,PowerOpt,35.16,16.53,16.53,,,,"156.02,47.36,28.31,6.68,5.90,4.46,2.43,1.98,1.54,0.48,0.23,0.17,0.15,0.05,0.04,0.03,0.02,0.02,0.02,0.01",1.00,5,9,,
1098,Stage3,35.16,16.53,16.53,16.27,,,,,5,9,50,
1098,Stage3_PowerOpt,35.16,16.53,16.53,,16.27,,"37.71,11.61,8.27,1.78,1.69,1.09,0.60,0.52,0.42,0.12,0.07,0.04,0.04,0.01",1.00,5,9,50,
1098,Stage4,35.16,16.53,16.53,,16.27,8.18;10.54;11.30;11.83;12.23;12.57;12.87;13.12;13.36;13.53;13.68;13.80;13.92;14.03;14.15;14.26;14.34;14.42;14.49;14.56;14.62;14.69;14.76;14.83;14.90;14.96;15.01;15.06;15.11;15.15;15.20;15.26;15.30;15.34;15.38;15.42;15.45,,,5,9,50,"50,50,50,50,50,50,50,50,50,50,50,50,50,50,50,50,50,50,50,50,50,50,50,50,50,50,50,50,50,50,50,50,50,50,50,50,50"
1099,Stage1,47.32,,,,,,,,"4,9,0",,,
1099,Stage2,47.32,37.06,,,,,,,"4,9,0",5,,
1099,PowerOpt,47.32,37.06,37.06,,,,"159.20,53.92,11.35,10.27,4.80,4.73,4.02,1.50,1.31,1.03,0.94,0.63,0.38,0.37,0.34,0.31,0.15,0.13,0.13,0.11,0.05,0.04,0.04,0.03,0.03,0.02,0.02,0.02,0.02,0.01,0.01","2.73,0.24,0.03","4,9,0",5,,
1099,Stage3,47.32,37.06,37.06,35.31,,,,,"4,9,0",5,17,
1099,Stage3_PowerOpt,47.32,37.06,37.06,,35.31,,"42.81,14.19,3.01,1.62,1.07,0.50,0.30,0.16,0.11,0.08,0.04,0.03,0.02,0.02,0.01,0.01","2.86,0.12,0.02","4,9,0",5,17,
1099,Stage4,47.32,37.06,37.06,,35.31,10.08;16.08;19.70;21.98;23.29;24.58;25.44;26.29;26.78;27.25;27.54;27.96;28.20;28.56;28.90;29.19;29.47;29.72;29.92;30.13;30.29;30.51;30.72;30.92;31.15;31.30;31.46;31.59;31.73;31.88;32.01;32.19;32.40;32.50;32.61;32.74;32.83;32.97;33.10;33.23;33.40;33.49;33.59,,,"4,9,0",5,17,"17,17,17,17,17,17,17,17,17,17,17,17,17,17,17,17,17,17,17,17,17,17,17,17,17,17,17,17,17,17,17,17,17,17,17,17,17,17,17,17,17,17,17"
1100,Stage1,44.72,,,,,,,,"4,9,0",,,
1100,Stage2,44.72,35.61,,,,,,,"4,9,0",5,,
1100,PowerOpt,44.72,35.61,35.61,,,,"196.66,31.27,6.22,5.66,5.08,4.52,1.95,1.79,0.64,0.51,0.36,0.31,0.29,0.14,0.10,0.08,0.07,0.06,0.04,0.04,0.03,0.03,0.02,0.02,0.01","2.83,0.15,0.02","4,9,0",5,,
1100,Stage3,44.72,35.61,35.61,34.03,,,,,"4,9,0",5,"17,17,17,17,58",
1100,Stage3_PowerOpt,44.72,35.61,35.61,,34.03,,"49.80,8.20,1.74,1.57,1.14,0.58,0.45,0.15,0.14,0.08,0.04,0.04,0.03,0.01","2.87,0.12,0.01","4,9,0",5,"17,17,17,17,58",
1100,Stage4,44.72,35.61,35.61,,34.03,10.22;16.09;19.17;20.93;22.27;23.14;24.08;25.01;25.59;25.99;26.36;26.71;27.08;27.33;27.67;28.03;28.34;28.57;28.76;28.97;29.18;29.35;29.55;29.76;29.98;30.14;30.29;30.43;30.59;30.72;30.87;31.02;31.22;31.33;31.43;31.58;31.67;31.79;31.88;31.99;32.14;32.25;32.34,,,"4,9,0",5,"17,17,17,17,58","17,17,17,17,17,58,17,17,17,17,58,17,17,17,17,17,17,17,58,17,17,58,17,17,17,17,17,17,17,17,17,17,17,17,58,17,17,58,17,17,17,17,17"
1101,Stage1,48.05,,,,,,,,"4,9",,,
1101,Stage2,48.05,28.21,,,,,,,"4,9",5,,
1101,PowerOpt,48.05,28.21,28.22,,,,"150.74,61.94,15.69,7.11,5.61,2.74,2.36,2.09,2.05,1.35,0.94,0.75,0.59,0.37,0.27,0.21,0.17,0.17,0.16,0.10,0.08,0.07,0.06,0.06,0.04,0.04,0.03,0.02,0.02,0.02,0.02,0.01,0.01,0.01","1.87,0.13","4,9",5,,
1101,Stage3,48.05,28.21,28.22,27.59,,,,,"4,9",5,17,
1101,Stage3_PowerOpt,48.05,28.21,28.22,,27.59,,"40.60,16.23,2.58,1.84,0.93,0.55,0.46,0.38,0.16,0.07,0.05,0.04,0.03,0.02,0.01,0.01","1.92,0.08","4,9",5,17,
1101,Stage4,48.05,28.21,28.22,,27.59,9.68;14.91;17.25;18.51;19.46;20.20;20.81;21.32;21.74;22.08;22.37;22.63;22.85;23.09;23.32;23.54;23.75;23.91;24.04;24.18;24.32;24.45;24.57;24.71;24.84;24.95;25.04;25.14;25.22;25.32;25.43;25.54;25.65;25.74;25.82;25.89;25.97;26.05;26.12;26.21;26.28,,,"4,9",5,17,"17,17,17,17,17,17,17,17,17,17,17,17,17,17,17,17,17,17,17,17,17,17,17,17,17,17,17,17,17,17,17,17,17,17,17,17,17,17,17,17,17"
1102,Stage1,42.73,,,,,,,,5,,,
1102,Stage2,42.73,16.43,,,,,,,5,5,,
1102,PowerOpt,42.73,16.43,16.43,,,,"201.87,26.81,10.96,5.81,4.00,2.45,1.48,0.83,0.66,0.40,0.37,0.10,0.06,0.05,0.04,0.04,0.01",1.00,5,5,,
1102,Stage3,42.73,16.43,16.43,16.19,,,,,5,5,17,
1102,Stage3_PowerOpt,42.73,16.43,16.43,,16.19,,"54.73,7.23,1.05,0.38,0.35,0.10,0.08,0.03,0.02,0.01,0.01",1.00,5,5,17,
1102,Stage4,42.73,16.43,16.43,,16.19,8.04;10.65;11.37;11.89;12.30;12.63;12.91;13.16;13.36;13.50;13.62;13.73;13.84;13.94;14.05;14.16;14.27;14.35;14.42;14.49;14.55;14.62;14.68;14.76;14.83;14.88;14.94;14.98;15.03;15.07;15.12;15.17;15.23;15.27;15.31;15.35;15.38;15.42,,,5,5,17,"17,17,17,17,17,17,17,17,17,17,17,17,17,17,17,17,17,17,17,17,17,17,17,17,17,17,17,17,17,17,17,17,17,17,17,17,17,17"
1103,Stage1,36.99,,,,,,,,"5,9,0",,,
1103,Stage2,36.99,29.92,,,,,,,"5,9,0",5,,
1103,PowerOpt,36.99,29.92,29.92,,,,"173.20,64.57,8.21,3.77,3.49,1.00,0.81,0.35,0.17,0.15,0.06,0.05,0.04,0.03,0.02,0.02","2.97,0.02,0.00","5,9,0",5,,
1103,Stage3,36.99,29.92,29.92,28.08,,,,,"5,9,0",5,9,
1103,Stage3_PowerOpt,36.99,29.92,29.92,,28.08,,"43.35,16.18,2.06,0.93,0.89,0.26,0.20,0.04,0.04,0.02,0.01","2.98,0.02,0.00","5,9,0",5,9,
1103,Stage4,36.99,29.92,29.92,,28.08,9.30;12.60;14.42;15.78;16.79;17.64;18.47;19.27;19.85;20.21;20.55;20.85;21.12;21.41;21.75;22.09;22.34;22.54;22.72;22.87;23.03;23.21;23.39;23.61;23.82;23.98;24.12;24.27;24.42;24.55;24.69;24.87;25.03;25.15;25.26;25.36;25.45;25.55;25.67;25.79;25.92;26.02;26.11;26.20;26.30;26.40;26.50;26.62;26.74,,,"5,9,0",5,9,"9,9,9,9,9,9,9,9,9,9,9,9,9,9,9,9,9,9,9,9,9,9,9,9,9,9,9,9,9,9,9,9,9,9,9,9,9,9,9,9,9,9,9,9,9,9,9,9,9"
1104,Stage1,42.39,,,,,,,,5,,,
1104,Stage2,42.39,16.45,,,,,,,5,5,,
1104,PowerOpt,42.39,16.45,16.45,,,,"188.15,33.93,13.91,6.35,4.60,3.70,2.35,1.15,0.49,0.36,0.34,0.24,0.11,0.10,0.07,0.05,0.02,0.01",1.00,5,5,,
1104,Stage3,42.39,16.45,16.45,16.39,,,,,5,5,9,
1104,Stage3_PowerOpt,42.39,16.45,16.45,,16.39,,"46.46,8.41,3.94,1.75,1.19,0.92,0.58,0.31,0.13,0.09,0.07,0.05,0.03,0.03,0.02",1.00,5,5,9,
1104,Stage4,42.39,16.45,16.45,,16.39,8.10;10.74;11.51;12.05;12.47;12.81;13.09;13.33;13.52;13.67;13.81;13.93;14.04;14.16;14.27;14.38;14.47;14.55;14.63;14.70;14.77;14.83;14.90;14.97;15.04;15.09;15.14;15.19;15.23;15.28;15.33;15.38;15.43;15.47;15.51;15.55;15.59,,,5,5,9,"9,9,9,9,9,9,9,9,9,9,9,9,9,9,9,9,9,9,9,9,9,9,9,9,9,9,9,9,9,9,9,9,9,9,9,9,9"
1105,Stage1,24.82,,,,,,,,4,,,
1105,Stage2,24.82,16.27,,,,,,,4,0,,
1105,PowerOpt,24.82,16.27,16.27,,,,"204.05,47.72,2.38,1.43,0.31,0.05,0.01",1.00,4,0,,
1105,Stage3,24.82,16.27,16.27,15.99,,,,,4,0,24,
1105,Stage3_PowerOpt,24.82,16.27,16.27,,15.99,,"51.02,11.93,0.59,0.35,0.08,0.01",1.00,4,0,24,
1105,Stage4,24.82,16.27,16.27,,15.99,8.17;10.41;11.14;11.67;12.08;12.42;12.70;12.94;13.14;13.29;13.41;13.51;13.62;13.72;13.83;13.94;14.05;14.14;14.21;14.27;14.33;14.40;14.46;14.53;14.61;14.67;14.72;14.77;14.81;14.86;14.91;14.96;15.02;15.06;15.10;15.14;15.17;15.21,,,4,0,24,"24,24,24,24,24,24,24,24,24,24,24,24,24,24,24,24,24,24,24,24,24,24,24,24,24,24,24,24,24,24,24,24,24,24,24,24,24,24"
1106,Stage1,45.41,,,,,,,,"5,0,9",,,
1106,Stage2,45.41,35.18,,,,,,,"5,0,9",4,,
1106,PowerOpt,45.41,35.18,35.18,,,,"193.64,36.39,4.78,2.89,2.67,2.52,1.94,1.87,1.27,1.24,1.16,1.01,0.83,0.70,0.53,0.46,0.37,0.22,0.18,0.16,0.15,0.14,0.13,0.10,0.09,0.07,0.06,0.05,0.05,0.04,0.04,0.03,0.03,0.03,0.02,0.02,0.02,0.01,0.01","2.88,0.09,0.03","5,0,9",4,,
1106,Stage3,45.41,35.18,35.18,32.22,,,,,"5,0,9",4,"25,9,25,9,25",
1106,Stage3_PowerOpt,45.41,35.18,35.18,,32.22,,"48.48,9.23,1.32,0.76,0.71,0.63,0.58,0.50,0.27,0.25,0.22,0.22,0.18,0.14,0.10,0.09,0.06,0.05,0.04,0.03,0.03,0.02,0.02,0.01,0.01","2.89,0.08,0.03","5,0,9",4,"25,9,25,9,25",
1106,Stage4,45.41,35.18,35.18,,32.22,10.01;13.74;16.38;18.54;19.92;21.02;21.91;22.77;23.38;23.87;24.30;24.69;25.04;25.35;25.71;26.01;26.32;26.60;26.86;27.06;27.27;27.46;27.66;27.85;28.07;28.24;28.40;28.55;28.70;28.84;28.98;29.13;29.28;29.44;29.57;29.69;29.81;29.92;30.04;30.15;30.27;30.39;30.49;30.60;30.69,,,"5,0,9",4,"25,9,25,9,25","9,9,25,25,9,25,25,9,25,25,25,9,25,25,9,9,9,25,25,25,25,25,9,9,25,9,25,9,25,9,9,25,9,25,25,25,25,25,9,9,9,25,25,25,25"
1107,Stage1,44.23,,,,,,,,"5,0,9",,,
1107,Stage2,44.23,34.49,,,,,,,"5,0,9",4,,
1107,PowerOpt,44.23,34.49,34.49,,,,"220.67,17.97,3.34,2.60,1.54,1.15,1.00,0.98,0.74,0.73,0.69,0.59,0.46,0.44,0.41,0.37,0.35,0.32,0.29,0.20,0.18,0.13,0.12,0.10,0.09,0.09,0.07,0.06,0.04,0.03,0.03,0.03,0.02,0.02,0.01,0.01,0.01,0.01","2.91,0.07,0.02","5,0,9",4,,
1107,Stage3,44.23,34.49,34.49,31.90,,,,,"5,0,9",4,"25,17,25",
1107,Stage3_PowerOpt,44.23,34.49,34.49,,31.90,,"55.21,4.42,0.91,0.86,0.37,0.32,0.27,0.24,0.21,0.16,0.15,0.12,0.11,0.10,0.08,0.07,0.07,0.06,0.05,0.03,0.03,0.03,0.02,0.02,0.01,0.01","2.90,0.07,0.03","5,0,9",4,"25,17,25",
1107,Stage4,44.23,34.49,34.49,,31.90,7.99;13.50;16.31;18.30;19.69;20.67;21.58;22.43;23.02;23.53;23.93;24.32;24.68;24.99;25.33;25.66;25.98;26.23;26.46;26.67;26.89;27.08;27.28;27.49;27.69;27.89;28.05;28.20;28.34;28.49;28.64;28.79;28.96;29.10;29.22;29.35;29.46;29.58;29.70;29.82;29.95;30.06;30.17;30.26;30.36,,,"5,0,9",4,"25,17,25","25,17,25,17,25,25,25,17,17,25,25,25,25,25,25,17,25,17,17,25,25,25,17,17,25,25,25,17,25,25,25,25,17,17,25,25,25,25,25,17,17,25,25,25,25"
1108,Stage1,37.63,,,,,,,,"4,0,9",,,
1108,Stage2,37.63,30.42,,,,,,,"4,0,9",4,,
1108,PowerOpt,37.63,30.42,30.42,,,,"196.00,38.38,12.37,2.68,2.37,1.99,0.66,0.41,0.34,0.10,0.06,0.06,0.06,0.06,0.05,0.05,0.04,0.04,0.04,0.03,0.03,0.02,0.02,0.02,0.01,0.01,0.01","2.90,0.10,0.00","4,0,9",4,,
1108,Stage3,37.63,30.42,30.42,29.43,,,,,"4,0,9",4,"17,17,17,24,17",
1108,Stage3_PowerOpt,37.63,30.42,30.42,,29.43,,"48.33,9.45,3.82,0.75,0.64,0.49,0.21,0.11,0.10,0.03,0.02","2.87,0.12,0.00","4,0,9",4,"17,17,17,24,17",
1108,Stage4,37.63,30.42,30.42,,29.43,9.35;15.22;17.05;18.19;19.07;19.80;20.49;21.02;21.47;21.83;22.15;22.44;22.69;22.98;23.27;23.58;23.89;24.11;24.30;24.48;24.65;24.82;25.01;25.22;25.42;25.58;25.73;25.85;25.97;26.09;26.24;26.40;26.57;26.70;26.80;26.91;27.00;27.11;27.21;27.34;27.47;27.58;27.67;27.76;27.84;27.93;28.03,,,"4,0,9",4,"17,17,17,24,17","17,17,17,24,17,17,17,17,17,17,17,17,17,17,17,24,24,24,17,17,17,17,24,17,17,17,17,24,17,17,17,17,24,17,17,17,24,17,17,17,17,17,17,24,17,17,17"
1109,Stage1,28.62,,,,,,,,"4,0,12",,,
1109,Stage2,28.62,23.21,,,,,,,"4,0,12",0,,
1109,PowerOpt,28.62,23.21,23.21,,,,"189.55,48.09,6.77,5.91,2.14,1.75,0.61,0.49,0.21,0.12,0.10,0.08,0.06,0.02,0.02,0.01","2.99,0.01,0.00","4,0,12",0,,
1109,Stage3,28.62,23.21,23.21,23.09,,,,,"4,0,12",0,24,
1109,Stage3_PowerOpt,28.62,23.21,23.21,,23.09,,"47.42,11.98,1.68,1.50,0.53,0.44,0.15,0.12,0.05,0.03,0.03,0.02,0.02","2.99,0.01,0.00","4,0,12",0,24,
1109,Stage4,28.62,23.21,23.21,,23.09,6.43;11.82;12.98;14.01;14.88;15.62;16.26;16.86;17.28;17.54;17.77;17.98;18.20;18.41;18.63;18.89;19.12;19.28;19.42;19.55;19.67;19.80;19.93;20.09;20.23;20.34;20.44;20.53;20.61;20.70;20.79;20.90;21.01;21.10;21.18;21.25;21.31;21.38;21.45;21.54;21.64;21.72;21.79;21.84;21.91;21.96,,,"4,0,12",0,24,"24,24,24,24,24,24,24,24,24,24,24,24,24,24,24,24,24,24,24,24,24,24,24,24,24,24,24,24,24,24,24,24,24,24,24,24,24,24,24,24,24,24,24,24,24,24"
1127,Stage1,22.66,,,,,,,,"0,11",,,
1127,Stage2,22.66,19.34,,,,,,,"0,11",12,,
1127,PowerOpt,22.66,19.34,19.34,,,,"68.36,52.27,33.77,15.36,13.70,9.82,7.75,7.19,5.16,4.49,4.30,3.88,3.27,2.73,2.68,2.16,1.77,1.54,1.46,1.32,1.23,1.13,1.05,0.83,0.82,0.76,0.72,0.66,0.58,0.56,0.51,0.49,0.41,0.36,0.31,0.29,0.26,0.25,0.22,0.19,0.17,0.15,0.14,0.13,0.09,0.07,0.07,0.07,0.06,0.05,0.05,0.05,0.04,0.04,0.03,0.03,0.02,0.02,0.02,0.01,0.01","1.95,0.05","0,11",12,,
1127,Stage3,22.66,19.34,19.34,19.60,,,,,"0,11",12,39,
1127,Stage3_PowerOpt,22.66,19.34,19.34,,19.60,,"9.79,9.39,8.45,6.93,5.74,5.08,2.87,2.64,1.58,1.50,1.31,0.91,0.76,0.70,0.66,0.59,0.56,0.54,0.50,0.44,0.33,0.31,0.29,0.26,0.23,0.21,0.18,0.15,0.15,0.12,0.10,0.09,0.08,0.07,0.07,0.06,0.05,0.04,0.04,0.03,0.03,0.03,0.02,0.02,0.02,0.02,0.01,0.01","1.95,0.05","0,11",12,39,
1127,Stage4,22.66,19.34,19.34,,19.60,9.44;10.87;11.86;12.61;13.17;13.57;13.92;14.27;14.36;14.54;14.76;14.97;15.18;15.40;15.64;15.86;15.93;16.05;16.19;16.32;16.45;16.60;16.76;16.91;16.97;17.07;17.16;17.25;17.35;17.46;17.59;17.69;17.75;17.82;17.90;17.96;18.04;18.13;18.23;18.31;18.36;18.42;18.48;18.54;18.60;18.68,,,"0,11",12,39,"39,39,39,39,39,39,39,39,39,39,39,39,39,39,39,39,39,39,39,39,39,39,39,39,39,39,39,39,39,39,39,39,39,39,39,39,39,39,39,39,39,39,39,39,39,39"
1128,Stage1,22.59,,,,,,,,15,,,
1128,Stage2,22.59,16.90,,,,,,,15,15,,
1128,PowerOpt,22.59,16.90,16.90,,,,"102.48,47.65,39.26,16.48,15.52,11.32,4.90,4.17,3.22,1.91,1.57,1.30,0.98,0.75,0.64,0.63,0.40,0.36,0.33,0.29,0.26,0.22,0.21,0.17,0.12,0.11,0.10,0.08,0.08,0.07,0.06,0.05,0.04,0.03,0.03,0.02,0.02,0.02,0.01,0.01,0.01,0.01",1.00,15,15,,
1128,Stage3,22.59,16.90,16.90,16.99,,,,,15,15,39,
1128,Stage3_PowerOpt,22.59,16.90,16.90,,16.99,,"14.17,8.64,7.17,4.96,4.39,3.99,3.72,3.39,2.29,1.89,1.61,1.49,1.15,0.87,0.75,0.51,0.48,0.38,0.33,0.30,0.26,0.20,0.16,0.13,0.12,0.10,0.07,0.07,0.06,0.05,0.05,0.04,0.04,0.03,0.03,0.03,0.02,0.01,0.01,0.01",1.00,15,15,39,
1128,Stage4,22.59,16.90,16.90,,16.99,9.09;10.69;11.76;12.53;13.10;13.50;13.77;13.94;14.00;14.11;14.26;14.44;14.62;14.77;14.89;14.96;14.99;15.06;15.15;15.25;15.36;15.45;15.52;15.56;15.59;15.63;15.70;15.78;15.85;15.91;15.96;15.98;16.01;16.05;16.10;16.16,,,15,15,39,"39,39,39,39,39,39,39,39,39,39,39,39,39,39,39,39,39,39,39,39,39,39,39,39,39,39,39,39,39,39,39,39,39,39,39,39"
1129,Stage1,25.83,,,,,,,,15,,,
1129,Stage2,25.83,16.92,,,,,,,15,15,,
1129,PowerOpt,25.83,16.92,16.92,,,,"65.18,53.19,30.45,21.99,20.84,18.27,13.46,9.28,5.91,4.65,3.46,2.24,1.75,1.18,0.91,0.67,0.55,0.40,0.31,0.26,0.22,0.18,0.12,0.08,0.05,0.05,0.04,0.03,0.02,0.02,0.02,0.01,0.01,0.01",1.00,15,15,,
1129,Stage3,25.83,16.92,16.92,16.92,,,,,15,15,39,
1129,Stage3_PowerOpt,25.83,16.92,16.92,,16.92,,"22.03,11.58,6.86,5.25,4.37,3.40,2.71,2.38,1.46,1.18,0.64,0.51,0.47,0.27,0.21,0.16,0.14,0.10,0.08,0.07,0.06,0.04,0.02,0.01",1.00,15,15,39,
1129,Stage4,25.83,16.92,16.92,,16.92,9.19;10.65;11.61;12.32;12.86;13.28;13.59;13.81;13.89;14.00;14.14;14.31;14.47;14.62;14.75;14.85;14.89;14.96;15.05;15.14;15.24;15.33;15.40;15.46;15.50;15.55;15.61;15.68;15.75;15.81;15.86;15.90;15.93;15.97;16.02;16.07,,,15,15,39,"39,39,39,39,39,39,39,39,39,39,39,39,39,39,39,39,39,39,39,39,39,39,39,39,39,39,39,39,39,39,39,39,39,39,39,39"
1130,Stage1,35.25,,,,,,,,"0,8",,,
1130,Stage2,35.25,26.15,,,,,,,"0,8",12,,
1130,PowerOpt,35.25,26.15,26.15,,,,"181.99,48.19,17.38,5.93,2.02,0.26,0.15,0.03","1.99,0.01","0,8",12,,
1130,Stage3,35.25,26.15,26.15,25.40,,,,,"0,8",12,"39,56",
1130,Stage3_PowerOpt,35.25,26.15,26.15,,25.40,,"44.70,12.77,4.31,1.64,0.49,0.06,0.03","1.99,0.01","0,8",12,"39,56",
1130,Stage4,35.25,26.15,26.15,,25.40,8.65;13.12;15.08;16.37;17.40;18.16;18.68;19.20;19.57;19.84;20.14;20.45;20.72;20.96;21.16;21.35;21.56;21.72;21.90;22.10;22.28;22.43;22.56;22.68;22.81;22.92;23.05;23.18;23.31;23.41;23.50;23.59;23.70;23.78;23.88;23.98;24.07;24.15,,,"0,8",12,"39,56","39,56,39,56,39,56,39,56,56,39,39,39,39,56,56,56,56,56,39,39,39,39,56,56,56,56,39,39,39,39,56,56,56,56,39,39,39,39"
1131,Stage1,37.08,,,,,,,,"0,15",,,
1131,Stage2,37.08,27.25,,,,,,,"0,15",12,,
1131,PowerOpt,37.08,27.25,27.25,,,,"159.58,63.02,26.70,3.49,2.49,0.42,0.16,0.06,0.01","2.00,0.00","0,15",12,,
1131,Stage3,37.08,27.25,27.25,26.53,,,,,"0,15",12,"39,56,31,56,31",
1131,Stage3_PowerOpt,37.08,27.25,27.25,,26.53,,"40.56,14.52,7.11,0.96,0.69,0.10,0.04,0.01","2.00,0.00","0,15",12,"39,56,31,56,31",
1131,Stage4,37.08,27.25,27.25,,26.53,8.52;13.29;15.81;17.15;18.46;19.24;19.82;20.36;20.73;20.98;21.31;21.68;22.01;22.26;22.50;22.71;22.89;23.04;23.21;23.40;23.58;23.73;23.88;24.00;24.13;24.24;24.36;24.49;24.61;24.72;24.81;24.90;24.99;25.07;25.17;25.28,,,"0,15",12,"39,56,31,56,31","31,56,31,56,31,56,31,56,56,56,31,31,31,31,56,56,56,56,31,31,31,31,56,56,56,56,31,31,31,56,56,56,56,56,31,31"
1132,Stage1,38.79,,,,,,,,4,,,
1132,Stage2,38.79,16.66,,,,,,,4,4,,
1132,PowerOpt,38.79,16.66,16.66,,,,"117.91,80.57,24.36,15.21,9.57,3.68,1.63,1.31,1.13,0.19,0.12,0.11,0.09,0.03,0.01",1.00,4,4,,
1132,Stage3,38.79,16.66,16.66,15.96,,,,,4,4,"25,33,25,25,33",
1132,Stage3_PowerOpt,38.79,16.66,16.66,,15.96,,"37.23,15.07,5.80,3.17,1.23,0.80,0.28,0.20,0.14,0.03,0.02,0.02,0.01",1.00,4,4,"25,33,25,25,33",
1132,Stage4,38.79,16.66,16.66,,15.96,8.21;10.56;11.21;11.70;12.07;12.39;12.65;12.88;13.06;13.21;13.33;13.45;13.56;13.67;13.78;13.89;13.98;14.07;14.14;14.21;14.28;14.34;14.42;14.49;14.55;14.61;14.66;14.71;14.76;14.81;14.86;14.92;14.96;15.01;15.05;15.09;15.12;15.16,,,4,4,"25,33,25,25,33","33,25,33,25,33,25,25,33,33,33,25,25,33,25,25,33,33,33,25,33,25,25,25,25,33,33,33,25,25,33,25,25,25,33,33,33,25,25"
1133,Stage1,33.27,,,,,,,,"4,0,9",,,
1133,Stage2,33.27,28.85,,,,,,,"4,0,9",4,,
1133,PowerOpt,33.27,28.85,28.85,,,,"118.62,69.88,32.49,22.94,5.37,5.28,0.49,0.48,0.29,0.08,0.01","2.97,0.03,0.00","4,0,9",4,,
1133,Stage3,33.27,28.85,28.85,26.48,,,,,"4,0,9",4,"25,33,25,33,25",
1133,Stage3_PowerOpt,33.27,28.85,28.85,,26.48,,"38.80,10.69,7.57,4.78,1.05,0.85,0.10,0.09,0.05,0.01","2.97,0.03,0.00","4,0,9",4,"25,33,25,33,25",
1133,Stage4,33.27,28.85,28.85,,26.48,8.84;12.97;14.53;15.65;16.51;17.24;17.84;18.42;18.86;19.16;19.43;19.67;19.93;20.19;20.45;20.77;21.03;21.22;21.39;21.55;21.72;21.88;22.06;22.28;22.47;22.61;22.74;22.86;22.98;23.11;23.25;23.42;23.57;23.69;23.79;23.90;24.00;24.10;24.22;24.36;24.49;24.59;24.68;24.77;24.85;24.94;25.04;25.16,,,"4,0,9",4,"25,33,25,33,25","33,25,33,25,33,25,33,25,25,33,25,33,25,33,25,33,25,33,25,33,25,25,33,25,25,33,25,33,25,33,33,25,25,25,33,25,25,25,33,33,25,25,33,25,25,33,25,33"
1134,Stage1,29.94,,,,,,,,4,,,
1134,Stage2,29.94,16.25,,,,,,,4,0,,
1134,PowerOpt,29.94,16.25,16.25,,,,"196.55,51.25,7.16,0.86,0.10,0.02",1.00,4,0,,
1134,Stage3,29.94,16.25,16.25,16.25,,,,,4,0,"33,32,33",
1134,Stage3_PowerOpt,29.94,16.25,16.25,,16.25,,"50.02,11.90,1.78,0.25,0.03",1.00,4,0,"33,32,33",
1134,Stage4,29.94,16.25,16.25,,16.25,8.11;10.65;11.39;11.93;12.35;12.70;12.99;13.24;13.43;13.56;13.68;13.79;13.90;14.01;14.13;14.24;14.34;14.42;14.48;14.55;14.61;14.68;14.75;14.83;14.89;14.95;14.99;15.04;15.09;15.13;15.19;15.24;15.29;15.33;15.37;15.41;15.44,,,4,0,"33,32,33","32,33,33,33,32,32,33,33,32,33,33,33,33,33,32,33,32,33,33,33,33,33,32,32,32,32,33,32,32,33,33,32,32,33,32,33,33"
1135,Stage1,27.44,,,,,,,,"4,0,12",,,
1135,Stage2,27.44,22.48,,,,,,,"4,0,12",4,,
1135,PowerOpt,27.44,22.48,22.48,,,,"221.65,31.26,1.57,1.06,0.26,0.08,0.04,0.01,0.01","2.99,0.01,0.00","4,0,12",4,,
1135,Stage3,27.44,22.48,22.48,21.63,,,,,"4,0,12",4,33,
1135,Stage3_PowerOpt,27.44,22.48,22.48,,21.63,,"55.69,7.86,0.39,0.02,0.02","2.99,0.01,0.00","4,0,12",4,33,
1135,Stage4,27.44,22.48,22.48,,21.63,6.60;11.57;12.53;13.37;14.14;14.81;15.42;15.98;16.34;16.57;16.74;16.90;17.08;17.27;17.50;17.77;17.98;18.11;18.22;18.31;18.42;18.53;18.68;18.86;19.00;19.10;19.17;19.25;19.32;19.41;19.51;19.65;19.76;19.83;19.89;19.95;20.01;20.07;20.16;20.27;20.36;20.42;20.47;20.52;20.56,,,"4,0,12",4,33,"33,33,33,33,33,33,33,33,33,33,33,33,33,33,33,33,33,33,33,33,33,33,33,33,33,33,33,33,33,33,33,33,33,33,33,33,33,33,33,33,33,33,33,33,33"
1136,Stage1,29.04,,,,,,,,4,,,
1136,Stage2,29.04,16.29,,,,,,,4,4,,
1136,PowerOpt,29.04,16.29,16.29,,,,"212.37,38.66,3.50,0.99,0.20,0.16,0.03,0.02,0.01",1.00,4,4,,
1136,Stage3,29.04,16.29,16.29,16.31,,,,,4,4,33,
1136,Stage3_PowerOpt,29.04,16.29,16.29,,16.31,,"53.42,9.62,0.88,0.04,0.01",1.00,4,4,33,
1136,Stage4,29.04,16.29,16.29,,16.31,7.99;10.76;11.48;12.01;12.42;12.76;13.05;13.30;13.49;13.63;13.75;13.86;13.96;14.07;14.18;14.30;14.40;14.48;14.55;14.61;14.67;14.74;14.81;14.89;14.95;15.01;15.05;15.10;15.14;15.19;15.24;15.30;15.35;15.39;15.43;15.47;15.50,,,4,4,33,"33,33,33,33,33,33,33,33,33,33,33,33,33,33,33,33,33,33,33,33,33,33,33,33,33,33,33,33,33,33,33,33,33,33,33,33,33"
1137,Stage1,32.73,,,,,,,,"4,0,0",,,
1137,Stage2,32.73,27.89,,,,,,,"4,0,0",4,,
1137,PowerOpt,32.73,27.89,27.89,,,,"200.50,45.43,6.53,2.73,0.59,0.10,0.05,0.01","2.97,0.03,0.00","4,0,0",4,,
1137,Stage3,32.73,27.89,27.89,27.91,,,,,"4,0,0",4,33,
1137,Stage3_PowerOpt,32.73,27.89,27.89,,27.91,,"50.15,11.42,1.59,0.65,0.14,0.03,0.01","2.97,0.03,0.00","4,0,0",4,33,
1137,Stage4,32.73,27.89,27.89,,27.91,10.57;14.09;16.14;17.58;18.60;19.35;19.96;20.55;21.00;21.23;21.46;21.72;21.96;22.17;22.39;22.68;22.96;23.11;23.25;23.41;23.57;23.71;23.85;24.07;24.26;24.37;24.48;24.59;24.71;24.82;24.93;25.10;25.25;25.34;25.43;25.52;25.62;25.72;25.81;25.95;26.08;26.16;26.23;26.31;26.39;26.46;26.55,,,"4,0,0",4,33,"33,33,33,33,33,33,33,33,33,33,33,33,33,33,33,33,33,33,33,33,33,33,33,33,33,33,33,33,33,33,33,33,33,33,33,33,33,33,33,33,33,33,33,33,33,33,33"
1138,Stage1,38.13,,,,,,,,5,,,
1138,Stage2,38.13,16.50,,,,,,,5,9,,
1138,PowerOpt,38.13,16.50,16.50,,,,"179.93,46.54,19.57,4.42,4.03,0.75,0.43,0.09,0.06,0.04,0.02,0.02,0.01",1.00,5,9,,
1138,Stage3,38.13,16.50,16.50,16.23,,,,,5,9,58,
1138,Stage3_PowerOpt,38.13,16.50,16.50,,16.23,,"45.03,11.69,4.84,1.10,0.99,0.18,0.10,0.02,0.01",1.00,5,9,58,
1138,Stage4,38.13,16.50,16.50,,16.23,8.16;10.56;11.31;11.86;12.29;12.65;12.94;13.19;13.36;13.50;13.61;13.73;13.84;13.95;14.07;14.19;14.28;14.35;14.42;14.48;14.55;14.62;14.70;14.77;14.83;14.88;14.93;14.98;15.03;15.08;15.14;15.19;15.24;15.28;15.31;15.35;15.39;15.43,,,5,9,58,"58,58,58,58,58,58,58,58,58,58,58,58,58,58,58,58,58,58,58,58,58,58,58,58,58,58,58,58,58,58,58,58,58,58,58,58,58,58"
1139,Stage1,42.66,,,,,,,,5,,,
1139,Stage2,42.66,16.61,,,,,,,5,9,,
1139,PowerOpt,42.66,16.61,16.61,,,,"153.07,38.89,23.81,14.86,12.12,4.03,2.49,1.89,1.83,1.02,0.78,0.21,0.16,0.12,0.09,0.09,0.08,0.07,0.06,0.05,0.04,0.03,0.03,0.02,0.02,0.02,0.01,0.01,0.01",1.00,5,9,,
1139,Stage3,42.66,16.61,16.61,16.23,,,,,5,9,58,
1139,Stage3_PowerOpt,42.66,16.61,16.61,,16.23,,"45.35,11.44,3.61,0.98,0.75,0.65,0.48,0.27,0.20,0.11,0.06,0.03,0.03,0.02",1.00,5,9,58,
1139,Stage4,42.66,16.61,16.61,,16.23,8.12;10.66;11.42;11.96;12.37;12.69;12.95;13.17;13.37;13.52;13.64;13.76;13.87;13.98;14.08;14.19;14.29;14.38;14.45;14.52;14.58;14.65;14.72;14.79;14.85;14.91;14.96;15.01;15.06;15.11;15.16;15.21;15.26;15.30;15.34;15.38;15.42,,,5,9,58,"58,58,58,58,58,58,58,58,58,58,58,58,58,58,58,58,58,58,58,58,58,58,58,58,58,58,58,58,58,58,58,58,58,58,58,58,58"
1140,Stage1,45.53,,,,,,,,5,,,
1140,Stage2,45.53,16.52,,,,,,,5,5,,
1140,PowerOpt,45.53,16.52,16.52,,,,"150.24,53.54,17.01,11.43,6.81,4.72,2.51,2.40,1.95,1.87,0.95,0.64,0.58,0.29,0.25,0.16,0.13,0.12,0.10,0.05,0.05,0.04,0.03,0.03,0.01,0.01,0.01",1.00,5,5,,
1140,Stage3,45.53,16.52,16.52,16.29,,,,,5,5,17,
1140,Stage3_PowerOpt,45.53,16.52,16.52,,16.29,,"44.93,15.86,1.41,0.74,0.30,0.28,0.19,0.10,0.04,0.04,0.04,0.03,0.01,0.01",1.00,5,5,17,
1140,Stage4,45.53,16.52,16.52,,16.29,8.08;10.72;11.45;11.98;12.39;12.73;13.01;13.25;13.45;13.60;13.72;13.83;13.93;14.04;14.14;14.26;14.36;14.44;14.51;14.58;14.64;14.70;14.77;14.84;14.92;14.97;15.02;15.07;15.11;15.16;15.21;15.26;15.32;15.36;15.40;15.44;15.47,,,5,5,17,"17,17,17,17,17,17,17,17,17,17,17,17,17,17,17,17,17,17,17,17,17,17,17,17,17,17,17,17,17,17,17,17,17,17,17,17,17"
1141,Stage1,50.59,,,,,,,,5,,,
1141,Stage2,50.59,16.64,,,,,,,5,5,,
1141,PowerOpt,50.59,16.64,16.64,,,,"138.57,71.16,11.36,11.08,7.85,5.79,4.35,2.44,0.82,0.48,0.47,0.37,0.32,0.15,0.14,0.11,0.11,0.10,0.10,0.05,0.04,0.03,0.02,0.02,0.02",1.00,5,5,,
1141,Stage3,50.59,16.64,16.64,16.50,,,,,5,5,17,
1141,Stage3_PowerOpt,50.59,16.64,16.64,,16.50,,"37.68,19.36,3.00,2.13,1.32,0.17,0.09,0.08,0.06,0.03,0.03,0.01",1.00,5,5,17,
1141,Stage4,50.59,16.64,16.64,,16.50,8.07;10.78;11.56;12.12;12.55;12.90;13.19;13.43;13.61;13.75;13.88;13.99;14.10;14.21;14.32;14.43;14.53;14.61;14.69;14.75;14.82;14.89;14.96;15.03;15.10;15.15;15.20;15.25;15.30;15.35;15.40;15.45;15.51;15.55;15.59;15.63;15.67;15.71,,,5,5,17,"17,17,17,17,17,17,17,17,17,17,17,17,17,17,17,17,17,17,17,17,17,17,17,17,17,17,17,17,17,17,17,17,17,17,17,17,17,17"
1142,Stage1,39.62,,,,,,,,5,,,
1142,Stage2,39.62,16.36,,,,,,,5,5,,
1142,PowerOpt,39.62,16.36,16.36,,,,"208.91,24.14,7.16,5.66,5.32,3.30,0.58,0.39,0.18,0.07,0.05,0.05,0.04,0.03,0.02,0.01,0.01",1.00,5,5,,
1142,Stage3,39.62,16.36,16.36,16.11,,,,,5,5,17,
1142,Stage3_PowerOpt,39.62,16.36,16.36,,16.11,,"54.70,6.12,1.57,1.47,0.11,0.01",1.00,5,5,17,
1142,Stage4,39.62,16.36,16.36,,16.11,8.08;10.62;11.33;11.85;12.26;12.58;12.86;13.09;13.29;13.43;13.55;13.66;13.77;13.87;13.98;14.09;14.19;14.28;14.34;14.41;14.47;14.54;14.60;14.67;14.75;14.80;14.85;14.90;14.94;14.99;15.04;15.09;15.15;15.19;15.23;15.26;15.30;15.34,,,5,5,17,"17,17,17,17,17,17,17,17,17,17,17,17,17,17,17,17,17,17,17,17,17,17,17,17,17,17,17,17,17,17,17,17,17,17,17,17,17,17"
1143,Stage1,42.91,,,,,,,,"5,9",,,
1143,Stage2,42.91,27.71,,,,,,,"5,9",5,,
1143,PowerOpt,42.91,27.71,27.71,,,,"187.08,25.63,21.44,10.64,4.46,2.51,1.59,1.18,0.63,0.24,0.15,0.11,0.09,0.04,0.04,0.03,0.03,0.02,0.01","1.90,0.10","5,9",5,,
1143,Stage3,42.91,27.71,27.71,27.35,,,,,"5,9",5,9,
1143,Stage3_PowerOpt,42.91,27.71,27.71,,27.35,,"48.06,6.64,4.63,2.16,0.92,0.66,0.41,0.25,0.12,0.06,0.03,0.02","1.92,0.08","5,9",5,9,
1143,Stage4,42.91,27.71,27.71,,27.35,9.77;13.09;15.12;16.62;17.77;18.68;19.41;20.02;21.05;21.58;21.98;22.30;22.60;22.86;23.09;23.30;23.48;23.65;23.80;23.94;24.06;24.16;24.27;24.40;24.56;24.70;24.81;24.92;25.02;25.10;25.19;25.29;25.41;25.51;25.61;25.70;25.77;25.83;25.89;25.96;26.03,,,"5,9",5,9,"9,9,9,9,9,9,9,9,9,9,9,9,9,9,9,9,9,9,9,9,9,9,9,9,9,9,9,9,9,9,9,9,9,9,9,9,9,9,9,9,9"
1144,Stage1,40.16,,,,,,,,5,,,
1144,Stage2,40.16,16.48,,,,,,,5,5,,
1144,PowerOpt,40.16,16.48,16.48,,,,"189.76,42.24,8.76,5.89,4.38,2.10,1.30,0.51,0.44,0.19,0.15,0.10,0.07,0.05",1.00,5,5,,
1144,Stage3,40.16,16.48,16.48,16.53,,,,,5,5,9,
1144,Stage3_PowerOpt,40.16,16.48,16.48,,16.53,,"47.30,10.76,2.23,1.43,1.07,0.53,0.30,0.12,0.11,0.04,0.03,0.02,0.02,0.01",1.00,5,5,9,
1144,Stage4,40.16,16.48,16.48,,16.53,8.03;10.76;11.51;12.05;12.48;12.83;13.13;13.37;13.57;13.72;13.85;13.96;14.08;14.19;14.30;14.41;14.51;14.60;14.67;14.75;14.82;14.89;14.96;15.04;15.10;15.16;15.21;15.26;15.31;15.36;15.42;15.48;15.52;15.57;15.61;15.65;15.68;15.72,,,5,5,9,"9,9,9,9,9,9,9,9,9,9,9,9,9,9,9,9,9,9,9,9,9,9,9,9,9,9,9,9,9,9,9,9,9,9,9,9,9,9"
1145,Stage1,38.56,,,,,,,,"0,5,0",,,
1145,Stage2,38.56,31.29,,,,,,,"0,5,0",4,,
1145,PowerOpt,38.56,31.29,31.29,,,,"202.02,42.48,3.57,2.94,1.47,0.93,0.78,0.50,0.38,0.27,0.20,0.09,0.07,0.06,0.06,0.03,0.02,0.02,0.01,0.01,0.01","2.98,0.02,0.00","0,5,0",4,,
1145,Stage3,38.56,31.29,31.29,29.85,,,,,"0,5,0",4,24,
1145,Stage3_PowerOpt,38.56,31.29,31.29,,29.85,,"50.77,10.80,0.96,0.74,0.29,0.18,0.09,0.07,0.03,0.02,0.02","2.98,0.02,0.00","0,5,0",4,24,
1145,Stage4,38.56,31.29,31.29,,29.85,10.10;12.75;14.62;16.13;17.43;18.49;19.41;20.36;21.06;21.45;21.78;22.12;22.46;22.79;23.11;23.56;23.92;24.16;24.40;24.58;24.76;24.97;25.18;25.44;25.66;25.85;26.02;26.16;26.31;26.48;26.64;26.82;26.99;27.13;27.26;27.39;27.52;27.62;27.72;27.84;28.00;28.11;28.21;28.30;28.37,,,"0,5,0",4,24,"24,24,24,24,24,24,24,24,24,24,24,24,24,24,24,24,24,24,24,24,24,24,24,24,24,24,24,24,24,24,24,24,24,24,24,24,24,24,24,24,24,24,24,24,24"
1146,Stage1,32.05,,,,,,,,"4,0,9",,,
1146,Stage2,32.05,26.01,,,,,,,"4,0,9",0,,
1146,PowerOpt,32.05,26.01,26.01,,,,"164.31,77.54,11.96,0.96,0.84,0.18,0.04,0.03,0.02,0.02,0.01,0.01,0.01","2.99,0.01,0.00","4,0,9",0,,
1146,Stage3,32.05,26.01,26.01,24.75,,,,,"4,0,9",0,"32,24,24",
1146,Stage3_PowerOpt,32.05,26.01,26.01,,24.75,,"41.11,19.37,2.99,0.24,0.21,0.05","2.99,0.01,0.00","4,0,9",0,"32,24,24",
1146,Stage4,32.05,26.01,26.01,,24.75,6.89;11.78;13.02;14.06;14.93;15.68;16.33;16.91;17.35;17.63;17.87;18.11;18.35;18.59;18.85;19.16;19.45;19.65;19.83;20.00;20.16;20.32;20.50;20.71;20.93;21.07;21.20;21.31;21.43;21.55;21.68;21.83;22.01;22.12;22.23;22.33;22.42;22.52;22.62;22.74;22.89;22.98;23.07;23.16;23.24;23.31;23.40;23.50;23.62,,,"4,0,9",0,"32,24,24","24,32,32,32,32,32,32,32,32,32,32,32,32,32,32,32,32,24,24,24,24,24,24,24,32,24,32,32,32,32,32,24,32,24,24,32,24,24,24,32,32,24,24,24,24,24,24,32,32"
1147,Stage1,44.67,,,,,,,,"5,0,9",,,
1147,Stage2,44.67,34.34,,,,,,,"5,0,9",4,,
1147,PowerOpt,44.67,34.34,34.34,,,,"176.16,55.43,10.31,2.31,2.03,1.29,1.05,1.04,0.76,0.71,0.70,0.54,0.51,0.45,0.36,0.33,0.32,0.29,0.27,0.18,0.15,0.12,0.11,0.08,0.07,0.06,0.06,0.04,0.03,0.03,0.03,0.02,0.02,0.02,0.01,0.01","2.91,0.07,0.02","5,0,9",4,,
1147,Stage3,44.67,34.34,34.34,31.48,,,,,"5,0,9",4,"9,25,9,25,9",
1147,Stage3_PowerOpt,44.67,34.34,34.34,,31.48,,"44.96,14.09,2.54,0.54,0.36,0.26,0.23,0.15,0.13,0.12,0.11,0.10,0.08,0.07,0.05,0.04,0.03,0.03,0.02,0.02,0.01","2.94,0.05,0.01","5,0,9",4,"9,25,9,25,9",
1147,Stage4,44.67,34.34,34.34,,31.48,10.17;14.43;16.44;18.18;19.52;20.58;21.52;22.26;22.86;23.36;23.74;24.12;24.46;24.76;25.08;25.39;25.72;25.99;26.21;26.42;26.63;26.82;27.01;27.21;27.41;27.58;27.75;27.90;28.05;28.19;28.33;28.48;28.63;28.76;28.89;29.01;29.12;29.23;29.34;29.46;29.58;29.69;29.81;29.92,,,"5,0,9",4,"9,25,9,25,9","9,9,25,9,9,25,9,9,25,25,25,25,25,9,9,9,9,9,9,25,25,25,9,9,9,25,25,9,25,25,9,9,9,25,25,9,25,25,25,9,9,9,9,9"
1148,Stage1,27.07,,,,,,,,"0,5,5",,,
1148,Stage2,27.07,23.71,,,,,,,"0,5,5",0,,
1148,PowerOpt,27.07,23.71,23.71,,,,"169.66,51.87,32.26,1.38,0.46,0.23,0.04,0.04","2.99,0.01,0.00","0,5,5",0,,
1148,Stage3,27.07,23.71,23.71,23.64,,,,,"0,5,5",0,24,
1148,Stage3_PowerOpt,27.07,23.71,23.71,,23.64,,"42.47,12.89,8.10,0.35,0.11,0.05,0.01","2.99,0.01,0.00","0,5,5",0,24,
1148,Stage4,27.07,23.71,23.71,,23.64,5.26;12.47;13.86;14.96;15.85;16.57;17.15;17.65;18.04;18.31;18.55;18.78;19.01;19.22;19.43;19.64;19.85;20.00;20.14;20.27;20.41;20.53;20.65;20.79;20.94;21.05;21.14;21.24;21.34;21.43;21.52;21.62;21.73;21.82;21.89;21.97;22.05;22.12;22.19;22.26;22.35;22.43;22.49,,,"0,5,5",0,24,"24,24,24,24,24,24,24,24,24,24,24,24,24,24,24,24,24,24,24,24,24,24,24,24,24,24,24,24,24,24,24,24,24,24,24,24,24,24,24,24,24,24,24"
1149,Stage1,27.35,,,,,,,,"4,12,12",,,
1149,Stage2,27.35,21.48,,,,,,,"4,12,12",0,,
1149,PowerOpt,27.35,21.48,21.48,,,,"215.75,23.74,7.05,3.06,2.85,1.84,0.68,0.36,0.20,0.13,0.12,0.09,0.03,0.02,0.01","3.00,0.00,0.00","4,12,12",0,,
1149,Stage3,27.35,21.48,21.48,21.37,,,,,"4,12,12",0,24,
1149,Stage3_PowerOpt,27.35,21.48,21.48,,21.37,,"53.94,5.94,1.79,0.76,0.71,0.46,0.17,0.09,0.05,0.03,0.03,0.02","3.00,0.00,0.00","4,12,12",0,24,
1149,Stage4,27.35,21.48,21.48,,21.37,7.67;11.04;11.85;12.61;13.31;13.95;14.53;15.08;15.53;15.81;16.04;16.26;16.48;16.69;16.92;17.18;17.42;17.59;17.73;17.87;18.01;18.13;18.27;18.45;18.59;18.70;18.79;18.88;18.96;19.05;19.14;19.26;19.37;19.46;19.53;19.59;19.66;19.72;19.80;19.89;19.99;20.07;20.13;20.19;20.25;20.31,,,"4,12,12",0,24,"24,24,24,24,24,24,24,24,24,24,24,24,24,24,24,24,24,24,24,24,24,24,24,24,24,24,24,24,24,24,24,24,24,24,24,24,24,24,24,24,24,24,24,24,24,24"
1167,Stage1,24.64,,,,,,,,0,,,
1167,Stage2,24.64,16.03,,,,,,,0,15,,
1167,PowerOpt,24.64,16.03,16.03,,,,"113.05,30.56,24.11,21.12,13.30,5.43,4.20,4.10,3.87,3.58,3.55,3.09,2.74,2.59,2.28,1.69,1.35,1.29,1.16,1.12,1.07,1.00,0.93,0.76,0.70,0.63,0.55,0.53,0.48,0.47,0.38,0.34,0.33,0.28,0.27,0.26,0.23,0.22,0.21,0.19,0.18,0.17,0.16,0.15,0.14,0.12,0.11,0.10,0.09,0.08,0.08,0.06,0.05,0.05,0.04,0.04,0.03,0.03,0.03,0.03,0.03,0.02,0.02,0.02,0.01,0.01,0.01,0.01",1.00,0,15,,
1167,Stage3,24.64,16.03,16.03,16.15,,,,,0,15,39,
1167,Stage3_PowerOpt,24.64,16.03,16.03,,16.15,,"46.89,12.92,1.62,1.33,0.21,0.17,0.12,0.12,0.10,0.09,0.06,0.04,0.04,0.03,0.03,0.03,0.02,0.02,0.02,0.02,0.01,0.01,0.01",1.00,0,15,39,
1167,Stage4,24.64,16.03,16.03,,16.15,5.33;8.41;10.23;11.41;12.19;12.68;12.97;13.10;13.12;13.19;13.34;13.56;13.78;13.96;14.07;14.12;14.13;14.18;14.28;14.41;14.53;14.64;14.70;14.72;14.74;14.78;14.85;14.94;15.03;15.10;15.13;15.15;15.16;15.20;15.26;15.33;15.40,,,0,15,39,"39,39,39,39,39,39,39,39,39,39,39,39,39,39,39,39,39,39,39,39,39,39,39,39,39,39,39,39,39,39,39,39,39,39,39,39,39"
1168,Stage1,32.83,,,,,,,,0,,,
1168,Stage2,32.83,15.93,,,,,,,0,15,,
1168,PowerOpt,32.83,15.93,15.93,,,,"182.63,65.08,6.58,0.55,0.38,0.21,0.20,0.09,0.06,0.04,0.03,0.02,0.02,0.02,0.01",1.00,0,15,,
1168,Stage3,32.83,15.93,15.93,15.98,,,,,0,15,39,
1168,Stage3_PowerOpt,32.83,15.93,15.93,,15.98,,"45.62,16.54,1.66,0.09,0.06,0.01",1.00,0,15,39,
1168,Stage4,32.83,15.93,15.93,,15.98,8.51;9.98;10.95;11.65;12.16;12.53;12.78;12.93;13.01;13.13;13.30;13.47;13.64;13.78;13.88;13.95;14.00;14.07;14.16;14.26;14.36;14.45;14.51;14.55;14.59;14.64;14.71;14.78;14.85;14.91;14.95;14.98;15.01;15.05;15.10;15.16;15.21,,,0,15,39,"39,39,39,39,39,39,39,39,39,39,39,39,39,39,39,39,39,39,39,39,39,39,39,39,39,39,39,39,39,39,39,39,39,39,39,39,39"
1169,Stage1,21.70,,,,,,,,15,,,
1169,Stage2,21.70,16.90,,,,,,,15,15,,
1169,PowerOpt,21.70,16.90,16.90,,,,"54.10,39.57,30.32,28.52,17.40,17.12,12.95,11.47,8.58,7.40,5.95,5.35,4.57,3.81,2.95,2.10,1.40,0.56,0.46,0.39,0.36,0.18,0.13,0.11,0.09,0.06,0.04,0.03,0.01,0.01",1.00,15,15,,
1169,Stage3,21.70,16.90,16.90,16.84,,,,,15,15,39,
1169,Stage3_PowerOpt,21.70,16.90,16.90,,16.84,,"12.04,11.92,9.71,7.92,5.95,3.81,3.31,2.61,1.91,1.63,1.34,0.74,0.24,0.18,0.17,0.12,0.10,0.09,0.07,0.04,0.03,0.02,0.02",1.00,15,15,39,
1169,Stage4,21.70,16.90,16.90,,16.84,9.53;10.97;11.89;12.56;13.04;13.39;13.64;13.79;13.88;14.01;14.17;14.34;14.51;14.64;14.75;14.82;14.87;14.94;15.03;15.13;15.23;15.32;15.38;15.42;15.46;15.51;15.58;15.65;15.72;15.78;15.82;15.85;15.88;15.92;15.98;16.03,,,15,15,39,"39,39,39,39,39,39,39,39,39,39,39,39,39,39,39,39,39,39,39,39,39,39,39,39,39,39,39,39,39,39,39,39,39,39,39,39"
1170,Stage1,35.42,,,,,,,,0,,,
1170,Stage2,35.42,15.61,,,,,,,0,15,,
1170,PowerOpt,35.42,15.61,15.61,,,,"156.23,64.78,22.46,6.08,4.66,0.91,0.48,0.24,0.08,0.02",1.00,0,15,,
1170,Stage3,35.42,15.61,15.61,15.44,,,,,0,15,31,
1170,Stage3_PowerOpt,35.42,15.61,15.61,,15.44,,"44.50,13.94,3.65,0.91,0.55,0.23,0.10,0.05,0.03,0.02",1.00,0,15,31,
1170,Stage4,35.42,15.61,15.61,,15.44,7.72;9.35;10.38;11.11;11.62;11.97;12.19;12.32;12.39;12.52;12.70;12.89;13.06;13.21;13.31;13.37;13.41;13.48;13.58;13.69;13.80;13.89;13.95;13.99;14.02;14.07;14.14;14.22;14.30;14.36;14.40;14.43;14.45;14.50;14.55;14.61;14.67;14.72,,,0,15,31,"31,31,31,31,31,31,31,31,31,31,31,31,31,31,31,31,31,31,31,31,31,31,31,31,31,31,31,31,31,31,31,31,31,31,31,31,31,31"
1171,Stage1,34.67,,,,,,,,4,,,
1171,Stage2,34.67,16.56,,,,,,,4,4,,
1171,PowerOpt,34.67,16.56,16.56,,,,"161.83,62.78,14.71,11.35,4.05,0.59,0.42,0.07,0.07,0.03,0.02",1.00,4,4,,
1171,Stage3,34.67,16.56,16.56,16.63,,,,,4,4,33,
1171,Stage3_PowerOpt,34.67,16.56,16.56,,16.63,,"41.08,15.99,3.12,2.71,0.81,0.15,0.08,0.02,0.01",1.00,4,4,33,
1171,Stage4,34.67,16.56,16.56,,16.63,7.86;11.16;11.90;12.41;12.81;13.14;13.41;13.64;13.83;13.97;14.09;14.20;14.31;14.42;14.53;14.64;14.74;14.82;14.88;14.95;15.02;15.09;15.15;15.22;15.29;15.34;15.39;15.44;15.49;15.54;15.59;15.64;15.69;15.73;15.76;15.80;15.84,,,4,4,33,"33,33,33,33,33,33,33,33,33,33,33,33,33,33,33,33,33,33,33,33,33,33,33,33,33,33,33,33,33,33,33,33,33,33,33,33,33"
1172,Stage1,35.85,,,,,,,,"4,0",,,
1172,Stage2,35.85,25.97,,,,,,,"4,0",4,,
1172,PowerOpt,35.85,25.97,25.97,,,,"129.23,70.03,34.25,13.99,4.05,2.24,1.48,0.32,0.18,0.13,0.02","1.98,0.02","4,0",4,,
1172,Stage3,35.85,25.97,25.97,24.13,,,,,"4,0",4,"33,17,33,25,33",
1172,Stage3_PowerOpt,35.85,25.97,25.97,,24.13,,"40.96,10.61,8.51,1.94,1.25,0.33,0.25,0.09,0.03,0.02","1.98,0.02","4,0",4,"33,17,33,25,33",
1172,Stage4,35.85,25.97,25.97,,24.13,8.34;12.76;14.32;15.57;16.34;17.01;17.64;18.13;18.50;18.79;19.02;19.23;19.46;19.67;19.89;20.11;20.32;20.47;20.61;20.73;20.86;20.99;21.13;21.29;21.42;21.53;21.63;21.72;21.81;21.90;22.00;22.11;22.22;22.30;22.38;22.45;22.52;22.59;22.67;22.76;22.85;22.92;22.98,,,"4,0",4,"33,17,33,25,33","25,33,17,33,33,17,33,25,33,17,33,17,33,33,33,17,25,33,17,25,33,33,33,33,25,33,17,17,17,33,33,33,25,33,33,17,33,17,33,33,25,25,33"
1173,Stage1,31.51,,,,,,,,4,,,
1173,Stage2,31.51,16.31,,,,,,,4,0,,
1173,PowerOpt,31.51,16.31,16.31,,,,"174.93,74.04,6.39,0.50,0.05,0.03,0.01",1.00,4,0,,
1173,Stage3,31.51,16.31,16.31,16.31,,,,,4,0,32,
1173,Stage3_PowerOpt,31.51,16.31,16.31,,16.31,,"43.75,18.50,1.60,0.13,0.01",1.00,4,0,32,
1173,Stage4,31.51,16.31,16.31,,16.31,8.09;10.71;11.47;12.02;12.45;12.79;13.07;13.31;13.49;13.63;13.75;13.87;13.98;14.09;14.20;14.31;14.40;14.48;14.55;14.62;14.68;14.75;14.82;14.90;14.96;15.01;15.06;15.11;15.15;15.20;15.26;15.31;15.36;15.40;15.44;15.47;15.51,,,4,0,32,"32,32,32,32,32,32,32,32,32,32,32,32,32,32,32,32,32,32,32,32,32,32,32,32,32,32,32,32,32,32,32,32,32,32,32,32,32"
1174,Stage1,28.13,,,,,,,,4,,,
1174,Stage2,28.13,16.45,,,,,,,4,4,,
1174,PowerOpt,28.13,16.45,16.45,,,,"132.42,83.56,37.29,2.61,0.05,0.02",1.00,4,4,,
1174,Stage3,28.13,16.45,16.45,16.45,,,,,4,4,33,
1174,Stage3_PowerOpt,28.13,16.45,16.45,,16.45,,"32.47,21.46,9.37,0.67,0.01",1.00,4,4,33,
1174,Stage4,28.13,16.45,16.45,,16.45,8.05;10.92;11.70;12.23;12.62;12.93;13.21;13.44;13.62;13.77;13.89;14.01;14.12;14.23;14.33;14.44;14.54;14.62;14.69;14.76;14.82;14.89;14.96;15.03;15.09;15.15;15.20;15.25;15.29;15.34;15.39;15.45;15.49;15.53;15.57;15.61;15.65,,,4,4,33,"33,33,33,33,33,33,33,33,33,33,33,33,33,33,33,33,33,33,33,33,33,33,33,33,33,33,33,33,33,33,33,33,33,33,33,33,33"
1175,Stage1,27.53,,,,,,,,4,,,
1175,Stage2,27.53,16.24,,,,,,,4,4,,
1175,PowerOpt,27.53,16.24,16.24,,,,"206.98,45.10,3.16,0.62,0.04,0.02,0.01",1.00,4,4,,
1175,Stage3,27.53,16.24,16.24,16.26,,,,,4,4,33,
1175,Stage3_PowerOpt,27.53,16.24,16.24,,16.26,,"51.71,11.30,0.80,0.17,0.01",1.00,4,4,33,
1175,Stage4,27.53,16.24,16.24,,16.26,8.08;10.64;11.38;11.91;12.34;12.69;12.99;13.25;13.44;13.58;13.69;13.80;13.91;14.02;14.13;14.25;14.35;14.43;14.49;14.56;14.62;14.69;14.76;14.84;14.90;14.96;15.00;15.05;15.09;15.14;15.20;15.25;15.30;15.34;15.38;15.41;15.45,,,4,4,33,"33,33,33,33,33,33,33,33,33,33,33,33,33,33,33,33,33,33,33,33,33,33,33,33,33,33,33,33,33,33,33,33,33,33,33,33,33"
1176,Stage1,28.78,,,,,,,,"4,0",,,
1176,Stage2,28.78,22.95,,,,,,,"4,0",4,,
1176,PowerOpt,28.78,22.95,22.95,,,,"194.96,55.84,3.83,0.91,0.21,0.13,0.02,0.01,0.01","1.99,0.01","4,0",4,,
1176,Stage3,28.78,22.95,22.95,22.62,,,,,"4,0",4,33,
1176,Stage3_PowerOpt,28.78,22.95,22.95,,22.62,,"49.01,14.00,0.95,0.03","1.99,0.01","4,0",4,33,
1176,Stage4,28.78,22.95,22.95,,22.62,6.39;11.80;12.95;13.95;14.81;15.57;16.23;16.82;17.20;17.43;17.62;17.80;17.98;18.18;18.41;18.69;18.91;19.04;19.15;19.26;19.37;19.48;19.63;19.82;19.96;20.06;20.14;20.21;20.29;20.37;20.48;20.63;20.74;20.81;20.87;20.93;20.99;21.05;21.14;21.26;21.35;21.40;21.45;21.50,,,"4,0",4,33,"33,33,33,33,33,33,33,33,33,33,33,33,33,33,33,33,33,33,33,33,33,33,33,33,33,33,33,33,33,33,33,33,33,33,33,33,33,33,33,33,33,33,33,33"
1177,Stage1,26.89,,,,,,,,4,,,
1177,Stage2,26.89,16.19,,,,,,,4,4,,
1177,PowerOpt,26.89,16.19,16.19,,,,"217.57,37.07,1.27,0.02,0.01",1.00,4,4,,
1177,Stage3,26.89,16.19,16.19,16.24,,,,,4,4,33,
1177,Stage3_PowerOpt,26.89,16.19,16.19,,16.24,,"54.36,9.31,0.31",1.00,4,4,33,
1177,Stage4,26.89,16.19,16.19,,16.24,7.96;10.73;11.43;11.94;12.34;12.68;12.98;13.23;13.43;13.57;13.69;13.79;13.89;14.00;14.11;14.23;14.34;14.41;14.48;14.54;14.60;14.67;14.74;14.82;14.89;14.94;14.99;15.03;15.07;15.12;15.17;15.23;15.28;15.33;15.36;15.40;15.43,,,4,4,33,"33,33,33,33,33,33,33,33,33,33,33,33,33,33,33,33,33,33,33,33,33,33,33,33,33,33,33,33,33,33,33,33,33,33,33,33,33"
1178,Stage1,24.62,,,,,,,,9,,,
1178,Stage2,24.62,16.06,,,,,,,9,5,,
1178,PowerOpt,24.62,16.06,16.06,,,,"190.61,53.44,7.44,2.46,1.77,0.14,0.05,0.02,0.01",1.00,9,5,,
1178,Stage3,24.62,16.06,16.06,15.79,,,,,9,5,49,
1178,Stage3_PowerOpt,24.62,16.06,16.06,,15.79,,"47.56,13.51,1.83,0.61,0.45,0.03,0.01",1.00,9,5,49,
1178,Stage4,24.62,16.06,16.06,,15.79,8.21;10.15;10.89;11.42;11.85;12.20;12.49;12.74;12.93;13.07;13.18;13.29;13.40;13.51;13.62;13.74;13.84;13.92;13.99;14.05;14.11;14.18;14.25;14.33;14.40;14.45;14.50;14.55;14.59;14.64;14.70;14.75;14.80;14.85;14.88;14.92;14.96;14.99;15.04,,,9,5,49,"49,49,49,49,49,49,49,49,49,49,49,49,49,49,49,49,49,49,49,49,49,49,49,49,49,49,49,49,49,49,49,49,49,49,49,49,49,49,49"
1179,Stage1,46.09,,,,,,,,"4,0",,,
1179,Stage2,46.09,27.89,,,,,,,"4,0",4,,
1179,PowerOpt,46.09,27.89,27.89,,,,"132.23,63.23,20.43,17.04,11.65,2.92,1.98,1.82,1.03,0.77,0.65,0.52,0.48,0.33,0.28,0.13,0.10,0.09,0.06,0.05,0.03,0.02,0.02,0.02,0.01,0.01","1.62,0.38","4,0",4,,
1179,Stage3,46.09,27.89,27.89,26.92,,,,,"4,0",4,"24,49,24,49,24",
1179,Stage3_PowerOpt,46.09,27.89,27.89,,26.92,,"24.87,21.01,7.26,4.33,3.28,1.23,0.64,0.38,0.34,0.19,0.13,0.13,0.06,0.03,0.03,0.02,0.02,0.01","1.58,0.42","4,0",4,"24,49,24,49,24",
1179,Stage4,46.09,27.89,27.89,,26.92,8.94;15.13;17.00;18.08;19.10;19.72;20.30;20.81;21.21;21.52;21.76;22.00;22.21;22.42;22.63;22.84;23.06;23.22;23.36;23.51;23.64;23.77;23.90;24.04;24.18;24.29;24.39;24.49;24.58;24.68;24.78;24.88;24.99;25.08;25.15;25.23;25.30;25.38;25.45;25.53;25.62,,,"4,0",4,"24,49,24,49,24","49,24,24,49,24,24,49,24,24,49,49,24,49,24,49,24,24,24,49,24,24,49,49,24,24,49,24,24,24,49,24,49,24,49,24,49,24,24,49,49,24"
1180,Stage1,45.02,,,,,,,,"4,0,9",,,
1180,Stage2,45.02,35.43,,,,,,,"4,0,9",4,,
1180,PowerOpt,45.02,35.43,35.43,,,,"150.01,41.15,39.49,8.94,6.69,3.94,1.12,1.10,1.00,0.91,0.39,0.29,0.24,0.19,0.12,0.10,0.06,0.04,0.03,0.03,0.03,0.02,0.02,0.01,0.01","2.48,0.50,0.02","4,0,9",4,,
1180,Stage3,45.02,35.43,35.43,34.16,,,,,"4,0,9",4,"24,57,24",
1180,Stage3_PowerOpt,45.02,35.43,35.43,,34.16,,"29.38,17.05,7.56,4.47,3.10,0.75,0.59,0.31,0.21,0.18,0.15,0.09,0.07,0.04,0.02,0.01","2.20,0.76,0.04","4,0,9",4,"24,57,24",
1180,Stage4,45.02,35.43,35.43,,34.16,7.91;15.72;19.19;20.81;22.29;23.45;24.23;24.97;25.58;25.97;26.34;26.70;27.06;27.37;27.68;28.07;28.40;28.64;28.85;29.04;29.23;29.42;29.63;29.84;30.06;30.23;30.38;30.52;30.66;30.80;30.95;31.10;31.27;31.40;31.51;31.62;31.73;31.84;31.96;32.08;32.22;32.32;32.42;32.51,,,"4,0,9",4,"24,57,24","24,57,24,24,57,24,24,57,57,24,24,24,24,24,57,24,24,57,24,24,24,57,24,24,24,57,24,57,24,24,57,24,24,57,24,24,57,24,24,57,24,24,24,57"
1182,Stage1,46.73,,,,,,,,5,,,
1182,Stage2,46.73,16.50,,,,,,,5,5,,
1182,PowerOpt,46.73,16.50,16.50,,,,"175.76,34.91,28.15,8.53,3.10,1.55,1.10,0.71,0.57,0.55,0.45,0.23,0.15,0.05,0.04,0.04,0.02,0.01,0.01",1.00,5,5,,
1182,Stage3,46.73,16.50,16.50,16.24,,,,,5,5,9,
1182,Stage3_PowerOpt,46.73,16.50,16.50,,16.24,,"49.66,8.01,3.40,0.89,0.84,0.44,0.27,0.16,0.13,0.07,0.05,0.04,0.01,0.01",1.00,5,5,9,
1182,Stage4,46.73,16.50,16.50,,16.24,8.07;10.75;11.48;11.99;12.38;12.69;12.96;13.20;13.39;13.54;13.67;13.78;13.89;14.00;14.10;14.21;14.31;14.39;14.47;14.54;14.60;14.66;14.73;14.80;14.87;14.93;14.98;15.03;15.07;15.12;15.17;15.22;15.27;15.32;15.36;15.40;15.43,,,5,5,9,"9,9,9,9,9,9,9,9,9,9,9,9,9,9,9,9,9,9,9,9,9,9,9,9,9,9,9,9,9,9,9,9,9,9,9,9,9"
1183,Stage1,45.92,,,,,,,,"5,9,1",,,
1183,Stage2,45.92,36.08,,,,,,,"5,9,1",5,,
1183,PowerOpt,45.92,36.08,36.08,,,,"173.88,53.29,9.31,8.85,4.09,2.94,2.02,0.62,0.34,0.22,0.13,0.11,0.07,0.04,0.01","2.79,0.18,0.03","5,9,1",5,,
1183,Stage3,45.92,36.08,36.08,35.81,,,,,"5,9,1",5,1,
1183,Stage3_PowerOpt,45.92,36.08,36.08,,35.81,,"44.11,13.12,2.31,1.91,1.02,0.66,0.50,0.14,0.08,0.05,0.03,0.02,0.02","2.80,0.18,0.02","5,9,1",5,1,
1183,Stage4,45.92,36.08,36.08,,35.81,10.09;14.29;16.70;18.87;20.68;22.16;23.41;24.57;25.66;26.18;26.61;26.98;27.34;27.69;28.04;28.42;28.96;29.28;29.56;29.81;30.03;30.25;30.51;30.77;31.11;31.34;31.54;31.72;31.89;32.06;32.25;32.47;32.68;32.84;32.98;33.12;33.25;33.38;33.50;33.66;33.82;33.94;34.05,,,"5,9,1",5,1,"1,1,1,1,1,1,1,1,1,1,1,1,1,1,1,1,1,1,1,1,1,1,1,1,1,1,1,1,1,1,1,1,1,1,1,1,1,1,1,1,1,1,1"
1185,Stage1,51.48,,,,,,,,"5,0,9",,,
1185,Stage2,51.48,39.68,,,,,,,"5,0,9",0,,
1185,PowerOpt,51.48,39.68,39.68,,,,"69.34,35.44,31.59,26.93,21.22,17.95,16.38,10.99,9.89,5.73,3.65,1.41,1.23,0.80,0.68,0.50,0.40,0.34,0.23,0.18,0.13,0.12,0.11,0.10,0.09,0.09,0.08,0.07,0.04,0.04,0.03,0.03,0.03,0.02,0.02,0.02,0.02,0.01,0.01","2.12,0.81,0.07","5,0,9",0,,
1185,Stage3,51.48,39.68,39.68,36.63,,,,,"5,0,9",0,"24,32,24,32,8",
1185,Stage3_PowerOpt,51.48,39.68,39.68,,36.63,,"10.86,10.33,8.82,7.36,7.08,5.35,4.97,3.34,1.89,1.15,1.05,0.46,0.38,0.23,0.16,0.10,0.08,0.06,0.05,0.04,0.04,0.03,0.03,0.02,0.02,0.02,0.01","2.28,0.65,0.07","5,0,9",0,"24,32,24,32,8",
1185,Stage4,51.48,39.68,39.68,,36.63,9.49;15.98;20.47;22.43;23.84;24.94;25.88;26.71;27.46;27.97;28.43;28.86;29.24;29.59;29.96;30.30;30.62;30.89;31.15;31.37;31.57;31.78;31.99;32.21;32.42;32.59;32.74;32.90;33.05;33.20;33.35;33.51;33.67;33.81;33.94;34.06;34.18;34.29;34.41;34.53;34.66;34.76;34.87,,,"5,0,9",0,"24,32,24,32,8","24,8,24,32,24,32,24,8,24,32,32,24,24,32,24,32,24,8,24,32,8,24,24,24,24,24,8,24,24,24,24,24,24,24,32,32,8,32,24,32,24,24,32"
1186,Stage1,46.47,,,,,,,,"5,0,9",,,
1186,Stage2,46.47,35.38,,,,,,,"5,0,9",4,,
1186,PowerOpt,46.47,35.38,35.38,,,,"144.31,65.46,18.95,4.52,4.01,3.03,2.88,2.22,1.57,1.42,1.21,1.07,0.69,0.67,0.62,0.61,0.57,0.39,0.28,0.27,0.22,0.18,0.16,0.11,0.08,0.07,0.07,0.06,0.04,0.03,0.03,0.03,0.02,0.02,0.01,0.01","2.87,0.11,0.02","5,0,9",4,,
1186,Stage3,46.47,35.38,35.38,32.94,,,,,"5,0,9",4,"9,33,9,9,33",
1186,Stage3_PowerOpt,46.47,35.38,35.38,,32.94,,"37.29,17.13,5.14,1.24,0.71,0.43,0.41,0.31,0.29,0.22,0.16,0.12,0.10,0.08,0.07,0.06,0.05,0.05,0.03,0.03,0.02,0.01,0.01","2.92,0.07,0.01","5,0,9",4,"9,33,9,9,33",
1186,Stage4,46.47,35.38,35.38,,32.94,10.07;14.78;17.63;19.35;20.96;22.03;22.83;23.73;24.39;24.86;25.26;25.61;25.95;26.25;26.59;26.91;27.17;27.41;27.64;27.85;28.05;28.23;28.43;28.63;28.80;28.98;29.14;29.28;29.42;29.56;29.72;29.86;29.99;30.13;30.26;30.39;30.50;30.61;30.73;30.85;30.95;31.07;31.18;31.29;31.40,,,"5,0,9",4,"9,33,9,9,33","9,9,9,9,9,33,9,9,33,33,33,9,33,9,9,9,9,33,9,9,33,9,9,33,33,9,9,9,33,9,9,9,33,9,9,33,9,33,9,9,33,9,9,9,9"
1187,Stage1,25.17,,,,,,,,4,,,
1187,Stage2,25.17,16.24,,,,,,,4,0,,
1187,PowerOpt,25.17,16.24,16.24,,,,"211.56,37.59,4.49,1.95,0.26,0.08",1.00,4,0,,
1187,Stage3,25.17,16.24,16.24,16.14,,,,,4,0,24,
1187,Stage3_PowerOpt,25.17,16.24,16.24,,16.14,,"52.90,9.40,1.12,0.48,0.07,0.02",1.00,4,0,24,
1187,Stage4,25.17,16.24,16.24,,16.14,8.10;10.60;11.33;11.86;12.27;12.60;12.88;13.12;13.32;13.46;13.58;13.69;13.80;13.90;14.01;14.12;14.23;14.31;14.38;14.44;14.51;14.57;14.64;14.71;14.78;14.84;14.89;14.93;14.98;15.02;15.07;15.13;15.18;15.22;15.26;15.30;15.33,,,4,0,24,"24,24,24,24,24,24,24,24,24,24,24,24,24,24,24,24,24,24,24,24,24,24,24,24,24,24,24,24,24,24,24,24,24,24,24,24,24"
1188,Stage1,31.39,,,,,,,,"4,0",,,
1188,Stage2,31.39,22.46,,,,,,,"4,0",0,,
1188,PowerOpt,31.39,22.46,22.46,,,,"189.48,55.20,3.85,3.12,2.40,0.98,0.58,0.11,0.09,0.05,0.04,0.03,0.02","2.00,0.00","4,0",0,,
1188,Stage3,31.39,22.46,22.46,22.12,,,,,"4,0",0,24,
1188,Stage3_PowerOpt,31.39,22.46,22.46,,22.12,,"47.40,13.80,0.97,0.78,0.60,0.24,0.14,0.02,0.01","2.00,0.00","4,0",0,24,
1188,Stage4,31.39,22.46,22.46,,22.12,6.60;11.66;12.65;13.51;14.24;14.90;15.47;15.98;16.39;16.65;16.87;17.08;17.28;17.49;17.71;17.97;18.19;18.35;18.49;18.62;18.74;18.87;19.01;19.18;19.32;19.43;19.53;19.60;19.69;19.78;19.88;20.00;20.11;20.20;20.28;20.34;20.42;20.49;20.56;20.65;20.75;20.83;20.90;20.96;21.03,,,"4,0",0,24,"24,24,24,24,24,24,24,24,24,24,24,24,24,24,24,24,24,24,24,24,24,24,24,24,24,24,24,24,24,24,24,24,24,24,24,24,24,24,24,24,24,24,24,24,24"
1189,Stage1,27.32,,,,,,,,"0,5,9",,,
1189,Stage2,27.32,21.28,,,,,,,"0,5,9",0,,
1189,PowerOpt,27.32,21.28,21.28,,,,"208.77,36.88,6.61,2.74,0.68,0.04,0.04,0.02,0.02,0.02,0.02,0.01,0.01,0.01","3.00,0.00,0.00","0,5,9",0,,
1189,Stage3,27.32,21.28,21.28,20.94,,,,,"0,5,9",0,24,
1189,Stage3_PowerOpt,27.32,21.28,21.28,,20.94,,"52.17,9.26,1.65,0.69,0.17,0.01","3.00,0.00,0.00","0,5,9",0,24,
1189,Stage4,27.32,21.28,21.28,,20.94,6.99;11.44;12.22;12.94;13.58;14.15;14.67;15.16;15.50;15.76;15.96;16.13;16.32;16.50;16.72;16.96;17.16;17.29;17.43;17.53;17.64;17.77;17.89;18.05;18.20;18.30;18.40;18.47;18.56;18.65;18.74;18.85;18.97;19.06;19.13;19.20;19.26;19.33;19.41;19.50;19.59;19.67;19.72;19.79;19.84;19.90,,,"0,5,9",0,24,"24,24,24,24,24,24,24,24,24,24,24,24,24,24,24,24,24,24,24,24,24,24,24,24,24,24,24,24,24,24,24,24,24,24,24,24,24,24,24,24,24,24,24,24,24,24"
1207,Stage1,21.57,,,,,,,,0,,,
1207,Stage2,21.57,16.18,,,,,,,0,12,,
1207,PowerOpt,21.57,16.18,16.18,,,,"66.90,46.87,22.77,12.79,11.49,9.21,8.69,7.33,6.85,6.01,5.63,5.32,4.92,4.11,3.93,3.38,3.02,2.66,2.30,2.13,2.01,1.76,1.58,1.52,1.39,1.26,1.16,0.88,0.86,0.81,0.63,0.61,0.56,0.49,0.43,0.36,0.31,0.28,0.28,0.25,0.22,0.21,0.18,0.16,0.15,0.15,0.13,0.11,0.10,0.09,0.09,0.09,0.07,0.07,0.06,0.05,0.04,0.03,0.03,0.03,0.02,0.02,0.02,0.01,0.01,0.01,0.01",1.00,0,12,,
1207,Stage3,21.57,16.18,16.18,16.23,,,,,0,12,39,
1207,Stage3_PowerOpt,21.57,16.18,16.18,,16.23,,"27.42,5.63,5.23,4.19,3.64,2.26,1.90,1.81,1.60,1.31,1.14,1.01,0.78,0.72,0.61,0.54,0.43,0.41,0.38,0.33,0.29,0.28,0.25,0.24,0.21,0.18,0.14,0.11,0.11,0.10,0.09,0.08,0.07,0.06,0.06,0.05,0.05,0.04,0.04,0.03,0.03,0.02,0.02,0.02,0.02,0.01",1.00,0,12,39,
1207,Stage4,21.57,16.18,16.18,,16.23,8.92;10.30;11.21;11.88;12.38;12.75;13.01;13.19;13.28;13.40;13.55;13.72;13.88;14.02;14.13;14.21;14.26;14.33;14.42;14.52;14.62;14.70;14.77;14.81;14.85;14.90;14.97;15.04;15.11;15.16;15.21;15.24;15.27;15.31;15.36;15.42;15.47,,,0,12,39,"39,39,39,39,39,39,39,39,39,39,39,39,39,39,39,39,39,39,39,39,39,39,39,39,39,39,39,39,39,39,39,39,39,39,39,39,39"
1208,Stage1,21.92,,,,,,,,0,,,
1208,Stage2,21.92,16.07,,,,,,,0,15,,
1208,PowerOpt,21.92,16.07,16.07,,,,"117.27,51.42,32.31,17.85,8.15,6.32,4.48,4.02,3.17,2.77,1.79,1.51,0.84,0.80,0.77,0.55,0.43,0.29,0.27,0.23,0.14,0.09,0.09,0.08,0.06,0.06,0.04,0.03,0.03,0.02,0.01,0.01",1.00,0,15,,
1208,Stage3,21.92,16.07,16.07,16.08,,,,,0,15,39,
1208,Stage3_PowerOpt,21.92,16.07,16.07,,16.08,,"37.32,8.15,6.61,4.22,2.00,1.22,1.09,0.75,0.63,0.44,0.33,0.22,0.19,0.15,0.12,0.11,0.08,0.06,0.04,0.04,0.03,0.03,0.02,0.02,0.02,0.01,0.01,0.01",1.00,0,15,39,
1208,Stage4,21.92,16.07,16.07,,16.08,9.27;10.46;11.23;11.81;12.26;12.60;12.86;13.05;13.17;13.30;13.44;13.60;13.74;13.88;13.99;14.07;14.13;14.21;14.29;14.38;14.47;14.55;14.62;14.67;14.72;14.77;14.83;14.90;14.96;15.01;15.06;15.10;15.13;15.17;15.22;15.27;15.32,,,0,15,39,"39,39,39,39,39,39,39,39,39,39,39,39,39,39,39,39,39,39,39,39,39,39,39,39,39,39,39,39,39,39,39,39,39,39,39,39,39"
1209,Stage1,21.40,,,,,,,,"0,11",,,
1209,Stage2,21.40,18.23,,,,,,,"0,11",15,,
1209,PowerOpt,21.40,18.23,18.22,,,,"159.05,42.57,37.72,9.09,6.04,0.45,0.34,0.16,0.16,0.09,0.07,0.05,0.04,0.04,0.03,0.02,0.01,0.01","1.97,0.03","0,11",15,,
1209,Stage3,21.40,18.23,18.22,18.12,,,,,"0,11",15,31,
1209,Stage3_PowerOpt,21.40,18.23,18.22,,18.12,,"39.96,10.71,9.25,2.28,1.47,0.11,0.08,0.04,0.03,0.02,0.01,0.01","1.97,0.03","0,11",15,31,
1209,Stage4,21.40,18.23,18.22,,18.12,9.92;11.16;11.98;12.59;13.05;13.38;13.62;13.78;13.88;14.01;14.17;14.33;14.49;14.63;14.75;14.86;14.93;15.02;15.11;15.21;15.32;15.43;15.55;15.65;15.71;15.78;15.85;15.92;16.00;16.10;16.20;16.29;16.34;16.40;16.45;16.51;16.58;16.66;16.75;16.83;16.88;16.92;16.96;17.01;17.08;17.15;17.24,,,"0,11",15,31,"31,31,31,31,31,31,31,31,31,31,31,31,31,31,31,31,31,31,31,31,31,31,31,31,31,31,31,31,31,31,31,31,31,31,31,31,31,31,31,31,31,31,31,31,31,31,31"
1210,Stage1,28.58,,,,,,,,0,,,
1210,Stage2,28.58,16.31,,,,,,,0,0,,
1210,PowerOpt,28.58,16.31,16.31,,,,"203.88,42.90,8.91,0.24,0.02",1.00,0,0,,
1210,Stage3,28.58,16.31,16.31,16.31,,,,,0,0,32,
1210,Stage3_PowerOpt,28.58,16.31,16.31,,16.31,,"50.97,10.73,2.23,0.06",1.00,0,0,32,
1210,Stage4,28.58,16.31,16.31,,16.31,8.07;10.71;11.46;12.00;12.42;12.77;13.06;13.31;13.49;13.63;13.75;13.86;13.97;14.08;14.19;14.31;14.40;14.48;14.55;14.61;14.68;14.75;14.82;14.89;14.96;15.01;15.06;15.11;15.15;15.20;15.25;15.31;15.36;15.40;15.43;15.47;15.51,,,0,0,32,"32,32,32,32,32,32,32,32,32,32,32,32,32,32,32,32,32,32,32,32,32,32,32,32,32,32,32,32,32,32,32,32,32,32,32,32,32"
1211,Stage1,27.83,,,,,,,,0,,,
1211,Stage2,27.83,16.36,,,,,,,0,0,,
1211,PowerOpt,27.83,16.36,16.36,,,,"179.60,70.05,6.08,0.18,0.03",1.00,0,0,,
1211,Stage3,27.83,16.36,16.36,16.36,,,,,0,0,32,
1211,Stage3_PowerOpt,27.83,16.36,16.36,,16.36,,"44.90,17.52,1.52,0.05",1.00,0,0,32,
1211,Stage4,27.83,16.36,16.36,,16.36,8.02;10.78;11.53;12.06;12.49;12.83;13.11;13.36;13.55;13.69;13.81;13.92;14.02;14.13;14.24;14.36;14.45;14.53;14.60;14.67;14.73;14.80;14.87;14.94;15.01;15.06;15.11;15.16;15.20;15.25;15.30;15.36;15.41;15.45;15.49;15.52;15.56,,,0,0,32,"32,32,32,32,32,32,32,32,32,32,32,32,32,32,32,32,32,32,32,32,32,32,32,32,32,32,32,32,32,32,32,32,32,32,32,32,32"
1212,Stage1,28.35,,,,,,,,4,,,
1212,Stage2,28.35,16.14,,,,,,,4,4,,
1212,PowerOpt,28.35,16.14,16.14,,,,"210.60,40.13,4.71,0.41,0.06,0.03,0.01",1.00,4,4,,
1212,Stage3,28.35,16.14,16.14,16.14,,,,,4,4,33,
1212,Stage3_PowerOpt,28.35,16.14,16.14,,16.14,,"52.72,9.97,1.17,0.11,0.01",1.00,4,4,33,
1212,Stage4,28.35,16.14,16.14,,16.14,8.15;10.49;11.23;11.78;12.21;12.57;12.87;13.13;13.31;13.45;13.57;13.68;13.78;13.90;14.01;14.13;14.23;14.30;14.37;14.43;14.50;14.57;14.64;14.72;14.78;14.84;14.88;14.93;14.97;15.02;15.08;15.13;15.18;15.22;15.26;15.29;15.33;15.37,,,4,4,33,"33,33,33,33,33,33,33,33,33,33,33,33,33,33,33,33,33,33,33,33,33,33,33,33,33,33,33,33,33,33,33,33,33,33,33,33,33,33"
1213,Stage1,30.61,,,,,,,,4,,,
1213,Stage2,30.61,16.28,,,,,,,4,4,,
1213,PowerOpt,30.61,16.28,16.28,,,,"181.86,64.37,8.67,0.88,0.09,0.05,0.02",1.00,4,4,,
1213,Stage3,30.61,16.28,16.28,16.29,,,,,4,4,33,
1213,Stage3_PowerOpt,30.61,16.28,16.28,,16.29,,"45.64,15.93,2.15,0.23,0.02,0.01",1.00,4,4,33,
1213,Stage4,30.61,16.28,16.28,,16.29,8.12;10.66;11.42;11.97;12.39;12.73;13.02;13.28;13.46;13.60;13.72;13.83;13.94;14.05;14.16;14.28;14.37;14.45;14.52;14.58;14.65;14.71;14.79;14.86;14.93;14.98;15.03;15.08;15.12;15.17;15.22;15.28;15.33;15.37;15.41;15.44;15.48,,,4,4,33,"33,33,33,33,33,33,33,33,33,33,33,33,33,33,33,33,33,33,33,33,33,33,33,33,33,33,33,33,33,33,33,33,33,33,33,33,33"
1214,Stage1,30.34,,,,,,,,"4,0,0",,,
1214,Stage2,30.34,26.18,,,,,,,"4,0,0",4,,
1214,PowerOpt,30.34,26.18,26.18,,,,"155.22,78.56,18.84,1.86,1.16,0.24,0.03,0.01","2.98,0.02,0.00","4,0,0",4,,
1214,Stage3,30.34,26.18,26.18,25.94,,,,,"4,0,0",4,33,
1214,Stage3_PowerOpt,30.34,26.18,26.18,,25.94,,"38.99,19.77,4.75,0.47","2.98,0.02,0.00","4,0,0",4,33,
1214,Stage4,30.34,26.18,26.18,,25.94,10.60;13.46;15.25;16.61;17.70;18.59;19.33;19.95;20.34;20.58;20.79;21.01;21.21;21.42;21.65;21.93;22.14;22.28;22.40;22.52;22.65;22.77;22.92;23.09;23.23;23.33;23.42;23.51;23.59;23.68;23.78;23.92;24.03;24.10;24.17;24.24;24.31;24.37;24.46;24.57;24.61;24.71,,,"4,0,0",4,33,"33,33,33,33,33,33,33,33,33,33,33,33,33,33,33,33,33,33,33,33,33,33,33,33,33,33,33,33,33,33,33,33,33,33,33,33,33,33,33,33,33,33"
1215,Stage1,30.57,,,,,,,,"4,0,12",,,
1215,Stage2,30.57,24.70,,,,,,,"4,0,12",4,,
1215,PowerOpt,30.57,24.70,24.70,,,,"115.92,85.43,34.09,14.54,4.20,1.14,0.35,0.14,0.11,0.02","2.99,0.01,0.00","4,0,12",4,,
1215,Stage3,30.57,24.70,24.70,22.42,,,,,"4,0,12",4,"25,33,17,33",
1215,Stage3_PowerOpt,30.57,24.70,24.70,,22.42,,"26.03,23.40,10.08,2.79,1.35,0.23,0.05,0.04,0.02","2.99,0.01,0.00","4,0,12",4,"25,33,17,33",
1215,Stage4,30.57,24.70,24.70,,22.42,8.07;11.63;12.95;13.91;14.57;15.19;15.77;16.22;16.60;16.92;17.16;17.38;17.58;17.79;17.99;18.22;18.43;18.58;18.73;18.85;18.97;19.11;19.24;19.39;19.52;19.64;19.73;19.82;19.90;20.00;20.10;20.22;20.34;20.41;20.50;20.58;20.65;20.73;20.81;20.92;21.01;21.08;21.16;21.21;21.27;21.34,,,"4,0,12",4,"25,33,17,33","25,33,17,33,33,17,33,33,33,17,17,33,17,33,17,33,33,17,33,33,17,33,17,33,33,17,33,25,33,17,33,33,17,17,33,33,33,17,17,33,33,17,33,25,33,17"
1216,Stage1,27.69,,,,,,,,4,,,
1216,Stage2,27.69,16.35,,,,,,,4,4,,
1216,PowerOpt,27.69,16.35,16.35,,,,"202.39,47.32,5.61,0.56,0.03,0.02",1.00,4,4,,
1216,Stage3,27.69,16.35,16.35,16.41,,,,,4,4,33,
1216,Stage3_PowerOpt,27.69,16.35,16.35,,16.41,,"50.41,12.00,1.42,0.14",1.00,4,4,33,
1216,Stage4,27.69,16.35,16.35,,16.41,7.92;10.88;11.62;12.16;12.57;12.91;13.18;13.42;13.61;13.75;13.87;13.98;14.09;14.20;14.30;14.41;14.51;14.59;14.66;14.73;14.79;14.86;14.93;15.00;15.06;15.12;15.17;15.21;15.26;15.31;15.36;15.41;15.46;15.50;15.54;15.58;15.61,,,4,4,33,"33,33,33,33,33,33,33,33,33,33,33,33,33,33,33,33,33,33,33,33,33,33,33,33,33,33,33,33,33,33,33,33,33,33,33,33,33"
1218,Stage1,39.22,,,,,,,,4,,,
1218,Stage2,39.22,16.31,,,,,,,4,4,,
1218,PowerOpt,39.22,16.31,16.31,,,,"193.06,28.67,22.77,7.49,3.25,0.34,0.18,0.15,0.02,0.01",1.00,4,4,,
1218,Stage3,39.22,16.31,16.31,16.04,,,,,4,4,33,
1218,Stage3_PowerOpt,39.22,16.31,16.31,,16.04,,"53.77,7.74,2.02,0.35,0.05,0.05",1.00,4,4,33,
1218,Stage4,39.22,16.31,16.31,,16.04,8.16;10.56;11.28;11.80;12.21;12.53;12.80;13.03;13.21;13.35;13.48;13.60;13.71;13.82;13.93;14.04;14.13;14.21;14.28;14.35;14.41;14.48;14.55;14.62;14.68;14.74;14.79;14.84;14.88;14.93;14.98;15.04;15.08;15.12;15.16;15.20;15.24;15.28,,,4,4,33,"33,33,33,33,33,33,33,33,33,33,33,33,33,33,33,33,33,33,33,33,33,33,33,33,33,33,33,33,33,33,33,33,33,33,33,33,33,33"
1219,Stage1,41.27,,,,,,,,"4,0,5",,,
1219,Stage2,41.27,34.22,,,,,,,"4,0,5",4,,
1219,PowerOpt,41.27,34.22,34.22,,,,"192.13,44.53,8.51,7.10,1.78,1.22,0.44,0.09,0.08,0.04,0.02","2.88,0.12,0.01","4,0,5",4,,
1219,Stage3,41.27,34.22,34.22,32.43,,,,,"4,0,5",4,"33,41,33,33",
1219,Stage3_PowerOpt,41.27,34.22,34.22,,32.43,,"49.20,11.31,2.27,0.57,0.42,0.11,0.08,0.02","2.93,0.06,0.01","4,0,5",4,"33,41,33,33",
1219,Stage4,41.27,34.22,34.22,,32.43,10.21;15.07;17.93;19.55;20.70;21.74;22.76;23.59;24.17;24.55;24.91;25.23;25.54;25.84;26.14;26.52;26.84;27.03;27.23;27.43;27.62;27.80;27.99;28.25;28.46;28.59;28.74;28.88;29.01;29.15;29.29;29.49;29.65;29.75;29.86;29.97;30.08;30.18;30.29;30.45;30.59;30.68;30.76;30.84,,,"4,0,5",4,"33,41,33,33","33,41,41,33,33,41,33,33,33,41,41,41,41,41,41,33,33,41,33,33,41,41,41,33,33,41,41,33,33,41,41,33,33,33,41,33,33,33,41,33,33,41,33,33"
1220,Stage1,33.23,,,,,,,,0,,,
1220,Stage2,33.23,16.54,,,,,,,0,0,,
1220,PowerOpt,33.23,16.54,16.54,,,,"189.50,57.42,8.47,0.39,0.10,0.03,0.02",1.00,0,0,,
1220,Stage3,33.23,16.54,16.54,16.53,,,,,0,0,32,
1220,Stage3_PowerOpt,33.23,16.54,16.54,,16.53,,"47.39,14.35,2.11,0.10,0.02",1.00,0,0,32,
1220,Stage4,33.23,16.54,16.54,,16.53,7.78;11.04;11.78;12.31;12.71;13.03;13.30;13.53;13.73;13.88;14.00;14.11;14.22;14.32;14.43;14.53;14.64;14.72;14.79;14.86;14.92;14.98;15.05;15.12;15.19;15.25;15.30;15.34;15.39;15.43;15.48;15.53;15.59;15.63;15.67;15.71;15.74,,,0,0,32,"32,32,32,32,32,32,32,32,32,32,32,32,32,32,32,32,32,32,32,32,32,32,32,32,32,32,32,32,32,32,32,32,32,32,32,32,32"
1222,Stage1,38.49,,,,,,,,4,,,
1222,Stage2,38.49,16.52,,,,,,,4,0,,
1222,PowerOpt,38.49,16.52,16.52,,,,"192.16,46.05,8.08,3.75,3.66,1.20,0.46,0.41,0.19",1.00,4,0,,
1222,Stage3,38.49,16.52,16.52,16.44,,,,,4,0,8,
1222,Stage3_PowerOpt,38.49,16.52,16.52,,16.44,,"49.16,11.76,2.03,0.96,0.06,0.02",1.00,4,0,8,
1222,Stage4,38.49,16.52,16.52,,16.44,7.86;10.85;11.55;12.06;12.46;12.80;13.10;13.35;13.55;13.70;13.81;13.92;14.02;14.12;14.24;14.36;14.46;14.55;14.61;14.67;14.74;14.80;14.87;14.95;15.03;15.08;15.13;15.17;15.22;15.27;15.32;15.38;15.43;15.48;15.52;15.55;15.59;15.62,,,4,0,8,"8,8,8,8,8,8,8,8,8,8,8,8,8,8,8,8,8,8,8,8,8,8,8,8,8,8,8,8,8,8,8,8,8,8,8,8,8,8"
1223,Stage1,43.43,,,,,,,,"4,0",,,
1223,Stage2,43.43,27.23,,,,,,,"4,0",0,,
1223,PowerOpt,43.43,27.23,27.23,,,,"139.07,76.07,28.06,5.15,2.22,1.79,1.17,1.11,0.78,0.23,0.13,0.05,0.04,0.03,0.01","1.96,0.04","4,0",0,,
1223,Stage3,43.43,27.23,27.23,26.96,,,,,"4,0",0,24,
1223,Stage3_PowerOpt,43.43,27.23,27.23,,26.96,,"35.33,19.28,7.10,1.28,0.45,0.28,0.20,0.06","1.96,0.04","4,0",0,24,
1223,Stage4,43.43,27.23,27.23,,26.96,9.94;14.04;16.08;17.53;18.58;19.41;20.20;20.98;21.36;21.59;21.81;22.01;22.22;22.42;22.62;22.92;23.13;23.26;23.39;23.51;23.63;23.75;23.87;24.04;24.20;24.29;24.39;24.48;24.56;24.64;24.73;24.84;24.98;25.06;25.13;25.20;25.26;25.33;25.40;25.49;25.60;25.67,,,"4,0",0,24,"24,24,24,24,24,24,24,24,24,24,24,24,24,24,24,24,24,24,24,24,24,24,24,24,24,24,24,24,24,24,24,24,24,24,24,24,24,24,24,24,24,24"
1224,Stage1,37.99,,,,,,,,5,,,
1224,Stage2,37.99,16.33,,,,,,,5,5,,
1224,PowerOpt,37.99,16.33,16.33,,,,"212.03,34.92,3.35,2.52,1.25,0.42,0.32,0.25,0.23,0.21,0.12,0.10,0.07,0.05,0.03,0.03,0.02,0.01,0.01,0.01",1.00,5,5,,
1224,Stage3,37.99,16.33,16.33,16.25,,,,,5,5,1,
1224,Stage3_PowerOpt,37.99,16.33,16.33,,16.25,,"53.41,8.81,0.84,0.63,0.16,0.06,0.03,0.02,0.01",1.00,5,5,1,
1224,Stage4,37.99,16.33,16.33,,16.25,7.99;10.76;11.45;11.95;12.35;12.67;12.95;13.20;13.40;13.55;13.67;13.78;13.88;13.99;14.09;14.20;14.31;14.39;14.47;14.53;14.59;14.66;14.72;14.79;14.86;14.93;14.98;15.02;15.07;15.11;15.16;15.21;15.27;15.32;15.36;15.39;15.43;15.46,,,5,5,1,"1,1,1,1,1,1,1,1,1,1,1,1,1,1,1,1,1,1,1,1,1,1,1,1,1,1,1,1,1,1,1,1,1,1,1,1,1,1"
1225,Stage1,50.64,,,,,,,,5,,,
1225,Stage2,50.64,16.48,,,,,,,5,0,,
1225,PowerOpt,50.64,16.48,16.48,,,,"92.01,44.83,28.94,22.55,18.16,13.08,12.52,6.02,4.29,3.60,3.43,1.97,1.13,1.03,0.67,0.43,0.18,0.16,0.15,0.14,0.12,0.11,0.09,0.08,0.06,0.05,0.03,0.03,0.03,0.02,0.01,0.01",1.00,5,0,,
1225,Stage3,50.64,16.48,16.48,15.39,,,,,5,0,"33,8",
1225,Stage3_PowerOpt,50.64,16.48,16.48,,15.39,,"24.88,16.08,8.01,4.34,2.49,2.19,2.10,0.87,0.64,0.59,0.52,0.45,0.32,0.17,0.11,0.05,0.04,0.03,0.03,0.02,0.02,0.01",1.00,5,0,"33,8",
1225,Stage4,50.64,16.48,16.48,,15.39,8.04;10.11;10.74;11.23;11.58;11.88;12.13;12.35;12.54;12.69;12.83;12.95;13.06;13.17;13.27;13.37;13.47;13.56;13.63;13.70;13.77;13.84;13.90;13.97;14.03;14.09;14.15;14.20;14.25;14.30;14.34;14.39;14.44;14.49;14.53;14.57;14.60;14.64,,,5,0,"33,8","8,33,33,8,33,8,8,33,8,33,33,33,33,8,8,33,8,8,33,33,33,8,8,8,8,8,33,33,33,33,8,8,33,8,8,33,33,33"
1226,Stage1,45.27,,,,,,,,"5,0,9",,,
1226,Stage2,45.27,34.39,,,,,,,"5,0,9",4,,
1226,PowerOpt,45.27,34.39,34.39,,,,"171.40,60.66,4.62,4.03,3.43,2.73,1.61,1.43,1.08,0.89,0.69,0.67,0.53,0.50,0.32,0.29,0.25,0.14,0.13,0.11,0.08,0.07,0.06,0.04,0.03,0.02,0.02,0.02,0.01,0.01,0.01","2.89,0.09,0.01","5,0,9",4,,
1226,Stage3,45.27,34.39,34.39,32.42,,,,,"5,0,9",4,9,
1226,Stage3_PowerOpt,45.27,34.39,34.39,,32.42,,"44.63,16.04,1.09,0.92,0.89,0.14,0.13,0.04,0.03,0.02,0.02,0.02,0.01","2.95,0.05,0.01","5,0,9",4,9,
1226,Stage4,45.27,34.39,34.39,,32.42,10.35;15.37;17.79;19.28;20.30;21.21;22.22;23.35;23.94;24.35;24.68;24.99;25.26;25.51;25.82;26.31;26.65;26.89;27.07;27.26;27.45;27.60;27.77;28.06;28.30;28.46;28.58;28.72;28.85;28.97;29.10;29.27;29.34;29.48;29.64;29.72;29.84;29.95;30.08;30.15;30.05;30.21;30.36;30.34;30.56;30.58;30.69;30.84,,,"5,0,9",4,9,"9,9,9,9,9,9,9,9,9,9,9,9,9,9,9,9,9,9,9,9,9,9,9,9,9,9,9,9,9,9,9,9,9,9,9,9,9,9,9,9,9,9,9,9,9,9,9,9"
1227,Stage1,24.83,,,,,,,,0,,,
1227,Stage2,24.83,16.36,,,,,,,0,0,,
1227,PowerOpt,24.83,16.36,16.36,,,,"199.82,50.44,4.29,0.65,0.40,0.32,0.02",1.00,0,0,,
1227,Stage3,24.83,16.36,16.36,16.28,,,,,0,0,24,
1227,Stage3_PowerOpt,24.83,16.36,16.36,,16.28,,"49.94,12.62,1.08,0.16,0.10,0.08",1.00,0,0,24,
1227,Stage4,24.83,16.36,16.36,,16.28,8.07;10.68;11.42;11.96;12.38;12.72;13.02;13.27;13.46;13.60;13.72;13.83;13.93;14.04;14.15;14.27;14.37;14.45;14.52;14.58;14.65;14.71;14.78;14.86;14.92;14.98;15.03;15.07;15.12;15.16;15.22;15.27;15.32;15.37;15.40;15.44;15.47,,,0,0,24,"24,24,24,24,24,24,24,24,24,24,24,24,24,24,24,24,24,24,24,24,24,24,24,24,24,24,24,24,24,24,24,24,24,24,24,24,24"
1228,Stage1,32.94,,,,,,,,"0,5",,,
1228,Stage2,32.94,24.90,,,,,,,"0,5",0,,
1228,PowerOpt,32.94,24.90,24.90,,,,"165.02,53.12,18.26,8.46,5.71,2.94,1.59,0.38,0.21,0.09,0.08,0.03,0.02,0.02,0.01","1.99,0.01","0,5",0,,
1228,Stage3,32.94,24.90,24.90,24.48,,,,,"0,5",0,24,
1228,Stage3_PowerOpt,32.94,24.90,24.90,,24.48,,"41.92,13.54,3.80,2.12,1.45,0.60,0.40,0.08,0.05,0.02","1.99,0.01","0,5",0,24,
1228,Stage4,32.94,24.90,24.90,,24.48,6.45;12.19;13.77;15.01;16.00;16.80;17.46;18.01;18.68;19.05;19.34;19.58;19.81;20.01;20.22;20.46;20.67;20.84;20.97;21.11;21.24;21.38;21.52;21.67;21.79;21.89;21.99;22.07;22.16;22.24;22.33;22.44;22.56;22.66;22.74;22.81;22.88;22.96;23.04;23.13;23.20;23.27,,,"0,5",0,24,"24,24,24,24,24,24,24,24,24,24,24,24,24,24,24,24,24,24,24,24,24,24,24,24,24,24,24,24,24,24,24,24,24,24,24,24,24,24,24,24,24,24"
1229,Stage1,24.75,,,,,,,,"0,5,8",,,
1229,Stage2,24.75,20.26,,,,,,,"0,5,8",0,,
1229,PowerOpt,24.75,20.26,20.26,,,,"225.45,23.56,4.47,1.67,0.59,0.04,0.04,0.03,0.02,0.01,0.01,0.01,0.01","3.00,0.00,0.00","0,5,8",0,,
1229,Stage3,24.75,20.26,20.26,19.86,,,,,"0,5,8",0,24,
1229,Stage3_PowerOpt,24.75,20.26,20.26,,19.86,,"56.37,5.90,1.11,0.42,0.15,0.01","3.00,0.00,0.00","0,5,8",0,24,
1229,Stage4,24.75,20.26,20.26,,19.86,6.86;11.42;12.12;12.64;13.12;13.58;14.00;14.42;14.74;14.96;15.12;15.29;15.45;15.63;15.83;16.05;16.24;16.38;16.50;16.59;16.70;16.81;16.89;17.09;17.22;17.31;17.41;17.49;17.55;17.65;17.74;17.86;17.94;18.05;18.12;18.19;18.25;18.27;18.39;18.49;18.58;18.64;18.70;18.76;18.81;18.87,,,"0,5,8",0,24,"24,24,24,24,24,24,24,24,24,24,24,24,24,24,24,24,24,24,24,24,24,24,24,24,24,24,24,24,24,24,24,24,24,24,24,24,24,24,24,24,24,24,24,24,24,24"
1247,Stage1,25.69,,,,,,,,"0,15",,,
1247,Stage2,25.69,20.42,,,,,,,"0,15",12,,
1247,PowerOpt,25.69,20.42,20.42,,,,"129.93,34.03,22.15,16.76,7.57,5.83,4.66,3.35,2.90,2.64,2.52,2.28,2.16,2.15,1.86,1.54,1.37,1.25,1.09,0.94,0.93,0.83,0.66,0.57,0.55,0.46,0.44,0.42,0.40,0.37,0.32,0.30,0.25,0.23,0.22,0.19,0.17,0.16,0.15,0.15,0.14,0.12,0.11,0.09,0.09,0.08,0.07,0.06,0.05,0.05,0.04,0.04,0.03,0.03,0.03,0.03,0.02,0.02,0.02,0.01,0.01,0.01","1.94,0.06","0,15",12,,
1247,Stage3,25.69,20.42,20.42,20.35,,,,,"0,15",12,39,
1247,Stage3_PowerOpt,25.69,20.42,20.42,,20.35,,"47.05,12.22,1.73,1.09,0.79,0.20,0.16,0.14,0.08,0.06,0.06,0.05,0.05,0.04,0.03,0.03,0.03,0.02,0.02,0.02,0.02,0.01,0.01,0.01","1.95,0.05","0,15",12,39,
1247,Stage4,25.69,20.42,20.42,,20.35,10.99;12.22;12.98;13.52;13.91;14.29;14.66;14.97;15.29;15.52;15.70;15.87;16.05;16.24;16.44;16.63;16.83;16.98;17.09;17.19;17.30;17.42;17.55;17.68;17.83;17.94;18.03;18.10;18.17;18.26;18.36;18.46;18.57;18.66;18.73;18.78;18.84;18.91;18.99;19.07;19.16;19.23;19.29;19.33;19.38,,,"0,15",12,39,"39,39,39,39,39,39,39,39,39,39,39,39,39,39,39,39,39,39,39,39,39,39,39,39,39,39,39,39,39,39,39,39,39,39,39,39,39,39,39,39,39,39,39,39,39"
1248,Stage1,35.62,,,,,,,,0,,,
1248,Stage2,35.62,16.07,,,,,,,0,12,,
1248,PowerOpt,35.62,16.07,16.07,,,,"182.55,46.37,16.17,5.54,4.14,0.58,0.38,0.11,0.07,0.02",1.00,0,12,,
1248,Stage3,35.62,16.07,16.07,15.82,,,,,0,12,39,
1248,Stage3_PowerOpt,35.62,16.07,16.07,,15.82,,"45.84,11.50,4.00,1.32,1.04,0.14,0.09,0.03,0.02",1.00,0,12,39,
1248,Stage4,35.62,16.07,16.07,,15.82,9.10;10.32;11.08;11.63;12.05;12.36;12.59;12.75;12.87;13.01;13.17;13.32;13.47;13.60;13.70;13.78;13.84;13.92;14.01;14.10;14.19;14.27;14.33;14.38;14.42;14.48;14.54;14.61;14.67;14.73;14.77;14.81;14.84;14.89;14.93;14.99;15.03,,,0,12,39,"39,39,39,39,39,39,39,39,39,39,39,39,39,39,39,39,39,39,39,39,39,39,39,39,39,39,39,39,39,39,39,39,39,39,39,39,39"
1249,Stage1,31.57,,,,,,,,4,,,
1249,Stage2,31.57,16.43,,,,,,,4,4,,
1249,PowerOpt,31.57,16.43,16.43,,,,"198.04,47.72,8.31,1.02,0.51,0.20,0.05,0.04,0.02,0.01",1.00,4,4,,
1249,Stage3,31.57,16.43,16.43,16.50,,,,,4,4,33,
1249,Stage3_PowerOpt,31.57,16.43,16.43,,16.50,,"49.43,12.01,2.14,0.26,0.13,0.01",1.00,4,4,33,
1249,Stage4,31.57,16.43,16.43,,16.50,7.90;10.91;11.66;12.20;12.62;12.96;13.25;13.49;13.67;13.81;13.93;14.04;14.15;14.26;14.37;14.49;14.58;14.66;14.73;14.80;14.86;14.93;15.00;15.07;15.14;15.19;15.24;15.29;15.33;15.38;15.43;15.49;15.54;15.58;15.62;15.65;15.69,,,4,4,33,"33,33,33,33,33,33,33,33,33,33,33,33,33,33,33,33,33,33,33,33,33,33,33,33,33,33,33,33,33,33,33,33,33,33,33,33,33"
1250,Stage1,32.70,,,,,,,,4,,,
1250,Stage2,32.70,16.50,,,,,,,4,4,,
1250,PowerOpt,32.70,16.50,16.50,,,,"184.72,47.61,15.78,4.19,2.80,0.37,0.21,0.12,0.08,0.05,0.01",1.00,4,4,,
1250,Stage3,32.70,16.50,16.50,16.53,,,,,4,4,33,
1250,Stage3_PowerOpt,32.70,16.50,16.50,,16.53,,"47.18,12.10,3.02,0.84,0.67,0.07,0.05,0.03,0.02,0.01",1.00,4,4,33,
1250,Stage4,32.70,16.50,16.50,,16.53,7.90;10.99;11.73;12.26;12.66;12.99;13.27;13.52;13.70;13.84;13.97;14.08;14.18;14.29;14.40;14.52;14.62;14.70;14.77;14.83;14.90;14.96;15.03;15.11;15.17;15.23;15.28;15.32;15.37;15.42;15.47;15.53;15.57;15.62;15.65;15.69;15.72,,,4,4,33,"33,33,33,33,33,33,33,33,33,33,33,33,33,33,33,33,33,33,33,33,33,33,33,33,33,33,33,33,33,33,33,33,33,33,33,33,33"
1251,Stage1,31.47,,,,,,,,4,,,
1251,Stage2,31.47,16.23,,,,,,,4,0,,
1251,PowerOpt,31.47,16.23,16.23,,,,"202.05,41.31,10.23,1.72,0.48,0.10,0.03,0.02",1.00,4,0,,
1251,Stage3,31.47,16.23,16.23,16.23,,,,,4,0,32,
1251,Stage3_PowerOpt,31.47,16.23,16.23,,16.23,,"50.52,10.33,2.55,0.43,0.12,0.03",1.00,4,0,32,
1251,Stage4,31.47,16.23,16.23,,16.23,8.10;10.66;11.40;11.94;12.36;12.71;13.00;13.23;13.41;13.55;13.67;13.79;13.90;14.01;14.12;14.23;14.33;14.40;14.47;14.54;14.61;14.67;14.74;14.81;14.88;14.93;14.98;15.03;15.08;15.12;15.18;15.23;15.28;15.32;15.36;15.39;15.43,,,4,0,32,"32,32,32,32,32,32,32,32,32,32,32,32,32,32,32,32,32,32,32,32,32,32,32,32,32,32,32,32,32,32,32,32,32,32,32,32,32"
1252,Stage1,30.39,,,,,,,,4,,,
1252,Stage2,30.39,16.08,,,,,,,4,0,,
1252,PowerOpt,30.39,16.08,16.08,,,,"225.99,27.63,1.53,0.61,0.15,0.03,0.01",1.00,4,0,,
1252,Stage3,30.39,16.08,16.08,16.08,,,,,4,0,32,
1252,Stage3_PowerOpt,30.39,16.08,16.08,,16.08,,"56.51,6.91,0.38,0.15,0.04",1.00,4,0,32,
1252,Stage4,30.39,16.08,16.08,,16.08,8.09;10.56;11.26;11.78;12.19;12.53;12.82;13.08;13.27;13.41;13.52;13.63;13.74;13.84;13.96;14.08;14.18;14.25;14.32;14.38;14.45;14.51;14.58;14.66;14.73;14.78;14.83;14.87;14.92;14.97;15.02;15.08;15.13;15.17;15.20;15.24;15.27;15.31,,,4,0,32,"32,32,32,32,32,32,32,32,32,32,32,32,32,32,32,32,32,32,32,32,32,32,32,32,32,32,32,32,32,32,32,32,32,32,32,32,32,32"
1254,Stage1,27.55,,,,,,,,4,,,
1254,Stage2,27.55,16.32,,,,,,,4,4,,
1254,PowerOpt,27.55,16.32,16.32,,,,"202.99,49.74,2.94,0.16,0.09,0.02",1.00,4,4,,
1254,Stage3,27.55,16.32,16.32,16.39,,,,,4,4,33,
1254,Stage3_PowerOpt,27.55,16.32,16.32,,16.39,,"50.80,12.38,0.74,0.04,0.02",1.00,4,4,33,
1254,Stage4,27.55,16.32,16.32,,16.39,7.91;10.84;11.55;12.07;12.49;12.83;13.12;13.38;13.57;13.71;13.83;13.94;14.04;14.15;14.26;14.38;14.48;14.56;14.63;14.69;14.75;14.82;14.89;14.97;15.03;15.09;15.14;15.18;15.22;15.27;15.32;15.38;15.43;15.47;15.51;15.54;15.58,,,4,4,33,"33,33,33,33,33,33,33,33,33,33,33,33,33,33,33,33,33,33,33,33,33,33,33,33,33,33,33,33,33,33,33,33,33,33,33,33,33"
1255,Stage1,35.27,,,,,,,,4,,,
1255,Stage2,35.27,16.29,,,,,,,4,4,,
1255,PowerOpt,35.27,16.29,16.29,,,,"210.11,37.56,4.45,2.76,0.72,0.16,0.08,0.08,0.02,0.02",1.00,4,4,,
1255,Stage3,35.27,16.29,16.29,16.31,,,,,4,4,33,
1255,Stage3_PowerOpt,35.27,16.29,16.29,,16.31,,"53.20,9.57,1.15,0.04,0.02",1.00,4,4,33,
1255,Stage4,35.27,16.29,16.29,,16.31,8.01;10.73;11.45;11.99;12.41;12.76;13.05;13.30;13.49;13.63;13.75;13.85;13.96;14.07;14.18;14.30;14.40;14.48;14.54;14.61;14.67;14.74;14.81;14.89;14.95;15.01;15.05;15.10;15.14;15.19;15.24;15.30;15.35;15.39;15.43;15.46;15.50,,,4,4,33,"33,33,33,33,33,33,33,33,33,33,33,33,33,33,33,33,33,33,33,33,33,33,33,33,33,33,33,33,33,33,33,33,33,33,33,33,33"
1256,Stage1,38.90,,,,,,,,4,,,
1256,Stage2,38.90,16.47,,,,,,,4,4,,
1256,PowerOpt,38.90,16.47,16.47,,,,"121.93,81.88,22.76,22.05,3.02,2.32,1.40,0.24,0.17,0.15,0.02",1.00,4,4,,
1256,Stage3,38.90,16.47,16.47,15.67,,,,,4,4,41,
1256,Stage3_PowerOpt,38.90,16.47,16.47,,15.67,,"27.05,23.68,6.36,4.98,0.85,0.53,0.39,0.06,0.05,0.03",1.00,4,4,41,
1256,Stage4,38.90,16.47,16.47,,15.67,8.15;10.51;11.15;11.59;11.94;12.22;12.46;12.67;12.84;13.00;13.13;13.25;13.36;13.47;13.57;13.67;13.76;13.85;13.92;13.99;14.06;14.12;14.19;14.25;14.32;14.37;14.43;14.48;14.52;14.57;14.62;14.67;14.72;14.76;14.80;14.84;14.88;14.91,,,4,4,41,"41,41,41,41,41,41,41,41,41,41,41,41,41,41,41,41,41,41,41,41,41,41,41,41,41,41,41,41,41,41,41,41,41,41,41,41,41,41"
1257,Stage1,42.73,,,,,,,,4,,,
1257,Stage2,42.73,16.47,,,,,,,4,4,,
1257,PowerOpt,42.73,16.47,16.47,,,,"130.84,50.02,47.39,12.96,9.50,2.61,1.57,0.45,0.28,0.14,0.09,0.08,0.02",1.00,4,4,,
1257,Stage3,42.73,16.47,16.47,15.92,,,,,4,4,33,
1257,Stage3_PowerOpt,42.73,16.47,16.47,,15.92,,"43.80,15.85,3.13,0.84,0.20,0.09,0.05,0.03",1.00,4,4,33,
1257,Stage4,42.73,16.47,16.47,,15.92,8.21;10.34;11.08;11.61;12.03;12.38;12.67;12.91;13.10;13.24;13.36;13.47;13.58;13.69;13.80;13.91;14.01;14.09;14.16;14.22;14.29;14.35;14.42;14.50;14.56;14.62;14.67;14.71;14.76;14.81;14.86;14.91;14.96;15.00;15.04;15.08;15.11;15.15,,,4,4,33,"33,33,33,33,33,33,33,33,33,33,33,33,33,33,33,33,33,33,33,33,33,33,33,33,33,33,33,33,33,33,33,33,33,33,33,33,33,33"
1258,Stage1,39.36,,,,,,,,4,,,
1258,Stage2,39.36,16.40,,,,,,,4,4,,
1258,PowerOpt,39.36,16.40,16.40,,,,"172.27,36.93,32.81,6.21,5.89,0.99,0.37,0.32,0.09,0.03,0.01",1.00,4,4,,
1258,Stage3,39.36,16.40,16.40,16.03,,,,,4,4,33,
1258,Stage3_PowerOpt,39.36,16.40,16.40,,16.03,,"50.50,10.90,1.85,0.51,0.11,0.09,0.02",1.00,4,4,33,
1258,Stage4,39.36,16.40,16.40,,16.03,8.19;10.47;11.19;11.72;12.14;12.48;12.77;13.02;13.21;13.34;13.46;13.57;13.68;13.79;13.91;14.02;14.12;14.20;14.27;14.33;14.39;14.46;14.53;14.61;14.67;14.73;14.78;14.82;14.87;14.92;14.97;15.03;15.07;15.11;15.15;15.19;15.22;15.26,,,4,4,33,"33,33,33,33,33,33,33,33,33,33,33,33,33,33,33,33,33,33,33,33,33,33,33,33,33,33,33,33,33,33,33,33,33,33,33,33,33,33"
1259,Stage1,31.42,,,,,,,,"4,9,0",,,
1259,Stage2,31.42,25.64,,,,,,,"4,9,0",5,,
1259,PowerOpt,31.42,25.64,25.64,,,,"126.91,56.32,48.32,9.22,8.59,3.41,1.81,0.58,0.31,0.14,0.13,0.08,0.05,0.03,0.01,0.01,0.01","3.00,0.00,0.00","4,9,0",5,,
1259,Stage3,31.42,25.64,25.64,23.19,,,,,"4,9,0",5,"49,49,32,49",
1259,Stage3_PowerOpt,31.42,25.64,25.64,,23.19,,"28.18,17.83,10.77,3.14,2.36,0.87,0.47,0.14,0.12,0.03,0.03,0.02,0.01","3.00,0.00,0.00","4,9,0",5,"49,49,32,49",
1259,Stage4,31.42,25.64,25.64,,23.19,7.29;11.35;12.09;12.72;13.27;13.77;14.26;14.74;15.37;15.75;16.08;16.38;16.72;17.02;17.29;17.59;17.87;18.10;18.28;18.49;18.65;18.84;19.03;19.25;19.44;19.57;19.72;19.83;19.94;20.07;20.20;20.34;20.48;20.54;20.64;20.76;20.83;20.94;21.08;21.16;21.27;21.37;21.50;21.58;21.65;21.72;21.82;21.93;22.04,,,"4,9,0",5,"49,49,32,49","49,49,49,49,49,49,49,49,49,49,49,32,49,49,49,49,49,49,49,32,49,32,49,49,49,32,32,49,32,49,49,32,32,49,32,32,49,32,32,49,49,49,49,49,49,32,49,49,49"
1260,Stage1,39.79,,,,,,,,4,,,
1260,Stage2,39.79,16.35,,,,,,,4,4,,
1260,PowerOpt,39.79,16.35,16.35,,,,"174.05,59.72,8.70,7.79,2.53,2.21,0.38,0.24,0.23,0.07,0.02,0.01",1.00,4,4,,
1260,Stage3,39.79,16.35,16.35,16.25,,,,,4,4,33,
1260,Stage3_PowerOpt,39.79,16.35,16.35,,16.25,,"45.47,15.46,1.98,0.65,0.21,0.09,0.07,0.04",1.00,4,4,33,
1260,Stage4,39.79,16.35,16.35,,16.25,8.14;10.66;11.42;11.96;12.37;12.71;12.99;13.24;13.42;13.56;13.69;13.80;13.91;14.02;14.13;14.24;14.33;14.41;14.48;14.55;14.62;14.68;14.75;14.83;14.89;14.94;14.99;15.04;15.09;15.13;15.19;15.24;15.29;15.33;15.37;15.41;15.44,,,4,4,33,"33,33,33,33,33,33,33,33,33,33,33,33,33,33,33,33,33,33,33,33,33,33,33,33,33,33,33,33,33,33,33,33,33,33,33,33,33"
1261,Stage1,41.42,,,,,,,,4,,,
1261,Stage2,41.42,16.32,,,,,,,4,4,,
1261,PowerOpt,41.42,16.32,16.32,,,,"171.75,56.24,12.92,7.53,3.61,2.18,0.71,0.68,0.15,0.13,0.03,0.02",1.00,4,4,,
1261,Stage3,41.42,16.32,16.32,16.20,,,,,4,4,32,
1261,Stage3_PowerOpt,41.42,16.32,16.32,,16.20,,"46.49,14.11,2.31,0.72,0.23,0.06,0.04,0.01",1.00,4,4,32,
1261,Stage4,41.42,16.32,16.32,,16.20,8.12;10.64;11.38;11.90;12.31;12.65;12.94;13.19;13.38;13.52;13.64;13.75;13.85;13.96;14.07;14.19;14.29;14.37;14.44;14.50;14.56;14.63;14.70;14.78;14.84;14.90;14.94;14.99;15.04;15.08;15.13;15.19;15.24;15.28;15.32;15.36;15.39,,,4,4,32,"32,32,32,32,32,32,32,32,32,32,32,32,32,32,32,32,32,32,32,32,32,32,32,32,32,32,32,32,32,32,32,32,32,32,32,32,32"
1262,Stage1,42.61,,,,,,,,4,,,
1262,Stage2,42.61,16.24,,,,,,,4,0,,
1262,PowerOpt,42.61,16.24,16.24,,,,"227.66,17.97,5.23,2.18,0.90,0.55,0.33,0.33,0.30,0.27,0.15,0.08",1.00,4,0,,
1262,Stage3,42.61,16.24,16.24,16.15,,,,,4,0,8,
1262,Stage3_PowerOpt,42.61,16.24,16.24,,16.15,,"57.91,4.56,1.31,0.13,0.03,0.02",1.00,4,0,8,
1262,Stage4,42.61,16.24,16.24,,16.15,8.05;10.57;11.28;11.79;12.20;12.53;12.82;13.07;13.26;13.41;13.53;13.64;13.74;13.85;13.96;14.08;14.18;14.26;14.33;14.40;14.46;14.53;14.60;14.67;14.74;14.80;14.85;14.90;14.94;14.99;15.04;15.10;15.15;15.20;15.24;15.27;15.31;15.35,,,4,0,8,"8,8,8,8,8,8,8,8,8,8,8,8,8,8,8,8,8,8,8,8,8,8,8,8,8,8,8,8,8,8,8,8,8,8,8,8,8,8"
1263,Stage1,26.03,,,,,,,,0,,,
1263,Stage2,26.03,16.29,,,,,,,0,0,,
1263,PowerOpt,26.03,16.29,16.29,,,,"218.67,30.65,5.33,0.68,0.53,0.08,0.01",1.00,0,0,,
1263,Stage3,26.03,16.29,16.29,16.07,,,,,0,0,24,
1263,Stage3_PowerOpt,26.03,16.29,16.29,,16.07,,"54.64,7.68,1.34,0.17,0.13,0.02",1.00,0,0,24,
1263,Stage4,26.03,16.29,16.29,,16.07,8.13;10.56;11.29;11.81;12.22;12.55;12.82;13.07;13.26;13.40;13.52;13.63;13.74;13.85;13.95;14.07;14.17;14.25;14.32;14.38;14.45;14.51;14.58;14.65;14.72;14.77;14.82;14.87;14.92;14.96;15.01;15.07;15.12;15.16;15.20;15.23;15.27,,,0,0,24,"24,24,24,24,24,24,24,24,24,24,24,24,24,24,24,24,24,24,24,24,24,24,24,24,24,24,24,24,24,24,24,24,24,24,24,24,24"
1264,Stage1,49.82,,,,,,,,5,,,
1264,Stage2,49.82,16.66,,,,,,,5,0,,
1264,PowerOpt,49.82,16.66,16.66,,,,"147.34,48.02,19.62,13.27,10.35,6.84,4.00,2.81,2.17,0.78,0.31,0.13,0.10,0.09,0.07,0.04",1.00,5,0,,
1264,Stage3,49.82,16.66,16.66,16.14,,,,,5,0,8,
1264,Stage3_PowerOpt,49.82,16.66,16.66,,16.14,,"45.93,14.94,2.13,0.87,0.07,0.02,0.02",1.00,5,0,8,
1264,Stage4,49.82,16.66,16.66,,16.14,8.12;10.58;11.30;11.83;12.25;12.59;12.88;13.12;13.32;13.46;13.58;13.69;13.79;13.90;14.01;14.12;14.23;14.31;14.38;14.44;14.50;14.57;14.64;14.71;14.78;14.84;14.89;14.93;14.98;15.02;15.07;15.13;15.18;15.22;15.26;15.30;15.33,,,5,0,8,"8,8,8,8,8,8,8,8,8,8,8,8,8,8,8,8,8,8,8,8,8,8,8,8,8,8,8,8,8,8,8,8,8,8,8,8,8"
1265,Stage1,50.57,,,,,,,,4,,,
1265,Stage2,50.57,16.54,,,,,,,4,0,,
1265,PowerOpt,50.57,16.54,16.54,,,,"145.46,43.96,24.71,14.69,6.84,5.27,4.52,3.17,2.39,2.01,0.66,0.54,0.40,0.28,0.21,0.12,0.11,0.09,0.08,0.07,0.07,0.05,0.04,0.04,0.04,0.03,0.03,0.02,0.01,0.01",1.00,4,0,,
1265,Stage3,50.57,16.54,16.54,15.96,,,,,4,0,8,
1265,Stage3_PowerOpt,50.57,16.54,16.54,,15.96,,"46.59,14.06,1.68,0.77,0.54,0.17,0.10,0.04,0.02,0.01",1.00,4,0,8,
1265,Stage4,50.57,16.54,16.54,,15.96,8.20;10.33;11.08;11.63;12.06;12.41;12.69;12.93;13.12;13.26;13.38;13.49;13.60;13.71;13.83;13.94;14.04;14.12;14.18;14.25;14.32;14.38;14.45;14.52;14.59;14.65;14.70;14.74;14.79;14.84;14.89;14.94;14.99;15.04;15.08;15.11;15.15;15.19,,,4,0,8,"8,8,8,8,8,8,8,8,8,8,8,8,8,8,8,8,8,8,8,8,8,8,8,8,8,8,8,8,8,8,8,8,8,8,8,8,8,8"
1266,Stage1,25.79,,,,,,,,4,,,
1266,Stage2,25.79,16.31,,,,,,,4,0,,
1266,PowerOpt,25.79,16.31,16.31,,,,"205.44,34.00,14.49,1.30,0.60,0.10,0.01",1.00,4,0,,
1266,Stage3,25.79,16.31,16.31,16.20,,,,,4,0,24,
1266,Stage3_PowerOpt,25.79,16.31,16.31,,16.20,,"51.40,8.48,3.62,0.32,0.15,0.02",1.00,4,0,24,
1266,Stage4,25.79,16.31,16.31,,16.20,8.13;10.62;11.39;11.94;12.36;12.69;12.96;13.19;13.37;13.51;13.64;13.75;13.87;13.98;14.08;14.19;14.29;14.36;14.44;14.51;14.57;14.64;14.71;14.78;14.84;14.90;14.95;15.00;15.04;15.09;15.14;15.19;15.24;15.28;15.32;15.36;15.40,,,4,0,24,"24,24,24,24,24,24,24,24,24,24,24,24,24,24,24,24,24,24,24,24,24,24,24,24,24,24,24,24,24,24,24,24,24,24,24,24,24"
1267,Stage1,46.01,,,,,,,,"5,0,9",,,
1267,Stage2,46.01,34.45,,,,,,,"5,0,9",4,,
1267,PowerOpt,46.01,34.45,34.45,,,,"199.87,31.47,7.73,5.22,2.17,1.72,1.61,1.51,1.14,0.82,0.43,0.39,0.31,0.26,0.25,0.23,0.13,0.13,0.11,0.09,0.07,0.06,0.05,0.04,0.03,0.02,0.01,0.01,0.01,0.01","2.85,0.14,0.01","5,0,9",4,,
1267,Stage3,46.01,34.45,34.45,32.31,,,,,"5,0,9",4,"9,9,32,9,9",
1267,Stage3_PowerOpt,46.01,34.45,34.45,,32.31,,"51.67,8.05,1.59,1.31,0.42,0.30,0.12,0.09,0.08,0.07,0.06,0.05,0.04,0.03,0.02,0.02,0.02,0.01,0.01","2.89,0.10,0.01","5,0,9",4,"9,9,32,9,9",
1267,Stage4,46.01,34.45,34.45,,32.31,10.11;15.71;17.88;19.54;20.49;21.47;22.36;23.15;23.69;24.14;24.52;24.87;25.20;25.51;25.81;26.14;26.46;26.70;26.91;27.14;27.34;27.54;27.73;27.94;28.17;28.33;28.48;28.62;28.77;28.92;29.04;29.19;29.35;29.51;29.62;29.73;29.86;29.98;30.10;30.21;30.34;30.46;30.55;30.64;30.73,,,"5,0,9",4,"9,9,32,9,9","9,9,9,9,32,9,9,9,9,32,32,9,9,9,9,9,9,9,9,32,32,9,9,9,9,9,32,32,32,9,32,9,9,9,9,9,32,9,9,9,9,9,9,9,32"
1268,Stage1,38.48,,,,,,,,"0,5",,,
1268,Stage2,38.48,25.68,,,,,,,"0,5",0,,
1268,PowerOpt,38.48,25.68,25.68,,,,"210.35,31.38,8.60,1.86,1.68,0.77,0.49,0.26,0.21,0.15,0.07,0.04,0.02,0.01,0.01,0.01,0.01","1.98,0.02","0,5",0,,
1268,Stage3,38.48,25.68,25.68,25.24,,,,,"0,5",0,32,
1268,Stage3_PowerOpt,38.48,25.68,25.68,,25.24,,"52.31,7.81,2.55,0.55,0.42,0.19,0.07,0.06,0.01","1.97,0.03","0,5",0,32,
1268,Stage4,38.48,25.68,25.68,,25.24,9.80;11.75;13.32;14.60;15.65;16.52;17.27;17.93;18.83;19.27;19.62;19.92;20.21;20.49;20.76;21.03;21.27;21.48;21.65;21.81;21.95;22.09;22.24;22.39;22.53;22.65;22.74;22.83;22.91;23.00;23.09;23.19;23.29;23.37;23.45;23.52;23.59;23.66;23.73;23.82;23.92;24.00,,,"0,5",0,32,"32,32,32,32,32,32,32,32,32,32,32,32,32,32,32,32,32,32,32,32,32,32,32,32,32,32,32,32,32,32,32,32,32,32,32,32,32,32,32,32,32,32"
1269,Stage1,39.37,,,,,,,,"0,4",,,
1269,Stage2,39.37,27.17,,,,,,,"0,4",0,,
1269,PowerOpt,39.37,27.17,27.17,,,,"117.80,91.48,21.34,19.44,1.84,1.59,0.77,0.53,0.38,0.28,0.15,0.14,0.07,0.05,0.02,0.01,0.01","1.96,0.04","0,4",0,,
1269,Stage3,39.37,27.17,27.17,26.47,,,,,"0,4",0,24,
1269,Stage3_PowerOpt,39.37,27.17,27.17,,26.47,,"28.04,24.50,5.24,4.98,0.44,0.43,0.21,0.07,0.06,0.01","1.96,0.04","0,4",0,24,
1269,Stage4,39.37,27.17,27.17,,26.47,9.91;12.65;14.47;15.84;16.92;17.80;18.55;19.19;20.14;20.62;20.99;21.30;21.60;21.86;22.10;22.32;22.54;22.71;22.86;23.01;23.15;23.29;23.43;23.57;23.71;23.82;23.91;24.00;24.10;24.19;24.28;24.38;24.49;24.59;24.67;24.75;24.83;24.91;24.99;25.07;25.15,,,"0,4",0,24,"24,24,24,24,24,24,24,24,24,24,24,24,24,24,24,24,24,24,24,24,24,24,24,24,24,24,24,24,24,24,24,24,24,24,24,24,24,24,24,24,24"
1277,Stage1,29.34,,,,,,,,9,,,
1277,Stage2,29.34,16.69,,,,,,,9,0,,
1277,PowerOpt,29.34,16.69,16.69,,,,"197.67,49.43,6.34,2.01,0.36,0.11,0.01",1.00,9,0,,
1277,Stage3,29.34,16.69,16.69,16.65,,,,,9,0,24,
1277,Stage3_PowerOpt,29.34,16.69,16.69,,16.65,,"49.44,12.35,1.59,0.50,0.09,0.03",1.00,9,0,24,
1277,Stage4,29.34,16.69,16.69,,16.65,7.74;11.05;11.80;12.34;12.76;13.10;13.38;13.62;13.81;13.96;14.08;14.19;14.30;14.40;14.51;14.62;14.72;14.81;14.88;14.94;15.01;15.07;15.14;15.21;15.28;15.34;15.39;15.43;15.48;15.53;15.58;15.63;15.68;15.73;15.77;15.80;15.84,,,9,0,24,"24,24,24,24,24,24,24,24,24,24,24,24,24,24,24,24,24,24,24,24,24,24,24,24,24,24,24,24,24,24,24,24,24,24,24,24,24"
1280,Stage1,54.85,,,,,,,,4,,,
1280,Stage2,54.85,16.59,,,,,,,4,0,,
1280,PowerOpt,54.85,16.59,16.59,,,,"97.61,35.73,33.62,30.75,21.21,13.94,8.35,7.68,4.17,2.88",1.00,4,0,,
1280,Stage3,54.85,16.59,16.59,16.42,,,,,4,0,24,
1280,Stage3_PowerOpt,54.85,16.59,16.59,,16.42,,"26.58,9.35,7.47,6.32,5.59,2.95,2.26,1.60,1.09,0.77",1.00,4,0,24,
1280,Stage4,54.85,16.59,16.59,,16.42,8.17;10.88;11.67;12.19;12.57;12.86;13.10;13.30;13.49;13.65;13.79;13.93;14.05;14.16;14.26;14.36;14.46;14.55;14.63;14.71;14.79;14.86;14.93;14.99;15.05;15.11;15.16;15.22;15.27;15.32;15.37;15.41;15.46;15.50;15.54;15.58;15.62,,,4,0,24,"24,24,24,24,24,24,24,24,24,24,24,24,24,24,24,24,24,24,24,24,24,24,24,24,24,24,24,24,24,24,24,24,24,24,24,24,24"
1287,Stage1,44.20,,,,,,,,0,,,
1287,Stage2,44.20,16.27,,,,,,,0,12,,
1287,PowerOpt,44.20,16.27,16.27,,,,"163.77,36.45,30.55,10.27,7.04,2.95,2.09,1.37,0.78,0.31,0.12,0.11,0.05,0.03,0.02,0.01,0.01",1.00,0,12,,
1287,Stage3,44.20,16.27,16.27,15.95,,,,,0,12,39,
1287,Stage3_PowerOpt,44.20,16.27,16.27,,15.95,,"29.09,15.19,6.51,5.71,3.92,1.90,0.77,0.31,0.27,0.14,0.09,0.05,0.02,0.01",1.00,0,12,39,
1287,Stage4,44.20,16.27,16.27,,15.95,8.41;9.95;10.93;11.63;12.14;12.50;12.74;12.89;12.96;13.09;13.25;13.43;13.60;13.75;13.85;13.92;13.96;14.03;14.13;14.23;14.34;14.42;14.49;14.53;14.56;14.61;14.68;14.75;14.83;14.89;14.93;14.96;14.98;15.03;15.08;15.14;15.19,,,0,12,39,"39,39,39,39,39,39,39,39,39,39,39,39,39,39,39,39,39,39,39,39,39,39,39,39,39,39,39,39,39,39,39,39,39,39,39,39,39"
1288,Stage1,35.12,,,,,,,,0,,,
1288,Stage2,35.12,16.20,,,,,,,0,12,,
1288,PowerOpt,35.12,16.20,16.20,,,,"198.73,48.92,6.92,0.77,0.16,0.14,0.10,0.05,0.04,0.03,0.02,0.02,0.02,0.01",1.00,0,12,,
1288,Stage3,35.12,16.20,16.20,16.17,,,,,0,12,31,
1288,Stage3_PowerOpt,35.12,16.20,16.20,,16.17,,"49.98,11.92,1.77,0.20,0.04,0.03,0.01",1.00,0,12,31,
1288,Stage4,35.12,16.20,16.20,,16.17,6.49;8.64;10.18;11.29;12.05;12.54;12.84;13.00;13.03;13.11;13.27;13.48;13.71;13.89;14.01;14.08;14.10;14.16;14.25;14.38;14.51;14.62;14.69;14.73;14.75;14.79;14.86;14.96;15.05;15.12;15.16;15.18;15.20;15.24;15.30;15.37,,,0,12,31,"31,31,31,31,31,31,31,31,31,31,31,31,31,31,31,31,31,31,31,31,31,31,31,31,31,31,31,31,31,31,31,31,31,31,31,31"
1289,Stage1,32.17,,,,,,,,4,,,
1289,Stage2,32.17,16.18,,,,,,,4,0,,
1289,PowerOpt,32.17,16.18,16.18,,,,"215.10,38.45,1.51,0.65,0.16,0.03,0.02,0.01",1.00,4,0,,
1289,Stage3,32.17,16.18,16.18,16.18,,,,,4,0,32,
1289,Stage3_PowerOpt,32.17,16.18,16.18,,16.18,,"53.79,9.62,0.38,0.15,0.04",1.00,4,0,32,
1289,Stage4,32.17,16.18,16.18,,16.18,8.06;10.65;11.36;11.88;12.29;12.63;12.92;13.18;13.37;13.51;13.63;13.73;13.84;13.95;14.06;14.18;14.28;14.36;14.43;14.49;14.55;14.61;14.68;14.76;14.83;14.89;14.93;14.98;15.02;15.07;15.12;15.18;15.23;15.27;15.31;15.34;15.38,,,4,0,32,"32,32,32,32,32,32,32,32,32,32,32,32,32,32,32,32,32,32,32,32,32,32,32,32,32,32,32,32,32,32,32,32,32,32,32,32,32"
1290,Stage1,29.89,,,,,,,,4,,,
1290,Stage2,29.89,16.39,,,,,,,4,4,,
1290,PowerOpt,29.89,16.39,16.39,,,,"201.74,49.17,3.93,0.79,0.20,0.10,0.01",1.00,4,4,,
1290,Stage3,29.89,16.39,16.39,16.44,,,,,4,4,33,
1290,Stage3_PowerOpt,29.89,16.39,16.39,,16.44,,"50.53,12.22,0.97,0.20,0.05,0.02",1.00,4,4,33,
1290,Stage4,29.89,16.39,16.39,,16.44,7.97;10.81;11.54;12.08;12.50;12.85;13.15;13.40;13.59;13.73;13.85;13.95;14.06;14.17;14.29;14.41;14.50;14.58;14.65;14.71;14.78;14.84;14.92;15.00;15.06;15.12;15.16;15.21;15.25;15.30;15.36;15.42;15.47;15.51;15.54;15.58;15.61;15.65,,,4,4,33,"33,33,33,33,33,33,33,33,33,33,33,33,33,33,33,33,33,33,33,33,33,33,33,33,33,33,33,33,33,33,33,33,33,33,33,33,33,33"
1291,Stage1,26.30,,,,,,,,0,,,
1291,Stage2,26.30,16.86,,,,,,,0,0,,
1291,PowerOpt,26.30,16.86,16.86,,,,"168.27,74.70,7.45,4.00,0.82,0.29,0.22,0.10,0.07,0.02,0.01",1.00,0,0,,
1291,Stage3,26.30,16.86,16.86,16.66,,,,,0,0,8,
1291,Stage3_PowerOpt,26.30,16.86,16.86,,16.66,,"42.15,18.69,1.87,0.99,0.20,0.06,0.03",1.00,0,0,8,
1291,Stage4,26.30,16.86,16.86,,16.66,7.91;10.95;11.72;12.28;12.72;13.08;13.37;13.62;13.81;13.95;14.06;14.17;14.28;14.40;14.51;14.62;14.72;14.80;14.87;14.94;15.00;15.07;15.14;15.21;15.28;15.34;15.39;15.43;15.48;15.53;15.58;15.63;15.69;15.73;15.77;15.80;15.84,,,0,0,8,"8,8,8,8,8,8,8,8,8,8,8,8,8,8,8,8,8,8,8,8,8,8,8,8,8,8,8,8,8,8,8,8,8,8,8,8,8"
1292,Stage1,35.26,,,,,,,,"4,0",,,
1292,Stage2,35.26,25.26,,,,,,,"4,0",4,,
1292,PowerOpt,35.26,25.26,25.26,,,,"209.81,35.37,6.80,2.34,1.38,0.11,0.08,0.03,0.01","1.98,0.02","4,0",4,,
1292,Stage3,35.26,25.26,25.26,25.28,,,,,"4,0",4,33,
1292,Stage3_PowerOpt,35.26,25.26,25.26,,25.28,,"52.60,8.91,1.53,0.58,0.31,0.03,0.02","1.98,0.02","4,0",4,33,
1292,Stage4,35.26,25.26,25.26,,25.28,10.18;13.63;15.56;16.88;17.62;18.26;18.91;19.37;19.76;20.02;20.27;20.49;20.67;20.89;21.13;21.34;21.54;21.68;21.82;21.95;22.06;22.20;22.35;22.48;22.61;22.71;22.81;22.89;22.98;23.08;23.18;23.29;23.38;23.46;23.53;23.60;23.67;23.75;23.83;23.92;23.99;24.06,,,"4,0",4,33,"33,33,33,33,33,33,33,33,33,33,33,33,33,33,33,33,33,33,33,33,33,33,33,33,33,33,33,33,33,33,33,33,33,33,33,33,33,33,33,33,33,33"
1293,Stage1,36.94,,,,,,,,0,,,
1293,Stage2,36.94,16.57,,,,,,,0,0,,
1293,PowerOpt,36.94,16.57,16.57,,,,"190.38,59.48,5.46,0.25,0.08,0.07,0.06,0.05,0.03,0.03,0.02,0.01,0.01",1.00,0,0,,
1293,Stage3,36.94,16.57,16.57,16.57,,,,,0,0,32,
1293,Stage3_PowerOpt,36.94,16.57,16.57,,16.57,,"47.61,14.87,1.36,0.06,0.02,0.02,0.01,0.01",1.00,0,0,32,
1293,Stage4,36.94,16.57,16.57,,16.57,7.80;11.03;11.77;12.30;12.72;13.05;13.33;13.57;13.76;13.90;14.03;14.14;14.24;14.35;14.46;14.57;14.67;14.75;14.82;14.89;14.95;15.01;15.08;15.16;15.22;15.28;15.33;15.37;15.42;15.47;15.52;15.57;15.62;15.66;15.70;15.74;15.77,,,0,0,32,"32,32,32,32,32,32,32,32,32,32,32,32,32,32,32,32,32,32,32,32,32,32,32,32,32,32,32,32,32,32,32,32,32,32,32,32,32"
1294,Stage1,27.80,,,,,,,,4,,,
1294,Stage2,27.80,16.21,,,,,,,4,4,,
1294,PowerOpt,27.80,16.21,16.21,,,,"222.89,31.89,1.05,0.09,0.01",1.00,4,4,,
1294,Stage3,27.80,16.21,16.21,16.26,,,,,4,4,33,
1294,Stage3_PowerOpt,27.80,16.21,16.21,,16.26,,"55.72,7.98,0.26,0.02",1.00,4,4,33,
1294,Stage4,27.80,16.21,16.21,,16.26,8.04;10.66;11.39;11.92;12.34;12.69;12.99;13.25;13.44;13.57;13.69;13.79;13.90;14.01;14.13;14.25;14.35;14.42;14.49;14.55;14.61;14.68;14.76;14.84;14.90;14.95;15.00;15.04;15.09;15.14;15.19;15.25;15.30;15.34;15.38;15.41;15.44,,,4,4,33,"33,33,33,33,33,33,33,33,33,33,33,33,33,33,33,33,33,33,33,33,33,33,33,33,33,33,33,33,33,33,33,33,33,33,33,33,33"
1295,Stage1,44.44,,,,,,,,"9,13",,,
1295,Stage2,44.44,25.50,,,,,,,"9,13",15,,
1295,PowerOpt,44.44,25.50,25.50,,,,"213.40,25.25,5.73,2.76,1.82,1.66,1.63,1.21,1.10,0.91,0.29,0.16,0.03","1.96,0.04","9,13",15,,
1295,Stage3,44.44,25.50,25.50,24.58,,,,,"9,13",15,"47,47,54,47,47",
1295,Stage3_PowerOpt,44.44,25.50,25.50,,24.58,,"53.24,6.41,1.46,0.61,0.54,0.48,0.44,0.32,0.21,0.18,0.05,0.03","1.96,0.04","9,13",15,"47,47,54,47,47",
1295,Stage4,44.44,25.50,25.50,,24.58,8.56;12.58;14.51;15.75;16.52;17.11;17.55;17.91;18.40;18.81;19.14;19.48;19.76;20.02;20.23;20.42;20.62;20.84;21.05;21.23;21.40;21.55;21.68;21.80;21.94;22.07;22.19;22.32;22.43;22.55;22.64;22.71;22.82;22.91;23.00;23.11;23.19;23.27;23.35,,,"9,13",15,"47,47,54,47,47","47,47,47,54,47,54,54,54,47,47,47,47,47,47,47,54,54,47,47,47,47,47,47,54,54,47,47,47,47,47,47,54,54,47,47,47,47,47,54"
1296,Stage1,38.25,,,,,,,,4,,,
1296,Stage2,38.25,16.55,,,,,,,4,4,,
1296,PowerOpt,38.25,16.55,16.55,,,,"110.54,77.54,33.50,23.99,3.60,3.38,2.44,0.51,0.17,0.14,0.08,0.04,0.02",1.00,4,4,,
1296,Stage3,38.25,16.55,16.55,15.71,,,,,4,4,"41,41,33,49,33",
1296,Stage3_PowerOpt,38.25,16.55,16.55,,15.71,,"30.41,16.85,8.97,5.31,0.92,0.76,0.54,0.12,0.05,0.03,0.02,0.01",1.00,4,4,"41,41,33,49,33",
1296,Stage4,38.25,16.55,16.55,,15.71,8.17;10.53;11.15;11.61;11.97;12.27;12.53;12.73;12.91;13.06;13.19;13.30;13.42;13.53;13.63;13.73;13.83;13.91;13.98;14.05;14.12;14.18;14.25;14.32;14.38;14.44;14.49;14.54;14.59;14.64;14.68;14.73;14.78;14.82;14.86;14.90;14.94,,,4,4,"41,41,33,49,33","33,49,33,49,33,49,33,49,33,49,33,33,49,33,33,33,49,33,49,49,49,33,49,33,33,33,33,49,49,33,49,33,33,49,33,33,49"
1297,Stage1,41.12,,,,,,,,4,,,
1297,Stage2,41.12,16.56,,,,,,,4,4,,
1297,PowerOpt,41.12,16.56,16.56,,,,"102.22,73.31,55.30,15.23,6.55,1.79,1.11,0.18,0.17,0.02,0.02,0.01",1.00,4,4,,
1297,Stage3,41.12,16.56,16.56,15.80,,,,,4,4,"33,33,33,49,33",
1297,Stage3_PowerOpt,41.12,16.56,16.56,,15.80,,"33.65,18.78,7.48,2.06,1.62,0.19,0.13,0.05,0.02",1.00,4,4,"33,33,33,49,33",
1297,Stage4,41.12,16.56,16.56,,15.80,8.19;10.40;11.18;11.66;12.01;12.30;12.55;12.77;12.96;13.11;13.24;13.37;13.48;13.59;13.69;13.79;13.88;13.97;14.04;14.12;14.18;14.25;14.32;14.38;14.44;14.50;14.56;14.61;14.66;14.70;14.75;14.80;14.85;14.89;14.93;14.97;15.01,,,4,4,"33,33,33,49,33","33,49,33,33,33,33,33,33,33,33,33,49,33,49,33,33,33,33,33,33,49,33,33,33,33,33,33,33,49,33,33,33,33,33,33,33,49"
1298,Stage1,30.23,,,,,,,,4,,,
1298,Stage2,30.23,16.36,,,,,,,4,5,,
1298,PowerOpt,30.23,16.36,16.36,,,,"196.15,46.72,7.33,3.53,1.31,0.51,0.16,0.11,0.05,0.03,0.02,0.02",1.00,4,5,,
1298,Stage3,30.23,16.36,16.36,16.23,,,,,4,5,49,
1298,Stage3_PowerOpt,30.23,16.36,16.36,,16.23,,"49.17,11.71,1.82,0.91,0.33,0.03,0.01",1.00,4,5,49,
1298,Stage4,30.23,16.36,16.36,,16.23,8.10;10.59;11.32;11.85;12.27;12.62;12.91;13.17;13.36;13.50;13.62;13.72;13.83;13.94;14.05;14.17;14.27;14.35;14.42;14.48;14.54;14.61;14.68;14.76;14.83;14.88;14.93;14.98;15.02;15.07;15.12;15.18;15.23;15.28;15.31;15.35;15.38;15.42,,,4,5,49,"49,49,49,49,49,49,49,49,49,49,49,49,49,49,49,49,49,49,49,49,49,49,49,49,49,49,49,49,49,49,49,49,49,49,49,49,49,49"
1299,Stage1,44.02,,,,,,,,4,,,
1299,Stage2,44.02,16.56,,,,,,,4,5,,
1299,PowerOpt,44.02,16.56,16.56,,,,"105.28,77.63,32.10,13.25,11.17,5.03,3.46,2.90,2.49,0.88,0.70,0.59,0.13,0.12,0.08,0.05,0.02,0.02",1.00,4,5,,
1299,Stage3,44.02,16.56,16.56,16.17,,,,,4,5,49,
1299,Stage3_PowerOpt,44.02,16.56,16.56,,16.17,,"27.83,21.59,7.21,4.31,1.12,0.82,0.60,0.28,0.13,0.03,0.03,0.02",1.00,4,5,49,
1299,Stage4,44.02,16.56,16.56,,16.17,8.21;10.25;10.99;11.53;11.95;12.29;12.58;12.83;13.11;13.31;13.46;13.60;13.73;13.85;13.96;14.07;14.17;14.27;14.35;14.43;14.51;14.58;14.65;14.73;14.79;14.84;14.88;14.93;14.97;15.02;15.07;15.11;15.16;15.21;15.25;15.29;15.34;15.38,,,4,5,49,"49,49,49,49,49,49,49,49,49,49,49,49,49,49,49,49,49,49,49,49,49,49,49,49,49,49,49,49,49,49,49,49,49,49,49,49,49,49"
1300,Stage1,45.06,,,,,,,,4,,,
1300,Stage2,45.06,16.63,,,,,,,4,4,,
1300,PowerOpt,45.06,16.63,16.63,,,,"94.27,58.85,47.11,19.12,12.53,8.18,3.56,2.98,2.24,1.62,1.45,1.01,0.70,0.64,0.57,0.25,0.20,0.12,0.12,0.10,0.09,0.08,0.04,0.03,0.02,0.01,0.01,0.01",1.00,4,4,,
1300,Stage3,45.06,16.63,16.63,15.47,,,,,4,4,"1,33,1,1,33",
1300,Stage3_PowerOpt,45.06,16.63,16.63,,15.47,,"23.36,20.61,8.15,5.69,2.44,1.12,0.71,0.53,0.42,0.35,0.19,0.12,0.10,0.07,0.03,0.02,0.02,0.02,0.01",1.00,4,4,"1,33,1,1,33",
1300,Stage4,45.06,16.63,16.63,,15.47,8.02;10.18;10.83;11.32;11.66;11.98;12.22;12.43;12.61;12.76;12.89;13.01;13.13;13.24;13.35;13.45;13.54;13.62;13.70;13.77;13.84;13.91;13.97;14.04;14.11;14.16;14.22;14.27;14.32;14.37;14.42;14.47;14.52;14.56;14.60;14.64;14.68;14.71,,,4,4,"1,33,1,1,33","33,1,33,1,33,1,1,33,1,33,1,33,1,1,1,1,1,33,33,33,33,33,1,1,1,1,1,33,1,33,1,1,1,1,33,33,33,1"
1301,Stage1,18.13,,,,,,,,0,,,
1301,Stage2,18.13,16.49,,,,,,,0,0,,
1301,PowerOpt,18.13,16.49,16.49,,,,"191.43,64.51,0.01",1.00,0,0,,
1301,Stage3,18.13,16.49,16.49,16.48,,,,,0,0,32,
1301,Stage3_PowerOpt,18.13,16.49,16.49,,16.48,,"47.87,16.12",1.00,0,0,32,
1301,Stage4,18.13,16.49,16.49,,16.48,8.02;10.68;11.46;12.01;12.44;12.81;13.13;13.40;13.58;13.73;13.85;13.96;14.06;14.17;14.30;14.43;14.53;14.61;14.68;14.74;14.80;14.87;14.95;15.04;15.10;15.16;15.21;15.25;15.30;15.35;15.41;15.47;15.52;15.56;15.60;15.63;15.67,,,0,0,32,"32,32,32,32,32,32,32,32,32,32,32,32,32,32,32,32,32,32,32,32,32,32,32,32,32,32,32,32,32,32,32,32,32,32,32,32,32"
1302,Stage1,36.85,,,,,,,,4,,,
1302,Stage2,36.85,16.23,,,,,,,4,4,,
1302,PowerOpt,36.85,16.23,16.23,,,,"194.17,44.06,10.83,4.04,2.17,0.36,0.13,0.08,0.04,0.03,0.02,0.01,0.01",1.00,4,4,,
1302,Stage3,36.85,16.23,16.23,16.04,,,,,4,4,33,
1302,Stage3_PowerOpt,36.85,16.23,16.23,,16.04,,"51.66,11.61,0.57,0.09,0.03,0.01,0.01",1.00,4,4,33,
1302,Stage4,36.85,16.23,16.23,,16.04,8.12;10.55;11.25;11.77;12.18;12.51;12.80;13.04;13.24;13.38;13.50;13.60;13.71;13.81;13.93;14.04;14.14;14.22;14.29;14.35;14.42;14.48;14.55;14.63;14.69;14.75;14.80;14.84;14.89;14.93;14.98;15.04;15.09;15.13;15.17;15.20;15.24,,,4,4,33,"33,33,33,33,33,33,33,33,33,33,33,33,33,33,33,33,33,33,33,33,33,33,33,33,33,33,33,33,33,33,33,33,33,33,33,33,33"
1303,Stage1,45.09,,,,,,,,0,,,
1303,Stage2,45.09,16.49,,,,,,,0,0,,
1303,PowerOpt,45.09,16.49,16.49,,,,"171.89,42.97,26.98,8.08,3.22,1.60,0.69,0.15,0.08,0.07,0.07,0.04,0.04,0.01,0.01,0.01,0.01",1.00,0,0,,
1303,Stage3,45.09,16.49,16.49,16.08,,,,,0,0,32,
1303,Stage3_PowerOpt,45.09,16.49,16.49,,16.08,,"50.25,12.56,0.94,0.14,0.05,0.02",1.00,0,0,32,
1303,Stage4,45.09,16.49,16.49,,16.08,8.18;10.44;11.18;11.72;12.15;12.51;12.81;13.07;13.26;13.39;13.51;13.62;13.72;13.83;13.95;14.07;14.17;14.24;14.31;14.37;14.44;14.50;14.58;14.66;14.72;14.78;14.82;14.87;14.91;14.96;15.02;15.07;15.12;15.16;15.20;15.23;15.27;15.31,,,0,0,32,"32,32,32,32,32,32,32,32,32,32,32,32,32,32,32,32,32,32,32,32,32,32,32,32,32,32,32,32,32,32,32,32,32,32,32,32,32,32"
1304,Stage1,50.97,,,,,,,,5,,,
1304,Stage2,50.97,16.63,,,,,,,5,0,,
1304,PowerOpt,50.97,16.63,16.63,,,,"177.14,44.69,11.59,6.10,4.90,2.85,2.62,1.92,1.57,0.45,0.42,0.25,0.19,0.17,0.16,0.15,0.13,0.12,0.10,0.09,0.08,0.06,0.05,0.04,0.04,0.04,0.02,0.01",1.00,5,0,,
1304,Stage3,50.97,16.63,16.63,16.34,,,,,5,0,8,
1304,Stage3_PowerOpt,50.97,16.63,16.63,,16.34,,"49.00,12.33,1.34,0.78,0.43,0.04,0.03",1.00,5,0,8,
1304,Stage4,50.97,16.63,16.63,,16.34,8.06;10.70;11.45;11.99;12.42;12.76;13.05;13.30;13.49;13.63;13.75;13.86;13.97;14.08;14.19;14.30;14.40;14.48;14.55;14.62;14.68;14.75;14.82;14.89;14.96;15.02;15.07;15.11;15.16;15.21;15.26;15.31;15.36;15.41;15.45;15.48;15.52;15.56,,,5,0,8,"8,8,8,8,8,8,8,8,8,8,8,8,8,8,8,8,8,8,8,8,8,8,8,8,8,8,8,8,8,8,8,8,8,8,8,8,8,8"
1305,Stage1,26.08,,,,,,,,0,,,
1305,Stage2,26.08,16.49,,,,,,,0,0,,
1305,PowerOpt,26.08,16.49,16.50,,,,"184.13,60.43,8.21,2.15,0.59,0.42,0.02",1.00,0,0,,
1305,Stage3,26.08,16.49,16.50,16.37,,,,,0,0,24,
1305,Stage3_PowerOpt,26.08,16.49,16.50,,16.37,,"46.09,15.06,2.05,0.53,0.14,0.10",1.00,0,0,24,
1305,Stage4,26.08,16.49,16.50,,16.37,7.96;10.84;11.58;12.10;12.51;12.85;13.12;13.36;13.56;13.71;13.83;13.94;14.04;14.14;14.25;14.36;14.47;14.55;14.62;14.68;14.74;14.81;14.87;14.95;15.02;15.08;15.13;15.17;15.21;15.26;15.31;15.36;15.42;15.46;15.50;15.54;15.57,,,0,0,24,"24,24,24,24,24,24,24,24,24,24,24,24,24,24,24,24,24,24,24,24,24,24,24,24,24,24,24,24,24,24,24,24,24,24,24,24,24"
1306,Stage1,25.08,,,,,,,,0,,,
1306,Stage2,25.08,16.31,,,,,,,0,0,,
1306,PowerOpt,25.08,16.31,16.31,,,,"216.78,35.09,3.11,0.76,0.14,0.06,0.01",1.00,0,0,,
1306,Stage3,25.08,16.31,16.31,16.22,,,,,0,0,24,
1306,Stage3_PowerOpt,25.08,16.31,16.31,,16.22,,"54.22,8.76,0.77,0.19,0.03,0.02",1.00,0,0,24,
1306,Stage4,25.08,16.31,16.31,,16.22,8.04;10.67;11.39;11.91;12.32;12.66;12.94;13.18;13.38;13.53;13.65;13.76;13.87;13.97;14.08;14.19;14.29;14.38;14.45;14.51;14.58;14.64;14.71;14.78;14.85;14.91;14.96;15.01;15.05;15.10;15.14;15.20;15.25;15.30;15.34;15.38;15.41,,,0,0,24,"24,24,24,24,24,24,24,24,24,24,24,24,24,24,24,24,24,24,24,24,24,24,24,24,24,24,24,24,24,24,24,24,24,24,24,24,24"
1307,Stage1,26.91,,,,,,,,4,,,
1307,Stage2,26.91,16.31,,,,,,,4,0,,
1307,PowerOpt,26.91,16.31,16.31,,,,"197.31,50.95,6.04,1.26,0.29,0.03,0.03,0.01",1.00,4,0,,
1307,Stage3,26.91,16.31,16.31,16.27,,,,,4,0,24,
1307,Stage3_PowerOpt,26.91,16.31,16.31,,16.27,,"49.37,12.72,1.50,0.31,0.07",1.00,4,0,24,
1307,Stage4,26.91,16.31,16.31,,16.27,8.05;10.66;11.38;11.91;12.32;12.67;12.97;13.23;13.42;13.57;13.68;13.79;13.89;14.00;14.11;14.23;14.33;14.41;14.48;14.54;14.60;14.67;14.74;14.82;14.89;14.94;14.99;15.04;15.08;15.13;15.18;15.24;15.29;15.33;15.37;15.41;15.44;15.48,,,4,0,24,"24,24,24,24,24,24,24,24,24,24,24,24,24,24,24,24,24,24,24,24,24,24,24,24,24,24,24,24,24,24,24,24,24,24,24,24,24,24"
1308,Stage1,34.42,,,,,,,,"0,4",,,
1308,Stage2,34.42,24.70,,,,,,,"0,4",0,,
1308,PowerOpt,34.42,24.70,24.70,,,,"200.15,44.65,4.72,3.47,1.86,0.47,0.20,0.12,0.10,0.09,0.03,0.02,0.02,0.01,0.01","1.99,0.01","0,4",0,,
1308,Stage3,34.42,24.70,24.70,24.38,,,,,"0,4",0,24,
1308,Stage3_PowerOpt,34.42,24.70,24.70,,24.38,,"50.10,11.16,1.17,0.87,0.48,0.12,0.05,0.02,0.01","1.99,0.01","0,4",0,24,
1308,Stage4,34.42,24.70,24.70,,24.38,5.97;11.86;12.97;13.92;14.74;15.49;16.23;16.97;17.62;17.95;18.23;18.48;18.74;19.01;19.28;19.60;19.92;20.13;20.30;20.46;20.64;20.80;20.97;21.13;21.33;21.47;21.60;21.73;21.87;22.00;22.11;22.22;22.34;22.45;22.56;22.67;22.79;22.89;22.98;23.07;23.16;23.24,,,"0,4",0,24,"24,24,24,24,24,24,24,24,24,24,24,24,24,24,24,24,24,24,24,24,24,24,24,24,24,24,24,24,24,24,24,24,24,24,24,24,24,24,24,24,24,24"
1309,Stage1,41.75,,,,,,,,"0,5",,,
1309,Stage2,41.75,26.51,,,,,,,"0,5",0,,
1309,PowerOpt,41.75,26.51,26.51,,,,"165.71,53.06,17.47,8.25,3.95,3.83,1.13,0.94,0.42,0.42,0.19,0.14,0.12,0.09,0.06,0.03,0.03,0.02,0.02,0.01,0.01,0.01","1.97,0.03","0,5",0,,
1309,Stage3,41.75,26.51,26.51,25.80,,,,,"0,5",0,24,
1309,Stage3_PowerOpt,41.75,26.51,26.51,,25.80,,"41.16,13.30,4.96,2.04,1.10,0.97,0.23,0.12,0.04,0.03,0.02","1.97,0.03","0,5",0,24,
1309,Stage4,41.75,26.51,26.51,,25.80,9.87;12.16;13.80;15.11;16.18;17.11;17.91;18.62;19.53;20.01;20.35;20.67;20.94;21.18;21.40;21.62;21.89;22.09;22.25;22.40;22.54;22.67;22.81;22.97;23.09;23.20;23.29;23.38;23.46;23.55;23.65;23.77;23.86;23.94;24.01;24.09;24.15;24.22;24.29;24.37;24.48;24.56,,,"0,5",0,24,"24,24,24,24,24,24,24,24,24,24,24,24,24,24,24,24,24,24,24,24,24,24,24,24,24,24,24,24,24,24,24,24,24,24,24,24,24,24,24,24,24,24"
1315,Stage1,29.72,,,,,,,,4,,,
1315,Stage2,29.72,16.63,,,,,,,4,0,,
1315,PowerOpt,29.72,16.63,16.63,,,,"190.08,55.69,7.38,1.92,0.52,0.34,0.02",1.00,4,0,,
1315,Stage3,29.72,16.63,16.63,16.61,,,,,4,0,24,
1315,Stage3_PowerOpt,29.72,16.63,16.63,,16.61,,"47.53,13.92,1.85,0.47,0.13,0.08",1.00,4,0,24,
1315,Stage4,29.72,16.63,16.63,,16.61,7.81;11.03;11.78;12.31;12.73;13.06;13.34;13.58;13.77;13.91;14.04;14.15;14.26;14.37;14.47;14.58;14.68;14.77;14.84;14.90;14.97;15.03;15.10;15.17;15.24;15.30;15.35;15.40;15.44;15.49;15.54;15.59;15.64;15.69;15.72;15.76;15.80,,,4,0,24,"24,24,24,24,24,24,24,24,24,24,24,24,24,24,24,24,24,24,24,24,24,24,24,24,24,24,24,24,24,24,24,24,24,24,24,24,24"
1316,Stage1,27.92,,,,,,,,5,,,
1316,Stage2,27.92,16.69,,,,,,,5,0,,
1316,PowerOpt,27.92,16.69,16.69,,,,"160.45,71.95,18.90,2.22,1.29,1.03,0.08,0.03",1.00,5,0,,
1316,Stage3,27.92,16.69,16.69,16.66,,,,,5,0,24,
1316,Stage3_PowerOpt,27.92,16.69,16.69,,16.66,,"40.11,18.00,4.72,0.55,0.32,0.26,0.02",1.00,5,0,24,
1316,Stage4,27.92,16.69,16.69,,16.66,7.82;11.07;11.82;12.36;12.78;13.12;13.41;13.65;13.84;13.98;14.10;14.22;14.32;14.43;14.54;14.65;14.75;14.83;14.90;14.97;15.03;15.10;15.16;15.23;15.31;15.36;15.41;15.46;15.50;15.55;15.60;15.65;15.71;15.75;15.79;15.83;15.86,,,5,0,24,"24,24,24,24,24,24,24,24,24,24,24,24,24,24,24,24,24,24,24,24,24,24,24,24,24,24,24,24,24,24,24,24,24,24,24,24,24"
1317,Stage1,33.57,,,,,,,,5,,,
1317,Stage2,33.57,16.55,,,,,,,5,0,,
1317,PowerOpt,33.57,16.55,16.55,,,,"206.52,39.63,6.68,2.16,0.47,0.38,0.08,0.02,0.01",1.00,5,0,,
1317,Stage3,33.57,16.55,16.55,16.52,,,,,5,0,24,
1317,Stage3_PowerOpt,33.57,16.55,16.55,,16.52,,"51.62,9.93,1.67,0.54,0.12,0.10,0.02",1.00,5,0,24,
1317,Stage4,33.57,16.55,16.55,,16.52,7.87;10.92;11.66;12.19;12.61;12.96;13.25;13.49;13.68;13.82;13.94;14.05;14.16;14.27;14.38;14.49;14.59;14.67;14.74;14.81;14.87;14.94;15.01;15.08;15.15;15.20;15.25;15.30;15.34;15.39;15.44;15.50;15.55;15.59;15.63;15.67;15.70,,,5,0,24,"24,24,24,24,24,24,24,24,24,24,24,24,24,24,24,24,24,24,24,24,24,24,24,24,24,24,24,24,24,24,24,24,24,24,24,24,24"
1318,Stage1,37.01,,,,,,,,5,,,
1318,Stage2,37.01,16.32,,,,,,,5,0,,
1318,PowerOpt,37.01,16.32,16.32,,,,"203.26,41.73,7.28,2.25,0.95,0.18,0.11,0.11,0.02,0.01",1.00,5,0,,
1318,Stage3,37.01,16.32,16.32,16.29,,,,,5,0,24,
1318,Stage3_PowerOpt,37.01,16.32,16.32,,16.29,,"50.82,10.47,1.82,0.56,0.24,0.04,0.03",1.00,5,0,24,
1318,Stage4,37.01,16.32,16.32,,16.29,8.09;10.68;11.43;11.97;12.39;12.72;12.99;13.21;13.40;13.54;13.67;13.79;13.90;14.01;14.12;14.23;14.32;14.40;14.48;14.54;14.61;14.68;14.75;14.82;14.89;14.94;14.99;15.04;15.09;15.14;15.19;15.25;15.30;15.34;15.38;15.42;15.46;15.50,,,5,0,24,"24,24,24,24,24,24,24,24,24,24,24,24,24,24,24,24,24,24,24,24,24,24,24,24,24,24,24,24,24,24,24,24,24,24,24,24,24,24"
1319,Stage1,41.72,,,,,,,,"4,9,9",,,
1319,Stage2,41.72,36.02,,,,,,,"4,9,9",0,,
1319,PowerOpt,41.72,36.02,36.02,,,,"173.16,50.91,19.52,6.13,2.69,1.51,1.44,0.59","2.69,0.30,0.01","4,9,9",0,,
1319,Stage3,41.72,36.02,36.02,33.15,,,,,"4,9,9",0,"16,24,24,8,24",
1319,Stage3_PowerOpt,41.72,36.02,36.02,,33.15,,"43.46,12.79,5.01,1.53,0.64,0.33,0.17,0.06","2.70,0.30,0.01","4,9,9",0,"16,24,24,8,24",
1319,Stage4,41.72,36.02,36.02,,33.15,8.15;13.84;16.56;18.49;20.00;21.28;22.84;23.71;24.41;24.87;25.20;25.53;25.84;26.22;26.52;26.85;27.19;27.46;27.75;27.92;28.11;28.32;28.53;28.78;29.07;29.26;29.41;29.54;29.68;29.82;29.97;30.10;30.29;30.44;30.58;30.69;30.77;30.89;30.99;31.08;31.26;31.37;31.48;31.57,,,"4,9,9",0,"16,24,24,8,24","16,24,24,24,24,8,24,24,8,24,24,8,24,24,24,8,24,8,24,16,8,24,24,24,24,8,16,16,8,24,8,24,24,8,8,8,16,8,8,16,24,24,8,8"
1320,Stage1,49.79,,,,,,,,"4,9,4,0",,,
1320,Stage2,49.79,48.67,,,,,,,"4,9,4,0",0,,
1320,PowerOpt,49.79,48.67,48.67,,,,"87.01,68.10,30.51,27.91,23.17,8.97,3.50,2.63,2.18,1.11,0.86","3.10,0.57,0.28,0.05","4,9,4,0",0,,
1320,Stage3,49.79,48.67,48.67,47.08,,,,,"4,9,4,0",0,"24,24,32,24",
1320,Stage3_PowerOpt,49.79,48.67,48.67,,47.08,,"24.11,15.00,8.25,6.25,5.37,2.70,0.96,0.62,0.42,0.31","3.10,0.58,0.27,0.05","4,9,4,0",0,"24,24,32,24",
1320,Stage4,49.79,48.67,48.67,,47.08,10.30;16.82;21.88;24.82;27.46;29.34;31.10;32.40;34.12;34.97;35.72;36.38;36.98;37.57;38.14;38.68;39.15;39.47;39.76;40.01;40.27;40.52;40.81;41.11;41.43;41.65;41.84;42.02;42.21;42.40;42.61;42.83;43.09;43.28;43.44;43.58;43.73;43.87;44.03;44.21;44.41;44.55;44.68;44.78,,,"4,9,4,0",0,"24,24,32,24","24,32,24,32,24,32,24,32,24,32,32,24,32,24,24,24,24,24,24,24,24,32,32,24,24,24,24,24,24,32,32,24,24,24,32,24,24,24,32,24,24,24,24,24"
1327,Stage1,35.60,,,,,,,,0,,,
1327,Stage2,35.60,16.40,,,,,,,0,12,,
1327,PowerOpt,35.60,16.40,16.40,,,,"172.84,40.73,31.10,4.79,3.08,2.55,0.38,0.17,0.12,0.07,0.02,0.02,0.02,0.01",1.00,0,12,,
1327,Stage3,35.60,16.40,16.40,16.21,,,,,0,12,31,
1327,Stage3_PowerOpt,35.60,16.40,16.40,,16.21,,"43.87,8.28,5.38,2.20,0.89,0.74,0.59,0.46,0.33,0.27,0.19,0.15,0.10,0.08,0.07,0.06,0.05,0.04,0.03,0.03,0.03,0.02,0.02,0.01,0.01,0.01",1.00,0,12,31,
1327,Stage4,35.60,16.40,16.40,,16.21,9.25;10.52;11.32;11.91;12.35;12.69;12.94;13.12;13.22;13.36;13.51;13.67;13.83;13.96;14.07;14.15;14.21;14.29;14.37;14.47;14.56;14.64;14.71;14.76;14.80;14.86;14.92;14.99;15.05;15.11;15.16;15.20;15.23;15.27;15.32;15.37;15.42,,,0,12,31,"31,31,31,31,31,31,31,31,31,31,31,31,31,31,31,31,31,31,31,31,31,31,31,31,31,31,31,31,31,31,31,31,31,31,31,31,31"
1328,Stage1,38.12,,,,,,,,"4,9,0",,,
1328,Stage2,38.12,30.38,,,,,,,"4,9,0",0,,
1328,PowerOpt,38.12,30.38,30.38,,,,"171.94,35.14,16.56,11.20,7.47,4.34,3.68,1.21,0.90,0.85,0.65,0.51,0.39,0.30,0.18,0.16,0.13,0.08,0.06,0.06,0.04,0.03,0.02,0.02,0.01,0.01","2.95,0.04,0.00","4,9,0",0,,
1328,Stage3,38.12,30.38,30.38,28.22,,,,,"4,9,0",0,"33,23,33,33,23",
1328,Stage3_PowerOpt,38.12,30.38,30.38,,28.22,,"44.32,9.08,4.53,2.06,1.37,0.94,0.80,0.29,0.24,0.13,0.08,0.08,0.02,0.02,0.01","2.97,0.03,0.00","4,9,0",0,"33,23,33,33,23",
1328,Stage4,38.12,30.38,30.38,,28.22,6.79;12.92;14.91;15.89;16.98;17.96;18.66;19.29;19.80;20.20;20.56;20.88;21.18;21.48;21.75;22.10;22.42;22.64;22.85;23.04;23.23;23.41;23.62;23.84;24.05;24.20;24.35;24.48;24.63;24.78;24.93;25.15;25.26;25.39;25.50;25.62;25.73;25.85;26.02;26.10;26.24;26.34;26.43;26.54;26.61;26.70;26.80;26.91,,,"4,9,0",0,"33,23,33,33,23","33,23,33,33,23,33,33,33,23,23,33,23,23,33,23,33,33,33,33,23,33,23,33,33,33,33,33,23,23,33,33,33,33,23,33,23,23,33,23,33,33,33,33,23,33,23,33,33"
1329,Stage1,38.38,,,,,,,,4,,,
1329,Stage2,38.38,16.45,,,,,,,4,4,,
1329,PowerOpt,38.38,16.45,16.45,,,,"191.84,48.98,5.98,4.98,2.90,0.64,0.27,0.15,0.09,0.07,0.01,0.01",1.00,4,4,,
1329,Stage3,38.38,16.45,16.45,16.44,,,,,4,4,33,
1329,Stage3_PowerOpt,38.38,16.45,16.45,,16.44,,"47.95,12.35,1.45,1.24,0.71,0.16,0.07,0.04,0.02",1.00,4,4,33,
1329,Stage4,38.38,16.45,16.45,,16.44,7.94;10.98;11.70;12.21;12.60;12.93;13.20;13.43;13.62;13.76;13.88;14.00;14.11;14.21;14.32;14.43;14.53;14.61;14.68;14.75;14.81;14.88;14.94;15.02;15.08;15.14;15.19;15.23;15.28;15.33;15.38;15.43;15.48;15.52;15.56;15.60;15.63,,,4,4,33,"33,33,33,33,33,33,33,33,33,33,33,33,33,33,33,33,33,33,33,33,33,33,33,33,33,33,33,33,33,33,33,33,33,33,33,33,33"
1330,Stage1,44.16,,,,,,,,"5,1,1",,,
1330,Stage2,44.16,34.58,,,,,,,"5,1,1",0,,
1330,PowerOpt,44.16,34.58,34.58,,,,"182.26,45.61,9.84,7.81,2.93,1.66,1.44,0.98,0.85,0.60,0.46,0.35,0.32,0.22,0.15,0.13,0.11,0.06,0.06,0.04,0.03,0.02,0.02,0.01","2.90,0.10,0.01","5,1,1",0,,
1330,Stage3,44.16,34.58,34.58,31.91,,,,,"5,1,1",0,40,
1330,Stage3_PowerOpt,44.16,34.58,34.58,,31.91,,"42.77,10.92,4.55,2.22,0.89,0.62,0.36,0.34,0.33,0.21,0.18,0.14,0.11,0.10,0.07,0.04,0.04,0.03,0.02,0.02,0.01,0.01","2.76,0.22,0.02","5,1,1",0,40,
1330,Stage4,44.16,34.58,34.58,,31.91,8.70;13.92;16.49;18.40;19.91;21.05;21.87;22.50;23.07;23.52;23.92;24.31;24.63;24.97;25.34;25.64;25.93;26.20;26.43;26.66;26.87;27.06;27.29;27.48;27.68;27.85;28.01;28.18;28.33;28.47;28.62;28.76;28.91;29.04;29.16;29.30;29.42;29.54;29.66;29.75;29.88;30.00;30.10;30.19;30.29;30.38,,,"5,1,1",0,40,"40,40,40,40,40,40,40,40,40,40,40,40,40,40,40,40,40,40,40,40,40,40,40,40,40,40,40,40,40,40,40,40,40,40,40,40,40,40,40,40,40,40,40,40,40,40"
1331,Stage1,21.12,,,,,,,,0,,,
1331,Stage2,21.12,16.88,,,,,,,0,0,,
1331,PowerOpt,21.12,16.88,16.88,,,,"168.11,67.13,11.21,7.78,1.21,0.24,0.21,0.06",1.00,0,0,,
1331,Stage3,21.12,16.88,16.88,16.68,,,,,0,0,8,
1331,Stage3_PowerOpt,21.12,16.88,16.88,,16.68,,"42.11,16.77,2.76,1.93,0.30,0.06,0.05,0.01",1.00,0,0,8,
1331,Stage4,21.12,16.88,16.88,,16.68,7.88;10.96;11.72;12.27;12.70;13.05;13.34;13.59;13.78;13.92;14.04;14.15;14.26;14.37;14.48;14.60;14.70;14.78;14.85;14.92;14.98;15.05;15.12;15.19;15.27;15.32;15.37;15.42;15.47;15.51;15.57;15.62;15.68;15.72;15.76;15.80;15.83;15.87,,,0,0,8,"8,8,8,8,8,8,8,8,8,8,8,8,8,8,8,8,8,8,8,8,8,8,8,8,8,8,8,8,8,8,8,8,8,8,8,8,8,8"
1332,Stage1,27.82,,,,,,,,4,,,
1332,Stage2,27.82,16.40,,,,,,,4,4,,
1332,PowerOpt,27.82,16.40,16.40,,,,"199.81,42.16,12.31,1.17,0.38,0.06,0.05",1.00,4,4,,
1332,Stage3,27.82,16.40,16.40,16.45,,,,,4,4,33,
1332,Stage3_PowerOpt,27.82,16.40,16.40,,16.45,,"50.18,10.46,2.93,0.29,0.10,0.02,0.01",1.00,4,4,33,
1332,Stage4,27.82,16.40,16.40,,16.45,7.99;10.84;11.59;12.14;12.57;12.91;13.19;13.43;13.61;13.75;13.87;13.99;14.10;14.21;14.32;14.43;14.53;14.61;14.67;14.74;14.81;14.88;14.95;15.02;15.08;15.14;15.19;15.23;15.28;15.33;15.38;15.44;15.49;15.53;15.56;15.60;15.64,,,4,4,33,"33,33,33,33,33,33,33,33,33,33,33,33,33,33,33,33,33,33,33,33,33,33,33,33,33,33,33,33,33,33,33,33,33,33,33,33,33"
1333,Stage1,27.94,,,,,,,,4,,,
1333,Stage2,27.94,16.39,,,,,,,4,4,,
1333,PowerOpt,27.94,16.39,16.39,,,,"194.10,56.93,4.52,0.30,0.09,0.01",1.00,4,4,,
1333,Stage3,27.94,16.39,16.39,16.44,,,,,4,4,33,
1333,Stage3_PowerOpt,27.94,16.39,16.39,,16.44,,"48.71,14.05,1.13,0.07,0.02",1.00,4,4,33,
1333,Stage4,27.94,16.39,16.39,,16.44,7.99;10.81;11.56;12.11;12.54;12.88;13.18;13.43;13.61;13.75;13.87;13.98;14.09;14.20;14.31;14.43;14.53;14.61;14.67;14.74;14.80;14.87;14.94;15.02;15.08;15.14;15.18;15.23;15.28;15.32;15.38;15.43;15.48;15.52;15.56;15.60;15.63,,,4,4,33,"33,33,33,33,33,33,33,33,33,33,33,33,33,33,33,33,33,33,33,33,33,33,33,33,33,33,33,33,33,33,33,33,33,33,33,33,33"
1334,Stage1,28.28,,,,,,,,"0,4",,,
1334,Stage2,28.28,22.19,,,,,,,"0,4",4,,
1334,PowerOpt,28.28,22.19,22.19,,,,"175.85,75.98,3.76,0.20,0.09,0.06","2.00,0.00","0,4",4,,
1334,Stage3,28.28,22.19,22.19,22.27,,,,,"0,4",4,33,
1334,Stage3_PowerOpt,28.28,22.19,22.19,,22.27,,"44.29,18.68,0.93,0.05,0.02,0.01","2.00,0.00","0,4",4,33,
1334,Stage4,28.28,22.19,22.19,,22.27,6.26;11.85;12.92;13.85;14.65;15.34;15.94;16.49;16.85;17.09;17.28;17.47;17.65;17.85;18.07;18.34;18.54;18.68;18.80;18.91;19.02;19.14;19.29;19.46;19.60;19.70;19.79;19.86;19.94;20.03;20.14;20.27;20.38;20.45;20.52;20.58;20.64;20.71;20.80;20.91;20.99;21.05;21.11;21.16,,,"0,4",4,33,"33,33,33,33,33,33,33,33,33,33,33,33,33,33,33,33,33,33,33,33,33,33,33,33,33,33,33,33,33,33,33,33,33,33,33,33,33,33,33,33,33,33,33,33"
1335,Stage1,40.92,,,,,,,,"9,4",,,
1335,Stage2,40.92,23.57,,,,,,,"9,4",15,,
1335,PowerOpt,40.92,23.57,23.57,,,,"160.25,73.82,14.32,4.94,1.32,1.09,0.15,0.04","1.99,0.01","9,4",15,,
1335,Stage3,40.92,23.57,23.57,22.89,,,,,"9,4",15,"47,46,33,54",
1335,Stage3_PowerOpt,40.92,23.57,23.57,,22.89,,"38.98,18.95,4.25,1.26,0.25,0.15,0.09,0.03,0.03","1.99,0.01","9,4",15,"47,46,33,54",
1335,Stage4,40.92,23.57,23.57,,22.89,8.20;11.59;13.39;14.34;14.95;15.67;16.05;16.51;17.05;17.49;17.96;18.23;18.53;18.78;19.00;19.20;19.45;19.64;19.82;20.00;20.19;20.32;20.47;20.59;20.74;20.85;20.96;21.07;21.17;21.42;21.59;21.57;21.71;21.73;21.84,,,"9,4",15,"47,46,33,54","47,47,54,54,47,47,47,54,33,33,33,33,33,54,54,54,54,54,33,33,33,54,33,54,54,54,47,54,54,54,46,33,46,47,33"
1336,Stage1,44.24,,,,,,,,4,,,
1336,Stage2,44.24,16.55,,,,,,,4,4,,
1336,PowerOpt,44.24,16.55,16.55,,,,"119.74,87.20,23.12,20.53,2.66,1.26,0.89,0.19,0.15,0.10,0.06,0.02,0.01,0.01",1.00,4,4,,
1336,Stage3,44.24,16.55,16.55,15.70,,,,,4,4,41,
1336,Stage3_PowerOpt,44.24,16.55,16.55,,15.70,,"28.81,22.95,6.13,4.78,0.69,0.29,0.23,0.04,0.03,0.02,0.02",1.00,4,4,41,
1336,Stage4,44.24,16.55,16.55,,15.70,8.16;10.45;11.15;11.58;11.92;12.21;12.45;12.67;12.84;13.00;13.13;13.25;13.36;13.46;13.57;13.67;13.76;13.85;13.92;13.99;14.06;14.12;14.19;14.26;14.32;14.38;14.43;14.48;14.53;14.58;14.63;14.68;14.73;14.77;14.81;14.85;14.88;14.92,,,4,4,41,"41,41,41,41,41,41,41,41,41,41,41,41,41,41,41,41,41,41,41,41,41,41,41,41,41,41,41,41,41,41,41,41,41,41,41,41,41,41"
1337,Stage1,32.05,,,,,,,,4,,,
1337,Stage2,32.05,16.28,,,,,,,4,5,,
1337,PowerOpt,32.05,16.28,16.28,,,,"217.66,30.29,3.97,2.40,0.98,0.37,0.15,0.06,0.03,0.02",1.00,4,5,,
1337,Stage3,32.05,16.28,16.28,16.37,,,,,4,5,49,
1337,Stage3_PowerOpt,32.05,16.28,16.28,,16.37,,"54.76,7.53,0.99,0.60,0.09,0.01",1.00,4,5,49,
1337,Stage4,32.05,16.28,16.28,,16.37,7.87;10.84;11.55;12.06;12.47;12.80;13.08;13.32;13.52;13.66;13.79;13.89;14.00;14.10;14.21;14.33;14.43;14.51;14.58;14.65;14.71;14.77;14.84;14.92;14.99;15.05;15.10;15.14;15.19;15.23;15.28;15.34;15.39;15.44;15.48;15.51;15.55;15.58,,,4,5,49,"49,49,49,49,49,49,49,49,49,49,49,49,49,49,49,49,49,49,49,49,49,49,49,49,49,49,49,49,49,49,49,49,49,49,49,49,49,49"
1338,Stage1,43.84,,,,,,,,4,,,
1338,Stage2,43.84,16.54,,,,,,,4,4,,
1338,PowerOpt,43.84,16.54,16.54,,,,"114.45,62.29,52.25,15.94,6.11,2.88,1.32,0.28,0.23,0.07,0.05,0.04,0.03,0.02",1.00,4,4,,
1338,Stage3,43.84,16.54,16.54,15.86,,,,,4,4,33,
1338,Stage3_PowerOpt,43.84,16.54,16.54,,15.86,,"41.40,18.89,2.19,1.03,0.27,0.10,0.05,0.03,0.02,0.01",1.00,4,4,33,
1338,Stage4,43.84,16.54,16.54,,15.86,8.21;10.37;11.08;11.59;11.99;12.33;12.61;12.86;13.05;13.19;13.31;13.41;13.52;13.63;13.74;13.86;13.96;14.03;14.10;14.17;14.23;14.29;14.37;14.44;14.51;14.56;14.61;14.65;14.70;14.75;14.80;14.86;14.91;14.95;14.98;15.02;15.05;15.09,,,4,4,33,"33,33,33,33,33,33,33,33,33,33,33,33,33,33,33,33,33,33,33,33,33,33,33,33,33,33,33,33,33,33,33,33,33,33,33,33,33,33"
1339,Stage1,37.47,,,,,,,,"4,9",,,
1339,Stage2,37.47,23.56,,,,,,,"4,9",4,,
1339,PowerOpt,37.47,23.56,23.56,,,,"132.65,49.98,47.39,11.12,3.88,3.42,3.16,1.28,1.06,0.69,0.63,0.19,0.13,0.09,0.09,0.05,0.04,0.03,0.02,0.02","1.99,0.01","4,9",4,,
1339,Stage3,37.47,23.56,23.56,21.86,,,,,"4,9",4,"49,32,49,49",
1339,Stage3_PowerOpt,37.47,23.56,23.56,,21.86,,"30.30,15.41,11.34,3.68,1.05,0.84,0.43,0.33,0.26,0.19,0.06,0.05,0.02,0.02","2.00,0.00","4,9",4,"49,32,49,49",
1339,Stage4,37.47,23.56,23.56,,21.86,7.91;10.98;12.08;13.29;14.01;14.59;15.09;15.63;16.41;16.74;16.97;17.19;17.43;17.64;17.83;18.02;18.23;18.37;18.49;18.62;18.73;18.85;18.97;19.10;19.23;19.32;19.41;19.49;19.57;19.65;19.73;19.83;19.93;20.00;20.08;20.16;20.24;20.31;20.38;20.46;20.57;20.61;20.66;20.75;20.76;20.84,,,"4,9",4,"49,32,49,49","49,49,32,49,49,49,32,49,49,49,49,32,49,49,49,49,49,32,49,49,32,49,32,49,49,32,32,49,32,49,32,49,49,49,49,49,49,49,49,49,49,49,32,32,32,49"
1340,Stage1,48.53,,,,,,,,4,,,
1340,Stage2,48.53,15.78,,,,,,,4,4,,
1340,PowerOpt,48.53,15.78,15.78,,,,"188.50,33.45,18.41,6.33,4.46,1.79,0.88,0.61,0.36,0.32,0.23,0.18,0.15,0.14,0.07,0.03,0.02,0.02,0.01",1.00,4,4,,
1340,Stage3,48.53,15.78,15.78,15.68,,,,,4,4,32,
1340,Stage3_PowerOpt,48.53,15.78,15.78,,15.68,,"50.92,9.15,1.71,1.24,0.25,0.22,0.17,0.10,0.08,0.04,0.03,0.02,0.01,0.01",1.00,4,4,32,
1340,Stage4,48.53,15.78,15.78,,15.68,8.20;10.14;10.87;11.39;11.80;12.12;12.40;12.63;12.82;12.97;13.09;13.20;13.31;13.42;13.53;13.63;13.73;13.82;13.89;13.95;14.02;14.08;14.15;14.22;14.29;14.35;14.40;14.45;14.50;14.54;14.59;14.64;14.70;14.74;14.78;14.82;14.85;14.89;14.93,,,4,4,32,"32,32,32,32,32,32,32,32,32,32,32,32,32,32,32,32,32,32,32,32,32,32,32,32,32,32,32,32,32,32,32,32,32,32,32,32,32,32,32"
1341,Stage1,46.13,,,,,,,,0,,,
1341,Stage2,46.13,16.37,,,,,,,0,0,,
1341,PowerOpt,46.13,16.37,16.37,,,,"184.49,36.90,24.95,4.33,2.31,1.18,0.75,0.46,0.28,0.09,0.06,0.05,0.03,0.02,0.02,0.01",1.00,0,0,,
1341,Stage3,46.13,16.37,16.37,16.01,,,,,0,0,32,
1341,Stage3_PowerOpt,46.13,16.37,16.37,,16.01,,"52.55,10.51,0.66,0.14,0.06,0.02,0.01,0.01",1.00,0,0,32,
1341,Stage4,46.13,16.37,16.37,,16.01,8.15;10.49;11.20;11.71;12.12;12.47;12.75;13.00;13.20;13.34;13.46;13.56;13.67;13.77;13.89;14.00;14.11;14.18;14.25;14.31;14.38;14.44;14.51;14.59;14.66;14.71;14.76;14.80;14.85;14.89;14.95;15.00;15.06;15.10;15.13;15.17;15.20;15.24,,,0,0,32,"32,32,32,32,32,32,32,32,32,32,32,32,32,32,32,32,32,32,32,32,32,32,32,32,32,32,32,32,32,32,32,32,32,32,32,32,32,32"
1342,Stage1,29.51,,,,,,,,0,,,
1342,Stage2,29.51,16.15,,,,,,,0,0,,
1342,PowerOpt,29.51,16.15,16.15,,,,"151.31,79.29,25.33",1.00,0,0,,
1342,Stage3,29.51,16.15,16.15,15.72,,,,,0,0,24,
1342,Stage3_PowerOpt,29.51,16.15,16.15,,15.72,,"47.51,8.69,7.79",1.00,0,0,24,
1342,Stage4,29.51,16.15,16.15,,15.72,8.15;9.82;10.57;11.12;11.56;11.91;12.21;12.44;12.68;12.87;13.04;13.18;13.32;13.44;13.56;13.66;13.75;13.84;13.92;14.00;14.08;14.15;14.22;14.28;14.34;14.39;14.45;14.50;14.55;14.60;14.64;14.69;14.74;14.79;14.83;14.87;14.91;14.95,,,0,0,24,"24,24,24,24,24,24,24,24,24,24,24,24,24,24,24,24,24,24,24,24,24,24,24,24,24,24,24,24,24,24,24,24,24,24,24,24,24,24"
1343,Stage1,48.18,,,,,,,,4,,,
1343,Stage2,48.18,16.48,,,,,,,4,0,,
1343,PowerOpt,48.18,16.48,16.48,,,,"195.49,39.03,8.76,4.63,2.85,1.72,1.62,0.28,0.27,0.26,0.22,0.19,0.18,0.12,0.08,0.06,0.05,0.03,0.03,0.03,0.02,0.02,0.01",1.00,4,0,,
1343,Stage3,48.18,16.48,16.48,16.25,,,,,4,0,8,
1343,Stage3_PowerOpt,48.18,16.48,16.48,,16.25,,"52.28,10.43,0.76,0.46,0.03",1.00,4,0,8,
1343,Stage4,48.18,16.48,16.48,,16.25,8.01;10.70;11.42;11.95;12.36;12.70;12.99;13.24;13.44;13.58;13.70;13.80;13.91;14.01;14.12;14.24;14.34;14.42;14.49;14.56;14.62;14.68;14.75;14.82;14.90;14.95;15.00;15.05;15.09;15.14;15.19;15.24;15.29;15.34;15.38;15.41;15.45,,,4,0,8,"8,8,8,8,8,8,8,8,8,8,8,8,8,8,8,8,8,8,8,8,8,8,8,8,8,8,8,8,8,8,8,8,8,8,8,8,8"
1344,Stage1,34.03,,,,,,,,4,,,
1344,Stage2,34.03,16.25,,,,,,,4,0,,
1344,PowerOpt,34.03,16.25,16.25,,,,"191.66,56.93,6.91,0.22,0.15,0.03,0.02,0.01",1.00,4,0,,
1344,Stage3,34.03,16.25,16.25,16.25,,,,,4,0,32,
1344,Stage3_PowerOpt,34.03,16.25,16.25,,16.25,,"47.96,14.24,1.73,0.06",1.00,4,0,32,
1344,Stage4,34.03,16.25,16.25,,16.25,8.12;10.62;11.37;11.92;12.35;12.69;12.99;13.24;13.43;13.56;13.68;13.79;13.90;14.01;14.12;14.24;14.34;14.42;14.48;14.55;14.61;14.68;14.75;14.83;14.89;14.95;14.99;15.04;15.08;15.13;15.18;15.24;15.29;15.33;15.37;15.40;15.44,,,4,0,32,"32,32,32,32,32,32,32,32,32,32,32,32,32,32,32,32,32,32,32,32,32,32,32,32,32,32,32,32,32,32,32,32,32,32,32,32,32"
1345,Stage1,26.07,,,,,,,,0,,,
1345,Stage2,26.07,16.41,,,,,,,0,0,,
1345,PowerOpt,26.07,16.41,16.41,,,,"211.48,37.76,5.35,0.82,0.35,0.16,0.02",1.00,0,0,,
1345,Stage3,26.07,16.41,16.41,16.30,,,,,0,0,24,
1345,Stage3_PowerOpt,26.07,16.41,16.41,,16.30,,"52.88,9.43,1.34,0.20,0.09,0.04",1.00,0,0,24,
1345,Stage4,26.07,16.41,16.41,,16.30,7.96;10.79;11.51;12.03;12.43;12.76;13.03;13.28;13.48;13.62;13.74;13.85;13.96;14.06;14.17;14.28;14.39;14.47;14.54;14.60;14.66;14.73;14.79;14.87;14.94;15.00;15.05;15.09;15.14;15.18;15.23;15.28;15.34;15.38;15.42;15.46;15.49,,,0,0,24,"24,24,24,24,24,24,24,24,24,24,24,24,24,24,24,24,24,24,24,24,24,24,24,24,24,24,24,24,24,24,24,24,24,24,24,24,24"
1346,Stage1,25.11,,,,,,,,0,,,
1346,Stage2,25.11,16.42,,,,,,,0,0,,
1346,PowerOpt,25.11,16.42,16.42,,,,"195.88,56.49,3.05,0.44,0.07,0.02",1.00,0,0,,
1346,Stage3,25.11,16.42,16.42,16.36,,,,,0,0,24,
1346,Stage3_PowerOpt,25.11,16.42,16.42,,16.36,,"48.98,14.12,0.76,0.11,0.02",1.00,0,0,24,
1346,Stage4,25.11,16.42,16.42,,16.36,8.06;10.71;11.46;12.02;12.45;12.81;13.11;13.35;13.54;13.69;13.80;13.91;14.02;14.13;14.24;14.35;14.46;14.54;14.60;14.67;14.73;14.80;14.87;14.94;15.01;15.07;15.11;15.16;15.20;15.25;15.30;15.36;15.41;15.45;15.49;15.52;15.56,,,0,0,24,"24,24,24,24,24,24,24,24,24,24,24,24,24,24,24,24,24,24,24,24,24,24,24,24,24,24,24,24,24,24,24,24,24,24,24,24,24"
1347,Stage1,38.26,,,,,,,,0,,,
1347,Stage2,38.26,16.77,,,,,,,0,0,,
1347,PowerOpt,38.26,16.77,16.77,,,,"154.30,48.36,28.80,10.50,8.33,3.01,0.95,0.93,0.30,0.24,0.09,0.09,0.02,0.02",1.00,0,0,,
1347,Stage3,38.26,16.77,16.77,16.50,,,,,0,0,24,
1347,Stage3_PowerOpt,38.26,16.77,16.77,,16.50,,"37.12,11.69,8.49,3.07,2.04,0.89,0.28,0.21,0.07,0.07,0.03,0.02",1.00,0,0,24,
1347,Stage4,38.26,16.77,16.77,,16.50,8.05;10.82;11.57;12.10;12.51;12.84;13.12;13.38;13.60;13.77;13.92;14.04;14.16;14.28;14.39;14.50;14.59;14.67;14.74;14.81;14.87;14.94;15.00;15.07;15.14;15.19;15.25;15.30;15.35;15.39;15.44;15.50;15.54;15.59;15.63;15.66;15.70,,,0,0,24,"24,24,24,24,24,24,24,24,24,24,24,24,24,24,24,24,24,24,24,24,24,24,24,24,24,24,24,24,24,24,24,24,24,24,24,24,24"
1348,Stage1,43.21,,,,,,,,"0,5",,,
1348,Stage2,43.21,26.04,,,,,,,"0,5",0,,
1348,PowerOpt,43.21,26.04,26.04,,,,"133.27,90.10,23.26,2.94,2.06,1.79,0.46,0.43,0.37,0.31,0.20,0.15,0.10,0.07,0.07,0.06,0.06,0.04,0.03,0.03,0.03,0.02,0.02,0.02,0.01,0.01","1.98,0.02","0,5",0,,
1348,Stage3,43.21,26.04,26.04,24.39,,,,,"0,5",0,"24,24,24,24,8",
1348,Stage3_PowerOpt,43.21,26.04,26.04,,24.39,,"33.16,23.00,6.04,0.74,0.48,0.13,0.12,0.07,0.06,0.04,0.03,0.02,0.02,0.02,0.01,0.01","1.99,0.01","0,5",0,"24,24,24,24,8",
1348,Stage4,43.21,26.04,26.04,,24.39,6.93;12.49;14.28;15.74;16.58;17.27;17.82;18.36;18.74;19.04;19.30;19.54;19.76;19.96;20.18;20.41;20.60;20.75;20.90;21.05;21.18;21.29;21.42;21.56;21.70;21.82;21.93;22.02;22.11;22.20;22.30;22.40;22.48;22.58;22.64;22.74;22.77;22.84;22.91;23.00;23.09;23.16;23.22,,,"0,5",0,"24,24,24,24,8","24,24,8,24,24,24,24,24,24,24,8,24,24,24,24,24,24,8,24,24,24,24,24,24,24,8,24,24,8,24,8,24,24,8,24,8,24,24,24,24,24,24,24"
1349,Stage1,46.99,,,,,,,,"0,5,9",,,
1349,Stage2,46.99,35.34,,,,,,,"0,5,9",0,,
1349,PowerOpt,46.99,35.34,35.34,,,,"158.94,49.94,22.26,6.70,6.05,5.13,2.24,1.08,0.87,0.74,0.59,0.30,0.23,0.15,0.09,0.08,0.08,0.07,0.06,0.06,0.04,0.04,0.03,0.03,0.02,0.02,0.02,0.01,0.01,0.01","2.81,0.18,0.02","0,5,9",0,,
1349,Stage3,46.99,35.34,35.34,32.74,,,,,"0,5,9",0,"16,24,9,24,24",
1349,Stage3_PowerOpt,46.99,35.34,35.34,,32.74,,"40.68,12.48,5.44,1.63,1.57,1.03,0.24,0.23,0.21,0.16,0.08,0.06,0.05,0.03,0.02,0.01,0.01,0.01","2.83,0.16,0.01","0,5,9",0,"16,24,9,24,24",
1349,Stage4,46.99,35.34,35.34,,32.74,9.81;14.23;17.42;18.99;20.39;21.50;22.49;23.16;24.03;24.51;24.94;25.30;25.68;26.05;26.41;26.79;27.07;27.36;27.58;27.78;27.97;28.16;28.33;28.53;28.72;28.90;29.06;29.20;29.35;29.48;29.63;29.78;29.94;30.07;30.19;30.30;30.41;30.52;30.64;30.76;30.88;30.99;31.10;31.19,,,"0,5,9",0,"16,24,9,24,24","24,9,24,9,24,9,24,24,24,24,16,16,9,16,24,24,24,9,16,24,9,16,16,16,24,9,16,24,9,24,16,24,9,24,16,24,16,16,9,24,9,24,9,24"
1350,Stage1,43.52,,,,,,,,"4,0,9",,,
1350,Stage2,43.52,34.69,,,,,,,"4,0,9",4,,
1350,PowerOpt,43.52,34.69,34.69,,,,"185.70,27.63,21.93,10.84,4.30,1.62,1.34,0.93,0.50,0.36,0.34,0.25,0.08,0.05,0.04,0.02","2.79,0.20,0.02","4,0,9",4,,
1350,Stage3,43.52,34.69,34.69,32.27,,,,,"4,0,9",4,"17,17,24,9,9",
1350,Stage3_PowerOpt,43.52,34.69,34.69,,32.27,,"42.20,8.85,7.06,2.64,1.68,0.45,0.39,0.19,0.17,0.14,0.09,0.07,0.03,0.01,0.01","2.68,0.30,0.02","4,0,9",4,"17,17,24,9,9",
1350,Stage4,43.52,34.69,34.69,,32.27,8.12;14.49;16.96;19.17;20.74;21.67;22.62;23.41;23.99;24.49;24.85;25.24;25.54;25.89;26.22;26.50;26.89;27.11;27.34;27.50;27.70;27.83;28.08;28.31;28.51;28.67;28.83;28.95;29.11;29.25;29.38;29.51;29.67;29.83;29.94;30.06;30.15;30.28;30.40;30.50;30.64;30.78,,,"4,0,9",4,"17,17,24,9,9","17,24,9,24,9,17,9,24,9,9,24,9,24,9,9,9,24,9,24,24,9,9,24,9,9,9,24,9,24,9,17,24,9,9,9,24,9,24,9,9,24,9"
1357,Stage1,41.31,,,,,,,,"4,9,0",,,
1357,Stage2,41.31,31.86,,,,,,,"4,9,0",0,,
1357,PowerOpt,41.31,31.86,31.86,,,,"181.72,48.01,21.15,2.88,1.27,0.46,0.13,0.11,0.06,0.06,0.02,0.02,0.01,0.01","2.92,0.07,0.00","4,9,0",0,,
1357,Stage3,41.31,31.86,31.86,31.32,,,,,"4,9,0",0,"24,24,5,24,24",
1357,Stage3_PowerOpt,41.31,31.86,31.86,,31.32,,"45.33,12.01,5.26,0.72,0.31,0.12,0.11,0.06,0.03,0.01","2.92,0.07,0.00","4,9,0",0,"24,24,5,24,24",
1357,Stage4,41.31,31.86,31.86,,31.32,10.22;14.33;16.40;17.90;19.06;20.07;20.96;21.84;22.48;22.91;23.28;23.62;23.89;24.19;24.50;24.86;25.26;25.52;25.73;25.92;26.11;26.30;26.48;26.69;26.93;27.11;27.27;27.44;27.55;27.70;27.85;28.02;28.18;28.31;28.43;28.54;28.66;28.76;28.88;29.02;29.16;29.28;29.38;29.48;29.58;29.69;29.78,,,"4,9,0",0,"24,24,5,24,24","24,24,24,24,24,24,24,24,5,5,5,24,24,5,24,24,24,24,5,24,5,24,24,24,24,24,24,24,24,5,5,24,24,24,24,5,5,24,24,24,24,24,24,24,24,24,24"
1358,Stage1,47.89,,,,,,,,4,,,
1358,Stage2,47.89,16.65,,,,,,,4,0,,
1358,PowerOpt,47.89,16.65,16.65,,,,"130.41,82.98,23.15,8.19,3.55,3.32,2.63,0.75,0.32,0.11,0.11,0.10,0.09,0.04,0.04,0.04,0.02,0.01,0.01,0.01,0.01",1.00,4,0,,
1358,Stage3,47.89,16.65,16.65,16.58,,,,,4,0,24,
1358,Stage3_PowerOpt,47.89,16.65,16.65,,16.58,,"33.23,21.15,5.91,1.22,0.91,0.84,0.39,0.19,0.08,0.03,0.02,0.01",1.00,4,0,24,
1358,Stage4,47.89,16.65,16.65,,16.58,7.99;10.94;11.72;12.27;12.69;13.02;13.30;13.54;13.73;13.88;14.01;14.13;14.24;14.35;14.45;14.56;14.66;14.74;14.81;14.88;14.95;15.01;15.08;15.15;15.22;15.27;15.32;15.37;15.42;15.46;15.51;15.56;15.62;15.66;15.70;15.74;15.78,,,4,0,24,"24,24,24,24,24,24,24,24,24,24,24,24,24,24,24,24,24,24,24,24,24,24,24,24,24,24,24,24,24,24,24,24,24,24,24,24,24"
1359,Stage1,51.86,,,,,,,,4,,,
1359,Stage2,51.86,16.30,,,,,,,4,0,,
1359,PowerOpt,51.86,16.30,16.30,,,,"109.99,73.95,29.33,16.69,10.09,6.83,2.26,2.12,1.42,1.30,1.11,0.24,0.20,0.20,0.13,0.06,0.03,0.01",1.00,4,0,,
1359,Stage3,51.86,16.30,16.30,15.96,,,,,4,0,24,
1359,Stage3_PowerOpt,51.86,16.30,16.30,,15.96,,"32.84,13.32,8.89,2.96,2.17,2.02,0.67,0.46,0.34,0.25,0.07,0.01",1.00,4,0,24,
1359,Stage4,51.86,16.30,16.30,,15.96,8.20;10.28;11.06;11.59;11.99;12.30;12.56;12.78;13.03;13.21;13.37;13.50;13.62;13.73;13.84;13.93;14.02;14.11;14.19;14.26;14.33;14.40;14.46;14.52;14.59;14.65;14.70;14.75;14.80;14.85;14.90;14.94;14.99;15.04;15.08;15.12;15.16;15.20,,,4,0,24,"24,24,24,24,24,24,24,24,24,24,24,24,24,24,24,24,24,24,24,24,24,24,24,24,24,24,24,24,24,24,24,24,24,24,24,24,24,24"
