ue,stage,C_TRX_UE,C_TRX_BS,C_TRX,C_Layer_no_power,C_Layer,C_ABM_hist,lambda_bs_beam,lambda_ue_beam,ue_beams,bs_pattern,bs_layer_pattern,bs_beams_abm
377,Stage1,20.67,,,,,,,,"15,4",,,
377,Stage2,20.67,17.91,,,,,,,"15,4",12,,
377,PowerOpt,20.67,17.91,17.91,,,,"187.22,32.23,26.88,3.45,2.70,1.31,1.09,0.20,0.18,0.15,0.14,0.08,0.06,0.03,0.03,0.03,0.03,0.02,0.02,0.01,0.01,0.01,0.01","1.99,0.01","15,4",12,,
377,Stage3,20.67,17.91,17.91,17.12,,,,,"15,4",12,63,
377,Stage3_PowerOpt,20.67,17.91,17.91,,17.12,,"45.91,7.57,6.17,1.19,0.77,0.66,0.28,0.18,0.14,0.14,0.12,0.11,0.10,0.09,0.08,0.06,0.05,0.05,0.04,0.04,0.04,0.03,0.03,0.02,0.02,0.02,0.02,0.01,0.01","1.97,0.03","15,4",12,63,
377,Stage4,20.67,17.91,17.91,,17.12,10.31;11.68;12.52;13.09;13.47;13.71;13.85;13.92;14.04;14.21;14.41;14.60;14.77;14.89;14.96;15.00;15.06;15.15;15.26;15.38;15.48;15.57;15.62;15.65;15.69;15.75;15.82;15.90;15.98;16.04;16.09;16.11;16.14;16.18;16.23;16.29,,,"15,4",12,63,"63,63,63,63,63,63,63,63,63,63,63,63,63,63,63,63,63,63,63,63,63,63,63,63,63,63,63,63,63,63,63,63,63,63,63,63"
378,Stage1,20.59,,,,,,,,"15,4",,,
378,Stage2,20.59,17.85,,,,,,,"15,4",12,,
378,PowerOpt,20.59,17.85,17.85,,,,"204.19,33.80,13.57,2.47,1.35,0.12,0.09,0.06,0.06,0.03,0.02,0.02,0.02,0.01,0.01,0.01,0.01,0.01","2.00,0.00","15,4",12,,
378,Stage3,20.59,17.85,17.85,16.96,,,,,"15,4",12,55,
378,Stage3_PowerOpt,20.59,17.85,17.85,,16.96,,"51.27,8.14,3.32,0.60,0.33,0.05,0.04,0.04,0.03,0.03,0.02,0.02,0.02,0.01,0.01,0.01","1.99,0.01","15,4",12,55,
378,Stage4,20.59,17.85,17.85,,16.96,10.67;11.82;12.49;12.93;13.22;13.42;13.55;13.64;13.82;14.03;14.23;14.41;14.55;14.65;14.73;14.78;14.86;14.97;15.09;15.20;15.30;15.38;15.43;15.47;15.52;15.59;15.67;15.75;15.82;15.88;15.93;15.96;16.00;16.04;16.09;16.15,,,"15,4",12,55,"55,55,55,55,55,55,55,55,55,55,55,55,55,55,55,55,55,55,55,55,55,55,55,55,55,55,55,55,55,55,55,55,55,55,55,55"
386,Stage1,35.85,,,,,,,,4,,,
386,Stage2,35.85,16.39,,,,,,,4,4,,
386,PowerOpt,35.85,16.39,16.39,,,,"203.81,42.94,6.33,1.40,0.82,0.44,0.14,0.05,0.02",1.00,4,4,,
386,Stage3,35.85,16.39,16.39,16.48,,,,,4,4,33,
386,Stage3_PowerOpt,35.85,16.39,16.39,,16.48,,"50.98,10.76,1.60,0.31,0.20,0.10,0.03,0.01",1.00,4,4,33,
386,Stage4,35.85,16.39,16.39,,16.48,7.97;10.83;11.57;12.11;12.55;12.92;13.22;13.49;13.68;13.82;13.93;14.04;14.14;14.25;14.37;14.49;14.59;14.67;14.73;14.80;14.86;14.92;14.99;15.07;15.14;15.20;15.24;15.29;15.33;15.38;15.43;15.48;15.54;15.58;15.62;15.65;15.69,,,4,4,33,"33,33,33,33,33,33,33,33,33,33,33,33,33,33,33,33,33,33,33,33,33,33,33,33,33,33,33,33,33,33,33,33,33,33,33,33,33"
387,Stage1,36.92,,,,,,,,4,,,
387,Stage2,36.92,16.48,,,,,,,4,4,,
387,PowerOpt,36.92,16.48,16.48,,,,"181.32,58.93,12.71,1.82,0.71,0.28,0.11,0.05,0.02",1.00,4,4,,
387,Stage3,36.92,16.48,16.48,16.57,,,,,4,4,33,
387,Stage3_PowerOpt,36.92,16.48,16.48,,16.57,,"45.33,14.81,3.17,0.40,0.17,0.06,0.03,0.01",1.00,4,4,33,
387,Stage4,36.92,16.48,16.48,,16.57,7.87;11.01;11.75;12.27;12.68;13.02;13.31;13.57;13.76;13.91;14.03;14.14;14.24;14.34;14.45;14.57;14.67;14.75;14.82;14.89;14.95;15.01;15.08;15.15;15.22;15.28;15.33;15.38;15.42;15.47;15.51;15.56;15.62;15.67;15.70;15.74,,,4,4,33,"33,33,33,33,33,33,33,33,33,33,33,33,33,33,33,33,33,33,33,33,33,33,33,33,33,33,33,33,33,33,33,33,33,33,33,33"
388,Stage1,32.82,,,,,,,,"4,0",,,
388,Stage2,32.82,23.22,,,,,,,"4,0",0,,
388,PowerOpt,32.82,23.22,23.22,,,,"199.73,49.20,6.33,0.32,0.21,0.07,0.03,0.03","2.00,0.00","4,0",0,,
388,Stage3,32.82,23.22,23.22,23.19,,,,,"4,0",0,32,
388,Stage3_PowerOpt,32.82,23.22,23.22,,23.19,,"49.94,12.30,1.58,0.08,0.05,0.02","2.00,0.00","4,0",0,32,
388,Stage4,32.82,23.22,23.22,,23.19,5.67;12.08;13.33;14.38;15.24;15.99;16.65;17.31;17.70;17.94;18.16;18.34;18.52;18.72;18.94;19.21;19.43;19.57;19.69;19.81;19.92;20.04;20.17;20.34;20.49;20.59;20.68;20.77;20.85;20.93;21.03;21.15;21.26;21.35;21.42;21.48;21.55;21.61;21.69;21.78;21.88;21.95;22.01;22.06,,,"4,0",0,32,"32,32,32,32,32,32,32,32,32,32,32,32,32,32,32,32,32,32,32,32,32,32,32,32,32,32,32,32,32,32,32,32,32,32,32,32,32,32,32,32,32,32,32,32"
389,Stage1,30.79,,,,,,,,0,,,
389,Stage2,30.79,16.66,,,,,,,0,0,,
389,PowerOpt,30.79,16.66,16.66,,,,"191.15,56.42,7.42,0.68,0.16,0.08,0.03",1.00,0,0,,
389,Stage3,30.79,16.66,16.66,16.66,,,,,0,0,32,
389,Stage3_PowerOpt,30.79,16.66,16.66,,16.66,,"47.79,14.11,1.85,0.17,0.04,0.02",1.00,0,0,32,
389,Stage4,30.79,16.66,16.66,,16.66,7.63;11.16;11.90;12.43;12.84;13.16;13.43;13.65;13.85;14.00;14.12;14.24;14.34;14.45;14.55;14.65;14.76;14.84;14.91;14.98;15.04;15.11;15.17;15.24;15.31;15.37;15.42;15.47;15.51;15.56;15.60;15.65;15.71;15.75;15.79;15.83,,,0,0,32,"32,32,32,32,32,32,32,32,32,32,32,32,32,32,32,32,32,32,32,32,32,32,32,32,32,32,32,32,32,32,32,32,32,32,32,32"
390,Stage1,38.82,,,,,,,,0,,,
390,Stage2,38.82,16.20,,,,,,,0,12,,
390,PowerOpt,38.82,16.20,16.20,,,,"152.97,49.14,24.26,14.10,8.08,3.81,1.67,0.80,0.37,0.30,0.16,0.12,0.05,0.04,0.03,0.02,0.01",1.00,0,12,,
390,Stage3,38.82,16.20,16.20,16.25,,,,,0,12,39,
390,Stage3_PowerOpt,38.82,16.20,16.20,,16.25,,"45.88,14.43,2.35,0.53,0.29,0.22,0.09,0.08,0.05,0.03,0.01",1.00,0,12,39,
390,Stage4,38.82,16.20,16.20,,16.25,9.92;11.17;11.92;12.42;12.76;12.99;13.13;13.22;13.36;13.52;13.70;13.87;14.01;14.11;14.19;14.23;14.30;14.38;14.48;14.58;14.67;14.74;14.79;14.83;14.87;14.92;14.99;15.06;15.13;15.18;15.22;15.25;15.28;15.32;15.37;15.42;15.47,,,0,12,39,"39,39,39,39,39,39,39,39,39,39,39,39,39,39,39,39,39,39,39,39,39,39,39,39,39,39,39,39,39,39,39,39,39,39,39,39,39"
391,Stage1,39.12,,,,,,,,0,,,
391,Stage2,39.12,16.22,,,,,,,0,0,,
391,PowerOpt,39.12,16.22,16.22,,,,"189.69,50.19,13.62,1.92,0.39,0.07,0.05,0.02",1.00,0,0,,
391,Stage3,39.12,16.22,16.22,16.20,,,,,0,0,"32,39,32,32",
391,Stage3_PowerOpt,39.12,16.22,16.22,,16.20,,"47.08,12.48,3.82,0.48,0.10,0.02,0.01",1.00,0,0,"32,39,32,32",
391,Stage4,39.12,16.22,16.22,,16.20,9.60;11.06;11.84;12.35;12.70;12.94;13.12;13.24;13.38;13.54;13.71;13.87;14.01;14.11;14.19;14.25;14.32;14.40;14.50;14.59;14.68;14.75;14.81;14.85;14.89;14.95;15.01;15.08;15.14;15.19;15.24;15.27;15.30;15.34;15.38;15.44,,,0,0,"32,39,32,32","39,39,39,39,39,32,32,32,32,39,39,39,39,32,32,32,32,32,39,39,39,39,32,32,32,32,39,39,39,39,32,32,32,32,39,39"
392,Stage1,46.81,,,,,,,,"4,13",,,
392,Stage2,46.81,26.39,,,,,,,"4,13",0,,
392,PowerOpt,46.81,26.39,26.39,,,,"167.34,66.55,9.14,5.15,2.59,1.53,1.45,0.95,0.43,0.35,0.20,0.14,0.07,0.04,0.01,0.01","1.91,0.09","4,13",0,,
392,Stage3,46.81,26.39,26.39,26.34,,,,,"4,13",0,32,
392,Stage3_PowerOpt,46.81,26.39,26.39,,26.34,,"41.87,16.63,2.28,1.27,0.65,0.38,0.36,0.23,0.11,0.09,0.05,0.03,0.02","1.91,0.09","4,13",0,32,
392,Stage4,46.81,26.39,26.39,,26.34,9.15;13.49;15.71;17.09;18.05;18.79;19.47;20.22;20.58;20.84;21.08;21.30;21.51;21.71;21.91;22.20;22.40;22.55;22.69;22.82;22.95;23.07;23.18;23.35;23.51;23.61;23.71;23.81;23.90;23.99;24.08;24.19;24.32;24.40;24.48;24.55;24.63;24.70;24.77;24.85;24.96;25.03,,,"4,13",0,32,"32,32,32,32,32,32,32,32,32,32,32,32,32,32,32,32,32,32,32,32,32,32,32,32,32,32,32,32,32,32,32,32,32,32,32,32,32,32,32,32,32,32"
393,Stage1,49.88,,,,,,,,"0,9,0",,,
393,Stage2,49.88,38.95,,,,,,,"0,9,0",0,,
393,PowerOpt,49.88,38.95,38.95,,,,"156.46,48.96,27.47,12.35,3.75,2.67,1.85,0.93,0.51,0.35,0.25,0.16,0.09,0.07,0.03,0.02,0.01","2.56,0.38,0.05","0,9,0",0,,
393,Stage3,49.88,38.95,38.95,38.88,,,,,"0,9,0",0,32,
393,Stage3_PowerOpt,49.88,38.95,38.95,,38.88,,"39.07,12.23,6.94,3.10,0.93,0.67,0.45,0.23,0.13,0.09,0.06,0.04,0.02,0.02","2.56,0.39,0.05","0,9,0",0,32,
393,Stage4,49.88,38.95,38.95,,38.88,10.56;16.73;21.31;24.23;26.08;27.42;28.56;29.58;30.14;30.51;30.86;31.23;31.57;31.88;32.17;32.53;32.85;33.07;33.27;33.48;33.69;33.88;34.06;34.28;34.51;34.66;34.82;34.96;35.11;35.25;35.39;35.55;35.73;35.86;35.97;36.09;36.21;36.32;36.44;36.56;36.72;36.82;36.92;37.02,,,"0,9,0",0,32,"32,32,32,32,32,32,32,32,32,32,32,32,32,32,32,32,32,32,32,32,32,32,32,32,32,32,32,32,32,32,32,32,32,32,32,32,32,32,32,32,32,32,32,32"
394,Stage1,47.91,,,,,,,,"4,9",,,
394,Stage2,47.91,26.71,,,,,,,"4,9",0,,
394,PowerOpt,47.91,26.71,26.71,,,,"158.20,58.85,18.37,7.48,4.87,2.66,1.75,1.65,0.90,0.54,0.30,0.17,0.11,0.07,0.02,0.02,0.01","1.87,0.13","4,9",0,,
394,Stage3,47.91,26.71,26.71,26.66,,,,,"4,9",0,32,
394,Stage3_PowerOpt,47.91,26.71,26.71,,26.66,,"39.56,14.73,4.60,1.88,1.20,0.66,0.43,0.41,0.22,0.13,0.07,0.04,0.03,0.02","1.88,0.12","4,9",0,32,
394,Stage4,47.91,26.71,26.71,,26.66,8.19;13.74;16.13;17.55;18.56;19.32;19.95;20.53;20.89;21.15;21.39;21.61;21.83;22.04;22.24;22.46;22.65;22.80;22.94;23.08;23.20;23.34;23.46;23.59;23.73;23.83;23.93;24.03;24.13;24.23;24.32;24.41;24.52;24.60;24.68;24.76;24.84;24.92;25.00;25.08;25.17;25.24;25.31;25.38,,,"4,9",0,32,"32,32,32,32,32,32,32,32,32,32,32,32,32,32,32,32,32,32,32,32,32,32,32,32,32,32,32,32,32,32,32,32,32,32,32,32,32,32,32,32,32,32,32,32"
395,Stage1,48.01,,,,,,,,"4,9",,,
395,Stage2,48.01,26.85,,,,,,,"4,9",0,,
395,PowerOpt,48.01,26.85,26.85,,,,"155.57,71.05,11.91,6.32,4.25,1.88,1.50,1.42,0.99,0.47,0.26,0.16,0.09,0.05,0.02","1.88,0.12","4,9",0,,
395,Stage3,48.01,26.85,26.85,26.81,,,,,"4,9",0,32,
395,Stage3_PowerOpt,48.01,26.85,26.85,,26.81,,"38.93,17.76,2.97,1.57,1.06,0.47,0.37,0.35,0.25,0.11,0.06,0.04,0.02,0.01","1.88,0.12","4,9",0,32,
395,Stage4,48.01,26.85,26.85,,26.81,9.17;14.07;16.43;17.76;18.67;19.38;20.06;20.68;21.04;21.32;21.55;21.79;22.00;22.19;22.40;22.64;22.85;23.01;23.15;23.29;23.42;23.54;23.66;23.81;23.96;24.07;24.17;24.27;24.36;24.45;24.54;24.64;24.77;24.85;24.93;25.01;25.09;25.16;25.23;25.31;25.41;25.49,,,"4,9",0,32,"32,32,32,32,32,32,32,32,32,32,32,32,32,32,32,32,32,32,32,32,32,32,32,32,32,32,32,32,32,32,32,32,32,32,32,32,32,32,32,32,32,32"
396,Stage1,30.85,,,,,,,,0,,,
396,Stage2,30.85,16.50,,,,,,,0,0,,
396,PowerOpt,30.85,16.50,16.50,,,,"225.92,27.47,1.61,0.74,0.06,0.06,0.05,0.03,0.01",1.00,0,0,,
396,Stage3,30.85,16.50,16.50,16.44,,,,,0,0,32,
396,Stage3_PowerOpt,30.85,16.50,16.50,,16.44,,"56.50,6.85,0.40,0.18,0.02,0.01,0.01",1.00,0,0,32,
396,Stage4,30.85,16.50,16.50,,16.44,7.86;10.86;11.59;12.12;12.54;12.89;13.18;13.43;13.62;13.76;13.88;13.99;14.10;14.20;14.32;14.43;14.53;14.61;14.68;14.75;14.81;14.87;14.94;15.02;15.09;15.14;15.19;15.24;15.28;15.33;15.38;15.43;15.49;15.53;15.57;15.60;15.64,,,0,0,32,"32,32,32,32,32,32,32,32,32,32,32,32,32,32,32,32,32,32,32,32,32,32,32,32,32,32,32,32,32,32,32,32,32,32,32,32,32"
397,Stage1,34.88,,,,,,,,"0,12",,,
397,Stage2,34.88,27.22,,,,,,,"0,12",0,,
397,PowerOpt,34.88,27.22,27.22,,,,"168.05,80.88,4.16,2.46,0.30,0.05,0.03,0.02","2.00,0.00","0,12",0,,
397,Stage3,34.88,27.22,27.22,27.15,,,,,"0,12",0,32,
397,Stage3_PowerOpt,34.88,27.22,27.22,,27.15,,"42.04,20.20,1.04,0.61,0.07,0.01","2.00,0.00","0,12",0,32,
397,Stage4,34.88,27.22,27.22,,27.15,11.59;16.36;17.90;19.01;19.83;20.41;20.85;21.15;21.45;21.77;22.06;22.34;22.60;22.82;23.01;23.15;23.31;23.47;23.64;23.81;23.97;24.10;24.22;24.32;24.43;24.54;24.66;24.77;24.89;24.99;25.08;25.16;25.23;25.32;25.40;25.49;25.58;25.66;25.74;25.80,,,"0,12",0,32,"32,32,32,32,32,32,32,32,32,32,32,32,32,32,32,32,32,32,32,32,32,32,32,32,32,32,32,32,32,32,32,32,32,32,32,32,32,32,32,32"
398,Stage1,24.48,,,,,,,,12,,,
398,Stage2,24.48,16.89,,,,,,,12,12,,
398,PowerOpt,24.48,16.89,16.89,,,,"95.82,45.57,32.55,25.83,23.10,10.89,7.57,6.77,2.65,1.39,1.24,0.67,0.50,0.37,0.27,0.20,0.13,0.10,0.08,0.06,0.04,0.04,0.03,0.02,0.02,0.01,0.01",1.00,12,12,,
398,Stage3,24.48,16.89,16.89,16.94,,,,,12,12,39,
398,Stage3_PowerOpt,24.48,16.89,16.89,,16.94,,"19.78,13.83,8.29,6.74,5.99,3.26,2.25,1.83,0.73,0.36,0.29,0.17,0.12,0.10,0.07,0.05,0.03,0.03,0.02,0.02,0.01",1.00,12,12,39,
398,Stage4,24.48,16.89,16.89,,16.94,10.62;11.89;12.66;13.17;13.51;13.73;13.86;13.92;14.05;14.22;14.40;14.58;14.72;14.82;14.89;14.93;14.99;15.07;15.18;15.28;15.37;15.44;15.49;15.52;15.55;15.61;15.68;15.75;15.82;15.88;15.91;15.93;15.96;16.00;16.05;16.11,,,12,12,39,"39,39,39,39,39,39,39,39,39,39,39,39,39,39,39,39,39,39,39,39,39,39,39,39,39,39,39,39,39,39,39,39,39,39,39,39"
399,Stage1,36.29,,,,,,,,"0,12,4",,,
399,Stage2,36.29,32.57,,,,,,,"0,12,4",0,,
399,PowerOpt,36.29,32.57,32.57,,,,"199.93,45.88,5.07,3.71,0.95,0.31,0.05,0.04,0.01","2.98,0.01,0.00","0,12,4",0,,
399,Stage3,36.29,32.57,32.57,32.43,,,,,"0,12,4",0,32,
399,Stage3_PowerOpt,36.29,32.57,32.57,,32.43,,"49.99,11.47,1.27,0.92,0.24,0.08,0.01","2.98,0.01,0.00","0,12,4",0,32,
399,Stage4,36.29,32.57,32.57,,32.43,12.58;18.76;20.28;21.39;22.24;22.95;23.56;24.05;24.46;24.86;25.18;25.51;25.83;26.09;26.37;26.65;26.88;27.09;27.30;27.50;27.71;27.89;28.05;28.24;28.43;28.55;28.73;28.86;29.02;29.11;29.27;29.43;29.58;29.68;29.79;29.90;30.03;30.12;30.23;30.37;30.47;30.56;30.66;30.76;30.85,,,"0,12,4",0,32,"32,32,32,32,32,32,32,32,32,32,32,32,32,32,32,32,32,32,32,32,32,32,32,32,32,32,32,32,32,32,32,32,32,32,32,32,32,32,32,32,32,32,32,32,32"
400,Stage1,46.67,,,,,,,,"0,4",,,
400,Stage2,46.67,28.57,,,,,,,"0,4",0,,
400,PowerOpt,46.67,28.57,28.57,,,,"128.70,70.66,30.60,14.54,6.60,2.73,1.08,0.45,0.40,0.10,0.06,0.02","1.84,0.16","0,4",0,,
400,Stage3,46.67,28.57,28.57,28.48,,,,,"0,4",0,32,
400,Stage3_PowerOpt,46.67,28.57,28.57,,28.48,,"32.00,17.71,7.80,3.61,1.67,0.68,0.27,0.11,0.10,0.02,0.01","1.84,0.16","0,4",0,32,
400,Stage4,46.67,28.57,28.57,,28.48,10.01;17.01;18.90;20.03;20.89;21.51;21.99;22.38;22.68;22.98;23.26;23.53;23.79;24.01;24.20;24.38;24.55;24.70;24.87;25.02;25.18;25.32;25.44;25.57;25.68;25.79;25.90;26.01;26.12;26.22;26.32;26.41;26.50;26.58;26.66;26.76;26.84;26.92;27.00;27.07,,,"0,4",0,32,"32,32,32,32,32,32,32,32,32,32,32,32,32,32,32,32,32,32,32,32,32,32,32,32,32,32,32,32,32,32,32,32,32,32,32,32,32,32,32,32"
408,Stage1,27.76,,,,,,,,"0,8",,,
408,Stage2,27.76,22.04,,,,,,,"0,8",0,,
408,PowerOpt,27.76,22.04,22.04,,,,"164.34,47.96,25.59,9.76,4.38,1.48,1.06,0.32,0.26,0.19,0.14,0.09,0.08,0.06,0.05,0.04,0.03,0.03,0.02,0.01,0.01","1.99,0.01","0,8",0,,
408,Stage3,27.76,22.04,22.04,20.31,,,,,"0,8",0,"8,0,23,0,23",
408,Stage3_PowerOpt,27.76,22.04,22.04,,20.31,,"40.87,12.21,6.41,2.48,1.18,0.33,0.26,0.08,0.06,0.04,0.02,0.01,0.01","1.99,0.01","0,8",0,"8,0,23,0,23",
408,Stage4,27.76,22.04,22.04,,20.31,9.77;10.91;11.64;12.16;12.57;13.06;13.47;13.81;14.21;14.58;14.93;15.24;15.51;15.72;15.93;16.11;16.34;16.52;16.70;16.88;17.05;17.20;17.33;17.46;17.61;17.74;17.88;18.02;18.15;18.26;18.36;18.46;18.56;18.66;18.76;18.86;18.96;19.05;19.13;19.20;19.28;19.35,,,"0,8",0,"8,0,23,0,23","23,23,23,23,0,0,0,0,0,23,23,23,23,23,0,0,0,23,23,23,0,23,0,0,0,0,23,23,23,23,0,0,0,0,23,23,23,0,0,0,0,0"
409,Stage1,26.69,,,,,,,,"0,8",,,
409,Stage2,26.69,22.13,,,,,,,"0,8",0,,
409,PowerOpt,26.69,22.13,22.13,,,,"167.46,41.24,34.87,9.04,1.58,1.21,0.21,0.12,0.08,0.04,0.03,0.01,0.01","2.00,0.00","0,8",0,,
409,Stage3,26.69,22.13,22.13,20.90,,,,,"0,8",0,"8,0,15,0,15",
409,Stage3_PowerOpt,26.69,22.13,22.13,,20.90,,"41.45,10.42,8.86,2.48,0.40,0.29,0.06,0.02","2.00,0.00","0,8",0,"8,0,15,0,15",
409,Stage4,26.69,22.13,22.13,,20.90,9.22;10.78;11.79;12.51;13.21;13.79;14.23;14.60;14.97;15.25;15.58;15.93;16.22;16.44;16.65;16.85;17.06;17.23;17.41;17.60;17.77;17.92;18.05;18.17;18.30;18.41;18.54;18.68;18.81;18.92;19.01;19.10;19.20;19.28;19.38;19.49;19.59;19.68;19.75;19.82;19.90,,,"0,8",0,"8,0,15,0,15","15,15,15,15,0,0,0,0,0,15,15,15,15,15,0,0,0,0,15,15,15,0,0,0,0,0,15,15,15,0,0,0,0,0,15,15,15,0,0,0,0"
410,Stage1,20.20,,,,,,,,"15,0",,,
410,Stage2,20.20,17.99,,,,,,,"15,0",12,,
410,PowerOpt,20.20,17.99,17.99,,,,"112.39,52.51,24.43,17.54,11.46,9.00,6.23,5.07,3.90,2.46,2.10,1.28,1.00,0.91,0.88,0.61,0.47,0.40,0.37,0.34,0.32,0.26,0.25,0.21,0.18,0.14,0.13,0.13,0.10,0.09,0.08,0.07,0.06,0.06,0.06,0.05,0.05,0.04,0.04,0.04,0.03,0.03,0.02,0.02,0.02,0.01,0.01,0.01,0.01,0.01","1.97,0.03","15,0",12,,
410,Stage3,20.20,17.99,17.99,18.23,,,,,"15,0",12,15,
410,Stage3_PowerOpt,20.20,17.99,17.99,,18.23,,"27.18,12.43,8.83,4.52,3.05,2.59,1.30,1.05,0.48,0.42,0.33,0.31,0.28,0.21,0.18,0.16,0.14,0.08,0.08,0.06,0.06,0.05,0.04,0.03,0.02,0.02,0.02,0.01","1.92,0.08","15,0",12,15,
410,Stage4,20.20,17.99,17.99,,18.23,10.48;11.85;12.71;13.32;13.75;14.04;14.23;14.34;14.45;14.61;14.80;14.99;15.16;15.30;15.39;15.45;15.50;15.60;15.71;15.82;15.93;16.03;16.10;16.16;16.22;16.30;16.38;16.46;16.55;16.63;16.69;16.75;16.81;16.88;16.94;17.00;17.06;17.13;17.19;17.25;17.30;17.34,,,"15,0",12,15,"15,15,15,15,15,15,15,15,15,15,15,15,15,15,15,15,15,15,15,15,15,15,15,15,15,15,15,15,15,15,15,15,15,15,15,15,15,15,15,15,15,15"
411,Stage1,23.83,,,,,,,,15,,,
411,Stage2,23.83,16.92,,,,,,,15,12,,
411,PowerOpt,23.83,16.92,16.92,,,,"103.19,45.79,43.16,12.14,10.10,9.07,7.30,5.60,4.74,2.97,2.85,1.96,1.50,1.11,1.02,0.52,0.46,0.40,0.39,0.26,0.17,0.16,0.12,0.10,0.09,0.08,0.07,0.07,0.06,0.06,0.05,0.05,0.05,0.04,0.03,0.03,0.03,0.02,0.02,0.02,0.01,0.01,0.01,0.01,0.01",1.00,15,12,,
411,Stage3,23.83,16.92,16.92,17.11,,,,,15,12,15,
411,Stage3_PowerOpt,23.83,16.92,16.92,,17.11,,"15.77,14.62,13.57,6.23,3.56,2.45,1.72,1.60,1.39,0.74,0.58,0.46,0.33,0.16,0.13,0.11,0.09,0.08,0.07,0.07,0.06,0.04,0.03,0.03,0.01,0.01,0.01",1.00,15,12,15,
411,Stage4,23.83,16.92,16.92,,17.11,9.96;11.20;11.99;12.57;13.00;13.34;13.59;13.78;13.90;14.06;14.23;14.41;14.57;14.72;14.84;14.93;15.00;15.09;15.19;15.29;15.40;15.49;15.57;15.63;15.68;15.74;15.81;15.89;15.96;16.03;16.08;16.12;16.16;16.21;16.26,,,15,12,15,"15,15,15,15,15,15,15,15,15,15,15,15,15,15,15,15,15,15,15,15,15,15,15,15,15,15,15,15,15,15,15,15,15,15,15"
412,Stage1,21.90,,,,,,,,15,,,
412,Stage2,21.90,16.91,,,,,,,15,15,,
412,PowerOpt,21.90,16.91,16.91,,,,"70.13,46.61,34.18,30.31,21.79,18.08,9.87,4.88,4.22,3.00,2.65,2.10,1.83,1.01,0.73,0.56,0.49,0.45,0.29,0.28,0.26,0.25,0.22,0.19,0.19,0.15,0.14,0.14,0.12,0.10,0.08,0.07,0.06,0.05,0.05,0.05,0.04,0.04,0.03,0.03,0.03,0.02,0.02,0.02,0.02,0.02,0.02,0.01,0.01,0.01,0.01,0.01",1.00,15,15,,
412,Stage3,21.90,16.91,16.91,16.91,,,,,15,15,15,
412,Stage3_PowerOpt,21.90,16.91,16.91,,16.91,,"20.32,18.77,10.69,4.45,2.46,1.76,1.41,1.11,0.84,0.51,0.35,0.25,0.21,0.16,0.12,0.11,0.10,0.07,0.06,0.04,0.03,0.03,0.02,0.02,0.02,0.01,0.01",1.00,15,15,15,
412,Stage4,21.90,16.91,16.91,,16.91,10.24;11.40;12.12;12.64;13.03;13.32;13.55;13.71;13.85;14.01;14.18;14.34;14.49;14.62;14.72;14.80;14.88;14.97;15.07;15.16;15.26;15.34;15.41;15.46;15.52;15.58;15.64;15.71;15.78;15.84;15.89;15.93;15.97;16.01;16.06;16.12,,,15,15,15,"15,15,15,15,15,15,15,15,15,15,15,15,15,15,15,15,15,15,15,15,15,15,15,15,15,15,15,15,15,15,15,15,15,15,15,15"
413,Stage1,22.27,,,,,,,,15,,,
413,Stage2,22.27,16.94,,,,,,,15,15,,
413,PowerOpt,22.27,16.94,16.94,,,,"115.56,35.11,25.37,20.92,15.97,9.61,7.92,7.23,5.62,3.00,2.05,1.40,1.31,0.93,0.56,0.43,0.37,0.25,0.24,0.19,0.17,0.15,0.15,0.13,0.12,0.11,0.10,0.09,0.08,0.08,0.07,0.06,0.05,0.05,0.04,0.04,0.03,0.03,0.03,0.03,0.02,0.02,0.02,0.02,0.02,0.02,0.02,0.01,0.01,0.01,0.01,0.01,0.01",1.00,15,15,,
413,Stage3,22.27,16.94,16.94,17.04,,,,,15,15,7,
413,Stage3_PowerOpt,22.27,16.94,16.94,,17.04,,"30.59,9.92,6.86,4.68,2.26,1.63,1.38,1.01,0.74,0.61,0.54,0.41,0.33,0.32,0.29,0.26,0.24,0.21,0.17,0.15,0.14,0.13,0.12,0.10,0.09,0.08,0.07,0.07,0.06,0.05,0.05,0.05,0.04,0.04,0.04,0.03,0.03,0.03,0.03,0.02,0.02,0.02,0.01,0.01,0.01",1.00,15,15,7,
413,Stage4,22.27,16.94,16.94,,17.04,10.22;11.48;12.27;12.83;13.24;13.53;13.73;13.87;14.00;14.16;14.33;14.50;14.65;14.78;14.88;14.95;15.01;15.10;15.20;15.30;15.40;15.48;15.55;15.59;15.64;15.70;15.77;15.84;15.91;15.97;16.01;16.05;16.08;16.13;16.18;16.23,,,15,15,7,"7,7,7,7,7,7,7,7,7,7,7,7,7,7,7,7,7,7,7,7,7,7,7,7,7,7,7,7,7,7,7,7,7,7,7,7"
414,Stage1,22.72,,,,,,,,"15,7,7",,,
414,Stage2,22.72,20.24,,,,,,,"15,7,7",15,,
414,PowerOpt,22.72,20.24,20.24,,,,"195.75,19.36,17.57,8.36,6.42,3.01,1.61,0.72,0.29,0.24,0.23,0.20,0.19,0.18,0.15,0.14,0.12,0.11,0.09,0.08,0.08,0.07,0.07,0.07,0.06,0.05,0.05,0.05,0.04,0.04,0.04,0.04,0.03,0.03,0.03,0.03,0.03,0.03,0.02,0.02,0.02,0.02,0.02,0.02,0.01,0.01,0.01,0.01,0.01","2.92,0.07,0.01","15,7,7",15,,
414,Stage3,22.72,20.24,20.24,20.55,,,,,"15,7,7",15,7,
414,Stage3_PowerOpt,22.72,20.24,20.24,,20.55,,"35.42,4.36,3.22,2.11,1.84,1.76,1.33,1.29,1.19,1.03,0.93,0.85,0.81,0.72,0.64,0.58,0.55,0.50,0.46,0.40,0.38,0.35,0.31,0.27,0.25,0.22,0.21,0.19,0.19,0.16,0.15,0.14,0.12,0.11,0.10,0.10,0.09,0.08,0.07,0.07,0.06,0.06,0.05,0.04,0.03,0.03,0.02,0.02,0.02,0.02,0.01,0.01,0.01,0.01","2.43,0.51,0.06","15,7,7",15,7,
414,Stage4,22.72,20.24,20.24,,20.55,10.20;11.49;12.31;12.89;13.31;13.62;13.91;14.18;14.47;14.69;14.89;15.10;15.32;15.55;15.79;16.03;16.22;16.36;16.48;16.61;16.76;16.93;17.12;17.32;17.46;17.56;17.64;17.73;17.84;17.98;18.14;18.31;18.40;18.48;18.54;18.60;18.69;18.80;18.94;19.09;19.15;19.20;19.24;19.29;19.36;19.46;19.57,,,"15,7,7",15,7,"7,7,7,7,7,7,7,7,7,7,7,7,7,7,7,7,7,7,7,7,7,7,7,7,7,7,7,7,7,7,7,7,7,7,7,7,7,7,7,7,7,7,7,7,7,7,7"
415,Stage1,20.19,,,,,,,,15,,,
415,Stage2,20.19,16.92,,,,,,,15,15,,
415,PowerOpt,20.19,16.92,16.92,,,,"91.17,54.56,37.56,16.77,10.36,9.70,7.41,6.39,5.75,4.16,3.10,2.52,2.18,1.03,0.72,0.49,0.31,0.24,0.23,0.17,0.13,0.12,0.09,0.08,0.07,0.05,0.05,0.04,0.04,0.03,0.03,0.03,0.03,0.03,0.02,0.02,0.02,0.02,0.02,0.02,0.02,0.02,0.02,0.01,0.01,0.01,0.01,0.01",1.00,15,15,,
415,Stage3,20.19,16.92,16.92,16.87,,,,,15,15,7,
415,Stage3_PowerOpt,20.19,16.92,16.92,,16.87,,"33.88,11.74,5.13,4.16,2.13,1.30,1.08,0.64,0.50,0.44,0.38,0.31,0.23,0.21,0.19,0.16,0.13,0.12,0.11,0.10,0.10,0.09,0.08,0.08,0.07,0.06,0.06,0.06,0.05,0.05,0.04,0.04,0.03,0.03,0.03,0.03,0.02,0.02,0.02,0.02,0.02,0.01,0.01",1.00,15,15,7,
415,Stage4,20.19,16.92,16.92,,16.87,10.20;11.34;12.05;12.55;12.93;13.22;13.45;13.63;13.77;13.94;14.10;14.26;14.41;14.53;14.64;14.72;14.80;14.89;14.99;15.09;15.18;15.26;15.33;15.39;15.44;15.50;15.57;15.64;15.70;15.76;15.82;15.86;15.90;15.94;15.99;16.05,,,15,15,7,"7,7,7,7,7,7,7,7,7,7,7,7,7,7,7,7,7,7,7,7,7,7,7,7,7,7,7,7,7,7,7,7,7,7,7,7"
416,Stage1,19.09,,,,,,,,15,,,
416,Stage2,19.09,16.92,,,,,,,15,15,,
416,PowerOpt,19.09,16.92,16.92,,,,"117.00,55.14,41.22,14.29,8.90,7.91,2.97,1.77,1.54,0.89,0.63,0.61,0.27,0.24,0.24,0.19,0.17,0.16,0.14,0.13,0.13,0.12,0.11,0.10,0.10,0.09,0.08,0.08,0.07,0.06,0.06,0.05,0.04,0.04,0.03,0.03,0.03,0.03,0.03,0.03,0.02,0.02,0.02,0.02,0.02,0.02,0.02,0.01,0.01,0.01,0.01",1.00,15,15,,
416,Stage3,19.09,16.92,16.92,17.00,,,,,15,15,63,
416,Stage3_PowerOpt,19.09,16.92,16.92,,17.00,,"23.86,15.01,8.68,3.88,2.22,1.83,1.66,0.78,0.67,0.59,0.53,0.50,0.43,0.40,0.34,0.32,0.31,0.26,0.22,0.18,0.17,0.13,0.12,0.10,0.09,0.08,0.08,0.06,0.06,0.06,0.05,0.04,0.04,0.04,0.03,0.03,0.03,0.02,0.02,0.02,0.01",1.00,15,15,63,
416,Stage4,19.09,16.92,16.92,,17.00,10.56;11.67;12.33;12.81;13.16;13.43;13.64;13.80;13.96;14.13;14.29;14.45;14.58;14.70;14.80;14.89;14.97;15.06;15.16;15.25;15.33;15.41;15.48;15.54;15.59;15.65;15.72;15.79;15.85;15.90;15.96;16.00;16.04;16.08;16.13;16.18,,,15,15,63,"63,63,63,63,63,63,63,63,63,63,63,63,63,63,63,63,63,63,63,63,63,63,63,63,63,63,63,63,63,63,63,63,63,63,63,63"
417,Stage1,22.31,,,,,,,,"15,4,0",,,
417,Stage2,22.31,19.80,,,,,,,"15,4,0",12,,
417,PowerOpt,22.31,19.80,19.80,,,,"168.69,62.00,15.97,4.12,3.71,0.47,0.28,0.22,0.12,0.09,0.08,0.04,0.03,0.02,0.02,0.01","3.00,0.00,0.00","15,4,0",12,,
417,Stage3,22.31,19.80,19.80,19.05,,,,,"15,4,0",12,"63,63,63,8,63",
417,Stage3_PowerOpt,22.31,19.80,19.80,,19.05,,"41.54,15.95,4.11,1.13,1.03,0.09,0.05,0.03,0.02,0.01","3.00,0.00,0.00","15,4,0",12,"63,63,63,8,63",
417,Stage4,22.31,19.80,19.80,,19.05,10.38;11.62;12.39;12.92;13.31;13.60;13.80;13.94;14.07;14.25;14.44;14.64;14.81;14.97;15.11;15.23;15.36;15.50;15.63;15.76;15.90;16.03;16.16;16.28;16.39;16.49;16.59;16.69;16.80;16.92;17.03;17.13;17.22;17.30;17.37;17.44;17.53;17.62;17.71;17.81;17.87;17.93;17.99;18.04;18.11,,,"15,4,0",12,"63,63,63,8,63","63,63,63,63,63,63,63,63,63,63,63,63,63,63,63,63,63,63,63,63,63,63,63,63,8,63,8,63,63,63,63,63,63,8,63,63,63,63,63,63,8,8,8,8,63"
418,Stage1,22.72,,,,,,,,"15,4,0,11",,,
418,Stage2,22.72,21.43,,,,,,,"15,4,0,11",12,,
418,PowerOpt,22.72,21.43,21.42,,,,"186.11,37.78,22.21,6.59,1.73,0.77,0.47,0.10,0.04,0.02,0.02,0.01,0.01,0.01","4.00,0.00,0.00,0.00","15,4,0,11",12,,
418,Stage3,22.72,21.43,21.42,20.57,,,,,"15,4,0,11",12,55,
418,Stage3_PowerOpt,22.72,21.43,21.42,,20.57,,"46.11,9.78,5.61,1.64,0.40,0.18,0.12,0.03,0.03,0.02,0.02,0.01,0.01","3.99,0.01,0.00,0.00","15,4,0,11",12,55,
418,Stage4,22.72,21.43,21.42,,20.57,11.47;12.73;13.47;13.96;14.28;14.47;14.75;15.18;15.35;15.59;15.84;16.06;16.23;16.37;16.57;16.83;16.92;17.03;17.18;17.34;17.47;17.56;17.67;17.84;17.91;17.97;18.07;18.19;18.30;18.38;18.46;18.56;18.64;18.68;18.74;18.83;18.93;19.01;19.08;19.15;19.24;19.28;19.32;19.39;19.47;19.55,,,"15,4,0,11",12,55,"55,55,55,55,55,55,55,55,55,55,55,55,55,55,55,55,55,55,55,55,55,55,55,55,55,55,55,55,55,55,55,55,55,55,55,55,55,55,55,55,55,55,55,55,55,55"
426,Stage1,50.46,,,,,,,,4,,,
426,Stage2,50.46,16.34,,,,,,,4,4,,
426,PowerOpt,50.46,16.34,16.34,,,,"177.90,30.78,22.04,15.12,6.63,1.93,0.66,0.57,0.12,0.06,0.03,0.02,0.02,0.02,0.02,0.01,0.01",1.00,4,4,,
426,Stage3,50.46,16.34,16.34,16.38,,,,,4,4,33,
426,Stage3_PowerOpt,50.46,16.34,16.34,,16.38,,"45.50,7.55,5.24,3.33,1.59,0.44,0.16,0.13,0.03,0.01",1.00,4,4,33,
426,Stage4,50.46,16.34,16.34,,16.38,8.11;10.96;11.72;12.22;12.61;12.91;13.16;13.37;13.54;13.69;13.82;13.95;14.06;14.17;14.27;14.37;14.46;14.54;14.62;14.69;14.76;14.83;14.89;14.96;15.02;15.08;15.13;15.18;15.23;15.28;15.33;15.38;15.42;15.47;15.51;15.55;15.59,,,4,4,33,"33,33,33,33,33,33,33,33,33,33,33,33,33,33,33,33,33,33,33,33,33,33,33,33,33,33,33,33,33,33,33,33,33,33,33,33,33"
427,Stage1,39.46,,,,,,,,4,,,
427,Stage2,39.46,16.47,,,,,,,4,4,,
427,PowerOpt,39.46,16.47,16.47,,,,"188.35,53.27,10.65,1.45,0.89,0.70,0.33,0.16,0.07,0.03,0.02,0.01",1.00,4,4,,
427,Stage3,39.46,16.47,16.47,16.56,,,,,4,4,33,
427,Stage3_PowerOpt,39.46,16.47,16.47,,16.56,,"47.15,13.45,2.74,0.33,0.17,0.07,0.03,0.03,0.02",1.00,4,4,33,
427,Stage4,39.46,16.47,16.47,,16.56,8.01;10.87;11.64;12.19;12.63;12.99;13.30;13.57;13.75;13.88;14.00;14.11;14.22;14.33;14.44;14.56;14.66;14.74;14.81;14.87;14.93;15.00;15.07;15.15;15.21;15.27;15.32;15.36;15.41;15.46;15.51;15.56;15.61;15.66;15.69;15.73;15.76,,,4,4,33,"33,33,33,33,33,33,33,33,33,33,33,33,33,33,33,33,33,33,33,33,33,33,33,33,33,33,33,33,33,33,33,33,33,33,33,33,33"
428,Stage1,28.30,,,,,,,,4,,,
428,Stage2,28.30,16.31,,,,,,,4,4,,
428,PowerOpt,28.30,16.31,16.31,,,,"219.12,33.98,1.63,0.62,0.42,0.08,0.05,0.03,0.02",1.00,4,4,,
428,Stage3,28.30,16.31,16.31,16.42,,,,,4,4,33,
428,Stage3_PowerOpt,28.30,16.31,16.31,,16.42,,"54.91,8.46,0.41,0.15,0.04,0.01",1.00,4,4,33,
428,Stage4,28.30,16.31,16.31,,16.42,7.84;10.88;11.59;12.11;12.52;12.86;13.15;13.40;13.60;13.74;13.86;13.97;14.07;14.18;14.29;14.40;14.51;14.59;14.66;14.72;14.78;14.85;14.91;14.99;15.06;15.12;15.17;15.21;15.26;15.30;15.35;15.40;15.46;15.51;15.55;15.58;15.61,,,4,4,33,"33,33,33,33,33,33,33,33,33,33,33,33,33,33,33,33,33,33,33,33,33,33,33,33,33,33,33,33,33,33,33,33,33,33,33,33,33"
429,Stage1,22.75,,,,,,,,12,,,
429,Stage2,22.75,16.92,,,,,,,12,12,,
429,PowerOpt,22.75,16.92,16.92,,,,"96.81,74.62,41.19,17.84,13.43,5.66,2.10,1.59,0.81,0.65,0.32,0.29,0.17,0.12,0.09,0.08,0.03,0.03,0.02,0.02,0.02,0.01,0.01,0.01",1.00,12,12,,
429,Stage3,22.75,16.92,16.92,17.03,,,,,12,12,39,
429,Stage3_PowerOpt,22.75,16.92,16.92,,17.03,,"22.90,19.69,10.29,4.75,3.55,1.40,0.45,0.40,0.20,0.16,0.08,0.04,0.02,0.02",1.00,12,12,39,
429,Stage4,22.75,16.92,16.92,,17.03,10.67;11.87;12.61;13.12;13.47;13.71;13.88;14.00;14.13;14.29;14.46;14.62;14.76;14.87;14.95;15.01;15.08;15.16;15.25;15.35;15.44;15.51;15.57;15.61;15.65;15.71;15.77;15.84;15.90;15.96;16.00;16.03;16.06;16.10;16.15;16.20,,,12,12,39,"39,39,39,39,39,39,39,39,39,39,39,39,39,39,39,39,39,39,39,39,39,39,39,39,39,39,39,39,39,39,39,39,39,39,39,39"
430,Stage1,32.17,,,,,,,,"0,15",,,
430,Stage2,32.17,24.84,,,,,,,"0,15",0,,
430,PowerOpt,32.17,24.84,24.84,,,,"185.21,65.78,4.19,0.33,0.22,0.15,0.03,0.03","2.00,0.00","0,15",0,,
430,Stage3,32.17,24.84,24.84,24.79,,,,,"0,15",0,"32,32,32,32,39",
430,Stage3_PowerOpt,32.17,24.84,24.84,,24.79,,"45.93,16.78,1.08,0.09,0.05,0.04","2.00,0.00","0,15",0,"32,32,32,32,39",
430,Stage4,32.17,24.84,24.84,,24.79,11.21;13.88;15.46;16.56;17.35;17.93;18.37;18.74;19.06;19.38;19.69;19.96;20.19;20.40;20.59;20.77;20.94;21.11;21.29;21.45;21.60;21.73;21.85;21.97;22.08;22.20;22.32;22.43;22.53;22.63;22.73;22.81;22.90;22.99;23.07;23.16;23.25;23.32;23.40;23.47;23.53;23.60,,,"0,15",0,"32,32,32,32,39","39,32,32,32,32,32,32,32,32,39,39,39,32,32,32,32,32,32,32,39,32,32,32,32,32,32,39,32,39,32,32,32,32,32,32,39,32,32,32,32,32,32"
431,Stage1,49.63,,,,,,,,"4,9",,,
431,Stage2,49.63,27.01,,,,,,,"4,9",0,,
431,PowerOpt,49.63,27.01,27.01,,,,"155.30,55.72,14.76,9.04,6.88,4.45,3.71,2.18,1.30,0.82,0.63,0.39,0.30,0.18,0.10,0.05,0.04,0.03,0.02,0.01,0.01","1.80,0.20","4,9",0,,
431,Stage3,49.63,27.01,27.01,26.95,,,,,"4,9",0,32,
431,Stage3_PowerOpt,49.63,27.01,27.01,,26.95,,"38.89,13.96,3.65,2.25,1.73,1.12,0.91,0.54,0.32,0.20,0.16,0.09,0.07,0.04,0.03,0.01","1.80,0.20","4,9",0,32,
431,Stage4,49.63,27.01,27.01,,26.95,8.18;14.03;16.45;17.85;18.85;19.60;20.21;20.78;21.15;21.41;21.67;21.91;22.12;22.32;22.53;22.76;22.96;23.12;23.26;23.40;23.54;23.66;23.78;23.93;24.07;24.18;24.29;24.39;24.49;24.58;24.67;24.78;24.89;24.98;25.06;25.14;25.22;25.29;25.37;25.45;25.55;25.63,,,"4,9",0,32,"32,32,32,32,32,32,32,32,32,32,32,32,32,32,32,32,32,32,32,32,32,32,32,32,32,32,32,32,32,32,32,32,32,32,32,32,32,32,32,32,32,32"
432,Stage1,51.38,,,,,,,,"0,9",,,
432,Stage2,51.38,27.46,,,,,,,"0,9",0,,
432,PowerOpt,51.38,27.46,27.46,,,,"141.14,57.28,28.75,11.42,5.60,4.60,2.89,1.35,0.90,0.72,0.46,0.23,0.18,0.15,0.12,0.06,0.03,0.03,0.02","1.87,0.13","0,9",0,,
432,Stage3,51.38,27.46,27.46,27.41,,,,,"0,9",0,32,
432,Stage3_PowerOpt,51.38,27.46,27.46,,27.41,,"35.22,14.38,7.24,2.86,1.38,1.14,0.72,0.33,0.23,0.17,0.11,0.06,0.04,0.04,0.03,0.02","1.87,0.13","0,9",0,32,
432,Stage4,51.38,27.46,27.46,,27.41,9.42;14.69;17.27;18.65;19.58;20.24;20.78;21.35;21.71;21.97;22.23;22.48;22.70;22.91;23.10;23.31;23.51;23.66;23.81;23.95;24.08;24.21;24.34;24.46;24.60;24.71;24.82;24.91;25.01;25.11;25.20;25.29;25.39;25.49;25.56;25.64;25.73;25.80;25.87;25.94;26.03;26.10,,,"0,9",0,32,"32,32,32,32,32,32,32,32,32,32,32,32,32,32,32,32,32,32,32,32,32,32,32,32,32,32,32,32,32,32,32,32,32,32,32,32,32,32,32,32,32,32"
433,Stage1,49.70,,,,,,,,"4,9",,,
433,Stage2,49.70,26.90,,,,,,,"4,9",0,,
433,PowerOpt,49.70,26.90,26.90,,,,"144.88,69.98,14.04,8.15,7.09,3.75,2.45,1.76,1.17,0.93,0.66,0.38,0.30,0.20,0.11,0.05,0.03,0.01","1.84,0.16","4,9",0,,
433,Stage3,49.70,26.90,26.90,26.84,,,,,"4,9",0,32,
433,Stage3_PowerOpt,49.70,26.90,26.90,,26.84,,"36.25,17.53,3.50,2.03,1.76,0.94,0.61,0.44,0.29,0.22,0.16,0.09,0.07,0.05,0.03,0.01","1.84,0.16","4,9",0,32,
433,Stage4,49.70,26.90,26.90,,26.84,8.19;13.78;16.18;17.60;18.56;19.30;20.00;20.66;21.02;21.27;21.50;21.74;21.96;22.15;22.36;22.63;22.83;22.98;23.11;23.25;23.38;23.51;23.63;23.79;23.94;24.04;24.14;24.24;24.34;24.44;24.53;24.64;24.76;24.84;24.92;25.00;25.08;25.15;25.23;25.31;25.42;25.49;25.55,,,"4,9",0,32,"32,32,32,32,32,32,32,32,32,32,32,32,32,32,32,32,32,32,32,32,32,32,32,32,32,32,32,32,32,32,32,32,32,32,32,32,32,32,32,32,32,32,32"
434,Stage1,50.17,,,,,,,,"4,9",,,
434,Stage2,50.17,27.42,,,,,,,"4,9",0,,
434,PowerOpt,50.17,27.42,27.42,,,,"153.76,50.98,20.98,10.63,7.07,3.74,3.45,2.41,1.09,0.83,0.49,0.26,0.17,0.04,0.03,0.02","1.78,0.22","4,9",0,,
434,Stage3,50.17,27.42,27.42,27.37,,,,,"4,9",0,32,
434,Stage3_PowerOpt,50.17,27.42,27.42,,27.37,,"38.56,12.68,5.22,2.64,1.77,0.94,0.86,0.60,0.27,0.21,0.12,0.06,0.04","1.78,0.22","4,9",0,32,
434,Stage4,50.17,27.42,27.42,,27.37,8.16;14.59;17.03;18.29;19.21;20.00;20.67;21.20;21.56;21.82;22.07;22.32;22.53;22.74;22.97;23.18;23.39;23.55;23.69;23.84;23.97;24.09;24.23;24.36;24.52;24.63;24.72;24.83;24.93;25.01;25.11;25.21;25.34;25.42;25.50;25.58;25.66;25.73;25.81;25.89;25.98;26.07,,,"4,9",0,32,"32,32,32,32,32,32,32,32,32,32,32,32,32,32,32,32,32,32,32,32,32,32,32,32,32,32,32,32,32,32,32,32,32,32,32,32,32,32,32,32,32,32"
435,Stage1,50.70,,,,,,,,"0,5,13",,,
435,Stage2,50.70,39.25,,,,,,,"0,5,13",0,,
435,PowerOpt,50.70,39.25,39.25,,,,"105.65,94.49,31.51,10.36,8.06,1.92,1.59,1.03,0.71,0.25,0.15,0.10,0.06,0.04,0.02,0.01","2.05,0.87,0.09","0,5,13",0,,
435,Stage3,50.70,39.25,39.25,39.21,,,,,"0,5,13",0,32,
435,Stage3_PowerOpt,50.70,39.25,39.25,,39.21,,"26.56,23.50,7.90,2.57,2.01,0.47,0.40,0.26,0.18,0.06,0.04,0.03,0.02,0.01","2.05,0.86,0.09","0,5,13",0,32,
435,Stage4,50.70,39.25,39.25,,39.21,10.27;16.89;21.52;24.38;26.27;27.63;28.74;29.71;30.29;30.67;31.04;31.40;31.74;32.06;32.37;32.72;33.06;33.29;33.50;33.72;33.92;34.12;34.32;34.52;34.77;34.94;35.10;35.25;35.40;35.55;35.69;35.84;36.03;36.17;36.29;36.41;36.54;36.65;36.77;36.90;37.05;37.16;37.27,,,"0,5,13",0,32,"32,32,32,32,32,32,32,32,32,32,32,32,32,32,32,32,32,32,32,32,32,32,32,32,32,32,32,32,32,32,32,32,32,32,32,32,32,32,32,32,32,32,32"
436,Stage1,25.79,,,,,,,,0,,,
436,Stage2,25.79,16.57,,,,,,,0,12,,
436,PowerOpt,25.79,16.57,16.57,,,,"117.42,64.95,27.81,16.70,11.65,5.18,3.77,2.94,2.11,1.23,0.73,0.51,0.27,0.18,0.14,0.14,0.07,0.04,0.03,0.03,0.02,0.01,0.01",1.00,0,12,,
436,Stage3,25.79,16.57,16.57,16.63,,,,,0,12,39,
436,Stage3_PowerOpt,25.79,16.57,16.57,,16.63,,"28.73,15.09,6.71,5.06,3.57,1.39,1.11,0.80,0.57,0.34,0.22,0.14,0.07,0.05,0.04,0.04,0.02,0.01",1.00,0,12,39,
436,Stage4,25.79,16.57,16.57,,16.63,10.45;11.57;12.24;12.71;13.06;13.31;13.50;13.64;13.78;13.94;14.09;14.24;14.37;14.48;14.57;14.64;14.71;14.79;14.88;14.97;15.05;15.12;15.18;15.23;15.27;15.33;15.39;15.45;15.51;15.56;15.61;15.64;15.68;15.72;15.76;15.81,,,0,12,39,"39,39,39,39,39,39,39,39,39,39,39,39,39,39,39,39,39,39,39,39,39,39,39,39,39,39,39,39,39,39,39,39,39,39,39,39"
437,Stage1,39.47,,,,,,,,0,,,
437,Stage2,39.47,16.52,,,,,,,0,0,,
437,PowerOpt,39.47,16.52,16.52,,,,"216.08,36.90,1.66,1.21,0.07,0.02",1.00,0,0,,
437,Stage3,39.47,16.52,16.52,16.51,,,,,0,0,32,
437,Stage3_PowerOpt,39.47,16.52,16.52,,16.51,,"54.03,9.23,0.41,0.30,0.02",1.00,0,0,32,
437,Stage4,39.47,16.52,16.52,,16.51,9.70;11.36;12.11;12.57;12.92;13.18;13.36;13.50;13.65;13.82;13.97;14.11;14.24;14.35;14.44;14.50;14.58;14.67;14.76;14.84;14.92;14.99;15.04;15.09;15.14;15.20;15.26;15.32;15.38;15.43;15.47;15.51;15.54;15.59;15.63;15.68;15.72,,,0,0,32,"32,32,32,32,32,32,32,32,32,32,32,32,32,32,32,32,32,32,32,32,32,32,32,32,32,32,32,32,32,32,32,32,32,32,32,32,32"
438,Stage1,22.26,,,,,,,,"12,4,0",,,
438,Stage2,22.26,19.99,,,,,,,"12,4,0",12,,
438,PowerOpt,22.26,19.99,19.99,,,,"88.20,62.21,23.30,20.54,18.08,15.60,9.85,4.85,3.59,2.85,1.81,1.36,1.06,0.86,0.61,0.23,0.20,0.17,0.15,0.09,0.06,0.06,0.05,0.04,0.04,0.03,0.02,0.02,0.01","2.02,0.70,0.28","12,4,0",12,,
438,Stage3,22.26,19.99,19.99,20.06,,,,,"12,4,0",12,39,
438,Stage3_PowerOpt,22.26,19.99,19.99,,20.06,,"18.47,17.60,5.98,5.67,4.89,4.49,2.30,1.20,0.90,0.80,0.47,0.32,0.25,0.21,0.15,0.06,0.05,0.05,0.04,0.02,0.02,0.01,0.01","1.94,0.76,0.30","12,4,0",12,39,
438,Stage4,22.26,19.99,19.99,,20.06,11.29;12.66;13.50;14.07;14.44;14.68;14.85;14.95;15.18;15.40;15.60;15.80;15.99;16.16;16.28;16.37;16.55;16.69;16.81;16.93;17.05;17.17;17.27;17.34;17.48;17.59;17.68;17.76;17.85;17.94;18.02;18.08;18.20;18.29;18.36;18.42;18.49;18.56;18.63;18.68;18.78;18.86;18.91;18.97;19.03;19.09,,,"12,4,0",12,39,"39,39,39,39,39,39,39,39,39,39,39,39,39,39,39,39,39,39,39,39,39,39,39,39,39,39,39,39,39,39,39,39,39,39,39,39,39,39,39,39,39,39,39,39,39,39"
439,Stage1,23.05,,,,,,,,12,,,
439,Stage2,23.05,16.86,,,,,,,12,12,,
439,PowerOpt,23.05,16.86,16.86,,,,"116.52,47.27,24.25,20.16,14.94,10.50,7.40,5.46,3.06,2.43,1.23,0.88,0.41,0.28,0.26,0.23,0.16,0.11,0.10,0.08,0.07,0.04,0.03,0.03,0.02,0.02,0.02,0.01",1.00,12,12,,
439,Stage3,23.05,16.86,16.86,16.91,,,,,12,12,39,
439,Stage3_PowerOpt,23.05,16.86,16.86,,16.91,,"23.91,14.61,6.95,5.25,4.09,2.91,2.22,1.43,0.91,0.70,0.31,0.23,0.10,0.07,0.07,0.06,0.04,0.03,0.02,0.02,0.02,0.01",1.00,12,12,39,
439,Stage4,23.05,16.86,16.86,,16.91,10.37;11.70;12.52;13.07;13.45;13.69;13.83;13.90;14.01;14.17;14.35;14.53;14.68;14.79;14.87;14.91;14.96;15.04;15.14;15.24;15.34;15.41;15.46;15.49;15.52;15.58;15.64;15.72;15.79;15.84;15.89;15.91;15.93;15.97;16.02;16.07,,,12,12,39,"39,39,39,39,39,39,39,39,39,39,39,39,39,39,39,39,39,39,39,39,39,39,39,39,39,39,39,39,39,39,39,39,39,39,39,39"
440,Stage1,24.09,,,,,,,,"12,0,4",,,
440,Stage2,24.09,20.48,,,,,,,"12,0,4",0,,
440,PowerOpt,24.09,20.48,20.48,,,,"199.47,41.49,3.38,3.16,2.07,1.79,1.33,0.78,0.60,0.35,0.29,0.25,0.24,0.16,0.12,0.11,0.08,0.06,0.05,0.04,0.03,0.03,0.02,0.01","2.89,0.09,0.03","12,0,4",0,,
440,Stage3,24.09,20.48,20.48,20.48,,,,,"12,0,4",0,32,
440,Stage3_PowerOpt,24.09,20.48,20.48,,20.48,,"49.94,10.39,0.84,0.78,0.51,0.44,0.32,0.19,0.15,0.09,0.06,0.06,0.06,0.04,0.03,0.02,0.02,0.01,0.01","2.89,0.09,0.03","12,0,4",0,32,
440,Stage4,24.09,20.48,20.48,,20.48,11.24;12.54;13.35;13.90;14.33;14.67;14.92;15.10;15.39;15.62;15.83;16.04;16.25;16.42;16.57;16.69;16.89;17.03;17.16;17.29;17.41;17.53;17.64;17.72;17.88;17.98;18.07;18.17;18.26;18.35;18.43;18.49;18.62;18.71;18.78;18.85;18.92;18.99;19.06;19.11;19.22;19.30;19.35;19.41;19.47,,,"12,0,4",0,32,"32,32,32,32,32,32,32,32,32,32,32,32,32,32,32,32,32,32,32,32,32,32,32,32,32,32,32,32,32,32,32,32,32,32,32,32,32,32,32,32,32,32,32,32,32"
441,Stage1,33.54,,,,,,,,"0,12,4",,,
441,Stage2,33.54,29.54,,,,,,,"0,12,4",0,,
441,PowerOpt,33.54,29.54,29.54,,,,"193.44,39.82,14.13,3.77,1.76,1.67,0.56,0.38,0.19,0.09,0.04,0.04,0.03,0.02,0.01","2.97,0.03,0.00","0,12,4",0,,
441,Stage3,33.54,29.54,29.54,25.15,,,,,"0,12,4",0,"24,49,24,49,0",
441,Stage3_PowerOpt,33.54,29.54,29.54,,25.15,,"48.15,10.45,3.43,1.07,0.46,0.21,0.10,0.07,0.02,0.01","2.98,0.02,0.00","0,12,4",0,"24,49,24,49,0",
441,Stage4,33.54,29.54,29.54,,25.15,9.18;12.29;14.19;15.23;16.27;16.95;17.56;17.98;18.37;18.69;19.03;19.38;19.69;19.94;20.16;20.35;20.58;20.75;20.95;21.16;21.36;21.52;21.65;21.77;21.92;22.03;22.17;22.32;22.46;22.58;22.68;22.77;22.88;22.98;23.10;23.21;23.32;23.41;23.49;23.58;23.69;23.78;23.89;23.98,,,"0,12,4",0,"24,49,24,49,0","24,49,24,24,49,24,49,49,49,24,24,24,24,24,49,49,49,49,24,24,24,24,49,49,49,49,24,24,24,24,49,49,49,24,24,24,24,24,49,0,49,49,24,24"
442,Stage1,23.19,,,,,,,,"12,4,4",,,
442,Stage2,23.19,20.33,,,,,,,"12,4,4",12,,
442,PowerOpt,23.19,20.33,20.33,,,,"120.90,52.84,24.45,14.61,12.56,7.52,7.43,3.69,2.64,2.13,1.60,0.79,0.76,0.69,0.56,0.52,0.50,0.28,0.23,0.15,0.14,0.14,0.10,0.10,0.09,0.07,0.05,0.05,0.05,0.04,0.04,0.03,0.03,0.02,0.02,0.02,0.02,0.01,0.01,0.01","2.45,0.43,0.12","12,4,4",12,,
442,Stage3,23.19,20.33,20.33,19.94,,,,,"12,4,4",12,23,
442,Stage3_PowerOpt,23.19,20.33,20.33,,19.94,,"44.30,10.52,6.28,1.35,0.65,0.49,0.12,0.09,0.07,0.04,0.03,0.02,0.01,0.01","2.02,0.83,0.14","12,4,4",12,23,
442,Stage4,23.19,20.33,20.33,,19.94,9.65;10.97;11.81;12.41;12.85;13.21;13.65;14.09;14.34;14.57;14.77;14.96;15.16;15.40;15.66;15.95;16.10;16.24;16.35;16.47;16.60;16.76;16.95;17.15;17.26;17.35;17.43;17.52;17.61;17.73;17.88;18.03;18.11;18.17;18.24;18.30;18.38;18.47;18.58;18.70;18.76;18.81;18.85;18.91;18.97,,,"12,4,4",12,23,"23,23,23,23,23,23,23,23,23,23,23,23,23,23,23,23,23,23,23,23,23,23,23,23,23,23,23,23,23,23,23,23,23,23,23,23,23,23,23,23,23,23,23,23,23"
443,Stage1,22.25,,,,,,,,12,,,
443,Stage2,22.25,16.92,,,,,,,12,12,,
443,PowerOpt,22.25,16.92,16.92,,,,"83.03,48.19,44.11,22.35,13.53,11.30,7.28,6.54,4.64,4.44,2.95,1.95,1.54,0.84,0.57,0.37,0.36,0.35,0.34,0.18,0.15,0.13,0.11,0.10,0.09,0.07,0.06,0.05,0.05,0.04,0.04,0.03,0.03,0.03,0.02,0.02,0.01,0.01,0.01",1.00,12,12,,
443,Stage3,22.25,16.92,16.92,16.80,,,,,12,12,23,
443,Stage3_PowerOpt,22.25,16.92,16.92,,16.80,,"42.47,13.21,4.30,2.86,0.36,0.33,0.25,0.06,0.04,0.03,0.02,0.02,0.01",1.00,12,12,23,
443,Stage4,22.25,16.92,16.92,,16.80,9.67;10.95;11.77;12.36;12.81;13.15;13.41;13.60;13.71;13.85;14.02;14.19;14.34;14.48;14.60;14.69;14.75;14.83;14.93;15.03;15.13;15.21;15.29;15.34;15.39;15.45;15.52;15.59;15.66;15.72;15.77;15.80;15.84;15.89;15.94;16.00,,,12,12,23,"23,23,23,23,23,23,23,23,23,23,23,23,23,23,23,23,23,23,23,23,23,23,23,23,23,23,23,23,23,23,23,23,23,23,23,23"
444,Stage1,30.55,,,,,,,,"0,8,8",,,
444,Stage2,30.55,26.24,,,,,,,"0,8,8",0,,
444,PowerOpt,30.55,26.24,26.25,,,,"190.60,47.50,9.33,6.43,1.20,0.64,0.19,0.05,0.02","2.99,0.01,0.00","0,8,8",0,,
444,Stage3,30.55,26.24,26.25,24.68,,,,,"0,8,8",0,"24,49,23,49,23",
444,Stage3_PowerOpt,30.55,26.24,26.25,,24.68,,"47.82,11.90,2.26,1.48,0.33,0.14,0.05,0.01","2.99,0.01,0.00","0,8,8",0,"24,49,23,49,23",
444,Stage4,30.55,26.24,26.25,,24.68,9.16;12.15;14.26;15.40;16.61;17.36;17.93;18.45;18.84;19.09;19.41;19.75;20.06;20.31;20.52;20.71;20.93;21.09;21.30;21.53;21.74;21.91;22.04;22.16;22.30;22.41;22.56;22.71;22.85;22.96;23.06;23.15;23.25;23.34;23.45,,,"0,8,8",0,"24,49,23,49,23","23,49,23,49,23,49,23,49,49,23,23,23,23,49,49,49,49,49,23,23,23,23,49,49,49,49,23,23,23,23,49,49,49,49,23"
445,Stage1,29.17,,,,,,,,"0,8,8",,,
445,Stage2,29.17,25.40,,,,,,,"0,8,8",0,,
445,PowerOpt,29.17,25.40,25.40,,,,"165.15,60.48,15.92,10.14,3.53,0.31,0.27,0.08,0.04,0.02,0.01","2.98,0.02,0.00","0,8,8",0,,
445,Stage3,29.17,25.40,25.40,24.02,,,,,"0,8,8",0,"24,49,23,49,23",
445,Stage3_PowerOpt,29.17,25.40,25.40,,24.02,,"40.91,15.47,4.02,2.55,0.86,0.08,0.07,0.02","2.98,0.02,0.00","0,8,8",0,"24,49,23,49,23",
445,Stage4,29.17,25.40,25.40,,24.02,9.05;11.42;14.02;15.13;16.37;17.01;17.67;18.09;18.46;18.70;19.03;19.37;19.67;19.91;20.11;20.29;20.50;20.65;20.85;21.07;21.27;21.43;21.56;21.68;21.81;21.92;22.05;22.20;22.33;22.44;22.53;22.63;22.72;22.81;22.91,,,"0,8,8",0,"24,49,23,49,23","23,49,23,23,49,23,49,49,49,23,23,23,23,49,49,49,49,49,23,23,23,23,49,49,49,49,23,23,23,23,49,49,49,49,23"
446,Stage1,33.22,,,,,,,,"0,8",,,
446,Stage2,33.22,25.52,,,,,,,"0,8",0,,
446,PowerOpt,33.22,25.52,25.52,,,,"148.98,84.23,10.53,8.23,3.46,0.24,0.18,0.07,0.01","2.00,0.00","0,8",0,,
446,Stage3,33.22,25.52,25.52,24.20,,,,,"0,8",0,"56,23,49,23,49",
446,Stage3_PowerOpt,33.22,25.52,25.52,,24.20,,"37.39,21.03,2.74,1.92,0.80,0.06,0.04,0.02","2.00,0.00","0,8",0,"56,23,49,23,49",
446,Stage4,33.22,25.52,25.52,,24.20,10.12;13.08;14.53;15.77;16.52;17.27;17.74;18.09;18.43;18.78;19.13;19.43;19.68;19.90;20.10;20.29;20.55;20.73;20.92;21.11;21.27;21.40;21.53;21.65;21.83;21.97;22.10;22.23;22.35;22.45;22.55;22.64;22.75;22.85;22.95;23.05,,,"0,8",0,"56,23,49,23,49","23,49,23,49,23,49,49,49,23,23,23,23,23,49,49,49,49,23,23,23,23,23,49,49,49,49,23,23,23,23,49,49,49,49,23,23"
447,Stage1,29.44,,,,,,,,"0,15,4",,,
447,Stage2,29.44,25.49,,,,,,,"0,15,4",0,,
447,PowerOpt,29.44,25.49,25.49,,,,"156.34,47.93,20.33,15.50,7.24,2.72,1.60,1.09,1.00,0.52,0.47,0.29,0.25,0.20,0.17,0.06,0.04,0.04,0.03,0.03,0.03,0.01,0.01,0.01","2.96,0.04,0.00","0,15,4",0,,
447,Stage3,29.44,25.49,25.49,23.55,,,,,"0,15,4",0,"23,56,23,56,23",
447,Stage3_PowerOpt,29.44,25.49,25.49,,23.55,,"39.49,11.89,5.01,3.88,1.92,0.72,0.52,0.27,0.13,0.05,0.05,0.03,0.01","2.96,0.04,0.00","0,15,4",0,"23,56,23,56,23",
447,Stage4,29.44,25.49,25.49,,23.55,9.37;10.97;12.03;12.85;13.79;14.51;15.09;15.64;16.09;16.37;16.70;17.04;17.36;17.65;17.90;18.16;18.38;18.55;18.72;18.90;19.08;19.26;19.44;19.63;19.78;19.91;20.04;20.17;20.31;20.44;20.59;20.74;20.86;20.96;21.06;21.16;21.27;21.38;21.50;21.63;21.73;21.81;21.89;21.97;22.06;22.15;22.26;22.39,,,"0,15,4",0,"23,56,23,56,23","23,23,23,56,23,56,23,56,56,56,23,23,23,23,23,56,56,56,23,23,23,23,56,23,56,56,56,23,23,23,23,23,56,56,56,23,56,23,23,23,56,56,23,56,56,23,23,23"
448,Stage1,28.33,,,,,,,,"0,11,11",,,
448,Stage2,28.33,22.72,,,,,,,"0,11,11",0,,
448,PowerOpt,28.33,22.72,22.72,,,,"153.47,62.06,29.95,5.64,2.18,1.34,0.49,0.41,0.20,0.07,0.05,0.03,0.02,0.02,0.01","3.00,0.00,0.00","0,11,11",0,,
448,Stage3,28.33,22.72,22.72,21.65,,,,,"0,11,11",0,"23,0,23,0,23",
448,Stage3_PowerOpt,28.33,22.72,22.72,,21.65,,"38.16,15.55,7.59,1.52,0.55,0.34,0.10,0.09,0.04,0.02","3.00,0.00,0.00","0,11,11",0,"23,0,23,0,23",
448,Stage4,28.33,22.72,22.72,,21.65,10.29;11.75;12.67;13.31;13.88;14.47;14.94;15.28;15.67;15.93;16.22;16.51;16.78;17.01;17.22;17.40;17.61;17.77;17.94;18.12;18.28;18.43;18.57;18.69;18.82;18.93;19.05;19.18;19.30;19.41;19.52;19.62;19.71;19.80;19.89;19.99;20.08;20.16;20.25;20.33;20.41;20.48;20.56;20.63,,,"0,11,11",0,"23,0,23,0,23","23,23,23,23,0,23,0,0,0,23,23,23,23,23,0,0,0,0,23,23,23,23,0,0,0,0,23,23,23,23,0,0,0,0,23,23,23,23,0,0,0,0,23,23"
449,Stage1,24.14,,,,,,,,15,,,
449,Stage2,24.14,16.94,,,,,,,15,12,,
449,PowerOpt,24.14,16.94,16.94,,,,"127.52,35.14,20.72,17.98,12.34,8.40,6.47,4.26,4.05,3.53,1.97,1.25,1.16,1.01,0.95,0.91,0.87,0.80,0.68,0.59,0.56,0.39,0.35,0.34,0.31,0.30,0.28,0.22,0.20,0.19,0.18,0.17,0.16,0.16,0.14,0.13,0.11,0.10,0.09,0.09,0.07,0.07,0.06,0.06,0.06,0.05,0.05,0.04,0.04,0.03,0.03,0.03,0.03,0.03,0.02,0.02,0.02,0.02,0.02,0.01,0.01,0.01",1.00,15,12,,
449,Stage3,24.14,16.94,16.94,16.86,,,,,15,12,23,
449,Stage3_PowerOpt,24.14,16.94,16.94,,16.86,,"18.09,15.63,8.43,6.78,5.14,2.15,1.68,1.25,1.14,1.03,0.61,0.44,0.23,0.22,0.18,0.17,0.13,0.12,0.09,0.05,0.05,0.05,0.05,0.04,0.04,0.02,0.02,0.02,0.02,0.01,0.01,0.01",1.00,15,12,23,
449,Stage4,24.14,16.94,16.94,,16.86,9.70;10.99;11.80;12.38;12.80;13.10;13.31;13.44;13.57;13.75;13.94;14.13;14.30;14.44;14.55;14.62;14.69;14.79;14.90;15.02;15.13;15.22;15.29;15.34;15.39;15.46;15.53;15.62;15.70;15.76;15.82;15.86;15.89;15.94;15.99;16.05,,,15,12,23,"23,23,23,23,23,23,23,23,23,23,23,23,23,23,23,23,23,23,23,23,23,23,23,23,23,23,23,23,23,23,23,23,23,23,23,23"
450,Stage1,23.87,,,,,,,,15,,,
450,Stage2,23.87,16.92,,,,,,,15,12,,
450,PowerOpt,23.87,16.92,16.92,,,,"176.93,27.55,11.09,10.06,8.74,4.90,2.49,1.85,1.77,1.57,1.15,1.08,0.93,0.54,0.49,0.44,0.39,0.32,0.26,0.26,0.25,0.25,0.22,0.21,0.20,0.19,0.17,0.16,0.15,0.14,0.13,0.11,0.11,0.09,0.08,0.08,0.07,0.05,0.05,0.04,0.04,0.04,0.04,0.03,0.03,0.02,0.02,0.02,0.02,0.02,0.02,0.01,0.01,0.01,0.01",1.00,15,12,,
450,Stage3,23.87,16.92,16.92,17.02,,,,,15,12,15,
450,Stage3_PowerOpt,23.87,16.92,16.92,,17.02,,"22.21,13.64,7.30,5.07,3.02,2.64,1.96,1.69,1.40,0.72,0.62,0.48,0.44,0.39,0.36,0.26,0.25,0.22,0.20,0.17,0.15,0.13,0.09,0.07,0.07,0.06,0.05,0.05,0.04,0.03,0.03,0.02,0.02,0.02,0.02,0.02,0.01,0.01,0.01",1.00,15,12,15,
450,Stage4,23.87,16.92,16.92,,17.02,9.92;11.23;12.05;12.63;13.06;13.38;13.61;13.77;13.89;14.05;14.23;14.41;14.57;14.71;14.81;14.89;14.95;15.04;15.15;15.26;15.36;15.45;15.52;15.56;15.61;15.67;15.75;15.83;15.90;15.96;16.01;16.04;16.08;16.13;16.18,,,15,12,15,"15,15,15,15,15,15,15,15,15,15,15,15,15,15,15,15,15,15,15,15,15,15,15,15,15,15,15,15,15,15,15,15,15,15,15"
451,Stage1,22.56,,,,,,,,15,,,
451,Stage2,22.56,16.93,,,,,,,15,15,,
451,PowerOpt,22.56,16.93,16.93,,,,"119.72,28.90,25.62,18.62,15.99,15.52,7.97,6.18,3.24,2.86,2.74,1.59,1.48,1.30,1.01,0.61,0.55,0.43,0.31,0.21,0.14,0.13,0.13,0.11,0.07,0.05,0.05,0.05,0.04,0.04,0.03,0.03,0.03,0.02,0.02,0.02,0.02,0.01,0.01,0.01,0.01",1.00,15,15,,
451,Stage3,22.56,16.93,16.93,17.13,,,,,15,15,15,
451,Stage3_PowerOpt,22.56,16.93,16.93,,17.13,,"17.78,16.74,7.06,6.80,4.30,2.61,2.25,1.67,1.56,0.99,0.70,0.52,0.20,0.17,0.12,0.09,0.07,0.07,0.06,0.05,0.04,0.03,0.03,0.02,0.01,0.01",1.00,15,15,15,
451,Stage4,22.56,16.93,16.93,,17.13,10.83;12.01;12.71;13.18;13.50;13.71;13.85;13.93;14.09;14.28;14.47;14.65;14.79;14.90;14.97;15.02;15.10;15.19;15.30;15.41;15.51;15.59;15.64;15.68;15.72;15.78;15.86;15.93;16.01;16.07;16.11;16.14;16.17;16.21;16.26;16.32,,,15,15,15,"15,15,15,15,15,15,15,15,15,15,15,15,15,15,15,15,15,15,15,15,15,15,15,15,15,15,15,15,15,15,15,15,15,15,15,15"
452,Stage1,23.64,,,,,,,,15,,,
452,Stage2,23.64,16.94,,,,,,,15,15,,
452,PowerOpt,23.64,16.94,16.94,,,,"117.56,51.46,28.07,14.42,9.73,9.30,5.89,5.35,3.29,2.40,1.84,1.40,1.15,0.94,0.85,0.54,0.36,0.28,0.18,0.16,0.14,0.12,0.09,0.05,0.05,0.05,0.04,0.03,0.03,0.03,0.02,0.02,0.02,0.01,0.01",1.00,15,15,,
452,Stage3,23.64,16.94,16.94,17.04,,,,,15,15,15,
452,Stage3_PowerOpt,23.64,16.94,16.94,,17.04,,"19.70,10.69,9.78,8.87,4.64,3.08,1.77,1.14,1.07,0.94,0.80,0.47,0.26,0.18,0.16,0.10,0.09,0.07,0.04,0.03,0.02,0.02,0.02,0.01",1.00,15,15,15,
452,Stage4,23.64,16.94,16.94,,17.04,9.51;10.92;11.86;12.55;13.06;13.42;13.67;13.84;13.94;14.07;14.24;14.43;14.60;14.75;14.87;14.95;15.00;15.08;15.18;15.29;15.40;15.49;15.56;15.61;15.65;15.71;15.78;15.86;15.93;15.99;16.04;16.08;16.11;16.15;16.21,,,15,15,15,"15,15,15,15,15,15,15,15,15,15,15,15,15,15,15,15,15,15,15,15,15,15,15,15,15,15,15,15,15,15,15,15,15,15,15"
453,Stage1,20.93,,,,,,,,15,,,
453,Stage2,20.93,16.92,,,,,,,15,15,,
453,PowerOpt,20.93,16.92,16.92,,,,"70.83,60.74,35.59,28.47,20.64,11.96,7.61,4.88,4.17,3.43,2.13,1.23,0.91,0.45,0.35,0.30,0.24,0.23,0.20,0.14,0.13,0.12,0.11,0.09,0.07,0.07,0.06,0.05,0.05,0.05,0.05,0.04,0.04,0.04,0.04,0.03,0.03,0.03,0.03,0.03,0.02,0.02,0.02,0.02,0.02,0.02,0.02,0.01,0.01,0.01,0.01,0.01,0.01",1.00,15,15,,
453,Stage3,20.93,16.92,16.92,16.82,,,,,15,15,7,
453,Stage3_PowerOpt,20.93,16.92,16.92,,16.82,,"33.67,17.57,6.59,1.76,0.97,0.56,0.47,0.35,0.22,0.20,0.20,0.16,0.15,0.12,0.10,0.10,0.08,0.07,0.06,0.05,0.05,0.05,0.05,0.04,0.04,0.03,0.03,0.03,0.03,0.02,0.02,0.02,0.02,0.02,0.02,0.01,0.01,0.01",1.00,15,15,7,
453,Stage4,20.93,16.92,16.92,,16.82,10.15;11.33;12.04;12.54;12.89;13.14;13.31;13.42;13.59;13.78;13.97;14.15;14.31;14.44;14.53;14.60;14.68;14.79;14.90;15.01;15.11;15.20;15.27;15.32;15.37;15.44;15.52;15.59;15.67;15.73;15.79;15.83;15.86;15.91;15.96;16.02,,,15,15,7,"7,7,7,7,7,7,7,7,7,7,7,7,7,7,7,7,7,7,7,7,7,7,7,7,7,7,7,7,7,7,7,7,7,7,7,7"
454,Stage1,20.50,,,,,,,,15,,,
454,Stage2,20.50,16.89,,,,,,,15,15,,
454,PowerOpt,20.50,16.89,16.89,,,,"133.78,69.81,18.77,15.04,4.95,3.71,3.13,2.35,1.23,0.81,0.34,0.30,0.17,0.15,0.12,0.10,0.10,0.09,0.08,0.08,0.07,0.06,0.06,0.05,0.04,0.04,0.04,0.03,0.03,0.03,0.03,0.03,0.02,0.02,0.02,0.02,0.02,0.02,0.02,0.02,0.02,0.02,0.02,0.01,0.01,0.01",1.00,15,15,,
454,Stage3,20.50,16.89,16.89,16.99,,,,,15,15,7,
454,Stage3_PowerOpt,20.50,16.89,16.89,,16.99,,"25.13,14.58,4.20,3.11,2.11,1.84,1.54,1.02,0.96,0.89,0.85,0.77,0.70,0.65,0.53,0.44,0.41,0.39,0.37,0.34,0.29,0.28,0.26,0.22,0.21,0.19,0.18,0.17,0.16,0.14,0.12,0.11,0.10,0.09,0.08,0.07,0.06,0.06,0.05,0.05,0.04,0.04,0.03,0.03,0.03,0.02,0.02,0.02,0.01,0.01",1.00,15,15,7,
454,Stage4,20.50,16.89,16.89,,16.99,10.48;11.62;12.33;12.83;13.20;13.47;13.67;13.80;13.95;14.12;14.29;14.45;14.60;14.72;14.82;14.89;14.97;15.06;15.16;15.26;15.35;15.43;15.49;15.54;15.59;15.65;15.72;15.79;15.86;15.92;15.97;16.01;16.04;16.09;16.14;16.19,,,15,15,7,"7,7,7,7,7,7,7,7,7,7,7,7,7,7,7,7,7,7,7,7,7,7,7,7,7,7,7,7,7,7,7,7,7,7,7,7"
455,Stage1,21.77,,,,,,,,15,,,
455,Stage2,21.77,16.84,,,,,,,15,15,,
455,PowerOpt,21.77,16.84,16.84,,,,"175.07,41.76,11.26,9.97,8.22,3.69,1.71,0.94,0.67,0.49,0.35,0.21,0.17,0.14,0.13,0.12,0.09,0.08,0.08,0.07,0.07,0.05,0.04,0.04,0.04,0.04,0.03,0.03,0.03,0.03,0.03,0.02,0.02,0.02,0.02,0.02,0.02,0.02,0.01,0.01,0.01,0.01,0.01",1.00,15,15,,
455,Stage3,21.77,16.84,16.84,16.83,,,,,15,15,7,
455,Stage3_PowerOpt,21.77,16.84,16.84,,16.83,,"37.04,8.92,2.61,2.23,1.94,1.42,1.15,0.98,0.84,0.63,0.57,0.50,0.45,0.42,0.37,0.33,0.31,0.29,0.26,0.25,0.22,0.20,0.18,0.16,0.16,0.14,0.12,0.11,0.11,0.10,0.10,0.09,0.08,0.08,0.07,0.06,0.06,0.05,0.05,0.05,0.04,0.04,0.04,0.03,0.02,0.02,0.02,0.02,0.01,0.01,0.01",1.00,15,15,7,
455,Stage4,21.77,16.84,16.84,,16.83,9.44;10.81;11.69;12.32;12.80;13.15;13.40;13.57;13.67;13.81;13.98;14.16;14.33;14.47;14.59;14.68;14.73;14.81;14.91;15.02;15.13;15.22;15.30;15.35;15.39;15.45;15.52;15.60;15.67;15.74;15.79;15.83;15.86;15.91;15.96;16.02,,,15,15,7,"7,7,7,7,7,7,7,7,7,7,7,7,7,7,7,7,7,7,7,7,7,7,7,7,7,7,7,7,7,7,7,7,7,7,7,7"
456,Stage1,24.80,,,,,,,,"11,12,0",,,
456,Stage2,24.80,20.83,,,,,,,"11,12,0",15,,
456,PowerOpt,24.80,20.83,20.83,,,,"169.55,41.09,20.53,15.43,2.58,2.04,1.14,0.91,0.61,0.49,0.42,0.27,0.22,0.11,0.08,0.06,0.04,0.03,0.03,0.03,0.03,0.02,0.02,0.02,0.02,0.02,0.01,0.01,0.01","2.96,0.03,0.01","11,12,0",15,,
456,Stage3,24.80,20.83,20.83,20.84,,,,,"11,12,0",15,63,
456,Stage3_PowerOpt,24.80,20.83,20.83,,20.84,,"44.22,9.92,5.14,3.81,0.55,0.16,0.08,0.04,0.02,0.01","2.99,0.01,0.00","11,12,0",15,63,
456,Stage4,24.80,20.83,20.83,,20.84,10.58;12.13;13.08;13.75;14.29;14.69;15.01;15.30;15.65;15.91;16.17;16.44;16.67;16.85;17.00;17.15;17.37;17.52;17.67;17.83;17.99;18.10;18.20;18.29;18.44;18.54;18.65;18.77;18.88;18.98;19.04;19.10;19.21;19.29;19.36;19.45;19.55;19.62;19.67;19.71;19.79;19.85,,,"11,12,0",15,63,"63,63,63,63,63,63,63,63,63,63,63,63,63,63,63,63,63,63,63,63,63,63,63,63,63,63,63,63,63,63,63,63,63,63,63,63,63,63,63,63,63,63"
457,Stage1,21.02,,,,,,,,"11,0",,,
457,Stage2,21.02,17.70,,,,,,,"11,0",15,,
457,PowerOpt,21.02,17.70,17.70,,,,"182.50,47.45,20.34,1.82,1.70,0.91,0.36,0.11,0.10,0.08,0.07,0.06,0.05,0.04,0.04,0.03,0.03,0.03,0.02,0.02,0.02,0.02,0.02,0.01,0.01,0.01,0.01,0.01,0.01","2.00,0.00","11,0",15,,
457,Stage3,21.02,17.70,17.70,17.83,,,,,"11,0",15,63,
457,Stage3_PowerOpt,21.02,17.70,17.70,,17.83,,"45.94,11.85,4.97,0.48,0.45,0.22,0.02,0.01","2.00,0.00","11,0",15,63,
457,Stage4,21.02,17.70,17.70,,17.83,10.02;11.31;12.12;12.69;13.10;13.40;13.60;13.72;13.85;14.02;14.21;14.39;14.56;14.70;14.80;14.86;14.93;15.02;15.13;15.25;15.35;15.44;15.51;15.56;15.60;15.67;15.75;15.83;15.91;15.98;16.04;16.08;16.12;16.19;16.27;16.34;16.41;16.47;16.52;16.56;16.61;16.68;16.75;16.82;16.88;16.93;16.98,,,"11,0",15,63,"63,63,63,63,63,63,63,63,63,63,63,63,63,63,63,63,63,63,63,63,63,63,63,63,63,63,63,63,63,63,63,63,63,63,63,63,63,63,63,63,63,63,63,63,63,63,63"
458,Stage1,22.97,,,,,,,,"11,0,0",,,
458,Stage2,22.97,20.16,,,,,,,"11,0,0",15,,
458,PowerOpt,22.97,20.16,20.16,,,,"180.62,45.78,23.15,3.43,2.22,0.36,0.21,0.06,0.02,0.02,0.01","3.00,0.00,0.00","11,0,0",15,,
458,Stage3,22.97,20.16,20.16,19.29,,,,,"11,0,0",15,55,
458,Stage3_PowerOpt,22.97,20.16,20.16,,19.29,,"45.25,11.34,5.77,0.86,0.54,0.09,0.05,0.02,0.02,0.01,0.01","3.00,0.00,0.00","11,0,0",15,55,
458,Stage4,22.97,20.16,20.16,,19.29,10.13;11.45;12.27;12.83;13.19;13.41;13.57;13.70;13.91;14.15;14.37;14.59;14.80;15.01;15.20;15.35;15.50;15.65;15.79;15.92;16.07;16.23;16.39;16.51;16.62;16.73;16.83;16.92;17.03;17.15;17.28;17.39;17.47;17.55;17.62;17.69;17.77;17.87;17.98;18.07;18.13;18.18;18.23;18.28;18.35,,,"11,0,0",15,55,"55,55,55,55,55,55,55,55,55,55,55,55,55,55,55,55,55,55,55,55,55,55,55,55,55,55,55,55,55,55,55,55,55,55,55,55,55,55,55,55,55,55,55,55,55"
466,Stage1,46.09,,,,,,,,4,,,
466,Stage2,46.09,16.42,,,,,,,4,4,,
466,PowerOpt,46.09,16.42,16.42,,,,"158.61,63.65,24.16,6.09,1.98,0.39,0.36,0.34,0.17,0.06,0.03,0.02,0.02,0.01,0.01",1.00,4,4,,
466,Stage3,46.09,16.42,16.42,16.49,,,,,4,4,33,
466,Stage3_PowerOpt,46.09,16.42,16.42,,16.49,,"39.80,15.96,6.05,1.43,0.44,0.09,0.08,0.07,0.04,0.01",1.00,4,4,33,
466,Stage4,46.09,16.42,16.42,,16.49,8.09;10.83;11.63;12.20;12.63;12.98;13.26;13.49;13.66;13.80;13.93;14.04;14.16;14.27;14.38;14.49;14.58;14.66;14.73;14.80;14.87;14.94;15.01;15.07;15.14;15.19;15.24;15.29;15.34;15.39;15.44;15.49;15.54;15.58;15.62;15.66;15.69,,,4,4,33,"33,33,33,33,33,33,33,33,33,33,33,33,33,33,33,33,33,33,33,33,33,33,33,33,33,33,33,33,33,33,33,33,33,33,33,33,33"
467,Stage1,47.80,,,,,,,,4,,,
467,Stage2,47.80,16.31,,,,,,,4,0,,
467,PowerOpt,47.80,16.31,16.31,,,,"185.97,27.06,21.64,11.21,6.02,1.35,0.74,0.61,0.57,0.34,0.13,0.11,0.08,0.04,0.02,0.02,0.01,0.01",1.00,4,0,,
467,Stage3,47.80,16.31,16.31,15.99,,,,,4,0,32,
467,Stage3_PowerOpt,47.80,16.31,16.31,,15.99,,"52.52,5.99,2.78,1.18,0.64,0.38,0.21,0.10,0.06,0.06,0.03,0.02,0.01",1.00,4,0,32,
467,Stage4,47.80,16.31,16.31,,15.99,8.19;10.45;11.18;11.71;12.11;12.43;12.70;12.94;13.13;13.28;13.41;13.53;13.65;13.76;13.87;13.98;14.08;14.16;14.23;14.30;14.37;14.43;14.50;14.57;14.64;14.69;14.74;14.79;14.84;14.88;14.93;14.98;15.03;15.08;15.12;15.15;15.19,,,4,0,32,"32,32,32,32,32,32,32,32,32,32,32,32,32,32,32,32,32,32,32,32,32,32,32,32,32,32,32,32,32,32,32,32,32,32,32,32,32"
468,Stage1,44.66,,,,,,,,0,,,
468,Stage2,44.66,15.04,,,,,,,0,0,,
468,PowerOpt,44.66,15.04,15.04,,,,"174.04,57.13,11.05,7.84,1.74,1.43,0.78,0.51,0.45,0.36,0.18,0.11,0.09,0.06,0.05,0.04,0.03,0.02,0.01",1.00,0,0,,
468,Stage3,44.66,15.04,15.04,15.11,,,,,0,0,33,
468,Stage3_PowerOpt,44.66,15.04,15.04,,15.11,,"44.70,14.89,2.94,0.82,0.24,0.14,0.11,0.08,0.03,0.03,0.01",1.00,0,0,33,
468,Stage4,44.66,15.04,15.04,,15.11,7.96;9.54;10.29;10.83;11.25;11.59;11.87;12.11;12.29;12.44;12.56;12.67;12.78;12.89;13.00;13.11;13.21;13.29;13.36;13.42;13.49;13.55;13.62;13.69;13.76;13.82;13.87;13.91;13.96;14.01;14.05;14.11;14.16;14.20;14.24;14.28;14.31;14.35;14.39,,,0,0,33,"33,33,33,33,33,33,33,33,33,33,33,33,33,33,33,33,33,33,33,33,33,33,33,33,33,33,33,33,33,33,33,33,33,33,33,33,33,33,33"
469,Stage1,36.02,,,,,,,,0,,,
469,Stage2,36.02,15.26,,,,,,,0,4,,
469,PowerOpt,36.02,15.26,15.26,,,,"193.33,53.42,6.75,1.92,0.36,0.15,0.01",1.00,0,4,,
469,Stage3,36.02,15.26,15.26,15.41,,,,,0,4,33,
469,Stage3_PowerOpt,36.02,15.26,15.26,,15.41,,"48.41,13.29,1.69,0.48,0.09,0.04",1.00,0,4,33,
469,Stage4,36.02,15.26,15.26,,15.41,8.17;9.82;10.56;11.09;11.52;11.86;12.15;12.40;12.59;12.74;12.86;12.97;13.07;13.18;13.28;13.40;13.50;13.59;13.66;13.72;13.78;13.84;13.91;13.98;14.05;14.11;14.16;14.21;14.25;14.30;14.34;14.40;14.45;14.50;14.54;14.58;14.61;14.64,,,0,4,33,"33,33,33,33,33,33,33,33,33,33,33,33,33,33,33,33,33,33,33,33,33,33,33,33,33,33,33,33,33,33,33,33,33,33,33,33,33,33"
470,Stage1,29.50,,,,,,,,"0,5,9",,,
470,Stage2,29.50,22.93,,,,,,,"0,5,9",0,,
470,PowerOpt,29.50,22.93,22.93,,,,"183.32,63.24,8.91,0.31,0.06,0.03,0.03,0.03","3.00,0.00,0.00","0,5,9",0,,
470,Stage3,29.50,22.93,22.93,22.92,,,,,"0,5,9",0,32,
470,Stage3_PowerOpt,29.50,22.93,22.93,,22.92,,"45.83,15.81,2.23,0.08,0.01","3.00,0.00,0.00","0,5,9",0,32,
470,Stage4,29.50,22.93,22.93,,22.92,6.63;11.74;12.86;13.81;14.62;15.31;15.92;16.49;16.86;17.11;17.32;17.52;17.71;17.90;18.12;18.36;18.57;18.72;18.85;18.96;19.07;19.19;19.33;19.49;19.65;19.77;19.86;19.95;20.04;20.13;20.24;20.37;20.50;20.60;20.69;20.77;20.83;20.91;21.00;21.11;21.23;21.31;21.38;21.45;21.51;21.58;21.67;21.77;21.88,,,"0,5,9",0,32,"32,32,32,32,32,32,32,32,32,32,32,32,32,32,32,32,32,32,32,32,32,32,32,32,32,32,32,32,32,32,32,32,32,32,32,32,32,32,32,32,32,32,32,32,32,32,32,32,32"
471,Stage1,51.55,,,,,,,,"5,0",,,
471,Stage2,51.55,28.15,,,,,,,"5,0",0,,
471,PowerOpt,51.55,28.15,28.15,,,,"139.51,67.75,16.04,10.29,6.95,4.26,3.72,2.11,1.62,1.14,0.66,0.53,0.37,0.31,0.27,0.22,0.09,0.04,0.03,0.02,0.01,0.01","1.83,0.17","5,0",0,,
471,Stage3,51.55,28.15,28.15,28.10,,,,,"5,0",0,32,
471,Stage3_PowerOpt,51.55,28.15,28.15,,28.10,,"34.92,16.95,4.03,2.53,1.74,1.07,0.93,0.52,0.40,0.28,0.16,0.13,0.09,0.07,0.07,0.05,0.02","1.83,0.17","5,0",0,32,
471,Stage4,51.55,28.15,28.15,,28.10,7.82;15.56;18.01;19.28;20.20;20.89;21.49;21.99;22.32;22.62;22.86;23.10;23.33;23.54;23.76;23.97;24.16;24.32;24.46;24.60;24.74;24.87;25.00;25.14;25.27;25.38;25.48;25.58;25.68;25.78;25.88;25.98;26.08;26.17;26.25;26.33;26.40;26.48;26.56;26.64;26.72,,,"5,0",0,32,"32,32,32,32,32,32,32,32,32,32,32,32,32,32,32,32,32,32,32,32,32,32,32,32,32,32,32,32,32,32,32,32,32,32,32,32,32,32,32,32,32"
472,Stage1,51.36,,,,,,,,"5,0",,,
472,Stage2,51.36,28.15,,,,,,,"5,0",0,,
472,PowerOpt,51.36,28.15,28.15,,,,"158.83,45.65,22.43,7.80,6.34,4.57,3.47,2.07,1.59,0.95,0.58,0.49,0.39,0.26,0.22,0.14,0.08,0.03,0.02,0.01,0.01","1.83,0.17","5,0",0,,
472,Stage3,51.36,28.15,28.15,28.11,,,,,"5,0",0,32,
472,Stage3_PowerOpt,51.36,28.15,28.15,,28.11,,"39.76,11.39,5.63,1.95,1.58,1.14,0.86,0.51,0.39,0.24,0.14,0.12,0.10,0.06,0.05,0.03,0.02","1.84,0.16","5,0",0,32,
472,Stage4,51.36,28.15,28.15,,28.11,7.74;15.87;18.22;19.41;20.28;20.93;21.51;22.00;22.35;22.65;22.90;23.14;23.36;23.56;23.78;23.99;24.17;24.35;24.49;24.63;24.76;24.89;25.02;25.15;25.28;25.41;25.51;25.61;25.71;25.80;25.89;25.99;26.10;26.19;26.27;26.35;26.43;26.50;26.58;26.65;26.74,,,"5,0",0,32,"32,32,32,32,32,32,32,32,32,32,32,32,32,32,32,32,32,32,32,32,32,32,32,32,32,32,32,32,32,32,32,32,32,32,32,32,32,32,32,32,32"
473,Stage1,52.03,,,,,,,,"4,9",,,
473,Stage2,52.03,28.28,,,,,,,"4,9",0,,
473,PowerOpt,52.03,28.28,28.28,,,,"129.79,53.14,25.09,12.90,9.78,7.92,5.85,4.01,2.02,1.53,1.07,0.79,0.53,0.43,0.40,0.32,0.19,0.09,0.06,0.02,0.02,0.01,0.01","1.65,0.35","4,9",0,,
473,Stage3,52.03,28.28,28.28,28.24,,,,,"4,9",0,32,
473,Stage3_PowerOpt,52.03,28.28,28.28,,28.24,,"32.46,13.34,6.29,3.24,2.45,1.95,1.46,0.99,0.48,0.37,0.26,0.19,0.13,0.11,0.10,0.08,0.05,0.02,0.01","1.65,0.35","4,9",0,32,
473,Stage4,52.03,28.28,28.28,,28.24,9.44;15.95;18.38;19.57;20.39;21.06;21.62;22.09;22.44;22.74;23.00;23.24;23.46;23.67;23.88;24.09;24.28;24.45;24.60;24.74;24.88;25.01;25.13;25.27;25.40;25.52;25.63;25.73;25.82;25.92;26.01;26.11;26.21;26.31;26.39;26.47;26.55;26.63;26.70;26.78;26.86,,,"4,9",0,32,"32,32,32,32,32,32,32,32,32,32,32,32,32,32,32,32,32,32,32,32,32,32,32,32,32,32,32,32,32,32,32,32,32,32,32,32,32,32,32,32,32"
474,Stage1,51.48,,,,,,,,"4,9,0",,,
474,Stage2,51.48,39.74,,,,,,,"4,9,0",0,,
474,PowerOpt,51.48,39.74,39.74,,,,"157.83,41.81,23.53,11.41,7.06,5.09,3.85,2.27,1.32,0.62,0.35,0.30,0.28,0.10,0.07,0.03,0.02,0.01","2.35,0.48,0.16","4,9,0",0,,
474,Stage3,51.48,39.74,39.74,39.67,,,,,"4,9,0",0,32,
474,Stage3_PowerOpt,51.48,39.74,39.74,,39.67,,"39.44,10.50,5.91,2.86,1.73,1.27,0.96,0.56,0.32,0.15,0.09,0.07,0.07,0.02,0.02","2.35,0.48,0.16","4,9,0",0,32,
474,Stage4,51.48,39.74,39.74,,39.67,10.15;17.42;22.37;25.01;26.75;28.08;29.17;30.08;30.64;31.09;31.44;31.77;32.10;32.40;32.75;33.09;33.42;33.69;33.89;34.10;34.29;34.48;34.69;34.90;35.14;35.34;35.49;35.63;35.78;35.92;36.07;36.23;36.42;36.58;36.70;36.81;36.93;37.05;37.17;37.29;37.46;37.59;37.69,,,"4,9,0",0,32,"32,32,32,32,32,32,32,32,32,32,32,32,32,32,32,32,32,32,32,32,32,32,32,32,32,32,32,32,32,32,32,32,32,32,32,32,32,32,32,32,32,32,32"
475,Stage1,53.27,,,,,,,,"4,9,0",,,
475,Stage2,53.27,41.01,,,,,,,"4,9,0",0,,
475,PowerOpt,53.27,41.01,41.01,,,,"91.77,59.52,47.63,20.17,11.63,8.89,7.80,3.58,1.92,1.00,0.63,0.50,0.42,0.22,0.13,0.08,0.03,0.02,0.01,0.01","1.65,1.05,0.30","4,9,0",0,,
475,Stage3,53.27,41.01,41.01,40.95,,,,,"4,9,0",0,32,
475,Stage3_PowerOpt,53.27,41.01,41.01,,40.95,,"22.99,14.93,11.94,5.02,2.87,2.20,1.96,0.88,0.46,0.24,0.16,0.12,0.10,0.05,0.03,0.02","1.65,1.05,0.30","4,9,0",0,32,
475,Stage4,53.27,41.01,41.01,,40.95,9.94;18.13;23.62;26.55;28.27;29.54;30.58;31.44;31.98;32.45;32.79;33.14;33.48;33.80;34.14;34.48;34.79;35.06;35.27;35.48;35.68;35.88;36.09;36.29;36.52;36.72;36.87;37.02;37.17;37.31;37.47;37.62;37.80;37.95;38.07;38.19;38.31;38.43;38.55;38.67;38.81;38.94,,,"4,9,0",0,32,"32,32,32,32,32,32,32,32,32,32,32,32,32,32,32,32,32,32,32,32,32,32,32,32,32,32,32,32,32,32,32,32,32,32,32,32,32,32,32,32,32,32"
476,Stage1,53.65,,,,,,,,"4,9,0",,,
476,Stage2,53.65,41.09,,,,,,,"4,9,0",0,,
476,PowerOpt,53.65,41.09,41.09,,,,"88.17,70.69,29.69,19.52,14.68,12.45,9.74,4.06,2.24,1.45,1.12,0.82,0.42,0.28,0.17,0.15,0.09,0.07,0.04,0.03,0.02,0.02,0.02,0.01","1.50,1.18,0.33","4,9,0",0,,
476,Stage3,53.65,41.09,41.09,41.03,,,,,"4,9,0",0,32,
476,Stage3_PowerOpt,53.65,41.09,41.09,,41.03,,"22.21,17.69,7.40,4.87,3.66,3.09,2.38,1.01,0.54,0.36,0.28,0.20,0.10,0.07,0.04,0.03,0.02,0.02","1.50,1.18,0.32","4,9,0",0,32,
476,Stage4,53.65,41.09,41.09,,41.03,9.96;18.46;23.76;26.62;28.32;29.56;30.59;31.43;31.97;32.45;32.80;33.15;33.48;33.81;34.15;34.49;34.80;35.07;35.29;35.49;35.69;35.89;36.11;36.32;36.54;36.74;36.89;37.05;37.19;37.34;37.50;37.66;37.83;37.98;38.10;38.22;38.34;38.46;38.58;38.71;38.85;38.98,,,"4,9,0",0,32,"32,32,32,32,32,32,32,32,32,32,32,32,32,32,32,32,32,32,32,32,32,32,32,32,32,32,32,32,32,32,32,32,32,32,32,32,32,32,32,32,32,32"
477,Stage1,52.91,,,,,,,,"4,9",,,
477,Stage2,52.91,28.61,,,,,,,"4,9",0,,
477,PowerOpt,52.91,28.61,28.61,,,,"97.17,64.07,23.29,22.07,14.96,10.99,9.67,3.97,3.11,1.95,1.31,1.08,0.89,0.41,0.35,0.21,0.16,0.10,0.06,0.04,0.03,0.02","1.44,0.56","4,9",0,,
477,Stage3,52.91,28.61,28.61,28.58,,,,,"4,9",0,32,
477,Stage3_PowerOpt,52.91,28.61,28.61,,28.58,,"24.48,16.03,5.83,5.49,3.70,2.73,2.39,0.98,0.76,0.48,0.32,0.26,0.22,0.10,0.08,0.05,0.03,0.02,0.01","1.45,0.55","4,9",0,32,
477,Stage4,52.91,28.61,28.61,,28.58,9.33;15.96;18.67;19.85;20.69;21.38;21.95;22.45;22.79;23.09;23.34;23.58;23.80;24.02;24.23;24.45;24.64;24.80;24.94;25.09;25.22;25.35;25.48;25.62;25.75;25.87;25.97;26.07;26.17;26.26;26.36;26.46;26.57;26.66;26.74;26.81;26.90;26.97;27.04;27.12;27.21,,,"4,9",0,32,"32,32,32,32,32,32,32,32,32,32,32,32,32,32,32,32,32,32,32,32,32,32,32,32,32,32,32,32,32,32,32,32,32,32,32,32,32,32,32,32,32"
478,Stage1,52.30,,,,,,,,"5,13",,,
478,Stage2,52.30,28.39,,,,,,,"5,13",0,,
478,PowerOpt,52.30,28.39,28.39,,,,"79.31,75.28,32.51,24.70,13.36,10.34,6.99,3.54,2.92,1.59,1.44,1.32,0.94,0.51,0.40,0.24,0.12,0.11,0.07,0.06,0.05,0.03,0.03,0.02,0.02,0.02,0.01","1.29,0.71","5,13",0,,
478,Stage3,52.30,28.39,28.39,28.36,,,,,"5,13",0,32,
478,Stage3_PowerOpt,52.30,28.39,28.39,,28.36,,"19.84,18.98,8.13,6.19,3.31,2.53,1.73,0.87,0.72,0.39,0.36,0.32,0.23,0.13,0.10,0.05,0.03,0.02,0.02,0.01,0.01","1.29,0.71","5,13",0,32,
478,Stage4,52.30,28.39,28.39,,28.36,9.08;15.76;18.44;19.62;20.51;21.20;21.78;22.26;22.60;22.90;23.15;23.38;23.62;23.83;24.05;24.27;24.45;24.62;24.76;24.90;25.04;25.17;25.31;25.45;25.58;25.70;25.80;25.89;26.00;26.09;26.19;26.29;26.39;26.49;26.56;26.64;26.72;26.79;26.88;26.96,,,"5,13",0,32,"32,32,32,32,32,32,32,32,32,32,32,32,32,32,32,32,32,32,32,32,32,32,32,32,32,32,32,32,32,32,32,32,32,32,32,32,32,32,32,32"
479,Stage1,39.75,,,,,,,,0,,,
479,Stage2,39.75,16.61,,,,,,,0,0,,
479,PowerOpt,39.75,16.61,16.61,,,,"201.29,51.50,1.83,1.19,0.11,0.02",1.00,0,0,,
479,Stage3,39.75,16.61,16.61,16.60,,,,,0,0,32,
479,Stage3_PowerOpt,39.75,16.61,16.61,,16.60,,"50.33,12.88,0.46,0.29,0.03",1.00,0,0,32,
479,Stage4,39.75,16.61,16.61,,16.60,9.51;11.34;12.14;12.67;13.04;13.30;13.47;13.59;13.72;13.88;14.04;14.20;14.34;14.45;14.53;14.59;14.66;14.74;14.83;14.92;15.01;15.08;15.14;15.18;15.22;15.27;15.33;15.40;15.47;15.52;15.56;15.59;15.63;15.66;15.71;15.76;15.81,,,0,0,32,"32,32,32,32,32,32,32,32,32,32,32,32,32,32,32,32,32,32,32,32,32,32,32,32,32,32,32,32,32,32,32,32,32,32,32,32,32"
480,Stage1,52.01,,,,,,,,"4,9",,,
480,Stage2,52.01,28.27,,,,,,,"4,9",0,,
480,PowerOpt,52.01,28.27,28.27,,,,"113.70,46.66,25.99,17.82,16.48,10.72,8.22,6.18,3.01,2.20,1.61,1.13,0.48,0.42,0.24,0.21,0.18,0.15,0.11,0.09,0.07,0.05,0.04,0.04,0.03,0.03,0.03,0.02,0.02,0.01,0.01","1.45,0.55","4,9",0,,
480,Stage3,52.01,28.27,28.27,28.25,,,,,"4,9",0,32,
480,Stage3_PowerOpt,52.01,28.27,28.27,,28.25,,"28.56,11.71,6.52,4.40,4.12,2.67,2.03,1.53,0.73,0.54,0.39,0.27,0.11,0.10,0.06,0.05,0.04,0.04,0.02,0.02,0.02,0.01,0.01","1.45,0.55","4,9",0,32,
480,Stage4,52.01,28.27,28.27,,28.25,8.99;15.61;18.41;19.63;20.43;21.08;21.69;22.19;22.48;22.81;23.07;23.31;23.53;23.74;23.98;24.19;24.35;24.53;24.68;24.82;24.96;25.09;25.23;25.37;25.48;25.61;25.72;25.81;25.90;26.01;26.11;26.21;26.30;26.39;26.48;26.55;26.63;26.70;26.78;26.86,,,"4,9",0,32,"32,32,32,32,32,32,32,32,32,32,32,32,32,32,32,32,32,32,32,32,32,32,32,32,32,32,32,32,32,32,32,32,32,32,32,32,32,32,32,32"
481,Stage1,35.41,,,,,,,,"0,12,4",,,
481,Stage2,35.41,30.78,,,,,,,"0,12,4",0,,
481,PowerOpt,35.41,30.78,30.78,,,,"187.62,45.31,12.88,7.04,1.29,0.63,0.50,0.19,0.14,0.12,0.11,0.06,0.03,0.01","2.96,0.04,0.00","0,12,4",0,,
481,Stage3,35.41,30.78,30.78,26.90,,,,,"0,12,4",0,"24,48",
481,Stage3_PowerOpt,35.41,30.78,30.78,,26.90,,"47.65,11.39,3.15,1.58,0.12,0.03,0.03,0.02,0.01","2.98,0.02,0.00","0,12,4",0,"24,48",
481,Stage4,35.41,30.78,30.78,,26.90,9.99;13.56;15.31;16.48;17.45;18.18;18.65;19.01;19.33;19.68;20.07;20.44;20.77;21.04;21.28;21.52;21.74;21.93;22.13;22.33;22.53;22.71;22.87;23.05;23.21;23.34;23.49;23.63;23.77;23.90;24.03;24.17;24.30;24.41;24.52;24.63;24.74;24.84;24.95;25.06;25.17;25.27;25.35;25.45;25.53;25.63,,,"0,12,4",0,"24,48","24,48,24,48,24,48,48,48,48,24,24,24,24,24,48,48,48,48,24,24,24,24,48,48,48,48,24,24,24,24,48,48,48,48,24,24,24,48,48,48,48,24,48,24,24,48"
482,Stage1,33.65,,,,,,,,"0,12,4",,,
482,Stage2,33.65,29.84,,,,,,,"0,12,4",0,,
482,PowerOpt,33.65,29.84,29.84,,,,"194.49,33.50,16.91,3.93,2.84,2.35,0.73,0.60,0.28,0.11,0.08,0.08,0.03,0.02,0.01","2.95,0.05,0.00","0,12,4",0,,
482,Stage3,33.65,29.84,29.84,25.67,,,,,"0,12,4",0,"24,48",
482,Stage3_PowerOpt,33.65,29.84,29.84,,25.67,,"49.40,8.51,4.28,0.89,0.67,0.14,0.04,0.02,0.02,0.01","2.98,0.02,0.00","0,12,4",0,"24,48",
482,Stage4,33.65,29.84,29.84,,25.67,10.08;13.33;14.99;16.00;16.84;17.52;17.98;18.33;18.66;19.05;19.43;19.78;20.06;20.29;20.49;20.67;20.89;21.05;21.26;21.46;21.64;21.79;21.94;22.08;22.25;22.39;22.53;22.67;22.81;22.93;23.05;23.17;23.30;23.41;23.52;23.63;23.73;23.83;23.93;24.03;24.13;24.21;24.30;24.39,,,"0,12,4",0,"24,48","24,48,24,48,24,48,48,48,48,24,24,24,24,24,48,48,48,48,24,24,24,24,48,48,48,48,24,24,24,24,48,48,48,48,24,24,24,48,48,48,48,24,24,24"
483,Stage1,33.15,,,,,,,,"0,8",,,
483,Stage2,33.15,25.67,,,,,,,"0,8",0,,
483,PowerOpt,33.15,25.67,25.67,,,,"171.11,41.59,28.48,7.58,4.37,1.58,0.99,0.17,0.05,0.02","1.99,0.01","0,8",0,,
483,Stage3,33.15,25.67,25.67,23.93,,,,,"0,8",0,"24,49,31,49,31",
483,Stage3_PowerOpt,33.15,25.67,25.67,,23.93,,"42.68,10.67,6.96,1.86,1.19,0.36,0.22,0.04,0.01","1.99,0.01","0,8",0,"24,49,31,49,31",
483,Stage4,33.15,25.67,25.67,,23.93,9.80;12.47;13.94;15.05;15.88;16.62;17.08;17.47;17.84;18.17;18.50;18.79;19.05;19.31;19.54;19.75;19.95;20.12;20.31;20.49;20.65;20.80;20.94;21.07;21.21;21.33;21.46;21.59;21.70;21.81;21.91;22.01;22.12;22.22;22.32;22.42;22.51;22.60;22.67;22.75,,,"0,8",0,"24,49,31,49,31","31,49,31,49,31,49,49,31,49,31,31,31,31,49,49,49,49,31,31,31,31,49,49,49,49,31,31,31,31,49,49,49,49,49,31,31,31,49,49,49"
484,Stage1,31.05,,,,,,,,"0,8,8",,,
484,Stage2,31.05,26.13,,,,,,,"0,8,8",0,,
484,PowerOpt,31.05,26.13,26.13,,,,"148.53,74.20,20.51,8.84,2.84,0.53,0.44,0.04,0.01","2.99,0.00,0.00","0,8,8",0,,
484,Stage3,31.05,26.13,26.13,24.30,,,,,"0,8,8",0,"24,49,23,49,23",
484,Stage3_PowerOpt,31.05,26.13,26.13,,24.30,,"38.04,16.79,5.52,2.55,0.80,0.16,0.11,0.01","3.00,0.00,0.00","0,8,8",0,"24,49,23,49,23",
484,Stage4,31.05,26.13,26.13,,24.30,10.09;12.75;14.45;15.63;16.53;17.26;17.71;18.05;18.36;18.74;19.13;19.49;19.78;20.01;20.21;20.39;20.58;20.75;20.93;21.12;21.30;21.44;21.56;21.69;21.81;21.92;22.05;22.18;22.30;22.41;22.50;22.58;22.67;22.75;22.85;22.96;23.06;23.13,,,"0,8,8",0,"24,49,23,49,23","23,49,23,49,23,49,49,49,49,23,23,23,23,23,49,49,49,49,23,23,23,23,49,49,49,49,23,23,23,49,49,49,49,49,23,23,23,23"
485,Stage1,30.77,,,,,,,,"0,8",,,
485,Stage2,30.77,25.46,,,,,,,"0,8",0,,
485,PowerOpt,30.77,25.46,25.46,,,,"206.39,35.09,12.47,1.05,0.67,0.21,0.04,0.02","2.00,0.00","0,8",0,,
485,Stage3,30.77,25.46,25.46,23.84,,,,,"0,8",0,"24,49,23,49,23",
485,Stage3_PowerOpt,30.77,25.46,25.46,,23.84,,"51.93,8.28,3.28,0.28,0.16,0.05","2.00,0.00","0,8",0,"24,49,23,49,23",
485,Stage4,30.77,25.46,25.46,,23.84,9.70;12.60;14.22;15.22;16.18;16.88;17.39;17.92;18.29;18.56;18.86;19.15;19.42;19.65;19.86;20.06;20.27;20.43;20.62;20.81;20.99;21.14;21.27;21.39;21.53;21.64;21.77;21.90;22.02;22.12;22.22;22.31;22.41;22.50;22.60;22.69,,,"0,8",0,"24,49,23,49,23","23,49,23,49,23,49,23,49,49,23,23,23,23,49,49,49,49,49,23,23,23,23,49,49,49,49,23,23,23,23,49,49,49,49,23,23"
486,Stage1,22.83,,,,,,,,12,,,
486,Stage2,22.83,16.92,,,,,,,12,12,,
486,PowerOpt,22.83,16.92,16.92,,,,"132.97,37.15,15.56,15.11,9.13,8.52,6.77,4.08,3.50,3.18,2.97,2.86,2.15,1.55,1.40,1.30,1.17,1.10,0.72,0.64,0.59,0.49,0.30,0.27,0.25,0.22,0.22,0.20,0.17,0.16,0.13,0.10,0.09,0.08,0.08,0.07,0.07,0.06,0.06,0.05,0.04,0.04,0.04,0.03,0.03,0.03,0.03,0.02,0.02,0.02,0.02,0.01,0.01,0.01,0.01",1.00,12,12,,
486,Stage3,22.83,16.92,16.92,16.98,,,,,12,12,23,
486,Stage3_PowerOpt,22.83,16.92,16.92,,16.98,,"18.57,13.27,11.17,8.87,4.27,2.23,2.02,1.07,0.82,0.50,0.31,0.19,0.13,0.11,0.09,0.06,0.06,0.05,0.04,0.04,0.03,0.02,0.02,0.01,0.01",1.00,12,12,23,
486,Stage4,22.83,16.92,16.92,,16.98,9.21;10.82;11.84;12.55;13.05;13.38;13.58;13.69;13.77;13.92;14.11;14.31;14.50;14.64;14.74;14.80;14.85;14.93;15.04;15.16;15.28;15.37;15.44;15.48;15.51;15.57;15.65;15.73;15.81;15.88;15.93;15.96;15.98;16.03;16.09;16.15,,,12,12,23,"23,23,23,23,23,23,23,23,23,23,23,23,23,23,23,23,23,23,23,23,23,23,23,23,23,23,23,23,23,23,23,23,23,23,23,23"
487,Stage1,29.76,,,,,,,,"0,15",,,
487,Stage2,29.76,22.17,,,,,,,"0,15",0,,
487,PowerOpt,29.76,22.17,22.17,,,,"184.81,40.11,19.86,6.49,1.51,1.36,1.02,0.28,0.18,0.15,0.05,0.04,0.02,0.02,0.01,0.01","2.00,0.00","0,15",0,,
487,Stage3,29.76,22.17,22.17,21.02,,,,,"0,15",0,"23,0,23,0,23",
487,Stage3_PowerOpt,29.76,22.17,22.17,,21.02,,"46.17,10.23,5.11,1.69,0.39,0.25,0.08,0.04","2.00,0.00","0,15",0,"23,0,23,0,23",
487,Stage4,29.76,22.17,22.17,,21.02,10.43;12.00;12.99;13.64;14.07;14.46;14.88;15.21;15.58;15.83;16.16;16.46;16.72;16.92;17.10;17.26;17.44;17.58;17.76;17.94;18.10;18.23;18.35;18.45;18.58;18.67;18.80;18.93;19.05;19.14;19.23;19.31;19.40;19.48;19.58;19.68;19.77;19.84;19.91;19.98,,,"0,15",0,"23,0,23,0,23","23,23,23,23,23,0,0,0,0,0,23,23,23,23,0,0,0,0,23,23,23,23,0,0,0,0,23,23,23,23,0,0,0,0,23,23,23,23,0,0"
488,Stage1,30.04,,,,,,,,"0,15",,,
488,Stage2,30.04,22.11,,,,,,,"0,15",0,,
488,PowerOpt,30.04,22.11,22.11,,,,"200.93,22.44,21.41,3.54,2.64,2.23,1.13,0.45,0.33,0.19,0.17,0.16,0.12,0.05,0.04,0.02,0.02,0.02,0.02,0.01","2.00,0.00","0,15",0,,
488,Stage3,30.04,22.11,22.11,21.22,,,,,"0,15",0,"23,0",
488,Stage3_PowerOpt,30.04,22.11,22.11,,21.22,,"50.84,5.58,5.34,0.86,0.55,0.36,0.26,0.07,0.04,0.03,0.03","2.00,0.00","0,15",0,"23,0",
488,Stage4,30.04,22.11,22.11,,21.22,10.94;12.32;13.16;13.70;14.12;14.59;14.95;15.25;15.59;15.93;16.28;16.58;16.81;17.00;17.16;17.33;17.52;17.69;17.89;18.08;18.24;18.36;18.47;18.58;18.72;18.84;18.97;19.12;19.25;19.34;19.43;19.52;19.62;19.71;19.81;19.91;20.01;20.09;20.17,,,"0,15",0,"23,0","23,23,23,23,0,0,0,0,0,23,23,23,23,0,0,0,0,23,23,23,23,0,0,0,0,0,23,23,23,23,0,0,0,0,23,23,23,23,0"
489,Stage1,21.30,,,,,,,,15,,,
489,Stage2,21.30,16.92,,,,,,,15,15,,
489,PowerOpt,21.30,16.92,16.92,,,,"59.07,32.72,23.63,21.12,17.12,10.06,8.09,7.80,7.55,6.82,6.27,6.05,4.94,4.00,3.81,3.34,3.10,2.54,2.35,2.21,2.05,1.84,1.68,1.46,1.38,1.31,1.27,1.11,1.00,0.81,0.75,0.73,0.69,0.63,0.56,0.47,0.44,0.42,0.42,0.36,0.32,0.29,0.26,0.25,0.22,0.20,0.19,0.17,0.16,0.16,0.13,0.13,0.12,0.11,0.10,0.10,0.09,0.09,0.08,0.08,0.07,0.06,0.06,0.06,0.05,0.05,0.05,0.04,0.04,0.03,0.03,0.02,0.02,0.02,0.02,0.02,0.01,0.01,0.01",1.00,15,15,,
489,Stage3,21.30,16.92,16.92,17.06,,,,,15,15,23,
489,Stage3_PowerOpt,21.30,16.92,16.92,,17.06,,"21.05,15.63,7.41,4.01,2.83,2.65,2.18,1.39,1.25,1.05,0.72,0.61,0.48,0.44,0.40,0.25,0.24,0.21,0.19,0.12,0.12,0.10,0.07,0.06,0.06,0.05,0.04,0.04,0.04,0.04,0.03,0.03,0.03,0.02,0.02,0.02,0.02,0.01,0.01",1.00,15,15,23,
489,Stage4,21.30,16.92,16.92,,17.06,10.40;11.52;12.27;12.84;13.27;13.58;13.79;13.94;14.07;14.21;14.37;14.53;14.69;14.82;14.91;14.99;15.05;15.13;15.22;15.32;15.42;15.50;15.56;15.61;15.65;15.71;15.77;15.84;15.91;15.97;16.01;16.05;16.08;16.12;16.17;16.23,,,15,15,23,"23,23,23,23,23,23,23,23,23,23,23,23,23,23,23,23,23,23,23,23,23,23,23,23,23,23,23,23,23,23,23,23,23,23,23,23"
490,Stage1,24.26,,,,,,,,15,,,
490,Stage2,24.26,16.93,,,,,,,15,15,,
490,PowerOpt,24.26,16.93,16.93,,,,"69.10,44.52,27.66,21.44,17.48,11.02,8.57,6.49,5.77,4.56,4.08,3.65,3.54,3.07,2.56,2.23,1.68,1.56,1.48,1.43,1.33,1.18,1.04,0.94,0.83,0.79,0.73,0.63,0.53,0.50,0.48,0.44,0.38,0.37,0.33,0.30,0.29,0.28,0.26,0.23,0.22,0.18,0.17,0.16,0.14,0.13,0.12,0.09,0.08,0.08,0.07,0.06,0.06,0.05,0.05,0.05,0.05,0.04,0.04,0.04,0.03,0.03,0.03,0.03,0.02,0.02,0.02,0.02,0.02,0.01,0.01",1.00,15,15,,
490,Stage3,24.26,16.93,16.93,16.87,,,,,15,15,23,
490,Stage3_PowerOpt,24.26,16.93,16.93,,16.87,,"19.41,16.90,7.88,5.16,3.94,3.09,2.09,1.40,1.04,0.62,0.36,0.34,0.31,0.29,0.24,0.19,0.09,0.09,0.08,0.07,0.07,0.05,0.04,0.03,0.03,0.03,0.02,0.02,0.02,0.01,0.01,0.01",1.00,15,15,23,
490,Stage4,24.26,16.93,16.93,,16.87,8.61;10.20;11.24;12.00;12.55;12.96;13.26;13.46;13.55;13.68;13.86;14.05;14.24;14.40;14.54;14.63;14.69;14.77;14.88;14.99;15.11;15.21;15.29;15.36;15.40;15.46;15.54;15.62;15.70;15.77;15.83;15.87;15.90;15.95;16.01;16.07,,,15,15,23,"23,23,23,23,23,23,23,23,23,23,23,23,23,23,23,23,23,23,23,23,23,23,23,23,23,23,23,23,23,23,23,23,23,23,23,23"
491,Stage1,20.61,,,,,,,,15,,,
491,Stage2,20.61,16.93,,,,,,,15,15,,
491,PowerOpt,20.61,16.93,16.93,,,,"77.92,69.98,26.91,15.90,14.67,12.91,7.97,6.96,5.46,4.30,3.40,1.20,1.09,1.00,0.89,0.70,0.49,0.47,0.43,0.38,0.30,0.27,0.21,0.19,0.18,0.16,0.15,0.15,0.14,0.12,0.11,0.11,0.09,0.08,0.07,0.06,0.05,0.05,0.04,0.04,0.03,0.03,0.03,0.03,0.03,0.02,0.02,0.02,0.02,0.02,0.02,0.01,0.01",1.00,15,15,,
491,Stage3,20.61,16.93,16.93,16.99,,,,,15,15,15,
491,Stage3_PowerOpt,20.61,16.93,16.93,,16.99,,"27.74,14.41,7.99,3.62,2.97,2.09,1.80,0.80,0.62,0.48,0.26,0.21,0.19,0.13,0.10,0.09,0.08,0.06,0.06,0.04,0.03,0.03,0.03,0.02,0.02,0.01,0.01,0.01,0.01",1.00,15,15,15,
491,Stage4,20.61,16.93,16.93,,16.99,9.03;10.55;11.56;12.30;12.84;13.25;13.53;13.73;13.81;13.93;14.10;14.29;14.47;14.63;14.75;14.84;14.89;14.97;15.07;15.18;15.29;15.39;15.46;15.51;15.55;15.61;15.68;15.76;15.84;15.91;15.96;15.99;16.02;16.07;16.13;16.19,,,15,15,15,"15,15,15,15,15,15,15,15,15,15,15,15,15,15,15,15,15,15,15,15,15,15,15,15,15,15,15,15,15,15,15,15,15,15,15,15"
492,Stage1,21.63,,,,,,,,15,,,
492,Stage2,21.63,16.91,,,,,,,15,15,,
492,PowerOpt,21.63,16.91,16.91,,,,"98.80,69.91,24.15,19.11,13.75,10.59,6.00,3.67,2.76,1.64,1.31,0.78,0.62,0.49,0.34,0.24,0.18,0.16,0.15,0.14,0.13,0.12,0.11,0.08,0.07,0.07,0.06,0.04,0.04,0.04,0.04,0.03,0.03,0.03,0.02,0.02,0.02,0.02,0.01,0.01,0.01,0.01,0.01,0.01",1.00,15,15,,
492,Stage3,21.63,16.91,16.91,17.03,,,,,15,15,15,
492,Stage3_PowerOpt,21.63,16.91,16.91,,17.03,,"36.97,13.08,5.54,4.08,1.40,1.09,0.56,0.42,0.27,0.11,0.09,0.08,0.05,0.04,0.03,0.03,0.02,0.02,0.02,0.01,0.01,0.01",1.00,15,15,15,
492,Stage4,21.63,16.91,16.91,,17.03,9.36;10.73;11.67;12.37;12.91;13.31;13.58;13.75;13.84;13.96;14.13;14.32;14.51;14.67;14.79;14.87;14.91;14.99;15.09;15.21;15.32;15.42;15.49;15.54;15.58;15.63;15.71;15.79;15.87;15.94;15.99;16.02;16.05;16.09;16.15;16.21,,,15,15,15,"15,15,15,15,15,15,15,15,15,15,15,15,15,15,15,15,15,15,15,15,15,15,15,15,15,15,15,15,15,15,15,15,15,15,15,15"
493,Stage1,20.59,,,,,,,,"15,4,0",,,
493,Stage2,20.59,18.41,,,,,,,"15,4,0",15,,
493,PowerOpt,20.59,18.41,18.41,,,,"135.23,41.61,39.53,16.07,6.96,4.61,3.39,2.37,1.57,0.99,0.94,0.68,0.49,0.31,0.29,0.20,0.14,0.11,0.10,0.07,0.06,0.05,0.03,0.03,0.02,0.02,0.02,0.01,0.01","2.84,0.14,0.02","15,4,0",15,,
493,Stage3,20.59,18.41,18.41,18.39,,,,,"15,4,0",15,15,
493,Stage3_PowerOpt,20.59,18.41,18.41,,18.39,,"42.14,12.96,5.04,2.13,0.56,0.42,0.16,0.15,0.10,0.08,0.06,0.05,0.04,0.02,0.02,0.01,0.01","2.86,0.12,0.02","15,4,0",15,15,
493,Stage4,20.59,18.41,18.41,,18.39,10.62;11.84;12.58;13.10;13.46;13.71;13.89;14.00;14.14;14.30;14.48;14.65;14.80;14.93;15.03;15.14;15.22;15.32;15.44;15.56;15.66;15.75;15.83;15.92;15.99;16.06;16.15;16.25;16.33;16.40;16.46;16.53;16.59;16.66;16.73;16.81;16.88;16.95;17.00;17.05;17.11;17.17;17.23;17.31;17.38;17.43;17.48,,,"15,4,0",15,15,"15,15,15,15,15,15,15,15,15,15,15,15,15,15,15,15,15,15,15,15,15,15,15,15,15,15,15,15,15,15,15,15,15,15,15,15,15,15,15,15,15,15,15,15,15,15,15"
494,Stage1,20.17,,,,,,,,"11,12",,,
494,Stage2,20.17,17.85,,,,,,,"11,12",15,,
494,PowerOpt,20.17,17.85,17.85,,,,"89.15,65.82,26.33,21.26,14.66,12.21,9.21,4.92,3.19,2.55,1.56,1.34,1.10,0.56,0.43,0.25,0.17,0.13,0.12,0.11,0.10,0.09,0.09,0.07,0.06,0.05,0.05,0.04,0.03,0.03,0.03,0.02,0.02,0.02,0.02,0.02,0.01,0.01,0.01,0.01,0.01","1.80,0.20","11,12",15,,
494,Stage3,20.17,17.85,17.85,17.75,,,,,"11,12",15,7,
494,Stage3_PowerOpt,20.17,17.85,17.85,,17.75,,"41.87,10.03,5.52,2.35,1.17,0.72,0.55,0.37,0.21,0.13,0.12,0.11,0.09,0.09,0.08,0.07,0.06,0.06,0.05,0.04,0.04,0.03,0.03,0.02,0.02,0.02,0.02,0.02,0.01,0.01,0.01,0.01,0.01","1.96,0.04","11,12",15,7,
494,Stage4,20.17,17.85,17.85,,17.75,10.87;12.11;12.89;13.44;13.84;14.11;14.30;14.41;14.54;14.70;14.87;15.04;15.19;15.32;15.40;15.47;15.53;15.62;15.71;15.82;15.91;15.99;16.05;16.09;16.14;16.20;16.26;16.33;16.40;16.46;16.51;16.54;16.57;16.61;16.66;16.72;16.77;16.82;16.85;16.88,,,"11,12",15,7,"7,7,7,7,7,7,7,7,7,7,7,7,7,7,7,7,7,7,7,7,7,7,7,7,7,7,7,7,7,7,7,7,7,7,7,7,7,7,7,7"
495,Stage1,20.09,,,,,,,,11,,,
495,Stage2,20.09,16.92,,,,,,,11,15,,
495,PowerOpt,20.09,16.92,16.92,,,,"133.37,46.34,30.47,11.88,10.59,7.24,5.39,3.96,1.81,1.17,0.96,0.64,0.45,0.30,0.20,0.18,0.11,0.11,0.09,0.07,0.07,0.06,0.06,0.05,0.03,0.03,0.03,0.03,0.02,0.02,0.02,0.02,0.02,0.02,0.02,0.02,0.01,0.01,0.01,0.01",1.00,11,15,,
495,Stage3,20.09,16.92,16.92,16.93,,,,,11,15,7,
495,Stage3_PowerOpt,20.09,16.92,16.92,,16.93,,"41.63,14.59,3.42,2.24,0.58,0.34,0.26,0.16,0.10,0.08,0.07,0.06,0.05,0.05,0.05,0.04,0.03,0.03,0.03,0.02,0.02,0.02,0.01,0.01,0.01,0.01",1.00,11,15,7,
495,Stage4,20.09,16.92,16.92,,16.93,10.52;11.64;12.31;12.79;13.14;13.40;13.58;13.72;13.88;14.05;14.22;14.38;14.52;14.64;14.74;14.81;14.89;14.99;15.08;15.18;15.27;15.35;15.42;15.47;15.52;15.58;15.65;15.72;15.78;15.84;15.89;15.93;15.97;16.01;16.06;16.12,,,11,15,7,"7,7,7,7,7,7,7,7,7,7,7,7,7,7,7,7,7,7,7,7,7,7,7,7,7,7,7,7,7,7,7,7,7,7,7,7"
496,Stage1,19.92,,,,,,,,11,,,
496,Stage2,19.92,16.92,,,,,,,11,11,,
496,PowerOpt,19.92,16.92,16.92,,,,"128.21,57.17,28.67,20.56,10.64,3.54,3.14,1.43,0.76,0.39,0.30,0.24,0.19,0.17,0.13,0.07,0.06,0.04,0.03,0.03,0.02,0.02,0.02,0.01,0.01,0.01",1.00,11,11,,
496,Stage3,19.92,16.92,16.92,16.72,,,,,11,11,62,
496,Stage3_PowerOpt,19.92,16.92,16.92,,16.72,,"35.39,16.06,7.72,2.92,0.98,0.51,0.18,0.08,0.04,0.04,0.02,0.02",1.00,11,11,62,
496,Stage4,19.92,16.92,16.92,,16.72,10.43;11.54;12.20;12.65;12.97;13.20;13.35;13.45;13.63;13.81;14.00;14.16;14.30;14.42;14.50;14.56;14.65;14.75;14.86;14.96;15.05;15.13;15.19;15.24;15.29;15.36;15.43;15.50;15.57;15.63;15.68;15.72;15.76;15.80;15.85;15.91,,,11,11,62,"62,62,62,62,62,62,62,62,62,62,62,62,62,62,62,62,62,62,62,62,62,62,62,62,62,62,62,62,62,62,62,62,62,62,62,62"
497,Stage1,21.40,,,,,,,,11,,,
497,Stage2,21.40,17.06,,,,,,,11,11,,
497,PowerOpt,21.40,17.06,17.06,,,,"171.23,47.91,17.92,8.43,4.56,2.93,0.70,0.55,0.34,0.31,0.25,0.19,0.10,0.09,0.06,0.04,0.04,0.04,0.03,0.03,0.02,0.02,0.02,0.02,0.01,0.01,0.01,0.01",1.00,11,11,,
497,Stage3,21.40,17.06,17.06,17.06,,,,,11,11,62,
497,Stage3_PowerOpt,21.40,17.06,17.06,,17.06,,"43.52,12.31,4.63,2.21,0.80,0.18,0.08,0.08,0.06,0.03,0.03,0.02",1.00,11,11,62,
497,Stage4,21.40,17.06,17.06,,17.06,10.39;11.63;12.37;12.87;13.20;13.42;13.57;13.65;13.82;14.02;14.23;14.42;14.58;14.70;14.78;14.83;14.90;15.01;15.13;15.26;15.36;15.45;15.51;15.55;15.59;15.66;15.74;15.83;15.91;15.97;16.02;16.05;16.08;16.13;16.18;16.25,,,11,11,62,"62,62,62,62,62,62,62,62,62,62,62,62,62,62,62,62,62,62,62,62,62,62,62,62,62,62,62,62,62,62,62,62,62,62,62,62"
498,Stage1,24.33,,,,,,,,"11,0",,,
498,Stage2,24.33,18.74,,,,,,,"11,0",12,,
498,PowerOpt,24.33,18.74,18.74,,,,"100.91,78.83,31.65,19.05,8.85,6.87,4.66,1.71,1.22,0.93,0.61,0.28,0.09,0.08,0.06,0.03,0.02,0.02,0.01,0.01,0.01","1.98,0.02","11,0",12,,
498,Stage3,24.33,18.74,18.74,18.25,,,,,"11,0",12,"55,55,48,55,55",
498,Stage3_PowerOpt,24.33,18.74,18.74,,18.25,,"41.94,13.09,3.46,2.76,1.36,0.56,0.31,0.25,0.11,0.07,0.02,0.02,0.01","1.99,0.01","11,0",12,"55,55,48,55,55",
498,Stage4,24.33,18.74,18.74,,18.25,10.17;11.35;12.07;12.55;12.88;13.11;13.25;13.34;13.53;13.74;13.96;14.16;14.33;14.48;14.59;14.70;14.83;14.97;15.12;15.26;15.38;15.49;15.58;15.68;15.78;15.89;16.00;16.11;16.21;16.29;16.37;16.44;16.52;16.61;16.69;16.78;16.86;16.93;16.99;17.05;17.12;17.19;17.26;17.33;17.39,,,"11,0",12,"55,55,48,55,55","55,55,55,55,55,55,55,55,55,55,55,55,55,55,55,48,55,55,55,55,55,55,48,48,48,55,55,55,55,55,48,48,48,55,55,55,55,55,48,48,55,55,55,55,55"
506,Stage1,47.01,,,,,,,,4,,,
506,Stage2,47.01,16.25,,,,,,,4,4,,
506,PowerOpt,47.01,16.25,16.25,,,,"185.95,48.62,12.80,3.87,2.30,0.93,0.46,0.31,0.29,0.12,0.07,0.05,0.04,0.03,0.02,0.02,0.01,0.01",1.00,4,4,,
506,Stage3,47.01,16.25,16.25,16.31,,,,,4,4,33,
506,Stage3_PowerOpt,47.01,16.25,16.25,,16.31,,"46.95,11.98,3.16,0.88,0.53,0.22,0.08,0.07,0.06,0.02",1.00,4,4,33,
506,Stage4,47.01,16.25,16.25,,16.31,8.14;10.71;11.48;12.03;12.45;12.79;13.07;13.30;13.48;13.62;13.75;13.86;13.98;14.09;14.20;14.30;14.40;14.48;14.55;14.62;14.68;14.75;14.82;14.89;14.95;15.01;15.06;15.11;15.16;15.20;15.25;15.30;15.35;15.40;15.44;15.47;15.51,,,4,4,33,"33,33,33,33,33,33,33,33,33,33,33,33,33,33,33,33,33,33,33,33,33,33,33,33,33,33,33,33,33,33,33,33,33,33,33,33,33"
507,Stage1,33.18,,,,,,,,"12,4",,,
507,Stage2,33.18,24.09,,,,,,,"12,4",0,,
507,PowerOpt,33.18,24.09,24.09,,,,"197.54,51.19,4.28,1.75,0.57,0.39,0.09,0.07,0.03,0.01,0.01","1.98,0.02","12,4",0,,
507,Stage3,33.18,24.09,24.09,24.27,,,,,"12,4",0,"32,39,32,32,39",
507,Stage3_PowerOpt,33.18,24.09,24.09,,24.27,,"49.15,13.10,1.06,0.39,0.14,0.10,0.02,0.02","1.98,0.02","12,4",0,"32,39,32,32,39",
507,Stage4,33.18,24.09,24.09,,24.27,10.57;13.06;14.64;15.88;16.71;17.33;17.81;18.18;18.52;18.88;19.23;19.53;19.78;19.98;20.17;20.34;20.53;20.70;20.88;21.05;21.20;21.33;21.45;21.56;21.70;21.81;21.93;22.05;22.16;22.25;22.34;22.43;22.53;22.62;22.70;22.79;22.87;22.95;23.02;23.09,,,"12,4",0,"32,39,32,32,39","39,32,39,32,32,32,32,32,32,39,39,39,39,32,32,32,32,39,39,39,39,32,32,32,32,32,39,39,39,39,32,32,32,32,39,39,39,39,32,32"
508,Stage1,25.45,,,,,,,,12,,,
508,Stage2,25.45,16.83,,,,,,,12,15,,
508,PowerOpt,25.45,16.83,16.83,,,,"140.74,91.34,19.51,1.86,0.48,0.43,0.26,0.18,0.16,0.14,0.11,0.09,0.07,0.07,0.06,0.06,0.04,0.04,0.03,0.03,0.03,0.02,0.02,0.02,0.02,0.02,0.02,0.01,0.01,0.01",1.00,12,15,,
508,Stage3,25.45,16.83,16.83,16.97,,,,,12,15,39,
508,Stage3_PowerOpt,25.45,16.83,16.83,,16.97,,"34.31,23.57,5.28,0.50,0.07,0.05,0.05,0.02,0.02,0.02,0.01,0.01,0.01",1.00,12,15,39,
508,Stage4,25.45,16.83,16.83,,16.97,10.68;11.97;12.74;13.24;13.57;13.78;13.89;13.94;14.07;14.24;14.43;14.61;14.76;14.86;14.92;14.95;15.01;15.09;15.20;15.31;15.40;15.47;15.52;15.54;15.58;15.63;15.70;15.78;15.85;15.91;15.94;15.97;15.99;16.02;16.08;16.13,,,12,15,39,"39,39,39,39,39,39,39,39,39,39,39,39,39,39,39,39,39,39,39,39,39,39,39,39,39,39,39,39,39,39,39,39,39,39,39,39"
509,Stage1,35.65,,,,,,,,8,,,
509,Stage2,35.65,15.16,,,,,,,8,4,,
509,PowerOpt,35.65,15.16,15.16,,,,"184.26,59.87,9.57,1.70,0.45,0.07,0.02",1.00,8,4,,
509,Stage3,35.65,15.16,15.16,15.34,,,,,8,4,33,
509,Stage3_PowerOpt,35.65,15.16,15.16,,15.34,,"46.17,14.84,2.43,0.43,0.11,0.02",1.00,8,4,33,
509,Stage4,35.65,15.16,15.16,,15.34,8.10;9.72;10.47;11.02;11.45;11.79;12.06;12.30;12.49;12.64;12.76;12.87;12.98;13.09;13.20;13.30;13.41;13.49;13.56;13.63;13.69;13.76;13.82;13.89;13.96;14.02;14.07;14.12;14.17;14.21;14.26;14.31;14.37;14.42;14.46;14.49;14.53;14.56;14.60,,,8,4,33,"33,33,33,33,33,33,33,33,33,33,33,33,33,33,33,33,33,33,33,33,33,33,33,33,33,33,33,33,33,33,33,33,33,33,33,33,33,33,33"
514,Stage1,53.31,,,,,,,,"4,9",,,
514,Stage2,53.31,28.61,,,,,,,"4,9",0,,
514,PowerOpt,53.31,28.61,28.61,,,,"102.86,51.39,33.63,16.90,14.03,10.58,10.14,5.42,2.32,1.97,1.70,1.26,1.02,0.78,0.62,0.51,0.33,0.22,0.11,0.05,0.04,0.02,0.02,0.02,0.01","1.58,0.42","4,9",0,,
514,Stage3,53.31,28.61,28.61,28.57,,,,,"4,9",0,32,
514,Stage3_PowerOpt,53.31,28.61,28.61,,28.57,,"25.81,12.89,8.41,4.24,3.50,2.62,2.51,1.35,0.57,0.49,0.40,0.31,0.24,0.19,0.15,0.12,0.08,0.05,0.03,0.01","1.58,0.42","4,9",0,32,
514,Stage4,53.31,28.61,28.61,,28.57,9.40;16.00;18.60;19.81;20.67;21.34;21.90;22.38;22.72;23.03;23.28;23.52;23.74;23.96;24.17;24.38;24.57;24.74;24.88;25.03;25.16;25.29;25.43;25.56;25.69;25.81;25.92;26.02;26.12;26.22;26.31;26.41;26.51;26.60;26.69;26.77;26.85;26.93;27.01;27.08;27.17,,,"4,9",0,32,"32,32,32,32,32,32,32,32,32,32,32,32,32,32,32,32,32,32,32,32,32,32,32,32,32,32,32,32,32,32,32,32,32,32,32,32,32,32,32,32,32"
515,Stage1,53.77,,,,,,,,"4,9",,,
515,Stage2,53.77,28.55,,,,,,,"4,9",0,,
515,PowerOpt,53.77,28.55,28.55,,,,"111.46,42.54,31.93,21.15,12.92,10.46,6.45,4.62,3.43,2.55,1.78,1.70,1.22,1.04,0.77,0.62,0.54,0.40,0.13,0.09,0.05,0.03,0.02,0.02,0.01","1.50,0.50","4,9",0,,
515,Stage3,53.77,28.55,28.55,28.50,,,,,"4,9",0,32,
515,Stage3_PowerOpt,53.77,28.55,28.55,,28.50,,"28.02,10.69,7.99,5.29,3.17,2.61,1.62,1.15,0.80,0.62,0.44,0.41,0.29,0.26,0.19,0.15,0.13,0.10,0.03,0.02,0.01","1.50,0.50","4,9",0,32,
515,Stage4,53.77,28.55,28.55,,28.50,9.35;15.90;18.47;19.68;20.51;21.18;21.74;22.23;22.59;22.89;23.15;23.39;23.61;23.82;24.03;24.24;24.43;24.61;24.75;24.90;25.04;25.16;25.30;25.44;25.57;25.69;25.80;25.90;26.01;26.10;26.21;26.30;26.41;26.50;26.59;26.67;26.75;26.83;26.91;26.99;27.08,,,"4,9",0,32,"32,32,32,32,32,32,32,32,32,32,32,32,32,32,32,32,32,32,32,32,32,32,32,32,32,32,32,32,32,32,32,32,32,32,32,32,32,32,32,32,32"
516,Stage1,53.79,,,,,,,,"4,9",,,
516,Stage2,53.79,28.81,,,,,,,"4,9",0,,
516,PowerOpt,53.79,28.81,28.81,,,,"93.81,59.88,30.15,18.49,14.35,10.92,8.72,5.85,2.92,2.17,1.97,1.87,1.21,0.90,0.84,0.65,0.50,0.37,0.14,0.09,0.06,0.03,0.02,0.02,0.02,0.01","1.52,0.48","4,9",0,,
516,Stage3,53.79,28.81,28.81,28.77,,,,,"4,9",0,32,
516,Stage3_PowerOpt,53.79,28.81,28.81,,28.77,,"23.58,15.01,7.55,4.62,3.59,2.69,2.16,1.46,0.72,0.51,0.49,0.44,0.30,0.22,0.21,0.16,0.12,0.09,0.03,0.02,0.02","1.52,0.48","4,9",0,32,
516,Stage4,53.79,28.81,28.81,,28.77,9.51;16.14;18.88;20.04;20.86;21.53;22.07;22.57;22.92;23.23;23.48;23.72;23.94;24.15;24.36;24.57;24.76;24.94;25.08;25.22;25.36;25.49;25.62;25.76;25.89;26.01;26.11;26.22;26.31;26.41;26.51;26.61;26.71;26.81;26.89;26.97;27.05;27.12;27.20;27.29;27.37,,,"4,9",0,32,"32,32,32,32,32,32,32,32,32,32,32,32,32,32,32,32,32,32,32,32,32,32,32,32,32,32,32,32,32,32,32,32,32,32,32,32,32,32,32,32,32"
517,Stage1,54.07,,,,,,,,"4,9",,,
517,Stage2,54.07,28.75,,,,,,,"4,9",0,,
517,PowerOpt,54.07,28.75,28.75,,,,"72.41,61.43,25.09,24.74,20.14,14.99,10.05,7.13,4.53,4.27,2.66,1.99,1.65,1.53,1.36,0.84,0.48,0.26,0.19,0.08,0.05,0.02,0.02,0.02,0.01,0.01","1.44,0.56","4,9",0,,
517,Stage3,54.07,28.75,28.75,28.70,,,,,"4,9",0,32,
517,Stage3_PowerOpt,54.07,28.75,28.75,,28.70,,"18.15,15.52,6.33,6.20,4.99,3.71,2.49,1.78,1.12,1.00,0.65,0.50,0.40,0.37,0.33,0.20,0.11,0.06,0.05,0.02,0.01","1.44,0.56","4,9",0,32,
517,Stage4,54.07,28.75,28.75,,28.70,9.28;16.03;18.85;20.05;20.87;21.56;22.12;22.60;22.92;23.23;23.48;23.73;23.95;24.16;24.38;24.59;24.77;24.94;25.08;25.23;25.36;25.48;25.62;25.76;25.88;26.00;26.10;26.21;26.31;26.40;26.50;26.59;26.69;26.79;26.87;26.95;27.03;27.10;27.18;27.25;27.34,,,"4,9",0,32,"32,32,32,32,32,32,32,32,32,32,32,32,32,32,32,32,32,32,32,32,32,32,32,32,32,32,32,32,32,32,32,32,32,32,32,32,32,32,32,32,32"
518,Stage1,26.47,,,,,,,,0,,,
518,Stage2,26.47,16.37,,,,,,,0,0,,
518,PowerOpt,26.47,16.37,16.37,,,,"224.40,27.78,3.31,0.27,0.17,0.02",1.00,0,0,,
518,Stage3,26.47,16.37,16.37,16.36,,,,,0,0,32,
518,Stage3_PowerOpt,26.47,16.37,16.37,,16.36,,"56.11,6.94,0.83,0.07,0.04",1.00,0,0,32,
518,Stage4,26.47,16.37,16.37,,16.36,7.87;10.84;11.55;12.06;12.47;12.81;13.10;13.35;13.55;13.69;13.81;13.92;14.02;14.13;14.24;14.35;14.46;14.54;14.61;14.67;14.73;14.80;14.86;14.94;15.01;15.07;15.12;15.16;15.20;15.25;15.30;15.35;15.41;15.45;15.49;15.52;15.56,,,0,0,32,"32,32,32,32,32,32,32,32,32,32,32,32,32,32,32,32,32,32,32,32,32,32,32,32,32,32,32,32,32,32,32,32,32,32,32,32,32"
519,Stage1,53.39,,,,,,,,"9,5,13",,,
519,Stage2,53.39,40.04,,,,,,,"9,5,13",12,,
519,PowerOpt,53.39,40.04,40.04,,,,"89.11,43.88,37.97,24.79,17.64,8.31,8.02,6.21,5.61,3.75,2.48,2.01,1.46,1.26,1.01,0.66,0.52,0.43,0.31,0.18,0.13,0.09,0.06,0.02,0.02,0.01","2.12,0.76,0.12","9,5,13",12,,
519,Stage3,53.39,40.04,40.04,40.19,,,,,"9,5,13",12,39,
519,Stage3_PowerOpt,53.39,40.04,40.04,,40.19,,"21.46,10.70,9.86,6.03,4.60,2.25,2.03,1.77,1.59,1.02,0.66,0.49,0.37,0.31,0.23,0.16,0.13,0.12,0.07,0.05,0.03,0.02,0.02","2.06,0.81,0.13","9,5,13",12,39,
519,Stage4,53.39,40.04,40.04,,40.19,10.04;18.18;23.68;26.58;28.14;29.27;30.20;30.93;31.44;31.86;32.24;32.61;32.96;33.30;33.62;33.93;34.21;34.45;34.67;34.89;35.10;35.31;35.51;35.72;35.90;36.07;36.24;36.39;36.54;36.69;36.84;37.00;37.14;37.27;37.40;37.53;37.64;37.76;37.87;38.01;38.12;38.23,,,"9,5,13",12,39,"39,39,39,39,39,39,39,39,39,39,39,39,39,39,39,39,39,39,39,39,39,39,39,39,39,39,39,39,39,39,39,39,39,39,39,39,39,39,39,39,39,39"
520,Stage1,29.77,,,,,,,,4,,,
520,Stage2,29.77,16.13,,,,,,,4,0,,
520,PowerOpt,29.77,16.13,16.13,,,,"202.18,49.27,4.19,0.17,0.09,0.02,0.01",1.00,4,0,,
520,Stage3,29.77,16.13,16.13,16.13,,,,,4,0,32,
520,Stage3_PowerOpt,29.77,16.13,16.13,,16.13,,"50.55,12.32,1.05,0.04,0.02",1.00,4,0,32,
520,Stage4,29.77,16.13,16.13,,16.13,8.16;10.51;11.27;11.82;12.25;12.60;12.88;13.13;13.31;13.46;13.58;13.69;13.80;13.91;14.01;14.13;14.23;14.31;14.38;14.44;14.51;14.57;14.64;14.71;14.78;14.84;14.88;14.93;14.98;15.02;15.07;15.13;15.18;15.22;15.26;15.30;15.33,,,4,0,32,"32,32,32,32,32,32,32,32,32,32,32,32,32,32,32,32,32,32,32,32,32,32,32,32,32,32,32,32,32,32,32,32,32,32,32,32,32"
521,Stage1,34.55,,,,,,,,"0,8",,,
521,Stage2,34.55,26.24,,,,,,,"0,8",0,,
521,PowerOpt,34.55,26.24,26.24,,,,"168.61,60.06,14.83,8.23,3.23,0.51,0.29,0.13,0.05","1.99,0.01","0,8",0,,
521,Stage3,34.55,26.24,26.24,24.49,,,,,"0,8",0,"24,48,31,48",
521,Stage3_PowerOpt,34.55,26.24,26.24,,24.49,,"42.46,14.96,3.66,1.91,0.78,0.12,0.07,0.02,0.01","1.99,0.01","0,8",0,"24,48,31,48",
521,Stage4,34.55,26.24,26.24,,24.49,9.14;12.12;14.27;15.54;16.55;17.36;17.85;18.23;18.52;18.85;19.26;19.65;19.96;20.18;20.40;20.59;20.77;20.93;21.12;21.33;21.51;21.65;21.78;21.90;22.01;22.11;22.25;22.40;22.54;22.64;22.74;22.83;22.91;22.99;23.10;23.21;23.31,,,"0,8",0,"24,48,31,48","31,48,31,48,31,48,48,48,48,31,31,31,31,31,48,48,48,48,31,31,31,48,48,48,48,48,31,31,31,31,48,48,48,48,31,31,31"
522,Stage1,26.45,,,,,,,,0,,,
522,Stage2,26.45,16.38,,,,,,,0,12,,
522,PowerOpt,26.45,16.38,16.38,,,,"200.86,23.69,21.86,5.88,1.28,0.79,0.30,0.26,0.19,0.13,0.11,0.09,0.07,0.06,0.06,0.06,0.05,0.04,0.03,0.02,0.02,0.02,0.02,0.01",1.00,0,12,,
522,Stage3,26.45,16.38,16.38,16.39,,,,,0,12,31,
522,Stage3_PowerOpt,26.45,16.38,16.38,,16.39,,"49.71,5.84,5.30,1.36,0.42,0.35,0.30,0.19,0.14,0.07,0.06,0.04,0.04,0.03,0.03,0.02,0.02,0.02,0.01",1.00,0,12,31,
522,Stage4,26.45,16.38,16.38,,16.39,9.32;10.73;11.62;12.23;12.66;12.94;13.12;13.23;13.33;13.49;13.67;13.86;14.03;14.16;14.25;14.30;14.35;14.44;14.54;14.66;14.76;14.84;14.90;14.94;14.98;15.03;15.11;15.19;15.26;15.32;15.37;15.39;15.42;15.46;15.52;15.58,,,0,12,31,"31,31,31,31,31,31,31,31,31,31,31,31,31,31,31,31,31,31,31,31,31,31,31,31,31,31,31,31,31,31,31,31,31,31,31,31"
523,Stage1,24.18,,,,,,,,12,,,
523,Stage2,24.18,16.94,,,,,,,12,12,,
523,PowerOpt,24.18,16.94,16.94,,,,"64.54,44.10,25.27,22.56,16.27,15.46,9.14,8.49,7.26,6.81,5.31,4.92,3.16,2.88,2.49,2.29,1.84,1.53,1.50,1.42,1.20,1.08,0.98,0.71,0.67,0.57,0.48,0.40,0.38,0.24,0.22,0.18,0.18,0.15,0.14,0.12,0.12,0.11,0.09,0.08,0.06,0.05,0.05,0.05,0.04,0.04,0.03,0.03,0.03,0.03,0.03,0.02,0.02,0.02,0.01,0.01,0.01,0.01,0.01",1.00,12,12,,
523,Stage3,24.18,16.94,16.94,16.92,,,,,12,12,31,
523,Stage3_PowerOpt,24.18,16.94,16.94,,16.92,,"24.46,12.55,7.87,4.51,2.91,2.41,1.80,1.36,1.06,0.75,0.54,0.50,0.47,0.43,0.38,0.34,0.24,0.20,0.20,0.18,0.11,0.11,0.09,0.07,0.06,0.06,0.05,0.04,0.04,0.04,0.03,0.03,0.02,0.01,0.01",1.00,12,12,31,
523,Stage4,24.18,16.94,16.94,,16.92,8.97;10.54;11.62;12.40;12.97;13.38;13.65;13.81;13.88;13.99;14.15;14.34;14.53;14.68;14.80;14.87;14.91;14.97;15.07;15.18;15.29;15.39;15.45;15.49;15.52;15.58;15.65;15.73;15.80;15.87;15.91;15.94;15.96;16.01;16.06;16.12,,,12,12,31,"31,31,31,31,31,31,31,31,31,31,31,31,31,31,31,31,31,31,31,31,31,31,31,31,31,31,31,31,31,31,31,31,31,31,31,31"
524,Stage1,26.47,,,,,,,,"12,11,0",,,
524,Stage2,26.47,23.54,,,,,,,"12,11,0",12,,
524,PowerOpt,26.47,23.54,23.54,,,,"140.45,54.72,15.39,12.56,8.82,6.15,4.68,3.32,1.40,1.36,1.17,0.93,0.74,0.73,0.65,0.57,0.46,0.43,0.29,0.17,0.13,0.12,0.10,0.09,0.07,0.06,0.05,0.05,0.04,0.03,0.03,0.02,0.02,0.02,0.02,0.01,0.01,0.01,0.01","2.86,0.13,0.01","12,11,0",12,,
524,Stage3,26.47,23.54,23.54,23.35,,,,,"12,11,0",12,31,
524,Stage3_PowerOpt,26.47,23.54,23.54,,23.35,,"19.51,16.10,9.97,3.38,3.04,2.52,2.46,1.64,1.52,0.93,0.67,0.42,0.26,0.24,0.22,0.16,0.15,0.11,0.08,0.08,0.07,0.06,0.05,0.04,0.04,0.03,0.03,0.03,0.02,0.02,0.02,0.01,0.01,0.01","2.13,0.82,0.05","12,11,0",12,31,
524,Stage4,26.47,23.54,23.54,,23.35,9.93;11.55;12.75;13.77;14.47;14.92;15.25;15.57;15.98;16.20;16.40;16.64;16.89;17.10;17.28;17.49;17.72;17.85;17.97;18.12;18.28;18.42;18.56;18.73;18.87;18.98;19.11;19.27;19.41;19.53;19.65;19.83;19.96;20.08;20.23;20.38;20.50;20.60;20.72;20.88;21.00;21.12;21.25;21.39;21.49;21.59;21.68;21.83;21.94;22.04;22.16;22.28,,,"12,11,0",12,31,"31,31,31,31,31,31,31,31,31,31,31,31,31,31,31,31,31,31,31,31,31,31,31,31,31,31,31,31,31,31,31,31,31,31,31,31,31,31,31,31,31,31,31,31,31,31,31,31,31,31,31,31"
525,Stage1,24.93,,,,,,,,"12,11,0",,,
525,Stage2,24.93,22.24,,,,,,,"12,11,0",12,,
525,PowerOpt,24.93,22.24,22.24,,,,"110.17,44.89,22.01,13.74,12.97,10.92,8.48,6.07,5.09,3.56,2.64,2.48,1.74,1.63,1.31,1.00,0.93,0.89,0.62,0.54,0.42,0.34,0.32,0.30,0.28,0.27,0.26,0.22,0.18,0.17,0.15,0.14,0.14,0.11,0.10,0.10,0.09,0.09,0.07,0.06,0.05,0.05,0.04,0.04,0.03,0.03,0.03,0.03,0.02,0.02,0.02,0.02,0.02,0.01,0.01","2.43,0.50,0.07","12,11,0",12,,
525,Stage3,24.93,22.24,22.24,21.90,,,,,"12,11,0",12,31,
525,Stage3_PowerOpt,24.93,22.24,22.24,,21.90,,"34.19,10.43,5.90,3.58,3.26,1.43,1.21,0.94,0.69,0.56,0.33,0.26,0.25,0.16,0.12,0.10,0.09,0.09,0.07,0.06,0.05,0.04,0.03,0.02,0.02,0.02,0.02,0.01,0.01,0.01,0.01","2.56,0.40,0.05","12,11,0",12,31,
525,Stage4,24.93,22.24,22.24,,21.90,9.81;11.38;12.41;13.17;13.83;14.37;14.81;15.17;15.49;15.72;15.90;16.09;16.30;16.52;16.75;16.97;17.18;17.32;17.43;17.55;17.67;17.81;17.97;18.14;18.29;18.39;18.48;18.55;18.65;18.75;18.88;19.08;19.19;19.27;19.35;19.41;19.48;19.56;19.70;19.91;20.00;20.07;20.13;20.18;20.24;20.31;20.44;20.65;20.72;20.78;20.83,,,"12,11,0",12,31,"31,31,31,31,31,31,31,31,31,31,31,31,31,31,31,31,31,31,31,31,31,31,31,31,31,31,31,31,31,31,31,31,31,31,31,31,31,31,31,31,31,31,31,31,31,31,31,31,31,31,31"
526,Stage1,29.25,,,,,,,,"0,15",,,
526,Stage2,29.25,21.97,,,,,,,"0,15",0,,
526,PowerOpt,29.25,21.97,21.96,,,,"204.30,29.49,12.60,6.07,2.66,0.42,0.15,0.08,0.06,0.05,0.02,0.02","2.00,0.00","0,15",0,,
526,Stage3,29.25,21.97,21.96,20.63,,,,,"0,15",0,"23,0,23,0,23",
526,Stage3_PowerOpt,29.25,21.97,21.96,,20.63,,"50.74,7.58,3.19,1.62,0.69,0.11,0.02,0.01","2.00,0.00","0,15",0,"23,0,23,0,23",
526,Stage4,29.25,21.97,21.96,,20.63,10.55;11.79;12.60;13.20;13.64;14.05;14.44;14.75;15.10;15.35;15.61;15.87;16.13;16.36;16.55;16.72;16.92;17.07;17.23;17.39;17.55;17.70;17.82;17.93;18.06;18.16;18.27;18.38;18.50;18.61;18.70;18.78;18.88;18.95;19.04;19.13;19.22;19.31;19.38;19.45;19.52;19.59;19.65,,,"0,15",0,"23,0,23,0,23","23,23,23,23,23,0,0,0,0,23,23,23,23,23,0,0,0,0,23,23,23,23,0,0,0,0,23,23,23,23,0,0,0,0,23,23,23,23,23,0,0,0,23"
527,Stage1,28.72,,,,,,,,"0,11",,,
527,Stage2,28.72,22.34,,,,,,,"0,11",0,,
527,PowerOpt,28.72,22.34,22.34,,,,"144.85,73.90,19.93,8.97,5.48,0.90,0.82,0.38,0.27,0.20,0.09,0.06,0.03,0.02,0.01,0.01","2.00,0.00","0,11",0,,
527,Stage3,28.72,22.34,22.34,21.22,,,,,"0,11",0,"23,0,23,0,23",
527,Stage3_PowerOpt,28.72,22.34,22.34,,21.22,,"35.92,18.93,5.04,2.25,1.46,0.21,0.09,0.05,0.02","2.00,0.00","0,11",0,"23,0,23,0,23",
527,Stage4,28.72,22.34,22.34,,21.22,9.16;10.88;11.98;12.73;13.52;14.08;14.50;14.85;15.26;15.55;15.93;16.31;16.64;16.87;17.06;17.23;17.45;17.62;17.80;18.01;18.20;18.35;18.48;18.59;18.72;18.83;18.96;19.10;19.24;19.34;19.44;19.53;19.62;19.71;19.80;19.90;20.01;20.09;20.17,,,"0,11",0,"23,0,23,0,23","23,23,23,23,0,0,0,0,0,23,23,23,23,23,0,0,0,0,23,23,23,23,0,0,0,0,23,23,23,23,0,0,0,0,23,23,23,23,0"
528,Stage1,22.73,,,,,,,,15,,,
528,Stage2,22.73,16.92,,,,,,,15,12,,
528,PowerOpt,22.73,16.92,16.92,,,,"57.51,42.65,21.97,17.68,11.71,9.97,7.74,7.65,7.16,7.04,5.72,5.48,4.74,4.59,3.98,3.80,3.35,3.32,2.99,2.72,2.64,2.14,1.71,1.48,1.36,1.19,1.12,1.07,0.91,0.88,0.83,0.75,0.63,0.58,0.57,0.52,0.47,0.44,0.36,0.35,0.33,0.29,0.28,0.27,0.24,0.23,0.22,0.20,0.18,0.17,0.17,0.15,0.13,0.11,0.10,0.09,0.09,0.08,0.08,0.07,0.06,0.06,0.05,0.05,0.04,0.04,0.04,0.03,0.03,0.03,0.02,0.02,0.02,0.02,0.02,0.02,0.01,0.01,0.01,0.01,0.01,0.01",1.00,15,12,,
528,Stage3,22.73,16.92,16.92,17.11,,,,,15,12,23,
528,Stage3_PowerOpt,22.73,16.92,16.92,,17.11,,"26.50,14.81,8.46,4.05,2.49,1.71,1.47,1.15,0.58,0.55,0.36,0.33,0.25,0.18,0.14,0.12,0.11,0.08,0.08,0.07,0.06,0.06,0.04,0.04,0.04,0.03,0.03,0.03,0.02,0.02,0.02,0.02,0.01,0.01,0.01",1.00,15,12,23,
528,Stage4,22.73,16.92,16.92,,17.11,9.92;11.27;12.12;12.71;13.12;13.41;13.59;13.71;13.84;14.02;14.22;14.42;14.60;14.74;14.83;14.89;14.96;15.06;15.18;15.30;15.42;15.51;15.57;15.61;15.66;15.72;15.80;15.89;15.98;16.04;16.09;16.12;16.15;16.20;16.26,,,15,12,23,"23,23,23,23,23,23,23,23,23,23,23,23,23,23,23,23,23,23,23,23,23,23,23,23,23,23,23,23,23,23,23,23,23,23,23"
529,Stage1,23.74,,,,,,,,15,,,
529,Stage2,23.74,16.92,,,,,,,15,15,,
529,PowerOpt,23.74,16.92,16.92,,,,"67.73,32.83,24.10,19.53,19.35,14.20,6.73,6.31,5.94,5.19,4.93,4.65,4.53,4.39,4.07,3.04,2.39,2.17,1.98,1.63,1.56,1.36,1.32,1.27,1.17,0.93,0.90,0.84,0.78,0.76,0.72,0.71,0.67,0.63,0.60,0.53,0.42,0.40,0.37,0.34,0.31,0.30,0.29,0.27,0.24,0.21,0.19,0.17,0.15,0.15,0.13,0.13,0.12,0.11,0.10,0.10,0.08,0.08,0.08,0.07,0.07,0.06,0.05,0.05,0.04,0.04,0.03,0.03,0.03,0.03,0.03,0.02,0.02,0.02,0.02,0.02,0.02,0.01,0.01,0.01,0.01,0.01",1.00,15,15,,
529,Stage3,23.74,16.92,16.92,17.13,,,,,15,15,23,
529,Stage3_PowerOpt,23.74,16.92,16.92,,17.13,,"20.61,13.51,8.64,6.10,5.15,2.43,1.67,1.40,0.86,0.71,0.56,0.48,0.28,0.21,0.17,0.15,0.13,0.12,0.10,0.08,0.07,0.07,0.06,0.05,0.05,0.05,0.04,0.03,0.03,0.03,0.02,0.02,0.02,0.02,0.01,0.01,0.01,0.01",1.00,15,15,23,
529,Stage4,23.74,16.92,16.92,,17.13,10.37;11.64;12.43;12.99;13.38;13.64;13.81;13.92;14.04;14.21;14.40;14.58;14.74;14.87;14.96;15.02;15.08;15.17;15.27;15.39;15.49;15.58;15.64;15.68;15.72;15.78;15.85;15.93;16.00;16.07;16.11;16.15;16.17;16.21;16.27;16.33,,,15,15,23,"23,23,23,23,23,23,23,23,23,23,23,23,23,23,23,23,23,23,23,23,23,23,23,23,23,23,23,23,23,23,23,23,23,23,23,23"
530,Stage1,27.55,,,,,,,,"15,11,7",,,
530,Stage2,27.55,22.39,,,,,,,"15,11,7",15,,
530,PowerOpt,27.55,22.39,22.38,,,,"181.63,32.44,19.63,6.09,3.83,3.39,2.42,1.53,1.00,0.61,0.52,0.42,0.31,0.28,0.23,0.20,0.19,0.18,0.14,0.13,0.12,0.10,0.08,0.06,0.04,0.04,0.04,0.03,0.03,0.03,0.03,0.02,0.02,0.02,0.02,0.01,0.01,0.01,0.01","2.87,0.10,0.03","15,11,7",15,,
530,Stage3,27.55,22.39,22.38,22.60,,,,,"15,11,7",15,23,
530,Stage3_PowerOpt,27.55,22.39,22.38,,22.60,,"26.85,11.10,5.42,5.18,4.59,2.93,2.66,1.85,0.96,0.73,0.36,0.27,0.25,0.20,0.17,0.09,0.07,0.06,0.05,0.04,0.04,0.03,0.02,0.02,0.01,0.01","2.41,0.46,0.13","15,11,7",15,23,
530,Stage4,27.55,22.39,22.38,,22.60,10.64;12.07;13.00;13.69;14.40;15.05;15.58;16.01;16.31;16.56;16.79;17.03;17.28;17.53;17.78;17.99;18.13;18.28;18.42;18.58;18.75;18.93;19.11;19.25;19.33;19.42;19.53;19.65;19.79;19.94;20.09;20.21;20.25;20.31;20.39;20.49;20.62;20.75;20.87;20.98;21.01;21.05;21.11;21.19;21.30;21.41;21.52,,,"15,11,7",15,23,"23,23,23,23,23,23,23,23,23,23,23,23,23,23,23,23,23,23,23,23,23,23,23,23,23,23,23,23,23,23,23,23,23,23,23,23,23,23,23,23,23,23,23,23,23,23,23"
531,Stage1,22.70,,,,,,,,15,,,
531,Stage2,22.70,16.91,,,,,,,15,15,,
531,PowerOpt,22.70,16.91,16.91,,,,"83.67,67.16,28.72,22.50,15.04,9.09,6.45,4.65,3.41,3.10,2.32,1.98,1.58,1.26,0.78,0.47,0.40,0.33,0.27,0.25,0.25,0.23,0.20,0.16,0.14,0.14,0.13,0.11,0.10,0.10,0.09,0.08,0.06,0.06,0.06,0.05,0.04,0.04,0.04,0.03,0.03,0.03,0.03,0.03,0.03,0.02,0.02,0.02,0.02,0.02,0.02,0.02,0.02,0.01,0.01,0.01,0.01,0.01",1.00,15,15,,
531,Stage3,22.70,16.91,16.91,16.80,,,,,15,15,23,
531,Stage3_PowerOpt,22.70,16.91,16.91,,16.80,,"26.59,15.51,6.45,4.16,3.35,1.77,1.32,1.12,1.01,0.86,0.49,0.34,0.23,0.15,0.14,0.12,0.10,0.06,0.06,0.05,0.04,0.02,0.01,0.01,0.01",1.00,15,15,23,
531,Stage4,22.70,16.91,16.91,,16.80,9.69;10.95;11.73;12.29;12.69;12.98;13.18;13.30;13.46;13.64;13.84;14.04;14.21;14.35;14.46;14.53;14.61;14.72;14.83;14.95;15.07;15.16;15.24;15.29;15.34;15.41;15.49;15.58;15.66;15.73;15.78;15.82;15.86;15.91;15.97,,,15,15,23,"23,23,23,23,23,23,23,23,23,23,23,23,23,23,23,23,23,23,23,23,23,23,23,23,23,23,23,23,23,23,23,23,23,23,23"
532,Stage1,19.59,,,,,,,,15,,,
532,Stage2,19.59,16.82,,,,,,,15,15,,
532,PowerOpt,19.59,16.82,16.82,,,,"111.28,41.81,25.75,19.43,15.32,13.60,6.16,5.70,4.58,3.30,1.91,1.43,1.05,0.84,0.57,0.38,0.31,0.28,0.28,0.20,0.20,0.15,0.14,0.12,0.10,0.10,0.08,0.08,0.06,0.06,0.05,0.05,0.05,0.05,0.05,0.04,0.04,0.04,0.03,0.03,0.02,0.02,0.02,0.02,0.02,0.01,0.01,0.01,0.01,0.01,0.01",1.00,15,15,,
532,Stage3,19.59,16.82,16.82,16.82,,,,,15,15,15,
532,Stage3_PowerOpt,19.59,16.82,16.82,,16.82,,"24.44,15.34,8.93,4.81,2.83,2.54,1.17,0.95,0.85,0.65,0.36,0.24,0.21,0.12,0.08,0.08,0.06,0.06,0.04,0.04,0.03,0.03,0.02,0.02,0.01,0.01",1.00,15,15,15,
532,Stage4,19.59,16.82,16.82,,16.82,9.91;11.22;12.04;12.61;13.00;13.27;13.45;13.58;13.70;13.87;14.05;14.24;14.40;14.52;14.61;14.68;14.74;14.83;14.94;15.05;15.15;15.24;15.30;15.34;15.39;15.45;15.52;15.60;15.67;15.74;15.78;15.82;15.85;15.89;15.95;16.00,,,15,15,15,"15,15,15,15,15,15,15,15,15,15,15,15,15,15,15,15,15,15,15,15,15,15,15,15,15,15,15,15,15,15,15,15,15,15,15,15"
533,Stage1,23.49,,,,,,,,"11,12,3",,,
533,Stage2,23.49,20.00,,,,,,,"11,12,3",15,,
533,PowerOpt,23.49,20.00,20.00,,,,"160.13,34.79,32.80,7.57,4.57,3.95,2.55,2.30,1.87,1.17,1.02,0.92,0.53,0.49,0.33,0.21,0.17,0.11,0.09,0.07,0.07,0.06,0.03,0.03,0.02,0.02,0.01,0.01,0.01","2.84,0.12,0.04","11,12,3",15,,
533,Stage3,23.49,20.00,20.00,20.04,,,,,"11,12,3",15,15,
533,Stage3_PowerOpt,23.49,20.00,20.00,,20.04,,"37.29,8.01,7.21,4.81,2.56,0.89,0.82,0.63,0.55,0.41,0.29,0.26,0.07,0.04,0.04,0.02,0.02,0.01,0.01,0.01","2.71,0.22,0.07","11,12,3",15,15,
533,Stage4,23.49,20.00,20.00,,20.04,11.05;12.23;12.94;13.43;13.78;14.01;14.20;14.37;14.68;14.95;15.17;15.36;15.54;15.72;15.87;15.99;16.22;16.41;16.57;16.69;16.81;16.93;17.03;17.11;17.29;17.44;17.56;17.66;17.75;17.83;17.91;17.97;18.11;18.24;18.33;18.42;18.48;18.55;18.61;18.66;18.77;18.88;18.96;19.02;19.08,,,"11,12,3",15,15,"15,15,15,15,15,15,15,15,15,15,15,15,15,15,15,15,15,15,15,15,15,15,15,15,15,15,15,15,15,15,15,15,15,15,15,15,15,15,15,15,15,15,15,15,15"
534,Stage1,21.34,,,,,,,,11,,,
534,Stage2,21.34,16.96,,,,,,,11,11,,
534,PowerOpt,21.34,16.96,16.96,,,,"146.33,41.99,32.87,11.61,8.03,5.29,4.50,1.80,1.11,0.53,0.48,0.36,0.31,0.19,0.13,0.08,0.07,0.06,0.04,0.03,0.02,0.02,0.02,0.02,0.01,0.01",1.00,11,11,,
534,Stage3,21.34,16.96,16.96,16.71,,,,,11,11,14,
534,Stage3_PowerOpt,21.34,16.96,16.96,,16.71,,"42.74,10.05,6.53,1.48,1.23,0.57,0.44,0.32,0.21,0.11,0.09,0.08,0.03,0.03,0.02,0.02",1.00,11,11,14,
534,Stage4,21.34,16.96,16.96,,16.71,10.00;11.12;11.80;12.29;12.66;12.94;13.16;13.33;13.50;13.67;13.85;14.01;14.16;14.30;14.41;14.49;14.58;14.68;14.78;14.88;14.98;15.07;15.14;15.20;15.26;15.33;15.40;15.47;15.54;15.61;15.66;15.70;15.74;15.79;15.85;15.90,,,11,11,14,"14,14,14,14,14,14,14,14,14,14,14,14,14,14,14,14,14,14,14,14,14,14,14,14,14,14,14,14,14,14,14,14,14,14,14,14"
535,Stage1,19.87,,,,,,,,11,,,
535,Stage2,19.87,17.11,,,,,,,11,11,,
535,PowerOpt,19.87,17.11,17.11,,,,"126.13,36.42,23.46,18.46,9.80,9.22,8.69,5.95,3.81,3.70,2.05,1.41,1.23,1.06,0.92,0.80,0.73,0.62,0.35,0.24,0.20,0.15,0.08,0.07,0.06,0.06,0.04,0.03,0.03,0.03,0.03,0.02,0.02,0.01,0.01",1.00,11,11,,
535,Stage3,19.87,17.11,17.11,17.10,,,,,11,11,6,
535,Stage3_PowerOpt,19.87,17.11,17.11,,17.10,,"41.36,12.32,7.26,1.30,0.50,0.40,0.26,0.15,0.10,0.06,0.05,0.04,0.04,0.03,0.02,0.02,0.01,0.01,0.01",1.00,11,11,6,
535,Stage4,19.87,17.11,17.11,,17.10,10.32;11.50;12.22;12.74;13.12;13.41;13.62;13.78;13.93;14.10;14.27;14.44;14.59;14.72;14.83;14.91;14.99;15.09;15.19;15.29;15.39;15.47;15.55;15.60;15.66;15.73;15.80;15.87;15.94;16.00;16.05;16.10;16.14;16.19;16.24;16.29,,,11,11,6,"6,6,6,6,6,6,6,6,6,6,6,6,6,6,6,6,6,6,6,6,6,6,6,6,6,6,6,6,6,6,6,6,6,6,6,6"
536,Stage1,19.82,,,,,,,,11,,,
536,Stage2,19.82,17.23,,,,,,,11,11,,
536,PowerOpt,19.82,17.23,17.23,,,,"47.05,38.33,31.17,28.10,19.55,14.90,12.93,11.91,8.07,7.35,6.05,5.66,4.70,3.91,3.29,2.64,2.09,1.81,1.43,1.15,1.00,0.60,0.51,0.42,0.30,0.18,0.12,0.12,0.10,0.10,0.09,0.08,0.05,0.04,0.03,0.03,0.02,0.02,0.01",1.00,11,11,,
536,Stage3,19.82,17.23,17.23,17.04,,,,,11,11,6,
536,Stage3_PowerOpt,19.82,17.23,17.23,,17.04,,"15.74,11.08,6.61,5.72,4.62,3.60,3.03,2.56,1.56,1.50,1.13,1.00,0.88,0.76,0.66,0.57,0.43,0.38,0.31,0.25,0.24,0.21,0.17,0.15,0.13,0.10,0.09,0.08,0.07,0.06,0.05,0.04,0.04,0.03,0.03,0.02,0.02,0.02,0.01,0.01",1.00,11,11,6,
536,Stage4,19.82,17.23,17.23,,17.04,9.47;10.83;11.74;12.42;12.93;13.32;13.59;13.78;13.87;14.00;14.16;14.35;14.52;14.68;14.80;14.89;14.94;15.02;15.12;15.23;15.34;15.43;15.51;15.56;15.60;15.66;15.73;15.81;15.89;15.95;16.00;16.04;16.07;16.12;16.17;16.23,,,11,11,6,"6,6,6,6,6,6,6,6,6,6,6,6,6,6,6,6,6,6,6,6,6,6,6,6,6,6,6,6,6,6,6,6,6,6,6,6"
537,Stage1,20.42,,,,,,,,11,,,
537,Stage2,20.42,17.24,,,,,,,11,11,,
537,PowerOpt,20.42,17.24,17.24,,,,"50.82,33.45,21.93,18.64,15.45,14.62,13.63,10.16,8.86,8.22,6.96,6.42,5.57,5.36,4.89,3.81,3.66,3.16,2.86,2.68,2.32,2.02,1.53,1.28,1.17,1.06,0.92,0.66,0.55,0.50,0.44,0.40,0.32,0.29,0.24,0.21,0.18,0.16,0.12,0.11,0.07,0.06,0.05,0.04,0.03,0.03,0.02,0.01",1.00,11,11,,
537,Stage3,20.42,17.24,17.24,17.24,,,,,11,11,62,
537,Stage3_PowerOpt,20.42,17.24,17.24,,17.24,,"14.00,9.22,5.97,5.13,4.09,3.72,3.50,2.44,2.21,2.00,1.69,1.49,1.29,1.05,0.84,0.81,0.77,0.60,0.48,0.43,0.36,0.31,0.26,0.20,0.17,0.15,0.13,0.11,0.09,0.08,0.07,0.06,0.06,0.05,0.03,0.03,0.02,0.01,0.01,0.01",1.00,11,11,62,
537,Stage4,20.42,17.24,17.24,,17.24,10.77;12.11;12.91;13.41;13.72;13.89;13.98;14.03;14.17;14.36;14.58;14.78;14.94;15.03;15.09;15.12;15.18;15.28;15.40;15.53;15.63;15.71;15.75;15.77;15.81;15.87;15.95;16.04;16.12;16.18;16.22;16.24;16.26;16.30;16.35;16.42,,,11,11,62,"62,62,62,62,62,62,62,62,62,62,62,62,62,62,62,62,62,62,62,62,62,62,62,62,62,62,62,62,62,62,62,62,62,62,62,62"
538,Stage1,23.69,,,,,,,,"4,11,0",,,
538,Stage2,23.69,19.09,,,,,,,"4,11,0","4,11",,
538,PowerOpt,23.69,19.09,19.09,,,,"83.65,31.09,23.35,21.31,17.13,13.08,11.94,9.50,6.32,5.47,4.47,4.04,3.37,2.86,2.53,2.07,1.72,1.31,1.14,1.02,0.92,0.74,0.64,0.58,0.53,0.50,0.47,0.43,0.41,0.36,0.34,0.27,0.24,0.22,0.21,0.20,0.18,0.17,0.15,0.13,0.11,0.10,0.08,0.08,0.06,0.06,0.05,0.05,0.04,0.03,0.03,0.03,0.03,0.02,0.02,0.02,0.02,0.01,0.01","2.29,0.69,0.01","4,11,0","4,11",,
538,Stage3,23.69,19.09,19.09,17.87,,,,,"4,11,0","4,11","62,17",
538,Stage3_PowerOpt,23.69,19.09,19.09,,17.87,,"15.98,12.11,6.49,6.09,5.12,2.55,2.19,2.06,1.83,1.65,1.38,1.17,0.99,0.83,0.69,0.47,0.36,0.32,0.27,0.26,0.21,0.20,0.18,0.15,0.11,0.09,0.07,0.06,0.04,0.03,0.02,0.01,0.01","1.99,0.99,0.02","4,11,0","4,11","62,17",
538,Stage4,23.69,19.09,19.09,,17.87,10.65;11.84;12.57;13.11;13.51;13.81;14.04;14.21;14.35;14.50;14.66;14.81;14.96;15.08;15.19;15.27;15.34;15.43;15.52;15.61;15.70;15.78;15.85;15.90;15.95;16.01;16.08;16.14;16.20;16.26;16.31;16.35;16.39;16.43;16.48;16.53;16.58;16.62;16.66;16.69;16.72;16.76;16.80;16.83;16.88;16.91;16.94;16.96;16.98,,,"4,11,0","4,11","62,17","62,62,62,62,62,62,62,62,62,62,62,62,62,62,62,62,62,62,62,62,62,62,62,62,62,62,62,62,62,62,62,62,62,62,62,62,62,62,62,62,62,62,62,62,62,62,62,62,62"
539,Stage1,34.45,,,,,,,,"8,10,4,9",,,
539,Stage2,34.45,30.56,,,,,,,"8,10,4,9",4,,
539,PowerOpt,34.45,30.56,30.56,,,,"128.38,55.01,25.95,15.37,13.20,5.29,4.48,2.22,1.57,0.80,0.64,0.56,0.50,0.33,0.28,0.27,0.20,0.15,0.13,0.11,0.10,0.07,0.06,0.05,0.05,0.05,0.02,0.02,0.02,0.02,0.01","3.85,0.12,0.03,0.00","8,10,4,9",4,,
539,Stage3,34.45,30.56,30.56,29.63,,,,,"8,10,4,9",4,"25,54,17,17,17",
539,Stage3_PowerOpt,34.45,30.56,30.56,,29.63,,"33.46,14.15,6.70,3.22,2.70,1.18,0.92,0.40,0.33,0.20,0.14,0.12,0.10,0.07,0.06,0.05,0.04,0.03,0.02,0.02,0.02,0.01,0.01","3.88,0.09,0.03,0.00","8,10,4,9",4,"25,54,17,17,17",
539,Stage4,34.45,30.56,30.56,,29.63,11.30;14.67;15.89;17.05;17.97;18.72;19.27;19.78;20.33;20.80;21.18;21.55;21.85;22.18;22.45;22.76;23.19;23.50;23.81;24.08;24.30;24.52;24.75;24.97;25.22;25.43;25.64;25.84;26.04;26.20;26.38;26.56;26.75;26.90;27.05;27.21;27.39;27.53;27.68;27.82;27.97;28.09;28.21,,,"8,10,4,9",4,"25,54,17,17,17","54,17,17,54,17,17,17,17,54,54,54,17,17,17,17,17,17,17,54,54,54,17,17,17,17,17,17,54,17,54,17,17,17,17,17,54,17,17,17,17,17,17,17"
540,Stage1,32.83,,,,,,,,"4,10,0",,,
540,Stage2,32.83,25.72,,,,,,,"4,10,0",8,,
540,PowerOpt,32.83,25.72,25.72,,,,"159.54,62.16,9.41,6.92,6.76,3.72,1.61,1.23,0.98,0.87,0.56,0.35,0.28,0.23,0.22,0.20,0.17,0.14,0.12,0.10,0.06,0.05,0.04,0.04,0.03,0.03,0.03,0.02,0.02,0.02,0.01,0.01,0.01","2.86,0.11,0.04","4,10,0",8,,
540,Stage3,32.83,25.72,25.72,24.92,,,,,"4,10,0",8,"25,54,17,17,54",
540,Stage3_PowerOpt,32.83,25.72,25.72,,24.92,,"35.18,14.75,5.85,2.39,1.77,1.05,0.77,0.71,0.33,0.28,0.16,0.12,0.10,0.09,0.07,0.06,0.06,0.05,0.04,0.04,0.03,0.02,0.02,0.01","2.75,0.21,0.04","4,10,0",8,"25,54,17,17,54",
540,Stage4,32.83,25.72,25.72,,24.92,10.24;12.03;13.37;14.42;15.07;15.65;16.13;16.58;17.04;17.51;17.92;18.29;18.59;18.86;19.15;19.41;19.72;19.97;20.24;20.48;20.68;20.88;21.06;21.25;21.46;21.63;21.80;21.97;22.11;22.25;22.38;22.53;22.69;22.83;22.95;23.08;23.21;23.32;23.42;23.53;23.65;23.77,,,"4,10,0",8,"25,54,17,17,54","54,17,54,17,17,17,17,17,54,54,54,17,54,17,17,17,17,17,54,54,54,17,17,17,17,17,54,54,54,17,17,17,17,17,17,54,54,17,17,17,17,17"
541,Stage1,33.38,,,,,,,,"4,11",,,
541,Stage2,33.38,23.57,,,,,,,"4,11",8,,
541,PowerOpt,33.38,23.57,23.57,,,,"161.69,62.66,12.41,6.26,6.05,1.77,1.12,0.98,0.79,0.45,0.42,0.42,0.18,0.14,0.12,0.11,0.08,0.05,0.04,0.04,0.03,0.02,0.02,0.02,0.01,0.01,0.01","2.00,0.00","4,11",8,,
541,Stage3,33.38,23.57,23.57,22.74,,,,,"4,11",8,"46,25",
541,Stage3_PowerOpt,33.38,23.57,23.57,,22.74,,"39.09,14.91,3.47,2.86,1.41,0.58,0.43,0.36,0.23,0.14,0.12,0.11,0.06,0.06,0.04,0.03,0.02,0.02,0.01","1.99,0.01","4,11",8,"46,25",
541,Stage4,33.38,23.57,23.57,,22.74,11.42;12.72;13.90;14.78;15.41;15.84;16.19;16.48;16.98;17.44;17.82;18.12;18.34;18.53;18.71;18.88;19.08;19.26;19.46;19.63;19.78;19.91;20.02;20.13;20.27;20.38;20.52;20.65;20.77;20.86;20.95;21.03;21.13;21.22;21.31;21.40;21.50;21.58;21.65,,,"4,11",8,"46,25","46,25,46,25,25,25,25,25,46,46,46,46,46,25,25,25,25,46,46,46,46,25,25,25,25,25,46,46,46,46,25,25,25,25,46,46,46,46,25"
542,Stage1,32.92,,,,,,,,"8,5",,,
542,Stage2,32.92,23.48,,,,,,,"8,5",8,,
542,PowerOpt,32.92,23.48,23.48,,,,"153.95,61.09,17.93,12.57,5.33,1.10,0.91,0.76,0.57,0.38,0.37,0.35,0.15,0.10,0.09,0.08,0.06,0.04,0.03,0.03,0.02,0.01","1.99,0.01","8,5",8,,
542,Stage3,32.92,23.48,23.48,22.28,,,,,"8,5",8,"33,46,25,46,25",
542,Stage3_PowerOpt,32.92,23.48,23.48,,22.28,,"38.32,15.48,4.28,3.04,1.19,0.36,0.32,0.26,0.18,0.12,0.12,0.09,0.07,0.05,0.04,0.03,0.02,0.01","1.98,0.02","8,5",8,"33,46,25,46,25",
542,Stage4,32.92,23.48,23.48,,22.28,10.40;12.43;13.55;14.61;15.22;15.67;16.02;16.32;16.85;17.30;17.67;17.95;18.16;18.36;18.53;18.69;18.94;19.13;19.32;19.50;19.65;19.77;19.88;19.98;20.14;20.27;20.40;20.53;20.65;20.75;20.83;20.91;21.02;21.11;21.20,,,"8,5",8,"33,46,25,46,25","46,25,46,25,25,25,25,25,46,46,46,46,46,25,25,25,25,46,46,46,46,25,25,25,25,25,46,46,46,46,25,25,25,25,46"
543,Stage1,31.86,,,,,,,,"8,5,0",,,
543,Stage2,31.86,25.49,,,,,,,"8,5,0",8,,
543,PowerOpt,31.86,25.49,25.49,,,,"183.63,53.54,6.94,4.97,2.60,1.74,0.91,0.44,0.42,0.22,0.14,0.11,0.07,0.07,0.04,0.02,0.02,0.02,0.02,0.01,0.01","2.93,0.06,0.01","8,5,0",8,,
543,Stage3,31.86,25.49,25.49,24.26,,,,,"8,5,0",8,"33,46,25,25,46",
543,Stage3_PowerOpt,31.86,25.49,25.49,,24.26,,"45.13,13.68,1.99,1.24,0.71,0.49,0.23,0.13,0.10,0.06,0.06,0.05,0.02,0.02,0.02,0.01","2.93,0.07,0.01","8,5,0",8,"33,46,25,25,46",
543,Stage4,31.86,25.49,25.49,,24.26,10.21;12.67;13.81;14.99;15.65;16.21;16.77;17.16;17.55;17.89;18.18;18.44;18.67;18.87;19.05;19.25;19.51;19.70;19.89;20.06;20.23;20.37;20.51;20.65;20.86;21.01;21.14;21.28;21.41;21.54;21.65;21.77;21.91;22.01;22.12;22.24;22.35;22.45;22.54;22.65;22.77;22.86;22.95;23.04;23.14,,,"8,5,0",8,"33,46,25,25,46","46,25,46,25,25,46,25,25,46,46,46,46,25,25,25,25,25,46,46,25,46,46,25,25,25,25,25,46,46,25,25,25,25,25,46,46,25,25,25,25,25,25,46,46,25"
544,Stage1,36.43,,,,,,,,"4,15,4",,,
544,Stage2,36.43,29.61,,,,,,,"4,15,4","8,4",,
544,PowerOpt,36.43,29.61,29.61,,,,"166.91,49.53,16.66,6.37,5.36,2.24,2.20,2.01,1.68,0.70,0.60,0.45,0.33,0.18,0.17,0.12,0.08,0.06,0.05,0.04,0.03,0.03,0.03,0.03,0.02,0.02","2.71,0.29,0.00","4,15,4","8,4",,
544,Stage3,36.43,29.61,29.61,28.31,,,,,"4,15,4","8,4","33,39,25,25,47",
544,Stage3_PowerOpt,36.43,29.61,29.61,,28.31,,"42.64,12.67,3.78,1.71,1.24,0.60,0.47,0.42,0.15,0.09,0.06,0.04,0.04,0.02,0.02,0.01","2.76,0.24,0.00","4,15,4","8,4","33,39,25,25,47",
544,Stage4,36.43,29.61,29.61,,28.31,10.81;13.53;15.26;16.41;17.53;18.60;19.24;19.82;20.34;20.80;21.27;21.63;21.97;22.26;22.55;22.84;23.16;23.41;23.65;23.87;24.08;24.27;24.45;24.62;24.83;25.01;25.19;25.35;25.50;25.64;25.78;25.92;26.10;26.23;26.36;26.48;26.60;26.71;26.82;26.92,,,"4,15,4","8,4","33,39,25,25,47","47,25,25,47,25,25,25,25,47,25,47,47,25,25,25,25,25,47,47,47,25,25,25,25,25,25,47,47,47,25,25,25,25,25,47,47,25,47,25,25"
545,Stage1,41.04,,,,,,,,"0,4",,,
545,Stage2,41.04,23.26,,,,,,,"0,4",8,,
545,PowerOpt,41.04,23.26,23.26,,,,"209.91,24.86,5.77,5.17,4.92,1.93,0.97,0.76,0.61,0.21,0.20,0.16,0.15,0.11,0.06,0.03,0.03,0.02,0.01,0.01","1.94,0.06","0,4",8,,
545,Stage3,41.04,23.26,23.26,22.80,,,,,"0,4",8,"32,39,33,39,33",
545,Stage3_PowerOpt,41.04,23.26,23.26,,22.80,,"36.04,15.99,5.02,3.47,1.30,0.72,0.57,0.34,0.16,0.10,0.07,0.06,0.04,0.03,0.02,0.02,0.02","1.80,0.20","0,4",8,"32,39,33,39,33",
545,Stage4,41.04,23.26,23.26,,22.80,8.23;12.09;13.58;14.91;15.54;16.17;16.64;16.98;17.30;17.65;17.98;18.27;18.49;18.71;18.88;19.05;19.23;19.42;19.63;19.82;19.99;20.11;20.23;20.35;20.48;20.59;20.72;20.86;20.98;21.07;21.16;21.25;21.34;21.42;21.52;21.62;21.71,,,"0,4",8,"32,39,33,39,33","39,33,33,39,39,33,33,33,39,39,39,39,33,33,33,33,33,39,39,39,39,39,33,33,33,33,39,39,39,39,33,33,33,33,39,39,39"
546,Stage1,41.33,,,,,,,,"0,8,0",,,
546,Stage2,41.33,31.78,,,,,,,"0,8,0",0,,
546,PowerOpt,41.33,31.78,31.78,,,,"114.39,71.06,15.83,13.39,12.24,10.72,4.77,2.85,2.46,2.22,1.63,1.07,0.89,0.78,0.34,0.31,0.26,0.14,0.14,0.12,0.07,0.07,0.04,0.04,0.03,0.03,0.01","1.81,1.17,0.02","0,8,0",0,,
546,Stage3,41.33,31.78,31.78,31.04,,,,,"0,8,0",0,"32,25,39,25",
546,Stage3_PowerOpt,41.33,31.78,31.78,,31.04,,"41.80,12.34,5.28,2.25,0.66,0.48,0.42,0.18,0.13,0.10,0.07,0.06,0.05,0.04,0.03,0.02,0.02,0.01","2.32,0.67,0.01","0,8,0",0,"32,25,39,25",
546,Stage4,41.33,31.78,31.78,,31.04,10.98;14.54;17.31;18.63;19.87;20.94;21.76;22.40;22.88;23.48;23.96;24.34;24.70;25.00;25.30;25.61;25.96;26.21;26.49;26.75;26.95;27.13;27.32;27.51;27.72;27.90;28.06;28.24;28.39;28.53;28.66;28.81;28.98;29.11;29.23;29.36;29.49,,,"0,8,0",0,"32,25,39,25","39,25,25,39,25,25,25,25,25,39,39,39,25,25,25,25,25,25,39,39,39,25,25,25,25,25,39,39,39,25,25,25,25,25,25,39,39"
547,Stage1,32.59,,,,,,,,"0,12",,,
547,Stage2,32.59,22.89,,,,,,,"0,12",0,,
547,PowerOpt,32.59,22.89,22.89,,,,"196.23,40.59,11.72,2.63,1.79,1.49,0.61,0.52,0.16,0.10,0.03,0.02,0.02","1.98,0.02","0,12",0,,
547,Stage3,32.59,22.89,22.89,22.58,,,,,"0,12",0,"32,39,24,39,24",
547,Stage3_PowerOpt,32.59,22.89,22.89,,22.58,,"49.41,10.09,2.84,0.63,0.38,0.31,0.13,0.11,0.04,0.02","1.99,0.01","0,12",0,"32,39,24,39,24",
547,Stage4,32.59,22.89,22.89,,22.58,10.95;12.33;13.86;14.70;15.35;15.97;16.40;16.74;17.07;17.45;17.84;18.17;18.42;18.62;18.80;18.96;19.16;19.31;19.51;19.70;19.86;19.99;20.10;20.21;20.34;20.46;20.59;20.72;20.85;20.94;21.02;21.11;21.20;21.29;21.37;21.47,,,"0,12",0,"32,39,24,39,24","39,24,39,24,39,24,24,24,24,39,39,39,39,24,24,24,24,39,39,39,39,24,24,24,24,24,39,39,39,39,24,24,24,24,39,39"
548,Stage1,23.86,,,,,,,,"12,0",,,
548,Stage2,23.86,18.13,,,,,,,"12,0",0,,
548,PowerOpt,23.86,18.13,18.13,,,,"178.53,50.27,10.12,7.66,5.37,1.75,0.57,0.41,0.21,0.14,0.13,0.09,0.09,0.07,0.06,0.06,0.05,0.05,0.04,0.04,0.03,0.03,0.03,0.02,0.02,0.02,0.01,0.01,0.01,0.01","1.80,0.20","12,0",0,,
548,Stage3,23.86,18.13,18.13,18.38,,,,,"12,0",0,"32,39,32,32,39",
548,Stage3_PowerOpt,23.86,18.13,18.13,,18.38,,"43.85,12.79,2.94,2.07,1.33,0.48,0.16,0.10,0.04,0.04,0.02,0.02,0.02,0.02,0.02,0.01,0.01,0.01","1.79,0.21","12,0",0,"32,39,32,32,39",
548,Stage4,23.86,18.13,18.13,,18.38,11.26;12.49;13.22;13.71;14.03;14.23;14.35;14.40;14.54;14.72;14.91;15.08;15.22;15.32;15.39;15.42;15.49;15.57;15.68;15.78;15.88;15.94;15.99;16.02;16.06;16.12;16.18;16.25;16.33;16.38;16.42;16.45;16.51;16.59;16.68;16.76;16.85;16.93;17.01;17.07;17.14;17.21;17.27;17.34;17.41;17.48,,,"12,0",0,"32,39,32,32,39","39,39,39,39,39,39,39,39,39,39,39,39,39,39,39,39,39,39,39,39,39,39,39,39,39,39,39,39,39,39,39,32,32,32,32,32,32,32,32,32,32,32,32,32,32,32"
549,Stage1,24.53,,,,,,,,"0,15",,,
549,Stage2,24.53,18.77,,,,,,,"0,15",0,,
549,PowerOpt,24.53,18.77,18.77,,,,"195.35,52.86,6.53,0.25,0.13,0.12,0.09,0.07,0.06,0.06,0.05,0.05,0.04,0.04,0.04,0.02,0.02,0.02,0.02,0.02,0.01,0.01,0.01,0.01,0.01","1.99,0.01","0,15",0,,
549,Stage3,24.53,18.77,18.77,18.94,,,,,"0,15",0,"32,39,32",
549,Stage3_PowerOpt,24.53,18.77,18.77,,18.94,,"48.90,13.16,1.65,0.06,0.03,0.03,0.02,0.01,0.01,0.01,0.01,0.01","1.99,0.01","0,15",0,"32,39,32",
549,Stage4,24.53,18.77,18.77,,18.94,11.59;12.66;13.29;13.73;14.04;14.28;14.45;14.58;14.74;14.91;15.06;15.21;15.33;15.43;15.52;15.59;15.67;15.75;15.84;15.93;16.01;16.07;16.13;16.18;16.23;16.29;16.35;16.41;16.51;16.62;16.73;16.83;16.94;17.05;17.15;17.24;17.32;17.41;17.48;17.56;17.64;17.72;17.79;17.86;17.92;17.99;18.05,,,"0,15",0,"32,39,32","39,39,39,39,39,39,39,39,39,39,39,39,39,39,39,39,39,39,39,39,39,39,39,39,39,39,39,32,32,32,32,32,32,32,32,32,32,32,32,32,32,32,32,32,32,32,32"
550,Stage1,40.29,,,,,,,,0,,,
550,Stage2,40.29,15.24,,,,,,,0,12,,
550,PowerOpt,40.29,15.24,15.24,,,,"201.16,47.92,5.19,1.19,0.33,0.09,0.06",1.00,0,12,,
550,Stage3,40.29,15.24,15.24,15.43,,,,,0,12,39,
550,Stage3_PowerOpt,40.29,15.24,15.24,,15.43,,"50.48,11.85,1.25,0.30,0.08,0.02,0.02",1.00,0,12,39,
550,Stage4,40.29,15.24,15.24,,15.43,9.27;10.42;11.10;11.58;11.91;12.15;12.31;12.41;12.56;12.73;12.89;13.04;13.18;13.28;13.36;13.42;13.49;13.58;13.67;13.76;13.84;13.92;13.97;14.01;14.06;14.11;14.17;14.24;14.30;14.36;14.40;14.43;14.46;14.50;14.55;14.60;14.65;14.69,,,0,12,39,"39,39,39,39,39,39,39,39,39,39,39,39,39,39,39,39,39,39,39,39,39,39,39,39,39,39,39,39,39,39,39,39,39,39,39,39,39,39"
551,Stage1,25.93,,,,,,,,8,,,
551,Stage2,25.93,15.79,,,,,,,8,12,,
551,PowerOpt,25.93,15.79,15.79,,,,"232.14,21.44,1.14,0.20,0.16,0.15,0.13,0.11,0.07,0.05,0.05,0.05,0.04,0.03,0.03,0.03,0.02,0.02,0.02,0.01,0.01,0.01",1.00,8,12,,
551,Stage3,25.93,15.79,15.79,15.96,,,,,8,12,39,
551,Stage3_PowerOpt,25.93,15.79,15.79,,15.96,,"58.01,5.29,0.28,0.06,0.05,0.05,0.04,0.03,0.03,0.02,0.02,0.02,0.01,0.01,0.01",1.00,8,12,39,
551,Stage4,25.93,15.79,15.79,,15.96,9.56;10.90;11.71;12.25;12.59;12.80;12.90;12.94;13.06;13.23;13.43;13.61;13.76;13.87;13.93;13.95;14.00;14.08;14.19;14.30;14.40;14.48;14.52;14.54;14.57;14.62;14.69;14.77;14.85;14.90;14.94;14.96;14.98;15.01;15.06;15.12;15.18,,,8,12,39,"39,39,39,39,39,39,39,39,39,39,39,39,39,39,39,39,39,39,39,39,39,39,39,39,39,39,39,39,39,39,39,39,39,39,39,39,39"
552,Stage1,40.73,,,,,,,,0,,,
552,Stage2,40.73,15.51,,,,,,,0,4,,
552,PowerOpt,40.73,15.51,15.51,,,,"190.90,52.33,11.94,0.62,0.14,0.02,0.01",1.00,0,4,,
552,Stage3,40.73,15.51,15.51,15.64,,,,,0,4,33,
552,Stage3_PowerOpt,40.73,15.51,15.51,,15.64,,"47.53,13.28,2.98,0.15,0.04",1.00,0,4,33,
552,Stage4,40.73,15.51,15.51,,15.64,8.33;10.04;10.79;11.34;11.77;12.11;12.39;12.63;12.82;12.97;13.08;13.20;13.30;13.41;13.52;13.63;13.73;13.82;13.89;13.95;14.01;14.08;14.15;14.22;14.29;14.35;14.40;14.44;14.49;14.53;14.58;14.63;14.69;14.73;14.77;14.81;14.84;14.88,,,0,4,33,"33,33,33,33,33,33,33,33,33,33,33,33,33,33,33,33,33,33,33,33,33,33,33,33,33,33,33,33,33,33,33,33,33,33,33,33,33,33"
558,Stage1,26.83,,,,,,,,0,,,
558,Stage2,26.83,16.50,,,,,,,0,0,,
558,PowerOpt,26.83,16.50,16.50,,,,"209.21,43.35,2.84,0.46,0.07,0.02",1.00,0,0,,
558,Stage3,26.83,16.50,16.50,16.48,,,,,0,0,32,
558,Stage3_PowerOpt,26.83,16.50,16.50,,16.48,,"52.30,10.84,0.71,0.11,0.02",1.00,0,0,32,
558,Stage4,26.83,16.50,16.50,,16.48,7.89;10.87;11.61;12.14;12.57;12.92;13.21;13.46;13.66;13.80;13.92;14.02;14.13;14.24;14.35;14.47;14.57;14.65;14.72;14.78;14.84;14.91;14.98;15.05;15.13;15.18;15.23;15.27;15.32;15.36;15.42;15.47;15.53;15.57;15.61;15.64;15.67,,,0,0,32,"32,32,32,32,32,32,32,32,32,32,32,32,32,32,32,32,32,32,32,32,32,32,32,32,32,32,32,32,32,32,32,32,32,32,32,32,32"
559,Stage1,26.53,,,,,,,,0,,,
559,Stage2,26.53,16.39,,,,,,,0,0,,
559,PowerOpt,26.53,16.39,16.39,,,,"218.06,33.11,4.54,0.17,0.05,0.03",1.00,0,0,,
559,Stage3,26.53,16.39,16.39,16.37,,,,,0,0,32,
559,Stage3_PowerOpt,26.53,16.39,16.39,,16.37,,"54.53,8.27,1.13,0.04,0.01",1.00,0,0,32,
559,Stage4,26.53,16.39,16.39,,16.37,7.98;10.78;11.52;12.07;12.49;12.84;13.13;13.37;13.56;13.70;13.82;13.93;14.04;14.15;14.26;14.37;14.47;14.55;14.62;14.68;14.75;14.81;14.88;14.96;15.02;15.08;15.13;15.17;15.22;15.27;15.32;15.37;15.42;15.46;15.50;15.54;15.57,,,0,0,32,"32,32,32,32,32,32,32,32,32,32,32,32,32,32,32,32,32,32,32,32,32,32,32,32,32,32,32,32,32,32,32,32,32,32,32,32,32"
560,Stage1,28.19,,,,,,,,0,,,
560,Stage2,28.19,16.65,,,,,,,0,0,,
560,PowerOpt,28.19,16.65,16.65,,,,"160.75,65.29,27.33,1.77,0.72,0.06,0.04",1.00,0,0,,
560,Stage3,28.19,16.65,16.65,16.63,,,,,0,0,32,
560,Stage3_PowerOpt,28.19,16.65,16.65,,16.63,,"40.21,16.31,6.83,0.44,0.18,0.01",1.00,0,0,32,
560,Stage4,28.19,16.65,16.65,,16.63,7.97;11.00;11.80;12.36;12.77;13.10;13.38;13.62;13.80;13.94;14.06;14.18;14.30;14.40;14.51;14.62;14.71;14.79;14.86;14.93;15.00;15.07;15.13;15.20;15.27;15.32;15.38;15.42;15.47;15.52;15.57;15.62;15.67;15.71;15.75;15.79;15.83,,,0,0,32,"32,32,32,32,32,32,32,32,32,32,32,32,32,32,32,32,32,32,32,32,32,32,32,32,32,32,32,32,32,32,32,32,32,32,32,32,32"
561,Stage1,32.39,,,,,,,,"0,8",,,
561,Stage2,32.39,25.60,,,,,,,"0,8",0,,
561,PowerOpt,32.39,25.60,25.60,,,,"184.38,43.20,20.95,5.26,1.23,0.74,0.12,0.05,0.02","2.00,0.00","0,8",0,,
561,Stage3,32.39,25.60,25.60,23.94,,,,,"0,8",0,"24,48,31,48,31",
561,Stage3_PowerOpt,32.39,25.60,25.60,,23.94,,"45.80,10.99,5.22,1.43,0.32,0.18,0.03,0.01","2.00,0.00","0,8",0,"24,48,31,48,31",
561,Stage4,32.39,25.60,25.60,,23.94,9.96;12.60;14.37;15.43;16.24;16.97;17.46;17.84;18.18;18.53;18.91;19.26;19.53;19.74;19.92;20.11;20.30;20.45;20.64;20.83;21.00;21.13;21.25;21.37;21.51;21.62;21.75;21.89;22.02;22.12;22.21;22.31;22.41;22.50;22.59;22.69;22.79,,,"0,8",0,"24,48,31,48,31","31,48,31,48,31,48,48,48,48,31,31,31,31,48,48,48,48,31,31,31,31,48,48,48,48,48,31,31,31,31,48,48,48,48,31,31,31"
562,Stage1,33.59,,,,,,,,"0,12",,,
562,Stage2,33.59,24.81,,,,,,,"0,12",0,,
562,PowerOpt,33.59,24.81,24.81,,,,"185.01,41.87,14.85,7.15,2.70,2.32,0.73,0.37,0.34,0.32,0.13,0.09,0.03,0.03,0.02","1.99,0.01","0,12",0,,
562,Stage3,33.59,24.81,24.81,23.07,,,,,"0,12",0,"24,48,31,48",
562,Stage3_PowerOpt,33.59,24.81,24.81,,23.07,,"46.98,10.78,3.76,1.61,0.64,0.08,0.07,0.03,0.02","2.00,0.00","0,12",0,"24,48,31,48",
562,Stage4,33.59,24.81,24.81,,23.07,11.35;12.70;13.92;14.85;15.48;16.14;16.60;16.96;17.31;17.64;17.94;18.20;18.44;18.64;18.82;19.01;19.21;19.40;19.59;19.76;19.92;20.05;20.17;20.30;20.43;20.55;20.67;20.80;20.91;21.01;21.11;21.21;21.32;21.41;21.50;21.59;21.68;21.76;21.85;21.93,,,"0,12",0,"24,48,31,48","31,48,31,48,31,48,48,48,31,31,31,31,48,48,48,48,48,31,31,31,31,48,48,48,48,31,31,31,31,31,48,48,48,48,31,31,31,48,48,48"
563,Stage1,24.66,,,,,,,,0,,,
563,Stage2,24.66,16.24,,,,,,,0,12,,
563,PowerOpt,24.66,16.24,16.24,,,,"169.71,49.06,20.75,5.24,4.28,3.18,0.99,0.67,0.55,0.30,0.30,0.18,0.15,0.10,0.06,0.05,0.05,0.04,0.04,0.04,0.03,0.03,0.02,0.02,0.02,0.01,0.01",1.00,0,12,,
563,Stage3,24.66,16.24,16.24,16.29,,,,,0,12,31,
563,Stage3_PowerOpt,24.66,16.24,16.24,,16.29,,"42.69,12.84,5.07,1.09,0.88,0.37,0.26,0.18,0.13,0.10,0.07,0.06,0.05,0.05,0.03,0.03,0.02,0.01,0.01",1.00,0,12,31,
563,Stage4,24.66,16.24,16.24,,16.29,9.66;10.82;11.55;12.07;12.47;12.77;12.98;13.13;13.26;13.42;13.58;13.75;13.90;14.02;14.13;14.20;14.27;14.36;14.45;14.55;14.64;14.73;14.79;14.84;14.89;14.95;15.01;15.08;15.15;15.21;15.26;15.30;15.33;15.37;15.42;15.48;15.53,,,0,12,31,"31,31,31,31,31,31,31,31,31,31,31,31,31,31,31,31,31,31,31,31,31,31,31,31,31,31,31,31,31,31,31,31,31,31,31,31,31"
564,Stage1,22.53,,,,,,,,12,,,
564,Stage2,22.53,16.94,,,,,,,12,12,,
564,PowerOpt,22.53,16.94,16.94,,,,"64.23,37.46,21.10,16.45,15.76,13.97,11.16,10.32,9.46,7.49,5.36,5.02,4.09,3.54,3.20,2.97,2.22,1.94,1.70,1.64,1.55,1.37,1.35,1.16,1.13,1.00,0.93,0.87,0.78,0.73,0.68,0.65,0.59,0.46,0.44,0.35,0.32,0.26,0.24,0.23,0.19,0.19,0.16,0.12,0.12,0.09,0.08,0.07,0.06,0.06,0.06,0.06,0.05,0.05,0.04,0.04,0.03,0.03,0.03,0.03,0.02,0.02,0.02,0.02,0.02,0.02,0.02,0.01",1.00,12,12,,
564,Stage3,22.53,16.94,16.94,17.02,,,,,12,12,31,
564,Stage3_PowerOpt,22.53,16.94,16.94,,17.02,,"26.47,10.69,4.87,3.90,3.31,2.50,2.27,1.57,1.37,1.16,0.93,0.66,0.55,0.48,0.42,0.35,0.33,0.29,0.25,0.22,0.19,0.16,0.15,0.13,0.11,0.10,0.08,0.07,0.06,0.05,0.05,0.04,0.03,0.03,0.03,0.02,0.01,0.01,0.01",1.00,12,12,31,
564,Stage4,22.53,16.94,16.94,,17.02,9.80;11.11;12.01;12.68;13.17;13.51;13.72;13.85;13.95;14.08;14.25;14.44;14.62;14.76;14.86;14.92;14.98;15.05;15.15;15.27;15.37;15.46;15.52;15.56;15.60;15.66;15.73;15.81;15.88;15.95;15.99;16.02;16.05;16.09;16.14;16.21,,,12,12,31,"31,31,31,31,31,31,31,31,31,31,31,31,31,31,31,31,31,31,31,31,31,31,31,31,31,31,31,31,31,31,31,31,31,31,31,31"
565,Stage1,24.55,,,,,,,,12,,,
565,Stage2,24.55,16.92,,,,,,,12,12,,
565,PowerOpt,24.55,16.92,16.92,,,,"50.85,37.79,34.08,21.90,16.60,15.03,8.29,8.05,6.84,6.78,5.37,4.94,4.03,3.60,3.32,3.05,2.77,2.51,2.15,1.53,1.48,1.36,1.20,0.91,0.81,0.75,0.66,0.62,0.60,0.58,0.57,0.55,0.54,0.49,0.45,0.43,0.39,0.34,0.32,0.30,0.27,0.23,0.22,0.22,0.19,0.19,0.15,0.15,0.14,0.13,0.12,0.11,0.11,0.10,0.09,0.09,0.08,0.07,0.06,0.05,0.04,0.03,0.03,0.03,0.03,0.02,0.02,0.02,0.02,0.02,0.01,0.01,0.01,0.01,0.01",1.00,12,12,,
565,Stage3,24.55,16.92,16.92,16.96,,,,,12,12,31,
565,Stage3_PowerOpt,24.55,16.92,16.92,,16.96,,"21.24,10.51,8.12,5.46,3.36,2.87,2.24,1.56,1.30,1.00,0.88,0.74,0.56,0.50,0.45,0.38,0.34,0.30,0.26,0.23,0.21,0.20,0.18,0.14,0.12,0.11,0.10,0.09,0.08,0.07,0.06,0.05,0.04,0.04,0.04,0.03,0.02,0.02,0.02,0.01,0.01,0.01",1.00,12,12,31,
565,Stage4,24.55,16.92,16.92,,16.96,9.48;10.91;11.83;12.49;12.97;13.33;13.58;13.76;13.85;13.99;14.16;14.34;14.51;14.65;14.77;14.85;14.91;14.99;15.09;15.20;15.30;15.39;15.45;15.50;15.55;15.61;15.68;15.76;15.83;15.89;15.94;15.97;16.00;16.05;16.11;16.17,,,12,12,31,"31,31,31,31,31,31,31,31,31,31,31,31,31,31,31,31,31,31,31,31,31,31,31,31,31,31,31,31,31,31,31,31,31,31,31,31"
566,Stage1,28.47,,,,,,,,"0,15",,,
566,Stage2,28.47,21.85,,,,,,,"0,15",0,,
566,PowerOpt,28.47,21.85,21.85,,,,"149.23,75.90,13.33,10.08,4.97,1.84,0.41,0.10,0.04,0.03,0.02","2.00,0.00","0,15",0,,
566,Stage3,28.47,21.85,21.85,20.65,,,,,"0,15",0,"31,0,31,0,31",
566,Stage3_PowerOpt,28.47,21.85,21.85,,20.65,,"37.12,18.99,3.34,2.61,1.32,0.46,0.11,0.02","2.00,0.00","0,15",0,"31,0,31,0,31",
566,Stage4,28.47,21.85,21.85,,20.65,10.89;12.12;12.91;13.51;13.93;14.23;14.62;14.95;15.32;15.59;15.89;16.20;16.46;16.66;16.81;16.96;17.12;17.27;17.45;17.65;17.84;17.96;18.07;18.17;18.28;18.38;18.50;18.65;18.77;18.87;18.95;19.02;19.10;19.18;19.27;19.38;19.49;19.56;19.63,,,"0,15",0,"31,0,31,0,31","31,31,31,31,31,0,0,0,0,0,31,31,31,0,0,0,0,0,31,31,31,31,0,0,0,0,31,31,31,0,0,0,0,0,31,31,31,31,0"
567,Stage1,27.77,,,,,,,,"0,15",,,
567,Stage2,27.77,21.83,,,,,,,"0,15",0,,
567,PowerOpt,27.77,21.83,21.84,,,,"208.16,26.99,14.34,3.41,1.52,0.95,0.32,0.10,0.05,0.03,0.02,0.02,0.01,0.01","2.00,0.00","0,15",0,,
567,Stage3,27.77,21.83,21.84,20.70,,,,,"0,15",0,"31,0",
567,Stage3_PowerOpt,27.77,21.83,21.84,,20.70,,"52.63,6.81,3.57,0.71,0.23,0.02,0.01","2.00,0.00","0,15",0,"31,0",
567,Stage4,27.77,21.83,21.84,,20.70,9.81;11.11;12.01;12.71;13.25;13.80;14.27;14.62;14.96;15.20;15.51;15.84;16.15;16.42;16.61;16.82;16.99;17.13;17.29;17.46;17.63;17.78;17.92;18.05;18.17;18.27;18.38;18.51;18.63;18.74;18.83;18.93;19.01;19.09;19.18;19.28;19.38;19.46;19.53;19.60;19.67,,,"0,15",0,"31,0","31,31,31,31,31,0,0,0,0,0,31,31,31,31,31,0,0,0,31,31,31,31,0,0,0,0,31,31,31,0,0,0,0,0,31,31,31,0,0,0,0"
568,Stage1,21.44,,,,,,,,15,,,
568,Stage2,21.44,16.92,,,,,,,15,15,,
568,PowerOpt,21.44,16.92,16.92,,,,"70.15,38.24,15.84,12.41,10.52,10.03,9.65,9.46,8.88,7.92,5.86,4.91,4.52,3.80,3.43,3.21,2.87,2.61,2.48,2.07,2.02,1.95,1.87,1.72,1.63,1.45,1.39,1.30,1.13,1.05,0.97,0.86,0.83,0.71,0.69,0.64,0.60,0.55,0.51,0.47,0.46,0.42,0.36,0.28,0.25,0.22,0.22,0.21,0.19,0.17,0.16,0.15,0.14,0.13,0.12,0.12,0.10,0.09,0.08,0.07,0.07,0.06,0.06,0.05,0.05,0.05,0.04,0.04,0.03,0.03,0.03,0.03,0.03,0.03,0.02,0.02,0.02,0.02,0.02,0.01,0.01,0.01,0.01",1.00,15,15,,
568,Stage3,21.44,16.92,16.92,16.97,,,,,15,15,23,
568,Stage3_PowerOpt,21.44,16.92,16.92,,16.97,,"23.14,16.69,5.86,4.11,3.16,2.76,2.17,1.73,1.09,0.71,0.58,0.43,0.23,0.17,0.15,0.14,0.10,0.08,0.07,0.06,0.06,0.05,0.05,0.04,0.04,0.04,0.03,0.03,0.03,0.02,0.02,0.02,0.02,0.02,0.01,0.01,0.01",1.00,15,15,23,
568,Stage4,21.44,16.92,16.92,,16.97,8.60;10.37;11.53;12.35;12.93;13.33;13.58;13.73;13.80;13.92;14.10;14.30;14.50;14.66;14.77;14.84;14.88;14.95;15.06;15.18;15.30;15.39;15.46;15.51;15.54;15.59;15.67;15.75;15.84;15.90;15.95;15.98;16.00;16.05;16.11;16.17,,,15,15,23,"23,23,23,23,23,23,23,23,23,23,23,23,23,23,23,23,23,23,23,23,23,23,23,23,23,23,23,23,23,23,23,23,23,23,23,23"
569,Stage1,20.18,,,,,,,,15,,,
569,Stage2,20.18,16.94,,,,,,,15,15,,
569,PowerOpt,20.18,16.94,16.94,,,,"159.97,64.08,15.48,5.47,3.53,1.84,1.25,1.08,0.80,0.51,0.27,0.24,0.21,0.19,0.17,0.11,0.11,0.09,0.09,0.07,0.05,0.04,0.04,0.03,0.03,0.03,0.02,0.02,0.02,0.02,0.01,0.01,0.01,0.01",1.00,15,15,,
569,Stage3,20.18,16.94,16.94,17.05,,,,,15,15,23,
569,Stage3_PowerOpt,20.18,16.94,16.94,,17.05,,"33.06,12.97,6.25,3.16,2.93,1.44,1.14,0.89,0.52,0.41,0.33,0.25,0.15,0.12,0.07,0.06,0.05,0.03,0.03,0.02,0.02,0.02,0.02",1.00,15,15,23,
569,Stage4,20.18,16.94,16.94,,17.05,10.75;11.86;12.53;13.00;13.34;13.59;13.78;13.92;14.08;14.25;14.41;14.56;14.70;14.81;14.90;14.97;15.05;15.14;15.24;15.33;15.41;15.49;15.55;15.60;15.65;15.71;15.78;15.84;15.91;15.96;16.01;16.05;16.08;16.13;16.18;16.23,,,15,15,23,"23,23,23,23,23,23,23,23,23,23,23,23,23,23,23,23,23,23,23,23,23,23,23,23,23,23,23,23,23,23,23,23,23,23,23,23"
570,Stage1,23.59,,,,,,,,15,,,
570,Stage2,23.59,16.91,,,,,,,15,15,,
570,PowerOpt,23.59,16.91,16.91,,,,"114.73,49.38,25.78,19.06,9.68,7.85,6.47,5.51,3.92,3.44,1.55,1.44,1.20,0.84,0.74,0.69,0.49,0.46,0.29,0.26,0.24,0.21,0.19,0.18,0.15,0.12,0.11,0.11,0.09,0.08,0.07,0.06,0.06,0.05,0.05,0.04,0.04,0.04,0.03,0.03,0.02,0.02,0.02,0.02,0.02,0.01,0.01,0.01,0.01,0.01,0.01",1.00,15,15,,
570,Stage3,23.59,16.91,16.91,17.04,,,,,15,15,23,
570,Stage3_PowerOpt,23.59,16.91,16.91,,17.04,,"21.84,9.27,8.48,5.54,3.69,3.52,3.07,1.72,1.60,1.40,0.89,0.77,0.60,0.43,0.32,0.25,0.10,0.08,0.07,0.06,0.06,0.05,0.04,0.03,0.02,0.02,0.01,0.01,0.01",1.00,15,15,23,
570,Stage4,23.59,16.91,16.91,,17.04,9.18;10.58;11.59;12.36;12.93;13.33;13.60;13.78;13.86;13.98;14.14;14.33;14.52;14.68;14.79;14.87;14.92;14.99;15.09;15.21;15.32;15.41;15.49;15.53;15.57;15.63;15.70;15.78;15.86;15.93;15.97;16.01;16.04;16.08;16.14;16.20,,,15,15,23,"23,23,23,23,23,23,23,23,23,23,23,23,23,23,23,23,23,23,23,23,23,23,23,23,23,23,23,23,23,23,23,23,23,23,23,23"
571,Stage1,24.03,,,,,,,,15,,,
571,Stage2,24.03,16.83,,,,,,,15,15,,
571,PowerOpt,24.03,16.83,16.83,,,,"160.88,61.15,13.63,5.59,5.50,2.38,1.55,1.47,1.10,0.70,0.46,0.25,0.21,0.17,0.14,0.13,0.12,0.08,0.06,0.06,0.04,0.03,0.03,0.03,0.02,0.02,0.02,0.02,0.02,0.01,0.01",1.00,15,15,,
571,Stage3,24.03,16.83,16.83,16.86,,,,,15,15,23,
571,Stage3_PowerOpt,24.03,16.83,16.83,,16.86,,"29.62,11.31,9.60,2.85,2.62,2.49,1.24,1.07,0.98,0.51,0.41,0.32,0.27,0.23,0.15,0.07,0.06,0.04,0.03,0.03,0.02,0.02,0.02",1.00,15,15,23,
571,Stage4,24.03,16.83,16.83,,16.86,9.62;10.96;11.82;12.46;12.92;13.27;13.50;13.66;13.77;13.91;14.09;14.27;14.44;14.58;14.69;14.76;14.82;14.91;15.01;15.12;15.22;15.31;15.38;15.43;15.47;15.53;15.60;15.68;15.75;15.81;15.86;15.89;15.93;15.97;16.03,,,15,15,23,"23,23,23,23,23,23,23,23,23,23,23,23,23,23,23,23,23,23,23,23,23,23,23,23,23,23,23,23,23,23,23,23,23,23,23"
572,Stage1,23.76,,,,,,,,11,,,
572,Stage2,23.76,16.90,,,,,,,11,15,,
572,PowerOpt,23.76,16.90,16.90,,,,"146.82,50.73,16.31,12.73,8.57,4.24,3.91,2.32,2.00,1.64,1.56,1.23,0.94,0.51,0.40,0.39,0.22,0.19,0.16,0.13,0.12,0.10,0.09,0.06,0.06,0.06,0.05,0.05,0.04,0.04,0.02,0.02,0.02,0.02,0.02,0.02,0.02,0.01,0.01,0.01,0.01,0.01",1.00,11,15,,
572,Stage3,23.76,16.90,16.90,16.67,,,,,11,15,23,
572,Stage3_PowerOpt,23.76,16.90,16.90,,16.67,,"17.55,14.53,9.08,6.14,5.19,2.62,2.02,1.97,1.65,0.88,0.66,0.46,0.32,0.19,0.18,0.12,0.09,0.07,0.06,0.05,0.04,0.03,0.02,0.02",1.00,11,15,23,
572,Stage4,23.76,16.90,16.90,,16.67,8.32;10.04;11.22;12.09;12.70;13.11;13.34;13.46;13.51;13.62;13.80;14.02;14.23;14.40;14.50;14.56;14.59;14.65;14.76;14.89;15.02;15.12;15.18;15.22;15.24;15.29;15.36;15.46;15.55;15.62;15.66;15.68;15.70;15.74;15.80;15.87,,,11,15,23,"23,23,23,23,23,23,23,23,23,23,23,23,23,23,23,23,23,23,23,23,23,23,23,23,23,23,23,23,23,23,23,23,23,23,23,23"
573,Stage1,25.16,,,,,,,,11,,,
573,Stage2,25.16,17.06,,,,,,,11,11,,
573,PowerOpt,25.16,17.06,17.06,,,,"71.59,65.75,26.00,21.59,12.96,12.50,9.97,7.27,5.87,4.37,3.79,3.74,2.48,1.82,1.24,1.02,0.97,0.54,0.50,0.41,0.37,0.24,0.21,0.17,0.09,0.07,0.07,0.06,0.05,0.04,0.04,0.02,0.02,0.01,0.01",1.00,11,11,,
573,Stage3,25.16,17.06,17.06,17.02,,,,,11,11,14,
573,Stage3_PowerOpt,25.16,17.06,17.06,,17.02,,"36.05,6.73,4.87,3.71,2.19,2.00,1.47,1.28,1.17,1.07,0.77,0.61,0.49,0.28,0.26,0.17,0.16,0.12,0.12,0.10,0.09,0.07,0.05,0.04,0.03,0.02,0.02,0.01",1.00,11,11,14,
573,Stage4,25.16,17.06,17.06,,17.02,10.24;11.57;12.39;12.94;13.31;13.55;13.68;13.74;13.88;14.07;14.28;14.48;14.64;14.76;14.83;14.86;14.93;15.04;15.16;15.28;15.39;15.47;15.52;15.55;15.59;15.66;15.74;15.83;15.91;15.97;16.01;16.04;16.06;16.11;16.17;16.23,,,11,11,14,"14,14,14,14,14,14,14,14,14,14,14,14,14,14,14,14,14,14,14,14,14,14,14,14,14,14,14,14,14,14,14,14,14,14,14,14"
574,Stage1,20.98,,,,,,,,11,,,
574,Stage2,20.98,17.21,,,,,,,11,11,,
574,PowerOpt,20.98,17.21,17.21,,,,"97.40,43.59,28.76,16.52,12.95,8.19,7.34,7.07,6.63,6.45,4.67,3.30,2.32,1.90,1.81,1.52,1.19,0.95,0.62,0.48,0.45,0.33,0.27,0.20,0.19,0.13,0.11,0.10,0.09,0.07,0.06,0.04,0.03,0.03,0.02,0.02,0.02,0.02,0.01,0.01,0.01,0.01",1.00,11,11,,
574,Stage3,20.98,17.21,17.21,17.16,,,,,11,11,14,
574,Stage3_PowerOpt,20.98,17.21,17.21,,17.16,,"20.63,10.55,7.15,5.53,4.65,4.02,3.06,1.85,1.62,1.22,0.92,0.76,0.60,0.39,0.27,0.21,0.13,0.11,0.07,0.07,0.06,0.04,0.02,0.02,0.01",1.00,11,11,14,
574,Stage4,20.98,17.21,17.21,,17.16,10.83;11.89;12.52;12.96;13.28;13.53;13.72;13.87;14.06;14.24;14.41;14.56;14.70;14.82;14.92;15.00;15.09;15.19;15.29;15.39;15.48;15.56;15.63;15.68;15.74;15.81;15.88;15.95;16.01;16.07;16.12;16.17;16.21;16.26;16.31,,,11,11,14,"14,14,14,14,14,14,14,14,14,14,14,14,14,14,14,14,14,14,14,14,14,14,14,14,14,14,14,14,14,14,14,14,14,14,14"
575,Stage1,22.78,,,,,,,,11,,,
575,Stage2,22.78,17.29,,,,,,,11,11,,
575,PowerOpt,22.78,17.29,17.29,,,,"128.02,29.87,16.50,11.74,7.77,7.01,6.26,5.77,4.93,4.30,4.15,3.87,3.12,2.99,2.77,2.41,1.97,1.85,1.51,1.42,1.33,1.17,0.78,0.66,0.59,0.50,0.40,0.36,0.33,0.28,0.24,0.20,0.16,0.11,0.09,0.09,0.08,0.06,0.05,0.04,0.04,0.03,0.03,0.02,0.02,0.01,0.01",1.00,11,11,,
575,Stage3,22.78,17.29,17.29,17.16,,,,,11,11,6,
575,Stage3_PowerOpt,22.78,17.29,17.29,,17.16,,"48.83,10.50,2.09,0.86,0.48,0.40,0.15,0.14,0.09,0.09,0.06,0.05,0.05,0.04,0.03,0.02,0.02,0.02,0.02,0.01",1.00,11,11,6,
575,Stage4,22.78,17.29,17.29,,17.16,8.78;10.52;11.66;12.47;13.06;13.47;13.75;13.91;13.97;14.09;14.27;14.47;14.67;14.84;14.96;15.03;15.07;15.14;15.24;15.37;15.49;15.59;15.66;15.70;15.73;15.79;15.86;15.95;16.04;16.10;16.15;16.18;16.20;16.25;16.31,,,11,11,6,"6,6,6,6,6,6,6,6,6,6,6,6,6,6,6,6,6,6,6,6,6,6,6,6,6,6,6,6,6,6,6,6,6,6,6"
576,Stage1,22.07,,,,,,,,11,,,
576,Stage2,22.07,17.29,,,,,,,11,11,,
576,PowerOpt,22.07,17.29,17.29,,,,"69.63,39.30,18.73,15.84,13.61,11.35,10.60,9.10,7.41,6.39,5.88,5.27,4.91,4.70,3.99,3.40,2.95,2.76,2.57,2.33,1.92,1.81,1.46,1.29,1.24,1.13,0.94,0.79,0.68,0.60,0.53,0.47,0.32,0.27,0.23,0.21,0.19,0.19,0.17,0.12,0.11,0.10,0.07,0.06,0.05,0.05,0.05,0.04,0.03,0.03,0.02,0.02,0.02,0.01",1.00,11,11,,
576,Stage3,22.07,17.29,17.29,17.23,,,,,11,11,6,
576,Stage3_PowerOpt,22.07,17.29,17.29,,17.23,,"34.03,18.25,5.52,2.01,1.34,0.39,0.37,0.31,0.26,0.22,0.17,0.16,0.15,0.12,0.11,0.10,0.08,0.06,0.05,0.05,0.04,0.03,0.03,0.02,0.02,0.02,0.02,0.01,0.01,0.01",1.00,11,11,6,
576,Stage4,22.07,17.29,17.29,,17.23,11.13;12.22;12.85;13.27;13.56;13.77;13.92;14.04;14.23;14.41;14.59;14.75;14.88;14.98;15.06;15.13;15.22;15.31;15.42;15.51;15.60;15.67;15.73;15.78;15.83;15.90;15.96;16.03;16.10;16.16;16.20;16.24;16.28;16.32;16.37;16.42,,,11,11,6,"6,6,6,6,6,6,6,6,6,6,6,6,6,6,6,6,6,6,6,6,6,6,6,6,6,6,6,6,6,6,6,6,6,6,6,6"
577,Stage1,21.67,,,,,,,,"11,4,0",,,
577,Stage2,21.67,18.36,,,,,,,"11,4,0","4,11",,
577,PowerOpt,21.67,18.36,18.36,,,,"118.74,51.37,18.25,12.82,10.53,7.83,6.24,4.23,3.20,2.35,2.01,1.86,1.62,1.55,1.33,1.18,1.02,0.88,0.75,0.71,0.64,0.57,0.53,0.51,0.50,0.48,0.45,0.43,0.39,0.37,0.34,0.30,0.30,0.25,0.22,0.17,0.14,0.11,0.10,0.10,0.09,0.08,0.06,0.06,0.05,0.05,0.04,0.03,0.03,0.03,0.02,0.02,0.01,0.01,0.01","2.91,0.08,0.01","11,4,0","4,11",,
577,Stage3,21.67,18.36,18.36,17.98,,,,,"11,4,0","4,11","62,56,62,56,62",
577,Stage3_PowerOpt,21.67,18.36,18.36,,17.98,,"36.07,16.67,5.79,2.86,2.04,0.13,0.10,0.07,0.06,0.04,0.03,0.02,0.02,0.01,0.01,0.01","2.99,0.01,0.00","11,4,0","4,11","62,56,62,56,62",
577,Stage4,21.67,18.36,18.36,,17.98,10.81;12.04;12.81;13.36;13.77;14.07;14.29;14.44;14.57;14.72;14.89;15.06;15.21;15.34;15.44;15.51;15.58;15.67;15.76;15.87;15.96;16.04;16.11;16.16;16.21;16.26;16.33;16.40;16.47;16.53;16.58;16.61;16.65;16.70;16.75;16.80;16.84;16.89;16.94;16.96;16.99;17.02;17.06;17.10,,,"11,4,0","4,11","62,56,62,56,62","62,62,62,62,62,62,62,62,62,62,62,62,62,62,62,62,62,62,62,62,62,62,62,62,62,62,62,62,62,62,62,62,62,62,62,62,62,62,62,62,62,62,62,62"
578,Stage1,25.40,,,,,,,,"4,11,0",,,
578,Stage2,25.40,20.80,,,,,,,"4,11,0",4,,
578,PowerOpt,25.40,20.80,20.80,,,,"110.18,77.13,19.68,16.46,5.23,3.67,3.01,2.65,2.50,2.01,1.67,1.42,0.94,0.91,0.83,0.81,0.73,0.69,0.64,0.49,0.44,0.41,0.37,0.32,0.30,0.27,0.24,0.22,0.21,0.17,0.15,0.13,0.13,0.11,0.10,0.09,0.08,0.07,0.07,0.06,0.05,0.05,0.04,0.04,0.03,0.03,0.02,0.02,0.02,0.02,0.02,0.01,0.01,0.01","2.83,0.16,0.00","4,11,0",4,,
578,Stage3,25.40,20.80,20.80,21.01,,,,,"4,11,0",4,"62,8",
578,Stage3_PowerOpt,25.40,20.80,20.80,,21.01,,"31.12,21.82,4.91,4.15,1.15,0.40,0.12,0.06,0.05,0.04,0.04,0.03,0.02,0.02,0.01,0.01","2.99,0.01,0.00","4,11,0",4,"62,8",
578,Stage4,25.40,20.80,20.80,,21.01,11.20;12.33;13.00;13.46;13.84;14.32;14.71;15.05;15.45;15.78;16.08;16.33;16.54;16.73;16.90;17.08;17.29;17.45;17.62;17.78;17.92;18.04;18.16;18.28;18.42;18.54;18.66;18.78;18.90;18.99;19.08;19.18;19.27;19.36;19.45;19.54;19.63;19.71;19.78;19.86;19.93;20.01,,,"4,11,0",4,"62,8","62,62,62,62,8,8,8,8,8,62,62,62,62,8,8,8,8,62,62,62,62,8,8,8,8,8,62,62,62,62,8,8,8,8,62,62,62,62,8,8,8,8"
579,Stage1,31.60,,,,,,,,"4,10,12",,,
579,Stage2,31.60,25.62,,,,,,,"4,10,12",4,,
579,PowerOpt,31.60,25.62,25.62,,,,"137.75,56.92,22.04,15.31,8.83,7.55,2.22,1.06,0.98,0.56,0.56,0.50,0.30,0.26,0.24,0.15,0.12,0.11,0.08,0.07,0.07,0.05,0.03,0.03,0.03,0.02,0.02,0.02,0.01,0.01,0.01","2.93,0.07,0.00","4,10,12",4,,
579,Stage3,31.60,25.62,25.62,23.89,,,,,"4,10,12",4,"57,54,17,17,54",
579,Stage3_PowerOpt,31.60,25.62,25.62,,23.89,,"35.00,15.05,6.11,3.84,2.36,0.61,0.30,0.19,0.15,0.10,0.08,0.05,0.04,0.03,0.02,0.02,0.01,0.01","2.97,0.03,0.00","4,10,12",4,"57,54,17,17,54",
579,Stage4,31.60,25.62,25.62,,23.89,11.12;13.29;14.45;15.57;16.19;16.68;17.24;17.63;18.04;18.42;18.74;19.01;19.23;19.42;19.60;19.78;19.98;20.19;20.39;20.58;20.74;20.86;20.98;21.10;21.24;21.36;21.49;21.62;21.74;21.84;21.93;22.01;22.11;22.20;22.29;22.39;22.48;22.56;22.63;22.71,,,"4,10,12",4,"57,54,17,17,54","54,17,54,17,17,54,17,17,54,54,54,54,17,17,17,17,17,54,54,54,54,54,17,17,17,17,54,54,54,54,17,17,17,17,54,54,54,54,17,17"
580,Stage1,38.92,,,,,,,,"4,10,12",,,
580,Stage2,38.92,29.35,,,,,,,"4,10,12",4,,
580,PowerOpt,38.92,29.35,29.35,,,,"129.72,47.80,23.16,15.32,9.43,9.20,4.26,3.41,3.38,3.10,1.63,1.38,0.60,0.54,0.39,0.35,0.32,0.31,0.27,0.21,0.20,0.14,0.13,0.11,0.11,0.08,0.07,0.06,0.04,0.03,0.03,0.03,0.02,0.02,0.02,0.01,0.01","2.77,0.20,0.03","4,10,12",4,,
580,Stage3,38.92,29.35,29.35,26.96,,,,,"4,10,12",4,"49,17,54,17",
580,Stage3_PowerOpt,38.92,29.35,29.35,,26.96,,"36.18,12.98,5.04,3.16,1.72,1.53,1.07,0.56,0.39,0.32,0.29,0.26,0.08,0.07,0.06,0.05,0.05,0.04,0.03,0.02,0.02,0.01,0.01,0.01","2.85,0.13,0.02","4,10,12",4,"49,17,54,17",
580,Stage4,38.92,29.35,29.35,,26.96,11.22;14.12;15.41;16.42;17.15;17.83;18.39;18.83;19.39;19.85;20.23;20.56;20.84;21.08;21.37;21.59;21.89;22.16;22.42;22.64;22.82;22.99;23.15;23.33;23.55;23.73;23.91;24.08;24.23;24.36;24.49;24.62;24.79;24.93;25.05;25.18;25.30;25.40;25.51;25.61;25.75,,,"4,10,12",4,"49,17,54,17","54,17,17,54,17,17,17,17,54,54,54,17,17,17,17,17,17,54,54,54,17,17,17,17,17,17,54,54,54,17,17,17,17,17,54,54,54,17,17,17,17"
581,Stage1,34.48,,,,,,,,"4,10,0",,,
581,Stage2,34.48,27.77,,,,,,,"4,10,0",4,,
581,PowerOpt,34.48,27.77,27.77,,,,"145.09,42.81,37.35,11.97,6.32,3.94,2.86,1.41,0.87,0.68,0.54,0.38,0.35,0.26,0.19,0.14,0.12,0.11,0.07,0.06,0.06,0.06,0.05,0.04,0.03,0.02,0.02,0.02,0.02,0.02,0.01,0.01,0.01","2.79,0.20,0.01","4,10,0",4,,
581,Stage3,34.48,27.77,27.77,27.01,,,,,"4,10,0",4,"17,46,17,17,46",
581,Stage3_PowerOpt,34.48,27.77,27.77,,27.01,,"37.14,12.92,7.20,2.73,1.44,0.93,0.65,0.37,0.17,0.10,0.08,0.06,0.04,0.03,0.03,0.02,0.02,0.01,0.01","2.80,0.19,0.01","4,10,0",4,"17,46,17,17,46",
581,Stage4,34.48,27.77,27.77,,27.01,10.90;13.29;14.54;15.72;16.47;17.24;17.80;18.31;18.79;19.27;19.67;20.01;20.31;20.57;20.84;21.12;21.45;21.70;21.97;22.20;22.40;22.57;22.75;22.94;23.18;23.35;23.53;23.71;23.87;24.02;24.15;24.29;24.41;24.54;24.67;24.82;24.95;25.08;25.20;25.32;25.41;25.51;25.60;25.71,,,"4,10,0",4,"17,46,17,17,46","46,17,17,46,17,17,17,17,46,46,46,17,17,17,17,17,17,46,46,46,17,17,17,17,17,17,46,46,17,17,17,17,17,17,46,46,46,17,17,17,17,17,46,17"
582,Stage1,33.32,,,,,,,,"8,5,10",,,
582,Stage2,33.32,26.34,,,,,,,"8,5,10",8,,
582,PowerOpt,33.32,26.34,26.34,,,,"209.67,29.37,10.75,1.95,1.34,0.58,0.55,0.45,0.25,0.19,0.14,0.13,0.12,0.11,0.08,0.08,0.05,0.04,0.02,0.02,0.02,0.01","2.99,0.01,0.00","8,5,10",8,,
582,Stage3,33.32,26.34,26.34,25.49,,,,,"8,5,10",8,"33,46,25,25,46",
582,Stage3_PowerOpt,33.32,26.34,26.34,,25.49,,"52.06,7.26,2.82,0.53,0.38,0.27,0.14,0.12,0.07,0.06,0.06,0.05,0.04,0.03,0.03,0.03,0.02,0.01","2.99,0.01,0.00","8,5,10",8,"33,46,25,25,46",
582,Stage4,33.32,26.34,26.34,,25.49,11.25;14.95;16.11;17.21;17.87;18.33;18.71;19.02;19.52;19.97;20.33;20.62;20.84;21.04;21.23;21.41;21.63;21.82;22.00;22.18;22.32;22.44;22.56;22.69;22.85;22.98;23.11;23.24;23.35;23.45;23.55;23.66;23.79;23.88;23.98;24.08;24.18;24.27,,,"8,5,10",8,"33,46,25,25,46","46,25,46,25,25,25,25,25,46,46,46,46,46,25,25,25,25,46,46,46,46,25,25,25,25,25,46,46,46,46,25,25,25,25,25,46,46,25"
583,Stage1,32.50,,,,,,,,"8,5,10",,,
583,Stage2,32.50,26.45,,,,,,,"8,5,10",8,,
583,PowerOpt,32.50,26.45,26.45,,,,"191.63,53.21,5.67,2.92,0.92,0.35,0.32,0.25,0.12,0.09,0.09,0.08,0.07,0.05,0.04,0.03,0.02,0.02,0.02,0.01,0.01","3.00,0.00,0.00","8,5,10",8,,
583,Stage3,32.50,26.45,26.45,25.66,,,,,"8,5,10",8,"33,46,25,25,46",
583,Stage3_PowerOpt,32.50,26.45,26.45,,25.66,,"47.67,13.30,1.47,0.74,0.25,0.17,0.09,0.07,0.05,0.03,0.03,0.02,0.02,0.02,0.01,0.01","2.99,0.00,0.00","8,5,10",8,"33,46,25,25,46",
583,Stage4,32.50,26.45,26.45,,25.66,11.01;15.06;16.18;17.42;18.09;18.56;18.94;19.26;19.78;20.22;20.59;20.87;21.08;21.27;21.44;21.62;21.85;22.04;22.23;22.40;22.54;22.66;22.77;22.88;23.04;23.17;23.30;23.43;23.55;23.65;23.74;23.83;23.96;24.07;24.17;24.28;24.39,,,"8,5,10",8,"33,46,25,25,46","46,25,46,25,25,25,25,25,46,46,46,46,46,25,25,25,25,46,46,46,46,25,25,25,25,25,46,46,46,25,25,25,25,25,25,46,46"
584,Stage1,32.40,,,,,,,,"8,5",,,
584,Stage2,32.40,25.26,,,,,,,"8,5",8,,
584,PowerOpt,32.40,25.26,25.26,,,,"173.93,65.49,9.90,5.23,0.67,0.42,0.16,0.05,0.03,0.02,0.02,0.01","2.00,0.00","8,5",8,,
584,Stage3,32.40,25.26,25.26,24.53,,,,,"8,5",8,"38,25",
584,Stage3_PowerOpt,32.40,25.26,25.26,,24.53,,"43.82,16.36,2.26,1.25,0.15,0.07,0.03,0.01,0.01","2.00,0.00","8,5",8,"38,25",
584,Stage4,32.40,25.26,25.26,,24.53,9.63;13.78;14.92;16.18;16.84;17.42;17.97;18.35;18.77;19.12;19.41;19.65;19.87;20.07;20.27;20.46;20.69;20.86;21.03;21.18;21.32;21.45;21.56;21.68;21.83;21.95;22.06;22.17;22.27;22.37;22.45;22.54;22.66;22.75;22.84;22.92;23.00;23.08;23.15;23.22;23.31,,,"8,5",8,"38,25","38,25,38,25,25,38,25,25,38,38,38,38,25,38,25,25,25,38,38,38,25,38,25,25,25,38,38,38,38,25,38,25,25,25,38,38,38,25,38,25,25"
585,Stage1,35.86,,,,,,,,"8,5",,,
585,Stage2,35.86,24.16,,,,,,,"8,5",8,,
585,PowerOpt,35.86,24.16,24.16,,,,"172.79,59.52,8.35,5.96,3.70,1.80,1.08,0.87,0.48,0.47,0.38,0.17,0.11,0.09,0.05,0.04,0.02,0.02,0.02","1.97,0.03","8,5",8,,
585,Stage3,35.86,24.16,24.16,23.50,,,,,"8,5",8,"38,25,39,25",
585,Stage3_PowerOpt,35.86,24.16,24.16,,23.50,,"39.72,13.92,5.13,1.35,1.18,0.91,0.66,0.33,0.28,0.19,0.10,0.08,0.06,0.03,0.02","1.94,0.06","8,5",8,"38,25,39,25",
585,Stage4,35.86,24.16,24.16,,23.50,10.19;13.01;14.27;15.36;16.05;16.56;17.09;17.45;17.84;18.19;18.49;18.74;18.99;19.19;19.37;19.55;19.75;19.94;20.12;20.29;20.43;20.56;20.67;20.78;20.92;21.04;21.17;21.29;21.41;21.50;21.59;21.67;21.77;21.86;21.95;22.04;22.13;22.21;22.28;22.34,,,"8,5",8,"38,25,39,25","39,25,25,39,25,39,25,25,39,39,39,39,25,25,25,25,25,39,39,39,39,25,25,25,25,25,39,39,39,39,25,25,25,25,39,39,39,39,25,25"
586,Stage1,40.25,,,,,,,,"8,0",,,
586,Stage2,40.25,25.70,,,,,,,"8,0",8,,
586,PowerOpt,40.25,25.70,25.70,,,,"170.69,52.33,11.60,9.04,5.13,4.28,0.80,0.55,0.52,0.37,0.20,0.18,0.09,0.06,0.05,0.02,0.02,0.01","1.94,0.06","8,0",8,,
586,Stage3,40.25,25.70,25.70,25.06,,,,,"8,0",8,"32,39,33,39,33",
586,Stage3_PowerOpt,40.25,25.70,25.70,,25.06,,"42.38,12.70,2.95,2.53,1.35,1.22,0.26,0.17,0.14,0.11,0.08,0.04,0.02,0.02","1.94,0.06","8,0",8,"32,39,33,39,33",
586,Stage4,40.25,25.70,25.70,,25.06,10.46;14.54;15.90;17.26;17.94;18.43;18.83;19.15;19.56;19.99;20.38;20.70;20.92;21.12;21.30;21.48;21.70;21.87;22.06;22.23;22.38;22.50;22.62;22.73;22.88;23.00;23.12;23.26;23.37;23.46;23.54;23.63;23.73;23.83,,,"8,0",8,"32,39,33,39,33","39,33,39,33,33,33,33,33,39,39,39,39,39,33,33,33,33,39,39,39,39,33,33,33,33,33,39,39,39,39,33,33,33,33"
587,Stage1,32.09,,,,,,,,"8,0",,,
587,Stage2,32.09,24.72,,,,,,,"8,0",8,,
587,PowerOpt,32.09,24.72,24.72,,,,"185.29,57.35,7.64,3.77,0.82,0.48,0.27,0.20,0.06,0.03,0.01","1.99,0.01","8,0",8,,
587,Stage3,32.09,24.72,24.72,24.37,,,,,"8,0",8,"32,39,33,39,33",
587,Stage3_PowerOpt,32.09,24.72,24.72,,24.37,,"44.98,15.54,1.97,0.92,0.24,0.15,0.09,0.06,0.02","1.99,0.01","8,0",8,"32,39,33,39,33",
587,Stage4,32.09,24.72,24.72,,24.37,10.74;14.04;15.15;16.38;17.03;17.55;18.08;18.44;18.82;19.16;19.45;19.70;19.93;20.13;20.31;20.48;20.72;20.91;21.08;21.25;21.39;21.51;21.62;21.72;21.88;22.01;22.14;22.26;22.37;22.47;22.55;22.63;22.74;22.83;22.92;23.01;23.10;23.18,,,"8,0",8,"32,39,33,39,33","39,33,39,33,33,39,33,33,39,39,39,33,39,33,33,33,33,39,39,39,39,33,33,33,33,33,39,39,39,39,33,33,33,33,39,39,39,39"
588,Stage1,25.44,,,,,,,,"15,4,0",,,
588,Stage2,25.44,19.58,,,,,,,"15,4,0",8,,
588,PowerOpt,25.44,19.58,19.58,,,,"165.39,76.76,7.45,1.91,0.77,0.53,0.52,0.35,0.33,0.30,0.23,0.22,0.19,0.16,0.12,0.11,0.10,0.10,0.07,0.05,0.05,0.05,0.04,0.03,0.02,0.02,0.02,0.01,0.01,0.01","2.90,0.09,0.01","15,4,0",8,,
588,Stage3,25.44,19.58,19.58,20.10,,,,,"15,4,0",8,"39,33,39",
588,Stage3_PowerOpt,25.44,19.58,19.58,,20.10,,"40.83,19.70,2.02,0.58,0.15,0.11,0.08,0.08,0.06,0.06,0.04,0.04,0.03,0.03,0.03,0.02,0.02,0.02,0.02,0.01,0.01","2.90,0.09,0.01","15,4,0",8,"39,33,39",
588,Stage4,25.44,19.58,19.58,,20.10,11.42;12.55;13.22;13.68;13.99;14.22;14.37;14.48;14.69;14.89;15.06;15.22;15.37;15.52;15.71;15.90;16.11;16.29;16.45;16.58;16.71;16.84;16.95;17.06;17.17;17.27;17.38;17.48;17.58;17.67;17.76;17.84;17.93;18.02;18.10;18.18;18.26;18.34;18.41;18.48;18.58;18.67;18.74;18.81;18.87;18.94;19.00;19.07;19.18,,,"15,4,0",8,"39,33,39","39,39,39,39,39,39,39,39,39,39,39,39,39,33,33,33,33,33,33,33,39,33,33,33,33,39,39,39,39,39,33,33,39,33,33,39,39,39,39,33,39,39,33,39,33,39,39,33,39"
589,Stage1,27.21,,,,,,,,"15,0,4",,,
589,Stage2,27.21,20.37,,,,,,,"15,0,4","0,15",,
589,PowerOpt,27.21,20.37,20.37,,,,"198.25,32.60,10.68,7.64,2.76,0.99,0.41,0.34,0.25,0.23,0.19,0.18,0.17,0.16,0.13,0.10,0.10,0.10,0.09,0.08,0.07,0.06,0.05,0.04,0.04,0.03,0.03,0.02,0.02,0.02,0.02,0.02,0.01,0.01,0.01,0.01,0.01","2.98,0.02,0.00","15,0,4","0,15",,
589,Stage3,27.21,20.37,20.37,20.61,,,,,"15,0,4","0,15","32,39",
589,Stage3_PowerOpt,27.21,20.37,20.37,,20.61,,"49.64,8.50,3.36,1.19,0.47,0.23,0.09,0.08,0.06,0.05,0.04,0.04,0.03,0.03,0.02,0.02,0.02,0.02,0.01,0.01,0.01","2.98,0.02,0.00","15,0,4","0,15","32,39",
589,Stage4,27.21,20.37,20.37,,20.61,11.31;12.55;13.31;13.82;14.15;14.42;14.68;14.89;15.12;15.36;15.57;15.76;15.94;16.14;16.32;16.47;16.61;16.76;16.90;17.03;17.15;17.28;17.41;17.52;17.62;17.73;17.84;17.95;18.05;18.15;18.25;18.35;18.44;18.52;18.62;18.70;18.79;18.87;18.96;19.04;19.12;19.19;19.27;19.35;19.42;19.49;19.57;19.64,,,"15,0,4","0,15","32,39","39,39,39,39,39,39,39,39,39,39,39,39,39,39,39,39,32,39,39,32,32,32,39,32,32,32,32,32,32,32,32,32,32,39,39,39,32,39,32,39,32,32,39,32,39,32,39,39"
590,Stage1,38.31,,,,,,,,0,,,
590,Stage2,38.31,15.29,,,,,,,0,0,,
590,PowerOpt,38.31,15.29,15.29,,,,"188.47,58.78,6.61,1.45,0.35,0.28,0.01",1.00,0,0,,
590,Stage3,38.31,15.29,15.29,15.27,,,,,0,0,"32,33,32,33,32",
590,Stage3_PowerOpt,38.31,15.29,15.29,,15.27,,"47.17,14.59,1.71,0.35,0.10,0.07",1.00,0,0,"32,33,32,33,32",
590,Stage4,38.31,15.29,15.29,,15.27,8.23;9.69;10.51;11.04;11.47;11.80;12.06;12.29;12.46;12.61;12.74;12.87;12.98;13.09;13.20;13.30;13.39;13.48;13.56;13.63;13.70;13.77;13.84;13.90;13.96;14.02;14.08;14.13;14.18;14.23;14.28;14.33;14.37;14.41;14.46;14.50;14.54,,,0,0,"32,33,32,33,32","32,33,32,32,33,33,33,33,33,32,32,32,32,33,33,33,33,32,32,32,32,33,33,33,33,32,32,32,32,33,33,33,33,32,32,32,32"
591,Stage1,22.03,,,,,,,,0,,,
591,Stage2,22.03,15.96,,,,,,,0,12,,
591,PowerOpt,22.03,15.96,15.96,,,,"121.86,50.79,31.93,9.62,7.90,5.13,4.68,3.86,3.17,2.74,2.36,1.93,1.63,1.43,1.19,1.08,0.70,0.58,0.56,0.48,0.43,0.35,0.26,0.24,0.21,0.18,0.13,0.11,0.09,0.07,0.06,0.05,0.04,0.04,0.03,0.02,0.02,0.01",1.00,0,12,,
591,Stage3,22.03,15.96,15.96,16.16,,,,,0,12,39,
591,Stage3_PowerOpt,22.03,15.96,15.96,,16.16,,"31.59,12.90,6.75,2.08,1.80,1.36,1.28,1.07,1.02,0.61,0.56,0.48,0.44,0.41,0.31,0.27,0.16,0.13,0.13,0.12,0.08,0.08,0.06,0.05,0.05,0.04,0.03,0.03,0.02,0.02,0.01,0.01",1.00,0,12,39,
591,Stage4,22.03,15.96,15.96,,16.16,10.07;11.15;11.80;12.25;12.58;12.83;13.02;13.15;13.31;13.47;13.62;13.76;13.89;14.00;14.09;14.16;14.24;14.32;14.40;14.49;14.57;14.64;14.70;14.75;14.80;14.85;14.91;14.97;15.03;15.08;15.13;15.16;15.20;15.24;15.28;15.33;15.38,,,0,12,39,"39,39,39,39,39,39,39,39,39,39,39,39,39,39,39,39,39,39,39,39,39,39,39,39,39,39,39,39,39,39,39,39,39,39,39,39,39"
592,Stage1,32.16,,,,,,,,0,,,
592,Stage2,32.16,16.09,,,,,,,0,12,,
592,PowerOpt,32.16,16.09,16.09,,,,"221.43,32.05,1.63,0.15,0.09,0.08,0.07,0.06,0.05,0.05,0.05,0.04,0.04,0.03,0.02,0.02,0.01,0.01,0.01",1.00,0,12,,
592,Stage3,32.16,16.09,16.09,16.27,,,,,0,12,39,
592,Stage3_PowerOpt,32.16,16.09,16.09,,16.27,,"55.41,7.94,0.39,0.04,0.03,0.02,0.02,0.02,0.02,0.02,0.02,0.01",1.00,0,12,39,
592,Stage4,32.16,16.09,16.09,,16.27,10.03;11.24;11.98;12.47;12.82;13.04;13.18;13.26;13.40;13.56;13.74;13.90;14.04;14.15;14.23;14.27;14.33;14.42;14.51;14.61;14.70;14.77;14.83;14.86;14.90;14.95;15.02;15.09;15.15;15.21;15.25;15.28;15.30;15.34;15.39;15.44;15.49,,,0,12,39,"39,39,39,39,39,39,39,39,39,39,39,39,39,39,39,39,39,39,39,39,39,39,39,39,39,39,39,39,39,39,39,39,39,39,39,39,39"
