ue,stage,C_TRX_UE,C_TRX_BS,C_TRX,C_Layer_no_power,C_Layer,C_ABM_hist,lambda_bs_beam,lambda_ue_beam,ue_beams,bs_pattern,bs_layer_pattern,bs_beams_abm
12,Stage1,24.12,,,,,,,,"0,8",,,
12,Stage2,24.12,21.46,,,,,,,"0,8",0,,
12,PowerOpt,24.12,21.46,21.46,,,,"192.87,31.01,17.88,7.79,3.24,1.06,0.93,0.41,0.29,0.21,0.09,0.05,0.04,0.03,0.02,0.02","1.99,0.01","0,8",0,,
12,Stage3,24.12,21.46,21.46,21.09,,,,,"0,8",0,0,
12,Stage3_PowerOpt,24.12,21.46,21.46,,21.09,,"48.75,7.73,4.41,1.95,0.81,0.24,0.07,0.02","2.00,0.00","0,8",0,0,
12,Stage4,24.12,21.46,21.46,,21.09,10.24;11.83;12.81;13.48;14.05;14.46;14.80;15.07;15.39;15.69;15.98;16.24;16.47;16.67;16.84;16.99;17.16;17.33;17.51;17.67;17.82;17.96;18.07;18.18;18.29;18.41;18.53;18.65;18.77;18.87;18.96;19.04;19.13;19.21;19.31;19.40;19.49;19.57;19.65;19.72;19.78;19.85;19.92;19.99;20.07,,,"0,8",0,0,"0,0,0,0,0,0,0,0,0,0,0,0,0,0,0,0,0,0,0,0,0,0,0,0,0,0,0,0,0,0,0,0,0,0,0,0,0,0,0,0,0,0,0,0,0"
13,Stage1,24.48,,,,,,,,"0,8",,,
13,Stage2,24.48,21.90,,,,,,,"0,8",0,,
13,PowerOpt,24.48,21.90,21.90,,,,"151.84,51.98,32.93,12.45,4.15,1.59,0.33,0.30,0.17,0.07,0.06,0.03,0.03,0.01","1.99,0.01","0,8",0,,
13,Stage3,24.48,21.90,21.90,21.37,,,,,"0,8",0,0,
13,Stage3_PowerOpt,24.48,21.90,21.90,,21.37,,"38.04,13.07,8.24,3.08,1.04,0.39,0.07,0.04,0.02","1.99,0.01","0,8",0,0,
13,Stage4,24.48,21.90,21.90,,21.37,9.49;11.39;12.44;13.29;13.95;14.48;14.88;15.20;15.48;15.77;16.06;16.33;16.59;16.82;17.02;17.19;17.34;17.51;17.68;17.85;18.01;18.16;18.30;18.41;18.52;18.63;18.75;18.88;19.00;19.11;19.21;19.30;19.38;19.47;19.56;19.66;19.75;19.84;19.92;19.99;20.05;20.12;20.19;20.27;20.35,,,"0,8",0,0,"0,0,0,0,0,0,0,0,0,0,0,0,0,0,0,0,0,0,0,0,0,0,0,0,0,0,0,0,0,0,0,0,0,0,0,0,0,0,0,0,0,0,0,0,0"
14,Stage1,25.18,,,,,,,,"0,8,8",,,
14,Stage2,25.18,22.76,,,,,,,"0,8,8",0,,
14,PowerOpt,25.18,22.76,22.76,,,,"152.15,46.73,41.89,8.48,4.01,1.60,0.55,0.25,0.11,0.06,0.05,0.02,0.02,0.01,0.01","2.99,0.01,0.00","0,8,8",0,,
14,Stage3,25.18,22.76,22.76,21.97,,,,,"0,8,8",0,"0,56",
14,Stage3_PowerOpt,25.18,22.76,22.76,,21.97,,"38.13,11.77,10.45,2.11,0.97,0.38,0.13,0.03,0.01","2.99,0.01,0.00","0,8,8",0,"0,56",
14,Stage4,25.18,22.76,22.76,,21.97,9.97;11.70;12.86;13.70;14.39;14.93;15.37;15.72;16.03;16.32;16.62;16.90;17.18;17.40;17.59;17.78;17.95;18.12;18.29;18.47;18.64;18.78;18.91;19.03;19.15;19.27;19.40;19.52;19.64;19.75;19.85;19.94;20.03;20.12;20.22;20.31;20.41;20.49;20.57;20.64;20.71;20.78;20.86;20.94,,,"0,8,8",0,"0,56","56,56,56,56,0,0,0,0,0,56,56,56,56,56,0,0,0,0,56,56,56,56,0,0,0,0,56,56,56,56,0,0,0,0,56,56,56,0,0,0,0,0,56,56"
15,Stage1,20.21,,,,,,,,12,,,
15,Stage2,20.21,16.86,,,,,,,12,0,,
15,PowerOpt,20.21,16.86,16.86,,,,"85.27,73.12,26.34,21.97,12.31,9.04,5.26,4.88,4.36,3.44,2.11,1.73,1.37,1.13,0.79,0.61,0.45,0.31,0.26,0.21,0.19,0.12,0.11,0.08,0.06,0.06,0.05,0.05,0.04,0.04,0.04,0.02,0.02,0.02,0.01,0.01",1.00,12,0,,
15,Stage3,20.21,16.86,16.86,16.85,,,,,12,0,56,
15,Stage3_PowerOpt,20.21,16.86,16.86,,16.85,,"28.49,11.15,8.52,4.22,3.36,2.37,1.83,1.12,0.74,0.63,0.39,0.36,0.25,0.15,0.14,0.09,0.06,0.05,0.03,0.02,0.01",1.00,12,0,56,
15,Stage4,20.21,16.86,16.86,,16.85,10.36;11.60;12.33;12.81;13.10;13.27;13.34;13.37;13.55;13.79;14.03;14.24;14.40;14.50;14.56;14.58;14.66;14.78;14.92;15.06;15.18;15.26;15.31;15.33;15.37;15.44;15.53;15.63;15.72;15.79;15.83;15.86;15.88;15.92;15.98;16.05,,,12,0,56,"56,56,56,56,56,56,56,56,56,56,56,56,56,56,56,56,56,56,56,56,56,56,56,56,56,56,56,56,56,56,56,56,56,56,56,56"
16,Stage1,21.78,,,,,,,,12,,,
16,Stage2,21.78,16.86,,,,,,,12,12,,
16,PowerOpt,21.78,16.86,16.86,,,,"100.12,38.64,25.22,20.21,16.21,12.00,10.93,6.85,5.25,4.26,3.40,2.30,1.90,1.70,1.46,0.90,0.78,0.68,0.51,0.40,0.30,0.27,0.22,0.19,0.15,0.15,0.12,0.11,0.09,0.08,0.08,0.07,0.06,0.05,0.05,0.04,0.03,0.03,0.03,0.02,0.02,0.02,0.01,0.01,0.01",1.00,12,12,,
16,Stage3,21.78,16.86,16.86,16.81,,,,,12,12,63,
16,Stage3_PowerOpt,21.78,16.86,16.86,,16.81,,"16.76,13.28,8.21,6.91,4.04,3.42,3.09,1.94,1.42,1.23,0.90,0.63,0.44,0.32,0.25,0.24,0.19,0.15,0.13,0.10,0.07,0.06,0.04,0.04,0.02,0.02,0.01,0.01,0.01",1.00,12,12,63,
16,Stage4,21.78,16.86,16.86,,16.81,10.63;11.80;12.46;12.87;13.12;13.28;13.40;13.49;13.67;13.89;14.11;14.29;14.42;14.51;14.58;14.63;14.71;14.82;14.95;15.07;15.16;15.24;15.29;15.32;15.37;15.43;15.51;15.60;15.68;15.74;15.78;15.81;15.84;15.88;15.93;16.00,,,12,12,63,"63,63,63,63,63,63,63,63,63,63,63,63,63,63,63,63,63,63,63,63,63,63,63,63,63,63,63,63,63,63,63,63,63,63,63,63"
17,Stage1,33.96,,,,,,,,"0,8",,,
17,Stage2,33.96,26.58,,,,,,,"0,8",0,,
17,PowerOpt,33.96,26.58,26.58,,,,"203.13,34.42,10.41,3.74,1.84,1.07,0.55,0.31,0.18,0.13,0.07,0.05,0.03,0.01","1.99,0.01","0,8",0,,
17,Stage3,33.96,26.58,26.58,26.08,,,,,"0,8",0,48,
17,Stage3_PowerOpt,33.96,26.58,26.58,,26.08,,"51.20,8.61,2.57,0.94,0.46,0.14,0.05,0.02","1.99,0.01","0,8",0,48,
17,Stage4,33.96,26.58,26.58,,26.08,10.01;14.87;16.40;17.56;18.38;18.99;19.45;19.81;20.10;20.42;20.73;21.02;21.30;21.53;21.72;21.89;22.06;22.23;22.41;22.59;22.75;22.90;23.03;23.14;23.25;23.37;23.50;23.62;23.74;23.85;23.94;24.02;24.11;24.20;24.30;24.40;24.49;24.58;24.65;24.71;24.78,,,"0,8",0,48,"48,48,48,48,48,48,48,48,48,48,48,48,48,48,48,48,48,48,48,48,48,48,48,48,48,48,48,48,48,48,48,48,48,48,48,48,48,48,48,48,48"
18,Stage1,43.57,,,,,,,,"0,4,12",,,
18,Stage2,43.57,38.63,,,,,,,"0,4,12",0,,
18,PowerOpt,43.57,38.63,38.63,,,,"87.96,57.56,53.76,17.76,11.54,10.00,7.81,5.78,0.98,0.91,0.67,0.43,0.37,0.17,0.16,0.03,0.03,0.02,0.02","2.80,0.20,0.00","0,4,12",0,,
18,Stage3,43.57,38.63,38.63,35.99,,,,,"0,4,12",0,"48,48,48,48,17",
18,Stage3_PowerOpt,43.57,38.63,38.63,,35.99,,"28.05,17.09,5.71,4.80,3.60,2.70,0.75,0.48,0.32,0.22,0.12,0.06,0.04,0.04","2.87,0.13,0.00","0,4,12",0,"48,48,48,48,17",
18,Stage4,43.57,38.63,38.63,,35.99,10.77;17.30;20.18;22.19;23.41;24.76;25.48;26.08;26.55;27.08;27.55;28.12;28.52;28.92;29.21;29.51;29.75;30.00;30.26;30.56;30.81;31.04;31.24;31.42;31.60;31.78;31.97;32.18;32.38;32.55;32.70;32.83;32.97;33.10;33.25;33.41;33.57;33.70;33.82;33.93;34.04;34.15;34.27,,,"0,4,12",0,"48,48,48,48,17","48,48,48,17,48,48,48,17,17,48,48,48,48,48,48,48,48,48,48,48,48,48,17,48,17,48,48,48,48,48,48,17,48,48,48,48,48,48,48,48,17,48,48"
26,Stage1,46.86,,,,,,,,"5,9",,,
26,Stage2,46.86,27.11,,,,,,,"5,9",12,,
26,PowerOpt,46.86,27.11,27.11,,,,"128.08,66.46,32.97,8.96,6.47,4.63,2.34,1.88,1.50,0.83,0.51,0.39,0.34,0.28,0.11,0.08,0.04,0.03,0.02","1.96,0.04","5,9",12,,
26,Stage3,46.86,27.11,27.11,27.35,,,,,"5,9",12,39,
26,Stage3_PowerOpt,46.86,27.11,27.11,,27.35,,"31.30,17.23,8.30,2.05,1.61,1.29,0.60,0.53,0.39,0.21,0.14,0.10,0.09,0.07,0.03,0.02,0.01","1.95,0.05","5,9",12,39,
26,Stage4,46.86,27.11,27.11,,27.35,10.05;15.35;17.64;18.91;19.76;20.43;20.95;21.40;21.75;22.03;22.28;22.52;22.74;22.96;23.15;23.35;23.53;23.68;23.83;23.97;24.10;24.23;24.35;24.48;24.60;24.71;24.81;24.91;25.01;25.10;25.19;25.29;25.38;25.47;25.55;25.62;25.70;25.78;25.85;25.93;26.00,,,"5,9",12,39,"39,39,39,39,39,39,39,39,39,39,39,39,39,39,39,39,39,39,39,39,39,39,39,39,39,39,39,39,39,39,39,39,39,39,39,39,39,39,39,39,39"
27,Stage1,49.58,,,,,,,,9,,,
27,Stage2,49.58,16.76,,,,,,,9,12,,
27,PowerOpt,49.58,16.76,16.76,,,,"131.12,52.34,29.45,10.29,6.49,5.12,4.91,4.72,3.24,2.45,1.67,0.72,0.66,0.61,0.49,0.46,0.34,0.23,0.20,0.12,0.09,0.08,0.05,0.04,0.02,0.01,0.01",1.00,9,12,,
27,Stage3,49.58,16.76,16.76,16.76,,,,,9,12,39,
27,Stage3_PowerOpt,49.58,16.76,16.76,,16.76,,"34.23,14.15,8.05,2.43,1.65,1.45,0.86,0.48,0.17,0.14,0.13,0.09,0.06,0.04,0.02,0.01",1.00,9,12,39,
27,Stage4,49.58,16.76,16.76,,16.76,7.95;11.27;12.05;12.57;12.96;13.26;13.52;13.75;13.91;14.06;14.19;14.31;14.43;14.54;14.64;14.75;14.84;14.92;14.99;15.06;15.13;15.20;15.27;15.33;15.39;15.45;15.50;15.55;15.60;15.65;15.70;15.75;15.80;15.84;15.88;15.92;15.96,,,9,12,39,"39,39,39,39,39,39,39,39,39,39,39,39,39,39,39,39,39,39,39,39,39,39,39,39,39,39,39,39,39,39,39,39,39,39,39,39,39"
28,Stage1,48.95,,,,,,,,9,,,
28,Stage2,48.95,16.72,,,,,,,9,12,,
28,PowerOpt,48.95,16.72,16.72,,,,"100.16,94.40,30.10,9.86,5.85,3.68,2.19,1.93,1.61,1.45,1.24,0.74,0.42,0.38,0.36,0.33,0.30,0.29,0.14,0.14,0.11,0.06,0.05,0.04,0.03,0.03,0.02,0.01,0.01",1.00,9,12,,
28,Stage3,48.95,16.72,16.72,16.79,,,,,9,12,39,
28,Stage3_PowerOpt,48.95,16.72,16.72,,16.79,,"25.18,24.93,7.75,2.26,1.54,1.09,0.40,0.34,0.12,0.10,0.09,0.08,0.04,0.03,0.01",1.00,9,12,39,
28,Stage4,48.95,16.72,16.72,,16.79,7.89;11.32;12.08;12.61;13.00;13.32;13.57;13.79;13.96;14.10;14.23;14.35;14.47;14.58;14.69;14.79;14.88;14.96;15.03;15.10;15.17;15.24;15.31;15.37;15.43;15.49;15.54;15.59;15.64;15.69;15.74;15.79;15.84;15.88;15.92;15.96,,,9,12,39,"39,39,39,39,39,39,39,39,39,39,39,39,39,39,39,39,39,39,39,39,39,39,39,39,39,39,39,39,39,39,39,39,39,39,39,39"
29,Stage1,47.40,,,,,,,,9,,,
29,Stage2,47.40,16.73,,,,,,,9,12,,
29,PowerOpt,47.40,16.73,16.73,,,,"121.23,68.23,32.12,11.04,7.88,5.05,3.35,1.42,1.04,0.91,0.65,0.61,0.53,0.36,0.26,0.22,0.19,0.13,0.10,0.09,0.08,0.08,0.07,0.06,0.06,0.04,0.03,0.02,0.02,0.01,0.01",1.00,9,12,,
29,Stage3,47.40,16.73,16.73,16.82,,,,,9,12,39,
29,Stage3_PowerOpt,47.40,16.73,16.73,,16.82,,"30.26,17.89,8.24,2.51,1.93,1.48,0.85,0.40,0.13,0.10,0.06,0.04,0.03,0.02,0.02,0.01",1.00,9,12,39,
29,Stage4,47.40,16.73,16.73,,16.82,7.89;11.33;12.10;12.61;12.99;13.30;13.56;13.81;13.97;14.12;14.25;14.37;14.48;14.59;14.69;14.81;14.90;14.98;15.05;15.12;15.19;15.25;15.32;15.39;15.45;15.51;15.56;15.61;15.66;15.71;15.76;15.81;15.86;15.90;15.94;15.98;16.01,,,9,12,39,"39,39,39,39,39,39,39,39,39,39,39,39,39,39,39,39,39,39,39,39,39,39,39,39,39,39,39,39,39,39,39,39,39,39,39,39,39"
31,Stage1,49.67,,,,,,,,"9,5,1",,,
31,Stage2,49.67,38.25,,,,,,,"9,5,1",12,,
31,PowerOpt,49.67,38.25,38.25,,,,"135.10,50.68,25.28,17.15,4.10,3.53,3.41,2.57,2.31,1.87,1.63,1.46,1.17,1.06,0.54,0.50,0.39,0.36,0.34,0.29,0.26,0.24,0.21,0.17,0.14,0.13,0.13,0.10,0.09,0.08,0.08,0.07,0.07,0.06,0.05,0.05,0.04,0.04,0.04,0.03,0.03,0.02,0.01,0.01,0.01,0.01","2.63,0.23,0.14","9,5,1",12,,
31,Stage3,49.67,38.25,38.25,35.37,,,,,"9,5,1",12,"39,39,39,39,0",
31,Stage3_PowerOpt,49.67,38.25,38.25,,35.37,,"35.94,14.13,6.81,4.21,1.10,0.70,0.24,0.18,0.15,0.10,0.07,0.07,0.04,0.04,0.03,0.03,0.02,0.02,0.02,0.01,0.01,0.01","2.77,0.17,0.06","9,5,1",12,"39,39,39,39,0",
31,Stage4,49.67,38.25,38.25,,35.37,9.51;15.57;19.34;21.67;23.24;24.44;25.44;26.22;26.83;27.27;27.64;28.00;28.33;28.64;28.93;29.26;29.59;29.82;30.06;30.27;30.47;30.66;30.85;31.05;31.25;31.41;31.56;31.71;31.86;32.01;32.13;32.29;32.43;32.55;32.68;32.79;32.90;33.02;33.13;33.27;33.38;33.48;33.57;33.67,,,"9,5,1",12,"39,39,39,39,0","39,39,39,39,39,39,39,39,0,0,39,39,39,39,39,39,39,39,0,39,39,0,39,39,39,39,0,39,39,39,0,39,39,39,39,39,39,39,39,39,0,39,39,39"
32,Stage1,32.98,,,,,,,,"5,9,9,0",,,
32,Stage2,32.98,31.35,,,,,,,"5,9,9,0",0,,
32,PowerOpt,32.98,31.35,31.35,,,,"196.02,50.73,6.76,1.10,0.44,0.31,0.17,0.11,0.09,0.07,0.04,0.03,0.01,0.01","3.97,0.02,0.01,0.00","5,9,9,0",0,,
32,Stage3,32.98,31.35,31.35,29.80,,,,,"5,9,9,0",0,"24,24,39,24,39",
32,Stage3_PowerOpt,32.98,31.35,31.35,,29.80,,"48.66,12.91,1.74,0.28,0.12,0.11,0.05,0.04,0.03,0.02,0.01","3.97,0.02,0.01,0.00","5,9,9,0",0,"24,24,39,24,39",
32,Stage4,32.98,31.35,31.35,,29.80,7.14;11.69;13.86;15.35;16.69;17.71;18.65;19.48;20.10;20.55;20.91;21.24;21.56;21.88;22.20;22.60;22.95;23.22;23.50;23.73;23.93;24.09;24.33;24.57;24.77;24.93;25.12;25.29;25.44;25.59;25.78;25.96;26.20;26.35;26.52;26.66;26.78;26.92;27.05;27.19;27.35;27.45;27.55;27.70;27.84;27.94;28.06;28.27;28.38,,,"5,9,9,0",0,"24,24,39,24,39","39,24,24,24,24,24,24,24,24,24,39,24,24,24,24,24,24,24,39,39,24,24,39,24,39,24,24,24,24,24,24,24,24,24,39,39,39,24,39,39,39,24,39,39,39,39,39,39,39"
33,Stage1,31.95,,,,,,,,"5,9,9,0",,,
33,Stage2,31.95,30.84,,,,,,,"5,9,9,0",0,,
33,PowerOpt,31.95,30.84,30.84,,,,"197.58,43.59,11.98,1.73,0.36,0.32,0.17,0.10,0.02,0.02,0.02,0.01","3.97,0.02,0.01,0.00","5,9,9,0",0,,
33,Stage3,31.95,30.84,30.84,29.00,,,,,"5,9,9,0",0,24,
33,Stage3_PowerOpt,31.95,30.84,30.84,,29.00,,"49.45,10.91,3.00,0.43,0.09,0.05,0.04,0.02","3.98,0.02,0.00,0.00","5,9,9,0",0,24,
33,Stage4,31.95,30.84,30.84,,29.00,6.35;12.26;14.17;15.67;16.75;17.77;18.70;19.59;20.17;20.55;20.78;21.13;21.47;21.78;22.10;22.37;22.60;22.83;23.07;23.24;23.38;23.64;23.86;24.16;24.51;24.67;24.76;24.79;25.10;25.22;25.35;25.48;25.63;25.77;25.90;26.10;26.15;26.18;26.37;26.55;26.70;26.79;26.90;26.99;27.09;27.24;27.30;27.43;27.53;27.66,,,"5,9,9,0",0,24,"24,24,24,24,24,24,24,24,24,24,24,24,24,24,24,24,24,24,24,24,24,24,24,24,24,24,24,24,24,24,24,24,24,24,24,24,24,24,24,24,24,24,24,24,24,24,24,24,24,24"
52,Stage1,25.11,,,,,,,,"0,8,8",,,
52,Stage2,25.11,22.35,,,,,,,"0,8,8",0,,
52,PowerOpt,25.11,22.35,22.35,,,,"155.62,52.52,28.05,8.86,3.12,2.35,2.05,0.69,0.60,0.58,0.32,0.26,0.24,0.20,0.13,0.06,0.06,0.05,0.05,0.03,0.03,0.03,0.02","2.95,0.04,0.01","0,8,8",0,,
52,Stage3,25.11,22.35,22.35,22.10,,,,,"0,8,8",0,0,
52,Stage3_PowerOpt,25.11,22.35,22.35,,22.10,,"39.68,13.24,7.19,2.27,0.78,0.59,0.15,0.05,0.01,0.01","2.99,0.01,0.00","0,8,8",0,0,
52,Stage4,25.11,22.35,22.35,,22.10,9.80;11.79;12.95;13.73;14.39;14.89;15.30;15.64;15.94;16.24;16.54;16.82;17.08;17.31;17.51;17.70;17.87;18.05;18.23;18.40;18.57;18.73;18.86;18.99;19.11;19.24;19.37;19.50;19.62;19.74;19.84;19.94;20.03;20.13;20.23;20.33;20.43;20.52;20.60;20.67;20.75;20.83;20.90;20.98;21.06,,,"0,8,8",0,0,"0,0,0,0,0,0,0,0,0,0,0,0,0,0,0,0,0,0,0,0,0,0,0,0,0,0,0,0,0,0,0,0,0,0,0,0,0,0,0,0,0,0,0,0,0"
53,Stage1,19.77,,,,,,,,"12,4",,,
53,Stage2,19.77,17.49,,,,,,,"12,4",0,,
53,PowerOpt,19.77,17.49,17.48,,,,"130.10,37.19,31.95,16.15,13.63,5.32,4.98,3.43,2.83,2.28,1.57,1.47,1.36,0.84,0.59,0.49,0.37,0.20,0.17,0.15,0.12,0.10,0.09,0.08,0.08,0.08,0.06,0.05,0.04,0.04,0.03,0.03,0.02,0.01,0.01,0.01","1.70,0.30","12,4",0,,
53,Stage3,19.77,17.49,17.48,17.14,,,,,"12,4",0,63,
53,Stage3_PowerOpt,19.77,17.49,17.48,,17.14,,"18.36,16.07,9.34,7.57,3.16,2.50,1.93,0.98,0.84,0.76,0.55,0.46,0.33,0.21,0.16,0.15,0.12,0.10,0.08,0.07,0.05,0.04,0.03,0.03,0.02,0.02,0.01,0.01","1.45,0.55","12,4",0,63,
53,Stage4,19.77,17.49,17.48,,17.14,9.81;11.07;11.86;12.42;12.81;13.08;13.26;13.36;13.50;13.68;13.88;14.07;14.25;14.38;14.47;14.53;14.60;14.70;14.82;14.94;15.05;15.14;15.21;15.25;15.30;15.37;15.45;15.54;15.62;15.69;15.76;15.81;15.87;15.93;15.99;16.06;16.12;16.18;16.24;16.29,,,"12,4",0,63,"63,63,63,63,63,63,63,63,63,63,63,63,63,63,63,63,63,63,63,63,63,63,63,63,63,63,63,63,63,63,63,63,63,63,63,63,63,63,63,63"
54,Stage1,22.21,,,,,,,,"12,4",,,
54,Stage2,22.21,19.74,,,,,,,"12,4",12,,
54,PowerOpt,22.21,19.74,19.74,,,,"149.63,37.22,21.66,16.39,9.40,5.89,3.58,3.23,1.86,1.46,1.09,0.96,0.90,0.62,0.57,0.34,0.26,0.16,0.15,0.12,0.10,0.06,0.06,0.05,0.04,0.03,0.02,0.02,0.02,0.01,0.01,0.01","1.87,0.13","12,4",12,,
54,Stage3,22.21,19.74,19.74,19.70,,,,,"12,4",12,63,
54,Stage3_PowerOpt,22.21,19.74,19.74,,19.70,,"30.73,10.66,8.17,4.28,3.29,1.88,1.31,1.01,0.70,0.55,0.40,0.33,0.21,0.14,0.08,0.07,0.04,0.03,0.03,0.02,0.02,0.01,0.01","1.76,0.24","12,4",12,63,
54,Stage4,22.21,19.74,19.74,,19.70,9.99;11.27;12.06;12.63;13.03;13.35;13.68;13.99;14.27;14.49;14.68;14.86;15.06;15.27;15.50;15.72;15.89;16.03;16.14;16.25;16.38;16.53;16.70;16.87;16.99;17.08;17.16;17.24;17.34;17.45;17.58;17.73;17.81;17.88;17.94;18.00;18.07;18.16;18.27;18.39;18.46;18.51;18.55;18.60;18.66;18.73,,,"12,4",12,63,"63,63,63,63,63,63,63,63,63,63,63,63,63,63,63,63,63,63,63,63,63,63,63,63,63,63,63,63,63,63,63,63,63,63,63,63,63,63,63,63,63,63,63,63,63,63"
55,Stage1,19.54,,,,,,,,12,,,
55,Stage2,19.54,16.85,,,,,,,12,0,,
55,PowerOpt,19.54,16.85,16.85,,,,"128.94,35.98,24.33,16.21,13.49,8.50,6.32,5.94,5.55,2.37,2.11,1.50,1.08,0.69,0.64,0.54,0.41,0.30,0.25,0.15,0.13,0.11,0.09,0.07,0.05,0.04,0.03,0.02,0.02,0.02,0.01,0.01",1.00,12,0,,
55,Stage3,19.54,16.85,16.85,16.85,,,,,12,0,63,
55,Stage3_PowerOpt,19.54,16.85,16.85,,16.85,,"25.33,12.18,7.11,4.79,4.05,2.65,2.09,1.56,1.20,0.90,0.67,0.42,0.26,0.19,0.14,0.09,0.07,0.06,0.05,0.04,0.03,0.03,0.02,0.01",1.00,12,0,63,
55,Stage4,19.54,16.85,16.85,,16.85,10.01;11.37;12.22;12.81;13.22;13.48;13.64;13.73;13.84;14.00;14.18;14.37;14.54;14.66;14.74;14.78;14.84;14.92;15.03;15.14;15.24;15.32;15.38;15.41;15.44;15.50;15.57;15.65;15.73;15.79;15.83;15.85;15.88;15.92;15.97;16.03,,,12,0,63,"63,63,63,63,63,63,63,63,63,63,63,63,63,63,63,63,63,63,63,63,63,63,63,63,63,63,63,63,63,63,63,63,63,63,63,63"
56,Stage1,21.94,,,,,,,,"12,4",,,
56,Stage2,21.94,19.48,,,,,,,"12,4",12,,
56,PowerOpt,21.94,19.48,19.48,,,,"152.97,26.84,25.13,13.38,7.57,6.07,5.29,5.03,2.86,2.32,1.56,1.30,1.14,0.98,0.76,0.56,0.49,0.22,0.19,0.16,0.13,0.10,0.09,0.09,0.08,0.07,0.06,0.06,0.06,0.05,0.05,0.04,0.03,0.03,0.03,0.03,0.02,0.02,0.02,0.02,0.01,0.01","1.88,0.12","12,4",12,,
56,Stage3,21.94,19.48,19.48,19.44,,,,,"12,4",12,63,
56,Stage3_PowerOpt,21.94,19.48,19.48,,19.44,,"24.91,14.57,6.33,4.67,3.96,3.25,1.65,1.07,0.86,0.60,0.45,0.40,0.24,0.22,0.16,0.14,0.08,0.07,0.07,0.06,0.04,0.04,0.03,0.02,0.02,0.01,0.01,0.01","1.75,0.25","12,4",12,63,
56,Stage4,21.94,19.48,19.48,,19.44,9.30;10.82;11.85;12.58;13.07;13.40;13.70;13.94;14.18;14.40;14.61;14.82;15.04;15.25;15.44;15.62;15.80;15.95;16.08;16.21;16.34;16.47;16.61;16.75;16.88;16.99;17.09;17.18;17.27;17.37;17.47;17.58;17.68;17.77;17.84;17.91;17.98;18.05;18.14;18.22;18.30;18.37;18.43;18.48,,,"12,4",12,63,"63,63,63,63,63,63,63,63,63,63,63,63,63,63,63,63,63,63,63,63,63,63,63,63,63,63,63,63,63,63,63,63,63,63,63,63,63,63,63,63,63,63,63,63"
57,Stage1,28.36,,,,,,,,"0,8",,,
57,Stage2,28.36,22.21,,,,,,,"0,8",0,,
57,PowerOpt,28.36,22.21,22.21,,,,"138.65,45.37,31.40,14.71,11.58,3.82,2.92,2.30,2.17,1.52,0.72,0.36,0.18,0.10,0.04,0.04,0.02,0.02,0.01","1.96,0.04","0,8",0,,
57,Stage3,28.36,22.21,22.21,21.25,,,,,"0,8",0,48,
57,Stage3_PowerOpt,28.36,22.21,22.21,,21.25,,"45.58,10.41,4.84,0.98,0.83,0.75,0.23,0.19,0.06,0.05,0.03,0.02","1.99,0.01","0,8",0,48,
57,Stage4,28.36,22.21,22.21,,21.25,7.70;9.96;11.30;12.36;13.19;13.86;14.39;14.80;15.02;15.28;15.56;15.88;16.17;16.45;16.70;16.91;17.05;17.22;17.39;17.59;17.77;17.95;18.10;18.24;18.35;18.47;18.60;18.74;18.87;19.00;19.10;19.20;19.29;19.39;19.49;19.60;19.69;19.78;19.86;19.92;20.00;20.08;20.16;20.24,,,"0,8",0,48,"48,48,48,48,48,48,48,48,48,48,48,48,48,48,48,48,48,48,48,48,48,48,48,48,48,48,48,48,48,48,48,48,48,48,48,48,48,48,48,48,48,48,48,48"
58,Stage1,35.49,,,,,,,,"0,8",,,
58,Stage2,35.49,26.80,,,,,,,"0,8",0,,
58,PowerOpt,35.49,26.80,26.80,,,,"131.37,75.93,18.46,9.57,8.58,6.22,3.05,1.09,0.89,0.33,0.26,0.07,0.06,0.03,0.03,0.02","1.98,0.02","0,8",0,,
58,Stage3,35.49,26.80,26.80,24.72,,,,,"0,8",0,"56,17,55,17,55",
58,Stage3_PowerOpt,35.49,26.80,26.80,,24.72,,"33.03,19.89,5.39,2.02,1.61,1.13,0.38,0.26,0.14,0.07,0.04,0.02","1.99,0.01","0,8",0,"56,17,55,17,55",
58,Stage4,35.49,26.80,26.80,,24.72,10.45;13.81;15.01;16.34;16.99;17.53;18.08;18.47;18.87;19.25;19.58;19.85;20.09;20.28;20.48;20.68;20.91;21.10;21.29;21.46;21.61;21.75;21.86;21.98;22.14;22.26;22.39;22.53;22.65;22.75;22.84;22.93;23.03;23.12;23.22;23.32;23.41;23.49,,,"0,8",0,"56,17,55,17,55","55,17,55,17,17,55,17,17,55,55,55,55,17,55,17,17,17,55,55,55,55,17,17,17,17,17,55,55,55,55,17,17,17,17,55,55,55,55"
66,Stage1,46.60,,,,,,,,"5,9",,,
66,Stage2,46.60,26.93,,,,,,,"5,9",12,,
66,PowerOpt,46.60,26.93,26.92,,,,"118.42,74.00,46.30,6.90,5.34,1.85,1.21,0.56,0.49,0.30,0.19,0.11,0.10,0.07,0.04,0.02,0.02,0.01","1.96,0.04","5,9",12,,
66,Stage3,46.60,26.93,26.92,27.23,,,,,"5,9",12,39,
66,Stage3_PowerOpt,46.60,26.93,26.92,,27.23,,"29.00,18.88,11.47,1.88,1.44,0.52,0.31,0.15,0.13,0.08,0.05,0.03,0.02","1.96,0.04","5,9",12,39,
66,Stage4,46.60,26.93,26.92,,27.23,9.92;15.05;17.30;18.57;19.45;20.11;20.70;21.21;21.56;21.82;22.08;22.31;22.53;22.73;22.94;23.16;23.35;23.50;23.64;23.77;23.91;24.03;24.16;24.31;24.43;24.54;24.63;24.73;24.83;24.92;25.01;25.13;25.22;25.30;25.38;25.46;25.53;25.60;25.68;25.78;25.85;25.92,,,"5,9",12,39,"39,39,39,39,39,39,39,39,39,39,39,39,39,39,39,39,39,39,39,39,39,39,39,39,39,39,39,39,39,39,39,39,39,39,39,39,39,39,39,39,39,39"
67,Stage1,49.87,,,,,,,,9,,,
67,Stage2,49.87,16.77,,,,,,,9,12,,
67,PowerOpt,49.87,16.77,16.77,,,,"122.88,73.57,31.15,7.36,6.42,4.31,3.95,1.54,1.52,0.61,0.56,0.49,0.42,0.23,0.21,0.20,0.13,0.10,0.08,0.05,0.05,0.02,0.02,0.01,0.01",1.00,9,12,,
67,Stage3,49.87,16.77,16.77,16.80,,,,,9,12,39,
67,Stage3_PowerOpt,49.87,16.77,16.77,,16.80,,"31.52,20.06,8.18,1.95,1.24,0.43,0.18,0.15,0.12,0.07,0.05,0.02,0.01",1.00,9,12,39,
67,Stage4,49.87,16.77,16.77,,16.80,7.87;11.28;12.05;12.59;12.99;13.30;13.56;13.79;13.96;14.10;14.23;14.35;14.47;14.58;14.68;14.79;14.88;14.96;15.03;15.10;15.17;15.24;15.31;15.38;15.44;15.49;15.54;15.59;15.64;15.69;15.74;15.79;15.84;15.88;15.92;15.96;16.00,,,9,12,39,"39,39,39,39,39,39,39,39,39,39,39,39,39,39,39,39,39,39,39,39,39,39,39,39,39,39,39,39,39,39,39,39,39,39,39,39,39"
68,Stage1,48.73,,,,,,,,9,,,
68,Stage2,48.73,16.71,,,,,,,9,12,,
68,PowerOpt,48.73,16.71,16.71,,,,"154.21,56.19,24.43,6.91,4.63,2.24,1.64,1.29,0.74,0.66,0.60,0.59,0.38,0.34,0.22,0.20,0.17,0.11,0.11,0.07,0.06,0.05,0.02,0.02,0.01,0.01",1.00,9,12,,
68,Stage3,48.73,16.71,16.71,16.79,,,,,9,12,39,
68,Stage3_PowerOpt,48.73,16.71,16.71,,16.79,,"38.49,14.57,6.32,2.05,1.27,0.64,0.20,0.17,0.10,0.06,0.05,0.03,0.02",1.00,9,12,39,
68,Stage4,48.73,16.71,16.71,,16.79,7.83;11.31;12.06;12.58;12.97;13.29;13.56;13.79;13.96;14.10;14.23;14.35;14.46;14.57;14.68;14.79;14.88;14.96;15.03;15.10;15.17;15.24;15.30;15.37;15.43;15.49;15.54;15.59;15.64;15.69;15.74;15.79;15.83;15.88;15.92;15.95,,,9,12,39,"39,39,39,39,39,39,39,39,39,39,39,39,39,39,39,39,39,39,39,39,39,39,39,39,39,39,39,39,39,39,39,39,39,39,39,39"
69,Stage1,46.96,,,,,,,,9,,,
69,Stage2,46.96,16.64,,,,,,,9,12,,
69,PowerOpt,46.96,16.64,16.64,,,,"146.85,63.58,29.64,5.17,2.87,1.87,1.21,0.79,0.76,0.74,0.50,0.30,0.28,0.27,0.21,0.14,0.14,0.11,0.07,0.07,0.06,0.05,0.05,0.05,0.03,0.03,0.02,0.02,0.02,0.01",1.00,9,12,,
69,Stage3,46.96,16.64,16.64,16.71,,,,,9,12,39,
69,Stage3_PowerOpt,46.96,16.64,16.64,,16.71,,"36.85,17.01,7.50,1.38,0.82,0.23,0.08,0.05,0.03,0.02,0.01",1.00,9,12,39,
69,Stage4,46.96,16.64,16.64,,16.71,7.91;11.17;11.95;12.48;12.88;13.20;13.47;13.70;13.87;14.01;14.14;14.26;14.37;14.49;14.59;14.70;14.79;14.87;14.94;15.01;15.08;15.15;15.22;15.29;15.35;15.40;15.45;15.50;15.55;15.60;15.65;15.70;15.75;15.79;15.83;15.87;15.91,,,9,12,39,"39,39,39,39,39,39,39,39,39,39,39,39,39,39,39,39,39,39,39,39,39,39,39,39,39,39,39,39,39,39,39,39,39,39,39,39,39"
72,Stage1,27.55,,,,,,,,"4,9,9",,,
72,Stage2,27.55,20.87,,,,,,,"4,9,9",0,,
72,PowerOpt,27.55,20.87,20.87,,,,"212.16,34.90,5.63,2.79,0.28,0.12,0.01","3.00,0.00,0.00","4,9,9",0,,
72,Stage3,27.55,20.87,20.87,19.88,,,,,"4,9,9",0,"24,24,24,24,6",
72,Stage3_PowerOpt,27.55,20.87,20.87,,19.88,,"52.84,8.86,1.47,0.71,0.08,0.03","3.00,0.00,0.00","4,9,9",0,"24,24,24,24,6",
72,Stage4,27.55,20.87,20.87,,19.88,7.86;10.92;11.66;12.29;12.87;13.40;13.89;14.33;14.66;14.88;15.05;15.22;15.38;15.55;15.74;15.96;16.16;16.30;16.42;16.51;16.62;16.73;16.85;16.99;17.14;17.25;17.33;17.41;17.48;17.56;17.65;17.76;17.88;17.97;18.04;18.09;18.16;18.22;18.29;18.38;18.48;18.55;18.61;18.66;18.72;18.77;18.83;18.90,,,"4,9,9",0,"24,24,24,24,6","24,24,24,24,24,24,24,24,24,24,24,24,24,24,24,24,24,24,24,24,24,24,24,24,24,24,24,24,24,24,24,24,24,24,24,24,24,24,24,24,24,24,24,24,24,24,24,24"
92,Stage1,25.11,,,,,,,,"0,8,8",,,
92,Stage2,25.11,22.80,,,,,,,"0,8,8",0,,
92,PowerOpt,25.11,22.80,22.80,,,,"165.94,45.97,22.57,9.79,3.36,2.73,1.11,1.06,0.99,0.65,0.62,0.34,0.20,0.19,0.14,0.08,0.04,0.03,0.02,0.02,0.02,0.02,0.01,0.01,0.01","2.94,0.05,0.01","0,8,8",0,,
92,Stage3,25.11,22.80,22.80,22.49,,,,,"0,8,8",0,0,
92,Stage3_PowerOpt,25.11,22.80,22.80,,22.49,,"42.71,11.78,5.76,2.49,0.69,0.25,0.16,0.09,0.02,0.01","2.99,0.01,0.00","0,8,8",0,0,
92,Stage4,25.11,22.80,22.80,,22.49,10.47;12.52;13.72;14.46;15.05;15.49;15.83;16.10;16.47;16.80;17.14;17.43;17.67;17.87;18.04;18.18;18.38;18.58;18.77;18.96;19.12;19.26;19.38;19.47;19.61;19.74;19.88;20.01;20.14;20.24;20.34;20.41;20.51;20.60;20.71;20.81;20.91;20.99;21.07;21.13;21.20;21.27;21.35;21.43,,,"0,8,8",0,0,"0,0,0,0,0,0,0,0,0,0,0,0,0,0,0,0,0,0,0,0,0,0,0,0,0,0,0,0,0,0,0,0,0,0,0,0,0,0,0,0,0,0,0,0"
93,Stage1,26.04,,,,,,,,"0,8,11",,,
93,Stage2,26.04,22.36,,,,,,,"0,8,11",0,,
93,PowerOpt,26.04,22.36,22.36,,,,"168.07,47.89,30.01,4.10,2.84,1.10,0.65,0.47,0.23,0.16,0.11,0.09,0.05,0.05,0.03,0.02,0.02,0.01,0.01,0.01","2.99,0.01,0.00","0,8,11",0,,
93,Stage3,26.04,22.36,22.36,21.88,,,,,"0,8,11",0,0,
93,Stage3_PowerOpt,26.04,22.36,22.36,,21.88,,"42.34,12.04,7.55,1.01,0.70,0.28,0.04,0.02,0.01","2.99,0.01,0.00","0,8,11",0,0,
93,Stage4,26.04,22.36,22.36,,21.88,9.64;11.61;12.88;13.69;14.33;14.83;15.20;15.50;15.77;16.05;16.36;16.65;16.91;17.13;17.33;17.49;17.63;17.80;17.98;18.16;18.34;18.49;18.62;18.74;18.83;18.94;19.07;19.21;19.34;19.46;19.56;19.65;19.72;19.81;19.91;20.02;20.12;20.22;20.31;20.38;20.44;20.50;20.58;20.67;20.76;20.84,,,"0,8,11",0,0,"0,0,0,0,0,0,0,0,0,0,0,0,0,0,0,0,0,0,0,0,0,0,0,0,0,0,0,0,0,0,0,0,0,0,0,0,0,0,0,0,0,0,0,0,0,0"
94,Stage1,22.57,,,,,,,,12,,,
94,Stage2,22.57,16.91,,,,,,,12,12,,
94,PowerOpt,22.57,16.91,16.91,,,,"154.90,28.31,27.18,18.64,7.90,6.11,2.88,2.00,1.66,1.25,1.02,0.91,0.71,0.50,0.43,0.36,0.27,0.20,0.15,0.11,0.09,0.06,0.05,0.04,0.03,0.02,0.02,0.02,0.02,0.02,0.01,0.01,0.01",1.00,12,12,,
94,Stage3,22.57,16.91,16.91,16.88,,,,,12,12,63,
94,Stage3_PowerOpt,22.57,16.91,16.91,,16.88,,"33.29,8.76,5.98,5.35,4.11,1.83,1.59,0.92,0.51,0.43,0.30,0.23,0.20,0.12,0.10,0.08,0.05,0.03,0.02,0.02,0.02,0.01,0.01",1.00,12,12,63,
94,Stage4,22.57,16.91,16.91,,16.88,10.43;11.66;12.41;12.92;13.27;13.50;13.64;13.72;13.86;14.04;14.23;14.40;14.55;14.67;14.74;14.79;14.85;14.94;15.05;15.16;15.26;15.33;15.39;15.42;15.46;15.52;15.59;15.67;15.74;15.80;15.84;15.87;15.90;15.94;15.99;16.05,,,12,12,63,"63,63,63,63,63,63,63,63,63,63,63,63,63,63,63,63,63,63,63,63,63,63,63,63,63,63,63,63,63,63,63,63,63,63,63,63"
95,Stage1,19.82,,,,,,,,"12,4",,,
95,Stage2,19.82,17.53,,,,,,,"12,4",12,,
95,PowerOpt,19.82,17.53,17.53,,,,"178.86,41.10,24.00,5.34,2.28,1.21,0.96,0.66,0.32,0.27,0.22,0.18,0.14,0.11,0.08,0.06,0.03,0.03,0.02,0.02,0.01,0.01,0.01,0.01","1.94,0.06","12,4",12,,
95,Stage3,19.82,17.53,17.53,17.26,,,,,"12,4",12,63,
95,Stage3_PowerOpt,19.82,17.53,17.53,,17.26,,"43.29,10.35,6.21,1.66,0.76,0.63,0.30,0.22,0.19,0.15,0.07,0.04,0.04,0.02,0.02,0.01","1.90,0.10","12,4",12,63,
95,Stage4,19.82,17.53,17.53,,17.26,10.24;11.52;12.32;12.87;13.25;13.50;13.65;13.72;13.85;14.03;14.23;14.42;14.58;14.71;14.79;14.83;14.90;14.99;15.10;15.22;15.33;15.41;15.47;15.50;15.54;15.60;15.68;15.76;15.84;15.91;15.95;15.98;16.01;16.05;16.10;16.16;16.23;16.28;16.31;16.34;16.36;16.39;16.43,,,"12,4",12,63,"63,63,63,63,63,63,63,63,63,63,63,63,63,63,63,63,63,63,63,63,63,63,63,63,63,63,63,63,63,63,63,63,63,63,63,63,63,63,63,63,63,63,63"
96,Stage1,24.01,,,,,,,,0,,,
96,Stage2,24.01,16.36,,,,,,,0,12,,
96,PowerOpt,24.01,16.36,16.36,,,,"196.97,45.68,7.87,2.33,1.25,0.76,0.33,0.19,0.11,0.09,0.08,0.05,0.04,0.03,0.03,0.03,0.02,0.02,0.02",1.00,0,12,,
96,Stage3,24.01,16.36,16.36,16.38,,,,,0,12,63,
96,Stage3_PowerOpt,24.01,16.36,16.36,,16.38,,"49.80,11.22,1.96,0.57,0.31,0.05,0.02,0.02,0.01",1.00,0,12,63,
96,Stage4,24.01,16.36,16.36,,16.38,9.37;10.62;11.45;12.07;12.52;12.83;13.03;13.15;13.27;13.42;13.59;13.78;13.96;14.09;14.19;14.25;14.31;14.39;14.50;14.61;14.72;14.81;14.87;14.91;14.96;15.01;15.09;15.17;15.24;15.31;15.35;15.38;15.41;15.46;15.51;15.57,,,0,12,63,"63,63,63,63,63,63,63,63,63,63,63,63,63,63,63,63,63,63,63,63,63,63,63,63,63,63,63,63,63,63,63,63,63,63,63,63"
97,Stage1,28.86,,,,,,,,"0,8",,,
97,Stage2,28.86,22.47,,,,,,,"0,8",0,,
97,PowerOpt,28.86,22.47,22.47,,,,"132.66,41.93,28.39,23.31,8.08,7.27,5.47,2.84,1.89,1.79,0.88,0.61,0.34,0.25,0.07,0.07,0.03,0.02,0.02,0.01,0.01","1.96,0.04","0,8",0,,
97,Stage3,28.86,22.47,22.47,21.56,,,,,"0,8",0,48,
97,Stage3_PowerOpt,28.86,22.47,22.47,,21.56,,"42.43,9.18,7.31,2.38,1.01,0.71,0.51,0.28,0.09,0.06,0.02,0.01","1.98,0.02","0,8",0,48,
97,Stage4,28.86,22.47,22.47,,21.56,8.99;11.23;12.49;13.42;14.15;14.68;15.07;15.36;15.61;15.91;16.20;16.50;16.78;17.01;17.20;17.36;17.50;17.66;17.84;18.02;18.20;18.35;18.48;18.58;18.69;18.80;18.92;19.06;19.18;19.30;19.40;19.48;19.55;19.64;19.74;19.84;19.94;20.03;20.11;20.17;20.23;20.30;20.38;20.46;20.54,,,"0,8",0,48,"48,48,48,48,48,48,48,48,48,48,48,48,48,48,48,48,48,48,48,48,48,48,48,48,48,48,48,48,48,48,48,48,48,48,48,48,48,48,48,48,48,48,48,48,48"
98,Stage1,29.50,,,,,,,,"0,8",,,
98,Stage2,29.50,26.63,,,,,,,"0,8",0,,
98,PowerOpt,29.50,26.63,26.63,,,,"179.48,51.73,17.89,5.34,1.01,0.25,0.23,0.02","2.00,0.00","0,8",0,,
98,Stage3,29.50,26.63,26.63,24.74,,,,,"0,8",0,"56,17,55,17,55",
98,Stage3_PowerOpt,29.50,26.63,26.63,,24.74,,"43.84,13.86,4.57,1.37,0.23,0.07,0.06","2.00,0.00","0,8",0,"56,17,55,17,55",
98,Stage4,29.50,26.63,26.63,,24.74,9.95;13.43;14.84;16.08;16.86;17.64;18.13;18.49;18.81;19.16;19.49;19.78;20.04;20.27;20.47;20.68;20.90;21.08;21.26;21.44;21.60;21.74;21.86;22.00;22.14;22.25;22.38;22.51;22.62;22.72;22.83;22.94;23.05;23.14;23.23;23.33;23.42;23.50;23.58,,,"0,8",0,"56,17,55,17,55","55,17,55,17,55,17,17,17,55,55,55,55,55,17,17,17,17,55,55,55,55,17,17,17,17,55,55,55,55,55,17,17,17,17,55,55,55,17,17"
106,Stage1,47.43,,,,,,,,"5,9",,,
106,Stage2,47.43,27.08,,,,,,,"5,9",15,,
106,PowerOpt,47.43,27.08,27.08,,,,"142.66,60.61,28.04,8.72,7.75,2.87,2.11,0.93,0.73,0.63,0.49,0.15,0.11,0.09,0.03,0.02,0.01","1.95,0.05","5,9",15,,
106,Stage3,47.43,27.08,27.08,27.39,,,,,"5,9",15,39,
106,Stage3_PowerOpt,47.43,27.08,27.08,,27.39,,"36.48,15.04,6.92,1.91,1.77,0.68,0.48,0.22,0.15,0.13,0.11,0.03,0.03,0.02","1.95,0.05","5,9",15,39,
106,Stage4,47.43,27.08,27.08,,27.39,9.95;15.10;17.29;18.59;19.54;20.27;20.88;21.37;21.72;21.99;22.23;22.46;22.68;22.89;23.10;23.32;23.50;23.65;23.80;23.93;24.06;24.19;24.32;24.46;24.58;24.69;24.79;24.89;24.98;25.07;25.17;25.27;25.37;25.45;25.53;25.61;25.68;25.76;25.84;25.92;26.00;26.07,,,"5,9",15,39,"39,39,39,39,39,39,39,39,39,39,39,39,39,39,39,39,39,39,39,39,39,39,39,39,39,39,39,39,39,39,39,39,39,39,39,39,39,39,39,39,39,39"
107,Stage1,49.80,,,,,,,,9,,,
107,Stage2,49.80,16.71,,,,,,,9,12,,
107,PowerOpt,49.80,16.71,16.71,,,,"154.84,54.06,20.10,5.88,5.61,5.30,2.94,1.71,1.59,0.93,0.54,0.48,0.40,0.33,0.27,0.21,0.19,0.11,0.10,0.10,0.06,0.04,0.03,0.02,0.02,0.02",1.00,9,12,,
107,Stage3,49.80,16.71,16.71,16.74,,,,,9,12,39,
107,Stage3_PowerOpt,49.80,16.71,16.71,,16.74,,"39.38,14.62,5.22,1.70,1.48,0.80,0.26,0.16,0.12,0.08,0.06,0.05,0.03,0.02",1.00,9,12,39,
107,Stage4,49.80,16.71,16.71,,16.74,7.75;11.34;12.09;12.61;12.99;13.29;13.54;13.75;13.92;14.06;14.20;14.32;14.44;14.55;14.65;14.74;14.84;14.92;14.99;15.06;15.13;15.20;15.27;15.33;15.39;15.45;15.50;15.55;15.60;15.65;15.70;15.74;15.79;15.83;15.87;15.91,,,9,12,39,"39,39,39,39,39,39,39,39,39,39,39,39,39,39,39,39,39,39,39,39,39,39,39,39,39,39,39,39,39,39,39,39,39,39,39,39"
108,Stage1,49.57,,,,,,,,9,,,
108,Stage2,49.57,16.76,,,,,,,9,12,,
108,PowerOpt,49.57,16.76,16.76,,,,"109.49,77.94,34.67,12.67,6.37,3.86,2.96,1.71,1.41,1.14,0.82,0.69,0.54,0.41,0.34,0.24,0.15,0.11,0.10,0.09,0.07,0.05,0.03,0.03,0.02,0.01",1.00,9,12,,
108,Stage3,49.57,16.76,16.76,16.82,,,,,9,12,39,
108,Stage3_PowerOpt,49.57,16.76,16.76,,16.82,,"27.52,20.58,8.96,3.47,1.85,0.85,0.24,0.19,0.11,0.10,0.07,0.03,0.02",1.00,9,12,39,
108,Stage4,49.57,16.76,16.76,,16.82,7.87;11.28;12.04;12.59;13.01;13.33;13.59;13.81;13.98;14.11;14.24;14.37;14.49;14.60;14.71;14.81;14.90;14.97;15.04;15.12;15.19;15.26;15.33;15.39;15.45;15.51;15.56;15.61;15.66;15.71;15.76;15.81;15.86;15.90;15.93;15.98,,,9,12,39,"39,39,39,39,39,39,39,39,39,39,39,39,39,39,39,39,39,39,39,39,39,39,39,39,39,39,39,39,39,39,39,39,39,39,39,39"
109,Stage1,47.39,,,,,,,,9,,,
109,Stage2,47.39,16.40,,,,,,,9,15,,
109,PowerOpt,47.39,16.40,16.40,,,,"159.09,63.00,13.83,6.29,4.80,2.13,1.66,1.33,0.67,0.55,0.40,0.37,0.35,0.22,0.21,0.17,0.15,0.12,0.10,0.08,0.06,0.06,0.05,0.04,0.03,0.03,0.03,0.02,0.02,0.02,0.02,0.01,0.01",1.00,9,15,,
109,Stage3,47.39,16.40,16.40,16.42,,,,,9,15,39,
109,Stage3_PowerOpt,47.39,16.40,16.40,,16.42,,"41.77,16.51,3.44,1.44,0.47,0.14,0.08,0.05,0.04,0.03,0.01",1.00,9,15,39,
109,Stage4,47.39,16.40,16.40,,16.42,8.15;10.75;11.53;12.08;12.50;12.85;13.14;13.39;13.56;13.69;13.82;13.93;14.05;14.16;14.28;14.39;14.48;14.55;14.62;14.69;14.76;14.83;14.90;14.98;15.04;15.09;15.14;15.19;15.24;15.29;15.34;15.40;15.44;15.48;15.52;15.56;15.60,,,9,15,39,"39,39,39,39,39,39,39,39,39,39,39,39,39,39,39,39,39,39,39,39,39,39,39,39,39,39,39,39,39,39,39,39,39,39,39,39,39"
112,Stage1,29.47,,,,,,,,"4,9,9",,,
112,Stage2,29.47,21.99,,,,,,,"4,9,9",0,,
112,PowerOpt,29.47,21.99,21.99,,,,"203.88,42.60,7.75,0.93,0.42,0.20,0.04,0.03,0.02,0.02,0.01","3.00,0.00,0.00","4,9,9",0,,
112,Stage3,29.47,21.99,21.99,20.73,,,,,"4,9,9",0,"24,24,6,24",
112,Stage3_PowerOpt,29.47,21.99,21.99,,20.73,,"50.69,10.65,2.24,0.23,0.11,0.05,0.01","3.00,0.00,0.00","4,9,9",0,"24,24,6,24",
112,Stage4,29.47,21.99,21.99,,20.73,7.81;10.98;11.75;12.44;13.08;13.65;14.19;14.69;15.04;15.27;15.46;15.64;15.81;15.99;16.19;16.43;16.64;16.78;16.90;17.01;17.11;17.22;17.35;17.50;17.66;17.76;17.85;17.93;18.00;18.08;18.17;18.29;18.42;18.50;18.57;18.63;18.69;18.75;18.83;18.92;19.03;19.10;19.19;19.28;19.37;19.46;19.54;19.62;19.73,,,"4,9,9",0,"24,24,6,24","24,24,24,24,24,24,24,24,24,24,24,24,24,24,24,24,24,24,24,24,24,24,24,24,24,24,24,24,24,24,24,24,24,24,24,24,24,24,24,24,24,6,6,6,6,6,6,24,24"
113,Stage1,53.24,,,,,,,,"5,9,9,0",,,
113,Stage2,53.24,49.05,,,,,,,"5,9,9,0",0,,
113,PowerOpt,53.24,49.05,49.05,,,,"39.46,34.12,32.30,27.74,21.53,18.95,12.69,10.15,7.70,7.24,6.05,5.60,4.87,4.00,3.90,2.49,2.01,1.78,1.42,1.34,1.08,0.98,0.92,0.83,0.74,0.69,0.62,0.55,0.47,0.45,0.37,0.35,0.32,0.29,0.26,0.24,0.20,0.19,0.18,0.15,0.14,0.10,0.09,0.09,0.07,0.05,0.04,0.04,0.03,0.03,0.02,0.02","2.82,0.72,0.37,0.08","5,9,9,0",0,,
113,Stage3,53.24,49.05,49.05,46.44,,,,,"5,9,9,0",0,"7,7,0,7,7",
113,Stage3_PowerOpt,53.24,49.05,49.05,,46.44,,"16.84,10.77,7.78,6.37,5.78,4.64,3.64,2.88,1.55,1.21,0.51,0.47,0.34,0.24,0.21,0.17,0.11,0.08,0.07,0.06,0.05,0.04,0.03,0.03,0.02,0.02,0.02,0.02,0.01","2.76,0.80,0.40,0.05","5,9,9,0",0,"7,7,0,7,7",
113,Stage4,53.24,49.05,49.05,,46.44,9.61;17.14;22.92;26.48;28.95;30.60;32.02;33.05;33.81;34.55;35.06;35.59;36.08;36.55;37.01;37.49;37.94;38.34;38.66;38.96;39.28;39.57;39.88;40.18;40.47;40.74;40.98;41.20;41.42;41.64;41.87;42.09;42.31;42.50;42.67;42.84;43.01;43.19;43.37;43.54;43.71;43.86;44.00;44.13,,,"5,9,9,0",0,"7,7,0,7,7","7,0,7,0,7,0,7,0,0,7,7,7,7,7,7,7,7,0,0,7,0,7,7,7,7,7,7,0,7,0,7,7,0,7,7,7,0,7,7,7,7,0,7,7"
132,Stage1,24.77,,,,,,,,"0,8,8",,,
132,Stage2,24.77,21.93,,,,,,,"0,8,8",0,,
132,PowerOpt,24.77,21.93,21.93,,,,"182.24,45.41,14.99,3.86,3.30,2.98,0.91,0.53,0.44,0.43,0.20,0.15,0.14,0.08,0.06,0.06,0.04,0.03,0.03,0.02,0.02,0.01,0.01,0.01","2.94,0.05,0.01","0,8,8",0,,
132,Stage3,24.77,21.93,21.93,21.80,,,,,"0,8,8",0,0,
132,Stage3_PowerOpt,24.77,21.93,21.93,,21.80,,"46.56,11.60,3.80,0.98,0.83,0.13,0.04,0.02,0.01","2.99,0.01,0.00","0,8,8",0,0,
132,Stage4,24.77,21.93,21.93,,21.80,9.98;11.63;12.95;13.87;14.55;15.07;15.47;15.76;16.03;16.29;16.58;16.87;17.13;17.36;17.55;17.70;17.85;18.00;18.17;18.35;18.51;18.66;18.78;18.88;19.00;19.10;19.22;19.35;19.47;19.58;19.67;19.75;19.83;19.92;20.01;20.11;20.20;20.28;20.35;20.42;20.49;20.56;20.63;20.72,,,"0,8,8",0,0,"0,0,0,0,0,0,0,0,0,0,0,0,0,0,0,0,0,0,0,0,0,0,0,0,0,0,0,0,0,0,0,0,0,0,0,0,0,0,0,0,0,0,0,0"
133,Stage1,22.97,,,,,,,,12,,,
133,Stage2,22.97,16.91,,,,,,,12,12,,
133,PowerOpt,22.97,16.91,16.91,,,,"122.84,43.68,27.98,22.48,9.76,6.11,5.16,3.94,2.88,2.50,1.92,1.65,0.93,0.76,0.66,0.49,0.46,0.43,0.19,0.17,0.17,0.15,0.14,0.11,0.09,0.06,0.05,0.04,0.03,0.03,0.02,0.02,0.01,0.01",1.00,12,12,,
133,Stage3,22.97,16.91,16.91,16.69,,,,,12,12,7,
133,Stage3_PowerOpt,22.97,16.91,16.91,,16.69,,"21.10,13.78,9.33,4.69,3.36,2.62,2.37,1.67,1.15,0.97,0.77,0.41,0.39,0.29,0.24,0.18,0.14,0.12,0.10,0.08,0.06,0.04,0.03,0.02,0.02,0.01,0.01,0.01",1.00,12,12,7,
133,Stage4,22.97,16.91,16.91,,16.69,9.14;10.52;11.43;12.10;12.57;12.90;13.11;13.24;13.37;13.53;13.73;13.93;14.12;14.26;14.37;14.44;14.52;14.61;14.73;14.85;14.97;15.06;15.14;15.19;15.24;15.30;15.38;15.47;15.55;15.62;15.67;15.71;15.75;15.79;15.85,,,12,12,7,"7,7,7,7,7,7,7,7,7,7,7,7,7,7,7,7,7,7,7,7,7,7,7,7,7,7,7,7,7,7,7,7,7,7,7"
134,Stage1,22.52,,,,,,,,12,,,
134,Stage2,22.52,16.92,,,,,,,12,12,,
134,PowerOpt,22.52,16.92,16.92,,,,"127.19,68.38,20.16,14.90,6.79,4.60,3.42,2.58,1.89,1.75,1.07,0.85,0.63,0.32,0.26,0.21,0.18,0.17,0.14,0.09,0.07,0.05,0.04,0.04,0.04,0.02,0.02,0.02,0.01,0.01,0.01",1.00,12,12,,
134,Stage3,22.52,16.92,16.92,16.89,,,,,12,12,63,
134,Stage3_PowerOpt,22.52,16.92,16.92,,16.89,,"28.26,14.79,7.98,3.41,2.56,2.30,1.56,1.12,0.56,0.35,0.30,0.22,0.16,0.12,0.09,0.07,0.04,0.03,0.02,0.02,0.01",1.00,12,12,63,
134,Stage4,22.52,16.92,16.92,,16.89,10.13;11.39;12.15;12.67;13.03;13.27;13.42;13.50;13.66;13.85;14.06;14.26;14.43;14.55;14.64;14.68;14.76;14.87;14.99;15.11;15.22;15.31;15.37;15.41;15.46;15.52;15.60;15.69;15.77;15.84;15.89;15.92;15.95;15.99;16.05,,,12,12,63,"63,63,63,63,63,63,63,63,63,63,63,63,63,63,63,63,63,63,63,63,63,63,63,63,63,63,63,63,63,63,63,63,63,63,63"
135,Stage1,26.49,,,,,,,,"0,8",,,
135,Stage2,26.49,21.01,,,,,,,"0,8",0,,
135,PowerOpt,26.49,21.01,21.01,,,,"114.57,67.37,26.84,18.01,14.20,5.67,2.99,2.03,1.69,0.58,0.55,0.43,0.27,0.27,0.14,0.11,0.07,0.03,0.03,0.03,0.02,0.01","1.93,0.07","0,8",0,,
135,Stage3,26.49,21.01,21.01,19.70,,,,,"0,8",0,56,
135,Stage3_PowerOpt,26.49,21.01,21.01,,19.70,,"38.37,14.97,4.03,3.50,1.60,0.55,0.41,0.28,0.11,0.05,0.03,0.03,0.02,0.01","1.94,0.06","0,8",0,56,
135,Stage4,26.49,21.01,21.01,,19.70,9.98;11.23;11.99;12.53;12.96;13.29;13.55;13.73;13.99;14.26;14.52;14.77;15.01;15.22;15.40;15.54;15.69;15.84;16.00;16.16;16.33;16.48;16.62;16.74;16.84;16.95;17.05;17.17;17.29;17.42;17.53;17.64;17.71;17.78;17.86;17.95;18.05;18.15;18.25;18.34;18.39;18.44;18.50;18.57;18.65;18.73,,,"0,8",0,56,"56,56,56,56,56,56,56,56,56,56,56,56,56,56,56,56,56,56,56,56,56,56,56,56,56,56,56,56,56,56,56,56,56,56,56,56,56,56,56,56,56,56,56,56,56,56"
136,Stage1,25.02,,,,,,,,"0,11",,,
136,Stage2,25.02,19.95,,,,,,,"0,11",0,,
136,PowerOpt,25.02,19.95,19.95,,,,"142.50,70.96,27.77,7.42,5.18,0.81,0.48,0.35,0.19,0.09,0.06,0.06,0.02,0.02,0.01,0.01","2.00,0.00","0,11",0,,
136,Stage3,25.02,19.95,19.95,19.49,,,,,"0,11",0,56,
136,Stage3_PowerOpt,25.02,19.95,19.95,,19.49,,"35.52,18.10,6.92,1.83,1.29,0.19,0.09,0.02,0.01,0.01","2.00,0.00","0,11",0,56,
136,Stage4,25.02,19.95,19.95,,19.49,9.32;10.66;11.51;12.18;12.71;13.11;13.40;13.61;13.83;14.07;14.33;14.60;14.85;15.07;15.24;15.37;15.50;15.64;15.80;15.98;16.16;16.31;16.43;16.53;16.61;16.71;16.83;16.96;17.09;17.21;17.31;17.39;17.46;17.53;17.62;17.72;17.83;17.92;18.00;18.08;18.13;18.19;18.26;18.34;18.42;18.50;18.57,,,"0,11",0,56,"56,56,56,56,56,56,56,56,56,56,56,56,56,56,56,56,56,56,56,56,56,56,56,56,56,56,56,56,56,56,56,56,56,56,56,56,56,56,56,56,56,56,56,56,56,56,56"
137,Stage1,22.24,,,,,,,,"12,4",,,
137,Stage2,22.24,19.53,,,,,,,"12,4",12,,
137,PowerOpt,22.24,19.53,19.53,,,,"179.40,45.55,20.71,5.48,2.60,1.05,0.39,0.23,0.09,0.08,0.07,0.07,0.06,0.03,0.03,0.02,0.02,0.01,0.01","1.99,0.01","12,4",12,,
137,Stage3,22.24,19.53,19.53,18.47,,,,,"12,4",12,63,
137,Stage3_PowerOpt,22.24,19.53,19.53,,18.47,,"45.27,11.16,4.54,1.34,0.50,0.37,0.15,0.13,0.11,0.09,0.07,0.06,0.04,0.03,0.03,0.02,0.01,0.01","1.98,0.02","12,4",12,63,
137,Stage4,22.24,19.53,19.53,,18.47,9.59;10.91;11.85;12.52;12.96;13.22;13.38;13.50;13.63;13.79;14.00;14.24;14.43;14.59;14.73;14.85;14.96;15.06;15.19;15.34;15.48;15.58;15.67;15.76;15.86;15.96;16.06;16.17;16.27;16.35;16.41;16.46;16.57;16.66;16.74;16.83;16.92;16.98;17.02;17.05;17.16;17.26;17.33;17.40;17.47;17.52;17.55,,,"12,4",12,63,"63,63,63,63,63,63,63,63,63,63,63,63,63,63,63,63,63,63,63,63,63,63,63,63,63,63,63,63,63,63,63,63,63,63,63,63,63,63,63,63,63,63,63,63,63,63,63"
138,Stage1,30.06,,,,,,,,"0,8",,,
138,Stage2,30.06,27.04,,,,,,,"0,8",0,,
138,PowerOpt,30.06,27.04,27.04,,,,"146.55,70.75,29.38,6.41,2.05,0.63,0.14,0.05","2.00,0.00","0,8",0,,
138,Stage3,30.06,27.04,27.04,25.37,,,,,"0,8",0,"56,17,55,17,55",
138,Stage3_PowerOpt,30.06,27.04,27.04,,25.37,,"37.27,16.76,7.50,1.74,0.54,0.15,0.04,0.01","2.00,0.00","0,8",0,"56,17,55,17,55",
138,Stage4,30.06,27.04,27.04,,25.37,9.63;13.67;15.45;16.72;17.56;18.35;18.84;19.21;19.54;19.94;20.36;20.73;21.01;21.21;21.39;21.56;21.75;21.92;22.12;22.33;22.51;22.64;22.77;22.90;23.04;23.16;23.29;23.43;23.56;23.66;23.75;23.85;23.95;24.04;24.13,,,"0,8",0,"56,17,55,17,55","55,17,55,17,55,17,17,17,17,55,55,55,55,17,17,17,17,55,55,55,55,55,17,17,17,17,55,55,55,55,17,17,17,17,55"
146,Stage1,50.40,,,,,,,,5,,,
146,Stage2,50.40,16.10,,,,,,,5,12,,
146,PowerOpt,50.40,16.10,16.10,,,,"98.80,80.80,31.32,17.16,14.86,3.52,2.73,2.68,1.38,0.77,0.55,0.37,0.36,0.26,0.13,0.10,0.05,0.04,0.03,0.02,0.01,0.01",1.00,5,12,,
146,Stage3,50.40,16.10,16.10,16.09,,,,,5,12,39,
146,Stage3_PowerOpt,50.40,16.10,16.10,,16.09,,"23.23,20.28,8.86,4.63,3.38,1.02,0.83,0.69,0.37,0.18,0.16,0.10,0.09,0.07,0.03,0.03,0.01",1.00,5,12,39,
146,Stage4,50.40,16.10,16.10,,16.09,8.21;10.80;11.49;11.98;12.34;12.63;12.87;13.08;13.24;13.39;13.52;13.65;13.77;13.88;13.98;14.08;14.17;14.25;14.32;14.40;14.47;14.54;14.60;14.67;14.73;14.78;14.83;14.89;14.94;14.99;15.04;15.09;15.13;15.17;15.21;15.25;15.29,,,5,12,39,"39,39,39,39,39,39,39,39,39,39,39,39,39,39,39,39,39,39,39,39,39,39,39,39,39,39,39,39,39,39,39,39,39,39,39,39,39"
147,Stage1,50.32,,,,,,,,"5,9",,,
147,Stage2,50.32,27.99,,,,,,,"5,9",0,,
147,PowerOpt,50.32,27.99,27.99,,,,"169.02,34.10,25.83,12.57,5.27,2.14,1.62,1.25,0.73,0.70,0.63,0.48,0.42,0.31,0.23,0.19,0.11,0.09,0.08,0.04,0.04,0.03,0.02,0.02,0.01","1.86,0.14","5,9",0,,
147,Stage3,50.32,27.99,27.99,27.62,,,,,"5,9",0,"32,39,32,32,39",
147,Stage3_PowerOpt,50.32,27.99,27.99,,27.62,,"38.22,10.86,6.39,4.86,1.57,0.71,0.44,0.31,0.17,0.14,0.09,0.06,0.05,0.04,0.02,0.02,0.01","1.86,0.14","5,9",0,"32,39,32,32,39",
147,Stage4,50.32,27.99,27.99,,27.62,8.04;15.69;17.98;19.11;19.95;20.60;21.13;21.62;21.97;22.28;22.53;22.76;23.00;23.21;23.42;23.64;23.82;23.98;24.13;24.26;24.40;24.53;24.67;24.81;24.93;25.04;25.14;25.24;25.33;25.43;25.53;25.63;25.72;25.81;25.89;25.96;26.04;26.11;26.19;26.27,,,"5,9",0,"32,39,32,32,39","39,32,39,39,32,39,32,32,32,32,39,39,39,39,32,32,32,32,39,39,39,39,32,32,32,32,39,39,39,32,39,32,32,39,32,39,32,39,32,32"
148,Stage1,50.19,,,,,,,,"9,4",,,
148,Stage2,50.19,28.26,,,,,,,"9,4",12,,
148,PowerOpt,50.19,28.26,28.26,,,,"132.55,47.54,27.33,21.97,11.01,3.73,3.03,2.64,1.35,1.24,0.93,0.61,0.53,0.32,0.27,0.23,0.18,0.14,0.09,0.06,0.05,0.04,0.03,0.02,0.02,0.01","1.75,0.25","9,4",12,,
148,Stage3,50.19,28.26,28.26,27.95,,,,,"9,4",12,39,
148,Stage3_PowerOpt,50.19,28.26,28.26,,27.95,,"30.76,13.57,8.17,5.38,3.10,1.15,1.00,0.32,0.20,0.10,0.07,0.06,0.05,0.02,0.01","1.76,0.24","9,4",12,39,
148,Stage4,50.19,28.26,28.26,,27.95,8.08;15.91;18.31;19.40;20.25;20.89;21.47;21.93;22.27;22.57;22.82;23.05;23.28;23.49;23.72;23.93;24.10;24.27;24.41;24.55;24.68;24.82;24.96;25.10;25.22;25.33;25.43;25.53;25.63;25.72;25.83;25.93;26.02;26.11;26.18;26.26;26.34;26.41;26.50;26.58,,,"9,4",12,39,"39,39,39,39,39,39,39,39,39,39,39,39,39,39,39,39,39,39,39,39,39,39,39,39,39,39,39,39,39,39,39,39,39,39,39,39,39,39,39,39"
149,Stage1,49.42,,,,,,,,9,,,
149,Stage2,49.42,16.45,,,,,,,9,15,,
149,PowerOpt,49.42,16.45,16.45,,,,"156.16,63.42,11.23,9.14,3.40,2.78,2.45,1.19,1.09,0.99,0.87,0.55,0.51,0.47,0.31,0.26,0.24,0.22,0.16,0.11,0.06,0.05,0.05,0.04,0.03,0.03,0.03,0.02,0.02,0.02,0.02,0.01,0.01",1.00,9,15,,
149,Stage3,49.42,16.45,16.45,16.47,,,,,9,15,39,
149,Stage3_PowerOpt,49.42,16.45,16.45,,16.47,,"41.05,16.53,2.80,2.15,0.77,0.23,0.18,0.13,0.06,0.05,0.01",1.00,9,15,39,
149,Stage4,49.42,16.45,16.45,,16.47,7.98;10.99;11.73;12.24;12.63;12.96;13.23;13.46;13.64;13.78;13.91;14.02;14.13;14.24;14.35;14.46;14.55;14.63;14.70;14.77;14.83;14.90;14.97;15.04;15.11;15.16;15.21;15.26;15.30;15.35;15.41;15.46;15.51;15.55;15.59;15.62;15.66,,,9,15,39,"39,39,39,39,39,39,39,39,39,39,39,39,39,39,39,39,39,39,39,39,39,39,39,39,39,39,39,39,39,39,39,39,39,39,39,39,39"
153,Stage1,49.23,,,,,,,,"4,12",,,
153,Stage2,49.23,28.29,,,,,,,"4,12",0,,
153,PowerOpt,49.23,28.29,28.29,,,,"47.54,31.59,28.34,26.15,16.75,15.11,11.64,11.43,9.80,8.78,8.69,6.11,4.86,4.03,3.96,2.57,2.49,2.23,1.98,1.82,1.46,1.33,0.95,0.94,0.80,0.71,0.54,0.46,0.40,0.36,0.32,0.28,0.22,0.20,0.18,0.17,0.16,0.15,0.12,0.09,0.08,0.07,0.05,0.04,0.03","1.69,0.31","4,12",0,,
153,Stage3,49.23,28.29,28.29,26.69,,,,,"4,12",0,0,
153,Stage3_PowerOpt,49.23,28.29,28.29,,26.69,,"17.45,11.44,10.03,7.15,5.89,3.50,3.30,1.55,0.86,0.52,0.51,0.31,0.29,0.17,0.16,0.14,0.13,0.11,0.09,0.07,0.06,0.05,0.05,0.03,0.03,0.02,0.02,0.02,0.01,0.01","1.74,0.26","4,12",0,0,
153,Stage4,49.23,28.29,28.29,,26.69,8.13;14.47;16.62;17.84;18.65;19.33;19.89;20.39;20.75;21.06;21.34;21.57;21.79;22.02;22.24;22.46;22.66;22.84;23.00;23.13;23.27;23.41;23.55;23.69;23.83;23.95;24.06;24.16;24.27;24.36;24.47;24.58;24.68;24.77;24.86;24.94;25.02;25.10;25.18;25.26;25.34;25.42,,,"4,12",0,0,"0,0,0,0,0,0,0,0,0,0,0,0,0,0,0,0,0,0,0,0,0,0,0,0,0,0,0,0,0,0,0,0,0,0,0,0,0,0,0,0,0,0"
172,Stage1,25.80,,,,,,,,"0,8",,,
172,Stage2,25.80,20.69,,,,,,,"0,8",0,,
172,PowerOpt,25.80,20.69,20.69,,,,"177.67,48.97,16.32,6.04,3.16,1.36,0.73,0.40,0.29,0.22,0.21,0.14,0.13,0.10,0.07,0.03,0.03,0.02,0.01,0.01","1.98,0.02","0,8",0,,
172,Stage3,25.80,20.69,20.69,20.62,,,,,"0,8",0,0,
172,Stage3_PowerOpt,25.80,20.69,20.69,,20.62,,"45.00,12.39,4.10,1.53,0.79,0.07,0.05,0.03","2.00,0.00","0,8",0,0,
172,Stage4,25.80,20.69,20.69,,20.62,10.15;11.36;12.37;13.09;13.60;13.99;14.31;14.56;14.87;15.16;15.45;15.73;15.97;16.17;16.33;16.47;16.65;16.81;16.99;17.17;17.33;17.46;17.57;17.67;17.80;17.91;18.04;18.17;18.29;18.39;18.48;18.56;18.65;18.74;18.83;18.93;19.02;19.11;19.18;19.25;19.32;19.39;19.46;19.54;19.61,,,"0,8",0,0,"0,0,0,0,0,0,0,0,0,0,0,0,0,0,0,0,0,0,0,0,0,0,0,0,0,0,0,0,0,0,0,0,0,0,0,0,0,0,0,0,0,0,0,0,0"
173,Stage1,21.16,,,,,,,,"12,4",,,
173,Stage2,21.16,18.76,,,,,,,"12,4",12,,
173,PowerOpt,21.16,18.76,18.76,,,,"112.83,32.75,28.42,22.17,20.85,18.78,4.65,4.05,3.95,1.43,1.21,1.11,0.86,0.48,0.40,0.37,0.31,0.22,0.20,0.15,0.12,0.11,0.10,0.07,0.06,0.05,0.05,0.04,0.03,0.02,0.02,0.01","1.75,0.25","12,4",12,,
173,Stage3,21.16,18.76,18.76,18.48,,,,,"12,4",12,7,
173,Stage3_PowerOpt,21.16,18.76,18.76,,18.48,,"20.51,12.05,5.37,4.71,4.44,4.09,2.93,2.19,1.99,1.41,0.86,0.74,0.62,0.51,0.40,0.29,0.18,0.12,0.11,0.09,0.07,0.07,0.06,0.04,0.03,0.02,0.02,0.01,0.01,0.01","1.59,0.41","12,4",12,7,
173,Stage4,21.16,18.76,18.76,,18.48,9.00;10.46;11.48;12.24;12.83;13.25;13.50;13.63;13.84;14.01;14.19;14.42;14.66;14.84;14.96;15.04;15.19;15.28;15.39;15.53;15.69;15.80;15.88;15.95;16.04;16.11;16.19;16.30;16.41;16.49;16.55;16.62;16.68;16.73;16.79;16.89;16.97;17.03;17.08;17.17;17.20;17.24;17.30;17.38;17.44;17.49;17.54;17.64,,,"12,4",12,7,"7,7,7,7,7,7,7,7,7,7,7,7,7,7,7,7,7,7,7,7,7,7,7,7,7,7,7,7,7,7,7,7,7,7,7,7,7,7,7,7,7,7,7,7,7,7,7,7"
174,Stage1,24.77,,,,,,,,"0,15",,,
174,Stage2,24.77,19.64,,,,,,,"0,15",0,,
174,PowerOpt,24.77,19.64,19.64,,,,"176.84,35.14,31.92,7.28,1.83,1.20,0.54,0.49,0.16,0.15,0.11,0.05,0.04,0.03,0.03,0.02,0.02,0.02,0.01,0.01,0.01,0.01","2.00,0.00","0,15",0,,
174,Stage3,24.77,19.64,19.64,19.15,,,,,"0,15",0,56,
174,Stage3_PowerOpt,24.77,19.64,19.64,,19.15,,"44.52,8.83,8.01,1.72,0.45,0.27,0.13,0.02,0.01","2.00,0.00","0,15",0,56,
174,Stage4,24.77,19.64,19.64,,19.15,9.43;11.06;12.08;12.75;13.18;13.46;13.63;13.74;13.93;14.16;14.44;14.73;14.97;15.16;15.28;15.36;15.48;15.63;15.80;15.98;16.16;16.29;16.39;16.46;16.54;16.64;16.76;16.89;17.03;17.14;17.22;17.28;17.34;17.41;17.49;17.59;17.70;17.79;17.87;17.92;17.96;18.01;18.07;18.15;18.23,,,"0,15",0,56,"56,56,56,56,56,56,56,56,56,56,56,56,56,56,56,56,56,56,56,56,56,56,56,56,56,56,56,56,56,56,56,56,56,56,56,56,56,56,56,56,56,56,56,56,56"
175,Stage1,24.47,,,,,,,,0,,,
175,Stage2,24.47,16.20,,,,,,,0,12,,
175,PowerOpt,24.47,16.20,16.20,,,,"178.92,37.71,28.52,4.78,3.15,1.20,0.83,0.26,0.17,0.12,0.09,0.05,0.04,0.03,0.01,0.01,0.01",1.00,0,12,,
175,Stage3,24.47,16.20,16.20,16.27,,,,,0,12,63,
175,Stage3_PowerOpt,24.47,16.20,16.20,,16.27,,"45.66,9.09,6.96,1.12,0.72,0.29,0.06,0.04,0.03",1.00,0,12,63,
175,Stage4,24.47,16.20,16.20,,16.27,9.59;10.69;11.36;11.84;12.19;12.44;12.61;12.72;12.91;13.11;13.31;13.50;13.67;13.80;13.90;13.96;14.06;14.17;14.29;14.41;14.52;14.61;14.68;14.73;14.79;14.86;14.95;15.03;15.11;15.18;15.23;15.27;15.31;15.36;15.42;15.48,,,0,12,63,"63,63,63,63,63,63,63,63,63,63,63,63,63,63,63,63,63,63,63,63,63,63,63,63,63,63,63,63,63,63,63,63,63,63,63,63"
176,Stage1,20.40,,,,,,,,"12,11,0",,,
176,Stage2,20.40,19.30,,,,,,,"12,11,0",12,,
176,PowerOpt,20.40,19.30,19.29,,,,"157.32,28.37,25.80,13.40,6.86,4.08,3.98,3.21,2.66,2.53,2.19,1.35,0.86,0.75,0.45,0.37,0.31,0.20,0.18,0.13,0.12,0.10,0.10,0.08,0.07,0.05,0.05,0.04,0.03,0.03,0.03,0.03,0.02,0.02,0.02,0.02,0.02,0.01,0.01,0.01,0.01","2.90,0.07,0.03","12,11,0",12,,
176,Stage3,20.40,19.30,19.29,19.38,,,,,"12,11,0",12,63,
176,Stage3_PowerOpt,20.40,19.30,19.29,,19.38,,"30.46,9.03,5.79,5.19,4.51,2.85,1.48,1.05,0.77,0.55,0.51,0.44,0.30,0.24,0.15,0.13,0.10,0.09,0.07,0.05,0.04,0.04,0.03,0.02,0.01,0.01","2.75,0.17,0.08","12,11,0",12,63,
176,Stage4,20.40,19.30,19.29,,19.38,11.01;12.37;13.21;13.78;14.17;14.42;14.59;14.75;14.88;15.06;15.27;15.47;15.64;15.79;15.94;16.13;16.20;16.30;16.42;16.56;16.67;16.76;16.87;17.01;17.07;17.14;17.22;17.31;17.40;17.48;17.55;17.63;17.71;17.76;17.82;17.90;17.97;18.04;18.08;18.13;18.22;18.28;18.32;18.38;18.45,,,"12,11,0",12,63,"63,63,63,63,63,63,63,63,63,63,63,63,63,63,63,63,63,63,63,63,63,63,63,63,63,63,63,63,63,63,63,63,63,63,63,63,63,63,63,63,63,63,63,63,63"
177,Stage1,21.55,,,,,,,,"12,4",,,
177,Stage2,21.55,18.94,,,,,,,"12,4",12,,
177,PowerOpt,21.55,18.94,18.94,,,,"186.29,41.66,19.59,3.99,1.94,1.62,0.20,0.11,0.08,0.08,0.07,0.07,0.06,0.04,0.03,0.02,0.02,0.02,0.01","2.00,0.00","12,4",12,,
177,Stage3,21.55,18.94,18.94,18.16,,,,,"12,4",12,63,
177,Stage3_PowerOpt,21.55,18.94,18.94,,18.16,,"45.62,9.94,5.46,1.10,0.52,0.40,0.21,0.15,0.14,0.09,0.07,0.06,0.05,0.04,0.03,0.02,0.02,0.02,0.01,0.01","1.98,0.02","12,4",12,63,
177,Stage4,21.55,18.94,18.94,,18.16,9.86;11.20;12.04;12.63;13.05;13.34;13.53;13.65;13.77;13.93;14.12;14.31;14.47;14.62;14.74;14.85;14.98;15.10;15.22;15.33;15.44;15.55;15.65;15.76;15.87;15.97;16.06;16.14;16.22;16.29;16.38;16.47;16.56;16.65;16.72;16.78;16.84;16.90;16.96;17.04;17.12;17.19;17.24;17.29,,,"12,4",12,63,"63,63,63,63,63,63,63,63,63,63,63,63,63,63,63,63,63,63,63,63,63,63,63,63,63,63,63,63,63,63,63,63,63,63,63,63,63,63,63,63,63,63,63,63"
178,Stage1,20.58,,,,,,,,"12,11,0",,,
178,Stage2,20.58,19.48,,,,,,,"12,11,0",12,,
178,PowerOpt,20.58,19.48,19.48,,,,"96.99,43.82,40.58,16.07,14.02,10.19,5.72,5.22,4.46,3.85,2.22,1.73,1.60,1.33,0.99,0.86,0.80,0.77,0.68,0.58,0.46,0.35,0.32,0.31,0.26,0.24,0.18,0.17,0.15,0.13,0.12,0.11,0.09,0.07,0.07,0.07,0.06,0.05,0.05,0.03,0.03,0.02,0.02,0.02,0.01,0.01,0.01,0.01","2.68,0.25,0.07","12,11,0",12,,
178,Stage3,20.58,19.48,19.48,19.33,,,,,"12,11,0",12,55,
178,Stage3_PowerOpt,20.58,19.48,19.48,,19.33,,"20.54,11.77,8.75,6.17,4.46,3.12,2.36,1.80,1.46,0.91,0.65,0.33,0.25,0.24,0.19,0.18,0.13,0.10,0.10,0.09,0.08,0.06,0.05,0.05,0.04,0.03,0.02,0.01,0.01","2.31,0.55,0.14","12,11,0",12,55,
178,Stage4,20.58,19.48,19.48,,19.33,11.14;12.32;13.06;13.57;13.96;14.24;14.44;14.58;14.73;14.90;15.07;15.24;15.39;15.52;15.62;15.69;15.77;15.86;15.96;16.07;16.17;16.26;16.36;16.45;16.50;16.57;16.64;16.73;16.82;16.92;17.03;17.12;17.17;17.21;17.27;17.35;17.44;17.54;17.65;17.75;17.77;17.81;17.87;17.94;18.02;18.13;18.22;18.31;18.33;18.37,,,"12,11,0",12,55,"55,55,55,55,55,55,55,55,55,55,55,55,55,55,55,55,55,55,55,55,55,55,55,55,55,55,55,55,55,55,55,55,55,55,55,55,55,55,55,55,55,55,55,55,55,55,55,55,55,55"
186,Stage1,50.70,,,,,,,,5,,,
186,Stage2,50.70,16.07,,,,,,,5,12,,
186,PowerOpt,50.70,16.07,16.07,,,,"86.41,66.99,51.05,25.54,14.27,4.37,3.23,1.15,1.01,0.64,0.41,0.31,0.19,0.19,0.07,0.04,0.03,0.02,0.02,0.01",1.00,5,12,,
186,Stage3,50.70,16.07,16.07,16.08,,,,,5,12,39,
186,Stage3_PowerOpt,50.70,16.07,16.07,,16.08,,"19.79,17.16,14.26,5.94,3.61,1.23,0.94,0.29,0.26,0.18,0.11,0.08,0.05,0.05,0.02",1.00,5,12,39,
186,Stage4,50.70,16.07,16.07,,16.08,8.21;10.82;11.48;11.94;12.30;12.60;12.84;13.06;13.24;13.39;13.52;13.64;13.75;13.86;13.96;14.07;14.16;14.24;14.31;14.38;14.45;14.52;14.59;14.66;14.72;14.77;14.82;14.87;14.92;14.97;15.02;15.07;15.12;15.16;15.20;15.24;15.28,,,5,12,39,"39,39,39,39,39,39,39,39,39,39,39,39,39,39,39,39,39,39,39,39,39,39,39,39,39,39,39,39,39,39,39,39,39,39,39,39,39"
187,Stage1,51.46,,,,,,,,9,,,
187,Stage2,51.46,16.65,,,,,,,9,12,,
187,PowerOpt,51.46,16.65,16.65,,,,"109.68,100.43,20.97,6.89,4.99,2.66,2.51,2.30,1.32,0.90,0.67,0.55,0.53,0.38,0.37,0.27,0.15,0.10,0.08,0.05,0.03,0.03,0.03,0.02,0.01",1.00,9,12,,
187,Stage3,51.46,16.65,16.65,16.73,,,,,9,12,39,
187,Stage3_PowerOpt,51.46,16.65,16.65,,16.73,,"28.38,25.26,5.50,2.01,1.43,0.63,0.22,0.16,0.15,0.10,0.07,0.04,0.02",1.00,9,12,39,
187,Stage4,51.46,16.65,16.65,,16.73,7.87;11.27;12.03;12.56;12.94;13.25;13.50;13.72;13.89;14.03;14.17;14.29;14.41;14.51;14.62;14.72;14.81;14.89;14.96;15.04;15.11;15.17;15.24;15.31;15.37;15.42;15.48;15.53;15.58;15.62;15.67;15.72;15.77;15.81;15.85;15.89,,,9,12,39,"39,39,39,39,39,39,39,39,39,39,39,39,39,39,39,39,39,39,39,39,39,39,39,39,39,39,39,39,39,39,39,39,39,39,39,39"
188,Stage1,51.16,,,,,,,,9,,,
188,Stage2,51.16,16.71,,,,,,,9,12,,
188,PowerOpt,51.16,16.71,16.71,,,,"116.49,80.18,31.53,11.15,6.77,2.21,2.10,1.21,0.94,0.89,0.58,0.54,0.36,0.31,0.23,0.14,0.11,0.08,0.06,0.03,0.02,0.01,0.01",1.00,9,12,,
188,Stage3,51.16,16.71,16.71,16.83,,,,,9,12,39,
188,Stage3_PowerOpt,51.16,16.71,16.71,,16.83,,"29.66,20.00,7.90,3.19,1.76,0.61,0.27,0.22,0.15,0.09,0.08,0.04,0.02",1.00,9,12,39,
188,Stage4,51.16,16.71,16.71,,16.83,7.91;11.27;12.07;12.62;13.03;13.34;13.61;13.83;14.00;14.13;14.26;14.39;14.51;14.62;14.73;14.83;14.92;14.99;15.07;15.14;15.21;15.28;15.35;15.42;15.47;15.53;15.58;15.63;15.68;15.73;15.78;15.83;15.88;15.92;15.96;16.00,,,9,12,39,"39,39,39,39,39,39,39,39,39,39,39,39,39,39,39,39,39,39,39,39,39,39,39,39,39,39,39,39,39,39,39,39,39,39,39,39"
189,Stage1,51.00,,,,,,,,9,,,
189,Stage2,51.00,16.34,,,,,,,9,15,,
189,PowerOpt,51.00,16.34,16.34,,,,"174.61,50.82,10.46,3.98,3.19,2.48,2.18,1.67,1.47,1.05,0.83,0.75,0.68,0.45,0.25,0.23,0.18,0.14,0.12,0.08,0.06,0.06,0.03,0.03,0.03,0.02,0.02,0.02",1.00,9,15,,
189,Stage3,51.00,16.34,16.34,16.36,,,,,9,15,39,
189,Stage3_PowerOpt,51.00,16.34,16.34,,16.36,,"46.07,13.22,2.38,1.02,0.68,0.27,0.15,0.06,0.06,0.03,0.01",1.00,9,15,39,
189,Stage4,51.00,16.34,16.34,,16.36,8.09;10.83;11.58;12.09;12.49;12.82;13.10;13.34;13.52;13.66;13.78;13.90;14.01;14.12;14.23;14.34;14.43;14.51;14.59;14.65;14.72;14.79;14.86;14.93;14.99;15.05;15.10;15.14;15.19;15.24;15.29;15.35;15.39;15.44;15.47;15.51;15.55,,,9,15,39,"39,39,39,39,39,39,39,39,39,39,39,39,39,39,39,39,39,39,39,39,39,39,39,39,39,39,39,39,39,39,39,39,39,39,39,39,39"
193,Stage1,48.78,,,,,,,,"4,12",,,
193,Stage2,48.78,28.25,,,,,,,"4,12",0,,
193,PowerOpt,48.78,28.25,28.25,,,,"65.94,38.08,27.71,14.21,12.16,11.04,10.25,9.48,8.65,7.60,6.62,6.52,5.66,5.18,3.94,3.85,2.43,2.35,2.22,1.49,1.42,1.29,1.18,0.97,0.81,0.68,0.66,0.58,0.53,0.52,0.41,0.31,0.29,0.23,0.21,0.13,0.09,0.08,0.07,0.05,0.04,0.03,0.02","1.69,0.31","4,12",0,,
193,Stage3,48.78,28.25,28.25,26.45,,,,,"4,12",0,0,
193,Stage3_PowerOpt,48.78,28.25,28.25,,26.45,,"25.50,10.32,6.67,5.02,4.22,3.79,2.87,1.63,0.85,0.55,0.49,0.37,0.26,0.20,0.18,0.17,0.16,0.15,0.14,0.11,0.06,0.06,0.04,0.04,0.03,0.03,0.02,0.02,0.01","1.74,0.26","4,12",0,0,
193,Stage4,48.78,28.25,28.25,,26.45,8.10;14.07;16.09;17.24;18.09;18.82;19.42;19.91;20.29;20.63;20.90;21.14;21.36;21.57;21.80;22.02;22.23;22.43;22.60;22.75;22.89;23.02;23.16;23.30;23.45;23.60;23.72;23.83;23.94;24.04;24.14;24.24;24.36;24.46;24.55;24.64;24.73;24.81;24.89;24.97;25.06;25.14,,,"4,12",0,0,"0,0,0,0,0,0,0,0,0,0,0,0,0,0,0,0,0,0,0,0,0,0,0,0,0,0,0,0,0,0,0,0,0,0,0,0,0,0,0,0,0,0"
212,Stage1,20.45,,,,,,,,"12,4,11",,,
212,Stage2,20.45,19.05,,,,,,,"12,4,11",12,,
212,PowerOpt,20.45,19.05,19.05,,,,"135.08,66.62,17.41,10.92,9.32,5.05,3.09,2.83,1.71,1.21,0.74,0.53,0.35,0.26,0.21,0.14,0.10,0.09,0.04,0.04,0.04,0.03,0.03,0.02,0.02,0.01,0.01","2.60,0.37,0.03","12,4,11",12,,
212,Stage3,20.45,19.05,19.05,19.10,,,,,"12,4,11",12,7,
212,Stage3_PowerOpt,20.45,19.05,19.05,,19.10,,"33.59,14.45,4.32,3.18,2.33,1.40,1.24,0.96,0.56,0.44,0.38,0.25,0.21,0.14,0.11,0.09,0.08,0.05,0.05,0.04,0.03,0.03,0.02,0.01,0.01","2.57,0.38,0.05","12,4,11",12,7,
212,Stage4,20.45,19.05,19.05,,19.10,10.46;11.71;12.51;13.08;13.53;13.92;14.20;14.38;14.65;14.85;15.04;15.25;15.47;15.67;15.81;15.90;16.04;16.15;16.26;16.39;16.54;16.66;16.75;16.80;16.88;16.95;17.03;17.13;17.24;17.32;17.38;17.43;17.47;17.52;17.59;17.67;17.74;17.80;17.85;17.90;17.92;17.96;18.03;18.09;18.15,,,"12,4,11",12,7,"7,7,7,7,7,7,7,7,7,7,7,7,7,7,7,7,7,7,7,7,7,7,7,7,7,7,7,7,7,7,7,7,7,7,7,7,7,7,7,7,7,7,7,7,7"
213,Stage1,22.61,,,,,,,,0,,,
213,Stage2,22.61,16.21,,,,,,,0,12,,
213,PowerOpt,22.61,16.21,16.21,,,,"172.72,34.78,20.27,15.05,3.94,3.27,1.29,1.14,1.05,0.72,0.55,0.31,0.16,0.15,0.13,0.09,0.08,0.05,0.04,0.04,0.03,0.02,0.01,0.01,0.01",1.00,0,12,,
213,Stage3,22.61,16.21,16.21,16.17,,,,,0,12,7,
213,Stage3_PowerOpt,22.61,16.21,16.21,,16.17,,"45.58,9.87,4.11,1.98,0.78,0.48,0.26,0.21,0.13,0.12,0.11,0.09,0.07,0.06,0.04,0.03,0.02,0.02,0.01,0.01",1.00,0,12,7,
213,Stage4,22.61,16.21,16.21,,16.17,9.37;10.56;11.30;11.83;12.22;12.52;12.73;12.88;13.02;13.19;13.36;13.53;13.69;13.82;13.92;14.00;14.07;14.17;14.27;14.37;14.47;14.55;14.62;14.68;14.73;14.79;14.86;14.94;15.01;15.07;15.12;15.16;15.20;15.24;15.30;15.35;15.40,,,0,12,7,"7,7,7,7,7,7,7,7,7,7,7,7,7,7,7,7,7,7,7,7,7,7,7,7,7,7,7,7,7,7,7,7,7,7,7,7,7"
214,Stage1,20.72,,,,,,,,"12,11",,,
214,Stage2,20.72,18.50,,,,,,,"12,11",12,,
214,PowerOpt,20.72,18.50,18.50,,,,"146.85,41.55,24.83,20.02,8.02,5.13,3.46,1.98,0.90,0.74,0.47,0.39,0.38,0.30,0.20,0.18,0.08,0.07,0.06,0.05,0.05,0.04,0.04,0.03,0.03,0.02,0.02,0.01","1.98,0.02","12,11",12,,
214,Stage3,20.72,18.50,18.50,18.31,,,,,"12,11",12,63,
214,Stage3_PowerOpt,20.72,18.50,18.50,,18.31,,"34.24,9.70,7.70,4.75,2.30,1.36,1.09,0.82,0.68,0.34,0.24,0.22,0.14,0.12,0.07,0.04,0.04,0.04,0.03,0.02,0.01,0.01","1.97,0.03","12,11",12,63,
214,Stage4,20.72,18.50,18.50,,18.31,11.13;12.31;13.00;13.46;13.77;13.97;14.09;14.15;14.31;14.50;14.70;14.87;15.01;15.11;15.19;15.24;15.34;15.45;15.57;15.67;15.77;15.87;15.95;16.02;16.11;16.19;16.27;16.35;16.42;16.50;16.58;16.66;16.73;16.79;16.85;16.91;16.97;17.04;17.11;17.18;17.24;17.29;17.34;17.39;17.44,,,"12,11",12,63,"63,63,63,63,63,63,63,63,63,63,63,63,63,63,63,63,63,63,63,63,63,63,63,63,63,63,63,63,63,63,63,63,63,63,63,63,63,63,63,63,63,63,63,63,63"
215,Stage1,19.56,,,,,,,,12,,,
215,Stage2,19.56,16.94,,,,,,,12,12,,
215,PowerOpt,19.56,16.94,16.94,,,,"114.36,58.99,29.66,20.01,9.07,8.30,6.25,2.45,1.29,1.07,1.01,0.79,0.71,0.35,0.32,0.27,0.23,0.18,0.14,0.09,0.08,0.05,0.05,0.04,0.03,0.02,0.02,0.02,0.02,0.01,0.01",1.00,12,12,,
215,Stage3,19.56,16.94,16.94,17.01,,,,,12,12,63,
215,Stage3_PowerOpt,19.56,16.94,16.94,,17.01,,"27.00,13.19,7.09,4.92,3.06,2.29,2.00,1.64,0.75,0.43,0.39,0.28,0.24,0.20,0.17,0.09,0.05,0.05,0.04,0.03,0.02,0.02,0.01",1.00,12,12,63,
215,Stage4,19.56,16.94,16.94,,17.01,10.26;11.42;12.14;12.65;13.03;13.32;13.54;13.70;13.85;14.02;14.20;14.36;14.51;14.64;14.75;14.83;14.92;15.01;15.11;15.21;15.31;15.39;15.46;15.52;15.58;15.64;15.72;15.79;15.85;15.92;15.97;16.01;16.05;16.10;16.15;16.21,,,12,12,63,"63,63,63,63,63,63,63,63,63,63,63,63,63,63,63,63,63,63,63,63,63,63,63,63,63,63,63,63,63,63,63,63,63,63,63,63"
216,Stage1,19.66,,,,,,,,12,,,
216,Stage2,19.66,16.93,,,,,,,12,12,,
216,PowerOpt,19.66,16.93,16.93,,,,"167.33,39.26,16.45,11.25,4.28,3.89,3.81,2.22,1.18,1.08,0.95,0.75,0.48,0.44,0.37,0.33,0.28,0.23,0.19,0.16,0.12,0.11,0.10,0.08,0.07,0.06,0.06,0.05,0.04,0.04,0.03,0.03,0.03,0.02,0.02,0.02,0.02,0.02,0.01,0.01,0.01",1.00,12,12,,
216,Stage3,19.66,16.93,16.93,17.03,,,,,12,12,63,
216,Stage3_PowerOpt,19.66,16.93,16.93,,17.03,,"34.20,7.87,5.56,4.82,2.67,1.52,1.44,1.13,0.93,0.78,0.69,0.48,0.31,0.29,0.22,0.19,0.17,0.13,0.11,0.10,0.07,0.06,0.05,0.04,0.03,0.02,0.02,0.02,0.02",1.00,12,12,63,
216,Stage4,19.66,16.93,16.93,,17.03,10.55;11.80;12.57;13.09;13.43;13.64;13.76;13.82;13.96;14.15;14.35;14.54;14.69;14.81;14.87;14.91;14.97;15.07;15.18;15.30;15.40;15.48;15.53;15.56;15.60;15.66;15.74;15.82;15.90;15.96;16.00;16.03;16.05;16.09;16.14;16.21,,,12,12,63,"63,63,63,63,63,63,63,63,63,63,63,63,63,63,63,63,63,63,63,63,63,63,63,63,63,63,63,63,63,63,63,63,63,63,63,63"
217,Stage1,21.08,,,,,,,,"12,4",,,
217,Stage2,21.08,18.47,,,,,,,"12,4",0,,
217,PowerOpt,21.08,18.47,18.47,,,,"149.55,65.68,21.34,10.89,5.61,1.18,0.76,0.35,0.19,0.11,0.09,0.05,0.03,0.02,0.02,0.02,0.01","2.00,0.00","12,4",0,,
217,Stage3,21.08,18.47,18.47,17.19,,,,,"12,4",0,"63,8,63",
217,Stage3_PowerOpt,21.08,18.47,18.47,,17.19,,"37.90,16.33,5.20,2.62,1.27,0.30,0.18,0.07,0.03,0.02,0.02","2.00,0.00","12,4",0,"63,8,63",
217,Stage4,21.08,18.47,18.47,,17.19,10.47;11.70;12.44;12.93;13.27;13.50;13.64;13.72;13.87;14.05;14.24;14.42;14.57;14.68;14.76;14.80;14.87;14.97;15.08;15.19;15.28;15.36;15.42;15.45;15.49;15.55;15.63;15.71;15.78;15.84;15.88;15.91;15.94;15.98;16.04;16.09;16.15;16.20;16.24;16.26;16.28;16.31;16.35,,,"12,4",0,"63,8,63","63,63,63,63,63,63,63,63,63,63,63,63,63,63,63,63,63,63,63,63,63,63,63,63,63,63,63,63,63,63,63,63,63,63,63,63,63,63,63,63,63,63,63"
218,Stage1,21.48,,,,,,,,"12,4",,,
218,Stage2,21.48,18.84,,,,,,,"12,4",0,,
218,PowerOpt,21.48,18.84,18.84,,,,"169.82,47.01,25.09,6.69,5.69,0.83,0.31,0.19,0.13,0.06,0.06,0.02,0.01","2.00,0.00","12,4",0,,
218,Stage3,21.48,18.84,18.84,17.47,,,,,"12,4",0,"55,8,55",
218,Stage3_PowerOpt,21.48,18.84,18.84,,17.47,,"42.80,11.56,6.37,1.64,1.26,0.20,0.07,0.04,0.03","2.00,0.00","12,4",0,"55,8,55",
218,Stage4,21.48,18.84,18.84,,17.47,9.75;11.11;11.97;12.56;12.97;13.25;13.41;13.51;13.63;13.81;14.01;14.21;14.38;14.52;14.60;14.66;14.72;14.82;14.94;15.06;15.17;15.26;15.32;15.36;15.40;15.47;15.55;15.63;15.71;15.78;15.83;15.86;15.90;15.96;16.02;16.09;16.15;16.22;16.28;16.35;16.41;16.47;16.53;16.59;16.65,,,"12,4",0,"55,8,55","55,55,55,55,55,55,55,55,55,55,55,55,55,55,55,55,55,55,55,55,55,55,55,55,55,55,55,55,55,55,55,55,8,8,55,55,55,8,8,8,8,8,8,8,55"
226,Stage1,51.34,,,,,,,,5,,,
226,Stage2,51.34,15.85,,,,,,,5,12,,
226,PowerOpt,51.34,15.85,15.85,,,,"138.08,59.79,32.30,6.38,5.41,4.32,3.22,2.55,1.11,0.91,0.62,0.41,0.32,0.19,0.08,0.07,0.04,0.04,0.03,0.02,0.02,0.02",1.00,5,12,,
226,Stage3,51.34,15.85,15.85,15.96,,,,,5,12,39,
226,Stage3_PowerOpt,51.34,15.85,15.85,,15.96,,"33.86,15.36,8.16,1.69,1.48,1.06,0.73,0.69,0.27,0.23,0.18,0.10,0.08,0.05,0.02,0.01,0.01",1.00,5,12,39,
226,Stage4,51.34,15.85,15.85,,15.96,8.20;10.47;11.22;11.73;12.13;12.45;12.71;12.95;13.12;13.26;13.39;13.51;13.62;13.73;13.84;13.95;14.04;14.12;14.19;14.26;14.33;14.40;14.46;14.53;14.60;14.65;14.70;14.75;14.80;14.85;14.90;14.95;15.00;15.04;15.08;15.12;15.16;15.20,,,5,12,39,"39,39,39,39,39,39,39,39,39,39,39,39,39,39,39,39,39,39,39,39,39,39,39,39,39,39,39,39,39,39,39,39,39,39,39,39,39,39"
227,Stage1,51.85,,,,,,,,9,,,
227,Stage2,51.85,16.61,,,,,,,9,12,,
227,PowerOpt,51.85,16.61,16.61,,,,"119.98,72.19,32.71,8.42,5.35,3.39,2.56,2.49,2.45,1.80,0.95,0.74,0.60,0.53,0.44,0.31,0.28,0.22,0.13,0.12,0.06,0.06,0.05,0.03,0.03,0.02,0.01,0.01",1.00,9,12,,
227,Stage3,51.85,16.61,16.61,16.67,,,,,9,12,39,
227,Stage3_PowerOpt,51.85,16.61,16.61,,16.67,,"30.47,19.06,8.28,2.19,1.59,0.63,0.59,0.50,0.19,0.15,0.13,0.09,0.06,0.03,0.01,0.01",1.00,9,12,39,
227,Stage4,51.85,16.61,16.61,,16.67,7.98;11.15;11.94;12.47;12.86;13.16;13.41;13.64;13.82;13.96;14.10;14.22;14.34;14.44;14.54;14.65;14.74;14.82;14.90;14.97;15.04;15.10;15.17;15.24;15.30;15.36;15.41;15.46;15.51;15.56;15.61;15.66;15.71;15.75;15.79;15.83;15.87,,,9,12,39,"39,39,39,39,39,39,39,39,39,39,39,39,39,39,39,39,39,39,39,39,39,39,39,39,39,39,39,39,39,39,39,39,39,39,39,39,39"
228,Stage1,52.77,,,,,,,,"9,5,0",,,
228,Stage2,52.77,38.96,,,,,,,"9,5,0",12,,
228,PowerOpt,52.77,38.96,38.96,,,,"118.72,59.66,31.51,9.43,6.10,5.49,4.79,4.58,4.55,2.61,2.38,1.33,1.06,1.04,0.86,0.51,0.39,0.20,0.18,0.13,0.10,0.09,0.06,0.04,0.04,0.02,0.02,0.01","2.52,0.31,0.16","9,5,0",12,,
228,Stage3,52.77,38.96,38.96,37.90,,,,,"9,5,0",12,"39,39,39,39,32",
228,Stage3_PowerOpt,52.77,38.96,38.96,,37.90,,"30.26,15.43,8.22,2.61,1.99,1.45,1.20,0.72,0.69,0.36,0.31,0.16,0.14,0.13,0.09,0.06,0.06,0.04,0.02,0.01,0.01","2.59,0.32,0.10","9,5,0",12,"39,39,39,39,32",
228,Stage4,52.77,38.96,38.96,,37.90,10.05;16.56;21.19;23.92;25.64;26.90;27.88;28.74;29.28;29.69;30.05;30.39;30.72;31.03;31.34;31.69;31.98;32.21;32.42;32.63;32.83;33.02;33.21;33.44;33.63;33.79;33.93;34.08;34.23;34.37;34.50;34.67;34.82;34.96;35.07;35.18;35.30;35.41;35.52;35.66;35.79;35.89;35.99;36.09,,,"9,5,0",12,"39,39,39,39,32","39,39,39,39,39,39,39,39,32,39,32,39,32,39,32,39,39,39,39,39,39,39,39,39,32,39,39,39,39,32,39,39,39,39,32,39,39,39,39,39,32,39,39,32"
229,Stage1,31.65,,,,,,,,4,,,
229,Stage2,31.65,16.46,,,,,,,4,0,,
229,PowerOpt,31.65,16.46,16.46,,,,"172.22,65.37,14.84,2.21,0.73,0.40,0.07,0.04,0.02,0.02",1.00,4,0,,
229,Stage3,31.65,16.46,16.46,16.44,,,,,4,0,24,
229,Stage3_PowerOpt,31.65,16.46,16.46,,16.44,,"43.06,16.37,3.71,0.55,0.18,0.10,0.01",1.00,4,0,24,
229,Stage4,31.65,16.46,16.46,,16.44,8.04;10.84;11.61;12.16;12.58;12.92;13.19;13.42;13.61;13.75;13.88;13.99;14.10;14.21;14.31;14.42;14.52;14.60;14.68;14.74;14.81;14.87;14.94;15.01;15.08;15.14;15.19;15.23;15.28;15.33;15.38;15.43;15.48;15.52;15.56;15.60;15.64,,,4,0,24,"24,24,24,24,24,24,24,24,24,24,24,24,24,24,24,24,24,24,24,24,24,24,24,24,24,24,24,24,24,24,24,24,24,24,24,24,24"
230,Stage1,31.97,,,,,,,,0,,,
230,Stage2,31.97,16.43,,,,,,,0,0,,
230,PowerOpt,31.97,16.43,16.43,,,,"196.60,52.70,3.92,1.95,0.39,0.21,0.09,0.04,0.01",1.00,0,0,,
230,Stage3,31.97,16.43,16.43,16.43,,,,,0,0,24,
230,Stage3_PowerOpt,31.97,16.43,16.43,,16.43,,"49.18,13.18,0.98,0.48,0.10,0.05,0.01",1.00,0,0,24,
230,Stage4,31.97,16.43,16.43,,16.43,7.96;10.82;11.57;12.11;12.53;12.88;13.16;13.41;13.61;13.75;13.87;13.98;14.08;14.19;14.30;14.41;14.51;14.60;14.67;14.73;14.79;14.85;14.92;14.99;15.07;15.12;15.17;15.22;15.26;15.31;15.36;15.41;15.47;15.51;15.55;15.59;15.62,,,0,0,24,"24,24,24,24,24,24,24,24,24,24,24,24,24,24,24,24,24,24,24,24,24,24,24,24,24,24,24,24,24,24,24,24,24,24,24,24,24"
231,Stage1,32.49,,,,,,,,4,,,
231,Stage2,32.49,16.31,,,,,,,4,0,,
231,PowerOpt,32.49,16.31,16.31,,,,"209.20,36.37,6.10,3.34,0.37,0.24,0.20,0.06,0.02",1.00,4,0,,
231,Stage3,32.49,16.31,16.31,16.30,,,,,4,0,24,
231,Stage3_PowerOpt,32.49,16.31,16.31,,16.30,,"52.34,9.10,1.53,0.83,0.09,0.06,0.03",1.00,4,0,24,
231,Stage4,32.49,16.31,16.31,,16.30,8.03;10.71;11.43;11.95;12.37;12.71;13.00;13.25;13.44;13.59;13.71;13.82;13.93;14.03;14.14;14.26;14.36;14.44;14.52;14.58;14.64;14.71;14.78;14.85;14.92;14.98;15.03;15.08;15.12;15.17;15.22;15.27;15.33;15.37;15.41;15.45;15.48;15.52,,,4,0,24,"24,24,24,24,24,24,24,24,24,24,24,24,24,24,24,24,24,24,24,24,24,24,24,24,24,24,24,24,24,24,24,24,24,24,24,24,24,24"
232,Stage1,47.06,,,,,,,,4,,,
232,Stage2,47.06,16.17,,,,,,,4,0,,
232,PowerOpt,47.06,16.17,16.17,,,,"179.32,48.85,5.40,4.98,3.06,2.53,2.16,1.57,1.44,0.98,0.77,0.76,0.64,0.54,0.49,0.43,0.32,0.24,0.23,0.18,0.15,0.14,0.13,0.10,0.08,0.07,0.06,0.05,0.05,0.04,0.03,0.03,0.03,0.02,0.02,0.01,0.01",1.00,4,0,,
232,Stage3,47.06,16.17,16.17,16.00,,,,,4,0,32,
232,Stage3_PowerOpt,47.06,16.17,16.17,,16.00,,"47.34,12.86,1.43,1.32,0.42,0.20,0.13,0.06,0.05,0.04,0.04,0.02,0.02,0.01,0.01",1.00,4,0,32,
232,Stage4,47.06,16.17,16.17,,16.00,8.20;10.54;11.25;11.77;12.17;12.50;12.77;13.00;13.18;13.33;13.46;13.57;13.68;13.79;13.89;14.00;14.10;14.18;14.25;14.32;14.38;14.45;14.52;14.59;14.65;14.71;14.76;14.81;14.85;14.90;14.95;15.00;15.05;15.10;15.14;15.17;15.21,,,4,0,32,"32,32,32,32,32,32,32,32,32,32,32,32,32,32,32,32,32,32,32,32,32,32,32,32,32,32,32,32,32,32,32,32,32,32,32,32,32"
233,Stage1,38.74,,,,,,,,0,,,
233,Stage2,38.74,16.70,,,,,,,0,0,,
233,PowerOpt,38.74,16.70,16.70,,,,"197.68,46.10,7.72,3.02,0.61,0.34,0.25,0.12,0.04,0.02,0.01,0.01,0.01",1.00,0,0,,
233,Stage3,38.74,16.70,16.70,16.64,,,,,0,0,56,
233,Stage3_PowerOpt,38.74,16.70,16.70,,16.64,,"49.60,11.57,1.94,0.75,0.08,0.03,0.01",1.00,0,0,56,
233,Stage4,38.74,16.70,16.70,,16.64,7.59;11.16;11.88;12.39;12.79;13.11;13.38;13.61;13.80;13.95;14.07;14.18;14.29;14.40;14.50;14.61;14.71;14.79;14.87;14.93;15.00;15.06;15.13;15.20;15.27;15.32;15.38;15.42;15.47;15.52;15.57;15.62;15.67;15.71;15.75;15.79;15.83,,,0,0,56,"56,56,56,56,56,56,56,56,56,56,56,56,56,56,56,56,56,56,56,56,56,56,56,56,56,56,56,56,56,56,56,56,56,56,56,56,56"
234,Stage1,39.51,,,,,,,,"4,9",,,
234,Stage2,39.51,24.12,,,,,,,"4,9",0,,
234,PowerOpt,39.51,24.12,24.12,,,,"190.31,55.65,5.82,1.70,0.83,0.60,0.39,0.28,0.13,0.08,0.06,0.04,0.02,0.02","1.98,0.02","4,9",0,,
234,Stage3,39.51,24.12,24.12,24.07,,,,,"4,9",0,32,
234,Stage3_PowerOpt,39.51,24.12,24.12,,24.07,,"47.58,13.92,1.45,0.43,0.21,0.15,0.09,0.07,0.03,0.02,0.01","1.98,0.02","4,9",0,32,
234,Stage4,39.51,24.12,24.12,,24.07,7.90;12.22;13.90;15.07;16.04;16.81;17.46;18.01;18.37;18.65;18.87;19.09;19.31;19.52;19.75;19.98;20.17;20.33;20.47;20.60;20.73;20.86;20.99;21.14;21.28;21.39;21.49;21.58;21.68;21.77;21.87;21.97;22.08;22.17;22.25;22.32;22.40;22.47;22.55;22.63;22.72;22.80;22.86;22.92,,,"4,9",0,32,"32,32,32,32,32,32,32,32,32,32,32,32,32,32,32,32,32,32,32,32,32,32,32,32,32,32,32,32,32,32,32,32,32,32,32,32,32,32,32,32,32,32,32,32"
235,Stage1,29.52,,,,,,,,"0,8",,,
235,Stage2,29.52,24.39,,,,,,,"0,8",0,,
235,PowerOpt,29.52,24.39,24.39,,,,"197.97,44.17,9.18,2.26,1.60,0.52,0.17,0.05,0.01,0.01","1.98,0.02","0,8",0,,
235,Stage3,29.52,24.39,24.39,24.31,,,,,"0,8",0,32,
235,Stage3_PowerOpt,29.52,24.39,24.39,,24.31,,"49.53,11.02,2.29,0.56,0.40,0.13,0.04,0.01","1.98,0.02","0,8",0,32,
235,Stage4,29.52,24.39,24.39,,24.31,10.52;13.74;15.31;16.24;16.96;17.52;17.96;18.29;18.60;18.93;19.23;19.48;19.73;19.94;20.12;20.29;20.46;20.64;20.80;20.95;21.10;21.23;21.35;21.46;21.58;21.70;21.81;21.92;22.03;22.13;22.22;22.30;22.39;22.47;22.56;22.65;22.73;22.81;22.88;22.95;23.02;23.09;23.16,,,"0,8",0,32,"32,32,32,32,32,32,32,32,32,32,32,32,32,32,32,32,32,32,32,32,32,32,32,32,32,32,32,32,32,32,32,32,32,32,32,32,32,32,32,32,32,32,32"
236,Stage1,31.96,,,,,,,,"12,5",,,
236,Stage2,31.96,24.57,,,,,,,"12,5",0,,
236,PowerOpt,31.96,24.57,24.57,,,,"153.44,81.17,16.15,3.01,1.32,0.60,0.20,0.03,0.01","1.96,0.04","12,5",0,,
236,Stage3,31.96,24.57,24.57,24.51,,,,,"12,5",0,32,
236,Stage3_PowerOpt,31.96,24.57,24.57,,24.51,,"38.38,20.28,4.04,0.75,0.33,0.15,0.05","1.96,0.04","12,5",0,32,
236,Stage4,31.96,24.57,24.57,,24.51,10.38;13.66;15.29;16.35;17.12;17.68;18.12;18.47;18.77;19.09;19.39;19.66;19.91;20.12;20.31;20.47;20.64;20.81;20.97;21.14;21.29;21.43;21.54;21.65;21.77;21.88;22.00;22.11;22.22;22.32;22.41;22.49;22.58;22.66;22.75;22.84;22.93;23.01;23.08;23.15;23.21;23.28;23.35,,,"12,5",0,32,"32,32,32,32,32,32,32,32,32,32,32,32,32,32,32,32,32,32,32,32,32,32,32,32,32,32,32,32,32,32,32,32,32,32,32,32,32,32,32,32,32,32,32"
237,Stage1,42.14,,,,,,,,0,,,
237,Stage2,42.14,16.71,,,,,,,0,0,,
237,PowerOpt,42.14,16.71,16.71,,,,"165.49,64.68,24.01,1.56,0.14,0.06,0.02",1.00,0,0,,
237,Stage3,42.14,16.71,16.71,16.69,,,,,0,0,32,
237,Stage3_PowerOpt,42.14,16.71,16.71,,16.69,,"41.39,16.16,6.00,0.39,0.03,0.01",1.00,0,0,32,
237,Stage4,42.14,16.71,16.71,,16.69,9.86;11.51;12.22;12.73;13.09;13.35;13.54;13.67;13.81;13.97;14.13;14.28;14.41;14.52;14.61;14.68;14.75;14.83;14.92;15.01;15.09;15.17;15.22;15.27;15.31;15.37;15.43;15.50;15.56;15.61;15.65;15.69;15.72;15.77;15.81;15.86,,,0,0,32,"32,32,32,32,32,32,32,32,32,32,32,32,32,32,32,32,32,32,32,32,32,32,32,32,32,32,32,32,32,32,32,32,32,32,32,32"
238,Stage1,43.89,,,,,,,,"0,4,8",,,
238,Stage2,43.89,38.71,,,,,,,"0,4,8",0,,
238,PowerOpt,43.89,38.71,38.71,,,,"200.34,44.55,5.63,3.78,1.25,0.26,0.10,0.02","2.28,0.72,0.00","0,4,8",0,,
238,Stage3,43.89,38.71,38.71,38.69,,,,,"0,4,8",0,32,
238,Stage3_PowerOpt,43.89,38.71,38.71,,38.69,,"50.11,11.14,1.40,0.93,0.31,0.06,0.02","2.28,0.72,0.00","0,4,8",0,32,
238,Stage4,43.89,38.71,38.71,,38.69,9.94;18.60;22.37;24.71;26.31;27.60;28.58;29.36;29.87;30.31;30.70;31.08;31.43;31.75;32.06;32.37;32.66;32.91;33.14;33.36;33.57;33.78;33.96;34.16;34.37;34.54;34.70;34.87;35.02;35.17;35.31;35.45;35.62;35.75;35.87;36.01;36.13;36.25;36.36;36.48;36.61;36.72;36.82,,,"0,4,8",0,32,"32,32,32,32,32,32,32,32,32,32,32,32,32,32,32,32,32,32,32,32,32,32,32,32,32,32,32,32,32,32,32,32,32,32,32,32,32,32,32,32,32,32,32"
239,Stage1,31.63,,,,,,,,"0,8,8",,,
239,Stage2,31.63,26.57,,,,,,,"0,8,8",0,,
239,PowerOpt,31.63,26.57,26.57,,,,"204.27,47.45,2.72,1.15,0.26,0.06,0.02,0.02","2.98,0.01,0.00","0,8,8",0,,
239,Stage3,31.63,26.57,26.57,26.54,,,,,"0,8,8",0,32,
239,Stage3_PowerOpt,31.63,26.57,26.57,,26.54,,"51.08,11.85,0.68,0.28,0.06,0.02","2.98,0.01,0.00","0,8,8",0,32,
239,Stage4,31.63,26.57,26.57,,26.54,11.23;15.62;17.20;18.23;19.03;19.65;20.13;20.51;20.81;21.12;21.41;21.67;21.91;22.14;22.33;22.51;22.67;22.84;23.01;23.16;23.31;23.45;23.57;23.69;23.80;23.92;24.03;24.14;24.24;24.35;24.44;24.53;24.61;24.70;24.79;24.87;24.95;25.03;25.11;25.18;25.25,,,"0,8,8",0,32,"32,32,32,32,32,32,32,32,32,32,32,32,32,32,32,32,32,32,32,32,32,32,32,32,32,32,32,32,32,32,32,32,32,32,32,32,32,32,32,32,32"
240,Stage1,31.38,,,,,,,,"0,8,8",,,
240,Stage2,31.38,26.73,,,,,,,"0,8,8",0,,
240,PowerOpt,31.38,26.73,26.73,,,,"201.71,47.24,5.96,0.77,0.17,0.05,0.03,0.01","2.99,0.01,0.00","0,8,8",0,,
240,Stage3,31.38,26.73,26.73,26.72,,,,,"0,8,8",0,32,
240,Stage3_PowerOpt,31.38,26.73,26.73,,26.72,,"50.44,11.81,1.49,0.19,0.04,0.01","2.99,0.01,0.00","0,8,8",0,32,
240,Stage4,31.38,26.73,26.73,,26.72,11.51;16.01;17.53;18.52;19.29;19.87;20.32;20.67;20.98;21.32;21.61;21.86;22.10;22.32;22.51;22.67;22.84;23.02;23.19;23.34;23.49;23.62;23.74;23.85;23.97;24.09;24.20;24.31;24.42;24.52;24.61;24.69;24.78;24.87;24.96;25.04;25.13;25.21;25.28;25.35;25.42,,,"0,8,8",0,32,"32,32,32,32,32,32,32,32,32,32,32,32,32,32,32,32,32,32,32,32,32,32,32,32,32,32,32,32,32,32,32,32,32,32,32,32,32,32,32,32,32"
248,Stage1,31.62,,,,,,,,"12,4,4",,,
248,Stage2,31.62,26.39,,,,,,,"12,4,4",0,,
248,PowerOpt,31.62,26.39,26.39,,,,"213.33,28.04,9.38,2.10,1.86,0.48,0.38,0.13,0.09,0.03,0.03,0.03,0.02","3.00,0.00,0.00","12,4,4",0,,
248,Stage3,31.62,26.39,26.39,24.62,,,,,"12,4,4",0,"0,0,0,0,15",
248,Stage3_PowerOpt,31.62,26.39,26.39,,24.62,,"53.23,7.16,2.28,0.56,0.50,0.13,0.09,0.02,0.02","3.00,0.00,0.00","12,4,4",0,"0,0,0,0,15",
248,Stage4,31.62,26.39,26.39,,24.62,9.82;12.58;14.30;15.71;16.66;17.29;17.74;18.08;18.42;18.75;19.12;19.47;19.74;19.97;20.16;20.34;20.53;20.70;20.90;21.11;21.29;21.43;21.55;21.67;21.79;21.90;22.04;22.19;22.33;22.43;22.53;22.62;22.70;22.78;22.88;22.99;23.09;23.18;23.25;23.32;23.39;23.46,,,"12,4,4",0,"0,0,0,0,15","15,0,0,0,0,0,0,0,0,15,15,15,15,0,0,0,0,0,0,15,15,0,0,0,0,0,0,0,15,15,0,0,0,0,0,15,15,0,0,0,0,0"
249,Stage1,31.23,,,,,,,,"0,8",,,
249,Stage2,31.23,24.70,,,,,,,"0,8",0,,
249,PowerOpt,31.23,24.70,24.70,,,,"185.89,40.50,15.64,7.84,2.20,1.52,0.79,0.74,0.32,0.17,0.07,0.05,0.04,0.04,0.04,0.03,0.02,0.01,0.01","1.98,0.02","0,8",0,,
249,Stage3,31.23,24.70,24.70,23.61,,,,,"0,8",0,0,
249,Stage3_PowerOpt,31.23,24.70,24.70,,23.61,,"46.95,10.14,4.03,1.93,0.38,0.20,0.18,0.07,0.06,0.02","1.99,0.01","0,8",0,0,
249,Stage4,31.23,24.70,24.70,,23.61,9.29;11.70;13.47;14.70;15.57;16.24;16.77;17.20;17.55;17.82;18.09;18.38;18.66;18.91;19.12;19.31;19.51;19.68;19.84;20.00;20.17;20.33;20.47;20.59;20.73;20.85;20.97;21.08;21.20;21.31;21.42;21.51;21.61;21.71;21.80;21.89;21.98;22.07;22.15;22.22;22.30;22.38;22.45,,,"0,8",0,0,"0,0,0,0,0,0,0,0,0,0,0,0,0,0,0,0,0,0,0,0,0,0,0,0,0,0,0,0,0,0,0,0,0,0,0,0,0,0,0,0,0,0,0"
250,Stage1,31.61,,,,,,,,"0,8",,,
250,Stage2,31.61,24.81,,,,,,,"0,8",0,,
250,PowerOpt,31.61,24.81,24.81,,,,"161.20,37.26,35.30,7.74,5.99,3.32,1.94,1.15,0.75,0.37,0.30,0.22,0.11,0.08,0.06,0.04,0.03,0.02,0.02,0.01","1.99,0.01","0,8",0,,
250,Stage3,31.61,24.81,24.81,24.31,,,,,"0,8",0,0,
250,Stage3_PowerOpt,31.61,24.81,24.81,,24.31,,"40.66,9.59,8.91,1.94,1.47,0.81,0.29,0.10,0.08,0.06,0.03,0.02","1.99,0.01","0,8",0,0,
250,Stage4,31.61,24.81,24.81,,24.31,7.96;10.75;12.96;14.58;15.76;16.60;17.20;17.62;17.91;18.21;18.55;18.91;19.26;19.55;19.78;19.95;20.08;20.24;20.41;20.61;20.81;20.98;21.12;21.23;21.33;21.45;21.58;21.73;21.87;21.99;22.09;22.17;22.25;22.34;22.44;22.55;22.66;22.75;22.83;22.89;22.96;23.03;23.11,,,"0,8",0,0,"0,0,0,0,0,0,0,0,0,0,0,0,0,0,0,0,0,0,0,0,0,0,0,0,0,0,0,0,0,0,0,0,0,0,0,0,0,0,0,0,0,0,0"
251,Stage1,31.81,,,,,,,,"0,8",,,
251,Stage2,31.81,24.88,,,,,,,"0,8",0,,
251,PowerOpt,31.81,24.88,24.88,,,,"184.18,37.41,18.15,5.72,4.32,3.33,0.82,0.61,0.53,0.27,0.18,0.15,0.06,0.05,0.04,0.04,0.02,0.02,0.01,0.01","1.98,0.02","0,8",0,,
251,Stage3,31.81,24.88,24.88,24.74,,,,,"0,8",0,0,
251,Stage3_PowerOpt,31.81,24.88,24.88,,24.74,,"46.98,9.52,4.57,1.43,1.10,0.19,0.10,0.05,0.04,0.01","1.99,0.01","0,8",0,0,
251,Stage4,31.81,24.88,24.88,,24.74,9.57;11.98;13.88;15.29;16.31;17.06;17.61;18.02;18.31;18.61;18.93;19.26;19.58;19.86;20.10;20.30;20.47;20.65;20.84;21.04;21.23;21.40;21.55;21.68;21.80;21.92;22.05;22.18;22.31;22.43;22.54;22.63;22.71;22.79;22.89;22.99;23.09;23.18;23.26;23.34;23.40;23.47;23.54,,,"0,8",0,0,"0,0,0,0,0,0,0,0,0,0,0,0,0,0,0,0,0,0,0,0,0,0,0,0,0,0,0,0,0,0,0,0,0,0,0,0,0,0,0,0,0,0,0"
252,Stage1,23.96,,,,,,,,"0,15",,,
252,Stage2,23.96,18.97,,,,,,,"0,15",12,,
252,PowerOpt,23.96,18.97,18.97,,,,"165.05,38.72,21.43,8.73,7.61,4.36,2.83,1.91,1.30,0.78,0.71,0.62,0.52,0.44,0.16,0.12,0.11,0.10,0.07,0.07,0.06,0.04,0.03,0.02,0.02,0.02,0.01,0.01,0.01","1.99,0.01","0,15",12,,
252,Stage3,23.96,18.97,18.97,18.94,,,,,"0,15",12,7,
252,Stage3_PowerOpt,23.96,18.97,18.97,,18.94,,"42.25,11.48,4.54,1.72,1.18,0.63,0.53,0.33,0.28,0.21,0.17,0.13,0.09,0.08,0.07,0.05,0.04,0.03,0.03,0.02,0.02,0.02,0.02,0.01","1.99,0.01","0,15",12,7,
252,Stage4,23.96,18.97,18.97,,18.94,11.42;12.53;13.17;13.61;13.92;14.13;14.27;14.36;14.55;14.75;14.94;15.10;15.24;15.35;15.44;15.49;15.59;15.69;15.80;15.91;16.00;16.09;16.15;16.20;16.27;16.36;16.47;16.58;16.66;16.74;16.79;16.83;16.89;16.97;17.07;17.17;17.26;17.34;17.39;17.42;17.47;17.53;17.61;17.70;17.80;17.88;17.94;17.98;18.00,,,"0,15",12,7,"7,7,7,7,7,7,7,7,7,7,7,7,7,7,7,7,7,7,7,7,7,7,7,7,7,7,7,7,7,7,7,7,7,7,7,7,7,7,7,7,7,7,7,7,7,7,7,7,7"
253,Stage1,21.90,,,,,,,,12,,,
253,Stage2,21.90,16.91,,,,,,,12,12,,
253,PowerOpt,21.90,16.91,16.91,,,,"145.34,35.52,31.63,20.58,6.64,5.09,4.09,2.11,1.37,1.03,0.49,0.42,0.34,0.18,0.12,0.11,0.10,0.08,0.08,0.07,0.06,0.06,0.05,0.04,0.04,0.03,0.03,0.03,0.03,0.03,0.02,0.02,0.02,0.01,0.01,0.01,0.01",1.00,12,12,,
253,Stage3,21.90,16.91,16.91,16.98,,,,,12,12,7,
253,Stage3_PowerOpt,21.90,16.91,16.91,,16.98,,"30.21,9.79,8.83,4.23,2.24,1.82,1.01,0.91,0.84,0.56,0.50,0.42,0.35,0.30,0.25,0.24,0.21,0.20,0.19,0.16,0.11,0.10,0.08,0.08,0.07,0.05,0.04,0.04,0.03,0.02,0.02,0.02,0.02,0.01,0.01",1.00,12,12,7,
253,Stage4,21.90,16.91,16.91,,16.98,9.61;11.01;11.89;12.51;12.96;13.28;13.50;13.65;13.75;13.91;14.10;14.29;14.46;14.61;14.72;14.79;14.85;14.94;15.05;15.17;15.28;15.37;15.44;15.49;15.54;15.60;15.67;15.76;15.83;15.90;15.95;15.99;16.02;16.07;16.12;16.18,,,12,12,7,"7,7,7,7,7,7,7,7,7,7,7,7,7,7,7,7,7,7,7,7,7,7,7,7,7,7,7,7,7,7,7,7,7,7,7,7"
254,Stage1,19.44,,,,,,,,12,,,
254,Stage2,19.44,16.93,,,,,,,12,12,,
254,PowerOpt,19.44,16.93,16.93,,,,"142.61,47.34,25.84,16.96,7.91,6.28,3.03,2.42,0.65,0.57,0.47,0.37,0.35,0.18,0.11,0.10,0.08,0.08,0.07,0.07,0.06,0.05,0.04,0.04,0.04,0.03,0.03,0.02,0.02,0.02,0.02,0.02,0.01,0.01",1.00,12,12,,
254,Stage3,19.44,16.93,16.93,16.80,,,,,12,12,7,
254,Stage3_PowerOpt,19.44,16.93,16.93,,16.80,,"29.86,9.42,8.04,3.59,2.89,2.44,1.34,1.19,0.93,0.71,0.54,0.44,0.43,0.34,0.29,0.26,0.20,0.18,0.16,0.12,0.10,0.09,0.07,0.07,0.06,0.05,0.05,0.03,0.02,0.02,0.02,0.01",1.00,12,12,7,
254,Stage4,19.44,16.93,16.93,,16.80,9.95;11.18;11.94;12.48;12.88;13.18;13.41;13.58;13.71;13.87;14.03;14.20;14.35;14.48;14.59;14.67;14.74;14.83;14.93;15.02;15.12;15.20;15.27;15.33;15.38;15.44;15.50;15.57;15.64;15.70;15.75;15.79;15.83;15.88;15.93;15.98,,,12,12,7,"7,7,7,7,7,7,7,7,7,7,7,7,7,7,7,7,7,7,7,7,7,7,7,7,7,7,7,7,7,7,7,7,7,7,7,7"
255,Stage1,23.08,,,,,,,,"12,4,4",,,
255,Stage2,23.08,20.42,,,,,,,"12,4,4",12,,
255,PowerOpt,23.08,20.42,20.42,,,,"180.96,32.78,28.28,6.56,2.80,1.63,1.02,0.81,0.52,0.21,0.13,0.08,0.06,0.04,0.02,0.01,0.01","2.97,0.03,0.00","12,4,4",12,,
255,Stage3,23.08,20.42,20.42,19.78,,,,,"12,4,4",12,63,
255,Stage3_PowerOpt,23.08,20.42,20.42,,19.78,,"44.80,7.88,6.90,1.85,1.04,0.51,0.35,0.23,0.16,0.08,0.06,0.05,0.02,0.02,0.01,0.01","2.95,0.05,0.00","12,4,4",12,63,
255,Stage4,23.08,20.42,20.42,,19.78,9.86;11.22;12.10;12.72;13.13;13.41;13.66;13.93;14.20;14.46;14.71;14.95;15.18;15.37;15.55;15.74;15.94;16.10;16.26;16.42;16.56;16.69;16.81;16.95;17.11;17.23;17.35;17.46;17.56;17.65;17.74;17.85;17.97;18.07;18.16;18.24;18.32;18.39;18.45;18.53;18.63;18.71;18.78;18.84,,,"12,4,4",12,63,"63,63,63,63,63,63,63,63,63,63,63,63,63,63,63,63,63,63,63,63,63,63,63,63,63,63,63,63,63,63,63,63,63,63,63,63,63,63,63,63,63,63,63,63"
256,Stage1,19.11,,,,,,,,15,,,
256,Stage2,19.11,16.92,,,,,,,15,12,,
256,PowerOpt,19.11,16.92,16.92,,,,"164.46,41.30,24.15,8.33,6.37,3.84,2.03,1.56,0.78,0.70,0.26,0.24,0.23,0.21,0.18,0.13,0.13,0.12,0.11,0.10,0.08,0.06,0.06,0.06,0.05,0.05,0.04,0.04,0.03,0.03,0.03,0.02,0.02,0.02,0.02,0.01,0.01",1.00,15,12,,
256,Stage3,19.11,16.92,16.92,17.07,,,,,15,12,63,
256,Stage3_PowerOpt,19.11,16.92,16.92,,17.07,,"37.69,9.44,5.59,2.74,1.79,1.03,0.97,0.89,0.73,0.45,0.44,0.37,0.35,0.31,0.25,0.18,0.13,0.11,0.10,0.07,0.07,0.06,0.04,0.04,0.03,0.03,0.02,0.02,0.01,0.01",1.00,15,12,63,
256,Stage4,19.11,16.92,16.92,,17.07,10.24;11.42;12.17;12.71;13.12;13.42;13.62;13.76;13.90;14.06;14.24;14.42;14.58;14.72;14.82;14.89;14.96;15.06;15.16;15.27;15.37;15.46;15.53;15.58;15.63;15.69;15.76;15.84;15.92;15.98;16.03;16.07;16.10;16.15;16.20;16.26,,,15,12,63,"63,63,63,63,63,63,63,63,63,63,63,63,63,63,63,63,63,63,63,63,63,63,63,63,63,63,63,63,63,63,63,63,63,63,63,63"
257,Stage1,21.39,,,,,,,,"15,4",,,
257,Stage2,21.39,18.81,,,,,,,"15,4",12,,
257,PowerOpt,21.39,18.81,18.81,,,,"185.39,37.84,21.86,4.00,3.27,1.37,0.74,0.62,0.15,0.14,0.11,0.07,0.07,0.06,0.05,0.03,0.03,0.02,0.02,0.01,0.01,0.01","1.98,0.02","15,4",12,,
257,Stage3,21.39,18.81,18.81,18.24,,,,,"15,4",12,63,
257,Stage3_PowerOpt,21.39,18.81,18.81,,18.24,,"42.97,8.67,5.94,2.86,0.76,0.63,0.37,0.30,0.24,0.17,0.15,0.14,0.12,0.10,0.08,0.06,0.05,0.05,0.04,0.04,0.04,0.03,0.02,0.02,0.02,0.01,0.01,0.01,0.01","1.94,0.06","15,4",12,63,
257,Stage4,21.39,18.81,18.81,,18.24,10.28;11.47;12.19;12.67;12.98;13.18;13.30;13.36;13.57;13.79;14.02;14.23;14.39;14.51;14.58;14.63;14.73;14.85;14.98;15.11;15.23;15.32;15.38;15.42;15.48;15.55;15.65;15.75;15.86;15.95;16.02;16.07;16.12;16.18;16.26;16.35;16.45;16.55;16.63;16.68;16.74;16.79;16.85;16.93;17.02;17.11;17.19;17.25;17.31;17.36,,,"15,4",12,63,"63,63,63,63,63,63,63,63,63,63,63,63,63,63,63,63,63,63,63,63,63,63,63,63,63,63,63,63,63,63,63,63,63,63,63,63,63,63,63,63,63,63,63,63,63,63,63,63,63,63"
258,Stage1,22.46,,,,,,,,"12,4",,,
258,Stage2,22.46,19.67,,,,,,,"12,4",0,,
258,PowerOpt,22.46,19.67,19.68,,,,"142.83,56.34,37.88,11.25,5.55,1.23,0.42,0.15,0.12,0.07,0.03,0.01,0.01,0.01","2.00,0.00","12,4",0,,
258,Stage3,22.46,19.67,19.68,18.31,,,,,"12,4",0,"55,8,55,8,55",
258,Stage3_PowerOpt,22.46,19.67,19.68,,18.31,,"35.33,13.96,9.92,2.85,1.42,0.32,0.11,0.04,0.03","2.00,0.00","12,4",0,"55,8,55,8,55",
258,Stage4,22.46,19.67,19.68,,18.31,10.34;11.75;12.60;13.14;13.47;13.64;13.71;13.72;13.84;14.03;14.26;14.47;14.63;14.73;14.77;14.78;14.83;14.92;15.05;15.18;15.29;15.37;15.41;15.45;15.57;15.70;15.83;15.95;16.07;16.18;16.29;16.39;16.49;16.57;16.65;16.75;16.85;16.93;17.00;17.08;17.15;17.22;17.29;17.37;17.45,,,"12,4",0,"55,8,55,8,55","55,55,55,55,55,55,55,55,55,55,55,55,55,55,55,55,55,55,55,55,55,55,55,8,8,8,8,8,8,8,8,8,8,8,55,55,55,8,8,8,8,8,8,55,55"
266,Stage1,51.76,,,,,,,,5,,,
266,Stage2,51.76,15.57,,,,,,,5,0,,
266,PowerOpt,51.76,15.57,15.57,,,,"88.14,73.49,45.46,16.18,13.86,6.77,4.07,2.58,1.80,1.39,0.97,0.44,0.17,0.13,0.10,0.08,0.07,0.06,0.06,0.04,0.03,0.02,0.02,0.02,0.01",1.00,5,0,,
266,Stage3,51.76,15.57,15.57,15.54,,,,,5,0,32,
266,Stage3_PowerOpt,51.76,15.57,15.57,,15.54,,"22.22,18.31,11.33,4.05,3.44,1.66,1.04,0.64,0.44,0.34,0.24,0.10,0.04,0.03,0.02,0.02,0.02,0.01,0.01",1.00,5,0,32,
266,Stage4,51.76,15.57,15.57,,15.54,8.00;9.92;10.72;11.25;11.65;11.96;12.24;12.47;12.64;12.78;12.91;13.03;13.15;13.26;13.37;13.48;13.57;13.65;13.72;13.80;13.87;13.94;14.01;14.07;14.14;14.19;14.25;14.30;14.35;14.40;14.45;14.50;14.55;14.59;14.64;14.68;14.72;14.76;14.80,,,5,0,32,"32,32,32,32,32,32,32,32,32,32,32,32,32,32,32,32,32,32,32,32,32,32,32,32,32,32,32,32,32,32,32,32,32,32,32,32,32,32,32"
267,Stage1,51.28,,,,,,,,5,,,
267,Stage2,51.28,15.49,,,,,,,5,0,,
267,PowerOpt,51.28,15.49,15.49,,,,"124.67,45.46,35.58,16.76,8.54,6.97,4.67,3.71,2.60,1.62,1.57,0.95,0.89,0.65,0.36,0.26,0.11,0.10,0.08,0.08,0.07,0.06,0.04,0.04,0.03,0.02,0.02,0.02,0.01,0.01",1.00,5,0,,
267,Stage3,51.28,15.49,15.49,15.41,,,,,5,0,32,
267,Stage3_PowerOpt,51.28,15.49,15.49,,15.41,,"32.26,11.57,9.10,4.30,2.18,1.74,1.22,0.65,0.40,0.22,0.16,0.06,0.03,0.02,0.01",1.00,5,0,32,
267,Stage4,51.28,15.49,15.49,,15.41,8.05;9.98;10.75;11.25;11.62;11.92;12.16;12.37;12.55;12.70;12.83;12.96;13.07;13.18;13.27;13.37;13.47;13.55;13.63;13.70;13.77;13.83;13.90;13.96;14.02;14.08;14.14;14.19;14.24;14.29;14.33;14.38;14.43;14.47;14.52;14.56;14.60;14.63;14.67,,,5,0,32,"32,32,32,32,32,32,32,32,32,32,32,32,32,32,32,32,32,32,32,32,32,32,32,32,32,32,32,32,32,32,32,32,32,32,32,32,32,32,32"
268,Stage1,51.00,,,,,,,,"5,9,9",,,
268,Stage2,51.00,37.21,,,,,,,"5,9,9",0,,
268,PowerOpt,51.00,37.21,37.21,,,,"86.46,64.71,44.32,27.10,11.81,4.86,3.25,2.98,2.71,1.76,1.27,1.20,1.03,0.71,0.47,0.37,0.23,0.14,0.13,0.12,0.08,0.07,0.06,0.04,0.02,0.02,0.01,0.01","2.21,0.69,0.11","5,9,9",0,,
268,Stage3,51.00,37.21,37.21,36.58,,,,,"5,9,9",0,"32,39,32,32,39",
268,Stage3_PowerOpt,51.00,37.21,37.21,,36.58,,"17.46,15.75,11.37,7.78,5.33,1.58,1.28,0.97,0.80,0.46,0.35,0.25,0.17,0.13,0.09,0.07,0.04,0.03,0.02,0.02,0.01","2.27,0.64,0.09","5,9,9",0,"32,39,32,32,39",
268,Stage4,51.00,37.21,37.21,,36.58,9.28;15.67;19.98;22.56;24.25;25.40;26.43;27.34;27.88;28.30;28.68;29.03;29.37;29.70;30.03;30.38;30.68;30.90;31.11;31.32;31.52;31.71;31.91;32.13;32.34;32.50;32.65;32.79;32.93;33.07;33.22;33.38;33.55;33.67;33.79;33.91;34.02;34.13;34.25;34.38;34.53;34.63;34.73;34.82,,,"5,9,9",0,"32,39,32,32,39","32,39,32,39,32,39,32,32,39,32,39,32,39,32,39,32,32,32,32,39,32,32,39,39,32,39,32,39,32,32,32,32,32,39,39,32,39,39,39,39,32,32,32,32"
269,Stage1,38.08,,,,,,,,4,,,
269,Stage2,38.08,16.50,,,,,,,4,0,,
269,PowerOpt,38.08,16.50,16.50,,,,"170.85,52.89,26.76,2.27,1.22,0.73,0.58,0.48,0.07,0.02,0.01,0.01",1.00,4,0,,
269,Stage3,38.08,16.50,16.50,16.48,,,,,4,0,24,
269,Stage3_PowerOpt,38.08,16.50,16.50,,16.48,,"42.86,13.27,6.72,0.56,0.19,0.16,0.14,0.06",1.00,4,0,24,
269,Stage4,38.08,16.50,16.50,,16.48,8.02;10.89;11.64;12.17;12.57;12.91;13.20;13.46;13.64;13.78;13.91;14.02;14.13;14.23;14.34;14.46;14.56;14.64;14.71;14.78;14.84;14.90;14.97;15.05;15.12;15.17;15.22;15.27;15.32;15.36;15.41;15.47;15.52;15.56;15.60;15.64;15.67,,,4,0,24,"24,24,24,24,24,24,24,24,24,24,24,24,24,24,24,24,24,24,24,24,24,24,24,24,24,24,24,24,24,24,24,24,24,24,24,24,24"
270,Stage1,33.55,,,,,,,,4,,,
270,Stage2,33.55,16.45,,,,,,,4,0,,
270,PowerOpt,33.55,16.45,16.45,,,,"168.40,67.02,17.59,1.17,0.76,0.55,0.28,0.11,0.04,0.01",1.00,4,0,,
270,Stage3,33.55,16.45,16.45,16.45,,,,,4,0,24,
270,Stage3_PowerOpt,33.55,16.45,16.45,,16.45,,"42.20,16.79,4.40,0.29,0.14,0.10,0.04,0.03",1.00,4,0,24,
270,Stage4,33.55,16.45,16.45,,16.45,7.98;10.89;11.64;12.17;12.58;12.92;13.20;13.43;13.63;13.77;13.90;14.01;14.11;14.22;14.33;14.44;14.54;14.62;14.69;14.76;14.82;14.88;14.95;15.02;15.09;15.15;15.20;15.25;15.29;15.34;15.39;15.44;15.49;15.54;15.58;15.61;15.65,,,4,0,24,"24,24,24,24,24,24,24,24,24,24,24,24,24,24,24,24,24,24,24,24,24,24,24,24,24,24,24,24,24,24,24,24,24,24,24,24,24"
271,Stage1,45.98,,,,,,,,4,,,
271,Stage2,45.98,16.07,,,,,,,4,0,,
271,PowerOpt,45.98,16.07,16.07,,,,"188.67,51.01,8.13,2.98,0.96,0.51,0.49,0.44,0.43,0.33,0.26,0.25,0.23,0.19,0.16,0.15,0.13,0.09,0.08,0.07,0.06,0.05,0.05,0.03,0.03,0.03,0.02,0.02,0.02,0.01,0.01",1.00,4,0,,
271,Stage3,45.98,16.07,16.07,16.02,,,,,4,0,32,
271,Stage3_PowerOpt,45.98,16.07,16.07,,16.02,,"47.65,12.86,2.05,0.76,0.24,0.12,0.10,0.05,0.04,0.02,0.02,0.01,0.01,0.01",1.00,4,0,32,
271,Stage4,45.98,16.07,16.07,,16.02,8.21;10.42;11.16;11.71;12.13;12.48;12.78;13.02;13.21;13.34;13.46;13.58;13.69;13.80;13.91;14.02;14.12;14.20;14.27;14.33;14.40;14.47;14.53;14.61;14.67;14.73;14.78;14.82;14.87;14.92;14.97;15.02;15.07;15.12;15.15;15.19;15.23,,,4,0,32,"32,32,32,32,32,32,32,32,32,32,32,32,32,32,32,32,32,32,32,32,32,32,32,32,32,32,32,32,32,32,32,32,32,32,32,32,32"
272,Stage1,41.86,,,,,,,,4,,,
272,Stage2,41.86,16.16,,,,,,,4,0,,
272,PowerOpt,41.86,16.16,16.16,,,,"203.21,44.48,5.22,0.96,0.53,0.34,0.31,0.21,0.11,0.10,0.09,0.07,0.06,0.05,0.04,0.03,0.02,0.02,0.02,0.02,0.01,0.01",1.00,4,0,,
272,Stage3,41.86,16.16,16.16,16.13,,,,,4,0,32,
272,Stage3_PowerOpt,41.86,16.16,16.16,,16.13,,"50.91,11.14,1.30,0.24,0.13,0.09,0.08,0.03,0.02",1.00,4,0,32,
272,Stage4,41.86,16.16,16.16,,16.13,8.09;10.66;11.36;11.87;12.27;12.60;12.87;13.11;13.31;13.46;13.58;13.69;13.79;13.90;14.00;14.11;14.22;14.31;14.38;14.44;14.50;14.56;14.63;14.70;14.77;14.83;14.88;14.93;14.97;15.02;15.07;15.12;15.17;15.22;15.26;15.30;15.33,,,4,0,32,"32,32,32,32,32,32,32,32,32,32,32,32,32,32,32,32,32,32,32,32,32,32,32,32,32,32,32,32,32,32,32,32,32,32,32,32,32"
273,Stage1,38.80,,,,,,,,4,,,
273,Stage2,38.80,16.18,,,,,,,4,0,,
273,PowerOpt,38.80,16.18,16.18,,,,"212.31,35.87,5.11,0.86,0.45,0.42,0.32,0.15,0.14,0.10,0.06,0.05,0.04,0.03,0.02,0.01",1.00,4,0,,
273,Stage3,38.80,16.18,16.18,16.16,,,,,4,0,32,
273,Stage3_PowerOpt,38.80,16.18,16.18,,16.16,,"53.13,8.97,1.28,0.22,0.11,0.11,0.08,0.03,0.03,0.01",1.00,4,0,32,
273,Stage4,38.80,16.18,16.18,,16.16,7.98;10.79;11.47;11.96;12.33;12.64;12.90;13.13;13.34;13.50;13.62;13.73;13.83;13.93;14.03;14.14;14.25;14.34;14.41;14.47;14.53;14.59;14.66;14.72;14.80;14.86;14.91;14.96;15.00;15.05;15.09;15.14;15.20;15.25;15.29;15.32;15.36,,,4,0,32,"32,32,32,32,32,32,32,32,32,32,32,32,32,32,32,32,32,32,32,32,32,32,32,32,32,32,32,32,32,32,32,32,32,32,32,32,32"
274,Stage1,25.61,,,,,,,,"0,12",,,
274,Stage2,25.61,20.05,,,,,,,"0,12",0,,
274,PowerOpt,25.61,20.05,20.05,,,,"210.37,39.86,3.65,1.19,0.48,0.18,0.12,0.06,0.03,0.01","2.00,0.00","0,12",0,,
274,Stage3,25.61,20.05,20.05,19.98,,,,,"0,12",0,32,
274,Stage3_PowerOpt,25.61,20.05,20.05,,19.98,,"52.61,9.96,0.91,0.29,0.12,0.04,0.03,0.02","2.00,0.00","0,12",0,32,
274,Stage4,25.61,20.05,20.05,,19.98,10.94;12.26;13.07;13.63;14.04;14.37;14.63;14.83;15.04;15.27;15.50;15.72;15.92;16.10;16.26;16.40;16.53;16.67;16.81;16.94;17.07;17.19;17.30;17.40;17.50;17.60;17.70;17.80;17.89;17.98;18.06;18.14;18.22;18.30;18.38;18.45;18.53;18.60;18.67;18.73;18.79;18.86;18.92;18.98,,,"0,12",0,32,"32,32,32,32,32,32,32,32,32,32,32,32,32,32,32,32,32,32,32,32,32,32,32,32,32,32,32,32,32,32,32,32,32,32,32,32,32,32,32,32,32,32,32,32"
275,Stage1,27.69,,,,,,,,"12,4,4",,,
275,Stage2,27.69,21.77,,,,,,,"12,4,4",0,,
275,PowerOpt,27.69,21.77,21.77,,,,"222.53,30.07,2.08,0.87,0.16,0.12,0.05,0.03,0.01,0.01","2.99,0.00,0.00","12,4,4",0,,
275,Stage3,27.69,21.77,21.77,21.71,,,,,"12,4,4",0,32,
275,Stage3_PowerOpt,27.69,21.77,21.77,,21.71,,"55.65,7.51,0.52,0.22,0.04,0.03,0.01","2.99,0.00,0.00","12,4,4",0,32,
275,Stage4,27.69,21.77,21.77,,21.71,10.05;11.88;13.06;13.88;14.58;15.12;15.57;15.94;16.17;16.45;16.72;16.96;17.20;17.43;17.63;17.82;17.95;18.10;18.25;18.40;18.54;18.69;18.82;18.95;19.04;19.14;19.25;19.35;19.46;19.56;19.66;19.76;19.82;19.90;19.98;20.06;20.15;20.23;20.31;20.38;20.44;20.50;20.56;20.63,,,"12,4,4",0,32,"32,32,32,32,32,32,32,32,32,32,32,32,32,32,32,32,32,32,32,32,32,32,32,32,32,32,32,32,32,32,32,32,32,32,32,32,32,32,32,32,32,32,32,32"
276,Stage1,33.21,,,,,,,,"0,8,10",,,
276,Stage2,33.21,28.40,,,,,,,"0,8,10",0,,
276,PowerOpt,33.21,28.40,28.40,,,,"190.02,51.66,6.07,5.90,1.69,0.32,0.15,0.12,0.02,0.01","2.95,0.05,0.00","0,8,10",0,,
276,Stage3,33.21,28.40,28.40,28.29,,,,,"0,8,10",0,32,
276,Stage3_PowerOpt,33.21,28.40,28.40,,28.29,,"47.47,12.94,1.53,1.48,0.42,0.08,0.04,0.03","2.95,0.05,0.00","0,8,10",0,32,
276,Stage4,33.21,28.40,28.40,,28.29,10.77;15.14;16.96;18.06;18.85;19.44;19.90;20.30;20.64;21.01;21.35;21.66;21.95;22.21;22.43;22.67;22.88;23.09;23.29;23.49;23.68;23.84;23.99;24.16;24.33;24.47;24.62;24.76;24.89;25.02;25.14;25.27;25.41;25.53;25.64;25.76;25.86;25.97;26.07;26.18;26.29;26.39;26.49;26.59;26.69;26.78;26.87;26.96,,,"0,8,10",0,32,"32,32,32,32,32,32,32,32,32,32,32,32,32,32,32,32,32,32,32,32,32,32,32,32,32,32,32,32,32,32,32,32,32,32,32,32,32,32,32,32,32,32,32,32,32,32,32,32"
277,Stage1,32.51,,,,,,,,"0,8,8",,,
277,Stage2,32.51,27.21,,,,,,,"0,8,8",0,,
277,PowerOpt,32.51,27.21,27.21,,,,"216.69,33.69,3.98,1.27,0.16,0.12,0.02,0.01","2.98,0.02,0.00","0,8,8",0,,
277,Stage3,32.51,27.21,27.21,27.15,,,,,"0,8,8",0,32,
277,Stage3_PowerOpt,32.51,27.21,27.21,,27.15,,"54.19,8.42,0.99,0.32,0.04,0.03","2.98,0.02,0.00","0,8,8",0,32,
277,Stage4,32.51,27.21,27.21,,27.15,11.18;15.81;17.67;18.77;19.58;20.17;20.59;20.89;21.18;21.50;21.81;22.09;22.35;22.58;22.75;22.90;23.05;23.22;23.39;23.56;23.72;23.86;23.98;24.08;24.18;24.30;24.41;24.53;24.65;24.75;24.84;24.92;25.00;25.08;25.17;25.27;25.36;25.45;25.52;25.59;25.66;25.73;25.81,,,"0,8,8",0,32,"32,32,32,32,32,32,32,32,32,32,32,32,32,32,32,32,32,32,32,32,32,32,32,32,32,32,32,32,32,32,32,32,32,32,32,32,32,32,32,32,32,32,32"
278,Stage1,44.31,,,,,,,,0,,,
278,Stage2,44.31,16.68,,,,,,,0,0,,
278,PowerOpt,44.31,16.68,16.68,,,,"196.02,46.68,7.66,4.15,0.93,0.29,0.16,0.05,0.01",1.00,0,0,,
278,Stage3,44.31,16.68,16.68,16.68,,,,,0,0,32,
278,Stage3_PowerOpt,44.31,16.68,16.68,,16.68,,"49.05,11.66,1.90,1.03,0.23,0.07,0.04,0.01",1.00,0,0,32,
278,Stage4,44.31,16.68,16.68,,16.68,9.76;11.46;12.20;12.71;13.08;13.35;13.53;13.67;13.80;13.96;14.11;14.27;14.40;14.52;14.60;14.67;14.74;14.82;14.91;15.00;15.08;15.15;15.21;15.26;15.30;15.36;15.42;15.48;15.54;15.60;15.64;15.68;15.71;15.75;15.79;15.84,,,0,0,32,"32,32,32,32,32,32,32,32,32,32,32,32,32,32,32,32,32,32,32,32,32,32,32,32,32,32,32,32,32,32,32,32,32,32,32,32"
279,Stage1,33.97,,,,,,,,"0,8",,,
279,Stage2,33.97,26.08,,,,,,,"0,8",0,,
279,PowerOpt,33.97,26.08,26.08,,,,"170.21,76.27,8.02,1.09,0.27,0.07,0.01","2.00,0.00","0,8",0,,
279,Stage3,33.97,26.08,26.08,26.06,,,,,"0,8",0,32,
279,Stage3_PowerOpt,33.97,26.08,26.08,,26.06,,"42.59,19.04,2.00,0.27,0.07,0.02","2.00,0.00","0,8",0,32,
279,Stage4,33.97,26.08,26.08,,26.06,10.66;14.98;16.80;17.98;18.79;19.35;19.77;20.05;20.31;20.63;20.95;21.26;21.52;21.74;21.92;22.05;22.18;22.35;22.53;22.71;22.88;23.02;23.13;23.23;23.31;23.42;23.55;23.67;23.79;23.90;23.99;24.06;24.12;24.20;24.29;24.39;24.49;24.57;24.64;24.70;24.75;24.81,,,"0,8",0,32,"32,32,32,32,32,32,32,32,32,32,32,32,32,32,32,32,32,32,32,32,32,32,32,32,32,32,32,32,32,32,32,32,32,32,32,32,32,32,32,32,32,32"
280,Stage1,32.50,,,,,,,,"0,8,8",,,
280,Stage2,32.50,27.04,,,,,,,"0,8,8",0,,
280,PowerOpt,32.50,27.04,27.04,,,,"196.33,51.11,6.45,1.39,0.41,0.20,0.02,0.02,0.01","2.98,0.02,0.00","0,8,8",0,,
280,Stage3,32.50,27.04,27.04,27.02,,,,,"0,8,8",0,32,
280,Stage3_PowerOpt,32.50,27.04,27.04,,27.02,,"49.09,12.78,1.61,0.34,0.10,0.05","2.98,0.02,0.00","0,8,8",0,32,
280,Stage4,32.50,27.04,27.04,,27.02,11.27;15.99;17.67;18.77;19.59;20.19;20.64;20.98;21.27;21.59;21.88;22.16;22.42;22.64;22.83;22.99;23.14;23.30;23.47;23.64;23.79;23.94;24.05;24.16;24.26;24.38;24.49;24.61;24.72;24.83;24.91;25.00;25.07;25.16;25.24;25.34;25.43;25.51;25.58;25.64;25.71,,,"0,8,8",0,32,"32,32,32,32,32,32,32,32,32,32,32,32,32,32,32,32,32,32,32,32,32,32,32,32,32,32,32,32,32,32,32,32,32,32,32,32,32,32,32,32,32"
283,Stage1,36.22,,,,,,,,4,,,
283,Stage2,36.22,16.33,,,,,,,4,4,,
283,PowerOpt,36.22,16.33,16.33,,,,"202.56,41.43,4.62,3.70,1.75,1.35,0.22,0.14,0.11,0.03,0.02,0.01",1.00,4,4,,
283,Stage3,36.22,16.33,16.33,16.20,,,,,4,4,49,
283,Stage3_PowerOpt,36.22,16.33,16.33,,16.20,,"52.08,10.48,0.94,0.42,0.06,0.01",1.00,4,4,49,
283,Stage4,36.22,16.33,16.33,,16.20,8.09;10.61;11.33;11.86;12.28;12.62;12.91;13.17;13.36;13.50;13.62;13.72;13.83;13.94;14.05;14.17;14.27;14.35;14.42;14.48;14.54;14.61;14.68;14.76;14.82;14.88;14.93;14.97;15.02;15.07;15.12;15.18;15.23;15.27;15.31;15.34;15.38;15.41,,,4,4,49,"49,49,49,49,49,49,49,49,49,49,49,49,49,49,49,49,49,49,49,49,49,49,49,49,49,49,49,49,49,49,49,49,49,49,49,49,49,49"
288,Stage1,30.40,,,,,,,,"0,8",,,
288,Stage2,30.40,24.53,,,,,,,"0,8",0,,
288,PowerOpt,30.40,24.53,24.53,,,,"174.44,41.05,30.95,3.28,2.82,1.54,0.78,0.33,0.21,0.12,0.09,0.06,0.05,0.04,0.03,0.03,0.02,0.02,0.02,0.01,0.01","1.99,0.01","0,8",0,,
288,Stage3,30.40,24.53,24.53,23.03,,,,,"0,8",0,"0,15,57,15,57",
288,Stage3_PowerOpt,30.40,24.53,24.53,,23.03,,"43.75,9.91,8.13,0.77,0.69,0.33,0.19,0.07,0.05,0.03,0.02,0.01","1.99,0.01","0,8",0,"0,15,57,15,57",
288,Stage4,30.40,24.53,24.53,,23.03,9.66;11.61;13.14;14.06;14.97;15.60;16.11;16.58;16.93;17.25;17.59;17.90;18.18;18.42;18.62;18.81;19.01;19.19;19.39;19.59;19.77;19.93;20.06;20.19;20.35;20.47;20.60;20.74;20.88;20.99;21.09;21.18;21.29;21.39;21.49;21.59;21.69;21.77;21.85;21.93,,,"0,8",0,"0,15,57,15,57","15,57,15,57,15,57,15,57,57,15,15,15,15,57,57,57,57,15,15,15,15,15,57,57,57,57,15,15,15,15,57,57,57,57,15,15,15,15,57,57"
289,Stage1,35.71,,,,,,,,"0,8",,,
289,Stage2,35.71,25.70,,,,,,,"0,8",0,,
289,PowerOpt,35.71,25.70,25.70,,,,"205.83,32.16,11.54,1.71,1.19,1.03,0.55,0.50,0.31,0.22,0.15,0.14,0.10,0.09,0.09,0.07,0.05,0.04,0.03,0.03,0.02,0.02,0.01,0.01","1.99,0.01","0,8",0,,
289,Stage3,35.71,25.70,25.70,24.58,,,,,"0,8",0,"0,0,15,0",
289,Stage3_PowerOpt,35.71,25.70,25.70,,24.58,,"51.55,8.30,2.95,0.47,0.34,0.11,0.06,0.04,0.03,0.03,0.02,0.02,0.01,0.01","1.99,0.01","0,8",0,"0,0,15,0",
289,Stage4,35.71,25.70,25.70,,24.58,8.92;11.68;13.70;15.16;16.07;16.81;17.39;17.81;18.16;18.46;18.84;19.22;19.54;19.79;20.00;20.20;20.39;20.55;20.74;20.96;21.15;21.31;21.45;21.57;21.71;21.82;21.95;22.10;22.23;22.36;22.46;22.55;22.66;22.75;22.84;22.95;23.05;23.14;23.22;23.29;23.37,,,"0,8",0,"0,0,15,0","15,0,15,0,0,0,0,0,0,0,15,15,15,0,0,0,0,0,15,15,15,0,0,0,0,0,15,15,15,0,0,0,0,0,15,15,0,0,0,0,0"
290,Stage1,29.25,,,,,,,,"0,8",,,
290,Stage2,29.25,23.69,,,,,,,"0,8",0,,
290,PowerOpt,29.25,23.69,23.69,,,,"161.01,62.75,18.06,9.22,1.83,1.39,0.49,0.42,0.17,0.15,0.10,0.08,0.06,0.05,0.04,0.03,0.02,0.02","1.99,0.01","0,8",0,,
290,Stage3,29.25,23.69,23.69,23.11,,,,,"0,8",0,0,
290,Stage3_PowerOpt,29.25,23.69,23.69,,23.11,,"40.80,15.71,4.53,2.28,0.44,0.11,0.04,0.03,0.02","1.99,0.01","0,8",0,0,
290,Stage4,29.25,23.69,23.69,,23.11,8.84;11.13;12.85;14.07;14.99;15.69;16.23;16.64;16.98;17.28;17.58;17.88;18.16;18.42;18.65;18.84;19.00;19.17;19.35;19.53;19.71;19.86;20.01;20.14;20.26;20.38;20.50;20.63;20.75;20.87;20.97;21.07;21.15;21.24;21.34;21.44;21.53;21.62;21.70;21.77;21.84;21.91;21.98,,,"0,8",0,0,"0,0,0,0,0,0,0,0,0,0,0,0,0,0,0,0,0,0,0,0,0,0,0,0,0,0,0,0,0,0,0,0,0,0,0,0,0,0,0,0,0,0,0"
291,Stage1,23.60,,,,,,,,"0,15",,,
291,Stage2,23.60,18.74,,,,,,,"0,15",0,,
291,PowerOpt,23.60,18.74,18.74,,,,"138.45,72.02,19.13,10.76,4.35,4.19,1.70,1.44,1.06,0.70,0.40,0.34,0.26,0.24,0.18,0.14,0.10,0.10,0.07,0.05,0.05,0.03,0.03,0.03,0.02,0.02,0.02,0.01,0.01,0.01,0.01","2.00,0.00","0,15",0,,
291,Stage3,23.60,18.74,18.74,18.49,,,,,"0,15",0,7,
291,Stage3_PowerOpt,23.60,18.74,18.74,,18.49,,"34.41,15.13,4.65,2.95,2.46,1.03,0.57,0.50,0.34,0.29,0.28,0.21,0.14,0.13,0.11,0.09,0.08,0.07,0.06,0.06,0.05,0.04,0.04,0.04,0.03,0.03,0.03,0.02,0.02,0.02,0.02,0.01,0.01,0.01","1.98,0.02","0,15",0,7,
291,Stage4,23.60,18.74,18.74,,18.49,10.40;11.79;12.66;13.25;13.64;13.89;14.04;14.12;14.25;14.43;14.64;14.85;15.03;15.17;15.26;15.33;15.41;15.52;15.65;15.78;15.91;16.01;16.09;16.15;16.20;16.28;16.37;16.48;16.58;16.66;16.72;16.76;16.80;16.86;16.94;17.03;17.11;17.18;17.22;17.25;17.29;17.34;17.42;17.50;17.57,,,"0,15",0,7,"7,7,7,7,7,7,7,7,7,7,7,7,7,7,7,7,7,7,7,7,7,7,7,7,7,7,7,7,7,7,7,7,7,7,7,7,7,7,7,7,7,7,7,7,7"
292,Stage1,20.44,,,,,,,,12,,,
292,Stage2,20.44,16.91,,,,,,,12,12,,
292,PowerOpt,20.44,16.91,16.91,,,,"66.86,54.51,29.45,24.67,14.63,13.59,11.72,9.16,7.20,6.46,4.70,3.49,1.90,1.39,1.26,0.83,0.73,0.52,0.50,0.39,0.32,0.15,0.14,0.13,0.11,0.11,0.08,0.07,0.07,0.07,0.06,0.06,0.05,0.05,0.04,0.04,0.04,0.03,0.03,0.03,0.03,0.02,0.02,0.02,0.02,0.02,0.01,0.01,0.01,0.01,0.01,0.01,0.01",1.00,12,12,,
292,Stage3,20.44,16.91,16.91,17.03,,,,,12,12,7,
292,Stage3_PowerOpt,20.44,16.91,16.91,,17.03,,"29.22,9.45,7.07,5.05,3.05,2.20,1.33,1.24,0.62,0.54,0.47,0.44,0.42,0.29,0.27,0.26,0.23,0.21,0.20,0.16,0.15,0.13,0.12,0.10,0.09,0.08,0.08,0.07,0.06,0.05,0.04,0.04,0.03,0.03,0.03,0.03,0.02,0.02,0.02,0.01,0.01,0.01",1.00,12,12,7,
292,Stage4,20.44,16.91,16.91,,17.03,10.25;11.56;12.37;12.92;13.30;13.56;13.73;13.84;13.97;14.13;14.32;14.51;14.66;14.78;14.87;14.93;14.99;15.08;15.19;15.30;15.40;15.48;15.54;15.58;15.62;15.68;15.75;15.83;15.90;15.96;16.01;16.04;16.07;16.11;16.17;16.22,,,12,12,7,"7,7,7,7,7,7,7,7,7,7,7,7,7,7,7,7,7,7,7,7,7,7,7,7,7,7,7,7,7,7,7,7,7,7,7,7"
293,Stage1,19.90,,,,,,,,15,,,
293,Stage2,19.90,16.92,,,,,,,15,12,,
293,PowerOpt,19.90,16.92,16.92,,,,"133.78,28.92,25.04,22.28,13.74,6.21,3.19,3.04,2.47,2.41,2.26,1.31,1.13,0.89,0.79,0.65,0.60,0.58,0.56,0.54,0.44,0.40,0.39,0.38,0.33,0.32,0.24,0.24,0.21,0.20,0.19,0.18,0.17,0.15,0.14,0.14,0.12,0.12,0.11,0.10,0.09,0.08,0.08,0.07,0.06,0.06,0.05,0.05,0.05,0.04,0.04,0.04,0.03,0.03,0.03,0.02,0.02,0.02,0.02,0.02,0.01,0.01,0.01,0.01,0.01",1.00,15,12,,
293,Stage3,19.90,16.92,16.92,17.06,,,,,15,12,7,
293,Stage3_PowerOpt,19.90,16.92,16.92,,17.06,,"17.86,8.51,3.79,3.33,3.18,2.91,2.77,2.49,2.42,2.08,1.58,1.43,1.35,1.06,1.00,0.93,0.82,0.65,0.57,0.54,0.50,0.42,0.40,0.39,0.36,0.32,0.27,0.23,0.21,0.20,0.18,0.17,0.16,0.12,0.12,0.10,0.08,0.08,0.06,0.06,0.05,0.04,0.04,0.04,0.03,0.03,0.02,0.02,0.01,0.01",1.00,15,12,7,
293,Stage4,19.90,16.92,16.92,,17.06,10.07;11.31;12.10;12.68;13.11;13.42;13.64;13.80;13.93;14.08;14.25;14.43;14.59;14.73;14.83;14.91;14.98;15.07;15.17;15.27;15.37;15.46;15.53;15.58;15.63;15.69;15.76;15.84;15.91;15.97;16.02;16.06;16.09;16.14;16.19;16.25,,,15,12,7,"7,7,7,7,7,7,7,7,7,7,7,7,7,7,7,7,7,7,7,7,7,7,7,7,7,7,7,7,7,7,7,7,7,7,7,7"
294,Stage1,21.47,,,,,,,,15,,,
294,Stage2,21.47,16.93,,,,,,,15,12,,
294,PowerOpt,21.47,16.93,16.93,,,,"104.22,50.88,31.44,21.77,18.73,8.02,6.02,4.64,4.11,1.66,0.84,0.43,0.32,0.26,0.23,0.22,0.20,0.17,0.16,0.13,0.13,0.12,0.11,0.10,0.10,0.09,0.09,0.07,0.07,0.07,0.06,0.05,0.04,0.04,0.04,0.04,0.03,0.03,0.03,0.03,0.02,0.02,0.02,0.01,0.01,0.01,0.01",1.00,15,12,,
294,Stage3,21.47,16.93,16.93,16.88,,,,,15,12,7,
294,Stage3_PowerOpt,21.47,16.93,16.93,,16.88,,"18.99,12.47,6.81,4.55,3.42,3.11,1.68,1.42,1.26,1.07,0.95,0.91,0.86,0.80,0.65,0.58,0.56,0.49,0.44,0.35,0.32,0.30,0.29,0.26,0.21,0.19,0.15,0.13,0.12,0.11,0.10,0.08,0.06,0.06,0.04,0.04,0.03,0.03,0.02,0.02,0.01",1.00,15,12,7,
294,Stage4,21.47,16.93,16.93,,16.88,9.86;11.18;12.00;12.57;12.97;13.25;13.43;13.53;13.66;13.83;14.03;14.23;14.40;14.53;14.62;14.68;14.75;14.84;14.96;15.07;15.18;15.27;15.34;15.38;15.42;15.49;15.56;15.65;15.73;15.79;15.84;15.87;15.90;15.95;16.01;16.07,,,15,12,7,"7,7,7,7,7,7,7,7,7,7,7,7,7,7,7,7,7,7,7,7,7,7,7,7,7,7,7,7,7,7,7,7,7,7,7,7"
295,Stage1,23.27,,,,,,,,"12,4,4",,,
295,Stage2,23.27,20.13,,,,,,,"12,4,4",12,,
295,PowerOpt,23.27,20.13,20.13,,,,"178.70,45.81,11.83,8.94,6.15,1.64,1.11,0.61,0.35,0.33,0.14,0.12,0.07,0.03,0.02,0.01,0.01,0.01","2.97,0.03,0.00","12,4,4",12,,
295,Stage3,23.27,20.13,20.13,19.35,,,,,"12,4,4",12,63,
295,Stage3_PowerOpt,23.27,20.13,20.13,,19.35,,"42.68,11.50,3.63,2.86,1.55,0.59,0.42,0.20,0.13,0.09,0.08,0.06,0.04,0.03,0.02,0.02,0.02,0.01,0.01,0.01","2.96,0.04,0.01","12,4,4",12,63,
295,Stage4,23.27,20.13,20.13,,19.35,9.79;11.22;12.12;12.73;13.19;13.58;13.88;14.12;14.43;14.67;14.89;15.10;15.31;15.49;15.65;15.80;15.97;16.11;16.24;16.37;16.49;16.61;16.72;16.82;16.93;17.02;17.11;17.20;17.29;17.38;17.46;17.54;17.61;17.68;17.74;17.81;17.88;17.95;18.02;18.10;18.16;18.21;18.26;18.31;18.37;18.43,,,"12,4,4",12,63,"63,63,63,63,63,63,63,63,63,63,63,63,63,63,63,63,63,63,63,63,63,63,63,63,63,63,63,63,63,63,63,63,63,63,63,63,63,63,63,63,63,63,63,63,63,63"
296,Stage1,19.88,,,,,,,,"15,0,11",,,
296,Stage2,19.88,18.80,,,,,,,"15,0,11",12,,
296,PowerOpt,19.88,18.80,18.79,,,,"152.80,46.29,34.11,7.03,4.85,4.42,1.53,1.38,0.68,0.65,0.28,0.21,0.19,0.14,0.13,0.12,0.11,0.11,0.10,0.09,0.08,0.07,0.06,0.06,0.05,0.05,0.04,0.03,0.03,0.03,0.02,0.02,0.02,0.02,0.02,0.02,0.01,0.01,0.01","2.92,0.07,0.01","15,0,11",12,,
296,Stage3,19.88,18.80,18.79,19.11,,,,,"15,0,11",12,63,
296,Stage3_PowerOpt,19.88,18.80,18.79,,19.11,,"35.66,10.68,8.02,2.37,1.37,1.14,0.66,0.52,0.51,0.39,0.35,0.31,0.28,0.24,0.22,0.20,0.17,0.12,0.11,0.09,0.08,0.07,0.06,0.06,0.05,0.04,0.03,0.03,0.02,0.02,0.02,0.01,0.01","2.81,0.14,0.06","15,0,11",12,63,
296,Stage4,19.88,18.80,18.79,,19.11,11.17;12.35;13.07;13.58;13.94;14.21;14.41;14.56;14.73;14.92;15.12;15.30;15.47;15.60;15.72;15.83;15.96;16.09;16.22;16.34;16.45;16.55;16.65;16.76;16.88;16.98;17.07;17.16;17.24;17.31;17.39;17.48;17.58;17.66;17.73;17.79;17.85;17.91;17.97;18.05;18.13;18.20,,,"15,0,11",12,63,"63,63,63,63,63,63,63,63,63,63,63,63,63,63,63,63,63,63,63,63,63,63,63,63,63,63,63,63,63,63,63,63,63,63,63,63,63,63,63,63,63,63"
297,Stage1,23.51,,,,,,,,"15,0,4",,,
297,Stage2,23.51,21.82,,,,,,,"15,0,4",12,,
297,PowerOpt,23.51,21.82,21.82,,,,"190.90,40.59,17.33,3.45,1.56,0.91,0.38,0.27,0.21,0.09,0.04,0.03,0.03,0.02,0.02,0.02,0.01","2.98,0.02,0.00","15,0,4",12,,
297,Stage3,23.51,21.82,21.82,21.66,,,,,"15,0,4",12,63,
297,Stage3_PowerOpt,23.51,21.82,21.82,,21.66,,"46.29,9.93,3.96,1.48,0.71,0.32,0.21,0.17,0.14,0.11,0.10,0.09,0.07,0.06,0.05,0.05,0.04,0.04,0.03,0.02,0.02,0.02,0.01,0.01,0.01","2.93,0.05,0.02","15,0,4",12,63,
297,Stage4,23.51,21.82,21.82,,21.66,10.25;11.70;12.62;13.36;14.11;14.76;15.31;15.73;16.03;16.27;16.49;16.69;16.92;17.16;17.41;17.63;17.79;17.92;18.05;18.18;18.31;18.47;18.64;18.79;18.89;18.98;19.07;19.15;19.26;19.38;19.51;19.63;19.70;19.76;19.82;19.89;19.98;20.08;20.18;20.29;20.34;20.39;20.44;20.49;20.56;20.65,,,"15,0,4",12,63,"63,63,63,63,63,63,63,63,63,63,63,63,63,63,63,63,63,63,63,63,63,63,63,63,63,63,63,63,63,63,63,63,63,63,63,63,63,63,63,63,63,63,63,63,63,63"
298,Stage1,21.73,,,,,,,,"15,4",,,
298,Stage2,21.73,18.97,,,,,,,"15,4",12,,
298,PowerOpt,21.73,18.97,18.97,,,,"155.06,53.52,29.63,7.98,6.49,1.79,0.58,0.51,0.14,0.06,0.05,0.02,0.02,0.02,0.01,0.01,0.01","2.00,0.00","15,4",12,,
298,Stage3,21.73,18.97,18.97,17.77,,,,,"15,4",12,"55,8,55",
298,Stage3_PowerOpt,21.73,18.97,18.97,,17.77,,"37.98,14.48,7.12,2.05,1.61,0.44,0.15,0.10,0.03","2.00,0.00","15,4",12,"55,8,55",
298,Stage4,21.73,18.97,18.97,,17.77,10.19;11.47;12.25;12.78;13.15;13.40;13.55;13.65;13.79;13.97;14.17;14.35;14.51;14.64;14.72;14.77;14.85;14.94;15.06;15.17;15.27;15.36;15.42;15.47;15.53;15.60;15.67;15.76;15.84;15.91;15.98;16.05;16.13;16.20;16.27;16.34;16.41;16.48;16.55;16.62;16.68;16.74;16.79;16.85;16.91,,,"15,4",12,"55,8,55","55,55,55,55,55,55,55,55,55,55,55,55,55,55,55,55,55,55,55,55,55,55,55,55,55,55,55,55,55,55,8,8,8,8,8,55,55,8,8,8,8,8,55,55,55"
306,Stage1,51.78,,,,,,,,5,,,
306,Stage2,51.78,15.73,,,,,,,5,0,,
306,PowerOpt,51.78,15.73,15.73,,,,"92.91,54.63,47.31,28.96,10.09,8.32,5.00,3.42,1.88,1.04,0.75,0.68,0.35,0.13,0.11,0.08,0.08,0.06,0.04,0.03,0.02,0.02,0.02,0.01,0.01",1.00,5,0,,
306,Stage3,51.78,15.73,15.73,15.71,,,,,5,0,32,
306,Stage3_PowerOpt,51.78,15.73,15.73,,15.71,,"23.33,13.67,11.81,7.26,2.51,2.04,1.23,0.87,0.46,0.26,0.18,0.17,0.08,0.03,0.03,0.02,0.01,0.01",1.00,5,0,32,
306,Stage4,51.78,15.73,15.73,,15.71,8.12;10.24;11.03;11.54;11.91;12.21;12.46;12.68;12.85;13.00;13.14;13.26;13.37;13.48;13.58;13.68;13.77;13.85;13.93;14.00;14.07;14.14;14.20;14.27;14.33;14.39;14.44;14.49;14.54;14.59;14.64;14.68;14.73;14.78;14.82;14.86;14.90;14.94,,,5,0,32,"32,32,32,32,32,32,32,32,32,32,32,32,32,32,32,32,32,32,32,32,32,32,32,32,32,32,32,32,32,32,32,32,32,32,32,32,32,32"
307,Stage1,41.73,,,,,,,,4,,,
307,Stage2,41.73,16.39,,,,,,,4,4,,
307,PowerOpt,41.73,16.39,16.39,,,,"195.42,54.80,4.56,0.80,0.22,0.08,0.04",1.00,4,4,,
307,Stage3,41.73,16.39,16.39,16.43,,,,,4,4,33,
307,Stage3_PowerOpt,41.73,16.39,16.39,,16.43,,"48.92,13.67,1.12,0.19,0.06,0.02",1.00,4,4,33,
307,Stage4,41.73,16.39,16.39,,16.43,7.91;10.88;11.61;12.14;12.56;12.90;13.18;13.43;13.63;13.77;13.89;14.00;14.10;14.21;14.32;14.43;14.53;14.62;14.69;14.75;14.81;14.88;14.94;15.01;15.09;15.15;15.20;15.24;15.28;15.33;15.38;15.43;15.48;15.53;15.57;15.60;15.64,,,4,4,33,"33,33,33,33,33,33,33,33,33,33,33,33,33,33,33,33,33,33,33,33,33,33,33,33,33,33,33,33,33,33,33,33,33,33,33,33,33"
308,Stage1,28.15,,,,,,,,4,,,
308,Stage2,28.15,16.33,,,,,,,4,4,,
308,PowerOpt,28.15,16.33,16.33,,,,"171.76,75.13,8.68,0.33,0.04,0.01",1.00,4,4,,
308,Stage3,28.15,16.33,16.33,16.35,,,,,4,4,33,
308,Stage3_PowerOpt,28.15,16.33,16.33,,16.35,,"43.05,18.74,2.10,0.08",1.00,4,4,33,
308,Stage4,28.15,16.33,16.33,,16.35,8.11;10.73;11.52;12.07;12.50;12.84;13.11;13.35;13.53;13.68;13.80;13.92;14.03;14.14;14.24;14.35;14.45;14.53;14.60;14.67;14.73;14.80;14.87;14.94;15.00;15.06;15.11;15.16;15.21;15.25;15.30;15.35;15.40;15.44;15.48;15.52;15.56,,,4,4,33,"33,33,33,33,33,33,33,33,33,33,33,33,33,33,33,33,33,33,33,33,33,33,33,33,33,33,33,33,33,33,33,33,33,33,33,33,33"
309,Stage1,36.24,,,,,,,,0,,,
309,Stage2,36.24,16.24,,,,,,,0,4,,
309,PowerOpt,36.24,16.24,16.24,,,,"198.78,41.75,8.98,3.01,2.79,0.29,0.18,0.06,0.05,0.03",1.00,0,4,,
309,Stage3,36.24,16.24,16.24,16.16,,,,,0,4,33,
309,Stage3_PowerOpt,36.24,16.24,16.24,,16.16,,"51.17,10.87,0.86,0.73,0.28,0.03,0.02,0.01",1.00,0,4,33,
309,Stage4,36.24,16.24,16.24,,16.16,8.15;10.53;11.27;11.82;12.24;12.59;12.88;13.14;13.33;13.48;13.60;13.71;13.82;13.93;14.04;14.15;14.25;14.34;14.41;14.47;14.53;14.60;14.67;14.74;14.81;14.87;14.92;14.96;15.01;15.05;15.10;15.15;15.21;15.25;15.29;15.33;15.36,,,0,4,33,"33,33,33,33,33,33,33,33,33,33,33,33,33,33,33,33,33,33,33,33,33,33,33,33,33,33,33,33,33,33,33,33,33,33,33,33,33"
310,Stage1,37.52,,,,,,,,4,,,
310,Stage2,37.52,16.40,,,,,,,4,0,,
310,PowerOpt,37.52,16.40,16.40,,,,"183.56,60.77,6.69,2.39,1.26,0.60,0.45,0.12,0.04,0.03",1.00,4,0,,
310,Stage3,37.52,16.40,16.40,16.38,,,,,4,0,24,
310,Stage3_PowerOpt,37.52,16.40,16.40,,16.38,,"46.15,15.28,1.68,0.35,0.28,0.14,0.06,0.03",1.00,4,0,24,
310,Stage4,37.52,16.40,16.40,,16.38,8.07;10.74;11.50;12.05;12.48;12.83;13.12;13.37;13.56;13.70;13.82;13.93;14.04;14.15;14.26;14.38;14.47;14.55;14.62;14.69;14.75;14.82;14.89;14.96;15.03;15.08;15.13;15.18;15.22;15.27;15.32;15.38;15.43;15.47;15.51;15.54;15.58,,,4,0,24,"24,24,24,24,24,24,24,24,24,24,24,24,24,24,24,24,24,24,24,24,24,24,24,24,24,24,24,24,24,24,24,24,24,24,24,24,24"
311,Stage1,41.40,,,,,,,,4,,,
311,Stage2,41.40,16.08,,,,,,,4,0,,
311,PowerOpt,41.40,16.08,16.08,,,,"194.06,53.28,5.55,1.31,0.57,0.30,0.14,0.11,0.10,0.09,0.08,0.07,0.06,0.04,0.04,0.03,0.03,0.03,0.01,0.01",1.00,4,0,,
311,Stage3,41.40,16.08,16.08,16.05,,,,,4,0,32,
311,Stage3_PowerOpt,41.40,16.08,16.08,,16.05,,"48.58,13.34,1.39,0.33,0.14,0.07,0.03,0.03,0.02,0.01",1.00,4,0,32,
311,Stage4,41.40,16.08,16.08,,16.05,8.16;10.50;11.21;11.73;12.15;12.50;12.79;13.05;13.24;13.39;13.51;13.61;13.71;13.82;13.93;14.05;14.15;14.23;14.30;14.36;14.42;14.49;14.56;14.63;14.71;14.76;14.81;14.85;14.90;14.94;14.99;15.05;15.10;15.15;15.19;15.22;15.25,,,4,0,32,"32,32,32,32,32,32,32,32,32,32,32,32,32,32,32,32,32,32,32,32,32,32,32,32,32,32,32,32,32,32,32,32,32,32,32,32,32"
312,Stage1,41.65,,,,,,,,4,,,
312,Stage2,41.65,16.20,,,,,,,4,0,,
312,PowerOpt,41.65,16.20,16.20,,,,"168.58,70.13,14.13,0.98,0.78,0.43,0.28,0.16,0.12,0.09,0.08,0.05,0.04,0.02,0.02,0.02,0.01",1.00,4,0,,
312,Stage3,41.65,16.20,16.20,16.18,,,,,4,0,32,
312,Stage3_PowerOpt,41.65,16.20,16.20,,16.18,,"42.14,17.58,3.53,0.25,0.20,0.11,0.07,0.04,0.03,0.02,0.01",1.00,4,0,32,
312,Stage4,41.65,16.20,16.20,,16.18,8.17;10.62;11.38;11.92;12.33;12.66;12.93;13.17;13.36;13.50;13.62;13.74;13.85;13.96;14.06;14.17;14.27;14.35;14.42;14.49;14.56;14.62;14.69;14.76;14.82;14.88;14.93;14.98;15.03;15.07;15.12;15.17;15.22;15.27;15.31;15.34;15.38,,,4,0,32,"32,32,32,32,32,32,32,32,32,32,32,32,32,32,32,32,32,32,32,32,32,32,32,32,32,32,32,32,32,32,32,32,32,32,32,32,32"
313,Stage1,25.35,,,,,,,,"12,0,4",,,
313,Stage2,25.35,20.33,,,,,,,"12,0,4",0,,
313,PowerOpt,25.35,20.33,20.33,,,,"188.62,56.60,8.70,1.07,0.53,0.21,0.13,0.06,0.02","2.99,0.01,0.00","12,0,4",0,,
313,Stage3,25.35,20.33,20.33,20.27,,,,,"12,0,4",0,"32,32,32,39",
313,Stage3_PowerOpt,25.35,20.33,20.33,,20.27,,"47.40,14.48,1.59,0.27,0.11,0.07,0.03,0.02","2.99,0.01,0.00","12,0,4",0,"32,32,32,39",
313,Stage4,25.35,20.33,20.33,,20.27,11.35;12.62;13.39;13.92;14.28;14.53;14.75;15.07;15.27;15.49;15.72;15.92;16.11;16.28;16.47;16.68;16.80;16.94;17.08;17.20;17.32;17.44;17.56;17.70;17.79;17.89;17.99;18.08;18.17;18.26;18.35;18.45;18.52;18.59;18.67;18.74;18.82;18.88;18.96;19.04;19.09;19.15;19.21;19.27,,,"12,0,4",0,"32,32,32,39","39,39,39,39,39,39,39,39,32,32,32,32,32,32,39,39,32,32,39,32,32,32,32,39,32,32,32,32,32,32,39,39,32,32,39,32,32,32,32,39,32,32,32,32"
314,Stage1,23.43,,,,,,,,"12,4,4",,,
314,Stage2,23.43,20.84,,,,,,,"12,4,4",0,,
314,PowerOpt,23.43,20.84,20.84,,,,"209.83,42.85,2.05,0.92,0.14,0.06,0.04,0.03,0.01,0.01","2.99,0.01,0.00","12,4,4",0,,
314,Stage3,23.43,20.84,20.84,20.79,,,,,"12,4,4",0,32,
314,Stage3_PowerOpt,23.43,20.84,20.84,,20.79,,"52.46,10.71,0.51,0.23,0.04,0.02,0.01","2.99,0.01,0.00","12,4,4",0,32,
314,Stage4,23.43,20.84,20.84,,20.79,10.25;11.64;12.71;13.43;14.00;14.47;14.85;15.15;15.41;15.68;15.95;16.18;16.41;16.62;16.79;16.96;17.11;17.26;17.41;17.55;17.70;17.83;17.95;18.06;18.17;18.27;18.38;18.48;18.59;18.68;18.77;18.86;18.94;19.02;19.10;19.18;19.26;19.34;19.41;19.48;19.55;19.61;19.67;19.74;19.81,,,"12,4,4",0,32,"32,32,32,32,32,32,32,32,32,32,32,32,32,32,32,32,32,32,32,32,32,32,32,32,32,32,32,32,32,32,32,32,32,32,32,32,32,32,32,32,32,32,32,32,32"
315,Stage1,36.70,,,,,,,,5,,,
315,Stage2,36.70,16.00,,,,,,,5,0,,
315,PowerOpt,36.70,16.00,16.00,,,,"202.12,48.54,4.27,0.41,0.33,0.10,0.08,0.06,0.03,0.01",1.00,5,0,,
315,Stage3,36.70,16.00,16.00,15.98,,,,,5,0,32,
315,Stage3_PowerOpt,36.70,16.00,16.00,,15.98,,"50.54,12.13,1.07,0.10,0.08,0.02,0.02,0.01",1.00,5,0,32,
315,Stage4,36.70,16.00,16.00,,15.98,8.18;10.41;11.14;11.67;12.09;12.43;12.73;12.98;13.18;13.32;13.44;13.54;13.65;13.75;13.86;13.98;14.08;14.17;14.23;14.30;14.36;14.42;14.49;14.57;14.64;14.69;14.74;14.79;14.83;14.88;14.92;14.98;15.03;15.08;15.12;15.15;15.18,,,5,0,32,"32,32,32,32,32,32,32,32,32,32,32,32,32,32,32,32,32,32,32,32,32,32,32,32,32,32,32,32,32,32,32,32,32,32,32,32,32"
316,Stage1,40.55,,,,,,,,4,,,
316,Stage2,40.55,16.41,,,,,,,4,4,,
316,PowerOpt,40.55,16.41,16.41,,,,"168.74,69.71,14.88,1.32,0.93,0.21,0.07,0.05,0.02,0.01",1.00,4,4,,
316,Stage3,40.55,16.41,16.41,16.39,,,,,4,4,"33,33,33,32",
316,Stage3_PowerOpt,40.55,16.41,16.41,,16.39,,"42.21,17.32,3.76,0.34,0.25,0.06,0.02,0.01",1.00,4,4,"33,33,33,32",
316,Stage4,40.55,16.41,16.41,,16.39,8.08;10.78;11.55;12.10;12.52;12.85;13.13;13.35;13.55;13.69;13.81;13.93;14.04;14.15;14.25;14.36;14.46;14.55;14.62;14.68;14.75;14.82;14.88;14.95;15.02;15.08;15.13;15.18;15.23;15.27;15.32;15.37;15.43;15.47;15.51;15.55;15.59,,,4,4,"33,33,33,32","32,33,33,33,33,33,33,32,33,33,33,32,32,32,33,33,33,33,33,33,33,32,32,32,32,33,32,33,32,32,33,32,33,33,33,32,32"
317,Stage1,34.08,,,,,,,,"0,8",,,
317,Stage2,34.08,26.40,,,,,,,"0,8",0,,
317,PowerOpt,34.08,26.40,26.40,,,,"194.58,51.27,5.93,3.41,0.61,0.10,0.02,0.01","2.00,0.00","0,8",0,,
317,Stage3,34.08,26.40,26.40,26.35,,,,,"0,8",0,32,
317,Stage3_PowerOpt,34.08,26.40,26.40,,26.35,,"48.60,12.86,1.49,0.85,0.15,0.03","2.00,0.00","0,8",0,32,
317,Stage4,34.08,26.40,26.40,,26.35,11.02;15.24;17.00;18.07;18.85;19.47;19.96;20.33;20.64;20.95;21.24;21.49;21.73;21.96;22.15;22.33;22.50;22.67;22.83;22.97;23.13;23.27;23.39;23.51;23.62;23.74;23.85;23.95;24.06;24.16;24.25;24.34;24.43;24.52;24.60;24.68;24.76;24.84;24.92;24.99;25.06,,,"0,8",0,32,"32,32,32,32,32,32,32,32,32,32,32,32,32,32,32,32,32,32,32,32,32,32,32,32,32,32,32,32,32,32,32,32,32,32,32,32,32,32,32,32,32"
318,Stage1,31.68,,,,,,,,"0,8,8",,,
318,Stage2,31.68,26.59,,,,,,,"0,8,8",0,,
318,PowerOpt,31.68,26.59,26.59,,,,"194.27,54.49,5.65,1.28,0.13,0.08,0.02,0.02,0.01","2.98,0.01,0.00","0,8,8",0,,
318,Stage3,31.68,26.59,26.59,26.54,,,,,"0,8,8",0,32,
318,Stage3_PowerOpt,31.68,26.59,26.59,,26.54,,"48.58,13.62,1.41,0.32,0.03,0.02","2.98,0.02,0.00","0,8,8",0,32,
318,Stage4,31.68,26.59,26.59,,26.54,11.28;15.48;17.21;18.27;19.07;19.67;20.13;20.51;20.81;21.12;21.42;21.67;21.92;22.14;22.33;22.50;22.67;22.84;23.00;23.15;23.30;23.44;23.56;23.68;23.79;23.91;24.02;24.13;24.23;24.34;24.43;24.51;24.60;24.69;24.77;24.85;24.94;25.02;25.09;25.16;25.23,,,"0,8,8",0,32,"32,32,32,32,32,32,32,32,32,32,32,32,32,32,32,32,32,32,32,32,32,32,32,32,32,32,32,32,32,32,32,32,32,32,32,32,32,32,32,32,32"
319,Stage1,44.22,,,,,,,,0,,,
319,Stage2,44.22,16.62,,,,,,,0,0,,
319,PowerOpt,44.22,16.62,16.62,,,,"173.24,67.80,9.20,4.39,0.85,0.33,0.09,0.03,0.01",1.00,0,0,,
319,Stage3,44.22,16.62,16.62,16.61,,,,,0,0,32,
319,Stage3_PowerOpt,44.22,16.62,16.62,,16.61,,"43.34,16.95,2.30,1.08,0.21,0.08,0.02",1.00,0,0,32,
319,Stage4,44.22,16.62,16.62,,16.61,9.66;11.36;12.16;12.67;13.05;13.30;13.48;13.61;13.74;13.90;14.06;14.22;14.35;14.46;14.55;14.61;14.68;14.76;14.85;14.94;15.03;15.10;15.16;15.20;15.24;15.30;15.36;15.42;15.49;15.54;15.58;15.61;15.65;15.69;15.73;15.78,,,0,0,32,"32,32,32,32,32,32,32,32,32,32,32,32,32,32,32,32,32,32,32,32,32,32,32,32,32,32,32,32,32,32,32,32,32,32,32,32"
320,Stage1,45.55,,,,,,,,0,,,
320,Stage2,45.55,16.62,,,,,,,0,0,,
320,PowerOpt,45.55,16.62,16.62,,,,"206.87,42.12,3.50,2.66,0.64,0.09,0.05,0.02",1.00,0,0,,
320,Stage3,45.55,16.62,16.62,16.62,,,,,0,0,32,
320,Stage3_PowerOpt,45.55,16.62,16.62,,16.62,,"51.74,10.53,0.86,0.66,0.16,0.02,0.01",1.00,0,0,32,
320,Stage4,45.55,16.62,16.62,,16.62,9.66;11.39;12.14;12.63;13.00;13.27;13.46;13.61;13.75;13.91;14.07;14.21;14.34;14.45;14.54;14.61;14.69;14.77;14.86;14.94;15.02;15.09;15.15;15.20;15.25;15.31;15.36;15.42;15.48;15.54;15.58;15.62;15.65;15.70;15.74;15.79;15.83,,,0,0,32,"32,32,32,32,32,32,32,32,32,32,32,32,32,32,32,32,32,32,32,32,32,32,32,32,32,32,32,32,32,32,32,32,32,32,32,32,32"
328,Stage1,29.65,,,,,,,,"0,8",,,
328,Stage2,29.65,23.75,,,,,,,"0,8",0,,
328,PowerOpt,29.65,23.75,23.75,,,,"177.36,39.52,24.29,7.32,3.08,1.95,0.89,0.47,0.40,0.21,0.09,0.08,0.07,0.04,0.03,0.03,0.02,0.02,0.01,0.01","1.99,0.01","0,8",0,,
328,Stage3,29.65,23.75,23.75,22.15,,,,,"0,8",0,"0,15,0,0,15",
328,Stage3_PowerOpt,29.65,23.75,23.75,,22.15,,"44.96,9.70,6.05,2.01,0.78,0.22,0.13,0.08,0.02,0.02","1.99,0.01","0,8",0,"0,15,0,0,15",
328,Stage4,29.65,23.75,23.75,,22.15,9.62;11.03;12.18;13.20;14.11;14.71;15.19;15.58;15.95;16.26;16.61;16.96;17.24;17.46;17.65;17.84;18.05;18.22;18.42;18.62;18.81;18.95;19.08;19.21;19.35;19.47;19.59;19.73;19.86;19.96;20.06;20.16;20.26;20.35;20.44;20.55;20.65;20.74;20.81;20.89;20.96;21.04;21.11,,,"0,8",0,"0,15,0,0,15","15,15,0,15,0,0,0,0,0,15,15,15,15,0,0,0,0,0,15,15,15,15,0,0,0,0,15,15,15,0,0,0,0,0,0,15,15,0,0,0,0,0,15"
329,Stage1,29.46,,,,,,,,"0,8",,,
329,Stage2,29.46,23.75,,,,,,,"0,8",0,,
329,PowerOpt,29.46,23.75,23.75,,,,"150.01,58.91,25.81,10.10,3.75,2.53,1.42,0.73,0.51,0.48,0.38,0.35,0.19,0.13,0.10,0.10,0.08,0.07,0.06,0.05,0.04,0.04,0.03,0.02,0.02,0.01","1.98,0.02","0,8",0,,
329,Stage3,29.46,23.75,23.75,22.65,,,,,"0,8",0,"0,15,0,0",
329,Stage3_PowerOpt,29.46,23.75,23.75,,22.65,,"37.94,14.96,6.45,2.75,1.09,0.29,0.15,0.11,0.06,0.05,0.04,0.03,0.02,0.01","1.98,0.02","0,8",0,"0,15,0,0",
329,Stage4,29.46,23.75,23.75,,22.65,9.21;10.62;12.08;13.20;14.04;14.82;15.38;15.84;16.22;16.50;16.80;17.11;17.40;17.67;17.90;18.11;18.32;18.50;18.69;18.88;19.06;19.23;19.38;19.52;19.65;19.77;19.91;20.05;20.18;20.30;20.41;20.51;20.62;20.71;20.81;20.92;21.02;21.11;21.19;21.27;21.36;21.43;21.51;21.59,,,"0,8",0,"0,15,0,0","15,0,15,0,15,0,0,0,0,15,15,15,0,15,0,0,0,0,15,15,15,0,0,0,0,0,15,15,15,0,0,0,0,0,15,15,0,0,0,0,0,0,15,0"
330,Stage1,30.02,,,,,,,,"0,8",,,
330,Stage2,30.02,23.52,,,,,,,"0,8",0,,
330,PowerOpt,30.02,23.52,23.52,,,,"179.81,45.00,19.89,3.77,2.66,1.41,1.04,0.67,0.40,0.28,0.27,0.16,0.11,0.08,0.05,0.05,0.04,0.04,0.03,0.03,0.02,0.02,0.02,0.02,0.01,0.01","1.99,0.01","0,8",0,,
330,Stage3,30.02,23.52,23.52,22.87,,,,,"0,8",0,"0,0,15,0",
330,Stage3_PowerOpt,30.02,23.52,23.52,,22.87,,"45.26,11.37,4.97,0.98,0.80,0.30,0.17,0.06,0.03,0.02,0.01","1.99,0.01","0,8",0,"0,0,15,0",
330,Stage4,30.02,23.52,23.52,,22.87,10.34;11.70;12.87;13.93;14.67;15.27;15.75;16.16;16.60;16.95;17.28;17.60;17.87;18.09;18.29;18.46;18.67;18.85;19.05;19.24;19.41;19.56;19.69;19.81;19.96;20.10;20.23;20.35;20.47;20.58;20.68;20.77;20.88;20.99;21.08;21.18;21.27;21.36;21.44;21.51;21.60;21.68;21.75,,,"0,8",0,"0,0,15,0","15,0,15,0,0,0,0,0,0,15,0,15,0,0,0,0,0,0,15,15,15,0,0,0,0,0,15,15,15,0,0,0,0,0,0,15,15,0,0,0,0,0,0"
331,Stage1,21.68,,,,,,,,"15,0,4",,,
331,Stage2,21.68,19.44,,,,,,,"15,0,4",12,,
331,PowerOpt,21.68,19.44,19.43,,,,"130.65,32.08,26.25,19.11,13.37,7.46,5.80,5.43,3.91,2.25,1.97,1.83,1.52,1.15,0.54,0.48,0.41,0.28,0.24,0.22,0.12,0.11,0.10,0.09,0.08,0.06,0.05,0.03,0.03,0.03,0.03,0.03,0.02,0.02,0.02,0.02,0.02,0.02,0.01,0.01,0.01,0.01,0.01","2.79,0.19,0.01","15,0,4",12,,
331,Stage3,21.68,19.44,19.43,19.15,,,,,"15,0,4",12,15,
331,Stage3_PowerOpt,21.68,19.44,19.43,,19.15,,"28.18,12.06,6.97,4.95,3.42,2.34,1.94,1.39,0.75,0.54,0.39,0.30,0.22,0.17,0.13,0.05,0.04,0.03,0.02,0.02,0.01,0.01,0.01","2.45,0.50,0.04","15,0,4",12,15,
331,Stage4,21.68,19.44,19.43,,19.15,9.71;11.12;12.09;12.81;13.34;13.70;13.93;14.06;14.17;14.32;14.51;14.72;14.92;15.09;15.21;15.29;15.38;15.49;15.62;15.75;15.88;15.99;16.07;16.11;16.19;16.29;16.39;16.51;16.61;16.69;16.75;16.79;16.86;16.96;17.06;17.15;17.24;17.31;17.37;17.41;17.50;17.59;17.68;17.77;17.84;17.91;17.97;18.02;18.12;18.21,,,"15,0,4",12,15,"15,15,15,15,15,15,15,15,15,15,15,15,15,15,15,15,15,15,15,15,15,15,15,15,15,15,15,15,15,15,15,15,15,15,15,15,15,15,15,15,15,15,15,15,15,15,15,15,15,15"
332,Stage1,23.45,,,,,,,,15,,,
332,Stage2,23.45,16.94,,,,,,,15,12,,
332,PowerOpt,23.45,16.94,16.94,,,,"102.72,65.47,34.74,14.31,11.36,8.04,4.56,3.42,1.28,1.15,1.11,0.75,0.60,0.49,0.47,0.44,0.42,0.38,0.36,0.33,0.32,0.31,0.22,0.20,0.18,0.18,0.15,0.14,0.13,0.12,0.12,0.11,0.10,0.10,0.10,0.09,0.08,0.08,0.07,0.06,0.06,0.06,0.06,0.05,0.05,0.05,0.04,0.04,0.03,0.03,0.03,0.03,0.02,0.02,0.02,0.02,0.02,0.01,0.01,0.01",1.00,15,12,,
332,Stage3,23.45,16.94,16.94,17.01,,,,,15,12,7,
332,Stage3_PowerOpt,23.45,16.94,16.94,,17.01,,"12.68,11.44,5.58,4.15,2.71,2.59,2.42,2.21,2.15,2.00,1.41,1.36,1.29,1.09,1.02,0.91,0.84,0.79,0.76,0.65,0.58,0.53,0.47,0.43,0.38,0.35,0.33,0.31,0.27,0.24,0.23,0.22,0.20,0.18,0.16,0.15,0.13,0.12,0.10,0.08,0.08,0.07,0.06,0.05,0.04,0.03,0.03,0.03,0.02,0.02,0.02,0.01,0.01",1.00,15,12,7,
332,Stage4,23.45,16.94,16.94,,17.01,8.94;10.57;11.66;12.42;12.94;13.27;13.46;13.57;13.65;13.80;14.01;14.24;14.45;14.61;14.70;14.76;14.80;14.89;15.01;15.15;15.29;15.39;15.46;15.49;15.52;15.58;15.67;15.77;15.86;15.94;15.99;16.01;16.03;16.08;16.14;16.21,,,15,12,7,"7,7,7,7,7,7,7,7,7,7,7,7,7,7,7,7,7,7,7,7,7,7,7,7,7,7,7,7,7,7,7,7,7,7,7,7"
333,Stage1,22.96,,,,,,,,15,,,
333,Stage2,22.96,16.94,,,,,,,15,12,,
333,PowerOpt,22.96,16.94,16.94,,,,"114.92,43.30,35.25,12.46,11.28,10.56,5.50,4.26,4.16,3.08,2.53,1.64,1.07,0.80,0.64,0.57,0.52,0.32,0.24,0.19,0.19,0.18,0.17,0.16,0.15,0.15,0.12,0.10,0.10,0.09,0.09,0.08,0.08,0.07,0.07,0.06,0.06,0.05,0.05,0.05,0.05,0.04,0.04,0.04,0.03,0.03,0.03,0.03,0.02,0.02,0.02,0.02,0.02,0.02,0.02,0.01,0.01,0.01,0.01",1.00,15,12,,
333,Stage3,22.96,16.94,16.94,17.11,,,,,15,12,7,
333,Stage3_PowerOpt,22.96,16.94,16.94,,17.11,,"32.94,11.82,3.72,3.05,2.35,1.88,1.47,0.96,0.70,0.63,0.55,0.44,0.38,0.33,0.30,0.24,0.20,0.18,0.17,0.16,0.15,0.14,0.12,0.12,0.11,0.10,0.08,0.07,0.06,0.06,0.06,0.05,0.05,0.04,0.04,0.04,0.03,0.03,0.03,0.02,0.02,0.01,0.01,0.01,0.01,0.01",1.00,15,12,7,
333,Stage4,22.96,16.94,16.94,,17.11,8.75;10.44;11.53;12.29;12.83;13.20;13.45;13.62;13.70;13.85;14.05;14.27;14.47;14.63;14.75;14.83;14.89;14.98;15.10;15.23;15.35;15.46;15.54;15.59;15.63;15.70;15.78;15.87;15.96;16.03;16.08;16.12;16.15;16.20;16.27,,,15,12,7,"7,7,7,7,7,7,7,7,7,7,7,7,7,7,7,7,7,7,7,7,7,7,7,7,7,7,7,7,7,7,7,7,7,7,7"
334,Stage1,20.42,,,,,,,,15,,,
334,Stage2,20.42,16.94,,,,,,,15,12,,
334,PowerOpt,20.42,16.94,16.94,,,,"113.30,51.26,22.50,20.50,16.27,11.35,10.37,3.33,1.98,1.49,0.63,0.58,0.40,0.29,0.20,0.17,0.14,0.13,0.11,0.07,0.07,0.06,0.06,0.05,0.05,0.04,0.04,0.04,0.04,0.04,0.03,0.03,0.03,0.03,0.02,0.02,0.02,0.02,0.02,0.02,0.02,0.02,0.01,0.01,0.01",1.00,15,12,,
334,Stage3,20.42,16.94,16.94,17.01,,,,,15,12,7,
334,Stage3_PowerOpt,20.42,16.94,16.94,,17.01,,"24.39,10.67,5.18,4.83,4.35,2.08,1.81,1.75,1.16,0.84,0.66,0.59,0.54,0.50,0.44,0.40,0.38,0.33,0.31,0.29,0.28,0.25,0.21,0.18,0.17,0.15,0.14,0.13,0.11,0.10,0.09,0.08,0.08,0.06,0.06,0.05,0.05,0.04,0.04,0.04,0.03,0.03,0.02,0.02,0.01,0.01,0.01",1.00,15,12,7,
334,Stage4,20.42,16.94,16.94,,17.01,9.41;10.79;11.75;12.47;13.01;13.38;13.62;13.75;13.84;13.97;14.15;14.35;14.53;14.69;14.79;14.86;14.91;14.99;15.09;15.21;15.32;15.42;15.49;15.53;15.56;15.62;15.70;15.78;15.86;15.93;15.97;16.00;16.03;16.08;16.13;16.20,,,15,12,7,"7,7,7,7,7,7,7,7,7,7,7,7,7,7,7,7,7,7,7,7,7,7,7,7,7,7,7,7,7,7,7,7,7,7,7,7"
335,Stage1,21.02,,,,,,,,15,,,
335,Stage2,21.02,16.92,,,,,,,15,12,,
335,PowerOpt,21.02,16.92,16.92,,,,"115.95,46.60,32.21,20.70,13.69,12.44,6.06,2.54,1.74,1.01,0.70,0.39,0.25,0.24,0.22,0.12,0.11,0.09,0.08,0.08,0.07,0.06,0.06,0.05,0.04,0.04,0.04,0.04,0.03,0.03,0.03,0.03,0.03,0.02,0.02,0.02,0.02,0.02,0.02,0.01,0.01",1.00,15,12,,
335,Stage3,21.02,16.92,16.92,16.97,,,,,15,12,63,
335,Stage3_PowerOpt,21.02,16.92,16.92,,16.97,,"25.65,13.31,7.26,4.73,3.96,3.52,1.45,0.70,0.51,0.36,0.31,0.27,0.24,0.19,0.18,0.17,0.14,0.12,0.12,0.11,0.09,0.07,0.07,0.06,0.06,0.05,0.05,0.04,0.04,0.03,0.03,0.02,0.01,0.01,0.01,0.01",1.00,15,12,63,
335,Stage4,21.02,16.92,16.92,,16.97,10.25;11.56;12.36;12.91;13.28;13.51;13.65;13.72;13.85;14.03;14.24;14.43;14.60;14.72;14.79;14.83;14.89;14.99;15.10;15.23;15.33;15.42;15.47;15.50;15.54;15.60;15.68;15.76;15.84;15.91;15.95;15.98;16.00;16.04;16.10;16.16,,,15,12,63,"63,63,63,63,63,63,63,63,63,63,63,63,63,63,63,63,63,63,63,63,63,63,63,63,63,63,63,63,63,63,63,63,63,63,63,63"
336,Stage1,20.16,,,,,,,,15,,,
336,Stage2,20.16,16.93,,,,,,,15,12,,
336,PowerOpt,20.16,16.93,16.93,,,,"135.54,61.10,22.37,10.36,8.97,8.06,3.21,1.56,0.75,0.55,0.50,0.45,0.33,0.23,0.22,0.18,0.17,0.16,0.13,0.12,0.10,0.10,0.09,0.07,0.07,0.06,0.05,0.04,0.04,0.03,0.03,0.03,0.03,0.02,0.02,0.02,0.02,0.02,0.02,0.01,0.01,0.01,0.01,0.01",1.00,15,12,,
336,Stage3,20.16,16.93,16.93,17.13,,,,,15,12,63,
336,Stage3_PowerOpt,20.16,16.93,16.93,,17.13,,"30.00,13.62,6.81,2.63,2.43,2.00,0.96,0.88,0.67,0.56,0.52,0.44,0.33,0.30,0.24,0.22,0.19,0.15,0.13,0.12,0.11,0.09,0.08,0.07,0.06,0.05,0.05,0.04,0.04,0.03,0.03,0.02,0.02,0.02,0.01,0.01",1.00,15,12,63,
336,Stage4,20.16,16.93,16.93,,17.13,10.34;11.55;12.30;12.83;13.23;13.53;13.74;13.89;14.03;14.19;14.37;14.54;14.69;14.82;14.93;15.00;15.07;15.16;15.27;15.37;15.47;15.55;15.62;15.67;15.72;15.78;15.85;15.93;16.00;16.06;16.11;16.14;16.18;16.22;16.28;16.33,,,15,12,63,"63,63,63,63,63,63,63,63,63,63,63,63,63,63,63,63,63,63,63,63,63,63,63,63,63,63,63,63,63,63,63,63,63,63,63,63"
337,Stage1,21.31,,,,,,,,"15,4",,,
337,Stage2,21.31,18.65,,,,,,,"15,4",12,,
337,PowerOpt,21.31,18.65,18.65,,,,"208.61,24.03,16.21,2.39,1.88,0.98,0.47,0.43,0.37,0.10,0.09,0.07,0.05,0.03,0.02,0.02,0.02,0.02,0.02,0.02,0.01,0.01,0.01,0.01,0.01","1.98,0.02","15,4",12,,
337,Stage3,21.31,18.65,18.65,18.20,,,,,"15,4",12,63,
337,Stage3_PowerOpt,21.31,18.65,18.65,,18.20,,"48.45,5.77,4.44,1.79,0.64,0.45,0.39,0.32,0.26,0.22,0.21,0.17,0.12,0.10,0.09,0.08,0.07,0.06,0.05,0.04,0.04,0.04,0.03,0.03,0.02,0.02,0.02,0.02,0.01,0.01,0.01","1.93,0.07","15,4",12,63,
337,Stage4,21.31,18.65,18.65,,18.20,10.17;11.41;12.17;12.71;13.09;13.37;13.56;13.68;13.83;14.02;14.21;14.39;14.56;14.70;14.83;14.95;15.06;15.18;15.30;15.42;15.53;15.64;15.75;15.86;15.95;16.04;16.13;16.21;16.29;16.38;16.47;16.56;16.64;16.71;16.77;16.83;16.89;16.96;17.04;17.11;17.18;17.24;17.28;17.33,,,"15,4",12,63,"63,63,63,63,63,63,63,63,63,63,63,63,63,63,63,63,63,63,63,63,63,63,63,63,63,63,63,63,63,63,63,63,63,63,63,63,63,63,63,63,63,63,63,63"
338,Stage1,21.49,,,,,,,,"15,4",,,
338,Stage2,21.49,18.57,,,,,,,"15,4",12,,
338,PowerOpt,21.49,18.57,18.57,,,,"174.23,50.98,18.00,8.09,3.41,0.46,0.33,0.09,0.08,0.08,0.03,0.02,0.02,0.02,0.02,0.01,0.01,0.01","2.00,0.00","15,4",12,,
338,Stage3,21.49,18.57,18.57,17.52,,,,,"15,4",12,"55,8,55,8,55",
338,Stage3_PowerOpt,21.49,18.57,18.57,,17.52,,"42.60,13.99,4.25,2.00,0.89,0.13,0.08,0.02","2.00,0.00","15,4",12,"55,8,55,8,55",
338,Stage4,21.49,18.57,18.57,,17.52,9.94;11.16;11.94;12.49;12.91;13.21;13.43;13.58;13.72;13.89;14.08;14.26;14.43;14.57;14.67;14.75;14.83;14.92;15.03;15.15;15.25;15.35;15.42;15.47;15.52;15.59;15.66;15.74;15.82;15.89;15.94;15.98;16.01;16.06;16.12;16.18;16.23;16.28;16.32;16.35;16.38;16.42;16.46;16.50;16.54;16.58;16.61;16.63;16.65,,,"15,4",12,"55,8,55,8,55","55,55,55,55,55,55,55,55,55,55,55,55,55,55,55,55,55,55,55,55,55,55,55,55,55,55,55,55,55,55,55,55,55,55,55,55,55,55,55,55,55,55,55,55,55,55,55,55,55"
346,Stage1,26.16,,,,,,,,4,,,
346,Stage2,26.16,16.45,,,,,,,4,4,,
346,PowerOpt,26.16,16.45,16.45,,,,"183.04,68.71,3.82,0.23,0.12,0.04",1.00,4,4,,
346,Stage3,26.16,16.45,16.45,16.52,,,,,4,4,33,
346,Stage3_PowerOpt,26.16,16.45,16.45,,16.52,,"45.71,17.23,0.96,0.06,0.03",1.00,4,4,33,
346,Stage4,26.16,16.45,16.45,,16.52,7.91;10.90;11.64;12.19;12.61;12.96;13.25;13.50;13.70;13.84;13.96;14.07;14.17;14.28;14.39;14.50;14.61;14.69;14.76;14.82;14.89;14.95;15.02;15.09;15.16;15.22;15.27;15.32;15.36;15.40;15.45;15.51;15.56;15.61;15.65;15.68;15.72,,,4,4,33,"33,33,33,33,33,33,33,33,33,33,33,33,33,33,33,33,33,33,33,33,33,33,33,33,33,33,33,33,33,33,33,33,33,33,33,33,33"
347,Stage1,42.83,,,,,,,,4,,,
347,Stage2,42.83,16.32,,,,,,,4,4,,
347,PowerOpt,42.83,16.32,16.32,,,,"210.57,39.81,4.41,0.70,0.24,0.11,0.08,0.01",1.00,4,4,,
347,Stage3,42.83,16.32,16.32,16.38,,,,,4,4,33,
347,Stage3_PowerOpt,42.83,16.32,16.32,,16.38,,"52.73,9.91,1.09,0.16,0.06,0.03,0.02",1.00,4,4,33,
347,Stage4,42.83,16.32,16.32,,16.38,7.93;10.82;11.55;12.07;12.48;12.82;13.11;13.36;13.56;13.70;13.82;13.93;14.03;14.14;14.25;14.36;14.47;14.55;14.62;14.68;14.74;14.81;14.88;14.95;15.02;15.08;15.13;15.17;15.22;15.26;15.31;15.37;15.42;15.47;15.51;15.54;15.58,,,4,4,33,"33,33,33,33,33,33,33,33,33,33,33,33,33,33,33,33,33,33,33,33,33,33,33,33,33,33,33,33,33,33,33,33,33,33,33,33,33"
348,Stage1,36.39,,,,,,,,4,,,
348,Stage2,36.39,16.38,,,,,,,4,0,,
348,PowerOpt,36.39,16.38,16.38,,,,"194.34,50.23,7.70,2.00,0.82,0.40,0.22,0.10,0.05,0.03,0.02",1.00,4,0,,
348,Stage3,36.39,16.38,16.38,16.36,,,,,4,0,24,
348,Stage3_PowerOpt,36.39,16.38,16.38,,16.36,,"48.70,12.59,1.93,0.49,0.11,0.10,0.03,0.02",1.00,4,0,24,
348,Stage4,36.39,16.38,16.38,,16.36,8.10;10.68;11.46;12.02;12.45;12.80;13.08;13.32;13.51;13.65;13.78;13.89;14.00;14.11;14.22;14.33;14.43;14.51;14.58;14.65;14.71;14.78;14.85;14.92;14.99;15.04;15.09;15.14;15.19;15.24;15.29;15.34;15.39;15.43;15.47;15.51;15.55,,,4,0,24,"24,24,24,24,24,24,24,24,24,24,24,24,24,24,24,24,24,24,24,24,24,24,24,24,24,24,24,24,24,24,24,24,24,24,24,24,24"
349,Stage1,47.16,,,,,,,,0,,,
349,Stage2,47.16,16.49,,,,,,,0,0,,
349,PowerOpt,47.16,16.49,16.49,,,,"144.56,52.01,31.60,15.57,5.64,3.93,1.17,0.78,0.33,0.12,0.10,0.05,0.04,0.03,0.01",1.00,0,0,,
349,Stage3,47.16,16.49,16.49,16.39,,,,,0,0,32,
349,Stage3_PowerOpt,47.16,16.49,16.49,,16.39,,"37.91,13.62,8.28,1.72,1.47,0.45,0.30,0.09,0.08,0.03,0.01,0.01",1.00,0,0,32,
349,Stage4,47.16,16.49,16.49,,16.39,8.09;10.85;11.62;12.16;12.55;12.86;13.12;13.36;13.55;13.69;13.82;13.94;14.06;14.17;14.27;14.38;14.48;14.56;14.63;14.70;14.77;14.83;14.90;14.96;15.03;15.09;15.14;15.19;15.24;15.28;15.33;15.38;15.43;15.47;15.51;15.55;15.59,,,0,0,32,"32,32,32,32,32,32,32,32,32,32,32,32,32,32,32,32,32,32,32,32,32,32,32,32,32,32,32,32,32,32,32,32,32,32,32,32,32"
350,Stage1,46.55,,,,,,,,"0,9",,,
350,Stage2,46.55,25.84,,,,,,,"0,9",0,,
350,PowerOpt,46.55,25.84,25.84,,,,"188.61,52.13,5.64,2.45,2.19,1.95,0.90,0.66,0.31,0.20,0.17,0.14,0.13,0.12,0.07,0.07,0.06,0.04,0.03,0.03,0.02,0.01,0.01","1.95,0.05","0,9",0,,
350,Stage3,46.55,25.84,25.84,25.77,,,,,"0,9",0,"32,32,32,32,39",
350,Stage3_PowerOpt,46.55,25.84,25.84,,25.77,,"46.41,13.10,1.57,0.88,0.63,0.54,0.28,0.21,0.12,0.09,0.03,0.03,0.03,0.02,0.01","1.93,0.07","0,9",0,"32,32,32,32,39",
350,Stage4,46.55,25.84,25.84,,25.77,9.27;13.17;15.39;16.70;17.58;18.31;18.97;19.53;19.91;20.20;20.48;20.73;20.93;21.13;21.34;21.55;21.77;21.95;22.10;22.25;22.38;22.51;22.63;22.75;22.90;23.02;23.14;23.24;23.35;23.44;23.53;23.62;23.73;23.83;23.92;24.00;24.08;24.16;24.23;24.29;24.39;24.47;24.54,,,"0,9",0,"32,32,32,32,39","32,39,32,32,32,32,32,32,32,39,39,39,32,32,32,32,32,32,39,39,32,32,32,32,32,32,32,39,39,32,32,32,32,32,32,39,32,32,32,32,32,32,32"
351,Stage1,22.45,,,,,,,,12,,,
351,Stage2,22.45,16.95,,,,,,,12,12,,
351,PowerOpt,22.45,16.95,16.95,,,,"139.47,62.27,22.26,12.16,8.42,3.99,3.00,1.81,0.87,0.59,0.35,0.24,0.21,0.08,0.05,0.05,0.04,0.03,0.02,0.02,0.01,0.01",1.00,12,12,,
351,Stage3,22.45,16.95,16.95,16.99,,,,,12,12,39,
351,Stage3_PowerOpt,22.45,16.95,16.95,,16.99,,"32.83,15.15,6.99,3.39,2.51,1.11,0.83,0.54,0.22,0.15,0.11,0.06,0.02,0.02,0.01",1.00,12,12,39,
351,Stage4,22.45,16.95,16.95,,16.99,10.47;11.79;12.61;13.16;13.53;13.77;13.90;13.97;14.09;14.25;14.43;14.61;14.76;14.87;14.94;14.98;15.04;15.12;15.22;15.32;15.42;15.49;15.55;15.57;15.61;15.66;15.73;15.80;15.87;15.93;15.97;15.99;16.02;16.05;16.10;16.16,,,12,12,39,"39,39,39,39,39,39,39,39,39,39,39,39,39,39,39,39,39,39,39,39,39,39,39,39,39,39,39,39,39,39,39,39,39,39,39,39"
352,Stage1,22.97,,,,,,,,12,,,
352,Stage2,22.97,16.94,,,,,,,12,12,,
352,PowerOpt,22.97,16.94,16.94,,,,"150.90,64.25,17.24,10.87,6.15,2.34,1.76,1.41,0.67,0.18,0.05,0.04,0.03,0.02",1.00,12,12,,
352,Stage3,22.97,16.94,16.94,16.99,,,,,12,12,39,
352,Stage3_PowerOpt,22.97,16.94,16.94,,16.99,,"34.88,17.01,5.05,3.36,1.91,0.61,0.53,0.34,0.20,0.05,0.02,0.01",1.00,12,12,39,
352,Stage4,22.97,16.94,16.94,,16.99,10.54;11.83;12.62;13.15;13.50;13.72;13.84;13.90;14.03;14.20;14.39;14.57;14.72;14.83;14.90;14.93;14.99;15.08;15.18;15.29;15.39;15.47;15.51;15.54;15.58;15.63;15.70;15.78;15.85;15.91;15.95;15.98;16.00;16.04;16.09;16.15,,,12,12,39,"39,39,39,39,39,39,39,39,39,39,39,39,39,39,39,39,39,39,39,39,39,39,39,39,39,39,39,39,39,39,39,39,39,39,39,39"
353,Stage1,23.00,,,,,,,,"12,4,4",,,
353,Stage2,23.00,19.74,,,,,,,"12,4,4",0,,
353,PowerOpt,23.00,19.74,19.74,,,,"161.47,80.76,9.39,2.18,0.86,0.49,0.37,0.14,0.11,0.09,0.04,0.02,0.01","2.96,0.03,0.01","12,4,4",0,,
353,Stage3,23.00,19.74,19.74,19.69,,,,,"12,4,4",0,32,
353,Stage3_PowerOpt,23.00,19.74,19.74,,19.69,,"40.38,20.19,2.35,0.55,0.21,0.12,0.09,0.03,0.03,0.02","2.96,0.03,0.01","12,4,4",0,32,
353,Stage4,23.00,19.74,19.74,,19.69,10.37;11.63;12.44;13.06;13.51;13.84;14.08;14.28;14.50;14.76;15.04;15.29;15.50;15.68;15.82;15.94;16.08;16.23;16.39;16.54;16.68;16.80;16.90;17.00;17.10;17.20;17.31;17.42;17.53;17.62;17.70;17.77;17.85;17.93;18.01;18.10;18.18;18.26;18.33;18.39;18.45;18.51;18.58;18.65;18.72,,,"12,4,4",0,32,"32,32,32,32,32,32,32,32,32,32,32,32,32,32,32,32,32,32,32,32,32,32,32,32,32,32,32,32,32,32,32,32,32,32,32,32,32,32,32,32,32,32,32,32,32"
354,Stage1,42.74,,,,,,,,"4,9,0",,,
354,Stage2,42.74,33.00,,,,,,,"4,9,0",0,,
354,PowerOpt,42.74,33.00,33.00,,,,"190.88,56.15,6.04,1.30,0.47,0.41,0.36,0.15,0.08,0.05,0.04,0.02","2.94,0.05,0.01","4,9,0",0,,
354,Stage3,42.74,33.00,33.00,32.93,,,,,"4,9,0",0,32,
354,Stage3_PowerOpt,42.74,33.00,33.00,,32.93,,"47.74,14.02,1.51,0.33,0.12,0.10,0.09,0.04,0.02,0.01,0.01","2.94,0.05,0.01","4,9,0",0,32,
354,Stage4,42.74,33.00,33.00,,32.93,10.10;13.51;16.12;18.01;19.51;20.78;21.97;23.03;23.67;24.08;24.40;24.70;25.00;25.29;25.60;25.95;26.33;26.60;26.81;27.00;27.19;27.37;27.56;27.77;28.05;28.25;28.41;28.56;28.70;28.85;28.99;29.15;29.36;29.53;29.66;29.79;29.91;30.02;30.15;30.27;30.46;30.60;30.72;30.83;30.93;31.04;31.14;31.26;31.42,,,"4,9,0",0,32,"32,32,32,32,32,32,32,32,32,32,32,32,32,32,32,32,32,32,32,32,32,32,32,32,32,32,32,32,32,32,32,32,32,32,32,32,32,32,32,32,32,32,32,32,32,32,32,32,32"
355,Stage1,43.59,,,,,,,,"4,9",,,
355,Stage2,43.59,25.17,,,,,,,"4,9",0,,
355,PowerOpt,43.59,25.17,25.17,,,,"204.76,38.92,7.00,1.97,1.02,0.85,0.69,0.27,0.17,0.13,0.09,0.05,0.04,0.01","1.97,0.03","4,9",0,,
355,Stage3,43.59,25.17,25.17,25.12,,,,,"4,9",0,32,
355,Stage3_PowerOpt,43.59,25.17,25.17,,25.12,,"51.18,9.74,1.75,0.50,0.25,0.21,0.17,0.07,0.04,0.03,0.02,0.01","1.97,0.03","4,9",0,32,
355,Stage4,43.59,25.17,25.17,,25.12,9.29;12.71;14.70;16.01;17.01;17.77;18.45;19.07;19.43;19.71;19.93;20.14;20.35;20.55;20.76;20.99;21.18;21.34;21.48;21.60;21.73;21.85;21.98;22.12;22.25;22.37;22.46;22.55;22.64;22.74;22.83;22.93;23.04;23.13;23.21;23.28;23.34;23.42;23.50;23.58;23.67;23.75;23.82;23.88,,,"4,9",0,32,"32,32,32,32,32,32,32,32,32,32,32,32,32,32,32,32,32,32,32,32,32,32,32,32,32,32,32,32,32,32,32,32,32,32,32,32,32,32,32,32,32,32,32,32"
356,Stage1,43.85,,,,,,,,4,,,
356,Stage2,43.85,16.19,,,,,,,4,0,,
356,PowerOpt,43.85,16.19,16.19,,,,"173.10,56.02,16.58,6.28,2.44,0.68,0.37,0.21,0.09,0.07,0.04,0.03,0.03,0.01",1.00,4,0,,
356,Stage3,43.85,16.19,16.19,16.19,,,,,4,0,32,
356,Stage3_PowerOpt,43.85,16.19,16.19,,16.19,,"43.32,14.02,4.11,1.56,0.60,0.17,0.09,0.05,0.02,0.02",1.00,4,0,32,
356,Stage4,43.85,16.19,16.19,,16.19,8.16;10.67;11.43;11.94;12.34;12.66;12.93;13.18;13.37;13.51;13.63;13.75;13.85;13.96;14.07;14.18;14.28;14.36;14.43;14.50;14.56;14.63;14.69;14.77;14.83;14.89;14.94;14.99;15.03;15.08;15.13;15.18;15.24;15.28;15.32;15.35;15.39,,,4,0,32,"32,32,32,32,32,32,32,32,32,32,32,32,32,32,32,32,32,32,32,32,32,32,32,32,32,32,32,32,32,32,32,32,32,32,32,32,32"
357,Stage1,25.66,,,,,,,,12,,,
357,Stage2,25.66,16.86,,,,,,,12,12,,
357,PowerOpt,25.66,16.86,16.86,,,,"75.39,59.80,36.48,29.69,19.80,11.58,8.30,5.72,4.23,1.75,1.04,0.52,0.48,0.27,0.22,0.15,0.13,0.10,0.07,0.05,0.04,0.04,0.03,0.02,0.02,0.01,0.01",1.00,12,12,,
357,Stage3,25.66,16.86,16.86,16.88,,,,,12,12,39,
357,Stage3_PowerOpt,25.66,16.86,16.86,,16.88,,"21.02,12.50,9.62,7.86,4.36,2.81,2.10,1.52,0.93,0.46,0.28,0.13,0.12,0.07,0.06,0.04,0.03,0.02,0.02,0.01,0.01",1.00,12,12,39,
357,Stage4,25.66,16.86,16.86,,16.88,10.80;11.91;12.57;13.02;13.34;13.57;13.74;13.85;14.01;14.18;14.34;14.49;14.62;14.72;14.80;14.86;14.94;15.03;15.12;15.21;15.29;15.36;15.41;15.45;15.51;15.57;15.63;15.69;15.75;15.80;15.84;15.87;15.91;15.96;16.00;16.05,,,12,12,39,"39,39,39,39,39,39,39,39,39,39,39,39,39,39,39,39,39,39,39,39,39,39,39,39,39,39,39,39,39,39,39,39,39,39,39,39"
358,Stage1,22.82,,,,,,,,0,,,
358,Stage2,22.82,16.67,,,,,,,0,12,,
358,PowerOpt,22.82,16.67,16.67,,,,"112.19,59.62,27.96,20.83,17.25,7.42,2.97,2.83,1.76,0.90,0.67,0.51,0.26,0.18,0.14,0.10,0.06,0.06,0.04,0.03,0.03,0.03,0.02,0.02,0.02,0.01,0.01",1.00,0,12,,
358,Stage3,22.82,16.67,16.67,16.70,,,,,0,12,39,
358,Stage3_PowerOpt,22.82,16.67,16.67,,16.70,,"24.37,14.55,8.76,6.05,5.47,1.84,0.90,0.68,0.50,0.25,0.17,0.15,0.07,0.05,0.04,0.03,0.02,0.02,0.01",1.00,0,12,39,
358,Stage4,22.82,16.67,16.67,,16.70,9.88;11.36;12.29;12.91;13.30;13.52;13.64;13.70;13.79;13.94;14.14;14.33;14.50;14.61;14.67;14.70;14.74;14.81;14.92;15.04;15.14;15.22;15.26;15.29;15.31;15.36;15.43;15.51;15.59;15.65;15.68;15.70;15.72;15.75;15.80;15.87,,,0,12,39,"39,39,39,39,39,39,39,39,39,39,39,39,39,39,39,39,39,39,39,39,39,39,39,39,39,39,39,39,39,39,39,39,39,39,39,39"
359,Stage1,35.01,,,,,,,,"0,8,0",,,
359,Stage2,35.01,31.42,,,,,,,"0,8,0",0,,
359,PowerOpt,35.01,31.42,31.42,,,,"178.64,62.96,11.58,1.61,0.99,0.10,0.05,0.03","2.98,0.02,0.00","0,8,0",0,,
359,Stage3,35.01,31.42,31.42,31.37,,,,,"0,8,0",0,32,
359,Stage3_PowerOpt,35.01,31.42,31.42,,31.37,,"44.70,15.71,2.88,0.40,0.25,0.03,0.01","2.98,0.02,0.00","0,8,0",0,32,
359,Stage4,35.01,31.42,31.42,,31.37,12.13;17.11;18.85;19.93;20.74;21.47;22.15;22.80;23.23;23.66;24.00;24.30;24.58;24.89;25.18;25.51;25.77;26.02;26.22;26.40;26.58;26.76;26.94;27.16;27.36;27.54;27.68;27.81;27.94;28.07;28.20;28.38;28.53;28.67;28.78;28.88;28.98;29.08;29.19;29.32;29.46;29.56;29.65;29.75;29.83,,,"0,8,0",0,32,"32,32,32,32,32,32,32,32,32,32,32,32,32,32,32,32,32,32,32,32,32,32,32,32,32,32,32,32,32,32,32,32,32,32,32,32,32,32,32,32,32,32,32,32,32"
360,Stage1,33.37,,,,,,,,"0,8",,,
360,Stage2,33.37,26.29,,,,,,,"0,8",0,,
360,PowerOpt,33.37,26.29,26.29,,,,"193.42,48.41,10.97,2.15,0.62,0.27,0.05,0.03,0.02","2.00,0.00","0,8",0,,
360,Stage3,33.37,26.29,26.29,26.26,,,,,"0,8",0,32,
360,Stage3_PowerOpt,33.37,26.29,26.29,,26.26,,"48.36,12.11,2.74,0.53,0.15,0.07,0.01","2.00,0.00","0,8",0,32,
360,Stage4,33.37,26.29,26.29,,26.26,11.17;15.51;17.04;18.05;18.82;19.40;19.86;20.22;20.53;20.86;21.14;21.40;21.64;21.86;22.05;22.22;22.38;22.56;22.72;22.88;23.02;23.16;23.28;23.39;23.51;23.63;23.74;23.85;23.96;24.06;24.14;24.23;24.32;24.41;24.50;24.58;24.66;24.74;24.81;24.88;24.95,,,"0,8",0,32,"32,32,32,32,32,32,32,32,32,32,32,32,32,32,32,32,32,32,32,32,32,32,32,32,32,32,32,32,32,32,32,32,32,32,32,32,32,32,32,32,32"
368,Stage1,32.55,,,,,,,,"0,15,4",,,
368,Stage2,32.55,27.26,,,,,,,"0,15,4",0,,
368,PowerOpt,32.55,27.26,27.26,,,,"157.84,54.92,19.12,12.17,6.28,2.69,1.02,0.45,0.41,0.28,0.23,0.13,0.11,0.07,0.05,0.05,0.04,0.03,0.01,0.01","2.95,0.05,0.00","0,15,4",0,,
368,Stage3,32.55,27.26,27.26,24.67,,,,,"0,15,4",0,"8,57,15,57,15",
368,Stage3_PowerOpt,32.55,27.26,27.26,,24.67,,"38.75,14.91,4.66,2.83,1.43,0.74,0.25,0.12,0.11,0.07,0.05,0.02,0.02","2.95,0.05,0.00","0,15,4",0,"8,57,15,57,15",
368,Stage4,32.55,27.26,27.26,,24.67,8.56;10.43;11.98;13.74;14.64;15.62;16.16;16.56;16.94;17.19;17.60;18.04;18.42;18.73;18.97;19.24;19.47;19.67;19.85;20.08;20.31;20.52;20.71;20.88;21.03;21.17;21.31;21.46;21.63;21.80;21.95;22.09;22.21;22.32;22.43;22.54;22.66;22.79;22.91;23.03;23.13;23.23;23.33;23.42;23.53,,,"0,15,4",0,"8,57,15,57,15","15,15,57,15,15,57,57,57,57,57,15,15,15,15,15,57,57,57,57,15,15,15,57,57,57,57,15,15,15,15,15,57,57,57,15,15,15,15,15,57,57,57,57,57,15"
369,Stage1,29.66,,,,,,,,"0,8",,,
369,Stage2,29.66,23.64,,,,,,,"0,8",0,,
369,PowerOpt,29.66,23.64,23.64,,,,"185.11,33.36,29.76,2.54,2.36,0.93,0.82,0.38,0.16,0.11,0.08,0.07,0.06,0.05,0.04,0.02,0.02,0.01,0.01,0.01","1.99,0.01","0,8",0,,
369,Stage3,29.66,23.64,23.64,22.59,,,,,"0,8",0,"0,15,0,15,0",
369,Stage3_PowerOpt,29.66,23.64,23.64,,22.59,,"46.77,8.23,7.37,0.63,0.53,0.20,0.12,0.05,0.02,0.02,0.01","2.00,0.00","0,8",0,"0,15,0,15,0",
369,Stage4,29.66,23.64,23.64,,22.59,9.71;11.11;12.85;13.82;14.67;15.32;15.77;16.11;16.46;16.79;17.17;17.53;17.83;18.05;18.23;18.40;18.60;18.77;18.99;19.21;19.41;19.56;19.68;19.80;19.94;20.05;20.19;20.34;20.48;20.59;20.68;20.77;20.87;20.96;21.05;21.17;21.27;21.36;21.43;21.51,,,"0,8",0,"0,15,0,15,0","15,0,15,0,15,0,0,0,0,15,15,15,15,0,0,0,0,0,15,15,15,15,0,0,0,0,15,15,15,0,0,0,0,0,15,15,15,0,0,0"
370,Stage1,23.53,,,,,,,,15,,,
370,Stage2,23.53,16.92,,,,,,,15,12,,
370,PowerOpt,23.53,16.92,16.92,,,,"85.52,41.79,32.15,18.32,15.12,12.16,6.84,5.84,5.59,4.51,3.25,2.96,2.79,2.25,1.70,1.38,1.28,1.25,0.95,0.94,0.70,0.61,0.58,0.56,0.54,0.51,0.50,0.47,0.45,0.43,0.37,0.35,0.33,0.30,0.30,0.20,0.18,0.16,0.15,0.14,0.13,0.13,0.12,0.11,0.10,0.09,0.09,0.08,0.07,0.07,0.06,0.06,0.05,0.05,0.04,0.03,0.03,0.03,0.03,0.02,0.02,0.02,0.02,0.01,0.01,0.01",1.00,15,12,,
370,Stage3,23.53,16.92,16.92,17.08,,,,,15,12,15,
370,Stage3_PowerOpt,23.53,16.92,16.92,,17.08,,"22.34,14.01,8.86,3.99,3.57,2.43,1.76,1.31,1.29,1.14,0.52,0.39,0.34,0.31,0.25,0.23,0.18,0.12,0.11,0.10,0.10,0.09,0.07,0.06,0.06,0.05,0.05,0.04,0.03,0.02,0.02,0.02,0.02,0.02,0.01,0.01,0.01",1.00,15,12,15,
370,Stage4,23.53,16.92,16.92,,17.08,9.62;11.10;12.08;12.77;13.25;13.57;13.75;13.84;13.93;14.07;14.27;14.48;14.67;14.82;14.91;14.95;14.99;15.07;15.19;15.32;15.44;15.53;15.59;15.62;15.65;15.70;15.78;15.88;15.96;16.03;16.07;16.09;16.12;16.16;16.22;16.29,,,15,12,15,"15,15,15,15,15,15,15,15,15,15,15,15,15,15,15,15,15,15,15,15,15,15,15,15,15,15,15,15,15,15,15,15,15,15,15,15"
371,Stage1,24.93,,,,,,,,"15,0,7",,,
371,Stage2,24.93,21.05,,,,,,,"15,0,7",12,,
371,PowerOpt,24.93,21.05,21.05,,,,"157.00,32.68,20.75,17.63,9.26,4.55,3.00,2.24,1.72,1.50,1.18,1.02,0.83,0.67,0.30,0.22,0.20,0.15,0.11,0.10,0.10,0.09,0.08,0.07,0.06,0.05,0.04,0.03,0.03,0.03,0.02,0.02,0.02,0.02,0.02,0.02,0.02,0.01,0.01,0.01,0.01","2.89,0.10,0.02","15,0,7",12,,
371,Stage3,24.93,21.05,21.05,21.11,,,,,"15,0,7",12,15,
371,Stage3_PowerOpt,24.93,21.05,21.05,,21.11,,"27.99,13.37,6.17,5.60,3.24,2.32,1.80,1.39,0.48,0.38,0.30,0.20,0.17,0.12,0.11,0.08,0.06,0.05,0.04,0.03,0.03,0.02,0.01,0.01","2.50,0.42,0.08","15,0,7",12,15,
371,Stage4,24.93,21.05,21.05,,21.11,9.63;10.85;11.70;12.37;12.95;13.52;14.00;14.40;14.71;14.95;15.14;15.35;15.57;15.82;16.07;16.30;16.47;16.60;16.72;16.85;17.01;17.18;17.36;17.54;17.63;17.71;17.79;17.90;18.04;18.19;18.35;18.50;18.55;18.60;18.68;18.79;18.92;19.05;19.18;19.31;19.35;19.40;19.49;19.59;19.70;19.81;19.92;20.02;20.05;20.12,,,"15,0,7",12,15,"15,15,15,15,15,15,15,15,15,15,15,15,15,15,15,15,15,15,15,15,15,15,15,15,15,15,15,15,15,15,15,15,15,15,15,15,15,15,15,15,15,15,15,15,15,15,15,15,15,15"
372,Stage1,20.48,,,,,,,,15,,,
372,Stage2,20.48,16.94,,,,,,,15,12,,
372,PowerOpt,20.48,16.94,16.94,,,,"81.54,46.68,33.92,23.58,17.53,13.55,8.11,6.43,5.62,3.97,3.04,2.42,1.43,0.95,0.80,0.77,0.63,0.55,0.52,0.37,0.35,0.35,0.25,0.24,0.21,0.19,0.17,0.15,0.13,0.13,0.10,0.09,0.09,0.08,0.08,0.07,0.07,0.07,0.06,0.06,0.05,0.05,0.05,0.04,0.04,0.03,0.03,0.03,0.03,0.02,0.02,0.02,0.02,0.02,0.02,0.02,0.01,0.01,0.01,0.01,0.01",1.00,15,12,,
372,Stage3,20.48,16.94,16.94,16.94,,,,,15,12,7,
372,Stage3_PowerOpt,20.48,16.94,16.94,,16.94,,"30.64,15.13,4.95,2.42,2.05,1.33,1.19,0.99,0.82,0.51,0.46,0.44,0.39,0.34,0.28,0.24,0.21,0.18,0.15,0.14,0.12,0.11,0.11,0.09,0.08,0.07,0.07,0.06,0.06,0.04,0.03,0.03,0.03,0.03,0.02,0.02,0.02,0.02,0.02,0.02,0.01,0.01,0.01,0.01",1.00,15,12,7,
372,Stage4,20.48,16.94,16.94,,16.94,10.43;11.60;12.31;12.81;13.17;13.42;13.60;13.72;13.87;14.04;14.21;14.38;14.53;14.65;14.75;14.81;14.88;14.98;15.08;15.18;15.28;15.36;15.42;15.47;15.52;15.58;15.65;15.72;15.79;15.85;15.90;15.93;15.97;16.01;16.07;16.12,,,15,12,7,"7,7,7,7,7,7,7,7,7,7,7,7,7,7,7,7,7,7,7,7,7,7,7,7,7,7,7,7,7,7,7,7,7,7,7,7"
373,Stage1,22.08,,,,,,,,15,,,
373,Stage2,22.08,16.94,,,,,,,15,12,,
373,PowerOpt,22.08,16.94,16.94,,,,"164.91,47.10,24.89,6.45,4.22,1.72,1.36,1.21,1.08,0.79,0.58,0.53,0.26,0.16,0.12,0.10,0.09,0.07,0.05,0.04,0.02,0.02,0.02,0.02,0.02,0.01,0.01",1.00,15,12,,
373,Stage3,22.08,16.94,16.94,17.12,,,,,15,12,7,
373,Stage3_PowerOpt,22.08,16.94,16.94,,17.12,,"42.89,12.39,6.26,1.03,0.41,0.27,0.21,0.10,0.07,0.05,0.04,0.04,0.03,0.03,0.02,0.02,0.02,0.02,0.01,0.01",1.00,15,12,7,
373,Stage4,22.08,16.94,16.94,,17.12,10.83;11.92;12.56;13.00;13.32;13.55;13.72;13.84;14.02;14.21;14.38;14.55;14.69;14.80;14.89;14.96;15.05;15.15;15.25;15.35;15.45;15.53;15.59;15.64;15.70;15.76;15.83;15.90;15.97;16.03;16.08;16.12;16.16;16.21;16.26;16.31,,,15,12,7,"7,7,7,7,7,7,7,7,7,7,7,7,7,7,7,7,7,7,7,7,7,7,7,7,7,7,7,7,7,7,7,7,7,7,7,7"
374,Stage1,22.90,,,,,,,,15,,,
374,Stage2,22.90,16.91,,,,,,,15,15,,
374,PowerOpt,22.90,16.91,16.91,,,,"178.51,38.78,15.68,10.46,4.45,2.07,1.42,1.30,0.77,0.58,0.45,0.17,0.15,0.13,0.11,0.09,0.08,0.08,0.07,0.06,0.05,0.04,0.04,0.03,0.03,0.03,0.03,0.03,0.02,0.02,0.02,0.02,0.02,0.02,0.01,0.01,0.01,0.01,0.01,0.01",1.00,15,15,,
374,Stage3,22.90,16.91,16.91,17.09,,,,,15,15,7,
374,Stage3_PowerOpt,22.90,16.91,16.91,,17.09,,"34.79,7.60,4.99,2.90,1.69,1.33,1.24,1.11,0.90,0.65,0.60,0.55,0.51,0.47,0.42,0.39,0.37,0.35,0.30,0.26,0.23,0.21,0.20,0.18,0.17,0.15,0.14,0.13,0.13,0.11,0.10,0.10,0.09,0.08,0.07,0.06,0.05,0.05,0.05,0.04,0.04,0.03,0.03,0.02,0.02,0.02,0.01,0.01,0.01",1.00,15,15,7,
374,Stage4,22.90,16.91,16.91,,17.09,10.01;11.34;12.18;12.78;13.21;13.51;13.71;13.84;13.95;14.11;14.30;14.48;14.65;14.78;14.88;14.94;15.00;15.09;15.20;15.31;15.42;15.50;15.57;15.61;15.65;15.71;15.79;15.87;15.95;16.01;16.05;16.08;16.12;16.16;16.22;16.28,,,15,15,7,"7,7,7,7,7,7,7,7,7,7,7,7,7,7,7,7,7,7,7,7,7,7,7,7,7,7,7,7,7,7,7,7,7,7,7,7"
375,Stage1,22.20,,,,,,,,15,,,
375,Stage2,22.20,16.94,,,,,,,15,15,,
375,PowerOpt,22.20,16.94,16.94,,,,"134.88,55.72,27.61,10.72,8.55,8.04,6.33,1.65,0.39,0.20,0.16,0.15,0.13,0.12,0.11,0.10,0.09,0.09,0.08,0.07,0.07,0.07,0.06,0.05,0.05,0.04,0.04,0.03,0.03,0.03,0.03,0.02,0.02,0.02,0.02,0.02,0.02,0.02,0.01,0.01,0.01",1.00,15,15,,
375,Stage3,22.20,16.94,16.94,16.88,,,,,15,15,63,
375,Stage3_PowerOpt,22.20,16.94,16.94,,16.88,,"29.14,16.07,5.79,3.05,2.51,1.80,1.41,0.45,0.40,0.37,0.32,0.30,0.24,0.21,0.19,0.17,0.17,0.15,0.14,0.12,0.11,0.09,0.08,0.08,0.07,0.07,0.07,0.05,0.05,0.04,0.03,0.03,0.03,0.02,0.02,0.02,0.02,0.01,0.01,0.01,0.01",1.00,15,15,63,
375,Stage4,22.20,16.94,16.94,,16.88,10.77;11.85;12.48;12.91;13.21;13.42;13.57;13.68;13.86;14.05;14.23;14.39;14.52;14.63;14.72;14.78;14.86;14.96;15.07;15.17;15.26;15.33;15.39;15.44;15.49;15.55;15.62;15.69;15.76;15.82;15.87;15.90;15.94;15.98;16.03;16.08,,,15,15,63,"63,63,63,63,63,63,63,63,63,63,63,63,63,63,63,63,63,63,63,63,63,63,63,63,63,63,63,63,63,63,63,63,63,63,63,63"
376,Stage1,19.99,,,,,,,,15,,,
376,Stage2,19.99,16.94,,,,,,,15,15,,
376,PowerOpt,19.99,16.94,16.94,,,,"88.77,74.61,40.66,16.50,9.24,8.72,6.88,3.10,2.07,0.90,0.76,0.61,0.46,0.24,0.23,0.22,0.18,0.17,0.16,0.15,0.14,0.13,0.10,0.09,0.08,0.07,0.06,0.06,0.05,0.05,0.05,0.05,0.04,0.03,0.03,0.03,0.02,0.02,0.02,0.02,0.02,0.02,0.02,0.02,0.01,0.01,0.01,0.01,0.01",1.00,15,15,,
376,Stage3,19.99,16.94,16.94,17.10,,,,,15,15,63,
376,Stage3_PowerOpt,19.99,16.94,16.94,,17.10,,"22.76,14.76,10.23,3.39,2.47,1.89,1.80,1.25,0.94,0.65,0.52,0.44,0.39,0.33,0.27,0.22,0.21,0.17,0.15,0.15,0.13,0.10,0.09,0.08,0.08,0.07,0.05,0.05,0.05,0.04,0.04,0.03,0.03,0.03,0.02,0.02,0.02,0.01,0.01",1.00,15,15,63,
376,Stage4,19.99,16.94,16.94,,17.10,10.41;11.58;12.28;12.77;13.12;13.38;13.56;13.69;13.86;14.05;14.24;14.42;14.57;14.70;14.80;14.87;14.96;15.06;15.17;15.28;15.38;15.47;15.54;15.59;15.65;15.72;15.79;15.87;15.95;16.01;16.06;16.10;16.14;16.19;16.24;16.30,,,15,15,63,"63,63,63,63,63,63,63,63,63,63,63,63,63,63,63,63,63,63,63,63,63,63,63,63,63,63,63,63,63,63,63,63,63,63,63,63"
